ATTEMPT_INDEX	PARENT_V7_ORDINAL	CHECKPOINT_ROLE	DEPTH_DELTA	CHILD_U_OFFSET	CHILD_S_OFFSET	NODE_ID	CARRIER	STATUS	WORKER_RC	ELAPSED_MS	INPUT_SHA256	RUN_CHALLENGE	ATTEMPT_BINDING	STDOUT_SHA256	STDERR_SHA256	SUMMARY_SHA256	C1_ORIENTATION_UNRESOLVED	C2_HULL_ORIENTATION_UNRESOLVED	EVENT1_CHARTS_CERTIFIED	EVENT2_CHARTS_CERTIFIED	HOMOGENEOUS_COMPUTATION_VALID	CERTIFICATE_PASS	PROBE_PASS
1	23	MASKED_TARGET	4	0	0	U07-0000000096_S08-0000000160	C0HORect2Set	DESCENDANT_PROBE_PASS	0	17436	a53f767d8dcaaabc7de2abb33da363b4ab2d3cd3ce2c251bcd7d5c98d61efbb3	a8211f852fabaa58576907f61497745db41be6e26e4acee65e116526cd115ee4	5342d57fa104a613c256c3208b22fa2d310d4ab6d0bed62c0a84bf3e57547069	13476d873223e13c4378cfbfa84daa482c310dc7cb8d38a27f97dce47b9d2fe3	e3b0c44298fc1c149afbf4c8996fb92427ae41e4649b934ca495991b7852b855	bea46ab4cf4adbeda551b0c6acc48c6474aa0a07a2c563bba580618b66d2c36b	true	true	true	true	true	false	true
2	23	MASKED_TARGET	4	0	0	U07-0000000096_S08-0000000160	C0Rect2Set	DESCENDANT_PROBE_PASS	0	16679	a53f767d8dcaaabc7de2abb33da363b4ab2d3cd3ce2c251bcd7d5c98d61efbb3	a8211f852fabaa58576907f61497745db41be6e26e4acee65e116526cd115ee4	0145cfd315eaf28a8d49f807b7d6218568a8d2f3cc959e2e210e1da6f940e1a5	76aaf79612a6bcd51de3b00663ef99bb57ad3f762ed371cbfc8db3b84c93923e	e3b0c44298fc1c149afbf4c8996fb92427ae41e4649b934ca495991b7852b855	bea46ab4cf4adbeda551b0c6acc48c6474aa0a07a2c563bba580618b66d2c36b	true	true	true	true	true	false	true
3	23	MASKED_TARGET	4	0	1	U07-0000000096_S08-0000000161	C0HORect2Set	DESCENDANT_PROBE_PASS	0	17440	187b000fa5ae3f9996ed10a3fcd678f2ddf8e3cc31d4c80020b42ddaac747d23	5e397f6ea7f34ace020adefcfcbbf410abc66547081a743c757ba5b3e0940ffb	f0727ebec59227678450e1a68f67c8030ca4456c35e5891e3e58b0305d99559c	53f5ec0479c630e3972b950f331138adfd638da9903c590341c4eb75651513e0	e3b0c44298fc1c149afbf4c8996fb92427ae41e4649b934ca495991b7852b855	bea46ab4cf4adbeda551b0c6acc48c6474aa0a07a2c563bba580618b66d2c36b	true	true	true	true	true	false	true
4	23	MASKED_TARGET	4	0	1	U07-0000000096_S08-0000000161	C0Rect2Set	DESCENDANT_PROBE_PASS	0	16697	187b000fa5ae3f9996ed10a3fcd678f2ddf8e3cc31d4c80020b42ddaac747d23	5e397f6ea7f34ace020adefcfcbbf410abc66547081a743c757ba5b3e0940ffb	52b3e8bbccb368d7d8560b0c54461e0659df35ada7493a9455279ff242774f2c	0979f31ae85e1a2190e7c0aff06ca419aa53b28399d1f484a3e989126bf1fb60	e3b0c44298fc1c149afbf4c8996fb92427ae41e4649b934ca495991b7852b855	bea46ab4cf4adbeda551b0c6acc48c6474aa0a07a2c563bba580618b66d2c36b	true	true	true	true	true	false	true
5	23	MASKED_TARGET	4	0	2	U07-0000000096_S08-0000000162	C0HORect2Set	DESCENDANT_PROBE_PASS	0	17411	bbde9977d55ecd43ed766e9557aa3d62e2a29ac2df083876c77b03788ffd7330	759f12905663b3ffeb0b8da82f53795591005b20b35d51565b95a2f1bd4e7d6a	21e1d89880ff4c52b9110f29a45e709986bb019b401793b3414ee4e6656561cf	993a54b4aec6437420e73099e4493354fac303187aca1bc3694639624126a8c7	e3b0c44298fc1c149afbf4c8996fb92427ae41e4649b934ca495991b7852b855	bea46ab4cf4adbeda551b0c6acc48c6474aa0a07a2c563bba580618b66d2c36b	true	true	true	true	true	false	true
6	23	MASKED_TARGET	4	0	2	U07-0000000096_S08-0000000162	C0Rect2Set	DESCENDANT_PROBE_PASS	0	16712	bbde9977d55ecd43ed766e9557aa3d62e2a29ac2df083876c77b03788ffd7330	759f12905663b3ffeb0b8da82f53795591005b20b35d51565b95a2f1bd4e7d6a	d438e89fd1941a3b6973df2cd0ebd1336e3fa1d3551a6382c04cbb9c9fb7e217	a9bb094ad10583fffe8eb857173098f7cdaae6c487bd3294862da66a620c2833	e3b0c44298fc1c149afbf4c8996fb92427ae41e4649b934ca495991b7852b855	bea46ab4cf4adbeda551b0c6acc48c6474aa0a07a2c563bba580618b66d2c36b	true	true	true	true	true	false	true
7	23	MASKED_TARGET	4	0	3	U07-0000000096_S08-0000000163	C0HORect2Set	DESCENDANT_PROBE_PASS	0	17379	8b598bc82c9b9b0777a34af1d18e4724d553837f707f62bdb3c57dddbd32a10f	8f48b0345c70e0d20ebd64753bf0b932278c3b3157fff72420bee2ffb901cbfc	3169598559a4ccbdc5284d90dedba828ed4c4199bc7b5c054ab8d52c4aaaa45e	d2cb10eec437700630184bdbd5fd576910631086e7a7552b9cd557c2b66d10ce	e3b0c44298fc1c149afbf4c8996fb92427ae41e4649b934ca495991b7852b855	bea46ab4cf4adbeda551b0c6acc48c6474aa0a07a2c563bba580618b66d2c36b	true	true	true	true	true	false	true
8	23	MASKED_TARGET	4	0	3	U07-0000000096_S08-0000000163	C0Rect2Set	DESCENDANT_PROBE_PASS	0	16696	8b598bc82c9b9b0777a34af1d18e4724d553837f707f62bdb3c57dddbd32a10f	8f48b0345c70e0d20ebd64753bf0b932278c3b3157fff72420bee2ffb901cbfc	b7228f2bf75d59b6b4db0f20a3599621843669dfd7b4472834daa87801d2cf80	05ba502cf6af364ff4cde70ec270d961722c320f8f67e0d050b3612fe5b7c7f6	e3b0c44298fc1c149afbf4c8996fb92427ae41e4649b934ca495991b7852b855	bea46ab4cf4adbeda551b0c6acc48c6474aa0a07a2c563bba580618b66d2c36b	true	true	true	true	true	false	true
9	23	MASKED_TARGET	4	0	4	U07-0000000096_S08-0000000164	C0HORect2Set	DESCENDANT_PROBE_PASS	0	17416	e5ee05013dc9946bf1996eef21fd519b85ef7b877a5a06570a3123a3faae2933	0d4e31ef99ae107efb7eb661dfcb812ecd4eadf1bba621e0b0e0ae16edd8cc7f	ef276fff895a6d4d8bb4e6d8cc1fc1325cade1ae75364060af2a11057730d166	41ccb8d92b52db4370e0f6dffce4c34a5e4cf0493b119a864bba4ece7c5fbf02	e3b0c44298fc1c149afbf4c8996fb92427ae41e4649b934ca495991b7852b855	bea46ab4cf4adbeda551b0c6acc48c6474aa0a07a2c563bba580618b66d2c36b	true	true	true	true	true	false	true
10	23	MASKED_TARGET	4	0	4	U07-0000000096_S08-0000000164	C0Rect2Set	DESCENDANT_PROBE_PASS	0	16711	e5ee05013dc9946bf1996eef21fd519b85ef7b877a5a06570a3123a3faae2933	0d4e31ef99ae107efb7eb661dfcb812ecd4eadf1bba621e0b0e0ae16edd8cc7f	0067f4dd924f973d8ac1bfa997e574fd091cdca18735065bf50371887f8ba305	87196bafe5f9c65a852e418c07cb77c7fcdcd1021d84d7fdb84c6c31d83aade0	e3b0c44298fc1c149afbf4c8996fb92427ae41e4649b934ca495991b7852b855	bea46ab4cf4adbeda551b0c6acc48c6474aa0a07a2c563bba580618b66d2c36b	true	true	true	true	true	false	true
11	23	MASKED_TARGET	4	0	5	U07-0000000096_S08-0000000165	C0HORect2Set	DESCENDANT_PROBE_PASS	0	17404	3ba4f893bdf8b31e860d1f8cd06db9c7e68fefee1ee4c0fb66332cdb9f7df0c0	c8e7f8844ddc7f59c41ca7f11f98dcbf012e4645977d113ba2568e6ce7c107ea	5e30377f4e53960fef553e1e726a11594e4e819fc263ab4765ebd3b1986bbb9b	6bfa9080bb24b90eae696109d5b977caba77882dc554a021aea14a60fd4677ec	e3b0c44298fc1c149afbf4c8996fb92427ae41e4649b934ca495991b7852b855	bea46ab4cf4adbeda551b0c6acc48c6474aa0a07a2c563bba580618b66d2c36b	true	true	true	true	true	false	true
12	23	MASKED_TARGET	4	0	5	U07-0000000096_S08-0000000165	C0Rect2Set	DESCENDANT_PROBE_PASS	0	16712	3ba4f893bdf8b31e860d1f8cd06db9c7e68fefee1ee4c0fb66332cdb9f7df0c0	c8e7f8844ddc7f59c41ca7f11f98dcbf012e4645977d113ba2568e6ce7c107ea	97f7ea98b347b9fa20e93a85b414373c8407c386c19c8f4710ea5dadbffe350c	fae5453f9780d58af9f5e5a56883554cd1fffd55a142d77a9f3374ae84ee2b46	e3b0c44298fc1c149afbf4c8996fb92427ae41e4649b934ca495991b7852b855	bea46ab4cf4adbeda551b0c6acc48c6474aa0a07a2c563bba580618b66d2c36b	true	true	true	true	true	false	true
13	23	MASKED_TARGET	4	0	6	U07-0000000096_S08-0000000166	C0HORect2Set	DESCENDANT_PROBE_PASS	0	17452	404f5f8e96592aa19981fd1c044b7b7e3783bc3c9fa5e715ba25b5a72f681b6e	e7db5e9b295599342d65a3219aebb65f2a93d5057a756c95ab7520083864f883	72e55cc155728e6e7f0c9e28cc52532e4a19b355b85f3160952ac0268aa979e9	7f661cffba694ae3956335afa5efadd322e7efabb058759f2ed4b9e5e0f4e0d9	e3b0c44298fc1c149afbf4c8996fb92427ae41e4649b934ca495991b7852b855	bea46ab4cf4adbeda551b0c6acc48c6474aa0a07a2c563bba580618b66d2c36b	true	true	true	true	true	false	true
14	23	MASKED_TARGET	4	0	6	U07-0000000096_S08-0000000166	C0Rect2Set	DESCENDANT_PROBE_PASS	0	16710	404f5f8e96592aa19981fd1c044b7b7e3783bc3c9fa5e715ba25b5a72f681b6e	e7db5e9b295599342d65a3219aebb65f2a93d5057a756c95ab7520083864f883	7fdf3b060da04c413a1c38f38f8fe819eaf9571ed834d6559e300dd5c93957df	ce8a41398a59abb06b730cb7afcc88a45ea77e9821f27a7a90943d47c8614e37	e3b0c44298fc1c149afbf4c8996fb92427ae41e4649b934ca495991b7852b855	bea46ab4cf4adbeda551b0c6acc48c6474aa0a07a2c563bba580618b66d2c36b	true	true	true	true	true	false	true
15	23	MASKED_TARGET	4	0	7	U07-0000000096_S08-0000000167	C0HORect2Set	DESCENDANT_PROBE_PASS	0	17443	6a1ce978ba7ac7c806dde196c31b9ea30c3ee655378532b2ff72579c78ab3b39	093f32d2104d16e6715bd1e76302aab677480b6ccbd6ecd1fff78d38c3863d79	6b16d709333d27f4262874b8c9cbe2f649af593d7a2c7978f2d956064fdb587f	d7d0a6ba1ada898114a9f8d984fec2b571918401f8e8edca581b45f443cacccc	e3b0c44298fc1c149afbf4c8996fb92427ae41e4649b934ca495991b7852b855	bea46ab4cf4adbeda551b0c6acc48c6474aa0a07a2c563bba580618b66d2c36b	true	true	true	true	true	false	true
16	23	MASKED_TARGET	4	0	7	U07-0000000096_S08-0000000167	C0Rect2Set	DESCENDANT_PROBE_PASS	0	16726	6a1ce978ba7ac7c806dde196c31b9ea30c3ee655378532b2ff72579c78ab3b39	093f32d2104d16e6715bd1e76302aab677480b6ccbd6ecd1fff78d38c3863d79	34afb1b6d043f44fe2103b6d08d937c767d1d6d2e2ee7194d026258386bb1fad	9f33d7ae1b2ee67047bee09c717a2e6ce0ac56d1e29467f1ea31410372bec0bd	e3b0c44298fc1c149afbf4c8996fb92427ae41e4649b934ca495991b7852b855	bea46ab4cf4adbeda551b0c6acc48c6474aa0a07a2c563bba580618b66d2c36b	true	true	true	true	true	false	true
17	23	MASKED_TARGET	4	0	8	U07-0000000096_S08-0000000168	C0HORect2Set	DESCENDANT_PROBE_PASS	0	17891	af91626caa1486fb162f5f05ef97bf71b7bea08b0751648de308a60567b98296	df7a40cc2fc45bbd0912e29b671487da34e3018175e8c76012c20e92f6dbe240	3a2ecc0b71d207d7070f2c775a57cda568d4eda03f84a220a9f3e691f7ef3f67	ea0c4632905e5fc9ac6df0c36f7a2e64eba94080aebbdeb13fa559b3f1864de0	e3b0c44298fc1c149afbf4c8996fb92427ae41e4649b934ca495991b7852b855	bea46ab4cf4adbeda551b0c6acc48c6474aa0a07a2c563bba580618b66d2c36b	true	true	true	true	true	false	true
18	23	MASKED_TARGET	4	0	8	U07-0000000096_S08-0000000168	C0Rect2Set	DESCENDANT_PROBE_PASS	0	16693	af91626caa1486fb162f5f05ef97bf71b7bea08b0751648de308a60567b98296	df7a40cc2fc45bbd0912e29b671487da34e3018175e8c76012c20e92f6dbe240	7f7453b862ec9a03e90f8c26e0826de3d8df18e51288b9560a754f5dc3de6f9a	080f2c8e41111c80e91c6854e96c1f1a351bf6d1fd78df2616dd9126831a6458	e3b0c44298fc1c149afbf4c8996fb92427ae41e4649b934ca495991b7852b855	bea46ab4cf4adbeda551b0c6acc48c6474aa0a07a2c563bba580618b66d2c36b	true	true	true	true	true	false	true
19	23	MASKED_TARGET	4	0	9	U07-0000000096_S08-0000000169	C0HORect2Set	DESCENDANT_PROBE_PASS	0	17480	50dc2c6e570a950d4933c2f2e89fdbb8d7e111800c3258b56eddde95d7524b4c	844973e3510398b796b1636b3decb5977f3d5825036a724cfacbc212eeca5683	d835dcd88129741fd0a934981611f2b78cf0191aa6eabdc6019d6466e9ee17b4	7846a97e0362845d2ac825f912810dc8ce4def2494587f425ffa5c2de5b82fd5	e3b0c44298fc1c149afbf4c8996fb92427ae41e4649b934ca495991b7852b855	bea46ab4cf4adbeda551b0c6acc48c6474aa0a07a2c563bba580618b66d2c36b	true	true	true	true	true	false	true
20	23	MASKED_TARGET	4	0	9	U07-0000000096_S08-0000000169	C0Rect2Set	DESCENDANT_PROBE_PASS	0	16740	50dc2c6e570a950d4933c2f2e89fdbb8d7e111800c3258b56eddde95d7524b4c	844973e3510398b796b1636b3decb5977f3d5825036a724cfacbc212eeca5683	5e125454379a25eb06aefd1750da445dad1cf7d92aff99c1387a6537cd9b4717	c7645dce771982ca05e6e706999b9c3f3ff58eaebd1826cdd390a524f876c90f	e3b0c44298fc1c149afbf4c8996fb92427ae41e4649b934ca495991b7852b855	bea46ab4cf4adbeda551b0c6acc48c6474aa0a07a2c563bba580618b66d2c36b	true	true	true	true	true	false	true
21	23	MASKED_TARGET	4	0	10	U07-0000000096_S08-0000000170	C0HORect2Set	DESCENDANT_PROBE_PASS	0	17439	4fa9cb21e3cc709acdca228fb8f5c16af4caf4c07fecd55b84b30f52aa1e7339	c66152fdcfdca92c5267ed5eb20a8349fb8c8473029f206ebd085a8c86fae320	d9704c18473cce9208e88ca16204c219a8440b2b9d996e27805ab236bd255463	bdf1acd8ecfb02547f59748c438fc159a3032f9099147235f2abf73ee92c2f83	e3b0c44298fc1c149afbf4c8996fb92427ae41e4649b934ca495991b7852b855	bea46ab4cf4adbeda551b0c6acc48c6474aa0a07a2c563bba580618b66d2c36b	true	true	true	true	true	false	true
22	23	MASKED_TARGET	4	0	10	U07-0000000096_S08-0000000170	C0Rect2Set	DESCENDANT_PROBE_PASS	0	16718	4fa9cb21e3cc709acdca228fb8f5c16af4caf4c07fecd55b84b30f52aa1e7339	c66152fdcfdca92c5267ed5eb20a8349fb8c8473029f206ebd085a8c86fae320	fcbcfc9794590cd84b77033f7793a5a71f5f9652d386aa6916ea5c25a261c931	dadfad187220157d8abe308a656bcab72c8e7a3c98dfeb9f2a0655a93c6795b6	e3b0c44298fc1c149afbf4c8996fb92427ae41e4649b934ca495991b7852b855	bea46ab4cf4adbeda551b0c6acc48c6474aa0a07a2c563bba580618b66d2c36b	true	true	true	true	true	false	true
23	23	MASKED_TARGET	4	0	11	U07-0000000096_S08-0000000171	C0HORect2Set	DESCENDANT_PROBE_PASS	0	17412	c5c2a84e13e009ffcd1107a88bd2f9fe281c7d134bfe615b8cb31b1891957d3c	f74f77747935e50994cb65b4dbfc95fca2e34596a72816a02e88718b58c127e5	139b538c74175e9531554e0deb125d9495a9eb674fdca90d4e0bd1985c4d5a8e	7fcc18f97421c37bcdb5f99a9927ffe798cfc4ce074005a0f64f3dec40bdcb91	e3b0c44298fc1c149afbf4c8996fb92427ae41e4649b934ca495991b7852b855	bea46ab4cf4adbeda551b0c6acc48c6474aa0a07a2c563bba580618b66d2c36b	true	true	true	true	true	false	true
24	23	MASKED_TARGET	4	0	11	U07-0000000096_S08-0000000171	C0Rect2Set	DESCENDANT_PROBE_PASS	0	16671	c5c2a84e13e009ffcd1107a88bd2f9fe281c7d134bfe615b8cb31b1891957d3c	f74f77747935e50994cb65b4dbfc95fca2e34596a72816a02e88718b58c127e5	f8fbaffaf42901d390f1e4a5fba69e83957bec6db8295a6e60f0957ef9d7231c	b0433e55eb3ba8f13046a828e4ce7c13a4fb2bf8b0d300bd213433c695f782b3	e3b0c44298fc1c149afbf4c8996fb92427ae41e4649b934ca495991b7852b855	bea46ab4cf4adbeda551b0c6acc48c6474aa0a07a2c563bba580618b66d2c36b	true	true	true	true	true	false	true
25	23	MASKED_TARGET	4	0	12	U07-0000000096_S08-0000000172	C0HORect2Set	DESCENDANT_PROBE_PASS	0	17411	d1b206c1d6f45a0d3a89d2229bc401f392b1d274c8fdda950be12d7fea8fba93	68f00020e4508a68220665c3c2e6c4947062da1c4613e957c6b1b92814d72a96	8e00661e16773165b29757a47d4536be7de06b84bc5a9f29868f6bb3270831e3	bbbe9038176259e71b93a4aecd85ce0c35ce7809301581e23723f98861c2642e	e3b0c44298fc1c149afbf4c8996fb92427ae41e4649b934ca495991b7852b855	bea46ab4cf4adbeda551b0c6acc48c6474aa0a07a2c563bba580618b66d2c36b	true	true	true	true	true	false	true
26	23	MASKED_TARGET	4	0	12	U07-0000000096_S08-0000000172	C0Rect2Set	DESCENDANT_PROBE_PASS	0	16680	d1b206c1d6f45a0d3a89d2229bc401f392b1d274c8fdda950be12d7fea8fba93	68f00020e4508a68220665c3c2e6c4947062da1c4613e957c6b1b92814d72a96	72686a1a983edaa2b20c47bd14cb0cae56d13120ff007320c75b43e221c08644	73d82e24cf76fce531a88dcf8b912538962c44a07765eaf50981bf5e949ad855	e3b0c44298fc1c149afbf4c8996fb92427ae41e4649b934ca495991b7852b855	bea46ab4cf4adbeda551b0c6acc48c6474aa0a07a2c563bba580618b66d2c36b	true	true	true	true	true	false	true
27	23	MASKED_TARGET	4	0	13	U07-0000000096_S08-0000000173	C0HORect2Set	DESCENDANT_PROBE_PASS	0	17409	a1606b44e5b68c5d43f0e59032b18dabcdd9d2085b5279794df41507f7879a0d	fa45a45597290ef92d399074ded0e78aae3bccf86575bdac55382a18085449fb	41c716588f9f28d258e2d3c307168d6758817ee13cb9b3ce6ded57409d0aaade	0a53bad801baf675e968216ab16920e013f2d8db068c05ab761b9fd413d95688	e3b0c44298fc1c149afbf4c8996fb92427ae41e4649b934ca495991b7852b855	bea46ab4cf4adbeda551b0c6acc48c6474aa0a07a2c563bba580618b66d2c36b	true	true	true	true	true	false	true
28	23	MASKED_TARGET	4	0	13	U07-0000000096_S08-0000000173	C0Rect2Set	DESCENDANT_PROBE_PASS	0	16668	a1606b44e5b68c5d43f0e59032b18dabcdd9d2085b5279794df41507f7879a0d	fa45a45597290ef92d399074ded0e78aae3bccf86575bdac55382a18085449fb	53e2722835a378b51a9a918d8523cd65f9f6d315a7a49dd298075ab75c30c097	c4f6908ed3788221e0b0b5b1cbf8baab4552847780d9be3aacff58af58c6bd06	e3b0c44298fc1c149afbf4c8996fb92427ae41e4649b934ca495991b7852b855	bea46ab4cf4adbeda551b0c6acc48c6474aa0a07a2c563bba580618b66d2c36b	true	true	true	true	true	false	true
29	23	MASKED_TARGET	4	0	14	U07-0000000096_S08-0000000174	C0HORect2Set	DESCENDANT_PROBE_PASS	0	17461	a29cde5185c400fabece8a032d49071f3096f2f9919e9db3d437da884952bf5b	d127a29f0a3e0e68a7d661f9d721a94cb1064dfc01762002f7d1c0b15551ea4a	18a45c910623332db81197345b175bee37cf8369e62481db2d8b2d7c3b5277fa	b50192796a8fb0fbb530a4da9e7a1f23bc1e283c83fa0cc8f784998c18e0c5ee	e3b0c44298fc1c149afbf4c8996fb92427ae41e4649b934ca495991b7852b855	bea46ab4cf4adbeda551b0c6acc48c6474aa0a07a2c563bba580618b66d2c36b	true	true	true	true	true	false	true
30	23	MASKED_TARGET	4	0	14	U07-0000000096_S08-0000000174	C0Rect2Set	DESCENDANT_PROBE_PASS	0	16717	a29cde5185c400fabece8a032d49071f3096f2f9919e9db3d437da884952bf5b	d127a29f0a3e0e68a7d661f9d721a94cb1064dfc01762002f7d1c0b15551ea4a	4d44127840ab17f69e08e62c3bac6af9052184c44bb7592f28117fe17417ac63	80d58a97b942081322103474c1894c3555b8378ded587ea42455a4a38a045b86	e3b0c44298fc1c149afbf4c8996fb92427ae41e4649b934ca495991b7852b855	bea46ab4cf4adbeda551b0c6acc48c6474aa0a07a2c563bba580618b66d2c36b	true	true	true	true	true	false	true
31	23	MASKED_TARGET	4	0	15	U07-0000000096_S08-0000000175	C0HORect2Set	DESCENDANT_PROBE_PASS	0	17405	d3749ea15205898b8d54177424cd59f6fdf1ef001122376332787cb61243df1a	e591e2eb336763e0b571ab9e058c1e6ad1fd9bd544cc7e5d16ec46c47d9c0812	d693bbc444370200cbd545620c08f4ebdc33fd9c681492b03524e42a4256414c	09705364a302ae2ab7a44eb345dc4a4773128a3780c0627a58fae08208941ecb	e3b0c44298fc1c149afbf4c8996fb92427ae41e4649b934ca495991b7852b855	bea46ab4cf4adbeda551b0c6acc48c6474aa0a07a2c563bba580618b66d2c36b	true	true	true	true	true	false	true
32	23	MASKED_TARGET	4	0	15	U07-0000000096_S08-0000000175	C0Rect2Set	DESCENDANT_PROBE_PASS	0	16751	d3749ea15205898b8d54177424cd59f6fdf1ef001122376332787cb61243df1a	e591e2eb336763e0b571ab9e058c1e6ad1fd9bd544cc7e5d16ec46c47d9c0812	6023cca19ed06c8ed659c495c5aaee386eb0973608e667d62a8d6224ede62062	6b22f28ea34185969a53f685b485128b28651afa367f7f17d77eadcdd9822532	e3b0c44298fc1c149afbf4c8996fb92427ae41e4649b934ca495991b7852b855	bea46ab4cf4adbeda551b0c6acc48c6474aa0a07a2c563bba580618b66d2c36b	true	true	true	true	true	false	true
33	23	MASKED_TARGET	4	1	0	U07-0000000097_S08-0000000160	C0HORect2Set	DESCENDANT_PROBE_PASS	0	17410	b323c0d9d9335b8fbddc68cfbf6d849d3e089a052cf3e88ef8551492f5034c3f	49d94f59560e853bed07833cfeb8baede83985158f57bd75a53ba53cab564aef	4c4dd0a8fc75e20ea646aee4d82d2ffb979f6fa540e164440419712faa95134f	47f759b4f620ceee41e9ffc30fa3967e4456609a929f4e4c5b2b8948f08633fc	e3b0c44298fc1c149afbf4c8996fb92427ae41e4649b934ca495991b7852b855	bea46ab4cf4adbeda551b0c6acc48c6474aa0a07a2c563bba580618b66d2c36b	true	true	true	true	true	false	true
34	23	MASKED_TARGET	4	1	0	U07-0000000097_S08-0000000160	C0Rect2Set	DESCENDANT_PROBE_PASS	0	16726	b323c0d9d9335b8fbddc68cfbf6d849d3e089a052cf3e88ef8551492f5034c3f	49d94f59560e853bed07833cfeb8baede83985158f57bd75a53ba53cab564aef	966443ae49dadee3825e87b977042ddb5af65e377fc06c1d542bd3729273b3db	50bce1185fe6c64fda4c7aaa25d1391bdaca2fcc9c06c11f4040fd8c69752195	e3b0c44298fc1c149afbf4c8996fb92427ae41e4649b934ca495991b7852b855	bea46ab4cf4adbeda551b0c6acc48c6474aa0a07a2c563bba580618b66d2c36b	true	true	true	true	true	false	true
35	23	MASKED_TARGET	4	1	1	U07-0000000097_S08-0000000161	C0HORect2Set	DESCENDANT_PROBE_PASS	0	17416	f2d5985264287d33181c227cc2e7d2872f8dd7f4450bc605d8e09b41a39b1269	0cedbeea3a773034c0d66da13b57d948b7c41c6576d39a3c57ff9ced2be776fb	0ba47802132d4d72c1b67c15243b4142935b00130ecd511f63afc99b0abb2fb9	1c8fe7857b44091f014a24986a89d3d291def3fc218c68177d033345314955f1	e3b0c44298fc1c149afbf4c8996fb92427ae41e4649b934ca495991b7852b855	bea46ab4cf4adbeda551b0c6acc48c6474aa0a07a2c563bba580618b66d2c36b	true	true	true	true	true	false	true
36	23	MASKED_TARGET	4	1	1	U07-0000000097_S08-0000000161	C0Rect2Set	DESCENDANT_PROBE_PASS	0	16686	f2d5985264287d33181c227cc2e7d2872f8dd7f4450bc605d8e09b41a39b1269	0cedbeea3a773034c0d66da13b57d948b7c41c6576d39a3c57ff9ced2be776fb	5f460421895476b2a2081b00622f53168be517c0ce41fe6b00dd267225a4fb26	8a80ce01de38253f423dae9dcadc99280575daccca09ebe770587cb4348d38e2	e3b0c44298fc1c149afbf4c8996fb92427ae41e4649b934ca495991b7852b855	bea46ab4cf4adbeda551b0c6acc48c6474aa0a07a2c563bba580618b66d2c36b	true	true	true	true	true	false	true
37	23	MASKED_TARGET	4	1	2	U07-0000000097_S08-0000000162	C0HORect2Set	DESCENDANT_PROBE_PASS	0	17450	a26419aef1393bfc1be5e51b82f88de1a1e535a8fbeaf7e7187c9efa38ddc368	fd2abf2732bbb975e16f9320e8ab3a843764cf64482bb1b7d82644264a4d42ff	45dfa37de4f7d255a9248ab56e52ea72c610c250e5175282e8c61e13254330d6	3d0104e3f8e71df915f3538d40a2388d85d8e3282fb1761e0a0483e331bd3e86	e3b0c44298fc1c149afbf4c8996fb92427ae41e4649b934ca495991b7852b855	bea46ab4cf4adbeda551b0c6acc48c6474aa0a07a2c563bba580618b66d2c36b	true	true	true	true	true	false	true
38	23	MASKED_TARGET	4	1	2	U07-0000000097_S08-0000000162	C0Rect2Set	DESCENDANT_PROBE_PASS	0	16669	a26419aef1393bfc1be5e51b82f88de1a1e535a8fbeaf7e7187c9efa38ddc368	fd2abf2732bbb975e16f9320e8ab3a843764cf64482bb1b7d82644264a4d42ff	53973571b77fd08c8da264c8d3b1786af116498415f1651d6324ae1458989064	6937051958a9235089854f0dadde693a2e3698b0ec39e13ac351fdb7aa0a4800	e3b0c44298fc1c149afbf4c8996fb92427ae41e4649b934ca495991b7852b855	bea46ab4cf4adbeda551b0c6acc48c6474aa0a07a2c563bba580618b66d2c36b	true	true	true	true	true	false	true
39	23	MASKED_TARGET	4	1	3	U07-0000000097_S08-0000000163	C0HORect2Set	DESCENDANT_PROBE_PASS	0	17410	181c6d8646a3e24ce83f6bac52abb6f23db1b7cdb6acae9df4bd490782c272ea	7c24627cef98819872882f508c450f9fce195856012753fc0d64e2c8b8ab5649	b866e22d5cc27c89a804d1f921507ca84d97a439164aac6af069f92b45f7da7d	a8044b36b7709d4260a9891a4a5862b9acb8a721eb2943e49677a9f6479980a2	e3b0c44298fc1c149afbf4c8996fb92427ae41e4649b934ca495991b7852b855	bea46ab4cf4adbeda551b0c6acc48c6474aa0a07a2c563bba580618b66d2c36b	true	true	true	true	true	false	true
40	23	MASKED_TARGET	4	1	3	U07-0000000097_S08-0000000163	C0Rect2Set	DESCENDANT_PROBE_PASS	0	16705	181c6d8646a3e24ce83f6bac52abb6f23db1b7cdb6acae9df4bd490782c272ea	7c24627cef98819872882f508c450f9fce195856012753fc0d64e2c8b8ab5649	53d0fbc377d1dec3e76d1cc23db0901188ac526fa25214f28ab7474a4b5de071	ab19a1392df057b007d957091d8b501f08d5a8d94e55755d6926a316effdea52	e3b0c44298fc1c149afbf4c8996fb92427ae41e4649b934ca495991b7852b855	bea46ab4cf4adbeda551b0c6acc48c6474aa0a07a2c563bba580618b66d2c36b	true	true	true	true	true	false	true
41	23	MASKED_TARGET	4	1	4	U07-0000000097_S08-0000000164	C0HORect2Set	DESCENDANT_PROBE_PASS	0	17429	a1bc1903f68f83dd62901bafb2fb584ce8a01dce7ad569842f41e7d38a4c70ad	7a65e06df6054a1d8250049a662a8cfc9161773960f8be41b582e59290183514	7d0a2eafe9ade063182aa8a91814ebd0f0ea2f1b389a57d6debb9be2fca18dde	bcb2e6d3d0fca9d8bd667a403a7f7dfcbc723153b0ed55af996c6b2280c83828	e3b0c44298fc1c149afbf4c8996fb92427ae41e4649b934ca495991b7852b855	bea46ab4cf4adbeda551b0c6acc48c6474aa0a07a2c563bba580618b66d2c36b	true	true	true	true	true	false	true
42	23	MASKED_TARGET	4	1	4	U07-0000000097_S08-0000000164	C0Rect2Set	DESCENDANT_PROBE_PASS	0	16675	a1bc1903f68f83dd62901bafb2fb584ce8a01dce7ad569842f41e7d38a4c70ad	7a65e06df6054a1d8250049a662a8cfc9161773960f8be41b582e59290183514	7d203e70050c40bc19b425d397c5f2656971c8e3d9377fe99a51cc1f867ec1a8	f34cf20ecdbc08d9ad8df4b53b48ce57c6d1142b40061cb109f1389f463f603a	e3b0c44298fc1c149afbf4c8996fb92427ae41e4649b934ca495991b7852b855	bea46ab4cf4adbeda551b0c6acc48c6474aa0a07a2c563bba580618b66d2c36b	true	true	true	true	true	false	true
43	23	MASKED_TARGET	4	1	5	U07-0000000097_S08-0000000165	C0HORect2Set	DESCENDANT_PROBE_PASS	0	17361	eb03747cbd328f1dd66c93a4a337bb9fd46d2847345e5d95c848041158c2fcd1	a1523dc4f03393b936a4d1577439815dabf4cb92a00af57db924f2ffe48319b0	c58d878b106971b755f4b54c3c3b6c1c91bcbb8f634be3a16510146864e5ea5d	5fb5046003b949e3a0abdeb5253c956a94f63c541338f7ad4958353424297d82	e3b0c44298fc1c149afbf4c8996fb92427ae41e4649b934ca495991b7852b855	bea46ab4cf4adbeda551b0c6acc48c6474aa0a07a2c563bba580618b66d2c36b	true	true	true	true	true	false	true
44	23	MASKED_TARGET	4	1	5	U07-0000000097_S08-0000000165	C0Rect2Set	DESCENDANT_PROBE_PASS	0	16695	eb03747cbd328f1dd66c93a4a337bb9fd46d2847345e5d95c848041158c2fcd1	a1523dc4f03393b936a4d1577439815dabf4cb92a00af57db924f2ffe48319b0	235657d89f72b627f99371231e6d0399cef4c99a71cbe041710761eef1e2abfc	8cf9bb758834037cabd288b6544df1b1485d741cc496d740ec8aaf4603655b3e	e3b0c44298fc1c149afbf4c8996fb92427ae41e4649b934ca495991b7852b855	bea46ab4cf4adbeda551b0c6acc48c6474aa0a07a2c563bba580618b66d2c36b	true	true	true	true	true	false	true
45	23	MASKED_TARGET	4	1	6	U07-0000000097_S08-0000000166	C0HORect2Set	DESCENDANT_PROBE_PASS	0	17424	fedf862c3377e8c2f951f5d7b25d297d4fe74e34efb76021bb97b589d52f5869	b8de8e5a88f4386f7759310c8008fbbdee2fee32477232b39edad9aba80212eb	919b48a29d843a4403f6440726bc12e26dcfa87aaf0a84ff42efd2d2b46f6320	e781d9c83a8e4eb92fb53a9aedf8cd40d0a6fa497c36d388f891c79a535eb453	e3b0c44298fc1c149afbf4c8996fb92427ae41e4649b934ca495991b7852b855	bea46ab4cf4adbeda551b0c6acc48c6474aa0a07a2c563bba580618b66d2c36b	true	true	true	true	true	false	true
46	23	MASKED_TARGET	4	1	6	U07-0000000097_S08-0000000166	C0Rect2Set	DESCENDANT_PROBE_PASS	0	16682	fedf862c3377e8c2f951f5d7b25d297d4fe74e34efb76021bb97b589d52f5869	b8de8e5a88f4386f7759310c8008fbbdee2fee32477232b39edad9aba80212eb	99a9e4738b38c0c89ebc90811245a5ab13ae611ed96b6d3743ad70ac2234a18c	d202aa7183c487f05b24aefd92f4c5bd5a2adf8407fc63e3bff1b72e3d75af7d	e3b0c44298fc1c149afbf4c8996fb92427ae41e4649b934ca495991b7852b855	bea46ab4cf4adbeda551b0c6acc48c6474aa0a07a2c563bba580618b66d2c36b	true	true	true	true	true	false	true
47	23	MASKED_TARGET	4	1	7	U07-0000000097_S08-0000000167	C0HORect2Set	DESCENDANT_PROBE_PASS	0	17423	8eb80b77250ee49482c26f6275147cf6bc269880f2620487ebc532a72d74e7ec	18dafe1e0cfd33c1c02e92a8f5cd1674afc9fa0cac78cc6f371c8a0f723e5719	04b980b0a53adb9f56dd1a94815d431d6603882e2c3eec8f0e0bb54a6c4a0d02	d73b7e669f45aa6cde96d9c4033b0c8ccf69acb8ea5a9e60cad175286b0dd6b7	e3b0c44298fc1c149afbf4c8996fb92427ae41e4649b934ca495991b7852b855	bea46ab4cf4adbeda551b0c6acc48c6474aa0a07a2c563bba580618b66d2c36b	true	true	true	true	true	false	true
48	23	MASKED_TARGET	4	1	7	U07-0000000097_S08-0000000167	C0Rect2Set	DESCENDANT_PROBE_PASS	0	16757	8eb80b77250ee49482c26f6275147cf6bc269880f2620487ebc532a72d74e7ec	18dafe1e0cfd33c1c02e92a8f5cd1674afc9fa0cac78cc6f371c8a0f723e5719	4308eb4514dd41ed0ba0f1563d1cd92610d5a09ae49ba6556376a14679f50314	c0e6719b842c559c19558f38c5dfb5f1f0401f64a8a32d2080e88daded678c38	e3b0c44298fc1c149afbf4c8996fb92427ae41e4649b934ca495991b7852b855	bea46ab4cf4adbeda551b0c6acc48c6474aa0a07a2c563bba580618b66d2c36b	true	true	true	true	true	false	true
49	23	MASKED_TARGET	4	1	8	U07-0000000097_S08-0000000168	C0HORect2Set	DESCENDANT_PROBE_PASS	0	17379	6f22781d6e447d735b856e550b8fa9b67839d1b5543e14b1df6ea6a3e8b97bec	c1a5c5ccb8215df22e9a02de9e9bebea6962915facae7715eb805d9ecc66312a	6f8d47576f109bb74d1a300adb3595cb8ea590f2d6768f5fe4b5ab38bb0a4822	57ddfc299a81d839a931c12914de7bb2552ff1a2dc13d260ccb2097873ebbc8a	e3b0c44298fc1c149afbf4c8996fb92427ae41e4649b934ca495991b7852b855	bea46ab4cf4adbeda551b0c6acc48c6474aa0a07a2c563bba580618b66d2c36b	true	true	true	true	true	false	true
50	23	MASKED_TARGET	4	1	8	U07-0000000097_S08-0000000168	C0Rect2Set	DESCENDANT_PROBE_PASS	0	16739	6f22781d6e447d735b856e550b8fa9b67839d1b5543e14b1df6ea6a3e8b97bec	c1a5c5ccb8215df22e9a02de9e9bebea6962915facae7715eb805d9ecc66312a	f97b9cb81add307b2ec429140b86ae726fd9e6241c08e9591a4c1e5c87bb6345	0df1de9123871f3e57e0a7cf1b67b01bcc9f6c699cafbd7df80dd61651c471f3	e3b0c44298fc1c149afbf4c8996fb92427ae41e4649b934ca495991b7852b855	bea46ab4cf4adbeda551b0c6acc48c6474aa0a07a2c563bba580618b66d2c36b	true	true	true	true	true	false	true
51	23	MASKED_TARGET	4	1	9	U07-0000000097_S08-0000000169	C0HORect2Set	DESCENDANT_PROBE_PASS	0	17373	15e3f87886deac88c987853bf3af9247d72d68a72724bea7462f41b8f2cc2f28	6b5e7286640bd53a0ada60f52f8352c32af75d596fc9b3997f3a2b0745ba31e3	1fa884c5a981082057c427c119eb77a175dcda07113e67d2efc1febd79c081d3	ca55d7a0ab3775254bc3973dc7888a1752a7620c65245dfef7da769b0dc3a0e6	e3b0c44298fc1c149afbf4c8996fb92427ae41e4649b934ca495991b7852b855	bea46ab4cf4adbeda551b0c6acc48c6474aa0a07a2c563bba580618b66d2c36b	true	true	true	true	true	false	true
52	23	MASKED_TARGET	4	1	9	U07-0000000097_S08-0000000169	C0Rect2Set	DESCENDANT_PROBE_PASS	0	16730	15e3f87886deac88c987853bf3af9247d72d68a72724bea7462f41b8f2cc2f28	6b5e7286640bd53a0ada60f52f8352c32af75d596fc9b3997f3a2b0745ba31e3	f0fdb8c040afc5f01dcbef2e2b302dff5660da5b25c86d9da33cefb3be0324c6	aae414f248379481db615155e1adc19b06b798703d389da0c46cf154d2ee88d4	e3b0c44298fc1c149afbf4c8996fb92427ae41e4649b934ca495991b7852b855	bea46ab4cf4adbeda551b0c6acc48c6474aa0a07a2c563bba580618b66d2c36b	true	true	true	true	true	false	true
53	23	MASKED_TARGET	4	1	10	U07-0000000097_S08-0000000170	C0HORect2Set	DESCENDANT_PROBE_PASS	0	17379	7023cc6e17032400bb7362deb80576dfa3ceb497e6ec162e0c65b2d1daf11a32	91ee7857a5d1b08fdd5f91efc0751c7a2ac076b1b59f53b4c0dc3f15f967155d	315a1f5ff2237675caf2e3b427bb580050b2c32106a246e586d6ac16bf8d8c36	acf127a586cc933de730c4117b7d45ba5c0af0f56500919927544e364543aa6d	e3b0c44298fc1c149afbf4c8996fb92427ae41e4649b934ca495991b7852b855	bea46ab4cf4adbeda551b0c6acc48c6474aa0a07a2c563bba580618b66d2c36b	true	true	true	true	true	false	true
54	23	MASKED_TARGET	4	1	10	U07-0000000097_S08-0000000170	C0Rect2Set	DESCENDANT_PROBE_PASS	0	16674	7023cc6e17032400bb7362deb80576dfa3ceb497e6ec162e0c65b2d1daf11a32	91ee7857a5d1b08fdd5f91efc0751c7a2ac076b1b59f53b4c0dc3f15f967155d	66b34d80b165c609a85bf2a48c287c21731e6cb094bb944a79881a4165e41a67	8dc24cb541db39697dfe9d3b9d52b95481c0064f5c3bdcdf03b598abdcee1658	e3b0c44298fc1c149afbf4c8996fb92427ae41e4649b934ca495991b7852b855	bea46ab4cf4adbeda551b0c6acc48c6474aa0a07a2c563bba580618b66d2c36b	true	true	true	true	true	false	true
55	23	MASKED_TARGET	4	1	11	U07-0000000097_S08-0000000171	C0HORect2Set	DESCENDANT_PROBE_PASS	0	17425	229b32321823d6f1745096e10e6e1208f13e90cf9082bada02d39f8b4b84c4f9	3a8fe95f8596b2492b00ec60345aea88b810ef881baebc6c9146e187d684a49f	045e976e506cba978661446fd2417550c4423b1d40ba2e0854f6e8b38aafa7f1	84dc42c312caa9c7370fd1428418046f2e5ef7404b132ab7f02727f601d3e4f5	e3b0c44298fc1c149afbf4c8996fb92427ae41e4649b934ca495991b7852b855	bea46ab4cf4adbeda551b0c6acc48c6474aa0a07a2c563bba580618b66d2c36b	true	true	true	true	true	false	true
56	23	MASKED_TARGET	4	1	11	U07-0000000097_S08-0000000171	C0Rect2Set	DESCENDANT_PROBE_PASS	0	16671	229b32321823d6f1745096e10e6e1208f13e90cf9082bada02d39f8b4b84c4f9	3a8fe95f8596b2492b00ec60345aea88b810ef881baebc6c9146e187d684a49f	09b4906454b7b04480bfc9dd56d5bfb281bebfe69e8b501b932f0ea02a8b0229	018d9ff7a76f5601b6ee6da4f1f21c95feba96ef9adb9eec3a1820e33f6086da	e3b0c44298fc1c149afbf4c8996fb92427ae41e4649b934ca495991b7852b855	bea46ab4cf4adbeda551b0c6acc48c6474aa0a07a2c563bba580618b66d2c36b	true	true	true	true	true	false	true
57	23	MASKED_TARGET	4	1	12	U07-0000000097_S08-0000000172	C0HORect2Set	DESCENDANT_PROBE_PASS	0	17366	1548d0dcfb3225284dfee84d4a4fce5d6dc9e2114dface3d9dc7331cf9c644bf	69b5b284509214bed2c49b6836e1a18e97566cdd6c3b44afda908f9b6058d96d	bc6704e44de4433cf71f7cab7e6f21af184dd3f4f2487ecc7e55b47af45ecdbc	bc5b5eb26342bd0758136a0c57b522eae234226a43669dd0ff4bc381ebd158cc	e3b0c44298fc1c149afbf4c8996fb92427ae41e4649b934ca495991b7852b855	bea46ab4cf4adbeda551b0c6acc48c6474aa0a07a2c563bba580618b66d2c36b	true	true	true	true	true	false	true
58	23	MASKED_TARGET	4	1	12	U07-0000000097_S08-0000000172	C0Rect2Set	DESCENDANT_PROBE_PASS	0	16706	1548d0dcfb3225284dfee84d4a4fce5d6dc9e2114dface3d9dc7331cf9c644bf	69b5b284509214bed2c49b6836e1a18e97566cdd6c3b44afda908f9b6058d96d	548c3471b806b7c07859aa30ac3379e26ed3d588f6af97baa1b11b7e4841d4ce	0b9d15653b44fe16e7e5fe1b7cc7a949e78e25163e762a74bb49a9e98a81d1aa	e3b0c44298fc1c149afbf4c8996fb92427ae41e4649b934ca495991b7852b855	bea46ab4cf4adbeda551b0c6acc48c6474aa0a07a2c563bba580618b66d2c36b	true	true	true	true	true	false	true
59	23	MASKED_TARGET	4	1	13	U07-0000000097_S08-0000000173	C0HORect2Set	DESCENDANT_PROBE_PASS	0	17427	07e2a5f7da1c1fee08629268590615a439c052202453bca65b719ccdbcbaf8db	6ad979c702f793243404fb3462e340e7a9a52fbed28380b37e5c22c09e6f1764	632a06d4e98aae3af5d58991d1878cad4e4588e07749c376d7df3f46cb0973f8	36ae839c049c4c65f9270193448926d73e93f53c96fe5f174922ea042f823de6	e3b0c44298fc1c149afbf4c8996fb92427ae41e4649b934ca495991b7852b855	bea46ab4cf4adbeda551b0c6acc48c6474aa0a07a2c563bba580618b66d2c36b	true	true	true	true	true	false	true
60	23	MASKED_TARGET	4	1	13	U07-0000000097_S08-0000000173	C0Rect2Set	DESCENDANT_PROBE_PASS	0	16700	07e2a5f7da1c1fee08629268590615a439c052202453bca65b719ccdbcbaf8db	6ad979c702f793243404fb3462e340e7a9a52fbed28380b37e5c22c09e6f1764	b36c52d2edb1ea16f6679516dfecfa133070d76d2b5b66c42679e11f0756e093	74e579245f0532980278a820b7c11c5477091d5d6ab0235d442338f037dd8459	e3b0c44298fc1c149afbf4c8996fb92427ae41e4649b934ca495991b7852b855	bea46ab4cf4adbeda551b0c6acc48c6474aa0a07a2c563bba580618b66d2c36b	true	true	true	true	true	false	true
61	23	MASKED_TARGET	4	1	14	U07-0000000097_S08-0000000174	C0HORect2Set	DESCENDANT_PROBE_PASS	0	17411	82fe94784fdb24cd495f6dd15196f5445c6497a2da7c7525a981ab7f056c7725	baf05f418386c95dcce7f5014ff0bd4cfe8e2d8dde3f0b4f1eafc2ecb21ca1a5	f5d85dacfd16b649d86c68bfcc3b9b630a76db342d0c362df69c877f7045c7bb	f4ab0809ce86b143af6e07e51ce926187f2c47216774f9db3e6ed424bb5076c5	e3b0c44298fc1c149afbf4c8996fb92427ae41e4649b934ca495991b7852b855	bea46ab4cf4adbeda551b0c6acc48c6474aa0a07a2c563bba580618b66d2c36b	true	true	true	true	true	false	true
62	23	MASKED_TARGET	4	1	14	U07-0000000097_S08-0000000174	C0Rect2Set	DESCENDANT_PROBE_PASS	0	16683	82fe94784fdb24cd495f6dd15196f5445c6497a2da7c7525a981ab7f056c7725	baf05f418386c95dcce7f5014ff0bd4cfe8e2d8dde3f0b4f1eafc2ecb21ca1a5	dddbf8f38d14319f9c71478792fb6bfebca927880ab7254f284018532508a1d2	0b8edddef72f74177d5fcad0f6a48b9abf2481b3577438de6e9f3ebc56a1b5da	e3b0c44298fc1c149afbf4c8996fb92427ae41e4649b934ca495991b7852b855	bea46ab4cf4adbeda551b0c6acc48c6474aa0a07a2c563bba580618b66d2c36b	true	true	true	true	true	false	true
63	23	MASKED_TARGET	4	1	15	U07-0000000097_S08-0000000175	C0HORect2Set	DESCENDANT_PROBE_PASS	0	17411	b1ea74e67f578ab13ba2283d24d917d554d8d9a3de5312c367a8e0c7c88de3e1	f696b64288826735cfeba70c3f8c0dcdd9699be14db03cc3cac29c5a469ef925	8cf3eff08c7c84f9cf852a3a349357639a9a94968198d09a52d20713db2626a6	8ac56954f52b6240e484e05a058813bfc691a341e5e0335c1f81de2f326f100c	e3b0c44298fc1c149afbf4c8996fb92427ae41e4649b934ca495991b7852b855	bea46ab4cf4adbeda551b0c6acc48c6474aa0a07a2c563bba580618b66d2c36b	true	true	true	true	true	false	true
64	23	MASKED_TARGET	4	1	15	U07-0000000097_S08-0000000175	C0Rect2Set	DESCENDANT_PROBE_PASS	0	16791	b1ea74e67f578ab13ba2283d24d917d554d8d9a3de5312c367a8e0c7c88de3e1	f696b64288826735cfeba70c3f8c0dcdd9699be14db03cc3cac29c5a469ef925	14bae8d0fe58b4e226eb9265fc9ddf5c25c59f1ca2f4725e19a20d1fa50a6db7	c4adf153df497846a2efbdf1243afef64e11bb82a533466941e30877d9f7525a	e3b0c44298fc1c149afbf4c8996fb92427ae41e4649b934ca495991b7852b855	bea46ab4cf4adbeda551b0c6acc48c6474aa0a07a2c563bba580618b66d2c36b	true	true	true	true	true	false	true
65	23	MASKED_TARGET	4	2	0	U07-0000000098_S08-0000000160	C0HORect2Set	DESCENDANT_PROBE_PASS	0	17365	513bf580b0321451ae7dda3078673118ca285d43a617906398e2db480b8a9c96	bf34a1b884e8f4cd4e1db660da1bff31a84ca9c2b024c5f9ca9a77395c0780bc	69ca35ce458b2510c0cb429f2d6f1dd4b265a9bddc4bd58733c958b15b12c2a6	5a215e470f37d9901ceee264d0ae04be0faf04fef5f4edede04f8b7c43c48ba7	e3b0c44298fc1c149afbf4c8996fb92427ae41e4649b934ca495991b7852b855	bea46ab4cf4adbeda551b0c6acc48c6474aa0a07a2c563bba580618b66d2c36b	true	true	true	true	true	false	true
66	23	MASKED_TARGET	4	2	0	U07-0000000098_S08-0000000160	C0Rect2Set	DESCENDANT_PROBE_PASS	0	16655	513bf580b0321451ae7dda3078673118ca285d43a617906398e2db480b8a9c96	bf34a1b884e8f4cd4e1db660da1bff31a84ca9c2b024c5f9ca9a77395c0780bc	0967a9c21fff2974c040311a1fd7137550e8ae2701f6630ed736fc9b8aa8938a	98a2e435dd9531714619f2041f8e3343ab5b6888d79f913968fc3f007d8239fc	e3b0c44298fc1c149afbf4c8996fb92427ae41e4649b934ca495991b7852b855	bea46ab4cf4adbeda551b0c6acc48c6474aa0a07a2c563bba580618b66d2c36b	true	true	true	true	true	false	true
67	23	MASKED_TARGET	4	2	1	U07-0000000098_S08-0000000161	C0HORect2Set	DESCENDANT_PROBE_PASS	0	17450	9de0d33e559fa52b5ae0098f1ebb03d4a1c429497e816aec1b1b5e5f6065ca22	7d58398cfff087324111a62fdd5eec5f983bdc17acaf8219d62b5cef0dc5cee8	3c74f283799c54ad46fff41e01e5d937a663fcaf6672d1035fbbcc8df158c90e	33e7fca36cb4172ae40b0b7a1fde79eaa33c433cd4529b4c3901b9ab8d1391d9	e3b0c44298fc1c149afbf4c8996fb92427ae41e4649b934ca495991b7852b855	bea46ab4cf4adbeda551b0c6acc48c6474aa0a07a2c563bba580618b66d2c36b	true	true	true	true	true	false	true
68	23	MASKED_TARGET	4	2	1	U07-0000000098_S08-0000000161	C0Rect2Set	DESCENDANT_PROBE_PASS	0	16683	9de0d33e559fa52b5ae0098f1ebb03d4a1c429497e816aec1b1b5e5f6065ca22	7d58398cfff087324111a62fdd5eec5f983bdc17acaf8219d62b5cef0dc5cee8	cbec33a37da99c9f7402886540b5251b547fc727b21e29b99efcca2aed1647b4	945766c1576cf7d7ba6fd66c4e908c4f13b815e71abe58e7d123dec9be76e6f7	e3b0c44298fc1c149afbf4c8996fb92427ae41e4649b934ca495991b7852b855	bea46ab4cf4adbeda551b0c6acc48c6474aa0a07a2c563bba580618b66d2c36b	true	true	true	true	true	false	true
69	23	MASKED_TARGET	4	2	2	U07-0000000098_S08-0000000162	C0HORect2Set	DESCENDANT_PROBE_PASS	0	17410	c4ff9d19b07a4ff20b91b95f05830ca3246e03a1f73b09f5f31df760788acdda	b3301230701985337ec276cfaf54a7a2917bf206844a7da12ea5f2cc5dadfa90	6705afc22293462b4a0cdcc11cfb63860e33d45250fbc6ab4f60e7290347ceab	fbfc427d380dca51f5aaebe91374ca821a7416c35f4cc05d469b3288179fe9ab	e3b0c44298fc1c149afbf4c8996fb92427ae41e4649b934ca495991b7852b855	bea46ab4cf4adbeda551b0c6acc48c6474aa0a07a2c563bba580618b66d2c36b	true	true	true	true	true	false	true
70	23	MASKED_TARGET	4	2	2	U07-0000000098_S08-0000000162	C0Rect2Set	DESCENDANT_PROBE_PASS	0	16747	c4ff9d19b07a4ff20b91b95f05830ca3246e03a1f73b09f5f31df760788acdda	b3301230701985337ec276cfaf54a7a2917bf206844a7da12ea5f2cc5dadfa90	b7a3e1f328d29d8dfa0c7aa87673b067e4aeecd036518230791b4aca99fa0b1f	36b36da1bf17c01a0e7608899b1115e5efdfd7c0237b2acaff95ed08d86e3a80	e3b0c44298fc1c149afbf4c8996fb92427ae41e4649b934ca495991b7852b855	bea46ab4cf4adbeda551b0c6acc48c6474aa0a07a2c563bba580618b66d2c36b	true	true	true	true	true	false	true
71	23	MASKED_TARGET	4	2	3	U07-0000000098_S08-0000000163	C0HORect2Set	DESCENDANT_PROBE_PASS	0	17369	257a1a3326ff84f7c07401e0f69ae2cab992683a281f6b604121b07ba8333f9c	140e7b47ebc7037e5046f4ad8aeebee60402bd428d7918012bfa71b64630ef3a	e444a2a8aeb44b2411e4ca81e9d71163fbe2a0b2121b07bafd14cf2992e11b43	32fe20799fd39420ef3402fab1c5b5dc143edc91aae4b56693d95dece3723d3e	e3b0c44298fc1c149afbf4c8996fb92427ae41e4649b934ca495991b7852b855	bea46ab4cf4adbeda551b0c6acc48c6474aa0a07a2c563bba580618b66d2c36b	true	true	true	true	true	false	true
72	23	MASKED_TARGET	4	2	3	U07-0000000098_S08-0000000163	C0Rect2Set	DESCENDANT_PROBE_PASS	0	16704	257a1a3326ff84f7c07401e0f69ae2cab992683a281f6b604121b07ba8333f9c	140e7b47ebc7037e5046f4ad8aeebee60402bd428d7918012bfa71b64630ef3a	d3c65ca1275ebc1c87b19c7f87df6af8b8707f640cc38eb918deef9bc35152b8	38e6dac0b93163bb375edb7b08d1509d087e694cfffd24bbc22aaa97b6bfc482	e3b0c44298fc1c149afbf4c8996fb92427ae41e4649b934ca495991b7852b855	bea46ab4cf4adbeda551b0c6acc48c6474aa0a07a2c563bba580618b66d2c36b	true	true	true	true	true	false	true
73	23	MASKED_TARGET	4	2	4	U07-0000000098_S08-0000000164	C0HORect2Set	DESCENDANT_PROBE_PASS	0	17369	5b7eb8ec659ee4e30cb8a78084e76e6033eb008ef7e956b26a3c72389e814187	467dd464bbb6140a20b2b900defae82aa23275b8a02a720ef1983da58fd1d82a	b2884ff28a16ccdc1d7f17207d6c27a82b669786e8eb77830c3f078254b02f68	6d1e0cc0025a033851bf40824d7e8701d302ce7838b2ea5162cfbf033db627fb	e3b0c44298fc1c149afbf4c8996fb92427ae41e4649b934ca495991b7852b855	bea46ab4cf4adbeda551b0c6acc48c6474aa0a07a2c563bba580618b66d2c36b	true	true	true	true	true	false	true
74	23	MASKED_TARGET	4	2	4	U07-0000000098_S08-0000000164	C0Rect2Set	DESCENDANT_PROBE_PASS	0	16698	5b7eb8ec659ee4e30cb8a78084e76e6033eb008ef7e956b26a3c72389e814187	467dd464bbb6140a20b2b900defae82aa23275b8a02a720ef1983da58fd1d82a	711b71efc3d73a4997b603dccdf0f4d03da72cbbe5c849f377278a8a78cfedfe	c6bf3f06b124af98f1d3317b3ad21b8cee5ca2a2384f1a88b4e653444c918eff	e3b0c44298fc1c149afbf4c8996fb92427ae41e4649b934ca495991b7852b855	bea46ab4cf4adbeda551b0c6acc48c6474aa0a07a2c563bba580618b66d2c36b	true	true	true	true	true	false	true
75	23	MASKED_TARGET	4	2	5	U07-0000000098_S08-0000000165	C0HORect2Set	DESCENDANT_PROBE_PASS	0	17377	835b4782172351454a274e6309e9457b0459b62d276e64a34db01e81758c0644	690a5084a6e85a615192517221ee627f69c87ac47ccf04e9afd8a915bbb677ae	9ddeb061bc415ad18c6f6b2348f3024ca6b1cf4dfd6a52e4d0362237fc25c8ce	e93884a6104790d5946f07330d30e50c2e233a51c8f9f905fb1eb591069dd164	e3b0c44298fc1c149afbf4c8996fb92427ae41e4649b934ca495991b7852b855	bea46ab4cf4adbeda551b0c6acc48c6474aa0a07a2c563bba580618b66d2c36b	true	true	true	true	true	false	true
76	23	MASKED_TARGET	4	2	5	U07-0000000098_S08-0000000165	C0Rect2Set	DESCENDANT_PROBE_PASS	0	16681	835b4782172351454a274e6309e9457b0459b62d276e64a34db01e81758c0644	690a5084a6e85a615192517221ee627f69c87ac47ccf04e9afd8a915bbb677ae	4b05a07cebfc0f17f8884b0d375f61cb124e34c5637d95ebd469ca86bb6055f9	1f1d6dfccfaa59f468923c8ca865e50f222887733a7bdc0cc8a7eca781b5838a	e3b0c44298fc1c149afbf4c8996fb92427ae41e4649b934ca495991b7852b855	bea46ab4cf4adbeda551b0c6acc48c6474aa0a07a2c563bba580618b66d2c36b	true	true	true	true	true	false	true
77	23	MASKED_TARGET	4	2	6	U07-0000000098_S08-0000000166	C0HORect2Set	DESCENDANT_PROBE_PASS	0	17427	f11689d329769cea8d69158289ab78e29b9019879435831fe111f009f7ab3d33	2aa0e22cdac713d3d2e519f23906946d1c16db7a93dd34b51070654d1914646a	99755dbc88e4812dc73d3ab75da552dce9bed814c8fc2326cee771bf3eabb252	78a3dc4c024f56549b012b1e883a8848af1f7863f20d4b490c40dc0742a3a2b8	e3b0c44298fc1c149afbf4c8996fb92427ae41e4649b934ca495991b7852b855	bea46ab4cf4adbeda551b0c6acc48c6474aa0a07a2c563bba580618b66d2c36b	true	true	true	true	true	false	true
78	23	MASKED_TARGET	4	2	6	U07-0000000098_S08-0000000166	C0Rect2Set	DESCENDANT_PROBE_PASS	0	16677	f11689d329769cea8d69158289ab78e29b9019879435831fe111f009f7ab3d33	2aa0e22cdac713d3d2e519f23906946d1c16db7a93dd34b51070654d1914646a	b473aa585f273b9f199ff89f3b5111e2b55faa9cb8c5230ff4dd0f9babd50287	c8a0d6ceaa2283393c26c8e5deba52d05c5ccef4c2c4c4329c0da52af4e92369	e3b0c44298fc1c149afbf4c8996fb92427ae41e4649b934ca495991b7852b855	bea46ab4cf4adbeda551b0c6acc48c6474aa0a07a2c563bba580618b66d2c36b	true	true	true	true	true	false	true
79	23	MASKED_TARGET	4	2	7	U07-0000000098_S08-0000000167	C0HORect2Set	DESCENDANT_PROBE_PASS	0	17424	3aa6e799795d5ed980848b6cfbbff53078e2e243c79a529e8e355309f26a32ca	52d35ce2a53fd435a47644f410911cece0593d3764a0dca5965e3c7c0a69f65d	d8ddf014c364428c24f6ba36f6c4823a8e018342f10b90d4bbab3f9135786ab7	38f105030438e1e108c9433eee5f2ef78bc81f6b6b8887e95640b363866494b7	e3b0c44298fc1c149afbf4c8996fb92427ae41e4649b934ca495991b7852b855	bea46ab4cf4adbeda551b0c6acc48c6474aa0a07a2c563bba580618b66d2c36b	true	true	true	true	true	false	true
80	23	MASKED_TARGET	4	2	7	U07-0000000098_S08-0000000167	C0Rect2Set	DESCENDANT_PROBE_PASS	0	17121	3aa6e799795d5ed980848b6cfbbff53078e2e243c79a529e8e355309f26a32ca	52d35ce2a53fd435a47644f410911cece0593d3764a0dca5965e3c7c0a69f65d	18dba1a486804abbe7cd5b17b2e3bfe54300e76c627a64c445b00bb0661569d0	b72d7b8e8f658a8afc0ae8dff67818b12eccb6d517d39f1d3f6f64b1e561e876	e3b0c44298fc1c149afbf4c8996fb92427ae41e4649b934ca495991b7852b855	bea46ab4cf4adbeda551b0c6acc48c6474aa0a07a2c563bba580618b66d2c36b	true	true	true	true	true	false	true
81	23	MASKED_TARGET	4	2	8	U07-0000000098_S08-0000000168	C0HORect2Set	DESCENDANT_PROBE_PASS	0	17441	6040397a857195262b2b07dc131e75b83115cef7e1c717c188346a885d23e5fe	7b75fa8b67648bcf4c61e3bfdb60664bcad5f1b18b7f7985e6cfd7b004d3aa8a	678443b5e6c62685c8a801349a296d1a951cd64f8cc420b2eed0bfb3e7e4b9ef	475103aa425293be715670f86e3295503b8c3b7e64a93e74c7f2e26f08ef98c1	e3b0c44298fc1c149afbf4c8996fb92427ae41e4649b934ca495991b7852b855	bea46ab4cf4adbeda551b0c6acc48c6474aa0a07a2c563bba580618b66d2c36b	true	true	true	true	true	false	true
82	23	MASKED_TARGET	4	2	8	U07-0000000098_S08-0000000168	C0Rect2Set	DESCENDANT_PROBE_PASS	0	16682	6040397a857195262b2b07dc131e75b83115cef7e1c717c188346a885d23e5fe	7b75fa8b67648bcf4c61e3bfdb60664bcad5f1b18b7f7985e6cfd7b004d3aa8a	f09ea3eeb37891619101b95b8899b79072cc0c9973712da523255026874eb199	34c977e44081fb5c846453177c4d44218a1220d5e2cd354af879c5cb41c6f45d	e3b0c44298fc1c149afbf4c8996fb92427ae41e4649b934ca495991b7852b855	bea46ab4cf4adbeda551b0c6acc48c6474aa0a07a2c563bba580618b66d2c36b	true	true	true	true	true	false	true
83	23	MASKED_TARGET	4	2	9	U07-0000000098_S08-0000000169	C0HORect2Set	DESCENDANT_PROBE_PASS	0	17411	d851e71952ed355f3395c421b9668bf3ac83541ce55fa01b38847777ebf018dd	dc24966ba4856e51fed419407e6b8eb5de28a6cadc47a2ee8ef6f1d3ce5bcc33	f39ef53929abccffe0302bb35dfc30d0f8afd1213aecf8d11c03eaa6210c95cf	2882ca1ee156e7c0baa517bda1907737c009e7bce70011c74680e73debbab9e4	e3b0c44298fc1c149afbf4c8996fb92427ae41e4649b934ca495991b7852b855	bea46ab4cf4adbeda551b0c6acc48c6474aa0a07a2c563bba580618b66d2c36b	true	true	true	true	true	false	true
84	23	MASKED_TARGET	4	2	9	U07-0000000098_S08-0000000169	C0Rect2Set	DESCENDANT_PROBE_PASS	0	16680	d851e71952ed355f3395c421b9668bf3ac83541ce55fa01b38847777ebf018dd	dc24966ba4856e51fed419407e6b8eb5de28a6cadc47a2ee8ef6f1d3ce5bcc33	5ac01b62bf7202d00e7a12bbf58d3a858723220541e0af9632991d9cb96544bb	b90eae47c65e32da83242d862ac1c37865a8dca87044a49e2bc48167d8ba9936	e3b0c44298fc1c149afbf4c8996fb92427ae41e4649b934ca495991b7852b855	bea46ab4cf4adbeda551b0c6acc48c6474aa0a07a2c563bba580618b66d2c36b	true	true	true	true	true	false	true
85	23	MASKED_TARGET	4	2	10	U07-0000000098_S08-0000000170	C0HORect2Set	DESCENDANT_PROBE_PASS	0	17398	d86de0f5e77e628c57a0a0d00cb8c8bdde4f5fe6e90daac74030906f517ed264	787e587ddaa1b308bc891145dceb5990ff7abee9a934a29419ee6940e8526089	25d57c32868c49ea662f7d811f135fb7175693f96df3494e24d1d7db2b100b8c	3d460d7b87578495206dfca4aa19721f6e4cc07c454e6c70da9e2985c039e379	e3b0c44298fc1c149afbf4c8996fb92427ae41e4649b934ca495991b7852b855	bea46ab4cf4adbeda551b0c6acc48c6474aa0a07a2c563bba580618b66d2c36b	true	true	true	true	true	false	true
86	23	MASKED_TARGET	4	2	10	U07-0000000098_S08-0000000170	C0Rect2Set	DESCENDANT_PROBE_PASS	0	16727	d86de0f5e77e628c57a0a0d00cb8c8bdde4f5fe6e90daac74030906f517ed264	787e587ddaa1b308bc891145dceb5990ff7abee9a934a29419ee6940e8526089	e70758ecefc03b68e524ad03e4bf3a975ec262152085fe0ee815c7ef719041af	9ef847ada67f7c18bdaf13adf023ea0796f18b7a3187a58818c5418f59dfa433	e3b0c44298fc1c149afbf4c8996fb92427ae41e4649b934ca495991b7852b855	bea46ab4cf4adbeda551b0c6acc48c6474aa0a07a2c563bba580618b66d2c36b	true	true	true	true	true	false	true
87	23	MASKED_TARGET	4	2	11	U07-0000000098_S08-0000000171	C0HORect2Set	DESCENDANT_PROBE_PASS	0	17379	2ddcc281a60a1a3b00c7e6315293611e7fbac3523715c78fc9cb85d123b903a5	74dd5ae3a406d4e813f3a54a6ce1233f0743676d499799f5192f9836f2e63612	74169667f13a1d861c4aba27edf5ae7f1987f1717c8983ae0bad514770a799f9	52c04e829a8a69ea7c49dec1b2467980127fe9aa8eac48b0edf541f719cf9503	e3b0c44298fc1c149afbf4c8996fb92427ae41e4649b934ca495991b7852b855	bea46ab4cf4adbeda551b0c6acc48c6474aa0a07a2c563bba580618b66d2c36b	true	true	true	true	true	false	true
88	23	MASKED_TARGET	4	2	11	U07-0000000098_S08-0000000171	C0Rect2Set	DESCENDANT_PROBE_PASS	0	16687	2ddcc281a60a1a3b00c7e6315293611e7fbac3523715c78fc9cb85d123b903a5	74dd5ae3a406d4e813f3a54a6ce1233f0743676d499799f5192f9836f2e63612	954666eb6ed1b9e263460c54102fa18ef1f9d63967bd95bca2fddd31d146e446	05b8b2b9f59176b9f7d311dd2c35a9abf573896b5bade5fbf9110e4e5e4d0354	e3b0c44298fc1c149afbf4c8996fb92427ae41e4649b934ca495991b7852b855	bea46ab4cf4adbeda551b0c6acc48c6474aa0a07a2c563bba580618b66d2c36b	true	true	true	true	true	false	true
89	23	MASKED_TARGET	4	2	12	U07-0000000098_S08-0000000172	C0HORect2Set	DESCENDANT_PROBE_PASS	0	17472	dc97254081527c086654f6026ae357d658d20d91d22fe853ae8a3e8b67e12dc4	8306793ab3ab8e89d20915d691f1a45599a793b1b4c2fa891eb1b3027299a903	8e333aab4a665b57bb4648ad461dd13ee99b90cf93718a6f3ee0f28363a6654e	235aaee2bea7cfb04c7358223cdf4ae07aeedfb59869b48539c4ca4270c2fa83	e3b0c44298fc1c149afbf4c8996fb92427ae41e4649b934ca495991b7852b855	bea46ab4cf4adbeda551b0c6acc48c6474aa0a07a2c563bba580618b66d2c36b	true	true	true	true	true	false	true
90	23	MASKED_TARGET	4	2	12	U07-0000000098_S08-0000000172	C0Rect2Set	DESCENDANT_PROBE_PASS	0	16704	dc97254081527c086654f6026ae357d658d20d91d22fe853ae8a3e8b67e12dc4	8306793ab3ab8e89d20915d691f1a45599a793b1b4c2fa891eb1b3027299a903	d1b2b859fb5e9c9285fe49a1f9224dd9075a2df55896eccb2a98a7414ed26c8f	5ab8292a2e394ce01c6c1f873099bfe439c0c1bcdc45a794d36d0429e726dfba	e3b0c44298fc1c149afbf4c8996fb92427ae41e4649b934ca495991b7852b855	bea46ab4cf4adbeda551b0c6acc48c6474aa0a07a2c563bba580618b66d2c36b	true	true	true	true	true	false	true
91	23	MASKED_TARGET	4	2	13	U07-0000000098_S08-0000000173	C0HORect2Set	DESCENDANT_PROBE_PASS	0	17370	ed73d50e3be5c9ac94a319c1bf9e2f09e5b72f8cb711bededdb01a1acd4a236c	ca323a3816e45fe5be77d978c9105b48413959b150fe3c40b4f935761cb79e9c	1406e2eea02b2f7f1a8356267fa5610f6d268130f2aac0fb604be06042bc8f95	cdc5312dfd64508ee9a6c222aa467dff327b7700e10beabec6eb967c10cf71db	e3b0c44298fc1c149afbf4c8996fb92427ae41e4649b934ca495991b7852b855	bea46ab4cf4adbeda551b0c6acc48c6474aa0a07a2c563bba580618b66d2c36b	true	true	true	true	true	false	true
92	23	MASKED_TARGET	4	2	13	U07-0000000098_S08-0000000173	C0Rect2Set	DESCENDANT_PROBE_PASS	0	16663	ed73d50e3be5c9ac94a319c1bf9e2f09e5b72f8cb711bededdb01a1acd4a236c	ca323a3816e45fe5be77d978c9105b48413959b150fe3c40b4f935761cb79e9c	faa8eab92c344e2e2f415a6cf8bb0237f954fea604971d481b4dabd0bc92b444	8b14165680994f30dcca21b0b23db5542eb84bd6bc9dcca7f7dd42cd482055c4	e3b0c44298fc1c149afbf4c8996fb92427ae41e4649b934ca495991b7852b855	bea46ab4cf4adbeda551b0c6acc48c6474aa0a07a2c563bba580618b66d2c36b	true	true	true	true	true	false	true
93	23	MASKED_TARGET	4	2	14	U07-0000000098_S08-0000000174	C0HORect2Set	DESCENDANT_PROBE_PASS	0	17451	d2cb3f4511615032914cc195a73a0c2dbfa23a566459fb2ab6a148322c77d418	007ae53b3a75e9174f02e452d3b73b2780d5406b430c327f6af56c96932030d7	d1719b9e7c72af18fc9896e941fe1c337c8ad06c17b6467c21ebaf8b5d233230	db9fd5d79c370cbf2cefe2e374c6749049958d7ab198e66b3110bdd047d56ba3	e3b0c44298fc1c149afbf4c8996fb92427ae41e4649b934ca495991b7852b855	bea46ab4cf4adbeda551b0c6acc48c6474aa0a07a2c563bba580618b66d2c36b	true	true	true	true	true	false	true
94	23	MASKED_TARGET	4	2	14	U07-0000000098_S08-0000000174	C0Rect2Set	DESCENDANT_PROBE_PASS	0	16684	d2cb3f4511615032914cc195a73a0c2dbfa23a566459fb2ab6a148322c77d418	007ae53b3a75e9174f02e452d3b73b2780d5406b430c327f6af56c96932030d7	b963c16ae635b5dad106c051e68a3a337bf828fa9f9e50f2d44d81fd9faa3f9b	82b03e65d2438d9437bea29395beca5250a07d477e4dc46418723f5ef8dcafc0	e3b0c44298fc1c149afbf4c8996fb92427ae41e4649b934ca495991b7852b855	bea46ab4cf4adbeda551b0c6acc48c6474aa0a07a2c563bba580618b66d2c36b	true	true	true	true	true	false	true
95	23	MASKED_TARGET	4	2	15	U07-0000000098_S08-0000000175	C0HORect2Set	DESCENDANT_PROBE_PASS	0	17470	ed6c3c2e9c36b2c38c1ac4f266dc1e8eb7a0378f4a4275d45972b5b7e3104ab1	dd1fbc9b05e7e2fbc5c4579cc5802d29009b96569f45b35ed06011f692740f73	d7a5a694ef778eaca6537f5d1e7b34fb0c3d3d4454822d2e66c1a947710e64ee	85ac7a01d45d2600cf406dad2c669652fdd30942ec481e15cf26099d98e57daf	e3b0c44298fc1c149afbf4c8996fb92427ae41e4649b934ca495991b7852b855	bea46ab4cf4adbeda551b0c6acc48c6474aa0a07a2c563bba580618b66d2c36b	true	true	true	true	true	false	true
96	23	MASKED_TARGET	4	2	15	U07-0000000098_S08-0000000175	C0Rect2Set	DESCENDANT_PROBE_PASS	0	16705	ed6c3c2e9c36b2c38c1ac4f266dc1e8eb7a0378f4a4275d45972b5b7e3104ab1	dd1fbc9b05e7e2fbc5c4579cc5802d29009b96569f45b35ed06011f692740f73	230314cc9812c69b3da29f21e1a05cc55a825b3aea729477398b88e0664a8ddc	5c046ca61af97bb350981dff7620608ee4495aa78e539c88aaafb1b042da0d0a	e3b0c44298fc1c149afbf4c8996fb92427ae41e4649b934ca495991b7852b855	bea46ab4cf4adbeda551b0c6acc48c6474aa0a07a2c563bba580618b66d2c36b	true	true	true	true	true	false	true
97	23	MASKED_TARGET	4	3	0	U07-0000000099_S08-0000000160	C0HORect2Set	DESCENDANT_PROBE_REJECTED	0	17411	9408797e2e6105d988e8a8964b5020094e4e7e0af771732c72322d5407f8c409	dd262bad46e3cbe2999d9659b39aa5cec8b47afb899c23f2dc2a4d87ccee698a	8c6f0d7137da9d79e4be72d1ba21005e8fdb036e0c775bcf0f9f5cd39e6b9f18	3313520b9a2a39b9635c6e0e7d05357dfc1a88aa597a87d454b36f86b7b48092	e3b0c44298fc1c149afbf4c8996fb92427ae41e4649b934ca495991b7852b855	225cdb9d16e19f2a333fa1b0f8255f2a2b10d8f79f67a7d0c944d7d9076ec2e3	true	true	true	false	false	false	false
98	23	MASKED_TARGET	4	3	0	U07-0000000099_S08-0000000160	C0Rect2Set	DESCENDANT_PROBE_REJECTED	0	16676	9408797e2e6105d988e8a8964b5020094e4e7e0af771732c72322d5407f8c409	dd262bad46e3cbe2999d9659b39aa5cec8b47afb899c23f2dc2a4d87ccee698a	09726f05d0f0470adc1821f2441e0f3105f396a5781fedb8acfb097d4594f11c	366ca36222f13c18ec95e88598eb0805506eef5e2633d4e8cfb81a237cf42b2a	e3b0c44298fc1c149afbf4c8996fb92427ae41e4649b934ca495991b7852b855	225cdb9d16e19f2a333fa1b0f8255f2a2b10d8f79f67a7d0c944d7d9076ec2e3	true	true	true	false	false	false	false
99	23	MASKED_TARGET	4	3	1	U07-0000000099_S08-0000000161	C0HORect2Set	DESCENDANT_PROBE_PASS	0	17497	34265e54407c6cfe3a76f9e8b86c96b6a7fc7a01d864a191c2125aee55788157	2fd402532c2f5bec3065bb81b5b0f962c2533a1bfbcb882cfa2f14f4c3080e2f	1d9ecbddd2bc0962bf682c20b8ea8aab9c1828b89e5ef8fd7961f83432a053a8	219396c3220b117ae76ba6e123350b21d93b073522cb5a73df59e17f53d7802a	e3b0c44298fc1c149afbf4c8996fb92427ae41e4649b934ca495991b7852b855	bea46ab4cf4adbeda551b0c6acc48c6474aa0a07a2c563bba580618b66d2c36b	true	true	true	true	true	false	true
100	23	MASKED_TARGET	4	3	1	U07-0000000099_S08-0000000161	C0Rect2Set	DESCENDANT_PROBE_PASS	0	16714	34265e54407c6cfe3a76f9e8b86c96b6a7fc7a01d864a191c2125aee55788157	2fd402532c2f5bec3065bb81b5b0f962c2533a1bfbcb882cfa2f14f4c3080e2f	ecb516da14756341a00543ae27102b1bc51753d834819b7e24ba4d92190ef050	e6b4c8e1c68c664bf211ff4253cb74ab3d1886a076cb90b97d975549ad6276f2	e3b0c44298fc1c149afbf4c8996fb92427ae41e4649b934ca495991b7852b855	bea46ab4cf4adbeda551b0c6acc48c6474aa0a07a2c563bba580618b66d2c36b	true	true	true	true	true	false	true
101	23	MASKED_TARGET	4	3	2	U07-0000000099_S08-0000000162	C0HORect2Set	DESCENDANT_PROBE_PASS	0	17391	a2f1edc1cafefb6f052b9e06b53ddb9d7242512595d16f91ff42754897002a20	79c9500d903a04a3fc0e69015382f948a7052fe760e385199c41098078313974	1f17c3376f9e7a7e20556c41e9f052256537fe236ae3dad4c368756730a1c324	8f830a67d50535d7d456c0543586df15c03f6de2768f38097eb0d4c907d63793	e3b0c44298fc1c149afbf4c8996fb92427ae41e4649b934ca495991b7852b855	bea46ab4cf4adbeda551b0c6acc48c6474aa0a07a2c563bba580618b66d2c36b	true	true	true	true	true	false	true
102	23	MASKED_TARGET	4	3	2	U07-0000000099_S08-0000000162	C0Rect2Set	DESCENDANT_PROBE_PASS	0	16700	a2f1edc1cafefb6f052b9e06b53ddb9d7242512595d16f91ff42754897002a20	79c9500d903a04a3fc0e69015382f948a7052fe760e385199c41098078313974	4bfb90206e754f57c94aab3cd0b0b89886b2e32f5af61e3e0afa977dd28dae17	09c23cb77cfc088e85f61747cf8ca726cd9b4f14d3b61bfd9860273ded209b13	e3b0c44298fc1c149afbf4c8996fb92427ae41e4649b934ca495991b7852b855	bea46ab4cf4adbeda551b0c6acc48c6474aa0a07a2c563bba580618b66d2c36b	true	true	true	true	true	false	true
103	23	MASKED_TARGET	4	3	3	U07-0000000099_S08-0000000163	C0HORect2Set	DESCENDANT_PROBE_PASS	0	17426	a47b22a193deb96b294105995e5edf4ebfeb88d45fbc638e7256cbac6ed83338	9916be09cc12c7ca3b447c9fd1766030c0ad36b2083e8cce086ed70519d60a74	1c56df433c6858d332699b9cf70188b92178aa7e8b0ec4a838c16446819a50dd	4473c83bd856590d0fb95143cee2d3dfa2ede5005d6818af51b395d3372b77c5	e3b0c44298fc1c149afbf4c8996fb92427ae41e4649b934ca495991b7852b855	bea46ab4cf4adbeda551b0c6acc48c6474aa0a07a2c563bba580618b66d2c36b	true	true	true	true	true	false	true
104	23	MASKED_TARGET	4	3	3	U07-0000000099_S08-0000000163	C0Rect2Set	DESCENDANT_PROBE_PASS	0	16707	a47b22a193deb96b294105995e5edf4ebfeb88d45fbc638e7256cbac6ed83338	9916be09cc12c7ca3b447c9fd1766030c0ad36b2083e8cce086ed70519d60a74	2c37fccefccad1d8e1eb597dcfd146cb8642dbadc9d0f3e6d896c97920e825e9	a31c5c61c07921a0075629fd1b632010cf50822272775a83be496541e005a5db	e3b0c44298fc1c149afbf4c8996fb92427ae41e4649b934ca495991b7852b855	bea46ab4cf4adbeda551b0c6acc48c6474aa0a07a2c563bba580618b66d2c36b	true	true	true	true	true	false	true
105	23	MASKED_TARGET	4	3	4	U07-0000000099_S08-0000000164	C0HORect2Set	DESCENDANT_PROBE_PASS	0	17401	736e8f8625d37b72d9b8e8d955fa50eb01e2a263566a952447eaaeedbf1b9c46	27dc70c0dbc8e8e67e8c41f3f239bb68d241f75d264ad4d4fa2048827b97ac7f	86dc8e9f635f455231f066e2f129e29cf3e7e1346085f7d4573345297463c56f	d10b9e1edb1f2206f757262c082a8b367d218c5a36e3c9b201ac469d4a440f13	e3b0c44298fc1c149afbf4c8996fb92427ae41e4649b934ca495991b7852b855	bea46ab4cf4adbeda551b0c6acc48c6474aa0a07a2c563bba580618b66d2c36b	true	true	true	true	true	false	true
106	23	MASKED_TARGET	4	3	4	U07-0000000099_S08-0000000164	C0Rect2Set	DESCENDANT_PROBE_PASS	0	16722	736e8f8625d37b72d9b8e8d955fa50eb01e2a263566a952447eaaeedbf1b9c46	27dc70c0dbc8e8e67e8c41f3f239bb68d241f75d264ad4d4fa2048827b97ac7f	a6cbd46b39b37f084118e98fbc2def029206b783b5fcb6d782fb3afb98fb7214	58c689f263a62f049ce5fd994c2cd46e666f650756c1b5b0397dfcc4a46d02d9	e3b0c44298fc1c149afbf4c8996fb92427ae41e4649b934ca495991b7852b855	bea46ab4cf4adbeda551b0c6acc48c6474aa0a07a2c563bba580618b66d2c36b	true	true	true	true	true	false	true
107	23	MASKED_TARGET	4	3	5	U07-0000000099_S08-0000000165	C0HORect2Set	DESCENDANT_PROBE_PASS	0	17375	7623e1462dc703320bb03aa343a9b73cea7be9bae7d9e5b969ef59f7041c2e0f	ca9003130ddb0375db1c0f3908886bfcc08691c18559a743add024b018af3542	abfaff7e42796816ec9d18f86c4605d2c03c2edc5531a4704c5bbf6bf9684e15	57b41afa8d6c4294a9e327b122bb2aa5c328afe10354614d38783ce77bb1bcb5	e3b0c44298fc1c149afbf4c8996fb92427ae41e4649b934ca495991b7852b855	bea46ab4cf4adbeda551b0c6acc48c6474aa0a07a2c563bba580618b66d2c36b	true	true	true	true	true	false	true
108	23	MASKED_TARGET	4	3	5	U07-0000000099_S08-0000000165	C0Rect2Set	DESCENDANT_PROBE_PASS	0	16726	7623e1462dc703320bb03aa343a9b73cea7be9bae7d9e5b969ef59f7041c2e0f	ca9003130ddb0375db1c0f3908886bfcc08691c18559a743add024b018af3542	0cc7f905484c00f0541bfd827fab14388ce41a32206cf7f11af7088247b8429a	c59fabb8237d9f9401a63d8988973aa4ccef505c96a88fd9d26ce73f0d43c694	e3b0c44298fc1c149afbf4c8996fb92427ae41e4649b934ca495991b7852b855	bea46ab4cf4adbeda551b0c6acc48c6474aa0a07a2c563bba580618b66d2c36b	true	true	true	true	true	false	true
109	23	MASKED_TARGET	4	3	6	U07-0000000099_S08-0000000166	C0HORect2Set	DESCENDANT_PROBE_PASS	0	17387	9317d71e440057198d67801bc2a4354eb8e9a1fddbadf36d6b8a49dab7d927f5	c1d518926513b50cee50da5e8cafedc24a65b87cb0a2226d35b12b1c12b08044	bd5fdfd6fb5c24547424976ebc173eccb16a4ffbeff225bf9ebc84f4f372a783	7766135c378c63bd8e65bc4c4e0ab47da7ecd838f91f545443ce6f234cffd657	e3b0c44298fc1c149afbf4c8996fb92427ae41e4649b934ca495991b7852b855	bea46ab4cf4adbeda551b0c6acc48c6474aa0a07a2c563bba580618b66d2c36b	true	true	true	true	true	false	true
110	23	MASKED_TARGET	4	3	6	U07-0000000099_S08-0000000166	C0Rect2Set	DESCENDANT_PROBE_PASS	0	16703	9317d71e440057198d67801bc2a4354eb8e9a1fddbadf36d6b8a49dab7d927f5	c1d518926513b50cee50da5e8cafedc24a65b87cb0a2226d35b12b1c12b08044	ab305a3a4ae35990492aab74e99ebb351ab467ae4c7ec0fbcb51cbefc6f4b42c	cbabe859d7aca0ab0156206d9143ca5a8cb8664e7d3fab11300c92f883286a40	e3b0c44298fc1c149afbf4c8996fb92427ae41e4649b934ca495991b7852b855	bea46ab4cf4adbeda551b0c6acc48c6474aa0a07a2c563bba580618b66d2c36b	true	true	true	true	true	false	true
111	23	MASKED_TARGET	4	3	7	U07-0000000099_S08-0000000167	C0HORect2Set	DESCENDANT_PROBE_PASS	0	17780	e94b57adf412a4e6d996cb8fde2ae7381f60277b3679beea7cb917d45f839c29	ba2952272fec4666175d5dd4ce328b8d303b33077ef5a890193e26c17e49b9bf	2a5559190fb1bafa4315c3a6cc65aa7ae1118313ca45ad50251d545380c3f167	1737d6d0262202131cdf84f6066f175b46b15bd7dc95ebd1ab0a7ae19a9b5a4d	e3b0c44298fc1c149afbf4c8996fb92427ae41e4649b934ca495991b7852b855	bea46ab4cf4adbeda551b0c6acc48c6474aa0a07a2c563bba580618b66d2c36b	true	true	true	true	true	false	true
112	23	MASKED_TARGET	4	3	7	U07-0000000099_S08-0000000167	C0Rect2Set	DESCENDANT_PROBE_PASS	0	16696	e94b57adf412a4e6d996cb8fde2ae7381f60277b3679beea7cb917d45f839c29	ba2952272fec4666175d5dd4ce328b8d303b33077ef5a890193e26c17e49b9bf	c9e575610d5a24d4edba188f6f8f15e22810aec1cbdc5fd6655c9f64fd4659b7	253c5c1cae0a23db4d4ca817e2c8a8236d8a7a6a1582d5cc547714d8ca7b069f	e3b0c44298fc1c149afbf4c8996fb92427ae41e4649b934ca495991b7852b855	bea46ab4cf4adbeda551b0c6acc48c6474aa0a07a2c563bba580618b66d2c36b	true	true	true	true	true	false	true
113	23	MASKED_TARGET	4	3	8	U07-0000000099_S08-0000000168	C0HORect2Set	DESCENDANT_PROBE_PASS	0	17423	1335bedf82c58300302d1739b35941938ca0995e56965f489dbb21539c04299b	621713a0d3f4c711aed6d6ef7331bd1908889be7e57952595486eceecf7ea968	26a2f466c0a31116592531e83c1013f84eba356fa5673d3d40c95191e27d073b	0ce3b12b49b13fc2a349b5d2003dfebd6c1c0eb5e8e65535f344ed804cbb4dc2	e3b0c44298fc1c149afbf4c8996fb92427ae41e4649b934ca495991b7852b855	bea46ab4cf4adbeda551b0c6acc48c6474aa0a07a2c563bba580618b66d2c36b	true	true	true	true	true	false	true
114	23	MASKED_TARGET	4	3	8	U07-0000000099_S08-0000000168	C0Rect2Set	DESCENDANT_PROBE_PASS	0	16677	1335bedf82c58300302d1739b35941938ca0995e56965f489dbb21539c04299b	621713a0d3f4c711aed6d6ef7331bd1908889be7e57952595486eceecf7ea968	947a1a7e0107f4cf1dea3ac6fd3e6471311f8ca2ca0f45f06380e568adeda025	ecf6917b7e30b4eff310f56bcabb66bd9e4a06dce9d793a1534653b6bc2d8727	e3b0c44298fc1c149afbf4c8996fb92427ae41e4649b934ca495991b7852b855	bea46ab4cf4adbeda551b0c6acc48c6474aa0a07a2c563bba580618b66d2c36b	true	true	true	true	true	false	true
115	23	MASKED_TARGET	4	3	9	U07-0000000099_S08-0000000169	C0HORect2Set	DESCENDANT_PROBE_PASS	0	17423	69643aa7bdda7f076ff6c75904c3d24b12c062c006665872982ae64f78b1d297	140b17fc580efdb64b94e05059ffe2b8646d28b5fce0ce9d0aa17e3ef22a3444	464bfbb0b6b3e87f535a6b1f44a40561b9a2db583e114688e1100fb26491dae3	d33ba61aaa75c0b61c17a0070e70cb9b4eeb2550db8494c58a6b248e9db10841	e3b0c44298fc1c149afbf4c8996fb92427ae41e4649b934ca495991b7852b855	bea46ab4cf4adbeda551b0c6acc48c6474aa0a07a2c563bba580618b66d2c36b	true	true	true	true	true	false	true
116	23	MASKED_TARGET	4	3	9	U07-0000000099_S08-0000000169	C0Rect2Set	DESCENDANT_PROBE_PASS	0	16707	69643aa7bdda7f076ff6c75904c3d24b12c062c006665872982ae64f78b1d297	140b17fc580efdb64b94e05059ffe2b8646d28b5fce0ce9d0aa17e3ef22a3444	a5bfe8f678d1f2d25bee886a17386f570907792dac2ea45c38e9816aa3e9a59b	80f8b10d7866a39d88dfaccf451f101ba0ed14a900c7f37e5c8aaf6c7c534b39	e3b0c44298fc1c149afbf4c8996fb92427ae41e4649b934ca495991b7852b855	bea46ab4cf4adbeda551b0c6acc48c6474aa0a07a2c563bba580618b66d2c36b	true	true	true	true	true	false	true
117	23	MASKED_TARGET	4	3	10	U07-0000000099_S08-0000000170	C0HORect2Set	DESCENDANT_PROBE_PASS	0	17424	1f72aaed81f8fb839222cf1008a67ce49fa27ef74f36fbe57781a6559ba07a7b	0f0dabc0d9b73e695adb49c0dc432f2aa4cbbe30e54582de017855979b63c7dd	ed99750df013f3af5fdad9212aafd8d8b79b3d92f489e089524b0b1022abb605	3ece18852d5775257224a7c658a6c019644a483e5cf62317178709fccba39a9b	e3b0c44298fc1c149afbf4c8996fb92427ae41e4649b934ca495991b7852b855	bea46ab4cf4adbeda551b0c6acc48c6474aa0a07a2c563bba580618b66d2c36b	true	true	true	true	true	false	true
118	23	MASKED_TARGET	4	3	10	U07-0000000099_S08-0000000170	C0Rect2Set	DESCENDANT_PROBE_PASS	0	16711	1f72aaed81f8fb839222cf1008a67ce49fa27ef74f36fbe57781a6559ba07a7b	0f0dabc0d9b73e695adb49c0dc432f2aa4cbbe30e54582de017855979b63c7dd	02240b2f38e972650eb544dcff1a8e0e38ac645212b1f06c1c727537dbea75f8	b1dcd1f000fa527357d38d0b668c4632de5cf9c8f6e0a0c355850ec73f663ee7	e3b0c44298fc1c149afbf4c8996fb92427ae41e4649b934ca495991b7852b855	bea46ab4cf4adbeda551b0c6acc48c6474aa0a07a2c563bba580618b66d2c36b	true	true	true	true	true	false	true
119	23	MASKED_TARGET	4	3	11	U07-0000000099_S08-0000000171	C0HORect2Set	DESCENDANT_PROBE_PASS	0	17441	d460fc56163874f8054f78be51e33abfe08f640dc901632a1661cfa00e3e98b7	ef5a8a1fd58006685bfaa35810b1cb7d6766b635f4cae9ac58ac09c453243a95	2b73e9b4cff2daeaf17e0c21d3da8433ef7349888331dfa5ab737bde1d032532	1855ded1adf8576a327eb08f97b64374d26748a64729aa3bd6be69bd5c2af7b5	e3b0c44298fc1c149afbf4c8996fb92427ae41e4649b934ca495991b7852b855	bea46ab4cf4adbeda551b0c6acc48c6474aa0a07a2c563bba580618b66d2c36b	true	true	true	true	true	false	true
120	23	MASKED_TARGET	4	3	11	U07-0000000099_S08-0000000171	C0Rect2Set	DESCENDANT_PROBE_PASS	0	16701	d460fc56163874f8054f78be51e33abfe08f640dc901632a1661cfa00e3e98b7	ef5a8a1fd58006685bfaa35810b1cb7d6766b635f4cae9ac58ac09c453243a95	69b3d45a7f181efced65ce05412315a726d255f7ba094733dd848822d93553a0	89800095a7d59070f49de184b2ae30e9cc8b842bdc379208864046a28b56003b	e3b0c44298fc1c149afbf4c8996fb92427ae41e4649b934ca495991b7852b855	bea46ab4cf4adbeda551b0c6acc48c6474aa0a07a2c563bba580618b66d2c36b	true	true	true	true	true	false	true
121	23	MASKED_TARGET	4	3	12	U07-0000000099_S08-0000000172	C0HORect2Set	DESCENDANT_PROBE_PASS	0	17400	f19e9022ae8839f06446d5b8ab6a9beae0cd02da52dbb16167706e233d0dfda6	a3d10be274fb52ce80118626aba23630ec5343b8731a7bfcf86547e4955ba428	8fe4af549ea4d04e04ccf4fd9e18e0a86b96a77970e0218f0e0373b28e99e747	9dec0fa991d6717b659727fcc04ce181e56f8d58f3d8b116f0630d98e05a27c6	e3b0c44298fc1c149afbf4c8996fb92427ae41e4649b934ca495991b7852b855	bea46ab4cf4adbeda551b0c6acc48c6474aa0a07a2c563bba580618b66d2c36b	true	true	true	true	true	false	true
122	23	MASKED_TARGET	4	3	12	U07-0000000099_S08-0000000172	C0Rect2Set	DESCENDANT_PROBE_PASS	0	16720	f19e9022ae8839f06446d5b8ab6a9beae0cd02da52dbb16167706e233d0dfda6	a3d10be274fb52ce80118626aba23630ec5343b8731a7bfcf86547e4955ba428	d10eadf531b6cae34d63aff32d77f8c35437aa835e4a3652339308415257bccd	74b5cbc625ab558dd8b64cea6a7fbcdc6e9d2601942faa56d1a9c5ac1b1e7494	e3b0c44298fc1c149afbf4c8996fb92427ae41e4649b934ca495991b7852b855	bea46ab4cf4adbeda551b0c6acc48c6474aa0a07a2c563bba580618b66d2c36b	true	true	true	true	true	false	true
123	23	MASKED_TARGET	4	3	13	U07-0000000099_S08-0000000173	C0HORect2Set	DESCENDANT_PROBE_PASS	0	17421	f5b2b42db973aea092721fdc5bf012f2a6eb489aa5ccb967c0380dcf976bd2c4	f4516b5a536af125a84c9d0656d5d7587ac55786c2b9aeb0944edb507de4a02f	1d37402d20f7793e9a900ec101c7bbd68b059954e867b4f7dd4f148dcc4a5815	7b5893f0a84a88177a8a542df55d95bf249997cd726787c51f8d82a296040c1c	e3b0c44298fc1c149afbf4c8996fb92427ae41e4649b934ca495991b7852b855	bea46ab4cf4adbeda551b0c6acc48c6474aa0a07a2c563bba580618b66d2c36b	true	true	true	true	true	false	true
124	23	MASKED_TARGET	4	3	13	U07-0000000099_S08-0000000173	C0Rect2Set	DESCENDANT_PROBE_PASS	0	16705	f5b2b42db973aea092721fdc5bf012f2a6eb489aa5ccb967c0380dcf976bd2c4	f4516b5a536af125a84c9d0656d5d7587ac55786c2b9aeb0944edb507de4a02f	5db8bb8336b055763bf2ac1b0eb1981ba9047d50c0f01db3a4b6987d79d4f685	0eedc4d5b0730a5eac6e29b4e63b1df07fc4aaa59ea3b456e2d0d435c131b9c1	e3b0c44298fc1c149afbf4c8996fb92427ae41e4649b934ca495991b7852b855	bea46ab4cf4adbeda551b0c6acc48c6474aa0a07a2c563bba580618b66d2c36b	true	true	true	true	true	false	true
125	23	MASKED_TARGET	4	3	14	U07-0000000099_S08-0000000174	C0HORect2Set	DESCENDANT_PROBE_PASS	0	17383	4ee381fd7ed4e8aa388f5e459ab0e7db9809675e4c94e366e9f4c3a9d9500831	d484436ff63518be236d23df7c7db3db60404413af2ca0251f5dbbc0beacae21	a9238dabb293a399d403fbc08f5c0013e75eddb39e76b500d362be81c0bd7170	c2c292e9aa8f8ec0dcaf2e6251aa183b9ed22e78aa74ecc7f5198087f1f96e65	e3b0c44298fc1c149afbf4c8996fb92427ae41e4649b934ca495991b7852b855	bea46ab4cf4adbeda551b0c6acc48c6474aa0a07a2c563bba580618b66d2c36b	true	true	true	true	true	false	true
126	23	MASKED_TARGET	4	3	14	U07-0000000099_S08-0000000174	C0Rect2Set	DESCENDANT_PROBE_PASS	0	16715	4ee381fd7ed4e8aa388f5e459ab0e7db9809675e4c94e366e9f4c3a9d9500831	d484436ff63518be236d23df7c7db3db60404413af2ca0251f5dbbc0beacae21	110cfa7295e8c212ec7cf30a144057c801da58cd25af6167e6bd68ec497e7888	8daeb39b9ca7ac541b96bd104d8da8b380f5238ed0e4b761e996002076b26180	e3b0c44298fc1c149afbf4c8996fb92427ae41e4649b934ca495991b7852b855	bea46ab4cf4adbeda551b0c6acc48c6474aa0a07a2c563bba580618b66d2c36b	true	true	true	true	true	false	true
127	23	MASKED_TARGET	4	3	15	U07-0000000099_S08-0000000175	C0HORect2Set	DESCENDANT_PROBE_PASS	0	17503	819935da14e464f8e8fa28cc1b3c3bc1b4ee485fd4d53c685627c2bcab2801e8	936b51a532603d4331cc1ca548d7ee11f2dc58755edf6b789216d9a249bb9dd1	a1b688b435c72bb4ff6f1cd3a4b04403ae1844dac1c18e4b7c851bb815d1bc0e	7024c9e8ffe4f6acf329d3bb89237b4ebec3e72e7bffb940b0784d9e62e60569	e3b0c44298fc1c149afbf4c8996fb92427ae41e4649b934ca495991b7852b855	bea46ab4cf4adbeda551b0c6acc48c6474aa0a07a2c563bba580618b66d2c36b	true	true	true	true	true	false	true
128	23	MASKED_TARGET	4	3	15	U07-0000000099_S08-0000000175	C0Rect2Set	DESCENDANT_PROBE_PASS	0	16784	819935da14e464f8e8fa28cc1b3c3bc1b4ee485fd4d53c685627c2bcab2801e8	936b51a532603d4331cc1ca548d7ee11f2dc58755edf6b789216d9a249bb9dd1	1ed498392dfdcba6fc6d631629fd9698c8eed8f4963c9a3e19774ab3e5853e71	64a680aeda86e172c60fa7aa5dee69d337e07292b52a8140259e04587f65ccee	e3b0c44298fc1c149afbf4c8996fb92427ae41e4649b934ca495991b7852b855	bea46ab4cf4adbeda551b0c6acc48c6474aa0a07a2c563bba580618b66d2c36b	true	true	true	true	true	false	true
129	23	MASKED_TARGET	4	4	0	U07-0000000100_S08-0000000160	C0HORect2Set	DESCENDANT_PROBE_REJECTED	0	17413	19b983901a383d145fffd4932be24999755f48a0d059f6ba130ae36ed61aa29f	3299e0de9030398515dd1f4186c689c90ae65aa8b7814b37008017e370a348a5	c824ba997edcbd4e0c52db948f4c228210a47f1fac38a3f3b16a820f8d56f287	d1a0d939a22854f39e9c6e4f4371c494ddca0c23f6b5e6a3b246ac625c235a8d	e3b0c44298fc1c149afbf4c8996fb92427ae41e4649b934ca495991b7852b855	225cdb9d16e19f2a333fa1b0f8255f2a2b10d8f79f67a7d0c944d7d9076ec2e3	true	true	true	false	false	false	false
130	23	MASKED_TARGET	4	4	0	U07-0000000100_S08-0000000160	C0Rect2Set	DESCENDANT_PROBE_REJECTED	0	16718	19b983901a383d145fffd4932be24999755f48a0d059f6ba130ae36ed61aa29f	3299e0de9030398515dd1f4186c689c90ae65aa8b7814b37008017e370a348a5	8074bfddab2305a9572577b929e6dde3cef41702ce21c624b359db70f050a7b9	6576505eeccf1879e88889e8c6e60d3f2437c916c70e2ee186c2a8f8b7c9996e	e3b0c44298fc1c149afbf4c8996fb92427ae41e4649b934ca495991b7852b855	225cdb9d16e19f2a333fa1b0f8255f2a2b10d8f79f67a7d0c944d7d9076ec2e3	true	true	true	false	false	false	false
131	23	MASKED_TARGET	4	4	1	U07-0000000100_S08-0000000161	C0HORect2Set	DESCENDANT_PROBE_PASS	0	17415	ad2b2ef9eab5c7cb4a5ab6189a80721a830c1e5f206eaacfea03981001bb4aab	5a394bcc461c442604cf82039165ab649f060134cdff1f539e3dab1420b9f5d5	06cf5b7f98fd0a71130aa6cfe7ec7db2745d0754eee851101a9fd053c0cfbfc0	fba094c7eac39228994038adea30b81e678b27d77a7fd8caff87a6cc578da3d4	e3b0c44298fc1c149afbf4c8996fb92427ae41e4649b934ca495991b7852b855	bea46ab4cf4adbeda551b0c6acc48c6474aa0a07a2c563bba580618b66d2c36b	true	true	true	true	true	false	true
132	23	MASKED_TARGET	4	4	1	U07-0000000100_S08-0000000161	C0Rect2Set	DESCENDANT_PROBE_PASS	0	16688	ad2b2ef9eab5c7cb4a5ab6189a80721a830c1e5f206eaacfea03981001bb4aab	5a394bcc461c442604cf82039165ab649f060134cdff1f539e3dab1420b9f5d5	48aa48a0b1c34338f7717b463ba04ea9bf58fdfaff2ab6365530f69b46aacc0e	60564614864336199ef941638fb1dedcb528e0819a91571788221f35921bc04d	e3b0c44298fc1c149afbf4c8996fb92427ae41e4649b934ca495991b7852b855	bea46ab4cf4adbeda551b0c6acc48c6474aa0a07a2c563bba580618b66d2c36b	true	true	true	true	true	false	true
133	23	MASKED_TARGET	4	4	2	U07-0000000100_S08-0000000162	C0HORect2Set	DESCENDANT_PROBE_PASS	0	17416	f7c45f7ec625807ab4f1c08d2652f5f92cbfc859611083e24b05d78c8c0fca59	cecb801a2787b884ccdfbc7b433344eb76c0e455900ffd36df1221d349a9943f	e838f378c761fa6e0f6bcd06726b94ea1ff9c11b8fceb9b16708bca181bf8b44	b35987590de7280ddac7e445328c8b0b8dca0e8454956acd8cf0bf5cba479d76	e3b0c44298fc1c149afbf4c8996fb92427ae41e4649b934ca495991b7852b855	bea46ab4cf4adbeda551b0c6acc48c6474aa0a07a2c563bba580618b66d2c36b	true	true	true	true	true	false	true
134	23	MASKED_TARGET	4	4	2	U07-0000000100_S08-0000000162	C0Rect2Set	DESCENDANT_PROBE_PASS	0	16674	f7c45f7ec625807ab4f1c08d2652f5f92cbfc859611083e24b05d78c8c0fca59	cecb801a2787b884ccdfbc7b433344eb76c0e455900ffd36df1221d349a9943f	c892f056d8b22a7393cb371e5b48ed7dc630aca7af08b9f081f4a5890cce71d8	997ec6ad75499b132bacf2c4ab1e9643c59b1d552c59483070816e9bcabb4733	e3b0c44298fc1c149afbf4c8996fb92427ae41e4649b934ca495991b7852b855	bea46ab4cf4adbeda551b0c6acc48c6474aa0a07a2c563bba580618b66d2c36b	true	true	true	true	true	false	true
135	23	MASKED_TARGET	4	4	3	U07-0000000100_S08-0000000163	C0HORect2Set	DESCENDANT_PROBE_PASS	0	17403	e3ec05a667a13085aae8940400f9f529cfcda902487101a2b7f148a57d78b028	55d77d47b069661e5c422427e7c3ba4a30420221da71be1f3415ca8e7f900c73	20f31eb12068266f74f9a802cd99d55141fa6c6941c1bcf543339fc6356403ca	98e865e9e3b3826e1b4ac368a2adb5759b29912bf3ab6c20b40943aa5a25d849	e3b0c44298fc1c149afbf4c8996fb92427ae41e4649b934ca495991b7852b855	bea46ab4cf4adbeda551b0c6acc48c6474aa0a07a2c563bba580618b66d2c36b	true	true	true	true	true	false	true
136	23	MASKED_TARGET	4	4	3	U07-0000000100_S08-0000000163	C0Rect2Set	DESCENDANT_PROBE_PASS	0	16673	e3ec05a667a13085aae8940400f9f529cfcda902487101a2b7f148a57d78b028	55d77d47b069661e5c422427e7c3ba4a30420221da71be1f3415ca8e7f900c73	2e30498aafcbbc3a646f148d003401b4e5ae5556647a5a7310476adcfbba5215	259f291db441f650c971d371a383fad6fab597ac014bc37c058384a7c5e6b45e	e3b0c44298fc1c149afbf4c8996fb92427ae41e4649b934ca495991b7852b855	bea46ab4cf4adbeda551b0c6acc48c6474aa0a07a2c563bba580618b66d2c36b	true	true	true	true	true	false	true
137	23	MASKED_TARGET	4	4	4	U07-0000000100_S08-0000000164	C0HORect2Set	DESCENDANT_PROBE_PASS	0	17461	ec52c7f0ea803b9877e240226a1ec69e7399feeb90e0121a0f0199367e095cb7	356beeb37b837d11ea4f96ea4d0a3e12ab6e1af50d0e0517609b6413618594b1	7e36ec88d88fc94897c4e34fb22b9e10fb900c0d1ebda561070d38c217ed62d4	f5a32c43b5dc8b438a4bc1c289f5ab9068ad73c7aa7ecdbf9d31b8d2250dde77	e3b0c44298fc1c149afbf4c8996fb92427ae41e4649b934ca495991b7852b855	bea46ab4cf4adbeda551b0c6acc48c6474aa0a07a2c563bba580618b66d2c36b	true	true	true	true	true	false	true
138	23	MASKED_TARGET	4	4	4	U07-0000000100_S08-0000000164	C0Rect2Set	DESCENDANT_PROBE_PASS	0	16696	ec52c7f0ea803b9877e240226a1ec69e7399feeb90e0121a0f0199367e095cb7	356beeb37b837d11ea4f96ea4d0a3e12ab6e1af50d0e0517609b6413618594b1	43dd487970143e04cc540773864f1e13f978c1e49c009882833e9243cf651be8	0c0e457a529aff70a2b1aafabaf3470ae3dfe80fa85e9ffd9b0a4522283d4f7c	e3b0c44298fc1c149afbf4c8996fb92427ae41e4649b934ca495991b7852b855	bea46ab4cf4adbeda551b0c6acc48c6474aa0a07a2c563bba580618b66d2c36b	true	true	true	true	true	false	true
139	23	MASKED_TARGET	4	4	5	U07-0000000100_S08-0000000165	C0HORect2Set	DESCENDANT_PROBE_PASS	0	17414	3e510cdb8d67aa10cc08b04c0c12343bfa26b11ea1d41d0c280d824a1850cd02	a6a2faeaccd4119ee7b0688659799fe1b45d4b6d44a17720f89e221a729fa8de	e694121bc97eb64642374d590dc4fc7e60f5a906ab2e038f156220b63321bee9	5de29d4b4f90f5379e3694aa07228a10024001facf965b53f6e9d27296490442	e3b0c44298fc1c149afbf4c8996fb92427ae41e4649b934ca495991b7852b855	bea46ab4cf4adbeda551b0c6acc48c6474aa0a07a2c563bba580618b66d2c36b	true	true	true	true	true	false	true
140	23	MASKED_TARGET	4	4	5	U07-0000000100_S08-0000000165	C0Rect2Set	DESCENDANT_PROBE_PASS	0	17081	3e510cdb8d67aa10cc08b04c0c12343bfa26b11ea1d41d0c280d824a1850cd02	a6a2faeaccd4119ee7b0688659799fe1b45d4b6d44a17720f89e221a729fa8de	7f0088a3d04d11564abd3f91615a4b952c49d5bca09ab64371d864cae1ad1603	6d829f5ce6e821ab90baa50f39cb08ea7aad9c5ad3873c0a7329a52b4bb92710	e3b0c44298fc1c149afbf4c8996fb92427ae41e4649b934ca495991b7852b855	bea46ab4cf4adbeda551b0c6acc48c6474aa0a07a2c563bba580618b66d2c36b	true	true	true	true	true	false	true
141	23	MASKED_TARGET	4	4	6	U07-0000000100_S08-0000000166	C0HORect2Set	DESCENDANT_PROBE_PASS	0	17364	614ad759fbbd796dc787b0a8d4aa2a44c3e9fee22fb41b6fbf499cef84510c5a	5d6a8191e89eb4e19f8c6c65d75b20971cad210d2864cc55d7cb09ff0e6e674b	8d5dd93817b3c35783b01b5d84718e997a5edd01442fb314a090a7ca4e4056c4	8e433ef356a0b6311ca1febf01da1fdbbecbb062f65305d13489170ce538af51	e3b0c44298fc1c149afbf4c8996fb92427ae41e4649b934ca495991b7852b855	bea46ab4cf4adbeda551b0c6acc48c6474aa0a07a2c563bba580618b66d2c36b	true	true	true	true	true	false	true
142	23	MASKED_TARGET	4	4	6	U07-0000000100_S08-0000000166	C0Rect2Set	DESCENDANT_PROBE_PASS	0	16664	614ad759fbbd796dc787b0a8d4aa2a44c3e9fee22fb41b6fbf499cef84510c5a	5d6a8191e89eb4e19f8c6c65d75b20971cad210d2864cc55d7cb09ff0e6e674b	8d206f6345212219fb0b0b250bc963535c04e4223992f12541d9dc12e7521210	f85480c3478e77d1c3e56accf4c017328c3a04e49f39396e7458cccd9a9eda61	e3b0c44298fc1c149afbf4c8996fb92427ae41e4649b934ca495991b7852b855	bea46ab4cf4adbeda551b0c6acc48c6474aa0a07a2c563bba580618b66d2c36b	true	true	true	true	true	false	true
143	23	MASKED_TARGET	4	4	7	U07-0000000100_S08-0000000167	C0HORect2Set	DESCENDANT_PROBE_PASS	0	17399	c6d4644f5d6353c8df01e0aa7a4cb70268b215d846a5534a73283d4ddb560406	7a55519c23cb5504b5ab68a3f0e9d66bb80ea46af050eb629daf1c055a40b624	09b06342ec200d149cfc6b8df8be20e94407127b1887add8292628a3bccc58ce	fc247019364785611fa91a1dfa5730c116afef8ce6fb07e911b4ae3931e76673	e3b0c44298fc1c149afbf4c8996fb92427ae41e4649b934ca495991b7852b855	bea46ab4cf4adbeda551b0c6acc48c6474aa0a07a2c563bba580618b66d2c36b	true	true	true	true	true	false	true
144	23	MASKED_TARGET	4	4	7	U07-0000000100_S08-0000000167	C0Rect2Set	DESCENDANT_PROBE_PASS	0	16681	c6d4644f5d6353c8df01e0aa7a4cb70268b215d846a5534a73283d4ddb560406	7a55519c23cb5504b5ab68a3f0e9d66bb80ea46af050eb629daf1c055a40b624	250f0bec0bef8a679f68378c6d64769976eaf7533638d64916326cca034288ea	a2702b1628b149cd1e3adf42488b4f02811e1399501868fd3ca0da3a77c3c59c	e3b0c44298fc1c149afbf4c8996fb92427ae41e4649b934ca495991b7852b855	bea46ab4cf4adbeda551b0c6acc48c6474aa0a07a2c563bba580618b66d2c36b	true	true	true	true	true	false	true
145	23	MASKED_TARGET	4	4	8	U07-0000000100_S08-0000000168	C0HORect2Set	DESCENDANT_PROBE_PASS	0	17413	5d8b8e60927ba1861100ed94d349a7954c9fa632eab1abce52c7dd222db9edf0	912f0c7877289d81601fcdaec07ecdf38c748ff90131d795b8476fc4aaaf4ed4	9b47f9327d9bc74676cd590317987f267395d66cf5f193e75161bd283d90b6a7	13a7837d34a739714927ba6ffe1e8f33e5e248644ad9971730e6ff4addf2896b	e3b0c44298fc1c149afbf4c8996fb92427ae41e4649b934ca495991b7852b855	bea46ab4cf4adbeda551b0c6acc48c6474aa0a07a2c563bba580618b66d2c36b	true	true	true	true	true	false	true
146	23	MASKED_TARGET	4	4	8	U07-0000000100_S08-0000000168	C0Rect2Set	DESCENDANT_PROBE_PASS	0	16675	5d8b8e60927ba1861100ed94d349a7954c9fa632eab1abce52c7dd222db9edf0	912f0c7877289d81601fcdaec07ecdf38c748ff90131d795b8476fc4aaaf4ed4	ba0ab624e1a5b7c157beca7ce39efd560777af3ea788f7dfbe19c3047c0ea55d	5abd5c91238417389504b0e0ac0593ed3f9055cac16bfdf9992cc484cdaedada	e3b0c44298fc1c149afbf4c8996fb92427ae41e4649b934ca495991b7852b855	bea46ab4cf4adbeda551b0c6acc48c6474aa0a07a2c563bba580618b66d2c36b	true	true	true	true	true	false	true
147	23	MASKED_TARGET	4	4	9	U07-0000000100_S08-0000000169	C0HORect2Set	DESCENDANT_PROBE_PASS	0	17418	2b10e92ba9b335b30cea8c427d87872041a9d610fb71819666c1ef69e099fdbd	333ba4d4cf6b9463c6f897d0144f0569925edd116a7e21c1aee7f0733004cf39	be93f43824632a32442530c5ee4a0dfa05f54fd1a0d19a1f823687492bca9b90	74a0efdda67d217a8ffe55f266c2495a43ed0423571753da553ff876bf29bc14	e3b0c44298fc1c149afbf4c8996fb92427ae41e4649b934ca495991b7852b855	bea46ab4cf4adbeda551b0c6acc48c6474aa0a07a2c563bba580618b66d2c36b	true	true	true	true	true	false	true
148	23	MASKED_TARGET	4	4	9	U07-0000000100_S08-0000000169	C0Rect2Set	DESCENDANT_PROBE_PASS	0	16703	2b10e92ba9b335b30cea8c427d87872041a9d610fb71819666c1ef69e099fdbd	333ba4d4cf6b9463c6f897d0144f0569925edd116a7e21c1aee7f0733004cf39	94226d3aa8c9cf97664f8ecb4c9f359a441ca4bba1e079d6e42fe7565c026888	4fa42187785761ac2e7b81923e1b7021e2fbf0c5f94ce8f54f28ee2988e8389e	e3b0c44298fc1c149afbf4c8996fb92427ae41e4649b934ca495991b7852b855	bea46ab4cf4adbeda551b0c6acc48c6474aa0a07a2c563bba580618b66d2c36b	true	true	true	true	true	false	true
149	23	MASKED_TARGET	4	4	10	U07-0000000100_S08-0000000170	C0HORect2Set	DESCENDANT_PROBE_PASS	0	17426	1076f6f3687a8fcb44fcd91faebded8a015559fa9269ec99cdff6aca9dd40fa5	80e2be01768de8f0fea07fa5501d88f4e13542ae016c2391a3c417de7ed2aba9	f0eff473a43136fbce14b6e1d66aeae3de103daf9dd4d271fa810fb798fe89eb	3e66e9f80e6d473a67e63ff26a4eb389dd2a27ce2a742383eefbf45195882e64	e3b0c44298fc1c149afbf4c8996fb92427ae41e4649b934ca495991b7852b855	bea46ab4cf4adbeda551b0c6acc48c6474aa0a07a2c563bba580618b66d2c36b	true	true	true	true	true	false	true
150	23	MASKED_TARGET	4	4	10	U07-0000000100_S08-0000000170	C0Rect2Set	DESCENDANT_PROBE_PASS	0	16751	1076f6f3687a8fcb44fcd91faebded8a015559fa9269ec99cdff6aca9dd40fa5	80e2be01768de8f0fea07fa5501d88f4e13542ae016c2391a3c417de7ed2aba9	4e6de8f89bb17fef0975c4dee29e26cf0425442ae79975197bfa8d4d992f3b8d	1ededa081a73051b5cdb71bde119a97882deaeb8134e62d553c56c0629a8a438	e3b0c44298fc1c149afbf4c8996fb92427ae41e4649b934ca495991b7852b855	bea46ab4cf4adbeda551b0c6acc48c6474aa0a07a2c563bba580618b66d2c36b	true	true	true	true	true	false	true
151	23	MASKED_TARGET	4	4	11	U07-0000000100_S08-0000000171	C0HORect2Set	DESCENDANT_PROBE_PASS	0	17397	5a48bd3de661e30e1f7d5062f1401f6e280e5ad944cc27027e5703117a1c6771	c3f488a5cd969eb26b1103843ebfc2d995183c906e642c203529425d9d8d7505	2bb51fdce882589f0d2c2a81deb7f87b573a9eece021f7c2cca09ccfbbbb7d67	2786f989140cf4a14aace7305a057a235495ca37df3ad8df97d0d1638c783b6b	e3b0c44298fc1c149afbf4c8996fb92427ae41e4649b934ca495991b7852b855	bea46ab4cf4adbeda551b0c6acc48c6474aa0a07a2c563bba580618b66d2c36b	true	true	true	true	true	false	true
152	23	MASKED_TARGET	4	4	11	U07-0000000100_S08-0000000171	C0Rect2Set	DESCENDANT_PROBE_PASS	0	16743	5a48bd3de661e30e1f7d5062f1401f6e280e5ad944cc27027e5703117a1c6771	c3f488a5cd969eb26b1103843ebfc2d995183c906e642c203529425d9d8d7505	ed9de8d9232c5873737301e32e8ffd6aa78dcafb50832ebcc05a29fbf560a9b2	eed0ea48e0dc05ed1700cd2e062001af21e7d4130425839ef30ad2ab7d3ee5a9	e3b0c44298fc1c149afbf4c8996fb92427ae41e4649b934ca495991b7852b855	bea46ab4cf4adbeda551b0c6acc48c6474aa0a07a2c563bba580618b66d2c36b	true	true	true	true	true	false	true
153	23	MASKED_TARGET	4	4	12	U07-0000000100_S08-0000000172	C0HORect2Set	DESCENDANT_PROBE_PASS	0	17423	f65c1c7c679be654f951a98161d03b8509efc274a648127f15c60e45bcc9bdaf	4efc571c7a0e820e7218fdcec30c19e62027ed16594bdcfb4f569972a633fe0b	b32c74adbc6278d0a5e021487a719e350c1146b75ea298433ae4c50e2d5fb155	dfc6c5811519731e8e81aeac846c4485ac5cc42d01c7fe7c28ad67e214599eef	e3b0c44298fc1c149afbf4c8996fb92427ae41e4649b934ca495991b7852b855	bea46ab4cf4adbeda551b0c6acc48c6474aa0a07a2c563bba580618b66d2c36b	true	true	true	true	true	false	true
154	23	MASKED_TARGET	4	4	12	U07-0000000100_S08-0000000172	C0Rect2Set	DESCENDANT_PROBE_PASS	0	16666	f65c1c7c679be654f951a98161d03b8509efc274a648127f15c60e45bcc9bdaf	4efc571c7a0e820e7218fdcec30c19e62027ed16594bdcfb4f569972a633fe0b	fb9f6efdf457c3fcb620496644e57a26fb2cf144615c102199e838c948e86e23	520f078d8570cd02545ad024f01ea301d691b21d12c322f4d31e084607d1af2a	e3b0c44298fc1c149afbf4c8996fb92427ae41e4649b934ca495991b7852b855	bea46ab4cf4adbeda551b0c6acc48c6474aa0a07a2c563bba580618b66d2c36b	true	true	true	true	true	false	true
155	23	MASKED_TARGET	4	4	13	U07-0000000100_S08-0000000173	C0HORect2Set	DESCENDANT_PROBE_PASS	0	17415	9592f4e6d574b860fcc88d5150a47649b39adb04d5a06ff2b692b78ad79363f0	437eb744fe265ea641e20d0fd5ef424f5b7d5d043295165b9e69ada1db2279e7	7ef9c36f0c8781b27dde112128b4c75740e61a7911ac6f8afe880be6e04befb6	faf83c7d38eea50e52041882cc55f52c411267df30c093d67faee6c649fa804d	e3b0c44298fc1c149afbf4c8996fb92427ae41e4649b934ca495991b7852b855	bea46ab4cf4adbeda551b0c6acc48c6474aa0a07a2c563bba580618b66d2c36b	true	true	true	true	true	false	true
156	23	MASKED_TARGET	4	4	13	U07-0000000100_S08-0000000173	C0Rect2Set	DESCENDANT_PROBE_PASS	0	16734	9592f4e6d574b860fcc88d5150a47649b39adb04d5a06ff2b692b78ad79363f0	437eb744fe265ea641e20d0fd5ef424f5b7d5d043295165b9e69ada1db2279e7	43b7e45490a787696ceedcce0840dda9d3eaf06c60d27b988d1011e9cf19e20c	dce885e0ef50befcb837d6a077122529a1a9bc485ff64ff52c05bc5173e33dd8	e3b0c44298fc1c149afbf4c8996fb92427ae41e4649b934ca495991b7852b855	bea46ab4cf4adbeda551b0c6acc48c6474aa0a07a2c563bba580618b66d2c36b	true	true	true	true	true	false	true
157	23	MASKED_TARGET	4	4	14	U07-0000000100_S08-0000000174	C0HORect2Set	DESCENDANT_PROBE_PASS	0	17541	42f4508223b8cdbc8ec3dc5d8d532bf9df626015bcb5678d4fac0204eefb324f	c3fd9306f511c09e3991a1c81f419f337ecd8c770d10fffcffb86a077d1ce924	525214d1650909a73b0f15c8e7f26e341cd05972fb2171d9798d2a03850c9d64	9d8a9451f3f2488006ee444874ddc2913244d38425842a96e12425b346fe897d	e3b0c44298fc1c149afbf4c8996fb92427ae41e4649b934ca495991b7852b855	bea46ab4cf4adbeda551b0c6acc48c6474aa0a07a2c563bba580618b66d2c36b	true	true	true	true	true	false	true
158	23	MASKED_TARGET	4	4	14	U07-0000000100_S08-0000000174	C0Rect2Set	DESCENDANT_PROBE_PASS	0	16666	42f4508223b8cdbc8ec3dc5d8d532bf9df626015bcb5678d4fac0204eefb324f	c3fd9306f511c09e3991a1c81f419f337ecd8c770d10fffcffb86a077d1ce924	24c57fd382567f9cb995956a1a79fe6b97b1f951134a373e6779bb8c6b61163e	b79ab1171775bb656acce4966542fc403071229b9a5a4f06382c96efc200a6d9	e3b0c44298fc1c149afbf4c8996fb92427ae41e4649b934ca495991b7852b855	bea46ab4cf4adbeda551b0c6acc48c6474aa0a07a2c563bba580618b66d2c36b	true	true	true	true	true	false	true
159	23	MASKED_TARGET	4	4	15	U07-0000000100_S08-0000000175	C0HORect2Set	DESCENDANT_PROBE_PASS	0	17423	f8f7439235456a0c8ca854b18394ce9b887e79957ad56053037df149ccabb8ce	0b451388d9f06237540f926811e53be2dc71d09add9c9ddd5368787883a8d84e	b0ff22e6435b4877c604d49e1fc55c5efe085f0eb1e9f7d52d6afb8d6b879e1d	71c236744491151b6c7e4df39a244de5c6d6632b341c100f9f9c09b696cad079	e3b0c44298fc1c149afbf4c8996fb92427ae41e4649b934ca495991b7852b855	bea46ab4cf4adbeda551b0c6acc48c6474aa0a07a2c563bba580618b66d2c36b	true	true	true	true	true	false	true
160	23	MASKED_TARGET	4	4	15	U07-0000000100_S08-0000000175	C0Rect2Set	DESCENDANT_PROBE_PASS	0	16696	f8f7439235456a0c8ca854b18394ce9b887e79957ad56053037df149ccabb8ce	0b451388d9f06237540f926811e53be2dc71d09add9c9ddd5368787883a8d84e	df4c70d96374f693200421d8851a58823916868db5fb194cea0aa4eb552f5d11	0ba4ff271053829bb0c4e422afdd8b5a31400f87211f972e054a2ff51b9f89c7	e3b0c44298fc1c149afbf4c8996fb92427ae41e4649b934ca495991b7852b855	bea46ab4cf4adbeda551b0c6acc48c6474aa0a07a2c563bba580618b66d2c36b	true	true	true	true	true	false	true
161	23	MASKED_TARGET	4	5	0	U07-0000000101_S08-0000000160	C0HORect2Set	DESCENDANT_PROBE_REJECTED	0	17406	d0a3fd8c680f01653b0ef4ea65deb2497eef2590ac1bd3c2b305e0b7591e0456	6c9109acef875c334185cb69308cc0b95621694f54c36dc165ef8e0cd074cfb3	d688b91e5173baa0284499ab6df97b48e81e67319e64fb3f46483b598d531d2f	5670dfa22f19f3b874dd7d35a1acbbf36fa71bc51943a61cf7cc4d6edd85b0a1	e3b0c44298fc1c149afbf4c8996fb92427ae41e4649b934ca495991b7852b855	225cdb9d16e19f2a333fa1b0f8255f2a2b10d8f79f67a7d0c944d7d9076ec2e3	true	true	true	false	false	false	false
162	23	MASKED_TARGET	4	5	0	U07-0000000101_S08-0000000160	C0Rect2Set	DESCENDANT_PROBE_REJECTED	0	16670	d0a3fd8c680f01653b0ef4ea65deb2497eef2590ac1bd3c2b305e0b7591e0456	6c9109acef875c334185cb69308cc0b95621694f54c36dc165ef8e0cd074cfb3	455f19d20b8ea1ddf07dbeee8748cb5379fbb59449a3c9856bdcd8a504803d96	6bf704a13b8411fa7cd5030f492bc1cbdd8a1a7a2d629ca56b56765569c945a4	e3b0c44298fc1c149afbf4c8996fb92427ae41e4649b934ca495991b7852b855	225cdb9d16e19f2a333fa1b0f8255f2a2b10d8f79f67a7d0c944d7d9076ec2e3	true	true	true	false	false	false	false
163	23	MASKED_TARGET	4	5	1	U07-0000000101_S08-0000000161	C0HORect2Set	DESCENDANT_PROBE_PASS	0	17388	12bf3eb6e93aab3d9e457a9027ca02c1c9bdb153f051dd2090c9bada6c1fa631	a07e60a9c904613da203c0fe97959e8371dc1cc4410ecce0f57820bc366b70c0	36a229ed2559a9c9f8771ab3c63e1fb0b1ee50cad6bf27aed7d1e1b18002b8b0	c25e32cb150d788eaf7062b759c9b2746f4d7024c57429a819018025359b0e20	e3b0c44298fc1c149afbf4c8996fb92427ae41e4649b934ca495991b7852b855	bea46ab4cf4adbeda551b0c6acc48c6474aa0a07a2c563bba580618b66d2c36b	true	true	true	true	true	false	true
164	23	MASKED_TARGET	4	5	1	U07-0000000101_S08-0000000161	C0Rect2Set	DESCENDANT_PROBE_PASS	0	16704	12bf3eb6e93aab3d9e457a9027ca02c1c9bdb153f051dd2090c9bada6c1fa631	a07e60a9c904613da203c0fe97959e8371dc1cc4410ecce0f57820bc366b70c0	4dbf3d432dac9e7b6f457bc800c17f4cc4fca5fe23d95172fee849114addd061	b6643f0ba68c1f6de7ed306e0ad798f589cba74d818715230e1c450b35a665c8	e3b0c44298fc1c149afbf4c8996fb92427ae41e4649b934ca495991b7852b855	bea46ab4cf4adbeda551b0c6acc48c6474aa0a07a2c563bba580618b66d2c36b	true	true	true	true	true	false	true
165	23	MASKED_TARGET	4	5	2	U07-0000000101_S08-0000000162	C0HORect2Set	DESCENDANT_PROBE_PASS	0	17364	f115984ad256cfcb13aeda1649c18ce7e8421f26e5f4c2067660fe574c472ae7	c5928ddbae87a5a075bed8c9f57050bb6cf8da17ab30a83f0f82ecd5aa39b8b3	c062ee293fc87868ea3a4f035443eb54527d20fabdc51de3b6b2e01af34ae2be	8679b354e8f7a6e86a706db19712cebef581c2e9e0eaa71f021b3a5d97ccad76	e3b0c44298fc1c149afbf4c8996fb92427ae41e4649b934ca495991b7852b855	bea46ab4cf4adbeda551b0c6acc48c6474aa0a07a2c563bba580618b66d2c36b	true	true	true	true	true	false	true
166	23	MASKED_TARGET	4	5	2	U07-0000000101_S08-0000000162	C0Rect2Set	DESCENDANT_PROBE_PASS	0	16747	f115984ad256cfcb13aeda1649c18ce7e8421f26e5f4c2067660fe574c472ae7	c5928ddbae87a5a075bed8c9f57050bb6cf8da17ab30a83f0f82ecd5aa39b8b3	faa39fa57a686a8ff9dfc8ca2bc6aa6d77ee815fe79dd69fa6bbd731cb3f23fe	12caa38ebf45b8615fbd5a745c15862c8e35ffe006492476b7bde54f67ebeaf9	e3b0c44298fc1c149afbf4c8996fb92427ae41e4649b934ca495991b7852b855	bea46ab4cf4adbeda551b0c6acc48c6474aa0a07a2c563bba580618b66d2c36b	true	true	true	true	true	false	true
167	23	MASKED_TARGET	4	5	3	U07-0000000101_S08-0000000163	C0HORect2Set	DESCENDANT_PROBE_PASS	0	17388	e2cf638f44b983fa13e0a192d0e312242636b0b0fa206691c3c4e04c71bf88f5	fbef143854c6ab51d4c956b7202316a48123a6d5034c59df1cff58d2df43d666	d3fe39b3e81db9c0bf59c19860d76e2d4f240e46dccfb8ce97b1addd7db8ac7d	0ddb3b7dfb0ff1a69357221b0fbfe33f717e4301a4ed596a37dc96b660c581aa	e3b0c44298fc1c149afbf4c8996fb92427ae41e4649b934ca495991b7852b855	bea46ab4cf4adbeda551b0c6acc48c6474aa0a07a2c563bba580618b66d2c36b	true	true	true	true	true	false	true
168	23	MASKED_TARGET	4	5	3	U07-0000000101_S08-0000000163	C0Rect2Set	DESCENDANT_PROBE_PASS	0	16685	e2cf638f44b983fa13e0a192d0e312242636b0b0fa206691c3c4e04c71bf88f5	fbef143854c6ab51d4c956b7202316a48123a6d5034c59df1cff58d2df43d666	b3277963693c6ff7332ac985a5b7aba8f27da4c11334ef012be8dd9305340789	a868ba02725e1996f7908347ff6a051de3ef3807d8695e5cf1e64bbb8ad22598	e3b0c44298fc1c149afbf4c8996fb92427ae41e4649b934ca495991b7852b855	bea46ab4cf4adbeda551b0c6acc48c6474aa0a07a2c563bba580618b66d2c36b	true	true	true	true	true	false	true
169	23	MASKED_TARGET	4	5	4	U07-0000000101_S08-0000000164	C0HORect2Set	DESCENDANT_PROBE_PASS	0	17403	4f1f96e1a143201ed8eacea168cac9121395abac5cef6d5b09d4114382c4cdbf	4ba3e05ba05ddb779e8c9ee03de1b2ca2290c5220ea28c3dd0f1bc5245aeaa5b	77cfaa9de77d8cda6fb32c8973291467ba40c515912f534cf4bb31d6b078f484	18478d9d6a943bd1f3b52248e50676af3fa298aaa46f09383ecb28ca7e084c88	e3b0c44298fc1c149afbf4c8996fb92427ae41e4649b934ca495991b7852b855	bea46ab4cf4adbeda551b0c6acc48c6474aa0a07a2c563bba580618b66d2c36b	true	true	true	true	true	false	true
170	23	MASKED_TARGET	4	5	4	U07-0000000101_S08-0000000164	C0Rect2Set	DESCENDANT_PROBE_PASS	0	16650	4f1f96e1a143201ed8eacea168cac9121395abac5cef6d5b09d4114382c4cdbf	4ba3e05ba05ddb779e8c9ee03de1b2ca2290c5220ea28c3dd0f1bc5245aeaa5b	78acb3d617478cc40d357998ba8b6586fc2ffb0a8efb79a1707431258691abb5	a1107e89c7e795f06361d5c97fa333d74843a8da4bfcbdb62bdf71026193df8d	e3b0c44298fc1c149afbf4c8996fb92427ae41e4649b934ca495991b7852b855	bea46ab4cf4adbeda551b0c6acc48c6474aa0a07a2c563bba580618b66d2c36b	true	true	true	true	true	false	true
171	23	MASKED_TARGET	4	5	5	U07-0000000101_S08-0000000165	C0HORect2Set	DESCENDANT_PROBE_PASS	0	17440	56e93d4c0f9f6669a439887e65922e97d5cfb573d6e3651302889968b8896181	80c1b6b8ba9d7c3237cd197fca46d4c8c1cd7e42af4e7fa19ce897abccf45f5c	c39950754f8f26c6653e0ed3d219a837ee4cea2710d25c80a649f3937222a62a	9ed5235a8b715d9417f03c1306dfc8cdf266be65e53aa9426a3dd2d87322751a	e3b0c44298fc1c149afbf4c8996fb92427ae41e4649b934ca495991b7852b855	bea46ab4cf4adbeda551b0c6acc48c6474aa0a07a2c563bba580618b66d2c36b	true	true	true	true	true	false	true
172	23	MASKED_TARGET	4	5	5	U07-0000000101_S08-0000000165	C0Rect2Set	DESCENDANT_PROBE_PASS	0	16706	56e93d4c0f9f6669a439887e65922e97d5cfb573d6e3651302889968b8896181	80c1b6b8ba9d7c3237cd197fca46d4c8c1cd7e42af4e7fa19ce897abccf45f5c	7d56a5b0990f26dfad0a7f384e2636e492bdfb386c566fada4199ef53e1c56a9	02131e540e1befb62457b2f2ae6bb277a5095a66e4cd94557cde4ea95832696b	e3b0c44298fc1c149afbf4c8996fb92427ae41e4649b934ca495991b7852b855	bea46ab4cf4adbeda551b0c6acc48c6474aa0a07a2c563bba580618b66d2c36b	true	true	true	true	true	false	true
173	23	MASKED_TARGET	4	5	6	U07-0000000101_S08-0000000166	C0HORect2Set	DESCENDANT_PROBE_PASS	0	17435	5d940daa8b3d08062411e04327990619c550aa1154bef0e4ffac93e943f714c6	8977a256bb6c77565e7492477d193d70da9a2f4a5e4ff3f87ba944c8415109bf	468cd0a5e80c951b3215be6b43ffa8982cabc3dd928a93d30c0324bd9971378b	e5336d6e4294919bfde0d45d60df3894b27004d63bc5f390c01dfd820e241510	e3b0c44298fc1c149afbf4c8996fb92427ae41e4649b934ca495991b7852b855	bea46ab4cf4adbeda551b0c6acc48c6474aa0a07a2c563bba580618b66d2c36b	true	true	true	true	true	false	true
174	23	MASKED_TARGET	4	5	6	U07-0000000101_S08-0000000166	C0Rect2Set	DESCENDANT_PROBE_PASS	0	16756	5d940daa8b3d08062411e04327990619c550aa1154bef0e4ffac93e943f714c6	8977a256bb6c77565e7492477d193d70da9a2f4a5e4ff3f87ba944c8415109bf	ab8701c5fd3290851d8bc76cb618839c2d2f38f2d36041d1978e56b6834e42c1	727cee45537d3c996c964e6e4ec14f078f3d5faafde8bb358494ffb0efd344b5	e3b0c44298fc1c149afbf4c8996fb92427ae41e4649b934ca495991b7852b855	bea46ab4cf4adbeda551b0c6acc48c6474aa0a07a2c563bba580618b66d2c36b	true	true	true	true	true	false	true
175	23	MASKED_TARGET	4	5	7	U07-0000000101_S08-0000000167	C0HORect2Set	DESCENDANT_PROBE_PASS	0	17462	db0c920447389080937b4e8bee774f0ff81add5cf95a08e45ef99355daa2f044	d0c4db073e9e7838ffdeabb880b0c1b0730b09a9bc6ea6fb3b5f2b8dd1143867	ab9c0aaf3eb21515fe2ad21994c6161532f592a67f820d53fbbcd1d35a7e1754	e3967fbcf84715b6401f2c1071e2042087a20cb6dc5e64b94cf106df12c478ce	e3b0c44298fc1c149afbf4c8996fb92427ae41e4649b934ca495991b7852b855	bea46ab4cf4adbeda551b0c6acc48c6474aa0a07a2c563bba580618b66d2c36b	true	true	true	true	true	false	true
176	23	MASKED_TARGET	4	5	7	U07-0000000101_S08-0000000167	C0Rect2Set	DESCENDANT_PROBE_PASS	0	16664	db0c920447389080937b4e8bee774f0ff81add5cf95a08e45ef99355daa2f044	d0c4db073e9e7838ffdeabb880b0c1b0730b09a9bc6ea6fb3b5f2b8dd1143867	b8cadfa0f1f5a243771cf7e8511494ce31f96d7811d57572936f62c55ecf34ba	3736947ed1ebf005908f2e908426dec3603ed293e6484c5887fcd131b0a6f408	e3b0c44298fc1c149afbf4c8996fb92427ae41e4649b934ca495991b7852b855	bea46ab4cf4adbeda551b0c6acc48c6474aa0a07a2c563bba580618b66d2c36b	true	true	true	true	true	false	true
177	23	MASKED_TARGET	4	5	8	U07-0000000101_S08-0000000168	C0HORect2Set	DESCENDANT_PROBE_PASS	0	17402	3368ad50fd1a435da59ae9dc41189bc3ed286b7a9a6c0c85bfab993dcb6751c6	a9db7ef57e2483c131cefe49e62a9e0dc61fc00b52dba35ac71214cb798099ab	65ef06fb0dded6a90f70009d139bd474c7050a3a0929072db8c790b46be5a9e2	636e6f4d8664116e75a20cfb98b0b5e296ff516d61431fcefc40f53ffbc800dc	e3b0c44298fc1c149afbf4c8996fb92427ae41e4649b934ca495991b7852b855	bea46ab4cf4adbeda551b0c6acc48c6474aa0a07a2c563bba580618b66d2c36b	true	true	true	true	true	false	true
178	23	MASKED_TARGET	4	5	8	U07-0000000101_S08-0000000168	C0Rect2Set	DESCENDANT_PROBE_PASS	0	16703	3368ad50fd1a435da59ae9dc41189bc3ed286b7a9a6c0c85bfab993dcb6751c6	a9db7ef57e2483c131cefe49e62a9e0dc61fc00b52dba35ac71214cb798099ab	4b0e43c495686d1656bd41a181ce60441c2b7ea783f51f24f69c59f02d3b16c3	d7201767f405413ef7341e44ddd78006cb8ac69a9ece59cc20f3998413191f87	e3b0c44298fc1c149afbf4c8996fb92427ae41e4649b934ca495991b7852b855	bea46ab4cf4adbeda551b0c6acc48c6474aa0a07a2c563bba580618b66d2c36b	true	true	true	true	true	false	true
179	23	MASKED_TARGET	4	5	9	U07-0000000101_S08-0000000169	C0HORect2Set	DESCENDANT_PROBE_PASS	0	17391	a241b3d53f37c57ae3456a8c5ecd5d394cfd7386421e1bece96f3d1858a24067	975d8ff17dfa462ab2555c6b0eb48e8a53596590f8db293f1c67fbe652bf4bab	0bf978971be00fd3a4e54b272d16cacd2875cbf0d99fb18635caa30921e331d9	7dbcd6316997bd0ad2e2e349a4072415fb966f37ad74dc000a25a377c834efc1	e3b0c44298fc1c149afbf4c8996fb92427ae41e4649b934ca495991b7852b855	bea46ab4cf4adbeda551b0c6acc48c6474aa0a07a2c563bba580618b66d2c36b	true	true	true	true	true	false	true
180	23	MASKED_TARGET	4	5	9	U07-0000000101_S08-0000000169	C0Rect2Set	DESCENDANT_PROBE_PASS	0	16738	a241b3d53f37c57ae3456a8c5ecd5d394cfd7386421e1bece96f3d1858a24067	975d8ff17dfa462ab2555c6b0eb48e8a53596590f8db293f1c67fbe652bf4bab	ac676e520d69c79e4eb529b7d5607d2e435f2d490045478b61b70c341cb6f04b	ffcfc2635f2cc5966347a036d5c09a53e1b75acf6733e75bdc7d32d9309141a6	e3b0c44298fc1c149afbf4c8996fb92427ae41e4649b934ca495991b7852b855	bea46ab4cf4adbeda551b0c6acc48c6474aa0a07a2c563bba580618b66d2c36b	true	true	true	true	true	false	true
181	23	MASKED_TARGET	4	5	10	U07-0000000101_S08-0000000170	C0HORect2Set	DESCENDANT_PROBE_PASS	0	17414	170354e8d9d16b616f4f0a90d046babfd5f61cbf283afb18d3d754196aa534f7	6bef0e8172018e5a4aea77bd70099279707aeec181ef238eaafb00729555305e	051b067bb1a95a1fa9a558b97558411515e8b3616c0d3b060a5aaee731972275	3e84d78caa0f9841b514727321665b31cc6aee1a0a8afae54f57e05cc4187901	e3b0c44298fc1c149afbf4c8996fb92427ae41e4649b934ca495991b7852b855	bea46ab4cf4adbeda551b0c6acc48c6474aa0a07a2c563bba580618b66d2c36b	true	true	true	true	true	false	true
182	23	MASKED_TARGET	4	5	10	U07-0000000101_S08-0000000170	C0Rect2Set	DESCENDANT_PROBE_PASS	0	16856	170354e8d9d16b616f4f0a90d046babfd5f61cbf283afb18d3d754196aa534f7	6bef0e8172018e5a4aea77bd70099279707aeec181ef238eaafb00729555305e	9fb1475bff0dda7400db8015039707dec5ee7321f146ff18b82ae638dad7969a	4cda8175936a9f5c7fdd23b6fbea41d32311b773208ff3336bcbd121dbcad13d	e3b0c44298fc1c149afbf4c8996fb92427ae41e4649b934ca495991b7852b855	bea46ab4cf4adbeda551b0c6acc48c6474aa0a07a2c563bba580618b66d2c36b	true	true	true	true	true	false	true
183	23	MASKED_TARGET	4	5	11	U07-0000000101_S08-0000000171	C0HORect2Set	DESCENDANT_PROBE_PASS	0	17456	4db263c9f50300d6a2431c993514467aee3de810808a80387f1a727a3012f62d	b69af749c117ccf8d2ec2a5f0b93a7099b417ce8b37c83bd2c07751becaedc95	c316695b0c3727da03069a3616b734bc94a5a80f9e89739b022360762db0f601	9839d0479f53f7292d45a1baf5dd66e1f152f7a5c4390a4adb06e50d1c4431ae	e3b0c44298fc1c149afbf4c8996fb92427ae41e4649b934ca495991b7852b855	bea46ab4cf4adbeda551b0c6acc48c6474aa0a07a2c563bba580618b66d2c36b	true	true	true	true	true	false	true
184	23	MASKED_TARGET	4	5	11	U07-0000000101_S08-0000000171	C0Rect2Set	DESCENDANT_PROBE_PASS	0	16717	4db263c9f50300d6a2431c993514467aee3de810808a80387f1a727a3012f62d	b69af749c117ccf8d2ec2a5f0b93a7099b417ce8b37c83bd2c07751becaedc95	caaacb66d51342d96f7fb6352e542e6f6b3b97f1d87fee78e648f6328d896e69	84c541955e639c55bfb67b0726eb2c354add06bba4d6cb1642d60070b7a5f02b	e3b0c44298fc1c149afbf4c8996fb92427ae41e4649b934ca495991b7852b855	bea46ab4cf4adbeda551b0c6acc48c6474aa0a07a2c563bba580618b66d2c36b	true	true	true	true	true	false	true
185	23	MASKED_TARGET	4	5	12	U07-0000000101_S08-0000000172	C0HORect2Set	DESCENDANT_PROBE_PASS	0	17406	14af756874c18562f7c8b01af7443bce3f2a9a15c8ae2fcc1c933630dee3fdd6	5254a1bab8d396f54edd1a9e93c14a0b3396a3641b02fc2b5316a0751286aad1	1fc1e9c43a8ed717cf38ae283856ae171de009ee6d7a9f3ec2b789021997e180	5f2db1fb76d6e4f83a52d91dbf27cd7849f7f38eb04b5c2e6c3997ee1b563b94	e3b0c44298fc1c149afbf4c8996fb92427ae41e4649b934ca495991b7852b855	bea46ab4cf4adbeda551b0c6acc48c6474aa0a07a2c563bba580618b66d2c36b	true	true	true	true	true	false	true
186	23	MASKED_TARGET	4	5	12	U07-0000000101_S08-0000000172	C0Rect2Set	DESCENDANT_PROBE_PASS	0	16714	14af756874c18562f7c8b01af7443bce3f2a9a15c8ae2fcc1c933630dee3fdd6	5254a1bab8d396f54edd1a9e93c14a0b3396a3641b02fc2b5316a0751286aad1	66a7c7754db440db344625858dc323cd2cfaf339300008f937b26f6f22d0ac77	fa501d0d035b7d28c543b0d525446b6dbb585b36fabd946ab9518666b46a5fea	e3b0c44298fc1c149afbf4c8996fb92427ae41e4649b934ca495991b7852b855	bea46ab4cf4adbeda551b0c6acc48c6474aa0a07a2c563bba580618b66d2c36b	true	true	true	true	true	false	true
187	23	MASKED_TARGET	4	5	13	U07-0000000101_S08-0000000173	C0HORect2Set	DESCENDANT_PROBE_PASS	0	17412	8f7fb55a7146bf17359487cb73fac738be6caf1bcdd7572d8de7f0dc1d3e3aec	78d7158f7c0d53c9235c401b67678f82bd8d3bdf1cda3f63c7871f37ddfc12ad	fb07e7dd7b5a481bef0f63bf09cdb550ba0c628f2041bdfde301b534c7a9af5a	8aeb2060675efab9de33931ac062ff06aa809cac8393a8a9a6d6d234077cabe2	e3b0c44298fc1c149afbf4c8996fb92427ae41e4649b934ca495991b7852b855	bea46ab4cf4adbeda551b0c6acc48c6474aa0a07a2c563bba580618b66d2c36b	true	true	true	true	true	false	true
188	23	MASKED_TARGET	4	5	13	U07-0000000101_S08-0000000173	C0Rect2Set	DESCENDANT_PROBE_PASS	0	16681	8f7fb55a7146bf17359487cb73fac738be6caf1bcdd7572d8de7f0dc1d3e3aec	78d7158f7c0d53c9235c401b67678f82bd8d3bdf1cda3f63c7871f37ddfc12ad	ea62fbff3abc5cf5e5a58bf8b83837abae7b506eb21f8e991e153391bab8bad9	4e3457af29b8bda8b172250a3f37400b579803da327794efbdec021bb79ff325	e3b0c44298fc1c149afbf4c8996fb92427ae41e4649b934ca495991b7852b855	bea46ab4cf4adbeda551b0c6acc48c6474aa0a07a2c563bba580618b66d2c36b	true	true	true	true	true	false	true
189	23	MASKED_TARGET	4	5	14	U07-0000000101_S08-0000000174	C0HORect2Set	DESCENDANT_PROBE_PASS	0	17402	81b9e94cffa94aa28b5b1b20f0083d9314b6118a3eb18192ad9cb7c366ceb3c7	144a9cd79c726e10dd58f05ae5155891dc03a091b6dd77ea3511ae4e067028b5	421b298c6c2c1cb6c046e558b4f3604e92b587bcd8445586b4c97ed4620e8c5a	928fe383189cb5ae369feb8ff7e4f7105f9b6c487ff12d058ad5e5689d763f98	e3b0c44298fc1c149afbf4c8996fb92427ae41e4649b934ca495991b7852b855	bea46ab4cf4adbeda551b0c6acc48c6474aa0a07a2c563bba580618b66d2c36b	true	true	true	true	true	false	true
190	23	MASKED_TARGET	4	5	14	U07-0000000101_S08-0000000174	C0Rect2Set	DESCENDANT_PROBE_PASS	0	16727	81b9e94cffa94aa28b5b1b20f0083d9314b6118a3eb18192ad9cb7c366ceb3c7	144a9cd79c726e10dd58f05ae5155891dc03a091b6dd77ea3511ae4e067028b5	e78029e217937cdb537af75820972d852c7d947cfa0d81640a6b08c2b08870d6	306d1b339f4c2d4b3407fd038f71378da43fe266552d1367201268e7fbc9f9c4	e3b0c44298fc1c149afbf4c8996fb92427ae41e4649b934ca495991b7852b855	bea46ab4cf4adbeda551b0c6acc48c6474aa0a07a2c563bba580618b66d2c36b	true	true	true	true	true	false	true
191	23	MASKED_TARGET	4	5	15	U07-0000000101_S08-0000000175	C0HORect2Set	DESCENDANT_PROBE_PASS	0	17433	8fe2dbd1038901ce8d335620591d733ce73639e8fb5d03a81f6298ca28430e5c	1bb81a973cd5dea9a3d68ad5ae360b2629fb4166ef9e3a3962d1c6ea2400add4	804763ac2f6455f586d1fe2bb310d6c68fb4f48399511f186ce77b653b78937b	2f3ba3640cc70b8d3890c65ddac4d0786ec1626a908025b6eca1a33bc9ece955	e3b0c44298fc1c149afbf4c8996fb92427ae41e4649b934ca495991b7852b855	bea46ab4cf4adbeda551b0c6acc48c6474aa0a07a2c563bba580618b66d2c36b	true	true	true	true	true	false	true
192	23	MASKED_TARGET	4	5	15	U07-0000000101_S08-0000000175	C0Rect2Set	DESCENDANT_PROBE_PASS	0	16742	8fe2dbd1038901ce8d335620591d733ce73639e8fb5d03a81f6298ca28430e5c	1bb81a973cd5dea9a3d68ad5ae360b2629fb4166ef9e3a3962d1c6ea2400add4	29ee36ef1477b42c591aa5671ba67279cf26354ac7c001f11aaf4294a8f4330d	80158db2bc308ff45ebef96a2ba0e680d6d1046bcc1e8721b70557ef812bf87b	e3b0c44298fc1c149afbf4c8996fb92427ae41e4649b934ca495991b7852b855	bea46ab4cf4adbeda551b0c6acc48c6474aa0a07a2c563bba580618b66d2c36b	true	true	true	true	true	false	true
193	23	MASKED_TARGET	4	6	0	U07-0000000102_S08-0000000160	C0HORect2Set	DESCENDANT_PROBE_REJECTED	0	17367	8f6efde556c7e097326959655031c138a868fe5ca7c4043104228a11333c814c	46bd46f7631cb392c6a27e5facdca2b9d8da7aa2b7797ad9119397a3787fbbf3	f603a6ec45e222b4be98740cd7438b89d97579e5d87ad0b68a2a99554470e45d	997c2c722240e6ba7e5ec22b80e1fa7dd834c64509c7312cb01bd3cccf32c59c	e3b0c44298fc1c149afbf4c8996fb92427ae41e4649b934ca495991b7852b855	225cdb9d16e19f2a333fa1b0f8255f2a2b10d8f79f67a7d0c944d7d9076ec2e3	true	true	true	false	false	false	false
194	23	MASKED_TARGET	4	6	0	U07-0000000102_S08-0000000160	C0Rect2Set	DESCENDANT_PROBE_REJECTED	0	16737	8f6efde556c7e097326959655031c138a868fe5ca7c4043104228a11333c814c	46bd46f7631cb392c6a27e5facdca2b9d8da7aa2b7797ad9119397a3787fbbf3	6ec51d8eb300f0af5cec6b6fd39bbaf021b6fb65eb4f03b1f1e3b7b6e1925879	669ac34a986e073afd0aa6e8f2bbd37c7711686b8c6cf087b2b8e793a4f451ca	e3b0c44298fc1c149afbf4c8996fb92427ae41e4649b934ca495991b7852b855	225cdb9d16e19f2a333fa1b0f8255f2a2b10d8f79f67a7d0c944d7d9076ec2e3	true	true	true	false	false	false	false
195	23	MASKED_TARGET	4	6	1	U07-0000000102_S08-0000000161	C0HORect2Set	DESCENDANT_PROBE_PASS	0	17421	daabf92099f3a3897d34fe9596b8e90c4be2dbd5cf0619902ac0de5bb8553f80	4485f69d6bab855534639085158ba8c439328760a1a953e024f6f3f157d94851	d84cb25996b82b796a1c8dd6fc33cf84a57ab731735d5f345b1ff5f417201d05	cf70e4da12a3820da8d9047a26af60d3cc6ac5a6736165ec8bddd7dd28e247de	e3b0c44298fc1c149afbf4c8996fb92427ae41e4649b934ca495991b7852b855	bea46ab4cf4adbeda551b0c6acc48c6474aa0a07a2c563bba580618b66d2c36b	true	true	true	true	true	false	true
196	23	MASKED_TARGET	4	6	1	U07-0000000102_S08-0000000161	C0Rect2Set	DESCENDANT_PROBE_PASS	0	16750	daabf92099f3a3897d34fe9596b8e90c4be2dbd5cf0619902ac0de5bb8553f80	4485f69d6bab855534639085158ba8c439328760a1a953e024f6f3f157d94851	bfc9a2c15ac151e16f40377e4711cd620eb5881c32cf7bb3dee13fcf242fc045	85dec3c4bdf170d4068d094d539618feb35a345b8982e8b6151fad0ef43d4220	e3b0c44298fc1c149afbf4c8996fb92427ae41e4649b934ca495991b7852b855	bea46ab4cf4adbeda551b0c6acc48c6474aa0a07a2c563bba580618b66d2c36b	true	true	true	true	true	false	true
197	23	MASKED_TARGET	4	6	2	U07-0000000102_S08-0000000162	C0HORect2Set	DESCENDANT_PROBE_PASS	0	17398	f3aab5a558a84789b586a78b8dfff1f3af461190236cbc97ffb2d12fcbddc774	a4d4682e10586ba10041ae57f69f118b1b75a4ee42c16f961b61bf62e45fca89	d525a2ea33b5e7cf266225c066a021527235ec764a3aec3f9165ec1f31be04ee	d6ceb601001c9696e6f98981ff60bae406ec1c0708dbae32acd799087beece3d	e3b0c44298fc1c149afbf4c8996fb92427ae41e4649b934ca495991b7852b855	bea46ab4cf4adbeda551b0c6acc48c6474aa0a07a2c563bba580618b66d2c36b	true	true	true	true	true	false	true
198	23	MASKED_TARGET	4	6	2	U07-0000000102_S08-0000000162	C0Rect2Set	DESCENDANT_PROBE_PASS	0	16713	f3aab5a558a84789b586a78b8dfff1f3af461190236cbc97ffb2d12fcbddc774	a4d4682e10586ba10041ae57f69f118b1b75a4ee42c16f961b61bf62e45fca89	bf4f910e32fee67463b3a7ab15b6409cb98f34faa482e569e02b5970505d7986	bf575b0540fc5c6b58a348d278456a22738e1bb69b43e232eae04d42a2403bfb	e3b0c44298fc1c149afbf4c8996fb92427ae41e4649b934ca495991b7852b855	bea46ab4cf4adbeda551b0c6acc48c6474aa0a07a2c563bba580618b66d2c36b	true	true	true	true	true	false	true
199	23	MASKED_TARGET	4	6	3	U07-0000000102_S08-0000000163	C0HORect2Set	DESCENDANT_PROBE_PASS	0	17418	6eeb7c1fa0b93992f1667eed0c49d0bca79c37abcf279293a3a84c016c6d96c4	f7aac6759b37da8a5bb05aa2092f79ff4e13cf64d84bc653aeb36f544ff704d9	4e9b1a2900253f8c7cf163149a3b009eb10b50a0cef8747da7466fcd8cf76b18	168d53df402083292b453b206a31ace24478f9b9bb43d86ce6e443fbc93f138b	e3b0c44298fc1c149afbf4c8996fb92427ae41e4649b934ca495991b7852b855	bea46ab4cf4adbeda551b0c6acc48c6474aa0a07a2c563bba580618b66d2c36b	true	true	true	true	true	false	true
200	23	MASKED_TARGET	4	6	3	U07-0000000102_S08-0000000163	C0Rect2Set	DESCENDANT_PROBE_PASS	0	16666	6eeb7c1fa0b93992f1667eed0c49d0bca79c37abcf279293a3a84c016c6d96c4	f7aac6759b37da8a5bb05aa2092f79ff4e13cf64d84bc653aeb36f544ff704d9	9d2e4b000f0cfb09f894a18c18cf589bee7864f570cc557f6817d01813dd770b	462be4f3581e6af16b564828587deb72dde185c7a04f9f784822f22c46141489	e3b0c44298fc1c149afbf4c8996fb92427ae41e4649b934ca495991b7852b855	bea46ab4cf4adbeda551b0c6acc48c6474aa0a07a2c563bba580618b66d2c36b	true	true	true	true	true	false	true
201	23	MASKED_TARGET	4	6	4	U07-0000000102_S08-0000000164	C0HORect2Set	DESCENDANT_PROBE_PASS	0	17403	5b9f65328e4473f87716c121ff977dd61ef3a1b14b7eb4a679a8f0e1d8c540c0	57d7d27b2089786564bfb2a9d66d009eeef0e0d689cb23561a22a02b1ec9d82b	d505238a645c4fc7d3898c1dc0f87536e906aa7ba311cd0b87ec561a8e3b5244	b720e2baf636a9a83999a5bbc870ba572ab22cfd6003acd00854e9aabe111e27	e3b0c44298fc1c149afbf4c8996fb92427ae41e4649b934ca495991b7852b855	bea46ab4cf4adbeda551b0c6acc48c6474aa0a07a2c563bba580618b66d2c36b	true	true	true	true	true	false	true
202	23	MASKED_TARGET	4	6	4	U07-0000000102_S08-0000000164	C0Rect2Set	DESCENDANT_PROBE_PASS	0	16734	5b9f65328e4473f87716c121ff977dd61ef3a1b14b7eb4a679a8f0e1d8c540c0	57d7d27b2089786564bfb2a9d66d009eeef0e0d689cb23561a22a02b1ec9d82b	3bac77452afb827cc41e039497ec3d5e9b123a478e65b9f47b1f31c7c58f20df	4522cad3d31852d4fb10a5ffdd3888656e2b7fd6e8d080215ba4e6e473a16b89	e3b0c44298fc1c149afbf4c8996fb92427ae41e4649b934ca495991b7852b855	bea46ab4cf4adbeda551b0c6acc48c6474aa0a07a2c563bba580618b66d2c36b	true	true	true	true	true	false	true
203	23	MASKED_TARGET	4	6	5	U07-0000000102_S08-0000000165	C0HORect2Set	DESCENDANT_PROBE_PASS	0	17426	173f2049fbd0663e667f2a3339a069f1b978db03df75dcca136bdcdea4741042	976debfc49d2dc1c91484341141955f48d23712601d83041b9f7cd0e83005f03	fa932847131bc8daa48bbdb082f510a6cdaefa7b26c975b52c4ce688f31308df	052c5cd16f0ceab8e369ae59a41744ee49972a5c84f1127cea23665590d4e4d1	e3b0c44298fc1c149afbf4c8996fb92427ae41e4649b934ca495991b7852b855	bea46ab4cf4adbeda551b0c6acc48c6474aa0a07a2c563bba580618b66d2c36b	true	true	true	true	true	false	true
204	23	MASKED_TARGET	4	6	5	U07-0000000102_S08-0000000165	C0Rect2Set	DESCENDANT_PROBE_PASS	0	16702	173f2049fbd0663e667f2a3339a069f1b978db03df75dcca136bdcdea4741042	976debfc49d2dc1c91484341141955f48d23712601d83041b9f7cd0e83005f03	742088745b812cbfbe85ebea146e8f954c9c34f9f84d74c0ef3673b3050ff2a0	4de26125085aa6871c3bc5fc52eaf72125023e869befab068036b3536e8c23b3	e3b0c44298fc1c149afbf4c8996fb92427ae41e4649b934ca495991b7852b855	bea46ab4cf4adbeda551b0c6acc48c6474aa0a07a2c563bba580618b66d2c36b	true	true	true	true	true	false	true
205	23	MASKED_TARGET	4	6	6	U07-0000000102_S08-0000000166	C0HORect2Set	DESCENDANT_PROBE_PASS	0	17412	0943ead0951be1cae739f2fa5b6dffa3a0fd15d50c55dac3d83c52d2caf3daf1	8ccf4dbb69a065a3787bbf69d160a2a854e0d65b1bc0c07034be68a1fb1d3e6e	7f59f6c210ca9cc4438582d421441ea10e9f91cf4e02a4b63b24dade314e82f2	d878e0e3c6ee271e52f06ae2dfada67ab4faabea62ba27fc15be01894b769336	e3b0c44298fc1c149afbf4c8996fb92427ae41e4649b934ca495991b7852b855	bea46ab4cf4adbeda551b0c6acc48c6474aa0a07a2c563bba580618b66d2c36b	true	true	true	true	true	false	true
206	23	MASKED_TARGET	4	6	6	U07-0000000102_S08-0000000166	C0Rect2Set	DESCENDANT_PROBE_PASS	0	16705	0943ead0951be1cae739f2fa5b6dffa3a0fd15d50c55dac3d83c52d2caf3daf1	8ccf4dbb69a065a3787bbf69d160a2a854e0d65b1bc0c07034be68a1fb1d3e6e	c7800c016378ce83210468b410ba9498a6adb238d247642cb37a038d6096948e	22a814cdd303668ae46af199248155b13c233fbc2d46b64e551a8c199df3a9c4	e3b0c44298fc1c149afbf4c8996fb92427ae41e4649b934ca495991b7852b855	bea46ab4cf4adbeda551b0c6acc48c6474aa0a07a2c563bba580618b66d2c36b	true	true	true	true	true	false	true
207	23	MASKED_TARGET	4	6	7	U07-0000000102_S08-0000000167	C0HORect2Set	DESCENDANT_PROBE_PASS	0	17433	4aca458f6e375bb68b01a0f147e35f3b22d8cc28f10f176a8c7f96779d7c7815	696431750e6f252afe4a13a7c8f39cf41a78edfe169e6086ad198fd220832c46	af5637ae2d0dbf5e63285dc23d15a7f016b00b76de432bc9bedf058eb3ad2ee9	7172739bb7433f9296c3adb8d1c916a3a929bfb2e9fbdac5a5d6c19f51c629e0	e3b0c44298fc1c149afbf4c8996fb92427ae41e4649b934ca495991b7852b855	bea46ab4cf4adbeda551b0c6acc48c6474aa0a07a2c563bba580618b66d2c36b	true	true	true	true	true	false	true
208	23	MASKED_TARGET	4	6	7	U07-0000000102_S08-0000000167	C0Rect2Set	DESCENDANT_PROBE_PASS	0	16748	4aca458f6e375bb68b01a0f147e35f3b22d8cc28f10f176a8c7f96779d7c7815	696431750e6f252afe4a13a7c8f39cf41a78edfe169e6086ad198fd220832c46	86a5bc2bd4a92a54f75de559d42d27710897b827eaffa85e9a4c74038b74edc5	261856d00a2c4b5ec955595ebb56aa785330e5021eab7683938fcc506e5fe500	e3b0c44298fc1c149afbf4c8996fb92427ae41e4649b934ca495991b7852b855	bea46ab4cf4adbeda551b0c6acc48c6474aa0a07a2c563bba580618b66d2c36b	true	true	true	true	true	false	true
209	23	MASKED_TARGET	4	6	8	U07-0000000102_S08-0000000168	C0HORect2Set	DESCENDANT_PROBE_PASS	0	17432	690a8a6d9c77ec37a75ff4f6072f4fb65a2ce096e704fd90bbc731c247a4abc2	f44b45a263666a945fa6302c2f26d197931feb352cdf4be63d6132bba865d139	776d7f66e3c2fbe781cb4aaa0631e4b5022ba71167cf07d4c3a8bf71239a82bd	17052dc31e66b21167139ed8063adfd91d5035e97205f5c272faadce50015da3	e3b0c44298fc1c149afbf4c8996fb92427ae41e4649b934ca495991b7852b855	bea46ab4cf4adbeda551b0c6acc48c6474aa0a07a2c563bba580618b66d2c36b	true	true	true	true	true	false	true
210	23	MASKED_TARGET	4	6	8	U07-0000000102_S08-0000000168	C0Rect2Set	DESCENDANT_PROBE_PASS	0	16694	690a8a6d9c77ec37a75ff4f6072f4fb65a2ce096e704fd90bbc731c247a4abc2	f44b45a263666a945fa6302c2f26d197931feb352cdf4be63d6132bba865d139	09eb58ef7fd81e41aabefcdb5eb676c7a46be5d6ecf0087158aba626016680f1	f2acec23d155f72f880901f5ca06220a73565a44ae2779184cbe22db3f6242ec	e3b0c44298fc1c149afbf4c8996fb92427ae41e4649b934ca495991b7852b855	bea46ab4cf4adbeda551b0c6acc48c6474aa0a07a2c563bba580618b66d2c36b	true	true	true	true	true	false	true
211	23	MASKED_TARGET	4	6	9	U07-0000000102_S08-0000000169	C0HORect2Set	DESCENDANT_PROBE_PASS	0	17392	c631ae8ac57a54b71c5359edbae344e0865bf0655c938fa4740933fac6013396	2af7a4cf2311736680d0ca2c8f01d50cb201785269be950b6f29c837696835b6	d8516293708e164734afa97f55f98c6613696ff1bb67f1fdd27b7a9f2aa743fe	25cd284517361d2e55dfb2b1b4e39f6b1fd4064ead8c8c5b8d32c2234005c027	e3b0c44298fc1c149afbf4c8996fb92427ae41e4649b934ca495991b7852b855	bea46ab4cf4adbeda551b0c6acc48c6474aa0a07a2c563bba580618b66d2c36b	true	true	true	true	true	false	true
212	23	MASKED_TARGET	4	6	9	U07-0000000102_S08-0000000169	C0Rect2Set	DESCENDANT_PROBE_PASS	0	17128	c631ae8ac57a54b71c5359edbae344e0865bf0655c938fa4740933fac6013396	2af7a4cf2311736680d0ca2c8f01d50cb201785269be950b6f29c837696835b6	a5a78a0912611f35e2465f14f1166d03e26a5a2531a279e3c4244c6803dc633e	472d93e69b977888dbcbfcf68d8ae73c7f11195b90016658f172acfda47faf93	e3b0c44298fc1c149afbf4c8996fb92427ae41e4649b934ca495991b7852b855	bea46ab4cf4adbeda551b0c6acc48c6474aa0a07a2c563bba580618b66d2c36b	true	true	true	true	true	false	true
213	23	MASKED_TARGET	4	6	10	U07-0000000102_S08-0000000170	C0HORect2Set	DESCENDANT_PROBE_PASS	0	17403	d4ff2945598f52ba5e868f6d3377a9c7de1d85aa31f0a410ea70a48e049629f9	927fd9266fe46d2141e508c54580f4eb28de33cbc7284b9439274cbef1a96dd0	d569d5ad7f48d3b81a64b208de1f0661e91f54c4f96fe1938ef2ed921d11d1a6	a36062d60cf2dce9778fa06b6957c7a976a080247d0eaf4286b4c4bbf66d6f13	e3b0c44298fc1c149afbf4c8996fb92427ae41e4649b934ca495991b7852b855	bea46ab4cf4adbeda551b0c6acc48c6474aa0a07a2c563bba580618b66d2c36b	true	true	true	true	true	false	true
214	23	MASKED_TARGET	4	6	10	U07-0000000102_S08-0000000170	C0Rect2Set	DESCENDANT_PROBE_PASS	0	16690	d4ff2945598f52ba5e868f6d3377a9c7de1d85aa31f0a410ea70a48e049629f9	927fd9266fe46d2141e508c54580f4eb28de33cbc7284b9439274cbef1a96dd0	661b6d769e28bb3c8a76a5294dd2960c3e70853ef961a78edbad50f0547b455f	8f5ac34fd9ee915ec071eb28ae8458708b194abd295f1b39e6e3c31aae940487	e3b0c44298fc1c149afbf4c8996fb92427ae41e4649b934ca495991b7852b855	bea46ab4cf4adbeda551b0c6acc48c6474aa0a07a2c563bba580618b66d2c36b	true	true	true	true	true	false	true
215	23	MASKED_TARGET	4	6	11	U07-0000000102_S08-0000000171	C0HORect2Set	DESCENDANT_PROBE_PASS	0	17402	77b2c1fc91e51f2ac083362c1b90751df6d878092b68f0d3bb6c5ddc0636a9ac	2c8f79525826c2d268aa14523693bf89005d736408bd732153043e0421e2d0a8	948ddd937538c7769148ee8cab65714e5e5f287538557b3d91c81700e51d5b8e	f90a71c4083ebcffefd49b75438e46c60f459d14304f6333329030a0033cea6f	e3b0c44298fc1c149afbf4c8996fb92427ae41e4649b934ca495991b7852b855	bea46ab4cf4adbeda551b0c6acc48c6474aa0a07a2c563bba580618b66d2c36b	true	true	true	true	true	false	true
216	23	MASKED_TARGET	4	6	11	U07-0000000102_S08-0000000171	C0Rect2Set	DESCENDANT_PROBE_PASS	0	16696	77b2c1fc91e51f2ac083362c1b90751df6d878092b68f0d3bb6c5ddc0636a9ac	2c8f79525826c2d268aa14523693bf89005d736408bd732153043e0421e2d0a8	7eb06f1b7d57fe1eda2967c387dacda7985b48751ee38a98d4c0e9fbd9bebffb	5c69e7851937d24978249ebf4439a9aee5beb02ea40837c5d467a07ec42f93b1	e3b0c44298fc1c149afbf4c8996fb92427ae41e4649b934ca495991b7852b855	bea46ab4cf4adbeda551b0c6acc48c6474aa0a07a2c563bba580618b66d2c36b	true	true	true	true	true	false	true
217	23	MASKED_TARGET	4	6	12	U07-0000000102_S08-0000000172	C0HORect2Set	DESCENDANT_PROBE_PASS	0	17439	be141e7dcad177c5005afcf4b54be4f49408165c095f8b29fee2f7eb3b6af727	a569b67780b223d84af99cd21b8b87e24ce88a87f27accbb3d0dce9466584fe6	dc8e0ebe30499b329304315059cc5de5771c50eddb3ca0257ab55542d9c2c760	41d894bbd03f62236999ea464edd5d64165da70f669a7cf9778c77731b0a0784	e3b0c44298fc1c149afbf4c8996fb92427ae41e4649b934ca495991b7852b855	bea46ab4cf4adbeda551b0c6acc48c6474aa0a07a2c563bba580618b66d2c36b	true	true	true	true	true	false	true
218	23	MASKED_TARGET	4	6	12	U07-0000000102_S08-0000000172	C0Rect2Set	DESCENDANT_PROBE_PASS	0	16757	be141e7dcad177c5005afcf4b54be4f49408165c095f8b29fee2f7eb3b6af727	a569b67780b223d84af99cd21b8b87e24ce88a87f27accbb3d0dce9466584fe6	9cba292f4144e26c09514bc0336ea88beb393a5b329b5cab70e599af0eda77a4	8c155b73b8931471743f5cb64aa2ddb27b91e8812ac69a4215dde50f0e24b9e4	e3b0c44298fc1c149afbf4c8996fb92427ae41e4649b934ca495991b7852b855	bea46ab4cf4adbeda551b0c6acc48c6474aa0a07a2c563bba580618b66d2c36b	true	true	true	true	true	false	true
219	23	MASKED_TARGET	4	6	13	U07-0000000102_S08-0000000173	C0HORect2Set	DESCENDANT_PROBE_PASS	0	17416	a8d5e04d1bb80134b8fc825bdb519d9889814a901d3325a3835ed3b2bfdf28c7	531048abc258e981f5d9760d7b2aa1c4ea9709179d5b44aedec9b8440f8ec0bb	be04cccb4a05a95804f0a517b9d140129b317a870fefb3625ebfa37ea5e85c35	f3fcd8d800d6522c3803aa915059833ad4cdd96785a324dd049fdc2d53c113dc	e3b0c44298fc1c149afbf4c8996fb92427ae41e4649b934ca495991b7852b855	bea46ab4cf4adbeda551b0c6acc48c6474aa0a07a2c563bba580618b66d2c36b	true	true	true	true	true	false	true
220	23	MASKED_TARGET	4	6	13	U07-0000000102_S08-0000000173	C0Rect2Set	DESCENDANT_PROBE_PASS	0	16691	a8d5e04d1bb80134b8fc825bdb519d9889814a901d3325a3835ed3b2bfdf28c7	531048abc258e981f5d9760d7b2aa1c4ea9709179d5b44aedec9b8440f8ec0bb	d88df2929084b90329994d3f06639fb767c79cb69c6cbbabdc524ce3196fdad1	11cab1d8f91025fd734f2e4c9df92e336651cad4930d5a4e6ec4802468820ddd	e3b0c44298fc1c149afbf4c8996fb92427ae41e4649b934ca495991b7852b855	bea46ab4cf4adbeda551b0c6acc48c6474aa0a07a2c563bba580618b66d2c36b	true	true	true	true	true	false	true
221	23	MASKED_TARGET	4	6	14	U07-0000000102_S08-0000000174	C0HORect2Set	DESCENDANT_PROBE_PASS	0	17413	78006deda6dd4ba8c0e3569267474d34a58b16632053fe30341d5890e717f13b	a7ea08078fb6f2fcb1604a35bd2d4b57b57f24182c2a63c8d5484f871d7fe393	9d1c0e68f3bcb05af30a612c42badcdd5ff780c51110028767a929e335286de5	b6a87cf524afa3895aa71b4a63631d6b2ec95c88edb6c2ca7be6b0a232bd2230	e3b0c44298fc1c149afbf4c8996fb92427ae41e4649b934ca495991b7852b855	bea46ab4cf4adbeda551b0c6acc48c6474aa0a07a2c563bba580618b66d2c36b	true	true	true	true	true	false	true
222	23	MASKED_TARGET	4	6	14	U07-0000000102_S08-0000000174	C0Rect2Set	DESCENDANT_PROBE_PASS	0	16683	78006deda6dd4ba8c0e3569267474d34a58b16632053fe30341d5890e717f13b	a7ea08078fb6f2fcb1604a35bd2d4b57b57f24182c2a63c8d5484f871d7fe393	a5029ccaf95aeb40573ecaf18c5ec69ed914a12a6803080c4454260256d6dbef	a830d5af7e06f8334db423310f06fffc533300586291ee39a27c98fc58982fd3	e3b0c44298fc1c149afbf4c8996fb92427ae41e4649b934ca495991b7852b855	bea46ab4cf4adbeda551b0c6acc48c6474aa0a07a2c563bba580618b66d2c36b	true	true	true	true	true	false	true
223	23	MASKED_TARGET	4	6	15	U07-0000000102_S08-0000000175	C0HORect2Set	DESCENDANT_PROBE_PASS	0	17407	50bb3e252fae2a65db4d03830329b511662d31c51063d5b9ad50c4732cbcfd70	70d932e252533edc61fc31b9779f5c2fb7e2e183ebc95152e27157e35981f3fe	0ed28812f3dcfc160e66359640f4115486a5382eb33d33aa613518f628e5c1c0	91d442f3481dcfcb39406c3560596b8739825ea9bf362fdbc74cdfad55a89207	e3b0c44298fc1c149afbf4c8996fb92427ae41e4649b934ca495991b7852b855	bea46ab4cf4adbeda551b0c6acc48c6474aa0a07a2c563bba580618b66d2c36b	true	true	true	true	true	false	true
224	23	MASKED_TARGET	4	6	15	U07-0000000102_S08-0000000175	C0Rect2Set	DESCENDANT_PROBE_PASS	0	16702	50bb3e252fae2a65db4d03830329b511662d31c51063d5b9ad50c4732cbcfd70	70d932e252533edc61fc31b9779f5c2fb7e2e183ebc95152e27157e35981f3fe	31a9c1d755b84ee85f166431b84a8e48703f10e95eb012bd5cac43866ca73ad9	2da7a2eafacabeecf7ab605f09c122e36990fae70c7f3f1abe8607a8e4b02dd8	e3b0c44298fc1c149afbf4c8996fb92427ae41e4649b934ca495991b7852b855	bea46ab4cf4adbeda551b0c6acc48c6474aa0a07a2c563bba580618b66d2c36b	true	true	true	true	true	false	true
225	23	MASKED_TARGET	4	7	0	U07-0000000103_S08-0000000160	C0HORect2Set	DESCENDANT_PROBE_REJECTED	0	17429	c3f1b3862da511ef3a61b283accf89b5c3e9758229f7eea3c90c86fd4c30f9a8	9d3abaa7a75a673dc443c4d00e4dc0dec36c24a24f839423e7d57c7fce9cdcd2	037a7c0b1910224a0f15a1e6c8496429792653faced6ea37a0050d6c23b6c62d	e15f969b0b9e88f6ced2a80aa55539e6fd366a6c8b85d2f3300f7da5025ef89c	e3b0c44298fc1c149afbf4c8996fb92427ae41e4649b934ca495991b7852b855	225cdb9d16e19f2a333fa1b0f8255f2a2b10d8f79f67a7d0c944d7d9076ec2e3	true	true	true	false	false	false	false
226	23	MASKED_TARGET	4	7	0	U07-0000000103_S08-0000000160	C0Rect2Set	DESCENDANT_PROBE_REJECTED	0	16719	c3f1b3862da511ef3a61b283accf89b5c3e9758229f7eea3c90c86fd4c30f9a8	9d3abaa7a75a673dc443c4d00e4dc0dec36c24a24f839423e7d57c7fce9cdcd2	a6d623ca636dd2480a6480980e2166c8a53e59d41640631416f09fb72c8d097c	56dd33c35135b9b55a025393ec8d5d513ff94a6ba3aadb3df24d21953a4e691d	e3b0c44298fc1c149afbf4c8996fb92427ae41e4649b934ca495991b7852b855	225cdb9d16e19f2a333fa1b0f8255f2a2b10d8f79f67a7d0c944d7d9076ec2e3	true	true	true	false	false	false	false
227	23	MASKED_TARGET	4	7	1	U07-0000000103_S08-0000000161	C0HORect2Set	DESCENDANT_PROBE_PASS	0	17432	15c7dc4853d75ab1ab4381a1afba1295623d7211d3e8e726ced872274cde6cfa	91346e156108e07be9e4d03583d2905d921eca01c2b7a7df040cba68875038c6	47df745ad95ca8c55562b750cc6f6fdc56f1f66af76b3a002ca0693b2a6fdb58	09cee2845d8dce39bde1ab3edcc44a03b69dfe574cc51a9dfc3f7d408a4eba11	e3b0c44298fc1c149afbf4c8996fb92427ae41e4649b934ca495991b7852b855	bea46ab4cf4adbeda551b0c6acc48c6474aa0a07a2c563bba580618b66d2c36b	true	true	true	true	true	false	true
228	23	MASKED_TARGET	4	7	1	U07-0000000103_S08-0000000161	C0Rect2Set	DESCENDANT_PROBE_PASS	0	16661	15c7dc4853d75ab1ab4381a1afba1295623d7211d3e8e726ced872274cde6cfa	91346e156108e07be9e4d03583d2905d921eca01c2b7a7df040cba68875038c6	6b91a4f169726ad73b3c948ceb5cf998f1871f5627dddf19357fd84b8df05ab6	e7a12d0ccf5c314798f3a9eb49248fd5f6659df05bcd2bf8e8ef608d82f1db01	e3b0c44298fc1c149afbf4c8996fb92427ae41e4649b934ca495991b7852b855	bea46ab4cf4adbeda551b0c6acc48c6474aa0a07a2c563bba580618b66d2c36b	true	true	true	true	true	false	true
229	23	MASKED_TARGET	4	7	2	U07-0000000103_S08-0000000162	C0HORect2Set	DESCENDANT_PROBE_PASS	0	17400	161c9d1cab7243a11bbc4d6b86b40715c8ffc830469071ef315c54294c2ac96d	608b4b9b09a0ba1c209c7104787fe34f9e9314f982c7eb4c7a996f3231a3b727	f3143ad00d20706578bc7aaf1b2e2e9eb7aa34fa6ac81712b56f4000f0ce4afc	544abeb1102c62b11c123c3eb9ad24386e93e102e17215d8630094994d08f649	e3b0c44298fc1c149afbf4c8996fb92427ae41e4649b934ca495991b7852b855	bea46ab4cf4adbeda551b0c6acc48c6474aa0a07a2c563bba580618b66d2c36b	true	true	true	true	true	false	true
230	23	MASKED_TARGET	4	7	2	U07-0000000103_S08-0000000162	C0Rect2Set	DESCENDANT_PROBE_PASS	0	16712	161c9d1cab7243a11bbc4d6b86b40715c8ffc830469071ef315c54294c2ac96d	608b4b9b09a0ba1c209c7104787fe34f9e9314f982c7eb4c7a996f3231a3b727	64f8ad2160ecb7f0c68c765a1a0196ccfc7be563df5f10c28d0e5fe22004ba37	7addd13d1e9ef4ab86640b2eab1a693efe43a9e60230c4b224a37e35abf1b929	e3b0c44298fc1c149afbf4c8996fb92427ae41e4649b934ca495991b7852b855	bea46ab4cf4adbeda551b0c6acc48c6474aa0a07a2c563bba580618b66d2c36b	true	true	true	true	true	false	true
231	23	MASKED_TARGET	4	7	3	U07-0000000103_S08-0000000163	C0HORect2Set	DESCENDANT_PROBE_PASS	0	17455	c052c7cd7672dcfdc9063268ca1dc04d578084a9a9de4ce98c18aa847462c9e2	df7196376767bc5ed4d2d0f780d920db58ed63856173cc405194e390a40697fc	9fd2cf8eed600062a81cef66095eddfc24e4a04666788d7c32d873644ba8060e	4278214d114c28d1c7f3ecf5f74600ecdff28c643829643613e88ee5ca09b463	e3b0c44298fc1c149afbf4c8996fb92427ae41e4649b934ca495991b7852b855	bea46ab4cf4adbeda551b0c6acc48c6474aa0a07a2c563bba580618b66d2c36b	true	true	true	true	true	false	true
232	23	MASKED_TARGET	4	7	3	U07-0000000103_S08-0000000163	C0Rect2Set	DESCENDANT_PROBE_PASS	0	16699	c052c7cd7672dcfdc9063268ca1dc04d578084a9a9de4ce98c18aa847462c9e2	df7196376767bc5ed4d2d0f780d920db58ed63856173cc405194e390a40697fc	38dd48730a603563539926570decd25cd426295db776957241773c252c493192	1529a48fa8c9cda567587403bdc65c9cf9c4510973226370881d689cae8b8034	e3b0c44298fc1c149afbf4c8996fb92427ae41e4649b934ca495991b7852b855	bea46ab4cf4adbeda551b0c6acc48c6474aa0a07a2c563bba580618b66d2c36b	true	true	true	true	true	false	true
233	23	MASKED_TARGET	4	7	4	U07-0000000103_S08-0000000164	C0HORect2Set	DESCENDANT_PROBE_PASS	0	17403	c1604d3a74e8e2870c0ecf808a6275004b8eb1db7cbe54d38686ec7cb0c96ec9	d277be2eed22f007218545ae495a54bbcfd71d9515142c142fafa36622b3c9ba	6026d28d39b1bccbb49c57c178b1c85774270065bf82203fff7f8ccf0c68ee0a	a8463b77a14272b87c7284bf3362cb52a57a592c8be072ced6948448790b260b	e3b0c44298fc1c149afbf4c8996fb92427ae41e4649b934ca495991b7852b855	bea46ab4cf4adbeda551b0c6acc48c6474aa0a07a2c563bba580618b66d2c36b	true	true	true	true	true	false	true
234	23	MASKED_TARGET	4	7	4	U07-0000000103_S08-0000000164	C0Rect2Set	DESCENDANT_PROBE_PASS	0	16824	c1604d3a74e8e2870c0ecf808a6275004b8eb1db7cbe54d38686ec7cb0c96ec9	d277be2eed22f007218545ae495a54bbcfd71d9515142c142fafa36622b3c9ba	cf51cd97e8a1a2e61bbed973725088a16e6ca5feaa5253b2fa0dd392ab76718c	1a63954c0decc29a4631739c18346b7ba5f67b8a3160fc7a8ff7126f36a82d03	e3b0c44298fc1c149afbf4c8996fb92427ae41e4649b934ca495991b7852b855	bea46ab4cf4adbeda551b0c6acc48c6474aa0a07a2c563bba580618b66d2c36b	true	true	true	true	true	false	true
235	23	MASKED_TARGET	4	7	5	U07-0000000103_S08-0000000165	C0HORect2Set	DESCENDANT_PROBE_PASS	0	17388	848c37d8802fd14cb8e601c3852a1fa31dba5765d3ca091045582903fa7aa76b	523a4693b3ca3d64c44ed8fb6debec0b4ab969fe3a08e82c6d0ff55fa5b03940	826d38ddc8119d3ddba7635f5c8c7642cae4b6057c91d55b424568d283498800	a61d94c5a90719f5012139a4c848675271e8f8944b14eaefaae76c1327dbe436	e3b0c44298fc1c149afbf4c8996fb92427ae41e4649b934ca495991b7852b855	bea46ab4cf4adbeda551b0c6acc48c6474aa0a07a2c563bba580618b66d2c36b	true	true	true	true	true	false	true
236	23	MASKED_TARGET	4	7	5	U07-0000000103_S08-0000000165	C0Rect2Set	DESCENDANT_PROBE_PASS	0	16732	848c37d8802fd14cb8e601c3852a1fa31dba5765d3ca091045582903fa7aa76b	523a4693b3ca3d64c44ed8fb6debec0b4ab969fe3a08e82c6d0ff55fa5b03940	a0f923d5d9aa103ac2d5ac6dcf4e73cf1c265d3fb0dafdcc8595800de4d472b2	161904dca5a062529035eea9126dec2e3e209424aaceb78393f2ac9df7c9f4cd	e3b0c44298fc1c149afbf4c8996fb92427ae41e4649b934ca495991b7852b855	bea46ab4cf4adbeda551b0c6acc48c6474aa0a07a2c563bba580618b66d2c36b	true	true	true	true	true	false	true
237	23	MASKED_TARGET	4	7	6	U07-0000000103_S08-0000000166	C0HORect2Set	DESCENDANT_PROBE_PASS	0	17421	920e771c665ee76593cbb5e9fc48f2b27fa314a7e0b6891a842f081d46a1cd6b	41fe28ab0faa03be80c8b1492600da9f99e978ac99a9bda73dcbb88fa072b44c	0a30233c1311b41e7bb2c950cc53d962f86884e70870edb23350f8c5ca6582c5	031796eae95a9d471a741a4a3d31d575271d29cc8fcbc9233fda036f40b1e3f2	e3b0c44298fc1c149afbf4c8996fb92427ae41e4649b934ca495991b7852b855	bea46ab4cf4adbeda551b0c6acc48c6474aa0a07a2c563bba580618b66d2c36b	true	true	true	true	true	false	true
238	23	MASKED_TARGET	4	7	6	U07-0000000103_S08-0000000166	C0Rect2Set	DESCENDANT_PROBE_PASS	0	16763	920e771c665ee76593cbb5e9fc48f2b27fa314a7e0b6891a842f081d46a1cd6b	41fe28ab0faa03be80c8b1492600da9f99e978ac99a9bda73dcbb88fa072b44c	af9b1683f24605621d0302460ddc1f041089b82b8e12e526ad76da1f05ff1956	898f9d37d7a1f089d24bfe4434f882525e37169d31353994b9aa594ba7e855c7	e3b0c44298fc1c149afbf4c8996fb92427ae41e4649b934ca495991b7852b855	bea46ab4cf4adbeda551b0c6acc48c6474aa0a07a2c563bba580618b66d2c36b	true	true	true	true	true	false	true
239	23	MASKED_TARGET	4	7	7	U07-0000000103_S08-0000000167	C0HORect2Set	DESCENDANT_PROBE_PASS	0	17403	e0ab5b71ec5a146894cf9b94cc0b634ce7438c6c18532e6a6f26f288d28a5885	1f609019ac4f80e07823699924592c639d3694691447d3267c751773b50843b3	c60d55e3b6c0b09a14635d1647e8ac2768fd88dc9facbd04280db5a3eb23de86	9a55ac391d0d15081fcff70a0b418fd3d020ef4a90a11ea21ce5d55af4938393	e3b0c44298fc1c149afbf4c8996fb92427ae41e4649b934ca495991b7852b855	bea46ab4cf4adbeda551b0c6acc48c6474aa0a07a2c563bba580618b66d2c36b	true	true	true	true	true	false	true
240	23	MASKED_TARGET	4	7	7	U07-0000000103_S08-0000000167	C0Rect2Set	DESCENDANT_PROBE_PASS	0	16736	e0ab5b71ec5a146894cf9b94cc0b634ce7438c6c18532e6a6f26f288d28a5885	1f609019ac4f80e07823699924592c639d3694691447d3267c751773b50843b3	e88093d300b5c7513ca54b03e869f66f13874d49b4ce79fd94035a42a4e97363	4144e683989fb6bf4796d9be42b19f55039af8dc4c4fa993a7d9c5b53f96f0e9	e3b0c44298fc1c149afbf4c8996fb92427ae41e4649b934ca495991b7852b855	bea46ab4cf4adbeda551b0c6acc48c6474aa0a07a2c563bba580618b66d2c36b	true	true	true	true	true	false	true
241	23	MASKED_TARGET	4	7	8	U07-0000000103_S08-0000000168	C0HORect2Set	DESCENDANT_PROBE_PASS	0	17810	30579919cd6e04bb575557d2210957cfdc19f1aa565668f34339310c802c05a8	4aaa35fa6fe7e35ad7255d60a27dd78b7983de83ab8f0a0e43e496b434d9a000	970adce4fd13613463b52ad153c74ebd4cbceafce8deedfed0d1cc23eed708b1	5d585c69f39d3357bf4e66ed8c212b686bbd785dc1d20a401d06cc06beed23a5	e3b0c44298fc1c149afbf4c8996fb92427ae41e4649b934ca495991b7852b855	bea46ab4cf4adbeda551b0c6acc48c6474aa0a07a2c563bba580618b66d2c36b	true	true	true	true	true	false	true
242	23	MASKED_TARGET	4	7	8	U07-0000000103_S08-0000000168	C0Rect2Set	DESCENDANT_PROBE_PASS	0	16702	30579919cd6e04bb575557d2210957cfdc19f1aa565668f34339310c802c05a8	4aaa35fa6fe7e35ad7255d60a27dd78b7983de83ab8f0a0e43e496b434d9a000	a01636bc3e2ae74da428b6a379c77b5d9269e8292cacc0cfef26d3c6fc3e9513	0cb1846333ba652063f55ede9048d0078d744b6f912cce099880a16c7b58a081	e3b0c44298fc1c149afbf4c8996fb92427ae41e4649b934ca495991b7852b855	bea46ab4cf4adbeda551b0c6acc48c6474aa0a07a2c563bba580618b66d2c36b	true	true	true	true	true	false	true
243	23	MASKED_TARGET	4	7	9	U07-0000000103_S08-0000000169	C0HORect2Set	DESCENDANT_PROBE_PASS	0	17423	dd5566329b7436b4c50ddb965c9f065a55d794d41a49a9743524e65509832891	ac46265c98a1c560fedb5430a4189ca7256d82d82bf18ec7b0fc9d732cd2b6fa	ee61c26a15b08dc3287a2313b3564de14df4a6ca67f58c07d7abb63273007cb8	2c7a83f79fdab2e141f4ac1212dddc767c3888e126d5aff8937af0c4d6b362c0	e3b0c44298fc1c149afbf4c8996fb92427ae41e4649b934ca495991b7852b855	bea46ab4cf4adbeda551b0c6acc48c6474aa0a07a2c563bba580618b66d2c36b	true	true	true	true	true	false	true
244	23	MASKED_TARGET	4	7	9	U07-0000000103_S08-0000000169	C0Rect2Set	DESCENDANT_PROBE_PASS	0	16744	dd5566329b7436b4c50ddb965c9f065a55d794d41a49a9743524e65509832891	ac46265c98a1c560fedb5430a4189ca7256d82d82bf18ec7b0fc9d732cd2b6fa	837c6bbf0d61b6ce9a2b2eb02783bb85e5c3b23b9a62cbda48226ec7f6e94fe9	541b3c2e69dbb9e56dacef706c92dc434bb284f8bc867b374cb9b2657895b25e	e3b0c44298fc1c149afbf4c8996fb92427ae41e4649b934ca495991b7852b855	bea46ab4cf4adbeda551b0c6acc48c6474aa0a07a2c563bba580618b66d2c36b	true	true	true	true	true	false	true
245	23	MASKED_TARGET	4	7	10	U07-0000000103_S08-0000000170	C0HORect2Set	DESCENDANT_PROBE_PASS	0	17411	9e2477b8db5bbcb85f576b0bbb9f9b9e21fe96747e1f0f586f9f91bb57eeedee	c2efcc8d32353c3b5ae1cccc1f69f1127c49418cedcca7fea307d2f16a121d42	95028badeefff71a95423aef2c87659a9d78cf343dd7f0b9358741bdb673a4e4	c7c9f6c0d3abbd3001a488de82cc493bd25853b753f91b19e0db5369c43c0a9c	e3b0c44298fc1c149afbf4c8996fb92427ae41e4649b934ca495991b7852b855	bea46ab4cf4adbeda551b0c6acc48c6474aa0a07a2c563bba580618b66d2c36b	true	true	true	true	true	false	true
246	23	MASKED_TARGET	4	7	10	U07-0000000103_S08-0000000170	C0Rect2Set	DESCENDANT_PROBE_PASS	0	16692	9e2477b8db5bbcb85f576b0bbb9f9b9e21fe96747e1f0f586f9f91bb57eeedee	c2efcc8d32353c3b5ae1cccc1f69f1127c49418cedcca7fea307d2f16a121d42	f5f289b31326ee57d37b40f42bccf35001279e6540d98d659220a1722f41bafc	1226b7a38d68709d72f5ad87985fc413f488c386ea9d3c1c9c9f04ad2d02e5e9	e3b0c44298fc1c149afbf4c8996fb92427ae41e4649b934ca495991b7852b855	bea46ab4cf4adbeda551b0c6acc48c6474aa0a07a2c563bba580618b66d2c36b	true	true	true	true	true	false	true
247	23	MASKED_TARGET	4	7	11	U07-0000000103_S08-0000000171	C0HORect2Set	DESCENDANT_PROBE_PASS	0	17427	6e9c4a1a296be7a48564de35fdacaa5014d93e9b2cd8f559834c98a2dad99ac6	7aacb4607b71deea814e34fd6350db4ee222aa1f0a5580ec74faaaeeffb1ee6e	5c6c0b84657f551dfc1fc79b989c80b3971411f44609a6f3e64a82191748102c	cc2bed3b420c4727adf7906d498ef664d9dc2e4a933408aa493bbd28584900f8	e3b0c44298fc1c149afbf4c8996fb92427ae41e4649b934ca495991b7852b855	bea46ab4cf4adbeda551b0c6acc48c6474aa0a07a2c563bba580618b66d2c36b	true	true	true	true	true	false	true
248	23	MASKED_TARGET	4	7	11	U07-0000000103_S08-0000000171	C0Rect2Set	DESCENDANT_PROBE_PASS	0	16703	6e9c4a1a296be7a48564de35fdacaa5014d93e9b2cd8f559834c98a2dad99ac6	7aacb4607b71deea814e34fd6350db4ee222aa1f0a5580ec74faaaeeffb1ee6e	e512188769d073940053f3521982d2f5d2434497bfe48bba386e93d51f2a36c4	f6b61ea8551b4c497300d965a9b9fc77835ad36d98b79735e0402c39cb535cae	e3b0c44298fc1c149afbf4c8996fb92427ae41e4649b934ca495991b7852b855	bea46ab4cf4adbeda551b0c6acc48c6474aa0a07a2c563bba580618b66d2c36b	true	true	true	true	true	false	true
249	23	MASKED_TARGET	4	7	12	U07-0000000103_S08-0000000172	C0HORect2Set	DESCENDANT_PROBE_PASS	0	17411	72ecd8cff0f78b7dc8f068ed2f2e5c5303903f321eb216264c17bebc03643dfd	81e338a5cf04b75266c087767b7db8227b373c56eb8a96daf8780aeb4c635048	3a97054683943ef0a99cba9de2e98925b154f613a9344d47d435be887e753f8a	462b6633de7ef79d47a116676674e45a82bf5b6eb0f4a5befd88b423773f7e89	e3b0c44298fc1c149afbf4c8996fb92427ae41e4649b934ca495991b7852b855	bea46ab4cf4adbeda551b0c6acc48c6474aa0a07a2c563bba580618b66d2c36b	true	true	true	true	true	false	true
250	23	MASKED_TARGET	4	7	12	U07-0000000103_S08-0000000172	C0Rect2Set	DESCENDANT_PROBE_PASS	0	16731	72ecd8cff0f78b7dc8f068ed2f2e5c5303903f321eb216264c17bebc03643dfd	81e338a5cf04b75266c087767b7db8227b373c56eb8a96daf8780aeb4c635048	576314b54db5fcdae9398f43098327616f70247588ba966cbcadd923afcbfaaf	a699e25a72fcc2c7cb5a2541db54d79a7379676721aedd105b02cffd37fd604b	e3b0c44298fc1c149afbf4c8996fb92427ae41e4649b934ca495991b7852b855	bea46ab4cf4adbeda551b0c6acc48c6474aa0a07a2c563bba580618b66d2c36b	true	true	true	true	true	false	true
251	23	MASKED_TARGET	4	7	13	U07-0000000103_S08-0000000173	C0HORect2Set	DESCENDANT_PROBE_PASS	0	17430	6e6f79f0842d241433867d66ee18aae46d32b3ead5ba323969e158ff89fefdd8	0619e4759070564d1ce3a125b8cb0c45ad27e38c7153d716eb58eca9bc7e12bb	e8adb697e2d95894db577388cd02d0193472122d1f33b3d039cb4940d36b0e1a	87f76927cdcac2e1a212ec36121e04774299354fe6d424c4b0feb58c30ab3bb1	e3b0c44298fc1c149afbf4c8996fb92427ae41e4649b934ca495991b7852b855	bea46ab4cf4adbeda551b0c6acc48c6474aa0a07a2c563bba580618b66d2c36b	true	true	true	true	true	false	true
252	23	MASKED_TARGET	4	7	13	U07-0000000103_S08-0000000173	C0Rect2Set	DESCENDANT_PROBE_PASS	0	16715	6e6f79f0842d241433867d66ee18aae46d32b3ead5ba323969e158ff89fefdd8	0619e4759070564d1ce3a125b8cb0c45ad27e38c7153d716eb58eca9bc7e12bb	5ad7251e9bdf6bd4262d2a74229df8dead0c3d812828c673355cfd3b28e1d117	bc76d16760a600bed89caa9fcd0034c4f7017d70b1f43bd11a3e322e97712c33	e3b0c44298fc1c149afbf4c8996fb92427ae41e4649b934ca495991b7852b855	bea46ab4cf4adbeda551b0c6acc48c6474aa0a07a2c563bba580618b66d2c36b	true	true	true	true	true	false	true
253	23	MASKED_TARGET	4	7	14	U07-0000000103_S08-0000000174	C0HORect2Set	DESCENDANT_PROBE_PASS	0	17418	474ea17274d8790f7a87180bc6f15287a850135c60fd7829aac234c065a060b7	13409c057193de5c2dcfe0e8c399999cb20b81ac880478be3fe418a5119327c8	5d98a16914a3c1085b5c17c9223da801f83582b9d365e6c4e48831b69ebcf572	ec4f4eb6078bd07ca3f5d3a735772c40a142ab96f7e1fd652e0f45a96b7b8b8b	e3b0c44298fc1c149afbf4c8996fb92427ae41e4649b934ca495991b7852b855	bea46ab4cf4adbeda551b0c6acc48c6474aa0a07a2c563bba580618b66d2c36b	true	true	true	true	true	false	true
254	23	MASKED_TARGET	4	7	14	U07-0000000103_S08-0000000174	C0Rect2Set	DESCENDANT_PROBE_PASS	0	16697	474ea17274d8790f7a87180bc6f15287a850135c60fd7829aac234c065a060b7	13409c057193de5c2dcfe0e8c399999cb20b81ac880478be3fe418a5119327c8	8cbe565281a2a14db01bca03ee6fabdd531ca1b8cf7d343800be101459a25291	4d29a4e943edf083999357e2205daca6214600b2228c3ce2175a308400e3bd77	e3b0c44298fc1c149afbf4c8996fb92427ae41e4649b934ca495991b7852b855	bea46ab4cf4adbeda551b0c6acc48c6474aa0a07a2c563bba580618b66d2c36b	true	true	true	true	true	false	true
255	23	MASKED_TARGET	4	7	15	U07-0000000103_S08-0000000175	C0HORect2Set	DESCENDANT_PROBE_PASS	0	17439	143cbf8d26145ca58207c72ccc31ff845d19d0f812be5938b69e4d3d1ca49002	91fb226f8a5e2406117a1082cb92b52e52d10833de36aa79978d836cdbf77c6e	4277739d36db4a4038d94a4dd48af224ad2e59e5c11639f3d7d109edce84f91e	e2167aa46d4f94048760fe4d60c470a206c78498359ddcb53e674d9edfb46385	e3b0c44298fc1c149afbf4c8996fb92427ae41e4649b934ca495991b7852b855	bea46ab4cf4adbeda551b0c6acc48c6474aa0a07a2c563bba580618b66d2c36b	true	true	true	true	true	false	true
256	23	MASKED_TARGET	4	7	15	U07-0000000103_S08-0000000175	C0Rect2Set	DESCENDANT_PROBE_PASS	0	16696	143cbf8d26145ca58207c72ccc31ff845d19d0f812be5938b69e4d3d1ca49002	91fb226f8a5e2406117a1082cb92b52e52d10833de36aa79978d836cdbf77c6e	64ada0a32a29aa6897d1df60cd9c2a91e110eb983f3ea73aa7ab3aa71a7ce603	609910df0cf004e317428f7a9cc61c7d6280977031fca2b7ad89d71f59405c1b	e3b0c44298fc1c149afbf4c8996fb92427ae41e4649b934ca495991b7852b855	bea46ab4cf4adbeda551b0c6acc48c6474aa0a07a2c563bba580618b66d2c36b	true	true	true	true	true	false	true
257	23	MASKED_TARGET	4	8	0	U07-0000000104_S08-0000000160	C0HORect2Set	DESCENDANT_PROBE_REJECTED	0	17404	82c1c10001062a356437af38230ec4c5639c01c8ff2ed94b52f71dace76ec1cf	8f169d4b0bb940c239b30aaaa248d977269904835640790774bed956ebcdcfd8	b2c29751bf904f5b96459a5851195a1b8f2ad39fdbd701466773aed4aad7c19e	bf80b1d0b4f74771e93f9ecf06157b49a504f8a3aa79ca839332954174d4191b	e3b0c44298fc1c149afbf4c8996fb92427ae41e4649b934ca495991b7852b855	225cdb9d16e19f2a333fa1b0f8255f2a2b10d8f79f67a7d0c944d7d9076ec2e3	true	true	true	false	false	false	false
258	23	MASKED_TARGET	4	8	0	U07-0000000104_S08-0000000160	C0Rect2Set	DESCENDANT_PROBE_REJECTED	0	16683	82c1c10001062a356437af38230ec4c5639c01c8ff2ed94b52f71dace76ec1cf	8f169d4b0bb940c239b30aaaa248d977269904835640790774bed956ebcdcfd8	baf1af1c4a9b2b91a160a10ffb6f554e7aee241a50c2303fb6e4d39c801f051e	d8a556305398e14aa56ea8200ff170d4fa4a51452a4991b6437c56af814fc957	e3b0c44298fc1c149afbf4c8996fb92427ae41e4649b934ca495991b7852b855	225cdb9d16e19f2a333fa1b0f8255f2a2b10d8f79f67a7d0c944d7d9076ec2e3	true	true	true	false	false	false	false
259	23	MASKED_TARGET	4	8	1	U07-0000000104_S08-0000000161	C0HORect2Set	DESCENDANT_PROBE_REJECTED	0	17428	f0f8a126c115c3ecaaf9490439929c8a93c6bfbb9bf67c64e867264338adb41d	0cf2542a3c4fae4668cdced86451377a83d9d0856be4ea837f371d55b5d877bf	fe420a0bf528c8bb43e4c282eae4d3d170d42dc8b225a989fa7519e76f8b0cd7	f05b0d99489ec3eddfb04088108f599b3e228db924bc109a2fad6c3fe6ca6343	e3b0c44298fc1c149afbf4c8996fb92427ae41e4649b934ca495991b7852b855	225cdb9d16e19f2a333fa1b0f8255f2a2b10d8f79f67a7d0c944d7d9076ec2e3	true	true	true	false	false	false	false
260	23	MASKED_TARGET	4	8	1	U07-0000000104_S08-0000000161	C0Rect2Set	DESCENDANT_PROBE_REJECTED	0	16798	f0f8a126c115c3ecaaf9490439929c8a93c6bfbb9bf67c64e867264338adb41d	0cf2542a3c4fae4668cdced86451377a83d9d0856be4ea837f371d55b5d877bf	e6587cd08f705aeb3643afbf96dd75541d4d4ef65794588af54112836f8eccc1	9064919d5ff83088f79b61014e763e2b5646dffbabe2753ddab00a15d16a6bc2	e3b0c44298fc1c149afbf4c8996fb92427ae41e4649b934ca495991b7852b855	225cdb9d16e19f2a333fa1b0f8255f2a2b10d8f79f67a7d0c944d7d9076ec2e3	true	true	true	false	false	false	false
261	23	MASKED_TARGET	4	8	2	U07-0000000104_S08-0000000162	C0HORect2Set	DESCENDANT_PROBE_PASS	0	17387	b12981ea7ab0b14fc38f1e88131a6dd4546d873e56f0a865596b32a58d2d4f98	ce9a13dfd5a11e256f17f78c22f7b684e0478e0ffe0a18e47fb834a4cacd598e	6565899bf2bc72104cac90dceb9b0c414d068b24537c3f4ef2bc623278c781b7	58e717839859b6be9545425c391d53555c2f013a268f2a224136b1f2af046357	e3b0c44298fc1c149afbf4c8996fb92427ae41e4649b934ca495991b7852b855	bea46ab4cf4adbeda551b0c6acc48c6474aa0a07a2c563bba580618b66d2c36b	true	true	true	true	true	false	true
262	23	MASKED_TARGET	4	8	2	U07-0000000104_S08-0000000162	C0Rect2Set	DESCENDANT_PROBE_PASS	0	16720	b12981ea7ab0b14fc38f1e88131a6dd4546d873e56f0a865596b32a58d2d4f98	ce9a13dfd5a11e256f17f78c22f7b684e0478e0ffe0a18e47fb834a4cacd598e	c58c0d29f7215d43bb7d92bde32c7bb73ae67b73d67c02f97cd61d7682da5a57	58be885bbc6f82a7d49caf609b1d97c5bdf45fa5306ff24fcb1175bd56d65f5d	e3b0c44298fc1c149afbf4c8996fb92427ae41e4649b934ca495991b7852b855	bea46ab4cf4adbeda551b0c6acc48c6474aa0a07a2c563bba580618b66d2c36b	true	true	true	true	true	false	true
263	23	MASKED_TARGET	4	8	3	U07-0000000104_S08-0000000163	C0HORect2Set	DESCENDANT_PROBE_PASS	0	17446	7fa809fdee691a2c51a699454bb4a788b543688ad19cc51f233743ee0ef748d9	14b77dcfef755c5ec587739de57da2f0b4359fad3832930fc5d855eb1c9c943a	ce6f2d90e852f4d6640b34c4691da35dcad3acdfd4f3b5c24541c6759decfe0e	24f42035ef396db8da666c1f6099103540e7942480df3387bc46c4712feaf051	e3b0c44298fc1c149afbf4c8996fb92427ae41e4649b934ca495991b7852b855	bea46ab4cf4adbeda551b0c6acc48c6474aa0a07a2c563bba580618b66d2c36b	true	true	true	true	true	false	true
264	23	MASKED_TARGET	4	8	3	U07-0000000104_S08-0000000163	C0Rect2Set	DESCENDANT_PROBE_PASS	0	16704	7fa809fdee691a2c51a699454bb4a788b543688ad19cc51f233743ee0ef748d9	14b77dcfef755c5ec587739de57da2f0b4359fad3832930fc5d855eb1c9c943a	e2cf44273b35053389c41729a9ec469d4d96cd74eb24585b07a8248096d6ce00	81053a6f977d0e91da86428f3beb5f0ce80590ede7defbdd2942a0850aaa7bf6	e3b0c44298fc1c149afbf4c8996fb92427ae41e4649b934ca495991b7852b855	bea46ab4cf4adbeda551b0c6acc48c6474aa0a07a2c563bba580618b66d2c36b	true	true	true	true	true	false	true
265	23	MASKED_TARGET	4	8	4	U07-0000000104_S08-0000000164	C0HORect2Set	DESCENDANT_PROBE_PASS	0	17482	a134b1e12fd572356c3b9ffd1d3156e108c02145da3d72e908050992edd92b10	ccc7a6bd5c8bf927cf225f74581f6dcdd73eb3decb6eb0c0f0dd8f877d963be1	a430b0a3d81d80f523a8a58fa4665ce9a8d0fa327a976fba25d84ac398faaec8	15c2cc86e70b04fe9fccde3155ce33e6b02ddaaab52a6727433975fdbbe91367	e3b0c44298fc1c149afbf4c8996fb92427ae41e4649b934ca495991b7852b855	bea46ab4cf4adbeda551b0c6acc48c6474aa0a07a2c563bba580618b66d2c36b	true	true	true	true	true	false	true
266	23	MASKED_TARGET	4	8	4	U07-0000000104_S08-0000000164	C0Rect2Set	DESCENDANT_PROBE_PASS	0	16754	a134b1e12fd572356c3b9ffd1d3156e108c02145da3d72e908050992edd92b10	ccc7a6bd5c8bf927cf225f74581f6dcdd73eb3decb6eb0c0f0dd8f877d963be1	79f7f79f118eec5f81def834b307f02ab616b77cbf72ba513489dbae4d6d4ec3	d832e5f16019c15ba21a9f439a77399c47f37f5df2c6465293df20c16371f8ca	e3b0c44298fc1c149afbf4c8996fb92427ae41e4649b934ca495991b7852b855	bea46ab4cf4adbeda551b0c6acc48c6474aa0a07a2c563bba580618b66d2c36b	true	true	true	true	true	false	true
267	23	MASKED_TARGET	4	8	5	U07-0000000104_S08-0000000165	C0HORect2Set	DESCENDANT_PROBE_PASS	0	17413	b1dc56a8c89bdcb6889752adccf8d187ddb5b2c7a1a1f336d073bb63246df9a4	cbea4f69ca999ae978e669a1c9f1e99e73c4857b2c9c17de85d74d7a9d77e3e1	f2e6b9820d6addb48fa25f6212f19e7b3b88523e292291f7c20f1e76c3aa959b	670a1a53e206ffc5e7bad4fa3c61fff2a8a9ffc5279677808e728c8ebadc636f	e3b0c44298fc1c149afbf4c8996fb92427ae41e4649b934ca495991b7852b855	bea46ab4cf4adbeda551b0c6acc48c6474aa0a07a2c563bba580618b66d2c36b	true	true	true	true	true	false	true
268	23	MASKED_TARGET	4	8	5	U07-0000000104_S08-0000000165	C0Rect2Set	DESCENDANT_PROBE_PASS	0	16781	b1dc56a8c89bdcb6889752adccf8d187ddb5b2c7a1a1f336d073bb63246df9a4	cbea4f69ca999ae978e669a1c9f1e99e73c4857b2c9c17de85d74d7a9d77e3e1	7bbe5e8e2a754c29e59d617a99c0e400b9e7d3811bd0ddd626816b717c76e490	83efa503135499845db712b6b10960f2a8bdee198bb36fa5746024257a242eec	e3b0c44298fc1c149afbf4c8996fb92427ae41e4649b934ca495991b7852b855	bea46ab4cf4adbeda551b0c6acc48c6474aa0a07a2c563bba580618b66d2c36b	true	true	true	true	true	false	true
269	23	MASKED_TARGET	4	8	6	U07-0000000104_S08-0000000166	C0HORect2Set	DESCENDANT_PROBE_PASS	0	17518	840a5af85448b361f0bdc407d5e6a7cabbb0b4b79df95fc17876a4f8ff792b19	ba047948a7b087760ab591764bd42d21cfd27eb7b534f001ec2d809267268e25	f3c66782ecdd5a1d734431a63cc25aaf108e12bc8160d8cbd12b014d00ad1a4b	bb8eca24c054d004ba9b43ce15a67907c8d9457a67727203f15b9017a8079bb3	e3b0c44298fc1c149afbf4c8996fb92427ae41e4649b934ca495991b7852b855	bea46ab4cf4adbeda551b0c6acc48c6474aa0a07a2c563bba580618b66d2c36b	true	true	true	true	true	false	true
270	23	MASKED_TARGET	4	8	6	U07-0000000104_S08-0000000166	C0Rect2Set	DESCENDANT_PROBE_PASS	0	16690	840a5af85448b361f0bdc407d5e6a7cabbb0b4b79df95fc17876a4f8ff792b19	ba047948a7b087760ab591764bd42d21cfd27eb7b534f001ec2d809267268e25	0e7451968ca2c47c9a28717b77aecb1425307233772848e4e1c3423a0e8bf076	48c848cfc893e0c8a0356f5d069293276942767b4f2ddd1216a78ffe2a6f6370	e3b0c44298fc1c149afbf4c8996fb92427ae41e4649b934ca495991b7852b855	bea46ab4cf4adbeda551b0c6acc48c6474aa0a07a2c563bba580618b66d2c36b	true	true	true	true	true	false	true
271	23	MASKED_TARGET	4	8	7	U07-0000000104_S08-0000000167	C0HORect2Set	DESCENDANT_PROBE_PASS	0	17424	85b07072143c5de392f8ddebc9822f317cb014902141ed00e3e7abcae6507997	b42e1ffa262bf91db1cf8d817dd66908f5a3811d6b5231c4b44eb6354f9f39a0	6bc4efe6dd7b4a6b6cbd6c95a9903be8c03dcea1cf0c9422c245adc6c1d31f4f	947816a6ac68689ffe2fcb96a448a5913368b5bef26f37561d5a094b556142cd	e3b0c44298fc1c149afbf4c8996fb92427ae41e4649b934ca495991b7852b855	bea46ab4cf4adbeda551b0c6acc48c6474aa0a07a2c563bba580618b66d2c36b	true	true	true	true	true	false	true
272	23	MASKED_TARGET	4	8	7	U07-0000000104_S08-0000000167	C0Rect2Set	DESCENDANT_PROBE_PASS	0	16676	85b07072143c5de392f8ddebc9822f317cb014902141ed00e3e7abcae6507997	b42e1ffa262bf91db1cf8d817dd66908f5a3811d6b5231c4b44eb6354f9f39a0	9a5bfa34e9b8f5f39dcd93c3b1b571e9d7dfff3cd8c012b506542cc157c49d91	b064128fa19a5b3f3b3a8590a8e4d5d98bbf91f768adb13f03effbd80a953099	e3b0c44298fc1c149afbf4c8996fb92427ae41e4649b934ca495991b7852b855	bea46ab4cf4adbeda551b0c6acc48c6474aa0a07a2c563bba580618b66d2c36b	true	true	true	true	true	false	true
273	23	MASKED_TARGET	4	8	8	U07-0000000104_S08-0000000168	C0HORect2Set	DESCENDANT_PROBE_PASS	0	17462	512865aeafd6f971d2ed8516f2ef36860f3e8e7e9ff31237c5e4b34494f1ee22	748bcb70b36d638472b87cd1ad185514b47ca0a37548f7e32309ba43bce5dbb4	8b22c0f2a612806b1fabb11198e5b6fcb5f5353151a1eacebf2b8c75032f1611	a4fee1f69e7d57a53b00b0da56c629ec51be9679e273dc7b5056d0185127acaf	e3b0c44298fc1c149afbf4c8996fb92427ae41e4649b934ca495991b7852b855	bea46ab4cf4adbeda551b0c6acc48c6474aa0a07a2c563bba580618b66d2c36b	true	true	true	true	true	false	true
274	23	MASKED_TARGET	4	8	8	U07-0000000104_S08-0000000168	C0Rect2Set	DESCENDANT_PROBE_PASS	0	16718	512865aeafd6f971d2ed8516f2ef36860f3e8e7e9ff31237c5e4b34494f1ee22	748bcb70b36d638472b87cd1ad185514b47ca0a37548f7e32309ba43bce5dbb4	ca338d9c9bf02536349641e6799be24b7da807868adc1c2c48596484f112885e	e1375ef7905c2aac8f7e0f7fdce57cd4340482f7c40d49032589a3e08cd13534	e3b0c44298fc1c149afbf4c8996fb92427ae41e4649b934ca495991b7852b855	bea46ab4cf4adbeda551b0c6acc48c6474aa0a07a2c563bba580618b66d2c36b	true	true	true	true	true	false	true
275	23	MASKED_TARGET	4	8	9	U07-0000000104_S08-0000000169	C0HORect2Set	DESCENDANT_PROBE_PASS	0	17406	509ef6c338a97664d697059b85f4e92d9df1dc2bf4ed3cfcb0311b13d8d677c7	aaa01afaa4541963f56d2c2989780d7a4b057f936851fe7de0e5e289fe18bec3	290602fa6e1a1ed58d21916a994bf51867afed6e6f89ee6bf87d73b302c99515	5f484d5dfc2a69d597b275819abdab399a28fb236a3f8a19a726898e5903ce5d	e3b0c44298fc1c149afbf4c8996fb92427ae41e4649b934ca495991b7852b855	bea46ab4cf4adbeda551b0c6acc48c6474aa0a07a2c563bba580618b66d2c36b	true	true	true	true	true	false	true
276	23	MASKED_TARGET	4	8	9	U07-0000000104_S08-0000000169	C0Rect2Set	DESCENDANT_PROBE_PASS	0	16690	509ef6c338a97664d697059b85f4e92d9df1dc2bf4ed3cfcb0311b13d8d677c7	aaa01afaa4541963f56d2c2989780d7a4b057f936851fe7de0e5e289fe18bec3	24bb6050f2631980c47ecc7617d0f0b37c28abc79ef42d4cb344e4a1112af202	f7c463060d429181a8e6dc81563bae22b5d03f247f77bcdd7a53afd815d753f5	e3b0c44298fc1c149afbf4c8996fb92427ae41e4649b934ca495991b7852b855	bea46ab4cf4adbeda551b0c6acc48c6474aa0a07a2c563bba580618b66d2c36b	true	true	true	true	true	false	true
277	23	MASKED_TARGET	4	8	10	U07-0000000104_S08-0000000170	C0HORect2Set	DESCENDANT_PROBE_PASS	0	17427	3e21f407742ccdeacbd10fb73a9c74afdbb5dc1251c9072daec5554d891ba7fb	c981d5b4e32222f35876f913211ecfb156974fee8e82abc5d9982f13145b7417	13c69541866a4a9cd6a21213521e09d89edc21aeab4f39602b487cd7dd2f8184	6ad66fc58e6a9d01f3946875d532c7f90f057ce836f74f5070c4835266aece3e	e3b0c44298fc1c149afbf4c8996fb92427ae41e4649b934ca495991b7852b855	bea46ab4cf4adbeda551b0c6acc48c6474aa0a07a2c563bba580618b66d2c36b	true	true	true	true	true	false	true
278	23	MASKED_TARGET	4	8	10	U07-0000000104_S08-0000000170	C0Rect2Set	DESCENDANT_PROBE_PASS	0	16722	3e21f407742ccdeacbd10fb73a9c74afdbb5dc1251c9072daec5554d891ba7fb	c981d5b4e32222f35876f913211ecfb156974fee8e82abc5d9982f13145b7417	9736f881a88f500df8a54ce6a756eb1ec138412c422d7a828481ea8a33650112	efe8916da6c28dd2e6ed797832b38abd0e648ef3ff91f80362eb1fa0c04e3618	e3b0c44298fc1c149afbf4c8996fb92427ae41e4649b934ca495991b7852b855	bea46ab4cf4adbeda551b0c6acc48c6474aa0a07a2c563bba580618b66d2c36b	true	true	true	true	true	false	true
279	23	MASKED_TARGET	4	8	11	U07-0000000104_S08-0000000171	C0HORect2Set	DESCENDANT_PROBE_PASS	0	17403	f5c6f117161561b762988eab59395855f4b0351a59199be22e6fb5938a7d3034	07de6a6d9a0d420bbfe57a17c771c9091b69944d5888bc15d4fef770b96ec967	c622e1459dcd56a91bcbadae75bb003c1f2d53bedc3342e861ff75bcf138f95e	14bd955b70dae3611275d8962c70a0727dfc76b3c957da825913a7e78f1694e2	e3b0c44298fc1c149afbf4c8996fb92427ae41e4649b934ca495991b7852b855	bea46ab4cf4adbeda551b0c6acc48c6474aa0a07a2c563bba580618b66d2c36b	true	true	true	true	true	false	true
280	23	MASKED_TARGET	4	8	11	U07-0000000104_S08-0000000171	C0Rect2Set	DESCENDANT_PROBE_PASS	0	16756	f5c6f117161561b762988eab59395855f4b0351a59199be22e6fb5938a7d3034	07de6a6d9a0d420bbfe57a17c771c9091b69944d5888bc15d4fef770b96ec967	77b0b2cfb10a11325ba8b95bcef4f4ff4ac997adf72e7fcbca768214041039f4	e76066b07988e997bc4fc60880087f55c41e767629ac0d3a2f4e38e0226bbf10	e3b0c44298fc1c149afbf4c8996fb92427ae41e4649b934ca495991b7852b855	bea46ab4cf4adbeda551b0c6acc48c6474aa0a07a2c563bba580618b66d2c36b	true	true	true	true	true	false	true
281	23	MASKED_TARGET	4	8	12	U07-0000000104_S08-0000000172	C0HORect2Set	DESCENDANT_PROBE_PASS	0	17502	2f289dddde6298bed56469d379c17205712fd94938174016054a3bd9cc2e69d8	5e9f3df207b5108961dd511923a7f02060cc7f7da55f26445053c4188307651a	7b334d1c70a1c9de40cf251c749de0d9cafc00126730f04de90ef03d7ee44c63	e7a55ae3e6ba438860198ebfff388ec7123cc3922e4ef8e6d5d9e2660f86cacb	e3b0c44298fc1c149afbf4c8996fb92427ae41e4649b934ca495991b7852b855	bea46ab4cf4adbeda551b0c6acc48c6474aa0a07a2c563bba580618b66d2c36b	true	true	true	true	true	false	true
282	23	MASKED_TARGET	4	8	12	U07-0000000104_S08-0000000172	C0Rect2Set	DESCENDANT_PROBE_PASS	0	16697	2f289dddde6298bed56469d379c17205712fd94938174016054a3bd9cc2e69d8	5e9f3df207b5108961dd511923a7f02060cc7f7da55f26445053c4188307651a	1f2b239f7eb476ed3efa56848b37d6daa61f10c6dda707f291d268473355b3d2	dbb82ff91c5a40f7632c7e1fd204096380dc07d00666f3dbb393f26fb1f8784f	e3b0c44298fc1c149afbf4c8996fb92427ae41e4649b934ca495991b7852b855	bea46ab4cf4adbeda551b0c6acc48c6474aa0a07a2c563bba580618b66d2c36b	true	true	true	true	true	false	true
283	23	MASKED_TARGET	4	8	13	U07-0000000104_S08-0000000173	C0HORect2Set	DESCENDANT_PROBE_PASS	0	17663	11e42d45eb373cd39085baa7a8f4021e23672e57b29850eba67dbe792379f5fe	c22a01fe3e2c52cc0a7669f464fcdf68a98edccf55e74ef4af8d54c77dff6a60	4563eab8465065be73a05ea7da5ca2558ee9f309a5a9525537c5be2889a4244f	88c0356f8dcf411866221ca938f9453fb36daa583c7af9dbe5ed69687514f74d	e3b0c44298fc1c149afbf4c8996fb92427ae41e4649b934ca495991b7852b855	bea46ab4cf4adbeda551b0c6acc48c6474aa0a07a2c563bba580618b66d2c36b	true	true	true	true	true	false	true
284	23	MASKED_TARGET	4	8	13	U07-0000000104_S08-0000000173	C0Rect2Set	DESCENDANT_PROBE_PASS	0	16760	11e42d45eb373cd39085baa7a8f4021e23672e57b29850eba67dbe792379f5fe	c22a01fe3e2c52cc0a7669f464fcdf68a98edccf55e74ef4af8d54c77dff6a60	88256a03b08fb821006a98fb9d19432d182994e448afe82c66c26ea1a3f4fa38	43b5a6922bc1de79115b7dae9ad22544432b549746fd9c6fa06ba42118de6325	e3b0c44298fc1c149afbf4c8996fb92427ae41e4649b934ca495991b7852b855	bea46ab4cf4adbeda551b0c6acc48c6474aa0a07a2c563bba580618b66d2c36b	true	true	true	true	true	false	true
285	23	MASKED_TARGET	4	8	14	U07-0000000104_S08-0000000174	C0HORect2Set	DESCENDANT_PROBE_PASS	0	17449	237e90a89647e0e1807766d88625060e2b92c51ddea5519063abedc86d89cef8	0e12a74f345e2398e341bbe5bcd64470f94e24b80667addb5ecfc0452f0cb105	d873121a72b91b4141dc71fa566c6d98af6fb6eb5c2ee12ef580aa880ea47145	9f038f5a91561a76aea9b9440028f2c0d958e211e0fe7aef2deeed020d200545	e3b0c44298fc1c149afbf4c8996fb92427ae41e4649b934ca495991b7852b855	bea46ab4cf4adbeda551b0c6acc48c6474aa0a07a2c563bba580618b66d2c36b	true	true	true	true	true	false	true
286	23	MASKED_TARGET	4	8	14	U07-0000000104_S08-0000000174	C0Rect2Set	DESCENDANT_PROBE_PASS	0	16710	237e90a89647e0e1807766d88625060e2b92c51ddea5519063abedc86d89cef8	0e12a74f345e2398e341bbe5bcd64470f94e24b80667addb5ecfc0452f0cb105	9d1894373afbec17bbc31f495d96da3532038d2a700f3093cc9c98d1540fa1a6	6f459b1688694383d8f877ab983a7424f9f0390d22b2157d4780b20577e6c734	e3b0c44298fc1c149afbf4c8996fb92427ae41e4649b934ca495991b7852b855	bea46ab4cf4adbeda551b0c6acc48c6474aa0a07a2c563bba580618b66d2c36b	true	true	true	true	true	false	true
287	23	MASKED_TARGET	4	8	15	U07-0000000104_S08-0000000175	C0HORect2Set	DESCENDANT_PROBE_PASS	0	17459	2f2db2f0e16151843804401cf0ff4ce24d6346b1f4d9031aeb6e921f0f28c1d1	1eb4d43dafda2b0a645241b7e2e1b9c0cad8a08aeffa96f5e3f9dfbf09baa4e0	e5336a7a6911372d6794a54d103e1adbfa76058cab77d3f4157a600b66ba7cd4	4cbf8fc4d2a74217775d29aa6edf23c91632db0782ec789c90a0e7b7939cc30e	e3b0c44298fc1c149afbf4c8996fb92427ae41e4649b934ca495991b7852b855	bea46ab4cf4adbeda551b0c6acc48c6474aa0a07a2c563bba580618b66d2c36b	true	true	true	true	true	false	true
288	23	MASKED_TARGET	4	8	15	U07-0000000104_S08-0000000175	C0Rect2Set	DESCENDANT_PROBE_PASS	0	16719	2f2db2f0e16151843804401cf0ff4ce24d6346b1f4d9031aeb6e921f0f28c1d1	1eb4d43dafda2b0a645241b7e2e1b9c0cad8a08aeffa96f5e3f9dfbf09baa4e0	dc1ce253ce68fbbd1b0be6a92684242dbf2b5df689d5194a5c4b9502b7a49ee7	ea3dc2c7728a4532f15bdb665d4f5469937e0229da5fa78d0381a27db16ff6e8	e3b0c44298fc1c149afbf4c8996fb92427ae41e4649b934ca495991b7852b855	bea46ab4cf4adbeda551b0c6acc48c6474aa0a07a2c563bba580618b66d2c36b	true	true	true	true	true	false	true
289	23	MASKED_TARGET	4	9	0	U07-0000000105_S08-0000000160	C0HORect2Set	DESCENDANT_PROBE_REJECTED	0	17397	c3261b112600d79d31c36e00c66023bf8038952846f9fec1e922f586285b09ea	3b6f167229a5bad6adb965c4bcd76bc9ad07c6069ae926a6675984945096390f	f162553e1e90c743fb7a60a2c128a97837d95999d22b02d765a9881dc2d3a389	9412064581c3cd44bf1c236e53fadea5a40ec1a608d7c28207e1eac3d7bcb01f	e3b0c44298fc1c149afbf4c8996fb92427ae41e4649b934ca495991b7852b855	225cdb9d16e19f2a333fa1b0f8255f2a2b10d8f79f67a7d0c944d7d9076ec2e3	true	true	true	false	false	false	false
290	23	MASKED_TARGET	4	9	0	U07-0000000105_S08-0000000160	C0Rect2Set	DESCENDANT_PROBE_REJECTED	0	16770	c3261b112600d79d31c36e00c66023bf8038952846f9fec1e922f586285b09ea	3b6f167229a5bad6adb965c4bcd76bc9ad07c6069ae926a6675984945096390f	6dc0945d7e45b4e51df46a8a5f356a3bf4ccedcf29ab5266e00c44b887b495fd	74143a538e62d3e76d945ad0fe6c95b38f39aad3d34bb591d9ac33d5f2e3c8d7	e3b0c44298fc1c149afbf4c8996fb92427ae41e4649b934ca495991b7852b855	225cdb9d16e19f2a333fa1b0f8255f2a2b10d8f79f67a7d0c944d7d9076ec2e3	true	true	true	false	false	false	false
291	23	MASKED_TARGET	4	9	1	U07-0000000105_S08-0000000161	C0HORect2Set	DESCENDANT_PROBE_REJECTED	0	17393	c3ecd47e7d9bdade0a963df73f53ac7a2cce91d0d63d66b5f5869eff57da9b95	680f03a4f5496aaaec3453f753b5727db26a1cadd36873be54a0b64742c287a5	bffad23b075eda9028aca61dfe0f7ecb4134f2db3d26f436bed595b45247eb2b	2041f2677d583e46b0341f9fd39b32a550babe686fb0c943df12ea056615c4eb	e3b0c44298fc1c149afbf4c8996fb92427ae41e4649b934ca495991b7852b855	225cdb9d16e19f2a333fa1b0f8255f2a2b10d8f79f67a7d0c944d7d9076ec2e3	true	true	true	false	false	false	false
292	23	MASKED_TARGET	4	9	1	U07-0000000105_S08-0000000161	C0Rect2Set	DESCENDANT_PROBE_REJECTED	0	16697	c3ecd47e7d9bdade0a963df73f53ac7a2cce91d0d63d66b5f5869eff57da9b95	680f03a4f5496aaaec3453f753b5727db26a1cadd36873be54a0b64742c287a5	cb753f16e8e74bb9597dd4595fb291444ab2a30b6d2e653e03439b7e04c82c40	1cb6c17bb737ebbbdad6176d715626005e363b8fbe152c703fa097dd833a763a	e3b0c44298fc1c149afbf4c8996fb92427ae41e4649b934ca495991b7852b855	225cdb9d16e19f2a333fa1b0f8255f2a2b10d8f79f67a7d0c944d7d9076ec2e3	true	true	true	false	false	false	false
293	23	MASKED_TARGET	4	9	2	U07-0000000105_S08-0000000162	C0HORect2Set	DESCENDANT_PROBE_PASS	0	17380	26eb8042cc623114c90650452d91e679ead196e138713b95d94eb155594c58de	362d11ffa78211f5d18a87c98e1549b91900907ac079c5d0aa5750fc1112bb27	c60349a645d1a58fe08c3b526f173be79ed1c8ecb4d02edea980c7a0e3efa937	0730a8daf182b1a6cdbbf82f68cdbefaa44630c24a700bfefca5b7cc5a52ced9	e3b0c44298fc1c149afbf4c8996fb92427ae41e4649b934ca495991b7852b855	bea46ab4cf4adbeda551b0c6acc48c6474aa0a07a2c563bba580618b66d2c36b	true	true	true	true	true	false	true
294	23	MASKED_TARGET	4	9	2	U07-0000000105_S08-0000000162	C0Rect2Set	DESCENDANT_PROBE_PASS	0	16724	26eb8042cc623114c90650452d91e679ead196e138713b95d94eb155594c58de	362d11ffa78211f5d18a87c98e1549b91900907ac079c5d0aa5750fc1112bb27	9e0b6b377709d075d9dd6c41123d61950d4213c0c22b0728f1cf0117cac7916e	e400e1282408b48266060e756e0969e445a344af3698d1b5e51a4a04df3d9312	e3b0c44298fc1c149afbf4c8996fb92427ae41e4649b934ca495991b7852b855	bea46ab4cf4adbeda551b0c6acc48c6474aa0a07a2c563bba580618b66d2c36b	true	true	true	true	true	false	true
295	23	MASKED_TARGET	4	9	3	U07-0000000105_S08-0000000163	C0HORect2Set	DESCENDANT_PROBE_PASS	0	17537	feb3d7ca5e90a3167cfcbf6dcfb215ce228888507e5fded0a44e0c827cedeac8	e2daba8c10a7403acda31cae8f579434c7833b49a0807f7ba6b7e07b945f46e8	38167bae25634f343c83c2892f8f1e0e81ad40015250f728f8c2ab3f0bca30d6	9a57e7cd39bbaa2af28b67d9c94703db885d5a345e2582e3160fe6867f637de9	e3b0c44298fc1c149afbf4c8996fb92427ae41e4649b934ca495991b7852b855	bea46ab4cf4adbeda551b0c6acc48c6474aa0a07a2c563bba580618b66d2c36b	true	true	true	true	true	false	true
296	23	MASKED_TARGET	4	9	3	U07-0000000105_S08-0000000163	C0Rect2Set	DESCENDANT_PROBE_PASS	0	16699	feb3d7ca5e90a3167cfcbf6dcfb215ce228888507e5fded0a44e0c827cedeac8	e2daba8c10a7403acda31cae8f579434c7833b49a0807f7ba6b7e07b945f46e8	707073c2471fda58a127cc637b3ef4bf663eb12a601df79d7468953da687719e	83d23ee1d2ab0d072521aac20b8ce3fc5a7adc0d97e3710588e8ddaba832fa70	e3b0c44298fc1c149afbf4c8996fb92427ae41e4649b934ca495991b7852b855	bea46ab4cf4adbeda551b0c6acc48c6474aa0a07a2c563bba580618b66d2c36b	true	true	true	true	true	false	true
297	23	MASKED_TARGET	4	9	4	U07-0000000105_S08-0000000164	C0HORect2Set	DESCENDANT_PROBE_PASS	0	17431	a95835fbcee8d0c26fd3e63d240c62eac69f546046d79bea08abee896b583438	4219ca26a82c9e3ba0f56632e4a53229e5f583b8017ccc7372cd77cbaa9b1f64	478ec6fb156392f960abfbd0d56b9250ca0d2a0570dc606524762ae4c5621ff8	6a782c6b3e1e4f6bfc03fecf7a5121a92d7b718ada335bcd3115bb1565eb2e27	e3b0c44298fc1c149afbf4c8996fb92427ae41e4649b934ca495991b7852b855	bea46ab4cf4adbeda551b0c6acc48c6474aa0a07a2c563bba580618b66d2c36b	true	true	true	true	true	false	true
298	23	MASKED_TARGET	4	9	4	U07-0000000105_S08-0000000164	C0Rect2Set	DESCENDANT_PROBE_PASS	0	16779	a95835fbcee8d0c26fd3e63d240c62eac69f546046d79bea08abee896b583438	4219ca26a82c9e3ba0f56632e4a53229e5f583b8017ccc7372cd77cbaa9b1f64	d47cda56cdbde5afa21f64e539f48071063b92da010a32a7a10cf07e7f4c946a	362ef5c5e48844918e3ce71f17d9dc9c9693e6f6e3935cd95b012efe387da381	e3b0c44298fc1c149afbf4c8996fb92427ae41e4649b934ca495991b7852b855	bea46ab4cf4adbeda551b0c6acc48c6474aa0a07a2c563bba580618b66d2c36b	true	true	true	true	true	false	true
299	23	MASKED_TARGET	4	9	5	U07-0000000105_S08-0000000165	C0HORect2Set	DESCENDANT_PROBE_PASS	0	17420	0ca68012fd25b31568886d2aba816210a6f0c4d4e11e6c3ec2e71c1e04a13f96	b6fa6f8a9bd61e07afcf8aacc8ebd69aa506d9bf60c0c99d482a0e712fa94529	6e22055f8ff8087f3d72b0358345924c3a23906e281a1ffa8e40098645afb775	c7d79bbe8342ed0d5f287aa2d82c6730c3dc8453d5d7ccd4e2d0440c581d08bb	e3b0c44298fc1c149afbf4c8996fb92427ae41e4649b934ca495991b7852b855	bea46ab4cf4adbeda551b0c6acc48c6474aa0a07a2c563bba580618b66d2c36b	true	true	true	true	true	false	true
300	23	MASKED_TARGET	4	9	5	U07-0000000105_S08-0000000165	C0Rect2Set	DESCENDANT_PROBE_PASS	0	16706	0ca68012fd25b31568886d2aba816210a6f0c4d4e11e6c3ec2e71c1e04a13f96	b6fa6f8a9bd61e07afcf8aacc8ebd69aa506d9bf60c0c99d482a0e712fa94529	a776e5ea2f97823e03eeb6712afcfcb478523dd3d0f2ca2b62797ad149dc940f	80293515d2479e7e8adfdc18a22e77cc6731c53e3d447066311f977ac8509074	e3b0c44298fc1c149afbf4c8996fb92427ae41e4649b934ca495991b7852b855	bea46ab4cf4adbeda551b0c6acc48c6474aa0a07a2c563bba580618b66d2c36b	true	true	true	true	true	false	true
301	23	MASKED_TARGET	4	9	6	U07-0000000105_S08-0000000166	C0HORect2Set	DESCENDANT_PROBE_PASS	0	17453	7d8c87f463817cdd6e8065b2d22b441573295e15b72a75b81a3370576cd89b6a	e00fbbdc9acd5dc512305b1077cd586a1895e6a9d8b05045801c01b9d5f06ddf	8046428f420f4b0dae0530f5fa16fdf158b7de9e800e23d005d412406fc3d874	ada99180cf859012996ab3b399cdf6e16a020bc8cff70ab5fdef862a8aff443e	e3b0c44298fc1c149afbf4c8996fb92427ae41e4649b934ca495991b7852b855	bea46ab4cf4adbeda551b0c6acc48c6474aa0a07a2c563bba580618b66d2c36b	true	true	true	true	true	false	true
302	23	MASKED_TARGET	4	9	6	U07-0000000105_S08-0000000166	C0Rect2Set	DESCENDANT_PROBE_PASS	0	16748	7d8c87f463817cdd6e8065b2d22b441573295e15b72a75b81a3370576cd89b6a	e00fbbdc9acd5dc512305b1077cd586a1895e6a9d8b05045801c01b9d5f06ddf	00c7f01bfe47dd3676623bed01c2210aac2f4e38ee1d6cd540ebd0fa92b7693c	c102661feffcd65f2bb6e1c019e241652a6c14b2232e853a91fa315558314a25	e3b0c44298fc1c149afbf4c8996fb92427ae41e4649b934ca495991b7852b855	bea46ab4cf4adbeda551b0c6acc48c6474aa0a07a2c563bba580618b66d2c36b	true	true	true	true	true	false	true
303	23	MASKED_TARGET	4	9	7	U07-0000000105_S08-0000000167	C0HORect2Set	DESCENDANT_PROBE_PASS	0	17407	d40ecfafbb8e14d8057dcfdf54d74e80d03999924afbbd1300b533be77c1bc00	50451f032adf15750791f1e4c51fb0c3beaa57273eda4ce91629553a7d36e154	42f17325344939c58c827c90ccd6b84819307432a5928c3d0f596f9e874402be	4a5870e7ef09e1c6d6202a05a4cc7c22471b9adb9e7935dd098c6f5e30efdf9b	e3b0c44298fc1c149afbf4c8996fb92427ae41e4649b934ca495991b7852b855	bea46ab4cf4adbeda551b0c6acc48c6474aa0a07a2c563bba580618b66d2c36b	true	true	true	true	true	false	true
304	23	MASKED_TARGET	4	9	7	U07-0000000105_S08-0000000167	C0Rect2Set	DESCENDANT_PROBE_PASS	0	16702	d40ecfafbb8e14d8057dcfdf54d74e80d03999924afbbd1300b533be77c1bc00	50451f032adf15750791f1e4c51fb0c3beaa57273eda4ce91629553a7d36e154	d29a30adb0cbf8ca8e81eea0478cbd0651f3de61deccb3c0c7ace432648b70fa	6b6429eb80850fb6be2099c18adbbe9ccefa1063cac6e3cbdc194d4eeaef963e	e3b0c44298fc1c149afbf4c8996fb92427ae41e4649b934ca495991b7852b855	bea46ab4cf4adbeda551b0c6acc48c6474aa0a07a2c563bba580618b66d2c36b	true	true	true	true	true	false	true
305	23	MASKED_TARGET	4	9	8	U07-0000000105_S08-0000000168	C0HORect2Set	DESCENDANT_PROBE_PASS	0	17380	c707211089be60f70303bdafe85fd6f3d95afe078800cc7e5afcd502fb8a56f5	b14cd785549307593d4e394427bf6a46b4f4d3a146c0b1292fcdac3dca563693	5b9136d64727580fba6dce5ae8451d4b0094f392ff167060edaf93185295c595	c53e305eb815433cd19cc3905572401468030d8cbd6783a15cfae512c130fa8c	e3b0c44298fc1c149afbf4c8996fb92427ae41e4649b934ca495991b7852b855	bea46ab4cf4adbeda551b0c6acc48c6474aa0a07a2c563bba580618b66d2c36b	true	true	true	true	true	false	true
306	23	MASKED_TARGET	4	9	8	U07-0000000105_S08-0000000168	C0Rect2Set	DESCENDANT_PROBE_PASS	0	16716	c707211089be60f70303bdafe85fd6f3d95afe078800cc7e5afcd502fb8a56f5	b14cd785549307593d4e394427bf6a46b4f4d3a146c0b1292fcdac3dca563693	8c70c291841a3a2053f5568e5b8e9b57f6ccbc5a4221c4157d72366a4f3cb951	c4ce94daabb109990d3b1762b10078310cc88d1310bcc29725df2808917b8a28	e3b0c44298fc1c149afbf4c8996fb92427ae41e4649b934ca495991b7852b855	bea46ab4cf4adbeda551b0c6acc48c6474aa0a07a2c563bba580618b66d2c36b	true	true	true	true	true	false	true
307	23	MASKED_TARGET	4	9	9	U07-0000000105_S08-0000000169	C0HORect2Set	DESCENDANT_PROBE_PASS	0	17424	e1648053f4e3f83a885ac356ae15829fa2de078db433353086412a4bf25c7b48	bb74f436e3da26780a8200678809abb46708e210a2ac6d89e6c936f6879f42b6	5e69e6743fe8da4da28fcc151d310593a69d7a1c7f93030a94b40bff11b66d14	6da2cb8652963727ef3b9bdee7bd06a7f26dfee866838d8d955cc58433d5ceb5	e3b0c44298fc1c149afbf4c8996fb92427ae41e4649b934ca495991b7852b855	bea46ab4cf4adbeda551b0c6acc48c6474aa0a07a2c563bba580618b66d2c36b	true	true	true	true	true	false	true
308	23	MASKED_TARGET	4	9	9	U07-0000000105_S08-0000000169	C0Rect2Set	DESCENDANT_PROBE_PASS	0	16697	e1648053f4e3f83a885ac356ae15829fa2de078db433353086412a4bf25c7b48	bb74f436e3da26780a8200678809abb46708e210a2ac6d89e6c936f6879f42b6	3d4ec43580e82427ee6d7aab22e3e965882c911340cf5d57c7eeda76d569a836	ca36aa1cb0858acff3ce22774048bd02429f9175e48c968268bf8ae851955394	e3b0c44298fc1c149afbf4c8996fb92427ae41e4649b934ca495991b7852b855	bea46ab4cf4adbeda551b0c6acc48c6474aa0a07a2c563bba580618b66d2c36b	true	true	true	true	true	false	true
309	23	MASKED_TARGET	4	9	10	U07-0000000105_S08-0000000170	C0HORect2Set	DESCENDANT_PROBE_PASS	0	17421	d2060a84b0445e3572b3600ea6cf0922be98f690957dfb503a1ef13534314eee	3093b7252511b0ee3bdae81f63af6afd8cc5e1fb836ae1f9da51f1e7959a7815	4f186e1c64cb6d8555609d0a301ebfccef1ea21a5a67c50ee969e150b184dbba	4fbd7e94304c48a006f86d2311537c0dda750cfe931f50c1706b4fa2e36afdc1	e3b0c44298fc1c149afbf4c8996fb92427ae41e4649b934ca495991b7852b855	bea46ab4cf4adbeda551b0c6acc48c6474aa0a07a2c563bba580618b66d2c36b	true	true	true	true	true	false	true
310	23	MASKED_TARGET	4	9	10	U07-0000000105_S08-0000000170	C0Rect2Set	DESCENDANT_PROBE_PASS	0	16761	d2060a84b0445e3572b3600ea6cf0922be98f690957dfb503a1ef13534314eee	3093b7252511b0ee3bdae81f63af6afd8cc5e1fb836ae1f9da51f1e7959a7815	50452b90ba5753c4ca2f8ae81c010a53d6b0ab761bbee9aa35105618ce68a808	4856cab2d819dba219709000aec6ded87e245850e847e58f345a2f1fb6d16f0d	e3b0c44298fc1c149afbf4c8996fb92427ae41e4649b934ca495991b7852b855	bea46ab4cf4adbeda551b0c6acc48c6474aa0a07a2c563bba580618b66d2c36b	true	true	true	true	true	false	true
311	23	MASKED_TARGET	4	9	11	U07-0000000105_S08-0000000171	C0HORect2Set	DESCENDANT_PROBE_PASS	0	17390	2635d17f392d5d1048d9d6b50b2d819a609e14ea2977929f3242f7311cdcefb4	9e6399cecb4c54e9bffb7978f5678dd16e0abab0687556f31bad8d56a90aff86	80065874f875a180d214d8f7b6163d49cb592c7058d5e5ef109db567fc506a04	040727cfda96eac302e1b3c989027b5aac62a9195b804a93aac009692ad7e1cb	e3b0c44298fc1c149afbf4c8996fb92427ae41e4649b934ca495991b7852b855	bea46ab4cf4adbeda551b0c6acc48c6474aa0a07a2c563bba580618b66d2c36b	true	true	true	true	true	false	true
312	23	MASKED_TARGET	4	9	11	U07-0000000105_S08-0000000171	C0Rect2Set	DESCENDANT_PROBE_PASS	0	16739	2635d17f392d5d1048d9d6b50b2d819a609e14ea2977929f3242f7311cdcefb4	9e6399cecb4c54e9bffb7978f5678dd16e0abab0687556f31bad8d56a90aff86	d8668ede4c85b92c1ecbacb2b18acfd02c2fbe18c221ce2e26918fedc8bf719c	ef13f0efbb608392f0897e8bf2b98aa86ea547efafb28dcf73a88cb318cd0295	e3b0c44298fc1c149afbf4c8996fb92427ae41e4649b934ca495991b7852b855	bea46ab4cf4adbeda551b0c6acc48c6474aa0a07a2c563bba580618b66d2c36b	true	true	true	true	true	false	true
313	23	MASKED_TARGET	4	9	12	U07-0000000105_S08-0000000172	C0HORect2Set	DESCENDANT_PROBE_PASS	0	17469	b4427e25d3f3e170e4e278285209640918689de5e943f661ff1985622f10b0aa	8341d55324ede3a7c8b8cb38c4d98d62eb69429d8c927006a370efc9ec10397a	ffdec5aa67fa8f76f6f8b374d72afa74d26c735c92b0f82f6700e595bda2e068	f440c35195b24deaab33508e122864d198321f717df58c4a0e6574debf14c997	e3b0c44298fc1c149afbf4c8996fb92427ae41e4649b934ca495991b7852b855	bea46ab4cf4adbeda551b0c6acc48c6474aa0a07a2c563bba580618b66d2c36b	true	true	true	true	true	false	true
314	23	MASKED_TARGET	4	9	12	U07-0000000105_S08-0000000172	C0Rect2Set	DESCENDANT_PROBE_PASS	0	16686	b4427e25d3f3e170e4e278285209640918689de5e943f661ff1985622f10b0aa	8341d55324ede3a7c8b8cb38c4d98d62eb69429d8c927006a370efc9ec10397a	f1c88729891f1616de34e0a1b4546bc8a7b7adb9450370abbb3b119d3a34f2ff	e664e831a787bc0b0ea14014c5707e693d730d6c8a8f59bb06b2798533ddd1fc	e3b0c44298fc1c149afbf4c8996fb92427ae41e4649b934ca495991b7852b855	bea46ab4cf4adbeda551b0c6acc48c6474aa0a07a2c563bba580618b66d2c36b	true	true	true	true	true	false	true
315	23	MASKED_TARGET	4	9	13	U07-0000000105_S08-0000000173	C0HORect2Set	DESCENDANT_PROBE_PASS	0	17422	d0bdef8abc32c891bb46feac9af6ff084ca1465bad4cd5c47970ed3c5b90d371	308fb171d3d9087a7c6994a0acd532b5b0c9e9f663e51ac265572357c10133c5	7d9eae7f0c9aa66539e0c3af06b4c7aac22ac86608a3457c19968908f96a4de5	3ab1d49990ccc394572757943417565a39e0a01ed464fa5d6c6c20cb59c7bdb2	e3b0c44298fc1c149afbf4c8996fb92427ae41e4649b934ca495991b7852b855	bea46ab4cf4adbeda551b0c6acc48c6474aa0a07a2c563bba580618b66d2c36b	true	true	true	true	true	false	true
316	23	MASKED_TARGET	4	9	13	U07-0000000105_S08-0000000173	C0Rect2Set	DESCENDANT_PROBE_PASS	0	16767	d0bdef8abc32c891bb46feac9af6ff084ca1465bad4cd5c47970ed3c5b90d371	308fb171d3d9087a7c6994a0acd532b5b0c9e9f663e51ac265572357c10133c5	c5a3f172dbc33f38201ac9269f95cc0ea505537a212816fb0b121df64c773237	6ca55935a63d732d4cce3d5b8e7be6ce8fca1046bf73348bb4ec85463969c727	e3b0c44298fc1c149afbf4c8996fb92427ae41e4649b934ca495991b7852b855	bea46ab4cf4adbeda551b0c6acc48c6474aa0a07a2c563bba580618b66d2c36b	true	true	true	true	true	false	true
317	23	MASKED_TARGET	4	9	14	U07-0000000105_S08-0000000174	C0HORect2Set	DESCENDANT_PROBE_PASS	0	17904	cb53485fe77b91f090d6ec95a5d57cb47d8cd6c7f04cce788c0d6be69016ad3a	5cddb1ccc2749b1da4f5305638849d5974cbb1d8991c5a20abdd1d9c596f35b9	a56e5c051b7fbd85f03796177419b7f0874b06cf69897e028dd4034685d198d1	95aaebd88499de447b771684fc25f895cfa216840e68e10f17d3b221d170f400	e3b0c44298fc1c149afbf4c8996fb92427ae41e4649b934ca495991b7852b855	bea46ab4cf4adbeda551b0c6acc48c6474aa0a07a2c563bba580618b66d2c36b	true	true	true	true	true	false	true
318	23	MASKED_TARGET	4	9	14	U07-0000000105_S08-0000000174	C0Rect2Set	DESCENDANT_PROBE_PASS	0	16694	cb53485fe77b91f090d6ec95a5d57cb47d8cd6c7f04cce788c0d6be69016ad3a	5cddb1ccc2749b1da4f5305638849d5974cbb1d8991c5a20abdd1d9c596f35b9	9a2282265e87dfa52dcfb1daef76006b55899b0d995f00208de3a1b1344baac7	5462afdd497a16c702fc5ea041a4e727b09c4cbfb41e46c8c602e222ba08b07c	e3b0c44298fc1c149afbf4c8996fb92427ae41e4649b934ca495991b7852b855	bea46ab4cf4adbeda551b0c6acc48c6474aa0a07a2c563bba580618b66d2c36b	true	true	true	true	true	false	true
319	23	MASKED_TARGET	4	9	15	U07-0000000105_S08-0000000175	C0HORect2Set	DESCENDANT_PROBE_PASS	0	17448	e970aa6134de1fb55f54e619dd7c6e18e3e246e52dbb5716f90546e0ca542f12	d295bfab35c3f040b1de0605defd8f52a008b3f4717c85c1b555dbac5ae1f962	a3feb3d5897b12d7f2dc6e5664348025754f0dabce99413b8b6c8f02c4a73528	6655fb6147d4dfada1d15951ac52645ffb4a0084eb0faa97c0807238bc0b4c03	e3b0c44298fc1c149afbf4c8996fb92427ae41e4649b934ca495991b7852b855	bea46ab4cf4adbeda551b0c6acc48c6474aa0a07a2c563bba580618b66d2c36b	true	true	true	true	true	false	true
320	23	MASKED_TARGET	4	9	15	U07-0000000105_S08-0000000175	C0Rect2Set	DESCENDANT_PROBE_PASS	0	16726	e970aa6134de1fb55f54e619dd7c6e18e3e246e52dbb5716f90546e0ca542f12	d295bfab35c3f040b1de0605defd8f52a008b3f4717c85c1b555dbac5ae1f962	444404ca2694d46817eb55d8361dfebedf340ef4d9aa34637550379523650489	aab93cf2b3dccb5869baee0ccbe1b6d8cc18c9b0c5cf70f91c4dae98f1cfefa3	e3b0c44298fc1c149afbf4c8996fb92427ae41e4649b934ca495991b7852b855	bea46ab4cf4adbeda551b0c6acc48c6474aa0a07a2c563bba580618b66d2c36b	true	true	true	true	true	false	true
321	23	MASKED_TARGET	4	10	0	U07-0000000106_S08-0000000160	C0HORect2Set	DESCENDANT_PROBE_REJECTED	0	17459	d3d6286d3781e4a5b13a49ba94b7cab79dfb158555e70164e2468df3ad7989bc	d26fc2b9be6a2035f3e6f0d6616055d3983937f948c0ef739c50f541a7de3d05	4027709268d2d650d3f6ac5e384ae960f3aaa9fe71c95b8d15da9101b4748d8e	676cb4b20ae2f24f689d031bb5d48041f8afff9bfc73ead3510c1d19667f30d9	e3b0c44298fc1c149afbf4c8996fb92427ae41e4649b934ca495991b7852b855	225cdb9d16e19f2a333fa1b0f8255f2a2b10d8f79f67a7d0c944d7d9076ec2e3	true	true	true	false	false	false	false
322	23	MASKED_TARGET	4	10	0	U07-0000000106_S08-0000000160	C0Rect2Set	DESCENDANT_PROBE_REJECTED	0	16705	d3d6286d3781e4a5b13a49ba94b7cab79dfb158555e70164e2468df3ad7989bc	d26fc2b9be6a2035f3e6f0d6616055d3983937f948c0ef739c50f541a7de3d05	a4b73f68d0dfc2c3513f561c194e2a0c1d85e0b818b8afd5916e2afa0b808339	e9d672f39b57ce15e225746455b6f0980fff93152fb9948d28598cdc5517105d	e3b0c44298fc1c149afbf4c8996fb92427ae41e4649b934ca495991b7852b855	225cdb9d16e19f2a333fa1b0f8255f2a2b10d8f79f67a7d0c944d7d9076ec2e3	true	true	true	false	false	false	false
323	23	MASKED_TARGET	4	10	1	U07-0000000106_S08-0000000161	C0HORect2Set	DESCENDANT_PROBE_REJECTED	0	17457	d88957bbfa6168bd3d94b2ed4a65027e9f55648814a0d6a48e8597b1bc260b80	4f139edb315f6bb9c4ac21f1f14cd404fe9cb5efa217e3f6b12cb452e9e0ee1c	fca0f347f9bab43ab108fa6a7ca13721afd414d8387d22b74324cd684c2fd337	6138708c421022c54f31799d853efd881a0a136d976fb1260f2ab39f517ded78	e3b0c44298fc1c149afbf4c8996fb92427ae41e4649b934ca495991b7852b855	225cdb9d16e19f2a333fa1b0f8255f2a2b10d8f79f67a7d0c944d7d9076ec2e3	true	true	true	false	false	false	false
324	23	MASKED_TARGET	4	10	1	U07-0000000106_S08-0000000161	C0Rect2Set	DESCENDANT_PROBE_REJECTED	0	16708	d88957bbfa6168bd3d94b2ed4a65027e9f55648814a0d6a48e8597b1bc260b80	4f139edb315f6bb9c4ac21f1f14cd404fe9cb5efa217e3f6b12cb452e9e0ee1c	98befa9c51232ffbc59832c3c02639b0eaa2666a7733f0946c6a3f22b6a74ef9	a7a6c3f3c94ac773369e8cca168dffb460cfd9423c072e444ca2cb54003aab42	e3b0c44298fc1c149afbf4c8996fb92427ae41e4649b934ca495991b7852b855	225cdb9d16e19f2a333fa1b0f8255f2a2b10d8f79f67a7d0c944d7d9076ec2e3	true	true	true	false	false	false	false
325	23	MASKED_TARGET	4	10	2	U07-0000000106_S08-0000000162	C0HORect2Set	DESCENDANT_PROBE_PASS	0	17383	2a4ddb97d12c160ab3006e873d5fddb2e999addf646b587d13d3c1424ddd05ad	a0afe835256f50bef3b30f6c85c88021ab5bbf5ba888d980b5efca9faf0d6664	bf87cf930ed1b44c2e5c2b675430a8069c87b01ec49726b8af5d2ab9bbf0c87c	81b2c84448070fa70aee4f6d92aad378113ae11cec6d3f2b65de0c40c60fa140	e3b0c44298fc1c149afbf4c8996fb92427ae41e4649b934ca495991b7852b855	bea46ab4cf4adbeda551b0c6acc48c6474aa0a07a2c563bba580618b66d2c36b	true	true	true	true	true	false	true
326	23	MASKED_TARGET	4	10	2	U07-0000000106_S08-0000000162	C0Rect2Set	DESCENDANT_PROBE_PASS	0	16698	2a4ddb97d12c160ab3006e873d5fddb2e999addf646b587d13d3c1424ddd05ad	a0afe835256f50bef3b30f6c85c88021ab5bbf5ba888d980b5efca9faf0d6664	1a96011b239e66c6e2f1812c89d37819e86359f6c7e0214f7e70d6221082ce2e	eb6928a69f1adfa28f02b400557ab7650d5d3cb4eb0db7911fd697bb5f4715d2	e3b0c44298fc1c149afbf4c8996fb92427ae41e4649b934ca495991b7852b855	bea46ab4cf4adbeda551b0c6acc48c6474aa0a07a2c563bba580618b66d2c36b	true	true	true	true	true	false	true
327	23	MASKED_TARGET	4	10	3	U07-0000000106_S08-0000000163	C0HORect2Set	DESCENDANT_PROBE_PASS	0	17393	76725ecf8aba29e8094d95e8bbd0cbfa9dc731c837c4773ac3763330f20f847c	86e8cbfd8a10fe773a70a3a0224d8749700c99b32782bbc2574cce7abe1021e2	c2cfb537af87ef7ab50b93a3b165e6eba6dcd6b0961495846ef30d2f83768b01	720038bc90441352f3e045a53e13ea7886f0b6d78b79dda0d7b31af09be5a26c	e3b0c44298fc1c149afbf4c8996fb92427ae41e4649b934ca495991b7852b855	bea46ab4cf4adbeda551b0c6acc48c6474aa0a07a2c563bba580618b66d2c36b	true	true	true	true	true	false	true
328	23	MASKED_TARGET	4	10	3	U07-0000000106_S08-0000000163	C0Rect2Set	DESCENDANT_PROBE_PASS	0	16745	76725ecf8aba29e8094d95e8bbd0cbfa9dc731c837c4773ac3763330f20f847c	86e8cbfd8a10fe773a70a3a0224d8749700c99b32782bbc2574cce7abe1021e2	a6d5edd57c58a13fae2f63f5515f3bb4fa9d452d470029557f586e7f40772763	8265181ab95cb110371607c9a6fc5a374fcb905205ddcfaff078957f6dff9b68	e3b0c44298fc1c149afbf4c8996fb92427ae41e4649b934ca495991b7852b855	bea46ab4cf4adbeda551b0c6acc48c6474aa0a07a2c563bba580618b66d2c36b	true	true	true	true	true	false	true
329	23	MASKED_TARGET	4	10	4	U07-0000000106_S08-0000000164	C0HORect2Set	DESCENDANT_PROBE_PASS	0	17404	9e814deb2d9992646bfa6ba226db34f67c27215c5368ee86d5c0f2e447701cb4	0945e6a5f98b20292b8899e5c15bcfd199a08b83c7912cb8a0b1671a0e7437c8	3931f3b09a7ec83b4b9eb89cc5b0174166f22b2847af6563baebd8ad5708aed5	19004aba649aba9b8f7ef6c53f720b25b5ef930e6ef5421100c554075346716b	e3b0c44298fc1c149afbf4c8996fb92427ae41e4649b934ca495991b7852b855	bea46ab4cf4adbeda551b0c6acc48c6474aa0a07a2c563bba580618b66d2c36b	true	true	true	true	true	false	true
330	23	MASKED_TARGET	4	10	4	U07-0000000106_S08-0000000164	C0Rect2Set	DESCENDANT_PROBE_PASS	0	16732	9e814deb2d9992646bfa6ba226db34f67c27215c5368ee86d5c0f2e447701cb4	0945e6a5f98b20292b8899e5c15bcfd199a08b83c7912cb8a0b1671a0e7437c8	cc3b43799de357d0fc5c0a2e3172cc48f709f863d5f92501d78f99f544da66da	d2e9f8bea600e96f5d03aeb7d0c96decc2fad3927be078aeb2c131cf254bfe82	e3b0c44298fc1c149afbf4c8996fb92427ae41e4649b934ca495991b7852b855	bea46ab4cf4adbeda551b0c6acc48c6474aa0a07a2c563bba580618b66d2c36b	true	true	true	true	true	false	true
331	23	MASKED_TARGET	4	10	5	U07-0000000106_S08-0000000165	C0HORect2Set	DESCENDANT_PROBE_PASS	0	17467	9b2b43160729e5cb9cdb57c5a02cc4e3b5717786d18ced0b4d6881a9639d3210	3fef29ca1db112d419e336b258c15d1efdadc0780d78d72819165df5ae3478fa	e5424a8d4eaa9fbef372121ee0e6ae58433772fb8b1f84faee38f90bc6a57461	4dd00f3a5e1b474ad988c46357e0053595971c6ac8bdf0828b5f5132dc0ceb6e	e3b0c44298fc1c149afbf4c8996fb92427ae41e4649b934ca495991b7852b855	bea46ab4cf4adbeda551b0c6acc48c6474aa0a07a2c563bba580618b66d2c36b	true	true	true	true	true	false	true
332	23	MASKED_TARGET	4	10	5	U07-0000000106_S08-0000000165	C0Rect2Set	DESCENDANT_PROBE_PASS	0	16768	9b2b43160729e5cb9cdb57c5a02cc4e3b5717786d18ced0b4d6881a9639d3210	3fef29ca1db112d419e336b258c15d1efdadc0780d78d72819165df5ae3478fa	26306fa6f5288ce6ba9b0f9db4e3bd7db8d2c55b73fd18f204e5acc4e20a2380	a8e6eee0fa612fadd9f8da00de1dcb44b3bade51b03fdbd66b91dca3924337dc	e3b0c44298fc1c149afbf4c8996fb92427ae41e4649b934ca495991b7852b855	bea46ab4cf4adbeda551b0c6acc48c6474aa0a07a2c563bba580618b66d2c36b	true	true	true	true	true	false	true
333	23	MASKED_TARGET	4	10	6	U07-0000000106_S08-0000000166	C0HORect2Set	DESCENDANT_PROBE_PASS	0	17463	be3b5736f613ac18f4d8fec7fcfd83675062199de7f97b0db88377994218e260	acce6aa8806181fcc57eaa991fa046a7385b6c11f34bd095900e79694fb92bc6	412c10da076cf750247965c16dc3b7548d7ab65d47855edfcdfe7c2fc3e26329	6d8e9219a6f7788e54f1f372b1d68e6ec8a475322413cb54be970a6c8234c266	e3b0c44298fc1c149afbf4c8996fb92427ae41e4649b934ca495991b7852b855	bea46ab4cf4adbeda551b0c6acc48c6474aa0a07a2c563bba580618b66d2c36b	true	true	true	true	true	false	true
334	23	MASKED_TARGET	4	10	6	U07-0000000106_S08-0000000166	C0Rect2Set	DESCENDANT_PROBE_PASS	0	16700	be3b5736f613ac18f4d8fec7fcfd83675062199de7f97b0db88377994218e260	acce6aa8806181fcc57eaa991fa046a7385b6c11f34bd095900e79694fb92bc6	6d477acbb5e2f50ec5dc53ea886257e28f4b9908f4fac9e4d5bafaa8e9262e7e	dec225b803ccdb35108e29c07199b7b068a52aa19ead1187dfc3779c936a4f66	e3b0c44298fc1c149afbf4c8996fb92427ae41e4649b934ca495991b7852b855	bea46ab4cf4adbeda551b0c6acc48c6474aa0a07a2c563bba580618b66d2c36b	true	true	true	true	true	false	true
335	23	MASKED_TARGET	4	10	7	U07-0000000106_S08-0000000167	C0HORect2Set	DESCENDANT_PROBE_PASS	0	17425	503eb71f2d8b894d11a0565e3f2f3cb6160c9b234ea803c821c1b91bea330c8e	53eb29bedcdde24aa8f639d07ba76355ac6b34d1f32bf11b05c50db19297a947	3c9e4a9cead33cc848550a16f74cb50adfba97a27b701e1c08ec43de809f4161	2b5d98f056f168998a6c20a7aa0c762f75214cea4bd588d9e24e5f2c647c9b80	e3b0c44298fc1c149afbf4c8996fb92427ae41e4649b934ca495991b7852b855	bea46ab4cf4adbeda551b0c6acc48c6474aa0a07a2c563bba580618b66d2c36b	true	true	true	true	true	false	true
336	23	MASKED_TARGET	4	10	7	U07-0000000106_S08-0000000167	C0Rect2Set	DESCENDANT_PROBE_PASS	0	16735	503eb71f2d8b894d11a0565e3f2f3cb6160c9b234ea803c821c1b91bea330c8e	53eb29bedcdde24aa8f639d07ba76355ac6b34d1f32bf11b05c50db19297a947	e62bdf77736719e0f7b5f95e70cb18017d0d5e50587f096ee05556a23e2f3a7a	c8d00e710dbac83a2a8fc8a01164c157b8faee0792563972a3b7f1ae47ce18ae	e3b0c44298fc1c149afbf4c8996fb92427ae41e4649b934ca495991b7852b855	bea46ab4cf4adbeda551b0c6acc48c6474aa0a07a2c563bba580618b66d2c36b	true	true	true	true	true	false	true
337	23	MASKED_TARGET	4	10	8	U07-0000000106_S08-0000000168	C0HORect2Set	DESCENDANT_PROBE_PASS	0	17476	4bc371538941043b142a7ebb6485b983dd67a06f8e4d8cc09fce2f02f328a24c	acf4fbf6fac04683e1fe0c2e0ec5f2ff7ff8d74888b6129d0041c44620cec701	f770cce9844b672e7078c42c8c852a923f0809905c5fdc1076f14e76e85fe453	06d62f0447f66b4bb856701b55bbcc7cf3bd49b10cdb6bba970be75f2bb5777a	e3b0c44298fc1c149afbf4c8996fb92427ae41e4649b934ca495991b7852b855	bea46ab4cf4adbeda551b0c6acc48c6474aa0a07a2c563bba580618b66d2c36b	true	true	true	true	true	false	true
338	23	MASKED_TARGET	4	10	8	U07-0000000106_S08-0000000168	C0Rect2Set	DESCENDANT_PROBE_PASS	0	16767	4bc371538941043b142a7ebb6485b983dd67a06f8e4d8cc09fce2f02f328a24c	acf4fbf6fac04683e1fe0c2e0ec5f2ff7ff8d74888b6129d0041c44620cec701	ae47aa6a19145a9d6e9baf403bd67361c313db3bd92e1087fa1be9a7d0ed4f00	a198dad7b16260308bf7b3cf7c53d20002f282401c44a3691bb616889763f25b	e3b0c44298fc1c149afbf4c8996fb92427ae41e4649b934ca495991b7852b855	bea46ab4cf4adbeda551b0c6acc48c6474aa0a07a2c563bba580618b66d2c36b	true	true	true	true	true	false	true
339	23	MASKED_TARGET	4	10	9	U07-0000000106_S08-0000000169	C0HORect2Set	DESCENDANT_PROBE_PASS	0	17486	7a030074442e63ef5d0334079c9e7124d6a3e44c61769c1527ccf50b000d2f56	90b46cc9efaf0d6ae908d405bd07813163f75664a29b9570e8a9d528221f89fa	f04d798fbf3b13dbb25265cf1d4ef18f7fddefa4423928c6aea61b4e47e7a746	c063e3600640f86f2fabbb7aba3ef559f289f99e4e94b0695d1eb0390a6db916	e3b0c44298fc1c149afbf4c8996fb92427ae41e4649b934ca495991b7852b855	bea46ab4cf4adbeda551b0c6acc48c6474aa0a07a2c563bba580618b66d2c36b	true	true	true	true	true	false	true
340	23	MASKED_TARGET	4	10	9	U07-0000000106_S08-0000000169	C0Rect2Set	DESCENDANT_PROBE_PASS	0	16687	7a030074442e63ef5d0334079c9e7124d6a3e44c61769c1527ccf50b000d2f56	90b46cc9efaf0d6ae908d405bd07813163f75664a29b9570e8a9d528221f89fa	176365a541211af0c85056d511404ed9127ec07adfceb7852ccd85cb9dd3094f	c1a5298d77b191077771e595affbee425cdcff0765b6fedeccfcf27d7ad9b5fe	e3b0c44298fc1c149afbf4c8996fb92427ae41e4649b934ca495991b7852b855	bea46ab4cf4adbeda551b0c6acc48c6474aa0a07a2c563bba580618b66d2c36b	true	true	true	true	true	false	true
341	23	MASKED_TARGET	4	10	10	U07-0000000106_S08-0000000170	C0HORect2Set	DESCENDANT_PROBE_PASS	0	17406	dd150c825cde8819f001d739f95c7853ecc9a47d2fe9abb8a41217d4b1322c6d	3755ec2114e7d0c491af86879e22e053d32e631a5a6ada4ec9f71827278898c3	8959fc2fc942e09af09b27ac7ce4ce8d9445c7e972d72a86ecbe53c77bacecc4	26c5b52564ce2359d96b72c7d98bcff7047957916d00019f8ac74af09a32305c	e3b0c44298fc1c149afbf4c8996fb92427ae41e4649b934ca495991b7852b855	bea46ab4cf4adbeda551b0c6acc48c6474aa0a07a2c563bba580618b66d2c36b	true	true	true	true	true	false	true
342	23	MASKED_TARGET	4	10	10	U07-0000000106_S08-0000000170	C0Rect2Set	DESCENDANT_PROBE_PASS	0	16728	dd150c825cde8819f001d739f95c7853ecc9a47d2fe9abb8a41217d4b1322c6d	3755ec2114e7d0c491af86879e22e053d32e631a5a6ada4ec9f71827278898c3	a921251d1bc66f44fcba0b791cbee8f5b831ae493027358a5bf11588b05d5554	76f95c38aa698c8aa7a41f24e4f92c7fa64a60a230df6f3ccb65d43302d23a1a	e3b0c44298fc1c149afbf4c8996fb92427ae41e4649b934ca495991b7852b855	bea46ab4cf4adbeda551b0c6acc48c6474aa0a07a2c563bba580618b66d2c36b	true	true	true	true	true	false	true
343	23	MASKED_TARGET	4	10	11	U07-0000000106_S08-0000000171	C0HORect2Set	DESCENDANT_PROBE_PASS	0	17453	7ec2adfaab81a2b7453e996453f1d6f957d394f3be39433184af358a23b32a6a	5bc7b669b4d2817daaebd9dac2e7f2f131e7ff7021ebdbf7dc6e98589e4a4f48	e7b7a26e36646cec4a6dd2af41f9a3b950d60c0607e7a3c0b92ea6d5ee3dde7d	45dd9f49df99e095792c149d28a5b31f65b33f2c9fd64913bbf42c4a86092eb3	e3b0c44298fc1c149afbf4c8996fb92427ae41e4649b934ca495991b7852b855	bea46ab4cf4adbeda551b0c6acc48c6474aa0a07a2c563bba580618b66d2c36b	true	true	true	true	true	false	true
344	23	MASKED_TARGET	4	10	11	U07-0000000106_S08-0000000171	C0Rect2Set	DESCENDANT_PROBE_PASS	0	16747	7ec2adfaab81a2b7453e996453f1d6f957d394f3be39433184af358a23b32a6a	5bc7b669b4d2817daaebd9dac2e7f2f131e7ff7021ebdbf7dc6e98589e4a4f48	eca8ac677e0e737847f3ee26beb269a8e82c9c68b5c3fded9b09d5cd083c3fb5	418dc857c7ebb67b9964c816731f70c7ed83c2fbf3ee8f50e8183fd8bd8718b0	e3b0c44298fc1c149afbf4c8996fb92427ae41e4649b934ca495991b7852b855	bea46ab4cf4adbeda551b0c6acc48c6474aa0a07a2c563bba580618b66d2c36b	true	true	true	true	true	false	true
345	23	MASKED_TARGET	4	10	12	U07-0000000106_S08-0000000172	C0HORect2Set	DESCENDANT_PROBE_PASS	0	17426	2c239cc55be3f1f552398e379602a44bf92922d3759165e89028285423cb0947	4fb20764736c64907d693686736820c9b81e14ab4756e66419a519e3d8b7718a	11e859662c08dd4ccd590732cd9b6d757378d3651a5cc05f3fc0c700c0f8166c	8303c636d1bf1206f6eb10ba75181b768f69ce922ab5c715b385dfc0eec61913	e3b0c44298fc1c149afbf4c8996fb92427ae41e4649b934ca495991b7852b855	bea46ab4cf4adbeda551b0c6acc48c6474aa0a07a2c563bba580618b66d2c36b	true	true	true	true	true	false	true
346	23	MASKED_TARGET	4	10	12	U07-0000000106_S08-0000000172	C0Rect2Set	DESCENDANT_PROBE_PASS	0	16710	2c239cc55be3f1f552398e379602a44bf92922d3759165e89028285423cb0947	4fb20764736c64907d693686736820c9b81e14ab4756e66419a519e3d8b7718a	831c78b6c1e9c5e19eafcc161287d786e0322202b9a03d1e71f689de7a19fe1b	aae06361fe0576ad90714d2e83cdebe034abccf6b0e2566bc7dc9a7ffdaf62cc	e3b0c44298fc1c149afbf4c8996fb92427ae41e4649b934ca495991b7852b855	bea46ab4cf4adbeda551b0c6acc48c6474aa0a07a2c563bba580618b66d2c36b	true	true	true	true	true	false	true
347	23	MASKED_TARGET	4	10	13	U07-0000000106_S08-0000000173	C0HORect2Set	DESCENDANT_PROBE_PASS	0	17411	e46aac01a926dd2c72fc9c4709ab3ecd3a68c008ae5934e5e9aba9b66c418acc	c54ea81b6203362740104b73e82e009586ab5fdc7dfd0d9d30dd6f49bb2159e5	d7139ed7abd79aeb985deecc2830828026b637937f160c48108a4ea76bd420aa	b0055769de41055021200b5f6d7b898291ff80e5e0af6b93a2df2232da3fe5e3	e3b0c44298fc1c149afbf4c8996fb92427ae41e4649b934ca495991b7852b855	bea46ab4cf4adbeda551b0c6acc48c6474aa0a07a2c563bba580618b66d2c36b	true	true	true	true	true	false	true
348	23	MASKED_TARGET	4	10	13	U07-0000000106_S08-0000000173	C0Rect2Set	DESCENDANT_PROBE_PASS	0	16720	e46aac01a926dd2c72fc9c4709ab3ecd3a68c008ae5934e5e9aba9b66c418acc	c54ea81b6203362740104b73e82e009586ab5fdc7dfd0d9d30dd6f49bb2159e5	348e37db66cb3942073e1c784ba5149d8cfd22c86d46b111dc8f64807ea27dca	00a0fc5f323c8725bb381ef8553911155bd4657b00d34c3eb48908c57c016bf1	e3b0c44298fc1c149afbf4c8996fb92427ae41e4649b934ca495991b7852b855	bea46ab4cf4adbeda551b0c6acc48c6474aa0a07a2c563bba580618b66d2c36b	true	true	true	true	true	false	true
349	23	MASKED_TARGET	4	10	14	U07-0000000106_S08-0000000174	C0HORect2Set	DESCENDANT_PROBE_PASS	0	17406	f8362f67d6cf6ae35784a85b6eba08319aa30797c341c4e229ff02baf9f1bb72	c4a1a8622f77a3065d598da6c6ec1323dd78d77260d820088e094a50493c31f6	4ac54eb5b7c8f14d2b14fef269c9e67993ee27116a3a15dd28044593a9d003df	1dbde4dbc77cec5fab7207b635e59a4c6f41df566cabbc86e391dcfc1303fb92	e3b0c44298fc1c149afbf4c8996fb92427ae41e4649b934ca495991b7852b855	bea46ab4cf4adbeda551b0c6acc48c6474aa0a07a2c563bba580618b66d2c36b	true	true	true	true	true	false	true
350	23	MASKED_TARGET	4	10	14	U07-0000000106_S08-0000000174	C0Rect2Set	DESCENDANT_PROBE_PASS	0	16730	f8362f67d6cf6ae35784a85b6eba08319aa30797c341c4e229ff02baf9f1bb72	c4a1a8622f77a3065d598da6c6ec1323dd78d77260d820088e094a50493c31f6	e7dd3883f51ce0c0ea55cee51468a39097d54ee32d11ffd9a0dcc025e2839ac6	9b369d7a6f17cf8c29d26d0e3f04a30ab937b652065d56ecce41ffcf5774a625	e3b0c44298fc1c149afbf4c8996fb92427ae41e4649b934ca495991b7852b855	bea46ab4cf4adbeda551b0c6acc48c6474aa0a07a2c563bba580618b66d2c36b	true	true	true	true	true	false	true
351	23	MASKED_TARGET	4	10	15	U07-0000000106_S08-0000000175	C0HORect2Set	DESCENDANT_PROBE_PASS	0	17445	0e885cff5451d5a684d49658694f0457367a85ce1a1711076ce1f9cd7d7ba104	e7e7632950581d990c67be0cc909bd8c5d4eb318da25111b45a7d847347523a7	72522423d7ccb7aad0a8a4d7b6d7778ab748429d0b1e74b34b88a37d07466dcb	dc5b5801a3cf0f93333f1622d83ec8691e22989b106241f31220536188c4b39a	e3b0c44298fc1c149afbf4c8996fb92427ae41e4649b934ca495991b7852b855	bea46ab4cf4adbeda551b0c6acc48c6474aa0a07a2c563bba580618b66d2c36b	true	true	true	true	true	false	true
352	23	MASKED_TARGET	4	10	15	U07-0000000106_S08-0000000175	C0Rect2Set	DESCENDANT_PROBE_PASS	0	17193	0e885cff5451d5a684d49658694f0457367a85ce1a1711076ce1f9cd7d7ba104	e7e7632950581d990c67be0cc909bd8c5d4eb318da25111b45a7d847347523a7	b1bb6f859071ae40b076744d11a911bd60e5e779fa61ee29c2c7838792e95f19	1278a72fc1ec96054ac7d25401102274dd15aa7eccdcd19e3c2d033cfd15b73b	e3b0c44298fc1c149afbf4c8996fb92427ae41e4649b934ca495991b7852b855	bea46ab4cf4adbeda551b0c6acc48c6474aa0a07a2c563bba580618b66d2c36b	true	true	true	true	true	false	true
353	23	MASKED_TARGET	4	11	0	U07-0000000107_S08-0000000160	C0HORect2Set	DESCENDANT_PROBE_REJECTED	0	17432	803719c0b2d053770726daa7e8a74e5a9a9e1a2009072df491f94fd794f4d694	2204e5db43906aed69df3cc27c103714114ea78dd9cf0b5a23ce180dbe4f56fe	5619bed2e0251bf0484bd0a628b0d64603a4847066380e7487055a30af9276d8	abfa1933a1818e3ecfd633fefa897500a75a850dfc68aeff38d3b4e9e299892b	e3b0c44298fc1c149afbf4c8996fb92427ae41e4649b934ca495991b7852b855	225cdb9d16e19f2a333fa1b0f8255f2a2b10d8f79f67a7d0c944d7d9076ec2e3	true	true	true	false	false	false	false
354	23	MASKED_TARGET	4	11	0	U07-0000000107_S08-0000000160	C0Rect2Set	DESCENDANT_PROBE_REJECTED	0	16734	803719c0b2d053770726daa7e8a74e5a9a9e1a2009072df491f94fd794f4d694	2204e5db43906aed69df3cc27c103714114ea78dd9cf0b5a23ce180dbe4f56fe	c64d2dc31aa1a775f57144ba182e85ddddcce4a686ac310e073b0a1d448e1f39	628e32b444f2ec359e9d245eeb5357480decd5f290f4982a59273d93e2f47331	e3b0c44298fc1c149afbf4c8996fb92427ae41e4649b934ca495991b7852b855	225cdb9d16e19f2a333fa1b0f8255f2a2b10d8f79f67a7d0c944d7d9076ec2e3	true	true	true	false	false	false	false
355	23	MASKED_TARGET	4	11	1	U07-0000000107_S08-0000000161	C0HORect2Set	DESCENDANT_PROBE_REJECTED	0	17474	bc41998f1b5b385d98b2e040ce2fa57a24e651325fd9c3affe222b3c40aeff85	60de3e0bcb25e8e8d1aaadfc3fb8de3ca5fa0d45c32353e714af2bdd3e4fea36	5ddfc330a050685931c56ed25f048d7e81019786f1af92c6a62bc1dce581cb13	fdafb5533b11b7d7f49dcdfe3ebf534769a7ecb5742eec9b2e0b288c2cfb3751	e3b0c44298fc1c149afbf4c8996fb92427ae41e4649b934ca495991b7852b855	225cdb9d16e19f2a333fa1b0f8255f2a2b10d8f79f67a7d0c944d7d9076ec2e3	true	true	true	false	false	false	false
356	23	MASKED_TARGET	4	11	1	U07-0000000107_S08-0000000161	C0Rect2Set	DESCENDANT_PROBE_REJECTED	0	16734	bc41998f1b5b385d98b2e040ce2fa57a24e651325fd9c3affe222b3c40aeff85	60de3e0bcb25e8e8d1aaadfc3fb8de3ca5fa0d45c32353e714af2bdd3e4fea36	74d23ee30431c6293ecb935718922ba481f52b7981069b47dfcc9ca6fc4051a1	f7f0150bb7da37f7de4ccf83d81bd47cd82d19204015e139ba1eff21101f52f9	e3b0c44298fc1c149afbf4c8996fb92427ae41e4649b934ca495991b7852b855	225cdb9d16e19f2a333fa1b0f8255f2a2b10d8f79f67a7d0c944d7d9076ec2e3	true	true	true	false	false	false	false
357	23	MASKED_TARGET	4	11	2	U07-0000000107_S08-0000000162	C0HORect2Set	DESCENDANT_PROBE_PASS	0	17454	75a86c8287a81063b3171702ac518ecca01918d72cd8e6bb488708fe6038f8d6	27a48e85df9d6d5ab8a1032d2d8a6d722f837ae2d098f86ebbf0aa08df6c069a	2566049ebe3de4b4acfd5b815a656cbcdef8b0275da4ebbb5e6bff66baa075cb	a70ef038a761b061be74bb4e8b51cd861b865f7c1d5a11289d6db5063db63f35	e3b0c44298fc1c149afbf4c8996fb92427ae41e4649b934ca495991b7852b855	bea46ab4cf4adbeda551b0c6acc48c6474aa0a07a2c563bba580618b66d2c36b	true	true	true	true	true	false	true
358	23	MASKED_TARGET	4	11	2	U07-0000000107_S08-0000000162	C0Rect2Set	DESCENDANT_PROBE_PASS	0	16842	75a86c8287a81063b3171702ac518ecca01918d72cd8e6bb488708fe6038f8d6	27a48e85df9d6d5ab8a1032d2d8a6d722f837ae2d098f86ebbf0aa08df6c069a	8bfa7be7748f065dae5b3749018df5ef97fe5c0930951291c58ac489598ea810	96a52f81878d582489d6bbbd387bae8d3a777d17ae451861b6f7bc6b2bba7b49	e3b0c44298fc1c149afbf4c8996fb92427ae41e4649b934ca495991b7852b855	bea46ab4cf4adbeda551b0c6acc48c6474aa0a07a2c563bba580618b66d2c36b	true	true	true	true	true	false	true
359	23	MASKED_TARGET	4	11	3	U07-0000000107_S08-0000000163	C0HORect2Set	DESCENDANT_PROBE_PASS	0	17379	ad9b67dfd3897c93eb538d9db86d76b92fbac4a687e9951f8a8b0159ee701b43	c1db0d9a0cc61220fc2a649eee23d277e780dbe77d79f1091eb9113a850ae32e	95578358b5687ea1b8422b9dd91f4c85a761e4850cc9e1dfeffbfc1766500ca9	47d648674e1bf00a5c9176e6bcbf81ca2ead111a9d9823a7c5e80751c10ddfa0	e3b0c44298fc1c149afbf4c8996fb92427ae41e4649b934ca495991b7852b855	bea46ab4cf4adbeda551b0c6acc48c6474aa0a07a2c563bba580618b66d2c36b	true	true	true	true	true	false	true
360	23	MASKED_TARGET	4	11	3	U07-0000000107_S08-0000000163	C0Rect2Set	DESCENDANT_PROBE_PASS	0	16727	ad9b67dfd3897c93eb538d9db86d76b92fbac4a687e9951f8a8b0159ee701b43	c1db0d9a0cc61220fc2a649eee23d277e780dbe77d79f1091eb9113a850ae32e	3e4cdd7db064719b922dd824749f409dde34b26ba943b3f81aaaf1405df0bbc5	3d9d086b1dfaefb7687677b2809fafc7dd3ef79081bc1542ab2d65ec519df405	e3b0c44298fc1c149afbf4c8996fb92427ae41e4649b934ca495991b7852b855	bea46ab4cf4adbeda551b0c6acc48c6474aa0a07a2c563bba580618b66d2c36b	true	true	true	true	true	false	true
361	23	MASKED_TARGET	4	11	4	U07-0000000107_S08-0000000164	C0HORect2Set	DESCENDANT_PROBE_PASS	0	17514	5722408c7910be61f22105ed3b6d807fdc42f37a08614032f4ee3fdbad07ed54	5c4fabacaaec88cafcf3dc84a24120892784427eafbf57fc65fd7a4cbe904647	991ee222fc2bfdf3d970a03d19cdafd1ed6dbaf9d04b6b235546b9a0d60f2b20	037f53d922d6d3b5babff932a9e1ac6fb8a4c44bcc4a51fb6ce68e0e46a88df7	e3b0c44298fc1c149afbf4c8996fb92427ae41e4649b934ca495991b7852b855	bea46ab4cf4adbeda551b0c6acc48c6474aa0a07a2c563bba580618b66d2c36b	true	true	true	true	true	false	true
362	23	MASKED_TARGET	4	11	4	U07-0000000107_S08-0000000164	C0Rect2Set	DESCENDANT_PROBE_PASS	0	16689	5722408c7910be61f22105ed3b6d807fdc42f37a08614032f4ee3fdbad07ed54	5c4fabacaaec88cafcf3dc84a24120892784427eafbf57fc65fd7a4cbe904647	e4476b9b26722f328b9c0d9e94e74b9e0dd13b4adeb32b66f5f96704ebf127dd	117df69fc0693d3170c9dd8ada8e39b70950ce2a9aa7d121f9c439c6d21e303a	e3b0c44298fc1c149afbf4c8996fb92427ae41e4649b934ca495991b7852b855	bea46ab4cf4adbeda551b0c6acc48c6474aa0a07a2c563bba580618b66d2c36b	true	true	true	true	true	false	true
363	23	MASKED_TARGET	4	11	5	U07-0000000107_S08-0000000165	C0HORect2Set	DESCENDANT_PROBE_PASS	0	17395	c997faf4040158a441a90a577ce6b5a92d6039395cec5a18c09beeed7e33f72a	4b648e7a7fba4c3e1b6791a9420123e817f5b3b497980d091a3df164fe9f6c06	af9c87fe8fa970a33d9192ce7b96fff4dd2e1876756f229232f8e2994cbdb8b4	bb698b3857e3e97e22316673e47cdd1e976cb1cdc8b301e9107f9b6e92aba866	e3b0c44298fc1c149afbf4c8996fb92427ae41e4649b934ca495991b7852b855	bea46ab4cf4adbeda551b0c6acc48c6474aa0a07a2c563bba580618b66d2c36b	true	true	true	true	true	false	true
364	23	MASKED_TARGET	4	11	5	U07-0000000107_S08-0000000165	C0Rect2Set	DESCENDANT_PROBE_PASS	0	16661	c997faf4040158a441a90a577ce6b5a92d6039395cec5a18c09beeed7e33f72a	4b648e7a7fba4c3e1b6791a9420123e817f5b3b497980d091a3df164fe9f6c06	59616bc630e8b13751968c8998df45751326093893f0718a7f7184529e4b255b	8f65058ea7db6bf80d7b58d3fdd1ee30c22a28d7c8c4e803218cb30b53b6f609	e3b0c44298fc1c149afbf4c8996fb92427ae41e4649b934ca495991b7852b855	bea46ab4cf4adbeda551b0c6acc48c6474aa0a07a2c563bba580618b66d2c36b	true	true	true	true	true	false	true
365	23	MASKED_TARGET	4	11	6	U07-0000000107_S08-0000000166	C0HORect2Set	DESCENDANT_PROBE_PASS	0	17381	58744d7e516d0ce0fb5477f6c02e33409c5be42cb740155fa3998dba5ffd1627	d17f3d6d80b435fa5e87abdd1e56d6f5177e71debda73e186c97165a2f0d15a1	cfe475ddcacc78f7109130812f58558c2ad93e19f9b45110a4f4d175e4c10782	5665db82db63f14886092cdde4d4a35630594383d338f66ddc82f271d974f45b	e3b0c44298fc1c149afbf4c8996fb92427ae41e4649b934ca495991b7852b855	bea46ab4cf4adbeda551b0c6acc48c6474aa0a07a2c563bba580618b66d2c36b	true	true	true	true	true	false	true
366	23	MASKED_TARGET	4	11	6	U07-0000000107_S08-0000000166	C0Rect2Set	DESCENDANT_PROBE_PASS	0	16750	58744d7e516d0ce0fb5477f6c02e33409c5be42cb740155fa3998dba5ffd1627	d17f3d6d80b435fa5e87abdd1e56d6f5177e71debda73e186c97165a2f0d15a1	95351a6705c5dcd718d989d810de93fa01a8367043d7ca7f0c31fe93ef3acada	2a02418ab3e062f6e16e894ba214bbf4456655b7af5e17185ecb64098de542b2	e3b0c44298fc1c149afbf4c8996fb92427ae41e4649b934ca495991b7852b855	bea46ab4cf4adbeda551b0c6acc48c6474aa0a07a2c563bba580618b66d2c36b	true	true	true	true	true	false	true
367	23	MASKED_TARGET	4	11	7	U07-0000000107_S08-0000000167	C0HORect2Set	DESCENDANT_PROBE_PASS	0	17381	1eec3a77b877ba6f56206fedfbca36dba429774e361b30aef2c09d6c6231a70f	4f74ed2642f44c24a24fa7f9835328d47693f7887fd2477d6803fffcf492884d	22885fd4508deaf52995d2b62e126a3dae86e32ecbebd810b929efb1587c5bdf	a4b01a5a93da741972af5cd710c45a5119875aa8b7493aabd5fe1930342baae2	e3b0c44298fc1c149afbf4c8996fb92427ae41e4649b934ca495991b7852b855	bea46ab4cf4adbeda551b0c6acc48c6474aa0a07a2c563bba580618b66d2c36b	true	true	true	true	true	false	true
368	23	MASKED_TARGET	4	11	7	U07-0000000107_S08-0000000167	C0Rect2Set	DESCENDANT_PROBE_PASS	0	16728	1eec3a77b877ba6f56206fedfbca36dba429774e361b30aef2c09d6c6231a70f	4f74ed2642f44c24a24fa7f9835328d47693f7887fd2477d6803fffcf492884d	bf7f7e017121c2ff6c8a3367f38b5834c1e28764415de3219affb9c6da180809	60c737218667cd327a500503ddd2e3ed0ad51f3e2893cea33cc405aa26749ae9	e3b0c44298fc1c149afbf4c8996fb92427ae41e4649b934ca495991b7852b855	bea46ab4cf4adbeda551b0c6acc48c6474aa0a07a2c563bba580618b66d2c36b	true	true	true	true	true	false	true
369	23	MASKED_TARGET	4	11	8	U07-0000000107_S08-0000000168	C0HORect2Set	DESCENDANT_PROBE_PASS	0	17385	b80740d2af81ef19b03ebc224ff0bbca6b6e4e54eaeaf70bbaa4fe68ae250deb	da1fcd4d6faeff0753dd5780873c0e8346f9372e387757dd7daece7663457854	bfb777976a9303b6010c6e95eb1929c8ef7d63857eaa97d85ddc3a83bbfe2591	6eec6587f41572c7c475be43d2503fbda56c16e9395f0c58cb80768b029a263b	e3b0c44298fc1c149afbf4c8996fb92427ae41e4649b934ca495991b7852b855	bea46ab4cf4adbeda551b0c6acc48c6474aa0a07a2c563bba580618b66d2c36b	true	true	true	true	true	false	true
370	23	MASKED_TARGET	4	11	8	U07-0000000107_S08-0000000168	C0Rect2Set	DESCENDANT_PROBE_PASS	0	16698	b80740d2af81ef19b03ebc224ff0bbca6b6e4e54eaeaf70bbaa4fe68ae250deb	da1fcd4d6faeff0753dd5780873c0e8346f9372e387757dd7daece7663457854	0ac005427b65d482034d791b4bf1a232d2c4bba8a7b6822b14f6ed4c86a6bb7c	4a020278a3742cae9bc35df3ad83ac1db3a45dc2323cbd309d665ea20747aab0	e3b0c44298fc1c149afbf4c8996fb92427ae41e4649b934ca495991b7852b855	bea46ab4cf4adbeda551b0c6acc48c6474aa0a07a2c563bba580618b66d2c36b	true	true	true	true	true	false	true
371	23	MASKED_TARGET	4	11	9	U07-0000000107_S08-0000000169	C0HORect2Set	DESCENDANT_PROBE_PASS	0	17385	a0c20e2731a553daf8894e528316dd8c8557abd18ed1fa385f17c7c649fe1f8c	80322f83142eea4f027f1d215d24c49f6404aff8d5e0e0f014bd75691fd67277	62ccfae988374b16086f124efab52c62339fdbb8ade9b088f9b2607c51e5d4af	64a724692fee9e7a7da475575d05f0393ceb9ae15540e59c00132f5840fd8c6d	e3b0c44298fc1c149afbf4c8996fb92427ae41e4649b934ca495991b7852b855	bea46ab4cf4adbeda551b0c6acc48c6474aa0a07a2c563bba580618b66d2c36b	true	true	true	true	true	false	true
372	23	MASKED_TARGET	4	11	9	U07-0000000107_S08-0000000169	C0Rect2Set	DESCENDANT_PROBE_PASS	0	16716	a0c20e2731a553daf8894e528316dd8c8557abd18ed1fa385f17c7c649fe1f8c	80322f83142eea4f027f1d215d24c49f6404aff8d5e0e0f014bd75691fd67277	48e7e88d26fef9c94c41d9dd48a61b7ed409ca41aee8303c0c7baf580ac8381e	18f473b5e7feb4caa048c0e028172eb58ee43a530ecdaa90fc99ec7cfe60319d	e3b0c44298fc1c149afbf4c8996fb92427ae41e4649b934ca495991b7852b855	bea46ab4cf4adbeda551b0c6acc48c6474aa0a07a2c563bba580618b66d2c36b	true	true	true	true	true	false	true
373	23	MASKED_TARGET	4	11	10	U07-0000000107_S08-0000000170	C0HORect2Set	DESCENDANT_PROBE_PASS	0	17497	25b861e810a36478f1723d6ecf09e9f722175c2c8f0c3d2b886c1b7abae03255	a1efdfb3e2798aa76b57878833d915e6fc6cf3af05a54ea65211af97511089c9	d27d7f58746eb56f5fe498313921c0861669b2e3c5c5aaea8f59dcca8aba969a	55cc4143bc68b3c8cddf98ab4142584c6426d1c391898c7141f9d0d3785ea5d3	e3b0c44298fc1c149afbf4c8996fb92427ae41e4649b934ca495991b7852b855	bea46ab4cf4adbeda551b0c6acc48c6474aa0a07a2c563bba580618b66d2c36b	true	true	true	true	true	false	true
374	23	MASKED_TARGET	4	11	10	U07-0000000107_S08-0000000170	C0Rect2Set	DESCENDANT_PROBE_PASS	0	16656	25b861e810a36478f1723d6ecf09e9f722175c2c8f0c3d2b886c1b7abae03255	a1efdfb3e2798aa76b57878833d915e6fc6cf3af05a54ea65211af97511089c9	ec585b49e52bb58a8d98a7ae980b1f6dafd144e12df87474f88a106bb8c4fed8	29dff861e81620ba49a2f157552f2c64c1c2816a54bf2a0e10b61fe6f5afb6f6	e3b0c44298fc1c149afbf4c8996fb92427ae41e4649b934ca495991b7852b855	bea46ab4cf4adbeda551b0c6acc48c6474aa0a07a2c563bba580618b66d2c36b	true	true	true	true	true	false	true
375	23	MASKED_TARGET	4	11	11	U07-0000000107_S08-0000000171	C0HORect2Set	DESCENDANT_PROBE_PASS	0	17493	1a68247af521b779792c23290383e2baf53b3e990660c25df0b64a150e59d0f1	19d957db8c71a45a5b8594a7699dc0c84b666104b3d0e03db52cf67825010d0a	09e6f998063fad03298e805d5301d0ce15e8216d787d7f14c6f1bf7b4babc060	24db7ea739909c3dd1694b3ef7a0eec22f1059b7d05476bd170ea5bccb49d6a1	e3b0c44298fc1c149afbf4c8996fb92427ae41e4649b934ca495991b7852b855	bea46ab4cf4adbeda551b0c6acc48c6474aa0a07a2c563bba580618b66d2c36b	true	true	true	true	true	false	true
376	23	MASKED_TARGET	4	11	11	U07-0000000107_S08-0000000171	C0Rect2Set	DESCENDANT_PROBE_PASS	0	16762	1a68247af521b779792c23290383e2baf53b3e990660c25df0b64a150e59d0f1	19d957db8c71a45a5b8594a7699dc0c84b666104b3d0e03db52cf67825010d0a	3273bab44afcc5950aa8a3d0895411166ecc688977ba36714d70d1939fda1485	ee7b223e4676dfeee80dc7fea7937de2d3366bb371a0f72abf96293635571cda	e3b0c44298fc1c149afbf4c8996fb92427ae41e4649b934ca495991b7852b855	bea46ab4cf4adbeda551b0c6acc48c6474aa0a07a2c563bba580618b66d2c36b	true	true	true	true	true	false	true
377	23	MASKED_TARGET	4	11	12	U07-0000000107_S08-0000000172	C0HORect2Set	DESCENDANT_PROBE_PASS	0	17409	925bb793f6cf69d6fb03bcddf04e5c6cfb4558e407e7e0ef107308fe2d05aef8	ae488e923da584f41c46749d6e73aed77bcfb70b0753824ed974eee41581bc19	4e5495619c43babc7591b7bb3256f1c0ed5f97ce98d531d599878c6da70cb779	2548e790bf009d6a0dbc727aea1618ee2a58897cf999b7b75e6073c84ff3d56c	e3b0c44298fc1c149afbf4c8996fb92427ae41e4649b934ca495991b7852b855	bea46ab4cf4adbeda551b0c6acc48c6474aa0a07a2c563bba580618b66d2c36b	true	true	true	true	true	false	true
378	23	MASKED_TARGET	4	11	12	U07-0000000107_S08-0000000172	C0Rect2Set	DESCENDANT_PROBE_PASS	0	16713	925bb793f6cf69d6fb03bcddf04e5c6cfb4558e407e7e0ef107308fe2d05aef8	ae488e923da584f41c46749d6e73aed77bcfb70b0753824ed974eee41581bc19	d0197d179ed7d7f964b887c03b517fe0c2bfad6ad7cc21690c1bc7390dfd0319	de7c91ce52214652f61cc3e3d12f33f8e803d3938be523eb96457257685e698f	e3b0c44298fc1c149afbf4c8996fb92427ae41e4649b934ca495991b7852b855	bea46ab4cf4adbeda551b0c6acc48c6474aa0a07a2c563bba580618b66d2c36b	true	true	true	true	true	false	true
379	23	MASKED_TARGET	4	11	13	U07-0000000107_S08-0000000173	C0HORect2Set	DESCENDANT_PROBE_PASS	0	17486	7a9f8a152594fbaf76c97a05f9b28b58ad626f6489e5144e1cad66011680e971	40b9e9f538ab16dc3533f507297fc155c5d863ad0befa705b24cea81e53395ef	cbf0a00f10bb959ebb19bec47694d05439c93e9b84c087bd12a78953c00d623c	ac182d8ee53cdbe6ab41b4ad9953f6d842c509c7daa974afc62284371bcdc520	e3b0c44298fc1c149afbf4c8996fb92427ae41e4649b934ca495991b7852b855	bea46ab4cf4adbeda551b0c6acc48c6474aa0a07a2c563bba580618b66d2c36b	true	true	true	true	true	false	true
380	23	MASKED_TARGET	4	11	13	U07-0000000107_S08-0000000173	C0Rect2Set	DESCENDANT_PROBE_PASS	0	16680	7a9f8a152594fbaf76c97a05f9b28b58ad626f6489e5144e1cad66011680e971	40b9e9f538ab16dc3533f507297fc155c5d863ad0befa705b24cea81e53395ef	15d2fd3299309186b876c417ca05579bd0314bf83a050ec1594c8cf8fa544397	725e6eb47fd899b2fcd9d16c3a28954080d19559d84ba2cc3fd59a4bfbac73e4	e3b0c44298fc1c149afbf4c8996fb92427ae41e4649b934ca495991b7852b855	bea46ab4cf4adbeda551b0c6acc48c6474aa0a07a2c563bba580618b66d2c36b	true	true	true	true	true	false	true
381	23	MASKED_TARGET	4	11	14	U07-0000000107_S08-0000000174	C0HORect2Set	DESCENDANT_PROBE_PASS	0	17476	d035657dbb262604fe4de5ae30711e532dec2df8f2a2cb5fac0fa6c2d6d0af98	5e8c5241a8250ad26e052499ab706d0a7716b82218ec0f264e143f92444e4fd0	c02c791642b619071ce80580630905cc0fb8b1ae43b22fea1723c29c6194714b	649e3db521b9d976f733280088c86c72fbf5cd375a6a0fe6ec82776bb6654444	e3b0c44298fc1c149afbf4c8996fb92427ae41e4649b934ca495991b7852b855	bea46ab4cf4adbeda551b0c6acc48c6474aa0a07a2c563bba580618b66d2c36b	true	true	true	true	true	false	true
382	23	MASKED_TARGET	4	11	14	U07-0000000107_S08-0000000174	C0Rect2Set	DESCENDANT_PROBE_PASS	0	16702	d035657dbb262604fe4de5ae30711e532dec2df8f2a2cb5fac0fa6c2d6d0af98	5e8c5241a8250ad26e052499ab706d0a7716b82218ec0f264e143f92444e4fd0	321e91076039054777e5b3ee70214bb085f7ccb0875f0efec57ac6d346bd660e	d8f48346d3a6321c17c38fce0e2e27122257cf2a698f1316c8b48490af4eb5e2	e3b0c44298fc1c149afbf4c8996fb92427ae41e4649b934ca495991b7852b855	bea46ab4cf4adbeda551b0c6acc48c6474aa0a07a2c563bba580618b66d2c36b	true	true	true	true	true	false	true
383	23	MASKED_TARGET	4	11	15	U07-0000000107_S08-0000000175	C0HORect2Set	DESCENDANT_PROBE_PASS	0	17442	2f500e9865ea6578fa2a19a57134159f646bfea7b717791a723e9992b32f1325	bb2dfdf72353a4ea96841a4fa3681ad35d00dd8bd51f2f5eaee7d65ca1a7d508	25df612cd7ecb997d68a7fe9e459802f163f480ab7150965b8ea195a631b280b	2558d9d45d27ade677560f9341ea78a663956ba950a69d315c22f084b3cbcce2	e3b0c44298fc1c149afbf4c8996fb92427ae41e4649b934ca495991b7852b855	bea46ab4cf4adbeda551b0c6acc48c6474aa0a07a2c563bba580618b66d2c36b	true	true	true	true	true	false	true
384	23	MASKED_TARGET	4	11	15	U07-0000000107_S08-0000000175	C0Rect2Set	DESCENDANT_PROBE_PASS	0	16773	2f500e9865ea6578fa2a19a57134159f646bfea7b717791a723e9992b32f1325	bb2dfdf72353a4ea96841a4fa3681ad35d00dd8bd51f2f5eaee7d65ca1a7d508	1146faf9f3f5eaf10a143f6846469b7b42618f5f24857bdffed777b14e833b44	e21085a39b01cc20fea624d21013e1f5c5b8df251802b9731b932593e6677950	e3b0c44298fc1c149afbf4c8996fb92427ae41e4649b934ca495991b7852b855	bea46ab4cf4adbeda551b0c6acc48c6474aa0a07a2c563bba580618b66d2c36b	true	true	true	true	true	false	true
385	23	MASKED_TARGET	4	12	0	U07-0000000108_S08-0000000160	C0HORect2Set	DESCENDANT_PROBE_REJECTED	0	17468	8eae21373401f72881882d77d97ea129ff00321b4cfcb740a640fb6debd11b1c	ccf32a9bff95f0e70010f6c859ee69b873fab57a0b6eacc9ec458ee693ae6cc4	c5f6357f78e951195165923e5169b0a0589efc08ca95de5b65c80b81284d1e9b	d2fa296a5777052759ecc0379a41251fb9bb0b76b9f3ccf1918f876ada05274a	e3b0c44298fc1c149afbf4c8996fb92427ae41e4649b934ca495991b7852b855	225cdb9d16e19f2a333fa1b0f8255f2a2b10d8f79f67a7d0c944d7d9076ec2e3	true	true	true	false	false	false	false
386	23	MASKED_TARGET	4	12	0	U07-0000000108_S08-0000000160	C0Rect2Set	DESCENDANT_PROBE_REJECTED	0	16698	8eae21373401f72881882d77d97ea129ff00321b4cfcb740a640fb6debd11b1c	ccf32a9bff95f0e70010f6c859ee69b873fab57a0b6eacc9ec458ee693ae6cc4	ccb5214b69f38a5eddd72208f9e22d1ea846e267e7952339e0dad7a9d584b588	7a82e746337bc0c1bb6a82cf4f134b1a4d7293c0a05696f0538102a7e08f7e19	e3b0c44298fc1c149afbf4c8996fb92427ae41e4649b934ca495991b7852b855	225cdb9d16e19f2a333fa1b0f8255f2a2b10d8f79f67a7d0c944d7d9076ec2e3	true	true	true	false	false	false	false
387	23	MASKED_TARGET	4	12	1	U07-0000000108_S08-0000000161	C0HORect2Set	DESCENDANT_PROBE_REJECTED	0	17490	4ad9717754a541e4c5140add9995ea1989f71664109b7d2129ed95a7f6071727	54f14075efee820f3b74493344ae9562d905cfc506b1ab22add813485d1f9749	8aa3d9d21484111ef9f8b2e71425ac1f52277c7a94ed042ff0cd626a9056002a	2a15c675ac4b06a90c33a82a5f60344b0c211901345eaaa6f9d94a592888c76f	e3b0c44298fc1c149afbf4c8996fb92427ae41e4649b934ca495991b7852b855	225cdb9d16e19f2a333fa1b0f8255f2a2b10d8f79f67a7d0c944d7d9076ec2e3	true	true	true	false	false	false	false
388	23	MASKED_TARGET	4	12	1	U07-0000000108_S08-0000000161	C0Rect2Set	DESCENDANT_PROBE_REJECTED	0	16772	4ad9717754a541e4c5140add9995ea1989f71664109b7d2129ed95a7f6071727	54f14075efee820f3b74493344ae9562d905cfc506b1ab22add813485d1f9749	ceccdf5cc7266b0a9eb6404b62a288357165e8f914cef133898976bba27a949b	787f3ff0fc2eda1aad77d7a0e7a377527273bc201a9e954fa011f237d12e43f3	e3b0c44298fc1c149afbf4c8996fb92427ae41e4649b934ca495991b7852b855	225cdb9d16e19f2a333fa1b0f8255f2a2b10d8f79f67a7d0c944d7d9076ec2e3	true	true	true	false	false	false	false
389	23	MASKED_TARGET	4	12	2	U07-0000000108_S08-0000000162	C0HORect2Set	DESCENDANT_PROBE_REJECTED	0	17464	28df83998bffc5dcd254d2bbece149f437d7e0e09d1c11a71840dcb1a985f98b	5b6f95483ef38dab8685dc6fe75097e2f222343791bdc8fc82ac6e80e5254f3c	8e569dcbe21fafc29beff4a369bf11e8eeed062877ae684636fe02229676edda	4e1daebb2fddaf179c701ef244ee9b0b8c03bcfdb1a864c37d343462566269b2	e3b0c44298fc1c149afbf4c8996fb92427ae41e4649b934ca495991b7852b855	225cdb9d16e19f2a333fa1b0f8255f2a2b10d8f79f67a7d0c944d7d9076ec2e3	true	true	true	false	false	false	false
390	23	MASKED_TARGET	4	12	2	U07-0000000108_S08-0000000162	C0Rect2Set	DESCENDANT_PROBE_REJECTED	0	16794	28df83998bffc5dcd254d2bbece149f437d7e0e09d1c11a71840dcb1a985f98b	5b6f95483ef38dab8685dc6fe75097e2f222343791bdc8fc82ac6e80e5254f3c	1d018c5e039c8ae38bc88b90a04e4d31f34281c6ab14385fa9e7655dd30fb8a6	9255f88cd26c87f697f4640184ead328db1b14d59186645103700576ebc838af	e3b0c44298fc1c149afbf4c8996fb92427ae41e4649b934ca495991b7852b855	225cdb9d16e19f2a333fa1b0f8255f2a2b10d8f79f67a7d0c944d7d9076ec2e3	true	true	true	false	false	false	false
391	23	MASKED_TARGET	4	12	3	U07-0000000108_S08-0000000163	C0HORect2Set	DESCENDANT_PROBE_PASS	0	17401	6d282c597771915d14e021a035cc979c4fdf04259194b0e7645448fc5050ef13	ae27862eaf42d40501131c36cc6f5a12c208c52d2ea34d27eb4ca454b6a46e1a	20c17d71e26b261c62ac73ab7e770205cfef8ee5fae4798bf60b2f9749b68dc4	1e8c087cf2183ededd3779548ce2e382feb937b66205173d338588b7b5ba5365	e3b0c44298fc1c149afbf4c8996fb92427ae41e4649b934ca495991b7852b855	bea46ab4cf4adbeda551b0c6acc48c6474aa0a07a2c563bba580618b66d2c36b	true	true	true	true	true	false	true
392	23	MASKED_TARGET	4	12	3	U07-0000000108_S08-0000000163	C0Rect2Set	DESCENDANT_PROBE_PASS	0	16697	6d282c597771915d14e021a035cc979c4fdf04259194b0e7645448fc5050ef13	ae27862eaf42d40501131c36cc6f5a12c208c52d2ea34d27eb4ca454b6a46e1a	5395cd4e1a828f04f07c42732df081b673c0d34f80508b7d0a12bcdde4da3dd7	741c069364e554e99660bc6dd9105f4f392210d0f4ce7ff0c1afc312de11102e	e3b0c44298fc1c149afbf4c8996fb92427ae41e4649b934ca495991b7852b855	bea46ab4cf4adbeda551b0c6acc48c6474aa0a07a2c563bba580618b66d2c36b	true	true	true	true	true	false	true
393	23	MASKED_TARGET	4	12	4	U07-0000000108_S08-0000000164	C0HORect2Set	DESCENDANT_PROBE_PASS	0	17421	2741780d7df93e4edfa571cf447037d3120528cdda66eb7a372f7baaee03e839	085684b66ffc0aa3226c4bcef466e3ec2d96c58d2a6f2a349191ba3a6090986a	680a6d4c50d8a654ba06a0ee3a4da060a0f2ae1baff87d19f0df996de1139987	32b3d631b8131032b74afe026a36c5f6ae4f055efce7e56bb0a945ee5b57e1e9	e3b0c44298fc1c149afbf4c8996fb92427ae41e4649b934ca495991b7852b855	bea46ab4cf4adbeda551b0c6acc48c6474aa0a07a2c563bba580618b66d2c36b	true	true	true	true	true	false	true
394	23	MASKED_TARGET	4	12	4	U07-0000000108_S08-0000000164	C0Rect2Set	DESCENDANT_PROBE_PASS	0	16690	2741780d7df93e4edfa571cf447037d3120528cdda66eb7a372f7baaee03e839	085684b66ffc0aa3226c4bcef466e3ec2d96c58d2a6f2a349191ba3a6090986a	d42e09fd8dc282067955fd6589042055b7c7d6781a50b3024205d8a74402c738	48836a96a69264d91b180ee17445c6594aff9f7ddfb617c4cd373185d4db7476	e3b0c44298fc1c149afbf4c8996fb92427ae41e4649b934ca495991b7852b855	bea46ab4cf4adbeda551b0c6acc48c6474aa0a07a2c563bba580618b66d2c36b	true	true	true	true	true	false	true
395	23	MASKED_TARGET	4	12	5	U07-0000000108_S08-0000000165	C0HORect2Set	DESCENDANT_PROBE_PASS	0	17880	8ab18c4e1c1d59cfdffc2fa0b0e568a561a1b22e193b15ff3053954ddeb58f57	9b9cfff273045d3faf793d43fc894138c9e7fd26bf9df20592c471634e16347d	5a51ca368794b1cfcabfa9e9fa64fee38a34b0bc073b730d0af6f5e3e4edf20b	f6cb73e9f82645eb20f9271c5fc5e4534da1b191fde0b4b2a1e01d30d85c261f	e3b0c44298fc1c149afbf4c8996fb92427ae41e4649b934ca495991b7852b855	bea46ab4cf4adbeda551b0c6acc48c6474aa0a07a2c563bba580618b66d2c36b	true	true	true	true	true	false	true
396	23	MASKED_TARGET	4	12	5	U07-0000000108_S08-0000000165	C0Rect2Set	DESCENDANT_PROBE_PASS	0	16709	8ab18c4e1c1d59cfdffc2fa0b0e568a561a1b22e193b15ff3053954ddeb58f57	9b9cfff273045d3faf793d43fc894138c9e7fd26bf9df20592c471634e16347d	ffb658bcd4409975f7c734427857a1bfd6c67dddafd5ef0c638fc9ded784a007	52c3d6fe40b8b7638c5b80d3355021b3d3307684fc8baebb700b64d959068298	e3b0c44298fc1c149afbf4c8996fb92427ae41e4649b934ca495991b7852b855	bea46ab4cf4adbeda551b0c6acc48c6474aa0a07a2c563bba580618b66d2c36b	true	true	true	true	true	false	true
397	23	MASKED_TARGET	4	12	6	U07-0000000108_S08-0000000166	C0HORect2Set	DESCENDANT_PROBE_PASS	0	17403	6a2ac61889ca3c93545556ae1c00a1235e64a22ada758b6fa1cf21b7d16c8175	56c9152e048587eaae80cd834108cf7b7ee23e144905407bf86a8ed775a485e6	c9ddbbb4afdf6ec484d36ffec655074b6b9c070ad10bbe3b531e4e34b745f28d	6d0ed61dd35b317c30fb46aa5d6ba5a387d7920e71996703aa4da218d2d8d0da	e3b0c44298fc1c149afbf4c8996fb92427ae41e4649b934ca495991b7852b855	bea46ab4cf4adbeda551b0c6acc48c6474aa0a07a2c563bba580618b66d2c36b	true	true	true	true	true	false	true
398	23	MASKED_TARGET	4	12	6	U07-0000000108_S08-0000000166	C0Rect2Set	DESCENDANT_PROBE_PASS	0	16694	6a2ac61889ca3c93545556ae1c00a1235e64a22ada758b6fa1cf21b7d16c8175	56c9152e048587eaae80cd834108cf7b7ee23e144905407bf86a8ed775a485e6	0baf24cdebc5211c4d591cbec1240333183824e482372956e96fd9ac07b59e1d	f5e11613b46eff9111f233bbdd9a8b93f90d2d914e6c4aff6aeb51c6c618aef3	e3b0c44298fc1c149afbf4c8996fb92427ae41e4649b934ca495991b7852b855	bea46ab4cf4adbeda551b0c6acc48c6474aa0a07a2c563bba580618b66d2c36b	true	true	true	true	true	false	true
399	23	MASKED_TARGET	4	12	7	U07-0000000108_S08-0000000167	C0HORect2Set	DESCENDANT_PROBE_PASS	0	17423	477f8965801a636ce0d7d730ff429e8e32854853935ba6d5cc1a489b2b651e77	07fa3d5ad4605541fed432196ba8f7f9c2e9b873d57cd263a4409ec38a4146e4	04392c7f9177a0460e2333c4ae75385e266ebd797c0f7884a0a7feb533d27304	3dbe4c9e3c0095ed94c72d0e3bff227ded6476acf55cf263a7ba8790d83cb6c3	e3b0c44298fc1c149afbf4c8996fb92427ae41e4649b934ca495991b7852b855	bea46ab4cf4adbeda551b0c6acc48c6474aa0a07a2c563bba580618b66d2c36b	true	true	true	true	true	false	true
400	23	MASKED_TARGET	4	12	7	U07-0000000108_S08-0000000167	C0Rect2Set	DESCENDANT_PROBE_PASS	0	16669	477f8965801a636ce0d7d730ff429e8e32854853935ba6d5cc1a489b2b651e77	07fa3d5ad4605541fed432196ba8f7f9c2e9b873d57cd263a4409ec38a4146e4	0cd32cc1bb02ab6dd5ed9ac7e9498df85536dd508e65e7e6de2ca29c8b16dd99	3d94055dfadb60ee9d929f70a3c2d53066fe90f73a4d6ea828d70f9a15436b3d	e3b0c44298fc1c149afbf4c8996fb92427ae41e4649b934ca495991b7852b855	bea46ab4cf4adbeda551b0c6acc48c6474aa0a07a2c563bba580618b66d2c36b	true	true	true	true	true	false	true
401	23	MASKED_TARGET	4	12	8	U07-0000000108_S08-0000000168	C0HORect2Set	DESCENDANT_PROBE_PASS	0	17426	72cc84c97be3d59eaac958c7c734ca618d71f25d4af8cf3061a84c746512e58c	4bee183a6489c69f82e7bc26a7a792880c5626a6b89070f8a4d8e4762076092c	6f15abf6feafcfddc05d17b22c425ffc056fd717cd0893c7d3eadefa1e6c1f24	cfc9748a671d597353d3b9fb715c9e2d78494fbcea7f07e918d687491b50cf51	e3b0c44298fc1c149afbf4c8996fb92427ae41e4649b934ca495991b7852b855	bea46ab4cf4adbeda551b0c6acc48c6474aa0a07a2c563bba580618b66d2c36b	true	true	true	true	true	false	true
402	23	MASKED_TARGET	4	12	8	U07-0000000108_S08-0000000168	C0Rect2Set	DESCENDANT_PROBE_PASS	0	16733	72cc84c97be3d59eaac958c7c734ca618d71f25d4af8cf3061a84c746512e58c	4bee183a6489c69f82e7bc26a7a792880c5626a6b89070f8a4d8e4762076092c	3d8defd007a4651c0c0248488387a04724c16b3acf85ea16c10a378446ea4024	361df01a3b5564121881dbe1c707402729a798939f4dd0d2c272cb4366e0d6d4	e3b0c44298fc1c149afbf4c8996fb92427ae41e4649b934ca495991b7852b855	bea46ab4cf4adbeda551b0c6acc48c6474aa0a07a2c563bba580618b66d2c36b	true	true	true	true	true	false	true
403	23	MASKED_TARGET	4	12	9	U07-0000000108_S08-0000000169	C0HORect2Set	DESCENDANT_PROBE_PASS	0	17352	77050219add7870059d4d8713acc7dcb11852e3f22ee8a134874e788805956c6	6475169ab654a9ee6ea16d03751cd34ac93c01d6c8e37b4af65572c578b7cb25	2613fe62f91bf20692ee7be990b7c96e69c82beb5c2e9041d016a3f5eabd260d	c8ed057c556fd546d9d9a1d0b77232be7aeb7859552ee7953c4a431e1cf6a1f6	e3b0c44298fc1c149afbf4c8996fb92427ae41e4649b934ca495991b7852b855	bea46ab4cf4adbeda551b0c6acc48c6474aa0a07a2c563bba580618b66d2c36b	true	true	true	true	true	false	true
404	23	MASKED_TARGET	4	12	9	U07-0000000108_S08-0000000169	C0Rect2Set	DESCENDANT_PROBE_PASS	0	16715	77050219add7870059d4d8713acc7dcb11852e3f22ee8a134874e788805956c6	6475169ab654a9ee6ea16d03751cd34ac93c01d6c8e37b4af65572c578b7cb25	b5f2ad17c219e5e9f6d9e216d03c4d48d573d116de249f000b25b4f6d3053d5a	7c7c8c79a4a91b41b85c238e5a558f96926e694ba1198a51d8e3abe25bae45a9	e3b0c44298fc1c149afbf4c8996fb92427ae41e4649b934ca495991b7852b855	bea46ab4cf4adbeda551b0c6acc48c6474aa0a07a2c563bba580618b66d2c36b	true	true	true	true	true	false	true
405	23	MASKED_TARGET	4	12	10	U07-0000000108_S08-0000000170	C0HORect2Set	DESCENDANT_PROBE_PASS	0	17474	5889cae2a9684cb2d230602d791e6b4c22f33557c61fae6a046810ef900c5d04	edf8fe974427d3a2e7a99db6d7be71298ac6a769707b454fdd36a73ff7f2b207	ecd43df40ef768374df74ab2442a668ce7dfd317fdf3fad6ffaf423560656d46	ca0561640adf360af231bc53d1ec2c925fe6cdaec3b709b4e7b69406dcc83980	e3b0c44298fc1c149afbf4c8996fb92427ae41e4649b934ca495991b7852b855	bea46ab4cf4adbeda551b0c6acc48c6474aa0a07a2c563bba580618b66d2c36b	true	true	true	true	true	false	true
406	23	MASKED_TARGET	4	12	10	U07-0000000108_S08-0000000170	C0Rect2Set	DESCENDANT_PROBE_PASS	0	16690	5889cae2a9684cb2d230602d791e6b4c22f33557c61fae6a046810ef900c5d04	edf8fe974427d3a2e7a99db6d7be71298ac6a769707b454fdd36a73ff7f2b207	74de1cb2120b36d048aede00c3a76aea94dcf8f1277d8409b6296d8d8fd17c5e	5f13b16f565a37a744d76311cc9fe3f1d808ca274dc376263f5ebd84682dd8e1	e3b0c44298fc1c149afbf4c8996fb92427ae41e4649b934ca495991b7852b855	bea46ab4cf4adbeda551b0c6acc48c6474aa0a07a2c563bba580618b66d2c36b	true	true	true	true	true	false	true
407	23	MASKED_TARGET	4	12	11	U07-0000000108_S08-0000000171	C0HORect2Set	DESCENDANT_PROBE_PASS	0	17437	3dfdccd6c46bff11517adeec00e5d269bc33c4e7c88c8478827b878b58c0390c	60e761f081e8e00feefd959604347277e443812e3efae2b4903a997b97baf865	0b433c51e66d04a7bfe827c767b68161fbf145ab27610699594bbed11c9cb171	d2c81aeec4b07e7d79adf1d67134c4e4e51b2584d74be20ee21c519720c6c839	e3b0c44298fc1c149afbf4c8996fb92427ae41e4649b934ca495991b7852b855	bea46ab4cf4adbeda551b0c6acc48c6474aa0a07a2c563bba580618b66d2c36b	true	true	true	true	true	false	true
408	23	MASKED_TARGET	4	12	11	U07-0000000108_S08-0000000171	C0Rect2Set	DESCENDANT_PROBE_PASS	0	16674	3dfdccd6c46bff11517adeec00e5d269bc33c4e7c88c8478827b878b58c0390c	60e761f081e8e00feefd959604347277e443812e3efae2b4903a997b97baf865	38b210e9ea8f59688e185d51dcb74df51db6f1be25bc8d31aaec1cc2350ee886	0645071245b74b5699c8b605b29cc2e76355be51d6141f53aa8ff4b62bb406bc	e3b0c44298fc1c149afbf4c8996fb92427ae41e4649b934ca495991b7852b855	bea46ab4cf4adbeda551b0c6acc48c6474aa0a07a2c563bba580618b66d2c36b	true	true	true	true	true	false	true
409	23	MASKED_TARGET	4	12	12	U07-0000000108_S08-0000000172	C0HORect2Set	DESCENDANT_PROBE_PASS	0	17474	a1c68b0183f2ef5e1be20bc19448108e39bd871a0385eef435e5639a22b2be14	5cadde3f2784564182f995a5aca6cc58adcc8e7b0222f4c5c00f29179f0ebf4d	c2478d4a92c418a07464cebfe1b539000a351ea0c60da447305cad8a2386d906	9a671712ce53d12a073766dffc5eab1c3b3b78c5abccba9ca3e2b1b66f5dbc2a	e3b0c44298fc1c149afbf4c8996fb92427ae41e4649b934ca495991b7852b855	bea46ab4cf4adbeda551b0c6acc48c6474aa0a07a2c563bba580618b66d2c36b	true	true	true	true	true	false	true
410	23	MASKED_TARGET	4	12	12	U07-0000000108_S08-0000000172	C0Rect2Set	DESCENDANT_PROBE_PASS	0	16780	a1c68b0183f2ef5e1be20bc19448108e39bd871a0385eef435e5639a22b2be14	5cadde3f2784564182f995a5aca6cc58adcc8e7b0222f4c5c00f29179f0ebf4d	1c04585748cc6e417ada873a099d66b69b6df82642152997a2cb1a77e536a829	ff13f32f11736771616e9f446430e383e4f2a9fb591b291f4a163c8ba2ffe0cb	e3b0c44298fc1c149afbf4c8996fb92427ae41e4649b934ca495991b7852b855	bea46ab4cf4adbeda551b0c6acc48c6474aa0a07a2c563bba580618b66d2c36b	true	true	true	true	true	false	true
411	23	MASKED_TARGET	4	12	13	U07-0000000108_S08-0000000173	C0HORect2Set	DESCENDANT_PROBE_PASS	0	17396	aad480a71f14c3b59e5562758b555661aec9a22390beb517e02aaa7630ca46c2	3cd9765e429f9f9e2dc31653a55aa128354d3aae04738d5da45729b2fd329d57	0e01f3a4eaba103f52eb67bace225a7f3bd051c003125db0f2040919a3bb1eba	64376c9d3840d03907416042af4966ffba3a6660f1539cf282a732a1cb8f0127	e3b0c44298fc1c149afbf4c8996fb92427ae41e4649b934ca495991b7852b855	bea46ab4cf4adbeda551b0c6acc48c6474aa0a07a2c563bba580618b66d2c36b	true	true	true	true	true	false	true
412	23	MASKED_TARGET	4	12	13	U07-0000000108_S08-0000000173	C0Rect2Set	DESCENDANT_PROBE_PASS	0	16774	aad480a71f14c3b59e5562758b555661aec9a22390beb517e02aaa7630ca46c2	3cd9765e429f9f9e2dc31653a55aa128354d3aae04738d5da45729b2fd329d57	9c3b76f777c9397b1a12c5321f307e13c39fcd7ddbc0c26d2cd6a485e09f9b9f	6d565054185bc7724331fdb927a0c2b7d1bf811bfedbf9362515ba9edb089485	e3b0c44298fc1c149afbf4c8996fb92427ae41e4649b934ca495991b7852b855	bea46ab4cf4adbeda551b0c6acc48c6474aa0a07a2c563bba580618b66d2c36b	true	true	true	true	true	false	true
413	23	MASKED_TARGET	4	12	14	U07-0000000108_S08-0000000174	C0HORect2Set	DESCENDANT_PROBE_PASS	0	17391	9f1b9763c808ea7f064c9d34d888fd9bdf53e77b1cf179282d424bb381e12417	cc966c5af0380f60bb3ab02c76cd94a0c677391ed9f215c95d0cf0dc5942acba	249258faee8314ccdf0d9944055b4d9d4e9f77d4905f1990adde811e2e30bc62	1a20597d0e67851e1e2a2ef0c59a8150e8a4d865c57cbdc145dc09bc5f76a7e0	e3b0c44298fc1c149afbf4c8996fb92427ae41e4649b934ca495991b7852b855	bea46ab4cf4adbeda551b0c6acc48c6474aa0a07a2c563bba580618b66d2c36b	true	true	true	true	true	false	true
414	23	MASKED_TARGET	4	12	14	U07-0000000108_S08-0000000174	C0Rect2Set	DESCENDANT_PROBE_PASS	0	16740	9f1b9763c808ea7f064c9d34d888fd9bdf53e77b1cf179282d424bb381e12417	cc966c5af0380f60bb3ab02c76cd94a0c677391ed9f215c95d0cf0dc5942acba	9fbd08a7ff98821ecf4f75f57841b57aa30db0e6697fa62990f8ce0eea001495	b1d37a0f09622a57a5cec150936e018d8313f85dec6f38f1b148753154bfbb1c	e3b0c44298fc1c149afbf4c8996fb92427ae41e4649b934ca495991b7852b855	bea46ab4cf4adbeda551b0c6acc48c6474aa0a07a2c563bba580618b66d2c36b	true	true	true	true	true	false	true
415	23	MASKED_TARGET	4	12	15	U07-0000000108_S08-0000000175	C0HORect2Set	DESCENDANT_PROBE_PASS	0	17461	01633428719205325c20d96224490eb87b839114f03d1e8f9d283c0ddd308cbf	23b4602123a9df86a28be8bc379fa04e98c852c5a646f33baa43e86e9499c676	97d1f732ca0ccc5317267a9c0a8276f389adde91964692c8d3f1151e24d96b6a	6290723bc0cba0cfe1623e2a22c80410df9484a9d93a0690f29cb4f17fe69e36	e3b0c44298fc1c149afbf4c8996fb92427ae41e4649b934ca495991b7852b855	bea46ab4cf4adbeda551b0c6acc48c6474aa0a07a2c563bba580618b66d2c36b	true	true	true	true	true	false	true
416	23	MASKED_TARGET	4	12	15	U07-0000000108_S08-0000000175	C0Rect2Set	DESCENDANT_PROBE_PASS	0	16756	01633428719205325c20d96224490eb87b839114f03d1e8f9d283c0ddd308cbf	23b4602123a9df86a28be8bc379fa04e98c852c5a646f33baa43e86e9499c676	1714633865e92ae071eb8d94e5e0ee9d7e94f59fdc4e7ce1764ff64af05549df	59d20b9d47e261fae31ddef012ffeb2dd7409be1011f6ef37adc03bb82720cf7	e3b0c44298fc1c149afbf4c8996fb92427ae41e4649b934ca495991b7852b855	bea46ab4cf4adbeda551b0c6acc48c6474aa0a07a2c563bba580618b66d2c36b	true	true	true	true	true	false	true
417	23	MASKED_TARGET	4	13	0	U07-0000000109_S08-0000000160	C0HORect2Set	DESCENDANT_PROBE_REJECTED	0	17460	2a2c8dcce82120d8f4e7b7bfe4ad91344b58f5012625cd29ce54ce538e3f02a5	01473e313f24d15d8175579b83ae2e6ae917981e6b66f13e9346a87d1f3dffd7	1e60246a27d76de8068b4836b4e0a8e62cfda1409320cbb0c069433a6913e732	a05dfb8fbf3459f91fbf57df676658aeb9a098a8303527c5dc112a1893f4309e	e3b0c44298fc1c149afbf4c8996fb92427ae41e4649b934ca495991b7852b855	225cdb9d16e19f2a333fa1b0f8255f2a2b10d8f79f67a7d0c944d7d9076ec2e3	true	true	true	false	false	false	false
418	23	MASKED_TARGET	4	13	0	U07-0000000109_S08-0000000160	C0Rect2Set	DESCENDANT_PROBE_REJECTED	0	16706	2a2c8dcce82120d8f4e7b7bfe4ad91344b58f5012625cd29ce54ce538e3f02a5	01473e313f24d15d8175579b83ae2e6ae917981e6b66f13e9346a87d1f3dffd7	127eee1118d1ebf6b5cda4de1ba5fe412f7d036e0935928c2171d96176b227d5	ce8f50f1cd875ffad0b9ce24cf843c333b16a54fd605ed43c6b0b7e9a755b37e	e3b0c44298fc1c149afbf4c8996fb92427ae41e4649b934ca495991b7852b855	225cdb9d16e19f2a333fa1b0f8255f2a2b10d8f79f67a7d0c944d7d9076ec2e3	true	true	true	false	false	false	false
419	23	MASKED_TARGET	4	13	1	U07-0000000109_S08-0000000161	C0HORect2Set	DESCENDANT_PROBE_REJECTED	0	17421	d0c6342b1d61f270147ebcd8a057b8cb35e6dbf57b4a98aa635346c2b8852aa2	19fe458804570506bf3e87ffc98dadc4537252f1f7564404714cc96191423572	29d40ff3fb2f1ca40010562a0253c6629c05cb0339ca48445ab83e5ae77234ff	8ff9bb1084570d9022ec086d65adda88fa6c333a3bb16e4e13804abcee9ce334	e3b0c44298fc1c149afbf4c8996fb92427ae41e4649b934ca495991b7852b855	225cdb9d16e19f2a333fa1b0f8255f2a2b10d8f79f67a7d0c944d7d9076ec2e3	true	true	true	false	false	false	false
420	23	MASKED_TARGET	4	13	1	U07-0000000109_S08-0000000161	C0Rect2Set	DESCENDANT_PROBE_REJECTED	0	16738	d0c6342b1d61f270147ebcd8a057b8cb35e6dbf57b4a98aa635346c2b8852aa2	19fe458804570506bf3e87ffc98dadc4537252f1f7564404714cc96191423572	12b09e711d1912863265b3a7573d76c88ea702b811e73bdaa92705e5fd027bb9	3d6474028f83bd64ce2a2ba22349bbc2d0a3ce217c383fa89dd1b4c5094e2d2f	e3b0c44298fc1c149afbf4c8996fb92427ae41e4649b934ca495991b7852b855	225cdb9d16e19f2a333fa1b0f8255f2a2b10d8f79f67a7d0c944d7d9076ec2e3	true	true	true	false	false	false	false
421	23	MASKED_TARGET	4	13	2	U07-0000000109_S08-0000000162	C0HORect2Set	DESCENDANT_PROBE_REJECTED	0	17480	32f76de558da5b07fcd2d0bbfdcbc193d33fdfd07ad2cf4646f503a2cd621b73	ec4d207bcedc86e0a4c8029645138c7e11a7ca458e3ef7eda0c904e066302906	0d6ed064fdd894c3184c064e0244810a26ab5947b0bf15528428a5713371f551	2dbcd6ef33248533d4e62b92a3bc7499c500869b50a0a93e2cf8a30c133f97cc	e3b0c44298fc1c149afbf4c8996fb92427ae41e4649b934ca495991b7852b855	225cdb9d16e19f2a333fa1b0f8255f2a2b10d8f79f67a7d0c944d7d9076ec2e3	true	true	true	false	false	false	false
422	23	MASKED_TARGET	4	13	2	U07-0000000109_S08-0000000162	C0Rect2Set	DESCENDANT_PROBE_REJECTED	0	16773	32f76de558da5b07fcd2d0bbfdcbc193d33fdfd07ad2cf4646f503a2cd621b73	ec4d207bcedc86e0a4c8029645138c7e11a7ca458e3ef7eda0c904e066302906	da4e9ee39b57302f950b8361f4f1eb6bd10780545700396bf6082136febadc18	8d2c1783b42c37b91252e683c2341613f46f97958a9904a2abc9b51e1bd28321	e3b0c44298fc1c149afbf4c8996fb92427ae41e4649b934ca495991b7852b855	225cdb9d16e19f2a333fa1b0f8255f2a2b10d8f79f67a7d0c944d7d9076ec2e3	true	true	true	false	false	false	false
423	23	MASKED_TARGET	4	13	3	U07-0000000109_S08-0000000163	C0HORect2Set	DESCENDANT_PROBE_PASS	0	17470	9cfd4d075ab11fe131b859bb6f410e90a90865d48c095d923fee74d614d7a341	a3d3aedffa33c557b8f4ad988d082cbbfdd9e5c3f7e7465fc38f013c8f88e981	3ab5e0c3940d540cc9ac3cd55b2e470e4654c2878ca17fa36d1763a84c075710	d44452b0465553449ef299c2930bc3dbfb8fee1d37b6cd12e05acb95448c0015	e3b0c44298fc1c149afbf4c8996fb92427ae41e4649b934ca495991b7852b855	bea46ab4cf4adbeda551b0c6acc48c6474aa0a07a2c563bba580618b66d2c36b	true	true	true	true	true	false	true
424	23	MASKED_TARGET	4	13	3	U07-0000000109_S08-0000000163	C0Rect2Set	DESCENDANT_PROBE_PASS	0	16687	9cfd4d075ab11fe131b859bb6f410e90a90865d48c095d923fee74d614d7a341	a3d3aedffa33c557b8f4ad988d082cbbfdd9e5c3f7e7465fc38f013c8f88e981	8c9f7104c8de76ef4dace2527ab273fef8e3a4dec7a12d882919070b7e4a3f83	7a713141e54c6b5270d2fb06ab47219777f0f782557e7ce67dcc7c51967dc6a0	e3b0c44298fc1c149afbf4c8996fb92427ae41e4649b934ca495991b7852b855	bea46ab4cf4adbeda551b0c6acc48c6474aa0a07a2c563bba580618b66d2c36b	true	true	true	true	true	false	true
425	23	MASKED_TARGET	4	13	4	U07-0000000109_S08-0000000164	C0HORect2Set	DESCENDANT_PROBE_PASS	0	17434	3161332cf863be79864632a7a40900b3f651698a619415808118ca3bc9f61564	0610cf99ea72bcc31a572b10dcd54e5a635151dc6547a96b9ed5d8bd40ebafd9	5d2cea73e3646f7a28ada9afcf84493ec52532ad821d6487268c14a7ece141ef	e6e935630de42fb76d460b2e9f1c0770710536e319799aa21cac72dc20d9f9d9	e3b0c44298fc1c149afbf4c8996fb92427ae41e4649b934ca495991b7852b855	bea46ab4cf4adbeda551b0c6acc48c6474aa0a07a2c563bba580618b66d2c36b	true	true	true	true	true	false	true
426	23	MASKED_TARGET	4	13	4	U07-0000000109_S08-0000000164	C0Rect2Set	DESCENDANT_PROBE_PASS	0	16694	3161332cf863be79864632a7a40900b3f651698a619415808118ca3bc9f61564	0610cf99ea72bcc31a572b10dcd54e5a635151dc6547a96b9ed5d8bd40ebafd9	ff9ceba5c4454a8935c531d40a90141d9c5daa328f848a31f17497efa7d78ea0	7a488770a7fee271b788261c2707c83612ab2b3788cf8bd490fcc0e8815ded9d	e3b0c44298fc1c149afbf4c8996fb92427ae41e4649b934ca495991b7852b855	bea46ab4cf4adbeda551b0c6acc48c6474aa0a07a2c563bba580618b66d2c36b	true	true	true	true	true	false	true
427	23	MASKED_TARGET	4	13	5	U07-0000000109_S08-0000000165	C0HORect2Set	DESCENDANT_PROBE_PASS	0	17439	c4bae485d4d5e590c1cbe3f94e0c128c3a690e83de0dd14cf2441eca08e713ec	361d10b4cfe9c2dbdc3532634f5b16935862245a7ad7c934f256a1829ca3ea39	331c8a8e50873405a40779b9a4d072eb2b67e11d3d620af86ae02df211468f10	c0d6570c262c0be832e81b6ede251d383b4eb881c4d90dae11b981b5cd4b14ed	e3b0c44298fc1c149afbf4c8996fb92427ae41e4649b934ca495991b7852b855	bea46ab4cf4adbeda551b0c6acc48c6474aa0a07a2c563bba580618b66d2c36b	true	true	true	true	true	false	true
428	23	MASKED_TARGET	4	13	5	U07-0000000109_S08-0000000165	C0Rect2Set	DESCENDANT_PROBE_PASS	0	16725	c4bae485d4d5e590c1cbe3f94e0c128c3a690e83de0dd14cf2441eca08e713ec	361d10b4cfe9c2dbdc3532634f5b16935862245a7ad7c934f256a1829ca3ea39	ae673f4806076581dc00215c18a0101d91d1f2477e947c25e56ab09c602c0ff6	3cc09802a1a10d1d3ecf3f519b881b0142209aa7e621411e5cfe8d3ba473ac65	e3b0c44298fc1c149afbf4c8996fb92427ae41e4649b934ca495991b7852b855	bea46ab4cf4adbeda551b0c6acc48c6474aa0a07a2c563bba580618b66d2c36b	true	true	true	true	true	false	true
429	23	MASKED_TARGET	4	13	6	U07-0000000109_S08-0000000166	C0HORect2Set	DESCENDANT_PROBE_PASS	0	17400	2f10338da50eb4824ff5f09e4131da44a8f38f0a0d8b1d2744ec84b2620a50d4	92531ffb636724af33ae81b2b3058606a69e35a214fb2e68a373130f09f6348d	88c18831b6f253922e98a3e0ecf10113dc0a255889f701d1ae7afe6bbc128863	44868c30c0fb35d7eaa84a59770fc3ab13493662e806031e6102f94d37a20344	e3b0c44298fc1c149afbf4c8996fb92427ae41e4649b934ca495991b7852b855	bea46ab4cf4adbeda551b0c6acc48c6474aa0a07a2c563bba580618b66d2c36b	true	true	true	true	true	false	true
430	23	MASKED_TARGET	4	13	6	U07-0000000109_S08-0000000166	C0Rect2Set	DESCENDANT_PROBE_PASS	0	16739	2f10338da50eb4824ff5f09e4131da44a8f38f0a0d8b1d2744ec84b2620a50d4	92531ffb636724af33ae81b2b3058606a69e35a214fb2e68a373130f09f6348d	00b2055430aba73bf5b03b60857acde2b97858fbe74a2a3b6be7120da7444c92	80609c7785854e165b50c1392a94cdcc9dc8294c0adafbbe57e953a822cb075a	e3b0c44298fc1c149afbf4c8996fb92427ae41e4649b934ca495991b7852b855	bea46ab4cf4adbeda551b0c6acc48c6474aa0a07a2c563bba580618b66d2c36b	true	true	true	true	true	false	true
431	23	MASKED_TARGET	4	13	7	U07-0000000109_S08-0000000167	C0HORect2Set	DESCENDANT_PROBE_PASS	0	17426	9d2b89bc55c284c9cde85f64108f619a67721441c32315b4ce3545156a89e3a7	767ccba30a98a73d21cb1494614f59d458c5e1274b8884eee4f8dfc1d8602cde	9d9ed2d228b20bf0909e9f9bc51d6ca0033a7653a6f8f32e3318780459b2f067	0a705981fe9dec39c5efca489b338ee1d0fe5dff837b056ab0feef9a51fd5c41	e3b0c44298fc1c149afbf4c8996fb92427ae41e4649b934ca495991b7852b855	bea46ab4cf4adbeda551b0c6acc48c6474aa0a07a2c563bba580618b66d2c36b	true	true	true	true	true	false	true
432	23	MASKED_TARGET	4	13	7	U07-0000000109_S08-0000000167	C0Rect2Set	DESCENDANT_PROBE_PASS	0	16712	9d2b89bc55c284c9cde85f64108f619a67721441c32315b4ce3545156a89e3a7	767ccba30a98a73d21cb1494614f59d458c5e1274b8884eee4f8dfc1d8602cde	c8112cab0ea5a33108faae775e582c263325dd57d066af57ad7793c7f057afdb	b6f239655e134aab52242a423799aa8f181500c47ab389bba7d16ab430e9bda7	e3b0c44298fc1c149afbf4c8996fb92427ae41e4649b934ca495991b7852b855	bea46ab4cf4adbeda551b0c6acc48c6474aa0a07a2c563bba580618b66d2c36b	true	true	true	true	true	false	true
433	23	MASKED_TARGET	4	13	8	U07-0000000109_S08-0000000168	C0HORect2Set	DESCENDANT_PROBE_PASS	0	17428	0de7b1db7cf005f97388b8056bd3d0318dbc8160f33a344d0562a6932dcfe505	88651e115f0cc1a472f9b685fd21c6b3ad531def34e47fa741d574f5ea949957	ebc847088ed62aa0072a979fbec66cc5be9e5f08c165c03de6e0e6d8558ff0d3	7d8d390cc3300bdd30a4fe157f5d4af44c4ed80bf1af0c02d088a60df2e57e36	e3b0c44298fc1c149afbf4c8996fb92427ae41e4649b934ca495991b7852b855	bea46ab4cf4adbeda551b0c6acc48c6474aa0a07a2c563bba580618b66d2c36b	true	true	true	true	true	false	true
434	23	MASKED_TARGET	4	13	8	U07-0000000109_S08-0000000168	C0Rect2Set	DESCENDANT_PROBE_PASS	0	16747	0de7b1db7cf005f97388b8056bd3d0318dbc8160f33a344d0562a6932dcfe505	88651e115f0cc1a472f9b685fd21c6b3ad531def34e47fa741d574f5ea949957	db0190e2338cd6ebdaa5ee448066a33d9c3fe57f3ad3649772f78bea10002051	84ad236108bffed6906200820c4505de35141b9ae67d648ecb6c2ab24822784a	e3b0c44298fc1c149afbf4c8996fb92427ae41e4649b934ca495991b7852b855	bea46ab4cf4adbeda551b0c6acc48c6474aa0a07a2c563bba580618b66d2c36b	true	true	true	true	true	false	true
435	23	MASKED_TARGET	4	13	9	U07-0000000109_S08-0000000169	C0HORect2Set	DESCENDANT_PROBE_PASS	0	17407	fdd6e8d3998bb7bda827cbe9b290dc50ea6af0868be9028d4d39e9241fbe4928	f7803ce00e6f0e52e9eb056bdb739e49a6563cb556ab5a14b914768e4a540972	5fce8b4ca86b78a614756c291f08816861f1fa903d0701a1ea871813ba21acad	7828a92f9f62284c6c154bfd2b16fa9bf94b6d101d92a908f0faae87e5942f57	e3b0c44298fc1c149afbf4c8996fb92427ae41e4649b934ca495991b7852b855	bea46ab4cf4adbeda551b0c6acc48c6474aa0a07a2c563bba580618b66d2c36b	true	true	true	true	true	false	true
436	23	MASKED_TARGET	4	13	9	U07-0000000109_S08-0000000169	C0Rect2Set	DESCENDANT_PROBE_PASS	0	16700	fdd6e8d3998bb7bda827cbe9b290dc50ea6af0868be9028d4d39e9241fbe4928	f7803ce00e6f0e52e9eb056bdb739e49a6563cb556ab5a14b914768e4a540972	349a084975d256647b7b5d62564b8e34f625655093481411b7de898f5b9a76ed	85a08850e0353f162ea8fb297c5714bbbebbf60c0c6f56e068e3bc9955036e8e	e3b0c44298fc1c149afbf4c8996fb92427ae41e4649b934ca495991b7852b855	bea46ab4cf4adbeda551b0c6acc48c6474aa0a07a2c563bba580618b66d2c36b	true	true	true	true	true	false	true
437	23	MASKED_TARGET	4	13	10	U07-0000000109_S08-0000000170	C0HORect2Set	DESCENDANT_PROBE_PASS	0	17430	685ebd874ffbbbf3f39c7aa2dca3e9edb295c2653050e712be0265629732b449	b9c7181bc39e08675a21049a80d40e64eede10f36ef34666bb2e4351454c2add	f47c360c7dc6f3035e9691b61df0eb9ed4c9f5f8723bb928502d20b2e7bfe8ba	37ca283218f0d5ce4df87e620d5d2df9bf46458dcd52105ad54efe1356ff0765	e3b0c44298fc1c149afbf4c8996fb92427ae41e4649b934ca495991b7852b855	bea46ab4cf4adbeda551b0c6acc48c6474aa0a07a2c563bba580618b66d2c36b	true	true	true	true	true	false	true
438	23	MASKED_TARGET	4	13	10	U07-0000000109_S08-0000000170	C0Rect2Set	DESCENDANT_PROBE_PASS	0	16709	685ebd874ffbbbf3f39c7aa2dca3e9edb295c2653050e712be0265629732b449	b9c7181bc39e08675a21049a80d40e64eede10f36ef34666bb2e4351454c2add	82daf5aab2762547635fcde03e4ff5cb881ad23661984ba5aa95779eb38cfe57	8f140dc22627cc46147ba21fdd5f917c9b068c733ea90f8bdc09823b183dfa92	e3b0c44298fc1c149afbf4c8996fb92427ae41e4649b934ca495991b7852b855	bea46ab4cf4adbeda551b0c6acc48c6474aa0a07a2c563bba580618b66d2c36b	true	true	true	true	true	false	true
439	23	MASKED_TARGET	4	13	11	U07-0000000109_S08-0000000171	C0HORect2Set	DESCENDANT_PROBE_PASS	0	17447	9ea1740d676ccba2a5b3a8c033efc60fbc07f658168343127be14e93f860f6f3	969b5a31037eb8d201b10e957be678aed7230d23c36be7c4235dffdecba4efa2	ea2019116636c06d549a180e6021bd6094a5dad25e0bd0f19c6855bebfccd421	0733a3f8dbee496141e3c320cd05d35b1afb1662d35b53ece944f1354430c6d1	e3b0c44298fc1c149afbf4c8996fb92427ae41e4649b934ca495991b7852b855	bea46ab4cf4adbeda551b0c6acc48c6474aa0a07a2c563bba580618b66d2c36b	true	true	true	true	true	false	true
440	23	MASKED_TARGET	4	13	11	U07-0000000109_S08-0000000171	C0Rect2Set	DESCENDANT_PROBE_PASS	0	16719	9ea1740d676ccba2a5b3a8c033efc60fbc07f658168343127be14e93f860f6f3	969b5a31037eb8d201b10e957be678aed7230d23c36be7c4235dffdecba4efa2	1ec1d2c9efad8eb4cccb53a65800461460de721d148c0dfed6863d87929325da	cc370debb3a61d5670d460f732b9cfc89bf72f9a4c50553fe4b7ce257094eda9	e3b0c44298fc1c149afbf4c8996fb92427ae41e4649b934ca495991b7852b855	bea46ab4cf4adbeda551b0c6acc48c6474aa0a07a2c563bba580618b66d2c36b	true	true	true	true	true	false	true
441	23	MASKED_TARGET	4	13	12	U07-0000000109_S08-0000000172	C0HORect2Set	DESCENDANT_PROBE_PASS	0	17815	293c0162400a22b8ffd5eb3fe9e5cf0cdd41ef3a203244799bd64b0b1b6195a1	709c38afcec47adeb8b02171bc200b11e7152edccea9eb5906886a90f95eff2b	6ec4a8f0c226a45a565cb30a6bcbd9bb53deedc4e94afdd909800f1a66687a8e	ce0b4bb8336213240fefbc7f0087cb491a9ab17a7b52de4f36e2ae3f5300d9bf	e3b0c44298fc1c149afbf4c8996fb92427ae41e4649b934ca495991b7852b855	bea46ab4cf4adbeda551b0c6acc48c6474aa0a07a2c563bba580618b66d2c36b	true	true	true	true	true	false	true
442	23	MASKED_TARGET	4	13	12	U07-0000000109_S08-0000000172	C0Rect2Set	DESCENDANT_PROBE_PASS	0	16702	293c0162400a22b8ffd5eb3fe9e5cf0cdd41ef3a203244799bd64b0b1b6195a1	709c38afcec47adeb8b02171bc200b11e7152edccea9eb5906886a90f95eff2b	6190a12a4d479716a2145269577992afce1e218236d9cc8fe205e92402b393e0	e66e37a6295da32080b58d15680cc573fef21534246d6de87a02fdd38e660171	e3b0c44298fc1c149afbf4c8996fb92427ae41e4649b934ca495991b7852b855	bea46ab4cf4adbeda551b0c6acc48c6474aa0a07a2c563bba580618b66d2c36b	true	true	true	true	true	false	true
443	23	MASKED_TARGET	4	13	13	U07-0000000109_S08-0000000173	C0HORect2Set	DESCENDANT_PROBE_PASS	0	17434	4728794a2f6b25c5b602a4f5551ba8633e7fd9e59b49f2daf11798e9074efcc0	3839dd01066133411c8249f8aa8edbac8a2af7e55b4b9647908dfeeb698e8e1f	4876d120b6653f4e6f7f87a201fda577974b2d4d471a7a5a3b3dd72ff35f3c7a	29c285f3ec0b798e7315dec894e8267fd544351bdaf04ee2a52fa58a4fae273a	e3b0c44298fc1c149afbf4c8996fb92427ae41e4649b934ca495991b7852b855	bea46ab4cf4adbeda551b0c6acc48c6474aa0a07a2c563bba580618b66d2c36b	true	true	true	true	true	false	true
444	23	MASKED_TARGET	4	13	13	U07-0000000109_S08-0000000173	C0Rect2Set	DESCENDANT_PROBE_PASS	0	16813	4728794a2f6b25c5b602a4f5551ba8633e7fd9e59b49f2daf11798e9074efcc0	3839dd01066133411c8249f8aa8edbac8a2af7e55b4b9647908dfeeb698e8e1f	a221f35e894b1f22b9a59cddb88d91ac0bc87672a306cfe6042ab629825555c3	07db7a33957bb2e0b436053eb353152874fd91e1db160e01c3884ee77429614d	e3b0c44298fc1c149afbf4c8996fb92427ae41e4649b934ca495991b7852b855	bea46ab4cf4adbeda551b0c6acc48c6474aa0a07a2c563bba580618b66d2c36b	true	true	true	true	true	false	true
445	23	MASKED_TARGET	4	13	14	U07-0000000109_S08-0000000174	C0HORect2Set	DESCENDANT_PROBE_PASS	0	17436	4b885dc1e37c827977a50284e3e2b2113624305d939fe3c01c0596f627285582	0c0a9cf3e0cda65286ac57648217963a39151bf636a3cecd192ed5c6176fc44e	31ab93f2213ea3b4ec3a33254e783d064d910221defbe563850ea7435a3343a2	9731ef6a1367dfe665e877818ee036d86850bdc0ccba8bc765252ae32fc700b8	e3b0c44298fc1c149afbf4c8996fb92427ae41e4649b934ca495991b7852b855	bea46ab4cf4adbeda551b0c6acc48c6474aa0a07a2c563bba580618b66d2c36b	true	true	true	true	true	false	true
446	23	MASKED_TARGET	4	13	14	U07-0000000109_S08-0000000174	C0Rect2Set	DESCENDANT_PROBE_PASS	0	16685	4b885dc1e37c827977a50284e3e2b2113624305d939fe3c01c0596f627285582	0c0a9cf3e0cda65286ac57648217963a39151bf636a3cecd192ed5c6176fc44e	ad636866a0eda1463589f917ed28ccacc6e5e46afc78db2020e870d40922d7b3	f49fb4c552620dc14d76dc456097b22cf713805807c530c874fe78a8ea955239	e3b0c44298fc1c149afbf4c8996fb92427ae41e4649b934ca495991b7852b855	bea46ab4cf4adbeda551b0c6acc48c6474aa0a07a2c563bba580618b66d2c36b	true	true	true	true	true	false	true
447	23	MASKED_TARGET	4	13	15	U07-0000000109_S08-0000000175	C0HORect2Set	DESCENDANT_PROBE_PASS	0	17422	5915d28d661a8d1c2ad6eece499a410e05f5c9261eac5371359c835f4ec5fa17	0d7c11a76882403ac51c0398d6ce951228f424c7ddfd7f9699f3a6fb115fd9c9	00abb556027eb17099f054349c64a0f7ffcdb1ca2e58a8e7f759e51a2ccba6ea	4811908bf3ddc3b81714d24d088857461f8561198b5eb51874a41374464e8d8d	e3b0c44298fc1c149afbf4c8996fb92427ae41e4649b934ca495991b7852b855	bea46ab4cf4adbeda551b0c6acc48c6474aa0a07a2c563bba580618b66d2c36b	true	true	true	true	true	false	true
448	23	MASKED_TARGET	4	13	15	U07-0000000109_S08-0000000175	C0Rect2Set	DESCENDANT_PROBE_PASS	0	16709	5915d28d661a8d1c2ad6eece499a410e05f5c9261eac5371359c835f4ec5fa17	0d7c11a76882403ac51c0398d6ce951228f424c7ddfd7f9699f3a6fb115fd9c9	7e981b46e52cffd7a4b43e9491e76ecb0904d04cad34b408e9ac5655c7d1696d	17598cb5ab92356fe70bdbce535f5b2e7276ca34b254ebb9b4f355bcbd149500	e3b0c44298fc1c149afbf4c8996fb92427ae41e4649b934ca495991b7852b855	bea46ab4cf4adbeda551b0c6acc48c6474aa0a07a2c563bba580618b66d2c36b	true	true	true	true	true	false	true
449	23	MASKED_TARGET	4	14	0	U07-0000000110_S08-0000000160	C0HORect2Set	DESCENDANT_PROBE_REJECTED	0	17399	c665c7bcf94fca9856509027c656a16ad57479f2d7d8ce8f72d976b6827cda41	4a62d0f632601dce98a3a7aac7a2126e54f0c3cb38ab599942f272db36f81f20	cd192e0c33fd0478f16f00ffbe0aad1bc8ff1777d63f579494f6bf0da76e7d6b	ad23c4e336a81cdd463105c769fc8281743ad04f93cb5d774b6746da61bac953	e3b0c44298fc1c149afbf4c8996fb92427ae41e4649b934ca495991b7852b855	225cdb9d16e19f2a333fa1b0f8255f2a2b10d8f79f67a7d0c944d7d9076ec2e3	true	true	true	false	false	false	false
450	23	MASKED_TARGET	4	14	0	U07-0000000110_S08-0000000160	C0Rect2Set	DESCENDANT_PROBE_REJECTED	0	16727	c665c7bcf94fca9856509027c656a16ad57479f2d7d8ce8f72d976b6827cda41	4a62d0f632601dce98a3a7aac7a2126e54f0c3cb38ab599942f272db36f81f20	521ec6328acc81543ee5a87228166704895ae63a2d532dd0bf4afb37baf394e4	22a8c242351d851fb38298f84b976816082df38d133af7677b8bbc5fa4820fe2	e3b0c44298fc1c149afbf4c8996fb92427ae41e4649b934ca495991b7852b855	225cdb9d16e19f2a333fa1b0f8255f2a2b10d8f79f67a7d0c944d7d9076ec2e3	true	true	true	false	false	false	false
451	23	MASKED_TARGET	4	14	1	U07-0000000110_S08-0000000161	C0HORect2Set	DESCENDANT_PROBE_REJECTED	0	17483	61fabed3bd26a756b2b82409cc424d42aa24a917acbe1e66cadb4443b9763a23	6616f22c285e4c51970033b05de2f93342426ec3f1af18502d1391fb3ba2c40b	15ea5f2c669955f3a59beb93e9cbd841e1cc2140b9a936264645da44afdc1b95	3e60c566fc29b160be7077431c85cc28cdecb2bad2dcbcb0ac522603c2197f8e	e3b0c44298fc1c149afbf4c8996fb92427ae41e4649b934ca495991b7852b855	225cdb9d16e19f2a333fa1b0f8255f2a2b10d8f79f67a7d0c944d7d9076ec2e3	true	true	true	false	false	false	false
452	23	MASKED_TARGET	4	14	1	U07-0000000110_S08-0000000161	C0Rect2Set	DESCENDANT_PROBE_REJECTED	0	16730	61fabed3bd26a756b2b82409cc424d42aa24a917acbe1e66cadb4443b9763a23	6616f22c285e4c51970033b05de2f93342426ec3f1af18502d1391fb3ba2c40b	45f262f0c0c9f268697068e3f442ee0e4f163db9c1996a21a6b3acdcd62a3c16	efcce74e111b1b234c6c53edb9cc8d132b2e941ff834410dc56d8f764f4c83cf	e3b0c44298fc1c149afbf4c8996fb92427ae41e4649b934ca495991b7852b855	225cdb9d16e19f2a333fa1b0f8255f2a2b10d8f79f67a7d0c944d7d9076ec2e3	true	true	true	false	false	false	false
453	23	MASKED_TARGET	4	14	2	U07-0000000110_S08-0000000162	C0HORect2Set	DESCENDANT_PROBE_REJECTED	0	17421	46c3457c3cbcd3c3863e634fb12f6dfd79631c2a447bf168435f10163acdf111	8b69e734c987ef3017d1066f7580002847dfc1d25b3e75bd94f5415bc4a9677c	5cc2f5d549cac613946299a629df7730550ad6ff2cc009a4f3fa3c745b81dd07	c28c367b9524bffddf773b261f7c7cfc5c4b3ab98e99b2d05a108f8d8a0b6ac6	e3b0c44298fc1c149afbf4c8996fb92427ae41e4649b934ca495991b7852b855	225cdb9d16e19f2a333fa1b0f8255f2a2b10d8f79f67a7d0c944d7d9076ec2e3	true	true	true	false	false	false	false
454	23	MASKED_TARGET	4	14	2	U07-0000000110_S08-0000000162	C0Rect2Set	DESCENDANT_PROBE_REJECTED	0	16756	46c3457c3cbcd3c3863e634fb12f6dfd79631c2a447bf168435f10163acdf111	8b69e734c987ef3017d1066f7580002847dfc1d25b3e75bd94f5415bc4a9677c	2c9cdc43fabd9d8e64efb62095cecd09eeb8c0b00d5cc00c12bd08a8bd5b273e	316fcb86b393e36bf97e5048838017423fb141e8e905e86b98203ba2402ef90c	e3b0c44298fc1c149afbf4c8996fb92427ae41e4649b934ca495991b7852b855	225cdb9d16e19f2a333fa1b0f8255f2a2b10d8f79f67a7d0c944d7d9076ec2e3	true	true	true	false	false	false	false
455	23	MASKED_TARGET	4	14	3	U07-0000000110_S08-0000000163	C0HORect2Set	DESCENDANT_PROBE_PASS	0	17431	6d98e17f32e56b0cd0f027b80af4bceafadd156c2442a598d53f35dbe51db759	9d9c123b7c0a1eaa1c387a6d7d42cd5d53cdf129dbbe72d6c0a3ce344cebe5d8	b1b608b8a245e6dc9047e22ec452598e770db7d9b21715c44f0dcd793ef489d1	59840dd8774b1261e86846343d489d27b422cc8c3fe4bf3d95f38148ad223b18	e3b0c44298fc1c149afbf4c8996fb92427ae41e4649b934ca495991b7852b855	bea46ab4cf4adbeda551b0c6acc48c6474aa0a07a2c563bba580618b66d2c36b	true	true	true	true	true	false	true
456	23	MASKED_TARGET	4	14	3	U07-0000000110_S08-0000000163	C0Rect2Set	DESCENDANT_PROBE_PASS	0	16767	6d98e17f32e56b0cd0f027b80af4bceafadd156c2442a598d53f35dbe51db759	9d9c123b7c0a1eaa1c387a6d7d42cd5d53cdf129dbbe72d6c0a3ce344cebe5d8	d0ac0d0b6a897e6e69c0a2ef57aff6bf894567f3daf6244c4312ea12b0255df2	0cdbc37706ec3727e81b8817b230f28db53da95c21e40591ce3707f31ff2232f	e3b0c44298fc1c149afbf4c8996fb92427ae41e4649b934ca495991b7852b855	bea46ab4cf4adbeda551b0c6acc48c6474aa0a07a2c563bba580618b66d2c36b	true	true	true	true	true	false	true
457	23	MASKED_TARGET	4	14	4	U07-0000000110_S08-0000000164	C0HORect2Set	DESCENDANT_PROBE_PASS	0	17384	1990397ec1483f668f5ee926b4ee4b80d5b1c3572247aba6061d9720ff33d8b2	4f173c3984c91525e1b0b3939454ca18e74f5775062864d254c34175f304a30a	c6e56980b7c127d4e87454ff5eb70a19dece5b9a8b0e96ebc1a376fdaac460fd	90c58c7fa6cc850dcb318b3a97f9b281ac8e011a974832ff01bc7e26f432557c	e3b0c44298fc1c149afbf4c8996fb92427ae41e4649b934ca495991b7852b855	bea46ab4cf4adbeda551b0c6acc48c6474aa0a07a2c563bba580618b66d2c36b	true	true	true	true	true	false	true
458	23	MASKED_TARGET	4	14	4	U07-0000000110_S08-0000000164	C0Rect2Set	DESCENDANT_PROBE_PASS	0	16707	1990397ec1483f668f5ee926b4ee4b80d5b1c3572247aba6061d9720ff33d8b2	4f173c3984c91525e1b0b3939454ca18e74f5775062864d254c34175f304a30a	2d0b818d4268e4f1119b1a25c6a388f924df92bb1e60a51ce09949c40465553d	f802672bfdeb6c2d93ff61a0cb7d013be907b5102132299dc4199a82fa3285ff	e3b0c44298fc1c149afbf4c8996fb92427ae41e4649b934ca495991b7852b855	bea46ab4cf4adbeda551b0c6acc48c6474aa0a07a2c563bba580618b66d2c36b	true	true	true	true	true	false	true
459	23	MASKED_TARGET	4	14	5	U07-0000000110_S08-0000000165	C0HORect2Set	DESCENDANT_PROBE_PASS	0	17460	10463aaa545ed5fc73fac1dd0293aa8d3391f6c203bad4a02271cc467203d877	e8cbcd947fc18d729a586cc090447db72890c72a05526fc630f067c63ac90455	823741023cfbd7e6a26a05c0a2d0ae89a97ac79dc471562509c1eb1625bf4446	8c691706f68b5e5dbfb02fbaa1897025760017e75f7096d53a7755bf2c6d7992	e3b0c44298fc1c149afbf4c8996fb92427ae41e4649b934ca495991b7852b855	bea46ab4cf4adbeda551b0c6acc48c6474aa0a07a2c563bba580618b66d2c36b	true	true	true	true	true	false	true
460	23	MASKED_TARGET	4	14	5	U07-0000000110_S08-0000000165	C0Rect2Set	DESCENDANT_PROBE_PASS	0	16721	10463aaa545ed5fc73fac1dd0293aa8d3391f6c203bad4a02271cc467203d877	e8cbcd947fc18d729a586cc090447db72890c72a05526fc630f067c63ac90455	52753c8decb8836ba8b47850d60184aadabbda6e9c0f05de9133ac2f1dca045b	5ab7938751dbf49ebb6ea6516273e173250a191f644e2b6e5509af4fa49f6c83	e3b0c44298fc1c149afbf4c8996fb92427ae41e4649b934ca495991b7852b855	bea46ab4cf4adbeda551b0c6acc48c6474aa0a07a2c563bba580618b66d2c36b	true	true	true	true	true	false	true
461	23	MASKED_TARGET	4	14	6	U07-0000000110_S08-0000000166	C0HORect2Set	DESCENDANT_PROBE_PASS	0	17504	e1d903679e6c0205ac830702bc28d67f773450827d34b3263e01e4584d14802c	de1bb8459bca891dbfe8cf2c2d74dd44f01b8cdc11a313eb697ab09de190638d	e6c8a3dbb0a7022269a4eab78dac565f1f52784685a0dec641ee05476bf053be	277e4ceb786881db2ddae6fa55ac71e478b123b992339d7f5242176620581e80	e3b0c44298fc1c149afbf4c8996fb92427ae41e4649b934ca495991b7852b855	bea46ab4cf4adbeda551b0c6acc48c6474aa0a07a2c563bba580618b66d2c36b	true	true	true	true	true	false	true
462	23	MASKED_TARGET	4	14	6	U07-0000000110_S08-0000000166	C0Rect2Set	DESCENDANT_PROBE_PASS	0	16746	e1d903679e6c0205ac830702bc28d67f773450827d34b3263e01e4584d14802c	de1bb8459bca891dbfe8cf2c2d74dd44f01b8cdc11a313eb697ab09de190638d	2ba5d1ea08518f3e710b03b5ea3305059f62e8c959b7037d5b26b319914d8c2d	dbf6fe0b0d059bb2913daed525621d907b842ee9dfa8e8e1a347b1da019b18ea	e3b0c44298fc1c149afbf4c8996fb92427ae41e4649b934ca495991b7852b855	bea46ab4cf4adbeda551b0c6acc48c6474aa0a07a2c563bba580618b66d2c36b	true	true	true	true	true	false	true
463	23	MASKED_TARGET	4	14	7	U07-0000000110_S08-0000000167	C0HORect2Set	DESCENDANT_PROBE_PASS	0	17418	18ae4792bd7704d96cb7ee49f6176acb4a00f825180c2a550c2be986eff2e6bf	9494127fbce262b057214689d145c15729d72cb7e46bef46bcfcde4ffa49cbb6	487221dbeb610320684a7402eaa90bdbc32d1ae8a4b9fef9315d6b9d45efea9d	7c097305fa982a639469474c732a670c1d3882c8b3eccc3aad1c4312720bc63b	e3b0c44298fc1c149afbf4c8996fb92427ae41e4649b934ca495991b7852b855	bea46ab4cf4adbeda551b0c6acc48c6474aa0a07a2c563bba580618b66d2c36b	true	true	true	true	true	false	true
464	23	MASKED_TARGET	4	14	7	U07-0000000110_S08-0000000167	C0Rect2Set	DESCENDANT_PROBE_PASS	0	16713	18ae4792bd7704d96cb7ee49f6176acb4a00f825180c2a550c2be986eff2e6bf	9494127fbce262b057214689d145c15729d72cb7e46bef46bcfcde4ffa49cbb6	bb6ab97606bfb2fbe39681b082561c5b145ef5d66d8d4a73660203f663c250ae	67db5e3f6bc768972818608964ea9b834597ca39f8f01a0e188964d5b13a302a	e3b0c44298fc1c149afbf4c8996fb92427ae41e4649b934ca495991b7852b855	bea46ab4cf4adbeda551b0c6acc48c6474aa0a07a2c563bba580618b66d2c36b	true	true	true	true	true	false	true
465	23	MASKED_TARGET	4	14	8	U07-0000000110_S08-0000000168	C0HORect2Set	DESCENDANT_PROBE_PASS	0	17444	17e2c0419bc2b99536eac5578d577bebb8e489fb38730c6f77a20001ac0e6bae	d0887d81f0686ed8c42c3b41718098b16f88e54eb052b107144d6a096ed01837	90bbf133c480f687efd46fd5eef753a3e6a8fddafe889a39c107a5bdac86969d	c960a494540671e8d7ffd151f19977838eff97fea95cca61a4b88c6076e989d9	e3b0c44298fc1c149afbf4c8996fb92427ae41e4649b934ca495991b7852b855	bea46ab4cf4adbeda551b0c6acc48c6474aa0a07a2c563bba580618b66d2c36b	true	true	true	true	true	false	true
466	23	MASKED_TARGET	4	14	8	U07-0000000110_S08-0000000168	C0Rect2Set	DESCENDANT_PROBE_PASS	0	16706	17e2c0419bc2b99536eac5578d577bebb8e489fb38730c6f77a20001ac0e6bae	d0887d81f0686ed8c42c3b41718098b16f88e54eb052b107144d6a096ed01837	ff92068ce8a54231db6106542bee1710b7db26434a4e96e6dcba9cb4c66947c6	b8c2d5002ba31bd491a2e46f02a07ec7724089245b9f936e42db50092447718a	e3b0c44298fc1c149afbf4c8996fb92427ae41e4649b934ca495991b7852b855	bea46ab4cf4adbeda551b0c6acc48c6474aa0a07a2c563bba580618b66d2c36b	true	true	true	true	true	false	true
467	23	MASKED_TARGET	4	14	9	U07-0000000110_S08-0000000169	C0HORect2Set	DESCENDANT_PROBE_PASS	0	17475	62731f6cb106706d264d2b51934213dc0b5f352556afff26195f5e04bb5cad67	e756897d4fb1d5e82286483f1e1c9f229aa103a79b5f66728da6f73bbb2cf2de	4d06f2a7f961d2938bb51bae3b7b1ab956cd1ff5753f15c27d872826d28b7e21	686211e75d19c0d1ed6f79ef48ff9959796ba7a51bf9910a8a73fd4609cd18b7	e3b0c44298fc1c149afbf4c8996fb92427ae41e4649b934ca495991b7852b855	bea46ab4cf4adbeda551b0c6acc48c6474aa0a07a2c563bba580618b66d2c36b	true	true	true	true	true	false	true
468	23	MASKED_TARGET	4	14	9	U07-0000000110_S08-0000000169	C0Rect2Set	DESCENDANT_PROBE_PASS	0	16710	62731f6cb106706d264d2b51934213dc0b5f352556afff26195f5e04bb5cad67	e756897d4fb1d5e82286483f1e1c9f229aa103a79b5f66728da6f73bbb2cf2de	9754cc43dff0504f9fc6acc2fecad50382f560800a505b201fcc36864b0f77f5	ce194b3ced6e497e38fbf65721be64b0b5084e73f70dd82031569d217f9c47b4	e3b0c44298fc1c149afbf4c8996fb92427ae41e4649b934ca495991b7852b855	bea46ab4cf4adbeda551b0c6acc48c6474aa0a07a2c563bba580618b66d2c36b	true	true	true	true	true	false	true
469	23	MASKED_TARGET	4	14	10	U07-0000000110_S08-0000000170	C0HORect2Set	DESCENDANT_PROBE_PASS	0	17448	4f35520195b537d21d910d4cefb17810c3664f439bdeebdd51caee8f2f0cd050	8a5d6e149b319a26c017ae711f38586500cf32c34cf5086b7f2c0150845ef0ba	898ed435fe9b8e3c7be1d0a163b0a6ffa7a8768284497c5baaa1309adfaf6980	d65b1c3b1cdf96abb40bb1107d992ae8254866207d8e2d235a7c0b28032c84b0	e3b0c44298fc1c149afbf4c8996fb92427ae41e4649b934ca495991b7852b855	bea46ab4cf4adbeda551b0c6acc48c6474aa0a07a2c563bba580618b66d2c36b	true	true	true	true	true	false	true
470	23	MASKED_TARGET	4	14	10	U07-0000000110_S08-0000000170	C0Rect2Set	DESCENDANT_PROBE_PASS	0	16713	4f35520195b537d21d910d4cefb17810c3664f439bdeebdd51caee8f2f0cd050	8a5d6e149b319a26c017ae711f38586500cf32c34cf5086b7f2c0150845ef0ba	4d0561a3a05571fd8123a22a5f3cbe0220bf12068d9965d0d8461c8396120196	5fcbe3c7ec53ecd0781bac5381b3e53cc8a70028ca59e78e9c01ceebb3707337	e3b0c44298fc1c149afbf4c8996fb92427ae41e4649b934ca495991b7852b855	bea46ab4cf4adbeda551b0c6acc48c6474aa0a07a2c563bba580618b66d2c36b	true	true	true	true	true	false	true
471	23	MASKED_TARGET	4	14	11	U07-0000000110_S08-0000000171	C0HORect2Set	DESCENDANT_PROBE_PASS	0	17417	64741bceb6b864186f66a3f91eacdb363f111cdbb6b405a9ac5271c213f205db	d1f8589bba0e185c71422fc89c8b8ec7491d8c0b621afa99241ce611479cf3a3	91efe8a23ae6283beae3cddc19c8744d804a2d1e556c1f1fc6dba9a076f971f3	164730548c491c1aedf8c11c38862e66645747178e83d6e06ed2950700814710	e3b0c44298fc1c149afbf4c8996fb92427ae41e4649b934ca495991b7852b855	bea46ab4cf4adbeda551b0c6acc48c6474aa0a07a2c563bba580618b66d2c36b	true	true	true	true	true	false	true
472	23	MASKED_TARGET	4	14	11	U07-0000000110_S08-0000000171	C0Rect2Set	DESCENDANT_PROBE_PASS	0	16755	64741bceb6b864186f66a3f91eacdb363f111cdbb6b405a9ac5271c213f205db	d1f8589bba0e185c71422fc89c8b8ec7491d8c0b621afa99241ce611479cf3a3	afde4ebd5cbe386a7a4aa202ecd99706bb9c0521b72f36c8ad95d30020159bc4	03ba59e8f9ba47c836c88458d67d4983011ba8ec43406fee7577855db6ca1843	e3b0c44298fc1c149afbf4c8996fb92427ae41e4649b934ca495991b7852b855	bea46ab4cf4adbeda551b0c6acc48c6474aa0a07a2c563bba580618b66d2c36b	true	true	true	true	true	false	true
473	23	MASKED_TARGET	4	14	12	U07-0000000110_S08-0000000172	C0HORect2Set	DESCENDANT_PROBE_PASS	0	17447	f88b7062498e635aaf62696cc9b5ceb582e1a44314dbbac433e8c4ea63134a22	5dc33a718f65ac9301fefdfc6b784a1eb86b65de1fc10898cc5a4d0226bf3632	57f3e3e2c63628377af3fc282a886b2c478c1eb969091ad32097c105d9c01e97	feb794e3d7a0b494a44644b824e28c099f12ef5d36793677c3e50f4617dffdb9	e3b0c44298fc1c149afbf4c8996fb92427ae41e4649b934ca495991b7852b855	bea46ab4cf4adbeda551b0c6acc48c6474aa0a07a2c563bba580618b66d2c36b	true	true	true	true	true	false	true
474	23	MASKED_TARGET	4	14	12	U07-0000000110_S08-0000000172	C0Rect2Set	DESCENDANT_PROBE_PASS	0	16808	f88b7062498e635aaf62696cc9b5ceb582e1a44314dbbac433e8c4ea63134a22	5dc33a718f65ac9301fefdfc6b784a1eb86b65de1fc10898cc5a4d0226bf3632	89b1a4ebc9ba78732e9669629fdc89191ed14af9a462118244157624c7b85162	d20cd4ef58afd0c7d734be250c55ed6104e3edef9c4cc1cec95b8d21e50538d5	e3b0c44298fc1c149afbf4c8996fb92427ae41e4649b934ca495991b7852b855	bea46ab4cf4adbeda551b0c6acc48c6474aa0a07a2c563bba580618b66d2c36b	true	true	true	true	true	false	true
475	23	MASKED_TARGET	4	14	13	U07-0000000110_S08-0000000173	C0HORect2Set	DESCENDANT_PROBE_PASS	0	17459	47b62fec77825583f4161100dffa855242f9045f2f32c14959855e8240e130fa	82b37a09bfd6e9f24adb127d6969888c3e02b26ba629c7520eaabb61031c626c	8e35beebcc4e9d587bfec85e47844908a74de800f3684e905cff50af058b9b9f	88abc7484a4dbe5adcf368c8e6783535b4061266d184f5930dac29cea9e3b9f2	e3b0c44298fc1c149afbf4c8996fb92427ae41e4649b934ca495991b7852b855	bea46ab4cf4adbeda551b0c6acc48c6474aa0a07a2c563bba580618b66d2c36b	true	true	true	true	true	false	true
476	23	MASKED_TARGET	4	14	13	U07-0000000110_S08-0000000173	C0Rect2Set	DESCENDANT_PROBE_PASS	0	16760	47b62fec77825583f4161100dffa855242f9045f2f32c14959855e8240e130fa	82b37a09bfd6e9f24adb127d6969888c3e02b26ba629c7520eaabb61031c626c	fb29fd4505c98c9d3b209c13a3c1a725131a4468e76b10168d2a10c70e0a7043	085f21908357c3d8ac1bc405475fdade174bafdedde5f0934e8eaef060ada652	e3b0c44298fc1c149afbf4c8996fb92427ae41e4649b934ca495991b7852b855	bea46ab4cf4adbeda551b0c6acc48c6474aa0a07a2c563bba580618b66d2c36b	true	true	true	true	true	false	true
477	23	MASKED_TARGET	4	14	14	U07-0000000110_S08-0000000174	C0HORect2Set	DESCENDANT_PROBE_PASS	0	17877	2c4ca9e9b5a1ea24d5adcffc05a01b8310257fd1e2c69a038cbb280e5a4b8914	e918ab46197c1551ba509f90eb10c25ab71ca284c0fdc861dfe481d6c73c2e11	0741b04c4692d8a32ce4fefc325b5a88892939fbc839a82ec91de5066d0194d3	266dab6110b2cc8e3ecc260adaa337fed3425e1aa9a2c0aae395d0cbbf7fc591	e3b0c44298fc1c149afbf4c8996fb92427ae41e4649b934ca495991b7852b855	bea46ab4cf4adbeda551b0c6acc48c6474aa0a07a2c563bba580618b66d2c36b	true	true	true	true	true	false	true
478	23	MASKED_TARGET	4	14	14	U07-0000000110_S08-0000000174	C0Rect2Set	DESCENDANT_PROBE_PASS	0	16798	2c4ca9e9b5a1ea24d5adcffc05a01b8310257fd1e2c69a038cbb280e5a4b8914	e918ab46197c1551ba509f90eb10c25ab71ca284c0fdc861dfe481d6c73c2e11	bb5c00c7ac1c889507e7e1468fa91a7fd2039764144dcee458e6be49b80e6532	4455a7ec4bf734630e222240bd69c61e69f8e6ffbef9f4ecf3398e426af1d05d	e3b0c44298fc1c149afbf4c8996fb92427ae41e4649b934ca495991b7852b855	bea46ab4cf4adbeda551b0c6acc48c6474aa0a07a2c563bba580618b66d2c36b	true	true	true	true	true	false	true
479	23	MASKED_TARGET	4	14	15	U07-0000000110_S08-0000000175	C0HORect2Set	DESCENDANT_PROBE_PASS	0	17470	4473544b11776a52b89358dd609565c20478fb2b2c7b7a4ff6469e0d30f18ce9	7e9c6a52598d07d956f45831809b369b7fd19a2e2df2e27af3e339ba6bf62946	7a7a0781a39d39c3d4ef802db69d0bc53df0ef412ed8b1ac2b544fdd659bd351	98f910679f8876086e6e5404e64c58947a2f11570ec1a737b942c5685347e4fc	e3b0c44298fc1c149afbf4c8996fb92427ae41e4649b934ca495991b7852b855	bea46ab4cf4adbeda551b0c6acc48c6474aa0a07a2c563bba580618b66d2c36b	true	true	true	true	true	false	true
480	23	MASKED_TARGET	4	14	15	U07-0000000110_S08-0000000175	C0Rect2Set	DESCENDANT_PROBE_PASS	0	16708	4473544b11776a52b89358dd609565c20478fb2b2c7b7a4ff6469e0d30f18ce9	7e9c6a52598d07d956f45831809b369b7fd19a2e2df2e27af3e339ba6bf62946	f59c4930ae09cd3fb12a48c6a5d84b98b0bd881c646f578a77bb5fd48e4c588e	e403353ef21dfe9ee637dd2128978787b9306345850a607209824a9194cf00bc	e3b0c44298fc1c149afbf4c8996fb92427ae41e4649b934ca495991b7852b855	bea46ab4cf4adbeda551b0c6acc48c6474aa0a07a2c563bba580618b66d2c36b	true	true	true	true	true	false	true
481	23	MASKED_TARGET	4	15	0	U07-0000000111_S08-0000000160	C0HORect2Set	DESCENDANT_PROBE_REJECTED	0	17386	f99cd855157c8c6233c8db4ee10689bd0d7ab9220fd83a2ae04fb5bf0fb57655	96b33a9a39994922a254aa8884f1f61e7b3faf590039db8841f0231931e78c4d	a5ee6e9616c8d14985e28064e8bd7c63599057f452079f94d058246c302b1515	3dec003bf67217e96f7785886e4fca0fedf933a3ab77f26a9be4ca89add26ee7	e3b0c44298fc1c149afbf4c8996fb92427ae41e4649b934ca495991b7852b855	225cdb9d16e19f2a333fa1b0f8255f2a2b10d8f79f67a7d0c944d7d9076ec2e3	true	true	true	false	false	false	false
482	23	MASKED_TARGET	4	15	0	U07-0000000111_S08-0000000160	C0Rect2Set	DESCENDANT_PROBE_REJECTED	0	16744	f99cd855157c8c6233c8db4ee10689bd0d7ab9220fd83a2ae04fb5bf0fb57655	96b33a9a39994922a254aa8884f1f61e7b3faf590039db8841f0231931e78c4d	e915c7b3edace80cb66fe173d0f1147568bf37e9606925029350b277839f74c7	a2c66f53937af1106a85900246503fced18174509ca616a1338701117f562c6e	e3b0c44298fc1c149afbf4c8996fb92427ae41e4649b934ca495991b7852b855	225cdb9d16e19f2a333fa1b0f8255f2a2b10d8f79f67a7d0c944d7d9076ec2e3	true	true	true	false	false	false	false
483	23	MASKED_TARGET	4	15	1	U07-0000000111_S08-0000000161	C0HORect2Set	DESCENDANT_PROBE_REJECTED	0	17408	b12c6e337440ba4ce06fd057a1b92b3888ede206857f4e1a9682cc546b0f43c6	eda33f35dc60ee9c156d638b9e461510f0b0610a0f1874458e841e349c656a8b	9a1da76e550291521ef7f21ac17d89b6664cd53f9aa5a3a1631ff71f9d067013	24e99e536e44d58ee4156eb8cae142da8e06c113e1ecf0c6139c180b329bc790	e3b0c44298fc1c149afbf4c8996fb92427ae41e4649b934ca495991b7852b855	225cdb9d16e19f2a333fa1b0f8255f2a2b10d8f79f67a7d0c944d7d9076ec2e3	true	true	true	false	false	false	false
484	23	MASKED_TARGET	4	15	1	U07-0000000111_S08-0000000161	C0Rect2Set	DESCENDANT_PROBE_REJECTED	0	16701	b12c6e337440ba4ce06fd057a1b92b3888ede206857f4e1a9682cc546b0f43c6	eda33f35dc60ee9c156d638b9e461510f0b0610a0f1874458e841e349c656a8b	529197d0d92cc946914bcdbcb292b4ddafb82818cee757934804c24455d3868a	9c09cc7722602ae15aebd2ebdc39ef1744a8ddd8636a30e0ec3fe163ecf0cc7d	e3b0c44298fc1c149afbf4c8996fb92427ae41e4649b934ca495991b7852b855	225cdb9d16e19f2a333fa1b0f8255f2a2b10d8f79f67a7d0c944d7d9076ec2e3	true	true	true	false	false	false	false
485	23	MASKED_TARGET	4	15	2	U07-0000000111_S08-0000000162	C0HORect2Set	DESCENDANT_PROBE_REJECTED	0	17473	fc647e44b6ffce71d41125a6f40de6897c17a45fdfd3692c62d7c3deb7f5f070	2c6a4ac7be917959185513c225746bda0e1d5b298fe1cf168785b9e00f5cf6f4	c55588099fe3c478e068f1d5c3865c91e8da3f71397840705d2190a49ee028e9	fb529777476a887ebcf5e9f179892cb983e1f73c6a85ef42612cde0c3a50f9c7	e3b0c44298fc1c149afbf4c8996fb92427ae41e4649b934ca495991b7852b855	225cdb9d16e19f2a333fa1b0f8255f2a2b10d8f79f67a7d0c944d7d9076ec2e3	true	true	true	false	false	false	false
486	23	MASKED_TARGET	4	15	2	U07-0000000111_S08-0000000162	C0Rect2Set	DESCENDANT_PROBE_REJECTED	0	16769	fc647e44b6ffce71d41125a6f40de6897c17a45fdfd3692c62d7c3deb7f5f070	2c6a4ac7be917959185513c225746bda0e1d5b298fe1cf168785b9e00f5cf6f4	1329671f9da9b5e81a38fc225a4c00feaffdf0eb3214da64d315d40e133bbd61	6244f1567829251b202ab785253805f6d70c1abcbdc362223b61de10f14d7036	e3b0c44298fc1c149afbf4c8996fb92427ae41e4649b934ca495991b7852b855	225cdb9d16e19f2a333fa1b0f8255f2a2b10d8f79f67a7d0c944d7d9076ec2e3	true	true	true	false	false	false	false
487	23	MASKED_TARGET	4	15	3	U07-0000000111_S08-0000000163	C0HORect2Set	DESCENDANT_PROBE_PASS	0	17441	379c2a42f1ca3c6b4479d771a3e86a9456959df63c286f330f019f120c719d66	fbc9563e4d356272d5eee8c2e941039b504d41d91ff7b64ded4efb0425521aed	180c5ca66efd2b042d332f9ef78bab55e9072b4430f62f228838724f916d1483	42b6a8800c51c9df99fd35be73855fb1cd48beb553948b03db30b9cf8075b346	e3b0c44298fc1c149afbf4c8996fb92427ae41e4649b934ca495991b7852b855	bea46ab4cf4adbeda551b0c6acc48c6474aa0a07a2c563bba580618b66d2c36b	true	true	true	true	true	false	true
488	23	MASKED_TARGET	4	15	3	U07-0000000111_S08-0000000163	C0Rect2Set	DESCENDANT_PROBE_PASS	0	16751	379c2a42f1ca3c6b4479d771a3e86a9456959df63c286f330f019f120c719d66	fbc9563e4d356272d5eee8c2e941039b504d41d91ff7b64ded4efb0425521aed	08b076e0311d06ead1673b58811da502c212cfb62f8700dde56b3804fc263470	704c8873ec1a275f6a8fa55d99846c0052d1e628705efc9fc762dd8af7125468	e3b0c44298fc1c149afbf4c8996fb92427ae41e4649b934ca495991b7852b855	bea46ab4cf4adbeda551b0c6acc48c6474aa0a07a2c563bba580618b66d2c36b	true	true	true	true	true	false	true
489	23	MASKED_TARGET	4	15	4	U07-0000000111_S08-0000000164	C0HORect2Set	DESCENDANT_PROBE_PASS	0	17440	06fe34a8680c7c5580decae367ef2e0e6c8894f6bba51c88c789b2880ab9ab5f	841fa32d5a0990d20bbe7088e2f1e6678783f7edd587c57d17c5817bd1d14ffc	96ee1a400c5ab2964924aef060a0adad0b0eee3aa773f033dd582c97c2844620	6aa80000f4ae17ebecd48e205e015fd3a51722aea3fda104544ad7d456605b3c	e3b0c44298fc1c149afbf4c8996fb92427ae41e4649b934ca495991b7852b855	bea46ab4cf4adbeda551b0c6acc48c6474aa0a07a2c563bba580618b66d2c36b	true	true	true	true	true	false	true
490	23	MASKED_TARGET	4	15	4	U07-0000000111_S08-0000000164	C0Rect2Set	DESCENDANT_PROBE_PASS	0	16747	06fe34a8680c7c5580decae367ef2e0e6c8894f6bba51c88c789b2880ab9ab5f	841fa32d5a0990d20bbe7088e2f1e6678783f7edd587c57d17c5817bd1d14ffc	0b970afe0680b73e86434e0537884d6d7c46171ca46d4131ac28b17cd272f168	50eb96134f0bae41ea6aeb7bad3275d42716472fcd63f7f4dbc5339d47923f0d	e3b0c44298fc1c149afbf4c8996fb92427ae41e4649b934ca495991b7852b855	bea46ab4cf4adbeda551b0c6acc48c6474aa0a07a2c563bba580618b66d2c36b	true	true	true	true	true	false	true
491	23	MASKED_TARGET	4	15	5	U07-0000000111_S08-0000000165	C0HORect2Set	DESCENDANT_PROBE_PASS	0	17484	132bebe3dc3879472968c2ca04384db54218058f99f05636230e14c8654d3d4a	45ea4123f5709f6232f062f6928cf24ae20da409c6c1d604f5e65e0587263544	69181f3ef9518242101505f76ac90b5544bcc05245ab1aa65e5e76d2d57c27a8	939f8a2bac863bdfcae189e86c42eca26da72969b985f1f0ccf50e4368793528	e3b0c44298fc1c149afbf4c8996fb92427ae41e4649b934ca495991b7852b855	bea46ab4cf4adbeda551b0c6acc48c6474aa0a07a2c563bba580618b66d2c36b	true	true	true	true	true	false	true
492	23	MASKED_TARGET	4	15	5	U07-0000000111_S08-0000000165	C0Rect2Set	DESCENDANT_PROBE_PASS	0	16697	132bebe3dc3879472968c2ca04384db54218058f99f05636230e14c8654d3d4a	45ea4123f5709f6232f062f6928cf24ae20da409c6c1d604f5e65e0587263544	38c9813daf654a518aa3da0e1289a058ee851d6fb4785b9ba925f88c6cdf3c26	1502db7eabe7eba2a19d333082e4b67f8e2f9558878ac058a7bf93a9b6d5e1c6	e3b0c44298fc1c149afbf4c8996fb92427ae41e4649b934ca495991b7852b855	bea46ab4cf4adbeda551b0c6acc48c6474aa0a07a2c563bba580618b66d2c36b	true	true	true	true	true	false	true
493	23	MASKED_TARGET	4	15	6	U07-0000000111_S08-0000000166	C0HORect2Set	DESCENDANT_PROBE_PASS	0	17478	b6f4e399a56a977c26b677b763b555d7ef865e767d1291e0bc0b785220a4bd49	4045b9def7d7071565b3f02c46df997dac9ab9d8ea60bcbe0ab0a359c77e0b1c	09698a2750d25a49cafb46fe4270fc1a5f4399f49f1922b4c9abbef75ffd2118	05647178e28ef6791e0eef92e5af8bd3629957235ec6ca1a15fd9214208c726f	e3b0c44298fc1c149afbf4c8996fb92427ae41e4649b934ca495991b7852b855	bea46ab4cf4adbeda551b0c6acc48c6474aa0a07a2c563bba580618b66d2c36b	true	true	true	true	true	false	true
494	23	MASKED_TARGET	4	15	6	U07-0000000111_S08-0000000166	C0Rect2Set	DESCENDANT_PROBE_PASS	0	16676	b6f4e399a56a977c26b677b763b555d7ef865e767d1291e0bc0b785220a4bd49	4045b9def7d7071565b3f02c46df997dac9ab9d8ea60bcbe0ab0a359c77e0b1c	92ef956e6a3fb08e7ee47fd72af90540bb65439506ee03011f16cc17be3ecf9d	3125ad83df98e06ebc55af1a7eebd9f05681536f04bd1d7b0efa85b584af83af	e3b0c44298fc1c149afbf4c8996fb92427ae41e4649b934ca495991b7852b855	bea46ab4cf4adbeda551b0c6acc48c6474aa0a07a2c563bba580618b66d2c36b	true	true	true	true	true	false	true
495	23	MASKED_TARGET	4	15	7	U07-0000000111_S08-0000000167	C0HORect2Set	DESCENDANT_PROBE_PASS	0	17461	2be9b909124b698cca2f18ceef4a1fb0972a40375e5f728e0b7b2751a6129377	6d7d8ed1cf81fc032b55f4c7d2774a8da47b5cbb424dd5cf6a77576894d9962f	e66823ac812759bc1c158de0189c64a1be7d1f9d97db9a67e81e9cd00f4d09ea	5b47c749f3c74cc3d7bc886839d9947f93b64ab0a996bc178951bc915662be2b	e3b0c44298fc1c149afbf4c8996fb92427ae41e4649b934ca495991b7852b855	bea46ab4cf4adbeda551b0c6acc48c6474aa0a07a2c563bba580618b66d2c36b	true	true	true	true	true	false	true
496	23	MASKED_TARGET	4	15	7	U07-0000000111_S08-0000000167	C0Rect2Set	DESCENDANT_PROBE_PASS	0	16685	2be9b909124b698cca2f18ceef4a1fb0972a40375e5f728e0b7b2751a6129377	6d7d8ed1cf81fc032b55f4c7d2774a8da47b5cbb424dd5cf6a77576894d9962f	0277b690a8e010a9335fde7834a000f3e0eb07771ec8f0e13303d23d6949fc2b	406b8c3744b15801cb146a4d0f05fa77ccc54d553c11bb8ca4e4c2c8f8773d58	e3b0c44298fc1c149afbf4c8996fb92427ae41e4649b934ca495991b7852b855	bea46ab4cf4adbeda551b0c6acc48c6474aa0a07a2c563bba580618b66d2c36b	true	true	true	true	true	false	true
497	23	MASKED_TARGET	4	15	8	U07-0000000111_S08-0000000168	C0HORect2Set	DESCENDANT_PROBE_PASS	0	17421	3cc8945b9a35d3e82df26d6fe89b9df0301dd753e39e5bfb5bfd7ec90d7c5b47	e45176747e1d0f5c9d8dcc6bf5f227652afe99c7de2aa7f9c1a06e44e7734728	e3db9880a8ad706a1744649642e4977987bcea3878a289b93e5485e108635dfb	eeb549797ffc5a1ad03cb2ed1d5bfc2304a692cce48c3984bc4d5de0d07e958a	e3b0c44298fc1c149afbf4c8996fb92427ae41e4649b934ca495991b7852b855	bea46ab4cf4adbeda551b0c6acc48c6474aa0a07a2c563bba580618b66d2c36b	true	true	true	true	true	false	true
498	23	MASKED_TARGET	4	15	8	U07-0000000111_S08-0000000168	C0Rect2Set	DESCENDANT_PROBE_PASS	0	16720	3cc8945b9a35d3e82df26d6fe89b9df0301dd753e39e5bfb5bfd7ec90d7c5b47	e45176747e1d0f5c9d8dcc6bf5f227652afe99c7de2aa7f9c1a06e44e7734728	7a9fe4c6caf1b1078ebbb9d6d8c2fdad59140c77fbbc67163a4f2358774232ea	a7342a7268a1efe07c00784045b846dd13d9728001aadf8b527596470c4ae1c3	e3b0c44298fc1c149afbf4c8996fb92427ae41e4649b934ca495991b7852b855	bea46ab4cf4adbeda551b0c6acc48c6474aa0a07a2c563bba580618b66d2c36b	true	true	true	true	true	false	true
499	23	MASKED_TARGET	4	15	9	U07-0000000111_S08-0000000169	C0HORect2Set	DESCENDANT_PROBE_PASS	0	17445	49af4db625b356b569df465d0919f7825d3e4666a052ef6ba0c3177b1ba061cb	cfa0c26131e13522ef075a23a4ac83c8f425189697cd9d58d0563f8f470fa8a8	7602ca9b60814774b2bf08855540180fe95581df36922c40c31c777e498c156f	1bd9ab4a09e78fb7f984d1fa8901d5a8baf69228eb05b7f80c23524b81c8df82	e3b0c44298fc1c149afbf4c8996fb92427ae41e4649b934ca495991b7852b855	bea46ab4cf4adbeda551b0c6acc48c6474aa0a07a2c563bba580618b66d2c36b	true	true	true	true	true	false	true
500	23	MASKED_TARGET	4	15	9	U07-0000000111_S08-0000000169	C0Rect2Set	DESCENDANT_PROBE_PASS	0	16709	49af4db625b356b569df465d0919f7825d3e4666a052ef6ba0c3177b1ba061cb	cfa0c26131e13522ef075a23a4ac83c8f425189697cd9d58d0563f8f470fa8a8	396ed7fef512e3f228d2267be722a5ae0f8d559a2699789e7cf0af37e9e8633c	5a9c954c0ac72e14bb72051158b8fb0f3b69d79a8103fbc5fda549fe6fe8013b	e3b0c44298fc1c149afbf4c8996fb92427ae41e4649b934ca495991b7852b855	bea46ab4cf4adbeda551b0c6acc48c6474aa0a07a2c563bba580618b66d2c36b	true	true	true	true	true	false	true
501	23	MASKED_TARGET	4	15	10	U07-0000000111_S08-0000000170	C0HORect2Set	DESCENDANT_PROBE_PASS	0	17409	403a3e42fc036c1c9d85e196371a368c9706a9591ccd6f76a756515fc9394585	21b38de5591da88504b6a0737c8ab5519477f936b63b25359f45ccaf54e5fa94	ff717e6414d27030ffd7b2ccb91e8439e47c9936086af75a7c835f3ec2d59201	4c236ff9e09484a0b70fe78c22a8db7cf621ca633c68c98b671f01a899ed4f23	e3b0c44298fc1c149afbf4c8996fb92427ae41e4649b934ca495991b7852b855	bea46ab4cf4adbeda551b0c6acc48c6474aa0a07a2c563bba580618b66d2c36b	true	true	true	true	true	false	true
502	23	MASKED_TARGET	4	15	10	U07-0000000111_S08-0000000170	C0Rect2Set	DESCENDANT_PROBE_PASS	0	16783	403a3e42fc036c1c9d85e196371a368c9706a9591ccd6f76a756515fc9394585	21b38de5591da88504b6a0737c8ab5519477f936b63b25359f45ccaf54e5fa94	23033a2b6f8b055d2d2825e8f5889648748c730fcdd6ae2244cb29cdd9d37077	b402b6a538dd1a041e77b2fd848e19f3207c23e40ea5d44f2c6f312fdf5e686f	e3b0c44298fc1c149afbf4c8996fb92427ae41e4649b934ca495991b7852b855	bea46ab4cf4adbeda551b0c6acc48c6474aa0a07a2c563bba580618b66d2c36b	true	true	true	true	true	false	true
503	23	MASKED_TARGET	4	15	11	U07-0000000111_S08-0000000171	C0HORect2Set	DESCENDANT_PROBE_PASS	0	17545	9bba1ffc4b2ced104e2080ebe06c568d2c86bc221d013273aa5bea9ee4f49e2e	ea4db2953be1e181f56eebcf76e1d1b45c816edb81c7aac9a1046357cae3e6df	be0b82b7588f7bf645e4f430f252af16ab8650ff6b085945cb5958c05f29a027	b119ab73098020e22c01962396b9b95001d87bc6fd8d4b93bd19d4f26e98d86c	e3b0c44298fc1c149afbf4c8996fb92427ae41e4649b934ca495991b7852b855	bea46ab4cf4adbeda551b0c6acc48c6474aa0a07a2c563bba580618b66d2c36b	true	true	true	true	true	false	true
504	23	MASKED_TARGET	4	15	11	U07-0000000111_S08-0000000171	C0Rect2Set	DESCENDANT_PROBE_PASS	0	16691	9bba1ffc4b2ced104e2080ebe06c568d2c86bc221d013273aa5bea9ee4f49e2e	ea4db2953be1e181f56eebcf76e1d1b45c816edb81c7aac9a1046357cae3e6df	76e281066933b1234be4f5627eabd1a4f25a66c85f51a4a735ef6ee78cd7034b	dcc123c87db2d03a27a75467e864c04bd87be5511694d5015db53d80e3508c58	e3b0c44298fc1c149afbf4c8996fb92427ae41e4649b934ca495991b7852b855	bea46ab4cf4adbeda551b0c6acc48c6474aa0a07a2c563bba580618b66d2c36b	true	true	true	true	true	false	true
505	23	MASKED_TARGET	4	15	12	U07-0000000111_S08-0000000172	C0HORect2Set	DESCENDANT_PROBE_PASS	0	17527	60478ffe8e67aefb21ccf16052ca9e61944d25a2e20d5dfc924772a5a99d92f9	b7d9c05775f0b4e9175355769737af48d472c51310b625d3769b163113bf45d7	1341e744e654cc87996c7e70f6bfe9a4c4a739e3a4ece1fcf57eee1c9c9f10d1	9d3c12c33973ecbea5c2e1ba4a971714b66611d1d72f4e2d54fd29aa7c6a2f70	e3b0c44298fc1c149afbf4c8996fb92427ae41e4649b934ca495991b7852b855	bea46ab4cf4adbeda551b0c6acc48c6474aa0a07a2c563bba580618b66d2c36b	true	true	true	true	true	false	true
506	23	MASKED_TARGET	4	15	12	U07-0000000111_S08-0000000172	C0Rect2Set	DESCENDANT_PROBE_PASS	0	16777	60478ffe8e67aefb21ccf16052ca9e61944d25a2e20d5dfc924772a5a99d92f9	b7d9c05775f0b4e9175355769737af48d472c51310b625d3769b163113bf45d7	9e1919ec0ec03e640d823969f9b171363bee533361436d64c473c038fa8418a1	1907d86c55ed388bb086b87e6b12fc626c7a88a5324acd58acb0f822b84d11a7	e3b0c44298fc1c149afbf4c8996fb92427ae41e4649b934ca495991b7852b855	bea46ab4cf4adbeda551b0c6acc48c6474aa0a07a2c563bba580618b66d2c36b	true	true	true	true	true	false	true
507	23	MASKED_TARGET	4	15	13	U07-0000000111_S08-0000000173	C0HORect2Set	DESCENDANT_PROBE_PASS	0	17480	dd2a4cd0d32a7838fe742bfb7e9203444ee547e533c59c9ccc2d53a8ea067162	325ada53915f98a221f07e2a96bf219494d290120d5323c44097f4d5780c91f1	0212c55e1c832d00c0fb8d4d7353ff23ce2fdea58d4d10bf28ea7e84ca6b1c6d	8c23a363031d44e21b27fd540c64f08d63947d8bb873cb85de3e0a2b75e0c1fd	e3b0c44298fc1c149afbf4c8996fb92427ae41e4649b934ca495991b7852b855	bea46ab4cf4adbeda551b0c6acc48c6474aa0a07a2c563bba580618b66d2c36b	true	true	true	true	true	false	true
508	23	MASKED_TARGET	4	15	13	U07-0000000111_S08-0000000173	C0Rect2Set	DESCENDANT_PROBE_PASS	0	16700	dd2a4cd0d32a7838fe742bfb7e9203444ee547e533c59c9ccc2d53a8ea067162	325ada53915f98a221f07e2a96bf219494d290120d5323c44097f4d5780c91f1	7dee9ddf2399e94d13d57d583906f7f81a1a32a6c10aa7c5560c3d816a98f031	7f0765208f4913913eeef3756d502eb2c854300bd1436a83697c386dd928b2dd	e3b0c44298fc1c149afbf4c8996fb92427ae41e4649b934ca495991b7852b855	bea46ab4cf4adbeda551b0c6acc48c6474aa0a07a2c563bba580618b66d2c36b	true	true	true	true	true	false	true
509	23	MASKED_TARGET	4	15	14	U07-0000000111_S08-0000000174	C0HORect2Set	DESCENDANT_PROBE_PASS	0	17441	733b22ee6dae9b5dbfe998cbd6e67be9c9880ebd3a8fa0e7c8039ee7d434e50b	2e53119b99b2681cb0cc3d91e246e56b7ddaf47e6039dcdcba451c2266ea34fd	d8819f4265f43df6adc1ff917e457aae790d008a15d9a66abfe62d548b8d6de5	2b6a2f157309cb7aa0526c131c32d8a7042280a015a134898c29941061704b5b	e3b0c44298fc1c149afbf4c8996fb92427ae41e4649b934ca495991b7852b855	bea46ab4cf4adbeda551b0c6acc48c6474aa0a07a2c563bba580618b66d2c36b	true	true	true	true	true	false	true
510	23	MASKED_TARGET	4	15	14	U07-0000000111_S08-0000000174	C0Rect2Set	DESCENDANT_PROBE_PASS	0	16710	733b22ee6dae9b5dbfe998cbd6e67be9c9880ebd3a8fa0e7c8039ee7d434e50b	2e53119b99b2681cb0cc3d91e246e56b7ddaf47e6039dcdcba451c2266ea34fd	f3fcab340dbf2e37316afd58067137e57db3cb6431973d052bd91c1b8bdd3cde	0566ef5f32888f03fe0d196a1e4acc229db1f707c101c73979e39d50b3859386	e3b0c44298fc1c149afbf4c8996fb92427ae41e4649b934ca495991b7852b855	bea46ab4cf4adbeda551b0c6acc48c6474aa0a07a2c563bba580618b66d2c36b	true	true	true	true	true	false	true
511	23	MASKED_TARGET	4	15	15	U07-0000000111_S08-0000000175	C0HORect2Set	DESCENDANT_PROBE_PASS	0	17426	aee182a7ea0f2ccb4056eb677c4c03f29ccbfc91842bfcb46f68068cbc2d8c66	215b519b4d10b5033348bad00145b4ed094c18e298de398dc9929e5fcbda0630	3c4c505a8d567b034c04301731510a97d17fc9d8e831e6f1784f655e3e41a948	c48ae7ab3b744f96e77d2251f9dbcf451611fbcbea07a8751b9ff19ee05d228b	e3b0c44298fc1c149afbf4c8996fb92427ae41e4649b934ca495991b7852b855	bea46ab4cf4adbeda551b0c6acc48c6474aa0a07a2c563bba580618b66d2c36b	true	true	true	true	true	false	true
512	23	MASKED_TARGET	4	15	15	U07-0000000111_S08-0000000175	C0Rect2Set	DESCENDANT_PROBE_PASS	0	17188	aee182a7ea0f2ccb4056eb677c4c03f29ccbfc91842bfcb46f68068cbc2d8c66	215b519b4d10b5033348bad00145b4ed094c18e298de398dc9929e5fcbda0630	31a5704591a25680541bf2de9982e1be63b28f543cb82a75a4d18b01f91e1151	7e2f12498f65775dd699d10a6802bd508f4f14bd6888ded18ac03c1fe32ababe	e3b0c44298fc1c149afbf4c8996fb92427ae41e4649b934ca495991b7852b855	bea46ab4cf4adbeda551b0c6acc48c6474aa0a07a2c563bba580618b66d2c36b	true	true	true	true	true	false	true
