═══════════════════════════════════════════════════════════════
  Brain O-SSM ABIDE Cross-Site CV
═══════════════════════════════════════════════════════════════
  Manifest: abide_roi_manifest.tsv
  Subjects: 100
  (ASD=50
 Control=50
)
  Sites: 3
 grouped holdouts
  Split: leave-one-site-out cross-validation

  Model    Seed    Accuracy summary
  ───────  ──────  ───────────────────────────────────────────
  Seed schedule: 20 fixed seeds
PRED	O-SSM	55555
	PITT	1
	0.340809	0
	1.300934
PRED	O-SSM	55555
	PITT	1
	0.016881	0
	2.660984
PRED	O-SSM	55555
	PITT	1
	0.401545	0
	1.196815
PRED	O-SSM	55555
	PITT	1
	0.255143	0
	1.465376
PRED	O-SSM	55555
	PITT	1
	0.337136	0
	1.307482
PRED	O-SSM	55555
	PITT	1
	0.401911	0
	1.196206
PRED	O-SSM	55555
	PITT	1
	0.860881	1
	0.309378
PRED	O-SSM	55555
	PITT	1
	0.658899	1
	0.774429
PRED	O-SSM	55555
	PITT	1
	0.214267	0
	1.556461
PRED	O-SSM	55555
	PITT	1
	0.600586	1
	0.874485
PRED	O-SSM	55555
	PITT	1
	0.532125	1
	0.986022
PRED	O-SSM	55555
	PITT	1
	0.733704	1
	0.632583
PRED	O-SSM	55555
	PITT	1
	0.885260	1
	0.221266
PRED	O-SSM	55555
	PITT	1
	0.456206	0
	1.107575
PRED	O-SSM	55555
	PITT	1
	0.206994	0
	1.573936
PRED	O-SSM	55555
	PITT	1
	0.357640	0
	1.271348
PRED	O-SSM	55555
	PITT	1
	0.131640	0
	1.790993
PRED	O-SSM	55555
	PITT	1
	0.447438	0
	1.121717
PRED	O-SSM	55555
	PITT	1
	0.533392	1
	0.983988
PRED	O-SSM	55555
	PITT	1
	0.855266	1
	0.327796
PRED	O-SSM	55555
	PITT	1
	0.233743	0
	1.511685
PRED	O-SSM	55555
	PITT	1
	0.524770	1
	0.997812
PRED	O-SSM	55555
	PITT	1
	0.188738	0
	1.619909
PRED	O-SSM	55555
	PITT	1
	0.649504	1
	0.791018
PRED	O-SSM	55555
	PITT	1
	0.841513	1
	0.370531
PRED	O-SSM	55555
	PITT	1
	0.483544	0
	1.063724
PRED	O-SSM	55555
	PITT	1
	0.760202	1
	0.576544
PRED	O-SSM	55555
	PITT	1
	0.367138	0
	1.254926
PRED	O-SSM	55555
	PITT	1
	0.839182	1
	0.377473
PRED	O-SSM	55555
	PITT	0
	0.819792	1
	0.432282
PRED	O-SSM	55555
	PITT	0
	0.714142	1
	0.671693
PRED	O-SSM	55555
	PITT	0
	0.358546	0
	1.269772
PRED	O-SSM	55555
	PITT	0
	0.753071	1
	0.592015
PRED	O-SSM	55555
	PITT	0
	0.669066	1
	0.756225
PRED	O-SSM	55555
	PITT	0
	0.688410	1
	0.720782
PRED	O-SSM	55555
	PITT	0
	0.792456	1
	0.502244
PRED	O-SSM	55555
	PITT	0
	0.493810	0
	1.047312
PRED	O-SSM	55555
	PITT	0
	0.309998	0
	1.357031
PRED	O-SSM	55555
	PITT	0
	0.377883	0
	1.236563
PRED	O-SSM	55555
	PITT	0
	0.486172	0
	1.059521
PRED	O-SSM	55555
	PITT	0
	0.268558	0
	1.437648
PRED	O-SSM	55555
	PITT	0
	0.518958	1
	1.007115
PRED	O-SSM	55555
	PITT	0
	0.271780	0
	1.431122
PRED	O-SSM	55555
	PITT	0
	0.610337	1
	0.858177
PRED	O-SSM	55555
	PITT	0
	0.829197	1
	0.406315
PRED	O-SSM	55555
	PITT	0
	0.853384	1
	0.333837
PRED	O-SSM	55555
	PITT	0
	0.757278	1
	0.582924
PRED	O-SSM	55555
	PITT	0
	0.223485	0
	1.534922
PRED	O-SSM	55555
	PITT	0
	0.356389	0
	1.273525
PRED	O-SSM	55555
	PITT	0
	0.304748	0
	1.366881
PRED	O-SSM	55555
	PITT	0
	0.086106	0
	1.980973
PRED	O-SSM	55555
	PITT	0
	0.255102	0
	1.465464
PRED	O-SSM	55555
	PITT	0
	0.377471	0
	1.237264
PRED	O-SSM	55555
	PITT	0
	0.678540	1
	0.739006
PRED	O-SSM	55555
	PITT	0
	0.052861	0
	2.190139
PRED	O-SSM	55555
	PITT	0
	0.305988	0
	1.364547
PRED	O-SSM	55555
	OLIN	1
	0.445685	0
	0.965444
PRED	O-SSM	55555
	OLIN	1
	0.332619	0
	0.193826
PRED	O-SSM	55555
	OLIN	1
	0.346651	0
	0.294785
PRED	O-SSM	55555
	OLIN	1
	0.357443	0
	0.371121
PRED	O-SSM	55555
	OLIN	1
	0.349629	0
	0.315953
PRED	O-SSM	55555
	OLIN	1
	0.377754	0
	0.512112
PRED	O-SSM	55555
	OLIN	1
	0.396711	0
	0.641033
PRED	O-SSM	55555
	OLIN	1
	0.533946	1
	1.536788
PRED	O-SSM	55555
	OLIN	1
	0.372461	0
	0.475682
PRED	O-SSM	55555
	OLIN	1
	0.332579	0
	0.193538
PRED	O-SSM	55555
	OLIN	1
	0.340752	0
	0.252586
PRED	O-SSM	55555
	OLIN	1
	0.597098	1
	1.952080
PRED	O-SSM	55555
	OLIN	1
	0.383840	0
	0.553756
PRED	O-SSM	55555
	OLIN	1
	0.400871	0
	0.669027
PRED	O-SSM	55555
	OLIN	1
	0.346884	0
	0.296443
PRED	O-SSM	55555
	OLIN	1
	0.318759	0
	0.091994
PRED	O-SSM	55555
	OLIN	1
	0.485385	0
	1.223021
PRED	O-SSM	55555
	OLIN	1
	0.587373	1
	1.887101
PRED	O-SSM	55555
	OLIN	1
	0.449830	0
	0.992492
PRED	O-SSM	55555
	OLIN	0
	0.645701	1
	2.285749
PRED	O-SSM	55555
	OLIN	0
	0.335016	0
	0.211218
PRED	O-SSM	55555
	OLIN	0
	0.414711	0
	0.761499
PRED	O-SSM	55555
	OLIN	0
	0.354061	0
	0.347307
PRED	O-SSM	55555
	OLIN	0
	0.486065	0
	1.227411
PRED	O-SSM	55555
	OLIN	0
	0.334755	0
	0.209327
PRED	O-SSM	55555
	OLIN	0
	0.362429	0
	0.406035
PRED	O-SSM	55555
	OLIN	0
	0.600483	1
	1.974812
PRED	O-SSM	55555
	OLIN	0
	0.579336	1
	1.833746
PRED	O-SSM	55555
	OLIN	0
	0.462984	0
	1.078037
PRED	O-SSM	55555
	OLIN	0
	0.405989	0
	0.703342
PRED	O-SSM	55555
	OLIN	0
	0.452588	0
	1.010459
PRED	O-SSM	55555
	OLIN	0
	0.422979	0
	0.816303
PRED	O-SSM	55555
	OLIN	0
	0.511218	1
	1.389778
PRED	O-SSM	55555
	OLIN	0
	0.466437	0
	1.100436
PRED	O-SSM	55555
	OHSU	1
	0.602709	1
	1.465784
PRED	O-SSM	55555
	OHSU	1
	0.674766	1
	0.758419
PRED	O-SSM	55555
	OHSU	0
	0.639020	1
	1.117029
PRED	O-SSM	55555
	OHSU	0
	0.612990	1
	1.368321
PRED	O-SSM	55555
	OHSU	0
	0.426569	0
	3.076007
PRED	O-SSM	55555
	OHSU	0
	0.591846	1
	1.567834
PRED	O-SSM	55555
	OHSU	0
	0.740605	1
	0.036957
PRED	O-SSM	55555
	OHSU	0
	0.604880	1
	1.445276
PRED	O-SSM	55555
	OHSU	0
	0.705295	1
	0.435715
PRED	O-SSM	55555
	OHSU	0
	0.618303	1
	1.317589
  O-SSM    55555
   acc=45.000000% bal=50.334325% sites=3
/3
 test_n=100
 assoc=1.059342
PRED	O-SSM	11111
	PITT	1
	0.428948	0
	0.828215
PRED	O-SSM	11111
	PITT	1
	0.239398	0
	1.232741
PRED	O-SSM	11111
	PITT	1
	0.291731	0
	1.107645
PRED	O-SSM	11111
	PITT	1
	0.382037	0
	0.918792
PRED	O-SSM	11111
	PITT	1
	0.253283	0
	1.197951
PRED	O-SSM	11111
	PITT	1
	0.276900	0
	1.141546
PRED	O-SSM	11111
	PITT	1
	0.705849	1
	0.288071
PRED	O-SSM	11111
	PITT	1
	0.285226	0
	1.122382
PRED	O-SSM	11111
	PITT	1
	0.070824	0
	1.892246
PRED	O-SSM	11111
	PITT	1
	0.209715	0
	1.312109
PRED	O-SSM	11111
	PITT	1
	0.186904	0
	1.378895
PRED	O-SSM	11111
	PITT	1
	0.446802	0
	0.794477
PRED	O-SSM	11111
	PITT	1
	0.734961	1
	0.220810
PRED	O-SSM	11111
	PITT	1
	0.353003	0
	0.976904
PRED	O-SSM	11111
	PITT	1
	0.253138	0
	1.198307
PRED	O-SSM	11111
	PITT	1
	0.188927	0
	1.372731
PRED	O-SSM	11111
	PITT	1
	0.127469	0
	1.589691
PRED	O-SSM	11111
	PITT	1
	0.205451	0
	1.324164
PRED	O-SSM	11111
	PITT	1
	0.172540	0
	1.424228
PRED	O-SSM	11111
	PITT	1
	0.684103	1
	0.335793
PRED	O-SSM	11111
	PITT	1
	0.106619	0
	1.683738
PRED	O-SSM	11111
	PITT	1
	0.168451	0
	1.437673
PRED	O-SSM	11111
	PITT	1
	0.217878	0
	1.289520
PRED	O-SSM	11111
	PITT	1
	0.252717	0
	1.199345
PRED	O-SSM	11111
	PITT	1
	0.610644	1
	0.485855
PRED	O-SSM	11111
	PITT	1
	0.215757	0
	1.295330
PRED	O-SSM	11111
	PITT	1
	0.539680	1
	0.621171
PRED	O-SSM	11111
	PITT	1
	0.279858	0
	1.134697
PRED	O-SSM	11111
	PITT	1
	0.632793	1
	0.442049
PRED	O-SSM	11111
	PITT	0
	0.217736	0
	1.289907
PRED	O-SSM	11111
	PITT	0
	0.443612	0
	0.800484
PRED	O-SSM	11111
	PITT	0
	0.159002	0
	1.469774
PRED	O-SSM	11111
	PITT	0
	0.457518	0
	0.774358
PRED	O-SSM	11111
	PITT	0
	0.517445	1
	0.662675
PRED	O-SSM	11111
	PITT	0
	0.298280	0
	1.092999
PRED	O-SSM	11111
	PITT	0
	0.558357	1
	0.586087
PRED	O-SSM	11111
	PITT	0
	0.335276	0
	1.013435
PRED	O-SSM	11111
	PITT	0
	0.362349	0
	0.957983
PRED	O-SSM	11111
	PITT	0
	0.316100	0
	1.054051
PRED	O-SSM	11111
	PITT	0
	0.295219	0
	1.099819
PRED	O-SSM	11111
	PITT	0
	0.274025	0
	1.148246
PRED	O-SSM	11111
	PITT	0
	0.197638	0
	1.346743
PRED	O-SSM	11111
	PITT	0
	0.262634	0
	1.175230
PRED	O-SSM	11111
	PITT	0
	0.195347	0
	1.353492
PRED	O-SSM	11111
	PITT	0
	0.674867	1
	0.355518
PRED	O-SSM	11111
	PITT	0
	0.627129	1
	0.453347
PRED	O-SSM	11111
	PITT	0
	0.490739	0
	0.712370
PRED	O-SSM	11111
	PITT	0
	0.265165	0
	1.169172
PRED	O-SSM	11111
	PITT	0
	0.075221	0
	1.862028
PRED	O-SSM	11111
	PITT	0
	0.229090	0
	1.259469
PRED	O-SSM	11111
	PITT	0
	0.089236	0
	1.775473
PRED	O-SSM	11111
	PITT	0
	0.215365	0
	1.296408
PRED	O-SSM	11111
	PITT	0
	0.172503	0
	1.424347
PRED	O-SSM	11111
	PITT	0
	0.217249	0
	1.291239
PRED	O-SSM	11111
	PITT	0
	0.193185	0
	1.359916
PRED	O-SSM	11111
	PITT	0
	0.262155	0
	1.176382
PRED	O-SSM	11111
	OLIN	1
	0.360815	0
	1.179322
PRED	O-SSM	11111
	OLIN	1
	0.197821	0
	0.159292
PRED	O-SSM	11111
	OLIN	1
	0.209331	0
	0.246753
PRED	O-SSM	11111
	OLIN	1
	0.217041	0
	0.303368
PRED	O-SSM	11111
	OLIN	1
	0.207055	0
	0.229745
PRED	O-SSM	11111
	OLIN	1
	0.236085	0
	0.437291
PRED	O-SSM	11111
	OLIN	1
	0.259863	0
	0.594442
PRED	O-SSM	11111
	OLIN	1
	0.436526	0
	1.569225
PRED	O-SSM	11111
	OLIN	1
	0.277819	0
	0.706986
PRED	O-SSM	11111
	OLIN	1
	0.196939	0
	0.152434
PRED	O-SSM	11111
	OLIN	1
	0.204371	0
	0.209510
PRED	O-SSM	11111
	OLIN	1
	0.454750	0
	1.660099
PRED	O-SSM	11111
	OLIN	1
	0.258763	0
	0.587388
PRED	O-SSM	11111
	OLIN	1
	0.259340	0
	0.591089
PRED	O-SSM	11111
	OLIN	1
	0.230674	0
	0.400037
PRED	O-SSM	11111
	OLIN	1
	0.189841	0
	0.096380
PRED	O-SSM	11111
	OLIN	1
	0.436127	0
	1.567227
PRED	O-SSM	11111
	OLIN	1
	0.307228	0
	0.882129
PRED	O-SSM	11111
	OLIN	1
	0.292494	0
	0.795677
PRED	O-SSM	11111
	OLIN	0
	0.482335	0
	1.796580
PRED	O-SSM	11111
	OLIN	0
	0.201104	0
	0.184614
PRED	O-SSM	11111
	OLIN	0
	0.290372	0
	0.783016
PRED	O-SSM	11111
	OLIN	0
	0.234034	0
	0.423245
PRED	O-SSM	11111
	OLIN	0
	0.421603	0
	1.494187
PRED	O-SSM	11111
	OLIN	0
	0.201665	0
	0.188911
PRED	O-SSM	11111
	OLIN	0
	0.223352	0
	0.348645
PRED	O-SSM	11111
	OLIN	0
	0.487611	0
	1.822597
PRED	O-SSM	11111
	OLIN	0
	0.439808	0
	1.585648
PRED	O-SSM	11111
	OLIN	0
	0.340650	0
	1.070227
PRED	O-SSM	11111
	OLIN	0
	0.300406	0
	0.842405
PRED	O-SSM	11111
	OLIN	0
	0.314347	0
	0.923068
PRED	O-SSM	11111
	OLIN	0
	0.310771	0
	0.902572
PRED	O-SSM	11111
	OLIN	0
	0.305332	0
	0.871141
PRED	O-SSM	11111
	OLIN	0
	0.303495	0
	0.860455
PRED	O-SSM	11111
	OHSU	1
	0.395588	0
	1.088333
PRED	O-SSM	11111
	OHSU	1
	0.431344	0
	0.939824
PRED	O-SSM	11111
	OHSU	0
	0.416634	0
	1.000467
PRED	O-SSM	11111
	OHSU	0
	0.434997	0
	0.924845
PRED	O-SSM	11111
	OHSU	0
	0.134372	0
	2.537015
PRED	O-SSM	11111
	OHSU	0
	0.091312	0
	2.974831
PRED	O-SSM	11111
	OHSU	0
	0.650038	1
	0.038197
PRED	O-SSM	11111
	OHSU	0
	0.240982	0
	1.816641
PRED	O-SSM	11111
	OHSU	0
	0.581837	1
	0.329036
PRED	O-SSM	11111
	OHSU	0
	0.240378	0
	1.819971
  O-SSM    11111
   acc=50.000000% bal=46.812473% sites=3
/3
 test_n=100
 assoc=1.072773
PRED	O-SSM	99887
	PITT	1
	0.265445	0
	0.996282
PRED	O-SSM	99887
	PITT	1
	0.047210	0
	1.839866
PRED	O-SSM	99887
	PITT	1
	0.360396	0
	0.807684
PRED	O-SSM	99887
	PITT	1
	0.167706	0
	1.244276
PRED	O-SSM	99887
	PITT	1
	0.316991	0
	0.890046
PRED	O-SSM	99887
	PITT	1
	0.234074	0
	1.067435
PRED	O-SSM	99887
	PITT	1
	0.675043	1
	0.253742
PRED	O-SSM	99887
	PITT	1
	0.182152	0
	1.201763
PRED	O-SSM	99887
	PITT	1
	0.097619	0
	1.508352
PRED	O-SSM	99887
	PITT	1
	0.198578	0
	1.156491
PRED	O-SSM	99887
	PITT	1
	0.051933	0
	1.797275
PRED	O-SSM	99887
	PITT	1
	0.152732	0
	1.291555
PRED	O-SSM	99887
	PITT	1
	0.673036	1
	0.257620
PRED	O-SSM	99887
	PITT	1
	0.227323	0
	1.083585
PRED	O-SSM	99887
	PITT	1
	0.240806	0
	1.051649
PRED	O-SSM	99887
	PITT	1
	0.020477	0
	2.206248
PRED	O-SSM	99887
	PITT	1
	0.177775	0
	1.214354
PRED	O-SSM	99887
	PITT	1
	0.020279	0
	2.210465
PRED	O-SSM	99887
	PITT	1
	0.174875	0
	1.222833
PRED	O-SSM	99887
	PITT	1
	0.573629	1
	0.438177
PRED	O-SSM	99887
	PITT	1
	0.096725	0
	1.512679
PRED	O-SSM	99887
	PITT	1
	0.294022	0
	0.936023
PRED	O-SSM	99887
	PITT	1
	0.109736	0
	1.452939
PRED	O-SSM	99887
	PITT	1
	0.343245	0
	0.839619
PRED	O-SSM	99887
	PITT	1
	0.548677	1
	0.481204
PRED	O-SSM	99887
	PITT	1
	0.089265	0
	1.550248
PRED	O-SSM	99887
	PITT	1
	0.447223	0
	0.654099
PRED	O-SSM	99887
	PITT	1
	0.112890	0
	1.439400
PRED	O-SSM	99887
	PITT	1
	0.672838	1
	0.258002
PRED	O-SSM	99887
	PITT	0
	0.501104	1
	0.562259
PRED	O-SSM	99887
	PITT	0
	0.402782	0
	0.731365
PRED	O-SSM	99887
	PITT	0
	0.237448	0
	1.059484
PRED	O-SSM	99887
	PITT	0
	0.276216	0
	0.973122
PRED	O-SSM	99887
	PITT	0
	0.378084	0
	0.775435
PRED	O-SSM	99887
	PITT	0
	0.430361	0
	0.683173
PRED	O-SSM	99887
	PITT	0
	0.534618	1
	0.505249
PRED	O-SSM	99887
	PITT	0
	0.202385	0
	1.146406
PRED	O-SSM	99887
	PITT	0
	0.340210	0
	0.845348
PRED	O-SSM	99887
	PITT	0
	0.166021	0
	1.249422
PRED	O-SSM	99887
	PITT	0
	0.379791	0
	0.772356
PRED	O-SSM	99887
	PITT	0
	0.192890	0
	1.171831
PRED	O-SSM	99887
	PITT	0
	0.340627	0
	0.844559
PRED	O-SSM	99887
	PITT	0
	0.366163	0
	0.797099
PRED	O-SSM	99887
	PITT	0
	0.237763	0
	1.058746
PRED	O-SSM	99887
	PITT	0
	0.450404	0
	0.648638
PRED	O-SSM	99887
	PITT	0
	0.623914	1
	0.349221
PRED	O-SSM	99887
	PITT	0
	0.488336	0
	0.583947
PRED	O-SSM	99887
	PITT	0
	0.045820	0
	1.853175
PRED	O-SSM	99887
	PITT	0
	0.272034	0
	0.982045
PRED	O-SSM	99887
	PITT	0
	0.116250	0
	1.425335
PRED	O-SSM	99887
	PITT	0
	0.030113	0
	2.038326
PRED	O-SSM	99887
	PITT	0
	0.281715	0
	0.961515
PRED	O-SSM	99887
	PITT	0
	0.209050	0
	1.129087
PRED	O-SSM	99887
	PITT	0
	0.157661	0
	1.275593
PRED	O-SSM	99887
	PITT	0
	0.134531	0
	1.354452
PRED	O-SSM	99887
	PITT	0
	0.041188	0
	1.900479
PRED	O-SSM	99887
	OLIN	1
	0.163441	0
	1.461453
PRED	O-SSM	99887
	OLIN	1
	0.410427	0
	0.134316
PRED	O-SSM	99887
	OLIN	1
	0.377087	0
	0.280256
PRED	O-SSM	99887
	OLIN	1
	0.376717	0
	0.281903
PRED	O-SSM	99887
	OLIN	1
	0.369706	0
	0.313210
PRED	O-SSM	99887
	OLIN	1
	0.354533	0
	0.381822
PRED	O-SSM	99887
	OLIN	1
	0.294992	0
	0.666010
PRED	O-SSM	99887
	OLIN	1
	0.194537	0
	1.239979
PRED	O-SSM	99887
	OLIN	1
	0.260486	0
	0.845848
PRED	O-SSM	99887
	OLIN	1
	0.396904	0
	0.192994
PRED	O-SSM	99887
	OLIN	1
	0.368375	0
	0.319180
PRED	O-SSM	99887
	OLIN	1
	0.134724	0
	1.698528
PRED	O-SSM	99887
	OLIN	1
	0.293956	0
	0.671220
PRED	O-SSM	99887
	OLIN	1
	0.293230	0
	0.674873
PRED	O-SSM	99887
	OLIN	1
	0.357395	0
	0.368787
PRED	O-SSM	99887
	OLIN	1
	0.427352	0
	0.061685
PRED	O-SSM	99887
	OLIN	1
	0.246870	0
	0.920977
PRED	O-SSM	99887
	OLIN	1
	0.141580	0
	1.638369
PRED	O-SSM	99887
	OLIN	1
	0.242228	0
	0.947225
PRED	O-SSM	99887
	OLIN	0
	0.103240	0
	2.013857
PRED	O-SSM	99887
	OLIN	0
	0.402208	0
	0.169905
PRED	O-SSM	99887
	OLIN	0
	0.316944	0
	0.558003
PRED	O-SSM	99887
	OLIN	0
	0.376479	0
	0.282963
PRED	O-SSM	99887
	OLIN	0
	0.201968	0
	1.191143
PRED	O-SSM	99887
	OLIN	0
	0.386889	0
	0.236890
PRED	O-SSM	99887
	OLIN	0
	0.323833	0
	0.524957
PRED	O-SSM	99887
	OLIN	0
	0.171455	0
	1.401406
PRED	O-SSM	99887
	OLIN	0
	0.149124	0
	1.574927
PRED	O-SSM	99887
	OLIN	0
	0.144202	0
	1.616012
PRED	O-SSM	99887
	OLIN	0
	0.292010	0
	0.681029
PRED	O-SSM	99887
	OLIN	0
	0.202497	0
	1.187716
PRED	O-SSM	99887
	OLIN	0
	0.237028	0
	0.977030
PRED	O-SSM	99887
	OLIN	0
	0.197938	0
	1.217453
PRED	O-SSM	99887
	OLIN	0
	0.218151	0
	1.089240
PRED	O-SSM	99887
	OHSU	1
	0.394746	0
	1.055546
PRED	O-SSM	99887
	OHSU	1
	0.530571	1
	0.686719
PRED	O-SSM	99887
	OHSU	0
	0.213657	0
	1.642901
PRED	O-SSM	99887
	OHSU	0
	0.241855	0
	1.535247
PRED	O-SSM	99887
	OHSU	0
	0.066385	0
	2.542134
PRED	O-SSM	99887
	OHSU	0
	0.051594	0
	2.721764
PRED	O-SSM	99887
	OHSU	0
	0.751355	1
	0.027054
PRED	O-SSM	99887
	OHSU	0
	0.284447	0
	1.387656
PRED	O-SSM	99887
	OHSU	0
	0.676711	1
	0.273338
PRED	O-SSM	99887
	OHSU	0
	0.237979	0
	1.549504
  O-SSM    99887
   acc=51.000000% bal=55.188378% sites=3
/3
 test_n=100
 assoc=1.080518
PRED	O-SSM	22222
	PITT	1
	0.364333	0
	1.037128
PRED	O-SSM	22222
	PITT	1
	0.110719	0
	1.829625
PRED	O-SSM	22222
	PITT	1
	0.385850	0
	0.989473
PRED	O-SSM	22222
	PITT	1
	0.228836	0
	1.378817
PRED	O-SSM	22222
	PITT	1
	0.405447	0
	0.946924
PRED	O-SSM	22222
	PITT	1
	0.212138	0
	1.429262
PRED	O-SSM	22222
	PITT	1
	0.670292	1
	0.379952
PRED	O-SSM	22222
	PITT	1
	0.317208	0
	1.146144
PRED	O-SSM	22222
	PITT	1
	0.371726	0
	1.020631
PRED	O-SSM	22222
	PITT	1
	0.494514	0
	0.759612
PRED	O-SSM	22222
	PITT	1
	0.321538	0
	1.135804
PRED	O-SSM	22222
	PITT	1
	0.358704	0
	1.049786
PRED	O-SSM	22222
	PITT	1
	0.702386	1
	0.302519
PRED	O-SSM	22222
	PITT	1
	0.409986	0
	0.937170
PRED	O-SSM	22222
	PITT	1
	0.384913	0
	0.991525
PRED	O-SSM	22222
	PITT	1
	0.154032	0
	1.632335
PRED	O-SSM	22222
	PITT	1
	0.097396	0
	1.903889
PRED	O-SSM	22222
	PITT	1
	0.372063	0
	1.019881
PRED	O-SSM	22222
	PITT	1
	0.393143	0
	0.973553
PRED	O-SSM	22222
	PITT	1
	0.706118	1
	0.293219
PRED	O-SSM	22222
	PITT	1
	0.166279	0
	1.585053
PRED	O-SSM	22222
	PITT	1
	0.230177	0
	1.374880
PRED	O-SSM	22222
	PITT	1
	0.196752	0
	1.478381
PRED	O-SSM	22222
	PITT	1
	0.412757	0
	0.931229
PRED	O-SSM	22222
	PITT	1
	0.542986	1
	0.658754
PRED	O-SSM	22222
	PITT	1
	0.387614	0
	0.985612
PRED	O-SSM	22222
	PITT	1
	0.484621	0
	0.780162
PRED	O-SSM	22222
	PITT	1
	0.212282	0
	1.428817
PRED	O-SSM	22222
	PITT	1
	0.671918	1
	0.376128
PRED	O-SSM	22222
	PITT	0
	0.472025	0
	0.806365
PRED	O-SSM	22222
	PITT	0
	0.347784	0
	1.074598
PRED	O-SSM	22222
	PITT	0
	0.102319	0
	1.875458
PRED	O-SSM	22222
	PITT	0
	0.394683	0
	0.970205
PRED	O-SSM	22222
	PITT	0
	0.470748	0
	0.809024
PRED	O-SSM	22222
	PITT	0
	0.468430	0
	0.813854
PRED	O-SSM	22222
	PITT	0
	0.582712	1
	0.574903
PRED	O-SSM	22222
	PITT	0
	0.230918	0
	1.372710
PRED	O-SSM	22222
	PITT	0
	0.187610	0
	1.508954
PRED	O-SSM	22222
	PITT	0
	0.177264	0
	1.544965
PRED	O-SSM	22222
	PITT	0
	0.400743	0
	0.957073
PRED	O-SSM	22222
	PITT	0
	0.316311	0
	1.148295
PRED	O-SSM	22222
	PITT	0
	0.260213	0
	1.290559
PRED	O-SSM	22222
	PITT	0
	0.145308	0
	1.667921
PRED	O-SSM	22222
	PITT	0
	0.393630	0
	0.972493
PRED	O-SSM	22222
	PITT	0
	0.533812	1
	0.677914
PRED	O-SSM	22222
	PITT	0
	0.631790	1
	0.467984
PRED	O-SSM	22222
	PITT	0
	0.432279	0
	0.889694
PRED	O-SSM	22222
	PITT	0
	0.104249	0
	1.864639
PRED	O-SSM	22222
	PITT	0
	0.194297	0
	1.486484
PRED	O-SSM	22222
	PITT	0
	0.409047	0
	0.939184
PRED	O-SSM	22222
	PITT	0
	0.012037	0
	3.036046
PRED	O-SSM	22222
	PITT	0
	0.148944	0
	1.652880
PRED	O-SSM	22222
	PITT	0
	0.129732	0
	1.736151
PRED	O-SSM	22222
	PITT	0
	0.302533	0
	1.181767
PRED	O-SSM	22222
	PITT	0
	0.147797	0
	1.657592
PRED	O-SSM	22222
	PITT	0
	0.193938	0
	1.487675
PRED	O-SSM	22222
	OLIN	1
	0.400646	0
	1.393862
PRED	O-SSM	22222
	OLIN	1
	0.423520	0
	0.161201
PRED	O-SSM	22222
	OLIN	1
	0.422382	0
	0.222063
PRED	O-SSM	22222
	OLIN	1
	0.419197	0
	0.392662
PRED	O-SSM	22222
	OLIN	1
	0.421855	0
	0.250260
PRED	O-SSM	22222
	OLIN	1
	0.416561	0
	0.534102
PRED	O-SSM	22222
	OLIN	1
	0.414586	0
	0.640235
PRED	O-SSM	22222
	OLIN	1
	0.388627	0
	2.050576
PRED	O-SSM	22222
	OLIN	1
	0.417354	0
	0.491511
PRED	O-SSM	22222
	OLIN	1
	0.424263	0
	0.121472
PRED	O-SSM	22222
	OLIN	1
	0.422749	0
	0.202426
PRED	O-SSM	22222
	OLIN	1
	0.392088	0
	1.860721
PRED	O-SSM	22222
	OLIN	1
	0.412876	0
	0.732232
PRED	O-SSM	22222
	OLIN	1
	0.414492	0
	0.645297
PRED	O-SSM	22222
	OLIN	1
	0.418186	0
	0.446886
PRED	O-SSM	22222
	OLIN	1
	0.425190	0
	0.071976
PRED	O-SSM	22222
	OLIN	1
	0.404153	0
	1.203482
PRED	O-SSM	22222
	OLIN	1
	0.411107	0
	0.827592
PRED	O-SSM	22222
	OLIN	1
	0.410212	0
	0.875823
PRED	O-SSM	22222
	OLIN	0
	0.401480	0
	1.348521
PRED	O-SSM	22222
	OLIN	0
	0.423194	0
	0.178660
PRED	O-SSM	22222
	OLIN	0
	0.412438	0
	0.755848
PRED	O-SSM	22222
	OLIN	0
	0.420954	0
	0.298507
PRED	O-SSM	22222
	OLIN	0
	0.404545	0
	1.182238
PRED	O-SSM	22222
	OLIN	0
	0.422485	0
	0.216542
PRED	O-SSM	22222
	OLIN	0
	0.417819	0
	0.466584
PRED	O-SSM	22222
	OLIN	0
	0.392383	0
	1.844583
PRED	O-SSM	22222
	OLIN	0
	0.391304	0
	1.903711
PRED	O-SSM	22222
	OLIN	0
	0.400693	0
	1.391279
PRED	O-SSM	22222
	OLIN	0
	0.406701	0
	1.065538
PRED	O-SSM	22222
	OLIN	0
	0.411556	0
	0.803362
PRED	O-SSM	22222
	OLIN	0
	0.411242	0
	0.820270
PRED	O-SSM	22222
	OLIN	0
	0.399896	0
	1.434622
PRED	O-SSM	22222
	OLIN	0
	0.405893	0
	1.109266
PRED	O-SSM	22222
	OHSU	1
	0.366102	0
	1.390792
PRED	O-SSM	22222
	OHSU	1
	0.488410	0
	1.006169
PRED	O-SSM	22222
	OHSU	0
	0.510581	1
	0.938291
PRED	O-SSM	22222
	OHSU	0
	0.468152	0
	1.068304
PRED	O-SSM	22222
	OHSU	0
	0.308166	0
	1.589556
PRED	O-SSM	22222
	OHSU	0
	0.266656	0
	1.744863
PRED	O-SSM	22222
	OHSU	0
	0.773229	1
	0.031992
PRED	O-SSM	22222
	OHSU	0
	0.340444	0
	1.476763
PRED	O-SSM	22222
	OHSU	0
	0.717375	1
	0.257866
PRED	O-SSM	22222
	OHSU	0
	0.360262	0
	1.410116
  O-SSM    22222
   acc=49.000000% bal=44.771711% sites=3
/3
 test_n=100
 assoc=1.026007
PRED	O-SSM	44444
	PITT	1
	0.355376	0
	1.293223
PRED	O-SSM	44444
	PITT	1
	0.079294	0
	2.225930
PRED	O-SSM	44444
	PITT	1
	0.434204	0
	1.127042
PRED	O-SSM	44444
	PITT	1
	0.378712	0
	1.242746
PRED	O-SSM	44444
	PITT	1
	0.557572	1
	0.877833
PRED	O-SSM	44444
	PITT	1
	0.393915	0
	1.210524
PRED	O-SSM	44444
	PITT	1
	0.791750	1
	0.323081
PRED	O-SSM	44444
	PITT	1
	0.422144	0
	1.151790
PRED	O-SSM	44444
	PITT	1
	0.212673	0
	1.651638
PRED	O-SSM	44444
	PITT	1
	0.542171	1
	0.909096
PRED	O-SSM	44444
	PITT	1
	0.292409	0
	1.438028
PRED	O-SSM	44444
	PITT	1
	0.689610	1
	0.592978
PRED	O-SSM	44444
	PITT	1
	0.824479	1
	0.216829
PRED	O-SSM	44444
	PITT	1
	0.461173	0
	1.072231
PRED	O-SSM	44444
	PITT	1
	0.334176	0
	1.340382
PRED	O-SSM	44444
	PITT	1
	0.212281	0
	1.652813
PRED	O-SSM	44444
	PITT	1
	0.113085	0
	2.028801
PRED	O-SSM	44444
	PITT	1
	0.361644	0
	1.279531
PRED	O-SSM	44444
	PITT	1
	0.365028	0
	1.272179
PRED	O-SSM	44444
	PITT	1
	0.752436	1
	0.435550
PRED	O-SSM	44444
	PITT	1
	0.232243	0
	1.594767
PRED	O-SSM	44444
	PITT	1
	0.153133	0
	1.853275
PRED	O-SSM	44444
	PITT	1
	0.194270	0
	1.708715
PRED	O-SSM	44444
	PITT	1
	0.394449	0
	1.209401
PRED	O-SSM	44444
	PITT	1
	0.758443	1
	0.419214
PRED	O-SSM	44444
	PITT	1
	0.414041	0
	1.168523
PRED	O-SSM	44444
	PITT	1
	0.662186	1
	0.655902
PRED	O-SSM	44444
	PITT	1
	0.408107	0
	1.180838
PRED	O-SSM	44444
	PITT	1
	0.784386	1
	0.345235
PRED	O-SSM	44444
	PITT	0
	0.580271	1
	0.831325
PRED	O-SSM	44444
	PITT	0
	0.496733	0
	1.000612
PRED	O-SSM	44444
	PITT	0
	0.381146	0
	1.237554
PRED	O-SSM	44444
	PITT	0
	0.621629	1
	0.744618
PRED	O-SSM	44444
	PITT	0
	0.503427	1
	0.987159
PRED	O-SSM	44444
	PITT	0
	0.392972	0
	1.212510
PRED	O-SSM	44444
	PITT	0
	0.781847	1
	0.352746
PRED	O-SSM	44444
	PITT	0
	0.444135	0
	1.106784
PRED	O-SSM	44444
	PITT	0
	0.510872	1
	0.972193
PRED	O-SSM	44444
	PITT	0
	0.403271	0
	1.190916
PRED	O-SSM	44444
	PITT	0
	0.378686	0
	1.242802
PRED	O-SSM	44444
	PITT	0
	0.262261	0
	1.513659
PRED	O-SSM	44444
	PITT	0
	0.495526	0
	1.003037
PRED	O-SSM	44444
	PITT	0
	0.452721	0
	1.089344
PRED	O-SSM	44444
	PITT	0
	0.304625	0
	1.408714
PRED	O-SSM	44444
	PITT	0
	0.740139	1
	0.468184
PRED	O-SSM	44444
	PITT	0
	0.794663	1
	0.314158
PRED	O-SSM	44444
	PITT	0
	0.589715	1
	0.811780
PRED	O-SSM	44444
	PITT	0
	0.069824	0
	2.294970
PRED	O-SSM	44444
	PITT	0
	0.564072	1
	0.864574
PRED	O-SSM	44444
	PITT	0
	0.398470	0
	1.200958
PRED	O-SSM	44444
	PITT	0
	0.075979	0
	2.249195
PRED	O-SSM	44444
	PITT	0
	0.423870	0
	1.148237
PRED	O-SSM	44444
	PITT	0
	0.264937	0
	1.506732
PRED	O-SSM	44444
	PITT	0
	0.241368	0
	1.569396
PRED	O-SSM	44444
	PITT	0
	0.274560	0
	1.482187
PRED	O-SSM	44444
	PITT	0
	0.505791	1
	0.982408
PRED	O-SSM	44444
	OLIN	1
	0.466557	0
	1.177496
PRED	O-SSM	44444
	OLIN	1
	0.567912	1
	0.183179
PRED	O-SSM	44444
	OLIN	1
	0.557960	1
	0.281926
PRED	O-SSM	44444
	OLIN	1
	0.554922	1
	0.311971
PRED	O-SSM	44444
	OLIN	1
	0.561199	1
	0.249842
PRED	O-SSM	44444
	OLIN	1
	0.543192	1
	0.427627
PRED	O-SSM	44444
	OLIN	1
	0.540446	1
	0.454634
PRED	O-SSM	44444
	OLIN	1
	0.449264	0
	1.347588
PRED	O-SSM	44444
	OLIN	1
	0.509021	1
	0.762349
PRED	O-SSM	44444
	OLIN	1
	0.565594	1
	0.206223
PRED	O-SSM	44444
	OLIN	1
	0.558041	1
	0.281118
PRED	O-SSM	44444
	OLIN	1
	0.337209	0
	2.500106
PRED	O-SSM	44444
	OLIN	1
	0.498810	0
	0.862066
PRED	O-SSM	44444
	OLIN	1
	0.533943	1
	0.518486
PRED	O-SSM	44444
	OLIN	1
	0.547569	1
	0.384538
PRED	O-SSM	44444
	OLIN	1
	0.578274	1
	0.079777
PRED	O-SSM	44444
	OLIN	1
	0.479734	0
	1.048447
PRED	O-SSM	44444
	OLIN	1
	0.441227	0
	1.427019
PRED	O-SSM	44444
	OLIN	1
	0.509640	1
	0.756304
PRED	O-SSM	44444
	OLIN	0
	0.393231	0
	1.909316
PRED	O-SSM	44444
	OLIN	0
	0.566300	1
	0.199203
PRED	O-SSM	44444
	OLIN	0
	0.493295	0
	0.915924
PRED	O-SSM	44444
	OLIN	0
	0.556203	1
	0.299308
PRED	O-SSM	44444
	OLIN	0
	0.473089	0
	1.113481
PRED	O-SSM	44444
	OLIN	0
	0.562721	1
	0.234744
PRED	O-SSM	44444
	OLIN	0
	0.534378	1
	0.514217
PRED	O-SSM	44444
	OLIN	0
	0.391282	0
	1.929284
PRED	O-SSM	44444
	OLIN	0
	0.439827	0
	1.440884
PRED	O-SSM	44444
	OLIN	0
	0.459805	0
	1.243793
PRED	O-SSM	44444
	OLIN	0
	0.507285	1
	0.779300
PRED	O-SSM	44444
	OLIN	0
	0.452075	0
	1.319867
PRED	O-SSM	44444
	OLIN	0
	0.489021	0
	0.957668
PRED	O-SSM	44444
	OLIN	0
	0.487291	0
	0.974573
PRED	O-SSM	44444
	OLIN	0
	0.507409	1
	0.778094
PRED	O-SSM	44444
	OHSU	1
	0.206755	0
	1.226185
PRED	O-SSM	44444
	OHSU	1
	0.311177	0
	0.839930
PRED	O-SSM	44444
	OHSU	0
	0.278696	0
	0.949716
PRED	O-SSM	44444
	OHSU	0
	0.156468	0
	1.465077
PRED	O-SSM	44444
	OHSU	0
	0.101094	0
	1.816502
PRED	O-SSM	44444
	OHSU	0
	0.092576	0
	1.884949
PRED	O-SSM	44444
	OHSU	0
	0.582534	1
	0.047856
PRED	O-SSM	44444
	OHSU	0
	0.239626	0
	1.092843
PRED	O-SSM	44444
	OHSU	0
	0.446233	0
	0.433490
PRED	O-SSM	44444
	OHSU	0
	0.247949	0
	1.061132
  O-SSM    44444
   acc=55.000000% bal=51.653083% sites=3
/3
 test_n=100
 assoc=1.016357
PRED	O-SSM	66666
	PITT	1
	0.156376	0
	1.379041
PRED	O-SSM	66666
	PITT	1
	0.092457	0
	1.654743
PRED	O-SSM	66666
	PITT	1
	0.308651	0
	0.974159
PRED	O-SSM	66666
	PITT	1
	0.127375	0
	1.489094
PRED	O-SSM	66666
	PITT	1
	0.127125	0
	1.490131
PRED	O-SSM	66666
	PITT	1
	0.111188	0
	1.560160
PRED	O-SSM	66666
	PITT	1
	0.569813	1
	0.473234
PRED	O-SSM	66666
	PITT	1
	0.310848	0
	0.969426
PRED	O-SSM	66666
	PITT	1
	0.058446	0
	1.882946
PRED	O-SSM	66666
	PITT	1
	0.130936	0
	1.474509
PRED	O-SSM	66666
	PITT	1
	0.120572	0
	1.517953
PRED	O-SSM	66666
	PITT	1
	0.485317	0
	0.629766
PRED	O-SSM	66666
	PITT	1
	0.663281	1
	0.290433
PRED	O-SSM	66666
	PITT	1
	0.277349	0
	1.043811
PRED	O-SSM	66666
	PITT	1
	0.065328	0
	1.828290
PRED	O-SSM	66666
	PITT	1
	0.010480	0
	2.697498
PRED	O-SSM	66666
	PITT	1
	0.050165	0
	1.957354
PRED	O-SSM	66666
	PITT	1
	0.081171	0
	1.720401
PRED	O-SSM	66666
	PITT	1
	0.223278	0
	1.176935
PRED	O-SSM	66666
	PITT	1
	0.628691	1
	0.360146
PRED	O-SSM	66666
	PITT	1
	0.022645	0
	2.336865
PRED	O-SSM	66666
	PITT	1
	0.141173	0
	1.434376
PRED	O-SSM	66666
	PITT	1
	0.125868	0
	1.495372
PRED	O-SSM	66666
	PITT	1
	0.352110	0
	0.883576
PRED	O-SSM	66666
	PITT	1
	0.557341	1
	0.496591
PRED	O-SSM	66666
	PITT	1
	0.170599	0
	1.331110
PRED	O-SSM	66666
	PITT	1
	0.514150	1
	0.576627
PRED	O-SSM	66666
	PITT	1
	0.087726	0
	1.681332
PRED	O-SSM	66666
	PITT	1
	0.638071	1
	0.341538
PRED	O-SSM	66666
	PITT	0
	0.306751	0
	0.978267
PRED	O-SSM	66666
	PITT	0
	0.327304	0
	0.934533
PRED	O-SSM	66666
	PITT	0
	0.329304	0
	0.930354
PRED	O-SSM	66666
	PITT	0
	0.341578	0
	0.904991
PRED	O-SSM	66666
	PITT	0
	0.483517	0
	0.633086
PRED	O-SSM	66666
	PITT	0
	0.318241	0
	0.953631
PRED	O-SSM	66666
	PITT	0
	0.337082	0
	0.914229
PRED	O-SSM	66666
	PITT	0
	0.117801	0
	1.530111
PRED	O-SSM	66666
	PITT	0
	0.279916	0
	1.037927
PRED	O-SSM	66666
	PITT	0
	0.108139	0
	1.574549
PRED	O-SSM	66666
	PITT	0
	0.282119	0
	1.032905
PRED	O-SSM	66666
	PITT	0
	0.103799	0
	1.595650
PRED	O-SSM	66666
	PITT	0
	0.155417	0
	1.382397
PRED	O-SSM	66666
	PITT	0
	0.058737	0
	1.880511
PRED	O-SSM	66666
	PITT	0
	0.226197	0
	1.169217
PRED	O-SSM	66666
	PITT	0
	0.541557	1
	0.525962
PRED	O-SSM	66666
	PITT	0
	0.607229	1
	0.402027
PRED	O-SSM	66666
	PITT	0
	0.551382	1
	0.507702
PRED	O-SSM	66666
	PITT	0
	0.168115	0
	1.339245
PRED	O-SSM	66666
	PITT	0
	0.204207	0
	1.229233
PRED	O-SSM	66666
	PITT	0
	0.356458	0
	0.874822
PRED	O-SSM	66666
	PITT	0
	0.045929	0
	2.000034
PRED	O-SSM	66666
	PITT	0
	0.240450	0
	1.132508
PRED	O-SSM	66666
	PITT	0
	0.136501	0
	1.452377
PRED	O-SSM	66666
	PITT	0
	0.149459	0
	1.403640
PRED	O-SSM	66666
	PITT	0
	0.076013	0
	1.753215
PRED	O-SSM	66666
	PITT	0
	0.177420	0
	1.309251
PRED	O-SSM	66666
	OLIN	1
	0.586461	1
	1.165314
PRED	O-SSM	66666
	OLIN	1
	0.421959	0
	0.164040
PRED	O-SSM	66666
	OLIN	1
	0.429958	0
	0.213362
PRED	O-SSM	66666
	OLIN	1
	0.451750	0
	0.346678
PRED	O-SSM	66666
	OLIN	1
	0.431922	0
	0.225440
PRED	O-SSM	66666
	OLIN	1
	0.468163	0
	0.446310
PRED	O-SSM	66666
	OLIN	1
	0.495289	0
	0.610168
PRED	O-SSM	66666
	OLIN	1
	0.598974	1
	1.243475
PRED	O-SSM	66666
	OLIN	1
	0.528679	1
	0.811731
PRED	O-SSM	66666
	OLIN	1
	0.432011	0
	0.225983
PRED	O-SSM	66666
	OLIN	1
	0.423634	0
	0.174386
PRED	O-SSM	66666
	OLIN	1
	0.576822	1
	1.105590
PRED	O-SSM	66666
	OLIN	1
	0.501676	1
	0.648691
PRED	O-SSM	66666
	OLIN	1
	0.526787	1
	0.800285
PRED	O-SSM	66666
	OLIN	1
	0.464513	0
	0.424202
PRED	O-SSM	66666
	OLIN	1
	0.408940	0
	0.083206
PRED	O-SSM	66666
	OLIN	1
	0.600798	1
	1.254930
PRED	O-SSM	66666
	OLIN	1
	0.627786	1
	1.426719
PRED	O-SSM	66666
	OLIN	1
	0.534129	1
	0.844730
PRED	O-SSM	66666
	OLIN	0
	0.729434	1
	2.133886
PRED	O-SSM	66666
	OLIN	0
	0.432316	0
	0.227858
PRED	O-SSM	66666
	OLIN	0
	0.592441	1
	1.202573
PRED	O-SSM	66666
	OLIN	0
	0.453556	0
	0.357669
PRED	O-SSM	66666
	OLIN	0
	0.646846	1
	1.551069
PRED	O-SSM	66666
	OLIN	0
	0.435394	0
	0.246757
PRED	O-SSM	66666
	OLIN	0
	0.464709	0
	0.425385
PRED	O-SSM	66666
	OLIN	0
	0.697140	1
	1.895608
PRED	O-SSM	66666
	OLIN	0
	0.535330	1
	0.852008
PRED	O-SSM	66666
	OLIN	0
	0.607840	1
	1.299332
PRED	O-SSM	66666
	OLIN	0
	0.502454	1
	0.653382
PRED	O-SSM	66666
	OLIN	0
	0.554446	1
	0.968248
PRED	O-SSM	66666
	OLIN	0
	0.523250	1
	0.778903
PRED	O-SSM	66666
	OLIN	0
	0.611508	1
	1.322576
PRED	O-SSM	66666
	OLIN	0
	0.510336	1
	0.700925
PRED	O-SSM	66666
	OHSU	1
	0.316292	0
	1.149122
PRED	O-SSM	66666
	OHSU	1
	0.385674	0
	0.879283
PRED	O-SSM	66666
	OHSU	0
	0.344128	0
	1.037846
PRED	O-SSM	66666
	OHSU	0
	0.231487	0
	1.528313
PRED	O-SSM	66666
	OHSU	0
	0.136659	0
	2.096911
PRED	O-SSM	66666
	OHSU	0
	0.171245	0
	1.861397
PRED	O-SSM	66666
	OHSU	0
	0.617971	1
	0.042829
PRED	O-SSM	66666
	OHSU	0
	0.296565	0
	1.231174
PRED	O-SSM	66666
	OHSU	0
	0.553672	1
	0.277401
PRED	O-SSM	66666
	OHSU	0
	0.306080	0
	1.191231
  O-SSM    66666
   acc=49.000000% bal=43.102272% sites=3
/3
 test_n=100
 assoc=1.047485
PRED	O-SSM	77777
	PITT	1
	0.132284	0
	1.354701
PRED	O-SSM	77777
	PITT	1
	0.096430	0
	1.526876
PRED	O-SSM	77777
	PITT	1
	0.343464	0
	0.759410
PRED	O-SSM	77777
	PITT	1
	0.156620	0
	1.259437
PRED	O-SSM	77777
	PITT	1
	0.261055	0
	0.948954
PRED	O-SSM	77777
	PITT	1
	0.069348	0
	1.700302
PRED	O-SSM	77777
	PITT	1
	0.515637	1
	0.416404
PRED	O-SSM	77777
	PITT	1
	0.256303	0
	0.960917
PRED	O-SSM	77777
	PITT	1
	0.297183	0
	0.862175
PRED	O-SSM	77777
	PITT	1
	0.356832	0
	0.731044
PRED	O-SSM	77777
	PITT	1
	0.167945	0
	1.219206
PRED	O-SSM	77777
	PITT	1
	0.378281	0
	0.686487
PRED	O-SSM	77777
	PITT	1
	0.556552	1
	0.336931
PRED	O-SSM	77777
	PITT	1
	0.195447	0
	1.129761
PRED	O-SSM	77777
	PITT	1
	0.170262	0
	1.211244
PRED	O-SSM	77777
	PITT	1
	0.159097	0
	1.250443
PRED	O-SSM	77777
	PITT	1
	0.041490	0
	1.962550
PRED	O-SSM	77777
	PITT	1
	0.132655	0
	1.353143
PRED	O-SSM	77777
	PITT	1
	0.268757	0
	0.929856
PRED	O-SSM	77777
	PITT	1
	0.567161	1
	0.316123
PRED	O-SSM	77777
	PITT	1
	0.074585	0
	1.662431
PRED	O-SSM	77777
	PITT	1
	0.105203	0
	1.480126
PRED	O-SSM	77777
	PITT	1
	0.143712	0
	1.308299
PRED	O-SSM	77777
	PITT	1
	0.281389	0
	0.899268
PRED	O-SSM	77777
	PITT	1
	0.486504	0
	0.472681
PRED	O-SSM	77777
	PITT	1
	0.107080	0
	1.470578
PRED	O-SSM	77777
	PITT	1
	0.375916	0
	0.691348
PRED	O-SSM	77777
	PITT	1
	0.203166	0
	1.106407
PRED	O-SSM	77777
	PITT	1
	0.500684	1
	0.445289
PRED	O-SSM	77777
	PITT	0
	0.255712	0
	0.962415
PRED	O-SSM	77777
	PITT	0
	0.326407	0
	0.796385
PRED	O-SSM	77777
	PITT	0
	0.080345	0
	1.623501
PRED	O-SSM	77777
	PITT	0
	0.273886	0
	0.917331
PRED	O-SSM	77777
	PITT	0
	0.380455	0
	0.682030
PRED	O-SSM	77777
	PITT	0
	0.240569	0
	1.001611
PRED	O-SSM	77777
	PITT	0
	0.386694	0
	0.669289
PRED	O-SSM	77777
	PITT	0
	0.138776	0
	1.327945
PRED	O-SSM	77777
	PITT	0
	0.154279	0
	1.268049
PRED	O-SSM	77777
	PITT	0
	0.181851	0
	1.172663
PRED	O-SSM	77777
	PITT	0
	0.175821	0
	1.192487
PRED	O-SSM	77777
	PITT	0
	0.218165	0
	1.062845
PRED	O-SSM	77777
	PITT	0
	0.092548	0
	1.548788
PRED	O-SSM	77777
	PITT	0
	0.251008	0
	0.974422
PRED	O-SSM	77777
	PITT	0
	0.219851	0
	1.058086
PRED	O-SSM	77777
	PITT	0
	0.489174	0
	0.467522
PRED	O-SSM	77777
	PITT	0
	0.578624	1
	0.293505
PRED	O-SSM	77777
	PITT	0
	0.307840	0
	0.837788
PRED	O-SSM	77777
	PITT	0
	0.115492	0
	1.429497
PRED	O-SSM	77777
	PITT	0
	0.246473	0
	0.986137
PRED	O-SSM	77777
	PITT	0
	0.341116	0
	0.764446
PRED	O-SSM	77777
	PITT	0
	0.015936	0
	2.437238
PRED	O-SSM	77777
	PITT	0
	0.151654	0
	1.277829
PRED	O-SSM	77777
	PITT	0
	0.132428	0
	1.354096
PRED	O-SSM	77777
	PITT	0
	0.075585	0
	1.655478
PRED	O-SSM	77777
	PITT	0
	0.110080	0
	1.455611
PRED	O-SSM	77777
	PITT	0
	0.143212	0
	1.310263
PRED	O-SSM	77777
	OLIN	1
	0.380743	0
	0.852332
PRED	O-SSM	77777
	OLIN	1
	0.480166	0
	0.163577
PRED	O-SSM	77777
	OLIN	1
	0.465608	0
	0.262412
PRED	O-SSM	77777
	OLIN	1
	0.460581	0
	0.296626
PRED	O-SSM	77777
	OLIN	1
	0.457456	0
	0.317926
PRED	O-SSM	77777
	OLIN	1
	0.457030	0
	0.320827
PRED	O-SSM	77777
	OLIN	1
	0.406561	0
	0.669243
PRED	O-SSM	77777
	OLIN	1
	0.297451	0
	1.483642
PRED	O-SSM	77777
	OLIN	1
	0.399932	0
	0.715860
PRED	O-SSM	77777
	OLIN	1
	0.469599	0
	0.235284
PRED	O-SSM	77777
	OLIN	1
	0.468886	0
	0.240131
PRED	O-SSM	77777
	OLIN	1
	0.278801	0
	1.637544
PRED	O-SSM	77777
	OLIN	1
	0.405778	0
	0.674739
PRED	O-SSM	77777
	OLIN	1
	0.380783	0
	0.852043
PRED	O-SSM	77777
	OLIN	1
	0.461110	0
	0.293028
PRED	O-SSM	77777
	OLIN	1
	0.491500	0
	0.086797
PRED	O-SSM	77777
	OLIN	1
	0.328147	0
	1.241843
PRED	O-SSM	77777
	OLIN	1
	0.334475	0
	1.193513
PRED	O-SSM	77777
	OLIN	1
	0.381013	0
	0.850391
PRED	O-SSM	77777
	OLIN	0
	0.283913	0
	1.594765
PRED	O-SSM	77777
	OLIN	0
	0.477109	0
	0.184304
PRED	O-SSM	77777
	OLIN	0
	0.362355	0
	0.985612
PRED	O-SSM	77777
	OLIN	0
	0.451082	0
	0.361435
PRED	O-SSM	77777
	OLIN	0
	0.351149	0
	1.068254
PRED	O-SSM	77777
	OLIN	0
	0.468302	0
	0.244102
PRED	O-SSM	77777
	OLIN	0
	0.430323	0
	0.503969
PRED	O-SSM	77777
	OLIN	0
	0.262946	0
	1.773420
PRED	O-SSM	77777
	OLIN	0
	0.241426	0
	1.966612
PRED	O-SSM	77777
	OLIN	0
	0.273108	0
	1.685760
PRED	O-SSM	77777
	OLIN	0
	0.443168	0
	0.415611
PRED	O-SSM	77777
	OLIN	0
	0.420329	0
	0.573166
PRED	O-SSM	77777
	OLIN	0
	0.407737	0
	0.660999
PRED	O-SSM	77777
	OLIN	0
	0.348825	0
	1.085538
PRED	O-SSM	77777
	OLIN	0
	0.377017	0
	0.879122
PRED	O-SSM	77777
	OHSU	1
	0.632453	1
	0.721084
PRED	O-SSM	77777
	OHSU	1
	0.650488	1
	0.574740
PRED	O-SSM	77777
	OHSU	0
	0.610383	1
	0.896177
PRED	O-SSM	77777
	OHSU	0
	0.587378	1
	1.074912
PRED	O-SSM	77777
	OHSU	0
	0.554865	1
	1.322702
PRED	O-SSM	77777
	OHSU	0
	0.564589	1
	1.249068
PRED	O-SSM	77777
	OHSU	0
	0.715208	1
	0.015623
PRED	O-SSM	77777
	OHSU	0
	0.602069	1
	0.961172
PRED	O-SSM	77777
	OHSU	0
	0.674808	1
	0.371662
PRED	O-SSM	77777
	OHSU	0
	0.651937	1
	0.562836
  O-SSM    77777
   acc=47.000000% bal=51.681567% sites=3
/3
 test_n=100
 assoc=0.879840
PRED	O-SSM	88888
	PITT	1
	0.537403	1
	1.270648
PRED	O-SSM	88888
	PITT	1
	0.547159	1
	1.240122
PRED	O-SSM	88888
	PITT	1
	0.596236	1
	1.084326
PRED	O-SSM	88888
	PITT	1
	0.531590	1
	1.288793
PRED	O-SSM	88888
	PITT	1
	0.595095	1
	1.088003
PRED	O-SSM	88888
	PITT	1
	0.514916	1
	1.340709
PRED	O-SSM	88888
	PITT	1
	0.797118	1
	0.324338
PRED	O-SSM	88888
	PITT	1
	0.452633	0
	1.534647
PRED	O-SSM	88888
	PITT	1
	0.549931	1
	1.231430
PRED	O-SSM	88888
	PITT	1
	0.594941	1
	1.088499
PRED	O-SSM	88888
	PITT	1
	0.595896	1
	1.085422
PRED	O-SSM	88888
	PITT	1
	0.639825	1
	0.940805
PRED	O-SSM	88888
	PITT	1
	0.815291	1
	0.233948
PRED	O-SSM	88888
	PITT	1
	0.632604	1
	0.965034
PRED	O-SSM	88888
	PITT	1
	0.499113	0
	1.389815
PRED	O-SSM	88888
	PITT	1
	0.553614	1
	1.219865
PRED	O-SSM	88888
	PITT	1
	0.537274	1
	1.271050
PRED	O-SSM	88888
	PITT	1
	0.510822	1
	1.353435
PRED	O-SSM	88888
	PITT	1
	0.608063	1
	1.045981
PRED	O-SSM	88888
	PITT	1
	0.797196	1
	0.323960
PRED	O-SSM	88888
	PITT	1
	0.396461	0
	1.713426
PRED	O-SSM	88888
	PITT	1
	0.588740	1
	1.108437
PRED	O-SSM	88888
	PITT	1
	0.579896	1
	1.136717
PRED	O-SSM	88888
	PITT	1
	0.657754	1
	0.879685
PRED	O-SSM	88888
	PITT	1
	0.747147	1
	0.545618
PRED	O-SSM	88888
	PITT	1
	0.655812	1
	0.886376
PRED	O-SSM	88888
	PITT	1
	0.676393	1
	0.814494
PRED	O-SSM	88888
	PITT	1
	0.525629	1
	1.307371
PRED	O-SSM	88888
	PITT	1
	0.794395	1
	0.337351
PRED	O-SSM	88888
	PITT	0
	0.693983	1
	0.751148
PRED	O-SSM	88888
	PITT	0
	0.694495	1
	0.749275
PRED	O-SSM	88888
	PITT	0
	0.592241	1
	1.097191
PRED	O-SSM	88888
	PITT	0
	0.661611	1
	0.866343
PRED	O-SSM	88888
	PITT	0
	0.687105	1
	0.776148
PRED	O-SSM	88888
	PITT	0
	0.652922	1
	0.896300
PRED	O-SSM	88888
	PITT	0
	0.736977	1
	0.586885
PRED	O-SSM	88888
	PITT	0
	0.571069	1
	1.164776
PRED	O-SSM	88888
	PITT	0
	0.626705	1
	0.984683
PRED	O-SSM	88888
	PITT	0
	0.541613	1
	1.257486
PRED	O-SSM	88888
	PITT	0
	0.631263	1
	0.969512
PRED	O-SSM	88888
	PITT	0
	0.593700	1
	1.092498
PRED	O-SSM	88888
	PITT	0
	0.591545	1
	1.099429
PRED	O-SSM	88888
	PITT	0
	0.345572	0
	1.882984
PRED	O-SSM	88888
	PITT	0
	0.552349	1
	1.223839
PRED	O-SSM	88888
	PITT	0
	0.773325	1
	0.433993
PRED	O-SSM	88888
	PITT	0
	0.781462	1
	0.397472
PRED	O-SSM	88888
	PITT	0
	0.671372	1
	0.832238
PRED	O-SSM	88888
	PITT	0
	0.382271	0
	1.759778
PRED	O-SSM	88888
	PITT	0
	0.435794	0
	1.587624
PRED	O-SSM	88888
	PITT	0
	0.572276	1
	1.160948
PRED	O-SSM	88888
	PITT	0
	0.318109	0
	1.979219
PRED	O-SSM	88888
	PITT	0
	0.596929	1
	1.082087
PRED	O-SSM	88888
	PITT	0
	0.546491	1
	1.242216
PRED	O-SSM	88888
	PITT	0
	0.531512	1
	1.289037
PRED	O-SSM	88888
	PITT	0
	0.620596	1
	1.004898
PRED	O-SSM	88888
	PITT	0
	0.521261	1
	1.320972
PRED	O-SSM	88888
	OLIN	1
	0.448320	0
	1.048642
PRED	O-SSM	88888
	OLIN	1
	0.611052	1
	0.188316
PRED	O-SSM	88888
	OLIN	1
	0.604396	1
	0.224755
PRED	O-SSM	88888
	OLIN	1
	0.558916	1
	0.468881
PRED	O-SSM	88888
	OLIN	1
	0.574084	1
	0.388264
PRED	O-SSM	88888
	OLIN	1
	0.564747	1
	0.437969
PRED	O-SSM	88888
	OLIN	1
	0.467639	0
	0.947058
PRED	O-SSM	88888
	OLIN	1
	0.360342	0
	1.526862
PRED	O-SSM	88888
	OLIN	1
	0.538622	1
	0.575856
PRED	O-SSM	88888
	OLIN	1
	0.598842	1
	0.255001
PRED	O-SSM	88888
	OLIN	1
	0.598196	1
	0.258509
PRED	O-SSM	88888
	OLIN	1
	0.313621	0
	1.800106
PRED	O-SSM	88888
	OLIN	1
	0.537566	1
	0.581402
PRED	O-SSM	88888
	OLIN	1
	0.494239	0
	0.807962
PRED	O-SSM	88888
	OLIN	1
	0.555259	1
	0.488224
PRED	O-SSM	88888
	OLIN	1
	0.632023	1
	0.071943
PRED	O-SSM	88888
	OLIN	1
	0.363462	0
	1.509228
PRED	O-SSM	88888
	OLIN	1
	0.382226	0
	1.404479
PRED	O-SSM	88888
	OLIN	1
	0.502921	1
	0.762634
PRED	O-SSM	88888
	OLIN	0
	0.395176	0
	1.333347
PRED	O-SSM	88888
	OLIN	0
	0.611991	1
	0.183155
PRED	O-SSM	88888
	OLIN	0
	0.467750	0
	0.946478
PRED	O-SSM	88888
	OLIN	0
	0.574362	1
	0.386780
PRED	O-SSM	88888
	OLIN	0
	0.433130	0
	1.129077
PRED	O-SSM	88888
	OLIN	0
	0.607560	1
	0.207461
PRED	O-SSM	88888
	OLIN	0
	0.539868	1
	0.569312
PRED	O-SSM	88888
	OLIN	0
	0.396120	0
	1.328197
PRED	O-SSM	88888
	OLIN	0
	0.337671	0
	1.657125
PRED	O-SSM	88888
	OLIN	0
	0.369567	0
	1.474912
PRED	O-SSM	88888
	OLIN	0
	0.506499	1
	0.743952
PRED	O-SSM	88888
	OLIN	0
	0.504315	1
	0.755357
PRED	O-SSM	88888
	OLIN	0
	0.499476	0
	0.780617
PRED	O-SSM	88888
	OLIN	0
	0.417295	0
	1.213645
PRED	O-SSM	88888
	OLIN	0
	0.401869	0
	1.296905
PRED	O-SSM	88888
	OHSU	1
	0.809181	1
	1.034616
PRED	O-SSM	88888
	OHSU	1
	0.814551	1
	0.856224
PRED	O-SSM	88888
	OHSU	0
	0.802906	1
	1.238268
PRED	O-SSM	88888
	OHSU	0
	0.807586	1
	1.086852
PRED	O-SSM	88888
	OHSU	0
	0.764536	1
	2.389211
PRED	O-SSM	88888
	OHSU	0
	0.745242	1
	2.918486
PRED	O-SSM	88888
	OHSU	0
	0.837813	1
	0.033309
PRED	O-SSM	88888
	OHSU	0
	0.809346	1
	1.029179
PRED	O-SSM	88888
	OHSU	0
	0.830023	1
	0.318733
PRED	O-SSM	88888
	OHSU	0
	0.809632	1
	1.019792
  O-SSM    88888
   acc=52.999999% bal=54.604647% sites=3
/3
 test_n=100
 assoc=1.023971
PRED	O-SSM	33333
	PITT	1
	0.388930	0
	1.286122
PRED	O-SSM	33333
	PITT	1
	0.053245	0
	2.384423
PRED	O-SSM	33333
	PITT	1
	0.310539	0
	1.442646
PRED	O-SSM	33333
	PITT	1
	0.249788	0
	1.579416
PRED	O-SSM	33333
	PITT	1
	0.568359	1
	0.957049
PRED	O-SSM	33333
	PITT	1
	0.300910	0
	1.463184
PRED	O-SSM	33333
	PITT	1
	0.791628	1
	0.477404
PRED	O-SSM	33333
	PITT	1
	0.618941	1
	0.862037
PRED	O-SSM	33333
	PITT	1
	0.337420	0
	1.387064
PRED	O-SSM	33333
	PITT	1
	0.353935	0
	1.354009
PRED	O-SSM	33333
	PITT	1
	0.374580	0
	1.313646
PRED	O-SSM	33333
	PITT	1
	0.649948	1
	0.801490
PRED	O-SSM	33333
	PITT	1
	0.839488	1
	0.332707
PRED	O-SSM	33333
	PITT	1
	0.562769	1
	0.967349
PRED	O-SSM	33333
	PITT	1
	0.318581	0
	1.425763
PRED	O-SSM	33333
	PITT	1
	0.230429	0
	1.627464
PRED	O-SSM	33333
	PITT	1
	0.148367	0
	1.872617
PRED	O-SSM	33333
	PITT	1
	0.346502	0
	1.368796
PRED	O-SSM	33333
	PITT	1
	0.476013	0
	1.125069
PRED	O-SSM	33333
	PITT	1
	0.829280	1
	0.366154
PRED	O-SSM	33333
	PITT	1
	0.167000	0
	1.809050
PRED	O-SSM	33333
	PITT	1
	0.494421	0
	1.091706
PRED	O-SSM	33333
	PITT	1
	0.299473	0
	1.466280
PRED	O-SSM	33333
	PITT	1
	0.468005	0
	1.139614
PRED	O-SSM	33333
	PITT	1
	0.840290	1
	0.330010
PRED	O-SSM	33333
	PITT	1
	0.214201	0
	1.669967
PRED	O-SSM	33333
	PITT	1
	0.728588	1
	0.634612
PRED	O-SSM	33333
	PITT	1
	0.407619	0
	1.250817
PRED	O-SSM	33333
	PITT	1
	0.832040	1
	0.357272
PRED	O-SSM	33333
	PITT	0
	0.514997	1
	1.054441
PRED	O-SSM	33333
	PITT	0
	0.638585	1
	0.823935
PRED	O-SSM	33333
	PITT	0
	0.342918	0
	1.375977
PRED	O-SSM	33333
	PITT	0
	0.648410	1
	0.804548
PRED	O-SSM	33333
	PITT	0
	0.605388	1
	0.887878
PRED	O-SSM	33333
	PITT	0
	0.584036	1
	0.927987
PRED	O-SSM	33333
	PITT	0
	0.700299	1
	0.697419
PRED	O-SSM	33333
	PITT	0
	0.441777	0
	1.187506
PRED	O-SSM	33333
	PITT	0
	0.437406	0
	1.195537
PRED	O-SSM	33333
	PITT	0
	0.313895	0
	1.435573
PRED	O-SSM	33333
	PITT	0
	0.501578	1
	1.078745
PRED	O-SSM	33333
	PITT	0
	0.439600	0
	1.191503
PRED	O-SSM	33333
	PITT	0
	0.287627	0
	1.492139
PRED	O-SSM	33333
	PITT	0
	0.229231	0
	1.630528
PRED	O-SSM	33333
	PITT	0
	0.547000	1
	0.996251
PRED	O-SSM	33333
	PITT	0
	0.785945	1
	0.492846
PRED	O-SSM	33333
	PITT	0
	0.840847	1
	0.328128
PRED	O-SSM	33333
	PITT	0
	0.703171	1
	0.691207
PRED	O-SSM	33333
	PITT	0
	0.296933	0
	1.471774
PRED	O-SSM	33333
	PITT	0
	0.367990	0
	1.326425
PRED	O-SSM	33333
	PITT	0
	0.647438	1
	0.806476
PRED	O-SSM	33333
	PITT	0
	0.165851	0
	1.812799
PRED	O-SSM	33333
	PITT	0
	0.259515	0
	1.556216
PRED	O-SSM	33333
	PITT	0
	0.464872	0
	1.145313
PRED	O-SSM	33333
	PITT	0
	0.331294	0
	1.399526
PRED	O-SSM	33333
	PITT	0
	0.157321	0
	1.841305
PRED	O-SSM	33333
	PITT	0
	0.126662	0
	1.955604
PRED	O-SSM	33333
	OLIN	1
	0.180697	0
	1.156388
PRED	O-SSM	33333
	OLIN	1
	0.362831	0
	0.233657
PRED	O-SSM	33333
	OLIN	1
	0.353755	0
	0.272059
PRED	O-SSM	33333
	OLIN	1
	0.316596	0
	0.434406
PRED	O-SSM	33333
	OLIN	1
	0.347578	0
	0.298450
PRED	O-SSM	33333
	OLIN	1
	0.313091	0
	0.450211
PRED	O-SSM	33333
	OLIN	1
	0.254048	0
	0.733711
PRED	O-SSM	33333
	OLIN	1
	0.128582	0
	1.547372
PRED	O-SSM	33333
	OLIN	1
	0.288224	0
	0.565309
PRED	O-SSM	33333
	OLIN	1
	0.364031	0
	0.228612
PRED	O-SSM	33333
	OLIN	1
	0.370233	0
	0.202644
PRED	O-SSM	33333
	OLIN	1
	0.139859	0
	1.452920
PRED	O-SSM	33333
	OLIN	1
	0.204082	0
	1.009830
PRED	O-SSM	33333
	OLIN	1
	0.252487	0
	0.741740
PRED	O-SSM	33333
	OLIN	1
	0.323344	0
	0.404237
PRED	O-SSM	33333
	OLIN	1
	0.392215	0
	0.111974
PRED	O-SSM	33333
	OLIN	1
	0.208493	0
	0.983620
PRED	O-SSM	33333
	OLIN	1
	0.106283	0
	1.757231
PRED	O-SSM	33333
	OLIN	1
	0.248706	0
	0.761326
PRED	O-SSM	33333
	OLIN	0
	0.130613	0
	1.529856
PRED	O-SSM	33333
	OLIN	0
	0.361755	0
	0.238188
PRED	O-SSM	33333
	OLIN	0
	0.193896	0
	1.072006
PRED	O-SSM	33333
	OLIN	0
	0.328204	0
	0.382711
PRED	O-SSM	33333
	OLIN	0
	0.153426	0
	1.347392
PRED	O-SSM	33333
	OLIN	0
	0.377755	0
	0.171390
PRED	O-SSM	33333
	OLIN	0
	0.313415	0
	0.448747
PRED	O-SSM	33333
	OLIN	0
	0.099544	0
	1.828263
PRED	O-SSM	33333
	OLIN	0
	0.114970	0
	1.671305
PRED	O-SSM	33333
	OLIN	0
	0.111820	0
	1.701783
PRED	O-SSM	33333
	OLIN	0
	0.254530	0
	0.731242
PRED	O-SSM	33333
	OLIN	0
	0.237328	0
	0.821506
PRED	O-SSM	33333
	OLIN	0
	0.259535	0
	0.705742
PRED	O-SSM	33333
	OLIN	0
	0.170724	0
	1.223383
PRED	O-SSM	33333
	OLIN	0
	0.198957	0
	1.040813
PRED	O-SSM	33333
	OHSU	1
	0.384014	0
	1.450291
PRED	O-SSM	33333
	OHSU	1
	0.460420	0
	0.933082
PRED	O-SSM	33333
	OHSU	0
	0.465740	0
	0.897825
PRED	O-SSM	33333
	OHSU	0
	0.418973	0
	1.210458
PRED	O-SSM	33333
	OHSU	0
	0.281212	0
	2.217989
PRED	O-SSM	33333
	OHSU	0
	0.340255	0
	1.762720
PRED	O-SSM	33333
	OHSU	0
	0.595237	1
	0.036204
PRED	O-SSM	33333
	OHSU	0
	0.365595	0
	1.579828
PRED	O-SSM	33333
	OHSU	0
	0.535646	1
	0.436323
PRED	O-SSM	33333
	OHSU	0
	0.397226	0
	1.358830
  O-SSM    33333
   acc=46.000000% bal=44.173052% sites=3
/3
 test_n=100
 assoc=1.064554
PRED	O-SSM	12321
	PITT	1
	0.288259	0
	1.182694
PRED	O-SSM	12321
	PITT	1
	0.147555	0
	1.694229
PRED	O-SSM	12321
	PITT	1
	0.289580	0
	1.178826
PRED	O-SSM	12321
	PITT	1
	0.246350	0
	1.311667
PRED	O-SSM	12321
	PITT	1
	0.214609	0
	1.419494
PRED	O-SSM	12321
	PITT	1
	0.211066	0
	1.432220
PRED	O-SSM	12321
	PITT	1
	0.591289	1
	0.416559
PRED	O-SSM	12321
	PITT	1
	0.308460	0
	1.124610
PRED	O-SSM	12321
	PITT	1
	0.133644	0
	1.763553
PRED	O-SSM	12321
	PITT	1
	0.287671	0
	1.184420
PRED	O-SSM	12321
	PITT	1
	0.145778	0
	1.702773
PRED	O-SSM	12321
	PITT	1
	0.538203	1
	0.546650
PRED	O-SSM	12321
	PITT	1
	0.634836	1
	0.305998
PRED	O-SSM	12321
	PITT	1
	0.259598	0
	1.269473
PRED	O-SSM	12321
	PITT	1
	0.158722	0
	1.642390
PRED	O-SSM	12321
	PITT	1
	0.198273	0
	1.479526
PRED	O-SSM	12321
	PITT	1
	0.114511	0
	1.869679
PRED	O-SSM	12321
	PITT	1
	0.114880	0
	1.867492
PRED	O-SSM	12321
	PITT	1
	0.339236	0
	1.039985
PRED	O-SSM	12321
	PITT	1
	0.622895	1
	0.336790
PRED	O-SSM	12321
	PITT	1
	0.143889	0
	1.711950
PRED	O-SSM	12321
	PITT	1
	0.191050	0
	1.507256
PRED	O-SSM	12321
	PITT	1
	0.241144	0
	1.328663
PRED	O-SSM	12321
	PITT	1
	0.329970	0
	1.065030
PRED	O-SSM	12321
	PITT	1
	0.570381	1
	0.468244
PRED	O-SSM	12321
	PITT	1
	0.241727	0
	1.326747
PRED	O-SSM	12321
	PITT	1
	0.504249	1
	0.628560
PRED	O-SSM	12321
	PITT	1
	0.159864	0
	1.637258
PRED	O-SSM	12321
	PITT	1
	0.603928	1
	0.384928
PRED	O-SSM	12321
	PITT	0
	0.339644	0
	1.038888
PRED	O-SSM	12321
	PITT	0
	0.405149	0
	0.869898
PRED	O-SSM	12321
	PITT	0
	0.273750	0
	1.225918
PRED	O-SSM	12321
	PITT	0
	0.380424	0
	0.932298
PRED	O-SSM	12321
	PITT	0
	0.367536	0
	0.965427
PRED	O-SSM	12321
	PITT	0
	0.404612	0
	0.871240
PRED	O-SSM	12321
	PITT	0
	0.457865	0
	0.740451
PRED	O-SSM	12321
	PITT	0
	0.253662	0
	1.288198
PRED	O-SSM	12321
	PITT	0
	0.322192	0
	1.086331
PRED	O-SSM	12321
	PITT	0
	0.224041	0
	1.386341
PRED	O-SSM	12321
	PITT	0
	0.335824	0
	1.049167
PRED	O-SSM	12321
	PITT	0
	0.199662	0
	1.474281
PRED	O-SSM	12321
	PITT	0
	0.209994	0
	1.436103
PRED	O-SSM	12321
	PITT	0
	0.131417	0
	1.775213
PRED	O-SSM	12321
	PITT	0
	0.261322	0
	1.264086
PRED	O-SSM	12321
	PITT	0
	0.516846	1
	0.598223
PRED	O-SSM	12321
	PITT	0
	0.646675	1
	0.275047
PRED	O-SSM	12321
	PITT	0
	0.518555	1
	0.594105
PRED	O-SSM	12321
	PITT	0
	0.205658	0
	1.451953
PRED	O-SSM	12321
	PITT	0
	0.160160	0
	1.635933
PRED	O-SSM	12321
	PITT	0
	0.223779	0
	1.387248
PRED	O-SSM	12321
	PITT	0
	0.065300	0
	2.240226
PRED	O-SSM	12321
	PITT	0
	0.243374	0
	1.321351
PRED	O-SSM	12321
	PITT	0
	0.222654	0
	1.391154
PRED	O-SSM	12321
	PITT	0
	0.232728	0
	1.356674
PRED	O-SSM	12321
	PITT	0
	0.113402	0
	1.876289
PRED	O-SSM	12321
	PITT	0
	0.213559	0
	1.423252
PRED	O-SSM	12321
	OLIN	1
	0.400930	0
	1.143456
PRED	O-SSM	12321
	OLIN	1
	0.604449	1
	0.144406
PRED	O-SSM	12321
	OLIN	1
	0.598492	1
	0.174476
PRED	O-SSM	12321
	OLIN	1
	0.570540	1
	0.313789
PRED	O-SSM	12321
	OLIN	1
	0.569262	1
	0.320101
PRED	O-SSM	12321
	OLIN	1
	0.525080	1
	0.536015
PRED	O-SSM	12321
	OLIN	1
	0.495001	0
	0.681709
PRED	O-SSM	12321
	OLIN	1
	0.388646	0
	1.205677
PRED	O-SSM	12321
	OLIN	1
	0.531726	1
	0.503745
PRED	O-SSM	12321
	OLIN	1
	0.596869	1
	0.182643
PRED	O-SSM	12321
	OLIN	1
	0.590297	1
	0.215607
PRED	O-SSM	12321
	OLIN	1
	0.315540	0
	1.594510
PRED	O-SSM	12321
	OLIN	1
	0.550321	1
	0.413120
PRED	O-SSM	12321
	OLIN	1
	0.527891	1
	0.522374
PRED	O-SSM	12321
	OLIN	1
	0.575472	1
	0.289400
PRED	O-SSM	12321
	OLIN	1
	0.621481	1
	0.057523
PRED	O-SSM	12321
	OLIN	1
	0.428444	0
	1.006253
PRED	O-SSM	12321
	OLIN	1
	0.455093	0
	0.875457
PRED	O-SSM	12321
	OLIN	1
	0.479506	0
	0.756764
PRED	O-SSM	12321
	OLIN	0
	0.361221	0
	1.347322
PRED	O-SSM	12321
	OLIN	0
	0.591284	1
	0.210669
PRED	O-SSM	12321
	OLIN	0
	0.473958	0
	0.783676
PRED	O-SSM	12321
	OLIN	0
	0.558178	1
	0.374635
PRED	O-SSM	12321
	OLIN	0
	0.424106	0
	1.027715
PRED	O-SSM	12321
	OLIN	0
	0.591707	1
	0.208549
PRED	O-SSM	12321
	OLIN	0
	0.551826	1
	0.405758
PRED	O-SSM	12321
	OLIN	0
	0.300090	0
	1.682265
PRED	O-SSM	12321
	OLIN	0
	0.426533	0
	1.015699
PRED	O-SSM	12321
	OLIN	0
	0.400326	0
	1.146504
PRED	O-SSM	12321
	OLIN	0
	0.512512	1
	0.596938
PRED	O-SSM	12321
	OLIN	0
	0.459314	0
	0.854877
PRED	O-SSM	12321
	OLIN	0
	0.492908	0
	0.691839
PRED	O-SSM	12321
	OLIN	0
	0.356658	0
	1.371318
PRED	O-SSM	12321
	OLIN	0
	0.430411	0
	0.996540
PRED	O-SSM	12321
	OHSU	1
	0.441561	0
	1.240385
PRED	O-SSM	12321
	OHSU	1
	0.611264	1
	0.678037
PRED	O-SSM	12321
	OHSU	0
	0.433779	0
	1.266252
PRED	O-SSM	12321
	OHSU	0
	0.491399	0
	1.076438
PRED	O-SSM	12321
	OHSU	0
	0.185451	0
	2.258824
PRED	O-SSM	12321
	OHSU	0
	0.331434	0
	1.622296
PRED	O-SSM	12321
	OHSU	0
	0.776478	1
	0.029656
PRED	O-SSM	12321
	OHSU	0
	0.425627	0
	1.293462
PRED	O-SSM	12321
	OHSU	0
	0.725050	1
	0.255106
PRED	O-SSM	12321
	OHSU	0
	0.367539	0
	1.492299
  O-SSM    12321
   acc=59.999999% bal=61.308564% sites=3
/3
 test_n=100
 assoc=1.009104
PRED	O-SSM	24680
	PITT	1
	0.188356	0
	1.593130
PRED	O-SSM	24680
	PITT	1
	0.097330	0
	1.987820
PRED	O-SSM	24680
	PITT	1
	0.383218	0
	1.086034
PRED	O-SSM	24680
	PITT	1
	0.290686	0
	1.300312
PRED	O-SSM	24680
	PITT	1
	0.498390	0
	0.844297
PRED	O-SSM	24680
	PITT	1
	0.101556	0
	1.963519
PRED	O-SSM	24680
	PITT	1
	0.715314	1
	0.366574
PRED	O-SSM	24680
	PITT	1
	0.435093	0
	0.975426
PRED	O-SSM	24680
	PITT	1
	0.088460	0
	2.042060
PRED	O-SSM	24680
	PITT	1
	0.359444	0
	1.138486
PRED	O-SSM	24680
	PITT	1
	0.133104	0
	1.805817
PRED	O-SSM	24680
	PITT	1
	0.627233	1
	0.573038
PRED	O-SSM	24680
	PITT	1
	0.779558	1
	0.190598
PRED	O-SSM	24680
	PITT	1
	0.358027	0
	1.141658
PRED	O-SSM	24680
	PITT	1
	0.257835	0
	1.385373
PRED	O-SSM	24680
	PITT	1
	0.218403	0
	1.497493
PRED	O-SSM	24680
	PITT	1
	0.410485	0
	1.027359
PRED	O-SSM	24680
	PITT	1
	0.246467	0
	1.416418
PRED	O-SSM	24680
	PITT	1
	0.525579	1
	0.788250
PRED	O-SSM	24680
	PITT	1
	0.691802	1
	0.424644
PRED	O-SSM	24680
	PITT	1
	0.034402	0
	2.558020
PRED	O-SSM	24680
	PITT	1
	0.229284	0
	1.465239
PRED	O-SSM	24680
	PITT	1
	0.158024	0
	1.702433
PRED	O-SSM	24680
	PITT	1
	0.434809	0
	0.976020
PRED	O-SSM	24680
	PITT	1
	0.562918	1
	0.710701
PRED	O-SSM	24680
	PITT	1
	0.358928	0
	1.139641
PRED	O-SSM	24680
	PITT	1
	0.539254	1
	0.759963
PRED	O-SSM	24680
	PITT	1
	0.180138	0
	1.621287
PRED	O-SSM	24680
	PITT	1
	0.689914	1
	0.429195
PRED	O-SSM	24680
	PITT	0
	0.368532	0
	1.118271
PRED	O-SSM	24680
	PITT	0
	0.346225	0
	1.168298
PRED	O-SSM	24680
	PITT	0
	0.320077	0
	1.228925
PRED	O-SSM	24680
	PITT	0
	0.554009	1
	0.729305
PRED	O-SSM	24680
	PITT	0
	0.447215	0
	0.950107
PRED	O-SSM	24680
	PITT	0
	0.323497	0
	1.220855
PRED	O-SSM	24680
	PITT	0
	0.676135	1
	0.461971
PRED	O-SSM	24680
	PITT	0
	0.240703	0
	1.432528
PRED	O-SSM	24680
	PITT	0
	0.355920	0
	1.146383
PRED	O-SSM	24680
	PITT	0
	0.125504	0
	1.840588
PRED	O-SSM	24680
	PITT	0
	0.391320	0
	1.068453
PRED	O-SSM	24680
	PITT	0
	0.171192	0
	1.653104
PRED	O-SSM	24680
	PITT	0
	0.305492	0
	1.263869
PRED	O-SSM	24680
	PITT	0
	0.132148	0
	1.810096
PRED	O-SSM	24680
	PITT	0
	0.188429	0
	1.592883
PRED	O-SSM	24680
	PITT	0
	0.743448	1
	0.293130
PRED	O-SSM	24680
	PITT	0
	0.692402	1
	0.423193
PRED	O-SSM	24680
	PITT	0
	0.503589	1
	0.833589
PRED	O-SSM	24680
	PITT	0
	0.190356	0
	1.586419
PRED	O-SSM	24680
	PITT	0
	0.097118	0
	1.989062
PRED	O-SSM	24680
	PITT	0
	0.437026	0
	0.971378
PRED	O-SSM	24680
	PITT	0
	0.263003	0
	1.371557
PRED	O-SSM	24680
	PITT	0
	0.310355	0
	1.252118
PRED	O-SSM	24680
	PITT	0
	0.163648	0
	1.680975
PRED	O-SSM	24680
	PITT	0
	0.157233	0
	1.705500
PRED	O-SSM	24680
	PITT	0
	0.291047	0
	1.299411
PRED	O-SSM	24680
	PITT	0
	0.180162	0
	1.621201
PRED	O-SSM	24680
	OLIN	1
	0.268168	0
	0.934727
PRED	O-SSM	24680
	OLIN	1
	0.427800	0
	0.198144
PRED	O-SSM	24680
	OLIN	1
	0.431753	0
	0.181481
PRED	O-SSM	24680
	OLIN	1
	0.400070	0
	0.316246
PRED	O-SSM	24680
	OLIN	1
	0.407983	0
	0.282302
PRED	O-SSM	24680
	OLIN	1
	0.413938	0
	0.256893
PRED	O-SSM	24680
	OLIN	1
	0.327548	0
	0.640714
PRED	O-SSM	24680
	OLIN	1
	0.247674	0
	1.045374
PRED	O-SSM	24680
	OLIN	1
	0.338658	0
	0.589049
PRED	O-SSM	24680
	OLIN	1
	0.430793	0
	0.185526
PRED	O-SSM	24680
	OLIN	1
	0.439478	0
	0.149024
PRED	O-SSM	24680
	OLIN	1
	0.187632	0
	1.411460
PRED	O-SSM	24680
	OLIN	1
	0.331157	0
	0.623834
PRED	O-SSM	24680
	OLIN	1
	0.315788	0
	0.696389
PRED	O-SSM	24680
	OLIN	1
	0.378302	0
	0.410852
PRED	O-SSM	24680
	OLIN	1
	0.457680	0
	0.073008
PRED	O-SSM	24680
	OLIN	1
	0.233665	0
	1.124573
PRED	O-SSM	24680
	OLIN	1
	0.216642	0
	1.225397
PRED	O-SSM	24680
	OLIN	1
	0.344541	0
	0.562034
PRED	O-SSM	24680
	OLIN	0
	0.132886	0
	1.835167
PRED	O-SSM	24680
	OLIN	0
	0.428517	0
	0.195119
PRED	O-SSM	24680
	OLIN	0
	0.257868	0
	0.989616
PRED	O-SSM	24680
	OLIN	0
	0.370541	0
	0.445080
PRED	O-SSM	24680
	OLIN	0
	0.232685	0
	1.130233
PRED	O-SSM	24680
	OLIN	0
	0.424961	0
	0.210134
PRED	O-SSM	24680
	OLIN	0
	0.368359	0
	0.454753
PRED	O-SSM	24680
	OLIN	0
	0.188399	0
	1.406264
PRED	O-SSM	24680
	OLIN	0
	0.226645	0
	1.165497
PRED	O-SSM	24680
	OLIN	0
	0.160683	0
	1.605323
PRED	O-SSM	24680
	OLIN	0
	0.356545	0
	0.507564
PRED	O-SSM	24680
	OLIN	0
	0.353698	0
	0.520405
PRED	O-SSM	24680
	OLIN	0
	0.328446	0
	0.636503
PRED	O-SSM	24680
	OLIN	0
	0.226683	0
	1.165273
PRED	O-SSM	24680
	OLIN	0
	0.295803	0
	0.793657
PRED	O-SSM	24680
	OHSU	1
	0.715602	1
	1.133224
PRED	O-SSM	24680
	OHSU	1
	0.721034	1
	0.916626
PRED	O-SSM	24680
	OHSU	0
	0.707680	1
	1.444679
PRED	O-SSM	24680
	OHSU	0
	0.712916	1
	1.239417
PRED	O-SSM	24680
	OHSU	0
	0.695219	1
	1.924807
PRED	O-SSM	24680
	OHSU	0
	0.693069	1
	2.006475
PRED	O-SSM	24680
	OHSU	0
	0.742514	1
	0.033366
PRED	O-SSM	24680
	OHSU	0
	0.718043	1
	1.036223
PRED	O-SSM	24680
	OHSU	0
	0.733214	1
	0.421318
PRED	O-SSM	24680
	OHSU	0
	0.712110	1
	1.271133
  O-SSM    24680
   acc=47.000000% bal=51.511281% sites=3
/3
 test_n=100
 assoc=1.024361
PRED	O-SSM	13579
	PITT	1
	0.215969	0
	1.098298
PRED	O-SSM	13579
	PITT	1
	0.146048	0
	1.409199
PRED	O-SSM	13579
	PITT	1
	0.277159	0
	0.882577
PRED	O-SSM	13579
	PITT	1
	0.194378	0
	1.184726
PRED	O-SSM	13579
	PITT	1
	0.250782	0
	0.971188
PRED	O-SSM	13579
	PITT	1
	0.090393	0
	1.763334
PRED	O-SSM	13579
	PITT	1
	0.467527	0
	0.342136
PRED	O-SSM	13579
	PITT	1
	0.167148	0
	1.304856
PRED	O-SSM	13579
	PITT	1
	0.256637	0
	0.951018
PRED	O-SSM	13579
	PITT	1
	0.254557	0
	0.958149
PRED	O-SSM	13579
	PITT	1
	0.253191	0
	0.962851
PRED	O-SSM	13579
	PITT	1
	0.301335	0
	0.805835
PRED	O-SSM	13579
	PITT	1
	0.507378	1
	0.238037
PRED	O-SSM	13579
	PITT	1
	0.231577	0
	1.039669
PRED	O-SSM	13579
	PITT	1
	0.198085	0
	1.169394
PRED	O-SSM	13579
	PITT	1
	0.121378	0
	1.548470
PRED	O-SSM	13579
	PITT	1
	0.096169	0
	1.718772
PRED	O-SSM	13579
	PITT	1
	0.049051	0
	2.191077
PRED	O-SSM	13579
	PITT	1
	0.271843	0
	0.899989
PRED	O-SSM	13579
	PITT	1
	0.518316	1
	0.209478
PRED	O-SSM	13579
	PITT	1
	0.154280	0
	1.367116
PRED	O-SSM	13579
	PITT	1
	0.129915	0
	1.497760
PRED	O-SSM	13579
	PITT	1
	0.139427	0
	1.444503
PRED	O-SSM	13579
	PITT	1
	0.337425	0
	0.697451
PRED	O-SSM	13579
	PITT	1
	0.408471	0
	0.498828
PRED	O-SSM	13579
	PITT	1
	0.087852	0
	1.783751
PRED	O-SSM	13579
	PITT	1
	0.301617	0
	0.804959
PRED	O-SSM	13579
	PITT	1
	0.173031	0
	1.277667
PRED	O-SSM	13579
	PITT	1
	0.460207	0
	0.361335
PRED	O-SSM	13579
	PITT	0
	0.333511	0
	0.708904
PRED	O-SSM	13579
	PITT	0
	0.253578	0
	0.961518
PRED	O-SSM	13579
	PITT	0
	0.151489	0
	1.381171
PRED	O-SSM	13579
	PITT	0
	0.276630	0
	0.884301
PRED	O-SSM	13579
	PITT	0
	0.268886	0
	0.909767
PRED	O-SSM	13579
	PITT	0
	0.347552	0
	0.668114
PRED	O-SSM	13579
	PITT	0
	0.455324	0
	0.374170
PRED	O-SSM	13579
	PITT	0
	0.178832	0
	1.251567
PRED	O-SSM	13579
	PITT	0
	0.161378	0
	1.332278
PRED	O-SSM	13579
	PITT	0
	0.114752	0
	1.589988
PRED	O-SSM	13579
	PITT	0
	0.165550	0
	1.312372
PRED	O-SSM	13579
	PITT	0
	0.161300	0
	1.332650
PRED	O-SSM	13579
	PITT	0
	0.223187	0
	1.070823
PRED	O-SSM	13579
	PITT	0
	0.047598	0
	2.211681
PRED	O-SSM	13579
	PITT	0
	0.226309	0
	1.059136
PRED	O-SSM	13579
	PITT	0
	0.418052	0
	0.473053
PRED	O-SSM	13579
	PITT	0
	0.454064	0
	0.377483
PRED	O-SSM	13579
	PITT	0
	0.313053	0
	0.769917
PRED	O-SSM	13579
	PITT	0
	0.158534	0
	1.346083
PRED	O-SSM	13579
	PITT	0
	0.178582	0
	1.252677
PRED	O-SSM	13579
	PITT	0
	0.225231	0
	1.063156
PRED	O-SSM	13579
	PITT	0
	0.041567	0
	2.304177
PRED	O-SSM	13579
	PITT	0
	0.256885	0
	0.950168
PRED	O-SSM	13579
	PITT	0
	0.253637	0
	0.961314
PRED	O-SSM	13579
	PITT	0
	0.244508	0
	0.993157
PRED	O-SSM	13579
	PITT	0
	0.113470	0
	1.598259
PRED	O-SSM	13579
	PITT	0
	0.125788	0
	1.521908
PRED	O-SSM	13579
	OLIN	1
	0.397104	0
	1.180007
PRED	O-SSM	13579
	OLIN	1
	0.343002	0
	0.095075
PRED	O-SSM	13579
	OLIN	1
	0.350703	0
	0.253767
PRED	O-SSM	13579
	OLIN	1
	0.363157	0
	0.507091
PRED	O-SSM	13579
	OLIN	1
	0.354194	0
	0.325180
PRED	O-SSM	13579
	OLIN	1
	0.357048	0
	0.383330
PRED	O-SSM	13579
	OLIN	1
	0.382340	0
	0.890186
PRED	O-SSM	13579
	OLIN	1
	0.410179	0
	1.433589
PRED	O-SSM	13579
	OLIN	1
	0.388519	0
	1.011965
PRED	O-SSM	13579
	OLIN	1
	0.347607	0
	0.190176
PRED	O-SSM	13579
	OLIN	1
	0.349876	0
	0.236800
PRED	O-SSM	13579
	OLIN	1
	0.390512	0
	1.051084
PRED	O-SSM	13579
	OLIN	1
	0.372766	0
	0.699981
PRED	O-SSM	13579
	OLIN	1
	0.357161	0
	0.385619
PRED	O-SSM	13579
	OLIN	1
	0.354112	0
	0.323508
PRED	O-SSM	13579
	OLIN	1
	0.341889	0
	0.071997
PRED	O-SSM	13579
	OLIN	1
	0.384174	0
	0.926409
PRED	O-SSM	13579
	OLIN	1
	0.396343	0
	1.165160
PRED	O-SSM	13579
	OLIN	1
	0.376934	0
	0.783024
PRED	O-SSM	13579
	OLIN	0
	0.469249	0
	2.554314
PRED	O-SSM	13579
	OLIN	0
	0.347115	0
	0.180034
PRED	O-SSM	13579
	OLIN	0
	0.361436	0
	0.472313
PRED	O-SSM	13579
	OLIN	0
	0.359750	0
	0.438188
PRED	O-SSM	13579
	OLIN	0
	0.379961	0
	0.843088
PRED	O-SSM	13579
	OLIN	0
	0.348624	0
	0.211098
PRED	O-SSM	13579
	OLIN	0
	0.364213	0
	0.528394
PRED	O-SSM	13579
	OLIN	0
	0.432032	0
	1.852168
PRED	O-SSM	13579
	OLIN	0
	0.379442	0
	0.832807
PRED	O-SSM	13579
	OLIN	0
	0.405020	0
	1.333842
PRED	O-SSM	13579
	OLIN	0
	0.363794	0
	0.519944
PRED	O-SSM	13579
	OLIN	0
	0.377721	0
	0.798651
PRED	O-SSM	13579
	OLIN	0
	0.372877	0
	0.702191
PRED	O-SSM	13579
	OLIN	0
	0.392227	0
	1.084691
PRED	O-SSM	13579
	OLIN	0
	0.412539	0
	1.479100
PRED	O-SSM	13579
	OHSU	1
	0.602897	1
	1.001997
PRED	O-SSM	13579
	OHSU	1
	0.612726	1
	0.873711
PRED	O-SSM	13579
	OHSU	0
	0.559168	1
	1.561256
PRED	O-SSM	13579
	OHSU	0
	0.612545	1
	0.876086
PRED	O-SSM	13579
	OHSU	0
	0.561455	1
	1.532380
PRED	O-SSM	13579
	OHSU	0
	0.528425	1
	1.946930
PRED	O-SSM	13579
	OHSU	0
	0.674607	1
	0.032745
PRED	O-SSM	13579
	OHSU	0
	0.586900	1
	1.208533
PRED	O-SSM	13579
	OHSU	0
	0.645393	1
	0.437962
PRED	O-SSM	13579
	OHSU	0
	0.589844	1
	1.170711
  O-SSM    13579
   acc=46.000000% bal=51.149425% sites=3
/3
 test_n=100
 assoc=0.976442
PRED	O-SSM	54321
	PITT	1
	0.092705	0
	1.618434
PRED	O-SSM	54321
	PITT	1
	0.043453	0
	1.984318
PRED	O-SSM	54321
	PITT	1
	0.359161	0
	0.850190
PRED	O-SSM	54321
	PITT	1
	0.181530	0
	1.268610
PRED	O-SSM	54321
	PITT	1
	0.170210	0
	1.303873
PRED	O-SSM	54321
	PITT	1
	0.123992	0
	1.471339
PRED	O-SSM	54321
	PITT	1
	0.564878	1
	0.471047
PRED	O-SSM	54321
	PITT	1
	0.403815	0
	0.764695
PRED	O-SSM	54321
	PITT	1
	0.064398	0
	1.796754
PRED	O-SSM	54321
	PITT	1
	0.108572	0
	1.539160
PRED	O-SSM	54321
	PITT	1
	0.124677	0
	1.468501
PRED	O-SSM	54321
	PITT	1
	0.326543	0
	0.915572
PRED	O-SSM	54321
	PITT	1
	0.654519	1
	0.300440
PRED	O-SSM	54321
	PITT	1
	0.169608	0
	1.305799
PRED	O-SSM	54321
	PITT	1
	0.133548	0
	1.432879
PRED	O-SSM	54321
	PITT	1
	0.007741	0
	2.779785
PRED	O-SSM	54321
	PITT	1
	0.380669	0
	0.808530
PRED	O-SSM	54321
	PITT	1
	0.073131	0
	1.735118
PRED	O-SSM	54321
	PITT	1
	0.286828	0
	0.999968
PRED	O-SSM	54321
	PITT	1
	0.590986	1
	0.422724
PRED	O-SSM	54321
	PITT	1
	0.006791	0
	2.839564
PRED	O-SSM	54321
	PITT	1
	0.261526	0
	1.057389
PRED	O-SSM	54321
	PITT	1
	0.073754	0
	1.730986
PRED	O-SSM	54321
	PITT	1
	0.201754	0
	1.209640
PRED	O-SSM	54321
	PITT	1
	0.458268	0
	0.664367
PRED	O-SSM	54321
	PITT	1
	0.051454	0
	1.904233
PRED	O-SSM	54321
	PITT	1
	0.521013	1
	0.550885
PRED	O-SSM	54321
	PITT	1
	0.127969	0
	1.455037
PRED	O-SSM	54321
	PITT	1
	0.635373	1
	0.338185
PRED	O-SSM	54321
	PITT	0
	0.388931	0
	0.792777
PRED	O-SSM	54321
	PITT	0
	0.266330	0
	1.046225
PRED	O-SSM	54321
	PITT	0
	0.099839	0
	1.581410
PRED	O-SSM	54321
	PITT	0
	0.311296	0
	0.947262
PRED	O-SSM	54321
	PITT	0
	0.320822	0
	0.927369
PRED	O-SSM	54321
	PITT	0
	0.200640	0
	1.212768
PRED	O-SSM	54321
	PITT	0
	0.375133	0
	0.819160
PRED	O-SSM	54321
	PITT	0
	0.125338	0
	1.465773
PRED	O-SSM	54321
	PITT	0
	0.246245	0
	1.093807
PRED	O-SSM	54321
	PITT	0
	0.103211	0
	1.564719
PRED	O-SSM	54321
	PITT	0
	0.256116	0
	1.070118
PRED	O-SSM	54321
	PITT	0
	0.133097	0
	1.434639
PRED	O-SSM	54321
	PITT	0
	0.030196	0
	2.154809
PRED	O-SSM	54321
	PITT	0
	0.023670	0
	2.267744
PRED	O-SSM	54321
	PITT	0
	0.067177	0
	1.776342
PRED	O-SSM	54321
	PITT	0
	0.637364	1
	0.334303
PRED	O-SSM	54321
	PITT	0
	0.579896	1
	0.443350
PRED	O-SSM	54321
	PITT	0
	0.435644	0
	0.705686
PRED	O-SSM	54321
	PITT	0
	0.058308	0
	1.844520
PRED	O-SSM	54321
	PITT	0
	0.117899	0
	1.497209
PRED	O-SSM	54321
	PITT	0
	0.349470	0
	0.869311
PRED	O-SSM	54321
	PITT	0
	0.162587	0
	1.328682
PRED	O-SSM	54321
	PITT	0
	0.073837	0
	1.730437
PRED	O-SSM	54321
	PITT	0
	0.153699	0
	1.358821
PRED	O-SSM	54321
	PITT	0
	0.131433	0
	1.441182
PRED	O-SSM	54321
	PITT	0
	0.051967	0
	1.899512
PRED	O-SSM	54321
	PITT	0
	0.218542	0
	1.163971
PRED	O-SSM	54321
	OLIN	1
	0.416260	0
	0.809894
PRED	O-SSM	54321
	OLIN	1
	0.347104	0
	0.154039
PRED	O-SSM	54321
	OLIN	1
	0.350557	0
	0.187995
PRED	O-SSM	54321
	OLIN	1
	0.378061	0
	0.453341
PRED	O-SSM	54321
	OLIN	1
	0.364066	0
	0.319394
PRED	O-SSM	54321
	OLIN	1
	0.397106	0
	0.632572
PRED	O-SSM	54321
	OLIN	1
	0.419881	0
	0.843138
PRED	O-SSM	54321
	OLIN	1
	0.473149	0
	1.325013
PRED	O-SSM	54321
	OLIN	1
	0.404612	0
	0.702378
PRED	O-SSM	54321
	OLIN	1
	0.353320	0
	0.215048
PRED	O-SSM	54321
	OLIN	1
	0.353138	0
	0.213270
PRED	O-SSM	54321
	OLIN	1
	0.515059	1
	1.699699
PRED	O-SSM	54321
	OLIN	1
	0.383126	0
	0.501323
PRED	O-SSM	54321
	OLIN	1
	0.436235	0
	0.992343
PRED	O-SSM	54321
	OLIN	1
	0.359847	0
	0.278595
PRED	O-SSM	54321
	OLIN	1
	0.337147	0
	0.055230
PRED	O-SSM	54321
	OLIN	1
	0.415288	0
	0.800957
PRED	O-SSM	54321
	OLIN	1
	0.481833	0
	1.402756
PRED	O-SSM	54321
	OLIN	1
	0.416433	0
	0.811479
PRED	O-SSM	54321
	OLIN	0
	0.496929	0
	1.537685
PRED	O-SSM	54321
	OLIN	0
	0.357038	0
	0.251311
PRED	O-SSM	54321
	OLIN	0
	0.467565	0
	1.274951
PRED	O-SSM	54321
	OLIN	0
	0.381194	0
	0.483049
PRED	O-SSM	54321
	OLIN	0
	0.473834	0
	1.331148
PRED	O-SSM	54321
	OLIN	0
	0.356720	0
	0.248216
PRED	O-SSM	54321
	OLIN	0
	0.386237	0
	0.530685
PRED	O-SSM	54321
	OLIN	0
	0.544618	1
	1.964796
PRED	O-SSM	54321
	OLIN	0
	0.480956	0
	1.394906
PRED	O-SSM	54321
	OLIN	0
	0.442161	0
	1.046076
PRED	O-SSM	54321
	OLIN	0
	0.387441	0
	0.542020
PRED	O-SSM	54321
	OLIN	0
	0.424270	0
	0.883321
PRED	O-SSM	54321
	OLIN	0
	0.418734	0
	0.832617
PRED	O-SSM	54321
	OLIN	0
	0.480948	0
	1.394836
PRED	O-SSM	54321
	OLIN	0
	0.459836	0
	1.205532
PRED	O-SSM	54321
	OHSU	1
	0.428159	0
	1.311646
PRED	O-SSM	54321
	OHSU	1
	0.644126	1
	0.578192
PRED	O-SSM	54321
	OHSU	0
	0.519010	1
	1.007986
PRED	O-SSM	54321
	OHSU	0
	0.448870	0
	1.241741
PRED	O-SSM	54321
	OHSU	0
	0.170357	0
	2.386653
PRED	O-SSM	54321
	OHSU	0
	0.218478	0
	2.130275
PRED	O-SSM	54321
	OHSU	0
	0.776608	1
	0.035849
PRED	O-SSM	54321
	OHSU	0
	0.394355	0
	1.427706
PRED	O-SSM	54321
	OHSU	0
	0.686591	1
	0.419558
PRED	O-SSM	54321
	OHSU	0
	0.418397	0
	1.344876
  O-SSM    54321
   acc=51.000000% bal=53.488411% sites=3
/3
 test_n=100
 assoc=1.091131
PRED	O-SSM	67890
	PITT	1
	0.274650	0
	1.334322
PRED	O-SSM	67890
	PITT	1
	0.165880	0
	1.741077
PRED	O-SSM	67890
	PITT	1
	0.489171	0
	0.748260
PRED	O-SSM	67890
	PITT	1
	0.289005	0
	1.289518
PRED	O-SSM	67890
	PITT	1
	0.266016	0
	1.361975
PRED	O-SSM	67890
	PITT	1
	0.226742	0
	1.495800
PRED	O-SSM	67890
	PITT	1
	0.669255	1
	0.275700
PRED	O-SSM	67890
	PITT	1
	0.328898	0
	1.171368
PRED	O-SSM	67890
	PITT	1
	0.149209	0
	1.820477
PRED	O-SSM	67890
	PITT	1
	0.427669	0
	0.904936
PRED	O-SSM	67890
	PITT	1
	0.167470	0
	1.733844
PRED	O-SSM	67890
	PITT	1
	0.464934	0
	0.809638
PRED	O-SSM	67890
	PITT	1
	0.661096	1
	0.298841
PRED	O-SSM	67890
	PITT	1
	0.281335	0
	1.313284
PRED	O-SSM	67890
	PITT	1
	0.266224	0
	1.361299
PRED	O-SSM	67890
	PITT	1
	0.171829	0
	1.714297
PRED	O-SSM	67890
	PITT	1
	0.090945	0
	2.175040
PRED	O-SSM	67890
	PITT	1
	0.217930	0
	1.527995
PRED	O-SSM	67890
	PITT	1
	0.322431	0
	1.189969
PRED	O-SSM	67890
	PITT	1
	0.581314	1
	0.513609
PRED	O-SSM	67890
	PITT	1
	0.167437	0
	1.733995
PRED	O-SSM	67890
	PITT	1
	0.360893	0
	1.081875
PRED	O-SSM	67890
	PITT	1
	0.159011	0
	1.772969
PRED	O-SSM	67890
	PITT	1
	0.368613	0
	1.060829
PRED	O-SSM	67890
	PITT	1
	0.623700	1
	0.401736
PRED	O-SSM	67890
	PITT	1
	0.232665	0
	1.474655
PRED	O-SSM	67890
	PITT	1
	0.539424	1
	0.621081
PRED	O-SSM	67890
	PITT	1
	0.328307	0
	1.173061
PRED	O-SSM	67890
	PITT	1
	0.651300	1
	0.326269
PRED	O-SSM	67890
	PITT	0
	0.512767	1
	0.688631
PRED	O-SSM	67890
	PITT	0
	0.458137	0
	0.826914
PRED	O-SSM	67890
	PITT	0
	0.288495	0
	1.291088
PRED	O-SSM	67890
	PITT	0
	0.526181	1
	0.654686
PRED	O-SSM	67890
	PITT	0
	0.406678	0
	0.959477
PRED	O-SSM	67890
	PITT	0
	0.359848	0
	1.084739
PRED	O-SSM	67890
	PITT	0
	0.462122	0
	0.816781
PRED	O-SSM	67890
	PITT	0
	0.259591	0
	1.382921
PRED	O-SSM	67890
	PITT	0
	0.401583	0
	0.972842
PRED	O-SSM	67890
	PITT	0
	0.308619	0
	1.230372
PRED	O-SSM	67890
	PITT	0
	0.248795	0
	1.418898
PRED	O-SSM	67890
	PITT	0
	0.208690	0
	1.562778
PRED	O-SSM	67890
	PITT	0
	0.294525	0
	1.272643
PRED	O-SSM	67890
	PITT	0
	0.282849	0
	1.308563
PRED	O-SSM	67890
	PITT	0
	0.249689	0
	1.415879
PRED	O-SSM	67890
	PITT	0
	0.516540	1
	0.679091
PRED	O-SSM	67890
	PITT	0
	0.658170	1
	0.307073
PRED	O-SSM	67890
	PITT	0
	0.552161	1
	0.588626
PRED	O-SSM	67890
	PITT	0
	0.106382	0
	2.065195
PRED	O-SSM	67890
	PITT	0
	0.311822	0
	1.220918
PRED	O-SSM	67890
	PITT	0
	0.129535	0
	1.924231
PRED	O-SSM	67890
	PITT	0
	0.068976	0
	2.364769
PRED	O-SSM	67890
	PITT	0
	0.206380	0
	1.571653
PRED	O-SSM	67890
	PITT	0
	0.253487	0
	1.403138
PRED	O-SSM	67890
	PITT	0
	0.324045	0
	1.185310
PRED	O-SSM	67890
	PITT	0
	0.323679	0
	1.186367
PRED	O-SSM	67890
	PITT	0
	0.163686	0
	1.751143
PRED	O-SSM	67890
	OLIN	1
	0.399842	0
	1.531064
PRED	O-SSM	67890
	OLIN	1
	0.611869	1
	0.125978
PRED	O-SSM	67890
	OLIN	1
	0.602219	1
	0.191972
PRED	O-SSM	67890
	OLIN	1
	0.565525	1
	0.438478
PRED	O-SSM	67890
	OLIN	1
	0.584734	1
	0.310222
PRED	O-SSM	67890
	OLIN	1
	0.562829	1
	0.456369
PRED	O-SSM	67890
	OLIN	1
	0.500387	1
	0.866006
PRED	O-SSM	67890
	OLIN	1
	0.395451	0
	1.560973
PRED	O-SSM	67890
	OLIN	1
	0.505050	1
	0.835578
PRED	O-SSM	67890
	OLIN	1
	0.602310	1
	0.191353
PRED	O-SSM	67890
	OLIN	1
	0.596333	1
	0.231963
PRED	O-SSM	67890
	OLIN	1
	0.482063	0
	0.985629
PRED	O-SSM	67890
	OLIN	1
	0.552030	1
	0.527781
PRED	O-SSM	67890
	OLIN	1
	0.575748	1
	0.370408
PRED	O-SSM	67890
	OLIN	1
	0.574356	1
	0.379704
PRED	O-SSM	67890
	OLIN	1
	0.620539	1
	0.066172
PRED	O-SSM	67890
	OLIN	1
	0.434548	0
	1.298104
PRED	O-SSM	67890
	OLIN	1
	0.519401	1
	0.741866
PRED	O-SSM	67890
	OLIN	1
	0.517144	1
	0.756616
PRED	O-SSM	67890
	OLIN	0
	0.318721	0
	2.107803
PRED	O-SSM	67890
	OLIN	0
	0.601319	1
	0.198102
PRED	O-SSM	67890
	OLIN	0
	0.519956	1
	0.738242
PRED	O-SSM	67890
	OLIN	0
	0.581175	1
	0.334102
PRED	O-SSM	67890
	OLIN	0
	0.485030	0
	0.966245
PRED	O-SSM	67890
	OLIN	0
	0.600742	1
	0.202025
PRED	O-SSM	67890
	OLIN	0
	0.564895	1
	0.442659
PRED	O-SSM	67890
	OLIN	0
	0.385275	0
	1.630734
PRED	O-SSM	67890
	OLIN	0
	0.356874	0
	1.829337
PRED	O-SSM	67890
	OLIN	0
	0.432777	0
	1.309867
PRED	O-SSM	67890
	OLIN	0
	0.527085	1
	0.691616
PRED	O-SSM	67890
	OLIN	0
	0.500116	1
	0.867773
PRED	O-SSM	67890
	OLIN	0
	0.518027	1
	0.750849
PRED	O-SSM	67890
	OLIN	0
	0.437683	0
	1.277302
PRED	O-SSM	67890
	OLIN	0
	0.404148	0
	1.501844
PRED	O-SSM	67890
	OHSU	1
	0.476265	0
	1.358546
PRED	O-SSM	67890
	OHSU	1
	0.686387	1
	0.578653
PRED	O-SSM	67890
	OHSU	0
	0.514330	1
	1.223268
PRED	O-SSM	67890
	OHSU	0
	0.537070	1
	1.142270
PRED	O-SSM	67890
	OHSU	0
	0.213736	0
	2.430798
PRED	O-SSM	67890
	OHSU	0
	0.205723	0
	2.473733
PRED	O-SSM	67890
	OHSU	0
	0.801444	1
	0.035167
PRED	O-SSM	67890
	OHSU	0
	0.461556	0
	1.410998
PRED	O-SSM	67890
	OHSU	0
	0.759988	1
	0.250702
PRED	O-SSM	67890
	OHSU	0
	0.532511	1
	1.158542
  O-SSM    67890
   acc=54.000000% bal=52.547529% sites=3
/3
 test_n=100
 assoc=1.066155
PRED	O-SSM	11223
	PITT	1
	0.641667	1
	1.157909
PRED	O-SSM	11223
	PITT	1
	0.232106	0
	2.367044
PRED	O-SSM	11223
	PITT	1
	0.716946	1
	0.922235
PRED	O-SSM	11223
	PITT	1
	0.561131	1
	1.386850
PRED	O-SSM	11223
	PITT	1
	0.684071	1
	1.028817
PRED	O-SSM	11223
	PITT	1
	0.525970	1
	1.483209
PRED	O-SSM	11223
	PITT	1
	0.844827	1
	0.402149
PRED	O-SSM	11223
	PITT	1
	0.708727	1
	0.949524
PRED	O-SSM	11223
	PITT	1
	0.662433	1
	1.095687
PRED	O-SSM	11223
	PITT	1
	0.722961	1
	0.901959
PRED	O-SSM	11223
	PITT	1
	0.574860	1
	1.348819
PRED	O-SSM	11223
	PITT	1
	0.787158	1
	0.664976
PRED	O-SSM	11223
	PITT	1
	0.870176	1
	0.260831
PRED	O-SSM	11223
	PITT	1
	0.723515	1
	0.900076
PRED	O-SSM	11223
	PITT	1
	0.557289	1
	1.397444
PRED	O-SSM	11223
	PITT	1
	0.392018	0
	1.852131
PRED	O-SSM	11223
	PITT	1
	0.428843	0
	1.748643
PRED	O-SSM	11223
	PITT	1
	0.559602	1
	1.391068
PRED	O-SSM	11223
	PITT	1
	0.668853	1
	1.076081
PRED	O-SSM	11223
	PITT	1
	0.850712	1
	0.371152
PRED	O-SSM	11223
	PITT	1
	0.345025	0
	1.989515
PRED	O-SSM	11223
	PITT	1
	0.445966	0
	1.701346
PRED	O-SSM	11223
	PITT	1
	0.525550	1
	1.484355
PRED	O-SSM	11223
	PITT	1
	0.724309	1
	0.897377
PRED	O-SSM	11223
	PITT	1
	0.842131	1
	0.416027
PRED	O-SSM	11223
	PITT	1
	0.337885	0
	2.011096
PRED	O-SSM	11223
	PITT	1
	0.794601	1
	0.634389
PRED	O-SSM	11223
	PITT	1
	0.583141	1
	1.325731
PRED	O-SSM	11223
	PITT	1
	0.854921	1
	0.348361
PRED	O-SSM	11223
	PITT	0
	0.728870	1
	0.881772
PRED	O-SSM	11223
	PITT	0
	0.699797	1
	0.978669
PRED	O-SSM	11223
	PITT	0
	0.492265	0
	1.574905
PRED	O-SSM	11223
	PITT	0
	0.750766	1
	0.804428
PRED	O-SSM	11223
	PITT	0
	0.660836	1
	1.100535
PRED	O-SSM	11223
	PITT	0
	0.776108	1
	0.708985
PRED	O-SSM	11223
	PITT	0
	0.827380	1
	0.488750
PRED	O-SSM	11223
	PITT	0
	0.585669	1
	1.318656
PRED	O-SSM	11223
	PITT	0
	0.653603	1
	1.122357
PRED	O-SSM	11223
	PITT	0
	0.589317	1
	1.308426
PRED	O-SSM	11223
	PITT	0
	0.738319	1
	0.848909
PRED	O-SSM	11223
	PITT	0
	0.617449	1
	1.228504
PRED	O-SSM	11223
	PITT	0
	0.668595	1
	1.076873
PRED	O-SSM	11223
	PITT	0
	0.458390	0
	1.667258
PRED	O-SSM	11223
	PITT	0
	0.731408	1
	0.873017
PRED	O-SSM	11223
	PITT	0
	0.823653	1
	0.506338
PRED	O-SSM	11223
	PITT	0
	0.867622	1
	0.276074
PRED	O-SSM	11223
	PITT	0
	0.797495	1
	0.622272
PRED	O-SSM	11223
	PITT	0
	0.394393	0
	1.845365
PRED	O-SSM	11223
	PITT	0
	0.706837	1
	0.955736
PRED	O-SSM	11223
	PITT	0
	0.771518	1
	0.726808
PRED	O-SSM	11223
	PITT	0
	0.322919	0
	2.057080
PRED	O-SSM	11223
	PITT	0
	0.577745	1
	1.340788
PRED	O-SSM	11223
	PITT	0
	0.594703	1
	1.293269
PRED	O-SSM	11223
	PITT	0
	0.608039	1
	1.255457
PRED	O-SSM	11223
	PITT	0
	0.539549	1
	1.446132
PRED	O-SSM	11223
	PITT	0
	0.564985	1
	1.376203
PRED	O-SSM	11223
	OLIN	1
	0.474823	0
	0.735377
PRED	O-SSM	11223
	OLIN	1
	0.412976	0
	0.117231
PRED	O-SSM	11223
	OLIN	1
	0.417550	0
	0.163638
PRED	O-SSM	11223
	OLIN	1
	0.443587	0
	0.425364
PRED	O-SSM	11223
	OLIN	1
	0.432726	0
	0.316653
PRED	O-SSM	11223
	OLIN	1
	0.446914	0
	0.458551
PRED	O-SSM	11223
	OLIN	1
	0.456965	0
	0.558534
PRED	O-SSM	11223
	OLIN	1
	0.592870	1
	1.909770
PRED	O-SSM	11223
	OLIN	1
	0.476348	0
	0.750444
PRED	O-SSM	11223
	OLIN	1
	0.422646	0
	0.215181
PRED	O-SSM	11223
	OLIN	1
	0.430150	0
	0.290783
PRED	O-SSM	11223
	OLIN	1
	0.512511	1
	1.107055
PRED	O-SSM	11223
	OLIN	1
	0.435937	0
	0.348853
PRED	O-SSM	11223
	OLIN	1
	0.454763	0
	0.536660
PRED	O-SSM	11223
	OLIN	1
	0.447494	0
	0.464335
PRED	O-SSM	11223
	OLIN	1
	0.407712	0
	0.063627
PRED	O-SSM	11223
	OLIN	1
	0.542178	1
	1.400409
PRED	O-SSM	11223
	OLIN	1
	0.521823	1
	1.198938
PRED	O-SSM	11223
	OLIN	1
	0.484469	0
	0.830613
PRED	O-SSM	11223
	OLIN	0
	0.554199	1
	1.520004
PRED	O-SSM	11223
	OLIN	0
	0.415346	0
	0.141292
PRED	O-SSM	11223
	OLIN	0
	0.465393	0
	0.642106
PRED	O-SSM	11223
	OLIN	0
	0.428260	0
	0.271773
PRED	O-SSM	11223
	OLIN	0
	0.493198	0
	0.916687
PRED	O-SSM	11223
	OLIN	0
	0.430025	0
	0.289516
PRED	O-SSM	11223
	OLIN	0
	0.453623	0
	0.525335
PRED	O-SSM	11223
	OLIN	0
	0.549255	1
	1.470746
PRED	O-SSM	11223
	OLIN	0
	0.607683	1
	2.061893
PRED	O-SSM	11223
	OLIN	0
	0.538608	1
	1.364996
PRED	O-SSM	11223
	OLIN	0
	0.449447	0
	0.483788
PRED	O-SSM	11223
	OLIN	0
	0.467680	0
	0.664752
PRED	O-SSM	11223
	OLIN	0
	0.476589	0
	0.752825
PRED	O-SSM	11223
	OLIN	0
	0.510006	1
	1.082355
PRED	O-SSM	11223
	OLIN	0
	0.519258	1
	1.173624
PRED	O-SSM	11223
	OHSU	1
	0.659578	1
	1.410631
PRED	O-SSM	11223
	OHSU	1
	0.715402	1
	0.728523
PRED	O-SSM	11223
	OHSU	0
	0.661986	1
	1.382484
PRED	O-SSM	11223
	OHSU	0
	0.689116	1
	1.058056
PRED	O-SSM	11223
	OHSU	0
	0.555720	1
	2.557121
PRED	O-SSM	11223
	OHSU	0
	0.615346	1
	1.912533
PRED	O-SSM	11223
	OHSU	0
	0.765586	1
	0.042674
PRED	O-SSM	11223
	OHSU	0
	0.647398	1
	1.551564
PRED	O-SSM	11223
	OHSU	0
	0.741870	1
	0.377598
PRED	O-SSM	11223
	OHSU	0
	0.667210	1
	1.321079
  O-SSM    11223
   acc=42.000000% bal=45.862965% sites=3
/3
 test_n=100
 assoc=1.035175
PRED	O-SSM	44567
	PITT	1
	0.344857	0
	1.056612
PRED	O-SSM	44567
	PITT	1
	0.241585	0
	1.354287
PRED	O-SSM	44567
	PITT	1
	0.465171	0
	0.759001
PRED	O-SSM	44567
	PITT	1
	0.290092	0
	1.206677
PRED	O-SSM	44567
	PITT	1
	0.231827	0
	1.386297
PRED	O-SSM	44567
	PITT	1
	0.165858	0
	1.633578
PRED	O-SSM	44567
	PITT	1
	0.647364	1
	0.316290
PRED	O-SSM	44567
	PITT	1
	0.295040	0
	1.192508
PRED	O-SSM	44567
	PITT	1
	0.342136	0
	1.063764
PRED	O-SSM	44567
	PITT	1
	0.420816	0
	0.865607
PRED	O-SSM	44567
	PITT	1
	0.126918	0
	1.819198
PRED	O-SSM	44567
	PITT	1
	0.405090	0
	0.904055
PRED	O-SSM	44567
	PITT	1
	0.685279	1
	0.215147
PRED	O-SSM	44567
	PITT	1
	0.288697	0
	1.210698
PRED	O-SSM	44567
	PITT	1
	0.275909	0
	1.248107
PRED	O-SSM	44567
	PITT	1
	0.209999	0
	1.461508
PRED	O-SSM	44567
	PITT	1
	0.297640	0
	1.185121
PRED	O-SSM	44567
	PITT	1
	0.295545	0
	1.191071
PRED	O-SSM	44567
	PITT	1
	0.242351	0
	1.351814
PRED	O-SSM	44567
	PITT	1
	0.648298	1
	0.313865
PRED	O-SSM	44567
	PITT	1
	0.123047	0
	1.840177
PRED	O-SSM	44567
	PITT	1
	0.121972	0
	1.846108
PRED	O-SSM	44567
	PITT	1
	0.316868	0
	1.131569
PRED	O-SSM	44567
	PITT	1
	0.406486	0
	0.900624
PRED	O-SSM	44567
	PITT	1
	0.547177	1
	0.564133
PRED	O-SSM	44567
	PITT	1
	0.205743	0
	1.476827
PRED	O-SSM	44567
	PITT	1
	0.469859	0
	0.747840
PRED	O-SSM	44567
	PITT	1
	0.306421	0
	1.160433
PRED	O-SSM	44567
	PITT	1
	0.635011	1
	0.348113
PRED	O-SSM	44567
	PITT	0
	0.388875	0
	0.944200
PRED	O-SSM	44567
	PITT	0
	0.412933	0
	0.884825
PRED	O-SSM	44567
	PITT	0
	0.141205	0
	1.746205
PRED	O-SSM	44567
	PITT	0
	0.522078	1
	0.623932
PRED	O-SSM	44567
	PITT	0
	0.341208	0
	1.066209
PRED	O-SSM	44567
	PITT	0
	0.432724	0
	0.836756
PRED	O-SSM	44567
	PITT	0
	0.494120	0
	0.690241
PRED	O-SSM	44567
	PITT	0
	0.253346	0
	1.316854
PRED	O-SSM	44567
	PITT	0
	0.308194	0
	1.155496
PRED	O-SSM	44567
	PITT	0
	0.180978	0
	1.571030
PRED	O-SSM	44567
	PITT	0
	0.326826	0
	1.104530
PRED	O-SSM	44567
	PITT	0
	0.192816	0
	1.524851
PRED	O-SSM	44567
	PITT	0
	0.218065	0
	1.433092
PRED	O-SSM	44567
	PITT	0
	0.223521	0
	1.414295
PRED	O-SSM	44567
	PITT	0
	0.324393	0
	1.111095
PRED	O-SSM	44567
	PITT	0
	0.606902	1
	0.418914
PRED	O-SSM	44567
	PITT	0
	0.658638	1
	0.286800
PRED	O-SSM	44567
	PITT	0
	0.420555	0
	0.866240
PRED	O-SSM	44567
	PITT	0
	0.151711	0
	1.696380
PRED	O-SSM	44567
	PITT	0
	0.309021	0
	1.153200
PRED	O-SSM	44567
	PITT	0
	0.298004	0
	1.184088
PRED	O-SSM	44567
	PITT	0
	0.099514	0
	1.981670
PRED	O-SSM	44567
	PITT	0
	0.403484	0
	0.908005
PRED	O-SSM	44567
	PITT	0
	0.327703	0
	1.102169
PRED	O-SSM	44567
	PITT	0
	0.378012	0
	0.971433
PRED	O-SSM	44567
	PITT	0
	0.169267	0
	1.619091
PRED	O-SSM	44567
	PITT	0
	0.373461	0
	0.982932
PRED	O-SSM	44567
	OLIN	1
	0.289214	0
	1.066500
PRED	O-SSM	44567
	OLIN	1
	0.391411	0
	0.132461
PRED	O-SSM	44567
	OLIN	1
	0.370876	0
	0.310116
PRED	O-SSM	44567
	OLIN	1
	0.363489	0
	0.374979
PRED	O-SSM	44567
	OLIN	1
	0.361734	0
	0.390466
PRED	O-SSM	44567
	OLIN	1
	0.361540	0
	0.392182
PRED	O-SSM	44567
	OLIN	1
	0.330812	0
	0.669303
PRED	O-SSM	44567
	OLIN	1
	0.291349	0
	1.045356
PRED	O-SSM	44567
	OLIN	1
	0.308544	0
	0.878259
PRED	O-SSM	44567
	OLIN	1
	0.380944	0
	0.222554
PRED	O-SSM	44567
	OLIN	1
	0.379639	0
	0.233853
PRED	O-SSM	44567
	OLIN	1
	0.222444	0
	1.785215
PRED	O-SSM	44567
	OLIN	1
	0.353368	0
	0.464778
PRED	O-SSM	44567
	OLIN	1
	0.340911	0
	0.576926
PRED	O-SSM	44567
	OLIN	1
	0.360091	0
	0.404999
PRED	O-SSM	44567
	OLIN	1
	0.394636	0
	0.104885
PRED	O-SSM	44567
	OLIN	1
	0.257631	0
	1.391126
PRED	O-SSM	44567
	OLIN	1
	0.285953	0
	1.098973
PRED	O-SSM	44567
	OLIN	1
	0.305944	0
	0.903176
PRED	O-SSM	44567
	OLIN	0
	0.212116	0
	1.909130
PRED	O-SSM	44567
	OLIN	0
	0.383140	0
	0.203577
PRED	O-SSM	44567
	OLIN	0
	0.329819	0
	0.678460
PRED	O-SSM	44567
	OLIN	0
	0.361345	0
	0.393908
PRED	O-SSM	44567
	OLIN	0
	0.270271	0
	1.258366
PRED	O-SSM	44567
	OLIN	0
	0.386232	0
	0.176929
PRED	O-SSM	44567
	OLIN	0
	0.355208	0
	0.448366
PRED	O-SSM	44567
	OLIN	0
	0.190327	0
	2.185924
PRED	O-SSM	44567
	OLIN	0
	0.208456	0
	1.954096
PRED	O-SSM	44567
	OLIN	0
	0.258557	0
	1.381260
PRED	O-SSM	44567
	OLIN	0
	0.304889	0
	0.913321
PRED	O-SSM	44567
	OLIN	0
	0.293508	0
	1.024075
PRED	O-SSM	44567
	OLIN	0
	0.330263	0
	0.674361
PRED	O-SSM	44567
	OLIN	0
	0.285904	0
	1.099463
PRED	O-SSM	44567
	OLIN	0
	0.309447	0
	0.869626
PRED	O-SSM	44567
	OHSU	1
	0.731121	1
	1.015802
PRED	O-SSM	44567
	OHSU	1
	0.719617	1
	0.798761
PRED	O-SSM	44567
	OHSU	0
	0.727726	1
	0.951145
PRED	O-SSM	44567
	OHSU	0
	0.738165	1
	1.151595
PRED	O-SSM	44567
	OHSU	0
	0.774117	1
	1.885315
PRED	O-SSM	44567
	OHSU	0
	0.761460	1
	1.618486
PRED	O-SSM	44567
	OHSU	0
	0.677285	1
	0.042530
PRED	O-SSM	44567
	OHSU	0
	0.732631	1
	1.044704
PRED	O-SSM	44567
	OHSU	0
	0.705149	1
	0.533377
PRED	O-SSM	44567
	OHSU	0
	0.755906	1
	1.504479
  O-SSM    44567
   acc=46.000000% bal=51.021711% sites=3
/3
 test_n=100
 assoc=0.993398
PRED	O-SSM	77889
	PITT	1
	0.220869	0
	1.075946
PRED	O-SSM	77889
	PITT	1
	0.086539	0
	1.578752
PRED	O-SSM	77889
	PITT	1
	0.252212	0
	0.996234
PRED	O-SSM	77889
	PITT	1
	0.187604	0
	1.170010
PRED	O-SSM	77889
	PITT	1
	0.197987	0
	1.139398
PRED	O-SSM	77889
	PITT	1
	0.143948	0
	1.315537
PRED	O-SSM	77889
	PITT	1
	0.565852	1
	0.376098
PRED	O-SSM	77889
	PITT	1
	0.151234	0
	1.288966
PRED	O-SSM	77889
	PITT	1
	0.119214	0
	1.415093
PRED	O-SSM	77889
	PITT	1
	0.164528	0
	1.243073
PRED	O-SSM	77889
	PITT	1
	0.202194	0
	1.127340
PRED	O-SSM	77889
	PITT	1
	0.357806	0
	0.765964
PRED	O-SSM	77889
	PITT	1
	0.621532	1
	0.270076
PRED	O-SSM	77889
	PITT	1
	0.278637	0
	0.934020
PRED	O-SSM	77889
	PITT	1
	0.127310	0
	1.380717
PRED	O-SSM	77889
	PITT	1
	0.157180	0
	1.268050
PRED	O-SSM	77889
	PITT	1
	0.143101	0
	1.318698
PRED	O-SSM	77889
	PITT	1
	0.101104	0
	1.500019
PRED	O-SSM	77889
	PITT	1
	0.252207	0
	0.996246
PRED	O-SSM	77889
	PITT	1
	0.575378	1
	0.358261
PRED	O-SSM	77889
	PITT	1
	0.044636	0
	1.903043
PRED	O-SSM	77889
	PITT	1
	0.200726	0
	1.131526
PRED	O-SSM	77889
	PITT	1
	0.134493	0
	1.351743
PRED	O-SSM	77889
	PITT	1
	0.282058	0
	0.926241
PRED	O-SSM	77889
	PITT	1
	0.485355	0
	0.524523
PRED	O-SSM	77889
	PITT	1
	0.248021	0
	1.006484
PRED	O-SSM	77889
	PITT	1
	0.341491	0
	0.798884
PRED	O-SSM	77889
	PITT	1
	0.096568	0
	1.523386
PRED	O-SSM	77889
	PITT	1
	0.581121	1
	0.347459
PRED	O-SSM	77889
	PITT	0
	0.388738	0
	0.705281
PRED	O-SSM	77889
	PITT	0
	0.346452	0
	0.788798
PRED	O-SSM	77889
	PITT	0
	0.143734	0
	1.316333
PRED	O-SSM	77889
	PITT	0
	0.288456	0
	0.911844
PRED	O-SSM	77889
	PITT	0
	0.369041	0
	0.743685
PRED	O-SSM	77889
	PITT	0
	0.252855	0
	0.994672
PRED	O-SSM	77889
	PITT	0
	0.569754	1
	0.368804
PRED	O-SSM	77889
	PITT	0
	0.220942	0
	1.075751
PRED	O-SSM	77889
	PITT	0
	0.251531	0
	0.997892
PRED	O-SSM	77889
	PITT	0
	0.148348	0
	1.299361
PRED	O-SSM	77889
	PITT	0
	0.193819	0
	1.151536
PRED	O-SSM	77889
	PITT	0
	0.199375	0
	1.135399
PRED	O-SSM	77889
	PITT	0
	0.091457	0
	1.550919
PRED	O-SSM	77889
	PITT	0
	0.091272	0
	1.551944
PRED	O-SSM	77889
	PITT	0
	0.198334	0
	1.138397
PRED	O-SSM	77889
	PITT	0
	0.531708	1
	0.439380
PRED	O-SSM	77889
	PITT	0
	0.535571	1
	0.432260
PRED	O-SSM	77889
	PITT	0
	0.343056	0
	0.795694
PRED	O-SSM	77889
	PITT	0
	0.075245	0
	1.648547
PRED	O-SSM	77889
	PITT	0
	0.068100	0
	1.697843
PRED	O-SSM	77889
	PITT	0
	0.245221	0
	1.013399
PRED	O-SSM	77889
	PITT	0
	0.064807	0
	1.722200
PRED	O-SSM	77889
	PITT	0
	0.170305	0
	1.224057
PRED	O-SSM	77889
	PITT	0
	0.123318	0
	1.397425
PRED	O-SSM	77889
	PITT	0
	0.123572	0
	1.396347
PRED	O-SSM	77889
	PITT	0
	0.146723	0
	1.305290
PRED	O-SSM	77889
	PITT	0
	0.138556	0
	1.335930
PRED	O-SSM	77889
	OLIN	1
	0.408864	0
	1.085115
PRED	O-SSM	77889
	OLIN	1
	0.578394	1
	0.160644
PRED	O-SSM	77889
	OLIN	1
	0.574282	1
	0.183378
PRED	O-SSM	77889
	OLIN	1
	0.560418	1
	0.259625
PRED	O-SSM	77889
	OLIN	1
	0.561050	1
	0.256162
PRED	O-SSM	77889
	OLIN	1
	0.518295	1
	0.488631
PRED	O-SSM	77889
	OLIN	1
	0.491757	0
	0.631973
PRED	O-SSM	77889
	OLIN	1
	0.274883	0
	1.896844
PRED	O-SSM	77889
	OLIN	1
	0.495817	0
	0.610048
PRED	O-SSM	77889
	OLIN	1
	0.570120	1
	0.206327
PRED	O-SSM	77889
	OLIN	1
	0.570509	1
	0.204187
PRED	O-SSM	77889
	OLIN	1
	0.331918	0
	1.531746
PRED	O-SSM	77889
	OLIN	1
	0.500280	1
	0.585947
PRED	O-SSM	77889
	OLIN	1
	0.469145	0
	0.754273
PRED	O-SSM	77889
	OLIN	1
	0.546570	1
	0.335267
PRED	O-SSM	77889
	OLIN	1
	0.594884	1
	0.068837
PRED	O-SSM	77889
	OLIN	1
	0.397834	0
	1.146988
PRED	O-SSM	77889
	OLIN	1
	0.332980	0
	1.525282
PRED	O-SSM	77889
	OLIN	1
	0.431625	0
	0.958985
PRED	O-SSM	77889
	OLIN	0
	0.350240	0
	1.421673
PRED	O-SSM	77889
	OLIN	0
	0.578899	1
	0.157849
PRED	O-SSM	77889
	OLIN	0
	0.406880	0
	1.096205
PRED	O-SSM	77889
	OLIN	0
	0.546527	1
	0.335506
PRED	O-SSM	77889
	OLIN	0
	0.394236	0
	1.167297
PRED	O-SSM	77889
	OLIN	0
	0.560942	1
	0.256754
PRED	O-SSM	77889
	OLIN	0
	0.535416	1
	0.395908
PRED	O-SSM	77889
	OLIN	0
	0.351492	0
	1.414254
PRED	O-SSM	77889
	OLIN	0
	0.370309	0
	1.304107
PRED	O-SSM	77889
	OLIN	0
	0.321215	0
	1.597446
PRED	O-SSM	77889
	OLIN	0
	0.460504	0
	0.801168
PRED	O-SSM	77889
	OLIN	0
	0.399584	0
	1.137136
PRED	O-SSM	77889
	OLIN	0
	0.405180	0
	1.105722
PRED	O-SSM	77889
	OLIN	0
	0.419531	0
	1.025770
PRED	O-SSM	77889
	OLIN	0
	0.460750	0
	0.799831
PRED	O-SSM	77889
	OHSU	1
	0.320035	0
	1.137081
PRED	O-SSM	77889
	OHSU	1
	0.501268	1
	0.746547
PRED	O-SSM	77889
	OHSU	0
	0.364082	0
	1.036231
PRED	O-SSM	77889
	OHSU	0
	0.312513	0
	1.154988
PRED	O-SSM	77889
	OHSU	0
	0.060349	0
	2.162346
PRED	O-SSM	77889
	OHSU	0
	0.030218	0
	2.534656
PRED	O-SSM	77889
	OHSU	0
	0.801767	1
	0.029855
PRED	O-SSM	77889
	OHSU	0
	0.191790	0
	1.489589
PRED	O-SSM	77889
	OHSU	0
	0.657697	1
	0.412998
PRED	O-SSM	77889
	OHSU	0
	0.208349	0
	1.436306
  O-SSM    77889
   acc=56.000000% bal=58.941151% sites=3
/3
 test_n=100
 assoc=1.032591
PRED	O-SSM	99001
	PITT	1
	0.116514	0
	1.516302
PRED	O-SSM	99001
	PITT	1
	0.049997	0
	1.949144
PRED	O-SSM	99001
	PITT	1
	0.351178	0
	0.851002
PRED	O-SSM	99001
	PITT	1
	0.152472	0
	1.369989
PRED	O-SSM	99001
	PITT	1
	0.102593	0
	1.583620
PRED	O-SSM	99001
	PITT	1
	0.159212	0
	1.345847
PRED	O-SSM	99001
	PITT	1
	0.574811	1
	0.419700
PRED	O-SSM	99001
	PITT	1
	0.257941	0
	1.059654
PRED	O-SSM	99001
	PITT	1
	0.147598	0
	1.388001
PRED	O-SSM	99001
	PITT	1
	0.223148	0
	1.149513
PRED	O-SSM	99001
	PITT	1
	0.141277	0
	1.412104
PRED	O-SSM	99001
	PITT	1
	0.457790	0
	0.641506
PRED	O-SSM	99001
	PITT	1
	0.647429	1
	0.275403
PRED	O-SSM	99001
	PITT	1
	0.252645	0
	1.072779
PRED	O-SSM	99001
	PITT	1
	0.116217	0
	1.517660
PRED	O-SSM	99001
	PITT	1
	0.135737	0
	1.433983
PRED	O-SSM	99001
	PITT	1
	0.048258	0
	1.966685
PRED	O-SSM	99001
	PITT	1
	0.068962	0
	1.788112
PRED	O-SSM	99001
	PITT	1
	0.239295	0
	1.106699
PRED	O-SSM	99001
	PITT	1
	0.599491	1
	0.371718
PRED	O-SSM	99001
	PITT	1
	0.111697	0
	1.538754
PRED	O-SSM	99001
	PITT	1
	0.072529	0
	1.762542
PRED	O-SSM	99001
	PITT	1
	0.142978	0
	1.405530
PRED	O-SSM	99001
	PITT	1
	0.309986	0
	0.938791
PRED	O-SSM	99001
	PITT	1
	0.493634	0
	0.573762
PRED	O-SSM	99001
	PITT	1
	0.110003	0
	1.546854
PRED	O-SSM	99001
	PITT	1
	0.410703	0
	0.731886
PRED	O-SSM	99001
	PITT	1
	0.200011	0
	1.214919
PRED	O-SSM	99001
	PITT	1
	0.592281	1
	0.385826
PRED	O-SSM	99001
	PITT	0
	0.211077	0
	1.182984
PRED	O-SSM	99001
	PITT	0
	0.354826	0
	0.843475
PRED	O-SSM	99001
	PITT	0
	0.271234	0
	1.027458
PRED	O-SSM	99001
	PITT	0
	0.269886	0
	1.030676
PRED	O-SSM	99001
	PITT	0
	0.351253	0
	0.850846
PRED	O-SSM	99001
	PITT	0
	0.287517	0
	0.989342
PRED	O-SSM	99001
	PITT	0
	0.379337	0
	0.793753
PRED	O-SSM	99001
	PITT	0
	0.131075	0
	1.452985
PRED	O-SSM	99001
	PITT	0
	0.282784	0
	1.000283
PRED	O-SSM	99001
	PITT	0
	0.142882	0
	1.405902
PRED	O-SSM	99001
	PITT	0
	0.189640	0
	1.246075
PRED	O-SSM	99001
	PITT	0
	0.201608	0
	1.210229
PRED	O-SSM	99001
	PITT	0
	0.110921	0
	1.542452
PRED	O-SSM	99001
	PITT	0
	0.173409	0
	1.297576
PRED	O-SSM	99001
	PITT	0
	0.213516	0
	1.176111
PRED	O-SSM	99001
	PITT	0
	0.490832	0
	0.579044
PRED	O-SSM	99001
	PITT	0
	0.600118	1
	0.370486
PRED	O-SSM	99001
	PITT	0
	0.379484	0
	0.793458
PRED	O-SSM	99001
	PITT	0
	0.070238	0
	1.778824
PRED	O-SSM	99001
	PITT	0
	0.178955	0
	1.279573
PRED	O-SSM	99001
	PITT	0
	0.092853	0
	1.635707
PRED	O-SSM	99001
	PITT	0
	0.089345	0
	1.655673
PRED	O-SSM	99001
	PITT	0
	0.237541	0
	1.111252
PRED	O-SSM	99001
	PITT	0
	0.131699	0
	1.450408
PRED	O-SSM	99001
	PITT	0
	0.194872	0
	1.230200
PRED	O-SSM	99001
	PITT	0
	0.168451	0
	1.314062
PRED	O-SSM	99001
	PITT	0
	0.135739	0
	1.433975
PRED	O-SSM	99001
	OLIN	1
	0.698087	1
	0.939197
PRED	O-SSM	99001
	OLIN	1
	0.651623	1
	0.148835
PRED	O-SSM	99001
	OLIN	1
	0.656925	1
	0.236208
PRED	O-SSM	99001
	OLIN	1
	0.666053	1
	0.388175
PRED	O-SSM	99001
	OLIN	1
	0.658508	1
	0.262418
PRED	O-SSM	99001
	OLIN	1
	0.679014	1
	0.607567
PRED	O-SSM	99001
	OLIN	1
	0.684183	1
	0.696359
PRED	O-SSM	99001
	OLIN	1
	0.738841	1
	1.691255
PRED	O-SSM	99001
	OLIN	1
	0.685060	1
	0.711497
PRED	O-SSM	99001
	OLIN	1
	0.653481	1
	0.179374
PRED	O-SSM	99001
	OLIN	1
	0.658533	1
	0.262829
PRED	O-SSM	99001
	OLIN	1
	0.726318	1
	1.452929
PRED	O-SSM	99001
	OLIN	1
	0.684287	1
	0.698152
PRED	O-SSM	99001
	OLIN	1
	0.676805	1
	0.569864
PRED	O-SSM	99001
	OLIN	1
	0.664612	1
	0.364054
PRED	O-SSM	99001
	OLIN	1
	0.646642	1
	0.067311
PRED	O-SSM	99001
	OLIN	1
	0.731502	1
	1.550728
PRED	O-SSM	99001
	OLIN	1
	0.719811	1
	1.331787
PRED	O-SSM	99001
	OLIN	1
	0.695715	1
	0.897335
PRED	O-SSM	99001
	OLIN	0
	0.734377	1
	1.605476
PRED	O-SSM	99001
	OLIN	0
	0.653383	1
	0.177770
PRED	O-SSM	99001
	OLIN	0
	0.700551	1
	0.982874
PRED	O-SSM	99001
	OLIN	0
	0.662345	1
	0.326194
PRED	O-SSM	99001
	OLIN	0
	0.703716	1
	1.039290
PRED	O-SSM	99001
	OLIN	0
	0.653952	1
	0.187133
PRED	O-SSM	99001
	OLIN	0
	0.673038	1
	0.505858
PRED	O-SSM	99001
	OLIN	0
	0.747365	1
	1.857705
PRED	O-SSM	99001
	OLIN	0
	0.715313	1
	1.249057
PRED	O-SSM	99001
	OLIN	0
	0.706024	1
	1.080640
PRED	O-SSM	99001
	OLIN	0
	0.683452	1
	0.683757
PRED	O-SSM	99001
	OLIN	0
	0.688029	1
	0.762935
PRED	O-SSM	99001
	OLIN	0
	0.685612	1
	0.721036
PRED	O-SSM	99001
	OLIN	0
	0.716469	1
	1.270247
PRED	O-SSM	99001
	OLIN	0
	0.707463	1
	1.106522
PRED	O-SSM	99001
	OHSU	1
	0.786938	1
	1.110390
PRED	O-SSM	99001
	OHSU	1
	0.818236	1
	0.644185
PRED	O-SSM	99001
	OHSU	0
	0.789630	1
	1.072383
PRED	O-SSM	99001
	OHSU	0
	0.779489	1
	1.213761
PRED	O-SSM	99001
	OHSU	0
	0.708053	1
	2.101389
PRED	O-SSM	99001
	OHSU	0
	0.771241	1
	1.325334
PRED	O-SSM	99001
	OHSU	0
	0.853380	1
	0.038858
PRED	O-SSM	99001
	OHSU	0
	0.742390	1
	1.695010
PRED	O-SSM	99001
	OHSU	0
	0.838486	1
	0.308298
PRED	O-SSM	99001
	OHSU	0
	0.769987	1
	1.342055
  O-SSM    99001
   acc=50.999999% bal=51.681567% sites=3
/3
 test_n=100
 assoc=1.015491
PRED	O-SSM	31415
	PITT	1
	0.205982	0
	1.283917
PRED	O-SSM	31415
	PITT	1
	0.141082	0
	1.518810
PRED	O-SSM	31415
	PITT	1
	0.254911	0
	1.141686
PRED	O-SSM	31415
	PITT	1
	0.108288	0
	1.674035
PRED	O-SSM	31415
	PITT	1
	0.135254	0
	1.543967
PRED	O-SSM	31415
	PITT	1
	0.141941	0
	1.515174
PRED	O-SSM	31415
	PITT	1
	0.560985	1
	0.464406
PRED	O-SSM	31415
	PITT	1
	0.362728	0
	0.880054
PRED	O-SSM	31415
	PITT	1
	0.299772	0
	1.026452
PRED	O-SSM	31415
	PITT	1
	0.255727	0
	1.139483
PRED	O-SSM	31415
	PITT	1
	0.155847	0
	1.458741
PRED	O-SSM	31415
	PITT	1
	0.227410	0
	1.218990
PRED	O-SSM	31415
	PITT	1
	0.695614	1
	0.165616
PRED	O-SSM	31415
	PITT	1
	0.191740	0
	1.329880
PRED	O-SSM	31415
	PITT	1
	0.195734	0
	1.316736
PRED	O-SSM	31415
	PITT	1
	0.064080	0
	1.968565
PRED	O-SSM	31415
	PITT	1
	0.173379	0
	1.393160
PRED	O-SSM	31415
	PITT	1
	0.124951	0
	1.590776
PRED	O-SSM	31415
	PITT	1
	0.277943	0
	1.081089
PRED	O-SSM	31415
	PITT	1
	0.621954	1
	0.334529
PRED	O-SSM	31415
	PITT	1
	0.041212	0
	2.207838
PRED	O-SSM	31415
	PITT	1
	0.127290	0
	1.579871
PRED	O-SSM	31415
	PITT	1
	0.210946	0
	1.268453
PRED	O-SSM	31415
	PITT	1
	0.235355	0
	1.196028
PRED	O-SSM	31415
	PITT	1
	0.517887	1
	0.553621
PRED	O-SSM	31415
	PITT	1
	0.125757	0
	1.587000
PRED	O-SSM	31415
	PITT	1
	0.478281	0
	0.635090
PRED	O-SSM	31415
	PITT	1
	0.159180	0
	1.445832
PRED	O-SSM	31415
	PITT	1
	0.590379	1
	0.402538
PRED	O-SSM	31415
	PITT	0
	0.298363	0
	1.029908
PRED	O-SSM	31415
	PITT	0
	0.401173	0
	0.796295
PRED	O-SSM	31415
	PITT	0
	0.172329	0
	1.396933
PRED	O-SSM	31415
	PITT	0
	0.361118	0
	0.883638
PRED	O-SSM	31415
	PITT	0
	0.447906	0
	0.697899
PRED	O-SSM	31415
	PITT	0
	0.240255	0
	1.182133
PRED	O-SSM	31415
	PITT	0
	0.476688	0
	0.638372
PRED	O-SSM	31415
	PITT	0
	0.165315	0
	1.422628
PRED	O-SSM	31415
	PITT	0
	0.228011	0
	1.217236
PRED	O-SSM	31415
	PITT	0
	0.109819	0
	1.665939
PRED	O-SSM	31415
	PITT	0
	0.218912	0
	1.244187
PRED	O-SSM	31415
	PITT	0
	0.175770	0
	1.384632
PRED	O-SSM	31415
	PITT	0
	0.210804	0
	1.268892
PRED	O-SSM	31415
	PITT	0
	0.145652	0
	1.499683
PRED	O-SSM	31415
	PITT	0
	0.233363	0
	1.201733
PRED	O-SSM	31415
	PITT	0
	0.532227	1
	0.524064
PRED	O-SSM	31415
	PITT	0
	0.569250	1
	0.447120
PRED	O-SSM	31415
	PITT	0
	0.451327	0
	0.690792
PRED	O-SSM	31415
	PITT	0
	0.131685	0
	1.559829
PRED	O-SSM	31415
	PITT	0
	0.130326	0
	1.565963
PRED	O-SSM	31415
	PITT	0
	0.140481	0
	1.521360
PRED	O-SSM	31415
	PITT	0
	0.127474	0
	1.579018
PRED	O-SSM	31415
	PITT	0
	0.293240	0
	1.042547
PRED	O-SSM	31415
	PITT	0
	0.193593	0
	1.323756
PRED	O-SSM	31415
	PITT	0
	0.187358	0
	1.344541
PRED	O-SSM	31415
	PITT	0
	0.151614	0
	1.475465
PRED	O-SSM	31415
	PITT	0
	0.053273	0
	2.069401
PRED	O-SSM	31415
	OLIN	1
	0.277245	0
	0.758294
PRED	O-SSM	31415
	OLIN	1
	0.176867	0
	0.154116
PRED	O-SSM	31415
	OLIN	1
	0.188005	0
	0.231984
PRED	O-SSM	31415
	OLIN	1
	0.220197	0
	0.438928
PRED	O-SSM	31415
	OLIN	1
	0.193191	0
	0.267031
PRED	O-SSM	31415
	OLIN	1
	0.212137	0
	0.389329
PRED	O-SSM	31415
	OLIN	1
	0.258149	0
	0.656708
PRED	O-SSM	31415
	OLIN	1
	0.390729	0
	1.294048
PRED	O-SSM	31415
	OLIN	1
	0.248382	0
	0.602864
PRED	O-SSM	31415
	OLIN	1
	0.186317	0
	0.220418
PRED	O-SSM	31415
	OLIN	1
	0.183240	0
	0.199124
PRED	O-SSM	31415
	OLIN	1
	0.594348	1
	2.155365
PRED	O-SSM	31415
	OLIN	1
	0.209110	0
	0.370352
PRED	O-SSM	31415
	OLIN	1
	0.263110	0
	0.683547
PRED	O-SSM	31415
	OLIN	1
	0.189286	0
	0.240707
PRED	O-SSM	31415
	OLIN	1
	0.165486	0
	0.070465
PRED	O-SSM	31415
	OLIN	1
	0.316341	0
	0.953789
PRED	O-SSM	31415
	OLIN	1
	0.404972	0
	1.356028
PRED	O-SSM	31415
	OLIN	1
	0.269745	0
	0.718939
PRED	O-SSM	31415
	OLIN	0
	0.448035	0
	1.539691
PRED	O-SSM	31415
	OLIN	0
	0.192004	0
	0.259076
PRED	O-SSM	31415
	OLIN	0
	0.378655	0
	1.240868
PRED	O-SSM	31415
	OLIN	0
	0.210302	0
	0.377847
PRED	O-SSM	31415
	OLIN	0
	0.389173	0
	1.287227
PRED	O-SSM	31415
	OLIN	0
	0.183101	0
	0.198153
PRED	O-SSM	31415
	OLIN	0
	0.209180	0
	0.370794
PRED	O-SSM	31415
	OLIN	0
	0.606475	1
	2.208062
PRED	O-SSM	31415
	OLIN	0
	0.332905	0
	1.032561
PRED	O-SSM	31415
	OLIN	0
	0.285304	0
	0.799853
PRED	O-SSM	31415
	OLIN	0
	0.246482	0
	0.592229
PRED	O-SSM	31415
	OLIN	0
	0.294448	0
	0.846165
PRED	O-SSM	31415
	OLIN	0
	0.272387	0
	0.732878
PRED	O-SSM	31415
	OLIN	0
	0.316310	0
	0.953642
PRED	O-SSM	31415
	OLIN	0
	0.331221	0
	1.024648
PRED	O-SSM	31415
	OHSU	1
	0.753441	1
	1.093954
PRED	O-SSM	31415
	OHSU	1
	0.752661	1
	0.528349
PRED	O-SSM	31415
	OHSU	0
	0.753645	1
	1.241879
PRED	O-SSM	31415
	OHSU	0
	0.754133	1
	1.597113
PRED	O-SSM	31415
	OHSU	0
	0.754562	1
	1.909086
PRED	O-SSM	31415
	OHSU	0
	0.755130	1
	2.323508
PRED	O-SSM	31415
	OHSU	0
	0.751995	1
	0.046284
PRED	O-SSM	31415
	OHSU	0
	0.754027	1
	1.519883
PRED	O-SSM	31415
	OHSU	0
	0.752455	1
	0.378748
PRED	O-SSM	31415
	OHSU	0
	0.753629	1
	1.230195
  O-SSM    31415
   acc=47.000000% bal=51.405077% sites=3
/3
 test_n=100
 assoc=1.045303
PRED	O-SSM	27182
	PITT	1
	0.214347	0
	1.266158
PRED	O-SSM	27182
	PITT	1
	0.052292	0
	1.914059
PRED	O-SSM	27182
	PITT	1
	0.370511	0
	0.954469
PRED	O-SSM	27182
	PITT	1
	0.176310	0
	1.364515
PRED	O-SSM	27182
	PITT	1
	0.474326	0
	0.781278
PRED	O-SSM	27182
	PITT	1
	0.134942	0
	1.492773
PRED	O-SSM	27182
	PITT	1
	0.736870	1
	0.322175
PRED	O-SSM	27182
	PITT	1
	0.323443	0
	1.038775
PRED	O-SSM	27182
	PITT	1
	0.196138	0
	1.311434
PRED	O-SSM	27182
	PITT	1
	0.334441	0
	1.018575
PRED	O-SSM	27182
	PITT	1
	0.235109	0
	1.217823
PRED	O-SSM	27182
	PITT	1
	0.536320	1
	0.680616
PRED	O-SSM	27182
	PITT	1
	0.793020	1
	0.195106
PRED	O-SSM	27182
	PITT	1
	0.502301	1
	0.735880
PRED	O-SSM	27182
	PITT	1
	0.134353	0
	1.494822
PRED	O-SSM	27182
	PITT	1
	0.072507	0
	1.772824
PRED	O-SSM	27182
	PITT	1
	0.079198	0
	1.734109
PRED	O-SSM	27182
	PITT	1
	0.054257	0
	1.898264
PRED	O-SSM	27182
	PITT	1
	0.305270	0
	1.072961
PRED	O-SSM	27182
	PITT	1
	0.757082	1
	0.278806
PRED	O-SSM	27182
	PITT	1
	0.159753	0
	1.412558
PRED	O-SSM	27182
	PITT	1
	0.215987	0
	1.262222
PRED	O-SSM	27182
	PITT	1
	0.142539	0
	1.466997
PRED	O-SSM	27182
	PITT	1
	0.360958	0
	0.971164
PRED	O-SSM	27182
	PITT	1
	0.577884	1
	0.612287
PRED	O-SSM	27182
	PITT	1
	0.255358	0
	1.173457
PRED	O-SSM	27182
	PITT	1
	0.547986	1
	0.661563
PRED	O-SSM	27182
	PITT	1
	0.344079	0
	1.001145
PRED	O-SSM	27182
	PITT	1
	0.728057	1
	0.340405
PRED	O-SSM	27182
	PITT	0
	0.375949	0
	0.945045
PRED	O-SSM	27182
	PITT	0
	0.391137	0
	0.919003
PRED	O-SSM	27182
	PITT	0
	0.366052	0
	0.962239
PRED	O-SSM	27182
	PITT	0
	0.410853	0
	0.885724
PRED	O-SSM	27182
	PITT	0
	0.460571	0
	0.803678
PRED	O-SSM	27182
	PITT	0
	0.544413	1
	0.667406
PRED	O-SSM	27182
	PITT	0
	0.574549	1
	0.617823
PRED	O-SSM	27182
	PITT	0
	0.156582	0
	1.422212
PRED	O-SSM	27182
	PITT	0
	0.191796	0
	1.322693
PRED	O-SSM	27182
	PITT	0
	0.104104	0
	1.612149
PRED	O-SSM	27182
	PITT	0
	0.397268	0
	0.908596
PRED	O-SSM	27182
	PITT	0
	0.195794	0
	1.312319
PRED	O-SSM	27182
	PITT	0
	0.050499	0
	1.928964
PRED	O-SSM	27182
	PITT	0
	0.145192	0
	1.458265
PRED	O-SSM	27182
	PITT	0
	0.164129	0
	1.399487
PRED	O-SSM	27182
	PITT	0
	0.625498	1
	0.531676
PRED	O-SSM	27182
	PITT	0
	0.700754	1
	0.394684
PRED	O-SSM	27182
	PITT	0
	0.528102	1
	0.693996
PRED	O-SSM	27182
	PITT	0
	0.208186	0
	1.281148
PRED	O-SSM	27182
	PITT	0
	0.297144	0
	1.088611
PRED	O-SSM	27182
	PITT	0
	0.200582	0
	1.300104
PRED	O-SSM	27182
	PITT	0
	0.067868	0
	1.801648
PRED	O-SSM	27182
	PITT	0
	0.418123	0
	0.873580
PRED	O-SSM	27182
	PITT	0
	0.219807	0
	1.253135
PRED	O-SSM	27182
	PITT	0
	0.269302	0
	1.144241
PRED	O-SSM	27182
	PITT	0
	0.343219	0
	1.002692
PRED	O-SSM	27182
	PITT	0
	0.217194	0
	1.259338
PRED	O-SSM	27182
	OLIN	1
	0.192687	0
	0.908385
PRED	O-SSM	27182
	OLIN	1
	0.286034	0
	0.179277
PRED	O-SSM	27182
	OLIN	1
	0.284417	0
	0.190440
PRED	O-SSM	27182
	OLIN	1
	0.256421	0
	0.390341
PRED	O-SSM	27182
	OLIN	1
	0.267739	0
	0.307946
PRED	O-SSM	27182
	OLIN	1
	0.271619	0
	0.280216
PRED	O-SSM	27182
	OLIN	1
	0.226507	0
	0.620496
PRED	O-SSM	27182
	OLIN	1
	0.172174	0
	1.102166
PRED	O-SSM	27182
	OLIN	1
	0.217809	0
	0.691361
PRED	O-SSM	27182
	OLIN	1
	0.280723	0
	0.216096
PRED	O-SSM	27182
	OLIN	1
	0.292601	0
	0.134314
PRED	O-SSM	27182
	OLIN	1
	0.119182	0
	1.707359
PRED	O-SSM	27182
	OLIN	1
	0.239760	0
	0.516116
PRED	O-SSM	27182
	OLIN	1
	0.221056	0
	0.664670
PRED	O-SSM	27182
	OLIN	1
	0.265879	0
	0.321331
PRED	O-SSM	27182
	OLIN	1
	0.301215	0
	0.076221
PRED	O-SSM	27182
	OLIN	1
	0.185545	0
	0.973952
PRED	O-SSM	27182
	OLIN	1
	0.131540	0
	1.548589
PRED	O-SSM	27182
	OLIN	1
	0.214502	0
	0.718832
PRED	O-SSM	27182
	OLIN	0
	0.133441	0
	1.525295
PRED	O-SSM	27182
	OLIN	0
	0.279659	0
	0.223525
PRED	O-SSM	27182
	OLIN	0
	0.178403	0
	1.041502
PRED	O-SSM	27182
	OLIN	0
	0.258678	0
	0.373725
PRED	O-SSM	27182
	OLIN	0
	0.184504	0
	0.983676
PRED	O-SSM	27182
	OLIN	0
	0.280068	0
	0.220667
PRED	O-SSM	27182
	OLIN	0
	0.255308	0
	0.398573
PRED	O-SSM	27182
	OLIN	0
	0.132207	0
	1.540377
PRED	O-SSM	27182
	OLIN	0
	0.174907	0
	1.075337
PRED	O-SSM	27182
	OLIN	0
	0.131278	0
	1.551811
PRED	O-SSM	27182
	OLIN	0
	0.224504	0
	0.636639
PRED	O-SSM	27182
	OLIN	0
	0.197099	0
	0.868797
PRED	O-SSM	27182
	OLIN	0
	0.198495	0
	0.856409
PRED	O-SSM	27182
	OLIN	0
	0.179309	0
	1.032822
PRED	O-SSM	27182
	OLIN	0
	0.195748	0
	0.880849
PRED	O-SSM	27182
	OHSU	1
	0.240264	0
	1.029934
PRED	O-SSM	27182
	OHSU	1
	0.297882	0
	0.898524
PRED	O-SSM	27182
	OHSU	0
	0.130551	0
	1.363064
PRED	O-SSM	27182
	OHSU	0
	0.060868	0
	1.738813
PRED	O-SSM	27182
	OHSU	0
	0.023509	0
	2.181735
PRED	O-SSM	27182
	OHSU	0
	0.005372	0
	2.851723
PRED	O-SSM	27182
	OHSU	0
	0.742147	1
	0.042260
PRED	O-SSM	27182
	OHSU	0
	0.217528	0
	1.087583
PRED	O-SSM	27182
	OHSU	0
	0.571550	1
	0.386177
PRED	O-SSM	27182
	OHSU	0
	0.224903	0
	1.068437
  O-SSM    27182
   acc=51.000000% bal=47.344615% sites=3
/3
 test_n=100
 assoc=1.028844
PRED	H-SSM	55555
	PITT	1
	0.561909	1
	0.000000
PRED	H-SSM	55555
	PITT	1
	0.561909	1
	0.000000
PRED	H-SSM	55555
	PITT	1
	0.561909	1
	0.000000
PRED	H-SSM	55555
	PITT	1
	0.561909	1
	0.000000
PRED	H-SSM	55555
	PITT	1
	0.561909	1
	0.000000
PRED	H-SSM	55555
	PITT	1
	0.561909	1
	0.000000
PRED	H-SSM	55555
	PITT	1
	0.561909	1
	0.000000
PRED	H-SSM	55555
	PITT	1
	0.561909	1
	0.000000
PRED	H-SSM	55555
	PITT	1
	0.561909	1
	0.000000
PRED	H-SSM	55555
	PITT	1
	0.561909	1
	0.000000
PRED	H-SSM	55555
	PITT	1
	0.561909	1
	0.000000
PRED	H-SSM	55555
	PITT	1
	0.561909	1
	0.000000
PRED	H-SSM	55555
	PITT	1
	0.561909	1
	0.000000
PRED	H-SSM	55555
	PITT	1
	0.561909	1
	0.000000
PRED	H-SSM	55555
	PITT	1
	0.561909	1
	0.000000
PRED	H-SSM	55555
	PITT	1
	0.561909	1
	0.000000
PRED	H-SSM	55555
	PITT	1
	0.561909	1
	0.000000
PRED	H-SSM	55555
	PITT	1
	0.561909	1
	0.000000
PRED	H-SSM	55555
	PITT	1
	0.561909	1
	0.000000
PRED	H-SSM	55555
	PITT	1
	0.561909	1
	0.000000
PRED	H-SSM	55555
	PITT	1
	0.561909	1
	0.000000
PRED	H-SSM	55555
	PITT	1
	0.561909	1
	0.000000
PRED	H-SSM	55555
	PITT	1
	0.561909	1
	0.000000
PRED	H-SSM	55555
	PITT	1
	0.561909	1
	0.000000
PRED	H-SSM	55555
	PITT	1
	0.561909	1
	0.000000
PRED	H-SSM	55555
	PITT	1
	0.561909	1
	0.000000
PRED	H-SSM	55555
	PITT	1
	0.561909	1
	0.000000
PRED	H-SSM	55555
	PITT	1
	0.561909	1
	0.000000
PRED	H-SSM	55555
	PITT	1
	0.561909	1
	0.000000
PRED	H-SSM	55555
	PITT	0
	0.561909	1
	0.000000
PRED	H-SSM	55555
	PITT	0
	0.561909	1
	0.000000
PRED	H-SSM	55555
	PITT	0
	0.561909	1
	0.000000
PRED	H-SSM	55555
	PITT	0
	0.561909	1
	0.000000
PRED	H-SSM	55555
	PITT	0
	0.561909	1
	0.000000
PRED	H-SSM	55555
	PITT	0
	0.561909	1
	0.000000
PRED	H-SSM	55555
	PITT	0
	0.561909	1
	0.000000
PRED	H-SSM	55555
	PITT	0
	0.561909	1
	0.000000
PRED	H-SSM	55555
	PITT	0
	0.561909	1
	0.000000
PRED	H-SSM	55555
	PITT	0
	0.561909	1
	0.000000
PRED	H-SSM	55555
	PITT	0
	0.561909	1
	0.000000
PRED	H-SSM	55555
	PITT	0
	0.561909	1
	0.000000
PRED	H-SSM	55555
	PITT	0
	0.561909	1
	0.000000
PRED	H-SSM	55555
	PITT	0
	0.561909	1
	0.000000
PRED	H-SSM	55555
	PITT	0
	0.561909	1
	0.000000
PRED	H-SSM	55555
	PITT	0
	0.561909	1
	0.000000
PRED	H-SSM	55555
	PITT	0
	0.561909	1
	0.000000
PRED	H-SSM	55555
	PITT	0
	0.561909	1
	0.000000
PRED	H-SSM	55555
	PITT	0
	0.561909	1
	0.000000
PRED	H-SSM	55555
	PITT	0
	0.561909	1
	0.000000
PRED	H-SSM	55555
	PITT	0
	0.561909	1
	0.000000
PRED	H-SSM	55555
	PITT	0
	0.561909	1
	0.000000
PRED	H-SSM	55555
	PITT	0
	0.561909	1
	0.000000
PRED	H-SSM	55555
	PITT	0
	0.561909	1
	0.000000
PRED	H-SSM	55555
	PITT	0
	0.561909	1
	0.000000
PRED	H-SSM	55555
	PITT	0
	0.561909	1
	0.000000
PRED	H-SSM	55555
	PITT	0
	0.561909	1
	0.000000
PRED	H-SSM	55555
	OLIN	1
	0.465037	0
	0.000000
PRED	H-SSM	55555
	OLIN	1
	0.465037	0
	0.000000
PRED	H-SSM	55555
	OLIN	1
	0.465037	0
	0.000000
PRED	H-SSM	55555
	OLIN	1
	0.465037	0
	0.000000
PRED	H-SSM	55555
	OLIN	1
	0.465037	0
	0.000000
PRED	H-SSM	55555
	OLIN	1
	0.465037	0
	0.000000
PRED	H-SSM	55555
	OLIN	1
	0.465037	0
	0.000000
PRED	H-SSM	55555
	OLIN	1
	0.465037	0
	0.000000
PRED	H-SSM	55555
	OLIN	1
	0.465037	0
	0.000000
PRED	H-SSM	55555
	OLIN	1
	0.465037	0
	0.000000
PRED	H-SSM	55555
	OLIN	1
	0.465037	0
	0.000000
PRED	H-SSM	55555
	OLIN	1
	0.465037	0
	0.000000
PRED	H-SSM	55555
	OLIN	1
	0.465037	0
	0.000000
PRED	H-SSM	55555
	OLIN	1
	0.465037	0
	0.000000
PRED	H-SSM	55555
	OLIN	1
	0.465037	0
	0.000000
PRED	H-SSM	55555
	OLIN	1
	0.465037	0
	0.000000
PRED	H-SSM	55555
	OLIN	1
	0.465037	0
	0.000000
PRED	H-SSM	55555
	OLIN	1
	0.465037	0
	0.000000
PRED	H-SSM	55555
	OLIN	1
	0.465037	0
	0.000000
PRED	H-SSM	55555
	OLIN	0
	0.465037	0
	0.000000
PRED	H-SSM	55555
	OLIN	0
	0.465037	0
	0.000000
PRED	H-SSM	55555
	OLIN	0
	0.465037	0
	0.000000
PRED	H-SSM	55555
	OLIN	0
	0.465037	0
	0.000000
PRED	H-SSM	55555
	OLIN	0
	0.465037	0
	0.000000
PRED	H-SSM	55555
	OLIN	0
	0.465037	0
	0.000000
PRED	H-SSM	55555
	OLIN	0
	0.465037	0
	0.000000
PRED	H-SSM	55555
	OLIN	0
	0.465037	0
	0.000000
PRED	H-SSM	55555
	OLIN	0
	0.465037	0
	0.000000
PRED	H-SSM	55555
	OLIN	0
	0.465037	0
	0.000000
PRED	H-SSM	55555
	OLIN	0
	0.465037	0
	0.000000
PRED	H-SSM	55555
	OLIN	0
	0.465037	0
	0.000000
PRED	H-SSM	55555
	OLIN	0
	0.465037	0
	0.000000
PRED	H-SSM	55555
	OLIN	0
	0.465037	0
	0.000000
PRED	H-SSM	55555
	OLIN	0
	0.465037	0
	0.000000
PRED	H-SSM	55555
	OHSU	1
	0.571992	1
	0.000000
PRED	H-SSM	55555
	OHSU	1
	0.571992	1
	0.000000
PRED	H-SSM	55555
	OHSU	0
	0.571992	1
	0.000000
PRED	H-SSM	55555
	OHSU	0
	0.571992	1
	0.000000
PRED	H-SSM	55555
	OHSU	0
	0.571992	1
	0.000000
PRED	H-SSM	55555
	OHSU	0
	0.571992	1
	0.000000
PRED	H-SSM	55555
	OHSU	0
	0.571992	1
	0.000000
PRED	H-SSM	55555
	OHSU	0
	0.571992	1
	0.000000
PRED	H-SSM	55555
	OHSU	0
	0.571992	1
	0.000000
PRED	H-SSM	55555
	OHSU	0
	0.571992	1
	0.000000
  H-SSM    55555
   acc=46.000000% bal=50.000000% sites=3
/3
 test_n=100
 assoc=0.000000
PRED	H-SSM	11111
	PITT	1
	0.624345	1
	0.000000
PRED	H-SSM	11111
	PITT	1
	0.624345	1
	0.000000
PRED	H-SSM	11111
	PITT	1
	0.624345	1
	0.000000
PRED	H-SSM	11111
	PITT	1
	0.624345	1
	0.000000
PRED	H-SSM	11111
	PITT	1
	0.624345	1
	0.000000
PRED	H-SSM	11111
	PITT	1
	0.624345	1
	0.000000
PRED	H-SSM	11111
	PITT	1
	0.624345	1
	0.000000
PRED	H-SSM	11111
	PITT	1
	0.624345	1
	0.000000
PRED	H-SSM	11111
	PITT	1
	0.624345	1
	0.000000
PRED	H-SSM	11111
	PITT	1
	0.624345	1
	0.000000
PRED	H-SSM	11111
	PITT	1
	0.624345	1
	0.000000
PRED	H-SSM	11111
	PITT	1
	0.624345	1
	0.000000
PRED	H-SSM	11111
	PITT	1
	0.624345	1
	0.000000
PRED	H-SSM	11111
	PITT	1
	0.624345	1
	0.000000
PRED	H-SSM	11111
	PITT	1
	0.624345	1
	0.000000
PRED	H-SSM	11111
	PITT	1
	0.624345	1
	0.000000
PRED	H-SSM	11111
	PITT	1
	0.624345	1
	0.000000
PRED	H-SSM	11111
	PITT	1
	0.624345	1
	0.000000
PRED	H-SSM	11111
	PITT	1
	0.624345	1
	0.000000
PRED	H-SSM	11111
	PITT	1
	0.624345	1
	0.000000
PRED	H-SSM	11111
	PITT	1
	0.624345	1
	0.000000
PRED	H-SSM	11111
	PITT	1
	0.624345	1
	0.000000
PRED	H-SSM	11111
	PITT	1
	0.624345	1
	0.000000
PRED	H-SSM	11111
	PITT	1
	0.624345	1
	0.000000
PRED	H-SSM	11111
	PITT	1
	0.624345	1
	0.000000
PRED	H-SSM	11111
	PITT	1
	0.624345	1
	0.000000
PRED	H-SSM	11111
	PITT	1
	0.624345	1
	0.000000
PRED	H-SSM	11111
	PITT	1
	0.624345	1
	0.000000
PRED	H-SSM	11111
	PITT	1
	0.624345	1
	0.000000
PRED	H-SSM	11111
	PITT	0
	0.624345	1
	0.000000
PRED	H-SSM	11111
	PITT	0
	0.624345	1
	0.000000
PRED	H-SSM	11111
	PITT	0
	0.624345	1
	0.000000
PRED	H-SSM	11111
	PITT	0
	0.624345	1
	0.000000
PRED	H-SSM	11111
	PITT	0
	0.624345	1
	0.000000
PRED	H-SSM	11111
	PITT	0
	0.624345	1
	0.000000
PRED	H-SSM	11111
	PITT	0
	0.624345	1
	0.000000
PRED	H-SSM	11111
	PITT	0
	0.624345	1
	0.000000
PRED	H-SSM	11111
	PITT	0
	0.624345	1
	0.000000
PRED	H-SSM	11111
	PITT	0
	0.624345	1
	0.000000
PRED	H-SSM	11111
	PITT	0
	0.624345	1
	0.000000
PRED	H-SSM	11111
	PITT	0
	0.624345	1
	0.000000
PRED	H-SSM	11111
	PITT	0
	0.624345	1
	0.000000
PRED	H-SSM	11111
	PITT	0
	0.624345	1
	0.000000
PRED	H-SSM	11111
	PITT	0
	0.624345	1
	0.000000
PRED	H-SSM	11111
	PITT	0
	0.624345	1
	0.000000
PRED	H-SSM	11111
	PITT	0
	0.624345	1
	0.000000
PRED	H-SSM	11111
	PITT	0
	0.624345	1
	0.000000
PRED	H-SSM	11111
	PITT	0
	0.624345	1
	0.000000
PRED	H-SSM	11111
	PITT	0
	0.624345	1
	0.000000
PRED	H-SSM	11111
	PITT	0
	0.624345	1
	0.000000
PRED	H-SSM	11111
	PITT	0
	0.624345	1
	0.000000
PRED	H-SSM	11111
	PITT	0
	0.624345	1
	0.000000
PRED	H-SSM	11111
	PITT	0
	0.624345	1
	0.000000
PRED	H-SSM	11111
	PITT	0
	0.624345	1
	0.000000
PRED	H-SSM	11111
	PITT	0
	0.624345	1
	0.000000
PRED	H-SSM	11111
	PITT	0
	0.624345	1
	0.000000
PRED	H-SSM	11111
	OLIN	1
	0.318560	0
	0.000000
PRED	H-SSM	11111
	OLIN	1
	0.318560	0
	0.000000
PRED	H-SSM	11111
	OLIN	1
	0.318560	0
	0.000000
PRED	H-SSM	11111
	OLIN	1
	0.318560	0
	0.000000
PRED	H-SSM	11111
	OLIN	1
	0.318560	0
	0.000000
PRED	H-SSM	11111
	OLIN	1
	0.318560	0
	0.000000
PRED	H-SSM	11111
	OLIN	1
	0.318560	0
	0.000000
PRED	H-SSM	11111
	OLIN	1
	0.318560	0
	0.000000
PRED	H-SSM	11111
	OLIN	1
	0.318560	0
	0.000000
PRED	H-SSM	11111
	OLIN	1
	0.318560	0
	0.000000
PRED	H-SSM	11111
	OLIN	1
	0.318560	0
	0.000000
PRED	H-SSM	11111
	OLIN	1
	0.318560	0
	0.000000
PRED	H-SSM	11111
	OLIN	1
	0.318560	0
	0.000000
PRED	H-SSM	11111
	OLIN	1
	0.318560	0
	0.000000
PRED	H-SSM	11111
	OLIN	1
	0.318560	0
	0.000000
PRED	H-SSM	11111
	OLIN	1
	0.318560	0
	0.000000
PRED	H-SSM	11111
	OLIN	1
	0.318560	0
	0.000000
PRED	H-SSM	11111
	OLIN	1
	0.318560	0
	0.000000
PRED	H-SSM	11111
	OLIN	1
	0.318560	0
	0.000000
PRED	H-SSM	11111
	OLIN	0
	0.318560	0
	0.000000
PRED	H-SSM	11111
	OLIN	0
	0.318560	0
	0.000000
PRED	H-SSM	11111
	OLIN	0
	0.318560	0
	0.000000
PRED	H-SSM	11111
	OLIN	0
	0.318560	0
	0.000000
PRED	H-SSM	11111
	OLIN	0
	0.318560	0
	0.000000
PRED	H-SSM	11111
	OLIN	0
	0.318560	0
	0.000000
PRED	H-SSM	11111
	OLIN	0
	0.318560	0
	0.000000
PRED	H-SSM	11111
	OLIN	0
	0.318560	0
	0.000000
PRED	H-SSM	11111
	OLIN	0
	0.318560	0
	0.000000
PRED	H-SSM	11111
	OLIN	0
	0.318560	0
	0.000000
PRED	H-SSM	11111
	OLIN	0
	0.318560	0
	0.000000
PRED	H-SSM	11111
	OLIN	0
	0.318560	0
	0.000000
PRED	H-SSM	11111
	OLIN	0
	0.318560	0
	0.000000
PRED	H-SSM	11111
	OLIN	0
	0.318560	0
	0.000000
PRED	H-SSM	11111
	OLIN	0
	0.318560	0
	0.000000
PRED	H-SSM	11111
	OHSU	1
	0.434272	0
	0.000000
PRED	H-SSM	11111
	OHSU	1
	0.434272	0
	0.000000
PRED	H-SSM	11111
	OHSU	0
	0.434272	0
	0.000000
PRED	H-SSM	11111
	OHSU	0
	0.434272	0
	0.000000
PRED	H-SSM	11111
	OHSU	0
	0.434272	0
	0.000000
PRED	H-SSM	11111
	OHSU	0
	0.434272	0
	0.000000
PRED	H-SSM	11111
	OHSU	0
	0.434272	0
	0.000000
PRED	H-SSM	11111
	OHSU	0
	0.434272	0
	0.000000
PRED	H-SSM	11111
	OHSU	0
	0.434272	0
	0.000000
PRED	H-SSM	11111
	OHSU	0
	0.434272	0
	0.000000
  H-SSM    11111
   acc=52.000000% bal=50.000000% sites=3
/3
 test_n=100
 assoc=0.000000
PRED	H-SSM	99887
	PITT	1
	0.568541	1
	0.000000
PRED	H-SSM	99887
	PITT	1
	0.568541	1
	0.000000
PRED	H-SSM	99887
	PITT	1
	0.568541	1
	0.000000
PRED	H-SSM	99887
	PITT	1
	0.568541	1
	0.000000
PRED	H-SSM	99887
	PITT	1
	0.568541	1
	0.000000
PRED	H-SSM	99887
	PITT	1
	0.568541	1
	0.000000
PRED	H-SSM	99887
	PITT	1
	0.568541	1
	0.000000
PRED	H-SSM	99887
	PITT	1
	0.568541	1
	0.000000
PRED	H-SSM	99887
	PITT	1
	0.568541	1
	0.000000
PRED	H-SSM	99887
	PITT	1
	0.568541	1
	0.000000
PRED	H-SSM	99887
	PITT	1
	0.568541	1
	0.000000
PRED	H-SSM	99887
	PITT	1
	0.568541	1
	0.000000
PRED	H-SSM	99887
	PITT	1
	0.568541	1
	0.000000
PRED	H-SSM	99887
	PITT	1
	0.568541	1
	0.000000
PRED	H-SSM	99887
	PITT	1
	0.568541	1
	0.000000
PRED	H-SSM	99887
	PITT	1
	0.568541	1
	0.000000
PRED	H-SSM	99887
	PITT	1
	0.568541	1
	0.000000
PRED	H-SSM	99887
	PITT	1
	0.568541	1
	0.000000
PRED	H-SSM	99887
	PITT	1
	0.568541	1
	0.000000
PRED	H-SSM	99887
	PITT	1
	0.568541	1
	0.000000
PRED	H-SSM	99887
	PITT	1
	0.568541	1
	0.000000
PRED	H-SSM	99887
	PITT	1
	0.568541	1
	0.000000
PRED	H-SSM	99887
	PITT	1
	0.568541	1
	0.000000
PRED	H-SSM	99887
	PITT	1
	0.568541	1
	0.000000
PRED	H-SSM	99887
	PITT	1
	0.568541	1
	0.000000
PRED	H-SSM	99887
	PITT	1
	0.568541	1
	0.000000
PRED	H-SSM	99887
	PITT	1
	0.568541	1
	0.000000
PRED	H-SSM	99887
	PITT	1
	0.568541	1
	0.000000
PRED	H-SSM	99887
	PITT	1
	0.568541	1
	0.000000
PRED	H-SSM	99887
	PITT	0
	0.568541	1
	0.000000
PRED	H-SSM	99887
	PITT	0
	0.568541	1
	0.000000
PRED	H-SSM	99887
	PITT	0
	0.568541	1
	0.000000
PRED	H-SSM	99887
	PITT	0
	0.568541	1
	0.000000
PRED	H-SSM	99887
	PITT	0
	0.568541	1
	0.000000
PRED	H-SSM	99887
	PITT	0
	0.568541	1
	0.000000
PRED	H-SSM	99887
	PITT	0
	0.568541	1
	0.000000
PRED	H-SSM	99887
	PITT	0
	0.568541	1
	0.000000
PRED	H-SSM	99887
	PITT	0
	0.568541	1
	0.000000
PRED	H-SSM	99887
	PITT	0
	0.568541	1
	0.000000
PRED	H-SSM	99887
	PITT	0
	0.568541	1
	0.000000
PRED	H-SSM	99887
	PITT	0
	0.568541	1
	0.000000
PRED	H-SSM	99887
	PITT	0
	0.568541	1
	0.000000
PRED	H-SSM	99887
	PITT	0
	0.568541	1
	0.000000
PRED	H-SSM	99887
	PITT	0
	0.568541	1
	0.000000
PRED	H-SSM	99887
	PITT	0
	0.568541	1
	0.000000
PRED	H-SSM	99887
	PITT	0
	0.568541	1
	0.000000
PRED	H-SSM	99887
	PITT	0
	0.568541	1
	0.000000
PRED	H-SSM	99887
	PITT	0
	0.568541	1
	0.000000
PRED	H-SSM	99887
	PITT	0
	0.568541	1
	0.000000
PRED	H-SSM	99887
	PITT	0
	0.568541	1
	0.000000
PRED	H-SSM	99887
	PITT	0
	0.568541	1
	0.000000
PRED	H-SSM	99887
	PITT	0
	0.568541	1
	0.000000
PRED	H-SSM	99887
	PITT	0
	0.568541	1
	0.000000
PRED	H-SSM	99887
	PITT	0
	0.568541	1
	0.000000
PRED	H-SSM	99887
	PITT	0
	0.568541	1
	0.000000
PRED	H-SSM	99887
	PITT	0
	0.568541	1
	0.000000
PRED	H-SSM	99887
	OLIN	1
	0.304559	0
	0.000000
PRED	H-SSM	99887
	OLIN	1
	0.304559	0
	0.000000
PRED	H-SSM	99887
	OLIN	1
	0.304559	0
	0.000000
PRED	H-SSM	99887
	OLIN	1
	0.304559	0
	0.000000
PRED	H-SSM	99887
	OLIN	1
	0.304559	0
	0.000000
PRED	H-SSM	99887
	OLIN	1
	0.304559	0
	0.000000
PRED	H-SSM	99887
	OLIN	1
	0.304559	0
	0.000000
PRED	H-SSM	99887
	OLIN	1
	0.304559	0
	0.000000
PRED	H-SSM	99887
	OLIN	1
	0.304559	0
	0.000000
PRED	H-SSM	99887
	OLIN	1
	0.304559	0
	0.000000
PRED	H-SSM	99887
	OLIN	1
	0.304559	0
	0.000000
PRED	H-SSM	99887
	OLIN	1
	0.304559	0
	0.000000
PRED	H-SSM	99887
	OLIN	1
	0.304559	0
	0.000000
PRED	H-SSM	99887
	OLIN	1
	0.304559	0
	0.000000
PRED	H-SSM	99887
	OLIN	1
	0.304559	0
	0.000000
PRED	H-SSM	99887
	OLIN	1
	0.304559	0
	0.000000
PRED	H-SSM	99887
	OLIN	1
	0.304559	0
	0.000000
PRED	H-SSM	99887
	OLIN	1
	0.304559	0
	0.000000
PRED	H-SSM	99887
	OLIN	1
	0.304559	0
	0.000000
PRED	H-SSM	99887
	OLIN	0
	0.304559	0
	0.000000
PRED	H-SSM	99887
	OLIN	0
	0.304559	0
	0.000000
PRED	H-SSM	99887
	OLIN	0
	0.304559	0
	0.000000
PRED	H-SSM	99887
	OLIN	0
	0.304559	0
	0.000000
PRED	H-SSM	99887
	OLIN	0
	0.304559	0
	0.000000
PRED	H-SSM	99887
	OLIN	0
	0.304559	0
	0.000000
PRED	H-SSM	99887
	OLIN	0
	0.304559	0
	0.000000
PRED	H-SSM	99887
	OLIN	0
	0.304559	0
	0.000000
PRED	H-SSM	99887
	OLIN	0
	0.304559	0
	0.000000
PRED	H-SSM	99887
	OLIN	0
	0.304559	0
	0.000000
PRED	H-SSM	99887
	OLIN	0
	0.304559	0
	0.000000
PRED	H-SSM	99887
	OLIN	0
	0.304559	0
	0.000000
PRED	H-SSM	99887
	OLIN	0
	0.304559	0
	0.000000
PRED	H-SSM	99887
	OLIN	0
	0.304559	0
	0.000000
PRED	H-SSM	99887
	OLIN	0
	0.304559	0
	0.000000
PRED	H-SSM	99887
	OHSU	1
	0.510187	1
	0.000000
PRED	H-SSM	99887
	OHSU	1
	0.510187	1
	0.000000
PRED	H-SSM	99887
	OHSU	0
	0.510187	1
	0.000000
PRED	H-SSM	99887
	OHSU	0
	0.510187	1
	0.000000
PRED	H-SSM	99887
	OHSU	0
	0.510187	1
	0.000000
PRED	H-SSM	99887
	OHSU	0
	0.510187	1
	0.000000
PRED	H-SSM	99887
	OHSU	0
	0.510187	1
	0.000000
PRED	H-SSM	99887
	OHSU	0
	0.510187	1
	0.000000
PRED	H-SSM	99887
	OHSU	0
	0.510187	1
	0.000000
PRED	H-SSM	99887
	OHSU	0
	0.510187	1
	0.000000
  H-SSM    99887
   acc=46.000000% bal=50.000000% sites=3
/3
 test_n=100
 assoc=0.000000
PRED	H-SSM	22222
	PITT	1
	0.476227	0
	0.000000
PRED	H-SSM	22222
	PITT	1
	0.476227	0
	0.000000
PRED	H-SSM	22222
	PITT	1
	0.476227	0
	0.000000
PRED	H-SSM	22222
	PITT	1
	0.476227	0
	0.000000
PRED	H-SSM	22222
	PITT	1
	0.476227	0
	0.000000
PRED	H-SSM	22222
	PITT	1
	0.476227	0
	0.000000
PRED	H-SSM	22222
	PITT	1
	0.476227	0
	0.000000
PRED	H-SSM	22222
	PITT	1
	0.476227	0
	0.000000
PRED	H-SSM	22222
	PITT	1
	0.476227	0
	0.000000
PRED	H-SSM	22222
	PITT	1
	0.476227	0
	0.000000
PRED	H-SSM	22222
	PITT	1
	0.476227	0
	0.000000
PRED	H-SSM	22222
	PITT	1
	0.476227	0
	0.000000
PRED	H-SSM	22222
	PITT	1
	0.476227	0
	0.000000
PRED	H-SSM	22222
	PITT	1
	0.476227	0
	0.000000
PRED	H-SSM	22222
	PITT	1
	0.476227	0
	0.000000
PRED	H-SSM	22222
	PITT	1
	0.476227	0
	0.000000
PRED	H-SSM	22222
	PITT	1
	0.476227	0
	0.000000
PRED	H-SSM	22222
	PITT	1
	0.476227	0
	0.000000
PRED	H-SSM	22222
	PITT	1
	0.476227	0
	0.000000
PRED	H-SSM	22222
	PITT	1
	0.476227	0
	0.000000
PRED	H-SSM	22222
	PITT	1
	0.476227	0
	0.000000
PRED	H-SSM	22222
	PITT	1
	0.476227	0
	0.000000
PRED	H-SSM	22222
	PITT	1
	0.476227	0
	0.000000
PRED	H-SSM	22222
	PITT	1
	0.476227	0
	0.000000
PRED	H-SSM	22222
	PITT	1
	0.476227	0
	0.000000
PRED	H-SSM	22222
	PITT	1
	0.476227	0
	0.000000
PRED	H-SSM	22222
	PITT	1
	0.476227	0
	0.000000
PRED	H-SSM	22222
	PITT	1
	0.476227	0
	0.000000
PRED	H-SSM	22222
	PITT	1
	0.476227	0
	0.000000
PRED	H-SSM	22222
	PITT	0
	0.476227	0
	0.000000
PRED	H-SSM	22222
	PITT	0
	0.476227	0
	0.000000
PRED	H-SSM	22222
	PITT	0
	0.476227	0
	0.000000
PRED	H-SSM	22222
	PITT	0
	0.476227	0
	0.000000
PRED	H-SSM	22222
	PITT	0
	0.476227	0
	0.000000
PRED	H-SSM	22222
	PITT	0
	0.476227	0
	0.000000
PRED	H-SSM	22222
	PITT	0
	0.476227	0
	0.000000
PRED	H-SSM	22222
	PITT	0
	0.476227	0
	0.000000
PRED	H-SSM	22222
	PITT	0
	0.476227	0
	0.000000
PRED	H-SSM	22222
	PITT	0
	0.476227	0
	0.000000
PRED	H-SSM	22222
	PITT	0
	0.476227	0
	0.000000
PRED	H-SSM	22222
	PITT	0
	0.476227	0
	0.000000
PRED	H-SSM	22222
	PITT	0
	0.476227	0
	0.000000
PRED	H-SSM	22222
	PITT	0
	0.476227	0
	0.000000
PRED	H-SSM	22222
	PITT	0
	0.476227	0
	0.000000
PRED	H-SSM	22222
	PITT	0
	0.476227	0
	0.000000
PRED	H-SSM	22222
	PITT	0
	0.476227	0
	0.000000
PRED	H-SSM	22222
	PITT	0
	0.476227	0
	0.000000
PRED	H-SSM	22222
	PITT	0
	0.476227	0
	0.000000
PRED	H-SSM	22222
	PITT	0
	0.476227	0
	0.000000
PRED	H-SSM	22222
	PITT	0
	0.476227	0
	0.000000
PRED	H-SSM	22222
	PITT	0
	0.476227	0
	0.000000
PRED	H-SSM	22222
	PITT	0
	0.476227	0
	0.000000
PRED	H-SSM	22222
	PITT	0
	0.476227	0
	0.000000
PRED	H-SSM	22222
	PITT	0
	0.476227	0
	0.000000
PRED	H-SSM	22222
	PITT	0
	0.476227	0
	0.000000
PRED	H-SSM	22222
	PITT	0
	0.476227	0
	0.000000
PRED	H-SSM	22222
	OLIN	1
	0.446507	0
	0.000000
PRED	H-SSM	22222
	OLIN	1
	0.446507	0
	0.000000
PRED	H-SSM	22222
	OLIN	1
	0.446507	0
	0.000000
PRED	H-SSM	22222
	OLIN	1
	0.446507	0
	0.000000
PRED	H-SSM	22222
	OLIN	1
	0.446507	0
	0.000000
PRED	H-SSM	22222
	OLIN	1
	0.446507	0
	0.000000
PRED	H-SSM	22222
	OLIN	1
	0.446507	0
	0.000000
PRED	H-SSM	22222
	OLIN	1
	0.446507	0
	0.000000
PRED	H-SSM	22222
	OLIN	1
	0.446507	0
	0.000000
PRED	H-SSM	22222
	OLIN	1
	0.446507	0
	0.000000
PRED	H-SSM	22222
	OLIN	1
	0.446507	0
	0.000000
PRED	H-SSM	22222
	OLIN	1
	0.446507	0
	0.000000
PRED	H-SSM	22222
	OLIN	1
	0.446507	0
	0.000000
PRED	H-SSM	22222
	OLIN	1
	0.446507	0
	0.000000
PRED	H-SSM	22222
	OLIN	1
	0.446507	0
	0.000000
PRED	H-SSM	22222
	OLIN	1
	0.446507	0
	0.000000
PRED	H-SSM	22222
	OLIN	1
	0.446507	0
	0.000000
PRED	H-SSM	22222
	OLIN	1
	0.446507	0
	0.000000
PRED	H-SSM	22222
	OLIN	1
	0.446507	0
	0.000000
PRED	H-SSM	22222
	OLIN	0
	0.446507	0
	0.000000
PRED	H-SSM	22222
	OLIN	0
	0.446507	0
	0.000000
PRED	H-SSM	22222
	OLIN	0
	0.446507	0
	0.000000
PRED	H-SSM	22222
	OLIN	0
	0.446507	0
	0.000000
PRED	H-SSM	22222
	OLIN	0
	0.446507	0
	0.000000
PRED	H-SSM	22222
	OLIN	0
	0.446507	0
	0.000000
PRED	H-SSM	22222
	OLIN	0
	0.446507	0
	0.000000
PRED	H-SSM	22222
	OLIN	0
	0.446507	0
	0.000000
PRED	H-SSM	22222
	OLIN	0
	0.446507	0
	0.000000
PRED	H-SSM	22222
	OLIN	0
	0.446507	0
	0.000000
PRED	H-SSM	22222
	OLIN	0
	0.446507	0
	0.000000
PRED	H-SSM	22222
	OLIN	0
	0.446507	0
	0.000000
PRED	H-SSM	22222
	OLIN	0
	0.446507	0
	0.000000
PRED	H-SSM	22222
	OLIN	0
	0.446507	0
	0.000000
PRED	H-SSM	22222
	OLIN	0
	0.446507	0
	0.000000
PRED	H-SSM	22222
	OHSU	1
	0.586889	1
	0.000000
PRED	H-SSM	22222
	OHSU	1
	0.586889	1
	0.000000
PRED	H-SSM	22222
	OHSU	0
	0.586889	1
	0.000000
PRED	H-SSM	22222
	OHSU	0
	0.586889	1
	0.000000
PRED	H-SSM	22222
	OHSU	0
	0.586889	1
	0.000000
PRED	H-SSM	22222
	OHSU	0
	0.586889	1
	0.000000
PRED	H-SSM	22222
	OHSU	0
	0.586889	1
	0.000000
PRED	H-SSM	22222
	OHSU	0
	0.586889	1
	0.000000
PRED	H-SSM	22222
	OHSU	0
	0.586889	1
	0.000000
PRED	H-SSM	22222
	OHSU	0
	0.586889	1
	0.000000
  H-SSM    22222
   acc=44.000000% bal=50.000000% sites=3
/3
 test_n=100
 assoc=0.000000
PRED	H-SSM	44444
	PITT	1
	0.478543	0
	0.000000
PRED	H-SSM	44444
	PITT	1
	0.478543	0
	0.000000
PRED	H-SSM	44444
	PITT	1
	0.478543	0
	0.000000
PRED	H-SSM	44444
	PITT	1
	0.478543	0
	0.000000
PRED	H-SSM	44444
	PITT	1
	0.478543	0
	0.000000
PRED	H-SSM	44444
	PITT	1
	0.478543	0
	0.000000
PRED	H-SSM	44444
	PITT	1
	0.478543	0
	0.000000
PRED	H-SSM	44444
	PITT	1
	0.478543	0
	0.000000
PRED	H-SSM	44444
	PITT	1
	0.478543	0
	0.000000
PRED	H-SSM	44444
	PITT	1
	0.478543	0
	0.000000
PRED	H-SSM	44444
	PITT	1
	0.478543	0
	0.000000
PRED	H-SSM	44444
	PITT	1
	0.478543	0
	0.000000
PRED	H-SSM	44444
	PITT	1
	0.478543	0
	0.000000
PRED	H-SSM	44444
	PITT	1
	0.478543	0
	0.000000
PRED	H-SSM	44444
	PITT	1
	0.478543	0
	0.000000
PRED	H-SSM	44444
	PITT	1
	0.478543	0
	0.000000
PRED	H-SSM	44444
	PITT	1
	0.478543	0
	0.000000
PRED	H-SSM	44444
	PITT	1
	0.478543	0
	0.000000
PRED	H-SSM	44444
	PITT	1
	0.478543	0
	0.000000
PRED	H-SSM	44444
	PITT	1
	0.478543	0
	0.000000
PRED	H-SSM	44444
	PITT	1
	0.478543	0
	0.000000
PRED	H-SSM	44444
	PITT	1
	0.478543	0
	0.000000
PRED	H-SSM	44444
	PITT	1
	0.478543	0
	0.000000
PRED	H-SSM	44444
	PITT	1
	0.478543	0
	0.000000
PRED	H-SSM	44444
	PITT	1
	0.478543	0
	0.000000
PRED	H-SSM	44444
	PITT	1
	0.478543	0
	0.000000
PRED	H-SSM	44444
	PITT	1
	0.478543	0
	0.000000
PRED	H-SSM	44444
	PITT	1
	0.478543	0
	0.000000
PRED	H-SSM	44444
	PITT	1
	0.478543	0
	0.000000
PRED	H-SSM	44444
	PITT	0
	0.478543	0
	0.000000
PRED	H-SSM	44444
	PITT	0
	0.478543	0
	0.000000
PRED	H-SSM	44444
	PITT	0
	0.478543	0
	0.000000
PRED	H-SSM	44444
	PITT	0
	0.478543	0
	0.000000
PRED	H-SSM	44444
	PITT	0
	0.478543	0
	0.000000
PRED	H-SSM	44444
	PITT	0
	0.478543	0
	0.000000
PRED	H-SSM	44444
	PITT	0
	0.478543	0
	0.000000
PRED	H-SSM	44444
	PITT	0
	0.478543	0
	0.000000
PRED	H-SSM	44444
	PITT	0
	0.478543	0
	0.000000
PRED	H-SSM	44444
	PITT	0
	0.478543	0
	0.000000
PRED	H-SSM	44444
	PITT	0
	0.478543	0
	0.000000
PRED	H-SSM	44444
	PITT	0
	0.478543	0
	0.000000
PRED	H-SSM	44444
	PITT	0
	0.478543	0
	0.000000
PRED	H-SSM	44444
	PITT	0
	0.478543	0
	0.000000
PRED	H-SSM	44444
	PITT	0
	0.478543	0
	0.000000
PRED	H-SSM	44444
	PITT	0
	0.478543	0
	0.000000
PRED	H-SSM	44444
	PITT	0
	0.478543	0
	0.000000
PRED	H-SSM	44444
	PITT	0
	0.478543	0
	0.000000
PRED	H-SSM	44444
	PITT	0
	0.478543	0
	0.000000
PRED	H-SSM	44444
	PITT	0
	0.478543	0
	0.000000
PRED	H-SSM	44444
	PITT	0
	0.478543	0
	0.000000
PRED	H-SSM	44444
	PITT	0
	0.478543	0
	0.000000
PRED	H-SSM	44444
	PITT	0
	0.478543	0
	0.000000
PRED	H-SSM	44444
	PITT	0
	0.478543	0
	0.000000
PRED	H-SSM	44444
	PITT	0
	0.478543	0
	0.000000
PRED	H-SSM	44444
	PITT	0
	0.478543	0
	0.000000
PRED	H-SSM	44444
	PITT	0
	0.478543	0
	0.000000
PRED	H-SSM	44444
	OLIN	1
	0.597697	1
	0.000000
PRED	H-SSM	44444
	OLIN	1
	0.597697	1
	0.000000
PRED	H-SSM	44444
	OLIN	1
	0.597697	1
	0.000000
PRED	H-SSM	44444
	OLIN	1
	0.597697	1
	0.000000
PRED	H-SSM	44444
	OLIN	1
	0.597697	1
	0.000000
PRED	H-SSM	44444
	OLIN	1
	0.597697	1
	0.000000
PRED	H-SSM	44444
	OLIN	1
	0.597697	1
	0.000000
PRED	H-SSM	44444
	OLIN	1
	0.597697	1
	0.000000
PRED	H-SSM	44444
	OLIN	1
	0.597697	1
	0.000000
PRED	H-SSM	44444
	OLIN	1
	0.597697	1
	0.000000
PRED	H-SSM	44444
	OLIN	1
	0.597697	1
	0.000000
PRED	H-SSM	44444
	OLIN	1
	0.597697	1
	0.000000
PRED	H-SSM	44444
	OLIN	1
	0.597697	1
	0.000000
PRED	H-SSM	44444
	OLIN	1
	0.597697	1
	0.000000
PRED	H-SSM	44444
	OLIN	1
	0.597697	1
	0.000000
PRED	H-SSM	44444
	OLIN	1
	0.597697	1
	0.000000
PRED	H-SSM	44444
	OLIN	1
	0.597697	1
	0.000000
PRED	H-SSM	44444
	OLIN	1
	0.597697	1
	0.000000
PRED	H-SSM	44444
	OLIN	1
	0.597697	1
	0.000000
PRED	H-SSM	44444
	OLIN	0
	0.597697	1
	0.000000
PRED	H-SSM	44444
	OLIN	0
	0.597697	1
	0.000000
PRED	H-SSM	44444
	OLIN	0
	0.597697	1
	0.000000
PRED	H-SSM	44444
	OLIN	0
	0.597697	1
	0.000000
PRED	H-SSM	44444
	OLIN	0
	0.597697	1
	0.000000
PRED	H-SSM	44444
	OLIN	0
	0.597697	1
	0.000000
PRED	H-SSM	44444
	OLIN	0
	0.597697	1
	0.000000
PRED	H-SSM	44444
	OLIN	0
	0.597697	1
	0.000000
PRED	H-SSM	44444
	OLIN	0
	0.597697	1
	0.000000
PRED	H-SSM	44444
	OLIN	0
	0.597697	1
	0.000000
PRED	H-SSM	44444
	OLIN	0
	0.597697	1
	0.000000
PRED	H-SSM	44444
	OLIN	0
	0.597697	1
	0.000000
PRED	H-SSM	44444
	OLIN	0
	0.597697	1
	0.000000
PRED	H-SSM	44444
	OLIN	0
	0.597697	1
	0.000000
PRED	H-SSM	44444
	OLIN	0
	0.597697	1
	0.000000
PRED	H-SSM	44444
	OHSU	1
	0.401265	0
	0.000000
PRED	H-SSM	44444
	OHSU	1
	0.401265	0
	0.000000
PRED	H-SSM	44444
	OHSU	0
	0.401265	0
	0.000000
PRED	H-SSM	44444
	OHSU	0
	0.401265	0
	0.000000
PRED	H-SSM	44444
	OHSU	0
	0.401265	0
	0.000000
PRED	H-SSM	44444
	OHSU	0
	0.401265	0
	0.000000
PRED	H-SSM	44444
	OHSU	0
	0.401265	0
	0.000000
PRED	H-SSM	44444
	OHSU	0
	0.401265	0
	0.000000
PRED	H-SSM	44444
	OHSU	0
	0.401265	0
	0.000000
PRED	H-SSM	44444
	OHSU	0
	0.401265	0
	0.000000
  H-SSM    44444
   acc=53.999999% bal=50.000000% sites=3
/3
 test_n=100
 assoc=0.000000
PRED	H-SSM	66666
	PITT	1
	0.417267	0
	0.000000
PRED	H-SSM	66666
	PITT	1
	0.417267	0
	0.000000
PRED	H-SSM	66666
	PITT	1
	0.417267	0
	0.000000
PRED	H-SSM	66666
	PITT	1
	0.417267	0
	0.000000
PRED	H-SSM	66666
	PITT	1
	0.417267	0
	0.000000
PRED	H-SSM	66666
	PITT	1
	0.417267	0
	0.000000
PRED	H-SSM	66666
	PITT	1
	0.417267	0
	0.000000
PRED	H-SSM	66666
	PITT	1
	0.417267	0
	0.000000
PRED	H-SSM	66666
	PITT	1
	0.417267	0
	0.000000
PRED	H-SSM	66666
	PITT	1
	0.417267	0
	0.000000
PRED	H-SSM	66666
	PITT	1
	0.417267	0
	0.000000
PRED	H-SSM	66666
	PITT	1
	0.417267	0
	0.000000
PRED	H-SSM	66666
	PITT	1
	0.417267	0
	0.000000
PRED	H-SSM	66666
	PITT	1
	0.417267	0
	0.000000
PRED	H-SSM	66666
	PITT	1
	0.417267	0
	0.000000
PRED	H-SSM	66666
	PITT	1
	0.417267	0
	0.000000
PRED	H-SSM	66666
	PITT	1
	0.417267	0
	0.000000
PRED	H-SSM	66666
	PITT	1
	0.417267	0
	0.000000
PRED	H-SSM	66666
	PITT	1
	0.417267	0
	0.000000
PRED	H-SSM	66666
	PITT	1
	0.417267	0
	0.000000
PRED	H-SSM	66666
	PITT	1
	0.417267	0
	0.000000
PRED	H-SSM	66666
	PITT	1
	0.417267	0
	0.000000
PRED	H-SSM	66666
	PITT	1
	0.417267	0
	0.000000
PRED	H-SSM	66666
	PITT	1
	0.417267	0
	0.000000
PRED	H-SSM	66666
	PITT	1
	0.417267	0
	0.000000
PRED	H-SSM	66666
	PITT	1
	0.417267	0
	0.000000
PRED	H-SSM	66666
	PITT	1
	0.417267	0
	0.000000
PRED	H-SSM	66666
	PITT	1
	0.417267	0
	0.000000
PRED	H-SSM	66666
	PITT	1
	0.417267	0
	0.000000
PRED	H-SSM	66666
	PITT	0
	0.417267	0
	0.000000
PRED	H-SSM	66666
	PITT	0
	0.417267	0
	0.000000
PRED	H-SSM	66666
	PITT	0
	0.417267	0
	0.000000
PRED	H-SSM	66666
	PITT	0
	0.417267	0
	0.000000
PRED	H-SSM	66666
	PITT	0
	0.417267	0
	0.000000
PRED	H-SSM	66666
	PITT	0
	0.417267	0
	0.000000
PRED	H-SSM	66666
	PITT	0
	0.417267	0
	0.000000
PRED	H-SSM	66666
	PITT	0
	0.417267	0
	0.000000
PRED	H-SSM	66666
	PITT	0
	0.417267	0
	0.000000
PRED	H-SSM	66666
	PITT	0
	0.417267	0
	0.000000
PRED	H-SSM	66666
	PITT	0
	0.417267	0
	0.000000
PRED	H-SSM	66666
	PITT	0
	0.417267	0
	0.000000
PRED	H-SSM	66666
	PITT	0
	0.417267	0
	0.000000
PRED	H-SSM	66666
	PITT	0
	0.417267	0
	0.000000
PRED	H-SSM	66666
	PITT	0
	0.417267	0
	0.000000
PRED	H-SSM	66666
	PITT	0
	0.417267	0
	0.000000
PRED	H-SSM	66666
	PITT	0
	0.417267	0
	0.000000
PRED	H-SSM	66666
	PITT	0
	0.417267	0
	0.000000
PRED	H-SSM	66666
	PITT	0
	0.417267	0
	0.000000
PRED	H-SSM	66666
	PITT	0
	0.417267	0
	0.000000
PRED	H-SSM	66666
	PITT	0
	0.417267	0
	0.000000
PRED	H-SSM	66666
	PITT	0
	0.417267	0
	0.000000
PRED	H-SSM	66666
	PITT	0
	0.417267	0
	0.000000
PRED	H-SSM	66666
	PITT	0
	0.417267	0
	0.000000
PRED	H-SSM	66666
	PITT	0
	0.417267	0
	0.000000
PRED	H-SSM	66666
	PITT	0
	0.417267	0
	0.000000
PRED	H-SSM	66666
	PITT	0
	0.417267	0
	0.000000
PRED	H-SSM	66666
	OLIN	1
	0.514772	1
	0.000000
PRED	H-SSM	66666
	OLIN	1
	0.514772	1
	0.000000
PRED	H-SSM	66666
	OLIN	1
	0.514772	1
	0.000000
PRED	H-SSM	66666
	OLIN	1
	0.514772	1
	0.000000
PRED	H-SSM	66666
	OLIN	1
	0.514772	1
	0.000000
PRED	H-SSM	66666
	OLIN	1
	0.514772	1
	0.000000
PRED	H-SSM	66666
	OLIN	1
	0.514772	1
	0.000000
PRED	H-SSM	66666
	OLIN	1
	0.514772	1
	0.000000
PRED	H-SSM	66666
	OLIN	1
	0.514772	1
	0.000000
PRED	H-SSM	66666
	OLIN	1
	0.514772	1
	0.000000
PRED	H-SSM	66666
	OLIN	1
	0.514772	1
	0.000000
PRED	H-SSM	66666
	OLIN	1
	0.514772	1
	0.000000
PRED	H-SSM	66666
	OLIN	1
	0.514772	1
	0.000000
PRED	H-SSM	66666
	OLIN	1
	0.514772	1
	0.000000
PRED	H-SSM	66666
	OLIN	1
	0.514772	1
	0.000000
PRED	H-SSM	66666
	OLIN	1
	0.514772	1
	0.000000
PRED	H-SSM	66666
	OLIN	1
	0.514772	1
	0.000000
PRED	H-SSM	66666
	OLIN	1
	0.514772	1
	0.000000
PRED	H-SSM	66666
	OLIN	1
	0.514772	1
	0.000000
PRED	H-SSM	66666
	OLIN	0
	0.514772	1
	0.000000
PRED	H-SSM	66666
	OLIN	0
	0.514772	1
	0.000000
PRED	H-SSM	66666
	OLIN	0
	0.514772	1
	0.000000
PRED	H-SSM	66666
	OLIN	0
	0.514772	1
	0.000000
PRED	H-SSM	66666
	OLIN	0
	0.514772	1
	0.000000
PRED	H-SSM	66666
	OLIN	0
	0.514772	1
	0.000000
PRED	H-SSM	66666
	OLIN	0
	0.514772	1
	0.000000
PRED	H-SSM	66666
	OLIN	0
	0.514772	1
	0.000000
PRED	H-SSM	66666
	OLIN	0
	0.514772	1
	0.000000
PRED	H-SSM	66666
	OLIN	0
	0.514772	1
	0.000000
PRED	H-SSM	66666
	OLIN	0
	0.514772	1
	0.000000
PRED	H-SSM	66666
	OLIN	0
	0.514772	1
	0.000000
PRED	H-SSM	66666
	OLIN	0
	0.514772	1
	0.000000
PRED	H-SSM	66666
	OLIN	0
	0.514772	1
	0.000000
PRED	H-SSM	66666
	OLIN	0
	0.514772	1
	0.000000
PRED	H-SSM	66666
	OHSU	1
	0.486248	0
	0.000000
PRED	H-SSM	66666
	OHSU	1
	0.486248	0
	0.000000
PRED	H-SSM	66666
	OHSU	0
	0.486248	0
	0.000000
PRED	H-SSM	66666
	OHSU	0
	0.486248	0
	0.000000
PRED	H-SSM	66666
	OHSU	0
	0.486248	0
	0.000000
PRED	H-SSM	66666
	OHSU	0
	0.486248	0
	0.000000
PRED	H-SSM	66666
	OHSU	0
	0.486248	0
	0.000000
PRED	H-SSM	66666
	OHSU	0
	0.486248	0
	0.000000
PRED	H-SSM	66666
	OHSU	0
	0.486248	0
	0.000000
PRED	H-SSM	66666
	OHSU	0
	0.486248	0
	0.000000
  H-SSM    66666
   acc=53.999999% bal=50.000000% sites=3
/3
 test_n=100
 assoc=0.000000
PRED	H-SSM	77777
	PITT	1
	0.291279	0
	0.000000
PRED	H-SSM	77777
	PITT	1
	0.291279	0
	0.000000
PRED	H-SSM	77777
	PITT	1
	0.291279	0
	0.000000
PRED	H-SSM	77777
	PITT	1
	0.291279	0
	0.000000
PRED	H-SSM	77777
	PITT	1
	0.291279	0
	0.000000
PRED	H-SSM	77777
	PITT	1
	0.291279	0
	0.000000
PRED	H-SSM	77777
	PITT	1
	0.291279	0
	0.000000
PRED	H-SSM	77777
	PITT	1
	0.291279	0
	0.000000
PRED	H-SSM	77777
	PITT	1
	0.291279	0
	0.000000
PRED	H-SSM	77777
	PITT	1
	0.291279	0
	0.000000
PRED	H-SSM	77777
	PITT	1
	0.291279	0
	0.000000
PRED	H-SSM	77777
	PITT	1
	0.291279	0
	0.000000
PRED	H-SSM	77777
	PITT	1
	0.291279	0
	0.000000
PRED	H-SSM	77777
	PITT	1
	0.291279	0
	0.000000
PRED	H-SSM	77777
	PITT	1
	0.291279	0
	0.000000
PRED	H-SSM	77777
	PITT	1
	0.291279	0
	0.000000
PRED	H-SSM	77777
	PITT	1
	0.291279	0
	0.000000
PRED	H-SSM	77777
	PITT	1
	0.291279	0
	0.000000
PRED	H-SSM	77777
	PITT	1
	0.291279	0
	0.000000
PRED	H-SSM	77777
	PITT	1
	0.291279	0
	0.000000
PRED	H-SSM	77777
	PITT	1
	0.291279	0
	0.000000
PRED	H-SSM	77777
	PITT	1
	0.291279	0
	0.000000
PRED	H-SSM	77777
	PITT	1
	0.291279	0
	0.000000
PRED	H-SSM	77777
	PITT	1
	0.291279	0
	0.000000
PRED	H-SSM	77777
	PITT	1
	0.291279	0
	0.000000
PRED	H-SSM	77777
	PITT	1
	0.291279	0
	0.000000
PRED	H-SSM	77777
	PITT	1
	0.291279	0
	0.000000
PRED	H-SSM	77777
	PITT	1
	0.291279	0
	0.000000
PRED	H-SSM	77777
	PITT	1
	0.291279	0
	0.000000
PRED	H-SSM	77777
	PITT	0
	0.291279	0
	0.000000
PRED	H-SSM	77777
	PITT	0
	0.291279	0
	0.000000
PRED	H-SSM	77777
	PITT	0
	0.291279	0
	0.000000
PRED	H-SSM	77777
	PITT	0
	0.291279	0
	0.000000
PRED	H-SSM	77777
	PITT	0
	0.291279	0
	0.000000
PRED	H-SSM	77777
	PITT	0
	0.291279	0
	0.000000
PRED	H-SSM	77777
	PITT	0
	0.291279	0
	0.000000
PRED	H-SSM	77777
	PITT	0
	0.291279	0
	0.000000
PRED	H-SSM	77777
	PITT	0
	0.291279	0
	0.000000
PRED	H-SSM	77777
	PITT	0
	0.291279	0
	0.000000
PRED	H-SSM	77777
	PITT	0
	0.291279	0
	0.000000
PRED	H-SSM	77777
	PITT	0
	0.291279	0
	0.000000
PRED	H-SSM	77777
	PITT	0
	0.291279	0
	0.000000
PRED	H-SSM	77777
	PITT	0
	0.291279	0
	0.000000
PRED	H-SSM	77777
	PITT	0
	0.291279	0
	0.000000
PRED	H-SSM	77777
	PITT	0
	0.291279	0
	0.000000
PRED	H-SSM	77777
	PITT	0
	0.291279	0
	0.000000
PRED	H-SSM	77777
	PITT	0
	0.291279	0
	0.000000
PRED	H-SSM	77777
	PITT	0
	0.291279	0
	0.000000
PRED	H-SSM	77777
	PITT	0
	0.291279	0
	0.000000
PRED	H-SSM	77777
	PITT	0
	0.291279	0
	0.000000
PRED	H-SSM	77777
	PITT	0
	0.291279	0
	0.000000
PRED	H-SSM	77777
	PITT	0
	0.291279	0
	0.000000
PRED	H-SSM	77777
	PITT	0
	0.291279	0
	0.000000
PRED	H-SSM	77777
	PITT	0
	0.291279	0
	0.000000
PRED	H-SSM	77777
	PITT	0
	0.291279	0
	0.000000
PRED	H-SSM	77777
	PITT	0
	0.291279	0
	0.000000
PRED	H-SSM	77777
	OLIN	1
	0.466101	0
	0.000000
PRED	H-SSM	77777
	OLIN	1
	0.466101	0
	0.000000
PRED	H-SSM	77777
	OLIN	1
	0.466101	0
	0.000000
PRED	H-SSM	77777
	OLIN	1
	0.466101	0
	0.000000
PRED	H-SSM	77777
	OLIN	1
	0.466101	0
	0.000000
PRED	H-SSM	77777
	OLIN	1
	0.466101	0
	0.000000
PRED	H-SSM	77777
	OLIN	1
	0.466101	0
	0.000000
PRED	H-SSM	77777
	OLIN	1
	0.466101	0
	0.000000
PRED	H-SSM	77777
	OLIN	1
	0.466101	0
	0.000000
PRED	H-SSM	77777
	OLIN	1
	0.466101	0
	0.000000
PRED	H-SSM	77777
	OLIN	1
	0.466101	0
	0.000000
PRED	H-SSM	77777
	OLIN	1
	0.466101	0
	0.000000
PRED	H-SSM	77777
	OLIN	1
	0.466101	0
	0.000000
PRED	H-SSM	77777
	OLIN	1
	0.466101	0
	0.000000
PRED	H-SSM	77777
	OLIN	1
	0.466101	0
	0.000000
PRED	H-SSM	77777
	OLIN	1
	0.466101	0
	0.000000
PRED	H-SSM	77777
	OLIN	1
	0.466101	0
	0.000000
PRED	H-SSM	77777
	OLIN	1
	0.466101	0
	0.000000
PRED	H-SSM	77777
	OLIN	1
	0.466101	0
	0.000000
PRED	H-SSM	77777
	OLIN	0
	0.466101	0
	0.000000
PRED	H-SSM	77777
	OLIN	0
	0.466101	0
	0.000000
PRED	H-SSM	77777
	OLIN	0
	0.466101	0
	0.000000
PRED	H-SSM	77777
	OLIN	0
	0.466101	0
	0.000000
PRED	H-SSM	77777
	OLIN	0
	0.466101	0
	0.000000
PRED	H-SSM	77777
	OLIN	0
	0.466101	0
	0.000000
PRED	H-SSM	77777
	OLIN	0
	0.466101	0
	0.000000
PRED	H-SSM	77777
	OLIN	0
	0.466101	0
	0.000000
PRED	H-SSM	77777
	OLIN	0
	0.466101	0
	0.000000
PRED	H-SSM	77777
	OLIN	0
	0.466101	0
	0.000000
PRED	H-SSM	77777
	OLIN	0
	0.466101	0
	0.000000
PRED	H-SSM	77777
	OLIN	0
	0.466101	0
	0.000000
PRED	H-SSM	77777
	OLIN	0
	0.466101	0
	0.000000
PRED	H-SSM	77777
	OLIN	0
	0.466101	0
	0.000000
PRED	H-SSM	77777
	OLIN	0
	0.466101	0
	0.000000
PRED	H-SSM	77777
	OHSU	1
	0.689565	1
	0.000000
PRED	H-SSM	77777
	OHSU	1
	0.689565	1
	0.000000
PRED	H-SSM	77777
	OHSU	0
	0.689565	1
	0.000000
PRED	H-SSM	77777
	OHSU	0
	0.689565	1
	0.000000
PRED	H-SSM	77777
	OHSU	0
	0.689565	1
	0.000000
PRED	H-SSM	77777
	OHSU	0
	0.689565	1
	0.000000
PRED	H-SSM	77777
	OHSU	0
	0.689565	1
	0.000000
PRED	H-SSM	77777
	OHSU	0
	0.689565	1
	0.000000
PRED	H-SSM	77777
	OHSU	0
	0.689565	1
	0.000000
PRED	H-SSM	77777
	OHSU	0
	0.689565	1
	0.000000
  H-SSM    77777
   acc=44.000000% bal=50.000000% sites=3
/3
 test_n=100
 assoc=0.000000
PRED	H-SSM	88888
	PITT	1
	0.579085	1
	0.000000
PRED	H-SSM	88888
	PITT	1
	0.579085	1
	0.000000
PRED	H-SSM	88888
	PITT	1
	0.579085	1
	0.000000
PRED	H-SSM	88888
	PITT	1
	0.579085	1
	0.000000
PRED	H-SSM	88888
	PITT	1
	0.579085	1
	0.000000
PRED	H-SSM	88888
	PITT	1
	0.579085	1
	0.000000
PRED	H-SSM	88888
	PITT	1
	0.579085	1
	0.000000
PRED	H-SSM	88888
	PITT	1
	0.579085	1
	0.000000
PRED	H-SSM	88888
	PITT	1
	0.579085	1
	0.000000
PRED	H-SSM	88888
	PITT	1
	0.579085	1
	0.000000
PRED	H-SSM	88888
	PITT	1
	0.579085	1
	0.000000
PRED	H-SSM	88888
	PITT	1
	0.579085	1
	0.000000
PRED	H-SSM	88888
	PITT	1
	0.579085	1
	0.000000
PRED	H-SSM	88888
	PITT	1
	0.579085	1
	0.000000
PRED	H-SSM	88888
	PITT	1
	0.579085	1
	0.000000
PRED	H-SSM	88888
	PITT	1
	0.579085	1
	0.000000
PRED	H-SSM	88888
	PITT	1
	0.579085	1
	0.000000
PRED	H-SSM	88888
	PITT	1
	0.579085	1
	0.000000
PRED	H-SSM	88888
	PITT	1
	0.579085	1
	0.000000
PRED	H-SSM	88888
	PITT	1
	0.579085	1
	0.000000
PRED	H-SSM	88888
	PITT	1
	0.579085	1
	0.000000
PRED	H-SSM	88888
	PITT	1
	0.579085	1
	0.000000
PRED	H-SSM	88888
	PITT	1
	0.579085	1
	0.000000
PRED	H-SSM	88888
	PITT	1
	0.579085	1
	0.000000
PRED	H-SSM	88888
	PITT	1
	0.579085	1
	0.000000
PRED	H-SSM	88888
	PITT	1
	0.579085	1
	0.000000
PRED	H-SSM	88888
	PITT	1
	0.579085	1
	0.000000
PRED	H-SSM	88888
	PITT	1
	0.579085	1
	0.000000
PRED	H-SSM	88888
	PITT	1
	0.579085	1
	0.000000
PRED	H-SSM	88888
	PITT	0
	0.579085	1
	0.000000
PRED	H-SSM	88888
	PITT	0
	0.579085	1
	0.000000
PRED	H-SSM	88888
	PITT	0
	0.579085	1
	0.000000
PRED	H-SSM	88888
	PITT	0
	0.579085	1
	0.000000
PRED	H-SSM	88888
	PITT	0
	0.579085	1
	0.000000
PRED	H-SSM	88888
	PITT	0
	0.579085	1
	0.000000
PRED	H-SSM	88888
	PITT	0
	0.579085	1
	0.000000
PRED	H-SSM	88888
	PITT	0
	0.579085	1
	0.000000
PRED	H-SSM	88888
	PITT	0
	0.579085	1
	0.000000
PRED	H-SSM	88888
	PITT	0
	0.579085	1
	0.000000
PRED	H-SSM	88888
	PITT	0
	0.579085	1
	0.000000
PRED	H-SSM	88888
	PITT	0
	0.579085	1
	0.000000
PRED	H-SSM	88888
	PITT	0
	0.579085	1
	0.000000
PRED	H-SSM	88888
	PITT	0
	0.579085	1
	0.000000
PRED	H-SSM	88888
	PITT	0
	0.579085	1
	0.000000
PRED	H-SSM	88888
	PITT	0
	0.579085	1
	0.000000
PRED	H-SSM	88888
	PITT	0
	0.579085	1
	0.000000
PRED	H-SSM	88888
	PITT	0
	0.579085	1
	0.000000
PRED	H-SSM	88888
	PITT	0
	0.579085	1
	0.000000
PRED	H-SSM	88888
	PITT	0
	0.579085	1
	0.000000
PRED	H-SSM	88888
	PITT	0
	0.579085	1
	0.000000
PRED	H-SSM	88888
	PITT	0
	0.579085	1
	0.000000
PRED	H-SSM	88888
	PITT	0
	0.579085	1
	0.000000
PRED	H-SSM	88888
	PITT	0
	0.579085	1
	0.000000
PRED	H-SSM	88888
	PITT	0
	0.579085	1
	0.000000
PRED	H-SSM	88888
	PITT	0
	0.579085	1
	0.000000
PRED	H-SSM	88888
	PITT	0
	0.579085	1
	0.000000
PRED	H-SSM	88888
	OLIN	1
	0.352185	0
	0.000000
PRED	H-SSM	88888
	OLIN	1
	0.352185	0
	0.000000
PRED	H-SSM	88888
	OLIN	1
	0.352185	0
	0.000000
PRED	H-SSM	88888
	OLIN	1
	0.352185	0
	0.000000
PRED	H-SSM	88888
	OLIN	1
	0.352185	0
	0.000000
PRED	H-SSM	88888
	OLIN	1
	0.352185	0
	0.000000
PRED	H-SSM	88888
	OLIN	1
	0.352185	0
	0.000000
PRED	H-SSM	88888
	OLIN	1
	0.352185	0
	0.000000
PRED	H-SSM	88888
	OLIN	1
	0.352185	0
	0.000000
PRED	H-SSM	88888
	OLIN	1
	0.352185	0
	0.000000
PRED	H-SSM	88888
	OLIN	1
	0.352185	0
	0.000000
PRED	H-SSM	88888
	OLIN	1
	0.352185	0
	0.000000
PRED	H-SSM	88888
	OLIN	1
	0.352185	0
	0.000000
PRED	H-SSM	88888
	OLIN	1
	0.352185	0
	0.000000
PRED	H-SSM	88888
	OLIN	1
	0.352185	0
	0.000000
PRED	H-SSM	88888
	OLIN	1
	0.352185	0
	0.000000
PRED	H-SSM	88888
	OLIN	1
	0.352185	0
	0.000000
PRED	H-SSM	88888
	OLIN	1
	0.352185	0
	0.000000
PRED	H-SSM	88888
	OLIN	1
	0.352185	0
	0.000000
PRED	H-SSM	88888
	OLIN	0
	0.352185	0
	0.000000
PRED	H-SSM	88888
	OLIN	0
	0.352185	0
	0.000000
PRED	H-SSM	88888
	OLIN	0
	0.352185	0
	0.000000
PRED	H-SSM	88888
	OLIN	0
	0.352185	0
	0.000000
PRED	H-SSM	88888
	OLIN	0
	0.352185	0
	0.000000
PRED	H-SSM	88888
	OLIN	0
	0.352185	0
	0.000000
PRED	H-SSM	88888
	OLIN	0
	0.352185	0
	0.000000
PRED	H-SSM	88888
	OLIN	0
	0.352185	0
	0.000000
PRED	H-SSM	88888
	OLIN	0
	0.352185	0
	0.000000
PRED	H-SSM	88888
	OLIN	0
	0.352185	0
	0.000000
PRED	H-SSM	88888
	OLIN	0
	0.352185	0
	0.000000
PRED	H-SSM	88888
	OLIN	0
	0.352185	0
	0.000000
PRED	H-SSM	88888
	OLIN	0
	0.352185	0
	0.000000
PRED	H-SSM	88888
	OLIN	0
	0.352185	0
	0.000000
PRED	H-SSM	88888
	OLIN	0
	0.352185	0
	0.000000
PRED	H-SSM	88888
	OHSU	1
	0.745146	1
	0.000000
PRED	H-SSM	88888
	OHSU	1
	0.745146	1
	0.000000
PRED	H-SSM	88888
	OHSU	0
	0.745146	1
	0.000000
PRED	H-SSM	88888
	OHSU	0
	0.745146	1
	0.000000
PRED	H-SSM	88888
	OHSU	0
	0.745146	1
	0.000000
PRED	H-SSM	88888
	OHSU	0
	0.745146	1
	0.000000
PRED	H-SSM	88888
	OHSU	0
	0.745146	1
	0.000000
PRED	H-SSM	88888
	OHSU	0
	0.745146	1
	0.000000
PRED	H-SSM	88888
	OHSU	0
	0.745146	1
	0.000000
PRED	H-SSM	88888
	OHSU	0
	0.745146	1
	0.000000
  H-SSM    88888
   acc=46.000000% bal=50.000000% sites=3
/3
 test_n=100
 assoc=0.000000
PRED	H-SSM	33333
	PITT	1
	0.544785	1
	0.000000
PRED	H-SSM	33333
	PITT	1
	0.544785	1
	0.000000
PRED	H-SSM	33333
	PITT	1
	0.544785	1
	0.000000
PRED	H-SSM	33333
	PITT	1
	0.544785	1
	0.000000
PRED	H-SSM	33333
	PITT	1
	0.544785	1
	0.000000
PRED	H-SSM	33333
	PITT	1
	0.544785	1
	0.000000
PRED	H-SSM	33333
	PITT	1
	0.544785	1
	0.000000
PRED	H-SSM	33333
	PITT	1
	0.544785	1
	0.000000
PRED	H-SSM	33333
	PITT	1
	0.544785	1
	0.000000
PRED	H-SSM	33333
	PITT	1
	0.544785	1
	0.000000
PRED	H-SSM	33333
	PITT	1
	0.544785	1
	0.000000
PRED	H-SSM	33333
	PITT	1
	0.544785	1
	0.000000
PRED	H-SSM	33333
	PITT	1
	0.544785	1
	0.000000
PRED	H-SSM	33333
	PITT	1
	0.544785	1
	0.000000
PRED	H-SSM	33333
	PITT	1
	0.544785	1
	0.000000
PRED	H-SSM	33333
	PITT	1
	0.544785	1
	0.000000
PRED	H-SSM	33333
	PITT	1
	0.544785	1
	0.000000
PRED	H-SSM	33333
	PITT	1
	0.544785	1
	0.000000
PRED	H-SSM	33333
	PITT	1
	0.544785	1
	0.000000
PRED	H-SSM	33333
	PITT	1
	0.544785	1
	0.000000
PRED	H-SSM	33333
	PITT	1
	0.544785	1
	0.000000
PRED	H-SSM	33333
	PITT	1
	0.544785	1
	0.000000
PRED	H-SSM	33333
	PITT	1
	0.544785	1
	0.000000
PRED	H-SSM	33333
	PITT	1
	0.544785	1
	0.000000
PRED	H-SSM	33333
	PITT	1
	0.544785	1
	0.000000
PRED	H-SSM	33333
	PITT	1
	0.544785	1
	0.000000
PRED	H-SSM	33333
	PITT	1
	0.544785	1
	0.000000
PRED	H-SSM	33333
	PITT	1
	0.544785	1
	0.000000
PRED	H-SSM	33333
	PITT	1
	0.544785	1
	0.000000
PRED	H-SSM	33333
	PITT	0
	0.544785	1
	0.000000
PRED	H-SSM	33333
	PITT	0
	0.544785	1
	0.000000
PRED	H-SSM	33333
	PITT	0
	0.544785	1
	0.000000
PRED	H-SSM	33333
	PITT	0
	0.544785	1
	0.000000
PRED	H-SSM	33333
	PITT	0
	0.544785	1
	0.000000
PRED	H-SSM	33333
	PITT	0
	0.544785	1
	0.000000
PRED	H-SSM	33333
	PITT	0
	0.544785	1
	0.000000
PRED	H-SSM	33333
	PITT	0
	0.544785	1
	0.000000
PRED	H-SSM	33333
	PITT	0
	0.544785	1
	0.000000
PRED	H-SSM	33333
	PITT	0
	0.544785	1
	0.000000
PRED	H-SSM	33333
	PITT	0
	0.544785	1
	0.000000
PRED	H-SSM	33333
	PITT	0
	0.544785	1
	0.000000
PRED	H-SSM	33333
	PITT	0
	0.544785	1
	0.000000
PRED	H-SSM	33333
	PITT	0
	0.544785	1
	0.000000
PRED	H-SSM	33333
	PITT	0
	0.544785	1
	0.000000
PRED	H-SSM	33333
	PITT	0
	0.544785	1
	0.000000
PRED	H-SSM	33333
	PITT	0
	0.544785	1
	0.000000
PRED	H-SSM	33333
	PITT	0
	0.544785	1
	0.000000
PRED	H-SSM	33333
	PITT	0
	0.544785	1
	0.000000
PRED	H-SSM	33333
	PITT	0
	0.544785	1
	0.000000
PRED	H-SSM	33333
	PITT	0
	0.544785	1
	0.000000
PRED	H-SSM	33333
	PITT	0
	0.544785	1
	0.000000
PRED	H-SSM	33333
	PITT	0
	0.544785	1
	0.000000
PRED	H-SSM	33333
	PITT	0
	0.544785	1
	0.000000
PRED	H-SSM	33333
	PITT	0
	0.544785	1
	0.000000
PRED	H-SSM	33333
	PITT	0
	0.544785	1
	0.000000
PRED	H-SSM	33333
	PITT	0
	0.544785	1
	0.000000
PRED	H-SSM	33333
	OLIN	1
	0.212196	0
	0.000000
PRED	H-SSM	33333
	OLIN	1
	0.212196	0
	0.000000
PRED	H-SSM	33333
	OLIN	1
	0.212196	0
	0.000000
PRED	H-SSM	33333
	OLIN	1
	0.212196	0
	0.000000
PRED	H-SSM	33333
	OLIN	1
	0.212196	0
	0.000000
PRED	H-SSM	33333
	OLIN	1
	0.212196	0
	0.000000
PRED	H-SSM	33333
	OLIN	1
	0.212196	0
	0.000000
PRED	H-SSM	33333
	OLIN	1
	0.212196	0
	0.000000
PRED	H-SSM	33333
	OLIN	1
	0.212196	0
	0.000000
PRED	H-SSM	33333
	OLIN	1
	0.212196	0
	0.000000
PRED	H-SSM	33333
	OLIN	1
	0.212196	0
	0.000000
PRED	H-SSM	33333
	OLIN	1
	0.212196	0
	0.000000
PRED	H-SSM	33333
	OLIN	1
	0.212196	0
	0.000000
PRED	H-SSM	33333
	OLIN	1
	0.212196	0
	0.000000
PRED	H-SSM	33333
	OLIN	1
	0.212196	0
	0.000000
PRED	H-SSM	33333
	OLIN	1
	0.212196	0
	0.000000
PRED	H-SSM	33333
	OLIN	1
	0.212196	0
	0.000000
PRED	H-SSM	33333
	OLIN	1
	0.212196	0
	0.000000
PRED	H-SSM	33333
	OLIN	1
	0.212196	0
	0.000000
PRED	H-SSM	33333
	OLIN	0
	0.212196	0
	0.000000
PRED	H-SSM	33333
	OLIN	0
	0.212196	0
	0.000000
PRED	H-SSM	33333
	OLIN	0
	0.212196	0
	0.000000
PRED	H-SSM	33333
	OLIN	0
	0.212196	0
	0.000000
PRED	H-SSM	33333
	OLIN	0
	0.212196	0
	0.000000
PRED	H-SSM	33333
	OLIN	0
	0.212196	0
	0.000000
PRED	H-SSM	33333
	OLIN	0
	0.212196	0
	0.000000
PRED	H-SSM	33333
	OLIN	0
	0.212196	0
	0.000000
PRED	H-SSM	33333
	OLIN	0
	0.212196	0
	0.000000
PRED	H-SSM	33333
	OLIN	0
	0.212196	0
	0.000000
PRED	H-SSM	33333
	OLIN	0
	0.212196	0
	0.000000
PRED	H-SSM	33333
	OLIN	0
	0.212196	0
	0.000000
PRED	H-SSM	33333
	OLIN	0
	0.212196	0
	0.000000
PRED	H-SSM	33333
	OLIN	0
	0.212196	0
	0.000000
PRED	H-SSM	33333
	OLIN	0
	0.212196	0
	0.000000
PRED	H-SSM	33333
	OHSU	1
	0.521524	1
	0.000000
PRED	H-SSM	33333
	OHSU	1
	0.521524	1
	0.000000
PRED	H-SSM	33333
	OHSU	0
	0.521524	1
	0.000000
PRED	H-SSM	33333
	OHSU	0
	0.521524	1
	0.000000
PRED	H-SSM	33333
	OHSU	0
	0.521524	1
	0.000000
PRED	H-SSM	33333
	OHSU	0
	0.521524	1
	0.000000
PRED	H-SSM	33333
	OHSU	0
	0.521524	1
	0.000000
PRED	H-SSM	33333
	OHSU	0
	0.521524	1
	0.000000
PRED	H-SSM	33333
	OHSU	0
	0.521524	1
	0.000000
PRED	H-SSM	33333
	OHSU	0
	0.521524	1
	0.000000
  H-SSM    33333
   acc=46.000000% bal=50.000000% sites=3
/3
 test_n=100
 assoc=0.000000
PRED	H-SSM	12321
	PITT	1
	0.405308	0
	0.000000
PRED	H-SSM	12321
	PITT	1
	0.405308	0
	0.000000
PRED	H-SSM	12321
	PITT	1
	0.405308	0
	0.000000
PRED	H-SSM	12321
	PITT	1
	0.405308	0
	0.000000
PRED	H-SSM	12321
	PITT	1
	0.405308	0
	0.000000
PRED	H-SSM	12321
	PITT	1
	0.405308	0
	0.000000
PRED	H-SSM	12321
	PITT	1
	0.405308	0
	0.000000
PRED	H-SSM	12321
	PITT	1
	0.405308	0
	0.000000
PRED	H-SSM	12321
	PITT	1
	0.405308	0
	0.000000
PRED	H-SSM	12321
	PITT	1
	0.405308	0
	0.000000
PRED	H-SSM	12321
	PITT	1
	0.405308	0
	0.000000
PRED	H-SSM	12321
	PITT	1
	0.405308	0
	0.000000
PRED	H-SSM	12321
	PITT	1
	0.405308	0
	0.000000
PRED	H-SSM	12321
	PITT	1
	0.405308	0
	0.000000
PRED	H-SSM	12321
	PITT	1
	0.405308	0
	0.000000
PRED	H-SSM	12321
	PITT	1
	0.405308	0
	0.000000
PRED	H-SSM	12321
	PITT	1
	0.405308	0
	0.000000
PRED	H-SSM	12321
	PITT	1
	0.405308	0
	0.000000
PRED	H-SSM	12321
	PITT	1
	0.405308	0
	0.000000
PRED	H-SSM	12321
	PITT	1
	0.405308	0
	0.000000
PRED	H-SSM	12321
	PITT	1
	0.405308	0
	0.000000
PRED	H-SSM	12321
	PITT	1
	0.405308	0
	0.000000
PRED	H-SSM	12321
	PITT	1
	0.405308	0
	0.000000
PRED	H-SSM	12321
	PITT	1
	0.405308	0
	0.000000
PRED	H-SSM	12321
	PITT	1
	0.405308	0
	0.000000
PRED	H-SSM	12321
	PITT	1
	0.405308	0
	0.000000
PRED	H-SSM	12321
	PITT	1
	0.405308	0
	0.000000
PRED	H-SSM	12321
	PITT	1
	0.405308	0
	0.000000
PRED	H-SSM	12321
	PITT	1
	0.405308	0
	0.000000
PRED	H-SSM	12321
	PITT	0
	0.405308	0
	0.000000
PRED	H-SSM	12321
	PITT	0
	0.405308	0
	0.000000
PRED	H-SSM	12321
	PITT	0
	0.405308	0
	0.000000
PRED	H-SSM	12321
	PITT	0
	0.405308	0
	0.000000
PRED	H-SSM	12321
	PITT	0
	0.405308	0
	0.000000
PRED	H-SSM	12321
	PITT	0
	0.405308	0
	0.000000
PRED	H-SSM	12321
	PITT	0
	0.405308	0
	0.000000
PRED	H-SSM	12321
	PITT	0
	0.405308	0
	0.000000
PRED	H-SSM	12321
	PITT	0
	0.405308	0
	0.000000
PRED	H-SSM	12321
	PITT	0
	0.405308	0
	0.000000
PRED	H-SSM	12321
	PITT	0
	0.405308	0
	0.000000
PRED	H-SSM	12321
	PITT	0
	0.405308	0
	0.000000
PRED	H-SSM	12321
	PITT	0
	0.405308	0
	0.000000
PRED	H-SSM	12321
	PITT	0
	0.405308	0
	0.000000
PRED	H-SSM	12321
	PITT	0
	0.405308	0
	0.000000
PRED	H-SSM	12321
	PITT	0
	0.405308	0
	0.000000
PRED	H-SSM	12321
	PITT	0
	0.405308	0
	0.000000
PRED	H-SSM	12321
	PITT	0
	0.405308	0
	0.000000
PRED	H-SSM	12321
	PITT	0
	0.405308	0
	0.000000
PRED	H-SSM	12321
	PITT	0
	0.405308	0
	0.000000
PRED	H-SSM	12321
	PITT	0
	0.405308	0
	0.000000
PRED	H-SSM	12321
	PITT	0
	0.405308	0
	0.000000
PRED	H-SSM	12321
	PITT	0
	0.405308	0
	0.000000
PRED	H-SSM	12321
	PITT	0
	0.405308	0
	0.000000
PRED	H-SSM	12321
	PITT	0
	0.405308	0
	0.000000
PRED	H-SSM	12321
	PITT	0
	0.405308	0
	0.000000
PRED	H-SSM	12321
	PITT	0
	0.405308	0
	0.000000
PRED	H-SSM	12321
	OLIN	1
	0.373696	0
	0.000000
PRED	H-SSM	12321
	OLIN	1
	0.373696	0
	0.000000
PRED	H-SSM	12321
	OLIN	1
	0.373696	0
	0.000000
PRED	H-SSM	12321
	OLIN	1
	0.373696	0
	0.000000
PRED	H-SSM	12321
	OLIN	1
	0.373696	0
	0.000000
PRED	H-SSM	12321
	OLIN	1
	0.373696	0
	0.000000
PRED	H-SSM	12321
	OLIN	1
	0.373696	0
	0.000000
PRED	H-SSM	12321
	OLIN	1
	0.373696	0
	0.000000
PRED	H-SSM	12321
	OLIN	1
	0.373696	0
	0.000000
PRED	H-SSM	12321
	OLIN	1
	0.373696	0
	0.000000
PRED	H-SSM	12321
	OLIN	1
	0.373696	0
	0.000000
PRED	H-SSM	12321
	OLIN	1
	0.373696	0
	0.000000
PRED	H-SSM	12321
	OLIN	1
	0.373696	0
	0.000000
PRED	H-SSM	12321
	OLIN	1
	0.373696	0
	0.000000
PRED	H-SSM	12321
	OLIN	1
	0.373696	0
	0.000000
PRED	H-SSM	12321
	OLIN	1
	0.373696	0
	0.000000
PRED	H-SSM	12321
	OLIN	1
	0.373696	0
	0.000000
PRED	H-SSM	12321
	OLIN	1
	0.373696	0
	0.000000
PRED	H-SSM	12321
	OLIN	1
	0.373696	0
	0.000000
PRED	H-SSM	12321
	OLIN	0
	0.373696	0
	0.000000
PRED	H-SSM	12321
	OLIN	0
	0.373696	0
	0.000000
PRED	H-SSM	12321
	OLIN	0
	0.373696	0
	0.000000
PRED	H-SSM	12321
	OLIN	0
	0.373696	0
	0.000000
PRED	H-SSM	12321
	OLIN	0
	0.373696	0
	0.000000
PRED	H-SSM	12321
	OLIN	0
	0.373696	0
	0.000000
PRED	H-SSM	12321
	OLIN	0
	0.373696	0
	0.000000
PRED	H-SSM	12321
	OLIN	0
	0.373696	0
	0.000000
PRED	H-SSM	12321
	OLIN	0
	0.373696	0
	0.000000
PRED	H-SSM	12321
	OLIN	0
	0.373696	0
	0.000000
PRED	H-SSM	12321
	OLIN	0
	0.373696	0
	0.000000
PRED	H-SSM	12321
	OLIN	0
	0.373696	0
	0.000000
PRED	H-SSM	12321
	OLIN	0
	0.373696	0
	0.000000
PRED	H-SSM	12321
	OLIN	0
	0.373696	0
	0.000000
PRED	H-SSM	12321
	OLIN	0
	0.373696	0
	0.000000
PRED	H-SSM	12321
	OHSU	1
	0.521575	1
	0.000000
PRED	H-SSM	12321
	OHSU	1
	0.521575	1
	0.000000
PRED	H-SSM	12321
	OHSU	0
	0.521575	1
	0.000000
PRED	H-SSM	12321
	OHSU	0
	0.521575	1
	0.000000
PRED	H-SSM	12321
	OHSU	0
	0.521575	1
	0.000000
PRED	H-SSM	12321
	OHSU	0
	0.521575	1
	0.000000
PRED	H-SSM	12321
	OHSU	0
	0.521575	1
	0.000000
PRED	H-SSM	12321
	OHSU	0
	0.521575	1
	0.000000
PRED	H-SSM	12321
	OHSU	0
	0.521575	1
	0.000000
PRED	H-SSM	12321
	OHSU	0
	0.521575	1
	0.000000
  H-SSM    12321
   acc=44.000000% bal=50.000000% sites=3
/3
 test_n=100
 assoc=0.000000
PRED	H-SSM	24680
	PITT	1
	0.538503	1
	0.000000
PRED	H-SSM	24680
	PITT	1
	0.538503	1
	0.000000
PRED	H-SSM	24680
	PITT	1
	0.538503	1
	0.000000
PRED	H-SSM	24680
	PITT	1
	0.538503	1
	0.000000
PRED	H-SSM	24680
	PITT	1
	0.538503	1
	0.000000
PRED	H-SSM	24680
	PITT	1
	0.538503	1
	0.000000
PRED	H-SSM	24680
	PITT	1
	0.538503	1
	0.000000
PRED	H-SSM	24680
	PITT	1
	0.538503	1
	0.000000
PRED	H-SSM	24680
	PITT	1
	0.538503	1
	0.000000
PRED	H-SSM	24680
	PITT	1
	0.538503	1
	0.000000
PRED	H-SSM	24680
	PITT	1
	0.538503	1
	0.000000
PRED	H-SSM	24680
	PITT	1
	0.538503	1
	0.000000
PRED	H-SSM	24680
	PITT	1
	0.538503	1
	0.000000
PRED	H-SSM	24680
	PITT	1
	0.538503	1
	0.000000
PRED	H-SSM	24680
	PITT	1
	0.538503	1
	0.000000
PRED	H-SSM	24680
	PITT	1
	0.538503	1
	0.000000
PRED	H-SSM	24680
	PITT	1
	0.538503	1
	0.000000
PRED	H-SSM	24680
	PITT	1
	0.538503	1
	0.000000
PRED	H-SSM	24680
	PITT	1
	0.538503	1
	0.000000
PRED	H-SSM	24680
	PITT	1
	0.538503	1
	0.000000
PRED	H-SSM	24680
	PITT	1
	0.538503	1
	0.000000
PRED	H-SSM	24680
	PITT	1
	0.538503	1
	0.000000
PRED	H-SSM	24680
	PITT	1
	0.538503	1
	0.000000
PRED	H-SSM	24680
	PITT	1
	0.538503	1
	0.000000
PRED	H-SSM	24680
	PITT	1
	0.538503	1
	0.000000
PRED	H-SSM	24680
	PITT	1
	0.538503	1
	0.000000
PRED	H-SSM	24680
	PITT	1
	0.538503	1
	0.000000
PRED	H-SSM	24680
	PITT	1
	0.538503	1
	0.000000
PRED	H-SSM	24680
	PITT	1
	0.538503	1
	0.000000
PRED	H-SSM	24680
	PITT	0
	0.538503	1
	0.000000
PRED	H-SSM	24680
	PITT	0
	0.538503	1
	0.000000
PRED	H-SSM	24680
	PITT	0
	0.538503	1
	0.000000
PRED	H-SSM	24680
	PITT	0
	0.538503	1
	0.000000
PRED	H-SSM	24680
	PITT	0
	0.538503	1
	0.000000
PRED	H-SSM	24680
	PITT	0
	0.538503	1
	0.000000
PRED	H-SSM	24680
	PITT	0
	0.538503	1
	0.000000
PRED	H-SSM	24680
	PITT	0
	0.538503	1
	0.000000
PRED	H-SSM	24680
	PITT	0
	0.538503	1
	0.000000
PRED	H-SSM	24680
	PITT	0
	0.538503	1
	0.000000
PRED	H-SSM	24680
	PITT	0
	0.538503	1
	0.000000
PRED	H-SSM	24680
	PITT	0
	0.538503	1
	0.000000
PRED	H-SSM	24680
	PITT	0
	0.538503	1
	0.000000
PRED	H-SSM	24680
	PITT	0
	0.538503	1
	0.000000
PRED	H-SSM	24680
	PITT	0
	0.538503	1
	0.000000
PRED	H-SSM	24680
	PITT	0
	0.538503	1
	0.000000
PRED	H-SSM	24680
	PITT	0
	0.538503	1
	0.000000
PRED	H-SSM	24680
	PITT	0
	0.538503	1
	0.000000
PRED	H-SSM	24680
	PITT	0
	0.538503	1
	0.000000
PRED	H-SSM	24680
	PITT	0
	0.538503	1
	0.000000
PRED	H-SSM	24680
	PITT	0
	0.538503	1
	0.000000
PRED	H-SSM	24680
	PITT	0
	0.538503	1
	0.000000
PRED	H-SSM	24680
	PITT	0
	0.538503	1
	0.000000
PRED	H-SSM	24680
	PITT	0
	0.538503	1
	0.000000
PRED	H-SSM	24680
	PITT	0
	0.538503	1
	0.000000
PRED	H-SSM	24680
	PITT	0
	0.538503	1
	0.000000
PRED	H-SSM	24680
	PITT	0
	0.538503	1
	0.000000
PRED	H-SSM	24680
	OLIN	1
	0.422331	0
	0.000000
PRED	H-SSM	24680
	OLIN	1
	0.422331	0
	0.000000
PRED	H-SSM	24680
	OLIN	1
	0.422331	0
	0.000000
PRED	H-SSM	24680
	OLIN	1
	0.422331	0
	0.000000
PRED	H-SSM	24680
	OLIN	1
	0.422331	0
	0.000000
PRED	H-SSM	24680
	OLIN	1
	0.422331	0
	0.000000
PRED	H-SSM	24680
	OLIN	1
	0.422331	0
	0.000000
PRED	H-SSM	24680
	OLIN	1
	0.422331	0
	0.000000
PRED	H-SSM	24680
	OLIN	1
	0.422331	0
	0.000000
PRED	H-SSM	24680
	OLIN	1
	0.422331	0
	0.000000
PRED	H-SSM	24680
	OLIN	1
	0.422331	0
	0.000000
PRED	H-SSM	24680
	OLIN	1
	0.422331	0
	0.000000
PRED	H-SSM	24680
	OLIN	1
	0.422331	0
	0.000000
PRED	H-SSM	24680
	OLIN	1
	0.422331	0
	0.000000
PRED	H-SSM	24680
	OLIN	1
	0.422331	0
	0.000000
PRED	H-SSM	24680
	OLIN	1
	0.422331	0
	0.000000
PRED	H-SSM	24680
	OLIN	1
	0.422331	0
	0.000000
PRED	H-SSM	24680
	OLIN	1
	0.422331	0
	0.000000
PRED	H-SSM	24680
	OLIN	1
	0.422331	0
	0.000000
PRED	H-SSM	24680
	OLIN	0
	0.422331	0
	0.000000
PRED	H-SSM	24680
	OLIN	0
	0.422331	0
	0.000000
PRED	H-SSM	24680
	OLIN	0
	0.422331	0
	0.000000
PRED	H-SSM	24680
	OLIN	0
	0.422331	0
	0.000000
PRED	H-SSM	24680
	OLIN	0
	0.422331	0
	0.000000
PRED	H-SSM	24680
	OLIN	0
	0.422331	0
	0.000000
PRED	H-SSM	24680
	OLIN	0
	0.422331	0
	0.000000
PRED	H-SSM	24680
	OLIN	0
	0.422331	0
	0.000000
PRED	H-SSM	24680
	OLIN	0
	0.422331	0
	0.000000
PRED	H-SSM	24680
	OLIN	0
	0.422331	0
	0.000000
PRED	H-SSM	24680
	OLIN	0
	0.422331	0
	0.000000
PRED	H-SSM	24680
	OLIN	0
	0.422331	0
	0.000000
PRED	H-SSM	24680
	OLIN	0
	0.422331	0
	0.000000
PRED	H-SSM	24680
	OLIN	0
	0.422331	0
	0.000000
PRED	H-SSM	24680
	OLIN	0
	0.422331	0
	0.000000
PRED	H-SSM	24680
	OHSU	1
	0.628026	1
	0.000000
PRED	H-SSM	24680
	OHSU	1
	0.628026	1
	0.000000
PRED	H-SSM	24680
	OHSU	0
	0.628026	1
	0.000000
PRED	H-SSM	24680
	OHSU	0
	0.628026	1
	0.000000
PRED	H-SSM	24680
	OHSU	0
	0.628026	1
	0.000000
PRED	H-SSM	24680
	OHSU	0
	0.628026	1
	0.000000
PRED	H-SSM	24680
	OHSU	0
	0.628026	1
	0.000000
PRED	H-SSM	24680
	OHSU	0
	0.628026	1
	0.000000
PRED	H-SSM	24680
	OHSU	0
	0.628026	1
	0.000000
PRED	H-SSM	24680
	OHSU	0
	0.628026	1
	0.000000
  H-SSM    24680
   acc=46.000000% bal=50.000000% sites=3
/3
 test_n=100
 assoc=0.000000
PRED	H-SSM	13579
	PITT	1
	0.253731	0
	0.000000
PRED	H-SSM	13579
	PITT	1
	0.253731	0
	0.000000
PRED	H-SSM	13579
	PITT	1
	0.253731	0
	0.000000
PRED	H-SSM	13579
	PITT	1
	0.253731	0
	0.000000
PRED	H-SSM	13579
	PITT	1
	0.253731	0
	0.000000
PRED	H-SSM	13579
	PITT	1
	0.253731	0
	0.000000
PRED	H-SSM	13579
	PITT	1
	0.253731	0
	0.000000
PRED	H-SSM	13579
	PITT	1
	0.253731	0
	0.000000
PRED	H-SSM	13579
	PITT	1
	0.253731	0
	0.000000
PRED	H-SSM	13579
	PITT	1
	0.253731	0
	0.000000
PRED	H-SSM	13579
	PITT	1
	0.253731	0
	0.000000
PRED	H-SSM	13579
	PITT	1
	0.253731	0
	0.000000
PRED	H-SSM	13579
	PITT	1
	0.253731	0
	0.000000
PRED	H-SSM	13579
	PITT	1
	0.253731	0
	0.000000
PRED	H-SSM	13579
	PITT	1
	0.253731	0
	0.000000
PRED	H-SSM	13579
	PITT	1
	0.253731	0
	0.000000
PRED	H-SSM	13579
	PITT	1
	0.253731	0
	0.000000
PRED	H-SSM	13579
	PITT	1
	0.253731	0
	0.000000
PRED	H-SSM	13579
	PITT	1
	0.253731	0
	0.000000
PRED	H-SSM	13579
	PITT	1
	0.253731	0
	0.000000
PRED	H-SSM	13579
	PITT	1
	0.253731	0
	0.000000
PRED	H-SSM	13579
	PITT	1
	0.253731	0
	0.000000
PRED	H-SSM	13579
	PITT	1
	0.253731	0
	0.000000
PRED	H-SSM	13579
	PITT	1
	0.253731	0
	0.000000
PRED	H-SSM	13579
	PITT	1
	0.253731	0
	0.000000
PRED	H-SSM	13579
	PITT	1
	0.253731	0
	0.000000
PRED	H-SSM	13579
	PITT	1
	0.253731	0
	0.000000
PRED	H-SSM	13579
	PITT	1
	0.253731	0
	0.000000
PRED	H-SSM	13579
	PITT	1
	0.253731	0
	0.000000
PRED	H-SSM	13579
	PITT	0
	0.253731	0
	0.000000
PRED	H-SSM	13579
	PITT	0
	0.253731	0
	0.000000
PRED	H-SSM	13579
	PITT	0
	0.253731	0
	0.000000
PRED	H-SSM	13579
	PITT	0
	0.253731	0
	0.000000
PRED	H-SSM	13579
	PITT	0
	0.253731	0
	0.000000
PRED	H-SSM	13579
	PITT	0
	0.253731	0
	0.000000
PRED	H-SSM	13579
	PITT	0
	0.253731	0
	0.000000
PRED	H-SSM	13579
	PITT	0
	0.253731	0
	0.000000
PRED	H-SSM	13579
	PITT	0
	0.253731	0
	0.000000
PRED	H-SSM	13579
	PITT	0
	0.253731	0
	0.000000
PRED	H-SSM	13579
	PITT	0
	0.253731	0
	0.000000
PRED	H-SSM	13579
	PITT	0
	0.253731	0
	0.000000
PRED	H-SSM	13579
	PITT	0
	0.253731	0
	0.000000
PRED	H-SSM	13579
	PITT	0
	0.253731	0
	0.000000
PRED	H-SSM	13579
	PITT	0
	0.253731	0
	0.000000
PRED	H-SSM	13579
	PITT	0
	0.253731	0
	0.000000
PRED	H-SSM	13579
	PITT	0
	0.253731	0
	0.000000
PRED	H-SSM	13579
	PITT	0
	0.253731	0
	0.000000
PRED	H-SSM	13579
	PITT	0
	0.253731	0
	0.000000
PRED	H-SSM	13579
	PITT	0
	0.253731	0
	0.000000
PRED	H-SSM	13579
	PITT	0
	0.253731	0
	0.000000
PRED	H-SSM	13579
	PITT	0
	0.253731	0
	0.000000
PRED	H-SSM	13579
	PITT	0
	0.253731	0
	0.000000
PRED	H-SSM	13579
	PITT	0
	0.253731	0
	0.000000
PRED	H-SSM	13579
	PITT	0
	0.253731	0
	0.000000
PRED	H-SSM	13579
	PITT	0
	0.253731	0
	0.000000
PRED	H-SSM	13579
	PITT	0
	0.253731	0
	0.000000
PRED	H-SSM	13579
	OLIN	1
	0.412177	0
	0.000000
PRED	H-SSM	13579
	OLIN	1
	0.412177	0
	0.000000
PRED	H-SSM	13579
	OLIN	1
	0.412177	0
	0.000000
PRED	H-SSM	13579
	OLIN	1
	0.412177	0
	0.000000
PRED	H-SSM	13579
	OLIN	1
	0.412177	0
	0.000000
PRED	H-SSM	13579
	OLIN	1
	0.412177	0
	0.000000
PRED	H-SSM	13579
	OLIN	1
	0.412177	0
	0.000000
PRED	H-SSM	13579
	OLIN	1
	0.412177	0
	0.000000
PRED	H-SSM	13579
	OLIN	1
	0.412177	0
	0.000000
PRED	H-SSM	13579
	OLIN	1
	0.412177	0
	0.000000
PRED	H-SSM	13579
	OLIN	1
	0.412177	0
	0.000000
PRED	H-SSM	13579
	OLIN	1
	0.412177	0
	0.000000
PRED	H-SSM	13579
	OLIN	1
	0.412177	0
	0.000000
PRED	H-SSM	13579
	OLIN	1
	0.412177	0
	0.000000
PRED	H-SSM	13579
	OLIN	1
	0.412177	0
	0.000000
PRED	H-SSM	13579
	OLIN	1
	0.412177	0
	0.000000
PRED	H-SSM	13579
	OLIN	1
	0.412177	0
	0.000000
PRED	H-SSM	13579
	OLIN	1
	0.412177	0
	0.000000
PRED	H-SSM	13579
	OLIN	1
	0.412177	0
	0.000000
PRED	H-SSM	13579
	OLIN	0
	0.412177	0
	0.000000
PRED	H-SSM	13579
	OLIN	0
	0.412177	0
	0.000000
PRED	H-SSM	13579
	OLIN	0
	0.412177	0
	0.000000
PRED	H-SSM	13579
	OLIN	0
	0.412177	0
	0.000000
PRED	H-SSM	13579
	OLIN	0
	0.412177	0
	0.000000
PRED	H-SSM	13579
	OLIN	0
	0.412177	0
	0.000000
PRED	H-SSM	13579
	OLIN	0
	0.412177	0
	0.000000
PRED	H-SSM	13579
	OLIN	0
	0.412177	0
	0.000000
PRED	H-SSM	13579
	OLIN	0
	0.412177	0
	0.000000
PRED	H-SSM	13579
	OLIN	0
	0.412177	0
	0.000000
PRED	H-SSM	13579
	OLIN	0
	0.412177	0
	0.000000
PRED	H-SSM	13579
	OLIN	0
	0.412177	0
	0.000000
PRED	H-SSM	13579
	OLIN	0
	0.412177	0
	0.000000
PRED	H-SSM	13579
	OLIN	0
	0.412177	0
	0.000000
PRED	H-SSM	13579
	OLIN	0
	0.412177	0
	0.000000
PRED	H-SSM	13579
	OHSU	1
	0.660915	1
	0.000000
PRED	H-SSM	13579
	OHSU	1
	0.660915	1
	0.000000
PRED	H-SSM	13579
	OHSU	0
	0.660915	1
	0.000000
PRED	H-SSM	13579
	OHSU	0
	0.660915	1
	0.000000
PRED	H-SSM	13579
	OHSU	0
	0.660915	1
	0.000000
PRED	H-SSM	13579
	OHSU	0
	0.660915	1
	0.000000
PRED	H-SSM	13579
	OHSU	0
	0.660915	1
	0.000000
PRED	H-SSM	13579
	OHSU	0
	0.660915	1
	0.000000
PRED	H-SSM	13579
	OHSU	0
	0.660915	1
	0.000000
PRED	H-SSM	13579
	OHSU	0
	0.660915	1
	0.000000
  H-SSM    13579
   acc=44.000000% bal=50.000000% sites=3
/3
 test_n=100
 assoc=0.000000
PRED	H-SSM	54321
	PITT	1
	0.361672	0
	0.000000
PRED	H-SSM	54321
	PITT	1
	0.361672	0
	0.000000
PRED	H-SSM	54321
	PITT	1
	0.361672	0
	0.000000
PRED	H-SSM	54321
	PITT	1
	0.361672	0
	0.000000
PRED	H-SSM	54321
	PITT	1
	0.361672	0
	0.000000
PRED	H-SSM	54321
	PITT	1
	0.361672	0
	0.000000
PRED	H-SSM	54321
	PITT	1
	0.361672	0
	0.000000
PRED	H-SSM	54321
	PITT	1
	0.361672	0
	0.000000
PRED	H-SSM	54321
	PITT	1
	0.361672	0
	0.000000
PRED	H-SSM	54321
	PITT	1
	0.361672	0
	0.000000
PRED	H-SSM	54321
	PITT	1
	0.361672	0
	0.000000
PRED	H-SSM	54321
	PITT	1
	0.361672	0
	0.000000
PRED	H-SSM	54321
	PITT	1
	0.361672	0
	0.000000
PRED	H-SSM	54321
	PITT	1
	0.361672	0
	0.000000
PRED	H-SSM	54321
	PITT	1
	0.361672	0
	0.000000
PRED	H-SSM	54321
	PITT	1
	0.361672	0
	0.000000
PRED	H-SSM	54321
	PITT	1
	0.361672	0
	0.000000
PRED	H-SSM	54321
	PITT	1
	0.361672	0
	0.000000
PRED	H-SSM	54321
	PITT	1
	0.361672	0
	0.000000
PRED	H-SSM	54321
	PITT	1
	0.361672	0
	0.000000
PRED	H-SSM	54321
	PITT	1
	0.361672	0
	0.000000
PRED	H-SSM	54321
	PITT	1
	0.361672	0
	0.000000
PRED	H-SSM	54321
	PITT	1
	0.361672	0
	0.000000
PRED	H-SSM	54321
	PITT	1
	0.361672	0
	0.000000
PRED	H-SSM	54321
	PITT	1
	0.361672	0
	0.000000
PRED	H-SSM	54321
	PITT	1
	0.361672	0
	0.000000
PRED	H-SSM	54321
	PITT	1
	0.361672	0
	0.000000
PRED	H-SSM	54321
	PITT	1
	0.361672	0
	0.000000
PRED	H-SSM	54321
	PITT	1
	0.361672	0
	0.000000
PRED	H-SSM	54321
	PITT	0
	0.361672	0
	0.000000
PRED	H-SSM	54321
	PITT	0
	0.361672	0
	0.000000
PRED	H-SSM	54321
	PITT	0
	0.361672	0
	0.000000
PRED	H-SSM	54321
	PITT	0
	0.361672	0
	0.000000
PRED	H-SSM	54321
	PITT	0
	0.361672	0
	0.000000
PRED	H-SSM	54321
	PITT	0
	0.361672	0
	0.000000
PRED	H-SSM	54321
	PITT	0
	0.361672	0
	0.000000
PRED	H-SSM	54321
	PITT	0
	0.361672	0
	0.000000
PRED	H-SSM	54321
	PITT	0
	0.361672	0
	0.000000
PRED	H-SSM	54321
	PITT	0
	0.361672	0
	0.000000
PRED	H-SSM	54321
	PITT	0
	0.361672	0
	0.000000
PRED	H-SSM	54321
	PITT	0
	0.361672	0
	0.000000
PRED	H-SSM	54321
	PITT	0
	0.361672	0
	0.000000
PRED	H-SSM	54321
	PITT	0
	0.361672	0
	0.000000
PRED	H-SSM	54321
	PITT	0
	0.361672	0
	0.000000
PRED	H-SSM	54321
	PITT	0
	0.361672	0
	0.000000
PRED	H-SSM	54321
	PITT	0
	0.361672	0
	0.000000
PRED	H-SSM	54321
	PITT	0
	0.361672	0
	0.000000
PRED	H-SSM	54321
	PITT	0
	0.361672	0
	0.000000
PRED	H-SSM	54321
	PITT	0
	0.361672	0
	0.000000
PRED	H-SSM	54321
	PITT	0
	0.361672	0
	0.000000
PRED	H-SSM	54321
	PITT	0
	0.361672	0
	0.000000
PRED	H-SSM	54321
	PITT	0
	0.361672	0
	0.000000
PRED	H-SSM	54321
	PITT	0
	0.361672	0
	0.000000
PRED	H-SSM	54321
	PITT	0
	0.361672	0
	0.000000
PRED	H-SSM	54321
	PITT	0
	0.361672	0
	0.000000
PRED	H-SSM	54321
	PITT	0
	0.361672	0
	0.000000
PRED	H-SSM	54321
	OLIN	1
	0.310818	0
	0.000000
PRED	H-SSM	54321
	OLIN	1
	0.310818	0
	0.000000
PRED	H-SSM	54321
	OLIN	1
	0.310818	0
	0.000000
PRED	H-SSM	54321
	OLIN	1
	0.310818	0
	0.000000
PRED	H-SSM	54321
	OLIN	1
	0.310818	0
	0.000000
PRED	H-SSM	54321
	OLIN	1
	0.310818	0
	0.000000
PRED	H-SSM	54321
	OLIN	1
	0.310818	0
	0.000000
PRED	H-SSM	54321
	OLIN	1
	0.310818	0
	0.000000
PRED	H-SSM	54321
	OLIN	1
	0.310818	0
	0.000000
PRED	H-SSM	54321
	OLIN	1
	0.310818	0
	0.000000
PRED	H-SSM	54321
	OLIN	1
	0.310818	0
	0.000000
PRED	H-SSM	54321
	OLIN	1
	0.310818	0
	0.000000
PRED	H-SSM	54321
	OLIN	1
	0.310818	0
	0.000000
PRED	H-SSM	54321
	OLIN	1
	0.310818	0
	0.000000
PRED	H-SSM	54321
	OLIN	1
	0.310818	0
	0.000000
PRED	H-SSM	54321
	OLIN	1
	0.310818	0
	0.000000
PRED	H-SSM	54321
	OLIN	1
	0.310818	0
	0.000000
PRED	H-SSM	54321
	OLIN	1
	0.310818	0
	0.000000
PRED	H-SSM	54321
	OLIN	1
	0.310818	0
	0.000000
PRED	H-SSM	54321
	OLIN	0
	0.310818	0
	0.000000
PRED	H-SSM	54321
	OLIN	0
	0.310818	0
	0.000000
PRED	H-SSM	54321
	OLIN	0
	0.310818	0
	0.000000
PRED	H-SSM	54321
	OLIN	0
	0.310818	0
	0.000000
PRED	H-SSM	54321
	OLIN	0
	0.310818	0
	0.000000
PRED	H-SSM	54321
	OLIN	0
	0.310818	0
	0.000000
PRED	H-SSM	54321
	OLIN	0
	0.310818	0
	0.000000
PRED	H-SSM	54321
	OLIN	0
	0.310818	0
	0.000000
PRED	H-SSM	54321
	OLIN	0
	0.310818	0
	0.000000
PRED	H-SSM	54321
	OLIN	0
	0.310818	0
	0.000000
PRED	H-SSM	54321
	OLIN	0
	0.310818	0
	0.000000
PRED	H-SSM	54321
	OLIN	0
	0.310818	0
	0.000000
PRED	H-SSM	54321
	OLIN	0
	0.310818	0
	0.000000
PRED	H-SSM	54321
	OLIN	0
	0.310818	0
	0.000000
PRED	H-SSM	54321
	OLIN	0
	0.310818	0
	0.000000
PRED	H-SSM	54321
	OHSU	1
	0.637868	1
	0.000000
PRED	H-SSM	54321
	OHSU	1
	0.637868	1
	0.000000
PRED	H-SSM	54321
	OHSU	0
	0.637868	1
	0.000000
PRED	H-SSM	54321
	OHSU	0
	0.637868	1
	0.000000
PRED	H-SSM	54321
	OHSU	0
	0.637868	1
	0.000000
PRED	H-SSM	54321
	OHSU	0
	0.637868	1
	0.000000
PRED	H-SSM	54321
	OHSU	0
	0.637868	1
	0.000000
PRED	H-SSM	54321
	OHSU	0
	0.637868	1
	0.000000
PRED	H-SSM	54321
	OHSU	0
	0.637868	1
	0.000000
PRED	H-SSM	54321
	OHSU	0
	0.637868	1
	0.000000
  H-SSM    54321
   acc=44.000000% bal=50.000000% sites=3
/3
 test_n=100
 assoc=0.000000
PRED	H-SSM	67890
	PITT	1
	0.393133	0
	0.000000
PRED	H-SSM	67890
	PITT	1
	0.393133	0
	0.000000
PRED	H-SSM	67890
	PITT	1
	0.393133	0
	0.000000
PRED	H-SSM	67890
	PITT	1
	0.393133	0
	0.000000
PRED	H-SSM	67890
	PITT	1
	0.393133	0
	0.000000
PRED	H-SSM	67890
	PITT	1
	0.393133	0
	0.000000
PRED	H-SSM	67890
	PITT	1
	0.393133	0
	0.000000
PRED	H-SSM	67890
	PITT	1
	0.393133	0
	0.000000
PRED	H-SSM	67890
	PITT	1
	0.393133	0
	0.000000
PRED	H-SSM	67890
	PITT	1
	0.393133	0
	0.000000
PRED	H-SSM	67890
	PITT	1
	0.393133	0
	0.000000
PRED	H-SSM	67890
	PITT	1
	0.393133	0
	0.000000
PRED	H-SSM	67890
	PITT	1
	0.393133	0
	0.000000
PRED	H-SSM	67890
	PITT	1
	0.393133	0
	0.000000
PRED	H-SSM	67890
	PITT	1
	0.393133	0
	0.000000
PRED	H-SSM	67890
	PITT	1
	0.393133	0
	0.000000
PRED	H-SSM	67890
	PITT	1
	0.393133	0
	0.000000
PRED	H-SSM	67890
	PITT	1
	0.393133	0
	0.000000
PRED	H-SSM	67890
	PITT	1
	0.393133	0
	0.000000
PRED	H-SSM	67890
	PITT	1
	0.393133	0
	0.000000
PRED	H-SSM	67890
	PITT	1
	0.393133	0
	0.000000
PRED	H-SSM	67890
	PITT	1
	0.393133	0
	0.000000
PRED	H-SSM	67890
	PITT	1
	0.393133	0
	0.000000
PRED	H-SSM	67890
	PITT	1
	0.393133	0
	0.000000
PRED	H-SSM	67890
	PITT	1
	0.393133	0
	0.000000
PRED	H-SSM	67890
	PITT	1
	0.393133	0
	0.000000
PRED	H-SSM	67890
	PITT	1
	0.393133	0
	0.000000
PRED	H-SSM	67890
	PITT	1
	0.393133	0
	0.000000
PRED	H-SSM	67890
	PITT	1
	0.393133	0
	0.000000
PRED	H-SSM	67890
	PITT	0
	0.393133	0
	0.000000
PRED	H-SSM	67890
	PITT	0
	0.393133	0
	0.000000
PRED	H-SSM	67890
	PITT	0
	0.393133	0
	0.000000
PRED	H-SSM	67890
	PITT	0
	0.393133	0
	0.000000
PRED	H-SSM	67890
	PITT	0
	0.393133	0
	0.000000
PRED	H-SSM	67890
	PITT	0
	0.393133	0
	0.000000
PRED	H-SSM	67890
	PITT	0
	0.393133	0
	0.000000
PRED	H-SSM	67890
	PITT	0
	0.393133	0
	0.000000
PRED	H-SSM	67890
	PITT	0
	0.393133	0
	0.000000
PRED	H-SSM	67890
	PITT	0
	0.393133	0
	0.000000
PRED	H-SSM	67890
	PITT	0
	0.393133	0
	0.000000
PRED	H-SSM	67890
	PITT	0
	0.393133	0
	0.000000
PRED	H-SSM	67890
	PITT	0
	0.393133	0
	0.000000
PRED	H-SSM	67890
	PITT	0
	0.393133	0
	0.000000
PRED	H-SSM	67890
	PITT	0
	0.393133	0
	0.000000
PRED	H-SSM	67890
	PITT	0
	0.393133	0
	0.000000
PRED	H-SSM	67890
	PITT	0
	0.393133	0
	0.000000
PRED	H-SSM	67890
	PITT	0
	0.393133	0
	0.000000
PRED	H-SSM	67890
	PITT	0
	0.393133	0
	0.000000
PRED	H-SSM	67890
	PITT	0
	0.393133	0
	0.000000
PRED	H-SSM	67890
	PITT	0
	0.393133	0
	0.000000
PRED	H-SSM	67890
	PITT	0
	0.393133	0
	0.000000
PRED	H-SSM	67890
	PITT	0
	0.393133	0
	0.000000
PRED	H-SSM	67890
	PITT	0
	0.393133	0
	0.000000
PRED	H-SSM	67890
	PITT	0
	0.393133	0
	0.000000
PRED	H-SSM	67890
	PITT	0
	0.393133	0
	0.000000
PRED	H-SSM	67890
	PITT	0
	0.393133	0
	0.000000
PRED	H-SSM	67890
	OLIN	1
	0.531388	1
	0.000000
PRED	H-SSM	67890
	OLIN	1
	0.531388	1
	0.000000
PRED	H-SSM	67890
	OLIN	1
	0.531388	1
	0.000000
PRED	H-SSM	67890
	OLIN	1
	0.531388	1
	0.000000
PRED	H-SSM	67890
	OLIN	1
	0.531388	1
	0.000000
PRED	H-SSM	67890
	OLIN	1
	0.531388	1
	0.000000
PRED	H-SSM	67890
	OLIN	1
	0.531388	1
	0.000000
PRED	H-SSM	67890
	OLIN	1
	0.531388	1
	0.000000
PRED	H-SSM	67890
	OLIN	1
	0.531388	1
	0.000000
PRED	H-SSM	67890
	OLIN	1
	0.531388	1
	0.000000
PRED	H-SSM	67890
	OLIN	1
	0.531388	1
	0.000000
PRED	H-SSM	67890
	OLIN	1
	0.531388	1
	0.000000
PRED	H-SSM	67890
	OLIN	1
	0.531388	1
	0.000000
PRED	H-SSM	67890
	OLIN	1
	0.531388	1
	0.000000
PRED	H-SSM	67890
	OLIN	1
	0.531388	1
	0.000000
PRED	H-SSM	67890
	OLIN	1
	0.531388	1
	0.000000
PRED	H-SSM	67890
	OLIN	1
	0.531388	1
	0.000000
PRED	H-SSM	67890
	OLIN	1
	0.531388	1
	0.000000
PRED	H-SSM	67890
	OLIN	1
	0.531388	1
	0.000000
PRED	H-SSM	67890
	OLIN	0
	0.531388	1
	0.000000
PRED	H-SSM	67890
	OLIN	0
	0.531388	1
	0.000000
PRED	H-SSM	67890
	OLIN	0
	0.531388	1
	0.000000
PRED	H-SSM	67890
	OLIN	0
	0.531388	1
	0.000000
PRED	H-SSM	67890
	OLIN	0
	0.531388	1
	0.000000
PRED	H-SSM	67890
	OLIN	0
	0.531388	1
	0.000000
PRED	H-SSM	67890
	OLIN	0
	0.531388	1
	0.000000
PRED	H-SSM	67890
	OLIN	0
	0.531388	1
	0.000000
PRED	H-SSM	67890
	OLIN	0
	0.531388	1
	0.000000
PRED	H-SSM	67890
	OLIN	0
	0.531388	1
	0.000000
PRED	H-SSM	67890
	OLIN	0
	0.531388	1
	0.000000
PRED	H-SSM	67890
	OLIN	0
	0.531388	1
	0.000000
PRED	H-SSM	67890
	OLIN	0
	0.531388	1
	0.000000
PRED	H-SSM	67890
	OLIN	0
	0.531388	1
	0.000000
PRED	H-SSM	67890
	OLIN	0
	0.531388	1
	0.000000
PRED	H-SSM	67890
	OHSU	1
	0.589822	1
	0.000000
PRED	H-SSM	67890
	OHSU	1
	0.589822	1
	0.000000
PRED	H-SSM	67890
	OHSU	0
	0.589822	1
	0.000000
PRED	H-SSM	67890
	OHSU	0
	0.589822	1
	0.000000
PRED	H-SSM	67890
	OHSU	0
	0.589822	1
	0.000000
PRED	H-SSM	67890
	OHSU	0
	0.589822	1
	0.000000
PRED	H-SSM	67890
	OHSU	0
	0.589822	1
	0.000000
PRED	H-SSM	67890
	OHSU	0
	0.589822	1
	0.000000
PRED	H-SSM	67890
	OHSU	0
	0.589822	1
	0.000000
PRED	H-SSM	67890
	OHSU	0
	0.589822	1
	0.000000
  H-SSM    67890
   acc=47.999999% bal=50.000000% sites=3
/3
 test_n=100
 assoc=0.000000
PRED	H-SSM	11223
	PITT	1
	0.665683	1
	0.000000
PRED	H-SSM	11223
	PITT	1
	0.665683	1
	0.000000
PRED	H-SSM	11223
	PITT	1
	0.665683	1
	0.000000
PRED	H-SSM	11223
	PITT	1
	0.665683	1
	0.000000
PRED	H-SSM	11223
	PITT	1
	0.665683	1
	0.000000
PRED	H-SSM	11223
	PITT	1
	0.665683	1
	0.000000
PRED	H-SSM	11223
	PITT	1
	0.665683	1
	0.000000
PRED	H-SSM	11223
	PITT	1
	0.665683	1
	0.000000
PRED	H-SSM	11223
	PITT	1
	0.665683	1
	0.000000
PRED	H-SSM	11223
	PITT	1
	0.665683	1
	0.000000
PRED	H-SSM	11223
	PITT	1
	0.665683	1
	0.000000
PRED	H-SSM	11223
	PITT	1
	0.665683	1
	0.000000
PRED	H-SSM	11223
	PITT	1
	0.665683	1
	0.000000
PRED	H-SSM	11223
	PITT	1
	0.665683	1
	0.000000
PRED	H-SSM	11223
	PITT	1
	0.665683	1
	0.000000
PRED	H-SSM	11223
	PITT	1
	0.665683	1
	0.000000
PRED	H-SSM	11223
	PITT	1
	0.665683	1
	0.000000
PRED	H-SSM	11223
	PITT	1
	0.665683	1
	0.000000
PRED	H-SSM	11223
	PITT	1
	0.665683	1
	0.000000
PRED	H-SSM	11223
	PITT	1
	0.665683	1
	0.000000
PRED	H-SSM	11223
	PITT	1
	0.665683	1
	0.000000
PRED	H-SSM	11223
	PITT	1
	0.665683	1
	0.000000
PRED	H-SSM	11223
	PITT	1
	0.665683	1
	0.000000
PRED	H-SSM	11223
	PITT	1
	0.665683	1
	0.000000
PRED	H-SSM	11223
	PITT	1
	0.665683	1
	0.000000
PRED	H-SSM	11223
	PITT	1
	0.665683	1
	0.000000
PRED	H-SSM	11223
	PITT	1
	0.665683	1
	0.000000
PRED	H-SSM	11223
	PITT	1
	0.665683	1
	0.000000
PRED	H-SSM	11223
	PITT	1
	0.665683	1
	0.000000
PRED	H-SSM	11223
	PITT	0
	0.665683	1
	0.000000
PRED	H-SSM	11223
	PITT	0
	0.665683	1
	0.000000
PRED	H-SSM	11223
	PITT	0
	0.665683	1
	0.000000
PRED	H-SSM	11223
	PITT	0
	0.665683	1
	0.000000
PRED	H-SSM	11223
	PITT	0
	0.665683	1
	0.000000
PRED	H-SSM	11223
	PITT	0
	0.665683	1
	0.000000
PRED	H-SSM	11223
	PITT	0
	0.665683	1
	0.000000
PRED	H-SSM	11223
	PITT	0
	0.665683	1
	0.000000
PRED	H-SSM	11223
	PITT	0
	0.665683	1
	0.000000
PRED	H-SSM	11223
	PITT	0
	0.665683	1
	0.000000
PRED	H-SSM	11223
	PITT	0
	0.665683	1
	0.000000
PRED	H-SSM	11223
	PITT	0
	0.665683	1
	0.000000
PRED	H-SSM	11223
	PITT	0
	0.665683	1
	0.000000
PRED	H-SSM	11223
	PITT	0
	0.665683	1
	0.000000
PRED	H-SSM	11223
	PITT	0
	0.665683	1
	0.000000
PRED	H-SSM	11223
	PITT	0
	0.665683	1
	0.000000
PRED	H-SSM	11223
	PITT	0
	0.665683	1
	0.000000
PRED	H-SSM	11223
	PITT	0
	0.665683	1
	0.000000
PRED	H-SSM	11223
	PITT	0
	0.665683	1
	0.000000
PRED	H-SSM	11223
	PITT	0
	0.665683	1
	0.000000
PRED	H-SSM	11223
	PITT	0
	0.665683	1
	0.000000
PRED	H-SSM	11223
	PITT	0
	0.665683	1
	0.000000
PRED	H-SSM	11223
	PITT	0
	0.665683	1
	0.000000
PRED	H-SSM	11223
	PITT	0
	0.665683	1
	0.000000
PRED	H-SSM	11223
	PITT	0
	0.665683	1
	0.000000
PRED	H-SSM	11223
	PITT	0
	0.665683	1
	0.000000
PRED	H-SSM	11223
	PITT	0
	0.665683	1
	0.000000
PRED	H-SSM	11223
	OLIN	1
	0.547168	1
	0.000000
PRED	H-SSM	11223
	OLIN	1
	0.547168	1
	0.000000
PRED	H-SSM	11223
	OLIN	1
	0.547168	1
	0.000000
PRED	H-SSM	11223
	OLIN	1
	0.547168	1
	0.000000
PRED	H-SSM	11223
	OLIN	1
	0.547168	1
	0.000000
PRED	H-SSM	11223
	OLIN	1
	0.547168	1
	0.000000
PRED	H-SSM	11223
	OLIN	1
	0.547168	1
	0.000000
PRED	H-SSM	11223
	OLIN	1
	0.547168	1
	0.000000
PRED	H-SSM	11223
	OLIN	1
	0.547168	1
	0.000000
PRED	H-SSM	11223
	OLIN	1
	0.547168	1
	0.000000
PRED	H-SSM	11223
	OLIN	1
	0.547168	1
	0.000000
PRED	H-SSM	11223
	OLIN	1
	0.547168	1
	0.000000
PRED	H-SSM	11223
	OLIN	1
	0.547168	1
	0.000000
PRED	H-SSM	11223
	OLIN	1
	0.547168	1
	0.000000
PRED	H-SSM	11223
	OLIN	1
	0.547168	1
	0.000000
PRED	H-SSM	11223
	OLIN	1
	0.547168	1
	0.000000
PRED	H-SSM	11223
	OLIN	1
	0.547168	1
	0.000000
PRED	H-SSM	11223
	OLIN	1
	0.547168	1
	0.000000
PRED	H-SSM	11223
	OLIN	1
	0.547168	1
	0.000000
PRED	H-SSM	11223
	OLIN	0
	0.547168	1
	0.000000
PRED	H-SSM	11223
	OLIN	0
	0.547168	1
	0.000000
PRED	H-SSM	11223
	OLIN	0
	0.547168	1
	0.000000
PRED	H-SSM	11223
	OLIN	0
	0.547168	1
	0.000000
PRED	H-SSM	11223
	OLIN	0
	0.547168	1
	0.000000
PRED	H-SSM	11223
	OLIN	0
	0.547168	1
	0.000000
PRED	H-SSM	11223
	OLIN	0
	0.547168	1
	0.000000
PRED	H-SSM	11223
	OLIN	0
	0.547168	1
	0.000000
PRED	H-SSM	11223
	OLIN	0
	0.547168	1
	0.000000
PRED	H-SSM	11223
	OLIN	0
	0.547168	1
	0.000000
PRED	H-SSM	11223
	OLIN	0
	0.547168	1
	0.000000
PRED	H-SSM	11223
	OLIN	0
	0.547168	1
	0.000000
PRED	H-SSM	11223
	OLIN	0
	0.547168	1
	0.000000
PRED	H-SSM	11223
	OLIN	0
	0.547168	1
	0.000000
PRED	H-SSM	11223
	OLIN	0
	0.547168	1
	0.000000
PRED	H-SSM	11223
	OHSU	1
	0.748162	1
	0.000000
PRED	H-SSM	11223
	OHSU	1
	0.748162	1
	0.000000
PRED	H-SSM	11223
	OHSU	0
	0.748162	1
	0.000000
PRED	H-SSM	11223
	OHSU	0
	0.748162	1
	0.000000
PRED	H-SSM	11223
	OHSU	0
	0.748162	1
	0.000000
PRED	H-SSM	11223
	OHSU	0
	0.748162	1
	0.000000
PRED	H-SSM	11223
	OHSU	0
	0.748162	1
	0.000000
PRED	H-SSM	11223
	OHSU	0
	0.748162	1
	0.000000
PRED	H-SSM	11223
	OHSU	0
	0.748162	1
	0.000000
PRED	H-SSM	11223
	OHSU	0
	0.748162	1
	0.000000
  H-SSM    11223
   acc=50.000000% bal=50.000000% sites=3
/3
 test_n=100
 assoc=0.000000
PRED	H-SSM	44567
	PITT	1
	0.401365	0
	0.000000
PRED	H-SSM	44567
	PITT	1
	0.401365	0
	0.000000
PRED	H-SSM	44567
	PITT	1
	0.401365	0
	0.000000
PRED	H-SSM	44567
	PITT	1
	0.401365	0
	0.000000
PRED	H-SSM	44567
	PITT	1
	0.401365	0
	0.000000
PRED	H-SSM	44567
	PITT	1
	0.401365	0
	0.000000
PRED	H-SSM	44567
	PITT	1
	0.401365	0
	0.000000
PRED	H-SSM	44567
	PITT	1
	0.401365	0
	0.000000
PRED	H-SSM	44567
	PITT	1
	0.401365	0
	0.000000
PRED	H-SSM	44567
	PITT	1
	0.401365	0
	0.000000
PRED	H-SSM	44567
	PITT	1
	0.401365	0
	0.000000
PRED	H-SSM	44567
	PITT	1
	0.401365	0
	0.000000
PRED	H-SSM	44567
	PITT	1
	0.401365	0
	0.000000
PRED	H-SSM	44567
	PITT	1
	0.401365	0
	0.000000
PRED	H-SSM	44567
	PITT	1
	0.401365	0
	0.000000
PRED	H-SSM	44567
	PITT	1
	0.401365	0
	0.000000
PRED	H-SSM	44567
	PITT	1
	0.401365	0
	0.000000
PRED	H-SSM	44567
	PITT	1
	0.401365	0
	0.000000
PRED	H-SSM	44567
	PITT	1
	0.401365	0
	0.000000
PRED	H-SSM	44567
	PITT	1
	0.401365	0
	0.000000
PRED	H-SSM	44567
	PITT	1
	0.401365	0
	0.000000
PRED	H-SSM	44567
	PITT	1
	0.401365	0
	0.000000
PRED	H-SSM	44567
	PITT	1
	0.401365	0
	0.000000
PRED	H-SSM	44567
	PITT	1
	0.401365	0
	0.000000
PRED	H-SSM	44567
	PITT	1
	0.401365	0
	0.000000
PRED	H-SSM	44567
	PITT	1
	0.401365	0
	0.000000
PRED	H-SSM	44567
	PITT	1
	0.401365	0
	0.000000
PRED	H-SSM	44567
	PITT	1
	0.401365	0
	0.000000
PRED	H-SSM	44567
	PITT	1
	0.401365	0
	0.000000
PRED	H-SSM	44567
	PITT	0
	0.401365	0
	0.000000
PRED	H-SSM	44567
	PITT	0
	0.401365	0
	0.000000
PRED	H-SSM	44567
	PITT	0
	0.401365	0
	0.000000
PRED	H-SSM	44567
	PITT	0
	0.401365	0
	0.000000
PRED	H-SSM	44567
	PITT	0
	0.401365	0
	0.000000
PRED	H-SSM	44567
	PITT	0
	0.401365	0
	0.000000
PRED	H-SSM	44567
	PITT	0
	0.401365	0
	0.000000
PRED	H-SSM	44567
	PITT	0
	0.401365	0
	0.000000
PRED	H-SSM	44567
	PITT	0
	0.401365	0
	0.000000
PRED	H-SSM	44567
	PITT	0
	0.401365	0
	0.000000
PRED	H-SSM	44567
	PITT	0
	0.401365	0
	0.000000
PRED	H-SSM	44567
	PITT	0
	0.401365	0
	0.000000
PRED	H-SSM	44567
	PITT	0
	0.401365	0
	0.000000
PRED	H-SSM	44567
	PITT	0
	0.401365	0
	0.000000
PRED	H-SSM	44567
	PITT	0
	0.401365	0
	0.000000
PRED	H-SSM	44567
	PITT	0
	0.401365	0
	0.000000
PRED	H-SSM	44567
	PITT	0
	0.401365	0
	0.000000
PRED	H-SSM	44567
	PITT	0
	0.401365	0
	0.000000
PRED	H-SSM	44567
	PITT	0
	0.401365	0
	0.000000
PRED	H-SSM	44567
	PITT	0
	0.401365	0
	0.000000
PRED	H-SSM	44567
	PITT	0
	0.401365	0
	0.000000
PRED	H-SSM	44567
	PITT	0
	0.401365	0
	0.000000
PRED	H-SSM	44567
	PITT	0
	0.401365	0
	0.000000
PRED	H-SSM	44567
	PITT	0
	0.401365	0
	0.000000
PRED	H-SSM	44567
	PITT	0
	0.401365	0
	0.000000
PRED	H-SSM	44567
	PITT	0
	0.401365	0
	0.000000
PRED	H-SSM	44567
	PITT	0
	0.401365	0
	0.000000
PRED	H-SSM	44567
	OLIN	1
	0.385259	0
	0.000000
PRED	H-SSM	44567
	OLIN	1
	0.385259	0
	0.000000
PRED	H-SSM	44567
	OLIN	1
	0.385259	0
	0.000000
PRED	H-SSM	44567
	OLIN	1
	0.385259	0
	0.000000
PRED	H-SSM	44567
	OLIN	1
	0.385259	0
	0.000000
PRED	H-SSM	44567
	OLIN	1
	0.385259	0
	0.000000
PRED	H-SSM	44567
	OLIN	1
	0.385259	0
	0.000000
PRED	H-SSM	44567
	OLIN	1
	0.385259	0
	0.000000
PRED	H-SSM	44567
	OLIN	1
	0.385259	0
	0.000000
PRED	H-SSM	44567
	OLIN	1
	0.385259	0
	0.000000
PRED	H-SSM	44567
	OLIN	1
	0.385259	0
	0.000000
PRED	H-SSM	44567
	OLIN	1
	0.385259	0
	0.000000
PRED	H-SSM	44567
	OLIN	1
	0.385259	0
	0.000000
PRED	H-SSM	44567
	OLIN	1
	0.385259	0
	0.000000
PRED	H-SSM	44567
	OLIN	1
	0.385259	0
	0.000000
PRED	H-SSM	44567
	OLIN	1
	0.385259	0
	0.000000
PRED	H-SSM	44567
	OLIN	1
	0.385259	0
	0.000000
PRED	H-SSM	44567
	OLIN	1
	0.385259	0
	0.000000
PRED	H-SSM	44567
	OLIN	1
	0.385259	0
	0.000000
PRED	H-SSM	44567
	OLIN	0
	0.385259	0
	0.000000
PRED	H-SSM	44567
	OLIN	0
	0.385259	0
	0.000000
PRED	H-SSM	44567
	OLIN	0
	0.385259	0
	0.000000
PRED	H-SSM	44567
	OLIN	0
	0.385259	0
	0.000000
PRED	H-SSM	44567
	OLIN	0
	0.385259	0
	0.000000
PRED	H-SSM	44567
	OLIN	0
	0.385259	0
	0.000000
PRED	H-SSM	44567
	OLIN	0
	0.385259	0
	0.000000
PRED	H-SSM	44567
	OLIN	0
	0.385259	0
	0.000000
PRED	H-SSM	44567
	OLIN	0
	0.385259	0
	0.000000
PRED	H-SSM	44567
	OLIN	0
	0.385259	0
	0.000000
PRED	H-SSM	44567
	OLIN	0
	0.385259	0
	0.000000
PRED	H-SSM	44567
	OLIN	0
	0.385259	0
	0.000000
PRED	H-SSM	44567
	OLIN	0
	0.385259	0
	0.000000
PRED	H-SSM	44567
	OLIN	0
	0.385259	0
	0.000000
PRED	H-SSM	44567
	OLIN	0
	0.385259	0
	0.000000
PRED	H-SSM	44567
	OHSU	1
	0.663128	1
	0.000000
PRED	H-SSM	44567
	OHSU	1
	0.663128	1
	0.000000
PRED	H-SSM	44567
	OHSU	0
	0.663128	1
	0.000000
PRED	H-SSM	44567
	OHSU	0
	0.663128	1
	0.000000
PRED	H-SSM	44567
	OHSU	0
	0.663128	1
	0.000000
PRED	H-SSM	44567
	OHSU	0
	0.663128	1
	0.000000
PRED	H-SSM	44567
	OHSU	0
	0.663128	1
	0.000000
PRED	H-SSM	44567
	OHSU	0
	0.663128	1
	0.000000
PRED	H-SSM	44567
	OHSU	0
	0.663128	1
	0.000000
PRED	H-SSM	44567
	OHSU	0
	0.663128	1
	0.000000
  H-SSM    44567
   acc=44.000000% bal=50.000000% sites=3
/3
 test_n=100
 assoc=0.000000
PRED	H-SSM	77889
	PITT	1
	0.332177	0
	0.000000
PRED	H-SSM	77889
	PITT	1
	0.332177	0
	0.000000
PRED	H-SSM	77889
	PITT	1
	0.332177	0
	0.000000
PRED	H-SSM	77889
	PITT	1
	0.332177	0
	0.000000
PRED	H-SSM	77889
	PITT	1
	0.332177	0
	0.000000
PRED	H-SSM	77889
	PITT	1
	0.332177	0
	0.000000
PRED	H-SSM	77889
	PITT	1
	0.332177	0
	0.000000
PRED	H-SSM	77889
	PITT	1
	0.332177	0
	0.000000
PRED	H-SSM	77889
	PITT	1
	0.332177	0
	0.000000
PRED	H-SSM	77889
	PITT	1
	0.332177	0
	0.000000
PRED	H-SSM	77889
	PITT	1
	0.332177	0
	0.000000
PRED	H-SSM	77889
	PITT	1
	0.332177	0
	0.000000
PRED	H-SSM	77889
	PITT	1
	0.332177	0
	0.000000
PRED	H-SSM	77889
	PITT	1
	0.332177	0
	0.000000
PRED	H-SSM	77889
	PITT	1
	0.332177	0
	0.000000
PRED	H-SSM	77889
	PITT	1
	0.332177	0
	0.000000
PRED	H-SSM	77889
	PITT	1
	0.332177	0
	0.000000
PRED	H-SSM	77889
	PITT	1
	0.332177	0
	0.000000
PRED	H-SSM	77889
	PITT	1
	0.332177	0
	0.000000
PRED	H-SSM	77889
	PITT	1
	0.332177	0
	0.000000
PRED	H-SSM	77889
	PITT	1
	0.332177	0
	0.000000
PRED	H-SSM	77889
	PITT	1
	0.332177	0
	0.000000
PRED	H-SSM	77889
	PITT	1
	0.332177	0
	0.000000
PRED	H-SSM	77889
	PITT	1
	0.332177	0
	0.000000
PRED	H-SSM	77889
	PITT	1
	0.332177	0
	0.000000
PRED	H-SSM	77889
	PITT	1
	0.332177	0
	0.000000
PRED	H-SSM	77889
	PITT	1
	0.332177	0
	0.000000
PRED	H-SSM	77889
	PITT	1
	0.332177	0
	0.000000
PRED	H-SSM	77889
	PITT	1
	0.332177	0
	0.000000
PRED	H-SSM	77889
	PITT	0
	0.332177	0
	0.000000
PRED	H-SSM	77889
	PITT	0
	0.332177	0
	0.000000
PRED	H-SSM	77889
	PITT	0
	0.332177	0
	0.000000
PRED	H-SSM	77889
	PITT	0
	0.332177	0
	0.000000
PRED	H-SSM	77889
	PITT	0
	0.332177	0
	0.000000
PRED	H-SSM	77889
	PITT	0
	0.332177	0
	0.000000
PRED	H-SSM	77889
	PITT	0
	0.332177	0
	0.000000
PRED	H-SSM	77889
	PITT	0
	0.332177	0
	0.000000
PRED	H-SSM	77889
	PITT	0
	0.332177	0
	0.000000
PRED	H-SSM	77889
	PITT	0
	0.332177	0
	0.000000
PRED	H-SSM	77889
	PITT	0
	0.332177	0
	0.000000
PRED	H-SSM	77889
	PITT	0
	0.332177	0
	0.000000
PRED	H-SSM	77889
	PITT	0
	0.332177	0
	0.000000
PRED	H-SSM	77889
	PITT	0
	0.332177	0
	0.000000
PRED	H-SSM	77889
	PITT	0
	0.332177	0
	0.000000
PRED	H-SSM	77889
	PITT	0
	0.332177	0
	0.000000
PRED	H-SSM	77889
	PITT	0
	0.332177	0
	0.000000
PRED	H-SSM	77889
	PITT	0
	0.332177	0
	0.000000
PRED	H-SSM	77889
	PITT	0
	0.332177	0
	0.000000
PRED	H-SSM	77889
	PITT	0
	0.332177	0
	0.000000
PRED	H-SSM	77889
	PITT	0
	0.332177	0
	0.000000
PRED	H-SSM	77889
	PITT	0
	0.332177	0
	0.000000
PRED	H-SSM	77889
	PITT	0
	0.332177	0
	0.000000
PRED	H-SSM	77889
	PITT	0
	0.332177	0
	0.000000
PRED	H-SSM	77889
	PITT	0
	0.332177	0
	0.000000
PRED	H-SSM	77889
	PITT	0
	0.332177	0
	0.000000
PRED	H-SSM	77889
	PITT	0
	0.332177	0
	0.000000
PRED	H-SSM	77889
	OLIN	1
	0.428145	0
	0.000000
PRED	H-SSM	77889
	OLIN	1
	0.428145	0
	0.000000
PRED	H-SSM	77889
	OLIN	1
	0.428145	0
	0.000000
PRED	H-SSM	77889
	OLIN	1
	0.428145	0
	0.000000
PRED	H-SSM	77889
	OLIN	1
	0.428145	0
	0.000000
PRED	H-SSM	77889
	OLIN	1
	0.428145	0
	0.000000
PRED	H-SSM	77889
	OLIN	1
	0.428145	0
	0.000000
PRED	H-SSM	77889
	OLIN	1
	0.428145	0
	0.000000
PRED	H-SSM	77889
	OLIN	1
	0.428145	0
	0.000000
PRED	H-SSM	77889
	OLIN	1
	0.428145	0
	0.000000
PRED	H-SSM	77889
	OLIN	1
	0.428145	0
	0.000000
PRED	H-SSM	77889
	OLIN	1
	0.428145	0
	0.000000
PRED	H-SSM	77889
	OLIN	1
	0.428145	0
	0.000000
PRED	H-SSM	77889
	OLIN	1
	0.428145	0
	0.000000
PRED	H-SSM	77889
	OLIN	1
	0.428145	0
	0.000000
PRED	H-SSM	77889
	OLIN	1
	0.428145	0
	0.000000
PRED	H-SSM	77889
	OLIN	1
	0.428145	0
	0.000000
PRED	H-SSM	77889
	OLIN	1
	0.428145	0
	0.000000
PRED	H-SSM	77889
	OLIN	1
	0.428145	0
	0.000000
PRED	H-SSM	77889
	OLIN	0
	0.428145	0
	0.000000
PRED	H-SSM	77889
	OLIN	0
	0.428145	0
	0.000000
PRED	H-SSM	77889
	OLIN	0
	0.428145	0
	0.000000
PRED	H-SSM	77889
	OLIN	0
	0.428145	0
	0.000000
PRED	H-SSM	77889
	OLIN	0
	0.428145	0
	0.000000
PRED	H-SSM	77889
	OLIN	0
	0.428145	0
	0.000000
PRED	H-SSM	77889
	OLIN	0
	0.428145	0
	0.000000
PRED	H-SSM	77889
	OLIN	0
	0.428145	0
	0.000000
PRED	H-SSM	77889
	OLIN	0
	0.428145	0
	0.000000
PRED	H-SSM	77889
	OLIN	0
	0.428145	0
	0.000000
PRED	H-SSM	77889
	OLIN	0
	0.428145	0
	0.000000
PRED	H-SSM	77889
	OLIN	0
	0.428145	0
	0.000000
PRED	H-SSM	77889
	OLIN	0
	0.428145	0
	0.000000
PRED	H-SSM	77889
	OLIN	0
	0.428145	0
	0.000000
PRED	H-SSM	77889
	OLIN	0
	0.428145	0
	0.000000
PRED	H-SSM	77889
	OHSU	1
	0.480255	0
	0.000000
PRED	H-SSM	77889
	OHSU	1
	0.480255	0
	0.000000
PRED	H-SSM	77889
	OHSU	0
	0.480255	0
	0.000000
PRED	H-SSM	77889
	OHSU	0
	0.480255	0
	0.000000
PRED	H-SSM	77889
	OHSU	0
	0.480255	0
	0.000000
PRED	H-SSM	77889
	OHSU	0
	0.480255	0
	0.000000
PRED	H-SSM	77889
	OHSU	0
	0.480255	0
	0.000000
PRED	H-SSM	77889
	OHSU	0
	0.480255	0
	0.000000
PRED	H-SSM	77889
	OHSU	0
	0.480255	0
	0.000000
PRED	H-SSM	77889
	OHSU	0
	0.480255	0
	0.000000
  H-SSM    77889
   acc=50.000000% bal=50.000000% sites=3
/3
 test_n=100
 assoc=0.000000
PRED	H-SSM	99001
	PITT	1
	0.296343	0
	0.000000
PRED	H-SSM	99001
	PITT	1
	0.296343	0
	0.000000
PRED	H-SSM	99001
	PITT	1
	0.296343	0
	0.000000
PRED	H-SSM	99001
	PITT	1
	0.296343	0
	0.000000
PRED	H-SSM	99001
	PITT	1
	0.296343	0
	0.000000
PRED	H-SSM	99001
	PITT	1
	0.296343	0
	0.000000
PRED	H-SSM	99001
	PITT	1
	0.296343	0
	0.000000
PRED	H-SSM	99001
	PITT	1
	0.296343	0
	0.000000
PRED	H-SSM	99001
	PITT	1
	0.296343	0
	0.000000
PRED	H-SSM	99001
	PITT	1
	0.296343	0
	0.000000
PRED	H-SSM	99001
	PITT	1
	0.296343	0
	0.000000
PRED	H-SSM	99001
	PITT	1
	0.296343	0
	0.000000
PRED	H-SSM	99001
	PITT	1
	0.296343	0
	0.000000
PRED	H-SSM	99001
	PITT	1
	0.296343	0
	0.000000
PRED	H-SSM	99001
	PITT	1
	0.296343	0
	0.000000
PRED	H-SSM	99001
	PITT	1
	0.296343	0
	0.000000
PRED	H-SSM	99001
	PITT	1
	0.296343	0
	0.000000
PRED	H-SSM	99001
	PITT	1
	0.296343	0
	0.000000
PRED	H-SSM	99001
	PITT	1
	0.296343	0
	0.000000
PRED	H-SSM	99001
	PITT	1
	0.296343	0
	0.000000
PRED	H-SSM	99001
	PITT	1
	0.296343	0
	0.000000
PRED	H-SSM	99001
	PITT	1
	0.296343	0
	0.000000
PRED	H-SSM	99001
	PITT	1
	0.296343	0
	0.000000
PRED	H-SSM	99001
	PITT	1
	0.296343	0
	0.000000
PRED	H-SSM	99001
	PITT	1
	0.296343	0
	0.000000
PRED	H-SSM	99001
	PITT	1
	0.296343	0
	0.000000
PRED	H-SSM	99001
	PITT	1
	0.296343	0
	0.000000
PRED	H-SSM	99001
	PITT	1
	0.296343	0
	0.000000
PRED	H-SSM	99001
	PITT	1
	0.296343	0
	0.000000
PRED	H-SSM	99001
	PITT	0
	0.296343	0
	0.000000
PRED	H-SSM	99001
	PITT	0
	0.296343	0
	0.000000
PRED	H-SSM	99001
	PITT	0
	0.296343	0
	0.000000
PRED	H-SSM	99001
	PITT	0
	0.296343	0
	0.000000
PRED	H-SSM	99001
	PITT	0
	0.296343	0
	0.000000
PRED	H-SSM	99001
	PITT	0
	0.296343	0
	0.000000
PRED	H-SSM	99001
	PITT	0
	0.296343	0
	0.000000
PRED	H-SSM	99001
	PITT	0
	0.296343	0
	0.000000
PRED	H-SSM	99001
	PITT	0
	0.296343	0
	0.000000
PRED	H-SSM	99001
	PITT	0
	0.296343	0
	0.000000
PRED	H-SSM	99001
	PITT	0
	0.296343	0
	0.000000
PRED	H-SSM	99001
	PITT	0
	0.296343	0
	0.000000
PRED	H-SSM	99001
	PITT	0
	0.296343	0
	0.000000
PRED	H-SSM	99001
	PITT	0
	0.296343	0
	0.000000
PRED	H-SSM	99001
	PITT	0
	0.296343	0
	0.000000
PRED	H-SSM	99001
	PITT	0
	0.296343	0
	0.000000
PRED	H-SSM	99001
	PITT	0
	0.296343	0
	0.000000
PRED	H-SSM	99001
	PITT	0
	0.296343	0
	0.000000
PRED	H-SSM	99001
	PITT	0
	0.296343	0
	0.000000
PRED	H-SSM	99001
	PITT	0
	0.296343	0
	0.000000
PRED	H-SSM	99001
	PITT	0
	0.296343	0
	0.000000
PRED	H-SSM	99001
	PITT	0
	0.296343	0
	0.000000
PRED	H-SSM	99001
	PITT	0
	0.296343	0
	0.000000
PRED	H-SSM	99001
	PITT	0
	0.296343	0
	0.000000
PRED	H-SSM	99001
	PITT	0
	0.296343	0
	0.000000
PRED	H-SSM	99001
	PITT	0
	0.296343	0
	0.000000
PRED	H-SSM	99001
	PITT	0
	0.296343	0
	0.000000
PRED	H-SSM	99001
	OLIN	1
	0.649280	1
	0.000000
PRED	H-SSM	99001
	OLIN	1
	0.649280	1
	0.000000
PRED	H-SSM	99001
	OLIN	1
	0.649280	1
	0.000000
PRED	H-SSM	99001
	OLIN	1
	0.649280	1
	0.000000
PRED	H-SSM	99001
	OLIN	1
	0.649280	1
	0.000000
PRED	H-SSM	99001
	OLIN	1
	0.649280	1
	0.000000
PRED	H-SSM	99001
	OLIN	1
	0.649280	1
	0.000000
PRED	H-SSM	99001
	OLIN	1
	0.649280	1
	0.000000
PRED	H-SSM	99001
	OLIN	1
	0.649280	1
	0.000000
PRED	H-SSM	99001
	OLIN	1
	0.649280	1
	0.000000
PRED	H-SSM	99001
	OLIN	1
	0.649280	1
	0.000000
PRED	H-SSM	99001
	OLIN	1
	0.649280	1
	0.000000
PRED	H-SSM	99001
	OLIN	1
	0.649280	1
	0.000000
PRED	H-SSM	99001
	OLIN	1
	0.649280	1
	0.000000
PRED	H-SSM	99001
	OLIN	1
	0.649280	1
	0.000000
PRED	H-SSM	99001
	OLIN	1
	0.649280	1
	0.000000
PRED	H-SSM	99001
	OLIN	1
	0.649280	1
	0.000000
PRED	H-SSM	99001
	OLIN	1
	0.649280	1
	0.000000
PRED	H-SSM	99001
	OLIN	1
	0.649280	1
	0.000000
PRED	H-SSM	99001
	OLIN	0
	0.649280	1
	0.000000
PRED	H-SSM	99001
	OLIN	0
	0.649280	1
	0.000000
PRED	H-SSM	99001
	OLIN	0
	0.649280	1
	0.000000
PRED	H-SSM	99001
	OLIN	0
	0.649280	1
	0.000000
PRED	H-SSM	99001
	OLIN	0
	0.649280	1
	0.000000
PRED	H-SSM	99001
	OLIN	0
	0.649280	1
	0.000000
PRED	H-SSM	99001
	OLIN	0
	0.649280	1
	0.000000
PRED	H-SSM	99001
	OLIN	0
	0.649280	1
	0.000000
PRED	H-SSM	99001
	OLIN	0
	0.649280	1
	0.000000
PRED	H-SSM	99001
	OLIN	0
	0.649280	1
	0.000000
PRED	H-SSM	99001
	OLIN	0
	0.649280	1
	0.000000
PRED	H-SSM	99001
	OLIN	0
	0.649280	1
	0.000000
PRED	H-SSM	99001
	OLIN	0
	0.649280	1
	0.000000
PRED	H-SSM	99001
	OLIN	0
	0.649280	1
	0.000000
PRED	H-SSM	99001
	OLIN	0
	0.649280	1
	0.000000
PRED	H-SSM	99001
	OHSU	1
	0.693951	1
	0.000000
PRED	H-SSM	99001
	OHSU	1
	0.693951	1
	0.000000
PRED	H-SSM	99001
	OHSU	0
	0.693951	1
	0.000000
PRED	H-SSM	99001
	OHSU	0
	0.693951	1
	0.000000
PRED	H-SSM	99001
	OHSU	0
	0.693951	1
	0.000000
PRED	H-SSM	99001
	OHSU	0
	0.693951	1
	0.000000
PRED	H-SSM	99001
	OHSU	0
	0.693951	1
	0.000000
PRED	H-SSM	99001
	OHSU	0
	0.693951	1
	0.000000
PRED	H-SSM	99001
	OHSU	0
	0.693951	1
	0.000000
PRED	H-SSM	99001
	OHSU	0
	0.693951	1
	0.000000
  H-SSM    99001
   acc=47.999999% bal=50.000000% sites=3
/3
 test_n=100
 assoc=0.000000
PRED	H-SSM	31415
	PITT	1
	0.401582	0
	0.000000
PRED	H-SSM	31415
	PITT	1
	0.401582	0
	0.000000
PRED	H-SSM	31415
	PITT	1
	0.401582	0
	0.000000
PRED	H-SSM	31415
	PITT	1
	0.401582	0
	0.000000
PRED	H-SSM	31415
	PITT	1
	0.401582	0
	0.000000
PRED	H-SSM	31415
	PITT	1
	0.401582	0
	0.000000
PRED	H-SSM	31415
	PITT	1
	0.401582	0
	0.000000
PRED	H-SSM	31415
	PITT	1
	0.401582	0
	0.000000
PRED	H-SSM	31415
	PITT	1
	0.401582	0
	0.000000
PRED	H-SSM	31415
	PITT	1
	0.401582	0
	0.000000
PRED	H-SSM	31415
	PITT	1
	0.401582	0
	0.000000
PRED	H-SSM	31415
	PITT	1
	0.401582	0
	0.000000
PRED	H-SSM	31415
	PITT	1
	0.401582	0
	0.000000
PRED	H-SSM	31415
	PITT	1
	0.401582	0
	0.000000
PRED	H-SSM	31415
	PITT	1
	0.401582	0
	0.000000
PRED	H-SSM	31415
	PITT	1
	0.401582	0
	0.000000
PRED	H-SSM	31415
	PITT	1
	0.401582	0
	0.000000
PRED	H-SSM	31415
	PITT	1
	0.401582	0
	0.000000
PRED	H-SSM	31415
	PITT	1
	0.401582	0
	0.000000
PRED	H-SSM	31415
	PITT	1
	0.401582	0
	0.000000
PRED	H-SSM	31415
	PITT	1
	0.401582	0
	0.000000
PRED	H-SSM	31415
	PITT	1
	0.401582	0
	0.000000
PRED	H-SSM	31415
	PITT	1
	0.401582	0
	0.000000
PRED	H-SSM	31415
	PITT	1
	0.401582	0
	0.000000
PRED	H-SSM	31415
	PITT	1
	0.401582	0
	0.000000
PRED	H-SSM	31415
	PITT	1
	0.401582	0
	0.000000
PRED	H-SSM	31415
	PITT	1
	0.401582	0
	0.000000
PRED	H-SSM	31415
	PITT	1
	0.401582	0
	0.000000
PRED	H-SSM	31415
	PITT	1
	0.401582	0
	0.000000
PRED	H-SSM	31415
	PITT	0
	0.401582	0
	0.000000
PRED	H-SSM	31415
	PITT	0
	0.401582	0
	0.000000
PRED	H-SSM	31415
	PITT	0
	0.401582	0
	0.000000
PRED	H-SSM	31415
	PITT	0
	0.401582	0
	0.000000
PRED	H-SSM	31415
	PITT	0
	0.401582	0
	0.000000
PRED	H-SSM	31415
	PITT	0
	0.401582	0
	0.000000
PRED	H-SSM	31415
	PITT	0
	0.401582	0
	0.000000
PRED	H-SSM	31415
	PITT	0
	0.401582	0
	0.000000
PRED	H-SSM	31415
	PITT	0
	0.401582	0
	0.000000
PRED	H-SSM	31415
	PITT	0
	0.401582	0
	0.000000
PRED	H-SSM	31415
	PITT	0
	0.401582	0
	0.000000
PRED	H-SSM	31415
	PITT	0
	0.401582	0
	0.000000
PRED	H-SSM	31415
	PITT	0
	0.401582	0
	0.000000
PRED	H-SSM	31415
	PITT	0
	0.401582	0
	0.000000
PRED	H-SSM	31415
	PITT	0
	0.401582	0
	0.000000
PRED	H-SSM	31415
	PITT	0
	0.401582	0
	0.000000
PRED	H-SSM	31415
	PITT	0
	0.401582	0
	0.000000
PRED	H-SSM	31415
	PITT	0
	0.401582	0
	0.000000
PRED	H-SSM	31415
	PITT	0
	0.401582	0
	0.000000
PRED	H-SSM	31415
	PITT	0
	0.401582	0
	0.000000
PRED	H-SSM	31415
	PITT	0
	0.401582	0
	0.000000
PRED	H-SSM	31415
	PITT	0
	0.401582	0
	0.000000
PRED	H-SSM	31415
	PITT	0
	0.401582	0
	0.000000
PRED	H-SSM	31415
	PITT	0
	0.401582	0
	0.000000
PRED	H-SSM	31415
	PITT	0
	0.401582	0
	0.000000
PRED	H-SSM	31415
	PITT	0
	0.401582	0
	0.000000
PRED	H-SSM	31415
	PITT	0
	0.401582	0
	0.000000
PRED	H-SSM	31415
	OLIN	1
	0.421959	0
	0.000000
PRED	H-SSM	31415
	OLIN	1
	0.421959	0
	0.000000
PRED	H-SSM	31415
	OLIN	1
	0.421959	0
	0.000000
PRED	H-SSM	31415
	OLIN	1
	0.421959	0
	0.000000
PRED	H-SSM	31415
	OLIN	1
	0.421959	0
	0.000000
PRED	H-SSM	31415
	OLIN	1
	0.421959	0
	0.000000
PRED	H-SSM	31415
	OLIN	1
	0.421959	0
	0.000000
PRED	H-SSM	31415
	OLIN	1
	0.421959	0
	0.000000
PRED	H-SSM	31415
	OLIN	1
	0.421959	0
	0.000000
PRED	H-SSM	31415
	OLIN	1
	0.421959	0
	0.000000
PRED	H-SSM	31415
	OLIN	1
	0.421959	0
	0.000000
PRED	H-SSM	31415
	OLIN	1
	0.421959	0
	0.000000
PRED	H-SSM	31415
	OLIN	1
	0.421959	0
	0.000000
PRED	H-SSM	31415
	OLIN	1
	0.421959	0
	0.000000
PRED	H-SSM	31415
	OLIN	1
	0.421959	0
	0.000000
PRED	H-SSM	31415
	OLIN	1
	0.421959	0
	0.000000
PRED	H-SSM	31415
	OLIN	1
	0.421959	0
	0.000000
PRED	H-SSM	31415
	OLIN	1
	0.421959	0
	0.000000
PRED	H-SSM	31415
	OLIN	1
	0.421959	0
	0.000000
PRED	H-SSM	31415
	OLIN	0
	0.421959	0
	0.000000
PRED	H-SSM	31415
	OLIN	0
	0.421959	0
	0.000000
PRED	H-SSM	31415
	OLIN	0
	0.421959	0
	0.000000
PRED	H-SSM	31415
	OLIN	0
	0.421959	0
	0.000000
PRED	H-SSM	31415
	OLIN	0
	0.421959	0
	0.000000
PRED	H-SSM	31415
	OLIN	0
	0.421959	0
	0.000000
PRED	H-SSM	31415
	OLIN	0
	0.421959	0
	0.000000
PRED	H-SSM	31415
	OLIN	0
	0.421959	0
	0.000000
PRED	H-SSM	31415
	OLIN	0
	0.421959	0
	0.000000
PRED	H-SSM	31415
	OLIN	0
	0.421959	0
	0.000000
PRED	H-SSM	31415
	OLIN	0
	0.421959	0
	0.000000
PRED	H-SSM	31415
	OLIN	0
	0.421959	0
	0.000000
PRED	H-SSM	31415
	OLIN	0
	0.421959	0
	0.000000
PRED	H-SSM	31415
	OLIN	0
	0.421959	0
	0.000000
PRED	H-SSM	31415
	OLIN	0
	0.421959	0
	0.000000
PRED	H-SSM	31415
	OHSU	1
	0.714358	1
	0.000000
PRED	H-SSM	31415
	OHSU	1
	0.714358	1
	0.000000
PRED	H-SSM	31415
	OHSU	0
	0.714358	1
	0.000000
PRED	H-SSM	31415
	OHSU	0
	0.714358	1
	0.000000
PRED	H-SSM	31415
	OHSU	0
	0.714358	1
	0.000000
PRED	H-SSM	31415
	OHSU	0
	0.714358	1
	0.000000
PRED	H-SSM	31415
	OHSU	0
	0.714358	1
	0.000000
PRED	H-SSM	31415
	OHSU	0
	0.714358	1
	0.000000
PRED	H-SSM	31415
	OHSU	0
	0.714358	1
	0.000000
PRED	H-SSM	31415
	OHSU	0
	0.714358	1
	0.000000
  H-SSM    31415
   acc=44.000000% bal=50.000000% sites=3
/3
 test_n=100
 assoc=0.000000
PRED	H-SSM	27182
	PITT	1
	0.624287	1
	0.000000
PRED	H-SSM	27182
	PITT	1
	0.624287	1
	0.000000
PRED	H-SSM	27182
	PITT	1
	0.624287	1
	0.000000
PRED	H-SSM	27182
	PITT	1
	0.624287	1
	0.000000
PRED	H-SSM	27182
	PITT	1
	0.624287	1
	0.000000
PRED	H-SSM	27182
	PITT	1
	0.624287	1
	0.000000
PRED	H-SSM	27182
	PITT	1
	0.624287	1
	0.000000
PRED	H-SSM	27182
	PITT	1
	0.624287	1
	0.000000
PRED	H-SSM	27182
	PITT	1
	0.624287	1
	0.000000
PRED	H-SSM	27182
	PITT	1
	0.624287	1
	0.000000
PRED	H-SSM	27182
	PITT	1
	0.624287	1
	0.000000
PRED	H-SSM	27182
	PITT	1
	0.624287	1
	0.000000
PRED	H-SSM	27182
	PITT	1
	0.624287	1
	0.000000
PRED	H-SSM	27182
	PITT	1
	0.624287	1
	0.000000
PRED	H-SSM	27182
	PITT	1
	0.624287	1
	0.000000
PRED	H-SSM	27182
	PITT	1
	0.624287	1
	0.000000
PRED	H-SSM	27182
	PITT	1
	0.624287	1
	0.000000
PRED	H-SSM	27182
	PITT	1
	0.624287	1
	0.000000
PRED	H-SSM	27182
	PITT	1
	0.624287	1
	0.000000
PRED	H-SSM	27182
	PITT	1
	0.624287	1
	0.000000
PRED	H-SSM	27182
	PITT	1
	0.624287	1
	0.000000
PRED	H-SSM	27182
	PITT	1
	0.624287	1
	0.000000
PRED	H-SSM	27182
	PITT	1
	0.624287	1
	0.000000
PRED	H-SSM	27182
	PITT	1
	0.624287	1
	0.000000
PRED	H-SSM	27182
	PITT	1
	0.624287	1
	0.000000
PRED	H-SSM	27182
	PITT	1
	0.624287	1
	0.000000
PRED	H-SSM	27182
	PITT	1
	0.624287	1
	0.000000
PRED	H-SSM	27182
	PITT	1
	0.624287	1
	0.000000
PRED	H-SSM	27182
	PITT	1
	0.624287	1
	0.000000
PRED	H-SSM	27182
	PITT	0
	0.624287	1
	0.000000
PRED	H-SSM	27182
	PITT	0
	0.624287	1
	0.000000
PRED	H-SSM	27182
	PITT	0
	0.624287	1
	0.000000
PRED	H-SSM	27182
	PITT	0
	0.624287	1
	0.000000
PRED	H-SSM	27182
	PITT	0
	0.624287	1
	0.000000
PRED	H-SSM	27182
	PITT	0
	0.624287	1
	0.000000
PRED	H-SSM	27182
	PITT	0
	0.624287	1
	0.000000
PRED	H-SSM	27182
	PITT	0
	0.624287	1
	0.000000
PRED	H-SSM	27182
	PITT	0
	0.624287	1
	0.000000
PRED	H-SSM	27182
	PITT	0
	0.624287	1
	0.000000
PRED	H-SSM	27182
	PITT	0
	0.624287	1
	0.000000
PRED	H-SSM	27182
	PITT	0
	0.624287	1
	0.000000
PRED	H-SSM	27182
	PITT	0
	0.624287	1
	0.000000
PRED	H-SSM	27182
	PITT	0
	0.624287	1
	0.000000
PRED	H-SSM	27182
	PITT	0
	0.624287	1
	0.000000
PRED	H-SSM	27182
	PITT	0
	0.624287	1
	0.000000
PRED	H-SSM	27182
	PITT	0
	0.624287	1
	0.000000
PRED	H-SSM	27182
	PITT	0
	0.624287	1
	0.000000
PRED	H-SSM	27182
	PITT	0
	0.624287	1
	0.000000
PRED	H-SSM	27182
	PITT	0
	0.624287	1
	0.000000
PRED	H-SSM	27182
	PITT	0
	0.624287	1
	0.000000
PRED	H-SSM	27182
	PITT	0
	0.624287	1
	0.000000
PRED	H-SSM	27182
	PITT	0
	0.624287	1
	0.000000
PRED	H-SSM	27182
	PITT	0
	0.624287	1
	0.000000
PRED	H-SSM	27182
	PITT	0
	0.624287	1
	0.000000
PRED	H-SSM	27182
	PITT	0
	0.624287	1
	0.000000
PRED	H-SSM	27182
	PITT	0
	0.624287	1
	0.000000
PRED	H-SSM	27182
	OLIN	1
	0.261161	0
	0.000000
PRED	H-SSM	27182
	OLIN	1
	0.261161	0
	0.000000
PRED	H-SSM	27182
	OLIN	1
	0.261161	0
	0.000000
PRED	H-SSM	27182
	OLIN	1
	0.261161	0
	0.000000
PRED	H-SSM	27182
	OLIN	1
	0.261161	0
	0.000000
PRED	H-SSM	27182
	OLIN	1
	0.261161	0
	0.000000
PRED	H-SSM	27182
	OLIN	1
	0.261161	0
	0.000000
PRED	H-SSM	27182
	OLIN	1
	0.261161	0
	0.000000
PRED	H-SSM	27182
	OLIN	1
	0.261161	0
	0.000000
PRED	H-SSM	27182
	OLIN	1
	0.261161	0
	0.000000
PRED	H-SSM	27182
	OLIN	1
	0.261161	0
	0.000000
PRED	H-SSM	27182
	OLIN	1
	0.261161	0
	0.000000
PRED	H-SSM	27182
	OLIN	1
	0.261161	0
	0.000000
PRED	H-SSM	27182
	OLIN	1
	0.261161	0
	0.000000
PRED	H-SSM	27182
	OLIN	1
	0.261161	0
	0.000000
PRED	H-SSM	27182
	OLIN	1
	0.261161	0
	0.000000
PRED	H-SSM	27182
	OLIN	1
	0.261161	0
	0.000000
PRED	H-SSM	27182
	OLIN	1
	0.261161	0
	0.000000
PRED	H-SSM	27182
	OLIN	1
	0.261161	0
	0.000000
PRED	H-SSM	27182
	OLIN	0
	0.261161	0
	0.000000
PRED	H-SSM	27182
	OLIN	0
	0.261161	0
	0.000000
PRED	H-SSM	27182
	OLIN	0
	0.261161	0
	0.000000
PRED	H-SSM	27182
	OLIN	0
	0.261161	0
	0.000000
PRED	H-SSM	27182
	OLIN	0
	0.261161	0
	0.000000
PRED	H-SSM	27182
	OLIN	0
	0.261161	0
	0.000000
PRED	H-SSM	27182
	OLIN	0
	0.261161	0
	0.000000
PRED	H-SSM	27182
	OLIN	0
	0.261161	0
	0.000000
PRED	H-SSM	27182
	OLIN	0
	0.261161	0
	0.000000
PRED	H-SSM	27182
	OLIN	0
	0.261161	0
	0.000000
PRED	H-SSM	27182
	OLIN	0
	0.261161	0
	0.000000
PRED	H-SSM	27182
	OLIN	0
	0.261161	0
	0.000000
PRED	H-SSM	27182
	OLIN	0
	0.261161	0
	0.000000
PRED	H-SSM	27182
	OLIN	0
	0.261161	0
	0.000000
PRED	H-SSM	27182
	OLIN	0
	0.261161	0
	0.000000
PRED	H-SSM	27182
	OHSU	1
	0.253114	0
	0.000000
PRED	H-SSM	27182
	OHSU	1
	0.253114	0
	0.000000
PRED	H-SSM	27182
	OHSU	0
	0.253114	0
	0.000000
PRED	H-SSM	27182
	OHSU	0
	0.253114	0
	0.000000
PRED	H-SSM	27182
	OHSU	0
	0.253114	0
	0.000000
PRED	H-SSM	27182
	OHSU	0
	0.253114	0
	0.000000
PRED	H-SSM	27182
	OHSU	0
	0.253114	0
	0.000000
PRED	H-SSM	27182
	OHSU	0
	0.253114	0
	0.000000
PRED	H-SSM	27182
	OHSU	0
	0.253114	0
	0.000000
PRED	H-SSM	27182
	OHSU	0
	0.253114	0
	0.000000
  H-SSM    27182
   acc=52.000000% bal=50.000000% sites=3
/3
 test_n=100
 assoc=0.000000

  O-SSM balanced accuracy: 50.929190 ± 4.558823
  H-SSM balanced accuracy: 50.000000 ± 0.000000
  Gap (O-H): 0.929190 pp

  Per-site holdout summary
  ─────────────────────────────────────────────────────────────────────────────
  Site                             N    O-bal    H-bal    Gap      O-assoc
  PITT  56
  52.490421  50.000000  2.490421  1.147710
  OLIN  34
  51.859649  50.000000  1.859649  0.782149
  OHSU  10
  48.437500  50.000000  -1.562500  1.158467
DONE
