═══════════════════════════════════════════════════════════════
  Brain O-SSM ABIDE Cross-Site CV
═══════════════════════════════════════════════════════════════
  Manifest: abide_roi_manifest.tsv
  Subjects: 500
  (ASD=250
 Control=250
)
  Sites: 20
 grouped holdouts
  Split: leave-one-site-out cross-validation

  Model    Seed    Accuracy summary
  ───────  ──────  ───────────────────────────────────────────
  Seed schedule: 20 fixed seeds
PRED	O-SSM	55555
	NYU	1
	0.679477	1
	0.408664
PRED	O-SSM	55555
	NYU	1
	0.713551	1
	0.778237
PRED	O-SSM	55555
	NYU	1
	0.690746	1
	0.528336
PRED	O-SSM	55555
	NYU	1
	0.702545	1
	0.656253
PRED	O-SSM	55555
	NYU	1
	0.749449	1
	1.197426
PRED	O-SSM	55555
	NYU	1
	0.735866	1
	1.034581
PRED	O-SSM	55555
	NYU	1
	0.771985	1
	1.481216
PRED	O-SSM	55555
	NYU	1
	0.742918	1
	1.118424
PRED	O-SSM	55555
	NYU	1
	0.692558	1
	0.547797
PRED	O-SSM	55555
	NYU	1
	0.739626	1
	1.079107
PRED	O-SSM	55555
	NYU	1
	0.708049	1
	0.716923
PRED	O-SSM	55555
	NYU	1
	0.729413	1
	0.959111
PRED	O-SSM	55555
	NYU	1
	0.698415	1
	0.611153
PRED	O-SSM	55555
	NYU	0
	0.761153	1
	1.342525
PRED	O-SSM	55555
	NYU	0
	0.694771	1
	0.571663
PRED	O-SSM	55555
	NYU	0
	0.748562	1
	1.186625
PRED	O-SSM	55555
	NYU	0
	0.762620	1
	1.361044
PRED	O-SSM	55555
	NYU	0
	0.730608	1
	0.972995
PRED	O-SSM	55555
	NYU	0
	0.713027	1
	0.772364
PRED	O-SSM	55555
	NYU	0
	0.762675	1
	1.361747
PRED	O-SSM	55555
	NYU	0
	0.742265	1
	1.110596
PRED	O-SSM	55555
	NYU	0
	0.819266	1
	2.149759
PRED	O-SSM	55555
	NYU	0
	0.673779	1
	0.349001
PRED	O-SSM	55555
	NYU	0
	0.675580	1
	0.367805
PRED	O-SSM	55555
	NYU	0
	0.725052	1
	0.908741
PRED	O-SSM	55555
	NYU	0
	0.744905	1
	1.142315
PRED	O-SSM	55555
	UM_1	1
	0.598423	1
	1.693643
PRED	O-SSM	55555
	UM_1	1
	0.591520	1
	1.399121
PRED	O-SSM	55555
	UM_1	1
	0.578608	1
	0.852273
PRED	O-SSM	55555
	UM_1	1
	0.599993	1
	1.760844
PRED	O-SSM	55555
	UM_1	1
	0.563853	1
	0.232875
PRED	O-SSM	55555
	UM_1	1
	0.579745	1
	0.900226
PRED	O-SSM	55555
	UM_1	1
	0.568257	1
	0.417195
PRED	O-SSM	55555
	UM_1	1
	0.576573	1
	0.766512
PRED	O-SSM	55555
	UM_1	1
	0.596286	1
	1.602291
PRED	O-SSM	55555
	UM_1	1
	0.601606	1
	1.829980
PRED	O-SSM	55555
	UM_1	1
	0.587862	1
	1.243708
PRED	O-SSM	55555
	UM_1	1
	0.583814	1
	1.072158
PRED	O-SSM	55555
	UM_1	1
	0.591902	1
	1.415373
PRED	O-SSM	55555
	UM_1	0
	0.581800	1
	0.987021
PRED	O-SSM	55555
	UM_1	0
	0.559377	1
	0.045952
PRED	O-SSM	55555
	UM_1	0
	0.587210	1
	1.216048
PRED	O-SSM	55555
	UM_1	0
	0.571292	1
	0.544482
PRED	O-SSM	55555
	UM_1	0
	0.581554	1
	0.976632
PRED	O-SSM	55555
	UM_1	0
	0.585064	1
	1.125082
PRED	O-SSM	55555
	UM_1	0
	0.578442	1
	0.845281
PRED	O-SSM	55555
	UM_1	0
	0.581839	1
	0.988652
PRED	O-SSM	55555
	UM_1	0
	0.581175	1
	0.960615
PRED	O-SSM	55555
	UM_1	0
	0.612098	1
	2.282145
PRED	O-SSM	55555
	UM_1	0
	0.597949	1
	1.673380
PRED	O-SSM	55555
	UM_1	0
	0.591943	1
	1.417130
PRED	O-SSM	55555
	UM_1	0
	0.567173	1
	0.371786
PRED	O-SSM	55555
	UCLA_1	1
	0.776740	1
	1.112068
PRED	O-SSM	55555
	UCLA_1	1
	0.769487	1
	1.043774
PRED	O-SSM	55555
	UCLA_1	1
	0.741190	1
	0.790651
PRED	O-SSM	55555
	UCLA_1	1
	0.707651	1
	0.512907
PRED	O-SSM	55555
	UCLA_1	1
	0.778231	1
	1.126304
PRED	O-SSM	55555
	UCLA_1	1
	0.797182	1
	1.313579
PRED	O-SSM	55555
	UCLA_1	1
	0.687851	1
	0.357798
PRED	O-SSM	55555
	UCLA_1	1
	0.751569	1
	0.881222
PRED	O-SSM	55555
	UCLA_1	1
	0.793635	1
	1.277577
PRED	O-SSM	55555
	UCLA_1	1
	0.766696	1
	1.017888
PRED	O-SSM	55555
	UCLA_1	1
	0.941972	1
	3.656098
PRED	O-SSM	55555
	UCLA_1	1
	0.742644	1
	0.803188
PRED	O-SSM	55555
	UCLA_1	1
	0.752679	1
	0.891056
PRED	O-SSM	55555
	UCLA_1	0
	0.714587	1
	0.568675
PRED	O-SSM	55555
	UCLA_1	0
	0.748494	1
	0.854128
PRED	O-SSM	55555
	UCLA_1	0
	0.711309	1
	0.542217
PRED	O-SSM	55555
	UCLA_1	0
	0.752083	1
	0.885771
PRED	O-SSM	55555
	UCLA_1	0
	0.742624	1
	0.803019
PRED	O-SSM	55555
	UCLA_1	0
	0.724312	1
	0.648259
PRED	O-SSM	55555
	UCLA_1	0
	0.836092	1
	1.744099
PRED	O-SSM	55555
	UCLA_1	0
	0.823626	1
	1.598226
PRED	O-SSM	55555
	UCLA_1	0
	0.757126	1
	0.930752
PRED	O-SSM	55555
	UCLA_1	0
	0.721513	1
	0.625182
PRED	O-SSM	55555
	UCLA_1	0
	0.774585	1
	1.091612
PRED	O-SSM	55555
	UCLA_1	0
	0.731389	1
	0.707275
PRED	O-SSM	55555
	UCLA_1	0
	0.703448	1
	0.479493
PRED	O-SSM	55555
	YALE	1
	0.240614	0
	1.097922
PRED	O-SSM	55555
	YALE	1
	0.249096	0
	0.883778
PRED	O-SSM	55555
	YALE	1
	0.264064	0
	0.517427
PRED	O-SSM	55555
	YALE	1
	0.239958	0
	1.114693
PRED	O-SSM	55555
	YALE	1
	0.280563	0
	0.128706
PRED	O-SSM	55555
	YALE	1
	0.222393	0
	1.576191
PRED	O-SSM	55555
	YALE	1
	0.242461	0
	1.050860
PRED	O-SSM	55555
	YALE	1
	0.258639	0
	0.648606
PRED	O-SSM	55555
	YALE	1
	0.259129	0
	0.636691
PRED	O-SSM	55555
	YALE	1
	0.235354	0
	1.233316
PRED	O-SSM	55555
	YALE	1
	0.251156	0
	0.832534
PRED	O-SSM	55555
	YALE	1
	0.259907	0
	0.617801
PRED	O-SSM	55555
	YALE	1
	0.261771	0
	0.572656
PRED	O-SSM	55555
	YALE	0
	0.278677	0
	0.172398
PRED	O-SSM	55555
	YALE	0
	0.264207	0
	0.513987
PRED	O-SSM	55555
	YALE	0
	0.221812	0
	1.591886
PRED	O-SSM	55555
	YALE	0
	0.281148	0
	0.115187
PRED	O-SSM	55555
	YALE	0
	0.183871	0
	2.689730
PRED	O-SSM	55555
	YALE	0
	0.181203	0
	2.773195
PRED	O-SSM	55555
	YALE	0
	0.253155	0
	0.783034
PRED	O-SSM	55555
	YALE	0
	0.257848	0
	0.667880
PRED	O-SSM	55555
	YALE	0
	0.235597	0
	1.227010
PRED	O-SSM	55555
	YALE	0
	0.219513	0
	1.654283
PRED	O-SSM	55555
	YALE	0
	0.109922	0
	5.495960
PRED	O-SSM	55555
	YALE	0
	0.258562	0
	0.650474
PRED	O-SSM	55555
	YALE	0
	0.248030	0
	0.910428
PRED	O-SSM	55555
	PITT	1
	0.599383	1
	1.300934
PRED	O-SSM	55555
	PITT	1
	0.688517	1
	2.660984
PRED	O-SSM	55555
	PITT	1
	0.592188	1
	1.196815
PRED	O-SSM	55555
	PITT	1
	0.610660	1
	1.465376
PRED	O-SSM	55555
	PITT	1
	0.599835	1
	1.307482
PRED	O-SSM	55555
	PITT	1
	0.592146	1
	1.196206
PRED	O-SSM	55555
	PITT	1
	0.529552	1
	0.309378
PRED	O-SSM	55555
	PITT	1
	0.562620	1
	0.774429
PRED	O-SSM	55555
	PITT	1
	0.616856	1
	1.556461
PRED	O-SSM	55555
	PITT	1
	0.569673	1
	0.874485
PRED	O-SSM	55555
	PITT	1
	0.577502	1
	0.986022
PRED	O-SSM	55555
	PITT	1
	0.552579	1
	0.632583
PRED	O-SSM	55555
	PITT	1
	0.523248	1
	0.221266
PRED	O-SSM	55555
	PITT	0
	0.538329	1
	0.432282
PRED	O-SSM	55555
	PITT	0
	0.555353	1
	0.671693
PRED	O-SSM	55555
	PITT	0
	0.597234	1
	1.269772
PRED	O-SSM	55555
	PITT	0
	0.549699	1
	0.592015
PRED	O-SSM	55555
	PITT	0
	0.561334	1
	0.756225
PRED	O-SSM	55555
	PITT	0
	0.558828	1
	0.720782
PRED	O-SSM	55555
	PITT	0
	0.543315	1
	0.502244
PRED	O-SSM	55555
	PITT	0
	0.581787	1
	1.047312
PRED	O-SSM	55555
	PITT	0
	0.603243	1
	1.357031
PRED	O-SSM	55555
	PITT	0
	0.594940	1
	1.236563
PRED	O-SSM	55555
	PITT	0
	0.582639	1
	1.059521
PRED	O-SSM	55555
	PITT	0
	0.608766	1
	1.437648
PRED	O-SSM	55555
	PITT	0
	0.578978	1
	1.007115
PRED	O-SSM	55555
	USM	1
	0.497069	0
	0.392134
PRED	O-SSM	55555
	USM	1
	0.444852	0
	0.755720
PRED	O-SSM	55555
	USM	1
	0.510846	1
	0.296603
PRED	O-SSM	55555
	USM	1
	0.258611	0
	2.197277
PRED	O-SSM	55555
	USM	1
	0.390795	0
	1.141331
PRED	O-SSM	55555
	USM	1
	0.301237	0
	1.830198
PRED	O-SSM	55555
	USM	1
	0.498147	0
	0.384659
PRED	O-SSM	55555
	USM	1
	0.435900	0
	0.818678
PRED	O-SSM	55555
	USM	1
	0.454349	0
	0.689194
PRED	O-SSM	55555
	USM	1
	0.459337	0
	0.654357
PRED	O-SSM	55555
	USM	1
	0.503548	1
	0.347213
PRED	O-SSM	55555
	USM	1
	0.523281	1
	0.210290
PRED	O-SSM	55555
	USM	1
	0.335979	0
	1.552623
PRED	O-SSM	55555
	USM	0
	0.511476	1
	0.292232
PRED	O-SSM	55555
	USM	0
	0.450319	0
	0.717396
PRED	O-SSM	55555
	USM	0
	0.385960	0
	1.176609
PRED	O-SSM	55555
	USM	0
	0.476620	0
	0.534022
PRED	O-SSM	55555
	USM	0
	0.421400	0
	0.921305
PRED	O-SSM	55555
	USM	0
	0.392960	0
	1.125580
PRED	O-SSM	55555
	USM	0
	0.346619	0
	1.470584
PRED	O-SSM	55555
	USM	0
	0.397114	0
	1.095454
PRED	O-SSM	55555
	USM	0
	0.524584	1
	0.201232
PRED	O-SSM	55555
	USM	0
	0.522461	1
	0.215985
PRED	O-SSM	55555
	USM	0
	0.428584	0
	0.870352
PRED	O-SSM	55555
	USM	0
	0.474705	0
	0.547334
PRED	O-SSM	55555
	USM	0
	0.487857	0
	0.456018
PRED	O-SSM	55555
	MAX_MUN	1
	0.654096	1
	0.129244
PRED	O-SSM	55555
	MAX_MUN	1
	0.651344	1
	0.486140
PRED	O-SSM	55555
	MAX_MUN	1
	0.646048	1
	1.169545
PRED	O-SSM	55555
	MAX_MUN	1
	0.648975	1
	0.792358
PRED	O-SSM	55555
	MAX_MUN	1
	0.640481	1
	1.882741
PRED	O-SSM	55555
	MAX_MUN	1
	0.644325	1
	1.390729
PRED	O-SSM	55555
	MAX_MUN	1
	0.652365	1
	0.353842
PRED	O-SSM	55555
	MAX_MUN	1
	0.649810	1
	0.684631
PRED	O-SSM	55555
	MAX_MUN	1
	0.649976	1
	0.663084
PRED	O-SSM	55555
	MAX_MUN	1
	0.652771	1
	0.301295
PRED	O-SSM	55555
	MAX_MUN	1
	0.647676	1
	0.959912
PRED	O-SSM	55555
	MAX_MUN	1
	0.649010	1
	0.787901
PRED	O-SSM	55555
	MAX_MUN	1
	0.646730	1
	1.081749
PRED	O-SSM	55555
	MAX_MUN	0
	0.647449	1
	0.989132
PRED	O-SSM	55555
	MAX_MUN	0
	0.648774	1
	0.818375
PRED	O-SSM	55555
	MAX_MUN	0
	0.644935	1
	1.312558
PRED	O-SSM	55555
	MAX_MUN	0
	0.649276	1
	0.753506
PRED	O-SSM	55555
	MAX_MUN	0
	0.644457	1
	1.373834
PRED	O-SSM	55555
	MAX_MUN	0
	0.645815	1
	1.199439
PRED	O-SSM	55555
	MAX_MUN	0
	0.641519	1
	1.750207
PRED	O-SSM	55555
	MAX_MUN	0
	0.649516	1
	0.722551
PRED	O-SSM	55555
	MAX_MUN	0
	0.645357	1
	1.258256
PRED	O-SSM	55555
	MAX_MUN	0
	0.640003	1
	1.943820
PRED	O-SSM	55555
	MAX_MUN	0
	0.642018	1
	1.686360
PRED	O-SSM	55555
	MAX_MUN	0
	0.647314	1
	1.006578
PRED	O-SSM	55555
	MAX_MUN	0
	0.643887	1
	1.446909
PRED	O-SSM	55555
	TRINITY	1
	0.603099	1
	1.967804
PRED	O-SSM	55555
	TRINITY	1
	0.559440	1
	1.020364
PRED	O-SSM	55555
	TRINITY	1
	0.578905	1
	1.439410
PRED	O-SSM	55555
	TRINITY	1
	0.570889	1
	1.266283
PRED	O-SSM	55555
	TRINITY	1
	0.545417	1
	0.721001
PRED	O-SSM	55555
	TRINITY	1
	0.571816	1
	1.286261
PRED	O-SSM	55555
	TRINITY	1
	0.597677	1
	1.848531
PRED	O-SSM	55555
	TRINITY	1
	0.550801	1
	0.835745
PRED	O-SSM	55555
	TRINITY	1
	0.591926	1
	1.722584
PRED	O-SSM	55555
	TRINITY	1
	0.564775	1
	1.134775
PRED	O-SSM	55555
	TRINITY	1
	0.562610	1
	1.088308
PRED	O-SSM	55555
	TRINITY	1
	0.551890	1
	0.858978
PRED	O-SSM	55555
	TRINITY	1
	0.588457	1
	1.646877
PRED	O-SSM	55555
	TRINITY	0
	0.542472	1
	0.658345
PRED	O-SSM	55555
	TRINITY	0
	0.540907	1
	0.625075
PRED	O-SSM	55555
	TRINITY	0
	0.546048	1
	0.734439
PRED	O-SSM	55555
	TRINITY	0
	0.557724	1
	0.983649
PRED	O-SSM	55555
	TRINITY	0
	0.536540	1
	0.532316
PRED	O-SSM	55555
	TRINITY	0
	0.545403	1
	0.720697
PRED	O-SSM	55555
	TRINITY	0
	0.528781	1
	0.367815
PRED	O-SSM	55555
	TRINITY	0
	0.561905	1
	1.073183
PRED	O-SSM	55555
	TRINITY	0
	0.535119	1
	0.502172
PRED	O-SSM	55555
	TRINITY	0
	0.580266	1
	1.468871
PRED	O-SSM	55555
	TRINITY	0
	0.563205	1
	1.101082
PRED	O-SSM	55555
	TRINITY	0
	0.544722	1
	0.706204
PRED	O-SSM	55555
	TRINITY	0
	0.559471	1
	1.021032
PRED	O-SSM	55555
	KKI	1
	0.218432	0
	0.890233
PRED	O-SSM	55555
	KKI	1
	0.199233	0
	1.105130
PRED	O-SSM	55555
	KKI	1
	0.237573	0
	0.689130
PRED	O-SSM	55555
	KKI	1
	0.228212	0
	0.785998
PRED	O-SSM	55555
	KKI	1
	0.208216	0
	1.002769
PRED	O-SSM	55555
	KKI	1
	0.206243	0
	1.024969
PRED	O-SSM	55555
	KKI	1
	0.170860	0
	1.453460
PRED	O-SSM	55555
	KKI	1
	0.175907	0
	1.388370
PRED	O-SSM	55555
	KKI	1
	0.175547	0
	1.392953
PRED	O-SSM	55555
	KKI	1
	0.233558	0
	0.730345
PRED	O-SSM	55555
	KKI	1
	0.175143	0
	1.398119
PRED	O-SSM	55555
	KKI	1
	0.260791	0
	0.459617
PRED	O-SSM	55555
	KKI	1
	0.266194	0
	0.408163
PRED	O-SSM	55555
	KKI	0
	0.212807	0
	0.951710
PRED	O-SSM	55555
	KKI	0
	0.215258	0
	0.924771
PRED	O-SSM	55555
	KKI	0
	0.141994	0
	1.858773
PRED	O-SSM	55555
	KKI	0
	0.145301	0
	1.809073
PRED	O-SSM	55555
	KKI	0
	0.235407	0
	0.711304
PRED	O-SSM	55555
	KKI	0
	0.277109	0
	0.306184
PRED	O-SSM	55555
	KKI	0
	0.193755	0
	1.169267
PRED	O-SSM	55555
	KKI	0
	0.186788	0
	1.252856
PRED	O-SSM	55555
	KKI	0
	0.278706	0
	0.291468
PRED	O-SSM	55555
	KKI	0
	0.282462	0
	0.257082
PRED	O-SSM	55555
	KKI	0
	0.225322	0
	0.816454
PRED	O-SSM	55555
	KKI	0
	0.246328	0
	0.600899
PRED	O-SSM	55555
	KKI	0
	0.199800	0
	1.098575
PRED	O-SSM	55555
	STANFORD	1
	0.820841	1
	2.031709
PRED	O-SSM	55555
	STANFORD	1
	0.766853	1
	1.153653
PRED	O-SSM	55555
	STANFORD	1
	0.942317	1
	5.399822
PRED	O-SSM	55555
	STANFORD	1
	0.795116	1
	1.591891
PRED	O-SSM	55555
	STANFORD	1
	0.780559	1
	1.361087
PRED	O-SSM	55555
	STANFORD	1
	0.789167	1
	1.496165
PRED	O-SSM	55555
	STANFORD	1
	0.751740	1
	0.934515
PRED	O-SSM	55555
	STANFORD	1
	0.741312	1
	0.788504
PRED	O-SSM	55555
	STANFORD	1
	0.811943	1
	1.874415
PRED	O-SSM	55555
	STANFORD	1
	0.770312	1
	1.205168
PRED	O-SSM	55555
	STANFORD	1
	0.788234	1
	1.481339
PRED	O-SSM	55555
	STANFORD	1
	0.727824	1
	0.605208
PRED	O-SSM	55555
	STANFORD	1
	0.712415	1
	0.402624
PRED	O-SSM	55555
	STANFORD	0
	0.738720	1
	0.752813
PRED	O-SSM	55555
	STANFORD	0
	0.771913	1
	1.229197
PRED	O-SSM	55555
	STANFORD	0
	0.718420	1
	0.480760
PRED	O-SSM	55555
	STANFORD	0
	0.741055	1
	0.784957
PRED	O-SSM	55555
	STANFORD	0
	0.794901	1
	1.588398
PRED	O-SSM	55555
	STANFORD	0
	0.798825	1
	1.652612
PRED	O-SSM	55555
	STANFORD	0
	0.687232	1
	0.084888
PRED	O-SSM	55555
	STANFORD	0
	0.734875	1
	0.700290
PRED	O-SSM	55555
	STANFORD	0
	0.794537	1
	1.582490
PRED	O-SSM	55555
	STANFORD	0
	0.704948	1
	0.306799
PRED	O-SSM	55555
	STANFORD	0
	0.728586	1
	0.615410
PRED	O-SSM	55555
	STANFORD	0
	0.798018	1
	1.639343
PRED	O-SSM	55555
	STANFORD	0
	0.733058	1
	0.675632
PRED	O-SSM	55555
	CALTECH	1
	0.472879	0
	0.518735
PRED	O-SSM	55555
	CALTECH	1
	0.469579	0
	0.589664
PRED	O-SSM	55555
	CALTECH	1
	0.472654	0
	0.523561
PRED	O-SSM	55555
	CALTECH	1
	0.466638	0
	0.652938
PRED	O-SSM	55555
	CALTECH	1
	0.445030	0
	1.119660
PRED	O-SSM	55555
	CALTECH	1
	0.385993	0
	2.423604
PRED	O-SSM	55555
	CALTECH	1
	0.472794	0
	0.520556
PRED	O-SSM	55555
	CALTECH	1
	0.418750	0
	1.693577
PRED	O-SSM	55555
	CALTECH	1
	0.489634	0
	0.159164
PRED	O-SSM	55555
	CALTECH	1
	0.348051	0
	3.299069
PRED	O-SSM	55555
	CALTECH	1
	0.462939	0
	0.732610
PRED	O-SSM	55555
	CALTECH	1
	0.484876	0
	0.261186
PRED	O-SSM	55555
	CALTECH	0
	0.442707	0
	1.170079
PRED	O-SSM	55555
	CALTECH	0
	0.449731	0
	1.017805
PRED	O-SSM	55555
	CALTECH	0
	0.490402	0
	0.142712
PRED	O-SSM	55555
	CALTECH	0
	0.454436	0
	0.916065
PRED	O-SSM	55555
	CALTECH	0
	0.454541	0
	0.913789
PRED	O-SSM	55555
	CALTECH	0
	0.444984	0
	1.120670
PRED	O-SSM	55555
	CALTECH	0
	0.436859	0
	1.297231
PRED	O-SSM	55555
	CALTECH	0
	0.490587	0
	0.138735
PRED	O-SSM	55555
	CALTECH	0
	0.475177	0
	0.469343
PRED	O-SSM	55555
	CALTECH	0
	0.452237	0
	0.963587
PRED	O-SSM	55555
	CALTECH	0
	0.424185	0
	1.574169
PRED	O-SSM	55555
	CALTECH	0
	0.483257	0
	0.295918
PRED	O-SSM	55555
	LEUVEN_2	1
	0.783823	1
	1.553563
PRED	O-SSM	55555
	LEUVEN_2	1
	0.765920	1
	1.345425
PRED	O-SSM	55555
	LEUVEN_2	1
	0.661858	1
	0.303775
PRED	O-SSM	55555
	LEUVEN_2	1
	0.796322	1
	1.706371
PRED	O-SSM	55555
	LEUVEN_2	1
	0.695559	1
	0.617299
PRED	O-SSM	55555
	LEUVEN_2	1
	0.742346	1
	1.087533
PRED	O-SSM	55555
	LEUVEN_2	1
	0.768608	1
	1.375947
PRED	O-SSM	55555
	LEUVEN_2	1
	0.724415	1
	0.901573
PRED	O-SSM	55555
	LEUVEN_2	1
	0.818558	1
	1.996562
PRED	O-SSM	55555
	LEUVEN_2	1
	0.745562	1
	1.121756
PRED	O-SSM	55555
	LEUVEN_2	1
	0.707995	1
	0.737772
PRED	O-SSM	55555
	LEUVEN_2	1
	0.761796	1
	1.299083
PRED	O-SSM	55555
	LEUVEN_2	0
	0.753345	1
	1.205793
PRED	O-SSM	55555
	LEUVEN_2	0
	0.716204	1
	0.818949
PRED	O-SSM	55555
	LEUVEN_2	0
	0.750286	1
	1.172556
PRED	O-SSM	55555
	LEUVEN_2	0
	0.760023	1
	1.279320
PRED	O-SSM	55555
	LEUVEN_2	0
	0.674836	1
	0.422482
PRED	O-SSM	55555
	LEUVEN_2	0
	0.652370	1
	0.218409
PRED	O-SSM	55555
	LEUVEN_2	0
	0.766601	1
	1.353141
PRED	O-SSM	55555
	LEUVEN_2	0
	0.664280	1
	0.325753
PRED	O-SSM	55555
	LEUVEN_2	0
	0.838995	1
	2.288805
PRED	O-SSM	55555
	LEUVEN_2	0
	0.711278	1
	0.770069
PRED	O-SSM	55555
	LEUVEN_2	0
	0.721872	1
	0.875822
PRED	O-SSM	55555
	LEUVEN_2	0
	0.678283	1
	0.454413
PRED	O-SSM	55555
	OLIN	1
	0.719215	1
	0.965444
PRED	O-SSM	55555
	OLIN	1
	0.572253	1
	0.193826
PRED	O-SSM	55555
	OLIN	1
	0.592916	1
	0.294785
PRED	O-SSM	55555
	OLIN	1
	0.608328	1
	0.371121
PRED	O-SSM	55555
	OLIN	1
	0.597209	1
	0.315953
PRED	O-SSM	55555
	OLIN	1
	0.636214	1
	0.512112
PRED	O-SSM	55555
	OLIN	1
	0.660941	1
	0.641033
PRED	O-SSM	55555
	OLIN	1
	0.805574	1
	1.536788
PRED	O-SSM	55555
	OLIN	1
	0.629088	1
	0.475682
PRED	O-SSM	55555
	OLIN	1
	0.572193	1
	0.193538
PRED	O-SSM	55555
	OLIN	1
	0.584315	1
	0.252586
PRED	O-SSM	55555
	OLIN	1
	0.854593	1
	1.952080
PRED	O-SSM	55555
	OLIN	0
	0.886145	1
	2.285749
PRED	O-SSM	55555
	OLIN	0
	0.575833	1
	0.211218
PRED	O-SSM	55555
	OLIN	0
	0.683282	1
	0.761499
PRED	O-SSM	55555
	OLIN	0
	0.603542	1
	0.347307
PRED	O-SSM	55555
	OLIN	0
	0.761530	1
	1.227411
PRED	O-SSM	55555
	OLIN	0
	0.575444	1
	0.209327
PRED	O-SSM	55555
	OLIN	0
	0.615308	1
	0.406035
PRED	O-SSM	55555
	OLIN	0
	0.856954	1
	1.974812
PRED	O-SSM	55555
	OLIN	0
	0.841772	1
	1.833746
PRED	O-SSM	55555
	OLIN	0
	0.737951	1
	1.078037
PRED	O-SSM	55555
	OLIN	0
	0.672594	1
	0.703342
PRED	O-SSM	55555
	OLIN	0
	0.726803	1
	1.010459
PRED	O-SSM	55555
	SBL	1
	0.609605	1
	1.337602
PRED	O-SSM	55555
	SBL	1
	0.610313	1
	1.160529
PRED	O-SSM	55555
	SBL	1
	0.610175	1
	1.195065
PRED	O-SSM	55555
	SBL	1
	0.608288	1
	1.666657
PRED	O-SSM	55555
	SBL	1
	0.614501	1
	0.110844
PRED	O-SSM	55555
	SBL	1
	0.611489	1
	0.866138
PRED	O-SSM	55555
	SBL	1
	0.610329	1
	1.156671
PRED	O-SSM	55555
	SBL	1
	0.611069	1
	0.971421
PRED	O-SSM	55555
	SBL	1
	0.609301	1
	1.413565
PRED	O-SSM	55555
	SBL	1
	0.612206	1
	0.686642
PRED	O-SSM	55555
	SBL	1
	0.612522	1
	0.607335
PRED	O-SSM	55555
	SBL	1
	0.604835	1
	2.527287
PRED	O-SSM	55555
	SBL	0
	0.608408	1
	1.636541
PRED	O-SSM	55555
	SBL	0
	0.612830	1
	0.530294
PRED	O-SSM	55555
	SBL	0
	0.614253	1
	0.173145
PRED	O-SSM	55555
	SBL	0
	0.611526	1
	0.857086
PRED	O-SSM	55555
	SBL	0
	0.611092	1
	0.965719
PRED	O-SSM	55555
	SBL	0
	0.612749	1
	0.550500
PRED	O-SSM	55555
	SBL	0
	0.611226	1
	0.932065
PRED	O-SSM	55555
	SBL	0
	0.613280	1
	0.417332
PRED	O-SSM	55555
	SBL	0
	0.611718	1
	0.808964
PRED	O-SSM	55555
	SBL	0
	0.613529	1
	0.354833
PRED	O-SSM	55555
	SBL	0
	0.609226	1
	1.432304
PRED	O-SSM	55555
	SBL	0
	0.607773	1
	1.795020
PRED	O-SSM	55555
	LEUVEN_1	1
	0.528993	1
	0.840445
PRED	O-SSM	55555
	LEUVEN_1	1
	0.532924	1
	0.872137
PRED	O-SSM	55555
	LEUVEN_1	1
	0.576263	1
	1.224560
PRED	O-SSM	55555
	LEUVEN_1	1
	0.539232	1
	0.923052
PRED	O-SSM	55555
	LEUVEN_1	1
	0.531765	1
	0.862790
PRED	O-SSM	55555
	LEUVEN_1	1
	0.623756	1
	1.622165
PRED	O-SSM	55555
	LEUVEN_1	1
	0.450455	0
	0.208248
PRED	O-SSM	55555
	LEUVEN_1	1
	0.522852	1
	0.791003
PRED	O-SSM	55555
	LEUVEN_1	1
	0.506027	1
	0.655784
PRED	O-SSM	55555
	LEUVEN_1	1
	0.550651	1
	1.015487
PRED	O-SSM	55555
	LEUVEN_1	1
	0.542475	1
	0.949265
PRED	O-SSM	55555
	LEUVEN_1	1
	0.536695	1
	0.902561
PRED	O-SSM	55555
	LEUVEN_1	0
	0.635336	1
	1.721844
PRED	O-SSM	55555
	LEUVEN_1	0
	0.571682	1
	1.186956
PRED	O-SSM	55555
	LEUVEN_1	0
	0.475140	0
	0.407605
PRED	O-SSM	55555
	LEUVEN_1	0
	0.540713	1
	0.935021
PRED	O-SSM	55555
	LEUVEN_1	0
	0.571919	1
	1.188895
PRED	O-SSM	55555
	LEUVEN_1	0
	0.557201	1
	1.068702
PRED	O-SSM	55555
	LEUVEN_1	0
	0.490781	0
	0.533353
PRED	O-SSM	55555
	LEUVEN_1	0
	0.514080	1
	0.720475
PRED	O-SSM	55555
	LEUVEN_1	0
	0.521005	1
	0.776149
PRED	O-SSM	55555
	LEUVEN_1	0
	0.470862	0
	0.373157
PRED	O-SSM	55555
	LEUVEN_1	0
	0.508917	1
	0.678995
PRED	O-SSM	55555
	LEUVEN_1	0
	0.452200	0
	0.222398
PRED	O-SSM	55555
	SDSU	1
	0.362233	0
	0.399027
PRED	O-SSM	55555
	SDSU	1
	0.305038	0
	0.742868
PRED	O-SSM	55555
	SDSU	1
	0.330297	0
	0.587346
PRED	O-SSM	55555
	SDSU	1
	0.341137	0
	0.522492
PRED	O-SSM	55555
	SDSU	1
	0.189676	0
	1.581602
PRED	O-SSM	55555
	SDSU	1
	0.097687	0
	2.610276
PRED	O-SSM	55555
	SDSU	1
	0.381403	0
	0.289517
PRED	O-SSM	55555
	SDSU	1
	0.301484	0
	0.765308
PRED	O-SSM	55555
	SDSU	1
	0.204224	0
	1.458838
PRED	O-SSM	55555
	SDSU	1
	0.225477	0
	1.290653
PRED	O-SSM	55555
	SDSU	1
	0.287513	0
	0.855032
PRED	O-SSM	55555
	SDSU	1
	0.222744	0
	1.311621
PRED	O-SSM	55555
	SDSU	0
	0.219668	0
	1.335442
PRED	O-SSM	55555
	SDSU	0
	0.184538	0
	1.626669
PRED	O-SSM	55555
	SDSU	0
	0.406186	0
	0.150982
PRED	O-SSM	55555
	SDSU	0
	0.102230	0
	2.542904
PRED	O-SSM	55555
	SDSU	0
	0.298558	0
	0.783897
PRED	O-SSM	55555
	SDSU	0
	0.244210	0
	1.151516
PRED	O-SSM	55555
	SDSU	0
	0.331968	0
	0.577280
PRED	O-SSM	55555
	SDSU	0
	0.088049	0
	2.763028
PRED	O-SSM	55555
	SDSU	0
	0.246596	0
	1.134329
PRED	O-SSM	55555
	SDSU	0
	0.262050	0
	1.025585
PRED	O-SSM	55555
	SDSU	0
	0.276433	0
	0.928047
PRED	O-SSM	55555
	SDSU	0
	0.144110	0
	2.021115
PRED	O-SSM	55555
	CMU	1
	0.281212	0
	1.051649
PRED	O-SSM	55555
	CMU	1
	0.427505	0
	0.144493
PRED	O-SSM	55555
	CMU	1
	0.385573	0
	0.388567
PRED	O-SSM	55555
	CMU	1
	0.412733	0
	0.229592
PRED	O-SSM	55555
	CMU	1
	0.311742	0
	0.846100
PRED	O-SSM	55555
	CMU	1
	0.403334	0
	0.284199
PRED	O-SSM	55555
	CMU	1
	0.444090	0
	0.049822
PRED	O-SSM	55555
	CMU	1
	0.276594	0
	1.083879
PRED	O-SSM	55555
	CMU	1
	0.302526	0
	0.906882
PRED	O-SSM	55555
	CMU	1
	0.307882	0
	0.871438
PRED	O-SSM	55555
	CMU	1
	0.418176	0
	0.198139
PRED	O-SSM	55555
	CMU	1
	0.410336	0
	0.243484
PRED	O-SSM	55555
	CMU	0
	0.383851	0
	0.398772
PRED	O-SSM	55555
	CMU	0
	0.371964	0
	0.469738
PRED	O-SSM	55555
	CMU	0
	0.430436	0
	0.127702
PRED	O-SSM	55555
	CMU	0
	0.318150	0
	0.804422
PRED	O-SSM	55555
	CMU	0
	0.322898	0
	0.773823
PRED	O-SSM	55555
	CMU	0
	0.378140	0
	0.432757
PRED	O-SSM	55555
	CMU	0
	0.135116	0
	2.339946
PRED	O-SSM	55555
	CMU	0
	0.316759	0
	0.813428
PRED	O-SSM	55555
	CMU	0
	0.310437	0
	0.854647
PRED	O-SSM	55555
	CMU	0
	0.232921	0
	1.407309
PRED	O-SSM	55555
	CMU	0
	0.349781	0
	0.604746
PRED	O-SSM	55555
	CMU	0
	0.251044	0
	1.268602
PRED	O-SSM	55555
	UCLA_2	1
	0.695674	1
	0.855525
PRED	O-SSM	55555
	UCLA_2	1
	0.738701	1
	1.172000
PRED	O-SSM	55555
	UCLA_2	1
	0.745783	1
	1.227141
PRED	O-SSM	55555
	UCLA_2	1
	0.724133	1
	1.061507
PRED	O-SSM	55555
	UCLA_2	1
	0.593557	1
	0.188023
PRED	O-SSM	55555
	UCLA_2	1
	0.683143	1
	0.768337
PRED	O-SSM	55555
	UCLA_2	1
	0.651838	1
	0.558111
PRED	O-SSM	55555
	UCLA_2	1
	0.728263	1
	1.092450
PRED	O-SSM	55555
	UCLA_2	1
	0.757516	1
	1.320789
PRED	O-SSM	55555
	UCLA_2	1
	0.666663	1
	0.656433
PRED	O-SSM	55555
	UCLA_2	1
	0.757174	1
	1.318016
PRED	O-SSM	55555
	UCLA_2	1
	0.740663	1
	1.187176
PRED	O-SSM	55555
	UCLA_2	0
	0.621389	1
	0.361951
PRED	O-SSM	55555
	UCLA_2	0
	0.712610	1
	0.976651
PRED	O-SSM	55555
	UCLA_2	0
	0.623941	1
	0.378134
PRED	O-SSM	55555
	UCLA_2	0
	0.676257	1
	0.721220
PRED	O-SSM	55555
	UCLA_2	0
	0.721814	1
	1.044256
PRED	O-SSM	55555
	UCLA_2	0
	0.644377	1
	0.509374
PRED	O-SSM	55555
	UCLA_2	0
	0.754648	1
	1.297621
PRED	O-SSM	55555
	UCLA_2	0
	0.695105	1
	0.851523
PRED	O-SSM	55555
	UCLA_2	0
	0.775957	1
	1.474442
PRED	O-SSM	55555
	UCLA_2	0
	0.793695	1
	1.630982
PRED	O-SSM	55555
	UCLA_2	0
	0.792534	1
	1.620448
PRED	O-SSM	55555
	UCLA_2	0
	0.769800	1
	1.422192
PRED	O-SSM	55555
	UM_2	1
	0.389995	0
	2.637236
PRED	O-SSM	55555
	UM_2	1
	0.391255	0
	0.901494
PRED	O-SSM	55555
	UM_2	1
	0.391820	0
	0.125189
PRED	O-SSM	55555
	UM_2	1
	0.391401	0
	0.701344
PRED	O-SSM	55555
	UM_2	1
	0.391016	0
	1.230634
PRED	O-SSM	55555
	UM_2	1
	0.391345	0
	0.778525
PRED	O-SSM	55555
	UM_2	1
	0.391220	0
	0.950198
PRED	O-SSM	55555
	UM_2	1
	0.391335	0
	0.791824
PRED	O-SSM	55555
	UM_2	1
	0.390429	0
	2.039114
PRED	O-SSM	55555
	UM_2	1
	0.391142	0
	1.057142
PRED	O-SSM	55555
	UM_2	1
	0.391603	0
	0.423308
PRED	O-SSM	55555
	UM_2	1
	0.391628	0
	0.389357
PRED	O-SSM	55555
	UM_2	0
	0.390901	0
	1.389503
PRED	O-SSM	55555
	UM_2	0
	0.391656	0
	0.350681
PRED	O-SSM	55555
	UM_2	0
	0.391670	0
	0.331413
PRED	O-SSM	55555
	UM_2	0
	0.391113	0
	1.097497
PRED	O-SSM	55555
	UM_2	0
	0.390733	0
	1.621477
PRED	O-SSM	55555
	UM_2	0
	0.390958	0
	1.310707
PRED	O-SSM	55555
	UM_2	0
	0.390618	0
	1.779182
PRED	O-SSM	55555
	UM_2	0
	0.391284	0
	0.862151
PRED	O-SSM	55555
	UM_2	0
	0.391562	0
	0.479924
PRED	O-SSM	55555
	UM_2	0
	0.391681	0
	0.316064
PRED	O-SSM	55555
	UM_2	0
	0.391297	0
	0.843820
PRED	O-SSM	55555
	UM_2	0
	0.391336	0
	0.791221
PRED	O-SSM	55555
	OHSU	1
	0.541485	1
	1.465784
PRED	O-SSM	55555
	OHSU	1
	0.457458	0
	0.758419
PRED	O-SSM	55555
	OHSU	1
	0.610715	1
	2.062058
PRED	O-SSM	55555
	OHSU	1
	0.500427	1
	1.120156
PRED	O-SSM	55555
	OHSU	1
	0.469160	0
	0.857234
PRED	O-SSM	55555
	OHSU	1
	0.446782	0
	0.667921
PRED	O-SSM	55555
	OHSU	1
	0.509064	1
	1.192703
PRED	O-SSM	55555
	OHSU	1
	0.466621	0
	0.835824
PRED	O-SSM	55555
	OHSU	1
	0.484008	0
	0.982214
PRED	O-SSM	55555
	OHSU	1
	0.536029	1
	1.419684
PRED	O-SSM	55555
	OHSU	1
	0.497925	0
	1.099139
PRED	O-SSM	55555
	OHSU	1
	0.424390	0
	0.476657
PRED	O-SSM	55555
	OHSU	0
	0.500055	1
	1.117029
PRED	O-SSM	55555
	OHSU	0
	0.529940	1
	1.368321
PRED	O-SSM	55555
	OHSU	0
	0.717732	1
	3.076007
PRED	O-SSM	55555
	OHSU	0
	0.553526	1
	1.567834
PRED	O-SSM	55555
	OHSU	0
	0.374210	0
	0.036957
PRED	O-SSM	55555
	OHSU	0
	0.539059	1
	1.445276
PRED	O-SSM	55555
	OHSU	0
	0.419634	0
	0.435715
PRED	O-SSM	55555
	OHSU	0
	0.523917	1
	1.317589
PRED	O-SSM	55555
	OHSU	0
	0.441859	0
	0.626055
PRED	O-SSM	55555
	OHSU	0
	0.533918	1
	1.401863
PRED	O-SSM	55555
	OHSU	0
	0.482190	0
	0.966927
PRED	O-SSM	55555
	OHSU	0
	0.399241	0
	0.258607
  O-SSM    55555
   acc=50.200000% bal=50.208333% sites=20
/20
 test_n=500
 assoc=0.997625
PRED	O-SSM	11111
	NYU	1
	0.216364	0
	0.361746
PRED	O-SSM	11111
	NYU	1
	0.216355	0
	0.379762
PRED	O-SSM	11111
	NYU	1
	0.216339	0
	0.412674
PRED	O-SSM	11111
	NYU	1
	0.216208	0
	0.673593
PRED	O-SSM	11111
	NYU	1
	0.215750	0
	1.590574
PRED	O-SSM	11111
	NYU	1
	0.215812	0
	1.467667
PRED	O-SSM	11111
	NYU	1
	0.215844	0
	1.403340
PRED	O-SSM	11111
	NYU	1
	0.215992	0
	1.106127
PRED	O-SSM	11111
	NYU	1
	0.216248	0
	0.594202
PRED	O-SSM	11111
	NYU	1
	0.215722	0
	1.646328
PRED	O-SSM	11111
	NYU	1
	0.216284	0
	0.522801
PRED	O-SSM	11111
	NYU	1
	0.215974	0
	1.142225
PRED	O-SSM	11111
	NYU	1
	0.215981	0
	1.127590
PRED	O-SSM	11111
	NYU	0
	0.215764	0
	1.563332
PRED	O-SSM	11111
	NYU	0
	0.216170	0
	0.750208
PRED	O-SSM	11111
	NYU	0
	0.215902	0
	1.286943
PRED	O-SSM	11111
	NYU	0
	0.215881	0
	1.329475
PRED	O-SSM	11111
	NYU	0
	0.216310	0
	0.470944
PRED	O-SSM	11111
	NYU	0
	0.216012	0
	1.065379
PRED	O-SSM	11111
	NYU	0
	0.215831	0
	1.427930
PRED	O-SSM	11111
	NYU	0
	0.216005	0
	1.080219
PRED	O-SSM	11111
	NYU	0
	0.215384	0
	2.324053
PRED	O-SSM	11111
	NYU	0
	0.216311	0
	0.467908
PRED	O-SSM	11111
	NYU	0
	0.216415	0
	0.260808
PRED	O-SSM	11111
	NYU	0
	0.216220	0
	0.649866
PRED	O-SSM	11111
	NYU	0
	0.216117	0
	0.856165
PRED	O-SSM	11111
	UM_1	1
	0.559102	1
	1.373215
PRED	O-SSM	11111
	UM_1	1
	0.551004	1
	1.514710
PRED	O-SSM	11111
	UM_1	1
	0.600839	1
	0.633318
PRED	O-SSM	11111
	UM_1	1
	0.566951	1
	1.235520
PRED	O-SSM	11111
	UM_1	1
	0.623604	1
	0.219405
PRED	O-SSM	11111
	UM_1	1
	0.578673	1
	1.028776
PRED	O-SSM	11111
	UM_1	1
	0.608327	1
	0.498149
PRED	O-SSM	11111
	UM_1	1
	0.609691	1
	0.473419
PRED	O-SSM	11111
	UM_1	1
	0.538840	1
	1.726417
PRED	O-SSM	11111
	UM_1	1
	0.531330	1
	1.856702
PRED	O-SSM	11111
	UM_1	1
	0.583245	1
	0.947723
PRED	O-SSM	11111
	UM_1	1
	0.589619	1
	0.834302
PRED	O-SSM	11111
	UM_1	1
	0.584883	1
	0.918620
PRED	O-SSM	11111
	UM_1	0
	0.584947	1
	0.917482
PRED	O-SSM	11111
	UM_1	0
	0.631014	1
	0.082605
PRED	O-SSM	11111
	UM_1	0
	0.578037	1
	1.040024
PRED	O-SSM	11111
	UM_1	0
	0.588252	1
	0.858679
PRED	O-SSM	11111
	UM_1	0
	0.563916	1
	1.288828
PRED	O-SSM	11111
	UM_1	0
	0.579258	1
	1.018423
PRED	O-SSM	11111
	UM_1	0
	0.573767	1
	1.115486
PRED	O-SSM	11111
	UM_1	0
	0.588358	1
	0.856781
PRED	O-SSM	11111
	UM_1	0
	0.571407	1
	1.157100
PRED	O-SSM	11111
	UM_1	0
	0.554429	1
	1.454920
PRED	O-SSM	11111
	UM_1	0
	0.571215	1
	1.160481
PRED	O-SSM	11111
	UM_1	0
	0.569852	1
	1.184485
PRED	O-SSM	11111
	UM_1	0
	0.613568	1
	0.402986
PRED	O-SSM	11111
	UCLA_1	1
	0.556312	1
	1.570509
PRED	O-SSM	11111
	UCLA_1	1
	0.589568	1
	1.297358
PRED	O-SSM	11111
	UCLA_1	1
	0.600244	1
	1.208365
PRED	O-SSM	11111
	UCLA_1	1
	0.678090	1
	0.528316
PRED	O-SSM	11111
	UCLA_1	1
	0.577653	1
	1.395863
PRED	O-SSM	11111
	UCLA_1	1
	0.624445	1
	1.003506
PRED	O-SSM	11111
	UCLA_1	1
	0.694068	1
	0.379265
PRED	O-SSM	11111
	UCLA_1	1
	0.606693	1
	1.154226
PRED	O-SSM	11111
	UCLA_1	1
	0.626713	1
	0.984058
PRED	O-SSM	11111
	UCLA_1	1
	0.655390	1
	0.733609
PRED	O-SSM	11111
	UCLA_1	1
	0.309739	0
	3.634677
PRED	O-SSM	11111
	UCLA_1	1
	0.660614	1
	0.686972
PRED	O-SSM	11111
	UCLA_1	1
	0.589534	1
	1.297645
PRED	O-SSM	11111
	UCLA_1	0
	0.645573	1
	0.820349
PRED	O-SSM	11111
	UCLA_1	0
	0.536127	1
	1.734122
PRED	O-SSM	11111
	UCLA_1	0
	0.669315	1
	0.608515
PRED	O-SSM	11111
	UCLA_1	0
	0.546017	1
	1.654112
PRED	O-SSM	11111
	UCLA_1	0
	0.630183	1
	0.954206
PRED	O-SSM	11111
	UCLA_1	0
	0.661148	1
	0.682182
PRED	O-SSM	11111
	UCLA_1	0
	0.487116	0
	2.128471
PRED	O-SSM	11111
	UCLA_1	0
	0.543740	1
	1.672555
PRED	O-SSM	11111
	UCLA_1	0
	0.600821	1
	1.203529
PRED	O-SSM	11111
	UCLA_1	0
	0.662423	1
	0.670744
PRED	O-SSM	11111
	UCLA_1	0
	0.554918	1
	1.581843
PRED	O-SSM	11111
	UCLA_1	0
	0.659117	1
	0.700365
PRED	O-SSM	11111
	UCLA_1	0
	0.670359	1
	0.599032
PRED	O-SSM	11111
	YALE	1
	0.296264	0
	1.045962
PRED	O-SSM	11111
	YALE	1
	0.338255	0
	0.566431
PRED	O-SSM	11111
	YALE	1
	0.339737	0
	0.550085
PRED	O-SSM	11111
	YALE	1
	0.298676	0
	1.017443
PRED	O-SSM	11111
	YALE	1
	0.380289	0
	0.114855
PRED	O-SSM	11111
	YALE	1
	0.260983	0
	1.480123
PRED	O-SSM	11111
	YALE	1
	0.313627	0
	0.843500
PRED	O-SSM	11111
	YALE	1
	0.310782	0
	0.876245
PRED	O-SSM	11111
	YALE	1
	0.354555	0
	0.388516
PRED	O-SSM	11111
	YALE	1
	0.292668	0
	1.088724
PRED	O-SSM	11111
	YALE	1
	0.319981	0
	0.770965
PRED	O-SSM	11111
	YALE	1
	0.298758	0
	1.016470
PRED	O-SSM	11111
	YALE	1
	0.353039	0
	0.404906
PRED	O-SSM	11111
	YALE	0
	0.372437	0
	0.197522
PRED	O-SSM	11111
	YALE	0
	0.333212	0
	0.622303
PRED	O-SSM	11111
	YALE	0
	0.305813	0
	0.933819
PRED	O-SSM	11111
	YALE	0
	0.379914	0
	0.118787
PRED	O-SSM	11111
	YALE	0
	0.251274	0
	1.606048
PRED	O-SSM	11111
	YALE	0
	0.184540	0
	2.579706
PRED	O-SSM	11111
	YALE	0
	0.315511	0
	0.821911
PRED	O-SSM	11111
	YALE	0
	0.338774	0
	0.560705
PRED	O-SSM	11111
	YALE	0
	0.320287	0
	0.767492
PRED	O-SSM	11111
	YALE	0
	0.279708	0
	1.245505
PRED	O-SSM	11111
	YALE	0
	0.088386	0
	4.674062
PRED	O-SSM	11111
	YALE	0
	0.321980	0
	0.748301
PRED	O-SSM	11111
	YALE	0
	0.287040	0
	1.156282
PRED	O-SSM	11111
	PITT	1
	0.425642	0
	0.828215
PRED	O-SSM	11111
	PITT	1
	0.378472	0
	1.232741
PRED	O-SSM	11111
	PITT	1
	0.392860	0
	1.107645
PRED	O-SSM	11111
	PITT	1
	0.414929	0
	0.918792
PRED	O-SSM	11111
	PITT	1
	0.382453	0
	1.197951
PRED	O-SSM	11111
	PITT	1
	0.388941	0
	1.141546
PRED	O-SSM	11111
	PITT	1
	0.490643	0
	0.288071
PRED	O-SSM	11111
	PITT	1
	0.391154	0
	1.122382
PRED	O-SSM	11111
	PITT	1
	0.306569	0
	1.892246
PRED	O-SSM	11111
	PITT	1
	0.369452	0
	1.312109
PRED	O-SSM	11111
	PITT	1
	0.361931	0
	1.378895
PRED	O-SSM	11111
	PITT	1
	0.429651	0
	0.794477
PRED	O-SSM	11111
	PITT	1
	0.498806	0
	0.220810
PRED	O-SSM	11111
	PITT	0
	0.371966	0
	1.289907
PRED	O-SSM	11111
	PITT	0
	0.428937	0
	0.800484
PRED	O-SSM	11111
	PITT	0
	0.351806	0
	1.469774
PRED	O-SSM	11111
	PITT	0
	0.432046	0
	0.774358
PRED	O-SSM	11111
	PITT	0
	0.445396	0
	0.662675
PRED	O-SSM	11111
	PITT	0
	0.394557	0
	1.092999
PRED	O-SSM	11111
	PITT	0
	0.454598	0
	0.586087
PRED	O-SSM	11111
	PITT	0
	0.403820	0
	1.013435
PRED	O-SSM	11111
	PITT	0
	0.410318	0
	0.957983
PRED	O-SSM	11111
	PITT	0
	0.399082	0
	1.054051
PRED	O-SSM	11111
	PITT	0
	0.393766	0
	1.099819
PRED	O-SSM	11111
	PITT	0
	0.388168	0
	1.148246
PRED	O-SSM	11111
	PITT	0
	0.365544	0
	1.346743
PRED	O-SSM	11111
	USM	1
	0.559491	1
	0.363275
PRED	O-SSM	11111
	USM	1
	0.660557	1
	0.719675
PRED	O-SSM	11111
	USM	1
	0.543668	1
	0.309834
PRED	O-SSM	11111
	USM	1
	0.858089	1
	1.666670
PRED	O-SSM	11111
	USM	1
	0.832277	1
	1.501574
PRED	O-SSM	11111
	USM	1
	0.865608	1
	1.719431
PRED	O-SSM	11111
	USM	1
	0.578983	1
	0.429680
PRED	O-SSM	11111
	USM	1
	0.729001	1
	0.990130
PRED	O-SSM	11111
	USM	1
	0.744395	1
	1.056432
PRED	O-SSM	11111
	USM	1
	0.713477	1
	0.925622
PRED	O-SSM	11111
	USM	1
	0.562791	1
	0.374468
PRED	O-SSM	11111
	USM	1
	0.552469	1
	0.339513
PRED	O-SSM	11111
	USM	1
	0.831972	1
	1.499750
PRED	O-SSM	11111
	USM	0
	0.498061	0
	0.157080
PRED	O-SSM	11111
	USM	0
	0.650549	1
	0.682653
PRED	O-SSM	11111
	USM	0
	0.840026	1
	1.548821
PRED	O-SSM	11111
	USM	0
	0.590743	1
	0.470142
PRED	O-SSM	11111
	USM	0
	0.796333	1
	1.302505
PRED	O-SSM	11111
	USM	0
	0.805714	1
	1.351675
PRED	O-SSM	11111
	USM	0
	0.688771	1
	0.827099
PRED	O-SSM	11111
	USM	0
	0.675858	1
	0.777332
PRED	O-SSM	11111
	USM	0
	0.503316	1
	0.174637
PRED	O-SSM	11111
	USM	0
	0.526315	1
	0.251563
PRED	O-SSM	11111
	USM	0
	0.692165	1
	0.840360
PRED	O-SSM	11111
	USM	0
	0.563870	1
	0.378132
PRED	O-SSM	11111
	USM	0
	0.612124	1
	0.544660
PRED	O-SSM	11111
	MAX_MUN	1
	0.540758	1
	0.156961
PRED	O-SSM	11111
	MAX_MUN	1
	0.376936	0
	0.658682
PRED	O-SSM	11111
	MAX_MUN	1
	0.202547	0
	1.312515
PRED	O-SSM	11111
	MAX_MUN	1
	0.421772	0
	0.517747
PRED	O-SSM	11111
	MAX_MUN	1
	0.209205	0
	1.281834
PRED	O-SSM	11111
	MAX_MUN	1
	0.191115	0
	1.367004
PRED	O-SSM	11111
	MAX_MUN	1
	0.497755	0
	0.286822
PRED	O-SSM	11111
	MAX_MUN	1
	0.419587	0
	0.524503
PRED	O-SSM	11111
	MAX_MUN	1
	0.315260	0
	0.864402
PRED	O-SSM	11111
	MAX_MUN	1
	0.511712	1
	0.244757
PRED	O-SSM	11111
	MAX_MUN	1
	0.175219	0
	1.447088
PRED	O-SSM	11111
	MAX_MUN	1
	0.199575	0
	1.326454
PRED	O-SSM	11111
	MAX_MUN	1
	0.087147	0
	2.049705
PRED	O-SSM	11111
	MAX_MUN	0
	0.290207	0
	0.953854
PRED	O-SSM	11111
	MAX_MUN	0
	0.380808	0
	0.646285
PRED	O-SSM	11111
	MAX_MUN	0
	0.129480	0
	1.715651
PRED	O-SSM	11111
	MAX_MUN	0
	0.374360	0
	0.666955
PRED	O-SSM	11111
	MAX_MUN	0
	0.244984	0
	1.128012
PRED	O-SSM	11111
	MAX_MUN	0
	0.170255	0
	1.473261
PRED	O-SSM	11111
	MAX_MUN	0
	0.112675	0
	1.834793
PRED	O-SSM	11111
	MAX_MUN	0
	0.205977	0
	1.296616
PRED	O-SSM	11111
	MAX_MUN	0
	0.246582	0
	1.121514
PRED	O-SSM	11111
	MAX_MUN	0
	0.201581	0
	1.317028
PRED	O-SSM	11111
	MAX_MUN	0
	0.155472	0
	1.554995
PRED	O-SSM	11111
	MAX_MUN	0
	0.132297	0
	1.696994
PRED	O-SSM	11111
	MAX_MUN	0
	0.251011	0
	1.103664
PRED	O-SSM	11111
	TRINITY	1
	0.288508	0
	1.672081
PRED	O-SSM	11111
	TRINITY	1
	0.352626	0
	0.760772
PRED	O-SSM	11111
	TRINITY	1
	0.297696	0
	1.535135
PRED	O-SSM	11111
	TRINITY	1
	0.309324	0
	1.365274
PRED	O-SSM	11111
	TRINITY	1
	0.324684	0
	1.146177
PRED	O-SSM	11111
	TRINITY	1
	0.335193	0
	0.999380
PRED	O-SSM	11111
	TRINITY	1
	0.335765	0
	0.991458
PRED	O-SSM	11111
	TRINITY	1
	0.358688	0
	0.679093
PRED	O-SSM	11111
	TRINITY	1
	0.270699	0
	1.945151
PRED	O-SSM	11111
	TRINITY	1
	0.313857	0
	1.300014
PRED	O-SSM	11111
	TRINITY	1
	0.294208	0
	1.586828
PRED	O-SSM	11111
	TRINITY	1
	0.347169	0
	0.834861
PRED	O-SSM	11111
	TRINITY	1
	0.331277	0
	1.053811
PRED	O-SSM	11111
	TRINITY	0
	0.368133	0
	0.553027
PRED	O-SSM	11111
	TRINITY	0
	0.362581	0
	0.626963
PRED	O-SSM	11111
	TRINITY	0
	0.307727	0
	1.388391
PRED	O-SSM	11111
	TRINITY	0
	0.350031	0
	0.795936
PRED	O-SSM	11111
	TRINITY	0
	0.380294	0
	0.392655
PRED	O-SSM	11111
	TRINITY	0
	0.324273	0
	1.151972
PRED	O-SSM	11111
	TRINITY	0
	0.386553	0
	0.310900
PRED	O-SSM	11111
	TRINITY	0
	0.344901	0
	0.865798
PRED	O-SSM	11111
	TRINITY	0
	0.378649	0
	0.414232
PRED	O-SSM	11111
	TRINITY	0
	0.294253	0
	1.586158
PRED	O-SSM	11111
	TRINITY	0
	0.270312	0
	1.951211
PRED	O-SSM	11111
	TRINITY	0
	0.334081	0
	1.014806
PRED	O-SSM	11111
	TRINITY	0
	0.333642	0
	1.020903
PRED	O-SSM	11111
	KKI	1
	0.500745	1
	1.261916
PRED	O-SSM	11111
	KKI	1
	0.495102	0
	1.026110
PRED	O-SSM	11111
	KKI	1
	0.486487	0
	0.666041
PRED	O-SSM	11111
	KKI	1
	0.492922	0
	0.935033
PRED	O-SSM	11111
	KKI	1
	0.487981	0
	0.728486
PRED	O-SSM	11111
	KKI	1
	0.510305	1
	1.661425
PRED	O-SSM	11111
	KKI	1
	0.503565	1
	1.379763
PRED	O-SSM	11111
	KKI	1
	0.507430	1
	1.541262
PRED	O-SSM	11111
	KKI	1
	0.509620	1
	1.632823
PRED	O-SSM	11111
	KKI	1
	0.497639	0
	1.132156
PRED	O-SSM	11111
	KKI	1
	0.511150	1
	1.696756
PRED	O-SSM	11111
	KKI	1
	0.481751	0
	0.467938
PRED	O-SSM	11111
	KKI	1
	0.477779	0
	0.301684
PRED	O-SSM	11111
	KKI	0
	0.504192	1
	1.405936
PRED	O-SSM	11111
	KKI	0
	0.502297	1
	1.326786
PRED	O-SSM	11111
	KKI	0
	0.512485	1
	1.752568
PRED	O-SSM	11111
	KKI	0
	0.516635	1
	1.926132
PRED	O-SSM	11111
	KKI	0
	0.491947	0
	0.894294
PRED	O-SSM	11111
	KKI	0
	0.478504	0
	0.332061
PRED	O-SSM	11111
	KKI	0
	0.496473	0
	1.083410
PRED	O-SSM	11111
	KKI	0
	0.497724	0
	1.135674
PRED	O-SSM	11111
	KKI	0
	0.478375	0
	0.326649
PRED	O-SSM	11111
	KKI	0
	0.478222	0
	0.320216
PRED	O-SSM	11111
	KKI	0
	0.496415	0
	1.080993
PRED	O-SSM	11111
	KKI	0
	0.488082	0
	0.732699
PRED	O-SSM	11111
	KKI	0
	0.494950	0
	1.019781
PRED	O-SSM	11111
	STANFORD	1
	0.260249	0
	1.221440
PRED	O-SSM	11111
	STANFORD	1
	0.259795	0
	1.224145
PRED	O-SSM	11111
	STANFORD	1
	0.019685	0
	4.503881
PRED	O-SSM	11111
	STANFORD	1
	0.154357	0
	1.973627
PRED	O-SSM	11111
	STANFORD	1
	0.303156	0
	0.977995
PRED	O-SSM	11111
	STANFORD	1
	0.227203	0
	1.427209
PRED	O-SSM	11111
	STANFORD	1
	0.361185	0
	0.677546
PRED	O-SSM	11111
	STANFORD	1
	0.303160	0
	0.977974
PRED	O-SSM	11111
	STANFORD	1
	0.247145	0
	1.300793
PRED	O-SSM	11111
	STANFORD	1
	0.232185	0
	1.394931
PRED	O-SSM	11111
	STANFORD	1
	0.193415	0
	1.660836
PRED	O-SSM	11111
	STANFORD	1
	0.419980	0
	0.393968
PRED	O-SSM	11111
	STANFORD	1
	0.460436	0
	0.205657
PRED	O-SSM	11111
	STANFORD	0
	0.324529	0
	0.864183
PRED	O-SSM	11111
	STANFORD	0
	0.291868	0
	1.039913
PRED	O-SSM	11111
	STANFORD	0
	0.397507	0
	0.500590
PRED	O-SSM	11111
	STANFORD	0
	0.334280	0
	0.813577
PRED	O-SSM	11111
	STANFORD	0
	0.237145	0
	1.363267
PRED	O-SSM	11111
	STANFORD	0
	0.231268	0
	1.400835
PRED	O-SSM	11111
	STANFORD	0
	0.492743	0
	0.057139
PRED	O-SSM	11111
	STANFORD	0
	0.322988	0
	0.872255
PRED	O-SSM	11111
	STANFORD	0
	0.270797	0
	1.159428
PRED	O-SSM	11111
	STANFORD	0
	0.423338	0
	0.378182
PRED	O-SSM	11111
	STANFORD	0
	0.346188	0
	0.752760
PRED	O-SSM	11111
	STANFORD	0
	0.292235	0
	1.037881
PRED	O-SSM	11111
	STANFORD	0
	0.315597	0
	0.911240
PRED	O-SSM	11111
	CALTECH	1
	0.539863	1
	0.540313
PRED	O-SSM	11111
	CALTECH	1
	0.523974	1
	0.677579
PRED	O-SSM	11111
	CALTECH	1
	0.549994	1
	0.452438
PRED	O-SSM	11111
	CALTECH	1
	0.548940	1
	0.461595
PRED	O-SSM	11111
	CALTECH	1
	0.507571	1
	0.818848
PRED	O-SSM	11111
	CALTECH	1
	0.455040	0
	1.271828
PRED	O-SSM	11111
	CALTECH	1
	0.525431	1
	0.665010
PRED	O-SSM	11111
	CALTECH	1
	0.476677	0
	1.084779
PRED	O-SSM	11111
	CALTECH	1
	0.580372	1
	0.186485
PRED	O-SSM	11111
	CALTECH	1
	0.393789	0
	1.811861
PRED	O-SSM	11111
	CALTECH	1
	0.497055	0
	0.909325
PRED	O-SSM	11111
	CALTECH	1
	0.572670	1
	0.254338
PRED	O-SSM	11111
	CALTECH	0
	0.494919	0
	0.927700
PRED	O-SSM	11111
	CALTECH	0
	0.506481	1
	0.828223
PRED	O-SSM	11111
	CALTECH	0
	0.589774	1
	0.103189
PRED	O-SSM	11111
	CALTECH	0
	0.505495	1
	0.836710
PRED	O-SSM	11111
	CALTECH	0
	0.479853	0
	1.057401
PRED	O-SSM	11111
	CALTECH	0
	0.464480	0
	1.190084
PRED	O-SSM	11111
	CALTECH	0
	0.370426	0
	2.024738
PRED	O-SSM	11111
	CALTECH	0
	0.585944	1
	0.137184
PRED	O-SSM	11111
	CALTECH	0
	0.537279	1
	0.562676
PRED	O-SSM	11111
	CALTECH	0
	0.466723	0
	1.170695
PRED	O-SSM	11111
	CALTECH	0
	0.465600	0
	1.180403
PRED	O-SSM	11111
	CALTECH	0
	0.570280	1
	0.275325
PRED	O-SSM	11111
	LEUVEN_2	1
	0.738977	1
	1.710623
PRED	O-SSM	11111
	LEUVEN_2	1
	0.693370	1
	1.068382
PRED	O-SSM	11111
	LEUVEN_2	1
	0.636991	1
	0.343680
PRED	O-SSM	11111
	LEUVEN_2	1
	0.691898	1
	1.048627
PRED	O-SSM	11111
	LEUVEN_2	1
	0.644374	1
	0.435332
PRED	O-SSM	11111
	LEUVEN_2	1
	0.709290	1
	1.285614
PRED	O-SSM	11111
	LEUVEN_2	1
	0.681891	1
	0.915653
PRED	O-SSM	11111
	LEUVEN_2	1
	0.658197	1
	0.609284
PRED	O-SSM	11111
	LEUVEN_2	1
	0.689337	1
	1.014376
PRED	O-SSM	11111
	LEUVEN_2	1
	0.712852	1
	1.335171
PRED	O-SSM	11111
	LEUVEN_2	1
	0.652802	1
	0.541008
PRED	O-SSM	11111
	LEUVEN_2	1
	0.699461	1
	1.150719
PRED	O-SSM	11111
	LEUVEN_2	0
	0.721211	1
	1.452907
PRED	O-SSM	11111
	LEUVEN_2	0
	0.706837	1
	1.251705
PRED	O-SSM	11111
	LEUVEN_2	0
	0.706902	1
	1.252606
PRED	O-SSM	11111
	LEUVEN_2	0
	0.712922	1
	1.336146
PRED	O-SSM	11111
	LEUVEN_2	0
	0.632930	1
	0.293615
PRED	O-SSM	11111
	LEUVEN_2	0
	0.628286	1
	0.236637
PRED	O-SSM	11111
	LEUVEN_2	0
	0.719381	1
	1.426946
PRED	O-SSM	11111
	LEUVEN_2	0
	0.634555	1
	0.313619
PRED	O-SSM	11111
	LEUVEN_2	0
	0.755322	1
	1.957938
PRED	O-SSM	11111
	LEUVEN_2	0
	0.689465	1
	1.016083
PRED	O-SSM	11111
	LEUVEN_2	0
	0.700961	1
	1.171144
PRED	O-SSM	11111
	LEUVEN_2	0
	0.649995	1
	0.505684
PRED	O-SSM	11111
	OLIN	1
	0.557223	1
	1.179322
PRED	O-SSM	11111
	OLIN	1
	0.516049	1
	0.159292
PRED	O-SSM	11111
	OLIN	1
	0.519596	1
	0.246753
PRED	O-SSM	11111
	OLIN	1
	0.521891	1
	0.303368
PRED	O-SSM	11111
	OLIN	1
	0.518907	1
	0.229745
PRED	O-SSM	11111
	OLIN	1
	0.527316	1
	0.437291
PRED	O-SSM	11111
	OLIN	1
	0.533674	1
	0.594442
PRED	O-SSM	11111
	OLIN	1
	0.572786	1
	1.569225
PRED	O-SSM	11111
	OLIN	1
	0.538220	1
	0.706986
PRED	O-SSM	11111
	OLIN	1
	0.515771	1
	0.152434
PRED	O-SSM	11111
	OLIN	1
	0.518086	1
	0.209510
PRED	O-SSM	11111
	OLIN	1
	0.576394	1
	1.660099
PRED	O-SSM	11111
	OLIN	0
	0.581797	1
	1.796580
PRED	O-SSM	11111
	OLIN	0
	0.517077	1
	0.184614
PRED	O-SSM	11111
	OLIN	0
	0.541288	1
	0.783016
PRED	O-SSM	11111
	OLIN	0
	0.526748	1
	0.423245
PRED	O-SSM	11111
	OLIN	0
	0.569801	1
	1.494187
PRED	O-SSM	11111
	OLIN	0
	0.517251	1
	0.188911
PRED	O-SSM	11111
	OLIN	0
	0.523726	1
	0.348645
PRED	O-SSM	11111
	OLIN	0
	0.582825	1
	1.822597
PRED	O-SSM	11111
	OLIN	0
	0.573439	1
	1.585648
PRED	O-SSM	11111
	OLIN	0
	0.552846	1
	1.070227
PRED	O-SSM	11111
	OLIN	0
	0.543682	1
	0.842405
PRED	O-SSM	11111
	OLIN	0
	0.546930	1
	0.923068
PRED	O-SSM	11111
	SBL	1
	0.283156	0
	1.263482
PRED	O-SSM	11111
	SBL	1
	0.265992	0
	1.426977
PRED	O-SSM	11111
	SBL	1
	0.300266	0
	1.106369
PRED	O-SSM	11111
	SBL	1
	0.252291	0
	1.562373
PRED	O-SSM	11111
	SBL	1
	0.410157	0
	0.190726
PRED	O-SSM	11111
	SBL	1
	0.304718	0
	1.066341
PRED	O-SSM	11111
	SBL	1
	0.291291	0
	1.188109
PRED	O-SSM	11111
	SBL	1
	0.231156	0
	1.781205
PRED	O-SSM	11111
	SBL	1
	0.298801	0
	1.119615
PRED	O-SSM	11111
	SBL	1
	0.352054	0
	0.658696
PRED	O-SSM	11111
	SBL	1
	0.401378	0
	0.259793
PRED	O-SSM	11111
	SBL	1
	0.246408	0
	1.621996
PRED	O-SSM	11111
	SBL	0
	0.237899	0
	1.709947
PRED	O-SSM	11111
	SBL	0
	0.356217	0
	0.624171
PRED	O-SSM	11111
	SBL	0
	0.395341	0
	0.307576
PRED	O-SSM	11111
	SBL	0
	0.252752	0
	1.557738
PRED	O-SSM	11111
	SBL	0
	0.306399	0
	1.051313
PRED	O-SSM	11111
	SBL	0
	0.361648	0
	0.579399
PRED	O-SSM	11111
	SBL	0
	0.377589	0
	0.449612
PRED	O-SSM	11111
	SBL	0
	0.364514	0
	0.555887
PRED	O-SSM	11111
	SBL	0
	0.313153	0
	0.991394
PRED	O-SSM	11111
	SBL	0
	0.349840	0
	0.677136
PRED	O-SSM	11111
	SBL	0
	0.273501	0
	1.354665
PRED	O-SSM	11111
	SBL	0
	0.261055	0
	1.475234
PRED	O-SSM	11111
	LEUVEN_1	1
	0.687862	1
	1.081659
PRED	O-SSM	11111
	LEUVEN_1	1
	0.681938	1
	0.643465
PRED	O-SSM	11111
	LEUVEN_1	1
	0.692019	1
	1.391819
PRED	O-SSM	11111
	LEUVEN_1	1
	0.686953	1
	1.014116
PRED	O-SSM	11111
	LEUVEN_1	1
	0.689494	1
	1.203135
PRED	O-SSM	11111
	LEUVEN_1	1
	0.689713	1
	1.219485
PRED	O-SSM	11111
	LEUVEN_1	1
	0.676511	1
	0.245922
PRED	O-SSM	11111
	LEUVEN_1	1
	0.689457	1
	1.200419
PRED	O-SSM	11111
	LEUVEN_1	1
	0.684337	1
	0.820410
PRED	O-SSM	11111
	LEUVEN_1	1
	0.689785	1
	1.224847
PRED	O-SSM	11111
	LEUVEN_1	1
	0.688485	1
	1.128019
PRED	O-SSM	11111
	LEUVEN_1	1
	0.687584	1
	1.060972
PRED	O-SSM	11111
	LEUVEN_1	0
	0.691515	1
	1.354062
PRED	O-SSM	11111
	LEUVEN_1	0
	0.691640	1
	1.363427
PRED	O-SSM	11111
	LEUVEN_1	0
	0.679347	1
	0.453255
PRED	O-SSM	11111
	LEUVEN_1	0
	0.685424	1
	0.900781
PRED	O-SSM	11111
	LEUVEN_1	0
	0.690006	1
	1.241317
PRED	O-SSM	11111
	LEUVEN_1	0
	0.689844	1
	1.229217
PRED	O-SSM	11111
	LEUVEN_1	0
	0.680468	1
	0.535420
PRED	O-SSM	11111
	LEUVEN_1	0
	0.682206	1
	0.663258
PRED	O-SSM	11111
	LEUVEN_1	0
	0.683068	1
	0.726750
PRED	O-SSM	11111
	LEUVEN_1	0
	0.676243	1
	0.226407
PRED	O-SSM	11111
	LEUVEN_1	0
	0.680738	1
	0.555278
PRED	O-SSM	11111
	LEUVEN_1	0
	0.676258	1
	0.227471
PRED	O-SSM	11111
	SDSU	1
	0.387898	0
	0.472121
PRED	O-SSM	11111
	SDSU	1
	0.387494	0
	0.489429
PRED	O-SSM	11111
	SDSU	1
	0.382788	0
	0.691501
PRED	O-SSM	11111
	SDSU	1
	0.385644	0
	0.568745
PRED	O-SSM	11111
	SDSU	1
	0.365856	0
	1.426671
PRED	O-SSM	11111
	SDSU	1
	0.360057	0
	1.681702
PRED	O-SSM	11111
	SDSU	1
	0.394244	0
	0.201165
PRED	O-SSM	11111
	SDSU	1
	0.386770	0
	0.520433
PRED	O-SSM	11111
	SDSU	1
	0.375143	0
	1.021769
PRED	O-SSM	11111
	SDSU	1
	0.356341	0
	1.846043
PRED	O-SSM	11111
	SDSU	1
	0.381112	0
	0.763675
PRED	O-SSM	11111
	SDSU	1
	0.367617	0
	1.349569
PRED	O-SSM	11111
	SDSU	0
	0.372809	0
	1.123162
PRED	O-SSM	11111
	SDSU	0
	0.362431	0
	1.577101
PRED	O-SSM	11111
	SDSU	0
	0.396210	0
	0.117518
PRED	O-SSM	11111
	SDSU	0
	0.349855	0
	2.134788
PRED	O-SSM	11111
	SDSU	0
	0.376484	0
	0.963655
PRED	O-SSM	11111
	SDSU	0
	0.377461	0
	0.921352
PRED	O-SSM	11111
	SDSU	0
	0.382458	0
	0.705710
PRED	O-SSM	11111
	SDSU	0
	0.353579	0
	1.968706
PRED	O-SSM	11111
	SDSU	0
	0.368231	0
	1.322724
PRED	O-SSM	11111
	SDSU	0
	0.366542	0
	1.396645
PRED	O-SSM	11111
	SDSU	0
	0.368158	0
	1.325945
PRED	O-SSM	11111
	SDSU	0
	0.367658	0
	1.347794
PRED	O-SSM	11111
	CMU	1
	0.342329	0
	1.330700
PRED	O-SSM	11111
	CMU	1
	0.387273	0
	0.134963
PRED	O-SSM	11111
	CMU	1
	0.379944	0
	0.325865
PRED	O-SSM	11111
	CMU	1
	0.382920	0
	0.248195
PRED	O-SSM	11111
	CMU	1
	0.348000	0
	1.176150
PRED	O-SSM	11111
	CMU	1
	0.380525	0
	0.310678
PRED	O-SSM	11111
	CMU	1
	0.389968	0
	0.065103
PRED	O-SSM	11111
	CMU	1
	0.325984	0
	1.783221
PRED	O-SSM	11111
	CMU	1
	0.376676	0
	0.411452
PRED	O-SSM	11111
	CMU	1
	0.347203	0
	1.197807
PRED	O-SSM	11111
	CMU	1
	0.381127	0
	0.294972
PRED	O-SSM	11111
	CMU	1
	0.377852	0
	0.380613
PRED	O-SSM	11111
	CMU	0
	0.364882	0
	0.722814
PRED	O-SSM	11111
	CMU	0
	0.367625	0
	0.650045
PRED	O-SSM	11111
	CMU	0
	0.387346	0
	0.133076
PRED	O-SSM	11111
	CMU	0
	0.356732	0
	0.940473
PRED	O-SSM	11111
	CMU	0
	0.367218	0
	0.660836
PRED	O-SSM	11111
	CMU	0
	0.375126	0
	0.452143
PRED	O-SSM	11111
	CMU	0
	0.323043	0
	1.865840
PRED	O-SSM	11111
	CMU	0
	0.360998	0
	0.826279
PRED	O-SSM	11111
	CMU	0
	0.367034	0
	0.665714
PRED	O-SSM	11111
	CMU	0
	0.337582	0
	1.460982
PRED	O-SSM	11111
	CMU	0
	0.372972	0
	0.508809
PRED	O-SSM	11111
	CMU	0
	0.351321	0
	1.086219
PRED	O-SSM	11111
	UCLA_2	1
	0.665226	1
	1.297675
PRED	O-SSM	11111
	UCLA_2	1
	0.610954	1
	0.952990
PRED	O-SSM	11111
	UCLA_2	1
	0.583521	1
	0.785906
PRED	O-SSM	11111
	UCLA_2	1
	0.642114	1
	1.148113
PRED	O-SSM	11111
	UCLA_2	1
	0.491413	0
	0.241672
PRED	O-SSM	11111
	UCLA_2	1
	0.540499	1
	0.529765
PRED	O-SSM	11111
	UCLA_2	1
	0.531228	1
	0.475166
PRED	O-SSM	11111
	UCLA_2	1
	0.634830	1
	1.101891
PRED	O-SSM	11111
	UCLA_2	1
	0.614228	1
	0.973190
PRED	O-SSM	11111
	UCLA_2	1
	0.542349	1
	0.540676
PRED	O-SSM	11111
	UCLA_2	1
	0.629200	1
	1.066436
PRED	O-SSM	11111
	UCLA_2	1
	0.605434	1
	0.919060
PRED	O-SSM	11111
	UCLA_2	0
	0.492233	0
	0.246479
PRED	O-SSM	11111
	UCLA_2	0
	0.645792	1
	1.171604
PRED	O-SSM	11111
	UCLA_2	0
	0.504866	1
	0.320491
PRED	O-SSM	11111
	UCLA_2	0
	0.547760	1
	0.572636
PRED	O-SSM	11111
	UCLA_2	0
	0.595996	1
	0.861427
PRED	O-SSM	11111
	UCLA_2	0
	0.502587	1
	0.307140
PRED	O-SSM	11111
	UCLA_2	0
	0.684310	1
	1.425060
PRED	O-SSM	11111
	UCLA_2	0
	0.532514	1
	0.482730
PRED	O-SSM	11111
	UCLA_2	0
	0.710698	1
	1.608324
PRED	O-SSM	11111
	UCLA_2	0
	0.757537	1
	1.960480
PRED	O-SSM	11111
	UCLA_2	0
	0.687106	1
	1.444060
PRED	O-SSM	11111
	UCLA_2	0
	0.688225	1
	1.451693
PRED	O-SSM	11111
	UM_2	1
	0.167059	0
	2.444084
PRED	O-SSM	11111
	UM_2	1
	0.304898	0
	1.130637
PRED	O-SSM	11111
	UM_2	1
	0.444224	0
	0.123482
PRED	O-SSM	11111
	UM_2	1
	0.365342	0
	0.674381
PRED	O-SSM	11111
	UM_2	1
	0.259475	0
	1.507650
PRED	O-SSM	11111
	UM_2	1
	0.339105	0
	0.867457
PRED	O-SSM	11111
	UM_2	1
	0.350687	0
	0.781413
PRED	O-SSM	11111
	UM_2	1
	0.372637	0
	0.621787
PRED	O-SSM	11111
	UM_2	1
	0.233820	0
	1.739554
PRED	O-SSM	11111
	UM_2	1
	0.346438	0
	0.812821
PRED	O-SSM	11111
	UM_2	1
	0.396688	0
	0.451194
PRED	O-SSM	11111
	UM_2	1
	0.397533	0
	0.445272
PRED	O-SSM	11111
	UM_2	0
	0.267936	0
	1.434501
PRED	O-SSM	11111
	UM_2	0
	0.388955	0
	0.505618
PRED	O-SSM	11111
	UM_2	0
	0.400766	0
	0.422647
PRED	O-SSM	11111
	UM_2	0
	0.281986	0
	1.316185
PRED	O-SSM	11111
	UM_2	0
	0.292667	0
	1.228627
PRED	O-SSM	11111
	UM_2	0
	0.291349	0
	1.239333
PRED	O-SSM	11111
	UM_2	0
	0.219021	0
	1.881404
PRED	O-SSM	11111
	UM_2	0
	0.325932	0
	0.967088
PRED	O-SSM	11111
	UM_2	0
	0.366306	0
	0.667407
PRED	O-SSM	11111
	UM_2	0
	0.431123	0
	0.212830
PRED	O-SSM	11111
	UM_2	0
	0.386391	0
	0.523745
PRED	O-SSM	11111
	UM_2	0
	0.315438	0
	1.047945
PRED	O-SSM	11111
	OHSU	1
	0.345231	0
	1.088333
PRED	O-SSM	11111
	OHSU	1
	0.362998	0
	0.939824
PRED	O-SSM	11111
	OHSU	1
	0.255950	0
	1.904648
PRED	O-SSM	11111
	OHSU	1
	0.401265	0
	0.629816
PRED	O-SSM	11111
	OHSU	1
	0.359156	0
	0.971653
PRED	O-SSM	11111
	OHSU	1
	0.399336	0
	0.645174
PRED	O-SSM	11111
	OHSU	1
	0.375536	0
	0.836913
PRED	O-SSM	11111
	OHSU	1
	0.380807	0
	0.794065
PRED	O-SSM	11111
	OHSU	1
	0.364142	0
	0.930367
PRED	O-SSM	11111
	OHSU	1
	0.273460	0
	1.732638
PRED	O-SSM	11111
	OHSU	1
	0.352454	0
	1.027552
PRED	O-SSM	11111
	OHSU	1
	0.420321	0
	0.479305
PRED	O-SSM	11111
	OHSU	0
	0.355694	0
	1.000467
PRED	O-SSM	11111
	OHSU	0
	0.364812	0
	0.924845
PRED	O-SSM	11111
	OHSU	0
	0.198142	0
	2.537015
PRED	O-SSM	11111
	OHSU	0
	0.164243	0
	2.974831
PRED	O-SSM	11111
	OHSU	0
	0.477343	0
	0.038197
PRED	O-SSM	11111
	OHSU	0
	0.264816	0
	1.816641
PRED	O-SSM	11111
	OHSU	0
	0.439586	0
	0.329036
PRED	O-SSM	11111
	OHSU	0
	0.264477	0
	1.819971
PRED	O-SSM	11111
	OHSU	0
	0.399412	0
	0.644570
PRED	O-SSM	11111
	OHSU	0
	0.377343	0
	0.822199
PRED	O-SSM	11111
	OHSU	0
	0.364891	0
	0.924190
PRED	O-SSM	11111
	OHSU	0
	0.450519	0
	0.244413
  O-SSM    11111
   acc=51.400000% bal=51.378205% sites=20
/20
 test_n=500
 assoc=0.983775
PRED	O-SSM	99887
	NYU	1
	0.443777	0
	0.350344
PRED	O-SSM	99887
	NYU	1
	0.474758	0
	0.519332
PRED	O-SSM	99887
	NYU	1
	0.435119	0
	0.302748
PRED	O-SSM	99887
	NYU	1
	0.506578	1
	0.691808
PRED	O-SSM	99887
	NYU	1
	0.583884	1
	1.114878
PRED	O-SSM	99887
	NYU	1
	0.554664	1
	0.953457
PRED	O-SSM	99887
	NYU	1
	0.681669	1
	1.687301
PRED	O-SSM	99887
	NYU	1
	0.552100	1
	0.939410
PRED	O-SSM	99887
	NYU	1
	0.482844	0
	0.563212
PRED	O-SSM	99887
	NYU	1
	0.595436	1
	1.179533
PRED	O-SSM	99887
	NYU	1
	0.523696	1
	0.784626
PRED	O-SSM	99887
	NYU	1
	0.563628	1
	1.002704
PRED	O-SSM	99887
	NYU	1
	0.506678	1
	0.692349
PRED	O-SSM	99887
	NYU	0
	0.671177	1
	1.622385
PRED	O-SSM	99887
	NYU	0
	0.513710	1
	0.730454
PRED	O-SSM	99887
	NYU	0
	0.607851	1
	1.249684
PRED	O-SSM	99887
	NYU	0
	0.619402	1
	1.315664
PRED	O-SSM	99887
	NYU	0
	0.484827	0
	0.573964
PRED	O-SSM	99887
	NYU	0
	0.549331	1
	0.924256
PRED	O-SSM	99887
	NYU	0
	0.731733	1
	2.014985
PRED	O-SSM	99887
	NYU	0
	0.564215	1
	1.005938
PRED	O-SSM	99887
	NYU	0
	0.742427	1
	2.089714
PRED	O-SSM	99887
	NYU	0
	0.444840	0
	0.356175
PRED	O-SSM	99887
	NYU	0
	0.435589	0
	0.305337
PRED	O-SSM	99887
	NYU	0
	0.516586	1
	0.746047
PRED	O-SSM	99887
	NYU	0
	0.573949	1
	1.059687
PRED	O-SSM	99887
	UM_1	1
	0.283934	0
	1.597039
PRED	O-SSM	99887
	UM_1	1
	0.320111	0
	1.285474
PRED	O-SSM	99887
	UM_1	1
	0.408170	0
	0.593078
PRED	O-SSM	99887
	UM_1	1
	0.368905	0
	0.893058
PRED	O-SSM	99887
	UM_1	1
	0.463864	0
	0.181807
PRED	O-SSM	99887
	UM_1	1
	0.368480	0
	0.896368
PRED	O-SSM	99887
	UM_1	1
	0.453734	0
	0.255808
PRED	O-SSM	99887
	UM_1	1
	0.416744	0
	0.528899
PRED	O-SSM	99887
	UM_1	1
	0.290700	0
	1.537098
PRED	O-SSM	99887
	UM_1	1
	0.315156	0
	1.326944
PRED	O-SSM	99887
	UM_1	1
	0.333058	0
	1.178684
PRED	O-SSM	99887
	UM_1	1
	0.383719	0
	0.778559
PRED	O-SSM	99887
	UM_1	1
	0.317824	0
	1.304570
PRED	O-SSM	99887
	UM_1	0
	0.385857	0
	0.762175
PRED	O-SSM	99887
	UM_1	0
	0.475978	0
	0.093591
PRED	O-SSM	99887
	UM_1	0
	0.345927	0
	1.074576
PRED	O-SSM	99887
	UM_1	0
	0.392726	0
	0.709771
PRED	O-SSM	99887
	UM_1	0
	0.347618	0
	1.061039
PRED	O-SSM	99887
	UM_1	0
	0.420935	0
	0.497670
PRED	O-SSM	99887
	UM_1	0
	0.313876	0
	1.337712
PRED	O-SSM	99887
	UM_1	0
	0.400155	0
	0.653447
PRED	O-SSM	99887
	UM_1	0
	0.347191	0
	1.064453
PRED	O-SSM	99887
	UM_1	0
	0.297453	0
	1.478091
PRED	O-SSM	99887
	UM_1	0
	0.319984	0
	1.286530
PRED	O-SSM	99887
	UM_1	0
	0.303963	0
	1.421938
PRED	O-SSM	99887
	UM_1	0
	0.438496	0
	0.367675
PRED	O-SSM	99887
	UCLA_1	1
	0.204557	0
	1.293516
PRED	O-SSM	99887
	UCLA_1	1
	0.203218	0
	1.314246
PRED	O-SSM	99887
	UCLA_1	1
	0.208377	0
	1.234929
PRED	O-SSM	99887
	UCLA_1	1
	0.253121	0
	0.599904
PRED	O-SSM	99887
	UCLA_1	1
	0.230347	0
	0.912311
PRED	O-SSM	99887
	UCLA_1	1
	0.214120	0
	1.148306
PRED	O-SSM	99887
	UCLA_1	1
	0.282660	0
	0.221115
PRED	O-SSM	99887
	UCLA_1	1
	0.229919	0
	0.918377
PRED	O-SSM	99887
	UCLA_1	1
	0.222274	0
	1.028182
PRED	O-SSM	99887
	UCLA_1	1
	0.244168	0
	0.720344
PRED	O-SSM	99887
	UCLA_1	1
	0.157022	0
	2.103963
PRED	O-SSM	99887
	UCLA_1	1
	0.235402	0
	0.841194
PRED	O-SSM	99887
	UCLA_1	1
	0.229025	0
	0.931090
PRED	O-SSM	99887
	UCLA_1	0
	0.242115	0
	0.748376
PRED	O-SSM	99887
	UCLA_1	0
	0.213426	0
	1.158695
PRED	O-SSM	99887
	UCLA_1	0
	0.259439	0
	0.516602
PRED	O-SSM	99887
	UCLA_1	0
	0.203287	0
	1.313191
PRED	O-SSM	99887
	UCLA_1	0
	0.244542	0
	0.715246
PRED	O-SSM	99887
	UCLA_1	0
	0.251515	0
	0.621291
PRED	O-SSM	99887
	UCLA_1	0
	0.142474	0
	2.391289
PRED	O-SSM	99887
	UCLA_1	0
	0.181524	0
	1.665446
PRED	O-SSM	99887
	UCLA_1	0
	0.220846	0
	1.048991
PRED	O-SSM	99887
	UCLA_1	0
	0.262083	0
	0.482135
PRED	O-SSM	99887
	UCLA_1	0
	0.249619	0
	0.646663
PRED	O-SSM	99887
	UCLA_1	0
	0.234056	0
	0.860033
PRED	O-SSM	99887
	UCLA_1	0
	0.266389	0
	0.426474
PRED	O-SSM	99887
	YALE	1
	0.345191	0
	1.217188
PRED	O-SSM	99887
	YALE	1
	0.484673	0
	0.723142
PRED	O-SSM	99887
	YALE	1
	0.547288	1
	0.508900
PRED	O-SSM	99887
	YALE	1
	0.297219	0
	1.405218
PRED	O-SSM	99887
	YALE	1
	0.651885	1
	0.135442
PRED	O-SSM	99887
	YALE	1
	0.334617	0
	1.257408
PRED	O-SSM	99887
	YALE	1
	0.466924	0
	0.783877
PRED	O-SSM	99887
	YALE	1
	0.410354	0
	0.980164
PRED	O-SSM	99887
	YALE	1
	0.540025	1
	0.533883
PRED	O-SSM	99887
	YALE	1
	0.433722	0
	0.898392
PRED	O-SSM	99887
	YALE	1
	0.476387	0
	0.751472
PRED	O-SSM	99887
	YALE	1
	0.443169	0
	0.865646
PRED	O-SSM	99887
	YALE	1
	0.566710	1
	0.441721
PRED	O-SSM	99887
	YALE	0
	0.639212	1
	0.182709
PRED	O-SSM	99887
	YALE	0
	0.563604	1
	0.452506
PRED	O-SSM	99887
	YALE	0
	0.442677	0
	0.867347
PRED	O-SSM	99887
	YALE	0
	0.660285	1
	0.103669
PRED	O-SSM	99887
	YALE	0
	0.160437	0
	2.083161
PRED	O-SSM	99887
	YALE	0
	0.131691	0
	2.280389
PRED	O-SSM	99887
	YALE	0
	0.533510	1
	0.556245
PRED	O-SSM	99887
	YALE	0
	0.533511	1
	0.556241
PRED	O-SSM	99887
	YALE	0
	0.400570	0
	1.014801
PRED	O-SSM	99887
	YALE	0
	0.273788	0
	1.503283
PRED	O-SSM	99887
	YALE	0
	0.007914	0
	4.794069
PRED	O-SSM	99887
	YALE	0
	0.490016	0
	0.704891
PRED	O-SSM	99887
	YALE	0
	0.320595	0
	1.311738
PRED	O-SSM	99887
	PITT	1
	0.559192	1
	0.996282
PRED	O-SSM	99887
	PITT	1
	0.543687	1
	1.839866
PRED	O-SSM	99887
	PITT	1
	0.562644	1
	0.807684
PRED	O-SSM	99887
	PITT	1
	0.554644	1
	1.244276
PRED	O-SSM	99887
	PITT	1
	0.561137	1
	0.890046
PRED	O-SSM	99887
	PITT	1
	0.557888	1
	1.067435
PRED	O-SSM	99887
	PITT	1
	0.572746	1
	0.253742
PRED	O-SSM	99887
	PITT	1
	0.555425	1
	1.201763
PRED	O-SSM	99887
	PITT	1
	0.549792	1
	1.508352
PRED	O-SSM	99887
	PITT	1
	0.556255	1
	1.156491
PRED	O-SSM	99887
	PITT	1
	0.544472	1
	1.797275
PRED	O-SSM	99887
	PITT	1
	0.553776	1
	1.291555
PRED	O-SSM	99887
	PITT	1
	0.572676	1
	0.257620
PRED	O-SSM	99887
	PITT	0
	0.567127	1
	0.562259
PRED	O-SSM	99887
	PITT	0
	0.564039	1
	0.731365
PRED	O-SSM	99887
	PITT	0
	0.558034	1
	1.059484
PRED	O-SSM	99887
	PITT	0
	0.559616	1
	0.973122
PRED	O-SSM	99887
	PITT	0
	0.563233	1
	0.775435
PRED	O-SSM	99887
	PITT	0
	0.564919	1
	0.683173
PRED	O-SSM	99887
	PITT	0
	0.568166	1
	0.505249
PRED	O-SSM	99887
	PITT	0
	0.556440	1
	1.146406
PRED	O-SSM	99887
	PITT	0
	0.561955	1
	0.845348
PRED	O-SSM	99887
	PITT	0
	0.554550	1
	1.249422
PRED	O-SSM	99887
	PITT	0
	0.563290	1
	0.772356
PRED	O-SSM	99887
	PITT	0
	0.555974	1
	1.171831
PRED	O-SSM	99887
	PITT	0
	0.561969	1
	0.844559
PRED	O-SSM	99887
	USM	1
	0.655066	1
	0.362954
PRED	O-SSM	99887
	USM	1
	0.652759	1
	0.902907
PRED	O-SSM	99887
	USM	1
	0.655743	1
	0.204154
PRED	O-SSM	99887
	USM	1
	0.649711	1
	1.613635
PRED	O-SSM	99887
	USM	1
	0.652076	1
	1.062425
PRED	O-SSM	99887
	USM	1
	0.650875	1
	1.342562
PRED	O-SSM	99887
	USM	1
	0.654830	1
	0.418319
PRED	O-SSM	99887
	USM	1
	0.650563	1
	1.415212
PRED	O-SSM	99887
	USM	1
	0.652353	1
	0.997589
PRED	O-SSM	99887
	USM	1
	0.653281	1
	0.780813
PRED	O-SSM	99887
	USM	1
	0.655413	1
	0.281571
PRED	O-SSM	99887
	USM	1
	0.654934	1
	0.393819
PRED	O-SSM	99887
	USM	1
	0.649956	1
	1.556622
PRED	O-SSM	99887
	USM	0
	0.655472	1
	0.267610
PRED	O-SSM	99887
	USM	0
	0.653077	1
	0.828586
PRED	O-SSM	99887
	USM	0
	0.649662	1
	1.625028
PRED	O-SSM	99887
	USM	0
	0.654331	1
	0.535136
PRED	O-SSM	99887
	USM	0
	0.649225	1
	1.726622
PRED	O-SSM	99887
	USM	0
	0.649900	1
	1.569535
PRED	O-SSM	99887
	USM	0
	0.651673	1
	1.156499
PRED	O-SSM	99887
	USM	0
	0.652009	1
	1.078035
PRED	O-SSM	99887
	USM	0
	0.656039	1
	0.134793
PRED	O-SSM	99887
	USM	0
	0.655718	1
	0.210114
PRED	O-SSM	99887
	USM	0
	0.652311	1
	1.007466
PRED	O-SSM	99887
	USM	0
	0.655070	1
	0.361980
PRED	O-SSM	99887
	USM	0
	0.654029	1
	0.605819
PRED	O-SSM	99887
	MAX_MUN	1
	0.544250	1
	0.144368
PRED	O-SSM	99887
	MAX_MUN	1
	0.573244	1
	0.457337
PRED	O-SSM	99887
	MAX_MUN	1
	0.654236	1
	1.368870
PRED	O-SSM	99887
	MAX_MUN	1
	0.597144	1
	0.719345
PRED	O-SSM	99887
	MAX_MUN	1
	0.647928	1
	1.294987
PRED	O-SSM	99887
	MAX_MUN	1
	0.651652	1
	1.338525
PRED	O-SSM	99887
	MAX_MUN	1
	0.571824	1
	0.441900
PRED	O-SSM	99887
	MAX_MUN	1
	0.598298	1
	0.732114
PRED	O-SSM	99887
	MAX_MUN	1
	0.608970	1
	0.850793
PRED	O-SSM	99887
	MAX_MUN	1
	0.549259	1
	0.198147
PRED	O-SSM	99887
	MAX_MUN	1
	0.658121	1
	1.414685
PRED	O-SSM	99887
	MAX_MUN	1
	0.627388	1
	1.058431
PRED	O-SSM	99887
	MAX_MUN	1
	0.668514	1
	1.538506
PRED	O-SSM	99887
	MAX_MUN	0
	0.627397	1
	1.058530
PRED	O-SSM	99887
	MAX_MUN	0
	0.604240	1
	0.798058
PRED	O-SSM	99887
	MAX_MUN	0
	0.664064	1
	1.485255
PRED	O-SSM	99887
	MAX_MUN	0
	0.589283	1
	0.632670
PRED	O-SSM	99887
	MAX_MUN	0
	0.611876	1
	0.883299
PRED	O-SSM	99887
	MAX_MUN	0
	0.647154	1
	1.285968
PRED	O-SSM	99887
	MAX_MUN	0
	0.691842	1
	1.823914
PRED	O-SSM	99887
	MAX_MUN	0
	0.641024	1
	1.214825
PRED	O-SSM	99887
	MAX_MUN	0
	0.639831	1
	1.201041
PRED	O-SSM	99887
	MAX_MUN	0
	0.671901	1
	1.579273
PRED	O-SSM	99887
	MAX_MUN	0
	0.642681	1
	1.233996
PRED	O-SSM	99887
	MAX_MUN	0
	0.654070	1
	1.366918
PRED	O-SSM	99887
	MAX_MUN	0
	0.706628	1
	2.010990
PRED	O-SSM	99887
	TRINITY	1
	0.264990	0
	1.448110
PRED	O-SSM	99887
	TRINITY	1
	0.330446	0
	0.936417
PRED	O-SSM	99887
	TRINITY	1
	0.245363	0
	1.616446
PRED	O-SSM	99887
	TRINITY	1
	0.248538	0
	1.588622
PRED	O-SSM	99887
	TRINITY	1
	0.309228	0
	1.095390
PRED	O-SSM	99887
	TRINITY	1
	0.360932	0
	0.716685
PRED	O-SSM	99887
	TRINITY	1
	0.266344	0
	1.436802
PRED	O-SSM	99887
	TRINITY	1
	0.373620	0
	0.627712
PRED	O-SSM	99887
	TRINITY	1
	0.263478	0
	1.460780
PRED	O-SSM	99887
	TRINITY	1
	0.325307	0
	0.974414
PRED	O-SSM	99887
	TRINITY	1
	0.292089	0
	1.228240
PRED	O-SSM	99887
	TRINITY	1
	0.370911	0
	0.646606
PRED	O-SSM	99887
	TRINITY	1
	0.337528	0
	0.884541
PRED	O-SSM	99887
	TRINITY	0
	0.374661	0
	0.620466
PRED	O-SSM	99887
	TRINITY	0
	0.389937	0
	0.515051
PRED	O-SSM	99887
	TRINITY	0
	0.326164	0
	0.968056
PRED	O-SSM	99887
	TRINITY	0
	0.349129	0
	0.800682
PRED	O-SSM	99887
	TRINITY	0
	0.376876	0
	0.605084
PRED	O-SSM	99887
	TRINITY	0
	0.379588	0
	0.586289
PRED	O-SSM	99887
	TRINITY	0
	0.408265	0
	0.390502
PRED	O-SSM	99887
	TRINITY	0
	0.304991	0
	1.127840
PRED	O-SSM	99887
	TRINITY	0
	0.424472	0
	0.281816
PRED	O-SSM	99887
	TRINITY	0
	0.297637	0
	1.184762
PRED	O-SSM	99887
	TRINITY	0
	0.297904	0
	1.182679
PRED	O-SSM	99887
	TRINITY	0
	0.353983	0
	0.765985
PRED	O-SSM	99887
	TRINITY	0
	0.300316	0
	1.163933
PRED	O-SSM	99887
	KKI	1
	0.157308	0
	1.151343
PRED	O-SSM	99887
	KKI	1
	0.131976	0
	1.334222
PRED	O-SSM	99887
	KKI	1
	0.154570	0
	1.169882
PRED	O-SSM	99887
	KKI	1
	0.195375	0
	0.917006
PRED	O-SSM	99887
	KKI	1
	0.164566	0
	1.103434
PRED	O-SSM	99887
	KKI	1
	0.137796	0
	1.289764
PRED	O-SSM	99887
	KKI	1
	0.134033	0
	1.318319
PRED	O-SSM	99887
	KKI	1
	0.158604	0
	1.142657
PRED	O-SSM	99887
	KKI	1
	0.168128	0
	1.080539
PRED	O-SSM	99887
	KKI	1
	0.224511	0
	0.760256
PRED	O-SSM	99887
	KKI	1
	0.106771	0
	1.548607
PRED	O-SSM	99887
	KKI	1
	0.287761	0
	0.463228
PRED	O-SSM	99887
	KKI	1
	0.301280	0
	0.405234
PRED	O-SSM	99887
	KKI	0
	0.138189	0
	1.286819
PRED	O-SSM	99887
	KKI	0
	0.129806	0
	1.351224
PRED	O-SSM	99887
	KKI	0
	0.043261	0
	2.414966
PRED	O-SSM	99887
	KKI	0
	0.102212	0
	1.592033
PRED	O-SSM	99887
	KKI	0
	0.196729	0
	0.909349
PRED	O-SSM	99887
	KKI	0
	0.326053	0
	0.302638
PRED	O-SSM	99887
	KKI	0
	0.137840	0
	1.289435
PRED	O-SSM	99887
	KKI	0
	0.131343	0
	1.339152
PRED	O-SSM	99887
	KKI	0
	0.291412	0
	0.447411
PRED	O-SSM	99887
	KKI	0
	0.327940	0
	0.294998
PRED	O-SSM	99887
	KKI	0
	0.117840	0
	1.449582
PRED	O-SSM	99887
	KKI	0
	0.264205	0
	0.568340
PRED	O-SSM	99887
	KKI	0
	0.122196	0
	1.412822
PRED	O-SSM	99887
	STANFORD	1
	0.656502	1
	2.082258
PRED	O-SSM	99887
	STANFORD	1
	0.590962	1
	1.179815
PRED	O-SSM	99887
	STANFORD	1
	0.776448	1
	4.008872
PRED	O-SSM	99887
	STANFORD	1
	0.626546	1
	1.661947
PRED	O-SSM	99887
	STANFORD	1
	0.604917	1
	1.367042
PRED	O-SSM	99887
	STANFORD	1
	0.625418	1
	1.646401
PRED	O-SSM	99887
	STANFORD	1
	0.545509	1
	0.581832
PRED	O-SSM	99887
	STANFORD	1
	0.564740	1
	0.833014
PRED	O-SSM	99887
	STANFORD	1
	0.611524	1
	1.456474
PRED	O-SSM	99887
	STANFORD	1
	0.594982	1
	1.233533
PRED	O-SSM	99887
	STANFORD	1
	0.621248	1
	1.589121
PRED	O-SSM	99887
	STANFORD	1
	0.538371	1
	0.489091
PRED	O-SSM	99887
	STANFORD	1
	0.530860	1
	0.391721
PRED	O-SSM	99887
	STANFORD	0
	0.556752	1
	0.728414
PRED	O-SSM	99887
	STANFORD	0
	0.610978	1
	1.449067
PRED	O-SSM	99887
	STANFORD	0
	0.522643	1
	0.285395
PRED	O-SSM	99887
	STANFORD	0
	0.554592	1
	0.700203
PRED	O-SSM	99887
	STANFORD	0
	0.630444	1
	1.715794
PRED	O-SSM	99887
	STANFORD	0
	0.584873	1
	1.098745
PRED	O-SSM	99887
	STANFORD	0
	0.505302	1
	0.061476
PRED	O-SSM	99887
	STANFORD	0
	0.557557	1
	0.738945
PRED	O-SSM	99887
	STANFORD	0
	0.653467	1
	2.038937
PRED	O-SSM	99887
	STANFORD	0
	0.534591	1
	0.440057
PRED	O-SSM	99887
	STANFORD	0
	0.549843	1
	0.638256
PRED	O-SSM	99887
	STANFORD	0
	0.613732	1
	1.486483
PRED	O-SSM	99887
	STANFORD	0
	0.535598	1
	0.453117
PRED	O-SSM	99887
	CALTECH	1
	0.680298	1
	0.553598
PRED	O-SSM	99887
	CALTECH	1
	0.680655	1
	0.543463
PRED	O-SSM	99887
	CALTECH	1
	0.687576	1
	0.345456
PRED	O-SSM	99887
	CALTECH	1
	0.681459	1
	0.520564
PRED	O-SSM	99887
	CALTECH	1
	0.662194	1
	1.060918
PRED	O-SSM	99887
	CALTECH	1
	0.629919	1
	1.934020
PRED	O-SSM	99887
	CALTECH	1
	0.677088	1
	0.644629
PRED	O-SSM	99887
	CALTECH	1
	0.641704	1
	1.619338
PRED	O-SSM	99887
	CALTECH	1
	0.694853	1
	0.134641
PRED	O-SSM	99887
	CALTECH	1
	0.574902	1
	3.355953
PRED	O-SSM	99887
	CALTECH	1
	0.668316	1
	0.890941
PRED	O-SSM	99887
	CALTECH	1
	0.690364	1
	0.265012
PRED	O-SSM	99887
	CALTECH	0
	0.669431	1
	0.859821
PRED	O-SSM	99887
	CALTECH	0
	0.670321	1
	0.834935
PRED	O-SSM	99887
	CALTECH	0
	0.693239	1
	0.181644
PRED	O-SSM	99887
	CALTECH	0
	0.677152	1
	0.642807
PRED	O-SSM	99887
	CALTECH	0
	0.666875	1
	0.931101
PRED	O-SSM	99887
	CALTECH	0
	0.673032	1
	0.758949
PRED	O-SSM	99887
	CALTECH	0
	0.646962	1
	1.477488
PRED	O-SSM	99887
	CALTECH	0
	0.693587	1
	0.171523
PRED	O-SSM	99887
	CALTECH	0
	0.684213	1
	0.441956
PRED	O-SSM	99887
	CALTECH	0
	0.652460	1
	1.328129
PRED	O-SSM	99887
	CALTECH	0
	0.624896	1
	2.066853
PRED	O-SSM	99887
	CALTECH	0
	0.689859	1
	0.279597
PRED	O-SSM	99887
	LEUVEN_2	1
	0.319351	0
	1.486667
PRED	O-SSM	99887
	LEUVEN_2	1
	0.377630	0
	1.198808
PRED	O-SSM	99887
	LEUVEN_2	1
	0.596195	1
	0.203291
PRED	O-SSM	99887
	LEUVEN_2	1
	0.304624	0
	1.563483
PRED	O-SSM	99887
	LEUVEN_2	1
	0.517736	1
	0.560032
PRED	O-SSM	99887
	LEUVEN_2	1
	0.401574	0
	1.086062
PRED	O-SSM	99887
	LEUVEN_2	1
	0.417603	0
	1.011853
PRED	O-SSM	99887
	LEUVEN_2	1
	0.390754	0
	1.136700
PRED	O-SSM	99887
	LEUVEN_2	1
	0.286490	0
	1.661011
PRED	O-SSM	99887
	LEUVEN_2	1
	0.396441	0
	1.110028
PRED	O-SSM	99887
	LEUVEN_2	1
	0.474805	0
	0.752402
PRED	O-SSM	99887
	LEUVEN_2	1
	0.264634	0
	1.783627
PRED	O-SSM	99887
	LEUVEN_2	0
	0.405777	0
	1.066516
PRED	O-SSM	99887
	LEUVEN_2	0
	0.393713	0
	1.122805
PRED	O-SSM	99887
	LEUVEN_2	0
	0.337435	0
	1.394857
PRED	O-SSM	99887
	LEUVEN_2	0
	0.374893	0
	1.211860
PRED	O-SSM	99887
	LEUVEN_2	0
	0.548589	1
	0.421216
PRED	O-SSM	99887
	LEUVEN_2	0
	0.574324	1
	0.304180
PRED	O-SSM	99887
	LEUVEN_2	0
	0.326821	0
	1.448427
PRED	O-SSM	99887
	LEUVEN_2	0
	0.554843	1
	0.392910
PRED	O-SSM	99887
	LEUVEN_2	0
	0.255552	0
	1.836464
PRED	O-SSM	99887
	LEUVEN_2	0
	0.451149	0
	0.858940
PRED	O-SSM	99887
	LEUVEN_2	0
	0.460560	0
	0.816464
PRED	O-SSM	99887
	LEUVEN_2	0
	0.475047	0
	0.751315
PRED	O-SSM	99887
	OLIN	1
	0.620128	1
	1.461453
PRED	O-SSM	99887
	OLIN	1
	0.574482	1
	0.134316
PRED	O-SSM	99887
	OLIN	1
	0.579580	1
	0.280256
PRED	O-SSM	99887
	OLIN	1
	0.579637	1
	0.281903
PRED	O-SSM	99887
	OLIN	1
	0.580729	1
	0.313210
PRED	O-SSM	99887
	OLIN	1
	0.583117	1
	0.381822
PRED	O-SSM	99887
	OLIN	1
	0.592969	1
	0.666010
PRED	O-SSM	99887
	OLIN	1
	0.612634	1
	1.239979
PRED	O-SSM	99887
	OLIN	1
	0.599166	1
	0.845848
PRED	O-SSM	99887
	OLIN	1
	0.576534	1
	0.192994
PRED	O-SSM	99887
	OLIN	1
	0.580937	1
	0.319180
PRED	O-SSM	99887
	OLIN	1
	0.628087	1
	1.698528
PRED	O-SSM	99887
	OLIN	0
	0.638567	1
	2.013857
PRED	O-SSM	99887
	OLIN	0
	0.575727	1
	0.169905
PRED	O-SSM	99887
	OLIN	0
	0.589233	1
	0.558003
PRED	O-SSM	99887
	OLIN	0
	0.579674	1
	0.282963
PRED	O-SSM	99887
	OLIN	0
	0.610974	1
	1.191143
PRED	O-SSM	99887
	OLIN	0
	0.578067	1
	0.236890
PRED	O-SSM	99887
	OLIN	0
	0.588088	1
	0.524957
PRED	O-SSM	99887
	OLIN	0
	0.618102	1
	1.401406
PRED	O-SSM	99887
	OLIN	0
	0.623946	1
	1.574927
PRED	O-SSM	99887
	OLIN	0
	0.625325	1
	1.616012
PRED	O-SSM	99887
	OLIN	0
	0.593488	1
	0.681029
PRED	O-SSM	99887
	OLIN	0
	0.610857	1
	1.187716
PRED	O-SSM	99887
	SBL	1
	0.342918	0
	1.807556
PRED	O-SSM	99887
	SBL	1
	0.361745	0
	1.240542
PRED	O-SSM	99887
	SBL	1
	0.360118	0
	1.289012
PRED	O-SSM	99887
	SBL	1
	0.330879	0
	2.177884
PRED	O-SSM	99887
	SBL	1
	0.398683	0
	0.162837
PRED	O-SSM	99887
	SBL	1
	0.370523	0
	0.980657
PRED	O-SSM	99887
	SBL	1
	0.367634	0
	1.065897
PRED	O-SSM	99887
	SBL	1
	0.373807	0
	0.884078
PRED	O-SSM	99887
	SBL	1
	0.365636	0
	1.125024
PRED	O-SSM	99887
	SBL	1
	0.382244	0
	0.637505
PRED	O-SSM	99887
	SBL	1
	0.385478	0
	0.543560
PRED	O-SSM	99887
	SBL	1
	0.338387	0
	1.946183
PRED	O-SSM	99887
	SBL	0
	0.333147	0
	2.107604
PRED	O-SSM	99887
	SBL	0
	0.377917	0
	0.763699
PRED	O-SSM	99887
	SBL	0
	0.395972	0
	0.240650
PRED	O-SSM	99887
	SBL	0
	0.349132	0
	1.618861
PRED	O-SSM	99887
	SBL	0
	0.374444	0
	0.865396
PRED	O-SSM	99887
	SBL	0
	0.387328	0
	0.489919
PRED	O-SSM	99887
	SBL	0
	0.381426	0
	0.661321
PRED	O-SSM	99887
	SBL	0
	0.386108	0
	0.525284
PRED	O-SSM	99887
	SBL	0
	0.378364	0
	0.750614
PRED	O-SSM	99887
	SBL	0
	0.387226	0
	0.492894
PRED	O-SSM	99887
	SBL	0
	0.360317	0
	1.283094
PRED	O-SSM	99887
	SBL	0
	0.348950	0
	1.624384
PRED	O-SSM	99887
	LEUVEN_1	1
	0.570633	1
	0.833648
PRED	O-SSM	99887
	LEUVEN_1	1
	0.573072	1
	0.848640
PRED	O-SSM	99887
	LEUVEN_1	1
	0.647930	1
	1.323584
PRED	O-SSM	99887
	LEUVEN_1	1
	0.598845	1
	1.008567
PRED	O-SSM	99887
	LEUVEN_1	1
	0.592676	1
	0.970017
PRED	O-SSM	99887
	LEUVEN_1	1
	0.639587	1
	1.268824
PRED	O-SSM	99887
	LEUVEN_1	1
	0.480717	0
	0.289400
PRED	O-SSM	99887
	LEUVEN_1	1
	0.595577	1
	0.988119
PRED	O-SSM	99887
	LEUVEN_1	1
	0.512569	1
	0.481234
PRED	O-SSM	99887
	LEUVEN_1	1
	0.673570	1
	1.495801
PRED	O-SSM	99887
	LEUVEN_1	1
	0.501607	1
	0.415221
PRED	O-SSM	99887
	LEUVEN_1	1
	0.608616	1
	1.070044
PRED	O-SSM	99887
	LEUVEN_1	0
	0.581868	1
	0.902901
PRED	O-SSM	99887
	LEUVEN_1	0
	0.616005	1
	1.116893
PRED	O-SSM	99887
	LEUVEN_1	0
	0.486630	0
	0.325037
PRED	O-SSM	99887
	LEUVEN_1	0
	0.585138	1
	0.923153
PRED	O-SSM	99887
	LEUVEN_1	0
	0.614507	1
	1.107370
PRED	O-SSM	99887
	LEUVEN_1	0
	0.636604	1
	1.249382
PRED	O-SSM	99887
	LEUVEN_1	0
	0.506946	1
	0.447370
PRED	O-SSM	99887
	LEUVEN_1	0
	0.603399	1
	1.037158
PRED	O-SSM	99887
	LEUVEN_1	0
	0.568590	1
	0.821101
PRED	O-SSM	99887
	LEUVEN_1	0
	0.479559	0
	0.282418
PRED	O-SSM	99887
	LEUVEN_1	0
	0.544695	1
	0.675349
PRED	O-SSM	99887
	LEUVEN_1	0
	0.462969	0
	0.182196
PRED	O-SSM	99887
	SDSU	1
	0.438257	0
	0.388304
PRED	O-SSM	99887
	SDSU	1
	0.422936	0
	0.744197
PRED	O-SSM	99887
	SDSU	1
	0.433717	0
	0.493442
PRED	O-SSM	99887
	SDSU	1
	0.434160	0
	0.483183
PRED	O-SSM	99887
	SDSU	1
	0.384649	0
	1.650458
PRED	O-SSM	99887
	SDSU	1
	0.387839	0
	1.573821
PRED	O-SSM	99887
	SDSU	1
	0.444607	0
	0.241638
PRED	O-SSM	99887
	SDSU	1
	0.429789	0
	0.584624
PRED	O-SSM	99887
	SDSU	1
	0.405627	0
	1.150502
PRED	O-SSM	99887
	SDSU	1
	0.397565	0
	1.341551
PRED	O-SSM	99887
	SDSU	1
	0.421734	0
	0.772269
PRED	O-SSM	99887
	SDSU	1
	0.403114	0
	1.209919
PRED	O-SSM	99887
	SDSU	0
	0.377215	0
	1.829990
PRED	O-SSM	99887
	SDSU	0
	0.394944	0
	1.403966
PRED	O-SSM	99887
	SDSU	0
	0.450255	0
	0.111520
PRED	O-SSM	99887
	SDSU	0
	0.359487	0
	2.263993
PRED	O-SSM	99887
	SDSU	0
	0.421520	0
	0.777269
PRED	O-SSM	99887
	SDSU	0
	0.417814	0
	0.863914
PRED	O-SSM	99887
	SDSU	0
	0.415522	0
	0.917622
PRED	O-SSM	99887
	SDSU	0
	0.385157	0
	1.638243
PRED	O-SSM	99887
	SDSU	0
	0.411447	0
	1.013334
PRED	O-SSM	99887
	SDSU	0
	0.403160	0
	1.208833
PRED	O-SSM	99887
	SDSU	0
	0.409681	0
	1.054892
PRED	O-SSM	99887
	SDSU	0
	0.392040	0
	1.473254
PRED	O-SSM	99887
	CMU	1
	0.503024	1
	1.402426
PRED	O-SSM	99887
	CMU	1
	0.401311	0
	0.110536
PRED	O-SSM	99887
	CMU	1
	0.418123	0
	0.328479
PRED	O-SSM	99887
	CMU	1
	0.410450	0
	0.229353
PRED	O-SSM	99887
	CMU	1
	0.460903	0
	0.873247
PRED	O-SSM	99887
	CMU	1
	0.410584	0
	0.231084
PRED	O-SSM	99887
	CMU	1
	0.398250	0
	0.070547
PRED	O-SSM	99887
	CMU	1
	0.495675	0
	1.310266
PRED	O-SSM	99887
	CMU	1
	0.444555	0
	0.666383
PRED	O-SSM	99887
	CMU	1
	0.457106	0
	0.825314
PRED	O-SSM	99887
	CMU	1
	0.410302	0
	0.227427
PRED	O-SSM	99887
	CMU	1
	0.408152	0
	0.199555
PRED	O-SSM	99887
	CMU	0
	0.451192	0
	0.750521
PRED	O-SSM	99887
	CMU	0
	0.434944	0
	0.544082
PRED	O-SSM	99887
	CMU	0
	0.405220	0
	0.161456
PRED	O-SSM	99887
	CMU	0
	0.453805	0
	0.783583
PRED	O-SSM	99887
	CMU	0
	0.465175	0
	0.927111
PRED	O-SSM	99887
	CMU	0
	0.449099	0
	0.724015
PRED	O-SSM	99887
	CMU	0
	0.552738	1
	2.028279
PRED	O-SSM	99887
	CMU	0
	0.474460	0
	1.043959
PRED	O-SSM	99887
	CMU	0
	0.469299	0
	0.979040
PRED	O-SSM	99887
	CMU	0
	0.472651	0
	1.021218
PRED	O-SSM	99887
	CMU	0
	0.435010	0
	0.544921
PRED	O-SSM	99887
	CMU	0
	0.524998	1
	1.678224
PRED	O-SSM	99887
	UCLA_2	1
	0.378257	0
	0.852163
PRED	O-SSM	99887
	UCLA_2	1
	0.373086	0
	0.883214
PRED	O-SSM	99887
	UCLA_2	1
	0.326662	0
	1.170987
PRED	O-SSM	99887
	UCLA_2	1
	0.261016	0
	1.617978
PRED	O-SSM	99887
	UCLA_2	1
	0.495296	0
	0.178740
PRED	O-SSM	99887
	UCLA_2	1
	0.391185	0
	0.775237
PRED	O-SSM	99887
	UCLA_2	1
	0.408531	0
	0.673419
PRED	O-SSM	99887
	UCLA_2	1
	0.345348	0
	1.053001
PRED	O-SSM	99887
	UCLA_2	1
	0.273447	0
	1.528555
PRED	O-SSM	99887
	UCLA_2	1
	0.396346	0
	0.744782
PRED	O-SSM	99887
	UCLA_2	1
	0.258994	0
	1.632783
PRED	O-SSM	99887
	UCLA_2	1
	0.337063	0
	1.104915
PRED	O-SSM	99887
	UCLA_2	0
	0.458635	0
	0.385812
PRED	O-SSM	99887
	UCLA_2	0
	0.335223	0
	1.116528
PRED	O-SSM	99887
	UCLA_2	0
	0.462757	0
	0.362444
PRED	O-SSM	99887
	UCLA_2	0
	0.379936	0
	0.842117
PRED	O-SSM	99887
	UCLA_2	0
	0.333484	0
	1.127533
PRED	O-SSM	99887
	UCLA_2	0
	0.443541	0
	0.471674
PRED	O-SSM	99887
	UCLA_2	0
	0.324117	0
	1.187311
PRED	O-SSM	99887
	UCLA_2	0
	0.399969	0
	0.723488
PRED	O-SSM	99887
	UCLA_2	0
	0.277634	0
	1.499013
PRED	O-SSM	99887
	UCLA_2	0
	0.238229	0
	1.789414
PRED	O-SSM	99887
	UCLA_2	0
	0.265850	0
	1.582894
PRED	O-SSM	99887
	UCLA_2	0
	0.297613	0
	1.361641
PRED	O-SSM	99887
	UM_2	1
	0.392634	0
	2.611070
PRED	O-SSM	99887
	UM_2	1
	0.406201	0
	1.073084
PRED	O-SSM	99887
	UM_2	1
	0.414728	0
	0.114884
PRED	O-SSM	99887
	UM_2	1
	0.408314	0
	0.835116
PRED	O-SSM	99887
	UM_2	1
	0.404626	0
	1.250767
PRED	O-SSM	99887
	UM_2	1
	0.408679	0
	0.794052
PRED	O-SSM	99887
	UM_2	1
	0.406654	0
	1.022024
PRED	O-SSM	99887
	UM_2	1
	0.410311	0
	0.610490
PRED	O-SSM	99887
	UM_2	1
	0.394347	0
	2.415961
PRED	O-SSM	99887
	UM_2	1
	0.407582	0
	0.917506
PRED	O-SSM	99887
	UM_2	1
	0.413410	0
	0.262569
PRED	O-SSM	99887
	UM_2	1
	0.411479	0
	0.479240
PRED	O-SSM	99887
	UM_2	0
	0.406854	0
	0.999502
PRED	O-SSM	99887
	UM_2	0
	0.411818	0
	0.441256
PRED	O-SSM	99887
	UM_2	0
	0.413831	0
	0.215461
PRED	O-SSM	99887
	UM_2	0
	0.409345	0
	0.719124
PRED	O-SSM	99887
	UM_2	0
	0.407297	0
	0.949616
PRED	O-SSM	99887
	UM_2	0
	0.401236	0
	1.633948
PRED	O-SSM	99887
	UM_2	0
	0.399262	0
	1.857524
PRED	O-SSM	99887
	UM_2	0
	0.407003	0
	0.982767
PRED	O-SSM	99887
	UM_2	0
	0.409858	0
	0.661422
PRED	O-SSM	99887
	UM_2	0
	0.413169	0
	0.289666
PRED	O-SSM	99887
	UM_2	0
	0.409037	0
	0.753795
PRED	O-SSM	99887
	UM_2	0
	0.411765	0
	0.447170
PRED	O-SSM	99887
	OHSU	1
	0.390662	0
	1.055546
PRED	O-SSM	99887
	OHSU	1
	0.417462	0
	0.686719
PRED	O-SSM	99887
	OHSU	1
	0.372356	0
	1.312602
PRED	O-SSM	99887
	OHSU	1
	0.377090	0
	1.245669
PRED	O-SSM	99887
	OHSU	1
	0.413188	0
	0.745026
PRED	O-SSM	99887
	OHSU	1
	0.416329	0
	0.702158
PRED	O-SSM	99887
	OHSU	1
	0.401764	0
	0.901787
PRED	O-SSM	99887
	OHSU	1
	0.410914	0
	0.776126
PRED	O-SSM	99887
	OHSU	1
	0.405266	0
	0.853594
PRED	O-SSM	99887
	OHSU	1
	0.406761	0
	0.833049
PRED	O-SSM	99887
	OHSU	1
	0.395479	0
	0.988650
PRED	O-SSM	99887
	OHSU	1
	0.429543	0
	0.522782
PRED	O-SSM	99887
	OHSU	0
	0.349367	0
	1.642901
PRED	O-SSM	99887
	OHSU	0
	0.356789	0
	1.535247
PRED	O-SSM	99887
	OHSU	0
	0.290439	0
	2.542134
PRED	O-SSM	99887
	OHSU	0
	0.279393	0
	2.721764
PRED	O-SSM	99887
	OHSU	0
	0.466530	0
	0.027054
PRED	O-SSM	99887
	OHSU	0
	0.367077	0
	1.387656
PRED	O-SSM	99887
	OHSU	0
	0.448082	0
	0.273338
PRED	O-SSM	99887
	OHSU	0
	0.355802	0
	1.549504
PRED	O-SSM	99887
	OHSU	0
	0.427017	0
	0.556957
PRED	O-SSM	99887
	OHSU	0
	0.366130	0
	1.401161
PRED	O-SSM	99887
	OHSU	0
	0.399359	0
	0.934973
PRED	O-SSM	99887
	OHSU	0
	0.443771	0
	0.331145
  O-SSM    99887
   acc=49.600000% bal=49.615385% sites=20
/20
 test_n=500
 assoc=0.975771
PRED	O-SSM	22222
	NYU	1
	0.407839	0
	0.438379
PRED	O-SSM	22222
	NYU	1
	0.407117	0
	0.500477
PRED	O-SSM	22222
	NYU	1
	0.407287	0
	0.485852
PRED	O-SSM	22222
	NYU	1
	0.403876	0
	0.779328
PRED	O-SSM	22222
	NYU	1
	0.394786	0
	1.565578
PRED	O-SSM	22222
	NYU	1
	0.400844	0
	1.040955
PRED	O-SSM	22222
	NYU	1
	0.396478	0
	1.418766
PRED	O-SSM	22222
	NYU	1
	0.399695	0
	1.140263
PRED	O-SSM	22222
	NYU	1
	0.406182	0
	0.580845
PRED	O-SSM	22222
	NYU	1
	0.391638	0
	1.839338
PRED	O-SSM	22222
	NYU	1
	0.406526	0
	0.551293
PRED	O-SSM	22222
	NYU	1
	0.395882	0
	1.470457
PRED	O-SSM	22222
	NYU	1
	0.400773	0
	1.047120
PRED	O-SSM	22222
	NYU	0
	0.398996	0
	1.200676
PRED	O-SSM	22222
	NYU	0
	0.403215	0
	0.836340
PRED	O-SSM	22222
	NYU	0
	0.392677	0
	1.748843
PRED	O-SSM	22222
	NYU	0
	0.395644	0
	1.491123
PRED	O-SSM	22222
	NYU	0
	0.402374	0
	0.908898
PRED	O-SSM	22222
	NYU	0
	0.398910	0
	1.208111
PRED	O-SSM	22222
	NYU	0
	0.397993	0
	1.287486
PRED	O-SSM	22222
	NYU	0
	0.399290	0
	1.175276
PRED	O-SSM	22222
	NYU	0
	0.380284	0
	2.833295
PRED	O-SSM	22222
	NYU	0
	0.408436	0
	0.387111
PRED	O-SSM	22222
	NYU	0
	0.408669	0
	0.367124
PRED	O-SSM	22222
	NYU	0
	0.404088	0
	0.761118
PRED	O-SSM	22222
	NYU	0
	0.394796	0
	1.564696
PRED	O-SSM	22222
	UM_1	1
	0.276999	0
	1.595876
PRED	O-SSM	22222
	UM_1	1
	0.288710	0
	1.272978
PRED	O-SSM	22222
	UM_1	1
	0.303960	0
	0.863889
PRED	O-SSM	22222
	UM_1	1
	0.288423	0
	1.280796
PRED	O-SSM	22222
	UM_1	1
	0.327520	0
	0.253806
PRED	O-SSM	22222
	UM_1	1
	0.294176	0
	1.124945
PRED	O-SSM	22222
	UM_1	1
	0.325740	0
	0.299055
PRED	O-SSM	22222
	UM_1	1
	0.317921	0
	0.499416
PRED	O-SSM	22222
	UM_1	1
	0.284073	0
	1.399866
PRED	O-SSM	22222
	UM_1	1
	0.285177	0
	1.369533
PRED	O-SSM	22222
	UM_1	1
	0.290841	0
	1.215050
PRED	O-SSM	22222
	UM_1	1
	0.301782	0
	0.921583
PRED	O-SSM	22222
	UM_1	1
	0.294759	0
	1.109243
PRED	O-SSM	22222
	UM_1	0
	0.293950	0
	1.131022
PRED	O-SSM	22222
	UM_1	0
	0.334087	0
	0.087886
PRED	O-SSM	22222
	UM_1	0
	0.282642	0
	1.439279
PRED	O-SSM	22222
	UM_1	0
	0.304413	0
	0.851922
PRED	O-SSM	22222
	UM_1	0
	0.304178	0
	0.858118
PRED	O-SSM	22222
	UM_1	0
	0.301412	0
	0.931396
PRED	O-SSM	22222
	UM_1	0
	0.289637	0
	1.247740
PRED	O-SSM	22222
	UM_1	0
	0.302032	0
	0.914943
PRED	O-SSM	22222
	UM_1	0
	0.285192	0
	1.369139
PRED	O-SSM	22222
	UM_1	0
	0.265028	0
	1.934792
PRED	O-SSM	22222
	UM_1	0
	0.281727	0
	1.464533
PRED	O-SSM	22222
	UM_1	0
	0.289288	0
	1.257228
PRED	O-SSM	22222
	UM_1	0
	0.326275	0
	0.285442
PRED	O-SSM	22222
	UCLA_1	1
	0.396247	0
	1.154847
PRED	O-SSM	22222
	UCLA_1	1
	0.395352	0
	1.190111
PRED	O-SSM	22222
	UCLA_1	1
	0.397751	0
	1.095593
PRED	O-SSM	22222
	UCLA_1	1
	0.411421	0
	0.560632
PRED	O-SSM	22222
	UCLA_1	1
	0.394029	0
	1.242303
PRED	O-SSM	22222
	UCLA_1	1
	0.402633	0
	0.903883
PRED	O-SSM	22222
	UCLA_1	1
	0.417229	0
	0.334984
PRED	O-SSM	22222
	UCLA_1	1
	0.401609	0
	0.944033
PRED	O-SSM	22222
	UCLA_1	1
	0.397734	0
	1.096293
PRED	O-SSM	22222
	UCLA_1	1
	0.402522	0
	0.908222
PRED	O-SSM	22222
	UCLA_1	1
	0.373588	0
	2.057234
PRED	O-SSM	22222
	UCLA_1	1
	0.407218	0
	0.724515
PRED	O-SSM	22222
	UCLA_1	1
	0.399574	0
	1.023918
PRED	O-SSM	22222
	UCLA_1	0
	0.407356	0
	0.719096
PRED	O-SSM	22222
	UCLA_1	0
	0.400641	0
	0.982005
PRED	O-SSM	22222
	UCLA_1	0
	0.409445	0
	0.637585
PRED	O-SSM	22222
	UCLA_1	0
	0.396260	0
	1.154300
PRED	O-SSM	22222
	UCLA_1	0
	0.392047	0
	1.320637
PRED	O-SSM	22222
	UCLA_1	0
	0.411217	0
	0.568549
PRED	O-SSM	22222
	UCLA_1	0
	0.366904	0
	2.327485
PRED	O-SSM	22222
	UCLA_1	0
	0.393507	0
	1.262937
PRED	O-SSM	22222
	UCLA_1	0
	0.386047	0
	1.558588
PRED	O-SSM	22222
	UCLA_1	0
	0.409315	0
	0.642689
PRED	O-SSM	22222
	UCLA_1	0
	0.406168	0
	0.765507
PRED	O-SSM	22222
	UCLA_1	0
	0.395038	0
	1.202481
PRED	O-SSM	22222
	UCLA_1	0
	0.410403	0
	0.600271
PRED	O-SSM	22222
	YALE	1
	0.508698	1
	1.408638
PRED	O-SSM	22222
	YALE	1
	0.506741	1
	0.802636
PRED	O-SSM	22222
	YALE	1
	0.506072	1
	0.595463
PRED	O-SSM	22222
	YALE	1
	0.509476	1
	1.649646
PRED	O-SSM	22222
	YALE	1
	0.504553	1
	0.125132
PRED	O-SSM	22222
	YALE	1
	0.507596	1
	1.067277
PRED	O-SSM	22222
	YALE	1
	0.507565	1
	1.057691
PRED	O-SSM	22222
	YALE	1
	0.506462	1
	0.716184
PRED	O-SSM	22222
	YALE	1
	0.506104	1
	0.605219
PRED	O-SSM	22222
	YALE	1
	0.507526	1
	1.045706
PRED	O-SSM	22222
	YALE	1
	0.506583	1
	0.753742
PRED	O-SSM	22222
	YALE	1
	0.507285	1
	0.971012
PRED	O-SSM	22222
	YALE	1
	0.505577	1
	0.442085
PRED	O-SSM	22222
	YALE	0
	0.504755	1
	0.187716
PRED	O-SSM	22222
	YALE	0
	0.505379	1
	0.380901
PRED	O-SSM	22222
	YALE	0
	0.508728	1
	1.417983
PRED	O-SSM	22222
	YALE	0
	0.504551	1
	0.124457
PRED	O-SSM	22222
	YALE	0
	0.510339	1
	1.916704
PRED	O-SSM	22222
	YALE	0
	0.511972	1
	2.422757
PRED	O-SSM	22222
	YALE	0
	0.507060	1
	0.901474
PRED	O-SSM	22222
	YALE	0
	0.506248	1
	0.649975
PRED	O-SSM	22222
	YALE	0
	0.507533	1
	1.047947
PRED	O-SSM	22222
	YALE	0
	0.510142	1
	1.855841
PRED	O-SSM	22222
	YALE	0
	0.514948	1
	3.344551
PRED	O-SSM	22222
	YALE	0
	0.506160	1
	0.622581
PRED	O-SSM	22222
	YALE	0
	0.508015	1
	1.196942
PRED	O-SSM	22222
	PITT	1
	0.491071	0
	1.037128
PRED	O-SSM	22222
	PITT	1
	0.452456	0
	1.829625
PRED	O-SSM	22222
	PITT	1
	0.493402	0
	0.989473
PRED	O-SSM	22222
	PITT	1
	0.474382	0
	1.378817
PRED	O-SSM	22222
	PITT	1
	0.495482	0
	0.946924
PRED	O-SSM	22222
	PITT	1
	0.471922	0
	1.429262
PRED	O-SSM	22222
	PITT	1
	0.523194	1
	0.379952
PRED	O-SSM	22222
	PITT	1
	0.485743	0
	1.146144
PRED	O-SSM	22222
	PITT	1
	0.491878	0
	1.020631
PRED	O-SSM	22222
	PITT	1
	0.504643	1
	0.759612
PRED	O-SSM	22222
	PITT	1
	0.486248	0
	1.135804
PRED	O-SSM	22222
	PITT	1
	0.490453	0
	1.049786
PRED	O-SSM	22222
	PITT	1
	0.526972	1
	0.302519
PRED	O-SSM	22222
	PITT	0
	0.502356	1
	0.806365
PRED	O-SSM	22222
	PITT	0
	0.489240	0
	1.074598
PRED	O-SSM	22222
	PITT	0
	0.450236	0
	1.875458
PRED	O-SSM	22222
	PITT	0
	0.494344	0
	0.970205
PRED	O-SSM	22222
	PITT	0
	0.502226	1
	0.809024
PRED	O-SSM	22222
	PITT	0
	0.501990	1
	0.813854
PRED	O-SSM	22222
	PITT	0
	0.513673	1
	0.574903
PRED	O-SSM	22222
	PITT	0
	0.474680	0
	1.372710
PRED	O-SSM	22222
	PITT	0
	0.468039	0
	1.508954
PRED	O-SSM	22222
	PITT	0
	0.466285	0
	1.544965
PRED	O-SSM	22222
	PITT	0
	0.494986	0
	0.957073
PRED	O-SSM	22222
	PITT	0
	0.485638	0
	1.148295
PRED	O-SSM	22222
	PITT	0
	0.478689	0
	1.290559
PRED	O-SSM	22222
	USM	1
	0.566927	1
	0.444902
PRED	O-SSM	22222
	USM	1
	0.579085	1
	0.706093
PRED	O-SSM	22222
	USM	1
	0.559632	1
	0.289045
PRED	O-SSM	22222
	USM	1
	0.602224	1
	1.209160
PRED	O-SSM	22222
	USM	1
	0.616142	1
	1.516423
PRED	O-SSM	22222
	USM	1
	0.636985	1
	1.984694
PRED	O-SSM	22222
	USM	1
	0.561404	1
	0.326864
PRED	O-SSM	22222
	USM	1
	0.594984	1
	1.050810
PRED	O-SSM	22222
	USM	1
	0.617786	1
	1.552992
PRED	O-SSM	22222
	USM	1
	0.586142	1
	0.858603
PRED	O-SSM	22222
	USM	1
	0.558076	1
	0.255888
PRED	O-SSM	22222
	USM	1
	0.557484	1
	0.243269
PRED	O-SSM	22222
	USM	1
	0.590347	1
	0.949841
PRED	O-SSM	22222
	USM	0
	0.554807	1
	0.186272
PRED	O-SSM	22222
	USM	0
	0.575381	1
	0.626318
PRED	O-SSM	22222
	USM	0
	0.617786	1
	1.552995
PRED	O-SSM	22222
	USM	0
	0.566325	1
	0.432017
PRED	O-SSM	22222
	USM	0
	0.601124	1
	1.185047
PRED	O-SSM	22222
	USM	0
	0.615600	1
	1.504393
PRED	O-SSM	22222
	USM	0
	0.582720	1
	0.784552
PRED	O-SSM	22222
	USM	0
	0.587191	1
	0.881343
PRED	O-SSM	22222
	USM	0
	0.553515	1
	0.158787
PRED	O-SSM	22222
	USM	0
	0.554081	1
	0.170830
PRED	O-SSM	22222
	USM	0
	0.588767	1
	0.915527
PRED	O-SSM	22222
	USM	0
	0.567199	1
	0.450738
PRED	O-SSM	22222
	USM	0
	0.567338	1
	0.453703
PRED	O-SSM	22222
	MAX_MUN	1
	0.543282	1
	0.181479
PRED	O-SSM	22222
	MAX_MUN	1
	0.491086	0
	0.523966
PRED	O-SSM	22222
	MAX_MUN	1
	0.383723	0
	1.241153
PRED	O-SSM	22222
	MAX_MUN	1
	0.478027	0
	0.609561
PRED	O-SSM	22222
	MAX_MUN	1
	0.407491	0
	1.078387
PRED	O-SSM	22222
	MAX_MUN	1
	0.378992	0
	1.273975
PRED	O-SSM	22222
	MAX_MUN	1
	0.507218	1
	0.418327
PRED	O-SSM	22222
	MAX_MUN	1
	0.463064	0
	0.707888
PRED	O-SSM	22222
	MAX_MUN	1
	0.446844	0
	0.814976
PRED	O-SSM	22222
	MAX_MUN	1
	0.529105	1
	0.274803
PRED	O-SSM	22222
	MAX_MUN	1
	0.372541	0
	1.318998
PRED	O-SSM	22222
	MAX_MUN	1
	0.470763	0
	0.657253
PRED	O-SSM	22222
	MAX_MUN	1
	0.346107	0
	1.507029
PRED	O-SSM	22222
	MAX_MUN	0
	0.433634	0
	0.902731
PRED	O-SSM	22222
	MAX_MUN	0
	0.445275	0
	0.825365
PRED	O-SSM	22222
	MAX_MUN	0
	0.383973	0
	1.239424
PRED	O-SSM	22222
	MAX_MUN	0
	0.464762	0
	0.696714
PRED	O-SSM	22222
	MAX_MUN	0
	0.375541	0
	1.298025
PRED	O-SSM	22222
	MAX_MUN	0
	0.346856	0
	1.501617
PRED	O-SSM	22222
	MAX_MUN	0
	0.342191	0
	1.535429
PRED	O-SSM	22222
	MAX_MUN	0
	0.369432	0
	1.340811
PRED	O-SSM	22222
	MAX_MUN	0
	0.329843	0
	1.626038
PRED	O-SSM	22222
	MAX_MUN	0
	0.364727	0
	1.373957
PRED	O-SSM	22222
	MAX_MUN	0
	0.410277	0
	1.059524
PRED	O-SSM	22222
	MAX_MUN	0
	0.390837	0
	1.192072
PRED	O-SSM	22222
	MAX_MUN	0
	0.381920	0
	1.253643
PRED	O-SSM	22222
	TRINITY	1
	0.611642	1
	1.412485
PRED	O-SSM	22222
	TRINITY	1
	0.531429	1
	0.623519
PRED	O-SSM	22222
	TRINITY	1
	0.685092	1
	2.188764
PRED	O-SSM	22222
	TRINITY	1
	0.622678	1
	1.524727
PRED	O-SSM	22222
	TRINITY	1
	0.562333	1
	0.923293
PRED	O-SSM	22222
	TRINITY	1
	0.595596	1
	1.251318
PRED	O-SSM	22222
	TRINITY	1
	0.614765	1
	1.444122
PRED	O-SSM	22222
	TRINITY	1
	0.547869	1
	0.782551
PRED	O-SSM	22222
	TRINITY	1
	0.633598	1
	1.637075
PRED	O-SSM	22222
	TRINITY	1
	0.581916	1
	1.115543
PRED	O-SSM	22222
	TRINITY	1
	0.652317	1
	1.833049
PRED	O-SSM	22222
	TRINITY	1
	0.561584	1
	0.915984
PRED	O-SSM	22222
	TRINITY	1
	0.576034	1
	1.057566
PRED	O-SSM	22222
	TRINITY	0
	0.534266	1
	0.650910
PRED	O-SSM	22222
	TRINITY	0
	0.540947	1
	0.715491
PRED	O-SSM	22222
	TRINITY	0
	0.587080	1
	1.166638
PRED	O-SSM	22222
	TRINITY	0
	0.560364	1
	0.904079
PRED	O-SSM	22222
	TRINITY	0
	0.526447	1
	0.575468
PRED	O-SSM	22222
	TRINITY	0
	0.559960	1
	0.900138
PRED	O-SSM	22222
	TRINITY	0
	0.498993	0
	0.311355
PRED	O-SSM	22222
	TRINITY	0
	0.585598	1
	1.151955
PRED	O-SSM	22222
	TRINITY	0
	0.514607	1
	0.461474
PRED	O-SSM	22222
	TRINITY	0
	0.662001	1
	1.936332
PRED	O-SSM	22222
	TRINITY	0
	0.588760	1
	1.183307
PRED	O-SSM	22222
	TRINITY	0
	0.541171	1
	0.717651
PRED	O-SSM	22222
	TRINITY	0
	0.602300	1
	1.318385
PRED	O-SSM	22222
	KKI	1
	0.212120	0
	1.173299
PRED	O-SSM	22222
	KKI	1
	0.213012	0
	1.331850
PRED	O-SSM	22222
	KKI	1
	0.212283	0
	1.202272
PRED	O-SSM	22222
	KKI	1
	0.212526	0
	1.245472
PRED	O-SSM	22222
	KKI	1
	0.211069	0
	0.985959
PRED	O-SSM	22222
	KKI	1
	0.211855	0
	1.126196
PRED	O-SSM	22222
	KKI	1
	0.214876	0
	1.661519
PRED	O-SSM	22222
	KKI	1
	0.214047	0
	1.515214
PRED	O-SSM	22222
	KKI	1
	0.214663	0
	1.623985
PRED	O-SSM	22222
	KKI	1
	0.209889	0
	0.774713
PRED	O-SSM	22222
	KKI	1
	0.211923	0
	1.138326
PRED	O-SSM	22222
	KKI	1
	0.208524	0
	0.529449
PRED	O-SSM	22222
	KKI	1
	0.207589	0
	0.360677
PRED	O-SSM	22222
	KKI	0
	0.214025	0
	1.511314
PRED	O-SSM	22222
	KKI	0
	0.213282	0
	1.379687
PRED	O-SSM	22222
	KKI	0
	0.223034	0
	3.080371
PRED	O-SSM	22222
	KKI	0
	0.216020	0
	1.862779
PRED	O-SSM	22222
	KKI	0
	0.209958	0
	0.787144
PRED	O-SSM	22222
	KKI	0
	0.207797	0
	0.398255
PRED	O-SSM	22222
	KKI	0
	0.212428	0
	1.228205
PRED	O-SSM	22222
	KKI	0
	0.212726	0
	1.281023
PRED	O-SSM	22222
	KKI	0
	0.208051	0
	0.444093
PRED	O-SSM	22222
	KKI	0
	0.207392	0
	0.324978
PRED	O-SSM	22222
	KKI	0
	0.212083	0
	1.166815
PRED	O-SSM	22222
	KKI	0
	0.209788	0
	0.756732
PRED	O-SSM	22222
	KKI	0
	0.213814	0
	1.474022
PRED	O-SSM	22222
	STANFORD	1
	0.828503	1
	2.093335
PRED	O-SSM	22222
	STANFORD	1
	0.750569	1
	1.131172
PRED	O-SSM	22222
	STANFORD	1
	0.882119	1
	2.982733
PRED	O-SSM	22222
	STANFORD	1
	0.787762	1
	1.557656
PRED	O-SSM	22222
	STANFORD	1
	0.764173	1
	1.281667
PRED	O-SSM	22222
	STANFORD	1
	0.802120	1
	1.736729
PRED	O-SSM	22222
	STANFORD	1
	0.716353	1
	0.775074
PRED	O-SSM	22222
	STANFORD	1
	0.717137	1
	0.782921
PRED	O-SSM	22222
	STANFORD	1
	0.774597	1
	1.401088
PRED	O-SSM	22222
	STANFORD	1
	0.724543	1
	0.857727
PRED	O-SSM	22222
	STANFORD	1
	0.734619	1
	0.961536
PRED	O-SSM	22222
	STANFORD	1
	0.690720	1
	0.525176
PRED	O-SSM	22222
	STANFORD	1
	0.673783	1
	0.366350
PRED	O-SSM	22222
	STANFORD	0
	0.736041	1
	0.976385
PRED	O-SSM	22222
	STANFORD	0
	0.791649	1
	1.605232
PRED	O-SSM	22222
	STANFORD	0
	0.674289	1
	0.371030
PRED	O-SSM	22222
	STANFORD	0
	0.714570	1
	0.757271
PRED	O-SSM	22222
	STANFORD	0
	0.756046	1
	1.191077
PRED	O-SSM	22222
	STANFORD	0
	0.778223	1
	1.443539
PRED	O-SSM	22222
	STANFORD	0
	0.640370	1
	0.064787
PRED	O-SSM	22222
	STANFORD	0
	0.724121	1
	0.853429
PRED	O-SSM	22222
	STANFORD	0
	0.828939	1
	2.099582
PRED	O-SSM	22222
	STANFORD	0
	0.675375	1
	0.381096
PRED	O-SSM	22222
	STANFORD	0
	0.700903	1
	0.622965
PRED	O-SSM	22222
	STANFORD	0
	0.786673	1
	1.544437
PRED	O-SSM	22222
	STANFORD	0
	0.764359	1
	1.283759
PRED	O-SSM	22222
	CALTECH	1
	0.463715	0
	0.517426
PRED	O-SSM	22222
	CALTECH	1
	0.438342	0
	0.418298
PRED	O-SSM	22222
	CALTECH	1
	0.442229	0
	0.433552
PRED	O-SSM	22222
	CALTECH	1
	0.498445	0
	0.652031
PRED	O-SSM	22222
	CALTECH	1
	0.590107	1
	1.010475
PRED	O-SSM	22222
	CALTECH	1
	0.816477	1
	2.101650
PRED	O-SSM	22222
	CALTECH	1
	0.480358	0
	0.582020
PRED	O-SSM	22222
	CALTECH	1
	0.710446	1
	1.526099
PRED	O-SSM	22222
	CALTECH	1
	0.381283	0
	0.189846
PRED	O-SSM	22222
	CALTECH	1
	0.936556	1
	3.261634
PRED	O-SSM	22222
	CALTECH	1
	0.584711	1
	0.988944
PRED	O-SSM	22222
	CALTECH	1
	0.407657	0
	0.296663
PRED	O-SSM	22222
	CALTECH	0
	0.480016	0
	0.580695
PRED	O-SSM	22222
	CALTECH	0
	0.550230	1
	0.853017
PRED	O-SSM	22222
	CALTECH	0
	0.364162	0
	0.119014
PRED	O-SSM	22222
	CALTECH	0
	0.493711	0
	0.633714
PRED	O-SSM	22222
	CALTECH	0
	0.661766	1
	1.307160
PRED	O-SSM	22222
	CALTECH	0
	0.542744	1
	0.823806
PRED	O-SSM	22222
	CALTECH	0
	0.724392	1
	1.592640
PRED	O-SSM	22222
	CALTECH	0
	0.374349	0
	0.161318
PRED	O-SSM	22222
	CALTECH	0
	0.434077	0
	0.401523
PRED	O-SSM	22222
	CALTECH	0
	0.701104	1
	1.482589
PRED	O-SSM	22222
	CALTECH	0
	0.620062	1
	1.131761
PRED	O-SSM	22222
	CALTECH	0
	0.403626	0
	0.280494
PRED	O-SSM	22222
	LEUVEN_2	1
	0.164523	0
	1.631738
PRED	O-SSM	22222
	LEUVEN_2	1
	0.215012	0
	1.078911
PRED	O-SSM	22222
	LEUVEN_2	1
	0.310213	0
	0.248192
PRED	O-SSM	22222
	LEUVEN_2	1
	0.199114	0
	1.241195
PRED	O-SSM	22222
	LEUVEN_2	1
	0.275600	0
	0.528424
PRED	O-SSM	22222
	LEUVEN_2	1
	0.211184	0
	1.117160
PRED	O-SSM	22222
	LEUVEN_2	1
	0.238026	0
	0.858705
PRED	O-SSM	22222
	LEUVEN_2	1
	0.256539	0
	0.692014
PRED	O-SSM	22222
	LEUVEN_2	1
	0.158609	0
	1.704874
PRED	O-SSM	22222
	LEUVEN_2	1
	0.194816	0
	1.286722
PRED	O-SSM	22222
	LEUVEN_2	1
	0.210689	0
	1.122139
PRED	O-SSM	22222
	LEUVEN_2	1
	0.163485	0
	1.644418
PRED	O-SSM	22222
	LEUVEN_2	0
	0.180869	0
	1.439938
PRED	O-SSM	22222
	LEUVEN_2	0
	0.209051	0
	1.138689
PRED	O-SSM	22222
	LEUVEN_2	0
	0.223092	0
	0.999769
PRED	O-SSM	22222
	LEUVEN_2	0
	0.184623	0
	1.397829
PRED	O-SSM	22222
	LEUVEN_2	0
	0.277316	0
	0.514058
PRED	O-SSM	22222
	LEUVEN_2	0
	0.305753	0
	0.283254
PRED	O-SSM	22222
	LEUVEN_2	0
	0.169585	0
	1.570776
PRED	O-SSM	22222
	LEUVEN_2	0
	0.277787	0
	0.510117
PRED	O-SSM	22222
	LEUVEN_2	0
	0.140078	0
	1.949522
PRED	O-SSM	22222
	LEUVEN_2	0
	0.216979	0
	1.059453
PRED	O-SSM	22222
	LEUVEN_2	0
	0.200086	0
	1.230997
PRED	O-SSM	22222
	LEUVEN_2	0
	0.277561	0
	0.512005
PRED	O-SSM	22222
	OLIN	1
	0.910192	1
	1.393862
PRED	O-SSM	22222
	OLIN	1
	0.593140	1
	0.161201
PRED	O-SSM	22222
	OLIN	1
	0.616022	1
	0.222063
PRED	O-SSM	22222
	OLIN	1
	0.677227	1
	0.392662
PRED	O-SSM	22222
	OLIN	1
	0.626459	1
	0.250260
PRED	O-SSM	22222
	OLIN	1
	0.723832	1
	0.534102
PRED	O-SSM	22222
	OLIN	1
	0.755931	1
	0.640235
PRED	O-SSM	22222
	OLIN	1
	0.966073	1
	2.050576
PRED	O-SSM	22222
	OLIN	1
	0.710240	1
	0.491511
PRED	O-SSM	22222
	OLIN	1
	0.577975	1
	0.121472
PRED	O-SSM	22222
	OLIN	1
	0.608690	1
	0.202426
PRED	O-SSM	22222
	OLIN	1
	0.954799	1
	1.860721
PRED	O-SSM	22222
	OLIN	0
	0.904189	1
	1.348521
PRED	O-SSM	22222
	OLIN	0
	0.599750	1
	0.178660
PRED	O-SSM	22222
	OLIN	0
	0.787908	1
	0.755848
PRED	O-SSM	22222
	OLIN	0
	0.644041	1
	0.298507
PRED	O-SSM	22222
	OLIN	0
	0.879010	1
	1.182238
PRED	O-SSM	22222
	OLIN	0
	0.613966	1
	0.216542
PRED	O-SSM	22222
	OLIN	0
	0.702105	1
	0.466584
PRED	O-SSM	22222
	OLIN	0
	0.953690	1
	1.844583
PRED	O-SSM	22222
	OLIN	0
	0.957629	1
	1.903711
PRED	O-SSM	22222
	OLIN	0
	0.909859	1
	1.391279
PRED	O-SSM	22222
	OLIN	0
	0.858090	1
	1.065538
PRED	O-SSM	22222
	OLIN	0
	0.800129	1
	0.803362
PRED	O-SSM	22222
	SBL	1
	0.686831	1
	2.160937
PRED	O-SSM	22222
	SBL	1
	0.676607	1
	1.449282
PRED	O-SSM	22222
	SBL	1
	0.680538	1
	1.721468
PRED	O-SSM	22222
	SBL	1
	0.683051	1
	1.896402
PRED	O-SSM	22222
	SBL	1
	0.657362	1
	0.140534
PRED	O-SSM	22222
	SBL	1
	0.670017	1
	0.996846
PRED	O-SSM	22222
	SBL	1
	0.671862	1
	1.123025
PRED	O-SSM	22222
	SBL	1
	0.678489	1
	1.579397
PRED	O-SSM	22222
	SBL	1
	0.670025	1
	0.997363
PRED	O-SSM	22222
	SBL	1
	0.664440	1
	0.617510
PRED	O-SSM	22222
	SBL	1
	0.660201	1
	0.331237
PRED	O-SSM	22222
	SBL	1
	0.685593	1
	2.074141
PRED	O-SSM	22222
	SBL	0
	0.683169	1
	1.904636
PRED	O-SSM	22222
	SBL	0
	0.664499	1
	0.621476
PRED	O-SSM	22222
	SBL	0
	0.658815	1
	0.238008
PRED	O-SSM	22222
	SBL	0
	0.682592	1
	1.864401
PRED	O-SSM	22222
	SBL	0
	0.667909	1
	0.853075
PRED	O-SSM	22222
	SBL	0
	0.663444	1
	0.550084
PRED	O-SSM	22222
	SBL	0
	0.665038	1
	0.657980
PRED	O-SSM	22222
	SBL	0
	0.662279	1
	0.471310
PRED	O-SSM	22222
	SBL	0
	0.669182	1
	0.939801
PRED	O-SSM	22222
	SBL	0
	0.664213	1
	0.602081
PRED	O-SSM	22222
	SBL	0
	0.676857	1
	1.466575
PRED	O-SSM	22222
	SBL	0
	0.673728	1
	1.251038
PRED	O-SSM	22222
	LEUVEN_1	1
	0.301138	0
	0.787714
PRED	O-SSM	22222
	LEUVEN_1	1
	0.299409	0
	0.848665
PRED	O-SSM	22222
	LEUVEN_1	1
	0.274430	0
	1.753338
PRED	O-SSM	22222
	LEUVEN_1	1
	0.294251	0
	1.031705
PRED	O-SSM	22222
	LEUVEN_1	1
	0.296886	0
	0.937957
PRED	O-SSM	22222
	LEUVEN_1	1
	0.287178	0
	1.285746
PRED	O-SSM	22222
	LEUVEN_1	1
	0.315740	0
	0.280605
PRED	O-SSM	22222
	LEUVEN_1	1
	0.296288	0
	0.959173
PRED	O-SSM	22222
	LEUVEN_1	1
	0.304715	0
	0.662244
PRED	O-SSM	22222
	LEUVEN_1	1
	0.290254	0
	1.174832
PRED	O-SSM	22222
	LEUVEN_1	1
	0.298882	0
	0.867269
PRED	O-SSM	22222
	LEUVEN_1	1
	0.277145	0
	1.652670
PRED	O-SSM	22222
	LEUVEN_1	0
	0.272198	0
	1.836580
PRED	O-SSM	22222
	LEUVEN_1	0
	0.291055	0
	1.146054
PRED	O-SSM	22222
	LEUVEN_1	0
	0.314340	0
	0.328683
PRED	O-SSM	22222
	LEUVEN_1	0
	0.290367	0
	1.170768
PRED	O-SSM	22222
	LEUVEN_1	0
	0.275249	0
	1.722915
PRED	O-SSM	22222
	LEUVEN_1	0
	0.297090	0
	0.930706
PRED	O-SSM	22222
	LEUVEN_1	0
	0.306701	0
	0.592952
PRED	O-SSM	22222
	LEUVEN_1	0
	0.308320	0
	0.536617
PRED	O-SSM	22222
	LEUVEN_1	0
	0.307728	0
	0.557190
PRED	O-SSM	22222
	LEUVEN_1	0
	0.314191	0
	0.333794
PRED	O-SSM	22222
	LEUVEN_1	0
	0.307383	0
	0.569201
PRED	O-SSM	22222
	LEUVEN_1	0
	0.320090	0
	0.132031
PRED	O-SSM	22222
	SDSU	1
	0.450060	0
	0.448721
PRED	O-SSM	22222
	SDSU	1
	0.436385	0
	0.644837
PRED	O-SSM	22222
	SDSU	1
	0.443107	0
	0.548289
PRED	O-SSM	22222
	SDSU	1
	0.451757	0
	0.424466
PRED	O-SSM	22222
	SDSU	1
	0.363941	0
	1.715196
PRED	O-SSM	22222
	SDSU	1
	0.347399	0
	1.970662
PRED	O-SSM	22222
	SDSU	1
	0.464377	0
	0.244553
PRED	O-SSM	22222
	SDSU	1
	0.431552	0
	0.714464
PRED	O-SSM	22222
	SDSU	1
	0.404027	0
	1.115042
PRED	O-SSM	22222
	SDSU	1
	0.405160	0
	1.098405
PRED	O-SSM	22222
	SDSU	1
	0.425123	0
	0.807389
PRED	O-SSM	22222
	SDSU	1
	0.401192	0
	1.156763
PRED	O-SSM	22222
	SDSU	0
	0.341581	0
	2.061854
PRED	O-SSM	22222
	SDSU	0
	0.382371	0
	1.436313
PRED	O-SSM	22222
	SDSU	0
	0.473299	0
	0.117761
PRED	O-SSM	22222
	SDSU	0
	0.291102	0
	2.889167
PRED	O-SSM	22222
	SDSU	0
	0.425072	0
	0.808124
PRED	O-SSM	22222
	SDSU	0
	0.407566	0
	1.063102
PRED	O-SSM	22222
	SDSU	0
	0.440152	0
	0.590692
PRED	O-SSM	22222
	SDSU	0
	0.368056	0
	1.652433
PRED	O-SSM	22222
	SDSU	0
	0.418308	0
	0.906285
PRED	O-SSM	22222
	SDSU	0
	0.386838	0
	1.369522
PRED	O-SSM	22222
	SDSU	0
	0.432025	0
	0.707652
PRED	O-SSM	22222
	SDSU	0
	0.396932	0
	1.219624
PRED	O-SSM	22222
	CMU	1
	0.252159	0
	1.416914
PRED	O-SSM	22222
	CMU	1
	0.531757	1
	0.073598
PRED	O-SSM	22222
	CMU	1
	0.485282	0
	0.279451
PRED	O-SSM	22222
	CMU	1
	0.466904	0
	0.360969
PRED	O-SSM	22222
	CMU	1
	0.311916	0
	1.089527
PRED	O-SSM	22222
	CMU	1
	0.483820	0
	0.285928
PRED	O-SSM	22222
	CMU	1
	0.539893	1
	0.037409
PRED	O-SSM	22222
	CMU	1
	0.312052	0
	1.088823
PRED	O-SSM	22222
	CMU	1
	0.388199	0
	0.717517
PRED	O-SSM	22222
	CMU	1
	0.382746	0
	0.742981
PRED	O-SSM	22222
	CMU	1
	0.490405	0
	0.256772
PRED	O-SSM	22222
	CMU	1
	0.507221	1
	0.182354
PRED	O-SSM	22222
	CMU	0
	0.375414	0
	0.777440
PRED	O-SSM	22222
	CMU	0
	0.405465	0
	0.637710
PRED	O-SSM	22222
	CMU	0
	0.526281	1
	0.097910
PRED	O-SSM	22222
	CMU	0
	0.397564	0
	0.674084
PRED	O-SSM	22222
	CMU	0
	0.370491	0
	0.800730
PRED	O-SSM	22222
	CMU	0
	0.440874	0
	0.477164
PRED	O-SSM	22222
	CMU	0
	0.335139	0
	0.972107
PRED	O-SSM	22222
	CMU	0
	0.333002	0
	0.982732
PRED	O-SSM	22222
	CMU	0
	0.279452	0
	1.262104
PRED	O-SSM	22222
	CMU	0
	0.195747	0
	1.777499
PRED	O-SSM	22222
	CMU	0
	0.469063	0
	0.351378
PRED	O-SSM	22222
	CMU	0
	0.156475	0
	2.077955
PRED	O-SSM	22222
	UCLA_2	1
	0.553151	1
	0.634386
PRED	O-SSM	22222
	UCLA_2	1
	0.516429	1
	1.473394
PRED	O-SSM	22222
	UCLA_2	1
	0.533820	1
	1.077116
PRED	O-SSM	22222
	UCLA_2	1
	0.516624	1
	1.468971
PRED	O-SSM	22222
	UCLA_2	1
	0.568497	1
	0.280352
PRED	O-SSM	22222
	UCLA_2	1
	0.542981	1
	0.867668
PRED	O-SSM	22222
	UCLA_2	1
	0.556118	1
	0.566145
PRED	O-SSM	22222
	UCLA_2	1
	0.527949	1
	1.211058
PRED	O-SSM	22222
	UCLA_2	1
	0.512221	1
	1.569104
PRED	O-SSM	22222
	UCLA_2	1
	0.558712	1
	0.506395
PRED	O-SSM	22222
	UCLA_2	1
	0.496067	0
	1.936306
PRED	O-SSM	22222
	UCLA_2	1
	0.524985	1
	1.278612
PRED	O-SSM	22222
	UCLA_2	0
	0.566176	1
	0.334067
PRED	O-SSM	22222
	UCLA_2	0
	0.530275	1
	1.158028
PRED	O-SSM	22222
	UCLA_2	0
	0.568109	1
	0.289338
PRED	O-SSM	22222
	UCLA_2	0
	0.544617	1
	0.830219
PRED	O-SSM	22222
	UCLA_2	0
	0.542133	1
	0.887085
PRED	O-SSM	22222
	UCLA_2	0
	0.568228	1
	0.286574
PRED	O-SSM	22222
	UCLA_2	0
	0.519437	1
	1.404959
PRED	O-SSM	22222
	UCLA_2	0
	0.546831	1
	0.779468
PRED	O-SSM	22222
	UCLA_2	0
	0.485066	0
	2.186412
PRED	O-SSM	22222
	UCLA_2	0
	0.494333	0
	1.975714
PRED	O-SSM	22222
	UCLA_2	0
	0.514559	1
	1.515936
PRED	O-SSM	22222
	UCLA_2	0
	0.516592	1
	1.469682
PRED	O-SSM	22222
	UM_2	1
	0.023932	0
	2.546281
PRED	O-SSM	22222
	UM_2	1
	0.205177	0
	0.837913
PRED	O-SSM	22222
	UM_2	1
	0.397073	0
	0.158244
PRED	O-SSM	22222
	UM_2	1
	0.187787	0
	0.917893
PRED	O-SSM	22222
	UM_2	1
	0.143020	0
	1.154455
PRED	O-SSM	22222
	UM_2	1
	0.284356	0
	0.524926
PRED	O-SSM	22222
	UM_2	1
	0.171763	0
	0.996801
PRED	O-SSM	22222
	UM_2	1
	0.265110	0
	0.595044
PRED	O-SSM	22222
	UM_2	1
	0.036481	0
	2.230932
PRED	O-SSM	22222
	UM_2	1
	0.152974	0
	1.097146
PRED	O-SSM	22222
	UM_2	1
	0.299388	0
	0.472138
PRED	O-SSM	22222
	UM_2	1
	0.296454	0
	0.482318
PRED	O-SSM	22222
	UM_2	0
	0.048757	0
	2.011135
PRED	O-SSM	22222
	UM_2	0
	0.336299	0
	0.348493
PRED	O-SSM	22222
	UM_2	0
	0.325642	0
	0.383422
PRED	O-SSM	22222
	UM_2	0
	0.092857	0
	1.509182
PRED	O-SSM	22222
	UM_2	0
	0.139751	0
	1.173995
PRED	O-SSM	22222
	UM_2	0
	0.190579	0
	0.904684
PRED	O-SSM	22222
	UM_2	0
	0.101761	0
	1.435575
PRED	O-SSM	22222
	UM_2	0
	0.164751	0
	1.033163
PRED	O-SSM	22222
	UM_2	0
	0.293653	0
	0.492092
PRED	O-SSM	22222
	UM_2	0
	0.303335	0
	0.458532
PRED	O-SSM	22222
	UM_2	0
	0.160273	0
	1.057040
PRED	O-SSM	22222
	UM_2	0
	0.190619	0
	0.904498
PRED	O-SSM	22222
	OHSU	1
	0.220338	0
	1.390792
PRED	O-SSM	22222
	OHSU	1
	0.240003	0
	1.006169
PRED	O-SSM	22222
	OHSU	1
	0.171066	0
	2.479826
PRED	O-SSM	22222
	OHSU	1
	0.266995	0
	0.511727
PRED	O-SSM	22222
	OHSU	1
	0.255414	0
	0.719639
PRED	O-SSM	22222
	OHSU	1
	0.263861	0
	0.567407
PRED	O-SSM	22222
	OHSU	1
	0.264563	0
	0.554888
PRED	O-SSM	22222
	OHSU	1
	0.253481	0
	0.754926
PRED	O-SSM	22222
	OHSU	1
	0.248541	0
	0.845947
PRED	O-SSM	22222
	OHSU	1
	0.219958	0
	1.398450
PRED	O-SSM	22222
	OHSU	1
	0.234351	0
	1.114382
PRED	O-SSM	22222
	OHSU	1
	0.266421	0
	0.521895
PRED	O-SSM	22222
	OHSU	0
	0.243595	0
	0.938291
PRED	O-SSM	22222
	OHSU	0
	0.236746	0
	1.068304
PRED	O-SSM	22222
	OHSU	0
	0.210639	0
	1.589556
PRED	O-SSM	22222
	OHSU	0
	0.203280	0
	1.744863
PRED	O-SSM	22222
	OHSU	0
	0.294957	0
	0.031992
PRED	O-SSM	22222
	OHSU	0
	0.216104	0
	1.476763
PRED	O-SSM	22222
	OHSU	0
	0.281580	0
	0.257866
PRED	O-SSM	22222
	OHSU	0
	0.219381	0
	1.410116
PRED	O-SSM	22222
	OHSU	0
	0.269181	0
	0.473127
PRED	O-SSM	22222
	OHSU	0
	0.205474	0
	1.698144
PRED	O-SSM	22222
	OHSU	0
	0.234423	0
	1.112989
PRED	O-SSM	22222
	OHSU	0
	0.283851	0
	0.219075
  O-SSM    22222
   acc=51.000000% bal=50.993590% sites=20
/20
 test_n=500
 assoc=1.010549
PRED	O-SSM	44444
	NYU	1
	0.545051	1
	0.430933
PRED	O-SSM	44444
	NYU	1
	0.597596	1
	0.615111
PRED	O-SSM	44444
	NYU	1
	0.530593	1
	0.381049
PRED	O-SSM	44444
	NYU	1
	0.645479	1
	0.789856
PRED	O-SSM	44444
	NYU	1
	0.827223	1
	1.619004
PRED	O-SSM	44444
	NYU	1
	0.675461	1
	0.904568
PRED	O-SSM	44444
	NYU	1
	0.861603	1
	1.844198
PRED	O-SSM	44444
	NYU	1
	0.693368	1
	0.975683
PRED	O-SSM	44444
	NYU	1
	0.615704	1
	0.680196
PRED	O-SSM	44444
	NYU	1
	0.867615	1
	1.888251
PRED	O-SSM	44444
	NYU	1
	0.594070	1
	0.602553
PRED	O-SSM	44444
	NYU	1
	0.726417	1
	1.113413
PRED	O-SSM	44444
	NYU	1
	0.667712	1
	0.874440
PRED	O-SSM	44444
	NYU	0
	0.870431	1
	1.909467
PRED	O-SSM	44444
	NYU	0
	0.635981	1
	0.754468
PRED	O-SSM	44444
	NYU	0
	0.786477	1
	1.394100
PRED	O-SSM	44444
	NYU	0
	0.786849	1
	1.396002
PRED	O-SSM	44444
	NYU	0
	0.651932	1
	0.814140
PRED	O-SSM	44444
	NYU	0
	0.697876	1
	0.993941
PRED	O-SSM	44444
	NYU	0
	0.817424	1
	1.561477
PRED	O-SSM	44444
	NYU	0
	0.745429	1
	1.197336
PRED	O-SSM	44444
	NYU	0
	0.923994	1
	2.418111
PRED	O-SSM	44444
	NYU	0
	0.550797	1
	0.450826
PRED	O-SSM	44444
	NYU	0
	0.506498	1
	0.298265
PRED	O-SSM	44444
	NYU	0
	0.665767	1
	0.866931
PRED	O-SSM	44444
	NYU	0
	0.674248	1
	0.899829
PRED	O-SSM	44444
	UM_1	1
	0.450100	0
	1.792347
PRED	O-SSM	44444
	UM_1	1
	0.486801	0
	1.119307
PRED	O-SSM	44444
	UM_1	1
	0.503971	1
	0.805784
PRED	O-SSM	44444
	UM_1	1
	0.494960	0
	0.970312
PRED	O-SSM	44444
	UM_1	1
	0.537027	1
	0.201045
PRED	O-SSM	44444
	UM_1	1
	0.488005	0
	1.097312
PRED	O-SSM	44444
	UM_1	1
	0.527560	1
	0.374608
PRED	O-SSM	44444
	UM_1	1
	0.522077	1
	0.474962
PRED	O-SSM	44444
	UM_1	1
	0.482452	0
	1.198781
PRED	O-SSM	44444
	UM_1	1
	0.468070	0
	1.462023
PRED	O-SSM	44444
	UM_1	1
	0.471712	0
	1.395286
PRED	O-SSM	44444
	UM_1	1
	0.491891	0
	1.026341
PRED	O-SSM	44444
	UM_1	1
	0.474335	0
	1.347253
PRED	O-SSM	44444
	UM_1	0
	0.512115	1
	0.657059
PRED	O-SSM	44444
	UM_1	0
	0.544400	1
	0.065537
PRED	O-SSM	44444
	UM_1	0
	0.488925	0
	1.080515
PRED	O-SSM	44444
	UM_1	0
	0.517331	1
	0.561740
PRED	O-SSM	44444
	UM_1	0
	0.498599	0
	0.903862
PRED	O-SSM	44444
	UM_1	0
	0.504932	1
	0.788247
PRED	O-SSM	44444
	UM_1	0
	0.486014	0
	1.133692
PRED	O-SSM	44444
	UM_1	0
	0.486856	0
	1.118303
PRED	O-SSM	44444
	UM_1	0
	0.492580	0
	1.013764
PRED	O-SSM	44444
	UM_1	0
	0.483721	0
	1.175590
PRED	O-SSM	44444
	UM_1	0
	0.501318	1
	0.854213
PRED	O-SSM	44444
	UM_1	0
	0.482644	0
	1.195275
PRED	O-SSM	44444
	UM_1	0
	0.532882	1
	0.277085
PRED	O-SSM	44444
	UCLA_1	1
	0.652866	1
	1.311137
PRED	O-SSM	44444
	UCLA_1	1
	0.690660	1
	1.677667
PRED	O-SSM	44444
	UCLA_1	1
	0.615848	1
	0.969924
PRED	O-SSM	44444
	UCLA_1	1
	0.566848	1
	0.536281
PRED	O-SSM	44444
	UCLA_1	1
	0.601918	1
	0.844938
PRED	O-SSM	44444
	UCLA_1	1
	0.659586	1
	1.374782
PRED	O-SSM	44444
	UCLA_1	1
	0.537369	1
	0.281498
PRED	O-SSM	44444
	UCLA_1	1
	0.600369	1
	0.831133
PRED	O-SSM	44444
	UCLA_1	1
	0.675350	1
	1.526554
PRED	O-SSM	44444
	UCLA_1	1
	0.609288	1
	0.910869
PRED	O-SSM	44444
	UCLA_1	1
	0.771754	1
	2.564427
PRED	O-SSM	44444
	UCLA_1	1
	0.634686	1
	1.141733
PRED	O-SSM	44444
	UCLA_1	1
	0.679624	1
	1.568353
PRED	O-SSM	44444
	UCLA_1	0
	0.567866	1
	0.545146
PRED	O-SSM	44444
	UCLA_1	0
	0.606346	1
	0.884493
PRED	O-SSM	44444
	UCLA_1	0
	0.589163	1
	0.731785
PRED	O-SSM	44444
	UCLA_1	0
	0.663352	1
	1.410719
PRED	O-SSM	44444
	UCLA_1	0
	0.594689	1
	0.780668
PRED	O-SSM	44444
	UCLA_1	0
	0.580303	1
	0.653826
PRED	O-SSM	44444
	UCLA_1	0
	0.854147	1
	3.737985
PRED	O-SSM	44444
	UCLA_1	0
	0.680826	1
	1.580155
PRED	O-SSM	44444
	UCLA_1	0
	0.638792	1
	1.179660
PRED	O-SSM	44444
	UCLA_1	0
	0.576623	1
	0.621581
PRED	O-SSM	44444
	UCLA_1	0
	0.626460	1
	1.066286
PRED	O-SSM	44444
	UCLA_1	0
	0.652705	1
	1.309618
PRED	O-SSM	44444
	UCLA_1	0
	0.563701	1
	0.508917
PRED	O-SSM	44444
	YALE	1
	0.512745	1
	1.237059
PRED	O-SSM	44444
	YALE	1
	0.485150	0
	0.914037
PRED	O-SSM	44444
	YALE	1
	0.447824	0
	0.475054
PRED	O-SSM	44444
	YALE	1
	0.546292	1
	1.631162
PRED	O-SSM	44444
	YALE	1
	0.418687	0
	0.127775
PRED	O-SSM	44444
	YALE	1
	0.488860	0
	0.957483
PRED	O-SSM	44444
	YALE	1
	0.512339	1
	1.232298
PRED	O-SSM	44444
	YALE	1
	0.493003	0
	1.005983
PRED	O-SSM	44444
	YALE	1
	0.453768	0
	0.545294
PRED	O-SSM	44444
	YALE	1
	0.486535	0
	0.930265
PRED	O-SSM	44444
	YALE	1
	0.457250	0
	0.586365
PRED	O-SSM	44444
	YALE	1
	0.467792	0
	0.710436
PRED	O-SSM	44444
	YALE	1
	0.439643	0
	0.378080
PRED	O-SSM	44444
	YALE	0
	0.422484	0
	0.173362
PRED	O-SSM	44444
	YALE	0
	0.448294	0
	0.480611
PRED	O-SSM	44444
	YALE	0
	0.522610	1
	1.352647
PRED	O-SSM	44444
	YALE	0
	0.418599	0
	0.126725
PRED	O-SSM	44444
	YALE	0
	0.621397	1
	2.537476
PRED	O-SSM	44444
	YALE	0
	0.610828	1
	2.406733
PRED	O-SSM	44444
	YALE	0
	0.465587	0
	0.684523
PRED	O-SSM	44444
	YALE	0
	0.472429	0
	0.764895
PRED	O-SSM	44444
	YALE	0
	0.495396	0
	1.033996
PRED	O-SSM	44444
	YALE	0
	0.546207	1
	1.630164
PRED	O-SSM	44444
	YALE	0
	0.682526	1
	3.327166
PRED	O-SSM	44444
	YALE	0
	0.460551	0
	0.625258
PRED	O-SSM	44444
	YALE	0
	0.498205	0
	1.066865
PRED	O-SSM	44444
	PITT	1
	0.579926	1
	1.293223
PRED	O-SSM	44444
	PITT	1
	0.525339	1
	2.225930
PRED	O-SSM	44444
	PITT	1
	0.589488	1
	1.127042
PRED	O-SSM	44444
	PITT	1
	0.582837	1
	1.242746
PRED	O-SSM	44444
	PITT	1
	0.603700	1
	0.877833
PRED	O-SSM	44444
	PITT	1
	0.584693	1
	1.210524
PRED	O-SSM	44444
	PITT	1
	0.634685	1
	0.323081
PRED	O-SSM	44444
	PITT	1
	0.588068	1
	1.151790
PRED	O-SSM	44444
	PITT	1
	0.559106	1
	1.651638
PRED	O-SSM	44444
	PITT	1
	0.601926	1
	0.909096
PRED	O-SSM	44444
	PITT	1
	0.571544	1
	1.438028
PRED	O-SSM	44444
	PITT	1
	0.619732	1
	0.592978
PRED	O-SSM	44444
	PITT	1
	0.640503	1
	0.216829
PRED	O-SSM	44444
	PITT	0
	0.606334	1
	0.831325
PRED	O-SSM	44444
	PITT	0
	0.596718	1
	1.000612
PRED	O-SSM	44444
	PITT	0
	0.583136	1
	1.237554
PRED	O-SSM	44444
	PITT	0
	0.611227	1
	0.744618
PRED	O-SSM	44444
	PITT	0
	0.597485	1
	0.987159
PRED	O-SSM	44444
	PITT	0
	0.584578	1
	1.212510
PRED	O-SSM	44444
	PITT	0
	0.633053	1
	0.352746
PRED	O-SSM	44444
	PITT	0
	0.590649	1
	1.106784
PRED	O-SSM	44444
	PITT	0
	0.598338	1
	0.972193
PRED	O-SSM	44444
	PITT	0
	0.585820	1
	1.190916
PRED	O-SSM	44444
	PITT	0
	0.582834	1
	1.242802
PRED	O-SSM	44444
	PITT	0
	0.567150	1
	1.513659
PRED	O-SSM	44444
	PITT	0
	0.596580	1
	1.003037
PRED	O-SSM	44444
	USM	1
	0.385172	0
	0.388539
PRED	O-SSM	44444
	USM	1
	0.345688	0
	0.797409
PRED	O-SSM	44444
	USM	1
	0.394211	0
	0.297331
PRED	O-SSM	44444
	USM	1
	0.297104	0
	1.332697
PRED	O-SSM	44444
	USM	1
	0.311618	0
	1.168175
PRED	O-SSM	44444
	USM	1
	0.295314	0
	1.353296
PRED	O-SSM	44444
	USM	1
	0.379788	0
	0.443238
PRED	O-SSM	44444
	USM	1
	0.343776	0
	0.817718
PRED	O-SSM	44444
	USM	1
	0.314448	0
	1.136595
PRED	O-SSM	44444
	USM	1
	0.354314	0
	0.706423
PRED	O-SSM	44444
	USM	1
	0.391943	0
	0.320152
PRED	O-SSM	44444
	USM	1
	0.385091	0
	0.389361
PRED	O-SSM	44444
	USM	1
	0.241605	0
	2.011217
PRED	O-SSM	44444
	USM	0
	0.408446	0
	0.155156
PRED	O-SSM	44444
	USM	0
	0.339171	0
	0.866855
PRED	O-SSM	44444
	USM	0
	0.278257	0
	1.553448
PRED	O-SSM	44444
	USM	0
	0.368421	0
	0.559730
PRED	O-SSM	44444
	USM	0
	0.343282	0
	0.822976
PRED	O-SSM	44444
	USM	0
	0.295608	0
	1.349910
PRED	O-SSM	44444
	USM	0
	0.321142	0
	1.062513
PRED	O-SSM	44444
	USM	0
	0.287710	0
	1.441647
PRED	O-SSM	44444
	USM	0
	0.406202	0
	0.177464
PRED	O-SSM	44444
	USM	0
	0.394724	0
	0.292185
PRED	O-SSM	44444
	USM	0
	0.354738	0
	0.701974
PRED	O-SSM	44444
	USM	0
	0.382785	0
	0.412754
PRED	O-SSM	44444
	USM	0
	0.362796	0
	0.617926
PRED	O-SSM	44444
	MAX_MUN	1
	0.407931	0
	0.107973
PRED	O-SSM	44444
	MAX_MUN	1
	0.425451	0
	0.338353
PRED	O-SSM	44444
	MAX_MUN	1
	0.624895	1
	2.929487
PRED	O-SSM	44444
	MAX_MUN	1
	0.439277	0
	0.518400
PRED	O-SSM	44444
	MAX_MUN	1
	0.516100	1
	1.504341
PRED	O-SSM	44444
	MAX_MUN	1
	0.544651	1
	1.870757
PRED	O-SSM	44444
	MAX_MUN	1
	0.437560	0
	0.496104
PRED	O-SSM	44444
	MAX_MUN	1
	0.449178	0
	0.646556
PRED	O-SSM	44444
	MAX_MUN	1
	0.440429	0
	0.533334
PRED	O-SSM	44444
	MAX_MUN	1
	0.416528	0
	0.221364
PRED	O-SSM	44444
	MAX_MUN	1
	0.485389	0
	1.111635
PRED	O-SSM	44444
	MAX_MUN	1
	0.434882	0
	0.461304
PRED	O-SSM	44444
	MAX_MUN	1
	0.491105	0
	1.184750
PRED	O-SSM	44444
	MAX_MUN	0
	0.484057	0
	1.094597
PRED	O-SSM	44444
	MAX_MUN	0
	0.441884	0
	0.552194
PRED	O-SSM	44444
	MAX_MUN	0
	0.472077	0
	0.941154
PRED	O-SSM	44444
	MAX_MUN	0
	0.433971	0
	0.449466
PRED	O-SSM	44444
	MAX_MUN	0
	0.511473	1
	1.445151
PRED	O-SSM	44444
	MAX_MUN	0
	0.492126	0
	1.197803
PRED	O-SSM	44444
	MAX_MUN	0
	0.507151	1
	1.389878
PRED	O-SSM	44444
	MAX_MUN	0
	0.464107	0
	0.838860
PRED	O-SSM	44444
	MAX_MUN	0
	0.494523	0
	1.228449
PRED	O-SSM	44444
	MAX_MUN	0
	0.523899	1
	1.604197
PRED	O-SSM	44444
	MAX_MUN	0
	0.485764	0
	1.116432
PRED	O-SSM	44444
	MAX_MUN	0
	0.474774	0
	0.975722
PRED	O-SSM	44444
	MAX_MUN	0
	0.468936	0
	0.900868
PRED	O-SSM	44444
	TRINITY	1
	0.655008	1
	1.171236
PRED	O-SSM	44444
	TRINITY	1
	0.637306	1
	0.868640
PRED	O-SSM	44444
	TRINITY	1
	0.707898	1
	2.125000
PRED	O-SSM	44444
	TRINITY	1
	0.671231	1
	1.455070
PRED	O-SSM	44444
	TRINITY	1
	0.638245	1
	0.884524
PRED	O-SSM	44444
	TRINITY	1
	0.628057	1
	0.713125
PRED	O-SSM	44444
	TRINITY	1
	0.659682	1
	1.252327
PRED	O-SSM	44444
	TRINITY	1
	0.630142	1
	0.748033
PRED	O-SSM	44444
	TRINITY	1
	0.708866	1
	2.143325
PRED	O-SSM	44444
	TRINITY	1
	0.656956	1
	1.204985
PRED	O-SSM	44444
	TRINITY	1
	0.647716	1
	1.045760
PRED	O-SSM	44444
	TRINITY	1
	0.613771	1
	0.475926
PRED	O-SSM	44444
	TRINITY	1
	0.653404	1
	1.143540
PRED	O-SSM	44444
	TRINITY	0
	0.610272	1
	0.418336
PRED	O-SSM	44444
	TRINITY	0
	0.610529	1
	0.422564
PRED	O-SSM	44444
	TRINITY	0
	0.641338	1
	0.936970
PRED	O-SSM	44444
	TRINITY	0
	0.620409	1
	0.585707
PRED	O-SSM	44444
	TRINITY	0
	0.627434	1
	0.702694
PRED	O-SSM	44444
	TRINITY	0
	0.620912	1
	0.594056
PRED	O-SSM	44444
	TRINITY	0
	0.617978	1
	0.545425
PRED	O-SSM	44444
	TRINITY	0
	0.639587	1
	0.907258
PRED	O-SSM	44444
	TRINITY	0
	0.603313	1
	0.304369
PRED	O-SSM	44444
	TRINITY	0
	0.654140	1
	1.156251
PRED	O-SSM	44444
	TRINITY	0
	0.661997	1
	1.292689
PRED	O-SSM	44444
	TRINITY	0
	0.619444	1
	0.569697
PRED	O-SSM	44444
	TRINITY	0
	0.665702	1
	1.357584
PRED	O-SSM	44444
	KKI	1
	0.337624	0
	1.064851
PRED	O-SSM	44444
	KKI	1
	0.260818	0
	1.586257
PRED	O-SSM	44444
	KKI	1
	0.416989	0
	0.584637
PRED	O-SSM	44444
	KKI	1
	0.360594	0
	0.921512
PRED	O-SSM	44444
	KKI	1
	0.355588	0
	0.952382
PRED	O-SSM	44444
	KKI	1
	0.328618	0
	1.122319
PRED	O-SSM	44444
	KKI	1
	0.220925	0
	1.896091
PRED	O-SSM	44444
	KKI	1
	0.317308	0
	1.195646
PRED	O-SSM	44444
	KKI	1
	0.191269	0
	2.153380
PRED	O-SSM	44444
	KKI	1
	0.332313	0
	1.098642
PRED	O-SSM	44444
	KKI	1
	0.302700	0
	1.292472
PRED	O-SSM	44444
	KKI	1
	0.428498	0
	0.517783
PRED	O-SSM	44444
	KKI	1
	0.448718	0
	0.401357
PRED	O-SSM	44444
	KKI	0
	0.305296	0
	1.275076
PRED	O-SSM	44444
	KKI	0
	0.351405	0
	0.978333
PRED	O-SSM	44444
	KKI	0
	0.256131	0
	1.620922
PRED	O-SSM	44444
	KKI	0
	0.274043	0
	1.490554
PRED	O-SSM	44444
	KKI	0
	0.364484	0
	0.897653
PRED	O-SSM	44444
	KKI	0
	0.453426	0
	0.374403
PRED	O-SSM	44444
	KKI	0
	0.279081	0
	1.454858
PRED	O-SSM	44444
	KKI	0
	0.382638	0
	0.787663
PRED	O-SSM	44444
	KKI	0
	0.461265	0
	0.329625
PRED	O-SSM	44444
	KKI	0
	0.470923	0
	0.274607
PRED	O-SSM	44444
	KKI	0
	0.369574	0
	0.866593
PRED	O-SSM	44444
	KKI	0
	0.419262	0
	0.571396
PRED	O-SSM	44444
	KKI	0
	0.385519	0
	0.770402
PRED	O-SSM	44444
	STANFORD	1
	0.720042	1
	1.578367
PRED	O-SSM	44444
	STANFORD	1
	0.678496	1
	1.160921
PRED	O-SSM	44444
	STANFORD	1
	0.901894	1
	4.266626
PRED	O-SSM	44444
	STANFORD	1
	0.777430	1
	2.224336
PRED	O-SSM	44444
	STANFORD	1
	0.651813	1
	0.907975
PRED	O-SSM	44444
	STANFORD	1
	0.745599	1
	1.854003
PRED	O-SSM	44444
	STANFORD	1
	0.631443	1
	0.720978
PRED	O-SSM	44444
	STANFORD	1
	0.641055	1
	0.808635
PRED	O-SSM	44444
	STANFORD	1
	0.711827	1
	1.493115
PRED	O-SSM	44444
	STANFORD	1
	0.651874	1
	0.908543
PRED	O-SSM	44444
	STANFORD	1
	0.699546	1
	1.368307
PRED	O-SSM	44444
	STANFORD	1
	0.599016	1
	0.431751
PRED	O-SSM	44444
	STANFORD	1
	0.594657	1
	0.393515
PRED	O-SSM	44444
	STANFORD	0
	0.634633	1
	0.749959
PRED	O-SSM	44444
	STANFORD	0
	0.683435	1
	1.208892
PRED	O-SSM	44444
	STANFORD	0
	0.604316	1
	0.478421
PRED	O-SSM	44444
	STANFORD	0
	0.638204	1
	0.782530
PRED	O-SSM	44444
	STANFORD	0
	0.697142	1
	1.344224
PRED	O-SSM	44444
	STANFORD	0
	0.683128	1
	1.205904
PRED	O-SSM	44444
	STANFORD	0
	0.557538	1
	0.072573
PRED	O-SSM	44444
	STANFORD	0
	0.613584	1
	0.560560
PRED	O-SSM	44444
	STANFORD	0
	0.706289	1
	1.436460
PRED	O-SSM	44444
	STANFORD	0
	0.587670	1
	0.332506
PRED	O-SSM	44444
	STANFORD	0
	0.620346	1
	0.620951
PRED	O-SSM	44444
	STANFORD	0
	0.727312	1
	1.655098
PRED	O-SSM	44444
	STANFORD	0
	0.619360	1
	0.612125
PRED	O-SSM	44444
	CALTECH	1
	0.356730	0
	0.447737
PRED	O-SSM	44444
	CALTECH	1
	0.328984	0
	0.586416
PRED	O-SSM	44444
	CALTECH	1
	0.387424	0
	0.299787
PRED	O-SSM	44444
	CALTECH	1
	0.347132	0
	0.495109
PRED	O-SSM	44444
	CALTECH	1
	0.262771	0
	0.945313
PRED	O-SSM	44444
	CALTECH	1
	0.207962	0
	1.289359
PRED	O-SSM	44444
	CALTECH	1
	0.334255	0
	0.559644
PRED	O-SSM	44444
	CALTECH	1
	0.291086	0
	0.786035
PRED	O-SSM	44444
	CALTECH	1
	0.415553	0
	0.167976
PRED	O-SSM	44444
	CALTECH	1
	0.082519	0
	2.495336
PRED	O-SSM	44444
	CALTECH	1
	0.310499	0
	0.682102
PRED	O-SSM	44444
	CALTECH	1
	0.400814	0
	0.236659
PRED	O-SSM	44444
	CALTECH	0
	0.151960	0
	1.719430
PRED	O-SSM	44444
	CALTECH	0
	0.307942	0
	0.695577
PRED	O-SSM	44444
	CALTECH	0
	0.421993	0
	0.138191
PRED	O-SSM	44444
	CALTECH	0
	0.308355	0
	0.693394
PRED	O-SSM	44444
	CALTECH	0
	0.309821	0
	0.685671
PRED	O-SSM	44444
	CALTECH	0
	0.267920	0
	0.915579
PRED	O-SSM	44444
	CALTECH	0
	0.171014	0
	1.560878
PRED	O-SSM	44444
	CALTECH	0
	0.418078	0
	0.156279
PRED	O-SSM	44444
	CALTECH	0
	0.370336	0
	0.381535
PRED	O-SSM	44444
	CALTECH	0
	0.196284	0
	1.370890
PRED	O-SSM	44444
	CALTECH	0
	0.234166	0
	1.117901
PRED	O-SSM	44444
	CALTECH	0
	0.376582	0
	0.351488
PRED	O-SSM	44444
	LEUVEN_2	1
	0.430218	0
	1.464760
PRED	O-SSM	44444
	LEUVEN_2	1
	0.426306	0
	1.321800
PRED	O-SSM	44444
	LEUVEN_2	1
	0.398334	0
	0.288627
PRED	O-SSM	44444
	LEUVEN_2	1
	0.434185	0
	1.609387
PRED	O-SSM	44444
	LEUVEN_2	1
	0.405878	0
	0.569395
PRED	O-SSM	44444
	LEUVEN_2	1
	0.417573	0
	1.001439
PRED	O-SSM	44444
	LEUVEN_2	1
	0.417530	0
	0.999844
PRED	O-SSM	44444
	LEUVEN_2	1
	0.413697	0
	0.858635
PRED	O-SSM	44444
	LEUVEN_2	1
	0.425421	0
	1.289426
PRED	O-SSM	44444
	LEUVEN_2	1
	0.425850	0
	1.305105
PRED	O-SSM	44444
	LEUVEN_2	1
	0.412596	0
	0.818027
PRED	O-SSM	44444
	LEUVEN_2	1
	0.424430	0
	1.253142
PRED	O-SSM	44444
	LEUVEN_2	0
	0.425300	0
	1.284984
PRED	O-SSM	44444
	LEUVEN_2	0
	0.426093	0
	1.314024
PRED	O-SSM	44444
	LEUVEN_2	0
	0.426397	0
	1.325149
PRED	O-SSM	44444
	LEUVEN_2	0
	0.430011	0
	1.457212
PRED	O-SSM	44444
	LEUVEN_2	0
	0.398840	0
	0.307501
PRED	O-SSM	44444
	LEUVEN_2	0
	0.398454	0
	0.293096
PRED	O-SSM	44444
	LEUVEN_2	0
	0.443592	0
	1.951177
PRED	O-SSM	44444
	LEUVEN_2	0
	0.400792	0
	0.380288
PRED	O-SSM	44444
	LEUVEN_2	0
	0.441365	0
	1.870415
PRED	O-SSM	44444
	LEUVEN_2	0
	0.422953	0
	1.198999
PRED	O-SSM	44444
	LEUVEN_2	0
	0.409754	0
	0.712984
PRED	O-SSM	44444
	LEUVEN_2	0
	0.407668	0
	0.635747
PRED	O-SSM	44444
	OLIN	1
	0.361479	0
	1.177496
PRED	O-SSM	44444
	OLIN	1
	0.340787	0
	0.183179
PRED	O-SSM	44444
	OLIN	1
	0.342816	0
	0.281926
PRED	O-SSM	44444
	OLIN	1
	0.343435	0
	0.311971
PRED	O-SSM	44444
	OLIN	1
	0.342156	0
	0.249842
PRED	O-SSM	44444
	OLIN	1
	0.345821	0
	0.427627
PRED	O-SSM	44444
	OLIN	1
	0.346380	0
	0.454634
PRED	O-SSM	44444
	OLIN	1
	0.365073	0
	1.347588
PRED	O-SSM	44444
	OLIN	1
	0.352772	0
	0.762349
PRED	O-SSM	44444
	OLIN	1
	0.341260	0
	0.206223
PRED	O-SSM	44444
	OLIN	1
	0.342800	0
	0.281118
PRED	O-SSM	44444
	OLIN	1
	0.389807	0
	2.500106
PRED	O-SSM	44444
	OLIN	0
	0.377048	0
	1.909316
PRED	O-SSM	44444
	OLIN	0
	0.341116	0
	0.199203
PRED	O-SSM	44444
	OLIN	0
	0.355982	0
	0.915924
PRED	O-SSM	44444
	OLIN	0
	0.343174	0
	0.299308
PRED	O-SSM	44444
	OLIN	0
	0.360130	0
	1.113481
PRED	O-SSM	44444
	OLIN	0
	0.341846	0
	0.234744
PRED	O-SSM	44444
	OLIN	0
	0.347613	0
	0.514217
PRED	O-SSM	44444
	OLIN	0
	0.377477	0
	1.929284
PRED	O-SSM	44444
	OLIN	0
	0.367051	0
	1.440884
PRED	O-SSM	44444
	OLIN	0
	0.362878	0
	1.243793
PRED	O-SSM	44444
	OLIN	0
	0.353125	0
	0.779300
PRED	O-SSM	44444
	OLIN	0
	0.364486	0
	1.319867
PRED	O-SSM	44444
	SBL	1
	0.729397	1
	1.608153
PRED	O-SSM	44444
	SBL	1
	0.686393	1
	1.293016
PRED	O-SSM	44444
	SBL	1
	0.655860	1
	1.083576
PRED	O-SSM	44444
	SBL	1
	0.714625	1
	1.496759
PRED	O-SSM	44444
	SBL	1
	0.510772	1
	0.172920
PRED	O-SSM	44444
	SBL	1
	0.632805	1
	0.931298
PRED	O-SSM	44444
	SBL	1
	0.629020	1
	0.906702
PRED	O-SSM	44444
	SBL	1
	0.714518	1
	1.495969
PRED	O-SSM	44444
	SBL	1
	0.655222	1
	1.079297
PRED	O-SSM	44444
	SBL	1
	0.585477	1
	0.630219
PRED	O-SSM	44444
	SBL	1
	0.543136	1
	0.369455
PRED	O-SSM	44444
	SBL	1
	0.723977	1
	1.566859
PRED	O-SSM	44444
	SBL	0
	0.773940	1
	1.970003
PRED	O-SSM	44444
	SBL	0
	0.552971	1
	0.429543
PRED	O-SSM	44444
	SBL	0
	0.515091	1
	0.199081
PRED	O-SSM	44444
	SBL	0
	0.767296	1
	1.913120
PRED	O-SSM	44444
	SBL	0
	0.578606	1
	0.587480
PRED	O-SSM	44444
	SBL	0
	0.574286	1
	0.560701
PRED	O-SSM	44444
	SBL	0
	0.559758	1
	0.471150
PRED	O-SSM	44444
	SBL	0
	0.551302	1
	0.419329
PRED	O-SSM	44444
	SBL	0
	0.592855	1
	0.676341
PRED	O-SSM	44444
	SBL	0
	0.560191	1
	0.473812
PRED	O-SSM	44444
	SBL	0
	0.682134	1
	1.263186
PRED	O-SSM	44444
	SBL	0
	0.690195	1
	1.319832
PRED	O-SSM	44444
	LEUVEN_1	1
	0.567131	1
	0.773869
PRED	O-SSM	44444
	LEUVEN_1	1
	0.567232	1
	0.772559
PRED	O-SSM	44444
	LEUVEN_1	1
	0.509399	1
	1.515766
PRED	O-SSM	44444
	LEUVEN_1	1
	0.557176	1
	0.902899
PRED	O-SSM	44444
	LEUVEN_1	1
	0.548931	1
	1.009320
PRED	O-SSM	44444
	LEUVEN_1	1
	0.527748	1
	1.281272
PRED	O-SSM	44444
	LEUVEN_1	1
	0.608127	1
	0.233797
PRED	O-SSM	44444
	LEUVEN_1	1
	0.541141	1
	1.109532
PRED	O-SSM	44444
	LEUVEN_1	1
	0.571720	1
	0.714153
PRED	O-SSM	44444
	LEUVEN_1	1
	0.556073	1
	0.917155
PRED	O-SSM	44444
	LEUVEN_1	1
	0.564680	1
	0.805699
PRED	O-SSM	44444
	LEUVEN_1	1
	0.530296	1
	1.248642
PRED	O-SSM	44444
	LEUVEN_1	0
	0.542910	1
	1.086807
PRED	O-SSM	44444
	LEUVEN_1	0
	0.526823	1
	1.293114
PRED	O-SSM	44444
	LEUVEN_1	0
	0.595257	1
	0.405131
PRED	O-SSM	44444
	LEUVEN_1	0
	0.556612	1
	0.910198
PRED	O-SSM	44444
	LEUVEN_1	0
	0.536202	1
	1.172946
PRED	O-SSM	44444
	LEUVEN_1	0
	0.551648	1
	0.974294
PRED	O-SSM	44444
	LEUVEN_1	0
	0.580719	1
	0.596592
PRED	O-SSM	44444
	LEUVEN_1	0
	0.561097	1
	0.852163
PRED	O-SSM	44444
	LEUVEN_1	0
	0.577054	1
	0.644548
PRED	O-SSM	44444
	LEUVEN_1	0
	0.596612	1
	0.387174
PRED	O-SSM	44444
	LEUVEN_1	0
	0.577191	1
	0.642763
PRED	O-SSM	44444
	LEUVEN_1	0
	0.615996	1
	0.128071
PRED	O-SSM	44444
	SDSU	1
	0.227117	0
	0.572046
PRED	O-SSM	44444
	SDSU	1
	0.225601	0
	0.582386
PRED	O-SSM	44444
	SDSU	1
	0.251812	0
	0.409973
PRED	O-SSM	44444
	SDSU	1
	0.236396	0
	0.509790
PRED	O-SSM	44444
	SDSU	1
	0.126921	0
	1.412679
PRED	O-SSM	44444
	SDSU	1
	0.083672	0
	1.968095
PRED	O-SSM	44444
	SDSU	1
	0.270087	0
	0.296750
PRED	O-SSM	44444
	SDSU	1
	0.230707	0
	0.547754
PRED	O-SSM	44444
	SDSU	1
	0.136167	0
	1.315977
PRED	O-SSM	44444
	SDSU	1
	0.078028	0
	2.058851
PRED	O-SSM	44444
	SDSU	1
	0.188394	0
	0.853708
PRED	O-SSM	44444
	SDSU	1
	0.154184	0
	1.142371
PRED	O-SSM	44444
	SDSU	0
	0.095130	0
	1.799768
PRED	O-SSM	44444
	SDSU	0
	0.114246	0
	1.555563
PRED	O-SSM	44444
	SDSU	0
	0.294548	0
	0.152484
PRED	O-SSM	44444
	SDSU	0
	0.067320	0
	2.248944
PRED	O-SSM	44444
	SDSU	0
	0.164835	0
	1.047449
PRED	O-SSM	44444
	SDSU	0
	0.178540	0
	0.932290
PRED	O-SSM	44444
	SDSU	0
	0.199887	0
	0.765942
PRED	O-SSM	44444
	SDSU	0
	0.117019	0
	1.523164
PRED	O-SSM	44444
	SDSU	0
	0.165159	0
	1.044645
PRED	O-SSM	44444
	SDSU	0
	0.137405	0
	1.303445
PRED	O-SSM	44444
	SDSU	0
	0.196813	0
	0.789037
PRED	O-SSM	44444
	SDSU	0
	0.140242	0
	1.275105
PRED	O-SSM	44444
	CMU	1
	0.420831	0
	1.275798
PRED	O-SSM	44444
	CMU	1
	0.405059	0
	0.110275
PRED	O-SSM	44444
	CMU	1
	0.406181	0
	0.193677
PRED	O-SSM	44444
	CMU	1
	0.407725	0
	0.308260
PRED	O-SSM	44444
	CMU	1
	0.416893	0
	0.986010
PRED	O-SSM	44444
	CMU	1
	0.406873	0
	0.245027
PRED	O-SSM	44444
	CMU	1
	0.404164	0
	0.043742
PRED	O-SSM	44444
	CMU	1
	0.425176	0
	1.594724
PRED	O-SSM	44444
	CMU	1
	0.411402	0
	0.580592
PRED	O-SSM	44444
	CMU	1
	0.412049	0
	0.628493
PRED	O-SSM	44444
	CMU	1
	0.406053	0
	0.184171
PRED	O-SSM	44444
	CMU	1
	0.405371	0
	0.133456
PRED	O-SSM	44444
	CMU	0
	0.411730	0
	0.604892
PRED	O-SSM	44444
	CMU	0
	0.411140	0
	0.561247
PRED	O-SSM	44444
	CMU	0
	0.404877	0
	0.096760
PRED	O-SSM	44444
	CMU	0
	0.413223	0
	0.715228
PRED	O-SSM	44444
	CMU	0
	0.414329	0
	0.796891
PRED	O-SSM	44444
	CMU	0
	0.410579	0
	0.519713
PRED	O-SSM	44444
	CMU	0
	0.420810	0
	1.274259
PRED	O-SSM	44444
	CMU	0
	0.413717	0
	0.751726
PRED	O-SSM	44444
	CMU	0
	0.418477	0
	1.102667
PRED	O-SSM	44444
	CMU	0
	0.427218	0
	1.744275
PRED	O-SSM	44444
	CMU	0
	0.410395	0
	0.506134
PRED	O-SSM	44444
	CMU	0
	0.423909	0
	1.501831
PRED	O-SSM	44444
	UCLA_2	1
	0.321025	0
	1.068550
PRED	O-SSM	44444
	UCLA_2	1
	0.356556	0
	0.894172
PRED	O-SSM	44444
	UCLA_2	1
	0.344774	0
	0.951025
PRED	O-SSM	44444
	UCLA_2	1
	0.309316	0
	1.128156
PRED	O-SSM	44444
	UCLA_2	1
	0.506019	1
	0.219143
PRED	O-SSM	44444
	UCLA_2	1
	0.398874	0
	0.696213
PRED	O-SSM	44444
	UCLA_2	1
	0.384984	0
	0.760252
PRED	O-SSM	44444
	UCLA_2	1
	0.296173	0
	1.196570
PRED	O-SSM	44444
	UCLA_2	1
	0.221618	0
	1.625781
PRED	O-SSM	44444
	UCLA_2	1
	0.425033	0
	0.577548
PRED	O-SSM	44444
	UCLA_2	1
	0.159195	0
	2.073989
PRED	O-SSM	44444
	UCLA_2	1
	0.299879	0
	1.177107
PRED	O-SSM	44444
	UCLA_2	0
	0.484165	0
	0.315209
PRED	O-SSM	44444
	UCLA_2	0
	0.302978	0
	1.160937
PRED	O-SSM	44444
	UCLA_2	0
	0.474124	0
	0.359413
PRED	O-SSM	44444
	UCLA_2	0
	0.385839	0
	0.756287
PRED	O-SSM	44444
	UCLA_2	0
	0.340253	0
	0.973080
PRED	O-SSM	44444
	UCLA_2	0
	0.446652	0
	0.480932
PRED	O-SSM	44444
	UCLA_2	0
	0.251141	0
	1.445904
PRED	O-SSM	44444
	UCLA_2	0
	0.366814	0
	0.845354
PRED	O-SSM	44444
	UCLA_2	0
	0.231949	0
	1.561047
PRED	O-SSM	44444
	UCLA_2	0
	0.195168	0
	1.802126
PRED	O-SSM	44444
	UCLA_2	0
	0.260826	0
	1.390033
PRED	O-SSM	44444
	UCLA_2	0
	0.305122	0
	1.149809
PRED	O-SSM	44444
	UM_2	1
	0.398224	0
	3.059761
PRED	O-SSM	44444
	UM_2	1
	0.392904	0
	0.960343
PRED	O-SSM	44444
	UM_2	1
	0.390747	0
	0.106036
PRED	O-SSM	44444
	UM_2	1
	0.392053	0
	0.623495
PRED	O-SSM	44444
	UM_2	1
	0.394888	0
	1.744487
PRED	O-SSM	44444
	UM_2	1
	0.392318	0
	0.728352
PRED	O-SSM	44444
	UM_2	1
	0.392822	0
	0.927891
PRED	O-SSM	44444
	UM_2	1
	0.392125	0
	0.651972
PRED	O-SSM	44444
	UM_2	1
	0.398511	0
	3.172834
PRED	O-SSM	44444
	UM_2	1
	0.391929	0
	0.574538
PRED	O-SSM	44444
	UM_2	1
	0.391717	0
	0.490294
PRED	O-SSM	44444
	UM_2	1
	0.391944	0
	0.580372
PRED	O-SSM	44444
	UM_2	0
	0.395005	0
	1.790368
PRED	O-SSM	44444
	UM_2	0
	0.391274	0
	0.315088
PRED	O-SSM	44444
	UM_2	0
	0.391533	0
	0.417648
PRED	O-SSM	44444
	UM_2	0
	0.394502	0
	1.591731
PRED	O-SSM	44444
	UM_2	0
	0.393790	0
	1.310679
PRED	O-SSM	44444
	UM_2	0
	0.393633	0
	1.248620
PRED	O-SSM	44444
	UM_2	0
	0.393428	0
	1.167420
PRED	O-SSM	44444
	UM_2	0
	0.392143	0
	0.658914
PRED	O-SSM	44444
	UM_2	0
	0.391698	0
	0.482977
PRED	O-SSM	44444
	UM_2	0
	0.391059	0
	0.229625
PRED	O-SSM	44444
	UM_2	0
	0.392574	0
	0.829604
PRED	O-SSM	44444
	UM_2	0
	0.392905	0
	0.960480
PRED	O-SSM	44444
	OHSU	1
	0.643401	1
	1.226185
PRED	O-SSM	44444
	OHSU	1
	0.636948	1
	0.839930
PRED	O-SSM	44444
	OHSU	1
	0.646531	1
	1.414666
PRED	O-SSM	44444
	OHSU	1
	0.638410	1
	0.927185
PRED	O-SSM	44444
	OHSU	1
	0.637952	1
	0.899831
PRED	O-SSM	44444
	OHSU	1
	0.632305	1
	0.563849
PRED	O-SSM	44444
	OHSU	1
	0.635637	1
	0.761797
PRED	O-SSM	44444
	OHSU	1
	0.638959	1
	0.959974
PRED	O-SSM	44444
	OHSU	1
	0.637532	1
	0.874766
PRED	O-SSM	44444
	OHSU	1
	0.643177	1
	1.212728
PRED	O-SSM	44444
	OHSU	1
	0.643796	1
	1.249951
PRED	O-SSM	44444
	OHSU	1
	0.631881	1
	0.538726
PRED	O-SSM	44444
	OHSU	0
	0.638787	1
	0.949716
PRED	O-SSM	44444
	OHSU	0
	0.647366	1
	1.465077
PRED	O-SSM	44444
	OHSU	0
	0.653163	1
	1.816502
PRED	O-SSM	44444
	OHSU	0
	0.654287	1
	1.884949
PRED	O-SSM	44444
	OHSU	0
	0.623562	1
	0.047856
PRED	O-SSM	44444
	OHSU	0
	0.641179	1
	1.092843
PRED	O-SSM	44444
	OHSU	0
	0.630104	1
	0.433490
PRED	O-SSM	44444
	OHSU	0
	0.640650	1
	1.061132
PRED	O-SSM	44444
	OHSU	0
	0.630851	1
	0.477703
PRED	O-SSM	44444
	OHSU	0
	0.646774	1
	1.429327
PRED	O-SSM	44444
	OHSU	0
	0.640350	1
	1.043169
PRED	O-SSM	44444
	OHSU	0
	0.627010	1
	0.250753
  O-SSM    44444
   acc=49.400000% bal=49.439103% sites=20
/20
 test_n=500
 assoc=0.972877
PRED	O-SSM	66666
	NYU	1
	0.603861	1
	0.327254
PRED	O-SSM	66666
	NYU	1
	0.633907	1
	0.775252
PRED	O-SSM	66666
	NYU	1
	0.604376	1
	0.334812
PRED	O-SSM	66666
	NYU	1
	0.634445	1
	0.783404
PRED	O-SSM	66666
	NYU	1
	0.664007	1
	1.239969
PRED	O-SSM	66666
	NYU	1
	0.664081	1
	1.241130
PRED	O-SSM	66666
	NYU	1
	0.673109	1
	1.384385
PRED	O-SSM	66666
	NYU	1
	0.641341	1
	0.888361
PRED	O-SSM	66666
	NYU	1
	0.619771	1
	0.562782
PRED	O-SSM	66666
	NYU	1
	0.699296	1
	1.812112
PRED	O-SSM	66666
	NYU	1
	0.642303	1
	0.903077
PRED	O-SSM	66666
	NYU	1
	0.645263	1
	0.948459
PRED	O-SSM	66666
	NYU	1
	0.639686	1
	0.863101
PRED	O-SSM	66666
	NYU	0
	0.667592	1
	1.296613
PRED	O-SSM	66666
	NYU	0
	0.636357	1
	0.812431
PRED	O-SSM	66666
	NYU	0
	0.666474	1
	1.278918
PRED	O-SSM	66666
	NYU	0
	0.658769	1
	1.157742
PRED	O-SSM	66666
	NYU	0
	0.628960	1
	0.700522
PRED	O-SSM	66666
	NYU	0
	0.632429	1
	0.752882
PRED	O-SSM	66666
	NYU	0
	0.706803	1
	1.938526
PRED	O-SSM	66666
	NYU	0
	0.672660	1
	1.377211
PRED	O-SSM	66666
	NYU	0
	0.689414	1
	1.648398
PRED	O-SSM	66666
	NYU	0
	0.611524	1
	0.440259
PRED	O-SSM	66666
	NYU	0
	0.602261	1
	0.303748
PRED	O-SSM	66666
	NYU	0
	0.628718	1
	0.696883
PRED	O-SSM	66666
	NYU	0
	0.637437	1
	0.828844
PRED	O-SSM	66666
	UM_1	1
	0.246459	0
	1.384805
PRED	O-SSM	66666
	UM_1	1
	0.309249	0
	0.953689
PRED	O-SSM	66666
	UM_1	1
	0.345236	0
	0.729055
PRED	O-SSM	66666
	UM_1	1
	0.309504	0
	0.952051
PRED	O-SSM	66666
	UM_1	1
	0.425164	0
	0.264326
PRED	O-SSM	66666
	UM_1	1
	0.235390	0
	1.467923
PRED	O-SSM	66666
	UM_1	1
	0.432188	0
	0.224943
PRED	O-SSM	66666
	UM_1	1
	0.322804	0
	0.867564
PRED	O-SSM	66666
	UM_1	1
	0.248790	0
	1.367621
PRED	O-SSM	66666
	UM_1	1
	0.235408	0
	1.467790
PRED	O-SSM	66666
	UM_1	1
	0.293892	0
	1.053825
PRED	O-SSM	66666
	UM_1	1
	0.256390	0
	1.312336
PRED	O-SSM	66666
	UM_1	1
	0.226409	0
	1.537379
PRED	O-SSM	66666
	UM_1	0
	0.309422	0
	0.952573
PRED	O-SSM	66666
	UM_1	0
	0.456864	0
	0.087685
PRED	O-SSM	66666
	UM_1	0
	0.366748	0
	0.600178
PRED	O-SSM	66666
	UM_1	0
	0.382293	0
	0.509050
PRED	O-SSM	66666
	UM_1	0
	0.266470	0
	1.240643
PRED	O-SSM	66666
	UM_1	0
	0.350876	0
	0.694923
PRED	O-SSM	66666
	UM_1	0
	0.286814	0
	1.100999
PRED	O-SSM	66666
	UM_1	0
	0.280138	0
	1.146132
PRED	O-SSM	66666
	UM_1	0
	0.278387	0
	1.158077
PRED	O-SSM	66666
	UM_1	0
	0.261451	0
	1.276122
PRED	O-SSM	66666
	UM_1	0
	0.314667	0
	0.919023
PRED	O-SSM	66666
	UM_1	0
	0.288233	0
	1.091486
PRED	O-SSM	66666
	UM_1	0
	0.420450	0
	0.290849
PRED	O-SSM	66666
	UCLA_1	1
	0.541699	1
	1.456893
PRED	O-SSM	66666
	UCLA_1	1
	0.541427	1
	1.620443
PRED	O-SSM	66666
	UCLA_1	1
	0.541594	1
	1.520052
PRED	O-SSM	66666
	UCLA_1	1
	0.542958	1
	0.699901
PRED	O-SSM	66666
	UCLA_1	1
	0.542997	1
	0.676428
PRED	O-SSM	66666
	UCLA_1	1
	0.541920	1
	1.323940
PRED	O-SSM	66666
	UCLA_1	1
	0.543747	1
	0.225127
PRED	O-SSM	66666
	UCLA_1	1
	0.542661	1
	0.878372
PRED	O-SSM	66666
	UCLA_1	1
	0.542584	1
	0.924882
PRED	O-SSM	66666
	UCLA_1	1
	0.542982	1
	0.685658
PRED	O-SSM	66666
	UCLA_1	1
	0.539726	1
	2.642614
PRED	O-SSM	66666
	UCLA_1	1
	0.542774	1
	0.810816
PRED	O-SSM	66666
	UCLA_1	1
	0.542342	1
	1.070240
PRED	O-SSM	66666
	UCLA_1	0
	0.542708	1
	0.850504
PRED	O-SSM	66666
	UCLA_1	0
	0.542256	1
	1.122090
PRED	O-SSM	66666
	UCLA_1	0
	0.543215	1
	0.545334
PRED	O-SSM	66666
	UCLA_1	0
	0.542456	1
	1.001983
PRED	O-SSM	66666
	UCLA_1	0
	0.542931	1
	0.715909
PRED	O-SSM	66666
	UCLA_1	0
	0.543149	1
	0.584951
PRED	O-SSM	66666
	UCLA_1	0
	0.540523	1
	2.163702
PRED	O-SSM	66666
	UCLA_1	0
	0.541021	1
	1.864525
PRED	O-SSM	66666
	UCLA_1	0
	0.542192	1
	1.160584
PRED	O-SSM	66666
	UCLA_1	0
	0.543074	1
	0.630404
PRED	O-SSM	66666
	UCLA_1	0
	0.542671	1
	0.872470
PRED	O-SSM	66666
	UCLA_1	0
	0.542889	1
	0.741377
PRED	O-SSM	66666
	UCLA_1	0
	0.543465	1
	0.395271
PRED	O-SSM	66666
	YALE	1
	0.653195	1
	1.006438
PRED	O-SSM	66666
	YALE	1
	0.647045	1
	0.915685
PRED	O-SSM	66666
	YALE	1
	0.608090	1
	0.355902
PRED	O-SSM	66666
	YALE	1
	0.691090	1
	1.584097
PRED	O-SSM	66666
	YALE	1
	0.589991	1
	0.102954
PRED	O-SSM	66666
	YALE	1
	0.687958	1
	1.534984
PRED	O-SSM	66666
	YALE	1
	0.694352	1
	1.635526
PRED	O-SSM	66666
	YALE	1
	0.614928	1
	0.452512
PRED	O-SSM	66666
	YALE	1
	0.630704	1
	0.677930
PRED	O-SSM	66666
	YALE	1
	0.648259	1
	0.933550
PRED	O-SSM	66666
	YALE	1
	0.627196	1
	0.627473
PRED	O-SSM	66666
	YALE	1
	0.639912	1
	0.811327
PRED	O-SSM	66666
	YALE	1
	0.615459	1
	0.460030
PRED	O-SSM	66666
	YALE	0
	0.593607	1
	0.153190
PRED	O-SSM	66666
	YALE	0
	0.612414	1
	0.416916
PRED	O-SSM	66666
	YALE	0
	0.651476	1
	0.980999
PRED	O-SSM	66666
	YALE	0
	0.592535	1
	0.138279
PRED	O-SSM	66666
	YALE	0
	0.718031	1
	2.018727
PRED	O-SSM	66666
	YALE	0
	0.734850	1
	2.302866
PRED	O-SSM	66666
	YALE	0
	0.648705	1
	0.940118
PRED	O-SSM	66666
	YALE	0
	0.629613	1
	0.662217
PRED	O-SSM	66666
	YALE	0
	0.638909	1
	0.796732
PRED	O-SSM	66666
	YALE	0
	0.719750	1
	2.047287
PRED	O-SSM	66666
	YALE	0
	0.821094	1
	3.995847
PRED	O-SSM	66666
	YALE	0
	0.615978	1
	0.467394
PRED	O-SSM	66666
	YALE	0
	0.667596	1
	1.221982
PRED	O-SSM	66666
	PITT	1
	0.366561	0
	1.379041
PRED	O-SSM	66666
	PITT	1
	0.329138	0
	1.654743
PRED	O-SSM	66666
	PITT	1
	0.424443	0
	0.974159
PRED	O-SSM	66666
	PITT	1
	0.351398	0
	1.489094
PRED	O-SSM	66666
	PITT	1
	0.351257	0
	1.490131
PRED	O-SSM	66666
	PITT	1
	0.341762	0
	1.560160
PRED	O-SSM	66666
	PITT	1
	0.498848	0
	0.473234
PRED	O-SSM	66666
	PITT	1
	0.425136	0
	0.969426
PRED	O-SSM	66666
	PITT	1
	0.299698	0
	1.882946
PRED	O-SSM	66666
	PITT	1
	0.353391	0
	1.474509
PRED	O-SSM	66666
	PITT	1
	0.347470	0
	1.517953
PRED	O-SSM	66666
	PITT	1
	0.475435	0
	0.629766
PRED	O-SSM	66666
	PITT	1
	0.526188	1
	0.290433
PRED	O-SSM	66666
	PITT	0
	0.423842	0
	0.978267
PRED	O-SSM	66666
	PITT	0
	0.430250	0
	0.934533
PRED	O-SSM	66666
	PITT	0
	0.430863	0
	0.930354
PRED	O-SSM	66666
	PITT	0
	0.434591	0
	0.904991
PRED	O-SSM	66666
	PITT	0
	0.474939	0
	0.633086
PRED	O-SSM	66666
	PITT	0
	0.427449	0
	0.953631
PRED	O-SSM	66666
	PITT	0
	0.433233	0
	0.914229
PRED	O-SSM	66666
	PITT	0
	0.345821	0
	1.530111
PRED	O-SSM	66666
	PITT	0
	0.415143	0
	1.037927
PRED	O-SSM	66666
	PITT	0
	0.339826	0
	1.574549
PRED	O-SSM	66666
	PITT	0
	0.415874	0
	1.032905
PRED	O-SSM	66666
	PITT	0
	0.336997	0
	1.595650
PRED	O-SSM	66666
	PITT	0
	0.366094	0
	1.382397
PRED	O-SSM	66666
	USM	1
	0.342664	0
	0.311951
PRED	O-SSM	66666
	USM	1
	0.305840	0
	0.682859
PRED	O-SSM	66666
	USM	1
	0.349810	0
	0.242332
PRED	O-SSM	66666
	USM	1
	0.194588	0
	2.007824
PRED	O-SSM	66666
	USM	1
	0.287338	0
	0.878485
PRED	O-SSM	66666
	USM	1
	0.228323	0
	1.560904
PRED	O-SSM	66666
	USM	1
	0.343520	0
	0.303580
PRED	O-SSM	66666
	USM	1
	0.234604	0
	1.483036
PRED	O-SSM	66666
	USM	1
	0.302886	0
	0.713634
PRED	O-SSM	66666
	USM	1
	0.308568	0
	0.654591
PRED	O-SSM	66666
	USM	1
	0.339979	0
	0.338294
PRED	O-SSM	66666
	USM	1
	0.353219	0
	0.209355
PRED	O-SSM	66666
	USM	1
	0.247598	0
	1.326392
PRED	O-SSM	66666
	USM	0
	0.352532	0
	0.215991
PRED	O-SSM	66666
	USM	0
	0.328924	0
	0.447822
PRED	O-SSM	66666
	USM	0
	0.265364	0
	1.120893
PRED	O-SSM	66666
	USM	0
	0.321114	0
	0.526324
PRED	O-SSM	66666
	USM	0
	0.251430	0
	1.281273
PRED	O-SSM	66666
	USM	0
	0.246708	0
	1.336942
PRED	O-SSM	66666
	USM	0
	0.272995	0
	1.035340
PRED	O-SSM	66666
	USM	0
	0.293039	0
	0.817448
PRED	O-SSM	66666
	USM	0
	0.363576	0
	0.110031
PRED	O-SSM	66666
	USM	0
	0.358498	0
	0.158572
PRED	O-SSM	66666
	USM	0
	0.311232	0
	0.627130
PRED	O-SSM	66666
	USM	0
	0.352535	0
	0.215962
PRED	O-SSM	66666
	USM	0
	0.306224	0
	0.678875
PRED	O-SSM	66666
	MAX_MUN	1
	0.531457	1
	0.184081
PRED	O-SSM	66666
	MAX_MUN	1
	0.462168	0
	0.509175
PRED	O-SSM	66666
	MAX_MUN	1
	0.276725	0
	1.456711
PRED	O-SSM	66666
	MAX_MUN	1
	0.456032	0
	0.538111
PRED	O-SSM	66666
	MAX_MUN	1
	0.245356	0
	1.647320
PRED	O-SSM	66666
	MAX_MUN	1
	0.152342	0
	2.341525
PRED	O-SSM	66666
	MAX_MUN	1
	0.474795	0
	0.449788
PRED	O-SSM	66666
	MAX_MUN	1
	0.444474	0
	0.592793
PRED	O-SSM	66666
	MAX_MUN	1
	0.460636	0
	0.516395
PRED	O-SSM	66666
	MAX_MUN	1
	0.513147	1
	0.270027
PRED	O-SSM	66666
	MAX_MUN	1
	0.414801	0
	0.734641
PRED	O-SSM	66666
	MAX_MUN	1
	0.410528	0
	0.755283
PRED	O-SSM	66666
	MAX_MUN	1
	0.314679	0
	1.243081
PRED	O-SSM	66666
	MAX_MUN	0
	0.300601	0
	1.320489
PRED	O-SSM	66666
	MAX_MUN	0
	0.468002	0
	0.481712
PRED	O-SSM	66666
	MAX_MUN	0
	0.322634	0
	1.200172
PRED	O-SSM	66666
	MAX_MUN	0
	0.424259	0
	0.689159
PRED	O-SSM	66666
	MAX_MUN	0
	0.182095	0
	2.090774
PRED	O-SSM	66666
	MAX_MUN	0
	0.152072	0
	2.343975
PRED	O-SSM	66666
	MAX_MUN	0
	0.236065	0
	1.706859
PRED	O-SSM	66666
	MAX_MUN	0
	0.376730	0
	0.921180
PRED	O-SSM	66666
	MAX_MUN	0
	0.182219	0
	2.089797
PRED	O-SSM	66666
	MAX_MUN	0
	0.282336	0
	1.424085
PRED	O-SSM	66666
	MAX_MUN	0
	0.293734	0
	1.358993
PRED	O-SSM	66666
	MAX_MUN	0
	0.388798	0
	0.861363
PRED	O-SSM	66666
	MAX_MUN	0
	0.336886	0
	1.124650
PRED	O-SSM	66666
	TRINITY	1
	0.640632	1
	1.553337
PRED	O-SSM	66666
	TRINITY	1
	0.613590	1
	1.104323
PRED	O-SSM	66666
	TRINITY	1
	0.659032	1
	1.867262
PRED	O-SSM	66666
	TRINITY	1
	0.651761	1
	1.742301
PRED	O-SSM	66666
	TRINITY	1
	0.580996	1
	0.578131
PRED	O-SSM	66666
	TRINITY	1
	0.603462	1
	0.939297
PRED	O-SSM	66666
	TRINITY	1
	0.657514	1
	1.841070
PRED	O-SSM	66666
	TRINITY	1
	0.592183	1
	0.757200
PRED	O-SSM	66666
	TRINITY	1
	0.657902	1
	1.847760
PRED	O-SSM	66666
	TRINITY	1
	0.620141	1
	1.211914
PRED	O-SSM	66666
	TRINITY	1
	0.637850	1
	1.506513
PRED	O-SSM	66666
	TRINITY	1
	0.589939	1
	0.721161
PRED	O-SSM	66666
	TRINITY	1
	0.632613	1
	1.418790
PRED	O-SSM	66666
	TRINITY	0
	0.588274	1
	0.694473
PRED	O-SSM	66666
	TRINITY	0
	0.588811	1
	0.703072
PRED	O-SSM	66666
	TRINITY	0
	0.630638	1
	1.385845
PRED	O-SSM	66666
	TRINITY	0
	0.602653	1
	0.926183
PRED	O-SSM	66666
	TRINITY	0
	0.583951	1
	0.625297
PRED	O-SSM	66666
	TRINITY	0
	0.586434	1
	0.664996
PRED	O-SSM	66666
	TRINITY	0
	0.567515	1
	0.364085
PRED	O-SSM	66666
	TRINITY	0
	0.615325	1
	1.132761
PRED	O-SSM	66666
	TRINITY	0
	0.571818	1
	0.432220
PRED	O-SSM	66666
	TRINITY	0
	0.633181	1
	1.428288
PRED	O-SSM	66666
	TRINITY	0
	0.631397	1
	1.398504
PRED	O-SSM	66666
	TRINITY	0
	0.592489	1
	0.762126
PRED	O-SSM	66666
	TRINITY	0
	0.632274	1
	1.413123
PRED	O-SSM	66666
	KKI	1
	0.764951	1
	1.060302
PRED	O-SSM	66666
	KKI	1
	0.759293	1
	0.994749
PRED	O-SSM	66666
	KKI	1
	0.739050	1
	0.768404
PRED	O-SSM	66666
	KKI	1
	0.747348	1
	0.859725
PRED	O-SSM	66666
	KKI	1
	0.775046	1
	1.180044
PRED	O-SSM	66666
	KKI	1
	0.754766	1
	0.943053
PRED	O-SSM	66666
	KKI	1
	0.795092	1
	1.429698
PRED	O-SSM	66666
	KKI	1
	0.780353	1
	1.244510
PRED	O-SSM	66666
	KKI	1
	0.805804	1
	1.570578
PRED	O-SSM	66666
	KKI	1
	0.754112	1
	0.935646
PRED	O-SSM	66666
	KKI	1
	0.782495	1
	1.270851
PRED	O-SSM	66666
	KKI	1
	0.715159	1
	0.515386
PRED	O-SSM	66666
	KKI	1
	0.709629	1
	0.458696
PRED	O-SSM	66666
	KKI	0
	0.784179	1
	1.291694
PRED	O-SSM	66666
	KKI	0
	0.775954	1
	1.190990
PRED	O-SSM	66666
	KKI	0
	0.835696	1
	1.998149
PRED	O-SSM	66666
	KKI	0
	0.840186	1
	2.067604
PRED	O-SSM	66666
	KKI	0
	0.746953	1
	0.855333
PRED	O-SSM	66666
	KKI	0
	0.699680	1
	0.358287
PRED	O-SSM	66666
	KKI	0
	0.812970	1
	1.668154
PRED	O-SSM	66666
	KKI	0
	0.765034	1
	1.061267
PRED	O-SSM	66666
	KKI	0
	0.691209	1
	0.274277
PRED	O-SSM	66666
	KKI	0
	0.693084	1
	0.292768
PRED	O-SSM	66666
	KKI	0
	0.777774	1
	1.213051
PRED	O-SSM	66666
	KKI	0
	0.735829	1
	0.733457
PRED	O-SSM	66666
	KKI	0
	0.785385	1
	1.306687
PRED	O-SSM	66666
	STANFORD	1
	0.218753	0
	1.427426
PRED	O-SSM	66666
	STANFORD	1
	0.258488	0
	1.251648
PRED	O-SSM	66666
	STANFORD	1
	0.009026	0
	4.175817
PRED	O-SSM	66666
	STANFORD	1
	0.165906	0
	1.701776
PRED	O-SSM	66666
	STANFORD	1
	0.173861	0
	1.656516
PRED	O-SSM	66666
	STANFORD	1
	0.071922	0
	2.457977
PRED	O-SSM	66666
	STANFORD	1
	0.404255	0
	0.717287
PRED	O-SSM	66666
	STANFORD	1
	0.393433	0
	0.753501
PRED	O-SSM	66666
	STANFORD	1
	0.263844	0
	1.229380
PRED	O-SSM	66666
	STANFORD	1
	0.237957	0
	1.339952
PRED	O-SSM	66666
	STANFORD	1
	0.224758	0
	1.399510
PRED	O-SSM	66666
	STANFORD	1
	0.498849	0
	0.409896
PRED	O-SSM	66666
	STANFORD	1
	0.518821	1
	0.345777
PRED	O-SSM	66666
	STANFORD	0
	0.475041	0
	0.486364
PRED	O-SSM	66666
	STANFORD	0
	0.247198	0
	1.299598
PRED	O-SSM	66666
	STANFORD	0
	0.524476	1
	0.327598
PRED	O-SSM	66666
	STANFORD	0
	0.388452	0
	0.770282
PRED	O-SSM	66666
	STANFORD	0
	0.271669	0
	1.197358
PRED	O-SSM	66666
	STANFORD	0
	0.278367	0
	1.170405
PRED	O-SSM	66666
	STANFORD	0
	0.600555	1
	0.079066
PRED	O-SSM	66666
	STANFORD	0
	0.378458	0
	0.804197
PRED	O-SSM	66666
	STANFORD	0
	0.260757	0
	1.242178
PRED	O-SSM	66666
	STANFORD	0
	0.477781	0
	0.477551
PRED	O-SSM	66666
	STANFORD	0
	0.436326	0
	0.611650
PRED	O-SSM	66666
	STANFORD	0
	0.240226	0
	1.329944
PRED	O-SSM	66666
	STANFORD	0
	0.385730	0
	0.779487
PRED	O-SSM	66666
	CALTECH	1
	0.581562	1
	0.475362
PRED	O-SSM	66666
	CALTECH	1
	0.581516	1
	0.473866
PRED	O-SSM	66666
	CALTECH	1
	0.577614	1
	0.348253
PRED	O-SSM	66666
	CALTECH	1
	0.585910	1
	0.615694
PRED	O-SSM	66666
	CALTECH	1
	0.611844	1
	1.462762
PRED	O-SSM	66666
	CALTECH	1
	0.622767	1
	1.825464
PRED	O-SSM	66666
	CALTECH	1
	0.589264	1
	0.724281
PRED	O-SSM	66666
	CALTECH	1
	0.601737	1
	1.130484
PRED	O-SSM	66666
	CALTECH	1
	0.571534	1
	0.153150
PRED	O-SSM	66666
	CALTECH	1
	0.659985	1
	3.095535
PRED	O-SSM	66666
	CALTECH	1
	0.591927	1
	0.810673
PRED	O-SSM	66666
	CALTECH	1
	0.576914	1
	0.325758
PRED	O-SSM	66666
	CALTECH	0
	0.597100	1
	0.978994
PRED	O-SSM	66666
	CALTECH	0
	0.600324	1
	1.084248
PRED	O-SSM	66666
	CALTECH	0
	0.572184	1
	0.173983
PRED	O-SSM	66666
	CALTECH	0
	0.588753	1
	0.707720
PRED	O-SSM	66666
	CALTECH	0
	0.602004	1
	1.139225
PRED	O-SSM	66666
	CALTECH	0
	0.593968	1
	0.877008
PRED	O-SSM	66666
	CALTECH	0
	0.603428	1
	1.185854
PRED	O-SSM	66666
	CALTECH	0
	0.571993	1
	0.167860
PRED	O-SSM	66666
	CALTECH	0
	0.578231	1
	0.368099
PRED	O-SSM	66666
	CALTECH	0
	0.604649	1
	1.225894
PRED	O-SSM	66666
	CALTECH	0
	0.619487	1
	1.716126
PRED	O-SSM	66666
	CALTECH	0
	0.574163	1
	0.237437
PRED	O-SSM	66666
	LEUVEN_2	1
	0.559147	1
	1.482977
PRED	O-SSM	66666
	LEUVEN_2	1
	0.559543	1
	1.504461
PRED	O-SSM	66666
	LEUVEN_2	1
	0.535994	1
	0.232995
PRED	O-SSM	66666
	LEUVEN_2	1
	0.547910	1
	0.874899
PRED	O-SSM	66666
	LEUVEN_2	1
	0.543004	1
	0.610291
PRED	O-SSM	66666
	LEUVEN_2	1
	0.552685	1
	1.132979
PRED	O-SSM	66666
	LEUVEN_2	1
	0.555712	1
	1.296814
PRED	O-SSM	66666
	LEUVEN_2	1
	0.547401	1
	0.847439
PRED	O-SSM	66666
	LEUVEN_2	1
	0.557650	1
	1.401809
PRED	O-SSM	66666
	LEUVEN_2	1
	0.550901	1
	1.036512
PRED	O-SSM	66666
	LEUVEN_2	1
	0.554084	1
	1.208627
PRED	O-SSM	66666
	LEUVEN_2	1
	0.551801	1
	1.085123
PRED	O-SSM	66666
	LEUVEN_2	0
	0.554254	1
	1.217847
PRED	O-SSM	66666
	LEUVEN_2	0
	0.550557	1
	1.017914
PRED	O-SSM	66666
	LEUVEN_2	0
	0.559452	1
	1.499516
PRED	O-SSM	66666
	LEUVEN_2	0
	0.554115	1
	1.210325
PRED	O-SSM	66666
	LEUVEN_2	0
	0.537256	1
	0.300856
PRED	O-SSM	66666
	LEUVEN_2	0
	0.535720	1
	0.218246
PRED	O-SSM	66666
	LEUVEN_2	0
	0.553892	1
	1.198243
PRED	O-SSM	66666
	LEUVEN_2	0
	0.537936	1
	0.337449
PRED	O-SSM	66666
	LEUVEN_2	0
	0.567485	1
	1.936269
PRED	O-SSM	66666
	LEUVEN_2	0
	0.551124	1
	1.048569
PRED	O-SSM	66666
	LEUVEN_2	0
	0.544530	1
	0.692560
PRED	O-SSM	66666
	LEUVEN_2	0
	0.542346	1
	0.574858
PRED	O-SSM	66666
	OLIN	1
	0.140949	0
	1.165314
PRED	O-SSM	66666
	OLIN	1
	0.228753	0
	0.164040
PRED	O-SSM	66666
	OLIN	1
	0.223648	0
	0.213362
PRED	O-SSM	66666
	OLIN	1
	0.210259	0
	0.346678
PRED	O-SSM	66666
	OLIN	1
	0.222410	0
	0.225440
PRED	O-SSM	66666
	OLIN	1
	0.200644	0
	0.446310
PRED	O-SSM	66666
	OLIN	1
	0.185553	0
	0.610168
PRED	O-SSM	66666
	OLIN	1
	0.135445	0
	1.243475
PRED	O-SSM	66666
	OLIN	1
	0.168212	0
	0.811731
PRED	O-SSM	66666
	OLIN	1
	0.222355	0
	0.225983
PRED	O-SSM	66666
	OLIN	1
	0.227675	0
	0.174386
PRED	O-SSM	66666
	OLIN	1
	0.145279	0
	1.105590
PRED	O-SSM	66666
	OLIN	0
	0.084698	0
	2.133886
PRED	O-SSM	66666
	OLIN	0
	0.222163	0
	0.227858
PRED	O-SSM	66666
	OLIN	0
	0.138302	0
	1.202573
PRED	O-SSM	66666
	OLIN	0
	0.209182	0
	0.357669
PRED	O-SSM	66666
	OLIN	0
	0.115522	0
	1.551069
PRED	O-SSM	66666
	OLIN	0
	0.220238	0
	0.246757
PRED	O-SSM	66666
	OLIN	0
	0.202635	0
	0.425385
PRED	O-SSM	66666
	OLIN	0
	0.096280	0
	1.895608
PRED	O-SSM	66666
	OLIN	0
	0.164906	0
	0.852008
PRED	O-SSM	66666
	OLIN	0
	0.131624	0
	1.299332
PRED	O-SSM	66666
	OLIN	0
	0.181723	0
	0.653382
PRED	O-SSM	66666
	OLIN	0
	0.155657	0
	0.968248
PRED	O-SSM	66666
	SBL	1
	0.644797	1
	1.063243
PRED	O-SSM	66666
	SBL	1
	0.661449	1
	1.381944
PRED	O-SSM	66666
	SBL	1
	0.642093	1
	1.012164
PRED	O-SSM	66666
	SBL	1
	0.657182	1
	1.299588
PRED	O-SSM	66666
	SBL	1
	0.593284	1
	0.115188
PRED	O-SSM	66666
	SBL	1
	0.661964	1
	1.391919
PRED	O-SSM	66666
	SBL	1
	0.652016	1
	1.200533
PRED	O-SSM	66666
	SBL	1
	0.660228	1
	1.358330
PRED	O-SSM	66666
	SBL	1
	0.638604	1
	0.946469
PRED	O-SSM	66666
	SBL	1
	0.639543	1
	0.964119
PRED	O-SSM	66666
	SBL	1
	0.608661	1
	0.393213
PRED	O-SSM	66666
	SBL	1
	0.670185	1
	1.552148
PRED	O-SSM	66666
	SBL	0
	0.646439	1
	1.094370
PRED	O-SSM	66666
	SBL	0
	0.628326	1
	0.754574
PRED	O-SSM	66666
	SBL	0
	0.598345	1
	0.206295
PRED	O-SSM	66666
	SBL	0
	0.660131	1
	1.356453
PRED	O-SSM	66666
	SBL	0
	0.665745	1
	1.465361
PRED	O-SSM	66666
	SBL	0
	0.617828	1
	0.560779
PRED	O-SSM	66666
	SBL	0
	0.628790	1
	0.763179
PRED	O-SSM	66666
	SBL	0
	0.617705	1
	0.558508
PRED	O-SSM	66666
	SBL	0
	0.661638	1
	1.385592
PRED	O-SSM	66666
	SBL	0
	0.622367	1
	0.644294
PRED	O-SSM	66666
	SBL	0
	0.674677	1
	1.640567
PRED	O-SSM	66666
	SBL	0
	0.664745	1
	1.445892
PRED	O-SSM	66666
	LEUVEN_1	1
	0.476928	0
	0.677977
PRED	O-SSM	66666
	LEUVEN_1	1
	0.481677	0
	0.632892
PRED	O-SSM	66666
	LEUVEN_1	1
	0.447551	0
	0.958120
PRED	O-SSM	66666
	LEUVEN_1	1
	0.459571	0
	0.843184
PRED	O-SSM	66666
	LEUVEN_1	1
	0.413155	0
	1.290744
PRED	O-SSM	66666
	LEUVEN_1	1
	0.437817	0
	1.051620
PRED	O-SSM	66666
	LEUVEN_1	1
	0.521006	1
	0.259907
PRED	O-SSM	66666
	LEUVEN_1	1
	0.457952	0
	0.858641
PRED	O-SSM	66666
	LEUVEN_1	1
	0.505020	1
	0.411552
PRED	O-SSM	66666
	LEUVEN_1	1
	0.450580	0
	0.929106
PRED	O-SSM	66666
	LEUVEN_1	1
	0.480943	0
	0.639855
PRED	O-SSM	66666
	LEUVEN_1	1
	0.432352	0
	1.104303
PRED	O-SSM	66666
	LEUVEN_1	0
	0.413452	0
	1.287842
PRED	O-SSM	66666
	LEUVEN_1	0
	0.443117	0
	1.000657
PRED	O-SSM	66666
	LEUVEN_1	0
	0.520748	1
	0.262350
PRED	O-SSM	66666
	LEUVEN_1	0
	0.463095	0
	0.809586
PRED	O-SSM	66666
	LEUVEN_1	0
	0.442837	0
	1.003350
PRED	O-SSM	66666
	LEUVEN_1	0
	0.451202	0
	0.923155
PRED	O-SSM	66666
	LEUVEN_1	0
	0.491592	0
	0.538841
PRED	O-SSM	66666
	LEUVEN_1	0
	0.472498	0
	0.720085
PRED	O-SSM	66666
	LEUVEN_1	0
	0.474398	0
	0.702023
PRED	O-SSM	66666
	LEUVEN_1	0
	0.506805	1
	0.394627
PRED	O-SSM	66666
	LEUVEN_1	0
	0.476069	0
	0.686144
PRED	O-SSM	66666
	LEUVEN_1	0
	0.530495	1
	0.169722
PRED	O-SSM	66666
	SDSU	1
	0.497969	0
	0.516713
PRED	O-SSM	66666
	SDSU	1
	0.488027	0
	0.862104
PRED	O-SSM	66666
	SDSU	1
	0.500626	1
	0.424430
PRED	O-SSM	66666
	SDSU	1
	0.495866	0
	0.589767
PRED	O-SSM	66666
	SDSU	1
	0.477156	0
	1.240151
PRED	O-SSM	66666
	SDSU	1
	0.438587	0
	2.590046
PRED	O-SSM	66666
	SDSU	1
	0.505861	1
	0.242608
PRED	O-SSM	66666
	SDSU	1
	0.490275	0
	0.783999
PRED	O-SSM	66666
	SDSU	1
	0.477256	0
	1.236674
PRED	O-SSM	66666
	SDSU	1
	0.462912	0
	1.736712
PRED	O-SSM	66666
	SDSU	1
	0.492554	0
	0.704805
PRED	O-SSM	66666
	SDSU	1
	0.490694	0
	0.769422
PRED	O-SSM	66666
	SDSU	0
	0.487178	0
	0.891594
PRED	O-SSM	66666
	SDSU	0
	0.461400	0
	1.789515
PRED	O-SSM	66666
	SDSU	0
	0.509350	1
	0.121384
PRED	O-SSM	66666
	SDSU	0
	0.447439	0
	2.278513
PRED	O-SSM	66666
	SDSU	0
	0.486893	0
	0.901516
PRED	O-SSM	66666
	SDSU	0
	0.484285	0
	0.992157
PRED	O-SSM	66666
	SDSU	0
	0.480930	0
	1.108830
PRED	O-SSM	66666
	SDSU	0
	0.446589	0
	2.308382
PRED	O-SSM	66666
	SDSU	0
	0.479457	0
	1.160079
PRED	O-SSM	66666
	SDSU	0
	0.475547	0
	1.296171
PRED	O-SSM	66666
	SDSU	0
	0.487336	0
	0.886135
PRED	O-SSM	66666
	SDSU	0
	0.483552	0
	1.017644
PRED	O-SSM	66666
	CMU	1
	0.748348	1
	1.338271
PRED	O-SSM	66666
	CMU	1
	0.572854	1
	0.116248
PRED	O-SSM	66666
	CMU	1
	0.626352	1
	0.458605
PRED	O-SSM	66666
	CMU	1
	0.597390	1
	0.271390
PRED	O-SSM	66666
	CMU	1
	0.693461	1
	0.918609
PRED	O-SSM	66666
	CMU	1
	0.597181	1
	0.270061
PRED	O-SSM	66666
	CMU	1
	0.565212	1
	0.068426
PRED	O-SSM	66666
	CMU	1
	0.718976	1
	1.107421
PRED	O-SSM	66666
	CMU	1
	0.632910	1
	0.501767
PRED	O-SSM	66666
	CMU	1
	0.697023	1
	0.944406
PRED	O-SSM	66666
	CMU	1
	0.599536	1
	0.285096
PRED	O-SSM	66666
	CMU	1
	0.610950	1
	0.358415
PRED	O-SSM	66666
	CMU	0
	0.665371	1
	0.720601
PRED	O-SSM	66666
	CMU	0
	0.640064	1
	0.549215
PRED	O-SSM	66666
	CMU	0
	0.575185	1
	0.130880
PRED	O-SSM	66666
	CMU	0
	0.667433	1
	0.734836
PRED	O-SSM	66666
	CMU	0
	0.674171	1
	0.781658
PRED	O-SSM	66666
	CMU	0
	0.650107	1
	0.616534
PRED	O-SSM	66666
	CMU	0
	0.776352	1
	1.575689
PRED	O-SSM	66666
	CMU	0
	0.668293	1
	0.740781
PRED	O-SSM	66666
	CMU	0
	0.717774	1
	1.098298
PRED	O-SSM	66666
	CMU	0
	0.739540	1
	1.267308
PRED	O-SSM	66666
	CMU	0
	0.631199	1
	0.490473
PRED	O-SSM	66666
	CMU	0
	0.770022	1
	1.520296
PRED	O-SSM	66666
	UCLA_2	1
	0.540310	1
	0.676024
PRED	O-SSM	66666
	UCLA_2	1
	0.693420	1
	1.285041
PRED	O-SSM	66666
	UCLA_2	1
	0.664542	1
	1.161707
PRED	O-SSM	66666
	UCLA_2	1
	0.591226	1
	0.869034
PRED	O-SSM	66666
	UCLA_2	1
	0.419833	0
	0.224729
PRED	O-SSM	66666
	UCLA_2	1
	0.649230	1
	1.098490
PRED	O-SSM	66666
	UCLA_2	1
	0.488167	0
	0.481633
PRED	O-SSM	66666
	UCLA_2	1
	0.603675	1
	0.917196
PRED	O-SSM	66666
	UCLA_2	1
	0.730049	1
	1.451315
PRED	O-SSM	66666
	UCLA_2	1
	0.505088	1
	0.544615
PRED	O-SSM	66666
	UCLA_2	1
	0.573416	1
	0.800896
PRED	O-SSM	66666
	UCLA_2	1
	0.679918	1
	1.226646
PRED	O-SSM	66666
	UCLA_2	0
	0.451785	0
	0.345682
PRED	O-SSM	66666
	UCLA_2	0
	0.624066	1
	0.997250
PRED	O-SSM	66666
	UCLA_2	0
	0.427074	0
	0.252326
PRED	O-SSM	66666
	UCLA_2	0
	0.636439	1
	1.046653
PRED	O-SSM	66666
	UCLA_2	0
	0.631673	1
	1.027544
PRED	O-SSM	66666
	UCLA_2	0
	0.482063	0
	0.458894
PRED	O-SSM	66666
	UCLA_2	0
	0.707375	1
	1.346920
PRED	O-SSM	66666
	UCLA_2	0
	0.542052	1
	0.682550
PRED	O-SSM	66666
	UCLA_2	0
	0.842750	1
	2.087682
PRED	O-SSM	66666
	UCLA_2	0
	0.786955	1
	1.741418
PRED	O-SSM	66666
	UCLA_2	0
	0.672800	1
	1.196388
PRED	O-SSM	66666
	UCLA_2	0
	0.806256	1
	1.852315
PRED	O-SSM	66666
	UM_2	1
	0.735726	1
	1.977480
PRED	O-SSM	66666
	UM_2	1
	0.673076	1
	1.436527
PRED	O-SSM	66666
	UM_2	1
	0.497993	0
	0.127518
PRED	O-SSM	66666
	UM_2	1
	0.593203	1
	0.818182
PRED	O-SSM	66666
	UM_2	1
	0.713124	1
	1.774423
PRED	O-SSM	66666
	UM_2	1
	0.590634	1
	0.799121
PRED	O-SSM	66666
	UM_2	1
	0.629821	1
	1.094682
PRED	O-SSM	66666
	UM_2	1
	0.536649	1
	0.405199
PRED	O-SSM	66666
	UM_2	1
	0.726740	1
	1.895504
PRED	O-SSM	66666
	UM_2	1
	0.589424	1
	0.790152
PRED	O-SSM	66666
	UM_2	1
	0.534801	1
	0.391876
PRED	O-SSM	66666
	UM_2	1
	0.541670	1
	0.441422
PRED	O-SSM	66666
	UM_2	0
	0.675320	1
	1.454848
PRED	O-SSM	66666
	UM_2	0
	0.549339	1
	0.496877
PRED	O-SSM	66666
	UM_2	0
	0.539007	1
	0.422200
PRED	O-SSM	66666
	UM_2	0
	0.657901	1
	1.314303
PRED	O-SSM	66666
	UM_2	0
	0.655275	1
	1.293423
PRED	O-SSM	66666
	UM_2	0
	0.647307	1
	1.230524
PRED	O-SSM	66666
	UM_2	0
	0.677795	1
	1.475119
PRED	O-SSM	66666
	UM_2	0
	0.587681	1
	0.777248
PRED	O-SSM	66666
	UM_2	0
	0.551273	1
	0.510888
PRED	O-SSM	66666
	UM_2	0
	0.521453	1
	0.295842
PRED	O-SSM	66666
	UM_2	0
	0.593895	1
	0.823331
PRED	O-SSM	66666
	UM_2	0
	0.598366	1
	0.856623
PRED	O-SSM	66666
	OHSU	1
	0.526516	1
	1.149122
PRED	O-SSM	66666
	OHSU	1
	0.510103	1
	0.879283
PRED	O-SSM	66666
	OHSU	1
	0.578098	1
	2.006103
PRED	O-SSM	66666
	OHSU	1
	0.494240	0
	0.618839
PRED	O-SSM	66666
	OHSU	1
	0.507429	1
	0.835378
PRED	O-SSM	66666
	OHSU	1
	0.505022	1
	0.795847
PRED	O-SSM	66666
	OHSU	1
	0.511195	1
	0.897228
PRED	O-SSM	66666
	OHSU	1
	0.498023	0
	0.680955
PRED	O-SSM	66666
	OHSU	1
	0.524304	1
	1.112716
PRED	O-SSM	66666
	OHSU	1
	0.564779	1
	1.782865
PRED	O-SSM	66666
	OHSU	1
	0.533314	1
	1.261131
PRED	O-SSM	66666
	OHSU	1
	0.482916	0
	0.432842
PRED	O-SSM	66666
	OHSU	0
	0.519752	1
	1.037846
PRED	O-SSM	66666
	OHSU	0
	0.549477	1
	1.528313
PRED	O-SSM	66666
	OHSU	0
	0.583485	1
	2.096911
PRED	O-SSM	66666
	OHSU	0
	0.569476	1
	1.861397
PRED	O-SSM	66666
	OHSU	0
	0.459243	0
	0.042829
PRED	O-SSM	66666
	OHSU	0
	0.531497	1
	1.231174
PRED	O-SSM	66666
	OHSU	0
	0.473466	0
	0.277401
PRED	O-SSM	66666
	OHSU	0
	0.529073	1
	1.191231
PRED	O-SSM	66666
	OHSU	0
	0.503950	1
	0.778252
PRED	O-SSM	66666
	OHSU	0
	0.526936	1
	1.156040
PRED	O-SSM	66666
	OHSU	0
	0.521100	1
	1.060005
PRED	O-SSM	66666
	OHSU	0
	0.473110	0
	0.271530
  O-SSM    66666
   acc=50.400000% bal=50.384615% sites=20
/20
 test_n=500
 assoc=0.978209
PRED	O-SSM	77777
	NYU	1
	0.535680	1
	0.313458
PRED	O-SSM	77777
	NYU	1
	0.558370	1
	0.444851
PRED	O-SSM	77777
	NYU	1
	0.556529	1
	0.434144
PRED	O-SSM	77777
	NYU	1
	0.608115	1
	0.738723
PRED	O-SSM	77777
	NYU	1
	0.737241	1
	1.588413
PRED	O-SSM	77777
	NYU	1
	0.672792	1
	1.142485
PRED	O-SSM	77777
	NYU	1
	0.723851	1
	1.490813
PRED	O-SSM	77777
	NYU	1
	0.693382	1
	1.278974
PRED	O-SSM	77777
	NYU	1
	0.585378	1
	0.603147
PRED	O-SSM	77777
	NYU	1
	0.753432	1
	1.710823
PRED	O-SSM	77777
	NYU	1
	0.573140	1
	0.531103
PRED	O-SSM	77777
	NYU	1
	0.695238	1
	1.291518
PRED	O-SSM	77777
	NYU	1
	0.662589	1
	1.076516
PRED	O-SSM	77777
	NYU	0
	0.725939	1
	1.505836
PRED	O-SSM	77777
	NYU	0
	0.618746	1
	0.803044
PRED	O-SSM	77777
	NYU	0
	0.657907	1
	1.046567
PRED	O-SSM	77777
	NYU	0
	0.667946	1
	1.111027
PRED	O-SSM	77777
	NYU	0
	0.550781	1
	0.400778
PRED	O-SSM	77777
	NYU	0
	0.629107	1
	0.866392
PRED	O-SSM	77777
	NYU	0
	0.624019	1
	0.835196
PRED	O-SSM	77777
	NYU	0
	0.694636	1
	1.287441
PRED	O-SSM	77777
	NYU	0
	0.698983	1
	1.316959
PRED	O-SSM	77777
	NYU	0
	0.560747	1
	0.458687
PRED	O-SSM	77777
	NYU	0
	0.534497	1
	0.306637
PRED	O-SSM	77777
	NYU	0
	0.599021	1
	0.684196
PRED	O-SSM	77777
	NYU	0
	0.628503	1
	0.862679
PRED	O-SSM	77777
	UM_1	1
	0.358142	0
	1.347797
PRED	O-SSM	77777
	UM_1	1
	0.371893	0
	1.462996
PRED	O-SSM	77777
	UM_1	1
	0.280180	0
	0.648594
PRED	O-SSM	77777
	UM_1	1
	0.338674	0
	1.181264
PRED	O-SSM	77777
	UM_1	1
	0.241806	0
	0.261768
PRED	O-SSM	77777
	UM_1	1
	0.315951	0
	0.980834
PRED	O-SSM	77777
	UM_1	1
	0.255519	0
	0.404308
PRED	O-SSM	77777
	UM_1	1
	0.308954	0
	0.917600
PRED	O-SSM	77777
	UM_1	1
	0.431262	0
	1.943327
PRED	O-SSM	77777
	UM_1	1
	0.443414	0
	2.039212
PRED	O-SSM	77777
	UM_1	1
	0.301576	0
	0.850056
PRED	O-SSM	77777
	UM_1	1
	0.298848	0
	0.824845
PRED	O-SSM	77777
	UM_1	1
	0.413077	0
	1.798571
PRED	O-SSM	77777
	UM_1	0
	0.294426	0
	0.783691
PRED	O-SSM	77777
	UM_1	0
	0.225131	0
	0.080810
PRED	O-SSM	77777
	UM_1	0
	0.336498	0
	1.162374
PRED	O-SSM	77777
	UM_1	0
	0.281178	0
	0.658190
PRED	O-SSM	77777
	UM_1	0
	0.335008	0
	1.149406
PRED	O-SSM	77777
	UM_1	0
	0.319897	0
	1.016171
PRED	O-SSM	77777
	UM_1	0
	0.313040	0
	0.954621
PRED	O-SSM	77777
	UM_1	0
	0.308290	0
	0.911560
PRED	O-SSM	77777
	UM_1	0
	0.326251	0
	1.072575
PRED	O-SSM	77777
	UM_1	0
	0.441265	0
	2.022300
PRED	O-SSM	77777
	UM_1	0
	0.386865	0
	1.586462
PRED	O-SSM	77777
	UM_1	0
	0.343266	0
	1.220945
PRED	O-SSM	77777
	UM_1	0
	0.255579	0
	0.404920
PRED	O-SSM	77777
	UCLA_1	1
	0.228052	0
	1.049957
PRED	O-SSM	77777
	UCLA_1	1
	0.227266	0
	1.016261
PRED	O-SSM	77777
	UCLA_1	1
	0.219143	0
	0.662879
PRED	O-SSM	77777
	UCLA_1	1
	0.218782	0
	0.646977
PRED	O-SSM	77777
	UCLA_1	1
	0.228169	0
	1.054948
PRED	O-SSM	77777
	UCLA_1	1
	0.224480	0
	0.896078
PRED	O-SSM	77777
	UCLA_1	1
	0.209791	0
	0.244214
PRED	O-SSM	77777
	UCLA_1	1
	0.226049	0
	0.963899
PRED	O-SSM	77777
	UCLA_1	1
	0.228411	0
	1.065327
PRED	O-SSM	77777
	UCLA_1	1
	0.221643	0
	0.772606
PRED	O-SSM	77777
	UCLA_1	1
	0.288362	0
	3.433005
PRED	O-SSM	77777
	UCLA_1	1
	0.221022	0
	0.745460
PRED	O-SSM	77777
	UCLA_1	1
	0.229582	0
	1.115331
PRED	O-SSM	77777
	UCLA_1	0
	0.215022	0
	0.480046
PRED	O-SSM	77777
	UCLA_1	0
	0.226031	0
	0.963094
PRED	O-SSM	77777
	UCLA_1	0
	0.217298	0
	0.581347
PRED	O-SSM	77777
	UCLA_1	0
	0.235696	0
	1.373656
PRED	O-SSM	77777
	UCLA_1	0
	0.221191	0
	0.752849
PRED	O-SSM	77777
	UCLA_1	0
	0.216086	0
	0.527499
PRED	O-SSM	77777
	UCLA_1	0
	0.263806	0
	2.505938
PRED	O-SSM	77777
	UCLA_1	0
	0.234948	0
	1.342299
PRED	O-SSM	77777
	UCLA_1	0
	0.226383	0
	0.978283
PRED	O-SSM	77777
	UCLA_1	0
	0.217384	0
	0.585126
PRED	O-SSM	77777
	UCLA_1	0
	0.220614	0
	0.727546
PRED	O-SSM	77777
	UCLA_1	0
	0.219493	0
	0.678303
PRED	O-SSM	77777
	UCLA_1	0
	0.218385	0
	0.629457
PRED	O-SSM	77777
	YALE	1
	0.403500	0
	0.934363
PRED	O-SSM	77777
	YALE	1
	0.446524	0
	0.595918
PRED	O-SSM	77777
	YALE	1
	0.445444	0
	0.604322
PRED	O-SSM	77777
	YALE	1
	0.319120	0
	1.639226
PRED	O-SSM	77777
	YALE	1
	0.506329	1
	0.134788
PRED	O-SSM	77777
	YALE	1
	0.400305	0
	0.959902
PRED	O-SSM	77777
	YALE	1
	0.385640	0
	1.078006
PRED	O-SSM	77777
	YALE	1
	0.385427	0
	1.079741
PRED	O-SSM	77777
	YALE	1
	0.459404	0
	0.496058
PRED	O-SSM	77777
	YALE	1
	0.375193	0
	1.163159
PRED	O-SSM	77777
	YALE	1
	0.425475	0
	0.760386
PRED	O-SSM	77777
	YALE	1
	0.374535	0
	1.168558
PRED	O-SSM	77777
	YALE	1
	0.454236	0
	0.536068
PRED	O-SSM	77777
	YALE	0
	0.486624	0
	0.286234
PRED	O-SSM	77777
	YALE	0
	0.451073	0
	0.560598
PRED	O-SSM	77777
	YALE	0
	0.364582	0
	1.250623
PRED	O-SSM	77777
	YALE	0
	0.507706	1
	0.124209
PRED	O-SSM	77777
	YALE	0
	0.148040	0
	3.545356
PRED	O-SSM	77777
	YALE	0
	0.211114	0
	2.715789
PRED	O-SSM	77777
	YALE	0
	0.425933	0
	0.756789
PRED	O-SSM	77777
	YALE	0
	0.444219	0
	0.613848
PRED	O-SSM	77777
	YALE	0
	0.403585	0
	0.933684
PRED	O-SSM	77777
	YALE	0
	0.383148	0
	1.098238
PRED	O-SSM	77777
	YALE	0
	0.105598	0
	4.287766
PRED	O-SSM	77777
	YALE	0
	0.421918	0
	0.788372
PRED	O-SSM	77777
	YALE	0
	0.356759	0
	1.315797
PRED	O-SSM	77777
	PITT	1
	0.356384	0
	1.354701
PRED	O-SSM	77777
	PITT	1
	0.343016	0
	1.526876
PRED	O-SSM	77777
	PITT	1
	0.404240	0
	0.759410
PRED	O-SSM	77777
	PITT	1
	0.363880	0
	1.259437
PRED	O-SSM	77777
	PITT	1
	0.388755	0
	0.948954
PRED	O-SSM	77777
	PITT	1
	0.329798	0
	1.700302
PRED	O-SSM	77777
	PITT	1
	0.432733	0
	0.416404
PRED	O-SSM	77777
	PITT	1
	0.387785	0
	0.960917
PRED	O-SSM	77777
	PITT	1
	0.395819	0
	0.862175
PRED	O-SSM	77777
	PITT	1
	0.406575	0
	0.731044
PRED	O-SSM	77777
	PITT	1
	0.367065	0
	1.219206
PRED	O-SSM	77777
	PITT	1
	0.410251	0
	0.686487
PRED	O-SSM	77777
	PITT	1
	0.439406	0
	0.336931
PRED	O-SSM	77777
	PITT	0
	0.387663	0
	0.962415
PRED	O-SSM	77777
	PITT	0
	0.401203	0
	0.796385
PRED	O-SSM	77777
	PITT	0
	0.335620	0
	1.623501
PRED	O-SSM	77777
	PITT	0
	0.391324	0
	0.917331
PRED	O-SSM	77777
	PITT	0
	0.410619	0
	0.682030
PRED	O-SSM	77777
	PITT	0
	0.384491	0
	1.001611
PRED	O-SSM	77777
	PITT	0
	0.411672	0
	0.669289
PRED	O-SSM	77777
	PITT	0
	0.358482	0
	1.327945
PRED	O-SSM	77777
	PITT	0
	0.363199	0
	1.268049
PRED	O-SSM	77777
	PITT	0
	0.370765	0
	1.172663
PRED	O-SSM	77777
	PITT	0
	0.369187	0
	1.192487
PRED	O-SSM	77777
	PITT	0
	0.379555	0
	1.062845
PRED	O-SSM	77777
	PITT	0
	0.341332	0
	1.548788
PRED	O-SSM	77777
	USM	1
	0.647068	1
	0.351192
PRED	O-SSM	77777
	USM	1
	0.662311	1
	1.132834
PRED	O-SSM	77777
	USM	1
	0.645495	1
	0.271426
PRED	O-SSM	77777
	USM	1
	0.689793	1
	2.588030
PRED	O-SSM	77777
	USM	1
	0.659108	1
	0.967203
PRED	O-SSM	77777
	USM	1
	0.669229	1
	1.493221
PRED	O-SSM	77777
	USM	1
	0.647846	1
	0.390693
PRED	O-SSM	77777
	USM	1
	0.655518	1
	0.782473
PRED	O-SSM	77777
	USM	1
	0.657987	1
	0.909417
PRED	O-SSM	77777
	USM	1
	0.656835	1
	0.850123
PRED	O-SSM	77777
	USM	1
	0.646864	1
	0.340851
PRED	O-SSM	77777
	USM	1
	0.646213	1
	0.307826
PRED	O-SSM	77777
	USM	1
	0.662997	1
	1.168420
PRED	O-SSM	77777
	USM	0
	0.646005	1
	0.297297
PRED	O-SSM	77777
	USM	0
	0.652909	1
	0.648801
PRED	O-SSM	77777
	USM	0
	0.665295	1
	1.287825
PRED	O-SSM	77777
	USM	0
	0.652041	1
	0.604440
PRED	O-SSM	77777
	USM	0
	0.655536	1
	0.783378
PRED	O-SSM	77777
	USM	0
	0.670285	1
	1.548553
PRED	O-SSM	77777
	USM	0
	0.664747	1
	1.259292
PRED	O-SSM	77777
	USM	0
	0.662051	1
	1.119372
PRED	O-SSM	77777
	USM	0
	0.643587	1
	0.174900
PRED	O-SSM	77777
	USM	0
	0.644723	1
	0.232335
PRED	O-SSM	77777
	USM	0
	0.653546	1
	0.681377
PRED	O-SSM	77777
	USM	0
	0.648172	1
	0.407285
PRED	O-SSM	77777
	USM	0
	0.650249	1
	0.513000
PRED	O-SSM	77777
	MAX_MUN	1
	0.511975	1
	0.164575
PRED	O-SSM	77777
	MAX_MUN	1
	0.492097	0
	0.596778
PRED	O-SSM	77777
	MAX_MUN	1
	0.457458	0
	1.352068
PRED	O-SSM	77777
	MAX_MUN	1
	0.493512	0
	0.566007
PRED	O-SSM	77777
	MAX_MUN	1
	0.475394	0
	0.960329
PRED	O-SSM	77777
	MAX_MUN	1
	0.427716	0
	2.007488
PRED	O-SSM	77777
	MAX_MUN	1
	0.503453	1
	0.349897
PRED	O-SSM	77777
	MAX_MUN	1
	0.492937	0
	0.578514
PRED	O-SSM	77777
	MAX_MUN	1
	0.483217	0
	0.789967
PRED	O-SSM	77777
	MAX_MUN	1
	0.506943	1
	0.274005
PRED	O-SSM	77777
	MAX_MUN	1
	0.468603	0
	1.108422
PRED	O-SSM	77777
	MAX_MUN	1
	0.482605	0
	0.803283
PRED	O-SSM	77777
	MAX_MUN	1
	0.456632	0
	1.370162
PRED	O-SSM	77777
	MAX_MUN	0
	0.481182	0
	0.834261
PRED	O-SSM	77777
	MAX_MUN	0
	0.494527	0
	0.543953
PRED	O-SSM	77777
	MAX_MUN	0
	0.474054	0
	0.989522
PRED	O-SSM	77777
	MAX_MUN	0
	0.475653	0
	0.954688
PRED	O-SSM	77777
	MAX_MUN	0
	0.464926	0
	1.188714
PRED	O-SSM	77777
	MAX_MUN	0
	0.429261	0
	1.973208
PRED	O-SSM	77777
	MAX_MUN	0
	0.463973	0
	1.209539
PRED	O-SSM	77777
	MAX_MUN	0
	0.468786	0
	1.104445
PRED	O-SSM	77777
	MAX_MUN	0
	0.478819	0
	0.885699
PRED	O-SSM	77777
	MAX_MUN	0
	0.452067	0
	1.470241
PRED	O-SSM	77777
	MAX_MUN	0
	0.469309	0
	1.093011
PRED	O-SSM	77777
	MAX_MUN	0
	0.467840	0
	1.125087
PRED	O-SSM	77777
	MAX_MUN	0
	0.464101	0
	1.206758
PRED	O-SSM	77777
	TRINITY	1
	0.212655	0
	1.427367
PRED	O-SSM	77777
	TRINITY	1
	0.269475	0
	0.963761
PRED	O-SSM	77777
	TRINITY	1
	0.190513	0
	1.632146
PRED	O-SSM	77777
	TRINITY	1
	0.186392	0
	1.672220
PRED	O-SSM	77777
	TRINITY	1
	0.298868	0
	0.748709
PRED	O-SSM	77777
	TRINITY	1
	0.297045	0
	0.761676
PRED	O-SSM	77777
	TRINITY	1
	0.198961	0
	1.552008
PRED	O-SSM	77777
	TRINITY	1
	0.289544	0
	0.815497
PRED	O-SSM	77777
	TRINITY	1
	0.208762	0
	1.462179
PRED	O-SSM	77777
	TRINITY	1
	0.254099	0
	1.082126
PRED	O-SSM	77777
	TRINITY	1
	0.187122	0
	1.665075
PRED	O-SSM	77777
	TRINITY	1
	0.301979	0
	0.726694
PRED	O-SSM	77777
	TRINITY	1
	0.233650	0
	1.247136
PRED	O-SSM	77777
	TRINITY	0
	0.304677	0
	0.707708
PRED	O-SSM	77777
	TRINITY	0
	0.310296	0
	0.668457
PRED	O-SSM	77777
	TRINITY	0
	0.243251	0
	1.168489
PRED	O-SSM	77777
	TRINITY	0
	0.266196	0
	0.988630
PRED	O-SSM	77777
	TRINITY	0
	0.314410	0
	0.639969
PRED	O-SSM	77777
	TRINITY	0
	0.297810	0
	0.756226
PRED	O-SSM	77777
	TRINITY	0
	0.369484	0
	0.275359
PRED	O-SSM	77777
	TRINITY	0
	0.238490	0
	1.207213
PRED	O-SSM	77777
	TRINITY	0
	0.348588	0
	0.410435
PRED	O-SSM	77777
	TRINITY	0
	0.206988	0
	1.478198
PRED	O-SSM	77777
	TRINITY	0
	0.197961	0
	1.561356
PRED	O-SSM	77777
	TRINITY	0
	0.282373	0
	0.867734
PRED	O-SSM	77777
	TRINITY	0
	0.261632	0
	1.023578
PRED	O-SSM	77777
	KKI	1
	0.472222	0
	1.327269
PRED	O-SSM	77777
	KKI	1
	0.469168	0
	1.605971
PRED	O-SSM	77777
	KKI	1
	0.478287	0
	0.774226
PRED	O-SSM	77777
	KKI	1
	0.475505	0
	1.027766
PRED	O-SSM	77777
	KKI	1
	0.471041	0
	1.434986
PRED	O-SSM	77777
	KKI	1
	0.472869	0
	1.268222
PRED	O-SSM	77777
	KKI	1
	0.466807	0
	1.821668
PRED	O-SSM	77777
	KKI	1
	0.469437	0
	1.581457
PRED	O-SSM	77777
	KKI	1
	0.460535	0
	2.395143
PRED	O-SSM	77777
	KKI	1
	0.475683	0
	1.011592
PRED	O-SSM	77777
	KKI	1
	0.472685	0
	1.285021
PRED	O-SSM	77777
	KKI	1
	0.481132	0
	0.514989
PRED	O-SSM	77777
	KKI	1
	0.482026	0
	0.433597
PRED	O-SSM	77777
	KKI	0
	0.472506	0
	1.301295
PRED	O-SSM	77777
	KKI	0
	0.476960	0
	0.895125
PRED	O-SSM	77777
	KKI	0
	0.462251	0
	2.238161
PRED	O-SSM	77777
	KKI	0
	0.467382	0
	1.769104
PRED	O-SSM	77777
	KKI	0
	0.475683	0
	1.011598
PRED	O-SSM	77777
	KKI	0
	0.482068	0
	0.429731
PRED	O-SSM	77777
	KKI	0
	0.473197	0
	1.238268
PRED	O-SSM	77777
	KKI	0
	0.475341	0
	1.042757
PRED	O-SSM	77777
	KKI	0
	0.482690	0
	0.373137
PRED	O-SSM	77777
	KKI	0
	0.483351	0
	0.312859
PRED	O-SSM	77777
	KKI	0
	0.473647	0
	1.197251
PRED	O-SSM	77777
	KKI	0
	0.480978	0
	0.529054
PRED	O-SSM	77777
	KKI	0
	0.478951	0
	0.713740
PRED	O-SSM	77777
	STANFORD	1
	0.174705	0
	1.634144
PRED	O-SSM	77777
	STANFORD	1
	0.344337	0
	1.115161
PRED	O-SSM	77777
	STANFORD	1
	0.845209	1
	6.216595
PRED	O-SSM	77777
	STANFORD	1
	0.293982	0
	1.247729
PRED	O-SSM	77777
	STANFORD	1
	0.148216	0
	1.746109
PRED	O-SSM	77777
	STANFORD	1
	0.171709	0
	1.646095
PRED	O-SSM	77777
	STANFORD	1
	0.459746	0
	0.839472
PRED	O-SSM	77777
	STANFORD	1
	0.447579	0
	0.867514
PRED	O-SSM	77777
	STANFORD	1
	0.273463	0
	1.305418
PRED	O-SSM	77777
	STANFORD	1
	0.250680	0
	1.372743
PRED	O-SSM	77777
	STANFORD	1
	0.140322	0
	1.782637
PRED	O-SSM	77777
	STANFORD	1
	0.635732	1
	0.429221
PRED	O-SSM	77777
	STANFORD	1
	0.665918	1
	0.353315
PRED	O-SSM	77777
	STANFORD	0
	0.518567	1
	0.704864
PRED	O-SSM	77777
	STANFORD	0
	0.404520	0
	0.968162
PRED	O-SSM	77777
	STANFORD	0
	0.664688	1
	0.356470
PRED	O-SSM	77777
	STANFORD	0
	0.405248	0
	0.966436
PRED	O-SSM	77777
	STANFORD	0
	0.187583	0
	1.584538
PRED	O-SSM	77777
	STANFORD	0
	0.193208	0
	1.563695
PRED	O-SSM	77777
	STANFORD	0
	0.756400	1
	0.100131
PRED	O-SSM	77777
	STANFORD	0
	0.489652	0
	0.770950
PRED	O-SSM	77777
	STANFORD	0
	0.195788	0
	1.554287
PRED	O-SSM	77777
	STANFORD	0
	0.703838	1
	0.252867
PRED	O-SSM	77777
	STANFORD	0
	0.550316	1
	0.631956
PRED	O-SSM	77777
	STANFORD	0
	0.297964	0
	1.236815
PRED	O-SSM	77777
	STANFORD	0
	0.545643	1
	0.642731
PRED	O-SSM	77777
	CALTECH	1
	0.680718	1
	0.425024
PRED	O-SSM	77777
	CALTECH	1
	0.680147	1
	0.658785
PRED	O-SSM	77777
	CALTECH	1
	0.680327	1
	0.585269
PRED	O-SSM	77777
	CALTECH	1
	0.680189	1
	0.641596
PRED	O-SSM	77777
	CALTECH	1
	0.679094	1
	1.089147
PRED	O-SSM	77777
	CALTECH	1
	0.677394	1
	1.782768
PRED	O-SSM	77777
	CALTECH	1
	0.680219	1
	0.629266
PRED	O-SSM	77777
	CALTECH	1
	0.679176	1
	1.055807
PRED	O-SSM	77777
	CALTECH	1
	0.681453	1
	0.123796
PRED	O-SSM	77777
	CALTECH	1
	0.675051	1
	2.735130
PRED	O-SSM	77777
	CALTECH	1
	0.680718	1
	0.425067
PRED	O-SSM	77777
	CALTECH	1
	0.680929	1
	0.338851
PRED	O-SSM	77777
	CALTECH	0
	0.679395	1
	0.966210
PRED	O-SSM	77777
	CALTECH	0
	0.680143	1
	0.660290
PRED	O-SSM	77777
	CALTECH	0
	0.681300	1
	0.186591
PRED	O-SSM	77777
	CALTECH	0
	0.680504	1
	0.512940
PRED	O-SSM	77777
	CALTECH	0
	0.680207	1
	0.634494
PRED	O-SSM	77777
	CALTECH	0
	0.678935	1
	1.154234
PRED	O-SSM	77777
	CALTECH	0
	0.677070	1
	1.914460
PRED	O-SSM	77777
	CALTECH	0
	0.681309	1
	0.182816
PRED	O-SSM	77777
	CALTECH	0
	0.680365	1
	0.569786
PRED	O-SSM	77777
	CALTECH	0
	0.679366	1
	0.978230
PRED	O-SSM	77777
	CALTECH	0
	0.678591	1
	1.294700
PRED	O-SSM	77777
	CALTECH	0
	0.681079	1
	0.277199
PRED	O-SSM	77777
	LEUVEN_2	1
	0.278641	0
	1.253587
PRED	O-SSM	77777
	LEUVEN_2	1
	0.302086	0
	1.052869
PRED	O-SSM	77777
	LEUVEN_2	1
	0.409689	0
	0.220355
PRED	O-SSM	77777
	LEUVEN_2	1
	0.179966	0
	2.250500
PRED	O-SSM	77777
	LEUVEN_2	1
	0.363879	0
	0.561230
PRED	O-SSM	77777
	LEUVEN_2	1
	0.316512	0
	0.933785
PRED	O-SSM	77777
	LEUVEN_2	1
	0.289260	0
	1.161487
PRED	O-SSM	77777
	LEUVEN_2	1
	0.295131	0
	1.111431
PRED	O-SSM	77777
	LEUVEN_2	1
	0.258565	0
	1.433851
PRED	O-SSM	77777
	LEUVEN_2	1
	0.302912	0
	1.045966
PRED	O-SSM	77777
	LEUVEN_2	1
	0.347148	0
	0.690010
PRED	O-SSM	77777
	LEUVEN_2	1
	0.259654	0
	1.423845
PRED	O-SSM	77777
	LEUVEN_2	0
	0.276303	0
	1.274154
PRED	O-SSM	77777
	LEUVEN_2	0
	0.285563	0
	1.193316
PRED	O-SSM	77777
	LEUVEN_2	0
	0.286916	0
	1.181641
PRED	O-SSM	77777
	LEUVEN_2	0
	0.263720	0
	1.386734
PRED	O-SSM	77777
	LEUVEN_2	0
	0.413007	0
	0.196188
PRED	O-SSM	77777
	LEUVEN_2	0
	0.406166	0
	0.246072
PRED	O-SSM	77777
	LEUVEN_2	0
	0.262125	0
	1.401248
PRED	O-SSM	77777
	LEUVEN_2	0
	0.396813	0
	0.314712
PRED	O-SSM	77777
	LEUVEN_2	0
	0.222992	0
	1.777472
PRED	O-SSM	77777
	LEUVEN_2	0
	0.321661	0
	0.891999
PRED	O-SSM	77777
	LEUVEN_2	0
	0.291336	0
	1.143720
PRED	O-SSM	77777
	LEUVEN_2	0
	0.373867	0
	0.485574
PRED	O-SSM	77777
	OLIN	1
	0.383752	0
	0.852332
PRED	O-SSM	77777
	OLIN	1
	0.441957	0
	0.163577
PRED	O-SSM	77777
	OLIN	1
	0.433466	0
	0.262412
PRED	O-SSM	77777
	OLIN	1
	0.430535	0
	0.296626
PRED	O-SSM	77777
	OLIN	1
	0.428713	0
	0.317926
PRED	O-SSM	77777
	OLIN	1
	0.428465	0
	0.320827
PRED	O-SSM	77777
	OLIN	1
	0.398974	0
	0.669243
PRED	O-SSM	77777
	OLIN	1
	0.333138	0
	1.483642
PRED	O-SSM	77777
	OLIN	1
	0.395079	0
	0.715860
PRED	O-SSM	77777
	OLIN	1
	0.435793	0
	0.235284
PRED	O-SSM	77777
	OLIN	1
	0.435377	0
	0.240131
PRED	O-SSM	77777
	OLIN	1
	0.321312	0
	1.637544
PRED	O-SSM	77777
	OLIN	0
	0.324577	0
	1.594765
PRED	O-SSM	77777
	OLIN	0
	0.440173	0
	0.184304
PRED	O-SSM	77777
	OLIN	0
	0.372811	0
	0.985612
PRED	O-SSM	77777
	OLIN	0
	0.424997	0
	0.361435
PRED	O-SSM	77777
	OLIN	0
	0.366091	0
	1.068254
PRED	O-SSM	77777
	OLIN	0
	0.435036	0
	0.244102
PRED	O-SSM	77777
	OLIN	0
	0.412886	0
	0.503969
PRED	O-SSM	77777
	OLIN	0
	0.311057	0
	1.773420
PRED	O-SSM	77777
	OLIN	0
	0.296792	0
	1.966612
PRED	O-SSM	77777
	OLIN	0
	0.317652	0
	1.685760
PRED	O-SSM	77777
	OLIN	0
	0.420383	0
	0.415611
PRED	O-SSM	77777
	OLIN	0
	0.407043	0
	0.573166
PRED	O-SSM	77777
	SBL	1
	0.224250	0
	1.602189
PRED	O-SSM	77777
	SBL	1
	0.244500	0
	1.396439
PRED	O-SSM	77777
	SBL	1
	0.238767	0
	1.453455
PRED	O-SSM	77777
	SBL	1
	0.213511	0
	1.716681
PRED	O-SSM	77777
	SBL	1
	0.391416	0
	0.144814
PRED	O-SSM	77777
	SBL	1
	0.260005	0
	1.246596
PRED	O-SSM	77777
	SBL	1
	0.302506	0
	0.862894
PRED	O-SSM	77777
	SBL	1
	0.278955	0
	1.071112
PRED	O-SSM	77777
	SBL	1
	0.299078	0
	0.892595
PRED	O-SSM	77777
	SBL	1
	0.280525	0
	1.056915
PRED	O-SSM	77777
	SBL	1
	0.361695	0
	0.375624
PRED	O-SSM	77777
	SBL	1
	0.237971	0
	1.461443
PRED	O-SSM	77777
	SBL	0
	0.237376	0
	1.467424
PRED	O-SSM	77777
	SBL	0
	0.300287	0
	0.882099
PRED	O-SSM	77777
	SBL	0
	0.376910	0
	0.256567
PRED	O-SSM	77777
	SBL	0
	0.240066	0
	1.440454
PRED	O-SSM	77777
	SBL	0
	0.270835	0
	1.145356
PRED	O-SSM	77777
	SBL	0
	0.330854	0
	0.624037
PRED	O-SSM	77777
	SBL	0
	0.334002	0
	0.598183
PRED	O-SSM	77777
	SBL	0
	0.341147	0
	0.539951
PRED	O-SSM	77777
	SBL	0
	0.260646	0
	1.240526
PRED	O-SSM	77777
	SBL	0
	0.329872	0
	0.632124
PRED	O-SSM	77777
	SBL	0
	0.254622	0
	1.297929
PRED	O-SSM	77777
	SBL	0
	0.206704	0
	1.791436
PRED	O-SSM	77777
	LEUVEN_1	1
	0.601006	1
	0.638253
PRED	O-SSM	77777
	LEUVEN_1	1
	0.602503	1
	0.652625
PRED	O-SSM	77777
	LEUVEN_1	1
	0.649341	1
	1.113119
PRED	O-SSM	77777
	LEUVEN_1	1
	0.645798	1
	1.077424
PRED	O-SSM	77777
	LEUVEN_1	1
	0.630260	1
	0.922672
PRED	O-SSM	77777
	LEUVEN_1	1
	0.685357	1
	1.486502
PRED	O-SSM	77777
	LEUVEN_1	1
	0.552803	1
	0.183696
PRED	O-SSM	77777
	LEUVEN_1	1
	0.591665	1
	0.549011
PRED	O-SSM	77777
	LEUVEN_1	1
	0.618810	1
	0.810379
PRED	O-SSM	77777
	LEUVEN_1	1
	0.594151	1
	0.572704
PRED	O-SSM	77777
	LEUVEN_1	1
	0.608537	1
	0.710719
PRED	O-SSM	77777
	LEUVEN_1	1
	0.626754	1
	0.888143
PRED	O-SSM	77777
	LEUVEN_1	0
	0.675898	1
	1.386426
PRED	O-SSM	77777
	LEUVEN_1	0
	0.696064	1
	1.601779
PRED	O-SSM	77777
	LEUVEN_1	0
	0.585844	1
	0.493721
PRED	O-SSM	77777
	LEUVEN_1	0
	0.629092	1
	0.911156
PRED	O-SSM	77777
	LEUVEN_1	0
	0.672470	1
	1.350535
PRED	O-SSM	77777
	LEUVEN_1	0
	0.617162	1
	0.794320
PRED	O-SSM	77777
	LEUVEN_1	0
	0.577399	1
	0.413910
PRED	O-SSM	77777
	LEUVEN_1	0
	0.631171	1
	0.931675
PRED	O-SSM	77777
	LEUVEN_1	0
	0.632093	1
	0.940782
PRED	O-SSM	77777
	LEUVEN_1	0
	0.572609	1
	0.368828
PRED	O-SSM	77777
	LEUVEN_1	0
	0.592708	1
	0.558947
PRED	O-SSM	77777
	LEUVEN_1	0
	0.555919	1
	0.212701
PRED	O-SSM	77777
	SDSU	1
	0.240705	0
	0.558153
PRED	O-SSM	77777
	SDSU	1
	0.235697	0
	0.627506
PRED	O-SSM	77777
	SDSU	1
	0.245851	0
	0.487901
PRED	O-SSM	77777
	SDSU	1
	0.241856	0
	0.542349
PRED	O-SSM	77777
	SDSU	1
	0.201632	0
	1.129410
PRED	O-SSM	77777
	SDSU	1
	0.126259	0
	2.532564
PRED	O-SSM	77777
	SDSU	1
	0.270152	0
	0.168702
PRED	O-SSM	77777
	SDSU	1
	0.237596	0
	0.601088
PRED	O-SSM	77777
	SDSU	1
	0.212050	0
	0.969788
PRED	O-SSM	77777
	SDSU	1
	0.174964	0
	1.568512
PRED	O-SSM	77777
	SDSU	1
	0.222817	0
	0.810747
PRED	O-SSM	77777
	SDSU	1
	0.233263	0
	0.661587
PRED	O-SSM	77777
	SDSU	0
	0.230442	0
	0.701403
PRED	O-SSM	77777
	SDSU	0
	0.182858	0
	1.433441
PRED	O-SSM	77777
	SDSU	0
	0.271114	0
	0.156446
PRED	O-SSM	77777
	SDSU	0
	0.133060	0
	2.381063
PRED	O-SSM	77777
	SDSU	0
	0.213621	0
	0.946224
PRED	O-SSM	77777
	SDSU	0
	0.209156	0
	1.013542
PRED	O-SSM	77777
	SDSU	0
	0.215433	0
	0.919204
PRED	O-SSM	77777
	SDSU	0
	0.121066	0
	2.653008
PRED	O-SSM	77777
	SDSU	0
	0.186566	0
	1.371559
PRED	O-SSM	77777
	SDSU	0
	0.188025	0
	1.347469
PRED	O-SSM	77777
	SDSU	0
	0.209398	0
	1.009870
PRED	O-SSM	77777
	SDSU	0
	0.205979	0
	1.062087
PRED	O-SSM	77777
	CMU	1
	0.715108	1
	0.984097
PRED	O-SSM	77777
	CMU	1
	0.643901	1
	0.072132
PRED	O-SSM	77777
	CMU	1
	0.655937	1
	0.219234
PRED	O-SSM	77777
	CMU	1
	0.657117	1
	0.233777
PRED	O-SSM	77777
	CMU	1
	0.701135	1
	0.796100
PRED	O-SSM	77777
	CMU	1
	0.656655	1
	0.228078
PRED	O-SSM	77777
	CMU	1
	0.641105	1
	0.038283
PRED	O-SSM	77777
	CMU	1
	0.748037	1
	1.450796
PRED	O-SSM	77777
	CMU	1
	0.680811	1
	0.531373
PRED	O-SSM	77777
	CMU	1
	0.705834	1
	0.858732
PRED	O-SSM	77777
	CMU	1
	0.652551	1
	0.177608
PRED	O-SSM	77777
	CMU	1
	0.659301	1
	0.260777
PRED	O-SSM	77777
	CMU	0
	0.684741	1
	0.581828
PRED	O-SSM	77777
	CMU	0
	0.675128	1
	0.458998
PRED	O-SSM	77777
	CMU	0
	0.644839	1
	0.083519
PRED	O-SSM	77777
	CMU	0
	0.717316	1
	1.014308
PRED	O-SSM	77777
	CMU	0
	0.682748	1
	0.556197
PRED	O-SSM	77777
	CMU	0
	0.677053	1
	0.483433
PRED	O-SSM	77777
	CMU	0
	0.739956	1
	1.332816
PRED	O-SSM	77777
	CMU	0
	0.699599	1
	0.775744
PRED	O-SSM	77777
	CMU	0
	0.735610	1
	1.270348
PRED	O-SSM	77777
	CMU	0
	0.750777	1
	1.491359
PRED	O-SSM	77777
	CMU	0
	0.672980	1
	0.431818
PRED	O-SSM	77777
	CMU	0
	0.729336	1
	1.181322
PRED	O-SSM	77777
	UCLA_2	1
	0.828171	1
	1.094256
PRED	O-SSM	77777
	UCLA_2	1
	0.802704	1
	0.839008
PRED	O-SSM	77777
	UCLA_2	1
	0.860395	1
	1.464612
PRED	O-SSM	77777
	UCLA_2	1
	0.798568	1
	0.799971
PRED	O-SSM	77777
	UCLA_2	1
	0.722685	1
	0.167949
PRED	O-SSM	77777
	UCLA_2	1
	0.771237	1
	0.555841
PRED	O-SSM	77777
	UCLA_2	1
	0.807042	1
	0.880619
PRED	O-SSM	77777
	UCLA_2	1
	0.868556	1
	1.569579
PRED	O-SSM	77777
	UCLA_2	1
	0.869144	1
	1.577352
PRED	O-SSM	77777
	UCLA_2	1
	0.822214	1
	1.032036
PRED	O-SSM	77777
	UCLA_2	1
	0.823010	1
	1.040260
PRED	O-SSM	77777
	UCLA_2	1
	0.836991	1
	1.189592
PRED	O-SSM	77777
	UCLA_2	0
	0.746339	1
	0.350776
PRED	O-SSM	77777
	UCLA_2	0
	0.819016	1
	0.999311
PRED	O-SSM	77777
	UCLA_2	0
	0.759438	1
	0.456855
PRED	O-SSM	77777
	UCLA_2	0
	0.779409	1
	0.626514
PRED	O-SSM	77777
	UCLA_2	0
	0.810137	1
	0.910746
PRED	O-SSM	77777
	UCLA_2	0
	0.753414	1
	0.407602
PRED	O-SSM	77777
	UCLA_2	0
	0.843628	1
	1.264106
PRED	O-SSM	77777
	UCLA_2	0
	0.781183	1
	0.642108
PRED	O-SSM	77777
	UCLA_2	0
	0.850471	1
	1.343691
PRED	O-SSM	77777
	UCLA_2	0
	0.898010	1
	2.002006
PRED	O-SSM	77777
	UCLA_2	0
	0.830422	1
	1.118214
PRED	O-SSM	77777
	UCLA_2	0
	0.873715	1
	1.638825
PRED	O-SSM	77777
	UM_2	1
	0.437950	0
	2.932780
PRED	O-SSM	77777
	UM_2	1
	0.648420	1
	0.846693
PRED	O-SSM	77777
	UM_2	1
	0.711680	1
	0.141023
PRED	O-SSM	77777
	UM_2	1
	0.642024	1
	0.914354
PRED	O-SSM	77777
	UM_2	1
	0.578889	1
	1.558255
PRED	O-SSM	77777
	UM_2	1
	0.666518	1
	0.652090
PRED	O-SSM	77777
	UM_2	1
	0.636443	1
	0.972948
PRED	O-SSM	77777
	UM_2	1
	0.657983	1
	0.744476
PRED	O-SSM	77777
	UM_2	1
	0.485461	0
	2.469566
PRED	O-SSM	77777
	UM_2	1
	0.628830	1
	1.052258
PRED	O-SSM	77777
	UM_2	1
	0.668249	1
	0.633204
PRED	O-SSM	77777
	UM_2	1
	0.680185	1
	0.501623
PRED	O-SSM	77777
	UM_2	0
	0.546257	1
	1.879441
PRED	O-SSM	77777
	UM_2	0
	0.690197	1
	0.389234
PRED	O-SSM	77777
	UM_2	0
	0.695104	1
	0.333426
PRED	O-SSM	77777
	UM_2	0
	0.636537	1
	0.971957
PRED	O-SSM	77777
	UM_2	0
	0.608583	1
	1.260096
PRED	O-SSM	77777
	UM_2	0
	0.648478	1
	0.846081
PRED	O-SSM	77777
	UM_2	0
	0.585585	1
	1.491600
PRED	O-SSM	77777
	UM_2	0
	0.641738	1
	0.917361
PRED	O-SSM	77777
	UM_2	0
	0.680069	1
	0.502910
PRED	O-SSM	77777
	UM_2	0
	0.692560	1
	0.362416
PRED	O-SSM	77777
	UM_2	0
	0.643963	1
	0.893896
PRED	O-SSM	77777
	UM_2	0
	0.659642	1
	0.726614
PRED	O-SSM	77777
	OHSU	1
	0.407395	0
	0.721084
PRED	O-SSM	77777
	OHSU	1
	0.401644	0
	0.574740
PRED	O-SSM	77777
	OHSU	1
	0.429278	0
	1.272437
PRED	O-SSM	77777
	OHSU	1
	0.409728	0
	0.780269
PRED	O-SSM	77777
	OHSU	1
	0.406148	0
	0.689413
PRED	O-SSM	77777
	OHSU	1
	0.392366	0
	0.337171
PRED	O-SSM	77777
	OHSU	1
	0.409011	0
	0.762082
PRED	O-SSM	77777
	OHSU	1
	0.405100	0
	0.662767
PRED	O-SSM	77777
	OHSU	1
	0.414907	0
	0.911286
PRED	O-SSM	77777
	OHSU	1
	0.428669	0
	1.257196
PRED	O-SSM	77777
	OHSU	1
	0.408265	0
	0.743152
PRED	O-SSM	77777
	OHSU	1
	0.391793	0
	0.322434
PRED	O-SSM	77777
	OHSU	0
	0.414309	0
	0.896177
PRED	O-SSM	77777
	OHSU	0
	0.421402	0
	1.074912
PRED	O-SSM	77777
	OHSU	0
	0.431288	0
	1.322702
PRED	O-SSM	77777
	OHSU	0
	0.428344	0
	1.249068
PRED	O-SSM	77777
	OHSU	0
	0.379933	0
	0.015623
PRED	O-SSM	77777
	OHSU	0
	0.416884	0
	0.961172
PRED	O-SSM	77777
	OHSU	0
	0.393709	0
	0.371662
PRED	O-SSM	77777
	OHSU	0
	0.401178	0
	0.562836
PRED	O-SSM	77777
	OHSU	0
	0.399507	0
	0.520184
PRED	O-SSM	77777
	OHSU	0
	0.405705	0
	0.678149
PRED	O-SSM	77777
	OHSU	0
	0.405485	0
	0.672556
PRED	O-SSM	77777
	OHSU	0
	0.388838	0
	0.246310
  O-SSM    77777
   acc=49.600000% bal=49.583333% sites=20
/20
 test_n=500
 assoc=0.965302
PRED	O-SSM	88888
	NYU	1
	0.436947	0
	0.366727
PRED	O-SSM	88888
	NYU	1
	0.500569	1
	0.647166
PRED	O-SSM	88888
	NYU	1
	0.443828	0
	0.397333
PRED	O-SSM	88888
	NYU	1
	0.486268	0
	0.584444
PRED	O-SSM	88888
	NYU	1
	0.709815	1
	1.625160
PRED	O-SSM	88888
	NYU	1
	0.584011	1
	1.016551
PRED	O-SSM	88888
	NYU	1
	0.627383	1
	1.215773
PRED	O-SSM	88888
	NYU	1
	0.686578	1
	1.504239
PRED	O-SSM	88888
	NYU	1
	0.466155	0
	0.496045
PRED	O-SSM	88888
	NYU	1
	0.825394	1
	2.347358
PRED	O-SSM	88888
	NYU	1
	0.489405	0
	0.598209
PRED	O-SSM	88888
	NYU	1
	0.641172	1
	1.280935
PRED	O-SSM	88888
	NYU	1
	0.566032	1
	0.935895
PRED	O-SSM	88888
	NYU	0
	0.766150	1
	1.945471
PRED	O-SSM	88888
	NYU	0
	0.520526	1
	0.734720
PRED	O-SSM	88888
	NYU	0
	0.617141	1
	1.168006
PRED	O-SSM	88888
	NYU	0
	0.711962	1
	1.636614
PRED	O-SSM	88888
	NYU	0
	0.489607	0
	0.599094
PRED	O-SSM	88888
	NYU	0
	0.538599	1
	0.814247
PRED	O-SSM	88888
	NYU	0
	0.634750	1
	1.250459
PRED	O-SSM	88888
	NYU	0
	0.604406	1
	1.109280
PRED	O-SSM	88888
	NYU	0
	0.733326	1
	1.753496
PRED	O-SSM	88888
	NYU	0
	0.439971	0
	0.380191
PRED	O-SSM	88888
	NYU	0
	0.422364	0
	0.301487
PRED	O-SSM	88888
	NYU	0
	0.579377	1
	0.995673
PRED	O-SSM	88888
	NYU	0
	0.537327	1
	0.808638
PRED	O-SSM	88888
	UM_1	1
	0.557257	1
	1.635126
PRED	O-SSM	88888
	UM_1	1
	0.522042	1
	0.752042
PRED	O-SSM	88888
	UM_1	1
	0.521040	1
	0.727029
PRED	O-SSM	88888
	UM_1	1
	0.546380	1
	1.361253
PRED	O-SSM	88888
	UM_1	1
	0.504248	1
	0.308463
PRED	O-SSM	88888
	UM_1	1
	0.534525	1
	1.063986
PRED	O-SSM	88888
	UM_1	1
	0.508719	1
	0.419842
PRED	O-SSM	88888
	UM_1	1
	0.527462	1
	0.887382
PRED	O-SSM	88888
	UM_1	1
	0.539439	1
	1.187077
PRED	O-SSM	88888
	UM_1	1
	0.567507	1
	1.894490
PRED	O-SSM	88888
	UM_1	1
	0.537553	1
	1.139806
PRED	O-SSM	88888
	UM_1	1
	0.521140	1
	0.729528
PRED	O-SSM	88888
	UM_1	1
	0.543874	1
	1.298299
PRED	O-SSM	88888
	UM_1	0
	0.536649	1
	1.117160
PRED	O-SSM	88888
	UM_1	0
	0.494984	0
	0.077680
PRED	O-SSM	88888
	UM_1	0
	0.544168	1
	1.305700
PRED	O-SSM	88888
	UM_1	0
	0.514947	1
	0.575055
PRED	O-SSM	88888
	UM_1	0
	0.540470	1
	1.212915
PRED	O-SSM	88888
	UM_1	0
	0.533334	1
	1.034188
PRED	O-SSM	88888
	UM_1	0
	0.527046	1
	0.876979
PRED	O-SSM	88888
	UM_1	0
	0.525552	1
	0.839676
PRED	O-SSM	88888
	UM_1	0
	0.527457	1
	0.887259
PRED	O-SSM	88888
	UM_1	0
	0.566083	1
	1.858370
PRED	O-SSM	88888
	UM_1	0
	0.530850	1
	0.972057
PRED	O-SSM	88888
	UM_1	0
	0.546771	1
	1.371081
PRED	O-SSM	88888
	UM_1	0
	0.509202	1
	0.431868
PRED	O-SSM	88888
	UCLA_1	1
	0.621579	1
	1.210514
PRED	O-SSM	88888
	UCLA_1	1
	0.619641	1
	1.200403
PRED	O-SSM	88888
	UCLA_1	1
	0.598374	1
	1.090706
PRED	O-SSM	88888
	UCLA_1	1
	0.490230	0
	0.553097
PRED	O-SSM	88888
	UCLA_1	1
	0.622300	1
	1.214281
PRED	O-SSM	88888
	UCLA_1	1
	0.561828	1
	0.906365
PRED	O-SSM	88888
	UCLA_1	1
	0.410026	0
	0.154263
PRED	O-SSM	88888
	UCLA_1	1
	0.531254	1
	0.754819
PRED	O-SSM	88888
	UCLA_1	1
	0.587980	1
	1.037809
PRED	O-SSM	88888
	UCLA_1	1
	0.594059	1
	1.068694
PRED	O-SSM	88888
	UCLA_1	1
	0.884077	1
	3.095990
PRED	O-SSM	88888
	UCLA_1	1
	0.512966	1
	0.664800
PRED	O-SSM	88888
	UCLA_1	1
	0.658532	1
	1.407617
PRED	O-SSM	88888
	UCLA_1	0
	0.565157	1
	0.922986
PRED	O-SSM	88888
	UCLA_1	0
	0.671427	1
	1.478701
PRED	O-SSM	88888
	UCLA_1	0
	0.478605	0
	0.495933
PRED	O-SSM	88888
	UCLA_1	0
	0.632016	1
	1.265309
PRED	O-SSM	88888
	UCLA_1	0
	0.504959	1
	0.625455
PRED	O-SSM	88888
	UCLA_1	0
	0.475738	0
	0.481822
PRED	O-SSM	88888
	UCLA_1	0
	0.765085	1
	2.051112
PRED	O-SSM	88888
	UCLA_1	0
	0.733600	1
	1.845051
PRED	O-SSM	88888
	UCLA_1	0
	0.633852	1
	1.275012
PRED	O-SSM	88888
	UCLA_1	0
	0.504397	1
	0.622693
PRED	O-SSM	88888
	UCLA_1	0
	0.684678	1
	1.553254
PRED	O-SSM	88888
	UCLA_1	0
	0.596920	1
	1.083278
PRED	O-SSM	88888
	UCLA_1	0
	0.476672	0
	0.486422
PRED	O-SSM	88888
	YALE	1
	0.672870	1
	1.428121
PRED	O-SSM	88888
	YALE	1
	0.587035	1
	0.762094
PRED	O-SSM	88888
	YALE	1
	0.547827	1
	0.473982
PRED	O-SSM	88888
	YALE	1
	0.696055	1
	1.621707
PRED	O-SSM	88888
	YALE	1
	0.504841	1
	0.162970
PRED	O-SSM	88888
	YALE	1
	0.680196	1
	1.488472
PRED	O-SSM	88888
	YALE	1
	0.619378	1
	1.005786
PRED	O-SSM	88888
	YALE	1
	0.578408	1
	0.698133
PRED	O-SSM	88888
	YALE	1
	0.550001	1
	0.489804
PRED	O-SSM	88888
	YALE	1
	0.661670	1
	1.337181
PRED	O-SSM	88888
	YALE	1
	0.556892	1
	0.540070
PRED	O-SSM	88888
	YALE	1
	0.626487	1
	1.060352
PRED	O-SSM	88888
	YALE	1
	0.565917	1
	0.606144
PRED	O-SSM	88888
	YALE	0
	0.507884	1
	0.184915
PRED	O-SSM	88888
	YALE	0
	0.600251	1
	0.860858
PRED	O-SSM	88888
	YALE	0
	0.629183	1
	1.081145
PRED	O-SSM	88888
	YALE	0
	0.500020	1
	0.128202
PRED	O-SSM	88888
	YALE	0
	0.832826	1
	3.022748
PRED	O-SSM	88888
	YALE	0
	0.892481	1
	3.943085
PRED	O-SSM	88888
	YALE	0
	0.582878	1
	0.731225
PRED	O-SSM	88888
	YALE	0
	0.580605	1
	0.714385
PRED	O-SSM	88888
	YALE	0
	0.635235	1
	1.128068
PRED	O-SSM	88888
	YALE	0
	0.669706	1
	1.402280
PRED	O-SSM	88888
	YALE	0
	0.838379	1
	3.095621
PRED	O-SSM	88888
	YALE	0
	0.575881	1
	0.679467
PRED	O-SSM	88888
	YALE	0
	0.651635	1
	1.256941
PRED	O-SSM	88888
	PITT	1
	0.786669	1
	1.270648
PRED	O-SSM	88888
	PITT	1
	0.781602	1
	1.240122
PRED	O-SSM	88888
	PITT	1
	0.754400	1
	1.084326
PRED	O-SSM	88888
	PITT	1
	0.789641	1
	1.288793
PRED	O-SSM	88888
	PITT	1
	0.755068	1
	1.088003
PRED	O-SSM	88888
	PITT	1
	0.797974	1
	1.340709
PRED	O-SSM	88888
	PITT	1
	0.593106	1
	0.324338
PRED	O-SSM	88888
	PITT	1
	0.826912	1
	1.534647
PRED	O-SSM	88888
	PITT	1
	0.780143	1
	1.231430
PRED	O-SSM	88888
	PITT	1
	0.755158	1
	1.088499
PRED	O-SSM	88888
	PITT	1
	0.754599	1
	1.085422
PRED	O-SSM	88888
	PITT	1
	0.727397	1
	0.940805
PRED	O-SSM	88888
	PITT	1
	0.571547	1
	0.233948
PRED	O-SSM	88888
	PITT	0
	0.688998	1
	0.751148
PRED	O-SSM	88888
	PITT	0
	0.688604	1
	0.749275
PRED	O-SSM	88888
	PITT	0
	0.756731	1
	1.097191
PRED	O-SSM	88888
	PITT	0
	0.712677	1
	0.866343
PRED	O-SSM	88888
	PITT	0
	0.694227	1
	0.776148
PRED	O-SSM	88888
	PITT	0
	0.718656	1
	0.896300
PRED	O-SSM	88888
	PITT	0
	0.653470	1
	0.586885
PRED	O-SSM	88888
	PITT	0
	0.768725	1
	1.164776
PRED	O-SSM	88888
	PITT	0
	0.735846	1
	0.984683
PRED	O-SSM	88888
	PITT	0
	0.784495	1
	1.257486
PRED	O-SSM	88888
	PITT	0
	0.732944	1
	0.969512
PRED	O-SSM	88888
	PITT	0
	0.755882	1
	1.092498
PRED	O-SSM	88888
	PITT	0
	0.757135	1
	1.099429
PRED	O-SSM	88888
	USM	1
	0.733925	1
	0.314029
PRED	O-SSM	88888
	USM	1
	0.748506	1
	0.814923
PRED	O-SSM	88888
	USM	1
	0.732400	1
	0.262680
PRED	O-SSM	88888
	USM	1
	0.769502	1
	1.571528
PRED	O-SSM	88888
	USM	1
	0.768542	1
	1.535911
PRED	O-SSM	88888
	USM	1
	0.761782	1
	1.288046
PRED	O-SSM	88888
	USM	1
	0.737916	1
	0.449321
PRED	O-SSM	88888
	USM	1
	0.745734	1
	0.718280
PRED	O-SSM	88888
	USM	1
	0.761192	1
	1.266658
PRED	O-SSM	88888
	USM	1
	0.756716	1
	1.105466
PRED	O-SSM	88888
	USM	1
	0.732055	1
	0.251086
PRED	O-SSM	88888
	USM	1
	0.736934	1
	0.415927
PRED	O-SSM	88888
	USM	1
	0.770638	1
	1.613787
PRED	O-SSM	88888
	USM	0
	0.733007	1
	0.283106
PRED	O-SSM	88888
	USM	0
	0.744127	1
	0.662574
PRED	O-SSM	88888
	USM	0
	0.752035	1
	0.939005
PRED	O-SSM	88888
	USM	0
	0.740139	1
	0.525283
PRED	O-SSM	88888
	USM	0
	0.742471	1
	0.605366
PRED	O-SSM	88888
	USM	0
	0.766579	1
	1.463408
PRED	O-SSM	88888
	USM	0
	0.760933	1
	1.257250
PRED	O-SSM	88888
	USM	0
	0.766449	1
	1.458621
PRED	O-SSM	88888
	USM	0
	0.728628	1
	0.136463
PRED	O-SSM	88888
	USM	0
	0.729527	1
	0.166438
PRED	O-SSM	88888
	USM	0
	0.742383	1
	0.602352
PRED	O-SSM	88888
	USM	0
	0.733780	1
	0.309135
PRED	O-SSM	88888
	USM	0
	0.737011	1
	0.418557
PRED	O-SSM	88888
	MAX_MUN	1
	0.298042	0
	0.140212
PRED	O-SSM	88888
	MAX_MUN	1
	0.308245	0
	0.484394
PRED	O-SSM	88888
	MAX_MUN	1
	0.341287	0
	1.558806
PRED	O-SSM	88888
	MAX_MUN	1
	0.313981	0
	0.675112
PRED	O-SSM	88888
	MAX_MUN	1
	0.344496	0
	1.660297
PRED	O-SSM	88888
	MAX_MUN	1
	0.345373	0
	1.687939
PRED	O-SSM	88888
	MAX_MUN	1
	0.306244	0
	0.417414
PRED	O-SSM	88888
	MAX_MUN	1
	0.314188	0
	0.681979
PRED	O-SSM	88888
	MAX_MUN	1
	0.323972	0
	1.002872
PRED	O-SSM	88888
	MAX_MUN	1
	0.299594	0
	0.193000
PRED	O-SSM	88888
	MAX_MUN	1
	0.341749	0
	1.573439
PRED	O-SSM	88888
	MAX_MUN	1
	0.319840	0
	0.867983
PRED	O-SSM	88888
	MAX_MUN	1
	0.341197	0
	1.555928
PRED	O-SSM	88888
	MAX_MUN	0
	0.324991	0
	1.036005
PRED	O-SSM	88888
	MAX_MUN	0
	0.318685	0
	0.830123
PRED	O-SSM	88888
	MAX_MUN	0
	0.335756	0
	1.382773
PRED	O-SSM	88888
	MAX_MUN	0
	0.314871	0
	0.704559
PRED	O-SSM	88888
	MAX_MUN	0
	0.331326	0
	1.240754
PRED	O-SSM	88888
	MAX_MUN	0
	0.352176	0
	1.901391
PRED	O-SSM	88888
	MAX_MUN	0
	0.344826	0
	1.670709
PRED	O-SSM	88888
	MAX_MUN	0
	0.327911	0
	1.130637
PRED	O-SSM	88888
	MAX_MUN	0
	0.344672	0
	1.665838
PRED	O-SSM	88888
	MAX_MUN	0
	0.346081	0
	1.710243
PRED	O-SSM	88888
	MAX_MUN	0
	0.327763	0
	1.125870
PRED	O-SSM	88888
	MAX_MUN	0
	0.339367	0
	1.497845
PRED	O-SSM	88888
	MAX_MUN	0
	0.329931	0
	1.195866
PRED	O-SSM	88888
	TRINITY	1
	0.542624	1
	1.262705
PRED	O-SSM	88888
	TRINITY	1
	0.539921	1
	1.602330
PRED	O-SSM	88888
	TRINITY	1
	0.536421	1
	2.041516
PRED	O-SSM	88888
	TRINITY	1
	0.541789	1
	1.367613
PRED	O-SSM	88888
	TRINITY	1
	0.544853	1
	0.982489
PRED	O-SSM	88888
	TRINITY	1
	0.546467	1
	0.779396
PRED	O-SSM	88888
	TRINITY	1
	0.541693	1
	1.379752
PRED	O-SSM	88888
	TRINITY	1
	0.547025	1
	0.709133
PRED	O-SSM	88888
	TRINITY	1
	0.542361	1
	1.295826
PRED	O-SSM	88888
	TRINITY	1
	0.544549	1
	1.020661
PRED	O-SSM	88888
	TRINITY	1
	0.541794	1
	1.367062
PRED	O-SSM	88888
	TRINITY	1
	0.547947	1
	0.593099
PRED	O-SSM	88888
	TRINITY	1
	0.532633	1
	2.516494
PRED	O-SSM	88888
	TRINITY	0
	0.547054	1
	0.705467
PRED	O-SSM	88888
	TRINITY	0
	0.547395	1
	0.662615
PRED	O-SSM	88888
	TRINITY	0
	0.543009	1
	1.214316
PRED	O-SSM	88888
	TRINITY	0
	0.546402	1
	0.787549
PRED	O-SSM	88888
	TRINITY	0
	0.547744	1
	0.618614
PRED	O-SSM	88888
	TRINITY	0
	0.546542	1
	0.769932
PRED	O-SSM	88888
	TRINITY	0
	0.549828	1
	0.356094
PRED	O-SSM	88888
	TRINITY	0
	0.543071	1
	1.206533
PRED	O-SSM	88888
	TRINITY	0
	0.549152	1
	0.441294
PRED	O-SSM	88888
	TRINITY	0
	0.544271	1
	1.055702
PRED	O-SSM	88888
	TRINITY	0
	0.543207	1
	1.189443
PRED	O-SSM	88888
	TRINITY	0
	0.546929	1
	0.721300
PRED	O-SSM	88888
	TRINITY	0
	0.544781	1
	0.991601
PRED	O-SSM	88888
	KKI	1
	0.640348	1
	1.045275
PRED	O-SSM	88888
	KKI	1
	0.654609	1
	1.331506
PRED	O-SSM	88888
	KKI	1
	0.635572	1
	0.950573
PRED	O-SSM	88888
	KKI	1
	0.634804	1
	0.935378
PRED	O-SSM	88888
	KKI	1
	0.623116	1
	0.705954
PRED	O-SSM	88888
	KKI	1
	0.657118	1
	1.382419
PRED	O-SSM	88888
	KKI	1
	0.670136	1
	1.649586
PRED	O-SSM	88888
	KKI	1
	0.658875	1
	1.418185
PRED	O-SSM	88888
	KKI	1
	0.677409	1
	1.801146
PRED	O-SSM	88888
	KKI	1
	0.647137	1
	1.180883
PRED	O-SSM	88888
	KKI	1
	0.642597	1
	1.090075
PRED	O-SSM	88888
	KKI	1
	0.621657	1
	0.677524
PRED	O-SSM	88888
	KKI	1
	0.602733	1
	0.312347
PRED	O-SSM	88888
	KKI	0
	0.650913	1
	1.256822
PRED	O-SSM	88888
	KKI	0
	0.647879	1
	1.195771
PRED	O-SSM	88888
	KKI	0
	0.755308	1
	3.565745
PRED	O-SSM	88888
	KKI	0
	0.661059	1
	1.462770
PRED	O-SSM	88888
	KKI	0
	0.625785	1
	0.758095
PRED	O-SSM	88888
	KKI	0
	0.607229	1
	0.398529
PRED	O-SSM	88888
	KKI	0
	0.694106	1
	2.156124
PRED	O-SSM	88888
	KKI	0
	0.643780	1
	1.113693
PRED	O-SSM	88888
	KKI	0
	0.610275	1
	0.457099
PRED	O-SSM	88888
	KKI	0
	0.602425	1
	0.306458
PRED	O-SSM	88888
	KKI	0
	0.633451	1
	0.908678
PRED	O-SSM	88888
	KKI	0
	0.620243	1
	0.650001
PRED	O-SSM	88888
	KKI	0
	0.641764	1
	1.073469
PRED	O-SSM	88888
	STANFORD	1
	0.700004	1
	1.654517
PRED	O-SSM	88888
	STANFORD	1
	0.680116	1
	1.310346
PRED	O-SSM	88888
	STANFORD	1
	0.859982	1
	5.235654
PRED	O-SSM	88888
	STANFORD	1
	0.689539	1
	1.471895
PRED	O-SSM	88888
	STANFORD	1
	0.701777	1
	1.685803
PRED	O-SSM	88888
	STANFORD	1
	0.660504	1
	0.981904
PRED	O-SSM	88888
	STANFORD	1
	0.669251	1
	1.127159
PRED	O-SSM	88888
	STANFORD	1
	0.636225	1
	0.587738
PRED	O-SSM	88888
	STANFORD	1
	0.689267	1
	1.467203
PRED	O-SSM	88888
	STANFORD	1
	0.650471	1
	0.817498
PRED	O-SSM	88888
	STANFORD	1
	0.704942	1
	1.741941
PRED	O-SSM	88888
	STANFORD	1
	0.622738	1
	0.373753
PRED	O-SSM	88888
	STANFORD	1
	0.622433	1
	0.368957
PRED	O-SSM	88888
	STANFORD	0
	0.657219	1
	0.927815
PRED	O-SSM	88888
	STANFORD	0
	0.678180	1
	1.277474
PRED	O-SSM	88888
	STANFORD	0
	0.620040	1
	0.331320
PRED	O-SSM	88888
	STANFORD	0
	0.648947	1
	0.792724
PRED	O-SSM	88888
	STANFORD	0
	0.687593	1
	1.438322
PRED	O-SSM	88888
	STANFORD	0
	0.657189	1
	0.927336
PRED	O-SSM	88888
	STANFORD	0
	0.605013	1
	0.097015
PRED	O-SSM	88888
	STANFORD	0
	0.659348	1
	0.962848
PRED	O-SSM	88888
	STANFORD	0
	0.664842	1
	1.053715
PRED	O-SSM	88888
	STANFORD	0
	0.623760	1
	0.389852
PRED	O-SSM	88888
	STANFORD	0
	0.631974	1
	0.519944
PRED	O-SSM	88888
	STANFORD	0
	0.671486	1
	1.164587
PRED	O-SSM	88888
	STANFORD	0
	0.655746	1
	0.903651
PRED	O-SSM	88888
	CALTECH	1
	0.623778	1
	0.399507
PRED	O-SSM	88888
	CALTECH	1
	0.637571	1
	0.613048
PRED	O-SSM	88888
	CALTECH	1
	0.620825	1
	0.354207
PRED	O-SSM	88888
	CALTECH	1
	0.633021	1
	0.542241
PRED	O-SSM	88888
	CALTECH	1
	0.669180	1
	1.116573
PRED	O-SSM	88888
	CALTECH	1
	0.710152	1
	1.807605
PRED	O-SSM	88888
	CALTECH	1
	0.638296	1
	0.624374
PRED	O-SSM	88888
	CALTECH	1
	0.685467	1
	1.385319
PRED	O-SSM	88888
	CALTECH	1
	0.606654	1
	0.138644
PRED	O-SSM	88888
	CALTECH	1
	0.736043	1
	2.274110
PRED	O-SSM	88888
	CALTECH	1
	0.634121	1
	0.559329
PRED	O-SSM	88888
	CALTECH	1
	0.618135	1
	0.313069
PRED	O-SSM	88888
	CALTECH	0
	0.693294	1
	1.517126
PRED	O-SSM	88888
	CALTECH	0
	0.635598	1
	0.582308
PRED	O-SSM	88888
	CALTECH	0
	0.607951	1
	0.158250
PRED	O-SSM	88888
	CALTECH	0
	0.645836	1
	0.742683
PRED	O-SSM	88888
	CALTECH	0
	0.658553	1
	0.944834
PRED	O-SSM	88888
	CALTECH	0
	0.661182	1
	0.987079
PRED	O-SSM	88888
	CALTECH	0
	0.698364	1
	1.603501
PRED	O-SSM	88888
	CALTECH	0
	0.604772	1
	0.110240
PRED	O-SSM	88888
	CALTECH	0
	0.633060	1
	0.542844
PRED	O-SSM	88888
	CALTECH	0
	0.668057	1
	1.098291
PRED	O-SSM	88888
	CALTECH	0
	0.672987	1
	1.178756
PRED	O-SSM	88888
	CALTECH	0
	0.623650	1
	0.397545
PRED	O-SSM	88888
	LEUVEN_2	1
	0.381590	0
	1.056023
PRED	O-SSM	88888
	LEUVEN_2	1
	0.359869	0
	1.326072
PRED	O-SSM	88888
	LEUVEN_2	1
	0.445588	0
	0.289651
PRED	O-SSM	88888
	LEUVEN_2	1
	0.329758	0
	1.712744
PRED	O-SSM	88888
	LEUVEN_2	1
	0.422284	0
	0.564811
PRED	O-SSM	88888
	LEUVEN_2	1
	0.385046	0
	1.013625
PRED	O-SSM	88888
	LEUVEN_2	1
	0.382044	0
	1.050447
PRED	O-SSM	88888
	LEUVEN_2	1
	0.387822	0
	0.979676
PRED	O-SSM	88888
	LEUVEN_2	1
	0.345793	0
	1.504840
PRED	O-SSM	88888
	LEUVEN_2	1
	0.350997	0
	1.438372
PRED	O-SSM	88888
	LEUVEN_2	1
	0.386426	0
	0.996739
PRED	O-SSM	88888
	LEUVEN_2	1
	0.369333	0
	1.207605
PRED	O-SSM	88888
	LEUVEN_2	0
	0.372643	0
	1.166475
PRED	O-SSM	88888
	LEUVEN_2	0
	0.336459	0
	1.625271
PRED	O-SSM	88888
	LEUVEN_2	0
	0.364336	0
	1.269989
PRED	O-SSM	88888
	LEUVEN_2	0
	0.358546	0
	1.342731
PRED	O-SSM	88888
	LEUVEN_2	0
	0.439190	0
	0.364860
PRED	O-SSM	88888
	LEUVEN_2	0
	0.444347	0
	0.304225
PRED	O-SSM	88888
	LEUVEN_2	0
	0.315691	0
	1.899388
PRED	O-SSM	88888
	LEUVEN_2	0
	0.437135	0
	0.389065
PRED	O-SSM	88888
	LEUVEN_2	0
	0.292610	0
	2.215727
PRED	O-SSM	88888
	LEUVEN_2	0
	0.403548	0
	0.788956
PRED	O-SSM	88888
	LEUVEN_2	0
	0.388392	0
	0.972715
PRED	O-SSM	88888
	LEUVEN_2	0
	0.395099	0
	0.891102
PRED	O-SSM	88888
	OLIN	1
	0.253414	0
	1.048642
PRED	O-SSM	88888
	OLIN	1
	0.463268	0
	0.188316
PRED	O-SSM	88888
	OLIN	1
	0.453455	0
	0.224755
PRED	O-SSM	88888
	OLIN	1
	0.388992	0
	0.468881
PRED	O-SSM	88888
	OLIN	1
	0.409968	0
	0.388264
PRED	O-SSM	88888
	OLIN	1
	0.396991	0
	0.437969
PRED	O-SSM	88888
	OLIN	1
	0.274823	0
	0.947058
PRED	O-SSM	88888
	OLIN	1
	0.168084	0
	1.526862
PRED	O-SSM	88888
	OLIN	1
	0.361790	0
	0.575856
PRED	O-SSM	88888
	OLIN	1
	0.445336	0
	0.255001
PRED	O-SSM	88888
	OLIN	1
	0.444396	0
	0.258509
PRED	O-SSM	88888
	OLIN	1
	0.130597	0
	1.800106
PRED	O-SSM	88888
	OLIN	0
	0.199513	0
	1.333347
PRED	O-SSM	88888
	OLIN	0
	0.464661	0
	0.183155
PRED	O-SSM	88888
	OLIN	0
	0.274948	0
	0.946478
PRED	O-SSM	88888
	OLIN	0
	0.410357	0
	0.386780
PRED	O-SSM	88888
	OLIN	0
	0.237263	0
	1.129077
PRED	O-SSM	88888
	OLIN	0
	0.458108	0
	0.207461
PRED	O-SSM	88888
	OLIN	0
	0.363431	0
	0.569312
PRED	O-SSM	88888
	OLIN	0
	0.200407	0
	1.328197
PRED	O-SSM	88888
	OLIN	0
	0.149239	0
	1.657125
PRED	O-SSM	88888
	OLIN	0
	0.176112	0
	1.474912
PRED	O-SSM	88888
	OLIN	0
	0.320831	0
	0.743952
PRED	O-SSM	88888
	OLIN	0
	0.318141	0
	0.755357
PRED	O-SSM	88888
	SBL	1
	0.713532	1
	1.207689
PRED	O-SSM	88888
	SBL	1
	0.766729	1
	1.551145
PRED	O-SSM	88888
	SBL	1
	0.669033	1
	0.949125
PRED	O-SSM	88888
	SBL	1
	0.744782	1
	1.403825
PRED	O-SSM	88888
	SBL	1
	0.511919	1
	0.136559
PRED	O-SSM	88888
	SBL	1
	0.680591	1
	1.014362
PRED	O-SSM	88888
	SBL	1
	0.701193	1
	1.133865
PRED	O-SSM	88888
	SBL	1
	0.732471	1
	1.324843
PRED	O-SSM	88888
	SBL	1
	0.684709	1
	1.037900
PRED	O-SSM	88888
	SBL	1
	0.647371	1
	0.829850
PRED	O-SSM	88888
	SBL	1
	0.603494	1
	0.597697
PRED	O-SSM	88888
	SBL	1
	0.767297	1
	1.555085
PRED	O-SSM	88888
	SBL	0
	0.700904	1
	1.132155
PRED	O-SSM	88888
	SBL	0
	0.607577	1
	0.618870
PRED	O-SSM	88888
	SBL	0
	0.524756	1
	0.200240
PRED	O-SSM	88888
	SBL	0
	0.743052	1
	1.392579
PRED	O-SSM	88888
	SBL	0
	0.754878	1
	1.470482
PRED	O-SSM	88888
	SBL	0
	0.585249	1
	0.503970
PRED	O-SSM	88888
	SBL	0
	0.665015	1
	0.926723
PRED	O-SSM	88888
	SBL	0
	0.601034	1
	0.584983
PRED	O-SSM	88888
	SBL	0
	0.666869	1
	0.937043
PRED	O-SSM	88888
	SBL	0
	0.582456	1
	0.489734
PRED	O-SSM	88888
	SBL	0
	0.714949	1
	1.216291
PRED	O-SSM	88888
	SBL	0
	0.754026	1
	1.464788
PRED	O-SSM	88888
	LEUVEN_1	1
	0.337508	0
	1.056879
PRED	O-SSM	88888
	LEUVEN_1	1
	0.356852	0
	0.905540
PRED	O-SSM	88888
	LEUVEN_1	1
	0.314227	0
	1.244831
PRED	O-SSM	88888
	LEUVEN_1	1
	0.304454	0
	1.325940
PRED	O-SSM	88888
	LEUVEN_1	1
	0.363335	0
	0.855657
PRED	O-SSM	88888
	LEUVEN_1	1
	0.325684	0
	1.151468
PRED	O-SSM	88888
	LEUVEN_1	1
	0.443937	0
	0.260451
PRED	O-SSM	88888
	LEUVEN_1	1
	0.356653	0
	0.907072
PRED	O-SSM	88888
	LEUVEN_1	1
	0.400000	0
	0.580049
PRED	O-SSM	88888
	LEUVEN_1	1
	0.362258	0
	0.863915
PRED	O-SSM	88888
	LEUVEN_1	1
	0.367858	0
	0.821083
PRED	O-SSM	88888
	LEUVEN_1	1
	0.339441	0
	1.041579
PRED	O-SSM	88888
	LEUVEN_1	0
	0.290163	0
	1.447232
PRED	O-SSM	88888
	LEUVEN_1	0
	0.250244	0
	1.806631
PRED	O-SSM	88888
	LEUVEN_1	0
	0.418253	0
	0.446169
PRED	O-SSM	88888
	LEUVEN_1	0
	0.273738	0
	1.591094
PRED	O-SSM	88888
	LEUVEN_1	0
	0.323901	0
	1.165883
PRED	O-SSM	88888
	LEUVEN_1	0
	0.316341	0
	1.227470
PRED	O-SSM	88888
	LEUVEN_1	0
	0.399946	0
	0.580449
PRED	O-SSM	88888
	LEUVEN_1	0
	0.386138	0
	0.683077
PRED	O-SSM	88888
	LEUVEN_1	0
	0.365189	0
	0.841461
PRED	O-SSM	88888
	LEUVEN_1	0
	0.431488	0
	0.350136
PRED	O-SSM	88888
	LEUVEN_1	0
	0.368758	0
	0.814222
PRED	O-SSM	88888
	LEUVEN_1	0
	0.452026	0
	0.202457
PRED	O-SSM	88888
	SDSU	1
	0.395419	0
	0.369573
PRED	O-SSM	88888
	SDSU	1
	0.380249	0
	0.916858
PRED	O-SSM	88888
	SDSU	1
	0.388427	0
	0.620847
PRED	O-SSM	88888
	SDSU	1
	0.388207	0
	0.628794
PRED	O-SSM	88888
	SDSU	1
	0.366880	0
	1.406175
PRED	O-SSM	88888
	SDSU	1
	0.343982	0
	2.262390
PRED	O-SSM	88888
	SDSU	1
	0.398858	0
	0.246551
PRED	O-SSM	88888
	SDSU	1
	0.386342	0
	0.696080
PRED	O-SSM	88888
	SDSU	1
	0.365683	0
	1.450324
PRED	O-SSM	88888
	SDSU	1
	0.365246	0
	1.466492
PRED	O-SSM	88888
	SDSU	1
	0.383864	0
	0.785700
PRED	O-SSM	88888
	SDSU	1
	0.367500	0
	1.383321
PRED	O-SSM	88888
	SDSU	0
	0.363794	0
	1.520153
PRED	O-SSM	88888
	SDSU	0
	0.344271	0
	2.251436
PRED	O-SSM	88888
	SDSU	0
	0.401892	0
	0.138313
PRED	O-SSM	88888
	SDSU	0
	0.343539	0
	2.279202
PRED	O-SSM	88888
	SDSU	0
	0.379652	0
	0.938562
PRED	O-SSM	88888
	SDSU	0
	0.380103	0
	0.922168
PRED	O-SSM	88888
	SDSU	0
	0.378586	0
	0.977339
PRED	O-SSM	88888
	SDSU	0
	0.356763	0
	1.781430
PRED	O-SSM	88888
	SDSU	0
	0.376290	0
	1.061027
PRED	O-SSM	88888
	SDSU	0
	0.360149	0
	1.655346
PRED	O-SSM	88888
	SDSU	0
	0.373077	0
	1.178478
PRED	O-SSM	88888
	SDSU	0
	0.362975	0
	1.550486
PRED	O-SSM	88888
	CMU	1
	0.660377	1
	1.396232
PRED	O-SSM	88888
	CMU	1
	0.609526	1
	0.100386
PRED	O-SSM	88888
	CMU	1
	0.615972	1
	0.260642
PRED	O-SSM	88888
	CMU	1
	0.616136	1
	0.264730
PRED	O-SSM	88888
	CMU	1
	0.640357	1
	0.876705
PRED	O-SSM	88888
	CMU	1
	0.615832	1
	0.257161
PRED	O-SSM	88888
	CMU	1
	0.608030	1
	0.063325
PRED	O-SSM	88888
	CMU	1
	0.644508	1
	0.983317
PRED	O-SSM	88888
	CMU	1
	0.632845	1
	0.685151
PRED	O-SSM	88888
	CMU	1
	0.639487	1
	0.854435
PRED	O-SSM	88888
	CMU	1
	0.615588	1
	0.251077
PRED	O-SSM	88888
	CMU	1
	0.612742	1
	0.180233
PRED	O-SSM	88888
	CMU	0
	0.634929	1
	0.738126
PRED	O-SSM	88888
	CMU	0
	0.626741	1
	0.530683
PRED	O-SSM	88888
	CMU	0
	0.610722	1
	0.130059
PRED	O-SSM	88888
	CMU	0
	0.631162	1
	0.642463
PRED	O-SSM	88888
	CMU	0
	0.642725	1
	0.937452
PRED	O-SSM	88888
	CMU	0
	0.626284	1
	0.519162
PRED	O-SSM	88888
	CMU	0
	0.665576	1
	1.533493
PRED	O-SSM	88888
	CMU	0
	0.645548	1
	1.010112
PRED	O-SSM	88888
	CMU	0
	0.657463	1
	1.319720
PRED	O-SSM	88888
	CMU	0
	0.653323	1
	1.211581
PRED	O-SSM	88888
	CMU	0
	0.622933	1
	0.434855
PRED	O-SSM	88888
	CMU	0
	0.702010	1
	2.528399
PRED	O-SSM	88888
	UCLA_2	1
	0.493148	0
	1.435143
PRED	O-SSM	88888
	UCLA_2	1
	0.433896	0
	0.936886
PRED	O-SSM	88888
	UCLA_2	1
	0.459861	0
	1.156339
PRED	O-SSM	88888
	UCLA_2	1
	0.495232	0
	1.452551
PRED	O-SSM	88888
	UCLA_2	1
	0.354431	0
	0.240049
PRED	O-SSM	88888
	UCLA_2	1
	0.436387	0
	0.958052
PRED	O-SSM	88888
	UCLA_2	1
	0.408428	0
	0.718647
PRED	O-SSM	88888
	UCLA_2	1
	0.485355	0
	1.370005
PRED	O-SSM	88888
	UCLA_2	1
	0.488076	0
	1.392752
PRED	O-SSM	88888
	UCLA_2	1
	0.392847	0
	0.583109
PRED	O-SSM	88888
	UCLA_2	1
	0.469969	0
	1.241198
PRED	O-SSM	88888
	UCLA_2	1
	0.482411	0
	1.345384
PRED	O-SSM	88888
	UCLA_2	0
	0.366376	0
	0.348284
PRED	O-SSM	88888
	UCLA_2	0
	0.438909	0
	0.979459
PRED	O-SSM	88888
	UCLA_2	0
	0.371210	0
	0.391659
PRED	O-SSM	88888
	UCLA_2	0
	0.424192	0
	0.854153
PRED	O-SSM	88888
	UCLA_2	0
	0.432411	0
	0.924256
PRED	O-SSM	88888
	UCLA_2	0
	0.379575	0
	0.466168
PRED	O-SSM	88888
	UCLA_2	0
	0.441311	0
	0.999814
PRED	O-SSM	88888
	UCLA_2	0
	0.412125	0
	0.750555
PRED	O-SSM	88888
	UCLA_2	0
	0.530466	1
	1.747223
PRED	O-SSM	88888
	UCLA_2	0
	0.578313	1
	2.152066
PRED	O-SSM	88888
	UCLA_2	0
	0.510280	1
	1.578285
PRED	O-SSM	88888
	UCLA_2	0
	0.504253	1
	1.527921
PRED	O-SSM	88888
	UM_2	1
	0.514867	1
	1.694683
PRED	O-SSM	88888
	UM_2	1
	0.424471	0
	1.208383
PRED	O-SSM	88888
	UM_2	1
	0.245670	0
	0.116150
PRED	O-SSM	88888
	UM_2	1
	0.345951	0
	0.764168
PRED	O-SSM	88888
	UM_2	1
	0.508983	1
	1.663212
PRED	O-SSM	88888
	UM_2	1
	0.339060	0
	0.723278
PRED	O-SSM	88888
	UM_2	1
	0.365822	0
	0.880022
PRED	O-SSM	88888
	UM_2	1
	0.316585	0
	0.586947
PRED	O-SSM	88888
	UM_2	1
	0.487872	0
	1.550357
PRED	O-SSM	88888
	UM_2	1
	0.364004	0
	0.869538
PRED	O-SSM	88888
	UM_2	1
	0.306014	0
	0.521056
PRED	O-SSM	88888
	UM_2	1
	0.295147	0
	0.451981
PRED	O-SSM	88888
	UM_2	0
	0.649489	1
	2.439375
PRED	O-SSM	88888
	UM_2	0
	0.287978	0
	0.405602
PRED	O-SSM	88888
	UM_2	0
	0.301535	0
	0.492762
PRED	O-SSM	88888
	UM_2	0
	0.401261	0
	1.080414
PRED	O-SSM	88888
	UM_2	0
	0.441558	0
	1.301393
PRED	O-SSM	88888
	UM_2	0
	0.419291	0
	1.180006
PRED	O-SSM	88888
	UM_2	0
	0.540438	1
	1.831804
PRED	O-SSM	88888
	UM_2	0
	0.352136	0
	0.800543
PRED	O-SSM	88888
	UM_2	0
	0.313403	0
	0.567241
PRED	O-SSM	88888
	UM_2	0
	0.263511	0
	0.241812
PRED	O-SSM	88888
	UM_2	0
	0.339029	0
	0.723090
PRED	O-SSM	88888
	UM_2	0
	0.404547	0
	1.098670
PRED	O-SSM	88888
	OHSU	1
	0.253424	0
	1.034616
PRED	O-SSM	88888
	OHSU	1
	0.262487	0
	0.856224
PRED	O-SSM	88888
	OHSU	1
	0.219498	0
	1.743456
PRED	O-SSM	88888
	OHSU	1
	0.260196	0
	0.900943
PRED	O-SSM	88888
	OHSU	1
	0.263375	0
	0.838977
PRED	O-SSM	88888
	OHSU	1
	0.281238	0
	0.499269
PRED	O-SSM	88888
	OHSU	1
	0.263910	0
	0.828590
PRED	O-SSM	88888
	OHSU	1
	0.269287	0
	0.724980
PRED	O-SSM	88888
	OHSU	1
	0.249917	0
	1.104769
PRED	O-SSM	88888
	OHSU	1
	0.244453	0
	1.215391
PRED	O-SSM	88888
	OHSU	1
	0.253169	0
	1.039690
PRED	O-SSM	88888
	OHSU	1
	0.286245	0
	0.406469
PRED	O-SSM	88888
	OHSU	0
	0.243333	0
	1.238268
PRED	O-SSM	88888
	OHSU	0
	0.250810	0
	1.086852
PRED	O-SSM	88888
	OHSU	0
	0.191544	0
	2.389211
PRED	O-SSM	88888
	OHSU	0
	0.170724	0
	2.918486
PRED	O-SSM	88888
	OHSU	0
	0.306903	0
	0.033309
PRED	O-SSM	88888
	OHSU	0
	0.253697	0
	1.029179
PRED	O-SSM	88888
	OHSU	0
	0.291026	0
	0.318733
PRED	O-SSM	88888
	OHSU	0
	0.254169	0
	1.019792
PRED	O-SSM	88888
	OHSU	0
	0.271618	0
	0.680484
PRED	O-SSM	88888
	OHSU	0
	0.244522	0
	1.213988
PRED	O-SSM	88888
	OHSU	0
	0.275740	0
	0.602353
PRED	O-SSM	88888
	OHSU	0
	0.291479	0
	0.310472
  O-SSM    88888
   acc=49.200000% bal=49.166667% sites=20
/20
 test_n=500
 assoc=1.006196
PRED	O-SSM	33333
	NYU	1
	0.560775	1
	0.346429
PRED	O-SSM	33333
	NYU	1
	0.543568	1
	0.455153
PRED	O-SSM	33333
	NYU	1
	0.538934	1
	0.484314
PRED	O-SSM	33333
	NYU	1
	0.529625	1
	0.542760
PRED	O-SSM	33333
	NYU	1
	0.422367	0
	1.217201
PRED	O-SSM	33333
	NYU	1
	0.441890	0
	1.092890
PRED	O-SSM	33333
	NYU	1
	0.356101	0
	1.653489
PRED	O-SSM	33333
	NYU	1
	0.412645	0
	1.279657
PRED	O-SSM	33333
	NYU	1
	0.531233	1
	0.532674
PRED	O-SSM	33333
	NYU	1
	0.326157	0
	1.861720
PRED	O-SSM	33333
	NYU	1
	0.515475	1
	0.631372
PRED	O-SSM	33333
	NYU	1
	0.370815	0
	1.554117
PRED	O-SSM	33333
	NYU	1
	0.498431	0
	0.737911
PRED	O-SSM	33333
	NYU	0
	0.410906	0
	1.290870
PRED	O-SSM	33333
	NYU	0
	0.506915	1
	0.684894
PRED	O-SSM	33333
	NYU	0
	0.399000	0
	1.368068
PRED	O-SSM	33333
	NYU	0
	0.450348	0
	1.039414
PRED	O-SSM	33333
	NYU	0
	0.477492	0
	0.868856
PRED	O-SSM	33333
	NYU	0
	0.461708	0
	0.967866
PRED	O-SSM	33333
	NYU	0
	0.374481	0
	1.529620
PRED	O-SSM	33333
	NYU	0
	0.489241	0
	0.795355
PRED	O-SSM	33333
	NYU	0
	0.328450	0
	1.845455
PRED	O-SSM	33333
	NYU	0
	0.551972	1
	0.402155
PRED	O-SSM	33333
	NYU	0
	0.563190	1
	0.331107
PRED	O-SSM	33333
	NYU	0
	0.445094	0
	1.072608
PRED	O-SSM	33333
	NYU	0
	0.488414	0
	0.800520
PRED	O-SSM	33333
	UM_1	1
	0.660065	1
	1.360728
PRED	O-SSM	33333
	UM_1	1
	0.619746	1
	1.188212
PRED	O-SSM	33333
	UM_1	1
	0.528510	1
	0.819457
PRED	O-SSM	33333
	UM_1	1
	0.548262	1
	0.897766
PRED	O-SSM	33333
	UM_1	1
	0.381571	0
	0.231266
PRED	O-SSM	33333
	UM_1	1
	0.649588	1
	1.315062
PRED	O-SSM	33333
	UM_1	1
	0.415943	0
	0.372570
PRED	O-SSM	33333
	UM_1	1
	0.508465	1
	0.740347
PRED	O-SSM	33333
	UM_1	1
	0.737585	1
	1.725110
PRED	O-SSM	33333
	UM_1	1
	0.643921	1
	1.290621
PRED	O-SSM	33333
	UM_1	1
	0.628682	1
	1.225742
PRED	O-SSM	33333
	UM_1	1
	0.583419	1
	1.038817
PRED	O-SSM	33333
	UM_1	1
	0.651073	1
	1.321493
PRED	O-SSM	33333
	UM_1	0
	0.582862	1
	1.036559
PRED	O-SSM	33333
	UM_1	0
	0.346630	0
	0.082505
PRED	O-SSM	33333
	UM_1	0
	0.539180	1
	0.861699
PRED	O-SSM	33333
	UM_1	0
	0.547009	1
	0.892784
PRED	O-SSM	33333
	UM_1	0
	0.619095	1
	1.185492
PRED	O-SSM	33333
	UM_1	0
	0.515747	1
	0.769060
PRED	O-SSM	33333
	UM_1	0
	0.688386	1
	1.487817
PRED	O-SSM	33333
	UM_1	0
	0.592159	1
	1.074353
PRED	O-SSM	33333
	UM_1	0
	0.597182	1
	1.094882
PRED	O-SSM	33333
	UM_1	0
	0.589652	1
	1.064138
PRED	O-SSM	33333
	UM_1	0
	0.623202	1
	1.202685
PRED	O-SSM	33333
	UM_1	0
	0.618273	1
	1.182057
PRED	O-SSM	33333
	UM_1	0
	0.402033	0
	0.315873
PRED	O-SSM	33333
	UCLA_1	1
	0.221918	0
	1.102654
PRED	O-SSM	33333
	UCLA_1	1
	0.199429	0
	1.374201
PRED	O-SSM	33333
	UCLA_1	1
	0.207306	0
	1.276646
PRED	O-SSM	33333
	UCLA_1	1
	0.276912	0
	0.511410
PRED	O-SSM	33333
	UCLA_1	1
	0.248314	0
	0.807929
PRED	O-SSM	33333
	UCLA_1	1
	0.205755	0
	1.295629
PRED	O-SSM	33333
	UCLA_1	1
	0.294967	0
	0.333951
PRED	O-SSM	33333
	UCLA_1	1
	0.222166	0
	1.099778
PRED	O-SSM	33333
	UCLA_1	1
	0.185197	0
	1.558093
PRED	O-SSM	33333
	UCLA_1	1
	0.246894	0
	0.823222
PRED	O-SSM	33333
	UCLA_1	1
	0.081740	0
	3.438843
PRED	O-SSM	33333
	UCLA_1	1
	0.259815	0
	0.686163
PRED	O-SSM	33333
	UCLA_1	1
	0.255113	0
	0.735501
PRED	O-SSM	33333
	UCLA_1	0
	0.247773	0
	0.813746
PRED	O-SSM	33333
	UCLA_1	0
	0.211221	0
	1.229173
PRED	O-SSM	33333
	UCLA_1	0
	0.259971	0
	0.684534
PRED	O-SSM	33333
	UCLA_1	0
	0.198492	0
	1.385995
PRED	O-SSM	33333
	UCLA_1	0
	0.244761	0
	0.846307
PRED	O-SSM	33333
	UCLA_1	0
	0.285783	0
	0.423378
PRED	O-SSM	33333
	UCLA_1	0
	0.137276	0
	2.273502
PRED	O-SSM	33333
	UCLA_1	0
	0.190434	0
	1.489209
PRED	O-SSM	33333
	UCLA_1	0
	0.232761	0
	0.978788
PRED	O-SSM	33333
	UCLA_1	0
	0.279807	0
	0.482496
PRED	O-SSM	33333
	UCLA_1	0
	0.234352	0
	0.960962
PRED	O-SSM	33333
	UCLA_1	0
	0.255585	0
	0.730525
PRED	O-SSM	33333
	UCLA_1	0
	0.275979	0
	0.520771
PRED	O-SSM	33333
	YALE	1
	0.548845	1
	1.272109
PRED	O-SSM	33333
	YALE	1
	0.434816	0
	0.605733
PRED	O-SSM	33333
	YALE	1
	0.403055	0
	0.415922
PRED	O-SSM	33333
	YALE	1
	0.612866	1
	1.655103
PRED	O-SSM	33333
	YALE	1
	0.358932	0
	0.143616
PRED	O-SSM	33333
	YALE	1
	0.574197	1
	1.421876
PRED	O-SSM	33333
	YALE	1
	0.528289	1
	1.151804
PRED	O-SSM	33333
	YALE	1
	0.408463	0
	0.448543
PRED	O-SSM	33333
	YALE	1
	0.428234	0
	0.566714
PRED	O-SSM	33333
	YALE	1
	0.607188	1
	1.620395
PRED	O-SSM	33333
	YALE	1
	0.415114	0
	0.488470
PRED	O-SSM	33333
	YALE	1
	0.502867	1
	1.003747
PRED	O-SSM	33333
	YALE	1
	0.431633	0
	0.586883
PRED	O-SSM	33333
	YALE	0
	0.356534	0
	0.128444
PRED	O-SSM	33333
	YALE	0
	0.446736	0
	0.676062
PRED	O-SSM	33333
	YALE	0
	0.557221	1
	1.321387
PRED	O-SSM	33333
	YALE	0
	0.367382	0
	0.196753
PRED	O-SSM	33333
	YALE	0
	0.690799	1
	2.156060
PRED	O-SSM	33333
	YALE	0
	0.663378	1
	1.973592
PRED	O-SSM	33333
	YALE	0
	0.500555	1
	0.990298
PRED	O-SSM	33333
	YALE	0
	0.454607	0
	0.722295
PRED	O-SSM	33333
	YALE	0
	0.532730	1
	1.177733
PRED	O-SSM	33333
	YALE	0
	0.545312	1
	1.251372
PRED	O-SSM	33333
	YALE	0
	0.886989	1
	3.983276
PRED	O-SSM	33333
	YALE	0
	0.442586	0
	0.651623
PRED	O-SSM	33333
	YALE	0
	0.597718	1
	1.562897
PRED	O-SSM	33333
	PITT	1
	0.386905	0
	1.286122
PRED	O-SSM	33333
	PITT	1
	0.493633	0
	2.384423
PRED	O-SSM	33333
	PITT	1
	0.401705	0
	1.442646
PRED	O-SSM	33333
	PITT	1
	0.414787	0
	1.579416
PRED	O-SSM	33333
	PITT	1
	0.356489	0
	0.957049
PRED	O-SSM	33333
	PITT	1
	0.403661	0
	1.463184
PRED	O-SSM	33333
	PITT	1
	0.314201	0
	0.477404
PRED	O-SSM	33333
	PITT	1
	0.347906	0
	0.862037
PRED	O-SSM	33333
	PITT	1
	0.396427	0
	1.387064
PRED	O-SSM	33333
	PITT	1
	0.393300	0
	1.354009
PRED	O-SSM	33333
	PITT	1
	0.389493	0
	1.313646
PRED	O-SSM	33333
	PITT	1
	0.342487	0
	0.801490
PRED	O-SSM	33333
	PITT	1
	0.301989	0
	0.332707
PRED	O-SSM	33333
	PITT	0
	0.365383	0
	1.054441
PRED	O-SSM	33333
	PITT	0
	0.344491	0
	0.823935
PRED	O-SSM	33333
	PITT	0
	0.395377	0
	1.375977
PRED	O-SSM	33333
	PITT	0
	0.342760	0
	0.804548
PRED	O-SSM	33333
	PITT	0
	0.350231	0
	0.887878
PRED	O-SSM	33333
	PITT	0
	0.353853	0
	0.927987
PRED	O-SSM	33333
	PITT	0
	0.333269	0
	0.697419
PRED	O-SSM	33333
	PITT	0
	0.377684	0
	1.187506
PRED	O-SSM	33333
	PITT	0
	0.378432	0
	1.195537
PRED	O-SSM	33333
	PITT	0
	0.401032	0
	1.435573
PRED	O-SSM	33333
	PITT	0
	0.367617	0
	1.078745
PRED	O-SSM	33333
	PITT	0
	0.378056	0
	1.191503
PRED	O-SSM	33333
	PITT	0
	0.406424	0
	1.492139
PRED	O-SSM	33333
	USM	1
	0.790095	1
	0.322295
PRED	O-SSM	33333
	USM	1
	0.807468	1
	0.875812
PRED	O-SSM	33333
	USM	1
	0.787282	1
	0.235904
PRED	O-SSM	33333
	USM	1
	0.827774	1
	1.573438
PRED	O-SSM	33333
	USM	1
	0.817011	1
	1.196156
PRED	O-SSM	33333
	USM	1
	0.829766	1
	1.645272
PRED	O-SSM	33333
	USM	1
	0.794580	1
	0.461811
PRED	O-SSM	33333
	USM	1
	0.827132	1
	1.550413
PRED	O-SSM	33333
	USM	1
	0.825805	1
	1.503052
PRED	O-SSM	33333
	USM	1
	0.822793	1
	1.396603
PRED	O-SSM	33333
	USM	1
	0.798504	1
	0.585758
PRED	O-SSM	33333
	USM	1
	0.790949	1
	0.348683
PRED	O-SSM	33333
	USM	1
	0.808850	1
	0.921449
PRED	O-SSM	33333
	USM	0
	0.789599	1
	0.307002
PRED	O-SSM	33333
	USM	0
	0.805363	1
	0.806812
PRED	O-SSM	33333
	USM	0
	0.808238	1
	0.901199
PRED	O-SSM	33333
	USM	0
	0.800887	1
	0.661893
PRED	O-SSM	33333
	USM	0
	0.832897	1
	1.759585
PRED	O-SSM	33333
	USM	0
	0.827393	1
	1.559773
PRED	O-SSM	33333
	USM	0
	0.815099	1
	1.130980
PRED	O-SSM	33333
	USM	0
	0.808550	1
	0.911532
PRED	O-SSM	33333
	USM	0
	0.785421	1
	0.179198
PRED	O-SSM	33333
	USM	0
	0.786529	1
	0.212926
PRED	O-SSM	33333
	USM	0
	0.818621	1
	1.251487
PRED	O-SSM	33333
	USM	0
	0.792177	1
	0.386785
PRED	O-SSM	33333
	USM	0
	0.795086	1
	0.477712
PRED	O-SSM	33333
	MAX_MUN	1
	0.548618	1
	0.158813
PRED	O-SSM	33333
	MAX_MUN	1
	0.592285	1
	0.419993
PRED	O-SSM	33333
	MAX_MUN	1
	0.793069	1
	1.840787
PRED	O-SSM	33333
	MAX_MUN	1
	0.628632	1
	0.643976
PRED	O-SSM	33333
	MAX_MUN	1
	0.789767	1
	1.811491
PRED	O-SSM	33333
	MAX_MUN	1
	0.855530	1
	2.478068
PRED	O-SSM	33333
	MAX_MUN	1
	0.603705	1
	0.489568
PRED	O-SSM	33333
	MAX_MUN	1
	0.620613	1
	0.593882
PRED	O-SSM	33333
	MAX_MUN	1
	0.649331	1
	0.775416
PRED	O-SSM	33333
	MAX_MUN	1
	0.564283	1
	0.251774
PRED	O-SSM	33333
	MAX_MUN	1
	0.690060	1
	1.045337
PRED	O-SSM	33333
	MAX_MUN	1
	0.667059	1
	0.890844
PRED	O-SSM	33333
	MAX_MUN	1
	0.730965	1
	1.336969
PRED	O-SSM	33333
	MAX_MUN	0
	0.702981	1
	1.134877
PRED	O-SSM	33333
	MAX_MUN	0
	0.632600	1
	0.668925
PRED	O-SSM	33333
	MAX_MUN	0
	0.760214	1
	1.563000
PRED	O-SSM	33333
	MAX_MUN	0
	0.648435	1
	0.769656
PRED	O-SSM	33333
	MAX_MUN	0
	0.738888	1
	1.396539
PRED	O-SSM	33333
	MAX_MUN	0
	0.809946	1
	1.996231
PRED	O-SSM	33333
	MAX_MUN	0
	0.776497	1
	1.697031
PRED	O-SSM	33333
	MAX_MUN	0
	0.670202	1
	0.911621
PRED	O-SSM	33333
	MAX_MUN	0
	0.723266	1
	1.280144
PRED	O-SSM	33333
	MAX_MUN	0
	0.763602	1
	1.590355
PRED	O-SSM	33333
	MAX_MUN	0
	0.823975	1
	2.133687
PRED	O-SSM	33333
	MAX_MUN	0
	0.717434	1
	1.237740
PRED	O-SSM	33333
	MAX_MUN	0
	0.695503	1
	1.082793
PRED	O-SSM	33333
	TRINITY	1
	0.248236	0
	1.789969
PRED	O-SSM	33333
	TRINITY	1
	0.362437	0
	1.249023
PRED	O-SSM	33333
	TRINITY	1
	0.297127	0
	1.543987
PRED	O-SSM	33333
	TRINITY	1
	0.329464	0
	1.394213
PRED	O-SSM	33333
	TRINITY	1
	0.451492	0
	0.880426
PRED	O-SSM	33333
	TRINITY	1
	0.421501	0
	1.001879
PRED	O-SSM	33333
	TRINITY	1
	0.329213	0
	1.395345
PRED	O-SSM	33333
	TRINITY	1
	0.472922	0
	0.794561
PRED	O-SSM	33333
	TRINITY	1
	0.163500	0
	2.312128
PRED	O-SSM	33333
	TRINITY	1
	0.445746	0
	0.903557
PRED	O-SSM	33333
	TRINITY	1
	0.271614	0
	1.668891
PRED	O-SSM	33333
	TRINITY	1
	0.430575	0
	0.964928
PRED	O-SSM	33333
	TRINITY	1
	0.290136	0
	1.577549
PRED	O-SSM	33333
	TRINITY	0
	0.489444	0
	0.728653
PRED	O-SSM	33333
	TRINITY	0
	0.505483	1
	0.664761
PRED	O-SSM	33333
	TRINITY	0
	0.384521	0
	1.155018
PRED	O-SSM	33333
	TRINITY	0
	0.462534	0
	0.836113
PRED	O-SSM	33333
	TRINITY	0
	0.580422	1
	0.363467
PRED	O-SSM	33333
	TRINITY	0
	0.505651	1
	0.664091
PRED	O-SSM	33333
	TRINITY	0
	0.554383	1
	0.469127
PRED	O-SSM	33333
	TRINITY	0
	0.394092	0
	1.114930
PRED	O-SSM	33333
	TRINITY	0
	0.555136	1
	0.466093
PRED	O-SSM	33333
	TRINITY	0
	0.344177	0
	1.328617
PRED	O-SSM	33333
	TRINITY	0
	0.194730	0
	2.100177
PRED	O-SSM	33333
	TRINITY	0
	0.435871	0
	0.943450
PRED	O-SSM	33333
	TRINITY	0
	0.494889	0
	0.706961
PRED	O-SSM	33333
	KKI	1
	0.472241	0
	1.255529
PRED	O-SSM	33333
	KKI	1
	0.469365	0
	1.335458
PRED	O-SSM	33333
	KKI	1
	0.499767	0
	0.492329
PRED	O-SSM	33333
	KKI	1
	0.484654	0
	0.911058
PRED	O-SSM	33333
	KKI	1
	0.498526	0
	0.526692
PRED	O-SSM	33333
	KKI	1
	0.465310	0
	1.448235
PRED	O-SSM	33333
	KKI	1
	0.467698	0
	1.381807
PRED	O-SSM	33333
	KKI	1
	0.466259	0
	1.421840
PRED	O-SSM	33333
	KKI	1
	0.435590	0
	2.279849
PRED	O-SSM	33333
	KKI	1
	0.479121	0
	1.064518
PRED	O-SSM	33333
	KKI	1
	0.456421	0
	1.695982
PRED	O-SSM	33333
	KKI	1
	0.492674	0
	0.688797
PRED	O-SSM	33333
	KKI	1
	0.505232	1
	0.340943
PRED	O-SSM	33333
	KKI	0
	0.473737	0
	1.213959
PRED	O-SSM	33333
	KKI	0
	0.477427	0
	1.111508
PRED	O-SSM	33333
	KKI	0
	0.461931	0
	1.542347
PRED	O-SSM	33333
	KKI	0
	0.477370	0
	1.113081
PRED	O-SSM	33333
	KKI	0
	0.473239	0
	1.227800
PRED	O-SSM	33333
	KKI	0
	0.501128	1
	0.454615
PRED	O-SSM	33333
	KKI	0
	0.475913	0
	1.153531
PRED	O-SSM	33333
	KKI	0
	0.491193	0
	0.729820
PRED	O-SSM	33333
	KKI	0
	0.500887	1
	0.461309
PRED	O-SSM	33333
	KKI	0
	0.505940	1
	0.321326
PRED	O-SSM	33333
	KKI	0
	0.491972	0
	0.708254
PRED	O-SSM	33333
	KKI	0
	0.504471	1
	0.362035
PRED	O-SSM	33333
	KKI	0
	0.494064	0
	0.650294
PRED	O-SSM	33333
	STANFORD	1
	0.827242	1
	1.946488
PRED	O-SSM	33333
	STANFORD	1
	0.808528	1
	1.557350
PRED	O-SSM	33333
	STANFORD	1
	0.949492	1
	6.179281
PRED	O-SSM	33333
	STANFORD	1
	0.809936	1
	1.585571
PRED	O-SSM	33333
	STANFORD	1
	0.791594	1
	1.229532
PRED	O-SSM	33333
	STANFORD	1
	0.801141	1
	1.411772
PRED	O-SSM	33333
	STANFORD	1
	0.767824	1
	0.800879
PRED	O-SSM	33333
	STANFORD	1
	0.772082	1
	0.875300
PRED	O-SSM	33333
	STANFORD	1
	0.806964	1
	1.526171
PRED	O-SSM	33333
	STANFORD	1
	0.796806	1
	1.328239
PRED	O-SSM	33333
	STANFORD	1
	0.817592	1
	1.741952
PRED	O-SSM	33333
	STANFORD	1
	0.750208	1
	0.502695
PRED	O-SSM	33333
	STANFORD	1
	0.745260	1
	0.421511
PRED	O-SSM	33333
	STANFORD	0
	0.768070	1
	0.805154
PRED	O-SSM	33333
	STANFORD	0
	0.766357	1
	0.775471
PRED	O-SSM	33333
	STANFORD	0
	0.741922	1
	0.367328
PRED	O-SSM	33333
	STANFORD	0
	0.762221	1
	0.704411
PRED	O-SSM	33333
	STANFORD	0
	0.798094	1
	1.352911
PRED	O-SSM	33333
	STANFORD	0
	0.782531	1
	1.062142
PRED	O-SSM	33333
	STANFORD	0
	0.722114	1
	0.054692
PRED	O-SSM	33333
	STANFORD	0
	0.755186	1
	0.585464
PRED	O-SSM	33333
	STANFORD	0
	0.808903	1
	1.564860
PRED	O-SSM	33333
	STANFORD	0
	0.736223	1
	0.275848
PRED	O-SSM	33333
	STANFORD	0
	0.758051	1
	0.633632
PRED	O-SSM	33333
	STANFORD	0
	0.824989	1
	1.897946
PRED	O-SSM	33333
	STANFORD	0
	0.753199	1
	0.552304
PRED	O-SSM	33333
	CALTECH	1
	0.522417	1
	0.520111
PRED	O-SSM	33333
	CALTECH	1
	0.511137	1
	0.640146
PRED	O-SSM	33333
	CALTECH	1
	0.527587	1
	0.465021
PRED	O-SSM	33333
	CALTECH	1
	0.502848	1
	0.728262
PRED	O-SSM	33333
	CALTECH	1
	0.455881	0
	1.228670
PRED	O-SSM	33333
	CALTECH	1
	0.349110	0
	2.413797
PRED	O-SSM	33333
	CALTECH	1
	0.520991	1
	0.535301
PRED	O-SSM	33333
	CALTECH	1
	0.455260	0
	1.235325
PRED	O-SSM	33333
	CALTECH	1
	0.552482	1
	0.198667
PRED	O-SSM	33333
	CALTECH	1
	0.368048	0
	2.194968
PRED	O-SSM	33333
	CALTECH	1
	0.510962	1
	0.642004
PRED	O-SSM	33333
	CALTECH	1
	0.535541	1
	0.380143
PRED	O-SSM	33333
	CALTECH	0
	0.440194	0
	1.397235
PRED	O-SSM	33333
	CALTECH	0
	0.496287	0
	0.797990
PRED	O-SSM	33333
	CALTECH	0
	0.556153	1
	0.159183
PRED	O-SSM	33333
	CALTECH	0
	0.500431	1
	0.753955
PRED	O-SSM	33333
	CALTECH	0
	0.473764	0
	1.037635
PRED	O-SSM	33333
	CALTECH	0
	0.445439	0
	1.340752
PRED	O-SSM	33333
	CALTECH	0
	0.440942	0
	1.389175
PRED	O-SSM	33333
	CALTECH	0
	0.548856	1
	0.237600
PRED	O-SSM	33333
	CALTECH	0
	0.517045	1
	0.577296
PRED	O-SSM	33333
	CALTECH	0
	0.450555	0
	1.285783
PRED	O-SSM	33333
	CALTECH	0
	0.428244	0
	1.526487
PRED	O-SSM	33333
	CALTECH	0
	0.537279	1
	0.361571
PRED	O-SSM	33333
	LEUVEN_2	1
	0.180394	0
	1.387596
PRED	O-SSM	33333
	LEUVEN_2	1
	0.212416	0
	0.973788
PRED	O-SSM	33333
	LEUVEN_2	1
	0.280323	0
	0.225476
PRED	O-SSM	33333
	LEUVEN_2	1
	0.146505	0
	1.893700
PRED	O-SSM	33333
	LEUVEN_2	1
	0.243688	0
	0.611686
PRED	O-SSM	33333
	LEUVEN_2	1
	0.216031	0
	0.930066
PRED	O-SSM	33333
	LEUVEN_2	1
	0.174980	0
	1.463023
PRED	O-SSM	33333
	LEUVEN_2	1
	0.249470	0
	0.548332
PRED	O-SSM	33333
	LEUVEN_2	1
	0.160119	0
	1.680061
PRED	O-SSM	33333
	LEUVEN_2	1
	0.199323	0
	1.136873
PRED	O-SSM	33333
	LEUVEN_2	1
	0.243926	0
	0.609062
PRED	O-SSM	33333
	LEUVEN_2	1
	0.242200	0
	0.628165
PRED	O-SSM	33333
	LEUVEN_2	0
	0.192725	0
	1.222113
PRED	O-SSM	33333
	LEUVEN_2	0
	0.204456	0
	1.072021
PRED	O-SSM	33333
	LEUVEN_2	0
	0.160243	0
	1.678183
PRED	O-SSM	33333
	LEUVEN_2	0
	0.181673	0
	1.370021
PRED	O-SSM	33333
	LEUVEN_2	0
	0.268837	0
	0.342893
PRED	O-SSM	33333
	LEUVEN_2	0
	0.273747	0
	0.292322
PRED	O-SSM	33333
	LEUVEN_2	0
	0.161885	0
	1.653457
PRED	O-SSM	33333
	LEUVEN_2	0
	0.257407	0
	0.462915
PRED	O-SSM	33333
	LEUVEN_2	0
	0.175339	0
	1.457973
PRED	O-SSM	33333
	LEUVEN_2	0
	0.208517	0
	1.021553
PRED	O-SSM	33333
	LEUVEN_2	0
	0.219311	0
	0.890846
PRED	O-SSM	33333
	LEUVEN_2	0
	0.220011	0
	0.882531
PRED	O-SSM	33333
	OLIN	1
	0.383548	0
	1.156388
PRED	O-SSM	33333
	OLIN	1
	0.547808	1
	0.233657
PRED	O-SSM	33333
	OLIN	1
	0.540930	1
	0.272059
PRED	O-SSM	33333
	OLIN	1
	0.511711	1
	0.434406
PRED	O-SSM	33333
	OLIN	1
	0.536194	1
	0.298450
PRED	O-SSM	33333
	OLIN	1
	0.508859	1
	0.450211
PRED	O-SSM	33333
	OLIN	1
	0.457779	0
	0.733711
PRED	O-SSM	33333
	OLIN	1
	0.319328	0
	1.547372
PRED	O-SSM	33333
	OLIN	1
	0.488083	0
	0.565309
PRED	O-SSM	33333
	OLIN	1
	0.548711	1
	0.228612
PRED	O-SSM	33333
	OLIN	1
	0.553350	1
	0.202644
PRED	O-SSM	33333
	OLIN	1
	0.334333	0
	1.452920
PRED	O-SSM	33333
	OLIN	0
	0.322084	0
	1.529856
PRED	O-SSM	33333
	OLIN	0
	0.546998	1
	0.238188
PRED	O-SSM	33333
	OLIN	0
	0.398054	0
	1.072006
PRED	O-SSM	33333
	OLIN	0
	0.521033	1
	0.382711
PRED	O-SSM	33333
	OLIN	0
	0.351501	0
	1.347392
PRED	O-SSM	33333
	OLIN	0
	0.558921	1
	0.171390
PRED	O-SSM	33333
	OLIN	0
	0.509123	1
	0.448747
PRED	O-SSM	33333
	OLIN	0
	0.276938	0
	1.828263
PRED	O-SSM	33333
	OLIN	0
	0.300198	0
	1.671305
PRED	O-SSM	33333
	OLIN	0
	0.295595	0
	1.701783
PRED	O-SSM	33333
	OLIN	0
	0.458222	0
	0.731242
PRED	O-SSM	33333
	OLIN	0
	0.442090	0
	0.821506
PRED	O-SSM	33333
	SBL	1
	0.659632	1
	1.275830
PRED	O-SSM	33333
	SBL	1
	0.644548	1
	1.056639
PRED	O-SSM	33333
	SBL	1
	0.650410	1
	1.141299
PRED	O-SSM	33333
	SBL	1
	0.668724	1
	1.410209
PRED	O-SSM	33333
	SBL	1
	0.575941	1
	0.103887
PRED	O-SSM	33333
	SBL	1
	0.624548	1
	0.772287
PRED	O-SSM	33333
	SBL	1
	0.686617	1
	1.680276
PRED	O-SSM	33333
	SBL	1
	0.677199	1
	1.537144
PRED	O-SSM	33333
	SBL	1
	0.673290	1
	1.478390
PRED	O-SSM	33333
	SBL	1
	0.638829	1
	0.974636
PRED	O-SSM	33333
	SBL	1
	0.611731	1
	0.593283
PRED	O-SSM	33333
	SBL	1
	0.661747	1
	1.306926
PRED	O-SSM	33333
	SBL	0
	0.659312	1
	1.271137
PRED	O-SSM	33333
	SBL	0
	0.622877	1
	0.748811
PRED	O-SSM	33333
	SBL	0
	0.581176	1
	0.174661
PRED	O-SSM	33333
	SBL	0
	0.650249	1
	1.138959
PRED	O-SSM	33333
	SBL	0
	0.650369	1
	1.140699
PRED	O-SSM	33333
	SBL	0
	0.612507	1
	0.604058
PRED	O-SSM	33333
	SBL	0
	0.644662	1
	1.058279
PRED	O-SSM	33333
	SBL	0
	0.621215	1
	0.725506
PRED	O-SSM	33333
	SBL	0
	0.676028	1
	1.519509
PRED	O-SSM	33333
	SBL	0
	0.605086	1
	0.501343
PRED	O-SSM	33333
	SBL	0
	0.670592	1
	1.438035
PRED	O-SSM	33333
	SBL	0
	0.642948	1
	1.033634
PRED	O-SSM	33333
	LEUVEN_1	1
	0.425386	0
	0.786238
PRED	O-SSM	33333
	LEUVEN_1	1
	0.451283	0
	0.480042
PRED	O-SSM	33333
	LEUVEN_1	1
	0.346753	0
	1.754326
PRED	O-SSM	33333
	LEUVEN_1	1
	0.412477	0
	0.940583
PRED	O-SSM	33333
	LEUVEN_1	1
	0.380164	0
	1.333819
PRED	O-SSM	33333
	LEUVEN_1	1
	0.381144	0
	1.321717
PRED	O-SSM	33333
	LEUVEN_1	1
	0.470702	0
	0.252560
PRED	O-SSM	33333
	LEUVEN_1	1
	0.417997	0
	0.874425
PRED	O-SSM	33333
	LEUVEN_1	1
	0.428363	0
	0.750822
PRED	O-SSM	33333
	LEUVEN_1	1
	0.437058	0
	0.647739
PRED	O-SSM	33333
	LEUVEN_1	1
	0.427137	0
	0.765398
PRED	O-SSM	33333
	LEUVEN_1	1
	0.387513	0
	1.243381
PRED	O-SSM	33333
	LEUVEN_1	0
	0.376424	0
	1.380093
PRED	O-SSM	33333
	LEUVEN_1	0
	0.434746	0
	0.675105
PRED	O-SSM	33333
	LEUVEN_1	0
	0.465183	0
	0.317074
PRED	O-SSM	33333
	LEUVEN_1	0
	0.404649	0
	1.034866
PRED	O-SSM	33333
	LEUVEN_1	0
	0.390195	0
	1.210540
PRED	O-SSM	33333
	LEUVEN_1	0
	0.424555	0
	0.796138
PRED	O-SSM	33333
	LEUVEN_1	0
	0.439305	0
	0.621169
PRED	O-SSM	33333
	LEUVEN_1	0
	0.424437	0
	0.797537
PRED	O-SSM	33333
	LEUVEN_1	0
	0.440185	0
	0.610775
PRED	O-SSM	33333
	LEUVEN_1	0
	0.458246	0
	0.398311
PRED	O-SSM	33333
	LEUVEN_1	0
	0.443336	0
	0.573595
PRED	O-SSM	33333
	LEUVEN_1	0
	0.473847	0
	0.215838
PRED	O-SSM	33333
	SDSU	1
	0.486168	0
	0.624872
PRED	O-SSM	33333
	SDSU	1
	0.514116	1
	0.828282
PRED	O-SSM	33333
	SDSU	1
	0.472953	0
	0.528548
PRED	O-SSM	33333
	SDSU	1
	0.482076	0
	0.595066
PRED	O-SSM	33333
	SDSU	1
	0.630744	1
	1.699504
PRED	O-SSM	33333
	SDSU	1
	0.693534	1
	2.211178
PRED	O-SSM	33333
	SDSU	1
	0.423442	0
	0.164068
PRED	O-SSM	33333
	SDSU	1
	0.514432	1
	0.830587
PRED	O-SSM	33333
	SDSU	1
	0.618196	1
	1.602158
PRED	O-SSM	33333
	SDSU	1
	0.644501	1
	1.807813
PRED	O-SSM	33333
	SDSU	1
	0.552744	1
	1.110757
PRED	O-SSM	33333
	SDSU	1
	0.496648	0
	0.701150
PRED	O-SSM	33333
	SDSU	0
	0.513762	1
	0.825705
PRED	O-SSM	33333
	SDSU	0
	0.643056	1
	1.796354
PRED	O-SSM	33333
	SDSU	0
	0.423264	0
	0.162738
PRED	O-SSM	33333
	SDSU	0
	0.724845	1
	2.487550
PRED	O-SSM	33333
	SDSU	0
	0.507969	1
	0.783536
PRED	O-SSM	33333
	SDSU	0
	0.537706	1
	1.000427
PRED	O-SSM	33333
	SDSU	0
	0.530428	1
	0.947225
PRED	O-SSM	33333
	SDSU	0
	0.664607	1
	1.969600
PRED	O-SSM	33333
	SDSU	0
	0.538399	1
	1.005499
PRED	O-SSM	33333
	SDSU	0
	0.609688	1
	1.536861
PRED	O-SSM	33333
	SDSU	0
	0.528246	1
	0.931292
PRED	O-SSM	33333
	SDSU	0
	0.607712	1
	1.521767
PRED	O-SSM	33333
	CMU	1
	0.676946	1
	1.590960
PRED	O-SSM	33333
	CMU	1
	0.408678	0
	0.114021
PRED	O-SSM	33333
	CMU	1
	0.445429	0
	0.314118
PRED	O-SSM	33333
	CMU	1
	0.436430	0
	0.265508
PRED	O-SSM	33333
	CMU	1
	0.532942	1
	0.781639
PRED	O-SSM	33333
	CMU	1
	0.433434	0
	0.249276
PRED	O-SSM	33333
	CMU	1
	0.398188	0
	0.055987
PRED	O-SSM	33333
	CMU	1
	0.590845	1
	1.095214
PRED	O-SSM	33333
	CMU	1
	0.504692	1
	0.630925
PRED	O-SSM	33333
	CMU	1
	0.533212	1
	0.783086
PRED	O-SSM	33333
	CMU	1
	0.444047	0
	0.306668
PRED	O-SSM	33333
	CMU	1
	0.462181	0
	0.404120
PRED	O-SSM	33333
	CMU	0
	0.502546	1
	0.619492
PRED	O-SSM	33333
	CMU	0
	0.480608	0
	0.502596
PRED	O-SSM	33333
	CMU	0
	0.417940	0
	0.164886
PRED	O-SSM	33333
	CMU	0
	0.509722	1
	0.657720
PRED	O-SSM	33333
	CMU	0
	0.551591	1
	0.881693
PRED	O-SSM	33333
	CMU	0
	0.491069	0
	0.558361
PRED	O-SSM	33333
	CMU	0
	0.671533	1
	1.558142
PRED	O-SSM	33333
	CMU	0
	0.544636	1
	0.844303
PRED	O-SSM	33333
	CMU	0
	0.593591	1
	1.110354
PRED	O-SSM	33333
	CMU	0
	0.684351	1
	1.636319
PRED	O-SSM	33333
	CMU	0
	0.476453	0
	0.480426
PRED	O-SSM	33333
	CMU	0
	0.699721	1
	1.732364
PRED	O-SSM	33333
	UCLA_2	1
	0.410661	0
	1.049496
PRED	O-SSM	33333
	UCLA_2	1
	0.412203	0
	1.156992
PRED	O-SSM	33333
	UCLA_2	1
	0.407824	0
	0.851466
PRED	O-SSM	33333
	UCLA_2	1
	0.413702	0
	1.261351
PRED	O-SSM	33333
	UCLA_2	1
	0.398881	0
	0.224219
PRED	O-SSM	33333
	UCLA_2	1
	0.404196	0
	0.597564
PRED	O-SSM	33333
	UCLA_2	1
	0.405379	0
	0.680388
PRED	O-SSM	33333
	UCLA_2	1
	0.417809	0
	1.546716
PRED	O-SSM	33333
	UCLA_2	1
	0.405868	0
	0.714652
PRED	O-SSM	33333
	UCLA_2	1
	0.404272	0
	0.602868
PRED	O-SSM	33333
	UCLA_2	1
	0.418276	0
	1.579128
PRED	O-SSM	33333
	UCLA_2	1
	0.413559	0
	1.251415
PRED	O-SSM	33333
	UCLA_2	0
	0.399055	0
	0.236478
PRED	O-SSM	33333
	UCLA_2	0
	0.405489	0
	0.688132
PRED	O-SSM	33333
	UCLA_2	0
	0.399590	0
	0.274135
PRED	O-SSM	33333
	UCLA_2	0
	0.407069	0
	0.798671
PRED	O-SSM	33333
	UCLA_2	0
	0.412773	0
	1.196710
PRED	O-SSM	33333
	UCLA_2	0
	0.401151	0
	0.383851
PRED	O-SSM	33333
	UCLA_2	0
	0.415416	0
	1.380554
PRED	O-SSM	33333
	UCLA_2	0
	0.404977	0
	0.652263
PRED	O-SSM	33333
	UCLA_2	0
	0.413769	0
	1.266046
PRED	O-SSM	33333
	UCLA_2	0
	0.423204	0
	1.920411
PRED	O-SSM	33333
	UCLA_2	0
	0.425341	0
	2.068078
PRED	O-SSM	33333
	UCLA_2	0
	0.408878	0
	0.925102
PRED	O-SSM	33333
	UM_2	1
	0.303134	0
	2.356772
PRED	O-SSM	33333
	UM_2	1
	0.378198	0
	1.579145
PRED	O-SSM	33333
	UM_2	1
	0.535083	1
	0.099658
PRED	O-SSM	33333
	UM_2	1
	0.476169	0
	0.647035
PRED	O-SSM	33333
	UM_2	1
	0.348995	0
	1.872040
PRED	O-SSM	33333
	UM_2	1
	0.491125	0
	0.508103
PRED	O-SSM	33333
	UM_2	1
	0.467966	0
	0.723392
PRED	O-SSM	33333
	UM_2	1
	0.478270	0
	0.627502
PRED	O-SSM	33333
	UM_2	1
	0.301121	0
	2.378927
PRED	O-SSM	33333
	UM_2	1
	0.417340	0
	1.199858
PRED	O-SSM	33333
	UM_2	1
	0.472969	0
	0.676808
PRED	O-SSM	33333
	UM_2	1
	0.489363	0
	0.524458
PRED	O-SSM	33333
	UM_2	0
	0.352869	0
	1.832585
PRED	O-SSM	33333
	UM_2	0
	0.494975	0
	0.472369
PRED	O-SSM	33333
	UM_2	0
	0.488485	0
	0.532607
PRED	O-SSM	33333
	UM_2	0
	0.401540	0
	1.351457
PRED	O-SSM	33333
	UM_2	0
	0.398468	0
	1.381150
PRED	O-SSM	33333
	UM_2	0
	0.412771	0
	1.243518
PRED	O-SSM	33333
	UM_2	0
	0.376496	0
	1.595951
PRED	O-SSM	33333
	UM_2	0
	0.432961	0
	1.051578
PRED	O-SSM	33333
	UM_2	0
	0.477488	0
	0.634774
PRED	O-SSM	33333
	UM_2	0
	0.516012	1
	0.277106
PRED	O-SSM	33333
	UM_2	0
	0.474001	0
	0.667210
PRED	O-SSM	33333
	UM_2	0
	0.429494	0
	1.084362
PRED	O-SSM	33333
	OHSU	1
	0.502699	1
	1.450291
PRED	O-SSM	33333
	OHSU	1
	0.423458	0
	0.933082
PRED	O-SSM	33333
	OHSU	1
	0.516786	1
	1.541576
PRED	O-SSM	33333
	OHSU	1
	0.392234	0
	0.723640
PRED	O-SSM	33333
	OHSU	1
	0.457841	0
	1.159076
PRED	O-SSM	33333
	OHSU	1
	0.403018	0
	0.796550
PRED	O-SSM	33333
	OHSU	1
	0.486014	0
	1.342186
PRED	O-SSM	33333
	OHSU	1
	0.415175	0
	0.877994
PRED	O-SSM	33333
	OHSU	1
	0.439024	0
	1.035860
PRED	O-SSM	33333
	OHSU	1
	0.528267	1
	1.616100
PRED	O-SSM	33333
	OHSU	1
	0.494145	0
	1.394878
PRED	O-SSM	33333
	OHSU	1
	0.373563	0
	0.595658
PRED	O-SSM	33333
	OHSU	0
	0.418152	0
	0.897825
PRED	O-SSM	33333
	OHSU	0
	0.465727	0
	1.210458
PRED	O-SSM	33333
	OHSU	0
	0.618898	1
	2.217989
PRED	O-SSM	33333
	OHSU	0
	0.550757	1
	1.762720
PRED	O-SSM	33333
	OHSU	0
	0.296830	0
	0.036204
PRED	O-SSM	33333
	OHSU	0
	0.522682	1
	1.579828
PRED	O-SSM	33333
	OHSU	0
	0.350838	0
	0.436323
PRED	O-SSM	33333
	OHSU	0
	0.488582	0
	1.358830
PRED	O-SSM	33333
	OHSU	0
	0.376721	0
	0.617473
PRED	O-SSM	33333
	OHSU	0
	0.537152	1
	1.673899
PRED	O-SSM	33333
	OHSU	0
	0.422964	0
	0.929806
PRED	O-SSM	33333
	OHSU	0
	0.323828	0
	0.240576
  O-SSM    33333
   acc=48.200000% bal=48.237179% sites=20
/20
 test_n=500
 assoc=1.012984
PRED	O-SSM	12321
	NYU	1
	0.373993	0
	0.399961
PRED	O-SSM	12321
	NYU	1
	0.375465	0
	0.503420
PRED	O-SSM	12321
	NYU	1
	0.374021	0
	0.401908
PRED	O-SSM	12321
	NYU	1
	0.377241	0
	0.628120
PRED	O-SSM	12321
	NYU	1
	0.390659	0
	1.562659
PRED	O-SSM	12321
	NYU	1
	0.382512	0
	0.996696
PRED	O-SSM	12321
	NYU	1
	0.387136	0
	1.318502
PRED	O-SSM	12321
	NYU	1
	0.384867	0
	1.160746
PRED	O-SSM	12321
	NYU	1
	0.376408	0
	0.569693
PRED	O-SSM	12321
	NYU	1
	0.395512	0
	1.897787
PRED	O-SSM	12321
	NYU	1
	0.377775	0
	0.665502
PRED	O-SSM	12321
	NYU	1
	0.389170	0
	1.459538
PRED	O-SSM	12321
	NYU	1
	0.380794	0
	0.876755
PRED	O-SSM	12321
	NYU	0
	0.384470	0
	1.133113
PRED	O-SSM	12321
	NYU	0
	0.380475	0
	0.854498
PRED	O-SSM	12321
	NYU	0
	0.390968	0
	1.584025
PRED	O-SSM	12321
	NYU	0
	0.384918	0
	1.164337
PRED	O-SSM	12321
	NYU	0
	0.380098	0
	0.828170
PRED	O-SSM	12321
	NYU	0
	0.383420	0
	1.059976
PRED	O-SSM	12321
	NYU	0
	0.391310	0
	1.607739
PRED	O-SSM	12321
	NYU	0
	0.387642	0
	1.353568
PRED	O-SSM	12321
	NYU	0
	0.394500	0
	1.828025
PRED	O-SSM	12321
	NYU	0
	0.374249	0
	0.417948
PRED	O-SSM	12321
	NYU	0
	0.371492	0
	0.223735
PRED	O-SSM	12321
	NYU	0
	0.382646	0
	1.006064
PRED	O-SSM	12321
	NYU	0
	0.378301	0
	0.702371
PRED	O-SSM	12321
	UM_1	1
	0.284086	0
	1.093289
PRED	O-SSM	12321
	UM_1	1
	0.318271	0
	0.819389
PRED	O-SSM	12321
	UM_1	1
	0.335934	0
	0.684145
PRED	O-SSM	12321
	UM_1	1
	0.275736	0
	1.163098
PRED	O-SSM	12321
	UM_1	1
	0.384869	0
	0.326023
PRED	O-SSM	12321
	UM_1	1
	0.309173	0
	0.890593
PRED	O-SSM	12321
	UM_1	1
	0.383301	0
	0.337193
PRED	O-SSM	12321
	UM_1	1
	0.348189	0
	0.592388
PRED	O-SSM	12321
	UM_1	1
	0.228828	0
	1.583055
PRED	O-SSM	12321
	UM_1	1
	0.209705	0
	1.771368
PRED	O-SSM	12321
	UM_1	1
	0.282398	0
	1.107303
PRED	O-SSM	12321
	UM_1	1
	0.302423	0
	0.944178
PRED	O-SSM	12321
	UM_1	1
	0.244419	0
	1.437568
PRED	O-SSM	12321
	UM_1	0
	0.285886	0
	1.078411
PRED	O-SSM	12321
	UM_1	0
	0.418841	0
	0.087770
PRED	O-SSM	12321
	UM_1	0
	0.271269	0
	1.200981
PRED	O-SSM	12321
	UM_1	0
	0.325519	0
	0.763434
PRED	O-SSM	12321
	UM_1	0
	0.272480	0
	1.190673
PRED	O-SSM	12321
	UM_1	0
	0.286018	0
	1.077316
PRED	O-SSM	12321
	UM_1	0
	0.270492	0
	1.207609
PRED	O-SSM	12321
	UM_1	0
	0.313329	0
	0.857926
PRED	O-SSM	12321
	UM_1	0
	0.299818	0
	0.965036
PRED	O-SSM	12321
	UM_1	0
	0.111722	0
	3.029342
PRED	O-SSM	12321
	UM_1	0
	0.214484	0
	1.723181
PRED	O-SSM	12321
	UM_1	0
	0.296674	0
	0.990341
PRED	O-SSM	12321
	UM_1	0
	0.388949	0
	0.297040
PRED	O-SSM	12321
	UCLA_1	1
	0.487764	0
	0.842595
PRED	O-SSM	12321
	UCLA_1	1
	0.555466	1
	1.430912
PRED	O-SSM	12321
	UCLA_1	1
	0.493235	0
	0.889996
PRED	O-SSM	12321
	UCLA_1	1
	0.436606	0
	0.396618
PRED	O-SSM	12321
	UCLA_1	1
	0.476128	0
	0.741692
PRED	O-SSM	12321
	UCLA_1	1
	0.501500	1
	0.961574
PRED	O-SSM	12321
	UCLA_1	1
	0.421802	0
	0.265778
PRED	O-SSM	12321
	UCLA_1	1
	0.480405	0
	0.778799
PRED	O-SSM	12321
	UCLA_1	1
	0.537198	1
	1.271322
PRED	O-SSM	12321
	UCLA_1	1
	0.494234	0
	0.898651
PRED	O-SSM	12321
	UCLA_1	1
	0.777799	1
	3.661124
PRED	O-SSM	12321
	UCLA_1	1
	0.480654	0
	0.780961
PRED	O-SSM	12321
	UCLA_1	1
	0.567038	1
	1.532659
PRED	O-SSM	12321
	UCLA_1	0
	0.449329	0
	0.508256
PRED	O-SSM	12321
	UCLA_1	0
	0.480311	0
	0.777986
PRED	O-SSM	12321
	UCLA_1	0
	0.456311	0
	0.569266
PRED	O-SSM	12321
	UCLA_1	0
	0.509552	1
	1.031316
PRED	O-SSM	12321
	UCLA_1	0
	0.480844	0
	0.782608
PRED	O-SSM	12321
	UCLA_1	0
	0.477862	0
	0.756746
PRED	O-SSM	12321
	UCLA_1	0
	0.613727	1
	1.951008
PRED	O-SSM	12321
	UCLA_1	0
	0.511568	1
	1.048781
PRED	O-SSM	12321
	UCLA_1	0
	0.530629	1
	1.214169
PRED	O-SSM	12321
	UCLA_1	0
	0.450808	0
	0.521196
PRED	O-SSM	12321
	UCLA_1	0
	0.516160	1
	1.088579
PRED	O-SSM	12321
	UCLA_1	0
	0.504865	1
	0.990721
PRED	O-SSM	12321
	UCLA_1	0
	0.456694	0
	0.572605
PRED	O-SSM	12321
	YALE	1
	0.327121	0
	1.499216
PRED	O-SSM	12321
	YALE	1
	0.425992	0
	0.714444
PRED	O-SSM	12321
	YALE	1
	0.483839	0
	0.281155
PRED	O-SSM	12321
	YALE	1
	0.292424	0
	1.800506
PRED	O-SSM	12321
	YALE	1
	0.504878	1
	0.124982
PRED	O-SSM	12321
	YALE	1
	0.353243	0
	1.283226
PRED	O-SSM	12321
	YALE	1
	0.434196	0
	0.652346
PRED	O-SSM	12321
	YALE	1
	0.435745	0
	0.640658
PRED	O-SSM	12321
	YALE	1
	0.454075	0
	0.502946
PRED	O-SSM	12321
	YALE	1
	0.397691	0
	0.931265
PRED	O-SSM	12321
	YALE	1
	0.439892	0
	0.609397
PRED	O-SSM	12321
	YALE	1
	0.398625	0
	0.924032
PRED	O-SSM	12321
	YALE	1
	0.457241	0
	0.479265
PRED	O-SSM	12321
	YALE	0
	0.501717	1
	0.148440
PRED	O-SSM	12321
	YALE	0
	0.465039	0
	0.421049
PRED	O-SSM	12321
	YALE	0
	0.342178	0
	1.373742
PRED	O-SSM	12321
	YALE	0
	0.504479	1
	0.127950
PRED	O-SSM	12321
	YALE	0
	0.219537	0
	2.514244
PRED	O-SSM	12321
	YALE	0
	0.380225	0
	1.067614
PRED	O-SSM	12321
	YALE	0
	0.413485	0
	0.809718
PRED	O-SSM	12321
	YALE	0
	0.428508	0
	0.695370
PRED	O-SSM	12321
	YALE	0
	0.397110	0
	0.935763
PRED	O-SSM	12321
	YALE	0
	0.321680	0
	1.545267
PRED	O-SSM	12321
	YALE	0
	0.148887	0
	3.395435
PRED	O-SSM	12321
	YALE	0
	0.438874	0
	0.617063
PRED	O-SSM	12321
	YALE	0
	0.308990	0
	1.654323
PRED	O-SSM	12321
	PITT	1
	0.260854	0
	1.182694
PRED	O-SSM	12321
	PITT	1
	0.186497	0
	1.694229
PRED	O-SSM	12321
	PITT	1
	0.261483	0
	1.178826
PRED	O-SSM	12321
	PITT	1
	0.240433	0
	1.311667
PRED	O-SSM	12321
	PITT	1
	0.224220	0
	1.419494
PRED	O-SSM	12321
	PITT	1
	0.222359	0
	1.432220
PRED	O-SSM	12321
	PITT	1
	0.402413	0
	0.416559
PRED	O-SSM	12321
	PITT	1
	0.270408	0
	1.124610
PRED	O-SSM	12321
	PITT	1
	0.177789	0
	1.763553
PRED	O-SSM	12321
	PITT	1
	0.260573	0
	1.184420
PRED	O-SSM	12321
	PITT	1
	0.185406	0
	1.702773
PRED	O-SSM	12321
	PITT	1
	0.376335	0
	0.546650
PRED	O-SSM	12321
	PITT	1
	0.425025	0
	0.305998
PRED	O-SSM	12321
	PITT	0
	0.284905	0
	1.038888
PRED	O-SSM	12321
	PITT	0
	0.314807	0
	0.869898
PRED	O-SSM	12321
	PITT	0
	0.253887	0
	1.225918
PRED	O-SSM	12321
	PITT	0
	0.303568	0
	0.932298
PRED	O-SSM	12321
	PITT	0
	0.297693	0
	0.965427
PRED	O-SSM	12321
	PITT	0
	0.314563	0
	0.871240
PRED	O-SSM	12321
	PITT	0
	0.338816	0
	0.740451
PRED	O-SSM	12321
	PITT	0
	0.244066	0
	1.288198
PRED	O-SSM	12321
	PITT	0
	0.276824	0
	1.086331
PRED	O-SSM	12321
	PITT	0
	0.229121	0
	1.386341
PRED	O-SSM	12321
	PITT	0
	0.283142	0
	1.049167
PRED	O-SSM	12321
	PITT	0
	0.216286	0
	1.474281
PRED	O-SSM	12321
	PITT	0
	0.221793	0
	1.436103
PRED	O-SSM	12321
	USM	1
	0.327448	0
	0.333615
PRED	O-SSM	12321
	USM	1
	0.365008	0
	0.736729
PRED	O-SSM	12321
	USM	1
	0.320772	0
	0.259637
PRED	O-SSM	12321
	USM	1
	0.396589	0
	1.061996
PRED	O-SSM	12321
	USM	1
	0.404912	0
	1.146138
PRED	O-SSM	12321
	USM	1
	0.459174	0
	1.683515
PRED	O-SSM	12321
	USM	1
	0.338796	0
	0.457632
PRED	O-SSM	12321
	USM	1
	0.395168	0
	1.047574
PRED	O-SSM	12321
	USM	1
	0.404908	0
	1.146093
PRED	O-SSM	12321
	USM	1
	0.387159	0
	0.965944
PRED	O-SSM	12321
	USM	1
	0.323343	0
	0.288218
PRED	O-SSM	12321
	USM	1
	0.324721	0
	0.303493
PRED	O-SSM	12321
	USM	1
	0.414709	0
	1.244470
PRED	O-SSM	12321
	USM	0
	0.322721	0
	0.281322
PRED	O-SSM	12321
	USM	0
	0.360708	0
	0.691574
PRED	O-SSM	12321
	USM	0
	0.422204	0
	1.319232
PRED	O-SSM	12321
	USM	0
	0.340019	0
	0.470875
PRED	O-SSM	12321
	USM	0
	0.387138	0
	0.965727
PRED	O-SSM	12321
	USM	0
	0.401158	0
	1.108262
PRED	O-SSM	12321
	USM	0
	0.384015	0
	0.933727
PRED	O-SSM	12321
	USM	0
	0.386595	0
	0.960168
PRED	O-SSM	12321
	USM	0
	0.307654	0
	0.111837
PRED	O-SSM	12321
	USM	0
	0.316534	0
	0.212247
PRED	O-SSM	12321
	USM	0
	0.344110	0
	0.515000
PRED	O-SSM	12321
	USM	0
	0.335180	0
	0.418339
PRED	O-SSM	12321
	USM	0
	0.347920	0
	0.555870
PRED	O-SSM	12321
	MAX_MUN	1
	0.474791	0
	0.162813
PRED	O-SSM	12321
	MAX_MUN	1
	0.525639	1
	0.626296
PRED	O-SSM	12321
	MAX_MUN	1
	0.631151	1
	1.615590
PRED	O-SSM	12321
	MAX_MUN	1
	0.517558	1
	0.552560
PRED	O-SSM	12321
	MAX_MUN	1
	0.580596	1
	1.133058
PRED	O-SSM	12321
	MAX_MUN	1
	0.650382	1
	1.805847
PRED	O-SSM	12321
	MAX_MUN	1
	0.499856	0
	0.391278
PRED	O-SSM	12321
	MAX_MUN	1
	0.520823	1
	0.582337
PRED	O-SSM	12321
	MAX_MUN	1
	0.560593	1
	0.947151
PRED	O-SSM	12321
	MAX_MUN	1
	0.483574	0
	0.242943
PRED	O-SSM	12321
	MAX_MUN	1
	0.570773	1
	1.041497
PRED	O-SSM	12321
	MAX_MUN	1
	0.562468	1
	0.964488
PRED	O-SSM	12321
	MAX_MUN	1
	0.606019	1
	1.373002
PRED	O-SSM	12321
	MAX_MUN	0
	0.561482	1
	0.955372
PRED	O-SSM	12321
	MAX_MUN	0
	0.541749	1
	0.773694
PRED	O-SSM	12321
	MAX_MUN	0
	0.597570	1
	1.292722
PRED	O-SSM	12321
	MAX_MUN	0
	0.569131	1
	1.026238
PRED	O-SSM	12321
	MAX_MUN	0
	0.613332	1
	1.442970
PRED	O-SSM	12321
	MAX_MUN	0
	0.615996	1
	1.468581
PRED	O-SSM	12321
	MAX_MUN	0
	0.600080	1
	1.316519
PRED	O-SSM	12321
	MAX_MUN	0
	0.595783	1
	1.275816
PRED	O-SSM	12321
	MAX_MUN	0
	0.591952	1
	1.239659
PRED	O-SSM	12321
	MAX_MUN	0
	0.609096	1
	1.402389
PRED	O-SSM	12321
	MAX_MUN	0
	0.587124	1
	1.194224
PRED	O-SSM	12321
	MAX_MUN	0
	0.584563	1
	1.170197
PRED	O-SSM	12321
	MAX_MUN	0
	0.591765	1
	1.237890
PRED	O-SSM	12321
	TRINITY	1
	0.190916	0
	1.544849
PRED	O-SSM	12321
	TRINITY	1
	0.207488	0
	1.260747
PRED	O-SSM	12321
	TRINITY	1
	0.207148	0
	1.266393
PRED	O-SSM	12321
	TRINITY	1
	0.213855	0
	1.156075
PRED	O-SSM	12321
	TRINITY	1
	0.203664	0
	1.324749
PRED	O-SSM	12321
	TRINITY	1
	0.217814	0
	1.092143
PRED	O-SSM	12321
	TRINITY	1
	0.171075	0
	1.911015
PRED	O-SSM	12321
	TRINITY	1
	0.229411	0
	0.909512
PRED	O-SSM	12321
	TRINITY	1
	0.180205	0
	1.738612
PRED	O-SSM	12321
	TRINITY	1
	0.193643	0
	1.496850
PRED	O-SSM	12321
	TRINITY	1
	0.206566	0
	1.276090
PRED	O-SSM	12321
	TRINITY	1
	0.230487	0
	0.892909
PRED	O-SSM	12321
	TRINITY	1
	0.218336	0
	1.083768
PRED	O-SSM	12321
	TRINITY	0
	0.248202	0
	0.626828
PRED	O-SSM	12321
	TRINITY	0
	0.250395	0
	0.594806
PRED	O-SSM	12321
	TRINITY	0
	0.207071	0
	1.267687
PRED	O-SSM	12321
	TRINITY	0
	0.243266	0
	0.699632
PRED	O-SSM	12321
	TRINITY	0
	0.253660	0
	0.547457
PRED	O-SSM	12321
	TRINITY	0
	0.225391	0
	0.972060
PRED	O-SSM	12321
	TRINITY	0
	0.266179	0
	0.369535
PRED	O-SSM	12321
	TRINITY	0
	0.229054	0
	0.915029
PRED	O-SSM	12321
	TRINITY	0
	0.267107	0
	0.356573
PRED	O-SSM	12321
	TRINITY	0
	0.174130	0
	1.852545
PRED	O-SSM	12321
	TRINITY	0
	0.202579	0
	1.343072
PRED	O-SSM	12321
	TRINITY	0
	0.232837	0
	0.856809
PRED	O-SSM	12321
	TRINITY	0
	0.222157	0
	1.022948
PRED	O-SSM	12321
	KKI	1
	0.432711	0
	1.027193
PRED	O-SSM	12321
	KKI	1
	0.422567	0
	1.149600
PRED	O-SSM	12321
	KKI	1
	0.438641	0
	0.955964
PRED	O-SSM	12321
	KKI	1
	0.442552	0
	0.909110
PRED	O-SSM	12321
	KKI	1
	0.417703	0
	1.208553
PRED	O-SSM	12321
	KKI	1
	0.439635	0
	0.944053
PRED	O-SSM	12321
	KKI	1
	0.403662	0
	1.379907
PRED	O-SSM	12321
	KKI	1
	0.400479	0
	1.419005
PRED	O-SSM	12321
	KKI	1
	0.358446	0
	1.946584
PRED	O-SSM	12321
	KKI	1
	0.459119	0
	0.711476
PRED	O-SSM	12321
	KKI	1
	0.370432	0
	1.793751
PRED	O-SSM	12321
	KKI	1
	0.457258	0
	0.733615
PRED	O-SSM	12321
	KKI	1
	0.486680	0
	0.384853
PRED	O-SSM	12321
	KKI	0
	0.403447	0
	1.382536
PRED	O-SSM	12321
	KKI	0
	0.436308	0
	0.983970
PRED	O-SSM	12321
	KKI	0
	0.384547	0
	1.616346
PRED	O-SSM	12321
	KKI	0
	0.357957	0
	1.952869
PRED	O-SSM	12321
	KKI	0
	0.433879	0
	1.013150
PRED	O-SSM	12321
	KKI	0
	0.486510	0
	0.386863
PRED	O-SSM	12321
	KKI	0
	0.370964	0
	1.787023
PRED	O-SSM	12321
	KKI	0
	0.409257	0
	1.311414
PRED	O-SSM	12321
	KKI	0
	0.474160	0
	0.532990
PRED	O-SSM	12321
	KKI	0
	0.486434	0
	0.387760
PRED	O-SSM	12321
	KKI	0
	0.426662	0
	1.100099
PRED	O-SSM	12321
	KKI	0
	0.467031	0
	0.617495
PRED	O-SSM	12321
	KKI	0
	0.425310	0
	1.116430
PRED	O-SSM	12321
	STANFORD	1
	0.820873	1
	2.117505
PRED	O-SSM	12321
	STANFORD	1
	0.700633	1
	1.168577
PRED	O-SSM	12321
	STANFORD	1
	0.983596	1
	5.748874
PRED	O-SSM	12321
	STANFORD	1
	0.766397	1
	1.645563
PRED	O-SSM	12321
	STANFORD	1
	0.731728	1
	1.384771
PRED	O-SSM	12321
	STANFORD	1
	0.754576	1
	1.553895
PRED	O-SSM	12321
	STANFORD	1
	0.711277	1
	1.240991
PRED	O-SSM	12321
	STANFORD	1
	0.631532	1
	0.728654
PRED	O-SSM	12321
	STANFORD	1
	0.713433	1
	1.255854
PRED	O-SSM	12321
	STANFORD	1
	0.703859	1
	1.190362
PRED	O-SSM	12321
	STANFORD	1
	0.782773	1
	1.778052
PRED	O-SSM	12321
	STANFORD	1
	0.598357	1
	0.530703
PRED	O-SSM	12321
	STANFORD	1
	0.578781	1
	0.416525
PRED	O-SSM	12321
	STANFORD	0
	0.710572	1
	1.236146
PRED	O-SSM	12321
	STANFORD	0
	0.798651	1
	1.913606
PRED	O-SSM	12321
	STANFORD	0
	0.600680	1
	0.544366
PRED	O-SSM	12321
	STANFORD	0
	0.674654	1
	0.997698
PRED	O-SSM	12321
	STANFORD	0
	0.686488	1
	1.074577
PRED	O-SSM	12321
	STANFORD	0
	0.719107	1
	1.295282
PRED	O-SSM	12321
	STANFORD	0
	0.519490	1
	0.077924
PRED	O-SSM	12321
	STANFORD	0
	0.607679	1
	0.585697
PRED	O-SSM	12321
	STANFORD	0
	0.723111	1
	1.323396
PRED	O-SSM	12321
	STANFORD	0
	0.572705	1
	0.381399
PRED	O-SSM	12321
	STANFORD	0
	0.631454	1
	0.728178
PRED	O-SSM	12321
	STANFORD	0
	0.737203	1
	1.424418
PRED	O-SSM	12321
	STANFORD	0
	0.622835	1
	0.676127
PRED	O-SSM	12321
	CALTECH	1
	0.518265	1
	0.547509
PRED	O-SSM	12321
	CALTECH	1
	0.518651	1
	0.569151
PRED	O-SSM	12321
	CALTECH	1
	0.515217	1
	0.376351
PRED	O-SSM	12321
	CALTECH	1
	0.517016	1
	0.477361
PRED	O-SSM	12321
	CALTECH	1
	0.529610	1
	1.185199
PRED	O-SSM	12321
	CALTECH	1
	0.537596	1
	1.635125
PRED	O-SSM	12321
	CALTECH	1
	0.518448	1
	0.557769
PRED	O-SSM	12321
	CALTECH	1
	0.530148	1
	1.215485
PRED	O-SSM	12321
	CALTECH	1
	0.511154	1
	0.148310
PRED	O-SSM	12321
	CALTECH	1
	0.560517	1
	2.933305
PRED	O-SSM	12321
	CALTECH	1
	0.520693	1
	0.683849
PRED	O-SSM	12321
	CALTECH	1
	0.513632	1
	0.287400
PRED	O-SSM	12321
	CALTECH	0
	0.530424	1
	1.231036
PRED	O-SSM	12321
	CALTECH	0
	0.522765	1
	0.800284
PRED	O-SSM	12321
	CALTECH	0
	0.511349	1
	0.159269
PRED	O-SSM	12321
	CALTECH	0
	0.529920	1
	1.202658
PRED	O-SSM	12321
	CALTECH	0
	0.525004	1
	0.926122
PRED	O-SSM	12321
	CALTECH	0
	0.529710	1
	1.190847
PRED	O-SSM	12321
	CALTECH	0
	0.530498	1
	1.235200
PRED	O-SSM	12321
	CALTECH	0
	0.510921	1
	0.135286
PRED	O-SSM	12321
	CALTECH	0
	0.517491	1
	0.504047
PRED	O-SSM	12321
	CALTECH	0
	0.524482	1
	0.896770
PRED	O-SSM	12321
	CALTECH	0
	0.528697	1
	1.133845
PRED	O-SSM	12321
	CALTECH	0
	0.514672	1
	0.345746
PRED	O-SSM	12321
	LEUVEN_2	1
	0.698136	1
	1.813063
PRED	O-SSM	12321
	LEUVEN_2	1
	0.667846	1
	1.094065
PRED	O-SSM	12321
	LEUVEN_2	1
	0.634639	1
	0.342675
PRED	O-SSM	12321
	LEUVEN_2	1
	0.698908	1
	1.831881
PRED	O-SSM	12321
	LEUVEN_2	1
	0.640517	1
	0.473339
PRED	O-SSM	12321
	LEUVEN_2	1
	0.667028	1
	1.075150
PRED	O-SSM	12321
	LEUVEN_2	1
	0.666284	1
	1.057954
PRED	O-SSM	12321
	LEUVEN_2	1
	0.667045	1
	1.075525
PRED	O-SSM	12321
	LEUVEN_2	1
	0.663513	1
	0.994072
PRED	O-SSM	12321
	LEUVEN_2	1
	0.674042	1
	1.238217
PRED	O-SSM	12321
	LEUVEN_2	1
	0.651967	1
	0.730598
PRED	O-SSM	12321
	LEUVEN_2	1
	0.694369	1
	1.721561
PRED	O-SSM	12321
	LEUVEN_2	0
	0.663700	1
	0.998357
PRED	O-SSM	12321
	LEUVEN_2	0
	0.671140	1
	1.170539
PRED	O-SSM	12321
	LEUVEN_2	0
	0.679856	1
	1.374791
PRED	O-SSM	12321
	LEUVEN_2	0
	0.675060	1
	1.262039
PRED	O-SSM	12321
	LEUVEN_2	0
	0.633944	1
	0.327270
PRED	O-SSM	12321
	LEUVEN_2	0
	0.631830	1
	0.280537
PRED	O-SSM	12321
	LEUVEN_2	0
	0.690310	1
	1.623696
PRED	O-SSM	12321
	LEUVEN_2	0
	0.637360	1
	0.403050
PRED	O-SSM	12321
	LEUVEN_2	0
	0.703566	1
	1.946097
PRED	O-SSM	12321
	LEUVEN_2	0
	0.662959	1
	0.981314
PRED	O-SSM	12321
	LEUVEN_2	0
	0.656545	1
	0.834560
PRED	O-SSM	12321
	LEUVEN_2	0
	0.643522	1
	0.540493
PRED	O-SSM	12321
	OLIN	1
	0.513282	1
	1.143456
PRED	O-SSM	12321
	OLIN	1
	0.455834	0
	0.144406
PRED	O-SSM	12321
	OLIN	1
	0.457554	0
	0.174476
PRED	O-SSM	12321
	OLIN	1
	0.465534	0
	0.313789
PRED	O-SSM	12321
	OLIN	1
	0.465896	0
	0.320101
PRED	O-SSM	12321
	OLIN	1
	0.478298	0
	0.536015
PRED	O-SSM	12321
	OLIN	1
	0.486682	0
	0.681709
PRED	O-SSM	12321
	OLIN	1
	0.516864	1
	1.205677
PRED	O-SSM	12321
	OLIN	1
	0.476442	0
	0.503745
PRED	O-SSM	12321
	OLIN	1
	0.458021	0
	0.182643
PRED	O-SSM	12321
	OLIN	1
	0.459908	0
	0.215607
PRED	O-SSM	12321
	OLIN	1
	0.539195	1
	1.594510
PRED	O-SSM	12321
	OLIN	0
	0.525012	1
	1.347322
PRED	O-SSM	12321
	OLIN	0
	0.459625	0
	0.210669
PRED	O-SSM	12321
	OLIN	0
	0.492555	0
	0.783676
PRED	O-SSM	12321
	OLIN	0
	0.469025	0
	0.374635
PRED	O-SSM	12321
	OLIN	0
	0.506616	1
	1.027715
PRED	O-SSM	12321
	OLIN	0
	0.459504	0
	0.208549
PRED	O-SSM	12321
	OLIN	0
	0.470812	0
	0.405758
PRED	O-SSM	12321
	OLIN	0
	0.544217	1
	1.682265
PRED	O-SSM	12321
	OLIN	0
	0.505924	1
	1.015699
PRED	O-SSM	12321
	OLIN	0
	0.513458	1
	1.146504
PRED	O-SSM	12321
	OLIN	0
	0.481802	0
	0.596938
PRED	O-SSM	12321
	OLIN	0
	0.496657	0
	0.854877
PRED	O-SSM	12321
	SBL	1
	0.411806	0
	1.684928
PRED	O-SSM	12321
	SBL	1
	0.418317	0
	1.626510
PRED	O-SSM	12321
	SBL	1
	0.499683	0
	0.911150
PRED	O-SSM	12321
	SBL	1
	0.426609	0
	1.552481
PRED	O-SSM	12321
	SBL	1
	0.585338	1
	0.157504
PRED	O-SSM	12321
	SBL	1
	0.491436	0
	0.983007
PRED	O-SSM	12321
	SBL	1
	0.478433	0
	1.096416
PRED	O-SSM	12321
	SBL	1
	0.419886	0
	1.612468
PRED	O-SSM	12321
	SBL	1
	0.478263	0
	1.097897
PRED	O-SSM	12321
	SBL	1
	0.491409	0
	0.983247
PRED	O-SSM	12321
	SBL	1
	0.550445	1
	0.467364
PRED	O-SSM	12321
	SBL	1
	0.407299	0
	1.725521
PRED	O-SSM	12321
	SBL	0
	0.448947	0
	1.354759
PRED	O-SSM	12321
	SBL	0
	0.512613	1
	0.798468
PRED	O-SSM	12321
	SBL	0
	0.575580	1
	0.244789
PRED	O-SSM	12321
	SBL	0
	0.462990	0
	1.231441
PRED	O-SSM	12321
	SBL	0
	0.464059	0
	1.222074
PRED	O-SSM	12321
	SBL	0
	0.548633	1
	0.483312
PRED	O-SSM	12321
	SBL	0
	0.532192	1
	0.627516
PRED	O-SSM	12321
	SBL	0
	0.543312	1
	0.530071
PRED	O-SSM	12321
	SBL	0
	0.490663	0
	0.989751
PRED	O-SSM	12321
	SBL	0
	0.540380	1
	0.555792
PRED	O-SSM	12321
	SBL	0
	0.469182	0
	1.177238
PRED	O-SSM	12321
	SBL	0
	0.429488	0
	1.526864
PRED	O-SSM	12321
	LEUVEN_1	1
	0.212185	0
	1.033488
PRED	O-SSM	12321
	LEUVEN_1	1
	0.318656	0
	0.538329
PRED	O-SSM	12321
	LEUVEN_1	1
	0.208112	0
	1.055502
PRED	O-SSM	12321
	LEUVEN_1	1
	0.161390	0
	1.335073
PRED	O-SSM	12321
	LEUVEN_1	1
	0.283803	0
	0.687023
PRED	O-SSM	12321
	LEUVEN_1	1
	0.204241	0
	1.076723
PRED	O-SSM	12321
	LEUVEN_1	1
	0.406207	0
	0.197112
PRED	O-SSM	12321
	LEUVEN_1	1
	0.277285	0
	0.715998
PRED	O-SSM	12321
	LEUVEN_1	1
	0.300952	0
	0.612635
PRED	O-SSM	12321
	LEUVEN_1	1
	0.310278	0
	0.573201
PRED	O-SSM	12321
	LEUVEN_1	1
	0.267625	0
	0.759733
PRED	O-SSM	12321
	LEUVEN_1	1
	0.122287	0
	1.624909
PRED	O-SSM	12321
	LEUVEN_1	0
	0.141418	0
	1.474725
PRED	O-SSM	12321
	LEUVEN_1	0
	0.225387	0
	0.964163
PRED	O-SSM	12321
	LEUVEN_1	0
	0.343564	0
	0.437382
PRED	O-SSM	12321
	LEUVEN_1	0
	0.230734	0
	0.936910
PRED	O-SSM	12321
	LEUVEN_1	0
	0.184161	0
	1.191945
PRED	O-SSM	12321
	LEUVEN_1	0
	0.176680	0
	1.237347
PRED	O-SSM	12321
	LEUVEN_1	0
	0.320589	0
	0.530355
PRED	O-SSM	12321
	LEUVEN_1	0
	0.232956	0
	0.925716
PRED	O-SSM	12321
	LEUVEN_1	0
	0.317971	0
	0.541162
PRED	O-SSM	12321
	LEUVEN_1	0
	0.364992	0
	0.353318
PRED	O-SSM	12321
	LEUVEN_1	0
	0.311332	0
	0.568786
PRED	O-SSM	12321
	LEUVEN_1	0
	0.396839	0
	0.232092
PRED	O-SSM	12321
	SDSU	1
	0.654178	1
	0.456950
PRED	O-SSM	12321
	SDSU	1
	0.680384	1
	0.608325
PRED	O-SSM	12321
	SDSU	1
	0.675171	1
	0.577724
PRED	O-SSM	12321
	SDSU	1
	0.643510	1
	0.396922
PRED	O-SSM	12321
	SDSU	1
	0.831238	1
	1.683731
PRED	O-SSM	12321
	SDSU	1
	0.788818	1
	1.329132
PRED	O-SSM	12321
	SDSU	1
	0.623196	1
	0.284759
PRED	O-SSM	12321
	SDSU	1
	0.722278	1
	0.865036
PRED	O-SSM	12321
	SDSU	1
	0.774601	1
	1.222296
PRED	O-SSM	12321
	SDSU	1
	0.832919	1
	1.699161
PRED	O-SSM	12321
	SDSU	1
	0.669828	1
	0.546622
PRED	O-SSM	12321
	SDSU	1
	0.816349	1
	1.552174
PRED	O-SSM	12321
	SDSU	0
	0.827690	1
	1.651575
PRED	O-SSM	12321
	SDSU	0
	0.794869	1
	1.376202
PRED	O-SSM	12321
	SDSU	0
	0.586605	1
	0.088384
PRED	O-SSM	12321
	SDSU	0
	0.907228	1
	2.562918
PRED	O-SSM	12321
	SDSU	0
	0.716466	1
	0.828128
PRED	O-SSM	12321
	SDSU	0
	0.739354	1
	0.976338
PRED	O-SSM	12321
	SDSU	0
	0.745787	1
	1.019486
PRED	O-SSM	12321
	SDSU	0
	0.863350	1
	2.002898
PRED	O-SSM	12321
	SDSU	0
	0.742247	1
	0.995654
PRED	O-SSM	12321
	SDSU	0
	0.778970	1
	1.254601
PRED	O-SSM	12321
	SDSU	0
	0.692665	1
	0.681486
PRED	O-SSM	12321
	SDSU	0
	0.769228	1
	1.183176
PRED	O-SSM	12321
	CMU	1
	0.623529	1
	1.169173
PRED	O-SSM	12321
	CMU	1
	0.513104	1
	0.065649
PRED	O-SSM	12321
	CMU	1
	0.535072	1
	0.280650
PRED	O-SSM	12321
	CMU	1
	0.529263	1
	0.223709
PRED	O-SSM	12321
	CMU	1
	0.586616	1
	0.791922
PRED	O-SSM	12321
	CMU	1
	0.538620	1
	0.315487
PRED	O-SSM	12321
	CMU	1
	0.510040	1
	0.035718
PRED	O-SSM	12321
	CMU	1
	0.628537	1
	1.221380
PRED	O-SSM	12321
	CMU	1
	0.579647	1
	0.721953
PRED	O-SSM	12321
	CMU	1
	0.575970	1
	0.685166
PRED	O-SSM	12321
	CMU	1
	0.526493	1
	0.196575
PRED	O-SSM	12321
	CMU	1
	0.531961	1
	0.250147
PRED	O-SSM	12321
	CMU	0
	0.566357	1
	0.589368
PRED	O-SSM	12321
	CMU	0
	0.548903	1
	0.416651
PRED	O-SSM	12321
	CMU	0
	0.518476	1
	0.118151
PRED	O-SSM	12321
	CMU	0
	0.603498	1
	0.962950
PRED	O-SSM	12321
	CMU	0
	0.605817	1
	0.986625
PRED	O-SSM	12321
	CMU	0
	0.565784	1
	0.583678
PRED	O-SSM	12321
	CMU	0
	0.651246	1
	1.461973
PRED	O-SSM	12321
	CMU	0
	0.601858	1
	0.946232
PRED	O-SSM	12321
	CMU	0
	0.619922	1
	1.131740
PRED	O-SSM	12321
	CMU	0
	0.642555	1
	1.369102
PRED	O-SSM	12321
	CMU	0
	0.559171	1
	0.518085
PRED	O-SSM	12321
	CMU	0
	0.627583	1
	1.211415
PRED	O-SSM	12321
	UCLA_2	1
	0.533723	1
	0.805055
PRED	O-SSM	12321
	UCLA_2	1
	0.541711	1
	0.966720
PRED	O-SSM	12321
	UCLA_2	1
	0.535913	1
	0.849336
PRED	O-SSM	12321
	UCLA_2	1
	0.562414	1
	1.387952
PRED	O-SSM	12321
	UCLA_2	1
	0.500952	1
	0.144589
PRED	O-SSM	12321
	UCLA_2	1
	0.530443	1
	0.738776
PRED	O-SSM	12321
	UCLA_2	1
	0.532919	1
	0.788808
PRED	O-SSM	12321
	UCLA_2	1
	0.557193	1
	1.281360
PRED	O-SSM	12321
	UCLA_2	1
	0.556678	1
	1.270871
PRED	O-SSM	12321
	UCLA_2	1
	0.520537	1
	0.538910
PRED	O-SSM	12321
	UCLA_2	1
	0.564308	1
	1.426693
PRED	O-SSM	12321
	UCLA_2	1
	0.559234	1
	1.323003
PRED	O-SSM	12321
	UCLA_2	0
	0.509332	1
	0.313232
PRED	O-SSM	12321
	UCLA_2	0
	0.535488	1
	0.840741
PRED	O-SSM	12321
	UCLA_2	0
	0.509644	1
	0.319513
PRED	O-SSM	12321
	UCLA_2	0
	0.531802	1
	0.766238
PRED	O-SSM	12321
	UCLA_2	0
	0.536013	1
	0.851359
PRED	O-SSM	12321
	UCLA_2	0
	0.507972	1
	0.285863
PRED	O-SSM	12321
	UCLA_2	0
	0.548088	1
	1.096087
PRED	O-SSM	12321
	UCLA_2	0
	0.528497	1
	0.699476
PRED	O-SSM	12321
	UCLA_2	0
	0.566019	1
	1.461701
PRED	O-SSM	12321
	UCLA_2	0
	0.616374	1
	2.510905
PRED	O-SSM	12321
	UCLA_2	0
	0.558061	1
	1.299067
PRED	O-SSM	12321
	UCLA_2	0
	0.558111	1
	1.300090
PRED	O-SSM	12321
	UM_2	1
	0.660194	1
	2.139093
PRED	O-SSM	12321
	UM_2	1
	0.714508	1
	1.302058
PRED	O-SSM	12321
	UM_2	1
	0.781282	1
	0.126035
PRED	O-SSM	12321
	UM_2	1
	0.738602	1
	0.900978
PRED	O-SSM	12321
	UM_2	1
	0.694981	1
	1.612354
PRED	O-SSM	12321
	UM_2	1
	0.745818	1
	0.776308
PRED	O-SSM	12321
	UM_2	1
	0.735689	1
	0.950680
PRED	O-SSM	12321
	UM_2	1
	0.756047	1
	0.595499
PRED	O-SSM	12321
	UM_2	1
	0.667021	1
	2.038007
PRED	O-SSM	12321
	UM_2	1
	0.699982	1
	1.533999
PRED	O-SSM	12321
	UM_2	1
	0.762981	1
	0.470008
PRED	O-SSM	12321
	UM_2	1
	0.766392	1
	0.407352
PRED	O-SSM	12321
	UM_2	0
	0.699252	1
	1.545491
PRED	O-SSM	12321
	UM_2	0
	0.764686	1
	0.438768
PRED	O-SSM	12321
	UM_2	0
	0.763644	1
	0.457876
PRED	O-SSM	12321
	UM_2	0
	0.720957	1
	1.196841
PRED	O-SSM	12321
	UM_2	0
	0.744817	1
	0.793738
PRED	O-SSM	12321
	UM_2	0
	0.711478	1
	1.351014
PRED	O-SSM	12321
	UM_2	0
	0.713420	1
	1.319673
PRED	O-SSM	12321
	UM_2	0
	0.727339	1
	1.091223
PRED	O-SSM	12321
	UM_2	0
	0.752630	1
	0.656465
PRED	O-SSM	12321
	UM_2	0
	0.771865	1
	0.305461
PRED	O-SSM	12321
	UM_2	0
	0.746925	1
	0.756987
PRED	O-SSM	12321
	UM_2	0
	0.732513	1
	1.004456
PRED	O-SSM	12321
	OHSU	1
	0.368718	0
	1.240385
PRED	O-SSM	12321
	OHSU	1
	0.365980	0
	0.678037
PRED	O-SSM	12321
	OHSU	1
	0.372628	0
	2.040450
PRED	O-SSM	12321
	OHSU	1
	0.366557	0
	0.796685
PRED	O-SSM	12321
	OHSU	1
	0.367065	0
	0.901053
PRED	O-SSM	12321
	OHSU	1
	0.365098	0
	0.496559
PRED	O-SSM	12321
	OHSU	1
	0.367044	0
	0.896897
PRED	O-SSM	12321
	OHSU	1
	0.366011	0
	0.684444
PRED	O-SSM	12321
	OHSU	1
	0.366531	0
	0.791442
PRED	O-SSM	12321
	OHSU	1
	0.368559	0
	1.207763
PRED	O-SSM	12321
	OHSU	1
	0.367560	0
	1.002853
PRED	O-SSM	12321
	OHSU	1
	0.365049	0
	0.486449
PRED	O-SSM	12321
	OHSU	0
	0.368844	0
	1.266252
PRED	O-SSM	12321
	OHSU	0
	0.367919	0
	1.076438
PRED	O-SSM	12321
	OHSU	0
	0.373699	0
	2.258824
PRED	O-SSM	12321
	OHSU	0
	0.370583	0
	1.622296
PRED	O-SSM	12321
	OHSU	0
	0.362833	0
	0.029656
PRED	O-SSM	12321
	OHSU	0
	0.368977	0
	1.293462
PRED	O-SSM	12321
	OHSU	0
	0.363926	0
	0.255106
PRED	O-SSM	12321
	OHSU	0
	0.369947	0
	1.492299
PRED	O-SSM	12321
	OHSU	0
	0.366253	0
	0.734339
PRED	O-SSM	12321
	OHSU	0
	0.368000	0
	1.093188
PRED	O-SSM	12321
	OHSU	0
	0.367537	0
	0.998115
PRED	O-SSM	12321
	OHSU	0
	0.364071	0
	0.285146
  O-SSM    12321
   acc=47.800000% bal=47.788462% sites=20
/20
 test_n=500
 assoc=0.979207
PRED	O-SSM	24680
	NYU	1
	0.553775	1
	0.271521
PRED	O-SSM	24680
	NYU	1
	0.529544	1
	0.560758
PRED	O-SSM	24680
	NYU	1
	0.540425	1
	0.431162
PRED	O-SSM	24680
	NYU	1
	0.519823	1
	0.676252
PRED	O-SSM	24680
	NYU	1
	0.476946	0
	1.184709
PRED	O-SSM	24680
	NYU	1
	0.482797	0
	1.115257
PRED	O-SSM	24680
	NYU	1
	0.470973	0
	1.255696
PRED	O-SSM	24680
	NYU	1
	0.472106	0
	1.242219
PRED	O-SSM	24680
	NYU	1
	0.529357	1
	0.562986
PRED	O-SSM	24680
	NYU	1
	0.414770	0
	1.931339
PRED	O-SSM	24680
	NYU	1
	0.521998	1
	0.650427
PRED	O-SSM	24680
	NYU	1
	0.420749	0
	1.858513
PRED	O-SSM	24680
	NYU	1
	0.485328	0
	1.085228
PRED	O-SSM	24680
	NYU	0
	0.490272	0
	1.026605
PRED	O-SSM	24680
	NYU	0
	0.518533	1
	0.691560
PRED	O-SSM	24680
	NYU	0
	0.473908	0
	1.220809
PRED	O-SSM	24680
	NYU	0
	0.493131	0
	0.992704
PRED	O-SSM	24680
	NYU	0
	0.537188	1
	0.469760
PRED	O-SSM	24680
	NYU	0
	0.506061	1
	0.839460
PRED	O-SSM	24680
	NYU	0
	0.481587	0
	1.129615
PRED	O-SSM	24680
	NYU	0
	0.483619	0
	1.105509
PRED	O-SSM	24680
	NYU	0
	0.421915	0
	1.844335
PRED	O-SSM	24680
	NYU	0
	0.541906	1
	0.413487
PRED	O-SSM	24680
	NYU	0
	0.555932	1
	0.245643
PRED	O-SSM	24680
	NYU	0
	0.493123	0
	0.992807
PRED	O-SSM	24680
	NYU	0
	0.523358	1
	0.634276
PRED	O-SSM	24680
	UM_1	1
	0.455238	0
	1.729814
PRED	O-SSM	24680
	UM_1	1
	0.451153	0
	1.045632
PRED	O-SSM	24680
	UM_1	1
	0.450537	0
	0.942381
PRED	O-SSM	24680
	UM_1	1
	0.454816	0
	1.659137
PRED	O-SSM	24680
	UM_1	1
	0.446394	0
	0.247122
PRED	O-SSM	24680
	UM_1	1
	0.451393	0
	1.085856
PRED	O-SSM	24680
	UM_1	1
	0.447585	0
	0.447173
PRED	O-SSM	24680
	UM_1	1
	0.448632	0
	0.622741
PRED	O-SSM	24680
	UM_1	1
	0.456169	0
	1.885632
PRED	O-SSM	24680
	UM_1	1
	0.452334	0
	1.243556
PRED	O-SSM	24680
	UM_1	1
	0.452592	0
	1.286679
PRED	O-SSM	24680
	UM_1	1
	0.448896	0
	0.667163
PRED	O-SSM	24680
	UM_1	1
	0.452797	0
	1.321023
PRED	O-SSM	24680
	UM_1	0
	0.451227	0
	1.057933
PRED	O-SSM	24680
	UM_1	0
	0.445585	0
	0.111188
PRED	O-SSM	24680
	UM_1	0
	0.452435	0
	1.260382
PRED	O-SSM	24680
	UM_1	0
	0.447558	0
	0.442638
PRED	O-SSM	24680
	UM_1	0
	0.451497	0
	1.103216
PRED	O-SSM	24680
	UM_1	0
	0.450675	0
	0.965395
PRED	O-SSM	24680
	UM_1	0
	0.451785	0
	1.151528
PRED	O-SSM	24680
	UM_1	0
	0.450245	0
	0.893323
PRED	O-SSM	24680
	UM_1	0
	0.454979	0
	1.686490
PRED	O-SSM	24680
	UM_1	0
	0.455345	0
	1.747611
PRED	O-SSM	24680
	UM_1	0
	0.454252	0
	1.564689
PRED	O-SSM	24680
	UM_1	0
	0.454340	0
	1.579385
PRED	O-SSM	24680
	UM_1	0
	0.446227	0
	0.219034
PRED	O-SSM	24680
	UCLA_1	1
	0.363734	0
	1.029228
PRED	O-SSM	24680
	UCLA_1	1
	0.363417	0
	1.147151
PRED	O-SSM	24680
	UCLA_1	1
	0.362721	0
	1.406054
PRED	O-SSM	24680
	UCLA_1	1
	0.365362	0
	0.424784
PRED	O-SSM	24680
	UCLA_1	1
	0.364112	0
	0.888648
PRED	O-SSM	24680
	UCLA_1	1
	0.363689	0
	1.046129
PRED	O-SSM	24680
	UCLA_1	1
	0.366075	0
	0.160267
PRED	O-SSM	24680
	UCLA_1	1
	0.364014	0
	0.925335
PRED	O-SSM	24680
	UCLA_1	1
	0.363812	0
	1.000469
PRED	O-SSM	24680
	UCLA_1	1
	0.363780	0
	1.012236
PRED	O-SSM	24680
	UCLA_1	1
	0.356695	0
	3.656571
PRED	O-SSM	24680
	UCLA_1	1
	0.364509	0
	0.741381
PRED	O-SSM	24680
	UCLA_1	1
	0.362143	0
	1.621330
PRED	O-SSM	24680
	UCLA_1	0
	0.364492	0
	0.747774
PRED	O-SSM	24680
	UCLA_1	0
	0.363121	0
	1.257333
PRED	O-SSM	24680
	UCLA_1	0
	0.364919	0
	0.589059
PRED	O-SSM	24680
	UCLA_1	0
	0.363419	0
	1.146212
PRED	O-SSM	24680
	UCLA_1	0
	0.364699	0
	0.670688
PRED	O-SSM	24680
	UCLA_1	0
	0.364612	0
	0.703021
PRED	O-SSM	24680
	UCLA_1	0
	0.358862	0
	2.845315
PRED	O-SSM	24680
	UCLA_1	0
	0.363071	0
	1.275917
PRED	O-SSM	24680
	UCLA_1	0
	0.362968	0
	1.314093
PRED	O-SSM	24680
	UCLA_1	0
	0.365019	0
	0.551933
PRED	O-SSM	24680
	UCLA_1	0
	0.364273	0
	0.828941
PRED	O-SSM	24680
	UCLA_1	0
	0.363894	0
	0.969717
PRED	O-SSM	24680
	UCLA_1	0
	0.365405	0
	0.408772
PRED	O-SSM	24680
	YALE	1
	0.741525	1
	1.233772
PRED	O-SSM	24680
	YALE	1
	0.650940	1
	0.634471
PRED	O-SSM	24680
	YALE	1
	0.673106	1
	0.772343
PRED	O-SSM	24680
	YALE	1
	0.818292	1
	1.861135
PRED	O-SSM	24680
	YALE	1
	0.561180	1
	0.109628
PRED	O-SSM	24680
	YALE	1
	0.746146	1
	1.267514
PRED	O-SSM	24680
	YALE	1
	0.745677	1
	1.264070
PRED	O-SSM	24680
	YALE	1
	0.661110	1
	0.697181
PRED	O-SSM	24680
	YALE	1
	0.612745	1
	0.405863
PRED	O-SSM	24680
	YALE	1
	0.706059	1
	0.986684
PRED	O-SSM	24680
	YALE	1
	0.661478	1
	0.699466
PRED	O-SSM	24680
	YALE	1
	0.667176	1
	0.735018
PRED	O-SSM	24680
	YALE	1
	0.629128	1
	0.502719
PRED	O-SSM	24680
	YALE	0
	0.579794	1
	0.215335
PRED	O-SSM	24680
	YALE	0
	0.620685	1
	0.452597
PRED	O-SSM	24680
	YALE	0
	0.713468	1
	1.036729
PRED	O-SSM	24680
	YALE	0
	0.565392	1
	0.133452
PRED	O-SSM	24680
	YALE	0
	0.823486	1
	1.910288
PRED	O-SSM	24680
	YALE	0
	0.924072	1
	3.244398
PRED	O-SSM	24680
	YALE	0
	0.725955	1
	1.122862
PRED	O-SSM	24680
	YALE	0
	0.679232	1
	0.811269
PRED	O-SSM	24680
	YALE	0
	0.677292	1
	0.798901
PRED	O-SSM	24680
	YALE	0
	0.762384	1
	1.389441
PRED	O-SSM	24680
	YALE	0
	0.959966	1
	4.187958
PRED	O-SSM	24680
	YALE	0
	0.649332	1
	0.624636
PRED	O-SSM	24680
	YALE	0
	0.795262	1
	1.655390
PRED	O-SSM	24680
	PITT	1
	0.791077	1
	1.593130
PRED	O-SSM	24680
	PITT	1
	0.827301	1
	1.987820
PRED	O-SSM	24680
	PITT	1
	0.736771	1
	1.086034
PRED	O-SSM	24680
	PITT	1
	0.760776	1
	1.300312
PRED	O-SSM	24680
	PITT	1
	0.707899	1
	0.844297
PRED	O-SSM	24680
	PITT	1
	0.825223	1
	1.963519
PRED	O-SSM	24680
	PITT	1
	0.645777	1
	0.366574
PRED	O-SSM	24680
	PITT	1
	0.723790	1
	0.975426
PRED	O-SSM	24680
	PITT	1
	0.831870	1
	2.042060
PRED	O-SSM	24680
	PITT	1
	0.742788	1
	1.138486
PRED	O-SSM	24680
	PITT	1
	0.811252	1
	1.805817
PRED	O-SSM	24680
	PITT	1
	0.673390	1
	0.573038
PRED	O-SSM	24680
	PITT	1
	0.621440	1
	0.190598
PRED	O-SSM	24680
	PITT	0
	0.740479	1
	1.118271
PRED	O-SSM	24680
	PITT	0
	0.746167	1
	1.168298
PRED	O-SSM	24680
	PITT	0
	0.752948	1
	1.228925
PRED	O-SSM	24680
	PITT	0
	0.693531	1
	0.729305
PRED	O-SSM	24680
	PITT	0
	0.720764	1
	0.950107
PRED	O-SSM	24680
	PITT	0
	0.752053	1
	1.220855
PRED	O-SSM	24680
	PITT	0
	0.658671	1
	0.461971
PRED	O-SSM	24680
	PITT	0
	0.774819	1
	1.432528
PRED	O-SSM	24680
	PITT	0
	0.743686	1
	1.146383
PRED	O-SSM	24680
	PITT	0
	0.814404	1
	1.840588
PRED	O-SSM	24680
	PITT	0
	0.734734	1
	1.068453
PRED	O-SSM	24680
	PITT	0
	0.796922	1
	1.653104
PRED	O-SSM	24680
	PITT	0
	0.756801	1
	1.263869
PRED	O-SSM	24680
	USM	1
	0.438162	0
	0.355289
PRED	O-SSM	24680
	USM	1
	0.557501	1
	0.844532
PRED	O-SSM	24680
	USM	1
	0.422168	0
	0.288731
PRED	O-SSM	24680
	USM	1
	0.602875	1
	1.034690
PRED	O-SSM	24680
	USM	1
	0.644881	1
	1.217427
PRED	O-SSM	24680
	USM	1
	0.665287	1
	1.309567
PRED	O-SSM	24680
	USM	1
	0.438349	0
	0.356063
PRED	O-SSM	24680
	USM	1
	0.682191	1
	1.388016
PRED	O-SSM	24680
	USM	1
	0.601264	1
	1.027834
PRED	O-SSM	24680
	USM	1
	0.499815	0
	0.608133
PRED	O-SSM	24680
	USM	1
	0.426729	0
	0.307775
PRED	O-SSM	24680
	USM	1
	0.425288	0
	0.301761
PRED	O-SSM	24680
	USM	1
	0.675393	1
	1.356216
PRED	O-SSM	24680
	USM	0
	0.407465	0
	0.226946
PRED	O-SSM	24680
	USM	0
	0.527697	1
	0.722006
PRED	O-SSM	24680
	USM	0
	0.764979	1
	1.812659
PRED	O-SSM	24680
	USM	0
	0.448667	0
	0.398707
PRED	O-SSM	24680
	USM	0
	0.669403	1
	1.328480
PRED	O-SSM	24680
	USM	0
	0.726898	1
	1.607400
PRED	O-SSM	24680
	USM	0
	0.707748	1
	1.511041
PRED	O-SSM	24680
	USM	0
	0.536409	1
	0.757696
PRED	O-SSM	24680
	USM	0
	0.391509	0
	0.159093
PRED	O-SSM	24680
	USM	0
	0.400870	0
	0.199010
PRED	O-SSM	24680
	USM	0
	0.513346	1
	0.663352
PRED	O-SSM	24680
	USM	0
	0.440175	0
	0.363625
PRED	O-SSM	24680
	USM	0
	0.455771	0
	0.427961
PRED	O-SSM	24680
	MAX_MUN	1
	0.408061	0
	0.164524
PRED	O-SSM	24680
	MAX_MUN	1
	0.434034	0
	0.425251
PRED	O-SSM	24680
	MAX_MUN	1
	0.590559	1
	1.970652
PRED	O-SSM	24680
	MAX_MUN	1
	0.456370	0
	0.646530
PRED	O-SSM	24680
	MAX_MUN	1
	0.580184	1
	1.866068
PRED	O-SSM	24680
	MAX_MUN	1
	0.554920	1
	1.614183
PRED	O-SSM	24680
	MAX_MUN	1
	0.439568	0
	0.480291
PRED	O-SSM	24680
	MAX_MUN	1
	0.454037	0
	0.623516
PRED	O-SSM	24680
	MAX_MUN	1
	0.488113	0
	0.958227
PRED	O-SSM	24680
	MAX_MUN	1
	0.415249	0
	0.237136
PRED	O-SSM	24680
	MAX_MUN	1
	0.524777	1
	1.317234
PRED	O-SSM	24680
	MAX_MUN	1
	0.474712	0
	0.826901
PRED	O-SSM	24680
	MAX_MUN	1
	0.600617	1
	2.072810
PRED	O-SSM	24680
	MAX_MUN	0
	0.498045	0
	1.055436
PRED	O-SSM	24680
	MAX_MUN	0
	0.432986	0
	0.414817
PRED	O-SSM	24680
	MAX_MUN	0
	0.567679	1
	1.740949
PRED	O-SSM	24680
	MAX_MUN	0
	0.502939	1
	1.103329
PRED	O-SSM	24680
	MAX_MUN	0
	0.522420	1
	1.294111
PRED	O-SSM	24680
	MAX_MUN	0
	0.573539	1
	1.799468
PRED	O-SSM	24680
	MAX_MUN	0
	0.572603	1
	1.790103
PRED	O-SSM	24680
	MAX_MUN	0
	0.473242	0
	0.812476
PRED	O-SSM	24680
	MAX_MUN	0
	0.549357	1
	1.559142
PRED	O-SSM	24680
	MAX_MUN	0
	0.578748	1
	1.851651
PRED	O-SSM	24680
	MAX_MUN	0
	0.499793	0
	1.072549
PRED	O-SSM	24680
	MAX_MUN	0
	0.527682	1
	1.345737
PRED	O-SSM	24680
	MAX_MUN	0
	0.504230	1
	1.115967
PRED	O-SSM	24680
	TRINITY	1
	0.588620	1
	1.213706
PRED	O-SSM	24680
	TRINITY	1
	0.488245	0
	0.707499
PRED	O-SSM	24680
	TRINITY	1
	0.699356	1
	1.820672
PRED	O-SSM	24680
	TRINITY	1
	0.648016	1
	1.528532
PRED	O-SSM	24680
	TRINITY	1
	0.583814	1
	1.188959
PRED	O-SSM	24680
	TRINITY	1
	0.470435	0
	0.618360
PRED	O-SSM	24680
	TRINITY	1
	0.672048	1
	1.662340
PRED	O-SSM	24680
	TRINITY	1
	0.558556	1
	1.060130
PRED	O-SSM	24680
	TRINITY	1
	0.672534	1
	1.665096
PRED	O-SSM	24680
	TRINITY	1
	0.615154	1
	1.352049
PRED	O-SSM	24680
	TRINITY	1
	0.643031	1
	1.501321
PRED	O-SSM	24680
	TRINITY	1
	0.502288	1
	0.777668
PRED	O-SSM	24680
	TRINITY	1
	0.670579	1
	1.654024
PRED	O-SSM	24680
	TRINITY	0
	0.478092	0
	0.656718
PRED	O-SSM	24680
	TRINITY	0
	0.487025	0
	0.701403
PRED	O-SSM	24680
	TRINITY	0
	0.540822	1
	0.970637
PRED	O-SSM	24680
	TRINITY	0
	0.500919	1
	0.770830
PRED	O-SSM	24680
	TRINITY	0
	0.425695	0
	0.392246
PRED	O-SSM	24680
	TRINITY	0
	0.577938	1
	1.158813
PRED	O-SSM	24680
	TRINITY	0
	0.419261	0
	0.359308
PRED	O-SSM	24680
	TRINITY	0
	0.608907	1
	1.319188
PRED	O-SSM	24680
	TRINITY	0
	0.421716	0
	0.371890
PRED	O-SSM	24680
	TRINITY	0
	0.584511	1
	1.192542
PRED	O-SSM	24680
	TRINITY	0
	0.606562	1
	1.306902
PRED	O-SSM	24680
	TRINITY	0
	0.503474	1
	0.783592
PRED	O-SSM	24680
	TRINITY	0
	0.516926	1
	0.850829
PRED	O-SSM	24680
	KKI	1
	0.464996	0
	1.245247
PRED	O-SSM	24680
	KKI	1
	0.458712	0
	0.987999
PRED	O-SSM	24680
	KKI	1
	0.453909	0
	0.791053
PRED	O-SSM	24680
	KKI	1
	0.455344	0
	0.849924
PRED	O-SSM	24680
	KKI	1
	0.448135	0
	0.553816
PRED	O-SSM	24680
	KKI	1
	0.460549	0
	1.063247
PRED	O-SSM	24680
	KKI	1
	0.475602	0
	1.678363
PRED	O-SSM	24680
	KKI	1
	0.464927	0
	1.242413
PRED	O-SSM	24680
	KKI	1
	0.470011	0
	1.450183
PRED	O-SSM	24680
	KKI	1
	0.459468	0
	1.018967
PRED	O-SSM	24680
	KKI	1
	0.467699	0
	1.355717
PRED	O-SSM	24680
	KKI	1
	0.446020	0
	0.466761
PRED	O-SSM	24680
	KKI	1
	0.442645	0
	0.327689
PRED	O-SSM	24680
	KKI	0
	0.470469	0
	1.468884
PRED	O-SSM	24680
	KKI	0
	0.461296	0
	1.093832
PRED	O-SSM	24680
	KKI	0
	0.486919	0
	2.139575
PRED	O-SSM	24680
	KKI	0
	0.477416	0
	1.752365
PRED	O-SSM	24680
	KKI	0
	0.456780	0
	0.908823
PRED	O-SSM	24680
	KKI	0
	0.445080	0
	0.428061
PRED	O-SSM	24680
	KKI	0
	0.461977	0
	1.121723
PRED	O-SSM	24680
	KKI	0
	0.469156	0
	1.415253
PRED	O-SSM	24680
	KKI	0
	0.442516	0
	0.322369
PRED	O-SSM	24680
	KKI	0
	0.443324	0
	0.355720
PRED	O-SSM	24680
	KKI	0
	0.456067	0
	0.879578
PRED	O-SSM	24680
	KKI	0
	0.446809	0
	0.499242
PRED	O-SSM	24680
	KKI	0
	0.461710	0
	1.110785
PRED	O-SSM	24680
	STANFORD	1
	0.561491	1
	1.466271
PRED	O-SSM	24680
	STANFORD	1
	0.554324	1
	1.144348
PRED	O-SSM	24680
	STANFORD	1
	0.630568	1
	4.650897
PRED	O-SSM	24680
	STANFORD	1
	0.570066	1
	1.852998
PRED	O-SSM	24680
	STANFORD	1
	0.566445	1
	1.689469
PRED	O-SSM	24680
	STANFORD	1
	0.562302	1
	1.502769
PRED	O-SSM	24680
	STANFORD	1
	0.545664	1
	0.756679
PRED	O-SSM	24680
	STANFORD	1
	0.545763	1
	0.761078
PRED	O-SSM	24680
	STANFORD	1
	0.560660	1
	1.428920
PRED	O-SSM	24680
	STANFORD	1
	0.557237	1
	1.275050
PRED	O-SSM	24680
	STANFORD	1
	0.579072	1
	2.261202
PRED	O-SSM	24680
	STANFORD	1
	0.538576	1
	0.440281
PRED	O-SSM	24680
	STANFORD	1
	0.536233	1
	0.335861
PRED	O-SSM	24680
	STANFORD	0
	0.545927	1
	0.768428
PRED	O-SSM	24680
	STANFORD	0
	0.552914	1
	1.081130
PRED	O-SSM	24680
	STANFORD	0
	0.539409	1
	0.477450
PRED	O-SSM	24680
	STANFORD	0
	0.546624	1
	0.799569
PRED	O-SSM	24680
	STANFORD	0
	0.557990	1
	1.308894
PRED	O-SSM	24680
	STANFORD	0
	0.558982	1
	1.353464
PRED	O-SSM	24680
	STANFORD	0
	0.530058	1
	0.061019
PRED	O-SSM	24680
	STANFORD	0
	0.549274	1
	0.918102
PRED	O-SSM	24680
	STANFORD	0
	0.562004	1
	1.489387
PRED	O-SSM	24680
	STANFORD	0
	0.535023	1
	0.281994
PRED	O-SSM	24680
	STANFORD	0
	0.543868	1
	0.676415
PRED	O-SSM	24680
	STANFORD	0
	0.558596	1
	1.336114
PRED	O-SSM	24680
	STANFORD	0
	0.548495	1
	0.883257
PRED	O-SSM	24680
	CALTECH	1
	0.603784	1
	0.490460
PRED	O-SSM	24680
	CALTECH	1
	0.603808	1
	0.488614
PRED	O-SSM	24680
	CALTECH	1
	0.603193	1
	0.536115
PRED	O-SSM	24680
	CALTECH	1
	0.602591	1
	0.582549
PRED	O-SSM	24680
	CALTECH	1
	0.597146	1
	1.001810
PRED	O-SSM	24680
	CALTECH	1
	0.589696	1
	1.572453
PRED	O-SSM	24680
	CALTECH	1
	0.600040	1
	0.779253
PRED	O-SSM	24680
	CALTECH	1
	0.594441	1
	1.209359
PRED	O-SSM	24680
	CALTECH	1
	0.608838	1
	0.099194
PRED	O-SSM	24680
	CALTECH	1
	0.577405	1
	2.507091
PRED	O-SSM	24680
	CALTECH	1
	0.601329	1
	0.679945
PRED	O-SSM	24680
	CALTECH	1
	0.606970	1
	0.244004
PRED	O-SSM	24680
	CALTECH	0
	0.596303	1
	1.066502
PRED	O-SSM	24680
	CALTECH	0
	0.602464	1
	0.592379
PRED	O-SSM	24680
	CALTECH	0
	0.607810	1
	0.178945
PRED	O-SSM	24680
	CALTECH	0
	0.601648	1
	0.655293
PRED	O-SSM	24680
	CALTECH	0
	0.598768	1
	0.877123
PRED	O-SSM	24680
	CALTECH	0
	0.598287	1
	0.914102
PRED	O-SSM	24680
	CALTECH	0
	0.593575	1
	1.275710
PRED	O-SSM	24680
	CALTECH	0
	0.608285	1
	0.142108
PRED	O-SSM	24680
	CALTECH	0
	0.603959	1
	0.476975
PRED	O-SSM	24680
	CALTECH	0
	0.597594	1
	0.967354
PRED	O-SSM	24680
	CALTECH	0
	0.594595	1
	1.197583
PRED	O-SSM	24680
	CALTECH	0
	0.607142	1
	0.230669
PRED	O-SSM	24680
	LEUVEN_2	1
	0.419380	0
	1.602873
PRED	O-SSM	24680
	LEUVEN_2	1
	0.450936	0
	1.264791
PRED	O-SSM	24680
	LEUVEN_2	1
	0.547134	1
	0.248712
PRED	O-SSM	24680
	LEUVEN_2	1
	0.357192	0
	2.293233
PRED	O-SSM	24680
	LEUVEN_2	1
	0.522562	1
	0.508768
PRED	O-SSM	24680
	LEUVEN_2	1
	0.490665	0
	0.844805
PRED	O-SSM	24680
	LEUVEN_2	1
	0.469937	0
	1.063435
PRED	O-SSM	24680
	LEUVEN_2	1
	0.478279	0
	0.975360
PRED	O-SSM	24680
	LEUVEN_2	1
	0.426130	0
	1.530059
PRED	O-SSM	24680
	LEUVEN_2	1
	0.482626	0
	0.929513
PRED	O-SSM	24680
	LEUVEN_2	1
	0.502888	1
	0.716085
PRED	O-SSM	24680
	LEUVEN_2	1
	0.385632	0
	1.972443
PRED	O-SSM	24680
	LEUVEN_2	0
	0.475386	0
	1.005892
PRED	O-SSM	24680
	LEUVEN_2	0
	0.452904	0
	1.243875
PRED	O-SSM	24680
	LEUVEN_2	0
	0.451511	0
	1.258681
PRED	O-SSM	24680
	LEUVEN_2	0
	0.433393	0
	1.452040
PRED	O-SSM	24680
	LEUVEN_2	0
	0.540315	1
	0.321078
PRED	O-SSM	24680
	LEUVEN_2	0
	0.544852	1
	0.272946
PRED	O-SSM	24680
	LEUVEN_2	0
	0.403498	0
	1.775545
PRED	O-SSM	24680
	LEUVEN_2	0
	0.536551	1
	0.360948
PRED	O-SSM	24680
	LEUVEN_2	0
	0.386930	0
	1.958029
PRED	O-SSM	24680
	LEUVEN_2	0
	0.485885	0
	0.895166
PRED	O-SSM	24680
	LEUVEN_2	0
	0.483811	0
	0.917020
PRED	O-SSM	24680
	LEUVEN_2	0
	0.506400	1
	0.679108
PRED	O-SSM	24680
	OLIN	1
	0.466381	0
	0.934727
PRED	O-SSM	24680
	OLIN	1
	0.372897	0
	0.198144
PRED	O-SSM	24680
	OLIN	1
	0.370862	0
	0.181481
PRED	O-SSM	24680
	OLIN	1
	0.387447	0
	0.316246
PRED	O-SSM	24680
	OLIN	1
	0.383243	0
	0.282302
PRED	O-SSM	24680
	OLIN	1
	0.380108	0
	0.256893
PRED	O-SSM	24680
	OLIN	1
	0.428394	0
	0.640714
PRED	O-SSM	24680
	OLIN	1
	0.480803	0
	1.045374
PRED	O-SSM	24680
	OLIN	1
	0.421792	0
	0.589049
PRED	O-SSM	24680
	OLIN	1
	0.371355	0
	0.185526
PRED	O-SSM	24680
	OLIN	1
	0.366911	0
	0.149024
PRED	O-SSM	24680
	OLIN	1
	0.528615	1
	1.411460
PRED	O-SSM	24680
	OLIN	0
	0.583249	1
	1.835167
PRED	O-SSM	24680
	OLIN	0
	0.372527	0
	0.195119
PRED	O-SSM	24680
	OLIN	0
	0.473530	0
	0.989616
PRED	O-SSM	24680
	OLIN	0
	0.403550	0
	0.445080
PRED	O-SSM	24680
	OLIN	0
	0.491886	0
	1.130233
PRED	O-SSM	24680
	OLIN	0
	0.374364	0
	0.210134
PRED	O-SSM	24680
	OLIN	0
	0.404768	0
	0.454753
PRED	O-SSM	24680
	OLIN	0
	0.527938	1
	1.406264
PRED	O-SSM	24680
	OLIN	0
	0.496495	0
	1.165497
PRED	O-SSM	24680
	OLIN	0
	0.553778	1
	1.605323
PRED	O-SSM	24680
	OLIN	0
	0.411438	0
	0.507564
PRED	O-SSM	24680
	OLIN	0
	0.413064	0
	0.520405
PRED	O-SSM	24680
	SBL	1
	0.803871	1
	1.452677
PRED	O-SSM	24680
	SBL	1
	0.784484	1
	1.056779
PRED	O-SSM	24680
	SBL	1
	0.788263	1
	1.131841
PRED	O-SSM	24680
	SBL	1
	0.807359	1
	1.526972
PRED	O-SSM	24680
	SBL	1
	0.734281	1
	0.137631
PRED	O-SSM	24680
	SBL	1
	0.779172	1
	0.952893
PRED	O-SSM	24680
	SBL	1
	0.784314	1
	1.053426
PRED	O-SSM	24680
	SBL	1
	0.786688	1
	1.100433
PRED	O-SSM	24680
	SBL	1
	0.774037	1
	0.854161
PRED	O-SSM	24680
	SBL	1
	0.780733	1
	0.983234
PRED	O-SSM	24680
	SBL	1
	0.764206	1
	0.669460
PRED	O-SSM	24680
	SBL	1
	0.820902	1
	1.825633
PRED	O-SSM	24680
	SBL	0
	0.785682	1
	1.080472
PRED	O-SSM	24680
	SBL	0
	0.756348	1
	0.525615
PRED	O-SSM	24680
	SBL	0
	0.740534	1
	0.245354
PRED	O-SSM	24680
	SBL	0
	0.801215	1
	1.396767
PRED	O-SSM	24680
	SBL	0
	0.786069	1
	1.088149
PRED	O-SSM	24680
	SBL	0
	0.748912	1
	0.392364
PRED	O-SSM	24680
	SBL	0
	0.788075	1
	1.128078
PRED	O-SSM	24680
	SBL	0
	0.762966	1
	0.646536
PRED	O-SSM	24680
	SBL	0
	0.780187	1
	0.972613
PRED	O-SSM	24680
	SBL	0
	0.761125	1
	0.612670
PRED	O-SSM	24680
	SBL	0
	0.779144	1
	0.952358
PRED	O-SSM	24680
	SBL	0
	0.800685	1
	1.385665
PRED	O-SSM	24680
	LEUVEN_1	1
	0.663917	1
	1.026193
PRED	O-SSM	24680
	LEUVEN_1	1
	0.658762	1
	0.829055
PRED	O-SSM	24680
	LEUVEN_1	1
	0.666183	1
	1.113293
PRED	O-SSM	24680
	LEUVEN_1	1
	0.665858	1
	1.100776
PRED	O-SSM	24680
	LEUVEN_1	1
	0.662706	1
	0.979759
PRED	O-SSM	24680
	LEUVEN_1	1
	0.677444	1
	1.550701
PRED	O-SSM	24680
	LEUVEN_1	1
	0.644800	1
	0.302207
PRED	O-SSM	24680
	LEUVEN_1	1
	0.663073	1
	0.993810
PRED	O-SSM	24680
	LEUVEN_1	1
	0.650718	1
	0.524338
PRED	O-SSM	24680
	LEUVEN_1	1
	0.663087	1
	0.994354
PRED	O-SSM	24680
	LEUVEN_1	1
	0.658566	1
	0.821617
PRED	O-SSM	24680
	LEUVEN_1	1
	0.670646	1
	1.285744
PRED	O-SSM	24680
	LEUVEN_1	0
	0.667644	1
	1.169603
PRED	O-SSM	24680
	LEUVEN_1	0
	0.681114	1
	1.695000
PRED	O-SSM	24680
	LEUVEN_1	0
	0.650878	1
	0.530358
PRED	O-SSM	24680
	LEUVEN_1	0
	0.668590	1
	1.206157
PRED	O-SSM	24680
	LEUVEN_1	0
	0.676901	1
	1.529437
PRED	O-SSM	24680
	LEUVEN_1	0
	0.663430	1
	1.007490
PRED	O-SSM	24680
	LEUVEN_1	0
	0.649569	1
	0.481081
PRED	O-SSM	24680
	LEUVEN_1	0
	0.659101	1
	0.841994
PRED	O-SSM	24680
	LEUVEN_1	0
	0.656567	1
	0.745577
PRED	O-SSM	24680
	LEUVEN_1	0
	0.645274	1
	0.319936
PRED	O-SSM	24680
	LEUVEN_1	0
	0.653772	1
	0.639624
PRED	O-SSM	24680
	LEUVEN_1	0
	0.641682	1
	0.185834
PRED	O-SSM	24680
	SDSU	1
	0.334765	0
	0.506640
PRED	O-SSM	24680
	SDSU	1
	0.331248	0
	0.859710
PRED	O-SSM	24680
	SDSU	1
	0.334897	0
	0.493470
PRED	O-SSM	24680
	SDSU	1
	0.333881	0
	0.595225
PRED	O-SSM	24680
	SDSU	1
	0.329512	0
	1.034617
PRED	O-SSM	24680
	SDSU	1
	0.317317	0
	2.277243
PRED	O-SSM	24680
	SDSU	1
	0.338045	0
	0.179118
PRED	O-SSM	24680
	SDSU	1
	0.333088	0
	0.674800
PRED	O-SSM	24680
	SDSU	1
	0.329426	0
	1.043307
PRED	O-SSM	24680
	SDSU	1
	0.324680	0
	1.524130
PRED	O-SSM	24680
	SDSU	1
	0.332979	0
	0.685662
PRED	O-SSM	24680
	SDSU	1
	0.328803	0
	1.106265
PRED	O-SSM	24680
	SDSU	0
	0.326522	0
	1.337066
PRED	O-SSM	24680
	SDSU	0
	0.327085	0
	1.279973
PRED	O-SSM	24680
	SDSU	0
	0.338671	0
	0.116737
PRED	O-SSM	24680
	SDSU	0
	0.308920	0
	3.147761
PRED	O-SSM	24680
	SDSU	0
	0.330504	0
	0.934605
PRED	O-SSM	24680
	SDSU	0
	0.327827	0
	1.204900
PRED	O-SSM	24680
	SDSU	0
	0.328298	0
	1.157261
PRED	O-SSM	24680
	SDSU	0
	0.324138	0
	1.579267
PRED	O-SSM	24680
	SDSU	0
	0.326435	0
	1.345907
PRED	O-SSM	24680
	SDSU	0
	0.324086	0
	1.584538
PRED	O-SSM	24680
	SDSU	0
	0.328217	0
	1.165408
PRED	O-SSM	24680
	SDSU	0
	0.330048	0
	0.980600
PRED	O-SSM	24680
	CMU	1
	0.652020	1
	1.297127
PRED	O-SSM	24680
	CMU	1
	0.410443	0
	0.115689
PRED	O-SSM	24680
	CMU	1
	0.443223	0
	0.275639
PRED	O-SSM	24680
	CMU	1
	0.443794	0
	0.278401
PRED	O-SSM	24680
	CMU	1
	0.574653	1
	0.906835
PRED	O-SSM	24680
	CMU	1
	0.453867	0
	0.326990
PRED	O-SSM	24680
	CMU	1
	0.397455	0
	0.051313
PRED	O-SSM	24680
	CMU	1
	0.635447	1
	1.210883
PRED	O-SSM	24680
	CMU	1
	0.544022	1
	0.758491
PRED	O-SSM	24680
	CMU	1
	0.571835	1
	0.893091
PRED	O-SSM	24680
	CMU	1
	0.434344	0
	0.232612
PRED	O-SSM	24680
	CMU	1
	0.435403	0
	0.237755
PRED	O-SSM	24680
	CMU	0
	0.515040	1
	0.619629
PRED	O-SSM	24680
	CMU	0
	0.510880	1
	0.599761
PRED	O-SSM	24680
	CMU	0
	0.417703	0
	0.151396
PRED	O-SSM	24680
	CMU	0
	0.523035	1
	0.657847
PRED	O-SSM	24680
	CMU	0
	0.595057	1
	1.007130
PRED	O-SSM	24680
	CMU	0
	0.497166	0
	0.534294
PRED	O-SSM	24680
	CMU	0
	0.658890	1
	1.333425
PRED	O-SSM	24680
	CMU	0
	0.593613	1
	0.999985
PRED	O-SSM	24680
	CMU	0
	0.559350	1
	0.832448
PRED	O-SSM	24680
	CMU	0
	0.654333	1
	1.309309
PRED	O-SSM	24680
	CMU	0
	0.480056	0
	0.452572
PRED	O-SSM	24680
	CMU	0
	0.641610	1
	1.242744
PRED	O-SSM	24680
	UCLA_2	1
	0.696037	1
	0.932316
PRED	O-SSM	24680
	UCLA_2	1
	0.701146	1
	1.100102
PRED	O-SSM	24680
	UCLA_2	1
	0.681613	1
	0.466876
PRED	O-SSM	24680
	UCLA_2	1
	0.700664	1
	1.084215
PRED	O-SSM	24680
	UCLA_2	1
	0.676118	1
	0.292545
PRED	O-SSM	24680
	UCLA_2	1
	0.692435	1
	0.814969
PRED	O-SSM	24680
	UCLA_2	1
	0.692904	1
	0.830196
PRED	O-SSM	24680
	UCLA_2	1
	0.699624	1
	1.049950
PRED	O-SSM	24680
	UCLA_2	1
	0.698873	1
	1.025273
PRED	O-SSM	24680
	UCLA_2	1
	0.684835	1
	0.569825
PRED	O-SSM	24680
	UCLA_2	1
	0.726296	1
	1.951776
PRED	O-SSM	24680
	UCLA_2	1
	0.695159	1
	0.903636
PRED	O-SSM	24680
	UCLA_2	0
	0.675119	1
	0.261037
PRED	O-SSM	24680
	UCLA_2	0
	0.699710	1
	1.052770
PRED	O-SSM	24680
	UCLA_2	0
	0.676798	1
	0.314034
PRED	O-SSM	24680
	UCLA_2	0
	0.690339	1
	0.747031
PRED	O-SSM	24680
	UCLA_2	0
	0.698501	1
	1.013039
PRED	O-SSM	24680
	UCLA_2	0
	0.678363	1
	0.363574
PRED	O-SSM	24680
	UCLA_2	0
	0.696728	1
	0.954898
PRED	O-SSM	24680
	UCLA_2	0
	0.689388	1
	0.716292
PRED	O-SSM	24680
	UCLA_2	0
	0.720018	1
	1.734902
PRED	O-SSM	24680
	UCLA_2	0
	0.717053	1
	1.633532
PRED	O-SSM	24680
	UCLA_2	0
	0.732512	1
	2.169599
PRED	O-SSM	24680
	UCLA_2	0
	0.705318	1
	1.238366
PRED	O-SSM	24680
	UM_2	1
	0.574487	1
	1.932603
PRED	O-SSM	24680
	UM_2	1
	0.508715	1
	0.815514
PRED	O-SSM	24680
	UM_2	1
	0.465557	0
	0.087742
PRED	O-SSM	24680
	UM_2	1
	0.506601	1
	0.779909
PRED	O-SSM	24680
	UM_2	1
	0.560592	1
	1.694232
PRED	O-SSM	24680
	UM_2	1
	0.512679	1
	0.882301
PRED	O-SSM	24680
	UM_2	1
	0.502500	1
	0.710825
PRED	O-SSM	24680
	UM_2	1
	0.493242	0
	0.554902
PRED	O-SSM	24680
	UM_2	1
	0.615327	1
	2.646578
PRED	O-SSM	24680
	UM_2	1
	0.516039	1
	0.938946
PRED	O-SSM	24680
	UM_2	1
	0.487538	0
	0.458815
PRED	O-SSM	24680
	UM_2	1
	0.481205	0
	0.352046
PRED	O-SSM	24680
	UM_2	0
	0.526301	1
	1.112082
PRED	O-SSM	24680
	UM_2	0
	0.485530	0
	0.424975
PRED	O-SSM	24680
	UM_2	0
	0.478948	0
	0.313979
PRED	O-SSM	24680
	UM_2	0
	0.523717	1
	1.068450
PRED	O-SSM	24680
	UM_2	0
	0.535021	1
	1.259508
PRED	O-SSM	24680
	UM_2	0
	0.517090	1
	0.956663
PRED	O-SSM	24680
	UM_2	0
	0.538923	1
	1.325578
PRED	O-SSM	24680
	UM_2	0
	0.516848	1
	0.952581
PRED	O-SSM	24680
	UM_2	0
	0.488549	0
	0.475841
PRED	O-SSM	24680
	UM_2	0
	0.485827	0
	0.429969
PRED	O-SSM	24680
	UM_2	0
	0.515246	1
	0.925570
PRED	O-SSM	24680
	UM_2	0
	0.500463	1
	0.676535
PRED	O-SSM	24680
	OHSU	1
	0.194908	0
	1.133224
PRED	O-SSM	24680
	OHSU	1
	0.194536	0
	0.916626
PRED	O-SSM	24680
	OHSU	1
	0.196679	0
	2.162552
PRED	O-SSM	24680
	OHSU	1
	0.193891	0
	0.539350
PRED	O-SSM	24680
	OHSU	1
	0.194391	0
	0.831765
PRED	O-SSM	24680
	OHSU	1
	0.193832	0
	0.504542
PRED	O-SSM	24680
	OHSU	1
	0.194770	0
	1.052943
PRED	O-SSM	24680
	OHSU	1
	0.194798	0
	1.069131
PRED	O-SSM	24680
	OHSU	1
	0.194802	0
	1.071784
PRED	O-SSM	24680
	OHSU	1
	0.195262	0
	1.339470
PRED	O-SSM	24680
	OHSU	1
	0.194743	0
	1.036987
PRED	O-SSM	24680
	OHSU	1
	0.193893	0
	0.540355
PRED	O-SSM	24680
	OHSU	0
	0.195442	0
	1.444679
PRED	O-SSM	24680
	OHSU	0
	0.195090	0
	1.239417
PRED	O-SSM	24680
	OHSU	0
	0.196269	0
	1.924807
PRED	O-SSM	24680
	OHSU	0
	0.196410	0
	2.006475
PRED	O-SSM	24680
	OHSU	0
	0.193028	0
	0.033366
PRED	O-SSM	24680
	OHSU	0
	0.194741	0
	1.036223
PRED	O-SSM	24680
	OHSU	0
	0.193690	0
	0.421318
PRED	O-SSM	24680
	OHSU	0
	0.195144	0
	1.271133
PRED	O-SSM	24680
	OHSU	0
	0.194080	0
	0.649928
PRED	O-SSM	24680
	OHSU	0
	0.195112	0
	1.252156
PRED	O-SSM	24680
	OHSU	0
	0.194235	0
	0.740749
PRED	O-SSM	24680
	OHSU	0
	0.193437	0
	0.273312
  O-SSM    24680
   acc=48.400000% bal=48.349359% sites=20
/20
 test_n=500
 assoc=0.988403
PRED	O-SSM	13579
	NYU	1
	0.519066	1
	0.371918
PRED	O-SSM	13579
	NYU	1
	0.526048	1
	0.463700
PRED	O-SSM	13579
	NYU	1
	0.513497	1
	0.298787
PRED	O-SSM	13579
	NYU	1
	0.544559	1
	0.707773
PRED	O-SSM	13579
	NYU	1
	0.605869	1
	1.531813
PRED	O-SSM	13579
	NYU	1
	0.560598	1
	0.920546
PRED	O-SSM	13579
	NYU	1
	0.580019	1
	1.180490
PRED	O-SSM	13579
	NYU	1
	0.579082	1
	1.167880
PRED	O-SSM	13579
	NYU	1
	0.540390	1
	0.652693
PRED	O-SSM	13579
	NYU	1
	0.567789	1
	1.016461
PRED	O-SSM	13579
	NYU	1
	0.530217	1
	0.518563
PRED	O-SSM	13579
	NYU	1
	0.629893	1
	1.865597
PRED	O-SSM	13579
	NYU	1
	0.571490	1
	1.065975
PRED	O-SSM	13579
	NYU	0
	0.587804	1
	1.285571
PRED	O-SSM	13579
	NYU	0
	0.558846	1
	0.897230
PRED	O-SSM	13579
	NYU	0
	0.549218	1
	0.769440
PRED	O-SSM	13579
	NYU	0
	0.567539	1
	1.013119
PRED	O-SSM	13579
	NYU	0
	0.535406	1
	0.586933
PRED	O-SSM	13579
	NYU	0
	0.566973	1
	1.005555
PRED	O-SSM	13579
	NYU	0
	0.542978	1
	0.686875
PRED	O-SSM	13579
	NYU	0
	0.608815	1
	1.572328
PRED	O-SSM	13579
	NYU	0
	0.628168	1
	1.841351
PRED	O-SSM	13579
	NYU	0
	0.529753	1
	0.512458
PRED	O-SSM	13579
	NYU	0
	0.508837	1
	0.237633
PRED	O-SSM	13579
	NYU	0
	0.571035	1
	1.059882
PRED	O-SSM	13579
	NYU	0
	0.553304	1
	0.823604
PRED	O-SSM	13579
	UM_1	1
	0.417219	0
	1.291165
PRED	O-SSM	13579
	UM_1	1
	0.488936	0
	0.990134
PRED	O-SSM	13579
	UM_1	1
	0.572616	1
	0.640452
PRED	O-SSM	13579
	UM_1	1
	0.433180	0
	1.223352
PRED	O-SSM	13579
	UM_1	1
	0.643593	1
	0.330574
PRED	O-SSM	13579
	UM_1	1
	0.481082	0
	1.022782
PRED	O-SSM	13579
	UM_1	1
	0.631815	1
	0.383503
PRED	O-SSM	13579
	UM_1	1
	0.572683	1
	0.640169
PRED	O-SSM	13579
	UM_1	1
	0.439103	0
	1.198347
PRED	O-SSM	13579
	UM_1	1
	0.380837	0
	1.448770
PRED	O-SSM	13579
	UM_1	1
	0.499954	0
	0.944370
PRED	O-SSM	13579
	UM_1	1
	0.579380	1
	0.611697
PRED	O-SSM	13579
	UM_1	1
	0.441195	0
	1.189532
PRED	O-SSM	13579
	UM_1	0
	0.488183	0
	0.993264
PRED	O-SSM	13579
	UM_1	0
	0.699404	1
	0.067403
PRED	O-SSM	13579
	UM_1	0
	0.378644	0
	1.458438
PRED	O-SSM	13579
	UM_1	0
	0.560470	1
	0.691807
PRED	O-SSM	13579
	UM_1	0
	0.457721	0
	1.120186
PRED	O-SSM	13579
	UM_1	0
	0.506971	1
	0.915223
PRED	O-SSM	13579
	UM_1	0
	0.483262	0
	1.013716
PRED	O-SSM	13579
	UM_1	0
	0.544016	1
	0.760904
PRED	O-SSM	13579
	UM_1	0
	0.576841	1
	0.622504
PRED	O-SSM	13579
	UM_1	0
	0.303014	0
	1.809034
PRED	O-SSM	13579
	UM_1	0
	0.400394	0
	1.363454
PRED	O-SSM	13579
	UM_1	0
	0.439149	0
	1.198155
PRED	O-SSM	13579
	UM_1	0
	0.616685	1
	0.450481
PRED	O-SSM	13579
	UCLA_1	1
	0.527535	1
	1.518104
PRED	O-SSM	13579
	UCLA_1	1
	0.513429	1
	1.360694
PRED	O-SSM	13579
	UCLA_1	1
	0.508035	1
	1.300583
PRED	O-SSM	13579
	UCLA_1	1
	0.431525	0
	0.443444
PRED	O-SSM	13579
	UCLA_1	1
	0.464550	0
	0.815491
PRED	O-SSM	13579
	UCLA_1	1
	0.488216	0
	1.079771
PRED	O-SSM	13579
	UCLA_1	1
	0.414652	0
	0.250906
PRED	O-SSM	13579
	UCLA_1	1
	0.477713	0
	0.962628
PRED	O-SSM	13579
	UCLA_1	1
	0.535529	1
	1.607518
PRED	O-SSM	13579
	UCLA_1	1
	0.444522	0
	0.590503
PRED	O-SSM	13579
	UCLA_1	1
	0.644171	1
	2.863958
PRED	O-SSM	13579
	UCLA_1	1
	0.447041	0
	0.618894
PRED	O-SSM	13579
	UCLA_1	1
	0.482515	0
	1.016203
PRED	O-SSM	13579
	UCLA_1	0
	0.454751	0
	0.705622
PRED	O-SSM	13579
	UCLA_1	0
	0.477723	0
	0.962736
PRED	O-SSM	13579
	UCLA_1	0
	0.440434	0
	0.544347
PRED	O-SSM	13579
	UCLA_1	0
	0.520890	1
	1.443913
PRED	O-SSM	13579
	UCLA_1	0
	0.481640	0
	1.006442
PRED	O-SSM	13579
	UCLA_1	0
	0.437525	0
	0.511448
PRED	O-SSM	13579
	UCLA_1	0
	0.578969	1
	2.098186
PRED	O-SSM	13579
	UCLA_1	0
	0.551352	1
	1.785136
PRED	O-SSM	13579
	UCLA_1	0
	0.505602	1
	1.273472
PRED	O-SSM	13579
	UCLA_1	0
	0.428413	0
	0.408083
PRED	O-SSM	13579
	UCLA_1	0
	0.464478	0
	0.814690
PRED	O-SSM	13579
	UCLA_1	0
	0.458119	0
	0.743421
PRED	O-SSM	13579
	UCLA_1	0
	0.434742	0
	0.479939
PRED	O-SSM	13579
	YALE	1
	0.409728	0
	0.808355
PRED	O-SSM	13579
	YALE	1
	0.414216	0
	0.743273
PRED	O-SSM	13579
	YALE	1
	0.425063	0
	0.586793
PRED	O-SSM	13579
	YALE	1
	0.314555	0
	2.262098
PRED	O-SSM	13579
	YALE	1
	0.459741	0
	0.092733
PRED	O-SSM	13579
	YALE	1
	0.378444	0
	1.268796
PRED	O-SSM	13579
	YALE	1
	0.401360	0
	0.930287
PRED	O-SSM	13579
	YALE	1
	0.432932	0
	0.473936
PRED	O-SSM	13579
	YALE	1
	0.430112	0
	0.514332
PRED	O-SSM	13579
	YALE	1
	0.392277	0
	1.063612
PRED	O-SSM	13579
	YALE	1
	0.427407	0
	0.553123
PRED	O-SSM	13579
	YALE	1
	0.400352	0
	0.945042
PRED	O-SSM	13579
	YALE	1
	0.404292	0
	0.887477
PRED	O-SSM	13579
	YALE	0
	0.453571	0
	0.180089
PRED	O-SSM	13579
	YALE	0
	0.431469	0
	0.494888
PRED	O-SSM	13579
	YALE	0
	0.392073	0
	1.066619
PRED	O-SSM	13579
	YALE	0
	0.457985	0
	0.117578
PRED	O-SSM	13579
	YALE	0
	0.305449	0
	2.411668
PRED	O-SSM	13579
	YALE	0
	0.288482	0
	2.697217
PRED	O-SSM	13579
	YALE	0
	0.421084	0
	0.644059
PRED	O-SSM	13579
	YALE	0
	0.427517	0
	0.551549
PRED	O-SSM	13579
	YALE	0
	0.392229	0
	1.064311
PRED	O-SSM	13579
	YALE	0
	0.366889	0
	1.442440
PRED	O-SSM	13579
	YALE	0
	0.219996	0
	3.972176
PRED	O-SSM	13579
	YALE	0
	0.428663	0
	0.535098
PRED	O-SSM	13579
	YALE	0
	0.376508	0
	1.297738
PRED	O-SSM	13579
	PITT	1
	0.707184	1
	1.098298
PRED	O-SSM	13579
	PITT	1
	0.698889	1
	1.409199
PRED	O-SSM	13579
	PITT	1
	0.712861	1
	0.882577
PRED	O-SSM	13579
	PITT	1
	0.704892	1
	1.184726
PRED	O-SSM	13579
	PITT	1
	0.710537	1
	0.971188
PRED	O-SSM	13579
	PITT	1
	0.689279	1
	1.763334
PRED	O-SSM	13579
	PITT	1
	0.726789	1
	0.342136
PRED	O-SSM	13579
	PITT	1
	0.701688	1
	1.304856
PRED	O-SSM	13579
	PITT	1
	0.711067	1
	0.951018
PRED	O-SSM	13579
	PITT	1
	0.710880	1
	0.958149
PRED	O-SSM	13579
	PITT	1
	0.710756	1
	0.962851
PRED	O-SSM	13579
	PITT	1
	0.714864	1
	0.805835
PRED	O-SSM	13579
	PITT	1
	0.729423	1
	0.238037
PRED	O-SSM	13579
	PITT	0
	0.717383	1
	0.708904
PRED	O-SSM	13579
	PITT	0
	0.710791	1
	0.961518
PRED	O-SSM	13579
	PITT	0
	0.699642	1
	1.381171
PRED	O-SSM	13579
	PITT	0
	0.712816	1
	0.884301
PRED	O-SSM	13579
	PITT	0
	0.712149	1
	0.909767
PRED	O-SSM	13579
	PITT	0
	0.718439	1
	0.668114
PRED	O-SSM	13579
	PITT	0
	0.725976	1
	0.374170
PRED	O-SSM	13579
	PITT	0
	0.703111	1
	1.251567
PRED	O-SSM	13579
	PITT	0
	0.700953	1
	1.332278
PRED	O-SSM	13579
	PITT	0
	0.694004	1
	1.589988
PRED	O-SSM	13579
	PITT	0
	0.701486	1
	1.312372
PRED	O-SSM	13579
	PITT	0
	0.700943	1
	1.332650
PRED	O-SSM	13579
	PITT	0
	0.707911	1
	1.070823
PRED	O-SSM	13579
	USM	1
	0.475772	0
	0.364098
PRED	O-SSM	13579
	USM	1
	0.528643	1
	0.723808
PRED	O-SSM	13579
	USM	1
	0.475761	0
	0.364028
PRED	O-SSM	13579
	USM	1
	0.743390	1
	2.336337
PRED	O-SSM	13579
	USM	1
	0.600538	1
	1.221707
PRED	O-SSM	13579
	USM	1
	0.721882	1
	2.149679
PRED	O-SSM	13579
	USM	1
	0.493725	0
	0.486253
PRED	O-SSM	13579
	USM	1
	0.633540	1
	1.459135
PRED	O-SSM	13579
	USM	1
	0.569979	1
	1.007700
PRED	O-SSM	13579
	USM	1
	0.542762	1
	0.820274
PRED	O-SSM	13579
	USM	1
	0.467037	0
	0.304536
PRED	O-SSM	13579
	USM	1
	0.460091	0
	0.257065
PRED	O-SSM	13579
	USM	1
	0.682620	1
	1.830257
PRED	O-SSM	13579
	USM	0
	0.463932	0
	0.283324
PRED	O-SSM	13579
	USM	0
	0.524010	1
	0.692227
PRED	O-SSM	13579
	USM	0
	0.609576	1
	1.285977
PRED	O-SSM	13579
	USM	0
	0.508183	1
	0.584533
PRED	O-SSM	13579
	USM	0
	0.575366	1
	1.045100
PRED	O-SSM	13579
	USM	0
	0.646660	1
	1.555919
PRED	O-SSM	13579
	USM	0
	0.635941	1
	1.476735
PRED	O-SSM	13579
	USM	0
	0.602803	1
	1.237760
PRED	O-SSM	13579
	USM	0
	0.445631	0
	0.157892
PRED	O-SSM	13579
	USM	0
	0.471527	0
	0.335166
PRED	O-SSM	13579
	USM	0
	0.550559	1
	0.873735
PRED	O-SSM	13579
	USM	0
	0.492002	0
	0.474537
PRED	O-SSM	13579
	USM	0
	0.517240	1
	0.646133
PRED	O-SSM	13579
	MAX_MUN	1
	0.459855	0
	0.142464
PRED	O-SSM	13579
	MAX_MUN	1
	0.432500	0
	0.305488
PRED	O-SSM	13579
	MAX_MUN	1
	0.251295	0
	1.512808
PRED	O-SSM	13579
	MAX_MUN	1
	0.364968	0
	0.720964
PRED	O-SSM	13579
	MAX_MUN	1
	0.276551	0
	1.321298
PRED	O-SSM	13579
	MAX_MUN	1
	0.203536	0
	1.914175
PRED	O-SSM	13579
	MAX_MUN	1
	0.416699	0
	0.400716
PRED	O-SSM	13579
	MAX_MUN	1
	0.396219	0
	0.525717
PRED	O-SSM	13579
	MAX_MUN	1
	0.349080	0
	0.822874
PRED	O-SSM	13579
	MAX_MUN	1
	0.428309	0
	0.330658
PRED	O-SSM	13579
	MAX_MUN	1
	0.244822	0
	1.563903
PRED	O-SSM	13579
	MAX_MUN	1
	0.285447	0
	1.256467
PRED	O-SSM	13579
	MAX_MUN	1
	0.265628	0
	1.402685
PRED	O-SSM	13579
	MAX_MUN	0
	0.346699	0
	0.838327
PRED	O-SSM	13579
	MAX_MUN	0
	0.389476	0
	0.567339
PRED	O-SSM	13579
	MAX_MUN	0
	0.238868	0
	1.611713
PRED	O-SSM	13579
	MAX_MUN	0
	0.306768	0
	1.105815
PRED	O-SSM	13579
	MAX_MUN	0
	0.235999	0
	1.635041
PRED	O-SSM	13579
	MAX_MUN	0
	0.243618	0
	1.573506
PRED	O-SSM	13579
	MAX_MUN	0
	0.217113	0
	1.793791
PRED	O-SSM	13579
	MAX_MUN	0
	0.379321	0
	0.630520
PRED	O-SSM	13579
	MAX_MUN	0
	0.244706	0
	1.564826
PRED	O-SSM	13579
	MAX_MUN	0
	0.215075	0
	1.811505
PRED	O-SSM	13579
	MAX_MUN	0
	0.235796	0
	1.636700
PRED	O-SSM	13579
	MAX_MUN	0
	0.259340	0
	1.450513
PRED	O-SSM	13579
	MAX_MUN	0
	0.270923	0
	1.362972
PRED	O-SSM	13579
	TRINITY	1
	0.207447	0
	1.865001
PRED	O-SSM	13579
	TRINITY	1
	0.301015	0
	0.632018
PRED	O-SSM	13579
	TRINITY	1
	0.209115	0
	1.839959
PRED	O-SSM	13579
	TRINITY	1
	0.235697	0
	1.458972
PRED	O-SSM	13579
	TRINITY	1
	0.258514	0
	1.155100
PRED	O-SSM	13579
	TRINITY	1
	0.284683	0
	0.827352
PRED	O-SSM	13579
	TRINITY	1
	0.248647	0
	1.284214
PRED	O-SSM	13579
	TRINITY	1
	0.297208	0
	0.676989
PRED	O-SSM	13579
	TRINITY	1
	0.219275	0
	1.690456
PRED	O-SSM	13579
	TRINITY	1
	0.255737	0
	1.191109
PRED	O-SSM	13579
	TRINITY	1
	0.186010	0
	2.201191
PRED	O-SSM	13579
	TRINITY	1
	0.298759	0
	0.658632
PRED	O-SSM	13579
	TRINITY	1
	0.222575	0
	1.642977
PRED	O-SSM	13579
	TRINITY	0
	0.300090	0
	0.642917
PRED	O-SSM	13579
	TRINITY	0
	0.306109	0
	0.572354
PRED	O-SSM	13579
	TRINITY	0
	0.268509	0
	1.027558
PRED	O-SSM	13579
	TRINITY	0
	0.283933	0
	0.836477
PRED	O-SSM	13579
	TRINITY	0
	0.306103	0
	0.572426
PRED	O-SSM	13579
	TRINITY	0
	0.283890	0
	0.837001
PRED	O-SSM	13579
	TRINITY	0
	0.305123	0
	0.583854
PRED	O-SSM	13579
	TRINITY	0
	0.256032	0
	1.187275
PRED	O-SSM	13579
	TRINITY	0
	0.310410	0
	0.522408
PRED	O-SSM	13579
	TRINITY	0
	0.243383	0
	1.354487
PRED	O-SSM	13579
	TRINITY	0
	0.254143	0
	1.211889
PRED	O-SSM	13579
	TRINITY	0
	0.285031	0
	0.823119
PRED	O-SSM	13579
	TRINITY	0
	0.245345	0
	1.328174
PRED	O-SSM	13579
	KKI	1
	0.642678	1
	1.074775
PRED	O-SSM	13579
	KKI	1
	0.644180	1
	1.308377
PRED	O-SSM	13579
	KKI	1
	0.641187	1
	0.843281
PRED	O-SSM	13579
	KKI	1
	0.642097	1
	0.984533
PRED	O-SSM	13579
	KKI	1
	0.639452	1
	0.574398
PRED	O-SSM	13579
	KKI	1
	0.642572	1
	1.058279
PRED	O-SSM	13579
	KKI	1
	0.646984	1
	1.745796
PRED	O-SSM	13579
	KKI	1
	0.642754	1
	1.086629
PRED	O-SSM	13579
	KKI	1
	0.649102	1
	2.077225
PRED	O-SSM	13579
	KKI	1
	0.643105	1
	1.141124
PRED	O-SSM	13579
	KKI	1
	0.645564	1
	1.524137
PRED	O-SSM	13579
	KKI	1
	0.639025	1
	0.508226
PRED	O-SSM	13579
	KKI	1
	0.637736	1
	0.308973
PRED	O-SSM	13579
	KKI	0
	0.642664	1
	1.072501
PRED	O-SSM	13579
	KKI	0
	0.644608	1
	1.375116
PRED	O-SSM	13579
	KKI	0
	0.648276	1
	1.947909
PRED	O-SSM	13579
	KKI	0
	0.646019	1
	1.595171
PRED	O-SSM	13579
	KKI	0
	0.641346	1
	0.867853
PRED	O-SSM	13579
	KKI	0
	0.637825	1
	0.322720
PRED	O-SSM	13579
	KKI	0
	0.647144	1
	1.770781
PRED	O-SSM	13579
	KKI	0
	0.643313	1
	1.173440
PRED	O-SSM	13579
	KKI	0
	0.638711	1
	0.459689
PRED	O-SSM	13579
	KKI	0
	0.638071	1
	0.360781
PRED	O-SSM	13579
	KKI	0
	0.640095	1
	0.673840
PRED	O-SSM	13579
	KKI	0
	0.637928	1
	0.338582
PRED	O-SSM	13579
	KKI	0
	0.641246	1
	0.852394
PRED	O-SSM	13579
	STANFORD	1
	0.305327	0
	2.394457
PRED	O-SSM	13579
	STANFORD	1
	0.360521	0
	1.290608
PRED	O-SSM	13579
	STANFORD	1
	0.190152	0
	5.174365
PRED	O-SSM	13579
	STANFORD	1
	0.362701	0
	1.248737
PRED	O-SSM	13579
	STANFORD	1
	0.324637	0
	1.997546
PRED	O-SSM	13579
	STANFORD	1
	0.350644	0
	1.481743
PRED	O-SSM	13579
	STANFORD	1
	0.395890	0
	0.623371
PRED	O-SSM	13579
	STANFORD	1
	0.385389	0
	0.818975
PRED	O-SSM	13579
	STANFORD	1
	0.361788	0
	1.266246
PRED	O-SSM	13579
	STANFORD	1
	0.374586	0
	1.022298
PRED	O-SSM	13579
	STANFORD	1
	0.337329	0
	1.743382
PRED	O-SSM	13579
	STANFORD	1
	0.404712	0
	0.460420
PRED	O-SSM	13579
	STANFORD	1
	0.409327	0
	0.375641
PRED	O-SSM	13579
	STANFORD	0
	0.383305	0
	0.858023
PRED	O-SSM	13579
	STANFORD	0
	0.365106	0
	1.202658
PRED	O-SSM	13579
	STANFORD	0
	0.404876	0
	0.457393
PRED	O-SSM	13579
	STANFORD	0
	0.388050	0
	0.769228
PRED	O-SSM	13579
	STANFORD	0
	0.348443	0
	1.524648
PRED	O-SSM	13579
	STANFORD	0
	0.369303	0
	1.122579
PRED	O-SSM	13579
	STANFORD	0
	0.427500	0
	0.044461
PRED	O-SSM	13579
	STANFORD	0
	0.382133	0
	0.880024
PRED	O-SSM	13579
	STANFORD	0
	0.354261	0
	1.411462
PRED	O-SSM	13579
	STANFORD	0
	0.410926	0
	0.346328
PRED	O-SSM	13579
	STANFORD	0
	0.394118	0
	0.656247
PRED	O-SSM	13579
	STANFORD	0
	0.361091	0
	1.279646
PRED	O-SSM	13579
	STANFORD	0
	0.387156	0
	0.785935
PRED	O-SSM	13579
	CALTECH	1
	0.243332	0
	0.720091
PRED	O-SSM	13579
	CALTECH	1
	0.234800	0
	0.772810
PRED	O-SSM	13579
	CALTECH	1
	0.252853	0
	0.662722
PRED	O-SSM	13579
	CALTECH	1
	0.259169	0
	0.625449
PRED	O-SSM	13579
	CALTECH	1
	0.200466	0
	0.999823
PRED	O-SSM	13579
	CALTECH	1
	0.147922	0
	1.412988
PRED	O-SSM	13579
	CALTECH	1
	0.273170	0
	0.544873
PRED	O-SSM	13579
	CALTECH	1
	0.251947	0
	0.668120
PRED	O-SSM	13579
	CALTECH	1
	0.356850	0
	0.107063
PRED	O-SSM	13579
	CALTECH	1
	0.025119	0
	3.557105
PRED	O-SSM	13579
	CALTECH	1
	0.269094	0
	0.568053
PRED	O-SSM	13579
	CALTECH	1
	0.304998	0
	0.370676
PRED	O-SSM	13579
	CALTECH	0
	0.212812	0
	0.915160
PRED	O-SSM	13579
	CALTECH	0
	0.206786	0
	0.956017
PRED	O-SSM	13579
	CALTECH	0
	0.338927	0
	0.195873
PRED	O-SSM	13579
	CALTECH	0
	0.251827	0
	0.668836
PRED	O-SSM	13579
	CALTECH	0
	0.237493	0
	0.756027
PRED	O-SSM	13579
	CALTECH	0
	0.201145	0
	0.995063
PRED	O-SSM	13579
	CALTECH	0
	0.105605	0
	1.846195
PRED	O-SSM	13579
	CALTECH	0
	0.330973	0
	0.236010
PRED	O-SSM	13579
	CALTECH	0
	0.254402	0
	0.653525
PRED	O-SSM	13579
	CALTECH	0
	0.168918	0
	1.235763
PRED	O-SSM	13579
	CALTECH	0
	0.167183	0
	1.249711
PRED	O-SSM	13579
	CALTECH	0
	0.327177	0
	0.255331
PRED	O-SSM	13579
	LEUVEN_2	1
	0.602512	1
	1.703671
PRED	O-SSM	13579
	LEUVEN_2	1
	0.545113	1
	1.199921
PRED	O-SSM	13579
	LEUVEN_2	1
	0.436671	0
	0.266099
PRED	O-SSM	13579
	LEUVEN_2	1
	0.630169	1
	1.954471
PRED	O-SSM	13579
	LEUVEN_2	1
	0.478028	0
	0.623523
PRED	O-SSM	13579
	LEUVEN_2	1
	0.522645	1
	1.006345
PRED	O-SSM	13579
	LEUVEN_2	1
	0.519862	1
	0.982439
PRED	O-SSM	13579
	LEUVEN_2	1
	0.468204	0
	0.539043
PRED	O-SSM	13579
	LEUVEN_2	1
	0.560418	1
	1.332641
PRED	O-SSM	13579
	LEUVEN_2	1
	0.570947	1
	1.424511
PRED	O-SSM	13579
	LEUVEN_2	1
	0.469843	0
	0.553155
PRED	O-SSM	13579
	LEUVEN_2	1
	0.561988	1
	1.346314
PRED	O-SSM	13579
	LEUVEN_2	0
	0.523109	1
	1.010334
PRED	O-SSM	13579
	LEUVEN_2	0
	0.547107	1
	1.217167
PRED	O-SSM	13579
	LEUVEN_2	0
	0.542621	1
	1.178387
PRED	O-SSM	13579
	LEUVEN_2	0
	0.544330	1
	1.193150
PRED	O-SSM	13579
	LEUVEN_2	0
	0.451408	0
	0.394078
PRED	O-SSM	13579
	LEUVEN_2	0
	0.440228	0
	0.297068
PRED	O-SSM	13579
	LEUVEN_2	0
	0.605541	1
	1.730820
PRED	O-SSM	13579
	LEUVEN_2	0
	0.453509	0
	0.412257
PRED	O-SSM	13579
	LEUVEN_2	0
	0.621295	1
	1.873238
PRED	O-SSM	13579
	LEUVEN_2	0
	0.520244	1
	0.985725
PRED	O-SSM	13579
	LEUVEN_2	0
	0.521669	1
	0.997964
PRED	O-SSM	13579
	LEUVEN_2	0
	0.474737	0
	0.595245
PRED	O-SSM	13579
	OLIN	1
	0.678317	1
	1.180007
PRED	O-SSM	13579
	OLIN	1
	0.431590	0
	0.095075
PRED	O-SSM	13579
	OLIN	1
	0.468551	0
	0.253767
PRED	O-SSM	13579
	OLIN	1
	0.528103	1
	0.507091
PRED	O-SSM	13579
	OLIN	1
	0.485321	0
	0.325180
PRED	O-SSM	13579
	OLIN	1
	0.499003	0
	0.383330
PRED	O-SSM	13579
	OLIN	1
	0.616140	1
	0.890186
PRED	O-SSM	13579
	OLIN	1
	0.728056	1
	1.433589
PRED	O-SSM	13579
	OLIN	1
	0.642870	1
	1.011965
PRED	O-SSM	13579
	OLIN	1
	0.453675	0
	0.190176
PRED	O-SSM	13579
	OLIN	1
	0.464575	0
	0.236800
PRED	O-SSM	13579
	OLIN	1
	0.651281	1
	1.051084
PRED	O-SSM	13579
	OLIN	0
	0.884923	1
	2.554314
PRED	O-SSM	13579
	OLIN	0
	0.451310	0
	0.180034
PRED	O-SSM	13579
	OLIN	0
	0.519936	1
	0.472313
PRED	O-SSM	13579
	OLIN	0
	0.511913	1
	0.438188
PRED	O-SSM	13579
	OLIN	0
	0.605600	1
	0.843088
PRED	O-SSM	13579
	OLIN	0
	0.458562	0
	0.211098
PRED	O-SSM	13579
	OLIN	0
	0.533098	1
	0.528394
PRED	O-SSM	13579
	OLIN	0
	0.798807	1
	1.852168
PRED	O-SSM	13579
	OLIN	0
	0.603286	1
	0.832807
PRED	O-SSM	13579
	OLIN	0
	0.709071	1
	1.333842
PRED	O-SSM	13579
	OLIN	0
	0.531117	1
	0.519944
PRED	O-SSM	13579
	OLIN	0
	0.595565	1
	0.798651
PRED	O-SSM	13579
	SBL	1
	0.551894	1
	1.361510
PRED	O-SSM	13579
	SBL	1
	0.530619	1
	1.628874
PRED	O-SSM	13579
	SBL	1
	0.576546	1
	1.048646
PRED	O-SSM	13579
	SBL	1
	0.553508	1
	1.341142
PRED	O-SSM	13579
	SBL	1
	0.646008	1
	0.134767
PRED	O-SSM	13579
	SBL	1
	0.554943	1
	1.323027
PRED	O-SSM	13579
	SBL	1
	0.614436	1
	0.557623
PRED	O-SSM	13579
	SBL	1
	0.569627	1
	1.136871
PRED	O-SSM	13579
	SBL	1
	0.583604	1
	0.958247
PRED	O-SSM	13579
	SBL	1
	0.590473	1
	0.869847
PRED	O-SSM	13579
	SBL	1
	0.618746	1
	0.500746
PRED	O-SSM	13579
	SBL	1
	0.512450	1
	1.856057
PRED	O-SSM	13579
	SBL	0
	0.581538	1
	0.984750
PRED	O-SSM	13579
	SBL	0
	0.605596	1
	0.673563
PRED	O-SSM	13579
	SBL	0
	0.636803	1
	0.259624
PRED	O-SSM	13579
	SBL	0
	0.568257	1
	1.154306
PRED	O-SSM	13579
	SBL	0
	0.549426	1
	1.392628
PRED	O-SSM	13579
	SBL	0
	0.614141	1
	0.561510
PRED	O-SSM	13579
	SBL	0
	0.604817	1
	0.683727
PRED	O-SSM	13579
	SBL	0
	0.604814	1
	0.683770
PRED	O-SSM	13579
	SBL	0
	0.552711	1
	1.351210
PRED	O-SSM	13579
	SBL	0
	0.605718	1
	0.671962
PRED	O-SSM	13579
	SBL	0
	0.544436	1
	1.455452
PRED	O-SSM	13579
	SBL	0
	0.538063	1
	1.535535
PRED	O-SSM	13579
	LEUVEN_1	1
	0.295067	0
	0.936608
PRED	O-SSM	13579
	LEUVEN_1	1
	0.338549	0
	0.666662
PRED	O-SSM	13579
	LEUVEN_1	1
	0.198332	0
	1.642357
PRED	O-SSM	13579
	LEUVEN_1	1
	0.272281	0
	1.087167
PRED	O-SSM	13579
	LEUVEN_1	1
	0.260904	0
	1.165269
PRED	O-SSM	13579
	LEUVEN_1	1
	0.247596	0
	1.259487
PRED	O-SSM	13579
	LEUVEN_1	1
	0.395510	0
	0.337099
PRED	O-SSM	13579
	LEUVEN_1	1
	0.282029	0
	1.021858
PRED	O-SSM	13579
	LEUVEN_1	1
	0.348842	0
	0.605415
PRED	O-SSM	13579
	LEUVEN_1	1
	0.266609	0
	1.125834
PRED	O-SSM	13579
	LEUVEN_1	1
	0.282399	0
	1.019407
PRED	O-SSM	13579
	LEUVEN_1	1
	0.278740	0
	1.043736
PRED	O-SSM	13579
	LEUVEN_1	0
	0.281488	0
	1.025443
PRED	O-SSM	13579
	LEUVEN_1	0
	0.229460	0
	1.393544
PRED	O-SSM	13579
	LEUVEN_1	0
	0.372392	0
	0.468303
PRED	O-SSM	13579
	LEUVEN_1	0
	0.248022	0
	1.256418
PRED	O-SSM	13579
	LEUVEN_1	0
	0.319557	0
	0.782140
PRED	O-SSM	13579
	LEUVEN_1	0
	0.257677	0
	1.187820
PRED	O-SSM	13579
	LEUVEN_1	0
	0.374438	0
	0.456564
PRED	O-SSM	13579
	LEUVEN_1	0
	0.326715	0
	0.738218
PRED	O-SSM	13579
	LEUVEN_1	0
	0.334135	0
	0.693202
PRED	O-SSM	13579
	LEUVEN_1	0
	0.403865	0
	0.290360
PRED	O-SSM	13579
	LEUVEN_1	0
	0.379225	0
	0.429204
PRED	O-SSM	13579
	LEUVEN_1	0
	0.416876	0
	0.218190
PRED	O-SSM	13579
	SDSU	1
	0.539903	1
	0.309915
PRED	O-SSM	13579
	SDSU	1
	0.512909	1
	0.881099
PRED	O-SSM	13579
	SDSU	1
	0.532516	1
	0.466560
PRED	O-SSM	13579
	SDSU	1
	0.525443	1
	0.616275
PRED	O-SSM	13579
	SDSU	1
	0.479697	0
	1.582015
PRED	O-SSM	13579
	SDSU	1
	0.497752	0
	1.200895
PRED	O-SSM	13579
	SDSU	1
	0.543108	1
	0.241829
PRED	O-SSM	13579
	SDSU	1
	0.536697	1
	0.377946
PRED	O-SSM	13579
	SDSU	1
	0.471416	0
	1.757122
PRED	O-SSM	13579
	SDSU	1
	0.461461	0
	1.968093
PRED	O-SSM	13579
	SDSU	1
	0.518527	1
	0.762459
PRED	O-SSM	13579
	SDSU	1
	0.489926	0
	1.366015
PRED	O-SSM	13579
	SDSU	0
	0.475205	0
	1.676959
PRED	O-SSM	13579
	SDSU	0
	0.479707	0
	1.581796
PRED	O-SSM	13579
	SDSU	0
	0.549957	1
	0.096081
PRED	O-SSM	13579
	SDSU	0
	0.464967	0
	1.893714
PRED	O-SSM	13579
	SDSU	0
	0.501577	1
	1.120204
PRED	O-SSM	13579
	SDSU	0
	0.514093	1
	0.856094
PRED	O-SSM	13579
	SDSU	0
	0.518089	1
	0.771713
PRED	O-SSM	13579
	SDSU	0
	0.481812	0
	1.537328
PRED	O-SSM	13579
	SDSU	0
	0.505704	1
	1.033143
PRED	O-SSM	13579
	SDSU	0
	0.495242	0
	1.253857
PRED	O-SSM	13579
	SDSU	0
	0.515137	1
	0.834060
PRED	O-SSM	13579
	SDSU	0
	0.487768	0
	1.411568
PRED	O-SSM	13579
	CMU	1
	0.416068	0
	1.065718
PRED	O-SSM	13579
	CMU	1
	0.373879	0
	0.077094
PRED	O-SSM	13579
	CMU	1
	0.381573	0
	0.260274
PRED	O-SSM	13579
	CMU	1
	0.379206	0
	0.204065
PRED	O-SSM	13579
	CMU	1
	0.403357	0
	0.771610
PRED	O-SSM	13579
	CMU	1
	0.380135	0
	0.226149
PRED	O-SSM	13579
	CMU	1
	0.372373	0
	0.041076
PRED	O-SSM	13579
	CMU	1
	0.426193	0
	1.298136
PRED	O-SSM	13579
	CMU	1
	0.393070	0
	0.531391
PRED	O-SSM	13579
	CMU	1
	0.394473	0
	0.564288
PRED	O-SSM	13579
	CMU	1
	0.377740	0
	0.169205
PRED	O-SSM	13579
	CMU	1
	0.378153	0
	0.179043
PRED	O-SSM	13579
	CMU	0
	0.391116	0
	0.485530
PRED	O-SSM	13579
	CMU	0
	0.387582	0
	0.402334
PRED	O-SSM	13579
	CMU	0
	0.375773	0
	0.122324
PRED	O-SSM	13579
	CMU	0
	0.405560	0
	0.822790
PRED	O-SSM	13579
	CMU	0
	0.406019	0
	0.833428
PRED	O-SSM	13579
	CMU	0
	0.393279	0
	0.536305
PRED	O-SSM	13579
	CMU	0
	0.444859	0
	1.723068
PRED	O-SSM	13579
	CMU	0
	0.399099	0
	0.672435
PRED	O-SSM	13579
	CMU	0
	0.394861	0
	0.573372
PRED	O-SSM	13579
	CMU	0
	0.435255	0
	1.504962
PRED	O-SSM	13579
	CMU	0
	0.390093	0
	0.461460
PRED	O-SSM	13579
	CMU	0
	0.437131	0
	1.547647
PRED	O-SSM	13579
	UCLA_2	1
	0.353405	0
	0.806488
PRED	O-SSM	13579
	UCLA_2	1
	0.376603	0
	1.187841
PRED	O-SSM	13579
	UCLA_2	1
	0.364129	0
	0.984058
PRED	O-SSM	13579
	UCLA_2	1
	0.391362	0
	1.425523
PRED	O-SSM	13579
	UCLA_2	1
	0.321813	0
	0.268094
PRED	O-SSM	13579
	UCLA_2	1
	0.355307	0
	0.838155
PRED	O-SSM	13579
	UCLA_2	1
	0.335083	0
	0.497271
PRED	O-SSM	13579
	UCLA_2	1
	0.389445	0
	1.394849
PRED	O-SSM	13579
	UCLA_2	1
	0.359219	0
	0.903055
PRED	O-SSM	13579
	UCLA_2	1
	0.339896	0
	0.579274
PRED	O-SSM	13579
	UCLA_2	1
	0.396106	0
	1.501232
PRED	O-SSM	13579
	UCLA_2	1
	0.377437	0
	1.201355
PRED	O-SSM	13579
	UCLA_2	0
	0.326712	0
	0.353254
PRED	O-SSM	13579
	UCLA_2	0
	0.356374	0
	0.855886
PRED	O-SSM	13579
	UCLA_2	0
	0.330889	0
	0.425347
PRED	O-SSM	13579
	UCLA_2	0
	0.372344	0
	1.118573
PRED	O-SSM	13579
	UCLA_2	0
	0.377073	0
	1.195461
PRED	O-SSM	13579
	UCLA_2	0
	0.336052	0
	0.513830
PRED	O-SSM	13579
	UCLA_2	0
	0.375883	0
	1.176154
PRED	O-SSM	13579
	UCLA_2	0
	0.360628	0
	0.926354
PRED	O-SSM	13579
	UCLA_2	0
	0.406024	0
	1.658499
PRED	O-SSM	13579
	UCLA_2	0
	0.444801	0
	2.263109
PRED	O-SSM	13579
	UCLA_2	0
	0.381290	0
	1.263693
PRED	O-SSM	13579
	UCLA_2	0
	0.422661	0
	1.919694
PRED	O-SSM	13579
	UM_2	1
	0.512083	1
	1.796833
PRED	O-SSM	13579
	UM_2	1
	0.442525	0
	1.059444
PRED	O-SSM	13579
	UM_2	1
	0.359210	0
	0.140892
PRED	O-SSM	13579
	UM_2	1
	0.417560	0
	0.790439
PRED	O-SSM	13579
	UM_2	1
	0.455177	0
	1.194496
PRED	O-SSM	13579
	UM_2	1
	0.399109	0
	0.588753
PRED	O-SSM	13579
	UM_2	1
	0.440948	0
	1.042561
PRED	O-SSM	13579
	UM_2	1
	0.400114	0
	0.599819
PRED	O-SSM	13579
	UM_2	1
	0.644091	1
	3.235423
PRED	O-SSM	13579
	UM_2	1
	0.479965	0
	1.457461
PRED	O-SSM	13579
	UM_2	1
	0.387778	0
	0.463381
PRED	O-SSM	13579
	UM_2	1
	0.382041	0
	0.399391
PRED	O-SSM	13579
	UM_2	0
	0.473989	0
	1.394212
PRED	O-SSM	13579
	UM_2	0
	0.382095	0
	0.400000
PRED	O-SSM	13579
	UM_2	0
	0.382653	0
	0.406240
PRED	O-SSM	13579
	UM_2	0
	0.490685	0
	1.570784
PRED	O-SSM	13579
	UM_2	0
	0.485899	0
	1.520212
PRED	O-SSM	13579
	UM_2	0
	0.467746	0
	1.328043
PRED	O-SSM	13579
	UM_2	0
	0.521876	1
	1.900386
PRED	O-SSM	13579
	UM_2	0
	0.433555	0
	0.963226
PRED	O-SSM	13579
	UM_2	0
	0.412832	0
	0.739021
PRED	O-SSM	13579
	UM_2	0
	0.372050	0
	0.287070
PRED	O-SSM	13579
	UM_2	0
	0.422190	0
	0.840628
PRED	O-SSM	13579
	UM_2	0
	0.436784	0
	0.997913
PRED	O-SSM	13579
	OHSU	1
	0.351389	0
	1.001997
PRED	O-SSM	13579
	OHSU	1
	0.358403	0
	0.873711
PRED	O-SSM	13579
	OHSU	1
	0.275272	0
	2.488981
PRED	O-SSM	13579
	OHSU	1
	0.373441	0
	0.602275
PRED	O-SSM	13579
	OHSU	1
	0.371172	0
	0.642934
PRED	O-SSM	13579
	OHSU	1
	0.370068	0
	0.662743
PRED	O-SSM	13579
	OHSU	1
	0.373274	0
	0.605251
PRED	O-SSM	13579
	OHSU	1
	0.352132	0
	0.988349
PRED	O-SSM	13579
	OHSU	1
	0.356341	0
	0.911305
PRED	O-SSM	13579
	OHSU	1
	0.334228	0
	1.321022
PRED	O-SSM	13579
	OHSU	1
	0.352749	0
	0.977035
PRED	O-SSM	13579
	OHSU	1
	0.379789	0
	0.489034
PRED	O-SSM	13579
	OHSU	0
	0.321586	0
	1.561256
PRED	O-SSM	13579
	OHSU	0
	0.358272	0
	0.876086
PRED	O-SSM	13579
	OHSU	0
	0.323093	0
	1.532380
PRED	O-SSM	13579
	OHSU	0
	0.301832	0
	1.946930
PRED	O-SSM	13579
	OHSU	0
	0.405770	0
	0.032745
PRED	O-SSM	13579
	OHSU	0
	0.340232	0
	1.208533
PRED	O-SSM	13579
	OHSU	0
	0.382667	0
	0.437962
PRED	O-SSM	13579
	OHSU	0
	0.342262	0
	1.170711
PRED	O-SSM	13579
	OHSU	0
	0.369006	0
	0.681829
PRED	O-SSM	13579
	OHSU	0
	0.379780	0
	0.489211
PRED	O-SSM	13579
	OHSU	0
	0.354096	0
	0.952345
PRED	O-SSM	13579
	OHSU	0
	0.397441	0
	0.177884
  O-SSM    13579
   acc=49.400000% bal=49.391026% sites=20
/20
 test_n=500
 assoc=0.984022
PRED	O-SSM	54321
	NYU	1
	0.365576	0
	0.345516
PRED	O-SSM	54321
	NYU	1
	0.361608	0
	0.457982
PRED	O-SSM	54321
	NYU	1
	0.363799	0
	0.395806
PRED	O-SSM	54321
	NYU	1
	0.356196	0
	0.612237
PRED	O-SSM	54321
	NYU	1
	0.333565	0
	1.269354
PRED	O-SSM	54321
	NYU	1
	0.331509	0
	1.330120
PRED	O-SSM	54321
	NYU	1
	0.326488	0
	1.479268
PRED	O-SSM	54321
	NYU	1
	0.341039	0
	1.050060
PRED	O-SSM	54321
	NYU	1
	0.361249	0
	0.468196
PRED	O-SSM	54321
	NYU	1
	0.316757	0
	1.771813
PRED	O-SSM	54321
	NYU	1
	0.357424	0
	0.577163
PRED	O-SSM	54321
	NYU	1
	0.324518	0
	1.538120
PRED	O-SSM	54321
	NYU	1
	0.338531	0
	1.123370
PRED	O-SSM	54321
	NYU	0
	0.340451	0
	1.067233
PRED	O-SSM	54321
	NYU	0
	0.349929	0
	0.792196
PRED	O-SSM	54321
	NYU	0
	0.333813	0
	1.262037
PRED	O-SSM	54321
	NYU	0
	0.344397	0
	0.952281
PRED	O-SSM	54321
	NYU	0
	0.355831	0
	0.622677
PRED	O-SSM	54321
	NYU	0
	0.350028	0
	0.789355
PRED	O-SSM	54321
	NYU	0
	0.337392	0
	1.156765
PRED	O-SSM	54321
	NYU	0
	0.334062	0
	1.254687
PRED	O-SSM	54321
	NYU	0
	0.307502	0
	2.054525
PRED	O-SSM	54321
	NYU	0
	0.360337	0
	0.494111
PRED	O-SSM	54321
	NYU	0
	0.367616	0
	0.287909
PRED	O-SSM	54321
	NYU	0
	0.351418	0
	0.749320
PRED	O-SSM	54321
	NYU	0
	0.347990	0
	0.848188
PRED	O-SSM	54321
	UM_1	1
	0.328737	0
	2.306603
PRED	O-SSM	54321
	UM_1	1
	0.371331	0
	1.836515
PRED	O-SSM	54321
	UM_1	1
	0.473069	0
	0.786211
PRED	O-SSM	54321
	UM_1	1
	0.472312	0
	0.793826
PRED	O-SSM	54321
	UM_1	1
	0.530336	1
	0.210936
PRED	O-SSM	54321
	UM_1	1
	0.409889	0
	1.429904
PRED	O-SSM	54321
	UM_1	1
	0.522377	1
	0.291026
PRED	O-SSM	54321
	UM_1	1
	0.488498	0
	0.631150
PRED	O-SSM	54321
	UM_1	1
	0.417570	0
	1.350458
PRED	O-SSM	54321
	UM_1	1
	0.333517	0
	2.252461
PRED	O-SSM	54321
	UM_1	1
	0.386166	0
	1.678339
PRED	O-SSM	54321
	UM_1	1
	0.470526	0
	0.811809
PRED	O-SSM	54321
	UM_1	1
	0.440452	0
	1.116088
PRED	O-SSM	54321
	UM_1	0
	0.435740	0
	1.164108
PRED	O-SSM	54321
	UM_1	0
	0.542172	1
	0.091538
PRED	O-SSM	54321
	UM_1	0
	0.497735	0
	0.538446
PRED	O-SSM	54321
	UM_1	0
	0.462433	0
	0.893389
PRED	O-SSM	54321
	UM_1	0
	0.481591	0
	0.700519
PRED	O-SSM	54321
	UM_1	0
	0.475276	0
	0.764001
PRED	O-SSM	54321
	UM_1	0
	0.469394	0
	0.823208
PRED	O-SSM	54321
	UM_1	0
	0.455054	0
	0.967934
PRED	O-SSM	54321
	UM_1	0
	0.435658	0
	1.164940
PRED	O-SSM	54321
	UM_1	0
	0.447903	0
	1.040381
PRED	O-SSM	54321
	UM_1	0
	0.433870	0
	1.183195
PRED	O-SSM	54321
	UM_1	0
	0.431883	0
	1.203504
PRED	O-SSM	54321
	UM_1	0
	0.512788	1
	0.387368
PRED	O-SSM	54321
	UCLA_1	1
	0.406653	0
	1.017706
PRED	O-SSM	54321
	UCLA_1	1
	0.406263	0
	1.459341
PRED	O-SSM	54321
	UCLA_1	1
	0.406819	0
	0.829438
PRED	O-SSM	54321
	UCLA_1	1
	0.407064	0
	0.552291
PRED	O-SSM	54321
	UCLA_1	1
	0.406866	0
	0.776778
PRED	O-SSM	54321
	UCLA_1	1
	0.406219	0
	1.509760
PRED	O-SSM	54321
	UCLA_1	1
	0.407236	0
	0.358003
PRED	O-SSM	54321
	UCLA_1	1
	0.406396	0
	1.308329
PRED	O-SSM	54321
	UCLA_1	1
	0.406382	0
	1.324097
PRED	O-SSM	54321
	UCLA_1	1
	0.406923	0
	0.711665
PRED	O-SSM	54321
	UCLA_1	1
	0.405038	0
	2.848110
PRED	O-SSM	54321
	UCLA_1	1
	0.407007	0
	0.616930
PRED	O-SSM	54321
	UCLA_1	1
	0.406697	0
	0.967473
PRED	O-SSM	54321
	UCLA_1	0
	0.407034	0
	0.586149
PRED	O-SSM	54321
	UCLA_1	0
	0.406444	0
	1.254137
PRED	O-SSM	54321
	UCLA_1	0
	0.406829	0
	0.818223
PRED	O-SSM	54321
	UCLA_1	0
	0.406395	0
	1.310235
PRED	O-SSM	54321
	UCLA_1	0
	0.406853	0
	0.791168
PRED	O-SSM	54321
	UCLA_1	0
	0.407108	0
	0.502285
PRED	O-SSM	54321
	UCLA_1	0
	0.404873	0
	3.035026
PRED	O-SSM	54321
	UCLA_1	0
	0.406803	0
	0.847646
PRED	O-SSM	54321
	UCLA_1	0
	0.406643	0
	1.028538
PRED	O-SSM	54321
	UCLA_1	0
	0.407404	0
	0.167398
PRED	O-SSM	54321
	UCLA_1	0
	0.406945	0
	0.687402
PRED	O-SSM	54321
	UCLA_1	0
	0.406797	0
	0.854566
PRED	O-SSM	54321
	UCLA_1	0
	0.407010	0
	0.613844
PRED	O-SSM	54321
	YALE	1
	0.709309	1
	0.977165
PRED	O-SSM	54321
	YALE	1
	0.659688	1
	0.734884
PRED	O-SSM	54321
	YALE	1
	0.618236	1
	0.545551
PRED	O-SSM	54321
	YALE	1
	0.690766	1
	0.884172
PRED	O-SSM	54321
	YALE	1
	0.518703	1
	0.116829
PRED	O-SSM	54321
	YALE	1
	0.773580	1
	1.331548
PRED	O-SSM	54321
	YALE	1
	0.662506	1
	0.748126
PRED	O-SSM	54321
	YALE	1
	0.666267	1
	0.765884
PRED	O-SSM	54321
	YALE	1
	0.599701	1
	0.463592
PRED	O-SSM	54321
	YALE	1
	0.746140	1
	1.173088
PRED	O-SSM	54321
	YALE	1
	0.682791	1
	0.845141
PRED	O-SSM	54321
	YALE	1
	0.746040	1
	1.172536
PRED	O-SSM	54321
	YALE	1
	0.661541	1
	0.743588
PRED	O-SSM	54321
	YALE	0
	0.552058	1
	0.258052
PRED	O-SSM	54321
	YALE	0
	0.592831	1
	0.433547
PRED	O-SSM	54321
	YALE	0
	0.803080	1
	1.517912
PRED	O-SSM	54321
	YALE	0
	0.518763	1
	0.117081
PRED	O-SSM	54321
	YALE	0
	0.918069	1
	2.582028
PRED	O-SSM	54321
	YALE	0
	0.891979	1
	2.260630
PRED	O-SSM	54321
	YALE	0
	0.630504	1
	0.600627
PRED	O-SSM	54321
	YALE	0
	0.596546	1
	0.449774
PRED	O-SSM	54321
	YALE	0
	0.731435	1
	1.092853
PRED	O-SSM	54321
	YALE	0
	0.807146	1
	1.545193
PRED	O-SSM	54321
	YALE	0
	0.972401	1
	3.788127
PRED	O-SSM	54321
	YALE	0
	0.655726	1
	0.716355
PRED	O-SSM	54321
	YALE	0
	0.731812	1
	1.094871
PRED	O-SSM	54321
	PITT	1
	0.328011	0
	1.618434
PRED	O-SSM	54321
	PITT	1
	0.286191	0
	1.984318
PRED	O-SSM	54321
	PITT	1
	0.424567	0
	0.850190
PRED	O-SSM	54321
	PITT	1
	0.370734	0
	1.268610
PRED	O-SSM	54321
	PITT	1
	0.366321	0
	1.303873
PRED	O-SSM	54321
	PITT	1
	0.345679	0
	1.471339
PRED	O-SSM	54321
	PITT	1
	0.474981	0
	0.471047
PRED	O-SSM	54321
	PITT	1
	0.435836	0
	0.764695
PRED	O-SSM	54321
	PITT	1
	0.307233	0
	1.796754
PRED	O-SSM	54321
	PITT	1
	0.337476	0
	1.539160
PRED	O-SSM	54321
	PITT	1
	0.346024	0
	1.468501
PRED	O-SSM	54321
	PITT	1
	0.416000	0
	0.915572
PRED	O-SSM	54321
	PITT	1
	0.497897	0
	0.300440
PRED	O-SSM	54321
	PITT	0
	0.432127	0
	0.792777
PRED	O-SSM	54321
	PITT	0
	0.399038	0
	1.046225
PRED	O-SSM	54321
	PITT	0
	0.332415	0
	1.581410
PRED	O-SSM	54321
	PITT	0
	0.411866	0
	0.947262
PRED	O-SSM	54321
	PITT	0
	0.414460	0
	0.927369
PRED	O-SSM	54321
	PITT	0
	0.377767	0
	1.212768
PRED	O-SSM	54321
	PITT	0
	0.428649	0
	0.819160
PRED	O-SSM	54321
	PITT	0
	0.346356	0
	1.465773
PRED	O-SSM	54321
	PITT	0
	0.392918	0
	1.093807
PRED	O-SSM	54321
	PITT	0
	0.334410	0
	1.564719
PRED	O-SSM	54321
	PITT	0
	0.395961	0
	1.070118
PRED	O-SSM	54321
	PITT	0
	0.350156	0
	1.434639
PRED	O-SSM	54321
	PITT	0
	0.267834	0
	2.154809
PRED	O-SSM	54321
	USM	1
	0.383578	0
	0.248724
PRED	O-SSM	54321
	USM	1
	0.322751	0
	0.829762
PRED	O-SSM	54321
	USM	1
	0.382124	0
	0.262127
PRED	O-SSM	54321
	USM	1
	0.272121	0
	1.358429
PRED	O-SSM	54321
	USM	1
	0.302463	0
	1.035445
PRED	O-SSM	54321
	USM	1
	0.248770	0
	1.622620
PRED	O-SSM	54321
	USM	1
	0.358501	0
	0.482836
PRED	O-SSM	54321
	USM	1
	0.281444	0
	1.256981
PRED	O-SSM	54321
	USM	1
	0.312308	0
	0.934725
PRED	O-SSM	54321
	USM	1
	0.326173	0
	0.795750
PRED	O-SSM	54321
	USM	1
	0.358051	0
	0.487101
PRED	O-SSM	54321
	USM	1
	0.372043	0
	0.355608
PRED	O-SSM	54321
	USM	1
	0.307895	0
	0.979652
PRED	O-SSM	54321
	USM	0
	0.374469	0
	0.333024
PRED	O-SSM	54321
	USM	0
	0.323279	0
	0.824494
PRED	O-SSM	54321
	USM	0
	0.271054	0
	1.370175
PRED	O-SSM	54321
	USM	0
	0.352031	0
	0.544364
PRED	O-SSM	54321
	USM	0
	0.239292	0
	1.734533
PRED	O-SSM	54321
	USM	0
	0.245554	0
	1.660261
PRED	O-SSM	54321
	USM	0
	0.289989	0
	1.165788
PRED	O-SSM	54321
	USM	0
	0.324190	0
	0.815433
PRED	O-SSM	54321
	USM	0
	0.387700	0
	0.210828
PRED	O-SSM	54321
	USM	0
	0.385957	0
	0.226836
PRED	O-SSM	54321
	USM	0
	0.304471	0
	1.014760
PRED	O-SSM	54321
	USM	0
	0.360296	0
	0.465851
PRED	O-SSM	54321
	USM	0
	0.316818	0
	0.889167
PRED	O-SSM	54321
	MAX_MUN	1
	0.417148	0
	0.164582
PRED	O-SSM	54321
	MAX_MUN	1
	0.429736	0
	0.355600
PRED	O-SSM	54321
	MAX_MUN	1
	0.501752	1
	1.429668
PRED	O-SSM	54321
	MAX_MUN	1
	0.447534	0
	0.623388
PRED	O-SSM	54321
	MAX_MUN	1
	0.514479	1
	1.618303
PRED	O-SSM	54321
	MAX_MUN	1
	0.549129	1
	2.134042
PRED	O-SSM	54321
	MAX_MUN	1
	0.440318	0
	0.515097
PRED	O-SSM	54321
	MAX_MUN	1
	0.438638	0
	0.489837
PRED	O-SSM	54321
	MAX_MUN	1
	0.468735	0
	0.939818
PRED	O-SSM	54321
	MAX_MUN	1
	0.424261	0
	0.272707
PRED	O-SSM	54321
	MAX_MUN	1
	0.494393	0
	1.320619
PRED	O-SSM	54321
	MAX_MUN	1
	0.464876	0
	0.882382
PRED	O-SSM	54321
	MAX_MUN	1
	0.508739	1
	1.533203
PRED	O-SSM	54321
	MAX_MUN	0
	0.464001	0
	0.869343
PRED	O-SSM	54321
	MAX_MUN	0
	0.449565	0
	0.653817
PRED	O-SSM	54321
	MAX_MUN	0
	0.463980	0
	0.869035
PRED	O-SSM	54321
	MAX_MUN	0
	0.447958	0
	0.629739
PRED	O-SSM	54321
	MAX_MUN	0
	0.522932	1
	1.743744
PRED	O-SSM	54321
	MAX_MUN	0
	0.514571	1
	1.619673
PRED	O-SSM	54321
	MAX_MUN	0
	0.500487	1
	1.410922
PRED	O-SSM	54321
	MAX_MUN	0
	0.448462	0
	0.637294
PRED	O-SSM	54321
	MAX_MUN	0
	0.500140	1
	1.405778
PRED	O-SSM	54321
	MAX_MUN	0
	0.516433	1
	1.647287
PRED	O-SSM	54321
	MAX_MUN	0
	0.490200	0
	1.258468
PRED	O-SSM	54321
	MAX_MUN	0
	0.493012	0
	1.300142
PRED	O-SSM	54321
	MAX_MUN	0
	0.504985	1
	1.477572
PRED	O-SSM	54321
	TRINITY	1
	0.671805	1
	1.818221
PRED	O-SSM	54321
	TRINITY	1
	0.661612	1
	1.687432
PRED	O-SSM	54321
	TRINITY	1
	0.688277	1
	2.034099
PRED	O-SSM	54321
	TRINITY	1
	0.622363	1
	1.200194
PRED	O-SSM	54321
	TRINITY	1
	0.581549	1
	0.714217
PRED	O-SSM	54321
	TRINITY	1
	0.621950	1
	1.195191
PRED	O-SSM	54321
	TRINITY	1
	0.640312	1
	1.420099
PRED	O-SSM	54321
	TRINITY	1
	0.584851	1
	0.752940
PRED	O-SSM	54321
	TRINITY	1
	0.678609	1
	1.906685
PRED	O-SSM	54321
	TRINITY	1
	0.611085	1
	1.064155
PRED	O-SSM	54321
	TRINITY	1
	0.614265	1
	1.102367
PRED	O-SSM	54321
	TRINITY	1
	0.616960	1
	1.134832
PRED	O-SSM	54321
	TRINITY	1
	0.665869	1
	1.741812
PRED	O-SSM	54321
	TRINITY	0
	0.579478	1
	0.689967
PRED	O-SSM	54321
	TRINITY	0
	0.575832	1
	0.647356
PRED	O-SSM	54321
	TRINITY	0
	0.626522	1
	1.250756
PRED	O-SSM	54321
	TRINITY	0
	0.598440	1
	0.913315
PRED	O-SSM	54321
	TRINITY	0
	0.550180	1
	0.350025
PRED	O-SSM	54321
	TRINITY	0
	0.596685	1
	0.892515
PRED	O-SSM	54321
	TRINITY	0
	0.556166	1
	0.419069
PRED	O-SSM	54321
	TRINITY	0
	0.637717	1
	1.388025
PRED	O-SSM	54321
	TRINITY	0
	0.559301	1
	0.455308
PRED	O-SSM	54321
	TRINITY	0
	0.616018	1
	1.123473
PRED	O-SSM	54321
	TRINITY	0
	0.663890	1
	1.716493
PRED	O-SSM	54321
	TRINITY	0
	0.605717	1
	0.999912
PRED	O-SSM	54321
	TRINITY	0
	0.570861	1
	0.589427
PRED	O-SSM	54321
	KKI	1
	0.625058	1
	1.125841
PRED	O-SSM	54321
	KKI	1
	0.684754	1
	1.569896
PRED	O-SSM	54321
	KKI	1
	0.594934	1
	0.913285
PRED	O-SSM	54321
	KKI	1
	0.600035	1
	0.948871
PRED	O-SSM	54321
	KKI	1
	0.537355	1
	0.519451
PRED	O-SSM	54321
	KKI	1
	0.664913	1
	1.418136
PRED	O-SSM	54321
	KKI	1
	0.686617	1
	1.584400
PRED	O-SSM	54321
	KKI	1
	0.630720	1
	1.166500
PRED	O-SSM	54321
	KKI	1
	0.719517	1
	1.849047
PRED	O-SSM	54321
	KKI	1
	0.622306	1
	1.106160
PRED	O-SSM	54321
	KKI	1
	0.614739	1
	1.052351
PRED	O-SSM	54321
	KKI	1
	0.526829	1
	0.448505
PRED	O-SSM	54321
	KKI	1
	0.499345	0
	0.263861
PRED	O-SSM	54321
	KKI	0
	0.610764	1
	1.024240
PRED	O-SSM	54321
	KKI	0
	0.616060	1
	1.061711
PRED	O-SSM	54321
	KKI	0
	0.785567	1
	2.446986
PRED	O-SSM	54321
	KKI	0
	0.647837	1
	1.291073
PRED	O-SSM	54321
	KKI	0
	0.590508	1
	0.882519
PRED	O-SSM	54321
	KKI	0
	0.511350	1
	0.344451
PRED	O-SSM	54321
	KKI	0
	0.645938	1
	1.277124
PRED	O-SSM	54321
	KKI	0
	0.589018	1
	0.872179
PRED	O-SSM	54321
	KKI	0
	0.512069	1
	0.349284
PRED	O-SSM	54321
	KKI	0
	0.509811	1
	0.334117
PRED	O-SSM	54321
	KKI	0
	0.584875	1
	0.843505
PRED	O-SSM	54321
	KKI	0
	0.539532	1
	0.534153
PRED	O-SSM	54321
	KKI	0
	0.591043	1
	0.886231
PRED	O-SSM	54321
	STANFORD	1
	0.366339	0
	2.755085
PRED	O-SSM	54321
	STANFORD	1
	0.564783	1
	1.148221
PRED	O-SSM	54321
	STANFORD	1
	0.247330	0
	3.877835
PRED	O-SSM	54321
	STANFORD	1
	0.531567	1
	1.414844
PRED	O-SSM	54321
	STANFORD	1
	0.519630	1
	1.509984
PRED	O-SSM	54321
	STANFORD	1
	0.590846	1
	0.935839
PRED	O-SSM	54321
	STANFORD	1
	0.636588	1
	0.552035
PRED	O-SSM	54321
	STANFORD	1
	0.621521	1
	0.680377
PRED	O-SSM	54321
	STANFORD	1
	0.547198	1
	1.289796
PRED	O-SSM	54321
	STANFORD	1
	0.571932	1
	1.090303
PRED	O-SSM	54321
	STANFORD	1
	0.499312	0
	1.671582
PRED	O-SSM	54321
	STANFORD	1
	0.649737	1
	0.438163
PRED	O-SSM	54321
	STANFORD	1
	0.662346	1
	0.327107
PRED	O-SSM	54321
	STANFORD	0
	0.610944	1
	0.769257
PRED	O-SSM	54321
	STANFORD	0
	0.600763	1
	0.853999
PRED	O-SSM	54321
	STANFORD	0
	0.661069	1
	0.338447
PRED	O-SSM	54321
	STANFORD	0
	0.628007	1
	0.625388
PRED	O-SSM	54321
	STANFORD	0
	0.529189	1
	1.433813
PRED	O-SSM	54321
	STANFORD	0
	0.581250	1
	1.014447
PRED	O-SSM	54321
	STANFORD	0
	0.691665	1
	0.060510
PRED	O-SSM	54321
	STANFORD	0
	0.603133	1
	0.834341
PRED	O-SSM	54321
	STANFORD	0
	0.541062	1
	1.338963
PRED	O-SSM	54321
	STANFORD	0
	0.648240	1
	0.451225
PRED	O-SSM	54321
	STANFORD	0
	0.623217	1
	0.666032
PRED	O-SSM	54321
	STANFORD	0
	0.548241	1
	1.281430
PRED	O-SSM	54321
	STANFORD	0
	0.596566	1
	0.888710
PRED	O-SSM	54321
	CALTECH	1
	0.631510	1
	0.537693
PRED	O-SSM	54321
	CALTECH	1
	0.644213	1
	0.438218
PRED	O-SSM	54321
	CALTECH	1
	0.655826	1
	0.345875
PRED	O-SSM	54321
	CALTECH	1
	0.623443	1
	0.600118
PRED	O-SSM	54321
	CALTECH	1
	0.584601	1
	0.894034
PRED	O-SSM	54321
	CALTECH	1
	0.444809	0
	1.913011
PRED	O-SSM	54321
	CALTECH	1
	0.648101	1
	0.407459
PRED	O-SSM	54321
	CALTECH	1
	0.534539	1
	1.261782
PRED	O-SSM	54321
	CALTECH	1
	0.679456	1
	0.153200
PRED	O-SSM	54321
	CALTECH	1
	0.308906	0
	2.968551
PRED	O-SSM	54321
	CALTECH	1
	0.608554	1
	0.713980
PRED	O-SSM	54321
	CALTECH	1
	0.664019	1
	0.279844
PRED	O-SSM	54321
	CALTECH	0
	0.508296	1
	1.452043
PRED	O-SSM	54321
	CALTECH	0
	0.609235	1
	0.708803
PRED	O-SSM	54321
	CALTECH	0
	0.678233	1
	0.163342
PRED	O-SSM	54321
	CALTECH	0
	0.623422	1
	0.600277
PRED	O-SSM	54321
	CALTECH	0
	0.549902	1
	1.149824
PRED	O-SSM	54321
	CALTECH	0
	0.602294	1
	0.761377
PRED	O-SSM	54321
	CALTECH	0
	0.534386	1
	1.262894
PRED	O-SSM	54321
	CALTECH	0
	0.686033	1
	0.098275
PRED	O-SSM	54321
	CALTECH	0
	0.651373	1
	0.381450
PRED	O-SSM	54321
	CALTECH	0
	0.539606	1
	1.224917
PRED	O-SSM	54321
	CALTECH	0
	0.559851	1
	1.076963
PRED	O-SSM	54321
	CALTECH	0
	0.668303	1
	0.244998
PRED	O-SSM	54321
	LEUVEN_2	1
	0.368321	0
	1.616707
PRED	O-SSM	54321
	LEUVEN_2	1
	0.433933	0
	0.990131
PRED	O-SSM	54321
	LEUVEN_2	1
	0.500408	1
	0.377634
PRED	O-SSM	54321
	LEUVEN_2	1
	0.322199	0
	2.084480
PRED	O-SSM	54321
	LEUVEN_2	1
	0.479502	0
	0.569249
PRED	O-SSM	54321
	LEUVEN_2	1
	0.443502	0
	0.901135
PRED	O-SSM	54321
	LEUVEN_2	1
	0.413015	0
	1.186371
PRED	O-SSM	54321
	LEUVEN_2	1
	0.426586	0
	1.058763
PRED	O-SSM	54321
	LEUVEN_2	1
	0.393225	0
	1.374764
PRED	O-SSM	54321
	LEUVEN_2	1
	0.411744	0
	1.198388
PRED	O-SSM	54321
	LEUVEN_2	1
	0.477530	0
	0.587343
PRED	O-SSM	54321
	LEUVEN_2	1
	0.415350	0
	1.164333
PRED	O-SSM	54321
	LEUVEN_2	0
	0.415272	0
	1.165074
PRED	O-SSM	54321
	LEUVEN_2	0
	0.395624	0
	1.351759
PRED	O-SSM	54321
	LEUVEN_2	0
	0.371265	0
	1.587774
PRED	O-SSM	54321
	LEUVEN_2	0
	0.382849	0
	1.474833
PRED	O-SSM	54321
	LEUVEN_2	0
	0.493765	0
	0.438493
PRED	O-SSM	54321
	LEUVEN_2	0
	0.511888	1
	0.272447
PRED	O-SSM	54321
	LEUVEN_2	0
	0.364919	0
	1.650265
PRED	O-SSM	54321
	LEUVEN_2	0
	0.492512	0
	0.449969
PRED	O-SSM	54321
	LEUVEN_2	0
	0.354667	0
	1.752188
PRED	O-SSM	54321
	LEUVEN_2	0
	0.446789	0
	0.870657
PRED	O-SSM	54321
	LEUVEN_2	0
	0.482179	0
	0.544687
PRED	O-SSM	54321
	LEUVEN_2	0
	0.467437	0
	0.680083
PRED	O-SSM	54321
	OLIN	1
	0.450420	0
	0.809894
PRED	O-SSM	54321
	OLIN	1
	0.453842	0
	0.154039
PRED	O-SSM	54321
	OLIN	1
	0.453664	0
	0.187995
PRED	O-SSM	54321
	OLIN	1
	0.452279	0
	0.453341
PRED	O-SSM	54321
	OLIN	1
	0.452978	0
	0.319394
PRED	O-SSM	54321
	OLIN	1
	0.451344	0
	0.632572
PRED	O-SSM	54321
	OLIN	1
	0.450246	0
	0.843138
PRED	O-SSM	54321
	OLIN	1
	0.447735	0
	1.325013
PRED	O-SSM	54321
	OLIN	1
	0.450980	0
	0.702378
PRED	O-SSM	54321
	OLIN	1
	0.453523	0
	0.215048
PRED	O-SSM	54321
	OLIN	1
	0.453532	0
	0.213270
PRED	O-SSM	54321
	OLIN	1
	0.445784	0
	1.699699
PRED	O-SSM	54321
	OLIN	0
	0.446628	0
	1.537685
PRED	O-SSM	54321
	OLIN	0
	0.453334	0
	0.251311
PRED	O-SSM	54321
	OLIN	0
	0.447996	0
	1.274951
PRED	O-SSM	54321
	OLIN	0
	0.452124	0
	0.483049
PRED	O-SSM	54321
	OLIN	0
	0.447703	0
	1.331148
PRED	O-SSM	54321
	OLIN	0
	0.453350	0
	0.248216
PRED	O-SSM	54321
	OLIN	0
	0.451876	0
	0.530685
PRED	O-SSM	54321
	OLIN	0
	0.444405	0
	1.964796
PRED	O-SSM	54321
	OLIN	0
	0.447371	0
	1.394906
PRED	O-SSM	54321
	OLIN	0
	0.449188	0
	1.046076
PRED	O-SSM	54321
	OLIN	0
	0.451817	0
	0.542020
PRED	O-SSM	54321
	OLIN	0
	0.450037	0
	0.883321
PRED	O-SSM	54321
	SBL	1
	0.554445	1
	1.659726
PRED	O-SSM	54321
	SBL	1
	0.547126	1
	1.506537
PRED	O-SSM	54321
	SBL	1
	0.537578	1
	1.307334
PRED	O-SSM	54321
	SBL	1
	0.567589	1
	1.936101
PRED	O-SSM	54321
	SBL	1
	0.480965	0
	0.133050
PRED	O-SSM	54321
	SBL	1
	0.525521	1
	1.056575
PRED	O-SSM	54321
	SBL	1
	0.518661	1
	0.914204
PRED	O-SSM	54321
	SBL	1
	0.534330	1
	1.239712
PRED	O-SSM	54321
	SBL	1
	0.513234	1
	0.801679
PRED	O-SSM	54321
	SBL	1
	0.524134	1
	1.027777
PRED	O-SSM	54321
	SBL	1
	0.501739	1
	0.563528
PRED	O-SSM	54321
	SBL	1
	0.564413	1
	1.869158
PRED	O-SSM	54321
	SBL	0
	0.555249	1
	1.676580
PRED	O-SSM	54321
	SBL	0
	0.503214	1
	0.594080
PRED	O-SSM	54321
	SBL	0
	0.484207	0
	0.200273
PRED	O-SSM	54321
	SBL	0
	0.556523	1
	1.703303
PRED	O-SSM	54321
	SBL	0
	0.515321	1
	0.844942
PRED	O-SSM	54321
	SBL	0
	0.511843	1
	0.772854
PRED	O-SSM	54321
	SBL	0
	0.499605	0
	0.519315
PRED	O-SSM	54321
	SBL	0
	0.500022	1
	0.527957
PRED	O-SSM	54321
	SBL	0
	0.523436	1
	1.013302
PRED	O-SSM	54321
	SBL	0
	0.505514	1
	0.641727
PRED	O-SSM	54321
	SBL	0
	0.543826	1
	1.437621
PRED	O-SSM	54321
	SBL	0
	0.541701	1
	1.393270
PRED	O-SSM	54321
	LEUVEN_1	1
	0.404387	0
	0.732599
PRED	O-SSM	54321
	LEUVEN_1	1
	0.398346	0
	0.759666
PRED	O-SSM	54321
	LEUVEN_1	1
	0.237147	0
	1.573529
PRED	O-SSM	54321
	LEUVEN_1	1
	0.280263	0
	1.331066
PRED	O-SSM	54321
	LEUVEN_1	1
	0.309205	0
	1.181090
PRED	O-SSM	54321
	LEUVEN_1	1
	0.241613	0
	1.547119
PRED	O-SSM	54321
	LEUVEN_1	1
	0.504824	1
	0.294985
PRED	O-SSM	54321
	LEUVEN_1	1
	0.352010	0
	0.972654
PRED	O-SSM	54321
	LEUVEN_1	1
	0.401821	0
	0.744079
PRED	O-SSM	54321
	LEUVEN_1	1
	0.328065	0
	1.087556
PRED	O-SSM	54321
	LEUVEN_1	1
	0.357573	0
	0.946493
PRED	O-SSM	54321
	LEUVEN_1	1
	0.253288	0
	1.479618
PRED	O-SSM	54321
	LEUVEN_1	0
	0.338406	0
	1.037449
PRED	O-SSM	54321
	LEUVEN_1	0
	0.308083	0
	1.186750
PRED	O-SSM	54321
	LEUVEN_1	0
	0.514698	1
	0.252448
PRED	O-SSM	54321
	LEUVEN_1	0
	0.343457	0
	1.013252
PRED	O-SSM	54321
	LEUVEN_1	0
	0.236552	0
	1.577071
PRED	O-SSM	54321
	LEUVEN_1	0
	0.268104	0
	1.396849
PRED	O-SSM	54321
	LEUVEN_1	0
	0.470770	0
	0.441763
PRED	O-SSM	54321
	LEUVEN_1	0
	0.371569	0
	0.881450
PRED	O-SSM	54321
	LEUVEN_1	0
	0.435156	0
	0.596555
PRED	O-SSM	54321
	LEUVEN_1	0
	0.492410	0
	0.348438
PRED	O-SSM	54321
	LEUVEN_1	0
	0.429014	0
	0.623500
PRED	O-SSM	54321
	LEUVEN_1	0
	0.533203	1
	0.172571
PRED	O-SSM	54321
	SDSU	1
	0.579818	1
	0.455412
PRED	O-SSM	54321
	SDSU	1
	0.581755	1
	0.648819
PRED	O-SSM	54321
	SDSU	1
	0.579253	1
	0.399091
PRED	O-SSM	54321
	SDSU	1
	0.579339	1
	0.407602
PRED	O-SSM	54321
	SDSU	1
	0.595774	1
	2.056470
PRED	O-SSM	54321
	SDSU	1
	0.595500	1
	2.028818
PRED	O-SSM	54321
	SDSU	1
	0.577166	1
	0.191053
PRED	O-SSM	54321
	SDSU	1
	0.580875	1
	0.560922
PRED	O-SSM	54321
	SDSU	1
	0.586241	1
	1.097742
PRED	O-SSM	54321
	SDSU	1
	0.590588	1
	1.534077
PRED	O-SSM	54321
	SDSU	1
	0.582005	1
	0.673793
PRED	O-SSM	54321
	SDSU	1
	0.589771	1
	1.451935
PRED	O-SSM	54321
	SDSU	0
	0.592357	1
	1.712056
PRED	O-SSM	54321
	SDSU	0
	0.590750	1
	1.550285
PRED	O-SSM	54321
	SDSU	0
	0.576218	1
	0.096667
PRED	O-SSM	54321
	SDSU	0
	0.612315	1
	3.737854
PRED	O-SSM	54321
	SDSU	0
	0.582292	1
	0.702482
PRED	O-SSM	54321
	SDSU	0
	0.584901	1
	0.963469
PRED	O-SSM	54321
	SDSU	0
	0.584411	1
	0.914463
PRED	O-SSM	54321
	SDSU	0
	0.592962	1
	1.772956
PRED	O-SSM	54321
	SDSU	0
	0.584782	1
	0.951582
PRED	O-SSM	54321
	SDSU	0
	0.591957	1
	1.671750
PRED	O-SSM	54321
	SDSU	0
	0.582903	1
	0.763530
PRED	O-SSM	54321
	SDSU	0
	0.591814	1
	1.657407
PRED	O-SSM	54321
	CMU	1
	0.430154	0
	1.464375
PRED	O-SSM	54321
	CMU	1
	0.534821	1
	0.106055
PRED	O-SSM	54321
	CMU	1
	0.525392	1
	0.228265
PRED	O-SSM	54321
	CMU	1
	0.523672	1
	0.250533
PRED	O-SSM	54321
	CMU	1
	0.481719	0
	0.792646
PRED	O-SSM	54321
	CMU	1
	0.521992	1
	0.272279
PRED	O-SSM	54321
	CMU	1
	0.539664	1
	0.043161
PRED	O-SSM	54321
	CMU	1
	0.440281	0
	1.331359
PRED	O-SSM	54321
	CMU	1
	0.498600	0
	0.574540
PRED	O-SSM	54321
	CMU	1
	0.480290	0
	0.811119
PRED	O-SSM	54321
	CMU	1
	0.523321	1
	0.255071
PRED	O-SSM	54321
	CMU	1
	0.529654	1
	0.173065
PRED	O-SSM	54321
	CMU	0
	0.499362	0
	0.564700
PRED	O-SSM	54321
	CMU	0
	0.501374	1
	0.538710
PRED	O-SSM	54321
	CMU	0
	0.533130	1
	0.128000
PRED	O-SSM	54321
	CMU	0
	0.478969	0
	0.828210
PRED	O-SSM	54321
	CMU	0
	0.489965	0
	0.686074
PRED	O-SSM	54321
	CMU	0
	0.498452	0
	0.576453
PRED	O-SSM	54321
	CMU	0
	0.427549	0
	1.498712
PRED	O-SSM	54321
	CMU	0
	0.476910	0
	0.854858
PRED	O-SSM	54321
	CMU	0
	0.473138	0
	0.903692
PRED	O-SSM	54321
	CMU	0
	0.444378	0
	1.277739
PRED	O-SSM	54321
	CMU	0
	0.509788	1
	0.430041
PRED	O-SSM	54321
	CMU	0
	0.432908	0
	1.428141
PRED	O-SSM	54321
	UCLA_2	1
	0.400185	0
	0.608786
PRED	O-SSM	54321
	UCLA_2	1
	0.367556	0
	0.823890
PRED	O-SSM	54321
	UCLA_2	1
	0.347442	0
	0.960392
PRED	O-SSM	54321
	UCLA_2	1
	0.345245	0
	0.975515
PRED	O-SSM	54321
	UCLA_2	1
	0.463152	0
	0.208195
PRED	O-SSM	54321
	UCLA_2	1
	0.403870	0
	0.584892
PRED	O-SSM	54321
	UCLA_2	1
	0.357924	0
	0.888836
PRED	O-SSM	54321
	UCLA_2	1
	0.339704	0
	1.013865
PRED	O-SSM	54321
	UCLA_2	1
	0.340803	0
	1.006237
PRED	O-SSM	54321
	UCLA_2	1
	0.355597	0
	0.904638
PRED	O-SSM	54321
	UCLA_2	1
	0.280989	0
	1.442373
PRED	O-SSM	54321
	UCLA_2	1
	0.348314	0
	0.954401
PRED	O-SSM	54321
	UCLA_2	0
	0.456346	0
	0.250903
PRED	O-SSM	54321
	UCLA_2	0
	0.386611	0
	0.697437
PRED	O-SSM	54321
	UCLA_2	0
	0.453142	0
	0.271041
PRED	O-SSM	54321
	UCLA_2	0
	0.402354	0
	0.594714
PRED	O-SSM	54321
	UCLA_2	0
	0.354588	0
	0.911507
PRED	O-SSM	54321
	UCLA_2	0
	0.443160	0
	0.333945
PRED	O-SSM	54321
	UCLA_2	0
	0.290659	0
	1.368538
PRED	O-SSM	54321
	UCLA_2	0
	0.407776	0
	0.559649
PRED	O-SSM	54321
	UCLA_2	0
	0.285393	0
	1.408564
PRED	O-SSM	54321
	UCLA_2	0
	0.259667	0
	1.610910
PRED	O-SSM	54321
	UCLA_2	0
	0.338745	0
	1.020535
PRED	O-SSM	54321
	UCLA_2	0
	0.329722	0
	1.083732
PRED	O-SSM	54321
	UM_2	1
	0.468326	0
	2.300810
PRED	O-SSM	54321
	UM_2	1
	0.487243	0
	1.292401
PRED	O-SSM	54321
	UM_2	1
	0.508853	1
	0.142609
PRED	O-SSM	54321
	UM_2	1
	0.493400	0
	0.964748
PRED	O-SSM	54321
	UM_2	1
	0.489957	0
	1.147935
PRED	O-SSM	54321
	UM_2	1
	0.492040	0
	1.037077
PRED	O-SSM	54321
	UM_2	1
	0.493444	0
	0.962384
PRED	O-SSM	54321
	UM_2	1
	0.499972	0
	0.615108
PRED	O-SSM	54321
	UM_2	1
	0.469559	0
	2.234999
PRED	O-SSM	54321
	UM_2	1
	0.497333	0
	0.755488
PRED	O-SSM	54321
	UM_2	1
	0.502015	1
	0.506435
PRED	O-SSM	54321
	UM_2	1
	0.502255	1
	0.493648
PRED	O-SSM	54321
	UM_2	0
	0.480121	0
	1.671651
PRED	O-SSM	54321
	UM_2	0
	0.501990	1
	0.507727
PRED	O-SSM	54321
	UM_2	0
	0.505711	1
	0.309758
PRED	O-SSM	54321
	UM_2	0
	0.490164	0
	1.136896
PRED	O-SSM	54321
	UM_2	0
	0.483743	0
	1.478740
PRED	O-SSM	54321
	UM_2	0
	0.492047	0
	1.036723
PRED	O-SSM	54321
	UM_2	0
	0.481557	0
	1.595189
PRED	O-SSM	54321
	UM_2	0
	0.492636	0
	1.005384
PRED	O-SSM	54321
	UM_2	0
	0.502492	1
	0.481053
PRED	O-SSM	54321
	UM_2	0
	0.506120	1
	0.288022
PRED	O-SSM	54321
	UM_2	0
	0.491071	0
	1.088645
PRED	O-SSM	54321
	UM_2	0
	0.496275	0
	0.811756
PRED	O-SSM	54321
	OHSU	1
	0.338890	0
	1.311646
PRED	O-SSM	54321
	OHSU	1
	0.500708	1
	0.578192
PRED	O-SSM	54321
	OHSU	1
	0.251487	0
	1.773363
PRED	O-SSM	54321
	OHSU	1
	0.446536	0
	0.815917
PRED	O-SSM	54321
	OHSU	1
	0.445190	0
	0.821872
PRED	O-SSM	54321
	OHSU	1
	0.468368	0
	0.719760
PRED	O-SSM	54321
	OHSU	1
	0.395203	0
	1.046328
PRED	O-SSM	54321
	OHSU	1
	0.424203	0
	0.915230
PRED	O-SSM	54321
	OHSU	1
	0.416231	0
	0.950991
PRED	O-SSM	54321
	OHSU	1
	0.254151	0
	1.757954
PRED	O-SSM	54321
	OHSU	1
	0.341655	0
	1.298182
PRED	O-SSM	54321
	OHSU	1
	0.519115	1
	0.497679
PRED	O-SSM	54321
	OHSU	0
	0.403618	0
	1.007986
PRED	O-SSM	54321
	OHSU	0
	0.353364	0
	1.241741
PRED	O-SSM	54321
	OHSU	0
	0.160862	0
	2.386653
PRED	O-SSM	54321
	OHSU	0
	0.195092	0
	2.130275
PRED	O-SSM	54321
	OHSU	0
	0.622236	1
	0.035849
PRED	O-SSM	54321
	OHSU	0
	0.315520	0
	1.427706
PRED	O-SSM	54321
	OHSU	0
	0.536926	1
	0.419558
PRED	O-SSM	54321
	OHSU	0
	0.332112	0
	1.344876
PRED	O-SSM	54321
	OHSU	0
	0.480176	0
	0.667997
PRED	O-SSM	54321
	OHSU	0
	0.465124	0
	0.734006
PRED	O-SSM	54321
	OHSU	0
	0.412439	0
	0.968073
PRED	O-SSM	54321
	OHSU	0
	0.586231	1
	0.200496
  O-SSM    54321
   acc=48.800000% bal=48.846154% sites=20
/20
 test_n=500
 assoc=0.988000
PRED	O-SSM	67890
	NYU	1
	0.695872	1
	0.299943
PRED	O-SSM	67890
	NYU	1
	0.716653	1
	0.429618
PRED	O-SSM	67890
	NYU	1
	0.691761	1
	0.274899
PRED	O-SSM	67890
	NYU	1
	0.763337	1
	0.744284
PRED	O-SSM	67890
	NYU	1
	0.855110	1
	1.526195
PRED	O-SSM	67890
	NYU	1
	0.774074	1
	0.822448
PRED	O-SSM	67890
	NYU	1
	0.841139	1
	1.385746
PRED	O-SSM	67890
	NYU	1
	0.808744	1
	1.094744
PRED	O-SSM	67890
	NYU	1
	0.750301	1
	0.652598
PRED	O-SSM	67890
	NYU	1
	0.843478	1
	1.408539
PRED	O-SSM	67890
	NYU	1
	0.720484	1
	0.454137
PRED	O-SSM	67890
	NYU	1
	0.846045	1
	1.433870
PRED	O-SSM	67890
	NYU	1
	0.802869	1
	1.046153
PRED	O-SSM	67890
	NYU	0
	0.848693	1
	1.460370
PRED	O-SSM	67890
	NYU	0
	0.771305	1
	0.802042
PRED	O-SSM	67890
	NYU	0
	0.817528	1
	1.169570
PRED	O-SSM	67890
	NYU	0
	0.805252	1
	1.065733
PRED	O-SSM	67890
	NYU	0
	0.729052	1
	0.509725
PRED	O-SSM	67890
	NYU	0
	0.795269	1
	0.984893
PRED	O-SSM	67890
	NYU	0
	0.812355	1
	1.125180
PRED	O-SSM	67890
	NYU	0
	0.850758	1
	1.481292
PRED	O-SSM	67890
	NYU	0
	0.927104	1
	2.519804
PRED	O-SSM	67890
	NYU	0
	0.712290	1
	0.401939
PRED	O-SSM	67890
	NYU	0
	0.689665	1
	0.262204
PRED	O-SSM	67890
	NYU	0
	0.775990	1
	0.836667
PRED	O-SSM	67890
	NYU	0
	0.779219	1
	0.860832
PRED	O-SSM	67890
	UM_1	1
	0.265751	0
	1.343435
PRED	O-SSM	67890
	UM_1	1
	0.268628	0
	1.251491
PRED	O-SSM	67890
	UM_1	1
	0.287634	0
	0.658901
PRED	O-SSM	67890
	UM_1	1
	0.267477	0
	1.288193
PRED	O-SSM	67890
	UM_1	1
	0.299780	0
	0.292460
PRED	O-SSM	67890
	UM_1	1
	0.273250	0
	1.105045
PRED	O-SSM	67890
	UM_1	1
	0.297232	0
	0.368597
PRED	O-SSM	67890
	UM_1	1
	0.285783	0
	0.715533
PRED	O-SSM	67890
	UM_1	1
	0.263410	0
	1.418734
PRED	O-SSM	67890
	UM_1	1
	0.257779	0
	1.601606
PRED	O-SSM	67890
	UM_1	1
	0.275383	0
	1.038011
PRED	O-SSM	67890
	UM_1	1
	0.285505	0
	0.724070
PRED	O-SSM	67890
	UM_1	1
	0.276026	0
	1.017844
PRED	O-SSM	67890
	UM_1	0
	0.272953	0
	1.114426
PRED	O-SSM	67890
	UM_1	0
	0.306595	0
	0.090563
PRED	O-SSM	67890
	UM_1	0
	0.271447	0
	1.161977
PRED	O-SSM	67890
	UM_1	0
	0.289671	0
	0.596821
PRED	O-SSM	67890
	UM_1	0
	0.266759	0
	1.311156
PRED	O-SSM	67890
	UM_1	0
	0.275670	0
	1.029000
PRED	O-SSM	67890
	UM_1	0
	0.273748	0
	1.089370
PRED	O-SSM	67890
	UM_1	0
	0.293197	0
	0.489975
PRED	O-SSM	67890
	UM_1	0
	0.271207	0
	1.169591
PRED	O-SSM	67890
	UM_1	0
	0.259583	0
	1.542734
PRED	O-SSM	67890
	UM_1	0
	0.268132	0
	1.267292
PRED	O-SSM	67890
	UM_1	0
	0.259261	0
	1.553231
PRED	O-SSM	67890
	UM_1	0
	0.301064	0
	0.254208
PRED	O-SSM	67890
	UCLA_1	1
	0.494756	0
	1.191650
PRED	O-SSM	67890
	UCLA_1	1
	0.495363	0
	1.217054
PRED	O-SSM	67890
	UCLA_1	1
	0.487754	0
	0.898677
PRED	O-SSM	67890
	UCLA_1	1
	0.478111	0
	0.494840
PRED	O-SSM	67890
	UCLA_1	1
	0.487410	0
	0.884269
PRED	O-SSM	67890
	UCLA_1	1
	0.483310	0
	0.712662
PRED	O-SSM	67890
	UCLA_1	1
	0.472873	0
	0.275221
PRED	O-SSM	67890
	UCLA_1	1
	0.488843	0
	0.944260
PRED	O-SSM	67890
	UCLA_1	1
	0.499446	0
	1.387859
PRED	O-SSM	67890
	UCLA_1	1
	0.486225	0
	0.834675
PRED	O-SSM	67890
	UCLA_1	1
	0.550394	1
	3.526112
PRED	O-SSM	67890
	UCLA_1	1
	0.484364	0
	0.756781
PRED	O-SSM	67890
	UCLA_1	1
	0.496317	0
	1.256967
PRED	O-SSM	67890
	UCLA_1	0
	0.481577	0
	0.640071
PRED	O-SSM	67890
	UCLA_1	0
	0.484039	0
	0.743171
PRED	O-SSM	67890
	UCLA_1	0
	0.480197	0
	0.582237
PRED	O-SSM	67890
	UCLA_1	0
	0.492361	0
	1.091482
PRED	O-SSM	67890
	UCLA_1	0
	0.485893	0
	0.820767
PRED	O-SSM	67890
	UCLA_1	0
	0.481547	0
	0.638792
PRED	O-SSM	67890
	UCLA_1	0
	0.511350	1
	1.885870
PRED	O-SSM	67890
	UCLA_1	0
	0.496499	0
	1.264583
PRED	O-SSM	67890
	UCLA_1	0
	0.491326	0
	1.048177
PRED	O-SSM	67890
	UCLA_1	0
	0.480139	0
	0.579827
PRED	O-SSM	67890
	UCLA_1	0
	0.490975	0
	1.033487
PRED	O-SSM	67890
	UCLA_1	0
	0.483117	0
	0.704542
PRED	O-SSM	67890
	UCLA_1	0
	0.478949	0
	0.529948
PRED	O-SSM	67890
	YALE	1
	0.748501	1
	0.873641
PRED	O-SSM	67890
	YALE	1
	0.712384	1
	0.507159
PRED	O-SSM	67890
	YALE	1
	0.718669	1
	0.568781
PRED	O-SSM	67890
	YALE	1
	0.784627	1
	1.277177
PRED	O-SSM	67890
	YALE	1
	0.674401	1
	0.150271
PRED	O-SSM	67890
	YALE	1
	0.734380	1
	0.726617
PRED	O-SSM	67890
	YALE	1
	0.750305	1
	0.892814
PRED	O-SSM	67890
	YALE	1
	0.729167	1
	0.673612
PRED	O-SSM	67890
	YALE	1
	0.699389	1
	0.382229
PRED	O-SSM	67890
	YALE	1
	0.765526	1
	1.058407
PRED	O-SSM	67890
	YALE	1
	0.717644	1
	0.558672
PRED	O-SSM	67890
	YALE	1
	0.724942	1
	0.631126
PRED	O-SSM	67890
	YALE	1
	0.697774	1
	0.366921
PRED	O-SSM	67890
	YALE	0
	0.683871	1
	0.237000
PRED	O-SSM	67890
	YALE	0
	0.712520	1
	0.508484
PRED	O-SSM	67890
	YALE	0
	0.748583	1
	0.874509
PRED	O-SSM	67890
	YALE	0
	0.671281	1
	0.121982
PRED	O-SSM	67890
	YALE	0
	0.863413	1
	2.376957
PRED	O-SSM	67890
	YALE	0
	0.861996	1
	2.353095
PRED	O-SSM	67890
	YALE	0
	0.759443	1
	0.991375
PRED	O-SSM	67890
	YALE	0
	0.735797	1
	0.741137
PRED	O-SSM	67890
	YALE	0
	0.742889	1
	0.814583
PRED	O-SSM	67890
	YALE	0
	0.803646	1
	1.509467
PRED	O-SSM	67890
	YALE	0
	0.933292	1
	3.962442
PRED	O-SSM	67890
	YALE	0
	0.717684	1
	0.559064
PRED	O-SSM	67890
	YALE	0
	0.798918	1
	1.450209
PRED	O-SSM	67890
	PITT	1
	0.290419	0
	1.334322
PRED	O-SSM	67890
	PITT	1
	0.257607	0
	1.741077
PRED	O-SSM	67890
	PITT	1
	0.341756	0
	0.748260
PRED	O-SSM	67890
	PITT	1
	0.294181	0
	1.289518
PRED	O-SSM	67890
	PITT	1
	0.288111	0
	1.361975
PRED	O-SSM	67890
	PITT	1
	0.277100	0
	1.495800
PRED	O-SSM	67890
	PITT	1
	0.386114	0
	0.275700
PRED	O-SSM	67890
	PITT	1
	0.304235	0
	1.171368
PRED	O-SSM	67890
	PITT	1
	0.251492	0
	1.820477
PRED	O-SSM	67890
	PITT	1
	0.327598	0
	0.904936
PRED	O-SSM	67890
	PITT	1
	0.258168	0
	1.733844
PRED	O-SSM	67890
	PITT	1
	0.336174	0
	0.809638
PRED	O-SSM	67890
	PITT	1
	0.383890	0
	0.298841
PRED	O-SSM	67890
	PITT	0
	0.347221	0
	0.688631
PRED	O-SSM	67890
	PITT	0
	0.334611	0
	0.826914
PRED	O-SSM	67890
	PITT	0
	0.294048	0
	1.291088
PRED	O-SSM	67890
	PITT	0
	0.350350	0
	0.654686
PRED	O-SSM	67890
	PITT	0
	0.322740	0
	0.959477
PRED	O-SSM	67890
	PITT	0
	0.311729	0
	1.084739
PRED	O-SSM	67890
	PITT	0
	0.335527	0
	0.816781
PRED	O-SSM	67890
	PITT	0
	0.286371	0
	1.382921
PRED	O-SSM	67890
	PITT	0
	0.321555	0
	0.972842
PRED	O-SSM	67890
	PITT	0
	0.299190	0
	1.230372
PRED	O-SSM	67890
	PITT	0
	0.283396	0
	1.418898
PRED	O-SSM	67890
	PITT	0
	0.271688	0
	1.562778
PRED	O-SSM	67890
	PITT	0
	0.295605	0
	1.272643
PRED	O-SSM	67890
	USM	1
	0.296482	0
	0.356710
PRED	O-SSM	67890
	USM	1
	0.248671	0
	0.850931
PRED	O-SSM	67890
	USM	1
	0.306576	0
	0.258662
PRED	O-SSM	67890
	USM	1
	0.195382	0
	1.484434
PRED	O-SSM	67890
	USM	1
	0.229502	0
	1.066556
PRED	O-SSM	67890
	USM	1
	0.210718	0
	1.290493
PRED	O-SSM	67890
	USM	1
	0.284378	0
	0.476860
PRED	O-SSM	67890
	USM	1
	0.177722	0
	1.722639
PRED	O-SSM	67890
	USM	1
	0.221748	0
	1.157344
PRED	O-SSM	67890
	USM	1
	0.248572	0
	0.852008
PRED	O-SSM	67890
	USM	1
	0.291119	0
	0.409584
PRED	O-SSM	67890
	USM	1
	0.305931	0
	0.264867
PRED	O-SSM	67890
	USM	1
	0.205102	0
	1.360258
PRED	O-SSM	67890
	USM	0
	0.299777	0
	0.324498
PRED	O-SSM	67890
	USM	0
	0.274649	0
	0.575692
PRED	O-SSM	67890
	USM	0
	0.212178	0
	1.272590
PRED	O-SSM	67890
	USM	0
	0.277376	0
	0.547774
PRED	O-SSM	67890
	USM	0
	0.195546	0
	1.482299
PRED	O-SSM	67890
	USM	0
	0.220756	0
	1.169119
PRED	O-SSM	67890
	USM	0
	0.216468	0
	1.220475
PRED	O-SSM	67890
	USM	0
	0.239436	0
	0.953326
PRED	O-SSM	67890
	USM	0
	0.313160	0
	0.195683
PRED	O-SSM	67890
	USM	0
	0.312208	0
	0.204742
PRED	O-SSM	67890
	USM	0
	0.237013	0
	0.980642
PRED	O-SSM	67890
	USM	0
	0.286750	0
	0.453082
PRED	O-SSM	67890
	USM	0
	0.287628	0
	0.444311
PRED	O-SSM	67890
	MAX_MUN	1
	0.557009	1
	0.194259
PRED	O-SSM	67890
	MAX_MUN	1
	0.560950	1
	0.329053
PRED	O-SSM	67890
	MAX_MUN	1
	0.612455	1
	2.122083
PRED	O-SSM	67890
	MAX_MUN	1
	0.568259	1
	0.579814
PRED	O-SSM	67890
	MAX_MUN	1
	0.579395	1
	0.963830
PRED	O-SSM	67890
	MAX_MUN	1
	0.618929	1
	2.352791
PRED	O-SSM	67890
	MAX_MUN	1
	0.568972	1
	0.604320
PRED	O-SSM	67890
	MAX_MUN	1
	0.573359	1
	0.755341
PRED	O-SSM	67890
	MAX_MUN	1
	0.575507	1
	0.829429
PRED	O-SSM	67890
	MAX_MUN	1
	0.559486	1
	0.278954
PRED	O-SSM	67890
	MAX_MUN	1
	0.590193	1
	1.338839
PRED	O-SSM	67890
	MAX_MUN	1
	0.578185	1
	0.921966
PRED	O-SSM	67890
	MAX_MUN	1
	0.598121	1
	1.616093
PRED	O-SSM	67890
	MAX_MUN	0
	0.584427	1
	1.138222
PRED	O-SSM	67890
	MAX_MUN	0
	0.575030	1
	0.812994
PRED	O-SSM	67890
	MAX_MUN	0
	0.597969	1
	1.610755
PRED	O-SSM	67890
	MAX_MUN	0
	0.574651	1
	0.799909
PRED	O-SSM	67890
	MAX_MUN	0
	0.603968	1
	1.821733
PRED	O-SSM	67890
	MAX_MUN	0
	0.594970	1
	1.505706
PRED	O-SSM	67890
	MAX_MUN	0
	0.600444	1
	1.697679
PRED	O-SSM	67890
	MAX_MUN	0
	0.576629	1
	0.868177
PRED	O-SSM	67890
	MAX_MUN	0
	0.589063	1
	1.299449
PRED	O-SSM	67890
	MAX_MUN	0
	0.600865	1
	1.712470
PRED	O-SSM	67890
	MAX_MUN	0
	0.580674	1
	1.008103
PRED	O-SSM	67890
	MAX_MUN	0
	0.587695	1
	1.251836
PRED	O-SSM	67890
	MAX_MUN	0
	0.585885	1
	1.188884
PRED	O-SSM	67890
	TRINITY	1
	0.606263	1
	1.515268
PRED	O-SSM	67890
	TRINITY	1
	0.595105	1
	1.090001
PRED	O-SSM	67890
	TRINITY	1
	0.600187	1
	1.283190
PRED	O-SSM	67890
	TRINITY	1
	0.601168	1
	1.320559
PRED	O-SSM	67890
	TRINITY	1
	0.603783	1
	1.420379
PRED	O-SSM	67890
	TRINITY	1
	0.590886	1
	0.930166
PRED	O-SSM	67890
	TRINITY	1
	0.620071	1
	2.047476
PRED	O-SSM	67890
	TRINITY	1
	0.590224	1
	0.905168
PRED	O-SSM	67890
	TRINITY	1
	0.611063	1
	1.699495
PRED	O-SSM	67890
	TRINITY	1
	0.608438	1
	1.598642
PRED	O-SSM	67890
	TRINITY	1
	0.598915	1
	1.234764
PRED	O-SSM	67890
	TRINITY	1
	0.588047	1
	0.822926
PRED	O-SSM	67890
	TRINITY	1
	0.612935	1
	1.771559
PRED	O-SSM	67890
	TRINITY	0
	0.579247	1
	0.491869
PRED	O-SSM	67890
	TRINITY	0
	0.578737	1
	0.472733
PRED	O-SSM	67890
	TRINITY	0
	0.598592	1
	1.222476
PRED	O-SSM	67890
	TRINITY	0
	0.580641	1
	0.544200
PRED	O-SSM	67890
	TRINITY	0
	0.586131	1
	0.750681
PRED	O-SSM	67890
	TRINITY	0
	0.586994	1
	0.783197
PRED	O-SSM	67890
	TRINITY	0
	0.576681	1
	0.395699
PRED	O-SSM	67890
	TRINITY	0
	0.597891	1
	1.195805
PRED	O-SSM	67890
	TRINITY	0
	0.576020	1
	0.370947
PRED	O-SSM	67890
	TRINITY	0
	0.606126	1
	1.509998
PRED	O-SSM	67890
	TRINITY	0
	0.615426	1
	1.867636
PRED	O-SSM	67890
	TRINITY	0
	0.586712	1
	0.772575
PRED	O-SSM	67890
	TRINITY	0
	0.592851	1
	1.004563
PRED	O-SSM	67890
	KKI	1
	0.528523	1
	1.007686
PRED	O-SSM	67890
	KKI	1
	0.530933	1
	1.142437
PRED	O-SSM	67890
	KKI	1
	0.526340	1
	0.885719
PRED	O-SSM	67890
	KKI	1
	0.526334	1
	0.885388
PRED	O-SSM	67890
	KKI	1
	0.528679	1
	1.016423
PRED	O-SSM	67890
	KKI	1
	0.530585	1
	1.122940
PRED	O-SSM	67890
	KKI	1
	0.542589	1
	1.795326
PRED	O-SSM	67890
	KKI	1
	0.530483	1
	1.117266
PRED	O-SSM	67890
	KKI	1
	0.544529	1
	1.904252
PRED	O-SSM	67890
	KKI	1
	0.523965	1
	0.753047
PRED	O-SSM	67890
	KKI	1
	0.536333	1
	1.444605
PRED	O-SSM	67890
	KKI	1
	0.519744	1
	0.517435
PRED	O-SSM	67890
	KKI	1
	0.516839	1
	0.355381
PRED	O-SSM	67890
	KKI	0
	0.529021	1
	1.035545
PRED	O-SSM	67890
	KKI	0
	0.530884	1
	1.139707
PRED	O-SSM	67890
	KKI	0
	0.557141	1
	2.614203
PRED	O-SSM	67890
	KKI	0
	0.529442	1
	1.059079
PRED	O-SSM	67890
	KKI	0
	0.527113	1
	0.928914
PRED	O-SSM	67890
	KKI	0
	0.516417	1
	0.331880
PRED	O-SSM	67890
	KKI	0
	0.531833	1
	1.192755
PRED	O-SSM	67890
	KKI	0
	0.527571	1
	0.954454
PRED	O-SSM	67890
	KKI	0
	0.516764	1
	0.351207
PRED	O-SSM	67890
	KKI	0
	0.517078	1
	0.368740
PRED	O-SSM	67890
	KKI	0
	0.523224	1
	0.711695
PRED	O-SSM	67890
	KKI	0
	0.518564	1
	0.451628
PRED	O-SSM	67890
	KKI	0
	0.534702	1
	1.353299
PRED	O-SSM	67890
	STANFORD	1
	0.308558	0
	1.558115
PRED	O-SSM	67890
	STANFORD	1
	0.395580	0
	1.125369
PRED	O-SSM	67890
	STANFORD	1
	0.057148	0
	3.814108
PRED	O-SSM	67890
	STANFORD	1
	0.318989	0
	1.503366
PRED	O-SSM	67890
	STANFORD	1
	0.304280	0
	1.580864
PRED	O-SSM	67890
	STANFORD	1
	0.424743	0
	0.989106
PRED	O-SSM	67890
	STANFORD	1
	0.474187	0
	0.763109
PRED	O-SSM	67890
	STANFORD	1
	0.503963	1
	0.628414
PRED	O-SSM	67890
	STANFORD	1
	0.368405	0
	1.255490
PRED	O-SSM	67890
	STANFORD	1
	0.408586	0
	1.064229
PRED	O-SSM	67890
	STANFORD	1
	0.296757	0
	1.621308
PRED	O-SSM	67890
	STANFORD	1
	0.528839	1
	0.515831
PRED	O-SSM	67890
	STANFORD	1
	0.572140	1
	0.317957
PRED	O-SSM	67890
	STANFORD	0
	0.474496	0
	0.761711
PRED	O-SSM	67890
	STANFORD	0
	0.267066	0
	1.787160
PRED	O-SSM	67890
	STANFORD	0
	0.571146	1
	0.322544
PRED	O-SSM	67890
	STANFORD	0
	0.493081	0
	0.677605
PRED	O-SSM	67890
	STANFORD	0
	0.427257	0
	0.977486
PRED	O-SSM	67890
	STANFORD	0
	0.368643	0
	1.254332
PRED	O-SSM	67890
	STANFORD	0
	0.627119	1
	0.058855
PRED	O-SSM	67890
	STANFORD	0
	0.455894	0
	0.846211
PRED	O-SSM	67890
	STANFORD	0
	0.316642	0
	1.515599
PRED	O-SSM	67890
	STANFORD	0
	0.577043	1
	0.295288
PRED	O-SSM	67890
	STANFORD	0
	0.497643	0
	0.656982
PRED	O-SSM	67890
	STANFORD	0
	0.339889	0
	1.396428
PRED	O-SSM	67890
	STANFORD	0
	0.447028	0
	0.886672
PRED	O-SSM	67890
	CALTECH	1
	0.625327	1
	0.503967
PRED	O-SSM	67890
	CALTECH	1
	0.631578	1
	0.569899
PRED	O-SSM	67890
	CALTECH	1
	0.618229	1
	0.429637
PRED	O-SSM	67890
	CALTECH	1
	0.631999	1
	0.574357
PRED	O-SSM	67890
	CALTECH	1
	0.695063	1
	1.271540
PRED	O-SSM	67890
	CALTECH	1
	0.791038	1
	2.520877
PRED	O-SSM	67890
	CALTECH	1
	0.629625	1
	0.549249
PRED	O-SSM	67890
	CALTECH	1
	0.679566	1
	1.093933
PRED	O-SSM	67890
	CALTECH	1
	0.591611	1
	0.155259
PRED	O-SSM	67890
	CALTECH	1
	0.819502	1
	2.968558
PRED	O-SSM	67890
	CALTECH	1
	0.624446	1
	0.494710
PRED	O-SSM	67890
	CALTECH	1
	0.602825	1
	0.270080
PRED	O-SSM	67890
	CALTECH	0
	0.696357	1
	1.286596
PRED	O-SSM	67890
	CALTECH	0
	0.659660	1
	0.872286
PRED	O-SSM	67890
	CALTECH	0
	0.591609	1
	0.155241
PRED	O-SSM	67890
	CALTECH	0
	0.680961	1
	1.109733
PRED	O-SSM	67890
	CALTECH	0
	0.642803	1
	0.689482
PRED	O-SSM	67890
	CALTECH	0
	0.685669	1
	1.163309
PRED	O-SSM	67890
	CALTECH	0
	0.689022	1
	1.201734
PRED	O-SSM	67890
	CALTECH	0
	0.591906	1
	0.158276
PRED	O-SSM	67890
	CALTECH	0
	0.617699	1
	0.424104
PRED	O-SSM	67890
	CALTECH	0
	0.718667	1
	1.552202
PRED	O-SSM	67890
	CALTECH	0
	0.706383	1
	1.404493
PRED	O-SSM	67890
	CALTECH	0
	0.617809	1
	0.425248
PRED	O-SSM	67890
	LEUVEN_2	1
	0.590865	1
	1.324027
PRED	O-SSM	67890
	LEUVEN_2	1
	0.585941	1
	1.301208
PRED	O-SSM	67890
	LEUVEN_2	1
	0.359821	0
	0.264958
PRED	O-SSM	67890
	LEUVEN_2	1
	0.720493	1
	1.974233
PRED	O-SSM	67890
	LEUVEN_2	1
	0.409197	0
	0.499347
PRED	O-SSM	67890
	LEUVEN_2	1
	0.481778	0
	0.829707
PRED	O-SSM	67890
	LEUVEN_2	1
	0.510935	1
	0.960643
PRED	O-SSM	67890
	LEUVEN_2	1
	0.464911	0
	0.753769
PRED	O-SSM	67890
	LEUVEN_2	1
	0.600497	1
	1.368912
PRED	O-SSM	67890
	LEUVEN_2	1
	0.553660	1
	1.153358
PRED	O-SSM	67890
	LEUVEN_2	1
	0.444027	0
	0.659220
PRED	O-SSM	67890
	LEUVEN_2	1
	0.576138	1
	1.256016
PRED	O-SSM	67890
	LEUVEN_2	0
	0.522362	1
	1.011999
PRED	O-SSM	67890
	LEUVEN_2	0
	0.628366	1
	1.500977
PRED	O-SSM	67890
	LEUVEN_2	0
	0.541731	1
	1.099315
PRED	O-SSM	67890
	LEUVEN_2	0
	0.556802	1
	1.167637
PRED	O-SSM	67890
	LEUVEN_2	0
	0.426746	0
	0.580315
PRED	O-SSM	67890
	LEUVEN_2	0
	0.350980	0
	0.221642
PRED	O-SSM	67890
	LEUVEN_2	0
	0.695898	1
	1.840608
PRED	O-SSM	67890
	LEUVEN_2	0
	0.367449	0
	0.301954
PRED	O-SSM	67890
	LEUVEN_2	0
	0.632745	1
	1.522074
PRED	O-SSM	67890
	LEUVEN_2	0
	0.485986	0
	0.848620
PRED	O-SSM	67890
	LEUVEN_2	0
	0.569694	1
	1.226458
PRED	O-SSM	67890
	LEUVEN_2	0
	0.397211	0
	0.443444
PRED	O-SSM	67890
	OLIN	1
	0.672035	1
	1.531064
PRED	O-SSM	67890
	OLIN	1
	0.477413	0
	0.125978
PRED	O-SSM	67890
	OLIN	1
	0.486886	0
	0.191972
PRED	O-SSM	67890
	OLIN	1
	0.522298	1
	0.438478
PRED	O-SSM	67890
	OLIN	1
	0.503879	1
	0.310222
PRED	O-SSM	67890
	OLIN	1
	0.524864	1
	0.456369
PRED	O-SSM	67890
	OLIN	1
	0.582987	1
	0.866006
PRED	O-SSM	67890
	OLIN	1
	0.675813	1
	1.560973
PRED	O-SSM	67890
	OLIN	1
	0.578728	1
	0.835578
PRED	O-SSM	67890
	OLIN	1
	0.486797	0
	0.191353
PRED	O-SSM	67890
	OLIN	1
	0.492631	0
	0.231963
PRED	O-SSM	67890
	OLIN	1
	0.599605	1
	0.985629
PRED	O-SSM	67890
	OLIN	0
	0.740579	1
	2.107803
PRED	O-SSM	67890
	OLIN	0
	0.487766	0
	0.198102
PRED	O-SSM	67890
	OLIN	0
	0.565028	1
	0.738242
PRED	O-SSM	67890
	OLIN	0
	0.507310	1
	0.334102
PRED	O-SSM	67890
	OLIN	0
	0.596927	1
	0.966245
PRED	O-SSM	67890
	OLIN	0
	0.488330	0
	0.202025
PRED	O-SSM	67890
	OLIN	0
	0.522898	1
	0.442659
PRED	O-SSM	67890
	OLIN	0
	0.684538	1
	1.630734
PRED	O-SSM	67890
	OLIN	0
	0.708660	1
	1.829337
PRED	O-SSM	67890
	OLIN	0
	0.643418	1
	1.309867
PRED	O-SSM	67890
	OLIN	0
	0.558428	1
	0.691616
PRED	O-SSM	67890
	OLIN	0
	0.583234	1
	0.867773
PRED	O-SSM	67890
	SBL	1
	0.240866	0
	1.246930
PRED	O-SSM	67890
	SBL	1
	0.251352	0
	0.970443
PRED	O-SSM	67890
	SBL	1
	0.242291	0
	1.208869
PRED	O-SSM	67890
	SBL	1
	0.226640	0
	1.635521
PRED	O-SSM	67890
	SBL	1
	0.284541	0
	0.141990
PRED	O-SSM	67890
	SBL	1
	0.251840	0
	0.957770
PRED	O-SSM	67890
	SBL	1
	0.250771	0
	0.985559
PRED	O-SSM	67890
	SBL	1
	0.245725	0
	1.117812
PRED	O-SSM	67890
	SBL	1
	0.247174	0
	1.079663
PRED	O-SSM	67890
	SBL	1
	0.252628	0
	0.937317
PRED	O-SSM	67890
	SBL	1
	0.271880	0
	0.450425
PRED	O-SSM	67890
	SBL	1
	0.226105	0
	1.650473
PRED	O-SSM	67890
	SBL	0
	0.237513	0
	1.337040
PRED	O-SSM	67890
	SBL	0
	0.263697	0
	0.654575
PRED	O-SSM	67890
	SBL	0
	0.280525	0
	0.238888
PRED	O-SSM	67890
	SBL	0
	0.223184	0
	1.732489
PRED	O-SSM	67890
	SBL	0
	0.260995	0
	0.722876
PRED	O-SSM	67890
	SBL	0
	0.269857	0
	0.500532
PRED	O-SSM	67890
	SBL	0
	0.255040	0
	0.875046
PRED	O-SSM	67890
	SBL	0
	0.267449	0
	0.560482
PRED	O-SSM	67890
	SBL	0
	0.251109	0
	0.976754
PRED	O-SSM	67890
	SBL	0
	0.267233	0
	0.565871
PRED	O-SSM	67890
	SBL	0
	0.243646	0
	1.172834
PRED	O-SSM	67890
	SBL	0
	0.243024	0
	1.189375
PRED	O-SSM	67890
	LEUVEN_1	1
	0.730700	1
	0.897225
PRED	O-SSM	67890
	LEUVEN_1	1
	0.719340	1
	0.714415
PRED	O-SSM	67890
	LEUVEN_1	1
	0.750891	1
	1.234665
PRED	O-SSM	67890
	LEUVEN_1	1
	0.751931	1
	1.252517
PRED	O-SSM	67890
	LEUVEN_1	1
	0.752233	1
	1.257719
PRED	O-SSM	67890
	LEUVEN_1	1
	0.733377	1
	0.941004
PRED	O-SSM	67890
	LEUVEN_1	1
	0.690993	1
	0.276793
PRED	O-SSM	67890
	LEUVEN_1	1
	0.714816	1
	0.642891
PRED	O-SSM	67890
	LEUVEN_1	1
	0.720125	1
	0.726907
PRED	O-SSM	67890
	LEUVEN_1	1
	0.726407	1
	0.827592
PRED	O-SSM	67890
	LEUVEN_1	1
	0.729666	1
	0.880379
PRED	O-SSM	67890
	LEUVEN_1	1
	0.739580	1
	1.043521
PRED	O-SSM	67890
	LEUVEN_1	0
	0.757638	1
	1.351440
PRED	O-SSM	67890
	LEUVEN_1	0
	0.763560	1
	1.455773
PRED	O-SSM	67890
	LEUVEN_1	0
	0.705960	1
	0.504796
PRED	O-SSM	67890
	LEUVEN_1	0
	0.753363	1
	1.277194
PRED	O-SSM	67890
	LEUVEN_1	0
	0.748599	1
	1.195470
PRED	O-SSM	67890
	LEUVEN_1	0
	0.747251	1
	1.172542
PRED	O-SSM	67890
	LEUVEN_1	0
	0.706406	1
	0.511696
PRED	O-SSM	67890
	LEUVEN_1	0
	0.711440	1
	0.589952
PRED	O-SSM	67890
	LEUVEN_1	0
	0.723409	1
	0.779355
PRED	O-SSM	67890
	LEUVEN_1	0
	0.694192	1
	0.324995
PRED	O-SSM	67890
	LEUVEN_1	0
	0.713378	1
	0.620284
PRED	O-SSM	67890
	LEUVEN_1	0
	0.684954	1
	0.186551
PRED	O-SSM	67890
	SDSU	1
	0.356141	0
	0.542273
PRED	O-SSM	67890
	SDSU	1
	0.344644	0
	0.701747
PRED	O-SSM	67890
	SDSU	1
	0.371822	0
	0.328384
PRED	O-SSM	67890
	SDSU	1
	0.359860	0
	0.491183
PRED	O-SSM	67890
	SDSU	1
	0.344218	0
	0.707704
PRED	O-SSM	67890
	SDSU	1
	0.217447	0
	2.715847
PRED	O-SSM	67890
	SDSU	1
	0.379488	0
	0.225193
PRED	O-SSM	67890
	SDSU	1
	0.352752	0
	0.589031
PRED	O-SSM	67890
	SDSU	1
	0.340092	0
	0.765584
PRED	O-SSM	67890
	SDSU	1
	0.302397	0
	1.311855
PRED	O-SSM	67890
	SDSU	1
	0.305461	0
	1.266130
PRED	O-SSM	67890
	SDSU	1
	0.306693	0
	1.247813
PRED	O-SSM	67890
	SDSU	0
	0.279371	0
	1.664438
PRED	O-SSM	67890
	SDSU	0
	0.308483	0
	1.221274
PRED	O-SSM	67890
	SDSU	0
	0.387501	0
	0.118186
PRED	O-SSM	67890
	SDSU	0
	0.257160	0
	2.021827
PRED	O-SSM	67890
	SDSU	0
	0.333918	0
	0.852828
PRED	O-SSM	67890
	SDSU	0
	0.315234	0
	1.121961
PRED	O-SSM	67890
	SDSU	0
	0.338935	0
	0.781866
PRED	O-SSM	67890
	SDSU	0
	0.254782	0
	2.061242
PRED	O-SSM	67890
	SDSU	0
	0.319026	0
	1.066674
PRED	O-SSM	67890
	SDSU	0
	0.287804	0
	1.533384
PRED	O-SSM	67890
	SDSU	0
	0.325103	0
	0.978798
PRED	O-SSM	67890
	SDSU	0
	0.322743	0
	1.012823
PRED	O-SSM	67890
	CMU	1
	0.591878	1
	1.201720
PRED	O-SSM	67890
	CMU	1
	0.420298	0
	0.142321
PRED	O-SSM	67890
	CMU	1
	0.450454	0
	0.329837
PRED	O-SSM	67890
	CMU	1
	0.434169	0
	0.228946
PRED	O-SSM	67890
	CMU	1
	0.528272	1
	0.806668
PRED	O-SSM	67890
	CMU	1
	0.450725	0
	0.331511
PRED	O-SSM	67890
	CMU	1
	0.406645	0
	0.056287
PRED	O-SSM	67890
	CMU	1
	0.596123	1
	1.228618
PRED	O-SSM	67890
	CMU	1
	0.508800	1
	0.687473
PRED	O-SSM	67890
	CMU	1
	0.534787	1
	0.846652
PRED	O-SSM	67890
	CMU	1
	0.440159	0
	0.266146
PRED	O-SSM	67890
	CMU	1
	0.436968	0
	0.246347
PRED	O-SSM	67890
	CMU	0
	0.469594	0
	0.447598
PRED	O-SSM	67890
	CMU	0
	0.504047	1
	0.658413
PRED	O-SSM	67890
	CMU	0
	0.417221	0
	0.123003
PRED	O-SSM	67890
	CMU	0
	0.517003	1
	0.737644
PRED	O-SSM	67890
	CMU	0
	0.517779	1
	0.742394
PRED	O-SSM	67890
	CMU	0
	0.471565	0
	0.459684
PRED	O-SSM	67890
	CMU	0
	0.603776	1
	1.277344
PRED	O-SSM	67890
	CMU	0
	0.568929	1
	1.057693
PRED	O-SSM	67890
	CMU	0
	0.537752	1
	0.864869
PRED	O-SSM	67890
	CMU	0
	0.593654	1
	1.212964
PRED	O-SSM	67890
	CMU	0
	0.482256	0
	0.525176
PRED	O-SSM	67890
	CMU	0
	0.579628	1
	1.124569
PRED	O-SSM	67890
	UCLA_2	1
	0.459485	0
	1.550722
PRED	O-SSM	67890
	UCLA_2	1
	0.469018	0
	1.037895
PRED	O-SSM	67890
	UCLA_2	1
	0.470526	0
	0.956897
PRED	O-SSM	67890
	UCLA_2	1
	0.463950	0
	1.310318
PRED	O-SSM	67890
	UCLA_2	1
	0.483890	0
	0.240161
PRED	O-SSM	67890
	UCLA_2	1
	0.467695	0
	1.108969
PRED	O-SSM	67890
	UCLA_2	1
	0.478428	0
	0.532892
PRED	O-SSM	67890
	UCLA_2	1
	0.464770	0
	1.266196
PRED	O-SSM	67890
	UCLA_2	1
	0.466361	0
	1.180658
PRED	O-SSM	67890
	UCLA_2	1
	0.475244	0
	0.703634
PRED	O-SSM	67890
	UCLA_2	1
	0.462137	0
	1.407895
PRED	O-SSM	67890
	UCLA_2	1
	0.457756	0
	1.643857
PRED	O-SSM	67890
	UCLA_2	0
	0.481242	0
	0.382042
PRED	O-SSM	67890
	UCLA_2	0
	0.471092	0
	0.926501
PRED	O-SSM	67890
	UCLA_2	0
	0.481527	0
	0.366771
PRED	O-SSM	67890
	UCLA_2	0
	0.470124	0
	0.978469
PRED	O-SSM	67890
	UCLA_2	0
	0.470398	0
	0.963731
PRED	O-SSM	67890
	UCLA_2	0
	0.481124	0
	0.388334
PRED	O-SSM	67890
	UCLA_2	0
	0.456862	0
	1.692088
PRED	O-SSM	67890
	UCLA_2	0
	0.477543	0
	0.580340
PRED	O-SSM	67890
	UCLA_2	0
	0.458154	0
	1.622410
PRED	O-SSM	67890
	UCLA_2	0
	0.447238	0
	2.211910
PRED	O-SSM	67890
	UCLA_2	0
	0.453902	0
	1.851771
PRED	O-SSM	67890
	UCLA_2	0
	0.458760	0
	1.589746
PRED	O-SSM	67890
	UM_2	1
	0.919827	1
	2.444987
PRED	O-SSM	67890
	UM_2	1
	0.814423	1
	1.335288
PRED	O-SSM	67890
	UM_2	1
	0.606500	1
	0.126986
PRED	O-SSM	67890
	UM_2	1
	0.750622	1
	0.899862
PRED	O-SSM	67890
	UM_2	1
	0.828240	1
	1.444062
PRED	O-SSM	67890
	UM_2	1
	0.744504	1
	0.862428
PRED	O-SSM	67890
	UM_2	1
	0.780418	1
	1.091748
PRED	O-SSM	67890
	UM_2	1
	0.704246	1
	0.629271
PRED	O-SSM	67890
	UM_2	1
	0.947702	1
	2.972804
PRED	O-SSM	67890
	UM_2	1
	0.807840	1
	1.285669
PRED	O-SSM	67890
	UM_2	1
	0.675509	1
	0.474085
PRED	O-SSM	67890
	UM_2	1
	0.661837	1
	0.402819
PRED	O-SSM	67890
	UM_2	0
	0.788182	1
	1.144749
PRED	O-SSM	67890
	UM_2	0
	0.687067	1
	0.535555
PRED	O-SSM	67890
	UM_2	0
	0.649771	1
	0.341085
PRED	O-SSM	67890
	UM_2	0
	0.769982	1
	1.022587
PRED	O-SSM	67890
	UM_2	0
	0.769162	1
	1.017247
PRED	O-SSM	67890
	UM_2	0
	0.838791	1
	1.531884
PRED	O-SSM	67890
	UM_2	0
	0.854684	1
	1.673413
PRED	O-SSM	67890
	UM_2	0
	0.764348	1
	0.986165
PRED	O-SSM	67890
	UM_2	0
	0.715922	1
	0.694772
PRED	O-SSM	67890
	UM_2	0
	0.646260	1
	0.323314
PRED	O-SSM	67890
	UM_2	0
	0.793894	1
	1.184658
PRED	O-SSM	67890
	UM_2	0
	0.746130	1
	0.872318
PRED	O-SSM	67890
	OHSU	1
	0.488005	0
	1.358546
PRED	O-SSM	67890
	OHSU	1
	0.433840	0
	0.578653
PRED	O-SSM	67890
	OHSU	1
	0.506325	1
	1.620493
PRED	O-SSM	67890
	OHSU	1
	0.455641	0
	0.894221
PRED	O-SSM	67890
	OHSU	1
	0.456059	0
	0.900257
PRED	O-SSM	67890
	OHSU	1
	0.437499	0
	0.631844
PRED	O-SSM	67890
	OHSU	1
	0.458376	0
	0.933625
PRED	O-SSM	67890
	OHSU	1
	0.427261	0
	0.482744
PRED	O-SSM	67890
	OHSU	1
	0.454008	0
	0.870687
PRED	O-SSM	67890
	OHSU	1
	0.491000	0
	1.401377
PRED	O-SSM	67890
	OHSU	1
	0.440002	0
	0.668166
PRED	O-SSM	67890
	OHSU	1
	0.424213	0
	0.438187
PRED	O-SSM	67890
	OHSU	0
	0.478553	0
	1.223268
PRED	O-SSM	67890
	OHSU	0
	0.472901	0
	1.142270
PRED	O-SSM	67890
	OHSU	0
	0.562675	1
	2.430798
PRED	O-SSM	67890
	OHSU	0
	0.565628	1
	2.473733
PRED	O-SSM	67890
	OHSU	0
	0.396932	0
	0.035167
PRED	O-SSM	67890
	OHSU	0
	0.491673	0
	1.410998
PRED	O-SSM	67890
	OHSU	0
	0.411453	0
	0.250702
PRED	O-SSM	67890
	OHSU	0
	0.474036	0
	1.158542
PRED	O-SSM	67890
	OHSU	0
	0.441297	0
	0.686953
PRED	O-SSM	67890
	OHSU	0
	0.469573	0
	1.094539
PRED	O-SSM	67890
	OHSU	0
	0.458272	0
	0.932119
PRED	O-SSM	67890
	OHSU	0
	0.412756	0
	0.269919
  O-SSM    67890
   acc=48.800000% bal=48.750000% sites=20
/20
 test_n=500
 assoc=0.979567
PRED	O-SSM	11223
	NYU	1
	0.634252	1
	0.338939
PRED	O-SSM	11223
	NYU	1
	0.670236	1
	0.567535
PRED	O-SSM	11223
	NYU	1
	0.652952	1
	0.456352
PRED	O-SSM	11223
	NYU	1
	0.680068	1
	0.632088
PRED	O-SSM	11223
	NYU	1
	0.782224	1
	1.387470
PRED	O-SSM	11223
	NYU	1
	0.742455	1
	1.070813
PRED	O-SSM	11223
	NYU	1
	0.798849	1
	1.532102
PRED	O-SSM	11223
	NYU	1
	0.788521	1
	1.441258
PRED	O-SSM	11223
	NYU	1
	0.656622	1
	0.479733
PRED	O-SSM	11223
	NYU	1
	0.744449	1
	1.085871
PRED	O-SSM	11223
	NYU	1
	0.678761	1
	0.623446
PRED	O-SSM	11223
	NYU	1
	0.715169	1
	0.871895
PRED	O-SSM	11223
	NYU	1
	0.676549	1
	0.608862
PRED	O-SSM	11223
	NYU	0
	0.799712	1
	1.539841
PRED	O-SSM	11223
	NYU	0
	0.707161	1
	0.815753
PRED	O-SSM	11223
	NYU	0
	0.751865	1
	1.142544
PRED	O-SSM	11223
	NYU	0
	0.824505	1
	1.774087
PRED	O-SSM	11223
	NYU	0
	0.679634	1
	0.629219
PRED	O-SSM	11223
	NYU	0
	0.732956	1
	1.000120
PRED	O-SSM	11223
	NYU	0
	0.727234	1
	0.958304
PRED	O-SSM	11223
	NYU	0
	0.777105	1
	1.344557
PRED	O-SSM	11223
	NYU	0
	0.877929	1
	2.387206
PRED	O-SSM	11223
	NYU	0
	0.654345	1
	0.465208
PRED	O-SSM	11223
	NYU	0
	0.642290	1
	0.389073
PRED	O-SSM	11223
	NYU	0
	0.715766	1
	0.876116
PRED	O-SSM	11223
	NYU	0
	0.788915	1
	1.444670
PRED	O-SSM	11223
	UM_1	1
	0.164666	0
	1.673862
PRED	O-SSM	11223
	UM_1	1
	0.189179	0
	1.271712
PRED	O-SSM	11223
	UM_1	1
	0.223867	0
	0.765709
PRED	O-SSM	11223
	UM_1	1
	0.196244	0
	1.163341
PRED	O-SSM	11223
	UM_1	1
	0.261564	0
	0.275618
PRED	O-SSM	11223
	UM_1	1
	0.189587	0
	1.265365
PRED	O-SSM	11223
	UM_1	1
	0.249862	0
	0.422330
PRED	O-SSM	11223
	UM_1	1
	0.234655	0
	0.620031
PRED	O-SSM	11223
	UM_1	1
	0.164471	0
	1.677253
PRED	O-SSM	11223
	UM_1	1
	0.169646	0
	1.588516
PRED	O-SSM	11223
	UM_1	1
	0.178067	0
	1.448606
PRED	O-SSM	11223
	UM_1	1
	0.208203	0
	0.986446
PRED	O-SSM	11223
	UM_1	1
	0.199923	0
	1.108083
PRED	O-SSM	11223
	UM_1	0
	0.226447	0
	0.730426
PRED	O-SSM	11223
	UM_1	0
	0.276783	0
	0.091004
PRED	O-SSM	11223
	UM_1	0
	0.213518	0
	0.910239
PRED	O-SSM	11223
	UM_1	0
	0.249822	0
	0.422832
PRED	O-SSM	11223
	UM_1	0
	0.219099	0
	0.831690
PRED	O-SSM	11223
	UM_1	0
	0.235827	0
	0.604486
PRED	O-SSM	11223
	UM_1	0
	0.201570	0
	1.083597
PRED	O-SSM	11223
	UM_1	0
	0.218161	0
	0.844781
PRED	O-SSM	11223
	UM_1	0
	0.172200	0
	1.545516
PRED	O-SSM	11223
	UM_1	0
	0.155689	0
	1.833119
PRED	O-SSM	11223
	UM_1	0
	0.199021	0
	1.121562
PRED	O-SSM	11223
	UM_1	0
	0.191950	0
	1.228848
PRED	O-SSM	11223
	UM_1	0
	0.260461	0
	0.289264
PRED	O-SSM	11223
	UCLA_1	1
	0.477678	0
	1.161008
PRED	O-SSM	11223
	UCLA_1	1
	0.416788	0
	1.590776
PRED	O-SSM	11223
	UCLA_1	1
	0.554278	1
	0.625479
PRED	O-SSM	11223
	UCLA_1	1
	0.575774	1
	0.473046
PRED	O-SSM	11223
	UCLA_1	1
	0.483294	0
	1.121807
PRED	O-SSM	11223
	UCLA_1	1
	0.518923	1
	0.873355
PRED	O-SSM	11223
	UCLA_1	1
	0.602531	1
	0.280357
PRED	O-SSM	11223
	UCLA_1	1
	0.502910	1
	0.985033
PRED	O-SSM	11223
	UCLA_1	1
	0.437613	0
	1.442453
PRED	O-SSM	11223
	UCLA_1	1
	0.532719	1
	0.776925
PRED	O-SSM	11223
	UCLA_1	1
	0.207652	0
	3.338880
PRED	O-SSM	11223
	UCLA_1	1
	0.520622	1
	0.861492
PRED	O-SSM	11223
	UCLA_1	1
	0.491895	0
	1.061812
PRED	O-SSM	11223
	UCLA_1	0
	0.576469	1
	0.468086
PRED	O-SSM	11223
	UCLA_1	0
	0.542713	1
	0.706863
PRED	O-SSM	11223
	UCLA_1	0
	0.567162	1
	0.534328
PRED	O-SSM	11223
	UCLA_1	0
	0.372710	0
	1.912517
PRED	O-SSM	11223
	UCLA_1	0
	0.529637	1
	0.798495
PRED	O-SSM	11223
	UCLA_1	0
	0.543998	1
	0.697841
PRED	O-SSM	11223
	UCLA_1	0
	0.430976	0
	1.489529
PRED	O-SSM	11223
	UCLA_1	0
	0.473742	0
	1.188510
PRED	O-SSM	11223
	UCLA_1	0
	0.484161	0
	1.115756
PRED	O-SSM	11223
	UCLA_1	0
	0.542578	1
	0.707809
PRED	O-SSM	11223
	UCLA_1	0
	0.406532	0
	1.664569
PRED	O-SSM	11223
	UCLA_1	0
	0.545886	1
	0.684574
PRED	O-SSM	11223
	UCLA_1	0
	0.567365	1
	0.532883
PRED	O-SSM	11223
	YALE	1
	0.277106	0
	1.019893
PRED	O-SSM	11223
	YALE	1
	0.334306	0
	0.742459
PRED	O-SSM	11223
	YALE	1
	0.386834	0
	0.508125
PRED	O-SSM	11223
	YALE	1
	0.241208	0
	1.212188
PRED	O-SSM	11223
	YALE	1
	0.480936	0
	0.113331
PRED	O-SSM	11223
	YALE	1
	0.284862	0
	0.980456
PRED	O-SSM	11223
	YALE	1
	0.167864	0
	1.679320
PRED	O-SSM	11223
	YALE	1
	0.289839	0
	0.955489
PRED	O-SSM	11223
	YALE	1
	0.417750	0
	0.376008
PRED	O-SSM	11223
	YALE	1
	0.290578	0
	0.951807
PRED	O-SSM	11223
	YALE	1
	0.339460	0
	0.718764
PRED	O-SSM	11223
	YALE	1
	0.357159	0
	0.638658
PRED	O-SSM	11223
	YALE	1
	0.397584	0
	0.461803
PRED	O-SSM	11223
	YALE	0
	0.445730	0
	0.258829
PRED	O-SSM	11223
	YALE	0
	0.394443	0
	0.475291
PRED	O-SSM	11223
	YALE	0
	0.247387	0
	1.177805
PRED	O-SSM	11223
	YALE	0
	0.482331	0
	0.107592
PRED	O-SSM	11223
	YALE	0
	0.072099	0
	2.659302
PRED	O-SSM	11223
	YALE	0
	0.160831	0
	1.731931
PRED	O-SSM	11223
	YALE	0
	0.364497	0
	0.605973
PRED	O-SSM	11223
	YALE	0
	0.372361	0
	0.571259
PRED	O-SSM	11223
	YALE	0
	0.318132	0
	0.818057
PRED	O-SSM	11223
	YALE	0
	0.213930	0
	1.371738
PRED	O-SSM	11223
	YALE	0
	0.051623	0
	3.024880
PRED	O-SSM	11223
	YALE	0
	0.306732	0
	0.872574
PRED	O-SSM	11223
	YALE	0
	0.282331	0
	0.993254
PRED	O-SSM	11223
	PITT	1
	0.546256	1
	1.157909
PRED	O-SSM	11223
	PITT	1
	0.674365	1
	2.367044
PRED	O-SSM	11223
	PITT	1
	0.519946	1
	0.922235
PRED	O-SSM	11223
	PITT	1
	0.571570	1
	1.386850
PRED	O-SSM	11223
	PITT	1
	0.531867	1
	1.028817
PRED	O-SSM	11223
	PITT	1
	0.582122	1
	1.483209
PRED	O-SSM	11223
	PITT	1
	0.461701	0
	0.402149
PRED	O-SSM	11223
	PITT	1
	0.523001	1
	0.949524
PRED	O-SSM	11223
	PITT	1
	0.539328	1
	1.095687
PRED	O-SSM	11223
	PITT	1
	0.517675	1
	0.901959
PRED	O-SSM	11223
	PITT	1
	0.567387	1
	1.348819
PRED	O-SSM	11223
	PITT	1
	0.491104	0
	0.664976
PRED	O-SSM	11223
	PITT	1
	0.445988	0
	0.260831
PRED	O-SSM	11223
	PITT	0
	0.515413	1
	0.881772
PRED	O-SSM	11223
	PITT	0
	0.526261	1
	0.978669
PRED	O-SSM	11223
	PITT	0
	0.592093	1
	1.574905
PRED	O-SSM	11223
	PITT	0
	0.506743	1
	0.804428
PRED	O-SSM	11223
	PITT	0
	0.539869	1
	1.100535
PRED	O-SSM	11223
	PITT	0
	0.496039	0
	0.708985
PRED	O-SSM	11223
	PITT	0
	0.471370	0
	0.488750
PRED	O-SSM	11223
	PITT	0
	0.564063	1
	1.318656
PRED	O-SSM	11223
	PITT	0
	0.542300	1
	1.122357
PRED	O-SSM	11223
	PITT	0
	0.562934	1
	1.308426
PRED	O-SSM	11223
	PITT	0
	0.511730	1
	0.848909
PRED	O-SSM	11223
	PITT	0
	0.554093	1
	1.228504
PRED	O-SSM	11223
	PITT	0
	0.537231	1
	1.076873
PRED	O-SSM	11223
	USM	1
	0.215762	0
	0.293503
PRED	O-SSM	11223
	USM	1
	0.210920	0
	0.928516
PRED	O-SSM	11223
	USM	1
	0.215992	0
	0.263489
PRED	O-SSM	11223
	USM	1
	0.207116	0
	1.434837
PRED	O-SSM	11223
	USM	1
	0.210538	0
	0.979043
PRED	O-SSM	11223
	USM	1
	0.208088	0
	1.304864
PRED	O-SSM	11223
	USM	1
	0.215447	0
	0.334467
PRED	O-SSM	11223
	USM	1
	0.206180	0
	1.560589
PRED	O-SSM	11223
	USM	1
	0.211876	0
	0.802270
PRED	O-SSM	11223
	USM	1
	0.211869	0
	0.803194
PRED	O-SSM	11223
	USM	1
	0.215777	0
	0.291450
PRED	O-SSM	11223
	USM	1
	0.216179	0
	0.239237
PRED	O-SSM	11223
	USM	1
	0.208104	0
	1.302781
PRED	O-SSM	11223
	USM	0
	0.216163	0
	0.241310
PRED	O-SSM	11223
	USM	0
	0.213092	0
	0.642338
PRED	O-SSM	11223
	USM	0
	0.208609	0
	1.235309
PRED	O-SSM	11223
	USM	0
	0.213473	0
	0.592366
PRED	O-SSM	11223
	USM	0
	0.208109	0
	1.302009
PRED	O-SSM	11223
	USM	0
	0.208374	0
	1.266620
PRED	O-SSM	11223
	USM	0
	0.208393	0
	1.264099
PRED	O-SSM	11223
	USM	0
	0.209512	0
	1.115117
PRED	O-SSM	11223
	USM	0
	0.216944	0
	0.139960
PRED	O-SSM	11223
	USM	0
	0.216065	0
	0.254043
PRED	O-SSM	11223
	USM	0
	0.210259	0
	1.016034
PRED	O-SSM	11223
	USM	0
	0.215775	0
	0.291746
PRED	O-SSM	11223
	USM	0
	0.213748	0
	0.556274
PRED	O-SSM	11223
	MAX_MUN	1
	0.365678	0
	0.169821
PRED	O-SSM	11223
	MAX_MUN	1
	0.363730	0
	0.564121
PRED	O-SSM	11223
	MAX_MUN	1
	0.355823	0
	2.174151
PRED	O-SSM	11223
	MAX_MUN	1
	0.362787	0
	0.755337
PRED	O-SSM	11223
	MAX_MUN	1
	0.355207	0
	2.300387
PRED	O-SSM	11223
	MAX_MUN	1
	0.357715	0
	1.787453
PRED	O-SSM	11223
	MAX_MUN	1
	0.364448	0
	0.418617
PRED	O-SSM	11223
	MAX_MUN	1
	0.364473	0
	0.413545
PRED	O-SSM	11223
	MAX_MUN	1
	0.362312	0
	0.851736
PRED	O-SSM	11223
	MAX_MUN	1
	0.365182	0
	0.270169
PRED	O-SSM	11223
	MAX_MUN	1
	0.358998	0
	1.525797
PRED	O-SSM	11223
	MAX_MUN	1
	0.362546	0
	0.804134
PRED	O-SSM	11223
	MAX_MUN	1
	0.360138	0
	1.293690
PRED	O-SSM	11223
	MAX_MUN	0
	0.361077	0
	1.102580
PRED	O-SSM	11223
	MAX_MUN	0
	0.363520	0
	0.606586
PRED	O-SSM	11223
	MAX_MUN	0
	0.360230	0
	1.274823
PRED	O-SSM	11223
	MAX_MUN	0
	0.362635	0
	0.786121
PRED	O-SSM	11223
	MAX_MUN	0
	0.356599	0
	2.015568
PRED	O-SSM	11223
	MAX_MUN	0
	0.359266	0
	1.471132
PRED	O-SSM	11223
	MAX_MUN	0
	0.358379	0
	1.652082
PRED	O-SSM	11223
	MAX_MUN	0
	0.360909	0
	1.136865
PRED	O-SSM	11223
	MAX_MUN	0
	0.357899	0
	1.749879
PRED	O-SSM	11223
	MAX_MUN	0
	0.358116	0
	1.705642
PRED	O-SSM	11223
	MAX_MUN	0
	0.359600	0
	1.403243
PRED	O-SSM	11223
	MAX_MUN	0
	0.359639	0
	1.395316
PRED	O-SSM	11223
	MAX_MUN	0
	0.360338	0
	1.252894
PRED	O-SSM	11223
	TRINITY	1
	0.086666	0
	2.053721
PRED	O-SSM	11223
	TRINITY	1
	0.304814	0
	0.805224
PRED	O-SSM	11223
	TRINITY	1
	0.189493	0
	1.318164
PRED	O-SSM	11223
	TRINITY	1
	0.116038	0
	1.788987
PRED	O-SSM	11223
	TRINITY	1
	0.274165	0
	0.926858
PRED	O-SSM	11223
	TRINITY	1
	0.296505	0
	0.837460
PRED	O-SSM	11223
	TRINITY	1
	0.175489	0
	1.394767
PRED	O-SSM	11223
	TRINITY	1
	0.291250	0
	0.858119
PRED	O-SSM	11223
	TRINITY	1
	0.223933	0
	1.146528
PRED	O-SSM	11223
	TRINITY	1
	0.223112	0
	1.150388
PRED	O-SSM	11223
	TRINITY	1
	0.128150	0
	1.696741
PRED	O-SSM	11223
	TRINITY	1
	0.366000	0
	0.580855
PRED	O-SSM	11223
	TRINITY	1
	0.158800	0
	1.492626
PRED	O-SSM	11223
	TRINITY	0
	0.356825	0
	0.613283
PRED	O-SSM	11223
	TRINITY	0
	0.346670	0
	0.649613
PRED	O-SSM	11223
	TRINITY	0
	0.244449	0
	1.053170
PRED	O-SSM	11223
	TRINITY	0
	0.275474	0
	0.921501
PRED	O-SSM	11223
	TRINITY	0
	0.327639	0
	0.719089
PRED	O-SSM	11223
	TRINITY	0
	0.263806	0
	0.969836
PRED	O-SSM	11223
	TRINITY	0
	0.414631	0
	0.413990
PRED	O-SSM	11223
	TRINITY	0
	0.229109	0
	1.122432
PRED	O-SSM	11223
	TRINITY	0
	0.393086	0
	0.487002
PRED	O-SSM	11223
	TRINITY	0
	0.163598	0
	1.463682
PRED	O-SSM	11223
	TRINITY	0
	0.146153	0
	1.572494
PRED	O-SSM	11223
	TRINITY	0
	0.318284	0
	0.753990
PRED	O-SSM	11223
	TRINITY	0
	0.203517	0
	1.245689
PRED	O-SSM	11223
	KKI	1
	0.413632	0
	1.531676
PRED	O-SSM	11223
	KKI	1
	0.414375	0
	1.517153
PRED	O-SSM	11223
	KKI	1
	0.426460	0
	1.281709
PRED	O-SSM	11223
	KKI	1
	0.437896	0
	1.060491
PRED	O-SSM	11223
	KKI	1
	0.444287	0
	0.937445
PRED	O-SSM	11223
	KKI	1
	0.428311	0
	1.245811
PRED	O-SSM	11223
	KKI	1
	0.419670	0
	1.413767
PRED	O-SSM	11223
	KKI	1
	0.429468	0
	1.223378
PRED	O-SSM	11223
	KKI	1
	0.383405	0
	2.130491
PRED	O-SSM	11223
	KKI	1
	0.429829	0
	1.216398
PRED	O-SSM	11223
	KKI	1
	0.343430	0
	2.951330
PRED	O-SSM	11223
	KKI	1
	0.463621	0
	0.567143
PRED	O-SSM	11223
	KKI	1
	0.474642	0
	0.357083
PRED	O-SSM	11223
	KKI	0
	0.427302	0
	1.265374
PRED	O-SSM	11223
	KKI	0
	0.408424	0
	1.633803
PRED	O-SSM	11223
	KKI	0
	0.368659	0
	2.428847
PRED	O-SSM	11223
	KKI	0
	0.407864	0
	1.644800
PRED	O-SSM	11223
	KKI	0
	0.377122	0
	2.257051
PRED	O-SSM	11223
	KKI	0
	0.474781	0
	0.354436
PRED	O-SSM	11223
	KKI	0
	0.400596	0
	1.788065
PRED	O-SSM	11223
	KKI	0
	0.425783	0
	1.294842
PRED	O-SSM	11223
	KKI	0
	0.453158	0
	0.767203
PRED	O-SSM	11223
	KKI	0
	0.459912	0
	0.637980
PRED	O-SSM	11223
	KKI	0
	0.435829	0
	1.100367
PRED	O-SSM	11223
	KKI	0
	0.451097	0
	0.806695
PRED	O-SSM	11223
	KKI	0
	0.430693	0
	1.199661
PRED	O-SSM	11223
	STANFORD	1
	0.367929	0
	1.187756
PRED	O-SSM	11223
	STANFORD	1
	0.391283	0
	0.991113
PRED	O-SSM	11223
	STANFORD	1
	0.075502	0
	5.081472
PRED	O-SSM	11223
	STANFORD	1
	0.383454	0
	1.056513
PRED	O-SSM	11223
	STANFORD	1
	0.315851	0
	1.647307
PRED	O-SSM	11223
	STANFORD	1
	0.359051	0
	1.263836
PRED	O-SSM	11223
	STANFORD	1
	0.447431	0
	0.533402
PRED	O-SSM	11223
	STANFORD	1
	0.451517	0
	0.500667
PRED	O-SSM	11223
	STANFORD	1
	0.336729	0
	1.458965
PRED	O-SSM	11223
	STANFORD	1
	0.376401	0
	1.115870
PRED	O-SSM	11223
	STANFORD	1
	0.269623	0
	2.090666
PRED	O-SSM	11223
	STANFORD	1
	0.459006	0
	0.440793
PRED	O-SSM	11223
	STANFORD	1
	0.469282	0
	0.358877
PRED	O-SSM	11223
	STANFORD	0
	0.441930	0
	0.577567
PRED	O-SSM	11223
	STANFORD	0
	0.355376	0
	1.295571
PRED	O-SSM	11223
	STANFORD	0
	0.457918	0
	0.449485
PRED	O-SSM	11223
	STANFORD	0
	0.434679	0
	0.635962
PRED	O-SSM	11223
	STANFORD	0
	0.255488	0
	2.235435
PRED	O-SSM	11223
	STANFORD	0
	0.412598	0
	0.815286
PRED	O-SSM	11223
	STANFORD	0
	0.504291	1
	0.080940
PRED	O-SSM	11223
	STANFORD	0
	0.386673	0
	1.029566
PRED	O-SSM	11223
	STANFORD	0
	0.360594	0
	1.250557
PRED	O-SSM	11223
	STANFORD	0
	0.477114	0
	0.296590
PRED	O-SSM	11223
	STANFORD	0
	0.451276	0
	0.502590
PRED	O-SSM	11223
	STANFORD	0
	0.320160	0
	1.607914
PRED	O-SSM	11223
	STANFORD	0
	0.380382	0
	1.082314
PRED	O-SSM	11223
	CALTECH	1
	0.644912	1
	0.621921
PRED	O-SSM	11223
	CALTECH	1
	0.641574	1
	0.599014
PRED	O-SSM	11223
	CALTECH	1
	0.624171	1
	0.481061
PRED	O-SSM	11223
	CALTECH	1
	0.649540	1
	0.653839
PRED	O-SSM	11223
	CALTECH	1
	0.752689	1
	1.434822
PRED	O-SSM	11223
	CALTECH	1
	0.735130	1
	1.289649
PRED	O-SSM	11223
	CALTECH	1
	0.637579	1
	0.571731
PRED	O-SSM	11223
	CALTECH	1
	0.691322	1
	0.951895
PRED	O-SSM	11223
	CALTECH	1
	0.578752	1
	0.182458
PRED	O-SSM	11223
	CALTECH	1
	0.821011	1
	2.080736
PRED	O-SSM	11223
	CALTECH	1
	0.652850	1
	0.676782
PRED	O-SSM	11223
	CALTECH	1
	0.600854	1
	0.326333
PRED	O-SSM	11223
	CALTECH	0
	0.707609	1
	1.073914
PRED	O-SSM	11223
	CALTECH	0
	0.705794	1
	1.060128
PRED	O-SSM	11223
	CALTECH	0
	0.578988	1
	0.183980
PRED	O-SSM	11223
	CALTECH	0
	0.692146	1
	0.957979
PRED	O-SSM	11223
	CALTECH	0
	0.686268	1
	0.914765
PRED	O-SSM	11223
	CALTECH	0
	0.771685	1
	1.599916
PRED	O-SSM	11223
	CALTECH	0
	0.786550	1
	1.735965
PRED	O-SSM	11223
	CALTECH	0
	0.574220	1
	0.153224
PRED	O-SSM	11223
	CALTECH	0
	0.631374	1
	0.529597
PRED	O-SSM	11223
	CALTECH	0
	0.743814	1
	1.360629
PRED	O-SSM	11223
	CALTECH	0
	0.727380	1
	1.227551
PRED	O-SSM	11223
	CALTECH	0
	0.592333	1
	0.270579
PRED	O-SSM	11223
	LEUVEN_2	1
	0.144564	0
	1.547723
PRED	O-SSM	11223
	LEUVEN_2	1
	0.219746	0
	1.133627
PRED	O-SSM	11223
	LEUVEN_2	1
	0.440082	0
	0.301526
PRED	O-SSM	11223
	LEUVEN_2	1
	0.157106	0
	1.468292
PRED	O-SSM	11223
	LEUVEN_2	1
	0.321365	0
	0.712322
PRED	O-SSM	11223
	LEUVEN_2	1
	0.208828	0
	1.186211
PRED	O-SSM	11223
	LEUVEN_2	1
	0.158906	0
	1.457321
PRED	O-SSM	11223
	LEUVEN_2	1
	0.309919	0
	0.755286
PRED	O-SSM	11223
	LEUVEN_2	1
	0.145192	0
	1.543609
PRED	O-SSM	11223
	LEUVEN_2	1
	0.169378	0
	1.395423
PRED	O-SSM	11223
	LEUVEN_2	1
	0.302380	0
	0.784062
PRED	O-SSM	11223
	LEUVEN_2	1
	0.168575	0
	1.400055
PRED	O-SSM	11223
	LEUVEN_2	0
	0.147907	0
	1.526009
PRED	O-SSM	11223
	LEUVEN_2	0
	0.166918	0
	1.409678
PRED	O-SSM	11223
	LEUVEN_2	0
	0.211172	0
	1.174756
PRED	O-SSM	11223
	LEUVEN_2	0
	0.127868	0
	1.662895
PRED	O-SSM	11223
	LEUVEN_2	0
	0.392247	0
	0.461287
PRED	O-SSM	11223
	LEUVEN_2	0
	0.442330	0
	0.294133
PRED	O-SSM	11223
	LEUVEN_2	0
	0.218822	0
	1.138005
PRED	O-SSM	11223
	LEUVEN_2	0
	0.446546	0
	0.280291
PRED	O-SSM	11223
	LEUVEN_2	0
	0.139995	0
	1.578075
PRED	O-SSM	11223
	LEUVEN_2	0
	0.250431	0
	0.995125
PRED	O-SSM	11223
	LEUVEN_2	0
	0.274197	0
	0.895494
PRED	O-SSM	11223
	LEUVEN_2	0
	0.317585	0
	0.726419
PRED	O-SSM	11223
	OLIN	1
	0.704957	1
	0.735377
PRED	O-SSM	11223
	OLIN	1
	0.642126	1
	0.117231
PRED	O-SSM	11223
	OLIN	1
	0.647052	1
	0.163638
PRED	O-SSM	11223
	OLIN	1
	0.674229	1
	0.425364
PRED	O-SSM	11223
	OLIN	1
	0.663069	1
	0.316653
PRED	O-SSM	11223
	OLIN	1
	0.677597	1
	0.458551
PRED	O-SSM	11223
	OLIN	1
	0.687633	1
	0.558534
PRED	O-SSM	11223
	OLIN	1
	0.804578	1
	1.909770
PRED	O-SSM	11223
	OLIN	1
	0.706407	1
	0.750444
PRED	O-SSM	11223
	OLIN	1
	0.652487	1
	0.215181
PRED	O-SSM	11223
	OLIN	1
	0.660386	1
	0.290783
PRED	O-SSM	11223
	OLIN	1
	0.739472	1
	1.107055
PRED	O-SSM	11223
	OLIN	0
	0.774616	1
	1.520004
PRED	O-SSM	11223
	OLIN	0
	0.644684	1
	0.141292
PRED	O-SSM	11223
	OLIN	0
	0.695889	1
	0.642106
PRED	O-SSM	11223
	OLIN	0
	0.658408	1
	0.271773
PRED	O-SSM	11223
	OLIN	0
	0.722124	1
	0.916687
PRED	O-SSM	11223
	OLIN	0
	0.660255	1
	0.289516
PRED	O-SSM	11223
	OLIN	0
	0.684319	1
	0.525335
PRED	O-SSM	11223
	OLIN	0
	0.770606	1
	1.470746
PRED	O-SSM	11223
	OLIN	0
	0.815423	1
	2.061893
PRED	O-SSM	11223
	OLIN	0
	0.761830	1
	1.364996
PRED	O-SSM	11223
	OLIN	0
	0.680146	1
	0.483788
PRED	O-SSM	11223
	OLIN	0
	0.698105	1
	0.664752
PRED	O-SSM	11223
	SBL	1
	0.832303	1
	1.361947
PRED	O-SSM	11223
	SBL	1
	0.809568	1
	1.150115
PRED	O-SSM	11223
	SBL	1
	0.796118	1
	1.033829
PRED	O-SSM	11223
	SBL	1
	0.819799	1
	1.242844
PRED	O-SSM	11223
	SBL	1
	0.662823	1
	0.094894
PRED	O-SSM	11223
	SBL	1
	0.788629	1
	0.971545
PRED	O-SSM	11223
	SBL	1
	0.840548	1
	1.444403
PRED	O-SSM	11223
	SBL	1
	0.833843	1
	1.377098
PRED	O-SSM	11223
	SBL	1
	0.832548	1
	1.364344
PRED	O-SSM	11223
	SBL	1
	0.785964	1
	0.949777
PRED	O-SSM	11223
	SBL	1
	0.728765	1
	0.522377
PRED	O-SSM	11223
	SBL	1
	0.869129	1
	1.760388
PRED	O-SSM	11223
	SBL	0
	0.852418	1
	1.569417
PRED	O-SSM	11223
	SBL	0
	0.737805	1
	0.585622
PRED	O-SSM	11223
	SBL	0
	0.687010	1
	0.245764
PRED	O-SSM	11223
	SBL	0
	0.836851	1
	1.407019
PRED	O-SSM	11223
	SBL	0
	0.805070	1
	1.110558
PRED	O-SSM	11223
	SBL	0
	0.745059	1
	0.637386
PRED	O-SSM	11223
	SBL	0
	0.757950	1
	0.731846
PRED	O-SSM	11223
	SBL	0
	0.747462	1
	0.654751
PRED	O-SSM	11223
	SBL	0
	0.808897	1
	1.144173
PRED	O-SSM	11223
	SBL	0
	0.746507	1
	0.647841
PRED	O-SSM	11223
	SBL	0
	0.836067	1
	1.399170
PRED	O-SSM	11223
	SBL	0
	0.872944	1
	1.806853
PRED	O-SSM	11223
	LEUVEN_1	1
	0.648344	1
	1.056879
PRED	O-SSM	11223
	LEUVEN_1	1
	0.648348	1
	0.696998
PRED	O-SSM	11223
	LEUVEN_1	1
	0.648342	1
	1.248381
PRED	O-SSM	11223
	LEUVEN_1	1
	0.648341	1
	1.329870
PRED	O-SSM	11223
	LEUVEN_1	1
	0.648345	1
	1.001109
PRED	O-SSM	11223
	LEUVEN_1	1
	0.648343	1
	1.176041
PRED	O-SSM	11223
	LEUVEN_1	1
	0.648352	1
	0.337177
PRED	O-SSM	11223
	LEUVEN_1	1
	0.648345	1
	0.965430
PRED	O-SSM	11223
	LEUVEN_1	1
	0.648348	1
	0.709171
PRED	O-SSM	11223
	LEUVEN_1	1
	0.648343	1
	1.171346
PRED	O-SSM	11223
	LEUVEN_1	1
	0.648346	1
	0.892468
PRED	O-SSM	11223
	LEUVEN_1	1
	0.648340	1
	1.395304
PRED	O-SSM	11223
	LEUVEN_1	0
	0.648340	1
	1.431256
PRED	O-SSM	11223
	LEUVEN_1	0
	0.648345	1
	0.987977
PRED	O-SSM	11223
	LEUVEN_1	0
	0.648350	1
	0.510152
PRED	O-SSM	11223
	LEUVEN_1	0
	0.648338	1
	1.607589
PRED	O-SSM	11223
	LEUVEN_1	0
	0.648341	1
	1.321731
PRED	O-SSM	11223
	LEUVEN_1	0
	0.648342	1
	1.247868
PRED	O-SSM	11223
	LEUVEN_1	0
	0.648350	1
	0.520277
PRED	O-SSM	11223
	LEUVEN_1	0
	0.648347	1
	0.804112
PRED	O-SSM	11223
	LEUVEN_1	0
	0.648349	1
	0.584208
PRED	O-SSM	11223
	LEUVEN_1	0
	0.648353	1
	0.270703
PRED	O-SSM	11223
	LEUVEN_1	0
	0.648351	1
	0.410357
PRED	O-SSM	11223
	LEUVEN_1	0
	0.648354	1
	0.170017
PRED	O-SSM	11223
	SDSU	1
	0.773649	1
	0.380996
PRED	O-SSM	11223
	SDSU	1
	0.738599	1
	0.935228
PRED	O-SSM	11223
	SDSU	1
	0.766572	1
	0.497392
PRED	O-SSM	11223
	SDSU	1
	0.762844	1
	0.557736
PRED	O-SSM	11223
	SDSU	1
	0.689913	1
	1.631126
PRED	O-SSM	11223
	SDSU	1
	0.634979	1
	2.347678
PRED	O-SSM	11223
	SDSU	1
	0.780461	1
	0.266485
PRED	O-SSM	11223
	SDSU	1
	0.752173	1
	0.726908
PRED	O-SSM	11223
	SDSU	1
	0.723515	1
	1.158666
PRED	O-SSM	11223
	SDSU	1
	0.715510	1
	1.274168
PRED	O-SSM	11223
	SDSU	1
	0.741669	1
	0.888741
PRED	O-SSM	11223
	SDSU	1
	0.704406	1
	1.431214
PRED	O-SSM	11223
	SDSU	0
	0.681160	1
	1.749371
PRED	O-SSM	11223
	SDSU	0
	0.710338	1
	1.347759
PRED	O-SSM	11223
	SDSU	0
	0.789994	1
	0.101869
PRED	O-SSM	11223
	SDSU	0
	0.575684	1
	3.071449
PRED	O-SSM	11223
	SDSU	0
	0.746095	1
	0.821097
PRED	O-SSM	11223
	SDSU	0
	0.724584	1
	1.143088
PRED	O-SSM	11223
	SDSU	0
	0.721830	1
	1.183145
PRED	O-SSM	11223
	SDSU	0
	0.655827	1
	2.082357
PRED	O-SSM	11223
	SDSU	0
	0.718114	1
	1.236817
PRED	O-SSM	11223
	SDSU	0
	0.720627	1
	1.200564
PRED	O-SSM	11223
	SDSU	0
	0.732618	1
	1.024773
PRED	O-SSM	11223
	SDSU	0
	0.726992	1
	1.107861
PRED	O-SSM	11223
	CMU	1
	0.687409	1
	1.229574
PRED	O-SSM	11223
	CMU	1
	0.596001	1
	0.090434
PRED	O-SSM	11223
	CMU	1
	0.610755	1
	0.266371
PRED	O-SSM	11223
	CMU	1
	0.612000	1
	0.281325
PRED	O-SSM	11223
	CMU	1
	0.655829	1
	0.820733
PRED	O-SSM	11223
	CMU	1
	0.609573	1
	0.252185
PRED	O-SSM	11223
	CMU	1
	0.593155	1
	0.056735
PRED	O-SSM	11223
	CMU	1
	0.692824	1
	1.301830
PRED	O-SSM	11223
	CMU	1
	0.643320	1
	0.663912
PRED	O-SSM	11223
	CMU	1
	0.673154	1
	1.042518
PRED	O-SSM	11223
	CMU	1
	0.606665	1
	0.217374
PRED	O-SSM	11223
	CMU	1
	0.606398	1
	0.214178
PRED	O-SSM	11223
	CMU	0
	0.651570	1
	0.767047
PRED	O-SSM	11223
	CMU	0
	0.633419	1
	0.541527
PRED	O-SSM	11223
	CMU	0
	0.601428	1
	0.154892
PRED	O-SSM	11223
	CMU	0
	0.644090	1
	0.673487
PRED	O-SSM	11223
	CMU	0
	0.651191	1
	0.762286
PRED	O-SSM	11223
	CMU	0
	0.634103	1
	0.549932
PRED	O-SSM	11223
	CMU	0
	0.695683	1
	1.340262
PRED	O-SSM	11223
	CMU	0
	0.656930	1
	0.834668
PRED	O-SSM	11223
	CMU	0
	0.663474	1
	0.917905
PRED	O-SSM	11223
	CMU	0
	0.682138	1
	1.159891
PRED	O-SSM	11223
	CMU	0
	0.636713	1
	0.582080
PRED	O-SSM	11223
	CMU	0
	0.679938	1
	1.130988
PRED	O-SSM	11223
	UCLA_2	1
	0.385306	0
	0.815035
PRED	O-SSM	11223
	UCLA_2	1
	0.410047	0
	1.002276
PRED	O-SSM	11223
	UCLA_2	1
	0.417882	0
	1.060807
PRED	O-SSM	11223
	UCLA_2	1
	0.475052	0
	1.480535
PRED	O-SSM	11223
	UCLA_2	1
	0.309021	0
	0.203182
PRED	O-SSM	11223
	UCLA_2	1
	0.373893	0
	0.727204
PRED	O-SSM	11223
	UCLA_2	1
	0.350471	0
	0.543406
PRED	O-SSM	11223
	UCLA_2	1
	0.410390	0
	1.004843
PRED	O-SSM	11223
	UCLA_2	1
	0.525386	1
	1.845725
PRED	O-SSM	11223
	UCLA_2	1
	0.356886	0
	0.594263
PRED	O-SSM	11223
	UCLA_2	1
	0.495567	0
	1.629407
PRED	O-SSM	11223
	UCLA_2	1
	0.416751	0
	1.052382
PRED	O-SSM	11223
	UCLA_2	0
	0.330190	0
	0.379648
PRED	O-SSM	11223
	UCLA_2	0
	0.406352	0
	0.974556
PRED	O-SSM	11223
	UCLA_2	0
	0.317358	0
	0.273420
PRED	O-SSM	11223
	UCLA_2	0
	0.382030	0
	0.789927
PRED	O-SSM	11223
	UCLA_2	0
	0.408640	0
	0.991733
PRED	O-SSM	11223
	UCLA_2	0
	0.349374	0
	0.534664
PRED	O-SSM	11223
	UCLA_2	0
	0.420950	0
	1.083641
PRED	O-SSM	11223
	UCLA_2	0
	0.379207	0
	0.768229
PRED	O-SSM	11223
	UCLA_2	0
	0.463221	0
	1.394442
PRED	O-SSM	11223
	UCLA_2	0
	0.531532	1
	1.890428
PRED	O-SSM	11223
	UCLA_2	0
	0.460483	0
	1.374478
PRED	O-SSM	11223
	UCLA_2	0
	0.448304	0
	1.285438
PRED	O-SSM	11223
	UM_2	1
	0.493786	0
	2.512996
PRED	O-SSM	11223
	UM_2	1
	0.506449	1
	1.504478
PRED	O-SSM	11223
	UM_2	1
	0.523726	1
	0.127246
PRED	O-SSM	11223
	UM_2	1
	0.512619	1
	1.012972
PRED	O-SSM	11223
	UM_2	1
	0.507863	1
	1.391879
PRED	O-SSM	11223
	UM_2	1
	0.515989	1
	0.744357
PRED	O-SSM	11223
	UM_2	1
	0.508613	1
	1.332163
PRED	O-SSM	11223
	UM_2	1
	0.518807	1
	0.519668
PRED	O-SSM	11223
	UM_2	1
	0.498606	0
	2.129127
PRED	O-SSM	11223
	UM_2	1
	0.517152	1
	0.651627
PRED	O-SSM	11223
	UM_2	1
	0.519079	1
	0.497946
PRED	O-SSM	11223
	UM_2	1
	0.520160	1
	0.411753
PRED	O-SSM	11223
	UM_2	0
	0.507059	1
	1.455932
PRED	O-SSM	11223
	UM_2	0
	0.519334	1
	0.477659
PRED	O-SSM	11223
	UM_2	0
	0.520620	1
	0.375046
PRED	O-SSM	11223
	UM_2	0
	0.507922	1
	1.387179
PRED	O-SSM	11223
	UM_2	0
	0.510226	1
	1.203604
PRED	O-SSM	11223
	UM_2	0
	0.514728	1
	0.844884
PRED	O-SSM	11223
	UM_2	0
	0.500520	1
	1.976673
PRED	O-SSM	11223
	UM_2	0
	0.514978	1
	0.824945
PRED	O-SSM	11223
	UM_2	0
	0.517013	1
	0.662733
PRED	O-SSM	11223
	UM_2	0
	0.522183	1
	0.250393
PRED	O-SSM	11223
	UM_2	0
	0.511808	1
	1.077598
PRED	O-SSM	11223
	UM_2	0
	0.517006	1
	0.663279
PRED	O-SSM	11223
	OHSU	1
	0.273708	0
	1.410631
PRED	O-SSM	11223
	OHSU	1
	0.339585	0
	0.728523
PRED	O-SSM	11223
	OHSU	1
	0.228230	0
	1.942814
PRED	O-SSM	11223
	OHSU	1
	0.361958	0
	0.512822
PRED	O-SSM	11223
	OHSU	1
	0.333851	0
	0.784886
PRED	O-SSM	11223
	OHSU	1
	0.360086	0
	0.530639
PRED	O-SSM	11223
	OHSU	1
	0.311383	0
	1.010629
PRED	O-SSM	11223
	OHSU	1
	0.326189	0
	0.860951
PRED	O-SSM	11223
	OHSU	1
	0.317066	0
	0.952738
PRED	O-SSM	11223
	OHSU	1
	0.289055	0
	1.243998
PRED	O-SSM	11223
	OHSU	1
	0.291268	0
	1.220415
PRED	O-SSM	11223
	OHSU	1
	0.353842	0
	0.590347
PRED	O-SSM	11223
	OHSU	0
	0.276265	0
	1.382484
PRED	O-SSM	11223
	OHSU	0
	0.306769	0
	1.058056
PRED	O-SSM	11223
	OHSU	0
	0.182695	0
	2.557121
PRED	O-SSM	11223
	OHSU	0
	0.230669	0
	1.912533
PRED	O-SSM	11223
	OHSU	0
	0.412730	0
	0.042674
PRED	O-SSM	11223
	OHSU	0
	0.261132	0
	1.551564
PRED	O-SSM	11223
	OHSU	0
	0.376302	0
	0.377598
PRED	O-SSM	11223
	OHSU	0
	0.281893	0
	1.321079
PRED	O-SSM	11223
	OHSU	0
	0.353275	0
	0.595791
PRED	O-SSM	11223
	OHSU	0
	0.314264	0
	0.981217
PRED	O-SSM	11223
	OHSU	0
	0.325768	0
	0.865157
PRED	O-SSM	11223
	OHSU	0
	0.386247	0
	0.285061
  O-SSM    11223
   acc=49.000000% bal=49.006410% sites=20
/20
 test_n=500
 assoc=1.002789
PRED	O-SSM	44567
	NYU	1
	0.500145	1
	0.412603
PRED	O-SSM	44567
	NYU	1
	0.502038	1
	0.474290
PRED	O-SSM	44567
	NYU	1
	0.499190	0
	0.381447
PRED	O-SSM	44567
	NYU	1
	0.504701	1
	0.561138
PRED	O-SSM	44567
	NYU	1
	0.530859	1
	1.415166
PRED	O-SSM	44567
	NYU	1
	0.515485	1
	0.912843
PRED	O-SSM	44567
	NYU	1
	0.540109	1
	1.718262
PRED	O-SSM	44567
	NYU	1
	0.521376	1
	1.105163
PRED	O-SSM	44567
	NYU	1
	0.510850	1
	0.761627
PRED	O-SSM	44567
	NYU	1
	0.530790	1
	1.412926
PRED	O-SSM	44567
	NYU	1
	0.503177	1
	0.511439
PRED	O-SSM	44567
	NYU	1
	0.534238	1
	1.525791
PRED	O-SSM	44567
	NYU	1
	0.513503	1
	0.848190
PRED	O-SSM	44567
	NYU	0
	0.529632	1
	1.375038
PRED	O-SSM	44567
	NYU	0
	0.511592	1
	0.785824
PRED	O-SSM	44567
	NYU	0
	0.515051	1
	0.898676
PRED	O-SSM	44567
	NYU	0
	0.527956	1
	1.320205
PRED	O-SSM	44567
	NYU	0
	0.504259	1
	0.546724
PRED	O-SSM	44567
	NYU	0
	0.517862	1
	0.990415
PRED	O-SSM	44567
	NYU	0
	0.519674	1
	1.049569
PRED	O-SSM	44567
	NYU	0
	0.530551	1
	1.405099
PRED	O-SSM	44567
	NYU	0
	0.529902	1
	1.383877
PRED	O-SSM	44567
	NYU	0
	0.499967	0
	0.406771
PRED	O-SSM	44567
	NYU	0
	0.494588	0
	0.231423
PRED	O-SSM	44567
	NYU	0
	0.515932	1
	0.927437
PRED	O-SSM	44567
	NYU	0
	0.514368	1
	0.876390
PRED	O-SSM	44567
	UM_1	1
	0.248001	0
	1.271994
PRED	O-SSM	44567
	UM_1	1
	0.277497	0
	0.826355
PRED	O-SSM	44567
	UM_1	1
	0.297344	0
	0.542898
PRED	O-SSM	44567
	UM_1	1
	0.251017	0
	1.224896
PRED	O-SSM	44567
	UM_1	1
	0.319024	0
	0.245438
PRED	O-SSM	44567
	UM_1	1
	0.256062	0
	1.146932
PRED	O-SSM	44567
	UM_1	1
	0.308064	0
	0.394364
PRED	O-SSM	44567
	UM_1	1
	0.281792	0
	0.764000
PRED	O-SSM	44567
	UM_1	1
	0.197966	0
	2.119310
PRED	O-SSM	44567
	UM_1	1
	0.195855	0
	2.158363
PRED	O-SSM	44567
	UM_1	1
	0.261597	0
	1.062565
PRED	O-SSM	44567
	UM_1	1
	0.246185	0
	1.300541
PRED	O-SSM	44567
	UM_1	1
	0.245735	0
	1.307632
PRED	O-SSM	44567
	UM_1	0
	0.246707	0
	1.292324
PRED	O-SSM	44567
	UM_1	0
	0.330403	0
	0.093673
PRED	O-SSM	44567
	UM_1	0
	0.243824	0
	1.337860
PRED	O-SSM	44567
	UM_1	0
	0.279052	0
	0.803714
PRED	O-SSM	44567
	UM_1	0
	0.258099	0
	1.115755
PRED	O-SSM	44567
	UM_1	0
	0.279600	0
	0.795748
PRED	O-SSM	44567
	UM_1	0
	0.232984	0
	1.512469
PRED	O-SSM	44567
	UM_1	0
	0.269909	0
	0.937986
PRED	O-SSM	44567
	UM_1	0
	0.242780	0
	1.354444
PRED	O-SSM	44567
	UM_1	0
	0.224650	0
	1.650590
PRED	O-SSM	44567
	UM_1	0
	0.251993	0
	1.209730
PRED	O-SSM	44567
	UM_1	0
	0.248295	0
	1.267385
PRED	O-SSM	44567
	UM_1	0
	0.312022	0
	0.340254
PRED	O-SSM	44567
	UCLA_1	1
	0.470244	0
	0.733454
PRED	O-SSM	44567
	UCLA_1	1
	0.496076	0
	1.120901
PRED	O-SSM	44567
	UCLA_1	1
	0.471195	0
	0.747750
PRED	O-SSM	44567
	UCLA_1	1
	0.456487	0
	0.526265
PRED	O-SSM	44567
	UCLA_1	1
	0.480453	0
	0.886741
PRED	O-SSM	44567
	UCLA_1	1
	0.475282	0
	0.809142
PRED	O-SSM	44567
	UCLA_1	1
	0.444502	0
	0.344958
PRED	O-SSM	44567
	UCLA_1	1
	0.462995	0
	0.624391
PRED	O-SSM	44567
	UCLA_1	1
	0.532295	1
	1.664088
PRED	O-SSM	44567
	UCLA_1	1
	0.473716	0
	0.785628
PRED	O-SSM	44567
	UCLA_1	1
	0.560329	1
	2.087743
PRED	O-SSM	44567
	UCLA_1	1
	0.472299	0
	0.764338
PRED	O-SSM	44567
	UCLA_1	1
	0.499334	0
	1.169705
PRED	O-SSM	44567
	UCLA_1	0
	0.446890	0
	0.381156
PRED	O-SSM	44567
	UCLA_1	0
	0.470043	0
	0.730427
PRED	O-SSM	44567
	UCLA_1	0
	0.454868	0
	0.501825
PRED	O-SSM	44567
	UCLA_1	0
	0.489921	0
	1.028696
PRED	O-SSM	44567
	UCLA_1	0
	0.478068	0
	0.850955
PRED	O-SSM	44567
	UCLA_1	0
	0.472026	0
	0.760233
PRED	O-SSM	44567
	UCLA_1	0
	0.532539	1
	1.667764
PRED	O-SSM	44567
	UCLA_1	0
	0.479716	0
	0.875686
PRED	O-SSM	44567
	UCLA_1	0
	0.493890	0
	1.088159
PRED	O-SSM	44567
	UCLA_1	0
	0.453640	0
	0.483272
PRED	O-SSM	44567
	UCLA_1	0
	0.474985	0
	0.804674
PRED	O-SSM	44567
	UCLA_1	0
	0.482505	0
	0.917524
PRED	O-SSM	44567
	UCLA_1	0
	0.458790	0
	0.561020
PRED	O-SSM	44567
	YALE	1
	0.884580	1
	0.878260
PRED	O-SSM	44567
	YALE	1
	0.833958	1
	0.547321
PRED	O-SSM	44567
	YALE	1
	0.857664	1
	0.689914
PRED	O-SSM	44567
	YALE	1
	0.967287	1
	1.935605
PRED	O-SSM	44567
	YALE	1
	0.742762	1
	0.113819
PRED	O-SSM	44567
	YALE	1
	0.964385	1
	1.866688
PRED	O-SSM	44567
	YALE	1
	0.878463	1
	0.832387
PRED	O-SSM	44567
	YALE	1
	0.896849	1
	0.977052
PRED	O-SSM	44567
	YALE	1
	0.825895	1
	0.502583
PRED	O-SSM	44567
	YALE	1
	0.890767	1
	0.926858
PRED	O-SSM	44567
	YALE	1
	0.857085	1
	0.686202
PRED	O-SSM	44567
	YALE	1
	0.872216	1
	0.787545
PRED	O-SSM	44567
	YALE	1
	0.864124	1
	0.732159
PRED	O-SSM	44567
	YALE	0
	0.775974	1
	0.256333
PRED	O-SSM	44567
	YALE	0
	0.886691	1
	0.894577
PRED	O-SSM	44567
	YALE	0
	0.932930	1
	1.345038
PRED	O-SSM	44567
	YALE	0
	0.745565	1
	0.125348
PRED	O-SSM	44567
	YALE	0
	0.974082	1
	2.123429
PRED	O-SSM	44567
	YALE	0
	0.963695	1
	1.851110
PRED	O-SSM	44567
	YALE	0
	0.900173	1
	1.005605
PRED	O-SSM	44567
	YALE	0
	0.861266	1
	0.713264
PRED	O-SSM	44567
	YALE	0
	0.846864	1
	0.622712
PRED	O-SSM	44567
	YALE	0
	0.972651	1
	2.080171
PRED	O-SSM	44567
	YALE	0
	0.996193	1
	4.454744
PRED	O-SSM	44567
	YALE	0
	0.861566	1
	0.715236
PRED	O-SSM	44567
	YALE	0
	0.914227	1
	1.136560
PRED	O-SSM	44567
	PITT	1
	0.549980	1
	1.056612
PRED	O-SSM	44567
	PITT	1
	0.563766	1
	1.354287
PRED	O-SSM	44567
	PITT	1
	0.536121	1
	0.759001
PRED	O-SSM	44567
	PITT	1
	0.556941	1
	1.206677
PRED	O-SSM	44567
	PITT	1
	0.565243	1
	1.386297
PRED	O-SSM	44567
	PITT	1
	0.576611	1
	1.633578
PRED	O-SSM	44567
	PITT	1
	0.515407	1
	0.316290
PRED	O-SSM	44567
	PITT	1
	0.556284	1
	1.192508
PRED	O-SSM	44567
	PITT	1
	0.550312	1
	1.063764
PRED	O-SSM	44567
	PITT	1
	0.541093	1
	0.865607
PRED	O-SSM	44567
	PITT	1
	0.585092	1
	1.819198
PRED	O-SSM	44567
	PITT	1
	0.542884	1
	0.904055
PRED	O-SSM	44567
	PITT	1
	0.510664	1
	0.215147
PRED	O-SSM	44567
	PITT	0
	0.544753	1
	0.944200
PRED	O-SSM	44567
	PITT	0
	0.541988	1
	0.884825
PRED	O-SSM	44567
	PITT	0
	0.581763	1
	1.746205
PRED	O-SSM	44567
	PITT	0
	0.529811	1
	0.623932
PRED	O-SSM	44567
	PITT	0
	0.550426	1
	1.066209
PRED	O-SSM	44567
	PITT	0
	0.539748	1
	0.836756
PRED	O-SSM	44567
	PITT	0
	0.532910	1
	0.690241
PRED	O-SSM	44567
	PITT	0
	0.562037	1
	1.316854
PRED	O-SSM	44567
	PITT	0
	0.554569	1
	1.155496
PRED	O-SSM	44567
	PITT	0
	0.573743	1
	1.571030
PRED	O-SSM	44567
	PITT	0
	0.552205	1
	1.104530
PRED	O-SSM	44567
	PITT	0
	0.571622	1
	1.524851
PRED	O-SSM	44567
	PITT	0
	0.567399	1
	1.433092
PRED	O-SSM	44567
	USM	1
	0.406840	0
	0.457647
PRED	O-SSM	44567
	USM	1
	0.388486	0
	0.615141
PRED	O-SSM	44567
	USM	1
	0.421637	0
	0.332315
PRED	O-SSM	44567
	USM	1
	0.265059	0
	1.778610
PRED	O-SSM	44567
	USM	1
	0.292702	0
	1.495952
PRED	O-SSM	44567
	USM	1
	0.253607	0
	1.901143
PRED	O-SSM	44567
	USM	1
	0.409826	0
	0.432245
PRED	O-SSM	44567
	USM	1
	0.377765	0
	0.708361
PRED	O-SSM	44567
	USM	1
	0.343508	0
	1.013853
PRED	O-SSM	44567
	USM	1
	0.360583	0
	0.860003
PRED	O-SSM	44567
	USM	1
	0.430633	0
	0.256721
PRED	O-SSM	44567
	USM	1
	0.425853	0
	0.296838
PRED	O-SSM	44567
	USM	1
	0.298261	0
	1.441081
PRED	O-SSM	44567
	USM	0
	0.428497	0
	0.274631
PRED	O-SSM	44567
	USM	0
	0.377692	0
	0.709003
PRED	O-SSM	44567
	USM	0
	0.335857	0
	1.083953
PRED	O-SSM	44567
	USM	0
	0.402383	0
	0.495668
PRED	O-SSM	44567
	USM	0
	0.378817	0
	0.699175
PRED	O-SSM	44567
	USM	0
	0.320060	0
	1.231267
PRED	O-SSM	44567
	USM	0
	0.347486	0
	0.977704
PRED	O-SSM	44567
	USM	0
	0.351846	0
	0.938301
PRED	O-SSM	44567
	USM	0
	0.437112	0
	0.202510
PRED	O-SSM	44567
	USM	0
	0.425386	0
	0.300763
PRED	O-SSM	44567
	USM	0
	0.362805	0
	0.840220
PRED	O-SSM	44567
	USM	0
	0.391949	0
	0.585227
PRED	O-SSM	44567
	USM	0
	0.389821	0
	0.603600
PRED	O-SSM	44567
	MAX_MUN	1
	0.502033	1
	0.116352
PRED	O-SSM	44567
	MAX_MUN	1
	0.576472	1
	0.551503
PRED	O-SSM	44567
	MAX_MUN	1
	0.708945	1
	1.395136
PRED	O-SSM	44567
	MAX_MUN	1
	0.570263	1
	0.514704
PRED	O-SSM	44567
	MAX_MUN	1
	0.654885	1
	1.033184
PRED	O-SSM	44567
	MAX_MUN	1
	0.815681	1
	2.260704
PRED	O-SSM	44567
	MAX_MUN	1
	0.567571	1
	0.498793
PRED	O-SSM	44567
	MAX_MUN	1
	0.546822	1
	0.376864
PRED	O-SSM	44567
	MAX_MUN	1
	0.596579	1
	0.671712
PRED	O-SSM	44567
	MAX_MUN	1
	0.537309	1
	0.321310
PRED	O-SSM	44567
	MAX_MUN	1
	0.641322	1
	0.946966
PRED	O-SSM	44567
	MAX_MUN	1
	0.632605	1
	0.892314
PRED	O-SSM	44567
	MAX_MUN	1
	0.645718	1
	0.974746
PRED	O-SSM	44567
	MAX_MUN	0
	0.632295	1
	0.890386
PRED	O-SSM	44567
	MAX_MUN	0
	0.606952	1
	0.734461
PRED	O-SSM	44567
	MAX_MUN	0
	0.713617	1
	1.428117
PRED	O-SSM	44567
	MAX_MUN	0
	0.643715	1
	0.962071
PRED	O-SSM	44567
	MAX_MUN	0
	0.733596	1
	1.572977
PRED	O-SSM	44567
	MAX_MUN	0
	0.812996	1
	2.234963
PRED	O-SSM	44567
	MAX_MUN	0
	0.689364	1
	1.260150
PRED	O-SSM	44567
	MAX_MUN	0
	0.638750	1
	0.930782
PRED	O-SSM	44567
	MAX_MUN	0
	0.760964	1
	1.783218
PRED	O-SSM	44567
	MAX_MUN	0
	0.680081	1
	1.197809
PRED	O-SSM	44567
	MAX_MUN	0
	0.694425	1
	1.294565
PRED	O-SSM	44567
	MAX_MUN	0
	0.653214	1
	1.022477
PRED	O-SSM	44567
	MAX_MUN	0
	0.684538	1
	1.227615
PRED	O-SSM	44567
	TRINITY	1
	0.741809	1
	1.711619
PRED	O-SSM	44567
	TRINITY	1
	0.650827	1
	0.829875
PRED	O-SSM	44567
	TRINITY	1
	0.814705	1
	2.578628
PRED	O-SSM	44567
	TRINITY	1
	0.677244	1
	1.071260
PRED	O-SSM	44567
	TRINITY	1
	0.691553	1
	1.206267
PRED	O-SSM	44567
	TRINITY	1
	0.708794	1
	1.373645
PRED	O-SSM	44567
	TRINITY	1
	0.730422	1
	1.592154
PRED	O-SSM	44567
	TRINITY	1
	0.647376	1
	0.799002
PRED	O-SSM	44567
	TRINITY	1
	0.714532	1
	1.430629
PRED	O-SSM	44567
	TRINITY	1
	0.696937	1
	1.257948
PRED	O-SSM	44567
	TRINITY	1
	0.646590	1
	0.791983
PRED	O-SSM	44567
	TRINITY	1
	0.656903	1
	0.884584
PRED	O-SSM	44567
	TRINITY	1
	0.753040	1
	1.832862
PRED	O-SSM	44567
	TRINITY	0
	0.613274	1
	0.500622
PRED	O-SSM	44567
	TRINITY	0
	0.605810	1
	0.436714
PRED	O-SSM	44567
	TRINITY	0
	0.682566	1
	1.121089
PRED	O-SSM	44567
	TRINITY	0
	0.640163	1
	0.734904
PRED	O-SSM	44567
	TRINITY	0
	0.612900	1
	0.497407
PRED	O-SSM	44567
	TRINITY	0
	0.692769	1
	1.217893
PRED	O-SSM	44567
	TRINITY	0
	0.605818	1
	0.436779
PRED	O-SSM	44567
	TRINITY	0
	0.731185	1
	1.600053
PRED	O-SSM	44567
	TRINITY	0
	0.608489	1
	0.459601
PRED	O-SSM	44567
	TRINITY	0
	0.683682	1
	1.131594
PRED	O-SSM	44567
	TRINITY	0
	0.734877	1
	1.638498
PRED	O-SSM	44567
	TRINITY	0
	0.645799	1
	0.784937
PRED	O-SSM	44567
	TRINITY	0
	0.667133	1
	0.977748
PRED	O-SSM	44567
	KKI	1
	0.361610	0
	1.025060
PRED	O-SSM	44567
	KKI	1
	0.421852	0
	1.957412
PRED	O-SSM	44567
	KKI	1
	0.344091	0
	0.742522
PRED	O-SSM	44567
	KKI	1
	0.343684	0
	0.735887
PRED	O-SSM	44567
	KKI	1
	0.347122	0
	0.791874
PRED	O-SSM	44567
	KKI	1
	0.374990	0
	1.236848
PRED	O-SSM	44567
	KKI	1
	0.408185	0
	1.750121
PRED	O-SSM	44567
	KKI	1
	0.384849	0
	1.390945
PRED	O-SSM	44567
	KKI	1
	0.415322	0
	1.858625
PRED	O-SSM	44567
	KKI	1
	0.367618	0
	1.120557
PRED	O-SSM	44567
	KKI	1
	0.386909	0
	1.422964
PRED	O-SSM	44567
	KKI	1
	0.332891	0
	0.558328
PRED	O-SSM	44567
	KKI	1
	0.322429	0
	0.383453
PRED	O-SSM	44567
	KKI	0
	0.384530	0
	1.385982
PRED	O-SSM	44567
	KKI	0
	0.348527	0
	0.814684
PRED	O-SSM	44567
	KKI	0
	0.419406	0
	1.920468
PRED	O-SSM	44567
	KKI	0
	0.391245	0
	1.490131
PRED	O-SSM	44567
	KKI	0
	0.353483	0
	0.894786
PRED	O-SSM	44567
	KKI	0
	0.319889	0
	0.340567
PRED	O-SSM	44567
	KKI	0
	0.379056	0
	1.300587
PRED	O-SSM	44567
	KKI	0
	0.371432	0
	1.180841
PRED	O-SSM	44567
	KKI	0
	0.321437	0
	0.366720
PRED	O-SSM	44567
	KKI	0
	0.318683	0
	0.320119
PRED	O-SSM	44567
	KKI	0
	0.364193	0
	1.066202
PRED	O-SSM	44567
	KKI	0
	0.332295	0
	0.548449
PRED	O-SSM	44567
	KKI	0
	0.359388	0
	0.989573
PRED	O-SSM	44567
	STANFORD	1
	0.538344	1
	1.588913
PRED	O-SSM	44567
	STANFORD	1
	0.545584	1
	1.245898
PRED	O-SSM	44567
	STANFORD	1
	0.454926	0
	5.522208
PRED	O-SSM	44567
	STANFORD	1
	0.535804	1
	1.709061
PRED	O-SSM	44567
	STANFORD	1
	0.543400	1
	1.349457
PRED	O-SSM	44567
	STANFORD	1
	0.538258	1
	1.592991
PRED	O-SSM	44567
	STANFORD	1
	0.551862	1
	0.947763
PRED	O-SSM	44567
	STANFORD	1
	0.553422	1
	0.873551
PRED	O-SSM	44567
	STANFORD	1
	0.539779	1
	1.520983
PRED	O-SSM	44567
	STANFORD	1
	0.554137	1
	0.839531
PRED	O-SSM	44567
	STANFORD	1
	0.536686	1
	1.667346
PRED	O-SSM	44567
	STANFORD	1
	0.562803	1
	0.426204
PRED	O-SSM	44567
	STANFORD	1
	0.565520	1
	0.296268
PRED	O-SSM	44567
	STANFORD	0
	0.544076	1
	1.317410
PRED	O-SSM	44567
	STANFORD	0
	0.550226	1
	1.025506
PRED	O-SSM	44567
	STANFORD	0
	0.566136	1
	0.266777
PRED	O-SSM	44567
	STANFORD	0
	0.551739	1
	0.953597
PRED	O-SSM	44567
	STANFORD	0
	0.548214	1
	1.121092
PRED	O-SSM	44567
	STANFORD	0
	0.545610	1
	1.244658
PRED	O-SSM	44567
	STANFORD	0
	0.570291	1
	0.067601
PRED	O-SSM	44567
	STANFORD	0
	0.555210	1
	0.788454
PRED	O-SSM	44567
	STANFORD	0
	0.538773	1
	1.568623
PRED	O-SSM	44567
	STANFORD	0
	0.562686	1
	0.431787
PRED	O-SSM	44567
	STANFORD	0
	0.557296	1
	0.689046
PRED	O-SSM	44567
	STANFORD	0
	0.535333	1
	1.731299
PRED	O-SSM	44567
	STANFORD	0
	0.557664	1
	0.671494
PRED	O-SSM	44567
	CALTECH	1
	0.526355	1
	0.549964
PRED	O-SSM	44567
	CALTECH	1
	0.525299	1
	0.535097
PRED	O-SSM	44567
	CALTECH	1
	0.517273	1
	0.422177
PRED	O-SSM	44567
	CALTECH	1
	0.529239	1
	0.590603
PRED	O-SSM	44567
	CALTECH	1
	0.575047	1
	1.241482
PRED	O-SSM	44567
	CALTECH	1
	0.629733	1
	2.044103
PRED	O-SSM	44567
	CALTECH	1
	0.538926	1
	0.727278
PRED	O-SSM	44567
	CALTECH	1
	0.570475	1
	1.175877
PRED	O-SSM	44567
	CALTECH	1
	0.499551	0
	0.173194
PRED	O-SSM	44567
	CALTECH	1
	0.655011	1
	2.430552
PRED	O-SSM	44567
	CALTECH	1
	0.535732	1
	0.682180
PRED	O-SSM	44567
	CALTECH	1
	0.506822	1
	0.275306
PRED	O-SSM	44567
	CALTECH	0
	0.560947	1
	1.039715
PRED	O-SSM	44567
	CALTECH	0
	0.552520	1
	0.919815
PRED	O-SSM	44567
	CALTECH	0
	0.495507	0
	0.116398
PRED	O-SSM	44567
	CALTECH	0
	0.531920	1
	0.628399
PRED	O-SSM	44567
	CALTECH	0
	0.555962	1
	0.968731
PRED	O-SSM	44567
	CALTECH	0
	0.581846	1
	1.339386
PRED	O-SSM	44567
	CALTECH	0
	0.601708	1
	1.628093
PRED	O-SSM	44567
	CALTECH	0
	0.497126	0
	0.139128
PRED	O-SSM	44567
	CALTECH	0
	0.516341	1
	0.409073
PRED	O-SSM	44567
	CALTECH	0
	0.561755	1
	1.051243
PRED	O-SSM	44567
	CALTECH	0
	0.584478	1
	1.377396
PRED	O-SSM	44567
	CALTECH	0
	0.508820	1
	0.303370
PRED	O-SSM	44567
	LEUVEN_2	1
	0.469651	0
	1.320490
PRED	O-SSM	44567
	LEUVEN_2	1
	0.470210	0
	1.330551
PRED	O-SSM	44567
	LEUVEN_2	1
	0.413817	0
	0.304121
PRED	O-SSM	44567
	LEUVEN_2	1
	0.469706	0
	1.321474
PRED	O-SSM	44567
	LEUVEN_2	1
	0.424961	0
	0.509359
PRED	O-SSM	44567
	LEUVEN_2	1
	0.443649	0
	0.850481
PRED	O-SSM	44567
	LEUVEN_2	1
	0.449749	0
	0.961141
PRED	O-SSM	44567
	LEUVEN_2	1
	0.436792	0
	0.725706
PRED	O-SSM	44567
	LEUVEN_2	1
	0.490194	0
	1.689608
PRED	O-SSM	44567
	LEUVEN_2	1
	0.456059	0
	1.075330
PRED	O-SSM	44567
	LEUVEN_2	1
	0.444068	0
	0.858084
PRED	O-SSM	44567
	LEUVEN_2	1
	0.458111	0
	1.112420
PRED	O-SSM	44567
	LEUVEN_2	0
	0.448954	0
	0.946730
PRED	O-SSM	44567
	LEUVEN_2	0
	0.455956	0
	1.073481
PRED	O-SSM	44567
	LEUVEN_2	0
	0.471918	0
	1.361289
PRED	O-SSM	44567
	LEUVEN_2	0
	0.489632	0
	1.679509
PRED	O-SSM	44567
	LEUVEN_2	0
	0.417463	0
	0.371433
PRED	O-SSM	44567
	LEUVEN_2	0
	0.412332	0
	0.276668
PRED	O-SSM	44567
	LEUVEN_2	0
	0.494572	0
	1.768145
PRED	O-SSM	44567
	LEUVEN_2	0
	0.423930	0
	0.490431
PRED	O-SSM	44567
	LEUVEN_2	0
	0.507815	1
	2.005684
PRED	O-SSM	44567
	LEUVEN_2	0
	0.445773	0
	0.889045
PRED	O-SSM	44567
	LEUVEN_2	0
	0.447766	0
	0.925196
PRED	O-SSM	44567
	LEUVEN_2	0
	0.433137	0
	0.659012
PRED	O-SSM	44567
	OLIN	1
	0.638902	1
	1.066500
PRED	O-SSM	44567
	OLIN	1
	0.463011	0
	0.132461
PRED	O-SSM	44567
	OLIN	1
	0.497124	0
	0.310116
PRED	O-SSM	44567
	OLIN	1
	0.509602	1
	0.374979
PRED	O-SSM	44567
	OLIN	1
	0.512580	1
	0.390466
PRED	O-SSM	44567
	OLIN	1
	0.512910	1
	0.392182
PRED	O-SSM	44567
	OLIN	1
	0.565846	1
	0.669303
PRED	O-SSM	44567
	OLIN	1
	0.635140	1
	1.045356
PRED	O-SSM	44567
	OLIN	1
	0.604854	1
	0.878259
PRED	O-SSM	44567
	OLIN	1
	0.480287	0
	0.222554
PRED	O-SSM	44567
	OLIN	1
	0.482458	0
	0.233853
PRED	O-SSM	44567
	OLIN	1
	0.754678	1
	1.785215
PRED	O-SSM	44567
	OLIN	0
	0.771903	1
	1.909130
PRED	O-SSM	44567
	OLIN	0
	0.476643	0
	0.203577
PRED	O-SSM	44567
	OLIN	0
	0.567576	1
	0.678460
PRED	O-SSM	44567
	OLIN	0
	0.513242	1
	0.393908
PRED	O-SSM	44567
	OLIN	0
	0.672224	1
	1.258366
PRED	O-SSM	44567
	OLIN	0
	0.471529	0
	0.176929
PRED	O-SSM	44567
	OLIN	0
	0.523705	1
	0.448366
PRED	O-SSM	44567
	OLIN	0
	0.807229	1
	2.185924
PRED	O-SSM	44567
	OLIN	0
	0.777938	1
	1.954096
PRED	O-SSM	44567
	OLIN	0
	0.692714	1
	1.381260
PRED	O-SSM	44567
	OLIN	0
	0.611285	1
	0.913321
PRED	O-SSM	44567
	OLIN	0
	0.631336	1
	1.024075
PRED	O-SSM	44567
	SBL	1
	0.469975	0
	1.648027
PRED	O-SSM	44567
	SBL	1
	0.480465	0
	1.583905
PRED	O-SSM	44567
	SBL	1
	0.557541	1
	1.112336
PRED	O-SSM	44567
	SBL	1
	0.531336	1
	1.273423
PRED	O-SSM	44567
	SBL	1
	0.704812	1
	0.138108
PRED	O-SSM	44567
	SBL	1
	0.568223	1
	1.046153
PRED	O-SSM	44567
	SBL	1
	0.596855	1
	0.866631
PRED	O-SSM	44567
	SBL	1
	0.469926	0
	1.648328
PRED	O-SSM	44567
	SBL	1
	0.566951	1
	1.054056
PRED	O-SSM	44567
	SBL	1
	0.540264	1
	1.218704
PRED	O-SSM	44567
	SBL	1
	0.621167	1
	0.710959
PRED	O-SSM	44567
	SBL	1
	0.464038	0
	1.684381
PRED	O-SSM	44567
	SBL	0
	0.498295	0
	1.475134
PRED	O-SSM	44567
	SBL	0
	0.609684	1
	0.784920
PRED	O-SSM	44567
	SBL	0
	0.696673	1
	0.197270
PRED	O-SSM	44567
	SBL	0
	0.533130	1
	1.262438
PRED	O-SSM	44567
	SBL	0
	0.570028	1
	1.034933
PRED	O-SSM	44567
	SBL	0
	0.657759	1
	0.468870
PRED	O-SSM	44567
	SBL	0
	0.576559	1
	0.994236
PRED	O-SSM	44567
	SBL	0
	0.635740	1
	0.615817
PRED	O-SSM	44567
	SBL	0
	0.605315	1
	0.812848
PRED	O-SSM	44567
	SBL	0
	0.652515	1
	0.504253
PRED	O-SSM	44567
	SBL	0
	0.535492	1
	1.247971
PRED	O-SSM	44567
	SBL	0
	0.464115	0
	1.683914
PRED	O-SSM	44567
	LEUVEN_1	1
	0.581269	1
	1.001295
PRED	O-SSM	44567
	LEUVEN_1	1
	0.567298	1
	0.779985
PRED	O-SSM	44567
	LEUVEN_1	1
	0.605165	1
	1.384881
PRED	O-SSM	44567
	LEUVEN_1	1
	0.587120	1
	1.094585
PRED	O-SSM	44567
	LEUVEN_1	1
	0.583228	1
	1.032495
PRED	O-SSM	44567
	LEUVEN_1	1
	0.602173	1
	1.336444
PRED	O-SSM	44567
	LEUVEN_1	1
	0.533322	1
	0.248084
PRED	O-SSM	44567
	LEUVEN_1	1
	0.592590	1
	1.182148
PRED	O-SSM	44567
	LEUVEN_1	1
	0.557722	1
	0.629286
PRED	O-SSM	44567
	LEUVEN_1	1
	0.590706	1
	1.151941
PRED	O-SSM	44567
	LEUVEN_1	1
	0.577748	1
	0.945342
PRED	O-SSM	44567
	LEUVEN_1	1
	0.609579	1
	1.456555
PRED	O-SSM	44567
	LEUVEN_1	0
	0.584362	1
	1.050564
PRED	O-SSM	44567
	LEUVEN_1	0
	0.580979	1
	0.996690
PRED	O-SSM	44567
	LEUVEN_1	0
	0.540313	1
	0.356966
PRED	O-SSM	44567
	LEUVEN_1	0
	0.567305	1
	0.780088
PRED	O-SSM	44567
	LEUVEN_1	0
	0.610347	1
	1.469053
PRED	O-SSM	44567
	LEUVEN_1	0
	0.560126	1
	0.667053
PRED	O-SSM	44567
	LEUVEN_1	0
	0.541877	1
	0.381356
PRED	O-SSM	44567
	LEUVEN_1	0
	0.558459	1
	0.640864
PRED	O-SSM	44567
	LEUVEN_1	0
	0.563763	1
	0.724270
PRED	O-SSM	44567
	LEUVEN_1	0
	0.540407	1
	0.358430
PRED	O-SSM	44567
	LEUVEN_1	0
	0.573582	1
	0.879304
PRED	O-SSM	44567
	LEUVEN_1	0
	0.530078	1
	0.197633
PRED	O-SSM	44567
	SDSU	1
	0.438267	0
	0.479408
PRED	O-SSM	44567
	SDSU	1
	0.467579	0
	0.858604
PRED	O-SSM	44567
	SDSU	1
	0.432376	0
	0.402610
PRED	O-SSM	44567
	SDSU	1
	0.440587	0
	0.509581
PRED	O-SSM	44567
	SDSU	1
	0.496025	0
	1.223807
PRED	O-SSM	44567
	SDSU	1
	0.575638	1
	2.251775
PRED	O-SSM	44567
	SDSU	1
	0.421054	0
	0.254283
PRED	O-SSM	44567
	SDSU	1
	0.466801	0
	0.848580
PRED	O-SSM	44567
	SDSU	1
	0.505048	1
	1.339464
PRED	O-SSM	44567
	SDSU	1
	0.495445	0
	1.216364
PRED	O-SSM	44567
	SDSU	1
	0.482968	0
	1.056356
PRED	O-SSM	44567
	SDSU	1
	0.496191	0
	1.225927
PRED	O-SSM	44567
	SDSU	0
	0.509497	1
	1.396503
PRED	O-SSM	44567
	SDSU	0
	0.518115	1
	1.507050
PRED	O-SSM	44567
	SDSU	0
	0.408692	0
	0.091091
PRED	O-SSM	44567
	SDSU	0
	0.646209	1
	3.205198
PRED	O-SSM	44567
	SDSU	0
	0.464978	0
	0.825105
PRED	O-SSM	44567
	SDSU	0
	0.489585	0
	1.141241
PRED	O-SSM	44567
	SDSU	0
	0.491222	0
	1.162221
PRED	O-SSM	44567
	SDSU	0
	0.585121	1
	2.376562
PRED	O-SSM	44567
	SDSU	0
	0.482642	0
	1.052164
PRED	O-SSM	44567
	SDSU	0
	0.533254	1
	1.701636
PRED	O-SSM	44567
	SDSU	0
	0.486074	0
	1.096209
PRED	O-SSM	44567
	SDSU	0
	0.509089	1
	1.391265
PRED	O-SSM	44567
	CMU	1
	0.429575	0
	1.460424
PRED	O-SSM	44567
	CMU	1
	0.307956	0
	0.092487
PRED	O-SSM	44567
	CMU	1
	0.328536	0
	0.339180
PRED	O-SSM	44567
	CMU	1
	0.314644	0
	0.173606
PRED	O-SSM	44567
	CMU	1
	0.401274	0
	1.157313
PRED	O-SSM	44567
	CMU	1
	0.317869	0
	0.212382
PRED	O-SSM	44567
	CMU	1
	0.304783	0
	0.053669
PRED	O-SSM	44567
	CMU	1
	0.434294	0
	1.510427
PRED	O-SSM	44567
	CMU	1
	0.343543	0
	0.514092
PRED	O-SSM	44567
	CMU	1
	0.378900	0
	0.912752
PRED	O-SSM	44567
	CMU	1
	0.318955	0
	0.225386
PRED	O-SSM	44567
	CMU	1
	0.328340	0
	0.336872
PRED	O-SSM	44567
	CMU	0
	0.363915	0
	0.745850
PRED	O-SSM	44567
	CMU	0
	0.340354	0
	0.477245
PRED	O-SSM	44567
	CMU	0
	0.312232	0
	0.144458
PRED	O-SSM	44567
	CMU	0
	0.379026	0
	0.914138
PRED	O-SSM	44567
	CMU	0
	0.397649	0
	1.118026
PRED	O-SSM	44567
	CMU	0
	0.350324	0
	0.591911
PRED	O-SSM	44567
	CMU	0
	0.457269	0
	1.752274
PRED	O-SSM	44567
	CMU	0
	0.372614	0
	0.843069
PRED	O-SSM	44567
	CMU	0
	0.434454	0
	1.512121
PRED	O-SSM	44567
	CMU	0
	0.416563	0
	1.321802
PRED	O-SSM	44567
	CMU	0
	0.342311	0
	0.499870
PRED	O-SSM	44567
	CMU	0
	0.440797	0
	1.579139
PRED	O-SSM	44567
	UCLA_2	1
	0.504923	1
	1.065220
PRED	O-SSM	44567
	UCLA_2	1
	0.511109	1
	0.990391
PRED	O-SSM	44567
	UCLA_2	1
	0.517152	1
	0.917256
PRED	O-SSM	44567
	UCLA_2	1
	0.489787	0
	1.248269
PRED	O-SSM	44567
	UCLA_2	1
	0.575776	1
	0.201297
PRED	O-SSM	44567
	UCLA_2	1
	0.518985	1
	0.895063
PRED	O-SSM	44567
	UCLA_2	1
	0.533365	1
	0.720673
PRED	O-SSM	44567
	UCLA_2	1
	0.488871	0
	1.259352
PRED	O-SSM	44567
	UCLA_2	1
	0.500464	1
	1.119148
PRED	O-SSM	44567
	UCLA_2	1
	0.540681	1
	0.631716
PRED	O-SSM	44567
	UCLA_2	1
	0.481319	0
	1.350769
PRED	O-SSM	44567
	UCLA_2	1
	0.486987	0
	1.282151
PRED	O-SSM	44567
	UCLA_2	0
	0.562782	1
	0.361513
PRED	O-SSM	44567
	UCLA_2	0
	0.506306	1
	1.048497
PRED	O-SSM	44567
	UCLA_2	0
	0.566815	1
	0.311908
PRED	O-SSM	44567
	UCLA_2	0
	0.527400	1
	0.793077
PRED	O-SSM	44567
	UCLA_2	0
	0.532557	1
	0.730485
PRED	O-SSM	44567
	UCLA_2	0
	0.559820	1
	0.397876
PRED	O-SSM	44567
	UCLA_2	0
	0.495141	0
	1.183513
PRED	O-SSM	44567
	UCLA_2	0
	0.537792	1
	0.666870
PRED	O-SSM	44567
	UCLA_2	0
	0.476690	0
	1.406847
PRED	O-SSM	44567
	UCLA_2	0
	0.493131	0
	1.207819
PRED	O-SSM	44567
	UCLA_2	0
	0.497000	0
	1.161030
PRED	O-SSM	44567
	UCLA_2	0
	0.476636	0
	1.407500
PRED	O-SSM	44567
	UM_2	1
	0.803254	1
	1.664443
PRED	O-SSM	44567
	UM_2	1
	0.782905	1
	1.211487
PRED	O-SSM	44567
	UM_2	1
	0.730776	1
	0.174346
PRED	O-SSM	44567
	UM_2	1
	0.773313	1
	1.008659
PRED	O-SSM	44567
	UM_2	1
	0.781409	1
	1.179443
PRED	O-SSM	44567
	UM_2	1
	0.775271	1
	1.049575
PRED	O-SSM	44567
	UM_2	1
	0.783736	1
	1.229375
PRED	O-SSM	44567
	UM_2	1
	0.750260	1
	0.544650
PRED	O-SSM	44567
	UM_2	1
	0.826127	1
	2.218101
PRED	O-SSM	44567
	UM_2	1
	0.780509	1
	1.160236
PRED	O-SSM	44567
	UM_2	1
	0.749509	1
	0.530035
PRED	O-SSM	44567
	UM_2	1
	0.742614	1
	0.397165
PRED	O-SSM	44567
	UM_2	0
	0.790262	1
	1.371499
PRED	O-SSM	44567
	UM_2	0
	0.737723	1
	0.304321
PRED	O-SSM	44567
	UM_2	0
	0.737512	1
	0.300341
PRED	O-SSM	44567
	UM_2	0
	0.788473	1
	1.332217
PRED	O-SSM	44567
	UM_2	0
	0.782215	1
	1.196690
PRED	O-SSM	44567
	UM_2	0
	0.774509	1
	1.033616
PRED	O-SSM	44567
	UM_2	0
	0.787527	1
	1.311546
PRED	O-SSM	44567
	UM_2	0
	0.835498	1
	2.461521
PRED	O-SSM	44567
	UM_2	0
	0.751324	1
	0.565396
PRED	O-SSM	44567
	UM_2	0
	0.747703	1
	0.495002
PRED	O-SSM	44567
	UM_2	0
	0.778538	1
	1.118366
PRED	O-SSM	44567
	UM_2	0
	0.765419	1
	0.846257
PRED	O-SSM	44567
	OHSU	1
	0.576828	1
	1.015802
PRED	O-SSM	44567
	OHSU	1
	0.514984	1
	0.798761
PRED	O-SSM	44567
	OHSU	1
	0.808504	1
	1.998041
PRED	O-SSM	44567
	OHSU	1
	0.465010	0
	0.624878
PRED	O-SSM	44567
	OHSU	1
	0.546130	1
	0.907443
PRED	O-SSM	44567
	OHSU	1
	0.489318	0
	0.709547
PRED	O-SSM	44567
	OHSU	1
	0.615937	1
	1.157048
PRED	O-SSM	44567
	OHSU	1
	0.577971	1
	1.019870
PRED	O-SSM	44567
	OHSU	1
	0.556984	1
	0.945572
PRED	O-SSM	44567
	OHSU	1
	0.693584	1
	1.456431
PRED	O-SSM	44567
	OHSU	1
	0.676294	1
	1.386807
PRED	O-SSM	44567
	OHSU	1
	0.440631	0
	0.539372
PRED	O-SSM	44567
	OHSU	0
	0.558566	1
	0.951145
PRED	O-SSM	44567
	OHSU	0
	0.614451	1
	1.151595
PRED	O-SSM	44567
	OHSU	0
	0.787609	1
	1.885315
PRED	O-SSM	44567
	OHSU	0
	0.731737	1
	1.618486
PRED	O-SSM	44567
	OHSU	0
	0.307791	0
	0.042530
PRED	O-SSM	44567
	OHSU	0
	0.584927	1
	1.044704
PRED	O-SSM	44567
	OHSU	0
	0.438930	0
	0.533377
PRED	O-SSM	44567
	OHSU	0
	0.705210	1
	1.504479
PRED	O-SSM	44567
	OHSU	0
	0.465281	0
	0.625822
PRED	O-SSM	44567
	OHSU	0
	0.709815	1
	1.523814
PRED	O-SSM	44567
	OHSU	0
	0.578502	1
	1.021765
PRED	O-SSM	44567
	OHSU	0
	0.364919	0
	0.265287
  O-SSM    44567
   acc=49.000000% bal=48.942308% sites=20
/20
 test_n=500
 assoc=0.995103
PRED	O-SSM	77889
	NYU	1
	0.738851	1
	0.378260
PRED	O-SSM	77889
	NYU	1
	0.743136	1
	0.411976
PRED	O-SSM	77889
	NYU	1
	0.748081	1
	0.451346
PRED	O-SSM	77889
	NYU	1
	0.767226	1
	0.608875
PRED	O-SSM	77889
	NYU	1
	0.873333	1
	1.723423
PRED	O-SSM	77889
	NYU	1
	0.796149	1
	0.865117
PRED	O-SSM	77889
	NYU	1
	0.836754	1
	1.275684
PRED	O-SSM	77889
	NYU	1
	0.818120	1
	1.078450
PRED	O-SSM	77889
	NYU	1
	0.757274	1
	0.525930
PRED	O-SSM	77889
	NYU	1
	0.880075	1
	1.817627
PRED	O-SSM	77889
	NYU	1
	0.751710	1
	0.480573
PRED	O-SSM	77889
	NYU	1
	0.827356	1
	1.174106
PRED	O-SSM	77889
	NYU	1
	0.817782	1
	1.075027
PRED	O-SSM	77889
	NYU	0
	0.834918	1
	1.255478
PRED	O-SSM	77889
	NYU	0
	0.794509	1
	0.849907
PRED	O-SSM	77889
	NYU	0
	0.804697	1
	0.945940
PRED	O-SSM	77889
	NYU	0
	0.829377	1
	1.195576
PRED	O-SSM	77889
	NYU	0
	0.735939	1
	0.355554
PRED	O-SSM	77889
	NYU	0
	0.808203	1
	0.979858
PRED	O-SSM	77889
	NYU	0
	0.810734	1
	1.004645
PRED	O-SSM	77889
	NYU	0
	0.859322	1
	1.540562
PRED	O-SSM	77889
	NYU	0
	0.866625	1
	1.633851
PRED	O-SSM	77889
	NYU	0
	0.745893	1
	0.433865
PRED	O-SSM	77889
	NYU	0
	0.725134	1
	0.272651
PRED	O-SSM	77889
	NYU	0
	0.791833	1
	0.825275
PRED	O-SSM	77889
	NYU	0
	0.785343	1
	0.766475
PRED	O-SSM	77889
	UM_1	1
	0.612729	1
	1.392798
PRED	O-SSM	77889
	UM_1	1
	0.616405	1
	0.814945
PRED	O-SSM	77889
	UM_1	1
	0.617284	1
	0.676455
PRED	O-SSM	77889
	UM_1	1
	0.613058	1
	1.341183
PRED	O-SSM	77889
	UM_1	1
	0.620014	1
	0.245488
PRED	O-SSM	77889
	UM_1	1
	0.613011	1
	1.348501
PRED	O-SSM	77889
	UM_1	1
	0.619302	1
	0.357978
PRED	O-SSM	77889
	UM_1	1
	0.616465	1
	0.805377
PRED	O-SSM	77889
	UM_1	1
	0.610778	1
	1.698666
PRED	O-SSM	77889
	UM_1	1
	0.613133	1
	1.329325
PRED	O-SSM	77889
	UM_1	1
	0.612909	1
	1.364520
PRED	O-SSM	77889
	UM_1	1
	0.615080	1
	1.023450
PRED	O-SSM	77889
	UM_1	1
	0.606781	1
	2.323654
PRED	O-SSM	77889
	UM_1	0
	0.616163	1
	0.852994
PRED	O-SSM	77889
	UM_1	0
	0.621088	1
	0.075574
PRED	O-SSM	77889
	UM_1	0
	0.615122	1
	1.016793
PRED	O-SSM	77889
	UM_1	0
	0.617257	1
	0.680653
PRED	O-SSM	77889
	UM_1	0
	0.615434	1
	0.967706
PRED	O-SSM	77889
	UM_1	0
	0.616371	1
	0.820182
PRED	O-SSM	77889
	UM_1	0
	0.612510	1
	1.427203
PRED	O-SSM	77889
	UM_1	0
	0.614770	1
	1.072208
PRED	O-SSM	77889
	UM_1	0
	0.612990	1
	1.351852
PRED	O-SSM	77889
	UM_1	0
	0.612240	1
	1.469469
PRED	O-SSM	77889
	UM_1	0
	0.617081	1
	0.708396
PRED	O-SSM	77889
	UM_1	0
	0.614092	1
	1.178719
PRED	O-SSM	77889
	UM_1	0
	0.619765	1
	0.284811
PRED	O-SSM	77889
	UCLA_1	1
	0.773503	1
	1.173973
PRED	O-SSM	77889
	UCLA_1	1
	0.768931	1
	1.125579
PRED	O-SSM	77889
	UCLA_1	1
	0.734366	1
	0.779315
PRED	O-SSM	77889
	UCLA_1	1
	0.710685	1
	0.558601
PRED	O-SSM	77889
	UCLA_1	1
	0.747029	1
	0.902467
PRED	O-SSM	77889
	UCLA_1	1
	0.798267	1
	1.449081
PRED	O-SSM	77889
	UCLA_1	1
	0.669708	1
	0.200279
PRED	O-SSM	77889
	UCLA_1	1
	0.761226	1
	1.045502
PRED	O-SSM	77889
	UCLA_1	1
	0.773116	1
	1.169852
PRED	O-SSM	77889
	UCLA_1	1
	0.743938	1
	0.872047
PRED	O-SSM	77889
	UCLA_1	1
	0.937010	1
	3.922310
PRED	O-SSM	77889
	UCLA_1	1
	0.721066	1
	0.653927
PRED	O-SSM	77889
	UCLA_1	1
	0.757413	1
	1.006535
PRED	O-SSM	77889
	UCLA_1	0
	0.709430	1
	0.547208
PRED	O-SSM	77889
	UCLA_1	0
	0.752546	1
	0.957393
PRED	O-SSM	77889
	UCLA_1	0
	0.697278	1
	0.438420
PRED	O-SSM	77889
	UCLA_1	0
	0.792448	1
	1.382312
PRED	O-SSM	77889
	UCLA_1	0
	0.745962	1
	0.891939
PRED	O-SSM	77889
	UCLA_1	0
	0.727314	1
	0.712357
PRED	O-SSM	77889
	UCLA_1	0
	0.804679	1
	1.524356
PRED	O-SSM	77889
	UCLA_1	0
	0.761791	1
	1.051319
PRED	O-SSM	77889
	UCLA_1	0
	0.760783	1
	1.040951
PRED	O-SSM	77889
	UCLA_1	0
	0.694955	1
	0.417913
PRED	O-SSM	77889
	UCLA_1	0
	0.785833	1
	1.308053
PRED	O-SSM	77889
	UCLA_1	0
	0.731807	1
	0.754888
PRED	O-SSM	77889
	UCLA_1	0
	0.700529	1
	0.467280
PRED	O-SSM	77889
	YALE	1
	0.868635	1
	1.418526
PRED	O-SSM	77889
	YALE	1
	0.751548	1
	0.576323
PRED	O-SSM	77889
	YALE	1
	0.717058	1
	0.385746
PRED	O-SSM	77889
	YALE	1
	0.889142	1
	1.626447
PRED	O-SSM	77889
	YALE	1
	0.662554	1
	0.110898
PRED	O-SSM	77889
	YALE	1
	0.814769	1
	0.979534
PRED	O-SSM	77889
	YALE	1
	0.812107	1
	0.960648
PRED	O-SSM	77889
	YALE	1
	0.763504	1
	0.646431
PRED	O-SSM	77889
	YALE	1
	0.741310	1
	0.518065
PRED	O-SSM	77889
	YALE	1
	0.782017	1
	0.760016
PRED	O-SSM	77889
	YALE	1
	0.764748	1
	0.653864
PRED	O-SSM	77889
	YALE	1
	0.808909	1
	0.938223
PRED	O-SSM	77889
	YALE	1
	0.734492	1
	0.480100
PRED	O-SSM	77889
	YALE	0
	0.684560	1
	0.218708
PRED	O-SSM	77889
	YALE	0
	0.728426	1
	0.446841
PRED	O-SSM	77889
	YALE	0
	0.833083	1
	1.115586
PRED	O-SSM	77889
	YALE	0
	0.669264	1
	0.143378
PRED	O-SSM	77889
	YALE	0
	0.970294	1
	3.138704
PRED	O-SSM	77889
	YALE	0
	0.888699	1
	1.621614
PRED	O-SSM	77889
	YALE	0
	0.757091	1
	0.608537
PRED	O-SSM	77889
	YALE	0
	0.781295	1
	0.755463
PRED	O-SSM	77889
	YALE	0
	0.794073	1
	0.837764
PRED	O-SSM	77889
	YALE	0
	0.827672	1
	1.074211
PRED	O-SSM	77889
	YALE	0
	0.988965	1
	4.225725
PRED	O-SSM	77889
	YALE	0
	0.748199	1
	0.557094
PRED	O-SSM	77889
	YALE	0
	0.885624	1
	1.588531
PRED	O-SSM	77889
	PITT	1
	0.363976	0
	1.075946
PRED	O-SSM	77889
	PITT	1
	0.337672	0
	1.578752
PRED	O-SSM	77889
	PITT	1
	0.368227	0
	0.996234
PRED	O-SSM	77889
	PITT	1
	0.358987	0
	1.170010
PRED	O-SSM	77889
	PITT	1
	0.360607	0
	1.139398
PRED	O-SSM	77889
	PITT	1
	0.351329	0
	1.315537
PRED	O-SSM	77889
	PITT	1
	0.401953	0
	0.376098
PRED	O-SSM	77889
	PITT	1
	0.352722	0
	1.288966
PRED	O-SSM	77889
	PITT	1
	0.346133	0
	1.415093
PRED	O-SSM	77889
	PITT	1
	0.355133	0
	1.243073
PRED	O-SSM	77889
	PITT	1
	0.361246	0
	1.127340
PRED	O-SSM	77889
	PITT	1
	0.380619	0
	0.765964
PRED	O-SSM	77889
	PITT	1
	0.407823	0
	0.270076
PRED	O-SSM	77889
	PITT	0
	0.383912	0
	0.705281
PRED	O-SSM	77889
	PITT	0
	0.379383	0
	0.788798
PRED	O-SSM	77889
	PITT	0
	0.351287	0
	1.316333
PRED	O-SSM	77889
	PITT	0
	0.372749	0
	0.911844
PRED	O-SSM	77889
	PITT	0
	0.381827	0
	0.743685
PRED	O-SSM	77889
	PITT	0
	0.368310	0
	0.994672
PRED	O-SSM	77889
	PITT	0
	0.402355	0
	0.368804
PRED	O-SSM	77889
	PITT	0
	0.363986	0
	1.075751
PRED	O-SSM	77889
	PITT	0
	0.368138	0
	0.997892
PRED	O-SSM	77889
	PITT	0
	0.352177	0
	1.299361
PRED	O-SSM	77889
	PITT	0
	0.359965	0
	1.151536
PRED	O-SSM	77889
	PITT	0
	0.360819	0
	1.135399
PRED	O-SSM	77889
	PITT	0
	0.339104	0
	1.550919
PRED	O-SSM	77889
	USM	1
	0.490311	0
	0.291714
PRED	O-SSM	77889
	USM	1
	0.597533	1
	0.884241
PRED	O-SSM	77889
	USM	1
	0.500096	1
	0.345159
PRED	O-SSM	77889
	USM	1
	0.715627	1
	1.604735
PRED	O-SSM	77889
	USM	1
	0.668705	1
	1.303612
PRED	O-SSM	77889
	USM	1
	0.743316	1
	1.796441
PRED	O-SSM	77889
	USM	1
	0.521649	1
	0.462949
PRED	O-SSM	77889
	USM	1
	0.659936	1
	1.249918
PRED	O-SSM	77889
	USM	1
	0.601752	1
	0.908240
PRED	O-SSM	77889
	USM	1
	0.590677	1
	0.845421
PRED	O-SSM	77889
	USM	1
	0.487031	0
	0.273791
PRED	O-SSM	77889
	USM	1
	0.514093	1
	0.421625
PRED	O-SSM	77889
	USM	1
	0.791533	1
	2.166353
PRED	O-SSM	77889
	USM	0
	0.485387	0
	0.264805
PRED	O-SSM	77889
	USM	0
	0.591544	1
	0.850321
PRED	O-SSM	77889
	USM	0
	0.694561	1
	1.466361
PRED	O-SSM	77889
	USM	0
	0.508857	1
	0.393014
PRED	O-SSM	77889
	USM	0
	0.688752	1
	1.429167
PRED	O-SSM	77889
	USM	0
	0.787047	1
	2.129522
PRED	O-SSM	77889
	USM	0
	0.679066	1
	1.367989
PRED	O-SSM	77889
	USM	0
	0.638457	1
	1.121110
PRED	O-SSM	77889
	USM	0
	0.470206	0
	0.181722
PRED	O-SSM	77889
	USM	0
	0.469417	0
	0.177392
PRED	O-SSM	77889
	USM	0
	0.595601	1
	0.873282
PRED	O-SSM	77889
	USM	0
	0.523627	1
	0.473773
PRED	O-SSM	77889
	USM	0
	0.523848	1
	0.474983
PRED	O-SSM	77889
	MAX_MUN	1
	0.385954	0
	0.172206
PRED	O-SSM	77889
	MAX_MUN	1
	0.394379	0
	0.712943
PRED	O-SSM	77889
	MAX_MUN	1
	0.403600	0
	1.300152
PRED	O-SSM	77889
	MAX_MUN	1
	0.393335	0
	0.646153
PRED	O-SSM	77889
	MAX_MUN	1
	0.400847	0
	1.125304
PRED	O-SSM	77889
	MAX_MUN	1
	0.408471	0
	1.608591
PRED	O-SSM	77889
	MAX_MUN	1
	0.390116	0
	0.439817
PRED	O-SSM	77889
	MAX_MUN	1
	0.393617	0
	0.664178
PRED	O-SSM	77889
	MAX_MUN	1
	0.396919	0
	0.875151
PRED	O-SSM	77889
	MAX_MUN	1
	0.388036	0
	0.306237
PRED	O-SSM	77889
	MAX_MUN	1
	0.399703	0
	1.052534
PRED	O-SSM	77889
	MAX_MUN	1
	0.394835	0
	0.742064
PRED	O-SSM	77889
	MAX_MUN	1
	0.407054	0
	1.518974
PRED	O-SSM	77889
	MAX_MUN	0
	0.395078	0
	0.757578
PRED	O-SSM	77889
	MAX_MUN	0
	0.394021	0
	0.690032
PRED	O-SSM	77889
	MAX_MUN	0
	0.401459	0
	1.164221
PRED	O-SSM	77889
	MAX_MUN	0
	0.392629	0
	0.600942
PRED	O-SSM	77889
	MAX_MUN	0
	0.404014	0
	1.326392
PRED	O-SSM	77889
	MAX_MUN	0
	0.412902	0
	1.888192
PRED	O-SSM	77889
	MAX_MUN	0
	0.405602	0
	1.427075
PRED	O-SSM	77889
	MAX_MUN	0
	0.401773	0
	1.184142
PRED	O-SSM	77889
	MAX_MUN	0
	0.399923	0
	1.066526
PRED	O-SSM	77889
	MAX_MUN	0
	0.408738	0
	1.625469
PRED	O-SSM	77889
	MAX_MUN	0
	0.400349	0
	1.093661
PRED	O-SSM	77889
	MAX_MUN	0
	0.400452	0
	1.100196
PRED	O-SSM	77889
	MAX_MUN	0
	0.401110	0
	1.142036
PRED	O-SSM	77889
	TRINITY	1
	0.479434	0
	2.702087
PRED	O-SSM	77889
	TRINITY	1
	0.475491	0
	0.921554
PRED	O-SSM	77889
	TRINITY	1
	0.477750	0
	1.941805
PRED	O-SSM	77889
	TRINITY	1
	0.476217	0
	1.249651
PRED	O-SSM	77889
	TRINITY	1
	0.477029	0
	1.616364
PRED	O-SSM	77889
	TRINITY	1
	0.475817	0
	1.068829
PRED	O-SSM	77889
	TRINITY	1
	0.476627	0
	1.434926
PRED	O-SSM	77889
	TRINITY	1
	0.474995	0
	0.697855
PRED	O-SSM	77889
	TRINITY	1
	0.477600	0
	1.874179
PRED	O-SSM	77889
	TRINITY	1
	0.475941	0
	1.125109
PRED	O-SSM	77889
	TRINITY	1
	0.477517	0
	1.836604
PRED	O-SSM	77889
	TRINITY	1
	0.475305	0
	0.837940
PRED	O-SSM	77889
	TRINITY	1
	0.479220	0
	2.605371
PRED	O-SSM	77889
	TRINITY	0
	0.474475	0
	0.462576
PRED	O-SSM	77889
	TRINITY	0
	0.474497	0
	0.472655
PRED	O-SSM	77889
	TRINITY	0
	0.476841	0
	1.531595
PRED	O-SSM	77889
	TRINITY	0
	0.475596	0
	0.969261
PRED	O-SSM	77889
	TRINITY	0
	0.474321	0
	0.393291
PRED	O-SSM	77889
	TRINITY	0
	0.475668	0
	1.001853
PRED	O-SSM	77889
	TRINITY	0
	0.474560	0
	0.501166
PRED	O-SSM	77889
	TRINITY	0
	0.476276	0
	1.276303
PRED	O-SSM	77889
	TRINITY	0
	0.474659	0
	0.545886
PRED	O-SSM	77889
	TRINITY	0
	0.476414	0
	1.338485
PRED	O-SSM	77889
	TRINITY	0
	0.477109	0
	1.652465
PRED	O-SSM	77889
	TRINITY	0
	0.475273	0
	0.823231
PRED	O-SSM	77889
	TRINITY	0
	0.474823	0
	0.619889
PRED	O-SSM	77889
	KKI	1
	0.589524	1
	0.872857
PRED	O-SSM	77889
	KKI	1
	0.565551	1
	1.313523
PRED	O-SSM	77889
	KKI	1
	0.595437	1
	0.763045
PRED	O-SSM	77889
	KKI	1
	0.581147	1
	1.027612
PRED	O-SSM	77889
	KKI	1
	0.571701	1
	1.201107
PRED	O-SSM	77889
	KKI	1
	0.569745	1
	1.236902
PRED	O-SSM	77889
	KKI	1
	0.536804	1
	1.834759
PRED	O-SSM	77889
	KKI	1
	0.587805	1
	0.904696
PRED	O-SSM	77889
	KKI	1
	0.531747	1
	1.925882
PRED	O-SSM	77889
	KKI	1
	0.595238	1
	0.766749
PRED	O-SSM	77889
	KKI	1
	0.554030	1
	1.523175
PRED	O-SSM	77889
	KKI	1
	0.613874	1
	0.417151
PRED	O-SSM	77889
	KKI	1
	0.618429	1
	0.330785
PRED	O-SSM	77889
	KKI	0
	0.587699	1
	0.906659
PRED	O-SSM	77889
	KKI	0
	0.577969	1
	1.086100
PRED	O-SSM	77889
	KKI	0
	0.525401	1
	2.040087
PRED	O-SSM	77889
	KKI	0
	0.575024	1
	1.140199
PRED	O-SSM	77889
	KKI	0
	0.591951	1
	0.827839
PRED	O-SSM	77889
	KKI	0
	0.622957	1
	0.244552
PRED	O-SSM	77889
	KKI	0
	0.551857	1
	1.562591
PRED	O-SSM	77889
	KKI	0
	0.566164	1
	1.302347
PRED	O-SSM	77889
	KKI	0
	0.614333	1
	0.408467
PRED	O-SSM	77889
	KKI	0
	0.620068	1
	0.299622
PRED	O-SSM	77889
	KKI	0
	0.579607	1
	1.055977
PRED	O-SSM	77889
	KKI	0
	0.614486	1
	0.405569
PRED	O-SSM	77889
	KKI	0
	0.584211	1
	0.971119
PRED	O-SSM	77889
	STANFORD	1
	0.341793	0
	1.880309
PRED	O-SSM	77889
	STANFORD	1
	0.442101	0
	1.391391
PRED	O-SSM	77889
	STANFORD	1
	0.009182	0
	6.537536
PRED	O-SSM	77889
	STANFORD	1
	0.363058	0
	1.772508
PRED	O-SSM	77889
	STANFORD	1
	0.410263	0
	1.542042
PRED	O-SSM	77889
	STANFORD	1
	0.402002	0
	1.581661
PRED	O-SSM	77889
	STANFORD	1
	0.578163	1
	0.757647
PRED	O-SSM	77889
	STANFORD	1
	0.548738	1
	0.896064
PRED	O-SSM	77889
	STANFORD	1
	0.453052	0
	1.340156
PRED	O-SSM	77889
	STANFORD	1
	0.461523	0
	1.300675
PRED	O-SSM	77889
	STANFORD	1
	0.227705	0
	2.535021
PRED	O-SSM	77889
	STANFORD	1
	0.665457	1
	0.326800
PRED	O-SSM	77889
	STANFORD	1
	0.668292	1
	0.312039
PRED	O-SSM	77889
	STANFORD	0
	0.523474	1
	1.013599
PRED	O-SSM	77889
	STANFORD	0
	0.442915	0
	1.387574
PRED	O-SSM	77889
	STANFORD	0
	0.656068	1
	0.375250
PRED	O-SSM	77889
	STANFORD	0
	0.545135	1
	0.912885
PRED	O-SSM	77889
	STANFORD	0
	0.517823	1
	1.039790
PRED	O-SSM	77889
	STANFORD	0
	0.354012	0
	1.818004
PRED	O-SSM	77889
	STANFORD	0
	0.716058	1
	0.052327
PRED	O-SSM	77889
	STANFORD	0
	0.623696	1
	0.537837
PRED	O-SSM	77889
	STANFORD	0
	0.470622	0
	1.258378
PRED	O-SSM	77889
	STANFORD	0
	0.661694	1
	0.346295
PRED	O-SSM	77889
	STANFORD	0
	0.555970	1
	0.862232
PRED	O-SSM	77889
	STANFORD	0
	0.450787	0
	1.350733
PRED	O-SSM	77889
	STANFORD	0
	0.608780	1
	0.610802
PRED	O-SSM	77889
	CALTECH	1
	0.658551	1
	0.387144
PRED	O-SSM	77889
	CALTECH	1
	0.613481	1
	0.258278
PRED	O-SSM	77889
	CALTECH	1
	0.609451	1
	0.247062
PRED	O-SSM	77889
	CALTECH	1
	0.769060	1
	0.748310
PRED	O-SSM	77889
	CALTECH	1
	0.887009	1
	1.315376
PRED	O-SSM	77889
	CALTECH	1
	0.929301	1
	1.656230
PRED	O-SSM	77889
	CALTECH	1
	0.772104	1
	0.759696
PRED	O-SSM	77889
	CALTECH	1
	0.872350	1
	1.223693
PRED	O-SSM	77889
	CALTECH	1
	0.589279	1
	0.191502
PRED	O-SSM	77889
	CALTECH	1
	0.990099	1
	2.998133
PRED	O-SSM	77889
	CALTECH	1
	0.757709	1
	0.706750
PRED	O-SSM	77889
	CALTECH	1
	0.628020	1
	0.299123
PRED	O-SSM	77889
	CALTECH	0
	0.753049	1
	0.690071
PRED	O-SSM	77889
	CALTECH	0
	0.781099	1
	0.793984
PRED	O-SSM	77889
	CALTECH	0
	0.573681	1
	0.149114
PRED	O-SSM	77889
	CALTECH	0
	0.795524	1
	0.851165
PRED	O-SSM	77889
	CALTECH	0
	0.823284	1
	0.970333
PRED	O-SSM	77889
	CALTECH	0
	0.849586	1
	1.097690
PRED	O-SSM	77889
	CALTECH	0
	0.880890	1
	1.275922
PRED	O-SSM	77889
	CALTECH	0
	0.547444	1
	0.078665
PRED	O-SSM	77889
	CALTECH	0
	0.608611	1
	0.244729
PRED	O-SSM	77889
	CALTECH	0
	0.893028	1
	1.356051
PRED	O-SSM	77889
	CALTECH	0
	0.933938	1
	1.704386
PRED	O-SSM	77889
	CALTECH	0
	0.623471	1
	0.286277
PRED	O-SSM	77889
	LEUVEN_2	1
	0.784584	1
	1.491500
PRED	O-SSM	77889
	LEUVEN_2	1
	0.781231	1
	1.421876
PRED	O-SSM	77889
	LEUVEN_2	1
	0.723626	1
	0.326515
PRED	O-SSM	77889
	LEUVEN_2	1
	0.788387	1
	1.571433
PRED	O-SSM	77889
	LEUVEN_2	1
	0.744017	1
	0.695118
PRED	O-SSM	77889
	LEUVEN_2	1
	0.742204	1
	0.661600
PRED	O-SSM	77889
	LEUVEN_2	1
	0.768737	1
	1.168940
PRED	O-SSM	77889
	LEUVEN_2	1
	0.756392	1
	0.928240
PRED	O-SSM	77889
	LEUVEN_2	1
	0.784815	1
	1.496332
PRED	O-SSM	77889
	LEUVEN_2	1
	0.797639	1
	1.770404
PRED	O-SSM	77889
	LEUVEN_2	1
	0.756050	1
	0.921692
PRED	O-SSM	77889
	LEUVEN_2	1
	0.772156	1
	1.237159
PRED	O-SSM	77889
	LEUVEN_2	0
	0.766636	1
	1.127362
PRED	O-SSM	77889
	LEUVEN_2	0
	0.776208	1
	1.318981
PRED	O-SSM	77889
	LEUVEN_2	0
	0.770544	1
	1.204912
PRED	O-SSM	77889
	LEUVEN_2	0
	0.792454	1
	1.658087
PRED	O-SSM	77889
	LEUVEN_2	0
	0.729602	1
	0.432705
PRED	O-SSM	77889
	LEUVEN_2	0
	0.723961	1
	0.332430
PRED	O-SSM	77889
	LEUVEN_2	0
	0.795731	1
	1.728830
PRED	O-SSM	77889
	LEUVEN_2	0
	0.732862	1
	0.491239
PRED	O-SSM	77889
	LEUVEN_2	0
	0.811882	1
	2.090485
PRED	O-SSM	77889
	LEUVEN_2	0
	0.756844	1
	0.936900
PRED	O-SSM	77889
	LEUVEN_2	0
	0.728246	1
	0.408467
PRED	O-SSM	77889
	LEUVEN_2	0
	0.752079	1
	0.846112
PRED	O-SSM	77889
	OLIN	1
	0.420904	0
	1.085115
PRED	O-SSM	77889
	OLIN	1
	0.481990	0
	0.160644
PRED	O-SSM	77889
	OLIN	1
	0.480474	0
	0.183378
PRED	O-SSM	77889
	OLIN	1
	0.475391	0
	0.259625
PRED	O-SSM	77889
	OLIN	1
	0.475622	0
	0.256162
PRED	O-SSM	77889
	OLIN	1
	0.460160	0
	0.488631
PRED	O-SSM	77889
	OLIN	1
	0.450662	0
	0.631973
PRED	O-SSM	77889
	OLIN	1
	0.369134	0
	1.896844
PRED	O-SSM	77889
	OLIN	1
	0.452113	0
	0.610048
PRED	O-SSM	77889
	OLIN	1
	0.478944	0
	0.206327
PRED	O-SSM	77889
	OLIN	1
	0.479086	0
	0.204187
PRED	O-SSM	77889
	OLIN	1
	0.392124	0
	1.531746
PRED	O-SSM	77889
	OLIN	0
	0.399156	0
	1.421673
PRED	O-SSM	77889
	OLIN	0
	0.482177	0
	0.157849
PRED	O-SSM	77889
	OLIN	0
	0.420182	0
	1.096205
PRED	O-SSM	77889
	OLIN	0
	0.470338	0
	0.335506
PRED	O-SSM	77889
	OLIN	0
	0.415562	0
	1.167297
PRED	O-SSM	77889
	OLIN	0
	0.475582	0
	0.256754
PRED	O-SSM	77889
	OLIN	0
	0.466319	0
	0.395908
PRED	O-SSM	77889
	OLIN	0
	0.399632	0
	1.414254
PRED	O-SSM	77889
	OLIN	0
	0.406713	0
	1.304107
PRED	O-SSM	77889
	OLIN	0
	0.387948	0
	1.597446
PRED	O-SSM	77889
	OLIN	0
	0.439498	0
	0.801168
PRED	O-SSM	77889
	OLIN	0
	0.417520	0
	1.137136
PRED	O-SSM	77889
	SBL	1
	0.722159	1
	1.676269
PRED	O-SSM	77889
	SBL	1
	0.690449	1
	1.317635
PRED	O-SSM	77889
	SBL	1
	0.690547	1
	1.318713
PRED	O-SSM	77889
	SBL	1
	0.721642	1
	1.670227
PRED	O-SSM	77889
	SBL	1
	0.572031	1
	0.117147
PRED	O-SSM	77889
	SBL	1
	0.651512	1
	0.903797
PRED	O-SSM	77889
	SBL	1
	0.698956	1
	1.411667
PRED	O-SSM	77889
	SBL	1
	0.687077	1
	1.280755
PRED	O-SSM	77889
	SBL	1
	0.669273	1
	1.089481
PRED	O-SSM	77889
	SBL	1
	0.705822	1
	1.488672
PRED	O-SSM	77889
	SBL	1
	0.637243	1
	0.757800
PRED	O-SSM	77889
	SBL	1
	0.683407	1
	1.240868
PRED	O-SSM	77889
	SBL	0
	0.699338	1
	1.415928
PRED	O-SSM	77889
	SBL	0
	0.631116	1
	0.695884
PRED	O-SSM	77889
	SBL	0
	0.581320	1
	0.206351
PRED	O-SSM	77889
	SBL	0
	0.672269	1
	1.121282
PRED	O-SSM	77889
	SBL	0
	0.649735	1
	0.885468
PRED	O-SSM	77889
	SBL	0
	0.620189	1
	0.586505
PRED	O-SSM	77889
	SBL	0
	0.661240	1
	1.004916
PRED	O-SSM	77889
	SBL	0
	0.621034	1
	0.594916
PRED	O-SSM	77889
	SBL	0
	0.656126	1
	0.951588
PRED	O-SSM	77889
	SBL	0
	0.636908	1
	0.754404
PRED	O-SSM	77889
	SBL	0
	0.667715	1
	1.072998
PRED	O-SSM	77889
	SBL	0
	0.704034	1
	1.468525
PRED	O-SSM	77889
	LEUVEN_1	1
	0.231416	0
	0.987529
PRED	O-SSM	77889
	LEUVEN_1	1
	0.231785	0
	0.890111
PRED	O-SSM	77889
	LEUVEN_1	1
	0.229447	0
	1.509065
PRED	O-SSM	77889
	LEUVEN_1	1
	0.230562	0
	1.213506
PRED	O-SSM	77889
	LEUVEN_1	1
	0.231879	0
	0.865209
PRED	O-SSM	77889
	LEUVEN_1	1
	0.228974	0
	1.634882
PRED	O-SSM	77889
	LEUVEN_1	1
	0.234378	0
	0.208751
PRED	O-SSM	77889
	LEUVEN_1	1
	0.229749	0
	1.428832
PRED	O-SSM	77889
	LEUVEN_1	1
	0.232142	0
	0.796020
PRED	O-SSM	77889
	LEUVEN_1	1
	0.232490	0
	0.704200
PRED	O-SSM	77889
	LEUVEN_1	1
	0.230535	0
	1.220562
PRED	O-SSM	77889
	LEUVEN_1	1
	0.230404	0
	1.255181
PRED	O-SSM	77889
	LEUVEN_1	0
	0.230563	0
	1.213182
PRED	O-SSM	77889
	LEUVEN_1	0
	0.229737	0
	1.432073
PRED	O-SSM	77889
	LEUVEN_1	0
	0.233578	0
	0.418414
PRED	O-SSM	77889
	LEUVEN_1	0
	0.232132	0
	0.798733
PRED	O-SSM	77889
	LEUVEN_1	0
	0.229699	0
	1.442222
PRED	O-SSM	77889
	LEUVEN_1	0
	0.229873	0
	1.396047
PRED	O-SSM	77889
	LEUVEN_1	0
	0.233124	0
	0.537605
PRED	O-SSM	77889
	LEUVEN_1	0
	0.231620	0
	0.933730
PRED	O-SSM	77889
	LEUVEN_1	0
	0.232556	0
	0.687011
PRED	O-SSM	77889
	LEUVEN_1	0
	0.234050	0
	0.294597
PRED	O-SSM	77889
	LEUVEN_1	0
	0.232878	0
	0.602127
PRED	O-SSM	77889
	LEUVEN_1	0
	0.234437	0
	0.193295
PRED	O-SSM	77889
	SDSU	1
	0.348554	0
	0.454779
PRED	O-SSM	77889
	SDSU	1
	0.338702	0
	0.614198
PRED	O-SSM	77889
	SDSU	1
	0.334593	0
	0.681345
PRED	O-SSM	77889
	SDSU	1
	0.342487	0
	0.552691
PRED	O-SSM	77889
	SDSU	1
	0.293092	0
	1.385462
PRED	O-SSM	77889
	SDSU	1
	0.230444	0
	2.572989
PRED	O-SSM	77889
	SDSU	1
	0.360002	0
	0.272127
PRED	O-SSM	77889
	SDSU	1
	0.330025	0
	0.756495
PRED	O-SSM	77889
	SDSU	1
	0.326569	0
	0.813682
PRED	O-SSM	77889
	SDSU	1
	0.311389	0
	1.068755
PRED	O-SSM	77889
	SDSU	1
	0.325514	0
	0.831204
PRED	O-SSM	77889
	SDSU	1
	0.301166	0
	1.244361
PRED	O-SSM	77889
	SDSU	0
	0.279528	0
	1.627750
PRED	O-SSM	77889
	SDSU	0
	0.270709	0
	1.789149
PRED	O-SSM	77889
	SDSU	0
	0.369275	0
	0.126046
PRED	O-SSM	77889
	SDSU	0
	0.264439	0
	1.905907
PRED	O-SSM	77889
	SDSU	0
	0.329177	0
	0.770490
PRED	O-SSM	77889
	SDSU	0
	0.315894	0
	0.992367
PRED	O-SSM	77889
	SDSU	0
	0.327516	0
	0.797982
PRED	O-SSM	77889
	SDSU	0
	0.231557	0
	2.550129
PRED	O-SSM	77889
	SDSU	0
	0.318347	0
	0.951042
PRED	O-SSM	77889
	SDSU	0
	0.288826	0
	1.460927
PRED	O-SSM	77889
	SDSU	0
	0.315236	0
	1.003489
PRED	O-SSM	77889
	SDSU	0
	0.310176	0
	1.089421
PRED	O-SSM	77889
	CMU	1
	0.605512	1
	1.066435
PRED	O-SSM	77889
	CMU	1
	0.487390	0
	0.110640
PRED	O-SSM	77889
	CMU	1
	0.517153	1
	0.348300
PRED	O-SSM	77889
	CMU	1
	0.506858	1
	0.266069
PRED	O-SSM	77889
	CMU	1
	0.580285	1
	0.857799
PRED	O-SSM	77889
	CMU	1
	0.512621	1
	0.312091
PRED	O-SSM	77889
	CMU	1
	0.479985	0
	0.051461
PRED	O-SSM	77889
	CMU	1
	0.637072	1
	1.334238
PRED	O-SSM	77889
	CMU	1
	0.550874	1
	0.618840
PRED	O-SSM	77889
	CMU	1
	0.578068	1
	0.839649
PRED	O-SSM	77889
	CMU	1
	0.499089	0
	0.204045
PRED	O-SSM	77889
	CMU	1
	0.513891	1
	0.322238
PRED	O-SSM	77889
	CMU	0
	0.564015	1
	0.725150
PRED	O-SSM	77889
	CMU	0
	0.539561	1
	0.527784
PRED	O-SSM	77889
	CMU	0
	0.489237	0
	0.125385
PRED	O-SSM	77889
	CMU	0
	0.571454	1
	0.785639
PRED	O-SSM	77889
	CMU	0
	0.564600	1
	0.729894
PRED	O-SSM	77889
	CMU	0
	0.551726	1
	0.625716
PRED	O-SSM	77889
	CMU	0
	0.621030	1
	1.197025
PRED	O-SSM	77889
	CMU	0
	0.577930	1
	0.838521
PRED	O-SSM	77889
	CMU	0
	0.590916	1
	0.945231
PRED	O-SSM	77889
	CMU	0
	0.587980	1
	0.921016
PRED	O-SSM	77889
	CMU	0
	0.558004	1
	0.676437
PRED	O-SSM	77889
	CMU	0
	0.613030	1
	1.129458
PRED	O-SSM	77889
	UCLA_2	1
	0.717949	1
	0.956093
PRED	O-SSM	77889
	UCLA_2	1
	0.707707	1
	0.700088
PRED	O-SSM	77889
	UCLA_2	1
	0.726746	1
	1.180511
PRED	O-SSM	77889
	UCLA_2	1
	0.731341	1
	1.299530
PRED	O-SSM	77889
	UCLA_2	1
	0.687482	1
	0.209431
PRED	O-SSM	77889
	UCLA_2	1
	0.712170	1
	0.810966
PRED	O-SSM	77889
	UCLA_2	1
	0.714840	1
	0.877799
PRED	O-SSM	77889
	UCLA_2	1
	0.726941	1
	1.185528
PRED	O-SSM	77889
	UCLA_2	1
	0.728291	1
	1.220376
PRED	O-SSM	77889
	UCLA_2	1
	0.704412	1
	0.618841
PRED	O-SSM	77889
	UCLA_2	1
	0.719568	1
	0.997062
PRED	O-SSM	77889
	UCLA_2	1
	0.738637	1
	1.491173
PRED	O-SSM	77889
	UCLA_2	0
	0.693295	1
	0.348574
PRED	O-SSM	77889
	UCLA_2	0
	0.721864	1
	1.055427
PRED	O-SSM	77889
	UCLA_2	0
	0.691855	1
	0.313964
PRED	O-SSM	77889
	UCLA_2	0
	0.707958	1
	0.706275
PRED	O-SSM	77889
	UCLA_2	0
	0.725686	1
	1.153226
PRED	O-SSM	77889
	UCLA_2	0
	0.691384	1
	0.302662
PRED	O-SSM	77889
	UCLA_2	0
	0.734467	1
	1.381223
PRED	O-SSM	77889
	UCLA_2	0
	0.704549	1
	0.622209
PRED	O-SSM	77889
	UCLA_2	0
	0.734015	1
	1.369369
PRED	O-SSM	77889
	UCLA_2	0
	0.735838	1
	1.417250
PRED	O-SSM	77889
	UCLA_2	0
	0.724334	1
	1.118533
PRED	O-SSM	77889
	UCLA_2	0
	0.725816	1
	1.156569
PRED	O-SSM	77889
	UM_2	1
	0.669220	1
	2.555745
PRED	O-SSM	77889
	UM_2	1
	0.652937	1
	1.177546
PRED	O-SSM	77889
	UM_2	1
	0.640049	1
	0.108306
PRED	O-SSM	77889
	UM_2	1
	0.651018	1
	1.017226
PRED	O-SSM	77889
	UM_2	1
	0.656383	1
	1.466604
PRED	O-SSM	77889
	UM_2	1
	0.650369	1
	0.963104
PRED	O-SSM	77889
	UM_2	1
	0.656895	1
	1.509620
PRED	O-SSM	77889
	UM_2	1
	0.646413	1
	0.634116
PRED	O-SSM	77889
	UM_2	1
	0.669178	1
	2.552125
PRED	O-SSM	77889
	UM_2	1
	0.650753	1
	0.995090
PRED	O-SSM	77889
	UM_2	1
	0.645410	1
	0.550976
PRED	O-SSM	77889
	UM_2	1
	0.644104	1
	0.442857
PRED	O-SSM	77889
	UM_2	0
	0.652048	1
	1.103254
PRED	O-SSM	77889
	UM_2	0
	0.644716	1
	0.493466
PRED	O-SSM	77889
	UM_2	0
	0.642674	1
	0.324631
PRED	O-SSM	77889
	UM_2	0
	0.651557	1
	1.062199
PRED	O-SSM	77889
	UM_2	0
	0.663701	1
	2.084996
PRED	O-SSM	77889
	UM_2	0
	0.657147	1
	1.530817
PRED	O-SSM	77889
	UM_2	0
	0.656214	1
	1.452371
PRED	O-SSM	77889
	UM_2	0
	0.654465	1
	1.305544
PRED	O-SSM	77889
	UM_2	0
	0.646340	1
	0.627993
PRED	O-SSM	77889
	UM_2	0
	0.643349	1
	0.380373
PRED	O-SSM	77889
	UM_2	0
	0.651258	1
	1.037299
PRED	O-SSM	77889
	UM_2	0
	0.647410	1
	0.716861
PRED	O-SSM	77889
	OHSU	1
	0.466664	0
	1.137081
PRED	O-SSM	77889
	OHSU	1
	0.510763	1
	0.746547
PRED	O-SSM	77889
	OHSU	1
	0.405916	0
	1.684030
PRED	O-SSM	77889
	OHSU	1
	0.519178	1
	0.672043
PRED	O-SSM	77889
	OHSU	1
	0.497239	0
	0.866189
PRED	O-SSM	77889
	OHSU	1
	0.508136	1
	0.769791
PRED	O-SSM	77889
	OHSU	1
	0.493844	0
	0.896226
PRED	O-SSM	77889
	OHSU	1
	0.491489	0
	0.917056
PRED	O-SSM	77889
	OHSU	1
	0.484289	0
	0.980782
PRED	O-SSM	77889
	OHSU	1
	0.386279	0
	1.865599
PRED	O-SSM	77889
	OHSU	1
	0.438826	0
	1.385611
PRED	O-SSM	77889
	OHSU	1
	0.542548	1
	0.464492
PRED	O-SSM	77889
	OHSU	0
	0.478030	0
	1.036231
PRED	O-SSM	77889
	OHSU	0
	0.464649	0
	1.154988
PRED	O-SSM	77889
	OHSU	0
	0.354991	0
	2.162346
PRED	O-SSM	77889
	OHSU	0
	0.317447	0
	2.534656
PRED	O-SSM	77889
	OHSU	0
	0.590770	1
	0.029855
PRED	O-SSM	77889
	OHSU	0
	0.427282	0
	1.489589
PRED	O-SSM	77889
	OHSU	0
	0.548322	1
	0.412998
PRED	O-SSM	77889
	OHSU	0
	0.433189	0
	1.436306
PRED	O-SSM	77889
	OHSU	0
	0.536011	1
	0.522676
PRED	O-SSM	77889
	OHSU	0
	0.471241	0
	1.096439
PRED	O-SSM	77889
	OHSU	0
	0.479459	0
	1.023568
PRED	O-SSM	77889
	OHSU	0
	0.565952	1
	0.254963
  O-SSM    77889
   acc=48.800000% bal=48.814103% sites=20
/20
 test_n=500
 assoc=0.999263
PRED	O-SSM	99001
	NYU	1
	0.292194	0
	0.362515
PRED	O-SSM	99001
	NYU	1
	0.278931	0
	0.458429
PRED	O-SSM	99001
	NYU	1
	0.291969	0
	0.364124
PRED	O-SSM	99001
	NYU	1
	0.246934	0
	0.702221
PRED	O-SSM	99001
	NYU	1
	0.136649	0
	1.776709
PRED	O-SSM	99001
	NYU	1
	0.172061	0
	1.374994
PRED	O-SSM	99001
	NYU	1
	0.198996	0
	1.111661
PRED	O-SSM	99001
	NYU	1
	0.197377	0
	1.126688
PRED	O-SSM	99001
	NYU	1
	0.261128	0
	0.591706
PRED	O-SSM	99001
	NYU	1
	0.130700	0
	1.852503
PRED	O-SSM	99001
	NYU	1
	0.244870	0
	0.718646
PRED	O-SSM	99001
	NYU	1
	0.142135	0
	1.709239
PRED	O-SSM	99001
	NYU	1
	0.168885	0
	1.408126
PRED	O-SSM	99001
	NYU	0
	0.169383	0
	1.402898
PRED	O-SSM	99001
	NYU	0
	0.235192	0
	0.796913
PRED	O-SSM	99001
	NYU	0
	0.206011	0
	1.047573
PRED	O-SSM	99001
	NYU	0
	0.171920	0
	1.376456
PRED	O-SSM	99001
	NYU	0
	0.278411	0
	0.462247
PRED	O-SSM	99001
	NYU	0
	0.235719	0
	0.792601
PRED	O-SSM	99001
	NYU	0
	0.223262	0
	0.896541
PRED	O-SSM	99001
	NYU	0
	0.183543	0
	1.259093
PRED	O-SSM	99001
	NYU	0
	0.149436	0
	1.622732
PRED	O-SSM	99001
	NYU	0
	0.282252	0
	0.434162
PRED	O-SSM	99001
	NYU	0
	0.303408	0
	0.283402
PRED	O-SSM	99001
	NYU	0
	0.244764	0
	0.719491
PRED	O-SSM	99001
	NYU	0
	0.246916	0
	0.702364
PRED	O-SSM	99001
	UM_1	1
	0.535619	1
	1.841913
PRED	O-SSM	99001
	UM_1	1
	0.548890	1
	1.125714
PRED	O-SSM	99001
	UM_1	1
	0.553540	1
	0.873978
PRED	O-SSM	99001
	UM_1	1
	0.548517	1
	1.145891
PRED	O-SSM	99001
	UM_1	1
	0.564412	1
	0.283214
PRED	O-SSM	99001
	UM_1	1
	0.548259	1
	1.159891
PRED	O-SSM	99001
	UM_1	1
	0.564629	1
	0.271383
PRED	O-SSM	99001
	UM_1	1
	0.559150	1
	0.569537
PRED	O-SSM	99001
	UM_1	1
	0.549407	1
	1.097759
PRED	O-SSM	99001
	UM_1	1
	0.515565	1
	2.919354
PRED	O-SSM	99001
	UM_1	1
	0.545585	1
	1.304433
PRED	O-SSM	99001
	UM_1	1
	0.551029	1
	1.009987
PRED	O-SSM	99001
	UM_1	1
	0.549060	1
	1.116524
PRED	O-SSM	99001
	UM_1	0
	0.551576	1
	0.980369
PRED	O-SSM	99001
	UM_1	0
	0.567978	1
	0.088721
PRED	O-SSM	99001
	UM_1	0
	0.553584	1
	0.871588
PRED	O-SSM	99001
	UM_1	0
	0.560279	1
	0.508137
PRED	O-SSM	99001
	UM_1	0
	0.544859	1
	1.343621
PRED	O-SSM	99001
	UM_1	0
	0.551881	1
	0.963842
PRED	O-SSM	99001
	UM_1	0
	0.554749	1
	0.808393
PRED	O-SSM	99001
	UM_1	0
	0.553149	1
	0.895127
PRED	O-SSM	99001
	UM_1	0
	0.544532	1
	1.361271
PRED	O-SSM	99001
	UM_1	0
	0.531958	1
	2.038983
PRED	O-SSM	99001
	UM_1	0
	0.552854	1
	0.911124
PRED	O-SSM	99001
	UM_1	0
	0.553585	1
	0.871519
PRED	O-SSM	99001
	UM_1	0
	0.563745	1
	0.319565
PRED	O-SSM	99001
	UCLA_1	1
	0.535072	1
	0.957109
PRED	O-SSM	99001
	UCLA_1	1
	0.525179	1
	1.229343
PRED	O-SSM	99001
	UCLA_1	1
	0.526712	1
	1.187205
PRED	O-SSM	99001
	UCLA_1	1
	0.554349	1
	0.424238
PRED	O-SSM	99001
	UCLA_1	1
	0.543260	1
	0.731220
PRED	O-SSM	99001
	UCLA_1	1
	0.515933	1
	1.483289
PRED	O-SSM	99001
	UCLA_1	1
	0.559049	1
	0.293712
PRED	O-SSM	99001
	UCLA_1	1
	0.532919	1
	1.016414
PRED	O-SSM	99001
	UCLA_1	1
	0.523767	1
	1.268154
PRED	O-SSM	99001
	UCLA_1	1
	0.532544	1
	1.026740
PRED	O-SSM	99001
	UCLA_1	1
	0.440485	0
	3.559837
PRED	O-SSM	99001
	UCLA_1	1
	0.545983	1
	0.655952
PRED	O-SSM	99001
	UCLA_1	1
	0.533611	1
	0.997366
PRED	O-SSM	99001
	UCLA_1	0
	0.545216	1
	0.677162
PRED	O-SSM	99001
	UCLA_1	0
	0.545224	1
	0.676944
PRED	O-SSM	99001
	UCLA_1	0
	0.547831	1
	0.604852
PRED	O-SSM	99001
	UCLA_1	0
	0.526726	1
	1.186813
PRED	O-SSM	99001
	UCLA_1	0
	0.536543	1
	0.916578
PRED	O-SSM	99001
	UCLA_1	0
	0.546311	1
	0.646894
PRED	O-SSM	99001
	UCLA_1	0
	0.488256	0
	2.242341
PRED	O-SSM	99001
	UCLA_1	0
	0.529825	1
	1.101581
PRED	O-SSM	99001
	UCLA_1	0
	0.531140	1
	1.065401
PRED	O-SSM	99001
	UCLA_1	0
	0.548628	1
	0.582778
PRED	O-SSM	99001
	UCLA_1	0
	0.507417	1
	1.716922
PRED	O-SSM	99001
	UCLA_1	0
	0.547350	1
	0.618167
PRED	O-SSM	99001
	UCLA_1	0
	0.549945	1
	0.546325
PRED	O-SSM	99001
	YALE	1
	0.687308	1
	1.082363
PRED	O-SSM	99001
	YALE	1
	0.658987	1
	0.671463
PRED	O-SSM	99001
	YALE	1
	0.645888	1
	0.487140
PRED	O-SSM	99001
	YALE	1
	0.693362	1
	1.172718
PRED	O-SSM	99001
	YALE	1
	0.616757	1
	0.087644
PRED	O-SSM	99001
	YALE	1
	0.686691	1
	1.073201
PRED	O-SSM	99001
	YALE	1
	0.678731	1
	0.955944
PRED	O-SSM	99001
	YALE	1
	0.671987	1
	0.857810
PRED	O-SSM	99001
	YALE	1
	0.643736	1
	0.457162
PRED	O-SSM	99001
	YALE	1
	0.675919	1
	0.914899
PRED	O-SSM	99001
	YALE	1
	0.661343	1
	0.704974
PRED	O-SSM	99001
	YALE	1
	0.675320	1
	0.906170
PRED	O-SSM	99001
	YALE	1
	0.648437	1
	0.522754
PRED	O-SSM	99001
	YALE	0
	0.624791	1
	0.196530
PRED	O-SSM	99001
	YALE	0
	0.656951	1
	0.642598
PRED	O-SSM	99001
	YALE	0
	0.692274	1
	1.156400
PRED	O-SSM	99001
	YALE	0
	0.619741	1
	0.127983
PRED	O-SSM	99001
	YALE	0
	0.744217	1
	1.977143
PRED	O-SSM	99001
	YALE	0
	0.741042	1
	1.924148
PRED	O-SSM	99001
	YALE	0
	0.657712	1
	0.653378
PRED	O-SSM	99001
	YALE	0
	0.650832	1
	0.556333
PRED	O-SSM	99001
	YALE	0
	0.677542	1
	0.938573
PRED	O-SSM	99001
	YALE	0
	0.704478	1
	1.341274
PRED	O-SSM	99001
	YALE	0
	0.853703	1
	4.197658
PRED	O-SSM	99001
	YALE	0
	0.678960	1
	0.959298
PRED	O-SSM	99001
	YALE	0
	0.707082	1
	1.381297
PRED	O-SSM	99001
	PITT	1
	0.653211	1
	1.516302
PRED	O-SSM	99001
	PITT	1
	0.664162	1
	1.949144
PRED	O-SSM	99001
	PITT	1
	0.636062	1
	0.851002
PRED	O-SSM	99001
	PITT	1
	0.649472	1
	1.369989
PRED	O-SSM	99001
	PITT	1
	0.654925	1
	1.583620
PRED	O-SSM	99001
	PITT	1
	0.648853	1
	1.345847
PRED	O-SSM	99001
	PITT	1
	0.624754	1
	0.419700
PRED	O-SSM	99001
	PITT	1
	0.641480	1
	1.059654
PRED	O-SSM	99001
	PITT	1
	0.649933	1
	1.388001
PRED	O-SSM	99001
	PITT	1
	0.643803	1
	1.149513
PRED	O-SSM	99001
	PITT	1
	0.650550	1
	1.412104
PRED	O-SSM	99001
	PITT	1
	0.630588	1
	0.641506
PRED	O-SSM	99001
	PITT	1
	0.620940	1
	0.275403
PRED	O-SSM	99001
	PITT	0
	0.644666	1
	1.182984
PRED	O-SSM	99001
	PITT	0
	0.635866	1
	0.843475
PRED	O-SSM	99001
	PITT	0
	0.640647	1
	1.027458
PRED	O-SSM	99001
	PITT	0
	0.640730	1
	1.030676
PRED	O-SSM	99001
	PITT	0
	0.636058	1
	0.850846
PRED	O-SSM	99001
	PITT	0
	0.639659	1
	0.989342
PRED	O-SSM	99001
	PITT	0
	0.634570	1
	0.793753
PRED	O-SSM	99001
	PITT	0
	0.651595	1
	1.452985
PRED	O-SSM	99001
	PITT	0
	0.639942	1
	1.000283
PRED	O-SSM	99001
	PITT	0
	0.650392	1
	1.405902
PRED	O-SSM	99001
	PITT	0
	0.646291	1
	1.246075
PRED	O-SSM	99001
	PITT	0
	0.645368	1
	1.210229
PRED	O-SSM	99001
	PITT	0
	0.653878	1
	1.542452
PRED	O-SSM	99001
	USM	1
	0.395422	0
	0.492238
PRED	O-SSM	99001
	USM	1
	0.400359	0
	0.873794
PRED	O-SSM	99001
	USM	1
	0.393271	0
	0.325499
PRED	O-SSM	99001
	USM	1
	0.420703	0
	2.430620
PRED	O-SSM	99001
	USM	1
	0.400562	0
	0.889431
PRED	O-SSM	99001
	USM	1
	0.414037	0
	1.923082
PRED	O-SSM	99001
	USM	1
	0.394895	0
	0.451423
PRED	O-SSM	99001
	USM	1
	0.406010	0
	1.308680
PRED	O-SSM	99001
	USM	1
	0.403756	0
	1.135410
PRED	O-SSM	99001
	USM	1
	0.400485	0
	0.883540
PRED	O-SSM	99001
	USM	1
	0.395363	0
	0.487646
PRED	O-SSM	99001
	USM	1
	0.392886	0
	0.295612
PRED	O-SSM	99001
	USM	1
	0.404765	0
	1.213049
PRED	O-SSM	99001
	USM	0
	0.391812	0
	0.212159
PRED	O-SSM	99001
	USM	0
	0.398460	0
	0.727237
PRED	O-SSM	99001
	USM	0
	0.407559	0
	1.427520
PRED	O-SSM	99001
	USM	0
	0.396945	0
	0.610152
PRED	O-SSM	99001
	USM	0
	0.405517	0
	1.270775
PRED	O-SSM	99001
	USM	0
	0.411022	0
	1.692736
PRED	O-SSM	99001
	USM	0
	0.407245	0
	1.403464
PRED	O-SSM	99001
	USM	0
	0.401758	0
	0.981611
PRED	O-SSM	99001
	USM	0
	0.391049	0
	0.152916
PRED	O-SSM	99001
	USM	0
	0.392430	0
	0.260218
PRED	O-SSM	99001
	USM	0
	0.399424	0
	0.801644
PRED	O-SSM	99001
	USM	0
	0.392721	0
	0.282809
PRED	O-SSM	99001
	USM	0
	0.399674	0
	0.820934
PRED	O-SSM	99001
	MAX_MUN	1
	0.632975	1
	0.144336
PRED	O-SSM	99001
	MAX_MUN	1
	0.726719	1
	0.533335
PRED	O-SSM	99001
	MAX_MUN	1
	0.936309	1
	2.069328
PRED	O-SSM	99001
	MAX_MUN	1
	0.737870	1
	0.584441
PRED	O-SSM	99001
	MAX_MUN	1
	0.846404	1
	1.187876
PRED	O-SSM	99001
	MAX_MUN	1
	0.875479	1
	1.406724
PRED	O-SSM	99001
	MAX_MUN	1
	0.687968	1
	0.364993
PRED	O-SSM	99001
	MAX_MUN	1
	0.758492	1
	0.682806
PRED	O-SSM	99001
	MAX_MUN	1
	0.741185	1
	0.599898
PRED	O-SSM	99001
	MAX_MUN	1
	0.656469	1
	0.236501
PRED	O-SSM	99001
	MAX_MUN	1
	0.825146	1
	1.048577
PRED	O-SSM	99001
	MAX_MUN	1
	0.808646	1
	0.949428
PRED	O-SSM	99001
	MAX_MUN	1
	0.839929	1
	1.143885
PRED	O-SSM	99001
	MAX_MUN	0
	0.808998	1
	0.951474
PRED	O-SSM	99001
	MAX_MUN	0
	0.834002	1
	1.104857
PRED	O-SSM	99001
	MAX_MUN	0
	0.860691	1
	1.290611
PRED	O-SSM	99001
	MAX_MUN	0
	0.770970	1
	0.745120
PRED	O-SSM	99001
	MAX_MUN	0
	0.839867	1
	1.143469
PRED	O-SSM	99001
	MAX_MUN	0
	0.925059	1
	1.912345
PRED	O-SSM	99001
	MAX_MUN	0
	0.912842	1
	1.764743
PRED	O-SSM	99001
	MAX_MUN	0
	0.856513	1
	1.259696
PRED	O-SSM	99001
	MAX_MUN	0
	0.810871	1
	0.962403
PRED	O-SSM	99001
	MAX_MUN	0
	0.871665	1
	1.375702
PRED	O-SSM	99001
	MAX_MUN	0
	0.899166	1
	1.620253
PRED	O-SSM	99001
	MAX_MUN	0
	0.845928	1
	1.184585
PRED	O-SSM	99001
	MAX_MUN	0
	0.843898	1
	1.170672
PRED	O-SSM	99001
	TRINITY	1
	0.502572	1
	1.832667
PRED	O-SSM	99001
	TRINITY	1
	0.448324	0
	0.834345
PRED	O-SSM	99001
	TRINITY	1
	0.542681	1
	2.570208
PRED	O-SSM	99001
	TRINITY	1
	0.464869	0
	1.140116
PRED	O-SSM	99001
	TRINITY	1
	0.459657	0
	1.043970
PRED	O-SSM	99001
	TRINITY	1
	0.464193	0
	1.127652
PRED	O-SSM	99001
	TRINITY	1
	0.476605	0
	1.356115
PRED	O-SSM	99001
	TRINITY	1
	0.433162	0
	0.552271
PRED	O-SSM	99001
	TRINITY	1
	0.494088	0
	1.677065
PRED	O-SSM	99001
	TRINITY	1
	0.470131	0
	1.237037
PRED	O-SSM	99001
	TRINITY	1
	0.467362	0
	1.186043
PRED	O-SSM	99001
	TRINITY	1
	0.457884	0
	1.011233
PRED	O-SSM	99001
	TRINITY	1
	0.505118	1
	1.879372
PRED	O-SSM	99001
	TRINITY	0
	0.432194	0
	0.534199
PRED	O-SSM	99001
	TRINITY	0
	0.430382	0
	0.500323
PRED	O-SSM	99001
	TRINITY	0
	0.467052	0
	1.180334
PRED	O-SSM	99001
	TRINITY	0
	0.452647	0
	0.914412
PRED	O-SSM	99001
	TRINITY	0
	0.418418	0
	0.275754
PRED	O-SSM	99001
	TRINITY	0
	0.451638	0
	0.895730
PRED	O-SSM	99001
	TRINITY	0
	0.423343	0
	0.368394
PRED	O-SSM	99001
	TRINITY	0
	0.475349	0
	1.333027
PRED	O-SSM	99001
	TRINITY	0
	0.429836	0
	0.490113
PRED	O-SSM	99001
	TRINITY	0
	0.462838	0
	1.102677
PRED	O-SSM	99001
	TRINITY	0
	0.479649	0
	1.412044
PRED	O-SSM	99001
	TRINITY	0
	0.449524	0
	0.856574
PRED	O-SSM	99001
	TRINITY	0
	0.426836	0
	0.433931
PRED	O-SSM	99001
	KKI	1
	0.370601	0
	1.202582
PRED	O-SSM	99001
	KKI	1
	0.377226	0
	1.250298
PRED	O-SSM	99001
	KKI	1
	0.292902	0
	0.609598
PRED	O-SSM	99001
	KKI	1
	0.356148	0
	1.097231
PRED	O-SSM	99001
	KKI	1
	0.390263	0
	1.343257
PRED	O-SSM	99001
	KKI	1
	0.368611	0
	1.188184
PRED	O-SSM	99001
	KKI	1
	0.432087	0
	1.634721
PRED	O-SSM	99001
	KKI	1
	0.360630	0
	1.130094
PRED	O-SSM	99001
	KKI	1
	0.474836	0
	1.925741
PRED	O-SSM	99001
	KKI	1
	0.331240	0
	0.910983
PRED	O-SSM	99001
	KKI	1
	0.381597	0
	1.281602
PRED	O-SSM	99001
	KKI	1
	0.261524	0
	0.345338
PRED	O-SSM	99001
	KKI	1
	0.259930	0
	0.331396
PRED	O-SSM	99001
	KKI	0
	0.336273	0
	0.949152
PRED	O-SSM	99001
	KKI	0
	0.329394	0
	0.896914
PRED	O-SSM	99001
	KKI	0
	0.548425	1
	2.423223
PRED	O-SSM	99001
	KKI	0
	0.444551	0
	1.720092
PRED	O-SSM	99001
	KKI	0
	0.337728	0
	0.960128
PRED	O-SSM	99001
	KKI	0
	0.263478	0
	0.362357
PRED	O-SSM	99001
	KKI	0
	0.365723	0
	1.167227
PRED	O-SSM	99001
	KKI	0
	0.380210	0
	1.271683
PRED	O-SSM	99001
	KKI	0
	0.256416	0
	0.300460
PRED	O-SSM	99001
	KKI	0
	0.262589	0
	0.354621
PRED	O-SSM	99001
	KKI	0
	0.298595	0
	0.655690
PRED	O-SSM	99001
	KKI	0
	0.271618	0
	0.432396
PRED	O-SSM	99001
	KKI	0
	0.299906	0
	0.666226
PRED	O-SSM	99001
	STANFORD	1
	0.379911	0
	1.073582
PRED	O-SSM	99001
	STANFORD	1
	0.304044	0
	1.335061
PRED	O-SSM	99001
	STANFORD	1
	0.003009	0
	5.240315
PRED	O-SSM	99001
	STANFORD	1
	0.167453	0
	1.934797
PRED	O-SSM	99001
	STANFORD	1
	0.259744	0
	1.504532
PRED	O-SSM	99001
	STANFORD	1
	0.292091	0
	1.379238
PRED	O-SSM	99001
	STANFORD	1
	0.415616	0
	0.958277
PRED	O-SSM	99001
	STANFORD	1
	0.393757	0
	1.028445
PRED	O-SSM	99001
	STANFORD	1
	0.270493	0
	1.461872
PRED	O-SSM	99001
	STANFORD	1
	0.359828	0
	1.140219
PRED	O-SSM	99001
	STANFORD	1
	0.195804	0
	1.787073
PRED	O-SSM	99001
	STANFORD	1
	0.584541	1
	0.430784
PRED	O-SSM	99001
	STANFORD	1
	0.621227	1
	0.312243
PRED	O-SSM	99001
	STANFORD	0
	0.339748	0
	1.208495
PRED	O-SSM	99001
	STANFORD	0
	0.471674	0
	0.782479
PRED	O-SSM	99001
	STANFORD	0
	0.603879	1
	0.368767
PRED	O-SSM	99001
	STANFORD	0
	0.360859	0
	1.136761
PRED	O-SSM	99001
	STANFORD	0
	0.331362	0
	1.237577
PRED	O-SSM	99001
	STANFORD	0
	0.203585	0
	1.749429
PRED	O-SSM	99001
	STANFORD	0
	0.691901	1
	0.069263
PRED	O-SSM	99001
	STANFORD	0
	0.494236	0
	0.712608
PRED	O-SSM	99001
	STANFORD	0
	0.278031	0
	1.432586
PRED	O-SSM	99001
	STANFORD	0
	0.599829	1
	0.381835
PRED	O-SSM	99001
	STANFORD	0
	0.538026	1
	0.576950
PRED	O-SSM	99001
	STANFORD	0
	0.275569	0
	1.442097
PRED	O-SSM	99001
	STANFORD	0
	0.501104	1
	0.691367
PRED	O-SSM	99001
	CALTECH	1
	0.415059	0
	0.519515
PRED	O-SSM	99001
	CALTECH	1
	0.404023	0
	0.457582
PRED	O-SSM	99001
	CALTECH	1
	0.405973	0
	0.468563
PRED	O-SSM	99001
	CALTECH	1
	0.449448	0
	0.709733
PRED	O-SSM	99001
	CALTECH	1
	0.551658	1
	1.266434
PRED	O-SSM	99001
	CALTECH	1
	0.665692	1
	1.919634
PRED	O-SSM	99001
	CALTECH	1
	0.441972	0
	0.668675
PRED	O-SSM	99001
	CALTECH	1
	0.546205	1
	1.236549
PRED	O-SSM	99001
	CALTECH	1
	0.364185	0
	0.228925
PRED	O-SSM	99001
	CALTECH	1
	0.816848	1
	3.013799
PRED	O-SSM	99001
	CALTECH	1
	0.460503	0
	0.770230
PRED	O-SSM	99001
	CALTECH	1
	0.372599	0
	0.277997
PRED	O-SSM	99001
	CALTECH	0
	0.438195	0
	0.647874
PRED	O-SSM	99001
	CALTECH	0
	0.516070	1
	1.072300
PRED	O-SSM	99001
	CALTECH	0
	0.350148	0
	0.145958
PRED	O-SSM	99001
	CALTECH	0
	0.429775	0
	0.601364
PRED	O-SSM	99001
	CALTECH	0
	0.548884	1
	1.251224
PRED	O-SSM	99001
	CALTECH	0
	0.436171	0
	0.636711
PRED	O-SSM	99001
	CALTECH	0
	0.604235	1
	1.559213
PRED	O-SSM	99001
	CALTECH	0
	0.361555	0
	0.213489
PRED	O-SSM	99001
	CALTECH	0
	0.402446	0
	0.448693
PRED	O-SSM	99001
	CALTECH	0
	0.635352	1
	1.738464
PRED	O-SSM	99001
	CALTECH	0
	0.595483	1
	1.509731
PRED	O-SSM	99001
	CALTECH	0
	0.376154	0
	0.298587
PRED	O-SSM	99001
	LEUVEN_2	1
	0.818195	1
	1.236042
PRED	O-SSM	99001
	LEUVEN_2	1
	0.801969	1
	0.983504
PRED	O-SSM	99001
	LEUVEN_2	1
	0.747984	1
	0.239750
PRED	O-SSM	99001
	LEUVEN_2	1
	0.857714	1
	1.935530
PRED	O-SSM	99001
	LEUVEN_2	1
	0.761559	1
	0.415317
PRED	O-SSM	99001
	LEUVEN_2	1
	0.803464	1
	1.006101
PRED	O-SSM	99001
	LEUVEN_2	1
	0.781988	1
	0.693047
PRED	O-SSM	99001
	LEUVEN_2	1
	0.788043	1
	0.778919
PRED	O-SSM	99001
	LEUVEN_2	1
	0.825673	1
	1.358347
PRED	O-SSM	99001
	LEUVEN_2	1
	0.814024	1
	1.169525
PRED	O-SSM	99001
	LEUVEN_2	1
	0.772757	1
	0.565378
PRED	O-SSM	99001
	LEUVEN_2	1
	0.839503	1
	1.595936
PRED	O-SSM	99001
	LEUVEN_2	0
	0.821829	1
	1.294970
PRED	O-SSM	99001
	LEUVEN_2	0
	0.799418	1
	0.945236
PRED	O-SSM	99001
	LEUVEN_2	0
	0.793910	1
	0.863863
PRED	O-SSM	99001
	LEUVEN_2	0
	0.794721	1
	0.875743
PRED	O-SSM	99001
	LEUVEN_2	0
	0.760276	1
	0.398445
PRED	O-SSM	99001
	LEUVEN_2	0
	0.752354	1
	0.295555
PRED	O-SSM	99001
	LEUVEN_2	0
	0.827038	1
	1.381110
PRED	O-SSM	99001
	LEUVEN_2	0
	0.761997	1
	0.421103
PRED	O-SSM	99001
	LEUVEN_2	0
	0.797729	1
	0.920113
PRED	O-SSM	99001
	LEUVEN_2	0
	0.799552	1
	0.947237
PRED	O-SSM	99001
	LEUVEN_2	0
	0.825465	1
	1.354883
PRED	O-SSM	99001
	LEUVEN_2	0
	0.780027	1
	0.665607
PRED	O-SSM	99001
	OLIN	1
	0.424166	0
	0.939197
PRED	O-SSM	99001
	OLIN	1
	0.454494	0
	0.148835
PRED	O-SSM	99001
	OLIN	1
	0.451121	0
	0.236208
PRED	O-SSM	99001
	OLIN	1
	0.445264	0
	0.388175
PRED	O-SSM	99001
	OLIN	1
	0.450110	0
	0.262418
PRED	O-SSM	99001
	OLIN	1
	0.436836	0
	0.607567
PRED	O-SSM	99001
	OLIN	1
	0.433435	0
	0.696359
PRED	O-SSM	99001
	OLIN	1
	0.395825	0
	1.691255
PRED	O-SSM	99001
	OLIN	1
	0.432855	0
	0.711497
PRED	O-SSM	99001
	OLIN	1
	0.453315	0
	0.179374
PRED	O-SSM	99001
	OLIN	1
	0.450094	0
	0.262829
PRED	O-SSM	99001
	OLIN	1
	0.404740	0
	1.452929
PRED	O-SSM	99001
	OLIN	0
	0.399026	0
	1.605476
PRED	O-SSM	99001
	OLIN	0
	0.453377	0
	0.177770
PRED	O-SSM	99001
	OLIN	0
	0.422504	0
	0.982874
PRED	O-SSM	99001
	OLIN	0
	0.447651	0
	0.326194
PRED	O-SSM	99001
	OLIN	0
	0.420361	0
	1.039290
PRED	O-SSM	99001
	OLIN	0
	0.453015	0
	0.187133
PRED	O-SSM	99001
	OLIN	0
	0.440739	0
	0.505858
PRED	O-SSM	99001
	OLIN	0
	0.389638	0
	1.857705
PRED	O-SSM	99001
	OLIN	0
	0.412417	0
	1.249057
PRED	O-SSM	99001
	OLIN	0
	0.418791	0
	1.080640
PRED	O-SSM	99001
	OLIN	0
	0.433917	0
	0.683757
PRED	O-SSM	99001
	OLIN	0
	0.430889	0
	0.762935
PRED	O-SSM	99001
	SBL	1
	0.749937	1
	1.815005
PRED	O-SSM	99001
	SBL	1
	0.695586	1
	1.182116
PRED	O-SSM	99001
	SBL	1
	0.706485	1
	1.303169
PRED	O-SSM	99001
	SBL	1
	0.750568	1
	1.822847
PRED	O-SSM	99001
	SBL	1
	0.594558	1
	0.149781
PRED	O-SSM	99001
	SBL	1
	0.677459	1
	0.986033
PRED	O-SSM	99001
	SBL	1
	0.684568	1
	1.062198
PRED	O-SSM	99001
	SBL	1
	0.705856	1
	1.296111
PRED	O-SSM	99001
	SBL	1
	0.664332	1
	0.847637
PRED	O-SSM	99001
	SBL	1
	0.664244	1
	0.846713
PRED	O-SSM	99001
	SBL	1
	0.645414	1
	0.652770
PRED	O-SSM	99001
	SBL	1
	0.742261	1
	1.720690
PRED	O-SSM	99001
	SBL	0
	0.725073	1
	1.515897
PRED	O-SSM	99001
	SBL	0
	0.628269	1
	0.480205
PRED	O-SSM	99001
	SBL	0
	0.600269	1
	0.205057
PRED	O-SSM	99001
	SBL	0
	0.720153	1
	1.458761
PRED	O-SSM	99001
	SBL	0
	0.682263	1
	1.037401
PRED	O-SSM	99001
	SBL	0
	0.636983	1
	0.567473
PRED	O-SSM	99001
	SBL	0
	0.669702	1
	0.903909
PRED	O-SSM	99001
	SBL	0
	0.637989	1
	0.577603
PRED	O-SSM	99001
	SBL	0
	0.683445	1
	1.050109
PRED	O-SSM	99001
	SBL	0
	0.639236	1
	0.590182
PRED	O-SSM	99001
	SBL	0
	0.703389	1
	1.268519
PRED	O-SSM	99001
	SBL	0
	0.711954	1
	1.364896
PRED	O-SSM	99001
	LEUVEN_1	1
	0.624731	1
	0.833843
PRED	O-SSM	99001
	LEUVEN_1	1
	0.612214	1
	0.743217
PRED	O-SSM	99001
	LEUVEN_1	1
	0.721375	1
	1.588302
PRED	O-SSM	99001
	LEUVEN_1	1
	0.702608	1
	1.431910
PRED	O-SSM	99001
	LEUVEN_1	1
	0.683929	1
	1.281808
PRED	O-SSM	99001
	LEUVEN_1	1
	0.723123	1
	1.603191
PRED	O-SSM	99001
	LEUVEN_1	1
	0.549733	1
	0.304094
PRED	O-SSM	99001
	LEUVEN_1	1
	0.653747	1
	1.048885
PRED	O-SSM	99001
	LEUVEN_1	1
	0.607866	1
	0.711992
PRED	O-SSM	99001
	LEUVEN_1	1
	0.655669	1
	1.063410
PRED	O-SSM	99001
	LEUVEN_1	1
	0.711370	1
	1.504178
PRED	O-SSM	99001
	LEUVEN_1	1
	0.616774	1
	0.776103
PRED	O-SSM	99001
	LEUVEN_1	0
	0.649448	1
	1.016533
PRED	O-SSM	99001
	LEUVEN_1	0
	0.649039	1
	1.013468
PRED	O-SSM	99001
	LEUVEN_1	0
	0.570037	1
	0.444885
PRED	O-SSM	99001
	LEUVEN_1	0
	0.650874	1
	1.027248
PRED	O-SSM	99001
	LEUVEN_1	0
	0.745508	1
	1.799303
PRED	O-SSM	99001
	LEUVEN_1	0
	0.709067	1
	1.485054
PRED	O-SSM	99001
	LEUVEN_1	0
	0.548533	1
	0.295814
PRED	O-SSM	99001
	LEUVEN_1	0
	0.622252	1
	0.815808
PRED	O-SSM	99001
	LEUVEN_1	0
	0.621443	1
	0.809927
PRED	O-SSM	99001
	LEUVEN_1	0
	0.537411	1
	0.219238
PRED	O-SSM	99001
	LEUVEN_1	0
	0.611841	1
	0.740528
PRED	O-SSM	99001
	LEUVEN_1	0
	0.533733	1
	0.193974
PRED	O-SSM	99001
	SDSU	1
	0.346687	0
	0.460214
PRED	O-SSM	99001
	SDSU	1
	0.345061	0
	0.788593
PRED	O-SSM	99001
	SDSU	1
	0.345586	0
	0.682431
PRED	O-SSM	99001
	SDSU	1
	0.347524	0
	0.291552
PRED	O-SSM	99001
	SDSU	1
	0.342380	0
	1.331385
PRED	O-SSM	99001
	SDSU	1
	0.339036	0
	2.011374
PRED	O-SSM	99001
	SDSU	1
	0.347681	0
	0.259982
PRED	O-SSM	99001
	SDSU	1
	0.346573	0
	0.483205
PRED	O-SSM	99001
	SDSU	1
	0.344540	0
	0.893818
PRED	O-SSM	99001
	SDSU	1
	0.343184	0
	1.168340
PRED	O-SSM	99001
	SDSU	1
	0.345033	0
	0.794174
PRED	O-SSM	99001
	SDSU	1
	0.345178	0
	0.764996
PRED	O-SSM	99001
	SDSU	0
	0.343751	0
	1.053648
PRED	O-SSM	99001
	SDSU	0
	0.343795	0
	1.044675
PRED	O-SSM	99001
	SDSU	0
	0.348420	0
	0.111165
PRED	O-SSM	99001
	SDSU	0
	0.331742	0
	3.506178
PRED	O-SSM	99001
	SDSU	0
	0.346084	0
	0.581873
PRED	O-SSM	99001
	SDSU	0
	0.344815	0
	0.838268
PRED	O-SSM	99001
	SDSU	0
	0.345413	0
	0.717368
PRED	O-SSM	99001
	SDSU	0
	0.340421	0
	1.729484
PRED	O-SSM	99001
	SDSU	0
	0.342501	0
	1.306878
PRED	O-SSM	99001
	SDSU	0
	0.341853	0
	1.438398
PRED	O-SSM	99001
	SDSU	0
	0.346376	0
	0.522907
PRED	O-SSM	99001
	SDSU	0
	0.344891	0
	0.822820
PRED	O-SSM	99001
	CMU	1
	0.627011	1
	0.918870
PRED	O-SSM	99001
	CMU	1
	0.615735	1
	0.078700
PRED	O-SSM	99001
	CMU	1
	0.617780	1
	0.230368
PRED	O-SSM	99001
	CMU	1
	0.617667	1
	0.221998
PRED	O-SSM	99001
	CMU	1
	0.627056	1
	0.922230
PRED	O-SSM	99001
	CMU	1
	0.617969	1
	0.244399
PRED	O-SSM	99001
	CMU	1
	0.615267	1
	0.044089
PRED	O-SSM	99001
	CMU	1
	0.632571	1
	1.336841
PRED	O-SSM	99001
	CMU	1
	0.620534	1
	0.435063
PRED	O-SSM	99001
	CMU	1
	0.626532	1
	0.882955
PRED	O-SSM	99001
	CMU	1
	0.617197	1
	0.187076
PRED	O-SSM	99001
	CMU	1
	0.619020	1
	0.322497
PRED	O-SSM	99001
	CMU	0
	0.623374	1
	0.646782
PRED	O-SSM	99001
	CMU	0
	0.621223	1
	0.486354
PRED	O-SSM	99001
	CMU	0
	0.616479	1
	0.133862
PRED	O-SSM	99001
	CMU	0
	0.625224	1
	0.785061
PRED	O-SSM	99001
	CMU	0
	0.623450	1
	0.652443
PRED	O-SSM	99001
	CMU	0
	0.624033	1
	0.696013
PRED	O-SSM	99001
	CMU	0
	0.636170	1
	1.608796
PRED	O-SSM	99001
	CMU	0
	0.623338	1
	0.644106
PRED	O-SSM	99001
	CMU	0
	0.626438	1
	0.875887
PRED	O-SSM	99001
	CMU	0
	0.636209	1
	1.611761
PRED	O-SSM	99001
	CMU	0
	0.622293	1
	0.566131
PRED	O-SSM	99001
	CMU	0
	0.635714	1
	1.574304
PRED	O-SSM	99001
	UCLA_2	1
	0.384705	0
	0.740220
PRED	O-SSM	99001
	UCLA_2	1
	0.358602	0
	1.001162
PRED	O-SSM	99001
	UCLA_2	1
	0.357896	0
	1.008329
PRED	O-SSM	99001
	UCLA_2	1
	0.337936	0
	1.213698
PRED	O-SSM	99001
	UCLA_2	1
	0.435503	0
	0.249690
PRED	O-SSM	99001
	UCLA_2	1
	0.388000	0
	0.707792
PRED	O-SSM	99001
	UCLA_2	1
	0.375520	0
	0.831196
PRED	O-SSM	99001
	UCLA_2	1
	0.328927	0
	1.308296
PRED	O-SSM	99001
	UCLA_2	1
	0.343628	0
	1.154563
PRED	O-SSM	99001
	UCLA_2	1
	0.411365	0
	0.480476
PRED	O-SSM	99001
	UCLA_2	1
	0.295467	0
	1.672211
PRED	O-SSM	99001
	UCLA_2	1
	0.327766	0
	1.320579
PRED	O-SSM	99001
	UCLA_2	0
	0.432077	0
	0.282246
PRED	O-SSM	99001
	UCLA_2	0
	0.337739	0
	1.215744
PRED	O-SSM	99001
	UCLA_2	0
	0.421420	0
	0.383912
PRED	O-SSM	99001
	UCLA_2	0
	0.395465	0
	0.634675
PRED	O-SSM	99001
	UCLA_2	0
	0.360609	0
	0.980820
PRED	O-SSM	99001
	UCLA_2	0
	0.416330	0
	0.432717
PRED	O-SSM	99001
	UCLA_2	0
	0.331005	0
	1.286363
PRED	O-SSM	99001
	UCLA_2	0
	0.391661	0
	0.671870
PRED	O-SSM	99001
	UCLA_2	0
	0.276756	0
	1.886051
PRED	O-SSM	99001
	UCLA_2	0
	0.269095	0
	1.976159
PRED	O-SSM	99001
	UCLA_2	0
	0.336781	0
	1.225748
PRED	O-SSM	99001
	UCLA_2	0
	0.298193	0
	1.641725
PRED	O-SSM	99001
	UM_2	1
	0.571573	1
	2.652277
PRED	O-SSM	99001
	UM_2	1
	0.586023	1
	1.411437
PRED	O-SSM	99001
	UM_2	1
	0.600476	1
	0.157458
PRED	O-SSM	99001
	UM_2	1
	0.594558	1
	0.672638
PRED	O-SSM	99001
	UM_2	1
	0.583620	1
	1.618628
PRED	O-SSM	99001
	UM_2	1
	0.594784	1
	0.653026
PRED	O-SSM	99001
	UM_2	1
	0.592102	1
	0.885709
PRED	O-SSM	99001
	UM_2	1
	0.594348	1
	0.690891
PRED	O-SSM	99001
	UM_2	1
	0.577888	1
	2.111439
PRED	O-SSM	99001
	UM_2	1
	0.587298	1
	1.301383
PRED	O-SSM	99001
	UM_2	1
	0.595838	1
	0.561375
PRED	O-SSM	99001
	UM_2	1
	0.597186	1
	0.444166
PRED	O-SSM	99001
	UM_2	0
	0.570228	1
	2.767266
PRED	O-SSM	99001
	UM_2	0
	0.596395	1
	0.512936
PRED	O-SSM	99001
	UM_2	0
	0.597165	1
	0.446000
PRED	O-SSM	99001
	UM_2	0
	0.576665	1
	2.216352
PRED	O-SSM	99001
	UM_2	0
	0.589392	1
	1.120344
PRED	O-SSM	99001
	UM_2	0
	0.588394	1
	1.206670
PRED	O-SSM	99001
	UM_2	0
	0.584747	1
	1.521455
PRED	O-SSM	99001
	UM_2	0
	0.592810	1
	0.824285
PRED	O-SSM	99001
	UM_2	0
	0.595672	1
	0.575868
PRED	O-SSM	99001
	UM_2	0
	0.597497	1
	0.417079
PRED	O-SSM	99001
	UM_2	0
	0.593073	1
	0.801490
PRED	O-SSM	99001
	UM_2	0
	0.589611	1
	1.101436
PRED	O-SSM	99001
	OHSU	1
	0.174361	0
	1.110390
PRED	O-SSM	99001
	OHSU	1
	0.255300	0
	0.644185
PRED	O-SSM	99001
	OHSU	1
	0.088321	0
	1.860263
PRED	O-SSM	99001
	OHSU	1
	0.227269	0
	0.791655
PRED	O-SSM	99001
	OHSU	1
	0.220385	0
	0.829791
PRED	O-SSM	99001
	OHSU	1
	0.277436	0
	0.535137
PRED	O-SSM	99001
	OHSU	1
	0.194713	0
	0.980141
PRED	O-SSM	99001
	OHSU	1
	0.224069	0
	0.809282
PRED	O-SSM	99001
	OHSU	1
	0.193638	0
	0.986755
PRED	O-SSM	99001
	OHSU	1
	0.158759	0
	1.218611
PRED	O-SSM	99001
	OHSU	1
	0.124971	0
	1.486774
PRED	O-SSM	99001
	OHSU	1
	0.299183	0
	0.433115
PRED	O-SSM	99001
	OHSU	0
	0.180120	0
	1.072383
PRED	O-SSM	99001
	OHSU	0
	0.159433	0
	1.213761
PRED	O-SSM	99001
	OHSU	0
	0.070117	0
	2.101389
PRED	O-SSM	99001
	OHSU	0
	0.144501	0
	1.325334
PRED	O-SSM	99001
	OHSU	0
	0.391390	0
	0.038858
PRED	O-SSM	99001
	OHSU	0
	0.103162	0
	1.695010
PRED	O-SSM	99001
	OHSU	0
	0.327067	0
	0.308298
PRED	O-SSM	99001
	OHSU	0
	0.142366	0
	1.342055
PRED	O-SSM	99001
	OHSU	0
	0.243763	0
	0.703477
PRED	O-SSM	99001
	OHSU	0
	0.140384	0
	1.357761
PRED	O-SSM	99001
	OHSU	0
	0.183794	0
	1.048636
PRED	O-SSM	99001
	OHSU	0
	0.344267	0
	0.234063
  O-SSM    99001
   acc=49.600000% bal=49.599359% sites=20
/20
 test_n=500
 assoc=0.988968
PRED	O-SSM	31415
	NYU	1
	0.521104	1
	0.361823
PRED	O-SSM	31415
	NYU	1
	0.515356	1
	0.507052
PRED	O-SSM	31415
	NYU	1
	0.518655	1
	0.423709
PRED	O-SSM	31415
	NYU	1
	0.505766	1
	0.749100
PRED	O-SSM	31415
	NYU	1
	0.468175	0
	1.698608
PRED	O-SSM	31415
	NYU	1
	0.474470	0
	1.539276
PRED	O-SSM	31415
	NYU	1
	0.436394	0
	2.508088
PRED	O-SSM	31415
	NYU	1
	0.493118	0
	1.068231
PRED	O-SSM	31415
	NYU	1
	0.509747	1
	0.648639
PRED	O-SSM	31415
	NYU	1
	0.470658	0
	1.635727
PRED	O-SSM	31415
	NYU	1
	0.508862	1
	0.670976
PRED	O-SSM	31415
	NYU	1
	0.460941	0
	1.882044
PRED	O-SSM	31415
	NYU	1
	0.493469	0
	1.059366
PRED	O-SSM	31415
	NYU	0
	0.495773	0
	1.001251
PRED	O-SSM	31415
	NYU	0
	0.496850	0
	0.974075
PRED	O-SSM	31415
	NYU	0
	0.481702	0
	1.356456
PRED	O-SSM	31415
	NYU	0
	0.484767	0
	1.279045
PRED	O-SSM	31415
	NYU	0
	0.501730	1
	0.850941
PRED	O-SSM	31415
	NYU	0
	0.493825	0
	1.050387
PRED	O-SSM	31415
	NYU	0
	0.455765	0
	2.013555
PRED	O-SSM	31415
	NYU	0
	0.490824	0
	1.126130
PRED	O-SSM	31415
	NYU	0
	0.475521	0
	1.512673
PRED	O-SSM	31415
	NYU	0
	0.517970	1
	0.441009
PRED	O-SSM	31415
	NYU	0
	0.520417	1
	0.379189
PRED	O-SSM	31415
	NYU	0
	0.493774	0
	1.051668
PRED	O-SSM	31415
	NYU	0
	0.499183	0
	0.915206
PRED	O-SSM	31415
	UM_1	1
	0.604743	1
	1.816061
PRED	O-SSM	31415
	UM_1	1
	0.516271	1
	1.152673
PRED	O-SSM	31415
	UM_1	1
	0.433515	0
	0.539997
PRED	O-SSM	31415
	UM_1	1
	0.504927	1
	1.069058
PRED	O-SSM	31415
	UM_1	1
	0.388336	0
	0.195949
PRED	O-SSM	31415
	UM_1	1
	0.524891	1
	1.216294
PRED	O-SSM	31415
	UM_1	1
	0.405991	0
	0.331785
PRED	O-SSM	31415
	UM_1	1
	0.453134	0
	0.686442
PRED	O-SSM	31415
	UM_1	1
	0.565461	1
	1.517835
PRED	O-SSM	31415
	UM_1	1
	0.659358	1
	2.249224
PRED	O-SSM	31415
	UM_1	1
	0.557648	1
	1.459385
PRED	O-SSM	31415
	UM_1	1
	0.481485	0
	0.896276
PRED	O-SSM	31415
	UM_1	1
	0.517402	1
	1.161018
PRED	O-SSM	31415
	UM_1	0
	0.510066	1
	1.106925
PRED	O-SSM	31415
	UM_1	0
	0.373026	0
	0.076321
PRED	O-SSM	31415
	UM_1	0
	0.457138	0
	0.716184
PRED	O-SSM	31415
	UM_1	0
	0.411671	0
	0.375077
PRED	O-SSM	31415
	UM_1	0
	0.532424	1
	1.271983
PRED	O-SSM	31415
	UM_1	0
	0.499256	0
	1.027271
PRED	O-SSM	31415
	UM_1	0
	0.510524	1
	1.110301
PRED	O-SSM	31415
	UM_1	0
	0.507144	1
	1.085392
PRED	O-SSM	31415
	UM_1	0
	0.531351	1
	1.264042
PRED	O-SSM	31415
	UM_1	0
	0.554634	1
	1.436895
PRED	O-SSM	31415
	UM_1	0
	0.553283	1
	1.426823
PRED	O-SSM	31415
	UM_1	0
	0.544349	1
	1.360368
PRED	O-SSM	31415
	UM_1	0
	0.391623	0
	0.221396
PRED	O-SSM	31415
	UCLA_1	1
	0.299876	0
	1.075469
PRED	O-SSM	31415
	UCLA_1	1
	0.288969	0
	1.402995
PRED	O-SSM	31415
	UCLA_1	1
	0.300496	0
	1.057058
PRED	O-SSM	31415
	UCLA_1	1
	0.316759	0
	0.581544
PRED	O-SSM	31415
	UCLA_1	1
	0.307107	0
	0.862079
PRED	O-SSM	31415
	UCLA_1	1
	0.310020	0
	0.776920
PRED	O-SSM	31415
	UCLA_1	1
	0.328135	0
	0.256713
PRED	O-SSM	31415
	UCLA_1	1
	0.297518	0
	1.145682
PRED	O-SSM	31415
	UCLA_1	1
	0.289931	0
	1.373821
PRED	O-SSM	31415
	UCLA_1	1
	0.306455	0
	0.881203
PRED	O-SSM	31415
	UCLA_1	1
	0.223694	0
	3.547980
PRED	O-SSM	31415
	UCLA_1	1
	0.313325	0
	0.680819
PRED	O-SSM	31415
	UCLA_1	1
	0.305027	0
	0.923156
PRED	O-SSM	31415
	UCLA_1	0
	0.310930	0
	0.750386
PRED	O-SSM	31415
	UCLA_1	0
	0.285790	0
	1.499822
PRED	O-SSM	31415
	UCLA_1	0
	0.315584	0
	0.615441
PRED	O-SSM	31415
	UCLA_1	0
	0.299635	0
	1.082612
PRED	O-SSM	31415
	UCLA_1	0
	0.301851	0
	1.016882
PRED	O-SSM	31415
	UCLA_1	0
	0.317491	0
	0.560458
PRED	O-SSM	31415
	UCLA_1	0
	0.272250	0
	1.919748
PRED	O-SSM	31415
	UCLA_1	0
	0.295834	0
	1.196031
PRED	O-SSM	31415
	UCLA_1	0
	0.295794	0
	1.197211
PRED	O-SSM	31415
	UCLA_1	0
	0.318168	0
	0.540997
PRED	O-SSM	31415
	UCLA_1	0
	0.262773	0
	2.221434
PRED	O-SSM	31415
	UCLA_1	0
	0.318993	0
	0.517282
PRED	O-SSM	31415
	UCLA_1	0
	0.320305	0
	0.479661
PRED	O-SSM	31415
	YALE	1
	0.587796	1
	0.812415
PRED	O-SSM	31415
	YALE	1
	0.592027	1
	0.875660
PRED	O-SSM	31415
	YALE	1
	0.556341	1
	0.347521
PRED	O-SSM	31415
	YALE	1
	0.678714	1
	2.233827
PRED	O-SSM	31415
	YALE	1
	0.539428	1
	0.100549
PRED	O-SSM	31415
	YALE	1
	0.620958	1
	1.314261
PRED	O-SSM	31415
	YALE	1
	0.612353	1
	1.182591
PRED	O-SSM	31415
	YALE	1
	0.569146	1
	0.535744
PRED	O-SSM	31415
	YALE	1
	0.559170	1
	0.389009
PRED	O-SSM	31415
	YALE	1
	0.596247	1
	0.938954
PRED	O-SSM	31415
	YALE	1
	0.579264	1
	0.685424
PRED	O-SSM	31415
	YALE	1
	0.590842	1
	0.857933
PRED	O-SSM	31415
	YALE	1
	0.561209	1
	0.418939
PRED	O-SSM	31415
	YALE	0
	0.542428	1
	0.144246
PRED	O-SSM	31415
	YALE	0
	0.578369	1
	0.672159
PRED	O-SSM	31415
	YALE	0
	0.598515	1
	0.973063
PRED	O-SSM	31415
	YALE	0
	0.540216	1
	0.112026
PRED	O-SSM	31415
	YALE	0
	0.702908	1
	2.643663
PRED	O-SSM	31415
	YALE	0
	0.662426	1
	1.967105
PRED	O-SSM	31415
	YALE	0
	0.576806	1
	0.648979
PRED	O-SSM	31415
	YALE	0
	0.579087	1
	0.682801
PRED	O-SSM	31415
	YALE	0
	0.587275	1
	0.804630
PRED	O-SSM	31415
	YALE	0
	0.623361	1
	1.351222
PRED	O-SSM	31415
	YALE	0
	0.678398	1
	2.228579
PRED	O-SSM	31415
	YALE	0
	0.566817	1
	0.501425
PRED	O-SSM	31415
	YALE	0
	0.614726	1
	1.218789
PRED	O-SSM	31415
	PITT	1
	0.307027	0
	1.283917
PRED	O-SSM	31415
	PITT	1
	0.284544	0
	1.518810
PRED	O-SSM	31415
	PITT	1
	0.321111	0
	1.141686
PRED	O-SSM	31415
	PITT	1
	0.270243	0
	1.674035
PRED	O-SSM	31415
	PITT	1
	0.282195	0
	1.543967
PRED	O-SSM	31415
	PITT	1
	0.284884	0
	1.515174
PRED	O-SSM	31415
	PITT	1
	0.392378	0
	0.464406
PRED	O-SSM	31415
	PITT	1
	0.347873	0
	0.880054
PRED	O-SSM	31415
	PITT	1
	0.332767	0
	1.026452
PRED	O-SSM	31415
	PITT	1
	0.321332	0
	1.139483
PRED	O-SSM	31415
	PITT	1
	0.290198	0
	1.458741
PRED	O-SSM	31415
	PITT	1
	0.313414	0
	1.218990
PRED	O-SSM	31415
	PITT	1
	0.425564	0
	0.165616
PRED	O-SSM	31415
	PITT	0
	0.332414	0
	1.029908
PRED	O-SSM	31415
	PITT	0
	0.356659	0
	0.796295
PRED	O-SSM	31415
	PITT	0
	0.296086	0
	1.396933
PRED	O-SSM	31415
	PITT	0
	0.347500	0
	0.883638
PRED	O-SSM	31415
	PITT	0
	0.367103	0
	0.697899
PRED	O-SSM	31415
	PITT	0
	0.317071	0
	1.182133
PRED	O-SSM	31415
	PITT	0
	0.373484	0
	0.638372
PRED	O-SSM	31415
	PITT	0
	0.293630	0
	1.422628
PRED	O-SSM	31415
	PITT	0
	0.313587	0
	1.217236
PRED	O-SSM	31415
	PITT	0
	0.270977	0
	1.665939
PRED	O-SSM	31415
	PITT	0
	0.310927	0
	1.244187
PRED	O-SSM	31415
	PITT	0
	0.297266	0
	1.384632
PRED	O-SSM	31415
	PITT	0
	0.308499	0
	1.268892
PRED	O-SSM	31415
	USM	1
	0.643208	1
	0.281199
PRED	O-SSM	31415
	USM	1
	0.703124	1
	0.805033
PRED	O-SSM	31415
	USM	1
	0.642151	1
	0.272366
PRED	O-SSM	31415
	USM	1
	0.790863	1
	1.703187
PRED	O-SSM	31415
	USM	1
	0.726024	1
	1.020637
PRED	O-SSM	31415
	USM	1
	0.763040	1
	1.394695
PRED	O-SSM	31415
	USM	1
	0.658191	1
	0.407745
PRED	O-SSM	31415
	USM	1
	0.809458	1
	1.926534
PRED	O-SSM	31415
	USM	1
	0.689973	1
	0.685594
PRED	O-SSM	31415
	USM	1
	0.703871	1
	0.811905
PRED	O-SSM	31415
	USM	1
	0.639715	1
	0.252043
PRED	O-SSM	31415
	USM	1
	0.651918	1
	0.354460
PRED	O-SSM	31415
	USM	1
	0.701416	1
	0.789354
PRED	O-SSM	31415
	USM	0
	0.646062	1
	0.305116
PRED	O-SSM	31415
	USM	0
	0.669889	1
	0.508406
PRED	O-SSM	31415
	USM	0
	0.776311	1
	1.538423
PRED	O-SSM	31415
	USM	0
	0.656354	1
	0.392090
PRED	O-SSM	31415
	USM	0
	0.734667	1
	1.104878
PRED	O-SSM	31415
	USM	0
	0.784589	1
	1.631157
PRED	O-SSM	31415
	USM	0
	0.709098	1
	0.860292
PRED	O-SSM	31415
	USM	0
	0.748701	1
	1.245509
PRED	O-SSM	31415
	USM	0
	0.626327	1
	0.141416
PRED	O-SSM	31415
	USM	0
	0.630941	1
	0.179350
PRED	O-SSM	31415
	USM	0
	0.724449	1
	1.005463
PRED	O-SSM	31415
	USM	0
	0.647506	1
	0.317245
PRED	O-SSM	31415
	USM	0
	0.674292	1
	0.546753
PRED	O-SSM	31415
	MAX_MUN	1
	0.657476	1
	0.166754
PRED	O-SSM	31415
	MAX_MUN	1
	0.694221	1
	0.424939
PRED	O-SSM	31415
	MAX_MUN	1
	0.776113	1
	1.075915
PRED	O-SSM	31415
	MAX_MUN	1
	0.764841	1
	0.977863
PRED	O-SSM	31415
	MAX_MUN	1
	0.796061	1
	1.258485
PRED	O-SSM	31415
	MAX_MUN	1
	0.844784	1
	1.769775
PRED	O-SSM	31415
	MAX_MUN	1
	0.700172	1
	0.468299
PRED	O-SSM	31415
	MAX_MUN	1
	0.737799	1
	0.755073
PRED	O-SSM	31415
	MAX_MUN	1
	0.747950	1
	0.836820
PRED	O-SSM	31415
	MAX_MUN	1
	0.673423	1
	0.276945
PRED	O-SSM	31415
	MAX_MUN	1
	0.792101	1
	1.221238
PRED	O-SSM	31415
	MAX_MUN	1
	0.732961	1
	0.716833
PRED	O-SSM	31415
	MAX_MUN	1
	0.811073	1
	1.404827
PRED	O-SSM	31415
	MAX_MUN	0
	0.751496	1
	0.865887
PRED	O-SSM	31415
	MAX_MUN	0
	0.709694	1
	0.538715
PRED	O-SSM	31415
	MAX_MUN	0
	0.777987	1
	1.092559
PRED	O-SSM	31415
	MAX_MUN	0
	0.763262	1
	0.964390
PRED	O-SSM	31415
	MAX_MUN	0
	0.808594	1
	1.380065
PRED	O-SSM	31415
	MAX_MUN	0
	0.838273	1
	1.694660
PRED	O-SSM	31415
	MAX_MUN	0
	0.822526	1
	1.522581
PRED	O-SSM	31415
	MAX_MUN	0
	0.754271	1
	0.888825
PRED	O-SSM	31415
	MAX_MUN	0
	0.767019	1
	0.996545
PRED	O-SSM	31415
	MAX_MUN	0
	0.828870	1
	1.590392
PRED	O-SSM	31415
	MAX_MUN	0
	0.760130	1
	0.937848
PRED	O-SSM	31415
	MAX_MUN	0
	0.766070	1
	0.988389
PRED	O-SSM	31415
	MAX_MUN	0
	0.818431	1
	1.479824
PRED	O-SSM	31415
	TRINITY	1
	0.833273	1
	2.069544
PRED	O-SSM	31415
	TRINITY	1
	0.686541	1
	1.026500
PRED	O-SSM	31415
	TRINITY	1
	0.907827	1
	2.927219
PRED	O-SSM	31415
	TRINITY	1
	0.770428	1
	1.566012
PRED	O-SSM	31415
	TRINITY	1
	0.672625	1
	0.945691
PRED	O-SSM	31415
	TRINITY	1
	0.725133	1
	1.261748
PRED	O-SSM	31415
	TRINITY	1
	0.739905	1
	1.357082
PRED	O-SSM	31415
	TRINITY	1
	0.644919	1
	0.789800
PRED	O-SSM	31415
	TRINITY	1
	0.802753	1
	1.809843
PRED	O-SSM	31415
	TRINITY	1
	0.722642	1
	1.245990
PRED	O-SSM	31415
	TRINITY	1
	0.750021	1
	1.424406
PRED	O-SSM	31415
	TRINITY	1
	0.615734	1
	0.631388
PRED	O-SSM	31415
	TRINITY	1
	0.738685	1
	1.349083
PRED	O-SSM	31415
	TRINITY	0
	0.633901	1
	0.729381
PRED	O-SSM	31415
	TRINITY	0
	0.626959	1
	0.691710
PRED	O-SSM	31415
	TRINITY	0
	0.751349	1
	1.433380
PRED	O-SSM	31415
	TRINITY	0
	0.663197	1
	0.891949
PRED	O-SSM	31415
	TRINITY	0
	0.601871	1
	0.557790
PRED	O-SSM	31415
	TRINITY	0
	0.660718	1
	0.877943
PRED	O-SSM	31415
	TRINITY	0
	0.575328	1
	0.419171
PRED	O-SSM	31415
	TRINITY	0
	0.691166	1
	1.053785
PRED	O-SSM	31415
	TRINITY	0
	0.555807	1
	0.318708
PRED	O-SSM	31415
	TRINITY	0
	0.737762	1
	1.343040
PRED	O-SSM	31415
	TRINITY	0
	0.751550	1
	1.434738
PRED	O-SSM	31415
	TRINITY	0
	0.644632	1
	0.788218
PRED	O-SSM	31415
	TRINITY	0
	0.642414	1
	0.775994
PRED	O-SSM	31415
	KKI	1
	0.447353	0
	1.183627
PRED	O-SSM	31415
	KKI	1
	0.447797	0
	1.209946
PRED	O-SSM	31415
	KKI	1
	0.440345	0
	0.767254
PRED	O-SSM	31415
	KKI	1
	0.449037	0
	1.283462
PRED	O-SSM	31415
	KKI	1
	0.439855	0
	0.738116
PRED	O-SSM	31415
	KKI	1
	0.450184	0
	1.351417
PRED	O-SSM	31415
	KKI	1
	0.452780	0
	1.505165
PRED	O-SSM	31415
	KKI	1
	0.449123	0
	1.288560
PRED	O-SSM	31415
	KKI	1
	0.451051	0
	1.402784
PRED	O-SSM	31415
	KKI	1
	0.443025	0
	0.926620
PRED	O-SSM	31415
	KKI	1
	0.453413	0
	1.542591
PRED	O-SSM	31415
	KKI	1
	0.434616	0
	0.425892
PRED	O-SSM	31415
	KKI	1
	0.432064	0
	0.273456
PRED	O-SSM	31415
	KKI	0
	0.444134	0
	0.992530
PRED	O-SSM	31415
	KKI	0
	0.443517	0
	0.955903
PRED	O-SSM	31415
	KKI	0
	0.488459	0
	3.606143
PRED	O-SSM	31415
	KKI	0
	0.453465	0
	1.545707
PRED	O-SSM	31415
	KKI	0
	0.441686	0
	0.847072
PRED	O-SSM	31415
	KKI	0
	0.433522	0
	0.360601
PRED	O-SSM	31415
	KKI	0
	0.450644	0
	1.378696
PRED	O-SSM	31415
	KKI	0
	0.441497	0
	0.835798
PRED	O-SSM	31415
	KKI	0
	0.433715	0
	0.372103
PRED	O-SSM	31415
	KKI	0
	0.432831	0
	0.319302
PRED	O-SSM	31415
	KKI	0
	0.452199	0
	1.470737
PRED	O-SSM	31415
	KKI	0
	0.439009	0
	0.687761
PRED	O-SSM	31415
	KKI	0
	0.442498	0
	0.895327
PRED	O-SSM	31415
	STANFORD	1
	0.654976	1
	1.425866
PRED	O-SSM	31415
	STANFORD	1
	0.597426	1
	0.902342
PRED	O-SSM	31415
	STANFORD	1
	0.916668	1
	5.161332
PRED	O-SSM	31415
	STANFORD	1
	0.725373	1
	2.128107
PRED	O-SSM	31415
	STANFORD	1
	0.719652	1
	2.067435
PRED	O-SSM	31415
	STANFORD	1
	0.690588	1
	1.770060
PRED	O-SSM	31415
	STANFORD	1
	0.568755	1
	0.651502
PRED	O-SSM	31415
	STANFORD	1
	0.583285	1
	0.778009
PRED	O-SSM	31415
	STANFORD	1
	0.599218	1
	0.918196
PRED	O-SSM	31415
	STANFORD	1
	0.632652	1
	1.218837
PRED	O-SSM	31415
	STANFORD	1
	0.674476	1
	1.611936
PRED	O-SSM	31415
	STANFORD	1
	0.543265	1
	0.431920
PRED	O-SSM	31415
	STANFORD	1
	0.537998	1
	0.386826
PRED	O-SSM	31415
	STANFORD	0
	0.556270	1
	0.543632
PRED	O-SSM	31415
	STANFORD	0
	0.582272	1
	0.769152
PRED	O-SSM	31415
	STANFORD	0
	0.548639	1
	0.478008
PRED	O-SSM	31415
	STANFORD	0
	0.580672	1
	0.755174
PRED	O-SSM	31415
	STANFORD	0
	0.657358	1
	1.448313
PRED	O-SSM	31415
	STANFORD	0
	0.640148	1
	1.287710
PRED	O-SSM	31415
	STANFORD	0
	0.498892	0
	0.053626
PRED	O-SSM	31415
	STANFORD	0
	0.595204	1
	0.882713
PRED	O-SSM	31415
	STANFORD	0
	0.688353	1
	1.747861
PRED	O-SSM	31415
	STANFORD	0
	0.537535	1
	0.382865
PRED	O-SSM	31415
	STANFORD	0
	0.567329	1
	0.639145
PRED	O-SSM	31415
	STANFORD	0
	0.641942	1
	1.304289
PRED	O-SSM	31415
	STANFORD	0
	0.573625	1
	0.693778
PRED	O-SSM	31415
	CALTECH	1
	0.578556	1
	0.649716
PRED	O-SSM	31415
	CALTECH	1
	0.578423	1
	0.648476
PRED	O-SSM	31415
	CALTECH	1
	0.562780	1
	0.503613
PRED	O-SSM	31415
	CALTECH	1
	0.568624	1
	0.557584
PRED	O-SSM	31415
	CALTECH	1
	0.615278	1
	0.996178
PRED	O-SSM	31415
	CALTECH	1
	0.634858	1
	1.185762
PRED	O-SSM	31415
	CALTECH	1
	0.575375	1
	0.620149
PRED	O-SSM	31415
	CALTECH	1
	0.643977	1
	1.275506
PRED	O-SSM	31415
	CALTECH	1
	0.521275	1
	0.124037
PRED	O-SSM	31415
	CALTECH	1
	0.770174	1
	2.674521
PRED	O-SSM	31415
	CALTECH	1
	0.586992	1
	0.728438
PRED	O-SSM	31415
	CALTECH	1
	0.549312	1
	0.379825
PRED	O-SSM	31415
	CALTECH	0
	0.625242	1
	1.092163
PRED	O-SSM	31415
	CALTECH	0
	0.608205	1
	0.928610
PRED	O-SSM	31415
	CALTECH	0
	0.530460	1
	0.207616
PRED	O-SSM	31415
	CALTECH	0
	0.592550	1
	0.780560
PRED	O-SSM	31415
	CALTECH	0
	0.610773	1
	0.953093
PRED	O-SSM	31415
	CALTECH	0
	0.610606	1
	0.951498
PRED	O-SSM	31415
	CALTECH	0
	0.675779	1
	1.597165
PRED	O-SSM	31415
	CALTECH	0
	0.530851	1
	0.211176
PRED	O-SSM	31415
	CALTECH	0
	0.572031	1
	0.589123
PRED	O-SSM	31415
	CALTECH	0
	0.645111	1
	1.286730
PRED	O-SSM	31415
	CALTECH	0
	0.639848	1
	1.234751
PRED	O-SSM	31415
	CALTECH	0
	0.536584	1
	0.263449
PRED	O-SSM	31415
	LEUVEN_2	1
	0.700082	1
	1.596456
PRED	O-SSM	31415
	LEUVEN_2	1
	0.695097	1
	0.926204
PRED	O-SSM	31415
	LEUVEN_2	1
	0.690085	1
	0.258504
PRED	O-SSM	31415
	LEUVEN_2	1
	0.696497	1
	1.113906
PRED	O-SSM	31415
	LEUVEN_2	1
	0.691871	1
	0.495857
PRED	O-SSM	31415
	LEUVEN_2	1
	0.698284	1
	1.354001
PRED	O-SSM	31415
	LEUVEN_2	1
	0.696812	1
	1.156194
PRED	O-SSM	31415
	LEUVEN_2	1
	0.696012	1
	1.048762
PRED	O-SSM	31415
	LEUVEN_2	1
	0.695210	1
	0.941347
PRED	O-SSM	31415
	LEUVEN_2	1
	0.696308	1
	1.088540
PRED	O-SSM	31415
	LEUVEN_2	1
	0.692820	1
	0.622239
PRED	O-SSM	31415
	LEUVEN_2	1
	0.704531	1
	2.200058
PRED	O-SSM	31415
	LEUVEN_2	0
	0.697220	1
	1.210950
PRED	O-SSM	31415
	LEUVEN_2	0
	0.696087	1
	1.058908
PRED	O-SSM	31415
	LEUVEN_2	0
	0.694022	1
	0.782594
PRED	O-SSM	31415
	LEUVEN_2	0
	0.700295	1
	1.625349
PRED	O-SSM	31415
	LEUVEN_2	0
	0.691027	1
	0.383602
PRED	O-SSM	31415
	LEUVEN_2	0
	0.690242	1
	0.279372
PRED	O-SSM	31415
	LEUVEN_2	0
	0.700480	1
	1.650263
PRED	O-SSM	31415
	LEUVEN_2	0
	0.690889	1
	0.365324
PRED	O-SSM	31415
	LEUVEN_2	0
	0.699049	1
	1.457135
PRED	O-SSM	31415
	LEUVEN_2	0
	0.695447	1
	0.973114
PRED	O-SSM	31415
	LEUVEN_2	0
	0.698306	1
	1.356990
PRED	O-SSM	31415
	LEUVEN_2	0
	0.693096	1
	0.659026
PRED	O-SSM	31415
	OLIN	1
	0.537185	1
	0.758294
PRED	O-SSM	31415
	OLIN	1
	0.403176	0
	0.154116
PRED	O-SSM	31415
	OLIN	1
	0.420069	0
	0.231984
PRED	O-SSM	31415
	OLIN	1
	0.465780	0
	0.438928
PRED	O-SSM	31415
	OLIN	1
	0.427736	0
	0.267031
PRED	O-SSM	31415
	OLIN	1
	0.454742	0
	0.389329
PRED	O-SSM	31415
	OLIN	1
	0.514498	1
	0.656708
PRED	O-SSM	31415
	OLIN	1
	0.652259	1
	1.294048
PRED	O-SSM	31415
	OLIN	1
	0.502443	1
	0.602864
PRED	O-SSM	31415
	OLIN	1
	0.417547	0
	0.220418
PRED	O-SSM	31415
	OLIN	1
	0.412915	0
	0.199124
PRED	O-SSM	31415
	OLIN	1
	0.802281	1
	2.155365
PRED	O-SSM	31415
	OLIN	0
	0.700367	1
	1.539691
PRED	O-SSM	31415
	OLIN	0
	0.425993	0
	0.259076
PRED	O-SSM	31415
	OLIN	0
	0.641376	1
	1.240868
PRED	O-SSM	31415
	OLIN	0
	0.452193	0
	0.377847
PRED	O-SSM	31415
	OLIN	0
	0.650871	1
	1.287227
PRED	O-SSM	31415
	OLIN	0
	0.412704	0
	0.198153
PRED	O-SSM	31415
	OLIN	0
	0.450628	0
	0.370794
PRED	O-SSM	31415
	OLIN	0
	0.809663	1
	2.208062
PRED	O-SSM	31415
	OLIN	0
	0.597419	1
	1.032561
PRED	O-SSM	31415
	OLIN	0
	0.546428	1
	0.799853
PRED	O-SSM	31415
	OLIN	0
	0.500061	1
	0.592229
PRED	O-SSM	31415
	OLIN	0
	0.556690	1
	0.846165
PRED	O-SSM	31415
	SBL	1
	0.345416	0
	1.523789
PRED	O-SSM	31415
	SBL	1
	0.351030	0
	1.322076
PRED	O-SSM	31415
	SBL	1
	0.360138	0
	0.997931
PRED	O-SSM	31415
	SBL	1
	0.333506	0
	1.956943
PRED	O-SSM	31415
	SBL	1
	0.383376	0
	0.186349
PRED	O-SSM	31415
	SBL	1
	0.363550	0
	0.877425
PRED	O-SSM	31415
	SBL	1
	0.353775	0
	1.223974
PRED	O-SSM	31415
	SBL	1
	0.347261	0
	1.457306
PRED	O-SSM	31415
	SBL	1
	0.361110	0
	0.963542
PRED	O-SSM	31415
	SBL	1
	0.355339	0
	1.168241
PRED	O-SSM	31415
	SBL	1
	0.373724	0
	0.520944
PRED	O-SSM	31415
	SBL	1
	0.338499	0
	1.774450
PRED	O-SSM	31415
	SBL	0
	0.339984	0
	1.720422
PRED	O-SSM	31415
	SBL	0
	0.361590	0
	0.946571
PRED	O-SSM	31415
	SBL	0
	0.380049	0
	0.301291
PRED	O-SSM	31415
	SBL	0
	0.349904	0
	1.362403
PRED	O-SSM	31415
	SBL	0
	0.350456	0
	1.342601
PRED	O-SSM	31415
	SBL	0
	0.370998	0
	0.616045
PRED	O-SSM	31415
	SBL	0
	0.370133	0
	0.646293
PRED	O-SSM	31415
	SBL	0
	0.371197	0
	0.609092
PRED	O-SSM	31415
	SBL	0
	0.357110	0
	1.105268
PRED	O-SSM	31415
	SBL	0
	0.365350	0
	0.814047
PRED	O-SSM	31415
	SBL	0
	0.341162	0
	1.677661
PRED	O-SSM	31415
	SBL	0
	0.350163	0
	1.353125
PRED	O-SSM	31415
	LEUVEN_1	1
	0.733913	1
	1.335773
PRED	O-SSM	31415
	LEUVEN_1	1
	0.699563	1
	0.674555
PRED	O-SSM	31415
	LEUVEN_1	1
	0.746812	1
	1.597804
PRED	O-SSM	31415
	LEUVEN_1	1
	0.734701	1
	1.351535
PRED	O-SSM	31415
	LEUVEN_1	1
	0.735915	1
	1.375891
PRED	O-SSM	31415
	LEUVEN_1	1
	0.736176	1
	1.381133
PRED	O-SSM	31415
	LEUVEN_1	1
	0.672094	1
	0.176573
PRED	O-SSM	31415
	LEUVEN_1	1
	0.713017	1
	0.927816
PRED	O-SSM	31415
	LEUVEN_1	1
	0.694855	1
	0.587493
PRED	O-SSM	31415
	LEUVEN_1	1
	0.708572	1
	0.843393
PRED	O-SSM	31415
	LEUVEN_1	1
	0.717928	1
	1.022005
PRED	O-SSM	31415
	LEUVEN_1	1
	0.766797	1
	2.021947
PRED	O-SSM	31415
	LEUVEN_1	0
	0.734143	1
	1.340363
PRED	O-SSM	31415
	LEUVEN_1	0
	0.723667	1
	1.133358
PRED	O-SSM	31415
	LEUVEN_1	0
	0.685219	1
	0.411578
PRED	O-SSM	31415
	LEUVEN_1	0
	0.712322	1
	0.914562
PRED	O-SSM	31415
	LEUVEN_1	0
	0.745361	1
	1.567897
PRED	O-SSM	31415
	LEUVEN_1	0
	0.754127	1
	1.750317
PRED	O-SSM	31415
	LEUVEN_1	0
	0.693579	1
	0.564017
PRED	O-SSM	31415
	LEUVEN_1	0
	0.704317	1
	0.763281
PRED	O-SSM	31415
	LEUVEN_1	0
	0.702781	1
	0.734522
PRED	O-SSM	31415
	LEUVEN_1	0
	0.682877	1
	0.369267
PRED	O-SSM	31415
	LEUVEN_1	0
	0.694956	1
	0.589351
PRED	O-SSM	31415
	LEUVEN_1	0
	0.673400	1
	0.199723
PRED	O-SSM	31415
	SDSU	1
	0.399440	0
	0.583284
PRED	O-SSM	31415
	SDSU	1
	0.401360	0
	0.641134
PRED	O-SSM	31415
	SDSU	1
	0.395952	0
	0.477922
PRED	O-SSM	31415
	SDSU	1
	0.394532	0
	0.434926
PRED	O-SSM	31415
	SDSU	1
	0.409837	0
	0.895531
PRED	O-SSM	31415
	SDSU	1
	0.450980	0
	2.110418
PRED	O-SSM	31415
	SDSU	1
	0.388292	0
	0.245425
PRED	O-SSM	31415
	SDSU	1
	0.394468	0
	0.433004
PRED	O-SSM	31415
	SDSU	1
	0.410214	0
	0.906781
PRED	O-SSM	31415
	SDSU	1
	0.423642	0
	1.306438
PRED	O-SSM	31415
	SDSU	1
	0.415589	0
	1.067203
PRED	O-SSM	31415
	SDSU	1
	0.424392	0
	1.328663
PRED	O-SSM	31415
	SDSU	0
	0.454070	0
	2.200649
PRED	O-SSM	31415
	SDSU	0
	0.427882	0
	1.431903
PRED	O-SSM	31415
	SDSU	0
	0.384354	0
	0.125242
PRED	O-SSM	31415
	SDSU	0
	0.463086	0
	2.463386
PRED	O-SSM	31415
	SDSU	0
	0.400726	0
	0.622026
PRED	O-SSM	31415
	SDSU	0
	0.421280	0
	1.236411
PRED	O-SSM	31415
	SDSU	0
	0.401951	0
	0.658919
PRED	O-SSM	31415
	SDSU	0
	0.456935	0
	2.284236
PRED	O-SSM	31415
	SDSU	0
	0.421023	0
	1.228791
PRED	O-SSM	31415
	SDSU	0
	0.421146	0
	1.232437
PRED	O-SSM	31415
	SDSU	0
	0.419244	0
	1.175944
PRED	O-SSM	31415
	SDSU	0
	0.420052	0
	1.199941
PRED	O-SSM	31415
	CMU	1
	0.747702	1
	1.249531
PRED	O-SSM	31415
	CMU	1
	0.612291	1
	0.111782
PRED	O-SSM	31415
	CMU	1
	0.628576	1
	0.236798
PRED	O-SSM	31415
	CMU	1
	0.635887	1
	0.293636
PRED	O-SSM	31415
	CMU	1
	0.718673	1
	0.981104
PRED	O-SSM	31415
	CMU	1
	0.638965	1
	0.317706
PRED	O-SSM	31415
	CMU	1
	0.603873	1
	0.047938
PRED	O-SSM	31415
	CMU	1
	0.792177	1
	1.704505
PRED	O-SSM	31415
	CMU	1
	0.669814	1
	0.564382
PRED	O-SSM	31415
	CMU	1
	0.717084	1
	0.966923
PRED	O-SSM	31415
	CMU	1
	0.622149	1
	0.187210
PRED	O-SSM	31415
	CMU	1
	0.622166	1
	0.187338
PRED	O-SSM	31415
	CMU	0
	0.681052	1
	0.657047
PRED	O-SSM	31415
	CMU	0
	0.668551	1
	0.554068
PRED	O-SSM	31415
	CMU	0
	0.615914	1
	0.139418
PRED	O-SSM	31415
	CMU	0
	0.720552	1
	0.997931
PRED	O-SSM	31415
	CMU	0
	0.704464	1
	0.855939
PRED	O-SSM	31415
	CMU	0
	0.686593	1
	0.703371
PRED	O-SSM	31415
	CMU	0
	0.794134	1
	1.726059
PRED	O-SSM	31415
	CMU	0
	0.717545	1
	0.971027
PRED	O-SSM	31415
	CMU	0
	0.710796	1
	0.911266
PRED	O-SSM	31415
	CMU	0
	0.761992	1
	1.389141
PRED	O-SSM	31415
	CMU	0
	0.665154	1
	0.526425
PRED	O-SSM	31415
	CMU	0
	0.768722	1
	1.456890
PRED	O-SSM	31415
	UCLA_2	1
	0.344152	0
	1.010644
PRED	O-SSM	31415
	UCLA_2	1
	0.356686	0
	1.274340
PRED	O-SSM	31415
	UCLA_2	1
	0.347348	0
	1.078283
PRED	O-SSM	31415
	UCLA_2	1
	0.376659	0
	1.686243
PRED	O-SSM	31415
	UCLA_2	1
	0.309396	0
	0.253587
PRED	O-SSM	31415
	UCLA_2	1
	0.327576	0
	0.654736
PRED	O-SSM	31415
	UCLA_2	1
	0.323567	0
	0.567321
PRED	O-SSM	31415
	UCLA_2	1
	0.366244	0
	1.472634
PRED	O-SSM	31415
	UCLA_2	1
	0.351485	0
	1.165426
PRED	O-SSM	31415
	UCLA_2	1
	0.319354	0
	0.474819
PRED	O-SSM	31415
	UCLA_2	1
	0.375340	0
	1.659319
PRED	O-SSM	31415
	UCLA_2	1
	0.362126	0
	1.387472
PRED	O-SSM	31415
	UCLA_2	0
	0.318771	0
	0.461973
PRED	O-SSM	31415
	UCLA_2	0
	0.359777	0
	1.338715
PRED	O-SSM	31415
	UCLA_2	0
	0.312466	0
	0.322215
PRED	O-SSM	31415
	UCLA_2	0
	0.333788	0
	0.789148
PRED	O-SSM	31415
	UCLA_2	0
	0.346719	0
	1.064996
PRED	O-SSM	31415
	UCLA_2	0
	0.321815	0
	0.528935
PRED	O-SSM	31415
	UCLA_2	0
	0.363305	0
	1.411895
PRED	O-SSM	31415
	UCLA_2	0
	0.336365	0
	0.844522
PRED	O-SSM	31415
	UCLA_2	0
	0.362305	0
	1.391179
PRED	O-SSM	31415
	UCLA_2	0
	0.397223	0
	2.101423
PRED	O-SSM	31415
	UCLA_2	0
	0.357988	0
	1.301472
PRED	O-SSM	31415
	UCLA_2	0
	0.350853	0
	1.152144
PRED	O-SSM	31415
	UM_2	1
	0.527006	1
	2.330362
PRED	O-SSM	31415
	UM_2	1
	0.513210	1
	1.039074
PRED	O-SSM	31415
	UM_2	1
	0.503390	1
	0.121093
PRED	O-SSM	31415
	UM_2	1
	0.511308	1
	0.861237
PRED	O-SSM	31415
	UM_2	1
	0.518536	1
	1.537220
PRED	O-SSM	31415
	UM_2	1
	0.510492	1
	0.784926
PRED	O-SSM	31415
	UM_2	1
	0.512431	1
	0.966188
PRED	O-SSM	31415
	UM_2	1
	0.509844	1
	0.724291
PRED	O-SSM	31415
	UM_2	1
	0.530038	1
	2.614600
PRED	O-SSM	31415
	UM_2	1
	0.515548	1
	1.257724
PRED	O-SSM	31415
	UM_2	1
	0.507718	1
	0.525571
PRED	O-SSM	31415
	UM_2	1
	0.506397	1
	0.402169
PRED	O-SSM	31415
	UM_2	0
	0.519565	1
	1.633506
PRED	O-SSM	31415
	UM_2	0
	0.507260	1
	0.482779
PRED	O-SSM	31415
	UM_2	0
	0.506003	1
	0.365294
PRED	O-SSM	31415
	UM_2	0
	0.513450	1
	1.061455
PRED	O-SSM	31415
	UM_2	0
	0.516495	1
	1.346300
PRED	O-SSM	31415
	UM_2	0
	0.514501	1
	1.159734
PRED	O-SSM	31415
	UM_2	0
	0.517115	1
	1.404293
PRED	O-SSM	31415
	UM_2	0
	0.513249	1
	1.042720
PRED	O-SSM	31415
	UM_2	0
	0.507869	1
	0.539759
PRED	O-SSM	31415
	UM_2	0
	0.506805	1
	0.440272
PRED	O-SSM	31415
	UM_2	0
	0.512828	1
	1.003308
PRED	O-SSM	31415
	UM_2	0
	0.512153	1
	0.940198
PRED	O-SSM	31415
	OHSU	1
	0.318092	0
	1.093954
PRED	O-SSM	31415
	OHSU	1
	0.361758	0
	0.528349
PRED	O-SSM	31415
	OHSU	1
	0.282997	0
	1.579065
PRED	O-SSM	31415
	OHSU	1
	0.366071	0
	0.474248
PRED	O-SSM	31415
	OHSU	1
	0.347538	0
	0.708753
PRED	O-SSM	31415
	OHSU	1
	0.358246	0
	0.572601
PRED	O-SSM	31415
	OHSU	1
	0.316054	0
	1.121281
PRED	O-SSM	31415
	OHSU	1
	0.327195	0
	0.973011
PRED	O-SSM	31415
	OHSU	1
	0.335012	0
	0.870532
PRED	O-SSM	31415
	OHSU	1
	0.301370	0
	1.321080
PRED	O-SSM	31415
	OHSU	1
	0.302629	0
	1.303742
PRED	O-SSM	31415
	OHSU	1
	0.367618	0
	0.454915
PRED	O-SSM	31415
	OHSU	0
	0.307144	0
	1.241879
PRED	O-SSM	31415
	OHSU	0
	0.281738	0
	1.597113
PRED	O-SSM	31415
	OHSU	0
	0.260512	0
	1.909086
PRED	O-SSM	31415
	OHSU	0
	0.233966	0
	2.323508
PRED	O-SSM	31415
	OHSU	0
	0.400903	0
	0.046284
PRED	O-SSM	31415
	OHSU	0
	0.287152	0
	1.519883
PRED	O-SSM	31415
	OHSU	0
	0.373738	0
	0.378748
PRED	O-SSM	31415
	OHSU	0
	0.308001	0
	1.230195
PRED	O-SSM	31415
	OHSU	0
	0.348944	0
	0.690766
PRED	O-SSM	31415
	OHSU	0
	0.320647	0
	1.059821
PRED	O-SSM	31415
	OHSU	0
	0.336225	0
	0.854739
PRED	O-SSM	31415
	OHSU	0
	0.384230	0
	0.249302
  O-SSM    31415
   acc=50.200000% bal=50.144231% sites=20
/20
 test_n=500
 assoc=1.007495
PRED	O-SSM	27182
	NYU	1
	0.208924	0
	0.271014
PRED	O-SSM	27182
	NYU	1
	0.202240	0
	0.420068
PRED	O-SSM	27182
	NYU	1
	0.201847	0
	0.428942
PRED	O-SSM	27182
	NYU	1
	0.188093	0
	0.748217
PRED	O-SSM	27182
	NYU	1
	0.168287	0
	1.241209
PRED	O-SSM	27182
	NYU	1
	0.179737	0
	0.951007
PRED	O-SSM	27182
	NYU	1
	0.157449	0
	1.530832
PRED	O-SSM	27182
	NYU	1
	0.181225	0
	0.914369
PRED	O-SSM	27182
	NYU	1
	0.199119	0
	0.490933
PRED	O-SSM	27182
	NYU	1
	0.154757	0
	1.605245
PRED	O-SSM	27182
	NYU	1
	0.196405	0
	0.553249
PRED	O-SSM	27182
	NYU	1
	0.168994	0
	1.222857
PRED	O-SSM	27182
	NYU	1
	0.192236	0
	0.650215
PRED	O-SSM	27182
	NYU	0
	0.173872	0
	1.097770
PRED	O-SSM	27182
	NYU	0
	0.191870	0
	0.658811
PRED	O-SSM	27182
	NYU	0
	0.172663	0
	1.128506
PRED	O-SSM	27182
	NYU	0
	0.174181	0
	1.089952
PRED	O-SSM	27182
	NYU	0
	0.199375	0
	0.485101
PRED	O-SSM	27182
	NYU	0
	0.185615	0
	0.807602
PRED	O-SSM	27182
	NYU	0
	0.176631	0
	1.028247
PRED	O-SSM	27182
	NYU	0
	0.160846	0
	1.438376
PRED	O-SSM	27182
	NYU	0
	0.183615	0
	0.855994
PRED	O-SSM	27182
	NYU	0
	0.202891	0
	0.405388
PRED	O-SSM	27182
	NYU	0
	0.209824	0
	0.251196
PRED	O-SSM	27182
	NYU	0
	0.186777	0
	0.779669
PRED	O-SSM	27182
	NYU	0
	0.189682	0
	0.710436
PRED	O-SSM	27182
	UM_1	1
	0.506323	1
	1.714378
PRED	O-SSM	27182
	UM_1	1
	0.498204	0
	1.430148
PRED	O-SSM	27182
	UM_1	1
	0.476740	0
	0.678173
PRED	O-SSM	27182
	UM_1	1
	0.491002	0
	1.177997
PRED	O-SSM	27182
	UM_1	1
	0.464586	0
	0.251172
PRED	O-SSM	27182
	UM_1	1
	0.499436	0
	1.473280
PRED	O-SSM	27182
	UM_1	1
	0.468793	0
	0.399125
PRED	O-SSM	27182
	UM_1	1
	0.477174	0
	0.693387
PRED	O-SSM	27182
	UM_1	1
	0.506526	1
	1.721479
PRED	O-SSM	27182
	UM_1	1
	0.501753	1
	1.554374
PRED	O-SSM	27182
	UM_1	1
	0.497327	0
	1.399449
PRED	O-SSM	27182
	UM_1	1
	0.482739	0
	0.888527
PRED	O-SSM	27182
	UM_1	1
	0.504563	1
	1.652751
PRED	O-SSM	27182
	UM_1	0
	0.489907	0
	1.139629
PRED	O-SSM	27182
	UM_1	0
	0.459391	0
	0.068255
PRED	O-SSM	27182
	UM_1	0
	0.478158	0
	0.727888
PRED	O-SSM	27182
	UM_1	0
	0.471195	0
	0.483526
PRED	O-SSM	27182
	UM_1	0
	0.480634	0
	0.814711
PRED	O-SSM	27182
	UM_1	0
	0.484752	0
	0.959067
PRED	O-SSM	27182
	UM_1	0
	0.499388	0
	1.471587
PRED	O-SSM	27182
	UM_1	0
	0.487051	0
	1.039620
PRED	O-SSM	27182
	UM_1	0
	0.493543	0
	1.266977
PRED	O-SSM	27182
	UM_1	0
	0.503251	1
	1.606838
PRED	O-SSM	27182
	UM_1	0
	0.496919	0
	1.385151
PRED	O-SSM	27182
	UM_1	0
	0.502248	1
	1.571722
PRED	O-SSM	27182
	UM_1	0
	0.465490	0
	0.282985
PRED	O-SSM	27182
	UCLA_1	1
	0.342757	0
	1.298408
PRED	O-SSM	27182
	UCLA_1	1
	0.354392	0
	1.178244
PRED	O-SSM	27182
	UCLA_1	1
	0.303841	0
	1.715954
PRED	O-SSM	27182
	UCLA_1	1
	0.419549	0
	0.532936
PRED	O-SSM	27182
	UCLA_1	1
	0.377414	0
	0.945483
PRED	O-SSM	27182
	UCLA_1	1
	0.370593	0
	1.013809
PRED	O-SSM	27182
	UCLA_1	1
	0.455860	0
	0.186776
PRED	O-SSM	27182
	UCLA_1	1
	0.390324	0
	0.817458
PRED	O-SSM	27182
	UCLA_1	1
	0.339214	0
	1.335385
PRED	O-SSM	27182
	UCLA_1	1
	0.379822	0
	0.921479
PRED	O-SSM	27182
	UCLA_1	1
	0.119602	0
	4.453068
PRED	O-SSM	27182
	UCLA_1	1
	0.400680	0
	0.715875
PRED	O-SSM	27182
	UCLA_1	1
	0.338837	0
	1.339331
PRED	O-SSM	27182
	UCLA_1	0
	0.394577	0
	0.775631
PRED	O-SSM	27182
	UCLA_1	0
	0.363371	0
	1.086718
PRED	O-SSM	27182
	UCLA_1	0
	0.411249	0
	0.613087
PRED	O-SSM	27182
	UCLA_1	0
	0.366788	0
	1.052147
PRED	O-SSM	27182
	UCLA_1	0
	0.424275	0
	0.487493
PRED	O-SSM	27182
	UCLA_1	0
	0.395595	0
	0.765637
PRED	O-SSM	27182
	UCLA_1	0
	0.191533	0
	3.148859
PRED	O-SSM	27182
	UCLA_1	0
	0.318480	0
	1.555755
PRED	O-SSM	27182
	UCLA_1	0
	0.341726	0
	1.309155
PRED	O-SSM	27182
	UCLA_1	0
	0.413512	0
	0.591193
PRED	O-SSM	27182
	UCLA_1	0
	0.357333	0
	1.148145
PRED	O-SSM	27182
	UCLA_1	0
	0.376290	0
	0.956709
PRED	O-SSM	27182
	UCLA_1	0
	0.423959	0
	0.490528
PRED	O-SSM	27182
	YALE	1
	0.211561	0
	0.882997
PRED	O-SSM	27182
	YALE	1
	0.239085	0
	0.721013
PRED	O-SSM	27182
	YALE	1
	0.224382	0
	0.805786
PRED	O-SSM	27182
	YALE	1
	0.107158	0
	1.708682
PRED	O-SSM	27182
	YALE	1
	0.357159	0
	0.136058
PRED	O-SSM	27182
	YALE	1
	0.112198	0
	1.655711
PRED	O-SSM	27182
	YALE	1
	0.173051	0
	1.138140
PRED	O-SSM	27182
	YALE	1
	0.215152	0
	0.861036
PRED	O-SSM	27182
	YALE	1
	0.262389	0
	0.593638
PRED	O-SSM	27182
	YALE	1
	0.142830	0
	1.371941
PRED	O-SSM	27182
	YALE	1
	0.248501	0
	0.668588
PRED	O-SSM	27182
	YALE	1
	0.220527	0
	0.828659
PRED	O-SSM	27182
	YALE	1
	0.249974	0
	0.660509
PRED	O-SSM	27182
	YALE	0
	0.342895	0
	0.200410
PRED	O-SSM	27182
	YALE	0
	0.265205	0
	0.578756
PRED	O-SSM	27182
	YALE	0
	0.194654	0
	0.990245
PRED	O-SSM	27182
	YALE	0
	0.363108	0
	0.109563
PRED	O-SSM	27182
	YALE	0
	0.048653	0
	2.584147
PRED	O-SSM	27182
	YALE	0
	0.029184	0
	3.129451
PRED	O-SSM	27182
	YALE	0
	0.244580	0
	0.690253
PRED	O-SSM	27182
	YALE	0
	0.273433	0
	0.535845
PRED	O-SSM	27182
	YALE	0
	0.173213	0
	1.136975
PRED	O-SSM	27182
	YALE	0
	0.096219	0
	1.831690
PRED	O-SSM	27182
	YALE	0
	0.022480	0
	3.404374
PRED	O-SSM	27182
	YALE	0
	0.194431	0
	0.991709
PRED	O-SSM	27182
	YALE	0
	0.177952	0
	1.103379
PRED	O-SSM	27182
	PITT	1
	0.649856	1
	1.266158
PRED	O-SSM	27182
	PITT	1
	0.771164	1
	1.914059
PRED	O-SSM	27182
	PITT	1
	0.582112	1
	0.954469
PRED	O-SSM	27182
	PITT	1
	0.670171	1
	1.364515
PRED	O-SSM	27182
	PITT	1
	0.542895	1
	0.781278
PRED	O-SSM	27182
	PITT	1
	0.695729	1
	1.492773
PRED	O-SSM	27182
	PITT	1
	0.437659	0
	0.322175
PRED	O-SSM	27182
	PITT	1
	0.600864	1
	1.038775
PRED	O-SSM	27182
	PITT	1
	0.659281	1
	1.311434
PRED	O-SSM	27182
	PITT	1
	0.596396	1
	1.018575
PRED	O-SSM	27182
	PITT	1
	0.639664	1
	1.217823
PRED	O-SSM	27182
	PITT	1
	0.519822	1
	0.680616
PRED	O-SSM	27182
	PITT	1
	0.409108	0
	0.195106
PRED	O-SSM	27182
	PITT	0
	0.580000	1
	0.945045
PRED	O-SSM	27182
	PITT	0
	0.574149	1
	0.919003
PRED	O-SSM	27182
	PITT	0
	0.583852	1
	0.962239
PRED	O-SSM	27182
	PITT	0
	0.566641	1
	0.885724
PRED	O-SSM	27182
	PITT	0
	0.548008	1
	0.803678
PRED	O-SSM	27182
	PITT	0
	0.516785	1
	0.667406
PRED	O-SSM	27182
	PITT	0
	0.505379	1
	0.617823
PRED	O-SSM	27182
	PITT	0
	0.681805	1
	1.422212
PRED	O-SSM	27182
	PITT	0
	0.661605	1
	1.322693
PRED	O-SSM	27182
	PITT	0
	0.718482	1
	1.612149
PRED	O-SSM	27182
	PITT	0
	0.571805	1
	0.908596
PRED	O-SSM	27182
	PITT	0
	0.659464	1
	1.312319
PRED	O-SSM	27182
	PITT	0
	0.773577	1
	1.928964
PRED	O-SSM	27182
	USM	1
	0.677315	1
	0.337407
PRED	O-SSM	27182
	USM	1
	0.564931	1
	0.746290
PRED	O-SSM	27182
	USM	1
	0.686133	1
	0.302803
PRED	O-SSM	27182
	USM	1
	0.259979	0
	1.859277
PRED	O-SSM	27182
	USM	1
	0.479345	0
	1.039051
PRED	O-SSM	27182
	USM	1
	0.291193	0
	1.726054
PRED	O-SSM	27182
	USM	1
	0.621835	1
	0.545242
PRED	O-SSM	27182
	USM	1
	0.449441	0
	1.141438
PRED	O-SSM	27182
	USM	1
	0.396554	0
	1.326114
PRED	O-SSM	27182
	USM	1
	0.566657	1
	0.740308
PRED	O-SSM	27182
	USM	1
	0.656828	1
	0.415961
PRED	O-SSM	27182
	USM	1
	0.664045	1
	0.388564
PRED	O-SSM	27182
	USM	1
	0.391045	0
	1.345764
PRED	O-SSM	27182
	USM	0
	0.694757	1
	0.268450
PRED	O-SSM	27182
	USM	0
	0.558291	1
	0.769250
PRED	O-SSM	27182
	USM	0
	0.295390	0
	1.708813
PRED	O-SSM	27182
	USM	0
	0.648877	1
	0.445832
PRED	O-SSM	27182
	USM	0
	0.489375	0
	1.004857
PRED	O-SSM	27182
	USM	0
	0.447657	0
	1.147578
PRED	O-SSM	27182
	USM	0
	0.334138	0
	1.555718
PRED	O-SSM	27182
	USM	0
	0.386546	0
	1.361880
PRED	O-SSM	27182
	USM	0
	0.718434	1
	0.171175
PRED	O-SSM	27182
	USM	0
	0.709990	1
	0.206399
PRED	O-SSM	27182
	USM	0
	0.510295	1
	0.933605
PRED	O-SSM	27182
	USM	0
	0.647732	1
	0.450108
PRED	O-SSM	27182
	USM	0
	0.587547	1
	0.667422
PRED	O-SSM	27182
	MAX_MUN	1
	0.286642	0
	0.177502
PRED	O-SSM	27182
	MAX_MUN	1
	0.249393	0
	0.692281
PRED	O-SSM	27182
	MAX_MUN	1
	0.175085	0
	1.905835
PRED	O-SSM	27182
	MAX_MUN	1
	0.258951	0
	0.555733
PRED	O-SSM	27182
	MAX_MUN	1
	0.208577	0
	1.319615
PRED	O-SSM	27182
	MAX_MUN	1
	0.162789	0
	2.143092
PRED	O-SSM	27182
	MAX_MUN	1
	0.256283	0
	0.593515
PRED	O-SSM	27182
	MAX_MUN	1
	0.249442	0
	0.691564
PRED	O-SSM	27182
	MAX_MUN	1
	0.213533	0
	1.239021
PRED	O-SSM	27182
	MAX_MUN	1
	0.287951	0
	0.160181
PRED	O-SSM	27182
	MAX_MUN	1
	0.198042	0
	1.495787
PRED	O-SSM	27182
	MAX_MUN	1
	0.215722	0
	1.203855
PRED	O-SSM	27182
	MAX_MUN	1
	0.173436	0
	1.936879
PRED	O-SSM	27182
	MAX_MUN	0
	0.228660	0
	1.001095
PRED	O-SSM	27182
	MAX_MUN	0
	0.234007	0
	0.919661
PRED	O-SSM	27182
	MAX_MUN	0
	0.199494	0
	1.471090
PRED	O-SSM	27182
	MAX_MUN	0
	0.254259	0
	0.622337
PRED	O-SSM	27182
	MAX_MUN	0
	0.199674	0
	1.468038
PRED	O-SSM	27182
	MAX_MUN	0
	0.162995	0
	2.138995
PRED	O-SSM	27182
	MAX_MUN	0
	0.202053	0
	1.427906
PRED	O-SSM	27182
	MAX_MUN	0
	0.247150	0
	0.724826
PRED	O-SSM	27182
	MAX_MUN	0
	0.167783	0
	2.045059
PRED	O-SSM	27182
	MAX_MUN	0
	0.190078	0
	1.633682
PRED	O-SSM	27182
	MAX_MUN	0
	0.204456	0
	1.387723
PRED	O-SSM	27182
	MAX_MUN	0
	0.174771	0
	1.911727
PRED	O-SSM	27182
	MAX_MUN	0
	0.210840	0
	1.282642
PRED	O-SSM	27182
	TRINITY	1
	0.507335	1
	1.222509
PRED	O-SSM	27182
	TRINITY	1
	0.503991	1
	0.754403
PRED	O-SSM	27182
	TRINITY	1
	0.510546	1
	1.672228
PRED	O-SSM	27182
	TRINITY	1
	0.510547	1
	1.672307
PRED	O-SSM	27182
	TRINITY	1
	0.505183	1
	0.921338
PRED	O-SSM	27182
	TRINITY	1
	0.506881	1
	1.159026
PRED	O-SSM	27182
	TRINITY	1
	0.507717	1
	1.276044
PRED	O-SSM	27182
	TRINITY	1
	0.504629	1
	0.843777
PRED	O-SSM	27182
	TRINITY	1
	0.506907	1
	1.162685
PRED	O-SSM	27182
	TRINITY	1
	0.506859	1
	1.155917
PRED	O-SSM	27182
	TRINITY	1
	0.510778	1
	1.704723
PRED	O-SSM	27182
	TRINITY	1
	0.507985	1
	1.313595
PRED	O-SSM	27182
	TRINITY	1
	0.513370	1
	2.067703
PRED	O-SSM	27182
	TRINITY	0
	0.502791	1
	0.586489
PRED	O-SSM	27182
	TRINITY	0
	0.502873	1
	0.597847
PRED	O-SSM	27182
	TRINITY	0
	0.508506	1
	1.386527
PRED	O-SSM	27182
	TRINITY	0
	0.503798	1
	0.727407
PRED	O-SSM	27182
	TRINITY	0
	0.502211	1
	0.505272
PRED	O-SSM	27182
	TRINITY	0
	0.506942	1
	1.167577
PRED	O-SSM	27182
	TRINITY	0
	0.501570	1
	0.415453
PRED	O-SSM	27182
	TRINITY	0
	0.507639	1
	1.265069
PRED	O-SSM	27182
	TRINITY	0
	0.501609	1
	0.420948
PRED	O-SSM	27182
	TRINITY	0
	0.507264	1
	1.212571
PRED	O-SSM	27182
	TRINITY	0
	0.512085	1
	1.887723
PRED	O-SSM	27182
	TRINITY	0
	0.502596	1
	0.559111
PRED	O-SSM	27182
	TRINITY	0
	0.506210	1
	1.065080
PRED	O-SSM	27182
	KKI	1
	0.655529	1
	1.388567
PRED	O-SSM	27182
	KKI	1
	0.631997	1
	1.270134
PRED	O-SSM	27182
	KKI	1
	0.606974	1
	1.147612
PRED	O-SSM	27182
	KKI	1
	0.648764	1
	1.354156
PRED	O-SSM	27182
	KKI	1
	0.501974	1
	0.655235
PRED	O-SSM	27182
	KKI	1
	0.560953	1
	0.928859
PRED	O-SSM	27182
	KKI	1
	0.614642	1
	1.184830
PRED	O-SSM	27182
	KKI	1
	0.741031	1
	1.859235
PRED	O-SSM	27182
	KKI	1
	0.740321	1
	1.854971
PRED	O-SSM	27182
	KKI	1
	0.553022	1
	0.891773
PRED	O-SSM	27182
	KKI	1
	0.755773	1
	1.949594
PRED	O-SSM	27182
	KKI	1
	0.476142	0
	0.535921
PRED	O-SSM	27182
	KKI	1
	0.421772	0
	0.282071
PRED	O-SSM	27182
	KKI	0
	0.677620	1
	1.503288
PRED	O-SSM	27182
	KKI	0
	0.640053	1
	1.310290
PRED	O-SSM	27182
	KKI	0
	0.843860	1
	2.592981
PRED	O-SSM	27182
	KKI	0
	0.804462	1
	2.278188
PRED	O-SSM	27182
	KKI	0
	0.577486	1
	1.006666
PRED	O-SSM	27182
	KKI	0
	0.441232	0
	0.373618
PRED	O-SSM	27182
	KKI	0
	0.701877	1
	1.634134
PRED	O-SSM	27182
	KKI	0
	0.551334	1
	0.883895
PRED	O-SSM	27182
	KKI	0
	0.450186	0
	0.415442
PRED	O-SSM	27182
	KKI	0
	0.446035	0
	0.396073
PRED	O-SSM	27182
	KKI	0
	0.573651	1
	0.988553
PRED	O-SSM	27182
	KKI	0
	0.522627	1
	0.750631
PRED	O-SSM	27182
	KKI	0
	0.704009	1
	1.645915
PRED	O-SSM	27182
	STANFORD	1
	0.355443	0
	1.889997
PRED	O-SSM	27182
	STANFORD	1
	0.397111	0
	1.007882
PRED	O-SSM	27182
	STANFORD	1
	0.286316	0
	3.469431
PRED	O-SSM	27182
	STANFORD	1
	0.388842	0
	1.179987
PRED	O-SSM	27182
	STANFORD	1
	0.367360	0
	1.633621
PRED	O-SSM	27182
	STANFORD	1
	0.367122	0
	1.638716
PRED	O-SSM	27182
	STANFORD	1
	0.422743	0
	0.481673
PRED	O-SSM	27182
	STANFORD	1
	0.407528	0
	0.792811
PRED	O-SSM	27182
	STANFORD	1
	0.378694	0
	1.393025
PRED	O-SSM	27182
	STANFORD	1
	0.390446	0
	1.146494
PRED	O-SSM	27182
	STANFORD	1
	0.379012	0
	1.386310
PRED	O-SSM	27182
	STANFORD	1
	0.431105	0
	0.311995
PRED	O-SSM	27182
	STANFORD	1
	0.430480	0
	0.324641
PRED	O-SSM	27182
	STANFORD	0
	0.414647	0
	0.646819
PRED	O-SSM	27182
	STANFORD	0
	0.405295	0
	0.838762
PRED	O-SSM	27182
	STANFORD	0
	0.432423	0
	0.285329
PRED	O-SSM	27182
	STANFORD	0
	0.416303	0
	0.612955
PRED	O-SSM	27182
	STANFORD	0
	0.385370	0
	1.252636
PRED	O-SSM	27182
	STANFORD	0
	0.392914	0
	1.095074
PRED	O-SSM	27182
	STANFORD	0
	0.443834	0
	0.055180
PRED	O-SSM	27182
	STANFORD	0
	0.396683	0
	1.016772
PRED	O-SSM	27182
	STANFORD	0
	0.358671	0
	1.820177
PRED	O-SSM	27182
	STANFORD	0
	0.429522	0
	0.344057
PRED	O-SSM	27182
	STANFORD	0
	0.415844	0
	0.622347
PRED	O-SSM	27182
	STANFORD	0
	0.380179	0
	1.361715
PRED	O-SSM	27182
	STANFORD	0
	0.402845	0
	0.889278
PRED	O-SSM	27182
	CALTECH	1
	0.404243	0
	0.472512
PRED	O-SSM	27182
	CALTECH	1
	0.390310	0
	0.571668
PRED	O-SSM	27182
	CALTECH	1
	0.429544	0
	0.295121
PRED	O-SSM	27182
	CALTECH	1
	0.409823	0
	0.433114
PRED	O-SSM	27182
	CALTECH	1
	0.279666	0
	1.423820
PRED	O-SSM	27182
	CALTECH	1
	0.299589	0
	1.258774
PRED	O-SSM	27182
	CALTECH	1
	0.399812	0
	0.503916
PRED	O-SSM	27182
	CALTECH	1
	0.266377	0
	1.537921
PRED	O-SSM	27182
	CALTECH	1
	0.449894	0
	0.154354
PRED	O-SSM	27182
	CALTECH	1
	0.140310	0
	2.900450
PRED	O-SSM	27182
	CALTECH	1
	0.378110	0
	0.659535
PRED	O-SSM	27182
	CALTECH	1
	0.416489	0
	0.386268
PRED	O-SSM	27182
	CALTECH	0
	0.314381	0
	1.140284
PRED	O-SSM	27182
	CALTECH	0
	0.346277	0
	0.894451
PRED	O-SSM	27182
	CALTECH	0
	0.450871	0
	0.147632
PRED	O-SSM	27182
	CALTECH	0
	0.367883	0
	0.734050
PRED	O-SSM	27182
	CALTECH	0
	0.318699	0
	1.106274
PRED	O-SSM	27182
	CALTECH	0
	0.305930	0
	1.207589
PRED	O-SSM	27182
	CALTECH	0
	0.235076	0
	1.822116
PRED	O-SSM	27182
	CALTECH	0
	0.440616	0
	0.218363
PRED	O-SSM	27182
	CALTECH	0
	0.411130	0
	0.423914
PRED	O-SSM	27182
	CALTECH	0
	0.267797	0
	1.525564
PRED	O-SSM	27182
	CALTECH	0
	0.237929	0
	1.795194
PRED	O-SSM	27182
	CALTECH	0
	0.426466	0
	0.316546
PRED	O-SSM	27182
	LEUVEN_2	1
	0.418185	0
	1.450650
PRED	O-SSM	27182
	LEUVEN_2	1
	0.456277	0
	0.961255
PRED	O-SSM	27182
	LEUVEN_2	1
	0.517490	1
	0.186093
PRED	O-SSM	27182
	LEUVEN_2	1
	0.397717	0
	1.718460
PRED	O-SSM	27182
	LEUVEN_2	1
	0.485457	0
	0.591092
PRED	O-SSM	27182
	LEUVEN_2	1
	0.441449	0
	1.150650
PRED	O-SSM	27182
	LEUVEN_2	1
	0.443583	0
	1.123317
PRED	O-SSM	27182
	LEUVEN_2	1
	0.479006	0
	0.672731
PRED	O-SSM	27182
	LEUVEN_2	1
	0.409039	0
	1.569799
PRED	O-SSM	27182
	LEUVEN_2	1
	0.442620	0
	1.135656
PRED	O-SSM	27182
	LEUVEN_2	1
	0.481848	0
	0.636749
PRED	O-SSM	27182
	LEUVEN_2	1
	0.442780	0
	1.133598
PRED	O-SSM	27182
	LEUVEN_2	0
	0.439825	0
	1.171466
PRED	O-SSM	27182
	LEUVEN_2	0
	0.418626	0
	1.444914
PRED	O-SSM	27182
	LEUVEN_2	0
	0.491430	0
	0.515558
PRED	O-SSM	27182
	LEUVEN_2	0
	0.433452	0
	1.253336
PRED	O-SSM	27182
	LEUVEN_2	0
	0.507467	1
	0.312856
PRED	O-SSM	27182
	LEUVEN_2	0
	0.513502	1
	0.236541
PRED	O-SSM	27182
	LEUVEN_2	0
	0.443505	0
	1.124314
PRED	O-SSM	27182
	LEUVEN_2	0
	0.493788	0
	0.485743
PRED	O-SSM	27182
	LEUVEN_2	0
	0.500362	1
	0.402665
PRED	O-SSM	27182
	LEUVEN_2	0
	0.456661	0
	0.956363
PRED	O-SSM	27182
	LEUVEN_2	0
	0.446352	0
	1.087897
PRED	O-SSM	27182
	LEUVEN_2	0
	0.474448	0
	0.730459
PRED	O-SSM	27182
	OLIN	1
	0.630989	1
	0.908385
PRED	O-SSM	27182
	OLIN	1
	0.525458	1
	0.179277
PRED	O-SSM	27182
	OLIN	1
	0.527117	1
	0.190440
PRED	O-SSM	27182
	OLIN	1
	0.556683	1
	0.390341
PRED	O-SSM	27182
	OLIN	1
	0.544533	1
	0.307946
PRED	O-SSM	27182
	OLIN	1
	0.540431	1
	0.280216
PRED	O-SSM	27182
	OLIN	1
	0.590222	1
	0.620496
PRED	O-SSM	27182
	OLIN	1
	0.657451	1
	1.102166
PRED	O-SSM	27182
	OLIN	1
	0.600397	1
	0.691361
PRED	O-SSM	27182
	OLIN	1
	0.530926	1
	0.216096
PRED	O-SSM	27182
	OLIN	1
	0.518772	1
	0.134314
PRED	O-SSM	27182
	OLIN	1
	0.733538	1
	1.707359
PRED	O-SSM	27182
	OLIN	0
	0.711799	1
	1.525295
PRED	O-SSM	27182
	OLIN	0
	0.532029	1
	0.223525
PRED	O-SSM	27182
	OLIN	0
	0.649263	1
	1.041502
PRED	O-SSM	27182
	OLIN	0
	0.554238	1
	0.373725
PRED	O-SSM	27182
	OLIN	0
	0.641375	1
	0.983676
PRED	O-SSM	27182
	OLIN	0
	0.531605	1
	0.220667
PRED	O-SSM	27182
	OLIN	0
	0.557894	1
	0.398573
PRED	O-SSM	27182
	OLIN	0
	0.713639	1
	1.540377
PRED	O-SSM	27182
	OLIN	0
	0.653841	1
	1.075337
PRED	O-SSM	27182
	OLIN	0
	0.715030	1
	1.551811
PRED	O-SSM	27182
	OLIN	0
	0.592547	1
	0.636639
PRED	O-SSM	27182
	OLIN	0
	0.625479	1
	0.868797
PRED	O-SSM	27182
	SBL	1
	0.614961	1
	1.579640
PRED	O-SSM	27182
	SBL	1
	0.625030	1
	1.413515
PRED	O-SSM	27182
	SBL	1
	0.636819	1
	1.216707
PRED	O-SSM	27182
	SBL	1
	0.621041	1
	1.479526
PRED	O-SSM	27182
	SBL	1
	0.697442	1
	0.153353
PRED	O-SSM	27182
	SBL	1
	0.655854	1
	0.892959
PRED	O-SSM	27182
	SBL	1
	0.650131	1
	0.991141
PRED	O-SSM	27182
	SBL	1
	0.645649	1
	1.067511
PRED	O-SSM	27182
	SBL	1
	0.657497	1
	0.864635
PRED	O-SSM	27182
	SBL	1
	0.648426	1
	1.020236
PRED	O-SSM	27182
	SBL	1
	0.673846	1
	0.579045
PRED	O-SSM	27182
	SBL	1
	0.643139	1
	1.110086
PRED	O-SSM	27182
	SBL	0
	0.633084	1
	1.279349
PRED	O-SSM	27182
	SBL	0
	0.672985	1
	0.594259
PRED	O-SSM	27182
	SBL	0
	0.693878	1
	0.218790
PRED	O-SSM	27182
	SBL	0
	0.617640	1
	1.535610
PRED	O-SSM	27182
	SBL	0
	0.653377	1
	0.935546
PRED	O-SSM	27182
	SBL	0
	0.685658	1
	0.368116
PRED	O-SSM	27182
	SBL	0
	0.652450	1
	0.951445
PRED	O-SSM	27182
	SBL	0
	0.672460	1
	0.603525
PRED	O-SSM	27182
	SBL	0
	0.652646	1
	0.948090
PRED	O-SSM	27182
	SBL	0
	0.673739	1
	0.580936
PRED	O-SSM	27182
	SBL	0
	0.652669	1
	0.947694
PRED	O-SSM	27182
	SBL	0
	0.629333	1
	1.341975
PRED	O-SSM	27182
	LEUVEN_1	1
	0.406416	0
	0.970831
PRED	O-SSM	27182
	LEUVEN_1	1
	0.505065	1
	0.635884
PRED	O-SSM	27182
	LEUVEN_1	1
	0.280586	0
	1.443177
PRED	O-SSM	27182
	LEUVEN_1	1
	0.340070	0
	1.209360
PRED	O-SSM	27182
	LEUVEN_1	1
	0.446656	0
	0.832668
PRED	O-SSM	27182
	LEUVEN_1	1
	0.304911	0
	1.344526
PRED	O-SSM	27182
	LEUVEN_1	1
	0.646264	1
	0.147052
PRED	O-SSM	27182
	LEUVEN_1	1
	0.457051	0
	0.797440
PRED	O-SSM	27182
	LEUVEN_1	1
	0.511387	1
	0.614652
PRED	O-SSM	27182
	LEUVEN_1	1
	0.487208	0
	0.695845
PRED	O-SSM	27182
	LEUVEN_1	1
	0.458560	0
	0.792336
PRED	O-SSM	27182
	LEUVEN_1	1
	0.108813	0
	2.417960
PRED	O-SSM	27182
	LEUVEN_1	0
	0.211616	0
	1.756802
PRED	O-SSM	27182
	LEUVEN_1	0
	0.380712	0
	1.061253
PRED	O-SSM	27182
	LEUVEN_1	0
	0.539335	1
	0.520553
PRED	O-SSM	27182
	LEUVEN_1	0
	0.405140	0
	0.975273
PRED	O-SSM	27182
	LEUVEN_1	0
	0.178139	0
	1.936250
PRED	O-SSM	27182
	LEUVEN_1	0
	0.166148	0
	2.006897
PRED	O-SSM	27182
	LEUVEN_1	0
	0.542858	1
	0.508645
PRED	O-SSM	27182
	LEUVEN_1	0
	0.472159	0
	0.746458
PRED	O-SSM	27182
	LEUVEN_1	0
	0.480613	0
	0.718009
PRED	O-SSM	27182
	LEUVEN_1	0
	0.535984	1
	0.531867
PRED	O-SSM	27182
	LEUVEN_1	0
	0.541189	1
	0.514288
PRED	O-SSM	27182
	LEUVEN_1	0
	0.635869	1
	0.184971
PRED	O-SSM	27182
	SDSU	1
	0.700697	1
	0.404320
PRED	O-SSM	27182
	SDSU	1
	0.712584	1
	0.667566
PRED	O-SSM	27182
	SDSU	1
	0.709427	1
	0.597027
PRED	O-SSM	27182
	SDSU	1
	0.709040	1
	0.588408
PRED	O-SSM	27182
	SDSU	1
	0.751098	1
	1.569586
PRED	O-SSM	27182
	SDSU	1
	0.758825	1
	1.761329
PRED	O-SSM	27182
	SDSU	1
	0.695926	1
	0.300372
PRED	O-SSM	27182
	SDSU	1
	0.711371	1
	0.640399
PRED	O-SSM	27182
	SDSU	1
	0.740845	1
	1.321203
PRED	O-SSM	27182
	SDSU	1
	0.738249	1
	1.259349
PRED	O-SSM	27182
	SDSU	1
	0.721970	1
	0.880021
PRED	O-SSM	27182
	SDSU	1
	0.745955	1
	1.444177
PRED	O-SSM	27182
	SDSU	0
	0.750492	1
	1.554715
PRED	O-SSM	27182
	SDSU	0
	0.743184	1
	1.377302
PRED	O-SSM	27182
	SDSU	0
	0.687783	1
	0.125027
PRED	O-SSM	27182
	SDSU	0
	0.782267	1
	2.370359
PRED	O-SSM	27182
	SDSU	0
	0.723145	1
	0.906932
PRED	O-SSM	27182
	SDSU	0
	0.731241	1
	1.094273
PRED	O-SSM	27182
	SDSU	0
	0.717502	1
	0.778344
PRED	O-SSM	27182
	SDSU	0
	0.754333	1
	1.649371
PRED	O-SSM	27182
	SDSU	0
	0.736260	1
	1.212206
PRED	O-SSM	27182
	SDSU	0
	0.749981	1
	1.542202
PRED	O-SSM	27182
	SDSU	0
	0.718616	1
	0.803605
PRED	O-SSM	27182
	SDSU	0
	0.731052	1
	1.089851
PRED	O-SSM	27182
	CMU	1
	0.259380	0
	1.370576
PRED	O-SSM	27182
	CMU	1
	0.363575	0
	0.121147
PRED	O-SSM	27182
	CMU	1
	0.354933	0
	0.217018
PRED	O-SSM	27182
	CMU	1
	0.345893	0
	0.318430
PRED	O-SSM	27182
	CMU	1
	0.295608	0
	0.908680
PRED	O-SSM	27182
	CMU	1
	0.347572	0
	0.299500
PRED	O-SSM	27182
	CMU	1
	0.369430	0
	0.056759
PRED	O-SSM	27182
	CMU	1
	0.274660	0
	1.171192
PRED	O-SSM	27182
	CMU	1
	0.316388	0
	0.658754
PRED	O-SSM	27182
	CMU	1
	0.300739	0
	0.846066
PRED	O-SSM	27182
	CMU	1
	0.356182	0
	0.203104
PRED	O-SSM	27182
	CMU	1
	0.350288	0
	0.268970
PRED	O-SSM	27182
	CMU	0
	0.324352	0
	0.565354
PRED	O-SSM	27182
	CMU	0
	0.321028	0
	0.604180
PRED	O-SSM	27182
	CMU	0
	0.361154	0
	0.147901
PRED	O-SSM	27182
	CMU	0
	0.307113	0
	0.769136
PRED	O-SSM	27182
	CMU	0
	0.278214	0
	1.125812
PRED	O-SSM	27182
	CMU	0
	0.327110	0
	0.533283
PRED	O-SSM	27182
	CMU	0
	0.253204	0
	1.453318
PRED	O-SSM	27182
	CMU	0
	0.281024	0
	1.090197
PRED	O-SSM	27182
	CMU	0
	0.303229	0
	0.815911
PRED	O-SSM	27182
	CMU	0
	0.291912	0
	0.954173
PRED	O-SSM	27182
	CMU	0
	0.326236	0
	0.543427
PRED	O-SSM	27182
	CMU	0
	0.270659	0
	1.222706
PRED	O-SSM	27182
	UCLA_2	1
	0.260945	0
	1.309230
PRED	O-SSM	27182
	UCLA_2	1
	0.294602	0
	0.590555
PRED	O-SSM	27182
	UCLA_2	1
	0.276493	0
	0.970541
PRED	O-SSM	27182
	UCLA_2	1
	0.259158	0
	1.348955
PRED	O-SSM	27182
	UCLA_2	1
	0.313329	0
	0.211644
PRED	O-SSM	27182
	UCLA_2	1
	0.275921	0
	0.982774
PRED	O-SSM	27182
	UCLA_2	1
	0.297368	0
	0.533738
PRED	O-SSM	27182
	UCLA_2	1
	0.246582	0
	1.633889
PRED	O-SSM	27182
	UCLA_2	1
	0.266138	0
	1.194709
PRED	O-SSM	27182
	UCLA_2	1
	0.296454	0
	0.552488
PRED	O-SSM	27182
	UCLA_2	1
	0.260045	0
	1.329226
PRED	O-SSM	27182
	UCLA_2	1
	0.251185	0
	1.528518
PRED	O-SSM	27182
	UCLA_2	0
	0.305669	0
	0.365050
PRED	O-SSM	27182
	UCLA_2	0
	0.287408	0
	0.739776
PRED	O-SSM	27182
	UCLA_2	0
	0.305681	0
	0.364807
PRED	O-SSM	27182
	UCLA_2	0
	0.296179	0
	0.558128
PRED	O-SSM	27182
	UCLA_2	0
	0.261216	0
	1.303211
PRED	O-SSM	27182
	UCLA_2	0
	0.298962	0
	0.501138
PRED	O-SSM	27182
	UCLA_2	0
	0.234683	0
	1.912626
PRED	O-SSM	27182
	UCLA_2	0
	0.290860	0
	0.667897
PRED	O-SSM	27182
	UCLA_2	0
	0.268699	0
	1.138772
PRED	O-SSM	27182
	UCLA_2	0
	0.227643	0
	2.082146
PRED	O-SSM	27182
	UCLA_2	0
	0.242235	0
	1.734634
PRED	O-SSM	27182
	UCLA_2	0
	0.258350	0
	1.366996
PRED	O-SSM	27182
	UM_2	1
	0.172603	0
	3.473311
PRED	O-SSM	27182
	UM_2	1
	0.225575	0
	1.256306
PRED	O-SSM	27182
	UM_2	1
	0.256932	0
	0.117345
PRED	O-SSM	27182
	UM_2	1
	0.240514	0
	0.701058
PRED	O-SSM	27182
	UM_2	1
	0.229172	0
	1.120313
PRED	O-SSM	27182
	UM_2	1
	0.242203	0
	0.639795
PRED	O-SSM	27182
	UM_2	1
	0.235779	0
	0.874370
PRED	O-SSM	27182
	UM_2	1
	0.252364	0
	0.277184
PRED	O-SSM	27182
	UM_2	1
	0.215794	0
	1.634051
PRED	O-SSM	27182
	UM_2	1
	0.227931	0
	1.167056
PRED	O-SSM	27182
	UM_2	1
	0.243153	0
	0.605455
PRED	O-SSM	27182
	UM_2	1
	0.245147	0
	0.533694
PRED	O-SSM	27182
	UM_2	0
	0.218700	0
	1.520552
PRED	O-SSM	27182
	UM_2	0
	0.248954	0
	0.397789
PRED	O-SSM	27182
	UM_2	0
	0.250459	0
	0.344407
PRED	O-SSM	27182
	UM_2	0
	0.230979	0
	1.052546
PRED	O-SSM	27182
	UM_2	0
	0.232060	0
	1.012199
PRED	O-SSM	27182
	UM_2	0
	0.237205	0
	0.821912
PRED	O-SSM	27182
	UM_2	0
	0.225839	0
	1.246266
PRED	O-SSM	27182
	UM_2	0
	0.237429	0
	0.813719
PRED	O-SSM	27182
	UM_2	0
	0.245242	0
	0.530270
PRED	O-SSM	27182
	UM_2	0
	0.251073	0
	0.322708
PRED	O-SSM	27182
	UM_2	0
	0.238547	0
	0.772758
PRED	O-SSM	27182
	UM_2	0
	0.236529	0
	0.846757
PRED	O-SSM	27182
	OHSU	1
	0.419113	0
	1.029934
PRED	O-SSM	27182
	OHSU	1
	0.443929	0
	0.898524
PRED	O-SSM	27182
	OHSU	1
	0.389285	0
	1.190848
PRED	O-SSM	27182
	OHSU	1
	0.443349	0
	0.901573
PRED	O-SSM	27182
	OHSU	1
	0.471776	0
	0.752786
PRED	O-SSM	27182
	OHSU	1
	0.521126	1
	0.496195
PRED	O-SSM	27182
	OHSU	1
	0.425380	0
	0.996566
PRED	O-SSM	27182
	OHSU	1
	0.446570	0
	0.884634
PRED	O-SSM	27182
	OHSU	1
	0.421664	0
	1.016335
PRED	O-SSM	27182
	OHSU	1
	0.372131	0
	1.285350
PRED	O-SSM	27182
	OHSU	1
	0.295593	0
	1.733783
PRED	O-SSM	27182
	OHSU	1
	0.524280	1
	0.479780
PRED	O-SSM	27182
	OHSU	0
	0.358260	0
	1.363064
PRED	O-SSM	27182
	OHSU	0
	0.294787	0
	1.738813
PRED	O-SSM	27182
	OHSU	0
	0.229119	0
	2.181735
PRED	O-SSM	27182
	OHSU	0
	0.150693	0
	2.851723
PRED	O-SSM	27182
	OHSU	0
	0.606848	1
	0.042260
PRED	O-SSM	27182
	OHSU	0
	0.408346	0
	1.087583
PRED	O-SSM	27182
	OHSU	0
	0.542216	1
	0.386177
PRED	O-SSM	27182
	OHSU	0
	0.411913	0
	1.068437
PRED	O-SSM	27182
	OHSU	0
	0.460690	0
	0.810640
PRED	O-SSM	27182
	OHSU	0
	0.381686	0
	1.232508
PRED	O-SSM	27182
	OHSU	0
	0.441226	0
	0.912749
PRED	O-SSM	27182
	OHSU	0
	0.569799	1
	0.241030
  O-SSM    27182
   acc=49.000000% bal=48.958333% sites=20
/20
 test_n=500
 assoc=0.999559
PRED	H-SSM	55555
	NYU	1
	0.686117	1
	0.000000
PRED	H-SSM	55555
	NYU	1
	0.686117	1
	0.000000
PRED	H-SSM	55555
	NYU	1
	0.686117	1
	0.000000
PRED	H-SSM	55555
	NYU	1
	0.686117	1
	0.000000
PRED	H-SSM	55555
	NYU	1
	0.686117	1
	0.000000
PRED	H-SSM	55555
	NYU	1
	0.686117	1
	0.000000
PRED	H-SSM	55555
	NYU	1
	0.686117	1
	0.000000
PRED	H-SSM	55555
	NYU	1
	0.686117	1
	0.000000
PRED	H-SSM	55555
	NYU	1
	0.686117	1
	0.000000
PRED	H-SSM	55555
	NYU	1
	0.686117	1
	0.000000
PRED	H-SSM	55555
	NYU	1
	0.686117	1
	0.000000
PRED	H-SSM	55555
	NYU	1
	0.686117	1
	0.000000
PRED	H-SSM	55555
	NYU	1
	0.686117	1
	0.000000
PRED	H-SSM	55555
	NYU	0
	0.686117	1
	0.000000
PRED	H-SSM	55555
	NYU	0
	0.686117	1
	0.000000
PRED	H-SSM	55555
	NYU	0
	0.686117	1
	0.000000
PRED	H-SSM	55555
	NYU	0
	0.686117	1
	0.000000
PRED	H-SSM	55555
	NYU	0
	0.686117	1
	0.000000
PRED	H-SSM	55555
	NYU	0
	0.686117	1
	0.000000
PRED	H-SSM	55555
	NYU	0
	0.686117	1
	0.000000
PRED	H-SSM	55555
	NYU	0
	0.686117	1
	0.000000
PRED	H-SSM	55555
	NYU	0
	0.686117	1
	0.000000
PRED	H-SSM	55555
	NYU	0
	0.686117	1
	0.000000
PRED	H-SSM	55555
	NYU	0
	0.686117	1
	0.000000
PRED	H-SSM	55555
	NYU	0
	0.686117	1
	0.000000
PRED	H-SSM	55555
	NYU	0
	0.686117	1
	0.000000
PRED	H-SSM	55555
	UM_1	1
	0.544803	1
	0.000000
PRED	H-SSM	55555
	UM_1	1
	0.544803	1
	0.000000
PRED	H-SSM	55555
	UM_1	1
	0.544803	1
	0.000000
PRED	H-SSM	55555
	UM_1	1
	0.544803	1
	0.000000
PRED	H-SSM	55555
	UM_1	1
	0.544803	1
	0.000000
PRED	H-SSM	55555
	UM_1	1
	0.544803	1
	0.000000
PRED	H-SSM	55555
	UM_1	1
	0.544803	1
	0.000000
PRED	H-SSM	55555
	UM_1	1
	0.544803	1
	0.000000
PRED	H-SSM	55555
	UM_1	1
	0.544803	1
	0.000000
PRED	H-SSM	55555
	UM_1	1
	0.544803	1
	0.000000
PRED	H-SSM	55555
	UM_1	1
	0.544803	1
	0.000000
PRED	H-SSM	55555
	UM_1	1
	0.544803	1
	0.000000
PRED	H-SSM	55555
	UM_1	1
	0.544803	1
	0.000000
PRED	H-SSM	55555
	UM_1	0
	0.544803	1
	0.000000
PRED	H-SSM	55555
	UM_1	0
	0.544803	1
	0.000000
PRED	H-SSM	55555
	UM_1	0
	0.544803	1
	0.000000
PRED	H-SSM	55555
	UM_1	0
	0.544803	1
	0.000000
PRED	H-SSM	55555
	UM_1	0
	0.544803	1
	0.000000
PRED	H-SSM	55555
	UM_1	0
	0.544803	1
	0.000000
PRED	H-SSM	55555
	UM_1	0
	0.544803	1
	0.000000
PRED	H-SSM	55555
	UM_1	0
	0.544803	1
	0.000000
PRED	H-SSM	55555
	UM_1	0
	0.544803	1
	0.000000
PRED	H-SSM	55555
	UM_1	0
	0.544803	1
	0.000000
PRED	H-SSM	55555
	UM_1	0
	0.544803	1
	0.000000
PRED	H-SSM	55555
	UM_1	0
	0.544803	1
	0.000000
PRED	H-SSM	55555
	UM_1	0
	0.544803	1
	0.000000
PRED	H-SSM	55555
	UCLA_1	1
	0.745908	1
	0.000000
PRED	H-SSM	55555
	UCLA_1	1
	0.745908	1
	0.000000
PRED	H-SSM	55555
	UCLA_1	1
	0.745908	1
	0.000000
PRED	H-SSM	55555
	UCLA_1	1
	0.745908	1
	0.000000
PRED	H-SSM	55555
	UCLA_1	1
	0.745908	1
	0.000000
PRED	H-SSM	55555
	UCLA_1	1
	0.745908	1
	0.000000
PRED	H-SSM	55555
	UCLA_1	1
	0.745908	1
	0.000000
PRED	H-SSM	55555
	UCLA_1	1
	0.745908	1
	0.000000
PRED	H-SSM	55555
	UCLA_1	1
	0.745908	1
	0.000000
PRED	H-SSM	55555
	UCLA_1	1
	0.745908	1
	0.000000
PRED	H-SSM	55555
	UCLA_1	1
	0.745908	1
	0.000000
PRED	H-SSM	55555
	UCLA_1	1
	0.745908	1
	0.000000
PRED	H-SSM	55555
	UCLA_1	1
	0.745908	1
	0.000000
PRED	H-SSM	55555
	UCLA_1	0
	0.745908	1
	0.000000
PRED	H-SSM	55555
	UCLA_1	0
	0.745908	1
	0.000000
PRED	H-SSM	55555
	UCLA_1	0
	0.745908	1
	0.000000
PRED	H-SSM	55555
	UCLA_1	0
	0.745908	1
	0.000000
PRED	H-SSM	55555
	UCLA_1	0
	0.745908	1
	0.000000
PRED	H-SSM	55555
	UCLA_1	0
	0.745908	1
	0.000000
PRED	H-SSM	55555
	UCLA_1	0
	0.745908	1
	0.000000
PRED	H-SSM	55555
	UCLA_1	0
	0.745908	1
	0.000000
PRED	H-SSM	55555
	UCLA_1	0
	0.745908	1
	0.000000
PRED	H-SSM	55555
	UCLA_1	0
	0.745908	1
	0.000000
PRED	H-SSM	55555
	UCLA_1	0
	0.745908	1
	0.000000
PRED	H-SSM	55555
	UCLA_1	0
	0.745908	1
	0.000000
PRED	H-SSM	55555
	UCLA_1	0
	0.745908	1
	0.000000
PRED	H-SSM	55555
	YALE	1
	0.342914	0
	0.000000
PRED	H-SSM	55555
	YALE	1
	0.342914	0
	0.000000
PRED	H-SSM	55555
	YALE	1
	0.342914	0
	0.000000
PRED	H-SSM	55555
	YALE	1
	0.342914	0
	0.000000
PRED	H-SSM	55555
	YALE	1
	0.342914	0
	0.000000
PRED	H-SSM	55555
	YALE	1
	0.342914	0
	0.000000
PRED	H-SSM	55555
	YALE	1
	0.342914	0
	0.000000
PRED	H-SSM	55555
	YALE	1
	0.342914	0
	0.000000
PRED	H-SSM	55555
	YALE	1
	0.342914	0
	0.000000
PRED	H-SSM	55555
	YALE	1
	0.342914	0
	0.000000
PRED	H-SSM	55555
	YALE	1
	0.342914	0
	0.000000
PRED	H-SSM	55555
	YALE	1
	0.342914	0
	0.000000
PRED	H-SSM	55555
	YALE	1
	0.342914	0
	0.000000
PRED	H-SSM	55555
	YALE	0
	0.342914	0
	0.000000
PRED	H-SSM	55555
	YALE	0
	0.342914	0
	0.000000
PRED	H-SSM	55555
	YALE	0
	0.342914	0
	0.000000
PRED	H-SSM	55555
	YALE	0
	0.342914	0
	0.000000
PRED	H-SSM	55555
	YALE	0
	0.342914	0
	0.000000
PRED	H-SSM	55555
	YALE	0
	0.342914	0
	0.000000
PRED	H-SSM	55555
	YALE	0
	0.342914	0
	0.000000
PRED	H-SSM	55555
	YALE	0
	0.342914	0
	0.000000
PRED	H-SSM	55555
	YALE	0
	0.342914	0
	0.000000
PRED	H-SSM	55555
	YALE	0
	0.342914	0
	0.000000
PRED	H-SSM	55555
	YALE	0
	0.342914	0
	0.000000
PRED	H-SSM	55555
	YALE	0
	0.342914	0
	0.000000
PRED	H-SSM	55555
	YALE	0
	0.342914	0
	0.000000
PRED	H-SSM	55555
	PITT	1
	0.436293	0
	0.000000
PRED	H-SSM	55555
	PITT	1
	0.436293	0
	0.000000
PRED	H-SSM	55555
	PITT	1
	0.436293	0
	0.000000
PRED	H-SSM	55555
	PITT	1
	0.436293	0
	0.000000
PRED	H-SSM	55555
	PITT	1
	0.436293	0
	0.000000
PRED	H-SSM	55555
	PITT	1
	0.436293	0
	0.000000
PRED	H-SSM	55555
	PITT	1
	0.436293	0
	0.000000
PRED	H-SSM	55555
	PITT	1
	0.436293	0
	0.000000
PRED	H-SSM	55555
	PITT	1
	0.436293	0
	0.000000
PRED	H-SSM	55555
	PITT	1
	0.436293	0
	0.000000
PRED	H-SSM	55555
	PITT	1
	0.436293	0
	0.000000
PRED	H-SSM	55555
	PITT	1
	0.436293	0
	0.000000
PRED	H-SSM	55555
	PITT	1
	0.436293	0
	0.000000
PRED	H-SSM	55555
	PITT	0
	0.436293	0
	0.000000
PRED	H-SSM	55555
	PITT	0
	0.436293	0
	0.000000
PRED	H-SSM	55555
	PITT	0
	0.436293	0
	0.000000
PRED	H-SSM	55555
	PITT	0
	0.436293	0
	0.000000
PRED	H-SSM	55555
	PITT	0
	0.436293	0
	0.000000
PRED	H-SSM	55555
	PITT	0
	0.436293	0
	0.000000
PRED	H-SSM	55555
	PITT	0
	0.436293	0
	0.000000
PRED	H-SSM	55555
	PITT	0
	0.436293	0
	0.000000
PRED	H-SSM	55555
	PITT	0
	0.436293	0
	0.000000
PRED	H-SSM	55555
	PITT	0
	0.436293	0
	0.000000
PRED	H-SSM	55555
	PITT	0
	0.436293	0
	0.000000
PRED	H-SSM	55555
	PITT	0
	0.436293	0
	0.000000
PRED	H-SSM	55555
	PITT	0
	0.436293	0
	0.000000
PRED	H-SSM	55555
	USM	1
	0.529817	1
	0.000000
PRED	H-SSM	55555
	USM	1
	0.529817	1
	0.000000
PRED	H-SSM	55555
	USM	1
	0.529817	1
	0.000000
PRED	H-SSM	55555
	USM	1
	0.529817	1
	0.000000
PRED	H-SSM	55555
	USM	1
	0.529817	1
	0.000000
PRED	H-SSM	55555
	USM	1
	0.529817	1
	0.000000
PRED	H-SSM	55555
	USM	1
	0.529817	1
	0.000000
PRED	H-SSM	55555
	USM	1
	0.529817	1
	0.000000
PRED	H-SSM	55555
	USM	1
	0.529817	1
	0.000000
PRED	H-SSM	55555
	USM	1
	0.529817	1
	0.000000
PRED	H-SSM	55555
	USM	1
	0.529817	1
	0.000000
PRED	H-SSM	55555
	USM	1
	0.529817	1
	0.000000
PRED	H-SSM	55555
	USM	1
	0.529817	1
	0.000000
PRED	H-SSM	55555
	USM	0
	0.529817	1
	0.000000
PRED	H-SSM	55555
	USM	0
	0.529817	1
	0.000000
PRED	H-SSM	55555
	USM	0
	0.529817	1
	0.000000
PRED	H-SSM	55555
	USM	0
	0.529817	1
	0.000000
PRED	H-SSM	55555
	USM	0
	0.529817	1
	0.000000
PRED	H-SSM	55555
	USM	0
	0.529817	1
	0.000000
PRED	H-SSM	55555
	USM	0
	0.529817	1
	0.000000
PRED	H-SSM	55555
	USM	0
	0.529817	1
	0.000000
PRED	H-SSM	55555
	USM	0
	0.529817	1
	0.000000
PRED	H-SSM	55555
	USM	0
	0.529817	1
	0.000000
PRED	H-SSM	55555
	USM	0
	0.529817	1
	0.000000
PRED	H-SSM	55555
	USM	0
	0.529817	1
	0.000000
PRED	H-SSM	55555
	USM	0
	0.529817	1
	0.000000
PRED	H-SSM	55555
	MAX_MUN	1
	0.597859	1
	0.000000
PRED	H-SSM	55555
	MAX_MUN	1
	0.597859	1
	0.000000
PRED	H-SSM	55555
	MAX_MUN	1
	0.597859	1
	0.000000
PRED	H-SSM	55555
	MAX_MUN	1
	0.597859	1
	0.000000
PRED	H-SSM	55555
	MAX_MUN	1
	0.597859	1
	0.000000
PRED	H-SSM	55555
	MAX_MUN	1
	0.597859	1
	0.000000
PRED	H-SSM	55555
	MAX_MUN	1
	0.597859	1
	0.000000
PRED	H-SSM	55555
	MAX_MUN	1
	0.597859	1
	0.000000
PRED	H-SSM	55555
	MAX_MUN	1
	0.597859	1
	0.000000
PRED	H-SSM	55555
	MAX_MUN	1
	0.597859	1
	0.000000
PRED	H-SSM	55555
	MAX_MUN	1
	0.597859	1
	0.000000
PRED	H-SSM	55555
	MAX_MUN	1
	0.597859	1
	0.000000
PRED	H-SSM	55555
	MAX_MUN	1
	0.597859	1
	0.000000
PRED	H-SSM	55555
	MAX_MUN	0
	0.597859	1
	0.000000
PRED	H-SSM	55555
	MAX_MUN	0
	0.597859	1
	0.000000
PRED	H-SSM	55555
	MAX_MUN	0
	0.597859	1
	0.000000
PRED	H-SSM	55555
	MAX_MUN	0
	0.597859	1
	0.000000
PRED	H-SSM	55555
	MAX_MUN	0
	0.597859	1
	0.000000
PRED	H-SSM	55555
	MAX_MUN	0
	0.597859	1
	0.000000
PRED	H-SSM	55555
	MAX_MUN	0
	0.597859	1
	0.000000
PRED	H-SSM	55555
	MAX_MUN	0
	0.597859	1
	0.000000
PRED	H-SSM	55555
	MAX_MUN	0
	0.597859	1
	0.000000
PRED	H-SSM	55555
	MAX_MUN	0
	0.597859	1
	0.000000
PRED	H-SSM	55555
	MAX_MUN	0
	0.597859	1
	0.000000
PRED	H-SSM	55555
	MAX_MUN	0
	0.597859	1
	0.000000
PRED	H-SSM	55555
	MAX_MUN	0
	0.597859	1
	0.000000
PRED	H-SSM	55555
	TRINITY	1
	0.536840	1
	0.000000
PRED	H-SSM	55555
	TRINITY	1
	0.536840	1
	0.000000
PRED	H-SSM	55555
	TRINITY	1
	0.536840	1
	0.000000
PRED	H-SSM	55555
	TRINITY	1
	0.536840	1
	0.000000
PRED	H-SSM	55555
	TRINITY	1
	0.536840	1
	0.000000
PRED	H-SSM	55555
	TRINITY	1
	0.536840	1
	0.000000
PRED	H-SSM	55555
	TRINITY	1
	0.536840	1
	0.000000
PRED	H-SSM	55555
	TRINITY	1
	0.536840	1
	0.000000
PRED	H-SSM	55555
	TRINITY	1
	0.536840	1
	0.000000
PRED	H-SSM	55555
	TRINITY	1
	0.536840	1
	0.000000
PRED	H-SSM	55555
	TRINITY	1
	0.536840	1
	0.000000
PRED	H-SSM	55555
	TRINITY	1
	0.536840	1
	0.000000
PRED	H-SSM	55555
	TRINITY	1
	0.536840	1
	0.000000
PRED	H-SSM	55555
	TRINITY	0
	0.536840	1
	0.000000
PRED	H-SSM	55555
	TRINITY	0
	0.536840	1
	0.000000
PRED	H-SSM	55555
	TRINITY	0
	0.536840	1
	0.000000
PRED	H-SSM	55555
	TRINITY	0
	0.536840	1
	0.000000
PRED	H-SSM	55555
	TRINITY	0
	0.536840	1
	0.000000
PRED	H-SSM	55555
	TRINITY	0
	0.536840	1
	0.000000
PRED	H-SSM	55555
	TRINITY	0
	0.536840	1
	0.000000
PRED	H-SSM	55555
	TRINITY	0
	0.536840	1
	0.000000
PRED	H-SSM	55555
	TRINITY	0
	0.536840	1
	0.000000
PRED	H-SSM	55555
	TRINITY	0
	0.536840	1
	0.000000
PRED	H-SSM	55555
	TRINITY	0
	0.536840	1
	0.000000
PRED	H-SSM	55555
	TRINITY	0
	0.536840	1
	0.000000
PRED	H-SSM	55555
	TRINITY	0
	0.536840	1
	0.000000
PRED	H-SSM	55555
	KKI	1
	0.336244	0
	0.000000
PRED	H-SSM	55555
	KKI	1
	0.336244	0
	0.000000
PRED	H-SSM	55555
	KKI	1
	0.336244	0
	0.000000
PRED	H-SSM	55555
	KKI	1
	0.336244	0
	0.000000
PRED	H-SSM	55555
	KKI	1
	0.336244	0
	0.000000
PRED	H-SSM	55555
	KKI	1
	0.336244	0
	0.000000
PRED	H-SSM	55555
	KKI	1
	0.336244	0
	0.000000
PRED	H-SSM	55555
	KKI	1
	0.336244	0
	0.000000
PRED	H-SSM	55555
	KKI	1
	0.336244	0
	0.000000
PRED	H-SSM	55555
	KKI	1
	0.336244	0
	0.000000
PRED	H-SSM	55555
	KKI	1
	0.336244	0
	0.000000
PRED	H-SSM	55555
	KKI	1
	0.336244	0
	0.000000
PRED	H-SSM	55555
	KKI	1
	0.336244	0
	0.000000
PRED	H-SSM	55555
	KKI	0
	0.336244	0
	0.000000
PRED	H-SSM	55555
	KKI	0
	0.336244	0
	0.000000
PRED	H-SSM	55555
	KKI	0
	0.336244	0
	0.000000
PRED	H-SSM	55555
	KKI	0
	0.336244	0
	0.000000
PRED	H-SSM	55555
	KKI	0
	0.336244	0
	0.000000
PRED	H-SSM	55555
	KKI	0
	0.336244	0
	0.000000
PRED	H-SSM	55555
	KKI	0
	0.336244	0
	0.000000
PRED	H-SSM	55555
	KKI	0
	0.336244	0
	0.000000
PRED	H-SSM	55555
	KKI	0
	0.336244	0
	0.000000
PRED	H-SSM	55555
	KKI	0
	0.336244	0
	0.000000
PRED	H-SSM	55555
	KKI	0
	0.336244	0
	0.000000
PRED	H-SSM	55555
	KKI	0
	0.336244	0
	0.000000
PRED	H-SSM	55555
	KKI	0
	0.336244	0
	0.000000
PRED	H-SSM	55555
	STANFORD	1
	0.580027	1
	0.000000
PRED	H-SSM	55555
	STANFORD	1
	0.580027	1
	0.000000
PRED	H-SSM	55555
	STANFORD	1
	0.580027	1
	0.000000
PRED	H-SSM	55555
	STANFORD	1
	0.580027	1
	0.000000
PRED	H-SSM	55555
	STANFORD	1
	0.580027	1
	0.000000
PRED	H-SSM	55555
	STANFORD	1
	0.580027	1
	0.000000
PRED	H-SSM	55555
	STANFORD	1
	0.580027	1
	0.000000
PRED	H-SSM	55555
	STANFORD	1
	0.580027	1
	0.000000
PRED	H-SSM	55555
	STANFORD	1
	0.580027	1
	0.000000
PRED	H-SSM	55555
	STANFORD	1
	0.580027	1
	0.000000
PRED	H-SSM	55555
	STANFORD	1
	0.580027	1
	0.000000
PRED	H-SSM	55555
	STANFORD	1
	0.580027	1
	0.000000
PRED	H-SSM	55555
	STANFORD	1
	0.580027	1
	0.000000
PRED	H-SSM	55555
	STANFORD	0
	0.580027	1
	0.000000
PRED	H-SSM	55555
	STANFORD	0
	0.580027	1
	0.000000
PRED	H-SSM	55555
	STANFORD	0
	0.580027	1
	0.000000
PRED	H-SSM	55555
	STANFORD	0
	0.580027	1
	0.000000
PRED	H-SSM	55555
	STANFORD	0
	0.580027	1
	0.000000
PRED	H-SSM	55555
	STANFORD	0
	0.580027	1
	0.000000
PRED	H-SSM	55555
	STANFORD	0
	0.580027	1
	0.000000
PRED	H-SSM	55555
	STANFORD	0
	0.580027	1
	0.000000
PRED	H-SSM	55555
	STANFORD	0
	0.580027	1
	0.000000
PRED	H-SSM	55555
	STANFORD	0
	0.580027	1
	0.000000
PRED	H-SSM	55555
	STANFORD	0
	0.580027	1
	0.000000
PRED	H-SSM	55555
	STANFORD	0
	0.580027	1
	0.000000
PRED	H-SSM	55555
	STANFORD	0
	0.580027	1
	0.000000
PRED	H-SSM	55555
	CALTECH	1
	0.479206	0
	0.000000
PRED	H-SSM	55555
	CALTECH	1
	0.479206	0
	0.000000
PRED	H-SSM	55555
	CALTECH	1
	0.479206	0
	0.000000
PRED	H-SSM	55555
	CALTECH	1
	0.479206	0
	0.000000
PRED	H-SSM	55555
	CALTECH	1
	0.479206	0
	0.000000
PRED	H-SSM	55555
	CALTECH	1
	0.479206	0
	0.000000
PRED	H-SSM	55555
	CALTECH	1
	0.479206	0
	0.000000
PRED	H-SSM	55555
	CALTECH	1
	0.479206	0
	0.000000
PRED	H-SSM	55555
	CALTECH	1
	0.479206	0
	0.000000
PRED	H-SSM	55555
	CALTECH	1
	0.479206	0
	0.000000
PRED	H-SSM	55555
	CALTECH	1
	0.479206	0
	0.000000
PRED	H-SSM	55555
	CALTECH	1
	0.479206	0
	0.000000
PRED	H-SSM	55555
	CALTECH	0
	0.479206	0
	0.000000
PRED	H-SSM	55555
	CALTECH	0
	0.479206	0
	0.000000
PRED	H-SSM	55555
	CALTECH	0
	0.479206	0
	0.000000
PRED	H-SSM	55555
	CALTECH	0
	0.479206	0
	0.000000
PRED	H-SSM	55555
	CALTECH	0
	0.479206	0
	0.000000
PRED	H-SSM	55555
	CALTECH	0
	0.479206	0
	0.000000
PRED	H-SSM	55555
	CALTECH	0
	0.479206	0
	0.000000
PRED	H-SSM	55555
	CALTECH	0
	0.479206	0
	0.000000
PRED	H-SSM	55555
	CALTECH	0
	0.479206	0
	0.000000
PRED	H-SSM	55555
	CALTECH	0
	0.479206	0
	0.000000
PRED	H-SSM	55555
	CALTECH	0
	0.479206	0
	0.000000
PRED	H-SSM	55555
	CALTECH	0
	0.479206	0
	0.000000
PRED	H-SSM	55555
	LEUVEN_2	1
	0.671128	1
	0.000000
PRED	H-SSM	55555
	LEUVEN_2	1
	0.671128	1
	0.000000
PRED	H-SSM	55555
	LEUVEN_2	1
	0.671128	1
	0.000000
PRED	H-SSM	55555
	LEUVEN_2	1
	0.671128	1
	0.000000
PRED	H-SSM	55555
	LEUVEN_2	1
	0.671128	1
	0.000000
PRED	H-SSM	55555
	LEUVEN_2	1
	0.671128	1
	0.000000
PRED	H-SSM	55555
	LEUVEN_2	1
	0.671128	1
	0.000000
PRED	H-SSM	55555
	LEUVEN_2	1
	0.671128	1
	0.000000
PRED	H-SSM	55555
	LEUVEN_2	1
	0.671128	1
	0.000000
PRED	H-SSM	55555
	LEUVEN_2	1
	0.671128	1
	0.000000
PRED	H-SSM	55555
	LEUVEN_2	1
	0.671128	1
	0.000000
PRED	H-SSM	55555
	LEUVEN_2	1
	0.671128	1
	0.000000
PRED	H-SSM	55555
	LEUVEN_2	0
	0.671128	1
	0.000000
PRED	H-SSM	55555
	LEUVEN_2	0
	0.671128	1
	0.000000
PRED	H-SSM	55555
	LEUVEN_2	0
	0.671128	1
	0.000000
PRED	H-SSM	55555
	LEUVEN_2	0
	0.671128	1
	0.000000
PRED	H-SSM	55555
	LEUVEN_2	0
	0.671128	1
	0.000000
PRED	H-SSM	55555
	LEUVEN_2	0
	0.671128	1
	0.000000
PRED	H-SSM	55555
	LEUVEN_2	0
	0.671128	1
	0.000000
PRED	H-SSM	55555
	LEUVEN_2	0
	0.671128	1
	0.000000
PRED	H-SSM	55555
	LEUVEN_2	0
	0.671128	1
	0.000000
PRED	H-SSM	55555
	LEUVEN_2	0
	0.671128	1
	0.000000
PRED	H-SSM	55555
	LEUVEN_2	0
	0.671128	1
	0.000000
PRED	H-SSM	55555
	LEUVEN_2	0
	0.671128	1
	0.000000
PRED	H-SSM	55555
	OLIN	1
	0.684535	1
	0.000000
PRED	H-SSM	55555
	OLIN	1
	0.684535	1
	0.000000
PRED	H-SSM	55555
	OLIN	1
	0.684535	1
	0.000000
PRED	H-SSM	55555
	OLIN	1
	0.684535	1
	0.000000
PRED	H-SSM	55555
	OLIN	1
	0.684535	1
	0.000000
PRED	H-SSM	55555
	OLIN	1
	0.684535	1
	0.000000
PRED	H-SSM	55555
	OLIN	1
	0.684535	1
	0.000000
PRED	H-SSM	55555
	OLIN	1
	0.684535	1
	0.000000
PRED	H-SSM	55555
	OLIN	1
	0.684535	1
	0.000000
PRED	H-SSM	55555
	OLIN	1
	0.684535	1
	0.000000
PRED	H-SSM	55555
	OLIN	1
	0.684535	1
	0.000000
PRED	H-SSM	55555
	OLIN	1
	0.684535	1
	0.000000
PRED	H-SSM	55555
	OLIN	0
	0.684535	1
	0.000000
PRED	H-SSM	55555
	OLIN	0
	0.684535	1
	0.000000
PRED	H-SSM	55555
	OLIN	0
	0.684535	1
	0.000000
PRED	H-SSM	55555
	OLIN	0
	0.684535	1
	0.000000
PRED	H-SSM	55555
	OLIN	0
	0.684535	1
	0.000000
PRED	H-SSM	55555
	OLIN	0
	0.684535	1
	0.000000
PRED	H-SSM	55555
	OLIN	0
	0.684535	1
	0.000000
PRED	H-SSM	55555
	OLIN	0
	0.684535	1
	0.000000
PRED	H-SSM	55555
	OLIN	0
	0.684535	1
	0.000000
PRED	H-SSM	55555
	OLIN	0
	0.684535	1
	0.000000
PRED	H-SSM	55555
	OLIN	0
	0.684535	1
	0.000000
PRED	H-SSM	55555
	OLIN	0
	0.684535	1
	0.000000
PRED	H-SSM	55555
	SBL	1
	0.579521	1
	0.000000
PRED	H-SSM	55555
	SBL	1
	0.579521	1
	0.000000
PRED	H-SSM	55555
	SBL	1
	0.579521	1
	0.000000
PRED	H-SSM	55555
	SBL	1
	0.579521	1
	0.000000
PRED	H-SSM	55555
	SBL	1
	0.579521	1
	0.000000
PRED	H-SSM	55555
	SBL	1
	0.579521	1
	0.000000
PRED	H-SSM	55555
	SBL	1
	0.579521	1
	0.000000
PRED	H-SSM	55555
	SBL	1
	0.579521	1
	0.000000
PRED	H-SSM	55555
	SBL	1
	0.579521	1
	0.000000
PRED	H-SSM	55555
	SBL	1
	0.579521	1
	0.000000
PRED	H-SSM	55555
	SBL	1
	0.579521	1
	0.000000
PRED	H-SSM	55555
	SBL	1
	0.579521	1
	0.000000
PRED	H-SSM	55555
	SBL	0
	0.579521	1
	0.000000
PRED	H-SSM	55555
	SBL	0
	0.579521	1
	0.000000
PRED	H-SSM	55555
	SBL	0
	0.579521	1
	0.000000
PRED	H-SSM	55555
	SBL	0
	0.579521	1
	0.000000
PRED	H-SSM	55555
	SBL	0
	0.579521	1
	0.000000
PRED	H-SSM	55555
	SBL	0
	0.579521	1
	0.000000
PRED	H-SSM	55555
	SBL	0
	0.579521	1
	0.000000
PRED	H-SSM	55555
	SBL	0
	0.579521	1
	0.000000
PRED	H-SSM	55555
	SBL	0
	0.579521	1
	0.000000
PRED	H-SSM	55555
	SBL	0
	0.579521	1
	0.000000
PRED	H-SSM	55555
	SBL	0
	0.579521	1
	0.000000
PRED	H-SSM	55555
	SBL	0
	0.579521	1
	0.000000
PRED	H-SSM	55555
	LEUVEN_1	1
	0.540627	1
	0.000000
PRED	H-SSM	55555
	LEUVEN_1	1
	0.540627	1
	0.000000
PRED	H-SSM	55555
	LEUVEN_1	1
	0.540627	1
	0.000000
PRED	H-SSM	55555
	LEUVEN_1	1
	0.540627	1
	0.000000
PRED	H-SSM	55555
	LEUVEN_1	1
	0.540627	1
	0.000000
PRED	H-SSM	55555
	LEUVEN_1	1
	0.540627	1
	0.000000
PRED	H-SSM	55555
	LEUVEN_1	1
	0.540627	1
	0.000000
PRED	H-SSM	55555
	LEUVEN_1	1
	0.540627	1
	0.000000
PRED	H-SSM	55555
	LEUVEN_1	1
	0.540627	1
	0.000000
PRED	H-SSM	55555
	LEUVEN_1	1
	0.540627	1
	0.000000
PRED	H-SSM	55555
	LEUVEN_1	1
	0.540627	1
	0.000000
PRED	H-SSM	55555
	LEUVEN_1	1
	0.540627	1
	0.000000
PRED	H-SSM	55555
	LEUVEN_1	0
	0.540627	1
	0.000000
PRED	H-SSM	55555
	LEUVEN_1	0
	0.540627	1
	0.000000
PRED	H-SSM	55555
	LEUVEN_1	0
	0.540627	1
	0.000000
PRED	H-SSM	55555
	LEUVEN_1	0
	0.540627	1
	0.000000
PRED	H-SSM	55555
	LEUVEN_1	0
	0.540627	1
	0.000000
PRED	H-SSM	55555
	LEUVEN_1	0
	0.540627	1
	0.000000
PRED	H-SSM	55555
	LEUVEN_1	0
	0.540627	1
	0.000000
PRED	H-SSM	55555
	LEUVEN_1	0
	0.540627	1
	0.000000
PRED	H-SSM	55555
	LEUVEN_1	0
	0.540627	1
	0.000000
PRED	H-SSM	55555
	LEUVEN_1	0
	0.540627	1
	0.000000
PRED	H-SSM	55555
	LEUVEN_1	0
	0.540627	1
	0.000000
PRED	H-SSM	55555
	LEUVEN_1	0
	0.540627	1
	0.000000
PRED	H-SSM	55555
	SDSU	1
	0.341533	0
	0.000000
PRED	H-SSM	55555
	SDSU	1
	0.341533	0
	0.000000
PRED	H-SSM	55555
	SDSU	1
	0.341533	0
	0.000000
PRED	H-SSM	55555
	SDSU	1
	0.341533	0
	0.000000
PRED	H-SSM	55555
	SDSU	1
	0.341533	0
	0.000000
PRED	H-SSM	55555
	SDSU	1
	0.341533	0
	0.000000
PRED	H-SSM	55555
	SDSU	1
	0.341533	0
	0.000000
PRED	H-SSM	55555
	SDSU	1
	0.341533	0
	0.000000
PRED	H-SSM	55555
	SDSU	1
	0.341533	0
	0.000000
PRED	H-SSM	55555
	SDSU	1
	0.341533	0
	0.000000
PRED	H-SSM	55555
	SDSU	1
	0.341533	0
	0.000000
PRED	H-SSM	55555
	SDSU	1
	0.341533	0
	0.000000
PRED	H-SSM	55555
	SDSU	0
	0.341533	0
	0.000000
PRED	H-SSM	55555
	SDSU	0
	0.341533	0
	0.000000
PRED	H-SSM	55555
	SDSU	0
	0.341533	0
	0.000000
PRED	H-SSM	55555
	SDSU	0
	0.341533	0
	0.000000
PRED	H-SSM	55555
	SDSU	0
	0.341533	0
	0.000000
PRED	H-SSM	55555
	SDSU	0
	0.341533	0
	0.000000
PRED	H-SSM	55555
	SDSU	0
	0.341533	0
	0.000000
PRED	H-SSM	55555
	SDSU	0
	0.341533	0
	0.000000
PRED	H-SSM	55555
	SDSU	0
	0.341533	0
	0.000000
PRED	H-SSM	55555
	SDSU	0
	0.341533	0
	0.000000
PRED	H-SSM	55555
	SDSU	0
	0.341533	0
	0.000000
PRED	H-SSM	55555
	SDSU	0
	0.341533	0
	0.000000
PRED	H-SSM	55555
	CMU	1
	0.354943	0
	0.000000
PRED	H-SSM	55555
	CMU	1
	0.354943	0
	0.000000
PRED	H-SSM	55555
	CMU	1
	0.354943	0
	0.000000
PRED	H-SSM	55555
	CMU	1
	0.354943	0
	0.000000
PRED	H-SSM	55555
	CMU	1
	0.354943	0
	0.000000
PRED	H-SSM	55555
	CMU	1
	0.354943	0
	0.000000
PRED	H-SSM	55555
	CMU	1
	0.354943	0
	0.000000
PRED	H-SSM	55555
	CMU	1
	0.354943	0
	0.000000
PRED	H-SSM	55555
	CMU	1
	0.354943	0
	0.000000
PRED	H-SSM	55555
	CMU	1
	0.354943	0
	0.000000
PRED	H-SSM	55555
	CMU	1
	0.354943	0
	0.000000
PRED	H-SSM	55555
	CMU	1
	0.354943	0
	0.000000
PRED	H-SSM	55555
	CMU	0
	0.354943	0
	0.000000
PRED	H-SSM	55555
	CMU	0
	0.354943	0
	0.000000
PRED	H-SSM	55555
	CMU	0
	0.354943	0
	0.000000
PRED	H-SSM	55555
	CMU	0
	0.354943	0
	0.000000
PRED	H-SSM	55555
	CMU	0
	0.354943	0
	0.000000
PRED	H-SSM	55555
	CMU	0
	0.354943	0
	0.000000
PRED	H-SSM	55555
	CMU	0
	0.354943	0
	0.000000
PRED	H-SSM	55555
	CMU	0
	0.354943	0
	0.000000
PRED	H-SSM	55555
	CMU	0
	0.354943	0
	0.000000
PRED	H-SSM	55555
	CMU	0
	0.354943	0
	0.000000
PRED	H-SSM	55555
	CMU	0
	0.354943	0
	0.000000
PRED	H-SSM	55555
	CMU	0
	0.354943	0
	0.000000
PRED	H-SSM	55555
	UCLA_2	1
	0.532951	1
	0.000000
PRED	H-SSM	55555
	UCLA_2	1
	0.532951	1
	0.000000
PRED	H-SSM	55555
	UCLA_2	1
	0.532951	1
	0.000000
PRED	H-SSM	55555
	UCLA_2	1
	0.532951	1
	0.000000
PRED	H-SSM	55555
	UCLA_2	1
	0.532951	1
	0.000000
PRED	H-SSM	55555
	UCLA_2	1
	0.532951	1
	0.000000
PRED	H-SSM	55555
	UCLA_2	1
	0.532951	1
	0.000000
PRED	H-SSM	55555
	UCLA_2	1
	0.532951	1
	0.000000
PRED	H-SSM	55555
	UCLA_2	1
	0.532951	1
	0.000000
PRED	H-SSM	55555
	UCLA_2	1
	0.532951	1
	0.000000
PRED	H-SSM	55555
	UCLA_2	1
	0.532951	1
	0.000000
PRED	H-SSM	55555
	UCLA_2	1
	0.532951	1
	0.000000
PRED	H-SSM	55555
	UCLA_2	0
	0.532951	1
	0.000000
PRED	H-SSM	55555
	UCLA_2	0
	0.532951	1
	0.000000
PRED	H-SSM	55555
	UCLA_2	0
	0.532951	1
	0.000000
PRED	H-SSM	55555
	UCLA_2	0
	0.532951	1
	0.000000
PRED	H-SSM	55555
	UCLA_2	0
	0.532951	1
	0.000000
PRED	H-SSM	55555
	UCLA_2	0
	0.532951	1
	0.000000
PRED	H-SSM	55555
	UCLA_2	0
	0.532951	1
	0.000000
PRED	H-SSM	55555
	UCLA_2	0
	0.532951	1
	0.000000
PRED	H-SSM	55555
	UCLA_2	0
	0.532951	1
	0.000000
PRED	H-SSM	55555
	UCLA_2	0
	0.532951	1
	0.000000
PRED	H-SSM	55555
	UCLA_2	0
	0.532951	1
	0.000000
PRED	H-SSM	55555
	UCLA_2	0
	0.532951	1
	0.000000
PRED	H-SSM	55555
	UM_2	1
	0.338691	0
	0.000000
PRED	H-SSM	55555
	UM_2	1
	0.338691	0
	0.000000
PRED	H-SSM	55555
	UM_2	1
	0.338691	0
	0.000000
PRED	H-SSM	55555
	UM_2	1
	0.338691	0
	0.000000
PRED	H-SSM	55555
	UM_2	1
	0.338691	0
	0.000000
PRED	H-SSM	55555
	UM_2	1
	0.338691	0
	0.000000
PRED	H-SSM	55555
	UM_2	1
	0.338691	0
	0.000000
PRED	H-SSM	55555
	UM_2	1
	0.338691	0
	0.000000
PRED	H-SSM	55555
	UM_2	1
	0.338691	0
	0.000000
PRED	H-SSM	55555
	UM_2	1
	0.338691	0
	0.000000
PRED	H-SSM	55555
	UM_2	1
	0.338691	0
	0.000000
PRED	H-SSM	55555
	UM_2	1
	0.338691	0
	0.000000
PRED	H-SSM	55555
	UM_2	0
	0.338691	0
	0.000000
PRED	H-SSM	55555
	UM_2	0
	0.338691	0
	0.000000
PRED	H-SSM	55555
	UM_2	0
	0.338691	0
	0.000000
PRED	H-SSM	55555
	UM_2	0
	0.338691	0
	0.000000
PRED	H-SSM	55555
	UM_2	0
	0.338691	0
	0.000000
PRED	H-SSM	55555
	UM_2	0
	0.338691	0
	0.000000
PRED	H-SSM	55555
	UM_2	0
	0.338691	0
	0.000000
PRED	H-SSM	55555
	UM_2	0
	0.338691	0
	0.000000
PRED	H-SSM	55555
	UM_2	0
	0.338691	0
	0.000000
PRED	H-SSM	55555
	UM_2	0
	0.338691	0
	0.000000
PRED	H-SSM	55555
	UM_2	0
	0.338691	0
	0.000000
PRED	H-SSM	55555
	UM_2	0
	0.338691	0
	0.000000
PRED	H-SSM	55555
	OHSU	1
	0.487388	0
	0.000000
PRED	H-SSM	55555
	OHSU	1
	0.487388	0
	0.000000
PRED	H-SSM	55555
	OHSU	1
	0.487388	0
	0.000000
PRED	H-SSM	55555
	OHSU	1
	0.487388	0
	0.000000
PRED	H-SSM	55555
	OHSU	1
	0.487388	0
	0.000000
PRED	H-SSM	55555
	OHSU	1
	0.487388	0
	0.000000
PRED	H-SSM	55555
	OHSU	1
	0.487388	0
	0.000000
PRED	H-SSM	55555
	OHSU	1
	0.487388	0
	0.000000
PRED	H-SSM	55555
	OHSU	1
	0.487388	0
	0.000000
PRED	H-SSM	55555
	OHSU	1
	0.487388	0
	0.000000
PRED	H-SSM	55555
	OHSU	1
	0.487388	0
	0.000000
PRED	H-SSM	55555
	OHSU	1
	0.487388	0
	0.000000
PRED	H-SSM	55555
	OHSU	0
	0.487388	0
	0.000000
PRED	H-SSM	55555
	OHSU	0
	0.487388	0
	0.000000
PRED	H-SSM	55555
	OHSU	0
	0.487388	0
	0.000000
PRED	H-SSM	55555
	OHSU	0
	0.487388	0
	0.000000
PRED	H-SSM	55555
	OHSU	0
	0.487388	0
	0.000000
PRED	H-SSM	55555
	OHSU	0
	0.487388	0
	0.000000
PRED	H-SSM	55555
	OHSU	0
	0.487388	0
	0.000000
PRED	H-SSM	55555
	OHSU	0
	0.487388	0
	0.000000
PRED	H-SSM	55555
	OHSU	0
	0.487388	0
	0.000000
PRED	H-SSM	55555
	OHSU	0
	0.487388	0
	0.000000
PRED	H-SSM	55555
	OHSU	0
	0.487388	0
	0.000000
PRED	H-SSM	55555
	OHSU	0
	0.487388	0
	0.000000
  H-SSM    55555
   acc=50.000000% bal=50.000000% sites=20
/20
 test_n=500
 assoc=0.000000
PRED	H-SSM	11111
	NYU	1
	0.310717	0
	0.000000
PRED	H-SSM	11111
	NYU	1
	0.310717	0
	0.000000
PRED	H-SSM	11111
	NYU	1
	0.310717	0
	0.000000
PRED	H-SSM	11111
	NYU	1
	0.310717	0
	0.000000
PRED	H-SSM	11111
	NYU	1
	0.310717	0
	0.000000
PRED	H-SSM	11111
	NYU	1
	0.310717	0
	0.000000
PRED	H-SSM	11111
	NYU	1
	0.310717	0
	0.000000
PRED	H-SSM	11111
	NYU	1
	0.310717	0
	0.000000
PRED	H-SSM	11111
	NYU	1
	0.310717	0
	0.000000
PRED	H-SSM	11111
	NYU	1
	0.310717	0
	0.000000
PRED	H-SSM	11111
	NYU	1
	0.310717	0
	0.000000
PRED	H-SSM	11111
	NYU	1
	0.310717	0
	0.000000
PRED	H-SSM	11111
	NYU	1
	0.310717	0
	0.000000
PRED	H-SSM	11111
	NYU	0
	0.310717	0
	0.000000
PRED	H-SSM	11111
	NYU	0
	0.310717	0
	0.000000
PRED	H-SSM	11111
	NYU	0
	0.310717	0
	0.000000
PRED	H-SSM	11111
	NYU	0
	0.310717	0
	0.000000
PRED	H-SSM	11111
	NYU	0
	0.310717	0
	0.000000
PRED	H-SSM	11111
	NYU	0
	0.310717	0
	0.000000
PRED	H-SSM	11111
	NYU	0
	0.310717	0
	0.000000
PRED	H-SSM	11111
	NYU	0
	0.310717	0
	0.000000
PRED	H-SSM	11111
	NYU	0
	0.310717	0
	0.000000
PRED	H-SSM	11111
	NYU	0
	0.310717	0
	0.000000
PRED	H-SSM	11111
	NYU	0
	0.310717	0
	0.000000
PRED	H-SSM	11111
	NYU	0
	0.310717	0
	0.000000
PRED	H-SSM	11111
	NYU	0
	0.310717	0
	0.000000
PRED	H-SSM	11111
	UM_1	1
	0.519993	1
	0.000000
PRED	H-SSM	11111
	UM_1	1
	0.519993	1
	0.000000
PRED	H-SSM	11111
	UM_1	1
	0.519993	1
	0.000000
PRED	H-SSM	11111
	UM_1	1
	0.519993	1
	0.000000
PRED	H-SSM	11111
	UM_1	1
	0.519993	1
	0.000000
PRED	H-SSM	11111
	UM_1	1
	0.519993	1
	0.000000
PRED	H-SSM	11111
	UM_1	1
	0.519993	1
	0.000000
PRED	H-SSM	11111
	UM_1	1
	0.519993	1
	0.000000
PRED	H-SSM	11111
	UM_1	1
	0.519993	1
	0.000000
PRED	H-SSM	11111
	UM_1	1
	0.519993	1
	0.000000
PRED	H-SSM	11111
	UM_1	1
	0.519993	1
	0.000000
PRED	H-SSM	11111
	UM_1	1
	0.519993	1
	0.000000
PRED	H-SSM	11111
	UM_1	1
	0.519993	1
	0.000000
PRED	H-SSM	11111
	UM_1	0
	0.519993	1
	0.000000
PRED	H-SSM	11111
	UM_1	0
	0.519993	1
	0.000000
PRED	H-SSM	11111
	UM_1	0
	0.519993	1
	0.000000
PRED	H-SSM	11111
	UM_1	0
	0.519993	1
	0.000000
PRED	H-SSM	11111
	UM_1	0
	0.519993	1
	0.000000
PRED	H-SSM	11111
	UM_1	0
	0.519993	1
	0.000000
PRED	H-SSM	11111
	UM_1	0
	0.519993	1
	0.000000
PRED	H-SSM	11111
	UM_1	0
	0.519993	1
	0.000000
PRED	H-SSM	11111
	UM_1	0
	0.519993	1
	0.000000
PRED	H-SSM	11111
	UM_1	0
	0.519993	1
	0.000000
PRED	H-SSM	11111
	UM_1	0
	0.519993	1
	0.000000
PRED	H-SSM	11111
	UM_1	0
	0.519993	1
	0.000000
PRED	H-SSM	11111
	UM_1	0
	0.519993	1
	0.000000
PRED	H-SSM	11111
	UCLA_1	1
	0.539374	1
	0.000000
PRED	H-SSM	11111
	UCLA_1	1
	0.539374	1
	0.000000
PRED	H-SSM	11111
	UCLA_1	1
	0.539374	1
	0.000000
PRED	H-SSM	11111
	UCLA_1	1
	0.539374	1
	0.000000
PRED	H-SSM	11111
	UCLA_1	1
	0.539374	1
	0.000000
PRED	H-SSM	11111
	UCLA_1	1
	0.539374	1
	0.000000
PRED	H-SSM	11111
	UCLA_1	1
	0.539374	1
	0.000000
PRED	H-SSM	11111
	UCLA_1	1
	0.539374	1
	0.000000
PRED	H-SSM	11111
	UCLA_1	1
	0.539374	1
	0.000000
PRED	H-SSM	11111
	UCLA_1	1
	0.539374	1
	0.000000
PRED	H-SSM	11111
	UCLA_1	1
	0.539374	1
	0.000000
PRED	H-SSM	11111
	UCLA_1	1
	0.539374	1
	0.000000
PRED	H-SSM	11111
	UCLA_1	1
	0.539374	1
	0.000000
PRED	H-SSM	11111
	UCLA_1	0
	0.539374	1
	0.000000
PRED	H-SSM	11111
	UCLA_1	0
	0.539374	1
	0.000000
PRED	H-SSM	11111
	UCLA_1	0
	0.539374	1
	0.000000
PRED	H-SSM	11111
	UCLA_1	0
	0.539374	1
	0.000000
PRED	H-SSM	11111
	UCLA_1	0
	0.539374	1
	0.000000
PRED	H-SSM	11111
	UCLA_1	0
	0.539374	1
	0.000000
PRED	H-SSM	11111
	UCLA_1	0
	0.539374	1
	0.000000
PRED	H-SSM	11111
	UCLA_1	0
	0.539374	1
	0.000000
PRED	H-SSM	11111
	UCLA_1	0
	0.539374	1
	0.000000
PRED	H-SSM	11111
	UCLA_1	0
	0.539374	1
	0.000000
PRED	H-SSM	11111
	UCLA_1	0
	0.539374	1
	0.000000
PRED	H-SSM	11111
	UCLA_1	0
	0.539374	1
	0.000000
PRED	H-SSM	11111
	UCLA_1	0
	0.539374	1
	0.000000
PRED	H-SSM	11111
	YALE	1
	0.481306	0
	0.000000
PRED	H-SSM	11111
	YALE	1
	0.481306	0
	0.000000
PRED	H-SSM	11111
	YALE	1
	0.481306	0
	0.000000
PRED	H-SSM	11111
	YALE	1
	0.481306	0
	0.000000
PRED	H-SSM	11111
	YALE	1
	0.481306	0
	0.000000
PRED	H-SSM	11111
	YALE	1
	0.481306	0
	0.000000
PRED	H-SSM	11111
	YALE	1
	0.481306	0
	0.000000
PRED	H-SSM	11111
	YALE	1
	0.481306	0
	0.000000
PRED	H-SSM	11111
	YALE	1
	0.481306	0
	0.000000
PRED	H-SSM	11111
	YALE	1
	0.481306	0
	0.000000
PRED	H-SSM	11111
	YALE	1
	0.481306	0
	0.000000
PRED	H-SSM	11111
	YALE	1
	0.481306	0
	0.000000
PRED	H-SSM	11111
	YALE	1
	0.481306	0
	0.000000
PRED	H-SSM	11111
	YALE	0
	0.481306	0
	0.000000
PRED	H-SSM	11111
	YALE	0
	0.481306	0
	0.000000
PRED	H-SSM	11111
	YALE	0
	0.481306	0
	0.000000
PRED	H-SSM	11111
	YALE	0
	0.481306	0
	0.000000
PRED	H-SSM	11111
	YALE	0
	0.481306	0
	0.000000
PRED	H-SSM	11111
	YALE	0
	0.481306	0
	0.000000
PRED	H-SSM	11111
	YALE	0
	0.481306	0
	0.000000
PRED	H-SSM	11111
	YALE	0
	0.481306	0
	0.000000
PRED	H-SSM	11111
	YALE	0
	0.481306	0
	0.000000
PRED	H-SSM	11111
	YALE	0
	0.481306	0
	0.000000
PRED	H-SSM	11111
	YALE	0
	0.481306	0
	0.000000
PRED	H-SSM	11111
	YALE	0
	0.481306	0
	0.000000
PRED	H-SSM	11111
	YALE	0
	0.481306	0
	0.000000
PRED	H-SSM	11111
	PITT	1
	0.429421	0
	0.000000
PRED	H-SSM	11111
	PITT	1
	0.429421	0
	0.000000
PRED	H-SSM	11111
	PITT	1
	0.429421	0
	0.000000
PRED	H-SSM	11111
	PITT	1
	0.429421	0
	0.000000
PRED	H-SSM	11111
	PITT	1
	0.429421	0
	0.000000
PRED	H-SSM	11111
	PITT	1
	0.429421	0
	0.000000
PRED	H-SSM	11111
	PITT	1
	0.429421	0
	0.000000
PRED	H-SSM	11111
	PITT	1
	0.429421	0
	0.000000
PRED	H-SSM	11111
	PITT	1
	0.429421	0
	0.000000
PRED	H-SSM	11111
	PITT	1
	0.429421	0
	0.000000
PRED	H-SSM	11111
	PITT	1
	0.429421	0
	0.000000
PRED	H-SSM	11111
	PITT	1
	0.429421	0
	0.000000
PRED	H-SSM	11111
	PITT	1
	0.429421	0
	0.000000
PRED	H-SSM	11111
	PITT	0
	0.429421	0
	0.000000
PRED	H-SSM	11111
	PITT	0
	0.429421	0
	0.000000
PRED	H-SSM	11111
	PITT	0
	0.429421	0
	0.000000
PRED	H-SSM	11111
	PITT	0
	0.429421	0
	0.000000
PRED	H-SSM	11111
	PITT	0
	0.429421	0
	0.000000
PRED	H-SSM	11111
	PITT	0
	0.429421	0
	0.000000
PRED	H-SSM	11111
	PITT	0
	0.429421	0
	0.000000
PRED	H-SSM	11111
	PITT	0
	0.429421	0
	0.000000
PRED	H-SSM	11111
	PITT	0
	0.429421	0
	0.000000
PRED	H-SSM	11111
	PITT	0
	0.429421	0
	0.000000
PRED	H-SSM	11111
	PITT	0
	0.429421	0
	0.000000
PRED	H-SSM	11111
	PITT	0
	0.429421	0
	0.000000
PRED	H-SSM	11111
	PITT	0
	0.429421	0
	0.000000
PRED	H-SSM	11111
	USM	1
	0.586653	1
	0.000000
PRED	H-SSM	11111
	USM	1
	0.586653	1
	0.000000
PRED	H-SSM	11111
	USM	1
	0.586653	1
	0.000000
PRED	H-SSM	11111
	USM	1
	0.586653	1
	0.000000
PRED	H-SSM	11111
	USM	1
	0.586653	1
	0.000000
PRED	H-SSM	11111
	USM	1
	0.586653	1
	0.000000
PRED	H-SSM	11111
	USM	1
	0.586653	1
	0.000000
PRED	H-SSM	11111
	USM	1
	0.586653	1
	0.000000
PRED	H-SSM	11111
	USM	1
	0.586653	1
	0.000000
PRED	H-SSM	11111
	USM	1
	0.586653	1
	0.000000
PRED	H-SSM	11111
	USM	1
	0.586653	1
	0.000000
PRED	H-SSM	11111
	USM	1
	0.586653	1
	0.000000
PRED	H-SSM	11111
	USM	1
	0.586653	1
	0.000000
PRED	H-SSM	11111
	USM	0
	0.586653	1
	0.000000
PRED	H-SSM	11111
	USM	0
	0.586653	1
	0.000000
PRED	H-SSM	11111
	USM	0
	0.586653	1
	0.000000
PRED	H-SSM	11111
	USM	0
	0.586653	1
	0.000000
PRED	H-SSM	11111
	USM	0
	0.586653	1
	0.000000
PRED	H-SSM	11111
	USM	0
	0.586653	1
	0.000000
PRED	H-SSM	11111
	USM	0
	0.586653	1
	0.000000
PRED	H-SSM	11111
	USM	0
	0.586653	1
	0.000000
PRED	H-SSM	11111
	USM	0
	0.586653	1
	0.000000
PRED	H-SSM	11111
	USM	0
	0.586653	1
	0.000000
PRED	H-SSM	11111
	USM	0
	0.586653	1
	0.000000
PRED	H-SSM	11111
	USM	0
	0.586653	1
	0.000000
PRED	H-SSM	11111
	USM	0
	0.586653	1
	0.000000
PRED	H-SSM	11111
	MAX_MUN	1
	0.427420	0
	0.000000
PRED	H-SSM	11111
	MAX_MUN	1
	0.427420	0
	0.000000
PRED	H-SSM	11111
	MAX_MUN	1
	0.427420	0
	0.000000
PRED	H-SSM	11111
	MAX_MUN	1
	0.427420	0
	0.000000
PRED	H-SSM	11111
	MAX_MUN	1
	0.427420	0
	0.000000
PRED	H-SSM	11111
	MAX_MUN	1
	0.427420	0
	0.000000
PRED	H-SSM	11111
	MAX_MUN	1
	0.427420	0
	0.000000
PRED	H-SSM	11111
	MAX_MUN	1
	0.427420	0
	0.000000
PRED	H-SSM	11111
	MAX_MUN	1
	0.427420	0
	0.000000
PRED	H-SSM	11111
	MAX_MUN	1
	0.427420	0
	0.000000
PRED	H-SSM	11111
	MAX_MUN	1
	0.427420	0
	0.000000
PRED	H-SSM	11111
	MAX_MUN	1
	0.427420	0
	0.000000
PRED	H-SSM	11111
	MAX_MUN	1
	0.427420	0
	0.000000
PRED	H-SSM	11111
	MAX_MUN	0
	0.427420	0
	0.000000
PRED	H-SSM	11111
	MAX_MUN	0
	0.427420	0
	0.000000
PRED	H-SSM	11111
	MAX_MUN	0
	0.427420	0
	0.000000
PRED	H-SSM	11111
	MAX_MUN	0
	0.427420	0
	0.000000
PRED	H-SSM	11111
	MAX_MUN	0
	0.427420	0
	0.000000
PRED	H-SSM	11111
	MAX_MUN	0
	0.427420	0
	0.000000
PRED	H-SSM	11111
	MAX_MUN	0
	0.427420	0
	0.000000
PRED	H-SSM	11111
	MAX_MUN	0
	0.427420	0
	0.000000
PRED	H-SSM	11111
	MAX_MUN	0
	0.427420	0
	0.000000
PRED	H-SSM	11111
	MAX_MUN	0
	0.427420	0
	0.000000
PRED	H-SSM	11111
	MAX_MUN	0
	0.427420	0
	0.000000
PRED	H-SSM	11111
	MAX_MUN	0
	0.427420	0
	0.000000
PRED	H-SSM	11111
	MAX_MUN	0
	0.427420	0
	0.000000
PRED	H-SSM	11111
	TRINITY	1
	0.399824	0
	0.000000
PRED	H-SSM	11111
	TRINITY	1
	0.399824	0
	0.000000
PRED	H-SSM	11111
	TRINITY	1
	0.399824	0
	0.000000
PRED	H-SSM	11111
	TRINITY	1
	0.399824	0
	0.000000
PRED	H-SSM	11111
	TRINITY	1
	0.399824	0
	0.000000
PRED	H-SSM	11111
	TRINITY	1
	0.399824	0
	0.000000
PRED	H-SSM	11111
	TRINITY	1
	0.399824	0
	0.000000
PRED	H-SSM	11111
	TRINITY	1
	0.399824	0
	0.000000
PRED	H-SSM	11111
	TRINITY	1
	0.399824	0
	0.000000
PRED	H-SSM	11111
	TRINITY	1
	0.399824	0
	0.000000
PRED	H-SSM	11111
	TRINITY	1
	0.399824	0
	0.000000
PRED	H-SSM	11111
	TRINITY	1
	0.399824	0
	0.000000
PRED	H-SSM	11111
	TRINITY	1
	0.399824	0
	0.000000
PRED	H-SSM	11111
	TRINITY	0
	0.399824	0
	0.000000
PRED	H-SSM	11111
	TRINITY	0
	0.399824	0
	0.000000
PRED	H-SSM	11111
	TRINITY	0
	0.399824	0
	0.000000
PRED	H-SSM	11111
	TRINITY	0
	0.399824	0
	0.000000
PRED	H-SSM	11111
	TRINITY	0
	0.399824	0
	0.000000
PRED	H-SSM	11111
	TRINITY	0
	0.399824	0
	0.000000
PRED	H-SSM	11111
	TRINITY	0
	0.399824	0
	0.000000
PRED	H-SSM	11111
	TRINITY	0
	0.399824	0
	0.000000
PRED	H-SSM	11111
	TRINITY	0
	0.399824	0
	0.000000
PRED	H-SSM	11111
	TRINITY	0
	0.399824	0
	0.000000
PRED	H-SSM	11111
	TRINITY	0
	0.399824	0
	0.000000
PRED	H-SSM	11111
	TRINITY	0
	0.399824	0
	0.000000
PRED	H-SSM	11111
	TRINITY	0
	0.399824	0
	0.000000
PRED	H-SSM	11111
	KKI	1
	0.563900	1
	0.000000
PRED	H-SSM	11111
	KKI	1
	0.563900	1
	0.000000
PRED	H-SSM	11111
	KKI	1
	0.563900	1
	0.000000
PRED	H-SSM	11111
	KKI	1
	0.563900	1
	0.000000
PRED	H-SSM	11111
	KKI	1
	0.563900	1
	0.000000
PRED	H-SSM	11111
	KKI	1
	0.563900	1
	0.000000
PRED	H-SSM	11111
	KKI	1
	0.563900	1
	0.000000
PRED	H-SSM	11111
	KKI	1
	0.563900	1
	0.000000
PRED	H-SSM	11111
	KKI	1
	0.563900	1
	0.000000
PRED	H-SSM	11111
	KKI	1
	0.563900	1
	0.000000
PRED	H-SSM	11111
	KKI	1
	0.563900	1
	0.000000
PRED	H-SSM	11111
	KKI	1
	0.563900	1
	0.000000
PRED	H-SSM	11111
	KKI	1
	0.563900	1
	0.000000
PRED	H-SSM	11111
	KKI	0
	0.563900	1
	0.000000
PRED	H-SSM	11111
	KKI	0
	0.563900	1
	0.000000
PRED	H-SSM	11111
	KKI	0
	0.563900	1
	0.000000
PRED	H-SSM	11111
	KKI	0
	0.563900	1
	0.000000
PRED	H-SSM	11111
	KKI	0
	0.563900	1
	0.000000
PRED	H-SSM	11111
	KKI	0
	0.563900	1
	0.000000
PRED	H-SSM	11111
	KKI	0
	0.563900	1
	0.000000
PRED	H-SSM	11111
	KKI	0
	0.563900	1
	0.000000
PRED	H-SSM	11111
	KKI	0
	0.563900	1
	0.000000
PRED	H-SSM	11111
	KKI	0
	0.563900	1
	0.000000
PRED	H-SSM	11111
	KKI	0
	0.563900	1
	0.000000
PRED	H-SSM	11111
	KKI	0
	0.563900	1
	0.000000
PRED	H-SSM	11111
	KKI	0
	0.563900	1
	0.000000
PRED	H-SSM	11111
	STANFORD	1
	0.381004	0
	0.000000
PRED	H-SSM	11111
	STANFORD	1
	0.381004	0
	0.000000
PRED	H-SSM	11111
	STANFORD	1
	0.381004	0
	0.000000
PRED	H-SSM	11111
	STANFORD	1
	0.381004	0
	0.000000
PRED	H-SSM	11111
	STANFORD	1
	0.381004	0
	0.000000
PRED	H-SSM	11111
	STANFORD	1
	0.381004	0
	0.000000
PRED	H-SSM	11111
	STANFORD	1
	0.381004	0
	0.000000
PRED	H-SSM	11111
	STANFORD	1
	0.381004	0
	0.000000
PRED	H-SSM	11111
	STANFORD	1
	0.381004	0
	0.000000
PRED	H-SSM	11111
	STANFORD	1
	0.381004	0
	0.000000
PRED	H-SSM	11111
	STANFORD	1
	0.381004	0
	0.000000
PRED	H-SSM	11111
	STANFORD	1
	0.381004	0
	0.000000
PRED	H-SSM	11111
	STANFORD	1
	0.381004	0
	0.000000
PRED	H-SSM	11111
	STANFORD	0
	0.381004	0
	0.000000
PRED	H-SSM	11111
	STANFORD	0
	0.381004	0
	0.000000
PRED	H-SSM	11111
	STANFORD	0
	0.381004	0
	0.000000
PRED	H-SSM	11111
	STANFORD	0
	0.381004	0
	0.000000
PRED	H-SSM	11111
	STANFORD	0
	0.381004	0
	0.000000
PRED	H-SSM	11111
	STANFORD	0
	0.381004	0
	0.000000
PRED	H-SSM	11111
	STANFORD	0
	0.381004	0
	0.000000
PRED	H-SSM	11111
	STANFORD	0
	0.381004	0
	0.000000
PRED	H-SSM	11111
	STANFORD	0
	0.381004	0
	0.000000
PRED	H-SSM	11111
	STANFORD	0
	0.381004	0
	0.000000
PRED	H-SSM	11111
	STANFORD	0
	0.381004	0
	0.000000
PRED	H-SSM	11111
	STANFORD	0
	0.381004	0
	0.000000
PRED	H-SSM	11111
	STANFORD	0
	0.381004	0
	0.000000
PRED	H-SSM	11111
	CALTECH	1
	0.381691	0
	0.000000
PRED	H-SSM	11111
	CALTECH	1
	0.381691	0
	0.000000
PRED	H-SSM	11111
	CALTECH	1
	0.381691	0
	0.000000
PRED	H-SSM	11111
	CALTECH	1
	0.381691	0
	0.000000
PRED	H-SSM	11111
	CALTECH	1
	0.381691	0
	0.000000
PRED	H-SSM	11111
	CALTECH	1
	0.381691	0
	0.000000
PRED	H-SSM	11111
	CALTECH	1
	0.381691	0
	0.000000
PRED	H-SSM	11111
	CALTECH	1
	0.381691	0
	0.000000
PRED	H-SSM	11111
	CALTECH	1
	0.381691	0
	0.000000
PRED	H-SSM	11111
	CALTECH	1
	0.381691	0
	0.000000
PRED	H-SSM	11111
	CALTECH	1
	0.381691	0
	0.000000
PRED	H-SSM	11111
	CALTECH	1
	0.381691	0
	0.000000
PRED	H-SSM	11111
	CALTECH	0
	0.381691	0
	0.000000
PRED	H-SSM	11111
	CALTECH	0
	0.381691	0
	0.000000
PRED	H-SSM	11111
	CALTECH	0
	0.381691	0
	0.000000
PRED	H-SSM	11111
	CALTECH	0
	0.381691	0
	0.000000
PRED	H-SSM	11111
	CALTECH	0
	0.381691	0
	0.000000
PRED	H-SSM	11111
	CALTECH	0
	0.381691	0
	0.000000
PRED	H-SSM	11111
	CALTECH	0
	0.381691	0
	0.000000
PRED	H-SSM	11111
	CALTECH	0
	0.381691	0
	0.000000
PRED	H-SSM	11111
	CALTECH	0
	0.381691	0
	0.000000
PRED	H-SSM	11111
	CALTECH	0
	0.381691	0
	0.000000
PRED	H-SSM	11111
	CALTECH	0
	0.381691	0
	0.000000
PRED	H-SSM	11111
	CALTECH	0
	0.381691	0
	0.000000
PRED	H-SSM	11111
	LEUVEN_2	1
	0.531272	1
	0.000000
PRED	H-SSM	11111
	LEUVEN_2	1
	0.531272	1
	0.000000
PRED	H-SSM	11111
	LEUVEN_2	1
	0.531272	1
	0.000000
PRED	H-SSM	11111
	LEUVEN_2	1
	0.531272	1
	0.000000
PRED	H-SSM	11111
	LEUVEN_2	1
	0.531272	1
	0.000000
PRED	H-SSM	11111
	LEUVEN_2	1
	0.531272	1
	0.000000
PRED	H-SSM	11111
	LEUVEN_2	1
	0.531272	1
	0.000000
PRED	H-SSM	11111
	LEUVEN_2	1
	0.531272	1
	0.000000
PRED	H-SSM	11111
	LEUVEN_2	1
	0.531272	1
	0.000000
PRED	H-SSM	11111
	LEUVEN_2	1
	0.531272	1
	0.000000
PRED	H-SSM	11111
	LEUVEN_2	1
	0.531272	1
	0.000000
PRED	H-SSM	11111
	LEUVEN_2	1
	0.531272	1
	0.000000
PRED	H-SSM	11111
	LEUVEN_2	0
	0.531272	1
	0.000000
PRED	H-SSM	11111
	LEUVEN_2	0
	0.531272	1
	0.000000
PRED	H-SSM	11111
	LEUVEN_2	0
	0.531272	1
	0.000000
PRED	H-SSM	11111
	LEUVEN_2	0
	0.531272	1
	0.000000
PRED	H-SSM	11111
	LEUVEN_2	0
	0.531272	1
	0.000000
PRED	H-SSM	11111
	LEUVEN_2	0
	0.531272	1
	0.000000
PRED	H-SSM	11111
	LEUVEN_2	0
	0.531272	1
	0.000000
PRED	H-SSM	11111
	LEUVEN_2	0
	0.531272	1
	0.000000
PRED	H-SSM	11111
	LEUVEN_2	0
	0.531272	1
	0.000000
PRED	H-SSM	11111
	LEUVEN_2	0
	0.531272	1
	0.000000
PRED	H-SSM	11111
	LEUVEN_2	0
	0.531272	1
	0.000000
PRED	H-SSM	11111
	LEUVEN_2	0
	0.531272	1
	0.000000
PRED	H-SSM	11111
	OLIN	1
	0.567359	1
	0.000000
PRED	H-SSM	11111
	OLIN	1
	0.567359	1
	0.000000
PRED	H-SSM	11111
	OLIN	1
	0.567359	1
	0.000000
PRED	H-SSM	11111
	OLIN	1
	0.567359	1
	0.000000
PRED	H-SSM	11111
	OLIN	1
	0.567359	1
	0.000000
PRED	H-SSM	11111
	OLIN	1
	0.567359	1
	0.000000
PRED	H-SSM	11111
	OLIN	1
	0.567359	1
	0.000000
PRED	H-SSM	11111
	OLIN	1
	0.567359	1
	0.000000
PRED	H-SSM	11111
	OLIN	1
	0.567359	1
	0.000000
PRED	H-SSM	11111
	OLIN	1
	0.567359	1
	0.000000
PRED	H-SSM	11111
	OLIN	1
	0.567359	1
	0.000000
PRED	H-SSM	11111
	OLIN	1
	0.567359	1
	0.000000
PRED	H-SSM	11111
	OLIN	0
	0.567359	1
	0.000000
PRED	H-SSM	11111
	OLIN	0
	0.567359	1
	0.000000
PRED	H-SSM	11111
	OLIN	0
	0.567359	1
	0.000000
PRED	H-SSM	11111
	OLIN	0
	0.567359	1
	0.000000
PRED	H-SSM	11111
	OLIN	0
	0.567359	1
	0.000000
PRED	H-SSM	11111
	OLIN	0
	0.567359	1
	0.000000
PRED	H-SSM	11111
	OLIN	0
	0.567359	1
	0.000000
PRED	H-SSM	11111
	OLIN	0
	0.567359	1
	0.000000
PRED	H-SSM	11111
	OLIN	0
	0.567359	1
	0.000000
PRED	H-SSM	11111
	OLIN	0
	0.567359	1
	0.000000
PRED	H-SSM	11111
	OLIN	0
	0.567359	1
	0.000000
PRED	H-SSM	11111
	OLIN	0
	0.567359	1
	0.000000
PRED	H-SSM	11111
	SBL	1
	0.394735	0
	0.000000
PRED	H-SSM	11111
	SBL	1
	0.394735	0
	0.000000
PRED	H-SSM	11111
	SBL	1
	0.394735	0
	0.000000
PRED	H-SSM	11111
	SBL	1
	0.394735	0
	0.000000
PRED	H-SSM	11111
	SBL	1
	0.394735	0
	0.000000
PRED	H-SSM	11111
	SBL	1
	0.394735	0
	0.000000
PRED	H-SSM	11111
	SBL	1
	0.394735	0
	0.000000
PRED	H-SSM	11111
	SBL	1
	0.394735	0
	0.000000
PRED	H-SSM	11111
	SBL	1
	0.394735	0
	0.000000
PRED	H-SSM	11111
	SBL	1
	0.394735	0
	0.000000
PRED	H-SSM	11111
	SBL	1
	0.394735	0
	0.000000
PRED	H-SSM	11111
	SBL	1
	0.394735	0
	0.000000
PRED	H-SSM	11111
	SBL	0
	0.394735	0
	0.000000
PRED	H-SSM	11111
	SBL	0
	0.394735	0
	0.000000
PRED	H-SSM	11111
	SBL	0
	0.394735	0
	0.000000
PRED	H-SSM	11111
	SBL	0
	0.394735	0
	0.000000
PRED	H-SSM	11111
	SBL	0
	0.394735	0
	0.000000
PRED	H-SSM	11111
	SBL	0
	0.394735	0
	0.000000
PRED	H-SSM	11111
	SBL	0
	0.394735	0
	0.000000
PRED	H-SSM	11111
	SBL	0
	0.394735	0
	0.000000
PRED	H-SSM	11111
	SBL	0
	0.394735	0
	0.000000
PRED	H-SSM	11111
	SBL	0
	0.394735	0
	0.000000
PRED	H-SSM	11111
	SBL	0
	0.394735	0
	0.000000
PRED	H-SSM	11111
	SBL	0
	0.394735	0
	0.000000
PRED	H-SSM	11111
	LEUVEN_1	1
	0.674290	1
	0.000000
PRED	H-SSM	11111
	LEUVEN_1	1
	0.674290	1
	0.000000
PRED	H-SSM	11111
	LEUVEN_1	1
	0.674290	1
	0.000000
PRED	H-SSM	11111
	LEUVEN_1	1
	0.674290	1
	0.000000
PRED	H-SSM	11111
	LEUVEN_1	1
	0.674290	1
	0.000000
PRED	H-SSM	11111
	LEUVEN_1	1
	0.674290	1
	0.000000
PRED	H-SSM	11111
	LEUVEN_1	1
	0.674290	1
	0.000000
PRED	H-SSM	11111
	LEUVEN_1	1
	0.674290	1
	0.000000
PRED	H-SSM	11111
	LEUVEN_1	1
	0.674290	1
	0.000000
PRED	H-SSM	11111
	LEUVEN_1	1
	0.674290	1
	0.000000
PRED	H-SSM	11111
	LEUVEN_1	1
	0.674290	1
	0.000000
PRED	H-SSM	11111
	LEUVEN_1	1
	0.674290	1
	0.000000
PRED	H-SSM	11111
	LEUVEN_1	0
	0.674290	1
	0.000000
PRED	H-SSM	11111
	LEUVEN_1	0
	0.674290	1
	0.000000
PRED	H-SSM	11111
	LEUVEN_1	0
	0.674290	1
	0.000000
PRED	H-SSM	11111
	LEUVEN_1	0
	0.674290	1
	0.000000
PRED	H-SSM	11111
	LEUVEN_1	0
	0.674290	1
	0.000000
PRED	H-SSM	11111
	LEUVEN_1	0
	0.674290	1
	0.000000
PRED	H-SSM	11111
	LEUVEN_1	0
	0.674290	1
	0.000000
PRED	H-SSM	11111
	LEUVEN_1	0
	0.674290	1
	0.000000
PRED	H-SSM	11111
	LEUVEN_1	0
	0.674290	1
	0.000000
PRED	H-SSM	11111
	LEUVEN_1	0
	0.674290	1
	0.000000
PRED	H-SSM	11111
	LEUVEN_1	0
	0.674290	1
	0.000000
PRED	H-SSM	11111
	LEUVEN_1	0
	0.674290	1
	0.000000
PRED	H-SSM	11111
	SDSU	1
	0.438061	0
	0.000000
PRED	H-SSM	11111
	SDSU	1
	0.438061	0
	0.000000
PRED	H-SSM	11111
	SDSU	1
	0.438061	0
	0.000000
PRED	H-SSM	11111
	SDSU	1
	0.438061	0
	0.000000
PRED	H-SSM	11111
	SDSU	1
	0.438061	0
	0.000000
PRED	H-SSM	11111
	SDSU	1
	0.438061	0
	0.000000
PRED	H-SSM	11111
	SDSU	1
	0.438061	0
	0.000000
PRED	H-SSM	11111
	SDSU	1
	0.438061	0
	0.000000
PRED	H-SSM	11111
	SDSU	1
	0.438061	0
	0.000000
PRED	H-SSM	11111
	SDSU	1
	0.438061	0
	0.000000
PRED	H-SSM	11111
	SDSU	1
	0.438061	0
	0.000000
PRED	H-SSM	11111
	SDSU	1
	0.438061	0
	0.000000
PRED	H-SSM	11111
	SDSU	0
	0.438061	0
	0.000000
PRED	H-SSM	11111
	SDSU	0
	0.438061	0
	0.000000
PRED	H-SSM	11111
	SDSU	0
	0.438061	0
	0.000000
PRED	H-SSM	11111
	SDSU	0
	0.438061	0
	0.000000
PRED	H-SSM	11111
	SDSU	0
	0.438061	0
	0.000000
PRED	H-SSM	11111
	SDSU	0
	0.438061	0
	0.000000
PRED	H-SSM	11111
	SDSU	0
	0.438061	0
	0.000000
PRED	H-SSM	11111
	SDSU	0
	0.438061	0
	0.000000
PRED	H-SSM	11111
	SDSU	0
	0.438061	0
	0.000000
PRED	H-SSM	11111
	SDSU	0
	0.438061	0
	0.000000
PRED	H-SSM	11111
	SDSU	0
	0.438061	0
	0.000000
PRED	H-SSM	11111
	SDSU	0
	0.438061	0
	0.000000
PRED	H-SSM	11111
	CMU	1
	0.454472	0
	0.000000
PRED	H-SSM	11111
	CMU	1
	0.454472	0
	0.000000
PRED	H-SSM	11111
	CMU	1
	0.454472	0
	0.000000
PRED	H-SSM	11111
	CMU	1
	0.454472	0
	0.000000
PRED	H-SSM	11111
	CMU	1
	0.454472	0
	0.000000
PRED	H-SSM	11111
	CMU	1
	0.454472	0
	0.000000
PRED	H-SSM	11111
	CMU	1
	0.454472	0
	0.000000
PRED	H-SSM	11111
	CMU	1
	0.454472	0
	0.000000
PRED	H-SSM	11111
	CMU	1
	0.454472	0
	0.000000
PRED	H-SSM	11111
	CMU	1
	0.454472	0
	0.000000
PRED	H-SSM	11111
	CMU	1
	0.454472	0
	0.000000
PRED	H-SSM	11111
	CMU	1
	0.454472	0
	0.000000
PRED	H-SSM	11111
	CMU	0
	0.454472	0
	0.000000
PRED	H-SSM	11111
	CMU	0
	0.454472	0
	0.000000
PRED	H-SSM	11111
	CMU	0
	0.454472	0
	0.000000
PRED	H-SSM	11111
	CMU	0
	0.454472	0
	0.000000
PRED	H-SSM	11111
	CMU	0
	0.454472	0
	0.000000
PRED	H-SSM	11111
	CMU	0
	0.454472	0
	0.000000
PRED	H-SSM	11111
	CMU	0
	0.454472	0
	0.000000
PRED	H-SSM	11111
	CMU	0
	0.454472	0
	0.000000
PRED	H-SSM	11111
	CMU	0
	0.454472	0
	0.000000
PRED	H-SSM	11111
	CMU	0
	0.454472	0
	0.000000
PRED	H-SSM	11111
	CMU	0
	0.454472	0
	0.000000
PRED	H-SSM	11111
	CMU	0
	0.454472	0
	0.000000
PRED	H-SSM	11111
	UCLA_2	1
	0.516521	1
	0.000000
PRED	H-SSM	11111
	UCLA_2	1
	0.516521	1
	0.000000
PRED	H-SSM	11111
	UCLA_2	1
	0.516521	1
	0.000000
PRED	H-SSM	11111
	UCLA_2	1
	0.516521	1
	0.000000
PRED	H-SSM	11111
	UCLA_2	1
	0.516521	1
	0.000000
PRED	H-SSM	11111
	UCLA_2	1
	0.516521	1
	0.000000
PRED	H-SSM	11111
	UCLA_2	1
	0.516521	1
	0.000000
PRED	H-SSM	11111
	UCLA_2	1
	0.516521	1
	0.000000
PRED	H-SSM	11111
	UCLA_2	1
	0.516521	1
	0.000000
PRED	H-SSM	11111
	UCLA_2	1
	0.516521	1
	0.000000
PRED	H-SSM	11111
	UCLA_2	1
	0.516521	1
	0.000000
PRED	H-SSM	11111
	UCLA_2	1
	0.516521	1
	0.000000
PRED	H-SSM	11111
	UCLA_2	0
	0.516521	1
	0.000000
PRED	H-SSM	11111
	UCLA_2	0
	0.516521	1
	0.000000
PRED	H-SSM	11111
	UCLA_2	0
	0.516521	1
	0.000000
PRED	H-SSM	11111
	UCLA_2	0
	0.516521	1
	0.000000
PRED	H-SSM	11111
	UCLA_2	0
	0.516521	1
	0.000000
PRED	H-SSM	11111
	UCLA_2	0
	0.516521	1
	0.000000
PRED	H-SSM	11111
	UCLA_2	0
	0.516521	1
	0.000000
PRED	H-SSM	11111
	UCLA_2	0
	0.516521	1
	0.000000
PRED	H-SSM	11111
	UCLA_2	0
	0.516521	1
	0.000000
PRED	H-SSM	11111
	UCLA_2	0
	0.516521	1
	0.000000
PRED	H-SSM	11111
	UCLA_2	0
	0.516521	1
	0.000000
PRED	H-SSM	11111
	UCLA_2	0
	0.516521	1
	0.000000
PRED	H-SSM	11111
	UM_2	1
	0.343222	0
	0.000000
PRED	H-SSM	11111
	UM_2	1
	0.343222	0
	0.000000
PRED	H-SSM	11111
	UM_2	1
	0.343222	0
	0.000000
PRED	H-SSM	11111
	UM_2	1
	0.343222	0
	0.000000
PRED	H-SSM	11111
	UM_2	1
	0.343222	0
	0.000000
PRED	H-SSM	11111
	UM_2	1
	0.343222	0
	0.000000
PRED	H-SSM	11111
	UM_2	1
	0.343222	0
	0.000000
PRED	H-SSM	11111
	UM_2	1
	0.343222	0
	0.000000
PRED	H-SSM	11111
	UM_2	1
	0.343222	0
	0.000000
PRED	H-SSM	11111
	UM_2	1
	0.343222	0
	0.000000
PRED	H-SSM	11111
	UM_2	1
	0.343222	0
	0.000000
PRED	H-SSM	11111
	UM_2	1
	0.343222	0
	0.000000
PRED	H-SSM	11111
	UM_2	0
	0.343222	0
	0.000000
PRED	H-SSM	11111
	UM_2	0
	0.343222	0
	0.000000
PRED	H-SSM	11111
	UM_2	0
	0.343222	0
	0.000000
PRED	H-SSM	11111
	UM_2	0
	0.343222	0
	0.000000
PRED	H-SSM	11111
	UM_2	0
	0.343222	0
	0.000000
PRED	H-SSM	11111
	UM_2	0
	0.343222	0
	0.000000
PRED	H-SSM	11111
	UM_2	0
	0.343222	0
	0.000000
PRED	H-SSM	11111
	UM_2	0
	0.343222	0
	0.000000
PRED	H-SSM	11111
	UM_2	0
	0.343222	0
	0.000000
PRED	H-SSM	11111
	UM_2	0
	0.343222	0
	0.000000
PRED	H-SSM	11111
	UM_2	0
	0.343222	0
	0.000000
PRED	H-SSM	11111
	UM_2	0
	0.343222	0
	0.000000
PRED	H-SSM	11111
	OHSU	1
	0.415050	0
	0.000000
PRED	H-SSM	11111
	OHSU	1
	0.415050	0
	0.000000
PRED	H-SSM	11111
	OHSU	1
	0.415050	0
	0.000000
PRED	H-SSM	11111
	OHSU	1
	0.415050	0
	0.000000
PRED	H-SSM	11111
	OHSU	1
	0.415050	0
	0.000000
PRED	H-SSM	11111
	OHSU	1
	0.415050	0
	0.000000
PRED	H-SSM	11111
	OHSU	1
	0.415050	0
	0.000000
PRED	H-SSM	11111
	OHSU	1
	0.415050	0
	0.000000
PRED	H-SSM	11111
	OHSU	1
	0.415050	0
	0.000000
PRED	H-SSM	11111
	OHSU	1
	0.415050	0
	0.000000
PRED	H-SSM	11111
	OHSU	1
	0.415050	0
	0.000000
PRED	H-SSM	11111
	OHSU	1
	0.415050	0
	0.000000
PRED	H-SSM	11111
	OHSU	0
	0.415050	0
	0.000000
PRED	H-SSM	11111
	OHSU	0
	0.415050	0
	0.000000
PRED	H-SSM	11111
	OHSU	0
	0.415050	0
	0.000000
PRED	H-SSM	11111
	OHSU	0
	0.415050	0
	0.000000
PRED	H-SSM	11111
	OHSU	0
	0.415050	0
	0.000000
PRED	H-SSM	11111
	OHSU	0
	0.415050	0
	0.000000
PRED	H-SSM	11111
	OHSU	0
	0.415050	0
	0.000000
PRED	H-SSM	11111
	OHSU	0
	0.415050	0
	0.000000
PRED	H-SSM	11111
	OHSU	0
	0.415050	0
	0.000000
PRED	H-SSM	11111
	OHSU	0
	0.415050	0
	0.000000
PRED	H-SSM	11111
	OHSU	0
	0.415050	0
	0.000000
PRED	H-SSM	11111
	OHSU	0
	0.415050	0
	0.000000
  H-SSM    11111
   acc=50.000000% bal=50.000000% sites=20
/20
 test_n=500
 assoc=0.000000
PRED	H-SSM	99887
	NYU	1
	0.465949	0
	0.000000
PRED	H-SSM	99887
	NYU	1
	0.465949	0
	0.000000
PRED	H-SSM	99887
	NYU	1
	0.465949	0
	0.000000
PRED	H-SSM	99887
	NYU	1
	0.465949	0
	0.000000
PRED	H-SSM	99887
	NYU	1
	0.465949	0
	0.000000
PRED	H-SSM	99887
	NYU	1
	0.465949	0
	0.000000
PRED	H-SSM	99887
	NYU	1
	0.465949	0
	0.000000
PRED	H-SSM	99887
	NYU	1
	0.465949	0
	0.000000
PRED	H-SSM	99887
	NYU	1
	0.465949	0
	0.000000
PRED	H-SSM	99887
	NYU	1
	0.465949	0
	0.000000
PRED	H-SSM	99887
	NYU	1
	0.465949	0
	0.000000
PRED	H-SSM	99887
	NYU	1
	0.465949	0
	0.000000
PRED	H-SSM	99887
	NYU	1
	0.465949	0
	0.000000
PRED	H-SSM	99887
	NYU	0
	0.465949	0
	0.000000
PRED	H-SSM	99887
	NYU	0
	0.465949	0
	0.000000
PRED	H-SSM	99887
	NYU	0
	0.465949	0
	0.000000
PRED	H-SSM	99887
	NYU	0
	0.465949	0
	0.000000
PRED	H-SSM	99887
	NYU	0
	0.465949	0
	0.000000
PRED	H-SSM	99887
	NYU	0
	0.465949	0
	0.000000
PRED	H-SSM	99887
	NYU	0
	0.465949	0
	0.000000
PRED	H-SSM	99887
	NYU	0
	0.465949	0
	0.000000
PRED	H-SSM	99887
	NYU	0
	0.465949	0
	0.000000
PRED	H-SSM	99887
	NYU	0
	0.465949	0
	0.000000
PRED	H-SSM	99887
	NYU	0
	0.465949	0
	0.000000
PRED	H-SSM	99887
	NYU	0
	0.465949	0
	0.000000
PRED	H-SSM	99887
	NYU	0
	0.465949	0
	0.000000
PRED	H-SSM	99887
	UM_1	1
	0.479038	0
	0.000000
PRED	H-SSM	99887
	UM_1	1
	0.479038	0
	0.000000
PRED	H-SSM	99887
	UM_1	1
	0.479038	0
	0.000000
PRED	H-SSM	99887
	UM_1	1
	0.479038	0
	0.000000
PRED	H-SSM	99887
	UM_1	1
	0.479038	0
	0.000000
PRED	H-SSM	99887
	UM_1	1
	0.479038	0
	0.000000
PRED	H-SSM	99887
	UM_1	1
	0.479038	0
	0.000000
PRED	H-SSM	99887
	UM_1	1
	0.479038	0
	0.000000
PRED	H-SSM	99887
	UM_1	1
	0.479038	0
	0.000000
PRED	H-SSM	99887
	UM_1	1
	0.479038	0
	0.000000
PRED	H-SSM	99887
	UM_1	1
	0.479038	0
	0.000000
PRED	H-SSM	99887
	UM_1	1
	0.479038	0
	0.000000
PRED	H-SSM	99887
	UM_1	1
	0.479038	0
	0.000000
PRED	H-SSM	99887
	UM_1	0
	0.479038	0
	0.000000
PRED	H-SSM	99887
	UM_1	0
	0.479038	0
	0.000000
PRED	H-SSM	99887
	UM_1	0
	0.479038	0
	0.000000
PRED	H-SSM	99887
	UM_1	0
	0.479038	0
	0.000000
PRED	H-SSM	99887
	UM_1	0
	0.479038	0
	0.000000
PRED	H-SSM	99887
	UM_1	0
	0.479038	0
	0.000000
PRED	H-SSM	99887
	UM_1	0
	0.479038	0
	0.000000
PRED	H-SSM	99887
	UM_1	0
	0.479038	0
	0.000000
PRED	H-SSM	99887
	UM_1	0
	0.479038	0
	0.000000
PRED	H-SSM	99887
	UM_1	0
	0.479038	0
	0.000000
PRED	H-SSM	99887
	UM_1	0
	0.479038	0
	0.000000
PRED	H-SSM	99887
	UM_1	0
	0.479038	0
	0.000000
PRED	H-SSM	99887
	UM_1	0
	0.479038	0
	0.000000
PRED	H-SSM	99887
	UCLA_1	1
	0.263854	0
	0.000000
PRED	H-SSM	99887
	UCLA_1	1
	0.263854	0
	0.000000
PRED	H-SSM	99887
	UCLA_1	1
	0.263854	0
	0.000000
PRED	H-SSM	99887
	UCLA_1	1
	0.263854	0
	0.000000
PRED	H-SSM	99887
	UCLA_1	1
	0.263854	0
	0.000000
PRED	H-SSM	99887
	UCLA_1	1
	0.263854	0
	0.000000
PRED	H-SSM	99887
	UCLA_1	1
	0.263854	0
	0.000000
PRED	H-SSM	99887
	UCLA_1	1
	0.263854	0
	0.000000
PRED	H-SSM	99887
	UCLA_1	1
	0.263854	0
	0.000000
PRED	H-SSM	99887
	UCLA_1	1
	0.263854	0
	0.000000
PRED	H-SSM	99887
	UCLA_1	1
	0.263854	0
	0.000000
PRED	H-SSM	99887
	UCLA_1	1
	0.263854	0
	0.000000
PRED	H-SSM	99887
	UCLA_1	1
	0.263854	0
	0.000000
PRED	H-SSM	99887
	UCLA_1	0
	0.263854	0
	0.000000
PRED	H-SSM	99887
	UCLA_1	0
	0.263854	0
	0.000000
PRED	H-SSM	99887
	UCLA_1	0
	0.263854	0
	0.000000
PRED	H-SSM	99887
	UCLA_1	0
	0.263854	0
	0.000000
PRED	H-SSM	99887
	UCLA_1	0
	0.263854	0
	0.000000
PRED	H-SSM	99887
	UCLA_1	0
	0.263854	0
	0.000000
PRED	H-SSM	99887
	UCLA_1	0
	0.263854	0
	0.000000
PRED	H-SSM	99887
	UCLA_1	0
	0.263854	0
	0.000000
PRED	H-SSM	99887
	UCLA_1	0
	0.263854	0
	0.000000
PRED	H-SSM	99887
	UCLA_1	0
	0.263854	0
	0.000000
PRED	H-SSM	99887
	UCLA_1	0
	0.263854	0
	0.000000
PRED	H-SSM	99887
	UCLA_1	0
	0.263854	0
	0.000000
PRED	H-SSM	99887
	UCLA_1	0
	0.263854	0
	0.000000
PRED	H-SSM	99887
	YALE	1
	0.562784	1
	0.000000
PRED	H-SSM	99887
	YALE	1
	0.562784	1
	0.000000
PRED	H-SSM	99887
	YALE	1
	0.562784	1
	0.000000
PRED	H-SSM	99887
	YALE	1
	0.562784	1
	0.000000
PRED	H-SSM	99887
	YALE	1
	0.562784	1
	0.000000
PRED	H-SSM	99887
	YALE	1
	0.562784	1
	0.000000
PRED	H-SSM	99887
	YALE	1
	0.562784	1
	0.000000
PRED	H-SSM	99887
	YALE	1
	0.562784	1
	0.000000
PRED	H-SSM	99887
	YALE	1
	0.562784	1
	0.000000
PRED	H-SSM	99887
	YALE	1
	0.562784	1
	0.000000
PRED	H-SSM	99887
	YALE	1
	0.562784	1
	0.000000
PRED	H-SSM	99887
	YALE	1
	0.562784	1
	0.000000
PRED	H-SSM	99887
	YALE	1
	0.562784	1
	0.000000
PRED	H-SSM	99887
	YALE	0
	0.562784	1
	0.000000
PRED	H-SSM	99887
	YALE	0
	0.562784	1
	0.000000
PRED	H-SSM	99887
	YALE	0
	0.562784	1
	0.000000
PRED	H-SSM	99887
	YALE	0
	0.562784	1
	0.000000
PRED	H-SSM	99887
	YALE	0
	0.562784	1
	0.000000
PRED	H-SSM	99887
	YALE	0
	0.562784	1
	0.000000
PRED	H-SSM	99887
	YALE	0
	0.562784	1
	0.000000
PRED	H-SSM	99887
	YALE	0
	0.562784	1
	0.000000
PRED	H-SSM	99887
	YALE	0
	0.562784	1
	0.000000
PRED	H-SSM	99887
	YALE	0
	0.562784	1
	0.000000
PRED	H-SSM	99887
	YALE	0
	0.562784	1
	0.000000
PRED	H-SSM	99887
	YALE	0
	0.562784	1
	0.000000
PRED	H-SSM	99887
	YALE	0
	0.562784	1
	0.000000
PRED	H-SSM	99887
	PITT	1
	0.542131	1
	0.000000
PRED	H-SSM	99887
	PITT	1
	0.542131	1
	0.000000
PRED	H-SSM	99887
	PITT	1
	0.542131	1
	0.000000
PRED	H-SSM	99887
	PITT	1
	0.542131	1
	0.000000
PRED	H-SSM	99887
	PITT	1
	0.542131	1
	0.000000
PRED	H-SSM	99887
	PITT	1
	0.542131	1
	0.000000
PRED	H-SSM	99887
	PITT	1
	0.542131	1
	0.000000
PRED	H-SSM	99887
	PITT	1
	0.542131	1
	0.000000
PRED	H-SSM	99887
	PITT	1
	0.542131	1
	0.000000
PRED	H-SSM	99887
	PITT	1
	0.542131	1
	0.000000
PRED	H-SSM	99887
	PITT	1
	0.542131	1
	0.000000
PRED	H-SSM	99887
	PITT	1
	0.542131	1
	0.000000
PRED	H-SSM	99887
	PITT	1
	0.542131	1
	0.000000
PRED	H-SSM	99887
	PITT	0
	0.542131	1
	0.000000
PRED	H-SSM	99887
	PITT	0
	0.542131	1
	0.000000
PRED	H-SSM	99887
	PITT	0
	0.542131	1
	0.000000
PRED	H-SSM	99887
	PITT	0
	0.542131	1
	0.000000
PRED	H-SSM	99887
	PITT	0
	0.542131	1
	0.000000
PRED	H-SSM	99887
	PITT	0
	0.542131	1
	0.000000
PRED	H-SSM	99887
	PITT	0
	0.542131	1
	0.000000
PRED	H-SSM	99887
	PITT	0
	0.542131	1
	0.000000
PRED	H-SSM	99887
	PITT	0
	0.542131	1
	0.000000
PRED	H-SSM	99887
	PITT	0
	0.542131	1
	0.000000
PRED	H-SSM	99887
	PITT	0
	0.542131	1
	0.000000
PRED	H-SSM	99887
	PITT	0
	0.542131	1
	0.000000
PRED	H-SSM	99887
	PITT	0
	0.542131	1
	0.000000
PRED	H-SSM	99887
	USM	1
	0.639438	1
	0.000000
PRED	H-SSM	99887
	USM	1
	0.639438	1
	0.000000
PRED	H-SSM	99887
	USM	1
	0.639438	1
	0.000000
PRED	H-SSM	99887
	USM	1
	0.639438	1
	0.000000
PRED	H-SSM	99887
	USM	1
	0.639438	1
	0.000000
PRED	H-SSM	99887
	USM	1
	0.639438	1
	0.000000
PRED	H-SSM	99887
	USM	1
	0.639438	1
	0.000000
PRED	H-SSM	99887
	USM	1
	0.639438	1
	0.000000
PRED	H-SSM	99887
	USM	1
	0.639438	1
	0.000000
PRED	H-SSM	99887
	USM	1
	0.639438	1
	0.000000
PRED	H-SSM	99887
	USM	1
	0.639438	1
	0.000000
PRED	H-SSM	99887
	USM	1
	0.639438	1
	0.000000
PRED	H-SSM	99887
	USM	1
	0.639438	1
	0.000000
PRED	H-SSM	99887
	USM	0
	0.639438	1
	0.000000
PRED	H-SSM	99887
	USM	0
	0.639438	1
	0.000000
PRED	H-SSM	99887
	USM	0
	0.639438	1
	0.000000
PRED	H-SSM	99887
	USM	0
	0.639438	1
	0.000000
PRED	H-SSM	99887
	USM	0
	0.639438	1
	0.000000
PRED	H-SSM	99887
	USM	0
	0.639438	1
	0.000000
PRED	H-SSM	99887
	USM	0
	0.639438	1
	0.000000
PRED	H-SSM	99887
	USM	0
	0.639438	1
	0.000000
PRED	H-SSM	99887
	USM	0
	0.639438	1
	0.000000
PRED	H-SSM	99887
	USM	0
	0.639438	1
	0.000000
PRED	H-SSM	99887
	USM	0
	0.639438	1
	0.000000
PRED	H-SSM	99887
	USM	0
	0.639438	1
	0.000000
PRED	H-SSM	99887
	USM	0
	0.639438	1
	0.000000
PRED	H-SSM	99887
	MAX_MUN	1
	0.551761	1
	0.000000
PRED	H-SSM	99887
	MAX_MUN	1
	0.551761	1
	0.000000
PRED	H-SSM	99887
	MAX_MUN	1
	0.551761	1
	0.000000
PRED	H-SSM	99887
	MAX_MUN	1
	0.551761	1
	0.000000
PRED	H-SSM	99887
	MAX_MUN	1
	0.551761	1
	0.000000
PRED	H-SSM	99887
	MAX_MUN	1
	0.551761	1
	0.000000
PRED	H-SSM	99887
	MAX_MUN	1
	0.551761	1
	0.000000
PRED	H-SSM	99887
	MAX_MUN	1
	0.551761	1
	0.000000
PRED	H-SSM	99887
	MAX_MUN	1
	0.551761	1
	0.000000
PRED	H-SSM	99887
	MAX_MUN	1
	0.551761	1
	0.000000
PRED	H-SSM	99887
	MAX_MUN	1
	0.551761	1
	0.000000
PRED	H-SSM	99887
	MAX_MUN	1
	0.551761	1
	0.000000
PRED	H-SSM	99887
	MAX_MUN	1
	0.551761	1
	0.000000
PRED	H-SSM	99887
	MAX_MUN	0
	0.551761	1
	0.000000
PRED	H-SSM	99887
	MAX_MUN	0
	0.551761	1
	0.000000
PRED	H-SSM	99887
	MAX_MUN	0
	0.551761	1
	0.000000
PRED	H-SSM	99887
	MAX_MUN	0
	0.551761	1
	0.000000
PRED	H-SSM	99887
	MAX_MUN	0
	0.551761	1
	0.000000
PRED	H-SSM	99887
	MAX_MUN	0
	0.551761	1
	0.000000
PRED	H-SSM	99887
	MAX_MUN	0
	0.551761	1
	0.000000
PRED	H-SSM	99887
	MAX_MUN	0
	0.551761	1
	0.000000
PRED	H-SSM	99887
	MAX_MUN	0
	0.551761	1
	0.000000
PRED	H-SSM	99887
	MAX_MUN	0
	0.551761	1
	0.000000
PRED	H-SSM	99887
	MAX_MUN	0
	0.551761	1
	0.000000
PRED	H-SSM	99887
	MAX_MUN	0
	0.551761	1
	0.000000
PRED	H-SSM	99887
	MAX_MUN	0
	0.551761	1
	0.000000
PRED	H-SSM	99887
	TRINITY	1
	0.389817	0
	0.000000
PRED	H-SSM	99887
	TRINITY	1
	0.389817	0
	0.000000
PRED	H-SSM	99887
	TRINITY	1
	0.389817	0
	0.000000
PRED	H-SSM	99887
	TRINITY	1
	0.389817	0
	0.000000
PRED	H-SSM	99887
	TRINITY	1
	0.389817	0
	0.000000
PRED	H-SSM	99887
	TRINITY	1
	0.389817	0
	0.000000
PRED	H-SSM	99887
	TRINITY	1
	0.389817	0
	0.000000
PRED	H-SSM	99887
	TRINITY	1
	0.389817	0
	0.000000
PRED	H-SSM	99887
	TRINITY	1
	0.389817	0
	0.000000
PRED	H-SSM	99887
	TRINITY	1
	0.389817	0
	0.000000
PRED	H-SSM	99887
	TRINITY	1
	0.389817	0
	0.000000
PRED	H-SSM	99887
	TRINITY	1
	0.389817	0
	0.000000
PRED	H-SSM	99887
	TRINITY	1
	0.389817	0
	0.000000
PRED	H-SSM	99887
	TRINITY	0
	0.389817	0
	0.000000
PRED	H-SSM	99887
	TRINITY	0
	0.389817	0
	0.000000
PRED	H-SSM	99887
	TRINITY	0
	0.389817	0
	0.000000
PRED	H-SSM	99887
	TRINITY	0
	0.389817	0
	0.000000
PRED	H-SSM	99887
	TRINITY	0
	0.389817	0
	0.000000
PRED	H-SSM	99887
	TRINITY	0
	0.389817	0
	0.000000
PRED	H-SSM	99887
	TRINITY	0
	0.389817	0
	0.000000
PRED	H-SSM	99887
	TRINITY	0
	0.389817	0
	0.000000
PRED	H-SSM	99887
	TRINITY	0
	0.389817	0
	0.000000
PRED	H-SSM	99887
	TRINITY	0
	0.389817	0
	0.000000
PRED	H-SSM	99887
	TRINITY	0
	0.389817	0
	0.000000
PRED	H-SSM	99887
	TRINITY	0
	0.389817	0
	0.000000
PRED	H-SSM	99887
	TRINITY	0
	0.389817	0
	0.000000
PRED	H-SSM	99887
	KKI	1
	0.249932	0
	0.000000
PRED	H-SSM	99887
	KKI	1
	0.249932	0
	0.000000
PRED	H-SSM	99887
	KKI	1
	0.249932	0
	0.000000
PRED	H-SSM	99887
	KKI	1
	0.249932	0
	0.000000
PRED	H-SSM	99887
	KKI	1
	0.249932	0
	0.000000
PRED	H-SSM	99887
	KKI	1
	0.249932	0
	0.000000
PRED	H-SSM	99887
	KKI	1
	0.249932	0
	0.000000
PRED	H-SSM	99887
	KKI	1
	0.249932	0
	0.000000
PRED	H-SSM	99887
	KKI	1
	0.249932	0
	0.000000
PRED	H-SSM	99887
	KKI	1
	0.249932	0
	0.000000
PRED	H-SSM	99887
	KKI	1
	0.249932	0
	0.000000
PRED	H-SSM	99887
	KKI	1
	0.249932	0
	0.000000
PRED	H-SSM	99887
	KKI	1
	0.249932	0
	0.000000
PRED	H-SSM	99887
	KKI	0
	0.249932	0
	0.000000
PRED	H-SSM	99887
	KKI	0
	0.249932	0
	0.000000
PRED	H-SSM	99887
	KKI	0
	0.249932	0
	0.000000
PRED	H-SSM	99887
	KKI	0
	0.249932	0
	0.000000
PRED	H-SSM	99887
	KKI	0
	0.249932	0
	0.000000
PRED	H-SSM	99887
	KKI	0
	0.249932	0
	0.000000
PRED	H-SSM	99887
	KKI	0
	0.249932	0
	0.000000
PRED	H-SSM	99887
	KKI	0
	0.249932	0
	0.000000
PRED	H-SSM	99887
	KKI	0
	0.249932	0
	0.000000
PRED	H-SSM	99887
	KKI	0
	0.249932	0
	0.000000
PRED	H-SSM	99887
	KKI	0
	0.249932	0
	0.000000
PRED	H-SSM	99887
	KKI	0
	0.249932	0
	0.000000
PRED	H-SSM	99887
	KKI	0
	0.249932	0
	0.000000
PRED	H-SSM	99887
	STANFORD	1
	0.586435	1
	0.000000
PRED	H-SSM	99887
	STANFORD	1
	0.586435	1
	0.000000
PRED	H-SSM	99887
	STANFORD	1
	0.586435	1
	0.000000
PRED	H-SSM	99887
	STANFORD	1
	0.586435	1
	0.000000
PRED	H-SSM	99887
	STANFORD	1
	0.586435	1
	0.000000
PRED	H-SSM	99887
	STANFORD	1
	0.586435	1
	0.000000
PRED	H-SSM	99887
	STANFORD	1
	0.586435	1
	0.000000
PRED	H-SSM	99887
	STANFORD	1
	0.586435	1
	0.000000
PRED	H-SSM	99887
	STANFORD	1
	0.586435	1
	0.000000
PRED	H-SSM	99887
	STANFORD	1
	0.586435	1
	0.000000
PRED	H-SSM	99887
	STANFORD	1
	0.586435	1
	0.000000
PRED	H-SSM	99887
	STANFORD	1
	0.586435	1
	0.000000
PRED	H-SSM	99887
	STANFORD	1
	0.586435	1
	0.000000
PRED	H-SSM	99887
	STANFORD	0
	0.586435	1
	0.000000
PRED	H-SSM	99887
	STANFORD	0
	0.586435	1
	0.000000
PRED	H-SSM	99887
	STANFORD	0
	0.586435	1
	0.000000
PRED	H-SSM	99887
	STANFORD	0
	0.586435	1
	0.000000
PRED	H-SSM	99887
	STANFORD	0
	0.586435	1
	0.000000
PRED	H-SSM	99887
	STANFORD	0
	0.586435	1
	0.000000
PRED	H-SSM	99887
	STANFORD	0
	0.586435	1
	0.000000
PRED	H-SSM	99887
	STANFORD	0
	0.586435	1
	0.000000
PRED	H-SSM	99887
	STANFORD	0
	0.586435	1
	0.000000
PRED	H-SSM	99887
	STANFORD	0
	0.586435	1
	0.000000
PRED	H-SSM	99887
	STANFORD	0
	0.586435	1
	0.000000
PRED	H-SSM	99887
	STANFORD	0
	0.586435	1
	0.000000
PRED	H-SSM	99887
	STANFORD	0
	0.586435	1
	0.000000
PRED	H-SSM	99887
	CALTECH	1
	0.573911	1
	0.000000
PRED	H-SSM	99887
	CALTECH	1
	0.573911	1
	0.000000
PRED	H-SSM	99887
	CALTECH	1
	0.573911	1
	0.000000
PRED	H-SSM	99887
	CALTECH	1
	0.573911	1
	0.000000
PRED	H-SSM	99887
	CALTECH	1
	0.573911	1
	0.000000
PRED	H-SSM	99887
	CALTECH	1
	0.573911	1
	0.000000
PRED	H-SSM	99887
	CALTECH	1
	0.573911	1
	0.000000
PRED	H-SSM	99887
	CALTECH	1
	0.573911	1
	0.000000
PRED	H-SSM	99887
	CALTECH	1
	0.573911	1
	0.000000
PRED	H-SSM	99887
	CALTECH	1
	0.573911	1
	0.000000
PRED	H-SSM	99887
	CALTECH	1
	0.573911	1
	0.000000
PRED	H-SSM	99887
	CALTECH	1
	0.573911	1
	0.000000
PRED	H-SSM	99887
	CALTECH	0
	0.573911	1
	0.000000
PRED	H-SSM	99887
	CALTECH	0
	0.573911	1
	0.000000
PRED	H-SSM	99887
	CALTECH	0
	0.573911	1
	0.000000
PRED	H-SSM	99887
	CALTECH	0
	0.573911	1
	0.000000
PRED	H-SSM	99887
	CALTECH	0
	0.573911	1
	0.000000
PRED	H-SSM	99887
	CALTECH	0
	0.573911	1
	0.000000
PRED	H-SSM	99887
	CALTECH	0
	0.573911	1
	0.000000
PRED	H-SSM	99887
	CALTECH	0
	0.573911	1
	0.000000
PRED	H-SSM	99887
	CALTECH	0
	0.573911	1
	0.000000
PRED	H-SSM	99887
	CALTECH	0
	0.573911	1
	0.000000
PRED	H-SSM	99887
	CALTECH	0
	0.573911	1
	0.000000
PRED	H-SSM	99887
	CALTECH	0
	0.573911	1
	0.000000
PRED	H-SSM	99887
	LEUVEN_2	1
	0.530031	1
	0.000000
PRED	H-SSM	99887
	LEUVEN_2	1
	0.530031	1
	0.000000
PRED	H-SSM	99887
	LEUVEN_2	1
	0.530031	1
	0.000000
PRED	H-SSM	99887
	LEUVEN_2	1
	0.530031	1
	0.000000
PRED	H-SSM	99887
	LEUVEN_2	1
	0.530031	1
	0.000000
PRED	H-SSM	99887
	LEUVEN_2	1
	0.530031	1
	0.000000
PRED	H-SSM	99887
	LEUVEN_2	1
	0.530031	1
	0.000000
PRED	H-SSM	99887
	LEUVEN_2	1
	0.530031	1
	0.000000
PRED	H-SSM	99887
	LEUVEN_2	1
	0.530031	1
	0.000000
PRED	H-SSM	99887
	LEUVEN_2	1
	0.530031	1
	0.000000
PRED	H-SSM	99887
	LEUVEN_2	1
	0.530031	1
	0.000000
PRED	H-SSM	99887
	LEUVEN_2	1
	0.530031	1
	0.000000
PRED	H-SSM	99887
	LEUVEN_2	0
	0.530031	1
	0.000000
PRED	H-SSM	99887
	LEUVEN_2	0
	0.530031	1
	0.000000
PRED	H-SSM	99887
	LEUVEN_2	0
	0.530031	1
	0.000000
PRED	H-SSM	99887
	LEUVEN_2	0
	0.530031	1
	0.000000
PRED	H-SSM	99887
	LEUVEN_2	0
	0.530031	1
	0.000000
PRED	H-SSM	99887
	LEUVEN_2	0
	0.530031	1
	0.000000
PRED	H-SSM	99887
	LEUVEN_2	0
	0.530031	1
	0.000000
PRED	H-SSM	99887
	LEUVEN_2	0
	0.530031	1
	0.000000
PRED	H-SSM	99887
	LEUVEN_2	0
	0.530031	1
	0.000000
PRED	H-SSM	99887
	LEUVEN_2	0
	0.530031	1
	0.000000
PRED	H-SSM	99887
	LEUVEN_2	0
	0.530031	1
	0.000000
PRED	H-SSM	99887
	LEUVEN_2	0
	0.530031	1
	0.000000
PRED	H-SSM	99887
	OLIN	1
	0.375122	0
	0.000000
PRED	H-SSM	99887
	OLIN	1
	0.375122	0
	0.000000
PRED	H-SSM	99887
	OLIN	1
	0.375122	0
	0.000000
PRED	H-SSM	99887
	OLIN	1
	0.375122	0
	0.000000
PRED	H-SSM	99887
	OLIN	1
	0.375122	0
	0.000000
PRED	H-SSM	99887
	OLIN	1
	0.375122	0
	0.000000
PRED	H-SSM	99887
	OLIN	1
	0.375122	0
	0.000000
PRED	H-SSM	99887
	OLIN	1
	0.375122	0
	0.000000
PRED	H-SSM	99887
	OLIN	1
	0.375122	0
	0.000000
PRED	H-SSM	99887
	OLIN	1
	0.375122	0
	0.000000
PRED	H-SSM	99887
	OLIN	1
	0.375122	0
	0.000000
PRED	H-SSM	99887
	OLIN	1
	0.375122	0
	0.000000
PRED	H-SSM	99887
	OLIN	0
	0.375122	0
	0.000000
PRED	H-SSM	99887
	OLIN	0
	0.375122	0
	0.000000
PRED	H-SSM	99887
	OLIN	0
	0.375122	0
	0.000000
PRED	H-SSM	99887
	OLIN	0
	0.375122	0
	0.000000
PRED	H-SSM	99887
	OLIN	0
	0.375122	0
	0.000000
PRED	H-SSM	99887
	OLIN	0
	0.375122	0
	0.000000
PRED	H-SSM	99887
	OLIN	0
	0.375122	0
	0.000000
PRED	H-SSM	99887
	OLIN	0
	0.375122	0
	0.000000
PRED	H-SSM	99887
	OLIN	0
	0.375122	0
	0.000000
PRED	H-SSM	99887
	OLIN	0
	0.375122	0
	0.000000
PRED	H-SSM	99887
	OLIN	0
	0.375122	0
	0.000000
PRED	H-SSM	99887
	OLIN	0
	0.375122	0
	0.000000
PRED	H-SSM	99887
	SBL	1
	0.353247	0
	0.000000
PRED	H-SSM	99887
	SBL	1
	0.353247	0
	0.000000
PRED	H-SSM	99887
	SBL	1
	0.353247	0
	0.000000
PRED	H-SSM	99887
	SBL	1
	0.353247	0
	0.000000
PRED	H-SSM	99887
	SBL	1
	0.353247	0
	0.000000
PRED	H-SSM	99887
	SBL	1
	0.353247	0
	0.000000
PRED	H-SSM	99887
	SBL	1
	0.353247	0
	0.000000
PRED	H-SSM	99887
	SBL	1
	0.353247	0
	0.000000
PRED	H-SSM	99887
	SBL	1
	0.353247	0
	0.000000
PRED	H-SSM	99887
	SBL	1
	0.353247	0
	0.000000
PRED	H-SSM	99887
	SBL	1
	0.353247	0
	0.000000
PRED	H-SSM	99887
	SBL	1
	0.353247	0
	0.000000
PRED	H-SSM	99887
	SBL	0
	0.353247	0
	0.000000
PRED	H-SSM	99887
	SBL	0
	0.353247	0
	0.000000
PRED	H-SSM	99887
	SBL	0
	0.353247	0
	0.000000
PRED	H-SSM	99887
	SBL	0
	0.353247	0
	0.000000
PRED	H-SSM	99887
	SBL	0
	0.353247	0
	0.000000
PRED	H-SSM	99887
	SBL	0
	0.353247	0
	0.000000
PRED	H-SSM	99887
	SBL	0
	0.353247	0
	0.000000
PRED	H-SSM	99887
	SBL	0
	0.353247	0
	0.000000
PRED	H-SSM	99887
	SBL	0
	0.353247	0
	0.000000
PRED	H-SSM	99887
	SBL	0
	0.353247	0
	0.000000
PRED	H-SSM	99887
	SBL	0
	0.353247	0
	0.000000
PRED	H-SSM	99887
	SBL	0
	0.353247	0
	0.000000
PRED	H-SSM	99887
	LEUVEN_1	1
	0.653390	1
	0.000000
PRED	H-SSM	99887
	LEUVEN_1	1
	0.653390	1
	0.000000
PRED	H-SSM	99887
	LEUVEN_1	1
	0.653390	1
	0.000000
PRED	H-SSM	99887
	LEUVEN_1	1
	0.653390	1
	0.000000
PRED	H-SSM	99887
	LEUVEN_1	1
	0.653390	1
	0.000000
PRED	H-SSM	99887
	LEUVEN_1	1
	0.653390	1
	0.000000
PRED	H-SSM	99887
	LEUVEN_1	1
	0.653390	1
	0.000000
PRED	H-SSM	99887
	LEUVEN_1	1
	0.653390	1
	0.000000
PRED	H-SSM	99887
	LEUVEN_1	1
	0.653390	1
	0.000000
PRED	H-SSM	99887
	LEUVEN_1	1
	0.653390	1
	0.000000
PRED	H-SSM	99887
	LEUVEN_1	1
	0.653390	1
	0.000000
PRED	H-SSM	99887
	LEUVEN_1	1
	0.653390	1
	0.000000
PRED	H-SSM	99887
	LEUVEN_1	0
	0.653390	1
	0.000000
PRED	H-SSM	99887
	LEUVEN_1	0
	0.653390	1
	0.000000
PRED	H-SSM	99887
	LEUVEN_1	0
	0.653390	1
	0.000000
PRED	H-SSM	99887
	LEUVEN_1	0
	0.653390	1
	0.000000
PRED	H-SSM	99887
	LEUVEN_1	0
	0.653390	1
	0.000000
PRED	H-SSM	99887
	LEUVEN_1	0
	0.653390	1
	0.000000
PRED	H-SSM	99887
	LEUVEN_1	0
	0.653390	1
	0.000000
PRED	H-SSM	99887
	LEUVEN_1	0
	0.653390	1
	0.000000
PRED	H-SSM	99887
	LEUVEN_1	0
	0.653390	1
	0.000000
PRED	H-SSM	99887
	LEUVEN_1	0
	0.653390	1
	0.000000
PRED	H-SSM	99887
	LEUVEN_1	0
	0.653390	1
	0.000000
PRED	H-SSM	99887
	LEUVEN_1	0
	0.653390	1
	0.000000
PRED	H-SSM	99887
	SDSU	1
	0.404162	0
	0.000000
PRED	H-SSM	99887
	SDSU	1
	0.404162	0
	0.000000
PRED	H-SSM	99887
	SDSU	1
	0.404162	0
	0.000000
PRED	H-SSM	99887
	SDSU	1
	0.404162	0
	0.000000
PRED	H-SSM	99887
	SDSU	1
	0.404162	0
	0.000000
PRED	H-SSM	99887
	SDSU	1
	0.404162	0
	0.000000
PRED	H-SSM	99887
	SDSU	1
	0.404162	0
	0.000000
PRED	H-SSM	99887
	SDSU	1
	0.404162	0
	0.000000
PRED	H-SSM	99887
	SDSU	1
	0.404162	0
	0.000000
PRED	H-SSM	99887
	SDSU	1
	0.404162	0
	0.000000
PRED	H-SSM	99887
	SDSU	1
	0.404162	0
	0.000000
PRED	H-SSM	99887
	SDSU	1
	0.404162	0
	0.000000
PRED	H-SSM	99887
	SDSU	0
	0.404162	0
	0.000000
PRED	H-SSM	99887
	SDSU	0
	0.404162	0
	0.000000
PRED	H-SSM	99887
	SDSU	0
	0.404162	0
	0.000000
PRED	H-SSM	99887
	SDSU	0
	0.404162	0
	0.000000
PRED	H-SSM	99887
	SDSU	0
	0.404162	0
	0.000000
PRED	H-SSM	99887
	SDSU	0
	0.404162	0
	0.000000
PRED	H-SSM	99887
	SDSU	0
	0.404162	0
	0.000000
PRED	H-SSM	99887
	SDSU	0
	0.404162	0
	0.000000
PRED	H-SSM	99887
	SDSU	0
	0.404162	0
	0.000000
PRED	H-SSM	99887
	SDSU	0
	0.404162	0
	0.000000
PRED	H-SSM	99887
	SDSU	0
	0.404162	0
	0.000000
PRED	H-SSM	99887
	SDSU	0
	0.404162	0
	0.000000
PRED	H-SSM	99887
	CMU	1
	0.486885	0
	0.000000
PRED	H-SSM	99887
	CMU	1
	0.486885	0
	0.000000
PRED	H-SSM	99887
	CMU	1
	0.486885	0
	0.000000
PRED	H-SSM	99887
	CMU	1
	0.486885	0
	0.000000
PRED	H-SSM	99887
	CMU	1
	0.486885	0
	0.000000
PRED	H-SSM	99887
	CMU	1
	0.486885	0
	0.000000
PRED	H-SSM	99887
	CMU	1
	0.486885	0
	0.000000
PRED	H-SSM	99887
	CMU	1
	0.486885	0
	0.000000
PRED	H-SSM	99887
	CMU	1
	0.486885	0
	0.000000
PRED	H-SSM	99887
	CMU	1
	0.486885	0
	0.000000
PRED	H-SSM	99887
	CMU	1
	0.486885	0
	0.000000
PRED	H-SSM	99887
	CMU	1
	0.486885	0
	0.000000
PRED	H-SSM	99887
	CMU	0
	0.486885	0
	0.000000
PRED	H-SSM	99887
	CMU	0
	0.486885	0
	0.000000
PRED	H-SSM	99887
	CMU	0
	0.486885	0
	0.000000
PRED	H-SSM	99887
	CMU	0
	0.486885	0
	0.000000
PRED	H-SSM	99887
	CMU	0
	0.486885	0
	0.000000
PRED	H-SSM	99887
	CMU	0
	0.486885	0
	0.000000
PRED	H-SSM	99887
	CMU	0
	0.486885	0
	0.000000
PRED	H-SSM	99887
	CMU	0
	0.486885	0
	0.000000
PRED	H-SSM	99887
	CMU	0
	0.486885	0
	0.000000
PRED	H-SSM	99887
	CMU	0
	0.486885	0
	0.000000
PRED	H-SSM	99887
	CMU	0
	0.486885	0
	0.000000
PRED	H-SSM	99887
	CMU	0
	0.486885	0
	0.000000
PRED	H-SSM	99887
	UCLA_2	1
	0.389262	0
	0.000000
PRED	H-SSM	99887
	UCLA_2	1
	0.389262	0
	0.000000
PRED	H-SSM	99887
	UCLA_2	1
	0.389262	0
	0.000000
PRED	H-SSM	99887
	UCLA_2	1
	0.389262	0
	0.000000
PRED	H-SSM	99887
	UCLA_2	1
	0.389262	0
	0.000000
PRED	H-SSM	99887
	UCLA_2	1
	0.389262	0
	0.000000
PRED	H-SSM	99887
	UCLA_2	1
	0.389262	0
	0.000000
PRED	H-SSM	99887
	UCLA_2	1
	0.389262	0
	0.000000
PRED	H-SSM	99887
	UCLA_2	1
	0.389262	0
	0.000000
PRED	H-SSM	99887
	UCLA_2	1
	0.389262	0
	0.000000
PRED	H-SSM	99887
	UCLA_2	1
	0.389262	0
	0.000000
PRED	H-SSM	99887
	UCLA_2	1
	0.389262	0
	0.000000
PRED	H-SSM	99887
	UCLA_2	0
	0.389262	0
	0.000000
PRED	H-SSM	99887
	UCLA_2	0
	0.389262	0
	0.000000
PRED	H-SSM	99887
	UCLA_2	0
	0.389262	0
	0.000000
PRED	H-SSM	99887
	UCLA_2	0
	0.389262	0
	0.000000
PRED	H-SSM	99887
	UCLA_2	0
	0.389262	0
	0.000000
PRED	H-SSM	99887
	UCLA_2	0
	0.389262	0
	0.000000
PRED	H-SSM	99887
	UCLA_2	0
	0.389262	0
	0.000000
PRED	H-SSM	99887
	UCLA_2	0
	0.389262	0
	0.000000
PRED	H-SSM	99887
	UCLA_2	0
	0.389262	0
	0.000000
PRED	H-SSM	99887
	UCLA_2	0
	0.389262	0
	0.000000
PRED	H-SSM	99887
	UCLA_2	0
	0.389262	0
	0.000000
PRED	H-SSM	99887
	UCLA_2	0
	0.389262	0
	0.000000
PRED	H-SSM	99887
	UM_2	1
	0.518520	1
	0.000000
PRED	H-SSM	99887
	UM_2	1
	0.518520	1
	0.000000
PRED	H-SSM	99887
	UM_2	1
	0.518520	1
	0.000000
PRED	H-SSM	99887
	UM_2	1
	0.518520	1
	0.000000
PRED	H-SSM	99887
	UM_2	1
	0.518520	1
	0.000000
PRED	H-SSM	99887
	UM_2	1
	0.518520	1
	0.000000
PRED	H-SSM	99887
	UM_2	1
	0.518520	1
	0.000000
PRED	H-SSM	99887
	UM_2	1
	0.518520	1
	0.000000
PRED	H-SSM	99887
	UM_2	1
	0.518520	1
	0.000000
PRED	H-SSM	99887
	UM_2	1
	0.518520	1
	0.000000
PRED	H-SSM	99887
	UM_2	1
	0.518520	1
	0.000000
PRED	H-SSM	99887
	UM_2	1
	0.518520	1
	0.000000
PRED	H-SSM	99887
	UM_2	0
	0.518520	1
	0.000000
PRED	H-SSM	99887
	UM_2	0
	0.518520	1
	0.000000
PRED	H-SSM	99887
	UM_2	0
	0.518520	1
	0.000000
PRED	H-SSM	99887
	UM_2	0
	0.518520	1
	0.000000
PRED	H-SSM	99887
	UM_2	0
	0.518520	1
	0.000000
PRED	H-SSM	99887
	UM_2	0
	0.518520	1
	0.000000
PRED	H-SSM	99887
	UM_2	0
	0.518520	1
	0.000000
PRED	H-SSM	99887
	UM_2	0
	0.518520	1
	0.000000
PRED	H-SSM	99887
	UM_2	0
	0.518520	1
	0.000000
PRED	H-SSM	99887
	UM_2	0
	0.518520	1
	0.000000
PRED	H-SSM	99887
	UM_2	0
	0.518520	1
	0.000000
PRED	H-SSM	99887
	UM_2	0
	0.518520	1
	0.000000
PRED	H-SSM	99887
	OHSU	1
	0.573763	1
	0.000000
PRED	H-SSM	99887
	OHSU	1
	0.573763	1
	0.000000
PRED	H-SSM	99887
	OHSU	1
	0.573763	1
	0.000000
PRED	H-SSM	99887
	OHSU	1
	0.573763	1
	0.000000
PRED	H-SSM	99887
	OHSU	1
	0.573763	1
	0.000000
PRED	H-SSM	99887
	OHSU	1
	0.573763	1
	0.000000
PRED	H-SSM	99887
	OHSU	1
	0.573763	1
	0.000000
PRED	H-SSM	99887
	OHSU	1
	0.573763	1
	0.000000
PRED	H-SSM	99887
	OHSU	1
	0.573763	1
	0.000000
PRED	H-SSM	99887
	OHSU	1
	0.573763	1
	0.000000
PRED	H-SSM	99887
	OHSU	1
	0.573763	1
	0.000000
PRED	H-SSM	99887
	OHSU	1
	0.573763	1
	0.000000
PRED	H-SSM	99887
	OHSU	0
	0.573763	1
	0.000000
PRED	H-SSM	99887
	OHSU	0
	0.573763	1
	0.000000
PRED	H-SSM	99887
	OHSU	0
	0.573763	1
	0.000000
PRED	H-SSM	99887
	OHSU	0
	0.573763	1
	0.000000
PRED	H-SSM	99887
	OHSU	0
	0.573763	1
	0.000000
PRED	H-SSM	99887
	OHSU	0
	0.573763	1
	0.000000
PRED	H-SSM	99887
	OHSU	0
	0.573763	1
	0.000000
PRED	H-SSM	99887
	OHSU	0
	0.573763	1
	0.000000
PRED	H-SSM	99887
	OHSU	0
	0.573763	1
	0.000000
PRED	H-SSM	99887
	OHSU	0
	0.573763	1
	0.000000
PRED	H-SSM	99887
	OHSU	0
	0.573763	1
	0.000000
PRED	H-SSM	99887
	OHSU	0
	0.573763	1
	0.000000
  H-SSM    99887
   acc=50.000000% bal=50.000000% sites=20
/20
 test_n=500
 assoc=0.000000
PRED	H-SSM	22222
	NYU	1
	0.387919	0
	0.000000
PRED	H-SSM	22222
	NYU	1
	0.387919	0
	0.000000
PRED	H-SSM	22222
	NYU	1
	0.387919	0
	0.000000
PRED	H-SSM	22222
	NYU	1
	0.387919	0
	0.000000
PRED	H-SSM	22222
	NYU	1
	0.387919	0
	0.000000
PRED	H-SSM	22222
	NYU	1
	0.387919	0
	0.000000
PRED	H-SSM	22222
	NYU	1
	0.387919	0
	0.000000
PRED	H-SSM	22222
	NYU	1
	0.387919	0
	0.000000
PRED	H-SSM	22222
	NYU	1
	0.387919	0
	0.000000
PRED	H-SSM	22222
	NYU	1
	0.387919	0
	0.000000
PRED	H-SSM	22222
	NYU	1
	0.387919	0
	0.000000
PRED	H-SSM	22222
	NYU	1
	0.387919	0
	0.000000
PRED	H-SSM	22222
	NYU	1
	0.387919	0
	0.000000
PRED	H-SSM	22222
	NYU	0
	0.387919	0
	0.000000
PRED	H-SSM	22222
	NYU	0
	0.387919	0
	0.000000
PRED	H-SSM	22222
	NYU	0
	0.387919	0
	0.000000
PRED	H-SSM	22222
	NYU	0
	0.387919	0
	0.000000
PRED	H-SSM	22222
	NYU	0
	0.387919	0
	0.000000
PRED	H-SSM	22222
	NYU	0
	0.387919	0
	0.000000
PRED	H-SSM	22222
	NYU	0
	0.387919	0
	0.000000
PRED	H-SSM	22222
	NYU	0
	0.387919	0
	0.000000
PRED	H-SSM	22222
	NYU	0
	0.387919	0
	0.000000
PRED	H-SSM	22222
	NYU	0
	0.387919	0
	0.000000
PRED	H-SSM	22222
	NYU	0
	0.387919	0
	0.000000
PRED	H-SSM	22222
	NYU	0
	0.387919	0
	0.000000
PRED	H-SSM	22222
	NYU	0
	0.387919	0
	0.000000
PRED	H-SSM	22222
	UM_1	1
	0.285121	0
	0.000000
PRED	H-SSM	22222
	UM_1	1
	0.285121	0
	0.000000
PRED	H-SSM	22222
	UM_1	1
	0.285121	0
	0.000000
PRED	H-SSM	22222
	UM_1	1
	0.285121	0
	0.000000
PRED	H-SSM	22222
	UM_1	1
	0.285121	0
	0.000000
PRED	H-SSM	22222
	UM_1	1
	0.285121	0
	0.000000
PRED	H-SSM	22222
	UM_1	1
	0.285121	0
	0.000000
PRED	H-SSM	22222
	UM_1	1
	0.285121	0
	0.000000
PRED	H-SSM	22222
	UM_1	1
	0.285121	0
	0.000000
PRED	H-SSM	22222
	UM_1	1
	0.285121	0
	0.000000
PRED	H-SSM	22222
	UM_1	1
	0.285121	0
	0.000000
PRED	H-SSM	22222
	UM_1	1
	0.285121	0
	0.000000
PRED	H-SSM	22222
	UM_1	1
	0.285121	0
	0.000000
PRED	H-SSM	22222
	UM_1	0
	0.285121	0
	0.000000
PRED	H-SSM	22222
	UM_1	0
	0.285121	0
	0.000000
PRED	H-SSM	22222
	UM_1	0
	0.285121	0
	0.000000
PRED	H-SSM	22222
	UM_1	0
	0.285121	0
	0.000000
PRED	H-SSM	22222
	UM_1	0
	0.285121	0
	0.000000
PRED	H-SSM	22222
	UM_1	0
	0.285121	0
	0.000000
PRED	H-SSM	22222
	UM_1	0
	0.285121	0
	0.000000
PRED	H-SSM	22222
	UM_1	0
	0.285121	0
	0.000000
PRED	H-SSM	22222
	UM_1	0
	0.285121	0
	0.000000
PRED	H-SSM	22222
	UM_1	0
	0.285121	0
	0.000000
PRED	H-SSM	22222
	UM_1	0
	0.285121	0
	0.000000
PRED	H-SSM	22222
	UM_1	0
	0.285121	0
	0.000000
PRED	H-SSM	22222
	UM_1	0
	0.285121	0
	0.000000
PRED	H-SSM	22222
	UCLA_1	1
	0.431394	0
	0.000000
PRED	H-SSM	22222
	UCLA_1	1
	0.431394	0
	0.000000
PRED	H-SSM	22222
	UCLA_1	1
	0.431394	0
	0.000000
PRED	H-SSM	22222
	UCLA_1	1
	0.431394	0
	0.000000
PRED	H-SSM	22222
	UCLA_1	1
	0.431394	0
	0.000000
PRED	H-SSM	22222
	UCLA_1	1
	0.431394	0
	0.000000
PRED	H-SSM	22222
	UCLA_1	1
	0.431394	0
	0.000000
PRED	H-SSM	22222
	UCLA_1	1
	0.431394	0
	0.000000
PRED	H-SSM	22222
	UCLA_1	1
	0.431394	0
	0.000000
PRED	H-SSM	22222
	UCLA_1	1
	0.431394	0
	0.000000
PRED	H-SSM	22222
	UCLA_1	1
	0.431394	0
	0.000000
PRED	H-SSM	22222
	UCLA_1	1
	0.431394	0
	0.000000
PRED	H-SSM	22222
	UCLA_1	1
	0.431394	0
	0.000000
PRED	H-SSM	22222
	UCLA_1	0
	0.431394	0
	0.000000
PRED	H-SSM	22222
	UCLA_1	0
	0.431394	0
	0.000000
PRED	H-SSM	22222
	UCLA_1	0
	0.431394	0
	0.000000
PRED	H-SSM	22222
	UCLA_1	0
	0.431394	0
	0.000000
PRED	H-SSM	22222
	UCLA_1	0
	0.431394	0
	0.000000
PRED	H-SSM	22222
	UCLA_1	0
	0.431394	0
	0.000000
PRED	H-SSM	22222
	UCLA_1	0
	0.431394	0
	0.000000
PRED	H-SSM	22222
	UCLA_1	0
	0.431394	0
	0.000000
PRED	H-SSM	22222
	UCLA_1	0
	0.431394	0
	0.000000
PRED	H-SSM	22222
	UCLA_1	0
	0.431394	0
	0.000000
PRED	H-SSM	22222
	UCLA_1	0
	0.431394	0
	0.000000
PRED	H-SSM	22222
	UCLA_1	0
	0.431394	0
	0.000000
PRED	H-SSM	22222
	UCLA_1	0
	0.431394	0
	0.000000
PRED	H-SSM	22222
	YALE	1
	0.520412	1
	0.000000
PRED	H-SSM	22222
	YALE	1
	0.520412	1
	0.000000
PRED	H-SSM	22222
	YALE	1
	0.520412	1
	0.000000
PRED	H-SSM	22222
	YALE	1
	0.520412	1
	0.000000
PRED	H-SSM	22222
	YALE	1
	0.520412	1
	0.000000
PRED	H-SSM	22222
	YALE	1
	0.520412	1
	0.000000
PRED	H-SSM	22222
	YALE	1
	0.520412	1
	0.000000
PRED	H-SSM	22222
	YALE	1
	0.520412	1
	0.000000
PRED	H-SSM	22222
	YALE	1
	0.520412	1
	0.000000
PRED	H-SSM	22222
	YALE	1
	0.520412	1
	0.000000
PRED	H-SSM	22222
	YALE	1
	0.520412	1
	0.000000
PRED	H-SSM	22222
	YALE	1
	0.520412	1
	0.000000
PRED	H-SSM	22222
	YALE	1
	0.520412	1
	0.000000
PRED	H-SSM	22222
	YALE	0
	0.520412	1
	0.000000
PRED	H-SSM	22222
	YALE	0
	0.520412	1
	0.000000
PRED	H-SSM	22222
	YALE	0
	0.520412	1
	0.000000
PRED	H-SSM	22222
	YALE	0
	0.520412	1
	0.000000
PRED	H-SSM	22222
	YALE	0
	0.520412	1
	0.000000
PRED	H-SSM	22222
	YALE	0
	0.520412	1
	0.000000
PRED	H-SSM	22222
	YALE	0
	0.520412	1
	0.000000
PRED	H-SSM	22222
	YALE	0
	0.520412	1
	0.000000
PRED	H-SSM	22222
	YALE	0
	0.520412	1
	0.000000
PRED	H-SSM	22222
	YALE	0
	0.520412	1
	0.000000
PRED	H-SSM	22222
	YALE	0
	0.520412	1
	0.000000
PRED	H-SSM	22222
	YALE	0
	0.520412	1
	0.000000
PRED	H-SSM	22222
	YALE	0
	0.520412	1
	0.000000
PRED	H-SSM	22222
	PITT	1
	0.532724	1
	0.000000
PRED	H-SSM	22222
	PITT	1
	0.532724	1
	0.000000
PRED	H-SSM	22222
	PITT	1
	0.532724	1
	0.000000
PRED	H-SSM	22222
	PITT	1
	0.532724	1
	0.000000
PRED	H-SSM	22222
	PITT	1
	0.532724	1
	0.000000
PRED	H-SSM	22222
	PITT	1
	0.532724	1
	0.000000
PRED	H-SSM	22222
	PITT	1
	0.532724	1
	0.000000
PRED	H-SSM	22222
	PITT	1
	0.532724	1
	0.000000
PRED	H-SSM	22222
	PITT	1
	0.532724	1
	0.000000
PRED	H-SSM	22222
	PITT	1
	0.532724	1
	0.000000
PRED	H-SSM	22222
	PITT	1
	0.532724	1
	0.000000
PRED	H-SSM	22222
	PITT	1
	0.532724	1
	0.000000
PRED	H-SSM	22222
	PITT	1
	0.532724	1
	0.000000
PRED	H-SSM	22222
	PITT	0
	0.532724	1
	0.000000
PRED	H-SSM	22222
	PITT	0
	0.532724	1
	0.000000
PRED	H-SSM	22222
	PITT	0
	0.532724	1
	0.000000
PRED	H-SSM	22222
	PITT	0
	0.532724	1
	0.000000
PRED	H-SSM	22222
	PITT	0
	0.532724	1
	0.000000
PRED	H-SSM	22222
	PITT	0
	0.532724	1
	0.000000
PRED	H-SSM	22222
	PITT	0
	0.532724	1
	0.000000
PRED	H-SSM	22222
	PITT	0
	0.532724	1
	0.000000
PRED	H-SSM	22222
	PITT	0
	0.532724	1
	0.000000
PRED	H-SSM	22222
	PITT	0
	0.532724	1
	0.000000
PRED	H-SSM	22222
	PITT	0
	0.532724	1
	0.000000
PRED	H-SSM	22222
	PITT	0
	0.532724	1
	0.000000
PRED	H-SSM	22222
	PITT	0
	0.532724	1
	0.000000
PRED	H-SSM	22222
	USM	1
	0.377366	0
	0.000000
PRED	H-SSM	22222
	USM	1
	0.377366	0
	0.000000
PRED	H-SSM	22222
	USM	1
	0.377366	0
	0.000000
PRED	H-SSM	22222
	USM	1
	0.377366	0
	0.000000
PRED	H-SSM	22222
	USM	1
	0.377366	0
	0.000000
PRED	H-SSM	22222
	USM	1
	0.377366	0
	0.000000
PRED	H-SSM	22222
	USM	1
	0.377366	0
	0.000000
PRED	H-SSM	22222
	USM	1
	0.377366	0
	0.000000
PRED	H-SSM	22222
	USM	1
	0.377366	0
	0.000000
PRED	H-SSM	22222
	USM	1
	0.377366	0
	0.000000
PRED	H-SSM	22222
	USM	1
	0.377366	0
	0.000000
PRED	H-SSM	22222
	USM	1
	0.377366	0
	0.000000
PRED	H-SSM	22222
	USM	1
	0.377366	0
	0.000000
PRED	H-SSM	22222
	USM	0
	0.377366	0
	0.000000
PRED	H-SSM	22222
	USM	0
	0.377366	0
	0.000000
PRED	H-SSM	22222
	USM	0
	0.377366	0
	0.000000
PRED	H-SSM	22222
	USM	0
	0.377366	0
	0.000000
PRED	H-SSM	22222
	USM	0
	0.377366	0
	0.000000
PRED	H-SSM	22222
	USM	0
	0.377366	0
	0.000000
PRED	H-SSM	22222
	USM	0
	0.377366	0
	0.000000
PRED	H-SSM	22222
	USM	0
	0.377366	0
	0.000000
PRED	H-SSM	22222
	USM	0
	0.377366	0
	0.000000
PRED	H-SSM	22222
	USM	0
	0.377366	0
	0.000000
PRED	H-SSM	22222
	USM	0
	0.377366	0
	0.000000
PRED	H-SSM	22222
	USM	0
	0.377366	0
	0.000000
PRED	H-SSM	22222
	USM	0
	0.377366	0
	0.000000
PRED	H-SSM	22222
	MAX_MUN	1
	0.540335	1
	0.000000
PRED	H-SSM	22222
	MAX_MUN	1
	0.540335	1
	0.000000
PRED	H-SSM	22222
	MAX_MUN	1
	0.540335	1
	0.000000
PRED	H-SSM	22222
	MAX_MUN	1
	0.540335	1
	0.000000
PRED	H-SSM	22222
	MAX_MUN	1
	0.540335	1
	0.000000
PRED	H-SSM	22222
	MAX_MUN	1
	0.540335	1
	0.000000
PRED	H-SSM	22222
	MAX_MUN	1
	0.540335	1
	0.000000
PRED	H-SSM	22222
	MAX_MUN	1
	0.540335	1
	0.000000
PRED	H-SSM	22222
	MAX_MUN	1
	0.540335	1
	0.000000
PRED	H-SSM	22222
	MAX_MUN	1
	0.540335	1
	0.000000
PRED	H-SSM	22222
	MAX_MUN	1
	0.540335	1
	0.000000
PRED	H-SSM	22222
	MAX_MUN	1
	0.540335	1
	0.000000
PRED	H-SSM	22222
	MAX_MUN	1
	0.540335	1
	0.000000
PRED	H-SSM	22222
	MAX_MUN	0
	0.540335	1
	0.000000
PRED	H-SSM	22222
	MAX_MUN	0
	0.540335	1
	0.000000
PRED	H-SSM	22222
	MAX_MUN	0
	0.540335	1
	0.000000
PRED	H-SSM	22222
	MAX_MUN	0
	0.540335	1
	0.000000
PRED	H-SSM	22222
	MAX_MUN	0
	0.540335	1
	0.000000
PRED	H-SSM	22222
	MAX_MUN	0
	0.540335	1
	0.000000
PRED	H-SSM	22222
	MAX_MUN	0
	0.540335	1
	0.000000
PRED	H-SSM	22222
	MAX_MUN	0
	0.540335	1
	0.000000
PRED	H-SSM	22222
	MAX_MUN	0
	0.540335	1
	0.000000
PRED	H-SSM	22222
	MAX_MUN	0
	0.540335	1
	0.000000
PRED	H-SSM	22222
	MAX_MUN	0
	0.540335	1
	0.000000
PRED	H-SSM	22222
	MAX_MUN	0
	0.540335	1
	0.000000
PRED	H-SSM	22222
	MAX_MUN	0
	0.540335	1
	0.000000
PRED	H-SSM	22222
	TRINITY	1
	0.517857	1
	0.000000
PRED	H-SSM	22222
	TRINITY	1
	0.517857	1
	0.000000
PRED	H-SSM	22222
	TRINITY	1
	0.517857	1
	0.000000
PRED	H-SSM	22222
	TRINITY	1
	0.517857	1
	0.000000
PRED	H-SSM	22222
	TRINITY	1
	0.517857	1
	0.000000
PRED	H-SSM	22222
	TRINITY	1
	0.517857	1
	0.000000
PRED	H-SSM	22222
	TRINITY	1
	0.517857	1
	0.000000
PRED	H-SSM	22222
	TRINITY	1
	0.517857	1
	0.000000
PRED	H-SSM	22222
	TRINITY	1
	0.517857	1
	0.000000
PRED	H-SSM	22222
	TRINITY	1
	0.517857	1
	0.000000
PRED	H-SSM	22222
	TRINITY	1
	0.517857	1
	0.000000
PRED	H-SSM	22222
	TRINITY	1
	0.517857	1
	0.000000
PRED	H-SSM	22222
	TRINITY	1
	0.517857	1
	0.000000
PRED	H-SSM	22222
	TRINITY	0
	0.517857	1
	0.000000
PRED	H-SSM	22222
	TRINITY	0
	0.517857	1
	0.000000
PRED	H-SSM	22222
	TRINITY	0
	0.517857	1
	0.000000
PRED	H-SSM	22222
	TRINITY	0
	0.517857	1
	0.000000
PRED	H-SSM	22222
	TRINITY	0
	0.517857	1
	0.000000
PRED	H-SSM	22222
	TRINITY	0
	0.517857	1
	0.000000
PRED	H-SSM	22222
	TRINITY	0
	0.517857	1
	0.000000
PRED	H-SSM	22222
	TRINITY	0
	0.517857	1
	0.000000
PRED	H-SSM	22222
	TRINITY	0
	0.517857	1
	0.000000
PRED	H-SSM	22222
	TRINITY	0
	0.517857	1
	0.000000
PRED	H-SSM	22222
	TRINITY	0
	0.517857	1
	0.000000
PRED	H-SSM	22222
	TRINITY	0
	0.517857	1
	0.000000
PRED	H-SSM	22222
	TRINITY	0
	0.517857	1
	0.000000
PRED	H-SSM	22222
	KKI	1
	0.313421	0
	0.000000
PRED	H-SSM	22222
	KKI	1
	0.313421	0
	0.000000
PRED	H-SSM	22222
	KKI	1
	0.313421	0
	0.000000
PRED	H-SSM	22222
	KKI	1
	0.313421	0
	0.000000
PRED	H-SSM	22222
	KKI	1
	0.313421	0
	0.000000
PRED	H-SSM	22222
	KKI	1
	0.313421	0
	0.000000
PRED	H-SSM	22222
	KKI	1
	0.313421	0
	0.000000
PRED	H-SSM	22222
	KKI	1
	0.313421	0
	0.000000
PRED	H-SSM	22222
	KKI	1
	0.313421	0
	0.000000
PRED	H-SSM	22222
	KKI	1
	0.313421	0
	0.000000
PRED	H-SSM	22222
	KKI	1
	0.313421	0
	0.000000
PRED	H-SSM	22222
	KKI	1
	0.313421	0
	0.000000
PRED	H-SSM	22222
	KKI	1
	0.313421	0
	0.000000
PRED	H-SSM	22222
	KKI	0
	0.313421	0
	0.000000
PRED	H-SSM	22222
	KKI	0
	0.313421	0
	0.000000
PRED	H-SSM	22222
	KKI	0
	0.313421	0
	0.000000
PRED	H-SSM	22222
	KKI	0
	0.313421	0
	0.000000
PRED	H-SSM	22222
	KKI	0
	0.313421	0
	0.000000
PRED	H-SSM	22222
	KKI	0
	0.313421	0
	0.000000
PRED	H-SSM	22222
	KKI	0
	0.313421	0
	0.000000
PRED	H-SSM	22222
	KKI	0
	0.313421	0
	0.000000
PRED	H-SSM	22222
	KKI	0
	0.313421	0
	0.000000
PRED	H-SSM	22222
	KKI	0
	0.313421	0
	0.000000
PRED	H-SSM	22222
	KKI	0
	0.313421	0
	0.000000
PRED	H-SSM	22222
	KKI	0
	0.313421	0
	0.000000
PRED	H-SSM	22222
	KKI	0
	0.313421	0
	0.000000
PRED	H-SSM	22222
	STANFORD	1
	0.603613	1
	0.000000
PRED	H-SSM	22222
	STANFORD	1
	0.603613	1
	0.000000
PRED	H-SSM	22222
	STANFORD	1
	0.603613	1
	0.000000
PRED	H-SSM	22222
	STANFORD	1
	0.603613	1
	0.000000
PRED	H-SSM	22222
	STANFORD	1
	0.603613	1
	0.000000
PRED	H-SSM	22222
	STANFORD	1
	0.603613	1
	0.000000
PRED	H-SSM	22222
	STANFORD	1
	0.603613	1
	0.000000
PRED	H-SSM	22222
	STANFORD	1
	0.603613	1
	0.000000
PRED	H-SSM	22222
	STANFORD	1
	0.603613	1
	0.000000
PRED	H-SSM	22222
	STANFORD	1
	0.603613	1
	0.000000
PRED	H-SSM	22222
	STANFORD	1
	0.603613	1
	0.000000
PRED	H-SSM	22222
	STANFORD	1
	0.603613	1
	0.000000
PRED	H-SSM	22222
	STANFORD	1
	0.603613	1
	0.000000
PRED	H-SSM	22222
	STANFORD	0
	0.603613	1
	0.000000
PRED	H-SSM	22222
	STANFORD	0
	0.603613	1
	0.000000
PRED	H-SSM	22222
	STANFORD	0
	0.603613	1
	0.000000
PRED	H-SSM	22222
	STANFORD	0
	0.603613	1
	0.000000
PRED	H-SSM	22222
	STANFORD	0
	0.603613	1
	0.000000
PRED	H-SSM	22222
	STANFORD	0
	0.603613	1
	0.000000
PRED	H-SSM	22222
	STANFORD	0
	0.603613	1
	0.000000
PRED	H-SSM	22222
	STANFORD	0
	0.603613	1
	0.000000
PRED	H-SSM	22222
	STANFORD	0
	0.603613	1
	0.000000
PRED	H-SSM	22222
	STANFORD	0
	0.603613	1
	0.000000
PRED	H-SSM	22222
	STANFORD	0
	0.603613	1
	0.000000
PRED	H-SSM	22222
	STANFORD	0
	0.603613	1
	0.000000
PRED	H-SSM	22222
	STANFORD	0
	0.603613	1
	0.000000
PRED	H-SSM	22222
	CALTECH	1
	0.339481	0
	0.000000
PRED	H-SSM	22222
	CALTECH	1
	0.339481	0
	0.000000
PRED	H-SSM	22222
	CALTECH	1
	0.339481	0
	0.000000
PRED	H-SSM	22222
	CALTECH	1
	0.339481	0
	0.000000
PRED	H-SSM	22222
	CALTECH	1
	0.339481	0
	0.000000
PRED	H-SSM	22222
	CALTECH	1
	0.339481	0
	0.000000
PRED	H-SSM	22222
	CALTECH	1
	0.339481	0
	0.000000
PRED	H-SSM	22222
	CALTECH	1
	0.339481	0
	0.000000
PRED	H-SSM	22222
	CALTECH	1
	0.339481	0
	0.000000
PRED	H-SSM	22222
	CALTECH	1
	0.339481	0
	0.000000
PRED	H-SSM	22222
	CALTECH	1
	0.339481	0
	0.000000
PRED	H-SSM	22222
	CALTECH	1
	0.339481	0
	0.000000
PRED	H-SSM	22222
	CALTECH	0
	0.339481	0
	0.000000
PRED	H-SSM	22222
	CALTECH	0
	0.339481	0
	0.000000
PRED	H-SSM	22222
	CALTECH	0
	0.339481	0
	0.000000
PRED	H-SSM	22222
	CALTECH	0
	0.339481	0
	0.000000
PRED	H-SSM	22222
	CALTECH	0
	0.339481	0
	0.000000
PRED	H-SSM	22222
	CALTECH	0
	0.339481	0
	0.000000
PRED	H-SSM	22222
	CALTECH	0
	0.339481	0
	0.000000
PRED	H-SSM	22222
	CALTECH	0
	0.339481	0
	0.000000
PRED	H-SSM	22222
	CALTECH	0
	0.339481	0
	0.000000
PRED	H-SSM	22222
	CALTECH	0
	0.339481	0
	0.000000
PRED	H-SSM	22222
	CALTECH	0
	0.339481	0
	0.000000
PRED	H-SSM	22222
	CALTECH	0
	0.339481	0
	0.000000
PRED	H-SSM	22222
	LEUVEN_2	1
	0.245603	0
	0.000000
PRED	H-SSM	22222
	LEUVEN_2	1
	0.245603	0
	0.000000
PRED	H-SSM	22222
	LEUVEN_2	1
	0.245603	0
	0.000000
PRED	H-SSM	22222
	LEUVEN_2	1
	0.245603	0
	0.000000
PRED	H-SSM	22222
	LEUVEN_2	1
	0.245603	0
	0.000000
PRED	H-SSM	22222
	LEUVEN_2	1
	0.245603	0
	0.000000
PRED	H-SSM	22222
	LEUVEN_2	1
	0.245603	0
	0.000000
PRED	H-SSM	22222
	LEUVEN_2	1
	0.245603	0
	0.000000
PRED	H-SSM	22222
	LEUVEN_2	1
	0.245603	0
	0.000000
PRED	H-SSM	22222
	LEUVEN_2	1
	0.245603	0
	0.000000
PRED	H-SSM	22222
	LEUVEN_2	1
	0.245603	0
	0.000000
PRED	H-SSM	22222
	LEUVEN_2	1
	0.245603	0
	0.000000
PRED	H-SSM	22222
	LEUVEN_2	0
	0.245603	0
	0.000000
PRED	H-SSM	22222
	LEUVEN_2	0
	0.245603	0
	0.000000
PRED	H-SSM	22222
	LEUVEN_2	0
	0.245603	0
	0.000000
PRED	H-SSM	22222
	LEUVEN_2	0
	0.245603	0
	0.000000
PRED	H-SSM	22222
	LEUVEN_2	0
	0.245603	0
	0.000000
PRED	H-SSM	22222
	LEUVEN_2	0
	0.245603	0
	0.000000
PRED	H-SSM	22222
	LEUVEN_2	0
	0.245603	0
	0.000000
PRED	H-SSM	22222
	LEUVEN_2	0
	0.245603	0
	0.000000
PRED	H-SSM	22222
	LEUVEN_2	0
	0.245603	0
	0.000000
PRED	H-SSM	22222
	LEUVEN_2	0
	0.245603	0
	0.000000
PRED	H-SSM	22222
	LEUVEN_2	0
	0.245603	0
	0.000000
PRED	H-SSM	22222
	LEUVEN_2	0
	0.245603	0
	0.000000
PRED	H-SSM	22222
	OLIN	1
	0.757739	1
	0.000000
PRED	H-SSM	22222
	OLIN	1
	0.757739	1
	0.000000
PRED	H-SSM	22222
	OLIN	1
	0.757739	1
	0.000000
PRED	H-SSM	22222
	OLIN	1
	0.757739	1
	0.000000
PRED	H-SSM	22222
	OLIN	1
	0.757739	1
	0.000000
PRED	H-SSM	22222
	OLIN	1
	0.757739	1
	0.000000
PRED	H-SSM	22222
	OLIN	1
	0.757739	1
	0.000000
PRED	H-SSM	22222
	OLIN	1
	0.757739	1
	0.000000
PRED	H-SSM	22222
	OLIN	1
	0.757739	1
	0.000000
PRED	H-SSM	22222
	OLIN	1
	0.757739	1
	0.000000
PRED	H-SSM	22222
	OLIN	1
	0.757739	1
	0.000000
PRED	H-SSM	22222
	OLIN	1
	0.757739	1
	0.000000
PRED	H-SSM	22222
	OLIN	0
	0.757739	1
	0.000000
PRED	H-SSM	22222
	OLIN	0
	0.757739	1
	0.000000
PRED	H-SSM	22222
	OLIN	0
	0.757739	1
	0.000000
PRED	H-SSM	22222
	OLIN	0
	0.757739	1
	0.000000
PRED	H-SSM	22222
	OLIN	0
	0.757739	1
	0.000000
PRED	H-SSM	22222
	OLIN	0
	0.757739	1
	0.000000
PRED	H-SSM	22222
	OLIN	0
	0.757739	1
	0.000000
PRED	H-SSM	22222
	OLIN	0
	0.757739	1
	0.000000
PRED	H-SSM	22222
	OLIN	0
	0.757739	1
	0.000000
PRED	H-SSM	22222
	OLIN	0
	0.757739	1
	0.000000
PRED	H-SSM	22222
	OLIN	0
	0.757739	1
	0.000000
PRED	H-SSM	22222
	OLIN	0
	0.757739	1
	0.000000
PRED	H-SSM	22222
	SBL	1
	0.641891	1
	0.000000
PRED	H-SSM	22222
	SBL	1
	0.641891	1
	0.000000
PRED	H-SSM	22222
	SBL	1
	0.641891	1
	0.000000
PRED	H-SSM	22222
	SBL	1
	0.641891	1
	0.000000
PRED	H-SSM	22222
	SBL	1
	0.641891	1
	0.000000
PRED	H-SSM	22222
	SBL	1
	0.641891	1
	0.000000
PRED	H-SSM	22222
	SBL	1
	0.641891	1
	0.000000
PRED	H-SSM	22222
	SBL	1
	0.641891	1
	0.000000
PRED	H-SSM	22222
	SBL	1
	0.641891	1
	0.000000
PRED	H-SSM	22222
	SBL	1
	0.641891	1
	0.000000
PRED	H-SSM	22222
	SBL	1
	0.641891	1
	0.000000
PRED	H-SSM	22222
	SBL	1
	0.641891	1
	0.000000
PRED	H-SSM	22222
	SBL	0
	0.641891	1
	0.000000
PRED	H-SSM	22222
	SBL	0
	0.641891	1
	0.000000
PRED	H-SSM	22222
	SBL	0
	0.641891	1
	0.000000
PRED	H-SSM	22222
	SBL	0
	0.641891	1
	0.000000
PRED	H-SSM	22222
	SBL	0
	0.641891	1
	0.000000
PRED	H-SSM	22222
	SBL	0
	0.641891	1
	0.000000
PRED	H-SSM	22222
	SBL	0
	0.641891	1
	0.000000
PRED	H-SSM	22222
	SBL	0
	0.641891	1
	0.000000
PRED	H-SSM	22222
	SBL	0
	0.641891	1
	0.000000
PRED	H-SSM	22222
	SBL	0
	0.641891	1
	0.000000
PRED	H-SSM	22222
	SBL	0
	0.641891	1
	0.000000
PRED	H-SSM	22222
	SBL	0
	0.641891	1
	0.000000
PRED	H-SSM	22222
	LEUVEN_1	1
	0.318137	0
	0.000000
PRED	H-SSM	22222
	LEUVEN_1	1
	0.318137	0
	0.000000
PRED	H-SSM	22222
	LEUVEN_1	1
	0.318137	0
	0.000000
PRED	H-SSM	22222
	LEUVEN_1	1
	0.318137	0
	0.000000
PRED	H-SSM	22222
	LEUVEN_1	1
	0.318137	0
	0.000000
PRED	H-SSM	22222
	LEUVEN_1	1
	0.318137	0
	0.000000
PRED	H-SSM	22222
	LEUVEN_1	1
	0.318137	0
	0.000000
PRED	H-SSM	22222
	LEUVEN_1	1
	0.318137	0
	0.000000
PRED	H-SSM	22222
	LEUVEN_1	1
	0.318137	0
	0.000000
PRED	H-SSM	22222
	LEUVEN_1	1
	0.318137	0
	0.000000
PRED	H-SSM	22222
	LEUVEN_1	1
	0.318137	0
	0.000000
PRED	H-SSM	22222
	LEUVEN_1	1
	0.318137	0
	0.000000
PRED	H-SSM	22222
	LEUVEN_1	0
	0.318137	0
	0.000000
PRED	H-SSM	22222
	LEUVEN_1	0
	0.318137	0
	0.000000
PRED	H-SSM	22222
	LEUVEN_1	0
	0.318137	0
	0.000000
PRED	H-SSM	22222
	LEUVEN_1	0
	0.318137	0
	0.000000
PRED	H-SSM	22222
	LEUVEN_1	0
	0.318137	0
	0.000000
PRED	H-SSM	22222
	LEUVEN_1	0
	0.318137	0
	0.000000
PRED	H-SSM	22222
	LEUVEN_1	0
	0.318137	0
	0.000000
PRED	H-SSM	22222
	LEUVEN_1	0
	0.318137	0
	0.000000
PRED	H-SSM	22222
	LEUVEN_1	0
	0.318137	0
	0.000000
PRED	H-SSM	22222
	LEUVEN_1	0
	0.318137	0
	0.000000
PRED	H-SSM	22222
	LEUVEN_1	0
	0.318137	0
	0.000000
PRED	H-SSM	22222
	LEUVEN_1	0
	0.318137	0
	0.000000
PRED	H-SSM	22222
	SDSU	1
	0.454263	0
	0.000000
PRED	H-SSM	22222
	SDSU	1
	0.454263	0
	0.000000
PRED	H-SSM	22222
	SDSU	1
	0.454263	0
	0.000000
PRED	H-SSM	22222
	SDSU	1
	0.454263	0
	0.000000
PRED	H-SSM	22222
	SDSU	1
	0.454263	0
	0.000000
PRED	H-SSM	22222
	SDSU	1
	0.454263	0
	0.000000
PRED	H-SSM	22222
	SDSU	1
	0.454263	0
	0.000000
PRED	H-SSM	22222
	SDSU	1
	0.454263	0
	0.000000
PRED	H-SSM	22222
	SDSU	1
	0.454263	0
	0.000000
PRED	H-SSM	22222
	SDSU	1
	0.454263	0
	0.000000
PRED	H-SSM	22222
	SDSU	1
	0.454263	0
	0.000000
PRED	H-SSM	22222
	SDSU	1
	0.454263	0
	0.000000
PRED	H-SSM	22222
	SDSU	0
	0.454263	0
	0.000000
PRED	H-SSM	22222
	SDSU	0
	0.454263	0
	0.000000
PRED	H-SSM	22222
	SDSU	0
	0.454263	0
	0.000000
PRED	H-SSM	22222
	SDSU	0
	0.454263	0
	0.000000
PRED	H-SSM	22222
	SDSU	0
	0.454263	0
	0.000000
PRED	H-SSM	22222
	SDSU	0
	0.454263	0
	0.000000
PRED	H-SSM	22222
	SDSU	0
	0.454263	0
	0.000000
PRED	H-SSM	22222
	SDSU	0
	0.454263	0
	0.000000
PRED	H-SSM	22222
	SDSU	0
	0.454263	0
	0.000000
PRED	H-SSM	22222
	SDSU	0
	0.454263	0
	0.000000
PRED	H-SSM	22222
	SDSU	0
	0.454263	0
	0.000000
PRED	H-SSM	22222
	SDSU	0
	0.454263	0
	0.000000
PRED	H-SSM	22222
	CMU	1
	0.453676	0
	0.000000
PRED	H-SSM	22222
	CMU	1
	0.453676	0
	0.000000
PRED	H-SSM	22222
	CMU	1
	0.453676	0
	0.000000
PRED	H-SSM	22222
	CMU	1
	0.453676	0
	0.000000
PRED	H-SSM	22222
	CMU	1
	0.453676	0
	0.000000
PRED	H-SSM	22222
	CMU	1
	0.453676	0
	0.000000
PRED	H-SSM	22222
	CMU	1
	0.453676	0
	0.000000
PRED	H-SSM	22222
	CMU	1
	0.453676	0
	0.000000
PRED	H-SSM	22222
	CMU	1
	0.453676	0
	0.000000
PRED	H-SSM	22222
	CMU	1
	0.453676	0
	0.000000
PRED	H-SSM	22222
	CMU	1
	0.453676	0
	0.000000
PRED	H-SSM	22222
	CMU	1
	0.453676	0
	0.000000
PRED	H-SSM	22222
	CMU	0
	0.453676	0
	0.000000
PRED	H-SSM	22222
	CMU	0
	0.453676	0
	0.000000
PRED	H-SSM	22222
	CMU	0
	0.453676	0
	0.000000
PRED	H-SSM	22222
	CMU	0
	0.453676	0
	0.000000
PRED	H-SSM	22222
	CMU	0
	0.453676	0
	0.000000
PRED	H-SSM	22222
	CMU	0
	0.453676	0
	0.000000
PRED	H-SSM	22222
	CMU	0
	0.453676	0
	0.000000
PRED	H-SSM	22222
	CMU	0
	0.453676	0
	0.000000
PRED	H-SSM	22222
	CMU	0
	0.453676	0
	0.000000
PRED	H-SSM	22222
	CMU	0
	0.453676	0
	0.000000
PRED	H-SSM	22222
	CMU	0
	0.453676	0
	0.000000
PRED	H-SSM	22222
	CMU	0
	0.453676	0
	0.000000
PRED	H-SSM	22222
	UCLA_2	1
	0.484024	0
	0.000000
PRED	H-SSM	22222
	UCLA_2	1
	0.484024	0
	0.000000
PRED	H-SSM	22222
	UCLA_2	1
	0.484024	0
	0.000000
PRED	H-SSM	22222
	UCLA_2	1
	0.484024	0
	0.000000
PRED	H-SSM	22222
	UCLA_2	1
	0.484024	0
	0.000000
PRED	H-SSM	22222
	UCLA_2	1
	0.484024	0
	0.000000
PRED	H-SSM	22222
	UCLA_2	1
	0.484024	0
	0.000000
PRED	H-SSM	22222
	UCLA_2	1
	0.484024	0
	0.000000
PRED	H-SSM	22222
	UCLA_2	1
	0.484024	0
	0.000000
PRED	H-SSM	22222
	UCLA_2	1
	0.484024	0
	0.000000
PRED	H-SSM	22222
	UCLA_2	1
	0.484024	0
	0.000000
PRED	H-SSM	22222
	UCLA_2	1
	0.484024	0
	0.000000
PRED	H-SSM	22222
	UCLA_2	0
	0.484024	0
	0.000000
PRED	H-SSM	22222
	UCLA_2	0
	0.484024	0
	0.000000
PRED	H-SSM	22222
	UCLA_2	0
	0.484024	0
	0.000000
PRED	H-SSM	22222
	UCLA_2	0
	0.484024	0
	0.000000
PRED	H-SSM	22222
	UCLA_2	0
	0.484024	0
	0.000000
PRED	H-SSM	22222
	UCLA_2	0
	0.484024	0
	0.000000
PRED	H-SSM	22222
	UCLA_2	0
	0.484024	0
	0.000000
PRED	H-SSM	22222
	UCLA_2	0
	0.484024	0
	0.000000
PRED	H-SSM	22222
	UCLA_2	0
	0.484024	0
	0.000000
PRED	H-SSM	22222
	UCLA_2	0
	0.484024	0
	0.000000
PRED	H-SSM	22222
	UCLA_2	0
	0.484024	0
	0.000000
PRED	H-SSM	22222
	UCLA_2	0
	0.484024	0
	0.000000
PRED	H-SSM	22222
	UM_2	1
	0.252040	0
	0.000000
PRED	H-SSM	22222
	UM_2	1
	0.252040	0
	0.000000
PRED	H-SSM	22222
	UM_2	1
	0.252040	0
	0.000000
PRED	H-SSM	22222
	UM_2	1
	0.252040	0
	0.000000
PRED	H-SSM	22222
	UM_2	1
	0.252040	0
	0.000000
PRED	H-SSM	22222
	UM_2	1
	0.252040	0
	0.000000
PRED	H-SSM	22222
	UM_2	1
	0.252040	0
	0.000000
PRED	H-SSM	22222
	UM_2	1
	0.252040	0
	0.000000
PRED	H-SSM	22222
	UM_2	1
	0.252040	0
	0.000000
PRED	H-SSM	22222
	UM_2	1
	0.252040	0
	0.000000
PRED	H-SSM	22222
	UM_2	1
	0.252040	0
	0.000000
PRED	H-SSM	22222
	UM_2	1
	0.252040	0
	0.000000
PRED	H-SSM	22222
	UM_2	0
	0.252040	0
	0.000000
PRED	H-SSM	22222
	UM_2	0
	0.252040	0
	0.000000
PRED	H-SSM	22222
	UM_2	0
	0.252040	0
	0.000000
PRED	H-SSM	22222
	UM_2	0
	0.252040	0
	0.000000
PRED	H-SSM	22222
	UM_2	0
	0.252040	0
	0.000000
PRED	H-SSM	22222
	UM_2	0
	0.252040	0
	0.000000
PRED	H-SSM	22222
	UM_2	0
	0.252040	0
	0.000000
PRED	H-SSM	22222
	UM_2	0
	0.252040	0
	0.000000
PRED	H-SSM	22222
	UM_2	0
	0.252040	0
	0.000000
PRED	H-SSM	22222
	UM_2	0
	0.252040	0
	0.000000
PRED	H-SSM	22222
	UM_2	0
	0.252040	0
	0.000000
PRED	H-SSM	22222
	UM_2	0
	0.252040	0
	0.000000
PRED	H-SSM	22222
	OHSU	1
	0.356458	0
	0.000000
PRED	H-SSM	22222
	OHSU	1
	0.356458	0
	0.000000
PRED	H-SSM	22222
	OHSU	1
	0.356458	0
	0.000000
PRED	H-SSM	22222
	OHSU	1
	0.356458	0
	0.000000
PRED	H-SSM	22222
	OHSU	1
	0.356458	0
	0.000000
PRED	H-SSM	22222
	OHSU	1
	0.356458	0
	0.000000
PRED	H-SSM	22222
	OHSU	1
	0.356458	0
	0.000000
PRED	H-SSM	22222
	OHSU	1
	0.356458	0
	0.000000
PRED	H-SSM	22222
	OHSU	1
	0.356458	0
	0.000000
PRED	H-SSM	22222
	OHSU	1
	0.356458	0
	0.000000
PRED	H-SSM	22222
	OHSU	1
	0.356458	0
	0.000000
PRED	H-SSM	22222
	OHSU	1
	0.356458	0
	0.000000
PRED	H-SSM	22222
	OHSU	0
	0.356458	0
	0.000000
PRED	H-SSM	22222
	OHSU	0
	0.356458	0
	0.000000
PRED	H-SSM	22222
	OHSU	0
	0.356458	0
	0.000000
PRED	H-SSM	22222
	OHSU	0
	0.356458	0
	0.000000
PRED	H-SSM	22222
	OHSU	0
	0.356458	0
	0.000000
PRED	H-SSM	22222
	OHSU	0
	0.356458	0
	0.000000
PRED	H-SSM	22222
	OHSU	0
	0.356458	0
	0.000000
PRED	H-SSM	22222
	OHSU	0
	0.356458	0
	0.000000
PRED	H-SSM	22222
	OHSU	0
	0.356458	0
	0.000000
PRED	H-SSM	22222
	OHSU	0
	0.356458	0
	0.000000
PRED	H-SSM	22222
	OHSU	0
	0.356458	0
	0.000000
PRED	H-SSM	22222
	OHSU	0
	0.356458	0
	0.000000
  H-SSM    22222
   acc=50.000000% bal=50.000000% sites=20
/20
 test_n=500
 assoc=0.000000
PRED	H-SSM	44444
	NYU	1
	0.589025	1
	0.000000
PRED	H-SSM	44444
	NYU	1
	0.589025	1
	0.000000
PRED	H-SSM	44444
	NYU	1
	0.589025	1
	0.000000
PRED	H-SSM	44444
	NYU	1
	0.589025	1
	0.000000
PRED	H-SSM	44444
	NYU	1
	0.589025	1
	0.000000
PRED	H-SSM	44444
	NYU	1
	0.589025	1
	0.000000
PRED	H-SSM	44444
	NYU	1
	0.589025	1
	0.000000
PRED	H-SSM	44444
	NYU	1
	0.589025	1
	0.000000
PRED	H-SSM	44444
	NYU	1
	0.589025	1
	0.000000
PRED	H-SSM	44444
	NYU	1
	0.589025	1
	0.000000
PRED	H-SSM	44444
	NYU	1
	0.589025	1
	0.000000
PRED	H-SSM	44444
	NYU	1
	0.589025	1
	0.000000
PRED	H-SSM	44444
	NYU	1
	0.589025	1
	0.000000
PRED	H-SSM	44444
	NYU	0
	0.589025	1
	0.000000
PRED	H-SSM	44444
	NYU	0
	0.589025	1
	0.000000
PRED	H-SSM	44444
	NYU	0
	0.589025	1
	0.000000
PRED	H-SSM	44444
	NYU	0
	0.589025	1
	0.000000
PRED	H-SSM	44444
	NYU	0
	0.589025	1
	0.000000
PRED	H-SSM	44444
	NYU	0
	0.589025	1
	0.000000
PRED	H-SSM	44444
	NYU	0
	0.589025	1
	0.000000
PRED	H-SSM	44444
	NYU	0
	0.589025	1
	0.000000
PRED	H-SSM	44444
	NYU	0
	0.589025	1
	0.000000
PRED	H-SSM	44444
	NYU	0
	0.589025	1
	0.000000
PRED	H-SSM	44444
	NYU	0
	0.589025	1
	0.000000
PRED	H-SSM	44444
	NYU	0
	0.589025	1
	0.000000
PRED	H-SSM	44444
	NYU	0
	0.589025	1
	0.000000
PRED	H-SSM	44444
	UM_1	1
	0.403305	0
	0.000000
PRED	H-SSM	44444
	UM_1	1
	0.403305	0
	0.000000
PRED	H-SSM	44444
	UM_1	1
	0.403305	0
	0.000000
PRED	H-SSM	44444
	UM_1	1
	0.403305	0
	0.000000
PRED	H-SSM	44444
	UM_1	1
	0.403305	0
	0.000000
PRED	H-SSM	44444
	UM_1	1
	0.403305	0
	0.000000
PRED	H-SSM	44444
	UM_1	1
	0.403305	0
	0.000000
PRED	H-SSM	44444
	UM_1	1
	0.403305	0
	0.000000
PRED	H-SSM	44444
	UM_1	1
	0.403305	0
	0.000000
PRED	H-SSM	44444
	UM_1	1
	0.403305	0
	0.000000
PRED	H-SSM	44444
	UM_1	1
	0.403305	0
	0.000000
PRED	H-SSM	44444
	UM_1	1
	0.403305	0
	0.000000
PRED	H-SSM	44444
	UM_1	1
	0.403305	0
	0.000000
PRED	H-SSM	44444
	UM_1	0
	0.403305	0
	0.000000
PRED	H-SSM	44444
	UM_1	0
	0.403305	0
	0.000000
PRED	H-SSM	44444
	UM_1	0
	0.403305	0
	0.000000
PRED	H-SSM	44444
	UM_1	0
	0.403305	0
	0.000000
PRED	H-SSM	44444
	UM_1	0
	0.403305	0
	0.000000
PRED	H-SSM	44444
	UM_1	0
	0.403305	0
	0.000000
PRED	H-SSM	44444
	UM_1	0
	0.403305	0
	0.000000
PRED	H-SSM	44444
	UM_1	0
	0.403305	0
	0.000000
PRED	H-SSM	44444
	UM_1	0
	0.403305	0
	0.000000
PRED	H-SSM	44444
	UM_1	0
	0.403305	0
	0.000000
PRED	H-SSM	44444
	UM_1	0
	0.403305	0
	0.000000
PRED	H-SSM	44444
	UM_1	0
	0.403305	0
	0.000000
PRED	H-SSM	44444
	UM_1	0
	0.403305	0
	0.000000
PRED	H-SSM	44444
	UCLA_1	1
	0.619728	1
	0.000000
PRED	H-SSM	44444
	UCLA_1	1
	0.619728	1
	0.000000
PRED	H-SSM	44444
	UCLA_1	1
	0.619728	1
	0.000000
PRED	H-SSM	44444
	UCLA_1	1
	0.619728	1
	0.000000
PRED	H-SSM	44444
	UCLA_1	1
	0.619728	1
	0.000000
PRED	H-SSM	44444
	UCLA_1	1
	0.619728	1
	0.000000
PRED	H-SSM	44444
	UCLA_1	1
	0.619728	1
	0.000000
PRED	H-SSM	44444
	UCLA_1	1
	0.619728	1
	0.000000
PRED	H-SSM	44444
	UCLA_1	1
	0.619728	1
	0.000000
PRED	H-SSM	44444
	UCLA_1	1
	0.619728	1
	0.000000
PRED	H-SSM	44444
	UCLA_1	1
	0.619728	1
	0.000000
PRED	H-SSM	44444
	UCLA_1	1
	0.619728	1
	0.000000
PRED	H-SSM	44444
	UCLA_1	1
	0.619728	1
	0.000000
PRED	H-SSM	44444
	UCLA_1	0
	0.619728	1
	0.000000
PRED	H-SSM	44444
	UCLA_1	0
	0.619728	1
	0.000000
PRED	H-SSM	44444
	UCLA_1	0
	0.619728	1
	0.000000
PRED	H-SSM	44444
	UCLA_1	0
	0.619728	1
	0.000000
PRED	H-SSM	44444
	UCLA_1	0
	0.619728	1
	0.000000
PRED	H-SSM	44444
	UCLA_1	0
	0.619728	1
	0.000000
PRED	H-SSM	44444
	UCLA_1	0
	0.619728	1
	0.000000
PRED	H-SSM	44444
	UCLA_1	0
	0.619728	1
	0.000000
PRED	H-SSM	44444
	UCLA_1	0
	0.619728	1
	0.000000
PRED	H-SSM	44444
	UCLA_1	0
	0.619728	1
	0.000000
PRED	H-SSM	44444
	UCLA_1	0
	0.619728	1
	0.000000
PRED	H-SSM	44444
	UCLA_1	0
	0.619728	1
	0.000000
PRED	H-SSM	44444
	UCLA_1	0
	0.619728	1
	0.000000
PRED	H-SSM	44444
	YALE	1
	0.470329	0
	0.000000
PRED	H-SSM	44444
	YALE	1
	0.470329	0
	0.000000
PRED	H-SSM	44444
	YALE	1
	0.470329	0
	0.000000
PRED	H-SSM	44444
	YALE	1
	0.470329	0
	0.000000
PRED	H-SSM	44444
	YALE	1
	0.470329	0
	0.000000
PRED	H-SSM	44444
	YALE	1
	0.470329	0
	0.000000
PRED	H-SSM	44444
	YALE	1
	0.470329	0
	0.000000
PRED	H-SSM	44444
	YALE	1
	0.470329	0
	0.000000
PRED	H-SSM	44444
	YALE	1
	0.470329	0
	0.000000
PRED	H-SSM	44444
	YALE	1
	0.470329	0
	0.000000
PRED	H-SSM	44444
	YALE	1
	0.470329	0
	0.000000
PRED	H-SSM	44444
	YALE	1
	0.470329	0
	0.000000
PRED	H-SSM	44444
	YALE	1
	0.470329	0
	0.000000
PRED	H-SSM	44444
	YALE	0
	0.470329	0
	0.000000
PRED	H-SSM	44444
	YALE	0
	0.470329	0
	0.000000
PRED	H-SSM	44444
	YALE	0
	0.470329	0
	0.000000
PRED	H-SSM	44444
	YALE	0
	0.470329	0
	0.000000
PRED	H-SSM	44444
	YALE	0
	0.470329	0
	0.000000
PRED	H-SSM	44444
	YALE	0
	0.470329	0
	0.000000
PRED	H-SSM	44444
	YALE	0
	0.470329	0
	0.000000
PRED	H-SSM	44444
	YALE	0
	0.470329	0
	0.000000
PRED	H-SSM	44444
	YALE	0
	0.470329	0
	0.000000
PRED	H-SSM	44444
	YALE	0
	0.470329	0
	0.000000
PRED	H-SSM	44444
	YALE	0
	0.470329	0
	0.000000
PRED	H-SSM	44444
	YALE	0
	0.470329	0
	0.000000
PRED	H-SSM	44444
	YALE	0
	0.470329	0
	0.000000
PRED	H-SSM	44444
	PITT	1
	0.654582	1
	0.000000
PRED	H-SSM	44444
	PITT	1
	0.654582	1
	0.000000
PRED	H-SSM	44444
	PITT	1
	0.654582	1
	0.000000
PRED	H-SSM	44444
	PITT	1
	0.654582	1
	0.000000
PRED	H-SSM	44444
	PITT	1
	0.654582	1
	0.000000
PRED	H-SSM	44444
	PITT	1
	0.654582	1
	0.000000
PRED	H-SSM	44444
	PITT	1
	0.654582	1
	0.000000
PRED	H-SSM	44444
	PITT	1
	0.654582	1
	0.000000
PRED	H-SSM	44444
	PITT	1
	0.654582	1
	0.000000
PRED	H-SSM	44444
	PITT	1
	0.654582	1
	0.000000
PRED	H-SSM	44444
	PITT	1
	0.654582	1
	0.000000
PRED	H-SSM	44444
	PITT	1
	0.654582	1
	0.000000
PRED	H-SSM	44444
	PITT	1
	0.654582	1
	0.000000
PRED	H-SSM	44444
	PITT	0
	0.654582	1
	0.000000
PRED	H-SSM	44444
	PITT	0
	0.654582	1
	0.000000
PRED	H-SSM	44444
	PITT	0
	0.654582	1
	0.000000
PRED	H-SSM	44444
	PITT	0
	0.654582	1
	0.000000
PRED	H-SSM	44444
	PITT	0
	0.654582	1
	0.000000
PRED	H-SSM	44444
	PITT	0
	0.654582	1
	0.000000
PRED	H-SSM	44444
	PITT	0
	0.654582	1
	0.000000
PRED	H-SSM	44444
	PITT	0
	0.654582	1
	0.000000
PRED	H-SSM	44444
	PITT	0
	0.654582	1
	0.000000
PRED	H-SSM	44444
	PITT	0
	0.654582	1
	0.000000
PRED	H-SSM	44444
	PITT	0
	0.654582	1
	0.000000
PRED	H-SSM	44444
	PITT	0
	0.654582	1
	0.000000
PRED	H-SSM	44444
	PITT	0
	0.654582	1
	0.000000
PRED	H-SSM	44444
	USM	1
	0.342524	0
	0.000000
PRED	H-SSM	44444
	USM	1
	0.342524	0
	0.000000
PRED	H-SSM	44444
	USM	1
	0.342524	0
	0.000000
PRED	H-SSM	44444
	USM	1
	0.342524	0
	0.000000
PRED	H-SSM	44444
	USM	1
	0.342524	0
	0.000000
PRED	H-SSM	44444
	USM	1
	0.342524	0
	0.000000
PRED	H-SSM	44444
	USM	1
	0.342524	0
	0.000000
PRED	H-SSM	44444
	USM	1
	0.342524	0
	0.000000
PRED	H-SSM	44444
	USM	1
	0.342524	0
	0.000000
PRED	H-SSM	44444
	USM	1
	0.342524	0
	0.000000
PRED	H-SSM	44444
	USM	1
	0.342524	0
	0.000000
PRED	H-SSM	44444
	USM	1
	0.342524	0
	0.000000
PRED	H-SSM	44444
	USM	1
	0.342524	0
	0.000000
PRED	H-SSM	44444
	USM	0
	0.342524	0
	0.000000
PRED	H-SSM	44444
	USM	0
	0.342524	0
	0.000000
PRED	H-SSM	44444
	USM	0
	0.342524	0
	0.000000
PRED	H-SSM	44444
	USM	0
	0.342524	0
	0.000000
PRED	H-SSM	44444
	USM	0
	0.342524	0
	0.000000
PRED	H-SSM	44444
	USM	0
	0.342524	0
	0.000000
PRED	H-SSM	44444
	USM	0
	0.342524	0
	0.000000
PRED	H-SSM	44444
	USM	0
	0.342524	0
	0.000000
PRED	H-SSM	44444
	USM	0
	0.342524	0
	0.000000
PRED	H-SSM	44444
	USM	0
	0.342524	0
	0.000000
PRED	H-SSM	44444
	USM	0
	0.342524	0
	0.000000
PRED	H-SSM	44444
	USM	0
	0.342524	0
	0.000000
PRED	H-SSM	44444
	USM	0
	0.342524	0
	0.000000
PRED	H-SSM	44444
	MAX_MUN	1
	0.432235	0
	0.000000
PRED	H-SSM	44444
	MAX_MUN	1
	0.432235	0
	0.000000
PRED	H-SSM	44444
	MAX_MUN	1
	0.432235	0
	0.000000
PRED	H-SSM	44444
	MAX_MUN	1
	0.432235	0
	0.000000
PRED	H-SSM	44444
	MAX_MUN	1
	0.432235	0
	0.000000
PRED	H-SSM	44444
	MAX_MUN	1
	0.432235	0
	0.000000
PRED	H-SSM	44444
	MAX_MUN	1
	0.432235	0
	0.000000
PRED	H-SSM	44444
	MAX_MUN	1
	0.432235	0
	0.000000
PRED	H-SSM	44444
	MAX_MUN	1
	0.432235	0
	0.000000
PRED	H-SSM	44444
	MAX_MUN	1
	0.432235	0
	0.000000
PRED	H-SSM	44444
	MAX_MUN	1
	0.432235	0
	0.000000
PRED	H-SSM	44444
	MAX_MUN	1
	0.432235	0
	0.000000
PRED	H-SSM	44444
	MAX_MUN	1
	0.432235	0
	0.000000
PRED	H-SSM	44444
	MAX_MUN	0
	0.432235	0
	0.000000
PRED	H-SSM	44444
	MAX_MUN	0
	0.432235	0
	0.000000
PRED	H-SSM	44444
	MAX_MUN	0
	0.432235	0
	0.000000
PRED	H-SSM	44444
	MAX_MUN	0
	0.432235	0
	0.000000
PRED	H-SSM	44444
	MAX_MUN	0
	0.432235	0
	0.000000
PRED	H-SSM	44444
	MAX_MUN	0
	0.432235	0
	0.000000
PRED	H-SSM	44444
	MAX_MUN	0
	0.432235	0
	0.000000
PRED	H-SSM	44444
	MAX_MUN	0
	0.432235	0
	0.000000
PRED	H-SSM	44444
	MAX_MUN	0
	0.432235	0
	0.000000
PRED	H-SSM	44444
	MAX_MUN	0
	0.432235	0
	0.000000
PRED	H-SSM	44444
	MAX_MUN	0
	0.432235	0
	0.000000
PRED	H-SSM	44444
	MAX_MUN	0
	0.432235	0
	0.000000
PRED	H-SSM	44444
	MAX_MUN	0
	0.432235	0
	0.000000
PRED	H-SSM	44444
	TRINITY	1
	0.523522	1
	0.000000
PRED	H-SSM	44444
	TRINITY	1
	0.523522	1
	0.000000
PRED	H-SSM	44444
	TRINITY	1
	0.523522	1
	0.000000
PRED	H-SSM	44444
	TRINITY	1
	0.523522	1
	0.000000
PRED	H-SSM	44444
	TRINITY	1
	0.523522	1
	0.000000
PRED	H-SSM	44444
	TRINITY	1
	0.523522	1
	0.000000
PRED	H-SSM	44444
	TRINITY	1
	0.523522	1
	0.000000
PRED	H-SSM	44444
	TRINITY	1
	0.523522	1
	0.000000
PRED	H-SSM	44444
	TRINITY	1
	0.523522	1
	0.000000
PRED	H-SSM	44444
	TRINITY	1
	0.523522	1
	0.000000
PRED	H-SSM	44444
	TRINITY	1
	0.523522	1
	0.000000
PRED	H-SSM	44444
	TRINITY	1
	0.523522	1
	0.000000
PRED	H-SSM	44444
	TRINITY	1
	0.523522	1
	0.000000
PRED	H-SSM	44444
	TRINITY	0
	0.523522	1
	0.000000
PRED	H-SSM	44444
	TRINITY	0
	0.523522	1
	0.000000
PRED	H-SSM	44444
	TRINITY	0
	0.523522	1
	0.000000
PRED	H-SSM	44444
	TRINITY	0
	0.523522	1
	0.000000
PRED	H-SSM	44444
	TRINITY	0
	0.523522	1
	0.000000
PRED	H-SSM	44444
	TRINITY	0
	0.523522	1
	0.000000
PRED	H-SSM	44444
	TRINITY	0
	0.523522	1
	0.000000
PRED	H-SSM	44444
	TRINITY	0
	0.523522	1
	0.000000
PRED	H-SSM	44444
	TRINITY	0
	0.523522	1
	0.000000
PRED	H-SSM	44444
	TRINITY	0
	0.523522	1
	0.000000
PRED	H-SSM	44444
	TRINITY	0
	0.523522	1
	0.000000
PRED	H-SSM	44444
	TRINITY	0
	0.523522	1
	0.000000
PRED	H-SSM	44444
	TRINITY	0
	0.523522	1
	0.000000
PRED	H-SSM	44444
	KKI	1
	0.420821	0
	0.000000
PRED	H-SSM	44444
	KKI	1
	0.420821	0
	0.000000
PRED	H-SSM	44444
	KKI	1
	0.420821	0
	0.000000
PRED	H-SSM	44444
	KKI	1
	0.420821	0
	0.000000
PRED	H-SSM	44444
	KKI	1
	0.420821	0
	0.000000
PRED	H-SSM	44444
	KKI	1
	0.420821	0
	0.000000
PRED	H-SSM	44444
	KKI	1
	0.420821	0
	0.000000
PRED	H-SSM	44444
	KKI	1
	0.420821	0
	0.000000
PRED	H-SSM	44444
	KKI	1
	0.420821	0
	0.000000
PRED	H-SSM	44444
	KKI	1
	0.420821	0
	0.000000
PRED	H-SSM	44444
	KKI	1
	0.420821	0
	0.000000
PRED	H-SSM	44444
	KKI	1
	0.420821	0
	0.000000
PRED	H-SSM	44444
	KKI	1
	0.420821	0
	0.000000
PRED	H-SSM	44444
	KKI	0
	0.420821	0
	0.000000
PRED	H-SSM	44444
	KKI	0
	0.420821	0
	0.000000
PRED	H-SSM	44444
	KKI	0
	0.420821	0
	0.000000
PRED	H-SSM	44444
	KKI	0
	0.420821	0
	0.000000
PRED	H-SSM	44444
	KKI	0
	0.420821	0
	0.000000
PRED	H-SSM	44444
	KKI	0
	0.420821	0
	0.000000
PRED	H-SSM	44444
	KKI	0
	0.420821	0
	0.000000
PRED	H-SSM	44444
	KKI	0
	0.420821	0
	0.000000
PRED	H-SSM	44444
	KKI	0
	0.420821	0
	0.000000
PRED	H-SSM	44444
	KKI	0
	0.420821	0
	0.000000
PRED	H-SSM	44444
	KKI	0
	0.420821	0
	0.000000
PRED	H-SSM	44444
	KKI	0
	0.420821	0
	0.000000
PRED	H-SSM	44444
	KKI	0
	0.420821	0
	0.000000
PRED	H-SSM	44444
	STANFORD	1
	0.485493	0
	0.000000
PRED	H-SSM	44444
	STANFORD	1
	0.485493	0
	0.000000
PRED	H-SSM	44444
	STANFORD	1
	0.485493	0
	0.000000
PRED	H-SSM	44444
	STANFORD	1
	0.485493	0
	0.000000
PRED	H-SSM	44444
	STANFORD	1
	0.485493	0
	0.000000
PRED	H-SSM	44444
	STANFORD	1
	0.485493	0
	0.000000
PRED	H-SSM	44444
	STANFORD	1
	0.485493	0
	0.000000
PRED	H-SSM	44444
	STANFORD	1
	0.485493	0
	0.000000
PRED	H-SSM	44444
	STANFORD	1
	0.485493	0
	0.000000
PRED	H-SSM	44444
	STANFORD	1
	0.485493	0
	0.000000
PRED	H-SSM	44444
	STANFORD	1
	0.485493	0
	0.000000
PRED	H-SSM	44444
	STANFORD	1
	0.485493	0
	0.000000
PRED	H-SSM	44444
	STANFORD	1
	0.485493	0
	0.000000
PRED	H-SSM	44444
	STANFORD	0
	0.485493	0
	0.000000
PRED	H-SSM	44444
	STANFORD	0
	0.485493	0
	0.000000
PRED	H-SSM	44444
	STANFORD	0
	0.485493	0
	0.000000
PRED	H-SSM	44444
	STANFORD	0
	0.485493	0
	0.000000
PRED	H-SSM	44444
	STANFORD	0
	0.485493	0
	0.000000
PRED	H-SSM	44444
	STANFORD	0
	0.485493	0
	0.000000
PRED	H-SSM	44444
	STANFORD	0
	0.485493	0
	0.000000
PRED	H-SSM	44444
	STANFORD	0
	0.485493	0
	0.000000
PRED	H-SSM	44444
	STANFORD	0
	0.485493	0
	0.000000
PRED	H-SSM	44444
	STANFORD	0
	0.485493	0
	0.000000
PRED	H-SSM	44444
	STANFORD	0
	0.485493	0
	0.000000
PRED	H-SSM	44444
	STANFORD	0
	0.485493	0
	0.000000
PRED	H-SSM	44444
	STANFORD	0
	0.485493	0
	0.000000
PRED	H-SSM	44444
	CALTECH	1
	0.310755	0
	0.000000
PRED	H-SSM	44444
	CALTECH	1
	0.310755	0
	0.000000
PRED	H-SSM	44444
	CALTECH	1
	0.310755	0
	0.000000
PRED	H-SSM	44444
	CALTECH	1
	0.310755	0
	0.000000
PRED	H-SSM	44444
	CALTECH	1
	0.310755	0
	0.000000
PRED	H-SSM	44444
	CALTECH	1
	0.310755	0
	0.000000
PRED	H-SSM	44444
	CALTECH	1
	0.310755	0
	0.000000
PRED	H-SSM	44444
	CALTECH	1
	0.310755	0
	0.000000
PRED	H-SSM	44444
	CALTECH	1
	0.310755	0
	0.000000
PRED	H-SSM	44444
	CALTECH	1
	0.310755	0
	0.000000
PRED	H-SSM	44444
	CALTECH	1
	0.310755	0
	0.000000
PRED	H-SSM	44444
	CALTECH	1
	0.310755	0
	0.000000
PRED	H-SSM	44444
	CALTECH	0
	0.310755	0
	0.000000
PRED	H-SSM	44444
	CALTECH	0
	0.310755	0
	0.000000
PRED	H-SSM	44444
	CALTECH	0
	0.310755	0
	0.000000
PRED	H-SSM	44444
	CALTECH	0
	0.310755	0
	0.000000
PRED	H-SSM	44444
	CALTECH	0
	0.310755	0
	0.000000
PRED	H-SSM	44444
	CALTECH	0
	0.310755	0
	0.000000
PRED	H-SSM	44444
	CALTECH	0
	0.310755	0
	0.000000
PRED	H-SSM	44444
	CALTECH	0
	0.310755	0
	0.000000
PRED	H-SSM	44444
	CALTECH	0
	0.310755	0
	0.000000
PRED	H-SSM	44444
	CALTECH	0
	0.310755	0
	0.000000
PRED	H-SSM	44444
	CALTECH	0
	0.310755	0
	0.000000
PRED	H-SSM	44444
	CALTECH	0
	0.310755	0
	0.000000
PRED	H-SSM	44444
	LEUVEN_2	1
	0.387095	0
	0.000000
PRED	H-SSM	44444
	LEUVEN_2	1
	0.387095	0
	0.000000
PRED	H-SSM	44444
	LEUVEN_2	1
	0.387095	0
	0.000000
PRED	H-SSM	44444
	LEUVEN_2	1
	0.387095	0
	0.000000
PRED	H-SSM	44444
	LEUVEN_2	1
	0.387095	0
	0.000000
PRED	H-SSM	44444
	LEUVEN_2	1
	0.387095	0
	0.000000
PRED	H-SSM	44444
	LEUVEN_2	1
	0.387095	0
	0.000000
PRED	H-SSM	44444
	LEUVEN_2	1
	0.387095	0
	0.000000
PRED	H-SSM	44444
	LEUVEN_2	1
	0.387095	0
	0.000000
PRED	H-SSM	44444
	LEUVEN_2	1
	0.387095	0
	0.000000
PRED	H-SSM	44444
	LEUVEN_2	1
	0.387095	0
	0.000000
PRED	H-SSM	44444
	LEUVEN_2	1
	0.387095	0
	0.000000
PRED	H-SSM	44444
	LEUVEN_2	0
	0.387095	0
	0.000000
PRED	H-SSM	44444
	LEUVEN_2	0
	0.387095	0
	0.000000
PRED	H-SSM	44444
	LEUVEN_2	0
	0.387095	0
	0.000000
PRED	H-SSM	44444
	LEUVEN_2	0
	0.387095	0
	0.000000
PRED	H-SSM	44444
	LEUVEN_2	0
	0.387095	0
	0.000000
PRED	H-SSM	44444
	LEUVEN_2	0
	0.387095	0
	0.000000
PRED	H-SSM	44444
	LEUVEN_2	0
	0.387095	0
	0.000000
PRED	H-SSM	44444
	LEUVEN_2	0
	0.387095	0
	0.000000
PRED	H-SSM	44444
	LEUVEN_2	0
	0.387095	0
	0.000000
PRED	H-SSM	44444
	LEUVEN_2	0
	0.387095	0
	0.000000
PRED	H-SSM	44444
	LEUVEN_2	0
	0.387095	0
	0.000000
PRED	H-SSM	44444
	LEUVEN_2	0
	0.387095	0
	0.000000
PRED	H-SSM	44444
	OLIN	1
	0.439085	0
	0.000000
PRED	H-SSM	44444
	OLIN	1
	0.439085	0
	0.000000
PRED	H-SSM	44444
	OLIN	1
	0.439085	0
	0.000000
PRED	H-SSM	44444
	OLIN	1
	0.439085	0
	0.000000
PRED	H-SSM	44444
	OLIN	1
	0.439085	0
	0.000000
PRED	H-SSM	44444
	OLIN	1
	0.439085	0
	0.000000
PRED	H-SSM	44444
	OLIN	1
	0.439085	0
	0.000000
PRED	H-SSM	44444
	OLIN	1
	0.439085	0
	0.000000
PRED	H-SSM	44444
	OLIN	1
	0.439085	0
	0.000000
PRED	H-SSM	44444
	OLIN	1
	0.439085	0
	0.000000
PRED	H-SSM	44444
	OLIN	1
	0.439085	0
	0.000000
PRED	H-SSM	44444
	OLIN	1
	0.439085	0
	0.000000
PRED	H-SSM	44444
	OLIN	0
	0.439085	0
	0.000000
PRED	H-SSM	44444
	OLIN	0
	0.439085	0
	0.000000
PRED	H-SSM	44444
	OLIN	0
	0.439085	0
	0.000000
PRED	H-SSM	44444
	OLIN	0
	0.439085	0
	0.000000
PRED	H-SSM	44444
	OLIN	0
	0.439085	0
	0.000000
PRED	H-SSM	44444
	OLIN	0
	0.439085	0
	0.000000
PRED	H-SSM	44444
	OLIN	0
	0.439085	0
	0.000000
PRED	H-SSM	44444
	OLIN	0
	0.439085	0
	0.000000
PRED	H-SSM	44444
	OLIN	0
	0.439085	0
	0.000000
PRED	H-SSM	44444
	OLIN	0
	0.439085	0
	0.000000
PRED	H-SSM	44444
	OLIN	0
	0.439085	0
	0.000000
PRED	H-SSM	44444
	OLIN	0
	0.439085	0
	0.000000
PRED	H-SSM	44444
	SBL	1
	0.555384	1
	0.000000
PRED	H-SSM	44444
	SBL	1
	0.555384	1
	0.000000
PRED	H-SSM	44444
	SBL	1
	0.555384	1
	0.000000
PRED	H-SSM	44444
	SBL	1
	0.555384	1
	0.000000
PRED	H-SSM	44444
	SBL	1
	0.555384	1
	0.000000
PRED	H-SSM	44444
	SBL	1
	0.555384	1
	0.000000
PRED	H-SSM	44444
	SBL	1
	0.555384	1
	0.000000
PRED	H-SSM	44444
	SBL	1
	0.555384	1
	0.000000
PRED	H-SSM	44444
	SBL	1
	0.555384	1
	0.000000
PRED	H-SSM	44444
	SBL	1
	0.555384	1
	0.000000
PRED	H-SSM	44444
	SBL	1
	0.555384	1
	0.000000
PRED	H-SSM	44444
	SBL	1
	0.555384	1
	0.000000
PRED	H-SSM	44444
	SBL	0
	0.555384	1
	0.000000
PRED	H-SSM	44444
	SBL	0
	0.555384	1
	0.000000
PRED	H-SSM	44444
	SBL	0
	0.555384	1
	0.000000
PRED	H-SSM	44444
	SBL	0
	0.555384	1
	0.000000
PRED	H-SSM	44444
	SBL	0
	0.555384	1
	0.000000
PRED	H-SSM	44444
	SBL	0
	0.555384	1
	0.000000
PRED	H-SSM	44444
	SBL	0
	0.555384	1
	0.000000
PRED	H-SSM	44444
	SBL	0
	0.555384	1
	0.000000
PRED	H-SSM	44444
	SBL	0
	0.555384	1
	0.000000
PRED	H-SSM	44444
	SBL	0
	0.555384	1
	0.000000
PRED	H-SSM	44444
	SBL	0
	0.555384	1
	0.000000
PRED	H-SSM	44444
	SBL	0
	0.555384	1
	0.000000
PRED	H-SSM	44444
	LEUVEN_1	1
	0.594760	1
	0.000000
PRED	H-SSM	44444
	LEUVEN_1	1
	0.594760	1
	0.000000
PRED	H-SSM	44444
	LEUVEN_1	1
	0.594760	1
	0.000000
PRED	H-SSM	44444
	LEUVEN_1	1
	0.594760	1
	0.000000
PRED	H-SSM	44444
	LEUVEN_1	1
	0.594760	1
	0.000000
PRED	H-SSM	44444
	LEUVEN_1	1
	0.594760	1
	0.000000
PRED	H-SSM	44444
	LEUVEN_1	1
	0.594760	1
	0.000000
PRED	H-SSM	44444
	LEUVEN_1	1
	0.594760	1
	0.000000
PRED	H-SSM	44444
	LEUVEN_1	1
	0.594760	1
	0.000000
PRED	H-SSM	44444
	LEUVEN_1	1
	0.594760	1
	0.000000
PRED	H-SSM	44444
	LEUVEN_1	1
	0.594760	1
	0.000000
PRED	H-SSM	44444
	LEUVEN_1	1
	0.594760	1
	0.000000
PRED	H-SSM	44444
	LEUVEN_1	0
	0.594760	1
	0.000000
PRED	H-SSM	44444
	LEUVEN_1	0
	0.594760	1
	0.000000
PRED	H-SSM	44444
	LEUVEN_1	0
	0.594760	1
	0.000000
PRED	H-SSM	44444
	LEUVEN_1	0
	0.594760	1
	0.000000
PRED	H-SSM	44444
	LEUVEN_1	0
	0.594760	1
	0.000000
PRED	H-SSM	44444
	LEUVEN_1	0
	0.594760	1
	0.000000
PRED	H-SSM	44444
	LEUVEN_1	0
	0.594760	1
	0.000000
PRED	H-SSM	44444
	LEUVEN_1	0
	0.594760	1
	0.000000
PRED	H-SSM	44444
	LEUVEN_1	0
	0.594760	1
	0.000000
PRED	H-SSM	44444
	LEUVEN_1	0
	0.594760	1
	0.000000
PRED	H-SSM	44444
	LEUVEN_1	0
	0.594760	1
	0.000000
PRED	H-SSM	44444
	LEUVEN_1	0
	0.594760	1
	0.000000
PRED	H-SSM	44444
	SDSU	1
	0.269596	0
	0.000000
PRED	H-SSM	44444
	SDSU	1
	0.269596	0
	0.000000
PRED	H-SSM	44444
	SDSU	1
	0.269596	0
	0.000000
PRED	H-SSM	44444
	SDSU	1
	0.269596	0
	0.000000
PRED	H-SSM	44444
	SDSU	1
	0.269596	0
	0.000000
PRED	H-SSM	44444
	SDSU	1
	0.269596	0
	0.000000
PRED	H-SSM	44444
	SDSU	1
	0.269596	0
	0.000000
PRED	H-SSM	44444
	SDSU	1
	0.269596	0
	0.000000
PRED	H-SSM	44444
	SDSU	1
	0.269596	0
	0.000000
PRED	H-SSM	44444
	SDSU	1
	0.269596	0
	0.000000
PRED	H-SSM	44444
	SDSU	1
	0.269596	0
	0.000000
PRED	H-SSM	44444
	SDSU	1
	0.269596	0
	0.000000
PRED	H-SSM	44444
	SDSU	0
	0.269596	0
	0.000000
PRED	H-SSM	44444
	SDSU	0
	0.269596	0
	0.000000
PRED	H-SSM	44444
	SDSU	0
	0.269596	0
	0.000000
PRED	H-SSM	44444
	SDSU	0
	0.269596	0
	0.000000
PRED	H-SSM	44444
	SDSU	0
	0.269596	0
	0.000000
PRED	H-SSM	44444
	SDSU	0
	0.269596	0
	0.000000
PRED	H-SSM	44444
	SDSU	0
	0.269596	0
	0.000000
PRED	H-SSM	44444
	SDSU	0
	0.269596	0
	0.000000
PRED	H-SSM	44444
	SDSU	0
	0.269596	0
	0.000000
PRED	H-SSM	44444
	SDSU	0
	0.269596	0
	0.000000
PRED	H-SSM	44444
	SDSU	0
	0.269596	0
	0.000000
PRED	H-SSM	44444
	SDSU	0
	0.269596	0
	0.000000
PRED	H-SSM	44444
	CMU	1
	0.410036	0
	0.000000
PRED	H-SSM	44444
	CMU	1
	0.410036	0
	0.000000
PRED	H-SSM	44444
	CMU	1
	0.410036	0
	0.000000
PRED	H-SSM	44444
	CMU	1
	0.410036	0
	0.000000
PRED	H-SSM	44444
	CMU	1
	0.410036	0
	0.000000
PRED	H-SSM	44444
	CMU	1
	0.410036	0
	0.000000
PRED	H-SSM	44444
	CMU	1
	0.410036	0
	0.000000
PRED	H-SSM	44444
	CMU	1
	0.410036	0
	0.000000
PRED	H-SSM	44444
	CMU	1
	0.410036	0
	0.000000
PRED	H-SSM	44444
	CMU	1
	0.410036	0
	0.000000
PRED	H-SSM	44444
	CMU	1
	0.410036	0
	0.000000
PRED	H-SSM	44444
	CMU	1
	0.410036	0
	0.000000
PRED	H-SSM	44444
	CMU	0
	0.410036	0
	0.000000
PRED	H-SSM	44444
	CMU	0
	0.410036	0
	0.000000
PRED	H-SSM	44444
	CMU	0
	0.410036	0
	0.000000
PRED	H-SSM	44444
	CMU	0
	0.410036	0
	0.000000
PRED	H-SSM	44444
	CMU	0
	0.410036	0
	0.000000
PRED	H-SSM	44444
	CMU	0
	0.410036	0
	0.000000
PRED	H-SSM	44444
	CMU	0
	0.410036	0
	0.000000
PRED	H-SSM	44444
	CMU	0
	0.410036	0
	0.000000
PRED	H-SSM	44444
	CMU	0
	0.410036	0
	0.000000
PRED	H-SSM	44444
	CMU	0
	0.410036	0
	0.000000
PRED	H-SSM	44444
	CMU	0
	0.410036	0
	0.000000
PRED	H-SSM	44444
	CMU	0
	0.410036	0
	0.000000
PRED	H-SSM	44444
	UCLA_2	1
	0.400131	0
	0.000000
PRED	H-SSM	44444
	UCLA_2	1
	0.400131	0
	0.000000
PRED	H-SSM	44444
	UCLA_2	1
	0.400131	0
	0.000000
PRED	H-SSM	44444
	UCLA_2	1
	0.400131	0
	0.000000
PRED	H-SSM	44444
	UCLA_2	1
	0.400131	0
	0.000000
PRED	H-SSM	44444
	UCLA_2	1
	0.400131	0
	0.000000
PRED	H-SSM	44444
	UCLA_2	1
	0.400131	0
	0.000000
PRED	H-SSM	44444
	UCLA_2	1
	0.400131	0
	0.000000
PRED	H-SSM	44444
	UCLA_2	1
	0.400131	0
	0.000000
PRED	H-SSM	44444
	UCLA_2	1
	0.400131	0
	0.000000
PRED	H-SSM	44444
	UCLA_2	1
	0.400131	0
	0.000000
PRED	H-SSM	44444
	UCLA_2	1
	0.400131	0
	0.000000
PRED	H-SSM	44444
	UCLA_2	0
	0.400131	0
	0.000000
PRED	H-SSM	44444
	UCLA_2	0
	0.400131	0
	0.000000
PRED	H-SSM	44444
	UCLA_2	0
	0.400131	0
	0.000000
PRED	H-SSM	44444
	UCLA_2	0
	0.400131	0
	0.000000
PRED	H-SSM	44444
	UCLA_2	0
	0.400131	0
	0.000000
PRED	H-SSM	44444
	UCLA_2	0
	0.400131	0
	0.000000
PRED	H-SSM	44444
	UCLA_2	0
	0.400131	0
	0.000000
PRED	H-SSM	44444
	UCLA_2	0
	0.400131	0
	0.000000
PRED	H-SSM	44444
	UCLA_2	0
	0.400131	0
	0.000000
PRED	H-SSM	44444
	UCLA_2	0
	0.400131	0
	0.000000
PRED	H-SSM	44444
	UCLA_2	0
	0.400131	0
	0.000000
PRED	H-SSM	44444
	UCLA_2	0
	0.400131	0
	0.000000
PRED	H-SSM	44444
	UM_2	1
	0.492082	0
	0.000000
PRED	H-SSM	44444
	UM_2	1
	0.492082	0
	0.000000
PRED	H-SSM	44444
	UM_2	1
	0.492082	0
	0.000000
PRED	H-SSM	44444
	UM_2	1
	0.492082	0
	0.000000
PRED	H-SSM	44444
	UM_2	1
	0.492082	0
	0.000000
PRED	H-SSM	44444
	UM_2	1
	0.492082	0
	0.000000
PRED	H-SSM	44444
	UM_2	1
	0.492082	0
	0.000000
PRED	H-SSM	44444
	UM_2	1
	0.492082	0
	0.000000
PRED	H-SSM	44444
	UM_2	1
	0.492082	0
	0.000000
PRED	H-SSM	44444
	UM_2	1
	0.492082	0
	0.000000
PRED	H-SSM	44444
	UM_2	1
	0.492082	0
	0.000000
PRED	H-SSM	44444
	UM_2	1
	0.492082	0
	0.000000
PRED	H-SSM	44444
	UM_2	0
	0.492082	0
	0.000000
PRED	H-SSM	44444
	UM_2	0
	0.492082	0
	0.000000
PRED	H-SSM	44444
	UM_2	0
	0.492082	0
	0.000000
PRED	H-SSM	44444
	UM_2	0
	0.492082	0
	0.000000
PRED	H-SSM	44444
	UM_2	0
	0.492082	0
	0.000000
PRED	H-SSM	44444
	UM_2	0
	0.492082	0
	0.000000
PRED	H-SSM	44444
	UM_2	0
	0.492082	0
	0.000000
PRED	H-SSM	44444
	UM_2	0
	0.492082	0
	0.000000
PRED	H-SSM	44444
	UM_2	0
	0.492082	0
	0.000000
PRED	H-SSM	44444
	UM_2	0
	0.492082	0
	0.000000
PRED	H-SSM	44444
	UM_2	0
	0.492082	0
	0.000000
PRED	H-SSM	44444
	UM_2	0
	0.492082	0
	0.000000
PRED	H-SSM	44444
	OHSU	1
	0.575448	1
	0.000000
PRED	H-SSM	44444
	OHSU	1
	0.575448	1
	0.000000
PRED	H-SSM	44444
	OHSU	1
	0.575448	1
	0.000000
PRED	H-SSM	44444
	OHSU	1
	0.575448	1
	0.000000
PRED	H-SSM	44444
	OHSU	1
	0.575448	1
	0.000000
PRED	H-SSM	44444
	OHSU	1
	0.575448	1
	0.000000
PRED	H-SSM	44444
	OHSU	1
	0.575448	1
	0.000000
PRED	H-SSM	44444
	OHSU	1
	0.575448	1
	0.000000
PRED	H-SSM	44444
	OHSU	1
	0.575448	1
	0.000000
PRED	H-SSM	44444
	OHSU	1
	0.575448	1
	0.000000
PRED	H-SSM	44444
	OHSU	1
	0.575448	1
	0.000000
PRED	H-SSM	44444
	OHSU	1
	0.575448	1
	0.000000
PRED	H-SSM	44444
	OHSU	0
	0.575448	1
	0.000000
PRED	H-SSM	44444
	OHSU	0
	0.575448	1
	0.000000
PRED	H-SSM	44444
	OHSU	0
	0.575448	1
	0.000000
PRED	H-SSM	44444
	OHSU	0
	0.575448	1
	0.000000
PRED	H-SSM	44444
	OHSU	0
	0.575448	1
	0.000000
PRED	H-SSM	44444
	OHSU	0
	0.575448	1
	0.000000
PRED	H-SSM	44444
	OHSU	0
	0.575448	1
	0.000000
PRED	H-SSM	44444
	OHSU	0
	0.575448	1
	0.000000
PRED	H-SSM	44444
	OHSU	0
	0.575448	1
	0.000000
PRED	H-SSM	44444
	OHSU	0
	0.575448	1
	0.000000
PRED	H-SSM	44444
	OHSU	0
	0.575448	1
	0.000000
PRED	H-SSM	44444
	OHSU	0
	0.575448	1
	0.000000
  H-SSM    44444
   acc=50.000000% bal=50.000000% sites=20
/20
 test_n=500
 assoc=0.000000
PRED	H-SSM	66666
	NYU	1
	0.590464	1
	0.000000
PRED	H-SSM	66666
	NYU	1
	0.590464	1
	0.000000
PRED	H-SSM	66666
	NYU	1
	0.590464	1
	0.000000
PRED	H-SSM	66666
	NYU	1
	0.590464	1
	0.000000
PRED	H-SSM	66666
	NYU	1
	0.590464	1
	0.000000
PRED	H-SSM	66666
	NYU	1
	0.590464	1
	0.000000
PRED	H-SSM	66666
	NYU	1
	0.590464	1
	0.000000
PRED	H-SSM	66666
	NYU	1
	0.590464	1
	0.000000
PRED	H-SSM	66666
	NYU	1
	0.590464	1
	0.000000
PRED	H-SSM	66666
	NYU	1
	0.590464	1
	0.000000
PRED	H-SSM	66666
	NYU	1
	0.590464	1
	0.000000
PRED	H-SSM	66666
	NYU	1
	0.590464	1
	0.000000
PRED	H-SSM	66666
	NYU	1
	0.590464	1
	0.000000
PRED	H-SSM	66666
	NYU	0
	0.590464	1
	0.000000
PRED	H-SSM	66666
	NYU	0
	0.590464	1
	0.000000
PRED	H-SSM	66666
	NYU	0
	0.590464	1
	0.000000
PRED	H-SSM	66666
	NYU	0
	0.590464	1
	0.000000
PRED	H-SSM	66666
	NYU	0
	0.590464	1
	0.000000
PRED	H-SSM	66666
	NYU	0
	0.590464	1
	0.000000
PRED	H-SSM	66666
	NYU	0
	0.590464	1
	0.000000
PRED	H-SSM	66666
	NYU	0
	0.590464	1
	0.000000
PRED	H-SSM	66666
	NYU	0
	0.590464	1
	0.000000
PRED	H-SSM	66666
	NYU	0
	0.590464	1
	0.000000
PRED	H-SSM	66666
	NYU	0
	0.590464	1
	0.000000
PRED	H-SSM	66666
	NYU	0
	0.590464	1
	0.000000
PRED	H-SSM	66666
	NYU	0
	0.590464	1
	0.000000
PRED	H-SSM	66666
	UM_1	1
	0.412013	0
	0.000000
PRED	H-SSM	66666
	UM_1	1
	0.412013	0
	0.000000
PRED	H-SSM	66666
	UM_1	1
	0.412013	0
	0.000000
PRED	H-SSM	66666
	UM_1	1
	0.412013	0
	0.000000
PRED	H-SSM	66666
	UM_1	1
	0.412013	0
	0.000000
PRED	H-SSM	66666
	UM_1	1
	0.412013	0
	0.000000
PRED	H-SSM	66666
	UM_1	1
	0.412013	0
	0.000000
PRED	H-SSM	66666
	UM_1	1
	0.412013	0
	0.000000
PRED	H-SSM	66666
	UM_1	1
	0.412013	0
	0.000000
PRED	H-SSM	66666
	UM_1	1
	0.412013	0
	0.000000
PRED	H-SSM	66666
	UM_1	1
	0.412013	0
	0.000000
PRED	H-SSM	66666
	UM_1	1
	0.412013	0
	0.000000
PRED	H-SSM	66666
	UM_1	1
	0.412013	0
	0.000000
PRED	H-SSM	66666
	UM_1	0
	0.412013	0
	0.000000
PRED	H-SSM	66666
	UM_1	0
	0.412013	0
	0.000000
PRED	H-SSM	66666
	UM_1	0
	0.412013	0
	0.000000
PRED	H-SSM	66666
	UM_1	0
	0.412013	0
	0.000000
PRED	H-SSM	66666
	UM_1	0
	0.412013	0
	0.000000
PRED	H-SSM	66666
	UM_1	0
	0.412013	0
	0.000000
PRED	H-SSM	66666
	UM_1	0
	0.412013	0
	0.000000
PRED	H-SSM	66666
	UM_1	0
	0.412013	0
	0.000000
PRED	H-SSM	66666
	UM_1	0
	0.412013	0
	0.000000
PRED	H-SSM	66666
	UM_1	0
	0.412013	0
	0.000000
PRED	H-SSM	66666
	UM_1	0
	0.412013	0
	0.000000
PRED	H-SSM	66666
	UM_1	0
	0.412013	0
	0.000000
PRED	H-SSM	66666
	UM_1	0
	0.412013	0
	0.000000
PRED	H-SSM	66666
	UCLA_1	1
	0.481853	0
	0.000000
PRED	H-SSM	66666
	UCLA_1	1
	0.481853	0
	0.000000
PRED	H-SSM	66666
	UCLA_1	1
	0.481853	0
	0.000000
PRED	H-SSM	66666
	UCLA_1	1
	0.481853	0
	0.000000
PRED	H-SSM	66666
	UCLA_1	1
	0.481853	0
	0.000000
PRED	H-SSM	66666
	UCLA_1	1
	0.481853	0
	0.000000
PRED	H-SSM	66666
	UCLA_1	1
	0.481853	0
	0.000000
PRED	H-SSM	66666
	UCLA_1	1
	0.481853	0
	0.000000
PRED	H-SSM	66666
	UCLA_1	1
	0.481853	0
	0.000000
PRED	H-SSM	66666
	UCLA_1	1
	0.481853	0
	0.000000
PRED	H-SSM	66666
	UCLA_1	1
	0.481853	0
	0.000000
PRED	H-SSM	66666
	UCLA_1	1
	0.481853	0
	0.000000
PRED	H-SSM	66666
	UCLA_1	1
	0.481853	0
	0.000000
PRED	H-SSM	66666
	UCLA_1	0
	0.481853	0
	0.000000
PRED	H-SSM	66666
	UCLA_1	0
	0.481853	0
	0.000000
PRED	H-SSM	66666
	UCLA_1	0
	0.481853	0
	0.000000
PRED	H-SSM	66666
	UCLA_1	0
	0.481853	0
	0.000000
PRED	H-SSM	66666
	UCLA_1	0
	0.481853	0
	0.000000
PRED	H-SSM	66666
	UCLA_1	0
	0.481853	0
	0.000000
PRED	H-SSM	66666
	UCLA_1	0
	0.481853	0
	0.000000
PRED	H-SSM	66666
	UCLA_1	0
	0.481853	0
	0.000000
PRED	H-SSM	66666
	UCLA_1	0
	0.481853	0
	0.000000
PRED	H-SSM	66666
	UCLA_1	0
	0.481853	0
	0.000000
PRED	H-SSM	66666
	UCLA_1	0
	0.481853	0
	0.000000
PRED	H-SSM	66666
	UCLA_1	0
	0.481853	0
	0.000000
PRED	H-SSM	66666
	UCLA_1	0
	0.481853	0
	0.000000
PRED	H-SSM	66666
	YALE	1
	0.725293	1
	0.000000
PRED	H-SSM	66666
	YALE	1
	0.725293	1
	0.000000
PRED	H-SSM	66666
	YALE	1
	0.725293	1
	0.000000
PRED	H-SSM	66666
	YALE	1
	0.725293	1
	0.000000
PRED	H-SSM	66666
	YALE	1
	0.725293	1
	0.000000
PRED	H-SSM	66666
	YALE	1
	0.725293	1
	0.000000
PRED	H-SSM	66666
	YALE	1
	0.725293	1
	0.000000
PRED	H-SSM	66666
	YALE	1
	0.725293	1
	0.000000
PRED	H-SSM	66666
	YALE	1
	0.725293	1
	0.000000
PRED	H-SSM	66666
	YALE	1
	0.725293	1
	0.000000
PRED	H-SSM	66666
	YALE	1
	0.725293	1
	0.000000
PRED	H-SSM	66666
	YALE	1
	0.725293	1
	0.000000
PRED	H-SSM	66666
	YALE	1
	0.725293	1
	0.000000
PRED	H-SSM	66666
	YALE	0
	0.725293	1
	0.000000
PRED	H-SSM	66666
	YALE	0
	0.725293	1
	0.000000
PRED	H-SSM	66666
	YALE	0
	0.725293	1
	0.000000
PRED	H-SSM	66666
	YALE	0
	0.725293	1
	0.000000
PRED	H-SSM	66666
	YALE	0
	0.725293	1
	0.000000
PRED	H-SSM	66666
	YALE	0
	0.725293	1
	0.000000
PRED	H-SSM	66666
	YALE	0
	0.725293	1
	0.000000
PRED	H-SSM	66666
	YALE	0
	0.725293	1
	0.000000
PRED	H-SSM	66666
	YALE	0
	0.725293	1
	0.000000
PRED	H-SSM	66666
	YALE	0
	0.725293	1
	0.000000
PRED	H-SSM	66666
	YALE	0
	0.725293	1
	0.000000
PRED	H-SSM	66666
	YALE	0
	0.725293	1
	0.000000
PRED	H-SSM	66666
	YALE	0
	0.725293	1
	0.000000
PRED	H-SSM	66666
	PITT	1
	0.375526	0
	0.000000
PRED	H-SSM	66666
	PITT	1
	0.375526	0
	0.000000
PRED	H-SSM	66666
	PITT	1
	0.375526	0
	0.000000
PRED	H-SSM	66666
	PITT	1
	0.375526	0
	0.000000
PRED	H-SSM	66666
	PITT	1
	0.375526	0
	0.000000
PRED	H-SSM	66666
	PITT	1
	0.375526	0
	0.000000
PRED	H-SSM	66666
	PITT	1
	0.375526	0
	0.000000
PRED	H-SSM	66666
	PITT	1
	0.375526	0
	0.000000
PRED	H-SSM	66666
	PITT	1
	0.375526	0
	0.000000
PRED	H-SSM	66666
	PITT	1
	0.375526	0
	0.000000
PRED	H-SSM	66666
	PITT	1
	0.375526	0
	0.000000
PRED	H-SSM	66666
	PITT	1
	0.375526	0
	0.000000
PRED	H-SSM	66666
	PITT	1
	0.375526	0
	0.000000
PRED	H-SSM	66666
	PITT	0
	0.375526	0
	0.000000
PRED	H-SSM	66666
	PITT	0
	0.375526	0
	0.000000
PRED	H-SSM	66666
	PITT	0
	0.375526	0
	0.000000
PRED	H-SSM	66666
	PITT	0
	0.375526	0
	0.000000
PRED	H-SSM	66666
	PITT	0
	0.375526	0
	0.000000
PRED	H-SSM	66666
	PITT	0
	0.375526	0
	0.000000
PRED	H-SSM	66666
	PITT	0
	0.375526	0
	0.000000
PRED	H-SSM	66666
	PITT	0
	0.375526	0
	0.000000
PRED	H-SSM	66666
	PITT	0
	0.375526	0
	0.000000
PRED	H-SSM	66666
	PITT	0
	0.375526	0
	0.000000
PRED	H-SSM	66666
	PITT	0
	0.375526	0
	0.000000
PRED	H-SSM	66666
	PITT	0
	0.375526	0
	0.000000
PRED	H-SSM	66666
	PITT	0
	0.375526	0
	0.000000
PRED	H-SSM	66666
	USM	1
	0.348887	0
	0.000000
PRED	H-SSM	66666
	USM	1
	0.348887	0
	0.000000
PRED	H-SSM	66666
	USM	1
	0.348887	0
	0.000000
PRED	H-SSM	66666
	USM	1
	0.348887	0
	0.000000
PRED	H-SSM	66666
	USM	1
	0.348887	0
	0.000000
PRED	H-SSM	66666
	USM	1
	0.348887	0
	0.000000
PRED	H-SSM	66666
	USM	1
	0.348887	0
	0.000000
PRED	H-SSM	66666
	USM	1
	0.348887	0
	0.000000
PRED	H-SSM	66666
	USM	1
	0.348887	0
	0.000000
PRED	H-SSM	66666
	USM	1
	0.348887	0
	0.000000
PRED	H-SSM	66666
	USM	1
	0.348887	0
	0.000000
PRED	H-SSM	66666
	USM	1
	0.348887	0
	0.000000
PRED	H-SSM	66666
	USM	1
	0.348887	0
	0.000000
PRED	H-SSM	66666
	USM	0
	0.348887	0
	0.000000
PRED	H-SSM	66666
	USM	0
	0.348887	0
	0.000000
PRED	H-SSM	66666
	USM	0
	0.348887	0
	0.000000
PRED	H-SSM	66666
	USM	0
	0.348887	0
	0.000000
PRED	H-SSM	66666
	USM	0
	0.348887	0
	0.000000
PRED	H-SSM	66666
	USM	0
	0.348887	0
	0.000000
PRED	H-SSM	66666
	USM	0
	0.348887	0
	0.000000
PRED	H-SSM	66666
	USM	0
	0.348887	0
	0.000000
PRED	H-SSM	66666
	USM	0
	0.348887	0
	0.000000
PRED	H-SSM	66666
	USM	0
	0.348887	0
	0.000000
PRED	H-SSM	66666
	USM	0
	0.348887	0
	0.000000
PRED	H-SSM	66666
	USM	0
	0.348887	0
	0.000000
PRED	H-SSM	66666
	USM	0
	0.348887	0
	0.000000
PRED	H-SSM	66666
	MAX_MUN	1
	0.424289	0
	0.000000
PRED	H-SSM	66666
	MAX_MUN	1
	0.424289	0
	0.000000
PRED	H-SSM	66666
	MAX_MUN	1
	0.424289	0
	0.000000
PRED	H-SSM	66666
	MAX_MUN	1
	0.424289	0
	0.000000
PRED	H-SSM	66666
	MAX_MUN	1
	0.424289	0
	0.000000
PRED	H-SSM	66666
	MAX_MUN	1
	0.424289	0
	0.000000
PRED	H-SSM	66666
	MAX_MUN	1
	0.424289	0
	0.000000
PRED	H-SSM	66666
	MAX_MUN	1
	0.424289	0
	0.000000
PRED	H-SSM	66666
	MAX_MUN	1
	0.424289	0
	0.000000
PRED	H-SSM	66666
	MAX_MUN	1
	0.424289	0
	0.000000
PRED	H-SSM	66666
	MAX_MUN	1
	0.424289	0
	0.000000
PRED	H-SSM	66666
	MAX_MUN	1
	0.424289	0
	0.000000
PRED	H-SSM	66666
	MAX_MUN	1
	0.424289	0
	0.000000
PRED	H-SSM	66666
	MAX_MUN	0
	0.424289	0
	0.000000
PRED	H-SSM	66666
	MAX_MUN	0
	0.424289	0
	0.000000
PRED	H-SSM	66666
	MAX_MUN	0
	0.424289	0
	0.000000
PRED	H-SSM	66666
	MAX_MUN	0
	0.424289	0
	0.000000
PRED	H-SSM	66666
	MAX_MUN	0
	0.424289	0
	0.000000
PRED	H-SSM	66666
	MAX_MUN	0
	0.424289	0
	0.000000
PRED	H-SSM	66666
	MAX_MUN	0
	0.424289	0
	0.000000
PRED	H-SSM	66666
	MAX_MUN	0
	0.424289	0
	0.000000
PRED	H-SSM	66666
	MAX_MUN	0
	0.424289	0
	0.000000
PRED	H-SSM	66666
	MAX_MUN	0
	0.424289	0
	0.000000
PRED	H-SSM	66666
	MAX_MUN	0
	0.424289	0
	0.000000
PRED	H-SSM	66666
	MAX_MUN	0
	0.424289	0
	0.000000
PRED	H-SSM	66666
	MAX_MUN	0
	0.424289	0
	0.000000
PRED	H-SSM	66666
	TRINITY	1
	0.537214	1
	0.000000
PRED	H-SSM	66666
	TRINITY	1
	0.537214	1
	0.000000
PRED	H-SSM	66666
	TRINITY	1
	0.537214	1
	0.000000
PRED	H-SSM	66666
	TRINITY	1
	0.537214	1
	0.000000
PRED	H-SSM	66666
	TRINITY	1
	0.537214	1
	0.000000
PRED	H-SSM	66666
	TRINITY	1
	0.537214	1
	0.000000
PRED	H-SSM	66666
	TRINITY	1
	0.537214	1
	0.000000
PRED	H-SSM	66666
	TRINITY	1
	0.537214	1
	0.000000
PRED	H-SSM	66666
	TRINITY	1
	0.537214	1
	0.000000
PRED	H-SSM	66666
	TRINITY	1
	0.537214	1
	0.000000
PRED	H-SSM	66666
	TRINITY	1
	0.537214	1
	0.000000
PRED	H-SSM	66666
	TRINITY	1
	0.537214	1
	0.000000
PRED	H-SSM	66666
	TRINITY	1
	0.537214	1
	0.000000
PRED	H-SSM	66666
	TRINITY	0
	0.537214	1
	0.000000
PRED	H-SSM	66666
	TRINITY	0
	0.537214	1
	0.000000
PRED	H-SSM	66666
	TRINITY	0
	0.537214	1
	0.000000
PRED	H-SSM	66666
	TRINITY	0
	0.537214	1
	0.000000
PRED	H-SSM	66666
	TRINITY	0
	0.537214	1
	0.000000
PRED	H-SSM	66666
	TRINITY	0
	0.537214	1
	0.000000
PRED	H-SSM	66666
	TRINITY	0
	0.537214	1
	0.000000
PRED	H-SSM	66666
	TRINITY	0
	0.537214	1
	0.000000
PRED	H-SSM	66666
	TRINITY	0
	0.537214	1
	0.000000
PRED	H-SSM	66666
	TRINITY	0
	0.537214	1
	0.000000
PRED	H-SSM	66666
	TRINITY	0
	0.537214	1
	0.000000
PRED	H-SSM	66666
	TRINITY	0
	0.537214	1
	0.000000
PRED	H-SSM	66666
	TRINITY	0
	0.537214	1
	0.000000
PRED	H-SSM	66666
	KKI	1
	0.688605	1
	0.000000
PRED	H-SSM	66666
	KKI	1
	0.688605	1
	0.000000
PRED	H-SSM	66666
	KKI	1
	0.688605	1
	0.000000
PRED	H-SSM	66666
	KKI	1
	0.688605	1
	0.000000
PRED	H-SSM	66666
	KKI	1
	0.688605	1
	0.000000
PRED	H-SSM	66666
	KKI	1
	0.688605	1
	0.000000
PRED	H-SSM	66666
	KKI	1
	0.688605	1
	0.000000
PRED	H-SSM	66666
	KKI	1
	0.688605	1
	0.000000
PRED	H-SSM	66666
	KKI	1
	0.688605	1
	0.000000
PRED	H-SSM	66666
	KKI	1
	0.688605	1
	0.000000
PRED	H-SSM	66666
	KKI	1
	0.688605	1
	0.000000
PRED	H-SSM	66666
	KKI	1
	0.688605	1
	0.000000
PRED	H-SSM	66666
	KKI	1
	0.688605	1
	0.000000
PRED	H-SSM	66666
	KKI	0
	0.688605	1
	0.000000
PRED	H-SSM	66666
	KKI	0
	0.688605	1
	0.000000
PRED	H-SSM	66666
	KKI	0
	0.688605	1
	0.000000
PRED	H-SSM	66666
	KKI	0
	0.688605	1
	0.000000
PRED	H-SSM	66666
	KKI	0
	0.688605	1
	0.000000
PRED	H-SSM	66666
	KKI	0
	0.688605	1
	0.000000
PRED	H-SSM	66666
	KKI	0
	0.688605	1
	0.000000
PRED	H-SSM	66666
	KKI	0
	0.688605	1
	0.000000
PRED	H-SSM	66666
	KKI	0
	0.688605	1
	0.000000
PRED	H-SSM	66666
	KKI	0
	0.688605	1
	0.000000
PRED	H-SSM	66666
	KKI	0
	0.688605	1
	0.000000
PRED	H-SSM	66666
	KKI	0
	0.688605	1
	0.000000
PRED	H-SSM	66666
	KKI	0
	0.688605	1
	0.000000
PRED	H-SSM	66666
	STANFORD	1
	0.319230	0
	0.000000
PRED	H-SSM	66666
	STANFORD	1
	0.319230	0
	0.000000
PRED	H-SSM	66666
	STANFORD	1
	0.319230	0
	0.000000
PRED	H-SSM	66666
	STANFORD	1
	0.319230	0
	0.000000
PRED	H-SSM	66666
	STANFORD	1
	0.319230	0
	0.000000
PRED	H-SSM	66666
	STANFORD	1
	0.319230	0
	0.000000
PRED	H-SSM	66666
	STANFORD	1
	0.319230	0
	0.000000
PRED	H-SSM	66666
	STANFORD	1
	0.319230	0
	0.000000
PRED	H-SSM	66666
	STANFORD	1
	0.319230	0
	0.000000
PRED	H-SSM	66666
	STANFORD	1
	0.319230	0
	0.000000
PRED	H-SSM	66666
	STANFORD	1
	0.319230	0
	0.000000
PRED	H-SSM	66666
	STANFORD	1
	0.319230	0
	0.000000
PRED	H-SSM	66666
	STANFORD	1
	0.319230	0
	0.000000
PRED	H-SSM	66666
	STANFORD	0
	0.319230	0
	0.000000
PRED	H-SSM	66666
	STANFORD	0
	0.319230	0
	0.000000
PRED	H-SSM	66666
	STANFORD	0
	0.319230	0
	0.000000
PRED	H-SSM	66666
	STANFORD	0
	0.319230	0
	0.000000
PRED	H-SSM	66666
	STANFORD	0
	0.319230	0
	0.000000
PRED	H-SSM	66666
	STANFORD	0
	0.319230	0
	0.000000
PRED	H-SSM	66666
	STANFORD	0
	0.319230	0
	0.000000
PRED	H-SSM	66666
	STANFORD	0
	0.319230	0
	0.000000
PRED	H-SSM	66666
	STANFORD	0
	0.319230	0
	0.000000
PRED	H-SSM	66666
	STANFORD	0
	0.319230	0
	0.000000
PRED	H-SSM	66666
	STANFORD	0
	0.319230	0
	0.000000
PRED	H-SSM	66666
	STANFORD	0
	0.319230	0
	0.000000
PRED	H-SSM	66666
	STANFORD	0
	0.319230	0
	0.000000
PRED	H-SSM	66666
	CALTECH	1
	0.587600	1
	0.000000
PRED	H-SSM	66666
	CALTECH	1
	0.587600	1
	0.000000
PRED	H-SSM	66666
	CALTECH	1
	0.587600	1
	0.000000
PRED	H-SSM	66666
	CALTECH	1
	0.587600	1
	0.000000
PRED	H-SSM	66666
	CALTECH	1
	0.587600	1
	0.000000
PRED	H-SSM	66666
	CALTECH	1
	0.587600	1
	0.000000
PRED	H-SSM	66666
	CALTECH	1
	0.587600	1
	0.000000
PRED	H-SSM	66666
	CALTECH	1
	0.587600	1
	0.000000
PRED	H-SSM	66666
	CALTECH	1
	0.587600	1
	0.000000
PRED	H-SSM	66666
	CALTECH	1
	0.587600	1
	0.000000
PRED	H-SSM	66666
	CALTECH	1
	0.587600	1
	0.000000
PRED	H-SSM	66666
	CALTECH	1
	0.587600	1
	0.000000
PRED	H-SSM	66666
	CALTECH	0
	0.587600	1
	0.000000
PRED	H-SSM	66666
	CALTECH	0
	0.587600	1
	0.000000
PRED	H-SSM	66666
	CALTECH	0
	0.587600	1
	0.000000
PRED	H-SSM	66666
	CALTECH	0
	0.587600	1
	0.000000
PRED	H-SSM	66666
	CALTECH	0
	0.587600	1
	0.000000
PRED	H-SSM	66666
	CALTECH	0
	0.587600	1
	0.000000
PRED	H-SSM	66666
	CALTECH	0
	0.587600	1
	0.000000
PRED	H-SSM	66666
	CALTECH	0
	0.587600	1
	0.000000
PRED	H-SSM	66666
	CALTECH	0
	0.587600	1
	0.000000
PRED	H-SSM	66666
	CALTECH	0
	0.587600	1
	0.000000
PRED	H-SSM	66666
	CALTECH	0
	0.587600	1
	0.000000
PRED	H-SSM	66666
	CALTECH	0
	0.587600	1
	0.000000
PRED	H-SSM	66666
	LEUVEN_2	1
	0.581404	1
	0.000000
PRED	H-SSM	66666
	LEUVEN_2	1
	0.581404	1
	0.000000
PRED	H-SSM	66666
	LEUVEN_2	1
	0.581404	1
	0.000000
PRED	H-SSM	66666
	LEUVEN_2	1
	0.581404	1
	0.000000
PRED	H-SSM	66666
	LEUVEN_2	1
	0.581404	1
	0.000000
PRED	H-SSM	66666
	LEUVEN_2	1
	0.581404	1
	0.000000
PRED	H-SSM	66666
	LEUVEN_2	1
	0.581404	1
	0.000000
PRED	H-SSM	66666
	LEUVEN_2	1
	0.581404	1
	0.000000
PRED	H-SSM	66666
	LEUVEN_2	1
	0.581404	1
	0.000000
PRED	H-SSM	66666
	LEUVEN_2	1
	0.581404	1
	0.000000
PRED	H-SSM	66666
	LEUVEN_2	1
	0.581404	1
	0.000000
PRED	H-SSM	66666
	LEUVEN_2	1
	0.581404	1
	0.000000
PRED	H-SSM	66666
	LEUVEN_2	0
	0.581404	1
	0.000000
PRED	H-SSM	66666
	LEUVEN_2	0
	0.581404	1
	0.000000
PRED	H-SSM	66666
	LEUVEN_2	0
	0.581404	1
	0.000000
PRED	H-SSM	66666
	LEUVEN_2	0
	0.581404	1
	0.000000
PRED	H-SSM	66666
	LEUVEN_2	0
	0.581404	1
	0.000000
PRED	H-SSM	66666
	LEUVEN_2	0
	0.581404	1
	0.000000
PRED	H-SSM	66666
	LEUVEN_2	0
	0.581404	1
	0.000000
PRED	H-SSM	66666
	LEUVEN_2	0
	0.581404	1
	0.000000
PRED	H-SSM	66666
	LEUVEN_2	0
	0.581404	1
	0.000000
PRED	H-SSM	66666
	LEUVEN_2	0
	0.581404	1
	0.000000
PRED	H-SSM	66666
	LEUVEN_2	0
	0.581404	1
	0.000000
PRED	H-SSM	66666
	LEUVEN_2	0
	0.581404	1
	0.000000
PRED	H-SSM	66666
	OLIN	1
	0.302298	0
	0.000000
PRED	H-SSM	66666
	OLIN	1
	0.302298	0
	0.000000
PRED	H-SSM	66666
	OLIN	1
	0.302298	0
	0.000000
PRED	H-SSM	66666
	OLIN	1
	0.302298	0
	0.000000
PRED	H-SSM	66666
	OLIN	1
	0.302298	0
	0.000000
PRED	H-SSM	66666
	OLIN	1
	0.302298	0
	0.000000
PRED	H-SSM	66666
	OLIN	1
	0.302298	0
	0.000000
PRED	H-SSM	66666
	OLIN	1
	0.302298	0
	0.000000
PRED	H-SSM	66666
	OLIN	1
	0.302298	0
	0.000000
PRED	H-SSM	66666
	OLIN	1
	0.302298	0
	0.000000
PRED	H-SSM	66666
	OLIN	1
	0.302298	0
	0.000000
PRED	H-SSM	66666
	OLIN	1
	0.302298	0
	0.000000
PRED	H-SSM	66666
	OLIN	0
	0.302298	0
	0.000000
PRED	H-SSM	66666
	OLIN	0
	0.302298	0
	0.000000
PRED	H-SSM	66666
	OLIN	0
	0.302298	0
	0.000000
PRED	H-SSM	66666
	OLIN	0
	0.302298	0
	0.000000
PRED	H-SSM	66666
	OLIN	0
	0.302298	0
	0.000000
PRED	H-SSM	66666
	OLIN	0
	0.302298	0
	0.000000
PRED	H-SSM	66666
	OLIN	0
	0.302298	0
	0.000000
PRED	H-SSM	66666
	OLIN	0
	0.302298	0
	0.000000
PRED	H-SSM	66666
	OLIN	0
	0.302298	0
	0.000000
PRED	H-SSM	66666
	OLIN	0
	0.302298	0
	0.000000
PRED	H-SSM	66666
	OLIN	0
	0.302298	0
	0.000000
PRED	H-SSM	66666
	OLIN	0
	0.302298	0
	0.000000
PRED	H-SSM	66666
	SBL	1
	0.643356	1
	0.000000
PRED	H-SSM	66666
	SBL	1
	0.643356	1
	0.000000
PRED	H-SSM	66666
	SBL	1
	0.643356	1
	0.000000
PRED	H-SSM	66666
	SBL	1
	0.643356	1
	0.000000
PRED	H-SSM	66666
	SBL	1
	0.643356	1
	0.000000
PRED	H-SSM	66666
	SBL	1
	0.643356	1
	0.000000
PRED	H-SSM	66666
	SBL	1
	0.643356	1
	0.000000
PRED	H-SSM	66666
	SBL	1
	0.643356	1
	0.000000
PRED	H-SSM	66666
	SBL	1
	0.643356	1
	0.000000
PRED	H-SSM	66666
	SBL	1
	0.643356	1
	0.000000
PRED	H-SSM	66666
	SBL	1
	0.643356	1
	0.000000
PRED	H-SSM	66666
	SBL	1
	0.643356	1
	0.000000
PRED	H-SSM	66666
	SBL	0
	0.643356	1
	0.000000
PRED	H-SSM	66666
	SBL	0
	0.643356	1
	0.000000
PRED	H-SSM	66666
	SBL	0
	0.643356	1
	0.000000
PRED	H-SSM	66666
	SBL	0
	0.643356	1
	0.000000
PRED	H-SSM	66666
	SBL	0
	0.643356	1
	0.000000
PRED	H-SSM	66666
	SBL	0
	0.643356	1
	0.000000
PRED	H-SSM	66666
	SBL	0
	0.643356	1
	0.000000
PRED	H-SSM	66666
	SBL	0
	0.643356	1
	0.000000
PRED	H-SSM	66666
	SBL	0
	0.643356	1
	0.000000
PRED	H-SSM	66666
	SBL	0
	0.643356	1
	0.000000
PRED	H-SSM	66666
	SBL	0
	0.643356	1
	0.000000
PRED	H-SSM	66666
	SBL	0
	0.643356	1
	0.000000
PRED	H-SSM	66666
	LEUVEN_1	1
	0.560802	1
	0.000000
PRED	H-SSM	66666
	LEUVEN_1	1
	0.560802	1
	0.000000
PRED	H-SSM	66666
	LEUVEN_1	1
	0.560802	1
	0.000000
PRED	H-SSM	66666
	LEUVEN_1	1
	0.560802	1
	0.000000
PRED	H-SSM	66666
	LEUVEN_1	1
	0.560802	1
	0.000000
PRED	H-SSM	66666
	LEUVEN_1	1
	0.560802	1
	0.000000
PRED	H-SSM	66666
	LEUVEN_1	1
	0.560802	1
	0.000000
PRED	H-SSM	66666
	LEUVEN_1	1
	0.560802	1
	0.000000
PRED	H-SSM	66666
	LEUVEN_1	1
	0.560802	1
	0.000000
PRED	H-SSM	66666
	LEUVEN_1	1
	0.560802	1
	0.000000
PRED	H-SSM	66666
	LEUVEN_1	1
	0.560802	1
	0.000000
PRED	H-SSM	66666
	LEUVEN_1	1
	0.560802	1
	0.000000
PRED	H-SSM	66666
	LEUVEN_1	0
	0.560802	1
	0.000000
PRED	H-SSM	66666
	LEUVEN_1	0
	0.560802	1
	0.000000
PRED	H-SSM	66666
	LEUVEN_1	0
	0.560802	1
	0.000000
PRED	H-SSM	66666
	LEUVEN_1	0
	0.560802	1
	0.000000
PRED	H-SSM	66666
	LEUVEN_1	0
	0.560802	1
	0.000000
PRED	H-SSM	66666
	LEUVEN_1	0
	0.560802	1
	0.000000
PRED	H-SSM	66666
	LEUVEN_1	0
	0.560802	1
	0.000000
PRED	H-SSM	66666
	LEUVEN_1	0
	0.560802	1
	0.000000
PRED	H-SSM	66666
	LEUVEN_1	0
	0.560802	1
	0.000000
PRED	H-SSM	66666
	LEUVEN_1	0
	0.560802	1
	0.000000
PRED	H-SSM	66666
	LEUVEN_1	0
	0.560802	1
	0.000000
PRED	H-SSM	66666
	LEUVEN_1	0
	0.560802	1
	0.000000
PRED	H-SSM	66666
	SDSU	1
	0.505105	1
	0.000000
PRED	H-SSM	66666
	SDSU	1
	0.505105	1
	0.000000
PRED	H-SSM	66666
	SDSU	1
	0.505105	1
	0.000000
PRED	H-SSM	66666
	SDSU	1
	0.505105	1
	0.000000
PRED	H-SSM	66666
	SDSU	1
	0.505105	1
	0.000000
PRED	H-SSM	66666
	SDSU	1
	0.505105	1
	0.000000
PRED	H-SSM	66666
	SDSU	1
	0.505105	1
	0.000000
PRED	H-SSM	66666
	SDSU	1
	0.505105	1
	0.000000
PRED	H-SSM	66666
	SDSU	1
	0.505105	1
	0.000000
PRED	H-SSM	66666
	SDSU	1
	0.505105	1
	0.000000
PRED	H-SSM	66666
	SDSU	1
	0.505105	1
	0.000000
PRED	H-SSM	66666
	SDSU	1
	0.505105	1
	0.000000
PRED	H-SSM	66666
	SDSU	0
	0.505105	1
	0.000000
PRED	H-SSM	66666
	SDSU	0
	0.505105	1
	0.000000
PRED	H-SSM	66666
	SDSU	0
	0.505105	1
	0.000000
PRED	H-SSM	66666
	SDSU	0
	0.505105	1
	0.000000
PRED	H-SSM	66666
	SDSU	0
	0.505105	1
	0.000000
PRED	H-SSM	66666
	SDSU	0
	0.505105	1
	0.000000
PRED	H-SSM	66666
	SDSU	0
	0.505105	1
	0.000000
PRED	H-SSM	66666
	SDSU	0
	0.505105	1
	0.000000
PRED	H-SSM	66666
	SDSU	0
	0.505105	1
	0.000000
PRED	H-SSM	66666
	SDSU	0
	0.505105	1
	0.000000
PRED	H-SSM	66666
	SDSU	0
	0.505105	1
	0.000000
PRED	H-SSM	66666
	SDSU	0
	0.505105	1
	0.000000
PRED	H-SSM	66666
	CMU	1
	0.652534	1
	0.000000
PRED	H-SSM	66666
	CMU	1
	0.652534	1
	0.000000
PRED	H-SSM	66666
	CMU	1
	0.652534	1
	0.000000
PRED	H-SSM	66666
	CMU	1
	0.652534	1
	0.000000
PRED	H-SSM	66666
	CMU	1
	0.652534	1
	0.000000
PRED	H-SSM	66666
	CMU	1
	0.652534	1
	0.000000
PRED	H-SSM	66666
	CMU	1
	0.652534	1
	0.000000
PRED	H-SSM	66666
	CMU	1
	0.652534	1
	0.000000
PRED	H-SSM	66666
	CMU	1
	0.652534	1
	0.000000
PRED	H-SSM	66666
	CMU	1
	0.652534	1
	0.000000
PRED	H-SSM	66666
	CMU	1
	0.652534	1
	0.000000
PRED	H-SSM	66666
	CMU	1
	0.652534	1
	0.000000
PRED	H-SSM	66666
	CMU	0
	0.652534	1
	0.000000
PRED	H-SSM	66666
	CMU	0
	0.652534	1
	0.000000
PRED	H-SSM	66666
	CMU	0
	0.652534	1
	0.000000
PRED	H-SSM	66666
	CMU	0
	0.652534	1
	0.000000
PRED	H-SSM	66666
	CMU	0
	0.652534	1
	0.000000
PRED	H-SSM	66666
	CMU	0
	0.652534	1
	0.000000
PRED	H-SSM	66666
	CMU	0
	0.652534	1
	0.000000
PRED	H-SSM	66666
	CMU	0
	0.652534	1
	0.000000
PRED	H-SSM	66666
	CMU	0
	0.652534	1
	0.000000
PRED	H-SSM	66666
	CMU	0
	0.652534	1
	0.000000
PRED	H-SSM	66666
	CMU	0
	0.652534	1
	0.000000
PRED	H-SSM	66666
	CMU	0
	0.652534	1
	0.000000
PRED	H-SSM	66666
	UCLA_2	1
	0.535624	1
	0.000000
PRED	H-SSM	66666
	UCLA_2	1
	0.535624	1
	0.000000
PRED	H-SSM	66666
	UCLA_2	1
	0.535624	1
	0.000000
PRED	H-SSM	66666
	UCLA_2	1
	0.535624	1
	0.000000
PRED	H-SSM	66666
	UCLA_2	1
	0.535624	1
	0.000000
PRED	H-SSM	66666
	UCLA_2	1
	0.535624	1
	0.000000
PRED	H-SSM	66666
	UCLA_2	1
	0.535624	1
	0.000000
PRED	H-SSM	66666
	UCLA_2	1
	0.535624	1
	0.000000
PRED	H-SSM	66666
	UCLA_2	1
	0.535624	1
	0.000000
PRED	H-SSM	66666
	UCLA_2	1
	0.535624	1
	0.000000
PRED	H-SSM	66666
	UCLA_2	1
	0.535624	1
	0.000000
PRED	H-SSM	66666
	UCLA_2	1
	0.535624	1
	0.000000
PRED	H-SSM	66666
	UCLA_2	0
	0.535624	1
	0.000000
PRED	H-SSM	66666
	UCLA_2	0
	0.535624	1
	0.000000
PRED	H-SSM	66666
	UCLA_2	0
	0.535624	1
	0.000000
PRED	H-SSM	66666
	UCLA_2	0
	0.535624	1
	0.000000
PRED	H-SSM	66666
	UCLA_2	0
	0.535624	1
	0.000000
PRED	H-SSM	66666
	UCLA_2	0
	0.535624	1
	0.000000
PRED	H-SSM	66666
	UCLA_2	0
	0.535624	1
	0.000000
PRED	H-SSM	66666
	UCLA_2	0
	0.535624	1
	0.000000
PRED	H-SSM	66666
	UCLA_2	0
	0.535624	1
	0.000000
PRED	H-SSM	66666
	UCLA_2	0
	0.535624	1
	0.000000
PRED	H-SSM	66666
	UCLA_2	0
	0.535624	1
	0.000000
PRED	H-SSM	66666
	UCLA_2	0
	0.535624	1
	0.000000
PRED	H-SSM	66666
	UM_2	1
	0.577474	1
	0.000000
PRED	H-SSM	66666
	UM_2	1
	0.577474	1
	0.000000
PRED	H-SSM	66666
	UM_2	1
	0.577474	1
	0.000000
PRED	H-SSM	66666
	UM_2	1
	0.577474	1
	0.000000
PRED	H-SSM	66666
	UM_2	1
	0.577474	1
	0.000000
PRED	H-SSM	66666
	UM_2	1
	0.577474	1
	0.000000
PRED	H-SSM	66666
	UM_2	1
	0.577474	1
	0.000000
PRED	H-SSM	66666
	UM_2	1
	0.577474	1
	0.000000
PRED	H-SSM	66666
	UM_2	1
	0.577474	1
	0.000000
PRED	H-SSM	66666
	UM_2	1
	0.577474	1
	0.000000
PRED	H-SSM	66666
	UM_2	1
	0.577474	1
	0.000000
PRED	H-SSM	66666
	UM_2	1
	0.577474	1
	0.000000
PRED	H-SSM	66666
	UM_2	0
	0.577474	1
	0.000000
PRED	H-SSM	66666
	UM_2	0
	0.577474	1
	0.000000
PRED	H-SSM	66666
	UM_2	0
	0.577474	1
	0.000000
PRED	H-SSM	66666
	UM_2	0
	0.577474	1
	0.000000
PRED	H-SSM	66666
	UM_2	0
	0.577474	1
	0.000000
PRED	H-SSM	66666
	UM_2	0
	0.577474	1
	0.000000
PRED	H-SSM	66666
	UM_2	0
	0.577474	1
	0.000000
PRED	H-SSM	66666
	UM_2	0
	0.577474	1
	0.000000
PRED	H-SSM	66666
	UM_2	0
	0.577474	1
	0.000000
PRED	H-SSM	66666
	UM_2	0
	0.577474	1
	0.000000
PRED	H-SSM	66666
	UM_2	0
	0.577474	1
	0.000000
PRED	H-SSM	66666
	UM_2	0
	0.577474	1
	0.000000
PRED	H-SSM	66666
	OHSU	1
	0.574566	1
	0.000000
PRED	H-SSM	66666
	OHSU	1
	0.574566	1
	0.000000
PRED	H-SSM	66666
	OHSU	1
	0.574566	1
	0.000000
PRED	H-SSM	66666
	OHSU	1
	0.574566	1
	0.000000
PRED	H-SSM	66666
	OHSU	1
	0.574566	1
	0.000000
PRED	H-SSM	66666
	OHSU	1
	0.574566	1
	0.000000
PRED	H-SSM	66666
	OHSU	1
	0.574566	1
	0.000000
PRED	H-SSM	66666
	OHSU	1
	0.574566	1
	0.000000
PRED	H-SSM	66666
	OHSU	1
	0.574566	1
	0.000000
PRED	H-SSM	66666
	OHSU	1
	0.574566	1
	0.000000
PRED	H-SSM	66666
	OHSU	1
	0.574566	1
	0.000000
PRED	H-SSM	66666
	OHSU	1
	0.574566	1
	0.000000
PRED	H-SSM	66666
	OHSU	0
	0.574566	1
	0.000000
PRED	H-SSM	66666
	OHSU	0
	0.574566	1
	0.000000
PRED	H-SSM	66666
	OHSU	0
	0.574566	1
	0.000000
PRED	H-SSM	66666
	OHSU	0
	0.574566	1
	0.000000
PRED	H-SSM	66666
	OHSU	0
	0.574566	1
	0.000000
PRED	H-SSM	66666
	OHSU	0
	0.574566	1
	0.000000
PRED	H-SSM	66666
	OHSU	0
	0.574566	1
	0.000000
PRED	H-SSM	66666
	OHSU	0
	0.574566	1
	0.000000
PRED	H-SSM	66666
	OHSU	0
	0.574566	1
	0.000000
PRED	H-SSM	66666
	OHSU	0
	0.574566	1
	0.000000
PRED	H-SSM	66666
	OHSU	0
	0.574566	1
	0.000000
PRED	H-SSM	66666
	OHSU	0
	0.574566	1
	0.000000
  H-SSM    66666
   acc=50.000000% bal=50.000000% sites=20
/20
 test_n=500
 assoc=0.000000
PRED	H-SSM	77777
	NYU	1
	0.581110	1
	0.000000
PRED	H-SSM	77777
	NYU	1
	0.581110	1
	0.000000
PRED	H-SSM	77777
	NYU	1
	0.581110	1
	0.000000
PRED	H-SSM	77777
	NYU	1
	0.581110	1
	0.000000
PRED	H-SSM	77777
	NYU	1
	0.581110	1
	0.000000
PRED	H-SSM	77777
	NYU	1
	0.581110	1
	0.000000
PRED	H-SSM	77777
	NYU	1
	0.581110	1
	0.000000
PRED	H-SSM	77777
	NYU	1
	0.581110	1
	0.000000
PRED	H-SSM	77777
	NYU	1
	0.581110	1
	0.000000
PRED	H-SSM	77777
	NYU	1
	0.581110	1
	0.000000
PRED	H-SSM	77777
	NYU	1
	0.581110	1
	0.000000
PRED	H-SSM	77777
	NYU	1
	0.581110	1
	0.000000
PRED	H-SSM	77777
	NYU	1
	0.581110	1
	0.000000
PRED	H-SSM	77777
	NYU	0
	0.581110	1
	0.000000
PRED	H-SSM	77777
	NYU	0
	0.581110	1
	0.000000
PRED	H-SSM	77777
	NYU	0
	0.581110	1
	0.000000
PRED	H-SSM	77777
	NYU	0
	0.581110	1
	0.000000
PRED	H-SSM	77777
	NYU	0
	0.581110	1
	0.000000
PRED	H-SSM	77777
	NYU	0
	0.581110	1
	0.000000
PRED	H-SSM	77777
	NYU	0
	0.581110	1
	0.000000
PRED	H-SSM	77777
	NYU	0
	0.581110	1
	0.000000
PRED	H-SSM	77777
	NYU	0
	0.581110	1
	0.000000
PRED	H-SSM	77777
	NYU	0
	0.581110	1
	0.000000
PRED	H-SSM	77777
	NYU	0
	0.581110	1
	0.000000
PRED	H-SSM	77777
	NYU	0
	0.581110	1
	0.000000
PRED	H-SSM	77777
	NYU	0
	0.581110	1
	0.000000
PRED	H-SSM	77777
	UM_1	1
	0.394452	0
	0.000000
PRED	H-SSM	77777
	UM_1	1
	0.394452	0
	0.000000
PRED	H-SSM	77777
	UM_1	1
	0.394452	0
	0.000000
PRED	H-SSM	77777
	UM_1	1
	0.394452	0
	0.000000
PRED	H-SSM	77777
	UM_1	1
	0.394452	0
	0.000000
PRED	H-SSM	77777
	UM_1	1
	0.394452	0
	0.000000
PRED	H-SSM	77777
	UM_1	1
	0.394452	0
	0.000000
PRED	H-SSM	77777
	UM_1	1
	0.394452	0
	0.000000
PRED	H-SSM	77777
	UM_1	1
	0.394452	0
	0.000000
PRED	H-SSM	77777
	UM_1	1
	0.394452	0
	0.000000
PRED	H-SSM	77777
	UM_1	1
	0.394452	0
	0.000000
PRED	H-SSM	77777
	UM_1	1
	0.394452	0
	0.000000
PRED	H-SSM	77777
	UM_1	1
	0.394452	0
	0.000000
PRED	H-SSM	77777
	UM_1	0
	0.394452	0
	0.000000
PRED	H-SSM	77777
	UM_1	0
	0.394452	0
	0.000000
PRED	H-SSM	77777
	UM_1	0
	0.394452	0
	0.000000
PRED	H-SSM	77777
	UM_1	0
	0.394452	0
	0.000000
PRED	H-SSM	77777
	UM_1	0
	0.394452	0
	0.000000
PRED	H-SSM	77777
	UM_1	0
	0.394452	0
	0.000000
PRED	H-SSM	77777
	UM_1	0
	0.394452	0
	0.000000
PRED	H-SSM	77777
	UM_1	0
	0.394452	0
	0.000000
PRED	H-SSM	77777
	UM_1	0
	0.394452	0
	0.000000
PRED	H-SSM	77777
	UM_1	0
	0.394452	0
	0.000000
PRED	H-SSM	77777
	UM_1	0
	0.394452	0
	0.000000
PRED	H-SSM	77777
	UM_1	0
	0.394452	0
	0.000000
PRED	H-SSM	77777
	UM_1	0
	0.394452	0
	0.000000
PRED	H-SSM	77777
	UCLA_1	1
	0.336181	0
	0.000000
PRED	H-SSM	77777
	UCLA_1	1
	0.336181	0
	0.000000
PRED	H-SSM	77777
	UCLA_1	1
	0.336181	0
	0.000000
PRED	H-SSM	77777
	UCLA_1	1
	0.336181	0
	0.000000
PRED	H-SSM	77777
	UCLA_1	1
	0.336181	0
	0.000000
PRED	H-SSM	77777
	UCLA_1	1
	0.336181	0
	0.000000
PRED	H-SSM	77777
	UCLA_1	1
	0.336181	0
	0.000000
PRED	H-SSM	77777
	UCLA_1	1
	0.336181	0
	0.000000
PRED	H-SSM	77777
	UCLA_1	1
	0.336181	0
	0.000000
PRED	H-SSM	77777
	UCLA_1	1
	0.336181	0
	0.000000
PRED	H-SSM	77777
	UCLA_1	1
	0.336181	0
	0.000000
PRED	H-SSM	77777
	UCLA_1	1
	0.336181	0
	0.000000
PRED	H-SSM	77777
	UCLA_1	1
	0.336181	0
	0.000000
PRED	H-SSM	77777
	UCLA_1	0
	0.336181	0
	0.000000
PRED	H-SSM	77777
	UCLA_1	0
	0.336181	0
	0.000000
PRED	H-SSM	77777
	UCLA_1	0
	0.336181	0
	0.000000
PRED	H-SSM	77777
	UCLA_1	0
	0.336181	0
	0.000000
PRED	H-SSM	77777
	UCLA_1	0
	0.336181	0
	0.000000
PRED	H-SSM	77777
	UCLA_1	0
	0.336181	0
	0.000000
PRED	H-SSM	77777
	UCLA_1	0
	0.336181	0
	0.000000
PRED	H-SSM	77777
	UCLA_1	0
	0.336181	0
	0.000000
PRED	H-SSM	77777
	UCLA_1	0
	0.336181	0
	0.000000
PRED	H-SSM	77777
	UCLA_1	0
	0.336181	0
	0.000000
PRED	H-SSM	77777
	UCLA_1	0
	0.336181	0
	0.000000
PRED	H-SSM	77777
	UCLA_1	0
	0.336181	0
	0.000000
PRED	H-SSM	77777
	UCLA_1	0
	0.336181	0
	0.000000
PRED	H-SSM	77777
	YALE	1
	0.357591	0
	0.000000
PRED	H-SSM	77777
	YALE	1
	0.357591	0
	0.000000
PRED	H-SSM	77777
	YALE	1
	0.357591	0
	0.000000
PRED	H-SSM	77777
	YALE	1
	0.357591	0
	0.000000
PRED	H-SSM	77777
	YALE	1
	0.357591	0
	0.000000
PRED	H-SSM	77777
	YALE	1
	0.357591	0
	0.000000
PRED	H-SSM	77777
	YALE	1
	0.357591	0
	0.000000
PRED	H-SSM	77777
	YALE	1
	0.357591	0
	0.000000
PRED	H-SSM	77777
	YALE	1
	0.357591	0
	0.000000
PRED	H-SSM	77777
	YALE	1
	0.357591	0
	0.000000
PRED	H-SSM	77777
	YALE	1
	0.357591	0
	0.000000
PRED	H-SSM	77777
	YALE	1
	0.357591	0
	0.000000
PRED	H-SSM	77777
	YALE	1
	0.357591	0
	0.000000
PRED	H-SSM	77777
	YALE	0
	0.357591	0
	0.000000
PRED	H-SSM	77777
	YALE	0
	0.357591	0
	0.000000
PRED	H-SSM	77777
	YALE	0
	0.357591	0
	0.000000
PRED	H-SSM	77777
	YALE	0
	0.357591	0
	0.000000
PRED	H-SSM	77777
	YALE	0
	0.357591	0
	0.000000
PRED	H-SSM	77777
	YALE	0
	0.357591	0
	0.000000
PRED	H-SSM	77777
	YALE	0
	0.357591	0
	0.000000
PRED	H-SSM	77777
	YALE	0
	0.357591	0
	0.000000
PRED	H-SSM	77777
	YALE	0
	0.357591	0
	0.000000
PRED	H-SSM	77777
	YALE	0
	0.357591	0
	0.000000
PRED	H-SSM	77777
	YALE	0
	0.357591	0
	0.000000
PRED	H-SSM	77777
	YALE	0
	0.357591	0
	0.000000
PRED	H-SSM	77777
	YALE	0
	0.357591	0
	0.000000
PRED	H-SSM	77777
	PITT	1
	0.441649	0
	0.000000
PRED	H-SSM	77777
	PITT	1
	0.441649	0
	0.000000
PRED	H-SSM	77777
	PITT	1
	0.441649	0
	0.000000
PRED	H-SSM	77777
	PITT	1
	0.441649	0
	0.000000
PRED	H-SSM	77777
	PITT	1
	0.441649	0
	0.000000
PRED	H-SSM	77777
	PITT	1
	0.441649	0
	0.000000
PRED	H-SSM	77777
	PITT	1
	0.441649	0
	0.000000
PRED	H-SSM	77777
	PITT	1
	0.441649	0
	0.000000
PRED	H-SSM	77777
	PITT	1
	0.441649	0
	0.000000
PRED	H-SSM	77777
	PITT	1
	0.441649	0
	0.000000
PRED	H-SSM	77777
	PITT	1
	0.441649	0
	0.000000
PRED	H-SSM	77777
	PITT	1
	0.441649	0
	0.000000
PRED	H-SSM	77777
	PITT	1
	0.441649	0
	0.000000
PRED	H-SSM	77777
	PITT	0
	0.441649	0
	0.000000
PRED	H-SSM	77777
	PITT	0
	0.441649	0
	0.000000
PRED	H-SSM	77777
	PITT	0
	0.441649	0
	0.000000
PRED	H-SSM	77777
	PITT	0
	0.441649	0
	0.000000
PRED	H-SSM	77777
	PITT	0
	0.441649	0
	0.000000
PRED	H-SSM	77777
	PITT	0
	0.441649	0
	0.000000
PRED	H-SSM	77777
	PITT	0
	0.441649	0
	0.000000
PRED	H-SSM	77777
	PITT	0
	0.441649	0
	0.000000
PRED	H-SSM	77777
	PITT	0
	0.441649	0
	0.000000
PRED	H-SSM	77777
	PITT	0
	0.441649	0
	0.000000
PRED	H-SSM	77777
	PITT	0
	0.441649	0
	0.000000
PRED	H-SSM	77777
	PITT	0
	0.441649	0
	0.000000
PRED	H-SSM	77777
	PITT	0
	0.441649	0
	0.000000
PRED	H-SSM	77777
	USM	1
	0.647187	1
	0.000000
PRED	H-SSM	77777
	USM	1
	0.647187	1
	0.000000
PRED	H-SSM	77777
	USM	1
	0.647187	1
	0.000000
PRED	H-SSM	77777
	USM	1
	0.647187	1
	0.000000
PRED	H-SSM	77777
	USM	1
	0.647187	1
	0.000000
PRED	H-SSM	77777
	USM	1
	0.647187	1
	0.000000
PRED	H-SSM	77777
	USM	1
	0.647187	1
	0.000000
PRED	H-SSM	77777
	USM	1
	0.647187	1
	0.000000
PRED	H-SSM	77777
	USM	1
	0.647187	1
	0.000000
PRED	H-SSM	77777
	USM	1
	0.647187	1
	0.000000
PRED	H-SSM	77777
	USM	1
	0.647187	1
	0.000000
PRED	H-SSM	77777
	USM	1
	0.647187	1
	0.000000
PRED	H-SSM	77777
	USM	1
	0.647187	1
	0.000000
PRED	H-SSM	77777
	USM	0
	0.647187	1
	0.000000
PRED	H-SSM	77777
	USM	0
	0.647187	1
	0.000000
PRED	H-SSM	77777
	USM	0
	0.647187	1
	0.000000
PRED	H-SSM	77777
	USM	0
	0.647187	1
	0.000000
PRED	H-SSM	77777
	USM	0
	0.647187	1
	0.000000
PRED	H-SSM	77777
	USM	0
	0.647187	1
	0.000000
PRED	H-SSM	77777
	USM	0
	0.647187	1
	0.000000
PRED	H-SSM	77777
	USM	0
	0.647187	1
	0.000000
PRED	H-SSM	77777
	USM	0
	0.647187	1
	0.000000
PRED	H-SSM	77777
	USM	0
	0.647187	1
	0.000000
PRED	H-SSM	77777
	USM	0
	0.647187	1
	0.000000
PRED	H-SSM	77777
	USM	0
	0.647187	1
	0.000000
PRED	H-SSM	77777
	USM	0
	0.647187	1
	0.000000
PRED	H-SSM	77777
	MAX_MUN	1
	0.537424	1
	0.000000
PRED	H-SSM	77777
	MAX_MUN	1
	0.537424	1
	0.000000
PRED	H-SSM	77777
	MAX_MUN	1
	0.537424	1
	0.000000
PRED	H-SSM	77777
	MAX_MUN	1
	0.537424	1
	0.000000
PRED	H-SSM	77777
	MAX_MUN	1
	0.537424	1
	0.000000
PRED	H-SSM	77777
	MAX_MUN	1
	0.537424	1
	0.000000
PRED	H-SSM	77777
	MAX_MUN	1
	0.537424	1
	0.000000
PRED	H-SSM	77777
	MAX_MUN	1
	0.537424	1
	0.000000
PRED	H-SSM	77777
	MAX_MUN	1
	0.537424	1
	0.000000
PRED	H-SSM	77777
	MAX_MUN	1
	0.537424	1
	0.000000
PRED	H-SSM	77777
	MAX_MUN	1
	0.537424	1
	0.000000
PRED	H-SSM	77777
	MAX_MUN	1
	0.537424	1
	0.000000
PRED	H-SSM	77777
	MAX_MUN	1
	0.537424	1
	0.000000
PRED	H-SSM	77777
	MAX_MUN	0
	0.537424	1
	0.000000
PRED	H-SSM	77777
	MAX_MUN	0
	0.537424	1
	0.000000
PRED	H-SSM	77777
	MAX_MUN	0
	0.537424	1
	0.000000
PRED	H-SSM	77777
	MAX_MUN	0
	0.537424	1
	0.000000
PRED	H-SSM	77777
	MAX_MUN	0
	0.537424	1
	0.000000
PRED	H-SSM	77777
	MAX_MUN	0
	0.537424	1
	0.000000
PRED	H-SSM	77777
	MAX_MUN	0
	0.537424	1
	0.000000
PRED	H-SSM	77777
	MAX_MUN	0
	0.537424	1
	0.000000
PRED	H-SSM	77777
	MAX_MUN	0
	0.537424	1
	0.000000
PRED	H-SSM	77777
	MAX_MUN	0
	0.537424	1
	0.000000
PRED	H-SSM	77777
	MAX_MUN	0
	0.537424	1
	0.000000
PRED	H-SSM	77777
	MAX_MUN	0
	0.537424	1
	0.000000
PRED	H-SSM	77777
	MAX_MUN	0
	0.537424	1
	0.000000
PRED	H-SSM	77777
	TRINITY	1
	0.434498	0
	0.000000
PRED	H-SSM	77777
	TRINITY	1
	0.434498	0
	0.000000
PRED	H-SSM	77777
	TRINITY	1
	0.434498	0
	0.000000
PRED	H-SSM	77777
	TRINITY	1
	0.434498	0
	0.000000
PRED	H-SSM	77777
	TRINITY	1
	0.434498	0
	0.000000
PRED	H-SSM	77777
	TRINITY	1
	0.434498	0
	0.000000
PRED	H-SSM	77777
	TRINITY	1
	0.434498	0
	0.000000
PRED	H-SSM	77777
	TRINITY	1
	0.434498	0
	0.000000
PRED	H-SSM	77777
	TRINITY	1
	0.434498	0
	0.000000
PRED	H-SSM	77777
	TRINITY	1
	0.434498	0
	0.000000
PRED	H-SSM	77777
	TRINITY	1
	0.434498	0
	0.000000
PRED	H-SSM	77777
	TRINITY	1
	0.434498	0
	0.000000
PRED	H-SSM	77777
	TRINITY	1
	0.434498	0
	0.000000
PRED	H-SSM	77777
	TRINITY	0
	0.434498	0
	0.000000
PRED	H-SSM	77777
	TRINITY	0
	0.434498	0
	0.000000
PRED	H-SSM	77777
	TRINITY	0
	0.434498	0
	0.000000
PRED	H-SSM	77777
	TRINITY	0
	0.434498	0
	0.000000
PRED	H-SSM	77777
	TRINITY	0
	0.434498	0
	0.000000
PRED	H-SSM	77777
	TRINITY	0
	0.434498	0
	0.000000
PRED	H-SSM	77777
	TRINITY	0
	0.434498	0
	0.000000
PRED	H-SSM	77777
	TRINITY	0
	0.434498	0
	0.000000
PRED	H-SSM	77777
	TRINITY	0
	0.434498	0
	0.000000
PRED	H-SSM	77777
	TRINITY	0
	0.434498	0
	0.000000
PRED	H-SSM	77777
	TRINITY	0
	0.434498	0
	0.000000
PRED	H-SSM	77777
	TRINITY	0
	0.434498	0
	0.000000
PRED	H-SSM	77777
	TRINITY	0
	0.434498	0
	0.000000
PRED	H-SSM	77777
	KKI	1
	0.491938	0
	0.000000
PRED	H-SSM	77777
	KKI	1
	0.491938	0
	0.000000
PRED	H-SSM	77777
	KKI	1
	0.491938	0
	0.000000
PRED	H-SSM	77777
	KKI	1
	0.491938	0
	0.000000
PRED	H-SSM	77777
	KKI	1
	0.491938	0
	0.000000
PRED	H-SSM	77777
	KKI	1
	0.491938	0
	0.000000
PRED	H-SSM	77777
	KKI	1
	0.491938	0
	0.000000
PRED	H-SSM	77777
	KKI	1
	0.491938	0
	0.000000
PRED	H-SSM	77777
	KKI	1
	0.491938	0
	0.000000
PRED	H-SSM	77777
	KKI	1
	0.491938	0
	0.000000
PRED	H-SSM	77777
	KKI	1
	0.491938	0
	0.000000
PRED	H-SSM	77777
	KKI	1
	0.491938	0
	0.000000
PRED	H-SSM	77777
	KKI	1
	0.491938	0
	0.000000
PRED	H-SSM	77777
	KKI	0
	0.491938	0
	0.000000
PRED	H-SSM	77777
	KKI	0
	0.491938	0
	0.000000
PRED	H-SSM	77777
	KKI	0
	0.491938	0
	0.000000
PRED	H-SSM	77777
	KKI	0
	0.491938	0
	0.000000
PRED	H-SSM	77777
	KKI	0
	0.491938	0
	0.000000
PRED	H-SSM	77777
	KKI	0
	0.491938	0
	0.000000
PRED	H-SSM	77777
	KKI	0
	0.491938	0
	0.000000
PRED	H-SSM	77777
	KKI	0
	0.491938	0
	0.000000
PRED	H-SSM	77777
	KKI	0
	0.491938	0
	0.000000
PRED	H-SSM	77777
	KKI	0
	0.491938	0
	0.000000
PRED	H-SSM	77777
	KKI	0
	0.491938	0
	0.000000
PRED	H-SSM	77777
	KKI	0
	0.491938	0
	0.000000
PRED	H-SSM	77777
	KKI	0
	0.491938	0
	0.000000
PRED	H-SSM	77777
	STANFORD	1
	0.459580	0
	0.000000
PRED	H-SSM	77777
	STANFORD	1
	0.459580	0
	0.000000
PRED	H-SSM	77777
	STANFORD	1
	0.459580	0
	0.000000
PRED	H-SSM	77777
	STANFORD	1
	0.459580	0
	0.000000
PRED	H-SSM	77777
	STANFORD	1
	0.459580	0
	0.000000
PRED	H-SSM	77777
	STANFORD	1
	0.459580	0
	0.000000
PRED	H-SSM	77777
	STANFORD	1
	0.459580	0
	0.000000
PRED	H-SSM	77777
	STANFORD	1
	0.459580	0
	0.000000
PRED	H-SSM	77777
	STANFORD	1
	0.459580	0
	0.000000
PRED	H-SSM	77777
	STANFORD	1
	0.459580	0
	0.000000
PRED	H-SSM	77777
	STANFORD	1
	0.459580	0
	0.000000
PRED	H-SSM	77777
	STANFORD	1
	0.459580	0
	0.000000
PRED	H-SSM	77777
	STANFORD	1
	0.459580	0
	0.000000
PRED	H-SSM	77777
	STANFORD	0
	0.459580	0
	0.000000
PRED	H-SSM	77777
	STANFORD	0
	0.459580	0
	0.000000
PRED	H-SSM	77777
	STANFORD	0
	0.459580	0
	0.000000
PRED	H-SSM	77777
	STANFORD	0
	0.459580	0
	0.000000
PRED	H-SSM	77777
	STANFORD	0
	0.459580	0
	0.000000
PRED	H-SSM	77777
	STANFORD	0
	0.459580	0
	0.000000
PRED	H-SSM	77777
	STANFORD	0
	0.459580	0
	0.000000
PRED	H-SSM	77777
	STANFORD	0
	0.459580	0
	0.000000
PRED	H-SSM	77777
	STANFORD	0
	0.459580	0
	0.000000
PRED	H-SSM	77777
	STANFORD	0
	0.459580	0
	0.000000
PRED	H-SSM	77777
	STANFORD	0
	0.459580	0
	0.000000
PRED	H-SSM	77777
	STANFORD	0
	0.459580	0
	0.000000
PRED	H-SSM	77777
	STANFORD	0
	0.459580	0
	0.000000
PRED	H-SSM	77777
	CALTECH	1
	0.594620	1
	0.000000
PRED	H-SSM	77777
	CALTECH	1
	0.594620	1
	0.000000
PRED	H-SSM	77777
	CALTECH	1
	0.594620	1
	0.000000
PRED	H-SSM	77777
	CALTECH	1
	0.594620	1
	0.000000
PRED	H-SSM	77777
	CALTECH	1
	0.594620	1
	0.000000
PRED	H-SSM	77777
	CALTECH	1
	0.594620	1
	0.000000
PRED	H-SSM	77777
	CALTECH	1
	0.594620	1
	0.000000
PRED	H-SSM	77777
	CALTECH	1
	0.594620	1
	0.000000
PRED	H-SSM	77777
	CALTECH	1
	0.594620	1
	0.000000
PRED	H-SSM	77777
	CALTECH	1
	0.594620	1
	0.000000
PRED	H-SSM	77777
	CALTECH	1
	0.594620	1
	0.000000
PRED	H-SSM	77777
	CALTECH	1
	0.594620	1
	0.000000
PRED	H-SSM	77777
	CALTECH	0
	0.594620	1
	0.000000
PRED	H-SSM	77777
	CALTECH	0
	0.594620	1
	0.000000
PRED	H-SSM	77777
	CALTECH	0
	0.594620	1
	0.000000
PRED	H-SSM	77777
	CALTECH	0
	0.594620	1
	0.000000
PRED	H-SSM	77777
	CALTECH	0
	0.594620	1
	0.000000
PRED	H-SSM	77777
	CALTECH	0
	0.594620	1
	0.000000
PRED	H-SSM	77777
	CALTECH	0
	0.594620	1
	0.000000
PRED	H-SSM	77777
	CALTECH	0
	0.594620	1
	0.000000
PRED	H-SSM	77777
	CALTECH	0
	0.594620	1
	0.000000
PRED	H-SSM	77777
	CALTECH	0
	0.594620	1
	0.000000
PRED	H-SSM	77777
	CALTECH	0
	0.594620	1
	0.000000
PRED	H-SSM	77777
	CALTECH	0
	0.594620	1
	0.000000
PRED	H-SSM	77777
	LEUVEN_2	1
	0.416546	0
	0.000000
PRED	H-SSM	77777
	LEUVEN_2	1
	0.416546	0
	0.000000
PRED	H-SSM	77777
	LEUVEN_2	1
	0.416546	0
	0.000000
PRED	H-SSM	77777
	LEUVEN_2	1
	0.416546	0
	0.000000
PRED	H-SSM	77777
	LEUVEN_2	1
	0.416546	0
	0.000000
PRED	H-SSM	77777
	LEUVEN_2	1
	0.416546	0
	0.000000
PRED	H-SSM	77777
	LEUVEN_2	1
	0.416546	0
	0.000000
PRED	H-SSM	77777
	LEUVEN_2	1
	0.416546	0
	0.000000
PRED	H-SSM	77777
	LEUVEN_2	1
	0.416546	0
	0.000000
PRED	H-SSM	77777
	LEUVEN_2	1
	0.416546	0
	0.000000
PRED	H-SSM	77777
	LEUVEN_2	1
	0.416546	0
	0.000000
PRED	H-SSM	77777
	LEUVEN_2	1
	0.416546	0
	0.000000
PRED	H-SSM	77777
	LEUVEN_2	0
	0.416546	0
	0.000000
PRED	H-SSM	77777
	LEUVEN_2	0
	0.416546	0
	0.000000
PRED	H-SSM	77777
	LEUVEN_2	0
	0.416546	0
	0.000000
PRED	H-SSM	77777
	LEUVEN_2	0
	0.416546	0
	0.000000
PRED	H-SSM	77777
	LEUVEN_2	0
	0.416546	0
	0.000000
PRED	H-SSM	77777
	LEUVEN_2	0
	0.416546	0
	0.000000
PRED	H-SSM	77777
	LEUVEN_2	0
	0.416546	0
	0.000000
PRED	H-SSM	77777
	LEUVEN_2	0
	0.416546	0
	0.000000
PRED	H-SSM	77777
	LEUVEN_2	0
	0.416546	0
	0.000000
PRED	H-SSM	77777
	LEUVEN_2	0
	0.416546	0
	0.000000
PRED	H-SSM	77777
	LEUVEN_2	0
	0.416546	0
	0.000000
PRED	H-SSM	77777
	LEUVEN_2	0
	0.416546	0
	0.000000
PRED	H-SSM	77777
	OLIN	1
	0.484410	0
	0.000000
PRED	H-SSM	77777
	OLIN	1
	0.484410	0
	0.000000
PRED	H-SSM	77777
	OLIN	1
	0.484410	0
	0.000000
PRED	H-SSM	77777
	OLIN	1
	0.484410	0
	0.000000
PRED	H-SSM	77777
	OLIN	1
	0.484410	0
	0.000000
PRED	H-SSM	77777
	OLIN	1
	0.484410	0
	0.000000
PRED	H-SSM	77777
	OLIN	1
	0.484410	0
	0.000000
PRED	H-SSM	77777
	OLIN	1
	0.484410	0
	0.000000
PRED	H-SSM	77777
	OLIN	1
	0.484410	0
	0.000000
PRED	H-SSM	77777
	OLIN	1
	0.484410	0
	0.000000
PRED	H-SSM	77777
	OLIN	1
	0.484410	0
	0.000000
PRED	H-SSM	77777
	OLIN	1
	0.484410	0
	0.000000
PRED	H-SSM	77777
	OLIN	0
	0.484410	0
	0.000000
PRED	H-SSM	77777
	OLIN	0
	0.484410	0
	0.000000
PRED	H-SSM	77777
	OLIN	0
	0.484410	0
	0.000000
PRED	H-SSM	77777
	OLIN	0
	0.484410	0
	0.000000
PRED	H-SSM	77777
	OLIN	0
	0.484410	0
	0.000000
PRED	H-SSM	77777
	OLIN	0
	0.484410	0
	0.000000
PRED	H-SSM	77777
	OLIN	0
	0.484410	0
	0.000000
PRED	H-SSM	77777
	OLIN	0
	0.484410	0
	0.000000
PRED	H-SSM	77777
	OLIN	0
	0.484410	0
	0.000000
PRED	H-SSM	77777
	OLIN	0
	0.484410	0
	0.000000
PRED	H-SSM	77777
	OLIN	0
	0.484410	0
	0.000000
PRED	H-SSM	77777
	OLIN	0
	0.484410	0
	0.000000
PRED	H-SSM	77777
	SBL	1
	0.340977	0
	0.000000
PRED	H-SSM	77777
	SBL	1
	0.340977	0
	0.000000
PRED	H-SSM	77777
	SBL	1
	0.340977	0
	0.000000
PRED	H-SSM	77777
	SBL	1
	0.340977	0
	0.000000
PRED	H-SSM	77777
	SBL	1
	0.340977	0
	0.000000
PRED	H-SSM	77777
	SBL	1
	0.340977	0
	0.000000
PRED	H-SSM	77777
	SBL	1
	0.340977	0
	0.000000
PRED	H-SSM	77777
	SBL	1
	0.340977	0
	0.000000
PRED	H-SSM	77777
	SBL	1
	0.340977	0
	0.000000
PRED	H-SSM	77777
	SBL	1
	0.340977	0
	0.000000
PRED	H-SSM	77777
	SBL	1
	0.340977	0
	0.000000
PRED	H-SSM	77777
	SBL	1
	0.340977	0
	0.000000
PRED	H-SSM	77777
	SBL	0
	0.340977	0
	0.000000
PRED	H-SSM	77777
	SBL	0
	0.340977	0
	0.000000
PRED	H-SSM	77777
	SBL	0
	0.340977	0
	0.000000
PRED	H-SSM	77777
	SBL	0
	0.340977	0
	0.000000
PRED	H-SSM	77777
	SBL	0
	0.340977	0
	0.000000
PRED	H-SSM	77777
	SBL	0
	0.340977	0
	0.000000
PRED	H-SSM	77777
	SBL	0
	0.340977	0
	0.000000
PRED	H-SSM	77777
	SBL	0
	0.340977	0
	0.000000
PRED	H-SSM	77777
	SBL	0
	0.340977	0
	0.000000
PRED	H-SSM	77777
	SBL	0
	0.340977	0
	0.000000
PRED	H-SSM	77777
	SBL	0
	0.340977	0
	0.000000
PRED	H-SSM	77777
	SBL	0
	0.340977	0
	0.000000
PRED	H-SSM	77777
	LEUVEN_1	1
	0.592546	1
	0.000000
PRED	H-SSM	77777
	LEUVEN_1	1
	0.592546	1
	0.000000
PRED	H-SSM	77777
	LEUVEN_1	1
	0.592546	1
	0.000000
PRED	H-SSM	77777
	LEUVEN_1	1
	0.592546	1
	0.000000
PRED	H-SSM	77777
	LEUVEN_1	1
	0.592546	1
	0.000000
PRED	H-SSM	77777
	LEUVEN_1	1
	0.592546	1
	0.000000
PRED	H-SSM	77777
	LEUVEN_1	1
	0.592546	1
	0.000000
PRED	H-SSM	77777
	LEUVEN_1	1
	0.592546	1
	0.000000
PRED	H-SSM	77777
	LEUVEN_1	1
	0.592546	1
	0.000000
PRED	H-SSM	77777
	LEUVEN_1	1
	0.592546	1
	0.000000
PRED	H-SSM	77777
	LEUVEN_1	1
	0.592546	1
	0.000000
PRED	H-SSM	77777
	LEUVEN_1	1
	0.592546	1
	0.000000
PRED	H-SSM	77777
	LEUVEN_1	0
	0.592546	1
	0.000000
PRED	H-SSM	77777
	LEUVEN_1	0
	0.592546	1
	0.000000
PRED	H-SSM	77777
	LEUVEN_1	0
	0.592546	1
	0.000000
PRED	H-SSM	77777
	LEUVEN_1	0
	0.592546	1
	0.000000
PRED	H-SSM	77777
	LEUVEN_1	0
	0.592546	1
	0.000000
PRED	H-SSM	77777
	LEUVEN_1	0
	0.592546	1
	0.000000
PRED	H-SSM	77777
	LEUVEN_1	0
	0.592546	1
	0.000000
PRED	H-SSM	77777
	LEUVEN_1	0
	0.592546	1
	0.000000
PRED	H-SSM	77777
	LEUVEN_1	0
	0.592546	1
	0.000000
PRED	H-SSM	77777
	LEUVEN_1	0
	0.592546	1
	0.000000
PRED	H-SSM	77777
	LEUVEN_1	0
	0.592546	1
	0.000000
PRED	H-SSM	77777
	LEUVEN_1	0
	0.592546	1
	0.000000
PRED	H-SSM	77777
	SDSU	1
	0.225136	0
	0.000000
PRED	H-SSM	77777
	SDSU	1
	0.225136	0
	0.000000
PRED	H-SSM	77777
	SDSU	1
	0.225136	0
	0.000000
PRED	H-SSM	77777
	SDSU	1
	0.225136	0
	0.000000
PRED	H-SSM	77777
	SDSU	1
	0.225136	0
	0.000000
PRED	H-SSM	77777
	SDSU	1
	0.225136	0
	0.000000
PRED	H-SSM	77777
	SDSU	1
	0.225136	0
	0.000000
PRED	H-SSM	77777
	SDSU	1
	0.225136	0
	0.000000
PRED	H-SSM	77777
	SDSU	1
	0.225136	0
	0.000000
PRED	H-SSM	77777
	SDSU	1
	0.225136	0
	0.000000
PRED	H-SSM	77777
	SDSU	1
	0.225136	0
	0.000000
PRED	H-SSM	77777
	SDSU	1
	0.225136	0
	0.000000
PRED	H-SSM	77777
	SDSU	0
	0.225136	0
	0.000000
PRED	H-SSM	77777
	SDSU	0
	0.225136	0
	0.000000
PRED	H-SSM	77777
	SDSU	0
	0.225136	0
	0.000000
PRED	H-SSM	77777
	SDSU	0
	0.225136	0
	0.000000
PRED	H-SSM	77777
	SDSU	0
	0.225136	0
	0.000000
PRED	H-SSM	77777
	SDSU	0
	0.225136	0
	0.000000
PRED	H-SSM	77777
	SDSU	0
	0.225136	0
	0.000000
PRED	H-SSM	77777
	SDSU	0
	0.225136	0
	0.000000
PRED	H-SSM	77777
	SDSU	0
	0.225136	0
	0.000000
PRED	H-SSM	77777
	SDSU	0
	0.225136	0
	0.000000
PRED	H-SSM	77777
	SDSU	0
	0.225136	0
	0.000000
PRED	H-SSM	77777
	SDSU	0
	0.225136	0
	0.000000
PRED	H-SSM	77777
	CMU	1
	0.648120	1
	0.000000
PRED	H-SSM	77777
	CMU	1
	0.648120	1
	0.000000
PRED	H-SSM	77777
	CMU	1
	0.648120	1
	0.000000
PRED	H-SSM	77777
	CMU	1
	0.648120	1
	0.000000
PRED	H-SSM	77777
	CMU	1
	0.648120	1
	0.000000
PRED	H-SSM	77777
	CMU	1
	0.648120	1
	0.000000
PRED	H-SSM	77777
	CMU	1
	0.648120	1
	0.000000
PRED	H-SSM	77777
	CMU	1
	0.648120	1
	0.000000
PRED	H-SSM	77777
	CMU	1
	0.648120	1
	0.000000
PRED	H-SSM	77777
	CMU	1
	0.648120	1
	0.000000
PRED	H-SSM	77777
	CMU	1
	0.648120	1
	0.000000
PRED	H-SSM	77777
	CMU	1
	0.648120	1
	0.000000
PRED	H-SSM	77777
	CMU	0
	0.648120	1
	0.000000
PRED	H-SSM	77777
	CMU	0
	0.648120	1
	0.000000
PRED	H-SSM	77777
	CMU	0
	0.648120	1
	0.000000
PRED	H-SSM	77777
	CMU	0
	0.648120	1
	0.000000
PRED	H-SSM	77777
	CMU	0
	0.648120	1
	0.000000
PRED	H-SSM	77777
	CMU	0
	0.648120	1
	0.000000
PRED	H-SSM	77777
	CMU	0
	0.648120	1
	0.000000
PRED	H-SSM	77777
	CMU	0
	0.648120	1
	0.000000
PRED	H-SSM	77777
	CMU	0
	0.648120	1
	0.000000
PRED	H-SSM	77777
	CMU	0
	0.648120	1
	0.000000
PRED	H-SSM	77777
	CMU	0
	0.648120	1
	0.000000
PRED	H-SSM	77777
	CMU	0
	0.648120	1
	0.000000
PRED	H-SSM	77777
	UCLA_2	1
	0.700360	1
	0.000000
PRED	H-SSM	77777
	UCLA_2	1
	0.700360	1
	0.000000
PRED	H-SSM	77777
	UCLA_2	1
	0.700360	1
	0.000000
PRED	H-SSM	77777
	UCLA_2	1
	0.700360	1
	0.000000
PRED	H-SSM	77777
	UCLA_2	1
	0.700360	1
	0.000000
PRED	H-SSM	77777
	UCLA_2	1
	0.700360	1
	0.000000
PRED	H-SSM	77777
	UCLA_2	1
	0.700360	1
	0.000000
PRED	H-SSM	77777
	UCLA_2	1
	0.700360	1
	0.000000
PRED	H-SSM	77777
	UCLA_2	1
	0.700360	1
	0.000000
PRED	H-SSM	77777
	UCLA_2	1
	0.700360	1
	0.000000
PRED	H-SSM	77777
	UCLA_2	1
	0.700360	1
	0.000000
PRED	H-SSM	77777
	UCLA_2	1
	0.700360	1
	0.000000
PRED	H-SSM	77777
	UCLA_2	0
	0.700360	1
	0.000000
PRED	H-SSM	77777
	UCLA_2	0
	0.700360	1
	0.000000
PRED	H-SSM	77777
	UCLA_2	0
	0.700360	1
	0.000000
PRED	H-SSM	77777
	UCLA_2	0
	0.700360	1
	0.000000
PRED	H-SSM	77777
	UCLA_2	0
	0.700360	1
	0.000000
PRED	H-SSM	77777
	UCLA_2	0
	0.700360	1
	0.000000
PRED	H-SSM	77777
	UCLA_2	0
	0.700360	1
	0.000000
PRED	H-SSM	77777
	UCLA_2	0
	0.700360	1
	0.000000
PRED	H-SSM	77777
	UCLA_2	0
	0.700360	1
	0.000000
PRED	H-SSM	77777
	UCLA_2	0
	0.700360	1
	0.000000
PRED	H-SSM	77777
	UCLA_2	0
	0.700360	1
	0.000000
PRED	H-SSM	77777
	UCLA_2	0
	0.700360	1
	0.000000
PRED	H-SSM	77777
	UM_2	1
	0.607383	1
	0.000000
PRED	H-SSM	77777
	UM_2	1
	0.607383	1
	0.000000
PRED	H-SSM	77777
	UM_2	1
	0.607383	1
	0.000000
PRED	H-SSM	77777
	UM_2	1
	0.607383	1
	0.000000
PRED	H-SSM	77777
	UM_2	1
	0.607383	1
	0.000000
PRED	H-SSM	77777
	UM_2	1
	0.607383	1
	0.000000
PRED	H-SSM	77777
	UM_2	1
	0.607383	1
	0.000000
PRED	H-SSM	77777
	UM_2	1
	0.607383	1
	0.000000
PRED	H-SSM	77777
	UM_2	1
	0.607383	1
	0.000000
PRED	H-SSM	77777
	UM_2	1
	0.607383	1
	0.000000
PRED	H-SSM	77777
	UM_2	1
	0.607383	1
	0.000000
PRED	H-SSM	77777
	UM_2	1
	0.607383	1
	0.000000
PRED	H-SSM	77777
	UM_2	0
	0.607383	1
	0.000000
PRED	H-SSM	77777
	UM_2	0
	0.607383	1
	0.000000
PRED	H-SSM	77777
	UM_2	0
	0.607383	1
	0.000000
PRED	H-SSM	77777
	UM_2	0
	0.607383	1
	0.000000
PRED	H-SSM	77777
	UM_2	0
	0.607383	1
	0.000000
PRED	H-SSM	77777
	UM_2	0
	0.607383	1
	0.000000
PRED	H-SSM	77777
	UM_2	0
	0.607383	1
	0.000000
PRED	H-SSM	77777
	UM_2	0
	0.607383	1
	0.000000
PRED	H-SSM	77777
	UM_2	0
	0.607383	1
	0.000000
PRED	H-SSM	77777
	UM_2	0
	0.607383	1
	0.000000
PRED	H-SSM	77777
	UM_2	0
	0.607383	1
	0.000000
PRED	H-SSM	77777
	UM_2	0
	0.607383	1
	0.000000
PRED	H-SSM	77777
	OHSU	1
	0.406120	0
	0.000000
PRED	H-SSM	77777
	OHSU	1
	0.406120	0
	0.000000
PRED	H-SSM	77777
	OHSU	1
	0.406120	0
	0.000000
PRED	H-SSM	77777
	OHSU	1
	0.406120	0
	0.000000
PRED	H-SSM	77777
	OHSU	1
	0.406120	0
	0.000000
PRED	H-SSM	77777
	OHSU	1
	0.406120	0
	0.000000
PRED	H-SSM	77777
	OHSU	1
	0.406120	0
	0.000000
PRED	H-SSM	77777
	OHSU	1
	0.406120	0
	0.000000
PRED	H-SSM	77777
	OHSU	1
	0.406120	0
	0.000000
PRED	H-SSM	77777
	OHSU	1
	0.406120	0
	0.000000
PRED	H-SSM	77777
	OHSU	1
	0.406120	0
	0.000000
PRED	H-SSM	77777
	OHSU	1
	0.406120	0
	0.000000
PRED	H-SSM	77777
	OHSU	0
	0.406120	0
	0.000000
PRED	H-SSM	77777
	OHSU	0
	0.406120	0
	0.000000
PRED	H-SSM	77777
	OHSU	0
	0.406120	0
	0.000000
PRED	H-SSM	77777
	OHSU	0
	0.406120	0
	0.000000
PRED	H-SSM	77777
	OHSU	0
	0.406120	0
	0.000000
PRED	H-SSM	77777
	OHSU	0
	0.406120	0
	0.000000
PRED	H-SSM	77777
	OHSU	0
	0.406120	0
	0.000000
PRED	H-SSM	77777
	OHSU	0
	0.406120	0
	0.000000
PRED	H-SSM	77777
	OHSU	0
	0.406120	0
	0.000000
PRED	H-SSM	77777
	OHSU	0
	0.406120	0
	0.000000
PRED	H-SSM	77777
	OHSU	0
	0.406120	0
	0.000000
PRED	H-SSM	77777
	OHSU	0
	0.406120	0
	0.000000
  H-SSM    77777
   acc=50.000000% bal=50.000000% sites=20
/20
 test_n=500
 assoc=0.000000
PRED	H-SSM	88888
	NYU	1
	0.542017	1
	0.000000
PRED	H-SSM	88888
	NYU	1
	0.542017	1
	0.000000
PRED	H-SSM	88888
	NYU	1
	0.542017	1
	0.000000
PRED	H-SSM	88888
	NYU	1
	0.542017	1
	0.000000
PRED	H-SSM	88888
	NYU	1
	0.542017	1
	0.000000
PRED	H-SSM	88888
	NYU	1
	0.542017	1
	0.000000
PRED	H-SSM	88888
	NYU	1
	0.542017	1
	0.000000
PRED	H-SSM	88888
	NYU	1
	0.542017	1
	0.000000
PRED	H-SSM	88888
	NYU	1
	0.542017	1
	0.000000
PRED	H-SSM	88888
	NYU	1
	0.542017	1
	0.000000
PRED	H-SSM	88888
	NYU	1
	0.542017	1
	0.000000
PRED	H-SSM	88888
	NYU	1
	0.542017	1
	0.000000
PRED	H-SSM	88888
	NYU	1
	0.542017	1
	0.000000
PRED	H-SSM	88888
	NYU	0
	0.542017	1
	0.000000
PRED	H-SSM	88888
	NYU	0
	0.542017	1
	0.000000
PRED	H-SSM	88888
	NYU	0
	0.542017	1
	0.000000
PRED	H-SSM	88888
	NYU	0
	0.542017	1
	0.000000
PRED	H-SSM	88888
	NYU	0
	0.542017	1
	0.000000
PRED	H-SSM	88888
	NYU	0
	0.542017	1
	0.000000
PRED	H-SSM	88888
	NYU	0
	0.542017	1
	0.000000
PRED	H-SSM	88888
	NYU	0
	0.542017	1
	0.000000
PRED	H-SSM	88888
	NYU	0
	0.542017	1
	0.000000
PRED	H-SSM	88888
	NYU	0
	0.542017	1
	0.000000
PRED	H-SSM	88888
	NYU	0
	0.542017	1
	0.000000
PRED	H-SSM	88888
	NYU	0
	0.542017	1
	0.000000
PRED	H-SSM	88888
	NYU	0
	0.542017	1
	0.000000
PRED	H-SSM	88888
	UM_1	1
	0.416338	0
	0.000000
PRED	H-SSM	88888
	UM_1	1
	0.416338	0
	0.000000
PRED	H-SSM	88888
	UM_1	1
	0.416338	0
	0.000000
PRED	H-SSM	88888
	UM_1	1
	0.416338	0
	0.000000
PRED	H-SSM	88888
	UM_1	1
	0.416338	0
	0.000000
PRED	H-SSM	88888
	UM_1	1
	0.416338	0
	0.000000
PRED	H-SSM	88888
	UM_1	1
	0.416338	0
	0.000000
PRED	H-SSM	88888
	UM_1	1
	0.416338	0
	0.000000
PRED	H-SSM	88888
	UM_1	1
	0.416338	0
	0.000000
PRED	H-SSM	88888
	UM_1	1
	0.416338	0
	0.000000
PRED	H-SSM	88888
	UM_1	1
	0.416338	0
	0.000000
PRED	H-SSM	88888
	UM_1	1
	0.416338	0
	0.000000
PRED	H-SSM	88888
	UM_1	1
	0.416338	0
	0.000000
PRED	H-SSM	88888
	UM_1	0
	0.416338	0
	0.000000
PRED	H-SSM	88888
	UM_1	0
	0.416338	0
	0.000000
PRED	H-SSM	88888
	UM_1	0
	0.416338	0
	0.000000
PRED	H-SSM	88888
	UM_1	0
	0.416338	0
	0.000000
PRED	H-SSM	88888
	UM_1	0
	0.416338	0
	0.000000
PRED	H-SSM	88888
	UM_1	0
	0.416338	0
	0.000000
PRED	H-SSM	88888
	UM_1	0
	0.416338	0
	0.000000
PRED	H-SSM	88888
	UM_1	0
	0.416338	0
	0.000000
PRED	H-SSM	88888
	UM_1	0
	0.416338	0
	0.000000
PRED	H-SSM	88888
	UM_1	0
	0.416338	0
	0.000000
PRED	H-SSM	88888
	UM_1	0
	0.416338	0
	0.000000
PRED	H-SSM	88888
	UM_1	0
	0.416338	0
	0.000000
PRED	H-SSM	88888
	UM_1	0
	0.416338	0
	0.000000
PRED	H-SSM	88888
	UCLA_1	1
	0.571900	1
	0.000000
PRED	H-SSM	88888
	UCLA_1	1
	0.571900	1
	0.000000
PRED	H-SSM	88888
	UCLA_1	1
	0.571900	1
	0.000000
PRED	H-SSM	88888
	UCLA_1	1
	0.571900	1
	0.000000
PRED	H-SSM	88888
	UCLA_1	1
	0.571900	1
	0.000000
PRED	H-SSM	88888
	UCLA_1	1
	0.571900	1
	0.000000
PRED	H-SSM	88888
	UCLA_1	1
	0.571900	1
	0.000000
PRED	H-SSM	88888
	UCLA_1	1
	0.571900	1
	0.000000
PRED	H-SSM	88888
	UCLA_1	1
	0.571900	1
	0.000000
PRED	H-SSM	88888
	UCLA_1	1
	0.571900	1
	0.000000
PRED	H-SSM	88888
	UCLA_1	1
	0.571900	1
	0.000000
PRED	H-SSM	88888
	UCLA_1	1
	0.571900	1
	0.000000
PRED	H-SSM	88888
	UCLA_1	1
	0.571900	1
	0.000000
PRED	H-SSM	88888
	UCLA_1	0
	0.571900	1
	0.000000
PRED	H-SSM	88888
	UCLA_1	0
	0.571900	1
	0.000000
PRED	H-SSM	88888
	UCLA_1	0
	0.571900	1
	0.000000
PRED	H-SSM	88888
	UCLA_1	0
	0.571900	1
	0.000000
PRED	H-SSM	88888
	UCLA_1	0
	0.571900	1
	0.000000
PRED	H-SSM	88888
	UCLA_1	0
	0.571900	1
	0.000000
PRED	H-SSM	88888
	UCLA_1	0
	0.571900	1
	0.000000
PRED	H-SSM	88888
	UCLA_1	0
	0.571900	1
	0.000000
PRED	H-SSM	88888
	UCLA_1	0
	0.571900	1
	0.000000
PRED	H-SSM	88888
	UCLA_1	0
	0.571900	1
	0.000000
PRED	H-SSM	88888
	UCLA_1	0
	0.571900	1
	0.000000
PRED	H-SSM	88888
	UCLA_1	0
	0.571900	1
	0.000000
PRED	H-SSM	88888
	UCLA_1	0
	0.571900	1
	0.000000
PRED	H-SSM	88888
	YALE	1
	0.601135	1
	0.000000
PRED	H-SSM	88888
	YALE	1
	0.601135	1
	0.000000
PRED	H-SSM	88888
	YALE	1
	0.601135	1
	0.000000
PRED	H-SSM	88888
	YALE	1
	0.601135	1
	0.000000
PRED	H-SSM	88888
	YALE	1
	0.601135	1
	0.000000
PRED	H-SSM	88888
	YALE	1
	0.601135	1
	0.000000
PRED	H-SSM	88888
	YALE	1
	0.601135	1
	0.000000
PRED	H-SSM	88888
	YALE	1
	0.601135	1
	0.000000
PRED	H-SSM	88888
	YALE	1
	0.601135	1
	0.000000
PRED	H-SSM	88888
	YALE	1
	0.601135	1
	0.000000
PRED	H-SSM	88888
	YALE	1
	0.601135	1
	0.000000
PRED	H-SSM	88888
	YALE	1
	0.601135	1
	0.000000
PRED	H-SSM	88888
	YALE	1
	0.601135	1
	0.000000
PRED	H-SSM	88888
	YALE	0
	0.601135	1
	0.000000
PRED	H-SSM	88888
	YALE	0
	0.601135	1
	0.000000
PRED	H-SSM	88888
	YALE	0
	0.601135	1
	0.000000
PRED	H-SSM	88888
	YALE	0
	0.601135	1
	0.000000
PRED	H-SSM	88888
	YALE	0
	0.601135	1
	0.000000
PRED	H-SSM	88888
	YALE	0
	0.601135	1
	0.000000
PRED	H-SSM	88888
	YALE	0
	0.601135	1
	0.000000
PRED	H-SSM	88888
	YALE	0
	0.601135	1
	0.000000
PRED	H-SSM	88888
	YALE	0
	0.601135	1
	0.000000
PRED	H-SSM	88888
	YALE	0
	0.601135	1
	0.000000
PRED	H-SSM	88888
	YALE	0
	0.601135	1
	0.000000
PRED	H-SSM	88888
	YALE	0
	0.601135	1
	0.000000
PRED	H-SSM	88888
	YALE	0
	0.601135	1
	0.000000
PRED	H-SSM	88888
	PITT	1
	0.665826	1
	0.000000
PRED	H-SSM	88888
	PITT	1
	0.665826	1
	0.000000
PRED	H-SSM	88888
	PITT	1
	0.665826	1
	0.000000
PRED	H-SSM	88888
	PITT	1
	0.665826	1
	0.000000
PRED	H-SSM	88888
	PITT	1
	0.665826	1
	0.000000
PRED	H-SSM	88888
	PITT	1
	0.665826	1
	0.000000
PRED	H-SSM	88888
	PITT	1
	0.665826	1
	0.000000
PRED	H-SSM	88888
	PITT	1
	0.665826	1
	0.000000
PRED	H-SSM	88888
	PITT	1
	0.665826	1
	0.000000
PRED	H-SSM	88888
	PITT	1
	0.665826	1
	0.000000
PRED	H-SSM	88888
	PITT	1
	0.665826	1
	0.000000
PRED	H-SSM	88888
	PITT	1
	0.665826	1
	0.000000
PRED	H-SSM	88888
	PITT	1
	0.665826	1
	0.000000
PRED	H-SSM	88888
	PITT	0
	0.665826	1
	0.000000
PRED	H-SSM	88888
	PITT	0
	0.665826	1
	0.000000
PRED	H-SSM	88888
	PITT	0
	0.665826	1
	0.000000
PRED	H-SSM	88888
	PITT	0
	0.665826	1
	0.000000
PRED	H-SSM	88888
	PITT	0
	0.665826	1
	0.000000
PRED	H-SSM	88888
	PITT	0
	0.665826	1
	0.000000
PRED	H-SSM	88888
	PITT	0
	0.665826	1
	0.000000
PRED	H-SSM	88888
	PITT	0
	0.665826	1
	0.000000
PRED	H-SSM	88888
	PITT	0
	0.665826	1
	0.000000
PRED	H-SSM	88888
	PITT	0
	0.665826	1
	0.000000
PRED	H-SSM	88888
	PITT	0
	0.665826	1
	0.000000
PRED	H-SSM	88888
	PITT	0
	0.665826	1
	0.000000
PRED	H-SSM	88888
	PITT	0
	0.665826	1
	0.000000
PRED	H-SSM	88888
	USM	1
	0.689960	1
	0.000000
PRED	H-SSM	88888
	USM	1
	0.689960	1
	0.000000
PRED	H-SSM	88888
	USM	1
	0.689960	1
	0.000000
PRED	H-SSM	88888
	USM	1
	0.689960	1
	0.000000
PRED	H-SSM	88888
	USM	1
	0.689960	1
	0.000000
PRED	H-SSM	88888
	USM	1
	0.689960	1
	0.000000
PRED	H-SSM	88888
	USM	1
	0.689960	1
	0.000000
PRED	H-SSM	88888
	USM	1
	0.689960	1
	0.000000
PRED	H-SSM	88888
	USM	1
	0.689960	1
	0.000000
PRED	H-SSM	88888
	USM	1
	0.689960	1
	0.000000
PRED	H-SSM	88888
	USM	1
	0.689960	1
	0.000000
PRED	H-SSM	88888
	USM	1
	0.689960	1
	0.000000
PRED	H-SSM	88888
	USM	1
	0.689960	1
	0.000000
PRED	H-SSM	88888
	USM	0
	0.689960	1
	0.000000
PRED	H-SSM	88888
	USM	0
	0.689960	1
	0.000000
PRED	H-SSM	88888
	USM	0
	0.689960	1
	0.000000
PRED	H-SSM	88888
	USM	0
	0.689960	1
	0.000000
PRED	H-SSM	88888
	USM	0
	0.689960	1
	0.000000
PRED	H-SSM	88888
	USM	0
	0.689960	1
	0.000000
PRED	H-SSM	88888
	USM	0
	0.689960	1
	0.000000
PRED	H-SSM	88888
	USM	0
	0.689960	1
	0.000000
PRED	H-SSM	88888
	USM	0
	0.689960	1
	0.000000
PRED	H-SSM	88888
	USM	0
	0.689960	1
	0.000000
PRED	H-SSM	88888
	USM	0
	0.689960	1
	0.000000
PRED	H-SSM	88888
	USM	0
	0.689960	1
	0.000000
PRED	H-SSM	88888
	USM	0
	0.689960	1
	0.000000
PRED	H-SSM	88888
	MAX_MUN	1
	0.442360	0
	0.000000
PRED	H-SSM	88888
	MAX_MUN	1
	0.442360	0
	0.000000
PRED	H-SSM	88888
	MAX_MUN	1
	0.442360	0
	0.000000
PRED	H-SSM	88888
	MAX_MUN	1
	0.442360	0
	0.000000
PRED	H-SSM	88888
	MAX_MUN	1
	0.442360	0
	0.000000
PRED	H-SSM	88888
	MAX_MUN	1
	0.442360	0
	0.000000
PRED	H-SSM	88888
	MAX_MUN	1
	0.442360	0
	0.000000
PRED	H-SSM	88888
	MAX_MUN	1
	0.442360	0
	0.000000
PRED	H-SSM	88888
	MAX_MUN	1
	0.442360	0
	0.000000
PRED	H-SSM	88888
	MAX_MUN	1
	0.442360	0
	0.000000
PRED	H-SSM	88888
	MAX_MUN	1
	0.442360	0
	0.000000
PRED	H-SSM	88888
	MAX_MUN	1
	0.442360	0
	0.000000
PRED	H-SSM	88888
	MAX_MUN	1
	0.442360	0
	0.000000
PRED	H-SSM	88888
	MAX_MUN	0
	0.442360	0
	0.000000
PRED	H-SSM	88888
	MAX_MUN	0
	0.442360	0
	0.000000
PRED	H-SSM	88888
	MAX_MUN	0
	0.442360	0
	0.000000
PRED	H-SSM	88888
	MAX_MUN	0
	0.442360	0
	0.000000
PRED	H-SSM	88888
	MAX_MUN	0
	0.442360	0
	0.000000
PRED	H-SSM	88888
	MAX_MUN	0
	0.442360	0
	0.000000
PRED	H-SSM	88888
	MAX_MUN	0
	0.442360	0
	0.000000
PRED	H-SSM	88888
	MAX_MUN	0
	0.442360	0
	0.000000
PRED	H-SSM	88888
	MAX_MUN	0
	0.442360	0
	0.000000
PRED	H-SSM	88888
	MAX_MUN	0
	0.442360	0
	0.000000
PRED	H-SSM	88888
	MAX_MUN	0
	0.442360	0
	0.000000
PRED	H-SSM	88888
	MAX_MUN	0
	0.442360	0
	0.000000
PRED	H-SSM	88888
	MAX_MUN	0
	0.442360	0
	0.000000
PRED	H-SSM	88888
	TRINITY	1
	0.548398	1
	0.000000
PRED	H-SSM	88888
	TRINITY	1
	0.548398	1
	0.000000
PRED	H-SSM	88888
	TRINITY	1
	0.548398	1
	0.000000
PRED	H-SSM	88888
	TRINITY	1
	0.548398	1
	0.000000
PRED	H-SSM	88888
	TRINITY	1
	0.548398	1
	0.000000
PRED	H-SSM	88888
	TRINITY	1
	0.548398	1
	0.000000
PRED	H-SSM	88888
	TRINITY	1
	0.548398	1
	0.000000
PRED	H-SSM	88888
	TRINITY	1
	0.548398	1
	0.000000
PRED	H-SSM	88888
	TRINITY	1
	0.548398	1
	0.000000
PRED	H-SSM	88888
	TRINITY	1
	0.548398	1
	0.000000
PRED	H-SSM	88888
	TRINITY	1
	0.548398	1
	0.000000
PRED	H-SSM	88888
	TRINITY	1
	0.548398	1
	0.000000
PRED	H-SSM	88888
	TRINITY	1
	0.548398	1
	0.000000
PRED	H-SSM	88888
	TRINITY	0
	0.548398	1
	0.000000
PRED	H-SSM	88888
	TRINITY	0
	0.548398	1
	0.000000
PRED	H-SSM	88888
	TRINITY	0
	0.548398	1
	0.000000
PRED	H-SSM	88888
	TRINITY	0
	0.548398	1
	0.000000
PRED	H-SSM	88888
	TRINITY	0
	0.548398	1
	0.000000
PRED	H-SSM	88888
	TRINITY	0
	0.548398	1
	0.000000
PRED	H-SSM	88888
	TRINITY	0
	0.548398	1
	0.000000
PRED	H-SSM	88888
	TRINITY	0
	0.548398	1
	0.000000
PRED	H-SSM	88888
	TRINITY	0
	0.548398	1
	0.000000
PRED	H-SSM	88888
	TRINITY	0
	0.548398	1
	0.000000
PRED	H-SSM	88888
	TRINITY	0
	0.548398	1
	0.000000
PRED	H-SSM	88888
	TRINITY	0
	0.548398	1
	0.000000
PRED	H-SSM	88888
	TRINITY	0
	0.548398	1
	0.000000
PRED	H-SSM	88888
	KKI	1
	0.641781	1
	0.000000
PRED	H-SSM	88888
	KKI	1
	0.641781	1
	0.000000
PRED	H-SSM	88888
	KKI	1
	0.641781	1
	0.000000
PRED	H-SSM	88888
	KKI	1
	0.641781	1
	0.000000
PRED	H-SSM	88888
	KKI	1
	0.641781	1
	0.000000
PRED	H-SSM	88888
	KKI	1
	0.641781	1
	0.000000
PRED	H-SSM	88888
	KKI	1
	0.641781	1
	0.000000
PRED	H-SSM	88888
	KKI	1
	0.641781	1
	0.000000
PRED	H-SSM	88888
	KKI	1
	0.641781	1
	0.000000
PRED	H-SSM	88888
	KKI	1
	0.641781	1
	0.000000
PRED	H-SSM	88888
	KKI	1
	0.641781	1
	0.000000
PRED	H-SSM	88888
	KKI	1
	0.641781	1
	0.000000
PRED	H-SSM	88888
	KKI	1
	0.641781	1
	0.000000
PRED	H-SSM	88888
	KKI	0
	0.641781	1
	0.000000
PRED	H-SSM	88888
	KKI	0
	0.641781	1
	0.000000
PRED	H-SSM	88888
	KKI	0
	0.641781	1
	0.000000
PRED	H-SSM	88888
	KKI	0
	0.641781	1
	0.000000
PRED	H-SSM	88888
	KKI	0
	0.641781	1
	0.000000
PRED	H-SSM	88888
	KKI	0
	0.641781	1
	0.000000
PRED	H-SSM	88888
	KKI	0
	0.641781	1
	0.000000
PRED	H-SSM	88888
	KKI	0
	0.641781	1
	0.000000
PRED	H-SSM	88888
	KKI	0
	0.641781	1
	0.000000
PRED	H-SSM	88888
	KKI	0
	0.641781	1
	0.000000
PRED	H-SSM	88888
	KKI	0
	0.641781	1
	0.000000
PRED	H-SSM	88888
	KKI	0
	0.641781	1
	0.000000
PRED	H-SSM	88888
	KKI	0
	0.641781	1
	0.000000
PRED	H-SSM	88888
	STANFORD	1
	0.523291	1
	0.000000
PRED	H-SSM	88888
	STANFORD	1
	0.523291	1
	0.000000
PRED	H-SSM	88888
	STANFORD	1
	0.523291	1
	0.000000
PRED	H-SSM	88888
	STANFORD	1
	0.523291	1
	0.000000
PRED	H-SSM	88888
	STANFORD	1
	0.523291	1
	0.000000
PRED	H-SSM	88888
	STANFORD	1
	0.523291	1
	0.000000
PRED	H-SSM	88888
	STANFORD	1
	0.523291	1
	0.000000
PRED	H-SSM	88888
	STANFORD	1
	0.523291	1
	0.000000
PRED	H-SSM	88888
	STANFORD	1
	0.523291	1
	0.000000
PRED	H-SSM	88888
	STANFORD	1
	0.523291	1
	0.000000
PRED	H-SSM	88888
	STANFORD	1
	0.523291	1
	0.000000
PRED	H-SSM	88888
	STANFORD	1
	0.523291	1
	0.000000
PRED	H-SSM	88888
	STANFORD	1
	0.523291	1
	0.000000
PRED	H-SSM	88888
	STANFORD	0
	0.523291	1
	0.000000
PRED	H-SSM	88888
	STANFORD	0
	0.523291	1
	0.000000
PRED	H-SSM	88888
	STANFORD	0
	0.523291	1
	0.000000
PRED	H-SSM	88888
	STANFORD	0
	0.523291	1
	0.000000
PRED	H-SSM	88888
	STANFORD	0
	0.523291	1
	0.000000
PRED	H-SSM	88888
	STANFORD	0
	0.523291	1
	0.000000
PRED	H-SSM	88888
	STANFORD	0
	0.523291	1
	0.000000
PRED	H-SSM	88888
	STANFORD	0
	0.523291	1
	0.000000
PRED	H-SSM	88888
	STANFORD	0
	0.523291	1
	0.000000
PRED	H-SSM	88888
	STANFORD	0
	0.523291	1
	0.000000
PRED	H-SSM	88888
	STANFORD	0
	0.523291	1
	0.000000
PRED	H-SSM	88888
	STANFORD	0
	0.523291	1
	0.000000
PRED	H-SSM	88888
	STANFORD	0
	0.523291	1
	0.000000
PRED	H-SSM	88888
	CALTECH	1
	0.648672	1
	0.000000
PRED	H-SSM	88888
	CALTECH	1
	0.648672	1
	0.000000
PRED	H-SSM	88888
	CALTECH	1
	0.648672	1
	0.000000
PRED	H-SSM	88888
	CALTECH	1
	0.648672	1
	0.000000
PRED	H-SSM	88888
	CALTECH	1
	0.648672	1
	0.000000
PRED	H-SSM	88888
	CALTECH	1
	0.648672	1
	0.000000
PRED	H-SSM	88888
	CALTECH	1
	0.648672	1
	0.000000
PRED	H-SSM	88888
	CALTECH	1
	0.648672	1
	0.000000
PRED	H-SSM	88888
	CALTECH	1
	0.648672	1
	0.000000
PRED	H-SSM	88888
	CALTECH	1
	0.648672	1
	0.000000
PRED	H-SSM	88888
	CALTECH	1
	0.648672	1
	0.000000
PRED	H-SSM	88888
	CALTECH	1
	0.648672	1
	0.000000
PRED	H-SSM	88888
	CALTECH	0
	0.648672	1
	0.000000
PRED	H-SSM	88888
	CALTECH	0
	0.648672	1
	0.000000
PRED	H-SSM	88888
	CALTECH	0
	0.648672	1
	0.000000
PRED	H-SSM	88888
	CALTECH	0
	0.648672	1
	0.000000
PRED	H-SSM	88888
	CALTECH	0
	0.648672	1
	0.000000
PRED	H-SSM	88888
	CALTECH	0
	0.648672	1
	0.000000
PRED	H-SSM	88888
	CALTECH	0
	0.648672	1
	0.000000
PRED	H-SSM	88888
	CALTECH	0
	0.648672	1
	0.000000
PRED	H-SSM	88888
	CALTECH	0
	0.648672	1
	0.000000
PRED	H-SSM	88888
	CALTECH	0
	0.648672	1
	0.000000
PRED	H-SSM	88888
	CALTECH	0
	0.648672	1
	0.000000
PRED	H-SSM	88888
	CALTECH	0
	0.648672	1
	0.000000
PRED	H-SSM	88888
	LEUVEN_2	1
	0.514549	1
	0.000000
PRED	H-SSM	88888
	LEUVEN_2	1
	0.514549	1
	0.000000
PRED	H-SSM	88888
	LEUVEN_2	1
	0.514549	1
	0.000000
PRED	H-SSM	88888
	LEUVEN_2	1
	0.514549	1
	0.000000
PRED	H-SSM	88888
	LEUVEN_2	1
	0.514549	1
	0.000000
PRED	H-SSM	88888
	LEUVEN_2	1
	0.514549	1
	0.000000
PRED	H-SSM	88888
	LEUVEN_2	1
	0.514549	1
	0.000000
PRED	H-SSM	88888
	LEUVEN_2	1
	0.514549	1
	0.000000
PRED	H-SSM	88888
	LEUVEN_2	1
	0.514549	1
	0.000000
PRED	H-SSM	88888
	LEUVEN_2	1
	0.514549	1
	0.000000
PRED	H-SSM	88888
	LEUVEN_2	1
	0.514549	1
	0.000000
PRED	H-SSM	88888
	LEUVEN_2	1
	0.514549	1
	0.000000
PRED	H-SSM	88888
	LEUVEN_2	0
	0.514549	1
	0.000000
PRED	H-SSM	88888
	LEUVEN_2	0
	0.514549	1
	0.000000
PRED	H-SSM	88888
	LEUVEN_2	0
	0.514549	1
	0.000000
PRED	H-SSM	88888
	LEUVEN_2	0
	0.514549	1
	0.000000
PRED	H-SSM	88888
	LEUVEN_2	0
	0.514549	1
	0.000000
PRED	H-SSM	88888
	LEUVEN_2	0
	0.514549	1
	0.000000
PRED	H-SSM	88888
	LEUVEN_2	0
	0.514549	1
	0.000000
PRED	H-SSM	88888
	LEUVEN_2	0
	0.514549	1
	0.000000
PRED	H-SSM	88888
	LEUVEN_2	0
	0.514549	1
	0.000000
PRED	H-SSM	88888
	LEUVEN_2	0
	0.514549	1
	0.000000
PRED	H-SSM	88888
	LEUVEN_2	0
	0.514549	1
	0.000000
PRED	H-SSM	88888
	LEUVEN_2	0
	0.514549	1
	0.000000
PRED	H-SSM	88888
	OLIN	1
	0.309896	0
	0.000000
PRED	H-SSM	88888
	OLIN	1
	0.309896	0
	0.000000
PRED	H-SSM	88888
	OLIN	1
	0.309896	0
	0.000000
PRED	H-SSM	88888
	OLIN	1
	0.309896	0
	0.000000
PRED	H-SSM	88888
	OLIN	1
	0.309896	0
	0.000000
PRED	H-SSM	88888
	OLIN	1
	0.309896	0
	0.000000
PRED	H-SSM	88888
	OLIN	1
	0.309896	0
	0.000000
PRED	H-SSM	88888
	OLIN	1
	0.309896	0
	0.000000
PRED	H-SSM	88888
	OLIN	1
	0.309896	0
	0.000000
PRED	H-SSM	88888
	OLIN	1
	0.309896	0
	0.000000
PRED	H-SSM	88888
	OLIN	1
	0.309896	0
	0.000000
PRED	H-SSM	88888
	OLIN	1
	0.309896	0
	0.000000
PRED	H-SSM	88888
	OLIN	0
	0.309896	0
	0.000000
PRED	H-SSM	88888
	OLIN	0
	0.309896	0
	0.000000
PRED	H-SSM	88888
	OLIN	0
	0.309896	0
	0.000000
PRED	H-SSM	88888
	OLIN	0
	0.309896	0
	0.000000
PRED	H-SSM	88888
	OLIN	0
	0.309896	0
	0.000000
PRED	H-SSM	88888
	OLIN	0
	0.309896	0
	0.000000
PRED	H-SSM	88888
	OLIN	0
	0.309896	0
	0.000000
PRED	H-SSM	88888
	OLIN	0
	0.309896	0
	0.000000
PRED	H-SSM	88888
	OLIN	0
	0.309896	0
	0.000000
PRED	H-SSM	88888
	OLIN	0
	0.309896	0
	0.000000
PRED	H-SSM	88888
	OLIN	0
	0.309896	0
	0.000000
PRED	H-SSM	88888
	OLIN	0
	0.309896	0
	0.000000
PRED	H-SSM	88888
	SBL	1
	0.687146	1
	0.000000
PRED	H-SSM	88888
	SBL	1
	0.687146	1
	0.000000
PRED	H-SSM	88888
	SBL	1
	0.687146	1
	0.000000
PRED	H-SSM	88888
	SBL	1
	0.687146	1
	0.000000
PRED	H-SSM	88888
	SBL	1
	0.687146	1
	0.000000
PRED	H-SSM	88888
	SBL	1
	0.687146	1
	0.000000
PRED	H-SSM	88888
	SBL	1
	0.687146	1
	0.000000
PRED	H-SSM	88888
	SBL	1
	0.687146	1
	0.000000
PRED	H-SSM	88888
	SBL	1
	0.687146	1
	0.000000
PRED	H-SSM	88888
	SBL	1
	0.687146	1
	0.000000
PRED	H-SSM	88888
	SBL	1
	0.687146	1
	0.000000
PRED	H-SSM	88888
	SBL	1
	0.687146	1
	0.000000
PRED	H-SSM	88888
	SBL	0
	0.687146	1
	0.000000
PRED	H-SSM	88888
	SBL	0
	0.687146	1
	0.000000
PRED	H-SSM	88888
	SBL	0
	0.687146	1
	0.000000
PRED	H-SSM	88888
	SBL	0
	0.687146	1
	0.000000
PRED	H-SSM	88888
	SBL	0
	0.687146	1
	0.000000
PRED	H-SSM	88888
	SBL	0
	0.687146	1
	0.000000
PRED	H-SSM	88888
	SBL	0
	0.687146	1
	0.000000
PRED	H-SSM	88888
	SBL	0
	0.687146	1
	0.000000
PRED	H-SSM	88888
	SBL	0
	0.687146	1
	0.000000
PRED	H-SSM	88888
	SBL	0
	0.687146	1
	0.000000
PRED	H-SSM	88888
	SBL	0
	0.687146	1
	0.000000
PRED	H-SSM	88888
	SBL	0
	0.687146	1
	0.000000
PRED	H-SSM	88888
	LEUVEN_1	1
	0.402617	0
	0.000000
PRED	H-SSM	88888
	LEUVEN_1	1
	0.402617	0
	0.000000
PRED	H-SSM	88888
	LEUVEN_1	1
	0.402617	0
	0.000000
PRED	H-SSM	88888
	LEUVEN_1	1
	0.402617	0
	0.000000
PRED	H-SSM	88888
	LEUVEN_1	1
	0.402617	0
	0.000000
PRED	H-SSM	88888
	LEUVEN_1	1
	0.402617	0
	0.000000
PRED	H-SSM	88888
	LEUVEN_1	1
	0.402617	0
	0.000000
PRED	H-SSM	88888
	LEUVEN_1	1
	0.402617	0
	0.000000
PRED	H-SSM	88888
	LEUVEN_1	1
	0.402617	0
	0.000000
PRED	H-SSM	88888
	LEUVEN_1	1
	0.402617	0
	0.000000
PRED	H-SSM	88888
	LEUVEN_1	1
	0.402617	0
	0.000000
PRED	H-SSM	88888
	LEUVEN_1	1
	0.402617	0
	0.000000
PRED	H-SSM	88888
	LEUVEN_1	0
	0.402617	0
	0.000000
PRED	H-SSM	88888
	LEUVEN_1	0
	0.402617	0
	0.000000
PRED	H-SSM	88888
	LEUVEN_1	0
	0.402617	0
	0.000000
PRED	H-SSM	88888
	LEUVEN_1	0
	0.402617	0
	0.000000
PRED	H-SSM	88888
	LEUVEN_1	0
	0.402617	0
	0.000000
PRED	H-SSM	88888
	LEUVEN_1	0
	0.402617	0
	0.000000
PRED	H-SSM	88888
	LEUVEN_1	0
	0.402617	0
	0.000000
PRED	H-SSM	88888
	LEUVEN_1	0
	0.402617	0
	0.000000
PRED	H-SSM	88888
	LEUVEN_1	0
	0.402617	0
	0.000000
PRED	H-SSM	88888
	LEUVEN_1	0
	0.402617	0
	0.000000
PRED	H-SSM	88888
	LEUVEN_1	0
	0.402617	0
	0.000000
PRED	H-SSM	88888
	LEUVEN_1	0
	0.402617	0
	0.000000
PRED	H-SSM	88888
	SDSU	1
	0.506620	1
	0.000000
PRED	H-SSM	88888
	SDSU	1
	0.506620	1
	0.000000
PRED	H-SSM	88888
	SDSU	1
	0.506620	1
	0.000000
PRED	H-SSM	88888
	SDSU	1
	0.506620	1
	0.000000
PRED	H-SSM	88888
	SDSU	1
	0.506620	1
	0.000000
PRED	H-SSM	88888
	SDSU	1
	0.506620	1
	0.000000
PRED	H-SSM	88888
	SDSU	1
	0.506620	1
	0.000000
PRED	H-SSM	88888
	SDSU	1
	0.506620	1
	0.000000
PRED	H-SSM	88888
	SDSU	1
	0.506620	1
	0.000000
PRED	H-SSM	88888
	SDSU	1
	0.506620	1
	0.000000
PRED	H-SSM	88888
	SDSU	1
	0.506620	1
	0.000000
PRED	H-SSM	88888
	SDSU	1
	0.506620	1
	0.000000
PRED	H-SSM	88888
	SDSU	0
	0.506620	1
	0.000000
PRED	H-SSM	88888
	SDSU	0
	0.506620	1
	0.000000
PRED	H-SSM	88888
	SDSU	0
	0.506620	1
	0.000000
PRED	H-SSM	88888
	SDSU	0
	0.506620	1
	0.000000
PRED	H-SSM	88888
	SDSU	0
	0.506620	1
	0.000000
PRED	H-SSM	88888
	SDSU	0
	0.506620	1
	0.000000
PRED	H-SSM	88888
	SDSU	0
	0.506620	1
	0.000000
PRED	H-SSM	88888
	SDSU	0
	0.506620	1
	0.000000
PRED	H-SSM	88888
	SDSU	0
	0.506620	1
	0.000000
PRED	H-SSM	88888
	SDSU	0
	0.506620	1
	0.000000
PRED	H-SSM	88888
	SDSU	0
	0.506620	1
	0.000000
PRED	H-SSM	88888
	SDSU	0
	0.506620	1
	0.000000
PRED	H-SSM	88888
	CMU	1
	0.552749	1
	0.000000
PRED	H-SSM	88888
	CMU	1
	0.552749	1
	0.000000
PRED	H-SSM	88888
	CMU	1
	0.552749	1
	0.000000
PRED	H-SSM	88888
	CMU	1
	0.552749	1
	0.000000
PRED	H-SSM	88888
	CMU	1
	0.552749	1
	0.000000
PRED	H-SSM	88888
	CMU	1
	0.552749	1
	0.000000
PRED	H-SSM	88888
	CMU	1
	0.552749	1
	0.000000
PRED	H-SSM	88888
	CMU	1
	0.552749	1
	0.000000
PRED	H-SSM	88888
	CMU	1
	0.552749	1
	0.000000
PRED	H-SSM	88888
	CMU	1
	0.552749	1
	0.000000
PRED	H-SSM	88888
	CMU	1
	0.552749	1
	0.000000
PRED	H-SSM	88888
	CMU	1
	0.552749	1
	0.000000
PRED	H-SSM	88888
	CMU	0
	0.552749	1
	0.000000
PRED	H-SSM	88888
	CMU	0
	0.552749	1
	0.000000
PRED	H-SSM	88888
	CMU	0
	0.552749	1
	0.000000
PRED	H-SSM	88888
	CMU	0
	0.552749	1
	0.000000
PRED	H-SSM	88888
	CMU	0
	0.552749	1
	0.000000
PRED	H-SSM	88888
	CMU	0
	0.552749	1
	0.000000
PRED	H-SSM	88888
	CMU	0
	0.552749	1
	0.000000
PRED	H-SSM	88888
	CMU	0
	0.552749	1
	0.000000
PRED	H-SSM	88888
	CMU	0
	0.552749	1
	0.000000
PRED	H-SSM	88888
	CMU	0
	0.552749	1
	0.000000
PRED	H-SSM	88888
	CMU	0
	0.552749	1
	0.000000
PRED	H-SSM	88888
	CMU	0
	0.552749	1
	0.000000
PRED	H-SSM	88888
	UCLA_2	1
	0.583653	1
	0.000000
PRED	H-SSM	88888
	UCLA_2	1
	0.583653	1
	0.000000
PRED	H-SSM	88888
	UCLA_2	1
	0.583653	1
	0.000000
PRED	H-SSM	88888
	UCLA_2	1
	0.583653	1
	0.000000
PRED	H-SSM	88888
	UCLA_2	1
	0.583653	1
	0.000000
PRED	H-SSM	88888
	UCLA_2	1
	0.583653	1
	0.000000
PRED	H-SSM	88888
	UCLA_2	1
	0.583653	1
	0.000000
PRED	H-SSM	88888
	UCLA_2	1
	0.583653	1
	0.000000
PRED	H-SSM	88888
	UCLA_2	1
	0.583653	1
	0.000000
PRED	H-SSM	88888
	UCLA_2	1
	0.583653	1
	0.000000
PRED	H-SSM	88888
	UCLA_2	1
	0.583653	1
	0.000000
PRED	H-SSM	88888
	UCLA_2	1
	0.583653	1
	0.000000
PRED	H-SSM	88888
	UCLA_2	0
	0.583653	1
	0.000000
PRED	H-SSM	88888
	UCLA_2	0
	0.583653	1
	0.000000
PRED	H-SSM	88888
	UCLA_2	0
	0.583653	1
	0.000000
PRED	H-SSM	88888
	UCLA_2	0
	0.583653	1
	0.000000
PRED	H-SSM	88888
	UCLA_2	0
	0.583653	1
	0.000000
PRED	H-SSM	88888
	UCLA_2	0
	0.583653	1
	0.000000
PRED	H-SSM	88888
	UCLA_2	0
	0.583653	1
	0.000000
PRED	H-SSM	88888
	UCLA_2	0
	0.583653	1
	0.000000
PRED	H-SSM	88888
	UCLA_2	0
	0.583653	1
	0.000000
PRED	H-SSM	88888
	UCLA_2	0
	0.583653	1
	0.000000
PRED	H-SSM	88888
	UCLA_2	0
	0.583653	1
	0.000000
PRED	H-SSM	88888
	UCLA_2	0
	0.583653	1
	0.000000
PRED	H-SSM	88888
	UM_2	1
	0.300629	0
	0.000000
PRED	H-SSM	88888
	UM_2	1
	0.300629	0
	0.000000
PRED	H-SSM	88888
	UM_2	1
	0.300629	0
	0.000000
PRED	H-SSM	88888
	UM_2	1
	0.300629	0
	0.000000
PRED	H-SSM	88888
	UM_2	1
	0.300629	0
	0.000000
PRED	H-SSM	88888
	UM_2	1
	0.300629	0
	0.000000
PRED	H-SSM	88888
	UM_2	1
	0.300629	0
	0.000000
PRED	H-SSM	88888
	UM_2	1
	0.300629	0
	0.000000
PRED	H-SSM	88888
	UM_2	1
	0.300629	0
	0.000000
PRED	H-SSM	88888
	UM_2	1
	0.300629	0
	0.000000
PRED	H-SSM	88888
	UM_2	1
	0.300629	0
	0.000000
PRED	H-SSM	88888
	UM_2	1
	0.300629	0
	0.000000
PRED	H-SSM	88888
	UM_2	0
	0.300629	0
	0.000000
PRED	H-SSM	88888
	UM_2	0
	0.300629	0
	0.000000
PRED	H-SSM	88888
	UM_2	0
	0.300629	0
	0.000000
PRED	H-SSM	88888
	UM_2	0
	0.300629	0
	0.000000
PRED	H-SSM	88888
	UM_2	0
	0.300629	0
	0.000000
PRED	H-SSM	88888
	UM_2	0
	0.300629	0
	0.000000
PRED	H-SSM	88888
	UM_2	0
	0.300629	0
	0.000000
PRED	H-SSM	88888
	UM_2	0
	0.300629	0
	0.000000
PRED	H-SSM	88888
	UM_2	0
	0.300629	0
	0.000000
PRED	H-SSM	88888
	UM_2	0
	0.300629	0
	0.000000
PRED	H-SSM	88888
	UM_2	0
	0.300629	0
	0.000000
PRED	H-SSM	88888
	UM_2	0
	0.300629	0
	0.000000
PRED	H-SSM	88888
	OHSU	1
	0.361067	0
	0.000000
PRED	H-SSM	88888
	OHSU	1
	0.361067	0
	0.000000
PRED	H-SSM	88888
	OHSU	1
	0.361067	0
	0.000000
PRED	H-SSM	88888
	OHSU	1
	0.361067	0
	0.000000
PRED	H-SSM	88888
	OHSU	1
	0.361067	0
	0.000000
PRED	H-SSM	88888
	OHSU	1
	0.361067	0
	0.000000
PRED	H-SSM	88888
	OHSU	1
	0.361067	0
	0.000000
PRED	H-SSM	88888
	OHSU	1
	0.361067	0
	0.000000
PRED	H-SSM	88888
	OHSU	1
	0.361067	0
	0.000000
PRED	H-SSM	88888
	OHSU	1
	0.361067	0
	0.000000
PRED	H-SSM	88888
	OHSU	1
	0.361067	0
	0.000000
PRED	H-SSM	88888
	OHSU	1
	0.361067	0
	0.000000
PRED	H-SSM	88888
	OHSU	0
	0.361067	0
	0.000000
PRED	H-SSM	88888
	OHSU	0
	0.361067	0
	0.000000
PRED	H-SSM	88888
	OHSU	0
	0.361067	0
	0.000000
PRED	H-SSM	88888
	OHSU	0
	0.361067	0
	0.000000
PRED	H-SSM	88888
	OHSU	0
	0.361067	0
	0.000000
PRED	H-SSM	88888
	OHSU	0
	0.361067	0
	0.000000
PRED	H-SSM	88888
	OHSU	0
	0.361067	0
	0.000000
PRED	H-SSM	88888
	OHSU	0
	0.361067	0
	0.000000
PRED	H-SSM	88888
	OHSU	0
	0.361067	0
	0.000000
PRED	H-SSM	88888
	OHSU	0
	0.361067	0
	0.000000
PRED	H-SSM	88888
	OHSU	0
	0.361067	0
	0.000000
PRED	H-SSM	88888
	OHSU	0
	0.361067	0
	0.000000
  H-SSM    88888
   acc=50.000000% bal=50.000000% sites=20
/20
 test_n=500
 assoc=0.000000
PRED	H-SSM	33333
	NYU	1
	0.567451	1
	0.000000
PRED	H-SSM	33333
	NYU	1
	0.567451	1
	0.000000
PRED	H-SSM	33333
	NYU	1
	0.567451	1
	0.000000
PRED	H-SSM	33333
	NYU	1
	0.567451	1
	0.000000
PRED	H-SSM	33333
	NYU	1
	0.567451	1
	0.000000
PRED	H-SSM	33333
	NYU	1
	0.567451	1
	0.000000
PRED	H-SSM	33333
	NYU	1
	0.567451	1
	0.000000
PRED	H-SSM	33333
	NYU	1
	0.567451	1
	0.000000
PRED	H-SSM	33333
	NYU	1
	0.567451	1
	0.000000
PRED	H-SSM	33333
	NYU	1
	0.567451	1
	0.000000
PRED	H-SSM	33333
	NYU	1
	0.567451	1
	0.000000
PRED	H-SSM	33333
	NYU	1
	0.567451	1
	0.000000
PRED	H-SSM	33333
	NYU	1
	0.567451	1
	0.000000
PRED	H-SSM	33333
	NYU	0
	0.567451	1
	0.000000
PRED	H-SSM	33333
	NYU	0
	0.567451	1
	0.000000
PRED	H-SSM	33333
	NYU	0
	0.567451	1
	0.000000
PRED	H-SSM	33333
	NYU	0
	0.567451	1
	0.000000
PRED	H-SSM	33333
	NYU	0
	0.567451	1
	0.000000
PRED	H-SSM	33333
	NYU	0
	0.567451	1
	0.000000
PRED	H-SSM	33333
	NYU	0
	0.567451	1
	0.000000
PRED	H-SSM	33333
	NYU	0
	0.567451	1
	0.000000
PRED	H-SSM	33333
	NYU	0
	0.567451	1
	0.000000
PRED	H-SSM	33333
	NYU	0
	0.567451	1
	0.000000
PRED	H-SSM	33333
	NYU	0
	0.567451	1
	0.000000
PRED	H-SSM	33333
	NYU	0
	0.567451	1
	0.000000
PRED	H-SSM	33333
	NYU	0
	0.567451	1
	0.000000
PRED	H-SSM	33333
	UM_1	1
	0.517380	1
	0.000000
PRED	H-SSM	33333
	UM_1	1
	0.517380	1
	0.000000
PRED	H-SSM	33333
	UM_1	1
	0.517380	1
	0.000000
PRED	H-SSM	33333
	UM_1	1
	0.517380	1
	0.000000
PRED	H-SSM	33333
	UM_1	1
	0.517380	1
	0.000000
PRED	H-SSM	33333
	UM_1	1
	0.517380	1
	0.000000
PRED	H-SSM	33333
	UM_1	1
	0.517380	1
	0.000000
PRED	H-SSM	33333
	UM_1	1
	0.517380	1
	0.000000
PRED	H-SSM	33333
	UM_1	1
	0.517380	1
	0.000000
PRED	H-SSM	33333
	UM_1	1
	0.517380	1
	0.000000
PRED	H-SSM	33333
	UM_1	1
	0.517380	1
	0.000000
PRED	H-SSM	33333
	UM_1	1
	0.517380	1
	0.000000
PRED	H-SSM	33333
	UM_1	1
	0.517380	1
	0.000000
PRED	H-SSM	33333
	UM_1	0
	0.517380	1
	0.000000
PRED	H-SSM	33333
	UM_1	0
	0.517380	1
	0.000000
PRED	H-SSM	33333
	UM_1	0
	0.517380	1
	0.000000
PRED	H-SSM	33333
	UM_1	0
	0.517380	1
	0.000000
PRED	H-SSM	33333
	UM_1	0
	0.517380	1
	0.000000
PRED	H-SSM	33333
	UM_1	0
	0.517380	1
	0.000000
PRED	H-SSM	33333
	UM_1	0
	0.517380	1
	0.000000
PRED	H-SSM	33333
	UM_1	0
	0.517380	1
	0.000000
PRED	H-SSM	33333
	UM_1	0
	0.517380	1
	0.000000
PRED	H-SSM	33333
	UM_1	0
	0.517380	1
	0.000000
PRED	H-SSM	33333
	UM_1	0
	0.517380	1
	0.000000
PRED	H-SSM	33333
	UM_1	0
	0.517380	1
	0.000000
PRED	H-SSM	33333
	UM_1	0
	0.517380	1
	0.000000
PRED	H-SSM	33333
	UCLA_1	1
	0.284111	0
	0.000000
PRED	H-SSM	33333
	UCLA_1	1
	0.284111	0
	0.000000
PRED	H-SSM	33333
	UCLA_1	1
	0.284111	0
	0.000000
PRED	H-SSM	33333
	UCLA_1	1
	0.284111	0
	0.000000
PRED	H-SSM	33333
	UCLA_1	1
	0.284111	0
	0.000000
PRED	H-SSM	33333
	UCLA_1	1
	0.284111	0
	0.000000
PRED	H-SSM	33333
	UCLA_1	1
	0.284111	0
	0.000000
PRED	H-SSM	33333
	UCLA_1	1
	0.284111	0
	0.000000
PRED	H-SSM	33333
	UCLA_1	1
	0.284111	0
	0.000000
PRED	H-SSM	33333
	UCLA_1	1
	0.284111	0
	0.000000
PRED	H-SSM	33333
	UCLA_1	1
	0.284111	0
	0.000000
PRED	H-SSM	33333
	UCLA_1	1
	0.284111	0
	0.000000
PRED	H-SSM	33333
	UCLA_1	1
	0.284111	0
	0.000000
PRED	H-SSM	33333
	UCLA_1	0
	0.284111	0
	0.000000
PRED	H-SSM	33333
	UCLA_1	0
	0.284111	0
	0.000000
PRED	H-SSM	33333
	UCLA_1	0
	0.284111	0
	0.000000
PRED	H-SSM	33333
	UCLA_1	0
	0.284111	0
	0.000000
PRED	H-SSM	33333
	UCLA_1	0
	0.284111	0
	0.000000
PRED	H-SSM	33333
	UCLA_1	0
	0.284111	0
	0.000000
PRED	H-SSM	33333
	UCLA_1	0
	0.284111	0
	0.000000
PRED	H-SSM	33333
	UCLA_1	0
	0.284111	0
	0.000000
PRED	H-SSM	33333
	UCLA_1	0
	0.284111	0
	0.000000
PRED	H-SSM	33333
	UCLA_1	0
	0.284111	0
	0.000000
PRED	H-SSM	33333
	UCLA_1	0
	0.284111	0
	0.000000
PRED	H-SSM	33333
	UCLA_1	0
	0.284111	0
	0.000000
PRED	H-SSM	33333
	UCLA_1	0
	0.284111	0
	0.000000
PRED	H-SSM	33333
	YALE	1
	0.487678	0
	0.000000
PRED	H-SSM	33333
	YALE	1
	0.487678	0
	0.000000
PRED	H-SSM	33333
	YALE	1
	0.487678	0
	0.000000
PRED	H-SSM	33333
	YALE	1
	0.487678	0
	0.000000
PRED	H-SSM	33333
	YALE	1
	0.487678	0
	0.000000
PRED	H-SSM	33333
	YALE	1
	0.487678	0
	0.000000
PRED	H-SSM	33333
	YALE	1
	0.487678	0
	0.000000
PRED	H-SSM	33333
	YALE	1
	0.487678	0
	0.000000
PRED	H-SSM	33333
	YALE	1
	0.487678	0
	0.000000
PRED	H-SSM	33333
	YALE	1
	0.487678	0
	0.000000
PRED	H-SSM	33333
	YALE	1
	0.487678	0
	0.000000
PRED	H-SSM	33333
	YALE	1
	0.487678	0
	0.000000
PRED	H-SSM	33333
	YALE	1
	0.487678	0
	0.000000
PRED	H-SSM	33333
	YALE	0
	0.487678	0
	0.000000
PRED	H-SSM	33333
	YALE	0
	0.487678	0
	0.000000
PRED	H-SSM	33333
	YALE	0
	0.487678	0
	0.000000
PRED	H-SSM	33333
	YALE	0
	0.487678	0
	0.000000
PRED	H-SSM	33333
	YALE	0
	0.487678	0
	0.000000
PRED	H-SSM	33333
	YALE	0
	0.487678	0
	0.000000
PRED	H-SSM	33333
	YALE	0
	0.487678	0
	0.000000
PRED	H-SSM	33333
	YALE	0
	0.487678	0
	0.000000
PRED	H-SSM	33333
	YALE	0
	0.487678	0
	0.000000
PRED	H-SSM	33333
	YALE	0
	0.487678	0
	0.000000
PRED	H-SSM	33333
	YALE	0
	0.487678	0
	0.000000
PRED	H-SSM	33333
	YALE	0
	0.487678	0
	0.000000
PRED	H-SSM	33333
	YALE	0
	0.487678	0
	0.000000
PRED	H-SSM	33333
	PITT	1
	0.325530	0
	0.000000
PRED	H-SSM	33333
	PITT	1
	0.325530	0
	0.000000
PRED	H-SSM	33333
	PITT	1
	0.325530	0
	0.000000
PRED	H-SSM	33333
	PITT	1
	0.325530	0
	0.000000
PRED	H-SSM	33333
	PITT	1
	0.325530	0
	0.000000
PRED	H-SSM	33333
	PITT	1
	0.325530	0
	0.000000
PRED	H-SSM	33333
	PITT	1
	0.325530	0
	0.000000
PRED	H-SSM	33333
	PITT	1
	0.325530	0
	0.000000
PRED	H-SSM	33333
	PITT	1
	0.325530	0
	0.000000
PRED	H-SSM	33333
	PITT	1
	0.325530	0
	0.000000
PRED	H-SSM	33333
	PITT	1
	0.325530	0
	0.000000
PRED	H-SSM	33333
	PITT	1
	0.325530	0
	0.000000
PRED	H-SSM	33333
	PITT	1
	0.325530	0
	0.000000
PRED	H-SSM	33333
	PITT	0
	0.325530	0
	0.000000
PRED	H-SSM	33333
	PITT	0
	0.325530	0
	0.000000
PRED	H-SSM	33333
	PITT	0
	0.325530	0
	0.000000
PRED	H-SSM	33333
	PITT	0
	0.325530	0
	0.000000
PRED	H-SSM	33333
	PITT	0
	0.325530	0
	0.000000
PRED	H-SSM	33333
	PITT	0
	0.325530	0
	0.000000
PRED	H-SSM	33333
	PITT	0
	0.325530	0
	0.000000
PRED	H-SSM	33333
	PITT	0
	0.325530	0
	0.000000
PRED	H-SSM	33333
	PITT	0
	0.325530	0
	0.000000
PRED	H-SSM	33333
	PITT	0
	0.325530	0
	0.000000
PRED	H-SSM	33333
	PITT	0
	0.325530	0
	0.000000
PRED	H-SSM	33333
	PITT	0
	0.325530	0
	0.000000
PRED	H-SSM	33333
	PITT	0
	0.325530	0
	0.000000
PRED	H-SSM	33333
	USM	1
	0.742919	1
	0.000000
PRED	H-SSM	33333
	USM	1
	0.742919	1
	0.000000
PRED	H-SSM	33333
	USM	1
	0.742919	1
	0.000000
PRED	H-SSM	33333
	USM	1
	0.742919	1
	0.000000
PRED	H-SSM	33333
	USM	1
	0.742919	1
	0.000000
PRED	H-SSM	33333
	USM	1
	0.742919	1
	0.000000
PRED	H-SSM	33333
	USM	1
	0.742919	1
	0.000000
PRED	H-SSM	33333
	USM	1
	0.742919	1
	0.000000
PRED	H-SSM	33333
	USM	1
	0.742919	1
	0.000000
PRED	H-SSM	33333
	USM	1
	0.742919	1
	0.000000
PRED	H-SSM	33333
	USM	1
	0.742919	1
	0.000000
PRED	H-SSM	33333
	USM	1
	0.742919	1
	0.000000
PRED	H-SSM	33333
	USM	1
	0.742919	1
	0.000000
PRED	H-SSM	33333
	USM	0
	0.742919	1
	0.000000
PRED	H-SSM	33333
	USM	0
	0.742919	1
	0.000000
PRED	H-SSM	33333
	USM	0
	0.742919	1
	0.000000
PRED	H-SSM	33333
	USM	0
	0.742919	1
	0.000000
PRED	H-SSM	33333
	USM	0
	0.742919	1
	0.000000
PRED	H-SSM	33333
	USM	0
	0.742919	1
	0.000000
PRED	H-SSM	33333
	USM	0
	0.742919	1
	0.000000
PRED	H-SSM	33333
	USM	0
	0.742919	1
	0.000000
PRED	H-SSM	33333
	USM	0
	0.742919	1
	0.000000
PRED	H-SSM	33333
	USM	0
	0.742919	1
	0.000000
PRED	H-SSM	33333
	USM	0
	0.742919	1
	0.000000
PRED	H-SSM	33333
	USM	0
	0.742919	1
	0.000000
PRED	H-SSM	33333
	USM	0
	0.742919	1
	0.000000
PRED	H-SSM	33333
	MAX_MUN	1
	0.586167	1
	0.000000
PRED	H-SSM	33333
	MAX_MUN	1
	0.586167	1
	0.000000
PRED	H-SSM	33333
	MAX_MUN	1
	0.586167	1
	0.000000
PRED	H-SSM	33333
	MAX_MUN	1
	0.586167	1
	0.000000
PRED	H-SSM	33333
	MAX_MUN	1
	0.586167	1
	0.000000
PRED	H-SSM	33333
	MAX_MUN	1
	0.586167	1
	0.000000
PRED	H-SSM	33333
	MAX_MUN	1
	0.586167	1
	0.000000
PRED	H-SSM	33333
	MAX_MUN	1
	0.586167	1
	0.000000
PRED	H-SSM	33333
	MAX_MUN	1
	0.586167	1
	0.000000
PRED	H-SSM	33333
	MAX_MUN	1
	0.586167	1
	0.000000
PRED	H-SSM	33333
	MAX_MUN	1
	0.586167	1
	0.000000
PRED	H-SSM	33333
	MAX_MUN	1
	0.586167	1
	0.000000
PRED	H-SSM	33333
	MAX_MUN	1
	0.586167	1
	0.000000
PRED	H-SSM	33333
	MAX_MUN	0
	0.586167	1
	0.000000
PRED	H-SSM	33333
	MAX_MUN	0
	0.586167	1
	0.000000
PRED	H-SSM	33333
	MAX_MUN	0
	0.586167	1
	0.000000
PRED	H-SSM	33333
	MAX_MUN	0
	0.586167	1
	0.000000
PRED	H-SSM	33333
	MAX_MUN	0
	0.586167	1
	0.000000
PRED	H-SSM	33333
	MAX_MUN	0
	0.586167	1
	0.000000
PRED	H-SSM	33333
	MAX_MUN	0
	0.586167	1
	0.000000
PRED	H-SSM	33333
	MAX_MUN	0
	0.586167	1
	0.000000
PRED	H-SSM	33333
	MAX_MUN	0
	0.586167	1
	0.000000
PRED	H-SSM	33333
	MAX_MUN	0
	0.586167	1
	0.000000
PRED	H-SSM	33333
	MAX_MUN	0
	0.586167	1
	0.000000
PRED	H-SSM	33333
	MAX_MUN	0
	0.586167	1
	0.000000
PRED	H-SSM	33333
	MAX_MUN	0
	0.586167	1
	0.000000
PRED	H-SSM	33333
	TRINITY	1
	0.504519	1
	0.000000
PRED	H-SSM	33333
	TRINITY	1
	0.504519	1
	0.000000
PRED	H-SSM	33333
	TRINITY	1
	0.504519	1
	0.000000
PRED	H-SSM	33333
	TRINITY	1
	0.504519	1
	0.000000
PRED	H-SSM	33333
	TRINITY	1
	0.504519	1
	0.000000
PRED	H-SSM	33333
	TRINITY	1
	0.504519	1
	0.000000
PRED	H-SSM	33333
	TRINITY	1
	0.504519	1
	0.000000
PRED	H-SSM	33333
	TRINITY	1
	0.504519	1
	0.000000
PRED	H-SSM	33333
	TRINITY	1
	0.504519	1
	0.000000
PRED	H-SSM	33333
	TRINITY	1
	0.504519	1
	0.000000
PRED	H-SSM	33333
	TRINITY	1
	0.504519	1
	0.000000
PRED	H-SSM	33333
	TRINITY	1
	0.504519	1
	0.000000
PRED	H-SSM	33333
	TRINITY	1
	0.504519	1
	0.000000
PRED	H-SSM	33333
	TRINITY	0
	0.504519	1
	0.000000
PRED	H-SSM	33333
	TRINITY	0
	0.504519	1
	0.000000
PRED	H-SSM	33333
	TRINITY	0
	0.504519	1
	0.000000
PRED	H-SSM	33333
	TRINITY	0
	0.504519	1
	0.000000
PRED	H-SSM	33333
	TRINITY	0
	0.504519	1
	0.000000
PRED	H-SSM	33333
	TRINITY	0
	0.504519	1
	0.000000
PRED	H-SSM	33333
	TRINITY	0
	0.504519	1
	0.000000
PRED	H-SSM	33333
	TRINITY	0
	0.504519	1
	0.000000
PRED	H-SSM	33333
	TRINITY	0
	0.504519	1
	0.000000
PRED	H-SSM	33333
	TRINITY	0
	0.504519	1
	0.000000
PRED	H-SSM	33333
	TRINITY	0
	0.504519	1
	0.000000
PRED	H-SSM	33333
	TRINITY	0
	0.504519	1
	0.000000
PRED	H-SSM	33333
	TRINITY	0
	0.504519	1
	0.000000
PRED	H-SSM	33333
	KKI	1
	0.581045	1
	0.000000
PRED	H-SSM	33333
	KKI	1
	0.581045	1
	0.000000
PRED	H-SSM	33333
	KKI	1
	0.581045	1
	0.000000
PRED	H-SSM	33333
	KKI	1
	0.581045	1
	0.000000
PRED	H-SSM	33333
	KKI	1
	0.581045	1
	0.000000
PRED	H-SSM	33333
	KKI	1
	0.581045	1
	0.000000
PRED	H-SSM	33333
	KKI	1
	0.581045	1
	0.000000
PRED	H-SSM	33333
	KKI	1
	0.581045	1
	0.000000
PRED	H-SSM	33333
	KKI	1
	0.581045	1
	0.000000
PRED	H-SSM	33333
	KKI	1
	0.581045	1
	0.000000
PRED	H-SSM	33333
	KKI	1
	0.581045	1
	0.000000
PRED	H-SSM	33333
	KKI	1
	0.581045	1
	0.000000
PRED	H-SSM	33333
	KKI	1
	0.581045	1
	0.000000
PRED	H-SSM	33333
	KKI	0
	0.581045	1
	0.000000
PRED	H-SSM	33333
	KKI	0
	0.581045	1
	0.000000
PRED	H-SSM	33333
	KKI	0
	0.581045	1
	0.000000
PRED	H-SSM	33333
	KKI	0
	0.581045	1
	0.000000
PRED	H-SSM	33333
	KKI	0
	0.581045	1
	0.000000
PRED	H-SSM	33333
	KKI	0
	0.581045	1
	0.000000
PRED	H-SSM	33333
	KKI	0
	0.581045	1
	0.000000
PRED	H-SSM	33333
	KKI	0
	0.581045	1
	0.000000
PRED	H-SSM	33333
	KKI	0
	0.581045	1
	0.000000
PRED	H-SSM	33333
	KKI	0
	0.581045	1
	0.000000
PRED	H-SSM	33333
	KKI	0
	0.581045	1
	0.000000
PRED	H-SSM	33333
	KKI	0
	0.581045	1
	0.000000
PRED	H-SSM	33333
	KKI	0
	0.581045	1
	0.000000
PRED	H-SSM	33333
	STANFORD	1
	0.752342	1
	0.000000
PRED	H-SSM	33333
	STANFORD	1
	0.752342	1
	0.000000
PRED	H-SSM	33333
	STANFORD	1
	0.752342	1
	0.000000
PRED	H-SSM	33333
	STANFORD	1
	0.752342	1
	0.000000
PRED	H-SSM	33333
	STANFORD	1
	0.752342	1
	0.000000
PRED	H-SSM	33333
	STANFORD	1
	0.752342	1
	0.000000
PRED	H-SSM	33333
	STANFORD	1
	0.752342	1
	0.000000
PRED	H-SSM	33333
	STANFORD	1
	0.752342	1
	0.000000
PRED	H-SSM	33333
	STANFORD	1
	0.752342	1
	0.000000
PRED	H-SSM	33333
	STANFORD	1
	0.752342	1
	0.000000
PRED	H-SSM	33333
	STANFORD	1
	0.752342	1
	0.000000
PRED	H-SSM	33333
	STANFORD	1
	0.752342	1
	0.000000
PRED	H-SSM	33333
	STANFORD	1
	0.752342	1
	0.000000
PRED	H-SSM	33333
	STANFORD	0
	0.752342	1
	0.000000
PRED	H-SSM	33333
	STANFORD	0
	0.752342	1
	0.000000
PRED	H-SSM	33333
	STANFORD	0
	0.752342	1
	0.000000
PRED	H-SSM	33333
	STANFORD	0
	0.752342	1
	0.000000
PRED	H-SSM	33333
	STANFORD	0
	0.752342	1
	0.000000
PRED	H-SSM	33333
	STANFORD	0
	0.752342	1
	0.000000
PRED	H-SSM	33333
	STANFORD	0
	0.752342	1
	0.000000
PRED	H-SSM	33333
	STANFORD	0
	0.752342	1
	0.000000
PRED	H-SSM	33333
	STANFORD	0
	0.752342	1
	0.000000
PRED	H-SSM	33333
	STANFORD	0
	0.752342	1
	0.000000
PRED	H-SSM	33333
	STANFORD	0
	0.752342	1
	0.000000
PRED	H-SSM	33333
	STANFORD	0
	0.752342	1
	0.000000
PRED	H-SSM	33333
	STANFORD	0
	0.752342	1
	0.000000
PRED	H-SSM	33333
	CALTECH	1
	0.389835	0
	0.000000
PRED	H-SSM	33333
	CALTECH	1
	0.389835	0
	0.000000
PRED	H-SSM	33333
	CALTECH	1
	0.389835	0
	0.000000
PRED	H-SSM	33333
	CALTECH	1
	0.389835	0
	0.000000
PRED	H-SSM	33333
	CALTECH	1
	0.389835	0
	0.000000
PRED	H-SSM	33333
	CALTECH	1
	0.389835	0
	0.000000
PRED	H-SSM	33333
	CALTECH	1
	0.389835	0
	0.000000
PRED	H-SSM	33333
	CALTECH	1
	0.389835	0
	0.000000
PRED	H-SSM	33333
	CALTECH	1
	0.389835	0
	0.000000
PRED	H-SSM	33333
	CALTECH	1
	0.389835	0
	0.000000
PRED	H-SSM	33333
	CALTECH	1
	0.389835	0
	0.000000
PRED	H-SSM	33333
	CALTECH	1
	0.389835	0
	0.000000
PRED	H-SSM	33333
	CALTECH	0
	0.389835	0
	0.000000
PRED	H-SSM	33333
	CALTECH	0
	0.389835	0
	0.000000
PRED	H-SSM	33333
	CALTECH	0
	0.389835	0
	0.000000
PRED	H-SSM	33333
	CALTECH	0
	0.389835	0
	0.000000
PRED	H-SSM	33333
	CALTECH	0
	0.389835	0
	0.000000
PRED	H-SSM	33333
	CALTECH	0
	0.389835	0
	0.000000
PRED	H-SSM	33333
	CALTECH	0
	0.389835	0
	0.000000
PRED	H-SSM	33333
	CALTECH	0
	0.389835	0
	0.000000
PRED	H-SSM	33333
	CALTECH	0
	0.389835	0
	0.000000
PRED	H-SSM	33333
	CALTECH	0
	0.389835	0
	0.000000
PRED	H-SSM	33333
	CALTECH	0
	0.389835	0
	0.000000
PRED	H-SSM	33333
	CALTECH	0
	0.389835	0
	0.000000
PRED	H-SSM	33333
	LEUVEN_2	1
	0.300984	0
	0.000000
PRED	H-SSM	33333
	LEUVEN_2	1
	0.300984	0
	0.000000
PRED	H-SSM	33333
	LEUVEN_2	1
	0.300984	0
	0.000000
PRED	H-SSM	33333
	LEUVEN_2	1
	0.300984	0
	0.000000
PRED	H-SSM	33333
	LEUVEN_2	1
	0.300984	0
	0.000000
PRED	H-SSM	33333
	LEUVEN_2	1
	0.300984	0
	0.000000
PRED	H-SSM	33333
	LEUVEN_2	1
	0.300984	0
	0.000000
PRED	H-SSM	33333
	LEUVEN_2	1
	0.300984	0
	0.000000
PRED	H-SSM	33333
	LEUVEN_2	1
	0.300984	0
	0.000000
PRED	H-SSM	33333
	LEUVEN_2	1
	0.300984	0
	0.000000
PRED	H-SSM	33333
	LEUVEN_2	1
	0.300984	0
	0.000000
PRED	H-SSM	33333
	LEUVEN_2	1
	0.300984	0
	0.000000
PRED	H-SSM	33333
	LEUVEN_2	0
	0.300984	0
	0.000000
PRED	H-SSM	33333
	LEUVEN_2	0
	0.300984	0
	0.000000
PRED	H-SSM	33333
	LEUVEN_2	0
	0.300984	0
	0.000000
PRED	H-SSM	33333
	LEUVEN_2	0
	0.300984	0
	0.000000
PRED	H-SSM	33333
	LEUVEN_2	0
	0.300984	0
	0.000000
PRED	H-SSM	33333
	LEUVEN_2	0
	0.300984	0
	0.000000
PRED	H-SSM	33333
	LEUVEN_2	0
	0.300984	0
	0.000000
PRED	H-SSM	33333
	LEUVEN_2	0
	0.300984	0
	0.000000
PRED	H-SSM	33333
	LEUVEN_2	0
	0.300984	0
	0.000000
PRED	H-SSM	33333
	LEUVEN_2	0
	0.300984	0
	0.000000
PRED	H-SSM	33333
	LEUVEN_2	0
	0.300984	0
	0.000000
PRED	H-SSM	33333
	LEUVEN_2	0
	0.300984	0
	0.000000
PRED	H-SSM	33333
	OLIN	1
	0.548045	1
	0.000000
PRED	H-SSM	33333
	OLIN	1
	0.548045	1
	0.000000
PRED	H-SSM	33333
	OLIN	1
	0.548045	1
	0.000000
PRED	H-SSM	33333
	OLIN	1
	0.548045	1
	0.000000
PRED	H-SSM	33333
	OLIN	1
	0.548045	1
	0.000000
PRED	H-SSM	33333
	OLIN	1
	0.548045	1
	0.000000
PRED	H-SSM	33333
	OLIN	1
	0.548045	1
	0.000000
PRED	H-SSM	33333
	OLIN	1
	0.548045	1
	0.000000
PRED	H-SSM	33333
	OLIN	1
	0.548045	1
	0.000000
PRED	H-SSM	33333
	OLIN	1
	0.548045	1
	0.000000
PRED	H-SSM	33333
	OLIN	1
	0.548045	1
	0.000000
PRED	H-SSM	33333
	OLIN	1
	0.548045	1
	0.000000
PRED	H-SSM	33333
	OLIN	0
	0.548045	1
	0.000000
PRED	H-SSM	33333
	OLIN	0
	0.548045	1
	0.000000
PRED	H-SSM	33333
	OLIN	0
	0.548045	1
	0.000000
PRED	H-SSM	33333
	OLIN	0
	0.548045	1
	0.000000
PRED	H-SSM	33333
	OLIN	0
	0.548045	1
	0.000000
PRED	H-SSM	33333
	OLIN	0
	0.548045	1
	0.000000
PRED	H-SSM	33333
	OLIN	0
	0.548045	1
	0.000000
PRED	H-SSM	33333
	OLIN	0
	0.548045	1
	0.000000
PRED	H-SSM	33333
	OLIN	0
	0.548045	1
	0.000000
PRED	H-SSM	33333
	OLIN	0
	0.548045	1
	0.000000
PRED	H-SSM	33333
	OLIN	0
	0.548045	1
	0.000000
PRED	H-SSM	33333
	OLIN	0
	0.548045	1
	0.000000
PRED	H-SSM	33333
	SBL	1
	0.488663	0
	0.000000
PRED	H-SSM	33333
	SBL	1
	0.488663	0
	0.000000
PRED	H-SSM	33333
	SBL	1
	0.488663	0
	0.000000
PRED	H-SSM	33333
	SBL	1
	0.488663	0
	0.000000
PRED	H-SSM	33333
	SBL	1
	0.488663	0
	0.000000
PRED	H-SSM	33333
	SBL	1
	0.488663	0
	0.000000
PRED	H-SSM	33333
	SBL	1
	0.488663	0
	0.000000
PRED	H-SSM	33333
	SBL	1
	0.488663	0
	0.000000
PRED	H-SSM	33333
	SBL	1
	0.488663	0
	0.000000
PRED	H-SSM	33333
	SBL	1
	0.488663	0
	0.000000
PRED	H-SSM	33333
	SBL	1
	0.488663	0
	0.000000
PRED	H-SSM	33333
	SBL	1
	0.488663	0
	0.000000
PRED	H-SSM	33333
	SBL	0
	0.488663	0
	0.000000
PRED	H-SSM	33333
	SBL	0
	0.488663	0
	0.000000
PRED	H-SSM	33333
	SBL	0
	0.488663	0
	0.000000
PRED	H-SSM	33333
	SBL	0
	0.488663	0
	0.000000
PRED	H-SSM	33333
	SBL	0
	0.488663	0
	0.000000
PRED	H-SSM	33333
	SBL	0
	0.488663	0
	0.000000
PRED	H-SSM	33333
	SBL	0
	0.488663	0
	0.000000
PRED	H-SSM	33333
	SBL	0
	0.488663	0
	0.000000
PRED	H-SSM	33333
	SBL	0
	0.488663	0
	0.000000
PRED	H-SSM	33333
	SBL	0
	0.488663	0
	0.000000
PRED	H-SSM	33333
	SBL	0
	0.488663	0
	0.000000
PRED	H-SSM	33333
	SBL	0
	0.488663	0
	0.000000
PRED	H-SSM	33333
	LEUVEN_1	1
	0.506658	1
	0.000000
PRED	H-SSM	33333
	LEUVEN_1	1
	0.506658	1
	0.000000
PRED	H-SSM	33333
	LEUVEN_1	1
	0.506658	1
	0.000000
PRED	H-SSM	33333
	LEUVEN_1	1
	0.506658	1
	0.000000
PRED	H-SSM	33333
	LEUVEN_1	1
	0.506658	1
	0.000000
PRED	H-SSM	33333
	LEUVEN_1	1
	0.506658	1
	0.000000
PRED	H-SSM	33333
	LEUVEN_1	1
	0.506658	1
	0.000000
PRED	H-SSM	33333
	LEUVEN_1	1
	0.506658	1
	0.000000
PRED	H-SSM	33333
	LEUVEN_1	1
	0.506658	1
	0.000000
PRED	H-SSM	33333
	LEUVEN_1	1
	0.506658	1
	0.000000
PRED	H-SSM	33333
	LEUVEN_1	1
	0.506658	1
	0.000000
PRED	H-SSM	33333
	LEUVEN_1	1
	0.506658	1
	0.000000
PRED	H-SSM	33333
	LEUVEN_1	0
	0.506658	1
	0.000000
PRED	H-SSM	33333
	LEUVEN_1	0
	0.506658	1
	0.000000
PRED	H-SSM	33333
	LEUVEN_1	0
	0.506658	1
	0.000000
PRED	H-SSM	33333
	LEUVEN_1	0
	0.506658	1
	0.000000
PRED	H-SSM	33333
	LEUVEN_1	0
	0.506658	1
	0.000000
PRED	H-SSM	33333
	LEUVEN_1	0
	0.506658	1
	0.000000
PRED	H-SSM	33333
	LEUVEN_1	0
	0.506658	1
	0.000000
PRED	H-SSM	33333
	LEUVEN_1	0
	0.506658	1
	0.000000
PRED	H-SSM	33333
	LEUVEN_1	0
	0.506658	1
	0.000000
PRED	H-SSM	33333
	LEUVEN_1	0
	0.506658	1
	0.000000
PRED	H-SSM	33333
	LEUVEN_1	0
	0.506658	1
	0.000000
PRED	H-SSM	33333
	LEUVEN_1	0
	0.506658	1
	0.000000
PRED	H-SSM	33333
	SDSU	1
	0.356755	0
	0.000000
PRED	H-SSM	33333
	SDSU	1
	0.356755	0
	0.000000
PRED	H-SSM	33333
	SDSU	1
	0.356755	0
	0.000000
PRED	H-SSM	33333
	SDSU	1
	0.356755	0
	0.000000
PRED	H-SSM	33333
	SDSU	1
	0.356755	0
	0.000000
PRED	H-SSM	33333
	SDSU	1
	0.356755	0
	0.000000
PRED	H-SSM	33333
	SDSU	1
	0.356755	0
	0.000000
PRED	H-SSM	33333
	SDSU	1
	0.356755	0
	0.000000
PRED	H-SSM	33333
	SDSU	1
	0.356755	0
	0.000000
PRED	H-SSM	33333
	SDSU	1
	0.356755	0
	0.000000
PRED	H-SSM	33333
	SDSU	1
	0.356755	0
	0.000000
PRED	H-SSM	33333
	SDSU	1
	0.356755	0
	0.000000
PRED	H-SSM	33333
	SDSU	0
	0.356755	0
	0.000000
PRED	H-SSM	33333
	SDSU	0
	0.356755	0
	0.000000
PRED	H-SSM	33333
	SDSU	0
	0.356755	0
	0.000000
PRED	H-SSM	33333
	SDSU	0
	0.356755	0
	0.000000
PRED	H-SSM	33333
	SDSU	0
	0.356755	0
	0.000000
PRED	H-SSM	33333
	SDSU	0
	0.356755	0
	0.000000
PRED	H-SSM	33333
	SDSU	0
	0.356755	0
	0.000000
PRED	H-SSM	33333
	SDSU	0
	0.356755	0
	0.000000
PRED	H-SSM	33333
	SDSU	0
	0.356755	0
	0.000000
PRED	H-SSM	33333
	SDSU	0
	0.356755	0
	0.000000
PRED	H-SSM	33333
	SDSU	0
	0.356755	0
	0.000000
PRED	H-SSM	33333
	SDSU	0
	0.356755	0
	0.000000
PRED	H-SSM	33333
	CMU	1
	0.461795	0
	0.000000
PRED	H-SSM	33333
	CMU	1
	0.461795	0
	0.000000
PRED	H-SSM	33333
	CMU	1
	0.461795	0
	0.000000
PRED	H-SSM	33333
	CMU	1
	0.461795	0
	0.000000
PRED	H-SSM	33333
	CMU	1
	0.461795	0
	0.000000
PRED	H-SSM	33333
	CMU	1
	0.461795	0
	0.000000
PRED	H-SSM	33333
	CMU	1
	0.461795	0
	0.000000
PRED	H-SSM	33333
	CMU	1
	0.461795	0
	0.000000
PRED	H-SSM	33333
	CMU	1
	0.461795	0
	0.000000
PRED	H-SSM	33333
	CMU	1
	0.461795	0
	0.000000
PRED	H-SSM	33333
	CMU	1
	0.461795	0
	0.000000
PRED	H-SSM	33333
	CMU	1
	0.461795	0
	0.000000
PRED	H-SSM	33333
	CMU	0
	0.461795	0
	0.000000
PRED	H-SSM	33333
	CMU	0
	0.461795	0
	0.000000
PRED	H-SSM	33333
	CMU	0
	0.461795	0
	0.000000
PRED	H-SSM	33333
	CMU	0
	0.461795	0
	0.000000
PRED	H-SSM	33333
	CMU	0
	0.461795	0
	0.000000
PRED	H-SSM	33333
	CMU	0
	0.461795	0
	0.000000
PRED	H-SSM	33333
	CMU	0
	0.461795	0
	0.000000
PRED	H-SSM	33333
	CMU	0
	0.461795	0
	0.000000
PRED	H-SSM	33333
	CMU	0
	0.461795	0
	0.000000
PRED	H-SSM	33333
	CMU	0
	0.461795	0
	0.000000
PRED	H-SSM	33333
	CMU	0
	0.461795	0
	0.000000
PRED	H-SSM	33333
	CMU	0
	0.461795	0
	0.000000
PRED	H-SSM	33333
	UCLA_2	1
	0.426624	0
	0.000000
PRED	H-SSM	33333
	UCLA_2	1
	0.426624	0
	0.000000
PRED	H-SSM	33333
	UCLA_2	1
	0.426624	0
	0.000000
PRED	H-SSM	33333
	UCLA_2	1
	0.426624	0
	0.000000
PRED	H-SSM	33333
	UCLA_2	1
	0.426624	0
	0.000000
PRED	H-SSM	33333
	UCLA_2	1
	0.426624	0
	0.000000
PRED	H-SSM	33333
	UCLA_2	1
	0.426624	0
	0.000000
PRED	H-SSM	33333
	UCLA_2	1
	0.426624	0
	0.000000
PRED	H-SSM	33333
	UCLA_2	1
	0.426624	0
	0.000000
PRED	H-SSM	33333
	UCLA_2	1
	0.426624	0
	0.000000
PRED	H-SSM	33333
	UCLA_2	1
	0.426624	0
	0.000000
PRED	H-SSM	33333
	UCLA_2	1
	0.426624	0
	0.000000
PRED	H-SSM	33333
	UCLA_2	0
	0.426624	0
	0.000000
PRED	H-SSM	33333
	UCLA_2	0
	0.426624	0
	0.000000
PRED	H-SSM	33333
	UCLA_2	0
	0.426624	0
	0.000000
PRED	H-SSM	33333
	UCLA_2	0
	0.426624	0
	0.000000
PRED	H-SSM	33333
	UCLA_2	0
	0.426624	0
	0.000000
PRED	H-SSM	33333
	UCLA_2	0
	0.426624	0
	0.000000
PRED	H-SSM	33333
	UCLA_2	0
	0.426624	0
	0.000000
PRED	H-SSM	33333
	UCLA_2	0
	0.426624	0
	0.000000
PRED	H-SSM	33333
	UCLA_2	0
	0.426624	0
	0.000000
PRED	H-SSM	33333
	UCLA_2	0
	0.426624	0
	0.000000
PRED	H-SSM	33333
	UCLA_2	0
	0.426624	0
	0.000000
PRED	H-SSM	33333
	UCLA_2	0
	0.426624	0
	0.000000
PRED	H-SSM	33333
	UM_2	1
	0.398277	0
	0.000000
PRED	H-SSM	33333
	UM_2	1
	0.398277	0
	0.000000
PRED	H-SSM	33333
	UM_2	1
	0.398277	0
	0.000000
PRED	H-SSM	33333
	UM_2	1
	0.398277	0
	0.000000
PRED	H-SSM	33333
	UM_2	1
	0.398277	0
	0.000000
PRED	H-SSM	33333
	UM_2	1
	0.398277	0
	0.000000
PRED	H-SSM	33333
	UM_2	1
	0.398277	0
	0.000000
PRED	H-SSM	33333
	UM_2	1
	0.398277	0
	0.000000
PRED	H-SSM	33333
	UM_2	1
	0.398277	0
	0.000000
PRED	H-SSM	33333
	UM_2	1
	0.398277	0
	0.000000
PRED	H-SSM	33333
	UM_2	1
	0.398277	0
	0.000000
PRED	H-SSM	33333
	UM_2	1
	0.398277	0
	0.000000
PRED	H-SSM	33333
	UM_2	0
	0.398277	0
	0.000000
PRED	H-SSM	33333
	UM_2	0
	0.398277	0
	0.000000
PRED	H-SSM	33333
	UM_2	0
	0.398277	0
	0.000000
PRED	H-SSM	33333
	UM_2	0
	0.398277	0
	0.000000
PRED	H-SSM	33333
	UM_2	0
	0.398277	0
	0.000000
PRED	H-SSM	33333
	UM_2	0
	0.398277	0
	0.000000
PRED	H-SSM	33333
	UM_2	0
	0.398277	0
	0.000000
PRED	H-SSM	33333
	UM_2	0
	0.398277	0
	0.000000
PRED	H-SSM	33333
	UM_2	0
	0.398277	0
	0.000000
PRED	H-SSM	33333
	UM_2	0
	0.398277	0
	0.000000
PRED	H-SSM	33333
	UM_2	0
	0.398277	0
	0.000000
PRED	H-SSM	33333
	UM_2	0
	0.398277	0
	0.000000
PRED	H-SSM	33333
	OHSU	1
	0.444402	0
	0.000000
PRED	H-SSM	33333
	OHSU	1
	0.444402	0
	0.000000
PRED	H-SSM	33333
	OHSU	1
	0.444402	0
	0.000000
PRED	H-SSM	33333
	OHSU	1
	0.444402	0
	0.000000
PRED	H-SSM	33333
	OHSU	1
	0.444402	0
	0.000000
PRED	H-SSM	33333
	OHSU	1
	0.444402	0
	0.000000
PRED	H-SSM	33333
	OHSU	1
	0.444402	0
	0.000000
PRED	H-SSM	33333
	OHSU	1
	0.444402	0
	0.000000
PRED	H-SSM	33333
	OHSU	1
	0.444402	0
	0.000000
PRED	H-SSM	33333
	OHSU	1
	0.444402	0
	0.000000
PRED	H-SSM	33333
	OHSU	1
	0.444402	0
	0.000000
PRED	H-SSM	33333
	OHSU	1
	0.444402	0
	0.000000
PRED	H-SSM	33333
	OHSU	0
	0.444402	0
	0.000000
PRED	H-SSM	33333
	OHSU	0
	0.444402	0
	0.000000
PRED	H-SSM	33333
	OHSU	0
	0.444402	0
	0.000000
PRED	H-SSM	33333
	OHSU	0
	0.444402	0
	0.000000
PRED	H-SSM	33333
	OHSU	0
	0.444402	0
	0.000000
PRED	H-SSM	33333
	OHSU	0
	0.444402	0
	0.000000
PRED	H-SSM	33333
	OHSU	0
	0.444402	0
	0.000000
PRED	H-SSM	33333
	OHSU	0
	0.444402	0
	0.000000
PRED	H-SSM	33333
	OHSU	0
	0.444402	0
	0.000000
PRED	H-SSM	33333
	OHSU	0
	0.444402	0
	0.000000
PRED	H-SSM	33333
	OHSU	0
	0.444402	0
	0.000000
PRED	H-SSM	33333
	OHSU	0
	0.444402	0
	0.000000
  H-SSM    33333
   acc=50.000000% bal=50.000000% sites=20
/20
 test_n=500
 assoc=0.000000
PRED	H-SSM	12321
	NYU	1
	0.441298	0
	0.000000
PRED	H-SSM	12321
	NYU	1
	0.441298	0
	0.000000
PRED	H-SSM	12321
	NYU	1
	0.441298	0
	0.000000
PRED	H-SSM	12321
	NYU	1
	0.441298	0
	0.000000
PRED	H-SSM	12321
	NYU	1
	0.441298	0
	0.000000
PRED	H-SSM	12321
	NYU	1
	0.441298	0
	0.000000
PRED	H-SSM	12321
	NYU	1
	0.441298	0
	0.000000
PRED	H-SSM	12321
	NYU	1
	0.441298	0
	0.000000
PRED	H-SSM	12321
	NYU	1
	0.441298	0
	0.000000
PRED	H-SSM	12321
	NYU	1
	0.441298	0
	0.000000
PRED	H-SSM	12321
	NYU	1
	0.441298	0
	0.000000
PRED	H-SSM	12321
	NYU	1
	0.441298	0
	0.000000
PRED	H-SSM	12321
	NYU	1
	0.441298	0
	0.000000
PRED	H-SSM	12321
	NYU	0
	0.441298	0
	0.000000
PRED	H-SSM	12321
	NYU	0
	0.441298	0
	0.000000
PRED	H-SSM	12321
	NYU	0
	0.441298	0
	0.000000
PRED	H-SSM	12321
	NYU	0
	0.441298	0
	0.000000
PRED	H-SSM	12321
	NYU	0
	0.441298	0
	0.000000
PRED	H-SSM	12321
	NYU	0
	0.441298	0
	0.000000
PRED	H-SSM	12321
	NYU	0
	0.441298	0
	0.000000
PRED	H-SSM	12321
	NYU	0
	0.441298	0
	0.000000
PRED	H-SSM	12321
	NYU	0
	0.441298	0
	0.000000
PRED	H-SSM	12321
	NYU	0
	0.441298	0
	0.000000
PRED	H-SSM	12321
	NYU	0
	0.441298	0
	0.000000
PRED	H-SSM	12321
	NYU	0
	0.441298	0
	0.000000
PRED	H-SSM	12321
	NYU	0
	0.441298	0
	0.000000
PRED	H-SSM	12321
	UM_1	1
	0.373219	0
	0.000000
PRED	H-SSM	12321
	UM_1	1
	0.373219	0
	0.000000
PRED	H-SSM	12321
	UM_1	1
	0.373219	0
	0.000000
PRED	H-SSM	12321
	UM_1	1
	0.373219	0
	0.000000
PRED	H-SSM	12321
	UM_1	1
	0.373219	0
	0.000000
PRED	H-SSM	12321
	UM_1	1
	0.373219	0
	0.000000
PRED	H-SSM	12321
	UM_1	1
	0.373219	0
	0.000000
PRED	H-SSM	12321
	UM_1	1
	0.373219	0
	0.000000
PRED	H-SSM	12321
	UM_1	1
	0.373219	0
	0.000000
PRED	H-SSM	12321
	UM_1	1
	0.373219	0
	0.000000
PRED	H-SSM	12321
	UM_1	1
	0.373219	0
	0.000000
PRED	H-SSM	12321
	UM_1	1
	0.373219	0
	0.000000
PRED	H-SSM	12321
	UM_1	1
	0.373219	0
	0.000000
PRED	H-SSM	12321
	UM_1	0
	0.373219	0
	0.000000
PRED	H-SSM	12321
	UM_1	0
	0.373219	0
	0.000000
PRED	H-SSM	12321
	UM_1	0
	0.373219	0
	0.000000
PRED	H-SSM	12321
	UM_1	0
	0.373219	0
	0.000000
PRED	H-SSM	12321
	UM_1	0
	0.373219	0
	0.000000
PRED	H-SSM	12321
	UM_1	0
	0.373219	0
	0.000000
PRED	H-SSM	12321
	UM_1	0
	0.373219	0
	0.000000
PRED	H-SSM	12321
	UM_1	0
	0.373219	0
	0.000000
PRED	H-SSM	12321
	UM_1	0
	0.373219	0
	0.000000
PRED	H-SSM	12321
	UM_1	0
	0.373219	0
	0.000000
PRED	H-SSM	12321
	UM_1	0
	0.373219	0
	0.000000
PRED	H-SSM	12321
	UM_1	0
	0.373219	0
	0.000000
PRED	H-SSM	12321
	UM_1	0
	0.373219	0
	0.000000
PRED	H-SSM	12321
	UCLA_1	1
	0.480698	0
	0.000000
PRED	H-SSM	12321
	UCLA_1	1
	0.480698	0
	0.000000
PRED	H-SSM	12321
	UCLA_1	1
	0.480698	0
	0.000000
PRED	H-SSM	12321
	UCLA_1	1
	0.480698	0
	0.000000
PRED	H-SSM	12321
	UCLA_1	1
	0.480698	0
	0.000000
PRED	H-SSM	12321
	UCLA_1	1
	0.480698	0
	0.000000
PRED	H-SSM	12321
	UCLA_1	1
	0.480698	0
	0.000000
PRED	H-SSM	12321
	UCLA_1	1
	0.480698	0
	0.000000
PRED	H-SSM	12321
	UCLA_1	1
	0.480698	0
	0.000000
PRED	H-SSM	12321
	UCLA_1	1
	0.480698	0
	0.000000
PRED	H-SSM	12321
	UCLA_1	1
	0.480698	0
	0.000000
PRED	H-SSM	12321
	UCLA_1	1
	0.480698	0
	0.000000
PRED	H-SSM	12321
	UCLA_1	1
	0.480698	0
	0.000000
PRED	H-SSM	12321
	UCLA_1	0
	0.480698	0
	0.000000
PRED	H-SSM	12321
	UCLA_1	0
	0.480698	0
	0.000000
PRED	H-SSM	12321
	UCLA_1	0
	0.480698	0
	0.000000
PRED	H-SSM	12321
	UCLA_1	0
	0.480698	0
	0.000000
PRED	H-SSM	12321
	UCLA_1	0
	0.480698	0
	0.000000
PRED	H-SSM	12321
	UCLA_1	0
	0.480698	0
	0.000000
PRED	H-SSM	12321
	UCLA_1	0
	0.480698	0
	0.000000
PRED	H-SSM	12321
	UCLA_1	0
	0.480698	0
	0.000000
PRED	H-SSM	12321
	UCLA_1	0
	0.480698	0
	0.000000
PRED	H-SSM	12321
	UCLA_1	0
	0.480698	0
	0.000000
PRED	H-SSM	12321
	UCLA_1	0
	0.480698	0
	0.000000
PRED	H-SSM	12321
	UCLA_1	0
	0.480698	0
	0.000000
PRED	H-SSM	12321
	UCLA_1	0
	0.480698	0
	0.000000
PRED	H-SSM	12321
	YALE	1
	0.421646	0
	0.000000
PRED	H-SSM	12321
	YALE	1
	0.421646	0
	0.000000
PRED	H-SSM	12321
	YALE	1
	0.421646	0
	0.000000
PRED	H-SSM	12321
	YALE	1
	0.421646	0
	0.000000
PRED	H-SSM	12321
	YALE	1
	0.421646	0
	0.000000
PRED	H-SSM	12321
	YALE	1
	0.421646	0
	0.000000
PRED	H-SSM	12321
	YALE	1
	0.421646	0
	0.000000
PRED	H-SSM	12321
	YALE	1
	0.421646	0
	0.000000
PRED	H-SSM	12321
	YALE	1
	0.421646	0
	0.000000
PRED	H-SSM	12321
	YALE	1
	0.421646	0
	0.000000
PRED	H-SSM	12321
	YALE	1
	0.421646	0
	0.000000
PRED	H-SSM	12321
	YALE	1
	0.421646	0
	0.000000
PRED	H-SSM	12321
	YALE	1
	0.421646	0
	0.000000
PRED	H-SSM	12321
	YALE	0
	0.421646	0
	0.000000
PRED	H-SSM	12321
	YALE	0
	0.421646	0
	0.000000
PRED	H-SSM	12321
	YALE	0
	0.421646	0
	0.000000
PRED	H-SSM	12321
	YALE	0
	0.421646	0
	0.000000
PRED	H-SSM	12321
	YALE	0
	0.421646	0
	0.000000
PRED	H-SSM	12321
	YALE	0
	0.421646	0
	0.000000
PRED	H-SSM	12321
	YALE	0
	0.421646	0
	0.000000
PRED	H-SSM	12321
	YALE	0
	0.421646	0
	0.000000
PRED	H-SSM	12321
	YALE	0
	0.421646	0
	0.000000
PRED	H-SSM	12321
	YALE	0
	0.421646	0
	0.000000
PRED	H-SSM	12321
	YALE	0
	0.421646	0
	0.000000
PRED	H-SSM	12321
	YALE	0
	0.421646	0
	0.000000
PRED	H-SSM	12321
	YALE	0
	0.421646	0
	0.000000
PRED	H-SSM	12321
	PITT	1
	0.282184	0
	0.000000
PRED	H-SSM	12321
	PITT	1
	0.282184	0
	0.000000
PRED	H-SSM	12321
	PITT	1
	0.282184	0
	0.000000
PRED	H-SSM	12321
	PITT	1
	0.282184	0
	0.000000
PRED	H-SSM	12321
	PITT	1
	0.282184	0
	0.000000
PRED	H-SSM	12321
	PITT	1
	0.282184	0
	0.000000
PRED	H-SSM	12321
	PITT	1
	0.282184	0
	0.000000
PRED	H-SSM	12321
	PITT	1
	0.282184	0
	0.000000
PRED	H-SSM	12321
	PITT	1
	0.282184	0
	0.000000
PRED	H-SSM	12321
	PITT	1
	0.282184	0
	0.000000
PRED	H-SSM	12321
	PITT	1
	0.282184	0
	0.000000
PRED	H-SSM	12321
	PITT	1
	0.282184	0
	0.000000
PRED	H-SSM	12321
	PITT	1
	0.282184	0
	0.000000
PRED	H-SSM	12321
	PITT	0
	0.282184	0
	0.000000
PRED	H-SSM	12321
	PITT	0
	0.282184	0
	0.000000
PRED	H-SSM	12321
	PITT	0
	0.282184	0
	0.000000
PRED	H-SSM	12321
	PITT	0
	0.282184	0
	0.000000
PRED	H-SSM	12321
	PITT	0
	0.282184	0
	0.000000
PRED	H-SSM	12321
	PITT	0
	0.282184	0
	0.000000
PRED	H-SSM	12321
	PITT	0
	0.282184	0
	0.000000
PRED	H-SSM	12321
	PITT	0
	0.282184	0
	0.000000
PRED	H-SSM	12321
	PITT	0
	0.282184	0
	0.000000
PRED	H-SSM	12321
	PITT	0
	0.282184	0
	0.000000
PRED	H-SSM	12321
	PITT	0
	0.282184	0
	0.000000
PRED	H-SSM	12321
	PITT	0
	0.282184	0
	0.000000
PRED	H-SSM	12321
	PITT	0
	0.282184	0
	0.000000
PRED	H-SSM	12321
	USM	1
	0.370626	0
	0.000000
PRED	H-SSM	12321
	USM	1
	0.370626	0
	0.000000
PRED	H-SSM	12321
	USM	1
	0.370626	0
	0.000000
PRED	H-SSM	12321
	USM	1
	0.370626	0
	0.000000
PRED	H-SSM	12321
	USM	1
	0.370626	0
	0.000000
PRED	H-SSM	12321
	USM	1
	0.370626	0
	0.000000
PRED	H-SSM	12321
	USM	1
	0.370626	0
	0.000000
PRED	H-SSM	12321
	USM	1
	0.370626	0
	0.000000
PRED	H-SSM	12321
	USM	1
	0.370626	0
	0.000000
PRED	H-SSM	12321
	USM	1
	0.370626	0
	0.000000
PRED	H-SSM	12321
	USM	1
	0.370626	0
	0.000000
PRED	H-SSM	12321
	USM	1
	0.370626	0
	0.000000
PRED	H-SSM	12321
	USM	1
	0.370626	0
	0.000000
PRED	H-SSM	12321
	USM	0
	0.370626	0
	0.000000
PRED	H-SSM	12321
	USM	0
	0.370626	0
	0.000000
PRED	H-SSM	12321
	USM	0
	0.370626	0
	0.000000
PRED	H-SSM	12321
	USM	0
	0.370626	0
	0.000000
PRED	H-SSM	12321
	USM	0
	0.370626	0
	0.000000
PRED	H-SSM	12321
	USM	0
	0.370626	0
	0.000000
PRED	H-SSM	12321
	USM	0
	0.370626	0
	0.000000
PRED	H-SSM	12321
	USM	0
	0.370626	0
	0.000000
PRED	H-SSM	12321
	USM	0
	0.370626	0
	0.000000
PRED	H-SSM	12321
	USM	0
	0.370626	0
	0.000000
PRED	H-SSM	12321
	USM	0
	0.370626	0
	0.000000
PRED	H-SSM	12321
	USM	0
	0.370626	0
	0.000000
PRED	H-SSM	12321
	USM	0
	0.370626	0
	0.000000
PRED	H-SSM	12321
	MAX_MUN	1
	0.459616	0
	0.000000
PRED	H-SSM	12321
	MAX_MUN	1
	0.459616	0
	0.000000
PRED	H-SSM	12321
	MAX_MUN	1
	0.459616	0
	0.000000
PRED	H-SSM	12321
	MAX_MUN	1
	0.459616	0
	0.000000
PRED	H-SSM	12321
	MAX_MUN	1
	0.459616	0
	0.000000
PRED	H-SSM	12321
	MAX_MUN	1
	0.459616	0
	0.000000
PRED	H-SSM	12321
	MAX_MUN	1
	0.459616	0
	0.000000
PRED	H-SSM	12321
	MAX_MUN	1
	0.459616	0
	0.000000
PRED	H-SSM	12321
	MAX_MUN	1
	0.459616	0
	0.000000
PRED	H-SSM	12321
	MAX_MUN	1
	0.459616	0
	0.000000
PRED	H-SSM	12321
	MAX_MUN	1
	0.459616	0
	0.000000
PRED	H-SSM	12321
	MAX_MUN	1
	0.459616	0
	0.000000
PRED	H-SSM	12321
	MAX_MUN	1
	0.459616	0
	0.000000
PRED	H-SSM	12321
	MAX_MUN	0
	0.459616	0
	0.000000
PRED	H-SSM	12321
	MAX_MUN	0
	0.459616	0
	0.000000
PRED	H-SSM	12321
	MAX_MUN	0
	0.459616	0
	0.000000
PRED	H-SSM	12321
	MAX_MUN	0
	0.459616	0
	0.000000
PRED	H-SSM	12321
	MAX_MUN	0
	0.459616	0
	0.000000
PRED	H-SSM	12321
	MAX_MUN	0
	0.459616	0
	0.000000
PRED	H-SSM	12321
	MAX_MUN	0
	0.459616	0
	0.000000
PRED	H-SSM	12321
	MAX_MUN	0
	0.459616	0
	0.000000
PRED	H-SSM	12321
	MAX_MUN	0
	0.459616	0
	0.000000
PRED	H-SSM	12321
	MAX_MUN	0
	0.459616	0
	0.000000
PRED	H-SSM	12321
	MAX_MUN	0
	0.459616	0
	0.000000
PRED	H-SSM	12321
	MAX_MUN	0
	0.459616	0
	0.000000
PRED	H-SSM	12321
	MAX_MUN	0
	0.459616	0
	0.000000
PRED	H-SSM	12321
	TRINITY	1
	0.373528	0
	0.000000
PRED	H-SSM	12321
	TRINITY	1
	0.373528	0
	0.000000
PRED	H-SSM	12321
	TRINITY	1
	0.373528	0
	0.000000
PRED	H-SSM	12321
	TRINITY	1
	0.373528	0
	0.000000
PRED	H-SSM	12321
	TRINITY	1
	0.373528	0
	0.000000
PRED	H-SSM	12321
	TRINITY	1
	0.373528	0
	0.000000
PRED	H-SSM	12321
	TRINITY	1
	0.373528	0
	0.000000
PRED	H-SSM	12321
	TRINITY	1
	0.373528	0
	0.000000
PRED	H-SSM	12321
	TRINITY	1
	0.373528	0
	0.000000
PRED	H-SSM	12321
	TRINITY	1
	0.373528	0
	0.000000
PRED	H-SSM	12321
	TRINITY	1
	0.373528	0
	0.000000
PRED	H-SSM	12321
	TRINITY	1
	0.373528	0
	0.000000
PRED	H-SSM	12321
	TRINITY	1
	0.373528	0
	0.000000
PRED	H-SSM	12321
	TRINITY	0
	0.373528	0
	0.000000
PRED	H-SSM	12321
	TRINITY	0
	0.373528	0
	0.000000
PRED	H-SSM	12321
	TRINITY	0
	0.373528	0
	0.000000
PRED	H-SSM	12321
	TRINITY	0
	0.373528	0
	0.000000
PRED	H-SSM	12321
	TRINITY	0
	0.373528	0
	0.000000
PRED	H-SSM	12321
	TRINITY	0
	0.373528	0
	0.000000
PRED	H-SSM	12321
	TRINITY	0
	0.373528	0
	0.000000
PRED	H-SSM	12321
	TRINITY	0
	0.373528	0
	0.000000
PRED	H-SSM	12321
	TRINITY	0
	0.373528	0
	0.000000
PRED	H-SSM	12321
	TRINITY	0
	0.373528	0
	0.000000
PRED	H-SSM	12321
	TRINITY	0
	0.373528	0
	0.000000
PRED	H-SSM	12321
	TRINITY	0
	0.373528	0
	0.000000
PRED	H-SSM	12321
	TRINITY	0
	0.373528	0
	0.000000
PRED	H-SSM	12321
	KKI	1
	0.304373	0
	0.000000
PRED	H-SSM	12321
	KKI	1
	0.304373	0
	0.000000
PRED	H-SSM	12321
	KKI	1
	0.304373	0
	0.000000
PRED	H-SSM	12321
	KKI	1
	0.304373	0
	0.000000
PRED	H-SSM	12321
	KKI	1
	0.304373	0
	0.000000
PRED	H-SSM	12321
	KKI	1
	0.304373	0
	0.000000
PRED	H-SSM	12321
	KKI	1
	0.304373	0
	0.000000
PRED	H-SSM	12321
	KKI	1
	0.304373	0
	0.000000
PRED	H-SSM	12321
	KKI	1
	0.304373	0
	0.000000
PRED	H-SSM	12321
	KKI	1
	0.304373	0
	0.000000
PRED	H-SSM	12321
	KKI	1
	0.304373	0
	0.000000
PRED	H-SSM	12321
	KKI	1
	0.304373	0
	0.000000
PRED	H-SSM	12321
	KKI	1
	0.304373	0
	0.000000
PRED	H-SSM	12321
	KKI	0
	0.304373	0
	0.000000
PRED	H-SSM	12321
	KKI	0
	0.304373	0
	0.000000
PRED	H-SSM	12321
	KKI	0
	0.304373	0
	0.000000
PRED	H-SSM	12321
	KKI	0
	0.304373	0
	0.000000
PRED	H-SSM	12321
	KKI	0
	0.304373	0
	0.000000
PRED	H-SSM	12321
	KKI	0
	0.304373	0
	0.000000
PRED	H-SSM	12321
	KKI	0
	0.304373	0
	0.000000
PRED	H-SSM	12321
	KKI	0
	0.304373	0
	0.000000
PRED	H-SSM	12321
	KKI	0
	0.304373	0
	0.000000
PRED	H-SSM	12321
	KKI	0
	0.304373	0
	0.000000
PRED	H-SSM	12321
	KKI	0
	0.304373	0
	0.000000
PRED	H-SSM	12321
	KKI	0
	0.304373	0
	0.000000
PRED	H-SSM	12321
	KKI	0
	0.304373	0
	0.000000
PRED	H-SSM	12321
	STANFORD	1
	0.615548	1
	0.000000
PRED	H-SSM	12321
	STANFORD	1
	0.615548	1
	0.000000
PRED	H-SSM	12321
	STANFORD	1
	0.615548	1
	0.000000
PRED	H-SSM	12321
	STANFORD	1
	0.615548	1
	0.000000
PRED	H-SSM	12321
	STANFORD	1
	0.615548	1
	0.000000
PRED	H-SSM	12321
	STANFORD	1
	0.615548	1
	0.000000
PRED	H-SSM	12321
	STANFORD	1
	0.615548	1
	0.000000
PRED	H-SSM	12321
	STANFORD	1
	0.615548	1
	0.000000
PRED	H-SSM	12321
	STANFORD	1
	0.615548	1
	0.000000
PRED	H-SSM	12321
	STANFORD	1
	0.615548	1
	0.000000
PRED	H-SSM	12321
	STANFORD	1
	0.615548	1
	0.000000
PRED	H-SSM	12321
	STANFORD	1
	0.615548	1
	0.000000
PRED	H-SSM	12321
	STANFORD	1
	0.615548	1
	0.000000
PRED	H-SSM	12321
	STANFORD	0
	0.615548	1
	0.000000
PRED	H-SSM	12321
	STANFORD	0
	0.615548	1
	0.000000
PRED	H-SSM	12321
	STANFORD	0
	0.615548	1
	0.000000
PRED	H-SSM	12321
	STANFORD	0
	0.615548	1
	0.000000
PRED	H-SSM	12321
	STANFORD	0
	0.615548	1
	0.000000
PRED	H-SSM	12321
	STANFORD	0
	0.615548	1
	0.000000
PRED	H-SSM	12321
	STANFORD	0
	0.615548	1
	0.000000
PRED	H-SSM	12321
	STANFORD	0
	0.615548	1
	0.000000
PRED	H-SSM	12321
	STANFORD	0
	0.615548	1
	0.000000
PRED	H-SSM	12321
	STANFORD	0
	0.615548	1
	0.000000
PRED	H-SSM	12321
	STANFORD	0
	0.615548	1
	0.000000
PRED	H-SSM	12321
	STANFORD	0
	0.615548	1
	0.000000
PRED	H-SSM	12321
	STANFORD	0
	0.615548	1
	0.000000
PRED	H-SSM	12321
	CALTECH	1
	0.466592	0
	0.000000
PRED	H-SSM	12321
	CALTECH	1
	0.466592	0
	0.000000
PRED	H-SSM	12321
	CALTECH	1
	0.466592	0
	0.000000
PRED	H-SSM	12321
	CALTECH	1
	0.466592	0
	0.000000
PRED	H-SSM	12321
	CALTECH	1
	0.466592	0
	0.000000
PRED	H-SSM	12321
	CALTECH	1
	0.466592	0
	0.000000
PRED	H-SSM	12321
	CALTECH	1
	0.466592	0
	0.000000
PRED	H-SSM	12321
	CALTECH	1
	0.466592	0
	0.000000
PRED	H-SSM	12321
	CALTECH	1
	0.466592	0
	0.000000
PRED	H-SSM	12321
	CALTECH	1
	0.466592	0
	0.000000
PRED	H-SSM	12321
	CALTECH	1
	0.466592	0
	0.000000
PRED	H-SSM	12321
	CALTECH	1
	0.466592	0
	0.000000
PRED	H-SSM	12321
	CALTECH	0
	0.466592	0
	0.000000
PRED	H-SSM	12321
	CALTECH	0
	0.466592	0
	0.000000
PRED	H-SSM	12321
	CALTECH	0
	0.466592	0
	0.000000
PRED	H-SSM	12321
	CALTECH	0
	0.466592	0
	0.000000
PRED	H-SSM	12321
	CALTECH	0
	0.466592	0
	0.000000
PRED	H-SSM	12321
	CALTECH	0
	0.466592	0
	0.000000
PRED	H-SSM	12321
	CALTECH	0
	0.466592	0
	0.000000
PRED	H-SSM	12321
	CALTECH	0
	0.466592	0
	0.000000
PRED	H-SSM	12321
	CALTECH	0
	0.466592	0
	0.000000
PRED	H-SSM	12321
	CALTECH	0
	0.466592	0
	0.000000
PRED	H-SSM	12321
	CALTECH	0
	0.466592	0
	0.000000
PRED	H-SSM	12321
	CALTECH	0
	0.466592	0
	0.000000
PRED	H-SSM	12321
	LEUVEN_2	1
	0.518811	1
	0.000000
PRED	H-SSM	12321
	LEUVEN_2	1
	0.518811	1
	0.000000
PRED	H-SSM	12321
	LEUVEN_2	1
	0.518811	1
	0.000000
PRED	H-SSM	12321
	LEUVEN_2	1
	0.518811	1
	0.000000
PRED	H-SSM	12321
	LEUVEN_2	1
	0.518811	1
	0.000000
PRED	H-SSM	12321
	LEUVEN_2	1
	0.518811	1
	0.000000
PRED	H-SSM	12321
	LEUVEN_2	1
	0.518811	1
	0.000000
PRED	H-SSM	12321
	LEUVEN_2	1
	0.518811	1
	0.000000
PRED	H-SSM	12321
	LEUVEN_2	1
	0.518811	1
	0.000000
PRED	H-SSM	12321
	LEUVEN_2	1
	0.518811	1
	0.000000
PRED	H-SSM	12321
	LEUVEN_2	1
	0.518811	1
	0.000000
PRED	H-SSM	12321
	LEUVEN_2	1
	0.518811	1
	0.000000
PRED	H-SSM	12321
	LEUVEN_2	0
	0.518811	1
	0.000000
PRED	H-SSM	12321
	LEUVEN_2	0
	0.518811	1
	0.000000
PRED	H-SSM	12321
	LEUVEN_2	0
	0.518811	1
	0.000000
PRED	H-SSM	12321
	LEUVEN_2	0
	0.518811	1
	0.000000
PRED	H-SSM	12321
	LEUVEN_2	0
	0.518811	1
	0.000000
PRED	H-SSM	12321
	LEUVEN_2	0
	0.518811	1
	0.000000
PRED	H-SSM	12321
	LEUVEN_2	0
	0.518811	1
	0.000000
PRED	H-SSM	12321
	LEUVEN_2	0
	0.518811	1
	0.000000
PRED	H-SSM	12321
	LEUVEN_2	0
	0.518811	1
	0.000000
PRED	H-SSM	12321
	LEUVEN_2	0
	0.518811	1
	0.000000
PRED	H-SSM	12321
	LEUVEN_2	0
	0.518811	1
	0.000000
PRED	H-SSM	12321
	LEUVEN_2	0
	0.518811	1
	0.000000
PRED	H-SSM	12321
	OLIN	1
	0.478474	0
	0.000000
PRED	H-SSM	12321
	OLIN	1
	0.478474	0
	0.000000
PRED	H-SSM	12321
	OLIN	1
	0.478474	0
	0.000000
PRED	H-SSM	12321
	OLIN	1
	0.478474	0
	0.000000
PRED	H-SSM	12321
	OLIN	1
	0.478474	0
	0.000000
PRED	H-SSM	12321
	OLIN	1
	0.478474	0
	0.000000
PRED	H-SSM	12321
	OLIN	1
	0.478474	0
	0.000000
PRED	H-SSM	12321
	OLIN	1
	0.478474	0
	0.000000
PRED	H-SSM	12321
	OLIN	1
	0.478474	0
	0.000000
PRED	H-SSM	12321
	OLIN	1
	0.478474	0
	0.000000
PRED	H-SSM	12321
	OLIN	1
	0.478474	0
	0.000000
PRED	H-SSM	12321
	OLIN	1
	0.478474	0
	0.000000
PRED	H-SSM	12321
	OLIN	0
	0.478474	0
	0.000000
PRED	H-SSM	12321
	OLIN	0
	0.478474	0
	0.000000
PRED	H-SSM	12321
	OLIN	0
	0.478474	0
	0.000000
PRED	H-SSM	12321
	OLIN	0
	0.478474	0
	0.000000
PRED	H-SSM	12321
	OLIN	0
	0.478474	0
	0.000000
PRED	H-SSM	12321
	OLIN	0
	0.478474	0
	0.000000
PRED	H-SSM	12321
	OLIN	0
	0.478474	0
	0.000000
PRED	H-SSM	12321
	OLIN	0
	0.478474	0
	0.000000
PRED	H-SSM	12321
	OLIN	0
	0.478474	0
	0.000000
PRED	H-SSM	12321
	OLIN	0
	0.478474	0
	0.000000
PRED	H-SSM	12321
	OLIN	0
	0.478474	0
	0.000000
PRED	H-SSM	12321
	OLIN	0
	0.478474	0
	0.000000
PRED	H-SSM	12321
	SBL	1
	0.425327	0
	0.000000
PRED	H-SSM	12321
	SBL	1
	0.425327	0
	0.000000
PRED	H-SSM	12321
	SBL	1
	0.425327	0
	0.000000
PRED	H-SSM	12321
	SBL	1
	0.425327	0
	0.000000
PRED	H-SSM	12321
	SBL	1
	0.425327	0
	0.000000
PRED	H-SSM	12321
	SBL	1
	0.425327	0
	0.000000
PRED	H-SSM	12321
	SBL	1
	0.425327	0
	0.000000
PRED	H-SSM	12321
	SBL	1
	0.425327	0
	0.000000
PRED	H-SSM	12321
	SBL	1
	0.425327	0
	0.000000
PRED	H-SSM	12321
	SBL	1
	0.425327	0
	0.000000
PRED	H-SSM	12321
	SBL	1
	0.425327	0
	0.000000
PRED	H-SSM	12321
	SBL	1
	0.425327	0
	0.000000
PRED	H-SSM	12321
	SBL	0
	0.425327	0
	0.000000
PRED	H-SSM	12321
	SBL	0
	0.425327	0
	0.000000
PRED	H-SSM	12321
	SBL	0
	0.425327	0
	0.000000
PRED	H-SSM	12321
	SBL	0
	0.425327	0
	0.000000
PRED	H-SSM	12321
	SBL	0
	0.425327	0
	0.000000
PRED	H-SSM	12321
	SBL	0
	0.425327	0
	0.000000
PRED	H-SSM	12321
	SBL	0
	0.425327	0
	0.000000
PRED	H-SSM	12321
	SBL	0
	0.425327	0
	0.000000
PRED	H-SSM	12321
	SBL	0
	0.425327	0
	0.000000
PRED	H-SSM	12321
	SBL	0
	0.425327	0
	0.000000
PRED	H-SSM	12321
	SBL	0
	0.425327	0
	0.000000
PRED	H-SSM	12321
	SBL	0
	0.425327	0
	0.000000
PRED	H-SSM	12321
	LEUVEN_1	1
	0.339549	0
	0.000000
PRED	H-SSM	12321
	LEUVEN_1	1
	0.339549	0
	0.000000
PRED	H-SSM	12321
	LEUVEN_1	1
	0.339549	0
	0.000000
PRED	H-SSM	12321
	LEUVEN_1	1
	0.339549	0
	0.000000
PRED	H-SSM	12321
	LEUVEN_1	1
	0.339549	0
	0.000000
PRED	H-SSM	12321
	LEUVEN_1	1
	0.339549	0
	0.000000
PRED	H-SSM	12321
	LEUVEN_1	1
	0.339549	0
	0.000000
PRED	H-SSM	12321
	LEUVEN_1	1
	0.339549	0
	0.000000
PRED	H-SSM	12321
	LEUVEN_1	1
	0.339549	0
	0.000000
PRED	H-SSM	12321
	LEUVEN_1	1
	0.339549	0
	0.000000
PRED	H-SSM	12321
	LEUVEN_1	1
	0.339549	0
	0.000000
PRED	H-SSM	12321
	LEUVEN_1	1
	0.339549	0
	0.000000
PRED	H-SSM	12321
	LEUVEN_1	0
	0.339549	0
	0.000000
PRED	H-SSM	12321
	LEUVEN_1	0
	0.339549	0
	0.000000
PRED	H-SSM	12321
	LEUVEN_1	0
	0.339549	0
	0.000000
PRED	H-SSM	12321
	LEUVEN_1	0
	0.339549	0
	0.000000
PRED	H-SSM	12321
	LEUVEN_1	0
	0.339549	0
	0.000000
PRED	H-SSM	12321
	LEUVEN_1	0
	0.339549	0
	0.000000
PRED	H-SSM	12321
	LEUVEN_1	0
	0.339549	0
	0.000000
PRED	H-SSM	12321
	LEUVEN_1	0
	0.339549	0
	0.000000
PRED	H-SSM	12321
	LEUVEN_1	0
	0.339549	0
	0.000000
PRED	H-SSM	12321
	LEUVEN_1	0
	0.339549	0
	0.000000
PRED	H-SSM	12321
	LEUVEN_1	0
	0.339549	0
	0.000000
PRED	H-SSM	12321
	LEUVEN_1	0
	0.339549	0
	0.000000
PRED	H-SSM	12321
	SDSU	1
	0.695549	1
	0.000000
PRED	H-SSM	12321
	SDSU	1
	0.695549	1
	0.000000
PRED	H-SSM	12321
	SDSU	1
	0.695549	1
	0.000000
PRED	H-SSM	12321
	SDSU	1
	0.695549	1
	0.000000
PRED	H-SSM	12321
	SDSU	1
	0.695549	1
	0.000000
PRED	H-SSM	12321
	SDSU	1
	0.695549	1
	0.000000
PRED	H-SSM	12321
	SDSU	1
	0.695549	1
	0.000000
PRED	H-SSM	12321
	SDSU	1
	0.695549	1
	0.000000
PRED	H-SSM	12321
	SDSU	1
	0.695549	1
	0.000000
PRED	H-SSM	12321
	SDSU	1
	0.695549	1
	0.000000
PRED	H-SSM	12321
	SDSU	1
	0.695549	1
	0.000000
PRED	H-SSM	12321
	SDSU	1
	0.695549	1
	0.000000
PRED	H-SSM	12321
	SDSU	0
	0.695549	1
	0.000000
PRED	H-SSM	12321
	SDSU	0
	0.695549	1
	0.000000
PRED	H-SSM	12321
	SDSU	0
	0.695549	1
	0.000000
PRED	H-SSM	12321
	SDSU	0
	0.695549	1
	0.000000
PRED	H-SSM	12321
	SDSU	0
	0.695549	1
	0.000000
PRED	H-SSM	12321
	SDSU	0
	0.695549	1
	0.000000
PRED	H-SSM	12321
	SDSU	0
	0.695549	1
	0.000000
PRED	H-SSM	12321
	SDSU	0
	0.695549	1
	0.000000
PRED	H-SSM	12321
	SDSU	0
	0.695549	1
	0.000000
PRED	H-SSM	12321
	SDSU	0
	0.695549	1
	0.000000
PRED	H-SSM	12321
	SDSU	0
	0.695549	1
	0.000000
PRED	H-SSM	12321
	SDSU	0
	0.695549	1
	0.000000
PRED	H-SSM	12321
	CMU	1
	0.623046	1
	0.000000
PRED	H-SSM	12321
	CMU	1
	0.623046	1
	0.000000
PRED	H-SSM	12321
	CMU	1
	0.623046	1
	0.000000
PRED	H-SSM	12321
	CMU	1
	0.623046	1
	0.000000
PRED	H-SSM	12321
	CMU	1
	0.623046	1
	0.000000
PRED	H-SSM	12321
	CMU	1
	0.623046	1
	0.000000
PRED	H-SSM	12321
	CMU	1
	0.623046	1
	0.000000
PRED	H-SSM	12321
	CMU	1
	0.623046	1
	0.000000
PRED	H-SSM	12321
	CMU	1
	0.623046	1
	0.000000
PRED	H-SSM	12321
	CMU	1
	0.623046	1
	0.000000
PRED	H-SSM	12321
	CMU	1
	0.623046	1
	0.000000
PRED	H-SSM	12321
	CMU	1
	0.623046	1
	0.000000
PRED	H-SSM	12321
	CMU	0
	0.623046	1
	0.000000
PRED	H-SSM	12321
	CMU	0
	0.623046	1
	0.000000
PRED	H-SSM	12321
	CMU	0
	0.623046	1
	0.000000
PRED	H-SSM	12321
	CMU	0
	0.623046	1
	0.000000
PRED	H-SSM	12321
	CMU	0
	0.623046	1
	0.000000
PRED	H-SSM	12321
	CMU	0
	0.623046	1
	0.000000
PRED	H-SSM	12321
	CMU	0
	0.623046	1
	0.000000
PRED	H-SSM	12321
	CMU	0
	0.623046	1
	0.000000
PRED	H-SSM	12321
	CMU	0
	0.623046	1
	0.000000
PRED	H-SSM	12321
	CMU	0
	0.623046	1
	0.000000
PRED	H-SSM	12321
	CMU	0
	0.623046	1
	0.000000
PRED	H-SSM	12321
	CMU	0
	0.623046	1
	0.000000
PRED	H-SSM	12321
	UCLA_2	1
	0.435898	0
	0.000000
PRED	H-SSM	12321
	UCLA_2	1
	0.435898	0
	0.000000
PRED	H-SSM	12321
	UCLA_2	1
	0.435898	0
	0.000000
PRED	H-SSM	12321
	UCLA_2	1
	0.435898	0
	0.000000
PRED	H-SSM	12321
	UCLA_2	1
	0.435898	0
	0.000000
PRED	H-SSM	12321
	UCLA_2	1
	0.435898	0
	0.000000
PRED	H-SSM	12321
	UCLA_2	1
	0.435898	0
	0.000000
PRED	H-SSM	12321
	UCLA_2	1
	0.435898	0
	0.000000
PRED	H-SSM	12321
	UCLA_2	1
	0.435898	0
	0.000000
PRED	H-SSM	12321
	UCLA_2	1
	0.435898	0
	0.000000
PRED	H-SSM	12321
	UCLA_2	1
	0.435898	0
	0.000000
PRED	H-SSM	12321
	UCLA_2	1
	0.435898	0
	0.000000
PRED	H-SSM	12321
	UCLA_2	0
	0.435898	0
	0.000000
PRED	H-SSM	12321
	UCLA_2	0
	0.435898	0
	0.000000
PRED	H-SSM	12321
	UCLA_2	0
	0.435898	0
	0.000000
PRED	H-SSM	12321
	UCLA_2	0
	0.435898	0
	0.000000
PRED	H-SSM	12321
	UCLA_2	0
	0.435898	0
	0.000000
PRED	H-SSM	12321
	UCLA_2	0
	0.435898	0
	0.000000
PRED	H-SSM	12321
	UCLA_2	0
	0.435898	0
	0.000000
PRED	H-SSM	12321
	UCLA_2	0
	0.435898	0
	0.000000
PRED	H-SSM	12321
	UCLA_2	0
	0.435898	0
	0.000000
PRED	H-SSM	12321
	UCLA_2	0
	0.435898	0
	0.000000
PRED	H-SSM	12321
	UCLA_2	0
	0.435898	0
	0.000000
PRED	H-SSM	12321
	UCLA_2	0
	0.435898	0
	0.000000
PRED	H-SSM	12321
	UM_2	1
	0.633425	1
	0.000000
PRED	H-SSM	12321
	UM_2	1
	0.633425	1
	0.000000
PRED	H-SSM	12321
	UM_2	1
	0.633425	1
	0.000000
PRED	H-SSM	12321
	UM_2	1
	0.633425	1
	0.000000
PRED	H-SSM	12321
	UM_2	1
	0.633425	1
	0.000000
PRED	H-SSM	12321
	UM_2	1
	0.633425	1
	0.000000
PRED	H-SSM	12321
	UM_2	1
	0.633425	1
	0.000000
PRED	H-SSM	12321
	UM_2	1
	0.633425	1
	0.000000
PRED	H-SSM	12321
	UM_2	1
	0.633425	1
	0.000000
PRED	H-SSM	12321
	UM_2	1
	0.633425	1
	0.000000
PRED	H-SSM	12321
	UM_2	1
	0.633425	1
	0.000000
PRED	H-SSM	12321
	UM_2	1
	0.633425	1
	0.000000
PRED	H-SSM	12321
	UM_2	0
	0.633425	1
	0.000000
PRED	H-SSM	12321
	UM_2	0
	0.633425	1
	0.000000
PRED	H-SSM	12321
	UM_2	0
	0.633425	1
	0.000000
PRED	H-SSM	12321
	UM_2	0
	0.633425	1
	0.000000
PRED	H-SSM	12321
	UM_2	0
	0.633425	1
	0.000000
PRED	H-SSM	12321
	UM_2	0
	0.633425	1
	0.000000
PRED	H-SSM	12321
	UM_2	0
	0.633425	1
	0.000000
PRED	H-SSM	12321
	UM_2	0
	0.633425	1
	0.000000
PRED	H-SSM	12321
	UM_2	0
	0.633425	1
	0.000000
PRED	H-SSM	12321
	UM_2	0
	0.633425	1
	0.000000
PRED	H-SSM	12321
	UM_2	0
	0.633425	1
	0.000000
PRED	H-SSM	12321
	UM_2	0
	0.633425	1
	0.000000
PRED	H-SSM	12321
	OHSU	1
	0.453573	0
	0.000000
PRED	H-SSM	12321
	OHSU	1
	0.453573	0
	0.000000
PRED	H-SSM	12321
	OHSU	1
	0.453573	0
	0.000000
PRED	H-SSM	12321
	OHSU	1
	0.453573	0
	0.000000
PRED	H-SSM	12321
	OHSU	1
	0.453573	0
	0.000000
PRED	H-SSM	12321
	OHSU	1
	0.453573	0
	0.000000
PRED	H-SSM	12321
	OHSU	1
	0.453573	0
	0.000000
PRED	H-SSM	12321
	OHSU	1
	0.453573	0
	0.000000
PRED	H-SSM	12321
	OHSU	1
	0.453573	0
	0.000000
PRED	H-SSM	12321
	OHSU	1
	0.453573	0
	0.000000
PRED	H-SSM	12321
	OHSU	1
	0.453573	0
	0.000000
PRED	H-SSM	12321
	OHSU	1
	0.453573	0
	0.000000
PRED	H-SSM	12321
	OHSU	0
	0.453573	0
	0.000000
PRED	H-SSM	12321
	OHSU	0
	0.453573	0
	0.000000
PRED	H-SSM	12321
	OHSU	0
	0.453573	0
	0.000000
PRED	H-SSM	12321
	OHSU	0
	0.453573	0
	0.000000
PRED	H-SSM	12321
	OHSU	0
	0.453573	0
	0.000000
PRED	H-SSM	12321
	OHSU	0
	0.453573	0
	0.000000
PRED	H-SSM	12321
	OHSU	0
	0.453573	0
	0.000000
PRED	H-SSM	12321
	OHSU	0
	0.453573	0
	0.000000
PRED	H-SSM	12321
	OHSU	0
	0.453573	0
	0.000000
PRED	H-SSM	12321
	OHSU	0
	0.453573	0
	0.000000
PRED	H-SSM	12321
	OHSU	0
	0.453573	0
	0.000000
PRED	H-SSM	12321
	OHSU	0
	0.453573	0
	0.000000
  H-SSM    12321
   acc=50.000000% bal=50.000000% sites=20
/20
 test_n=500
 assoc=0.000000
PRED	H-SSM	24680
	NYU	1
	0.439802	0
	0.000000
PRED	H-SSM	24680
	NYU	1
	0.439802	0
	0.000000
PRED	H-SSM	24680
	NYU	1
	0.439802	0
	0.000000
PRED	H-SSM	24680
	NYU	1
	0.439802	0
	0.000000
PRED	H-SSM	24680
	NYU	1
	0.439802	0
	0.000000
PRED	H-SSM	24680
	NYU	1
	0.439802	0
	0.000000
PRED	H-SSM	24680
	NYU	1
	0.439802	0
	0.000000
PRED	H-SSM	24680
	NYU	1
	0.439802	0
	0.000000
PRED	H-SSM	24680
	NYU	1
	0.439802	0
	0.000000
PRED	H-SSM	24680
	NYU	1
	0.439802	0
	0.000000
PRED	H-SSM	24680
	NYU	1
	0.439802	0
	0.000000
PRED	H-SSM	24680
	NYU	1
	0.439802	0
	0.000000
PRED	H-SSM	24680
	NYU	1
	0.439802	0
	0.000000
PRED	H-SSM	24680
	NYU	0
	0.439802	0
	0.000000
PRED	H-SSM	24680
	NYU	0
	0.439802	0
	0.000000
PRED	H-SSM	24680
	NYU	0
	0.439802	0
	0.000000
PRED	H-SSM	24680
	NYU	0
	0.439802	0
	0.000000
PRED	H-SSM	24680
	NYU	0
	0.439802	0
	0.000000
PRED	H-SSM	24680
	NYU	0
	0.439802	0
	0.000000
PRED	H-SSM	24680
	NYU	0
	0.439802	0
	0.000000
PRED	H-SSM	24680
	NYU	0
	0.439802	0
	0.000000
PRED	H-SSM	24680
	NYU	0
	0.439802	0
	0.000000
PRED	H-SSM	24680
	NYU	0
	0.439802	0
	0.000000
PRED	H-SSM	24680
	NYU	0
	0.439802	0
	0.000000
PRED	H-SSM	24680
	NYU	0
	0.439802	0
	0.000000
PRED	H-SSM	24680
	NYU	0
	0.439802	0
	0.000000
PRED	H-SSM	24680
	UM_1	1
	0.617117	1
	0.000000
PRED	H-SSM	24680
	UM_1	1
	0.617117	1
	0.000000
PRED	H-SSM	24680
	UM_1	1
	0.617117	1
	0.000000
PRED	H-SSM	24680
	UM_1	1
	0.617117	1
	0.000000
PRED	H-SSM	24680
	UM_1	1
	0.617117	1
	0.000000
PRED	H-SSM	24680
	UM_1	1
	0.617117	1
	0.000000
PRED	H-SSM	24680
	UM_1	1
	0.617117	1
	0.000000
PRED	H-SSM	24680
	UM_1	1
	0.617117	1
	0.000000
PRED	H-SSM	24680
	UM_1	1
	0.617117	1
	0.000000
PRED	H-SSM	24680
	UM_1	1
	0.617117	1
	0.000000
PRED	H-SSM	24680
	UM_1	1
	0.617117	1
	0.000000
PRED	H-SSM	24680
	UM_1	1
	0.617117	1
	0.000000
PRED	H-SSM	24680
	UM_1	1
	0.617117	1
	0.000000
PRED	H-SSM	24680
	UM_1	0
	0.617117	1
	0.000000
PRED	H-SSM	24680
	UM_1	0
	0.617117	1
	0.000000
PRED	H-SSM	24680
	UM_1	0
	0.617117	1
	0.000000
PRED	H-SSM	24680
	UM_1	0
	0.617117	1
	0.000000
PRED	H-SSM	24680
	UM_1	0
	0.617117	1
	0.000000
PRED	H-SSM	24680
	UM_1	0
	0.617117	1
	0.000000
PRED	H-SSM	24680
	UM_1	0
	0.617117	1
	0.000000
PRED	H-SSM	24680
	UM_1	0
	0.617117	1
	0.000000
PRED	H-SSM	24680
	UM_1	0
	0.617117	1
	0.000000
PRED	H-SSM	24680
	UM_1	0
	0.617117	1
	0.000000
PRED	H-SSM	24680
	UM_1	0
	0.617117	1
	0.000000
PRED	H-SSM	24680
	UM_1	0
	0.617117	1
	0.000000
PRED	H-SSM	24680
	UM_1	0
	0.617117	1
	0.000000
PRED	H-SSM	24680
	UCLA_1	1
	0.361425	0
	0.000000
PRED	H-SSM	24680
	UCLA_1	1
	0.361425	0
	0.000000
PRED	H-SSM	24680
	UCLA_1	1
	0.361425	0
	0.000000
PRED	H-SSM	24680
	UCLA_1	1
	0.361425	0
	0.000000
PRED	H-SSM	24680
	UCLA_1	1
	0.361425	0
	0.000000
PRED	H-SSM	24680
	UCLA_1	1
	0.361425	0
	0.000000
PRED	H-SSM	24680
	UCLA_1	1
	0.361425	0
	0.000000
PRED	H-SSM	24680
	UCLA_1	1
	0.361425	0
	0.000000
PRED	H-SSM	24680
	UCLA_1	1
	0.361425	0
	0.000000
PRED	H-SSM	24680
	UCLA_1	1
	0.361425	0
	0.000000
PRED	H-SSM	24680
	UCLA_1	1
	0.361425	0
	0.000000
PRED	H-SSM	24680
	UCLA_1	1
	0.361425	0
	0.000000
PRED	H-SSM	24680
	UCLA_1	1
	0.361425	0
	0.000000
PRED	H-SSM	24680
	UCLA_1	0
	0.361425	0
	0.000000
PRED	H-SSM	24680
	UCLA_1	0
	0.361425	0
	0.000000
PRED	H-SSM	24680
	UCLA_1	0
	0.361425	0
	0.000000
PRED	H-SSM	24680
	UCLA_1	0
	0.361425	0
	0.000000
PRED	H-SSM	24680
	UCLA_1	0
	0.361425	0
	0.000000
PRED	H-SSM	24680
	UCLA_1	0
	0.361425	0
	0.000000
PRED	H-SSM	24680
	UCLA_1	0
	0.361425	0
	0.000000
PRED	H-SSM	24680
	UCLA_1	0
	0.361425	0
	0.000000
PRED	H-SSM	24680
	UCLA_1	0
	0.361425	0
	0.000000
PRED	H-SSM	24680
	UCLA_1	0
	0.361425	0
	0.000000
PRED	H-SSM	24680
	UCLA_1	0
	0.361425	0
	0.000000
PRED	H-SSM	24680
	UCLA_1	0
	0.361425	0
	0.000000
PRED	H-SSM	24680
	UCLA_1	0
	0.361425	0
	0.000000
PRED	H-SSM	24680
	YALE	1
	0.473692	0
	0.000000
PRED	H-SSM	24680
	YALE	1
	0.473692	0
	0.000000
PRED	H-SSM	24680
	YALE	1
	0.473692	0
	0.000000
PRED	H-SSM	24680
	YALE	1
	0.473692	0
	0.000000
PRED	H-SSM	24680
	YALE	1
	0.473692	0
	0.000000
PRED	H-SSM	24680
	YALE	1
	0.473692	0
	0.000000
PRED	H-SSM	24680
	YALE	1
	0.473692	0
	0.000000
PRED	H-SSM	24680
	YALE	1
	0.473692	0
	0.000000
PRED	H-SSM	24680
	YALE	1
	0.473692	0
	0.000000
PRED	H-SSM	24680
	YALE	1
	0.473692	0
	0.000000
PRED	H-SSM	24680
	YALE	1
	0.473692	0
	0.000000
PRED	H-SSM	24680
	YALE	1
	0.473692	0
	0.000000
PRED	H-SSM	24680
	YALE	1
	0.473692	0
	0.000000
PRED	H-SSM	24680
	YALE	0
	0.473692	0
	0.000000
PRED	H-SSM	24680
	YALE	0
	0.473692	0
	0.000000
PRED	H-SSM	24680
	YALE	0
	0.473692	0
	0.000000
PRED	H-SSM	24680
	YALE	0
	0.473692	0
	0.000000
PRED	H-SSM	24680
	YALE	0
	0.473692	0
	0.000000
PRED	H-SSM	24680
	YALE	0
	0.473692	0
	0.000000
PRED	H-SSM	24680
	YALE	0
	0.473692	0
	0.000000
PRED	H-SSM	24680
	YALE	0
	0.473692	0
	0.000000
PRED	H-SSM	24680
	YALE	0
	0.473692	0
	0.000000
PRED	H-SSM	24680
	YALE	0
	0.473692	0
	0.000000
PRED	H-SSM	24680
	YALE	0
	0.473692	0
	0.000000
PRED	H-SSM	24680
	YALE	0
	0.473692	0
	0.000000
PRED	H-SSM	24680
	YALE	0
	0.473692	0
	0.000000
PRED	H-SSM	24680
	PITT	1
	0.585364	1
	0.000000
PRED	H-SSM	24680
	PITT	1
	0.585364	1
	0.000000
PRED	H-SSM	24680
	PITT	1
	0.585364	1
	0.000000
PRED	H-SSM	24680
	PITT	1
	0.585364	1
	0.000000
PRED	H-SSM	24680
	PITT	1
	0.585364	1
	0.000000
PRED	H-SSM	24680
	PITT	1
	0.585364	1
	0.000000
PRED	H-SSM	24680
	PITT	1
	0.585364	1
	0.000000
PRED	H-SSM	24680
	PITT	1
	0.585364	1
	0.000000
PRED	H-SSM	24680
	PITT	1
	0.585364	1
	0.000000
PRED	H-SSM	24680
	PITT	1
	0.585364	1
	0.000000
PRED	H-SSM	24680
	PITT	1
	0.585364	1
	0.000000
PRED	H-SSM	24680
	PITT	1
	0.585364	1
	0.000000
PRED	H-SSM	24680
	PITT	1
	0.585364	1
	0.000000
PRED	H-SSM	24680
	PITT	0
	0.585364	1
	0.000000
PRED	H-SSM	24680
	PITT	0
	0.585364	1
	0.000000
PRED	H-SSM	24680
	PITT	0
	0.585364	1
	0.000000
PRED	H-SSM	24680
	PITT	0
	0.585364	1
	0.000000
PRED	H-SSM	24680
	PITT	0
	0.585364	1
	0.000000
PRED	H-SSM	24680
	PITT	0
	0.585364	1
	0.000000
PRED	H-SSM	24680
	PITT	0
	0.585364	1
	0.000000
PRED	H-SSM	24680
	PITT	0
	0.585364	1
	0.000000
PRED	H-SSM	24680
	PITT	0
	0.585364	1
	0.000000
PRED	H-SSM	24680
	PITT	0
	0.585364	1
	0.000000
PRED	H-SSM	24680
	PITT	0
	0.585364	1
	0.000000
PRED	H-SSM	24680
	PITT	0
	0.585364	1
	0.000000
PRED	H-SSM	24680
	PITT	0
	0.585364	1
	0.000000
PRED	H-SSM	24680
	USM	1
	0.510982	1
	0.000000
PRED	H-SSM	24680
	USM	1
	0.510982	1
	0.000000
PRED	H-SSM	24680
	USM	1
	0.510982	1
	0.000000
PRED	H-SSM	24680
	USM	1
	0.510982	1
	0.000000
PRED	H-SSM	24680
	USM	1
	0.510982	1
	0.000000
PRED	H-SSM	24680
	USM	1
	0.510982	1
	0.000000
PRED	H-SSM	24680
	USM	1
	0.510982	1
	0.000000
PRED	H-SSM	24680
	USM	1
	0.510982	1
	0.000000
PRED	H-SSM	24680
	USM	1
	0.510982	1
	0.000000
PRED	H-SSM	24680
	USM	1
	0.510982	1
	0.000000
PRED	H-SSM	24680
	USM	1
	0.510982	1
	0.000000
PRED	H-SSM	24680
	USM	1
	0.510982	1
	0.000000
PRED	H-SSM	24680
	USM	1
	0.510982	1
	0.000000
PRED	H-SSM	24680
	USM	0
	0.510982	1
	0.000000
PRED	H-SSM	24680
	USM	0
	0.510982	1
	0.000000
PRED	H-SSM	24680
	USM	0
	0.510982	1
	0.000000
PRED	H-SSM	24680
	USM	0
	0.510982	1
	0.000000
PRED	H-SSM	24680
	USM	0
	0.510982	1
	0.000000
PRED	H-SSM	24680
	USM	0
	0.510982	1
	0.000000
PRED	H-SSM	24680
	USM	0
	0.510982	1
	0.000000
PRED	H-SSM	24680
	USM	0
	0.510982	1
	0.000000
PRED	H-SSM	24680
	USM	0
	0.510982	1
	0.000000
PRED	H-SSM	24680
	USM	0
	0.510982	1
	0.000000
PRED	H-SSM	24680
	USM	0
	0.510982	1
	0.000000
PRED	H-SSM	24680
	USM	0
	0.510982	1
	0.000000
PRED	H-SSM	24680
	USM	0
	0.510982	1
	0.000000
PRED	H-SSM	24680
	MAX_MUN	1
	0.485029	0
	0.000000
PRED	H-SSM	24680
	MAX_MUN	1
	0.485029	0
	0.000000
PRED	H-SSM	24680
	MAX_MUN	1
	0.485029	0
	0.000000
PRED	H-SSM	24680
	MAX_MUN	1
	0.485029	0
	0.000000
PRED	H-SSM	24680
	MAX_MUN	1
	0.485029	0
	0.000000
PRED	H-SSM	24680
	MAX_MUN	1
	0.485029	0
	0.000000
PRED	H-SSM	24680
	MAX_MUN	1
	0.485029	0
	0.000000
PRED	H-SSM	24680
	MAX_MUN	1
	0.485029	0
	0.000000
PRED	H-SSM	24680
	MAX_MUN	1
	0.485029	0
	0.000000
PRED	H-SSM	24680
	MAX_MUN	1
	0.485029	0
	0.000000
PRED	H-SSM	24680
	MAX_MUN	1
	0.485029	0
	0.000000
PRED	H-SSM	24680
	MAX_MUN	1
	0.485029	0
	0.000000
PRED	H-SSM	24680
	MAX_MUN	1
	0.485029	0
	0.000000
PRED	H-SSM	24680
	MAX_MUN	0
	0.485029	0
	0.000000
PRED	H-SSM	24680
	MAX_MUN	0
	0.485029	0
	0.000000
PRED	H-SSM	24680
	MAX_MUN	0
	0.485029	0
	0.000000
PRED	H-SSM	24680
	MAX_MUN	0
	0.485029	0
	0.000000
PRED	H-SSM	24680
	MAX_MUN	0
	0.485029	0
	0.000000
PRED	H-SSM	24680
	MAX_MUN	0
	0.485029	0
	0.000000
PRED	H-SSM	24680
	MAX_MUN	0
	0.485029	0
	0.000000
PRED	H-SSM	24680
	MAX_MUN	0
	0.485029	0
	0.000000
PRED	H-SSM	24680
	MAX_MUN	0
	0.485029	0
	0.000000
PRED	H-SSM	24680
	MAX_MUN	0
	0.485029	0
	0.000000
PRED	H-SSM	24680
	MAX_MUN	0
	0.485029	0
	0.000000
PRED	H-SSM	24680
	MAX_MUN	0
	0.485029	0
	0.000000
PRED	H-SSM	24680
	MAX_MUN	0
	0.485029	0
	0.000000
PRED	H-SSM	24680
	TRINITY	1
	0.564928	1
	0.000000
PRED	H-SSM	24680
	TRINITY	1
	0.564928	1
	0.000000
PRED	H-SSM	24680
	TRINITY	1
	0.564928	1
	0.000000
PRED	H-SSM	24680
	TRINITY	1
	0.564928	1
	0.000000
PRED	H-SSM	24680
	TRINITY	1
	0.564928	1
	0.000000
PRED	H-SSM	24680
	TRINITY	1
	0.564928	1
	0.000000
PRED	H-SSM	24680
	TRINITY	1
	0.564928	1
	0.000000
PRED	H-SSM	24680
	TRINITY	1
	0.564928	1
	0.000000
PRED	H-SSM	24680
	TRINITY	1
	0.564928	1
	0.000000
PRED	H-SSM	24680
	TRINITY	1
	0.564928	1
	0.000000
PRED	H-SSM	24680
	TRINITY	1
	0.564928	1
	0.000000
PRED	H-SSM	24680
	TRINITY	1
	0.564928	1
	0.000000
PRED	H-SSM	24680
	TRINITY	1
	0.564928	1
	0.000000
PRED	H-SSM	24680
	TRINITY	0
	0.564928	1
	0.000000
PRED	H-SSM	24680
	TRINITY	0
	0.564928	1
	0.000000
PRED	H-SSM	24680
	TRINITY	0
	0.564928	1
	0.000000
PRED	H-SSM	24680
	TRINITY	0
	0.564928	1
	0.000000
PRED	H-SSM	24680
	TRINITY	0
	0.564928	1
	0.000000
PRED	H-SSM	24680
	TRINITY	0
	0.564928	1
	0.000000
PRED	H-SSM	24680
	TRINITY	0
	0.564928	1
	0.000000
PRED	H-SSM	24680
	TRINITY	0
	0.564928	1
	0.000000
PRED	H-SSM	24680
	TRINITY	0
	0.564928	1
	0.000000
PRED	H-SSM	24680
	TRINITY	0
	0.564928	1
	0.000000
PRED	H-SSM	24680
	TRINITY	0
	0.564928	1
	0.000000
PRED	H-SSM	24680
	TRINITY	0
	0.564928	1
	0.000000
PRED	H-SSM	24680
	TRINITY	0
	0.564928	1
	0.000000
PRED	H-SSM	24680
	KKI	1
	0.401278	0
	0.000000
PRED	H-SSM	24680
	KKI	1
	0.401278	0
	0.000000
PRED	H-SSM	24680
	KKI	1
	0.401278	0
	0.000000
PRED	H-SSM	24680
	KKI	1
	0.401278	0
	0.000000
PRED	H-SSM	24680
	KKI	1
	0.401278	0
	0.000000
PRED	H-SSM	24680
	KKI	1
	0.401278	0
	0.000000
PRED	H-SSM	24680
	KKI	1
	0.401278	0
	0.000000
PRED	H-SSM	24680
	KKI	1
	0.401278	0
	0.000000
PRED	H-SSM	24680
	KKI	1
	0.401278	0
	0.000000
PRED	H-SSM	24680
	KKI	1
	0.401278	0
	0.000000
PRED	H-SSM	24680
	KKI	1
	0.401278	0
	0.000000
PRED	H-SSM	24680
	KKI	1
	0.401278	0
	0.000000
PRED	H-SSM	24680
	KKI	1
	0.401278	0
	0.000000
PRED	H-SSM	24680
	KKI	0
	0.401278	0
	0.000000
PRED	H-SSM	24680
	KKI	0
	0.401278	0
	0.000000
PRED	H-SSM	24680
	KKI	0
	0.401278	0
	0.000000
PRED	H-SSM	24680
	KKI	0
	0.401278	0
	0.000000
PRED	H-SSM	24680
	KKI	0
	0.401278	0
	0.000000
PRED	H-SSM	24680
	KKI	0
	0.401278	0
	0.000000
PRED	H-SSM	24680
	KKI	0
	0.401278	0
	0.000000
PRED	H-SSM	24680
	KKI	0
	0.401278	0
	0.000000
PRED	H-SSM	24680
	KKI	0
	0.401278	0
	0.000000
PRED	H-SSM	24680
	KKI	0
	0.401278	0
	0.000000
PRED	H-SSM	24680
	KKI	0
	0.401278	0
	0.000000
PRED	H-SSM	24680
	KKI	0
	0.401278	0
	0.000000
PRED	H-SSM	24680
	KKI	0
	0.401278	0
	0.000000
PRED	H-SSM	24680
	STANFORD	1
	0.571068	1
	0.000000
PRED	H-SSM	24680
	STANFORD	1
	0.571068	1
	0.000000
PRED	H-SSM	24680
	STANFORD	1
	0.571068	1
	0.000000
PRED	H-SSM	24680
	STANFORD	1
	0.571068	1
	0.000000
PRED	H-SSM	24680
	STANFORD	1
	0.571068	1
	0.000000
PRED	H-SSM	24680
	STANFORD	1
	0.571068	1
	0.000000
PRED	H-SSM	24680
	STANFORD	1
	0.571068	1
	0.000000
PRED	H-SSM	24680
	STANFORD	1
	0.571068	1
	0.000000
PRED	H-SSM	24680
	STANFORD	1
	0.571068	1
	0.000000
PRED	H-SSM	24680
	STANFORD	1
	0.571068	1
	0.000000
PRED	H-SSM	24680
	STANFORD	1
	0.571068	1
	0.000000
PRED	H-SSM	24680
	STANFORD	1
	0.571068	1
	0.000000
PRED	H-SSM	24680
	STANFORD	1
	0.571068	1
	0.000000
PRED	H-SSM	24680
	STANFORD	0
	0.571068	1
	0.000000
PRED	H-SSM	24680
	STANFORD	0
	0.571068	1
	0.000000
PRED	H-SSM	24680
	STANFORD	0
	0.571068	1
	0.000000
PRED	H-SSM	24680
	STANFORD	0
	0.571068	1
	0.000000
PRED	H-SSM	24680
	STANFORD	0
	0.571068	1
	0.000000
PRED	H-SSM	24680
	STANFORD	0
	0.571068	1
	0.000000
PRED	H-SSM	24680
	STANFORD	0
	0.571068	1
	0.000000
PRED	H-SSM	24680
	STANFORD	0
	0.571068	1
	0.000000
PRED	H-SSM	24680
	STANFORD	0
	0.571068	1
	0.000000
PRED	H-SSM	24680
	STANFORD	0
	0.571068	1
	0.000000
PRED	H-SSM	24680
	STANFORD	0
	0.571068	1
	0.000000
PRED	H-SSM	24680
	STANFORD	0
	0.571068	1
	0.000000
PRED	H-SSM	24680
	STANFORD	0
	0.571068	1
	0.000000
PRED	H-SSM	24680
	CALTECH	1
	0.669422	1
	0.000000
PRED	H-SSM	24680
	CALTECH	1
	0.669422	1
	0.000000
PRED	H-SSM	24680
	CALTECH	1
	0.669422	1
	0.000000
PRED	H-SSM	24680
	CALTECH	1
	0.669422	1
	0.000000
PRED	H-SSM	24680
	CALTECH	1
	0.669422	1
	0.000000
PRED	H-SSM	24680
	CALTECH	1
	0.669422	1
	0.000000
PRED	H-SSM	24680
	CALTECH	1
	0.669422	1
	0.000000
PRED	H-SSM	24680
	CALTECH	1
	0.669422	1
	0.000000
PRED	H-SSM	24680
	CALTECH	1
	0.669422	1
	0.000000
PRED	H-SSM	24680
	CALTECH	1
	0.669422	1
	0.000000
PRED	H-SSM	24680
	CALTECH	1
	0.669422	1
	0.000000
PRED	H-SSM	24680
	CALTECH	1
	0.669422	1
	0.000000
PRED	H-SSM	24680
	CALTECH	0
	0.669422	1
	0.000000
PRED	H-SSM	24680
	CALTECH	0
	0.669422	1
	0.000000
PRED	H-SSM	24680
	CALTECH	0
	0.669422	1
	0.000000
PRED	H-SSM	24680
	CALTECH	0
	0.669422	1
	0.000000
PRED	H-SSM	24680
	CALTECH	0
	0.669422	1
	0.000000
PRED	H-SSM	24680
	CALTECH	0
	0.669422	1
	0.000000
PRED	H-SSM	24680
	CALTECH	0
	0.669422	1
	0.000000
PRED	H-SSM	24680
	CALTECH	0
	0.669422	1
	0.000000
PRED	H-SSM	24680
	CALTECH	0
	0.669422	1
	0.000000
PRED	H-SSM	24680
	CALTECH	0
	0.669422	1
	0.000000
PRED	H-SSM	24680
	CALTECH	0
	0.669422	1
	0.000000
PRED	H-SSM	24680
	CALTECH	0
	0.669422	1
	0.000000
PRED	H-SSM	24680
	LEUVEN_2	1
	0.487544	0
	0.000000
PRED	H-SSM	24680
	LEUVEN_2	1
	0.487544	0
	0.000000
PRED	H-SSM	24680
	LEUVEN_2	1
	0.487544	0
	0.000000
PRED	H-SSM	24680
	LEUVEN_2	1
	0.487544	0
	0.000000
PRED	H-SSM	24680
	LEUVEN_2	1
	0.487544	0
	0.000000
PRED	H-SSM	24680
	LEUVEN_2	1
	0.487544	0
	0.000000
PRED	H-SSM	24680
	LEUVEN_2	1
	0.487544	0
	0.000000
PRED	H-SSM	24680
	LEUVEN_2	1
	0.487544	0
	0.000000
PRED	H-SSM	24680
	LEUVEN_2	1
	0.487544	0
	0.000000
PRED	H-SSM	24680
	LEUVEN_2	1
	0.487544	0
	0.000000
PRED	H-SSM	24680
	LEUVEN_2	1
	0.487544	0
	0.000000
PRED	H-SSM	24680
	LEUVEN_2	1
	0.487544	0
	0.000000
PRED	H-SSM	24680
	LEUVEN_2	0
	0.487544	0
	0.000000
PRED	H-SSM	24680
	LEUVEN_2	0
	0.487544	0
	0.000000
PRED	H-SSM	24680
	LEUVEN_2	0
	0.487544	0
	0.000000
PRED	H-SSM	24680
	LEUVEN_2	0
	0.487544	0
	0.000000
PRED	H-SSM	24680
	LEUVEN_2	0
	0.487544	0
	0.000000
PRED	H-SSM	24680
	LEUVEN_2	0
	0.487544	0
	0.000000
PRED	H-SSM	24680
	LEUVEN_2	0
	0.487544	0
	0.000000
PRED	H-SSM	24680
	LEUVEN_2	0
	0.487544	0
	0.000000
PRED	H-SSM	24680
	LEUVEN_2	0
	0.487544	0
	0.000000
PRED	H-SSM	24680
	LEUVEN_2	0
	0.487544	0
	0.000000
PRED	H-SSM	24680
	LEUVEN_2	0
	0.487544	0
	0.000000
PRED	H-SSM	24680
	LEUVEN_2	0
	0.487544	0
	0.000000
PRED	H-SSM	24680
	OLIN	1
	0.458112	0
	0.000000
PRED	H-SSM	24680
	OLIN	1
	0.458112	0
	0.000000
PRED	H-SSM	24680
	OLIN	1
	0.458112	0
	0.000000
PRED	H-SSM	24680
	OLIN	1
	0.458112	0
	0.000000
PRED	H-SSM	24680
	OLIN	1
	0.458112	0
	0.000000
PRED	H-SSM	24680
	OLIN	1
	0.458112	0
	0.000000
PRED	H-SSM	24680
	OLIN	1
	0.458112	0
	0.000000
PRED	H-SSM	24680
	OLIN	1
	0.458112	0
	0.000000
PRED	H-SSM	24680
	OLIN	1
	0.458112	0
	0.000000
PRED	H-SSM	24680
	OLIN	1
	0.458112	0
	0.000000
PRED	H-SSM	24680
	OLIN	1
	0.458112	0
	0.000000
PRED	H-SSM	24680
	OLIN	1
	0.458112	0
	0.000000
PRED	H-SSM	24680
	OLIN	0
	0.458112	0
	0.000000
PRED	H-SSM	24680
	OLIN	0
	0.458112	0
	0.000000
PRED	H-SSM	24680
	OLIN	0
	0.458112	0
	0.000000
PRED	H-SSM	24680
	OLIN	0
	0.458112	0
	0.000000
PRED	H-SSM	24680
	OLIN	0
	0.458112	0
	0.000000
PRED	H-SSM	24680
	OLIN	0
	0.458112	0
	0.000000
PRED	H-SSM	24680
	OLIN	0
	0.458112	0
	0.000000
PRED	H-SSM	24680
	OLIN	0
	0.458112	0
	0.000000
PRED	H-SSM	24680
	OLIN	0
	0.458112	0
	0.000000
PRED	H-SSM	24680
	OLIN	0
	0.458112	0
	0.000000
PRED	H-SSM	24680
	OLIN	0
	0.458112	0
	0.000000
PRED	H-SSM	24680
	OLIN	0
	0.458112	0
	0.000000
PRED	H-SSM	24680
	SBL	1
	0.623008	1
	0.000000
PRED	H-SSM	24680
	SBL	1
	0.623008	1
	0.000000
PRED	H-SSM	24680
	SBL	1
	0.623008	1
	0.000000
PRED	H-SSM	24680
	SBL	1
	0.623008	1
	0.000000
PRED	H-SSM	24680
	SBL	1
	0.623008	1
	0.000000
PRED	H-SSM	24680
	SBL	1
	0.623008	1
	0.000000
PRED	H-SSM	24680
	SBL	1
	0.623008	1
	0.000000
PRED	H-SSM	24680
	SBL	1
	0.623008	1
	0.000000
PRED	H-SSM	24680
	SBL	1
	0.623008	1
	0.000000
PRED	H-SSM	24680
	SBL	1
	0.623008	1
	0.000000
PRED	H-SSM	24680
	SBL	1
	0.623008	1
	0.000000
PRED	H-SSM	24680
	SBL	1
	0.623008	1
	0.000000
PRED	H-SSM	24680
	SBL	0
	0.623008	1
	0.000000
PRED	H-SSM	24680
	SBL	0
	0.623008	1
	0.000000
PRED	H-SSM	24680
	SBL	0
	0.623008	1
	0.000000
PRED	H-SSM	24680
	SBL	0
	0.623008	1
	0.000000
PRED	H-SSM	24680
	SBL	0
	0.623008	1
	0.000000
PRED	H-SSM	24680
	SBL	0
	0.623008	1
	0.000000
PRED	H-SSM	24680
	SBL	0
	0.623008	1
	0.000000
PRED	H-SSM	24680
	SBL	0
	0.623008	1
	0.000000
PRED	H-SSM	24680
	SBL	0
	0.623008	1
	0.000000
PRED	H-SSM	24680
	SBL	0
	0.623008	1
	0.000000
PRED	H-SSM	24680
	SBL	0
	0.623008	1
	0.000000
PRED	H-SSM	24680
	SBL	0
	0.623008	1
	0.000000
PRED	H-SSM	24680
	LEUVEN_1	1
	0.652940	1
	0.000000
PRED	H-SSM	24680
	LEUVEN_1	1
	0.652940	1
	0.000000
PRED	H-SSM	24680
	LEUVEN_1	1
	0.652940	1
	0.000000
PRED	H-SSM	24680
	LEUVEN_1	1
	0.652940	1
	0.000000
PRED	H-SSM	24680
	LEUVEN_1	1
	0.652940	1
	0.000000
PRED	H-SSM	24680
	LEUVEN_1	1
	0.652940	1
	0.000000
PRED	H-SSM	24680
	LEUVEN_1	1
	0.652940	1
	0.000000
PRED	H-SSM	24680
	LEUVEN_1	1
	0.652940	1
	0.000000
PRED	H-SSM	24680
	LEUVEN_1	1
	0.652940	1
	0.000000
PRED	H-SSM	24680
	LEUVEN_1	1
	0.652940	1
	0.000000
PRED	H-SSM	24680
	LEUVEN_1	1
	0.652940	1
	0.000000
PRED	H-SSM	24680
	LEUVEN_1	1
	0.652940	1
	0.000000
PRED	H-SSM	24680
	LEUVEN_1	0
	0.652940	1
	0.000000
PRED	H-SSM	24680
	LEUVEN_1	0
	0.652940	1
	0.000000
PRED	H-SSM	24680
	LEUVEN_1	0
	0.652940	1
	0.000000
PRED	H-SSM	24680
	LEUVEN_1	0
	0.652940	1
	0.000000
PRED	H-SSM	24680
	LEUVEN_1	0
	0.652940	1
	0.000000
PRED	H-SSM	24680
	LEUVEN_1	0
	0.652940	1
	0.000000
PRED	H-SSM	24680
	LEUVEN_1	0
	0.652940	1
	0.000000
PRED	H-SSM	24680
	LEUVEN_1	0
	0.652940	1
	0.000000
PRED	H-SSM	24680
	LEUVEN_1	0
	0.652940	1
	0.000000
PRED	H-SSM	24680
	LEUVEN_1	0
	0.652940	1
	0.000000
PRED	H-SSM	24680
	LEUVEN_1	0
	0.652940	1
	0.000000
PRED	H-SSM	24680
	LEUVEN_1	0
	0.652940	1
	0.000000
PRED	H-SSM	24680
	SDSU	1
	0.339482	0
	0.000000
PRED	H-SSM	24680
	SDSU	1
	0.339482	0
	0.000000
PRED	H-SSM	24680
	SDSU	1
	0.339482	0
	0.000000
PRED	H-SSM	24680
	SDSU	1
	0.339482	0
	0.000000
PRED	H-SSM	24680
	SDSU	1
	0.339482	0
	0.000000
PRED	H-SSM	24680
	SDSU	1
	0.339482	0
	0.000000
PRED	H-SSM	24680
	SDSU	1
	0.339482	0
	0.000000
PRED	H-SSM	24680
	SDSU	1
	0.339482	0
	0.000000
PRED	H-SSM	24680
	SDSU	1
	0.339482	0
	0.000000
PRED	H-SSM	24680
	SDSU	1
	0.339482	0
	0.000000
PRED	H-SSM	24680
	SDSU	1
	0.339482	0
	0.000000
PRED	H-SSM	24680
	SDSU	1
	0.339482	0
	0.000000
PRED	H-SSM	24680
	SDSU	0
	0.339482	0
	0.000000
PRED	H-SSM	24680
	SDSU	0
	0.339482	0
	0.000000
PRED	H-SSM	24680
	SDSU	0
	0.339482	0
	0.000000
PRED	H-SSM	24680
	SDSU	0
	0.339482	0
	0.000000
PRED	H-SSM	24680
	SDSU	0
	0.339482	0
	0.000000
PRED	H-SSM	24680
	SDSU	0
	0.339482	0
	0.000000
PRED	H-SSM	24680
	SDSU	0
	0.339482	0
	0.000000
PRED	H-SSM	24680
	SDSU	0
	0.339482	0
	0.000000
PRED	H-SSM	24680
	SDSU	0
	0.339482	0
	0.000000
PRED	H-SSM	24680
	SDSU	0
	0.339482	0
	0.000000
PRED	H-SSM	24680
	SDSU	0
	0.339482	0
	0.000000
PRED	H-SSM	24680
	SDSU	0
	0.339482	0
	0.000000
PRED	H-SSM	24680
	CMU	1
	0.571352	1
	0.000000
PRED	H-SSM	24680
	CMU	1
	0.571352	1
	0.000000
PRED	H-SSM	24680
	CMU	1
	0.571352	1
	0.000000
PRED	H-SSM	24680
	CMU	1
	0.571352	1
	0.000000
PRED	H-SSM	24680
	CMU	1
	0.571352	1
	0.000000
PRED	H-SSM	24680
	CMU	1
	0.571352	1
	0.000000
PRED	H-SSM	24680
	CMU	1
	0.571352	1
	0.000000
PRED	H-SSM	24680
	CMU	1
	0.571352	1
	0.000000
PRED	H-SSM	24680
	CMU	1
	0.571352	1
	0.000000
PRED	H-SSM	24680
	CMU	1
	0.571352	1
	0.000000
PRED	H-SSM	24680
	CMU	1
	0.571352	1
	0.000000
PRED	H-SSM	24680
	CMU	1
	0.571352	1
	0.000000
PRED	H-SSM	24680
	CMU	0
	0.571352	1
	0.000000
PRED	H-SSM	24680
	CMU	0
	0.571352	1
	0.000000
PRED	H-SSM	24680
	CMU	0
	0.571352	1
	0.000000
PRED	H-SSM	24680
	CMU	0
	0.571352	1
	0.000000
PRED	H-SSM	24680
	CMU	0
	0.571352	1
	0.000000
PRED	H-SSM	24680
	CMU	0
	0.571352	1
	0.000000
PRED	H-SSM	24680
	CMU	0
	0.571352	1
	0.000000
PRED	H-SSM	24680
	CMU	0
	0.571352	1
	0.000000
PRED	H-SSM	24680
	CMU	0
	0.571352	1
	0.000000
PRED	H-SSM	24680
	CMU	0
	0.571352	1
	0.000000
PRED	H-SSM	24680
	CMU	0
	0.571352	1
	0.000000
PRED	H-SSM	24680
	CMU	0
	0.571352	1
	0.000000
PRED	H-SSM	24680
	UCLA_2	1
	0.627893	1
	0.000000
PRED	H-SSM	24680
	UCLA_2	1
	0.627893	1
	0.000000
PRED	H-SSM	24680
	UCLA_2	1
	0.627893	1
	0.000000
PRED	H-SSM	24680
	UCLA_2	1
	0.627893	1
	0.000000
PRED	H-SSM	24680
	UCLA_2	1
	0.627893	1
	0.000000
PRED	H-SSM	24680
	UCLA_2	1
	0.627893	1
	0.000000
PRED	H-SSM	24680
	UCLA_2	1
	0.627893	1
	0.000000
PRED	H-SSM	24680
	UCLA_2	1
	0.627893	1
	0.000000
PRED	H-SSM	24680
	UCLA_2	1
	0.627893	1
	0.000000
PRED	H-SSM	24680
	UCLA_2	1
	0.627893	1
	0.000000
PRED	H-SSM	24680
	UCLA_2	1
	0.627893	1
	0.000000
PRED	H-SSM	24680
	UCLA_2	1
	0.627893	1
	0.000000
PRED	H-SSM	24680
	UCLA_2	0
	0.627893	1
	0.000000
PRED	H-SSM	24680
	UCLA_2	0
	0.627893	1
	0.000000
PRED	H-SSM	24680
	UCLA_2	0
	0.627893	1
	0.000000
PRED	H-SSM	24680
	UCLA_2	0
	0.627893	1
	0.000000
PRED	H-SSM	24680
	UCLA_2	0
	0.627893	1
	0.000000
PRED	H-SSM	24680
	UCLA_2	0
	0.627893	1
	0.000000
PRED	H-SSM	24680
	UCLA_2	0
	0.627893	1
	0.000000
PRED	H-SSM	24680
	UCLA_2	0
	0.627893	1
	0.000000
PRED	H-SSM	24680
	UCLA_2	0
	0.627893	1
	0.000000
PRED	H-SSM	24680
	UCLA_2	0
	0.627893	1
	0.000000
PRED	H-SSM	24680
	UCLA_2	0
	0.627893	1
	0.000000
PRED	H-SSM	24680
	UCLA_2	0
	0.627893	1
	0.000000
PRED	H-SSM	24680
	UM_2	1
	0.440196	0
	0.000000
PRED	H-SSM	24680
	UM_2	1
	0.440196	0
	0.000000
PRED	H-SSM	24680
	UM_2	1
	0.440196	0
	0.000000
PRED	H-SSM	24680
	UM_2	1
	0.440196	0
	0.000000
PRED	H-SSM	24680
	UM_2	1
	0.440196	0
	0.000000
PRED	H-SSM	24680
	UM_2	1
	0.440196	0
	0.000000
PRED	H-SSM	24680
	UM_2	1
	0.440196	0
	0.000000
PRED	H-SSM	24680
	UM_2	1
	0.440196	0
	0.000000
PRED	H-SSM	24680
	UM_2	1
	0.440196	0
	0.000000
PRED	H-SSM	24680
	UM_2	1
	0.440196	0
	0.000000
PRED	H-SSM	24680
	UM_2	1
	0.440196	0
	0.000000
PRED	H-SSM	24680
	UM_2	1
	0.440196	0
	0.000000
PRED	H-SSM	24680
	UM_2	0
	0.440196	0
	0.000000
PRED	H-SSM	24680
	UM_2	0
	0.440196	0
	0.000000
PRED	H-SSM	24680
	UM_2	0
	0.440196	0
	0.000000
PRED	H-SSM	24680
	UM_2	0
	0.440196	0
	0.000000
PRED	H-SSM	24680
	UM_2	0
	0.440196	0
	0.000000
PRED	H-SSM	24680
	UM_2	0
	0.440196	0
	0.000000
PRED	H-SSM	24680
	UM_2	0
	0.440196	0
	0.000000
PRED	H-SSM	24680
	UM_2	0
	0.440196	0
	0.000000
PRED	H-SSM	24680
	UM_2	0
	0.440196	0
	0.000000
PRED	H-SSM	24680
	UM_2	0
	0.440196	0
	0.000000
PRED	H-SSM	24680
	UM_2	0
	0.440196	0
	0.000000
PRED	H-SSM	24680
	UM_2	0
	0.440196	0
	0.000000
PRED	H-SSM	24680
	OHSU	1
	0.215098	0
	0.000000
PRED	H-SSM	24680
	OHSU	1
	0.215098	0
	0.000000
PRED	H-SSM	24680
	OHSU	1
	0.215098	0
	0.000000
PRED	H-SSM	24680
	OHSU	1
	0.215098	0
	0.000000
PRED	H-SSM	24680
	OHSU	1
	0.215098	0
	0.000000
PRED	H-SSM	24680
	OHSU	1
	0.215098	0
	0.000000
PRED	H-SSM	24680
	OHSU	1
	0.215098	0
	0.000000
PRED	H-SSM	24680
	OHSU	1
	0.215098	0
	0.000000
PRED	H-SSM	24680
	OHSU	1
	0.215098	0
	0.000000
PRED	H-SSM	24680
	OHSU	1
	0.215098	0
	0.000000
PRED	H-SSM	24680
	OHSU	1
	0.215098	0
	0.000000
PRED	H-SSM	24680
	OHSU	1
	0.215098	0
	0.000000
PRED	H-SSM	24680
	OHSU	0
	0.215098	0
	0.000000
PRED	H-SSM	24680
	OHSU	0
	0.215098	0
	0.000000
PRED	H-SSM	24680
	OHSU	0
	0.215098	0
	0.000000
PRED	H-SSM	24680
	OHSU	0
	0.215098	0
	0.000000
PRED	H-SSM	24680
	OHSU	0
	0.215098	0
	0.000000
PRED	H-SSM	24680
	OHSU	0
	0.215098	0
	0.000000
PRED	H-SSM	24680
	OHSU	0
	0.215098	0
	0.000000
PRED	H-SSM	24680
	OHSU	0
	0.215098	0
	0.000000
PRED	H-SSM	24680
	OHSU	0
	0.215098	0
	0.000000
PRED	H-SSM	24680
	OHSU	0
	0.215098	0
	0.000000
PRED	H-SSM	24680
	OHSU	0
	0.215098	0
	0.000000
PRED	H-SSM	24680
	OHSU	0
	0.215098	0
	0.000000
  H-SSM    24680
   acc=50.000000% bal=50.000000% sites=20
/20
 test_n=500
 assoc=0.000000
PRED	H-SSM	13579
	NYU	1
	0.518582	1
	0.000000
PRED	H-SSM	13579
	NYU	1
	0.518582	1
	0.000000
PRED	H-SSM	13579
	NYU	1
	0.518582	1
	0.000000
PRED	H-SSM	13579
	NYU	1
	0.518582	1
	0.000000
PRED	H-SSM	13579
	NYU	1
	0.518582	1
	0.000000
PRED	H-SSM	13579
	NYU	1
	0.518582	1
	0.000000
PRED	H-SSM	13579
	NYU	1
	0.518582	1
	0.000000
PRED	H-SSM	13579
	NYU	1
	0.518582	1
	0.000000
PRED	H-SSM	13579
	NYU	1
	0.518582	1
	0.000000
PRED	H-SSM	13579
	NYU	1
	0.518582	1
	0.000000
PRED	H-SSM	13579
	NYU	1
	0.518582	1
	0.000000
PRED	H-SSM	13579
	NYU	1
	0.518582	1
	0.000000
PRED	H-SSM	13579
	NYU	1
	0.518582	1
	0.000000
PRED	H-SSM	13579
	NYU	0
	0.518582	1
	0.000000
PRED	H-SSM	13579
	NYU	0
	0.518582	1
	0.000000
PRED	H-SSM	13579
	NYU	0
	0.518582	1
	0.000000
PRED	H-SSM	13579
	NYU	0
	0.518582	1
	0.000000
PRED	H-SSM	13579
	NYU	0
	0.518582	1
	0.000000
PRED	H-SSM	13579
	NYU	0
	0.518582	1
	0.000000
PRED	H-SSM	13579
	NYU	0
	0.518582	1
	0.000000
PRED	H-SSM	13579
	NYU	0
	0.518582	1
	0.000000
PRED	H-SSM	13579
	NYU	0
	0.518582	1
	0.000000
PRED	H-SSM	13579
	NYU	0
	0.518582	1
	0.000000
PRED	H-SSM	13579
	NYU	0
	0.518582	1
	0.000000
PRED	H-SSM	13579
	NYU	0
	0.518582	1
	0.000000
PRED	H-SSM	13579
	NYU	0
	0.518582	1
	0.000000
PRED	H-SSM	13579
	UM_1	1
	0.506444	1
	0.000000
PRED	H-SSM	13579
	UM_1	1
	0.506444	1
	0.000000
PRED	H-SSM	13579
	UM_1	1
	0.506444	1
	0.000000
PRED	H-SSM	13579
	UM_1	1
	0.506444	1
	0.000000
PRED	H-SSM	13579
	UM_1	1
	0.506444	1
	0.000000
PRED	H-SSM	13579
	UM_1	1
	0.506444	1
	0.000000
PRED	H-SSM	13579
	UM_1	1
	0.506444	1
	0.000000
PRED	H-SSM	13579
	UM_1	1
	0.506444	1
	0.000000
PRED	H-SSM	13579
	UM_1	1
	0.506444	1
	0.000000
PRED	H-SSM	13579
	UM_1	1
	0.506444	1
	0.000000
PRED	H-SSM	13579
	UM_1	1
	0.506444	1
	0.000000
PRED	H-SSM	13579
	UM_1	1
	0.506444	1
	0.000000
PRED	H-SSM	13579
	UM_1	1
	0.506444	1
	0.000000
PRED	H-SSM	13579
	UM_1	0
	0.506444	1
	0.000000
PRED	H-SSM	13579
	UM_1	0
	0.506444	1
	0.000000
PRED	H-SSM	13579
	UM_1	0
	0.506444	1
	0.000000
PRED	H-SSM	13579
	UM_1	0
	0.506444	1
	0.000000
PRED	H-SSM	13579
	UM_1	0
	0.506444	1
	0.000000
PRED	H-SSM	13579
	UM_1	0
	0.506444	1
	0.000000
PRED	H-SSM	13579
	UM_1	0
	0.506444	1
	0.000000
PRED	H-SSM	13579
	UM_1	0
	0.506444	1
	0.000000
PRED	H-SSM	13579
	UM_1	0
	0.506444	1
	0.000000
PRED	H-SSM	13579
	UM_1	0
	0.506444	1
	0.000000
PRED	H-SSM	13579
	UM_1	0
	0.506444	1
	0.000000
PRED	H-SSM	13579
	UM_1	0
	0.506444	1
	0.000000
PRED	H-SSM	13579
	UM_1	0
	0.506444	1
	0.000000
PRED	H-SSM	13579
	UCLA_1	1
	0.465347	0
	0.000000
PRED	H-SSM	13579
	UCLA_1	1
	0.465347	0
	0.000000
PRED	H-SSM	13579
	UCLA_1	1
	0.465347	0
	0.000000
PRED	H-SSM	13579
	UCLA_1	1
	0.465347	0
	0.000000
PRED	H-SSM	13579
	UCLA_1	1
	0.465347	0
	0.000000
PRED	H-SSM	13579
	UCLA_1	1
	0.465347	0
	0.000000
PRED	H-SSM	13579
	UCLA_1	1
	0.465347	0
	0.000000
PRED	H-SSM	13579
	UCLA_1	1
	0.465347	0
	0.000000
PRED	H-SSM	13579
	UCLA_1	1
	0.465347	0
	0.000000
PRED	H-SSM	13579
	UCLA_1	1
	0.465347	0
	0.000000
PRED	H-SSM	13579
	UCLA_1	1
	0.465347	0
	0.000000
PRED	H-SSM	13579
	UCLA_1	1
	0.465347	0
	0.000000
PRED	H-SSM	13579
	UCLA_1	1
	0.465347	0
	0.000000
PRED	H-SSM	13579
	UCLA_1	0
	0.465347	0
	0.000000
PRED	H-SSM	13579
	UCLA_1	0
	0.465347	0
	0.000000
PRED	H-SSM	13579
	UCLA_1	0
	0.465347	0
	0.000000
PRED	H-SSM	13579
	UCLA_1	0
	0.465347	0
	0.000000
PRED	H-SSM	13579
	UCLA_1	0
	0.465347	0
	0.000000
PRED	H-SSM	13579
	UCLA_1	0
	0.465347	0
	0.000000
PRED	H-SSM	13579
	UCLA_1	0
	0.465347	0
	0.000000
PRED	H-SSM	13579
	UCLA_1	0
	0.465347	0
	0.000000
PRED	H-SSM	13579
	UCLA_1	0
	0.465347	0
	0.000000
PRED	H-SSM	13579
	UCLA_1	0
	0.465347	0
	0.000000
PRED	H-SSM	13579
	UCLA_1	0
	0.465347	0
	0.000000
PRED	H-SSM	13579
	UCLA_1	0
	0.465347	0
	0.000000
PRED	H-SSM	13579
	UCLA_1	0
	0.465347	0
	0.000000
PRED	H-SSM	13579
	YALE	1
	0.359864	0
	0.000000
PRED	H-SSM	13579
	YALE	1
	0.359864	0
	0.000000
PRED	H-SSM	13579
	YALE	1
	0.359864	0
	0.000000
PRED	H-SSM	13579
	YALE	1
	0.359864	0
	0.000000
PRED	H-SSM	13579
	YALE	1
	0.359864	0
	0.000000
PRED	H-SSM	13579
	YALE	1
	0.359864	0
	0.000000
PRED	H-SSM	13579
	YALE	1
	0.359864	0
	0.000000
PRED	H-SSM	13579
	YALE	1
	0.359864	0
	0.000000
PRED	H-SSM	13579
	YALE	1
	0.359864	0
	0.000000
PRED	H-SSM	13579
	YALE	1
	0.359864	0
	0.000000
PRED	H-SSM	13579
	YALE	1
	0.359864	0
	0.000000
PRED	H-SSM	13579
	YALE	1
	0.359864	0
	0.000000
PRED	H-SSM	13579
	YALE	1
	0.359864	0
	0.000000
PRED	H-SSM	13579
	YALE	0
	0.359864	0
	0.000000
PRED	H-SSM	13579
	YALE	0
	0.359864	0
	0.000000
PRED	H-SSM	13579
	YALE	0
	0.359864	0
	0.000000
PRED	H-SSM	13579
	YALE	0
	0.359864	0
	0.000000
PRED	H-SSM	13579
	YALE	0
	0.359864	0
	0.000000
PRED	H-SSM	13579
	YALE	0
	0.359864	0
	0.000000
PRED	H-SSM	13579
	YALE	0
	0.359864	0
	0.000000
PRED	H-SSM	13579
	YALE	0
	0.359864	0
	0.000000
PRED	H-SSM	13579
	YALE	0
	0.359864	0
	0.000000
PRED	H-SSM	13579
	YALE	0
	0.359864	0
	0.000000
PRED	H-SSM	13579
	YALE	0
	0.359864	0
	0.000000
PRED	H-SSM	13579
	YALE	0
	0.359864	0
	0.000000
PRED	H-SSM	13579
	YALE	0
	0.359864	0
	0.000000
PRED	H-SSM	13579
	PITT	1
	0.496138	0
	0.000000
PRED	H-SSM	13579
	PITT	1
	0.496138	0
	0.000000
PRED	H-SSM	13579
	PITT	1
	0.496138	0
	0.000000
PRED	H-SSM	13579
	PITT	1
	0.496138	0
	0.000000
PRED	H-SSM	13579
	PITT	1
	0.496138	0
	0.000000
PRED	H-SSM	13579
	PITT	1
	0.496138	0
	0.000000
PRED	H-SSM	13579
	PITT	1
	0.496138	0
	0.000000
PRED	H-SSM	13579
	PITT	1
	0.496138	0
	0.000000
PRED	H-SSM	13579
	PITT	1
	0.496138	0
	0.000000
PRED	H-SSM	13579
	PITT	1
	0.496138	0
	0.000000
PRED	H-SSM	13579
	PITT	1
	0.496138	0
	0.000000
PRED	H-SSM	13579
	PITT	1
	0.496138	0
	0.000000
PRED	H-SSM	13579
	PITT	1
	0.496138	0
	0.000000
PRED	H-SSM	13579
	PITT	0
	0.496138	0
	0.000000
PRED	H-SSM	13579
	PITT	0
	0.496138	0
	0.000000
PRED	H-SSM	13579
	PITT	0
	0.496138	0
	0.000000
PRED	H-SSM	13579
	PITT	0
	0.496138	0
	0.000000
PRED	H-SSM	13579
	PITT	0
	0.496138	0
	0.000000
PRED	H-SSM	13579
	PITT	0
	0.496138	0
	0.000000
PRED	H-SSM	13579
	PITT	0
	0.496138	0
	0.000000
PRED	H-SSM	13579
	PITT	0
	0.496138	0
	0.000000
PRED	H-SSM	13579
	PITT	0
	0.496138	0
	0.000000
PRED	H-SSM	13579
	PITT	0
	0.496138	0
	0.000000
PRED	H-SSM	13579
	PITT	0
	0.496138	0
	0.000000
PRED	H-SSM	13579
	PITT	0
	0.496138	0
	0.000000
PRED	H-SSM	13579
	PITT	0
	0.496138	0
	0.000000
PRED	H-SSM	13579
	USM	1
	0.532544	1
	0.000000
PRED	H-SSM	13579
	USM	1
	0.532544	1
	0.000000
PRED	H-SSM	13579
	USM	1
	0.532544	1
	0.000000
PRED	H-SSM	13579
	USM	1
	0.532544	1
	0.000000
PRED	H-SSM	13579
	USM	1
	0.532544	1
	0.000000
PRED	H-SSM	13579
	USM	1
	0.532544	1
	0.000000
PRED	H-SSM	13579
	USM	1
	0.532544	1
	0.000000
PRED	H-SSM	13579
	USM	1
	0.532544	1
	0.000000
PRED	H-SSM	13579
	USM	1
	0.532544	1
	0.000000
PRED	H-SSM	13579
	USM	1
	0.532544	1
	0.000000
PRED	H-SSM	13579
	USM	1
	0.532544	1
	0.000000
PRED	H-SSM	13579
	USM	1
	0.532544	1
	0.000000
PRED	H-SSM	13579
	USM	1
	0.532544	1
	0.000000
PRED	H-SSM	13579
	USM	0
	0.532544	1
	0.000000
PRED	H-SSM	13579
	USM	0
	0.532544	1
	0.000000
PRED	H-SSM	13579
	USM	0
	0.532544	1
	0.000000
PRED	H-SSM	13579
	USM	0
	0.532544	1
	0.000000
PRED	H-SSM	13579
	USM	0
	0.532544	1
	0.000000
PRED	H-SSM	13579
	USM	0
	0.532544	1
	0.000000
PRED	H-SSM	13579
	USM	0
	0.532544	1
	0.000000
PRED	H-SSM	13579
	USM	0
	0.532544	1
	0.000000
PRED	H-SSM	13579
	USM	0
	0.532544	1
	0.000000
PRED	H-SSM	13579
	USM	0
	0.532544	1
	0.000000
PRED	H-SSM	13579
	USM	0
	0.532544	1
	0.000000
PRED	H-SSM	13579
	USM	0
	0.532544	1
	0.000000
PRED	H-SSM	13579
	USM	0
	0.532544	1
	0.000000
PRED	H-SSM	13579
	MAX_MUN	1
	0.335641	0
	0.000000
PRED	H-SSM	13579
	MAX_MUN	1
	0.335641	0
	0.000000
PRED	H-SSM	13579
	MAX_MUN	1
	0.335641	0
	0.000000
PRED	H-SSM	13579
	MAX_MUN	1
	0.335641	0
	0.000000
PRED	H-SSM	13579
	MAX_MUN	1
	0.335641	0
	0.000000
PRED	H-SSM	13579
	MAX_MUN	1
	0.335641	0
	0.000000
PRED	H-SSM	13579
	MAX_MUN	1
	0.335641	0
	0.000000
PRED	H-SSM	13579
	MAX_MUN	1
	0.335641	0
	0.000000
PRED	H-SSM	13579
	MAX_MUN	1
	0.335641	0
	0.000000
PRED	H-SSM	13579
	MAX_MUN	1
	0.335641	0
	0.000000
PRED	H-SSM	13579
	MAX_MUN	1
	0.335641	0
	0.000000
PRED	H-SSM	13579
	MAX_MUN	1
	0.335641	0
	0.000000
PRED	H-SSM	13579
	MAX_MUN	1
	0.335641	0
	0.000000
PRED	H-SSM	13579
	MAX_MUN	0
	0.335641	0
	0.000000
PRED	H-SSM	13579
	MAX_MUN	0
	0.335641	0
	0.000000
PRED	H-SSM	13579
	MAX_MUN	0
	0.335641	0
	0.000000
PRED	H-SSM	13579
	MAX_MUN	0
	0.335641	0
	0.000000
PRED	H-SSM	13579
	MAX_MUN	0
	0.335641	0
	0.000000
PRED	H-SSM	13579
	MAX_MUN	0
	0.335641	0
	0.000000
PRED	H-SSM	13579
	MAX_MUN	0
	0.335641	0
	0.000000
PRED	H-SSM	13579
	MAX_MUN	0
	0.335641	0
	0.000000
PRED	H-SSM	13579
	MAX_MUN	0
	0.335641	0
	0.000000
PRED	H-SSM	13579
	MAX_MUN	0
	0.335641	0
	0.000000
PRED	H-SSM	13579
	MAX_MUN	0
	0.335641	0
	0.000000
PRED	H-SSM	13579
	MAX_MUN	0
	0.335641	0
	0.000000
PRED	H-SSM	13579
	MAX_MUN	0
	0.335641	0
	0.000000
PRED	H-SSM	13579
	TRINITY	1
	0.337691	0
	0.000000
PRED	H-SSM	13579
	TRINITY	1
	0.337691	0
	0.000000
PRED	H-SSM	13579
	TRINITY	1
	0.337691	0
	0.000000
PRED	H-SSM	13579
	TRINITY	1
	0.337691	0
	0.000000
PRED	H-SSM	13579
	TRINITY	1
	0.337691	0
	0.000000
PRED	H-SSM	13579
	TRINITY	1
	0.337691	0
	0.000000
PRED	H-SSM	13579
	TRINITY	1
	0.337691	0
	0.000000
PRED	H-SSM	13579
	TRINITY	1
	0.337691	0
	0.000000
PRED	H-SSM	13579
	TRINITY	1
	0.337691	0
	0.000000
PRED	H-SSM	13579
	TRINITY	1
	0.337691	0
	0.000000
PRED	H-SSM	13579
	TRINITY	1
	0.337691	0
	0.000000
PRED	H-SSM	13579
	TRINITY	1
	0.337691	0
	0.000000
PRED	H-SSM	13579
	TRINITY	1
	0.337691	0
	0.000000
PRED	H-SSM	13579
	TRINITY	0
	0.337691	0
	0.000000
PRED	H-SSM	13579
	TRINITY	0
	0.337691	0
	0.000000
PRED	H-SSM	13579
	TRINITY	0
	0.337691	0
	0.000000
PRED	H-SSM	13579
	TRINITY	0
	0.337691	0
	0.000000
PRED	H-SSM	13579
	TRINITY	0
	0.337691	0
	0.000000
PRED	H-SSM	13579
	TRINITY	0
	0.337691	0
	0.000000
PRED	H-SSM	13579
	TRINITY	0
	0.337691	0
	0.000000
PRED	H-SSM	13579
	TRINITY	0
	0.337691	0
	0.000000
PRED	H-SSM	13579
	TRINITY	0
	0.337691	0
	0.000000
PRED	H-SSM	13579
	TRINITY	0
	0.337691	0
	0.000000
PRED	H-SSM	13579
	TRINITY	0
	0.337691	0
	0.000000
PRED	H-SSM	13579
	TRINITY	0
	0.337691	0
	0.000000
PRED	H-SSM	13579
	TRINITY	0
	0.337691	0
	0.000000
PRED	H-SSM	13579
	KKI	1
	0.645257	1
	0.000000
PRED	H-SSM	13579
	KKI	1
	0.645257	1
	0.000000
PRED	H-SSM	13579
	KKI	1
	0.645257	1
	0.000000
PRED	H-SSM	13579
	KKI	1
	0.645257	1
	0.000000
PRED	H-SSM	13579
	KKI	1
	0.645257	1
	0.000000
PRED	H-SSM	13579
	KKI	1
	0.645257	1
	0.000000
PRED	H-SSM	13579
	KKI	1
	0.645257	1
	0.000000
PRED	H-SSM	13579
	KKI	1
	0.645257	1
	0.000000
PRED	H-SSM	13579
	KKI	1
	0.645257	1
	0.000000
PRED	H-SSM	13579
	KKI	1
	0.645257	1
	0.000000
PRED	H-SSM	13579
	KKI	1
	0.645257	1
	0.000000
PRED	H-SSM	13579
	KKI	1
	0.645257	1
	0.000000
PRED	H-SSM	13579
	KKI	1
	0.645257	1
	0.000000
PRED	H-SSM	13579
	KKI	0
	0.645257	1
	0.000000
PRED	H-SSM	13579
	KKI	0
	0.645257	1
	0.000000
PRED	H-SSM	13579
	KKI	0
	0.645257	1
	0.000000
PRED	H-SSM	13579
	KKI	0
	0.645257	1
	0.000000
PRED	H-SSM	13579
	KKI	0
	0.645257	1
	0.000000
PRED	H-SSM	13579
	KKI	0
	0.645257	1
	0.000000
PRED	H-SSM	13579
	KKI	0
	0.645257	1
	0.000000
PRED	H-SSM	13579
	KKI	0
	0.645257	1
	0.000000
PRED	H-SSM	13579
	KKI	0
	0.645257	1
	0.000000
PRED	H-SSM	13579
	KKI	0
	0.645257	1
	0.000000
PRED	H-SSM	13579
	KKI	0
	0.645257	1
	0.000000
PRED	H-SSM	13579
	KKI	0
	0.645257	1
	0.000000
PRED	H-SSM	13579
	KKI	0
	0.645257	1
	0.000000
PRED	H-SSM	13579
	STANFORD	1
	0.471341	0
	0.000000
PRED	H-SSM	13579
	STANFORD	1
	0.471341	0
	0.000000
PRED	H-SSM	13579
	STANFORD	1
	0.471341	0
	0.000000
PRED	H-SSM	13579
	STANFORD	1
	0.471341	0
	0.000000
PRED	H-SSM	13579
	STANFORD	1
	0.471341	0
	0.000000
PRED	H-SSM	13579
	STANFORD	1
	0.471341	0
	0.000000
PRED	H-SSM	13579
	STANFORD	1
	0.471341	0
	0.000000
PRED	H-SSM	13579
	STANFORD	1
	0.471341	0
	0.000000
PRED	H-SSM	13579
	STANFORD	1
	0.471341	0
	0.000000
PRED	H-SSM	13579
	STANFORD	1
	0.471341	0
	0.000000
PRED	H-SSM	13579
	STANFORD	1
	0.471341	0
	0.000000
PRED	H-SSM	13579
	STANFORD	1
	0.471341	0
	0.000000
PRED	H-SSM	13579
	STANFORD	1
	0.471341	0
	0.000000
PRED	H-SSM	13579
	STANFORD	0
	0.471341	0
	0.000000
PRED	H-SSM	13579
	STANFORD	0
	0.471341	0
	0.000000
PRED	H-SSM	13579
	STANFORD	0
	0.471341	0
	0.000000
PRED	H-SSM	13579
	STANFORD	0
	0.471341	0
	0.000000
PRED	H-SSM	13579
	STANFORD	0
	0.471341	0
	0.000000
PRED	H-SSM	13579
	STANFORD	0
	0.471341	0
	0.000000
PRED	H-SSM	13579
	STANFORD	0
	0.471341	0
	0.000000
PRED	H-SSM	13579
	STANFORD	0
	0.471341	0
	0.000000
PRED	H-SSM	13579
	STANFORD	0
	0.471341	0
	0.000000
PRED	H-SSM	13579
	STANFORD	0
	0.471341	0
	0.000000
PRED	H-SSM	13579
	STANFORD	0
	0.471341	0
	0.000000
PRED	H-SSM	13579
	STANFORD	0
	0.471341	0
	0.000000
PRED	H-SSM	13579
	STANFORD	0
	0.471341	0
	0.000000
PRED	H-SSM	13579
	CALTECH	1
	0.281839	0
	0.000000
PRED	H-SSM	13579
	CALTECH	1
	0.281839	0
	0.000000
PRED	H-SSM	13579
	CALTECH	1
	0.281839	0
	0.000000
PRED	H-SSM	13579
	CALTECH	1
	0.281839	0
	0.000000
PRED	H-SSM	13579
	CALTECH	1
	0.281839	0
	0.000000
PRED	H-SSM	13579
	CALTECH	1
	0.281839	0
	0.000000
PRED	H-SSM	13579
	CALTECH	1
	0.281839	0
	0.000000
PRED	H-SSM	13579
	CALTECH	1
	0.281839	0
	0.000000
PRED	H-SSM	13579
	CALTECH	1
	0.281839	0
	0.000000
PRED	H-SSM	13579
	CALTECH	1
	0.281839	0
	0.000000
PRED	H-SSM	13579
	CALTECH	1
	0.281839	0
	0.000000
PRED	H-SSM	13579
	CALTECH	1
	0.281839	0
	0.000000
PRED	H-SSM	13579
	CALTECH	0
	0.281839	0
	0.000000
PRED	H-SSM	13579
	CALTECH	0
	0.281839	0
	0.000000
PRED	H-SSM	13579
	CALTECH	0
	0.281839	0
	0.000000
PRED	H-SSM	13579
	CALTECH	0
	0.281839	0
	0.000000
PRED	H-SSM	13579
	CALTECH	0
	0.281839	0
	0.000000
PRED	H-SSM	13579
	CALTECH	0
	0.281839	0
	0.000000
PRED	H-SSM	13579
	CALTECH	0
	0.281839	0
	0.000000
PRED	H-SSM	13579
	CALTECH	0
	0.281839	0
	0.000000
PRED	H-SSM	13579
	CALTECH	0
	0.281839	0
	0.000000
PRED	H-SSM	13579
	CALTECH	0
	0.281839	0
	0.000000
PRED	H-SSM	13579
	CALTECH	0
	0.281839	0
	0.000000
PRED	H-SSM	13579
	CALTECH	0
	0.281839	0
	0.000000
PRED	H-SSM	13579
	LEUVEN_2	1
	0.568749	1
	0.000000
PRED	H-SSM	13579
	LEUVEN_2	1
	0.568749	1
	0.000000
PRED	H-SSM	13579
	LEUVEN_2	1
	0.568749	1
	0.000000
PRED	H-SSM	13579
	LEUVEN_2	1
	0.568749	1
	0.000000
PRED	H-SSM	13579
	LEUVEN_2	1
	0.568749	1
	0.000000
PRED	H-SSM	13579
	LEUVEN_2	1
	0.568749	1
	0.000000
PRED	H-SSM	13579
	LEUVEN_2	1
	0.568749	1
	0.000000
PRED	H-SSM	13579
	LEUVEN_2	1
	0.568749	1
	0.000000
PRED	H-SSM	13579
	LEUVEN_2	1
	0.568749	1
	0.000000
PRED	H-SSM	13579
	LEUVEN_2	1
	0.568749	1
	0.000000
PRED	H-SSM	13579
	LEUVEN_2	1
	0.568749	1
	0.000000
PRED	H-SSM	13579
	LEUVEN_2	1
	0.568749	1
	0.000000
PRED	H-SSM	13579
	LEUVEN_2	0
	0.568749	1
	0.000000
PRED	H-SSM	13579
	LEUVEN_2	0
	0.568749	1
	0.000000
PRED	H-SSM	13579
	LEUVEN_2	0
	0.568749	1
	0.000000
PRED	H-SSM	13579
	LEUVEN_2	0
	0.568749	1
	0.000000
PRED	H-SSM	13579
	LEUVEN_2	0
	0.568749	1
	0.000000
PRED	H-SSM	13579
	LEUVEN_2	0
	0.568749	1
	0.000000
PRED	H-SSM	13579
	LEUVEN_2	0
	0.568749	1
	0.000000
PRED	H-SSM	13579
	LEUVEN_2	0
	0.568749	1
	0.000000
PRED	H-SSM	13579
	LEUVEN_2	0
	0.568749	1
	0.000000
PRED	H-SSM	13579
	LEUVEN_2	0
	0.568749	1
	0.000000
PRED	H-SSM	13579
	LEUVEN_2	0
	0.568749	1
	0.000000
PRED	H-SSM	13579
	LEUVEN_2	0
	0.568749	1
	0.000000
PRED	H-SSM	13579
	OLIN	1
	0.569685	1
	0.000000
PRED	H-SSM	13579
	OLIN	1
	0.569685	1
	0.000000
PRED	H-SSM	13579
	OLIN	1
	0.569685	1
	0.000000
PRED	H-SSM	13579
	OLIN	1
	0.569685	1
	0.000000
PRED	H-SSM	13579
	OLIN	1
	0.569685	1
	0.000000
PRED	H-SSM	13579
	OLIN	1
	0.569685	1
	0.000000
PRED	H-SSM	13579
	OLIN	1
	0.569685	1
	0.000000
PRED	H-SSM	13579
	OLIN	1
	0.569685	1
	0.000000
PRED	H-SSM	13579
	OLIN	1
	0.569685	1
	0.000000
PRED	H-SSM	13579
	OLIN	1
	0.569685	1
	0.000000
PRED	H-SSM	13579
	OLIN	1
	0.569685	1
	0.000000
PRED	H-SSM	13579
	OLIN	1
	0.569685	1
	0.000000
PRED	H-SSM	13579
	OLIN	0
	0.569685	1
	0.000000
PRED	H-SSM	13579
	OLIN	0
	0.569685	1
	0.000000
PRED	H-SSM	13579
	OLIN	0
	0.569685	1
	0.000000
PRED	H-SSM	13579
	OLIN	0
	0.569685	1
	0.000000
PRED	H-SSM	13579
	OLIN	0
	0.569685	1
	0.000000
PRED	H-SSM	13579
	OLIN	0
	0.569685	1
	0.000000
PRED	H-SSM	13579
	OLIN	0
	0.569685	1
	0.000000
PRED	H-SSM	13579
	OLIN	0
	0.569685	1
	0.000000
PRED	H-SSM	13579
	OLIN	0
	0.569685	1
	0.000000
PRED	H-SSM	13579
	OLIN	0
	0.569685	1
	0.000000
PRED	H-SSM	13579
	OLIN	0
	0.569685	1
	0.000000
PRED	H-SSM	13579
	OLIN	0
	0.569685	1
	0.000000
PRED	H-SSM	13579
	SBL	1
	0.591813	1
	0.000000
PRED	H-SSM	13579
	SBL	1
	0.591813	1
	0.000000
PRED	H-SSM	13579
	SBL	1
	0.591813	1
	0.000000
PRED	H-SSM	13579
	SBL	1
	0.591813	1
	0.000000
PRED	H-SSM	13579
	SBL	1
	0.591813	1
	0.000000
PRED	H-SSM	13579
	SBL	1
	0.591813	1
	0.000000
PRED	H-SSM	13579
	SBL	1
	0.591813	1
	0.000000
PRED	H-SSM	13579
	SBL	1
	0.591813	1
	0.000000
PRED	H-SSM	13579
	SBL	1
	0.591813	1
	0.000000
PRED	H-SSM	13579
	SBL	1
	0.591813	1
	0.000000
PRED	H-SSM	13579
	SBL	1
	0.591813	1
	0.000000
PRED	H-SSM	13579
	SBL	1
	0.591813	1
	0.000000
PRED	H-SSM	13579
	SBL	0
	0.591813	1
	0.000000
PRED	H-SSM	13579
	SBL	0
	0.591813	1
	0.000000
PRED	H-SSM	13579
	SBL	0
	0.591813	1
	0.000000
PRED	H-SSM	13579
	SBL	0
	0.591813	1
	0.000000
PRED	H-SSM	13579
	SBL	0
	0.591813	1
	0.000000
PRED	H-SSM	13579
	SBL	0
	0.591813	1
	0.000000
PRED	H-SSM	13579
	SBL	0
	0.591813	1
	0.000000
PRED	H-SSM	13579
	SBL	0
	0.591813	1
	0.000000
PRED	H-SSM	13579
	SBL	0
	0.591813	1
	0.000000
PRED	H-SSM	13579
	SBL	0
	0.591813	1
	0.000000
PRED	H-SSM	13579
	SBL	0
	0.591813	1
	0.000000
PRED	H-SSM	13579
	SBL	0
	0.591813	1
	0.000000
PRED	H-SSM	13579
	LEUVEN_1	1
	0.420855	0
	0.000000
PRED	H-SSM	13579
	LEUVEN_1	1
	0.420855	0
	0.000000
PRED	H-SSM	13579
	LEUVEN_1	1
	0.420855	0
	0.000000
PRED	H-SSM	13579
	LEUVEN_1	1
	0.420855	0
	0.000000
PRED	H-SSM	13579
	LEUVEN_1	1
	0.420855	0
	0.000000
PRED	H-SSM	13579
	LEUVEN_1	1
	0.420855	0
	0.000000
PRED	H-SSM	13579
	LEUVEN_1	1
	0.420855	0
	0.000000
PRED	H-SSM	13579
	LEUVEN_1	1
	0.420855	0
	0.000000
PRED	H-SSM	13579
	LEUVEN_1	1
	0.420855	0
	0.000000
PRED	H-SSM	13579
	LEUVEN_1	1
	0.420855	0
	0.000000
PRED	H-SSM	13579
	LEUVEN_1	1
	0.420855	0
	0.000000
PRED	H-SSM	13579
	LEUVEN_1	1
	0.420855	0
	0.000000
PRED	H-SSM	13579
	LEUVEN_1	0
	0.420855	0
	0.000000
PRED	H-SSM	13579
	LEUVEN_1	0
	0.420855	0
	0.000000
PRED	H-SSM	13579
	LEUVEN_1	0
	0.420855	0
	0.000000
PRED	H-SSM	13579
	LEUVEN_1	0
	0.420855	0
	0.000000
PRED	H-SSM	13579
	LEUVEN_1	0
	0.420855	0
	0.000000
PRED	H-SSM	13579
	LEUVEN_1	0
	0.420855	0
	0.000000
PRED	H-SSM	13579
	LEUVEN_1	0
	0.420855	0
	0.000000
PRED	H-SSM	13579
	LEUVEN_1	0
	0.420855	0
	0.000000
PRED	H-SSM	13579
	LEUVEN_1	0
	0.420855	0
	0.000000
PRED	H-SSM	13579
	LEUVEN_1	0
	0.420855	0
	0.000000
PRED	H-SSM	13579
	LEUVEN_1	0
	0.420855	0
	0.000000
PRED	H-SSM	13579
	LEUVEN_1	0
	0.420855	0
	0.000000
PRED	H-SSM	13579
	SDSU	1
	0.555775	1
	0.000000
PRED	H-SSM	13579
	SDSU	1
	0.555775	1
	0.000000
PRED	H-SSM	13579
	SDSU	1
	0.555775	1
	0.000000
PRED	H-SSM	13579
	SDSU	1
	0.555775	1
	0.000000
PRED	H-SSM	13579
	SDSU	1
	0.555775	1
	0.000000
PRED	H-SSM	13579
	SDSU	1
	0.555775	1
	0.000000
PRED	H-SSM	13579
	SDSU	1
	0.555775	1
	0.000000
PRED	H-SSM	13579
	SDSU	1
	0.555775	1
	0.000000
PRED	H-SSM	13579
	SDSU	1
	0.555775	1
	0.000000
PRED	H-SSM	13579
	SDSU	1
	0.555775	1
	0.000000
PRED	H-SSM	13579
	SDSU	1
	0.555775	1
	0.000000
PRED	H-SSM	13579
	SDSU	1
	0.555775	1
	0.000000
PRED	H-SSM	13579
	SDSU	0
	0.555775	1
	0.000000
PRED	H-SSM	13579
	SDSU	0
	0.555775	1
	0.000000
PRED	H-SSM	13579
	SDSU	0
	0.555775	1
	0.000000
PRED	H-SSM	13579
	SDSU	0
	0.555775	1
	0.000000
PRED	H-SSM	13579
	SDSU	0
	0.555775	1
	0.000000
PRED	H-SSM	13579
	SDSU	0
	0.555775	1
	0.000000
PRED	H-SSM	13579
	SDSU	0
	0.555775	1
	0.000000
PRED	H-SSM	13579
	SDSU	0
	0.555775	1
	0.000000
PRED	H-SSM	13579
	SDSU	0
	0.555775	1
	0.000000
PRED	H-SSM	13579
	SDSU	0
	0.555775	1
	0.000000
PRED	H-SSM	13579
	SDSU	0
	0.555775	1
	0.000000
PRED	H-SSM	13579
	SDSU	0
	0.555775	1
	0.000000
PRED	H-SSM	13579
	CMU	1
	0.359960	0
	0.000000
PRED	H-SSM	13579
	CMU	1
	0.359960	0
	0.000000
PRED	H-SSM	13579
	CMU	1
	0.359960	0
	0.000000
PRED	H-SSM	13579
	CMU	1
	0.359960	0
	0.000000
PRED	H-SSM	13579
	CMU	1
	0.359960	0
	0.000000
PRED	H-SSM	13579
	CMU	1
	0.359960	0
	0.000000
PRED	H-SSM	13579
	CMU	1
	0.359960	0
	0.000000
PRED	H-SSM	13579
	CMU	1
	0.359960	0
	0.000000
PRED	H-SSM	13579
	CMU	1
	0.359960	0
	0.000000
PRED	H-SSM	13579
	CMU	1
	0.359960	0
	0.000000
PRED	H-SSM	13579
	CMU	1
	0.359960	0
	0.000000
PRED	H-SSM	13579
	CMU	1
	0.359960	0
	0.000000
PRED	H-SSM	13579
	CMU	0
	0.359960	0
	0.000000
PRED	H-SSM	13579
	CMU	0
	0.359960	0
	0.000000
PRED	H-SSM	13579
	CMU	0
	0.359960	0
	0.000000
PRED	H-SSM	13579
	CMU	0
	0.359960	0
	0.000000
PRED	H-SSM	13579
	CMU	0
	0.359960	0
	0.000000
PRED	H-SSM	13579
	CMU	0
	0.359960	0
	0.000000
PRED	H-SSM	13579
	CMU	0
	0.359960	0
	0.000000
PRED	H-SSM	13579
	CMU	0
	0.359960	0
	0.000000
PRED	H-SSM	13579
	CMU	0
	0.359960	0
	0.000000
PRED	H-SSM	13579
	CMU	0
	0.359960	0
	0.000000
PRED	H-SSM	13579
	CMU	0
	0.359960	0
	0.000000
PRED	H-SSM	13579
	CMU	0
	0.359960	0
	0.000000
PRED	H-SSM	13579
	UCLA_2	1
	0.365189	0
	0.000000
PRED	H-SSM	13579
	UCLA_2	1
	0.365189	0
	0.000000
PRED	H-SSM	13579
	UCLA_2	1
	0.365189	0
	0.000000
PRED	H-SSM	13579
	UCLA_2	1
	0.365189	0
	0.000000
PRED	H-SSM	13579
	UCLA_2	1
	0.365189	0
	0.000000
PRED	H-SSM	13579
	UCLA_2	1
	0.365189	0
	0.000000
PRED	H-SSM	13579
	UCLA_2	1
	0.365189	0
	0.000000
PRED	H-SSM	13579
	UCLA_2	1
	0.365189	0
	0.000000
PRED	H-SSM	13579
	UCLA_2	1
	0.365189	0
	0.000000
PRED	H-SSM	13579
	UCLA_2	1
	0.365189	0
	0.000000
PRED	H-SSM	13579
	UCLA_2	1
	0.365189	0
	0.000000
PRED	H-SSM	13579
	UCLA_2	1
	0.365189	0
	0.000000
PRED	H-SSM	13579
	UCLA_2	0
	0.365189	0
	0.000000
PRED	H-SSM	13579
	UCLA_2	0
	0.365189	0
	0.000000
PRED	H-SSM	13579
	UCLA_2	0
	0.365189	0
	0.000000
PRED	H-SSM	13579
	UCLA_2	0
	0.365189	0
	0.000000
PRED	H-SSM	13579
	UCLA_2	0
	0.365189	0
	0.000000
PRED	H-SSM	13579
	UCLA_2	0
	0.365189	0
	0.000000
PRED	H-SSM	13579
	UCLA_2	0
	0.365189	0
	0.000000
PRED	H-SSM	13579
	UCLA_2	0
	0.365189	0
	0.000000
PRED	H-SSM	13579
	UCLA_2	0
	0.365189	0
	0.000000
PRED	H-SSM	13579
	UCLA_2	0
	0.365189	0
	0.000000
PRED	H-SSM	13579
	UCLA_2	0
	0.365189	0
	0.000000
PRED	H-SSM	13579
	UCLA_2	0
	0.365189	0
	0.000000
PRED	H-SSM	13579
	UM_2	1
	0.364498	0
	0.000000
PRED	H-SSM	13579
	UM_2	1
	0.364498	0
	0.000000
PRED	H-SSM	13579
	UM_2	1
	0.364498	0
	0.000000
PRED	H-SSM	13579
	UM_2	1
	0.364498	0
	0.000000
PRED	H-SSM	13579
	UM_2	1
	0.364498	0
	0.000000
PRED	H-SSM	13579
	UM_2	1
	0.364498	0
	0.000000
PRED	H-SSM	13579
	UM_2	1
	0.364498	0
	0.000000
PRED	H-SSM	13579
	UM_2	1
	0.364498	0
	0.000000
PRED	H-SSM	13579
	UM_2	1
	0.364498	0
	0.000000
PRED	H-SSM	13579
	UM_2	1
	0.364498	0
	0.000000
PRED	H-SSM	13579
	UM_2	1
	0.364498	0
	0.000000
PRED	H-SSM	13579
	UM_2	1
	0.364498	0
	0.000000
PRED	H-SSM	13579
	UM_2	0
	0.364498	0
	0.000000
PRED	H-SSM	13579
	UM_2	0
	0.364498	0
	0.000000
PRED	H-SSM	13579
	UM_2	0
	0.364498	0
	0.000000
PRED	H-SSM	13579
	UM_2	0
	0.364498	0
	0.000000
PRED	H-SSM	13579
	UM_2	0
	0.364498	0
	0.000000
PRED	H-SSM	13579
	UM_2	0
	0.364498	0
	0.000000
PRED	H-SSM	13579
	UM_2	0
	0.364498	0
	0.000000
PRED	H-SSM	13579
	UM_2	0
	0.364498	0
	0.000000
PRED	H-SSM	13579
	UM_2	0
	0.364498	0
	0.000000
PRED	H-SSM	13579
	UM_2	0
	0.364498	0
	0.000000
PRED	H-SSM	13579
	UM_2	0
	0.364498	0
	0.000000
PRED	H-SSM	13579
	UM_2	0
	0.364498	0
	0.000000
PRED	H-SSM	13579
	OHSU	1
	0.395310	0
	0.000000
PRED	H-SSM	13579
	OHSU	1
	0.395310	0
	0.000000
PRED	H-SSM	13579
	OHSU	1
	0.395310	0
	0.000000
PRED	H-SSM	13579
	OHSU	1
	0.395310	0
	0.000000
PRED	H-SSM	13579
	OHSU	1
	0.395310	0
	0.000000
PRED	H-SSM	13579
	OHSU	1
	0.395310	0
	0.000000
PRED	H-SSM	13579
	OHSU	1
	0.395310	0
	0.000000
PRED	H-SSM	13579
	OHSU	1
	0.395310	0
	0.000000
PRED	H-SSM	13579
	OHSU	1
	0.395310	0
	0.000000
PRED	H-SSM	13579
	OHSU	1
	0.395310	0
	0.000000
PRED	H-SSM	13579
	OHSU	1
	0.395310	0
	0.000000
PRED	H-SSM	13579
	OHSU	1
	0.395310	0
	0.000000
PRED	H-SSM	13579
	OHSU	0
	0.395310	0
	0.000000
PRED	H-SSM	13579
	OHSU	0
	0.395310	0
	0.000000
PRED	H-SSM	13579
	OHSU	0
	0.395310	0
	0.000000
PRED	H-SSM	13579
	OHSU	0
	0.395310	0
	0.000000
PRED	H-SSM	13579
	OHSU	0
	0.395310	0
	0.000000
PRED	H-SSM	13579
	OHSU	0
	0.395310	0
	0.000000
PRED	H-SSM	13579
	OHSU	0
	0.395310	0
	0.000000
PRED	H-SSM	13579
	OHSU	0
	0.395310	0
	0.000000
PRED	H-SSM	13579
	OHSU	0
	0.395310	0
	0.000000
PRED	H-SSM	13579
	OHSU	0
	0.395310	0
	0.000000
PRED	H-SSM	13579
	OHSU	0
	0.395310	0
	0.000000
PRED	H-SSM	13579
	OHSU	0
	0.395310	0
	0.000000
  H-SSM    13579
   acc=50.000000% bal=50.000000% sites=20
/20
 test_n=500
 assoc=0.000000
PRED	H-SSM	54321
	NYU	1
	0.432060	0
	0.000000
PRED	H-SSM	54321
	NYU	1
	0.432060	0
	0.000000
PRED	H-SSM	54321
	NYU	1
	0.432060	0
	0.000000
PRED	H-SSM	54321
	NYU	1
	0.432060	0
	0.000000
PRED	H-SSM	54321
	NYU	1
	0.432060	0
	0.000000
PRED	H-SSM	54321
	NYU	1
	0.432060	0
	0.000000
PRED	H-SSM	54321
	NYU	1
	0.432060	0
	0.000000
PRED	H-SSM	54321
	NYU	1
	0.432060	0
	0.000000
PRED	H-SSM	54321
	NYU	1
	0.432060	0
	0.000000
PRED	H-SSM	54321
	NYU	1
	0.432060	0
	0.000000
PRED	H-SSM	54321
	NYU	1
	0.432060	0
	0.000000
PRED	H-SSM	54321
	NYU	1
	0.432060	0
	0.000000
PRED	H-SSM	54321
	NYU	1
	0.432060	0
	0.000000
PRED	H-SSM	54321
	NYU	0
	0.432060	0
	0.000000
PRED	H-SSM	54321
	NYU	0
	0.432060	0
	0.000000
PRED	H-SSM	54321
	NYU	0
	0.432060	0
	0.000000
PRED	H-SSM	54321
	NYU	0
	0.432060	0
	0.000000
PRED	H-SSM	54321
	NYU	0
	0.432060	0
	0.000000
PRED	H-SSM	54321
	NYU	0
	0.432060	0
	0.000000
PRED	H-SSM	54321
	NYU	0
	0.432060	0
	0.000000
PRED	H-SSM	54321
	NYU	0
	0.432060	0
	0.000000
PRED	H-SSM	54321
	NYU	0
	0.432060	0
	0.000000
PRED	H-SSM	54321
	NYU	0
	0.432060	0
	0.000000
PRED	H-SSM	54321
	NYU	0
	0.432060	0
	0.000000
PRED	H-SSM	54321
	NYU	0
	0.432060	0
	0.000000
PRED	H-SSM	54321
	NYU	0
	0.432060	0
	0.000000
PRED	H-SSM	54321
	UM_1	1
	0.411595	0
	0.000000
PRED	H-SSM	54321
	UM_1	1
	0.411595	0
	0.000000
PRED	H-SSM	54321
	UM_1	1
	0.411595	0
	0.000000
PRED	H-SSM	54321
	UM_1	1
	0.411595	0
	0.000000
PRED	H-SSM	54321
	UM_1	1
	0.411595	0
	0.000000
PRED	H-SSM	54321
	UM_1	1
	0.411595	0
	0.000000
PRED	H-SSM	54321
	UM_1	1
	0.411595	0
	0.000000
PRED	H-SSM	54321
	UM_1	1
	0.411595	0
	0.000000
PRED	H-SSM	54321
	UM_1	1
	0.411595	0
	0.000000
PRED	H-SSM	54321
	UM_1	1
	0.411595	0
	0.000000
PRED	H-SSM	54321
	UM_1	1
	0.411595	0
	0.000000
PRED	H-SSM	54321
	UM_1	1
	0.411595	0
	0.000000
PRED	H-SSM	54321
	UM_1	1
	0.411595	0
	0.000000
PRED	H-SSM	54321
	UM_1	0
	0.411595	0
	0.000000
PRED	H-SSM	54321
	UM_1	0
	0.411595	0
	0.000000
PRED	H-SSM	54321
	UM_1	0
	0.411595	0
	0.000000
PRED	H-SSM	54321
	UM_1	0
	0.411595	0
	0.000000
PRED	H-SSM	54321
	UM_1	0
	0.411595	0
	0.000000
PRED	H-SSM	54321
	UM_1	0
	0.411595	0
	0.000000
PRED	H-SSM	54321
	UM_1	0
	0.411595	0
	0.000000
PRED	H-SSM	54321
	UM_1	0
	0.411595	0
	0.000000
PRED	H-SSM	54321
	UM_1	0
	0.411595	0
	0.000000
PRED	H-SSM	54321
	UM_1	0
	0.411595	0
	0.000000
PRED	H-SSM	54321
	UM_1	0
	0.411595	0
	0.000000
PRED	H-SSM	54321
	UM_1	0
	0.411595	0
	0.000000
PRED	H-SSM	54321
	UM_1	0
	0.411595	0
	0.000000
PRED	H-SSM	54321
	UCLA_1	1
	0.443218	0
	0.000000
PRED	H-SSM	54321
	UCLA_1	1
	0.443218	0
	0.000000
PRED	H-SSM	54321
	UCLA_1	1
	0.443218	0
	0.000000
PRED	H-SSM	54321
	UCLA_1	1
	0.443218	0
	0.000000
PRED	H-SSM	54321
	UCLA_1	1
	0.443218	0
	0.000000
PRED	H-SSM	54321
	UCLA_1	1
	0.443218	0
	0.000000
PRED	H-SSM	54321
	UCLA_1	1
	0.443218	0
	0.000000
PRED	H-SSM	54321
	UCLA_1	1
	0.443218	0
	0.000000
PRED	H-SSM	54321
	UCLA_1	1
	0.443218	0
	0.000000
PRED	H-SSM	54321
	UCLA_1	1
	0.443218	0
	0.000000
PRED	H-SSM	54321
	UCLA_1	1
	0.443218	0
	0.000000
PRED	H-SSM	54321
	UCLA_1	1
	0.443218	0
	0.000000
PRED	H-SSM	54321
	UCLA_1	1
	0.443218	0
	0.000000
PRED	H-SSM	54321
	UCLA_1	0
	0.443218	0
	0.000000
PRED	H-SSM	54321
	UCLA_1	0
	0.443218	0
	0.000000
PRED	H-SSM	54321
	UCLA_1	0
	0.443218	0
	0.000000
PRED	H-SSM	54321
	UCLA_1	0
	0.443218	0
	0.000000
PRED	H-SSM	54321
	UCLA_1	0
	0.443218	0
	0.000000
PRED	H-SSM	54321
	UCLA_1	0
	0.443218	0
	0.000000
PRED	H-SSM	54321
	UCLA_1	0
	0.443218	0
	0.000000
PRED	H-SSM	54321
	UCLA_1	0
	0.443218	0
	0.000000
PRED	H-SSM	54321
	UCLA_1	0
	0.443218	0
	0.000000
PRED	H-SSM	54321
	UCLA_1	0
	0.443218	0
	0.000000
PRED	H-SSM	54321
	UCLA_1	0
	0.443218	0
	0.000000
PRED	H-SSM	54321
	UCLA_1	0
	0.443218	0
	0.000000
PRED	H-SSM	54321
	UCLA_1	0
	0.443218	0
	0.000000
PRED	H-SSM	54321
	YALE	1
	0.613971	1
	0.000000
PRED	H-SSM	54321
	YALE	1
	0.613971	1
	0.000000
PRED	H-SSM	54321
	YALE	1
	0.613971	1
	0.000000
PRED	H-SSM	54321
	YALE	1
	0.613971	1
	0.000000
PRED	H-SSM	54321
	YALE	1
	0.613971	1
	0.000000
PRED	H-SSM	54321
	YALE	1
	0.613971	1
	0.000000
PRED	H-SSM	54321
	YALE	1
	0.613971	1
	0.000000
PRED	H-SSM	54321
	YALE	1
	0.613971	1
	0.000000
PRED	H-SSM	54321
	YALE	1
	0.613971	1
	0.000000
PRED	H-SSM	54321
	YALE	1
	0.613971	1
	0.000000
PRED	H-SSM	54321
	YALE	1
	0.613971	1
	0.000000
PRED	H-SSM	54321
	YALE	1
	0.613971	1
	0.000000
PRED	H-SSM	54321
	YALE	1
	0.613971	1
	0.000000
PRED	H-SSM	54321
	YALE	0
	0.613971	1
	0.000000
PRED	H-SSM	54321
	YALE	0
	0.613971	1
	0.000000
PRED	H-SSM	54321
	YALE	0
	0.613971	1
	0.000000
PRED	H-SSM	54321
	YALE	0
	0.613971	1
	0.000000
PRED	H-SSM	54321
	YALE	0
	0.613971	1
	0.000000
PRED	H-SSM	54321
	YALE	0
	0.613971	1
	0.000000
PRED	H-SSM	54321
	YALE	0
	0.613971	1
	0.000000
PRED	H-SSM	54321
	YALE	0
	0.613971	1
	0.000000
PRED	H-SSM	54321
	YALE	0
	0.613971	1
	0.000000
PRED	H-SSM	54321
	YALE	0
	0.613971	1
	0.000000
PRED	H-SSM	54321
	YALE	0
	0.613971	1
	0.000000
PRED	H-SSM	54321
	YALE	0
	0.613971	1
	0.000000
PRED	H-SSM	54321
	YALE	0
	0.613971	1
	0.000000
PRED	H-SSM	54321
	PITT	1
	0.387540	0
	0.000000
PRED	H-SSM	54321
	PITT	1
	0.387540	0
	0.000000
PRED	H-SSM	54321
	PITT	1
	0.387540	0
	0.000000
PRED	H-SSM	54321
	PITT	1
	0.387540	0
	0.000000
PRED	H-SSM	54321
	PITT	1
	0.387540	0
	0.000000
PRED	H-SSM	54321
	PITT	1
	0.387540	0
	0.000000
PRED	H-SSM	54321
	PITT	1
	0.387540	0
	0.000000
PRED	H-SSM	54321
	PITT	1
	0.387540	0
	0.000000
PRED	H-SSM	54321
	PITT	1
	0.387540	0
	0.000000
PRED	H-SSM	54321
	PITT	1
	0.387540	0
	0.000000
PRED	H-SSM	54321
	PITT	1
	0.387540	0
	0.000000
PRED	H-SSM	54321
	PITT	1
	0.387540	0
	0.000000
PRED	H-SSM	54321
	PITT	1
	0.387540	0
	0.000000
PRED	H-SSM	54321
	PITT	0
	0.387540	0
	0.000000
PRED	H-SSM	54321
	PITT	0
	0.387540	0
	0.000000
PRED	H-SSM	54321
	PITT	0
	0.387540	0
	0.000000
PRED	H-SSM	54321
	PITT	0
	0.387540	0
	0.000000
PRED	H-SSM	54321
	PITT	0
	0.387540	0
	0.000000
PRED	H-SSM	54321
	PITT	0
	0.387540	0
	0.000000
PRED	H-SSM	54321
	PITT	0
	0.387540	0
	0.000000
PRED	H-SSM	54321
	PITT	0
	0.387540	0
	0.000000
PRED	H-SSM	54321
	PITT	0
	0.387540	0
	0.000000
PRED	H-SSM	54321
	PITT	0
	0.387540	0
	0.000000
PRED	H-SSM	54321
	PITT	0
	0.387540	0
	0.000000
PRED	H-SSM	54321
	PITT	0
	0.387540	0
	0.000000
PRED	H-SSM	54321
	PITT	0
	0.387540	0
	0.000000
PRED	H-SSM	54321
	USM	1
	0.421604	0
	0.000000
PRED	H-SSM	54321
	USM	1
	0.421604	0
	0.000000
PRED	H-SSM	54321
	USM	1
	0.421604	0
	0.000000
PRED	H-SSM	54321
	USM	1
	0.421604	0
	0.000000
PRED	H-SSM	54321
	USM	1
	0.421604	0
	0.000000
PRED	H-SSM	54321
	USM	1
	0.421604	0
	0.000000
PRED	H-SSM	54321
	USM	1
	0.421604	0
	0.000000
PRED	H-SSM	54321
	USM	1
	0.421604	0
	0.000000
PRED	H-SSM	54321
	USM	1
	0.421604	0
	0.000000
PRED	H-SSM	54321
	USM	1
	0.421604	0
	0.000000
PRED	H-SSM	54321
	USM	1
	0.421604	0
	0.000000
PRED	H-SSM	54321
	USM	1
	0.421604	0
	0.000000
PRED	H-SSM	54321
	USM	1
	0.421604	0
	0.000000
PRED	H-SSM	54321
	USM	0
	0.421604	0
	0.000000
PRED	H-SSM	54321
	USM	0
	0.421604	0
	0.000000
PRED	H-SSM	54321
	USM	0
	0.421604	0
	0.000000
PRED	H-SSM	54321
	USM	0
	0.421604	0
	0.000000
PRED	H-SSM	54321
	USM	0
	0.421604	0
	0.000000
PRED	H-SSM	54321
	USM	0
	0.421604	0
	0.000000
PRED	H-SSM	54321
	USM	0
	0.421604	0
	0.000000
PRED	H-SSM	54321
	USM	0
	0.421604	0
	0.000000
PRED	H-SSM	54321
	USM	0
	0.421604	0
	0.000000
PRED	H-SSM	54321
	USM	0
	0.421604	0
	0.000000
PRED	H-SSM	54321
	USM	0
	0.421604	0
	0.000000
PRED	H-SSM	54321
	USM	0
	0.421604	0
	0.000000
PRED	H-SSM	54321
	USM	0
	0.421604	0
	0.000000
PRED	H-SSM	54321
	MAX_MUN	1
	0.466831	0
	0.000000
PRED	H-SSM	54321
	MAX_MUN	1
	0.466831	0
	0.000000
PRED	H-SSM	54321
	MAX_MUN	1
	0.466831	0
	0.000000
PRED	H-SSM	54321
	MAX_MUN	1
	0.466831	0
	0.000000
PRED	H-SSM	54321
	MAX_MUN	1
	0.466831	0
	0.000000
PRED	H-SSM	54321
	MAX_MUN	1
	0.466831	0
	0.000000
PRED	H-SSM	54321
	MAX_MUN	1
	0.466831	0
	0.000000
PRED	H-SSM	54321
	MAX_MUN	1
	0.466831	0
	0.000000
PRED	H-SSM	54321
	MAX_MUN	1
	0.466831	0
	0.000000
PRED	H-SSM	54321
	MAX_MUN	1
	0.466831	0
	0.000000
PRED	H-SSM	54321
	MAX_MUN	1
	0.466831	0
	0.000000
PRED	H-SSM	54321
	MAX_MUN	1
	0.466831	0
	0.000000
PRED	H-SSM	54321
	MAX_MUN	1
	0.466831	0
	0.000000
PRED	H-SSM	54321
	MAX_MUN	0
	0.466831	0
	0.000000
PRED	H-SSM	54321
	MAX_MUN	0
	0.466831	0
	0.000000
PRED	H-SSM	54321
	MAX_MUN	0
	0.466831	0
	0.000000
PRED	H-SSM	54321
	MAX_MUN	0
	0.466831	0
	0.000000
PRED	H-SSM	54321
	MAX_MUN	0
	0.466831	0
	0.000000
PRED	H-SSM	54321
	MAX_MUN	0
	0.466831	0
	0.000000
PRED	H-SSM	54321
	MAX_MUN	0
	0.466831	0
	0.000000
PRED	H-SSM	54321
	MAX_MUN	0
	0.466831	0
	0.000000
PRED	H-SSM	54321
	MAX_MUN	0
	0.466831	0
	0.000000
PRED	H-SSM	54321
	MAX_MUN	0
	0.466831	0
	0.000000
PRED	H-SSM	54321
	MAX_MUN	0
	0.466831	0
	0.000000
PRED	H-SSM	54321
	MAX_MUN	0
	0.466831	0
	0.000000
PRED	H-SSM	54321
	MAX_MUN	0
	0.466831	0
	0.000000
PRED	H-SSM	54321
	TRINITY	1
	0.443201	0
	0.000000
PRED	H-SSM	54321
	TRINITY	1
	0.443201	0
	0.000000
PRED	H-SSM	54321
	TRINITY	1
	0.443201	0
	0.000000
PRED	H-SSM	54321
	TRINITY	1
	0.443201	0
	0.000000
PRED	H-SSM	54321
	TRINITY	1
	0.443201	0
	0.000000
PRED	H-SSM	54321
	TRINITY	1
	0.443201	0
	0.000000
PRED	H-SSM	54321
	TRINITY	1
	0.443201	0
	0.000000
PRED	H-SSM	54321
	TRINITY	1
	0.443201	0
	0.000000
PRED	H-SSM	54321
	TRINITY	1
	0.443201	0
	0.000000
PRED	H-SSM	54321
	TRINITY	1
	0.443201	0
	0.000000
PRED	H-SSM	54321
	TRINITY	1
	0.443201	0
	0.000000
PRED	H-SSM	54321
	TRINITY	1
	0.443201	0
	0.000000
PRED	H-SSM	54321
	TRINITY	1
	0.443201	0
	0.000000
PRED	H-SSM	54321
	TRINITY	0
	0.443201	0
	0.000000
PRED	H-SSM	54321
	TRINITY	0
	0.443201	0
	0.000000
PRED	H-SSM	54321
	TRINITY	0
	0.443201	0
	0.000000
PRED	H-SSM	54321
	TRINITY	0
	0.443201	0
	0.000000
PRED	H-SSM	54321
	TRINITY	0
	0.443201	0
	0.000000
PRED	H-SSM	54321
	TRINITY	0
	0.443201	0
	0.000000
PRED	H-SSM	54321
	TRINITY	0
	0.443201	0
	0.000000
PRED	H-SSM	54321
	TRINITY	0
	0.443201	0
	0.000000
PRED	H-SSM	54321
	TRINITY	0
	0.443201	0
	0.000000
PRED	H-SSM	54321
	TRINITY	0
	0.443201	0
	0.000000
PRED	H-SSM	54321
	TRINITY	0
	0.443201	0
	0.000000
PRED	H-SSM	54321
	TRINITY	0
	0.443201	0
	0.000000
PRED	H-SSM	54321
	TRINITY	0
	0.443201	0
	0.000000
PRED	H-SSM	54321
	KKI	1
	0.566603	1
	0.000000
PRED	H-SSM	54321
	KKI	1
	0.566603	1
	0.000000
PRED	H-SSM	54321
	KKI	1
	0.566603	1
	0.000000
PRED	H-SSM	54321
	KKI	1
	0.566603	1
	0.000000
PRED	H-SSM	54321
	KKI	1
	0.566603	1
	0.000000
PRED	H-SSM	54321
	KKI	1
	0.566603	1
	0.000000
PRED	H-SSM	54321
	KKI	1
	0.566603	1
	0.000000
PRED	H-SSM	54321
	KKI	1
	0.566603	1
	0.000000
PRED	H-SSM	54321
	KKI	1
	0.566603	1
	0.000000
PRED	H-SSM	54321
	KKI	1
	0.566603	1
	0.000000
PRED	H-SSM	54321
	KKI	1
	0.566603	1
	0.000000
PRED	H-SSM	54321
	KKI	1
	0.566603	1
	0.000000
PRED	H-SSM	54321
	KKI	1
	0.566603	1
	0.000000
PRED	H-SSM	54321
	KKI	0
	0.566603	1
	0.000000
PRED	H-SSM	54321
	KKI	0
	0.566603	1
	0.000000
PRED	H-SSM	54321
	KKI	0
	0.566603	1
	0.000000
PRED	H-SSM	54321
	KKI	0
	0.566603	1
	0.000000
PRED	H-SSM	54321
	KKI	0
	0.566603	1
	0.000000
PRED	H-SSM	54321
	KKI	0
	0.566603	1
	0.000000
PRED	H-SSM	54321
	KKI	0
	0.566603	1
	0.000000
PRED	H-SSM	54321
	KKI	0
	0.566603	1
	0.000000
PRED	H-SSM	54321
	KKI	0
	0.566603	1
	0.000000
PRED	H-SSM	54321
	KKI	0
	0.566603	1
	0.000000
PRED	H-SSM	54321
	KKI	0
	0.566603	1
	0.000000
PRED	H-SSM	54321
	KKI	0
	0.566603	1
	0.000000
PRED	H-SSM	54321
	KKI	0
	0.566603	1
	0.000000
PRED	H-SSM	54321
	STANFORD	1
	0.528416	1
	0.000000
PRED	H-SSM	54321
	STANFORD	1
	0.528416	1
	0.000000
PRED	H-SSM	54321
	STANFORD	1
	0.528416	1
	0.000000
PRED	H-SSM	54321
	STANFORD	1
	0.528416	1
	0.000000
PRED	H-SSM	54321
	STANFORD	1
	0.528416	1
	0.000000
PRED	H-SSM	54321
	STANFORD	1
	0.528416	1
	0.000000
PRED	H-SSM	54321
	STANFORD	1
	0.528416	1
	0.000000
PRED	H-SSM	54321
	STANFORD	1
	0.528416	1
	0.000000
PRED	H-SSM	54321
	STANFORD	1
	0.528416	1
	0.000000
PRED	H-SSM	54321
	STANFORD	1
	0.528416	1
	0.000000
PRED	H-SSM	54321
	STANFORD	1
	0.528416	1
	0.000000
PRED	H-SSM	54321
	STANFORD	1
	0.528416	1
	0.000000
PRED	H-SSM	54321
	STANFORD	1
	0.528416	1
	0.000000
PRED	H-SSM	54321
	STANFORD	0
	0.528416	1
	0.000000
PRED	H-SSM	54321
	STANFORD	0
	0.528416	1
	0.000000
PRED	H-SSM	54321
	STANFORD	0
	0.528416	1
	0.000000
PRED	H-SSM	54321
	STANFORD	0
	0.528416	1
	0.000000
PRED	H-SSM	54321
	STANFORD	0
	0.528416	1
	0.000000
PRED	H-SSM	54321
	STANFORD	0
	0.528416	1
	0.000000
PRED	H-SSM	54321
	STANFORD	0
	0.528416	1
	0.000000
PRED	H-SSM	54321
	STANFORD	0
	0.528416	1
	0.000000
PRED	H-SSM	54321
	STANFORD	0
	0.528416	1
	0.000000
PRED	H-SSM	54321
	STANFORD	0
	0.528416	1
	0.000000
PRED	H-SSM	54321
	STANFORD	0
	0.528416	1
	0.000000
PRED	H-SSM	54321
	STANFORD	0
	0.528416	1
	0.000000
PRED	H-SSM	54321
	STANFORD	0
	0.528416	1
	0.000000
PRED	H-SSM	54321
	CALTECH	1
	0.562553	1
	0.000000
PRED	H-SSM	54321
	CALTECH	1
	0.562553	1
	0.000000
PRED	H-SSM	54321
	CALTECH	1
	0.562553	1
	0.000000
PRED	H-SSM	54321
	CALTECH	1
	0.562553	1
	0.000000
PRED	H-SSM	54321
	CALTECH	1
	0.562553	1
	0.000000
PRED	H-SSM	54321
	CALTECH	1
	0.562553	1
	0.000000
PRED	H-SSM	54321
	CALTECH	1
	0.562553	1
	0.000000
PRED	H-SSM	54321
	CALTECH	1
	0.562553	1
	0.000000
PRED	H-SSM	54321
	CALTECH	1
	0.562553	1
	0.000000
PRED	H-SSM	54321
	CALTECH	1
	0.562553	1
	0.000000
PRED	H-SSM	54321
	CALTECH	1
	0.562553	1
	0.000000
PRED	H-SSM	54321
	CALTECH	1
	0.562553	1
	0.000000
PRED	H-SSM	54321
	CALTECH	0
	0.562553	1
	0.000000
PRED	H-SSM	54321
	CALTECH	0
	0.562553	1
	0.000000
PRED	H-SSM	54321
	CALTECH	0
	0.562553	1
	0.000000
PRED	H-SSM	54321
	CALTECH	0
	0.562553	1
	0.000000
PRED	H-SSM	54321
	CALTECH	0
	0.562553	1
	0.000000
PRED	H-SSM	54321
	CALTECH	0
	0.562553	1
	0.000000
PRED	H-SSM	54321
	CALTECH	0
	0.562553	1
	0.000000
PRED	H-SSM	54321
	CALTECH	0
	0.562553	1
	0.000000
PRED	H-SSM	54321
	CALTECH	0
	0.562553	1
	0.000000
PRED	H-SSM	54321
	CALTECH	0
	0.562553	1
	0.000000
PRED	H-SSM	54321
	CALTECH	0
	0.562553	1
	0.000000
PRED	H-SSM	54321
	CALTECH	0
	0.562553	1
	0.000000
PRED	H-SSM	54321
	LEUVEN_2	1
	0.546717	1
	0.000000
PRED	H-SSM	54321
	LEUVEN_2	1
	0.546717	1
	0.000000
PRED	H-SSM	54321
	LEUVEN_2	1
	0.546717	1
	0.000000
PRED	H-SSM	54321
	LEUVEN_2	1
	0.546717	1
	0.000000
PRED	H-SSM	54321
	LEUVEN_2	1
	0.546717	1
	0.000000
PRED	H-SSM	54321
	LEUVEN_2	1
	0.546717	1
	0.000000
PRED	H-SSM	54321
	LEUVEN_2	1
	0.546717	1
	0.000000
PRED	H-SSM	54321
	LEUVEN_2	1
	0.546717	1
	0.000000
PRED	H-SSM	54321
	LEUVEN_2	1
	0.546717	1
	0.000000
PRED	H-SSM	54321
	LEUVEN_2	1
	0.546717	1
	0.000000
PRED	H-SSM	54321
	LEUVEN_2	1
	0.546717	1
	0.000000
PRED	H-SSM	54321
	LEUVEN_2	1
	0.546717	1
	0.000000
PRED	H-SSM	54321
	LEUVEN_2	0
	0.546717	1
	0.000000
PRED	H-SSM	54321
	LEUVEN_2	0
	0.546717	1
	0.000000
PRED	H-SSM	54321
	LEUVEN_2	0
	0.546717	1
	0.000000
PRED	H-SSM	54321
	LEUVEN_2	0
	0.546717	1
	0.000000
PRED	H-SSM	54321
	LEUVEN_2	0
	0.546717	1
	0.000000
PRED	H-SSM	54321
	LEUVEN_2	0
	0.546717	1
	0.000000
PRED	H-SSM	54321
	LEUVEN_2	0
	0.546717	1
	0.000000
PRED	H-SSM	54321
	LEUVEN_2	0
	0.546717	1
	0.000000
PRED	H-SSM	54321
	LEUVEN_2	0
	0.546717	1
	0.000000
PRED	H-SSM	54321
	LEUVEN_2	0
	0.546717	1
	0.000000
PRED	H-SSM	54321
	LEUVEN_2	0
	0.546717	1
	0.000000
PRED	H-SSM	54321
	LEUVEN_2	0
	0.546717	1
	0.000000
PRED	H-SSM	54321
	OLIN	1
	0.523963	1
	0.000000
PRED	H-SSM	54321
	OLIN	1
	0.523963	1
	0.000000
PRED	H-SSM	54321
	OLIN	1
	0.523963	1
	0.000000
PRED	H-SSM	54321
	OLIN	1
	0.523963	1
	0.000000
PRED	H-SSM	54321
	OLIN	1
	0.523963	1
	0.000000
PRED	H-SSM	54321
	OLIN	1
	0.523963	1
	0.000000
PRED	H-SSM	54321
	OLIN	1
	0.523963	1
	0.000000
PRED	H-SSM	54321
	OLIN	1
	0.523963	1
	0.000000
PRED	H-SSM	54321
	OLIN	1
	0.523963	1
	0.000000
PRED	H-SSM	54321
	OLIN	1
	0.523963	1
	0.000000
PRED	H-SSM	54321
	OLIN	1
	0.523963	1
	0.000000
PRED	H-SSM	54321
	OLIN	1
	0.523963	1
	0.000000
PRED	H-SSM	54321
	OLIN	0
	0.523963	1
	0.000000
PRED	H-SSM	54321
	OLIN	0
	0.523963	1
	0.000000
PRED	H-SSM	54321
	OLIN	0
	0.523963	1
	0.000000
PRED	H-SSM	54321
	OLIN	0
	0.523963	1
	0.000000
PRED	H-SSM	54321
	OLIN	0
	0.523963	1
	0.000000
PRED	H-SSM	54321
	OLIN	0
	0.523963	1
	0.000000
PRED	H-SSM	54321
	OLIN	0
	0.523963	1
	0.000000
PRED	H-SSM	54321
	OLIN	0
	0.523963	1
	0.000000
PRED	H-SSM	54321
	OLIN	0
	0.523963	1
	0.000000
PRED	H-SSM	54321
	OLIN	0
	0.523963	1
	0.000000
PRED	H-SSM	54321
	OLIN	0
	0.523963	1
	0.000000
PRED	H-SSM	54321
	OLIN	0
	0.523963	1
	0.000000
PRED	H-SSM	54321
	SBL	1
	0.479121	0
	0.000000
PRED	H-SSM	54321
	SBL	1
	0.479121	0
	0.000000
PRED	H-SSM	54321
	SBL	1
	0.479121	0
	0.000000
PRED	H-SSM	54321
	SBL	1
	0.479121	0
	0.000000
PRED	H-SSM	54321
	SBL	1
	0.479121	0
	0.000000
PRED	H-SSM	54321
	SBL	1
	0.479121	0
	0.000000
PRED	H-SSM	54321
	SBL	1
	0.479121	0
	0.000000
PRED	H-SSM	54321
	SBL	1
	0.479121	0
	0.000000
PRED	H-SSM	54321
	SBL	1
	0.479121	0
	0.000000
PRED	H-SSM	54321
	SBL	1
	0.479121	0
	0.000000
PRED	H-SSM	54321
	SBL	1
	0.479121	0
	0.000000
PRED	H-SSM	54321
	SBL	1
	0.479121	0
	0.000000
PRED	H-SSM	54321
	SBL	0
	0.479121	0
	0.000000
PRED	H-SSM	54321
	SBL	0
	0.479121	0
	0.000000
PRED	H-SSM	54321
	SBL	0
	0.479121	0
	0.000000
PRED	H-SSM	54321
	SBL	0
	0.479121	0
	0.000000
PRED	H-SSM	54321
	SBL	0
	0.479121	0
	0.000000
PRED	H-SSM	54321
	SBL	0
	0.479121	0
	0.000000
PRED	H-SSM	54321
	SBL	0
	0.479121	0
	0.000000
PRED	H-SSM	54321
	SBL	0
	0.479121	0
	0.000000
PRED	H-SSM	54321
	SBL	0
	0.479121	0
	0.000000
PRED	H-SSM	54321
	SBL	0
	0.479121	0
	0.000000
PRED	H-SSM	54321
	SBL	0
	0.479121	0
	0.000000
PRED	H-SSM	54321
	SBL	0
	0.479121	0
	0.000000
PRED	H-SSM	54321
	LEUVEN_1	1
	0.390185	0
	0.000000
PRED	H-SSM	54321
	LEUVEN_1	1
	0.390185	0
	0.000000
PRED	H-SSM	54321
	LEUVEN_1	1
	0.390185	0
	0.000000
PRED	H-SSM	54321
	LEUVEN_1	1
	0.390185	0
	0.000000
PRED	H-SSM	54321
	LEUVEN_1	1
	0.390185	0
	0.000000
PRED	H-SSM	54321
	LEUVEN_1	1
	0.390185	0
	0.000000
PRED	H-SSM	54321
	LEUVEN_1	1
	0.390185	0
	0.000000
PRED	H-SSM	54321
	LEUVEN_1	1
	0.390185	0
	0.000000
PRED	H-SSM	54321
	LEUVEN_1	1
	0.390185	0
	0.000000
PRED	H-SSM	54321
	LEUVEN_1	1
	0.390185	0
	0.000000
PRED	H-SSM	54321
	LEUVEN_1	1
	0.390185	0
	0.000000
PRED	H-SSM	54321
	LEUVEN_1	1
	0.390185	0
	0.000000
PRED	H-SSM	54321
	LEUVEN_1	0
	0.390185	0
	0.000000
PRED	H-SSM	54321
	LEUVEN_1	0
	0.390185	0
	0.000000
PRED	H-SSM	54321
	LEUVEN_1	0
	0.390185	0
	0.000000
PRED	H-SSM	54321
	LEUVEN_1	0
	0.390185	0
	0.000000
PRED	H-SSM	54321
	LEUVEN_1	0
	0.390185	0
	0.000000
PRED	H-SSM	54321
	LEUVEN_1	0
	0.390185	0
	0.000000
PRED	H-SSM	54321
	LEUVEN_1	0
	0.390185	0
	0.000000
PRED	H-SSM	54321
	LEUVEN_1	0
	0.390185	0
	0.000000
PRED	H-SSM	54321
	LEUVEN_1	0
	0.390185	0
	0.000000
PRED	H-SSM	54321
	LEUVEN_1	0
	0.390185	0
	0.000000
PRED	H-SSM	54321
	LEUVEN_1	0
	0.390185	0
	0.000000
PRED	H-SSM	54321
	LEUVEN_1	0
	0.390185	0
	0.000000
PRED	H-SSM	54321
	SDSU	1
	0.518480	1
	0.000000
PRED	H-SSM	54321
	SDSU	1
	0.518480	1
	0.000000
PRED	H-SSM	54321
	SDSU	1
	0.518480	1
	0.000000
PRED	H-SSM	54321
	SDSU	1
	0.518480	1
	0.000000
PRED	H-SSM	54321
	SDSU	1
	0.518480	1
	0.000000
PRED	H-SSM	54321
	SDSU	1
	0.518480	1
	0.000000
PRED	H-SSM	54321
	SDSU	1
	0.518480	1
	0.000000
PRED	H-SSM	54321
	SDSU	1
	0.518480	1
	0.000000
PRED	H-SSM	54321
	SDSU	1
	0.518480	1
	0.000000
PRED	H-SSM	54321
	SDSU	1
	0.518480	1
	0.000000
PRED	H-SSM	54321
	SDSU	1
	0.518480	1
	0.000000
PRED	H-SSM	54321
	SDSU	1
	0.518480	1
	0.000000
PRED	H-SSM	54321
	SDSU	0
	0.518480	1
	0.000000
PRED	H-SSM	54321
	SDSU	0
	0.518480	1
	0.000000
PRED	H-SSM	54321
	SDSU	0
	0.518480	1
	0.000000
PRED	H-SSM	54321
	SDSU	0
	0.518480	1
	0.000000
PRED	H-SSM	54321
	SDSU	0
	0.518480	1
	0.000000
PRED	H-SSM	54321
	SDSU	0
	0.518480	1
	0.000000
PRED	H-SSM	54321
	SDSU	0
	0.518480	1
	0.000000
PRED	H-SSM	54321
	SDSU	0
	0.518480	1
	0.000000
PRED	H-SSM	54321
	SDSU	0
	0.518480	1
	0.000000
PRED	H-SSM	54321
	SDSU	0
	0.518480	1
	0.000000
PRED	H-SSM	54321
	SDSU	0
	0.518480	1
	0.000000
PRED	H-SSM	54321
	SDSU	0
	0.518480	1
	0.000000
PRED	H-SSM	54321
	CMU	1
	0.585335	1
	0.000000
PRED	H-SSM	54321
	CMU	1
	0.585335	1
	0.000000
PRED	H-SSM	54321
	CMU	1
	0.585335	1
	0.000000
PRED	H-SSM	54321
	CMU	1
	0.585335	1
	0.000000
PRED	H-SSM	54321
	CMU	1
	0.585335	1
	0.000000
PRED	H-SSM	54321
	CMU	1
	0.585335	1
	0.000000
PRED	H-SSM	54321
	CMU	1
	0.585335	1
	0.000000
PRED	H-SSM	54321
	CMU	1
	0.585335	1
	0.000000
PRED	H-SSM	54321
	CMU	1
	0.585335	1
	0.000000
PRED	H-SSM	54321
	CMU	1
	0.585335	1
	0.000000
PRED	H-SSM	54321
	CMU	1
	0.585335	1
	0.000000
PRED	H-SSM	54321
	CMU	1
	0.585335	1
	0.000000
PRED	H-SSM	54321
	CMU	0
	0.585335	1
	0.000000
PRED	H-SSM	54321
	CMU	0
	0.585335	1
	0.000000
PRED	H-SSM	54321
	CMU	0
	0.585335	1
	0.000000
PRED	H-SSM	54321
	CMU	0
	0.585335	1
	0.000000
PRED	H-SSM	54321
	CMU	0
	0.585335	1
	0.000000
PRED	H-SSM	54321
	CMU	0
	0.585335	1
	0.000000
PRED	H-SSM	54321
	CMU	0
	0.585335	1
	0.000000
PRED	H-SSM	54321
	CMU	0
	0.585335	1
	0.000000
PRED	H-SSM	54321
	CMU	0
	0.585335	1
	0.000000
PRED	H-SSM	54321
	CMU	0
	0.585335	1
	0.000000
PRED	H-SSM	54321
	CMU	0
	0.585335	1
	0.000000
PRED	H-SSM	54321
	CMU	0
	0.585335	1
	0.000000
PRED	H-SSM	54321
	UCLA_2	1
	0.385221	0
	0.000000
PRED	H-SSM	54321
	UCLA_2	1
	0.385221	0
	0.000000
PRED	H-SSM	54321
	UCLA_2	1
	0.385221	0
	0.000000
PRED	H-SSM	54321
	UCLA_2	1
	0.385221	0
	0.000000
PRED	H-SSM	54321
	UCLA_2	1
	0.385221	0
	0.000000
PRED	H-SSM	54321
	UCLA_2	1
	0.385221	0
	0.000000
PRED	H-SSM	54321
	UCLA_2	1
	0.385221	0
	0.000000
PRED	H-SSM	54321
	UCLA_2	1
	0.385221	0
	0.000000
PRED	H-SSM	54321
	UCLA_2	1
	0.385221	0
	0.000000
PRED	H-SSM	54321
	UCLA_2	1
	0.385221	0
	0.000000
PRED	H-SSM	54321
	UCLA_2	1
	0.385221	0
	0.000000
PRED	H-SSM	54321
	UCLA_2	1
	0.385221	0
	0.000000
PRED	H-SSM	54321
	UCLA_2	0
	0.385221	0
	0.000000
PRED	H-SSM	54321
	UCLA_2	0
	0.385221	0
	0.000000
PRED	H-SSM	54321
	UCLA_2	0
	0.385221	0
	0.000000
PRED	H-SSM	54321
	UCLA_2	0
	0.385221	0
	0.000000
PRED	H-SSM	54321
	UCLA_2	0
	0.385221	0
	0.000000
PRED	H-SSM	54321
	UCLA_2	0
	0.385221	0
	0.000000
PRED	H-SSM	54321
	UCLA_2	0
	0.385221	0
	0.000000
PRED	H-SSM	54321
	UCLA_2	0
	0.385221	0
	0.000000
PRED	H-SSM	54321
	UCLA_2	0
	0.385221	0
	0.000000
PRED	H-SSM	54321
	UCLA_2	0
	0.385221	0
	0.000000
PRED	H-SSM	54321
	UCLA_2	0
	0.385221	0
	0.000000
PRED	H-SSM	54321
	UCLA_2	0
	0.385221	0
	0.000000
PRED	H-SSM	54321
	UM_2	1
	0.380391	0
	0.000000
PRED	H-SSM	54321
	UM_2	1
	0.380391	0
	0.000000
PRED	H-SSM	54321
	UM_2	1
	0.380391	0
	0.000000
PRED	H-SSM	54321
	UM_2	1
	0.380391	0
	0.000000
PRED	H-SSM	54321
	UM_2	1
	0.380391	0
	0.000000
PRED	H-SSM	54321
	UM_2	1
	0.380391	0
	0.000000
PRED	H-SSM	54321
	UM_2	1
	0.380391	0
	0.000000
PRED	H-SSM	54321
	UM_2	1
	0.380391	0
	0.000000
PRED	H-SSM	54321
	UM_2	1
	0.380391	0
	0.000000
PRED	H-SSM	54321
	UM_2	1
	0.380391	0
	0.000000
PRED	H-SSM	54321
	UM_2	1
	0.380391	0
	0.000000
PRED	H-SSM	54321
	UM_2	1
	0.380391	0
	0.000000
PRED	H-SSM	54321
	UM_2	0
	0.380391	0
	0.000000
PRED	H-SSM	54321
	UM_2	0
	0.380391	0
	0.000000
PRED	H-SSM	54321
	UM_2	0
	0.380391	0
	0.000000
PRED	H-SSM	54321
	UM_2	0
	0.380391	0
	0.000000
PRED	H-SSM	54321
	UM_2	0
	0.380391	0
	0.000000
PRED	H-SSM	54321
	UM_2	0
	0.380391	0
	0.000000
PRED	H-SSM	54321
	UM_2	0
	0.380391	0
	0.000000
PRED	H-SSM	54321
	UM_2	0
	0.380391	0
	0.000000
PRED	H-SSM	54321
	UM_2	0
	0.380391	0
	0.000000
PRED	H-SSM	54321
	UM_2	0
	0.380391	0
	0.000000
PRED	H-SSM	54321
	UM_2	0
	0.380391	0
	0.000000
PRED	H-SSM	54321
	UM_2	0
	0.380391	0
	0.000000
PRED	H-SSM	54321
	OHSU	1
	0.373904	0
	0.000000
PRED	H-SSM	54321
	OHSU	1
	0.373904	0
	0.000000
PRED	H-SSM	54321
	OHSU	1
	0.373904	0
	0.000000
PRED	H-SSM	54321
	OHSU	1
	0.373904	0
	0.000000
PRED	H-SSM	54321
	OHSU	1
	0.373904	0
	0.000000
PRED	H-SSM	54321
	OHSU	1
	0.373904	0
	0.000000
PRED	H-SSM	54321
	OHSU	1
	0.373904	0
	0.000000
PRED	H-SSM	54321
	OHSU	1
	0.373904	0
	0.000000
PRED	H-SSM	54321
	OHSU	1
	0.373904	0
	0.000000
PRED	H-SSM	54321
	OHSU	1
	0.373904	0
	0.000000
PRED	H-SSM	54321
	OHSU	1
	0.373904	0
	0.000000
PRED	H-SSM	54321
	OHSU	1
	0.373904	0
	0.000000
PRED	H-SSM	54321
	OHSU	0
	0.373904	0
	0.000000
PRED	H-SSM	54321
	OHSU	0
	0.373904	0
	0.000000
PRED	H-SSM	54321
	OHSU	0
	0.373904	0
	0.000000
PRED	H-SSM	54321
	OHSU	0
	0.373904	0
	0.000000
PRED	H-SSM	54321
	OHSU	0
	0.373904	0
	0.000000
PRED	H-SSM	54321
	OHSU	0
	0.373904	0
	0.000000
PRED	H-SSM	54321
	OHSU	0
	0.373904	0
	0.000000
PRED	H-SSM	54321
	OHSU	0
	0.373904	0
	0.000000
PRED	H-SSM	54321
	OHSU	0
	0.373904	0
	0.000000
PRED	H-SSM	54321
	OHSU	0
	0.373904	0
	0.000000
PRED	H-SSM	54321
	OHSU	0
	0.373904	0
	0.000000
PRED	H-SSM	54321
	OHSU	0
	0.373904	0
	0.000000
  H-SSM    54321
   acc=50.000000% bal=50.000000% sites=20
/20
 test_n=500
 assoc=0.000000
PRED	H-SSM	67890
	NYU	1
	0.654997	1
	0.000000
PRED	H-SSM	67890
	NYU	1
	0.654997	1
	0.000000
PRED	H-SSM	67890
	NYU	1
	0.654997	1
	0.000000
PRED	H-SSM	67890
	NYU	1
	0.654997	1
	0.000000
PRED	H-SSM	67890
	NYU	1
	0.654997	1
	0.000000
PRED	H-SSM	67890
	NYU	1
	0.654997	1
	0.000000
PRED	H-SSM	67890
	NYU	1
	0.654997	1
	0.000000
PRED	H-SSM	67890
	NYU	1
	0.654997	1
	0.000000
PRED	H-SSM	67890
	NYU	1
	0.654997	1
	0.000000
PRED	H-SSM	67890
	NYU	1
	0.654997	1
	0.000000
PRED	H-SSM	67890
	NYU	1
	0.654997	1
	0.000000
PRED	H-SSM	67890
	NYU	1
	0.654997	1
	0.000000
PRED	H-SSM	67890
	NYU	1
	0.654997	1
	0.000000
PRED	H-SSM	67890
	NYU	0
	0.654997	1
	0.000000
PRED	H-SSM	67890
	NYU	0
	0.654997	1
	0.000000
PRED	H-SSM	67890
	NYU	0
	0.654997	1
	0.000000
PRED	H-SSM	67890
	NYU	0
	0.654997	1
	0.000000
PRED	H-SSM	67890
	NYU	0
	0.654997	1
	0.000000
PRED	H-SSM	67890
	NYU	0
	0.654997	1
	0.000000
PRED	H-SSM	67890
	NYU	0
	0.654997	1
	0.000000
PRED	H-SSM	67890
	NYU	0
	0.654997	1
	0.000000
PRED	H-SSM	67890
	NYU	0
	0.654997	1
	0.000000
PRED	H-SSM	67890
	NYU	0
	0.654997	1
	0.000000
PRED	H-SSM	67890
	NYU	0
	0.654997	1
	0.000000
PRED	H-SSM	67890
	NYU	0
	0.654997	1
	0.000000
PRED	H-SSM	67890
	NYU	0
	0.654997	1
	0.000000
PRED	H-SSM	67890
	UM_1	1
	0.273060	0
	0.000000
PRED	H-SSM	67890
	UM_1	1
	0.273060	0
	0.000000
PRED	H-SSM	67890
	UM_1	1
	0.273060	0
	0.000000
PRED	H-SSM	67890
	UM_1	1
	0.273060	0
	0.000000
PRED	H-SSM	67890
	UM_1	1
	0.273060	0
	0.000000
PRED	H-SSM	67890
	UM_1	1
	0.273060	0
	0.000000
PRED	H-SSM	67890
	UM_1	1
	0.273060	0
	0.000000
PRED	H-SSM	67890
	UM_1	1
	0.273060	0
	0.000000
PRED	H-SSM	67890
	UM_1	1
	0.273060	0
	0.000000
PRED	H-SSM	67890
	UM_1	1
	0.273060	0
	0.000000
PRED	H-SSM	67890
	UM_1	1
	0.273060	0
	0.000000
PRED	H-SSM	67890
	UM_1	1
	0.273060	0
	0.000000
PRED	H-SSM	67890
	UM_1	1
	0.273060	0
	0.000000
PRED	H-SSM	67890
	UM_1	0
	0.273060	0
	0.000000
PRED	H-SSM	67890
	UM_1	0
	0.273060	0
	0.000000
PRED	H-SSM	67890
	UM_1	0
	0.273060	0
	0.000000
PRED	H-SSM	67890
	UM_1	0
	0.273060	0
	0.000000
PRED	H-SSM	67890
	UM_1	0
	0.273060	0
	0.000000
PRED	H-SSM	67890
	UM_1	0
	0.273060	0
	0.000000
PRED	H-SSM	67890
	UM_1	0
	0.273060	0
	0.000000
PRED	H-SSM	67890
	UM_1	0
	0.273060	0
	0.000000
PRED	H-SSM	67890
	UM_1	0
	0.273060	0
	0.000000
PRED	H-SSM	67890
	UM_1	0
	0.273060	0
	0.000000
PRED	H-SSM	67890
	UM_1	0
	0.273060	0
	0.000000
PRED	H-SSM	67890
	UM_1	0
	0.273060	0
	0.000000
PRED	H-SSM	67890
	UM_1	0
	0.273060	0
	0.000000
PRED	H-SSM	67890
	UCLA_1	1
	0.514654	1
	0.000000
PRED	H-SSM	67890
	UCLA_1	1
	0.514654	1
	0.000000
PRED	H-SSM	67890
	UCLA_1	1
	0.514654	1
	0.000000
PRED	H-SSM	67890
	UCLA_1	1
	0.514654	1
	0.000000
PRED	H-SSM	67890
	UCLA_1	1
	0.514654	1
	0.000000
PRED	H-SSM	67890
	UCLA_1	1
	0.514654	1
	0.000000
PRED	H-SSM	67890
	UCLA_1	1
	0.514654	1
	0.000000
PRED	H-SSM	67890
	UCLA_1	1
	0.514654	1
	0.000000
PRED	H-SSM	67890
	UCLA_1	1
	0.514654	1
	0.000000
PRED	H-SSM	67890
	UCLA_1	1
	0.514654	1
	0.000000
PRED	H-SSM	67890
	UCLA_1	1
	0.514654	1
	0.000000
PRED	H-SSM	67890
	UCLA_1	1
	0.514654	1
	0.000000
PRED	H-SSM	67890
	UCLA_1	1
	0.514654	1
	0.000000
PRED	H-SSM	67890
	UCLA_1	0
	0.514654	1
	0.000000
PRED	H-SSM	67890
	UCLA_1	0
	0.514654	1
	0.000000
PRED	H-SSM	67890
	UCLA_1	0
	0.514654	1
	0.000000
PRED	H-SSM	67890
	UCLA_1	0
	0.514654	1
	0.000000
PRED	H-SSM	67890
	UCLA_1	0
	0.514654	1
	0.000000
PRED	H-SSM	67890
	UCLA_1	0
	0.514654	1
	0.000000
PRED	H-SSM	67890
	UCLA_1	0
	0.514654	1
	0.000000
PRED	H-SSM	67890
	UCLA_1	0
	0.514654	1
	0.000000
PRED	H-SSM	67890
	UCLA_1	0
	0.514654	1
	0.000000
PRED	H-SSM	67890
	UCLA_1	0
	0.514654	1
	0.000000
PRED	H-SSM	67890
	UCLA_1	0
	0.514654	1
	0.000000
PRED	H-SSM	67890
	UCLA_1	0
	0.514654	1
	0.000000
PRED	H-SSM	67890
	UCLA_1	0
	0.514654	1
	0.000000
PRED	H-SSM	67890
	YALE	1
	0.673236	1
	0.000000
PRED	H-SSM	67890
	YALE	1
	0.673236	1
	0.000000
PRED	H-SSM	67890
	YALE	1
	0.673236	1
	0.000000
PRED	H-SSM	67890
	YALE	1
	0.673236	1
	0.000000
PRED	H-SSM	67890
	YALE	1
	0.673236	1
	0.000000
PRED	H-SSM	67890
	YALE	1
	0.673236	1
	0.000000
PRED	H-SSM	67890
	YALE	1
	0.673236	1
	0.000000
PRED	H-SSM	67890
	YALE	1
	0.673236	1
	0.000000
PRED	H-SSM	67890
	YALE	1
	0.673236	1
	0.000000
PRED	H-SSM	67890
	YALE	1
	0.673236	1
	0.000000
PRED	H-SSM	67890
	YALE	1
	0.673236	1
	0.000000
PRED	H-SSM	67890
	YALE	1
	0.673236	1
	0.000000
PRED	H-SSM	67890
	YALE	1
	0.673236	1
	0.000000
PRED	H-SSM	67890
	YALE	0
	0.673236	1
	0.000000
PRED	H-SSM	67890
	YALE	0
	0.673236	1
	0.000000
PRED	H-SSM	67890
	YALE	0
	0.673236	1
	0.000000
PRED	H-SSM	67890
	YALE	0
	0.673236	1
	0.000000
PRED	H-SSM	67890
	YALE	0
	0.673236	1
	0.000000
PRED	H-SSM	67890
	YALE	0
	0.673236	1
	0.000000
PRED	H-SSM	67890
	YALE	0
	0.673236	1
	0.000000
PRED	H-SSM	67890
	YALE	0
	0.673236	1
	0.000000
PRED	H-SSM	67890
	YALE	0
	0.673236	1
	0.000000
PRED	H-SSM	67890
	YALE	0
	0.673236	1
	0.000000
PRED	H-SSM	67890
	YALE	0
	0.673236	1
	0.000000
PRED	H-SSM	67890
	YALE	0
	0.673236	1
	0.000000
PRED	H-SSM	67890
	YALE	0
	0.673236	1
	0.000000
PRED	H-SSM	67890
	PITT	1
	0.303891	0
	0.000000
PRED	H-SSM	67890
	PITT	1
	0.303891	0
	0.000000
PRED	H-SSM	67890
	PITT	1
	0.303891	0
	0.000000
PRED	H-SSM	67890
	PITT	1
	0.303891	0
	0.000000
PRED	H-SSM	67890
	PITT	1
	0.303891	0
	0.000000
PRED	H-SSM	67890
	PITT	1
	0.303891	0
	0.000000
PRED	H-SSM	67890
	PITT	1
	0.303891	0
	0.000000
PRED	H-SSM	67890
	PITT	1
	0.303891	0
	0.000000
PRED	H-SSM	67890
	PITT	1
	0.303891	0
	0.000000
PRED	H-SSM	67890
	PITT	1
	0.303891	0
	0.000000
PRED	H-SSM	67890
	PITT	1
	0.303891	0
	0.000000
PRED	H-SSM	67890
	PITT	1
	0.303891	0
	0.000000
PRED	H-SSM	67890
	PITT	1
	0.303891	0
	0.000000
PRED	H-SSM	67890
	PITT	0
	0.303891	0
	0.000000
PRED	H-SSM	67890
	PITT	0
	0.303891	0
	0.000000
PRED	H-SSM	67890
	PITT	0
	0.303891	0
	0.000000
PRED	H-SSM	67890
	PITT	0
	0.303891	0
	0.000000
PRED	H-SSM	67890
	PITT	0
	0.303891	0
	0.000000
PRED	H-SSM	67890
	PITT	0
	0.303891	0
	0.000000
PRED	H-SSM	67890
	PITT	0
	0.303891	0
	0.000000
PRED	H-SSM	67890
	PITT	0
	0.303891	0
	0.000000
PRED	H-SSM	67890
	PITT	0
	0.303891	0
	0.000000
PRED	H-SSM	67890
	PITT	0
	0.303891	0
	0.000000
PRED	H-SSM	67890
	PITT	0
	0.303891	0
	0.000000
PRED	H-SSM	67890
	PITT	0
	0.303891	0
	0.000000
PRED	H-SSM	67890
	PITT	0
	0.303891	0
	0.000000
PRED	H-SSM	67890
	USM	1
	0.263051	0
	0.000000
PRED	H-SSM	67890
	USM	1
	0.263051	0
	0.000000
PRED	H-SSM	67890
	USM	1
	0.263051	0
	0.000000
PRED	H-SSM	67890
	USM	1
	0.263051	0
	0.000000
PRED	H-SSM	67890
	USM	1
	0.263051	0
	0.000000
PRED	H-SSM	67890
	USM	1
	0.263051	0
	0.000000
PRED	H-SSM	67890
	USM	1
	0.263051	0
	0.000000
PRED	H-SSM	67890
	USM	1
	0.263051	0
	0.000000
PRED	H-SSM	67890
	USM	1
	0.263051	0
	0.000000
PRED	H-SSM	67890
	USM	1
	0.263051	0
	0.000000
PRED	H-SSM	67890
	USM	1
	0.263051	0
	0.000000
PRED	H-SSM	67890
	USM	1
	0.263051	0
	0.000000
PRED	H-SSM	67890
	USM	1
	0.263051	0
	0.000000
PRED	H-SSM	67890
	USM	0
	0.263051	0
	0.000000
PRED	H-SSM	67890
	USM	0
	0.263051	0
	0.000000
PRED	H-SSM	67890
	USM	0
	0.263051	0
	0.000000
PRED	H-SSM	67890
	USM	0
	0.263051	0
	0.000000
PRED	H-SSM	67890
	USM	0
	0.263051	0
	0.000000
PRED	H-SSM	67890
	USM	0
	0.263051	0
	0.000000
PRED	H-SSM	67890
	USM	0
	0.263051	0
	0.000000
PRED	H-SSM	67890
	USM	0
	0.263051	0
	0.000000
PRED	H-SSM	67890
	USM	0
	0.263051	0
	0.000000
PRED	H-SSM	67890
	USM	0
	0.263051	0
	0.000000
PRED	H-SSM	67890
	USM	0
	0.263051	0
	0.000000
PRED	H-SSM	67890
	USM	0
	0.263051	0
	0.000000
PRED	H-SSM	67890
	USM	0
	0.263051	0
	0.000000
PRED	H-SSM	67890
	MAX_MUN	1
	0.440320	0
	0.000000
PRED	H-SSM	67890
	MAX_MUN	1
	0.440320	0
	0.000000
PRED	H-SSM	67890
	MAX_MUN	1
	0.440320	0
	0.000000
PRED	H-SSM	67890
	MAX_MUN	1
	0.440320	0
	0.000000
PRED	H-SSM	67890
	MAX_MUN	1
	0.440320	0
	0.000000
PRED	H-SSM	67890
	MAX_MUN	1
	0.440320	0
	0.000000
PRED	H-SSM	67890
	MAX_MUN	1
	0.440320	0
	0.000000
PRED	H-SSM	67890
	MAX_MUN	1
	0.440320	0
	0.000000
PRED	H-SSM	67890
	MAX_MUN	1
	0.440320	0
	0.000000
PRED	H-SSM	67890
	MAX_MUN	1
	0.440320	0
	0.000000
PRED	H-SSM	67890
	MAX_MUN	1
	0.440320	0
	0.000000
PRED	H-SSM	67890
	MAX_MUN	1
	0.440320	0
	0.000000
PRED	H-SSM	67890
	MAX_MUN	1
	0.440320	0
	0.000000
PRED	H-SSM	67890
	MAX_MUN	0
	0.440320	0
	0.000000
PRED	H-SSM	67890
	MAX_MUN	0
	0.440320	0
	0.000000
PRED	H-SSM	67890
	MAX_MUN	0
	0.440320	0
	0.000000
PRED	H-SSM	67890
	MAX_MUN	0
	0.440320	0
	0.000000
PRED	H-SSM	67890
	MAX_MUN	0
	0.440320	0
	0.000000
PRED	H-SSM	67890
	MAX_MUN	0
	0.440320	0
	0.000000
PRED	H-SSM	67890
	MAX_MUN	0
	0.440320	0
	0.000000
PRED	H-SSM	67890
	MAX_MUN	0
	0.440320	0
	0.000000
PRED	H-SSM	67890
	MAX_MUN	0
	0.440320	0
	0.000000
PRED	H-SSM	67890
	MAX_MUN	0
	0.440320	0
	0.000000
PRED	H-SSM	67890
	MAX_MUN	0
	0.440320	0
	0.000000
PRED	H-SSM	67890
	MAX_MUN	0
	0.440320	0
	0.000000
PRED	H-SSM	67890
	MAX_MUN	0
	0.440320	0
	0.000000
PRED	H-SSM	67890
	TRINITY	1
	0.589575	1
	0.000000
PRED	H-SSM	67890
	TRINITY	1
	0.589575	1
	0.000000
PRED	H-SSM	67890
	TRINITY	1
	0.589575	1
	0.000000
PRED	H-SSM	67890
	TRINITY	1
	0.589575	1
	0.000000
PRED	H-SSM	67890
	TRINITY	1
	0.589575	1
	0.000000
PRED	H-SSM	67890
	TRINITY	1
	0.589575	1
	0.000000
PRED	H-SSM	67890
	TRINITY	1
	0.589575	1
	0.000000
PRED	H-SSM	67890
	TRINITY	1
	0.589575	1
	0.000000
PRED	H-SSM	67890
	TRINITY	1
	0.589575	1
	0.000000
PRED	H-SSM	67890
	TRINITY	1
	0.589575	1
	0.000000
PRED	H-SSM	67890
	TRINITY	1
	0.589575	1
	0.000000
PRED	H-SSM	67890
	TRINITY	1
	0.589575	1
	0.000000
PRED	H-SSM	67890
	TRINITY	1
	0.589575	1
	0.000000
PRED	H-SSM	67890
	TRINITY	0
	0.589575	1
	0.000000
PRED	H-SSM	67890
	TRINITY	0
	0.589575	1
	0.000000
PRED	H-SSM	67890
	TRINITY	0
	0.589575	1
	0.000000
PRED	H-SSM	67890
	TRINITY	0
	0.589575	1
	0.000000
PRED	H-SSM	67890
	TRINITY	0
	0.589575	1
	0.000000
PRED	H-SSM	67890
	TRINITY	0
	0.589575	1
	0.000000
PRED	H-SSM	67890
	TRINITY	0
	0.589575	1
	0.000000
PRED	H-SSM	67890
	TRINITY	0
	0.589575	1
	0.000000
PRED	H-SSM	67890
	TRINITY	0
	0.589575	1
	0.000000
PRED	H-SSM	67890
	TRINITY	0
	0.589575	1
	0.000000
PRED	H-SSM	67890
	TRINITY	0
	0.589575	1
	0.000000
PRED	H-SSM	67890
	TRINITY	0
	0.589575	1
	0.000000
PRED	H-SSM	67890
	TRINITY	0
	0.589575	1
	0.000000
PRED	H-SSM	67890
	KKI	1
	0.592463	1
	0.000000
PRED	H-SSM	67890
	KKI	1
	0.592463	1
	0.000000
PRED	H-SSM	67890
	KKI	1
	0.592463	1
	0.000000
PRED	H-SSM	67890
	KKI	1
	0.592463	1
	0.000000
PRED	H-SSM	67890
	KKI	1
	0.592463	1
	0.000000
PRED	H-SSM	67890
	KKI	1
	0.592463	1
	0.000000
PRED	H-SSM	67890
	KKI	1
	0.592463	1
	0.000000
PRED	H-SSM	67890
	KKI	1
	0.592463	1
	0.000000
PRED	H-SSM	67890
	KKI	1
	0.592463	1
	0.000000
PRED	H-SSM	67890
	KKI	1
	0.592463	1
	0.000000
PRED	H-SSM	67890
	KKI	1
	0.592463	1
	0.000000
PRED	H-SSM	67890
	KKI	1
	0.592463	1
	0.000000
PRED	H-SSM	67890
	KKI	1
	0.592463	1
	0.000000
PRED	H-SSM	67890
	KKI	0
	0.592463	1
	0.000000
PRED	H-SSM	67890
	KKI	0
	0.592463	1
	0.000000
PRED	H-SSM	67890
	KKI	0
	0.592463	1
	0.000000
PRED	H-SSM	67890
	KKI	0
	0.592463	1
	0.000000
PRED	H-SSM	67890
	KKI	0
	0.592463	1
	0.000000
PRED	H-SSM	67890
	KKI	0
	0.592463	1
	0.000000
PRED	H-SSM	67890
	KKI	0
	0.592463	1
	0.000000
PRED	H-SSM	67890
	KKI	0
	0.592463	1
	0.000000
PRED	H-SSM	67890
	KKI	0
	0.592463	1
	0.000000
PRED	H-SSM	67890
	KKI	0
	0.592463	1
	0.000000
PRED	H-SSM	67890
	KKI	0
	0.592463	1
	0.000000
PRED	H-SSM	67890
	KKI	0
	0.592463	1
	0.000000
PRED	H-SSM	67890
	KKI	0
	0.592463	1
	0.000000
PRED	H-SSM	67890
	STANFORD	1
	0.384434	0
	0.000000
PRED	H-SSM	67890
	STANFORD	1
	0.384434	0
	0.000000
PRED	H-SSM	67890
	STANFORD	1
	0.384434	0
	0.000000
PRED	H-SSM	67890
	STANFORD	1
	0.384434	0
	0.000000
PRED	H-SSM	67890
	STANFORD	1
	0.384434	0
	0.000000
PRED	H-SSM	67890
	STANFORD	1
	0.384434	0
	0.000000
PRED	H-SSM	67890
	STANFORD	1
	0.384434	0
	0.000000
PRED	H-SSM	67890
	STANFORD	1
	0.384434	0
	0.000000
PRED	H-SSM	67890
	STANFORD	1
	0.384434	0
	0.000000
PRED	H-SSM	67890
	STANFORD	1
	0.384434	0
	0.000000
PRED	H-SSM	67890
	STANFORD	1
	0.384434	0
	0.000000
PRED	H-SSM	67890
	STANFORD	1
	0.384434	0
	0.000000
PRED	H-SSM	67890
	STANFORD	1
	0.384434	0
	0.000000
PRED	H-SSM	67890
	STANFORD	0
	0.384434	0
	0.000000
PRED	H-SSM	67890
	STANFORD	0
	0.384434	0
	0.000000
PRED	H-SSM	67890
	STANFORD	0
	0.384434	0
	0.000000
PRED	H-SSM	67890
	STANFORD	0
	0.384434	0
	0.000000
PRED	H-SSM	67890
	STANFORD	0
	0.384434	0
	0.000000
PRED	H-SSM	67890
	STANFORD	0
	0.384434	0
	0.000000
PRED	H-SSM	67890
	STANFORD	0
	0.384434	0
	0.000000
PRED	H-SSM	67890
	STANFORD	0
	0.384434	0
	0.000000
PRED	H-SSM	67890
	STANFORD	0
	0.384434	0
	0.000000
PRED	H-SSM	67890
	STANFORD	0
	0.384434	0
	0.000000
PRED	H-SSM	67890
	STANFORD	0
	0.384434	0
	0.000000
PRED	H-SSM	67890
	STANFORD	0
	0.384434	0
	0.000000
PRED	H-SSM	67890
	STANFORD	0
	0.384434	0
	0.000000
PRED	H-SSM	67890
	CALTECH	1
	0.652035	1
	0.000000
PRED	H-SSM	67890
	CALTECH	1
	0.652035	1
	0.000000
PRED	H-SSM	67890
	CALTECH	1
	0.652035	1
	0.000000
PRED	H-SSM	67890
	CALTECH	1
	0.652035	1
	0.000000
PRED	H-SSM	67890
	CALTECH	1
	0.652035	1
	0.000000
PRED	H-SSM	67890
	CALTECH	1
	0.652035	1
	0.000000
PRED	H-SSM	67890
	CALTECH	1
	0.652035	1
	0.000000
PRED	H-SSM	67890
	CALTECH	1
	0.652035	1
	0.000000
PRED	H-SSM	67890
	CALTECH	1
	0.652035	1
	0.000000
PRED	H-SSM	67890
	CALTECH	1
	0.652035	1
	0.000000
PRED	H-SSM	67890
	CALTECH	1
	0.652035	1
	0.000000
PRED	H-SSM	67890
	CALTECH	1
	0.652035	1
	0.000000
PRED	H-SSM	67890
	CALTECH	0
	0.652035	1
	0.000000
PRED	H-SSM	67890
	CALTECH	0
	0.652035	1
	0.000000
PRED	H-SSM	67890
	CALTECH	0
	0.652035	1
	0.000000
PRED	H-SSM	67890
	CALTECH	0
	0.652035	1
	0.000000
PRED	H-SSM	67890
	CALTECH	0
	0.652035	1
	0.000000
PRED	H-SSM	67890
	CALTECH	0
	0.652035	1
	0.000000
PRED	H-SSM	67890
	CALTECH	0
	0.652035	1
	0.000000
PRED	H-SSM	67890
	CALTECH	0
	0.652035	1
	0.000000
PRED	H-SSM	67890
	CALTECH	0
	0.652035	1
	0.000000
PRED	H-SSM	67890
	CALTECH	0
	0.652035	1
	0.000000
PRED	H-SSM	67890
	CALTECH	0
	0.652035	1
	0.000000
PRED	H-SSM	67890
	CALTECH	0
	0.652035	1
	0.000000
PRED	H-SSM	67890
	LEUVEN_2	1
	0.375056	0
	0.000000
PRED	H-SSM	67890
	LEUVEN_2	1
	0.375056	0
	0.000000
PRED	H-SSM	67890
	LEUVEN_2	1
	0.375056	0
	0.000000
PRED	H-SSM	67890
	LEUVEN_2	1
	0.375056	0
	0.000000
PRED	H-SSM	67890
	LEUVEN_2	1
	0.375056	0
	0.000000
PRED	H-SSM	67890
	LEUVEN_2	1
	0.375056	0
	0.000000
PRED	H-SSM	67890
	LEUVEN_2	1
	0.375056	0
	0.000000
PRED	H-SSM	67890
	LEUVEN_2	1
	0.375056	0
	0.000000
PRED	H-SSM	67890
	LEUVEN_2	1
	0.375056	0
	0.000000
PRED	H-SSM	67890
	LEUVEN_2	1
	0.375056	0
	0.000000
PRED	H-SSM	67890
	LEUVEN_2	1
	0.375056	0
	0.000000
PRED	H-SSM	67890
	LEUVEN_2	1
	0.375056	0
	0.000000
PRED	H-SSM	67890
	LEUVEN_2	0
	0.375056	0
	0.000000
PRED	H-SSM	67890
	LEUVEN_2	0
	0.375056	0
	0.000000
PRED	H-SSM	67890
	LEUVEN_2	0
	0.375056	0
	0.000000
PRED	H-SSM	67890
	LEUVEN_2	0
	0.375056	0
	0.000000
PRED	H-SSM	67890
	LEUVEN_2	0
	0.375056	0
	0.000000
PRED	H-SSM	67890
	LEUVEN_2	0
	0.375056	0
	0.000000
PRED	H-SSM	67890
	LEUVEN_2	0
	0.375056	0
	0.000000
PRED	H-SSM	67890
	LEUVEN_2	0
	0.375056	0
	0.000000
PRED	H-SSM	67890
	LEUVEN_2	0
	0.375056	0
	0.000000
PRED	H-SSM	67890
	LEUVEN_2	0
	0.375056	0
	0.000000
PRED	H-SSM	67890
	LEUVEN_2	0
	0.375056	0
	0.000000
PRED	H-SSM	67890
	LEUVEN_2	0
	0.375056	0
	0.000000
PRED	H-SSM	67890
	OLIN	1
	0.600740	1
	0.000000
PRED	H-SSM	67890
	OLIN	1
	0.600740	1
	0.000000
PRED	H-SSM	67890
	OLIN	1
	0.600740	1
	0.000000
PRED	H-SSM	67890
	OLIN	1
	0.600740	1
	0.000000
PRED	H-SSM	67890
	OLIN	1
	0.600740	1
	0.000000
PRED	H-SSM	67890
	OLIN	1
	0.600740	1
	0.000000
PRED	H-SSM	67890
	OLIN	1
	0.600740	1
	0.000000
PRED	H-SSM	67890
	OLIN	1
	0.600740	1
	0.000000
PRED	H-SSM	67890
	OLIN	1
	0.600740	1
	0.000000
PRED	H-SSM	67890
	OLIN	1
	0.600740	1
	0.000000
PRED	H-SSM	67890
	OLIN	1
	0.600740	1
	0.000000
PRED	H-SSM	67890
	OLIN	1
	0.600740	1
	0.000000
PRED	H-SSM	67890
	OLIN	0
	0.600740	1
	0.000000
PRED	H-SSM	67890
	OLIN	0
	0.600740	1
	0.000000
PRED	H-SSM	67890
	OLIN	0
	0.600740	1
	0.000000
PRED	H-SSM	67890
	OLIN	0
	0.600740	1
	0.000000
PRED	H-SSM	67890
	OLIN	0
	0.600740	1
	0.000000
PRED	H-SSM	67890
	OLIN	0
	0.600740	1
	0.000000
PRED	H-SSM	67890
	OLIN	0
	0.600740	1
	0.000000
PRED	H-SSM	67890
	OLIN	0
	0.600740	1
	0.000000
PRED	H-SSM	67890
	OLIN	0
	0.600740	1
	0.000000
PRED	H-SSM	67890
	OLIN	0
	0.600740	1
	0.000000
PRED	H-SSM	67890
	OLIN	0
	0.600740	1
	0.000000
PRED	H-SSM	67890
	OLIN	0
	0.600740	1
	0.000000
PRED	H-SSM	67890
	SBL	1
	0.343732	0
	0.000000
PRED	H-SSM	67890
	SBL	1
	0.343732	0
	0.000000
PRED	H-SSM	67890
	SBL	1
	0.343732	0
	0.000000
PRED	H-SSM	67890
	SBL	1
	0.343732	0
	0.000000
PRED	H-SSM	67890
	SBL	1
	0.343732	0
	0.000000
PRED	H-SSM	67890
	SBL	1
	0.343732	0
	0.000000
PRED	H-SSM	67890
	SBL	1
	0.343732	0
	0.000000
PRED	H-SSM	67890
	SBL	1
	0.343732	0
	0.000000
PRED	H-SSM	67890
	SBL	1
	0.343732	0
	0.000000
PRED	H-SSM	67890
	SBL	1
	0.343732	0
	0.000000
PRED	H-SSM	67890
	SBL	1
	0.343732	0
	0.000000
PRED	H-SSM	67890
	SBL	1
	0.343732	0
	0.000000
PRED	H-SSM	67890
	SBL	0
	0.343732	0
	0.000000
PRED	H-SSM	67890
	SBL	0
	0.343732	0
	0.000000
PRED	H-SSM	67890
	SBL	0
	0.343732	0
	0.000000
PRED	H-SSM	67890
	SBL	0
	0.343732	0
	0.000000
PRED	H-SSM	67890
	SBL	0
	0.343732	0
	0.000000
PRED	H-SSM	67890
	SBL	0
	0.343732	0
	0.000000
PRED	H-SSM	67890
	SBL	0
	0.343732	0
	0.000000
PRED	H-SSM	67890
	SBL	0
	0.343732	0
	0.000000
PRED	H-SSM	67890
	SBL	0
	0.343732	0
	0.000000
PRED	H-SSM	67890
	SBL	0
	0.343732	0
	0.000000
PRED	H-SSM	67890
	SBL	0
	0.343732	0
	0.000000
PRED	H-SSM	67890
	SBL	0
	0.343732	0
	0.000000
PRED	H-SSM	67890
	LEUVEN_1	1
	0.578229	1
	0.000000
PRED	H-SSM	67890
	LEUVEN_1	1
	0.578229	1
	0.000000
PRED	H-SSM	67890
	LEUVEN_1	1
	0.578229	1
	0.000000
PRED	H-SSM	67890
	LEUVEN_1	1
	0.578229	1
	0.000000
PRED	H-SSM	67890
	LEUVEN_1	1
	0.578229	1
	0.000000
PRED	H-SSM	67890
	LEUVEN_1	1
	0.578229	1
	0.000000
PRED	H-SSM	67890
	LEUVEN_1	1
	0.578229	1
	0.000000
PRED	H-SSM	67890
	LEUVEN_1	1
	0.578229	1
	0.000000
PRED	H-SSM	67890
	LEUVEN_1	1
	0.578229	1
	0.000000
PRED	H-SSM	67890
	LEUVEN_1	1
	0.578229	1
	0.000000
PRED	H-SSM	67890
	LEUVEN_1	1
	0.578229	1
	0.000000
PRED	H-SSM	67890
	LEUVEN_1	1
	0.578229	1
	0.000000
PRED	H-SSM	67890
	LEUVEN_1	0
	0.578229	1
	0.000000
PRED	H-SSM	67890
	LEUVEN_1	0
	0.578229	1
	0.000000
PRED	H-SSM	67890
	LEUVEN_1	0
	0.578229	1
	0.000000
PRED	H-SSM	67890
	LEUVEN_1	0
	0.578229	1
	0.000000
PRED	H-SSM	67890
	LEUVEN_1	0
	0.578229	1
	0.000000
PRED	H-SSM	67890
	LEUVEN_1	0
	0.578229	1
	0.000000
PRED	H-SSM	67890
	LEUVEN_1	0
	0.578229	1
	0.000000
PRED	H-SSM	67890
	LEUVEN_1	0
	0.578229	1
	0.000000
PRED	H-SSM	67890
	LEUVEN_1	0
	0.578229	1
	0.000000
PRED	H-SSM	67890
	LEUVEN_1	0
	0.578229	1
	0.000000
PRED	H-SSM	67890
	LEUVEN_1	0
	0.578229	1
	0.000000
PRED	H-SSM	67890
	LEUVEN_1	0
	0.578229	1
	0.000000
PRED	H-SSM	67890
	SDSU	1
	0.386428	0
	0.000000
PRED	H-SSM	67890
	SDSU	1
	0.386428	0
	0.000000
PRED	H-SSM	67890
	SDSU	1
	0.386428	0
	0.000000
PRED	H-SSM	67890
	SDSU	1
	0.386428	0
	0.000000
PRED	H-SSM	67890
	SDSU	1
	0.386428	0
	0.000000
PRED	H-SSM	67890
	SDSU	1
	0.386428	0
	0.000000
PRED	H-SSM	67890
	SDSU	1
	0.386428	0
	0.000000
PRED	H-SSM	67890
	SDSU	1
	0.386428	0
	0.000000
PRED	H-SSM	67890
	SDSU	1
	0.386428	0
	0.000000
PRED	H-SSM	67890
	SDSU	1
	0.386428	0
	0.000000
PRED	H-SSM	67890
	SDSU	1
	0.386428	0
	0.000000
PRED	H-SSM	67890
	SDSU	1
	0.386428	0
	0.000000
PRED	H-SSM	67890
	SDSU	0
	0.386428	0
	0.000000
PRED	H-SSM	67890
	SDSU	0
	0.386428	0
	0.000000
PRED	H-SSM	67890
	SDSU	0
	0.386428	0
	0.000000
PRED	H-SSM	67890
	SDSU	0
	0.386428	0
	0.000000
PRED	H-SSM	67890
	SDSU	0
	0.386428	0
	0.000000
PRED	H-SSM	67890
	SDSU	0
	0.386428	0
	0.000000
PRED	H-SSM	67890
	SDSU	0
	0.386428	0
	0.000000
PRED	H-SSM	67890
	SDSU	0
	0.386428	0
	0.000000
PRED	H-SSM	67890
	SDSU	0
	0.386428	0
	0.000000
PRED	H-SSM	67890
	SDSU	0
	0.386428	0
	0.000000
PRED	H-SSM	67890
	SDSU	0
	0.386428	0
	0.000000
PRED	H-SSM	67890
	SDSU	0
	0.386428	0
	0.000000
PRED	H-SSM	67890
	CMU	1
	0.534946	1
	0.000000
PRED	H-SSM	67890
	CMU	1
	0.534946	1
	0.000000
PRED	H-SSM	67890
	CMU	1
	0.534946	1
	0.000000
PRED	H-SSM	67890
	CMU	1
	0.534946	1
	0.000000
PRED	H-SSM	67890
	CMU	1
	0.534946	1
	0.000000
PRED	H-SSM	67890
	CMU	1
	0.534946	1
	0.000000
PRED	H-SSM	67890
	CMU	1
	0.534946	1
	0.000000
PRED	H-SSM	67890
	CMU	1
	0.534946	1
	0.000000
PRED	H-SSM	67890
	CMU	1
	0.534946	1
	0.000000
PRED	H-SSM	67890
	CMU	1
	0.534946	1
	0.000000
PRED	H-SSM	67890
	CMU	1
	0.534946	1
	0.000000
PRED	H-SSM	67890
	CMU	1
	0.534946	1
	0.000000
PRED	H-SSM	67890
	CMU	0
	0.534946	1
	0.000000
PRED	H-SSM	67890
	CMU	0
	0.534946	1
	0.000000
PRED	H-SSM	67890
	CMU	0
	0.534946	1
	0.000000
PRED	H-SSM	67890
	CMU	0
	0.534946	1
	0.000000
PRED	H-SSM	67890
	CMU	0
	0.534946	1
	0.000000
PRED	H-SSM	67890
	CMU	0
	0.534946	1
	0.000000
PRED	H-SSM	67890
	CMU	0
	0.534946	1
	0.000000
PRED	H-SSM	67890
	CMU	0
	0.534946	1
	0.000000
PRED	H-SSM	67890
	CMU	0
	0.534946	1
	0.000000
PRED	H-SSM	67890
	CMU	0
	0.534946	1
	0.000000
PRED	H-SSM	67890
	CMU	0
	0.534946	1
	0.000000
PRED	H-SSM	67890
	CMU	0
	0.534946	1
	0.000000
PRED	H-SSM	67890
	UCLA_2	1
	0.549337	1
	0.000000
PRED	H-SSM	67890
	UCLA_2	1
	0.549337	1
	0.000000
PRED	H-SSM	67890
	UCLA_2	1
	0.549337	1
	0.000000
PRED	H-SSM	67890
	UCLA_2	1
	0.549337	1
	0.000000
PRED	H-SSM	67890
	UCLA_2	1
	0.549337	1
	0.000000
PRED	H-SSM	67890
	UCLA_2	1
	0.549337	1
	0.000000
PRED	H-SSM	67890
	UCLA_2	1
	0.549337	1
	0.000000
PRED	H-SSM	67890
	UCLA_2	1
	0.549337	1
	0.000000
PRED	H-SSM	67890
	UCLA_2	1
	0.549337	1
	0.000000
PRED	H-SSM	67890
	UCLA_2	1
	0.549337	1
	0.000000
PRED	H-SSM	67890
	UCLA_2	1
	0.549337	1
	0.000000
PRED	H-SSM	67890
	UCLA_2	1
	0.549337	1
	0.000000
PRED	H-SSM	67890
	UCLA_2	0
	0.549337	1
	0.000000
PRED	H-SSM	67890
	UCLA_2	0
	0.549337	1
	0.000000
PRED	H-SSM	67890
	UCLA_2	0
	0.549337	1
	0.000000
PRED	H-SSM	67890
	UCLA_2	0
	0.549337	1
	0.000000
PRED	H-SSM	67890
	UCLA_2	0
	0.549337	1
	0.000000
PRED	H-SSM	67890
	UCLA_2	0
	0.549337	1
	0.000000
PRED	H-SSM	67890
	UCLA_2	0
	0.549337	1
	0.000000
PRED	H-SSM	67890
	UCLA_2	0
	0.549337	1
	0.000000
PRED	H-SSM	67890
	UCLA_2	0
	0.549337	1
	0.000000
PRED	H-SSM	67890
	UCLA_2	0
	0.549337	1
	0.000000
PRED	H-SSM	67890
	UCLA_2	0
	0.549337	1
	0.000000
PRED	H-SSM	67890
	UCLA_2	0
	0.549337	1
	0.000000
PRED	H-SSM	67890
	UM_2	1
	0.681508	1
	0.000000
PRED	H-SSM	67890
	UM_2	1
	0.681508	1
	0.000000
PRED	H-SSM	67890
	UM_2	1
	0.681508	1
	0.000000
PRED	H-SSM	67890
	UM_2	1
	0.681508	1
	0.000000
PRED	H-SSM	67890
	UM_2	1
	0.681508	1
	0.000000
PRED	H-SSM	67890
	UM_2	1
	0.681508	1
	0.000000
PRED	H-SSM	67890
	UM_2	1
	0.681508	1
	0.000000
PRED	H-SSM	67890
	UM_2	1
	0.681508	1
	0.000000
PRED	H-SSM	67890
	UM_2	1
	0.681508	1
	0.000000
PRED	H-SSM	67890
	UM_2	1
	0.681508	1
	0.000000
PRED	H-SSM	67890
	UM_2	1
	0.681508	1
	0.000000
PRED	H-SSM	67890
	UM_2	1
	0.681508	1
	0.000000
PRED	H-SSM	67890
	UM_2	0
	0.681508	1
	0.000000
PRED	H-SSM	67890
	UM_2	0
	0.681508	1
	0.000000
PRED	H-SSM	67890
	UM_2	0
	0.681508	1
	0.000000
PRED	H-SSM	67890
	UM_2	0
	0.681508	1
	0.000000
PRED	H-SSM	67890
	UM_2	0
	0.681508	1
	0.000000
PRED	H-SSM	67890
	UM_2	0
	0.681508	1
	0.000000
PRED	H-SSM	67890
	UM_2	0
	0.681508	1
	0.000000
PRED	H-SSM	67890
	UM_2	0
	0.681508	1
	0.000000
PRED	H-SSM	67890
	UM_2	0
	0.681508	1
	0.000000
PRED	H-SSM	67890
	UM_2	0
	0.681508	1
	0.000000
PRED	H-SSM	67890
	UM_2	0
	0.681508	1
	0.000000
PRED	H-SSM	67890
	UM_2	0
	0.681508	1
	0.000000
PRED	H-SSM	67890
	OHSU	1
	0.538905	1
	0.000000
PRED	H-SSM	67890
	OHSU	1
	0.538905	1
	0.000000
PRED	H-SSM	67890
	OHSU	1
	0.538905	1
	0.000000
PRED	H-SSM	67890
	OHSU	1
	0.538905	1
	0.000000
PRED	H-SSM	67890
	OHSU	1
	0.538905	1
	0.000000
PRED	H-SSM	67890
	OHSU	1
	0.538905	1
	0.000000
PRED	H-SSM	67890
	OHSU	1
	0.538905	1
	0.000000
PRED	H-SSM	67890
	OHSU	1
	0.538905	1
	0.000000
PRED	H-SSM	67890
	OHSU	1
	0.538905	1
	0.000000
PRED	H-SSM	67890
	OHSU	1
	0.538905	1
	0.000000
PRED	H-SSM	67890
	OHSU	1
	0.538905	1
	0.000000
PRED	H-SSM	67890
	OHSU	1
	0.538905	1
	0.000000
PRED	H-SSM	67890
	OHSU	0
	0.538905	1
	0.000000
PRED	H-SSM	67890
	OHSU	0
	0.538905	1
	0.000000
PRED	H-SSM	67890
	OHSU	0
	0.538905	1
	0.000000
PRED	H-SSM	67890
	OHSU	0
	0.538905	1
	0.000000
PRED	H-SSM	67890
	OHSU	0
	0.538905	1
	0.000000
PRED	H-SSM	67890
	OHSU	0
	0.538905	1
	0.000000
PRED	H-SSM	67890
	OHSU	0
	0.538905	1
	0.000000
PRED	H-SSM	67890
	OHSU	0
	0.538905	1
	0.000000
PRED	H-SSM	67890
	OHSU	0
	0.538905	1
	0.000000
PRED	H-SSM	67890
	OHSU	0
	0.538905	1
	0.000000
PRED	H-SSM	67890
	OHSU	0
	0.538905	1
	0.000000
PRED	H-SSM	67890
	OHSU	0
	0.538905	1
	0.000000
  H-SSM    67890
   acc=50.000000% bal=50.000000% sites=20
/20
 test_n=500
 assoc=0.000000
PRED	H-SSM	11223
	NYU	1
	0.490206	0
	0.000000
PRED	H-SSM	11223
	NYU	1
	0.490206	0
	0.000000
PRED	H-SSM	11223
	NYU	1
	0.490206	0
	0.000000
PRED	H-SSM	11223
	NYU	1
	0.490206	0
	0.000000
PRED	H-SSM	11223
	NYU	1
	0.490206	0
	0.000000
PRED	H-SSM	11223
	NYU	1
	0.490206	0
	0.000000
PRED	H-SSM	11223
	NYU	1
	0.490206	0
	0.000000
PRED	H-SSM	11223
	NYU	1
	0.490206	0
	0.000000
PRED	H-SSM	11223
	NYU	1
	0.490206	0
	0.000000
PRED	H-SSM	11223
	NYU	1
	0.490206	0
	0.000000
PRED	H-SSM	11223
	NYU	1
	0.490206	0
	0.000000
PRED	H-SSM	11223
	NYU	1
	0.490206	0
	0.000000
PRED	H-SSM	11223
	NYU	1
	0.490206	0
	0.000000
PRED	H-SSM	11223
	NYU	0
	0.490206	0
	0.000000
PRED	H-SSM	11223
	NYU	0
	0.490206	0
	0.000000
PRED	H-SSM	11223
	NYU	0
	0.490206	0
	0.000000
PRED	H-SSM	11223
	NYU	0
	0.490206	0
	0.000000
PRED	H-SSM	11223
	NYU	0
	0.490206	0
	0.000000
PRED	H-SSM	11223
	NYU	0
	0.490206	0
	0.000000
PRED	H-SSM	11223
	NYU	0
	0.490206	0
	0.000000
PRED	H-SSM	11223
	NYU	0
	0.490206	0
	0.000000
PRED	H-SSM	11223
	NYU	0
	0.490206	0
	0.000000
PRED	H-SSM	11223
	NYU	0
	0.490206	0
	0.000000
PRED	H-SSM	11223
	NYU	0
	0.490206	0
	0.000000
PRED	H-SSM	11223
	NYU	0
	0.490206	0
	0.000000
PRED	H-SSM	11223
	NYU	0
	0.490206	0
	0.000000
PRED	H-SSM	11223
	UM_1	1
	0.317649	0
	0.000000
PRED	H-SSM	11223
	UM_1	1
	0.317649	0
	0.000000
PRED	H-SSM	11223
	UM_1	1
	0.317649	0
	0.000000
PRED	H-SSM	11223
	UM_1	1
	0.317649	0
	0.000000
PRED	H-SSM	11223
	UM_1	1
	0.317649	0
	0.000000
PRED	H-SSM	11223
	UM_1	1
	0.317649	0
	0.000000
PRED	H-SSM	11223
	UM_1	1
	0.317649	0
	0.000000
PRED	H-SSM	11223
	UM_1	1
	0.317649	0
	0.000000
PRED	H-SSM	11223
	UM_1	1
	0.317649	0
	0.000000
PRED	H-SSM	11223
	UM_1	1
	0.317649	0
	0.000000
PRED	H-SSM	11223
	UM_1	1
	0.317649	0
	0.000000
PRED	H-SSM	11223
	UM_1	1
	0.317649	0
	0.000000
PRED	H-SSM	11223
	UM_1	1
	0.317649	0
	0.000000
PRED	H-SSM	11223
	UM_1	0
	0.317649	0
	0.000000
PRED	H-SSM	11223
	UM_1	0
	0.317649	0
	0.000000
PRED	H-SSM	11223
	UM_1	0
	0.317649	0
	0.000000
PRED	H-SSM	11223
	UM_1	0
	0.317649	0
	0.000000
PRED	H-SSM	11223
	UM_1	0
	0.317649	0
	0.000000
PRED	H-SSM	11223
	UM_1	0
	0.317649	0
	0.000000
PRED	H-SSM	11223
	UM_1	0
	0.317649	0
	0.000000
PRED	H-SSM	11223
	UM_1	0
	0.317649	0
	0.000000
PRED	H-SSM	11223
	UM_1	0
	0.317649	0
	0.000000
PRED	H-SSM	11223
	UM_1	0
	0.317649	0
	0.000000
PRED	H-SSM	11223
	UM_1	0
	0.317649	0
	0.000000
PRED	H-SSM	11223
	UM_1	0
	0.317649	0
	0.000000
PRED	H-SSM	11223
	UM_1	0
	0.317649	0
	0.000000
PRED	H-SSM	11223
	UCLA_1	1
	0.552328	1
	0.000000
PRED	H-SSM	11223
	UCLA_1	1
	0.552328	1
	0.000000
PRED	H-SSM	11223
	UCLA_1	1
	0.552328	1
	0.000000
PRED	H-SSM	11223
	UCLA_1	1
	0.552328	1
	0.000000
PRED	H-SSM	11223
	UCLA_1	1
	0.552328	1
	0.000000
PRED	H-SSM	11223
	UCLA_1	1
	0.552328	1
	0.000000
PRED	H-SSM	11223
	UCLA_1	1
	0.552328	1
	0.000000
PRED	H-SSM	11223
	UCLA_1	1
	0.552328	1
	0.000000
PRED	H-SSM	11223
	UCLA_1	1
	0.552328	1
	0.000000
PRED	H-SSM	11223
	UCLA_1	1
	0.552328	1
	0.000000
PRED	H-SSM	11223
	UCLA_1	1
	0.552328	1
	0.000000
PRED	H-SSM	11223
	UCLA_1	1
	0.552328	1
	0.000000
PRED	H-SSM	11223
	UCLA_1	1
	0.552328	1
	0.000000
PRED	H-SSM	11223
	UCLA_1	0
	0.552328	1
	0.000000
PRED	H-SSM	11223
	UCLA_1	0
	0.552328	1
	0.000000
PRED	H-SSM	11223
	UCLA_1	0
	0.552328	1
	0.000000
PRED	H-SSM	11223
	UCLA_1	0
	0.552328	1
	0.000000
PRED	H-SSM	11223
	UCLA_1	0
	0.552328	1
	0.000000
PRED	H-SSM	11223
	UCLA_1	0
	0.552328	1
	0.000000
PRED	H-SSM	11223
	UCLA_1	0
	0.552328	1
	0.000000
PRED	H-SSM	11223
	UCLA_1	0
	0.552328	1
	0.000000
PRED	H-SSM	11223
	UCLA_1	0
	0.552328	1
	0.000000
PRED	H-SSM	11223
	UCLA_1	0
	0.552328	1
	0.000000
PRED	H-SSM	11223
	UCLA_1	0
	0.552328	1
	0.000000
PRED	H-SSM	11223
	UCLA_1	0
	0.552328	1
	0.000000
PRED	H-SSM	11223
	UCLA_1	0
	0.552328	1
	0.000000
PRED	H-SSM	11223
	YALE	1
	0.398291	0
	0.000000
PRED	H-SSM	11223
	YALE	1
	0.398291	0
	0.000000
PRED	H-SSM	11223
	YALE	1
	0.398291	0
	0.000000
PRED	H-SSM	11223
	YALE	1
	0.398291	0
	0.000000
PRED	H-SSM	11223
	YALE	1
	0.398291	0
	0.000000
PRED	H-SSM	11223
	YALE	1
	0.398291	0
	0.000000
PRED	H-SSM	11223
	YALE	1
	0.398291	0
	0.000000
PRED	H-SSM	11223
	YALE	1
	0.398291	0
	0.000000
PRED	H-SSM	11223
	YALE	1
	0.398291	0
	0.000000
PRED	H-SSM	11223
	YALE	1
	0.398291	0
	0.000000
PRED	H-SSM	11223
	YALE	1
	0.398291	0
	0.000000
PRED	H-SSM	11223
	YALE	1
	0.398291	0
	0.000000
PRED	H-SSM	11223
	YALE	1
	0.398291	0
	0.000000
PRED	H-SSM	11223
	YALE	0
	0.398291	0
	0.000000
PRED	H-SSM	11223
	YALE	0
	0.398291	0
	0.000000
PRED	H-SSM	11223
	YALE	0
	0.398291	0
	0.000000
PRED	H-SSM	11223
	YALE	0
	0.398291	0
	0.000000
PRED	H-SSM	11223
	YALE	0
	0.398291	0
	0.000000
PRED	H-SSM	11223
	YALE	0
	0.398291	0
	0.000000
PRED	H-SSM	11223
	YALE	0
	0.398291	0
	0.000000
PRED	H-SSM	11223
	YALE	0
	0.398291	0
	0.000000
PRED	H-SSM	11223
	YALE	0
	0.398291	0
	0.000000
PRED	H-SSM	11223
	YALE	0
	0.398291	0
	0.000000
PRED	H-SSM	11223
	YALE	0
	0.398291	0
	0.000000
PRED	H-SSM	11223
	YALE	0
	0.398291	0
	0.000000
PRED	H-SSM	11223
	YALE	0
	0.398291	0
	0.000000
PRED	H-SSM	11223
	PITT	1
	0.528710	1
	0.000000
PRED	H-SSM	11223
	PITT	1
	0.528710	1
	0.000000
PRED	H-SSM	11223
	PITT	1
	0.528710	1
	0.000000
PRED	H-SSM	11223
	PITT	1
	0.528710	1
	0.000000
PRED	H-SSM	11223
	PITT	1
	0.528710	1
	0.000000
PRED	H-SSM	11223
	PITT	1
	0.528710	1
	0.000000
PRED	H-SSM	11223
	PITT	1
	0.528710	1
	0.000000
PRED	H-SSM	11223
	PITT	1
	0.528710	1
	0.000000
PRED	H-SSM	11223
	PITT	1
	0.528710	1
	0.000000
PRED	H-SSM	11223
	PITT	1
	0.528710	1
	0.000000
PRED	H-SSM	11223
	PITT	1
	0.528710	1
	0.000000
PRED	H-SSM	11223
	PITT	1
	0.528710	1
	0.000000
PRED	H-SSM	11223
	PITT	1
	0.528710	1
	0.000000
PRED	H-SSM	11223
	PITT	0
	0.528710	1
	0.000000
PRED	H-SSM	11223
	PITT	0
	0.528710	1
	0.000000
PRED	H-SSM	11223
	PITT	0
	0.528710	1
	0.000000
PRED	H-SSM	11223
	PITT	0
	0.528710	1
	0.000000
PRED	H-SSM	11223
	PITT	0
	0.528710	1
	0.000000
PRED	H-SSM	11223
	PITT	0
	0.528710	1
	0.000000
PRED	H-SSM	11223
	PITT	0
	0.528710	1
	0.000000
PRED	H-SSM	11223
	PITT	0
	0.528710	1
	0.000000
PRED	H-SSM	11223
	PITT	0
	0.528710	1
	0.000000
PRED	H-SSM	11223
	PITT	0
	0.528710	1
	0.000000
PRED	H-SSM	11223
	PITT	0
	0.528710	1
	0.000000
PRED	H-SSM	11223
	PITT	0
	0.528710	1
	0.000000
PRED	H-SSM	11223
	PITT	0
	0.528710	1
	0.000000
PRED	H-SSM	11223
	USM	1
	0.373005	0
	0.000000
PRED	H-SSM	11223
	USM	1
	0.373005	0
	0.000000
PRED	H-SSM	11223
	USM	1
	0.373005	0
	0.000000
PRED	H-SSM	11223
	USM	1
	0.373005	0
	0.000000
PRED	H-SSM	11223
	USM	1
	0.373005	0
	0.000000
PRED	H-SSM	11223
	USM	1
	0.373005	0
	0.000000
PRED	H-SSM	11223
	USM	1
	0.373005	0
	0.000000
PRED	H-SSM	11223
	USM	1
	0.373005	0
	0.000000
PRED	H-SSM	11223
	USM	1
	0.373005	0
	0.000000
PRED	H-SSM	11223
	USM	1
	0.373005	0
	0.000000
PRED	H-SSM	11223
	USM	1
	0.373005	0
	0.000000
PRED	H-SSM	11223
	USM	1
	0.373005	0
	0.000000
PRED	H-SSM	11223
	USM	1
	0.373005	0
	0.000000
PRED	H-SSM	11223
	USM	0
	0.373005	0
	0.000000
PRED	H-SSM	11223
	USM	0
	0.373005	0
	0.000000
PRED	H-SSM	11223
	USM	0
	0.373005	0
	0.000000
PRED	H-SSM	11223
	USM	0
	0.373005	0
	0.000000
PRED	H-SSM	11223
	USM	0
	0.373005	0
	0.000000
PRED	H-SSM	11223
	USM	0
	0.373005	0
	0.000000
PRED	H-SSM	11223
	USM	0
	0.373005	0
	0.000000
PRED	H-SSM	11223
	USM	0
	0.373005	0
	0.000000
PRED	H-SSM	11223
	USM	0
	0.373005	0
	0.000000
PRED	H-SSM	11223
	USM	0
	0.373005	0
	0.000000
PRED	H-SSM	11223
	USM	0
	0.373005	0
	0.000000
PRED	H-SSM	11223
	USM	0
	0.373005	0
	0.000000
PRED	H-SSM	11223
	USM	0
	0.373005	0
	0.000000
PRED	H-SSM	11223
	MAX_MUN	1
	0.383809	0
	0.000000
PRED	H-SSM	11223
	MAX_MUN	1
	0.383809	0
	0.000000
PRED	H-SSM	11223
	MAX_MUN	1
	0.383809	0
	0.000000
PRED	H-SSM	11223
	MAX_MUN	1
	0.383809	0
	0.000000
PRED	H-SSM	11223
	MAX_MUN	1
	0.383809	0
	0.000000
PRED	H-SSM	11223
	MAX_MUN	1
	0.383809	0
	0.000000
PRED	H-SSM	11223
	MAX_MUN	1
	0.383809	0
	0.000000
PRED	H-SSM	11223
	MAX_MUN	1
	0.383809	0
	0.000000
PRED	H-SSM	11223
	MAX_MUN	1
	0.383809	0
	0.000000
PRED	H-SSM	11223
	MAX_MUN	1
	0.383809	0
	0.000000
PRED	H-SSM	11223
	MAX_MUN	1
	0.383809	0
	0.000000
PRED	H-SSM	11223
	MAX_MUN	1
	0.383809	0
	0.000000
PRED	H-SSM	11223
	MAX_MUN	1
	0.383809	0
	0.000000
PRED	H-SSM	11223
	MAX_MUN	0
	0.383809	0
	0.000000
PRED	H-SSM	11223
	MAX_MUN	0
	0.383809	0
	0.000000
PRED	H-SSM	11223
	MAX_MUN	0
	0.383809	0
	0.000000
PRED	H-SSM	11223
	MAX_MUN	0
	0.383809	0
	0.000000
PRED	H-SSM	11223
	MAX_MUN	0
	0.383809	0
	0.000000
PRED	H-SSM	11223
	MAX_MUN	0
	0.383809	0
	0.000000
PRED	H-SSM	11223
	MAX_MUN	0
	0.383809	0
	0.000000
PRED	H-SSM	11223
	MAX_MUN	0
	0.383809	0
	0.000000
PRED	H-SSM	11223
	MAX_MUN	0
	0.383809	0
	0.000000
PRED	H-SSM	11223
	MAX_MUN	0
	0.383809	0
	0.000000
PRED	H-SSM	11223
	MAX_MUN	0
	0.383809	0
	0.000000
PRED	H-SSM	11223
	MAX_MUN	0
	0.383809	0
	0.000000
PRED	H-SSM	11223
	MAX_MUN	0
	0.383809	0
	0.000000
PRED	H-SSM	11223
	TRINITY	1
	0.244848	0
	0.000000
PRED	H-SSM	11223
	TRINITY	1
	0.244848	0
	0.000000
PRED	H-SSM	11223
	TRINITY	1
	0.244848	0
	0.000000
PRED	H-SSM	11223
	TRINITY	1
	0.244848	0
	0.000000
PRED	H-SSM	11223
	TRINITY	1
	0.244848	0
	0.000000
PRED	H-SSM	11223
	TRINITY	1
	0.244848	0
	0.000000
PRED	H-SSM	11223
	TRINITY	1
	0.244848	0
	0.000000
PRED	H-SSM	11223
	TRINITY	1
	0.244848	0
	0.000000
PRED	H-SSM	11223
	TRINITY	1
	0.244848	0
	0.000000
PRED	H-SSM	11223
	TRINITY	1
	0.244848	0
	0.000000
PRED	H-SSM	11223
	TRINITY	1
	0.244848	0
	0.000000
PRED	H-SSM	11223
	TRINITY	1
	0.244848	0
	0.000000
PRED	H-SSM	11223
	TRINITY	1
	0.244848	0
	0.000000
PRED	H-SSM	11223
	TRINITY	0
	0.244848	0
	0.000000
PRED	H-SSM	11223
	TRINITY	0
	0.244848	0
	0.000000
PRED	H-SSM	11223
	TRINITY	0
	0.244848	0
	0.000000
PRED	H-SSM	11223
	TRINITY	0
	0.244848	0
	0.000000
PRED	H-SSM	11223
	TRINITY	0
	0.244848	0
	0.000000
PRED	H-SSM	11223
	TRINITY	0
	0.244848	0
	0.000000
PRED	H-SSM	11223
	TRINITY	0
	0.244848	0
	0.000000
PRED	H-SSM	11223
	TRINITY	0
	0.244848	0
	0.000000
PRED	H-SSM	11223
	TRINITY	0
	0.244848	0
	0.000000
PRED	H-SSM	11223
	TRINITY	0
	0.244848	0
	0.000000
PRED	H-SSM	11223
	TRINITY	0
	0.244848	0
	0.000000
PRED	H-SSM	11223
	TRINITY	0
	0.244848	0
	0.000000
PRED	H-SSM	11223
	TRINITY	0
	0.244848	0
	0.000000
PRED	H-SSM	11223
	KKI	1
	0.422192	0
	0.000000
PRED	H-SSM	11223
	KKI	1
	0.422192	0
	0.000000
PRED	H-SSM	11223
	KKI	1
	0.422192	0
	0.000000
PRED	H-SSM	11223
	KKI	1
	0.422192	0
	0.000000
PRED	H-SSM	11223
	KKI	1
	0.422192	0
	0.000000
PRED	H-SSM	11223
	KKI	1
	0.422192	0
	0.000000
PRED	H-SSM	11223
	KKI	1
	0.422192	0
	0.000000
PRED	H-SSM	11223
	KKI	1
	0.422192	0
	0.000000
PRED	H-SSM	11223
	KKI	1
	0.422192	0
	0.000000
PRED	H-SSM	11223
	KKI	1
	0.422192	0
	0.000000
PRED	H-SSM	11223
	KKI	1
	0.422192	0
	0.000000
PRED	H-SSM	11223
	KKI	1
	0.422192	0
	0.000000
PRED	H-SSM	11223
	KKI	1
	0.422192	0
	0.000000
PRED	H-SSM	11223
	KKI	0
	0.422192	0
	0.000000
PRED	H-SSM	11223
	KKI	0
	0.422192	0
	0.000000
PRED	H-SSM	11223
	KKI	0
	0.422192	0
	0.000000
PRED	H-SSM	11223
	KKI	0
	0.422192	0
	0.000000
PRED	H-SSM	11223
	KKI	0
	0.422192	0
	0.000000
PRED	H-SSM	11223
	KKI	0
	0.422192	0
	0.000000
PRED	H-SSM	11223
	KKI	0
	0.422192	0
	0.000000
PRED	H-SSM	11223
	KKI	0
	0.422192	0
	0.000000
PRED	H-SSM	11223
	KKI	0
	0.422192	0
	0.000000
PRED	H-SSM	11223
	KKI	0
	0.422192	0
	0.000000
PRED	H-SSM	11223
	KKI	0
	0.422192	0
	0.000000
PRED	H-SSM	11223
	KKI	0
	0.422192	0
	0.000000
PRED	H-SSM	11223
	KKI	0
	0.422192	0
	0.000000
PRED	H-SSM	11223
	STANFORD	1
	0.440218	0
	0.000000
PRED	H-SSM	11223
	STANFORD	1
	0.440218	0
	0.000000
PRED	H-SSM	11223
	STANFORD	1
	0.440218	0
	0.000000
PRED	H-SSM	11223
	STANFORD	1
	0.440218	0
	0.000000
PRED	H-SSM	11223
	STANFORD	1
	0.440218	0
	0.000000
PRED	H-SSM	11223
	STANFORD	1
	0.440218	0
	0.000000
PRED	H-SSM	11223
	STANFORD	1
	0.440218	0
	0.000000
PRED	H-SSM	11223
	STANFORD	1
	0.440218	0
	0.000000
PRED	H-SSM	11223
	STANFORD	1
	0.440218	0
	0.000000
PRED	H-SSM	11223
	STANFORD	1
	0.440218	0
	0.000000
PRED	H-SSM	11223
	STANFORD	1
	0.440218	0
	0.000000
PRED	H-SSM	11223
	STANFORD	1
	0.440218	0
	0.000000
PRED	H-SSM	11223
	STANFORD	1
	0.440218	0
	0.000000
PRED	H-SSM	11223
	STANFORD	0
	0.440218	0
	0.000000
PRED	H-SSM	11223
	STANFORD	0
	0.440218	0
	0.000000
PRED	H-SSM	11223
	STANFORD	0
	0.440218	0
	0.000000
PRED	H-SSM	11223
	STANFORD	0
	0.440218	0
	0.000000
PRED	H-SSM	11223
	STANFORD	0
	0.440218	0
	0.000000
PRED	H-SSM	11223
	STANFORD	0
	0.440218	0
	0.000000
PRED	H-SSM	11223
	STANFORD	0
	0.440218	0
	0.000000
PRED	H-SSM	11223
	STANFORD	0
	0.440218	0
	0.000000
PRED	H-SSM	11223
	STANFORD	0
	0.440218	0
	0.000000
PRED	H-SSM	11223
	STANFORD	0
	0.440218	0
	0.000000
PRED	H-SSM	11223
	STANFORD	0
	0.440218	0
	0.000000
PRED	H-SSM	11223
	STANFORD	0
	0.440218	0
	0.000000
PRED	H-SSM	11223
	STANFORD	0
	0.440218	0
	0.000000
PRED	H-SSM	11223
	CALTECH	1
	0.652925	1
	0.000000
PRED	H-SSM	11223
	CALTECH	1
	0.652925	1
	0.000000
PRED	H-SSM	11223
	CALTECH	1
	0.652925	1
	0.000000
PRED	H-SSM	11223
	CALTECH	1
	0.652925	1
	0.000000
PRED	H-SSM	11223
	CALTECH	1
	0.652925	1
	0.000000
PRED	H-SSM	11223
	CALTECH	1
	0.652925	1
	0.000000
PRED	H-SSM	11223
	CALTECH	1
	0.652925	1
	0.000000
PRED	H-SSM	11223
	CALTECH	1
	0.652925	1
	0.000000
PRED	H-SSM	11223
	CALTECH	1
	0.652925	1
	0.000000
PRED	H-SSM	11223
	CALTECH	1
	0.652925	1
	0.000000
PRED	H-SSM	11223
	CALTECH	1
	0.652925	1
	0.000000
PRED	H-SSM	11223
	CALTECH	1
	0.652925	1
	0.000000
PRED	H-SSM	11223
	CALTECH	0
	0.652925	1
	0.000000
PRED	H-SSM	11223
	CALTECH	0
	0.652925	1
	0.000000
PRED	H-SSM	11223
	CALTECH	0
	0.652925	1
	0.000000
PRED	H-SSM	11223
	CALTECH	0
	0.652925	1
	0.000000
PRED	H-SSM	11223
	CALTECH	0
	0.652925	1
	0.000000
PRED	H-SSM	11223
	CALTECH	0
	0.652925	1
	0.000000
PRED	H-SSM	11223
	CALTECH	0
	0.652925	1
	0.000000
PRED	H-SSM	11223
	CALTECH	0
	0.652925	1
	0.000000
PRED	H-SSM	11223
	CALTECH	0
	0.652925	1
	0.000000
PRED	H-SSM	11223
	CALTECH	0
	0.652925	1
	0.000000
PRED	H-SSM	11223
	CALTECH	0
	0.652925	1
	0.000000
PRED	H-SSM	11223
	CALTECH	0
	0.652925	1
	0.000000
PRED	H-SSM	11223
	LEUVEN_2	1
	0.344596	0
	0.000000
PRED	H-SSM	11223
	LEUVEN_2	1
	0.344596	0
	0.000000
PRED	H-SSM	11223
	LEUVEN_2	1
	0.344596	0
	0.000000
PRED	H-SSM	11223
	LEUVEN_2	1
	0.344596	0
	0.000000
PRED	H-SSM	11223
	LEUVEN_2	1
	0.344596	0
	0.000000
PRED	H-SSM	11223
	LEUVEN_2	1
	0.344596	0
	0.000000
PRED	H-SSM	11223
	LEUVEN_2	1
	0.344596	0
	0.000000
PRED	H-SSM	11223
	LEUVEN_2	1
	0.344596	0
	0.000000
PRED	H-SSM	11223
	LEUVEN_2	1
	0.344596	0
	0.000000
PRED	H-SSM	11223
	LEUVEN_2	1
	0.344596	0
	0.000000
PRED	H-SSM	11223
	LEUVEN_2	1
	0.344596	0
	0.000000
PRED	H-SSM	11223
	LEUVEN_2	1
	0.344596	0
	0.000000
PRED	H-SSM	11223
	LEUVEN_2	0
	0.344596	0
	0.000000
PRED	H-SSM	11223
	LEUVEN_2	0
	0.344596	0
	0.000000
PRED	H-SSM	11223
	LEUVEN_2	0
	0.344596	0
	0.000000
PRED	H-SSM	11223
	LEUVEN_2	0
	0.344596	0
	0.000000
PRED	H-SSM	11223
	LEUVEN_2	0
	0.344596	0
	0.000000
PRED	H-SSM	11223
	LEUVEN_2	0
	0.344596	0
	0.000000
PRED	H-SSM	11223
	LEUVEN_2	0
	0.344596	0
	0.000000
PRED	H-SSM	11223
	LEUVEN_2	0
	0.344596	0
	0.000000
PRED	H-SSM	11223
	LEUVEN_2	0
	0.344596	0
	0.000000
PRED	H-SSM	11223
	LEUVEN_2	0
	0.344596	0
	0.000000
PRED	H-SSM	11223
	LEUVEN_2	0
	0.344596	0
	0.000000
PRED	H-SSM	11223
	LEUVEN_2	0
	0.344596	0
	0.000000
PRED	H-SSM	11223
	OLIN	1
	0.689820	1
	0.000000
PRED	H-SSM	11223
	OLIN	1
	0.689820	1
	0.000000
PRED	H-SSM	11223
	OLIN	1
	0.689820	1
	0.000000
PRED	H-SSM	11223
	OLIN	1
	0.689820	1
	0.000000
PRED	H-SSM	11223
	OLIN	1
	0.689820	1
	0.000000
PRED	H-SSM	11223
	OLIN	1
	0.689820	1
	0.000000
PRED	H-SSM	11223
	OLIN	1
	0.689820	1
	0.000000
PRED	H-SSM	11223
	OLIN	1
	0.689820	1
	0.000000
PRED	H-SSM	11223
	OLIN	1
	0.689820	1
	0.000000
PRED	H-SSM	11223
	OLIN	1
	0.689820	1
	0.000000
PRED	H-SSM	11223
	OLIN	1
	0.689820	1
	0.000000
PRED	H-SSM	11223
	OLIN	1
	0.689820	1
	0.000000
PRED	H-SSM	11223
	OLIN	0
	0.689820	1
	0.000000
PRED	H-SSM	11223
	OLIN	0
	0.689820	1
	0.000000
PRED	H-SSM	11223
	OLIN	0
	0.689820	1
	0.000000
PRED	H-SSM	11223
	OLIN	0
	0.689820	1
	0.000000
PRED	H-SSM	11223
	OLIN	0
	0.689820	1
	0.000000
PRED	H-SSM	11223
	OLIN	0
	0.689820	1
	0.000000
PRED	H-SSM	11223
	OLIN	0
	0.689820	1
	0.000000
PRED	H-SSM	11223
	OLIN	0
	0.689820	1
	0.000000
PRED	H-SSM	11223
	OLIN	0
	0.689820	1
	0.000000
PRED	H-SSM	11223
	OLIN	0
	0.689820	1
	0.000000
PRED	H-SSM	11223
	OLIN	0
	0.689820	1
	0.000000
PRED	H-SSM	11223
	OLIN	0
	0.689820	1
	0.000000
PRED	H-SSM	11223
	SBL	1
	0.700800	1
	0.000000
PRED	H-SSM	11223
	SBL	1
	0.700800	1
	0.000000
PRED	H-SSM	11223
	SBL	1
	0.700800	1
	0.000000
PRED	H-SSM	11223
	SBL	1
	0.700800	1
	0.000000
PRED	H-SSM	11223
	SBL	1
	0.700800	1
	0.000000
PRED	H-SSM	11223
	SBL	1
	0.700800	1
	0.000000
PRED	H-SSM	11223
	SBL	1
	0.700800	1
	0.000000
PRED	H-SSM	11223
	SBL	1
	0.700800	1
	0.000000
PRED	H-SSM	11223
	SBL	1
	0.700800	1
	0.000000
PRED	H-SSM	11223
	SBL	1
	0.700800	1
	0.000000
PRED	H-SSM	11223
	SBL	1
	0.700800	1
	0.000000
PRED	H-SSM	11223
	SBL	1
	0.700800	1
	0.000000
PRED	H-SSM	11223
	SBL	0
	0.700800	1
	0.000000
PRED	H-SSM	11223
	SBL	0
	0.700800	1
	0.000000
PRED	H-SSM	11223
	SBL	0
	0.700800	1
	0.000000
PRED	H-SSM	11223
	SBL	0
	0.700800	1
	0.000000
PRED	H-SSM	11223
	SBL	0
	0.700800	1
	0.000000
PRED	H-SSM	11223
	SBL	0
	0.700800	1
	0.000000
PRED	H-SSM	11223
	SBL	0
	0.700800	1
	0.000000
PRED	H-SSM	11223
	SBL	0
	0.700800	1
	0.000000
PRED	H-SSM	11223
	SBL	0
	0.700800	1
	0.000000
PRED	H-SSM	11223
	SBL	0
	0.700800	1
	0.000000
PRED	H-SSM	11223
	SBL	0
	0.700800	1
	0.000000
PRED	H-SSM	11223
	SBL	0
	0.700800	1
	0.000000
PRED	H-SSM	11223
	LEUVEN_1	1
	0.592625	1
	0.000000
PRED	H-SSM	11223
	LEUVEN_1	1
	0.592625	1
	0.000000
PRED	H-SSM	11223
	LEUVEN_1	1
	0.592625	1
	0.000000
PRED	H-SSM	11223
	LEUVEN_1	1
	0.592625	1
	0.000000
PRED	H-SSM	11223
	LEUVEN_1	1
	0.592625	1
	0.000000
PRED	H-SSM	11223
	LEUVEN_1	1
	0.592625	1
	0.000000
PRED	H-SSM	11223
	LEUVEN_1	1
	0.592625	1
	0.000000
PRED	H-SSM	11223
	LEUVEN_1	1
	0.592625	1
	0.000000
PRED	H-SSM	11223
	LEUVEN_1	1
	0.592625	1
	0.000000
PRED	H-SSM	11223
	LEUVEN_1	1
	0.592625	1
	0.000000
PRED	H-SSM	11223
	LEUVEN_1	1
	0.592625	1
	0.000000
PRED	H-SSM	11223
	LEUVEN_1	1
	0.592625	1
	0.000000
PRED	H-SSM	11223
	LEUVEN_1	0
	0.592625	1
	0.000000
PRED	H-SSM	11223
	LEUVEN_1	0
	0.592625	1
	0.000000
PRED	H-SSM	11223
	LEUVEN_1	0
	0.592625	1
	0.000000
PRED	H-SSM	11223
	LEUVEN_1	0
	0.592625	1
	0.000000
PRED	H-SSM	11223
	LEUVEN_1	0
	0.592625	1
	0.000000
PRED	H-SSM	11223
	LEUVEN_1	0
	0.592625	1
	0.000000
PRED	H-SSM	11223
	LEUVEN_1	0
	0.592625	1
	0.000000
PRED	H-SSM	11223
	LEUVEN_1	0
	0.592625	1
	0.000000
PRED	H-SSM	11223
	LEUVEN_1	0
	0.592625	1
	0.000000
PRED	H-SSM	11223
	LEUVEN_1	0
	0.592625	1
	0.000000
PRED	H-SSM	11223
	LEUVEN_1	0
	0.592625	1
	0.000000
PRED	H-SSM	11223
	LEUVEN_1	0
	0.592625	1
	0.000000
PRED	H-SSM	11223
	SDSU	1
	0.578248	1
	0.000000
PRED	H-SSM	11223
	SDSU	1
	0.578248	1
	0.000000
PRED	H-SSM	11223
	SDSU	1
	0.578248	1
	0.000000
PRED	H-SSM	11223
	SDSU	1
	0.578248	1
	0.000000
PRED	H-SSM	11223
	SDSU	1
	0.578248	1
	0.000000
PRED	H-SSM	11223
	SDSU	1
	0.578248	1
	0.000000
PRED	H-SSM	11223
	SDSU	1
	0.578248	1
	0.000000
PRED	H-SSM	11223
	SDSU	1
	0.578248	1
	0.000000
PRED	H-SSM	11223
	SDSU	1
	0.578248	1
	0.000000
PRED	H-SSM	11223
	SDSU	1
	0.578248	1
	0.000000
PRED	H-SSM	11223
	SDSU	1
	0.578248	1
	0.000000
PRED	H-SSM	11223
	SDSU	1
	0.578248	1
	0.000000
PRED	H-SSM	11223
	SDSU	0
	0.578248	1
	0.000000
PRED	H-SSM	11223
	SDSU	0
	0.578248	1
	0.000000
PRED	H-SSM	11223
	SDSU	0
	0.578248	1
	0.000000
PRED	H-SSM	11223
	SDSU	0
	0.578248	1
	0.000000
PRED	H-SSM	11223
	SDSU	0
	0.578248	1
	0.000000
PRED	H-SSM	11223
	SDSU	0
	0.578248	1
	0.000000
PRED	H-SSM	11223
	SDSU	0
	0.578248	1
	0.000000
PRED	H-SSM	11223
	SDSU	0
	0.578248	1
	0.000000
PRED	H-SSM	11223
	SDSU	0
	0.578248	1
	0.000000
PRED	H-SSM	11223
	SDSU	0
	0.578248	1
	0.000000
PRED	H-SSM	11223
	SDSU	0
	0.578248	1
	0.000000
PRED	H-SSM	11223
	SDSU	0
	0.578248	1
	0.000000
PRED	H-SSM	11223
	CMU	1
	0.520444	1
	0.000000
PRED	H-SSM	11223
	CMU	1
	0.520444	1
	0.000000
PRED	H-SSM	11223
	CMU	1
	0.520444	1
	0.000000
PRED	H-SSM	11223
	CMU	1
	0.520444	1
	0.000000
PRED	H-SSM	11223
	CMU	1
	0.520444	1
	0.000000
PRED	H-SSM	11223
	CMU	1
	0.520444	1
	0.000000
PRED	H-SSM	11223
	CMU	1
	0.520444	1
	0.000000
PRED	H-SSM	11223
	CMU	1
	0.520444	1
	0.000000
PRED	H-SSM	11223
	CMU	1
	0.520444	1
	0.000000
PRED	H-SSM	11223
	CMU	1
	0.520444	1
	0.000000
PRED	H-SSM	11223
	CMU	1
	0.520444	1
	0.000000
PRED	H-SSM	11223
	CMU	1
	0.520444	1
	0.000000
PRED	H-SSM	11223
	CMU	0
	0.520444	1
	0.000000
PRED	H-SSM	11223
	CMU	0
	0.520444	1
	0.000000
PRED	H-SSM	11223
	CMU	0
	0.520444	1
	0.000000
PRED	H-SSM	11223
	CMU	0
	0.520444	1
	0.000000
PRED	H-SSM	11223
	CMU	0
	0.520444	1
	0.000000
PRED	H-SSM	11223
	CMU	0
	0.520444	1
	0.000000
PRED	H-SSM	11223
	CMU	0
	0.520444	1
	0.000000
PRED	H-SSM	11223
	CMU	0
	0.520444	1
	0.000000
PRED	H-SSM	11223
	CMU	0
	0.520444	1
	0.000000
PRED	H-SSM	11223
	CMU	0
	0.520444	1
	0.000000
PRED	H-SSM	11223
	CMU	0
	0.520444	1
	0.000000
PRED	H-SSM	11223
	CMU	0
	0.520444	1
	0.000000
PRED	H-SSM	11223
	UCLA_2	1
	0.395908	0
	0.000000
PRED	H-SSM	11223
	UCLA_2	1
	0.395908	0
	0.000000
PRED	H-SSM	11223
	UCLA_2	1
	0.395908	0
	0.000000
PRED	H-SSM	11223
	UCLA_2	1
	0.395908	0
	0.000000
PRED	H-SSM	11223
	UCLA_2	1
	0.395908	0
	0.000000
PRED	H-SSM	11223
	UCLA_2	1
	0.395908	0
	0.000000
PRED	H-SSM	11223
	UCLA_2	1
	0.395908	0
	0.000000
PRED	H-SSM	11223
	UCLA_2	1
	0.395908	0
	0.000000
PRED	H-SSM	11223
	UCLA_2	1
	0.395908	0
	0.000000
PRED	H-SSM	11223
	UCLA_2	1
	0.395908	0
	0.000000
PRED	H-SSM	11223
	UCLA_2	1
	0.395908	0
	0.000000
PRED	H-SSM	11223
	UCLA_2	1
	0.395908	0
	0.000000
PRED	H-SSM	11223
	UCLA_2	0
	0.395908	0
	0.000000
PRED	H-SSM	11223
	UCLA_2	0
	0.395908	0
	0.000000
PRED	H-SSM	11223
	UCLA_2	0
	0.395908	0
	0.000000
PRED	H-SSM	11223
	UCLA_2	0
	0.395908	0
	0.000000
PRED	H-SSM	11223
	UCLA_2	0
	0.395908	0
	0.000000
PRED	H-SSM	11223
	UCLA_2	0
	0.395908	0
	0.000000
PRED	H-SSM	11223
	UCLA_2	0
	0.395908	0
	0.000000
PRED	H-SSM	11223
	UCLA_2	0
	0.395908	0
	0.000000
PRED	H-SSM	11223
	UCLA_2	0
	0.395908	0
	0.000000
PRED	H-SSM	11223
	UCLA_2	0
	0.395908	0
	0.000000
PRED	H-SSM	11223
	UCLA_2	0
	0.395908	0
	0.000000
PRED	H-SSM	11223
	UCLA_2	0
	0.395908	0
	0.000000
PRED	H-SSM	11223
	UM_2	1
	0.419356	0
	0.000000
PRED	H-SSM	11223
	UM_2	1
	0.419356	0
	0.000000
PRED	H-SSM	11223
	UM_2	1
	0.419356	0
	0.000000
PRED	H-SSM	11223
	UM_2	1
	0.419356	0
	0.000000
PRED	H-SSM	11223
	UM_2	1
	0.419356	0
	0.000000
PRED	H-SSM	11223
	UM_2	1
	0.419356	0
	0.000000
PRED	H-SSM	11223
	UM_2	1
	0.419356	0
	0.000000
PRED	H-SSM	11223
	UM_2	1
	0.419356	0
	0.000000
PRED	H-SSM	11223
	UM_2	1
	0.419356	0
	0.000000
PRED	H-SSM	11223
	UM_2	1
	0.419356	0
	0.000000
PRED	H-SSM	11223
	UM_2	1
	0.419356	0
	0.000000
PRED	H-SSM	11223
	UM_2	1
	0.419356	0
	0.000000
PRED	H-SSM	11223
	UM_2	0
	0.419356	0
	0.000000
PRED	H-SSM	11223
	UM_2	0
	0.419356	0
	0.000000
PRED	H-SSM	11223
	UM_2	0
	0.419356	0
	0.000000
PRED	H-SSM	11223
	UM_2	0
	0.419356	0
	0.000000
PRED	H-SSM	11223
	UM_2	0
	0.419356	0
	0.000000
PRED	H-SSM	11223
	UM_2	0
	0.419356	0
	0.000000
PRED	H-SSM	11223
	UM_2	0
	0.419356	0
	0.000000
PRED	H-SSM	11223
	UM_2	0
	0.419356	0
	0.000000
PRED	H-SSM	11223
	UM_2	0
	0.419356	0
	0.000000
PRED	H-SSM	11223
	UM_2	0
	0.419356	0
	0.000000
PRED	H-SSM	11223
	UM_2	0
	0.419356	0
	0.000000
PRED	H-SSM	11223
	UM_2	0
	0.419356	0
	0.000000
PRED	H-SSM	11223
	OHSU	1
	0.446939	0
	0.000000
PRED	H-SSM	11223
	OHSU	1
	0.446939	0
	0.000000
PRED	H-SSM	11223
	OHSU	1
	0.446939	0
	0.000000
PRED	H-SSM	11223
	OHSU	1
	0.446939	0
	0.000000
PRED	H-SSM	11223
	OHSU	1
	0.446939	0
	0.000000
PRED	H-SSM	11223
	OHSU	1
	0.446939	0
	0.000000
PRED	H-SSM	11223
	OHSU	1
	0.446939	0
	0.000000
PRED	H-SSM	11223
	OHSU	1
	0.446939	0
	0.000000
PRED	H-SSM	11223
	OHSU	1
	0.446939	0
	0.000000
PRED	H-SSM	11223
	OHSU	1
	0.446939	0
	0.000000
PRED	H-SSM	11223
	OHSU	1
	0.446939	0
	0.000000
PRED	H-SSM	11223
	OHSU	1
	0.446939	0
	0.000000
PRED	H-SSM	11223
	OHSU	0
	0.446939	0
	0.000000
PRED	H-SSM	11223
	OHSU	0
	0.446939	0
	0.000000
PRED	H-SSM	11223
	OHSU	0
	0.446939	0
	0.000000
PRED	H-SSM	11223
	OHSU	0
	0.446939	0
	0.000000
PRED	H-SSM	11223
	OHSU	0
	0.446939	0
	0.000000
PRED	H-SSM	11223
	OHSU	0
	0.446939	0
	0.000000
PRED	H-SSM	11223
	OHSU	0
	0.446939	0
	0.000000
PRED	H-SSM	11223
	OHSU	0
	0.446939	0
	0.000000
PRED	H-SSM	11223
	OHSU	0
	0.446939	0
	0.000000
PRED	H-SSM	11223
	OHSU	0
	0.446939	0
	0.000000
PRED	H-SSM	11223
	OHSU	0
	0.446939	0
	0.000000
PRED	H-SSM	11223
	OHSU	0
	0.446939	0
	0.000000
  H-SSM    11223
   acc=50.000000% bal=50.000000% sites=20
/20
 test_n=500
 assoc=0.000000
PRED	H-SSM	44567
	NYU	1
	0.483992	0
	0.000000
PRED	H-SSM	44567
	NYU	1
	0.483992	0
	0.000000
PRED	H-SSM	44567
	NYU	1
	0.483992	0
	0.000000
PRED	H-SSM	44567
	NYU	1
	0.483992	0
	0.000000
PRED	H-SSM	44567
	NYU	1
	0.483992	0
	0.000000
PRED	H-SSM	44567
	NYU	1
	0.483992	0
	0.000000
PRED	H-SSM	44567
	NYU	1
	0.483992	0
	0.000000
PRED	H-SSM	44567
	NYU	1
	0.483992	0
	0.000000
PRED	H-SSM	44567
	NYU	1
	0.483992	0
	0.000000
PRED	H-SSM	44567
	NYU	1
	0.483992	0
	0.000000
PRED	H-SSM	44567
	NYU	1
	0.483992	0
	0.000000
PRED	H-SSM	44567
	NYU	1
	0.483992	0
	0.000000
PRED	H-SSM	44567
	NYU	1
	0.483992	0
	0.000000
PRED	H-SSM	44567
	NYU	0
	0.483992	0
	0.000000
PRED	H-SSM	44567
	NYU	0
	0.483992	0
	0.000000
PRED	H-SSM	44567
	NYU	0
	0.483992	0
	0.000000
PRED	H-SSM	44567
	NYU	0
	0.483992	0
	0.000000
PRED	H-SSM	44567
	NYU	0
	0.483992	0
	0.000000
PRED	H-SSM	44567
	NYU	0
	0.483992	0
	0.000000
PRED	H-SSM	44567
	NYU	0
	0.483992	0
	0.000000
PRED	H-SSM	44567
	NYU	0
	0.483992	0
	0.000000
PRED	H-SSM	44567
	NYU	0
	0.483992	0
	0.000000
PRED	H-SSM	44567
	NYU	0
	0.483992	0
	0.000000
PRED	H-SSM	44567
	NYU	0
	0.483992	0
	0.000000
PRED	H-SSM	44567
	NYU	0
	0.483992	0
	0.000000
PRED	H-SSM	44567
	NYU	0
	0.483992	0
	0.000000
PRED	H-SSM	44567
	UM_1	1
	0.465961	0
	0.000000
PRED	H-SSM	44567
	UM_1	1
	0.465961	0
	0.000000
PRED	H-SSM	44567
	UM_1	1
	0.465961	0
	0.000000
PRED	H-SSM	44567
	UM_1	1
	0.465961	0
	0.000000
PRED	H-SSM	44567
	UM_1	1
	0.465961	0
	0.000000
PRED	H-SSM	44567
	UM_1	1
	0.465961	0
	0.000000
PRED	H-SSM	44567
	UM_1	1
	0.465961	0
	0.000000
PRED	H-SSM	44567
	UM_1	1
	0.465961	0
	0.000000
PRED	H-SSM	44567
	UM_1	1
	0.465961	0
	0.000000
PRED	H-SSM	44567
	UM_1	1
	0.465961	0
	0.000000
PRED	H-SSM	44567
	UM_1	1
	0.465961	0
	0.000000
PRED	H-SSM	44567
	UM_1	1
	0.465961	0
	0.000000
PRED	H-SSM	44567
	UM_1	1
	0.465961	0
	0.000000
PRED	H-SSM	44567
	UM_1	0
	0.465961	0
	0.000000
PRED	H-SSM	44567
	UM_1	0
	0.465961	0
	0.000000
PRED	H-SSM	44567
	UM_1	0
	0.465961	0
	0.000000
PRED	H-SSM	44567
	UM_1	0
	0.465961	0
	0.000000
PRED	H-SSM	44567
	UM_1	0
	0.465961	0
	0.000000
PRED	H-SSM	44567
	UM_1	0
	0.465961	0
	0.000000
PRED	H-SSM	44567
	UM_1	0
	0.465961	0
	0.000000
PRED	H-SSM	44567
	UM_1	0
	0.465961	0
	0.000000
PRED	H-SSM	44567
	UM_1	0
	0.465961	0
	0.000000
PRED	H-SSM	44567
	UM_1	0
	0.465961	0
	0.000000
PRED	H-SSM	44567
	UM_1	0
	0.465961	0
	0.000000
PRED	H-SSM	44567
	UM_1	0
	0.465961	0
	0.000000
PRED	H-SSM	44567
	UM_1	0
	0.465961	0
	0.000000
PRED	H-SSM	44567
	UCLA_1	1
	0.539423	1
	0.000000
PRED	H-SSM	44567
	UCLA_1	1
	0.539423	1
	0.000000
PRED	H-SSM	44567
	UCLA_1	1
	0.539423	1
	0.000000
PRED	H-SSM	44567
	UCLA_1	1
	0.539423	1
	0.000000
PRED	H-SSM	44567
	UCLA_1	1
	0.539423	1
	0.000000
PRED	H-SSM	44567
	UCLA_1	1
	0.539423	1
	0.000000
PRED	H-SSM	44567
	UCLA_1	1
	0.539423	1
	0.000000
PRED	H-SSM	44567
	UCLA_1	1
	0.539423	1
	0.000000
PRED	H-SSM	44567
	UCLA_1	1
	0.539423	1
	0.000000
PRED	H-SSM	44567
	UCLA_1	1
	0.539423	1
	0.000000
PRED	H-SSM	44567
	UCLA_1	1
	0.539423	1
	0.000000
PRED	H-SSM	44567
	UCLA_1	1
	0.539423	1
	0.000000
PRED	H-SSM	44567
	UCLA_1	1
	0.539423	1
	0.000000
PRED	H-SSM	44567
	UCLA_1	0
	0.539423	1
	0.000000
PRED	H-SSM	44567
	UCLA_1	0
	0.539423	1
	0.000000
PRED	H-SSM	44567
	UCLA_1	0
	0.539423	1
	0.000000
PRED	H-SSM	44567
	UCLA_1	0
	0.539423	1
	0.000000
PRED	H-SSM	44567
	UCLA_1	0
	0.539423	1
	0.000000
PRED	H-SSM	44567
	UCLA_1	0
	0.539423	1
	0.000000
PRED	H-SSM	44567
	UCLA_1	0
	0.539423	1
	0.000000
PRED	H-SSM	44567
	UCLA_1	0
	0.539423	1
	0.000000
PRED	H-SSM	44567
	UCLA_1	0
	0.539423	1
	0.000000
PRED	H-SSM	44567
	UCLA_1	0
	0.539423	1
	0.000000
PRED	H-SSM	44567
	UCLA_1	0
	0.539423	1
	0.000000
PRED	H-SSM	44567
	UCLA_1	0
	0.539423	1
	0.000000
PRED	H-SSM	44567
	UCLA_1	0
	0.539423	1
	0.000000
PRED	H-SSM	44567
	YALE	1
	0.790158	1
	0.000000
PRED	H-SSM	44567
	YALE	1
	0.790158	1
	0.000000
PRED	H-SSM	44567
	YALE	1
	0.790158	1
	0.000000
PRED	H-SSM	44567
	YALE	1
	0.790158	1
	0.000000
PRED	H-SSM	44567
	YALE	1
	0.790158	1
	0.000000
PRED	H-SSM	44567
	YALE	1
	0.790158	1
	0.000000
PRED	H-SSM	44567
	YALE	1
	0.790158	1
	0.000000
PRED	H-SSM	44567
	YALE	1
	0.790158	1
	0.000000
PRED	H-SSM	44567
	YALE	1
	0.790158	1
	0.000000
PRED	H-SSM	44567
	YALE	1
	0.790158	1
	0.000000
PRED	H-SSM	44567
	YALE	1
	0.790158	1
	0.000000
PRED	H-SSM	44567
	YALE	1
	0.790158	1
	0.000000
PRED	H-SSM	44567
	YALE	1
	0.790158	1
	0.000000
PRED	H-SSM	44567
	YALE	0
	0.790158	1
	0.000000
PRED	H-SSM	44567
	YALE	0
	0.790158	1
	0.000000
PRED	H-SSM	44567
	YALE	0
	0.790158	1
	0.000000
PRED	H-SSM	44567
	YALE	0
	0.790158	1
	0.000000
PRED	H-SSM	44567
	YALE	0
	0.790158	1
	0.000000
PRED	H-SSM	44567
	YALE	0
	0.790158	1
	0.000000
PRED	H-SSM	44567
	YALE	0
	0.790158	1
	0.000000
PRED	H-SSM	44567
	YALE	0
	0.790158	1
	0.000000
PRED	H-SSM	44567
	YALE	0
	0.790158	1
	0.000000
PRED	H-SSM	44567
	YALE	0
	0.790158	1
	0.000000
PRED	H-SSM	44567
	YALE	0
	0.790158	1
	0.000000
PRED	H-SSM	44567
	YALE	0
	0.790158	1
	0.000000
PRED	H-SSM	44567
	YALE	0
	0.790158	1
	0.000000
PRED	H-SSM	44567
	PITT	1
	0.605630	1
	0.000000
PRED	H-SSM	44567
	PITT	1
	0.605630	1
	0.000000
PRED	H-SSM	44567
	PITT	1
	0.605630	1
	0.000000
PRED	H-SSM	44567
	PITT	1
	0.605630	1
	0.000000
PRED	H-SSM	44567
	PITT	1
	0.605630	1
	0.000000
PRED	H-SSM	44567
	PITT	1
	0.605630	1
	0.000000
PRED	H-SSM	44567
	PITT	1
	0.605630	1
	0.000000
PRED	H-SSM	44567
	PITT	1
	0.605630	1
	0.000000
PRED	H-SSM	44567
	PITT	1
	0.605630	1
	0.000000
PRED	H-SSM	44567
	PITT	1
	0.605630	1
	0.000000
PRED	H-SSM	44567
	PITT	1
	0.605630	1
	0.000000
PRED	H-SSM	44567
	PITT	1
	0.605630	1
	0.000000
PRED	H-SSM	44567
	PITT	1
	0.605630	1
	0.000000
PRED	H-SSM	44567
	PITT	0
	0.605630	1
	0.000000
PRED	H-SSM	44567
	PITT	0
	0.605630	1
	0.000000
PRED	H-SSM	44567
	PITT	0
	0.605630	1
	0.000000
PRED	H-SSM	44567
	PITT	0
	0.605630	1
	0.000000
PRED	H-SSM	44567
	PITT	0
	0.605630	1
	0.000000
PRED	H-SSM	44567
	PITT	0
	0.605630	1
	0.000000
PRED	H-SSM	44567
	PITT	0
	0.605630	1
	0.000000
PRED	H-SSM	44567
	PITT	0
	0.605630	1
	0.000000
PRED	H-SSM	44567
	PITT	0
	0.605630	1
	0.000000
PRED	H-SSM	44567
	PITT	0
	0.605630	1
	0.000000
PRED	H-SSM	44567
	PITT	0
	0.605630	1
	0.000000
PRED	H-SSM	44567
	PITT	0
	0.605630	1
	0.000000
PRED	H-SSM	44567
	PITT	0
	0.605630	1
	0.000000
PRED	H-SSM	44567
	USM	1
	0.434078	0
	0.000000
PRED	H-SSM	44567
	USM	1
	0.434078	0
	0.000000
PRED	H-SSM	44567
	USM	1
	0.434078	0
	0.000000
PRED	H-SSM	44567
	USM	1
	0.434078	0
	0.000000
PRED	H-SSM	44567
	USM	1
	0.434078	0
	0.000000
PRED	H-SSM	44567
	USM	1
	0.434078	0
	0.000000
PRED	H-SSM	44567
	USM	1
	0.434078	0
	0.000000
PRED	H-SSM	44567
	USM	1
	0.434078	0
	0.000000
PRED	H-SSM	44567
	USM	1
	0.434078	0
	0.000000
PRED	H-SSM	44567
	USM	1
	0.434078	0
	0.000000
PRED	H-SSM	44567
	USM	1
	0.434078	0
	0.000000
PRED	H-SSM	44567
	USM	1
	0.434078	0
	0.000000
PRED	H-SSM	44567
	USM	1
	0.434078	0
	0.000000
PRED	H-SSM	44567
	USM	0
	0.434078	0
	0.000000
PRED	H-SSM	44567
	USM	0
	0.434078	0
	0.000000
PRED	H-SSM	44567
	USM	0
	0.434078	0
	0.000000
PRED	H-SSM	44567
	USM	0
	0.434078	0
	0.000000
PRED	H-SSM	44567
	USM	0
	0.434078	0
	0.000000
PRED	H-SSM	44567
	USM	0
	0.434078	0
	0.000000
PRED	H-SSM	44567
	USM	0
	0.434078	0
	0.000000
PRED	H-SSM	44567
	USM	0
	0.434078	0
	0.000000
PRED	H-SSM	44567
	USM	0
	0.434078	0
	0.000000
PRED	H-SSM	44567
	USM	0
	0.434078	0
	0.000000
PRED	H-SSM	44567
	USM	0
	0.434078	0
	0.000000
PRED	H-SSM	44567
	USM	0
	0.434078	0
	0.000000
PRED	H-SSM	44567
	USM	0
	0.434078	0
	0.000000
PRED	H-SSM	44567
	MAX_MUN	1
	0.654752	1
	0.000000
PRED	H-SSM	44567
	MAX_MUN	1
	0.654752	1
	0.000000
PRED	H-SSM	44567
	MAX_MUN	1
	0.654752	1
	0.000000
PRED	H-SSM	44567
	MAX_MUN	1
	0.654752	1
	0.000000
PRED	H-SSM	44567
	MAX_MUN	1
	0.654752	1
	0.000000
PRED	H-SSM	44567
	MAX_MUN	1
	0.654752	1
	0.000000
PRED	H-SSM	44567
	MAX_MUN	1
	0.654752	1
	0.000000
PRED	H-SSM	44567
	MAX_MUN	1
	0.654752	1
	0.000000
PRED	H-SSM	44567
	MAX_MUN	1
	0.654752	1
	0.000000
PRED	H-SSM	44567
	MAX_MUN	1
	0.654752	1
	0.000000
PRED	H-SSM	44567
	MAX_MUN	1
	0.654752	1
	0.000000
PRED	H-SSM	44567
	MAX_MUN	1
	0.654752	1
	0.000000
PRED	H-SSM	44567
	MAX_MUN	1
	0.654752	1
	0.000000
PRED	H-SSM	44567
	MAX_MUN	0
	0.654752	1
	0.000000
PRED	H-SSM	44567
	MAX_MUN	0
	0.654752	1
	0.000000
PRED	H-SSM	44567
	MAX_MUN	0
	0.654752	1
	0.000000
PRED	H-SSM	44567
	MAX_MUN	0
	0.654752	1
	0.000000
PRED	H-SSM	44567
	MAX_MUN	0
	0.654752	1
	0.000000
PRED	H-SSM	44567
	MAX_MUN	0
	0.654752	1
	0.000000
PRED	H-SSM	44567
	MAX_MUN	0
	0.654752	1
	0.000000
PRED	H-SSM	44567
	MAX_MUN	0
	0.654752	1
	0.000000
PRED	H-SSM	44567
	MAX_MUN	0
	0.654752	1
	0.000000
PRED	H-SSM	44567
	MAX_MUN	0
	0.654752	1
	0.000000
PRED	H-SSM	44567
	MAX_MUN	0
	0.654752	1
	0.000000
PRED	H-SSM	44567
	MAX_MUN	0
	0.654752	1
	0.000000
PRED	H-SSM	44567
	MAX_MUN	0
	0.654752	1
	0.000000
PRED	H-SSM	44567
	TRINITY	1
	0.592067	1
	0.000000
PRED	H-SSM	44567
	TRINITY	1
	0.592067	1
	0.000000
PRED	H-SSM	44567
	TRINITY	1
	0.592067	1
	0.000000
PRED	H-SSM	44567
	TRINITY	1
	0.592067	1
	0.000000
PRED	H-SSM	44567
	TRINITY	1
	0.592067	1
	0.000000
PRED	H-SSM	44567
	TRINITY	1
	0.592067	1
	0.000000
PRED	H-SSM	44567
	TRINITY	1
	0.592067	1
	0.000000
PRED	H-SSM	44567
	TRINITY	1
	0.592067	1
	0.000000
PRED	H-SSM	44567
	TRINITY	1
	0.592067	1
	0.000000
PRED	H-SSM	44567
	TRINITY	1
	0.592067	1
	0.000000
PRED	H-SSM	44567
	TRINITY	1
	0.592067	1
	0.000000
PRED	H-SSM	44567
	TRINITY	1
	0.592067	1
	0.000000
PRED	H-SSM	44567
	TRINITY	1
	0.592067	1
	0.000000
PRED	H-SSM	44567
	TRINITY	0
	0.592067	1
	0.000000
PRED	H-SSM	44567
	TRINITY	0
	0.592067	1
	0.000000
PRED	H-SSM	44567
	TRINITY	0
	0.592067	1
	0.000000
PRED	H-SSM	44567
	TRINITY	0
	0.592067	1
	0.000000
PRED	H-SSM	44567
	TRINITY	0
	0.592067	1
	0.000000
PRED	H-SSM	44567
	TRINITY	0
	0.592067	1
	0.000000
PRED	H-SSM	44567
	TRINITY	0
	0.592067	1
	0.000000
PRED	H-SSM	44567
	TRINITY	0
	0.592067	1
	0.000000
PRED	H-SSM	44567
	TRINITY	0
	0.592067	1
	0.000000
PRED	H-SSM	44567
	TRINITY	0
	0.592067	1
	0.000000
PRED	H-SSM	44567
	TRINITY	0
	0.592067	1
	0.000000
PRED	H-SSM	44567
	TRINITY	0
	0.592067	1
	0.000000
PRED	H-SSM	44567
	TRINITY	0
	0.592067	1
	0.000000
PRED	H-SSM	44567
	KKI	1
	0.483214	0
	0.000000
PRED	H-SSM	44567
	KKI	1
	0.483214	0
	0.000000
PRED	H-SSM	44567
	KKI	1
	0.483214	0
	0.000000
PRED	H-SSM	44567
	KKI	1
	0.483214	0
	0.000000
PRED	H-SSM	44567
	KKI	1
	0.483214	0
	0.000000
PRED	H-SSM	44567
	KKI	1
	0.483214	0
	0.000000
PRED	H-SSM	44567
	KKI	1
	0.483214	0
	0.000000
PRED	H-SSM	44567
	KKI	1
	0.483214	0
	0.000000
PRED	H-SSM	44567
	KKI	1
	0.483214	0
	0.000000
PRED	H-SSM	44567
	KKI	1
	0.483214	0
	0.000000
PRED	H-SSM	44567
	KKI	1
	0.483214	0
	0.000000
PRED	H-SSM	44567
	KKI	1
	0.483214	0
	0.000000
PRED	H-SSM	44567
	KKI	1
	0.483214	0
	0.000000
PRED	H-SSM	44567
	KKI	0
	0.483214	0
	0.000000
PRED	H-SSM	44567
	KKI	0
	0.483214	0
	0.000000
PRED	H-SSM	44567
	KKI	0
	0.483214	0
	0.000000
PRED	H-SSM	44567
	KKI	0
	0.483214	0
	0.000000
PRED	H-SSM	44567
	KKI	0
	0.483214	0
	0.000000
PRED	H-SSM	44567
	KKI	0
	0.483214	0
	0.000000
PRED	H-SSM	44567
	KKI	0
	0.483214	0
	0.000000
PRED	H-SSM	44567
	KKI	0
	0.483214	0
	0.000000
PRED	H-SSM	44567
	KKI	0
	0.483214	0
	0.000000
PRED	H-SSM	44567
	KKI	0
	0.483214	0
	0.000000
PRED	H-SSM	44567
	KKI	0
	0.483214	0
	0.000000
PRED	H-SSM	44567
	KKI	0
	0.483214	0
	0.000000
PRED	H-SSM	44567
	KKI	0
	0.483214	0
	0.000000
PRED	H-SSM	44567
	STANFORD	1
	0.598714	1
	0.000000
PRED	H-SSM	44567
	STANFORD	1
	0.598714	1
	0.000000
PRED	H-SSM	44567
	STANFORD	1
	0.598714	1
	0.000000
PRED	H-SSM	44567
	STANFORD	1
	0.598714	1
	0.000000
PRED	H-SSM	44567
	STANFORD	1
	0.598714	1
	0.000000
PRED	H-SSM	44567
	STANFORD	1
	0.598714	1
	0.000000
PRED	H-SSM	44567
	STANFORD	1
	0.598714	1
	0.000000
PRED	H-SSM	44567
	STANFORD	1
	0.598714	1
	0.000000
PRED	H-SSM	44567
	STANFORD	1
	0.598714	1
	0.000000
PRED	H-SSM	44567
	STANFORD	1
	0.598714	1
	0.000000
PRED	H-SSM	44567
	STANFORD	1
	0.598714	1
	0.000000
PRED	H-SSM	44567
	STANFORD	1
	0.598714	1
	0.000000
PRED	H-SSM	44567
	STANFORD	1
	0.598714	1
	0.000000
PRED	H-SSM	44567
	STANFORD	0
	0.598714	1
	0.000000
PRED	H-SSM	44567
	STANFORD	0
	0.598714	1
	0.000000
PRED	H-SSM	44567
	STANFORD	0
	0.598714	1
	0.000000
PRED	H-SSM	44567
	STANFORD	0
	0.598714	1
	0.000000
PRED	H-SSM	44567
	STANFORD	0
	0.598714	1
	0.000000
PRED	H-SSM	44567
	STANFORD	0
	0.598714	1
	0.000000
PRED	H-SSM	44567
	STANFORD	0
	0.598714	1
	0.000000
PRED	H-SSM	44567
	STANFORD	0
	0.598714	1
	0.000000
PRED	H-SSM	44567
	STANFORD	0
	0.598714	1
	0.000000
PRED	H-SSM	44567
	STANFORD	0
	0.598714	1
	0.000000
PRED	H-SSM	44567
	STANFORD	0
	0.598714	1
	0.000000
PRED	H-SSM	44567
	STANFORD	0
	0.598714	1
	0.000000
PRED	H-SSM	44567
	STANFORD	0
	0.598714	1
	0.000000
PRED	H-SSM	44567
	CALTECH	1
	0.450849	0
	0.000000
PRED	H-SSM	44567
	CALTECH	1
	0.450849	0
	0.000000
PRED	H-SSM	44567
	CALTECH	1
	0.450849	0
	0.000000
PRED	H-SSM	44567
	CALTECH	1
	0.450849	0
	0.000000
PRED	H-SSM	44567
	CALTECH	1
	0.450849	0
	0.000000
PRED	H-SSM	44567
	CALTECH	1
	0.450849	0
	0.000000
PRED	H-SSM	44567
	CALTECH	1
	0.450849	0
	0.000000
PRED	H-SSM	44567
	CALTECH	1
	0.450849	0
	0.000000
PRED	H-SSM	44567
	CALTECH	1
	0.450849	0
	0.000000
PRED	H-SSM	44567
	CALTECH	1
	0.450849	0
	0.000000
PRED	H-SSM	44567
	CALTECH	1
	0.450849	0
	0.000000
PRED	H-SSM	44567
	CALTECH	1
	0.450849	0
	0.000000
PRED	H-SSM	44567
	CALTECH	0
	0.450849	0
	0.000000
PRED	H-SSM	44567
	CALTECH	0
	0.450849	0
	0.000000
PRED	H-SSM	44567
	CALTECH	0
	0.450849	0
	0.000000
PRED	H-SSM	44567
	CALTECH	0
	0.450849	0
	0.000000
PRED	H-SSM	44567
	CALTECH	0
	0.450849	0
	0.000000
PRED	H-SSM	44567
	CALTECH	0
	0.450849	0
	0.000000
PRED	H-SSM	44567
	CALTECH	0
	0.450849	0
	0.000000
PRED	H-SSM	44567
	CALTECH	0
	0.450849	0
	0.000000
PRED	H-SSM	44567
	CALTECH	0
	0.450849	0
	0.000000
PRED	H-SSM	44567
	CALTECH	0
	0.450849	0
	0.000000
PRED	H-SSM	44567
	CALTECH	0
	0.450849	0
	0.000000
PRED	H-SSM	44567
	CALTECH	0
	0.450849	0
	0.000000
PRED	H-SSM	44567
	LEUVEN_2	1
	0.408698	0
	0.000000
PRED	H-SSM	44567
	LEUVEN_2	1
	0.408698	0
	0.000000
PRED	H-SSM	44567
	LEUVEN_2	1
	0.408698	0
	0.000000
PRED	H-SSM	44567
	LEUVEN_2	1
	0.408698	0
	0.000000
PRED	H-SSM	44567
	LEUVEN_2	1
	0.408698	0
	0.000000
PRED	H-SSM	44567
	LEUVEN_2	1
	0.408698	0
	0.000000
PRED	H-SSM	44567
	LEUVEN_2	1
	0.408698	0
	0.000000
PRED	H-SSM	44567
	LEUVEN_2	1
	0.408698	0
	0.000000
PRED	H-SSM	44567
	LEUVEN_2	1
	0.408698	0
	0.000000
PRED	H-SSM	44567
	LEUVEN_2	1
	0.408698	0
	0.000000
PRED	H-SSM	44567
	LEUVEN_2	1
	0.408698	0
	0.000000
PRED	H-SSM	44567
	LEUVEN_2	1
	0.408698	0
	0.000000
PRED	H-SSM	44567
	LEUVEN_2	0
	0.408698	0
	0.000000
PRED	H-SSM	44567
	LEUVEN_2	0
	0.408698	0
	0.000000
PRED	H-SSM	44567
	LEUVEN_2	0
	0.408698	0
	0.000000
PRED	H-SSM	44567
	LEUVEN_2	0
	0.408698	0
	0.000000
PRED	H-SSM	44567
	LEUVEN_2	0
	0.408698	0
	0.000000
PRED	H-SSM	44567
	LEUVEN_2	0
	0.408698	0
	0.000000
PRED	H-SSM	44567
	LEUVEN_2	0
	0.408698	0
	0.000000
PRED	H-SSM	44567
	LEUVEN_2	0
	0.408698	0
	0.000000
PRED	H-SSM	44567
	LEUVEN_2	0
	0.408698	0
	0.000000
PRED	H-SSM	44567
	LEUVEN_2	0
	0.408698	0
	0.000000
PRED	H-SSM	44567
	LEUVEN_2	0
	0.408698	0
	0.000000
PRED	H-SSM	44567
	LEUVEN_2	0
	0.408698	0
	0.000000
PRED	H-SSM	44567
	OLIN	1
	0.687143	1
	0.000000
PRED	H-SSM	44567
	OLIN	1
	0.687143	1
	0.000000
PRED	H-SSM	44567
	OLIN	1
	0.687143	1
	0.000000
PRED	H-SSM	44567
	OLIN	1
	0.687143	1
	0.000000
PRED	H-SSM	44567
	OLIN	1
	0.687143	1
	0.000000
PRED	H-SSM	44567
	OLIN	1
	0.687143	1
	0.000000
PRED	H-SSM	44567
	OLIN	1
	0.687143	1
	0.000000
PRED	H-SSM	44567
	OLIN	1
	0.687143	1
	0.000000
PRED	H-SSM	44567
	OLIN	1
	0.687143	1
	0.000000
PRED	H-SSM	44567
	OLIN	1
	0.687143	1
	0.000000
PRED	H-SSM	44567
	OLIN	1
	0.687143	1
	0.000000
PRED	H-SSM	44567
	OLIN	1
	0.687143	1
	0.000000
PRED	H-SSM	44567
	OLIN	0
	0.687143	1
	0.000000
PRED	H-SSM	44567
	OLIN	0
	0.687143	1
	0.000000
PRED	H-SSM	44567
	OLIN	0
	0.687143	1
	0.000000
PRED	H-SSM	44567
	OLIN	0
	0.687143	1
	0.000000
PRED	H-SSM	44567
	OLIN	0
	0.687143	1
	0.000000
PRED	H-SSM	44567
	OLIN	0
	0.687143	1
	0.000000
PRED	H-SSM	44567
	OLIN	0
	0.687143	1
	0.000000
PRED	H-SSM	44567
	OLIN	0
	0.687143	1
	0.000000
PRED	H-SSM	44567
	OLIN	0
	0.687143	1
	0.000000
PRED	H-SSM	44567
	OLIN	0
	0.687143	1
	0.000000
PRED	H-SSM	44567
	OLIN	0
	0.687143	1
	0.000000
PRED	H-SSM	44567
	OLIN	0
	0.687143	1
	0.000000
PRED	H-SSM	44567
	SBL	1
	0.566524	1
	0.000000
PRED	H-SSM	44567
	SBL	1
	0.566524	1
	0.000000
PRED	H-SSM	44567
	SBL	1
	0.566524	1
	0.000000
PRED	H-SSM	44567
	SBL	1
	0.566524	1
	0.000000
PRED	H-SSM	44567
	SBL	1
	0.566524	1
	0.000000
PRED	H-SSM	44567
	SBL	1
	0.566524	1
	0.000000
PRED	H-SSM	44567
	SBL	1
	0.566524	1
	0.000000
PRED	H-SSM	44567
	SBL	1
	0.566524	1
	0.000000
PRED	H-SSM	44567
	SBL	1
	0.566524	1
	0.000000
PRED	H-SSM	44567
	SBL	1
	0.566524	1
	0.000000
PRED	H-SSM	44567
	SBL	1
	0.566524	1
	0.000000
PRED	H-SSM	44567
	SBL	1
	0.566524	1
	0.000000
PRED	H-SSM	44567
	SBL	0
	0.566524	1
	0.000000
PRED	H-SSM	44567
	SBL	0
	0.566524	1
	0.000000
PRED	H-SSM	44567
	SBL	0
	0.566524	1
	0.000000
PRED	H-SSM	44567
	SBL	0
	0.566524	1
	0.000000
PRED	H-SSM	44567
	SBL	0
	0.566524	1
	0.000000
PRED	H-SSM	44567
	SBL	0
	0.566524	1
	0.000000
PRED	H-SSM	44567
	SBL	0
	0.566524	1
	0.000000
PRED	H-SSM	44567
	SBL	0
	0.566524	1
	0.000000
PRED	H-SSM	44567
	SBL	0
	0.566524	1
	0.000000
PRED	H-SSM	44567
	SBL	0
	0.566524	1
	0.000000
PRED	H-SSM	44567
	SBL	0
	0.566524	1
	0.000000
PRED	H-SSM	44567
	SBL	0
	0.566524	1
	0.000000
PRED	H-SSM	44567
	LEUVEN_1	1
	0.505196	1
	0.000000
PRED	H-SSM	44567
	LEUVEN_1	1
	0.505196	1
	0.000000
PRED	H-SSM	44567
	LEUVEN_1	1
	0.505196	1
	0.000000
PRED	H-SSM	44567
	LEUVEN_1	1
	0.505196	1
	0.000000
PRED	H-SSM	44567
	LEUVEN_1	1
	0.505196	1
	0.000000
PRED	H-SSM	44567
	LEUVEN_1	1
	0.505196	1
	0.000000
PRED	H-SSM	44567
	LEUVEN_1	1
	0.505196	1
	0.000000
PRED	H-SSM	44567
	LEUVEN_1	1
	0.505196	1
	0.000000
PRED	H-SSM	44567
	LEUVEN_1	1
	0.505196	1
	0.000000
PRED	H-SSM	44567
	LEUVEN_1	1
	0.505196	1
	0.000000
PRED	H-SSM	44567
	LEUVEN_1	1
	0.505196	1
	0.000000
PRED	H-SSM	44567
	LEUVEN_1	1
	0.505196	1
	0.000000
PRED	H-SSM	44567
	LEUVEN_1	0
	0.505196	1
	0.000000
PRED	H-SSM	44567
	LEUVEN_1	0
	0.505196	1
	0.000000
PRED	H-SSM	44567
	LEUVEN_1	0
	0.505196	1
	0.000000
PRED	H-SSM	44567
	LEUVEN_1	0
	0.505196	1
	0.000000
PRED	H-SSM	44567
	LEUVEN_1	0
	0.505196	1
	0.000000
PRED	H-SSM	44567
	LEUVEN_1	0
	0.505196	1
	0.000000
PRED	H-SSM	44567
	LEUVEN_1	0
	0.505196	1
	0.000000
PRED	H-SSM	44567
	LEUVEN_1	0
	0.505196	1
	0.000000
PRED	H-SSM	44567
	LEUVEN_1	0
	0.505196	1
	0.000000
PRED	H-SSM	44567
	LEUVEN_1	0
	0.505196	1
	0.000000
PRED	H-SSM	44567
	LEUVEN_1	0
	0.505196	1
	0.000000
PRED	H-SSM	44567
	LEUVEN_1	0
	0.505196	1
	0.000000
PRED	H-SSM	44567
	SDSU	1
	0.489922	0
	0.000000
PRED	H-SSM	44567
	SDSU	1
	0.489922	0
	0.000000
PRED	H-SSM	44567
	SDSU	1
	0.489922	0
	0.000000
PRED	H-SSM	44567
	SDSU	1
	0.489922	0
	0.000000
PRED	H-SSM	44567
	SDSU	1
	0.489922	0
	0.000000
PRED	H-SSM	44567
	SDSU	1
	0.489922	0
	0.000000
PRED	H-SSM	44567
	SDSU	1
	0.489922	0
	0.000000
PRED	H-SSM	44567
	SDSU	1
	0.489922	0
	0.000000
PRED	H-SSM	44567
	SDSU	1
	0.489922	0
	0.000000
PRED	H-SSM	44567
	SDSU	1
	0.489922	0
	0.000000
PRED	H-SSM	44567
	SDSU	1
	0.489922	0
	0.000000
PRED	H-SSM	44567
	SDSU	1
	0.489922	0
	0.000000
PRED	H-SSM	44567
	SDSU	0
	0.489922	0
	0.000000
PRED	H-SSM	44567
	SDSU	0
	0.489922	0
	0.000000
PRED	H-SSM	44567
	SDSU	0
	0.489922	0
	0.000000
PRED	H-SSM	44567
	SDSU	0
	0.489922	0
	0.000000
PRED	H-SSM	44567
	SDSU	0
	0.489922	0
	0.000000
PRED	H-SSM	44567
	SDSU	0
	0.489922	0
	0.000000
PRED	H-SSM	44567
	SDSU	0
	0.489922	0
	0.000000
PRED	H-SSM	44567
	SDSU	0
	0.489922	0
	0.000000
PRED	H-SSM	44567
	SDSU	0
	0.489922	0
	0.000000
PRED	H-SSM	44567
	SDSU	0
	0.489922	0
	0.000000
PRED	H-SSM	44567
	SDSU	0
	0.489922	0
	0.000000
PRED	H-SSM	44567
	SDSU	0
	0.489922	0
	0.000000
PRED	H-SSM	44567
	CMU	1
	0.454261	0
	0.000000
PRED	H-SSM	44567
	CMU	1
	0.454261	0
	0.000000
PRED	H-SSM	44567
	CMU	1
	0.454261	0
	0.000000
PRED	H-SSM	44567
	CMU	1
	0.454261	0
	0.000000
PRED	H-SSM	44567
	CMU	1
	0.454261	0
	0.000000
PRED	H-SSM	44567
	CMU	1
	0.454261	0
	0.000000
PRED	H-SSM	44567
	CMU	1
	0.454261	0
	0.000000
PRED	H-SSM	44567
	CMU	1
	0.454261	0
	0.000000
PRED	H-SSM	44567
	CMU	1
	0.454261	0
	0.000000
PRED	H-SSM	44567
	CMU	1
	0.454261	0
	0.000000
PRED	H-SSM	44567
	CMU	1
	0.454261	0
	0.000000
PRED	H-SSM	44567
	CMU	1
	0.454261	0
	0.000000
PRED	H-SSM	44567
	CMU	0
	0.454261	0
	0.000000
PRED	H-SSM	44567
	CMU	0
	0.454261	0
	0.000000
PRED	H-SSM	44567
	CMU	0
	0.454261	0
	0.000000
PRED	H-SSM	44567
	CMU	0
	0.454261	0
	0.000000
PRED	H-SSM	44567
	CMU	0
	0.454261	0
	0.000000
PRED	H-SSM	44567
	CMU	0
	0.454261	0
	0.000000
PRED	H-SSM	44567
	CMU	0
	0.454261	0
	0.000000
PRED	H-SSM	44567
	CMU	0
	0.454261	0
	0.000000
PRED	H-SSM	44567
	CMU	0
	0.454261	0
	0.000000
PRED	H-SSM	44567
	CMU	0
	0.454261	0
	0.000000
PRED	H-SSM	44567
	CMU	0
	0.454261	0
	0.000000
PRED	H-SSM	44567
	CMU	0
	0.454261	0
	0.000000
PRED	H-SSM	44567
	UCLA_2	1
	0.472334	0
	0.000000
PRED	H-SSM	44567
	UCLA_2	1
	0.472334	0
	0.000000
PRED	H-SSM	44567
	UCLA_2	1
	0.472334	0
	0.000000
PRED	H-SSM	44567
	UCLA_2	1
	0.472334	0
	0.000000
PRED	H-SSM	44567
	UCLA_2	1
	0.472334	0
	0.000000
PRED	H-SSM	44567
	UCLA_2	1
	0.472334	0
	0.000000
PRED	H-SSM	44567
	UCLA_2	1
	0.472334	0
	0.000000
PRED	H-SSM	44567
	UCLA_2	1
	0.472334	0
	0.000000
PRED	H-SSM	44567
	UCLA_2	1
	0.472334	0
	0.000000
PRED	H-SSM	44567
	UCLA_2	1
	0.472334	0
	0.000000
PRED	H-SSM	44567
	UCLA_2	1
	0.472334	0
	0.000000
PRED	H-SSM	44567
	UCLA_2	1
	0.472334	0
	0.000000
PRED	H-SSM	44567
	UCLA_2	0
	0.472334	0
	0.000000
PRED	H-SSM	44567
	UCLA_2	0
	0.472334	0
	0.000000
PRED	H-SSM	44567
	UCLA_2	0
	0.472334	0
	0.000000
PRED	H-SSM	44567
	UCLA_2	0
	0.472334	0
	0.000000
PRED	H-SSM	44567
	UCLA_2	0
	0.472334	0
	0.000000
PRED	H-SSM	44567
	UCLA_2	0
	0.472334	0
	0.000000
PRED	H-SSM	44567
	UCLA_2	0
	0.472334	0
	0.000000
PRED	H-SSM	44567
	UCLA_2	0
	0.472334	0
	0.000000
PRED	H-SSM	44567
	UCLA_2	0
	0.472334	0
	0.000000
PRED	H-SSM	44567
	UCLA_2	0
	0.472334	0
	0.000000
PRED	H-SSM	44567
	UCLA_2	0
	0.472334	0
	0.000000
PRED	H-SSM	44567
	UCLA_2	0
	0.472334	0
	0.000000
PRED	H-SSM	44567
	UM_2	1
	0.734876	1
	0.000000
PRED	H-SSM	44567
	UM_2	1
	0.734876	1
	0.000000
PRED	H-SSM	44567
	UM_2	1
	0.734876	1
	0.000000
PRED	H-SSM	44567
	UM_2	1
	0.734876	1
	0.000000
PRED	H-SSM	44567
	UM_2	1
	0.734876	1
	0.000000
PRED	H-SSM	44567
	UM_2	1
	0.734876	1
	0.000000
PRED	H-SSM	44567
	UM_2	1
	0.734876	1
	0.000000
PRED	H-SSM	44567
	UM_2	1
	0.734876	1
	0.000000
PRED	H-SSM	44567
	UM_2	1
	0.734876	1
	0.000000
PRED	H-SSM	44567
	UM_2	1
	0.734876	1
	0.000000
PRED	H-SSM	44567
	UM_2	1
	0.734876	1
	0.000000
PRED	H-SSM	44567
	UM_2	1
	0.734876	1
	0.000000
PRED	H-SSM	44567
	UM_2	0
	0.734876	1
	0.000000
PRED	H-SSM	44567
	UM_2	0
	0.734876	1
	0.000000
PRED	H-SSM	44567
	UM_2	0
	0.734876	1
	0.000000
PRED	H-SSM	44567
	UM_2	0
	0.734876	1
	0.000000
PRED	H-SSM	44567
	UM_2	0
	0.734876	1
	0.000000
PRED	H-SSM	44567
	UM_2	0
	0.734876	1
	0.000000
PRED	H-SSM	44567
	UM_2	0
	0.734876	1
	0.000000
PRED	H-SSM	44567
	UM_2	0
	0.734876	1
	0.000000
PRED	H-SSM	44567
	UM_2	0
	0.734876	1
	0.000000
PRED	H-SSM	44567
	UM_2	0
	0.734876	1
	0.000000
PRED	H-SSM	44567
	UM_2	0
	0.734876	1
	0.000000
PRED	H-SSM	44567
	UM_2	0
	0.734876	1
	0.000000
PRED	H-SSM	44567
	OHSU	1
	0.485234	0
	0.000000
PRED	H-SSM	44567
	OHSU	1
	0.485234	0
	0.000000
PRED	H-SSM	44567
	OHSU	1
	0.485234	0
	0.000000
PRED	H-SSM	44567
	OHSU	1
	0.485234	0
	0.000000
PRED	H-SSM	44567
	OHSU	1
	0.485234	0
	0.000000
PRED	H-SSM	44567
	OHSU	1
	0.485234	0
	0.000000
PRED	H-SSM	44567
	OHSU	1
	0.485234	0
	0.000000
PRED	H-SSM	44567
	OHSU	1
	0.485234	0
	0.000000
PRED	H-SSM	44567
	OHSU	1
	0.485234	0
	0.000000
PRED	H-SSM	44567
	OHSU	1
	0.485234	0
	0.000000
PRED	H-SSM	44567
	OHSU	1
	0.485234	0
	0.000000
PRED	H-SSM	44567
	OHSU	1
	0.485234	0
	0.000000
PRED	H-SSM	44567
	OHSU	0
	0.485234	0
	0.000000
PRED	H-SSM	44567
	OHSU	0
	0.485234	0
	0.000000
PRED	H-SSM	44567
	OHSU	0
	0.485234	0
	0.000000
PRED	H-SSM	44567
	OHSU	0
	0.485234	0
	0.000000
PRED	H-SSM	44567
	OHSU	0
	0.485234	0
	0.000000
PRED	H-SSM	44567
	OHSU	0
	0.485234	0
	0.000000
PRED	H-SSM	44567
	OHSU	0
	0.485234	0
	0.000000
PRED	H-SSM	44567
	OHSU	0
	0.485234	0
	0.000000
PRED	H-SSM	44567
	OHSU	0
	0.485234	0
	0.000000
PRED	H-SSM	44567
	OHSU	0
	0.485234	0
	0.000000
PRED	H-SSM	44567
	OHSU	0
	0.485234	0
	0.000000
PRED	H-SSM	44567
	OHSU	0
	0.485234	0
	0.000000
  H-SSM    44567
   acc=50.000000% bal=50.000000% sites=20
/20
 test_n=500
 assoc=0.000000
PRED	H-SSM	77889
	NYU	1
	0.739718	1
	0.000000
PRED	H-SSM	77889
	NYU	1
	0.739718	1
	0.000000
PRED	H-SSM	77889
	NYU	1
	0.739718	1
	0.000000
PRED	H-SSM	77889
	NYU	1
	0.739718	1
	0.000000
PRED	H-SSM	77889
	NYU	1
	0.739718	1
	0.000000
PRED	H-SSM	77889
	NYU	1
	0.739718	1
	0.000000
PRED	H-SSM	77889
	NYU	1
	0.739718	1
	0.000000
PRED	H-SSM	77889
	NYU	1
	0.739718	1
	0.000000
PRED	H-SSM	77889
	NYU	1
	0.739718	1
	0.000000
PRED	H-SSM	77889
	NYU	1
	0.739718	1
	0.000000
PRED	H-SSM	77889
	NYU	1
	0.739718	1
	0.000000
PRED	H-SSM	77889
	NYU	1
	0.739718	1
	0.000000
PRED	H-SSM	77889
	NYU	1
	0.739718	1
	0.000000
PRED	H-SSM	77889
	NYU	0
	0.739718	1
	0.000000
PRED	H-SSM	77889
	NYU	0
	0.739718	1
	0.000000
PRED	H-SSM	77889
	NYU	0
	0.739718	1
	0.000000
PRED	H-SSM	77889
	NYU	0
	0.739718	1
	0.000000
PRED	H-SSM	77889
	NYU	0
	0.739718	1
	0.000000
PRED	H-SSM	77889
	NYU	0
	0.739718	1
	0.000000
PRED	H-SSM	77889
	NYU	0
	0.739718	1
	0.000000
PRED	H-SSM	77889
	NYU	0
	0.739718	1
	0.000000
PRED	H-SSM	77889
	NYU	0
	0.739718	1
	0.000000
PRED	H-SSM	77889
	NYU	0
	0.739718	1
	0.000000
PRED	H-SSM	77889
	NYU	0
	0.739718	1
	0.000000
PRED	H-SSM	77889
	NYU	0
	0.739718	1
	0.000000
PRED	H-SSM	77889
	NYU	0
	0.739718	1
	0.000000
PRED	H-SSM	77889
	UM_1	1
	0.581634	1
	0.000000
PRED	H-SSM	77889
	UM_1	1
	0.581634	1
	0.000000
PRED	H-SSM	77889
	UM_1	1
	0.581634	1
	0.000000
PRED	H-SSM	77889
	UM_1	1
	0.581634	1
	0.000000
PRED	H-SSM	77889
	UM_1	1
	0.581634	1
	0.000000
PRED	H-SSM	77889
	UM_1	1
	0.581634	1
	0.000000
PRED	H-SSM	77889
	UM_1	1
	0.581634	1
	0.000000
PRED	H-SSM	77889
	UM_1	1
	0.581634	1
	0.000000
PRED	H-SSM	77889
	UM_1	1
	0.581634	1
	0.000000
PRED	H-SSM	77889
	UM_1	1
	0.581634	1
	0.000000
PRED	H-SSM	77889
	UM_1	1
	0.581634	1
	0.000000
PRED	H-SSM	77889
	UM_1	1
	0.581634	1
	0.000000
PRED	H-SSM	77889
	UM_1	1
	0.581634	1
	0.000000
PRED	H-SSM	77889
	UM_1	0
	0.581634	1
	0.000000
PRED	H-SSM	77889
	UM_1	0
	0.581634	1
	0.000000
PRED	H-SSM	77889
	UM_1	0
	0.581634	1
	0.000000
PRED	H-SSM	77889
	UM_1	0
	0.581634	1
	0.000000
PRED	H-SSM	77889
	UM_1	0
	0.581634	1
	0.000000
PRED	H-SSM	77889
	UM_1	0
	0.581634	1
	0.000000
PRED	H-SSM	77889
	UM_1	0
	0.581634	1
	0.000000
PRED	H-SSM	77889
	UM_1	0
	0.581634	1
	0.000000
PRED	H-SSM	77889
	UM_1	0
	0.581634	1
	0.000000
PRED	H-SSM	77889
	UM_1	0
	0.581634	1
	0.000000
PRED	H-SSM	77889
	UM_1	0
	0.581634	1
	0.000000
PRED	H-SSM	77889
	UM_1	0
	0.581634	1
	0.000000
PRED	H-SSM	77889
	UM_1	0
	0.581634	1
	0.000000
PRED	H-SSM	77889
	UCLA_1	1
	0.748632	1
	0.000000
PRED	H-SSM	77889
	UCLA_1	1
	0.748632	1
	0.000000
PRED	H-SSM	77889
	UCLA_1	1
	0.748632	1
	0.000000
PRED	H-SSM	77889
	UCLA_1	1
	0.748632	1
	0.000000
PRED	H-SSM	77889
	UCLA_1	1
	0.748632	1
	0.000000
PRED	H-SSM	77889
	UCLA_1	1
	0.748632	1
	0.000000
PRED	H-SSM	77889
	UCLA_1	1
	0.748632	1
	0.000000
PRED	H-SSM	77889
	UCLA_1	1
	0.748632	1
	0.000000
PRED	H-SSM	77889
	UCLA_1	1
	0.748632	1
	0.000000
PRED	H-SSM	77889
	UCLA_1	1
	0.748632	1
	0.000000
PRED	H-SSM	77889
	UCLA_1	1
	0.748632	1
	0.000000
PRED	H-SSM	77889
	UCLA_1	1
	0.748632	1
	0.000000
PRED	H-SSM	77889
	UCLA_1	1
	0.748632	1
	0.000000
PRED	H-SSM	77889
	UCLA_1	0
	0.748632	1
	0.000000
PRED	H-SSM	77889
	UCLA_1	0
	0.748632	1
	0.000000
PRED	H-SSM	77889
	UCLA_1	0
	0.748632	1
	0.000000
PRED	H-SSM	77889
	UCLA_1	0
	0.748632	1
	0.000000
PRED	H-SSM	77889
	UCLA_1	0
	0.748632	1
	0.000000
PRED	H-SSM	77889
	UCLA_1	0
	0.748632	1
	0.000000
PRED	H-SSM	77889
	UCLA_1	0
	0.748632	1
	0.000000
PRED	H-SSM	77889
	UCLA_1	0
	0.748632	1
	0.000000
PRED	H-SSM	77889
	UCLA_1	0
	0.748632	1
	0.000000
PRED	H-SSM	77889
	UCLA_1	0
	0.748632	1
	0.000000
PRED	H-SSM	77889
	UCLA_1	0
	0.748632	1
	0.000000
PRED	H-SSM	77889
	UCLA_1	0
	0.748632	1
	0.000000
PRED	H-SSM	77889
	UCLA_1	0
	0.748632	1
	0.000000
PRED	H-SSM	77889
	YALE	1
	0.762206	1
	0.000000
PRED	H-SSM	77889
	YALE	1
	0.762206	1
	0.000000
PRED	H-SSM	77889
	YALE	1
	0.762206	1
	0.000000
PRED	H-SSM	77889
	YALE	1
	0.762206	1
	0.000000
PRED	H-SSM	77889
	YALE	1
	0.762206	1
	0.000000
PRED	H-SSM	77889
	YALE	1
	0.762206	1
	0.000000
PRED	H-SSM	77889
	YALE	1
	0.762206	1
	0.000000
PRED	H-SSM	77889
	YALE	1
	0.762206	1
	0.000000
PRED	H-SSM	77889
	YALE	1
	0.762206	1
	0.000000
PRED	H-SSM	77889
	YALE	1
	0.762206	1
	0.000000
PRED	H-SSM	77889
	YALE	1
	0.762206	1
	0.000000
PRED	H-SSM	77889
	YALE	1
	0.762206	1
	0.000000
PRED	H-SSM	77889
	YALE	1
	0.762206	1
	0.000000
PRED	H-SSM	77889
	YALE	0
	0.762206	1
	0.000000
PRED	H-SSM	77889
	YALE	0
	0.762206	1
	0.000000
PRED	H-SSM	77889
	YALE	0
	0.762206	1
	0.000000
PRED	H-SSM	77889
	YALE	0
	0.762206	1
	0.000000
PRED	H-SSM	77889
	YALE	0
	0.762206	1
	0.000000
PRED	H-SSM	77889
	YALE	0
	0.762206	1
	0.000000
PRED	H-SSM	77889
	YALE	0
	0.762206	1
	0.000000
PRED	H-SSM	77889
	YALE	0
	0.762206	1
	0.000000
PRED	H-SSM	77889
	YALE	0
	0.762206	1
	0.000000
PRED	H-SSM	77889
	YALE	0
	0.762206	1
	0.000000
PRED	H-SSM	77889
	YALE	0
	0.762206	1
	0.000000
PRED	H-SSM	77889
	YALE	0
	0.762206	1
	0.000000
PRED	H-SSM	77889
	YALE	0
	0.762206	1
	0.000000
PRED	H-SSM	77889
	PITT	1
	0.410690	0
	0.000000
PRED	H-SSM	77889
	PITT	1
	0.410690	0
	0.000000
PRED	H-SSM	77889
	PITT	1
	0.410690	0
	0.000000
PRED	H-SSM	77889
	PITT	1
	0.410690	0
	0.000000
PRED	H-SSM	77889
	PITT	1
	0.410690	0
	0.000000
PRED	H-SSM	77889
	PITT	1
	0.410690	0
	0.000000
PRED	H-SSM	77889
	PITT	1
	0.410690	0
	0.000000
PRED	H-SSM	77889
	PITT	1
	0.410690	0
	0.000000
PRED	H-SSM	77889
	PITT	1
	0.410690	0
	0.000000
PRED	H-SSM	77889
	PITT	1
	0.410690	0
	0.000000
PRED	H-SSM	77889
	PITT	1
	0.410690	0
	0.000000
PRED	H-SSM	77889
	PITT	1
	0.410690	0
	0.000000
PRED	H-SSM	77889
	PITT	1
	0.410690	0
	0.000000
PRED	H-SSM	77889
	PITT	0
	0.410690	0
	0.000000
PRED	H-SSM	77889
	PITT	0
	0.410690	0
	0.000000
PRED	H-SSM	77889
	PITT	0
	0.410690	0
	0.000000
PRED	H-SSM	77889
	PITT	0
	0.410690	0
	0.000000
PRED	H-SSM	77889
	PITT	0
	0.410690	0
	0.000000
PRED	H-SSM	77889
	PITT	0
	0.410690	0
	0.000000
PRED	H-SSM	77889
	PITT	0
	0.410690	0
	0.000000
PRED	H-SSM	77889
	PITT	0
	0.410690	0
	0.000000
PRED	H-SSM	77889
	PITT	0
	0.410690	0
	0.000000
PRED	H-SSM	77889
	PITT	0
	0.410690	0
	0.000000
PRED	H-SSM	77889
	PITT	0
	0.410690	0
	0.000000
PRED	H-SSM	77889
	PITT	0
	0.410690	0
	0.000000
PRED	H-SSM	77889
	PITT	0
	0.410690	0
	0.000000
PRED	H-SSM	77889
	USM	1
	0.640548	1
	0.000000
PRED	H-SSM	77889
	USM	1
	0.640548	1
	0.000000
PRED	H-SSM	77889
	USM	1
	0.640548	1
	0.000000
PRED	H-SSM	77889
	USM	1
	0.640548	1
	0.000000
PRED	H-SSM	77889
	USM	1
	0.640548	1
	0.000000
PRED	H-SSM	77889
	USM	1
	0.640548	1
	0.000000
PRED	H-SSM	77889
	USM	1
	0.640548	1
	0.000000
PRED	H-SSM	77889
	USM	1
	0.640548	1
	0.000000
PRED	H-SSM	77889
	USM	1
	0.640548	1
	0.000000
PRED	H-SSM	77889
	USM	1
	0.640548	1
	0.000000
PRED	H-SSM	77889
	USM	1
	0.640548	1
	0.000000
PRED	H-SSM	77889
	USM	1
	0.640548	1
	0.000000
PRED	H-SSM	77889
	USM	1
	0.640548	1
	0.000000
PRED	H-SSM	77889
	USM	0
	0.640548	1
	0.000000
PRED	H-SSM	77889
	USM	0
	0.640548	1
	0.000000
PRED	H-SSM	77889
	USM	0
	0.640548	1
	0.000000
PRED	H-SSM	77889
	USM	0
	0.640548	1
	0.000000
PRED	H-SSM	77889
	USM	0
	0.640548	1
	0.000000
PRED	H-SSM	77889
	USM	0
	0.640548	1
	0.000000
PRED	H-SSM	77889
	USM	0
	0.640548	1
	0.000000
PRED	H-SSM	77889
	USM	0
	0.640548	1
	0.000000
PRED	H-SSM	77889
	USM	0
	0.640548	1
	0.000000
PRED	H-SSM	77889
	USM	0
	0.640548	1
	0.000000
PRED	H-SSM	77889
	USM	0
	0.640548	1
	0.000000
PRED	H-SSM	77889
	USM	0
	0.640548	1
	0.000000
PRED	H-SSM	77889
	USM	0
	0.640548	1
	0.000000
PRED	H-SSM	77889
	MAX_MUN	1
	0.385972	0
	0.000000
PRED	H-SSM	77889
	MAX_MUN	1
	0.385972	0
	0.000000
PRED	H-SSM	77889
	MAX_MUN	1
	0.385972	0
	0.000000
PRED	H-SSM	77889
	MAX_MUN	1
	0.385972	0
	0.000000
PRED	H-SSM	77889
	MAX_MUN	1
	0.385972	0
	0.000000
PRED	H-SSM	77889
	MAX_MUN	1
	0.385972	0
	0.000000
PRED	H-SSM	77889
	MAX_MUN	1
	0.385972	0
	0.000000
PRED	H-SSM	77889
	MAX_MUN	1
	0.385972	0
	0.000000
PRED	H-SSM	77889
	MAX_MUN	1
	0.385972	0
	0.000000
PRED	H-SSM	77889
	MAX_MUN	1
	0.385972	0
	0.000000
PRED	H-SSM	77889
	MAX_MUN	1
	0.385972	0
	0.000000
PRED	H-SSM	77889
	MAX_MUN	1
	0.385972	0
	0.000000
PRED	H-SSM	77889
	MAX_MUN	1
	0.385972	0
	0.000000
PRED	H-SSM	77889
	MAX_MUN	0
	0.385972	0
	0.000000
PRED	H-SSM	77889
	MAX_MUN	0
	0.385972	0
	0.000000
PRED	H-SSM	77889
	MAX_MUN	0
	0.385972	0
	0.000000
PRED	H-SSM	77889
	MAX_MUN	0
	0.385972	0
	0.000000
PRED	H-SSM	77889
	MAX_MUN	0
	0.385972	0
	0.000000
PRED	H-SSM	77889
	MAX_MUN	0
	0.385972	0
	0.000000
PRED	H-SSM	77889
	MAX_MUN	0
	0.385972	0
	0.000000
PRED	H-SSM	77889
	MAX_MUN	0
	0.385972	0
	0.000000
PRED	H-SSM	77889
	MAX_MUN	0
	0.385972	0
	0.000000
PRED	H-SSM	77889
	MAX_MUN	0
	0.385972	0
	0.000000
PRED	H-SSM	77889
	MAX_MUN	0
	0.385972	0
	0.000000
PRED	H-SSM	77889
	MAX_MUN	0
	0.385972	0
	0.000000
PRED	H-SSM	77889
	MAX_MUN	0
	0.385972	0
	0.000000
PRED	H-SSM	77889
	TRINITY	1
	0.537680	1
	0.000000
PRED	H-SSM	77889
	TRINITY	1
	0.537680	1
	0.000000
PRED	H-SSM	77889
	TRINITY	1
	0.537680	1
	0.000000
PRED	H-SSM	77889
	TRINITY	1
	0.537680	1
	0.000000
PRED	H-SSM	77889
	TRINITY	1
	0.537680	1
	0.000000
PRED	H-SSM	77889
	TRINITY	1
	0.537680	1
	0.000000
PRED	H-SSM	77889
	TRINITY	1
	0.537680	1
	0.000000
PRED	H-SSM	77889
	TRINITY	1
	0.537680	1
	0.000000
PRED	H-SSM	77889
	TRINITY	1
	0.537680	1
	0.000000
PRED	H-SSM	77889
	TRINITY	1
	0.537680	1
	0.000000
PRED	H-SSM	77889
	TRINITY	1
	0.537680	1
	0.000000
PRED	H-SSM	77889
	TRINITY	1
	0.537680	1
	0.000000
PRED	H-SSM	77889
	TRINITY	1
	0.537680	1
	0.000000
PRED	H-SSM	77889
	TRINITY	0
	0.537680	1
	0.000000
PRED	H-SSM	77889
	TRINITY	0
	0.537680	1
	0.000000
PRED	H-SSM	77889
	TRINITY	0
	0.537680	1
	0.000000
PRED	H-SSM	77889
	TRINITY	0
	0.537680	1
	0.000000
PRED	H-SSM	77889
	TRINITY	0
	0.537680	1
	0.000000
PRED	H-SSM	77889
	TRINITY	0
	0.537680	1
	0.000000
PRED	H-SSM	77889
	TRINITY	0
	0.537680	1
	0.000000
PRED	H-SSM	77889
	TRINITY	0
	0.537680	1
	0.000000
PRED	H-SSM	77889
	TRINITY	0
	0.537680	1
	0.000000
PRED	H-SSM	77889
	TRINITY	0
	0.537680	1
	0.000000
PRED	H-SSM	77889
	TRINITY	0
	0.537680	1
	0.000000
PRED	H-SSM	77889
	TRINITY	0
	0.537680	1
	0.000000
PRED	H-SSM	77889
	TRINITY	0
	0.537680	1
	0.000000
PRED	H-SSM	77889
	KKI	1
	0.612909	1
	0.000000
PRED	H-SSM	77889
	KKI	1
	0.612909	1
	0.000000
PRED	H-SSM	77889
	KKI	1
	0.612909	1
	0.000000
PRED	H-SSM	77889
	KKI	1
	0.612909	1
	0.000000
PRED	H-SSM	77889
	KKI	1
	0.612909	1
	0.000000
PRED	H-SSM	77889
	KKI	1
	0.612909	1
	0.000000
PRED	H-SSM	77889
	KKI	1
	0.612909	1
	0.000000
PRED	H-SSM	77889
	KKI	1
	0.612909	1
	0.000000
PRED	H-SSM	77889
	KKI	1
	0.612909	1
	0.000000
PRED	H-SSM	77889
	KKI	1
	0.612909	1
	0.000000
PRED	H-SSM	77889
	KKI	1
	0.612909	1
	0.000000
PRED	H-SSM	77889
	KKI	1
	0.612909	1
	0.000000
PRED	H-SSM	77889
	KKI	1
	0.612909	1
	0.000000
PRED	H-SSM	77889
	KKI	0
	0.612909	1
	0.000000
PRED	H-SSM	77889
	KKI	0
	0.612909	1
	0.000000
PRED	H-SSM	77889
	KKI	0
	0.612909	1
	0.000000
PRED	H-SSM	77889
	KKI	0
	0.612909	1
	0.000000
PRED	H-SSM	77889
	KKI	0
	0.612909	1
	0.000000
PRED	H-SSM	77889
	KKI	0
	0.612909	1
	0.000000
PRED	H-SSM	77889
	KKI	0
	0.612909	1
	0.000000
PRED	H-SSM	77889
	KKI	0
	0.612909	1
	0.000000
PRED	H-SSM	77889
	KKI	0
	0.612909	1
	0.000000
PRED	H-SSM	77889
	KKI	0
	0.612909	1
	0.000000
PRED	H-SSM	77889
	KKI	0
	0.612909	1
	0.000000
PRED	H-SSM	77889
	KKI	0
	0.612909	1
	0.000000
PRED	H-SSM	77889
	KKI	0
	0.612909	1
	0.000000
PRED	H-SSM	77889
	STANFORD	1
	0.433710	0
	0.000000
PRED	H-SSM	77889
	STANFORD	1
	0.433710	0
	0.000000
PRED	H-SSM	77889
	STANFORD	1
	0.433710	0
	0.000000
PRED	H-SSM	77889
	STANFORD	1
	0.433710	0
	0.000000
PRED	H-SSM	77889
	STANFORD	1
	0.433710	0
	0.000000
PRED	H-SSM	77889
	STANFORD	1
	0.433710	0
	0.000000
PRED	H-SSM	77889
	STANFORD	1
	0.433710	0
	0.000000
PRED	H-SSM	77889
	STANFORD	1
	0.433710	0
	0.000000
PRED	H-SSM	77889
	STANFORD	1
	0.433710	0
	0.000000
PRED	H-SSM	77889
	STANFORD	1
	0.433710	0
	0.000000
PRED	H-SSM	77889
	STANFORD	1
	0.433710	0
	0.000000
PRED	H-SSM	77889
	STANFORD	1
	0.433710	0
	0.000000
PRED	H-SSM	77889
	STANFORD	1
	0.433710	0
	0.000000
PRED	H-SSM	77889
	STANFORD	0
	0.433710	0
	0.000000
PRED	H-SSM	77889
	STANFORD	0
	0.433710	0
	0.000000
PRED	H-SSM	77889
	STANFORD	0
	0.433710	0
	0.000000
PRED	H-SSM	77889
	STANFORD	0
	0.433710	0
	0.000000
PRED	H-SSM	77889
	STANFORD	0
	0.433710	0
	0.000000
PRED	H-SSM	77889
	STANFORD	0
	0.433710	0
	0.000000
PRED	H-SSM	77889
	STANFORD	0
	0.433710	0
	0.000000
PRED	H-SSM	77889
	STANFORD	0
	0.433710	0
	0.000000
PRED	H-SSM	77889
	STANFORD	0
	0.433710	0
	0.000000
PRED	H-SSM	77889
	STANFORD	0
	0.433710	0
	0.000000
PRED	H-SSM	77889
	STANFORD	0
	0.433710	0
	0.000000
PRED	H-SSM	77889
	STANFORD	0
	0.433710	0
	0.000000
PRED	H-SSM	77889
	STANFORD	0
	0.433710	0
	0.000000
PRED	H-SSM	77889
	CALTECH	1
	0.744700	1
	0.000000
PRED	H-SSM	77889
	CALTECH	1
	0.744700	1
	0.000000
PRED	H-SSM	77889
	CALTECH	1
	0.744700	1
	0.000000
PRED	H-SSM	77889
	CALTECH	1
	0.744700	1
	0.000000
PRED	H-SSM	77889
	CALTECH	1
	0.744700	1
	0.000000
PRED	H-SSM	77889
	CALTECH	1
	0.744700	1
	0.000000
PRED	H-SSM	77889
	CALTECH	1
	0.744700	1
	0.000000
PRED	H-SSM	77889
	CALTECH	1
	0.744700	1
	0.000000
PRED	H-SSM	77889
	CALTECH	1
	0.744700	1
	0.000000
PRED	H-SSM	77889
	CALTECH	1
	0.744700	1
	0.000000
PRED	H-SSM	77889
	CALTECH	1
	0.744700	1
	0.000000
PRED	H-SSM	77889
	CALTECH	1
	0.744700	1
	0.000000
PRED	H-SSM	77889
	CALTECH	0
	0.744700	1
	0.000000
PRED	H-SSM	77889
	CALTECH	0
	0.744700	1
	0.000000
PRED	H-SSM	77889
	CALTECH	0
	0.744700	1
	0.000000
PRED	H-SSM	77889
	CALTECH	0
	0.744700	1
	0.000000
PRED	H-SSM	77889
	CALTECH	0
	0.744700	1
	0.000000
PRED	H-SSM	77889
	CALTECH	0
	0.744700	1
	0.000000
PRED	H-SSM	77889
	CALTECH	0
	0.744700	1
	0.000000
PRED	H-SSM	77889
	CALTECH	0
	0.744700	1
	0.000000
PRED	H-SSM	77889
	CALTECH	0
	0.744700	1
	0.000000
PRED	H-SSM	77889
	CALTECH	0
	0.744700	1
	0.000000
PRED	H-SSM	77889
	CALTECH	0
	0.744700	1
	0.000000
PRED	H-SSM	77889
	CALTECH	0
	0.744700	1
	0.000000
PRED	H-SSM	77889
	LEUVEN_2	1
	0.723752	1
	0.000000
PRED	H-SSM	77889
	LEUVEN_2	1
	0.723752	1
	0.000000
PRED	H-SSM	77889
	LEUVEN_2	1
	0.723752	1
	0.000000
PRED	H-SSM	77889
	LEUVEN_2	1
	0.723752	1
	0.000000
PRED	H-SSM	77889
	LEUVEN_2	1
	0.723752	1
	0.000000
PRED	H-SSM	77889
	LEUVEN_2	1
	0.723752	1
	0.000000
PRED	H-SSM	77889
	LEUVEN_2	1
	0.723752	1
	0.000000
PRED	H-SSM	77889
	LEUVEN_2	1
	0.723752	1
	0.000000
PRED	H-SSM	77889
	LEUVEN_2	1
	0.723752	1
	0.000000
PRED	H-SSM	77889
	LEUVEN_2	1
	0.723752	1
	0.000000
PRED	H-SSM	77889
	LEUVEN_2	1
	0.723752	1
	0.000000
PRED	H-SSM	77889
	LEUVEN_2	1
	0.723752	1
	0.000000
PRED	H-SSM	77889
	LEUVEN_2	0
	0.723752	1
	0.000000
PRED	H-SSM	77889
	LEUVEN_2	0
	0.723752	1
	0.000000
PRED	H-SSM	77889
	LEUVEN_2	0
	0.723752	1
	0.000000
PRED	H-SSM	77889
	LEUVEN_2	0
	0.723752	1
	0.000000
PRED	H-SSM	77889
	LEUVEN_2	0
	0.723752	1
	0.000000
PRED	H-SSM	77889
	LEUVEN_2	0
	0.723752	1
	0.000000
PRED	H-SSM	77889
	LEUVEN_2	0
	0.723752	1
	0.000000
PRED	H-SSM	77889
	LEUVEN_2	0
	0.723752	1
	0.000000
PRED	H-SSM	77889
	LEUVEN_2	0
	0.723752	1
	0.000000
PRED	H-SSM	77889
	LEUVEN_2	0
	0.723752	1
	0.000000
PRED	H-SSM	77889
	LEUVEN_2	0
	0.723752	1
	0.000000
PRED	H-SSM	77889
	LEUVEN_2	0
	0.723752	1
	0.000000
PRED	H-SSM	77889
	OLIN	1
	0.425266	0
	0.000000
PRED	H-SSM	77889
	OLIN	1
	0.425266	0
	0.000000
PRED	H-SSM	77889
	OLIN	1
	0.425266	0
	0.000000
PRED	H-SSM	77889
	OLIN	1
	0.425266	0
	0.000000
PRED	H-SSM	77889
	OLIN	1
	0.425266	0
	0.000000
PRED	H-SSM	77889
	OLIN	1
	0.425266	0
	0.000000
PRED	H-SSM	77889
	OLIN	1
	0.425266	0
	0.000000
PRED	H-SSM	77889
	OLIN	1
	0.425266	0
	0.000000
PRED	H-SSM	77889
	OLIN	1
	0.425266	0
	0.000000
PRED	H-SSM	77889
	OLIN	1
	0.425266	0
	0.000000
PRED	H-SSM	77889
	OLIN	1
	0.425266	0
	0.000000
PRED	H-SSM	77889
	OLIN	1
	0.425266	0
	0.000000
PRED	H-SSM	77889
	OLIN	0
	0.425266	0
	0.000000
PRED	H-SSM	77889
	OLIN	0
	0.425266	0
	0.000000
PRED	H-SSM	77889
	OLIN	0
	0.425266	0
	0.000000
PRED	H-SSM	77889
	OLIN	0
	0.425266	0
	0.000000
PRED	H-SSM	77889
	OLIN	0
	0.425266	0
	0.000000
PRED	H-SSM	77889
	OLIN	0
	0.425266	0
	0.000000
PRED	H-SSM	77889
	OLIN	0
	0.425266	0
	0.000000
PRED	H-SSM	77889
	OLIN	0
	0.425266	0
	0.000000
PRED	H-SSM	77889
	OLIN	0
	0.425266	0
	0.000000
PRED	H-SSM	77889
	OLIN	0
	0.425266	0
	0.000000
PRED	H-SSM	77889
	OLIN	0
	0.425266	0
	0.000000
PRED	H-SSM	77889
	OLIN	0
	0.425266	0
	0.000000
PRED	H-SSM	77889
	SBL	1
	0.606340	1
	0.000000
PRED	H-SSM	77889
	SBL	1
	0.606340	1
	0.000000
PRED	H-SSM	77889
	SBL	1
	0.606340	1
	0.000000
PRED	H-SSM	77889
	SBL	1
	0.606340	1
	0.000000
PRED	H-SSM	77889
	SBL	1
	0.606340	1
	0.000000
PRED	H-SSM	77889
	SBL	1
	0.606340	1
	0.000000
PRED	H-SSM	77889
	SBL	1
	0.606340	1
	0.000000
PRED	H-SSM	77889
	SBL	1
	0.606340	1
	0.000000
PRED	H-SSM	77889
	SBL	1
	0.606340	1
	0.000000
PRED	H-SSM	77889
	SBL	1
	0.606340	1
	0.000000
PRED	H-SSM	77889
	SBL	1
	0.606340	1
	0.000000
PRED	H-SSM	77889
	SBL	1
	0.606340	1
	0.000000
PRED	H-SSM	77889
	SBL	0
	0.606340	1
	0.000000
PRED	H-SSM	77889
	SBL	0
	0.606340	1
	0.000000
PRED	H-SSM	77889
	SBL	0
	0.606340	1
	0.000000
PRED	H-SSM	77889
	SBL	0
	0.606340	1
	0.000000
PRED	H-SSM	77889
	SBL	0
	0.606340	1
	0.000000
PRED	H-SSM	77889
	SBL	0
	0.606340	1
	0.000000
PRED	H-SSM	77889
	SBL	0
	0.606340	1
	0.000000
PRED	H-SSM	77889
	SBL	0
	0.606340	1
	0.000000
PRED	H-SSM	77889
	SBL	0
	0.606340	1
	0.000000
PRED	H-SSM	77889
	SBL	0
	0.606340	1
	0.000000
PRED	H-SSM	77889
	SBL	0
	0.606340	1
	0.000000
PRED	H-SSM	77889
	SBL	0
	0.606340	1
	0.000000
PRED	H-SSM	77889
	LEUVEN_1	1
	0.313395	0
	0.000000
PRED	H-SSM	77889
	LEUVEN_1	1
	0.313395	0
	0.000000
PRED	H-SSM	77889
	LEUVEN_1	1
	0.313395	0
	0.000000
PRED	H-SSM	77889
	LEUVEN_1	1
	0.313395	0
	0.000000
PRED	H-SSM	77889
	LEUVEN_1	1
	0.313395	0
	0.000000
PRED	H-SSM	77889
	LEUVEN_1	1
	0.313395	0
	0.000000
PRED	H-SSM	77889
	LEUVEN_1	1
	0.313395	0
	0.000000
PRED	H-SSM	77889
	LEUVEN_1	1
	0.313395	0
	0.000000
PRED	H-SSM	77889
	LEUVEN_1	1
	0.313395	0
	0.000000
PRED	H-SSM	77889
	LEUVEN_1	1
	0.313395	0
	0.000000
PRED	H-SSM	77889
	LEUVEN_1	1
	0.313395	0
	0.000000
PRED	H-SSM	77889
	LEUVEN_1	1
	0.313395	0
	0.000000
PRED	H-SSM	77889
	LEUVEN_1	0
	0.313395	0
	0.000000
PRED	H-SSM	77889
	LEUVEN_1	0
	0.313395	0
	0.000000
PRED	H-SSM	77889
	LEUVEN_1	0
	0.313395	0
	0.000000
PRED	H-SSM	77889
	LEUVEN_1	0
	0.313395	0
	0.000000
PRED	H-SSM	77889
	LEUVEN_1	0
	0.313395	0
	0.000000
PRED	H-SSM	77889
	LEUVEN_1	0
	0.313395	0
	0.000000
PRED	H-SSM	77889
	LEUVEN_1	0
	0.313395	0
	0.000000
PRED	H-SSM	77889
	LEUVEN_1	0
	0.313395	0
	0.000000
PRED	H-SSM	77889
	LEUVEN_1	0
	0.313395	0
	0.000000
PRED	H-SSM	77889
	LEUVEN_1	0
	0.313395	0
	0.000000
PRED	H-SSM	77889
	LEUVEN_1	0
	0.313395	0
	0.000000
PRED	H-SSM	77889
	LEUVEN_1	0
	0.313395	0
	0.000000
PRED	H-SSM	77889
	SDSU	1
	0.453472	0
	0.000000
PRED	H-SSM	77889
	SDSU	1
	0.453472	0
	0.000000
PRED	H-SSM	77889
	SDSU	1
	0.453472	0
	0.000000
PRED	H-SSM	77889
	SDSU	1
	0.453472	0
	0.000000
PRED	H-SSM	77889
	SDSU	1
	0.453472	0
	0.000000
PRED	H-SSM	77889
	SDSU	1
	0.453472	0
	0.000000
PRED	H-SSM	77889
	SDSU	1
	0.453472	0
	0.000000
PRED	H-SSM	77889
	SDSU	1
	0.453472	0
	0.000000
PRED	H-SSM	77889
	SDSU	1
	0.453472	0
	0.000000
PRED	H-SSM	77889
	SDSU	1
	0.453472	0
	0.000000
PRED	H-SSM	77889
	SDSU	1
	0.453472	0
	0.000000
PRED	H-SSM	77889
	SDSU	1
	0.453472	0
	0.000000
PRED	H-SSM	77889
	SDSU	0
	0.453472	0
	0.000000
PRED	H-SSM	77889
	SDSU	0
	0.453472	0
	0.000000
PRED	H-SSM	77889
	SDSU	0
	0.453472	0
	0.000000
PRED	H-SSM	77889
	SDSU	0
	0.453472	0
	0.000000
PRED	H-SSM	77889
	SDSU	0
	0.453472	0
	0.000000
PRED	H-SSM	77889
	SDSU	0
	0.453472	0
	0.000000
PRED	H-SSM	77889
	SDSU	0
	0.453472	0
	0.000000
PRED	H-SSM	77889
	SDSU	0
	0.453472	0
	0.000000
PRED	H-SSM	77889
	SDSU	0
	0.453472	0
	0.000000
PRED	H-SSM	77889
	SDSU	0
	0.453472	0
	0.000000
PRED	H-SSM	77889
	SDSU	0
	0.453472	0
	0.000000
PRED	H-SSM	77889
	SDSU	0
	0.453472	0
	0.000000
PRED	H-SSM	77889
	CMU	1
	0.465419	0
	0.000000
PRED	H-SSM	77889
	CMU	1
	0.465419	0
	0.000000
PRED	H-SSM	77889
	CMU	1
	0.465419	0
	0.000000
PRED	H-SSM	77889
	CMU	1
	0.465419	0
	0.000000
PRED	H-SSM	77889
	CMU	1
	0.465419	0
	0.000000
PRED	H-SSM	77889
	CMU	1
	0.465419	0
	0.000000
PRED	H-SSM	77889
	CMU	1
	0.465419	0
	0.000000
PRED	H-SSM	77889
	CMU	1
	0.465419	0
	0.000000
PRED	H-SSM	77889
	CMU	1
	0.465419	0
	0.000000
PRED	H-SSM	77889
	CMU	1
	0.465419	0
	0.000000
PRED	H-SSM	77889
	CMU	1
	0.465419	0
	0.000000
PRED	H-SSM	77889
	CMU	1
	0.465419	0
	0.000000
PRED	H-SSM	77889
	CMU	0
	0.465419	0
	0.000000
PRED	H-SSM	77889
	CMU	0
	0.465419	0
	0.000000
PRED	H-SSM	77889
	CMU	0
	0.465419	0
	0.000000
PRED	H-SSM	77889
	CMU	0
	0.465419	0
	0.000000
PRED	H-SSM	77889
	CMU	0
	0.465419	0
	0.000000
PRED	H-SSM	77889
	CMU	0
	0.465419	0
	0.000000
PRED	H-SSM	77889
	CMU	0
	0.465419	0
	0.000000
PRED	H-SSM	77889
	CMU	0
	0.465419	0
	0.000000
PRED	H-SSM	77889
	CMU	0
	0.465419	0
	0.000000
PRED	H-SSM	77889
	CMU	0
	0.465419	0
	0.000000
PRED	H-SSM	77889
	CMU	0
	0.465419	0
	0.000000
PRED	H-SSM	77889
	CMU	0
	0.465419	0
	0.000000
PRED	H-SSM	77889
	UCLA_2	1
	0.653246	1
	0.000000
PRED	H-SSM	77889
	UCLA_2	1
	0.653246	1
	0.000000
PRED	H-SSM	77889
	UCLA_2	1
	0.653246	1
	0.000000
PRED	H-SSM	77889
	UCLA_2	1
	0.653246	1
	0.000000
PRED	H-SSM	77889
	UCLA_2	1
	0.653246	1
	0.000000
PRED	H-SSM	77889
	UCLA_2	1
	0.653246	1
	0.000000
PRED	H-SSM	77889
	UCLA_2	1
	0.653246	1
	0.000000
PRED	H-SSM	77889
	UCLA_2	1
	0.653246	1
	0.000000
PRED	H-SSM	77889
	UCLA_2	1
	0.653246	1
	0.000000
PRED	H-SSM	77889
	UCLA_2	1
	0.653246	1
	0.000000
PRED	H-SSM	77889
	UCLA_2	1
	0.653246	1
	0.000000
PRED	H-SSM	77889
	UCLA_2	1
	0.653246	1
	0.000000
PRED	H-SSM	77889
	UCLA_2	0
	0.653246	1
	0.000000
PRED	H-SSM	77889
	UCLA_2	0
	0.653246	1
	0.000000
PRED	H-SSM	77889
	UCLA_2	0
	0.653246	1
	0.000000
PRED	H-SSM	77889
	UCLA_2	0
	0.653246	1
	0.000000
PRED	H-SSM	77889
	UCLA_2	0
	0.653246	1
	0.000000
PRED	H-SSM	77889
	UCLA_2	0
	0.653246	1
	0.000000
PRED	H-SSM	77889
	UCLA_2	0
	0.653246	1
	0.000000
PRED	H-SSM	77889
	UCLA_2	0
	0.653246	1
	0.000000
PRED	H-SSM	77889
	UCLA_2	0
	0.653246	1
	0.000000
PRED	H-SSM	77889
	UCLA_2	0
	0.653246	1
	0.000000
PRED	H-SSM	77889
	UCLA_2	0
	0.653246	1
	0.000000
PRED	H-SSM	77889
	UCLA_2	0
	0.653246	1
	0.000000
PRED	H-SSM	77889
	UM_2	1
	0.679595	1
	0.000000
PRED	H-SSM	77889
	UM_2	1
	0.679595	1
	0.000000
PRED	H-SSM	77889
	UM_2	1
	0.679595	1
	0.000000
PRED	H-SSM	77889
	UM_2	1
	0.679595	1
	0.000000
PRED	H-SSM	77889
	UM_2	1
	0.679595	1
	0.000000
PRED	H-SSM	77889
	UM_2	1
	0.679595	1
	0.000000
PRED	H-SSM	77889
	UM_2	1
	0.679595	1
	0.000000
PRED	H-SSM	77889
	UM_2	1
	0.679595	1
	0.000000
PRED	H-SSM	77889
	UM_2	1
	0.679595	1
	0.000000
PRED	H-SSM	77889
	UM_2	1
	0.679595	1
	0.000000
PRED	H-SSM	77889
	UM_2	1
	0.679595	1
	0.000000
PRED	H-SSM	77889
	UM_2	1
	0.679595	1
	0.000000
PRED	H-SSM	77889
	UM_2	0
	0.679595	1
	0.000000
PRED	H-SSM	77889
	UM_2	0
	0.679595	1
	0.000000
PRED	H-SSM	77889
	UM_2	0
	0.679595	1
	0.000000
PRED	H-SSM	77889
	UM_2	0
	0.679595	1
	0.000000
PRED	H-SSM	77889
	UM_2	0
	0.679595	1
	0.000000
PRED	H-SSM	77889
	UM_2	0
	0.679595	1
	0.000000
PRED	H-SSM	77889
	UM_2	0
	0.679595	1
	0.000000
PRED	H-SSM	77889
	UM_2	0
	0.679595	1
	0.000000
PRED	H-SSM	77889
	UM_2	0
	0.679595	1
	0.000000
PRED	H-SSM	77889
	UM_2	0
	0.679595	1
	0.000000
PRED	H-SSM	77889
	UM_2	0
	0.679595	1
	0.000000
PRED	H-SSM	77889
	UM_2	0
	0.679595	1
	0.000000
PRED	H-SSM	77889
	OHSU	1
	0.536306	1
	0.000000
PRED	H-SSM	77889
	OHSU	1
	0.536306	1
	0.000000
PRED	H-SSM	77889
	OHSU	1
	0.536306	1
	0.000000
PRED	H-SSM	77889
	OHSU	1
	0.536306	1
	0.000000
PRED	H-SSM	77889
	OHSU	1
	0.536306	1
	0.000000
PRED	H-SSM	77889
	OHSU	1
	0.536306	1
	0.000000
PRED	H-SSM	77889
	OHSU	1
	0.536306	1
	0.000000
PRED	H-SSM	77889
	OHSU	1
	0.536306	1
	0.000000
PRED	H-SSM	77889
	OHSU	1
	0.536306	1
	0.000000
PRED	H-SSM	77889
	OHSU	1
	0.536306	1
	0.000000
PRED	H-SSM	77889
	OHSU	1
	0.536306	1
	0.000000
PRED	H-SSM	77889
	OHSU	1
	0.536306	1
	0.000000
PRED	H-SSM	77889
	OHSU	0
	0.536306	1
	0.000000
PRED	H-SSM	77889
	OHSU	0
	0.536306	1
	0.000000
PRED	H-SSM	77889
	OHSU	0
	0.536306	1
	0.000000
PRED	H-SSM	77889
	OHSU	0
	0.536306	1
	0.000000
PRED	H-SSM	77889
	OHSU	0
	0.536306	1
	0.000000
PRED	H-SSM	77889
	OHSU	0
	0.536306	1
	0.000000
PRED	H-SSM	77889
	OHSU	0
	0.536306	1
	0.000000
PRED	H-SSM	77889
	OHSU	0
	0.536306	1
	0.000000
PRED	H-SSM	77889
	OHSU	0
	0.536306	1
	0.000000
PRED	H-SSM	77889
	OHSU	0
	0.536306	1
	0.000000
PRED	H-SSM	77889
	OHSU	0
	0.536306	1
	0.000000
PRED	H-SSM	77889
	OHSU	0
	0.536306	1
	0.000000
  H-SSM    77889
   acc=50.000000% bal=50.000000% sites=20
/20
 test_n=500
 assoc=0.000000
PRED	H-SSM	99001
	NYU	1
	0.268351	0
	0.000000
PRED	H-SSM	99001
	NYU	1
	0.268351	0
	0.000000
PRED	H-SSM	99001
	NYU	1
	0.268351	0
	0.000000
PRED	H-SSM	99001
	NYU	1
	0.268351	0
	0.000000
PRED	H-SSM	99001
	NYU	1
	0.268351	0
	0.000000
PRED	H-SSM	99001
	NYU	1
	0.268351	0
	0.000000
PRED	H-SSM	99001
	NYU	1
	0.268351	0
	0.000000
PRED	H-SSM	99001
	NYU	1
	0.268351	0
	0.000000
PRED	H-SSM	99001
	NYU	1
	0.268351	0
	0.000000
PRED	H-SSM	99001
	NYU	1
	0.268351	0
	0.000000
PRED	H-SSM	99001
	NYU	1
	0.268351	0
	0.000000
PRED	H-SSM	99001
	NYU	1
	0.268351	0
	0.000000
PRED	H-SSM	99001
	NYU	1
	0.268351	0
	0.000000
PRED	H-SSM	99001
	NYU	0
	0.268351	0
	0.000000
PRED	H-SSM	99001
	NYU	0
	0.268351	0
	0.000000
PRED	H-SSM	99001
	NYU	0
	0.268351	0
	0.000000
PRED	H-SSM	99001
	NYU	0
	0.268351	0
	0.000000
PRED	H-SSM	99001
	NYU	0
	0.268351	0
	0.000000
PRED	H-SSM	99001
	NYU	0
	0.268351	0
	0.000000
PRED	H-SSM	99001
	NYU	0
	0.268351	0
	0.000000
PRED	H-SSM	99001
	NYU	0
	0.268351	0
	0.000000
PRED	H-SSM	99001
	NYU	0
	0.268351	0
	0.000000
PRED	H-SSM	99001
	NYU	0
	0.268351	0
	0.000000
PRED	H-SSM	99001
	NYU	0
	0.268351	0
	0.000000
PRED	H-SSM	99001
	NYU	0
	0.268351	0
	0.000000
PRED	H-SSM	99001
	NYU	0
	0.268351	0
	0.000000
PRED	H-SSM	99001
	UM_1	1
	0.524010	1
	0.000000
PRED	H-SSM	99001
	UM_1	1
	0.524010	1
	0.000000
PRED	H-SSM	99001
	UM_1	1
	0.524010	1
	0.000000
PRED	H-SSM	99001
	UM_1	1
	0.524010	1
	0.000000
PRED	H-SSM	99001
	UM_1	1
	0.524010	1
	0.000000
PRED	H-SSM	99001
	UM_1	1
	0.524010	1
	0.000000
PRED	H-SSM	99001
	UM_1	1
	0.524010	1
	0.000000
PRED	H-SSM	99001
	UM_1	1
	0.524010	1
	0.000000
PRED	H-SSM	99001
	UM_1	1
	0.524010	1
	0.000000
PRED	H-SSM	99001
	UM_1	1
	0.524010	1
	0.000000
PRED	H-SSM	99001
	UM_1	1
	0.524010	1
	0.000000
PRED	H-SSM	99001
	UM_1	1
	0.524010	1
	0.000000
PRED	H-SSM	99001
	UM_1	1
	0.524010	1
	0.000000
PRED	H-SSM	99001
	UM_1	0
	0.524010	1
	0.000000
PRED	H-SSM	99001
	UM_1	0
	0.524010	1
	0.000000
PRED	H-SSM	99001
	UM_1	0
	0.524010	1
	0.000000
PRED	H-SSM	99001
	UM_1	0
	0.524010	1
	0.000000
PRED	H-SSM	99001
	UM_1	0
	0.524010	1
	0.000000
PRED	H-SSM	99001
	UM_1	0
	0.524010	1
	0.000000
PRED	H-SSM	99001
	UM_1	0
	0.524010	1
	0.000000
PRED	H-SSM	99001
	UM_1	0
	0.524010	1
	0.000000
PRED	H-SSM	99001
	UM_1	0
	0.524010	1
	0.000000
PRED	H-SSM	99001
	UM_1	0
	0.524010	1
	0.000000
PRED	H-SSM	99001
	UM_1	0
	0.524010	1
	0.000000
PRED	H-SSM	99001
	UM_1	0
	0.524010	1
	0.000000
PRED	H-SSM	99001
	UM_1	0
	0.524010	1
	0.000000
PRED	H-SSM	99001
	UCLA_1	1
	0.624816	1
	0.000000
PRED	H-SSM	99001
	UCLA_1	1
	0.624816	1
	0.000000
PRED	H-SSM	99001
	UCLA_1	1
	0.624816	1
	0.000000
PRED	H-SSM	99001
	UCLA_1	1
	0.624816	1
	0.000000
PRED	H-SSM	99001
	UCLA_1	1
	0.624816	1
	0.000000
PRED	H-SSM	99001
	UCLA_1	1
	0.624816	1
	0.000000
PRED	H-SSM	99001
	UCLA_1	1
	0.624816	1
	0.000000
PRED	H-SSM	99001
	UCLA_1	1
	0.624816	1
	0.000000
PRED	H-SSM	99001
	UCLA_1	1
	0.624816	1
	0.000000
PRED	H-SSM	99001
	UCLA_1	1
	0.624816	1
	0.000000
PRED	H-SSM	99001
	UCLA_1	1
	0.624816	1
	0.000000
PRED	H-SSM	99001
	UCLA_1	1
	0.624816	1
	0.000000
PRED	H-SSM	99001
	UCLA_1	1
	0.624816	1
	0.000000
PRED	H-SSM	99001
	UCLA_1	0
	0.624816	1
	0.000000
PRED	H-SSM	99001
	UCLA_1	0
	0.624816	1
	0.000000
PRED	H-SSM	99001
	UCLA_1	0
	0.624816	1
	0.000000
PRED	H-SSM	99001
	UCLA_1	0
	0.624816	1
	0.000000
PRED	H-SSM	99001
	UCLA_1	0
	0.624816	1
	0.000000
PRED	H-SSM	99001
	UCLA_1	0
	0.624816	1
	0.000000
PRED	H-SSM	99001
	UCLA_1	0
	0.624816	1
	0.000000
PRED	H-SSM	99001
	UCLA_1	0
	0.624816	1
	0.000000
PRED	H-SSM	99001
	UCLA_1	0
	0.624816	1
	0.000000
PRED	H-SSM	99001
	UCLA_1	0
	0.624816	1
	0.000000
PRED	H-SSM	99001
	UCLA_1	0
	0.624816	1
	0.000000
PRED	H-SSM	99001
	UCLA_1	0
	0.624816	1
	0.000000
PRED	H-SSM	99001
	UCLA_1	0
	0.624816	1
	0.000000
PRED	H-SSM	99001
	YALE	1
	0.539139	1
	0.000000
PRED	H-SSM	99001
	YALE	1
	0.539139	1
	0.000000
PRED	H-SSM	99001
	YALE	1
	0.539139	1
	0.000000
PRED	H-SSM	99001
	YALE	1
	0.539139	1
	0.000000
PRED	H-SSM	99001
	YALE	1
	0.539139	1
	0.000000
PRED	H-SSM	99001
	YALE	1
	0.539139	1
	0.000000
PRED	H-SSM	99001
	YALE	1
	0.539139	1
	0.000000
PRED	H-SSM	99001
	YALE	1
	0.539139	1
	0.000000
PRED	H-SSM	99001
	YALE	1
	0.539139	1
	0.000000
PRED	H-SSM	99001
	YALE	1
	0.539139	1
	0.000000
PRED	H-SSM	99001
	YALE	1
	0.539139	1
	0.000000
PRED	H-SSM	99001
	YALE	1
	0.539139	1
	0.000000
PRED	H-SSM	99001
	YALE	1
	0.539139	1
	0.000000
PRED	H-SSM	99001
	YALE	0
	0.539139	1
	0.000000
PRED	H-SSM	99001
	YALE	0
	0.539139	1
	0.000000
PRED	H-SSM	99001
	YALE	0
	0.539139	1
	0.000000
PRED	H-SSM	99001
	YALE	0
	0.539139	1
	0.000000
PRED	H-SSM	99001
	YALE	0
	0.539139	1
	0.000000
PRED	H-SSM	99001
	YALE	0
	0.539139	1
	0.000000
PRED	H-SSM	99001
	YALE	0
	0.539139	1
	0.000000
PRED	H-SSM	99001
	YALE	0
	0.539139	1
	0.000000
PRED	H-SSM	99001
	YALE	0
	0.539139	1
	0.000000
PRED	H-SSM	99001
	YALE	0
	0.539139	1
	0.000000
PRED	H-SSM	99001
	YALE	0
	0.539139	1
	0.000000
PRED	H-SSM	99001
	YALE	0
	0.539139	1
	0.000000
PRED	H-SSM	99001
	YALE	0
	0.539139	1
	0.000000
PRED	H-SSM	99001
	PITT	1
	0.575179	1
	0.000000
PRED	H-SSM	99001
	PITT	1
	0.575179	1
	0.000000
PRED	H-SSM	99001
	PITT	1
	0.575179	1
	0.000000
PRED	H-SSM	99001
	PITT	1
	0.575179	1
	0.000000
PRED	H-SSM	99001
	PITT	1
	0.575179	1
	0.000000
PRED	H-SSM	99001
	PITT	1
	0.575179	1
	0.000000
PRED	H-SSM	99001
	PITT	1
	0.575179	1
	0.000000
PRED	H-SSM	99001
	PITT	1
	0.575179	1
	0.000000
PRED	H-SSM	99001
	PITT	1
	0.575179	1
	0.000000
PRED	H-SSM	99001
	PITT	1
	0.575179	1
	0.000000
PRED	H-SSM	99001
	PITT	1
	0.575179	1
	0.000000
PRED	H-SSM	99001
	PITT	1
	0.575179	1
	0.000000
PRED	H-SSM	99001
	PITT	1
	0.575179	1
	0.000000
PRED	H-SSM	99001
	PITT	0
	0.575179	1
	0.000000
PRED	H-SSM	99001
	PITT	0
	0.575179	1
	0.000000
PRED	H-SSM	99001
	PITT	0
	0.575179	1
	0.000000
PRED	H-SSM	99001
	PITT	0
	0.575179	1
	0.000000
PRED	H-SSM	99001
	PITT	0
	0.575179	1
	0.000000
PRED	H-SSM	99001
	PITT	0
	0.575179	1
	0.000000
PRED	H-SSM	99001
	PITT	0
	0.575179	1
	0.000000
PRED	H-SSM	99001
	PITT	0
	0.575179	1
	0.000000
PRED	H-SSM	99001
	PITT	0
	0.575179	1
	0.000000
PRED	H-SSM	99001
	PITT	0
	0.575179	1
	0.000000
PRED	H-SSM	99001
	PITT	0
	0.575179	1
	0.000000
PRED	H-SSM	99001
	PITT	0
	0.575179	1
	0.000000
PRED	H-SSM	99001
	PITT	0
	0.575179	1
	0.000000
PRED	H-SSM	99001
	USM	1
	0.379045	0
	0.000000
PRED	H-SSM	99001
	USM	1
	0.379045	0
	0.000000
PRED	H-SSM	99001
	USM	1
	0.379045	0
	0.000000
PRED	H-SSM	99001
	USM	1
	0.379045	0
	0.000000
PRED	H-SSM	99001
	USM	1
	0.379045	0
	0.000000
PRED	H-SSM	99001
	USM	1
	0.379045	0
	0.000000
PRED	H-SSM	99001
	USM	1
	0.379045	0
	0.000000
PRED	H-SSM	99001
	USM	1
	0.379045	0
	0.000000
PRED	H-SSM	99001
	USM	1
	0.379045	0
	0.000000
PRED	H-SSM	99001
	USM	1
	0.379045	0
	0.000000
PRED	H-SSM	99001
	USM	1
	0.379045	0
	0.000000
PRED	H-SSM	99001
	USM	1
	0.379045	0
	0.000000
PRED	H-SSM	99001
	USM	1
	0.379045	0
	0.000000
PRED	H-SSM	99001
	USM	0
	0.379045	0
	0.000000
PRED	H-SSM	99001
	USM	0
	0.379045	0
	0.000000
PRED	H-SSM	99001
	USM	0
	0.379045	0
	0.000000
PRED	H-SSM	99001
	USM	0
	0.379045	0
	0.000000
PRED	H-SSM	99001
	USM	0
	0.379045	0
	0.000000
PRED	H-SSM	99001
	USM	0
	0.379045	0
	0.000000
PRED	H-SSM	99001
	USM	0
	0.379045	0
	0.000000
PRED	H-SSM	99001
	USM	0
	0.379045	0
	0.000000
PRED	H-SSM	99001
	USM	0
	0.379045	0
	0.000000
PRED	H-SSM	99001
	USM	0
	0.379045	0
	0.000000
PRED	H-SSM	99001
	USM	0
	0.379045	0
	0.000000
PRED	H-SSM	99001
	USM	0
	0.379045	0
	0.000000
PRED	H-SSM	99001
	USM	0
	0.379045	0
	0.000000
PRED	H-SSM	99001
	MAX_MUN	1
	0.782633	1
	0.000000
PRED	H-SSM	99001
	MAX_MUN	1
	0.782633	1
	0.000000
PRED	H-SSM	99001
	MAX_MUN	1
	0.782633	1
	0.000000
PRED	H-SSM	99001
	MAX_MUN	1
	0.782633	1
	0.000000
PRED	H-SSM	99001
	MAX_MUN	1
	0.782633	1
	0.000000
PRED	H-SSM	99001
	MAX_MUN	1
	0.782633	1
	0.000000
PRED	H-SSM	99001
	MAX_MUN	1
	0.782633	1
	0.000000
PRED	H-SSM	99001
	MAX_MUN	1
	0.782633	1
	0.000000
PRED	H-SSM	99001
	MAX_MUN	1
	0.782633	1
	0.000000
PRED	H-SSM	99001
	MAX_MUN	1
	0.782633	1
	0.000000
PRED	H-SSM	99001
	MAX_MUN	1
	0.782633	1
	0.000000
PRED	H-SSM	99001
	MAX_MUN	1
	0.782633	1
	0.000000
PRED	H-SSM	99001
	MAX_MUN	1
	0.782633	1
	0.000000
PRED	H-SSM	99001
	MAX_MUN	0
	0.782633	1
	0.000000
PRED	H-SSM	99001
	MAX_MUN	0
	0.782633	1
	0.000000
PRED	H-SSM	99001
	MAX_MUN	0
	0.782633	1
	0.000000
PRED	H-SSM	99001
	MAX_MUN	0
	0.782633	1
	0.000000
PRED	H-SSM	99001
	MAX_MUN	0
	0.782633	1
	0.000000
PRED	H-SSM	99001
	MAX_MUN	0
	0.782633	1
	0.000000
PRED	H-SSM	99001
	MAX_MUN	0
	0.782633	1
	0.000000
PRED	H-SSM	99001
	MAX_MUN	0
	0.782633	1
	0.000000
PRED	H-SSM	99001
	MAX_MUN	0
	0.782633	1
	0.000000
PRED	H-SSM	99001
	MAX_MUN	0
	0.782633	1
	0.000000
PRED	H-SSM	99001
	MAX_MUN	0
	0.782633	1
	0.000000
PRED	H-SSM	99001
	MAX_MUN	0
	0.782633	1
	0.000000
PRED	H-SSM	99001
	MAX_MUN	0
	0.782633	1
	0.000000
PRED	H-SSM	99001
	TRINITY	1
	0.487344	0
	0.000000
PRED	H-SSM	99001
	TRINITY	1
	0.487344	0
	0.000000
PRED	H-SSM	99001
	TRINITY	1
	0.487344	0
	0.000000
PRED	H-SSM	99001
	TRINITY	1
	0.487344	0
	0.000000
PRED	H-SSM	99001
	TRINITY	1
	0.487344	0
	0.000000
PRED	H-SSM	99001
	TRINITY	1
	0.487344	0
	0.000000
PRED	H-SSM	99001
	TRINITY	1
	0.487344	0
	0.000000
PRED	H-SSM	99001
	TRINITY	1
	0.487344	0
	0.000000
PRED	H-SSM	99001
	TRINITY	1
	0.487344	0
	0.000000
PRED	H-SSM	99001
	TRINITY	1
	0.487344	0
	0.000000
PRED	H-SSM	99001
	TRINITY	1
	0.487344	0
	0.000000
PRED	H-SSM	99001
	TRINITY	1
	0.487344	0
	0.000000
PRED	H-SSM	99001
	TRINITY	1
	0.487344	0
	0.000000
PRED	H-SSM	99001
	TRINITY	0
	0.487344	0
	0.000000
PRED	H-SSM	99001
	TRINITY	0
	0.487344	0
	0.000000
PRED	H-SSM	99001
	TRINITY	0
	0.487344	0
	0.000000
PRED	H-SSM	99001
	TRINITY	0
	0.487344	0
	0.000000
PRED	H-SSM	99001
	TRINITY	0
	0.487344	0
	0.000000
PRED	H-SSM	99001
	TRINITY	0
	0.487344	0
	0.000000
PRED	H-SSM	99001
	TRINITY	0
	0.487344	0
	0.000000
PRED	H-SSM	99001
	TRINITY	0
	0.487344	0
	0.000000
PRED	H-SSM	99001
	TRINITY	0
	0.487344	0
	0.000000
PRED	H-SSM	99001
	TRINITY	0
	0.487344	0
	0.000000
PRED	H-SSM	99001
	TRINITY	0
	0.487344	0
	0.000000
PRED	H-SSM	99001
	TRINITY	0
	0.487344	0
	0.000000
PRED	H-SSM	99001
	TRINITY	0
	0.487344	0
	0.000000
PRED	H-SSM	99001
	KKI	1
	0.425158	0
	0.000000
PRED	H-SSM	99001
	KKI	1
	0.425158	0
	0.000000
PRED	H-SSM	99001
	KKI	1
	0.425158	0
	0.000000
PRED	H-SSM	99001
	KKI	1
	0.425158	0
	0.000000
PRED	H-SSM	99001
	KKI	1
	0.425158	0
	0.000000
PRED	H-SSM	99001
	KKI	1
	0.425158	0
	0.000000
PRED	H-SSM	99001
	KKI	1
	0.425158	0
	0.000000
PRED	H-SSM	99001
	KKI	1
	0.425158	0
	0.000000
PRED	H-SSM	99001
	KKI	1
	0.425158	0
	0.000000
PRED	H-SSM	99001
	KKI	1
	0.425158	0
	0.000000
PRED	H-SSM	99001
	KKI	1
	0.425158	0
	0.000000
PRED	H-SSM	99001
	KKI	1
	0.425158	0
	0.000000
PRED	H-SSM	99001
	KKI	1
	0.425158	0
	0.000000
PRED	H-SSM	99001
	KKI	0
	0.425158	0
	0.000000
PRED	H-SSM	99001
	KKI	0
	0.425158	0
	0.000000
PRED	H-SSM	99001
	KKI	0
	0.425158	0
	0.000000
PRED	H-SSM	99001
	KKI	0
	0.425158	0
	0.000000
PRED	H-SSM	99001
	KKI	0
	0.425158	0
	0.000000
PRED	H-SSM	99001
	KKI	0
	0.425158	0
	0.000000
PRED	H-SSM	99001
	KKI	0
	0.425158	0
	0.000000
PRED	H-SSM	99001
	KKI	0
	0.425158	0
	0.000000
PRED	H-SSM	99001
	KKI	0
	0.425158	0
	0.000000
PRED	H-SSM	99001
	KKI	0
	0.425158	0
	0.000000
PRED	H-SSM	99001
	KKI	0
	0.425158	0
	0.000000
PRED	H-SSM	99001
	KKI	0
	0.425158	0
	0.000000
PRED	H-SSM	99001
	KKI	0
	0.425158	0
	0.000000
PRED	H-SSM	99001
	STANFORD	1
	0.491029	0
	0.000000
PRED	H-SSM	99001
	STANFORD	1
	0.491029	0
	0.000000
PRED	H-SSM	99001
	STANFORD	1
	0.491029	0
	0.000000
PRED	H-SSM	99001
	STANFORD	1
	0.491029	0
	0.000000
PRED	H-SSM	99001
	STANFORD	1
	0.491029	0
	0.000000
PRED	H-SSM	99001
	STANFORD	1
	0.491029	0
	0.000000
PRED	H-SSM	99001
	STANFORD	1
	0.491029	0
	0.000000
PRED	H-SSM	99001
	STANFORD	1
	0.491029	0
	0.000000
PRED	H-SSM	99001
	STANFORD	1
	0.491029	0
	0.000000
PRED	H-SSM	99001
	STANFORD	1
	0.491029	0
	0.000000
PRED	H-SSM	99001
	STANFORD	1
	0.491029	0
	0.000000
PRED	H-SSM	99001
	STANFORD	1
	0.491029	0
	0.000000
PRED	H-SSM	99001
	STANFORD	1
	0.491029	0
	0.000000
PRED	H-SSM	99001
	STANFORD	0
	0.491029	0
	0.000000
PRED	H-SSM	99001
	STANFORD	0
	0.491029	0
	0.000000
PRED	H-SSM	99001
	STANFORD	0
	0.491029	0
	0.000000
PRED	H-SSM	99001
	STANFORD	0
	0.491029	0
	0.000000
PRED	H-SSM	99001
	STANFORD	0
	0.491029	0
	0.000000
PRED	H-SSM	99001
	STANFORD	0
	0.491029	0
	0.000000
PRED	H-SSM	99001
	STANFORD	0
	0.491029	0
	0.000000
PRED	H-SSM	99001
	STANFORD	0
	0.491029	0
	0.000000
PRED	H-SSM	99001
	STANFORD	0
	0.491029	0
	0.000000
PRED	H-SSM	99001
	STANFORD	0
	0.491029	0
	0.000000
PRED	H-SSM	99001
	STANFORD	0
	0.491029	0
	0.000000
PRED	H-SSM	99001
	STANFORD	0
	0.491029	0
	0.000000
PRED	H-SSM	99001
	STANFORD	0
	0.491029	0
	0.000000
PRED	H-SSM	99001
	CALTECH	1
	0.418222	0
	0.000000
PRED	H-SSM	99001
	CALTECH	1
	0.418222	0
	0.000000
PRED	H-SSM	99001
	CALTECH	1
	0.418222	0
	0.000000
PRED	H-SSM	99001
	CALTECH	1
	0.418222	0
	0.000000
PRED	H-SSM	99001
	CALTECH	1
	0.418222	0
	0.000000
PRED	H-SSM	99001
	CALTECH	1
	0.418222	0
	0.000000
PRED	H-SSM	99001
	CALTECH	1
	0.418222	0
	0.000000
PRED	H-SSM	99001
	CALTECH	1
	0.418222	0
	0.000000
PRED	H-SSM	99001
	CALTECH	1
	0.418222	0
	0.000000
PRED	H-SSM	99001
	CALTECH	1
	0.418222	0
	0.000000
PRED	H-SSM	99001
	CALTECH	1
	0.418222	0
	0.000000
PRED	H-SSM	99001
	CALTECH	1
	0.418222	0
	0.000000
PRED	H-SSM	99001
	CALTECH	0
	0.418222	0
	0.000000
PRED	H-SSM	99001
	CALTECH	0
	0.418222	0
	0.000000
PRED	H-SSM	99001
	CALTECH	0
	0.418222	0
	0.000000
PRED	H-SSM	99001
	CALTECH	0
	0.418222	0
	0.000000
PRED	H-SSM	99001
	CALTECH	0
	0.418222	0
	0.000000
PRED	H-SSM	99001
	CALTECH	0
	0.418222	0
	0.000000
PRED	H-SSM	99001
	CALTECH	0
	0.418222	0
	0.000000
PRED	H-SSM	99001
	CALTECH	0
	0.418222	0
	0.000000
PRED	H-SSM	99001
	CALTECH	0
	0.418222	0
	0.000000
PRED	H-SSM	99001
	CALTECH	0
	0.418222	0
	0.000000
PRED	H-SSM	99001
	CALTECH	0
	0.418222	0
	0.000000
PRED	H-SSM	99001
	CALTECH	0
	0.418222	0
	0.000000
PRED	H-SSM	99001
	LEUVEN_2	1
	0.780062	1
	0.000000
PRED	H-SSM	99001
	LEUVEN_2	1
	0.780062	1
	0.000000
PRED	H-SSM	99001
	LEUVEN_2	1
	0.780062	1
	0.000000
PRED	H-SSM	99001
	LEUVEN_2	1
	0.780062	1
	0.000000
PRED	H-SSM	99001
	LEUVEN_2	1
	0.780062	1
	0.000000
PRED	H-SSM	99001
	LEUVEN_2	1
	0.780062	1
	0.000000
PRED	H-SSM	99001
	LEUVEN_2	1
	0.780062	1
	0.000000
PRED	H-SSM	99001
	LEUVEN_2	1
	0.780062	1
	0.000000
PRED	H-SSM	99001
	LEUVEN_2	1
	0.780062	1
	0.000000
PRED	H-SSM	99001
	LEUVEN_2	1
	0.780062	1
	0.000000
PRED	H-SSM	99001
	LEUVEN_2	1
	0.780062	1
	0.000000
PRED	H-SSM	99001
	LEUVEN_2	1
	0.780062	1
	0.000000
PRED	H-SSM	99001
	LEUVEN_2	0
	0.780062	1
	0.000000
PRED	H-SSM	99001
	LEUVEN_2	0
	0.780062	1
	0.000000
PRED	H-SSM	99001
	LEUVEN_2	0
	0.780062	1
	0.000000
PRED	H-SSM	99001
	LEUVEN_2	0
	0.780062	1
	0.000000
PRED	H-SSM	99001
	LEUVEN_2	0
	0.780062	1
	0.000000
PRED	H-SSM	99001
	LEUVEN_2	0
	0.780062	1
	0.000000
PRED	H-SSM	99001
	LEUVEN_2	0
	0.780062	1
	0.000000
PRED	H-SSM	99001
	LEUVEN_2	0
	0.780062	1
	0.000000
PRED	H-SSM	99001
	LEUVEN_2	0
	0.780062	1
	0.000000
PRED	H-SSM	99001
	LEUVEN_2	0
	0.780062	1
	0.000000
PRED	H-SSM	99001
	LEUVEN_2	0
	0.780062	1
	0.000000
PRED	H-SSM	99001
	LEUVEN_2	0
	0.780062	1
	0.000000
PRED	H-SSM	99001
	OLIN	1
	0.367507	0
	0.000000
PRED	H-SSM	99001
	OLIN	1
	0.367507	0
	0.000000
PRED	H-SSM	99001
	OLIN	1
	0.367507	0
	0.000000
PRED	H-SSM	99001
	OLIN	1
	0.367507	0
	0.000000
PRED	H-SSM	99001
	OLIN	1
	0.367507	0
	0.000000
PRED	H-SSM	99001
	OLIN	1
	0.367507	0
	0.000000
PRED	H-SSM	99001
	OLIN	1
	0.367507	0
	0.000000
PRED	H-SSM	99001
	OLIN	1
	0.367507	0
	0.000000
PRED	H-SSM	99001
	OLIN	1
	0.367507	0
	0.000000
PRED	H-SSM	99001
	OLIN	1
	0.367507	0
	0.000000
PRED	H-SSM	99001
	OLIN	1
	0.367507	0
	0.000000
PRED	H-SSM	99001
	OLIN	1
	0.367507	0
	0.000000
PRED	H-SSM	99001
	OLIN	0
	0.367507	0
	0.000000
PRED	H-SSM	99001
	OLIN	0
	0.367507	0
	0.000000
PRED	H-SSM	99001
	OLIN	0
	0.367507	0
	0.000000
PRED	H-SSM	99001
	OLIN	0
	0.367507	0
	0.000000
PRED	H-SSM	99001
	OLIN	0
	0.367507	0
	0.000000
PRED	H-SSM	99001
	OLIN	0
	0.367507	0
	0.000000
PRED	H-SSM	99001
	OLIN	0
	0.367507	0
	0.000000
PRED	H-SSM	99001
	OLIN	0
	0.367507	0
	0.000000
PRED	H-SSM	99001
	OLIN	0
	0.367507	0
	0.000000
PRED	H-SSM	99001
	OLIN	0
	0.367507	0
	0.000000
PRED	H-SSM	99001
	OLIN	0
	0.367507	0
	0.000000
PRED	H-SSM	99001
	OLIN	0
	0.367507	0
	0.000000
PRED	H-SSM	99001
	SBL	1
	0.673706	1
	0.000000
PRED	H-SSM	99001
	SBL	1
	0.673706	1
	0.000000
PRED	H-SSM	99001
	SBL	1
	0.673706	1
	0.000000
PRED	H-SSM	99001
	SBL	1
	0.673706	1
	0.000000
PRED	H-SSM	99001
	SBL	1
	0.673706	1
	0.000000
PRED	H-SSM	99001
	SBL	1
	0.673706	1
	0.000000
PRED	H-SSM	99001
	SBL	1
	0.673706	1
	0.000000
PRED	H-SSM	99001
	SBL	1
	0.673706	1
	0.000000
PRED	H-SSM	99001
	SBL	1
	0.673706	1
	0.000000
PRED	H-SSM	99001
	SBL	1
	0.673706	1
	0.000000
PRED	H-SSM	99001
	SBL	1
	0.673706	1
	0.000000
PRED	H-SSM	99001
	SBL	1
	0.673706	1
	0.000000
PRED	H-SSM	99001
	SBL	0
	0.673706	1
	0.000000
PRED	H-SSM	99001
	SBL	0
	0.673706	1
	0.000000
PRED	H-SSM	99001
	SBL	0
	0.673706	1
	0.000000
PRED	H-SSM	99001
	SBL	0
	0.673706	1
	0.000000
PRED	H-SSM	99001
	SBL	0
	0.673706	1
	0.000000
PRED	H-SSM	99001
	SBL	0
	0.673706	1
	0.000000
PRED	H-SSM	99001
	SBL	0
	0.673706	1
	0.000000
PRED	H-SSM	99001
	SBL	0
	0.673706	1
	0.000000
PRED	H-SSM	99001
	SBL	0
	0.673706	1
	0.000000
PRED	H-SSM	99001
	SBL	0
	0.673706	1
	0.000000
PRED	H-SSM	99001
	SBL	0
	0.673706	1
	0.000000
PRED	H-SSM	99001
	SBL	0
	0.673706	1
	0.000000
PRED	H-SSM	99001
	LEUVEN_1	1
	0.604149	1
	0.000000
PRED	H-SSM	99001
	LEUVEN_1	1
	0.604149	1
	0.000000
PRED	H-SSM	99001
	LEUVEN_1	1
	0.604149	1
	0.000000
PRED	H-SSM	99001
	LEUVEN_1	1
	0.604149	1
	0.000000
PRED	H-SSM	99001
	LEUVEN_1	1
	0.604149	1
	0.000000
PRED	H-SSM	99001
	LEUVEN_1	1
	0.604149	1
	0.000000
PRED	H-SSM	99001
	LEUVEN_1	1
	0.604149	1
	0.000000
PRED	H-SSM	99001
	LEUVEN_1	1
	0.604149	1
	0.000000
PRED	H-SSM	99001
	LEUVEN_1	1
	0.604149	1
	0.000000
PRED	H-SSM	99001
	LEUVEN_1	1
	0.604149	1
	0.000000
PRED	H-SSM	99001
	LEUVEN_1	1
	0.604149	1
	0.000000
PRED	H-SSM	99001
	LEUVEN_1	1
	0.604149	1
	0.000000
PRED	H-SSM	99001
	LEUVEN_1	0
	0.604149	1
	0.000000
PRED	H-SSM	99001
	LEUVEN_1	0
	0.604149	1
	0.000000
PRED	H-SSM	99001
	LEUVEN_1	0
	0.604149	1
	0.000000
PRED	H-SSM	99001
	LEUVEN_1	0
	0.604149	1
	0.000000
PRED	H-SSM	99001
	LEUVEN_1	0
	0.604149	1
	0.000000
PRED	H-SSM	99001
	LEUVEN_1	0
	0.604149	1
	0.000000
PRED	H-SSM	99001
	LEUVEN_1	0
	0.604149	1
	0.000000
PRED	H-SSM	99001
	LEUVEN_1	0
	0.604149	1
	0.000000
PRED	H-SSM	99001
	LEUVEN_1	0
	0.604149	1
	0.000000
PRED	H-SSM	99001
	LEUVEN_1	0
	0.604149	1
	0.000000
PRED	H-SSM	99001
	LEUVEN_1	0
	0.604149	1
	0.000000
PRED	H-SSM	99001
	LEUVEN_1	0
	0.604149	1
	0.000000
PRED	H-SSM	99001
	SDSU	1
	0.368484	0
	0.000000
PRED	H-SSM	99001
	SDSU	1
	0.368484	0
	0.000000
PRED	H-SSM	99001
	SDSU	1
	0.368484	0
	0.000000
PRED	H-SSM	99001
	SDSU	1
	0.368484	0
	0.000000
PRED	H-SSM	99001
	SDSU	1
	0.368484	0
	0.000000
PRED	H-SSM	99001
	SDSU	1
	0.368484	0
	0.000000
PRED	H-SSM	99001
	SDSU	1
	0.368484	0
	0.000000
PRED	H-SSM	99001
	SDSU	1
	0.368484	0
	0.000000
PRED	H-SSM	99001
	SDSU	1
	0.368484	0
	0.000000
PRED	H-SSM	99001
	SDSU	1
	0.368484	0
	0.000000
PRED	H-SSM	99001
	SDSU	1
	0.368484	0
	0.000000
PRED	H-SSM	99001
	SDSU	1
	0.368484	0
	0.000000
PRED	H-SSM	99001
	SDSU	0
	0.368484	0
	0.000000
PRED	H-SSM	99001
	SDSU	0
	0.368484	0
	0.000000
PRED	H-SSM	99001
	SDSU	0
	0.368484	0
	0.000000
PRED	H-SSM	99001
	SDSU	0
	0.368484	0
	0.000000
PRED	H-SSM	99001
	SDSU	0
	0.368484	0
	0.000000
PRED	H-SSM	99001
	SDSU	0
	0.368484	0
	0.000000
PRED	H-SSM	99001
	SDSU	0
	0.368484	0
	0.000000
PRED	H-SSM	99001
	SDSU	0
	0.368484	0
	0.000000
PRED	H-SSM	99001
	SDSU	0
	0.368484	0
	0.000000
PRED	H-SSM	99001
	SDSU	0
	0.368484	0
	0.000000
PRED	H-SSM	99001
	SDSU	0
	0.368484	0
	0.000000
PRED	H-SSM	99001
	SDSU	0
	0.368484	0
	0.000000
PRED	H-SSM	99001
	CMU	1
	0.452491	0
	0.000000
PRED	H-SSM	99001
	CMU	1
	0.452491	0
	0.000000
PRED	H-SSM	99001
	CMU	1
	0.452491	0
	0.000000
PRED	H-SSM	99001
	CMU	1
	0.452491	0
	0.000000
PRED	H-SSM	99001
	CMU	1
	0.452491	0
	0.000000
PRED	H-SSM	99001
	CMU	1
	0.452491	0
	0.000000
PRED	H-SSM	99001
	CMU	1
	0.452491	0
	0.000000
PRED	H-SSM	99001
	CMU	1
	0.452491	0
	0.000000
PRED	H-SSM	99001
	CMU	1
	0.452491	0
	0.000000
PRED	H-SSM	99001
	CMU	1
	0.452491	0
	0.000000
PRED	H-SSM	99001
	CMU	1
	0.452491	0
	0.000000
PRED	H-SSM	99001
	CMU	1
	0.452491	0
	0.000000
PRED	H-SSM	99001
	CMU	0
	0.452491	0
	0.000000
PRED	H-SSM	99001
	CMU	0
	0.452491	0
	0.000000
PRED	H-SSM	99001
	CMU	0
	0.452491	0
	0.000000
PRED	H-SSM	99001
	CMU	0
	0.452491	0
	0.000000
PRED	H-SSM	99001
	CMU	0
	0.452491	0
	0.000000
PRED	H-SSM	99001
	CMU	0
	0.452491	0
	0.000000
PRED	H-SSM	99001
	CMU	0
	0.452491	0
	0.000000
PRED	H-SSM	99001
	CMU	0
	0.452491	0
	0.000000
PRED	H-SSM	99001
	CMU	0
	0.452491	0
	0.000000
PRED	H-SSM	99001
	CMU	0
	0.452491	0
	0.000000
PRED	H-SSM	99001
	CMU	0
	0.452491	0
	0.000000
PRED	H-SSM	99001
	CMU	0
	0.452491	0
	0.000000
PRED	H-SSM	99001
	UCLA_2	1
	0.407920	0
	0.000000
PRED	H-SSM	99001
	UCLA_2	1
	0.407920	0
	0.000000
PRED	H-SSM	99001
	UCLA_2	1
	0.407920	0
	0.000000
PRED	H-SSM	99001
	UCLA_2	1
	0.407920	0
	0.000000
PRED	H-SSM	99001
	UCLA_2	1
	0.407920	0
	0.000000
PRED	H-SSM	99001
	UCLA_2	1
	0.407920	0
	0.000000
PRED	H-SSM	99001
	UCLA_2	1
	0.407920	0
	0.000000
PRED	H-SSM	99001
	UCLA_2	1
	0.407920	0
	0.000000
PRED	H-SSM	99001
	UCLA_2	1
	0.407920	0
	0.000000
PRED	H-SSM	99001
	UCLA_2	1
	0.407920	0
	0.000000
PRED	H-SSM	99001
	UCLA_2	1
	0.407920	0
	0.000000
PRED	H-SSM	99001
	UCLA_2	1
	0.407920	0
	0.000000
PRED	H-SSM	99001
	UCLA_2	0
	0.407920	0
	0.000000
PRED	H-SSM	99001
	UCLA_2	0
	0.407920	0
	0.000000
PRED	H-SSM	99001
	UCLA_2	0
	0.407920	0
	0.000000
PRED	H-SSM	99001
	UCLA_2	0
	0.407920	0
	0.000000
PRED	H-SSM	99001
	UCLA_2	0
	0.407920	0
	0.000000
PRED	H-SSM	99001
	UCLA_2	0
	0.407920	0
	0.000000
PRED	H-SSM	99001
	UCLA_2	0
	0.407920	0
	0.000000
PRED	H-SSM	99001
	UCLA_2	0
	0.407920	0
	0.000000
PRED	H-SSM	99001
	UCLA_2	0
	0.407920	0
	0.000000
PRED	H-SSM	99001
	UCLA_2	0
	0.407920	0
	0.000000
PRED	H-SSM	99001
	UCLA_2	0
	0.407920	0
	0.000000
PRED	H-SSM	99001
	UCLA_2	0
	0.407920	0
	0.000000
PRED	H-SSM	99001
	UM_2	1
	0.419270	0
	0.000000
PRED	H-SSM	99001
	UM_2	1
	0.419270	0
	0.000000
PRED	H-SSM	99001
	UM_2	1
	0.419270	0
	0.000000
PRED	H-SSM	99001
	UM_2	1
	0.419270	0
	0.000000
PRED	H-SSM	99001
	UM_2	1
	0.419270	0
	0.000000
PRED	H-SSM	99001
	UM_2	1
	0.419270	0
	0.000000
PRED	H-SSM	99001
	UM_2	1
	0.419270	0
	0.000000
PRED	H-SSM	99001
	UM_2	1
	0.419270	0
	0.000000
PRED	H-SSM	99001
	UM_2	1
	0.419270	0
	0.000000
PRED	H-SSM	99001
	UM_2	1
	0.419270	0
	0.000000
PRED	H-SSM	99001
	UM_2	1
	0.419270	0
	0.000000
PRED	H-SSM	99001
	UM_2	1
	0.419270	0
	0.000000
PRED	H-SSM	99001
	UM_2	0
	0.419270	0
	0.000000
PRED	H-SSM	99001
	UM_2	0
	0.419270	0
	0.000000
PRED	H-SSM	99001
	UM_2	0
	0.419270	0
	0.000000
PRED	H-SSM	99001
	UM_2	0
	0.419270	0
	0.000000
PRED	H-SSM	99001
	UM_2	0
	0.419270	0
	0.000000
PRED	H-SSM	99001
	UM_2	0
	0.419270	0
	0.000000
PRED	H-SSM	99001
	UM_2	0
	0.419270	0
	0.000000
PRED	H-SSM	99001
	UM_2	0
	0.419270	0
	0.000000
PRED	H-SSM	99001
	UM_2	0
	0.419270	0
	0.000000
PRED	H-SSM	99001
	UM_2	0
	0.419270	0
	0.000000
PRED	H-SSM	99001
	UM_2	0
	0.419270	0
	0.000000
PRED	H-SSM	99001
	UM_2	0
	0.419270	0
	0.000000
PRED	H-SSM	99001
	OHSU	1
	0.241206	0
	0.000000
PRED	H-SSM	99001
	OHSU	1
	0.241206	0
	0.000000
PRED	H-SSM	99001
	OHSU	1
	0.241206	0
	0.000000
PRED	H-SSM	99001
	OHSU	1
	0.241206	0
	0.000000
PRED	H-SSM	99001
	OHSU	1
	0.241206	0
	0.000000
PRED	H-SSM	99001
	OHSU	1
	0.241206	0
	0.000000
PRED	H-SSM	99001
	OHSU	1
	0.241206	0
	0.000000
PRED	H-SSM	99001
	OHSU	1
	0.241206	0
	0.000000
PRED	H-SSM	99001
	OHSU	1
	0.241206	0
	0.000000
PRED	H-SSM	99001
	OHSU	1
	0.241206	0
	0.000000
PRED	H-SSM	99001
	OHSU	1
	0.241206	0
	0.000000
PRED	H-SSM	99001
	OHSU	1
	0.241206	0
	0.000000
PRED	H-SSM	99001
	OHSU	0
	0.241206	0
	0.000000
PRED	H-SSM	99001
	OHSU	0
	0.241206	0
	0.000000
PRED	H-SSM	99001
	OHSU	0
	0.241206	0
	0.000000
PRED	H-SSM	99001
	OHSU	0
	0.241206	0
	0.000000
PRED	H-SSM	99001
	OHSU	0
	0.241206	0
	0.000000
PRED	H-SSM	99001
	OHSU	0
	0.241206	0
	0.000000
PRED	H-SSM	99001
	OHSU	0
	0.241206	0
	0.000000
PRED	H-SSM	99001
	OHSU	0
	0.241206	0
	0.000000
PRED	H-SSM	99001
	OHSU	0
	0.241206	0
	0.000000
PRED	H-SSM	99001
	OHSU	0
	0.241206	0
	0.000000
PRED	H-SSM	99001
	OHSU	0
	0.241206	0
	0.000000
PRED	H-SSM	99001
	OHSU	0
	0.241206	0
	0.000000
  H-SSM    99001
   acc=50.000000% bal=50.000000% sites=20
/20
 test_n=500
 assoc=0.000000
PRED	H-SSM	31415
	NYU	1
	0.546583	1
	0.000000
PRED	H-SSM	31415
	NYU	1
	0.546583	1
	0.000000
PRED	H-SSM	31415
	NYU	1
	0.546583	1
	0.000000
PRED	H-SSM	31415
	NYU	1
	0.546583	1
	0.000000
PRED	H-SSM	31415
	NYU	1
	0.546583	1
	0.000000
PRED	H-SSM	31415
	NYU	1
	0.546583	1
	0.000000
PRED	H-SSM	31415
	NYU	1
	0.546583	1
	0.000000
PRED	H-SSM	31415
	NYU	1
	0.546583	1
	0.000000
PRED	H-SSM	31415
	NYU	1
	0.546583	1
	0.000000
PRED	H-SSM	31415
	NYU	1
	0.546583	1
	0.000000
PRED	H-SSM	31415
	NYU	1
	0.546583	1
	0.000000
PRED	H-SSM	31415
	NYU	1
	0.546583	1
	0.000000
PRED	H-SSM	31415
	NYU	1
	0.546583	1
	0.000000
PRED	H-SSM	31415
	NYU	0
	0.546583	1
	0.000000
PRED	H-SSM	31415
	NYU	0
	0.546583	1
	0.000000
PRED	H-SSM	31415
	NYU	0
	0.546583	1
	0.000000
PRED	H-SSM	31415
	NYU	0
	0.546583	1
	0.000000
PRED	H-SSM	31415
	NYU	0
	0.546583	1
	0.000000
PRED	H-SSM	31415
	NYU	0
	0.546583	1
	0.000000
PRED	H-SSM	31415
	NYU	0
	0.546583	1
	0.000000
PRED	H-SSM	31415
	NYU	0
	0.546583	1
	0.000000
PRED	H-SSM	31415
	NYU	0
	0.546583	1
	0.000000
PRED	H-SSM	31415
	NYU	0
	0.546583	1
	0.000000
PRED	H-SSM	31415
	NYU	0
	0.546583	1
	0.000000
PRED	H-SSM	31415
	NYU	0
	0.546583	1
	0.000000
PRED	H-SSM	31415
	NYU	0
	0.546583	1
	0.000000
PRED	H-SSM	31415
	UM_1	1
	0.318442	0
	0.000000
PRED	H-SSM	31415
	UM_1	1
	0.318442	0
	0.000000
PRED	H-SSM	31415
	UM_1	1
	0.318442	0
	0.000000
PRED	H-SSM	31415
	UM_1	1
	0.318442	0
	0.000000
PRED	H-SSM	31415
	UM_1	1
	0.318442	0
	0.000000
PRED	H-SSM	31415
	UM_1	1
	0.318442	0
	0.000000
PRED	H-SSM	31415
	UM_1	1
	0.318442	0
	0.000000
PRED	H-SSM	31415
	UM_1	1
	0.318442	0
	0.000000
PRED	H-SSM	31415
	UM_1	1
	0.318442	0
	0.000000
PRED	H-SSM	31415
	UM_1	1
	0.318442	0
	0.000000
PRED	H-SSM	31415
	UM_1	1
	0.318442	0
	0.000000
PRED	H-SSM	31415
	UM_1	1
	0.318442	0
	0.000000
PRED	H-SSM	31415
	UM_1	1
	0.318442	0
	0.000000
PRED	H-SSM	31415
	UM_1	0
	0.318442	0
	0.000000
PRED	H-SSM	31415
	UM_1	0
	0.318442	0
	0.000000
PRED	H-SSM	31415
	UM_1	0
	0.318442	0
	0.000000
PRED	H-SSM	31415
	UM_1	0
	0.318442	0
	0.000000
PRED	H-SSM	31415
	UM_1	0
	0.318442	0
	0.000000
PRED	H-SSM	31415
	UM_1	0
	0.318442	0
	0.000000
PRED	H-SSM	31415
	UM_1	0
	0.318442	0
	0.000000
PRED	H-SSM	31415
	UM_1	0
	0.318442	0
	0.000000
PRED	H-SSM	31415
	UM_1	0
	0.318442	0
	0.000000
PRED	H-SSM	31415
	UM_1	0
	0.318442	0
	0.000000
PRED	H-SSM	31415
	UM_1	0
	0.318442	0
	0.000000
PRED	H-SSM	31415
	UM_1	0
	0.318442	0
	0.000000
PRED	H-SSM	31415
	UM_1	0
	0.318442	0
	0.000000
PRED	H-SSM	31415
	UCLA_1	1
	0.322165	0
	0.000000
PRED	H-SSM	31415
	UCLA_1	1
	0.322165	0
	0.000000
PRED	H-SSM	31415
	UCLA_1	1
	0.322165	0
	0.000000
PRED	H-SSM	31415
	UCLA_1	1
	0.322165	0
	0.000000
PRED	H-SSM	31415
	UCLA_1	1
	0.322165	0
	0.000000
PRED	H-SSM	31415
	UCLA_1	1
	0.322165	0
	0.000000
PRED	H-SSM	31415
	UCLA_1	1
	0.322165	0
	0.000000
PRED	H-SSM	31415
	UCLA_1	1
	0.322165	0
	0.000000
PRED	H-SSM	31415
	UCLA_1	1
	0.322165	0
	0.000000
PRED	H-SSM	31415
	UCLA_1	1
	0.322165	0
	0.000000
PRED	H-SSM	31415
	UCLA_1	1
	0.322165	0
	0.000000
PRED	H-SSM	31415
	UCLA_1	1
	0.322165	0
	0.000000
PRED	H-SSM	31415
	UCLA_1	1
	0.322165	0
	0.000000
PRED	H-SSM	31415
	UCLA_1	0
	0.322165	0
	0.000000
PRED	H-SSM	31415
	UCLA_1	0
	0.322165	0
	0.000000
PRED	H-SSM	31415
	UCLA_1	0
	0.322165	0
	0.000000
PRED	H-SSM	31415
	UCLA_1	0
	0.322165	0
	0.000000
PRED	H-SSM	31415
	UCLA_1	0
	0.322165	0
	0.000000
PRED	H-SSM	31415
	UCLA_1	0
	0.322165	0
	0.000000
PRED	H-SSM	31415
	UCLA_1	0
	0.322165	0
	0.000000
PRED	H-SSM	31415
	UCLA_1	0
	0.322165	0
	0.000000
PRED	H-SSM	31415
	UCLA_1	0
	0.322165	0
	0.000000
PRED	H-SSM	31415
	UCLA_1	0
	0.322165	0
	0.000000
PRED	H-SSM	31415
	UCLA_1	0
	0.322165	0
	0.000000
PRED	H-SSM	31415
	UCLA_1	0
	0.322165	0
	0.000000
PRED	H-SSM	31415
	UCLA_1	0
	0.322165	0
	0.000000
PRED	H-SSM	31415
	YALE	1
	0.542508	1
	0.000000
PRED	H-SSM	31415
	YALE	1
	0.542508	1
	0.000000
PRED	H-SSM	31415
	YALE	1
	0.542508	1
	0.000000
PRED	H-SSM	31415
	YALE	1
	0.542508	1
	0.000000
PRED	H-SSM	31415
	YALE	1
	0.542508	1
	0.000000
PRED	H-SSM	31415
	YALE	1
	0.542508	1
	0.000000
PRED	H-SSM	31415
	YALE	1
	0.542508	1
	0.000000
PRED	H-SSM	31415
	YALE	1
	0.542508	1
	0.000000
PRED	H-SSM	31415
	YALE	1
	0.542508	1
	0.000000
PRED	H-SSM	31415
	YALE	1
	0.542508	1
	0.000000
PRED	H-SSM	31415
	YALE	1
	0.542508	1
	0.000000
PRED	H-SSM	31415
	YALE	1
	0.542508	1
	0.000000
PRED	H-SSM	31415
	YALE	1
	0.542508	1
	0.000000
PRED	H-SSM	31415
	YALE	0
	0.542508	1
	0.000000
PRED	H-SSM	31415
	YALE	0
	0.542508	1
	0.000000
PRED	H-SSM	31415
	YALE	0
	0.542508	1
	0.000000
PRED	H-SSM	31415
	YALE	0
	0.542508	1
	0.000000
PRED	H-SSM	31415
	YALE	0
	0.542508	1
	0.000000
PRED	H-SSM	31415
	YALE	0
	0.542508	1
	0.000000
PRED	H-SSM	31415
	YALE	0
	0.542508	1
	0.000000
PRED	H-SSM	31415
	YALE	0
	0.542508	1
	0.000000
PRED	H-SSM	31415
	YALE	0
	0.542508	1
	0.000000
PRED	H-SSM	31415
	YALE	0
	0.542508	1
	0.000000
PRED	H-SSM	31415
	YALE	0
	0.542508	1
	0.000000
PRED	H-SSM	31415
	YALE	0
	0.542508	1
	0.000000
PRED	H-SSM	31415
	YALE	0
	0.542508	1
	0.000000
PRED	H-SSM	31415
	PITT	1
	0.365284	0
	0.000000
PRED	H-SSM	31415
	PITT	1
	0.365284	0
	0.000000
PRED	H-SSM	31415
	PITT	1
	0.365284	0
	0.000000
PRED	H-SSM	31415
	PITT	1
	0.365284	0
	0.000000
PRED	H-SSM	31415
	PITT	1
	0.365284	0
	0.000000
PRED	H-SSM	31415
	PITT	1
	0.365284	0
	0.000000
PRED	H-SSM	31415
	PITT	1
	0.365284	0
	0.000000
PRED	H-SSM	31415
	PITT	1
	0.365284	0
	0.000000
PRED	H-SSM	31415
	PITT	1
	0.365284	0
	0.000000
PRED	H-SSM	31415
	PITT	1
	0.365284	0
	0.000000
PRED	H-SSM	31415
	PITT	1
	0.365284	0
	0.000000
PRED	H-SSM	31415
	PITT	1
	0.365284	0
	0.000000
PRED	H-SSM	31415
	PITT	1
	0.365284	0
	0.000000
PRED	H-SSM	31415
	PITT	0
	0.365284	0
	0.000000
PRED	H-SSM	31415
	PITT	0
	0.365284	0
	0.000000
PRED	H-SSM	31415
	PITT	0
	0.365284	0
	0.000000
PRED	H-SSM	31415
	PITT	0
	0.365284	0
	0.000000
PRED	H-SSM	31415
	PITT	0
	0.365284	0
	0.000000
PRED	H-SSM	31415
	PITT	0
	0.365284	0
	0.000000
PRED	H-SSM	31415
	PITT	0
	0.365284	0
	0.000000
PRED	H-SSM	31415
	PITT	0
	0.365284	0
	0.000000
PRED	H-SSM	31415
	PITT	0
	0.365284	0
	0.000000
PRED	H-SSM	31415
	PITT	0
	0.365284	0
	0.000000
PRED	H-SSM	31415
	PITT	0
	0.365284	0
	0.000000
PRED	H-SSM	31415
	PITT	0
	0.365284	0
	0.000000
PRED	H-SSM	31415
	PITT	0
	0.365284	0
	0.000000
PRED	H-SSM	31415
	USM	1
	0.701443	1
	0.000000
PRED	H-SSM	31415
	USM	1
	0.701443	1
	0.000000
PRED	H-SSM	31415
	USM	1
	0.701443	1
	0.000000
PRED	H-SSM	31415
	USM	1
	0.701443	1
	0.000000
PRED	H-SSM	31415
	USM	1
	0.701443	1
	0.000000
PRED	H-SSM	31415
	USM	1
	0.701443	1
	0.000000
PRED	H-SSM	31415
	USM	1
	0.701443	1
	0.000000
PRED	H-SSM	31415
	USM	1
	0.701443	1
	0.000000
PRED	H-SSM	31415
	USM	1
	0.701443	1
	0.000000
PRED	H-SSM	31415
	USM	1
	0.701443	1
	0.000000
PRED	H-SSM	31415
	USM	1
	0.701443	1
	0.000000
PRED	H-SSM	31415
	USM	1
	0.701443	1
	0.000000
PRED	H-SSM	31415
	USM	1
	0.701443	1
	0.000000
PRED	H-SSM	31415
	USM	0
	0.701443	1
	0.000000
PRED	H-SSM	31415
	USM	0
	0.701443	1
	0.000000
PRED	H-SSM	31415
	USM	0
	0.701443	1
	0.000000
PRED	H-SSM	31415
	USM	0
	0.701443	1
	0.000000
PRED	H-SSM	31415
	USM	0
	0.701443	1
	0.000000
PRED	H-SSM	31415
	USM	0
	0.701443	1
	0.000000
PRED	H-SSM	31415
	USM	0
	0.701443	1
	0.000000
PRED	H-SSM	31415
	USM	0
	0.701443	1
	0.000000
PRED	H-SSM	31415
	USM	0
	0.701443	1
	0.000000
PRED	H-SSM	31415
	USM	0
	0.701443	1
	0.000000
PRED	H-SSM	31415
	USM	0
	0.701443	1
	0.000000
PRED	H-SSM	31415
	USM	0
	0.701443	1
	0.000000
PRED	H-SSM	31415
	USM	0
	0.701443	1
	0.000000
PRED	H-SSM	31415
	MAX_MUN	1
	0.671882	1
	0.000000
PRED	H-SSM	31415
	MAX_MUN	1
	0.671882	1
	0.000000
PRED	H-SSM	31415
	MAX_MUN	1
	0.671882	1
	0.000000
PRED	H-SSM	31415
	MAX_MUN	1
	0.671882	1
	0.000000
PRED	H-SSM	31415
	MAX_MUN	1
	0.671882	1
	0.000000
PRED	H-SSM	31415
	MAX_MUN	1
	0.671882	1
	0.000000
PRED	H-SSM	31415
	MAX_MUN	1
	0.671882	1
	0.000000
PRED	H-SSM	31415
	MAX_MUN	1
	0.671882	1
	0.000000
PRED	H-SSM	31415
	MAX_MUN	1
	0.671882	1
	0.000000
PRED	H-SSM	31415
	MAX_MUN	1
	0.671882	1
	0.000000
PRED	H-SSM	31415
	MAX_MUN	1
	0.671882	1
	0.000000
PRED	H-SSM	31415
	MAX_MUN	1
	0.671882	1
	0.000000
PRED	H-SSM	31415
	MAX_MUN	1
	0.671882	1
	0.000000
PRED	H-SSM	31415
	MAX_MUN	0
	0.671882	1
	0.000000
PRED	H-SSM	31415
	MAX_MUN	0
	0.671882	1
	0.000000
PRED	H-SSM	31415
	MAX_MUN	0
	0.671882	1
	0.000000
PRED	H-SSM	31415
	MAX_MUN	0
	0.671882	1
	0.000000
PRED	H-SSM	31415
	MAX_MUN	0
	0.671882	1
	0.000000
PRED	H-SSM	31415
	MAX_MUN	0
	0.671882	1
	0.000000
PRED	H-SSM	31415
	MAX_MUN	0
	0.671882	1
	0.000000
PRED	H-SSM	31415
	MAX_MUN	0
	0.671882	1
	0.000000
PRED	H-SSM	31415
	MAX_MUN	0
	0.671882	1
	0.000000
PRED	H-SSM	31415
	MAX_MUN	0
	0.671882	1
	0.000000
PRED	H-SSM	31415
	MAX_MUN	0
	0.671882	1
	0.000000
PRED	H-SSM	31415
	MAX_MUN	0
	0.671882	1
	0.000000
PRED	H-SSM	31415
	MAX_MUN	0
	0.671882	1
	0.000000
PRED	H-SSM	31415
	TRINITY	1
	0.681653	1
	0.000000
PRED	H-SSM	31415
	TRINITY	1
	0.681653	1
	0.000000
PRED	H-SSM	31415
	TRINITY	1
	0.681653	1
	0.000000
PRED	H-SSM	31415
	TRINITY	1
	0.681653	1
	0.000000
PRED	H-SSM	31415
	TRINITY	1
	0.681653	1
	0.000000
PRED	H-SSM	31415
	TRINITY	1
	0.681653	1
	0.000000
PRED	H-SSM	31415
	TRINITY	1
	0.681653	1
	0.000000
PRED	H-SSM	31415
	TRINITY	1
	0.681653	1
	0.000000
PRED	H-SSM	31415
	TRINITY	1
	0.681653	1
	0.000000
PRED	H-SSM	31415
	TRINITY	1
	0.681653	1
	0.000000
PRED	H-SSM	31415
	TRINITY	1
	0.681653	1
	0.000000
PRED	H-SSM	31415
	TRINITY	1
	0.681653	1
	0.000000
PRED	H-SSM	31415
	TRINITY	1
	0.681653	1
	0.000000
PRED	H-SSM	31415
	TRINITY	0
	0.681653	1
	0.000000
PRED	H-SSM	31415
	TRINITY	0
	0.681653	1
	0.000000
PRED	H-SSM	31415
	TRINITY	0
	0.681653	1
	0.000000
PRED	H-SSM	31415
	TRINITY	0
	0.681653	1
	0.000000
PRED	H-SSM	31415
	TRINITY	0
	0.681653	1
	0.000000
PRED	H-SSM	31415
	TRINITY	0
	0.681653	1
	0.000000
PRED	H-SSM	31415
	TRINITY	0
	0.681653	1
	0.000000
PRED	H-SSM	31415
	TRINITY	0
	0.681653	1
	0.000000
PRED	H-SSM	31415
	TRINITY	0
	0.681653	1
	0.000000
PRED	H-SSM	31415
	TRINITY	0
	0.681653	1
	0.000000
PRED	H-SSM	31415
	TRINITY	0
	0.681653	1
	0.000000
PRED	H-SSM	31415
	TRINITY	0
	0.681653	1
	0.000000
PRED	H-SSM	31415
	TRINITY	0
	0.681653	1
	0.000000
PRED	H-SSM	31415
	KKI	1
	0.539299	1
	0.000000
PRED	H-SSM	31415
	KKI	1
	0.539299	1
	0.000000
PRED	H-SSM	31415
	KKI	1
	0.539299	1
	0.000000
PRED	H-SSM	31415
	KKI	1
	0.539299	1
	0.000000
PRED	H-SSM	31415
	KKI	1
	0.539299	1
	0.000000
PRED	H-SSM	31415
	KKI	1
	0.539299	1
	0.000000
PRED	H-SSM	31415
	KKI	1
	0.539299	1
	0.000000
PRED	H-SSM	31415
	KKI	1
	0.539299	1
	0.000000
PRED	H-SSM	31415
	KKI	1
	0.539299	1
	0.000000
PRED	H-SSM	31415
	KKI	1
	0.539299	1
	0.000000
PRED	H-SSM	31415
	KKI	1
	0.539299	1
	0.000000
PRED	H-SSM	31415
	KKI	1
	0.539299	1
	0.000000
PRED	H-SSM	31415
	KKI	1
	0.539299	1
	0.000000
PRED	H-SSM	31415
	KKI	0
	0.539299	1
	0.000000
PRED	H-SSM	31415
	KKI	0
	0.539299	1
	0.000000
PRED	H-SSM	31415
	KKI	0
	0.539299	1
	0.000000
PRED	H-SSM	31415
	KKI	0
	0.539299	1
	0.000000
PRED	H-SSM	31415
	KKI	0
	0.539299	1
	0.000000
PRED	H-SSM	31415
	KKI	0
	0.539299	1
	0.000000
PRED	H-SSM	31415
	KKI	0
	0.539299	1
	0.000000
PRED	H-SSM	31415
	KKI	0
	0.539299	1
	0.000000
PRED	H-SSM	31415
	KKI	0
	0.539299	1
	0.000000
PRED	H-SSM	31415
	KKI	0
	0.539299	1
	0.000000
PRED	H-SSM	31415
	KKI	0
	0.539299	1
	0.000000
PRED	H-SSM	31415
	KKI	0
	0.539299	1
	0.000000
PRED	H-SSM	31415
	KKI	0
	0.539299	1
	0.000000
PRED	H-SSM	31415
	STANFORD	1
	0.669678	1
	0.000000
PRED	H-SSM	31415
	STANFORD	1
	0.669678	1
	0.000000
PRED	H-SSM	31415
	STANFORD	1
	0.669678	1
	0.000000
PRED	H-SSM	31415
	STANFORD	1
	0.669678	1
	0.000000
PRED	H-SSM	31415
	STANFORD	1
	0.669678	1
	0.000000
PRED	H-SSM	31415
	STANFORD	1
	0.669678	1
	0.000000
PRED	H-SSM	31415
	STANFORD	1
	0.669678	1
	0.000000
PRED	H-SSM	31415
	STANFORD	1
	0.669678	1
	0.000000
PRED	H-SSM	31415
	STANFORD	1
	0.669678	1
	0.000000
PRED	H-SSM	31415
	STANFORD	1
	0.669678	1
	0.000000
PRED	H-SSM	31415
	STANFORD	1
	0.669678	1
	0.000000
PRED	H-SSM	31415
	STANFORD	1
	0.669678	1
	0.000000
PRED	H-SSM	31415
	STANFORD	1
	0.669678	1
	0.000000
PRED	H-SSM	31415
	STANFORD	0
	0.669678	1
	0.000000
PRED	H-SSM	31415
	STANFORD	0
	0.669678	1
	0.000000
PRED	H-SSM	31415
	STANFORD	0
	0.669678	1
	0.000000
PRED	H-SSM	31415
	STANFORD	0
	0.669678	1
	0.000000
PRED	H-SSM	31415
	STANFORD	0
	0.669678	1
	0.000000
PRED	H-SSM	31415
	STANFORD	0
	0.669678	1
	0.000000
PRED	H-SSM	31415
	STANFORD	0
	0.669678	1
	0.000000
PRED	H-SSM	31415
	STANFORD	0
	0.669678	1
	0.000000
PRED	H-SSM	31415
	STANFORD	0
	0.669678	1
	0.000000
PRED	H-SSM	31415
	STANFORD	0
	0.669678	1
	0.000000
PRED	H-SSM	31415
	STANFORD	0
	0.669678	1
	0.000000
PRED	H-SSM	31415
	STANFORD	0
	0.669678	1
	0.000000
PRED	H-SSM	31415
	STANFORD	0
	0.669678	1
	0.000000
PRED	H-SSM	31415
	CALTECH	1
	0.583754	1
	0.000000
PRED	H-SSM	31415
	CALTECH	1
	0.583754	1
	0.000000
PRED	H-SSM	31415
	CALTECH	1
	0.583754	1
	0.000000
PRED	H-SSM	31415
	CALTECH	1
	0.583754	1
	0.000000
PRED	H-SSM	31415
	CALTECH	1
	0.583754	1
	0.000000
PRED	H-SSM	31415
	CALTECH	1
	0.583754	1
	0.000000
PRED	H-SSM	31415
	CALTECH	1
	0.583754	1
	0.000000
PRED	H-SSM	31415
	CALTECH	1
	0.583754	1
	0.000000
PRED	H-SSM	31415
	CALTECH	1
	0.583754	1
	0.000000
PRED	H-SSM	31415
	CALTECH	1
	0.583754	1
	0.000000
PRED	H-SSM	31415
	CALTECH	1
	0.583754	1
	0.000000
PRED	H-SSM	31415
	CALTECH	1
	0.583754	1
	0.000000
PRED	H-SSM	31415
	CALTECH	0
	0.583754	1
	0.000000
PRED	H-SSM	31415
	CALTECH	0
	0.583754	1
	0.000000
PRED	H-SSM	31415
	CALTECH	0
	0.583754	1
	0.000000
PRED	H-SSM	31415
	CALTECH	0
	0.583754	1
	0.000000
PRED	H-SSM	31415
	CALTECH	0
	0.583754	1
	0.000000
PRED	H-SSM	31415
	CALTECH	0
	0.583754	1
	0.000000
PRED	H-SSM	31415
	CALTECH	0
	0.583754	1
	0.000000
PRED	H-SSM	31415
	CALTECH	0
	0.583754	1
	0.000000
PRED	H-SSM	31415
	CALTECH	0
	0.583754	1
	0.000000
PRED	H-SSM	31415
	CALTECH	0
	0.583754	1
	0.000000
PRED	H-SSM	31415
	CALTECH	0
	0.583754	1
	0.000000
PRED	H-SSM	31415
	CALTECH	0
	0.583754	1
	0.000000
PRED	H-SSM	31415
	LEUVEN_2	1
	0.675635	1
	0.000000
PRED	H-SSM	31415
	LEUVEN_2	1
	0.675635	1
	0.000000
PRED	H-SSM	31415
	LEUVEN_2	1
	0.675635	1
	0.000000
PRED	H-SSM	31415
	LEUVEN_2	1
	0.675635	1
	0.000000
PRED	H-SSM	31415
	LEUVEN_2	1
	0.675635	1
	0.000000
PRED	H-SSM	31415
	LEUVEN_2	1
	0.675635	1
	0.000000
PRED	H-SSM	31415
	LEUVEN_2	1
	0.675635	1
	0.000000
PRED	H-SSM	31415
	LEUVEN_2	1
	0.675635	1
	0.000000
PRED	H-SSM	31415
	LEUVEN_2	1
	0.675635	1
	0.000000
PRED	H-SSM	31415
	LEUVEN_2	1
	0.675635	1
	0.000000
PRED	H-SSM	31415
	LEUVEN_2	1
	0.675635	1
	0.000000
PRED	H-SSM	31415
	LEUVEN_2	1
	0.675635	1
	0.000000
PRED	H-SSM	31415
	LEUVEN_2	0
	0.675635	1
	0.000000
PRED	H-SSM	31415
	LEUVEN_2	0
	0.675635	1
	0.000000
PRED	H-SSM	31415
	LEUVEN_2	0
	0.675635	1
	0.000000
PRED	H-SSM	31415
	LEUVEN_2	0
	0.675635	1
	0.000000
PRED	H-SSM	31415
	LEUVEN_2	0
	0.675635	1
	0.000000
PRED	H-SSM	31415
	LEUVEN_2	0
	0.675635	1
	0.000000
PRED	H-SSM	31415
	LEUVEN_2	0
	0.675635	1
	0.000000
PRED	H-SSM	31415
	LEUVEN_2	0
	0.675635	1
	0.000000
PRED	H-SSM	31415
	LEUVEN_2	0
	0.675635	1
	0.000000
PRED	H-SSM	31415
	LEUVEN_2	0
	0.675635	1
	0.000000
PRED	H-SSM	31415
	LEUVEN_2	0
	0.675635	1
	0.000000
PRED	H-SSM	31415
	LEUVEN_2	0
	0.675635	1
	0.000000
PRED	H-SSM	31415
	OLIN	1
	0.605042	1
	0.000000
PRED	H-SSM	31415
	OLIN	1
	0.605042	1
	0.000000
PRED	H-SSM	31415
	OLIN	1
	0.605042	1
	0.000000
PRED	H-SSM	31415
	OLIN	1
	0.605042	1
	0.000000
PRED	H-SSM	31415
	OLIN	1
	0.605042	1
	0.000000
PRED	H-SSM	31415
	OLIN	1
	0.605042	1
	0.000000
PRED	H-SSM	31415
	OLIN	1
	0.605042	1
	0.000000
PRED	H-SSM	31415
	OLIN	1
	0.605042	1
	0.000000
PRED	H-SSM	31415
	OLIN	1
	0.605042	1
	0.000000
PRED	H-SSM	31415
	OLIN	1
	0.605042	1
	0.000000
PRED	H-SSM	31415
	OLIN	1
	0.605042	1
	0.000000
PRED	H-SSM	31415
	OLIN	1
	0.605042	1
	0.000000
PRED	H-SSM	31415
	OLIN	0
	0.605042	1
	0.000000
PRED	H-SSM	31415
	OLIN	0
	0.605042	1
	0.000000
PRED	H-SSM	31415
	OLIN	0
	0.605042	1
	0.000000
PRED	H-SSM	31415
	OLIN	0
	0.605042	1
	0.000000
PRED	H-SSM	31415
	OLIN	0
	0.605042	1
	0.000000
PRED	H-SSM	31415
	OLIN	0
	0.605042	1
	0.000000
PRED	H-SSM	31415
	OLIN	0
	0.605042	1
	0.000000
PRED	H-SSM	31415
	OLIN	0
	0.605042	1
	0.000000
PRED	H-SSM	31415
	OLIN	0
	0.605042	1
	0.000000
PRED	H-SSM	31415
	OLIN	0
	0.605042	1
	0.000000
PRED	H-SSM	31415
	OLIN	0
	0.605042	1
	0.000000
PRED	H-SSM	31415
	OLIN	0
	0.605042	1
	0.000000
PRED	H-SSM	31415
	SBL	1
	0.395113	0
	0.000000
PRED	H-SSM	31415
	SBL	1
	0.395113	0
	0.000000
PRED	H-SSM	31415
	SBL	1
	0.395113	0
	0.000000
PRED	H-SSM	31415
	SBL	1
	0.395113	0
	0.000000
PRED	H-SSM	31415
	SBL	1
	0.395113	0
	0.000000
PRED	H-SSM	31415
	SBL	1
	0.395113	0
	0.000000
PRED	H-SSM	31415
	SBL	1
	0.395113	0
	0.000000
PRED	H-SSM	31415
	SBL	1
	0.395113	0
	0.000000
PRED	H-SSM	31415
	SBL	1
	0.395113	0
	0.000000
PRED	H-SSM	31415
	SBL	1
	0.395113	0
	0.000000
PRED	H-SSM	31415
	SBL	1
	0.395113	0
	0.000000
PRED	H-SSM	31415
	SBL	1
	0.395113	0
	0.000000
PRED	H-SSM	31415
	SBL	0
	0.395113	0
	0.000000
PRED	H-SSM	31415
	SBL	0
	0.395113	0
	0.000000
PRED	H-SSM	31415
	SBL	0
	0.395113	0
	0.000000
PRED	H-SSM	31415
	SBL	0
	0.395113	0
	0.000000
PRED	H-SSM	31415
	SBL	0
	0.395113	0
	0.000000
PRED	H-SSM	31415
	SBL	0
	0.395113	0
	0.000000
PRED	H-SSM	31415
	SBL	0
	0.395113	0
	0.000000
PRED	H-SSM	31415
	SBL	0
	0.395113	0
	0.000000
PRED	H-SSM	31415
	SBL	0
	0.395113	0
	0.000000
PRED	H-SSM	31415
	SBL	0
	0.395113	0
	0.000000
PRED	H-SSM	31415
	SBL	0
	0.395113	0
	0.000000
PRED	H-SSM	31415
	SBL	0
	0.395113	0
	0.000000
PRED	H-SSM	31415
	LEUVEN_1	1
	0.568283	1
	0.000000
PRED	H-SSM	31415
	LEUVEN_1	1
	0.568283	1
	0.000000
PRED	H-SSM	31415
	LEUVEN_1	1
	0.568283	1
	0.000000
PRED	H-SSM	31415
	LEUVEN_1	1
	0.568283	1
	0.000000
PRED	H-SSM	31415
	LEUVEN_1	1
	0.568283	1
	0.000000
PRED	H-SSM	31415
	LEUVEN_1	1
	0.568283	1
	0.000000
PRED	H-SSM	31415
	LEUVEN_1	1
	0.568283	1
	0.000000
PRED	H-SSM	31415
	LEUVEN_1	1
	0.568283	1
	0.000000
PRED	H-SSM	31415
	LEUVEN_1	1
	0.568283	1
	0.000000
PRED	H-SSM	31415
	LEUVEN_1	1
	0.568283	1
	0.000000
PRED	H-SSM	31415
	LEUVEN_1	1
	0.568283	1
	0.000000
PRED	H-SSM	31415
	LEUVEN_1	1
	0.568283	1
	0.000000
PRED	H-SSM	31415
	LEUVEN_1	0
	0.568283	1
	0.000000
PRED	H-SSM	31415
	LEUVEN_1	0
	0.568283	1
	0.000000
PRED	H-SSM	31415
	LEUVEN_1	0
	0.568283	1
	0.000000
PRED	H-SSM	31415
	LEUVEN_1	0
	0.568283	1
	0.000000
PRED	H-SSM	31415
	LEUVEN_1	0
	0.568283	1
	0.000000
PRED	H-SSM	31415
	LEUVEN_1	0
	0.568283	1
	0.000000
PRED	H-SSM	31415
	LEUVEN_1	0
	0.568283	1
	0.000000
PRED	H-SSM	31415
	LEUVEN_1	0
	0.568283	1
	0.000000
PRED	H-SSM	31415
	LEUVEN_1	0
	0.568283	1
	0.000000
PRED	H-SSM	31415
	LEUVEN_1	0
	0.568283	1
	0.000000
PRED	H-SSM	31415
	LEUVEN_1	0
	0.568283	1
	0.000000
PRED	H-SSM	31415
	LEUVEN_1	0
	0.568283	1
	0.000000
PRED	H-SSM	31415
	SDSU	1
	0.444072	0
	0.000000
PRED	H-SSM	31415
	SDSU	1
	0.444072	0
	0.000000
PRED	H-SSM	31415
	SDSU	1
	0.444072	0
	0.000000
PRED	H-SSM	31415
	SDSU	1
	0.444072	0
	0.000000
PRED	H-SSM	31415
	SDSU	1
	0.444072	0
	0.000000
PRED	H-SSM	31415
	SDSU	1
	0.444072	0
	0.000000
PRED	H-SSM	31415
	SDSU	1
	0.444072	0
	0.000000
PRED	H-SSM	31415
	SDSU	1
	0.444072	0
	0.000000
PRED	H-SSM	31415
	SDSU	1
	0.444072	0
	0.000000
PRED	H-SSM	31415
	SDSU	1
	0.444072	0
	0.000000
PRED	H-SSM	31415
	SDSU	1
	0.444072	0
	0.000000
PRED	H-SSM	31415
	SDSU	1
	0.444072	0
	0.000000
PRED	H-SSM	31415
	SDSU	0
	0.444072	0
	0.000000
PRED	H-SSM	31415
	SDSU	0
	0.444072	0
	0.000000
PRED	H-SSM	31415
	SDSU	0
	0.444072	0
	0.000000
PRED	H-SSM	31415
	SDSU	0
	0.444072	0
	0.000000
PRED	H-SSM	31415
	SDSU	0
	0.444072	0
	0.000000
PRED	H-SSM	31415
	SDSU	0
	0.444072	0
	0.000000
PRED	H-SSM	31415
	SDSU	0
	0.444072	0
	0.000000
PRED	H-SSM	31415
	SDSU	0
	0.444072	0
	0.000000
PRED	H-SSM	31415
	SDSU	0
	0.444072	0
	0.000000
PRED	H-SSM	31415
	SDSU	0
	0.444072	0
	0.000000
PRED	H-SSM	31415
	SDSU	0
	0.444072	0
	0.000000
PRED	H-SSM	31415
	SDSU	0
	0.444072	0
	0.000000
PRED	H-SSM	31415
	CMU	1
	0.677426	1
	0.000000
PRED	H-SSM	31415
	CMU	1
	0.677426	1
	0.000000
PRED	H-SSM	31415
	CMU	1
	0.677426	1
	0.000000
PRED	H-SSM	31415
	CMU	1
	0.677426	1
	0.000000
PRED	H-SSM	31415
	CMU	1
	0.677426	1
	0.000000
PRED	H-SSM	31415
	CMU	1
	0.677426	1
	0.000000
PRED	H-SSM	31415
	CMU	1
	0.677426	1
	0.000000
PRED	H-SSM	31415
	CMU	1
	0.677426	1
	0.000000
PRED	H-SSM	31415
	CMU	1
	0.677426	1
	0.000000
PRED	H-SSM	31415
	CMU	1
	0.677426	1
	0.000000
PRED	H-SSM	31415
	CMU	1
	0.677426	1
	0.000000
PRED	H-SSM	31415
	CMU	1
	0.677426	1
	0.000000
PRED	H-SSM	31415
	CMU	0
	0.677426	1
	0.000000
PRED	H-SSM	31415
	CMU	0
	0.677426	1
	0.000000
PRED	H-SSM	31415
	CMU	0
	0.677426	1
	0.000000
PRED	H-SSM	31415
	CMU	0
	0.677426	1
	0.000000
PRED	H-SSM	31415
	CMU	0
	0.677426	1
	0.000000
PRED	H-SSM	31415
	CMU	0
	0.677426	1
	0.000000
PRED	H-SSM	31415
	CMU	0
	0.677426	1
	0.000000
PRED	H-SSM	31415
	CMU	0
	0.677426	1
	0.000000
PRED	H-SSM	31415
	CMU	0
	0.677426	1
	0.000000
PRED	H-SSM	31415
	CMU	0
	0.677426	1
	0.000000
PRED	H-SSM	31415
	CMU	0
	0.677426	1
	0.000000
PRED	H-SSM	31415
	CMU	0
	0.677426	1
	0.000000
PRED	H-SSM	31415
	UCLA_2	1
	0.304134	0
	0.000000
PRED	H-SSM	31415
	UCLA_2	1
	0.304134	0
	0.000000
PRED	H-SSM	31415
	UCLA_2	1
	0.304134	0
	0.000000
PRED	H-SSM	31415
	UCLA_2	1
	0.304134	0
	0.000000
PRED	H-SSM	31415
	UCLA_2	1
	0.304134	0
	0.000000
PRED	H-SSM	31415
	UCLA_2	1
	0.304134	0
	0.000000
PRED	H-SSM	31415
	UCLA_2	1
	0.304134	0
	0.000000
PRED	H-SSM	31415
	UCLA_2	1
	0.304134	0
	0.000000
PRED	H-SSM	31415
	UCLA_2	1
	0.304134	0
	0.000000
PRED	H-SSM	31415
	UCLA_2	1
	0.304134	0
	0.000000
PRED	H-SSM	31415
	UCLA_2	1
	0.304134	0
	0.000000
PRED	H-SSM	31415
	UCLA_2	1
	0.304134	0
	0.000000
PRED	H-SSM	31415
	UCLA_2	0
	0.304134	0
	0.000000
PRED	H-SSM	31415
	UCLA_2	0
	0.304134	0
	0.000000
PRED	H-SSM	31415
	UCLA_2	0
	0.304134	0
	0.000000
PRED	H-SSM	31415
	UCLA_2	0
	0.304134	0
	0.000000
PRED	H-SSM	31415
	UCLA_2	0
	0.304134	0
	0.000000
PRED	H-SSM	31415
	UCLA_2	0
	0.304134	0
	0.000000
PRED	H-SSM	31415
	UCLA_2	0
	0.304134	0
	0.000000
PRED	H-SSM	31415
	UCLA_2	0
	0.304134	0
	0.000000
PRED	H-SSM	31415
	UCLA_2	0
	0.304134	0
	0.000000
PRED	H-SSM	31415
	UCLA_2	0
	0.304134	0
	0.000000
PRED	H-SSM	31415
	UCLA_2	0
	0.304134	0
	0.000000
PRED	H-SSM	31415
	UCLA_2	0
	0.304134	0
	0.000000
PRED	H-SSM	31415
	UM_2	1
	0.472850	0
	0.000000
PRED	H-SSM	31415
	UM_2	1
	0.472850	0
	0.000000
PRED	H-SSM	31415
	UM_2	1
	0.472850	0
	0.000000
PRED	H-SSM	31415
	UM_2	1
	0.472850	0
	0.000000
PRED	H-SSM	31415
	UM_2	1
	0.472850	0
	0.000000
PRED	H-SSM	31415
	UM_2	1
	0.472850	0
	0.000000
PRED	H-SSM	31415
	UM_2	1
	0.472850	0
	0.000000
PRED	H-SSM	31415
	UM_2	1
	0.472850	0
	0.000000
PRED	H-SSM	31415
	UM_2	1
	0.472850	0
	0.000000
PRED	H-SSM	31415
	UM_2	1
	0.472850	0
	0.000000
PRED	H-SSM	31415
	UM_2	1
	0.472850	0
	0.000000
PRED	H-SSM	31415
	UM_2	1
	0.472850	0
	0.000000
PRED	H-SSM	31415
	UM_2	0
	0.472850	0
	0.000000
PRED	H-SSM	31415
	UM_2	0
	0.472850	0
	0.000000
PRED	H-SSM	31415
	UM_2	0
	0.472850	0
	0.000000
PRED	H-SSM	31415
	UM_2	0
	0.472850	0
	0.000000
PRED	H-SSM	31415
	UM_2	0
	0.472850	0
	0.000000
PRED	H-SSM	31415
	UM_2	0
	0.472850	0
	0.000000
PRED	H-SSM	31415
	UM_2	0
	0.472850	0
	0.000000
PRED	H-SSM	31415
	UM_2	0
	0.472850	0
	0.000000
PRED	H-SSM	31415
	UM_2	0
	0.472850	0
	0.000000
PRED	H-SSM	31415
	UM_2	0
	0.472850	0
	0.000000
PRED	H-SSM	31415
	UM_2	0
	0.472850	0
	0.000000
PRED	H-SSM	31415
	UM_2	0
	0.472850	0
	0.000000
PRED	H-SSM	31415
	OHSU	1
	0.428335	0
	0.000000
PRED	H-SSM	31415
	OHSU	1
	0.428335	0
	0.000000
PRED	H-SSM	31415
	OHSU	1
	0.428335	0
	0.000000
PRED	H-SSM	31415
	OHSU	1
	0.428335	0
	0.000000
PRED	H-SSM	31415
	OHSU	1
	0.428335	0
	0.000000
PRED	H-SSM	31415
	OHSU	1
	0.428335	0
	0.000000
PRED	H-SSM	31415
	OHSU	1
	0.428335	0
	0.000000
PRED	H-SSM	31415
	OHSU	1
	0.428335	0
	0.000000
PRED	H-SSM	31415
	OHSU	1
	0.428335	0
	0.000000
PRED	H-SSM	31415
	OHSU	1
	0.428335	0
	0.000000
PRED	H-SSM	31415
	OHSU	1
	0.428335	0
	0.000000
PRED	H-SSM	31415
	OHSU	1
	0.428335	0
	0.000000
PRED	H-SSM	31415
	OHSU	0
	0.428335	0
	0.000000
PRED	H-SSM	31415
	OHSU	0
	0.428335	0
	0.000000
PRED	H-SSM	31415
	OHSU	0
	0.428335	0
	0.000000
PRED	H-SSM	31415
	OHSU	0
	0.428335	0
	0.000000
PRED	H-SSM	31415
	OHSU	0
	0.428335	0
	0.000000
PRED	H-SSM	31415
	OHSU	0
	0.428335	0
	0.000000
PRED	H-SSM	31415
	OHSU	0
	0.428335	0
	0.000000
PRED	H-SSM	31415
	OHSU	0
	0.428335	0
	0.000000
PRED	H-SSM	31415
	OHSU	0
	0.428335	0
	0.000000
PRED	H-SSM	31415
	OHSU	0
	0.428335	0
	0.000000
PRED	H-SSM	31415
	OHSU	0
	0.428335	0
	0.000000
PRED	H-SSM	31415
	OHSU	0
	0.428335	0
	0.000000
  H-SSM    31415
   acc=50.000000% bal=50.000000% sites=20
/20
 test_n=500
 assoc=0.000000
PRED	H-SSM	27182
	NYU	1
	0.267234	0
	0.000000
PRED	H-SSM	27182
	NYU	1
	0.267234	0
	0.000000
PRED	H-SSM	27182
	NYU	1
	0.267234	0
	0.000000
PRED	H-SSM	27182
	NYU	1
	0.267234	0
	0.000000
PRED	H-SSM	27182
	NYU	1
	0.267234	0
	0.000000
PRED	H-SSM	27182
	NYU	1
	0.267234	0
	0.000000
PRED	H-SSM	27182
	NYU	1
	0.267234	0
	0.000000
PRED	H-SSM	27182
	NYU	1
	0.267234	0
	0.000000
PRED	H-SSM	27182
	NYU	1
	0.267234	0
	0.000000
PRED	H-SSM	27182
	NYU	1
	0.267234	0
	0.000000
PRED	H-SSM	27182
	NYU	1
	0.267234	0
	0.000000
PRED	H-SSM	27182
	NYU	1
	0.267234	0
	0.000000
PRED	H-SSM	27182
	NYU	1
	0.267234	0
	0.000000
PRED	H-SSM	27182
	NYU	0
	0.267234	0
	0.000000
PRED	H-SSM	27182
	NYU	0
	0.267234	0
	0.000000
PRED	H-SSM	27182
	NYU	0
	0.267234	0
	0.000000
PRED	H-SSM	27182
	NYU	0
	0.267234	0
	0.000000
PRED	H-SSM	27182
	NYU	0
	0.267234	0
	0.000000
PRED	H-SSM	27182
	NYU	0
	0.267234	0
	0.000000
PRED	H-SSM	27182
	NYU	0
	0.267234	0
	0.000000
PRED	H-SSM	27182
	NYU	0
	0.267234	0
	0.000000
PRED	H-SSM	27182
	NYU	0
	0.267234	0
	0.000000
PRED	H-SSM	27182
	NYU	0
	0.267234	0
	0.000000
PRED	H-SSM	27182
	NYU	0
	0.267234	0
	0.000000
PRED	H-SSM	27182
	NYU	0
	0.267234	0
	0.000000
PRED	H-SSM	27182
	NYU	0
	0.267234	0
	0.000000
PRED	H-SSM	27182
	UM_1	1
	0.451207	0
	0.000000
PRED	H-SSM	27182
	UM_1	1
	0.451207	0
	0.000000
PRED	H-SSM	27182
	UM_1	1
	0.451207	0
	0.000000
PRED	H-SSM	27182
	UM_1	1
	0.451207	0
	0.000000
PRED	H-SSM	27182
	UM_1	1
	0.451207	0
	0.000000
PRED	H-SSM	27182
	UM_1	1
	0.451207	0
	0.000000
PRED	H-SSM	27182
	UM_1	1
	0.451207	0
	0.000000
PRED	H-SSM	27182
	UM_1	1
	0.451207	0
	0.000000
PRED	H-SSM	27182
	UM_1	1
	0.451207	0
	0.000000
PRED	H-SSM	27182
	UM_1	1
	0.451207	0
	0.000000
PRED	H-SSM	27182
	UM_1	1
	0.451207	0
	0.000000
PRED	H-SSM	27182
	UM_1	1
	0.451207	0
	0.000000
PRED	H-SSM	27182
	UM_1	1
	0.451207	0
	0.000000
PRED	H-SSM	27182
	UM_1	0
	0.451207	0
	0.000000
PRED	H-SSM	27182
	UM_1	0
	0.451207	0
	0.000000
PRED	H-SSM	27182
	UM_1	0
	0.451207	0
	0.000000
PRED	H-SSM	27182
	UM_1	0
	0.451207	0
	0.000000
PRED	H-SSM	27182
	UM_1	0
	0.451207	0
	0.000000
PRED	H-SSM	27182
	UM_1	0
	0.451207	0
	0.000000
PRED	H-SSM	27182
	UM_1	0
	0.451207	0
	0.000000
PRED	H-SSM	27182
	UM_1	0
	0.451207	0
	0.000000
PRED	H-SSM	27182
	UM_1	0
	0.451207	0
	0.000000
PRED	H-SSM	27182
	UM_1	0
	0.451207	0
	0.000000
PRED	H-SSM	27182
	UM_1	0
	0.451207	0
	0.000000
PRED	H-SSM	27182
	UM_1	0
	0.451207	0
	0.000000
PRED	H-SSM	27182
	UM_1	0
	0.451207	0
	0.000000
PRED	H-SSM	27182
	UCLA_1	1
	0.507741	1
	0.000000
PRED	H-SSM	27182
	UCLA_1	1
	0.507741	1
	0.000000
PRED	H-SSM	27182
	UCLA_1	1
	0.507741	1
	0.000000
PRED	H-SSM	27182
	UCLA_1	1
	0.507741	1
	0.000000
PRED	H-SSM	27182
	UCLA_1	1
	0.507741	1
	0.000000
PRED	H-SSM	27182
	UCLA_1	1
	0.507741	1
	0.000000
PRED	H-SSM	27182
	UCLA_1	1
	0.507741	1
	0.000000
PRED	H-SSM	27182
	UCLA_1	1
	0.507741	1
	0.000000
PRED	H-SSM	27182
	UCLA_1	1
	0.507741	1
	0.000000
PRED	H-SSM	27182
	UCLA_1	1
	0.507741	1
	0.000000
PRED	H-SSM	27182
	UCLA_1	1
	0.507741	1
	0.000000
PRED	H-SSM	27182
	UCLA_1	1
	0.507741	1
	0.000000
PRED	H-SSM	27182
	UCLA_1	1
	0.507741	1
	0.000000
PRED	H-SSM	27182
	UCLA_1	0
	0.507741	1
	0.000000
PRED	H-SSM	27182
	UCLA_1	0
	0.507741	1
	0.000000
PRED	H-SSM	27182
	UCLA_1	0
	0.507741	1
	0.000000
PRED	H-SSM	27182
	UCLA_1	0
	0.507741	1
	0.000000
PRED	H-SSM	27182
	UCLA_1	0
	0.507741	1
	0.000000
PRED	H-SSM	27182
	UCLA_1	0
	0.507741	1
	0.000000
PRED	H-SSM	27182
	UCLA_1	0
	0.507741	1
	0.000000
PRED	H-SSM	27182
	UCLA_1	0
	0.507741	1
	0.000000
PRED	H-SSM	27182
	UCLA_1	0
	0.507741	1
	0.000000
PRED	H-SSM	27182
	UCLA_1	0
	0.507741	1
	0.000000
PRED	H-SSM	27182
	UCLA_1	0
	0.507741	1
	0.000000
PRED	H-SSM	27182
	UCLA_1	0
	0.507741	1
	0.000000
PRED	H-SSM	27182
	UCLA_1	0
	0.507741	1
	0.000000
PRED	H-SSM	27182
	YALE	1
	0.348864	0
	0.000000
PRED	H-SSM	27182
	YALE	1
	0.348864	0
	0.000000
PRED	H-SSM	27182
	YALE	1
	0.348864	0
	0.000000
PRED	H-SSM	27182
	YALE	1
	0.348864	0
	0.000000
PRED	H-SSM	27182
	YALE	1
	0.348864	0
	0.000000
PRED	H-SSM	27182
	YALE	1
	0.348864	0
	0.000000
PRED	H-SSM	27182
	YALE	1
	0.348864	0
	0.000000
PRED	H-SSM	27182
	YALE	1
	0.348864	0
	0.000000
PRED	H-SSM	27182
	YALE	1
	0.348864	0
	0.000000
PRED	H-SSM	27182
	YALE	1
	0.348864	0
	0.000000
PRED	H-SSM	27182
	YALE	1
	0.348864	0
	0.000000
PRED	H-SSM	27182
	YALE	1
	0.348864	0
	0.000000
PRED	H-SSM	27182
	YALE	1
	0.348864	0
	0.000000
PRED	H-SSM	27182
	YALE	0
	0.348864	0
	0.000000
PRED	H-SSM	27182
	YALE	0
	0.348864	0
	0.000000
PRED	H-SSM	27182
	YALE	0
	0.348864	0
	0.000000
PRED	H-SSM	27182
	YALE	0
	0.348864	0
	0.000000
PRED	H-SSM	27182
	YALE	0
	0.348864	0
	0.000000
PRED	H-SSM	27182
	YALE	0
	0.348864	0
	0.000000
PRED	H-SSM	27182
	YALE	0
	0.348864	0
	0.000000
PRED	H-SSM	27182
	YALE	0
	0.348864	0
	0.000000
PRED	H-SSM	27182
	YALE	0
	0.348864	0
	0.000000
PRED	H-SSM	27182
	YALE	0
	0.348864	0
	0.000000
PRED	H-SSM	27182
	YALE	0
	0.348864	0
	0.000000
PRED	H-SSM	27182
	YALE	0
	0.348864	0
	0.000000
PRED	H-SSM	27182
	YALE	0
	0.348864	0
	0.000000
PRED	H-SSM	27182
	PITT	1
	0.464125	0
	0.000000
PRED	H-SSM	27182
	PITT	1
	0.464125	0
	0.000000
PRED	H-SSM	27182
	PITT	1
	0.464125	0
	0.000000
PRED	H-SSM	27182
	PITT	1
	0.464125	0
	0.000000
PRED	H-SSM	27182
	PITT	1
	0.464125	0
	0.000000
PRED	H-SSM	27182
	PITT	1
	0.464125	0
	0.000000
PRED	H-SSM	27182
	PITT	1
	0.464125	0
	0.000000
PRED	H-SSM	27182
	PITT	1
	0.464125	0
	0.000000
PRED	H-SSM	27182
	PITT	1
	0.464125	0
	0.000000
PRED	H-SSM	27182
	PITT	1
	0.464125	0
	0.000000
PRED	H-SSM	27182
	PITT	1
	0.464125	0
	0.000000
PRED	H-SSM	27182
	PITT	1
	0.464125	0
	0.000000
PRED	H-SSM	27182
	PITT	1
	0.464125	0
	0.000000
PRED	H-SSM	27182
	PITT	0
	0.464125	0
	0.000000
PRED	H-SSM	27182
	PITT	0
	0.464125	0
	0.000000
PRED	H-SSM	27182
	PITT	0
	0.464125	0
	0.000000
PRED	H-SSM	27182
	PITT	0
	0.464125	0
	0.000000
PRED	H-SSM	27182
	PITT	0
	0.464125	0
	0.000000
PRED	H-SSM	27182
	PITT	0
	0.464125	0
	0.000000
PRED	H-SSM	27182
	PITT	0
	0.464125	0
	0.000000
PRED	H-SSM	27182
	PITT	0
	0.464125	0
	0.000000
PRED	H-SSM	27182
	PITT	0
	0.464125	0
	0.000000
PRED	H-SSM	27182
	PITT	0
	0.464125	0
	0.000000
PRED	H-SSM	27182
	PITT	0
	0.464125	0
	0.000000
PRED	H-SSM	27182
	PITT	0
	0.464125	0
	0.000000
PRED	H-SSM	27182
	PITT	0
	0.464125	0
	0.000000
PRED	H-SSM	27182
	USM	1
	0.567098	1
	0.000000
PRED	H-SSM	27182
	USM	1
	0.567098	1
	0.000000
PRED	H-SSM	27182
	USM	1
	0.567098	1
	0.000000
PRED	H-SSM	27182
	USM	1
	0.567098	1
	0.000000
PRED	H-SSM	27182
	USM	1
	0.567098	1
	0.000000
PRED	H-SSM	27182
	USM	1
	0.567098	1
	0.000000
PRED	H-SSM	27182
	USM	1
	0.567098	1
	0.000000
PRED	H-SSM	27182
	USM	1
	0.567098	1
	0.000000
PRED	H-SSM	27182
	USM	1
	0.567098	1
	0.000000
PRED	H-SSM	27182
	USM	1
	0.567098	1
	0.000000
PRED	H-SSM	27182
	USM	1
	0.567098	1
	0.000000
PRED	H-SSM	27182
	USM	1
	0.567098	1
	0.000000
PRED	H-SSM	27182
	USM	1
	0.567098	1
	0.000000
PRED	H-SSM	27182
	USM	0
	0.567098	1
	0.000000
PRED	H-SSM	27182
	USM	0
	0.567098	1
	0.000000
PRED	H-SSM	27182
	USM	0
	0.567098	1
	0.000000
PRED	H-SSM	27182
	USM	0
	0.567098	1
	0.000000
PRED	H-SSM	27182
	USM	0
	0.567098	1
	0.000000
PRED	H-SSM	27182
	USM	0
	0.567098	1
	0.000000
PRED	H-SSM	27182
	USM	0
	0.567098	1
	0.000000
PRED	H-SSM	27182
	USM	0
	0.567098	1
	0.000000
PRED	H-SSM	27182
	USM	0
	0.567098	1
	0.000000
PRED	H-SSM	27182
	USM	0
	0.567098	1
	0.000000
PRED	H-SSM	27182
	USM	0
	0.567098	1
	0.000000
PRED	H-SSM	27182
	USM	0
	0.567098	1
	0.000000
PRED	H-SSM	27182
	USM	0
	0.567098	1
	0.000000
PRED	H-SSM	27182
	MAX_MUN	1
	0.327262	0
	0.000000
PRED	H-SSM	27182
	MAX_MUN	1
	0.327262	0
	0.000000
PRED	H-SSM	27182
	MAX_MUN	1
	0.327262	0
	0.000000
PRED	H-SSM	27182
	MAX_MUN	1
	0.327262	0
	0.000000
PRED	H-SSM	27182
	MAX_MUN	1
	0.327262	0
	0.000000
PRED	H-SSM	27182
	MAX_MUN	1
	0.327262	0
	0.000000
PRED	H-SSM	27182
	MAX_MUN	1
	0.327262	0
	0.000000
PRED	H-SSM	27182
	MAX_MUN	1
	0.327262	0
	0.000000
PRED	H-SSM	27182
	MAX_MUN	1
	0.327262	0
	0.000000
PRED	H-SSM	27182
	MAX_MUN	1
	0.327262	0
	0.000000
PRED	H-SSM	27182
	MAX_MUN	1
	0.327262	0
	0.000000
PRED	H-SSM	27182
	MAX_MUN	1
	0.327262	0
	0.000000
PRED	H-SSM	27182
	MAX_MUN	1
	0.327262	0
	0.000000
PRED	H-SSM	27182
	MAX_MUN	0
	0.327262	0
	0.000000
PRED	H-SSM	27182
	MAX_MUN	0
	0.327262	0
	0.000000
PRED	H-SSM	27182
	MAX_MUN	0
	0.327262	0
	0.000000
PRED	H-SSM	27182
	MAX_MUN	0
	0.327262	0
	0.000000
PRED	H-SSM	27182
	MAX_MUN	0
	0.327262	0
	0.000000
PRED	H-SSM	27182
	MAX_MUN	0
	0.327262	0
	0.000000
PRED	H-SSM	27182
	MAX_MUN	0
	0.327262	0
	0.000000
PRED	H-SSM	27182
	MAX_MUN	0
	0.327262	0
	0.000000
PRED	H-SSM	27182
	MAX_MUN	0
	0.327262	0
	0.000000
PRED	H-SSM	27182
	MAX_MUN	0
	0.327262	0
	0.000000
PRED	H-SSM	27182
	MAX_MUN	0
	0.327262	0
	0.000000
PRED	H-SSM	27182
	MAX_MUN	0
	0.327262	0
	0.000000
PRED	H-SSM	27182
	MAX_MUN	0
	0.327262	0
	0.000000
PRED	H-SSM	27182
	TRINITY	1
	0.412230	0
	0.000000
PRED	H-SSM	27182
	TRINITY	1
	0.412230	0
	0.000000
PRED	H-SSM	27182
	TRINITY	1
	0.412230	0
	0.000000
PRED	H-SSM	27182
	TRINITY	1
	0.412230	0
	0.000000
PRED	H-SSM	27182
	TRINITY	1
	0.412230	0
	0.000000
PRED	H-SSM	27182
	TRINITY	1
	0.412230	0
	0.000000
PRED	H-SSM	27182
	TRINITY	1
	0.412230	0
	0.000000
PRED	H-SSM	27182
	TRINITY	1
	0.412230	0
	0.000000
PRED	H-SSM	27182
	TRINITY	1
	0.412230	0
	0.000000
PRED	H-SSM	27182
	TRINITY	1
	0.412230	0
	0.000000
PRED	H-SSM	27182
	TRINITY	1
	0.412230	0
	0.000000
PRED	H-SSM	27182
	TRINITY	1
	0.412230	0
	0.000000
PRED	H-SSM	27182
	TRINITY	1
	0.412230	0
	0.000000
PRED	H-SSM	27182
	TRINITY	0
	0.412230	0
	0.000000
PRED	H-SSM	27182
	TRINITY	0
	0.412230	0
	0.000000
PRED	H-SSM	27182
	TRINITY	0
	0.412230	0
	0.000000
PRED	H-SSM	27182
	TRINITY	0
	0.412230	0
	0.000000
PRED	H-SSM	27182
	TRINITY	0
	0.412230	0
	0.000000
PRED	H-SSM	27182
	TRINITY	0
	0.412230	0
	0.000000
PRED	H-SSM	27182
	TRINITY	0
	0.412230	0
	0.000000
PRED	H-SSM	27182
	TRINITY	0
	0.412230	0
	0.000000
PRED	H-SSM	27182
	TRINITY	0
	0.412230	0
	0.000000
PRED	H-SSM	27182
	TRINITY	0
	0.412230	0
	0.000000
PRED	H-SSM	27182
	TRINITY	0
	0.412230	0
	0.000000
PRED	H-SSM	27182
	TRINITY	0
	0.412230	0
	0.000000
PRED	H-SSM	27182
	TRINITY	0
	0.412230	0
	0.000000
PRED	H-SSM	27182
	KKI	1
	0.595795	1
	0.000000
PRED	H-SSM	27182
	KKI	1
	0.595795	1
	0.000000
PRED	H-SSM	27182
	KKI	1
	0.595795	1
	0.000000
PRED	H-SSM	27182
	KKI	1
	0.595795	1
	0.000000
PRED	H-SSM	27182
	KKI	1
	0.595795	1
	0.000000
PRED	H-SSM	27182
	KKI	1
	0.595795	1
	0.000000
PRED	H-SSM	27182
	KKI	1
	0.595795	1
	0.000000
PRED	H-SSM	27182
	KKI	1
	0.595795	1
	0.000000
PRED	H-SSM	27182
	KKI	1
	0.595795	1
	0.000000
PRED	H-SSM	27182
	KKI	1
	0.595795	1
	0.000000
PRED	H-SSM	27182
	KKI	1
	0.595795	1
	0.000000
PRED	H-SSM	27182
	KKI	1
	0.595795	1
	0.000000
PRED	H-SSM	27182
	KKI	1
	0.595795	1
	0.000000
PRED	H-SSM	27182
	KKI	0
	0.595795	1
	0.000000
PRED	H-SSM	27182
	KKI	0
	0.595795	1
	0.000000
PRED	H-SSM	27182
	KKI	0
	0.595795	1
	0.000000
PRED	H-SSM	27182
	KKI	0
	0.595795	1
	0.000000
PRED	H-SSM	27182
	KKI	0
	0.595795	1
	0.000000
PRED	H-SSM	27182
	KKI	0
	0.595795	1
	0.000000
PRED	H-SSM	27182
	KKI	0
	0.595795	1
	0.000000
PRED	H-SSM	27182
	KKI	0
	0.595795	1
	0.000000
PRED	H-SSM	27182
	KKI	0
	0.595795	1
	0.000000
PRED	H-SSM	27182
	KKI	0
	0.595795	1
	0.000000
PRED	H-SSM	27182
	KKI	0
	0.595795	1
	0.000000
PRED	H-SSM	27182
	KKI	0
	0.595795	1
	0.000000
PRED	H-SSM	27182
	KKI	0
	0.595795	1
	0.000000
PRED	H-SSM	27182
	STANFORD	1
	0.535644	1
	0.000000
PRED	H-SSM	27182
	STANFORD	1
	0.535644	1
	0.000000
PRED	H-SSM	27182
	STANFORD	1
	0.535644	1
	0.000000
PRED	H-SSM	27182
	STANFORD	1
	0.535644	1
	0.000000
PRED	H-SSM	27182
	STANFORD	1
	0.535644	1
	0.000000
PRED	H-SSM	27182
	STANFORD	1
	0.535644	1
	0.000000
PRED	H-SSM	27182
	STANFORD	1
	0.535644	1
	0.000000
PRED	H-SSM	27182
	STANFORD	1
	0.535644	1
	0.000000
PRED	H-SSM	27182
	STANFORD	1
	0.535644	1
	0.000000
PRED	H-SSM	27182
	STANFORD	1
	0.535644	1
	0.000000
PRED	H-SSM	27182
	STANFORD	1
	0.535644	1
	0.000000
PRED	H-SSM	27182
	STANFORD	1
	0.535644	1
	0.000000
PRED	H-SSM	27182
	STANFORD	1
	0.535644	1
	0.000000
PRED	H-SSM	27182
	STANFORD	0
	0.535644	1
	0.000000
PRED	H-SSM	27182
	STANFORD	0
	0.535644	1
	0.000000
PRED	H-SSM	27182
	STANFORD	0
	0.535644	1
	0.000000
PRED	H-SSM	27182
	STANFORD	0
	0.535644	1
	0.000000
PRED	H-SSM	27182
	STANFORD	0
	0.535644	1
	0.000000
PRED	H-SSM	27182
	STANFORD	0
	0.535644	1
	0.000000
PRED	H-SSM	27182
	STANFORD	0
	0.535644	1
	0.000000
PRED	H-SSM	27182
	STANFORD	0
	0.535644	1
	0.000000
PRED	H-SSM	27182
	STANFORD	0
	0.535644	1
	0.000000
PRED	H-SSM	27182
	STANFORD	0
	0.535644	1
	0.000000
PRED	H-SSM	27182
	STANFORD	0
	0.535644	1
	0.000000
PRED	H-SSM	27182
	STANFORD	0
	0.535644	1
	0.000000
PRED	H-SSM	27182
	STANFORD	0
	0.535644	1
	0.000000
PRED	H-SSM	27182
	CALTECH	1
	0.449555	0
	0.000000
PRED	H-SSM	27182
	CALTECH	1
	0.449555	0
	0.000000
PRED	H-SSM	27182
	CALTECH	1
	0.449555	0
	0.000000
PRED	H-SSM	27182
	CALTECH	1
	0.449555	0
	0.000000
PRED	H-SSM	27182
	CALTECH	1
	0.449555	0
	0.000000
PRED	H-SSM	27182
	CALTECH	1
	0.449555	0
	0.000000
PRED	H-SSM	27182
	CALTECH	1
	0.449555	0
	0.000000
PRED	H-SSM	27182
	CALTECH	1
	0.449555	0
	0.000000
PRED	H-SSM	27182
	CALTECH	1
	0.449555	0
	0.000000
PRED	H-SSM	27182
	CALTECH	1
	0.449555	0
	0.000000
PRED	H-SSM	27182
	CALTECH	1
	0.449555	0
	0.000000
PRED	H-SSM	27182
	CALTECH	1
	0.449555	0
	0.000000
PRED	H-SSM	27182
	CALTECH	0
	0.449555	0
	0.000000
PRED	H-SSM	27182
	CALTECH	0
	0.449555	0
	0.000000
PRED	H-SSM	27182
	CALTECH	0
	0.449555	0
	0.000000
PRED	H-SSM	27182
	CALTECH	0
	0.449555	0
	0.000000
PRED	H-SSM	27182
	CALTECH	0
	0.449555	0
	0.000000
PRED	H-SSM	27182
	CALTECH	0
	0.449555	0
	0.000000
PRED	H-SSM	27182
	CALTECH	0
	0.449555	0
	0.000000
PRED	H-SSM	27182
	CALTECH	0
	0.449555	0
	0.000000
PRED	H-SSM	27182
	CALTECH	0
	0.449555	0
	0.000000
PRED	H-SSM	27182
	CALTECH	0
	0.449555	0
	0.000000
PRED	H-SSM	27182
	CALTECH	0
	0.449555	0
	0.000000
PRED	H-SSM	27182
	CALTECH	0
	0.449555	0
	0.000000
PRED	H-SSM	27182
	LEUVEN_2	1
	0.393526	0
	0.000000
PRED	H-SSM	27182
	LEUVEN_2	1
	0.393526	0
	0.000000
PRED	H-SSM	27182
	LEUVEN_2	1
	0.393526	0
	0.000000
PRED	H-SSM	27182
	LEUVEN_2	1
	0.393526	0
	0.000000
PRED	H-SSM	27182
	LEUVEN_2	1
	0.393526	0
	0.000000
PRED	H-SSM	27182
	LEUVEN_2	1
	0.393526	0
	0.000000
PRED	H-SSM	27182
	LEUVEN_2	1
	0.393526	0
	0.000000
PRED	H-SSM	27182
	LEUVEN_2	1
	0.393526	0
	0.000000
PRED	H-SSM	27182
	LEUVEN_2	1
	0.393526	0
	0.000000
PRED	H-SSM	27182
	LEUVEN_2	1
	0.393526	0
	0.000000
PRED	H-SSM	27182
	LEUVEN_2	1
	0.393526	0
	0.000000
PRED	H-SSM	27182
	LEUVEN_2	1
	0.393526	0
	0.000000
PRED	H-SSM	27182
	LEUVEN_2	0
	0.393526	0
	0.000000
PRED	H-SSM	27182
	LEUVEN_2	0
	0.393526	0
	0.000000
PRED	H-SSM	27182
	LEUVEN_2	0
	0.393526	0
	0.000000
PRED	H-SSM	27182
	LEUVEN_2	0
	0.393526	0
	0.000000
PRED	H-SSM	27182
	LEUVEN_2	0
	0.393526	0
	0.000000
PRED	H-SSM	27182
	LEUVEN_2	0
	0.393526	0
	0.000000
PRED	H-SSM	27182
	LEUVEN_2	0
	0.393526	0
	0.000000
PRED	H-SSM	27182
	LEUVEN_2	0
	0.393526	0
	0.000000
PRED	H-SSM	27182
	LEUVEN_2	0
	0.393526	0
	0.000000
PRED	H-SSM	27182
	LEUVEN_2	0
	0.393526	0
	0.000000
PRED	H-SSM	27182
	LEUVEN_2	0
	0.393526	0
	0.000000
PRED	H-SSM	27182
	LEUVEN_2	0
	0.393526	0
	0.000000
PRED	H-SSM	27182
	OLIN	1
	0.572923	1
	0.000000
PRED	H-SSM	27182
	OLIN	1
	0.572923	1
	0.000000
PRED	H-SSM	27182
	OLIN	1
	0.572923	1
	0.000000
PRED	H-SSM	27182
	OLIN	1
	0.572923	1
	0.000000
PRED	H-SSM	27182
	OLIN	1
	0.572923	1
	0.000000
PRED	H-SSM	27182
	OLIN	1
	0.572923	1
	0.000000
PRED	H-SSM	27182
	OLIN	1
	0.572923	1
	0.000000
PRED	H-SSM	27182
	OLIN	1
	0.572923	1
	0.000000
PRED	H-SSM	27182
	OLIN	1
	0.572923	1
	0.000000
PRED	H-SSM	27182
	OLIN	1
	0.572923	1
	0.000000
PRED	H-SSM	27182
	OLIN	1
	0.572923	1
	0.000000
PRED	H-SSM	27182
	OLIN	1
	0.572923	1
	0.000000
PRED	H-SSM	27182
	OLIN	0
	0.572923	1
	0.000000
PRED	H-SSM	27182
	OLIN	0
	0.572923	1
	0.000000
PRED	H-SSM	27182
	OLIN	0
	0.572923	1
	0.000000
PRED	H-SSM	27182
	OLIN	0
	0.572923	1
	0.000000
PRED	H-SSM	27182
	OLIN	0
	0.572923	1
	0.000000
PRED	H-SSM	27182
	OLIN	0
	0.572923	1
	0.000000
PRED	H-SSM	27182
	OLIN	0
	0.572923	1
	0.000000
PRED	H-SSM	27182
	OLIN	0
	0.572923	1
	0.000000
PRED	H-SSM	27182
	OLIN	0
	0.572923	1
	0.000000
PRED	H-SSM	27182
	OLIN	0
	0.572923	1
	0.000000
PRED	H-SSM	27182
	OLIN	0
	0.572923	1
	0.000000
PRED	H-SSM	27182
	OLIN	0
	0.572923	1
	0.000000
PRED	H-SSM	27182
	SBL	1
	0.497033	0
	0.000000
PRED	H-SSM	27182
	SBL	1
	0.497033	0
	0.000000
PRED	H-SSM	27182
	SBL	1
	0.497033	0
	0.000000
PRED	H-SSM	27182
	SBL	1
	0.497033	0
	0.000000
PRED	H-SSM	27182
	SBL	1
	0.497033	0
	0.000000
PRED	H-SSM	27182
	SBL	1
	0.497033	0
	0.000000
PRED	H-SSM	27182
	SBL	1
	0.497033	0
	0.000000
PRED	H-SSM	27182
	SBL	1
	0.497033	0
	0.000000
PRED	H-SSM	27182
	SBL	1
	0.497033	0
	0.000000
PRED	H-SSM	27182
	SBL	1
	0.497033	0
	0.000000
PRED	H-SSM	27182
	SBL	1
	0.497033	0
	0.000000
PRED	H-SSM	27182
	SBL	1
	0.497033	0
	0.000000
PRED	H-SSM	27182
	SBL	0
	0.497033	0
	0.000000
PRED	H-SSM	27182
	SBL	0
	0.497033	0
	0.000000
PRED	H-SSM	27182
	SBL	0
	0.497033	0
	0.000000
PRED	H-SSM	27182
	SBL	0
	0.497033	0
	0.000000
PRED	H-SSM	27182
	SBL	0
	0.497033	0
	0.000000
PRED	H-SSM	27182
	SBL	0
	0.497033	0
	0.000000
PRED	H-SSM	27182
	SBL	0
	0.497033	0
	0.000000
PRED	H-SSM	27182
	SBL	0
	0.497033	0
	0.000000
PRED	H-SSM	27182
	SBL	0
	0.497033	0
	0.000000
PRED	H-SSM	27182
	SBL	0
	0.497033	0
	0.000000
PRED	H-SSM	27182
	SBL	0
	0.497033	0
	0.000000
PRED	H-SSM	27182
	SBL	0
	0.497033	0
	0.000000
PRED	H-SSM	27182
	LEUVEN_1	1
	0.463871	0
	0.000000
PRED	H-SSM	27182
	LEUVEN_1	1
	0.463871	0
	0.000000
PRED	H-SSM	27182
	LEUVEN_1	1
	0.463871	0
	0.000000
PRED	H-SSM	27182
	LEUVEN_1	1
	0.463871	0
	0.000000
PRED	H-SSM	27182
	LEUVEN_1	1
	0.463871	0
	0.000000
PRED	H-SSM	27182
	LEUVEN_1	1
	0.463871	0
	0.000000
PRED	H-SSM	27182
	LEUVEN_1	1
	0.463871	0
	0.000000
PRED	H-SSM	27182
	LEUVEN_1	1
	0.463871	0
	0.000000
PRED	H-SSM	27182
	LEUVEN_1	1
	0.463871	0
	0.000000
PRED	H-SSM	27182
	LEUVEN_1	1
	0.463871	0
	0.000000
PRED	H-SSM	27182
	LEUVEN_1	1
	0.463871	0
	0.000000
PRED	H-SSM	27182
	LEUVEN_1	1
	0.463871	0
	0.000000
PRED	H-SSM	27182
	LEUVEN_1	0
	0.463871	0
	0.000000
PRED	H-SSM	27182
	LEUVEN_1	0
	0.463871	0
	0.000000
PRED	H-SSM	27182
	LEUVEN_1	0
	0.463871	0
	0.000000
PRED	H-SSM	27182
	LEUVEN_1	0
	0.463871	0
	0.000000
PRED	H-SSM	27182
	LEUVEN_1	0
	0.463871	0
	0.000000
PRED	H-SSM	27182
	LEUVEN_1	0
	0.463871	0
	0.000000
PRED	H-SSM	27182
	LEUVEN_1	0
	0.463871	0
	0.000000
PRED	H-SSM	27182
	LEUVEN_1	0
	0.463871	0
	0.000000
PRED	H-SSM	27182
	LEUVEN_1	0
	0.463871	0
	0.000000
PRED	H-SSM	27182
	LEUVEN_1	0
	0.463871	0
	0.000000
PRED	H-SSM	27182
	LEUVEN_1	0
	0.463871	0
	0.000000
PRED	H-SSM	27182
	LEUVEN_1	0
	0.463871	0
	0.000000
PRED	H-SSM	27182
	SDSU	1
	0.719713	1
	0.000000
PRED	H-SSM	27182
	SDSU	1
	0.719713	1
	0.000000
PRED	H-SSM	27182
	SDSU	1
	0.719713	1
	0.000000
PRED	H-SSM	27182
	SDSU	1
	0.719713	1
	0.000000
PRED	H-SSM	27182
	SDSU	1
	0.719713	1
	0.000000
PRED	H-SSM	27182
	SDSU	1
	0.719713	1
	0.000000
PRED	H-SSM	27182
	SDSU	1
	0.719713	1
	0.000000
PRED	H-SSM	27182
	SDSU	1
	0.719713	1
	0.000000
PRED	H-SSM	27182
	SDSU	1
	0.719713	1
	0.000000
PRED	H-SSM	27182
	SDSU	1
	0.719713	1
	0.000000
PRED	H-SSM	27182
	SDSU	1
	0.719713	1
	0.000000
PRED	H-SSM	27182
	SDSU	1
	0.719713	1
	0.000000
PRED	H-SSM	27182
	SDSU	0
	0.719713	1
	0.000000
PRED	H-SSM	27182
	SDSU	0
	0.719713	1
	0.000000
PRED	H-SSM	27182
	SDSU	0
	0.719713	1
	0.000000
PRED	H-SSM	27182
	SDSU	0
	0.719713	1
	0.000000
PRED	H-SSM	27182
	SDSU	0
	0.719713	1
	0.000000
PRED	H-SSM	27182
	SDSU	0
	0.719713	1
	0.000000
PRED	H-SSM	27182
	SDSU	0
	0.719713	1
	0.000000
PRED	H-SSM	27182
	SDSU	0
	0.719713	1
	0.000000
PRED	H-SSM	27182
	SDSU	0
	0.719713	1
	0.000000
PRED	H-SSM	27182
	SDSU	0
	0.719713	1
	0.000000
PRED	H-SSM	27182
	SDSU	0
	0.719713	1
	0.000000
PRED	H-SSM	27182
	SDSU	0
	0.719713	1
	0.000000
PRED	H-SSM	27182
	CMU	1
	0.324204	0
	0.000000
PRED	H-SSM	27182
	CMU	1
	0.324204	0
	0.000000
PRED	H-SSM	27182
	CMU	1
	0.324204	0
	0.000000
PRED	H-SSM	27182
	CMU	1
	0.324204	0
	0.000000
PRED	H-SSM	27182
	CMU	1
	0.324204	0
	0.000000
PRED	H-SSM	27182
	CMU	1
	0.324204	0
	0.000000
PRED	H-SSM	27182
	CMU	1
	0.324204	0
	0.000000
PRED	H-SSM	27182
	CMU	1
	0.324204	0
	0.000000
PRED	H-SSM	27182
	CMU	1
	0.324204	0
	0.000000
PRED	H-SSM	27182
	CMU	1
	0.324204	0
	0.000000
PRED	H-SSM	27182
	CMU	1
	0.324204	0
	0.000000
PRED	H-SSM	27182
	CMU	1
	0.324204	0
	0.000000
PRED	H-SSM	27182
	CMU	0
	0.324204	0
	0.000000
PRED	H-SSM	27182
	CMU	0
	0.324204	0
	0.000000
PRED	H-SSM	27182
	CMU	0
	0.324204	0
	0.000000
PRED	H-SSM	27182
	CMU	0
	0.324204	0
	0.000000
PRED	H-SSM	27182
	CMU	0
	0.324204	0
	0.000000
PRED	H-SSM	27182
	CMU	0
	0.324204	0
	0.000000
PRED	H-SSM	27182
	CMU	0
	0.324204	0
	0.000000
PRED	H-SSM	27182
	CMU	0
	0.324204	0
	0.000000
PRED	H-SSM	27182
	CMU	0
	0.324204	0
	0.000000
PRED	H-SSM	27182
	CMU	0
	0.324204	0
	0.000000
PRED	H-SSM	27182
	CMU	0
	0.324204	0
	0.000000
PRED	H-SSM	27182
	CMU	0
	0.324204	0
	0.000000
PRED	H-SSM	27182
	UCLA_2	1
	0.334008	0
	0.000000
PRED	H-SSM	27182
	UCLA_2	1
	0.334008	0
	0.000000
PRED	H-SSM	27182
	UCLA_2	1
	0.334008	0
	0.000000
PRED	H-SSM	27182
	UCLA_2	1
	0.334008	0
	0.000000
PRED	H-SSM	27182
	UCLA_2	1
	0.334008	0
	0.000000
PRED	H-SSM	27182
	UCLA_2	1
	0.334008	0
	0.000000
PRED	H-SSM	27182
	UCLA_2	1
	0.334008	0
	0.000000
PRED	H-SSM	27182
	UCLA_2	1
	0.334008	0
	0.000000
PRED	H-SSM	27182
	UCLA_2	1
	0.334008	0
	0.000000
PRED	H-SSM	27182
	UCLA_2	1
	0.334008	0
	0.000000
PRED	H-SSM	27182
	UCLA_2	1
	0.334008	0
	0.000000
PRED	H-SSM	27182
	UCLA_2	1
	0.334008	0
	0.000000
PRED	H-SSM	27182
	UCLA_2	0
	0.334008	0
	0.000000
PRED	H-SSM	27182
	UCLA_2	0
	0.334008	0
	0.000000
PRED	H-SSM	27182
	UCLA_2	0
	0.334008	0
	0.000000
PRED	H-SSM	27182
	UCLA_2	0
	0.334008	0
	0.000000
PRED	H-SSM	27182
	UCLA_2	0
	0.334008	0
	0.000000
PRED	H-SSM	27182
	UCLA_2	0
	0.334008	0
	0.000000
PRED	H-SSM	27182
	UCLA_2	0
	0.334008	0
	0.000000
PRED	H-SSM	27182
	UCLA_2	0
	0.334008	0
	0.000000
PRED	H-SSM	27182
	UCLA_2	0
	0.334008	0
	0.000000
PRED	H-SSM	27182
	UCLA_2	0
	0.334008	0
	0.000000
PRED	H-SSM	27182
	UCLA_2	0
	0.334008	0
	0.000000
PRED	H-SSM	27182
	UCLA_2	0
	0.334008	0
	0.000000
PRED	H-SSM	27182
	UM_2	1
	0.344276	0
	0.000000
PRED	H-SSM	27182
	UM_2	1
	0.344276	0
	0.000000
PRED	H-SSM	27182
	UM_2	1
	0.344276	0
	0.000000
PRED	H-SSM	27182
	UM_2	1
	0.344276	0
	0.000000
PRED	H-SSM	27182
	UM_2	1
	0.344276	0
	0.000000
PRED	H-SSM	27182
	UM_2	1
	0.344276	0
	0.000000
PRED	H-SSM	27182
	UM_2	1
	0.344276	0
	0.000000
PRED	H-SSM	27182
	UM_2	1
	0.344276	0
	0.000000
PRED	H-SSM	27182
	UM_2	1
	0.344276	0
	0.000000
PRED	H-SSM	27182
	UM_2	1
	0.344276	0
	0.000000
PRED	H-SSM	27182
	UM_2	1
	0.344276	0
	0.000000
PRED	H-SSM	27182
	UM_2	1
	0.344276	0
	0.000000
PRED	H-SSM	27182
	UM_2	0
	0.344276	0
	0.000000
PRED	H-SSM	27182
	UM_2	0
	0.344276	0
	0.000000
PRED	H-SSM	27182
	UM_2	0
	0.344276	0
	0.000000
PRED	H-SSM	27182
	UM_2	0
	0.344276	0
	0.000000
PRED	H-SSM	27182
	UM_2	0
	0.344276	0
	0.000000
PRED	H-SSM	27182
	UM_2	0
	0.344276	0
	0.000000
PRED	H-SSM	27182
	UM_2	0
	0.344276	0
	0.000000
PRED	H-SSM	27182
	UM_2	0
	0.344276	0
	0.000000
PRED	H-SSM	27182
	UM_2	0
	0.344276	0
	0.000000
PRED	H-SSM	27182
	UM_2	0
	0.344276	0
	0.000000
PRED	H-SSM	27182
	UM_2	0
	0.344276	0
	0.000000
PRED	H-SSM	27182
	UM_2	0
	0.344276	0
	0.000000
PRED	H-SSM	27182
	OHSU	1
	0.541638	1
	0.000000
PRED	H-SSM	27182
	OHSU	1
	0.541638	1
	0.000000
PRED	H-SSM	27182
	OHSU	1
	0.541638	1
	0.000000
PRED	H-SSM	27182
	OHSU	1
	0.541638	1
	0.000000
PRED	H-SSM	27182
	OHSU	1
	0.541638	1
	0.000000
PRED	H-SSM	27182
	OHSU	1
	0.541638	1
	0.000000
PRED	H-SSM	27182
	OHSU	1
	0.541638	1
	0.000000
PRED	H-SSM	27182
	OHSU	1
	0.541638	1
	0.000000
PRED	H-SSM	27182
	OHSU	1
	0.541638	1
	0.000000
PRED	H-SSM	27182
	OHSU	1
	0.541638	1
	0.000000
PRED	H-SSM	27182
	OHSU	1
	0.541638	1
	0.000000
PRED	H-SSM	27182
	OHSU	1
	0.541638	1
	0.000000
PRED	H-SSM	27182
	OHSU	0
	0.541638	1
	0.000000
PRED	H-SSM	27182
	OHSU	0
	0.541638	1
	0.000000
PRED	H-SSM	27182
	OHSU	0
	0.541638	1
	0.000000
PRED	H-SSM	27182
	OHSU	0
	0.541638	1
	0.000000
PRED	H-SSM	27182
	OHSU	0
	0.541638	1
	0.000000
PRED	H-SSM	27182
	OHSU	0
	0.541638	1
	0.000000
PRED	H-SSM	27182
	OHSU	0
	0.541638	1
	0.000000
PRED	H-SSM	27182
	OHSU	0
	0.541638	1
	0.000000
PRED	H-SSM	27182
	OHSU	0
	0.541638	1
	0.000000
PRED	H-SSM	27182
	OHSU	0
	0.541638	1
	0.000000
PRED	H-SSM	27182
	OHSU	0
	0.541638	1
	0.000000
PRED	H-SSM	27182
	OHSU	0
	0.541638	1
	0.000000
  H-SSM    27182
   acc=50.000000% bal=50.000000% sites=20
/20
 test_n=500
 assoc=0.000000

  O-SSM balanced accuracy: 49.379808 ± 0.879837
  H-SSM balanced accuracy: 50.000000 ± 0.000000
  Gap (O-H): -0.620192 pp

  Per-site holdout summary
  ─────────────────────────────────────────────────────────────────────────────
  Site                             N    O-bal    H-bal    Gap      O-assoc
  NYU  26
  50.769231  50.000000  0.769231  0.975824
  UM_1  26
  50.000000  50.000000  -0.000000  1.013508
  UCLA_1  26
  50.192308  50.000000  0.192308  1.051657
  YALE  26
  48.846154  50.000000  -1.153846  1.051194
  PITT  26
  49.423077  50.000000  -0.576923  1.089136
  USM  26
  50.000000  50.000000  -0.000000  0.824296
  MAX_MUN  26
  50.192307  50.000000  0.192307  1.085715
  TRINITY  26
  50.384615  50.000000  0.384615  1.085549
  KKI  26
  49.615384  50.000000  -0.384616  1.076164
  STANFORD  26
  46.923077  50.000000  -3.076923  1.171441
  CALTECH  24
  50.416667  50.000000  0.416667  0.863965
  LEUVEN_2  24
  48.958333  50.000000  -1.041667  1.033162
  OLIN  24
  47.500000  50.000000  -2.500000  0.775263
  SBL  24
  48.958333  50.000000  -1.041667  1.022726
  LEUVEN_1  24
  50.208333  50.000000  0.208333  0.884977
  SDSU  24
  48.750000  50.000000  -1.250000  1.104528
  CMU  24
  48.541667  50.000000  -1.458333  0.692663
  UCLA_2  24
  50.000000  50.000000  -0.000000  0.998615
  UM_2  24
  48.958333  50.000000  -1.041667  1.000706
  OHSU  24
  48.958333  50.000000  -1.041667  1.014577
DONE
