cue,response,R1.Strength
akcija,dopamin,0.05
akcija,šport,0.05
akcija,trgovina,0.05
akcija,tek,0.05
akcija,znižano,0.05
akcija,akcijski film,0.05
akcija,dejanje,0.05
akcija,film,0.2
akcija,zdaj,0.05
akcija,hitra,0.05
akcija,napad,0.05
akcija,gibanje,0.05
akcija,reševalna,0.05
akcija,delo,0.1
akcija,reakcija,0.1
aktivni,ki skrbi za telesno udejstvovanje,0.05555555555555555
aktivni,"športni, zdravi, intelektualno dejavni",0.05555555555555555
aktivni,šport,0.16666666666666666
aktivni,prosti čas,0.05555555555555555
aktivni,sodelavec,0.05555555555555555
aktivni,člani,0.05555555555555555
aktivni,državljani,0.05555555555555555
aktivni,upokojenci,0.05555555555555555
aktivni,športniki,0.05555555555555555
aktivni,sportni,0.05555555555555555
aktivni,lenoba,0.05555555555555555
aktivni,starčki,0.05555555555555555
aktivni,učenci,0.05555555555555555
aktivni,socialni mediji,0.05555555555555555
aktivni,zdravo življenje,0.05555555555555555
aktivni,dopust,0.05555555555555555
aktivnost,dejavnost,0.15789473684210525
aktivnost,šport,0.2631578947368421
aktivnost,pasivnost,0.05263157894736842
aktivnost,delanje,0.05263157894736842
aktivnost,tek,0.05263157894736842
aktivnost,športna,0.10526315789473684
aktivnost,lenoba,0.05263157894736842
aktivnost,pedagogika,0.05263157894736842
aktivnost,gibanje,0.05263157894736842
aktivnost,delovanje,0.05263157894736842
aktivnost,fizična,0.05263157894736842
aktivnost,"šport, del projekta",0.05263157894736842
aktualni,novica,0.1
aktualni,zdajšnji,0.05
aktualni,dnevnik,0.05
aktualni,dogodki,0.2
aktualni,sodobni,0.05
aktualni,moderno,0.05
aktualni,trenutek,0.05
aktualni,dogodek,0.05
aktualni,trenutni,0.05
aktualni,prvak,0.05
aktualni,politika,0.15
aktualni,novice,0.15
album,gramofon,0.05
album,fotografije,0.3
album,zbirka slik,0.05
album,glasbeni,0.05
album,lp,0.05
album,spomini,0.05
album,cd,0.05
album,glasba,0.2
album,koncert,0.05
album,pesem,0.05
album,cover,0.05
album,slike,0.05
alkohol,pijanost,0.05263157894736842
alkohol,droge,0.05263157894736842
alkohol,duhovitost,0.05263157894736842
alkohol,pijača,0.15789473684210525
alkohol,problem,0.05263157894736842
alkohol,opitost,0.05263157894736842
alkohol,party,0.05263157894736842
alkohol,polnoletnost,0.05263157894736842
alkohol,pijanec,0.05263157894736842
alkohol,etanol,0.05263157894736842
alkohol,zabava,0.10526315789473684
alkohol,noč,0.05263157894736842
alkohol,vino,0.05263157894736842
alkohol,himna,0.05263157894736842
alkohol,tobak,0.05263157894736842
alkohol,pivo,0.05263157894736842
analiza,razčlemba,0.047619047619047616
analiza,laboratorij,0.09523809523809523
analiza,dializa,0.047619047619047616
analiza,anketa,0.047619047619047616
analiza,kemija,0.09523809523809523
analiza,seminarska naloga,0.047619047619047616
analiza,raziskava,0.047619047619047616
analiza,kri,0.09523809523809523
analiza,stanja,0.047619047619047616
analiza,po priljubljenem športu,0.047619047619047616
analiza,učni program,0.047619047619047616
analiza,preverjanje,0.047619047619047616
analiza,matematika,0.047619047619047616
analiza,ugotovitev,0.047619047619047616
analiza,znanstvenik,0.047619047619047616
analiza,delo,0.047619047619047616
analiza,regresijska,0.047619047619047616
analiza,podatki,0.047619047619047616
avto,prevozno sredstvo,0.1
avto,voziti,0.1
avto,pralnica,0.05
avto,avtomobil,0.05
avto,zmamoe,0.05
avto,kombi,0.05
avto,dom,0.05
avto,voznik,0.05
avto,prevoz,0.05
avto,prevozi,0.05
avto,rdeč,0.05
avto,mercedes,0.05
avto,ferrari,0.05
avto,vožnja,0.05
avto,cesta,0.05
avto,vozilo,0.15
avtobus,promet,0.047619047619047616
avtobus,čakanje,0.047619047619047616
avtobus,pešci,0.047619047619047616
avtobus,šola,0.14285714285714285
avtobus,šolski,0.047619047619047616
avtobus,prevoz,0.3333333333333333
avtobus,gneča,0.047619047619047616
avtobus,potnik,0.047619047619047616
avtobus,nomago,0.047619047619047616
avtobus,vlak,0.047619047619047616
avtobus,pot,0.047619047619047616
avtobus,vožnja,0.047619047619047616
avtobus,vozilo,0.047619047619047616
avtocesta,motor,0.05555555555555555
avtocesta,štajerska,0.05555555555555555
avtocesta,hitrost,0.1111111111111111
avtocesta,norosti,0.05555555555555555
avtocesta,črte,0.05555555555555555
avtocesta,zamašek,0.05555555555555555
avtocesta,potovanje,0.05555555555555555
avtocesta,highway,0.05555555555555555
avtocesta,morje,0.05555555555555555
avtocesta,hitra vožnja,0.05555555555555555
avtocesta,avto,0.16666666666666666
avtocesta,zastoj,0.05555555555555555
avtocesta,vožnja,0.1111111111111111
avtocesta,cesta,0.05555555555555555
avtomobilski,ključ,0.05
avtomobilski,ključi,0.1
avtomobilski,derby,0.05
avtomobilski,prometni,0.05
avtomobilski,deli,0.05
avtomobilski,mehanik,0.05
avtomobilski,sejem,0.2
avtomobilski,zavarovanje,0.05
avtomobilski,industrija,0.05
avtomobilski,guma,0.05
avtomobilski,prevoz,0.05
avtomobilski,gibljiv,0.05
avtomobilski,v avtu,0.05
avtomobilski,samohodni,0.05
avtomobilski,avto,0.05
avtomobilski,cesta,0.05
avtor,kreator,0.05263157894736842
avtor,pisatelj,0.10526315789473684
avtor,ustvarjalec,0.05263157894736842
avtor,knjige,0.10526315789473684
avtor,kdor nekaj napiše,0.05263157894736842
avtor,novinar,0.05263157894736842
avtor,knjiga,0.3684210526315789
avtor,pisec,0.15789473684210525
avtor,delo,0.05263157894736842
bančni,kartica,0.047619047619047616
bančni,"kovanec, okence, brki",0.047619047619047616
bančni,račun,0.5714285714285714
bančni,koda,0.047619047619047616
bančni,bančna kartica,0.047619047619047616
bančni,denar,0.09523809523809523
bančni,ropar,0.047619047619047616
bančni,transakcijski,0.047619047619047616
bančni,"račun, kartica, denar",0.047619047619047616
bati,skrb,0.05263157894736842
bati,strah,0.5789473684210527
bati,motor,0.05263157894736842
bati,fobija,0.05263157894736842
bati,"dva pomena: bati se, imeti strah ali deli stroja",0.05263157894736842
bati,kač,0.05263157894736842
bati,pajkov,0.05263157894736842
bati,se,0.05263157894736842
bati,netopir,0.05263157894736842
besedilo,dolgo,0.05263157894736842
besedilo,odstavek,0.05263157894736842
besedilo,tekst,0.21052631578947367
besedilo,črka,0.05263157894736842
besedilo,pesmi,0.05263157894736842
besedilo,berilo,0.05263157894736842
besedilo,roman,0.05263157894736842
besedilo,knjiga,0.15789473684210525
besedilo,word,0.05263157894736842
besedilo,članek,0.05263157894736842
besedilo,list,0.05263157894736842
besedilo,text,0.10526315789473684
besedilo,lektura,0.05263157894736842
bistveno,centralno,0.045454545454545456
bistveno,temelj,0.045454545454545456
bistveno,podatek,0.09090909090909091
bistveno,pomembnost,0.045454545454545456
bistveno,pomembno,0.2727272727272727
bistveno,dejansko,0.045454545454545456
bistveno,temeljno,0.045454545454545456
bistveno,dejanje,0.045454545454545456
bistveno,zoprna beseda,0.045454545454545456
bistveno,poanta,0.045454545454545456
bistveno,glavno,0.045454545454545456
bistveno,najpomembnejše dejstvo,0.045454545454545456
bistveno,ključno,0.09090909090909091
bistveno,zelo,0.045454545454545456
bistveno,rdeča nit,0.045454545454545456
bistvo,jedro,0.1
bistvo,življenje,0.05
bistvo,"pomembno, vedenje, znanje",0.05
bistvo,hitro,0.05
bistvo,pomembno,0.05
bistvo,vsega,0.05
bistvo,ideja,0.05
bistvo,artikulacija,0.05
bistvo,smisel,0.05
bistvo,univerzalno,0.05
bistvo,pomen,0.05
bistvo,gol dejstva brez balasta,0.05
bistvo,jasno,0.1
bistvo,stvar,0.05
bistvo,glavno,0.05
bistvo,mali princ,0.05
bistvo,glavnina,0.05
bistvo,bit,0.05
bivši,pretekli,0.05555555555555555
bivši,sreča,0.05555555555555555
bivši,mož,0.05555555555555555
bivši,ex,0.1111111111111111
bivši,soprog,0.05555555555555555
bivši,grozen,0.05555555555555555
bivši,partner,0.16666666666666666
bivši,nekdanji,0.05555555555555555
bivši,fant,0.3888888888888889
bližina,družina,0.05263157894736842
bližina,morja,0.05263157894736842
bližina,lepota,0.05263157894736842
bližina,toplina,0.15789473684210525
bližina,človek,0.05263157894736842
bližina,blizu,0.05263157894736842
bližina,intima,0.05263157894736842
bližina,prijatelji,0.10526315789473684
bližina,toplota,0.05263157894736842
bližina,ljubezen,0.15789473684210525
bližina,dom,0.05263157894736842
bližina,človeška,0.05263157894736842
bližina,objem,0.05263157894736842
bližina,mama,0.05263157894736842
bližnji,družina,0.15
bližnji,sosed,0.1
bližnji,zraven,0.05
bližnji,brez distance,0.05
bližnji,sodelavec,0.05
bližnji,človek,0.05
bližnji,svojci,0.05
bližnji,sorodnik,0.2
bližnji,prijatelj,0.15
bližnji,moj,0.05
bližnji,sorodniki,0.05
bližnji,poljub,0.05
blizu,potok,0.05263157894736842
blizu,bližina,0.05263157894736842
blizu,zraven,0.10526315789473684
blizu,pot,0.05263157894736842
blizu,doma,0.05263157894736842
blizu,poleg,0.05263157894736842
blizu,nova gorica,0.05263157894736842
blizu,oseba mi je blizu,0.05263157894736842
blizu,pri meni,0.05263157894736842
blizu,pa tako daleč,0.05263157894736842
blizu,konca,0.05263157894736842
blizu,daleč,0.21052631578947367
blizu,dotik,0.05263157894736842
blizu,kraj,0.05263157894736842
blizu,kmalu,0.05263157894736842
bog,vse,0.05
bog,višja sila,0.05
bog,svetloba,0.05
bog,sila,0.05
bog,vera,0.2
bog,nebo,0.05
bog,filozofski pojem,0.05
bog,o moj bog,0.05
bog,knjiga,0.05
bog,oče,0.05
bog,pomagaj,0.05
bog,hudič,0.05
bog,nadzemski,0.05
bog,bitje,0.05
bog,cerkev,0.1
bog,jezus,0.05
bogato,premoženje,0.05263157894736842
bogato,izobilje,0.05263157894736842
bogato,revno,0.05263157894736842
bogato,zlatniki,0.05263157894736842
bogato,obloženo,0.10526315789473684
bogato,življenje,0.10526315789473684
bogato,leto,0.05263157894736842
bogato,denar,0.3157894736842105
bogato,izkušnje,0.05263157894736842
bogato,drevo,0.05263157894736842
bogato,nagrajen,0.05263157894736842
bogato,sadje,0.05263157894736842
boj,mesarsko klanje,0.05555555555555555
boj,korajžno,0.05555555555555555
boj,za staro pravdo,0.05555555555555555
boj,bitka,0.2222222222222222
boj,borba,0.2777777777777778
boj,uporništvo,0.05555555555555555
boj,vojna,0.2222222222222222
boj,kosovo,0.05555555555555555
bolečina,bolnica,0.05263157894736842
bolečina,au!,0.05263157894736842
bolečina,psihična,0.05263157894736842
bolečina,izgube,0.05263157894736842
bolečina,v hrbtu,0.05263157894736842
bolečina,življenje,0.05263157894736842
bolečina,on,0.05263157894736842
bolečina,koleno,0.05263157894736842
bolečina,top,0.05263157894736842
bolečina,boli,0.05263157894736842
bolečina,zlom,0.05263157894736842
bolečina,trpljenje,0.05263157894736842
bolečina,rana,0.05263157894736842
bolečina,neprijetnost,0.05263157894736842
bolečina,modrica,0.05263157894736842
bolečina,duševna,0.05263157894736842
bolečina,neznosna,0.10526315789473684
bolečina,bolezen,0.05263157894736842
bolnik,skrb,0.047619047619047616
bolnik,bolnica,0.14285714285714285
bolnik,starejši bolan gospod,0.047619047619047616
bolnik,srčni,0.047619047619047616
bolnik,pacient,0.047619047619047616
bolnik,vonj,0.047619047619047616
bolnik,hud,0.047619047619047616
bolnik,duševna bolezen,0.047619047619047616
bolnik,počivanje,0.047619047619047616
bolnik,bolnišnica,0.14285714285714285
bolnik,onkološki,0.047619047619047616
bolnik,namišljeni bolnij,0.047619047619047616
bolnik,bolezen,0.23809523809523808
bolnišnica,medicina,0.05263157894736842
bolnišnica,dežurstvo,0.05263157894736842
bolnišnica,pacient,0.05263157894736842
bolnišnica,bolnik,0.05263157894736842
bolnišnica,postelja,0.05263157894736842
bolnišnica,obisk,0.05263157894736842
bolnišnica,zdravnik,0.10526315789473684
bolnišnica,zdravje,0.05263157894736842
bolnišnica,medicinska sestra,0.05263157894736842
bolnišnica,zlom,0.05263157894736842
bolnišnica,smrt,0.05263157894736842
bolnišnica,mestna,0.05263157894736842
bolnišnica,bolezen,0.3157894736842105
boriti,boks,0.05
boriti,pobegniti,0.05
boriti,borilne veščine,0.05
boriti,svoboda,0.05
boriti,težava,0.05
boriti,borba,0.05
boriti,fajtati,0.05
boriti,za življenje,0.05
boriti,se,0.1
boriti,vojna,0.15
boriti,bojevati,0.05
boriti,meriti moč,0.05
boriti,borec,0.05
boriti,vztrajati,0.05
boriti,medved,0.05
boriti,moč,0.05
boriti,meč,0.05
borza,cikcak,0.05263157894736842
borza,davki,0.05263157894736842
borza,wall street,0.05263157894736842
borza,trgovanje,0.10526315789473684
borza,delnice,0.10526315789473684
borza,dela,0.05263157894736842
borza,služba,0.05263157894736842
borza,denar,0.5263157894736842
bralec,časopis,0.1111111111111111
bralec,očala,0.05555555555555555
bralec,radoveden,0.05555555555555555
bralec,razgledan,0.05555555555555555
bralec,izobraženec,0.05555555555555555
bralec,izobražen,0.05555555555555555
bralec,obveščen,0.05555555555555555
bralec,branje,0.05555555555555555
bralec,marljiv,0.05555555555555555
bralec,brati,0.05555555555555555
bralec,knjiga,0.3333333333333333
bralec,odrasli,0.05555555555555555
brat,družina,0.1
brat,sosed,0.05
brat,knjigo,0.05
brat,kolega,0.05
brat,deuzina,0.05
brat,sorodnik,0.1
brat,starši,0.05
brat,kolesarjenje,0.05
brat,povezan,0.05
brat,moj,0.05
brat,sestra,0.4
brati,očala,0.05555555555555555
brati,pisati,0.1111111111111111
brati,knjige,0.05555555555555555
brati,črkovati,0.05555555555555555
brati,knjigo,0.2777777777777778
brati,knjiga,0.2777777777777778
brati,čitati,0.05555555555555555
brati,novice,0.05555555555555555
brati,črke,0.05555555555555555
časopis,novica,0.05263157894736842
časopis,papir,0.05263157894736842
časopis,branje,0.05263157894736842
časopis,fizični,0.05263157894736842
časopis,časnik,0.05263157894736842
časopis,medij,0.05263157894736842
časopis,črno-belo,0.05263157894736842
časopis,dnevni,0.05263157894736842
časopis,e-časopis,0.05263157894736842
časopis,tisk,0.05263157894736842
časopis,novinarstvo,0.05263157894736842
časopis,informacije,0.05263157894736842
časopis,novice,0.21052631578947367
časopis,delo,0.10526315789473684
časopis,črke,0.05263157894736842
cel,ves,0.21052631578947367
cel,neprekinjen,0.05263157894736842
cel,del,0.05263157894736842
cel,nepoškodovan,0.05263157894736842
cel,počen,0.05263157894736842
cel,celota,0.15789473684210525
cel,poln,0.10526315789473684
cel,svet,0.15789473684210525
cel,raztrgan,0.05263157894736842
cel,zaokrožen,0.05263157894736842
cel,celosten,0.05263157894736842
celica,družina,0.05
celica,organizem,0.1
celica,osnova,0.05
celica,zapor,0.2
celica,excel,0.05
celica,mitohondrij,0.05
celica,biologija,0.3
celica,rastlinska,0.05
celica,krog,0.05
celica,telo,0.1
čelo,obraz,0.15789473684210525
čelo,"pot, gube, mrščenje",0.05263157894736842
čelo,del obraza,0.05263157894736842
čelo,glasba,0.10526315789473684
čelo,violina,0.15789473684210525
čelo,glasbilo,0.10526315789473684
čelo,glava,0.21052631578947367
čelo,visoko,0.05263157894736842
čelo,poljub,0.10526315789473684
celota,družina,0.05555555555555555
celota,vse,0.2777777777777778
celota,nekaj,0.05555555555555555
celota,del,0.2777777777777778
celota,torta,0.05555555555555555
celota,imenovalnik,0.05555555555555555
celota,zadovoljstvo,0.05555555555555555
celota,telo,0.05555555555555555
celota,vsi,0.05555555555555555
celota,ljubezen,0.05555555555555555
cerkev,religija,0.11764705882352941
cerkev,potuhnjenost,0.058823529411764705
cerkev,duhovnik,0.058823529411764705
cerkev,masa,0.058823529411764705
cerkev,križ,0.058823529411764705
cerkev,evangeličanska,0.058823529411764705
cerkev,vernik,0.058823529411764705
cerkev,vera,0.23529411764705882
cerkev,bog,0.058823529411764705
cerkev,marija,0.058823529411764705
cerkev,zvonik,0.11764705882352941
cerkev,stavba,0.058823529411764705
četrtina,del celote,0.05263157894736842
četrtina,šport,0.05263157894736842
četrtina,četrt,0.05263157894736842
četrtina,celote,0.05263157894736842
četrtina,ena deljeno s štiri,0.05263157894736842
četrtina,del,0.10526315789473684
četrtina,15 minut,0.05263157894736842
četrtina,je manj kot polovica,0.05263157894736842
četrtina,tekma,0.05263157894736842
četrtina,firteljc,0.05263157894736842
četrtina,pica,0.05263157894736842
četrtina,štirje deli,0.05263157894736842
četrtina,torta,0.10526315789473684
četrtina,prva,0.05263157894736842
četrtina,kroga,0.05263157894736842
četrtina,ulomek,0.05263157894736842
četrtina,matematika,0.05263157894736842
čist,umivanje,0.05263157894736842
čist,bleščeč,0.05263157894736842
čist,jasen,0.05263157894736842
čist,snaga,0.05263157894736842
čist,umazan,0.15789473684210525
čist,svetel,0.05263157894736842
čist,higieničen,0.05263157894736842
čist,bela,0.05263157894736842
čist,marija,0.05263157894736842
čist,pomemben,0.05263157894736842
čist,zrak,0.10526315789473684
čist,steklo,0.05263157894736842
čist,snažen,0.05263157894736842
čist,neumazan,0.05263157894736842
čist,umit,0.05263157894736842
čist,brezmadežen,0.05263157894736842
civilen,bonton,0.05555555555555555
civilen,družba,0.05555555555555555
civilen,človek,0.1111111111111111
civilen,uraden,0.05555555555555555
civilen,zaščita,0.05555555555555555
civilen,uniforma,0.05555555555555555
civilen,pokoren,0.05555555555555555
civilen,policist,0.05555555555555555
civilen,družbeno odgovoren,0.05555555555555555
civilen,neuradni,0.05555555555555555
civilen,nevojaški,0.1111111111111111
civilen,spoštljiv,0.05555555555555555
civilen,navaden,0.05555555555555555
civilen,avto,0.1111111111111111
civilen,se zna obnašati,0.05555555555555555
članek,znanstveni,0.047619047619047616
članek,novica,0.09523809523809523
članek,časopis,0.3333333333333333
članek,znanstveni članek,0.047619047619047616
članek,pisanje,0.047619047619047616
članek,branje,0.047619047619047616
članek,prispevek,0.047619047619047616
članek,revija,0.047619047619047616
članek,novinar,0.047619047619047616
članek,za glasilo,0.047619047619047616
članek,časopisni,0.047619047619047616
članek,delo,0.047619047619047616
članek,akademski,0.047619047619047616
članek,vsebina,0.047619047619047616
članica,organizacije,0.05263157894736842
članica,društvo,0.15789473684210525
članica,pripadnica,0.10526315789473684
članica,društvo nogometašic,0.05263157894736842
članica,skupine,0.05263157894736842
članica,klub,0.15789473684210525
članica,ud,0.05263157894736842
članica,društva,0.05263157894736842
članica,gasilci,0.05263157894736842
članica,evropska unija,0.05263157894736842
članica,zbora,0.05263157894736842
članica,odbor,0.05263157894736842
članica,biti učlanjena,0.05263157894736842
članica,član,0.05263157894736842
človekov,odtis,0.05263157894736842
človekov,od ljudi,0.05263157894736842
človekov,odnos,0.05263157894736842
človekov,hrast,0.05263157894736842
človekov,od človeka,0.05263157894736842
človekov,pristen,0.05263157894736842
človekov,najboljsi prijatelj,0.05263157894736842
človekov,izgled,0.05263157894736842
človekov,odziv,0.05263157894736842
človekov,najboljši prijatelj,0.05263157894736842
človekov,prijatelj,0.2631578947368421
človekov,varuh,0.05263157894736842
človekov,last,0.05263157894736842
človekov,karakter,0.05263157894736842
človekov,humanizem,0.05263157894736842
človeški,napaka,0.05
človeški,boj,0.05
človeški,um,0.1
človeški,človek,0.1
človeški,odnos,0.1
človeški,faktor,0.05
človeški,živalski,0.05
človeški,human,0.05
človeški,čustva,0.05
človeški,humanitarni,0.05
človeški,prijazen,0.05
človeški,sočuten,0.05
človeški,organi,0.05
človeški,razumen,0.05
človeški,ribica,0.05
človeški,zob,0.05
človeški,zelo,0.05
čutiti,čustva,0.05555555555555555
čutiti,čustvo,0.1111111111111111
čutiti,boleče,0.05555555555555555
čutiti,metuljčke v trebuhu,0.05555555555555555
čutiti,hladno,0.05555555555555555
čutiti,eksperimentirati,0.05555555555555555
čutiti,občutek,0.1111111111111111
čutiti,čut,0.05555555555555555
čutiti,bolečina,0.1111111111111111
čutiti,dotikanje,0.05555555555555555
čutiti,ljubezen,0.2777777777777778
dajati,nasvet,0.05555555555555555
dajati,velikodušnost,0.05555555555555555
dajati,deliti,0.05555555555555555
dajati,dobrosrčnost,0.05555555555555555
dajati,darila,0.05555555555555555
dajati,ljubezen,0.05555555555555555
dajati,kri,0.05555555555555555
dajati,altruizem,0.05555555555555555
dajati,arti,0.05555555555555555
dajati,denar,0.2222222222222222
dajati,dobrota,0.05555555555555555
dajati,podpora,0.05555555555555555
dajati,darilo,0.05555555555555555
dajati,dati,0.05555555555555555
dajati,zveza,0.05555555555555555
daleč,adi smolar,0.05
daleč,avstralija,0.05
daleč,ocean,0.05
daleč,trajanje,0.05
daleč,razdalja,0.05
daleč,blizu,0.2
daleč,amerika,0.05
daleč,za sedmimi gorami in sedmimi rekami,0.05
daleč,prihodnost,0.05
daleč,tujina,0.05
daleč,stran,0.05
daleč,dopust,0.05
daleč,portorož,0.05
daleč,stran od mene,0.05
daleč,sin,0.05
daleč,pot,0.05
daleč,hribi,0.05
davčni,račun,0.058823529411764705
davčni,državni,0.058823529411764705
davčni,nalog,0.058823529411764705
davčni,svetovalec,0.17647058823529413
davčni,uradnik,0.058823529411764705
davčni,upravičenec,0.058823529411764705
davčni,država,0.058823529411764705
davčni,inšpektor,0.17647058823529413
davčni,zavezanec,0.058823529411764705
davčni,obračun,0.058823529411764705
davčni,denar,0.058823529411764705
davčni,urad,0.11764705882352941
davek,obveznost,0.05
davek,na dodanovrednost,0.05
davek,problem,0.05
davek,država,0.05
davek,ddv,0.1
davek,fevdalizem,0.05
davek,strošek,0.05
davek,dajatev,0.05
davek,če ga nebi bilo bi blo bols,0.05
davek,22 %,0.05
davek,na dodano vrednost,0.1
davek,denar,0.2
davek,trošarina,0.05
davek,utaja,0.05
davek,slab občutek,0.05
dejansko,nika,0.05263157894736842
dejansko,svetovno,0.05263157894736842
dejansko,v resnici,0.10526315789473684
dejansko,zares,0.2631578947368421
dejansko,res je,0.05263157894736842
dejansko,misliti,0.05263157894736842
dejansko,resnicno,0.05263157894736842
dejansko,resnično,0.15789473684210525
dejansko,res,0.05263157894736842
dejansko,pogovor,0.05263157894736842
dejansko,stanje,0.10526315789473684
dekle,veselje,0.05555555555555555
dekle,pravica,0.05555555555555555
dekle,deklina,0.05555555555555555
dekle,lepo,0.05555555555555555
dekle,punca,0.16666666666666666
dekle,čudovito,0.05555555555555555
dekle,ljubezen,0.05555555555555555
dekle,otrok,0.05555555555555555
dekle,mladost,0.16666666666666666
dekle,ljubica,0.05555555555555555
dekle,fant,0.2222222222222222
deklica,mlada,0.05263157894736842
deklica,hči,0.05263157894736842
deklica,majhna,0.05263157894736842
deklica,kita,0.05263157894736842
deklica,punca,0.10526315789473684
deklica,moja,0.05263157894736842
deklica,deček,0.05263157894736842
deklica,z vžigalicami,0.05263157894736842
deklica,ljubka,0.05263157894736842
deklica,otrok,0.10526315789473684
deklica,krilo,0.05263157894736842
deklica,punčka,0.2631578947368421
deklica,jaz,0.05263157894736842
delavnica,predavanje,0.05
delavnica,obrtnik,0.05
delavnica,ustvarjanje,0.05
delavnica,sprostitev,0.05
delavnica,kladivo,0.05
delavnica,"od ateja, doma, avto",0.05
delavnica,orodje,0.2
delavnica,avtomehanična,0.05
delavnica,mizar,0.05
delavnica,učenje,0.1
delavnica,žebelj,0.05
delavnica,izobraževanje,0.05
delavnica,užitek,0.05
delavnica,delo,0.1
delavnica,vajenec,0.05
deliti,veselje,0.05263157894736842
deliti,množiti,0.05263157894736842
deliti,z drugimi,0.10526315789473684
deliti,razdeliti,0.10526315789473684
deliti,srečo,0.05263157894736842
deliti,÷,0.05263157894736842
deliti,deljenje,0.05263157894736842
deliti,skrbeti,0.05263157894736842
deliti,internet,0.05263157894736842
deliti,hrano,0.10526315789473684
deliti,matematika,0.05263157894736842
deliti,objavo,0.05263157894736842
deliti,moč,0.05263157894736842
deliti,karte,0.05263157894736842
deliti,nagrado,0.05263157894736842
deliti,prijaznost,0.05263157894736842
delno,opravljeno,0.05555555555555555
delno,kritje,0.05555555555555555
delno,v celoti,0.05555555555555555
delno,polovično,0.1111111111111111
delno,povprek,0.05555555555555555
delno,občasno,0.05555555555555555
delno,na pol,0.05555555555555555
delno,deloma,0.1111111111111111
delno,oblačno,0.05555555555555555
delno,nedokončano delo,0.05555555555555555
delno,resnično,0.05555555555555555
delno,parcialni odvod,0.05555555555555555
delno,ulomek,0.05555555555555555
delno,delo,0.05555555555555555
delno,parcialno,0.1111111111111111
delodajalec,dvoličen,0.05263157894736842
delodajalec,plača,0.10526315789473684
delodajalec,nekdo ki daje navodila,0.05263157894736842
delodajalec,imv,0.05263157894736842
delodajalec,tovarna,0.05263157894736842
delodajalec,šef,0.10526315789473684
delodajalec,ponudnik dela,0.05263157894736842
delodajalec,zavod za zaposlovanje,0.05263157894736842
delodajalec,služba,0.2631578947368421
delodajalec,denar,0.05263157894736842
delodajalec,direktor,0.05263157894736842
delodajalec,delo,0.05263157894736842
delodajalec,dober,0.05263157894736842
denarni,povezano z denarjem,0.05555555555555555
denarni,finančni,0.1111111111111111
denarni,problem,0.05555555555555555
denarni,valuta,0.05555555555555555
denarni,tok,0.1111111111111111
denarni,bogastvo,0.05555555555555555
denarni,skladi,0.05555555555555555
denarni,dohodek,0.05555555555555555
denarni,dolg,0.05555555555555555
denarni,prihodek,0.05555555555555555
denarni,problemi,0.05555555555555555
denarni,sistem,0.05555555555555555
denarni,denarnica,0.05555555555555555
denarni,ukrep,0.05555555555555555
denarni,pretok,0.05555555555555555
denarni,imeti,0.05555555555555555
desetletje,starost,0.05263157894736842
desetletje,čas,0.05263157894736842
desetletje,stoletje,0.05263157894736842
desetletje,skomin,0.05263157894736842
desetletje,deset let,0.05263157894736842
desetletje,milenij,0.05263157894736842
desetletje,rojstni dan,0.05263157894736842
desetletje,deset,0.05263157894736842
desetletje,obdobje,0.15789473684210525
desetletje,sreče,0.05263157894736842
desetletje,dekada,0.15789473684210525
desetletje,letnik punc ki jih nemanja ima rad,0.05263157894736842
desetletje,zbornik,0.05263157894736842
desetletje,vojna,0.05263157894736842
desetletje,uspeh,0.05263157894736842
desni,čevelj,0.047619047619047616
desni,desničarji,0.047619047619047616
desni,žmigavec,0.047619047619047616
desni,janša,0.09523809523809523
desni,rob,0.047619047619047616
desni,levi twix,0.047619047619047616
desni,bok,0.047619047619047616
desni,levi,0.6190476190476191
dežela,zemlja,0.05263157894736842
dežela,zelena,0.05263157894736842
dežela,me prevzame,0.05263157894736842
dežela,ljudje,0.05263157894736842
dežela,država,0.10526315789473684
dežela,moja draga,0.05263157894736842
dežela,moja,0.15789473684210525
dežela,podeželje,0.10526315789473684
dežela,furlanija,0.05263157894736842
dežela,narava,0.05263157894736842
dežela,domovina,0.05263157894736842
dežela,vas,0.05263157894736842
dežela,slovenija,0.15789473684210525
dijak,mlad,0.05263157894736842
dijak,obiskovalec gimnazije ali srednje strokovne šole,0.05263157894736842
dijak,srednja šola,0.10526315789473684
dijak,tečen,0.05263157894736842
dijak,srednješolec,0.05263157894736842
dijak,učenec,0.10526315789473684
dijak,mladostnik,0.10526315789473684
dijak,šolar,0.05263157894736842
dijak,torba,0.05263157894736842
dijak,dijakinja,0.05263157894736842
dijak,študent,0.10526315789473684
dijak,gimnazija,0.05263157894736842
dijak,šola,0.05263157894736842
dijak,divjak,0.05263157894736842
dijak,najstnik,0.05263157894736842
dirka,f1,0.05
dirka,kolesarska,0.05
dirka,race,0.05
dirka,priprave,0.05
dirka,konj,0.05
dirka,"avtomobilov, monte carlo, dobri avti",0.05
dirka,hitrost,0.1
dirka,konjska,0.05
dirka,tekma,0.1
dirka,formula,0.05
dirka,konji,0.05
dirka,za življenje,0.05
dirka,s časom,0.05
dirka,prehitevanje,0.05
dirka,avto,0.15
dirka,zmaga,0.05
dnevni,sonce,0.05555555555555555
dnevni,ob belem dnevu,0.05555555555555555
dnevni,svetloba,0.05555555555555555
dnevni,bar,0.05555555555555555
dnevni,red,0.16666666666666666
dnevni,današnji,0.05555555555555555
dnevni,meni,0.05555555555555555
dnevni,noč,0.05555555555555555
dnevni,nočni,0.1111111111111111
dnevni,dan,0.05555555555555555
dnevni,vsak dan,0.05555555555555555
dnevni,izlet,0.05555555555555555
dnevni,čez dan,0.05555555555555555
dnevni,ritem,0.1111111111111111
dnevnik,časopis,0.14285714285714285
dnevnik,lep predmet,0.047619047619047616
dnevnik,jutro,0.047619047619047616
dnevnik,pisanje,0.09523809523809523
dnevnik,nedeljski,0.047619047619047616
dnevnik,knjiga,0.047619047619047616
dnevnik,ritual,0.047619047619047616
dnevnik,tv,0.14285714285714285
dnevnik,rutina,0.09523809523809523
dnevnik,novice,0.09523809523809523
dnevnik,poročila,0.19047619047619047
doba,trajanje,0.05263157894736842
doba,življenska,0.05263157894736842
doba,večnost,0.05263157894736842
doba,delovna,0.15789473684210525
doba,ledena,0.10526315789473684
doba,era,0.15789473684210525
doba,leto,0.05263157894736842
doba,dela,0.05263157894736842
doba,obdobje,0.10526315789473684
doba,kamena,0.05263157894736842
doba,sprememba,0.05263157894736842
doba,vek,0.10526315789473684
dobiček,pozitiven,0.05555555555555555
dobiček,zasluziti toliko da si lahko privosčis nekaj vec,0.05555555555555555
dobiček,trgovina,0.05555555555555555
dobiček,profit,0.05555555555555555
dobiček,denar,0.7222222222222222
dobiček,ekipa,0.05555555555555555
dodajati,prah,0.05
dodajati,dati zraven,0.05
dodajati,množiti,0.05
dodajati,nadlegovati,0.05
dodajati,olje,0.05
dodajati,alkohol,0.05
dodajati,teme,0.05
dodajati,doprinos,0.05
dodajati,razširiti,0.05
dodajati,odvzemati,0.1
dodajati,besedilo,0.05
dodajati,sestavine,0.1
dodajati,članek,0.05
dodajati,kuhanje,0.05
dodajati,izboljševanje,0.05
dodajati,pretiravati,0.05
dodajati,hraniti,0.05
dodajati,ogenj,0.05
dodatek,betonu,0.05263157894736842
dodatek,dodati,0.05263157894736842
dodatek,bonus,0.05263157894736842
dodatek,plača,0.15789473684210525
dodatek,pripis,0.05263157894736842
dodatek,za delo,0.05263157894736842
dodatek,plačni,0.05263157894736842
dodatek,moda,0.05263157894736842
dodatek,prispevek,0.05263157894736842
dodatek,sociala,0.05263157894736842
dodatek,besedilo,0.05263157894736842
dodatek,modni,0.05263157894736842
dodatek,pomoč,0.05263157894736842
dodatek,nekaj dobrega,0.05263157894736842
dodatek,denar,0.10526315789473684
dodatek,nekaj zraven,0.05263157894736842
dogajanje,dogodki,0.038461538461538464
dogajanje,gospodarsko,0.038461538461538464
dogajanje,v zgodbi,0.038461538461538464
dogajanje,trenutno,0.038461538461538464
dogajanje,dogodek,0.07692307692307693
dogajanje,event,0.038461538461538464
dogajanje,utrip,0.038461538461538464
dogajanje,drama,0.038461538461538464
dogajanje,šok,0.038461538461538464
dogajanje,živahnost,0.038461538461538464
dogajanje,akcija,0.11538461538461539
dogajanje,dogajati,0.038461538461538464
dogajanje,zabava,0.07692307692307693
dogajanje,vpletenost,0.038461538461538464
dogajanje,aktivno,0.038461538461538464
dogajanje,veselica,0.038461538461538464
dogajanje,veselice,0.07692307692307693
dogajanje,koncert,0.07692307692307693
dogajanje,aktivnost,0.038461538461538464
dogajanje,mirovanje,0.038461538461538464
dogajati,sleng,0.05263157894736842
dogajati,smeh,0.05263157894736842
dogajati,življenje,0.05263157894736842
dogajati,dogodek,0.10526315789473684
dogajati,žurka,0.05263157894736842
dogajati,akcija,0.05263157894736842
dogajati,plesati,0.05263157894736842
dogajati,zabava,0.15789473684210525
dogajati,vrvež,0.05263157894736842
dogajati,gledališče,0.05263157894736842
dogajati,pripetiti se,0.05263157894736842
dogajati,zurka,0.05263157894736842
dogajati,poletje,0.05263157894736842
dogajati,koncert,0.05263157894736842
dogajati,festival,0.05263157894736842
dogajati,mi,0.05263157894736842
dogovor,premirje,0.05263157894736842
dogovor,sporazum,0.05263157894736842
dogovor,veselje,0.05263157894736842
dogovor,pozitivno,0.05263157894736842
dogovor,komunikacija,0.05263157894736842
dogovor,med dvema,0.05263157894736842
dogovor,stava,0.05263157894736842
dogovor,sodelovanje,0.05263157894736842
dogovor,pogodba,0.10526315789473684
dogovor,zmenek,0.05263157894736842
dogovor,sklep,0.10526315789473684
dogovor,nadrejeni,0.05263157894736842
dogovor,kontrakt,0.05263157894736842
dogovor,poštenost,0.05263157894736842
dogovor,prijateljski,0.05263157894736842
dogovor,pogovor,0.05263157894736842
dogovor,skleniti kompromis,0.05263157894736842
dogovoriti,dogovor,0.15789473684210525
dogovoriti,skleniti,0.05263157894736842
dogovoriti,korist,0.05263157894736842
dogovoriti,kompromis,0.10526315789473684
dogovoriti,za službo,0.05263157894736842
dogovoriti,dialog,0.05263157894736842
dogovoriti,sestanek,0.05263157894736842
dogovoriti,pogodba,0.05263157894736842
dogovoriti,zmeniti se,0.05263157894736842
dogovoriti,na prošnjo,0.05263157894736842
dogovoriti,strinjati,0.05263157894736842
dogovoriti,samoupravljanje,0.05263157894736842
dogovoriti,se,0.05263157894736842
dogovoriti,zmeniti,0.05263157894736842
dogovoriti,pogovor,0.05263157894736842
dogovoriti,planiranje,0.05263157894736842
dokaj,abeceda,0.05
dokaj,pogosto,0.05
dokaj,sorazmerno,0.05
dokaj,nekaj,0.05
dokaj,lepo,0.05
dokaj,redko,0.05
dokaj,tokaj,0.05
dokaj,dobro,0.05
dokaj,srednje,0.05
dokaj,slabo,0.05
dokaj,pameten,0.05
dokaj,skoraj,0.05
dokaj,zelo,0.05
dokaj,precej,0.35
dokaz,detektiv,0.05263157894736842
dokaz,gotovost,0.05263157894736842
dokaz,potrdilo,0.05263157894736842
dokaz,relativnost,0.05263157894736842
dokaz,policija,0.05263157894736842
dokaz,dokument,0.05263157894736842
dokaz,materialni,0.05263157894736842
dokaz,material,0.05263157894736842
dokaz,primer,0.05263157894736842
dokaz,sodišče,0.05263157894736842
dokaz,kriminalistika,0.05263157894736842
dokaz,potrditev,0.05263157894736842
dokaz,obljuba,0.05263157894736842
dokaz,resnica,0.05263157894736842
dokaz,neizpodbiten,0.05263157894736842
dokaz,matematika,0.05263157894736842
dokaz,zločin,0.10526315789473684
dokaz,evidentno,0.05263157894736842
dokazati,priskrbeti dokaz,0.058823529411764705
dokazati,prav,0.11764705882352941
dokazati,matematični izrak,0.058823529411764705
dokazati,eksperiment,0.058823529411764705
dokazati,nedolžnost,0.058823529411764705
dokazati,sodišče,0.058823529411764705
dokazati,prepir,0.058823529411764705
dokazati,resnico,0.058823529411764705
dokazati,prstni odtis,0.058823529411764705
dokazati,resnica,0.058823529411764705
dokazati,pokazati,0.058823529411764705
dokazati,nrkomu nekaj,0.058823529411764705
dokazati,utemeljiti,0.11764705882352941
dokazati,pojasniti s trditvijo,0.058823529411764705
dokazati,pravo,0.058823529411764705
dokument,pisni,0.047619047619047616
dokument,uradna listina,0.047619047619047616
dokument,papir,0.3333333333333333
dokument,osebna izkaznica,0.047619047619047616
dokument,birokracija,0.047619047619047616
dokument,izkaznica,0.047619047619047616
dokument,osebni,0.047619047619047616
dokument,uradni,0.047619047619047616
dokument,papirji,0.047619047619047616
dokument,vpis,0.047619047619047616
dokument,listina,0.047619047619047616
dokument,služba,0.047619047619047616
dokument,pair,0.047619047619047616
dokument,vsebina,0.047619047619047616
dokument,arhiv,0.047619047619047616
dolg,obveznost,0.05
dolg,poravnati,0.05
dolg,dolg do banke,0.05
dolg,denarni,0.05
dolg,jezik,0.05
dolg,kredit,0.05
dolg,obljuba,0.05
dolg,kratek,0.15
dolg,pas,0.15
dolg,prevelik,0.05
dolg,dan,0.05
dolg,denar,0.2
dolg,odplačati,0.05
dolina,kras,0.05
dolina,logarska,0.05
dolina,zelena,0.1
dolina,kotlina med hribi,0.05
dolina,megla,0.05
dolina,ledeniška,0.05
dolina,kotel,0.05
dolina,hrib,0.05
dolina,savinjska,0.05
dolina,luknja,0.05
dolina,dom,0.05
dolina,narava,0.05
dolina,"gore, zeleno, mrzlo",0.05
dolina,reka,0.05
dolina,logarska,0.05
dolina,zatrep,0.05
dolina,pot,0.05
dolina,miru,0.1
določati,izbrati,0.058823529411764705
določati,natančno,0.058823529411764705
določati,izbira,0.058823529411764705
določati,vodja,0.11764705882352941
določati,vozni red,0.058823529411764705
določati,status,0.058823529411764705
določati,šef,0.058823529411764705
določati,določevalci,0.058823529411764705
določati,odločitev,0.058823529411764705
določati,politikanti,0.058823529411764705
določati,ukazati,0.058823529411764705
določati,postaviti meje,0.058823529411764705
določati,rastline,0.058823529411764705
določati,izbirati,0.058823529411764705
določati,precizno,0.058823529411764705
določati,zakon,0.058823529411764705
določiti,smer,0.038461538461538464
določiti,izbrati,0.038461538461538464
določiti,določitva,0.038461538461538464
določiti,izbira,0.038461538461538464
določiti,pare,0.038461538461538464
določiti,ukaz,0.038461538461538464
določiti,vodjo,0.038461538461538464
določiti,vodja,0.07692307692307693
določiti,komandiranje,0.038461538461538464
določiti,ukazovati,0.038461538461538464
določiti,red,0.038461538461538464
določiti,šola,0.038461538461538464
določiti,pravilno,0.038461538461538464
določiti,odločitev,0.038461538461538464
določiti,mnenje,0.038461538461538464
določiti,neka meja,0.038461538461538464
določiti,stavčni člen,0.038461538461538464
določiti,zaznamovati,0.038461538461538464
določiti,cilje,0.038461538461538464
določiti,neizbežno,0.038461538461538464
določiti,etiketirati,0.038461538461538464
določiti,natančnost,0.038461538461538464
določiti,datum,0.038461538461538464
določiti,ugotoviti,0.038461538461538464
določiti,urnik,0.038461538461538464
domačin,domač,0.05
domačin,sosed,0.05
domačin,domači,0.05
domačin,vaščan,0.15
domačin,doma,0.05
domačin,lokalec,0.05
domačin,kmet,0.05
domačin,slovenec,0.05
domačin,staroselec,0.05
domačin,stanovalec,0.05
domačin,noč,0.05
domačin,prijazen,0.05
domačin,lebron james,0.05
domačin,vas,0.1
domačin,"ljubljančan, dom, sproščeno",0.05
domačin,prebivalec,0.1
domov,na varno,0.05
domov,prekmurje,0.05
domov,kam,0.05
domov,hiša,0.15
domov,hygge,0.05
domov,varnost,0.05
domov,domače,0.05
domov,blagostanje,0.05
domov,starši,0.05
domov,hiteti,0.05
domov,pojdi,0.05
domov,odhajam,0.05
domov,k družini,0.05
domov,pot,0.15
domov,cesta,0.05
domov,postelja,0.05
dosedanji,aktualen,0.05263157894736842
dosedanji,naslednji,0.05263157894736842
dosedanji,preteklost,0.15789473684210525
dosedanji,predsednik,0.2631578947368421
dosedanji,dosežki,0.05263157894736842
dosedanji,sedanjost,0.05263157894736842
dosedanji,današnji,0.15789473684210525
dosedanji,ravnatelj,0.05263157894736842
dosedanji,partner,0.10526315789473684
dosedanji,ni asociacije,0.05263157894736842
dosežek,doseči,0.05
dosežek,tekmovanje,0.05
dosežek,medalja,0.05
dosežek,priznanje,0.05
dosežek,lep,0.05
dosežek,uspeh,0.35
dosežek,trud,0.05
dosežek,zadovoljstvo,0.1
dosežek,nagrada,0.05
dosežek,olimpijski,0.05
dosežek,rezultat,0.1
dosežek,zmaga,0.05
dostop,zapornica,0.1
dostop,vrata,0.05
dostop,spletne vsebine,0.05
dostop,internetni,0.05
dostop,dostopen,0.05
dostop,prisotnost,0.05
dostop,lahek,0.05
dostop,omejitev,0.05
dostop,prost vstop,0.05
dostop,možnost vključenosti,0.05
dostop,geslo,0.1
dostop,internet,0.15
dostop,vključevanje,0.05
dostop,spletni portal,0.05
dostop,prost,0.05
dostop,cesta,0.05
dovoliti,prošnja,0.05
dovoliti,pravilo,0.05
dovoliti,privoliti,0.05
dovoliti,dati priložnost,0.05
dovoliti,sprejeti,0.05
dovoliti,odgovornost,0.05
dovoliti,reči ja,0.05
dovoliti,prosta pot,0.05
dovoliti,potrditev,0.05
dovoliti,odhod,0.05
dovoliti,dovoljenje,0.05
dovoliti,dopustiti,0.15
dovoliti,hoteti,0.05
dovoliti,smeti,0.05
dovoliti,dati možnost,0.05
dovoliti,vzgoja,0.1
dovoliti,prijaznost,0.05
dovoljenje,policaj,0.05263157894736842
dovoljenje,odobritev,0.05263157894736842
dovoljenje,izkaznica,0.05263157894736842
dovoljenje,lahko,0.05263157894736842
dovoljenje,odpira vrata,0.05263157894736842
dovoljenje,parkiranje,0.10526315789473684
dovoljenje,biti jaz,0.05263157894736842
dovoljenje,starši,0.10526315789473684
dovoljenje,vozniško,0.15789473684210525
dovoljenje,nekaj kar ti je dovoljeno delati,0.05263157894736842
dovoljenje,kazen,0.05263157894736842
dovoljenje,dozvola,0.05263157894736842
dovoljenje,voziško,0.05263157894736842
dovoljenje,"za uporabo nekega orodja, vozila",0.05263157894736842
dovoljenje,prometno,0.05263157894736842
doživeti,nemčija,0.05555555555555555
doživeti,doživetje,0.05555555555555555
doživeti,potovati,0.05555555555555555
doživeti,presenečenje,0.05555555555555555
doživeti,avantura,0.05555555555555555
doživeti,počitnice,0.05555555555555555
doživeti,izkušnja,0.1111111111111111
doživeti,srečo,0.05555555555555555
doživeti,dogodivščino,0.05555555555555555
doživeti,izkusiti,0.16666666666666666
doživeti,potovanje,0.1111111111111111
doživeti,svet,0.05555555555555555
doživeti,izkušnjo,0.05555555555555555
doživeti,doživljaj,0.05555555555555555
drag,cena,0.034482758620689655
drag,dražji,0.034482758620689655
drag,nepotreben,0.034482758620689655
drag,žafran,0.034482758620689655
drag,veliko stane,0.034482758620689655
drag,kamen,0.06896551724137931
drag,klobuk,0.034482758620689655
drag,preobleka,0.034482758620689655
drag,telefon,0.034482758620689655
drag,ljub,0.06896551724137931
drag,avto,0.3103448275862069
drag,denar,0.10344827586206896
drag,drag queen,0.034482758620689655
drag,diamant,0.06896551724137931
drag,inflacija,0.034482758620689655
drag,poceni,0.034482758620689655
drevo,evo,0.05555555555555555
drevo,organizem,0.05555555555555555
drevo,gozd,0.16666666666666666
drevo,deblo,0.05555555555555555
drevo,les,0.05555555555555555
drevo,krošnja,0.05555555555555555
drevo,rasti,0.05555555555555555
drevo,narava,0.1111111111111111
drevo,list,0.2222222222222222
drevo,zeleno,0.05555555555555555
drevo,rastlina,0.1111111111111111
družben,političen,0.058823529411764705
družben,družina,0.058823529411764705
družben,veselje,0.058823529411764705
družben,problem,0.058823529411764705
družben,vključen,0.058823529411764705
družben,ljudski,0.058823529411764705
družben,družba,0.058823529411764705
družben,človek,0.058823529411764705
družben,dogodek,0.11764705882352941
družben,status,0.058823529411764705
družben,podjetje,0.058823529411764705
družben,socialen,0.058823529411764705
družben,zabaven,0.058823529411764705
družben,"odgovornost, skupnost",0.058823529411764705
družben,lastnina,0.058823529411764705
družben,prostor,0.058823529411764705
družinski,družina,0.047619047619047616
družinski,domač,0.047619047619047616
družinski,čas,0.047619047619047616
družinski,člani,0.047619047619047616
družinski,človek,0.047619047619047616
družinski,skupinski,0.047619047619047616
družinski,status,0.047619047619047616
družinski,prijeten,0.047619047619047616
družinski,oče,0.047619047619047616
družinski,smreka,0.047619047619047616
družinski,prijatelj,0.14285714285714285
družinski,nostalgija,0.047619047619047616
družinski,piknik,0.047619047619047616
družinski,član,0.2857142857142857
držati,vpliv,0.05
držati,vedro,0.05
držati,položaj,0.05
držati,roka,0.2
držati,roke,0.05
držati,besedo,0.05
držati,usodo svojega življenja,0.05
držati,spustiti,0.05
držati,roko,0.05
držati,dežnik,0.05
držati,prijeti,0.05
držati,v šahu,0.05
držati,imeti v rokah,0.1
držati,stisniti,0.05
držati,imeti,0.05
držati,ohranjati,0.05
državljan,pripadnik,0.05263157894736842
državljan,slovenije,0.15789473684210525
državljan,odgovornost,0.05263157894736842
državljan,davkoplačevalec,0.05263157894736842
državljan,človek,0.15789473684210525
državljan,država,0.15789473684210525
državljan,slovenec,0.05263157894736842
državljan,republika,0.05263157894736842
državljan,jaz,0.05263157894736842
državljan,slovenija,0.05263157894736842
državljan,zastava,0.05263157894736842
državljan,prebivalec,0.05263157894736842
državljan,oseba iz določene države,0.05263157894736842
duh,meglica,0.05
duh,strah,0.25
duh,duhovnost,0.05
duh,duša,0.05
duh,groza,0.05
duh,casper,0.05
duh,skrivnostnost,0.05
duh,vonj,0.05
duh,rjuha,0.05
duh,strašljivo,0.05
duh,česa?,0.05
duh,bela rjuha,0.1
duh,... je ušel iz steklenice,0.05
duh,skrivnost,0.05
duh,noč čarovnic,0.05
duša,misli,0.05
duša,religija,0.05
duša,gumbnica,0.05
duša,veselje,0.05
duša,nebesa,0.1
duša,lepota,0.05
duša,soulmate,0.05
duša,notranjost,0.05
duša,neujemljivost,0.05
duša,me boli,0.05
duša,duh,0.05
duša,čustva,0.1
duša,dobro,0.05
duša,trpljenje,0.05
duša,smrt,0.05
duša,"zgodovinska znnja, ki opisujeeo delovanje duše,razne  religije",0.05
duša,srce,0.05
duša,telo,0.05
dvigniti,uteži,0.1111111111111111
dvigniti,utež,0.16666666666666666
dvigniti,potencial,0.05555555555555555
dvigniti,dvig,0.05555555555555555
dvigniti,poprijeti,0.05555555555555555
dvigniti,hrbet,0.05555555555555555
dvigniti,vrečo,0.05555555555555555
dvigniti,odvtal,0.05555555555555555
dvigniti,dvigalo,0.05555555555555555
dvigniti,predmet,0.1111111111111111
dvigniti,napeti,0.05555555555555555
dvigniti,premakniti težko breme,0.05555555555555555
dvigniti,breme,0.1111111111111111
dvoboj,strah,0.05
dvoboj,besedni dvoboj,0.05
dvoboj,boks,0.05
dvoboj,igra,0.05
dvoboj,spopad,0.1
dvoboj,mec,0.05
dvoboj,vitez,0.05
dvoboj,duel,0.15
dvoboj,tekma,0.05
dvoboj,vitezi,0.05
dvoboj,bitka,0.05
dvoboj,besedni,0.1
dvoboj,moč,0.05
dvoboj,pretep,0.05
dvoboj,ogenj,0.05
dvoboj,meč,0.05
dvom,strah,0.16666666666666666
dvom,ujetost,0.05555555555555555
dvom,nezaupanje,0.05555555555555555
dvom,izbira,0.05555555555555555
dvom,dvom o odgovoru,0.05555555555555555
dvom,težava,0.05555555555555555
dvom,dvomiti,0.05555555555555555
dvom,negotovost,0.05555555555555555
dvom,vprašanje,0.05555555555555555
dvom,ljubosumje,0.05555555555555555
dvom,nesigurnost,0.05555555555555555
dvom,ojoj,0.05555555555555555
dvom,razmišljanje,0.05555555555555555
dvom,vase,0.05555555555555555
dvom,počutje,0.05555555555555555
dvom,mogoče,0.05555555555555555
ekonomski,trgovski,0.05555555555555555
ekonomski,povezan z denarjem,0.05555555555555555
ekonomski,polom,0.05555555555555555
ekonomski,varčevalni,0.05555555555555555
ekonomski,migranti,0.05555555555555555
ekonomski,šola,0.1111111111111111
ekonomski,fakulteta,0.1111111111111111
ekonomski,položaj,0.05555555555555555
ekonomski,bogat,0.05555555555555555
ekonomski,dosesek,0.05555555555555555
ekonomski,gospodarstvo,0.05555555555555555
ekonomski,standard,0.05555555555555555
ekonomski,varčevanje,0.05555555555555555
ekonomski,gospodarski,0.05555555555555555
ekonomski,ekonomska fakulteta,0.05555555555555555
ekonomski,socialni,0.05555555555555555
električen,statična elektrika,0.05
električen,svetloba,0.05
električen,tok,0.2
električen,avtomatski,0.05
električen,stikalo,0.05
električen,hitrost,0.05
električen,sodoben,0.05
električen,avtomobil,0.05
električen,skiro,0.1
električen,vtičnik,0.05
električen,elektrika,0.05
električen,avto,0.25
elektronski,odzivnik,0.05
elektronski,podpis,0.05
elektronski,računalnik,0.25
elektronski,digitalni,0.05
elektronski,naslov,0.2
elektronski,telefon,0.1
elektronski,"podpis, radio, medij",0.05
elektronski,tesla,0.05
elektronski,mail,0.05
elektronski,elektrika,0.1
elektronski,vir,0.05
element,atom,0.05555555555555555
element,pult,0.05555555555555555
element,kemijski,0.2222222222222222
element,sestavni del,0.05555555555555555
element,ključni,0.05555555555555555
element,del,0.05555555555555555
element,osnova,0.05555555555555555
element,natrij,0.05555555555555555
element,kemija,0.16666666666666666
element,gradbeni,0.05555555555555555
element,temeljni,0.05555555555555555
element,enota,0.05555555555555555
element,peti,0.05555555555555555
enako,identično,0.05
enako,hvala,0.1
enako,podobnost,0.05
enako,prav tak,0.05
enako,enačaj,0.1
enako,je,0.05
enako,ekvivalentno,0.05
enako,enakopravnost,0.05
enako,pes arti,0.05
enako,hitra,0.05
enako,isto,0.3
enako,matematika,0.05
enako,ni isto,0.05
enota,del celote,0.05555555555555555
enota,časa,0.05555555555555555
enota,miselnost,0.05555555555555555
enota,meter,0.1111111111111111
enota,centimeter,0.05555555555555555
enota,del,0.05555555555555555
enota,mera za količino,0.05555555555555555
enota,entiteta,0.05555555555555555
enota,merjenje,0.05555555555555555
enota,uprava,0.05555555555555555
enota,unit,0.05555555555555555
enota,vrtec,0.05555555555555555
enota,merska,0.2222222222222222
enota,merilo,0.05555555555555555
fakulteta,filozofija,0.05
fakulteta,sola,0.05
fakulteta,visoka šola,0.05
fakulteta,študij,0.15
fakulteta,izobrazba,0.1
fakulteta,filozofska,0.05
fakulteta,napor,0.05
fakulteta,filofaks,0.05
fakulteta,faks,0.05
fakulteta,učenje,0.15
fakulteta,univerza,0.05
fakulteta,študent,0.05
fakulteta,šolanje,0.05
fakulteta,stavba,0.05
fakulteta,diploma,0.05
fant,pubec,0.05263157894736842
fant,fanta,0.05263157894736842
fant,deček,0.10526315789473684
fant,košarka,0.05263157894736842
fant,boy,0.05263157894736842
fant,otrok,0.05263157894736842
fant,mladost,0.05263157894736842
fant,partner,0.05263157894736842
fant,prijatelj,0.10526315789473684
fant,sin,0.05263157894736842
fant,dekle,0.3157894736842105
fant,zveza,0.05263157894736842
faza,stopnja,0.2631578947368421
faza,"prva, druga ...",0.05263157894736842
faza,korak,0.05263157894736842
faza,del,0.10526315789473684
faza,vse mine,0.05263157894736842
faza,začete,0.05263157894736842
faza,obdobje,0.10526315789473684
faza,začetna,0.05263157894736842
faza,začasen,0.05263157894736842
faza,zgodnja,0.05263157894736842
faza,stadij,0.05263157894736842
faza,elektrika,0.05263157894736842
faza,stanje,0.05263157894736842
festival,vin,0.038461538461538464
festival,"organizirani dogodek, ki vključuje večje število zvrsti, izdelkov, proizvajalcev ipd., ki jih želi predstaviti",0.038461538461538464
festival,veselje,0.038461538461538464
festival,glasbe,0.038461538461538464
festival,dogodki,0.038461538461538464
festival,hrane,0.038461538461538464
festival,sziget,0.038461538461538464
festival,metal fest,0.038461538461538464
festival,dogodek,0.038461538461538464
festival,glasba,0.11538461538461539
festival,zabava,0.19230769230769232
festival,periodično srečanje,0.038461538461538464
festival,vina,0.038461538461538464
festival,ljubezni,0.038461538461538464
festival,praznovanje,0.038461538461538464
festival,prireditev,0.038461538461538464
festival,maske,0.038461538461538464
festival,koncert,0.038461538461538464
festival,pivo in cvetje,0.07692307692307693
filmski,prizor,0.05555555555555555
filmski,trak,0.05555555555555555
filmski,kritik,0.05555555555555555
filmski,kino,0.05555555555555555
filmski,lepo,0.05555555555555555
filmski,alain delon,0.05555555555555555
filmski,strast,0.05555555555555555
filmski,jezik,0.05555555555555555
filmski,film,0.05555555555555555
filmski,režiser,0.1111111111111111
filmski,večer,0.05555555555555555
filmski,scenarij,0.05555555555555555
filmski,platno,0.05555555555555555
filmski,televizijski,0.05555555555555555
filmski,igralec,0.16666666666666666
finance,časopis,0.05
finance,gospodinjske,0.05
finance,red,0.05
finance,osebne,0.05
finance,organizacijska enota,0.05
finance,upravljanje,0.05
finance,revščina,0.05
finance,težave,0.05
finance,denarci,0.05
finance,denar,0.4
finance,bankovec,0.05
finance,borza,0.05
finance,"denar, premoženje, imetje",0.05
financiranje,prošnja,0.05
financiranje,plača,0.05
financiranje,napuh,0.05
financiranje,denarna podpora,0.05
financiranje,plačevanje na višji ravni,0.05
financiranje,projekti,0.05
financiranje,banka,0.1
financiranje,denar,0.5
financiranje,državno,0.05
financiranje,de ar,0.05
fotografija,družina,0.05263157894736842
fotografija,fotka,0.05263157894736842
fotografija,aplikacija,0.05263157894736842
fotografija,spomin,0.21052631578947367
fotografija,slika,0.21052631578947367
fotografija,fotoaparat,0.15789473684210525
fotografija,lepa,0.05263157894736842
fotografija,ovekovečenje,0.05263157894736842
fotografija,telefon,0.05263157894736842
fotografija,posnetek,0.05263157894736842
fotografija,drevo,0.05263157894736842
funkcija,vloga,0.1111111111111111
funkcija,graf,0.05555555555555555
funkcija,računalništvo,0.05555555555555555
funkcija,naslov,0.05555555555555555
funkcija,matematična,0.05555555555555555
funkcija,matematika,0.4444444444444444
funkcija,delo,0.16666666666666666
funkcija,delovanje,0.05555555555555555
galerija,narodna,0.10526315789473684
galerija,razstava,0.05263157894736842
galerija,slika,0.21052631578947367
galerija,hodnik,0.05263157894736842
galerija,vžigalica,0.05263157894736842
galerija,slike,0.21052631578947367
galerija,umetnost,0.15789473684210525
galerija,muzej,0.05263157894736842
galerija,slik,0.05263157894736842
galerija,izložba,0.05263157894736842
gasilec,požar,0.15
gasilec,društvo,0.05
gasilec,samo,0.2
gasilec,veselica,0.05
gasilec,gasilski avto,0.05
gasilec,oprema gasilca,0.05
gasilec,ogenj,0.4
gasilec,prostovoljstvo,0.05
generacija,starost,0.10526315789473684
generacija,zed,0.05263157894736842
generacija,otroci,0.10526315789473684
generacija,ljudje,0.10526315789473684
generacija,milenijci,0.05263157894736842
generacija,babica,0.05263157894736842
generacija,x,0.10526315789473684
generacija,sošolci,0.10526315789473684
generacija,leto,0.05263157894736842
generacija,obdobje,0.05263157894736842
generacija,vrstniki,0.05263157894736842
generacija,zaton,0.05263157894736842
generacija,najboljši,0.05263157894736842
generacija,rod,0.05263157894736842
generalni,splošen,0.05263157894736842
generalni,čistka,0.05263157894736842
generalni,glavni,0.15789473684210525
generalni,namen,0.05263157894736842
generalni,človek,0.05263157894736842
generalni,lebron james,0.05263157894736842
generalni,direktor,0.3684210526315789
generalni,sekretar,0.10526315789473684
generalni,splošni,0.10526315789473684
gibanje,roka,0.058823529411764705
gibanje,šport,0.4117647058823529
gibanje,"tek, kolesarjenje",0.058823529411764705
gibanje,tek,0.17647058823529413
gibanje,mišica,0.058823529411764705
gibanje,zdravje,0.11764705882352941
gibanje,mirovanje,0.058823529411764705
gibanje,fizika,0.058823529411764705
glasbenik,raztresen,0.05263157894736842
glasbenik,avtor glasbe,0.05263157894736842
glasbenik,instrument,0.05263157894736842
glasbenik,glasba,0.21052631578947367
glasbenik,pevec,0.10526315789473684
glasbenik,ljubezen,0.05263157894736842
glasbenik,zabava,0.05263157894736842
glasbenik,pianist,0.05263157894736842
glasbenik,kitara,0.15789473684210525
glasbenik,svetovni,0.05263157894736842
glasbenik,umetnost,0.05263157894736842
glasbenik,muzikant,0.05263157894736842
glasbenik,poklicni,0.05263157894736842
gledalec,gledališče,0.3684210526315789
gledalec,nastop,0.05263157894736842
gledalec,televizija,0.05263157894736842
gledalec,akter,0.05263157894736842
gledalec,poslušalec,0.10526315789473684
gledalec,publika,0.05263157894736842
gledalec,človek,0.10526315789473684
gledalec,občinstvo,0.10526315789473684
gledalec,predstava,0.05263157894736842
gledalec,pogled,0.05263157894736842
gledališče,oder,0.1111111111111111
gledališče,teater,0.2777777777777778
gledališče,rdeča barva,0.05555555555555555
gledališče,igralci,0.05555555555555555
gledališče,lutke,0.05555555555555555
gledališče,igra,0.05555555555555555
gledališče,abonma,0.05555555555555555
gledališče,predstava,0.05555555555555555
gledališče,drama,0.2222222222222222
gledališče,beseda,0.05555555555555555
gol,nag ali nekaj pri nogometu,0.05263157894736842
gol,"sreča, nogomet, rokomet",0.05263157894736842
gol,telo,0.05263157894736842
gol,nag,0.05263157894736842
gol,zadetek,0.05263157894736842
gol,žoga,0.15789473684210525
gol,avtogol,0.15789473684210525
gol,tekma,0.05263157894736842
gol,nogomet,0.3684210526315789
gora,sneg,0.05263157894736842
gora,gozd,0.05263157894736842
gora,lepota,0.05263157894736842
gora,kup,0.05263157894736842
gora,strmina,0.05263157894736842
gora,hrib,0.2631578947368421
gora,triglav,0.05263157894736842
gora,nora,0.05263157894736842
gora,mrzla,0.05263157894736842
gora,triglav,0.05263157894736842
gora,mount everest,0.05263157894736842
gora,plezanje,0.05263157894736842
gora,močan človek,0.05263157894736842
gora,vrh,0.05263157894736842
gora,visoka,0.05263157894736842
gospod,profesor,0.05555555555555555
gospod,župnik,0.05555555555555555
gospod,gospa,0.3333333333333333
gospod,pan,0.05555555555555555
gospod,brki,0.05555555555555555
gospod,pomembnež,0.05555555555555555
gospod,starejši moški,0.05555555555555555
gospod,kljuka,0.05555555555555555
gospod,miz,0.05555555555555555
gospod,vera,0.05555555555555555
gospod,klobuk,0.05555555555555555
gospod,mister,0.05555555555555555
gospod,ugleden moški,0.05555555555555555
gotovo,zanesljivo,0.05
gotovo,konec,0.2
gotovo,sigurno,0.25
gotovo,zihr,0.05
gotovo,pričakovano,0.05
gotovo,zaključeno,0.05
gotovo,končano,0.1
gotovo,dogovorjeno,0.05
gotovo,zaupanje,0.05
gotovo,zagotovo,0.1
gotovo,delo,0.05
govor,zagovor,0.047619047619047616
govor,samo,0.047619047619047616
govor,ljudje,0.047619047619047616
govor,komunikacija,0.047619047619047616
govor,človek,0.047619047619047616
govor,politiki,0.047619047619047616
govor,besede,0.047619047619047616
govor,proslava,0.09523809523809523
govor,dojenček,0.047619047619047616
govor,oder,0.09523809523809523
govor,glasoslovje,0.047619047619047616
govor,politika,0.09523809523809523
govor,jezik,0.09523809523809523
govor,slovenščina,0.047619047619047616
govor,sporazumevanje,0.047619047619047616
govor,govorne tehnologije,0.047619047619047616
govor,beseda,0.047619047619047616
gozd,zelena,0.10526315789473684
gozd,sekira,0.05263157894736842
gozd,travnik,0.05263157894736842
gozd,bukov,0.05263157894736842
gozd,bogastvo,0.05263157894736842
gozd,temen,0.05263157894736842
gozd,tema,0.05263157894736842
gozd,žuželke,0.05263157894736842
gozd,zelen,0.05263157894736842
gozd,hladnost,0.05263157894736842
gozd,mir,0.05263157894736842
gozd,zeleno,0.10526315789473684
gozd,drevesa,0.21052631578947367
gozd,drevo,0.05263157894736842
grad,blejski grad,0.05263157894736842
grad,srednjeveški,0.05263157894736842
grad,dvorec,0.05263157894736842
grad,graščak,0.05263157894736842
grad,moč,0.05263157894736842
grad,varnost,0.05263157894736842
grad,pozenik,0.05263157894736842
grad,srednji vek,0.10526315789473684
grad,vitez,0.05263157894736842
grad,mariborski,0.05263157894736842
grad,mesto,0.05263157894736842
grad,kamen,0.05263157894736842
grad,ljubljana,0.05263157894736842
grad,hrib,0.05263157894736842
grad,kraljica,0.05263157894736842
grad,ljubljanski,0.05263157894736842
grad,kupila,0.05263157894736842
grad,dom graščaka,0.05263157894736842
gradbeno,društvo,0.05
gradbeno,gradbeno podjetje,0.05
gradbeno,opeka,0.05
gradbeno,mehanizacija,0.05
gradbeno,stavbno,0.1
gradbeno,čelada,0.05
gradbeno,podjetje,0.1
gradbeno,dovoljenje,0.35
gradbeno,grad,0.05
gradbeno,delo,0.1
gradbeno,zidaki,0.05
graditi,konstrukcija,0.05
graditi,opeka,0.05
graditi,gradbenik,0.1
graditi,blok,0.05
graditi,postavljati,0.05
graditi,hiša,0.25
graditi,gradbišče,0.05
graditi,izgrajevati,0.05
graditi,kariera,0.05
graditi,podpora,0.05
graditi,delo,0.05
graditi,bosanci,0.05
graditi,hišo,0.15
hitrost,kilometri na uro,0.05263157894736842
hitrost,ne maram,0.05263157894736842
hitrost,dirka,0.05263157894736842
hitrost,vrtenje vetra,0.05263157894736842
hitrost,tek,0.10526315789473684
hitrost,rihlost:),0.05263157894736842
hitrost,tekma,0.05263157894736842
hitrost,fizika,0.05263157894736842
hitrost,raketa,0.05263157894736842
hitrost,fast and furios,0.05263157894736842
hitrost,mršiti,0.05263157894736842
hitrost,hitenje,0.05263157894736842
hitrost,jaz,0.05263157894736842
hitrost,avto,0.21052631578947367
hitrost,divje,0.05263157894736842
hladno,modra,0.05
hladno,vreme,0.05
hladno,smrt,0.05
hladno,toplo,0.05
hladno,led,0.15
hladno,zima,0.1
hladno,toplo ohlajeno na manj stopinj,0.05
hladno,mrzlo,0.2
hladno,pivo,0.2
hladno,mraz,0.1
hoditi,pohod,0.05
hoditi,po svetu,0.05
hoditi,peš,0.05
hoditi,potohodec,0.05
hoditi,čevelj,0.05
hoditi,sola,0.05
hoditi,sprehod,0.1
hoditi,hitro,0.1
hoditi,tla,0.05
hoditi,premikanje,0.05
hoditi,rekreacija,0.05
hoditi,otrok,0.05
hoditi,po polju,0.05
hoditi,postrani,0.05
hoditi,gibanje,0.05
hoditi,copati,0.05
hoditi,cesta,0.1
hotel,namestitev,0.05
hotel,prespati,0.05
hotel,nastanitev,0.1
hotel,hiša,0.05
hotel,počitnice,0.05
hotel,postelja,0.05
hotel,prenočevanje,0.05
hotel,soba,0.1
hotel,spanje,0.05
hotel,hostel,0.05
hotel,bivanje,0.05
hotel,recepcija,0.05
hotel,potovanje,0.05
hotel,stavba,0.05
hotel,prenočitev,0.05
hotel,hiša kjer lahko varno prebivaš,0.05
hotel,dopust,0.05
hotel,bazen,0.05
hudo,težko,0.05
hudo,najboljše,0.05
hudo,močno,0.1
hudo,bolečina,0.05
hudo,noro,0.05
hudo,pri radomljah,0.05
hudo,dobro,0.2
hudo,slabo,0.15
hudo,smrt,0.05
hudo,grozno,0.1
hudo,odlično,0.1
hudo,hudo dobro,0.05
ideja,navdih,0.05263157894736842
ideja,zamisel,0.3157894736842105
ideja,žarnica,0.10526315789473684
ideja,domislica,0.05263157894736842
ideja,zanimiva,0.05263157894736842
ideja,dobra,0.05263157894736842
ideja,ustvarjalnost,0.10526315789473684
ideja,misel,0.05263157894736842
ideja,denar,0.05263157894736842
ideja,znanstvenik,0.05263157894736842
ideja,razmišljanje,0.05263157894736842
ideja,novost,0.05263157894736842
igralka,filmska,0.05555555555555555
igralka,umetnica,0.05555555555555555
igralka,na odru,0.05555555555555555
igralka,nasmeh,0.05555555555555555
igralka,igra,0.05555555555555555
igralka,filma,0.05555555555555555
igralka,angelina jolie,0.05555555555555555
igralka,znana,0.05555555555555555
igralka,oder,0.05555555555555555
igralka,gledališče,0.2222222222222222
igralka,film,0.05555555555555555
igralka,služba,0.05555555555555555
igralka,jeniffer lorenz,0.05555555555555555
igralka,igralec,0.1111111111111111
igrišče,beton,0.05263157894736842
igrišče,živ žav,0.05263157894736842
igrišče,otroci,0.3157894736842105
igrišče,veselje,0.05263157894736842
igrišče,druženje,0.05263157894736842
igrišče,igra,0.10526315789473684
igrišče,izločanje,0.05263157894736842
igrišče,otrok,0.05263157894736842
igrišče,žoga,0.15789473684210525
igrišče,igrala,0.05263157894736842
igrišče,nogomet,0.05263157894736842
imenovan,ja,0.05263157894736842
imenovan,rojstvo,0.05263157894736842
imenovan,minister,0.05263157894736842
imenovan,zaimek,0.05263157894736842
imenovan,ine,0.05263157894736842
imenovan,zaznamovan,0.05263157894736842
imenovan,politika,0.05263157894736842
imenovan,naslov,0.05263157894736842
imenovan,ime,0.15789473684210525
imenovan,z imenom,0.05263157894736842
imenovan,tako,0.10526315789473684
imenovan,oseba,0.05263157894736842
imenovan,pozicija,0.05263157894736842
imenovan,jaz,0.05263157894736842
imenovan,direktor,0.05263157894736842
imenovan,član,0.05263157894736842
imenovati,krstiti,0.05263157894736842
imenovati,pes,0.05263157894736842
imenovati,naslednik,0.05263157894736842
imenovati,otrok,0.15789473684210525
imenovati,ime,0.21052631578947367
imenovati,predstojnik,0.05263157894736842
imenovati,za,0.05263157894736842
imenovati,naziv,0.10526315789473684
imenovati,direktor,0.05263157894736842
imenovati,našteti,0.05263157894736842
imenovati,označiti,0.05263157894736842
imenovati,funkcija,0.05263157894736842
imenovati,predlagati,0.05263157894736842
indeks,starost,0.05555555555555555
indeks,kazalnik,0.05555555555555555
indeks,pokazatelj,0.05555555555555555
indeks,spričevalo,0.05555555555555555
indeks,številka,0.05555555555555555
indeks,teže,0.1111111111111111
indeks,fakulteta,0.05555555555555555
indeks,telesne mase,0.05555555555555555
indeks,knjiga,0.05555555555555555
indeks,označevanje istih spremenljivk,0.05555555555555555
indeks,univerza,0.05555555555555555
indeks,prst,0.05555555555555555
indeks,borzni,0.05555555555555555
indeks,študent,0.05555555555555555
indeks,zdravstvo,0.05555555555555555
indeks,zamaščenost telesa,0.05555555555555555
indeks,cen,0.05555555555555555
industrija,elektronika,0.05263157894736842
industrija,umazanija,0.05263157894736842
industrija,obrat,0.05263157894736842
industrija,tovarna,0.21052631578947367
industrija,dimi,0.05263157894736842
industrija,jeklo,0.05263157894736842
industrija,tovarniško delo,0.05263157894736842
industrija,gospodarstvo,0.05263157894736842
industrija,tovarne,0.05263157894736842
industrija,jekla,0.05263157894736842
industrija,težka,0.10526315789473684
industrija,lesna,0.05263157894736842
industrija,proizvodnja,0.15789473684210525
infrastruktura,zgradba,0.10526315789473684
infrastruktura,promet,0.10526315789473684
infrastruktura,gradbeništvo,0.05263157894736842
infrastruktura,telekomunikacije,0.05263157894736842
infrastruktura,železnica,0.05263157894736842
infrastruktura,osnova,0.05263157894736842
infrastruktura,ceste,0.10526315789473684
infrastruktura,politika,0.05263157894736842
infrastruktura,stolpnica,0.05263157894736842
infrastruktura,okolje,0.05263157894736842
infrastruktura,državna,0.05263157894736842
infrastruktura,"ceste, železnice, letališča, vodovod,",0.05263157894736842
infrastruktura,transport,0.05263157894736842
infrastruktura,cesta,0.15789473684210525
institucija,prisila,0.045454545454545456
institucija,vožnja,0.045454545454545456
institucija,sola,0.045454545454545456
institucija,država,0.09090909090909091
institucija,izobrazba,0.045454545454545456
institucija,ustanova,0.2727272727272727
institucija,sodišče,0.045454545454545456
institucija,šola,0.045454545454545456
institucija,evropa,0.045454545454545456
institucija,zdravstvena,0.045454545454545456
institucija,državna,0.045454545454545456
institucija,okvir,0.045454545454545456
institucija,stavba,0.045454545454545456
institucija,organizacija,0.045454545454545456
institucija,urad,0.045454545454545456
institucija,šols,0.045454545454545456
inštitut,kemijski,0.05
inštitut,zavod,0.1
inštitut,raziskovalni,0.05
inštitut,sola,0.05
inštitut,organizacija ki se ukvarja z določeno temo oz. stroko,0.05
inštitut,šola,0.05
inštitut,znanost,0.2
inštitut,jezik,0.05
inštitut,pregled,0.05
inštitut,oseba,0.05
inštitut,jožefa štefana,0.05
inštitut,organizacija,0.05
inštitut,institucija,0.05
inštitut,jožef štefan,0.1
inštitut,8. marec,0.05
interes,dejavnost,0.05
interes,zanimanje,0.6
interes,stvari,0.05
interes,biologija,0.05
interes,hobi,0.05
interes,hočem,0.05
interes,interesne dejavnosti,0.05
interes,delo,0.05
interes,nekaj kar nas zanima,0.05
internet,wifi,0.05
internet,brskalnik,0.05
internet,socialna omrežja,0.1
internet,orodje,0.05
internet,spletne povezave,0.05
internet,računalnik,0.1
internet,belina,0.05
internet,telefon,0.05
internet,splet,0.15
internet,informacije,0.1
internet,povezava,0.1
internet,mreža,0.1
internet,podatki,0.05
investicija,vlaganje,0.05263157894736842
investicija,v hišo,0.05263157894736842
investicija,nakup,0.05263157894736842
investicija,hiša,0.05263157894736842
investicija,naložba,0.05263157894736842
investicija,vložek,0.15789473684210525
investicija,stanovanje,0.05263157894736842
investicija,tveganje,0.05263157894736842
investicija,donos,0.05263157894736842
investicija,nepremičnina,0.05263157894736842
investicija,denar,0.3684210526315789
iskanje,ključ,0.05263157894736842
iskanje,raziskovanje,0.05263157894736842
iskanje,poti,0.05263157894736842
iskanje,igle,0.05263157894736842
iskanje,lupa,0.05263157894736842
iskanje,izguba,0.05263157894736842
iskanje,izgubljen,0.05263157894736842
iskanje,smisla,0.10526315789473684
iskanje,resnice,0.05263157894736842
iskanje,sreče,0.05263157894736842
iskanje,luči,0.05263157894736842
iskanje,sebe,0.05263157894736842
iskanje,brskanje,0.05263157894736842
iskanje,google,0.10526315789473684
iskanje,nevednost,0.05263157894736842
iskanje,zaklad,0.05263157894736842
iskanje,najdba,0.05263157894736842
izbira,dobiti,0.05
izbira,velika,0.05
izbira,trgovina,0.05
izbira,možnosti,0.1
izbira,imena,0.05
izbira,možnost,0.25
izbira,izziv,0.05
izbira,dve,0.05
izbira,stvari,0.05
izbira,renata salecl,0.05
izbira,poklica,0.05
izbira,sup,0.05
izbira,težka,0.05
izbira,samopostrežna blagajna,0.05
izbira,izbor,0.05
izboljšati,popravljanje,0.05263157894736842
izboljšati,napredovati,0.05263157894736842
izboljšati,napredek,0.10526315789473684
izboljšati,izpopolniti,0.05263157894736842
izboljšati,vedenje,0.05263157894736842
izboljšati,izboljšanje,0.05263157894736842
izboljšati,ambicioznost,0.05263157894736842
izboljšati,popraviti,0.10526315789473684
izboljšati,spremeniti na bolje,0.05263157894736842
izboljšati,zakaj pa ne?,0.05263157894736842
izboljšati,test,0.05263157894736842
izboljšati,okrepiti,0.05263157894736842
izboljšati,nadgraditi,0.05263157894736842
izboljšati,uspeh,0.05263157894736842
izboljšati,prevara,0.05263157894736842
izboljšati,rezultat,0.05263157894736842
izboljšati,povečati,0.05263157894736842
izbor,matura,0.05263157894736842
izbor,nabor,0.10526315789473684
izbor,vin,0.05263157894736842
izbor,izbira,0.15789473684210525
izbor,trgovina,0.10526315789473684
izbor,tekmovanje,0.05263157894736842
izbor,pesmi,0.05263157894736842
izbor,fino,0.05263157894736842
izbor,tekmovalcev,0.05263157894736842
izbor,konkurenca,0.05263157894736842
izbor,zbirka,0.05263157894736842
izbor,prvi,0.05263157894736842
izbor,popevke,0.05263157894736842
izbor,selekcija,0.10526315789473684
izbran,okus,0.05
izbran,izbira,0.05
izbran,izvoljen,0.05
izbran,zadetek,0.05
izbran,zmagovalec,0.05
izbran,the chosen one,0.05
izbran,natečaj,0.05
izbran,žrebanje,0.05
izbran,izvzet,0.05
izbran,posebnež,0.05
izbran,chosen one,0.05
izbran,srečnež,0.05
izbran,partner,0.05
izbran,služba,0.05
izbran,na volitvah,0.05
izbran,določen,0.05
izbran,volitve,0.1
izbran,izbor,0.05
izbran,dober,0.05
izbrati,izbira,0.17647058823529413
izbrati,fakulteto,0.058823529411764705
izbrati,restavracija,0.058823529411764705
izbrati,knjigo,0.058823529411764705
izbrati,koga,0.058823529411764705
izbrati,choice,0.058823529411764705
izbrati,poiskati najustreznejše,0.058823529411764705
izbrati,pravo stvar,0.058823529411764705
izbrati,možnost,0.058823529411764705
izbrati,odgovor,0.058823529411764705
izbrati,premišljeno,0.058823529411764705
izbrati,vzeti,0.058823529411764705
izbrati,izbirati,0.058823529411764705
izbrati,preferenca,0.058823529411764705
izbrati,pokazati,0.058823529411764705
izdaja,založba,0.045454545454545456
izdaja,nezaupanje,0.09090909090909091
izdaja,monografije,0.045454545454545456
izdaja,knjige,0.045454545454545456
izdaja,bolečina,0.09090909090909091
izdaja,časopisa,0.045454545454545456
izdaja,nemci,0.045454545454545456
izdaja,knjiga,0.13636363636363635
izdaja,zavist,0.045454545454545456
izdaja,nož v hrbet,0.045454545454545456
izdaja,inkunabula,0.045454545454545456
izdaja,prva,0.045454545454545456
izdaja,sovražnik,0.045454545454545456
izdaja,knjig,0.045454545454545456
izdaja,prevara,0.18181818181818182
izdati,izdaja,0.09523809523809523
izdati,izročiti,0.047619047619047616
izdati,občina,0.047619047619047616
izdati,knjigo,0.19047619047619047
izdati,tiskati,0.047619047619047616
izdati,slab prijatelj,0.047619047619047616
izdati,geslo,0.047619047619047616
izdati,knjiga,0.047619047619047616
izdati,dovoljenje,0.047619047619047616
izdati,vohun,0.047619047619047616
izdati,prijatelj,0.047619047619047616
izdati,vojna,0.047619047619047616
izdati,lagati,0.047619047619047616
izdati,prijatelja,0.047619047619047616
izdati,denar,0.047619047619047616
izdati,grozno,0.047619047619047616
izdati,prevara,0.047619047619047616
izdelati,pridelek,0.05555555555555555
izdelati,narediti,0.3888888888888889
izdelati,les,0.1111111111111111
izdelati,nekaj,0.05555555555555555
izdelati,diy,0.05555555555555555
izdelati,šolo,0.05555555555555555
izdelati,umetnik,0.05555555555555555
izdelati,izdelek,0.1111111111111111
izdelati,napraviti,0.05555555555555555
izdelati,urnik,0.05555555555555555
izdelava,narediti,0.05263157894736842
izdelava,mize,0.05263157894736842
izdelava,predelava,0.05263157894736842
izdelava,ročna,0.10526315789473684
izdelava,poročilo,0.05263157894736842
izdelava,izdelki,0.05263157894736842
izdelava,orodje,0.05263157894736842
izdelava,kip,0.05263157894736842
izdelava,dokončanje,0.05263157894736842
izdelava,proces,0.05263157894736842
izdelava,pohištvo,0.05263157894736842
izdelava,obdelava,0.05263157894736842
izdelava,oblikovanje,0.05263157894736842
izdelava,mojster,0.05263157894736842
izdelava,izdelek,0.05263157894736842
izdelava,nov izdelek,0.05263157894736842
izdelava,delo,0.10526315789473684
izguba,ko nekaj izgubiš,0.05263157894736842
izguba,strah,0.05263157894736842
izguba,čas,0.05263157894736842
izguba,družinskega člana,0.05263157894736842
izguba,žalost,0.05263157894736842
izguba,tega ni več,0.05263157894736842
izguba,ljubezen,0.05263157894736842
izguba,ljubljenega,0.10526315789473684
izguba,ne imeti,0.05263157894736842
izguba,sebe,0.05263157894736842
izguba,igra na srečo,0.05263157894736842
izguba,znanca,0.05263157894736842
izguba,prijatelj,0.05263157894736842
izguba,smrt,0.15789473684210525
izguba,spomina,0.05263157894736842
izguba,denar,0.05263157894736842
izhajati,časopis,0.05555555555555555
izhajati,dejstvo,0.05555555555555555
izhajati,iz,0.1111111111111111
izhajati,iz sbe,0.05555555555555555
izhajati,slediti,0.05555555555555555
izhajati,začeti,0.05555555555555555
izhajati,dom,0.05555555555555555
izhajati,domovina,0.05555555555555555
izhajati,poreklo,0.05555555555555555
izhajati,rod,0.05555555555555555
izhajati,iz sebe,0.05555555555555555
izhajati,priti,0.05555555555555555
izhajati,izvor,0.1111111111111111
izhajati,izvirati,0.1111111111111111
izhajati,iziti iz nečesa,0.05555555555555555
izid,zdravstveni,0.05263157894736842
izid,dvoboj,0.05263157894736842
izid,slab,0.05263157894736842
izid,konec,0.10526315789473684
izid,tekme,0.05263157894736842
izid,zdravstvo,0.05263157894736842
izid,tekma,0.10526315789473684
izid,nogomet,0.10526315789473684
izid,rezultat,0.3684210526315789
izid,dober,0.05263157894736842
iziti,opravljeno,0.058823529411764705
iziti,igra,0.058823529411764705
iziti,uspeti,0.058823529411764705
iziti,"po načrtu, plan, plan a",0.058823529411764705
iziti,izid,0.17647058823529413
iziti,objaviti,0.058823529411764705
iziti,težave,0.058823529411764705
iziti,knjiga,0.17647058823529413
iziti,se,0.058823529411764705
iziti,izid knjige,0.058823529411764705
iziti,rezultat,0.17647058823529413
izjava,o skladnosti,0.05
izjava,televizija,0.05
izjava,resnična,0.05
izjava,dnevnik,0.05
izjava,govor,0.05
izjava,predsednik,0.05
izjava,beseda,0.05
izjava,govorjenje,0.05
izjava,uradna,0.05
izjava,sodišče,0.05
izjava,besede,0.05
izjava,poved,0.05
izjava,mnenje,0.05
izjava,javno,0.05
izjava,novinar,0.05
izjava,resnica,0.05
izjava,zapis,0.05
izjava,zaupanje,0.05
izjava,list,0.05
izjava,trditev,0.05
izjema,poseben,0.05263157894736842
izjema,pravilo,0.2631578947368421
izjema,pogostejša je kot pravilo,0.05263157894736842
izjema,množica,0.05263157894736842
izjema,posameznik,0.05263157894736842
izjema,izstopati,0.05263157894736842
izjema,redko,0.05263157894736842
izjema,posebna,0.05263157894736842
izjema,proti pravilu,0.05263157894736842
izjema,protekcija,0.05263157894736842
izjema,posebnost,0.05263157894736842
izjema,proti pravilom,0.05263157894736842
izjema,svetla,0.05263157894736842
izjema,matematika,0.05263157894736842
izjema,je ni,0.05263157894736842
izjemen,poseben,0.05
izjemen,padec,0.05
izjemen,dosežek,0.1
izjemen,nadpovprečen,0.1
izjemen,super,0.05
izjemen,človek,0.05
izjemen,nepogrešljiv,0.05
izjemen,unikaten,0.05
izjemen,odličen,0.05
izjemen,najboljši,0.05
izjemen,oseba z več karatetistik,0.05
izjemen,enkraten,0.05
izjemen,uspeh,0.2
izjemen,neverjeten,0.05
izjemen,rezultat,0.05
izjemno,vrhunsko,0.05263157894736842
izjemno,več kot povprečno,0.05263157894736842
izjemno,dosežek,0.05263157894736842
izjemno,bleščeče,0.05263157894736842
izjemno,neverjetno,0.10526315789473684
izjemno,čudovito,0.10526315789473684
izjemno,neponovljivo,0.05263157894736842
izjemno,dobro,0.05263157894736842
izjemno,vozniški izoit,0.05263157894736842
izjemno,uspeh,0.05263157894736842
izjemno,odlično,0.05263157894736842
izjemno,nadpovprečno,0.10526315789473684
izjemno,delo,0.05263157894736842
izjemno,dobr,0.05263157894736842
izjemno,super,0.10526315789473684
izkazati,spoštovanje,0.05
izkazati,"uspeh,",0.05
izkazati,dokazati,0.05
izkazati,dobro opraviti,0.05
izkazati,uspeti,0.05
izkazati,odgovornost,0.05
izkazati,doseči,0.05
izkazati,čast,0.05
izkazati,ljubezen,0.05
izkazati,sožalje,0.05
izkazati,spoštljivost,0.05
izkazati,se,0.05
izkazati,služba,0.05
izkazati,pokazati,0.05
izkazati,uspeh,0.15
izkazati,uspešnost,0.05
izkazati,identičnost,0.05
izkazati,rezultat,0.05
izkoristiti,manipulacija,0.05555555555555555
izkoristiti,priložnost,0.2777777777777778
izkoristiti,trenutek,0.05555555555555555
izkoristiti,izrabiti,0.05555555555555555
izkoristiti,delovna sila,0.05555555555555555
izkoristiti,mižnost,0.05555555555555555
izkoristiti,prijatelji,0.05555555555555555
izkoristiti,tlačiti,0.05555555555555555
izkoristiti,zloraba,0.05555555555555555
izkoristiti,delavci,0.05555555555555555
izkoristiti,človeka,0.05555555555555555
izkoristiti,prilika,0.1111111111111111
izkoristiti,imeti na razpolago,0.05555555555555555
izobraževanje,napredek,0.05263157894736842
izobraževanje,vedno nekaj novega,0.05263157894736842
izobraževanje,šola,0.47368421052631576
izobraževanje,znanje,0.05263157894736842
izobraževanje,šolanje,0.10526315789473684
izobraževanje,education,0.05263157894736842
izobraževanje,univerzitetno,0.05263157894736842
izobraževanje,učni proces,0.05263157894736842
izobraževanje,"srednješolsko, vseživljensko",0.05263157894736842
izobraževanje,strokovno,0.05263157894736842
izogniti,testom,0.03571428571428571
izogniti,iti naokoli,0.03571428571428571
izogniti,družbi,0.03571428571428571
izogniti,umik,0.03571428571428571
izogniti,se nevarnosti,0.03571428571428571
izogniti,neprimerna situacija,0.03571428571428571
izogniti,beg,0.03571428571428571
izogniti,težava,0.03571428571428571
izogniti,neprijetno,0.03571428571428571
izogniti,ogniti,0.03571428571428571
izogniti,stran,0.03571428571428571
izogniti,služba,0.03571428571428571
izogniti,obiti,0.03571428571428571
izogniti,rep,0.03571428571428571
izogniti,strah,0.03571428571428571
izogniti,izognes se,0.03571428571428571
izogniti,oditi,0.07142857142857142
izogniti,sreča,0.03571428571428571
izogniti,ovinka,0.03571428571428571
izogniti,nevarnost,0.03571428571428571
izogniti,bivši fant,0.03571428571428571
izogniti,sovraštvo,0.03571428571428571
izogniti,upogniti,0.03571428571428571
izogniti,ovinek,0.03571428571428571
izogniti,testu,0.07142857142857142
izogniti,mogoče,0.03571428571428571
izpostaviti,poudariti,0.21052631578947367
izpostaviti,problem,0.10526315789473684
izpostaviti,šola,0.05263157894736842
izpostaviti,tema,0.05263157894736842
izpostaviti,polica,0.05263157894736842
izpostaviti,sebe,0.15789473684210525
izpostaviti,eno možnost predstaviti kot bolj verjetno,0.05263157894736842
izpostaviti,dati v ospredje,0.05263157894736842
izpostaviti,se,0.05263157894736842
izpostaviti,sram,0.05263157894736842
izpostaviti,matematika,0.05263157894736842
izpostaviti,fokus,0.05263157894736842
izpostaviti,zvezda,0.05263157894736842
izraz,ne,0.05555555555555555
izraz,pojem,0.05555555555555555
izraz,obrazna mimika,0.05555555555555555
izraz,beseda,0.2777777777777778
izraz,matematični izraz,0.05555555555555555
izraz,rek,0.05555555555555555
izraz,izgled,0.05555555555555555
izraz,obraz,0.05555555555555555
izraz,ubesediti,0.05555555555555555
izraz,besedni,0.05555555555555555
izraz,mimika,0.05555555555555555
izraz,matematika,0.1111111111111111
izraz,slovenščina,0.05555555555555555
izraziti,emocija,0.05263157894736842
izraziti,naslikati,0.05263157894736842
izraziti,gibi,0.05263157894736842
izraziti,mnenje,0.10526315789473684
izraziti,samozavest,0.05263157894736842
izraziti,sožalje,0.05263157894736842
izraziti,komunicirati,0.05263157894736842
izraziti,treba,0.05263157894736842
izraziti,ubesediti,0.05263157894736842
izraziti,povedati,0.2631578947368421
izraziti,pokazati,0.05263157894736842
izraziti,uspeti povedati,0.05263157894736842
izraziti,kaj,0.05263157894736842
izraziti,dati,0.05263157894736842
izredno,novica,0.05263157894736842
izredno,najboljše,0.05263157894736842
izredno,srečanje,0.05263157894736842
izredno,presežek,0.05263157894736842
izredno,študij,0.05263157894736842
izredno,protesti,0.05263157894736842
izredno,nenavadno,0.05263157894736842
izredno,zanimivo,0.05263157894736842
izredno,dobro,0.10526315789473684
izredno,prevoz,0.05263157894736842
izredno,izjemno,0.10526315789473684
izredno,izven vseh meril,0.05263157894736842
izredno,posebno,0.05263157894736842
izredno,zelo,0.05263157894736842
izredno,stanje,0.10526315789473684
izredno,dober,0.05263157894736842
izvajalec,izvršitelj,0.05263157894736842
izvajalec,del,0.05263157894736842
izvajalec,glasba,0.10526315789473684
izvajalec,dela,0.05263157894736842
izvajalec,delavec,0.10526315789473684
izvajalec,elektro,0.05263157894736842
izvajalec,pevec,0.05263157894736842
izvajalec,storitve,0.05263157894736842
izvajalec,zunanji,0.05263157894736842
izvajalec,navodila,0.05263157894736842
izvajalec,umetnik,0.05263157894736842
izvajalec,storitev,0.05263157894736842
izvajalec,profesionalnost,0.05263157894736842
izvajalec,telovadba,0.05263157894736842
izvajalec,delo,0.15789473684210525
izvajanje,poustvarjanje,0.05
izvajanje,terorja,0.05
izvajanje,projekta,0.05
izvajanje,delavnica,0.05
izvajanje,glasbe,0.05
izvajanje,tečaj,0.05
izvajanje,predstava,0.1
izvajanje,ukrepi,0.05
izvajanje,dolgotrajnost,0.05
izvajanje,izvršitev,0.05
izvajanje,delati,0.1
izvajanje,"iger, projektov",0.05
izvajanje,joge,0.05
izvajanje,zakoni,0.05
izvajanje,izvrševanje,0.05
izvajanje,plesa,0.05
izvajanje,delo,0.1
izvajati,dejavnost,0.05555555555555555
izvajati,glasbeniki,0.05555555555555555
izvajati,sankcije,0.05555555555555555
izvajati,prakso,0.05555555555555555
izvajati,postopek,0.05555555555555555
izvajati,početi,0.05555555555555555
izvajati,glasba,0.05555555555555555
izvajati,delovati,0.05555555555555555
izvajati,"projekte, vaje, ukrepe",0.05555555555555555
izvajati,dejanje,0.05555555555555555
izvajati,delati,0.2222222222222222
izvajati,aktivno,0.05555555555555555
izvajati,predstaviti,0.05555555555555555
izvajati,delo,0.05555555555555555
izvajati,testirati,0.05555555555555555
izvedba,potek,0.05263157894736842
izvedba,težko,0.05263157894736842
izvedba,nekaj narediti,0.05263157894736842
izvedba,skladbe,0.05263157894736842
izvedba,glasba,0.05263157894736842
izvedba,predstava,0.05263157894736842
izvedba,izpeljava,0.10526315789473684
izvedba,akcija,0.05263157894736842
izvedba,projekt,0.05263157894736842
izvedba,izdelava,0.05263157894736842
izvedba,gledališče,0.05263157894736842
izvedba,način,0.05263157894736842
izvedba,lebron james,0.05263157894736842
izvedba,predstave,0.05263157894736842
izvedba,delo,0.21052631578947367
izvedeti,novica,0.10526315789473684
izvedeti,podatek,0.05263157894736842
izvedeti,sprejeti določeno vest,0.05263157894736842
izvedeti,informirati se,0.05263157894736842
izvedeti,vedeti,0.15789473684210525
izvedeti,vprašaj,0.10526315789473684
izvedeti,spoznati,0.05263157894736842
izvedeti,trobilo,0.05263157894736842
izvedeti,več,0.05263157894736842
izvedeti,iz prve roke,0.05263157894736842
izvedeti,prebrati,0.05263157894736842
izvedeti,vedeti novico,0.05263157894736842
izvedeti,skrivnost,0.05263157894736842
izvedeti,novost,0.05263157894736842
izvedeti,slišati,0.05263157894736842
izvesti,tabor,0.05555555555555555
izvesti,narediti,0.3888888888888889
izvesti,met,0.05555555555555555
izvesti,eksperiment,0.05555555555555555
izvesti,naresti,0.05555555555555555
izvesti,dokončati,0.1111111111111111
izvesti,državni udar,0.05555555555555555
izvesti,opraviti,0.05555555555555555
izvesti,delo,0.05555555555555555
izvesti,sprememba,0.05555555555555555
izvesti,izvedba,0.05555555555555555
izziv,priložnost,0.05
izziv,težko,0.1
izziv,veselje,0.05
izziv,problem,0.05
izziv,asociacije,0.05
izziv,sestavljanka,0.05
izziv,premagovanje,0.05
izziv,zahtevno delo,0.05
izziv,težava,0.1
izziv,borba,0.05
izziv,cilj doseči težko dosegljiv cilj,0.05
izziv,družabna omrežja,0.05
izziv,pogum,0.05
izziv,provokacija,0.05
izziv,uspeh,0.05
izziv,delo,0.05
izziv,ovira,0.05
izziv,zmaga,0.05
jasno,sonce,0.05263157894736842
jasno,in oblačno,0.05263157894736842
jasno,brez oblačka,0.05263157894736842
jasno,vreme,0.21052631578947367
jasno,čisto,0.05263157894736842
jasno,razumevanje,0.05263157894736842
jasno,glasno,0.05263157894736842
jasno,nebo,0.3684210526315789
jasno,vidim,0.05263157894736842
jasno,brez oblakov,0.05263157894736842
jezero,triglavsko,0.05263157894736842
jezero,modra,0.05263157894736842
jezero,mi,0.05263157894736842
jezero,gladina,0.05263157894736842
jezero,spokoj,0.05263157894736842
jezero,kinč nebeški,0.05263157894736842
jezero,roman,0.05263157894736842
jezero,plavanje,0.05263157894736842
jezero,voda,0.3684210526315789
jezero,presihajoče,0.05263157894736842
jezero,modrina,0.05263157894736842
jezero,modro,0.05263157894736842
jezero,morje,0.05263157894736842
jutri,sobota,0.05263157894736842
jutri,nov dan,0.10526315789473684
jutri,prihodnost,0.15789473684210525
jutri,jutr,0.05263157894736842
jutri,je nov dan,0.05263157894736842
jutri,zjutraj,0.10526315789473684
jutri,danes,0.05263157894736842
jutri,ponedeljek,0.05263157894736842
jutri,naslednji dan,0.05263157894736842
jutri,dan,0.05263157894736842
jutri,pojutrišnjem,0.05263157894736842
jutri,drugič,0.05263157894736842
jutri,jutri bo nov dan,0.05263157894736842
jutri,kruh,0.05263157894736842
jutri,včeraj,0.05263157894736842
južni,na jugu,0.05263157894736842
južni,tečaj,0.05263157894736842
južni,križ,0.10526315789473684
južni,bosna,0.05263157894736842
južni,veter,0.15789473684210525
južni,pol,0.10526315789473684
južni,brat,0.05263157894736842
južni,vjetar,0.05263157894736842
južni,temni,0.05263157894736842
južni,topel,0.10526315789473684
južni,severni,0.05263157894736842
južni,zemljevid,0.05263157894736842
južni,toplo,0.05263157894736842
južni,antarktika,0.05263157894736842
kaj,čaj,0.15789473684210525
kaj,zakaj,0.10526315789473684
kaj,nekaj,0.05263157894736842
kaj,vprašalni zaimek,0.05263157894736842
kaj,mačka,0.05263157894736842
kaj,kaj kaj,0.05263157894736842
kaj,kdo,0.10526315789473684
kaj,vprašalnica,0.15789473684210525
kaj,ne vem,0.05263157894736842
kaj,kje,0.05263157894736842
kaj,vprašanje,0.15789473684210525
kakovost,vrhunsko,0.047619047619047616
kakovost,kvaliteta,0.3333333333333333
kakovost,življenja,0.047619047619047616
kakovost,odličnost,0.09523809523809523
kakovost,"pričakovan nivo izdelka ali storitve, dogivorjeni standardi za kakovost",0.047619047619047616
kakovost,izdelka,0.09523809523809523
kakovost,dobro,0.14285714285714285
kakovost,hrana,0.047619047619047616
kakovost,odlična,0.047619047619047616
kakovost,zadovoljstvo,0.047619047619047616
kakovost,inženir kakovosti,0.047619047619047616
kakovosten,spanec,0.05
kakovosten,dober,0.15
kakovosten,čas,0.05
kakovosten,material,0.05
kakovosten,količinski,0.05
kakovosten,pupporaben,0.05
kakovosten,program,0.05
kakovosten,kvaliteten,0.15
kakovosten,kader,0.05
kakovosten,oblačila,0.05
kakovosten,drag,0.1
kakovosten,knjiga,0.05
kakovosten,kaktus,0.05
kakovosten,maslo,0.05
kakovosten,deloven,0.05
kampanja,fehtanje,0.05263157894736842
kampanja,društvo,0.05263157894736842
kampanja,reklama,0.05263157894736842
kampanja,vodenje,0.05263157894736842
kampanja,politična,0.05263157894736842
kampanja,oglas,0.05263157894736842
kampanja,akcija,0.05263157894736842
kampanja,osveščanje,0.05263157894736842
kampanja,politika,0.15789473684210525
kampanja,politima,0.05263157894736842
kampanja,promocija,0.05263157894736842
kampanja,volilna,0.05263157894736842
kampanja,mediji,0.05263157894736842
kampanja,določen čas,0.05263157894736842
kampanja,volitve,0.05263157894736842
kampanja,medijska,0.05263157894736842
kampanja,organizirana promocijska akcija,0.05263157894736842
kapital,premoženje,0.10526315789473684
kapital,finančni,0.05263157894736842
kapital,marx,0.10526315789473684
kapital,denarna sredstva,0.05263157894736842
kapital,dobiček,0.05263157894736842
kapital,podjetje,0.05263157894736842
kapital,denar,0.5263157894736842
kapital,kapitalizem,0.05263157894736842
kariera,priložnost,0.047619047619047616
kariera,nekaj kar nas zaznamuje,0.047619047619047616
kariera,nogometna,0.047619047619047616
kariera,uspešen,0.047619047619047616
kariera,politika,0.047619047619047616
kariera,služba,0.47619047619047616
kariera,denar,0.14285714285714285
kariera,delo,0.047619047619047616
kariera,cilji,0.047619047619047616
kariera,uspešna,0.047619047619047616
kartica,razglednica,0.05263157894736842
kartica,bančna,0.3157894736842105
kartica,igra,0.05263157894736842
kartica,manjša karta,0.05263157894736842
kartica,izkaznica,0.05263157894736842
kartica,vstop,0.10526315789473684
kartica,pass,0.05263157894736842
kartica,banka,0.2631578947368421
kartica,denar,0.05263157894736842
kasneje,zamik,0.05263157894736842
kasneje,odlog,0.05263157894736842
kasneje,se videti,0.05263157894736842
kasneje,potem,0.10526315789473684
kasneje,prihodnost,0.10526315789473684
kasneje,odklonitev,0.05263157894736842
kasneje,pol ob 3,0.05263157894736842
kasneje,zdaj,0.10526315789473684
kasneje,večer,0.05263157894736842
kasneje,pridem,0.10526315789473684
kasneje,odlašam,0.05263157894736842
kasneje,pozneje,0.15789473684210525
kasneje,zamuda,0.05263157894736842
kategorija,starost,0.05
kategorija,lastnost,0.05
kategorija,spletne strani za nakupovanje,0.05
kategorija,imperativ,0.05
kategorija,skupina,0.05
kategorija,boks,0.05
kategorija,šport,0.05
kategorija,vozniška,0.05
kategorija,anketa,0.05
kategorija,tekmovanja,0.05
kategorija,sport,0.05
kategorija,vrsta,0.2
kategorija,avto,0.05
kategorija,filtriranje,0.05
kategorija,razvrstitev,0.05
kategorija,predal,0.05
kategorija,razred,0.05
kazen,prekršek,0.047619047619047616
kazen,bič,0.047619047619047616
kazen,policaj,0.047619047619047616
kazen,denarna,0.047619047619047616
kazen,plačilo,0.047619047619047616
kazen,sodišče,0.047619047619047616
kazen,pravična,0.047619047619047616
kazen,zapor,0.14285714285714285
kazen,parkiranje,0.047619047619047616
kazen,narobe,0.047619047619047616
kazen,zakon,0.047619047619047616
kazen,denar,0.047619047619047616
kazen,smrtna,0.14285714285714285
kazen,neprijetnost,0.047619047619047616
kazen,zločin,0.14285714285714285
kazenski,pravični,0.05263157894736842
kazenski,postopki,0.05263157894736842
kazenski,strel,0.05263157894736842
kazenski,zakonik,0.2631578947368421
kazenski,postopek,0.10526315789473684
kazenski,strog,0.05263157894736842
kazenski,sodnik,0.05263157894736842
kazenski,globa,0.05263157894736842
kazenski,ovadba,0.05263157894736842
kazenski,sodišče,0.05263157894736842
kazenski,pregon,0.15789473684210525
kazenski,zločin,0.05263157894736842
kaznivo,prepovedano,0.05263157894736842
kaznivo,dejanje,0.42105263157894735
kaznivo,umor,0.05263157894736842
kaznivo,policaj,0.05263157894736842
kaznivo,narobe,0.05263157894736842
kaznivo,kazen,0.10526315789473684
kaznivo,ječa,0.05263157894736842
kaznivo,prepoved,0.05263157894736842
kaznivo,malo,0.05263157894736842
kaznivo,nedovoljeno,0.05263157894736842
kaznivo,sodišče,0.05263157894736842
kdaj,vn,0.05263157894736842
kdaj,... boš prišel,0.05263157894736842
kdaj,čas,0.42105263157894735
kdaj,prihod,0.05263157894736842
kdaj,ju3,0.05263157894736842
kdaj,pa kdaj,0.05263157894736842
kdaj,večno vprašanje,0.05263157894736842
kdaj,vprašalnica,0.05263157894736842
kdaj,kje,0.10526315789473684
kdaj,zdaj,0.05263157894736842
kdaj,ko,0.05263157894736842
kilogram,veliko,0.05263157894736842
kilogram,kg,0.05263157894736842
kilogram,mera,0.05263157894736842
kilogram,telesna masa,0.05263157894736842
kilogram,kruha,0.05263157894736842
kilogram,gmota,0.05263157894736842
kilogram,debela sem,0.05263157894736842
kilogram,teža,0.42105263157894735
kilogram,teza,0.10526315789473684
kilogram,kila,0.05263157894736842
kilogram,fizika,0.05263157894736842
kilometer,km,0.047619047619047616
kilometer,proga,0.047619047619047616
kilometer,razdalja,0.09523809523809523
kilometer,1000 metrov,0.09523809523809523
kilometer,dolžina,0.047619047619047616
kilometer,oddaljenost,0.047619047619047616
kilometer,meter,0.047619047619047616
kilometer,potovanje,0.047619047619047616
kilometer,merska enota v eu,0.047619047619047616
kilometer,avto,0.14285714285714285
kilometer,na uro,0.09523809523809523
kilometer,hitrost,0.047619047619047616
kilometer,pot,0.047619047619047616
kilometer,vožnja,0.09523809523809523
kilometer,dožina,0.047619047619047616
kje,sem,0.05
kje,čas,0.05
kje,kam,0.05
kje,tam,0.1
kje,si,0.05
kje,si se skrival,0.05
kje,lokacija,0.05
kje,kdo,0.05
kje,tukaj,0.05
kje,kraj,0.3
kje,iščem,0.05
kje,trava,0.05
kje,kod,0.05
kje,tu,0.05
klasičen,običajen,0.047619047619047616
klasičen,"zgleden, vzorčen, uravnotežen",0.047619047619047616
klasičen,koncertna glasba iz prejšnjih stoletij,0.047619047619047616
klasičen,umirjen,0.047619047619047616
klasičen,zanimiv,0.047619047619047616
klasičen,glasba,0.23809523809523808
klasičen,slog,0.047619047619047616
klasičen,instrument,0.047619047619047616
klasičen,preverjen,0.047619047619047616
klasičen,zanesljiv,0.047619047619047616
klasičen,splošen,0.047619047619047616
klasičen,dolgočasen,0.047619047619047616
klasičen,navaden,0.047619047619047616
klasičen,avto,0.047619047619047616
klasičen,ples,0.047619047619047616
klasičen,standarden,0.09523809523809523
ključen,ključ,0.05
ključen,poglaviten,0.05
ključen,nejbolj pomemben,0.05
ključen,kazalnik,0.05
ključen,bistven,0.1
ključen,odločilen,0.05
ključen,dokaz,0.05
ključen,bistvo,0.05
ključen,informacija,0.05
ključen,zapis,0.05
ključen,pomemben,0.2
ključen,pogovor za službo,0.05
ključen,partner,0.05
ključen,ključnica,0.05
ključen,zelo pomemben,0.05
ključen,nepogrešljiv,0.05
klop,"nevarno, strah, malo",0.05263157894736842
klop,tarok,0.05263157894736842
klop,meningitis,0.05263157894736842
klop,okužen,0.05263157894736842
klop,sedalo,0.05263157894736842
klop,matjaž,0.05263157894736842
klop,pes,0.05263157894736842
klop,borelioza,0.05263157894736842
klop,sedeti,0.10526315789473684
klop,žival,0.05263157894736842
klop,borelija,0.05263157894736842
klop,šola,0.05263157894736842
klop,zajedalec,0.05263157894736842
klop,v gozdu,0.05263157894736842
klop,žuželka,0.10526315789473684
klop,klopni meningitis,0.05263157894736842
klop,bolezen,0.05263157894736842
kmet,krava,0.10526315789473684
kmet,krave,0.05263157894736842
kmet,živinoreja,0.05263157894736842
kmet,njiva,0.15789473684210525
kmet,krompir,0.05263157894736842
kmet,človek,0.05263157894736842
kmet,travnik,0.05263157894736842
kmet,kmetavzar,0.05263157894736842
kmet,podeželje,0.05263157894736842
kmet,narava,0.05263157894736842
kmet,kmetija,0.15789473684210525
kmet,delo,0.05263157894736842
kmet,šah,0.05263157894736842
kmet,fant,0.05263157894736842
kmetija,krava,0.2631578947368421
kmetija,kokoš,0.05263157894736842
kmetija,krave,0.05263157894736842
kmetija,traktor,0.10526315789473684
kmetija,kmet,0.10526315789473684
kmetija,toplina,0.05263157894736842
kmetija,živali,0.05263157894736842
kmetija,oskrba,0.05263157894736842
kmetija,zelenjava,0.05263157894736842
kmetija,svoboda,0.05263157894736842
kmetija,podeželje,0.05263157894736842
kmetija,mir,0.05263157894736842
kmetija,hribi,0.05263157894736842
kmetijski,kombinat,0.05
kmetijski,zadruga,0.05
kmetijski,pridelek,0.05
kmetijski,traktor,0.05
kmetijski,stroj,0.15
kmetijski,kmet,0.15
kmetijski,povezan z zemljo,0.05
kmetijski,povezano s kmetijo,0.05
kmetijski,inštitut,0.05
kmetijski,zastarel,0.05
kmetijski,zemljišče,0.1
kmetijski,predmet,0.05
kmetijski,kmetavz,0.05
kmetijski,posel,0.05
kmetijski,proizvodnja,0.05
kmetijstvo,agrar,0.05555555555555555
kmetijstvo,živinoreja,0.05555555555555555
kmetijstvo,traktor,0.05555555555555555
kmetijstvo,zemlja,0.05555555555555555
kmetijstvo,njiva,0.05555555555555555
kmetijstvo,obdelovanje zemlje,0.1111111111111111
kmetijstvo,poljedelstvo,0.05555555555555555
kmetijstvo,podeželje,0.05555555555555555
kmetijstvo,zaostalo,0.05555555555555555
kmetijstvo,vinograd,0.05555555555555555
kmetijstvo,ekološko,0.05555555555555555
kmetijstvo,konji,0.05555555555555555
kmetijstvo,hrana,0.1111111111111111
kmetijstvo,travniki,0.05555555555555555
kmetijstvo,kmetija,0.05555555555555555
kmetijstvo,krajnc,0.05555555555555555
knjižnica,očala,0.05263157894736842
knjižnica,bibliotekar,0.05263157894736842
knjižnica,knjige,0.2631578947368421
knjižnica,v loki,0.05263157894736842
knjižnica,fakulteta,0.05263157894736842
knjižnica,biblioteka,0.05263157894736842
knjižnica,library,0.05263157894736842
knjižnica,knjiga,0.3157894736842105
knjižnica,hram,0.05263157894736842
knjižnica,ustanova za izposojo knjig,0.05263157894736842
koalicija,politika,0.17647058823529413
koalicija,sodelovaje,0.058823529411764705
koalicija,združenje,0.058823529411764705
koalicija,strankarska,0.058823529411764705
koalicija,koala,0.11764705882352941
koalicija,desna,0.058823529411764705
koalicija,vlada,0.11764705882352941
koalicija,premier,0.058823529411764705
koalicija,mhm,0.058823529411764705
koalicija,povezava,0.058823529411764705
koalicija,zveza,0.11764705882352941
koalicija,janša,0.058823529411764705
kolega,včasih jih je bilo veliko,0.05
kolega,sodelavec,0.15
kolega,konferenca,0.05
kolega,sodelovanje,0.05
kolega,zabava,0.05
kolega,najboljši,0.05
kolega,komrad,0.05
kolega,radost,0.05
kolega,prijatelj,0.35
kolega,služba,0.1
kolega,fraza,0.05
količina,posoda,0.05555555555555555
količina,mera,0.2222222222222222
količina,veliko,0.05555555555555555
količina,hrane,0.1111111111111111
količina,moka,0.05555555555555555
količina,množica,0.05555555555555555
količina,kvantiteta,0.05555555555555555
količina,voda,0.05555555555555555
količina,hrana,0.05555555555555555
količina,enota,0.05555555555555555
količina,sadje,0.05555555555555555
količina,matematična,0.05555555555555555
količina,teža,0.05555555555555555
količina,kilogram,0.05555555555555555
koliko,starost,0.05263157894736842
koliko,čas,0.05263157894736842
koliko,cena,0.05263157894736842
koliko,denarja,0.05263157894736842
koliko,ljudi,0.05263157894736842
koliko,trgovina,0.05263157894736842
koliko,število,0.05263157894736842
koliko,še?,0.05263157894736842
koliko,kolk,0.05263157894736842
koliko,česa?,0.05263157894736842
koliko,krat,0.05263157894736842
koliko,toliko,0.21052631578947367
koliko,meriš,0.05263157894736842
koliko,vprašanje,0.05263157894736842
koliko,v metrih ali kilogramih?,0.05263157894736842
koliko,česa,0.05263157894736842
kolo,mtb,0.05263157894736842
kolo,pogačar,0.05263157894736842
kolo,voziti se,0.05263157894736842
kolo,čista energija,0.05263157894736842
kolo,bicikel,0.10526315789473684
kolo,zavora,0.05263157894736842
kolo,prevozno sredstvo,0.05263157894736842
kolo,bicikelj,0.05263157894736842
kolo,voziti,0.05263157894736842
kolo,kolesa,0.05263157894736842
kolo,e kolo,0.05263157894736842
kolo,prevoz,0.15789473684210525
kolo,bicikl,0.10526315789473684
kolo,služba,0.05263157894736842
kolo,vožnja,0.05263157894736842
komaj,končati,0.058823529411764705
komaj,za las,0.058823529411764705
komaj,težko,0.058823529411764705
komaj,jedva,0.058823529411764705
komaj,utrujenost,0.058823529411764705
komaj,s težavo,0.058823529411764705
komaj,niti ne,0.058823529411764705
komaj,le,0.058823529411764705
komaj,samo,0.058823529411764705
komaj,življenje,0.058823529411764705
komaj,zadostna ocena,0.058823529411764705
komaj,šele,0.058823529411764705
komaj,malo,0.11764705882352941
komaj,uspeh,0.058823529411764705
komaj,kaj,0.058823529411764705
komaj,za mišjo dlako,0.058823529411764705
kombinacija,različnost,0.05
kombinacija,boks,0.05
kombinacija,zaporedje,0.05
kombinacija,skladnost,0.05
kombinacija,množica,0.05
kombinacija,sosledje,0.05
kombinacija,številke,0.05
kombinacija,uganka,0.05
kombinacija,drog,0.05
kombinacija,barve,0.05
kombinacija,številk,0.05
kombinacija,ključavnica,0.05
kombinacija,metod,0.05
kombinacija,"sestaviti, združiti",0.05
kombinacija,matematika,0.2
kombinacija,ekipa,0.05
kombinacija,združitev,0.05
končan,konec,0.1111111111111111
končan,življenje,0.05555555555555555
končan,oddahniti si,0.05555555555555555
končan,"v narečju: je biu prou končan (utrujen, depresiven)",0.05555555555555555
končan,cilj,0.1111111111111111
končan,projekt,0.1111111111111111
končan,fertik,0.05555555555555555
končan,zaključen,0.1111111111111111
končan,izpit,0.05555555555555555
končan,vpis,0.05555555555555555
končan,knjiga,0.05555555555555555
končan,gotov,0.05555555555555555
končan,letnik,0.05555555555555555
končan,začetek,0.05555555555555555
koncert,rock,0.1111111111111111
koncert,glasba,0.3333333333333333
koncert,simfonični orkester,0.05555555555555555
koncert,alkohol,0.05555555555555555
koncert,izvajalec,0.05555555555555555
koncert,oder,0.1111111111111111
koncert,orkester,0.05555555555555555
koncert,žur,0.05555555555555555
koncert,rockenroll,0.05555555555555555
koncert,prireditev,0.05555555555555555
koncert,glasbena prireditev,0.05555555555555555
končno,finally,0.05555555555555555
končno,bodo začeli delat,0.05555555555555555
končno,čakanje,0.05555555555555555
končno,poročilo,0.1111111111111111
končno,konec,0.1111111111111111
končno,zamujanje,0.05555555555555555
končno,neskončno,0.05555555555555555
končno,svoboda,0.05555555555555555
končno,cilj,0.1111111111111111
končno,oddih,0.05555555555555555
končno,upanje,0.05555555555555555
končno,nazadnje,0.05555555555555555
končno,na koncu,0.05555555555555555
končno,zamujati,0.05555555555555555
končno,skrajno,0.05555555555555555
konferenca,predavanje,0.16
konferenca,svetovna,0.04
konferenca,srečanje,0.04
konferenca,zbiranje,0.04
konferenca,ob zaključku šole,0.04
konferenca,ocene,0.04
konferenca,šola,0.04
konferenca,sestanek,0.12
konferenca,znanost,0.12
konferenca,slušalke,0.04
konferenca,združenje,0.04
konferenca,tiskovna,0.08
konferenca,konec nekega obdobja,0.04
konferenca,dvorana,0.04
konferenca,pedagoška,0.04
konferenca,strokovnost,0.04
konferenca,ne grem,0.04
konj,krava,0.05263157894736842
konj,šport,0.05263157894736842
konj,butast,0.05263157894736842
konj,žival,0.47368421052631576
konj,rjava,0.05263157894736842
konj,žrebe,0.05263157894736842
konj,prijatelj,0.05263157894736842
konj,žrebec,0.05263157894736842
konj,jahanje,0.05263157894736842
konj,beseda,0.10526315789473684
konkreten,jasen,0.10526315789473684
konkreten,točno tako,0.05263157894736842
konkreten,cement,0.05263157894736842
konkreten,oprijemljiv,0.05263157894736842
konkreten,obilen,0.05263157894736842
konkreten,močen,0.05263157894736842
konkreten,natančen,0.05263157894736842
konkreten,točen,0.05263157894736842
konkreten,primer,0.05263157894736842
konkreten,cel,0.05263157894736842
konkreten,razumljiv,0.05263157894736842
konkreten,prav ta,0.05263157894736842
konkreten,močan,0.05263157894736842
konkreten,abstrakten,0.05263157894736842
konkreten,oseba,0.05263157894736842
konkreten,velik,0.05263157894736842
konkreten,direkten,0.05263157894736842
konkreten,ful,0.05263157894736842
konkurenca,med,0.047619047619047616
konkurenca,tekmovalnost,0.047619047619047616
konkurenca,opps,0.047619047619047616
konkurenca,tekma,0.14285714285714285
konkurenca,tekmovanje,0.3333333333333333
konkurenca,rivalstvo,0.047619047619047616
konkurenca,podjetje,0.14285714285714285
konkurenca,samopodoba,0.047619047619047616
konkurenca,izdelek,0.047619047619047616
konkurenca,sotekmovalci,0.047619047619047616
konkurenca,zmaga,0.047619047619047616
korak,pohod,0.037037037037037035
korak,za korakom,0.037037037037037035
korak,hoja,0.14814814814814814
korak,čas,0.037037037037037035
korak,napredek,0.07407407407407407
korak,naslednji,0.037037037037037035
korak,noge,0.037037037037037035
korak,čevelj,0.037037037037037035
korak,naprej,0.07407407407407407
korak,čevlji,0.037037037037037035
korak,noga,0.037037037037037035
korak,sprehod,0.07407407407407407
korak,človek,0.037037037037037035
korak,tek,0.037037037037037035
korak,v drugo stran,0.037037037037037035
korak,dolg korak,0.037037037037037035
korak,premik,0.037037037037037035
korak,glasen,0.037037037037037035
korak,hitenje,0.037037037037037035
korak,korak naprej in nazaj,0.037037037037037035
korak,pot,0.037037037037037035
korist,pridobitev,0.05555555555555555
korist,korenje,0.05555555555555555
korist,dobiček,0.1111111111111111
korist,sebičnost,0.05555555555555555
korist,od drugih,0.05555555555555555
korist,udobje,0.05555555555555555
korist,dobrobit,0.16666666666666666
korist,družbena,0.05555555555555555
korist,pomoč,0.05555555555555555
korist,denar,0.16666666666666666
korist,darilo,0.05555555555555555
korist,delo,0.05555555555555555
korist,čebela,0.05555555555555555
košarkar,športnik,0.2
košarkar,šport,0.05
košarkar,ivo daneu,0.05
košarkar,luka,0.05
košarkar,naj bo,0.1
košarkar,dončič,0.05
košarkar,visok,0.1
košarkar,odbojkaš,0.05
košarkar,košarka,0.05
košarkar,union,0.05
košarkar,dragić,0.05
košarkar,žoga,0.15
košarkar,igralec,0.05
koža,skrb,0.05555555555555555
koža,diši,0.05555555555555555
koža,rdeča,0.05555555555555555
koža,povrhnjica,0.05555555555555555
koža,akne,0.05555555555555555
koža,guba,0.05555555555555555
koža,bež,0.05555555555555555
koža,lepa,0.1111111111111111
koža,roka,0.05555555555555555
koža,suha,0.05555555555555555
koža,gladko,0.05555555555555555
koža,mozoljavost,0.05555555555555555
koža,organ,0.1111111111111111
koža,dotik,0.05555555555555555
koža,roža,0.05555555555555555
koža,znoj,0.05555555555555555
kralj,praviče,0.047619047619047616
kralj,matjaž,0.047619047619047616
kralj,živali,0.047619047619047616
kralj,kraljestvo,0.047619047619047616
kralj,prestol,0.047619047619047616
kralj,cesar,0.047619047619047616
kralj,mogočnost,0.047619047619047616
kralj,moški,0.047619047619047616
kralj,kraljica,0.3333333333333333
kralj,grad,0.047619047619047616
kralj,vladar,0.09523809523809523
kralj,voditelj,0.047619047619047616
kralj,kraljevi,0.047619047619047616
kralj,charles,0.047619047619047616
kri,strah,0.05263157894736842
kri,krvodajalstvo,0.10526315789473684
kri,rdeča,0.15789473684210525
kri,življenje,0.10526315789473684
kri,bolečina,0.05263157894736842
kri,težko prenašam pogled na kri,0.05263157894736842
kri,akcija,0.05263157894736842
kri,rdeče,0.15789473684210525
kri,teče,0.05263157894736842
kri,tekočina,0.05263157894736842
kri,voda,0.05263157894736842
kri,krvaveti,0.05263157894736842
kri,rana,0.05263157894736842
kriv,krivec,0.038461538461538464
kriv,obtožen,0.038461538461538464
kriv,naslov zelo zanimive knjige/stripa,0.038461538461538464
kriv,rdeča,0.038461538461538464
kriv,sola,0.038461538461538464
kriv,slaba vest,0.038461538461538464
kriv,obtožba,0.07692307692307693
kriv,zapornik,0.038461538461538464
kriv,umora,0.038461538461538464
kriv,zapor,0.07692307692307693
kriv,raven,0.038461538461538464
kriv,lažnivec,0.038461538461538464
kriv,nedolžen,0.15384615384615385
kriv,za napake,0.038461538461538464
kriv,krivica,0.07692307692307693
kriv,zločin,0.15384615384615385
kriv,krivda,0.038461538461538464
kriza,svetovna,0.05263157894736842
kriza,rdeča,0.05263157894736842
kriza,reklame,0.05263157894736842
kriza,življenje,0.10526315789473684
kriza,finance,0.05263157894736842
kriza,država,0.05263157894736842
kriza,žalost,0.05263157894736842
kriza,srednja leta,0.05263157894736842
kriza,težave,0.05263157894736842
kriza,se znajdeš v stistki,0.05263157894736842
kriza,nafta,0.05263157894736842
kriza,wc papir,0.05263157894736842
kriza,panika,0.10526315789473684
kriza,ekonomska,0.05263157894736842
kriza,finančna,0.05263157894736842
kriza,kapitalizem,0.05263157894736842
kriza,kriza srednjih let,0.05263157894736842
kupec,stranka,0.05555555555555555
kupec,iskalec,0.05555555555555555
kupec,prodajalka,0.05555555555555555
kupec,kupiti,0.05555555555555555
kupec,v trgovini,0.05555555555555555
kupec,potrošnik,0.05555555555555555
kupec,trgovina,0.5
kupec,prodajalec,0.1111111111111111
kupec,denar,0.05555555555555555
kupiti,nakup,0.058823529411764705
kupiti,knjige,0.058823529411764705
kupiti,trgovina,0.11764705882352941
kupiti,prehrana,0.058823529411764705
kupiti,f,0.058823529411764705
kupiti,plačati,0.058823529411764705
kupiti,porabiti denar,0.058823529411764705
kupiti,nabaviti,0.058823529411764705
kupiti,hrano,0.11764705882352941
kupiti,denar,0.23529411764705882
kupiti,zvezek,0.058823529411764705
kupiti,kruh,0.058823529411764705
kvalifikacija,poklicna,0.05263157894736842
kvalifikacija,šport,0.10526315789473684
kvalifikacija,sprejemanje,0.05263157894736842
kvalifikacija,sposobnost,0.05263157894736842
kvalifikacija,lakers,0.05263157894736842
kvalifikacija,izobrazba,0.10526315789473684
kvalifikacija,potegovanje,0.05263157894736842
kvalifikacija,kariera,0.05263157894736842
kvalifikacija,znanje,0.05263157894736842
kvalifikacija,barcelona,0.05263157894736842
kvalifikacija,uvrstitev,0.10526315789473684
kvalifikacija,usposabljanje,0.05263157894736842
kvalifikacija,pridobljena veščina,0.05263157894736842
kvalifikacija,delo,0.05263157894736842
kvalifikacija,slaba,0.05263157894736842
kvalifikacija,nogomet,0.05263157894736842
ladja,jadrnica,0.10526315789473684
ladja,čoln,0.21052631578947367
ladja,slabost,0.05263157894736842
ladja,vesolska ladja,0.05263157894736842
ladja,pristanišče,0.05263157894736842
ladja,morne,0.05263157894736842
ladja,v pristanišču,0.05263157894736842
ladja,mornar,0.05263157894736842
ladja,modrina,0.05263157894736842
ladja,morje,0.3157894736842105
lahek,ženska,0.05555555555555555
lahek,otročji,0.05555555555555555
lahek,korak,0.05555555555555555
lahek,težek,0.1111111111111111
lahek,malo,0.05555555555555555
lahek,test,0.05555555555555555
lahek,plen,0.16666666666666666
lahek,preprost,0.05555555555555555
lahek,kot pero,0.05555555555555555
lahek,pero,0.2222222222222222
lahek,lahkoten,0.05555555555555555
lahek,puh,0.05555555555555555
las,umivanje,0.05263157894736842
las,zamašen odtok,0.05263157894736842
las,glavnik,0.05263157894736842
las,koder,0.05263157894736842
las,krtača,0.05263157894736842
las,frizura,0.05263157894736842
las,keratin,0.05263157894736842
las,dlaka,0.15789473684210525
las,siv,0.05263157894736842
las,frizuza,0.05263157894736842
las,lasišče,0.05263157894736842
las,zlat,0.05263157894736842
las,kodri,0.05263157894736842
las,lasulja,0.10526315789473684
las,glava,0.10526315789473684
last,posest,0.07692307692307693
last,kralj,0.038461538461538464
last,moje,0.15384615384615385
last,svojina,0.038461538461538464
last,nepremičnine,0.038461538461538464
last,hisa,0.038461538461538464
last,zemlje,0.038461538461538464
last,last hiše ali objekta,0.038461538461538464
last,omejitev,0.038461538461538464
last,strast,0.038461538461538464
last,nekaj kar je moje,0.038461538461538464
last,lastnik,0.038461538461538464
last,imetje,0.038461538461538464
last,denar,0.038461538461538464
last,imeti,0.038461538461538464
last,lastnina,0.19230769230769232
last,least,0.038461538461538464
last,moje mame,0.038461538461538464
lastnost,leseno,0.05263157894736842
lastnost,pridevnik,0.05263157894736842
lastnost,samostalnik,0.05263157894736842
lastnost,značilnost,0.15789473684210525
lastnost,kvaliteta,0.05263157894736842
lastnost,prvina,0.05263157894736842
lastnost,oris,0.05263157894736842
lastnost,komunikativnost,0.05263157894736842
lastnost,prijazen,0.05263157894736842
lastnost,narava,0.05263157894736842
lastnost,dobra,0.05263157894736842
lastnost,enost,0.05263157894736842
lastnost,značilnosti,0.05263157894736842
lastnost,človeka,0.05263157894736842
lastnost,karakteristika,0.05263157894736842
lastnost,vsebina,0.05263157894736842
lastnost,dober,0.05263157894736842
lepo,krasno,0.05263157894736842
lepo,sonce,0.10526315789473684
lepo,koncept,0.05263157894736842
lepo,svetlo,0.05263157894736842
lepo,prekrasno,0.05263157894736842
lepo,lično,0.05263157894736842
lepo,čudovito,0.10526315789473684
lepo,prijetno,0.05263157894736842
lepo,drugačno,0.05263157894736842
lepo,dan,0.05263157894736842
lepo,umetnost,0.05263157894736842
lepo,bitje,0.05263157894736842
lepo,estetsko,0.15789473684210525
lepo,odlično,0.05263157894736842
lepo,grdo,0.05263157894736842
lestvica,tveganja,0.058823529411764705
lestvica,prvo mesto,0.058823529411764705
lestvica,popularni,0.058823529411764705
lestvica,lestev,0.11764705882352941
lestvica,zaporedje,0.058823529411764705
lestvica,vrh,0.058823529411764705
lestvica,glasba,0.29411764705882354
lestvica,lojtra,0.058823529411764705
lestvica,seznam,0.058823529411764705
lestvica,note,0.058823529411764705
lestvica,merilo,0.058823529411764705
lestvica,ocena,0.058823529411764705
letališče,letalo,0.3684210526315789
letališče,čakanje,0.05263157894736842
letališče,avion,0.10526315789473684
letališče,velik prostor,0.05263157894736842
letališče,aerodrom,0.05263157894736842
letališče,potovanje,0.15789473684210525
letališče,brnik,0.10526315789473684
letališče,letal,0.05263157894736842
letališče,letala,0.05263157894736842
letalo,krila,0.05555555555555555
letalo,letenje,0.05555555555555555
letalo,prevozno sredstvo,0.05555555555555555
letalo,avion,0.1111111111111111
letalo,nesreča,0.05555555555555555
letalo,počitnice,0.05555555555555555
letalo,boeing,0.05555555555555555
letalo,nebo,0.1111111111111111
letalo,avijon,0.05555555555555555
letalo,helikopter,0.05555555555555555
letalo,9/11,0.05555555555555555
letalo,potovanje,0.16666666666666666
letalo,leti,0.05555555555555555
letalo,pilot,0.05555555555555555
letnik,srednja šola,0.05
letnik,starost,0.05
letnik,enako star,0.05
letnik,rojstvo,0.05
letnik,4,0.05
letnik,šolanje,0.05
letnik,rojstva,0.15
letnik,razred,0.05
letnik,generacija,0.05
letnik,prvi,0.1
letnik,izdaje,0.05
letnik,moj,0.05
letnik,letnica,0.05
letnik,gimnazija,0.1
letnik,ponavljanje,0.05
letnik,sošolec,0.05
lev,kralj,0.1111111111111111
lev,strah,0.05555555555555555
lev,burja,0.05555555555555555
lev,levinja,0.05555555555555555
lev,živalski vrt,0.05555555555555555
lev,moč,0.1111111111111111
lev,osel,0.05555555555555555
lev,žival,0.2777777777777778
lev,mačka,0.05555555555555555
lev,horoskop,0.05555555555555555
lev,kralj živali,0.05555555555555555
lev,zodiak,0.05555555555555555
ležati,prosti čas,0.05263157894736842
ležati,pomirjenost,0.05263157894736842
ležati,počivati,0.15789473684210525
ležati,na travi,0.05263157894736842
ležati,počitek,0.05263157894736842
ležati,mrlič,0.05263157894736842
ležati,spanje,0.05263157894736842
ležati,na plaži,0.05263157894736842
ležati,posla,0.05263157894736842
ležati,lenariti,0.05263157894736842
ležati,ležalnik,0.10526315789473684
ležati,plaža,0.05263157894736842
ležati,brezdelje,0.05263157894736842
ležati,postelja,0.15789473684210525
list,"drevesa, rastline, cvetice",0.05
list,papir,0.35
list,belo,0.05
list,papirja,0.15
list,belina,0.05
list,steblo,0.05
list,drevo,0.3
liter,vina,0.1
liter,posoda,0.05
liter,tekočina,0.05
liter,voda,0.15
liter,fizikalna enota za količino tekočine,0.05
liter,mleko,0.15
liter,vrč,0.05
liter,steklenica,0.1
liter,enota,0.05
liter,mleka,0.1
liter,vode,0.15
ljubezen,družina,0.047619047619047616
ljubezen,abstraktni pojem,0.047619047619047616
ljubezen,spoštovanje,0.047619047619047616
ljubezen,izbira,0.047619047619047616
ljubezen,sreča,0.047619047619047616
ljubezen,ljudje,0.047619047619047616
ljubezen,blizu,0.047619047619047616
ljubezen,par,0.047619047619047616
ljubezen,imeti se rad,0.047619047619047616
ljubezen,čudovito,0.047619047619047616
ljubezen,sovraštvo,0.047619047619047616
ljubezen,bog,0.047619047619047616
ljubezen,mati,0.047619047619047616
ljubezen,partner,0.047619047619047616
ljubezen,rad imeti,0.047619047619047616
ljubezen,staromoden,0.047619047619047616
ljubezen,srce,0.23809523809523808
ljubitelj,fan,0.05
ljubitelj,pes,0.05
ljubitelj,glasbe,0.05
ljubitelj,ljubiteljica,0.05
ljubitelj,hobi,0.05
ljubitelj,živali,0.05
ljubitelj,glasba,0.05
ljubitelj,oboževalec,0.2
ljubitelj,filmi,0.05
ljubitelj,ljubezen,0.05
ljubitelj,amater,0.1
ljubitelj,zbiratelj,0.05
ljubitelj,oseba,0.05
ljubitelj,sovražnik,0.05
ljubitelj,dobre hrane,0.05
ljubitelj,zanesenjak,0.05
ljudski,domač,0.05263157894736842
ljudski,plesi,0.05263157894736842
ljudski,narodni,0.05263157894736842
ljudski,človek,0.10526315789473684
ljudski,tribuna,0.05263157894736842
ljudski,tradicionalen,0.05263157894736842
ljudski,pevec,0.05263157894736842
ljudski,popularen,0.05263157894736842
ljudski,zbor,0.05263157894736842
ljudski,preprost,0.05263157894736842
ljudski,človeški,0.10526315789473684
ljudski,pregovor,0.05263157894736842
ljudski,ples,0.10526315789473684
ljudski,pesem,0.05263157894736842
ljudski,vrt,0.10526315789473684
lokacija,lokativ,0.05
lokacija,mesto,0.2
lokacija,ljubljana,0.05
lokacija,maribor,0.05
lokacija,prizorišče,0.05
lokacija,položaj,0.05
lokacija,najdena,0.05
lokacija,risalni žebljiček,0.05
lokacija,dom,0.05
lokacija,google,0.05
lokacija,kraj,0.2
lokacija,zasebnost,0.05
lokacija,prostor,0.05
lokacija,morje,0.05
lokalen,časopis,0.05
lokalen,ekološki,0.05
lokalen,domač,0.2
lokalen,krajevni,0.05
lokalen,poznan,0.05
lokalen,pijanček,0.05
lokalen,avtobus,0.05
lokalen,mestni,0.05
lokalen,oskrba,0.05
lokalen,omejen,0.05
lokalen,zamejen,0.05
lokalen,program,0.05
lokalen,zaščitniški,0.05
lokalen,pomen,0.05
lokalen,bližnji,0.05
lokalen,veljak,0.05
lokalen,vir,0.05
lotiti,se dela,0.05
lotiti,sola,0.05
lotiti,početi,0.05
lotiti,se nečesa,0.05
lotiti,začeti,0.2
lotiti,loterija,0.1
lotiti,čistit,0.05
lotiti,suzana,0.05
lotiti,ne da se mi,0.05
lotiti,delo,0.3
lotiti,začetek,0.05
luč,na koncu tunela,0.05263157894736842
luč,svetloba,0.5263157894736842
luč,dan,0.05263157894736842
luč,eonce,0.05263157894736842
luč,svetilka,0.05263157894736842
luč,soba,0.05263157894736842
luč,svetoba,0.05263157894736842
luč,prihodnosti,0.05263157894736842
luč,žarnica,0.05263157894736842
luč,tema,0.05263157894736842
malce,skrb,0.05263157894736842
malce,malica,0.05263157894736842
malce,ne veliko,0.05263157894736842
malce,veliko,0.05263157894736842
malce,premalo,0.05263157894736842
malce,malo,0.3684210526315789
malce,malenkost,0.05263157894736842
malce,narobe,0.05263157894736842
malce,manh,0.05263157894736842
malce,majhen,0.05263157894736842
malce,drobec,0.05263157894736842
malce,bolna,0.05263157894736842
malce,res malo,0.05263157894736842
mama,dojka,0.05
mama,obremenjena,0.05
mama,življenje,0.05
mama,oči,0.05
mama,najboljša,0.05
mama,moja,0.05
mama,ljubezen,0.35
mama,starš,0.05
mama,mami,0.05
mama,oče,0.1
mama,sorodstvo,0.05
mama,mati so mi rekli,0.05
mama,mari,0.05
mandat,urška,0.05
mandat,janez janša,0.05
mandat,predsednik,0.3
mandat,štiri leta,0.05
mandat,obdobje,0.05
mandat,politik,0.1
mandat,5 let,0.05
mandat,politika,0.25
mandat,petletni,0.05
mandat,volitve,0.05
manjkati,v službi,0.05263157894736842
manjkati,pouk,0.21052631578947367
manjkati,šola,0.10526315789473684
manjkati,odsotnost,0.05263157894736842
manjkati,zamuditi,0.10526315789473684
manjkati,ne imeti,0.05263157894736842
manjkati,biti odsoten,0.05263157894736842
manjkati,odsoten,0.05263157894736842
manjkati,faliti,0.05263157894736842
manjkati,v šoli,0.10526315789473684
manjkati,pogrešati,0.05263157894736842
manjkati,hrepenenje,0.05263157894736842
manjkati,potrebščina,0.05263157894736842
material,gradivo,0.1
material,materialnost,0.05
material,železo,0.05
material,les,0.2
material,odpadno,0.05
material,za gradnjo,0.05
material,roba,0.05
material,gradbeni,0.15
material,sredstva,0.05
material,surovina,0.05
material,snov,0.1
material,stvar,0.05
material,materija,0.05
mati,vonj po kruhu,0.05555555555555555
mati,otroci,0.05555555555555555
mati,mamica,0.05555555555555555
mati,edina,0.05555555555555555
mati,toplina,0.1111111111111111
mati,ljubezen,0.2222222222222222
mati,mami,0.05555555555555555
mati,oče,0.16666666666666666
mati,šopek,0.05555555555555555
mati,mama,0.16666666666666666
medijski,časopis,0.1
medijski,novičarski,0.05
medijski,grafični,0.05
medijski,javnost,0.05
medijski,pomp,0.05
medijski,neresnična novica,0.05
medijski,oddajnik,0.05
medijski,tehnik,0.05
medijski,novinar,0.05
medijski,linč,0.05
medijski,"linčanje, objave",0.05
medijski,laž,0.05
medijski,rtv,0.05
medijski,konvekcijski,0.05
medijski,vrišč,0.05
medijski,ponpoznost,0.05
medijski,prostor,0.1
medijski,kolaps,0.05
mera,velikost,0.058823529411764705
mera,obleka,0.058823529411764705
mera,ustrezna,0.058823529411764705
mera,tehtnica,0.058823529411764705
mera,dolžina,0.11764705882352941
mera,podatek,0.058823529411764705
mera,meter,0.17647058823529413
mera,enota,0.058823529411764705
mera,dobršna,0.058823529411764705
mera,liter,0.058823529411764705
mera,obseg,0.058823529411764705
mera,kilogram,0.058823529411764705
mera,prava,0.058823529411764705
mera,občutek,0.058823529411764705
merilo,mera,0.15789473684210525
merilo,meter,0.2631578947368421
merilo,norma,0.05263157894736842
merilo,uspeha,0.05263157894736842
merilo,trikotnik,0.05263157894736842
merilo,šola,0.05263157894736842
merilo,nivo,0.05263157894736842
merilo,"določitev količine, časa...",0.05263157894736842
merilo,pošteno,0.05263157894736842
merilo,okvir,0.05263157894736842
merilo,merska enota,0.05263157894736842
merilo,matematika,0.05263157894736842
merilo,kakovost,0.05263157894736842
meso,krava,0.09090909090909091
meso,ja,0.045454545454545456
meso,puranje,0.045454545454545456
meso,rdeče,0.09090909090909091
meso,poljsko,0.045454545454545456
meso,govedina,0.09090909090909091
meso,goveje,0.045454545454545456
meso,hrana,0.22727272727272727
meso,jem,0.045454545454545456
meso,piščančje,0.045454545454545456
meso,svinjsko,0.045454545454545456
meso,piščanec,0.045454545454545456
meso,zrezek,0.09090909090909091
meso,mesnica,0.045454545454545456
metoda,raziskovanja,0.05263157894736842
metoda,analiza,0.05263157894736842
metoda,raziskovalec,0.05263157894736842
metoda,problem,0.05263157894736842
metoda,dela,0.05263157894736842
metoda,način dela,0.05263157894736842
metoda,znanstvena,0.05263157894736842
metoda,znanost,0.10526315789473684
metoda,programiranje,0.05263157894736842
metoda,varstvo,0.05263157894736842
metoda,lahka,0.05263157894736842
metoda,anita,0.05263157894736842
metoda,kuhanje,0.05263157894736842
metoda,način,0.15789473684210525
metoda,resevanje problemov,0.05263157894736842
metoda,prijem,0.05263157894736842
miniti,končati,0.15789473684210525
miniti,čas,0.3157894736842105
miniti,spomin,0.05263157894736842
miniti,konec,0.05263157894736842
miniti,življenje,0.05263157894736842
miniti,leto,0.05263157894736842
miniti,nekaj ali nekdo je odšel,0.05263157894736842
miniti,dan,0.05263157894736842
miniti,smrt,0.10526315789473684
miniti,pokopališče,0.05263157894736842
miniti,mint,0.05263157894736842
minulo,starinski izraz za preteklost,0.05263157894736842
minulo,preteklost,0.10526315789473684
minulo,preminulo,0.05263157894736842
minulo,leto,0.10526315789473684
minulo,noč,0.05263157894736842
minulo,zadnjič,0.05263157894736842
minulo,smrt,0.05263157894736842
minulo,preteklo,0.42105263157894735
minulo,delo,0.10526315789473684
mir,"pred šolo, tišina, počitek",0.05263157894736842
mir,dosežek,0.05263157894736842
mir,varnost,0.05263157894736842
mir,na svetu,0.05263157894736842
mir,spokojnost,0.05263157894736842
mir,svoboda,0.05263157894736842
mir,dobro,0.05263157894736842
mir,prijatelj,0.05263157894736842
mir,vojna,0.2631578947368421
mir,dež,0.05263157894736842
mir,tišina,0.21052631578947367
mir,in tišina,0.05263157894736842
misel,filozofija,0.05
misel,črna,0.05
misel,utrniti,0.05
misel,oblak,0.05
misel,tedna,0.05
misel,šteje,0.05
misel,lepa,0.05
misel,svoboda,0.05
misel,"modrost, fant, razmišljanje",0.05
misel,dobra,0.05
misel,pamet,0.05
misel,možgani,0.15
misel,prva,0.1
misel,razmišljanje,0.15
misel,miselni vzorec,0.05
miza,les,0.05555555555555555
miza,stol,0.2222222222222222
miza,omara,0.05555555555555555
miza,lesena,0.05555555555555555
miza,vogal,0.05555555555555555
miza,kosilo,0.16666666666666666
miza,mizar,0.05555555555555555
miza,hrana,0.1111111111111111
miza,predmet,0.05555555555555555
miza,obložena,0.05555555555555555
miza,prt,0.1111111111111111
mladinski,mlad,0.05263157894736842
mladinski,bralec,0.05263157894736842
mladinski,tabor,0.10526315789473684
mladinski,skupina,0.05263157894736842
mladinski,nekaj za mlade,0.05263157894736842
mladinski,mladostniki,0.05263157894736842
mladinski,šola,0.05263157894736842
mladinski,center,0.2631578947368421
mladinski,klub,0.05263157894736842
mladinski,zbor,0.15789473684210525
mladinski,gledališče,0.05263157894736842
mladinski,zabaven,0.05263157894736842
mleko,krava,0.21052631578947367
mleko,tetrapak,0.05263157894736842
mleko,kozarec,0.05263157894736842
mleko,krave,0.05263157894736842
mleko,voda,0.05263157894736842
mleko,alpsko,0.05263157894736842
mleko,palačinke,0.05263157894736842
mleko,čokolino kava palačinke,0.05263157894736842
mleko,laktoza,0.05263157894736842
mleko,kravje,0.05263157894736842
mleko,kosmiči,0.05263157894736842
mleko,belo,0.10526315789473684
mleko,jogurt,0.05263157894736842
mleko,bela tekočina,0.05263157894736842
mleko,sirotka,0.05263157894736842
mnogo,veliko,0.8421052631578947
mnogo,množica,0.05263157894736842
mnogo,malo,0.05263157894736842
mnogo,več,0.05263157894736842
množica,drhal,0.05263157894736842
množica,presek,0.05263157894736842
množica,ljudje,0.21052631578947367
množica,ljudi,0.10526315789473684
množica,skupnost,0.05263157894736842
množica,"gneča veliko ljudi,",0.05263157894736842
množica,število,0.05263157894736842
množica,veliko ljudi,0.10526315789473684
množica,utesnjenost,0.05263157894736842
množica,protest,0.05263157894736842
množica,veliko število ljudi,0.05263157894736842
množica,matematika,0.10526315789473684
množica,črnuhi,0.05263157894736842
mobilen,gibalen,0.047619047619047616
mobilen,hiter,0.09523809523809523
mobilen,telefon,0.38095238095238093
mobilen,premičen,0.047619047619047616
mobilen,gibljiv,0.14285714285714285
mobilen,dostopen,0.047619047619047616
mobilen,premikajoč,0.09523809523809523
mobilen,avto,0.09523809523809523
mobilen,transport,0.047619047619047616
močno,krepko,0.1
močno,zelo pomembno,0.05
močno,veselje,0.05
močno,zobovje,0.05
močno,4,0.05
močno,mišice,0.15
močno,mišica,0.05
močno,bolečina,0.05
močno,fejst,0.05
močno,lahko,0.05
močno,deževje,0.05
močno,čustvo,0.05
močno,trdno,0.05
močno,objem,0.05
močno,zelo,0.1
močno,moč,0.05
model,kalup,0.05
model,perfekten,0.05
model,avta,0.05
model,twigy,0.05
model,ljubljana,0.05
model,podatkovni,0.05
model,moda,0.15
model,top,0.05
model,fotografije,0.05
model,poslovni,0.05
model,oblika,0.05
model,lep,0.05
model,prijatelj,0.05
model,torta,0.05
model,pomoč,0.05
model,računalniški,0.05
model,manekenka,0.05
model,super,0.05
moder,janko,0.058823529411764705
moder,plav,0.058823529411764705
moder,barva,0.058823529411764705
moder,pameten,0.4117647058823529
moder,morje,0.058823529411764705
moder,starec,0.058823529411764705
moder,nebo,0.058823529411764705
moder,dirkač,0.058823529411764705
moder,star,0.11764705882352941
moder,zobek,0.058823529411764705
modni,trendovski,0.05263157894736842
modni,čevlji,0.05263157894736842
modni,dodatek,0.42105263157894735
modni,starizem,0.05263157894736842
modni,slog,0.05263157894736842
modni,novi,0.05263157894736842
modni,oblikovalec,0.05263157894736842
modni,sedanji,0.05263157894736842
modni,pista,0.05263157894736842
modni,manekenke,0.05263157894736842
modni,eleganten,0.05263157894736842
modni,ura,0.05263157894736842
morebiten,potek,0.05263157894736842
morebiten,padec,0.05263157894736842
morebiten,morda,0.10526315789473684
morebiten,neobvezen,0.05263157894736842
morebiten,zadetek,0.05263157894736842
morebiten,mogoč,0.10526315789473684
morebiten,dodatek,0.05263157894736842
morebiten,dogodek,0.05263157894736842
morebiten,ne vem,0.05263157894736842
morebiten,možen,0.05263157894736842
morebiten,negotov,0.05263157894736842
morebiten,telefon,0.05263157894736842
morebiten,pojav,0.05263157894736842
morebiten,nebodigatreba,0.05263157894736842
morebiten,trenuten,0.05263157894736842
morebiten,mogoče,0.10526315789473684
morje,vodovje,0.05
morje,delfin,0.05
morje,sonce,0.15
morje,sol,0.05
morje,plaza,0.05
morje,hrvaška,0.05
morje,počitnice,0.05
morje,jadranje,0.05
morje,kopanje,0.05
morje,crveni vrh,0.05
morje,mir,0.05
morje,uživanje,0.05
morje,toplo,0.05
morje,plaža,0.05
morje,obala,0.1
morje,modro,0.05
morje,razburkano,0.05
moški,mlad,0.05
moški,spol,0.15
moški,ženska,0.2
moški,moč,0.15
moški,penis,0.05
moški,človek,0.05
moški,starejši,0.05
moški,odrasla oseba moškega spola,0.05
moški,alfa,0.05
moški,moj,0.05
moški,tip,0.05
moški,star,0.05
moški,fant,0.05
most,zidani most,0.05263157894736842
most,igra,0.05263157894736842
most,čez reko,0.05263157894736842
most,povezanost,0.05263157894736842
most,promet,0.05263157894736842
most,skok,0.05263157894736842
most,kamen,0.05263157894736842
most,prijateljstva,0.05263157894736842
most,reka,0.3157894736842105
most,povezava,0.05263157894736842
most,na soči,0.05263157894736842
most,pot,0.05263157894736842
most,tromostovje,0.10526315789473684
moštvo,tenis,0.05263157894736842
moštvo,nk marjbor,0.05263157894736842
moštvo,ekipa,0.5263157894736842
moštvo,tim,0.21052631578947367
moštvo,nogomet,0.05263157894736842
moštvo,košarka,0.05263157894736842
moštvo,zmaga,0.05263157894736842
motiti,šunder,0.047619047619047616
motiti,govoriti narobe,0.047619047619047616
motiti,pouk,0.047619047619047616
motiti,šum,0.047619047619047616
motiti,pri delu,0.047619047619047616
motiti,sestanek,0.047619047619047616
motiti,spanje,0.047619047619047616
motiti,neprijetno,0.047619047619047616
motiti,nemir,0.047619047619047616
motiti,nadležno,0.09523809523809523
motiti,mir,0.09523809523809523
motiti,proces,0.047619047619047616
motiti,nezbranost,0.047619047619047616
motiti,prekiniti,0.047619047619047616
motiti,se,0.09523809523809523
motiti,misel,0.047619047619047616
motiti,zmotiti,0.047619047619047616
motiti,motati,0.047619047619047616
motor,električni,0.05
motor,mašina,0.05
motor,kolo,0.15
motor,tomos,0.05
motor,avtomobil,0.05
motor,svoboda,0.05
motor,motorno kolo,0.05
motor,ropot,0.05
motor,glasen,0.05
motor,lebron james,0.05
motor,avto,0.35
motor,stvar ki poganja storie,0.05
možno,verjetno,0.058823529411764705
možno,morda,0.058823529411764705
možno,potencialno,0.058823529411764705
možno,vse,0.11764705882352941
možno,je,0.058823529411764705
možno,lahko da je,0.058823529411764705
možno,morebitno,0.058823529411764705
možno,verjetnost,0.058823529411764705
možno,jd,0.058823529411764705
možno,mogoče,0.17647058823529413
možno,izvedljivo,0.058823529411764705
možno,lahko,0.11764705882352941
možno,možnost,0.058823529411764705
mreža,ujetost,0.05
mreža,gol,0.05
mreža,ribiška,0.05
mreža,vrečka,0.05
mreža,ljudi,0.05
mreža,socialna,0.05
mreža,viseča mreža,0.05
mreža,pajek,0.2
mreža,ribiška mreža,0.05
mreža,začrtano,0.05
mreža,ribe,0.1
mreža,splet,0.05
mreža,želja,0.05
mreža,ribič,0.05
mreža,"ribiška mreža, ribe, morje",0.05
mreža,ribištvo,0.05
muzej,van gogh,0.05555555555555555
muzej,prosti čas,0.05555555555555555
muzej,razstava,0.1111111111111111
muzej,ustanova,0.05555555555555555
muzej,zgodovina,0.1111111111111111
muzej,znanje,0.05555555555555555
muzej,starine,0.05555555555555555
muzej,kraj z preteklostjo,0.05555555555555555
muzej,galerija,0.05555555555555555
muzej,ribištva,0.05555555555555555
muzej,umetnost,0.05555555555555555
muzej,tišina,0.05555555555555555
muzej,kultura,0.05555555555555555
muzej,stavba,0.1111111111111111
muzej,staro,0.05555555555555555
načelo,smer,0.05263157894736842
načelo,pravilo,0.10526315789473684
načelo,doslednost,0.05263157894736842
načelo,vrednote,0.05263157894736842
načelo,človek,0.05263157894736842
načelo,držati se,0.05263157894736842
načelo,vrednost,0.05263157894736842
načelo,vrsta,0.05263157894736842
načelo,princip,0.10526315789473684
načelo,"pravila, ki jih za določeno stvar določi posameznik, družba ali širša javnos",0.05263157894736842
načelo,poštenost,0.05263157894736842
načelo,vodilo,0.05263157894736842
načelo,trdo,0.05263157894736842
načelo,zvestoba,0.05263157894736842
načelo,etika,0.15789473684210525
nacionalni,načrt,0.05263157894736842
nacionalni,državni,0.3157894736842105
nacionalni,dokument,0.05263157894736842
nacionalni,od vseh,0.05263157894736842
nacionalni,naš,0.05263157894736842
nacionalni,narodni,0.10526315789473684
nacionalni,država,0.05263157894736842
nacionalni,nacionalist,0.05263157894736842
nacionalni,slovenski,0.10526315789473684
nacionalni,inštitut,0.05263157894736842
nacionalni,zbor,0.05263157894736842
nacionalni,ponos,0.05263157894736842
načrtovati,načrt,0.13636363636363635
načrtovati,planirat,0.045454545454545456
načrtovati,predvidevati razvoj dogodkov v prihodnosti,0.045454545454545456
načrtovati,planirati,0.09090909090909091
načrtovati,neplačan misrlni napor žensk,0.045454545454545456
načrtovati,načrt za počitnice,0.045454545454545456
načrtovati,rokovnik,0.045454545454545456
načrtovati,"počitnice, življenje, delo, plani, preudarnost",0.045454545454545456
načrtovati,spontanost,0.045454545454545456
načrtovati,taborniki,0.045454545454545456
načrtovati,zasnovati,0.045454545454545456
načrtovati,potovanje,0.09090909090909091
načrtovati,pogovor,0.045454545454545456
načrtovati,včasih je bolje ne,0.045454545454545456
načrtovati,planiranje,0.045454545454545456
načrtovati,plan,0.13636363636363635
nadaljevanje,neskončnost,0.05263157894736842
nadaljevanje,etapa,0.05263157894736842
nadaljevanje,napredek,0.05263157894736842
nadaljevanje,naslednje,0.05263157894736842
nadaljevanje,podaljševanje,0.05263157894736842
nadaljevanje,uspešno,0.05263157894736842
nadaljevanje,filma,0.05263157894736842
nadaljevanje,knjige,0.05263157894736842
nadaljevanje,konec,0.05263157894736842
nadaljevanje,življenje,0.05263157894736842
nadaljevanje,limonada,0.05263157894736842
nadaljevanje,del,0.05263157894736842
nadaljevanje,serija,0.05263157894736842
nadaljevanje,postanek,0.05263157894736842
nadaljevanje,zgodba,0.05263157894736842
nadaljevanje,dokončanje,0.05263157894736842
nadaljevanje,danes,0.05263157894736842
nadaljevanje,upanje,0.05263157894736842
nadaljevanje,začetek,0.05263157894736842
nadaljnji,gora,0.05555555555555555
nadaljnji,naslednji,0.2222222222222222
nadaljnji,bodoč,0.05555555555555555
nadaljnji,sporazum,0.05555555555555555
nadaljnji,tisti ki pride,0.05555555555555555
nadaljnji,postopek,0.05555555555555555
nadaljnji,korak,0.05555555555555555
nadaljnji,sledeči,0.05555555555555555
nadaljnji,j,0.05555555555555555
nadaljnji,naslednik,0.05555555555555555
nadaljnji,odbos,0.05555555555555555
nadaljnji,predhodni,0.05555555555555555
nadaljnji,nadaljuj,0.05555555555555555
nadaljnji,naslednji v vrsti,0.05555555555555555
nadaljnji,smisel pogovora,0.05555555555555555
nadzor,strogo,0.05
nadzor,policija,0.1
nadzor,varnost,0.05
nadzor,država,0.05
nadzor,nadzornik,0.05
nadzor,kontrola,0.25
nadzor,nad populacijo,0.05
nadzor,zapor,0.05
nadzor,mikrokontrola,0.05
nadzor,mir,0.05
nadzor,dejanj,0.05
nadzor,služba,0.05
nadzor,varnostnik,0.05
nadzor,nadziranje,0.05
nadzor,super,0.05
nadzorni,oseba ki nadzoruje,0.047619047619047616
nadzorni,preglednost,0.047619047619047616
nadzorni,odgovorna oseba za nadzor,0.047619047619047616
nadzorni,nadzor,0.047619047619047616
nadzorni,aparat,0.047619047619047616
nadzorni,šef,0.14285714285714285
nadzorni,delovni proces,0.047619047619047616
nadzorni,učitelj,0.047619047619047616
nadzorni,inšpektor,0.09523809523809523
nadzorni,organ,0.23809523809523808
nadzorni,svet,0.047619047619047616
nadzorni,vljuden,0.047619047619047616
nadzorni,kontrolni,0.047619047619047616
nadzorni,šefica,0.047619047619047616
nafta,onesnaženje,0.05263157894736842
nafta,arabci,0.05263157894736842
nafta,vonj,0.05263157894736842
nafta,bogastvo,0.10526315789473684
nafta,črpanje,0.05263157894736842
nafta,olje,0.15789473684210525
nafta,industrija,0.05263157894736842
nafta,bencin,0.10526315789473684
nafta,plin,0.10526315789473684
nafta,naftna ploščad,0.05263157894736842
nafta,zemeljski plin,0.05263157894736842
nafta,denar,0.05263157894736842
nafta,avto,0.05263157894736842
nafta,zločin,0.05263157894736842
najmanj,pomanjkanje,0.05263157894736842
najmanj,premalo,0.05263157894736842
najmanj,malo,0.2631578947368421
najmanj,nič,0.05263157894736842
najmanj,največ,0.3157894736842105
najmanj,dno,0.05263157894736842
najmanj,uporabno najmanj do,0.05263157894736842
najmanj,truda,0.05263157894736842
najmanj,dva,0.05263157894736842
najmanj,vsaj,0.05263157894736842
nakup,potrošnja,0.05
nakup,potreba,0.05
nakup,plačilo,0.05
nakup,avtomobila,0.05
nakup,trgovina,0.25
nakup,hiše,0.05
nakup,voziček,0.05
nakup,nabava,0.05
nakup,zapravljanje,0.05
nakup,youtube,0.05
nakup,denar,0.25
nakup,živila,0.05
naložba,založba,0.058823529411764705
naložba,denarna,0.058823529411764705
naložba,profit,0.058823529411764705
naložba,velik nakup,0.058823529411764705
naložba,delnice,0.058823529411764705
naložba,denar,0.23529411764705882
naložba,dolgoročna,0.058823529411764705
naložba,"denar, ki ga vložimo",0.058823529411764705
naložba,bogastvo,0.058823529411764705
naložba,znanje,0.058823529411764705
naložba,varčevanje,0.058823529411764705
naložba,investicija,0.17647058823529413
nameniti,smer,0.05555555555555555
nameniti,donacija,0.05555555555555555
nameniti,zavestno dati,0.05555555555555555
nameniti,iti,0.05555555555555555
nameniti,odločiti se za pot,0.05555555555555555
nameniti,življenje,0.05555555555555555
nameniti,pomembnost,0.05555555555555555
nameniti,mnenje,0.05555555555555555
nameniti,tebi,0.05555555555555555
nameniti,usmeriti,0.05555555555555555
nameniti,pozornost,0.1111111111111111
nameniti,podariti,0.05555555555555555
nameniti,denar,0.05555555555555555
nameniti,darilo,0.1111111111111111
nameniti,dati,0.05555555555555555
nameniti,poljub,0.05555555555555555
nameravati,načrt,0.05555555555555555
nameravati,opravek,0.05555555555555555
nameravati,naklep,0.05555555555555555
nameravati,morda,0.05555555555555555
nameravati,narediti,0.1111111111111111
nameravati,namen,0.05555555555555555
nameravati,poklicati,0.05555555555555555
nameravati,cilj,0.05555555555555555
nameravati,imeti namen,0.05555555555555555
nameravati,prihodnost,0.05555555555555555
nameravati,načrtovati,0.05555555555555555
nameravati,nameniti se,0.05555555555555555
nameravati,lenoba,0.05555555555555555
nameravati,želeti,0.05555555555555555
nameravati,aktivnost,0.05555555555555555
nameravati,pomagati,0.05555555555555555
nameravati,skočiti,0.05555555555555555
napadalec,strah,0.05263157894736842
napadalec,oborožen,0.05263157894736842
napadalec,imperializem,0.05263157894736842
napadalec,šport,0.05263157894736842
napadalec,atentator,0.05263157894736842
napadalec,pes,0.05263157894736842
napadalec,nevarnost,0.05263157894736842
napadalec,"nogomet, rokomet, rdeč znak",0.05263157894736842
napadalec,orožje,0.05263157894736842
napadalec,izrael,0.05263157894736842
napadalec,umor,0.05263157894736842
napadalec,terorist,0.05263157894736842
napadalec,obramba,0.05263157894736842
napadalec,ropar,0.05263157894736842
napadalec,kaznivo dejanje,0.05263157894736842
napadalec,branilec,0.05263157894736842
napadalec,nogomet,0.10526315789473684
napadalec,morilec,0.05263157894736842
napisati,zabeležiti,0.05555555555555555
napisati,narisati,0.05555555555555555
napisati,črno na belo,0.05555555555555555
napisati,govoriti,0.05555555555555555
napisati,knjigo,0.05555555555555555
napisati,pismo,0.16666666666666666
napisati,roman,0.05555555555555555
napisati,"pismo,",0.05555555555555555
napisati,zapiski,0.05555555555555555
napisati,besedilo,0.05555555555555555
napisati,razmislek,0.05555555555555555
napisati,esej,0.05555555555555555
napisati,spis,0.05555555555555555
napisati,pero,0.05555555555555555
napisati,spi,0.05555555555555555
napisati,črke,0.05555555555555555
napoved,statistika,0.05263157894736842
napoved,vremenska,0.15789473684210525
napoved,televizija,0.05263157894736842
napoved,vreme,0.2631578947368421
napoved,prognoza,0.10526315789473684
napoved,vremena,0.10526315789473684
napoved,predvidevanje,0.05263157894736842
napoved,davčna,0.05263157894736842
napoved,prihodnost,0.10526315789473684
napoved,"ko nekaj nam povedo vnaprej,dogodek,vreme...",0.05263157894736842
napovedati,televizija,0.05555555555555555
napovedati,predikcija,0.05555555555555555
napovedati,vreme,0.3333333333333333
napovedati,predvidevati,0.05555555555555555
napovedati,predvideti,0.05555555555555555
napovedati,prihodnost,0.1111111111111111
napovedati,odsotnost,0.05555555555555555
napovedati,vremenar,0.1111111111111111
napovedati,dobitno kambinacijo pri lotu,0.05555555555555555
napovedati,rezultat,0.05555555555555555
napovedati,spraševanje,0.05555555555555555
naprava,stroj,0.2631578947368421
naprava,telefon,0.21052631578947367
naprava,stvar,0.05263157894736842
naprava,tv,0.05263157894736842
naprava,aparat,0.15789473684210525
naprava,pripomoček,0.05263157894736842
naprava,elektronska,0.05263157894736842
naprava,kuhinja,0.05263157894736842
naprava,računalnik,0.10526315789473684
narava,dregesa,0.05263157894736842
narava,rastlinja,0.05263157894736842
narava,"vse kar nas obdaja, česar ni ustvaril človek",0.05263157894736842
narava,gozd,0.05263157894736842
narava,vse okoli,0.05263157894736842
narava,zelena,0.10526315789473684
narava,lepota,0.05263157894736842
narava,sprostitev,0.05263157894736842
narava,človek,0.05263157894736842
narava,mesto,0.05263157894736842
narava,flora,0.05263157894736842
narava,lepa,0.05263157894736842
narava,okolje,0.05263157894736842
narava,dober zrak,0.05263157894736842
narava,zeleno,0.10526315789473684
narava,drevesa,0.05263157894736842
narava,drevo,0.05263157894736842
naravni,umetni,0.05
naravni,gozd,0.05
naravni,sok,0.05
naravni,material,0.05
naravni,habitat,0.05
naravni,zdrav,0.05
naravni,ne-umeten,0.05
naravni,jogurt,0.05
naravni,videz,0.05
naravni,prirodni,0.05
naravni,eko,0.15
naravni,izbor,0.1
naravni,vir,0.1
naravni,naraven,0.05
naravni,zeleni,0.05
naravni,rezervat,0.05
narod,slovenci,0.05263157894736842
narod,država,0.21052631578947367
narod,ljudstvo,0.21052631578947367
narod,kri,0.05263157894736842
narod,enota,0.05263157894736842
narod,vojna,0.05263157894736842
narod,slovenija,0.05263157894736842
narod,nacija,0.2631578947368421
narod,zmaga,0.05263157894736842
narodni,noša,0.1
narodni,državni,0.05
narodni,zavest,0.05
narodni,park,0.05
narodni,heroj,0.15
narodni,ansambel,0.05
narodni,dom,0.25
narodni,šega,0.05
narodni,prirojeni,0.05
narodni,nacionalni,0.05
narodni,narodni dom,0.05
narodni,ponos,0.05
narodni,kultura,0.05
naselje,hisa,0.038461538461538464
naselje,ljudje,0.07692307692307693
naselje,hiša,0.11538461538461539
naselje,hiše,0.15384615384615385
naselje,mesto,0.11538461538461539
naselje,domače,0.038461538461538464
naselje,kraj,0.038461538461538464
naselje,vas,0.3076923076923077
naselje,radlje ob dravi,0.07692307692307693
naselje,omejitev 50 km/h,0.038461538461538464
nasilje,družina,0.05263157894736842
nasilje,v družini,0.10526315789473684
nasilje,fizično,0.05263157894736842
nasilje,duševno,0.05263157894736842
nasilje,ženska,0.05263157894736842
nasilje,gaza,0.05263157894736842
nasilje,človek,0.05263157894736842
nasilje,teror,0.05263157894736842
nasilje,fizično oškodovanje,0.05263157894736842
nasilje,diskriminacija,0.05263157894736842
nasilje,realnost,0.05263157894736842
nasilje,šolsko,0.05263157894736842
nasilje,zloraba,0.05263157894736842
nasilje,vojna,0.10526315789473684
nasilje,nad ženskami,0.05263157894736842
nasilje,verbalno,0.05263157894736842
nasilje,agresija,0.05263157894736842
nasprotje,obratno,0.05555555555555555
nasprotje,drugačnost,0.1111111111111111
nasprotje,problem,0.05555555555555555
nasprotje,frustracija,0.05555555555555555
nasprotje,druga stran,0.05555555555555555
nasprotje,privlačnost,0.1111111111111111
nasprotje,prepir,0.05555555555555555
nasprotje,se privlačijo,0.05555555555555555
nasprotje,sovraštvo,0.05555555555555555
nasprotje,črno-belo,0.05555555555555555
nasprotje,drugače,0.05555555555555555
nasprotje,pol,0.05555555555555555
nasprotje,minus,0.05555555555555555
nasprotje,konfrontacija,0.05555555555555555
nasprotje,opozicija,0.05555555555555555
nasprotje,sovražnik,0.05555555555555555
nasprotni,izziv,0.05263157894736842
nasprotni,spol,0.5263157894736842
nasprotni,drugačen,0.10526315789473684
nasprotni,levo desno,0.05263157894736842
nasprotni,na drugi strani,0.05263157894736842
nasprotni,proti,0.05263157894736842
nasprotni,odpor,0.05263157894736842
nasprotni,druga stran,0.05263157894736842
nasprotni,sovražnik,0.05263157894736842
nasprotnik,somišljenik,0.05
nasprotnik,rival,0.1
nasprotnik,spoštovanje,0.05
nasprotnik,črnobelo,0.05
nasprotnik,tekma,0.15
nasprotnik,težava,0.05
nasprotnik,tekmovalec,0.05
nasprotnik,borba,0.05
nasprotnik,prijatelj,0.05
nasprotnik,vojna,0.05
nasprotnik,sovražnik,0.1
nasprotnik,ogledalo,0.05
nasprotnik,tekmec,0.05
nasprotnik,ovira,0.05
nasprotnik,oponent,0.05
nasprotnik,nogomet,0.05
nastopati,kazalo,0.05
nastopati,govor,0.05
nastopati,8,0.05
nastopati,javni,0.05
nastopati,predstava,0.1
nastopati,zabavati,0.05
nastopati,oder,0.3
nastopati,javno,0.05
nastopati,trema,0.05
nastopati,performans,0.05
nastopati,koncert,0.05
nastopati,igalec,0.05
nastopati,ples,0.1
natančno,risanje,0.10526315789473684
natančno,fiksno,0.05263157894736842
natančno,dolgo,0.05263157894736842
natančno,točen,0.05263157894736842
natančno,do potankosti,0.05263157894736842
natančno,šola,0.05263157894736842
natančno,specifično,0.05263157894736842
natančno,točno,0.05263157894736842
natančno,takoj,0.05263157894736842
natančno,perfektno,0.05263157894736842
natančno,pedantno,0.05263157894736842
natančno,precizno,0.15789473684210525
natančno,delo,0.05263157894736842
natančno,odlično,0.05263157894736842
natančno,razmišljanje,0.05263157894736842
natančno,picajzlasto,0.05263157894736842
naučiti,nekaj novega,0.05263157894736842
naučiti,ne gre,0.05263157894736842
naučiti,znati,0.10526315789473684
naučiti,poučiti,0.05263157894736842
naučiti,šola,0.15789473684210525
naučiti,zapomniti,0.05263157894736842
naučiti,brati,0.05263157894736842
naučiti,priučiti,0.05263157894736842
naučiti,učenje,0.05263157894736842
naučiti,univerza,0.05263157894736842
naučiti,snov,0.05263157894736842
naučiti,se,0.05263157894736842
naučiti,človeka,0.05263157894736842
naučiti,pesem,0.05263157894736842
naučiti,na pamet,0.05263157894736842
naučiti,zvezek,0.05263157894736842
navada,je železna srajca,0.05263157894736842
navada,disciplina,0.05263157894736842
navada,dolgčas,0.05263157894736842
navada,red,0.05263157894736842
navada,pospravljanje,0.05263157894736842
navada,običaj,0.05263157894736842
navada,kajenje,0.05263157894736842
navada,"...in neka razvajena zvesta navada, ki ji ugaja pri nas in ni odšla (rilke)",0.05263157894736842
navada,srajca,0.05263157894736842
navada,navadno,0.05263157894736842
navada,železna srajca,0.15789473684210525
navada,opravilo,0.05263157894736842
navada,dan,0.05263157894736842
navada,stara,0.05263157894736842
navada,rutina,0.10526315789473684
navada,slaba,0.05263157894736842
navajati,podatke,0.0625
navajati,dejstva,0.0625
navajati,citirati,0.125
navajati,naštevati,0.1875
navajati,navesti,0.0625
navajati,pripovedovati,0.0625
navajati,vire,0.0625
navajati,sprejemati,0.0625
navajati,povedati,0.0625
navajati,sistemski,0.0625
navajati,vir,0.1875
navedba,avtorja,0.05555555555555555
navedba,vira literature,0.05555555555555555
navedba,napisano/izraženo dejstvo,0.05555555555555555
navedba,citiranje,0.05555555555555555
navedba,neresnična,0.05555555555555555
navedba,pogodba,0.05555555555555555
navedba,dejstev,0.05555555555555555
navedba,znanje,0.05555555555555555
navedba,navajati,0.05555555555555555
navedba,navesti,0.05555555555555555
navedba,citat,0.16666666666666666
navedba,literatura,0.05555555555555555
navedba,izrek,0.05555555555555555
navedba,članek,0.05555555555555555
navedba,rezultat navajanja,0.05555555555555555
navedba,vir,0.05555555555555555
navedeno,"slovenščina, dokumenti, navaja",0.05555555555555555
navedeno,dejstvo,0.05555555555555555
navedeno,v navedku,0.05555555555555555
navedeno,citirano,0.05555555555555555
navedeno,vitirano,0.05555555555555555
navedeno,opomba pod črto,0.05555555555555555
navedeno,napisano,0.2777777777777778
navedeno,navodila,0.05555555555555555
navedeno,citat,0.05555555555555555
navedeno,literatura,0.05555555555555555
navedeno,nanašanje,0.05555555555555555
navedeno,poznano,0.05555555555555555
navedeno,podatki,0.1111111111111111
navijač,šport,0.10526315789473684
navijač,plakat,0.05263157894736842
navijač,gledalec,0.10526315789473684
navijač,"strast, slovenija",0.05263157894736842
navijač,tribuna,0.05263157894736842
navijač,s srcem pri stvari,0.05263157894736842
navijač,pristaš,0.05263157894736842
navijač,tekma,0.10526315789473684
navijač,olimpiada,0.05263157894736842
navijač,olimpije,0.05263157894736842
navijač,razgrajač,0.10526315789473684
navijač,podpora,0.05263157894736842
navijač,zastava,0.05263157894736842
navijač,nogomet,0.10526315789473684
nazadnje,sem se srečala,0.05263157894736842
nazadnje,sreča,0.05263157894736842
nazadnje,konec,0.3157894736842105
nazadnje,hitro,0.05263157894736842
nazadnje,obtožba,0.05263157894736842
nazadnje,pred kratkim,0.05263157894736842
nazadnje,prej,0.10526315789473684
nazadnje,zamolčano,0.05263157894736842
nazadnje,končno,0.05263157894736842
nazadnje,kdaj,0.05263157894736842
nazadnje,zadnjič,0.05263157894736842
nazadnje,na koncu,0.05263157894736842
nazadnje,prvič,0.05263157894736842
nazaj,puščica,0.05263157894736842
nazaj,hoja,0.05263157894736842
nazaj,preteklost,0.2631578947368421
nazaj,naprej,0.2631578947368421
nazaj,korak,0.05263157894736842
nazaj,kar je bilo,0.05263157894736842
nazaj,obrniti,0.05263157894736842
nazaj,povratek,0.05263157894736842
nazaj,avto,0.05263157894736842
nazaj,peljati,0.05263157894736842
nazaj,domov,0.05263157894736842
negativno,ne velja,0.05263157894736842
negativno,pesimistično,0.05263157894736842
negativno,pozitivno,0.15789473684210525
negativno,žalost,0.05263157894736842
negativno,neustrezno,0.05263157894736842
negativno,število,0.05263157894736842
negativno,mnenje,0.10526315789473684
negativno,minus,0.05263157894736842
negativno,slabo,0.10526315789473684
negativno,bolezen,0.05263157894736842
negativno,žalostno,0.05263157894736842
negativno,virus,0.05263157894736842
negativno,počutje,0.05263157894736842
negativno,ocena,0.10526315789473684
nekako,kako,0.05263157894736842
nekako,negotovost,0.05263157894736842
nekako,nekak,0.05263157894736842
nekako,komaj,0.05263157894736842
nekako,bo že,0.05263157894736842
nekako,bo,0.05263157894736842
nekako,saj bo slo,0.05263157894736842
nekako,uspeti,0.05263157894736842
nekako,ni določeno,0.05263157894736842
nekako,približno,0.10526315789473684
nekako,na nek način,0.05263157894736842
nekako,naspol,0.05263157894736842
nekako,tako,0.2631578947368421
nekako,delno,0.05263157894736842
nekoč,pretekli čas,0.05263157894736842
nekoč,v mladih letih,0.05263157894736842
nekoč,čas,0.05263157894736842
nekoč,davno,0.15789473684210525
nekoč,pred davnimi časi,0.05263157894736842
nekoč,mladost,0.05263157894736842
nekoč,preteklost,0.15789473684210525
nekoč,nekdaj,0.05263157894736842
nekoč,črno-bel film,0.05263157894736842
nekoč,nekje in kdaj,0.05263157894736842
nekoč,pravljica,0.05263157894736842
nekoč,pred dolgo časa,0.05263157894736842
nekoč,včasih,0.10526315789473684
nekoč,včeraj,0.05263157894736842
nenavadno,ženska,0.05263157894736842
nenavadno,veselje,0.05263157894736842
nenavadno,navada,0.05263157894736842
nenavadno,nebo,0.05263157894736842
nenavadno,običajno,0.05263157894736842
nenavadno,stališče,0.05263157894736842
nenavadno,odziv,0.05263157894736842
nenavadno,drugačno,0.05263157894736842
nenavadno,unusual,0.05263157894736842
nenavadno,neobičajno,0.05263157894736842
nenavadno,posebno,0.05263157894736842
nenavadno,čuden,0.05263157894736842
nenavadno,čudno,0.3684210526315789
neposredno,puščica,0.058823529411764705
neposredno,takoj,0.058823529411764705
neposredno,poučevanje,0.058823529411764705
neposredno,direktno,0.6470588235294118
neposredno,posredno,0.058823529411764705
neposredno,trenutno,0.058823529411764705
neposredno,brez vmesnih postankov,0.058823529411764705
nepremičnina,moje,0.05555555555555555
nepremičnina,hisa,0.05555555555555555
nepremičnina,.net,0.05555555555555555
nepremičnina,hiša,0.4444444444444444
nepremičnina,svoboda,0.05555555555555555
nepremičnina,stanovanje,0.1111111111111111
nepremičnina,lastniška,0.05555555555555555
nepremičnina,dom,0.05555555555555555
nepremičnina,"stvar, ki se jo ne da premakniti",0.05555555555555555
nepremičnina,stavba,0.05555555555555555
nevaren,pozor,0.05263157894736842
nevaren,pes,0.10526315789473684
nevaren,ni varen,0.05263157894736842
nevaren,preteč,0.05263157894736842
nevaren,človek,0.05263157894736842
nevaren,kriminalec,0.05263157894736842
nevaren,sestop,0.05263157894736842
nevaren,zlovešč,0.05263157894736842
nevaren,ne varen,0.05263157894736842
nevaren,moški,0.10526315789473684
nevaren,srhljiv,0.05263157894736842
nevaren,kača,0.05263157894736842
nevaren,vtis,0.05263157894736842
nevaren,dež,0.05263157894736842
nevaren,smrt,0.05263157894736842
nevaren,strašljiv,0.05263157894736842
nevaren,"pes, človek, stavej",0.05263157894736842
nevarnost,strah,0.15
nevarnost,"nesreča, ogenj, voda",0.05
nevarnost,policija,0.05
nevarnost,ljudje,0.05
nevarnost,nesreča,0.1
nevarnost,znal,0.05
nevarnost,znak,0.05
nevarnost,drenaža,0.05
nevarnost,plaz,0.05
nevarnost,smrt,0.1
nevarnost,previdnost,0.05
nevarnost,visoka,0.05
nevarnost,pazljivost,0.05
nevarnost,previdno,0.05
nevarnost,avto,0.05
nevarnost,ni dobro zame,0.05
nič,brez vsega,0.05263157894736842
nič,vse,0.15789473684210525
nič,megla,0.05263157894736842
nič,nihče,0.05263157894736842
nič,znanje,0.05263157894736842
nič,nimamo,0.05263157894736842
nič,tema,0.05263157894736842
nič,odsotnost,0.05263157894736842
nič,prazno,0.05263157894736842
nič,nula,0.21052631578947367
nič,števila,0.05263157894736842
nič,jaz,0.05263157894736842
nič,praznina,0.10526315789473684
nikakor,zanikanje,0.1111111111111111
nikakor,niti slučajno,0.05555555555555555
nikakor,ne,0.3888888888888889
nikakor,sploh ne,0.05555555555555555
nikakor,pod nobenim pogojem,0.05555555555555555
nikakor,ni varjante,0.05555555555555555
nikakor,na noben način,0.1111111111111111
nikakor,ne sreča,0.05555555555555555
nikakor,sploh,0.05555555555555555
nikakor,"ne, ne grem, ni variante",0.05555555555555555
niz,niz,0.05263157894736842
niz,matetika,0.05263157894736842
niz,tenis,0.05263157894736842
niz,besed,0.05263157894736842
niz,šport,0.05263157894736842
niz,podatek,0.05263157894736842
niz,podatki,0.10526315789473684
niz,odbojka,0.05263157894736842
niz,zaporedje,0.05263157894736842
niz,sklop,0.05263157894736842
niz,red,0.05263157894736842
niz,veriga,0.05263157894736842
niz,seznam,0.05263157894736842
niz,serija,0.05263157894736842
niz,asociacij,0.10526315789473684
niz,set,0.05263157894736842
niz,koralda,0.05263157894736842
noč,luna,0.05
noč,dolga,0.05
noč,ima svojo moč,0.05
noč,dan,0.3
noč,prehitro,0.05
noč,zvezdno nebo,0.05
noč,"temni del dneva, del  astronomije, počitek",0.05
noč,"spanje, nesprečnost, zvezde, misli",0.05
noč,lahko,0.05
noč,tema,0.3
noga,leva,0.10526315789473684
noga,noht,0.10526315789473684
noga,obutev,0.05263157894736842
noga,stopalo,0.05263157894736842
noga,koleno,0.05263157894736842
noga,boga,0.05263157894736842
noga,boli,0.05263157894736842
noga,ud,0.10526315789473684
noga,roka,0.10526315789473684
noga,prst,0.10526315789473684
noga,del telesa,0.10526315789473684
noga,prva,0.05263157894736842
noga,okončina,0.05263157894736842
nogomet,gol,0.10344827586206896
nogomet,šport,0.034482758620689655
nogomet,igra,0.034482758620689655
nogomet,benjamin šeško,0.034482758620689655
nogomet,fant prijateljice,0.034482758620689655
nogomet,nogometaš,0.034482758620689655
nogomet,luka majcen,0.034482758620689655
nogomet,prvenstvo,0.034482758620689655
nogomet,žogobrc,0.034482758620689655
nogomet,žoga,0.5862068965517241
nogomet,stereiodi,0.034482758620689655
nogometaš,liga,0.05263157894736842
nogometaš,športnik,0.15789473684210525
nogometaš,skupina,0.05263157894736842
nogometaš,gol,0.05263157894736842
nogometaš,šport,0.05263157894736842
nogometaš,met,0.05263157894736842
nogometaš,igralec nogometa,0.05263157894736842
nogometaš,ronaldo,0.05263157894736842
nogometaš,lep,0.05263157894736842
nogometaš,žogobrc,0.05263157894736842
nogometaš,žoga,0.10526315789473684
nogometaš,fuzbaler,0.05263157894736842
nogometaš,nogomet,0.05263157894736842
nogometaš,benjamin šeško,0.05263157894736842
nogometaš,igrišče,0.05263157894736842
nogometaš,idiot,0.05263157894736842
nogometni,televizija,0.05
nogometni,gol,0.05
nogometni,stadion,0.15
nogometni,čevelj,0.05
nogometni,nekaj povezano z nogometom,0.05
nogometni,tim,0.05
nogometni,klub,0.2
nogometni,trener,0.1
nogometni,tekmovalec,0.05
nogometni,viole,0.05
nogometni,"navdušenci, selektorji igralci",0.05
nogometni,žoga,0.05
nogometni,igrati z nogo,0.05
nogometni,turnir,0.05
normalen,običajen,0.2631578947368421
normalen,brez odstopanj,0.05263157894736842
normalen,kaj je to,0.05263157894736842
normalen,nor,0.05263157894736842
normalen,človek,0.10526315789473684
normalen,psiholog,0.05263157894736842
normalen,vsakdanji,0.05263157894736842
normalen,nezanimiv,0.05263157894736842
normalen,norme,0.05263157894736842
normalen,dan,0.05263157894736842
normalen,oseba,0.10526315789473684
normalen,čuden,0.05263157894736842
normalen,normativen,0.05263157894736842
nositi,obleke,0.05263157894736842
nositi,trogati,0.05263157894736842
nositi,prenašati,0.05263157894736842
nositi,torbo,0.05263157894736842
nositi,tregati,0.05263157894736842
nositi,nesti,0.05263157894736842
nositi,nosečnost,0.05263157894736842
nositi,torba,0.10526315789473684
nositi,teža,0.05263157894736842
nositi,delo,0.05263157894736842
nositi,breme,0.3157894736842105
nositi,nahrbtnik,0.05263157894736842
nositi,dvigovati,0.05263157894736842
notranji,vzgib,0.05263157894736842
notranji,glas,0.05263157894736842
notranji,znotraj,0.05263157894736842
notranji,in zunanji,0.05263157894736842
notranji,interni,0.05263157894736842
notranji,intimni,0.05263157894736842
notranji,zunanji,0.05263157894736842
notranji,mir,0.2631578947368421
notranji,organi,0.15789473684210525
notranji,organ,0.05263157894736842
notranji,moj,0.05263157894736842
notranji,sovražnik,0.05263157894736842
notranji,prostor,0.05263157894736842
novica,časopis,0.35
novica,kratko besedilo,0.05
novica,potica,0.05
novica,vest,0.2
novica,socialna omrežja,0.05
novica,informacija,0.15
novica,nekaj novega izvem,0.05
novica,članek,0.05
novica,podatki,0.05
novinar,novica,0.038461538461538464
novinar,časopis,0.11538461538461539
novinar,raziskovanje,0.038461538461538464
novinar,televizija,0.07692307692307693
novinar,zbiranje informacij,0.038461538461538464
novinar,raziskovalec,0.038461538461538464
novinar,kamera,0.038461538461538464
novinar,mikrofon,0.038461538461538464
novinar,pisanje,0.038461538461538464
novinar,vsiljiv,0.038461538461538464
novinar,pisec novic,0.038461538461538464
novinar,vest,0.038461538461538464
novinar,poklic,0.07692307692307693
novinar,golazen,0.038461538461538464
novinar,publicist,0.038461538461538464
novinar,integriteta,0.038461538461538464
novinar,pisec informacij,0.038461538461538464
novinar,dnevnika,0.038461538461538464
novinar,lažnivec,0.038461538461538464
novinar,članek,0.038461538461538464
novinar,informacije,0.038461538461538464
novinar,ima intervju,0.038461538461538464
novinarski,raziskovanje,0.05
novinarski,časopis,0.3
novinarski,raca,0.05
novinarski,trači,0.05
novinarski,trač,0.05
novinarski,konferenca,0.05
novinarski,medijski,0.05
novinarski,revija,0.05
novinarski,mediji,0.05
novinarski,krožek,0.1
novinarski,podkupljen,0.05
novinarski,lebron james,0.05
novinarski,esej,0.05
novinarski,novost,0.05
novost,novica,0.10526315789473684
novost,reklama,0.05263157894736842
novost,novo,0.10526315789473684
novost,noviteta,0.05263157894736842
novost,zanimivost,0.05263157894736842
novost,mobitel,0.05263157894736842
novost,nov,0.05263157894736842
novost,kakršna koli,0.05263157894736842
novost,"inovacije, napredek, izziv",0.05263157894736842
novost,navdušenje,0.05263157894736842
novost,novotarije,0.05263157894736842
novost,nov avto,0.05263157894736842
novost,tehnologija,0.05263157894736842
novost,izdelek,0.05263157894736842
novost,novice,0.05263157894736842
novost,novotarija,0.05263157894736842
novost,volitve,0.05263157894736842
nujen,opravek,0.05
nujen,obvezen,0.15
nujen,primer,0.05
nujen,sila,0.05
nujen,hitro,0.05
nujen,takojšenj odziv,0.05
nujen,urgenten,0.15
nujen,pomemben,0.05
nujen,panika,0.05
nujen,prva pomoč,0.05
nujen,potreben,0.2
nujen,pomoč,0.05
nujen,urgenca,0.05
nujno,zlo,0.037037037037037035
nujno,nekaj zelo pomembnega,0.037037037037037035
nujno,urge ca,0.037037037037037035
nujno,pokliči,0.037037037037037035
nujno,telefonski klic,0.037037037037037035
nujno,obvezno,0.037037037037037035
nujno,hitro,0.07407407407407407
nujno,pomembno,0.037037037037037035
nujno,napotnica,0.037037037037037035
nujno,hilaj,0.037037037037037035
nujno,klic,0.037037037037037035
nujno,takoj,0.14814814814814814
nujno,gori voda,0.037037037037037035
nujno,zdaj,0.037037037037037035
nujno,pomoč,0.07407407407407407
nujno,gasilec,0.037037037037037035
nujno,nuja,0.037037037037037035
nujno,urgenca,0.07407407407407407
nujno,urgentno,0.037037037037037035
nujno,se zmenit,0.037037037037037035
nujno,nemudoma,0.037037037037037035
obala,prßćrna,0.05
obala,morje,0.8
obala,ob morju,0.05
obala,plaža,0.1
občinstvo,nastop,0.05
občinstvo,naklonjeno,0.05
občinstvo,ljudje,0.1
občinstvo,publika,0.25
občinstvo,v dvorani,0.05
občinstvo,dogodek,0.05
občinstvo,množica,0.05
občinstvo,predstava,0.15
občinstvo,aplavz,0.05
občinstvo,gledališče,0.1
občinstvo,gruča,0.05
občinstvo,povprečno,0.05
občutek,sonce,0.05555555555555555
občutek,zaznava necesa,0.05555555555555555
občutek,toplina,0.05555555555555555
občutek,žalost,0.05555555555555555
občutek,toplota,0.05555555555555555
občutek,sreče,0.05555555555555555
občutek,čustva,0.05555555555555555
občutek,žalosten,0.05555555555555555
občutek,feeling,0.05555555555555555
občutek,čustvo,0.16666666666666666
občutek,dotik,0.05555555555555555
občutek,filing,0.05555555555555555
občutek,bolečine,0.05555555555555555
občutek,moč,0.05555555555555555
občutek,telo,0.05555555555555555
občutek,slutnja,0.05555555555555555
obenem,tudi,0.05263157894736842
obenem,hirati,0.05263157894736842
obenem,trik,0.05263157894736842
obenem,istočasno,0.15789473684210525
obenem,hkrati,0.6842105263157895
obetati,perspektiva,0.047619047619047616
obetati,reklama,0.047619047619047616
obetati,pričakovati,0.14285714285714285
obetati,jutri caga,0.047619047619047616
obetati,priprave,0.047619047619047616
obetati,si,0.047619047619047616
obetati,znanje,0.047619047619047616
obetati,kazati potencial,0.047619047619047616
obetati,prihodnost,0.047619047619047616
obetati,si veliko,0.047619047619047616
obetati,mladost,0.047619047619047616
obetati,ambicija,0.047619047619047616
obetati,upanje,0.047619047619047616
obetati,želeti,0.047619047619047616
obetati,nekaj dobrega,0.047619047619047616
obetati,dogajanje,0.047619047619047616
obetati,obljubiti,0.047619047619047616
obetati,uspeh,0.047619047619047616
obetati,zmaga,0.047619047619047616
običajno,skoraj vedno,0.047619047619047616
običajno,vsakdanje,0.047619047619047616
običajno,kot ponavadi,0.047619047619047616
običajno,pogosto,0.09523809523809523
običajno,navada,0.09523809523809523
običajno,vselej,0.047619047619047616
običajno,ponavadi,0.14285714285714285
običajno,iti v službo,0.047619047619047616
običajno,navadno,0.19047619047619047
običajno,neobičajno,0.047619047619047616
običajno,nekaj vsakodnevnega,0.047619047619047616
običajno,rutina,0.047619047619047616
običajno,kot vedno,0.047619047619047616
običajno,delo,0.047619047619047616
obiskati,starše,0.09523809523809523
obiskati,šola prijatelji tečaj,0.047619047619047616
obiskati,druženje,0.047619047619047616
obiskati,iti,0.047619047619047616
obiskati,govoriti,0.047619047619047616
obiskati,park,0.047619047619047616
obiskati,sorodnike,0.09523809523809523
obiskati,babica,0.047619047619047616
obiskati,koga,0.047619047619047616
obiskati,babi,0.047619047619047616
obiskati,stare starše,0.047619047619047616
obiskati,zdravnika,0.047619047619047616
obiskati,kava,0.047619047619047616
obiskati,muzej,0.047619047619047616
obiskati,prijatelja,0.047619047619047616
obiskati,videti po dolgem času,0.047619047619047616
obiskati,sorodniki,0.09523809523809523
obiskati,prijateljica,0.047619047619047616
obiskovalec,trgovina,0.1111111111111111
obiskovalec,obisk,0.16666666666666666
obiskovalec,gist,0.05555555555555555
obiskovalec,turist,0.05555555555555555
obiskovalec,dobrodošel,0.05555555555555555
obiskovalec,gost,0.3888888888888889
obiskovalec,prireditev,0.05555555555555555
obiskovalec,muzej,0.05555555555555555
obiskovalec,vizita,0.05555555555555555
objava,novica,0.1
objava,časopis,0.15
objava,odmevna,0.05
objava,klik,0.05
objava,moja,0.05
objava,socialna omrežja,0.05
objava,predstavitev,0.05
objava,pajduh,0.05
objava,facebook,0.1
objava,družbena omrežja,0.05
objava,neprimerna,0.05
objava,alarm,0.05
objava,prva,0.05
objava,novice,0.05
objava,članka,0.05
objava,post,0.05
objaviti,novica,0.05263157894736842
objaviti,časopis,0.05263157894736842
objaviti,dati na splet,0.05263157894736842
objaviti,odgovornost,0.05263157894736842
objaviti,oglas,0.05263157894736842
objaviti,"sporočiti, da vsi vidijo",0.05263157894736842
objaviti,revija,0.05263157894736842
objaviti,odkriti,0.05263157894736842
objaviti,facebook,0.05263157894736842
objaviti,predstaviti širši javnosti,0.05263157894736842
objaviti,novico,0.05263157894736842
objaviti,sporočilo,0.05263157894736842
objaviti,pregled,0.05263157894736842
objaviti,članek,0.05263157894736842
objaviti,internet,0.05263157894736842
objaviti,facebook,0.05263157894736842
objaviti,posnetek,0.05263157894736842
objaviti,post,0.05263157894736842
objaviti,osvetliti,0.05263157894736842
objavljen,javnost,0.05263157894736842
objavljen,"članek, knjiga, naslov",0.05263157894736842
objavljen,razpis,0.10526315789473684
objavljen,osmrtnica,0.05263157894736842
objavljen,viden,0.05263157894736842
objavljen,slika,0.05263157894736842
objavljen,točke,0.05263157894736842
objavljen,program,0.05263157894736842
objavljen,razglas,0.05263157894736842
objavljen,objaviti,0.05263157894736842
objavljen,facebook,0.05263157894736842
objavljen,story,0.05263157894736842
objavljen,prezentiran,0.05263157894736842
objavljen,natisnjen,0.05263157894736842
objavljen,članek,0.10526315789473684
objavljen,sporočilo,0.05263157894736842
objavljen,spletno družabno omrežje,0.05263157894736842
objekt,subjekt,0.045454545454545456
objekt,hisa,0.045454545454545456
objekt,hiša,0.13636363636363635
objekt,sola,0.045454545454545456
objekt,mesto,0.045454545454545456
objekt,kocka,0.09090909090909091
objekt,zgradb,0.045454545454545456
objekt,stvar,0.045454545454545456
objekt,predmet,0.09090909090909091
objekt,nepremičnina,0.045454545454545456
objekt,žoga,0.045454545454545456
objekt,nova hisa,0.045454545454545456
objekt,velik,0.045454545454545456
objekt,stavba,0.22727272727272727
oblačilo,obleka,0.2
oblačilo,majica,0.1
oblačilo,lepota,0.05
oblačilo,trgovina,0.05
oblačilo,črno,0.05
oblačilo,toplota,0.05
oblačilo,hlače,0.1
oblačilo,oblačno,0.05
oblačilo,kavbojke,0.05
oblačilo,pokrivati,0.05
oblačilo,pokrivalo,0.05
oblačilo,toplo,0.1
oblačilo,obešal ik,0.05
oblačilo,omara,0.05
oblačno,sončno,0.15
oblačno,oblaki,0.05
oblačno,vreme,0.45
oblačno,oblak,0.05
oblačno,nebo,0.1
oblačno,ne sončno,0.05
oblačno,temnejše,0.05
oblačno,dež,0.05
oblačno,prileten,0.05
obleka,ženska,0.05555555555555555
obleka,majica,0.05555555555555555
obleka,večerna,0.05555555555555555
obleka,človek,0.05555555555555555
obleka,oblačilo,0.05555555555555555
obleka,lepa,0.05555555555555555
obleka,koleno,0.05555555555555555
obleka,moda,0.05555555555555555
obleka,pokritost,0.05555555555555555
obleka,hlače,0.1111111111111111
obleka,ko nisi gol,0.05555555555555555
obleka,udobje,0.05555555555555555
obleka,roza,0.05555555555555555
obleka,dolga,0.05555555555555555
obleka,naredi človeka,0.05555555555555555
obleka,poletje,0.05555555555555555
obleka,modna,0.05555555555555555
oblikovanje,izdelovanje,0.05263157894736842
oblikovanje,modeliranje,0.05263157894736842
oblikovanje,obleka,0.05263157894736842
oblikovanje,dizajn,0.05263157894736842
oblikovanje,lepota,0.05263157894736842
oblikovanje,vabila,0.05263157894736842
oblikovanje,arhitekt,0.05263157894736842
oblikovanje,likovna umetnost,0.05263157894736842
oblikovanje,kreativnost,0.10526315789473684
oblikovanje,design,0.05263157894736842
oblikovanje,kip,0.10526315789473684
oblikovanje,krojenje,0.05263157894736842
oblikovanje,oblikovna fakulteta,0.05263157894736842
oblikovanje,umetnost,0.05263157894736842
oblikovanje,žoge,0.05263157894736842
oblikovanje,arhitektura,0.05263157894736842
oblikovanje,moderno,0.05263157894736842
oblikovati,ustvarjati,0.05
oblikovati,narediti,0.05
oblikovati,dizajn,0.1
oblikovati,scenografija,0.05
oblikovati,življenje,0.05
oblikovati,formirati,0.05
oblikovati,ustvariti,0.05
oblikovati,kiparstvo,0.05
oblikovati,kip,0.1
oblikovati,mišljenje,0.05
oblikovati,predlog,0.05
oblikovati,dizajnirati,0.05
oblikovati,glina,0.1
oblikovati,modelirati,0.05
oblikovati,kiparjenje,0.05
oblikovati,šopek,0.05
oblikovati,postelja,0.05
obnova,potovanja,0.05
obnova,knjige,0.15
obnova,hiša,0.1
obnova,izboljšanje,0.05
obnova,lepo,0.05
obnova,hiše,0.15
obnova,šola,0.05
obnova,nema odmora dok traje obnova,0.05
obnova,povzetek,0.05
obnova,spisa,0.05
obnova,prenova,0.05
obnova,odmor,0.05
obnova,stroški,0.05
obnova,gradnja,0.05
obnova,renovacija,0.05
obračun,dvoboj,0.05263157894736842
obračun,revolver,0.05263157894736842
obračun,pisarna,0.05263157894736842
obračun,papir,0.10526315789473684
obračun,plača,0.05263157894736842
obračun,finance,0.05263157894736842
obračun,seštevek,0.05263157894736842
obračun,tekma,0.05263157894736842
obračun,borba,0.10526315789473684
obračun,tolpa,0.05263157894736842
obračun,nasilje,0.05263157894736842
obračun,služba,0.05263157894736842
obračun,bilanca,0.05263157894736842
obračun,denar,0.10526315789473684
obračun,pretep,0.05263157894736842
obračun,spor,0.05263157894736842
obramba,in zaščita,0.05
obramba,strah,0.05
obramba,mesta,0.05
obramba,karate,0.05
obramba,vojska,0.15
obramba,ščit,0.1
obramba,ozemlja,0.05
obramba,države,0.05
obramba,tekma,0.05
obramba,domovina,0.05
obramba,streljanje na helikopter rdečega križa,0.05
obramba,domovine,0.05
obramba,napad,0.1
obramba,vojna,0.05
obramba,upor,0.05
obramba,pravo,0.05
obrambni,obrambni zid,0.05
obrambni,vojska,0.05
obrambni,minister,0.05
obrambni,vojaki,0.05
obrambni,zid,0.1
obrambni,defenzivni,0.05
obrambni,sistem,0.05
obrambni,varnost,0.05
obrambni,načini,0.05
obrambni,stop,0.05
obrambni,mehanizem,0.3
obrambni,zaščita,0.05
obrambni,položaj,0.05
obrambni,igralec,0.05
obravnava,raziskovanje,0.05
obravnava,zakaj,0.05
obravnava,ravno prav,0.05
obravnava,finance,0.05
obravnava,sodišče,0.3
obravnava,zdravnik,0.05
obravnava,dejanje,0.05
obravnava,proces,0.05
obravnava,terapija,0.05
obravnava,obdelava,0.05
obravnava,služba,0.05
obravnava,kadri,0.05
obravnava,zdravniška,0.05
obravnava,seansa,0.05
obravnava,pravo,0.05
obravnavati,literaturo,0.05263157894736842
obravnavati,vzeti v obzir,0.05263157894736842
obravnavati,primer,0.15789473684210525
obravnavati,pacient,0.05263157894736842
obravnavati,obravnava,0.05263157894736842
obravnavati,pogovarjati se,0.05263157894736842
obravnavati,sodišče,0.05263157894736842
obravnavati,pacienta,0.05263157894736842
obravnavati,ukvarjanje z nečim,0.05263157894736842
obravnavati,pogovarjati se o čem,0.05263157894736842
obravnavati,zadeva,0.05263157894736842
obravnavati,snov,0.10526315789473684
obravnavati,... novo snov,0.05263157894736842
obravnavati,psihiater,0.05263157894736842
obravnavati,skrbeti,0.05263157894736842
obravnavati,učno snov,0.05263157894736842
obraz,faca,0.05
obraz,očala,0.05
obraz,lice,0.05
obraz,nos,0.05
obraz,nasmeh,0.05
obraz,izraz,0.1
obraz,koža,0.05
obraz,oči,0.2
obraz,sprednja stran,0.05
obraz,prijazen,0.05
obraz,resnica,0.05
obraz,lep,0.1
obraz,lasje,0.05
obraz,oseba,0.05
obraz,mozolj,0.05
obrniti,ploščo,0.05263157894736842
obrniti,zaslon,0.05263157894736842
obrniti,obrniti okrog,0.05263157894736842
obrniti,krožiti,0.05263157894736842
obrniti,okobal,0.05263157894736842
obrniti,obrat,0.05263157894736842
obrniti,7,0.05263157894736842
obrniti,morda bo kdaj bolje,0.05263157894736842
obrniti,zasukati,0.05263157894736842
obrniti,stran,0.10526315789473684
obrniti,obrniti avto,0.05263157894736842
obrniti,list,0.10526315789473684
obrniti,polkrožni obrat,0.05263157894736842
obrniti,volan,0.10526315789473684
obrniti,rotacija,0.05263157894736842
obrniti,krog,0.05263157894736842
obseg,pasu,0.1
obseg,zemlje,0.05
obseg,celota,0.05
obseg,trebuha,0.05
obseg,fi,0.05
obseg,velikost,0.1
obseg,pas,0.2
obseg,debelost,0.05
obseg,trebuh,0.05
obseg,kroga,0.05
obseg,matematika,0.05
obseg,krog,0.15
obseg,telo,0.05
obveznost,obveza,0.05263157894736842
obveznost,vojska,0.05263157894736842
obveznost,nujnost,0.05263157894736842
obveznost,odgovornost,0.10526315789473684
obveznost,sola,0.05263157894736842
obveznost,red,0.05263157894736842
obveznost,šola,0.15789473684210525
obveznost,dolžnost,0.05263157894736842
obveznost,šolska,0.10526315789473684
obveznost,nujno,0.05263157894736842
obveznost,služba,0.10526315789473684
obveznost,nuja,0.05263157894736842
obveznost,delo,0.05263157894736842
obveznost,jeklena žica,0.05263157894736842
oceniti,milina,0.05263157894736842
oceniti,vrednotiti,0.05263157894736842
oceniti,kvaliteta,0.05263157894736842
oceniti,dati oceno,0.05263157894736842
oceniti,številka,0.05263157894736842
oceniti,šola,0.05263157894736842
oceniti,oceno,0.05263157894736842
oceniti,ovrednotiti,0.05263157894736842
oceniti,rangirati,0.05263157894736842
oceniti,test,0.05263157894736842
oceniti,na oko,0.05263157894736842
oceniti,ocenjevati,0.05263157894736842
oceniti,premeriti,0.05263157894736842
oceniti,delo,0.05263157894736842
oceniti,evaluirati,0.05263157894736842
oceniti,ocena,0.21052631578947367
ocenjevati,slabši,0.05
ocenjevati,sola,0.05
ocenjevati,nadzor,0.05
ocenjevati,šola,0.1
ocenjevati,znanje,0.1
ocenjevati,test,0.1
ocenjevati,izgled,0.05
ocenjevati,izpit,0.1
ocenjevati,vino,0.05
ocenjevati,izraziti mnenje o nečem,0.05
ocenjevati,delo,0.05
ocenjevati,lestvica,0.05
ocenjevati,ocena,0.2
oddaja,televizija,0.3157894736842105
oddaja,blaga,0.05263157894736842
oddaja,radijo,0.05263157894736842
oddaja,dolgčas,0.05263157894736842
oddaja,telekomunikacije,0.05263157894736842
oddaja,televizijska,0.05263157894736842
oddaja,janša,0.05263157894736842
oddaja,delo na rtv,0.05263157894736842
oddaja,stanovanje,0.05263157894736842
oddaja,dokumentarna,0.05263157894736842
oddaja,tv,0.10526315789473684
oddaja,domača naloga,0.05263157894736842
oddaja,emisija,0.05263157894736842
oddelek,bolnica,0.1
oddelek,skupina,0.05
oddelek,pisarna,0.05
oddelek,oddelek v šoli,0.05
oddelek,specijalni,0.05
oddelek,pravni,0.05
oddelek,del,0.05
oddelek,vogal,0.05
oddelek,šola,0.1
oddelek,fakulteta,0.05
oddelek,za kirurgijo,0.05
oddelek,podjetje,0.05
oddelek,enota,0.05
oddelek,za prevajalstvo,0.05
oddelek,bolnišnica,0.05
oddelek,organizacija,0.05
oddelek,razred,0.1
oder,nastop,0.3684210526315789
oder,gledališki,0.05263157894736842
oder,gledalec,0.05263157894736842
oder,drama,0.05263157894736842
oder,temen,0.05263157894736842
oder,"je naš, uprizorimo predstavo",0.05263157894736842
oder,ali,0.05263157894736842
oder,gledališče,0.21052631578947367
oder,zidarski oder,0.05263157894736842
oder,koncert,0.05263157894736842
odgovoren,stars,0.05555555555555555
odgovoren,kriv,0.05555555555555555
odgovoren,urejen,0.05555555555555555
odgovoren,točnost zanesljivost,0.05555555555555555
odgovoren,delavec,0.05555555555555555
odgovoren,zanesljiv,0.1111111111111111
odgovoren,starš,0.05555555555555555
odgovoren,resen,0.05555555555555555
odgovoren,pameten,0.1111111111111111
odgovoren,spoštovan,0.05555555555555555
odgovoren,jaz,0.1111111111111111
odgovoren,odrasli,0.05555555555555555
odgovoren,zrel,0.05555555555555555
odgovoren,bravo,0.05555555555555555
odgovoren,delo,0.05555555555555555
odgovoriti,pisati,0.05263157894736842
odgovoriti,odvrniti,0.05263157894736842
odgovoriti,hitro,0.05263157894736842
odgovoriti,pismo,0.05263157894736842
odgovoriti,odziv na vprašanje,0.05263157894736842
odgovoriti,vprašati,0.05263157894736842
odgovoriti,razložiti,0.05263157894736842
odgovoriti,povedati svoje mnenje,0.05263157894736842
odgovoriti,na vprašanje,0.10526315789473684
odgovoriti,vprašanje,0.21052631578947367
odgovoriti,sporočilo,0.05263157894736842
odgovoriti,povedati,0.05263157894736842
odgovoriti,povedati svoje mnenje na vprašanje,0.05263157894736842
odgovoriti,pojasniti,0.05263157894736842
odgovoriti,pogovor,0.05263157894736842
odgovornost,skrb,0.05555555555555555
odgovornost,otroci,0.05555555555555555
odgovornost,starševska,0.05555555555555555
odgovornost,pomembnost,0.05555555555555555
odgovornost,zanesljivost,0.05555555555555555
odgovornost,vztrajnost,0.05555555555555555
odgovornost,šola,0.05555555555555555
odgovornost,posameznika,0.05555555555555555
odgovornost,starši,0.1111111111111111
odgovornost,bom zmogel,0.05555555555555555
odgovornost,odraslost,0.05555555555555555
odgovornost,materinstvo,0.05555555555555555
odgovornost,teža,0.05555555555555555
odgovornost,zrelost,0.05555555555555555
odgovornost,težka,0.05555555555555555
odgovornost,direktor,0.05555555555555555
odgovornost,resnost,0.05555555555555555
odhod,slovo,0.15789473684210525
odhod,vrata,0.05263157894736842
odhod,letalo,0.05263157894736842
odhod,domov,0.10526315789473684
odhod,pozdrav,0.05263157894736842
odhod,prihod,0.10526315789473684
odhod,konec,0.05263157894736842
odhod,začetek poti,0.05263157894736842
odhod,hrbet,0.05263157894736842
odhod,vlak,0.05263157894736842
odhod,zapustitev,0.10526315789473684
odhod,izlet,0.05263157894736842
odhod,postaja,0.05263157894736842
odhod,v šolo,0.05263157894736842
odigrati,končati,0.05
odigrati,vlogo,0.1
odigrati,šport,0.1
odigrati,vloga,0.05
odigrati,igra,0.05
odigrati,odšpilati,0.05
odigrati,predstava,0.05
odigrati,partijo,0.05
odigrati,gledališče,0.05
odigrati,tenis,0.05
odigrati,tekmo,0.1
odigrati,scenarij,0.05
odigrati,igro,0.2
odigrati,nogomet,0.05
oditi,vrata,0.05263157894736842
oditi,peš,0.05263157894736842
oditi,zapustiti,0.10526315789473684
oditi,domov,0.05263157894736842
oditi,iti,0.10526315789473684
oditi,proč,0.05263157894736842
oditi,adijo,0.05263157894736842
oditi,zapustiti prostor/lokacijo,0.05263157894736842
oditi,posloviti se,0.05263157894736842
oditi,stran,0.05263157894736842
oditi,odhod,0.05263157894736842
oditi,"na morje, na priprave, domov",0.05263157894736842
oditi,za vedno,0.05263157894736842
oditi,priti,0.05263157894736842
oditi,"razhod, poslovilo, hoja",0.05263157894736842
oditi,domou,0.05263157894736842
oditi,pot,0.05263157894736842
odkriti,izumiti,0.05555555555555555
odkriti,dosežek,0.05555555555555555
odkriti,pokriti,0.05555555555555555
odkriti,tropski gozd,0.05555555555555555
odkriti,prepoznati,0.05555555555555555
odkriti,"zakriti, ameriko, znanost",0.05555555555555555
odkriti,nekaj prepoznati,0.05555555555555555
odkriti,amerika,0.05555555555555555
odkriti,odeja,0.05555555555555555
odkriti,iznajti,0.05555555555555555
odkriti,ameriko,0.05555555555555555
odkriti,novinar,0.05555555555555555
odkriti,otok,0.05555555555555555
odkriti,odejo,0.05555555555555555
odkriti,razkriti,0.05555555555555555
odkriti,ugotoviti,0.05555555555555555
odkriti,novost,0.1111111111111111
odlično,izgledati,0.05263157894736842
odlično,zelo dobro,0.05263157894736842
odlično,uspešno,0.05263157894736842
odlično,življenje,0.05263157894736842
odlično,vedno,0.05263157894736842
odlično,pet,0.10526315789473684
odlično,dobro,0.05263157894736842
odlično,perfektno,0.05263157894736842
odlično,prav dobro,0.05263157894736842
odlično,dobro opravljeno,0.05263157894736842
odlično,5,0.05263157894736842
odlično,trud,0.05263157894736842
odlično,nadpovprečno,0.05263157894736842
odlično,kakovost,0.05263157894736842
odlično,super,0.10526315789473684
odlično,ocena,0.10526315789473684
odločati,skupina,0.058823529411764705
odločati,izbira,0.058823529411764705
odločati,odgovornost,0.058823529411764705
odločati,življenje,0.058823529411764705
odločati,pomembno,0.058823529411764705
odločati,politika,0.058823529411764705
odločati,pravno vprašanje,0.058823529411764705
odločati,sprejemati,0.058823529411764705
odločati,izbirati,0.058823529411764705
odločati,vladar,0.058823529411764705
odločati,voditi,0.058823529411764705
odločati,odločevati,0.058823529411764705
odločati,na volitvah,0.058823529411764705
odločati,volitve,0.058823529411764705
odločati,direktor,0.058823529411764705
odločati,moč,0.058823529411764705
odločati,modro,0.058823529411764705
odločba,izvršba,0.05263157894736842
odločba,opravilna številka,0.05263157894736842
odločba,dokument,0.05263157894736842
odločba,šport,0.05263157894736842
odločba,končna,0.05263157894736842
odločba,posebne potrebe,0.05263157894736842
odločba,odločba za dijake s posebnimi potrebami,0.05263157894736842
odločba,red,0.05263157894736842
odločba,sodišče,0.05263157894736842
odločba,pogodba,0.05263157894736842
odločba,odvetnik,0.05263157894736842
odločba,zakon,0.05263157894736842
odločba,o dedovanju,0.05263157894736842
odločba,urad,0.05263157894736842
odločba,pozitivna,0.05263157894736842
odločba,pravo,0.21052631578947367
odnesti,pete,0.05263157894736842
odnesti,lastnina,0.05263157894736842
odnesti,pospravit posodo iz mize,0.05263157894736842
odnesti,koš,0.05263157894736842
odnesti,stran,0.05263157894736842
odnesti,prinesti,0.05263157894736842
odnesti,smeti,0.47368421052631576
odnesti,slabo energijo,0.05263157894736842
odnesti,ne pozabiti,0.05263157894736842
odnesti,ma ja,0.05263157894736842
odnesti,tja,0.05263157894736842
odpadek,onesnaževanje,0.05263157894736842
odpadek,odpasti,0.05263157894736842
odpadek,ničvrednež,0.05263157894736842
odpadek,surovina,0.05263157894736842
odpadek,reciklaža,0.05263157894736842
odpadek,plastika,0.05263157894736842
odpadek,smeti,0.3684210526315789
odpadek,smet,0.15789473684210525
odpadek,smei,0.05263157894736842
odpadek,neuporabnost,0.05263157894736842
odpadek,smetišče,0.05263157894736842
odpeljati,kam,0.05
odpeljati,se na lepše,0.05
odpeljati,zapustiti,0.05
odpeljati,ugrabiti otroka in ga odpeljati,0.05
odpeljati,brrrr,0.05
odpeljati,zapor,0.05
odpeljati,se domov,0.05
odpeljati,vzeti,0.05
odpeljati,potovanje,0.05
odpeljati,smeti,0.05
odpeljati,misel,0.05
odpeljati,vlak,0.1
odpeljati,avto,0.3
odpeljati,izlet,0.05
odpovedati,večerja,0.05
odpovedati,razmerje,0.05
odpovedati,termin,0.05
odpovedati,žalost,0.15
odpovedati,naročnino,0.05
odpovedati,obstati,0.05
odpovedati,sestanek,0.15
odpovedati,stiska,0.05
odpovedati,služba,0.05
odpovedati,odpoved,0.05
odpovedati,koncert,0.05
odpovedati,avto,0.05
odpovedati,preklicati,0.05
odpovedati,popustiti,0.05
odpovedati,dopust,0.05
odpovedati,dovolj,0.05
odpraviti,počistiti,0.05555555555555555
odpraviti,napaka,0.05555555555555555
odpraviti,oditi,0.05555555555555555
odpraviti,odpravnina,0.05555555555555555
odpraviti,mozlj,0.05555555555555555
odpraviti,popraviti,0.05555555555555555
odpraviti,ga ni več,0.05555555555555555
odpraviti,zamašitev,0.05555555555555555
odpraviti,prenehati,0.05555555555555555
odpraviti,napako,0.1111111111111111
odpraviti,težave,0.1111111111111111
odpraviti,težavo,0.05555555555555555
odpraviti,se v neznano,0.05555555555555555
odpraviti,gimnazija,0.05555555555555555
odpraviti,se v gore,0.05555555555555555
odpraviti,odpraviti omejitve,0.05555555555555555
odprt,okno,0.058823529411764705
odprt,hladilnik,0.058823529411764705
odprt,vrata,0.058823529411764705
odprt,konzerva,0.058823529411764705
odprt,prepih,0.058823529411764705
odprt,sprejemanje,0.058823529411764705
odprt,sod,0.058823529411764705
odprt,prosto,0.058823529411764705
odprt,človek,0.058823529411764705
odprt,odprtina,0.058823529411764705
odprt,prostor,0.17647058823529413
odprt,kuhinja,0.058823529411764705
odprt,zaprt,0.17647058823529413
odstavek,paragraf,0.11764705882352941
odstavek,naslednji,0.058823529411764705
odstavek,vejica,0.058823529411764705
odstavek,nujnost,0.058823529411764705
odstavek,nova vsebina,0.058823529411764705
odstavek,stavek,0.058823529411764705
odstavek,knjiga,0.11764705882352941
odstavek,besedilo,0.11764705882352941
odstavek,prvi,0.058823529411764705
odstavek,esej,0.058823529411764705
odstavek,spis,0.058823529411764705
odstavek,preglednost besedila,0.058823529411764705
odstavek,delo,0.058823529411764705
odstavek,pika,0.058823529411764705
odstoten,statistika,0.05263157894736842
odstoten,ni pri stvari,0.05263157894736842
odstoten,procent,0.10526315789473684
odstoten,odstotek,0.05263157894736842
odstoten,procenten,0.05263157894736842
odstoten,delež,0.05263157894736842
odstoten,dvesto,0.05263157894736842
odstoten,te ni,0.05263157894736842
odstoten,šola,0.05263157894736842
odstoten,procenti,0.10526315789473684
odstoten,odsotnost,0.05263157894736842
odstoten,neprisoten,0.05263157894736842
odstoten,odtujen,0.05263157894736842
odstoten,oče,0.05263157894736842
odstoten,daleč,0.05263157894736842
odstoten,drugje,0.05263157894736842
odstoten,od pouka,0.05263157894736842
odvisno,zavisi,0.05
odvisno,droge,0.1
odvisno,mby,0.05
odvisno,neodvisno,0.05
odvisno,glede na,0.05
odvisno,več možnosti,0.05
odvisno,pod pogojem,0.05
odvisno,za koga,0.05
odvisno,nekaj kar ni odvisno samo od nas,0.05
odvisno,povezano,0.05
odvisno,od česa?,0.05
odvisno,glede na situacijo,0.05
odvisno,dilema,0.05
odvisno,vzrok,0.05
odvisno,od,0.15
odvisno,zelo,0.05
odvisno,negotov odziv,0.05
odziv,ravnanje,0.05263157894736842
odziv,"hitrost, akcija, ukrepanje",0.05263157894736842
odziv,negativen,0.05263157894736842
odziv,podati odgovor,0.05263157894736842
odziv,klic,0.05263157894736842
odziv,informacija,0.10526315789473684
odziv,odgovor,0.21052631578947367
odziv,vprašalnik,0.05263157894736842
odziv,reakcija,0.2631578947368421
odziv,refleks,0.05263157894736842
odziv,dober,0.05263157894736842
odzvati,povabilo,0.05263157894736842
odzvati,govor,0.05263157894736842
odzvati,glas,0.05263157894736842
odzvati,odgovoriti,0.05263157894736842
odzvati,hitro,0.05263157894736842
odzvati,se na vprašanje,0.05263157894736842
odzvati,poklicati,0.05263157894736842
odzvati,oglasiti se,0.05263157894736842
odzvati,klic,0.05263157894736842
odzvati,potrditi,0.05263157894736842
odzvati,odmev,0.05263157894736842
odzvati,odgovor,0.05263157894736842
odzvati,odziv,0.05263157894736842
odzvati,telefon,0.10526315789473684
odzvati,telefonirati,0.05263157894736842
odzvati,biti odziven,0.05263157894736842
odzvati,gasilci,0.05263157894736842
odzvati,lahko se ne odzovem,0.05263157894736842
ogled,razstave,0.05
ogled,čas,0.05
ogled,mesta,0.05
ogled,mesto,0.05
ogled,oči,0.1
ogled,predstava,0.05
ogled,zdravnik,0.05
ogled,kontrola,0.05
ogled,stanovanje,0.05
ogled,zanimanje,0.05
ogled,gruča,0.05
ogled,ravnatelj,0.05
ogled,pregled,0.05
ogled,muzej,0.05
ogled,galerije,0.05
ogled,nepremičnina,0.05
ogled,predstave,0.05
ogled,dopust,0.05
ogled,razgled,0.05
ogledati,gledališče,0.05263157894736842
ogledati,obiskati,0.05263157894736842
ogledati,izkusiti,0.05263157894736842
ogledati,predstavo,0.05263157894736842
ogledati,film,0.05263157894736842
ogledati,serijo,0.05263157894736842
ogledati,sčekirati,0.05263157894736842
ogledati,gledati,0.10526315789473684
ogledati,razstava,0.05263157894736842
ogledati,seznaniti se,0.05263157894736842
ogledati,glej,0.05263157894736842
ogledati,videti,0.05263157894736842
ogledati,predstava,0.10526315789473684
ogledati,ogledalo,0.05263157894736842
ogledati,tekma,0.05263157894736842
ogledati,si film,0.05263157894736842
ogledati,razgled,0.05263157894736842
ohraniti,paziti na,0.05263157894736842
ohraniti,konzervirati,0.05263157894736842
ohraniti,stike,0.05263157894736842
ohraniti,ubraniti,0.05263157894736842
ohraniti,zgodovina,0.05263157894736842
ohraniti,zdravje,0.05263157894736842
ohraniti,dobro ime,0.05263157894736842
ohraniti,prijatelji,0.05263157894736842
ohraniti,dolgo časobna zadeva,0.05263157894736842
ohraniti,naravna dediščina,0.05263157894736842
ohraniti,narava,0.10526315789473684
ohraniti,zbirka,0.05263157894736842
ohraniti,mir,0.05263157894736842
ohraniti,čuvaj,0.05263157894736842
ohraniti,dediščina,0.05263157894736842
ohraniti,zaupanje,0.05263157894736842
ohraniti,zdravo telo,0.05263157894736842
ohraniti,obvarovati,0.05263157894736842
okno,vrata,0.2777777777777778
okno,zaprto,0.05555555555555555
okno,v svet,0.05555555555555555
okno,svetloba,0.05555555555555555
okno,odprtina,0.05555555555555555
okno,windows,0.05555555555555555
okno,pogled,0.16666666666666666
okno,balkon,0.05555555555555555
okno,steklo,0.05555555555555555
okno,pomito,0.05555555555555555
okno,zavese,0.05555555555555555
okno,razgled,0.05555555555555555
okolica,zemlja,0.05
okolica,sola,0.05
okolica,travnik,0.05
okolica,mesto,0.05
okolica,območje,0.05
okolica,področje,0.05
okolica,lokacija,0.05
okolica,ulica,0.05
okolica,okolje,0.15
okolica,narava,0.15
okolica,urejena,0.05
okolica,bližnja,0.05
okolica,morje,0.05
okolica,"zunanji fizični svet (okrog hiše, pisarne ...)",0.05
okolica,vrt,0.05
okolica,prostor,0.05
okoliščina,razmera,0.05263157894736842
okoliščina,"razmere, stanje",0.05263157894736842
okoliščina,pogoj,0.05263157894736842
okoliščina,čudne,0.05263157894736842
okoliščina,pogoji ob katerih se nekaj dogaja,0.05263157894736842
okoliščina,situacija,0.05263157894736842
okoliščina,razmere,0.10526315789473684
okoliščina,nekaj se je zgodilo,0.05263157894736842
okoliščina,okolje,0.15789473684210525
okoliščina,oprostilna,0.05263157894736842
okoliščina,narava,0.05263157894736842
okoliščina,v sili še vrag muhe žre.,0.05263157894736842
okoliščina,olajševalna,0.05263157894736842
okoliščina,okolica,0.10526315789473684
okoliščina,neprijetna,0.05263157894736842
okrepiti,kovina,0.05263157894736842
okrepiti,dodati,0.05263157894736842
okrepiti,dati moč,0.05263157894736842
okrepiti,sistem,0.05263157894736842
okrepiti,moč,0.2631578947368421
okrepiti,oslabiti,0.05263157894736842
okrepiti,fitnes,0.05263157894736842
okrepiti,lebron james,0.05263157894736842
okrepiti,mišice,0.05263157894736842
okrepiti,zdravje,0.10526315789473684
okrepiti,telo,0.05263157894736842
okrepiti,ojačati,0.10526315789473684
okrepiti,bolezen,0.05263157894736842
okrog,gora,0.05263157894736842
okrog,sveta,0.15789473684210525
okrog,okoli nečesa,0.05263157894736842
okrog,mesta,0.05263157894736842
okrog,hiše,0.05263157894736842
okrog,vogal,0.05263157894736842
okrog,krožnost,0.05263157894736842
okrog,za,0.05263157894736842
okrog,svet,0.05263157894736842
okrog,okrog objekta oz subjekta,0.05263157894736842
okrog,okoli,0.15789473684210525
okrog,pot,0.05263157894736842
okrog,krog,0.15789473684210525
okus,sladko,0.05
okus,slast,0.05
okus,vonj,0.1
okus,slan,0.05
okus,grenko,0.05
okus,jezik,0.25
okus,grenak,0.05
okus,hrana,0.2
okus,beli monster,0.05
okus,jed,0.05
okus,dober,0.1
olimpijski,krogi,0.045454545454545456
olimpijski,šport,0.09090909090909091
olimpijski,stadion,0.09090909090909091
olimpijski,igra,0.09090909090909091
olimpijski,zmagovalec,0.045454545454545456
olimpijski,prvak,0.09090909090909091
olimpijski,duh,0.045454545454545456
olimpijski,medalja,0.045454545454545456
olimpijski,najboljši med državami,0.045454545454545456
olimpijski,bakla,0.045454545454545456
olimpijski,igre,0.045454545454545456
olimpijski,spektakel,0.045454545454545456
olimpijski,komite,0.045454545454545456
olimpijski,bazen,0.045454545454545456
olimpijski,ogenj,0.18181818181818182
olje,maščoba,0.16666666666666666
olje,cvrtje,0.05555555555555555
olje,oljka,0.05555555555555555
olje,olivno,0.1111111111111111
olje,solata,0.05555555555555555
olje,oliva,0.05555555555555555
olje,maščoba v tekoči obliki,0.05555555555555555
olje,nafta,0.05555555555555555
olje,voda,0.05555555555555555
olje,sončnično,0.05555555555555555
olje,kurilno,0.05555555555555555
olje,mastno,0.16666666666666666
olje,spolzko,0.05555555555555555
omeniti,znanec,0.058823529411764705
omeniti,osebo,0.058823529411764705
omeniti,govoriti,0.058823529411764705
omeniti,nekaj,0.058823529411764705
omeniti,mimogrede,0.058823529411764705
omeniti,prikrivanje,0.058823529411764705
omeniti,mnenje,0.058823529411764705
omeniti,priporočilo,0.058823529411764705
omeniti,problematika,0.058823529411764705
omeniti,povedati,0.23529411764705882
omeniti,prijatelja,0.058823529411764705
omeniti,pogovor,0.058823529411764705
omeniti,reči,0.058823529411764705
omeniti,nenujno,0.058823529411764705
omogočiti,nuditi pogoje,0.05263157894736842
omogočiti,dovoliti,0.05263157894736842
omogočiti,napredek,0.10526315789473684
omogočiti,priložnost,0.05263157894736842
omogočiti,delovanje,0.05263157894736842
omogočiti,napredovanje,0.05263157894736842
omogočiti,narediti,0.05263157894736842
omogočiti,moč,0.05263157894736842
omogočiti,izobrazba,0.05263157894736842
omogočiti,pozitivno dejanje,0.05263157894736842
omogočiti,možnost,0.05263157894736842
omogočiti,dobro življenje,0.05263157894736842
omogočiti,izlet,0.05263157894736842
omogočiti,pomagati,0.10526315789473684
omogočiti,delo,0.05263157894736842
omogočiti,vključevanje,0.05263157894736842
omogočiti,šolanje,0.05263157894736842
omrežje,telefonsko,0.05
omrežje,povezanost,0.05
omrežje,povezave,0.05
omrežje,mobilno,0.05
omrežje,pajek,0.05
omrežje,dosegljivost,0.05
omrežje,telefon,0.05
omrežje,wi-fi,0.05
omrežje,informatika,0.05
omrežje,splet,0.05
omrežje,vezje,0.05
omrežje,internet,0.25
omrežje,tv,0.05
omrežje,satelit,0.05
omrežje,mreža,0.1
opaziti,kriminal,0.047619047619047616
opaziti,očala,0.09523809523809523
opaziti,stara mama,0.047619047619047616
opaziti,gledati,0.09523809523809523
opaziti,oči,0.047619047619047616
opaziti,vid,0.09523809523809523
opaziti,znak,0.047619047619047616
opaziti,napake,0.047619047619047616
opaziti,narava,0.047619047619047616
opaziti,spremembo,0.047619047619047616
opaziti,pozornost,0.14285714285714285
opaziti,prijatelj,0.047619047619047616
opaziti,zaznati,0.047619047619047616
opaziti,naravo,0.047619047619047616
opaziti,opazovalec,0.047619047619047616
opaziti,oko,0.047619047619047616
opazovati,opazovalnica,0.05263157894736842
opazovati,eksperiment,0.05263157894736842
opazovati,gledati,0.3157894736842105
opazovati,vedenje,0.05263157894736842
opazovati,oči,0.05263157894736842
opazovati,videti,0.10526315789473684
opazovati,sistematično,0.05263157894736842
opazovati,pogledovati,0.05263157894736842
opazovati,ptice,0.05263157894736842
opazovati,tišina,0.05263157894736842
opazovati,skrit,0.05263157894736842
opazovati,"človeka,osebnost,naravo",0.05263157894736842
opazovati,okolica,0.05263157894736842
operacija,bolnica,0.09523809523809523
operacija,medicina,0.047619047619047616
operacija,reševanje,0.047619047619047616
operacija,noga,0.047619047619047616
operacija,kirurški poseg,0.047619047619047616
operacija,zdravnik,0.09523809523809523
operacija,bolečina,0.19047619047619047
operacija,kolena,0.047619047619047616
operacija,kirurg,0.23809523809523808
operacija,žaga,0.047619047619047616
operacija,bolnišnica,0.047619047619047616
operacija,poseg,0.047619047619047616
opozarjati,pozor,0.05263157894736842
opozarjati,na napake,0.10526315789473684
opozarjati,na problem,0.05263157894736842
opozarjati,nevarnost,0.10526315789473684
opozarjati,na nekaj,0.05263157894736842
opozarjati,seznanitev s posledicami,0.05263157894736842
opozarjati,kregati,0.05263157894736842
opozarjati,opominjati,0.05263157894736842
opozarjati,kričati,0.05263157894736842
opozarjati,nezgoda,0.05263157894736842
opozarjati,stop znak,0.05263157894736842
opozarjati,alarm,0.05263157894736842
opozarjati,strokovnjaki,0.05263157894736842
opozarjati,pridigati,0.05263157894736842
opozarjati,pazi,0.05263157894736842
opozarjati,policisti,0.05263157894736842
opozarjati,cesta,0.05263157894736842
opozoriti,stop!,0.05263157894736842
opozoriti,pravilo,0.05263157894736842
opozoriti,napaka,0.10526315789473684
opozoriti,okregati,0.05263157894736842
opozoriti,na nekaj,0.05263157894736842
opozoriti,nevarnost,0.2631578947368421
opozoriti,nesreča,0.05263157894736842
opozoriti,zmajev let,0.05263157894736842
opozoriti,opozorilo,0.05263157894736842
opozoriti,posvariti,0.15789473684210525
opozoriti,klicaj,0.05263157894736842
opozoriti,poročila,0.05263157894736842
opravljati,hinavščina,0.05
opravljati,klepetati,0.05
opravljati,naloga,0.05
opravljati,človek,0.05
opravljati,soseska,0.05
opravljati,nalogo,0.05
opravljati,prijateljico,0.05
opravljati,soseda,0.05
opravljati,obrekovati,0.05
opravljati,za hrbtom,0.05
opravljati,"delo, službo, šport, funkcijo",0.05
opravljati,delati,0.1
opravljati,govoriti o drugih,0.05
opravljati,delo,0.3
organ,jetra,0.05263157894736842
organ,človek,0.05263157894736842
organ,pljuča,0.05263157894736842
organ,v telesu,0.05263157894736842
organ,del telesa,0.10526315789473684
organ,pregon,0.05263157894736842
organ,srce,0.47368421052631576
organ,oko,0.05263157894736842
organ,telo,0.10526315789473684
organizator,vodja,0.15
organizator,odgovornost,0.05
organizator,načrtovalec,0.05
organizator,natančen,0.05
organizator,red,0.05
organizator,dogodek,0.1
organizator,prireditve,0.1
organizator,proslava,0.05
organizator,zabava,0.05
organizator,lomljenje,0.05
organizator,izobraževanja,0.05
organizator,povezovanje,0.05
organizator,oseba,0.05
organizator,povezovalec,0.05
organizator,plan,0.05
organizator,zabave,0.05
organizirati,tabor,0.05263157894736842
organizirati,nastop,0.05263157894736842
organizirati,čas,0.05263157894736842
organizirati,urediti,0.10526315789473684
organizirati,narediti,0.05263157894736842
organizirati,red,0.05263157894736842
organizirati,dogodek,0.10526315789473684
organizirati,urejenost,0.05263157894736842
organizirati,delovati,0.05263157894736842
organizirati,sestanek,0.05263157894736842
organizirati,zabava,0.10526315789473684
organizirati,seminar,0.05263157894736842
organizirati,prirediti,0.05263157894736842
organizirati,sobo,0.05263157894736842
organizirati,koordinirati,0.05263157894736842
organizirati,urnik,0.05263157894736842
orožje,pištola,0.21052631578947367
orožje,pistola,0.05263157894736842
orožje,vojaki,0.05263157894736842
orožje,nož,0.05263157894736842
orožje,hladno,0.05263157894736842
orožje,vojna,0.15789473684210525
orožje,smrt,0.05263157894736842
orožje,obramba,0.05263157894736842
orožje,puška,0.10526315789473684
orožje,mitraljez,0.05263157894736842
orožje,strelno,0.10526315789473684
orožje,top,0.05263157894736842
osnova,od koder začnem,0.058823529411764705
osnova,temelj,0.058823529411764705
osnova,baza,0.11764705882352941
osnova,podlaga nečemu,0.058823529411764705
osnova,hiša,0.058823529411764705
osnova,šola,0.17647058823529413
osnova,os,0.058823529411764705
osnova,nadgradnja,0.058823529411764705
osnova,torta,0.058823529411764705
osnova,jušna,0.058823529411764705
osnova,jeza,0.058823529411764705
osnova,podlaga,0.058823529411764705
osnova,matematika,0.058823529411764705
osnova,začetek,0.058823529411764705
osrednji,ocean,0.05555555555555555
osrednji,središčen,0.05555555555555555
osrednji,ključen,0.05555555555555555
osrednji,glavni,0.1111111111111111
osrednji,sredina,0.05555555555555555
osrednji,del,0.05555555555555555
osrednji,točka,0.05555555555555555
osrednji,dogodek,0.1111111111111111
osrednji,sredinski,0.16666666666666666
osrednji,petek,0.05555555555555555
osrednji,temeljni,0.05555555555555555
osrednji,glavno,0.05555555555555555
osrednji,kraj,0.1111111111111111
ostajati,oditi,0.05
ostajati,preobilje,0.05
ostajati,zadrževati,0.05
ostajati,doma,0.05
ostajati,iti,0.05
ostajati,pouk,0.05
ostajati,obstajati,0.05
ostajati,kavč,0.05
ostajati,ostati,0.05
ostajati,imeti svoj dom,0.05
ostajati,hrana,0.05
ostajati,biti tu,0.05
ostajati,počakati,0.05
ostajati,biti še pristen,0.05
ostajati,biti,0.05
ostajati,v zvezi,0.05
ostajati,nespremenjen,0.05
ostajati,nezaželjen,0.05
ostajati,zveza,0.05
ostajati,družbena rast,0.05
ostali,žalujoči,0.05263157894736842
ostali,sosed,0.05263157894736842
ostali,odšli,0.05263157894736842
ostali,drugačni,0.05263157894736842
ostali,ljudje,0.10526315789473684
ostali,drugi,0.631578947368421
ostali,vsi,0.05263157894736842
otok,brodolom,0.1111111111111111
otok,hrvaška,0.05555555555555555
otok,ljubezni,0.16666666666666666
otok,mir,0.05555555555555555
otok,samota,0.05555555555555555
otok,odaljeni,0.05555555555555555
otok,plaža,0.05555555555555555
otok,rajski,0.05555555555555555
otok,morje,0.3888888888888889
otroški,nasmeh,0.05263157894736842
otroški,smeh,0.10526315789473684
otroški,sedež,0.05263157894736842
otroški,jok,0.10526315789473684
otroški,dodatek,0.05263157894736842
otroški,voziček,0.15789473684210525
otroški,risanka,0.05263157894736842
otroški,zdravnik,0.05263157894736842
otroški,dojenček,0.05263157894736842
otroški,igrače,0.05263157894736842
otroški,slovar,0.05263157894736842
otroški,knjiga,0.05263157894736842
otroški,majhen,0.05263157894736842
otroški,za otroke,0.05263157894736842
otroški,nezrel,0.05263157894736842
ovira,zaustavljanje,0.05555555555555555
ovira,tek,0.16666666666666666
ovira,preskok,0.05555555555555555
ovira,prepreka,0.3333333333333333
ovira,na cesti,0.05555555555555555
ovira,težava,0.05555555555555555
ovira,izziv,0.05555555555555555
ovira,ovca,0.05555555555555555
ovira,ograja,0.05555555555555555
ovira,pot,0.05555555555555555
ovira,jeba,0.05555555555555555
padec,prosti,0.043478260869565216
padec,padalo,0.17391304347826086
padec,grd,0.043478260869565216
padec,tla,0.043478260869565216
padec,skok,0.043478260869565216
padec,trampolin,0.043478260869565216
padec,bolečina,0.21739130434782608
padec,koleno,0.043478260869565216
padec,dol,0.043478260869565216
padec,zlom,0.043478260869565216
padec,višina,0.043478260869565216
padec,ocen,0.043478260869565216
padec,zaupanje,0.043478260869565216
padec,globok,0.043478260869565216
padec,padec v globino,0.043478260869565216
padec,lestvica,0.043478260869565216
papir,časopis,0.05263157894736842
papir,škarje,0.10526315789473684
papir,risanje,0.05263157894736842
papir,pisalo,0.05263157894736842
papir,fotokopirni stroj,0.05263157894736842
papir,karton,0.05263157894736842
papir,pisanje,0.05263157894736842
papir,škrta,0.05263157894736842
papir,risba,0.05263157894736842
papir,belo,0.05263157894736842
papir,črnilo,0.05263157894736842
papir,list,0.21052631578947367
papir,zvezek,0.10526315789473684
papir,prenese vse,0.05263157894736842
par,partnerstvo,0.05263157894736842
par,dvojica,0.05263157894736842
par,srečen,0.05263157894736842
par,sreča,0.05263157894736842
par,ljudi,0.05263157894736842
par,midva,0.05263157894736842
par,nogavice,0.05263157894736842
par,zmenek,0.05263157894736842
par,par jabolk,0.05263157894736842
par,ljubezen,0.05263157894736842
par,gosi,0.05263157894736842
par,dva,0.21052631578947367
par,mož in žena,0.05263157894736842
par,partner,0.05263157894736842
par,dva človeka skupaj,0.05263157894736842
par,dvojina,0.05263157894736842
park,central,0.05555555555555555
park,klopica,0.05555555555555555
park,pes,0.16666666666666666
park,zelena,0.05555555555555555
park,tivoli,0.05555555555555555
park,zabava,0.05555555555555555
park,narava,0.05555555555555555
park,reka,0.05555555555555555
park,mestna zelenica vecjega obsega,0.05555555555555555
park,trava,0.05555555555555555
park,klopice,0.05555555555555555
park,koncert,0.05555555555555555
park,drevesa,0.16666666666666666
park,drevo,0.05555555555555555
parlament,poslanci,0.15
parlament,"vlada, zgradba proces",0.05
parlament,ljudje,0.05
parlament,neskončno blebetanje,0.05
parlament,država,0.1
parlament,politiki,0.05
parlament,politika,0.2
parlament,"skupina, govorjenje , moč",0.05
parlament,pub,0.1
parlament,demokracija,0.05
parlament,državni zbor,0.05
parlament,poslanec,0.05
parlament,omizje,0.05
parlamentaren,političen,0.05555555555555555
parlamentaren,dogovor,0.05555555555555555
parlamentaren,govor,0.05555555555555555
parlamentaren,minister,0.05555555555555555
parlamentaren,parlare,0.05555555555555555
parlamentaren,politiki,0.05555555555555555
parlamentaren,besede,0.05555555555555555
parlamentaren,golob,0.05555555555555555
parlamentaren,politik,0.05555555555555555
parlamentaren,sklep,0.05555555555555555
parlamentaren,razprava,0.05555555555555555
parlamentaren,parlament,0.05555555555555555
parlamentaren,odločitev posameznikov izbranih na volitvah,0.05555555555555555
parlamentaren,vlada,0.05555555555555555
parlamentaren,državotvoren,0.05555555555555555
parlamentaren,dvorana,0.05555555555555555
parlamentaren,demokracija,0.05555555555555555
parlamentaren,državni zbor,0.05555555555555555
partner,fant/punca,0.05263157894736842
partner,zakonski,0.05263157894736842
partner,sodelavec,0.10526315789473684
partner,mož,0.10526315789473684
partner,ljubezen,0.21052631578947367
partner,soprog,0.05263157894736842
partner,poslovni,0.05263157894736842
partner,enakopravnost,0.05263157894736842
partner,5,0.05263157894736842
partner,ljubimec,0.05263157894736842
partner,oseba,0.05263157894736842
partner,avto,0.05263157894736842
partner,tip,0.05263157894736842
partner,dober,0.05263157894736842
pas,usnjeni trak,0.05
pas,obleka,0.05
pas,hlač,0.05
pas,pripomoček za zapenjanje hlač,0.05
pas,varnost,0.05
pas,varnostni,0.05
pas,cheetah print,0.05
pas,onejitev,0.05
pas,hlače,0.35
pas,moški,0.05
pas,trebuh,0.05
pas,obala,0.05
pas,avto,0.1
pasti,stena,0.05
pasti,padec,0.05
pasti,groza,0.05
pasti,žival,0.05
pasti,živali,0.05
pasti,tla,0.05
pasti,luknja,0.05
pasti,težava,0.05
pasti,miši,0.05
pasti,gib,0.05
pasti,zlomljena kost,0.05
pasti,globoko,0.05
pasti,pozornost,0.05
pasti,kletka,0.05
pasti,izgubiti,0.05
pasti,ujeti,0.05
pasti,lovec,0.05
pasti,letnik,0.05
pasti,poškodba,0.1
peljati,vožnja,0.05263157894736842
peljati,led,0.05263157894736842
peljati,voziti,0.3157894736842105
peljati,premikanje,0.05263157894736842
peljati,razdalje,0.05263157894736842
peljati,v neznano,0.05263157894736842
peljati,ko,0.05263157894736842
peljati,avto,0.3684210526315789
pes,sreča,0.05263157894736842
pes,žival,0.3157894736842105
pes,lajanje,0.10526315789473684
pes,mačka,0.10526315789473684
pes,kuža,0.21052631578947367
pes,čuvaj,0.05263157894736842
pes,prijatelj,0.05263157894736842
pes,človekov najboljši prijatelj,0.05263157894736842
pes,domača žival,0.05263157894736842
pesem,kitica,0.05
pesem,nota,0.05
pesem,poezija,0.3
pesem,proza,0.05
pesem,melodija,0.1
pesem,zvok,0.05
pesem,lirika,0.05
pesem,petje,0.1
pesem,kaj mi poje ptičica,0.05
pesem,glasba,0.1
pesem,prešeren,0.1
petek,peter,0.05263157894736842
petek,svetek,0.15789473684210525
petek,črni,0.05263157894736842
petek,zadetek,0.05263157894736842
petek,velika noč,0.05263157894736842
petek,konec tedna,0.05263157894736842
petek,počitek,0.05263157894736842
petek,sobota,0.10526315789473684
petek,zvečer,0.05263157894736842
petek,vikend,0.10526315789473684
petek,dan,0.10526315789473684
petek,zurka,0.05263157894736842
petek,četrtek,0.05263157894736842
petek,super,0.05263157894736842
pijača,topla,0.047619047619047616
pijača,osvežilna,0.047619047619047616
pijača,gorivo,0.047619047619047616
pijača,sok,0.09523809523809523
pijača,vroča,0.047619047619047616
pijača,bar,0.047619047619047616
pijača,za pit,0.047619047619047616
pijača,rdeče,0.047619047619047616
pijača,kozarec,0.047619047619047616
pijača,kava,0.09523809523809523
pijača,voda,0.19047619047619047
pijača,dobra,0.047619047619047616
pijača,odžejati,0.047619047619047616
pijača,hladna,0.14285714285714285
pisanje,pisatelj,0.1
pisanje,papir,0.05
pisanje,pisalo,0.15
pisanje,škrabanje,0.05
pisanje,izražanje,0.05
pisanje,domišljija,0.05
pisanje,branje,0.05
pisanje,pisma,0.05
pisanje,pismo,0.1
pisanje,pesnik,0.05
pisanje,knjiga,0.05
pisanje,misel,0.05
pisanje,piščanec,0.05
pisanje,beleženje,0.05
pisanje,misel ubesediti pisno,0.05
pisanje,tipkovnica,0.05
pismo,pisava,0.047619047619047616
pismo,znamka,0.047619047619047616
pismo,ljubezensko,0.047619047619047616
pismo,posta,0.047619047619047616
pismo,pričakovanje,0.047619047619047616
pismo,elektronsko,0.047619047619047616
pismo,sporočilo nekomu,0.047619047619047616
pismo,pošta,0.14285714285714285
pismo,email,0.047619047619047616
pismo,list papirja,0.047619047619047616
pismo,pismonoša,0.09523809523809523
pismo,sporočilo,0.047619047619047616
pismo,telegram,0.047619047619047616
pismo,ročno napisano,0.047619047619047616
pismo,dedku mrazu,0.047619047619047616
pismo,kuverta,0.14285714285714285
plačati,nameniti denar za,0.05
plačati,račun,0.15
plačati,cena,0.05
plačati,pijača,0.05
plačati,klik,0.05
plačati,zapitek,0.05
plačati,davek,0.05
plačati,račune,0.05
plačati,plačal boš z glavo,0.05
plačati,dolg,0.05
plačati,izgubiti,0.05
plačati,z denarjem,0.05
plačati,obresti,0.05
plačati,denar,0.2
plačati,gotovina,0.05
plačevati,prispevati,0.05263157894736842
plačevati,bitcoin,0.05263157894736842
plačevati,davek,0.05263157894736842
plačevati,položnica,0.10526315789473684
plačevati,davke,0.05263157894736842
plačevati,nakazati,0.05263157894736842
plačevati,storitev,0.05263157894736842
plačevati,položnice,0.05263157894736842
plačevati,denar,0.47368421052631576
plačevati,demar,0.05263157894736842
plačilo,oko za oko,0.047619047619047616
plačilo,plača,0.09523809523809523
plačilo,položnica,0.047619047619047616
plačilo,dobrobit,0.047619047619047616
plačilo,"kruh,",0.047619047619047616
plačilo,služba,0.047619047619047616
plačilo,denar,0.42857142857142855
plačilo,delo,0.09523809523809523
plačilo,nakazati denar,0.047619047619047616
plačilo,nagrada,0.047619047619047616
plačilo,v gotovini,0.047619047619047616
ples,parov,0.047619047619047616
ples,veselje,0.19047619047619047
ples,izražanje,0.047619047619047616
ples,moderni,0.047619047619047616
ples,korak,0.047619047619047616
ples,glasba,0.09523809523809523
ples,plesati,0.047619047619047616
ples,zabava,0.09523809523809523
ples,čustva,0.047619047619047616
ples,politika,0.047619047619047616
ples,koraki,0.047619047619047616
ples,poroka,0.047619047619047616
ples,tango,0.047619047619047616
ples,dvorana,0.047619047619047616
ples,dance,0.047619047619047616
ples,užitek,0.047619047619047616
plin,vodovod,0.05
plin,izpuhi,0.05
plin,onesnaževanje,0.05
plin,balon,0.05
plin,agregatno stanje,0.05
plin,nevarnost,0.05
plin,bombola,0.05
plin,gas,0.05
plin,dim,0.05
plin,olje,0.05
plin,krči,0.05
plin,ogrevanje,0.05
plin,jeklenka,0.05
plin,voda,0.05
plin,plinska bomba,0.05
plin,zemeljski plin,0.05
plin,kuhanje,0.05
plin,bomba,0.1
plin,agregatno,0.05
plošča,gramofon,0.16666666666666666
plošča,ploščina,0.05555555555555555
plošča,kvadrat,0.05555555555555555
plošča,nova,0.05555555555555555
plošča,lp,0.05555555555555555
plošča,cd,0.05555555555555555
plošča,glasba,0.05555555555555555
plošča,marmor,0.05555555555555555
plošča,štedilnik,0.1111111111111111
plošča,tlakovci,0.05555555555555555
plošča,gramofonska,0.05555555555555555
plošča,kuhanje,0.05555555555555555
plošča,disk,0.05555555555555555
plošča,avto,0.05555555555555555
plošča,deska,0.05555555555555555
pobuda,vzgib,0.0625
pobuda,ja,0.0625
pobuda,izboljšave,0.0625
pobuda,predlog,0.0625
pobuda,zahvala,0.0625
pobuda,proaktiven,0.0625
pobuda,vaščanov,0.0625
pobuda,iniciativa,0.25
pobuda,zbuditi,0.0625
pobuda,zakon,0.0625
pobuda,ideja,0.125
pobuda,sodelovanje,0.0625
počasi,prideš daleč,0.05555555555555555
počasi,strumno,0.05555555555555555
počasi,lepo,0.05555555555555555
počasi,hitro,0.16666666666666666
počasi,polž,0.16666666666666666
počasi,voziti,0.05555555555555555
počasi,zlahka,0.05555555555555555
počasi,vztrajno,0.05555555555555555
počasi,se daleč pride,0.1111111111111111
počasi,delat,0.05555555555555555
počasi,previdno,0.05555555555555555
počasi,vožnja,0.05555555555555555
počasi,polžje,0.05555555555555555
poceni,cena,0.05
poceni,dosegljivo množici,0.05
poceni,nekvalitetno,0.05
poceni,ugodno,0.2
poceni,kvalitetno slab izdelek,0.05
poceni,trgovina,0.05
poceni,blago,0.05
poceni,roba,0.05
poceni,oblačila,0.05
poceni,šparovec,0.05
poceni,stvari,0.05
poceni,manj vredno,0.05
poceni,denar,0.05
poceni,razprodaja,0.1
poceni,varčevanje,0.05
poceni,lidl,0.05
početi,dolgčas,0.05555555555555555
početi,seksati,0.05555555555555555
početi,hoditi,0.05555555555555555
početi,začeti,0.05555555555555555
početi,delati,0.4444444444444444
početi,stvari,0.05555555555555555
početi,nekaj delati,0.05555555555555555
početi,delat,0.05555555555555555
početi,delo,0.1111111111111111
početi,marsikaj,0.05555555555555555
počutiti,občutiti,0.05
počutiti,zaznava,0.05
počutiti,pozitivno,0.05
počutiti,zdravje,0.05
počutiti,depresija,0.05
počutiti,čustva,0.2
počutiti,dobro,0.1
počutiti,varno,0.1
počutiti,slabo,0.1
počutiti,se dobro,0.05
počutiti,oddih,0.05
počutiti,se slabo,0.05
počutiti,občutek,0.05
počutiti,stanje,0.05
podati,podati človeku roko za pomoč,0.05555555555555555
podati,gesta,0.05555555555555555
podati,podatke,0.05555555555555555
podati,kritiko,0.05555555555555555
podati,oceno,0.05555555555555555
podati,podati žogo,0.05555555555555555
podati,informacija,0.05555555555555555
podati,mnenje,0.16666666666666666
podati,roka,0.05555555555555555
podati,dati bližje,0.05555555555555555
podati,prodati,0.05555555555555555
podati,roko,0.05555555555555555
podati,žoga,0.16666666666666666
podati,dati,0.05555555555555555
podeliti,solidarnost,0.047619047619047616
podeliti,povezati se,0.047619047619047616
podeliti,medalje,0.047619047619047616
podeliti,deliti,0.047619047619047616
podeliti,razdeliti,0.09523809523809523
podeliti,medalja,0.047619047619047616
podeliti,dobro,0.047619047619047616
podeliti,priznanje,0.09523809523809523
podeliti,medaljo,0.047619047619047616
podeliti,v krog,0.047619047619047616
podeliti,objem,0.047619047619047616
podeliti,ulomek,0.047619047619047616
podeliti,nagrada,0.09523809523809523
podeliti,dati,0.047619047619047616
podeliti,nagrado,0.19047619047619047
podoba,človek,0.05263157894736842
podoba,slika,0.3157894736842105
podoba,prikaz,0.05263157894736842
podoba,stara slika,0.05263157894736842
podoba,videz,0.05263157894736842
podoba,marija,0.05263157894736842
podoba,napačna,0.05263157894736842
podoba,oblika,0.05263157894736842
podoba,lik,0.10526315789473684
podoba,sluka,0.05263157894736842
podoba,zunanji videz,0.05263157894736842
podoba,ogledalo,0.05263157894736842
podoba,"človek, samopodoba, osebnost",0.05263157894736842
podobno,dvojčka,0.05
podobno,dolgčas,0.05
podobno,simetrično,0.05
podobno,različno,0.05
podobno,dvojček,0.05
podobno,slično,0.15
podobno,enak,0.05
podobno,sorojenci,0.05
podobno,tu tu,0.05
podobno,približno enako,0.05
podobno,isto,0.05
podobno,neenako,0.05
podobno,enako,0.25
podobno,ni isto,0.05
podpirati,lokalno,0.05
podpirati,hisa,0.05
podpirati,stati ob strani,0.1
podpirati,sodelovati,0.05
podpirati,odnos,0.05
podpirati,tebe,0.05
podpirati,utrjevati,0.05
podpirati,palica,0.05
podpirati,želeti najboljše,0.05
podpirati,podplati,0.05
podpirati,majanje mize,0.05
podpirati,prijatelj,0.05
podpirati,partner,0.05
podpirati,otroke,0.05
podpirati,pomoč,0.1
podpirati,pomagati,0.05
podpirati,imeti,0.05
podpirati,prijaznost,0.05
podpis,avtorja,0.05
podpis,spodaj,0.05
podpis,na papirju,0.05
podpis,papir,0.05
podpis,identifikacija,0.05
podpis,birokracija,0.05
podpis,pogodba,0.1
podpis,lastnoročni,0.1
podpis,signatura,0.05
podpis,elektronski,0.05
podpis,potrditev,0.05
podpis,ime,0.15
podpis,overovljanje,0.05
podpis,osebnost,0.05
podpis,avtentičnost,0.05
podpis,uradno,0.05
podpisati,podpisati se pod dokument,0.05263157894736842
podpisati,dokument,0.15789473684210525
podpisati,strinjati se z nečim.,0.05263157894736842
podpisati,kuli,0.05263157894736842
podpisati,pisalo,0.05263157894736842
podpisati,strinjati se,0.05263157894736842
podpisati,podpis,0.05263157894736842
podpisati,obsodba,0.05263157894736842
podpisati,pogodba,0.10526315789473684
podpisati,pristaviti podpis,0.05263157894736842
podpisati,listino,0.05263157894736842
podpisati,signirati,0.05263157894736842
podpisati,pogodbo,0.10526315789473684
podpisati,dokumenti,0.05263157894736842
podpisati,označiti,0.05263157894736842
podpreti,stati ob strani,0.05555555555555555
podpreti,pritrditi,0.05555555555555555
podpreti,strinjanje,0.05555555555555555
podpreti,gradbeništvo,0.05555555555555555
podpreti,steber,0.05555555555555555
podpreti,koga,0.05555555555555555
podpreti,odpor,0.05555555555555555
podpreti,dam podpoto,0.05555555555555555
podpreti,biti v oporo,0.05555555555555555
podpreti,sodelovanje,0.05555555555555555
podpreti,odpreti,0.05555555555555555
podpreti,stabilno,0.05555555555555555
podpreti,tram,0.05555555555555555
podpreti,obok,0.05555555555555555
podpreti,soglašati,0.05555555555555555
podpreti,podreti,0.1111111111111111
podpreti,podpora,0.05555555555555555
pogajanje,dogovor,0.05555555555555555
pogajanje,tehtanje,0.05555555555555555
pogajanje,miza,0.05555555555555555
pogajanje,rokovati se,0.05555555555555555
pogajanje,tržnica,0.1111111111111111
pogajanje,postopek,0.05555555555555555
pogajanje,nevarnost,0.05555555555555555
pogajanje,vztrajnost,0.05555555555555555
pogajanje,"določitev pravil, cen...",0.05555555555555555
pogajanje,sestanek,0.05555555555555555
pogajanje,za obveznosti,0.05555555555555555
pogajanje,politika,0.05555555555555555
pogajanje,pregovarjanje,0.05555555555555555
pogajanje,poravnava,0.05555555555555555
pogajanje,popuščanje,0.05555555555555555
pogajanje,vojna,0.05555555555555555
pogajanje,denar,0.05555555555555555
pogledati,okno,0.034482758620689655
pogledati,strah,0.034482758620689655
pogledati,televizija,0.034482758620689655
pogledati,začudeno se ozreti,0.034482758620689655
pogledati,gledati,0.10344827586206896
pogledati,oko/oči,0.034482758620689655
pogledati,nekoga pogledas,0.034482758620689655
pogledati,oči,0.06896551724137931
pogledati,videti,0.10344827586206896
pogledati,pogledi,0.034482758620689655
pogledati,rožo,0.034482758620689655
pogledati,ljubezen,0.034482758620689655
pogledati,pogled,0.034482758620689655
pogledati,na prehodu za pešče,0.034482758620689655
pogledati,prepovedano,0.034482758620689655
pogledati,stran,0.034482758620689655
pogledati,spregledati,0.034482758620689655
pogledati,ogledati si,0.034482758620689655
pogledati,pozornost,0.034482758620689655
pogledati,skozi okno,0.034482758620689655
pogledati,tv,0.034482758620689655
pogledati,preveriti,0.034482758620689655
pogledati,ogledalo,0.034482758620689655
pogledati,nekoga,0.034482758620689655
pogosta,česta,0.058823529411764705
pogosta,večkratna,0.058823529411764705
pogosta,napaka,0.17647058823529413
pogosta,upočasnjen,0.058823529411764705
pogosta,mnogo,0.058823529411764705
pogosta,vsakič,0.058823529411764705
pogosta,pretežna,0.058823529411764705
pogosta,vprašanja,0.17647058823529413
pogosta,redka,0.058823529411764705
pogosta,ponavljajoče,0.058823529411764705
pogosta,nesoglasja,0.058823529411764705
pogosta,beseda,0.11764705882352941
pogovarjati,sočlovek,0.058823529411764705
pogovarjati,klepetati,0.058823529411764705
pogovarjati,klepet,0.058823529411764705
pogovarjati,govoriti,0.23529411764705882
pogovarjati,sodelovati,0.058823529411764705
pogovarjati,odnos,0.058823529411764705
pogovarjati,besede,0.058823529411764705
pogovarjati,prijatelji,0.058823529411764705
pogovarjati,uživati,0.058823529411764705
pogovarjati,diskutirati,0.058823529411764705
pogovarjati,se,0.058823529411764705
pogovarjati,diskusija,0.058823529411764705
pogovarjati,pogovor,0.11764705882352941
poiskati,ključ,0.03333333333333333
poiskati,najti,0.3
poiskati,iskati,0.06666666666666667
poiskati,boljšo polovico,0.03333333333333333
poiskati,oblačilo,0.03333333333333333
poiskati,angažiranost,0.03333333333333333
poiskati,zajca v grmu,0.03333333333333333
poiskati,ljubezen,0.03333333333333333
poiskati,ključe,0.03333333333333333
poiskati,besedo,0.06666666666666667
poiskati,telefon,0.06666666666666667
poiskati,način,0.03333333333333333
poiskati,denarično,0.03333333333333333
poiskati,prijatelja,0.03333333333333333
poiskati,denar,0.03333333333333333
poiskati,razmišljati,0.03333333333333333
poiskati,škatla,0.03333333333333333
poiskati,prostor,0.03333333333333333
poiskati,lučka,0.03333333333333333
pojasnjevati,predavanje,0.037037037037037035
pojasnjevati,obrazložiti,0.037037037037037035
pojasnjevati,govoriti,0.037037037037037035
pojasnjevati,komu,0.037037037037037035
pojasnjevati,opravičevati,0.037037037037037035
pojasnjevati,razumeti,0.037037037037037035
pojasnjevati,učitelj,0.037037037037037035
pojasnjevati,razlaga,0.07407407407407407
pojasnjevati,razlagati,0.25925925925925924
pojasnjevati,razložiti,0.07407407407407407
pojasnjevati,nekaj dolgočasnega,0.037037037037037035
pojasnjevati,ne znam,0.037037037037037035
pojasnjevati,snov,0.1111111111111111
pojasnjevati,utemeljiti,0.037037037037037035
pojasnjevati,razlaganje,0.037037037037037035
pojasnjevati,pogovor,0.037037037037037035
pojasnjevati,pojasnilo,0.037037037037037035
pojaviti,priti na površje,0.05263157894736842
pojaviti,spawnati,0.05263157894736842
pojaviti,presenečenje,0.05263157894736842
pojaviti,naenkrat priti nekam.,0.05263157894736842
pojaviti,prikazati se,0.05263157894736842
pojaviti,ustvariti,0.05263157894736842
pojaviti,megla,0.05263157894736842
pojaviti,nenadoma,0.10526315789473684
pojaviti,oblak,0.05263157894736842
pojaviti,videti,0.05263157894736842
pojaviti,vidim,0.05263157894736842
pojaviti,iz nič,0.05263157894736842
pojaviti,izginiti,0.05263157894736842
pojaviti,pokazati,0.05263157894736842
pojaviti,znenada,0.05263157894736842
pojaviti,podoba,0.05263157894736842
pojaviti,pojav,0.05263157894736842
pojaviti,krt,0.05263157894736842
pojavljati,ponavljati,0.047619047619047616
pojavljati,scena,0.047619047619047616
pojavljati,časopis,0.047619047619047616
pojavljati,izpuščaji,0.047619047619047616
pojavljati,pogosto,0.047619047619047616
pojavljati,prihod,0.047619047619047616
pojavljati,padavine,0.047619047619047616
pojavljati,naravni pojavi,0.047619047619047616
pojavljati,računalniško okno,0.047619047619047616
pojavljati,nadležno,0.047619047619047616
pojavljati,perioda,0.047619047619047616
pojavljati,prikazovati,0.047619047619047616
pojavljati,iznenada,0.047619047619047616
pojavljati,pojaviti se,0.09523809523809523
pojavljati,se,0.047619047619047616
pojavljati,pojava,0.047619047619047616
pojavljati,pojav,0.047619047619047616
pojavljati,nastopati,0.047619047619047616
pojavljati,pike,0.047619047619047616
pojavljati,bolezen,0.047619047619047616
poklic,obveza,0.05555555555555555
poklic,znanje,0.05555555555555555
poklic,učitelj,0.05555555555555555
poklic,nujno,0.05555555555555555
poklic,služba,0.3333333333333333
poklic,usposabljanje,0.05555555555555555
poklic,pilot,0.05555555555555555
poklic,delo,0.3333333333333333
poklicati,učitelj,0.047619047619047616
poklicati,klicati nekoga,0.047619047619047616
poklicati,mamo,0.047619047619047616
poklicati,policija,0.047619047619047616
poklicati,telefon,0.2857142857142857
poklicati,zvati,0.047619047619047616
poklicati,stik,0.047619047619047616
poklicati,po telefonu,0.047619047619047616
poklicati,koga,0.047619047619047616
poklicati,prizvati,0.047619047619047616
poklicati,megafon,0.047619047619047616
poklicati,zavrteti številko,0.047619047619047616
poklicati,domov,0.047619047619047616
poklicati,klic,0.09523809523809523
poklicati,mama,0.047619047619047616
poklicni,služben,0.05
poklicni,pokicati,0.05
poklicni,šofer,0.1
poklicni,šola,0.05
poklicni,humor,0.05
poklicni,izziv,0.05
poklicni,poklic,0.05
poklicni,profesionalni,0.05
poklicni,voznik,0.05
poklicni,telefon,0.05
poklicni,redno zaposleni (npr. poklicni gasilec),0.05
poklicni,deformacija,0.1
poklicni,naziv,0.05
poklicni,gasilec,0.05
poklicni,uspeh,0.05
poklicni,delo,0.05
poklicni,nadzorni,0.05
poklicni,igralec,0.05
pokrajina,slikarstvo,0.05263157894736842
pokrajina,stevilka 2,0.05263157894736842
pokrajina,"¸ razsežnost ,",0.05263157894736842
pokrajina,planota,0.05263157894736842
pokrajina,dežela,0.05263157894736842
pokrajina,lepota,0.05263157894736842
pokrajina,ravna,0.05263157894736842
pokrajina,pohorje,0.05263157894736842
pokrajina,slika,0.05263157894736842
pokrajina,tezno,0.05263157894736842
pokrajina,zelenje,0.05263157894736842
pokrajina,lepa,0.10526315789473684
pokrajina,spokoj,0.05263157894736842
pokrajina,narava,0.05263157894736842
pokrajina,svet,0.05263157894736842
pokrajina,vas,0.05263157894736842
pokrajina,krajina,0.05263157894736842
pokrajina,bela krajina,0.05263157894736842
polčas,rokomet,0.05
polčas,gol,0.05
polčas,igra,0.1
polčas,dolgčas,0.05
polčas,odmor,0.05
polčas,tekme,0.05
polčas,stranišče,0.05
polčas,vmesni čas,0.05
polčas,tekma,0.25
polčas,nogomet,0.2
polčas,košarka,0.05
polčas,polovica časa,0.05
poletje,sonce,0.2
poletje,lepota,0.05
poletje,sprostitev,0.05
poletje,vroče,0.05
poletje,počitnice,0.05
poletje,čarobno,0.05
poletje,vročina,0.2
poletje,prijatelji,0.05
poletje,toplota,0.1
poletje,toplo,0.05
poletje,letni čas,0.05
poletje,plaža,0.05
poletje,zima,0.05
poletni,sonce,0.05263157894736842
poletni,počitniški,0.05263157894736842
poletni,tabor,0.10526315789473684
poletni,čas,0.10526315789473684
poletni,jesenski,0.05263157894736842
poletni,zimski,0.05263157894736842
poletni,topel,0.05263157894736842
poletni,dopustniški,0.05263157894736842
poletni,dan,0.05263157894736842
poletni,dež,0.05263157894736842
poletni,topli,0.05263157894736842
poletni,poletje,0.10526315789473684
poletni,letni čas,0.10526315789473684
poletni,dopust,0.05263157894736842
poletni,morje,0.05263157894736842
polfinale,šport,0.05
polfinale,stres,0.05
polfinale,tekme,0.05
polfinale,lige prvakov,0.05
polfinale,prvenstva,0.05
polfinale,tekma,0.2
polfinale,tekmovanje,0.2
polfinale,nogomet,0.3
polfinale,košarka,0.05
policijski,pridevnik,0.05263157894736842
policijski,pes,0.2631578947368421
policijski,policija,0.05263157894736842
policijski,uraden,0.05263157894736842
policijski,red,0.05263157894736842
policijski,nadzor in tudi varnost obenem,0.05263157894736842
policijski,2,0.05263157894736842
policijski,pregled,0.05263157894736842
policijski,ura,0.05263157894736842
policijski,pravila,0.05263157894736842
policijski,avto,0.2631578947368421
politik,manipulacija,0.05
politik,preračunljivost,0.05
politik,robert golob,0.05
politik,minister,0.05
politik,predsednik,0.1
politik,"laž, vsi isti, vpliv",0.05
politik,pahor,0.1
politik,državni uslužbenec,0.05
politik,znanje,0.05
politik,parlament,0.1
politik,poklic,0.05
politik,stranka,0.05
politik,buhuhuhu,0.05
politik,lažnivec,0.05
politik,državni zbor,0.05
politik,republika,0.05
politik,diplomacija,0.05
polje,zemlja,0.05263157894736842
polje,žito,0.15789473684210525
polje,njiva,0.3157894736842105
polje,kmet,0.05263157894736842
polje,poljedelstvo,0.05263157894736842
polje,sončnic,0.05263157894736842
polje,območje,0.05263157894736842
polje,prostranost,0.05263157894736842
polje,vidno,0.05263157894736842
polje,minsko,0.05263157894736842
polje,rast,0.05263157894736842
polje,ravnina,0.05263157894736842
polno,do roba poln kozarec,0.043478260869565216
polno,veliko,0.043478260869565216
polno,denarja,0.043478260869565216
polno,popolno,0.043478260869565216
polno,ljudi,0.13043478260869565
polno,do konca,0.043478260869565216
polno,zasedeno,0.08695652173913043
polno,uživat na polno,0.043478260869565216
polno,celovito,0.043478260869565216
polno,mero,0.043478260869565216
polno,kozarec vode,0.043478260869565216
polno,smrad,0.043478260869565216
polno,hrana,0.043478260869565216
polno,prazno,0.08695652173913043
polno,veselja,0.043478260869565216
polno,zvrhano,0.08695652173913043
polno,morje,0.043478260869565216
polno,ful,0.043478260869565216
pomanjkanje,viri,0.05
pomanjkanje,afrika,0.05
pomanjkanje,hrane,0.1
pomanjkanje,idej,0.05
pomanjkanje,polovica,0.05
pomanjkanje,premalo,0.05
pomanjkanje,beda,0.05
pomanjkanje,kriza,0.05
pomanjkanje,težava,0.05
pomanjkanje,revščina,0.2
pomanjkanje,hrana,0.05
pomanjkanje,vode,0.05
pomanjkanje,denar,0.05
pomanjkanje,revež,0.05
pomanjkanje,želja,0.05
pomanjkanje,kruh,0.05
pomen,prvotni pomen,0.0625
pomen,besed,0.0625
pomen,stil,0.0625
pomen,življenja,0.0625
pomen,razumevanje,0.0625
pomen,stavek,0.0625
pomen,besede,0.125
pomen,bistvo,0.0625
pomen,ljubezen,0.0625
pomen,stavka,0.0625
pomen,kar koli,0.0625
pomen,vsebina,0.0625
pomen,beseda,0.1875
pomeriti,šlafrok,0.05263157894736842
pomeriti,obleka,0.10526315789473684
pomeriti,obleko,0.15789473684210525
pomeriti,vzeti mero za obleko,0.05263157894736842
pomeriti,igrati,0.05263157894736842
pomeriti,oči,0.05263157894736842
pomeriti,preizkusiti,0.05263157894736842
pomeriti,izmeriti,0.05263157894736842
pomeriti,oblačila,0.05263157894736842
pomeriti,hlače,0.10526315789473684
pomeriti,tekmovati,0.10526315789473684
pomeriti,se,0.05263157894736842
pomeriti,merilo,0.05263157894736842
pomeriti,ogledalo,0.05263157894736842
pomisliti,glava,0.05263157894736842
pomisliti,trenutek,0.05263157894736842
pomisliti,spomniti se,0.05263157894736842
pomisliti,pozabiti,0.05263157894736842
pomisliti,ideja,0.05263157894736842
pomisliti,misliti,0.15789473684210525
pomisliti,premisliti,0.05263157894736842
pomisliti,možgani,0.05263157894736842
pomisliti,misel,0.15789473684210525
pomisliti,razmišljati,0.05263157894736842
pomisliti,razum,0.05263157894736842
pomisliti,na nekoga,0.10526315789473684
pomisliti,drevo,0.05263157894736842
pomisliti,tuhtati,0.05263157894736842
ponoviti,spet,0.05
ponoviti,še enkrat,0.05
ponoviti,vajo,0.1
ponoviti,narediti,0.05
ponoviti,srečanje,0.05
ponoviti,repeticija,0.05
ponoviti,naloga,0.05
ponoviti,ponovitev,0.05
ponoviti,napako,0.05
ponoviti,narediti še enkrat,0.1
ponoviti,večkrat,0.05
ponoviti,se enkrat,0.1
ponoviti,vprašanje,0.05
ponoviti,snov,0.05
ponoviti,poizkusiti,0.05
ponoviti,vaja,0.05
ponoviti,pesem,0.05
ponovno,spet,0.16666666666666666
ponovno,še enkrat,0.1111111111111111
ponovno,znova,0.2222222222222222
ponovno,srečanje,0.05555555555555555
ponovno,vztrajnost,0.05555555555555555
ponovno,vnovič,0.05555555555555555
ponovno,wolt,0.05555555555555555
ponovno,srečati,0.05555555555555555
ponovno,priti,0.05555555555555555
ponovno,zoper,0.05555555555555555
ponovno,ponavljanje,0.05555555555555555
ponovno,v isti razred,0.05555555555555555
ponuditi,čaj,0.047619047619047616
ponuditi,pijača,0.047619047619047616
ponuditi,uslugo,0.047619047619047616
ponuditi,nekaj,0.047619047619047616
ponuditi,trgovina,0.047619047619047616
ponuditi,obiski,0.047619047619047616
ponuditi,dajati,0.047619047619047616
ponuditi,"hrano, dom, stvari",0.047619047619047616
ponuditi,roka,0.047619047619047616
ponuditi,pomoč,0.047619047619047616
ponuditi,hrano,0.09523809523809523
ponuditi,denar,0.047619047619047616
ponuditi,dati,0.2857142857142857
ponuditi,imeti,0.047619047619047616
ponuditi,sir,0.047619047619047616
ponudnik,reklama,0.05263157894736842
ponudnik,trgovina,0.05263157894736842
ponudnik,draginja,0.05263157894736842
ponudnik,dela,0.05263157894736842
ponudnik,pogodba,0.05263157894736842
ponudnik,stranka,0.05263157894736842
ponudnik,storitve,0.10526315789473684
ponudnik,sprejemnik,0.05263157894736842
ponudnik,storitev,0.05263157894736842
ponudnik,internet,0.05263157894736842
ponudnik,prodajalec,0.15789473684210525
ponudnik,denar,0.05263157894736842
ponudnik,naročnik,0.05263157894736842
ponudnik,ponudba,0.15789473684210525
ponujati,obleke,0.04
ponujati,prodajati,0.04
ponujati,vzemi to,0.04
ponujati,trženje,0.04
ponujati,sprejeti,0.04
ponujati,nastanitev,0.04
ponujati,dobro hrano,0.04
ponujati,dajati,0.08
ponujati,nekaj dati,0.04
ponujati,hrana,0.08
ponujati,kupiti,0.04
ponujati,sprejemati,0.04
ponujati,roko,0.04
ponujati,hrano,0.08
ponujati,vsiljivost,0.04
ponujati,dobro robo,0.04
ponujati,denar,0.2
ponujati,bombone,0.04
popoldne,pm,0.05263157894736842
popoldne,dopoldne,0.05263157894736842
popoldne,sončno,0.05263157894736842
popoldne,čaj,0.05263157894736842
popoldne,prosti čas,0.05263157894736842
popoldne,del dneva,0.05263157894736842
popoldne,druga polovica dneva,0.05263157894736842
popoldne,lepo,0.05263157894736842
popoldne,kavč,0.05263157894736842
popoldne,po 12. uri,0.10526315789473684
popoldne,od štirih naprej,0.05263157894736842
popoldne,mir,0.05263157894736842
popoldne,ugašanje,0.05263157894736842
popoldne,danes,0.05263157894736842
popoldne,hobiji,0.05263157894736842
popoldne,dan,0.15789473684210525
popoln,nemogoče,0.05263157894736842
popoln,cel,0.05263157894736842
popoln,perfekten,0.15789473684210525
popoln,nihče,0.05263157894736842
popoln,bog,0.05263157894736842
popoln,ideal,0.05263157894736842
popoln,celoten,0.05263157894736842
popoln,v nepopolnosti,0.05263157894736842
popoln,nepopoln,0.05263157894736842
popoln,izgled,0.05263157894736842
popoln,moški,0.10526315789473684
popoln,odličen,0.05263157894736842
popoln,brez napak,0.05263157894736842
popoln,brez pomankljivosti,0.05263157894736842
popoln,zgled,0.05263157894736842
popoln,totalen,0.05263157894736842
popolnoma,prav,0.05263157894736842
popolnoma,povsem,0.05263157894736842
popolnoma,vse,0.05263157894736842
popolnoma,čisto,0.10526315789473684
popolnoma,čist,0.05263157894736842
popolnoma,v celoti,0.10526315789473684
popolnoma,cel,0.05263157894736842
popolnoma,celostno,0.10526315789473684
popolnoma,zdravje,0.05263157894736842
popolnoma,noro,0.05263157894736842
popolnoma,scela,0.05263157894736842
popolnoma,kompletno,0.05263157894736842
popolnoma,dobro,0.05263157894736842
popolnoma,perfektno,0.05263157894736842
popolnoma,vsekakor,0.05263157894736842
popolnoma,uničiti,0.05263157894736842
poraba,statistika,0.05263157894736842
poraba,sredstvo,0.05263157894736842
poraba,denarja,0.10526315789473684
poraba,gorivo,0.10526315789473684
poraba,vsakodnevna,0.05263157894736842
poraba,odlivanje,0.05263157894736842
poraba,bencin,0.05263157894736842
poraba,trošenje,0.05263157894736842
poraba,v9fa,0.05263157894736842
poraba,elektrika,0.21052631578947367
poraba,denar,0.10526315789473684
poraba,prevelika,0.05263157894736842
poraba,potrata,0.05263157894736842
porabiti,unovčiti,0.05555555555555555
porabiti,potrošnja,0.05555555555555555
porabiti,izrabiti,0.05555555555555555
porabiti,izkoristiti,0.05555555555555555
porabiti,potrošiti,0.05555555555555555
porabiti,zmanjkovati,0.05555555555555555
porabiti,zapraviti,0.05555555555555555
porabiti,denar,0.3888888888888889
porabiti,zmanjkati,0.05555555555555555
porabiti,ponucati,0.05555555555555555
porabiti,tobak,0.05555555555555555
porabiti,vodo,0.05555555555555555
poraz,kapitulacija,0.05263157894736842
poraz,izguba,0.15789473684210525
poraz,izgubiti,0.05263157894736842
poraz,konec,0.05263157894736842
poraz,žalost,0.15789473684210525
poraz,teža,0.05263157894736842
poraz,solze,0.05263157894736842
poraz,tekma,0.05263157894736842
poraz,zmaga,0.3684210526315789
poročilo,dokument,0.05263157894736842
poročilo,obnova,0.05263157894736842
poročilo,ni vse res kar berete,0.05263157894736842
poročilo,teh. poročilo,0.05263157894736842
poročilo,raport,0.10526315789473684
poročilo,projektno,0.05263157894736842
poročilo,birokrat,0.05263157894736842
poročilo,šola,0.05263157894736842
poročilo,ustno,0.05263157894736842
poročilo,obveščenost,0.05263157894736842
poročilo,evalvacija,0.05263157894736842
poročilo,opis,0.05263157894736842
poročilo,škoda,0.05263157894736842
poročilo,"spis s podatki o čem (dogodku, stanju)",0.05263157894736842
poročilo,služba,0.05263157894736842
poročilo,znanstveno,0.05263157894736842
poročilo,stanje,0.05263157894736842
poročilo,o uspehu,0.05263157894736842
posameznik,"del skupnosti, družbe",0.05
posameznik,eden iz množice,0.05
posameznik,osebek,0.05
posameznik,sam,0.05
posameznik,delček,0.05
posameznik,družba,0.05
posameznik,individuum,0.05
posameznik,človek,0.2
posameznik,oseba,0.15
posameznik,jaz,0.1
posameznik,eden,0.05
posameznik,janša,0.05
posameznik,vrednost,0.05
posameznik,možnost,0.05
posebno,sredstvo,0.05263157894736842
posebno,doživetje,0.05263157894736842
posebno,presenečenje,0.05263157894736842
posebno,edinstveno,0.10526315789473684
posebno,poglavje,0.05263157894736842
posebno,eksotično,0.05263157894736842
posebno,leto,0.05263157894736842
posebno,tuje,0.05263157894736842
posebno,dar,0.05263157894736842
posebno,drugačno,0.05263157894736842
posebno,pozornost,0.05263157894736842
posebno,neobičajno,0.05263157894736842
posebno,stvar,0.05263157894736842
posebno,protnerovi boki,0.05263157894736842
posebno,delo,0.05263157894736842
posebno,dekle,0.05263157894736842
posebno,dober,0.10526315789473684
poseg,operacijski,0.047619047619047616
poseg,operacija,0.5714285714285714
poseg,odvzeti,0.047619047619047616
poseg,poseganje,0.047619047619047616
poseg,zdravje,0.047619047619047616
poseg,kirurg,0.09523809523809523
poseg,intervencija,0.047619047619047616
poseg,ukrep,0.047619047619047616
poseg,kirurški,0.047619047619047616
posel,podjetje,0.05555555555555555
posel,biznis,0.16666666666666666
posel,umazan,0.05555555555555555
posel,odgovornost,0.05555555555555555
posel,služba,0.05555555555555555
posel,denar,0.1111111111111111
posel,uspeh,0.05555555555555555
posel,delo,0.2222222222222222
posel,bogataš,0.05555555555555555
posel,zaslužek,0.05555555555555555
posel,prevara,0.05555555555555555
posel,dober,0.05555555555555555
poškodba,zlom,0.05263157894736842
poškodba,"telesa, mentalne sposobnosti, otroka, človeka",0.05263157894736842
poškodba,rana,0.3684210526315789
poškodba,gips,0.10526315789473684
poškodba,bolečina,0.15789473684210525
poškodba,koleno,0.21052631578947367
poškodba,glava,0.05263157894736842
poškodovan,padec,0.047619047619047616
poškodovan,popraskan,0.047619047619047616
poškodovan,nesreča,0.09523809523809523
poškodovan,bolnik,0.047619047619047616
poškodovan,koleno,0.047619047619047616
poškodovan,bolan,0.047619047619047616
poškodovan,boli,0.047619047619047616
poškodovan,ranjen,0.2857142857142857
poškodovan,prva pomoč,0.09523809523809523
poškodovan,pomoč,0.047619047619047616
poškodovan,zlomljen gleženj,0.047619047619047616
poškodovan,defekten,0.047619047619047616
poškodovan,avto,0.047619047619047616
poškodovan,poškodba,0.047619047619047616
poskus,znanstveni,0.05
poskus,napaka,0.05
poskus,laboratorij,0.05
poskus,ekpiriment,0.05
poskus,eksperiment,0.1
poskus,vztrajnost,0.05
poskus,experiment,0.05
poskus,šola,0.05
poskus,na živalih,0.05
poskus,kemija,0.1
poskus,zaželjen,0.05
poskus,test,0.05
poskus,zajček,0.05
poskus,pričakovanje,0.05
poskus,proba,0.05
poskus,prvi,0.05
poskus,znanja,0.05
poskus,vaja,0.05
poslovanje,ekonomija,0.05555555555555555
poslovanje,uspešno,0.05555555555555555
poslovanje,finance,0.05555555555555555
poslovanje,dogovori,0.05555555555555555
poslovanje,upravljanje,0.05555555555555555
poslovanje,diskretno,0.05555555555555555
poslovanje,bančno,0.05555555555555555
poslovanje,podjetje,0.05555555555555555
poslovanje,podjetnik,0.05555555555555555
poslovanje,biznis,0.05555555555555555
poslovanje,poslovodja,0.05555555555555555
poslovanje,služba,0.1111111111111111
poslovanje,denar,0.1111111111111111
poslovanje,uspeh,0.05555555555555555
poslovanje,delo,0.05555555555555555
poslovanje,delovanje,0.05555555555555555
poslušati,glasbo,0.1111111111111111
poslušati,uho,0.05555555555555555
poslušati,znati,0.05555555555555555
poslušati,govoriti,0.05555555555555555
poslušati,muziko,0.05555555555555555
poslušati,glasba,0.2222222222222222
poslušati,profesorice,0.05555555555555555
poslušati,sprejemati,0.05555555555555555
poslušati,zanimati se za nekoga,0.05555555555555555
poslušati,pogovor,0.05555555555555555
poslušati,slišati,0.2222222222222222
posnetek,kamera,0.05
posnetek,obaka,0.05
posnetek,zvok,0.05
posnetek,tekmovanja,0.05
posnetek,slika,0.1
posnetek,diapozitiv,0.05
posnetek,izleta,0.05
posnetek,kaseta,0.05
posnetek,reportaža,0.05
posnetek,govora,0.05
posnetek,zaslona,0.05
posnetek,filmski,0.05
posnetek,video,0.3
posnetek,kraja,0.05
posneti,odstraniti,0.05263157894736842
posneti,film,0.3684210526315789
posneti,zabeležiti na nosilcu slike ali zvoka,0.05263157894736842
posneti,kamera,0.10526315789473684
posneti,komad,0.05263157894736842
posneti,video,0.15789473684210525
posneti,smetana,0.05263157894736842
posneti,zvok,0.05263157894736842
posneti,"uporabiti, kar je že narejeno",0.05263157894736842
posneti,6,0.05263157894736842
posojilo,dospelost,0.05263157894736842
posojilo,pomanjkanje,0.05263157894736842
posojilo,kredit,0.10526315789473684
posojilo,sodstvo,0.05263157894736842
posojilo,ko si nekaj izposodiš,0.05263157894736842
posojilo,lakota,0.05263157894736842
posojilo,posoditi,0.05263157894736842
posojilo,posvojitev,0.05263157894736842
posojilo,banka,0.15789473684210525
posojilo,obresti,0.05263157894736842
posojilo,denar,0.3157894736842105
posredovati,pošto,0.05555555555555555
posredovati,sporočiti,0.05555555555555555
posredovati,intervenirati,0.05555555555555555
posredovati,podatke,0.05555555555555555
posredovati,poslati,0.16666666666666666
posredovati,podati,0.05555555555555555
posredovati,poslušati,0.05555555555555555
posredovati,pri prodaji stanovanja,0.05555555555555555
posredovati,stvari,0.05555555555555555
posredovati,mail,0.05555555555555555
posredovati,sporočilo,0.05555555555555555
posredovati,informacije,0.05555555555555555
posredovati,ko nekaj veš in deliš naprej,0.05555555555555555
posredovati,posrednik,0.05555555555555555
posredovati,pomagati,0.05555555555555555
posredovati,podatki,0.05555555555555555
pošta,nabiralnik,0.05263157894736842
pošta,znamka,0.05263157894736842
pošta,neefektivno,0.05263157894736842
pošta,slovenije,0.2631578947368421
pošta,telegram,0.10526315789473684
pošta,pismo,0.47368421052631576
postaja,končna,0.05555555555555555
postaja,železniška,0.05555555555555555
postaja,ustaviti se,0.05555555555555555
postaja,vlak,0.16666666666666666
postaja,železniška postaja,0.05555555555555555
postaja,avtobus,0.3888888888888889
postaja,čakalnica,0.05555555555555555
postaja,radio (postaja),0.05555555555555555
postaja,kraj kjer se ustavi vlak avtobus,0.05555555555555555
postaja,del poti,0.05555555555555555
postajati,trezen,0.05555555555555555
postajati,spreminjati se v nekaj,0.05555555555555555
postajati,spremeniti se,0.05555555555555555
postajati,človek,0.05555555555555555
postajati,vedno boljši,0.05555555555555555
postajati,lačen,0.05555555555555555
postajati,postati,0.1111111111111111
postajati,razvoj,0.05555555555555555
postajati,rasti,0.16666666666666666
postajati,odrasel,0.1111111111111111
postajati,zrel,0.1111111111111111
postajati,postaja,0.1111111111111111
postavljati,ustvarjati,0.05555555555555555
postavljati,se zase,0.05555555555555555
postavljati,graditi,0.2222222222222222
postavljati,razstava,0.05555555555555555
postavljati,hiša,0.05555555555555555
postavljati,mlaj,0.05555555555555555
postavljati,kazati,0.05555555555555555
postavljati,premikati,0.05555555555555555
postavljati,šotor,0.1111111111111111
postavljati,vprašanja,0.05555555555555555
postavljati,jaslice,0.05555555555555555
postavljati,prometni znak,0.05555555555555555
postavljati,gradnja,0.05555555555555555
postavljati,kocke,0.05555555555555555
postelja,spanec,0.05
postelja,mehkoba,0.05
postelja,mehka,0.05
postelja,počitek,0.2
postelja,spanje,0.45
postelja,sanje,0.05
postelja,"lepo, če sva dva",0.05
postelja,kos pohištva v katerem spimo,0.05
postelja,spanev,0.05
posvetiti,posvetilo,0.07407407407407407
posvetiti,čas partnerju,0.037037037037037035
posvetiti,se otroku,0.037037037037037035
posvetiti,čas,0.14814814814814814
posvetiti,prosti čas,0.037037037037037035
posvetiti,svetloba,0.037037037037037035
posvetiti,blagosloviti,0.037037037037037035
posvetiti,prijateljem,0.037037037037037035
posvetiti,se šoli,0.037037037037037035
posvetiti,besede,0.037037037037037035
posvetiti,ubadati se,0.037037037037037035
posvetiti,svetlost,0.037037037037037035
posvetiti,z lučjo,0.037037037037037035
posvetiti,nekaj nekomu nameniš,0.037037037037037035
posvetiti,nameniti nekomu,0.037037037037037035
posvetiti,posvečati,0.037037037037037035
posvetiti,pozornost,0.07407407407407407
posvetiti,nameniti čas nekomu,0.037037037037037035
posvetiti,posvet,0.037037037037037035
posvetiti,denar,0.037037037037037035
posvetiti,pesem,0.037037037037037035
posvetiti,v dušo,0.037037037037037035
poteza,nekaj narediti,0.058823529411764705
poteza,igra,0.058823529411764705
poteza,svinčnik,0.11764705882352941
poteza,akcija,0.058823529411764705
poteza,proteza,0.058823529411764705
poteza,napačna,0.058823529411764705
poteza,dobra,0.058823529411764705
poteza,način,0.058823529411764705
poteza,prva,0.058823529411764705
poteza,šah,0.4117647058823529
potnik,javni prevoz,0.05
potnik,slepi,0.05
potnik,avtobus,0.05
potnik,1,0.05
potnik,dežele,0.05
potnik,pohodnik,0.05
potnik,tujina,0.05
potnik,kriminalka,0.05
potnik,sopotnik,0.1
potnik,potovanje,0.2
potnik,oseba,0.05
potnik,vlak,0.1
potnik,avto,0.05
potnik,dopust,0.05
potnik,"človek, ki potuje",0.05
potovanje,pesek,0.05
potovanje,veselje,0.05
potovanje,prosti čas,0.05
potovanje,letalo,0.05
potovanje,sreča,0.05
potovanje,japonska,0.05
potovanje,iti na pot,0.05
potovanje,bogastvo,0.05
potovanje,južna amerika,0.05
potovanje,z motorjem,0.05
potovanje,svet,0.05
potovanje,vlak,0.05
potovanje,denar,0.05
potovanje,izlet,0.05
potovanje,pot,0.1
potovanje,sprememba,0.05
potovanje,morje,0.1
potovanje,kovček,0.05
poudarjati,ponavljati,0.05
poudarjati,zoprno,0.05
poudarjati,poudariti,0.05
poudarjati,udariti,0.05
poudarjati,vpliv,0.05
poudarjati,zvišati glas,0.05
poudarjati,pomembnost,0.05
poudarjati,nekaj,0.05
poudarjati,stavek,0.05
poudarjati,podčrtati,0.05
poudarjati,pomembno,0.1
poudarjati,oči,0.05
poudarjati,naglas,0.05
poudarjati,kazati smer,0.05
poudarjati,glasno govorjenje,0.05
poudarjati,izpostaviti,0.05
poudarjati,pomen,0.1
poudarjati,zasluga,0.05
povabiti,vabilo,0.05
povabiti,večerja,0.05
povabiti,na večerjo,0.05
povabiti,povabilo,0.05
povabiti,družba,0.05
povabiti,obisk,0.1
povabiti,gostje,0.05
povabiti,sestanek,0.05
povabiti,prijatelji,0.05
povabiti,zabava,0.15
povabiti,poroka,0.05
povabiti,na zabavo,0.05
povabiti,praznovanje,0.05
povabiti,na kavo,0.05
povabiti,torta,0.05
povabiti,vabiti k nam,0.05
povabiti,prijaznost,0.05
povezava,internetna,0.05263157894736842
povezava,razumevanje,0.05263157894736842
povezava,avtocesta,0.05263157894736842
povezava,vrv,0.05263157894736842
povezava,telefon,0.05263157894736842
povezava,vez,0.10526315789473684
povezava,spletna stran,0.05263157894736842
povezava,internet,0.10526315789473684
povezava,stik,0.05263157894736842
povezava,veza,0.05263157894736842
povezava,omrežje,0.05263157894736842
povezava,zveza,0.10526315789473684
povezava,link,0.15789473684210525
povezava,priti do cilja,0.05263157894736842
povprečen,učenec,0.05263157894736842
povprečen,učni in delovni uspeh,0.05263157894736842
povprečen,normalen,0.15789473684210525
povprečen,človek,0.10526315789473684
povprečen,slovenec,0.05263157894736842
povprečen,intelekt,0.05263157894736842
povprečen,soliden,0.05263157894736842
povprečen,šola,0.05263157894736842
povprečen,srednji,0.05263157894736842
povprečen,brez posebnosti,0.05263157894736842
povprečen,je biti fajn,0.05263157894736842
povprečen,ne poseben,0.05263157894736842
povprečen,dan,0.05263157894736842
povprečen,navaden,0.10526315789473684
povprečen,neizstopajoč,0.05263157894736842
povprečje,razmerje,0.05
povprečje,sivina,0.05
povprečje,je dobro,0.05
povprečje,nadpovprečnost,0.05
povprečje,sredina,0.15
povprečje,cca,0.05
povprečje,ocene,0.1
povprečje,mediana,0.15
povprečje,delavski razred,0.05
povprečje,slabo,0.05
povprečje,srednje,0.05
povprečje,večina,0.05
povprečje,članstva,0.05
povprečje,matematika,0.05
povprečje,črta,0.05
površina,ploščina,0.05
površina,mera,0.05
površina,parcela,0.05
površina,miza,0.05
površina,volumen,0.05
površina,polje,0.05
površina,m2,0.05
površina,ozemlje,0.05
površina,ploščad,0.05
površina,območje,0.05
površina,gozda,0.05
površina,prostornina,0.05
površina,ploskev,0.1
površina,velikost,0.05
površina,ha,0.05
površina,površinska,0.05
površina,matematika,0.1
površina,ravnina,0.05
povzročiti,krivec,0.05
povzročiti,narediti,0.15
povzročiti,stres,0.05
povzročiti,nesrečo,0.05
povzročiti,nesreča,0.15
povzročiti,situacija,0.05
povzročiti,bolečina,0.05
povzročiti,škodo,0.05
povzročiti,biti odgovoren za neko (običajno negativno) dejanje,0.05
povzročiti,začeti,0.05
povzročiti,dejanje,0.05
povzročiti,biti razlog,0.05
povzročiti,škoda,0.05
povzročiti,vzrok,0.05
povzročiti,poškodbi,0.05
povzročiti,krivda,0.05
pozabiti,ključ,0.05555555555555555
pozabiti,pozabljati,0.05555555555555555
pozabiti,vse,0.05555555555555555
pozabiti,alzheimer,0.05555555555555555
pozabiti,spomin,0.1111111111111111
pozabiti,spomniti,0.05555555555555555
pozabiti,kmet,0.05555555555555555
pozabiti,koledar,0.05555555555555555
pozabiti,zanemariti,0.05555555555555555
pozabiti,zapomniti,0.05555555555555555
pozabiti,slabe stvari,0.05555555555555555
pozabiti,slabo,0.05555555555555555
pozabiti,ime,0.05555555555555555
pozabiti,demenca,0.16666666666666666
pozabiti,spomini,0.05555555555555555
pozitivno,plus,0.05
pozitivno,uspešno,0.05
pozitivno,življenje,0.05
pozitivno,vzpodbuda,0.05
pozitivno,ljubezen,0.05
pozitivno,mnenje,0.1
pozitivno,ocena dve,0.05
pozitivno,oceniti,0.05
pozitivno,dobro,0.15
pozitivno,optimistično,0.05
pozitivno,negativno,0.2
pozitivno,bolezen,0.05
pozitivno,veselo,0.05
pozitivno,razmišljanje,0.05
pozornost,blondinke,0.05
pozornost,primanjkanje,0.05
pozornost,koncentracija,0.1
pozornost,majhna,0.05
pozornost,boj,0.05
pozornost,motnje pozornosti,0.05
pozornost,dogodek,0.05
pozornost,predstava,0.05
pozornost,osredotočenost,0.05
pozornost,center,0.05
pozornost,pretiravanje,0.05
pozornost,poslušati,0.05
pozornost,otrok,0.05
pozornost,čas prisotnost sledenje,0.05
pozornost,nagelj,0.05
pozornost,lara rajh,0.05
pozornost,zbranost,0.1
pozornost,fokus,0.05
pozvati,k sodelovanju,0.05555555555555555
pozvati,uradni odnosi,0.05555555555555555
pozvati,skupina,0.05555555555555555
pozvati,ljudi,0.05555555555555555
pozvati,sodišče,0.05555555555555555
pozvati,poklicati,0.2222222222222222
pozvati,sodelavce,0.05555555555555555
pozvati,ljudstvo,0.05555555555555555
pozvati,politika,0.05555555555555555
pozvati,odziv,0.05555555555555555
pozvati,telefon,0.16666666666666666
pozvati,prijatelja,0.05555555555555555
pozvati,poziv,0.05555555555555555
praksa,ustaljeno,0.05
praksa,samostojnost,0.05
praksa,študij,0.05
praksa,službena,0.05
praksa,šola,0.05
praksa,zdravnik,0.05
praksa,v izobraževanju,0.05
praksa,vaja v živo,0.05
praksa,teorija,0.05
praksa,šolska,0.05
praksa,faks,0.05
praksa,mojster,0.05
praksa,delovna,0.05
praksa,služba,0.05
praksa,strokovna šola,0.05
praksa,"nekaz znanega,",0.05
praksa,delo,0.15
praksa,super,0.05
praktično,priročno,0.05263157894736842
praktično,dejansko,0.05263157894736842
praktično,mašilo,0.05263157894736842
praktično,komot,0.05263157894736842
praktično,ai,0.05263157894736842
praktično,navodila,0.05263157894736842
praktično,enostavno,0.05263157894736842
praktično,usposabljanje,0.10526315789473684
praktično,skoraj,0.05263157894736842
praktično,avto,0.05263157894736842
praktično,v praksi,0.05263157894736842
praktično,darilo,0.05263157894736842
praktično,delo,0.05263157894736842
praktično,uporabno,0.2631578947368421
pravilo,prekršek,0.05555555555555555
pravilo,zapoved,0.1111111111111111
pravilo,prekršit,0.05555555555555555
pravilo,sodnik,0.05555555555555555
pravilo,številka,0.05555555555555555
pravilo,red,0.16666666666666666
pravilo,nekaj kar ne prekršiš,0.05555555555555555
pravilo,zmeraj,0.05555555555555555
pravilo,popravilo,0.05555555555555555
pravilo,knjiga,0.05555555555555555
pravilo,igre,0.05555555555555555
pravilo,zakon,0.16666666666666666
pravilo,strašilo,0.05555555555555555
praznik,jezero,0.05263157894736842
praznik,obleka,0.05263157894736842
praznik,veselje,0.05263157894736842
praznik,prvomajski,0.05263157894736842
praznik,božič,0.21052631578947367
praznik,delopust,0.05263157894736842
praznik,dela,0.10526315789473684
praznik,mir,0.05263157894736842
praznik,prešeren,0.05263157894736842
praznik,božični,0.05263157894736842
praznik,dela prost dan,0.15789473684210525
praznik,prost dan,0.05263157894736842
praznik,spomini,0.05263157894736842
prazno,papir,0.05263157894736842
prazno,občutje,0.05263157894736842
prazno,polje,0.05263157894736842
prazno,vreča,0.05263157894736842
prazno,mesto,0.05263157894736842
prazno,belo,0.05263157894736842
prazno,prazen list,0.05263157894736842
prazno,polno,0.05263157894736842
prazno,nič,0.10526315789473684
prazno,kozarec,0.10526315789473684
prazno,zmanjkalo,0.05263157894736842
prazno,zrak,0.05263157894736842
prazno,votlo,0.05263157894736842
prazno,praznina,0.05263157894736842
prazno,grdo,0.05263157894736842
prazno,prostor,0.05263157894736842
prazno,ničelno,0.05263157894736842
prebivalec,sveta,0.05555555555555555
prebivalec,meščan,0.1111111111111111
prebivalec,vaščan,0.1111111111111111
prebivalec,mesta,0.05555555555555555
prebivalec,dom,0.05555555555555555
prebivalec,država,0.05555555555555555
prebivalec,oseba,0.05555555555555555
prebivalec,habitant,0.05555555555555555
prebivalec,države,0.05555555555555555
prebivalec,državljan,0.1111111111111111
prebivalec,živeti,0.05555555555555555
prebivalec,stanovalec,0.1111111111111111
prebivalec,slovenija,0.05555555555555555
prebivalec,oseba katera živi v doličenem kraju,0.05555555555555555
prebivalstvo,lokalno,0.05263157894736842
prebivalstvo,populacija,0.10526315789473684
prebivalstvo,slovenije,0.10526315789473684
prebivalstvo,ljudje,0.42105263157894735
prebivalstvo,hiše,0.05263157894736842
prebivalstvo,država,0.05263157894736842
prebivalstvo,množica,0.05263157894736842
prebivalstvo,ljudstvo,0.05263157894736842
prebivalstvo,lebron james,0.05263157894736842
prebivalstvo,"ljudje, ki živijo na istem območju",0.05263157894736842
prebrati,naučiti,0.05263157894736842
prebrati,izvedeti,0.05263157894736842
prebrati,odlomek,0.05263157894736842
prebrati,knjigo,0.21052631578947367
prebrati,vedeti,0.10526315789473684
prebrati,knjiga,0.5263157894736842
predmet,radovednost,0.05263157894736842
predmet,šolski predmet,0.10526315789473684
predmet,sola,0.05263157894736842
predmet,spora,0.05263157894736842
predmet,šola,0.10526315789473684
predmet,razprave,0.05263157894736842
predmet,reč,0.05263157894736842
predmet,objekt,0.05263157894736842
predmet,stvar,0.3157894736842105
predmet,dežnik,0.05263157894736842
predmet,žoga,0.05263157894736842
predmet,slovenščina,0.05263157894736842
predpis,pravilo,0.11764705882352941
predpis,varnost,0.058823529411764705
predpis,birokracija,0.058823529411764705
predpis,v prometu,0.058823529411764705
predpis,podpis,0.058823529411764705
predpis,znak,0.058823529411764705
predpis,skoraj zakon,0.058823529411764705
predpis,zakonodaja,0.058823529411764705
predpis,okvir,0.058823529411764705
predpis,zakon,0.4117647058823529
predstavitev,predavanje,0.05
predstavitev,govor,0.05
predstavitev,množica ljudi,0.05
predstavitev,diapozitiv,0.05
predstavitev,šola,0.15
predstavitev,ideja,0.05
predstavitev,izdelka,0.05
predstavitev,prezentacija,0.1
predstavitev,ime,0.15
predstavitev,opis,0.05
predstavitev,kolekcije,0.05
predstavitev,powerpoint,0.1
predstavitev,power point,0.1
predviden,načrt,0.15
predviden,planiran,0.05
predviden,čas,0.05
predviden,rok,0.2
predviden,razplet,0.05
predviden,stres,0.05
predviden,nevarnost,0.05
predviden,termin,0.05
predviden,predvidevati,0.05
predviden,verjetnost,0.05
predviden,položaj,0.05
predviden,domneven,0.05
predviden,pričakovan,0.1
predviden,cesta,0.05
predvidevati,ugibati,0.05263157894736842
predvidevati,šesti čut,0.05263157894736842
predvidevati,predvideti,0.05263157894736842
predvidevati,nesreče,0.05263157894736842
predvidevati,vedeti,0.05263157894736842
predvidevati,videti,0.05263157894736842
predvidevati,domnevati,0.05263157894736842
predvidevati,uganjevati,0.05263157894736842
predvidevati,misliti,0.10526315789473684
predvidevati,prihodnost,0.10526315789473684
predvidevati,pričakovanje,0.05263157894736842
predvidevati,želeti,0.05263157894736842
predvidevati,smrt,0.05263157894736842
predvidevati,vizija,0.05263157894736842
predvidevati,uspeh,0.05263157894736842
predvidevati,razmišljati,0.05263157894736842
predvidevati,sklepati,0.05263157894736842
pregled,vesolja,0.05263157894736842
pregled,nadzor,0.05263157894736842
pregled,zdravniški pregled,0.05263157894736842
pregled,zdravnik,0.2631578947368421
pregled,znanje,0.05263157894736842
pregled,ambulanta,0.05263157894736842
pregled,zdravstveni,0.10526315789473684
pregled,ambulantni,0.05263157894736842
pregled,zdravniški,0.3157894736842105
prehod,podhod,0.1
prehod,medprostor,0.05
prehod,za pesce,0.05
prehod,menjava letnih časov,0.05
prehod,sprehod,0.05
prehod,pešci,0.05
prehod,zebra,0.15
prehod,cestni,0.05
prehod,pešec,0.05
prehod,za pešce,0.1
prehod,iz živlenja v smrt,0.05
prehod,letni čas,0.05
prehod,prečkati,0.05
prehod,višji nivo,0.05
prehod,od ene do druge strani,0.05
prehod,cesta,0.05
preiskava,detektiv,0.05555555555555555
preiskava,raziskovanje,0.05555555555555555
preiskava,eksperiment,0.05555555555555555
preiskava,policija,0.1111111111111111
preiskava,zvedenje,0.05555555555555555
preiskava,zdravnik,0.05555555555555555
preiskava,zdravje,0.05555555555555555
preiskava,znanstvena,0.05555555555555555
preiskava,odkrivanje sledi,0.05555555555555555
preiskava,policist,0.05555555555555555
preiskava,raziskava,0.05555555555555555
preiskava,umor,0.05555555555555555
preiskava,kri,0.05555555555555555
preiskava,izvid,0.05555555555555555
preiskava,iskati resnico,0.05555555555555555
preiskava,sodna,0.05555555555555555
preiskava,imetja,0.05555555555555555
premagati,strah,0.10526315789473684
premagati,dosežek,0.05263157894736842
premagati,ovire,0.05263157894736842
premagati,boj,0.05263157894736842
premagati,igra,0.05263157894736842
premagati,zmaja,0.05263157894736842
premagati,biti boljsi,0.05263157894736842
premagati,nasprotnik,0.10526315789473684
premagati,zmagovalec,0.05263157894736842
premagati,izziv,0.05263157894736842
premagati,borba,0.05263157894736842
premagati,nasprotnika,0.15789473684210525
premagati,zmagati,0.10526315789473684
premagati,obvladati,0.05263157894736842
premalo,pomanjkanje,0.05263157894736842
premalo,veliko,0.05263157894736842
premalo,časa,0.15789473684210525
premalo,denarja,0.10526315789473684
premalo,4,0.05263157894736842
premalo,nezadostno,0.05263157894736842
premalo,popiti,0.05263157894736842
premalo,preveč,0.10526315789473684
premalo,žalost,0.05263157894736842
premalo,pomankljivo,0.05263157894736842
premalo,veselja,0.05263157894736842
premalo,rekreacije,0.05263157894736842
premalo,pogum,0.05263157894736842
premalo,denar,0.05263157894736842
premalo,razočaranje,0.05263157894736842
premier,obleka,0.05263157894736842
premier,robert golob,0.05263157894736842
premier,janez janša,0.05263157894736842
premier,predsednik,0.15789473684210525
premier,vodja,0.05263157894736842
premier,pajac,0.05263157894736842
premier,država,0.05263157894736842
premier,golob,0.05263157894736842
premier,politik,0.05263157894736842
premier,politika,0.10526315789473684
premier,vlada,0.15789473684210525
premier,predsednik vlade,0.05263157894736842
premier,prvi,0.05263157894736842
premier,pub,0.05263157894736842
premoženje,osebno,0.05555555555555555
premoženje,veliko,0.05555555555555555
premoženje,nepremičnine,0.05555555555555555
premoženje,moč,0.05555555555555555
premoženje,hiša,0.1111111111111111
premoženje,imetje,0.05555555555555555
premoženje,nepremičnina,0.1111111111111111
premoženje,denar,0.16666666666666666
premoženje,bogastvo,0.16666666666666666
premoženje,bogataš,0.05555555555555555
premoženje,lastnina,0.05555555555555555
premoženje,vrednost,0.05555555555555555
prenesti,odnesti,0.05555555555555555
prenesti,file,0.05555555555555555
prenesti,bolečino,0.05555555555555555
prenesti,podatke,0.05555555555555555
prenesti,datoteko,0.1111111111111111
prenesti,vzdržati,0.05555555555555555
prenesti,bolečina,0.05555555555555555
prenesti,računalnik,0.05555555555555555
prenesti,knjiga,0.05555555555555555
prenesti,prenašanje,0.05555555555555555
prenesti,prestaviti,0.05555555555555555
prenesti,sporočilo,0.05555555555555555
prenesti,nositi,0.05555555555555555
prenesti,datoteka,0.05555555555555555
prenesti,teža,0.05555555555555555
prenesti,preseliti,0.05555555555555555
prenesti,težo,0.05555555555555555
prenos,televizija,0.10526315789473684
prenos,računalnik,0.10526315789473684
prenos,fotografije,0.05263157894736842
prenos,informacija,0.05263157894736842
prenos,v živo,0.05263157894736842
prenos,podatki,0.10526315789473684
prenos,nositi preko nečesa,0.05263157894736842
prenos,tekme,0.05263157894736842
prenos,datoteka,0.05263157894736842
prenos,podatkov,0.21052631578947367
prenos,moč,0.05263157894736842
prenos,prestavitev,0.05263157894736842
prenos,r,0.05263157894736842
preostali,tisti,0.05263157894736842
preostali,dogodki,0.05263157894736842
preostali,sam,0.05263157894736842
preostali,ljudje,0.05263157894736842
preostali,člani,0.05263157894736842
preostali,zapuščenost,0.05263157894736842
preostali,množica,0.05263157894736842
preostali,ostanek,0.05263157894736842
preostali,udeleženci,0.05263157894736842
preostali,drugi,0.05263157894736842
preostali,ostali,0.21052631578947367
preostali,piškoti,0.05263157894736842
preostali,oni,0.05263157894736842
preostali,sorodniki,0.05263157894736842
preostali,vsi,0.05263157894736842
preostali,kruh,0.05263157894736842
preprečiti,reči ne,0.05263157894736842
preprečiti,izogniti,0.05263157894736842
preprečiti,nezaželen,0.05263157894736842
preprečiti,ustaviti,0.05263157894736842
preprečiti,varnost,0.05263157894736842
preprečiti,nesrečo,0.10526315789473684
preprečiti,stop,0.05263157894736842
preprečiti,poplava,0.05263157894736842
preprečiti,posledice,0.05263157894736842
preprečiti,umor,0.05263157894736842
preprečiti,dopustiti,0.05263157894736842
preprečiti,napovedati,0.05263157894736842
preprečiti,prepovedat,0.05263157894736842
preprečiti,napad,0.05263157894736842
preprečiti,ne dovoliti,0.05263157894736842
preprečiti,propad,0.05263157894736842
preprečiti,spor,0.05263157894736842
preprečiti,bolezen,0.05263157894736842
prepričanje,prav,0.05263157894736842
prepričanje,vrednote,0.05263157894736842
prepričanje,predvidevanje,0.05263157894736842
prepričanje,verovanje,0.05263157894736842
prepričanje,vera,0.2631578947368421
prepričanje,napačno,0.05263157894736842
prepričanje,bog,0.05263157894736842
prepričanje,mnenje,0.10526315789473684
prepričanje,vmir,0.05263157894736842
prepričanje,mišljenje,0.10526315789473684
prepričanje,trdno,0.05263157894736842
prepričanje,verjeti,0.05263157894736842
prepričanje,zaupanje,0.05263157894736842
prepričati,odpraviti zadržke,0.05555555555555555
prepričati,varnost,0.05555555555555555
prepričati,ideja,0.05555555555555555
prepričati,usluga,0.05555555555555555
prepričati,prepričane,0.05555555555555555
prepričati,indoktrinirati,0.05555555555555555
prepričati,osebo v nasprotno,0.05555555555555555
prepričati,argumentirati,0.05555555555555555
prepričati,sebe,0.05555555555555555
prepričati,izdelek,0.05555555555555555
prepričati,verjemi,0.05555555555555555
prepričati,verjeti,0.05555555555555555
prepričati,se,0.05555555555555555
prepričati,da so ljudje ki pišejo z levo so boljsi od desnih,0.05555555555555555
prepričati,vsiljivost,0.05555555555555555
prepričati,pravnik,0.05555555555555555
prepričati,pogovor,0.05555555555555555
prepričati,argument,0.05555555555555555
preprosto,simpl,0.05555555555555555
preprosto,komplicirano,0.1111111111111111
preprosto,življenje,0.05555555555555555
preprosto,je bil toti kviz,0.05555555555555555
preprosto,lahko,0.05555555555555555
preprosto,brez težav,0.05555555555555555
preprosto,otrok,0.05555555555555555
preprosto,enostavno,0.3333333333333333
preprosto,delati,0.05555555555555555
preprosto,oblečen,0.05555555555555555
preprosto,delo,0.05555555555555555
preprosto,obrok,0.05555555555555555
preseliti,hisa,0.05263157894736842
preseliti,groza,0.05263157894736842
preseliti,knjige,0.05263157894736842
preseliti,življenje,0.05263157894736842
preseliti,menjava,0.05263157894736842
preseliti,prtljaga,0.05263157894736842
preseliti,umreti,0.05263157894736842
preseliti,nova hiša,0.05263157894736842
preseliti,tujina,0.05263157894736842
preseliti,stanovanje,0.15789473684210525
preseliti,maribor/ljubljana,0.05263157894736842
preseliti,oditi stran,0.05263157894736842
preseliti,prestaviti,0.05263157894736842
preseliti,se,0.05263157894736842
preseliti,gibanje,0.05263157894736842
preseliti,kombi,0.05263157894736842
preseliti,sprememba,0.05263157894736842
presenečenje,zabava,0.14285714285714285
presenečenje,veselje,0.19047619047619047
presenečenje,pozitivno,0.047619047619047616
presenečenje,rojstni dan,0.14285714285714285
presenečenje,nekaj nepričakovanega,0.047619047619047616
presenečenje,darilo,0.3333333333333333
presenečenje,šok,0.047619047619047616
presenečenje,rojstnodnevno,0.047619047619047616
presenetiti,nepričakovan,0.05263157894736842
presenetiti,razveseliti,0.05263157894736842
presenetiti,presenečenje,0.10526315789473684
presenetiti,(ne)prijetno,0.05263157894736842
presenetiti,rojstni dan,0.05263157894736842
presenetiti,hipno,0.05263157894736842
presenetiti,rože,0.05263157894736842
presenetiti,prijetno,0.05263157894736842
presenetiti,zabava,0.10526315789473684
presenetiti,pok,0.05263157894736842
presenetiti,boo,0.05263157894736842
presenetiti,prijatelja,0.05263157894736842
presenetiti,voasti,0.05263157894736842
presenetiti,darilo,0.21052631578947367
prestolnica,država,0.05263157894736842
prestolnica,glavno mesto,0.15789473684210525
prestolnica,mesto,0.10526315789473684
prestolnica,ljubljana,0.42105263157894735
prestolnica,maribor,0.05263157894736842
prestolnica,center,0.05263157894736842
prestolnica,evrope,0.05263157894736842
prestolnica,prestol,0.05263157894736842
prestolnica,glavno mesto države,0.05263157894736842
pretekel,čas,0.05
pretekel,rok,0.15
pretekel,stekel,0.05
pretekel,preteklost,0.05
pretekel,pekel,0.05
pretekel,polje,0.05
pretekel,dogodek,0.05
pretekel,pokvarjen,0.05
pretekel,zgodovina,0.05
pretekel,jogurt,0.05
pretekel,razdalje,0.05
pretekel,bivši,0.05
pretekel,cilj,0.05
pretekel,dan,0.05
pretekel,nekdanji,0.05
pretekel,maraton,0.05
pretekel,rok uporabe,0.1
preteklost,čas,0.047619047619047616
preteklost,spomin,0.047619047619047616
preteklost,ni več,0.047619047619047616
preteklost,minljivost,0.047619047619047616
preteklost,sedanjost,0.09523809523809523
preteklost,zgodovina,0.42857142857142855
preteklost,kruta,0.047619047619047616
preteklost,mladost,0.047619047619047616
preteklost,lev,0.047619047619047616
preteklost,včasih,0.047619047619047616
preteklost,historija,0.047619047619047616
preteklost,včeraj,0.047619047619047616
preveriti,verodostojnost,0.05555555555555555
preveriti,črkovalnik,0.05555555555555555
preveriti,dejstva,0.05555555555555555
preveriti,zanesljivost,0.05555555555555555
preveriti,preverjeno,0.05555555555555555
preveriti,kontrola,0.05555555555555555
preveriti,znanje,0.05555555555555555
preveriti,za tebe,0.05555555555555555
preveriti,ali sem zaklenila,0.05555555555555555
preveriti,odpreti,0.05555555555555555
preveriti,informacijo,0.05555555555555555
preveriti,pogledati,0.05555555555555555
preveriti,temperaturo,0.05555555555555555
preveriti,gume,0.05555555555555555
preveriti,prečekirati,0.05555555555555555
preveriti,ključavnica,0.05555555555555555
preveriti,zaupanje,0.05555555555555555
preveriti,čekirati,0.05555555555555555
prevoz,na delovno mesto,0.05555555555555555
prevoz,promet,0.05555555555555555
prevoz,ljudi,0.05555555555555555
prevoz,vlak,0.05555555555555555
prevoz,javni,0.05555555555555555
prevoz,avtobus,0.2222222222222222
prevoz,avto,0.4444444444444444
prevoz,avtomobil,0.05555555555555555
prevzeti,čustveno,0.05263157894736842
prevzeti,dobiti,0.15789473684210525
prevzeti,vloga,0.05263157894736842
prevzeti,odgovornost,0.05263157894736842
prevzeti,pobuda,0.05263157894736842
prevzeti,vzami,0.05263157894736842
prevzeti,vzeti od nekoga,0.05263157894736842
prevzeti,lastnina,0.05263157894736842
prevzeti,nalogo,0.05263157894736842
prevzeti,čustva,0.05263157894736842
prevzeti,pošta,0.05263157894736842
prevzeti,paket,0.05263157894736842
prevzeti,vzeti,0.05263157894736842
prevzeti,deka,0.05263157894736842
prevzeti,darilo,0.05263157894736842
prevzeti,kurir,0.05263157894736842
prevzeti,vzhičenost,0.05263157894736842
preživeti,požar,0.05
preživeti,prebiti,0.05
preživeti,divjina,0.1
preživeti,sreča,0.05
preživeti,preživetje,0.05
preživeti,določeno obdobje,0.05
preživeti,kriza,0.1
preživeti,vojno,0.05
preživeti,v naravi,0.05
preživeti,boriti se,0.05
preživeti,hrana,0.1
preživeti,taborjenje,0.05
preživeti,vojna,0.05
preživeti,živeti,0.1
preživeti,bear grills,0.05
preživeti,apokalipsa,0.05
približati,očala,0.034482758620689655
približati,radovednost,0.034482758620689655
približati,približati se živali,0.034482758620689655
približati,se koncu,0.034482758620689655
približati,se osebi,0.034482758620689655
približati,skloniti se k nekomu,0.034482758620689655
približati,bližje,0.034482758620689655
približati,razložiti,0.034482758620689655
približati,povečevalno steklo,0.06896551724137931
približati,prijatelj,0.034482758620689655
približati,ura,0.034482758620689655
približati,vsebino,0.034482758620689655
približati,oseba,0.034482758620689655
približati,bizi v osebnem prostoru,0.034482758620689655
približati,bližina,0.10344827586206896
približati,iti bližje,0.034482758620689655
približati,blizu,0.06896551724137931
približati,stakniti,0.034482758620689655
približati,stališče,0.034482758620689655
približati,kartica,0.034482758620689655
približati,snov,0.034482758620689655
približati,pristopiti,0.034482758620689655
približati,nekomu,0.034482758620689655
približati,ograja,0.034482758620689655
približati,enotnost,0.034482758620689655
pričakovanje,otroka,0.05263157894736842
pričakovanje,veselje,0.10526315789473684
pričakovanje,sreča,0.05263157894736842
pričakovanje,presenečenje,0.05263157894736842
pričakovanje,potreba,0.05263157894736842
pričakovanje,božič,0.05263157894736842
pričakovanje,rojstni dan,0.05263157894736842
pričakovanje,dedek mraz,0.05263157894736842
pričakovanje,čakati,0.05263157894736842
pričakovanje,darila,0.05263157894736842
pričakovanje,obet,0.05263157894736842
pričakovanje,vznemirjenost,0.05263157894736842
pričakovanje,otrok,0.05263157894736842
pričakovanje,upanje,0.05263157894736842
pričakovanje,novo leto,0.05263157894736842
pričakovanje,napetost,0.05263157894736842
pričakovanje,želja,0.05263157894736842
pričakovanje,darilo,0.05263157894736842
pridobiti,manipulacija,0.05555555555555555
pridobiti,dobiti,0.05555555555555555
pridobiti,izobrazba,0.1111111111111111
pridobiti,znanje,0.1111111111111111
pridobiti,koga ali kaj,0.05555555555555555
pridobiti,vire,0.05555555555555555
pridobiti,vzeti,0.1111111111111111
pridobiti,pozornost,0.05555555555555555
pridobiti,vozniško dovoljenje,0.05555555555555555
pridobiti,denar,0.05555555555555555
pridobiti,uspeh,0.05555555555555555
pridobiti,trud,0.05555555555555555
pridobiti,darilo,0.05555555555555555
pridobiti,imeti,0.1111111111111111
pridružiti,dodati,0.10526315789473684
pridružiti,skupina,0.05263157894736842
pridružiti,zdržiti,0.05263157894736842
pridružiti,sodelovati,0.05263157894736842
pridružiti,skupnost,0.05263157894736842
pridružiti,šola,0.05263157894736842
pridružiti,se svobodi,0.05263157894736842
pridružiti,skupini,0.10526315789473684
pridružiti,skupaj,0.05263157894736842
pridružiti,se,0.10526315789473684
pridružiti,priključiti,0.05263157894736842
pridružiti,asocirati,0.05263157894736842
pridružiti,skupina ljudi,0.05263157894736842
pridružiti,pristop,0.05263157894736842
pridružiti,organizacija,0.05263157894736842
pridružiti,član,0.05263157894736842
prihod,prispeti na cilj,0.05263157894736842
prihod,vrnitev,0.05263157894736842
prihod,točen,0.05263157894736842
prihod,sprehod,0.05263157894736842
prihod,avtobus,0.05263157894736842
prihod,gostje,0.05263157894736842
prihod,vstop,0.05263157894736842
prihod,dom,0.05263157894736842
prihod,odhod,0.15789473684210525
prihod,prevoz,0.05263157894736842
prihod,sprememba lokacije,0.05263157894736842
prihod,ura,0.05263157894736842
prihod,vlak,0.10526315789473684
prihod,avto,0.05263157894736842
prihod,domov,0.10526315789473684
prihodek,odhodek,0.05
prihodek,plus,0.05
prihodek,plača,0.25
prihodek,mamila,0.05
prihodek,premajhen,0.05
prihodek,denarni,0.05
prihodek,zaslužu,0.05
prihodek,denar,0.35
prihodek,dohodek,0.05
prihodek,visok,0.05
prihodnost,družina,0.05263157894736842
prihodnost,strah,0.05263157894736842
prihodnost,sreča,0.05263157894736842
prihodnost,preteklost,0.05263157894736842
prihodnost,vesolje,0.05263157894736842
prihodnost,svetloba,0.05263157894736842
prihodnost,kar prihaja,0.05263157894736842
prihodnost,možnosti,0.05263157894736842
prihodnost,lepa,0.15789473684210525
prihodnost,bodočnost,0.05263157894736842
prihodnost,tema,0.05263157894736842
prihodnost,konec izpitnega,0.05263157894736842
prihodnost,jutri,0.05263157894736842
prihodnost,upanje,0.10526315789473684
prihodnost,elektrika,0.05263157894736842
prihodnost,svetla,0.05263157894736842
prijava,policija,0.1111111111111111
prijava,tečaj,0.05555555555555555
prijava,vloga,0.05555555555555555
prijava,kriminalno dejanje,0.05555555555555555
prijava,odjava,0.1111111111111111
prijava,šola,0.05555555555555555
prijava,fakulteta,0.05555555555555555
prijava,formular,0.05555555555555555
prijava,izpit,0.1111111111111111
prijava,prijavnica,0.05555555555555555
prijava,uporabniški račun,0.05555555555555555
prijava,na delo,0.05555555555555555
prijava,kazen,0.05555555555555555
prijava,pristanek,0.05555555555555555
prijava,sprejem,0.05555555555555555
prijaviti,prekršek,0.1
prijaviti,hotel,0.05
prijaviti,kršitev,0.05
prijaviti,rop,0.05
prijaviti,poseči,0.05
prijaviti,policiji,0.05
prijaviti,zatožiti,0.05
prijaviti,začasno prebivališče,0.05
prijaviti,fakulteta,0.05
prijaviti,formular,0.05
prijaviti,projekt,0.05
prijaviti,izpit,0.05
prijaviti,nasilno dejanje,0.05
prijaviti,nasilje,0.05
prijaviti,fitnes,0.05
prijaviti,registrirati,0.05
prijaviti,se na izpit,0.05
prijaviti,zločin,0.05
prijaviti,kraja,0.05
prijazen,družina,0.047619047619047616
prijazen,pozdrav,0.047619047619047616
prijazen,nasmeh,0.047619047619047616
prijazen,dedek,0.047619047619047616
prijazen,sodelavec,0.047619047619047616
prijazen,človek,0.23809523809523808
prijazen,neprijazen,0.047619047619047616
prijazen,ljubezniv,0.047619047619047616
prijazen,prijeten,0.047619047619047616
prijazen,nesramen,0.047619047619047616
prijazen,hinavski,0.047619047619047616
prijazen,moški,0.047619047619047616
prijazen,ustrežljivost,0.047619047619047616
prijazen,topel,0.047619047619047616
prijazen,prijatelj,0.047619047619047616
prijazen,spoštljiv,0.047619047619047616
prijazen,nasmejan,0.047619047619047616
prijeten,ugoden,0.05
prijeten,čas,0.05
prijeten,človek,0.15
prijeten,neprijeten,0.05
prijeten,blagodejno,0.05
prijeten,prijazen,0.1
prijeten,"prijazen,",0.05
prijeten,mir,0.05
prijeten,otrok,0.05
prijeten,prijatelj,0.05
prijeten,dan,0.1
prijeten,svet,0.05
prijeten,mil,0.05
prijeten,dopust,0.05
prijeten,občutek,0.05
prijeten,dečko,0.05
prikazati,ponazoriti,0.047619047619047616
prikazati,mati božja,0.047619047619047616
prikazati,kino,0.047619047619047616
prikazati,demonstrirati,0.047619047619047616
prikazati,orisati,0.047619047619047616
prikazati,predstava,0.047619047619047616
prikazati,nekomu nekaj pokazati,0.047619047619047616
prikazati,marija,0.047619047619047616
prikazati,predstavitev,0.047619047619047616
prikazati,duh,0.047619047619047616
prikazati,pantomima,0.047619047619047616
prikazati,film,0.047619047619047616
prikazati,oddaja,0.047619047619047616
prikazati,resnica,0.047619047619047616
prikazati,odkriti,0.047619047619047616
prikazati,obraz,0.047619047619047616
prikazati,razodeti,0.047619047619047616
prikazati,pošast,0.047619047619047616
prikazati,pokazati,0.047619047619047616
prikazati,sliko,0.047619047619047616
prikazati,resnico,0.047619047619047616
priljubljen,športnik,0.05263157894736842
priljubljen,šport,0.05263157894736842
priljubljen,vesel,0.05263157894736842
priljubljen,človek,0.05263157894736842
priljubljen,politik,0.10526315789473684
priljubljen,zaželen,0.05263157894736842
priljubljen,pevec,0.05263157894736842
priljubljen,zvezdnik,0.05263157894736842
priljubljen,ljudje ga imajo radi,0.05263157894736842
priljubljen,popularen,0.15789473684210525
priljubljen,ljubezen,0.05263157894736842
priljubljen,klub,0.05263157894736842
priljubljen,socialen,0.05263157894736842
priljubljen,znan,0.05263157894736842
priljubljen,glasbenik,0.05263157894736842
priljubljen,igralec,0.05263157894736842
primerjava,radovednost,0.05
primerjava,plus,0.05
primerjava,dveh stvari,0.05
primerjava,primerjati,0.05
primerjava,primer,0.05
primerjava,podobnost,0.05
primerjava,tekmovanje,0.15
primerjava,kviz,0.05
primerjava,razlike,0.05
primerjava,konkurenca,0.05
primerjava,tehtnica,0.05
primerjava,slabo,0.05
primerjava,primera,0.1
primerjava,ocenjevanje,0.05
primerjava,uničiti,0.05
primerjava,enakost,0.05
primerjava,med ljudmi,0.05
prinesti,prispevati,0.10526315789473684
prinesti,pes,0.10526315789473684
prinesti,dostaviti,0.05263157894736842
prinesti,vrečka,0.05263157894736842
prinesti,usluga,0.05263157894736842
prinesti,dodaj,0.05263157894736842
prinesti,srečo,0.05263157894736842
prinesti,obdariti,0.05263157894736842
prinesti,kava,0.05263157894736842
prinesti,telefon,0.05263157894736842
prinesti,nositi,0.05263157894736842
prinesti,hrano,0.05263157894736842
prinesti,denar,0.05263157894736842
prinesti,darilo,0.15789473684210525
prinesti,žogo,0.05263157894736842
pripeljati,tovor,0.04
pripeljati,rojstni dan,0.04
pripeljati,do konca,0.04
pripeljati,blago,0.04
pripeljati,avtobus,0.04
pripeljati,punca,0.04
pripeljati,neko stvar,0.04
pripeljati,auto,0.04
pripeljati,psa,0.04
pripeljati,predstaviti,0.04
pripeljati,avto,0.4
pripeljati,približati,0.04
pripeljati,peljati,0.04
pripeljati,nekoga do cilja,0.04
pripeljati,vožnja,0.04
pripeljati,vozilo,0.04
pripravljati,organizirati,0.05
pripravljati,postopek,0.05
pripravljati,učna ura,0.05
pripravljati,nalogo,0.05
pripravljati,zajtrk,0.05
pripravljati,kosilo,0.15
pripravljati,kuhati,0.1
pripravljati,pecivo,0.05
pripravljati,z rokami,0.05
pripravljati,hrana,0.05
pripravljati,delati,0.05
pripravljati,potovanje,0.05
pripravljati,popravi,0.05
pripravljati,učiti se,0.05
pripravljati,hrano,0.05
pripravljati,prtljago,0.05
pripravljati,jed,0.05
prispevati,družbi,0.10526315789473684
prispevati,pridodati,0.05263157894736842
prispevati,solidarnost,0.05263157894736842
prispevati,dodati,0.05263157894736842
prispevati,donacija,0.05263157894736842
prispevati,sposobnost,0.05263157894736842
prispevati,prispevek,0.05263157894736842
prispevati,dobro,0.05263157894736842
prispevati,pomoč,0.05263157894736842
prispevati,denar,0.21052631578947367
prispevati,dati,0.21052631578947367
prispevati,sd  d d,0.05263157894736842
prispevek,solidarnost,0.05
prispevek,donacija,0.05
prispevek,novinarski,0.05
prispevek,plača,0.05
prispevek,denarni,0.05
prispevek,izziv,0.05
prispevek,vbogaj me,0.05
prispevek,revija,0.05
prispevek,doprinos,0.05
prispevek,prostovoljni,0.05
prispevek,prostovoljni prispevki,0.05
prispevek,članek,0.1
prispevek,pomoč,0.1
prispevek,denar,0.2
prispevek,društvu,0.05
pristojni,stoječi,0.05
pristojni,nadležni,0.05
pristojni,policija,0.05
pristojni,program,0.05
pristojni,organi,0.1
pristojni,tukaj,0.05
pristojni,organ,0.25
pristojni,zadolžitev,0.05
pristojni,odgovorni,0.05
pristojni,odnosi,0.05
pristojni,pomoč,0.05
pristojni,odbor,0.05
pristojni,odgovoren,0.15
pristop,oglaševanje,0.05
pristop,agencija,0.15
pristop,odnos,0.05
pristop,premišljenost,0.05
pristop,spoznati,0.05
pristop,do osebe,0.05
pristop,trema,0.05
pristop,bliže,0.05
pristop,način,0.2
pristop,stopiti,0.05
pristop,pogum,0.1
pristop,zapeljevanje,0.05
pristop,k pogodbi,0.05
pristop,dober,0.05
pritisk,stres,0.15
pritisk,srčni,0.05
pritisk,zračni pritisk,0.05
pritisk,odvisnost,0.05
pritisk,šola,0.05
pritisk,tlak,0.25
pritisk,hud,0.05
pritisk,krvi tlak,0.05
pritisk,trema,0.05
pritisk,plin,0.05
pritisk,problemi,0.05
pritisk,nemirnost,0.05
pritisk,srce,0.05
pritisk,moč,0.05
pritožba,upornik,0.05
pritožba,reklamacija,0.05
pritožba,ugovor,0.1
pritožba,nezadovoljstvo,0.05
pritožba,nestrinjanje,0.05
pritožba,negativna energija,0.05
pritožba,sodišče,0.15
pritožba,sklep,0.05
pritožba,smrad,0.05
pritožba,pritožiti se,0.05
pritožba,listina,0.05
pritožba,globa,0.05
pritožba,dokumenti,0.05
pritožba,jeza,0.05
pritožba,krivica,0.05
pritožba,javna,0.05
pritožba,konflikt,0.05
privoščiti,dovoliti,0.05
privoščiti,veselje,0.1
privoščiti,voščiti,0.05
privoščiti,počitnice,0.1
privoščiti,si,0.05
privoščiti,ljubezen,0.05
privoščiti,srečo,0.15
privoščiti,dopust,0.05
privoščiti,seveda,0.05
privoščiti,zlobnost,0.05
privoščiti,nekomu poraz,0.05
privoščiti,denar,0.1
privoščiti,čokolada,0.05
privoščiti,zavidati,0.05
privoščiti,omogočiti si nekaj lepega,0.05
prizadevati,neumen,0.058823529411764705
prizadevati,spusti,0.058823529411764705
prizadevati,odgovornost,0.058823529411764705
prizadevati,truditi se za boljše razumevanje,0.058823529411764705
prizadevati,si,0.058823529411764705
prizadevati,borba,0.058823529411764705
prizadevati,tek france za vozom,0.058823529411764705
prizadevati,truditi se,0.058823529411764705
prizadevati,motivacija,0.058823529411764705
prizadevati,želeti,0.058823529411764705
prizadevati,poskus,0.058823529411764705
prizadevati,trud,0.29411764705882354
prizadevati,truditi,0.058823529411764705
priznanje,plaketa,0.05
priznanje,pohvala,0.15
priznanje,čestitke,0.05
priznanje,pohvala za uspeh,0.05
priznanje,akademsko,0.05
priznanje,napake,0.05
priznanje,listina,0.05
priznanje,za dobro delo,0.05
priznanje,uspeh,0.05
priznanje,delo,0.05
priznanje,nagrada,0.2
priznanje,za diplomo,0.05
priznanje,zlato,0.05
priznanje,stanje,0.05
priznanje,diploma,0.05
priznati,greh,0.05555555555555555
priznati,izreči,0.05555555555555555
priznati,kesanje,0.05555555555555555
priznati,strinjati se,0.05555555555555555
priznati,poraz,0.1111111111111111
priznati,sodišče,0.05555555555555555
priznati,poštenje,0.05555555555555555
priznati,ljubezen,0.05555555555555555
priznati,resnica,0.1111111111111111
priznati,poštenost,0.05555555555555555
priznati,laž,0.05555555555555555
priznati,povedati,0.1111111111111111
priznati,pogum,0.05555555555555555
priznati,krivda,0.1111111111111111
proces,potek,0.045454545454545456
proces,algoritem,0.045454545454545456
proces,sajenje,0.045454545454545456
proces,trajanje,0.09090909090909091
proces,čas,0.045454545454545456
proces,pot,0.045454545454545456
proces,dolgotrajno,0.045454545454545456
proces,čip,0.045454545454545456
proces,učenja,0.045454545454545456
proces,postopek,0.13636363636363635
proces,delovni,0.045454545454545456
proces,hitrost,0.045454545454545456
proces,dolgotrajnost,0.045454545454545456
proces,dolg,0.09090909090909091
proces,sodba,0.045454545454545456
proces,dvosmerni,0.045454545454545456
proces,vpisa,0.045454545454545456
proces,kafka,0.045454545454545456
prodajati,droge,0.05263157894736842
prodajati,cena,0.05263157894736842
prodajati,kupec,0.05263157894736842
prodajati,služiti,0.05263157894736842
prodajati,kupovati,0.05263157894736842
prodajati,komunikacija,0.05263157894736842
prodajati,trgovina,0.21052631578947367
prodajati,kupčija,0.05263157894736842
prodajati,bučke,0.05263157894736842
prodajati,hrana,0.05263157894736842
prodajati,robo,0.10526315789473684
prodajati,trgovec,0.10526315789473684
prodajati,denar,0.05263157894736842
prodajati,izmenjevati,0.05263157894736842
prodati,cena,0.05555555555555555
prodati,hiša,0.1111111111111111
prodati,dußo,0.05555555555555555
prodati,krčma,0.05555555555555555
prodati,zamenjati za denar,0.1111111111111111
prodati,višek,0.05555555555555555
prodati,prodaja,0.05555555555555555
prodati,stvari,0.05555555555555555
prodati,prodati dušo hudiču,0.05555555555555555
prodati,nepremičnina,0.05555555555555555
prodati,denar,0.1111111111111111
prodati,avto,0.16666666666666666
prodati,kruh,0.05555555555555555
profesor,predavanje,0.05555555555555555
profesor,matematike,0.05555555555555555
profesor,fakulteta,0.1111111111111111
profesor,visokoizobražen,0.05555555555555555
profesor,uradna oseba,0.05555555555555555
profesor,mentor,0.05555555555555555
profesor,učitelj,0.1111111111111111
profesor,strokovnjak,0.05555555555555555
profesor,učenje,0.1111111111111111
profesor,profesorica,0.16666666666666666
profesor,prfoks,0.05555555555555555
profesor,univerza,0.05555555555555555
profesor,pameten,0.05555555555555555
proga,modna pista,0.05
proga,smučišče,0.05
proga,dirkanje,0.05
proga,železnica,0.1
proga,tek,0.05
proga,trasa,0.05
proga,zebra,0.1
proga,smučanje,0.05
proga,preproga,0.05
proga,dirkališče,0.05
proga,govcart,0.05
proga,železniška,0.05
proga,vlak,0.15
proga,črta,0.05
proga,tir,0.1
programski,feri,0.05263157894736842
programski,vodja,0.05263157894736842
programski,vrstni red,0.05263157894736842
programski,v povezavi s programom,0.05263157894736842
programski,del,0.05263157894736842
programski,program,0.05263157894736842
programski,vsebinski,0.05263157894736842
programski,programiranje,0.05263157894736842
programski,projekt,0.05263157894736842
programski,računalnik,0.10526315789473684
programski,jezik,0.10526315789473684
programski,načrtovan,0.05263157894736842
programski,shod,0.05263157894736842
programski,svet,0.15789473684210525
programski,direktor,0.05263157894736842
proizvajalec,izdelovalec,0.1
proizvajalec,tolpa,0.05
proizvajalec,izdelek,0.15
proizvajalec,kmet,0.05
proizvajalec,produkt,0.05
proizvajalec,trgovina,0.05
proizvajalec,človek,0.05
proizvajalec,megla,0.05
proizvajalec,manufaktura,0.05
proizvajalec,proizvodnja,0.05
proizvajalec,"ustanova, ki ustvarja materialne dobrine",0.05
proizvajalec,tovarna,0.2
proizvajalec,delavec,0.1
proizvodnja,izdelovanje,0.05263157894736842
proizvodnja,piva,0.05263157894736842
proizvodnja,tovarna,0.3684210526315789
proizvodnja,industrija,0.10526315789473684
proizvodnja,kjer se nekaj proizvaja,0.05263157894736842
proizvodnja,izdelava,0.10526315789473684
proizvodnja,delo. moški proizvod,0.05263157894736842
proizvodnja,hrana,0.05263157894736842
proizvodnja,delo,0.15789473684210525
prometen,veliko dogajanja,0.05555555555555555
prometen,ulica,0.1111111111111111
prometen,zamašek,0.05555555555555555
prometen,"tak/a/o z veliko prometa, motornega ali nemotornega",0.05555555555555555
prometen,gneča,0.05555555555555555
prometen,hrupen,0.05555555555555555
prometen,dan,0.05555555555555555
prometen,cesta,0.3333333333333333
prometen,prometni,0.05555555555555555
prometen,gužva,0.05555555555555555
prometen,znak,0.05555555555555555
prometen,zgoščen,0.05555555555555555
proračun,račun,0.047619047619047616
proračun,občina,0.047619047619047616
proračun,finance,0.14285714285714285
proračun,država,0.09523809523809523
proračun,profesionalni račun,0.047619047619047616
proračun,sporen,0.047619047619047616
proračun,nesprejetje,0.047619047619047616
proračun,zapravljanje,0.047619047619047616
proračun,film,0.047619047619047616
proračun,2,0.047619047619047616
proračun,sredstva,0.047619047619047616
proračun,podjetje,0.047619047619047616
proračun,državna sredstva,0.047619047619047616
proračun,"denar, odtekanje denarja, skupno",0.047619047619047616
proračun,budget,0.047619047619047616
proračun,denar,0.09523809523809523
proračun,poraba,0.047619047619047616
prositi,moliti,0.10526315789473684
prositi,dobiti,0.05263157894736842
prositi,prosjačiti,0.05263157894736842
prositi,pomanjkanje,0.05263157894736842
prositi,usluga,0.05263157894736842
prositi,zaprositi,0.05263157894736842
prositi,prosim,0.05263157894736842
prositi,miloščine,0.05263157894736842
prositi,ponižanje,0.05263157894736842
prositi,milosti,0.05263157894736842
prositi,za,0.05263157894736842
prositi,pomoč,0.21052631578947367
prositi,neenakost,0.05263157894736842
prositi,izraziti željo,0.05263157894736842
prositi,zahvaliti se,0.05263157894736842
prost,padec,0.05555555555555555
prost,svoboden,0.2222222222222222
prost,stol,0.05555555555555555
prost,brezplačen,0.05555555555555555
prost,počitnice,0.1111111111111111
prost,petek,0.05555555555555555
prost,ptica,0.05555555555555555
prost,pod svobodnim soncem,0.05555555555555555
prost,dan,0.1111111111111111
prost,"svoboden človek, trg,  žival",0.05555555555555555
prost,delo,0.05555555555555555
prost,zaseden,0.1111111111111111
prst,ud,0.05555555555555555
prst,roka,0.1111111111111111
prst,zemlja,0.3888888888888889
prst,au,0.05555555555555555
prst,prstan,0.05555555555555555
prst,noga,0.05555555555555555
prst,modrosti,0.05555555555555555
prst,okončina,0.05555555555555555
prst,kazalec,0.05555555555555555
prst,dlan,0.05555555555555555
prst,kazati,0.05555555555555555
pustiti,dovoliti,0.11764705882352941
pustiti,oditi,0.058823529411764705
pustiti,osebo,0.058823529411764705
pustiti,zapustiti,0.11764705882352941
pustiti,odoti,0.058823529411764705
pustiti,odmakniti se,0.058823529411764705
pustiti,fanta,0.058823529411764705
pustiti,partnerja,0.058823529411764705
pustiti,svoboda,0.058823529411764705
pustiti,odnehati,0.058823529411764705
pustiti,dopustiti,0.058823529411764705
pustiti,sledi,0.058823529411764705
pustiti,partner,0.058823529411764705
pustiti,lebron james,0.058823529411764705
pustiti,se ne dotikati in se s tem ukvarjati,0.058823529411764705
računalnik,praktičen,0.05263157894736842
računalnik,pouk,0.05263157894736842
računalnik,ekran,0.05263157894736842
računalnik,notesnik,0.05263157894736842
računalnik,kompjuter,0.05263157894736842
računalnik,igrice,0.05263157894736842
računalnik,namizni,0.10526315789473684
računalnik,informacija,0.05263157894736842
računalnik,miška,0.05263157894736842
računalnik,mac,0.05263157894736842
računalnik,internet,0.10526315789473684
računalnik,delo,0.10526315789473684
računalnik,pripomoček,0.05263157894736842
računalnik,tipkovnica,0.15789473684210525
radio,televizija,0.15789473684210525
radio,dolžina,0.05263157894736842
radio,starinski,0.05263157894736842
radio,vesel,0.05263157894736842
radio,hrup,0.05263157894736842
radio,televizor,0.05263157894736842
radio,zvok,0.05263157894736842
radio,frekvenca,0.10526315789473684
radio,glasba,0.15789473684210525
radio,medij,0.05263157894736842
radio,zabava,0.05263157894736842
radio,poslušati,0.05263157894736842
radio,amater,0.05263157894736842
radio,avto,0.05263157894736842
raje,bolje,0.03571428571428571
raje,druga izbira,0.03571428571428571
raje,ja,0.03571428571428571
raje,boljše,0.03571428571428571
raje,kot,0.03571428571428571
raje,ne,0.03571428571428571
raje,priljubljenost,0.03571428571428571
raje,vesel,0.03571428571428571
raje,bi,0.03571428571428571
raje,"raje bi, da ne bi",0.03571428571428571
raje,marati,0.03571428571428571
raje,jaje,0.03571428571428571
raje,rajši,0.03571428571428571
raje,ljubezen,0.03571428571428571
raje,sem doma,0.03571428571428571
raje,hrana,0.03571428571428571
raje,preferenca,0.03571428571428571
raje,jem,0.07142857142857142
raje,spim,0.07142857142857142
raje,nevem,0.03571428571428571
raje,očetova stran družine,0.03571428571428571
raje,bi bla doma,0.03571428571428571
raje,imam sok,0.03571428571428571
raje,ljubše,0.07142857142857142
raje,čokolada,0.03571428571428571
rak,na modih,0.05
rak,karcinom,0.05
rak,rakovica,0.05
rak,žival,0.05
rak,nebesno znamenje,0.05
rak,vrat,0.05
rak,voida,0.05
rak,riba,0.05
rak,koščenec,0.05
rak,na dojki,0.1
rak,morje,0.05
rak,bolezen,0.4
rastlina,pacient s hudo možgansko poškodbo,0.05555555555555555
rastlina,gozd,0.05555555555555555
rastlina,veselje,0.05555555555555555
rastlina,zalivati,0.05555555555555555
rastlina,zelena,0.16666666666666666
rastlina,invalid,0.05555555555555555
rastlina,življenje,0.05555555555555555
rastlina,voda,0.05555555555555555
rastlina,praprot,0.05555555555555555
rastlina,roža,0.1111111111111111
rastlina,trava,0.05555555555555555
rastlina,zeleno,0.1111111111111111
rastlina,zelena barva,0.05555555555555555
rastlina,soba,0.05555555555555555
ravnanje,napravljanje,0.047619047619047616
ravnanje,delovanje,0.09523809523809523
ravnanje,odnos do česa,0.047619047619047616
ravnanje,vedenje,0.09523809523809523
ravnanje,odgovorno,0.047619047619047616
ravnanje,pomembnost,0.047619047619047616
ravnanje,trenutno,0.047619047619047616
ravnanje,odnos,0.047619047619047616
ravnanje,pregledno,0.047619047619047616
ravnanje,upravljanje,0.047619047619047616
ravnanje,dejanje,0.047619047619047616
ravnanje,las,0.047619047619047616
ravnanje,waservaga,0.047619047619047616
ravnanje,početje,0.19047619047619047
ravnanje,obnašanje,0.09523809523809523
razen,tega,0.1111111111111111
razen,drugih,0.05555555555555555
razen,nikogar,0.05555555555555555
razen,dvom,0.05555555555555555
razen,poleg,0.1111111111111111
razen,nekaj drugega,0.05555555555555555
razen,tebe,0.05555555555555555
razen,namesto,0.05555555555555555
razen,brey,0.05555555555555555
razen,razno,0.05555555555555555
razen,poleg tega,0.05555555555555555
razen,če,0.05555555555555555
razen,če nebi,0.05555555555555555
razen,mene,0.05555555555555555
razen,izjema,0.1111111111111111
raziskava,statistika,0.05
raziskava,iskanje,0.05
raziskava,raziskovanje,0.05
raziskava,sistematika,0.05
raziskava,laboratorij,0.05
raziskava,anketa,0.05
raziskava,znanstvena,0.05
raziskava,zdra vila,0.05
raziskava,znanost,0.25
raziskava,kemija,0.05
raziskava,pregled,0.1
raziskava,poskus,0.05
raziskava,preučevanje,0.05
raziskava,ugotavljanje spremljanje,0.05
raziskava,nova odkritja,0.05
razkriti,murja,0.05263157894736842
razkriti,priklicati,0.05263157894736842
razkriti,pokriti,0.05263157894736842
razkriti,videti,0.05263157894736842
razkriti,razkritje,0.05263157894736842
razkriti,odkrivanje,0.05263157894736842
razkriti,odkriti,0.10526315789473684
razkriti,odpreti,0.05263157894736842
razkriti,se,0.05263157894736842
razkriti,informacije,0.05263157894736842
razkriti,skrivnost,0.2631578947368421
razkriti,ugotoviti,0.05263157894736842
razkriti,prevara,0.05263157894736842
razkriti,resnico,0.05263157894736842
različica,prizadeta oseba,0.05263157894736842
različica,podobno,0.05263157894736842
različica,drugačen,0.05263157894736842
različica,varianta,0.05263157894736842
različica,podobnost,0.05263157894736842
različica,verzija,0.3157894736842105
različica,dve možnosti,0.05263157894736842
različica,program,0.05263157894736842
različica,beta,0.05263157894736842
različica,drugače,0.05263157894736842
različica,film,0.05263157894736842
različica,inačica,0.05263157894736842
različica,enačica,0.05263157894736842
različica,druga možnost,0.05263157894736842
razložiti,profesor,0.05263157894736842
razložiti,beseda,0.05263157894736842
razložiti,prtljaga,0.05263157894736842
razložiti,neznano besedo,0.05263157894736842
razložiti,učitelj,0.15789473684210525
razložiti,razlaga,0.15789473684210525
razložiti,razlagati,0.05263157894736842
razložiti,opisati,0.05263157894736842
razložiti,pamet,0.05263157894736842
razložiti,pomen,0.05263157894736842
razložiti,snov,0.10526315789473684
razložiti,povedati,0.05263157894736842
razložiti,učno snov,0.05263157894736842
razložiti,pojasniti,0.05263157894736842
razmerje,dve osebi v partnerskem odnosu,0.05
razmerje,med dvema osebama,0.05
razmerje,med kakovostjo in ceno,0.05
razmerje,ljubezensko,0.1
razmerje,odnos,0.1
razmerje,mož,0.05
razmerje,spolno,0.05
razmerje,prijateljsko,0.05
razmerje,ljubezen,0.15
razmerje,partner,0.15
razmerje,zakon,0.05
razmerje,flirtanje,0.05
razmerje,zveza,0.05
razmerje,afera,0.05
razmišljati,procesiranje informacij,0.05555555555555555
razmišljati,meditacija,0.05555555555555555
razmišljati,vedeti,0.05555555555555555
razmišljati,misliti o neki določeni temi,0.05555555555555555
razmišljati,poglabljati,0.05555555555555555
razmišljati,misliti,0.16666666666666666
razmišljati,mental,0.05555555555555555
razmišljati,učenje,0.05555555555555555
razmišljati,pamet,0.05555555555555555
razmišljati,na glas,0.05555555555555555
razmišljati,možgani,0.05555555555555555
razmišljati,misel,0.1111111111111111
razmišljati,kognicija,0.05555555555555555
razmišljati,glava,0.1111111111111111
razpis,projekta,0.05
razpis,papir,0.05
razpis,... za delovno mesto,0.05
razpis,javni,0.05
razpis,za delo,0.05
razpis,šola,0.1
razpis,delovno mesto,0.1
razpis,natečaj,0.05
razpis,uspešen,0.05
razpis,javno naročanje,0.05
razpis,projekt,0.05
razpis,izpit,0.05
razpis,jutri,0.05
razpis,služba,0.1
razpis,delo,0.05
razpis,zaključni,0.05
razpis,nagrada,0.05
razprava,filozofija,0.05
razprava,govor,0.05
razprava,okrogla miza,0.05
razprava,mnenja,0.05
razprava,sestanek,0.05
razprava,debata,0.25
razprava,politika,0.05
razprava,razglabljanje,0.05
razprava,pregled,0.05
razprava,diskusija,0.15
razprava,pogovor,0.15
razprava,javna,0.05
razred,skupina,0.05
razred,sola,0.05
razred,sošolci,0.1
razred,šola,0.35
razred,plačni,0.05
razred,klas,0.05
razred,prvi,0.05
razred,osnovna šola,0.05
razred,cenovni,0.05
razred,učenci,0.05
razred,enovitost,0.05
razred,vladajoči,0.05
razred,kasta,0.05
razvijati,misli,0.05263157894736842
razvijati,raziskovanje,0.05263157894736842
razvijati,napredovati,0.05263157894736842
razvijati,napredek,0.10526315789473684
razvijati,skušati izboljšati,0.05263157894736842
razvijati,ideja,0.05263157894736842
razvijati,izdelovati,0.05263157894736842
razvijati,znanost,0.05263157894736842
razvijati,tehnika,0.05263157894736842
razvijati,čustva,0.05263157894736842
razvijati,film,0.10526315789473684
razvijati,rasti,0.05263157894736842
razvijati,podjetje,0.10526315789473684
razvijati,odvijati,0.05263157894736842
razvijati,programe,0.05263157894736842
razvijati,misel,0.05263157894736842
razviti,aplikacija,0.05
razviti,laboratorij,0.05
razviti,emocionalna inteligenca,0.05
razviti,zastavo,0.05
razviti,ustvariti,0.05
razviti,"državo, skupnost, sobivamje, kombinacija naprednih znanj",0.05
razviti,negativ,0.05
razviti,znanje,0.05
razviti,znanost,0.05
razviti,novosti,0.05
razviti,tehnologijo,0.05
razviti,film,0.05
razviti,rasti,0.05
razviti,sebe,0.05
razviti,talent,0.05
razviti,tehnologija,0.05
razviti,izdelek,0.05
razviti,zastava,0.05
razviti,teorijo,0.05
razviti,občutek,0.05
razvojni,napredek,0.10526315789473684
razvojni,zavod,0.05263157894736842
razvojni,problem,0.05263157894736842
razvojni,potencial,0.05263157894736842
razvojni,labotatorij,0.05263157894736842
razvojni,možgan,0.05263157894736842
razvojni,tim,0.05263157894736842
razvojni,industrija,0.05263157894736842
razvojni,center,0.05263157894736842
razvojni,projekt,0.05263157894736842
razvojni,zvon,0.05263157894736842
razvojni,oddelek,0.15789473684210525
razvojni,znanstvenik,0.05263157894736842
razvojni,organizacija,0.05263157894736842
razvojni,motnja,0.05263157894736842
razvojni,krog,0.05263157894736842
redek,komaj kdaj ga vidiš,0.0625
redek,nepogost,0.0625
redek,ne pogost,0.0625
redek,vrednost,0.0625
redek,dragocen,0.0625
redek,nebesni pojav,0.0625
redek,izjemen,0.0625
redek,las,0.0625
redek,snov,0.0625
redek,malokdo,0.0625
redek,pojav,0.1875
redek,ne prav pogost,0.0625
redek,neobičajen,0.0625
redek,pogost,0.0625
redno,vsak teden,0.05555555555555555
redno,pogosto,0.16666666666666666
redno,plačilo,0.05555555555555555
redno,neredno,0.05555555555555555
redno,vedno,0.1111111111111111
redno,poredno,0.05555555555555555
redno,obiskovanje,0.05555555555555555
redno,kronično,0.05555555555555555
redno,pogosto vsak dan,0.05555555555555555
redno,služba,0.05555555555555555
redno,umivati zobe,0.05555555555555555
redno,delo,0.16666666666666666
redno,šolanje,0.05555555555555555
referendum,spet,0.05263157894736842
referendum,politika,0.10526315789473684
referendum,glas ljudstva,0.05263157894736842
referendum,voda,0.05263157894736842
referendum,jek,0.05263157894736842
referendum,izbira,0.05263157894736842
referendum,vlada,0.05263157894736842
referendum,dolgčas,0.05263157894736842
referendum,glasovanje,0.05263157894736842
referendum,o posvojitvi,0.05263157894736842
referendum,glas,0.05263157894736842
referendum,samostojnost,0.05263157894736842
referendum,država,0.10526315789473684
referendum,volitve,0.21052631578947367
reforma,spet,0.05263157894736842
reforma,kmetijstvo,0.05263157894736842
reforma,reformacija,0.05263157894736842
reforma,nujnost,0.05263157894736842
reforma,obnova,0.05263157894736842
reforma,zgodovina,0.05263157894736842
reforma,predrugačenje,0.05263157894736842
reforma,pokojninska,0.05263157894736842
reforma,primož trubar,0.10526315789473684
reforma,šolstva,0.10526315789473684
reforma,vojaška,0.05263157894736842
reforma,neuspešno,0.05263157894736842
reforma,vlada,0.05263157894736842
reforma,iluzija,0.05263157894736842
reforma,preureditev,0.05263157894736842
reforma,sprememba,0.05263157894736842
reforma,preobrazba,0.05263157894736842
regija,religija,0.1
regija,zasavska,0.05
regija,okolje,0.05
regija,podravska,0.1
regija,občina,0.05
regija,gorenjska,0.05
regija,poplavljena,0.05
regija,en del območja,0.05
regija,država,0.1
regija,štajerska,0.05
regija,spodnja,0.05
regija,slovenija,0.1
regija,pokrajina,0.2
regionalni,krajevni,0.058823529411764705
regionalni,sola,0.058823529411764705
regionalni,avtocesta,0.058823529411764705
regionalni,omejen,0.058823529411764705
regionalni,ni wifija,0.058823529411764705
regionalni,razvoj,0.17647058823529413
regionalni,območni,0.058823529411764705
regionalni,naselje,0.058823529411764705
regionalni,svet,0.058823529411764705
regionalni,vlak,0.058823529411764705
regionalni,odbor,0.058823529411764705
regionalni,določen,0.058823529411764705
regionalni,volitve,0.058823529411764705
regionalni,sklad,0.058823529411764705
regionalni,turnir,0.058823529411764705
reka,prota,0.05
reka,potok,0.05
reka,poplava,0.05
reka,široka,0.05
reka,sava,0.1
reka,teče,0.1
reka,luči,0.05
reka,svežina,0.05
reka,voda,0.35
reka,soča,0.05
reka,svetla deroča,0.05
reka,mrzlo,0.05
rekord,največ,0.1111111111111111
rekord,čas,0.05555555555555555
rekord,dosežek,0.2222222222222222
rekord,hitrosti,0.05555555555555555
rekord,knjiga,0.05555555555555555
rekord,šport,0.05555555555555555
rekord,najboljši,0.05555555555555555
rekord,360°,0.05555555555555555
rekord,svetovni,0.05555555555555555
rekord,presežek,0.05555555555555555
rekord,smučanje,0.05555555555555555
rekord,rekordna hitrost,0.05555555555555555
rekord,uspeh,0.05555555555555555
rekord,tekma,0.05555555555555555
republika,liberte,0.05
republika,odgovornost,0.05
republika,država,0.25
republika,zgodovina,0.05
republika,inštitut,0.05
republika,demokracija,0.05
republika,vladavina,0.05
republika,slovenija,0.45
resen,resnoben,0.05263157894736842
resen,problem,0.05263157894736842
resen,nasmeh,0.05263157894736842
resen,strog,0.21052631578947367
resen,zahteven,0.05263157894736842
resen,človek,0.10526315789473684
resen,seriozen,0.05263157894736842
resen,zaprt,0.05263157894736842
resen,zanesljiv,0.05263157894736842
resen,slabe volje,0.05263157894736842
resen,odrasel,0.05263157894736842
resen,obraz,0.05263157894736842
resen,zadržan,0.05263157894736842
resen,zrel,0.05263157894736842
resen,resne ustnice,0.05263157894736842
reševanje,vojaka,0.05263157894736842
reševanje,težav,0.05263157894736842
reševanje,reševalec,0.05263157894736842
reševanje,življenja,0.05263157894736842
reševanje,ponesrečenih,0.05263157894736842
reševanje,ljudi,0.05263157894736842
reševanje,rešilec,0.10526315789473684
reševanje,križanka,0.10526315789473684
reševanje,plezanje,0.05263157894736842
reševanje,prva pomoč,0.05263157894736842
reševanje,gasilci,0.10526315789473684
reševanje,pomoč,0.15789473684210525
reševanje,matematika,0.05263157894736842
reševanje,bazen,0.05263157894736842
rešiti,problem,0.1
rešiti,heroj,0.05
rešiti,nalogo,0.15
rešiti,anketo,0.05
rešiti,križanka,0.15
rešiti,težave,0.05
rešiti,uganka,0.05
rešiti,sebe,0.05
rešiti,kužek,0.05
rešiti,reševalna boja,0.05
rešiti,zadeva,0.05
rešiti,olajšanje,0.05
rešiti,svet,0.05
rešiti,pomagati,0.05
rešiti,osvoboditi,0.05
resnica,laz,0.05
resnica,"nekaj kar drži, kar je res",0.05
resnica,poštenje,0.05
resnica,ljubezen,0.05
resnica,resničnost,0.05
resnica,boli,0.1
resnica,izziv,0.05
resnica,poštenost,0.05
resnica,laž,0.25
resnica,iskrenost,0.05
resnica,skazica,0.05
resnica,redkost,0.05
resnica,res,0.05
resnica,ni laž,0.05
resnica,je samo ena,0.05
resnično,prav,0.05263157894736842
resnično,neresnično,0.10526315789473684
resnično,lažnivo,0.05263157894736842
resnično,zares,0.05263157894736842
resnično,vreme,0.05263157894736842
resnično,lažno,0.05263157894736842
resnično,objektivno,0.05263157894736842
resnično,življenje,0.05263157894736842
resnično,šov,0.05263157894736842
resnično,znanost,0.05263157894736842
resnično,pretresen,0.05263157894736842
resnično,resničnost,0.05263157894736842
resnično,iskreno,0.05263157894736842
resnično,resnica,0.05263157894736842
resnično,laž,0.05263157894736842
resnično,žalostno,0.05263157894736842
resnično,res,0.05263157894736842
resnično,stanje,0.05263157894736842
resno,strogo,0.10526315789473684
resno,smrtno,0.05263157894736842
resno,hecno,0.05263157894736842
resno,neresnost,0.05263157894736842
resno,odgovornost,0.05263157894736842
resno,šola,0.05263157894736842
resno,razumno,0.05263157894736842
resno,blazno,0.05263157894736842
resno,odziv,0.05263157894736842
resno,resnica,0.05263157894736842
resno,vprašanje,0.05263157894736842
resno,obraz,0.05263157894736842
resno,mimika,0.05263157894736842
resno,veselo,0.05263157894736842
resno,delo,0.05263157894736842
resno,smešno,0.10526315789473684
resno,nerazumljivost,0.05263157894736842
revija,časopis,0.2631578947368421
revija,tiskovina,0.05263157894736842
revija,branje,0.15789473684210525
revija,pil,0.10526315789473684
revija,listi,0.05263157894736842
revija,joker,0.05263157894736842
revija,brati,0.05263157894736842
revija,lady,0.05263157894736842
revija,članek,0.05263157894736842
revija,zgodbe,0.05263157894736842
revija,science illustrated,0.05263157894736842
revija,fotografija,0.05263157894736842
režiser,gle,0.05
režiser,produkcija,0.05
režiser,producent,0.05
režiser,ukaz,0.05
režiser,igra,0.1
režiser,koordinator dogajanja na odru/filmu,0.05
režiser,tisti ki režisira filem,0.05
režiser,gledališče,0.05
režiser,film,0.35
režiser,moški,0.05
režiser,pamet,0.05
režiser,glavni pri filmih,0.05
režiser,reže sir,0.05
riba,raci grize rep,0.05
riba,fisch,0.05
riba,raca,0.05
riba,postrv,0.05
riba,horoskop,0.05
riba,ponev,0.05
riba,kosilo,0.05
riba,losos,0.1
riba,dobra,0.05
riba,sladkovodna,0.05
riba,ribon,0.05
riba,v morju,0.05
riba,ribolov,0.05
riba,ribič,0.05
riba,morje,0.25
rob,bob,0.05555555555555555
rob,miza,0.1111111111111111
rob,konec,0.16666666666666666
rob,hiša,0.05555555555555555
rob,nevarnost,0.1111111111111111
rob,kozarca,0.05555555555555555
rob,cesta,0.05555555555555555
rob,gozda,0.05555555555555555
rob,hlače,0.05555555555555555
rob,kocka,0.05555555555555555
rob,kraj,0.05555555555555555
rob,meja,0.1111111111111111
rob,črta,0.05555555555555555
roditi,idejo,0.05263157894736842
roditi,otrok,0.3684210526315789
roditi,ženska,0.10526315789473684
roditi,rojstvo,0.05263157894736842
roditi,veselje,0.05263157894736842
roditi,otroka,0.05263157894736842
roditi,orgazem,0.05263157894736842
roditi,mama,0.10526315789473684
roditi,poviti,0.05263157894736842
roditi,reinkarnacija,0.05263157894736842
roditi,porod,0.05263157894736842
rok,poročilo,0.05263157894736842
rok,termin,0.10526315789473684
rok,izpiti,0.05263157894736842
rok,konec obdobja,0.05263157894736842
rok,paulin,0.05263157894736842
rok,izpit,0.05263157894736842
rok,mleko,0.05263157894736842
rok,ime,0.10526315789473684
rok,določen čas,0.05263157894736842
rok,nosečnost,0.05263157894736842
rok,hitenje,0.05263157894736842
rok,izpitni rok,0.05263157894736842
rok,datum,0.15789473684210525
rok,čas trajanja,0.05263157894736842
rok,porod,0.05263157894736842
roman,izsek,0.05
roman,josip jurčič,0.05
roman,branje,0.1
roman,slovenski,0.05
roman,deseti brat,0.05
roman,kriminalka,0.05
roman,proza,0.05
roman,knjiga,0.55
roman,slovenščina,0.05
samostojni,osvobojeni,0.05
samostojni,svoboden,0.05
samostojni,otroci,0.1
samostojni,neodvisni,0.1
samostojni,življenje,0.05
samostojni,podjetnik,0.3
samostojni,odrasel,0.05
samostojni,ločeni,0.05
samostojni,iznajdljiv,0.05
samostojni,oseba,0.05
samostojni,jaz,0.05
samostojni,slovenija,0.05
samostojni,enotni,0.05
sanja,spati,0.0625
sanja,oblaki,0.0625
sanja,ime,0.25
sanja,razmišlja,0.0625
sanja,sanje,0.1875
sanja,branjevka,0.0625
sanja,sošolka,0.0625
sanja,sanjari,0.0625
sanja,medvede,0.0625
sanja,spanje,0.0625
sanja,prijateljica,0.0625
sedanji,"tak, ki poteka zdaj",0.05263157894736842
sedanji,zdajšnji,0.10526315789473684
sedanji,čas,0.3157894736842105
sedanji,zdaj,0.05263157894736842
sedanji,to kar je v sedanjosti,0.05263157894736842
sedanji,ne včerajšnji,0.05263157894736842
sedanji,nekdanji,0.05263157894736842
sedanji,trenutno,0.05263157894736842
sedanji,trenutni,0.15789473684210525
sedanji,pristop,0.05263157894736842
sedanji,sedanjik,0.05263157894736842
sedeti,pisarna,0.05263157894736842
sedeti,mirovati,0.05263157894736842
sedeti,stol,0.47368421052631576
sedeti,čakanje,0.05263157894736842
sedeti,sola,0.05263157894736842
sedeti,počivati,0.05263157894736842
sedeti,šola,0.10526315789473684
sedeti,zapor,0.05263157894736842
sedeti,usesti se,0.05263157894736842
sedeti,posedati,0.05263157894736842
sedež,hruška,0.05555555555555555
sedež,sedalo,0.05555555555555555
sedež,v kinu,0.1111111111111111
sedež,v parlamentu,0.05555555555555555
sedež,stol,0.2222222222222222
sedež,sveti,0.05555555555555555
sedež,avtobus,0.05555555555555555
sedež,kavč,0.05555555555555555
sedež,trajekt,0.05555555555555555
sedež,gledališče,0.05555555555555555
sedež,prireditev,0.05555555555555555
sedež,sedišče,0.05555555555555555
sedež,zic,0.05555555555555555
sedež,združenih narodov,0.05555555555555555
seja,sveta,0.10526315789473684
seja,parlamenta,0.05263157894736842
seja,brskalnik,0.05263157894736842
seja,sestanek,0.3684210526315789
seja,parlament,0.05263157894736842
seja,zbor,0.05263157894736842
seja,papirji,0.05263157894736842
seja,dvorana,0.05263157894736842
seja,državni zbor,0.10526315789473684
seja,sedenje,0.05263157894736842
seja,saja,0.05263157894736842
sejem,knjižni,0.10526315789473684
sejem,kramarija,0.05263157894736842
sejem,sladkorna pena,0.05263157894736842
sejem,množica ljudi,0.05263157894736842
sejem,knjige,0.10526315789473684
sejem,zrno,0.05263157894736842
sejem,pohištva,0.05263157894736842
sejem,še manj,0.05263157894736842
sejem,novi,0.05263157894736842
sejem,znanost,0.05263157894736842
sejem,podeželje,0.05263157894736842
sejem,trg,0.10526315789473684
sejem,prodaja,0.05263157894736842
sejem,gornja radgona,0.05263157894736842
sejem,prireditev,0.05263157894736842
sejem,živahno,0.05263157894736842
sekretar,ministrstvo,0.058823529411764705
sekretar,državni,0.058823529411764705
sekretar,asistent,0.058823529411764705
sekretar,uradnik,0.058823529411764705
sekretar,politik,0.058823529411764705
sekretar,politika,0.058823529411764705
sekretar,tajnik,0.35294117647058826
sekretar,vlada,0.058823529411764705
sekretar,bela srajca,0.058823529411764705
sekretar,kreten,0.058823529411764705
sekretar,papirologija,0.058823529411764705
sekretar,odbor,0.058823529411764705
sektor,predel,0.05263157894736842
sektor,ministrstvo,0.05263157894736842
sektor,selektor,0.05263157894736842
sektor,družbeni,0.05263157894736842
sektor,državni,0.10526315789473684
sektor,finančni,0.05263157894736842
sektor,del,0.10526315789473684
sektor,javni,0.15789473684210525
sektor,za pravne zadeve,0.05263157894736842
sektor,sedezni red,0.05263157894736842
sektor,security,0.05263157894736842
sektor,poslovni,0.05263157894736842
sektor,delitev,0.05263157894736842
sektor,služba,0.05263157894736842
sektor,oddelek,0.05263157894736842
sekunda,čas,0.2631578947368421
sekunda,zelo kratek čas,0.05263157894736842
sekunda,trenutek,0.10526315789473684
sekunda,minuta,0.21052631578947367
sekunda,samo,0.05263157894736842
sekunda,nesreča,0.05263157894736842
sekunda,ura,0.10526315789473684
sekunda,pomembna,0.05263157894736842
sekunda,merilo,0.05263157894736842
sekunda,1,0.05263157894736842
selektor,izbranec,0.05555555555555555
selektor,delavec,0.05555555555555555
selektor,tekma,0.05555555555555555
selektor,košarka,0.05555555555555555
selektor,trener,0.05555555555555555
selektor,kek,0.05555555555555555
selektor,sekulić,0.05555555555555555
selektor,reprezentanca,0.05555555555555555
selektor,reprezentance,0.1111111111111111
selektor,kdor izbere ekipo,0.05555555555555555
selektor,izbiralec,0.05555555555555555
selektor,selekcija,0.05555555555555555
selektor,ekipa,0.05555555555555555
selektor,izbor,0.05555555555555555
selektor,nogomet,0.16666666666666666
serija,netflix,0.15789473684210525
serija,niz,0.05263157894736842
serija,televizija,0.10526315789473684
serija,nadaljevanka,0.15789473684210525
serija,prosti čas,0.05263157894736842
serija,zaporedje,0.05263157894736842
serija,izdelki,0.05263157894736842
serija,sezona,0.05263157894736842
serija,vrsta,0.05263157894736842
serija,film,0.05263157894736842
serija,nanizanka,0.10526315789473684
serija,tv,0.05263157894736842
serija,užitek,0.05263157894736842
sestanek,srečanje,0.15
sestanek,dnevni red,0.05
sestanek,dolgčas,0.05
sestanek,stres,0.05
sestanek,zbiranje,0.05
sestanek,pomembnost,0.05
sestanek,gužva,0.05
sestanek,"kjer se več ljudi sreča, sestane",0.05
sestanek,seja,0.05
sestanek,ostanek,0.05
sestanek,šolski,0.05
sestanek,video,0.05
sestanek,sestati se,0.05
sestanek,služba,0.15
sestanek,delo,0.05
sestanek,zbranost,0.05
sestavljati,sestaviti,0.05555555555555555
sestavljati,puzle,0.1111111111111111
sestavljati,sestavljanka,0.3333333333333333
sestavljati,sestavljanke,0.05555555555555555
sestavljati,sestavljanko,0.05555555555555555
sestavljati,tvoriti,0.1111111111111111
sestavljati,kocke,0.1111111111111111
sestavljati,puzzle,0.1111111111111111
sestavljati,zlagati,0.05555555555555555
sestra,urša,0.05
sestra,družina,0.15
sestra,v družini,0.05
sestra,moja,0.05
sestra,bližnja sorodnica,0.05
sestra,starši,0.05
sestra,brat,0.3
sestra,prijateljica,0.05
sestra,sorojenka,0.05
sestra,tereza,0.05
sestra,sorodnica,0.05
sestra,dvojčica,0.05
sestra,sorodstvo,0.05
severni,pol,0.15789473684210525
severni,jelen,0.05263157894736842
severni,tečaj,0.10526315789473684
severni,južni,0.10526315789473684
severni,medved,0.05263157894736842
severni,sij,0.3684210526315789
severni,"medved, led, mraz",0.05263157894736842
severni,mraz,0.10526315789473684
seznam,liata,0.05
seznam,seznam literature,0.05
seznam,papir,0.05
seznam,trgovina,0.05
seznam,lista,0.3
seznam,birokracija,0.05
seznam,za trgovino,0.05
seznam,imenik,0.05
seznam,učencev,0.05
seznam,imen,0.05
seznam,nakupovanje,0.05
seznam,list,0.05
seznam,nakupi,0.05
seznam,urnik,0.05
seznam,živila,0.05
sila,sla,0.05
sila,"fizika, ljubezen, jeza",0.05
sila,kolo,0.05
sila,gravitacija,0.05
sila,moči,0.05
sila,kola lomi,0.05
sila,fitnes,0.05
sila,fizikalna enota,0.05
sila,delo,0.05
sila,moč,0.4
sila,fizika,0.15
sin,družina,0.1111111111111111
sin,hči,0.05555555555555555
sin,otrok,0.3333333333333333
sin,rojstvo,0.05555555555555555
sin,sreča,0.05555555555555555
sin,barva,0.05555555555555555
sin,oče,0.05555555555555555
sin,cos,0.05555555555555555
sin,mama,0.05555555555555555
sin,skrbi,0.05555555555555555
sin,naslednik,0.05555555555555555
sin,matematika,0.05555555555555555
sindikat,janez janša,0.05555555555555555
sindikat,plača,0.05555555555555555
sindikat,ljudje,0.05555555555555555
sindikat,zaposleni,0.05555555555555555
sindikat,delavcev,0.05555555555555555
sindikat,združenje delavcev,0.05555555555555555
sindikat,šola,0.05555555555555555
sindikat,delavec,0.05555555555555555
sindikat,pravice,0.05555555555555555
sindikat,stavka,0.05555555555555555
sindikat,skupnost podobnih,0.05555555555555555
sindikat,šolski,0.05555555555555555
sindikat,socializem,0.05555555555555555
sindikat,združenje,0.05555555555555555
sindikat,delavci,0.05555555555555555
sindikat,pomoč,0.05555555555555555
sindikat,sviz,0.05555555555555555
sindikat,zakomplicirano,0.05555555555555555
širok,nabor,0.05263157894736842
širok,prostoren,0.05263157894736842
širok,obleka,0.05263157894736842
širok,spekter,0.05263157894736842
širok,steber,0.05263157894736842
širok,mojca,0.05263157894736842
širok,razširjen,0.05263157894736842
širok,strpnost,0.05263157894736842
širok,pogled,0.05263157894736842
širok,ozek,0.10526315789473684
širok,pas,0.10526315789473684
širok,debel,0.15789473684210525
širok,okrogel,0.05263157894736842
širok,modrina,0.05263157894736842
širok,cesta,0.05263157894736842
situacija,ponesrečena,0.05263157894736842
situacija,dogodek,0.05263157894736842
situacija,neugodna,0.10526315789473684
situacija,napeta,0.05263157894736842
situacija,kristalna,0.05263157894736842
situacija,neznana,0.05263157894736842
situacija,zdaj,0.05263157894736842
situacija,problemi,0.05263157894736842
situacija,nerodna,0.05263157894736842
situacija,zapletena,0.05263157894736842
situacija,zadrega,0.05263157894736842
situacija,"stanje, razmere",0.05263157894736842
situacija,težka,0.05263157894736842
situacija,slaba,0.10526315789473684
situacija,težavna,0.05263157894736842
situacija,stanje,0.05263157894736842
situacija,neznosna,0.05263157894736842
skladba,melodija,0.05
skladba,komad,0.05
skladba,kvaliteta,0.05
skladba,glasba,0.35
skladba,klasična,0.1
skladba,mozart,0.05
skladba,fino,0.05
skladba,rock glasba,0.05
skladba,užitek,0.05
skladba,pesem,0.15
skladba,ritem,0.05
skleniti,načrt,0.05263157894736842
skleniti,dogovor,0.15789473684210525
skleniti,dobiti,0.05263157894736842
skleniti,zaključiti,0.05263157894736842
skleniti,zakonsko zvezo,0.05263157894736842
skleniti,veriga,0.05263157894736842
skleniti,dogovoriti,0.05263157894736842
skleniti,sklep,0.05263157894736842
skleniti,zavarovanje,0.05263157894736842
skleniti,zapreti krog,0.05263157894736842
skleniti,odločitev,0.10526315789473684
skleniti,pogodbo,0.10526315789473684
skleniti,mir,0.05263157894736842
skleniti,posel,0.05263157894736842
skleniti,se dogovoriti,0.05263157894736842
sklep,glid,0.047619047619047616
sklep,filip šebalj,0.047619047619047616
sklep,kost,0.047619047619047616
sklep,uradno besedilo,0.047619047619047616
sklep,o nepremičnini,0.047619047619047616
sklep,seja,0.047619047619047616
sklep,koleno,0.047619047619047616
sklep,odločitev,0.047619047619047616
sklep,komolec,0.047619047619047616
sklep,roka,0.047619047619047616
sklep,škripanje,0.047619047619047616
sklep,zapis,0.047619047619047616
sklep,končen,0.047619047619047616
sklep,kolčni,0.047619047619047616
sklep,argumentacija,0.047619047619047616
sklep,ugotovitev,0.047619047619047616
sklep,o zaposlitvi,0.047619047619047616
sklep,zaključek,0.19047619047619047
škoda,besed,0.05263157894736842
škoda,denarja,0.05263157894736842
škoda,promet,0.05263157894736842
škoda,nesreča,0.05263157894736842
škoda,zavarovalnica,0.05263157894736842
škoda,na avtu,0.05263157894736842
škoda,simply clever,0.05263157894736842
škoda,avto,0.5789473684210527
škoda,breme,0.05263157894736842
skok,potok,0.05263157894736842
skok,odskočna deska,0.05263157894736842
skok,šport,0.15789473684210525
skok,bungee jumping,0.05263157894736842
skok,naprej,0.05263157894736842
skok,padalo,0.05263157894736842
skok,preskok,0.05263157894736842
skok,palica,0.05263157894736842
skok,ven,0.05263157894736842
skok,v morje,0.05263157894736842
skok,olimpijske igre,0.05263157894736842
skok,voda,0.10526315789473684
skok,višina,0.05263157894736842
skok,višje,0.05263157894736842
skok,uspeh,0.05263157894736842
skok,čez kožo,0.05263157894736842
skrb,za lastno eksistenco,0.05263157894736842
skrb,stres,0.05263157894736842
skrb,srbija,0.05263157894736842
skrb,starejši,0.05263157894736842
skrb,empatija,0.05263157894736842
skrb,anksioznost,0.05263157894736842
skrb,težava,0.05263157894736842
skrb,"varnost, ljubezen, otrok",0.05263157894736842
skrb,starš,0.05263157894736842
skrb,mati,0.10526315789473684
skrb,misel,0.05263157894736842
skrb,skrb za druge,0.05263157894736842
skrb,osebna,0.05263157894736842
skrb,siva,0.05263157894736842
skrb,živci,0.05263157894736842
skrb,za družino,0.05263157894736842
skrb,mama,0.10526315789473684
skrbeti,skrb,0.05
skrbeti,družina,0.05
skrbeti,strah,0.05
skrbeti,otroci,0.05
skrbeti,zase,0.05
skrbeti,stres,0.05
skrbeti,poskrbeti,0.05
skrbeti,zaskrbljenost,0.05
skrbeti,izpiti,0.05
skrbeti,empatija,0.05
skrbeti,težava,0.05
skrbeti,za koga,0.05
skrbeti,otrok,0.15
skrbeti,za zdravje,0.05
skrbeti,naresti obveznosti,0.05
skrbeti,rad imeti,0.05
skrbeti,hraniti,0.05
skrbeti,mama,0.05
skrivati,ključ,0.05263157894736842
skrivati,strah,0.10526315789473684
skrivati,iskati,0.05263157894736842
skrivati,prikriti,0.05263157894736842
skrivati,prikrivati,0.05263157894736842
skrivati,zaklonišče,0.05263157894736842
skrivati,igra,0.10526315789473684
skrivati,nekaj,0.05263157894736842
skrivati,skrivalnice,0.21052631578947367
skrivati,ne videti,0.05263157894736842
skrivati,tat,0.05263157894736842
skrivati,se,0.05263157894736842
skrivati,predmet,0.05263157894736842
skrivati,zaklad,0.05263157894736842
skupno,naše,0.1111111111111111
skupno,partnerstvo,0.05555555555555555
skupno,veliko,0.05555555555555555
skupno,druženje,0.05555555555555555
skupno,obče,0.05555555555555555
skupno,življenje,0.05555555555555555
skupno,število,0.05555555555555555
skupno,ležišče,0.05555555555555555
skupno,dobro,0.2222222222222222
skupno,poroka,0.05555555555555555
skupno,laž,0.05555555555555555
skupno,enakost,0.05555555555555555
skupno,delo,0.05555555555555555
skupno,vsi,0.05555555555555555
skupščina,družina,0.037037037037037035
skupščina,debatiranje,0.037037037037037035
skupščina,druzuva,0.037037037037037035
skupščina,društvo,0.037037037037037035
skupščina,skupina,0.1111111111111111
skupščina,občina,0.037037037037037035
skupščina,obnova,0.037037037037037035
skupščina,ljudje,0.037037037037037035
skupščina,ljudi,0.037037037037037035
skupščina,država,0.037037037037037035
skupščina,generalna,0.037037037037037035
skupščina,parlament,0.18518518518518517
skupščina,politika,0.07407407407407407
skupščina,zbor,0.037037037037037035
skupščina,evropa,0.037037037037037035
skupščina,skupina prijatli ekipa,0.037037037037037035
skupščina,otrok,0.037037037037037035
skupščina,nevem,0.037037037037037035
skupščina,druščina,0.037037037037037035
skupščina,skupina ljudi,0.037037037037037035
skušati,preizkus,0.05555555555555555
skušati,probati,0.05555555555555555
skušati,zmorem,0.05555555555555555
skušati,poskusit,0.05555555555555555
skušati,truditi se,0.05555555555555555
skušati,uspeti,0.1111111111111111
skušati,riba,0.05555555555555555
skušati,poskus,0.1111111111111111
skušati,skuša,0.05555555555555555
skušati,hudič,0.05555555555555555
skušati,probavati,0.05555555555555555
skušati,poskušati,0.2222222222222222
skušati,izzivati,0.05555555555555555
slabo,težko,0.05263157894736842
slabo,švoh,0.05263157894736842
slabo,"nasprotje od ""dobro""",0.05263157894736842
slabo,če imaš premalo pod palcem,0.05263157894736842
slabo,neprijetno,0.05263157894736842
slabo,težave,0.05263157894736842
slabo,dobro,0.3157894736842105
slabo,jota,0.05263157894736842
slabo,katastrofa,0.05263157894736842
slabo,negativno,0.05263157894736842
slabo,meso,0.05263157894736842
slabo,opravlena storitev,0.05263157894736842
slabo,počutje,0.10526315789473684
slednji,vsak,0.125
slednji,naslednji,0.3125
slednji,zadnji,0.3125
slednji,prejšnji,0.0625
slednji,pozdrav,0.0625
slednji,poslednji,0.0625
slednji,ta,0.0625
slog,stil,0.4
slog,življenja,0.05
slog,izraz,0.05
slog,mojstrski,0.05
slog,dama,0.05
slog,pisave,0.05
slog,tehnika,0.05
slog,opredeliti se,0.05
slog,jezik,0.05
slog,modni,0.05
slog,oblačenje,0.15
smer,poti,0.05263157894736842
smer,kažipot,0.05263157894736842
smer,obvezna,0.05263157894736842
smer,desno,0.05263157894736842
smer,cestni predpisi,0.05263157894736842
smer,naprej,0.05263157894736842
smer,hoje,0.05263157894736842
smer,tabla,0.05263157894736842
smer,plezanje,0.05263157894736842
smer,neba,0.05263157894736842
smer,sever,0.05263157894736842
smer,navodilo,0.05263157894736842
smer,pravilna,0.05263157894736842
smer,levo,0.05263157894736842
smer,pozicija,0.05263157894736842
smer,prava,0.05263157894736842
smer,pot,0.10526315789473684
smer,usmeritev,0.05263157894736842
smisel,misli,0.05
smisel,zmelkoow,0.05
smisel,namen,0.05
smisel,življenja,0.2
smisel,življenje,0.15
smisel,humor,0.05
smisel,bistvo,0.05
smisel,vrednost,0.05
smisel,za humor,0.05
smisel,smoter,0.05
smisel,knjiga,0.05
smisel,pomen,0.15
smisel,nesmiseln,0.05
smrt,družina,0.038461538461538464
smrt,krsta,0.038461538461538464
smrt,bližnjega,0.038461538461538464
smrt,nena ga več vidis,0.038461538461538464
smrt,izguba,0.038461538461538464
smrt,konec,0.19230769230769232
smrt,staršev,0.038461538461538464
smrt,grozna,0.038461538461538464
smrt,črnina,0.038461538461538464
smrt,pogreb,0.038461538461538464
smrt,prehod,0.038461538461538464
smrt,grob,0.07692307692307693
smrt,izgubiti bližnjega,0.038461538461538464
smrt,svet je mejhn,0.038461538461538464
smrt,umor,0.038461538461538464
smrt,takoj,0.038461538461538464
smrt,slabo,0.038461538461538464
smrt,ima svoj čas,0.038461538461538464
smrt,žalostno,0.038461538461538464
smrt,krt,0.038461538461538464
smrt,začetek,0.038461538461538464
smučarski,sneg,0.09090909090909091
smučarski,škornji,0.045454545454545456
smučarski,palice,0.045454545454545456
smučarski,tek,0.09090909090909091
smučarski,skok,0.045454545454545456
smučarski,skakalnica,0.045454545454545456
smučarski,sejem,0.045454545454545456
smučarski,skoki,0.36363636363636365
smučarski,čelada,0.045454545454545456
smučarski,dan,0.045454545454545456
smučarski,smuči,0.045454545454545456
smučarski,as,0.045454545454545456
smučarski,vožnja po snegu,0.045454545454545456
sneg,bel,0.05263157894736842
sneg,pes,0.05263157894736842
sneg,nedolžnost,0.05263157894736842
sneg,led,0.05263157894736842
sneg,bela,0.05263157894736842
sneg,belo,0.05263157894736842
sneg,smučanje,0.10526315789473684
sneg,pada,0.10526315789473684
sneg,3,0.05263157894736842
sneg,belina,0.10526315789473684
sneg,zima,0.3157894736842105
snov,kemijska,0.05555555555555555
snov,material,0.2777777777777778
snov,mehka,0.05555555555555555
snov,šola,0.1111111111111111
snov,kemija,0.05555555555555555
snov,element,0.05555555555555555
snov,voda,0.05555555555555555
snov,tvar,0.05555555555555555
snov,stvar,0.05555555555555555
snov,materija,0.05555555555555555
snov,učiti se,0.05555555555555555
snov,učna snov,0.05555555555555555
snov,sestavina,0.05555555555555555
soba,ao,0.047619047619047616
soba,vrata,0.047619047619047616
soba,tiha,0.047619047619047616
soba,kvadrat,0.047619047619047616
soba,zaprta,0.047619047619047616
soba,miza,0.047619047619047616
soba,dnevna,0.047619047619047616
soba,z razgledom,0.047619047619047616
soba,moja,0.09523809523809523
soba,moja soba,0.047619047619047616
soba,spalnica,0.047619047619047616
soba,sobana,0.047619047619047616
soba,okrogla,0.047619047619047616
soba,pojstla,0.047619047619047616
soba,prostor,0.14285714285714285
soba,razred,0.047619047619047616
soba,postelja,0.047619047619047616
soba,lastna,0.047619047619047616
sodba,"ljudstvo, sodišče, čenče",0.047619047619047616
sodba,les,0.047619047619047616
sodba,sodnik,0.09523809523809523
sodba,odločba,0.047619047619047616
sodba,sodišče,0.14285714285714285
sodba,soditi,0.09523809523809523
sodba,obsodba,0.047619047619047616
sodba,…v višnji gori,0.047619047619047616
sodba,pravična,0.047619047619047616
sodba,krivična,0.047619047619047616
sodba,življenjska,0.047619047619047616
sodba,mnenje,0.047619047619047616
sodba,božja,0.047619047619047616
sodba,odločeno sojenje,0.047619047619047616
sodba,delo,0.047619047619047616
sodba,zločin,0.047619047619047616
sodba,pravo,0.047619047619047616
sodelavec,kava,0.1111111111111111
sodelavec,pisarna,0.05555555555555555
sodelavec,prijatelj,0.1111111111111111
sodelavec,služba,0.2222222222222222
sodelavec,kolega,0.2777777777777778
sodelavec,posel,0.05555555555555555
sodelavec,delo,0.05555555555555555
sodelavec,šef,0.05555555555555555
sodelavec,dober,0.05555555555555555
soden,zadnji,0.125
soden,sod,0.0625
soden,postopek,0.125
soden,dan,0.1875
soden,počasen,0.0625
soden,obtožba,0.0625
soden,sodišče,0.1875
soden,tožilstvo,0.0625
soden,sojenje,0.125
soditi,osebo,0.05263157894736842
soditi,sodnik,0.2631578947368421
soditi,nepravično,0.05263157894736842
soditi,človek,0.05263157894736842
soditi,sodišče,0.10526315789473684
soditi,tekma,0.05263157894736842
soditi,zapor,0.05263157894736842
soditi,ocenjevanje,0.05263157894736842
soditi,razsojati,0.05263157894736842
soditi,kazen,0.05263157894736842
soditi,pravično,0.05263157894736842
soditi,v športu,0.05263157894736842
soditi,krivo,0.05263157894736842
soditi,zločin,0.05263157894736842
sodnik,"tisti, ki ima prav",0.05
sodnik,sod,0.1
sodnik,pravica,0.05
sodnik,tožba,0.05
sodnik,sodišče,0.35
sodnik,odvetnik,0.05
sodnik,poklic,0.05
sodnik,pravičnost,0.05
sodnik,črna obleka,0.05
sodnik,pravica krivica tožba,0.05
sodnik,črna halja,0.05
sodnik,lasulja,0.05
sodnik,cesta,0.05
sodobni,priročnik,0.05
sodobni,moderni,0.3
sodobni,družba,0.05
sodobni,zanimiv,0.05
sodobni,človek,0.05
sodobni,novi,0.05
sodobni,moda,0.05
sodobni,računalnik,0.05
sodobni,pisatelji,0.05
sodobni,moderen,0.1
sodobni,svet,0.1
sodobni,ples,0.1
šolski,časopis,0.05263157894736842
šolski,zvonec,0.05263157894736842
šolski,šolar,0.05263157894736842
šolski,organizacija izobraževanja,0.05263157894736842
šolski,avtobus,0.05263157894736842
šolski,učilnice,0.05263157894736842
šolski,program,0.05263157894736842
šolski,naporno,0.05263157894736842
šolski,učbenik,0.05263157894736842
šolski,sistem,0.15789473684210525
šolski,dan,0.05263157894736842
šolski,predmet,0.10526315789473684
šolski,moj,0.05263157894736842
šolski,izobraževalni,0.05263157894736842
šolski,zvezek,0.05263157894736842
šolski,razred,0.05263157894736842
sonce,vir energije,0.047619047619047616
sonce,sreča,0.047619047619047616
sonce,sije,0.047619047619047616
sonce,planeti,0.047619047619047616
sonce,svetloba,0.047619047619047616
sonce,vroče,0.047619047619047616
sonce,toplina,0.047619047619047616
sonce,rumeno,0.09523809523809523
sonce,vročina,0.047619047619047616
sonce,nebesno telo,0.047619047619047616
sonce,žarki,0.047619047619047616
sonce,toplota,0.047619047619047616
sonce,luna,0.047619047619047616
sonce,rumena,0.047619047619047616
sonce,dan,0.047619047619047616
sonce,elektrarna,0.047619047619047616
sonce,poletje,0.09523809523809523
sonce,zvezda,0.047619047619047616
sonce,morje,0.047619047619047616
sončni,sonce,0.05
sončni,vzhod,0.05
sončni,sadež,0.05
sončni,veselje,0.05
sončni,topel,0.05
sončni,svetel,0.05
sončni,dnevi,0.05
sončni,dan,0.1
sončni,zahod,0.3
sončni,mrk,0.1
sončni,prijeten,0.05
sončni,vrt,0.05
sončni,krog,0.05
sosed,okno,0.05263157894736842
sosed,klepet,0.05263157894736842
sosed,moja soseda,0.05263157894736842
sosed,odnos,0.05263157894736842
sosed,"najboljši sosed, dobri odnosi, prijateljstvo",0.05263157894736842
sosed,mesto,0.05263157894736842
sosed,blizu,0.05263157894736842
sosed,prijazen,0.05263157894736842
sosed,neighbour,0.05263157894736842
sosed,soseda,0.05263157894736842
sosed,najbližji soživeči,0.05263157894736842
sosed,najboljši,0.05263157894736842
sosed,glasen,0.05263157894736842
sosed,prijatelj,0.05263157894736842
sosed,živi blizu,0.05263157894736842
sosed,giša,0.05263157894736842
sosed,pomoč,0.10526315789473684
sosed,vrt,0.05263157894736842
splošno,dejstvo,0.1
splošno,vsakdanje,0.05
splošno,nekaj generalnega,0.05
splošno,vse,0.05
splošno,dolgčas,0.05
splošno,neopredeljeno,0.05
splošno,običajno,0.1
splošno,znanje,0.05
splošno,specifično,0.05
splošno,nesplošno,0.05
splošno,navadno,0.05
splošno,razširjeno,0.05
splošno,drugačno,0.05
splošno,povprečno,0.05
splošno,znano,0.05
splošno,posebno,0.05
splošno,splošno znano,0.05
splošno,razpoloženje,0.05
spodnji,spodaj,0.05555555555555555
spodnji,sosed,0.1111111111111111
spodnji,nižje,0.05555555555555555
spodnji,duplek,0.05555555555555555
spodnji,glas,0.05555555555555555
spodnji,nadstropje,0.05555555555555555
spodnji,del,0.05555555555555555
spodnji,dom,0.1111111111111111
spodnji,dol,0.05555555555555555
spodnji,je spodaj,0.05555555555555555
spodnji,balkon,0.05555555555555555
spodnji,zgornji,0.16666666666666666
spodnji,predal,0.05555555555555555
spodnji,razred,0.05555555555555555
spolni,spol,0.05263157894736842
spolni,seksualni,0.15789473684210525
spolni,človek,0.05263157894736842
spolni,odnos,0.3157894736842105
spolni,organi,0.05263157894736842
spolni,organ,0.10526315789473684
spolni,dotik,0.05263157894736842
spolni,odnosi,0.05263157894736842
spolni,nanašajoč se na biološki spol,0.05263157894736842
spolni,različen,0.05263157894736842
spolni,seks,0.05263157894736842
spomin,misli,0.04
spomin,družina,0.04
spomin,misel na pretekli dogodek,0.04
spomin,družabna igra,0.04
spomin,preteklost,0.04
spomin,igra,0.12
spomin,sestavljanka,0.04
spomin,sova,0.04
spomin,otroštvo,0.08
spomin,ljubezen,0.04
spomin,starši,0.04
spomin,slab,0.04
spomin,na stare čase,0.04
spomin,lep,0.04
spomin,možgani,0.08
spomin,smrt,0.04
spomin,na otroštvo,0.04
spomin,spominčica,0.04
spomin,je slab,0.04
spomin,nekaj lepega,0.04
spomin,memoari,0.04
spomniti,pomniti,0.05
spomniti,priklicati,0.05
spomniti,ohraniti,0.05
spomniti,iseja,0.05
spomniti,spomin,0.15
spomniti,naloga,0.05
spomniti,pozabiti,0.05
spomniti,vedeti,0.05
spomniti,besede,0.1
spomniti,se na rojstni dan,0.05
spomniti,opomniti,0.05
spomniti,opomnik,0.05
spomniti,se,0.05
spomniti,možgani,0.15
spomniti,nostalgija,0.05
spor,prepih,0.05263157894736842
spor,sprt,0.05263157894736842
spor,med dvema osebama,0.05263157894736842
spor,osebe,0.05263157894736842
spor,sodišče,0.05263157894736842
spor,mož,0.05263157894736842
spor,prepir,0.3157894736842105
spor,neprijetno,0.05263157894736842
spor,jabolko,0.05263157894736842
spor,kreganje,0.05263157894736842
spor,partner,0.05263157894736842
spor,pretep,0.10526315789473684
spor,strani,0.05263157894736842
sporazum,mirovni,0.05
sporazum,dogovor,0.25
sporazum,rokovanje,0.05
sporazum,strinjanje,0.05
sporazum,razumevanje,0.05
sporazum,dogovot,0.05
sporazum,denarni,0.05
sporazum,države,0.1
sporazum,mir,0.05
sporazum,strinjati,0.05
sporazum,vojna,0.05
sporazum,ločitev,0.1
sporazum,konflikt,0.05
sporazum,dva se dogovorita,0.05
sporno,novica,0.05555555555555555
sporno,you were my brother anakin,0.05555555555555555
sporno,vprašljivo,0.05555555555555555
sporno,ljudje,0.05555555555555555
sporno,ozemlje,0.05555555555555555
sporno,pokvarjeno,0.05555555555555555
sporno,neprijetno,0.05555555555555555
sporno,delikatno,0.05555555555555555
sporno,dejanje,0.1111111111111111
sporno,narobe,0.1111111111111111
sporno,ni v redu,0.05555555555555555
sporno,ilegalno,0.05555555555555555
sporno,neetično,0.05555555555555555
sporno,nesporazum,0.05555555555555555
sporno,pretep,0.05555555555555555
sporno,nesporno,0.05555555555555555
sporočilo,novica,0.08695652173913043
sporočilo,pisno,0.043478260869565216
sporočilo,ljubezensko,0.043478260869565216
sporočilo,oglasno,0.043478260869565216
sporočilo,mož,0.043478260869565216
sporočilo,pismo,0.043478260869565216
sporočilo,besede,0.043478260869565216
sporočilo,obvestilo,0.08695652173913043
sporočilo,poslati,0.043478260869565216
sporočilo,sms,0.2608695652173913
sporočilo,pošta,0.043478260869565216
sporočilo,telefon,0.043478260869565216
sporočilo,mail,0.043478260869565216
sporočilo,služba,0.043478260869565216
sporočilo,vsebina,0.043478260869565216
sporočilo,novost,0.043478260869565216
šport,miganje,0.05263157894736842
šport,športnik,0.05263157894736842
šport,potenje,0.05263157894736842
šport,sport,0.05263157894736842
šport,tek,0.05263157894736842
šport,fajn,0.05263157894736842
šport,hokej,0.05263157894736842
šport,košarka,0.05263157894736842
šport,tenis,0.05263157894736842
šport,plavanje,0.05263157894736842
šport,tekanje,0.05263157894736842
šport,odbojka,0.05263157894736842
šport,moder,0.05263157894736842
šport,gibanje,0.15789473684210525
šport,žoga,0.05263157894736842
šport,telovadba,0.05263157894736842
šport,telo,0.05263157894736842
športnik,trdo delo,0.05
športnik,šport,0.15
športnik,vzornik,0.05
športnik,veliko je dobrih,0.05
športnik,ljudje,0.05
športnik,atlet,0.15
športnik,hitrost,0.05
športnik,tekma,0.05
športnik,prvak,0.05
športnik,trening,0.05
športnik,tadej,0.05
športnik,telovadec,0.05
športnik,atletika,0.05
športnik,trpljenje,0.05
športnik,as,0.05
športnik,tina maze,0.05
sposoben,narediti,0.05263157894736842
sposoben,ali pa tudi ne,0.05263157894736842
sposoben,zmožnost,0.05263157894736842
sposoben,človek,0.05263157894736842
sposoben,modern,0.05263157894736842
sposoben,delavec,0.05263157894736842
sposoben,politik,0.05263157894736842
sposoben,nesposoben,0.05263157894736842
sposoben,uspešen,0.05263157894736842
sposoben,zmožen,0.10526315789473684
sposoben,bister,0.05263157894736842
sposoben,voznik,0.05263157894736842
sposoben,delaven,0.05263157894736842
sposoben,pameten,0.05263157894736842
sposoben,razmislek,0.05263157894736842
sposoben,inteligenten,0.10526315789473684
sposoben,razmišljati,0.05263157894736842
sposobnost,sreča,0.05263157894736842
sposobnost,garanje,0.05263157894736842
sposobnost,spretnost,0.05263157894736842
sposobnost,zmožnost,0.21052631578947367
sposobnost,kladivo,0.05263157894736842
sposobnost,izobrazba,0.05263157894736842
sposobnost,znanje,0.15789473684210525
sposobnost,tehnika,0.05263157894736842
sposobnost,vožnje,0.05263157894736842
sposobnost,letenja,0.05263157894736842
sposobnost,talent,0.05263157894736842
sposobnost,podjetje,0.05263157894736842
sposobnost,opravilna,0.05263157894736842
sposobnost,izkušnje,0.05263157894736842
spoznati,osebo,0.05
spoznati,"videti, imeti, imenovati",0.05
spoznati,nekoga,0.05
spoznati,"novo ljudi, države, stvari, znanja",0.05
spoznati,koga,0.05
spoznati,vedeti,0.1
spoznati,doumeti,0.05
spoznati,prijateljstvo,0.05
spoznati,približati se,0.05
spoznati,zaupati,0.05
spoznati,obraz,0.05
spoznati,srečati,0.1
spoznati,prijatelj,0.05
spoznati,prijatelja,0.05
spoznati,človeka,0.05
spoznati,ugotoviti,0.05
spoznati,novost,0.05
spoznati,fant,0.05
spraševati,zmeden,0.05263157894736842
spraševati,radoveden,0.05263157894736842
spraševati,anketa,0.05263157894736842
spraševati,šola,0.10526315789473684
spraševati,profesora,0.05263157894736842
spraševati,vprašaj,0.10526315789473684
spraševati,poizvedovati,0.10526315789473684
spraševati,"za oceno, izpit",0.05263157894736842
spraševati,zanimanje,0.10526315789473684
spraševati,ocenjevati,0.05263157894736842
spraševati,zanimati se,0.05263157894736842
spraševati,vprašanje,0.15789473684210525
spraševati,vprašanje-odgovor,0.05263157894736842
spraviti,se spat,0.05
spraviti,pobotati se,0.05
spraviti,žito,0.05
spraviti,'se vkup',0.05
spraviti,poljščine,0.05
spraviti,se iz postelje,0.05
spraviti,založiti,0.05
spraviti,skriti,0.05
spraviti,smisel,0.05
spraviti,odstraniti,0.05
spraviti,pospraviti,0.45
spraviti,se,0.05
sprejemati,odpustiti,0.05263157894736842
sprejemati,kompromisi,0.05263157894736842
sprejemati,drugačnost,0.05263157894736842
sprejemati,odprtost,0.10526315789473684
sprejemati,strinjati se,0.05263157894736842
sprejemati,razumeti,0.05263157894736842
sprejemati,"dobiti, radodarnost,veselje",0.05263157894736842
sprejemati,garderoba,0.05263157894736842
sprejemati,vzeti,0.10526315789473684
sprejemati,zavračati,0.05263157894736842
sprejemati,dojemati,0.05263157894736842
sprejemati,odobravati,0.05263157894736842
sprejemati,dati,0.10526315789473684
sprejemati,drugačne,0.05263157894736842
sprejemati,lajf,0.05263157894736842
sprejemati,prijaznost,0.05263157894736842
sprejet,prikimati,0.05555555555555555
sprejet,veselje,0.05555555555555555
sprejet,zavrnjen,0.05555555555555555
sprejet,biti dober,0.05555555555555555
sprejet,fakulteta,0.1111111111111111
sprejet,šola,0.1111111111111111
sprejet,čudovito,0.05555555555555555
sprejet,sklep,0.05555555555555555
sprejet,sprejemni izpit,0.05555555555555555
sprejet,topel,0.05555555555555555
sprejet,prijatelj,0.05555555555555555
sprejet,na fakulteto,0.05555555555555555
sprejet,zakon,0.05555555555555555
sprejet,žoga,0.05555555555555555
sprejet,akceptiran,0.05555555555555555
sprejet,del družbe,0.05555555555555555
spreminjati,osebo,0.05263157894736842
spreminjati,progresivnost,0.05263157894736842
spreminjati,navada,0.05263157894736842
spreminjati,inovirati,0.05263157894736842
spreminjati,oblikovati,0.05263157894736842
spreminjati,oblačila,0.05263157894736842
spreminjati,kroženje,0.05263157894736842
spreminjati,sebe,0.05263157894736842
spreminjati,navade,0.05263157894736842
spreminjati,prilagajati,0.05263157894736842
spreminjati,menjati,0.05263157894736842
spreminjati,spremeniti,0.05263157894736842
spreminjati,obraz,0.05263157894736842
spreminjati,odzive,0.05263157894736842
spreminjati,podrugačiti,0.05263157894736842
spreminjati,svet,0.05263157894736842
spreminjati,predrugačiti,0.10526315789473684
spreminjati,razpoloženje,0.05263157894736842
spremljati,osebo,0.05263157894736842
spremljati,gledati,0.10526315789473684
spremljati,asistent,0.05263157894736842
spremljati,sprehod,0.10526315789473684
spremljati,razvoj veščin,0.05263157894736842
spremljati,slediti,0.10526315789473684
spremljati,nogomet,0.05263157894736842
spremljati,tekmovanje,0.05263157894736842
spremljati,psa,0.05263157894736842
spremljati,poznati,0.05263157894736842
spremljati,podpirati,0.05263157894736842
spremljati,spremljevati,0.05263157894736842
spremljati,gibanje,0.05263157894736842
spremljati,novice,0.05263157894736842
spremljati,socialni mediji,0.05263157894736842
spremljati,rezultat,0.05263157894736842
sprožiti,narediti,0.05263157894736842
sprožiti,ustreliti,0.05263157894736842
sprožiti,postopek,0.05263157894736842
sprožiti,alarem,0.05263157894736842
sprožiti,dogodek,0.05263157894736842
sprožiti,petelin,0.05263157894736842
sprožiti,zatič,0.05263157894736842
sprožiti,iskro,0.05263157894736842
sprožiti,požarni alarm,0.05263157894736842
sprožiti,pištola,0.10526315789473684
sprožiti,plaz,0.10526315789473684
sprožiti,alarm,0.21052631578947367
sprožiti,puška,0.10526315789473684
sprva,zdruga,0.10526315789473684
sprva,pred nečim,0.05263157894736842
sprva,od začetka,0.05263157894736842
sprva,najprej,0.5789473684210527
sprva,na začetku,0.10526315789473684
sprva,prvo,0.05263157894736842
sprva,začetek,0.05263157894736842
spustiti,padec,0.1
spustiti,dovoliti,0.05
spustiti,priložnost,0.05
spustiti,balon,0.05
spustiti,prepad,0.05
spustiti,pustiti,0.05
spustiti,na realna tla,0.05
spustiti,nek predmet,0.05
spustiti,strmina,0.05
spustiti,tobogan,0.1
spustiti,roka,0.05
spustiti,dol,0.05
spustiti,voda,0.05
spustiti,izgubiti,0.05
spustiti,golobe,0.05
spustiti,osvoboditi,0.05
spustiti,spustiti nekoga ki ga držiš,0.05
spustiti,žogo,0.05
srce,kri,0.05555555555555555
srce,žile,0.05555555555555555
srce,bije,0.1111111111111111
srce,dobro,0.05555555555555555
srce,veselje,0.05555555555555555
srce,organ,0.16666666666666666
srce,rdeča,0.1111111111111111
srce,življenje,0.05555555555555555
srce,mišica,0.1111111111111111
srce,bolečina,0.05555555555555555
srce,ljubezen,0.16666666666666666
sreča,družina,0.05
sreča,vrvica,0.05
sreča,veselje,0.35
sreča,nasmeh,0.05
sreča,knjige,0.05
sreča,nesreča,0.05
sreča,moja,0.05
sreča,ljubezen,0.05
sreča,odločitev,0.05
sreča,čustvo,0.05
sreča,vikend,0.05
sreča,jaz,0.05
sreča,zadovoljstvo,0.05
sreča,je opoteča,0.05
srečati,znanec,0.047619047619047616
srečati,naključno,0.047619047619047616
srečati,osebo,0.047619047619047616
srečati,sreča,0.047619047619047616
srečati,videti,0.09523809523809523
srečati,spoznati,0.14285714285714285
srečati,opaziti,0.047619047619047616
srečati,zagledati,0.047619047619047616
srečati,sestati se,0.047619047619047616
srečati,prijatelj,0.23809523809523808
srečati,prijatelja,0.14285714285714285
srečati,dobiti se,0.047619047619047616
srečen,veselje,0.05263157894736842
srečen,vesel,0.42105263157894735
srečen,nasmeh,0.05263157894736842
srečen,konec,0.05263157894736842
srečen,človek,0.10526315789473684
srečen,zdrav,0.05263157894736842
srečen,zadovoljen,0.10526315789473684
srečen,mir,0.05263157894736842
srečen,zguljena beseda,0.05263157894736842
srečen,srce,0.05263157894736842
sreda,petek,0.05
sreda,delavnik,0.05
sreda,sredi tedna,0.05
sreda,teden,0.25
sreda,dan v tednu,0.05
sreda,dan,0.15
sreda,sredina,0.05
sreda,torek,0.1
sreda,delo,0.05
sreda,četrtek,0.15
sreda,tri,0.05
sredina,jedro,0.05263157894736842
sredina,sredina gausove krivulje,0.05263157894736842
sredina,ceste,0.05263157894736842
sredina,epicenter,0.05263157894736842
sredina,osredotočenost,0.05263157894736842
sredina,center,0.15789473684210525
sredina,mediana,0.05263157894736842
sredina,aritmetična,0.05263157894736842
sredina,povprečje,0.05263157894736842
sredina,zlata,0.05263157894736842
sredina,resnica,0.05263157894736842
sredina,srednje,0.05263157894736842
sredina,vhod,0.05263157894736842
sredina,kroga,0.10526315789473684
sredina,krog,0.05263157894736842
sredina,sreda,0.05263157894736842
središče,mesta,0.05555555555555555
središče,vesolje,0.05555555555555555
središče,pozornost,0.05555555555555555
središče,mesto,0.1111111111111111
središče,krog,0.05555555555555555
središče,središče ob dravi,0.05555555555555555
središče,krožnice,0.05555555555555555
središče,center,0.5
središče,os,0.05555555555555555
srednji,spol,0.10526315789473684
srednji,sloj,0.10526315789473684
srednji,vmesni,0.05263157894736842
srednji,centralni,0.05263157894736842
srednji,skrajni,0.05263157894736842
srednji,sredinski,0.10526315789473684
srednji,vek,0.05263157894736842
srednji,politika,0.05263157894736842
srednji,velikost,0.05263157894736842
srednji,otrok,0.05263157894736842
srednji,zmeren,0.05263157894736842
srednji,vmesen,0.05263157894736842
srednji,prst,0.05263157894736842
srednji,avto,0.05263157894736842
srednji,gaussova krivulja,0.05263157894736842
srednji,nekaj vmes,0.05263157894736842
stališče,osebno,0.05263157894736842
stališče,politično,0.05263157894736842
stališče,nekaj osebnega,0.05263157894736842
stališče,močno,0.05263157894736842
stališče,"trdno, nepremakljivo mnenje",0.05263157894736842
stališče,pogled,0.05263157894736842
stališče,mnenje,0.42105263157894735
stališče,uradni,0.05263157894736842
stališče,stav,0.05263157894736842
stališče,oseba,0.05263157894736842
stališče,lebron james,0.05263157894736842
stališče,imeti,0.05263157894736842
stalno,stabilnost,0.05263157894736842
stalno,vsakodnevno,0.05263157894736842
stalno,permanentno,0.05263157894736842
stalno,hisa,0.05263157894736842
stalno,redno,0.05263157894736842
stalno,prebivališče,0.05263157894736842
stalno,govoriti,0.05263157894736842
stalno,bivališče,0.05263157894736842
stalno,vedno,0.10526315789473684
stalno,imenovanje,0.05263157894736842
stalno,opominjanje,0.05263157894736842
stalno,neprestano,0.10526315789473684
stalno,delovno mesto,0.05263157894736842
stalno,zmeraj,0.05263157894736842
stalno,za vedno,0.05263157894736842
stalno,navade,0.05263157894736842
stalno,služba,0.05263157894736842
standard,statistika,0.05555555555555555
standard,običajen,0.1111111111111111
standard,status,0.05555555555555555
standard,slovenski,0.05555555555555555
standard,omejen,0.05555555555555555
standard,predpis,0.05555555555555555
standard,visok,0.16666666666666666
standard,povprečje,0.05555555555555555
standard,blaginja,0.05555555555555555
standard,stas,0.05555555555555555
standard,način,0.05555555555555555
standard,iso,0.05555555555555555
standard,nivo,0.05555555555555555
standard,dober,0.05555555555555555
standard,življenjski standard,0.05555555555555555
stanovanjski,kredit,0.21052631578947367
stanovanjski,dom,0.05263157894736842
stanovanjski,kompleks,0.05263157894736842
stanovanjski,blok,0.10526315789473684
stanovanjski,problem,0.42105263157894735
stanovanjski,bivališče,0.05263157894736842
stanovanjski,opredelitev bivanja,0.05263157894736842
stanovanjski,sklad,0.05263157894736842
starost,točno tako,0.05263157894736842
starost,dedek,0.05263157894736842
starost,številka,0.05263157894736842
starost,doba,0.05263157894736842
starost,leta,0.15789473684210525
starost,ni radost,0.05263157894736842
starost,bolečina,0.05263157894736842
starost,lepa,0.05263157894736842
starost,prodornost,0.05263157894736842
starost,mladost,0.05263157894736842
starost,gube,0.05263157894736842
starost,omejena,0.05263157894736842
starost,koliko let,0.05263157894736842
starost,18,0.05263157894736842
starost,visoka,0.05263157894736842
starost,starejši občan,0.05263157894736842
starost,bolezen,0.05263157894736842
status,poročen,0.047619047619047616
status,študenta,0.09523809523809523
status,družbeni,0.047619047619047616
status,zakonski,0.047619047619047616
status,študentski,0.047619047619047616
status,športnika,0.047619047619047616
status,neopredeljen,0.047619047619047616
status,izobrazba,0.047619047619047616
status,položaj,0.14285714285714285
status,življenjski,0.047619047619047616
status,simbol,0.09523809523809523
status,elita,0.047619047619047616
status,študentstvo,0.047619047619047616
status,študent,0.047619047619047616
status,stanje,0.047619047619047616
status,anamneza,0.047619047619047616
status,lestvica,0.047619047619047616
stavba,beton,0.05
stavba,blok,0.1
stavba,dvigali,0.05
stavba,hisa,0.05
stavba,zgradba,0.1
stavba,hiša,0.35
stavba,gradbišče,0.05
stavba,bivanje,0.05
stavba,dom,0.1
stavba,visoka,0.05
stavba,stanovanjska,0.05
stena,plakat,0.05263157894736842
stena,barva,0.05263157894736842
stena,hiša,0.05263157894736842
stena,bela,0.2631578947368421
stena,plezanje,0.05263157894736842
stena,zid,0.42105263157894735
stena,plezalna stena,0.05263157894736842
stena,trdo,0.05263157894736842
šteti,številke,0.2222222222222222
šteti,prešteti,0.05555555555555555
šteti,številka,0.16666666666666666
šteti,ljudi,0.05555555555555555
šteti,prsti,0.05555555555555555
šteti,števila,0.05555555555555555
šteti,vedeti,0.05555555555555555
šteti,leta,0.05555555555555555
šteti,denar,0.1111111111111111
šteti,matematika,0.05555555555555555
šteti,na roke,0.05555555555555555
šteti,nešteto,0.05555555555555555
stik,fizično,0.05
stik,srečanje,0.05
stik,mobitel,0.05
stik,toplina,0.05
stik,prijeten,0.05
stik,stisk,0.05
stik,materialov,0.05
stik,kontakt,0.25
stik,telefon,0.1
stik,prvi,0.05
stik,dotik,0.15
stik,elektrika,0.05
stik,spolnost,0.05
stopiti,sladoled,0.15789473684210525
stopiti,na luno,0.05263157894736842
stopiti,čevlji,0.05263157894736842
stopiti,korak,0.15789473684210525
stopiti,led,0.05263157894736842
stopiti,v blato,0.05263157894736842
stopiti,avtobus,0.05263157894736842
stopiti,hoditi,0.10526315789473684
stopiti,skakati,0.05263157894736842
stopiti,ven,0.05263157894736842
stopiti,skupaj,0.05263157894736842
stopiti,stopinja,0.05263157894736842
stopiti,stopnice,0.05263157894736842
stopiti,skočiti,0.05263157894736842
stopnja,zadetosti,0.05263157894736842
stopnja,dosežek,0.05263157894736842
stopnja,napredovanje,0.05263157894736842
stopnja,nevarnost,0.05263157894736842
stopnja,študij,0.05263157894736842
stopnja,red,0.05263157894736842
stopnja,ogroženosti,0.05263157894736842
stopnja,izobrazbe,0.10526315789473684
stopnja,stopnja izobrazbe,0.05263157894736842
stopnja,stopinja,0.05263157894736842
stopnja,level,0.05263157894736842
stopnja,težavnost,0.05263157894736842
stopnja,raven,0.05263157894736842
stopnja,prva,0.05263157894736842
stopnja,potenca,0.05263157894736842
stopnja,nivo,0.15789473684210525
strah,strahec,0.05263157894736842
strah,oči,0.05263157894736842
strah,"je znotraj votel, okrog ga pa nič ni",0.05263157894736842
strah,bolečina,0.05263157894736842
strah,duh,0.10526315789473684
strah,blokada,0.05263157894736842
strah,čustva,0.05263157894736842
strah,posledice,0.05263157894736842
strah,kaca,0.05263157894736842
strah,grozljivke,0.05263157894736842
strah,tesnoba,0.05263157894736842
strah,negativno,0.05263157894736842
strah,kurja polt,0.05263157894736842
strah,in trepet sedmih morja,0.05263157894736842
strah,trebuh,0.05263157894736842
strah,smrt,0.05263157894736842
strah,krik,0.05263157894736842
strah,praznina,0.05263157894736842
strategija,načrt,0.05263157894736842
strategija,pot do nekega dejanja,0.05263157894736842
strategija,mečevanja,0.05263157894736842
strategija,dosežek,0.05263157894736842
strategija,napredek,0.05263157894736842
strategija,igra,0.05263157894736842
strategija,uspeha,0.05263157894736842
strategija,nogomet,0.05263157894736842
strategija,taktnost,0.05263157894736842
strategija,osvajanje,0.05263157894736842
strategija,družbe,0.05263157894736842
strategija,učenje,0.05263157894736842
strategija,vojna,0.05263157894736842
strategija,način,0.10526315789473684
strategija,razvoja,0.05263157894736842
strategija,načrtovanje,0.05263157894736842
strategija,plan,0.05263157894736842
strategija,zmaga,0.05263157894736842
streha,nad glavo,0.05263157894736842
streha,hisa,0.05263157894736842
streha,krov,0.05263157894736842
streha,hiša,0.3157894736842105
streha,varnost,0.10526315789473684
streha,svet(a),0.05263157894736842
streha,kapa,0.05263157894736842
streha,cegli,0.05263157894736842
streha,hiše,0.05263157894736842
streha,strop,0.05263157894736842
streha,zatočišče,0.05263157894736842
streha,"dom, zaščita",0.05263157894736842
streha,glava,0.05263157894736842
strel,strah,0.05263157894736842
strel,jek,0.05263157894736842
strel,zadetek,0.05263157894736842
strel,lov,0.05263157894736842
strel,martin,0.10526315789473684
strel,pištola,0.15789473684210525
strel,kri,0.05263157894736842
strel,pok,0.05263157894736842
strel,prazno,0.05263157894736842
strel,poskus,0.05263157894736842
strel,smrt,0.05263157894736842
strel,neurje,0.05263157894736842
strel,v tarčo,0.05263157894736842
strel,puška,0.15789473684210525
strelec,uporabnik strelnega orožja,0.05555555555555555
strelec,"lok, puščica, konj",0.05555555555555555
strelec,nevarnost,0.05555555555555555
strelec,ubijalec,0.05555555555555555
strelec,rajmond debevec,0.05555555555555555
strelec,horoskop,0.2777777777777778
strelec,rajmund,0.05555555555555555
strelec,olimpijske igre,0.05555555555555555
strelec,lok,0.1111111111111111
strelec,znamenje,0.05555555555555555
strelec,lovec,0.05555555555555555
strelec,natančnost,0.05555555555555555
strelec,puška,0.05555555555555555
strinjati,dogovor,0.05263157894736842
strinjati,se z večino,0.05263157894736842
strinjati,sporazum,0.05263157894736842
strinjati,kompromis,0.05263157894736842
strinjati,pritrditi,0.05263157894736842
strinjati,sodelavci,0.05263157894736842
strinjati,nestrinjati,0.05263157894736842
strinjati,enako misliti.,0.05263157894736842
strinjati,mož,0.05263157894736842
strinjati,pravilno,0.05263157894736842
strinjati,potrditi,0.05263157894736842
strinjati,mnenje,0.05263157894736842
strinjati,mirno,0.05263157894736842
strinjati,potrditev,0.05263157894736842
strinjati,trditi,0.05263157894736842
strinjati,kimati,0.05263157894736842
strinjati,soglašati,0.10526315789473684
strinjati,pogovor,0.05263157894736842
stroj,kovina,0.05263157894736842
stroj,mašina,0.15789473684210525
stroj,traktor,0.05263157894736842
stroj,pomivalni,0.10526315789473684
stroj,ukaz,0.05263157894736842
stroj,hrup,0.05263157894736842
stroj,mehanika,0.05263157894736842
stroj,naprava,0.10526315789473684
stroj,pralni,0.05263157894736842
stroj,tovarna,0.05263157894736842
stroj,delovni,0.05263157894736842
stroj,tehnika,0.05263157894736842
stroj,samodej,0.05263157894736842
stroj,pomoč,0.05263157894736842
stroj,mešalec,0.05263157894736842
strokovnjak,znanosti,0.05555555555555555
strokovnjak,specialist,0.1111111111111111
strokovnjak,plazilec,0.05555555555555555
strokovnjak,ja,0.05555555555555555
strokovnjak,izobraženec,0.05555555555555555
strokovnjak,pravni,0.05555555555555555
strokovnjak,stroka,0.1111111111111111
strokovnjak,veščak,0.05555555555555555
strokovnjak,znanost,0.1111111111111111
strokovnjak,ekspert,0.16666666666666666
strokovnjak,doktor,0.05555555555555555
strokovnjak,znalac,0.05555555555555555
strokovnjak,strokovna šola,0.05555555555555555
študent,"oseba, ki se uči na univerzi",0.05555555555555555
študent,učenec,0.1111111111111111
študent,učenec ki študira na fakulteti,0.05555555555555555
študent,študij,0.05555555555555555
študent,mlad človek,0.05555555555555555
študent,fakulteta,0.16666666666666666
študent,šola,0.05555555555555555
študent,naj bo,0.05555555555555555
študent,osamosvajanje,0.05555555555555555
študent,menza,0.05555555555555555
študent,revščina,0.05555555555555555
študent,mladost,0.05555555555555555
študent,najboljši,0.05555555555555555
študent,univerza,0.05555555555555555
študent,služba,0.05555555555555555
študij,veselje,0.05263157894736842
študij,fakulteta,0.05263157894736842
študij,doktorski,0.05263157894736842
študij,znanje,0.05263157894736842
študij,privilegij,0.05263157894736842
študij,pridobivanje znanja,0.05263157894736842
študij,energija,0.05263157894736842
študij,faks,0.3157894736842105
študij,učenje,0.05263157894736842
študij,univerza,0.15789473684210525
študij,dodiplomski,0.05263157894736842
študij,prava,0.05263157894736842
suh,tanek,0.034482758620689655
suh,postava,0.034482758620689655
suh,brumec,0.034482758620689655
suh,malo kg,0.034482758620689655
suh,suh človek,0.034482758620689655
suh,vitek,0.13793103448275862
suh,človek,0.034482758620689655
suh,izsušen,0.034482758620689655
suh,škafec,0.034482758620689655
suh,visok,0.034482758620689655
suh,pa ne bi reko no,0.034482758620689655
suh,grozd,0.034482758620689655
suh,debel,0.1724137931034483
suh,majhen,0.034482758620689655
suh,naspr mokrr,0.034482758620689655
suh,lasje,0.034482758620689655
suh,usta,0.034482758620689655
suh,žirafa,0.034482758620689655
suh,kruh,0.034482758620689655
suh,moker,0.10344827586206896
svet,neskončnost,0.05263157894736842
svet,globalizacija,0.05263157894736842
svet,zemlja,0.3157894736842105
svet,obla,0.05263157894736842
svet,nori,0.05263157894736842
svet,vesolje,0.05263157894736842
svet,krogla,0.05263157894736842
svet,okolje,0.05263157894736842
svet,planet,0.05263157894736842
svet,okrogel,0.05263157894736842
svet,lep,0.05263157894736842
svet,globalno,0.05263157894736842
svet,globus,0.10526315789473684
svetnik,religija,0.05555555555555555
svetnik,z nasveti,0.05555555555555555
svetnik,občina,0.05555555555555555
svetnik,svetovalec,0.05555555555555555
svetnik,mestni svet,0.05555555555555555
svetnik,nadzornik,0.05555555555555555
svetnik,sodišče,0.05555555555555555
svetnik,"katolik, ki je preskočil vice",0.05555555555555555
svetnik,svet,0.05555555555555555
svetnik,krščanstvo,0.05555555555555555
svetnik,sij,0.05555555555555555
svetnik,cerkev,0.3333333333333333
svetnik,škof,0.05555555555555555
svetovati,neznano,0.05
svetovati,svetovalna delavka,0.1
svetovati,izbira,0.05
svetovati,nakup,0.05
svetovati,mentalist,0.05
svetovati,nasvet,0.2
svetovati,dajati nasvet,0.05
svetovati,odvetnik,0.05
svetovati,psihoterapija,0.05
svetovati,osebi,0.05
svetovati,pomagati,0.1
svetovati,gaber,0.05
svetovati,pogovor,0.05
svetovati,predlagati,0.05
svetovati,ni pametno,0.05
svež,sadež,0.09523809523809523
svež,čist,0.047619047619047616
svež,vonj,0.047619047619047616
svež,zdrav,0.047619047619047616
svež,nov,0.047619047619047616
svež,dah,0.047619047619047616
svež,veter,0.19047619047619047
svež,tuš,0.047619047619047616
svež,zrak,0.23809523809523808
svež,morje,0.047619047619047616
svež,kruh,0.047619047619047616
svež,sadje,0.09523809523809523
svoboda,sonce,0.047619047619047616
svoboda,prostost,0.047619047619047616
svoboda,letenje,0.047619047619047616
svoboda,leteti,0.047619047619047616
svoboda,svoboda,0.047619047619047616
svoboda,zapor,0.047619047619047616
svoboda,kip,0.09523809523809523
svoboda,politika,0.047619047619047616
svoboda,stranka,0.047619047619047616
svoboda,petek,0.047619047619047616
svoboda,narava,0.047619047619047616
svoboda,mir,0.14285714285714285
svoboda,zame,0.047619047619047616
svoboda,ptič,0.047619047619047616
svoboda,prosto,0.047619047619047616
svoboda,demokracija,0.047619047619047616
svoboda,gibanja,0.047619047619047616
svoboda,gibanje,0.047619047619047616
tamkajšnji,tukajšnji,0.14285714285714285
tamkajšnji,tam,0.09523809523809523
tamkajšnji,tisti,0.09523809523809523
tamkajšnji,oddaljenost,0.047619047619047616
tamkajšnji,prisotni nekje,0.047619047619047616
tamkajšnji,ljudje,0.09523809523809523
tamkajšnji,most,0.047619047619047616
tamkajšnji,lokal,0.047619047619047616
tamkajšnji,njihov,0.09523809523809523
tamkajšnji,meščani,0.047619047619047616
tamkajšnji,lokalni,0.047619047619047616
tamkajšnji,bližnji,0.047619047619047616
tamkajšnji,lokalen,0.047619047619047616
tamkajšnji,daleč,0.047619047619047616
tamkajšnji,prostor,0.047619047619047616
tečaj,vrata,0.1111111111111111
tečaj,jezikovni,0.05555555555555555
tečaj,čaj,0.05555555555555555
tečaj,tuji jezik,0.05555555555555555
tečaj,tujega jezika,0.05555555555555555
tečaj,tujega jexika,0.05555555555555555
tečaj,znak,0.05555555555555555
tečaj,znanje,0.05555555555555555
tečaj,os,0.05555555555555555
tečaj,trening,0.05555555555555555
tečaj,učenje,0.05555555555555555
tečaj,severni,0.05555555555555555
tečaj,prva pomoč,0.05555555555555555
tečaj,angleščina,0.05555555555555555
tečaj,borza,0.05555555555555555
tečaj,jezika,0.1111111111111111
teči,med,0.05
teči,noge,0.05
teči,šport,0.05
teči,"hitra hoja , reakreacija, nuja",0.05
teči,bežati,0.05
teči,tek,0.15
teči,hoditi,0.05
teči,trim,0.05
teči,premikati,0.05
teči,rekreacija,0.05
teči,5,0.05
teči,ura,0.05
teči,maraton,0.15
teči,blisk,0.05
teči,zamuda,0.05
teči,na smučeh,0.05
tedaj,ajda,0.05555555555555555
tedaj,zdaj,0.16666666666666666
tedaj,kdaj,0.05555555555555555
tedaj,nekoč,0.2222222222222222
tedaj,in nikoli več,0.05555555555555555
tedaj,včasih,0.05555555555555555
tedaj,sedaj,0.16666666666666666
tedaj,takrat,0.2222222222222222
tehničen,težak,0.05
tehničen,popravljanje,0.05
tehničen,stroj,0.05
tehničen,natančen,0.05
tehničen,spreten,0.05
tehničen,pouk,0.05
tehničen,šola,0.05
tehničen,računalnik,0.05
tehničen,izziv,0.05
tehničen,poklic,0.05
tehničen,projekt,0.05
tehničen,strokoven,0.1
tehničen,izpit,0.05
tehničen,pregled,0.05
tehničen,stvaren,0.05
tehničen,tip (človek),0.05
tehničen,jaz,0.05
tehničen,avto,0.05
tehničen,naravoslovje,0.05
tehnika,predmet v oš,0.05555555555555555
tehnika,ogrevanja,0.05555555555555555
tehnika,šolski predmet,0.1111111111111111
tehnika,življenje,0.05555555555555555
tehnika,narodu,0.05555555555555555
tehnika,dela,0.05555555555555555
tehnika,strojna oprema,0.05555555555555555
tehnika,elektro,0.05555555555555555
tehnika,kuhanja,0.05555555555555555
tehnika,pomagalo,0.05555555555555555
tehnika,tehnologija,0.1111111111111111
tehnika,elektrika,0.05555555555555555
tehnika,služba,0.05555555555555555
tehnika,predmet,0.05555555555555555
tehnika,brla,0.05555555555555555
tehnika,mercator,0.05555555555555555
tehnologija,napredna,0.1
tehnologija,stroji,0.05
tehnologija,stroj,0.05
tehnologija,nova,0.05
tehnologija,računalniška,0.05
tehnologija,novo,0.05
tehnologija,znanost,0.05
tehnologija,tehnika,0.05
tehnologija,računalnik,0.35
tehnologija,izziv,0.05
tehnologija,telefon,0.1
tehnologija,mašine,0.05
tek,potek,0.05263157894736842
tek,po gozdu,0.05263157894736842
tek,hoja,0.05263157894736842
tek,maratonci,0.05263157894736842
tek,šprint,0.10526315789473684
tek,šport,0.05263157894736842
tek,lakota,0.05263157894736842
tek,strava,0.05263157894736842
tek,sport,0.05263157894736842
tek,kondicija,0.05263157894736842
tek,kros,0.05263157894736842
tek,"ne, hvala.",0.05263157894736842
tek,hitri,0.10526315789473684
tek,tek na smučeh,0.05263157894736842
tek,apetit,0.05263157894736842
tek,dober,0.05263157894736842
tek,na smučeh,0.05263157894736842
tekmec,rival,0.1
tekmec,tekmovalnost,0.05
tekmec,šport,0.1
tekmec,8,0.05
tekmec,nasprotnik,0.15
tekmec,tekma,0.05
tekmec,tekmovanje,0.1
tekmec,prenagati,0.05
tekmec,lojalnost,0.05
tekmec,olimpijske igre,0.05
tekmec,vojni,0.05
tekmec,ki te ogroža,0.05
tekmec,luka dončič,0.05
tekmec,igre,0.05
tekmec,nogomet,0.05
tekmovalec,tekač,0.05555555555555555
tekmovalec,športnik,0.05555555555555555
tekmovalec,hiter,0.05555555555555555
tekmovalec,šport,0.16666666666666666
tekmovalec,tek,0.05555555555555555
tekmovalec,zmagovalec,0.1111111111111111
tekmovalec,tekma,0.2222222222222222
tekmovalec,tekmovanje,0.05555555555555555
tekmovalec,olimpijada,0.05555555555555555
tekmovalec,vodilni,0.05555555555555555
tekmovalec,kandidat,0.05555555555555555
tekmovalec,zmaga,0.05555555555555555
telefon,mobilna naprava,0.05
telefon,tipkanje,0.05
telefon,mobitel,0.1
telefon,komunikacija,0.05
telefon,aparat,0.05
telefon,klic,0.3
telefon,gadget,0.05
telefon,vsakdan,0.05
telefon,dosegljivost,0.05
telefon,mobilni,0.05
telefon,beyonce in lady gaga,0.05
telefon,pogovor,0.15
telesen,plesalec,0.05555555555555555
telesen,poželenje,0.05555555555555555
telesen,značilnost,0.05555555555555555
telesen,čuten,0.05555555555555555
telesen,odziv,0.05555555555555555
telesen,mesen,0.05555555555555555
telesen,dotik,0.1111111111111111
telesen,naporen,0.05555555555555555
telesen,stik,0.2777777777777778
telesen,aktivnost,0.05555555555555555
telesen,fizičen,0.16666666666666666
televizija,elektronika,0.05
televizija,ekran,0.05
televizija,medij,0.05
televizija,kavč,0.05
televizija,barvna,0.05
televizija,program,0.1
televizija,"12,75 €",0.05
televizija,oddaja,0.1
televizija,film,0.1
televizija,zapravljanje časa,0.05
televizija,batman,0.05
televizija,tv,0.15
televizija,novice,0.05
televizija,gledanje,0.05
televizija,poročila,0.05
televizijski,daljinec,0.045454545454545456
televizijski,programski,0.045454545454545456
televizijski,se predvaja na televiziji,0.045454545454545456
televizijski,ekran,0.09090909090909091
televizijski,prenos,0.045454545454545456
televizijski,oglas,0.045454545454545456
televizijski,program,0.3181818181818182
televizijski,nerealen,0.045454545454545456
televizijski,spored,0.045454545454545456
televizijski,gledljiv,0.045454545454545456
televizijski,napovedovalec,0.045454545454545456
televizijski,voditelj,0.045454545454545456
televizijski,tv,0.09090909090909091
televizijski,kanal,0.045454545454545456
tema,dejavnost,0.05263157894736842
tema,strah,0.10526315789473684
tema,doktorat,0.05263157894736842
tema,svetloba,0.10526315789473684
tema,črno,0.05263157894736842
tema,raziskovalna naloga,0.05263157894736842
tema,noč,0.42105263157894735
tema,privid,0.05263157894736842
tema,kmica (prekmursko),0.05263157894736842
tema,vsebina,0.05263157894736842
temeljiti,temelj,0.10526315789473684
temeljiti,natančen,0.05263157894736842
temeljiti,skala,0.05263157894736842
temeljiti,dejstva,0.05263157894736842
temeljiti,osnova,0.15789473684210525
temeljiti,temelji,0.05263157894736842
temeljiti,osnovati,0.10526315789473684
temeljiti,na nečem,0.05263157894736842
temeljiti,stališča,0.05263157894736842
temeljiti,stati na,0.05263157894736842
temeljiti,na osnovi,0.05263157894736842
temeljiti,izhajati iz,0.05263157894736842
temeljiti,natančnost,0.10526315789473684
temeljiti,natančni,0.05263157894736842
temeljni,bazični,0.058823529411764705
temeljni,osnoven,0.058823529411764705
temeljni,temelj,0.058823529411764705
temeljni,glavni,0.058823529411764705
temeljni,standardi,0.058823529411764705
temeljni,osnova,0.11764705882352941
temeljni,prizemljenost,0.058823529411764705
temeljni,kamen,0.11764705882352941
temeljni,dohodek,0.058823529411764705
temeljni,pravice,0.058823529411764705
temeljni,trden,0.058823529411764705
temeljni,osnovni,0.23529411764705882
temperatura,zebe me,0.05263157894736842
temperatura,mraz,0.05263157894736842
temperatura,kelvin,0.05263157894736842
temperatura,povišana,0.05263157894736842
temperatura,celzij,0.05263157894736842
temperatura,stopinj celzija,0.05263157894736842
temperatura,vroče,0.15789473684210525
temperatura,stanje,0.05263157894736842
temperatura,poletje,0.05263157894736842
temperatura,vročina,0.15789473684210525
temperatura,termometer,0.21052631578947367
temperatura,toplota,0.05263157894736842
teža,kilogrami,0.10526315789473684
teža,telesa,0.05263157894736842
teža,kg,0.05263157894736842
teža,velika,0.05263157894736842
teža,masa,0.10526315789473684
teža,pomanjkanje samozavesti,0.05263157894736842
teža,krhkost,0.05263157894736842
teža,kila,0.05263157894736842
teža,vrednost,0.05263157894736842
teža,velikost,0.05263157894736842
teža,debelost,0.05263157894736842
teža,odgovornost (vsa teža je na njem),0.05263157894736842
teža,človeka,0.05263157894736842
teža,kilogram,0.15789473684210525
teža,telo,0.05263157894736842
tik,hiba,0.058823529411764705
tik,poleg,0.11764705882352941
tik,tok,0.11764705882352941
tik,pred,0.058823529411764705
tik,ob,0.058823529411764705
tik,čudna kretnja,0.058823529411764705
tik,žmiganje,0.058823529411764705
tik,preklinjanje,0.058823529411764705
tik,motnja,0.058823529411764705
tik,trik,0.058823529411764705
tik,tak,0.17647058823529413
tik,dotik,0.058823529411764705
tik,tisti moment,0.058823529411764705
tip,genotip,0.058823529411764705
tip,senzorik,0.058823529411764705
tip,avtomobila,0.058823529411764705
tip,avta,0.058823529411764705
tip,tip avta,0.058823529411764705
tip,vrsta,0.17647058823529413
tip,moški,0.058823529411764705
tip,kuhanje,0.058823529411764705
tip,človeka,0.17647058823529413
tip,občutek,0.058823529411764705
tip,model,0.11764705882352941
tip,fant,0.058823529411764705
tiskoven,printer,0.0625
tiskoven,razgovor,0.0625
tiskoven,tipkajoč,0.0625
tiskoven,papir,0.0625
tiskoven,papirnat,0.125
tiskoven,konferenca,0.25
tiskoven,tisk,0.0625
tiskoven,zapis,0.0625
tiskoven,tiskan,0.0625
tiskoven,natisnjen,0.125
tiskoven,delo,0.0625
tla,rodovitna,0.05263157894736842
tla,stabilnost,0.05263157894736842
tla,les,0.05263157894736842
tla,ilovnata,0.05263157894736842
tla,parket,0.15789473684210525
tla,dno,0.05263157894736842
tla,vržem,0.05263157894736842
tla,trda,0.05263157894736842
tla,trdnost,0.05263157894736842
tla,pomivanje,0.05263157894736842
tla,pod,0.21052631578947367
tla,trdna,0.05263157894736842
tla,spolzka,0.10526315789473684
topel,pulover,0.10526315789473684
topel,čaj,0.15789473684210525
topel,vreme,0.05263157894736842
topel,lepo,0.05263157894736842
topel,hladen,0.10526315789473684
topel,prijeten,0.05263157894736842
topel,veter,0.05263157894736842
topel,vroč,0.10526315789473684
topel,šal,0.05263157894736842
topel,gorak,0.05263157894736842
topel,dom,0.05263157894736842
topel,objem,0.05263157894736842
topel,sprejem,0.05263157894736842
topel,mrzel,0.05263157894736842
tovarna,stroj,0.05
tovarna,tam,0.05
tovarna,paloma,0.05
tovarna,dimnik,0.05
tovarna,idej,0.05
tovarna,čokolade,0.1
tovarna,rog,0.05
tovarna,industrija,0.15
tovarna,jeklo,0.05
tovarna,dusika,0.05
tovarna,delavci,0.1
tovarna,delo,0.15
tovarna,proizvodnja,0.1
tovrsten,poseben,0.047619047619047616
tovrsten,okus,0.047619047619047616
tovrsten,šport,0.047619047619047616
tovrsten,naul,0.047619047619047616
tovrsten,nekaj podobnega,0.047619047619047616
tovrsten,toaster,0.047619047619047616
tovrsten,takšen,0.23809523809523808
tovrsten,naš,0.047619047619047616
tovrsten,veriga,0.047619047619047616
tovrsten,ta,0.047619047619047616
tovrsten,šola,0.047619047619047616
tovrsten,odgovor,0.047619047619047616
tovrsten,enak,0.047619047619047616
tovrsten,tak,0.047619047619047616
tovrsten,nevem,0.047619047619047616
tovrsten,izbor,0.047619047619047616
tovrsten,drugovrsten,0.047619047619047616
tožba,tožilec,0.05
tožba,sodnik,0.1
tožba,proti,0.05
tožba,kladivo,0.05
tožba,sodišče,0.25
tožba,tožnik,0.05
tožba,slabo,0.05
tožba,sodna obravnava,0.05
tožba,kazen,0.1
tožba,fak,0.05
tožba,na sodišču,0.05
tožba,spor,0.05
tožba,pravo,0.1
tožilstvo,vrhovno,0.05555555555555555
tožilstvo,priča,0.05555555555555555
tožilstvo,sodstvo,0.1111111111111111
tožilstvo,tožilka,0.05555555555555555
tožilstvo,sodnik,0.05555555555555555
tožilstvo,tožba,0.05555555555555555
tožilstvo,sodišče,0.4444444444444444
tožilstvo,preverjanje,0.05555555555555555
tožilstvo,zločin,0.05555555555555555
tožilstvo,pravo,0.05555555555555555
tradicija,družina,0.05263157894736842
tradicija,predniki,0.05263157894736842
tradicija,obleka,0.05263157894736842
tradicija,preteklost,0.05263157894736842
tradicija,folklora,0.05263157894736842
tradicija,navada,0.05263157894736842
tradicija,zgodovina,0.10526315789473684
tradicija,običaj,0.10526315789473684
tradicija,ohranjanje,0.05263157894736842
tradicija,običaji,0.05263157894736842
tradicija,staro,0.05263157894736842
tradicija,stara,0.05263157894736842
tradicija,kultura,0.10526315789473684
tradicija,slaba,0.05263157894736842
tradicija,mama,0.05263157894736842
tradicija,pust,0.05263157894736842
tradicionalen,kransk klobasa,0.034482758620689655
tradicionalen,cerkveni,0.034482758620689655
tradicionalen,domač,0.06896551724137931
tradicionalen,dober,0.034482758620689655
tradicionalen,plesi,0.034482758620689655
tradicionalen,konservativen,0.034482758620689655
tradicionalen,potica,0.034482758620689655
tradicionalen,nenapreden,0.034482758620689655
tradicionalen,vera,0.034482758620689655
tradicionalen,zajtrk,0.13793103448275862
tradicionalen,zgodovinski,0.034482758620689655
tradicionalen,dolgotrajen,0.034482758620689655
tradicionalen,zaprt za nove ideje,0.034482758620689655
tradicionalen,zastarel,0.034482758620689655
tradicionalen,kurent,0.034482758620689655
tradicionalen,hrana,0.034482758620689655
tradicionalen,blejska kremšnita,0.034482758620689655
tradicionalen,spoštljiv,0.034482758620689655
tradicionalen,zakon,0.034482758620689655
tradicionalen,ples,0.06896551724137931
tradicionalen,star,0.06896551724137931
tradicionalen,starokopiten,0.06896551724137931
trajati,čas,0.21052631578947367
trajati,dolgo,0.15789473684210525
trajati,življenje,0.05263157894736842
trajati,študij,0.05263157894736842
trajati,koliko bo še trajalo,0.05263157894736842
trajati,počitek,0.05263157894736842
trajati,živilo,0.05263157894736842
trajati,dolgotrajnost,0.05263157894736842
trajati,biti dejaven,0.05263157894736842
trajati,proces,0.05263157894736842
trajati,dugo,0.05263157894736842
trajati,vleči se,0.05263157894736842
trajati,lepe sanje trajajo,0.05263157894736842
trajati,bolezen,0.05263157894736842
trditi,dejstvo,0.05555555555555555
trditi,biti siguren,0.05555555555555555
trditi,imeti prav,0.05555555555555555
trditi,znati,0.05555555555555555
trditi,prepričevati,0.05555555555555555
trditi,govoriti,0.05555555555555555
trditi,prepričanje,0.1111111111111111
trditi,vedeti,0.05555555555555555
trditi,da imaš prav,0.05555555555555555
trditi,zagotoviti,0.05555555555555555
trditi,odgovor,0.05555555555555555
trditi,verjeti,0.05555555555555555
trditi,prepričanost,0.05555555555555555
trditi,kimati,0.05555555555555555
trditi,odločno govoriti,0.05555555555555555
trditi,trditev,0.05555555555555555
trditi,zagovarjati,0.05555555555555555
trdo,boleče,0.047619047619047616
trdo,zemlja,0.047619047619047616
trdo,miza,0.047619047619047616
trdo,ni mehko,0.047619047619047616
trdo,skala,0.047619047619047616
trdo,jajce,0.047619047619047616
trdo,material,0.047619047619047616
trdo,koža,0.047619047619047616
trdo,tla,0.047619047619047616
trdo,kamen,0.047619047619047616
trdo,mehko,0.14285714285714285
trdo,koza,0.047619047619047616
trdo,nezlomljivo,0.047619047619047616
trdo,delo,0.19047619047619047
trdo,breme,0.047619047619047616
trdo,drevo,0.047619047619047616
trening,dobro zate,0.05263157894736842
trening,trenirati,0.05263157894736842
trening,šport,0.10526315789473684
trening,disciplina,0.05263157894736842
trening,stres,0.05263157894736842
trening,vadba,0.05263157894736842
trening,tek,0.05263157894736842
trening,tekma,0.05263157894736842
trening,plavanje,0.05263157894736842
trening,košarke,0.05263157894736842
trening,odbojka,0.05263157894736842
trening,možgani,0.05263157894736842
trening,vodni,0.05263157894736842
trening,telesna dejavnost,0.05263157894736842
trening,vaja,0.05263157894736842
trening,telovadba,0.05263157894736842
trening,moč,0.05263157894736842
trening,znoj,0.05263157894736842
trenutno,kar je sedaj,0.05
trenutno,doma,0.05
trenutno,v tem trenutku,0.05
trenutno,za zdaj,0.05
trenutno,sedaj,0.05
trenutno,relevantno,0.05
trenutno,ta hip,0.05
trenutno,zdaj,0.4
trenutno,uživanje,0.05
trenutno,daj,0.05
trenutno,dobro stanje,0.05
trenutno,dogajanje,0.05
trenutno,stanje,0.05
tretjina,povezanost,0.05
tretjina,ena,0.05
tretjina,delež,0.05
tretjina,del,0.1
tretjina,dobička,0.05
tretjina,hokej,0.05
tretjina,dve tretjini,0.05
tretjina,obroka,0.05
tretjina,četrtina,0.05
tretjina,torta,0.05
tretjina,tekme,0.05
tretjina,ulomek,0.15
tretjina,matematika,0.1
tretjina,dvojina,0.1
tretjina,mercedes,0.05
truditi,prizadevanje,0.05555555555555555
truditi,risanje,0.05555555555555555
truditi,v službi,0.05555555555555555
truditi,piti,0.05555555555555555
truditi,vztrajnost,0.05555555555555555
truditi,prizadevati,0.05555555555555555
truditi,kamen,0.05555555555555555
truditi,medosebni odnoi,0.05555555555555555
truditi,energija,0.1111111111111111
truditi,prizadevati si,0.1111111111111111
truditi,vztrajati,0.1111111111111111
truditi,poskušati,0.05555555555555555
truditi,trud,0.05555555555555555
truditi,delo,0.1111111111111111
tržno,raziskovanje,0.058823529411764705
tržno,zoprno,0.058823529411764705
tržno,zavajajoče,0.058823529411764705
tržno,tržnica,0.058823529411764705
tržno,oglaševanje,0.058823529411764705
tržno,finance,0.058823529411764705
tržno,trgovanje,0.058823529411764705
tržno,blago,0.17647058823529413
tržno,gospodarstvo,0.17647058823529413
tržno,sporočilo,0.058823529411764705
tržno,neumnost,0.058823529411764705
tržno,delo,0.058823529411764705
tržno,obnašanje,0.058823529411764705
tujec,arabec,0.05263157894736842
tujec,neznano,0.05263157894736842
tujec,drugačnost,0.05263157894736842
tujec,v domovini,0.05263157894736842
tujec,temnejsa polt,0.05263157894736842
tujec,priseljenec,0.05263157894736842
tujec,neznanec,0.15789473684210525
tujec,ne slovenec,0.05263157894736842
tujec,camus,0.05263157894736842
tujec,zgodba,0.05263157894736842
tujec,jezik,0.10526315789473684
tujec,domačin,0.05263157894736842
tujec,državljan druge države,0.05263157894736842
tujec,vesoljec,0.05263157894736842
tujec,potni list,0.05263157894736842
tujec,sumljiv,0.05263157894736842
tujina,tuji jezik,0.05555555555555555
tujina,počitnice,0.05555555555555555
tujina,država,0.1111111111111111
tujina,izobrazba,0.05555555555555555
tujina,druga država,0.05555555555555555
tujina,"druge države, tuji jeziki, potovanje",0.05555555555555555
tujina,hrvaška,0.05555555555555555
tujina,nedomačnost,0.05555555555555555
tujina,inozemstvo,0.2222222222222222
tujina,svet,0.05555555555555555
tujina,angleščina,0.05555555555555555
tujina,izkušnje,0.05555555555555555
tujina,dopust,0.05555555555555555
tujina,porto,0.05555555555555555
tukaj,težko mi je,0.047619047619047616
tukaj,zraven,0.047619047619047616
tukaj,tam,0.19047619047619047
tukaj,zemlja,0.047619047619047616
tukaj,geografija,0.047619047619047616
tukaj,lokacija,0.047619047619047616
tukaj,dom,0.047619047619047616
tukaj,in zdaj,0.047619047619047616
tukaj,zdaj,0.38095238095238093
tukaj,tule,0.047619047619047616
tukaj,tu,0.047619047619047616
turist,američan,0.1111111111111111
turist,turizem,0.1111111111111111
turist,obiskovalec,0.05555555555555555
turist,ameriški,0.05555555555555555
turist,pisanje,0.05555555555555555
turist,popotovanje,0.05555555555555555
turist,počitnice,0.05555555555555555
turist,azija,0.05555555555555555
turist,ljubljana,0.05555555555555555
turist,klobuk,0.05555555555555555
turist,bled,0.05555555555555555
turist,obisk,0.05555555555555555
turist,italija,0.05555555555555555
turist,gneča,0.05555555555555555
turist,popotnik,0.05555555555555555
turist,nahrbtnik,0.05555555555555555
turistični,turizem,0.1111111111111111
turistični,agencija,0.05555555555555555
turistični,obglegan,0.05555555555555555
turistični,vodnik,0.05555555555555555
turistični,počitnice,0.05555555555555555
turistični,bon,0.05555555555555555
turistični,delavec,0.05555555555555555
turistični,tehnik,0.05555555555555555
turistični,center,0.05555555555555555
turistični,pohodnik,0.05555555555555555
turistični,aranžma,0.1111111111111111
turistični,vodič,0.1111111111111111
turistični,kraj,0.05555555555555555
turistični,jaz,0.05555555555555555
turistični,ogled,0.05555555555555555
turizem,letalo,0.05555555555555555
turizem,doma,0.05555555555555555
turizem,promet,0.05555555555555555
turizem,ljudje,0.1111111111111111
turizem,sprostitev,0.05555555555555555
turizem,goriška brda,0.05555555555555555
turizem,počitnice,0.05555555555555555
turizem,turisti,0.05555555555555555
turizem,šola,0.05555555555555555
turizem,rečni,0.05555555555555555
turizem,gneča,0.05555555555555555
turizem,gost,0.05555555555555555
turizem,danes,0.05555555555555555
turizem,potovanje,0.1111111111111111
turizem,svet,0.05555555555555555
turizem,plaža,0.05555555555555555
turnir,pokal,0.05263157894736842
turnir,tenis,0.3157894736842105
turnir,športni,0.05263157894736842
turnir,konjeniški turnir,0.05263157894736842
turnir,šport,0.05263157894736842
turnir,odbojka,0.05263157894736842
turnir,lige orvakov,0.05263157894736842
turnir,šah,0.05263157894736842
turnir,tekma,0.05263157894736842
turnir,tekmovanje,0.05263157894736842
turnir,nogomet,0.10526315789473684
turnir,teniški,0.10526315789473684
tveganje,stalno,0.05
tveganje,prepad,0.05
tveganje,hazard,0.05
tveganje,nevarnost,0.1
tveganje,riziko,0.05
tveganje,finance,0.05
tveganje,adrenalin,0.05
tveganje,kazino,0.05
tveganje,finančno,0.1
tveganje,rizik,0.05
tveganje,bitcoin,0.05
tveganje,ljubezen,0.05
tveganje,žrtvovanje,0.05
tveganje,vlagati denar,0.05
tveganje,poškodba,0.05
tveganje,živčnost,0.05
tveganje,povečati,0.05
tveganje,bolezen,0.05
učenec,učitelj,0.16666666666666666
učenec,dijak,0.1111111111111111
učenec,v soli,0.05555555555555555
učenec,otrok,0.05555555555555555
učenec,šolar,0.05555555555555555
učenec,majhen,0.05555555555555555
učenec,sola,0.1111111111111111
učenec,šola,0.3333333333333333
učenec,osnovna sola,0.05555555555555555
učinek,posledica,0.1111111111111111
učinek,odziv,0.05555555555555555
učinek,efekt,0.05555555555555555
učinek,vpliv,0.2222222222222222
učinek,zdravljenja,0.05555555555555555
učinek,sinergija,0.05555555555555555
učinek,da je dober,0.05555555555555555
učinek,uspeh,0.05555555555555555
učinek,učinkovit,0.05555555555555555
učinek,delovanje,0.05555555555555555
učinek,zdravilo,0.05555555555555555
učinek,rezultat,0.16666666666666666
učinkovit,efektiven,0.05
učinkovit,načrt,0.05
učinkovit,efikasen,0.05
učinkovit,hiter,0.05
učinkovit,produktiven,0.05
učinkovit,učinek,0.05
učinkovit,primeren,0.05
učinkovit,izboljšanje,0.05
učinkovit,hitro,0.05
učinkovit,uspešen,0.05
učinkovit,v poklicu,0.05
učinkovit,sistem,0.05
učinkovit,jaz,0.05
učinkovit,deloven,0.1
učinkovit,pristop,0.05
učinkovit,da nekaj deluje,0.05
učinkovit,temeljit,0.05
učinkovit,dober,0.1
učitelj,profesor,0.10526315789473684
učitelj,zoprno,0.05263157894736842
učitelj,učenec,0.05263157894736842
učitelj,javni uslužbenec,0.05263157894736842
učitelj,matematike,0.05263157894736842
učitelj,učenik,0.05263157894736842
učitelj,šola,0.21052631578947367
učitelj,delovno mesto,0.05263157894736842
učitelj,poučevalec,0.05263157894736842
učitelj,najboljši,0.05263157894736842
učitelj,mati,0.05263157894736842
učitelj,služba,0.05263157894736842
učitelj,učiteljica,0.10526315789473684
učitelj,nespoštovan,0.05263157894736842
učiti,znati,0.05
učiti,poučevati,0.05
učiti,šola,0.15
učiti,learn,0.05
učiti,učitelj,0.2
učiti,jezik,0.05
učiti,mladino,0.05
učiti,veščine,0.05
učiti,knjiga,0.15
učiti,matematika,0.05
učiti,moč,0.05
učiti,zvezki,0.05
učiti,podajati znanje,0.05
udeleženec,predavanje,0.05555555555555555
udeleženec,sodelujoči,0.05555555555555555
udeleženec,promet,0.05555555555555555
udeleženec,človek,0.05555555555555555
udeleženec,3gjm,0.05555555555555555
udeleženec,sodelovanje,0.05555555555555555
udeleženec,prometna nesreča,0.05555555555555555
udeleženec,tekmovanje,0.05555555555555555
udeleženec,tekmovalec,0.05555555555555555
udeleženec,raziskava,0.05555555555555555
udeleženec,sopotnik,0.05555555555555555
udeleženec,gost,0.05555555555555555
udeleženec,sodelujoč,0.05555555555555555
udeleženec,oseba,0.1111111111111111
udeleženec,zbora,0.05555555555555555
udeleženec,prvenstva,0.05555555555555555
udeleženec,član,0.05555555555555555
udeležiti,srečanje,0.05555555555555555
udeležiti,iti,0.05555555555555555
udeležiti,sodelovati,0.1111111111111111
udeležiti,dogodek,0.05555555555555555
udeležiti,hoditi,0.05555555555555555
udeležiti,proslava,0.05555555555555555
udeležiti,tekmovanje,0.1111111111111111
udeležiti,participirati,0.05555555555555555
udeležiti,prireditev,0.05555555555555555
udeležiti,se,0.16666666666666666
udeležiti,priti,0.05555555555555555
udeležiti,se pridružiti nečemu,0.05555555555555555
udeležiti,koncerta,0.05555555555555555
udeležiti,biti del nečesa,0.05555555555555555
ugoden,cena,0.1
ugoden,nakup,0.05
ugoden,varčen,0.05
ugoden,komot,0.05
ugoden,prijeten,0.15
ugoden,ležeren,0.05
ugoden,popust,0.1
ugoden,izdelek,0.05
ugoden,hofer,0.05
ugoden,lidl,0.05
ugoden,poceni,0.25
ugoden,dober,0.05
ugotavljati,neznano,0.05263157894736842
ugotavljati,raziskovanje,0.10526315789473684
ugotavljati,analiza,0.05263157894736842
ugotavljati,iskati,0.05263157894736842
ugotavljati,očala,0.05263157894736842
ugotavljati,dejstva,0.10526315789473684
ugotavljati,znanost,0.05263157894736842
ugotavljati,spoznati,0.05263157894736842
ugotavljati,brainstorming,0.05263157894736842
ugotavljati,spraševati,0.05263157894736842
ugotavljati,najti resitev,0.05263157894736842
ugotavljati,razmislek,0.05263157894736842
ugotavljati,nesigurnost,0.05263157894736842
ugotavljati,matematika,0.05263157894736842
ugotavljati,razmišljati,0.10526315789473684
ugotavljati,ugotovitev,0.05263157894736842
ugotovitev,misli,0.058823529411764705
ugotovitev,uganka,0.058823529411764705
ugotovitev,dejstvo,0.11764705882352941
ugotovitev,sklep,0.058823529411764705
ugotovitev,misel,0.058823529411764705
ugotovitev,spoznanje,0.17647058823529413
ugotovitev,ideja,0.17647058823529413
ugotovitev,splošna,0.058823529411764705
ugotovitev,znanost,0.058823529411764705
ugotovitev,zaključek,0.17647058823529413
ujeti,ribo,0.05263157894736842
ujeti,catch,0.05263157894736842
ujeti,trenutek,0.05263157894736842
ujeti,žival,0.05263157894736842
ujeti,zgrabiti,0.05263157894736842
ujeti,mimogrede,0.05263157894736842
ujeti,zajeti,0.05263157894736842
ujeti,luknja,0.05263157894736842
ujeti,ptico,0.05263157894736842
ujeti,zapor,0.05263157894736842
ujeti,srečo,0.05263157894736842
ujeti,past,0.05263157894736842
ujeti,ptica,0.05263157894736842
ujeti,riba,0.10526315789473684
ujeti,nesvoboda,0.05263157894736842
ujeti,prijeti,0.05263157894736842
ujeti,žoga,0.05263157894736842
ujeti,moč,0.05263157894736842
ukvarjati,gora,0.05
ukvarjati,šport,0.05
ukvarjati,se s čim,0.05
ukvarjati,hobi,0.1
ukvarjati,se z nečim,0.05
ukvarjati,delati na čem,0.05
ukvarjati,zaposlitev,0.05
ukvarjati,strast,0.05
ukvarjati,poklic,0.05
ukvarjati,s slikanjem,0.05
ukvarjati,delati,0.25
ukvarjati,nekaj počeri,0.05
ukvarjati,nekaj početi,0.05
ukvarjati,delo,0.1
ulica,drevored,0.05263157894736842
ulica,otroci,0.05263157894736842
ulica,majhna cesta,0.05263157894736842
ulica,majhna,0.05263157894736842
ulica,naša,0.05263157894736842
ulica,slepa,0.05263157894736842
ulica,znana,0.05263157894736842
ulica,tema,0.05263157894736842
ulica,stanovanje,0.05263157894736842
ulica,dom,0.05263157894736842
ulica,naslov,0.10526315789473684
ulica,sosedi,0.05263157894736842
ulica,sosedje,0.05263157894736842
ulica,kraj,0.05263157894736842
ulica,igranje,0.05263157894736842
ulica,cesta,0.15789473684210525
umakniti,oditi,0.05
umakniti,ovire,0.05
umakniti,oddaljiti,0.05
umakniti,amandma,0.05
umakniti,varnost,0.05
umakniti,nevarnost,0.05
umakniti,proč,0.05
umakniti,odvzeti,0.05
umakniti,rože,0.05
umakniti,beg,0.05
umakniti,odstraniti,0.05
umakniti,izven dosega,0.05
umakniti,stopiti korak nazaj v fizičnem smislu,0.05
umakniti,s polise,0.05
umakniti,zamera,0.05
umakniti,se,0.05
umakniti,žoga,0.05
umakniti,ovira,0.05
umakniti,prostor,0.05
umakniti,odmakniti,0.05
umetnik,slikar,0.15
umetnik,art,0.05
umetnik,"slika, kri, beretka",0.05
umetnik,dali,0.05
umetnik,slika,0.1
umetnik,risba,0.05
umetnik,svoboda,0.05
umetnik,artist,0.05
umetnik,poet,0.05
umetnik,flamenko,0.05
umetnik,boem,0.05
umetnik,likovna,0.05
umetnik,radost,0.05
umetnik,galerija,0.05
umetnik,jaz,0.1
umetnik,lev,0.05
umetniški,navdih,0.05263157894736842
umetniški,stil,0.05263157894736842
umetniški,veselje,0.05263157894736842
umetniški,lepo,0.05263157894736842
umetniški,zanimiv,0.05263157894736842
umetniški,slika,0.05263157894736842
umetniški,ustvarjalen,0.05263157894736842
umetniški,likovni,0.10526315789473684
umetniški,gledališče,0.05263157894736842
umetniški,izpit,0.05263157894736842
umetniški,glasbeni,0.05263157894736842
umetniški,lutke,0.05263157894736842
umetniški,lionel messi,0.05263157894736842
umetniški,galerija,0.05263157894736842
umetniški,lep,0.05263157894736842
umetniški,vtis,0.05263157894736842
umetniški,muzej,0.05263157894736842
umetniški,bit,0.05263157894736842
umetnost,slikar,0.047619047619047616
umetnost,risanje,0.09523809523809523
umetnost,estetsko ustvarjanje,0.047619047619047616
umetnost,lepota,0.09523809523809523
umetnost,življenje,0.047619047619047616
umetnost,umetnostna terapija,0.047619047619047616
umetnost,slika,0.09523809523809523
umetnost,glasba,0.09523809523809523
umetnost,znanost,0.047619047619047616
umetnost,gledališče,0.047619047619047616
umetnost,likovna,0.09523809523809523
umetnost,ustvarjalnost,0.047619047619047616
umetnost,galerija,0.09523809523809523
umetnost,slikanje,0.047619047619047616
umetnost,kultura,0.047619047619047616
umreti,hocem,0.05263157894736842
umreti,mir,0.05263157894736842
umreti,prenehati živeti,0.05263157894736842
umreti,tiho,0.05263157894736842
umreti,te ni več med živimi,0.05263157894736842
umreti,izguba,0.05263157894736842
umreti,žara,0.05263157894736842
umreti,črna,0.05263157894736842
umreti,konec,0.15789473684210525
umreti,smrt,0.21052631578947367
umreti,žalost,0.05263157894736842
umreti,rak,0.05263157894736842
umreti,pogreb,0.10526315789473684
unija,združenje,0.10526315789473684
unija,evropa,0.10526315789473684
unija,enotnost,0.05263157894736842
unija,zveza,0.05263157894736842
unija,skupnost,0.15789473684210525
unija,združitev,0.05263157894736842
unija,povezava več držav,0.05263157894736842
unija,evropska,0.3684210526315789
unija,globalizem,0.05263157894736842
univerza,več fakultet,0.05555555555555555
univerza,v ljubljani,0.1111111111111111
univerza,visoka šola,0.05555555555555555
univerza,študij,0.1111111111111111
univerza,urejene stavbe,0.05555555555555555
univerza,ljubljana,0.1111111111111111
univerza,fakulteta,0.16666666666666666
univerza,šola,0.1111111111111111
univerza,znanje,0.1111111111111111
univerza,izpit,0.05555555555555555
univerza,šolanje,0.05555555555555555
uporabiti,vzemi to,0.05555555555555555
uporabiti,korist,0.05555555555555555
uporabiti,izrabiti,0.05555555555555555
uporabiti,znucano,0.05555555555555555
uporabiti,orodje,0.05555555555555555
uporabiti,navodila,0.05555555555555555
uporabiti,9,0.05555555555555555
uporabiti,vzeti,0.05555555555555555
uporabiti,moko,0.05555555555555555
uporabiti,porabiti,0.1111111111111111
uporabiti,stvar,0.05555555555555555
uporabiti,naprave,0.05555555555555555
uporabiti,aplikacijo,0.05555555555555555
uporabiti,dane možnosti,0.05555555555555555
uporabiti,glavo,0.05555555555555555
uporabiti,imeti,0.05555555555555555
uporabiti,enkratna uporaba,0.05555555555555555
uporabnik,droge,0.1
uporabnik,zvest,0.05
uporabnik,plačilo,0.05
uporabnik,človek,0.05
uporabnik,"tisti, ki uporablja",0.05
uporabnik,računalnik,0.1
uporabnik,generično,0.05
uporabnik,napredni,0.05
uporabnik,vsi mi,0.05
uporabnik,uporaba,0.05
uporabnik,storitev,0.1
uporabnik,žrtev sistemov,0.05
uporabnik,banka,0.05
uporabnik,oseba,0.05
uporabnik,sistema,0.05
uporabnik,user,0.05
uporabnik,nekdo ki uporablja nekaj,0.05
upoštevati,spoštovanje,0.1
upoštevati,spoštovati,0.05
upoštevati,biti obziren,0.05
upoštevati,pogoj,0.05
upoštevati,biti podrejen,0.05
upoštevati,promet,0.05
upoštevati,sprejeti,0.05
upoštevati,razumevanje,0.05
upoštevati,vzeti v obzir,0.05
upoštevati,komunikacija,0.05
upoštevati,da,0.05
upoštevati,želje,0.05
upoštevati,mnenje,0.05
upoštevati,vključevalnost,0.05
upoštevati,navodilo,0.05
upoštevati,predlog,0.05
upoštevati,pravila,0.1
upoštevati,nekoga,0.05
upraven,ministrstvo,0.05555555555555555
upraven,državni,0.05555555555555555
upraven,občina,0.05555555555555555
upraven,postopek,0.05555555555555555
upraven,vodenje,0.05555555555555555
upraven,uraden,0.05555555555555555
upraven,nezanimiv,0.05555555555555555
upraven,upravljanje,0.05555555555555555
upraven,birokratski,0.05555555555555555
upraven,uprava,0.05555555555555555
upraven,pomemben,0.05555555555555555
upraven,enota,0.16666666666666666
upraven,počasen,0.05555555555555555
upraven,odbor,0.05555555555555555
upraven,upravna enota,0.1111111111111111
upravljanje,vodstvo,0.05263157894736842
upravljanje,stroj,0.10526315789473684
upravljanje,denarja,0.05263157894736842
upravljanje,viličar,0.05263157894736842
upravljanje,vodenje,0.15789473684210525
upravljanje,z državo,0.05263157894736842
upravljanje,šole,0.05263157894736842
upravljanje,delanje,0.05263157894736842
upravljanje,"urejati, voditi kaj",0.05263157894736842
upravljanje,birokracija,0.05263157894736842
upravljanje,podjetje,0.05263157894736842
upravljanje,parka,0.05263157894736842
upravljanje,ekipe,0.05263157894736842
upravljanje,gospodar,0.05263157894736842
upravljanje,šef,0.10526315789473684
urad,statistični urad slovenije,0.05
urad,davkarija,0.05
urad,pisarna,0.1
urad,dokument,0.05
urad,papir,0.05
urad,občina,0.05
urad,dolge vrste,0.05
urad,birokracija,0.15
urad,za pravne zadeve,0.05
urad,za delo,0.05
urad,birokrat,0.05
urad,bančni,0.05
urad,stranka,0.05
urad,vrsta,0.05
urad,vrste,0.05
urad,upravna enota,0.05
urad,stavba,0.05
uradno,povabilo,0.05263157894736842
uradno,pravno,0.05263157894736842
uradno,birokrat,0.05263157894736842
uradno,pismo,0.2631578947368421
uradno,obvestilo,0.05263157894736842
uradno,uniforma,0.05263157894736842
uradno,visoko,0.05263157894736842
uradno,neuradno,0.05263157894736842
uradno,uprava,0.05263157894736842
uradno,javno,0.05263157894736842
uradno,po predpisih,0.05263157894736842
uradno,protokol,0.05263157894736842
uradno,urad,0.05263157894736842
uradno,uradni list,0.05263157894736842
uradno,zadrgnjeno,0.05263157894736842
ureditev,urednik,0.05555555555555555
ureditev,občina,0.05555555555555555
ureditev,učinkovito,0.05555555555555555
ureditev,cestna,0.05555555555555555
ureditev,država,0.1111111111111111
ureditev,red,0.16666666666666666
ureditev,prostora,0.1111111111111111
ureditev,sortiranje,0.05555555555555555
ureditev,vrsta,0.05555555555555555
ureditev,stanovanje,0.05555555555555555
ureditev,državna,0.05555555555555555
ureditev,urbanizem,0.05555555555555555
ureditev,sistem,0.05555555555555555
ureditev,dokumenti,0.05555555555555555
urediti,spletno stran,0.05263157894736842
urediti,narediti,0.05263157894736842
urediti,uspeti,0.05263157894736842
urediti,papirje,0.05263157894736842
urediti,lepo,0.05263157894736842
urediti,popraviti,0.10526315789473684
urediti,red,0.05263157894736842
urediti,počesati,0.05263157894736842
urediti,postaviti,0.05263157894736842
urediti,dokončati zastavljeno,0.05263157894736842
urediti,word office,0.05263157894736842
urediti,papirji,0.05263157894736842
urediti,dom,0.10526315789473684
urediti,zadeve,0.05263157894736842
urediti,iznajdljivost,0.05263157894736842
urediti,stvar,0.05263157894736842
urediti,zrihtat,0.05263157894736842
urejen,čisto,0.05
urejen,čist,0.3
urejen,pospravljen,0.05
urejen,lepo oblečen moški,0.05
urejen,higiena,0.05
urejen,frizura,0.05
urejen,srednji razred,0.05
urejen,videz,0.05
urejen,srajca,0.05
urejen,čust,0.05
urejen,japi,0.05
urejen,negovan,0.1
urejen,lepo oblečen,0.05
urejen,lep,0.05
usoda,karma,0.05555555555555555
usoda,posoda,0.05555555555555555
usoda,usodno,0.05555555555555555
usoda,grda,0.05555555555555555
usoda,sreča,0.05555555555555555
usoda,nebo,0.05555555555555555
usoda,brezveze,0.05555555555555555
usoda,horoskop,0.05555555555555555
usoda,moja,0.05555555555555555
usoda,razlog,0.05555555555555555
usoda,življenjska,0.05555555555555555
usoda,prihodnost,0.05555555555555555
usoda,nemoč,0.1111111111111111
usoda,resnica,0.05555555555555555
usoda,namensko,0.05555555555555555
usoda,vsemir,0.05555555555555555
usoda,lastna,0.05555555555555555
uspešno,opravljeno,0.05263157894736842
uspešno,zmagovito,0.05263157894736842
uspešno,poslovanje,0.05263157894736842
uspešno,veselje,0.05263157894736842
uspešno,sport,0.05263157894736842
uspešno,doseganje ciljev,0.05263157894736842
uspešno,leto,0.05263157894736842
uspešno,kariera,0.05263157894736842
uspešno,napredno,0.05263157894736842
uspešno,zaključeno,0.05263157894736842
uspešno,excellent,0.05263157894736842
uspešno,končano,0.05263157894736842
uspešno,zelo,0.05263157894736842
uspešno,delo,0.15789473684210525
uspešno,odlično,0.05263157894736842
uspešno,nagrada,0.05263157894736842
uspešno,dober,0.05263157894736842
ustanova,nuk,0.05263157894736842
ustanova,platform,0.05263157894736842
ustanova,institucija,0.10526315789473684
ustanova,hiša,0.10526315789473684
ustanova,javna ali zasebna,0.05263157894736842
ustanova,šola,0.10526315789473684
ustanova,izobraževalna,0.10526315789473684
ustanova,zdravstvena,0.05263157894736842
ustanova,univerza,0.05263157894736842
ustanova,stavba,0.15789473684210525
ustanova,javna,0.05263157894736842
ustanova,organizacija,0.05263157894736842
ustanova,javni organ,0.05263157894736842
ustanovitev,ustanovni svet,0.05555555555555555
ustanovitev,nekaj novega,0.05555555555555555
ustanovitev,društvo,0.05555555555555555
ustanovitev,mesta,0.05555555555555555
ustanovitev,šole,0.05555555555555555
ustanovitev,država,0.05555555555555555
ustanovitev,inštitucija,0.05555555555555555
ustanovitev,podjetja,0.1111111111111111
ustanovitev,družbe,0.05555555555555555
ustanovitev,društva,0.05555555555555555
ustanovitev,oblikovanje,0.05555555555555555
ustanovitev,sklada,0.05555555555555555
ustanovitev,nova uradna dejavnost,0.05555555555555555
ustanovitev,začetek,0.2222222222222222
ustanoviti,društvo,0.047619047619047616
ustanoviti,podjetnost,0.047619047619047616
ustanoviti,narediti,0.047619047619047616
ustanoviti,zavod,0.047619047619047616
ustanoviti,zgraditi,0.047619047619047616
ustanoviti,statut,0.047619047619047616
ustanoviti,ustvariti,0.09523809523809523
ustanoviti,ustanova,0.09523809523809523
ustanoviti,klub,0.047619047619047616
ustanoviti,sestaviti,0.047619047619047616
ustanoviti,začeti,0.047619047619047616
ustanoviti,podjetje,0.2857142857142857
ustanoviti,posel,0.047619047619047616
ustanoviti,organizacija,0.047619047619047616
ustava,državna zakonodaja,0.05263157894736842
ustava,modra knjiga,0.05263157894736842
ustava,red,0.05263157894736842
ustava,politika,0.05263157894736842
ustava,knjiga,0.05263157894736842
ustava,visoi akt,0.05263157894736842
ustava,demokracija,0.05263157894736842
ustava,zakonodaja,0.05263157894736842
ustava,muzej,0.05263157894736842
ustava,zakoni,0.05263157894736842
ustava,republika,0.10526315789473684
ustava,zakon,0.05263157894736842
ustava,pravila,0.10526315789473684
ustava,sfrj,0.05263157894736842
ustava,slovenija,0.10526315789473684
ustava,republike,0.05263157894736842
ustaven,ustava,0.2222222222222222
ustaven,dokument,0.05555555555555555
ustaven,pravilen,0.05555555555555555
ustaven,najbolj možno pravilen,0.05555555555555555
ustaven,država,0.05555555555555555
ustaven,zakon,0.2222222222222222
ustaven,sodišče,0.05555555555555555
ustaven,pravičen,0.05555555555555555
ustaven,pravo,0.2222222222222222
ustaviti,čas,0.047619047619047616
ustaviti,policaj,0.047619047619047616
ustaviti,promet,0.047619047619047616
ustaviti,kolo,0.047619047619047616
ustaviti,ustvariti,0.047619047619047616
ustaviti,stop,0.19047619047619047
ustaviti,bremzati,0.047619047619047616
ustaviti,nasilje,0.047619047619047616
ustaviti,prekiniti,0.047619047619047616
ustaviti,vlak,0.047619047619047616
ustaviti,avto,0.19047619047619047
ustaviti,zaustaviti,0.047619047619047616
ustaviti,zastoj,0.047619047619047616
ustaviti,šibkost,0.047619047619047616
ustaviti,vozilo,0.047619047619047616
ustrezen,kompatibilnost,0.047619047619047616
ustrezen,dokument,0.047619047619047616
ustrezen,vedenje,0.047619047619047616
ustrezen,praktičen,0.047619047619047616
ustrezen,primeren,0.2857142857142857
ustrezen,ujemanje,0.047619047619047616
ustrezen,odgovor,0.09523809523809523
ustrezen,sovpada,0.047619047619047616
ustrezen,pravi,0.047619047619047616
ustrezen,okej,0.047619047619047616
ustrezen,pravilen,0.14285714285714285
ustrezen,neustrezen,0.047619047619047616
ustrezen,jaz,0.047619047619047616
ustvariti,družina,0.05555555555555555
ustvariti,kreirati,0.05555555555555555
ustvariti,veliko,0.05555555555555555
ustvariti,narediti,0.1111111111111111
ustvariti,življenje,0.1111111111111111
ustvariti,slika,0.05555555555555555
ustvariti,ustvarjalen,0.05555555555555555
ustvariti,kariero,0.05555555555555555
ustvariti,prihodnost,0.05555555555555555
ustvariti,domišlija,0.05555555555555555
ustvariti,umetnik,0.05555555555555555
ustvariti,umetnina,0.05555555555555555
ustvariti,izdelek,0.1111111111111111
ustvariti,umetnost,0.1111111111111111
utegniti,čas,0.2222222222222222
utegniti,"narediti stvar v dogovorjenem času, prostoru",0.05555555555555555
utegniti,narediti,0.05555555555555555
utegniti,uspeti,0.05555555555555555
utegniti,"čas,",0.05555555555555555
utegniti,trenutek,0.05555555555555555
utegniti,imeti čas,0.16666666666666666
utegniti,vzeti si čas za neki opravek,0.05555555555555555
utegniti,moči,0.05555555555555555
utegniti,preganjavica,0.05555555555555555
utegniti,zanka,0.05555555555555555
utegniti,hiteti,0.1111111111111111
uvodni,predavanje,0.05555555555555555
uvodni,stacek,0.05555555555555555
uvodni,razgovor,0.05555555555555555
uvodni,nagovor,0.05555555555555555
uvodni,govor,0.1111111111111111
uvodni,pozdrav,0.05555555555555555
uvodni,prvi,0.05555555555555555
uvodni,uvodni,0.05555555555555555
uvodni,del,0.05555555555555555
uvodni,... esej,0.05555555555555555
uvodni,začetni,0.1111111111111111
uvodni,zaključni,0.05555555555555555
uvodni,pogovor,0.05555555555555555
uvodni,sestanek,0.05555555555555555
uvodni,uvod,0.05555555555555555
uvodni,začetek,0.05555555555555555
uvrstitev,razpored,0.05263157894736842
uvrstitev,na tekmovanju,0.05263157894736842
uvrstitev,šport,0.05263157894736842
uvrstitev,1. mesto,0.05263157894736842
uvrstitev,mesto,0.05263157894736842
uvrstitev,izkušnja,0.05263157894736842
uvrstitev,tekma,0.05263157894736842
uvrstitev,tekmovanje,0.15789473684210525
uvrstitev,vrsta,0.05263157894736842
uvrstitev,dobra,0.10526315789473684
uvrstitev,prvenstvo,0.05263157894736842
uvrstitev,stopničke,0.10526315789473684
uvrstitev,vrh,0.05263157894736842
uvrstitev,uspeh,0.05263157894736842
uvrstitev,rezultat,0.05263157894736842
uvrstiti,oi,0.05263157894736842
uvrstiti,skupina,0.05263157894736842
uvrstiti,umestiti,0.15789473684210525
uvrstiti,razporediti,0.05263157894736842
uvrstiti,mesto,0.10526315789473684
uvrstiti,tekmovanje,0.15789473684210525
uvrstiti,rangirati,0.05263157894736842
uvrstiti,vrsta,0.05263157894736842
uvrstiti,postaviti med,0.05263157894736842
uvrstiti,medalja,0.05263157894736842
uvrstiti,umeščati,0.05263157894736842
uvrstiti,priti na seznam,0.05263157894736842
uvrstiti,razvrstiti,0.05263157894736842
uvrstiti,beseda,0.05263157894736842
uživati,hedonizem,0.05
uživati,veselje,0.05
uživati,življenje,0.1
uživati,koktajl,0.05
uživati,branje,0.05
uživati,s prijatelji,0.05
uživati,relaksacija,0.05
uživati,se veseliti,0.05
uživati,privoščiti si,0.05
uživati,veseliti se,0.05
uživati,razvoj,0.05
uživati,lenariti,0.05
uživati,v naravi,0.05
uživati,narava,0.05
uživati,radodarnost,0.05
uživati,plaža,0.05
uživati,morje,0.15
vaja,dela mojstra,0.15
vaja,maturitetna,0.05
vaja,poskus nečesa,0.05
vaja,vežbanje,0.05
vaja,glasbena šola,0.05
vaja,naloga,0.05
vaja,šola,0.1
vaja,ven,0.05
vaja,narek,0.05
vaja,učitelj,0.05
vaja,naloge,0.05
vaja,učenje,0.05
vaja,mojster,0.15
vaja,telovadba,0.05
vaja,delo,0.05
varno,dobro počutje,0.05
varno,barnostni pas,0.05
varno,zanesljivo,0.05
varno,življenje,0.05
varno,nevarno,0.15
varno,sigurno,0.05
varno,varnost,0.05
varno,prijetno,0.1
varno,okolje,0.1
varno,dom,0.1
varno,brat,0.05
varno,pot,0.2
varnost,družina,0.034482758620689655
varnost,ni nevarno,0.034482758620689655
varnost,oprema,0.034482758620689655
varnost,razdalja,0.034482758620689655
varnost,otroci,0.034482758620689655
varnost,v bližini najbližjih,0.034482758620689655
varnost,doma,0.034482758620689655
varnost,promet,0.034482758620689655
varnost,maribor podnevi,0.034482758620689655
varnost,ščitnik,0.034482758620689655
varnost,socialna,0.034482758620689655
varnost,zaščita,0.034482758620689655
varnost,uniforma,0.034482758620689655
varnost,dom,0.034482758620689655
varnost,mir,0.034482758620689655
varnost,varovanje,0.034482758620689655
varnost,varno vožnjo,0.034482758620689655
varnost,avto,0.06896551724137931
varnost,sigurnost,0.034482758620689655
varnost,ne varnost,0.034482758620689655
varnost,varnostnik,0.13793103448275862
varnost,občutek,0.06896551724137931
varnost,mama,0.034482758620689655
varnost,pri delu,0.034482758620689655
varnosten,varen,0.11764705882352941
varnosten,kamera,0.058823529411764705
varnosten,varnost,0.11764705882352941
varnosten,aparat,0.058823529411764705
varnosten,varnostni,0.058823529411764705
varnosten,mehanizem,0.058823529411764705
varnosten,zaščitni,0.058823529411764705
varnosten,čelada,0.058823529411764705
varnosten,varnostna vožnja,0.058823529411764705
varnosten,pas,0.11764705882352941
varnosten,organ,0.058823529411764705
varnosten,svet,0.058823529411764705
varnosten,varnostnik,0.11764705882352941
varstvo,požar,0.05263157894736842
varstvo,otroka,0.05263157894736842
varstvo,otroci,0.10526315789473684
varstvo,pravno,0.05263157894736842
varstvo,zdravje,0.05263157894736842
varstvo,ljubezen,0.05263157894736842
varstvo,potrošnikov,0.05263157894736842
varstvo,čuvanje,0.05263157894736842
varstvo,varuška,0.05263157894736842
varstvo,otrok,0.3684210526315789
varstvo,varovanje,0.05263157894736842
varstvo,podatkov,0.05263157894736842
vas,destrnik,0.05263157894736842
vas,krave,0.05263157894736842
vas,kmetije,0.05263157894736842
vas,dežela,0.05263157894736842
vas,srednji vek,0.05263157894736842
vas,mesto,0.15789473684210525
vas,moja,0.05263157894736842
vas,trg,0.05263157894736842
vas,podeželje,0.05263157894736842
vas,dom,0.05263157894736842
vas,občani,0.05263157894736842
vas,selo,0.10526315789473684
vas,vojna,0.05263157894736842
vas,kraj,0.05263157894736842
vas,staro naselje,0.05263157894736842
vas,nas,0.05263157894736842
včerajšnji,časopis,0.10526315789473684
včerajšnji,pretekli,0.05263157894736842
včerajšnji,morje sonce vroče,0.05263157894736842
včerajšnji,minuli,0.05263157894736842
včerajšnji,preteklost,0.05263157894736842
včerajšnji,dogodek,0.10526315789473684
včerajšnji,današnji,0.05263157894736842
včerajšnji,jutrišnji,0.05263157894736842
včerajšnji,jutri,0.05263157894736842
včerajšnji,dan,0.21052631578947367
včerajšnji,večer,0.05263157894736842
včerajšnji,star,0.05263157894736842
včerajšnji,včeraj,0.10526315789473684
večer,časopis,0.05263157894736842
večer,večerja,0.05263157894736842
večer,sončni zahod,0.05263157894736842
večer,jutro,0.15789473684210525
večer,kavč,0.05263157894736842
večer,spanje,0.10526315789473684
večer,tema,0.10526315789473684
večer,noč,0.10526315789473684
večer,mir,0.05263157894736842
večer,luna,0.05263157894736842
večer,ob svečah,0.05263157894736842
večer,zahod,0.05263157894736842
večer,mrak,0.05263157894736842
večer,dober,0.05263157894736842
večinoma,verjetno,0.05263157894736842
večinoma,sem,0.05263157894736842
večinoma,večja populacija,0.05263157894736842
večinoma,veliko,0.05263157894736842
večinoma,skoraj vsakič,0.05263157894736842
večinoma,točen,0.05263157894736842
večinoma,vedno,0.05263157894736842
večinoma,šola,0.05263157894736842
večinoma,običajno,0.05263157894736842
večinoma,"v večjem deležu, navadno",0.05263157894736842
večinoma,opravljati,0.05263157894736842
večinoma,ponavadi,0.05263157894736842
večinoma,večina,0.05263157894736842
večinoma,v glavnem,0.10526315789473684
večinoma,največkrat,0.05263157894736842
večinoma,nalaganje,0.05263157894736842
večinoma,včasih,0.05263157894736842
večinoma,precej,0.05263157894736842
večkrat,manjkrat,0.05263157894736842
večkrat,ponoviti,0.05263157894736842
večkrat,znova,0.05263157894736842
večkrat,mnogokrat,0.15789473684210525
večkrat,množica,0.05263157894736842
večkrat,malo,0.05263157894736842
večkrat,ponovitev,0.05263157894736842
večkrat,nikoli,0.05263157894736842
večkrat,velikokrat,0.15789473684210525
večkrat,matematika,0.05263157894736842
večkrat,na dan,0.05263157894736842
večkrat,ponavljanje,0.10526315789473684
večkrat,seks,0.05263157894736842
večkrat,ponavljajoče,0.05263157894736842
velikost,gora,0.1
velikost,pisava,0.05
velikost,noge,0.05
velikost,mera,0.05
velikost,raznolikost,0.05
velikost,čevelj,0.05
velikost,čevlji,0.05
velikost,velikost penisa,0.05
velikost,konfekcija,0.1
velikost,koliko si velik oz visok,0.05
velikost,oblačila,0.1
velikost,gore,0.05
velikost,tiča,0.05
velikost,sobro,0.05
velikost,nizka,0.05
velikost,majhen,0.05
velikost,vsi,0.05
vesel,radio,0.034482758620689655
vesel,srečen,0.13793103448275862
vesel,miren,0.034482758620689655
vesel,sreča,0.10344827586206896
vesel,veselje,0.034482758620689655
vesel,optimizem,0.034482758620689655
vesel,poskakovati,0.034482758620689655
vesel,nasmeh,0.034482758620689655
vesel,prijateljice,0.034482758620689655
vesel,smeh,0.10344827586206896
vesel,razposajen,0.034482758620689655
vesel,radosten,0.06896551724137931
vesel,družba,0.034482758620689655
vesel,razpoložen,0.034482758620689655
vesel,žalosten,0.10344827586206896
vesel,smajli,0.034482758620689655
vesel,debel,0.034482758620689655
vesel,dan,0.034482758620689655
vesel,veselice,0.034482758620689655
veseliti,biti radosten,0.05
veseliti,vesel,0.05
veseliti,radostiti se,0.05
veseliti,smeh,0.05
veseliti,pričakovati,0.05
veseliti,življenje,0.05
veseliti,žurka,0.05
veseliti,alkohol,0.05
veseliti,zabava,0.05
veseliti,radostiti,0.1
veseliti,otrok,0.05
veseliti,žur,0.05
veseliti,dobra ocena,0.05
veseliti,se,0.05
veseliti,druge,0.05
veseliti,oseba,0.05
veseliti,uspeh,0.1
veseliti,smejati,0.05
veselje,sonce,0.05
veselje,družina,0.05
veselje,ko te nič ne skrbi,0.05
veselje,sreča,0.1
veselje,vesolje,0.1
veselje,nasmeh,0.1
veselje,smeh,0.2
veselje,žalost,0.1
veselje,alkohol,0.05
veselje,radost,0.15
veselje,do življenja,0.05
veter,sonce,0.05
veter,strah,0.05
veter,avatar,0.05
veter,premikajoč zrak,0.05
veter,burja,0.2
veter,jugo,0.05
veter,energija,0.05
veter,listje,0.05
veter,ajdovščina,0.05
veter,zrak,0.05
veter,lasje,0.05
veter,močan,0.05
veter,morje,0.05
veter,neurje,0.05
veter,"burja,",0.05
veter,mraz,0.1
viden,strah,0.05
viden,gledati,0.05
viden,polje,0.05
viden,neneviden,0.05
viden,človek,0.1
viden,množica,0.05
viden,oči,0.05
viden,previden,0.05
viden,dobro,0.05
viden,opazen,0.1
viden,neviden,0.1
viden,pomemben,0.05
viden,prozoren,0.05
viden,znan,0.05
viden,opažen,0.15
videz,varanje,0.05263157894736842
videz,0,0.05263157894736842
videz,izgled,0.05263157894736842
videz,barva,0.05263157894736842
videz,lepota,0.3157894736842105
videz,obraz,0.15789473684210525
videz,lep,0.05263157894736842
videz,zunanjost,0.05263157894736842
videz,oči,0.05263157894736842
videz,vid,0.05263157894736842
videz,gledam,0.05263157894736842
videz,o raz,0.05263157894736842
vidik,očala,0.05263157894736842
vidik,vidik tretje osebe,0.05263157894736842
vidik,pravni,0.05263157894736842
vidik,kaj vidiš z osebnega nivoja,0.05263157894736842
vidik,aspekt,0.15789473684210525
vidik,gledišče,0.05263157894736842
vidik,pogled,0.3157894736842105
vidik,mnenje,0.05263157894736842
vidik,vzorni kot,0.05263157894736842
vidik,moje mnenje,0.05263157894736842
vidik,argument,0.05263157894736842
vidik,oko,0.05263157894736842
vino,pijača,0.05263157894736842
vino,gorice,0.05263157894736842
vino,poezija,0.05263157894736842
vino,"sivi pinot. steklenica, pijanost",0.05263157894736842
vino,sladko,0.05263157894736842
vino,polsladko,0.05263157894736842
vino,belo,0.05263157894736842
vino,alkohol,0.10526315789473684
vino,zabava,0.05263157894736842
vino,rdeča barva,0.05263157894736842
vino,alkoholizem,0.05263157894736842
vino,voda,0.05263157894736842
vino,grozdje,0.10526315789473684
vino,refošk,0.05263157894736842
vino,šmarnica,0.05263157894736842
vino,pivo,0.10526315789473684
vir,vir znanja,0.05263157894736842
vir,resurs,0.05263157894736842
vir,življenja,0.05263157894736842
vir,"informacij, znanja, tehnološkega naprdka",0.05263157894736842
vir,dobrine,0.05263157894736842
vir,ustni,0.05263157894736842
vir,energija,0.05263157894736842
vir,voda,0.05263157894736842
vir,izvir,0.10526315789473684
vir,citat,0.05263157894736842
vir,literatura,0.10526315789473684
vir,spletni,0.05263157894736842
vir,otok,0.05263157894736842
vir,izvor,0.10526315789473684
vir,dobrote,0.05263157894736842
vir,vir dohodka,0.05263157894736842
višina,gora,0.05
višina,strah,0.05
višina,centimetri,0.05
višina,telesna,0.05
višina,človek,0.05
višina,zvrti,0.05
višina,skoki,0.05
višina,košarka,0.05
višina,triglav,0.05
višina,vrtoglavica,0.05
višina,stolp,0.05
višina,stolpnica,0.05
višina,velikost,0.05
višina,gore,0.1
višina,everest,0.05
višina,poletje,0.05
višina,teža,0.05
višina,človeka,0.05
višina,žirafa,0.05
visoko,gora,0.05
visoko,tavčar,0.05
visoko,oblaki,0.05
visoko,ljudje,0.05
visoko,leta (mišljen glagol),0.05
visoko,tavčar,0.05
visoko,triglav,0.05
visoko,nizko,0.25
visoko,na nebu,0.05
visoko,cilj,0.05
visoko,ki ime veliko razsežnost,0.05
visoko,letanje,0.05
visoko,daleč,0.05
visoko,drevo,0.1
visoko,hribi,0.05
vključiti,izključiti,0.1111111111111111
vključiti,skupina,0.05555555555555555
vključiti,mlade,0.05555555555555555
vključiti,pridružite,0.05555555555555555
vključiti,pridružiti,0.05555555555555555
vključiti,promet,0.05555555555555555
vključiti,mnenja,0.05555555555555555
vključiti,v družbo,0.05555555555555555
vključiti,priseljenec,0.05555555555555555
vključiti,zajeti,0.05555555555555555
vključiti,vključitev,0.05555555555555555
vključiti,vgraditi,0.05555555555555555
vključiti,drugačni,0.05555555555555555
vključiti,telefon,0.05555555555555555
vključiti,prižgati,0.05555555555555555
vključiti,elektrika,0.05555555555555555
vključiti,integrirati,0.05555555555555555
vladni,načrt,0.038461538461538464
vladni,poglavar,0.038461538461538464
vladni,donald tramp,0.038461538461538464
vladni,"sektor, oblast",0.038461538461538464
vladni,sektor,0.038461538461538464
vladni,upravni,0.038461538461538464
vladni,opravki,0.038461538461538464
vladni,odločevalen,0.038461538461538464
vladni,parlament,0.07692307692307693
vladni,donald drump,0.038461538461538464
vladni,politika,0.038461538461538464
vladni,nekomu vladujes,0.038461538461538464
vladni,putin,0.038461538461538464
vladni,organi,0.038461538461538464
vladni,vlada,0.038461538461538464
vladni,vladar,0.038461538461538464
vladni,svet,0.038461538461538464
vladni,ukrep,0.07692307692307693
vladni,odbor,0.038461538461538464
vladni,kaos,0.038461538461538464
vladni,urad,0.038461538461538464
vladni,prevladujoč,0.038461538461538464
vladni,krog,0.038461538461538464
vladni,poslanec,0.038461538461538464
vložiti,kumare,0.10526315789473684
vložiti,prisotnost,0.05263157894736842
vložiti,poslati,0.05263157894736842
vložiti,kozarčki marmelade,0.05263157894736842
vložiti,obtožnico,0.05263157894736842
vložiti,kumarice,0.21052631578947367
vložiti,hrana,0.05263157894736842
vložiti,denar,0.21052631578947367
vložiti,trud,0.15789473684210525
vložiti,investirati,0.05263157894736842
vodenje,voden,0.038461538461538464
vodenje,vodja,0.07692307692307693
vodenje,sposobnost,0.038461538461538464
vodenje,šole,0.038461538461538464
vodenje,vodnik,0.038461538461538464
vodenje,ogleda,0.038461538461538464
vodenje,"postopka, razpisa",0.038461538461538464
vodenje,izleta,0.038461538461538464
vodenje,načelo,0.038461538461538464
vodenje,sef,0.038461538461538464
vodenje,učitelj,0.038461538461538464
vodenje,šefovanje,0.038461538461538464
vodenje,podjetje,0.038461538461538464
vodenje,slepim,0.038461538461538464
vodenje,vodič,0.07692307692307693
vodenje,zaupanje,0.038461538461538464
vodenje,igre,0.038461538461538464
vodenje,služba,0.038461538461538464
vodenje,vodenje skupine,0.038461538461538464
vodenje,firer,0.038461538461538464
vodenje,vodenje ustanove,0.038461538461538464
vodenje,knjižnic,0.038461538461538464
vodenje,ogled,0.038461538461538464
vodenje,šef,0.038461538461538464
vodilen,napreden,0.05263157894736842
vodilen,glavni,0.05263157894736842
vodilen,poveljevalen,0.05263157894736842
vodilen,položaj,0.15789473684210525
vodilen,moški,0.05263157894736842
vodilen,člen,0.05263157894736842
vodilen,prvi,0.15789473684210525
vodilen,vladar,0.05263157894736842
vodilen,vrh,0.05263157894736842
vodilen,glaven,0.05263157894736842
vodilen,moč,0.05263157894736842
vodilen,krog,0.05263157894736842
vodilen,šef,0.15789473684210525
voditelj,trček,0.05
voditelj,televizija,0.05
voditelj,vidja,0.05
voditelj,predsednik,0.05
voditelj,vodja,0.1
voditelj,"tisti, ki vodi",0.05
voditelj,skupine dijakov ali študentov,0.05
voditelj,modrost,0.05
voditelj,države,0.05
voditelj,on,0.05
voditelj,fašizem,0.05
voditelj,mario galunič,0.05
voditelj,starši,0.05
voditelj,trdnost,0.05
voditelj,prvi,0.05
voditelj,napovedovalec,0.05
voditelj,zaupanje,0.05
voditelj,tv,0.05
voditelj,oddaje,0.05
vodni,rezervoar,0.05263157894736842
vodni,vrata,0.05263157894736842
vodni,šport,0.05263157894736842
vodni,balon,0.05263157894736842
vodni,tok,0.05263157894736842
vodni,tobogan,0.05263157894736842
vodni,kamen,0.05263157894736842
vodni,morski,0.05263157894736842
vodni,top,0.10526315789473684
vodni,stolp,0.10526315789473684
vodni,čoln,0.05263157894736842
vodni,voda,0.05263157894736842
vodni,povodni,0.05263157894736842
vodni,vir,0.05263157894736842
vodni,bazen,0.05263157894736842
vodni,krog,0.05263157894736842
vodni,morje,0.05263157894736842
vojak,vojska,0.2
vojak,vojščak,0.05
vojak,tank,0.05
vojak,ameriški,0.05
vojak,vojaško zelena,0.05
vojak,ukrajina,0.05
vojak,orožje,0.05
vojak,uniforma,0.05
vojak,moški,0.05
vojak,brezdelnež,0.05
vojak,vojna,0.1
vojak,smrt,0.05
vojak,zeleno,0.05
vojak,obramba,0.05
vojak,branilec,0.05
vojak,puška,0.05
vojaški,načrt,0.05263157894736842
vojaški,mirovni,0.05263157894736842
vojaški,nabor,0.05263157894736842
vojaški,rok,0.05263157894736842
vojaški,tank,0.05263157894736842
vojaški,vojak,0.10526315789473684
vojaški,1,0.05263157894736842
vojaški,škorenj,0.05263157894736842
vojaški,poklic,0.05263157894736842
vojaški,način življenja,0.05263157894736842
vojaški,helikopter,0.05263157894736842
vojaški,vojna,0.10526315789473684
vojaški,način,0.05263157894736842
vojaški,smrt,0.05263157894736842
vojaški,staz,0.05263157894736842
vojaški,čin,0.10526315789473684
vojska,vojaki,0.05
vojska,vojak,0.15
vojska,orožje,0.1
vojska,slovenska,0.05
vojska,uniforma,0.05
vojska,pištola,0.05
vojska,helikopter,0.05
vojska,mir,0.05
vojska,vojna,0.05
vojska,armada,0.1
vojska,domen topolovec,0.05
vojska,obramba,0.05
vojska,zelena barva,0.05
vojska,veliko vojakov,0.05
vojska,moč,0.05
vojska,militantno,0.05
volilen,izbira,0.05263157894736842
volilen,izbiren,0.05263157894736842
volilen,pravica,0.05263157894736842
volilen,demokratičen,0.05263157894736842
volilen,okrožje,0.05263157894736842
volilen,delež,0.05263157894736842
volilen,izbran,0.05263157894736842
volilen,molk,0.05263157894736842
volilen,leto,0.05263157894736842
volilen,zaželen,0.05263157894736842
volilen,politika,0.05263157894736842
volilen,sistem,0.05263157894736842
volilen,demokracija,0.05263157894736842
volilen,odbor,0.05263157894736842
volilen,volitve,0.21052631578947367
volilen,izbor,0.05263157894736842
voziti,premikati,0.05555555555555555
voziti,vložiti,0.05555555555555555
voziti,pijan,0.05555555555555555
voziti,avto,0.7777777777777778
voziti,svoboda,0.05555555555555555
voznik,varen,0.038461538461538464
voznik,dober,0.038461538461538464
voznik,vozniška,0.038461538461538464
voznik,za volanom,0.038461538461538464
voznik,avta,0.038461538461538464
voznik,začetnik,0.038461538461538464
voznik,avtobus,0.07692307692307693
voznik,šofer,0.2692307692307692
voznik,avtomobil,0.038461538461538464
voznik,cilj,0.038461538461538464
voznik,avtobusa,0.038461538461538464
voznik,fant,0.038461538461538464
voznik,taxi,0.038461538461538464
voznik,taksi,0.07692307692307693
voznik,jaz,0.038461538461538464
voznik,avto,0.07692307692307693
voznik,vozilo,0.038461538461538464
vožnja,kabina,0.05
vožnja,promet,0.05
vožnja,potovanje,0.05
vožnja,vozniško dovoljenje,0.05
vožnja,vlak,0.05
vožnja,avto,0.6
vožnja,avtomobil,0.05
vožnja,volan,0.05
vožnja,cesta,0.05
vpliv,statistika,0.05263157894736842
vpliv,manipulacija,0.05263157894736842
vpliv,usmeritev,0.05263157894736842
vpliv,učinek,0.05263157894736842
vpliv,moč,0.10526315789473684
vpliv,politk,0.05263157894736842
vpliv,odnos,0.05263157894736842
vpliv,odločanje,0.05263157894736842
vpliv,pritisk,0.05263157894736842
vpliv,podajanje znanja,0.05263157894736842
vpliv,alkohol,0.05263157894736842
vpliv,mnenje,0.05263157894736842
vpliv,politika,0.05263157894736842
vpliv,starši,0.05263157894736842
vpliv,power,0.05263157894736842
vpliv,vplivnež,0.10526315789473684
vpliv,nezavedna moč,0.05263157894736842
vplivati,na ljudi,0.05555555555555555
vplivati,sodelovati,0.05555555555555555
vplivati,influencer,0.1111111111111111
vplivati,social media,0.05555555555555555
vplivati,delovati,0.05555555555555555
vplivati,prijatelji,0.05555555555555555
vplivati,politika,0.05555555555555555
vplivati,mišljenje,0.05555555555555555
vplivati,mafija,0.05555555555555555
vplivati,na,0.05555555555555555
vplivati,odločevalci,0.05555555555555555
vplivati,moč,0.2777777777777778
vplivati,volitve,0.05555555555555555
vprašati,strah,0.05263157894736842
vprašati,iskati,0.05263157894736842
vprašati,pozanimati se,0.05263157894736842
vprašati,raziskovati,0.05263157894736842
vprašati,izvedeti,0.05263157894736842
vprašati,dialog,0.05263157894736842
vprašati,odgovoriti,0.10526315789473684
vprašati,vprašaj,0.15789473684210525
vprašati,poizvedeti,0.05263157894736842
vprašati,pozanimati,0.05263157894736842
vprašati,zanimanje,0.10526315789473684
vprašati,vprašanje,0.10526315789473684
vprašati,karin,0.05263157894736842
vprašati,spraševanje,0.05263157894736842
vračati,lesi,0.05263157894736842
vračati,spomin,0.05263157894736842
vračati,knjige,0.05263157894736842
vračati,počasno,0.05263157894736842
vračati,nazaj,0.05263157894736842
vračati,dati nazaj,0.05263157894736842
vračati,dov,0.05263157894736842
vračati,kredit,0.05263157894736842
vračati,se domov,0.10526315789473684
vračati,paket,0.05263157894736842
vračati,vrniti,0.10526315789473684
vračati,potovanje,0.05263157894736842
vračati,denar,0.21052631578947367
vračati,obrok,0.05263157894736842
vratar,poklic,0.10526315789473684
vratar,crna,0.05263157894736842
vratar,hotel,0.05263157894736842
vratar,vrata,0.15789473684210525
vratar,recepcija,0.10526315789473684
vratar,golman,0.10526315789473684
vratar,podjetje,0.05263157894736842
vratar,gol,0.05263157894736842
vratar,varnost,0.05263157894736842
vratar,brata,0.05263157894736842
vratar,zapora,0.05263157894736842
vratar,urejenost,0.05263157894736842
vratar,velik,0.05263157894736842
vratar,nogomet,0.05263157894736842
vreden,veliko,0.05
vreden,pošten,0.05
vreden,vrednota,0.05
vreden,stati,0.05
vreden,človek,0.1
vreden,nič,0.05
vreden,dragocen,0.05
vreden,drag,0.05
vreden,cenjen,0.1
vreden,ima vrednost,0.05
vreden,greha,0.05
vreden,pomemben,0.05
vreden,denar,0.15
vreden,cenik,0.05
vreden,trud,0.05
vreden,zlat,0.05
vreme,sonce,0.15789473684210525
vreme,sončno,0.10526315789473684
vreme,muhasto,0.05263157894736842
vreme,sneg,0.05263157894736842
vreme,čas,0.05263157894736842
vreme,lepo,0.10526315789473684
vreme,nebo,0.05263157894736842
vreme,narava,0.05263157894736842
vreme,temperatura,0.05263157894736842
vreme,dež,0.2631578947368421
vreme,kaj obleči,0.05263157894736842
vrhunski,dosežek,0.05263157894736842
vrhunski,športnik,0.21052631578947367
vrhunski,izjeen,0.05263157894736842
vrhunski,kulinarika,0.05263157894736842
vrhunski,"dan, športnik",0.05263157894736842
vrhunski,sport,0.05263157894736842
vrhunski,zmagovalec,0.05263157894736842
vrhunski,športniki,0.05263157894736842
vrhunski,odličen,0.21052631578947367
vrhunski,strokovnjak,0.05263157894736842
vrhunski,jaz,0.05263157894736842
vrhunski,kuhar,0.05263157894736842
vrhunski,dober,0.05263157894736842
vrnitev,veselje,0.10526315789473684
vrnitev,denarja,0.05263157894736842
vrnitev,prihod,0.05263157894736842
vrnitev,v domačo vas,0.05263157894736842
vrnitev,oditi na izhodišče,0.05263157894736842
vrnitev,dom,0.15789473684210525
vrnitev,odpisanih (film),0.05263157894736842
vrnitev,odhod,0.05263157894736842
vrnitev,domovina,0.05263157894736842
vrnitev,do,0.05263157894736842
vrnitev,priti nazaj,0.05263157894736842
vrnitev,domov,0.2631578947368421
vroč,čustven,0.05263157894736842
vroč,čaj,0.15789473684210525
vroč,krop,0.05263157894736842
vroč,pekoče,0.05263157894736842
vroč,nasprotno od mrzel,0.05263157894736842
vroč,človek,0.05263157894736842
vroč,vročina,0.05263157894736842
vroč,hladen,0.15789473684210525
vroč,voda,0.05263157894736842
vroč,rdeč,0.05263157894736842
vroč,žareče,0.05263157894736842
vroč,dan,0.05263157894736842
vroč,avto,0.05263157894736842
vroč,ogenj,0.10526315789473684
vrt,zelena,0.05
vrt,hobi,0.05
vrt,slovenska aktivnost,0.05
vrt,rože,0.1
vrt,solata,0.05
vrt,izobilja,0.05
vrt,zelenjava,0.2
vrt,paradižnik,0.05
vrt,zelen,0.05
vrt,vrtec,0.05
vrt,rastline,0.05
vrt,lep,0.05
vrt,krr,0.05
vrt,zelenjavni,0.05
vrt,zeleno,0.05
vrt,krt,0.05
vrtec,otroci,0.5263157894736842
vrtec,otroški,0.05263157894736842
vrtec,prijetno,0.05263157894736842
vrtec,otrok,0.21052631578947367
vrtec,deca,0.05263157894736842
vrtec,vzgoja,0.05263157894736842
vrtec,copati,0.05263157894736842
vsebina,posoda,0.05263157894736842
vsebina,vrečke,0.05263157894736842
vsebina,knjige,0.10526315789473684
vsebina,polnost,0.05263157894736842
vsebina,tema,0.05263157894736842
vsebina,zgodba,0.05263157894736842
vsebina,vsebnost,0.05263157894736842
vsebina,knjiga,0.3684210526315789
vsebina,besedilo,0.05263157894736842
vsebina,pomen,0.05263157894736842
vsebina,skrivnost,0.05263157894736842
vsebina,bit,0.05263157894736842
vsebovati,sol,0.05
vsebovati,droge,0.05
vsebovati,biti sestavljen,0.05
vsebovati,vključevati,0.05
vsebovati,vrečka,0.05
vsebovati,notri,0.05
vsebovati,energijska vrednost,0.05
vsebovati,imet,0.05
vsebovati,polno,0.05
vsebovati,ljubezen,0.05
vsebovati,sladkor,0.05
vsebovati,ena stvar ima več vsebin,0.05
vsebovati,sestavine,0.05
vsebovati,substanca,0.05
vsebovati,vključuje,0.05
vsebovati,zakon,0.05
vsebovati,škatla,0.05
vsebovati,imeti,0.15
všeč,mi je,0.05263157894736842
všeč,glasba,0.10526315789473684
všeč,simpatija,0.15789473684210525
všeč,prijeten,0.05263157894736842
všeč,ljubezen,0.10526315789473684
všeč,okus.,0.05263157894736842
všeč,narava,0.05263157894736842
všeč,dobro,0.05263157894736842
všeč,hrana,0.05263157894736842
všeč,stvar,0.05263157894736842
všeč,všeček,0.05263157894736842
všeč,oseba,0.05263157894736842
všeč,zelo,0.05263157894736842
všeč,fant,0.10526315789473684
vseeno,mi ne sme biti,0.05555555555555555
vseeno,izbira,0.05555555555555555
vseeno,brez odločitve,0.05555555555555555
vseeno,zapuščenost,0.05555555555555555
vseeno,brezbarvno,0.05555555555555555
vseeno,ni važno,0.1111111111111111
vseeno,indiferenten,0.05555555555555555
vseeno,brezveze,0.1111111111111111
vseeno,nepomembno,0.1111111111111111
vseeno,enako kot vse drugo,0.05555555555555555
vseeno,voda,0.05555555555555555
vseeno,živjenje,0.05555555555555555
vseeno,brezzveze,0.05555555555555555
vseeno,enako,0.05555555555555555
vseeno,mi,0.05555555555555555
vstop,v notranjost,0.058823529411764705
vstop,prost,0.058823529411764705
vstop,vrata,0.11764705882352941
vstop,vhod,0.23529411764705882
vstop,izstop,0.23529411764705882
vstop,entrance,0.058823529411764705
vstop,enter,0.058823529411764705
vstop,avtobus,0.058823529411764705
vstop,v državo,0.058823529411764705
vstop,prostor,0.058823529411764705
vstopiti,skozi vrata,0.058823529411764705
vstopiti,sonce,0.029411764705882353
vstopiti,vrata,0.3235294117647059
vstopiti,v sobo,0.029411764705882353
vstopiti,vstopiti skozi vrata,0.029411764705882353
vstopiti,oditi,0.029411764705882353
vstopiti,skozi,0.029411764705882353
vstopiti,hiša,0.058823529411764705
vstopiti,avtobus,0.029411764705882353
vstopiti,v prostor,0.029411764705882353
vstopiti,cerkev,0.029411764705882353
vstopiti,prihodnost,0.029411764705882353
vstopiti,stanovanje,0.029411764705882353
vstopiti,dom,0.029411764705882353
vstopiti,v skladišče,0.029411764705882353
vstopiti,v nov svet,0.029411764705882353
vstopiti,v učilnico,0.029411764705882353
vstopiti,v razred,0.029411764705882353
vstopiti,izstopiti,0.058823529411764705
vstopiti,priti,0.029411764705882353
vstopiti,v stavbo,0.029411764705882353
vzhod,sonce,0.10526315789473684
vzhod,smer neba,0.05263157894736842
vzhod,stran neba,0.05263157894736842
vzhod,rusija,0.05263157894736842
vzhod,ni ves slab,0.05263157894736842
vzhod,nasproti zahoda,0.05263157894736842
vzhod,jutro,0.05263157894736842
vzhod,nebo,0.05263157894736842
vzhod,zahod,0.47368421052631576
vzhod,sončni,0.05263157894736842
vzhodni,breg,0.05555555555555555
vzhodni,vzhod,0.05555555555555555
vzhodni,blok,0.2222222222222222
vzhodni,del,0.05555555555555555
vzhodni,nebo,0.05555555555555555
vzhodni,bližnji vzhod,0.05555555555555555
vzhodni,veter,0.1111111111111111
vzhodni,zahodni,0.16666666666666666
vzhodni,pol,0.05555555555555555
vzhodni,stran neba,0.05555555555555555
vzhodni,severni,0.05555555555555555
vzhodni,svet,0.05555555555555555
vzorec,statistika,0.05263157894736842
vzorec,miselni vzorec,0.05263157894736842
vzorec,"pletenje, življenja, navodilo",0.05263157894736842
vzorec,natančen,0.05263157894736842
vzorec,tkanina,0.05263157894736842
vzorec,primer,0.15789473684210525
vzorec,blago,0.05263157894736842
vzorec,drugače,0.05263157894736842
vzorec,raziskava,0.05263157894736842
vzorec,kri,0.05263157894736842
vzorec,kozarček z tkivom (histološki vzorec),0.05263157894736842
vzorec,cik cak,0.05263157894736842
vzorec,vzorčiti,0.05263157894736842
vzorec,ponavljanje,0.10526315789473684
vzorec,obnašanje,0.05263157894736842
vzorec,model,0.05263157894736842
vzrok,povod,0.058823529411764705
vzrok,posledica,0.35294117647058826
vzrok,težava,0.058823529411764705
vzrok,problem,0.058823529411764705
vzrok,za,0.058823529411764705
vzrok,nesreče,0.058823529411764705
vzrok,nastanek,0.058823529411764705
vzrok,prepir,0.058823529411764705
vzrok,razlog,0.23529411764705882
vztrajati,vzdržljivost,0.047619047619047616
vztrajati,tečen,0.047619047619047616
vztrajati,potrpežljivost,0.047619047619047616
vztrajati,trma,0.09523809523809523
vztrajati,moč,0.047619047619047616
vztrajati,ne obupati,0.047619047619047616
vztrajati,tekma,0.047619047619047616
vztrajati,napor,0.047619047619047616
vztrajati,neobupanost,0.047619047619047616
vztrajati,trajati,0.047619047619047616
vztrajati,delati,0.047619047619047616
vztrajati,nadaljevati,0.047619047619047616
vztrajati,potrpljenje,0.047619047619047616
vztrajati,trmast,0.047619047619047616
vztrajati,služba,0.047619047619047616
vztrajati,lebron james,0.047619047619047616
vztrajati,pogum,0.047619047619047616
vztrajati,delo,0.047619047619047616
vztrajati,upor,0.047619047619047616
vztrajati,muka,0.047619047619047616
zabava,stuk,0.058823529411764705
zabava,hec,0.058823529411764705
zabava,čaga,0.058823529411764705
zabava,veselje,0.11764705882352941
zabava,druženje,0.058823529411764705
zabava,prosti čas,0.058823529411764705
zabava,hrana,0.058823529411764705
zabava,žur,0.058823529411764705
zabava,za rojstni dan,0.058823529411764705
zabava,glasba,0.11764705882352941
zabava,žurka,0.058823529411764705
zabava,ples,0.17647058823529413
zabava,prijatelji,0.058823529411764705
zadetek,v polno,0.1
zadetek,bingo,0.1
zadetek,dobitek,0.05
zadetek,gol,0.25
zadetek,sreča,0.05
zadetek,sedmice,0.05
zadetek,zadeti,0.05
zadetek,streljanje,0.05
zadetek,drogeraš,0.05
zadetek,luknja,0.05
zadetek,cilj,0.05
zadetek,tarča,0.05
zadetek,koš,0.05
zadetek,pikado,0.05
zadeti,gol,0.19047619047619047
zadeti,udariti,0.047619047619047616
zadeti,driga,0.047619047619047616
zadeti,kamen,0.047619047619047616
zadeti,uganiti,0.047619047619047616
zadeti,lov,0.047619047619047616
zadeti,tarčo,0.14285714285714285
zadeti,sedmico,0.047619047619047616
zadeti,tarča,0.09523809523809523
zadeti,koš,0.047619047619047616
zadeti,na loteriji,0.047619047619047616
zadeti,loterija,0.047619047619047616
zadeti,droga,0.047619047619047616
zadeti,zmagati,0.047619047619047616
zadeti,žoga,0.047619047619047616
zadovoljen,sem,0.05263157894736842
zadovoljen,srečen,0.3157894736842105
zadovoljen,miren,0.05263157894736842
zadovoljen,sreča,0.05263157894736842
zadovoljen,vesel,0.05263157894736842
zadovoljen,nasmeh,0.05263157894736842
zadovoljen,življenje,0.05263157894736842
zadovoljen,poba,0.05263157894736842
zadovoljen,delavec,0.05263157894736842
zadovoljen,uspešen,0.05263157894736842
zadovoljen,otrok,0.05263157894736842
zadovoljen,biti,0.05263157894736842
zadovoljen,rezultat,0.05263157894736842
zadovoljen,ok,0.05263157894736842
zagotavljati,ustrezno,0.05555555555555555
zagotavljati,priskrbeti,0.05555555555555555
zagotavljati,varnost,0.05555555555555555
zagotavljati,zagotoviti,0.05555555555555555
zagotavljati,ponujati,0.05555555555555555
zagotavljati,skrbeti za,0.05555555555555555
zagotavljati,urejevati,0.05555555555555555
zagotavljati,pravice,0.05555555555555555
zagotavljati,sredstva,0.1111111111111111
zagotavljati,hrana,0.05555555555555555
zagotavljati,varovati,0.05555555555555555
zagotavljati,priseči,0.05555555555555555
zagotavljati,storitev,0.05555555555555555
zagotavljati,hrano,0.05555555555555555
zagotavljati,denar,0.1111111111111111
zagotavljati,obljubiti,0.05555555555555555
zagotovo,verjetno,0.05263157894736842
zagotovo,sigurno,0.3684210526315789
zagotovo,varnost,0.05263157894736842
zagotovo,definitivno,0.05263157894736842
zagotovo,pravilno,0.05263157894736842
zagotovo,resnicno,0.05263157894736842
zagotovo,sto procentno,0.05263157894736842
zagotovo,ziher,0.10526315789473684
zagotovo,seveda,0.05263157894736842
zagotovo,zaupanje,0.05263157894736842
zagotovo,pridem,0.10526315789473684
zahoden,sonce,0.05555555555555555
zahoden,bel,0.05555555555555555
zahoden,sosednji,0.05555555555555555
zahoden,vzhodni,0.05555555555555555
zahoden,ameriški,0.05555555555555555
zahoden,sončni zahod,0.05555555555555555
zahoden,vzhoden,0.16666666666666666
zahoden,"stran neba, kjer zahaja sonce",0.05555555555555555
zahoden,geografska opredelitev,0.05555555555555555
zahoden,veter,0.1111111111111111
zahoden,bogat,0.05555555555555555
zahoden,american,0.05555555555555555
zahoden,svet,0.1111111111111111
zahoden,zahod,0.05555555555555555
zahteva,prošnja,0.05
zahteva,nujnost,0.05
zahteva,"pričakovanja drugih, ki jih projicirajo na nas",0.05
zahteva,pogoj,0.05
zahteva,ukaz,0.1
zahteva,"takojšno izvrševanje dejanja, ureditve zadeve ki urejajo razmerja ali stvari",0.05
zahteva,po nečem,0.05
zahteva,po,0.05
zahteva,nadrejeni,0.05
zahteva,programiranje,0.05
zahteva,delo teško moraš,0.05
zahteva,ultimat,0.05
zahteva,služba,0.1
zahteva,ukrep,0.05
zahteva,nuja,0.05
zahteva,jeza,0.05
zahteva,odlok,0.05
zahteva,moč,0.05
zahteven,težko,0.15
zahteven,groza,0.05
zahteven,težek,0.1
zahteven,človek,0.05
zahteven,perfekcionizem,0.05
zahteven,šola,0.05
zahteven,fakulteta,0.05
zahteven,lahek,0.05
zahteven,projekt,0.05
zahteven,učitelj,0.05
zahteven,test,0.05
zahteven,poreden,0.05
zahteven,ravnatelj,0.05
zahteven,zaresen,0.05
zahteven,kompliciran,0.05
zahteven,podvig,0.05
zahteven,šef,0.05
zaključiti,končati,0.2222222222222222
zaključiti,konšati,0.05555555555555555
zaključiti,konec,0.2222222222222222
zaključiti,študij,0.05555555555555555
zaključiti,fakulteta,0.05555555555555555
zaključiti,dokončati,0.05555555555555555
zaključiti,solo,0.1111111111111111
zaključiti,besedo,0.05555555555555555
zaključiti,letnik,0.05555555555555555
zaključiti,delo,0.05555555555555555
zaključiti,maturo,0.05555555555555555
zaključni,med,0.05
zaključni,račun,0.1
zaključni,izpit,0.5
zaključni,končen,0.05
zaključni,konec,0.05
zaključni,izlet,0.05
zaključni,končni,0.2
zakonodaja,zbir zakonov,0.047619047619047616
zakonodaja,država,0.047619047619047616
zakonodaja,red,0.047619047619047616
zakonodaja,legislatura,0.047619047619047616
zakonodaja,sodišče,0.047619047619047616
zakonodaja,odvetnik,0.047619047619047616
zakonodaja,predpis,0.047619047619047616
zakonodaja,zakoni,0.047619047619047616
zakonodaja,oblast,0.047619047619047616
zakonodaja,zakon,0.3333333333333333
zakonodaja,javna,0.047619047619047616
zakonodaja,strokovno,0.047619047619047616
zakonodaja,uradni list,0.047619047619047616
zakonodaja,uspešna,0.047619047619047616
zakonodaja,pravo,0.047619047619047616
zakonski,ministrstvo,0.05263157894736842
zakonski,stan,0.2631578947368421
zakonski,mož,0.05263157894736842
zakonski,par,0.2631578947368421
zakonski,zakonski odnos,0.05263157894736842
zakonski,otrok,0.05263157894736842
zakonski,usklajen,0.05263157894736842
zakonski,partner,0.05263157894736842
zakonski,zakoni,0.05263157894736842
zakonski,terapevt,0.05263157894736842
zakonski,ločen,0.05263157894736842
žal,mi je,0.05555555555555555
žal,žalost,0.1111111111111111
žal,tako pač je,0.05555555555555555
žal,pogreb,0.05555555555555555
žal,neprijetno,0.05555555555555555
žal,obžalovanje,0.16666666666666666
žal,nepremostljivo,0.05555555555555555
žal,laž,0.05555555555555555
žal,na žalost,0.05555555555555555
žal,ni tako,0.05555555555555555
žal,škoda,0.05555555555555555
žal,ga ni,0.05555555555555555
žal,oprostite,0.05555555555555555
žal,žale,0.05555555555555555
žal,fraza,0.05555555555555555
zamenjati,napaka,0.1
zamenjati,otroka,0.05
zamenjati,nakup,0.05
zamenjati,menjava,0.15
zamenjati,nadomestiti,0.05
zamenjati,blago,0.05
zamenjati,partnerja,0.05
zamenjati,žarnica,0.05
zamenjati,žarnico,0.05
zamenjati,kartice,0.05
zamenjati,službo,0.05
zamenjati,vlada,0.05
zamenjati,obraba,0.05
zamenjati,spremeniti,0.05
zamenjati,denar,0.05
zamenjati,ustreznejše,0.05
zamenjati,piskati drugo,0.05
zanimanje,radovednost,0.16666666666666666
zanimanje,interes,0.5
zanimanje,zainteresiran,0.05555555555555555
zanimanje,za,0.05555555555555555
zanimanje,hobi,0.1111111111111111
zanimanje,šola,0.05555555555555555
zanimanje,fokus,0.05555555555555555
zanimati,radovednost,0.05
zanimati,fokusirati,0.05
zanimati,šport,0.05
zanimati,izvedeti,0.05
zanimati,hobi,0.05
zanimati,vedeti,0.05
zanimati,šola,0.05
zanimati,področje,0.05
zanimati,zmenek,0.05
zanimati,znanost,0.05
zanimati,poklic,0.05
zanimati,biti všeč,0.05
zanimati,interes,0.15
zanimati,se zanimati za,0.05
zanimati,vprašati,0.05
zanimati,interesirati,0.1
zanimati,njige,0.05
zapor,ključ,0.05263157894736842
zapor,kriminal,0.05263157894736842
zapor,strah,0.05263157894736842
zapor,odvzem svobode,0.05263157894736842
zapor,ja,0.05263157894736842
zapor,doma,0.05263157894736842
zapor,keha,0.05263157894736842
zapor,zapora,0.05263157894736842
zapor,arest,0.05263157894736842
zapor,omejenost,0.05263157894736842
zapor,sivo,0.05263157894736842
zapor,utesnjenost,0.05263157894736842
zapor,povšetova,0.05263157894736842
zapor,kazen,0.10526315789473684
zapor,zakon,0.05263157894736842
zapor,arestant,0.05263157894736842
zapor,trobec,0.05263157894736842
zapor,zločin,0.05263157894736842
zaposlitev,za nedoločen čas,0.047619047619047616
zaposlitev,zavod,0.047619047619047616
zaposlitev,varnost,0.047619047619047616
zaposlitev,služba,0.42857142857142855
zaposlitev,dajati delo nekomu,0.047619047619047616
zaposlitev,delo za nedoločen čas,0.047619047619047616
zaposlitev,na domu,0.047619047619047616
zaposlitev,denar,0.047619047619047616
zaposlitev,delo,0.14285714285714285
zaposlitev,biti zaposlen v službi,0.047619047619047616
zaposlitev,prva zaposlitev,0.047619047619047616
zapreti,okno,0.047619047619047616
zapreti,okna,0.047619047619047616
zapreti,zapahniti,0.047619047619047616
zapreti,vrata,0.42857142857142855
zapreti,odpreti,0.09523809523809523
zapreti,tatu,0.047619047619047616
zapreti,zakleniti,0.047619047619047616
zapreti,vase,0.047619047619047616
zapreti,zapor,0.14285714285714285
zapreti,vodo,0.047619047619047616
zaprta,prebava,0.06896551724137931
zaprta,vrata,0.4827586206896552
zaprta,hiša,0.034482758620689655
zaprta,pljuča,0.034482758620689655
zaprta,zalepljena,0.034482758620689655
zaprta,zapor,0.034482758620689655
zaprta,knjiga,0.034482758620689655
zaprta,odprta,0.06896551724137931
zaprta,... vrata,0.034482758620689655
zaprta,usta,0.034482758620689655
zaprta,vase,0.034482758620689655
zaprta,varovana,0.034482758620689655
zaprta,cesta,0.06896551724137931
zapustiti,končati,0.05263157894736842
zapustiti,oditi,0.3157894736842105
zapustiti,moža,0.10526315789473684
zapustiti,prepad,0.05263157894736842
zapustiti,fanta,0.05263157894736842
zapustiti,partnerja,0.05263157894736842
zapustiti,nehati,0.05263157894736842
zapustiti,dom,0.10526315789473684
zapustiti,odhod,0.05263157894736842
zapustiti,otrok,0.05263157894736842
zapustiti,ločite,0.05263157894736842
zapustiti,denar,0.05263157894736842
zares,prav,0.05263157894736842
zares,v resnici,0.05263157894736842
zares,misliti resno,0.05263157894736842
zares,golobič,0.05263157894736842
zares,"resnica, potrditev izrečenega, podkrepljeno",0.05263157894736842
zares,test,0.05263157894736842
zares,gregor golobič,0.05263157894736842
zares,resno,0.05263157894736842
zares,resnica,0.10526315789473684
zares,enostavno,0.05263157894736842
zares,verjami,0.05263157894736842
zares,ime stranke,0.05263157894736842
zares,gotovo,0.05263157894736842
zares,resnično,0.10526315789473684
zares,živeti,0.05263157894736842
zares,za resnico,0.05263157894736842
zares,resnost,0.05263157894736842
zaščita,vojska,0.03571428571428571
zaščita,ščit,0.03571428571428571
zaščita,varnost,0.14285714285714285
zaščita,nevihta,0.03571428571428571
zaščita,rokavice,0.03571428571428571
zaščita,kontracepcija,0.07142857142857142
zaščita,ščitnik,0.03571428571428571
zaščita,pred boleznimi,0.03571428571428571
zaščita,civilna,0.03571428571428571
zaščita,je varna,0.03571428571428571
zaščita,varovanje,0.14285714285714285
zaščita,pred soncem,0.03571428571428571
zaščita,dežnik,0.03571428571428571
zaščita,vojna,0.03571428571428571
zaščita,kondom,0.03571428571428571
zaščita,obramba,0.07142857142857142
zaščita,spolnost,0.03571428571428571
zaščita,krema,0.07142857142857142
zaščita,pred ljudmi,0.03571428571428571
zaseben,intimen,0.10526315789473684
zaseben,anonimen,0.05263157894736842
zaseben,ljubezen,0.05263157894736842
zaseben,privatni,0.05263157894736842
zaseben,telefon,0.05263157894736842
zaseben,lasten,0.05263157894736842
zaseben,javen,0.05263157894736842
zaseben,moj,0.05263157894736842
zaseben,stranišče,0.05263157894736842
zaseben,avto,0.05263157894736842
zaseben,profil,0.05263157894736842
zaseben,skrit,0.05263157894736842
zaseben,pogovor,0.05263157894736842
zaseben,privaten,0.2631578947368421
zasedba,glasbena,0.1
zasedba,mesta,0.05
zasedba,vojska,0.05
zasedba,fakultete,0.05
zasedba,ozemlja,0.05
zasedba,glasba,0.1
zasedba,zbor,0.05
zasedba,band,0.05
zasedba,ansambel,0.1
zasedba,mafija,0.05
zasedba,"ansambel, skupina, bend",0.05
zasedba,okupacija,0.15
zasedba,udeležba,0.05
zasedba,dan,0.05
zasedba,moška,0.05
zaslon,televizija,0.05263157894736842
zaslon,računalnika,0.05263157894736842
zaslon,telefon,0.10526315789473684
zaslon,televizor,0.10526315789473684
zaslon,dotik,0.05263157894736842
zaslon,tv,0.15789473684210525
zaslon,ekran,0.47368421052631576
zaslužiti,dobiti,0.04
zaslužiti,težko kot študent v sloveniji,0.04
zaslužiti,plačo,0.04
zaslužiti,povračilo,0.04
zaslužiti,zaupanje,0.04
zaslužiti,denar,0.72
zaslužiti,delo,0.04
zaslužiti,šparati,0.04
zaupati,neznano,0.05263157894736842
zaupati,varnost,0.05263157894736842
zaupati,človeku,0.05263157894736842
zaupati,prijateljstvo,0.10526315789473684
zaupati,imeti rad,0.05263157894736842
zaupati,prijatelju,0.05263157894736842
zaupati,verjeti,0.10526315789473684
zaupati,prijatelj,0.21052631578947367
zaupati,partner,0.05263157894736842
zaupati,skrivnost,0.15789473684210525
zaupati,ranljivost,0.05263157894736842
zaupati,mama,0.05263157894736842
zavarovalnica,ustanova za zavarovanje,0.05
zavarovalnica,formularji,0.05
zavarovalnica,namenska povrnitev škode,0.05
zavarovalnica,goljufija,0.05
zavarovalnica,draga,0.05
zavarovalnica,pokrije,0.05
zavarovalnica,varnost,0.1
zavarovalnica,nesreča,0.05
zavarovalnica,agent,0.05
zavarovalnica,triglav,0.05
zavarovalnica,zavarovanje,0.05
zavarovalnica,krade,0.05
zavarovalnica,slabo,0.05
zavarovalnica,znanja,0.05
zavarovalnica,stroški,0.05
zavarovalnica,denar,0.2
zavarovanje,življensko,0.05263157894736842
zavarovanje,goljufija,0.05263157894736842
zavarovanje,varnost,0.05263157894736842
zavarovanje,življenje,0.05263157894736842
zavarovanje,triglav,0.05263157894736842
zavarovanje,zdravstveno,0.10526315789473684
zavarovanje,zdravje,0.10526315789473684
zavarovanje,varovanje,0.05263157894736842
zavarovanje,letno,0.05263157894736842
zavarovanje,vto,0.05263157894736842
zavarovanje,potovanje,0.05263157894736842
zavarovanje,avtomobilsko,0.05263157894736842
zavarovanje,avto,0.15789473684210525
zavarovanje,denar,0.10526315789473684
zavedati,dejstvo,0.047619047619047616
zavedati,zavedati se,0.047619047619047616
zavedati,zavest,0.047619047619047616
zavedati,samozavedanje,0.047619047619047616
zavedati,ljudje,0.047619047619047616
zavedati,um,0.047619047619047616
zavedati,poznate,0.047619047619047616
zavedati,aknowledge,0.047619047619047616
zavedati,človek,0.047619047619047616
zavedati,vedeti,0.047619047619047616
zavedati,obstajati,0.047619047619047616
zavedati,znanje,0.047619047619047616
zavedati,ljubezen,0.047619047619047616
zavedati,sebe,0.047619047619047616
zavedati,se da si zajebal situacijo,0.047619047619047616
zavedati,problemi,0.047619047619047616
zavedati,sprejemati,0.047619047619047616
zavedati,se,0.09523809523809523
zavedati,zavedanje,0.047619047619047616
zavedati,ozavestiti,0.047619047619047616
zavrniti,ja,0.05263157894736842
zavrniti,prijava,0.05263157894736842
zavrniti,pismo,0.05263157894736842
zavrniti,bolečina,0.05263157894736842
zavrniti,naročilo,0.05263157894736842
zavrniti,nesprejetje,0.05263157894736842
zavrniti,partnerja,0.05263157894736842
zavrniti,obrniti,0.05263157894736842
zavrniti,postaviti se zase,0.05263157894736842
zavrniti,odgnati,0.05263157894736842
zavrniti,vsiljevanje,0.05263157894736842
zavrniti,partner,0.05263157894736842
zavrniti,ne hvala,0.05263157894736842
zavrniti,ponudbi,0.05263157894736842
zavrniti,odkloniti,0.05263157894736842
zavrniti,darilo,0.05263157894736842
zavrniti,nekomu reči ne,0.05263157894736842
zavrniti,ponudbo,0.10526315789473684
zbirka,plošča,0.05
zbirka,kolekcija,0.1
zbirka,knjižnica,0.05
zbirka,raznolikost,0.05
zbirka,knjige,0.05
zbirka,hobi,0.05
zbirka,žlahtnih kamnov,0.05
zbirka,pesmi,0.05
zbirka,več,0.05
zbirka,znamke,0.05
zbirka,slike,0.05
zbirka,daril,0.05
zbirka,pesniška,0.05
zbirka,hobiji,0.05
zbirka,spisov,0.05
zbirka,zgodbe,0.05
zbirka,knjig,0.1
zbirka,zbir,0.05
zbornica,skupina,0.05555555555555555
zbornica,trgovinska,0.05555555555555555
zbornica,sola,0.05555555555555555
zbornica,poslovna,0.05555555555555555
zbornica,šola,0.3888888888888889
zbornica,:sobby:,0.05555555555555555
zbornica,učitelj,0.05555555555555555
zbornica,poklicno združenje ali prostor za učitelje,0.05555555555555555
zbornica,učiteljica,0.05555555555555555
zbornica,učitelji,0.1111111111111111
zbornica,zdravniška,0.05555555555555555
zbrani,taborišče,0.04
zbrani,člani družine,0.04
zbrani,gledalci,0.04
zbrani,ljudje,0.08
zbrani,publika,0.04
zbrani,kup,0.04
zbrani,sedeti,0.04
zbrani,družba,0.04
zbrani,grupa,0.04
zbrani,skupnost,0.04
zbrani,množica,0.04
zbrani,navzoči,0.04
zbrani,pod zastavo,0.04
zbrani,koncentriranje,0.04
zbrani,prijatelji,0.08
zbrani,skupaj,0.04
zbrani,zelje,0.04
zbrani,nezbrani,0.04
zbrani,prijatelj,0.04
zbrani,gosti,0.04
zbrani,v šoli,0.04
zbrani,krog,0.04
zbrani,omizje,0.04
zbrati,misli,0.1111111111111111
zbrati,izbrati,0.05555555555555555
zbrati,zbiranje,0.05555555555555555
zbrati,zarja,0.05555555555555555
zbrati,podatke,0.05555555555555555
zbrati,vzorec,0.05555555555555555
zbrati,kovanci,0.05555555555555555
zbrati,na kup,0.05555555555555555
zbrati,pesmi,0.05555555555555555
zbrati,fundacija,0.05555555555555555
zbrati,odločitev,0.05555555555555555
zbrati,sredstva,0.05555555555555555
zbrati,skoncentrirati,0.05555555555555555
zbrati,glasove,0.05555555555555555
zbrati,sestavine,0.05555555555555555
zbrati,se,0.05555555555555555
zbrati,paberkovati,0.05555555555555555
zdrav,življenjski slog,0.03571428571428571
zdrav,bolnica,0.03571428571428571
zdrav,brez bolezni,0.03571428571428571
zdrav,dobro počutje,0.03571428571428571
zdrav,šport,0.03571428571428571
zdrav,e-zdravje,0.03571428571428571
zdrav,življenje,0.03571428571428571
zdrav,del,0.03571428571428571
zdrav,človek,0.07142857142857142
zdrav,bolnik,0.03571428571428571
zdrav,pomembno,0.03571428571428571
zdrav,zdravnik,0.03571428571428571
zdrav,zdravje,0.03571428571428571
zdrav,alkohol,0.03571428571428571
zdrav,bolan,0.03571428571428571
zdrav,hrana,0.03571428571428571
zdrav,pamet,0.03571428571428571
zdrav,čil,0.03571428571428571
zdrav,nisi bolan,0.03571428571428571
zdrav,zrak,0.03571428571428571
zdrav,zdravila,0.03571428571428571
zdrav,jaz,0.03571428571428571
zdrav,telovadba,0.03571428571428571
zdrav,počutje,0.03571428571428571
zdrav,naraven,0.03571428571428571
zdrav,obrok,0.03571428571428571
zdrav,sadje,0.03571428571428571
zdravilo,bolnica,0.05263157894736842
zdravilo,lekarna,0.15789473684210525
zdravilo,tableta,0.05263157894736842
zdravilo,brufen,0.05263157894736842
zdravilo,lek,0.05263157894736842
zdravilo,izboljšanje,0.05263157894736842
zdravilo,tablete,0.05263157894736842
zdravilo,zdravnik,0.05263157894736842
zdravilo,lekarn,0.05263157894736842
zdravilo,astma,0.05263157894736842
zdravilo,aspirin,0.05263157894736842
zdravilo,lobiji,0.05263157894736842
zdravilo,pomoč,0.05263157894736842
zdravilo,bolezen,0.21052631578947367
zdravje,moje,0.05263157894736842
zdravje,dobro počutje,0.05263157894736842
zdravje,sreča,0.05263157894736842
zdravje,šport,0.05263157894736842
zdravje,zelena,0.05263157894736842
zdravje,smeh,0.05263157894736842
zdravje,vrednota,0.05263157894736842
zdravje,holesterol,0.05263157894736842
zdravje,zdravnik,0.10526315789473684
zdravje,onkologija,0.05263157894736842
zdravje,dobro,0.10526315789473684
zdravje,šibko,0.05263157894736842
zdravje,clovem,0.05263157894736842
zdravje,moč,0.05263157894736842
zdravje,samooskrba,0.05263157894736842
zdravje,bolezen,0.10526315789473684
zdravljenje,bolnica,0.12
zdravljenje,goljufija,0.04
zdravljenje,kuga,0.04
zdravljenje,bolnik,0.04
zdravljenje,zdravilišče,0.04
zdravljenje,zdrav,0.04
zdravljenje,bolečina,0.04
zdravljenje,alkohol,0.04
zdravljenje,nog,0.04
zdravljenje,zdravstveni dom,0.04
zdravljenje,raka,0.04
zdravljenje,boljica,0.04
zdravljenje,bolnišnica,0.08
zdravljenje,zdravilec,0.04
zdravljenje,pomoč,0.04
zdravljenje,pogum,0.04
zdravljenje,zdravila,0.08
zdravljenje,zdravilo,0.04
zdravljenje,bolezen,0.12
združen,društvo,0.05263157894736842
združen,združeni narodi,0.05263157894736842
združen,narod,0.05263157894736842
združen,družba,0.05263157894736842
združen,država,0.05263157894736842
združen,države,0.05263157894736842
združen,eu,0.05263157894736842
združen,kraljestvo,0.05263157894736842
združen,evropa,0.05263157894736842
združen,skupaj,0.10526315789473684
združen,narodi,0.05263157894736842
združen,večno,0.05263157894736842
združen,povezan,0.15789473684210525
združen,skupen,0.05263157894736842
združen,seks,0.05263157894736842
združen,celica,0.05263157894736842
združenje,društvo,0.15789473684210525
združenje,narodov,0.05263157894736842
združenje,skupina,0.10526315789473684
združenje,"skupina, ki je namenjena za neko stvar",0.05263157894736842
združenje,družba,0.05263157894736842
združenje,skupnost,0.05263157894736842
združenje,kkk,0.05263157894736842
združenje,unija,0.10526315789473684
združenje,splošnih knjižnic,0.05263157894736842
združenje,zabava,0.05263157894736842
združenje,obrtnikov,0.05263157894736842
združenje,klub,0.05263157894736842
združenje,delavci,0.05263157894736842
združenje,organizacija,0.05263157894736842
združenje,stavba,0.05263157894736842
zelen,jaka,0.05
zelen,drevesni list,0.05
zelen,sadež,0.05
zelen,... travnik,0.05
zelen,jabolka,0.05
zelen,travnik,0.05
zelen,solata,0.05
zelen,kislo,0.05
zelen,jabolko,0.05
zelen,lep,0.05
zelen,moder,0.05
zelen,list,0.05
zelen,trava,0.2
zelen,nezrel,0.05
zelen,pomlad,0.05
zelen,vajenec,0.05
zelen,drevo,0.05
zemlja,rodovitna,0.05
zemlja,planet,0.35
zemlja,dom,0.05
zemlja,prst,0.25
zemlja,okrogla,0.1
zemlja,zeleno,0.05
zemlja,rodovitnost,0.05
zemlja,globus,0.05
zemlja,zelenjava,0.05
zemljišče,posest,0.15789473684210525
zemljišče,parcela,0.05263157894736842
zemljišče,zemlja,0.05263157894736842
zemljišče,hiša,0.21052631578947367
zemljišče,rjava,0.05263157894736842
zemljišče,teren,0.05263157894736842
zemljišče,kmetijsko,0.05263157894736842
zemljišče,gradnja,0.05263157894736842
zemljišče,nepremičnina,0.05263157894736842
zemljišče,denar,0.05263157894736842
zemljišče,vrt,0.05263157894736842
zemljišče,lastnina,0.05263157894736842
zemljišče,ob vodi,0.05263157894736842
zemljišče,uradno,0.05263157894736842
žena,družina,0.05555555555555555
žena,soproga,0.05555555555555555
žena,partnerka,0.05555555555555555
žena,poroka,0.1111111111111111
žena,čudež narave,0.05555555555555555
žena,dobra,0.05555555555555555
žena,mati,0.05555555555555555
žena,naj bi bila jaz,0.05555555555555555
žena,skupnost,0.05555555555555555
žena,mož,0.3888888888888889
žena,dekle,0.05555555555555555
ženski,spol,0.3888888888888889
ženski,obleka,0.05555555555555555
ženski,ženska,0.05555555555555555
ženski,dojka,0.05555555555555555
ženski,feminilen,0.05555555555555555
ženski,pogled,0.05555555555555555
ženski,moški,0.2222222222222222
ženski,dežnik,0.05555555555555555
ženski,spl,0.05555555555555555
zgodovinski,predavatelj,0.05555555555555555
zgodovinski,pretekli,0.05555555555555555
zgodovinski,historičen,0.05555555555555555
zgodovinski,trenutek,0.05555555555555555
zgodovinski,park,0.05555555555555555
zgodovinski,dogodek,0.1111111111111111
zgodovinski,historični,0.1111111111111111
zgodovinski,oris,0.05555555555555555
zgodovinski,učbenik,0.1111111111111111
zgodovinski,raziskava,0.05555555555555555
zgodovinski,roman,0.05555555555555555
zgodovinski,spomeniki,0.05555555555555555
zgodovinski,dinozaver,0.05555555555555555
zgodovinski,dan,0.05555555555555555
zgodovinski,vir,0.05555555555555555
zgornji,sosed,0.05263157894736842
zgornji,gor,0.05263157894736842
zgornji,višji,0.10526315789473684
zgornji,"višji, pri robu, polica",0.05263157894736842
zgornji,nadstropje,0.05263157894736842
zgornji,tok,0.05263157894736842
zgornji,del,0.05263157894736842
zgornji,nad,0.05263157894736842
zgornji,rob,0.05263157894736842
zgornji,dom,0.10526315789473684
zgornji,najvišji,0.05263157894736842
zgornji,na vrhu,0.05263157894736842
zgornji,predal,0.05263157894736842
zgornji,spodnji,0.21052631578947367
zgraditi,beton,0.05263157894736842
zgraditi,zgradba,0.10526315789473684
zgraditi,hiša,0.3157894736842105
zgraditi,mesto,0.05263157894736842
zgraditi,postaviti,0.05263157894736842
zgraditi,na novo,0.05263157894736842
zgraditi,dober odnos,0.05263157894736842
zgraditi,pozidati,0.05263157894736842
zgraditi,hišo,0.21052631578947367
zgraditi,stavba,0.05263157894736842
zimski,turizem,0.05
zimski,plašč,0.05
zimski,snežak,0.05
zimski,sneg,0.1
zimski,čas,0.1
zimski,šport,0.1
zimski,vreme,0.05
zimski,to ni zima,0.05
zimski,kapa,0.05
zimski,sport,0.05
zimski,spomladanski,0.05
zimski,dan,0.05
zimski,večr,0.05
zimski,semester,0.05
zimski,mrzel,0.05
zimski,mrzlo,0.05
zimski,mraz,0.05
živ,nasprotje od neživ/mrtev,0.05263157894736842
živ,veselje,0.05263157894736842
živ,"živec, živžav, življenje",0.05263157894736842
živ,življenje,0.10526315789473684
živ,človek,0.10526315789473684
živ,kdor živi,0.05263157894736842
živ,zdrav,0.05263157894736842
živ,vitalen,0.05263157894736842
živ,živahen,0.05263157894736842
živ,žav,0.05263157894736842
živ,dihajoč,0.05263157894736842
živ,mrtev,0.21052631578947367
živ,jaz,0.05263157894736842
živ,živ-žav,0.05263157894736842
žival,nežnost,0.05263157894736842
žival,pes,0.2631578947368421
žival,življenje,0.05263157894736842
žival,človek,0.10526315789473684
žival,konj,0.05263157894736842
žival,mačka,0.10526315789473684
žival,ljubezen,0.05263157894736842
žival,muca,0.10526315789473684
žival,živo bitje,0.05263157894736842
žival,zver,0.05263157894736842
žival,domača,0.05263157894736842
žival,tačke,0.05263157894736842
življenjski,stil,0.1
življenjski,dosežki,0.05
življenjski,vpliva na življenje,0.05
življenjski,nasvet,0.05
življenjski,slog,0.2
življenjski,cilj,0.1
življenjski,sopotnik,0.05
življenjski,težaven zapis besede,0.05
življenjski,napaka brez j pri nj,0.05
življenjski,cikel,0.05
življenjski,delo,0.05
življenjski,vir,0.05
življenjski,star,0.05
življenjski,realen,0.1
zjutraj,sonce,0.10526315789473684
zjutraj,čaj,0.05263157894736842
zjutraj,zaspan,0.10526315789473684
zjutraj,svetloba,0.05263157894736842
zjutraj,jutro,0.05263157894736842
zjutraj,zvečer,0.05263157894736842
zjutraj,odeja,0.05263157894736842
zjutraj,zajtrk,0.05263157894736842
zjutraj,zora,0.05263157894736842
zjutraj,ob zori,0.05263157894736842
zjutraj,kava,0.05263157894736842
zjutraj,jajčka,0.05263157894736842
zjutraj,sex,0.05263157894736842
zjutraj,dan,0.05263157894736842
zjutraj,ura,0.05263157894736842
zjutraj,ne govorim,0.05263157894736842
zjutraj,rosa,0.05263157894736842
zlat,kovina,0.058823529411764705
zlat,rumen,0.11764705882352941
zlat,moč,0.058823529411764705
zlat,prstan,0.29411764705882354
zlat,žlica,0.058823529411764705
zlat,zmaj,0.058823529411764705
zlat,ogrlica,0.058823529411764705
zlat,srebrn,0.058823529411764705
zlat,dragocen,0.058823529411764705
zlat,drag,0.058823529411764705
zlat,verižica,0.058823529411764705
zlat,zob,0.058823529411764705
zmagati,pokal,0.047619047619047616
zmagati,veselje,0.047619047619047616
zmagati,uspeti,0.047619047619047616
zmagati,premagati nekoga,0.047619047619047616
zmagati,tekma,0.047619047619047616
zmagati,biti prvi,0.09523809523809523
zmagati,triumf,0.047619047619047616
zmagati,tekmovanje,0.047619047619047616
zmagati,zmagovati,0.047619047619047616
zmagati,partijo,0.047619047619047616
zmagati,olimpijske igre,0.047619047619047616
zmagati,zgubiti,0.047619047619047616
zmagati,tekmovati,0.047619047619047616
zmagati,dobro,0.047619047619047616
zmagati,tekmo,0.047619047619047616
zmagati,nekoga poraziti,0.047619047619047616
zmagati,dokazati se,0.047619047619047616
zmagati,vojna,0.047619047619047616
zmagati,finale,0.047619047619047616
zmagati,zmaga,0.047619047619047616
zmagovalec,pokal,0.047619047619047616
zmagovalec,zmagovalka,0.047619047619047616
zmagovalec,sem,0.047619047619047616
zmagovalec,pogačar,0.047619047619047616
zmagovalec,šport,0.09523809523809523
zmagovalec,šampion,0.047619047619047616
zmagovalec,prvak v športu,0.047619047619047616
zmagovalec,življenje,0.047619047619047616
zmagovalec,prvi na tekmovanju,0.047619047619047616
zmagovalec,tekma,0.047619047619047616
zmagovalec,izziv,0.047619047619047616
zmagovalec,medalja,0.14285714285714285
zmagovalec,winner,0.047619047619047616
zmagovalec,najboljši,0.09523809523809523
zmagovalec,stopničke,0.047619047619047616
zmagovalec,the winner takes it all (abba),0.047619047619047616
zmagovalec,nagrada,0.047619047619047616
zmanjšati,količino odpadkov,0.058823529411764705
zmanjšati,omejiti,0.058823529411764705
zmanjšati,problem,0.058823529411764705
zmanjšati,izboljšati,0.058823529411764705
zmanjšati,vpliv,0.058823529411764705
zmanjšati,odvzeti,0.11764705882352941
zmanjšati,alkohol,0.058823529411764705
zmanjšati,manjšati,0.058823529411764705
zmanjšati,minimalizirati,0.058823529411764705
zmanjšati,oblačila,0.058823529411764705
zmanjšati,revščino,0.058823529411764705
zmanjšati,odrezati,0.058823529411764705
zmanjšati,pomanjšati,0.058823529411764705
zmanjšati,majhen,0.058823529411764705
zmanjšati,nakupovanje,0.058823529411764705
zmanjšati,smeti,0.058823529411764705
zmoči,mokro,0.2
zmoči,dosežek,0.05
zmoči,omokri,0.05
zmoči,biti močan,0.05
zmoči,moker,0.05
zmoči,lavor,0.05
zmoči,omoči,0.05
zmoči,luža,0.05
zmoči,lahko,0.05
zmoči,moči,0.05
zmoči,voda,0.05
zmoči,dež,0.15
zmoči,sprehod po dežju,0.05
zmoči,moč,0.1
značilen,tipičen,0.3
značilen,lastnost,0.2
značilen,izpostavljen,0.05
značilen,stil,0.05
značilen,prepoznaven,0.05
značilen,specifičen,0.05
značilen,človek,0.05
značilen,vsem poznan,0.05
značilen,narava,0.05
značilen,ki ga je moč pripisati,0.05
značilen,rastlina,0.05
značilen,predstavnik,0.05
znajti,se na zemljevidu,0.05555555555555555
znajti,v labitintu,0.05555555555555555
znajti,sposobnost,0.05555555555555555
znajti,premeten,0.05555555555555555
znajti,življenje,0.05555555555555555
znajti,rešitev,0.05555555555555555
znajti,poiskati rešitev,0.05555555555555555
znajti,iznajti,0.05555555555555555
znajti,balkan,0.05555555555555555
znajti,iznajdljivost,0.05555555555555555
znajti,pamet,0.05555555555555555
znajti,se,0.2222222222222222
znajti,iznajdljiv,0.05555555555555555
znajti,skavt,0.05555555555555555
znajti,nabrit,0.05555555555555555
znak,označeno,0.047619047619047616
znak,promet,0.14285714285714285
znak,grd,0.047619047619047616
znak,stop,0.047619047619047616
znak,prometni,0.47619047619047616
znak,simptom,0.047619047619047616
znak,opozorilo,0.047619047619047616
znak,minus,0.047619047619047616
znak,simbol,0.09523809523809523
znamka,poštna,0.1
znamka,znanka,0.05
znamka,oblačilo,0.05
znamka,pismo,0.25
znamka,znana,0.05
znamka,avtomobil,0.05
znamka,ovojnica,0.05
znamka,posta,0.05
znamka,oblačila,0.05
znamka,pošta,0.1
znamka,zbiratelj,0.05
znamka,firma,0.1
znamka,kapitalizem,0.05
znanje,pozitivno ocenjeno,0.05263157894736842
znanje,težko,0.05263157894736842
znanje,pridobiti,0.05263157894736842
znanje,vedenje,0.05263157894736842
znanje,knjige,0.05263157894736842
znanje,sola,0.05263157894736842
znanje,razumevanje,0.05263157894736842
znanje,um,0.05263157894736842
znanje,izobrazba,0.05263157894736842
znanje,ocene,0.05263157894736842
znanje,šola,0.15789473684210525
znanje,učenje,0.05263157894736842
znanje,knjiga,0.05263157894736842
znanje,univerza,0.05263157894736842
znanje,informacije,0.05263157894736842
znanje,neznanje,0.05263157894736842
znanje,odlično,0.05263157894736842
znanost,o pojavih,0.05263157894736842
znanost,veda,0.15789473684210525
znanost,raziskovanje,0.05263157894736842
znanost,inteligentnost,0.05263157894736842
znanost,veselje,0.05263157894736842
znanost,doktorji,0.05263157894736842
znanost,skupek znanja,0.05263157894736842
znanost,in tehnologija,0.05263157894736842
znanost,znanje,0.05263157894736842
znanost,kemija,0.05263157894736842
znanost,raziskava,0.05263157894736842
znanost,družbena,0.05263157894736842
znanost,pamet,0.05263157894736842
znanost,univerza,0.05263157894736842
znanost,biologija,0.05263157894736842
znanost,science illustrated,0.05263157894736842
znanost,znanstvenik,0.05263157894736842
znašati,se nad nekom,0.05263157894736842
znašati,cena,0.05263157894736842
znašati,znesek,0.05263157894736842
znašati,se nad kom,0.05263157894736842
znašati,kamenje,0.05263157894736842
znašati,znašati se nad nekom,0.10526315789473684
znašati,dreti se,0.05263157894736842
znašati,teženje,0.05263157894736842
znašati,nositi skupaj / na kup/ na eno mesto,0.05263157894736842
znašati,nasilje,0.10526315789473684
znašati,prijatelj,0.05263157894736842
znašati,zaupanje,0.05263157894736842
znašati,napad,0.05263157894736842
znašati,lebron james,0.05263157894736842
znašati,krivica,0.05263157894736842
znašati,dajat reakcije na nekoga,0.05263157894736842
znašati,nadmoč,0.05263157894736842
znesek,vsota,0.3684210526315789
znesek,cena,0.05263157894736842
znesek,dnar,0.05263157894736842
znesek,trgovina,0.05263157894736842
znesek,neskončno,0.05263157894736842
znesek,denar,0.3684210526315789
znesek,vrednost,0.05263157894736842
znižati,cena,0.10526315789473684
znižati,nižje,0.05263157894736842
znižati,oceno,0.05263157894736842
znižati,ceno,0.15789473684210525
znižati,glasnost,0.05263157894736842
znižati,zvišati,0.05263157894736842
znižati,cene,0.05263157894736842
znižati,davke,0.05263157894736842
znižati,razprodaje,0.05263157894736842
znižati,spustiti,0.05263157894736842
znižati,cebo,0.05263157894736842
znižati,standard,0.05263157894736842
znižati,zmanjšati,0.15789473684210525
znižati,manj,0.05263157894736842
žoga,vedno okrogla,0.05263157894736842
žoga,otrok,0.05263157894736842
žoga,gol,0.05263157894736842
žoga,brcati,0.05263157894736842
žoga,igra,0.10526315789473684
žoga,odbojka,0.05263157894736842
žoga,okrogla,0.10526315789473684
žoga,pisana,0.05263157894736842
žoga,krogla,0.05263157894736842
žoga,nekaj okroglega,0.05263157894736842
žoga,nogomet,0.3157894736842105
žoga,je okrogla,0.05263157894736842
zrak,čist,0.09090909090909091
zrak,svež,0.045454545454545456
zrak,rak,0.045454545454545456
zrak,dihanje,0.2727272727272727
zrak,veter,0.09090909090909091
zrak,kisik,0.09090909090909091
zrak,voda,0.045454545454545456
zrak,delci,0.045454545454545456
zrak,onesnaženost,0.045454545454545456
zrak,neviden,0.045454545454545456
zrak,h²o,0.045454545454545456
zrak,luft,0.045454545454545456
zrak,dih,0.045454545454545456
zrak,je čist,0.045454545454545456
žrtev,mrtva oseba,0.05263157894736842
žrtev,izguba,0.05263157894736842
žrtev,nesreča,0.10526315789473684
žrtev,nasilja,0.2631578947368421
žrtev,kri,0.05263157894736842
žrtev,zloraba,0.05263157894736842
žrtev,nasilje,0.10526315789473684
žrtev,smrt,0.15789473684210525
žrtev,napad,0.05263157894736842
žrtev,zločin,0.10526315789473684
zvečer,čas za počitek,0.05
zvečer,sinoči,0.05
zvečer,bom,0.05
zvečer,sprostitev,0.05
zvečer,spat,0.05
zvečer,zaspanost,0.05
zvečer,zvezde,0.05
zvečer,kavč,0.05
zvečer,spanje,0.05
zvečer,tema,0.05
zvečer,pozno,0.05
zvečer,mesec,0.05
zvečer,noč,0.05
zvečer,petek,0.05
zvečer,spati,0.05
zvečer,zjutraj,0.05
zvečer,mir,0.05
zvečer,luna,0.05
zvečer,večer,0.05
zvečer,pivo,0.05
zvezda,pet krakov,0.05555555555555555
zvezda,noč,0.1111111111111111
zvezda,stella,0.05555555555555555
zvezda,opazovanje,0.05555555555555555
zvezda,luna,0.05555555555555555
zvezda,vesolje,0.16666666666666666
zvezda,zaspanka,0.05555555555555555
zvezda,večer,0.05555555555555555
zvezda,svetiti,0.05555555555555555
zvezda,nebo,0.16666666666666666
zvezda,severnica,0.05555555555555555
zvezda,kavarna,0.05555555555555555
zvezda,danica,0.05555555555555555
zvezdnik,taylor swift,0.05
zvezdnik,slava,0.2
zvezdnik,filma,0.05
zvezdnik,odlepljen,0.05
zvezdnik,film,0.15
zvezdnik,bogat,0.05
zvezdnik,brad pit,0.05
zvezdnik,znana oseba,0.05
zvezdnik,super star,0.05
zvezdnik,denar,0.05
zvezdnik,zvezda,0.2
zvezdnik,igralec,0.05
zvezni,nemčija,0.05555555555555555
zvezni,dežela,0.05555555555555555
zvezni,povezani,0.05555555555555555
zvezni,povezanost,0.05555555555555555
zvezni,stavek,0.05555555555555555
zvezni,država,0.2222222222222222
zvezni,neprekinjeni,0.05555555555555555
zvezni,parlament,0.05555555555555555
zvezni,člen,0.1111111111111111
zvezni,vez,0.05555555555555555
zvezni,povezan,0.05555555555555555
zvezni,proračun,0.05555555555555555
zvezni,komite,0.05555555555555555
zvezni,sovjeti,0.05555555555555555
