[diag] run_dir=/home/demetrios/work/sounio/artifacts/diagnostic/final-20260220T115414Z
[diag] command=bash /home/demetrios/work/sounio/scripts/fast_gate.sh
[fast-gate] 1/9 cargo preflight (no conflicting workspace cargo jobs)
[preflight] isolated diagnostic mode detected; skipping workspace cargo conflict scan
[fast-gate] 2/9 syntax drift scan
[warn] rust-let-mut: examples/advanced_glm_optimization.sio:20: let mut result = Knowledge::new(0, 0, 1, "accumulator")
[warn] rust-let-mut: examples/advanced_glm_optimization.sio:40: let mut sum = 0.0
[warn] rust-let-mut: examples/advanced_glm_optimization.sio:55: let mut total = Knowledge::new(0, 0, 1, "accumulator")
[warn] rust-let-mut: examples/advanced_glm_optimization.sio:74: let mut array_a = zero_array<f64>(size)
[warn] rust-let-mut: examples/advanced_glm_optimization.sio:75: let mut array_b = zero_array<f64>(size)
[warn] rust-let-mut: examples/advanced_glm_optimization.sio:94: let mut result = Knowledge::new(0.0, 0, 1, "final_result")
[warn] rust-let-mut: examples/advanced_glm_optimization.sio:114: let mut total_uncertainty = Knowledge::new(0.0, 0.0, 1.0, "total_accumulator")
[warn] rust-let-mut: examples/advanced_glm_optimization.sio:117: let mut simulation_result = Knowledge::new(0.0, 0.0, 1.0, "simulation_accumulator")
[warn] rust-let-mut: examples/advanced_glm_optimization.sio:156: let mut matrix = zero_matrix<f64>(matrix_size, matrix_size)
[warn] rust-let-mut: examples/advanced_glm_optimization.sio:170: let mut result = Knowledge::new(0.0, 0.0, 1.0, "matrix_result")
[warn] rust-let-mut: examples/advanced_glm_optimization.sio:175: let mut element_sum = Knowledge::new(0.0, 0.0, 1.0, "element_accumulator")
[warn] rust-let-mut: examples/advanced_glm_optimization.sio:199: let mut result = Knowledge::new(0.0, 0.0, 1.0, "gpu_result")
[warn] rust-let-mut: examples/ai_scientific_demo.sio:353: let mut params = initial_params;
[warn] rust-let-mut: examples/autodiff/tape_demo.sio:58: let mut t1 = new_tape()
[warn] rust-let-mut: examples/autodiff/tape_demo.sio:71: let mut t2 = new_tape()
[warn] rust-let-mut: examples/autodiff/tape_demo.sio:87: let mut t3 = new_tape()
[warn] rust-let-mut: examples/autodiff/tape_demo.sio:107: let mut t4 = new_tape()
[warn] rust-let-mut: examples/autodiff/tape_demo.sio:129: let mut t5 = new_tape()
[warn] rust-let-mut: examples/autodiff/tape_demo.sio:144: let mut t6 = new_tape()
[warn] rust-let-mut: examples/glm_optimization_demo.sio:32: let mut result = zero_matrix()
[warn] rust-let-mut: examples/glm_optimization_demo.sio:37: let mut sum = Knowledge::new(0.0, 0.0, 1.0, "accumulator")
[warn] rust-let-mut: examples/glm_optimization_demo.sio:86: let mut total = Knowledge::new(0.0, 0.0, 1.0, "accumulator")
[warn] rust-let-mut: examples/lsp_demo.sio:60: let mut total = Knowledge::new(0.0, 0.0, 1.0, "accumulator")
[warn] rust-let-mut: examples/nn/autograd_demo.sio:12: let mut ok = true
[warn] rust-let-mut: examples/nn/autograd_demo.sio:17: let mut t1 = tape_new()
[warn] rust-let-mut: examples/nn/autograd_demo.sio:38: let mut t2 = tape_new()
[warn] rust-let-mut: examples/nn/autograd_demo.sio:54: let mut t3 = tape_new()
[warn] rust-let-mut: examples/nn/autograd_demo.sio:74: let mut t4 = tape_new()
[warn] rust-let-mut: examples/nn/autograd_demo.sio:90: let mut t5 = tape_new()
[warn] rust-let-mut: examples/nn/autograd_demo.sio:118: let mut t6a = tape_new()
[warn] rust-let-mut: examples/nn/autograd_demo.sio:134: let mut t6b = tape_new()
[warn] rust-let-mut: examples/nn/autograd_demo.sio:150: let mut t7 = tape_new()
[warn] rust-let-mut: examples/nn/autograd_demo.sio:168: let mut t8 = tape_new()
[warn] rust-let-mut: examples/nn/autograd_demo.sio:185: let mut t9 = tape_new()
[warn] rust-let-mut: examples/nn/autograd_demo.sio:209: let mut t10 = tape_new()
[warn] rust-let-mut: examples/nn/autograd_demo.sio:225: let mut t11 = tape_new()
[warn] rust-let-mut: examples/nn/autograd_demo.sio:247: let mut t12 = tape_new()
[warn] rust-let-mut: examples/nn/autograd_demo.sio:271: let mut t13 = tape_new()
[warn] rust-let-mut: examples/nn/autograd_demo.sio:305: let mut t14 = tape_new()
[warn] rust-let-mut: examples/nn/autograd_demo.sio:327: let mut t15 = tape_new()
[warn] rust-let-mut: examples/nn/autograd_demo.sio:361: let mut t16 = tape_new()
[warn] rust-let-mut: examples/nn/autograd_demo.sio:390: let mut t17 = tape_new()
[warn] rust-let-mut: examples/nn/autograd_demo.sio:421: let mut t18 = tape_new()
[warn] rust-let-mut: examples/nn/autograd_demo.sio:2071: let mut zero_count = 0.0
[warn] rust-let-mut: examples/nn/autograd_demo.sio:2072: let mut s_rng = rng64
[warn] rust-let-mut: examples/nn/autograd_demo.sio:2244: let mut kept_count = 0.0
[warn] rust-let-mut: examples/nn/dense2_demo.sio:13: let mut ok = true
[warn] rust-let-mut: examples/nn/dense2_demo.sio:92: let mut layer4 = dense2_new(0.1, 0.1, 0.0)
[warn] rust-let-mut: examples/nn/dense2_demo.sio:95: let mut epoch = 0
[warn] rust-let-mut: examples/nn/dense2_demo.sio:175: let mut layer5 = dense2_new(0.1, 0.1, 0.0)
[warn] rust-let-mut: examples/nn/dense2_demo.sio:177: let mut epoch5 = 0
[warn] rust-let-mut: examples/nn/dense_demo.sio:13: let mut ok = true
[warn] rust-let-mut: examples/nn/dense_demo.sio:80: let mut layer4 = dense_new(0.1, 0.0)  // Start with small weights
[warn] rust-let-mut: examples/nn/dense_demo.sio:87: let mut epoch = 0
[warn] rust-let-mut: examples/nn/dense_demo.sio:88: let mut loss_sum = 0.0
[warn] rust-let-mut: examples/nn/dense_quaternion_demo.sio:12: let mut ok = true
[warn] rust-let-mut: examples/nn/mlp_classifier_demo.sio:16: let mut ok = true
[warn] rust-let-mut: examples/nn/mlp_classifier_demo.sio:19: let mut w11 = 1.0
[warn] rust-let-mut: examples/nn/mlp_classifier_demo.sio:20: let mut w12 = 1.0
[warn] rust-let-mut: examples/nn/mlp_classifier_demo.sio:21: let mut b1 = -0.5
[warn] rust-let-mut: examples/nn/mlp_classifier_demo.sio:22: let mut w21 = 1.0
[warn] rust-let-mut: examples/nn/mlp_classifier_demo.sio:23: let mut w22 = 1.0
[warn] rust-let-mut: examples/nn/mlp_classifier_demo.sio:24: let mut b2 = -1.5
[warn] rust-let-mut: examples/nn/mlp_classifier_demo.sio:25: let mut v01 = 1.0
[warn] rust-let-mut: examples/nn/mlp_classifier_demo.sio:26: let mut v02 = -2.0
[warn] rust-let-mut: examples/nn/mlp_classifier_demo.sio:27: let mut c0 = 0.0
[warn] rust-let-mut: examples/nn/mlp_classifier_demo.sio:28: let mut v11 = -1.0
[warn] rust-let-mut: examples/nn/mlp_classifier_demo.sio:29: let mut v12 = 2.0
[warn] rust-let-mut: examples/nn/mlp_classifier_demo.sio:30: let mut c1 = 0.0
[warn] rust-let-mut: examples/nn/mlp_classifier_demo.sio:33: let mut m_w11 = 0.0
[warn] rust-let-mut: examples/nn/mlp_classifier_demo.sio:34: let mut m_w12 = 0.0
[warn] rust-let-mut: examples/nn/mlp_classifier_demo.sio:35: let mut m_b1 = 0.0
[warn] rust-let-mut: examples/nn/mlp_classifier_demo.sio:36: let mut m_w21 = 0.0
[warn] rust-let-mut: examples/nn/mlp_classifier_demo.sio:37: let mut m_w22 = 0.0
[warn] rust-let-mut: examples/nn/mlp_classifier_demo.sio:38: let mut m_b2 = 0.0
[warn] rust-let-mut: examples/nn/mlp_classifier_demo.sio:39: let mut m_v01 = 0.0
[warn] rust-let-mut: examples/nn/mlp_classifier_demo.sio:40: let mut m_v02 = 0.0
[warn] rust-let-mut: examples/nn/mlp_classifier_demo.sio:41: let mut m_c0 = 0.0
[warn] rust-let-mut: examples/nn/mlp_classifier_demo.sio:42: let mut m_v11 = 0.0
[warn] rust-let-mut: examples/nn/mlp_classifier_demo.sio:43: let mut m_v12 = 0.0
[warn] rust-let-mut: examples/nn/mlp_classifier_demo.sio:44: let mut m_c1 = 0.0
[warn] rust-let-mut: examples/nn/mlp_classifier_demo.sio:47: let mut s_w11 = 0.0
[warn] rust-let-mut: examples/nn/mlp_classifier_demo.sio:48: let mut s_w12 = 0.0
[warn] rust-let-mut: examples/nn/mlp_classifier_demo.sio:49: let mut s_b1 = 0.0
[warn] rust-let-mut: examples/nn/mlp_classifier_demo.sio:50: let mut s_w21 = 0.0
[warn] rust-let-mut: examples/nn/mlp_classifier_demo.sio:51: let mut s_w22 = 0.0
[warn] rust-let-mut: examples/nn/mlp_classifier_demo.sio:52: let mut s_b2 = 0.0
[warn] rust-let-mut: examples/nn/mlp_classifier_demo.sio:53: let mut s_v01 = 0.0
[warn] rust-let-mut: examples/nn/mlp_classifier_demo.sio:54: let mut s_v02 = 0.0
[warn] rust-let-mut: examples/nn/mlp_classifier_demo.sio:55: let mut s_c0 = 0.0
[warn] rust-let-mut: examples/nn/mlp_classifier_demo.sio:56: let mut s_v11 = 0.0
[warn] rust-let-mut: examples/nn/mlp_classifier_demo.sio:57: let mut s_v12 = 0.0
[warn] rust-let-mut: examples/nn/mlp_classifier_demo.sio:58: let mut s_c1 = 0.0
[warn] rust-let-mut: examples/nn/mlp_classifier_demo.sio:69: let mut beta1_t = 1.0  // Will be beta1^t
[warn] rust-let-mut: examples/nn/mlp_classifier_demo.sio:70: let mut beta2_t = 1.0  // Will be beta2^t
[warn] rust-let-mut: examples/nn/mlp_classifier_demo.sio:74: let mut epoch = 0
[warn] rust-let-mut: examples/nn/mlp_xor_demo.sio:12: let mut ok = true
[warn] rust-let-mut: examples/nn/mlp_xor_demo.sio:37: let mut w1h1 = 1.0
[warn] rust-let-mut: examples/nn/mlp_xor_demo.sio:38: let mut w2h1 = 1.0
[warn] rust-let-mut: examples/nn/mlp_xor_demo.sio:39: let mut bh1 = -0.5
[warn] rust-let-mut: examples/nn/mlp_xor_demo.sio:40: let mut w1h2 = 1.0
[warn] rust-let-mut: examples/nn/mlp_xor_demo.sio:41: let mut w2h2 = 1.0
[warn] rust-let-mut: examples/nn/mlp_xor_demo.sio:42: let mut bh2 = -1.5
[warn] rust-let-mut: examples/nn/mlp_xor_demo.sio:43: let mut wo1 = 1.0
[warn] rust-let-mut: examples/nn/mlp_xor_demo.sio:44: let mut wo2 = -1.0
[warn] rust-let-mut: examples/nn/mlp_xor_demo.sio:45: let mut bo = -0.5
[warn] rust-let-mut: examples/nn/mlp_xor_demo.sio:48: let mut m_w1h1 = 0.0
[warn] rust-let-mut: examples/nn/mlp_xor_demo.sio:49: let mut m_w2h1 = 0.0
[warn] rust-let-mut: examples/nn/mlp_xor_demo.sio:50: let mut m_bh1 = 0.0
[warn] rust-let-mut: examples/nn/mlp_xor_demo.sio:51: let mut m_w1h2 = 0.0
[warn] rust-let-mut: examples/nn/mlp_xor_demo.sio:52: let mut m_w2h2 = 0.0
[warn] rust-let-mut: examples/nn/mlp_xor_demo.sio:53: let mut m_bh2 = 0.0
[warn] rust-let-mut: examples/nn/mlp_xor_demo.sio:54: let mut m_wo1 = 0.0
[warn] rust-let-mut: examples/nn/mlp_xor_demo.sio:55: let mut m_wo2 = 0.0
[warn] rust-let-mut: examples/nn/mlp_xor_demo.sio:56: let mut m_bo = 0.0
[warn] rust-let-mut: examples/nn/mlp_xor_demo.sio:59: let mut s_w1h1 = 0.0
[warn] rust-let-mut: examples/nn/mlp_xor_demo.sio:60: let mut s_w2h1 = 0.0
[warn] rust-let-mut: examples/nn/mlp_xor_demo.sio:61: let mut s_bh1 = 0.0
[warn] rust-let-mut: examples/nn/mlp_xor_demo.sio:62: let mut s_w1h2 = 0.0
[warn] rust-let-mut: examples/nn/mlp_xor_demo.sio:63: let mut s_w2h2 = 0.0
[warn] rust-let-mut: examples/nn/mlp_xor_demo.sio:64: let mut s_bh2 = 0.0
[warn] rust-let-mut: examples/nn/mlp_xor_demo.sio:65: let mut s_wo1 = 0.0
[warn] rust-let-mut: examples/nn/mlp_xor_demo.sio:66: let mut s_wo2 = 0.0
[warn] rust-let-mut: examples/nn/mlp_xor_demo.sio:67: let mut s_bo = 0.0
[warn] rust-let-mut: examples/nn/mlp_xor_demo.sio:76: let mut beta1_t = 1.0
[warn] rust-let-mut: examples/nn/mlp_xor_demo.sio:77: let mut beta2_t = 1.0
[warn] rust-let-mut: examples/nn/mlp_xor_demo.sio:79: let mut epoch = 0
[warn] rust-let-mut: examples/nn/optimizers_quaternion_demo.sio:12: let mut ok = true
[warn] rust-let-mut: examples/nn/pbpk_example.sio:210: let mut final_concentrations = vec![0.0; model.num_organs as usize]
[warn] rust-let-mut: examples/nn/pbpk_example.sio:212: let mut organ_idx = 0
[warn] rust-let-mut: examples/nn/pbpk_example.sio:238: let mut quaternions = vec![]
[warn] rust-let-mut: examples/nn/pbpk_example.sio:334: let mut results = PBKPSimulationResult::new()
[warn] rust-let-mut: examples/nn/pbpk_example.sio:340: let mut t = 0.0
[warn] rust-let-mut: examples/nn/pbpk_example.sio:341: let mut time_idx = 0
[warn] rust-let-mut: examples/nn/pbpk_example.sio:404: let mut organ_idx = 0
[warn] rust-let-mut: examples/nn/pbpk_example.sio:406: let mut max_conc = 0.0
[warn] rust-let-mut: examples/nn/pbpk_example.sio:407: let mut peak_time = 0.0
[warn] rust-let-mut: examples/nn/pbpk_example.sio:408: let mut auc = 0.0
[warn] rust-let-mut: examples/nn/pbpk_example.sio:410: let mut time_idx = 0
[warn] rust-let-mut: examples/nn/pbpk_example.sio:456: let mut inputs = vec![]
[warn] rust-let-mut: examples/nn/pbpk_example.sio:457: let mut targets = vec![]
[warn] rust-let-mut: examples/nn/pbpk_example.sio:458: let mut metadata = vec![]
[warn] rust-let-mut: examples/nn/pbpk_example.sio:472: let mut sample_idx = 0
[warn] rust-let-mut: examples/nn/pbpk_example.sio:597: let mut concentrations_over_time = vec![]
[warn] rust-let-mut: examples/nn/pbpk_example.sio:599: let mut t = 0.0
[warn] rust-let-mut: examples/nn/pbpk_example.sio:600: let mut time_idx = 0
[warn] rust-let-mut: examples/nn/pbpk_example.sio:602: let mut organ_concentrations = vec![]
[warn] rust-let-mut: examples/nn/pbpk_example.sio:604: let mut organ_idx = 0
[warn] rust-let-mut: examples/nn/pbpk_example.sio:654: let mut sum = 1.0
[warn] rust-let-mut: examples/nn/pbpk_example.sio:655: let mut term = 1.0
[warn] rust-let-mut: examples/nn/pbpk_example.sio:656: let mut i = 1
[warn] rust-let-mut: examples/nn/pbpk_example.sio:672: let mut ok = true
[warn] rust-let-mut: examples/nn/pbpk_example.sio:735: let mut organ_idx = 0
[warn] rust-let-mut: examples/nn/pbpk_example.sio:770: let mut q_idx = 0
[warn] rust-let-mut: examples/nn/quaternion_demo.sio:12: let mut ok = true
[warn] rust-let-mut: examples/ode/pbpk_tiny_demo.sio:17: let mut st = PBPKState { gut: 500.0, central: 0.0 }
[warn] rust-let-mut: examples/ode/pbpk_tiny_demo.sio:23: let mut i = 0
[warn] rust-let-mut: examples/prob/mcmc_demo.sio:14: let mut x = 0.0
[warn] rust-let-mut: examples/prob/mcmc_demo.sio:20: let mut i = 0
[warn] rust-let-mut: examples/prob/mod_demo.sio:14: let mut rng = rng_new(42)
[warn] rust-let-mut: examples/prob/mod_demo.sio:15: let mut sum_normal = 0.0
[warn] rust-let-mut: examples/prob/mod_demo.sio:16: let mut i: i64 = 0
[warn] rust-let-mut: examples/prob/mod_demo.sio:33: let mut sum_uniform = 0.0
[warn] rust-let-mut: examples/prob/mod_demo.sio:49: let mut sum_bernoulli = 0.0
[warn] rust-let-mut: examples/prob/mod_demo.sio:64: let mut model = beta_bernoulli_new(1.0, 1.0)  // Uniform prior
[warn] rust-let-mut: examples/prob/mod_demo.sio:78: let mut sum_posterior = 0.0
[warn] rust-let-mut: examples/prob/mod_demo.sio:93: let mut nm_model = normal_mean_model_new(0.0, 10.0, 1.0)  // Weak prior
[warn] rust-let-mut: examples/qat_training_example.sio:276: let mut w1 = [Quaternion::zero(); 128]
[warn] rust-let-mut: examples/qat_training_example.sio:277: let mut b1 = [Quaternion::zero(); 16]
[warn] rust-let-mut: examples/qat_training_example.sio:278: let mut w2 = [Quaternion::zero(); 256]
[warn] rust-let-mut: examples/qat_training_example.sio:279: let mut b2 = [Quaternion::zero(); 16]
[warn] rust-let-mut: examples/qat_training_example.sio:280: let mut w3 = [Quaternion::zero(); 64]
[warn] rust-let-mut: examples/qat_training_example.sio:281: let mut b3 = [Quaternion::zero(); 4]
[warn] module-keyword: tests/scratch/test_mir.sio:1: module test_mir
[warn] module-keyword: tests/stdlib/README.md:54: module test_myfeature
[warn] module-keyword: tests/stdlib/ffi/test_slice.sio:7: module ffi::test_slice;
[warn] module-keyword: tests/stdlib/graph/test_graph.sio:4: module graph::test_graph

Findings: 177 (errors: 0)
[fast-gate] 3/9 workflow script reference check
Workflow script reference check passed (21 references).
[fast-gate] 4/9 docs consistency check
Documentation consistency check passed.
[fast-gate] 5/9 cultural fidelity (user-facing text leakage)
CULTURAL_FIDELITY scanned_files=16 skipped_files=0 findings=0
CULTURAL_FIDELITY_RESULT PASS
[fast-gate] 6/9 compiler unit tests (cargo test --lib)
    Updating crates.io index
 Downloading crates ...
  Downloaded adler2 v2.0.1
  Downloaded cfg_aliases v0.2.1
  Downloaded block-buffer v0.10.4
  Downloaded anstyle-parse v0.2.7
  Downloaded ciborium-ll v0.2.2
  Downloaded cast v0.3.0
  Downloaded ahash v0.8.12
  Downloaded ciborium-io v0.2.2
  Downloaded equivalent v1.0.2
  Downloaded allocator-api2 v0.2.21
  Downloaded once_cell v1.21.3
  Downloaded option-ext v0.2.0
  Downloaded num-traits v0.2.19
  Downloaded fd-lock v4.0.4
  Downloaded crypto-common v0.1.7
  Downloaded lazy_static v1.5.0
  Downloaded is_terminal_polyfill v1.70.2
  Downloaded is_ci v1.2.0
  Downloaded supports-color v3.0.2
  Downloaded oorandom v11.1.5
  Downloaded unicode-linebreak v0.1.5
  Downloaded toml_write v0.1.2
  Downloaded terminal_size v0.4.3
  Downloaded simd-adler32 v0.3.8
  Downloaded string-interner v0.17.0
  Downloaded crc32fast v1.5.0
  Downloaded plotters-svg v0.3.7
  Downloaded unarray v0.1.4
  Downloaded version_check v0.9.5
  Downloaded itertools v0.10.5
  Downloaded which v6.0.3
  Downloaded libm v0.2.16
  Downloaded hashbrown v0.14.5
  Downloaded quick-error v1.2.3
  Downloaded supports-unicode v3.0.0
  Downloaded toml_datetime v0.6.11
  Downloaded rustc-hash v2.1.1
  Downloaded rand_xorshift v0.4.0
  Downloaded owo-colors v4.2.3
  Downloaded thiserror v1.0.69
  Downloaded wait-timeout v0.2.1
  Downloaded gimli v0.32.3
  Downloaded rand_core v0.9.5
  Downloaded rand_chacha v0.9.0
  Downloaded quote v1.0.44
  Downloaded thiserror-impl v1.0.69
  Downloaded similar v2.7.0
  Downloaded zmij v1.0.17
  Downloaded tracing-log v0.2.0
  Downloaded thread_local v1.1.9
  Downloaded strsim v0.11.1
  Downloaded shlex v1.3.0
  Downloaded rustc-demangle v0.1.27
  Downloaded ppv-lite86 v0.2.21
  Downloaded tracing-core v0.1.36
  Downloaded tempfile v3.24.0
  Downloaded unicode-ident v1.0.22
  Downloaded unicase v2.9.0
  Downloaded walkdir v2.5.0
  Downloaded tracing-attributes v0.1.31
  Downloaded pin-project-lite v0.2.16
  Downloaded serde_core v1.0.228
  Downloaded toml_edit v0.22.27
  Downloaded textwrap v0.16.2
  Downloaded sharded-slab v0.1.7
  Downloaded rayon-core v1.13.0
  Downloaded typenum v1.19.0
  Downloaded serde_derive v1.0.228
  Downloaded proc-macro2 v1.0.106
  Downloaded pretty_assertions v1.4.1
  Downloaded zerocopy-derive v0.8.36
  Downloaded yansi v1.0.1
  Downloaded unicode-segmentation v1.12.0
  Downloaded rand v0.9.2
  Downloaded rustyline v14.0.0
  Downloaded serde v1.0.228
  Downloaded libc v0.2.180
  Downloaded toml v0.8.23
  Downloaded serde_json v1.0.149
  Downloaded pulldown-cmark v0.10.3
  Downloaded winnow v0.7.14
  Downloaded regex v1.12.2
  Downloaded rayon v1.11.0
  Downloaded proptest v1.9.0
  Downloaded tracing-subscriber v0.3.22
  Downloaded plotters v0.3.7
  Downloaded zerocopy v0.8.36
  Downloaded object v0.37.3
  Downloaded syn v2.0.114
  Downloaded nix v0.30.1
  Downloaded unicode-width v0.2.2
  Downloaded rustix v0.38.44
  Downloaded regex-syntax v0.8.8
  Downloaded unicode-width v0.1.14
  Downloaded rustix v1.1.3
  Downloaded radix_trie v0.2.1
  Downloaded termcolor v1.4.1
  Downloaded tracing v0.1.44
  Downloaded logos v0.14.4
  Downloaded smallvec v1.15.1
  Downloaded rusty-fork v0.3.1
  Downloaded nix v0.28.0
  Downloaded regex-automata v0.4.13
  Downloaded clap_builder v4.5.56
  Downloaded chrono v0.4.43
  Downloaded tinytemplate v1.2.1
  Downloaded plotters-backend v0.3.7
  Downloaded hashbrown v0.16.1
  Downloaded hashbrown v0.15.5
  Downloaded utf8parse v0.2.2
  Downloaded supports-hyperlinks v3.2.0
  Downloaded indexmap v2.13.0
  Downloaded criterion v0.5.1
  Downloaded petgraph v0.6.5
  Downloaded aho-corasick v1.1.4
  Downloaded miette v7.6.0
  Downloaded memchr v2.7.6
  Downloaded insta v1.46.1
  Downloaded flate2 v1.1.8
  Downloaded backtrace v0.3.76
  Downloaded anyhow v1.0.100
  Downloaded clap v4.5.56
  Downloaded clap_derive v4.5.55
  Downloaded cc v1.2.54
  Downloaded log v0.4.29
  Downloaded crossbeam-epoch v0.9.18
  Downloaded pulldown-cmark-escape v0.10.1
  Downloaded iana-time-zone v0.1.65
  Downloaded getrandom v0.3.4
  Downloaded diff v0.1.13
  Downloaded crossbeam-deque v0.8.6
  Downloaded bytemuck v1.24.0
  Downloaded num_cpus v1.17.0
  Downloaded nu-ansi-term v0.50.3
  Downloaded miniz_oxide v0.8.9
  Downloaded miette-derive v7.6.0
  Downloaded linux-raw-sys v0.4.15
  Downloaded id-arena v2.3.0
  Downloaded half v2.7.1
  Downloaded find-msvc-tools v0.1.8
  Downloaded crossbeam-utils v0.8.21
  Downloaded criterion-plot v0.5.0
  Downloaded console v0.15.11
  Downloaded codespan-reporting v0.11.1
  Downloaded bitflags v2.10.0
  Downloaded sha2 v0.10.9
  Downloaded serde_spanned v0.6.9
  Downloaded same-file v1.0.6
  Downloaded lru v0.12.5
  Downloaded logos-derive v0.14.4
  Downloaded logos-codegen v0.14.4
  Downloaded home v0.5.12
  Downloaded glob v0.3.3
  Downloaded getopts v0.2.24
  Downloaded foldhash v0.1.5
  Downloaded fnv v1.0.7
  Downloaded errno v0.3.14
  Downloaded ctrlc v3.5.1
  Downloaded hex v0.4.3
  Downloaded clap_lex v0.7.7
  Downloaded autocfg v1.5.0
  Downloaded itoa v1.0.17
  Downloaded digest v0.10.7
  Downloaded matchers v0.2.0
  Downloaded dirs v5.0.1
  Downloaded colorchoice v1.0.4
  Downloaded nibble_vec v0.1.0
  Downloaded is-terminal v0.4.17
  Downloaded heck v0.5.0
  Downloaded generic-array v0.14.7
  Downloaded fixedbitset v0.4.2
  Downloaded linux-raw-sys v0.11.0
  Downloaded fastrand v2.3.0
  Downloaded endian-type v0.1.2
  Downloaded cpufeatures v0.2.17
  Downloaded anstyle-query v1.1.5
  Downloaded either v1.15.0
  Downloaded dirs-sys v0.4.1
  Downloaded ciborium v0.2.2
  Downloaded cfg_aliases v0.1.1
  Downloaded cfg-if v1.0.4
  Downloaded bytemuck_derive v1.10.2
  Downloaded bit-vec v0.8.0
  Downloaded bit-set v0.8.0
  Downloaded bincode v1.3.3
  Downloaded beef v0.5.2
  Downloaded backtrace-ext v0.2.1
  Downloaded anes v0.1.6
  Downloaded addr2line v0.25.1
  Downloaded anstyle v1.0.13
  Downloaded anstream v0.6.21
   Compiling proc-macro2 v1.0.106
   Compiling unicode-ident v1.0.22
   Compiling quote v1.0.44
   Compiling cfg-if v1.0.4
   Compiling libc v0.2.180
   Compiling bitflags v2.10.0
   Compiling memchr v2.7.6
   Compiling serde_core v1.0.228
   Compiling once_cell v1.21.3
   Compiling version_check v0.9.5
   Compiling zerocopy v0.8.36
   Compiling serde v1.0.228
   Compiling rustix v1.1.3
   Compiling getrandom v0.3.4
   Compiling linux-raw-sys v0.11.0
   Compiling regex-syntax v0.8.8
   Compiling typenum v1.19.0
   Compiling crossbeam-utils v0.8.21
   Compiling autocfg v1.5.0
   Compiling utf8parse v0.2.2
   Compiling equivalent v1.0.2
   Compiling fnv v1.0.7
   Compiling lazy_static v1.5.0
   Compiling simd-adler32 v0.3.8
   Compiling either v1.15.0
   Compiling adler2 v2.0.1
   Compiling zmij v1.0.17
   Compiling object v0.37.3
   Compiling anstyle-parse v0.2.7
   Compiling smallvec v1.15.1
   Compiling cfg_aliases v0.1.1
   Compiling fastrand v2.3.0
   Compiling cfg_aliases v0.2.1
   Compiling hashbrown v0.16.1
   Compiling miniz_oxide v0.8.9
   Compiling is_terminal_polyfill v1.70.2
   Compiling gimli v0.32.3
   Compiling generic-array v0.14.7
   Compiling ahash v0.8.12
   Compiling serde_json v1.0.149
   Compiling rayon-core v1.13.0
   Compiling unicode-width v0.2.2
   Compiling anstyle-query v1.1.5
   Compiling anstyle v1.0.13
   Compiling colorchoice v1.0.4
   Compiling nix v0.30.1
   Compiling nix v0.28.0
   Compiling tracing-core v0.1.36
   Compiling num-traits v0.2.19
   Compiling crc32fast v1.5.0
   Compiling aho-corasick v1.1.4
   Compiling shlex v1.3.0
   Compiling rustc-demangle v0.1.27
   Compiling find-msvc-tools v0.1.8
   Compiling anstream v0.6.21
   Compiling owo-colors v4.2.3
   Compiling heck v0.5.0
   Compiling thiserror v1.0.69
   Compiling strsim v0.11.1
   Compiling crossbeam-epoch v0.9.18
   Compiling ciborium-io v0.2.2
   Compiling unicode-width v0.1.14
   Compiling rustix v0.38.44
   Compiling plotters-backend v0.3.7
   Compiling regex-automata v0.4.13
   Compiling addr2line v0.25.1
   Compiling crossbeam-deque v0.8.6
   Compiling indexmap v2.13.0
   Compiling log v0.4.29
   Compiling beef v0.5.2
   Compiling itoa v1.0.17
   Compiling clap_lex v0.7.7
   Compiling wait-timeout v0.2.1
   Compiling plotters-svg v0.3.7
   Compiling rand_core v0.9.5
   Compiling tempfile v3.24.0
   Compiling syn v2.0.114
   Compiling clap_builder v4.5.56
   Compiling cc v1.2.54
   Compiling backtrace v0.3.76
   Compiling nibble_vec v0.1.0
   Compiling itertools v0.10.5
   Compiling bit-vec v0.8.0
   Compiling quick-error v1.2.3
   Compiling unicode-linebreak v0.1.5
   Compiling home v0.5.12
   Compiling toml_write v0.1.2
   Compiling same-file v1.0.6
   Compiling foldhash v0.1.5
   Compiling libm v0.2.16
   Compiling is_ci v1.2.0
   Compiling pulldown-cmark v0.10.3
   Compiling allocator-api2 v0.2.21
   Compiling endian-type v0.1.2
   Compiling linux-raw-sys v0.4.15
   Compiling winnow v0.7.14
   Compiling anyhow v1.0.100
   Compiling option-ext v0.2.0
   Compiling cast v0.3.0
   Compiling pin-project-lite v0.2.16
   Compiling bit-set v0.8.0
   Compiling radix_trie v0.2.1
   Compiling logos-codegen v0.14.4
   Compiling crypto-common v0.1.7
   Compiling block-buffer v0.10.4
   Compiling matchers v0.2.0
   Compiling regex v1.12.2
   Compiling criterion-plot v0.5.0
   Compiling backtrace-ext v0.2.1
   Compiling hashbrown v0.15.5
   Compiling dirs-sys v0.4.1
   Compiling rayon v1.11.0
   Compiling textwrap v0.16.2
   Compiling supports-color v3.0.2
   Compiling digest v0.10.7
   Compiling walkdir v2.5.0
   Compiling rusty-fork v0.3.1
   Compiling rand v0.9.2
   Compiling rand_xorshift v0.4.0
   Compiling tracing-log v0.2.0
   Compiling plotters v0.3.7
   Compiling fd-lock v4.0.4
   Compiling terminal_size v0.4.3
   Compiling console v0.15.11
   Compiling is-terminal v0.4.17
   Compiling getopts v0.2.24
   Compiling sharded-slab v0.1.7
   Compiling thread_local v1.1.9
   Compiling cpufeatures v0.2.17
   Compiling diff v0.1.13
   Compiling unarray v0.1.4
   Compiling oorandom v11.1.5
   Compiling supports-unicode v3.0.0
   Compiling supports-hyperlinks v3.2.0
   Compiling nu-ansi-term v0.50.3
   Compiling iana-time-zone v0.1.65
   Compiling yansi v1.0.1
   Compiling unicode-segmentation v1.12.0
   Compiling anes v0.1.6
   Compiling similar v2.7.0
   Compiling pulldown-cmark-escape v0.10.1
   Compiling souc v1.0.0-beta (/home/demetrios/work/sounio/crates/souc)
   Compiling termcolor v1.4.1
   Compiling fixedbitset v0.4.2
   Compiling unicase v2.9.0
   Compiling chrono v0.4.43
   Compiling ctrlc v3.5.1
   Compiling pretty_assertions v1.4.1
   Compiling sha2 v0.10.9
   Compiling codespan-reporting v0.11.1
   Compiling lru v0.12.5
   Compiling petgraph v0.6.5
   Compiling flate2 v1.1.8
   Compiling dirs v5.0.1
   Compiling num_cpus v1.17.0
   Compiling glob v0.3.3
   Compiling id-arena v2.3.0
   Compiling hex v0.4.3
   Compiling rustc-hash v2.1.1
   Compiling which v6.0.3
   Compiling rustyline v14.0.0
   Compiling serde_derive v1.0.228
   Compiling zerocopy-derive v0.8.36
   Compiling clap_derive v4.5.55
   Compiling thiserror-impl v1.0.69
   Compiling tracing-attributes v0.1.31
   Compiling logos-derive v0.14.4
   Compiling bytemuck_derive v1.10.2
   Compiling miette-derive v7.6.0
   Compiling logos v0.14.4
   Compiling tracing v0.1.44
   Compiling soir v1.0.0-beta (/home/demetrios/work/sounio/crates/soir)
   Compiling miette v7.6.0
   Compiling bytemuck v1.24.0
   Compiling tracing-subscriber v0.3.22
   Compiling clap v4.5.56
warning: souc@1.0.0-beta: Embedding 53 stdlib/compiler modules
warning: souc@1.0.0-beta: Generated embedded_stdlib.rs with 53 modules
   Compiling serde_spanned v0.6.9
   Compiling toml_datetime v0.6.11
   Compiling tinytemplate v1.2.1
   Compiling bincode v1.3.3
   Compiling insta v1.46.1
   Compiling toml_edit v0.22.27
   Compiling toml v0.8.23
   Compiling half v2.7.1
   Compiling ppv-lite86 v0.2.21
   Compiling hashbrown v0.14.5
   Compiling ciborium-ll v0.2.2
   Compiling rand_chacha v0.9.0
   Compiling ciborium v0.2.2
   Compiling proptest v1.9.0
   Compiling string-interner v0.17.0
   Compiling criterion v0.5.1
warning: unused import: `crate::ast::Abi`
    --> crates/souc/src/backend/cps_transform.rs:1022:9
     |
1022 |     use crate::ast::Abi;
     |         ^^^^^^^^^^^^^^^
     |
     = note: `#[warn(unused_imports)]` (part of `#[warn(unused)]`) on by default

warning: unused import: `crate::sir::ops::CausalFormulaKind`
   --> crates/souc/src/epistemic/integration_tests.rs:822:13
    |
822 |         use crate::sir::ops::CausalFormulaKind;
    |             ^^^^^^^^^^^^^^^^^^^^^^^^^^^^^^^^^^

warning: unused import: `super::*`
   --> crates/souc/src/runtime/io.rs:116:9
    |
116 |     use super::*;
    |         ^^^^^^^^

warning: unused import: `std::ptr`
   --> crates/souc/src/runtime/io.rs:117:9
    |
117 |     use std::ptr;
    |         ^^^^^^^^

warning: unnecessary `unsafe` block
   --> crates/souc/src/backend/native/quat_runtime_i8.rs:411:20
    |
411 |         let norm = unsafe { sounio_quat_batch_norm_i8(quats.as_ptr(), scales.as_ptr(), 2) };
    |                    ^^^^^^ unnecessary `unsafe` block
    |
    = note: `#[warn(unused_unsafe)]` (part of `#[warn(unused)]`) on by default

warning: unnecessary `unsafe` block
   --> crates/souc/src/backend/native/quat_runtime_i8.rs:423:9
    |
423 |         unsafe {
    |         ^^^^^^ unnecessary `unsafe` block

warning: unnecessary `unsafe` block
   --> crates/souc/src/backend/native/quat_runtime_i8.rs:428:9
    |
428 |         unsafe {
    |         ^^^^^^ unnecessary `unsafe` block

warning: variable does not need to be mutable
   --> crates/souc/src/mir/optimization/function_inlining_complete.rs:652:13
    |
652 |         let mut caller =
    |             ----^^^^^^
    |             |
    |             help: remove this `mut`
    |
    = note: `#[warn(unused_mut)]` (part of `#[warn(unused)]`) on by default

warning: variable does not need to be mutable
   --> crates/souc/src/mir/optimization/pipeline_with_validation.rs:281:13
    |
281 |         let mut pipeline = ValidatedOptimizationPipeline::new();
    |             ----^^^^^^^^
    |             |
    |             help: remove this `mut`

warning: variable does not need to be mutable
   --> crates/souc/src/mir/optimization/sroa.rs:738:13
    |
738 |         let mut pass = Sroa::new();
    |             ----^^^^
    |             |
    |             help: remove this `mut`

warning: variable does not need to be mutable
   --> crates/souc/src/mir/optimization/sroa.rs:768:13
    |
768 |         let mut pass = Sroa::new();
    |             ----^^^^
    |             |
    |             help: remove this `mut`

warning: variable does not need to be mutable
   --> crates/souc/src/ontology/applications/completion.rs:179:13
    |
179 |         let mut candidates = vec![
    |             ----^^^^^^^^^^
    |             |
    |             help: remove this `mut`

warning: comparison is useless due to type limits
    --> crates/souc/src/runtime/async_runtime.rs:1713:17
     |
1713 |         assert!(completed.len() >= 0); // May or may not complete depending on thread-local state
     |                 ^^^^^^^^^^^^^^^^^^^^
     |
     = note: `#[warn(unused_comparisons)]` on by default

warning: `souc` (lib test) generated 13 warnings (run `cargo fix --lib -p souc --tests` to apply 9 suggestions)
    Finished `test` profile [unoptimized + debuginfo] target(s) in 2m 44s
     Running unittests src/lib.rs (artifacts/diagnostic/final-20260220T115414Z/cargo-target/debug/deps/sounio-c6a0dd4f4baeb253)

running 4853 tests
test analysis::r#abstract::congruence::tests::test_congruence_alignment ... ok
test analysis::r#abstract::congruence::tests::test_congruence_add ... ok
test analysis::r#abstract::congruence::tests::test_congruence_and_const ... ok
test analysis::r#abstract::congruence::tests::test_congruence_even_odd ... ok
test analysis::r#abstract::congruence::tests::test_congruence_constant ... ok
test analysis::r#abstract::congruence::tests::test_congruence_join ... ok
test analysis::r#abstract::congruence::tests::test_congruence_lattice ... ok
test analysis::r#abstract::congruence::tests::test_congruence_meet ... ok
test analysis::r#abstract::congruence::tests::test_congruence_meet_incompatible ... ok
test analysis::r#abstract::congruence::tests::test_congruence_mul ... ok
test analysis::r#abstract::congruence::tests::test_congruence_neg ... ok
test analysis::r#abstract::congruence::tests::test_congruence_shift ... ok
test analysis::r#abstract::congruence::tests::test_gcd ... ok
test analysis::r#abstract::domain::tests::test_bool_domain ... ok
test analysis::r#abstract::domain::tests::test_flat_domain ... ok
test analysis::r#abstract::domain::tests::test_lifted_domain ... ok
test analysis::r#abstract::intervals::tests::test_interval_add ... ok
test analysis::r#abstract::intervals::tests::test_interval_creation ... ok
test analysis::r#abstract::intervals::tests::test_interval_constant ... ok
test analysis::r#abstract::intervals::tests::test_interval_is_non_negative ... ok
test analysis::r#abstract::domain::tests::test_powerset_domain ... ok
test analysis::r#abstract::intervals::tests::test_interval_is_positive ... ok
test analysis::r#abstract::intervals::tests::test_interval_lt ... ok
test analysis::r#abstract::fixpoint::tests::test_scc_decomposition ... ok
test analysis::r#abstract::intervals::tests::test_interval_eq ... ok
test analysis::r#abstract::intervals::tests::test_interval_sub ... ok
test analysis::r#abstract::fixpoint::tests::test_simple_fixpoint ... ok
test analysis::r#abstract::fixpoint::tests::test_unreachable_block ... ok
test analysis::r#abstract::fixpoint::tests::test_fixpoint_config ... ok
test analysis::r#abstract::fixpoint::tests::test_loop_fixpoint ... ok
test analysis::r#abstract::octagon::tests::test_octagon_assign_const ... ok
test analysis::r#abstract::octagon::tests::test_octagon_assign_var ... ok
test analysis::r#abstract::intervals::tests::test_interval_narrow ... ok
test analysis::r#abstract::octagon::tests::test_octagon_diff_constraint ... ok
test analysis::r#abstract::intervals::tests::test_interval_assume ... ok
test analysis::r#abstract::intervals::tests::test_interval_widen ... ok
test analysis::r#abstract::octagon::tests::test_octagon_forget ... ok
test analysis::r#abstract::intervals::tests::test_threshold_widening ... ok
test analysis::r#abstract::octagon::tests::test_octagon_interval ... ok
test analysis::r#abstract::octagon::tests::test_octagon_assume_lt ... ok
test analysis::r#abstract::octagon::tests::test_octagon_widen ... ok
test analysis::r#abstract::intervals::tests::test_interval_join ... ok
test analysis::r#abstract::octagon::tests::test_octagon_assign_add_const ... ok
test analysis::r#abstract::product::tests::test_interval_sign_ops ... ok
test analysis::r#abstract::intervals::tests::test_interval_lattice_properties ... ok
test analysis::r#abstract::product::tests::test_numeric_domain ... ok
test analysis::r#abstract::product::tests::test_product_basic ... ok
test analysis::r#abstract::intervals::tests::test_interval_meet ... ok
test analysis::r#abstract::intervals::tests::test_interval_mul ... ok
test analysis::r#abstract::octagon::tests::test_octagon_join ... ok
test analysis::r#abstract::octagon::tests::test_octagon_meet ... ok
test analysis::r#abstract::product::tests::test_interval_congruence_alignment ... ok
test analysis::r#abstract::octagon::tests::test_octagon_bottom ... ok
test analysis::r#abstract::product::tests::test_interval_sign_reduction ... ok
test analysis::r#abstract::signs::tests::test_sign_assume ... ok
test analysis::r#abstract::product::tests::test_interval_sign_reduction_reverse ... ok
test analysis::r#abstract::signs::tests::test_sign_div ... ok
test analysis::r#abstract::signs::tests::test_sign_join ... ok
test analysis::r#abstract::signs::tests::test_sign_lattice ... ok
test analysis::r#abstract::signs::tests::test_sign_abs ... ok
test analysis::r#abstract::signs::tests::test_sign_add ... ok
test analysis::r#abstract::signs::tests::test_sign_meet ... ok
test analysis::r#abstract::signs::tests::test_sign_mul ... ok
test analysis::r#abstract::signs::tests::test_sign_neg ... ok
test analysis::r#abstract::intervals::tests::test_interval_neg ... ok
test analysis::r#abstract::tests::test_array_bounds_maybe_unsafe ... ok
test analysis::r#abstract::product::tests::test_interval_congruence_reduction ... ok
test analysis::r#abstract::signs::tests::test_sign_creation ... ok
test analysis::r#abstract::signs::tests::test_sign_from_int ... ok
test analysis::r#abstract::product::tests::test_product_join ... ok
test analysis::r#abstract::product::tests::test_product_meet ... ok
test analysis::r#abstract::signs::tests::test_sign_lt ... ok
test analysis::r#abstract::product::tests::test_product_bottom ... ok
test analysis::r#abstract::tests::test_array_bounds_always_unsafe ... ok
test analysis::r#abstract::product::tests::test_numeric_domain_ops ... ok
test analysis::r#abstract::tests::test_array_bounds_safe ... ok
test analysis::r#abstract::tests::test_abstract_interpreter_creation ... ok
test analysis::r#abstract::tests::test_safety_result_variants ... ok
test analysis::r#abstract::transfer::tests::test_abstract_state_basic ... ok
test analysis::r#abstract::transfer::tests::test_abstract_state_meet ... ok
test analysis::r#abstract::transfer::tests::test_cond_branch_transfer ... ok
test analysis::r#abstract::transfer::tests::test_interval_transfer_add ... ok
test analysis::r#abstract::tests::test_invariant_to_predicate ... ok
test analysis::r#abstract::tests::test_loop_invariant_predicate ... ok
test analysis::r#abstract::transfer::tests::test_unreachable_state ... ok
test analysis::r#abstract::transfer::tests::test_numeric_transfer ... ok
test analyze::dead_code::tests::test_default_config ... ok
test analysis::r#abstract::transfer::tests::test_abstract_state_join ... ok
test analyze::dead_code::tests::test_item_kind_display ... ok
test analysis::r#abstract::transfer::tests::test_interval_transfer_comparison ... ok
test analysis::r#abstract::transfer::tests::test_interval_transfer_const ... ok
test backend::cps_transform::tests::test_cps_transform_creation ... ok
test backend::cps_transform::tests::test_cps_context_full_mode ... ok
test backend::cps_transform::tests::test_cps_analysis_ignores_pure_functions ... ok
test backend::cps_transform::tests::test_cps_analysis_detects_effects ... ok
test analysis::r#abstract::tests::test_loop_invariant ... ok
test backend::cps_transform::tests::test_cps_context_creation ... ok
test backend::cps_transform::tests::test_cps_transform_effectful_function ... ok
test analyze::dead_code::tests::test_dead_code_report_empty ... ok
test analyze::dead_code::tests::test_dead_code_report_with_issues ... ok
test backend::effect_dispatch::tests::test_unified_runtime_creation ... ignored, Uses global handler stack, conflicts with parallel tests
test backend::effect_dispatch::tests::test_unified_runtime_dispatch_div ... ignored, Uses global handler stack, conflicts with parallel tests
test backend::effect_dispatch::tests::test_unified_runtime_dispatch_mut ... ignored, Uses global handler stack, conflicts with parallel tests
test analyze::dead_code::tests::test_unreachable_reason_display ... ok
test backend::effect_dispatch::tests::test_effect_op_parse ... ok
test backend::effect_dispatch::tests::test_unified_runtime_push_pop ... ignored, Uses global handler stack, conflicts with parallel tests
test backend::effect_dispatch::tests::test_unified_runtime_no_handler ... ok
test backend::effect_dispatch::tests::test_unified_runtime_invalid_args ... ok
test analyze::metrics::tests::test_complexity_calculation ... ok
test backend::native::aarch64::tests::test_add_imm_encoding ... ok
test backend::native::aarch64::tests::test_register_encoding ... ok
test backend::native::aarch64::tests::test_prologue_epilogue ... ok
test backend::cps_transform::tests::test_native_continuation_creation ... ok
test backend::effect_dispatch::tests::test_effect_op_names ... ok
test backend::native::aarch64::tests::test_callee_saved ... ok
test backend::native::aarch64::tests::test_mov_imm64 ... ok
test backend::native::alloc::tests::test_live_interval_priority ... ok
test backend::native::alloc::tests::test_simple_allocation ... ok
test backend::native::alloc::tests::test_spill_slot_manager ... ok
test backend::native::alloc::tests::test_critical_preservation ... ok
test backend::native::autodiff_runtime::tests::test_c_api_reverse_mode ... ok
test backend::native::autodiff_runtime::tests::test_tape_add ... ok
test backend::native::autodiff_runtime::tests::test_c_api_exp_log_round_trip ... ok
test backend::native::aarch64::tests::test_branch_encoding ... ok
test backend::native::alloc::tests::test_confidence_degradation ... ok
test backend::native::autodiff_runtime::tests::test_tape_chain_rule_deep ... ok
test backend::native::autodiff_runtime::tests::test_tape_composite_quadratic ... ok
test backend::native::alloc::tests::test_register_pool ... ok
test backend::native::autodiff_runtime::tests::test_tape_exp ... ok
test backend::native::autodiff_runtime::tests::test_tape_fma ... ok
test backend::native::alloc::tests::test_spill_low_confidence ... ok
test backend::native::autodiff_runtime::tests::test_tape_gradient_accumulation ... ok
test backend::native::autodiff_runtime::tests::test_tape_log ... ok
test backend::native::autodiff_runtime::tests::test_tape_mul ... ok
test backend::native::autodiff_runtime::tests::test_tape_neg ... ok
test backend::native::autodiff_runtime::tests::test_tape_relu ... ok
test backend::native::autodiff_runtime::tests::test_tape_rosenbrock ... ok
test backend::native::autodiff_runtime::tests::test_tape_sigmoid ... ok
test backend::native::autodiff_runtime::tests::test_tape_sin_cos ... ok
test backend::native::effects::tests::test_emit_pop_handler_generates_code ... ok
test backend::native::autodiff_runtime::tests::test_tape_sub_div ... ok
test backend::native::effects::tests::test_native_dispatcher_creation ... ok
test backend::native::effects::tests::test_native_dispatcher_push_pop ... ok
test backend::native::continuation::tests::test_continuation_creation ... ok
test backend::native::continuation::tests::test_continuation_one_shot ... ok
test backend::native::metrics::tests::test_confidence_floor ... ok
test backend::native::continuation::tests::test_platform_continuation ... ok
test backend::native::elf::tests::test_elf_with_symbol ... ok
test backend::native::elf::tests::test_elf_with_code ... ok
test backend::native::elf::tests::test_minimal_elf ... ok
test backend::native::autodiff_runtime::tests::test_tape_pow ... ok
test backend::native::effects::tests::test_emit_effect_dispatch_generates_code ... ok
test backend::native::autodiff_runtime::tests::test_tape_sqrt ... ok
test backend::native::effects::tests::test_emit_push_handler_generates_code ... ok
test backend::native::effects::tests::test_get_runtime_function_name ... ok
test backend::native::autodiff_runtime::tests::test_tape_tanh ... ok
test backend::native::metrics::tests::test_dvfs_scaling ... ok
test backend::native::elf::tests::test_code_segment_conversion ... ok
test backend::native::metrics::tests::test_hardware_knowledge_integration ... ok
test backend::native::metrics::tests::test_power_estimation ... ok
test backend::native::pe::tests::test_coff_header_machine_type ... ok
test backend::native::pe::tests::test_add_text_section ... ok
test backend::native::metrics::tests::test_cycle_estimation ... ok
test backend::native::metrics::tests::test_epistemic_propagation ... ok
test backend::native::effects::tests::test_native_dispatcher_dispatch ... ok
test backend::native::metrics::tests::test_thermal_degradation ... ok
test backend::native::pe::tests::test_section_characteristics ... ok
test backend::native::pe::tests::test_empty_coff_header ... ok
test backend::native::pe::tests::test_symbol_short_name ... ok
test backend::native::pe::tests::test_multi_section_layout ... ok
test backend::native::quat_runtime_i8::tests::test_dequantize ... ok
test backend::native::pe::tests::test_relocation_constants ... ok
test backend::native::quat_runtime_i8::tests::test_quantize_dequantize_roundtrip ... ok
test backend::native::quat_runtime_i8::tests::test_quat_mul_i8_int32 ... ok
test backend::native::pe::tests::test_symbol_long_name_in_string_table ... ok
test backend::native::quat_simd_avx2::tests::test_avx2_batch_mul ... ok
test backend::native::quat_simd_avx2::tests::test_avx2_quat_mul ... ok
test backend::native::quat_simd_dispatch::tests::test_scalar_quat_mul ... ok
test backend::native::quat_simd_dispatch::tests::test_simd_level_detection ... ok
test backend::native::pe::tests::test_symbol_table_offset_correct ... ok
test backend::native::quat_runtime_i8::tests::test_batch_norm ... ok
test backend::native::runtime::tests::test_start_asm ... ok
test backend::native::runtime::tests::test_runtime_symbols ... ok
test backend::native::pe::tests::test_prologue_epilogue_roundtrip ... ok
test backend::native::quat_runtime_i8::tests::test_identity_multiply ... ok
test backend::native::quat_runtime_i8::tests::test_quat_i8_new ... ok
test backend::native::thermal::tests::test_epistemic_degradation ... ok
test backend::native::pe::tests::test_win64_arg_regs ... ok
test backend::native::tests::test_block_analysis ... ok
test backend::native::tests::test_thermal_accumulation ... ok
test backend::native::runtime::tests::test_generate_runtime ... ok
test backend::native::thermal::tests::test_arrhenius_degradation ... ok
test backend::native::thermal::tests::test_degradation_warnings ... ok
test backend::native::thermal::tests::test_remaining_lifetime ... ok
test backend::native::thermal::tests::test_model_variants ... ok
test backend::native::thermal::tests::test_self_heating ... ok
test backend::native::tests::test_backend_creation ... ok
test backend::native::thermal::tests::test_thermal_variance ... ok
test bio::dna::tests::test_base_complement ... ok
test bio::dna::tests::test_dna_reverse ... ok
test backend::native::thermal::tests::test_temperature_acceleration ... ok
test bio::dna::tests::test_dna_complement ... ok
test bio::dna::tests::test_complement_involution ... ok
test bio::dna::tests::test_reverse_involution ... ok
test bio::gf4::tests::test_gf4_addition ... ok
test bio::gf4::tests::test_gf4_multiplication ... ok
test bio::dna::tests::test_dna_reverse_complement ... ok
test bio::dna::tests::test_dna_shift ... ok
test bio::quaternion::tests::test_quaternion_multiplication ... ok
test bio::dna::tests::test_gc_content ... ok
test bio::quaternion::tests::test_rotation ... ok
test bio::dna::tests::test_hamming_distance ... ok
test bio::quaternion::tests::test_slerp ... ok
test bio::quaternion::tests::test_unit_quaternion_inverse ... ok
test bio::dna::tests::test_operator_composition ... ok
test backend::native::thermal::tests::test_thermal_state ... ok
test bio::gf4::tests::test_dna_to_gf4_roundtrip ... ok
test bio::transmission::tests::test_entropy ... ok
test bio::transmission::tests::test_interpolation ... ok
test bio::gf4::tests::test_multiplicative_inverse ... ok
test bio::quaternion::tests::test_quaternion_noncommutativity ... ok
test bio::quaternion::tests::test_unit_quaternion_norm ... ok
test bio::transmission::tests::test_distortion ... ok
test bio::transmission::tests::test_history ... ok
test bio::transmission::tests::test_transmission_unit ... ok
test bio::gf4::tests::test_gf4_vector_operations ... ok
test bio::transmission::tests::test_pure_channels ... ok
test bio::transmission::tests::test_composition_noncommutative ... ok
test build::cache::tests::test_cache_key ... ok
test build::change::tests::test_watch_patterns ... ok
test build::config::tests::test_build_paths ... ok
test build::config::tests::test_build_config_presets ... ok
test build::config::tests::test_build_profile ... ok
test build::config::tests::test_feature_config ... ok
test build::config::tests::test_opt_level ... ok
test build::config::tests::test_config_hash ... ok
test build::cache::tests::test_artifact_cache ... ok
test build::config::tests::test_target_parse ... ok
test build::graph::tests::test_build_graph_basic ... ok
test build::config::tests::test_target_triple ... ok
test build::graph::tests::test_dependency_tracking ... ok
test build::graph::tests::test_cycle_detection ... ok
test build::graph::tests::test_content_hash ... ok
test build::cache::tests::test_cache_eviction ... ok
test build::graph::tests::test_invalidation ... ok
test build::graph::tests::test_topological_sort ... ok
test build::change::tests::test_scan_directory ... ok
test build::parallel::tests::test_build_scheduler ... ok
test build::query::tests::test_query_cache ... ok
test build::query::tests::test_hit_rate ... ok
test build::query::tests::test_query_dependencies ... ok
test build::query::tests::test_query_invalidation ... ok
test build::tests::test_build_report ... ok
test build::cache::tests::test_cache_persistence ... ok
test build::tests::test_build_stats ... ok
test build::parallel::tests::test_priority_scheduling ... ok
test causal::composition::tests::test_condition_on_evidence ... ok
test causal::composition::tests::test_causal_join_irreconcilable_structure ... ok
test build::query::tests::test_query_key ... ok
test causal::composition::tests::test_causal_tensor ... ok
test build::query::tests::test_revision ... ok
test build::parallel::tests::test_job_server ... ok
test causal::composition::tests::test_causal_join_concordant ... ok
test build::query::tests::test_gc ... ok
test causal::composition::tests::test_meta_analysis ... ok
test causal::counterfactual::tests::test_causation_type_display ... ok
test causal::counterfactual::tests::test_counterfactual_query_display ... ok
test causal::dag::tests::test_add_edge ... ok
test causal::dag::tests::test_create_dag ... ok
test build::tests::test_build_manager_creation ... ok
test causal::dag::tests::test_edge_not_found ... ok
test causal::counterfactual::tests::test_counterfactual_basic ... ok
test causal::dag::tests::test_node_types ... ok
test causal::dag::tests::test_intervene_remove_incoming ... ok
test causal::dag::tests::test_ontology_binding ... ok
test causal::dag::tests::test_parents_children ... ok
test causal::discovery::tests::test_correlation_matrix_identity ... ok
test causal::discovery::tests::test_correlation_perfect_positive ... ok
test causal::discovery::tests::test_data_matrix_column ... ok
test causal::discovery::tests::test_data_matrix_creation ... ok
test causal::discovery::tests::test_correlation_perfect_negative ... ok
test causal::discovery::tests::test_data_matrix_dimension_mismatch ... ok
test causal::discovery::tests::test_fisher_z_negative ... ok
test causal::dag::tests::test_path_effect ... ok
test causal::discovery::tests::test_fisher_z_positive ... ok
test causal::discovery::tests::test_generate_chain_data ... ok
test causal::discovery::tests::test_ci_test_independent ... ok
test causal::discovery::tests::test_ci_test_dependent ... ok
test causal::discovery::tests::test_generate_fork_data ... ok
test causal::discovery::tests::test_invert_2x2 ... ok
test causal::discovery::tests::test_data_matrix_var_index ... ok
test causal::discovery::tests::test_invert_identity ... ok
test causal::discovery::tests::test_lcg_deterministic ... ok
test causal::discovery::tests::test_fisher_z_insufficient_dof ... ok
test causal::discovery::tests::test_fisher_z_zero ... ok
test causal::discovery::tests::test_generate_collider_data ... ok
test causal::discovery::tests::test_data_matrix_empty ... ok
test causal::discovery::tests::test_invert_singular ... ok
test causal::discovery::tests::test_meek_r1 ... ok
test causal::discovery::tests::test_meek_r2 ... ok
test causal::discovery::tests::test_normal_cdf_negative ... ok
test causal::discovery::tests::test_normal_cdf_positive ... ok
test causal::discovery::tests::test_normal_cdf_extremes ... ok
test causal::discovery::tests::test_generate_diamond_data ... ok
test causal::discovery::tests::test_pc_config_default ... ok
test causal::discovery::tests::test_pc_config_max_depth ... ok
test causal::discovery::tests::test_normal_cdf_zero ... ok
test causal::discovery::tests::test_pc_error_display ... ok
test causal::discovery::tests::test_pc_independent ... ok
test causal::discovery::tests::test_pc_chain ... ok
test causal::discovery::tests::test_pc_collider ... ok
test causal::discovery::tests::test_partial_correlation_chain ... ok
test causal::discovery::tests::test_subsets_size_1 ... ok
test causal::discovery::tests::test_pc_insufficient_data ... ok
test build::parallel::tests::test_parallel_executor_basic ... ok
test causal::counterfactual::tests::test_pns_computation ... ok
test causal::discovery::tests::test_randn_distribution ... ok
test causal::discovery::tests::test_pc_fork ... ok
test causal::discovery::tests::test_pc_result_methods ... ok
test causal::discovery::tests::test_pc_result_to_graph ... ok
test causal::discovery::tests::test_pc_result_to_graph_topological_order ... ok
test causal::discovery::tests::test_subsets_size_2 ... ok
test causal::discovery::tests::test_subsets_too_large ... ok
test causal::discovery::tests::test_undirected_edge_normalization ... ok
test causal::discovery::tests::test_v_structure_collider ... ok
test causal::discovery::tests::test_v_structure_non_collider ... ok
test causal::do_calculus::tests::test_do_intervention ... ok
test causal::effects::tests::test_ate_confidence_interval ... ok
test causal::do_calculus::tests::test_is_identifiable ... ok
test causal::discovery::tests::test_skeleton_chain ... ok
test causal::discovery::tests::test_subsets_size_0 ... ok
test causal::do_calculus::tests::test_backdoor_adjustment ... ok
test causal::do_calculus::tests::test_causal_query ... ok
test causal::effects::tests::test_ate_creation ... ok
test causal::effects::tests::test_average_treatment_effect ... ok
test causal::effects::tests::test_mediation_effects ... ok
test causal::graph::tests::test_create_graph ... ok
test causal::graph::tests::test_cycle_detection ... ok
test causal::discovery::tests::test_skeleton_fork ... ok
test causal::graph::tests::test_d_separation_chain ... ok
test causal::effects::tests::test_late_weak_instrument ... ok
test causal::graph::tests::test_descendants ... ok
test causal::graph::tests::test_d_separation_fork ... ok
test causal::graph::tests::test_ancestors ... ok
test causal::identifiability::tests::test_ancestors_of ... ok
test causal::identifiability::tests::test_descendants_of ... ok
test causal::identifiability::tests::test_find_backdoor_paths ... ok
test causal::identifiability::tests::test_check_frontdoor_criterion ... ok
test causal::graph::tests::test_d_separation_collider ... ok
test causal::identifiability::tests::test_find_valid_adjustment_sets ... ok
test causal::graph::tests::test_topological_order ... ok
test causal::graph::tests::test_graph_do ... ok
test causal::identifiability::tests::test_d_separation ... ok
test causal::graph::tests::test_find_mediators ... ok
test causal::identification::tests::test_identification_method_display ... ok
test causal::intervention::tests::test_ate_significance ... ok
test causal::identification::tests::test_backdoor_identification ... ok
test causal::intervention::tests::test_conditional_intervention ... ok
test causal::intervention::tests::test_distribution_mean ... ok
test causal::identification::tests::test_frontdoor_identification ... ok
test causal::identification::tests::test_satisfies_backdoor ... ok
test causal::identification::tests::test_do_calculus_step ... ok
test causal::intervention::tests::test_atomic_intervention ... ok
test causal::knowledge::tests::test_add_confounder ... ok
test causal::intervention::tests::test_intervention_result ... ok
test causal::knowledge::tests::test_create_causal_knowledge ... ok
test causal::knowledge::tests::test_do_unconfounded ... ok
test causal::knowledge::tests::test_from_knowledge ... ok
test causal::refutation::tests::test_penalty_application ... ok
test causal::refutation::tests::test_placebo_test ... ok
test causal::knowledge::tests::test_do_with_backdoor ... ok
test causal::refutation::tests::test_refutation_effect_strict ... ok
test causal::knowledge::tests::test_identify_caches ... ok
test causal::structural::tests::test_create_scm ... ok
test causal::structural::tests::test_custom_equation ... ok
test causal::discovery::tests::test_skeleton_collider ... ok
test causal::structural::tests::test_evaluate_scm ... ok
test causal::structural::tests::test_intervention ... ok
test causal::tests::test_builder_simple_graph ... ok
test causal::structural::tests::test_mediated_effect ... ok
test causal::tests::test_confounded_graph ... ok
test causal::tests::test_identification_summary_display ... ok
test causal::tests::test_from_graph ... ok
test causal::tests::test_d_separation ... ok
test causal::tests::test_identify_effect_convenience ... ok
test causal::tests::test_builder_with_confounder ... ok
test causal::tests::test_type_predicate_describe ... ok
test causal::tests::test_identify_all ... ok
test causal::tests::test_type_predicate_d_separated ... ok
test causal::tests::test_uncertainty_decomposition_display ... ok
test causal::tests::test_is_d_separated_convenience ... ok
test causal::uplift::tests::test_uplift_score_persuadable ... ok
test causal::tests::test_iv_graph ... ok
test causal::tests::test_type_predicate_identifiable ... ok
test causal::refutation::tests::test_standard_battery ... ok
test causal::refutation::tests::test_report_markdown ... ok
test causal::uplift::tests::test_tlearner_fit_predict ... ok
test causal::structural::tests::test_simulate ... ok
test causal::tests::test_mediation_graph ... ok
test causal::uplift::tests::test_xlearner_fit_predict ... ok
test causal::uplift::tests::test_monotonicity_refutation ... ok
test causal::uplift::tests::test_customer_segment ... ok
test causal::uplift_syntax::tests::test_estimator_types ... ok
test causal::z3_identify::tests::test_combinations ... ok
test causal::uplift_syntax::tests::test_segment_conditions ... ok
test causal::z3_identify::tests::test_epistemic_ate ... ok
test causal::z3_identify::tests::test_confidence_computation ... ok
test check::causal::tests::test_causal_model_single_node ... ok
test causal::uplift_syntax::tests::test_uplift_block_codegen ... ok
test check::causal::tests::test_check_causal_model_valid_dag ... ok
test check::causal::tests::test_check_counterfactual_no_model ... ok
test check::causal::tests::test_check_counterfactual_invalid_evidence ... ok
test check::causal::tests::test_check_do_bow_arc_not_identifiable ... ok
test causal::z3_identify::tests::test_backdoor_identification ... ok
test causal::z3_identify::tests::test_frontdoor_identification ... ok
test causal::z3_identify::tests::test_identification_caching ... ok
test check::causal::tests::test_check_counterfactual_valid ... ok
test check::causal::tests::test_check_do_empty_intervention ... ok
test causal::z3_identify::tests::test_no_adjustment_needed ... ok
test check::causal::tests::test_check_causal_model_cyclic ... ok
test check::causal::tests::test_check_do_confounded_backdoor ... ok
test check::causal::tests::test_check_do_invalid_target ... ok
test check::causal::tests::test_check_do_chain_three_nodes ... ok
test check::causal::tests::test_check_do_graph_not_found ... ok
test check::causal::tests::test_check_causal_model_empty ... ok
test check::causal::tests::test_check_do_frontdoor ... ok
test check::causal::tests::test_confidence_backdoor ... ok
test check::causal::tests::test_check_do_iv ... ok
test check::causal::tests::test_check_do_invalid_query_target ... ok
test causal::uplift::tests::test_qini_curve ... ok
test check::causal::tests::test_effect_type_confidence_not_identified ... ok
test check::causal::tests::test_check_do_no_model ... ok
test check::causal::tests::test_format_error_graph_not_found ... ok
test check::causal::tests::test_format_error_identified_returns_none ... ok
test check::causal::tests::test_format_error_invalid_target ... ok
test check::causal::tests::test_format_non_identifiable_error ... ok
test check::compatibility::tests::test_annotation_display ... ok
test check::causal::tests::test_confidence_conditional ... ok
test check::causal::tests::test_confidence_frontdoor ... ok
test check::causal::tests::test_effect_type_confidence_identified ... ok
test build::change::tests::test_file_state ... ok
test check::causal::tests::test_check_do_simple_chain ... ok
test check::compatibility::tests::test_compatibility_is_compatible ... ok
test check::compatibility::tests::test_strict_context ... ok
test check::conformal::tests::test_iri_category ... ok
test check::conformal::tests::test_conformal_uncalibrated ... ok
test check::conformal::tests::test_conformal_p_value ... ok
test check::compatibility::tests::test_permissive_context ... ok
test check::dependent::tests::test_check_refinement_simple_false ... ok
test check::conformal::tests::test_conformal_basic ... ok
test causal::discovery::tests::test_pc_diamond ... ok
test check::compatibility::tests::test_compatibility_annotation_parse ... ok
test check::compatibility::tests::test_context_thresholds ... ok
test check::conformal::tests::test_quantile_regressor ... ok
test check::dependent::tests::test_e2e_dependent_type_conjunction ... ok
test check::conformal::tests::test_adaptive_conformal ... ok
test check::dependent::tests::test_check_refinement_simple_true ... ok
test check::dependent::tests::test_confidence_bound_insufficient ... ok
test check::dependent::tests::test_dependent_type_checker_creation ... ok
test check::dependent::tests::test_confidence_bound_with_known_binding ... ok
test check::dependent::tests::test_dependent_type_config_default ... ok
test check::conformal::tests::test_mondrian ... ok
test check::dependent::tests::test_dependent_type_with_epistemic_predicate ... ok
test check::dependent::tests::test_e2e_cache_invalidation ... ok
test check::dependent::tests::test_e2e_confidence_chain_propagation ... ok
test check::dependent::tests::test_e2e_dependent_type_epistemic_fails ... ok
test check::dependent::tests::test_e2e_gradual_fallback_for_unknown ... ok
test check::dependent::tests::test_e2e_refinement_with_confidence_var ... ok
test check::dependent::tests::test_prove_trivially_true ... ok
test check::dependent::tests::test_refinement_validator_depth_check ... ok
test check::dependent::tests::test_e2e_mock_verifier_epistemic_pipeline ... ok
test check::dependent::tests::test_refinement_validator_provable ... ok
test check::dependent::tests::test_translate_true_false ... ok
test check::dependent::tests::test_e2e_translate_comparison_to_epistemic ... ok
test check::dependent::tests::test_e2e_proof_cache_hit ... ok
test check::dependent::tests::test_prove_trivially_false ... ok
test check::dependent::tests::test_refinement_validator_not_provable ... ok
test check::diagnostics::tests::test_diagnostic_format ... ok
test check::diagnostics::tests::test_path_visualization ... ok
test check::diagnostics::tests::test_suggestion ... ok
test check::dependent::tests::test_validate_dependent_type_above_threshold ... ok
test check::epistemic::tests::test_bayesian_combination ... ok
test check::epistemic::tests::test_check_epistemic_refinement_gradual_allows_low_confidence ... ok
test check::epistemic::tests::test_check_epistemic_refinement_holds ... ok
test check::dependent::tests::test_validate_dependent_type_below_threshold ... ok
test check::epistemic::tests::test_check_epistemic_refinement_strict_rejects_low_confidence ... ok
test check::epistemic::tests::test_confidence_bound_clamps_values ... ok
test check::epistemic::tests::test_confidence_bound_combine_min ... ok
test check::epistemic::tests::test_confidence_bound_combine_product ... ok
test check::epistemic::tests::test_confidence_bound_exact ... ok
test check::epistemic::tests::test_confidence_bound_narrow ... ok
test check::epistemic::tests::test_confidence_bound_range ... ok
test check::epistemic::tests::test_confidence_check_classification ... ok
test check::epistemic::tests::test_days_from_date ... ok
test check::epistemic::tests::test_epistemic_heterogeneity ... ok
test check::epistemic::tests::test_epistemic_refinement_combine ... ok
test check::diagnostics::tests::test_severity_colors ... ok
test check::epistemic::tests::test_calculate_evidence_weight_no_evidence ... ok
test check::epistemic::tests::test_calculate_evidence_weight_with_evidence ... ok
test check::diagnostics::tests::test_diagnostic_collector ... ok
test check::epistemic::tests::test_confidence_bound_at_least ... ok
test check::epistemic::tests::test_epistemic_refinement_context_path_narrowing ... ok
test check::epistemic::tests::test_epistemic_refinement_creation_gradual ... ok
test check::epistemic::tests::test_epistemic_refinement_creation_strict ... ok
test check::epistemic::tests::test_epistemic_refinement_context ... ok
test check::epistemic::tests::test_epistemic_refinement_display ... ok
test check::epistemic::tests::test_epistemic_refinement_from_literal ... ok
test check::epistemic::tests::test_evidence_kind_quality_ordering ... ok
test check::epistemic::tests::test_knowledge_type_with_refinement ... ok
test check::epistemic::tests::test_parse_iso_to_epoch_unix_epoch ... ok
test check::epistemic::tests::test_parse_iso_to_epoch_known_date ... ok
test check::epistemic::tests::test_propagate_epistemic_refinement_binary_add ... ok
test check::epistemic::tests::test_propagate_epistemic_refinement_binary_no_propagation ... ok
test check::epistemic::tests::test_propagate_epistemic_refinement_binary_strict_wins ... ok
test check::epistemic::tests::test_refinement_predicate_check_value ... ok
test check::epistemic::tests::test_refinement_predicate_descriptions ... ok
test check::epistemic::tests::test_refinement_propagation_add_positive ... ok
test check::epistemic::tests::test_refinement_propagation_confidence ... ok
test check::epistemic::tests::test_refinement_propagation_add_range ... ok
test check::epistemic::tests::test_refinement_propagation_mul ... ok
test check::epistemic::tests::test_refinement_propagation_div ... ok
test check::epistemic::tests::test_refinement_propagation_sub_range ... ok
test check::epistemic::tests::test_temporal_index_age ... ok
test check::epistemic::tests::test_temporal_index_comparison ... ok
test check::epistemic::tests::test_temporal_index_from_iso ... ok
test check::epistemic::tests::test_temporal_index_from_iso_with_time ... ok
test causal::discovery::tests::test_pc_accuracy_collider_above_80_percent ... ok
test build::change::tests::test_change_detector ... ok
test check::epistemic::tests::test_verify_epistemic_refinement_custom_empty ... ok
test causal::discovery::tests::test_pc_accuracy_fork_above_80_percent ... ok
test causal::discovery::tests::test_pc_accuracy_chain_above_80_percent ... ok
test check::epistemic::tests::test_verify_epistemic_refinement_low_confidence ... ok
test check::epistemic::tests::test_verify_epistemic_refinement_verified ... ok
test check::epistemic::tests::test_weighted_bayesian_empty ... ok
test check::epistemic::tests::test_weighted_bayesian_evidence_deduplication ... ok
test check::epistemic::tests::test_weighted_bayesian_higher_weight_for_stronger_evidence ... ok
test check::epistemic::tests::test_weighted_bayesian_revisability_non_revisable ... ok
test check::epistemic::tests::test_weighted_bayesian_single ... ok
test check::pac::tests::test_constraint_collection ... ok
test check::pac::tests::test_custom_hypothesis ... ok
test check::pac::tests::test_insufficient_samples ... ok
test check::pac::tests::test_invalid_delta ... ok
test check::pac::tests::test_invalid_epsilon ... ok
test check::pac::tests::test_lookup_standard_classes ... ok
test check::pac::tests::test_pac_checker_creation ... ok
test check::pac::tests::test_sufficient_samples ... ok
test check::pac::tests::test_tight_bounds ... ok
test check::pac::tests::test_unknown_hypothesis ... ok
test check::probabilistic::tests::test_distribution_normalization ... ok
test check::probabilistic::tests::test_distribution_sampling ... ok
test check::probabilistic::tests::test_hierarchical_prior_config ... ok
test check::epistemic::tests::test_sources_compatible_axiom_satisfies_all ... ok
test check::probabilistic::tests::test_hierarchical_priors ... ok
test check::epistemic::tests::test_sources_compatible_model_prediction ... ok
test check::probabilistic::tests::test_probabilistic_inference_creation ... ok
test check::probabilistic::tests::test_subtype_polymorphism_checker ... ok
test check::rankn::tests::test_compute_rank ... ok
test check::rankn::tests::test_generalize ... ok
test check::rankn::tests::test_instantiate_id ... ok
test check::epistemic::tests::test_bind_and_lookup ... ok
test check::epistemic::tests::test_sources_compatible_derivation ... ok
test check::epistemic::tests::test_constraint_check_confidence ... ok
test check::rankn::tests::test_skolemization ... ok
test check::rankn::tests::test_subsumption_concrete_not_to_forall ... ok
test check::epistemic::tests::test_type_with_confidence ... ok
test check::epistemic::tests::test_temporal_constraint_during_satisfied ... ok
test check::epistemic::tests::test_temporal_constraint_no_timestamp ... ok
test check::rankn::tests::test_subsumption_effect_subset_does_not_subsume_superset ... ok
test check::rankn::tests::test_subsumption_effect_superset_subsumes_subset ... ok
test check::rankn::tests::test_subsumption_id_to_concrete ... ok
test cli::backend::tests::test_backend_availability ... ok
test cli::backend::tests::test_backend_parsing ... ok
test check::epistemic::tests::test_sources_compatible_transformation_chain ... ok
test check::epistemic::tests::test_epistemic_checker_new ... ok
test check::rankn::tests::test_unify_type_vars ... ok
test cli::backend::tests::test_opt_level_parsing ... ok
test cli::backend::tests::test_thermal_model_parsing ... ok
test codegen::autodiff::tests::test_dual_abs_negative ... ok
test codegen::autodiff::tests::test_composite_function ... ok
test check::epistemic::tests::test_provenance_max_depth_violated ... ok
test check::extern_tests::extern_fn_is_resolved_and_lowered ... ok
test codegen::autodiff::tests::test_chain_rule ... ok
test check::epistemic::tests::test_sources_compatible_external_uri ... ok
test codegen::autodiff::tests::test_dual_neg ... ok
test codegen::autodiff::tests::test_dual_abs_positive ... ok
test codegen::autodiff::tests::test_dual_add ... ok
test codegen::autodiff::tests::test_dual_constant ... ok
test codegen::autodiff::tests::test_dual_cos ... ok
test codegen::autodiff::tests::test_dual_div_quotient_rule ... ok
test codegen::autodiff::tests::test_dual_div ... ok
test codegen::autodiff::tests::test_dual_exp ... ok
test codegen::autodiff::tests::test_dual_log ... ok
test check::epistemic::tests::test_sources_compatible_exact_match ... ok
test codegen::autodiff::tests::test_dual_mul ... ok
test codegen::autodiff::tests::test_dual_mul_product_rule ... ok
test codegen::autodiff::tests::test_dual_sin ... ok
test codegen::autodiff::tests::test_dual_sub ... ok
test codegen::autodiff::tests::test_dual_tan ... ok
test codegen::autodiff::tests::test_dual_variable ... ok
test codegen::autodiff::tests::test_polynomial ... ok
test codegen::autodiff_reverse::tests::test_backward_add ... ok
test codegen::autodiff_reverse::tests::test_backward_chain ... ok
test codegen::autodiff_reverse::tests::test_backward_exp ... ok
test check::epistemic::tests::test_provenance_max_depth_satisfied ... ok
test codegen::autodiff_reverse::tests::test_backward_sin ... ok
test codegen::autodiff_reverse::tests::test_backward_mul ... ok
test check::epistemic::tests::test_sources_compatible_different_ontologies ... ok
test codegen::autodiff_reverse::tests::test_jacobian_simple ... ok
test codegen::autodiff::tests::test_dual_pow_const ... ok
test check::epistemic::tests::test_temporal_constraint_current_violated ... ok
test codegen::autodiff_tape::tests::test_tape_allocation ... ok
test codegen::autodiff::tests::test_dual_sqrt ... ok
test codegen::autodiff_tape::tests::test_tape_recording ... ok
test codegen::autodiff_tape::tests::test_tape_clear ... ok
test codegen::bytecode::tests::test_compile_binary_add ... ok
test codegen::bytecode::tests::test_compile_empty_function ... ok
test codegen::bytecode::tests::test_compile_field_assignment ... ok
test codegen::bytecode::tests::test_compile_index_assignment ... ok
test codegen::bytecode::tests::test_compile_function_with_return ... ok
test codegen::bytecode::tests::test_compile_literal ... ok
test check::epistemic::tests::test_temporal_constraint_at_time ... ok
test codegen::cranelift::tests::test_configure_jit_registry_stub ... ok
test codegen::bytecode::tests::test_compile_let_statement ... ok
test codegen::bytecode::tests::test_complex_assignment_order ... ok
test codegen::cranelift::tests::test_cranelift_jit_new ... ok
test codegen::cranelift::tests::test_cranelift_jit_with_optimization ... ok
test codegen::debug::cfi::tests::test_cfi_builder_aarch64 ... ok
test codegen::debug::cfi::tests::test_leb128 ... ok
test codegen::debug::cfi::tests::test_cfi_builder_x86_64 ... ok
test codegen::debug::source_map::tests::test_source_map_builder ... ok
test codegen::debug::source_map::tests::test_source_map_json ... ok
test codegen::debug::source_map::tests::test_vlq_encode_decode ... ok
test codegen::gpu::async_pipeline::tests::test_double_buffer_creation ... ok
test codegen::gpu::async_pipeline::tests::test_prologue_generation ... ok
test codegen::gpu::async_pipeline::tests::test_ptx_mbarrier_emission ... ok
test codegen::gpu::async_pipeline::tests::test_triple_buffer_creation ... ok
test codegen::debug::tests::test_debug_info_builder ... ok
test codegen::debug::tests::test_uleb128 ... ok
test codegen::gpu::async_pipeline::tests::test_ampere_fallback ... ok
test check::epistemic::tests::test_type_from_curie ... ok
test codegen::gpu::async_pipeline::tests::test_async_op_graph ... ok
test codegen::debug::source_map::tests::test_source_map_lookup ... ok
test codegen::gpu::async_pipeline::tests::test_dependency_analysis ... ok
test codegen::gpu::async_pipeline::tests::test_schedule_generation ... ok
test codegen::gpu::autodiff::codegen::tests::test_backward_codegen_creation ... ok
test codegen::gpu::autodiff::codegen::tests::test_extract_operands ... ok
test codegen::gpu::autodiff::primitives::tests::test_add_rule ... ok
test codegen::gpu::autodiff::codegen::tests::test_generate_backward_simple ... ok
test codegen::gpu::async_pipeline::tests::test_tile_config_pipeline ... ok
test codegen::gpu::async_pipeline::tests::test_architecture_differences ... ok
test codegen::gpu::async_pipeline::tests::test_barrier_allocation ... ok
test codegen::gpu::async_pipeline::tests::test_turing_fallback ... ok
test codegen::gpu::autodiff::tape::tests::test_gradient_accumulation ... ok
test codegen::gpu::autodiff::tape::tests::test_entries_reversed ... ok
test codegen::gpu::autodiff::tape::tests::test_record_binary ... ok
test codegen::gpu::autodiff::primitives::tests::test_classify_op ... ok
test codegen::gpu::autodiff::tape::tests::test_tape_creation ... ok
test codegen::gpu::autodiff::primitives::tests::test_diff_primitive_to_tape_op ... ok
test codegen::gpu::autodiff::tests::test_is_float_type ... ok
test codegen::gpu::autodiff::tests::test_autodiff_creation ... ok
test codegen::gpu::autodiff::tests::test_kernel_analysis ... ok
test codegen::gpu::autodiff::tests::test_differentiate_kernel ... ok
test codegen::gpu::autodiff::primitives::tests::test_div_rule ... ok
test codegen::gpu::autodiff::primitives::tests::test_matmul_rule ... ok
test codegen::gpu::autodiff::primitives::tests::test_mul_rule ... ok
test codegen::gpu::autodiff::primitives::tests::test_registry_creation ... ok
test codegen::gpu::autodiff::primitives::tests::test_sin_rule ... ok
test codegen::gpu::autodiff::tape::tests::test_record_const ... ok
test codegen::gpu::autodiff::transform::tests::test_diff_attribute_parsing ... ok
test codegen::gpu::autodiff::transform::tests::test_analyze_kernel ... ok
test codegen::gpu::autodiff::tape::tests::test_tape_op_properties ... ok
test codegen::gpu::autodiff::transform::tests::test_diff_context_creation ... ok
test codegen::gpu::autotune::tests::test_architecture_differences ... ok
test codegen::gpu::autotune::tests::test_block_shape_2d ... ok
test codegen::gpu::autotune::tests::test_elementwise_detection ... ok
test codegen::gpu::autodiff::transform::tests::test_transform_kernel ... ok
test codegen::gpu::autotune::tests::test_matmul_detection ... ok
test codegen::gpu::autotune::tests::test_occupancy_calculator ... ok
test codegen::gpu::autotune::tests::test_reduction_detection ... ok
test codegen::gpu::autodiff::transform::tests::test_mark_inputs_outputs ... ok
test codegen::gpu::autotune::tests::test_instruction_mix ... ok
test codegen::gpu::autodiff::transform::tests::test_is_differentiable ... ok
test check::epistemic::tests::test_parse_timestamp_from_reference ... ok
test codegen::gpu::autotune::tests::test_safe_defaults ... ok
test codegen::gpu::autotune::tests::test_tune_module ... ok
test codegen::gpu::bio::tests::test_quaternion_mul_kernel_structure ... ok
test codegen::gpu::calibration::tests::test_calibration_stats ... ok
test codegen::gpu::bio::tests::test_bio_kernels_generation ... ok
test codegen::gpu::bio::tests::test_dna_complement_kernel_structure ... ok
test check::epistemic::tests::test_temporal_constraint_during_violated_before ... ok
test codegen::gpu::calibration::tests::test_minmax_calibration ... ok
test codegen::gpu::calibration::tests::test_per_channel_calibrator ... ok
test codegen::gpu::calibration::tests::test_reset ... ok
test codegen::gpu::calibration::tests::test_percentile_calibration ... ok
test codegen::gpu::collective_ops::tests::test_algorithm_selector ... ok
test codegen::gpu::collective_ops::tests::test_allgather ... ok
test codegen::gpu::collective_ops::tests::test_allreduce_average ... ok
test codegen::gpu::calibration::tests::test_mse_calibration ... ok
test codegen::gpu::calibration::tests::test_histogram_calibration ... ok
test check::epistemic::tests::test_temporal_constraint_current_satisfied ... ok
test codegen::gpu::collective_ops::tests::test_allreduce_direct_sum ... ok
test codegen::gpu::collective_ops::tests::test_collective_stats ... ok
test codegen::gpu::collective_ops::tests::test_broadcast ... ok
test codegen::gpu::collective_ops::tests::test_reduce ... ok
test codegen::gpu::collective_ops::tests::test_reduce_scatter ... ok
test codegen::gpu::calibration::tests::test_entropy_calibration ... ok
test codegen::gpu::costs::tests::test_arch_peak_perf ... ok
test codegen::gpu::costs::tests::test_flops_count ... ok
test codegen::gpu::costs::tests::test_memory_traffic ... ok
test codegen::gpu::costs::tests::test_cost_database_creation ... ok
test codegen::gpu::cooperative::tests::test_warp_scan_kernel_generation ... ok
test codegen::gpu::costs::tests::test_instruction_costs_vary_by_arch ... ok
test codegen::gpu::costs::tests::test_memory_vs_compute_latency ... ok
test codegen::gpu::costs::tests::test_sfu_operations ... ok
test codegen::gpu::costs::tests::test_tensor_core_operations ... ok
test codegen::gpu::cooperative::tests::test_add_all_cooperative_kernels ... ok
test codegen::gpu::collective_ops::tests::test_allreduce_ring_sum ... ok
test codegen::gpu::cooperative::tests::test_block_reduce_kernel_generation ... ok
test codegen::gpu::counterfactual::tests::test_ptx_intervention_emission ... ok
test codegen::gpu::counterfactual::tests::test_context_intervention ... ok
test codegen::gpu::cooperative::tests::test_ballot_kernel_generation ... ok
test codegen::gpu::cooperative::tests::test_broadcast_kernel_generation ... ok
test codegen::gpu::counterfactual::tests::test_divergence_compute ... ok
test codegen::gpu::counterfactual::tests::test_structural_equation ... ok
test codegen::gpu::cooperative::tests::test_warp_reduce_kernel_generation ... ok
test codegen::gpu::counterfactual::tests::test_world_id ... ok
test codegen::gpu::diagnostics::tests::test_diagnostic_severity_ordering ... ok
test codegen::gpu::diagnostics::tests::test_diagnostic_with_location ... ok
test codegen::gpu::diagnostics::tests::test_recovery_hints_generated ... ok
test codegen::gpu::divergence::tests::test_adaptive_dispatcher ... ok
test codegen::gpu::divergence::tests::test_branch_cost_estimator ... ok
test codegen::gpu::divergence::tests::test_control_flow_optimizer ... ok
test codegen::gpu::divergence::tests::test_divergence_info ... ok
test codegen::gpu::divergence::tests::test_divergence_kind ... ok
test codegen::gpu::divergence::tests::test_thread_mask ... ok
test codegen::gpu::diagnostics::tests::test_diagnostic_context_aggregation ... ok
test codegen::gpu::diagnostics::tests::test_diagnostic_conversion_from_fusion_error ... ok
test codegen::gpu::counterfactual_metal::tests::test_nested_interventions ... ok
test codegen::gpu::diagnostics::tests::test_diagnostic_report_format ... ok
test codegen::gpu::diagnostics::tests::test_max_diagnostics_limit ... ok
test codegen::gpu::counterfactual_metal::tests::test_counterfactual_metal_library ... ok
test codegen::gpu::counterfactual_metal::tests::test_counterfactual_kernel_generation ... ok
test codegen::gpu::counterfactual_metal::tests::test_config_defaults ... ok
test codegen::gpu::epistemic_gemm::tests::test_500_gflops_target_is_achievable_on_a100 ... ok
test codegen::gpu::divergence::tests::test_predicate_compiler ... ok
test codegen::gpu::epistemic_gemm::tests::test_dispatch_routes_f16_to_wmma ... ok
test codegen::gpu::epistemic_gemm::tests::test_epistemic_gemm_basic ... ok
test codegen::gpu::epistemic_gemm::tests::test_wgsl_generation ... ok
test codegen::gpu::epistemic_gemm::tests::test_epistemic_gemm_epsilon ... ok
test codegen::gpu::epistemic_gemm::tests::test_epistemic_matrix_creation ... ok
test codegen::gpu::epistemic_gemm::tests::test_epsilon_kernel_launch_config ... ok
test codegen::gpu::epistemic_gemm::tests::test_gemm_epsilon_with_scaling ... ok
test codegen::gpu::epistemic_gemm::tests::test_dispatch_routes_f32_to_tiled ... ok
test codegen::gpu::epistemic_gemm::tests::test_roofline_estimate_compute_bound ... ok
test codegen::gpu::epistemic_gemm::tests::test_wmma_k_loop_ptx_structure ... ok
test codegen::gpu::epistemic_gemm::tests::test_roofline_estimate_memory_bound ... ok
test codegen::gpu::epistemic_gemm::tests::test_tiled_gemm_launch_config ... ok
test codegen::gpu::epistemic_gemm::tests::test_epsilon_only_ptx_structure ... ok
test codegen::gpu::epistemic_gemm::tests::test_epistemic_gemm_with_scaling ... ok
test codegen::gpu::epistemic_gemm::tests::test_ptx_generation ... ok
test codegen::gpu::epistemic_gemm_intrinsics::tests::test_gemm_intrinsics_count ... ok
test codegen::gpu::epistemic_gemm_intrinsics::tests::test_get_gemm_intrinsic ... ok
test codegen::gpu::epistemic_gemm_intrinsics::tests::test_is_gemm_intrinsic ... ok
test codegen::gpu::epistemic_kernels::tests::test_aggregate_mode ... ok
test codegen::gpu::epistemic_kernels::tests::test_buffer_size ... ok
test codegen::gpu::epistemic_kernels::tests::test_gpu_knowledge_axiomatic ... ok
test codegen::gpu::epistemic_kernels::tests::test_kernel_ids ... ok
test codegen::gpu::epistemic_kernels::tests::test_knowledge_slice_bytes ... ok
test codegen::gpu::epistemic_kernels::tests::test_uncertainty_propagation_add ... ok
test codegen::gpu::epistemic_kernels::tests::test_workgroup_count ... ok
test codegen::gpu::epistemic_kernels::tests::test_gpu_knowledge_creation ... ok
test codegen::gpu::epistemic_ptx::tests::test_confidence_gate_emission ... ok
test codegen::gpu::epistemic_kernels::tests::test_wgsl_shader_validity ... ok
test codegen::gpu::epistemic_ptx::tests::test_epistemic_compare_emission ... ok
test codegen::gpu::epistemic_ptx::tests::test_warp_reduction_emission ... ok
test codegen::gpu::epistemic_kernels::tests::test_transform_params ... ok
test codegen::gpu::epistemic_kernels::tests::test_uncertainty_propagation_mul ... ok
test codegen::gpu::example_profiles::tests::test_classification ... ok
test codegen::gpu::example_profiles::tests::test_matmul_peak_performance ... ok
test codegen::gpu::epistemic_ptx::tests::test_epistemic_add_emission ... ok
test codegen::gpu::fusion::tests::test_align_to ... ok
test codegen::gpu::fusion::tests::test_arch_constraints_fits ... ok
test codegen::gpu::epistemic_kernels::tests::test_gpu_knowledge_size ... ok
test codegen::gpu::fusion::tests::test_cost_model_check_constraints ... ok
test codegen::gpu::fusion::tests::test_arch_constraints_from_cuda_cc ... ok
test codegen::gpu::fusion::tests::test_cost_model_evaluate ... ok
test codegen::gpu::example_profiles::tests::test_kernel_profiles_realistic ... ok
test codegen::gpu::fusion::tests::test_fusion_candidate_invalidate ... ok
test codegen::gpu::fusion::tests::test_dependency_graph ... ok
test codegen::gpu::graph::tests::test_graph_creation ... ok
test codegen::gpu::graph::tests::test_dependency_chain ... ok
test codegen::gpu::graph::tests::test_kernel_node ... ok
test codegen::gpu::graph::tests::test_inference_pipeline ... ok
test codegen::gpu::graph::tests::test_loop_node ... ok
test codegen::gpu::graph::tests::test_memcpy_nodes ... ok
test codegen::gpu::graph::tests::test_parallel_nodes ... ok
test codegen::gpu::fusion::tests::test_fusion_config_default ... ok
test codegen::gpu::fusion::tests::test_fusion_group_creation ... ok
test codegen::gpu::fusion::tests::test_fusion_type_display ... ok
test codegen::gpu::fusion::tests::test_kernel_id_display ... ok
test codegen::gpu::fusion::tests::test_resource_estimate_combine ... ok
test codegen::gpu::graph::tests::test_buffer_allocation ... ok
test codegen::gpu::graph::tests::test_child_graph ... ok
test codegen::gpu::graph::tests::test_conditional_node ... ok
test codegen::gpu::fusion::tests::test_shared_mem_layout ... ok
test codegen::gpu::hlir_to_gpu::tests::test_type_lowering ... ok
test codegen::gpu::hlir_to_gpu::tests::test_epistemic_lowering ... ok
test codegen::gpu::intrinsics::tests::test_all_intrinsics_count ... ok
test codegen::gpu::intrinsics::tests::test_get_by_short_name ... ok
test codegen::gpu::intrinsics::tests::test_get_intrinsic ... ok
test codegen::gpu::hlir_to_gpu::tests::test_ptx_compilation ... ok
test codegen::gpu::ir::tests::test_gpu_kernel_building ... ok
test codegen::gpu::intrinsics::tests::test_intrinsic_categories ... ok
test codegen::gpu::ir::tests::test_gpu_target_display ... ok
test codegen::gpu::ir::tests::test_gpu_type_properties ... ok
test codegen::gpu::ir::tests::test_gpu_type_size ... ok
test codegen::gpu::metal::tests::test_metal_gpu_family ... ok
test codegen::gpu::metal::tests::test_metal_codegen_empty ... ok
test codegen::gpu::metal_runtime::tests::test_compile_msl ... ok
test codegen::gpu::intrinsics::tests::test_get_by_category ... ok
test codegen::gpu::metal_runtime::tests::test_device_info ... ok
test codegen::gpu::hlir_to_gpu::tests::test_basic_lowering ... ok
test codegen::gpu::intrinsics::tests::test_category_names ... ok
test codegen::gpu::metal::tests::test_epistemic_types_generated ... ok
test codegen::gpu::intrinsics::tests::test_is_gpu_intrinsic ... ok
test codegen::gpu::mixed_precision::config::tests::test_default_config ... ok
test codegen::gpu::epistemic_gemm::tests::test_tiled_ptx_structure ... ok
test codegen::gpu::ir::tests::test_gpu_module_creation ... ok
test codegen::gpu::metal_runtime::tests::test_buffer_allocation ... ok
test codegen::gpu::mixed_precision::config::tests::test_fp32_ops ... ok
test codegen::gpu::mixed_precision::loss_scaler::tests::test_min_scale_clamp ... ok
test codegen::gpu::mixed_precision::loss_scaler::tests::test_overflow_backoff ... ok
test codegen::gpu::metal_runtime::tests::test_dispatch_size ... ok
test codegen::gpu::metal_runtime::tests::test_epistemic_runner ... ok
test codegen::gpu::mixed_precision::transform::tests::test_mixed_precision_transform_creation ... ok
test codegen::gpu::metal_runtime::tests::test_get_kernel ... ok
test codegen::gpu::metal_runtime::tests::test_metal_error_conversion ... ok
test codegen::gpu::metal_runtime::tests::test_metal_runtime_creation ... ok
test codegen::gpu::metal_runtime::tests::test_storage_mode_recommendation ... ok
test codegen::gpu::mixed_precision::loss_scaler::tests::test_new_scaler ... ok
test codegen::gpu::mixed_precision::transform::tests::test_precision_assignment ... ok
test codegen::gpu::multi_gpu::tests::test_barrier ... ok
test codegen::gpu::multi_gpu::tests::test_device_group ... ok
test codegen::gpu::multi_gpu::tests::test_device_id ... ok
test codegen::gpu::multi_gpu::tests::test_parse_cuda_visible_devices ... ok
test codegen::gpu::multi_gpu::tests::test_multi_gpu_runtime ... ok
test codegen::gpu::numerical::tests::test_division_stability ... ok
test codegen::gpu::numerical::tests::test_precision_recommendation ... ok
test codegen::gpu::numerical::tests::test_stability_summary ... ok
test codegen::gpu::mixed_precision::loss_scaler::tests::test_scale_growth ... ok
test codegen::gpu::multi_gpu::tests::test_build_ring ... ok
test codegen::gpu::multi_gpu::tests::test_event ... ok
test codegen::gpu::multi_gpu::tests::test_interconnect_bandwidth ... ok
test codegen::gpu::octonions_real::tests::test_octonion_kernel_structure ... ok
test codegen::gpu::octonions_real::tests::test_octonion_norm_kernel_structure ... ok
test codegen::gpu::multi_gpu::tests::test_simulated_topology ... ok
test codegen::gpu::octonions_real::tests::test_octonion_scale_kernel_structure ... ok
test codegen::gpu::numerical::tests::test_cancellation_detection ... ok
test codegen::gpu::numerical::tests::test_error_bound_combine ... ok
test codegen::bytecode::tests::test_compile_and_execute_function_call_program ... ok
test codegen::bytecode::tests::test_short_circuit_or_does_not_evaluate_rhs ... ok
test codegen::gpu::numerical::tests::test_error_propagation_add ... ok
test codegen::gpu::numerical::tests::test_ulp_error ... ok
test codegen::gpu::octonions_real::tests::test_octonion_sub_kernel_structure ... ok
test codegen::gpu::multi_gpu::tests::test_build_tree ... ok
test codegen::gpu::octonions_real::tests::test_octonion_kernels_generation ... ok
test codegen::gpu::optimizer::tests::test_analyze_fusion ... ok
test codegen::gpu::optimizer::tests::test_optimize_basic_module ... ok
test codegen::gpu::optimizer::tests::test_quick_tune ... ok
test codegen::gpu::optimizer::tests::test_report_summary ... ok
test codegen::gpu::octonions_real::tests::test_octonion_add_kernel_structure ... ok
test codegen::gpu::p2p_transfer::tests::test_reduce_op ... ok
test codegen::gpu::p2p_transfer::tests::test_ring_transfer_steps ... ok
test codegen::gpu::p2p_transfer::tests::test_split_into_chunks ... ok
test codegen::gpu::optimizer::tests::test_optimize_empty_module ... ok
test codegen::gpu::portable::tests::test_compiled_kernel_backend_name ... ok
test codegen::gpu::portable::tests::test_compile_to_all_backends ... ok
test codegen::gpu::portable::tests::test_compile_f64_kernel_fails_on_apple_silicon ... ok
test codegen::gpu::portable::tests::test_compile_simple_kernel_to_metal ... ok
test codegen::gpu::portable::tests::test_compile_simple_kernel_to_ptx ... ok
test codegen::gpu::portable::tests::test_compile_with_thread_id ... ok
test codegen::gpu::optimizer::tests::test_optimizer_config_aggressive ... ok
test codegen::gpu::optimizer::tests::test_optimizer_config_minimal ... ok
test codegen::gpu::optimizer::tests::test_optimizer_creation ... ok
test codegen::gpu::p2p_transfer::tests::test_transfer_descriptor ... ok
test codegen::gpu::portable::tests::test_backend_selection ... ok
test codegen::gpu::p2p_transfer::tests::test_estimate_transfer_time ... ok
test codegen::gpu::p2p_transfer::tests::test_p2p_manager ... ok
test codegen::gpu::portable::tests::test_kernel_compatibility ... ok
test codegen::gpu::portable::tests::test_metal_capabilities ... ok
test codegen::gpu::portable::tests::test_portable_op_conversion ... ok
test codegen::gpu::portable::tests::test_cuda_capabilities ... ok
test codegen::gpu::portable::tests::test_operation_support ... ok
test codegen::gpu::portable::tests::test_unified_compiler_builder ... ok
test codegen::gpu::portable::tests::test_unified_kernel_creation ... ok
test codegen::gpu::profiler::tests::test_perf_comparison ... ok
test codegen::gpu::portable::tests::test_portable_type_conversion ... ok
test codegen::gpu::profiler::tests::test_perf_score_grades ... ok
test codegen::gpu::profiler::tests::test_bottleneck_kind_short_names ... ok
test codegen::gpu::portable::tests::test_portable_saxpy_kernel ... ok
test codegen::gpu::ptq::tests::test_calibration_progress ... ok
test codegen::gpu::ptq::tests::test_error_summary ... ok
test codegen::gpu::profiler::tests::test_profiler_creation ... ok
test codegen::gpu::profiler::tests::test_bottleneck_severity_ordering ... ok
test codegen::gpu::ptq::tests::test_ptq_config_presets ... ok
test codegen::gpu::portable::tests::test_portable_type_size ... ok
test codegen::gpu::profiler::tests::test_perf_counters ... ok
test codegen::gpu::ptq::tests::test_ptq_config_default ... ok
test codegen::gpu::ptx::tests::test_bf16_to_f32_conversion ... ok
test codegen::gpu::ptq::tests::test_quantized_module ... ok
test codegen::gpu::ptq::tests::test_ptq_engine_layer_registration ... ok
test codegen::gpu::ptx::tests::test_cuda_arch_features ... ok
test codegen::gpu::ptx::tests::test_blackwell_decompression ... ok
test codegen::gpu::ptx::tests::test_blackwell_wgmma_bf16 ... ok
test codegen::gpu::ptx::tests::test_blackwell_cluster_ops ... ok
test codegen::gpu::ptx::tests::test_blackwell_tma_operations ... ok
test codegen::gpu::ptx::tests::test_debug_assert ... ok
test codegen::gpu::ptx::tests::test_debug_brkpt ... ok
test codegen::gpu::ptx::tests::test_blackwell_wgmma_fp4 ... ok
test codegen::gpu::ptx::tests::test_debug_clock ... ok
test codegen::gpu::ptx::tests::test_debug_pmevent ... ok
test codegen::gpu::ptx::tests::test_debug_globaltimer ... ok
test codegen::gpu::ptx::tests::test_f32_to_bf16_conversion ... ok
test codegen::gpu::ptx::tests::test_blackwell_ptx_version ... ok
test codegen::gpu::ptx::tests::test_dequantize_with_scale ... ok
test codegen::gpu::ptx::tests::test_f4_quantization ... ok
test codegen::gpu::ptx::tests::test_debug_printf ... ok
test codegen::gpu::ptx::tests::test_f8e4m3_to_f32_conversion ... ok
test codegen::gpu::ptx::tests::test_ptx_cooperative_groups_warp ... ok
test codegen::gpu::ptx::tests::test_f32_to_f8e4m3_conversion ... ok
test codegen::gpu::ptx::tests::test_ptx_cooperative_partition ... ok
test codegen::gpu::ptx::tests::test_ptx_cooperative_reduce ... ok
test codegen::gpu::ptx::tests::test_ptx_cooperative_vote ... ok
test codegen::gpu::ptx::tests::test_ptx_cooperative_shuffle ... ok
test codegen::gpu::ptx::tests::test_f32_to_f8e5m2_conversion ... ok
test codegen::gpu::ptx::tests::test_blackwell_target_header ... ok
test codegen::gpu::ptx::tests::test_supports_feature ... ok
test codegen::gpu::ptx::tests::test_pack_f4x2 ... ok
test codegen::gpu::ptx::tests::test_debug_trap ... ok
test codegen::gpu::ptx::tests::test_pack_f8x2 ... ok
test codegen::gpu::ptx_epistemic_bridge::tests::test_epistemic_codegen_creation ... ok
test codegen::gpu::ptx::tests::test_ptx_arithmetic ... ok
test codegen::gpu::ptx::tests::test_ptx_shared_memory ... ok
test codegen::gpu::qat::tests::test_fake_quantize ... ok
test codegen::gpu::ptx::tests::test_ptx_simple_kernel ... ok
test codegen::gpu::ptx::tests::test_quantize_with_mode ... ok
test codegen::gpu::ptx::tests::test_unpack_f8x2 ... ok
test codegen::gpu::ptx::tests::test_ptx_header ... ok
test codegen::gpu::ptx_epistemic_bridge::tests::test_disabled_epistemic ... ok
test codegen::gpu::ptx_epistemic_bridge::tests::test_shadow_allocation ... ok
test codegen::gpu::qnn_kernels::tests::test_config_validation ... ok
test codegen::gpu::qat::tests::test_qat_config_default ... ok
test codegen::gpu::qnn_kernels::tests::test_scalar_reference_simple ... ok
test codegen::gpu::qnn_kernels::tests::test_shared_mem_calculation ... ok
test codegen::gpu::quantize::tests::test_from_minmax_symmetric ... ok
test codegen::gpu::quantize::tests::test_int4_pack_unpack ... ok
test codegen::gpu::quantize::tests::test_per_channel_params ... ok
test codegen::gpu::qnn_kernels::tests::test_ptx_code_generation ... ok
test codegen::gpu::quantize::tests::test_quant_dtype_range ... ok
test codegen::gpu::quantize::tests::test_quantize_dequantize_roundtrip ... ok
test codegen::gpu::qat::tests::test_quant_state_observe ... ok
test codegen::gpu::qnn_kernels::tests::test_launch_config ... ok
test codegen::gpu::qnn_kernels::tests::test_params_validation ... ok
test codegen::gpu::qnn_tensor_core::tests::test_quat_tile_creation ... ok
test codegen::gpu::qnn_tensor_core::tests::test_wmma_fragment ... ok
test codegen::gpu::quantize::tests::test_from_minmax_asymmetric ... ok
test codegen::gpu::quantize::tests::test_quantize_tensor_int4 ... ok
test codegen::gpu::quantize::tests::test_symmetric_int8_params ... ok
test codegen::gpu::quantize::tests::test_quantized_tensor ... ok
test codegen::gpu::quat_kernels_backward::tests::test_backward_config_validation ... ok
test codegen::gpu::quat_kernels_backward::tests::test_bn_backward ... ok
test codegen::gpu::quat_kernels_backward::tests::test_quat_conjugate ... ok
test codegen::gpu::quat_kernels_backward::tests::test_quat_mul ... ok
test codegen::gpu::quat_kernels_backward::tests::test_relu_backward ... ok
test codegen::gpu::quat_quantize::tests::test_batch_quantization ... ok
test codegen::gpu::quat_quantize::tests::test_dp4a_layout ... ok
test codegen::gpu::quat_quantize::tests::test_mse_computation ... ok
test codegen::gpu::quantize::tests::test_quant_error_analyzer ... ok
test codegen::gpu::qat::tests::test_qat_layer_warmup ... ok
test codegen::gpu::quat_quantize::tests::test_quat_mul_i8 ... ok
test codegen::gpu::quat_kernels_backward::tests::test_backward_params_validation ... ok
test codegen::gpu::quat_quantize::tests::test_normalize_quaternion ... ok
test codegen::gpu::quat_quantize::tests::test_quat_quantize_dequantize ... ok
test codegen::gpu::quat_quantize::tests::test_quat_mul_i8_int32 ... ok
test codegen::bytecode::tests::test_short_circuit_and_does_not_evaluate_rhs ... ok
test codegen::gpu::quat_quantize::tests::test_snr_computation ... ok
test codegen::gpu::quat_quantize::tests::test_zero_quaternion ... ok
test codegen::gpu::roofline::tests::test_boundedness_classification ... ok
test codegen::gpu::roofline::tests::test_different_architectures ... ok
test codegen::gpu::quat_quantize::tests::test_validate_accuracy ... ok
test codegen::gpu::roofline::tests::test_optimization_hint_descriptions ... ok
test codegen::gpu::roofline::tests::test_peak_at_intensity ... ok
test codegen::gpu::roofline::tests::test_ridge_point_calculation ... ok
test codegen::gpu::roofline::tests::test_roofline_model_creation ... ok
test codegen::gpu::roofline::tests::test_roofline_plot_generation ... ok
test codegen::gpu::runtime::tests::test_config_validation ... ok
test codegen::gpu::runtime::tests::test_kernel_arg ... ok
test codegen::gpu::runtime::tests::test_launch_config_1d ... ok
test codegen::gpu::runtime::tests::test_launch_config ... ok
test codegen::gpu::runtime::tests::test_launch_config_2d ... ok
test codegen::gpu::runtime::tests::test_simulated_allocation ... ok
test codegen::gpu::runtime::tests::test_simulated_copy ... ok
test codegen::gpu::runtime::tests::test_simulated_runtime ... ok
test codegen::gpu::sedenions_real::tests::test_sedenion_mul_kernel_structure ... ok
test codegen::gpu::sedenions_real::tests::test_all_kernels_created ... ok
test codegen::gpu::sedenions_real::tests::test_sedenion_zero_divisor_kernel_structure ... ok
test codegen::gpu::sourcemap::tests::test_full_trace ... ok
test codegen::gpu::sourcemap::tests::test_gpu_ir_location ... ok
test codegen::gpu::sourcemap::tests::test_location_trace_empty ... ok
test codegen::gpu::sourcemap::tests::test_ptx_debug_emitter ... ok
test codegen::gpu::sourcemap::tests::test_source_mapper_basic ... ok
test codegen::gpu::sourcemap::tests::test_span_tracker ... ok
test codegen::gpu::sourcemap::tests::test_trace_ptx_to_hlir ... ok
test codegen::gpu::sparse::tests::test_memory_overhead ... ok
test codegen::gpu::sparse::tests::test_2x4_detection ... ok
test codegen::gpu::sparse::tests::test_format_compatibility ... ok
test codegen::gpu::sparse::tests::test_sparse_format_display ... ok
test codegen::gpu::sparse::tests::test_format_detection ... ok
test codegen::gpu::qnn_tensor_core::tests::test_quat_tile_multiply ... ok
test codegen::gpu::sparse::tests::test_sparse_tensor_density ... ok
test codegen::gpu::sparse::tests::test_sparse_gemm_kernel_generation ... ok
test codegen::gpu::sparse::tests::test_sparse_fusion_analyzer ... ok
test codegen::gpu::sparse::tests::test_sparsity_analyzer ... ok
test codegen::gpu::sparse::tests::test_sparsity_cost_model ... ok
test codegen::gpu::sparse::tests::test_tensor_core_support ... ok
test codegen::gpu::sparse_quat::tests::test_2x4_metadata ... ok
test codegen::gpu::sparse_quat::tests::test_global_magnitude ... ok
test codegen::gpu::sparse_quat::tests::test_structured_2x4 ... ok
test codegen::gpu::tensor_epistemic::tests::test_all_intrinsics_count ... ok
test codegen::gpu::tensor_epistemic::tests::test_category_coverage ... ok
test codegen::gpu::tensor_epistemic::tests::test_confidence_weighted_mean ... ok
test codegen::gpu::tensor_epistemic::tests::test_epsilon_propagation_display ... ok
test codegen::gpu::tensor_epistemic::tests::test_get_by_short_name ... ok
test codegen::gpu::tensor_epistemic::tests::test_get_epistemic_intrinsic ... ok
test codegen::gpu::tensor_epistemic::tests::test_is_epistemic_intrinsic ... ok
test codegen::gpu::tensor_epistemic::tests::test_relu_epsilon ... ok
test codegen::gpu::tensor_epistemic::tests::test_softmax_epsilon ... ok
test codegen::gpu::tensor_epistemic::tests::test_tensor_core_intrinsics ... ok
test codegen::gpu::tensor_epistemic::tests::test_wmma_epsilon_propagation ... ok
test codegen::gpu::tile::tests::test_align_to ... ok
test codegen::gpu::tile::tests::test_compute_swizzle_pattern ... ok
test codegen::gpu::tile::tests::test_element_size_bytes ... ok
test codegen::gpu::tile::tests::test_recommended_tile_size ... ok
test codegen::gpu::tile::tests::test_select_wmma_op_unsupported_combination ... ok
test codegen::gpu::tile::tests::test_select_wmma_op_valid ... ok
test codegen::gpu::tile::tests::test_shared_memory_bytes ... ok
test codegen::gpu::tile::tests::test_supports_tiles ... ok
test codegen::gpu::tile::tests::test_supports_tma ... ok
test codegen::gpu::tile::tests::test_supports_wgmma ... ok
test codegen::gpu::tile::tests::test_threads_per_tile ... ok
test codegen::gpu::tile::tests::test_validate_tile_dims_2d ... ok
test codegen::gpu::tile::tests::test_validate_tile_dims_invalid_not_power_of_2 ... ok
test codegen::gpu::tile::tests::test_validate_tile_dims_invalid_too_large ... ok
test codegen::gpu::tile::tests::test_validate_tile_dims_invalid_unsupported_shape ... ok
test codegen::gpu::tile::tests::test_validate_tile_dims_invalid_unsupported_type ... ok
test codegen::gpu::ptq::tests::test_ptq_calibration_workflow ... ok
test codegen::gpu::uplift_trees::tests::test_hist_bin_cate ... ok
test codegen::gpu::uplift_trees::tests::test_node_confidence ... ok
test codegen::gpu::uplift_trees::tests::test_segment_classification ... ok
test codegen::gpu::uplift_trees::tests::test_ptx_generation ... ok
test codegen::mir_cranelift::tests::test_mir_module_creation ... ok
test codegen::gpu::tile::tests::test_validate_tile_dims_valid ... ok
test codegen::mir_cranelift::tests::test_translate_type ... ok
test codegen::mir_cranelift::tests::test_optimization_pass_levels ... ok
test codegen::native_tests::test_native_arrays_todo ... ignored, TODO(native): add lowering and codegen support for arrays
test codegen::native_tests::test_native_enums_match_todo ... ignored, TODO(native): add lowering and codegen support for enums + match
test codegen::native_tests::test_native_structs_todo ... ignored, TODO(native): add lowering and codegen support for structs
test codegen::gpu::system_profiler::tests::test_profiler_availability_detection ... ok
test codegen::native_tests::test_native_print_non_string_error_is_explicit ... ok
test codegen::native_tests::test_native_nested_calls_in_call_arguments_keep_stack_aligned ... ok
test codegen::native_tests::test_native_print_in_loop_is_executed_once_and_is_relocatable ... ok
test codegen::native_tests::test_native_bool_literal_in_if ... ok
test codegen::native_tests::test_native_logical_or_short_circuit ... ok
test codegen::mir_cranelift::tests::test_type_mappings ... ok
test codegen::native_tests::test_native_arithmetic_mul_sub ... ok
test codegen::native_tests::test_native_arithmetic_add ... ok
test codegen::native_tests::test_native_three_arg_call_uses_aligned_scratch_area ... ok
test codegen::native_tests::test_native_too_many_call_args_is_deterministic_error ... ok
test codegen::simd::tests::test_clifford_sign_cl44 ... ok
test codegen::simd::tests::test_sign_table_symmetry ... ok
test codegen::native_tests::test_native_logical_and_short_circuit ... ok
test codegen::native_tests::test_native_undefined_symbol_is_deterministic_error ... ok
test codegen::native_tests::test_native_arithmetic_div_rem ... ok
test codegen::native_tests::test_native_user_defined_print_is_rejected_with_clear_error ... ok
test common::tests::test_interner ... ok
test common::tests::test_source_file_line_col ... ok
test common::tests::test_span_merge ... ok
test codegen::simd::tests::test_clifford_sign_cl13 ... ok
test codegen::native_tests::test_native_print_builtin ... ok
test codegen::simd::tests::test_simd_module_exists ... ok
test codegen::native_tests::test_native_local_variables ... ok
test compiler_loader::tests::test_bootstrap_seed_rejects_wrong_version ... ok
test compiler_loader::tests::test_bootstrap_seed_rejects_untrusted_signature_key ... ok
test compiler_loader::tests::test_bootstrap_seed_rejects_non_zero_reserved_header ... ok
test compiler_loader::tests::test_compiler_creation_embedded ... ok
test compiler_loader::tests::test_compiler_creation_filesystem ... ok
test codegen::native_tests::test_native_entry_uses_builtin_exit_even_if_user_exit_exists ... ok
test compiler_loader::tests::test_bootstrap_seed_valid_roundtrip ... ok
test compiler_loader::tests::test_bootstrap_seed_missing_is_reported ... ok
test codegen::native_tests::test_native_call_inside_binary_expression ... ok
test codegen::native_tests::test_native_too_many_function_params_is_deterministic_error ... ok
test codegen::native_tests::test_native_exit_code_constant ... ok
test codegen::native_tests::test_native_call_in_binary_and_return_if ... ok
test codegen::native_tests::test_native_if_else ... ok
test codegen::native_tests::test_native_forward_call_and_recursive_ifs ... ok
test compiler_loader::tests::test_embedded_has_core_modules ... ok
test codegen::native_tests::test_native_forward_call_relocated_through_trampoline ... ok
test compiler_loader::tests::test_load_embedded_module ... ok
test compiler_loader::tests::test_module_listing_embedded ... ok
test compiler_loader::tests::test_module_listing_filesystem ... ok
test compiler_loader::tests::test_normalize_self_hosted_suite_entrypoint ... ok
test compiler_loader::tests::test_parse_hex_digest_checksum_format ... ok
test compiler_loader::tests::test_parse_hex_digest_signature_format ... ok
test compiler_loader::tests::test_parse_seed_signature_fields_missing_key ... ok
test compiler_loader::tests::test_parse_seed_signature_fields_valid ... ok
test compiler_loader::tests::test_poseidon_text_bytecode_decoder_appends_return_when_missing ... ok
test compiler_loader::tests::test_poseidon_text_bytecode_decoder_supports_new_opcodes ... ok
test compiler_loader::tests::test_poseidon_text_bytecode_decoder_supports_push_str ... ok
test codegen::native_tests::test_native_function_call ... ok
test codegen::native_tests::test_native_while_loop ... ok
test compiler_loader::tests::test_bootstrap_seed_rejects_checksum_mismatch ... ok
test dependent::gradual::tests::test_annotation_properties ... ok
test dependent::gradual::tests::test_gradual_annotation_parse ... ok
test dependent::gradual::tests::test_gradual_config ... ok
test dependent::gradual::tests::test_gradual_diagnostics ... ok
test compiler_loader::tests::test_driver_file_pipeline_strict_rejects_fallback_when_driver_unavailable ... ok
test dependent::gradual::tests::test_gradual_mode ... ok
test dependent::gradual::tests::test_runtime_check_code_gen ... ok
test dependent::gradual::tests::test_source_location ... ok
test dependent::inference::tests::test_confidence_binding ... ok
test dependent::inference::tests::test_confidence_unification ... ok
test dependent::inference::tests::test_fresh_var ... ok
test dependent::inference::tests::test_gradual_allows_unknown ... ok
test dependent::inference::tests::test_predicate_constraint ... ok
test dependent::gradual::tests::test_gradual_warning ... ok
test dependent::inference::tests::test_subtype_constraint ... ok
test dependent::inference::tests::test_type_var_instantiation ... ok
test dependent::inference::tests::test_unsatisfiable_constraint ... ok
test dependent::predicates::tests::test_causal_predicate_display ... ok
test dependent::predicates::tests::test_confidence_predicate_eval ... ok
test dependent::predicates::tests::test_ontology_predicate ... ok
test dependent::predicates::tests::test_free_vars ... ok
test dependent::predicates::tests::test_predicate_and_false ... ok
test dependent::predicates::tests::test_predicate_normalize_double_negation ... ok
test dependent::predicates::tests::test_predicate_true ... ok
test dependent::predicates::tests::test_substitution ... ok
test dependent::predicates::tests::test_predicate_normalize_and_true ... ok
test dependent::proof_search::tests::test_assumption_in_context ... ok
test dependent::proof_search::tests::test_causal_confounded_with_backdoor ... ok
test codegen::native_tests::test_native_local_frames_keep_alignment_with_calls_and_if_print ... ok
test compiler_loader::tests::test_bootstrap_driver_interface_present ... ok
test compiler_loader::tests::test_bootstrap_driver_interface_reports_missing_entrypoint ... ok
test dependent::proof_search::tests::test_causal_simple_identifiable ... ok
test dependent::proof_search::tests::test_causal_iv_identification ... ok
test dependent::proof_search::tests::test_causal_frontdoor_identifiable ... ok
test dependent::proof_search::tests::test_causal_unconfounded ... ok
test dependent::proof_search::tests::test_conjunction ... ok
test dependent::proof_search::tests::test_causal_unidentifiable_bidirected ... ok
test dependent::proof_search::tests::test_d_separation_chain_blocked ... ok
test dependent::proof_search::tests::test_causal_pbpk_graph ... ok
test dependent::proof_search::tests::test_ds_bound ... ok
test dependent::proof_search::tests::test_gradual_fallback ... ok
test dependent::proof_search::tests::test_literal_confidence ... ok
test dependent::proof_search::tests::test_literal_confidence_fails ... ok
test dependent::proof_search::tests::test_d_separation_collider_open ... ok
test dependent::proof_search::tests::test_disjunction ... ok
test dependent::proof_search::tests::test_d_separation_fork_blocked ... ok
test dependent::proofs::tests::test_and_intro ... ok
test dependent::proofs::tests::test_arith_derivation_decay ... ok
test dependent::proof_search::tests::test_product_bound ... ok
test dependent::proof_search::tests::test_trivial_false ... ok
test dependent::proofs::tests::test_arith_derivation_product ... ok
test dependent::proof_search::tests::test_trivial_true ... ok
test dependent::proofs::tests::test_backdoor_proof ... ok
test dependent::proof_search::tests::test_variable_with_binding ... ok
test dependent::proofs::tests::test_arith_derivation_ds ... ok
test dependent::proofs::tests::test_causal_proof_describe ... ok
test dependent::proofs::tests::test_literal_cmp_fails ... ok
test dependent::proofs::tests::test_literal_cmp_proof ... ok
test dependent::proofs::tests::test_proof_description ... ok
test dependent::proofs::tests::test_refl_proof ... ok
test dependent::proofs::tests::test_proof_term_display ... ok
test dependent::proofs::tests::test_runtime_check_not_static ... ok
test compiler_loader::tests::test_explicit_rust_bridge_pipeline_still_compiles_simple_source ... ok
test dependent::subtyping::tests::test_confidence_covariance ... ok
test dependent::subtyping::tests::test_confidence_variable_bounds ... ok
test dependent::subtyping::tests::test_gradual_unknown ... ok
test dependent::tests::test_confidence_binding ... ok
test dependent::tests::test_context_extension ... ok
test dependent::tests::test_type_context_creation ... ok
test dependent::subtyping::tests::test_knowledge_hierarchy ... ok
test dependent::subtyping::tests::test_ontology_covariance ... ok
test dependent::subtyping::tests::test_reflexivity ... ok
test dependent::types::tests::test_causal_graph_ancestors ... ok
test dependent::subtyping::tests::test_well_formed_check ... ok
test dependent::subtyping::tests::test_refinement_weakening ... ok
test dependent::types::tests::test_confidence_decay ... ok
test dependent::types::tests::test_causal_graph_surgery ... ok
test dependent::types::tests::test_confidence_dempster_shafer ... ok
test dependent::types::tests::test_causal_graph_descendants ... ok
test codegen::native_tests::test_native_comparisons_eq_lt_gt ... ok
test dependent::types::tests::test_confidence_free_vars ... ok
test dependent::types::tests::test_confidence_literal ... ok
test dependent::types::tests::test_d_separation_chain ... ok
test dependent::types::tests::test_d_separation_collider ... ok
test dependent::types::tests::test_d_separation_collider_descendant ... ok
test dependent::types::tests::test_d_separation_complex_graph ... ok
test dependent::types::tests::test_d_separation_fork ... ok
test dependent::types::tests::test_epistemic_type_hierarchy ... ok
test dependent::types::tests::test_ontology_contains ... ok
test diagnostic::codes::tests::test_error_categories ... ok
test dependent::types::tests::test_nodes_on_directed_paths ... ok
test codegen::native_tests::test_native_too_many_locals_is_deterministic_error ... ok
test dependent::types::tests::test_confidence_product ... ok
test dependent::types::tests::test_confidence_variable ... ok
test diagnostic::codes::tests::test_error_index ... ok
test diagnostic::epistemic::tests::test_deprecated_term_warning ... ok
test diagnostic::codes::tests::test_explain_error ... ok
test diagnostic::emitter::tests::test_json_emitter ... ok
test dependent::types::tests::test_d_separation_bidirected ... ok
test diagnostic::epistemic::tests::test_epistemic_code_display ... ok
test diagnostic::epistemic::tests::test_heterogeneity_check ... ok
test diagnostic::epistemic::tests::test_high_confidence_no_warning ... ok
test diagnostic::epistemic::tests::test_summary ... ok
test diagnostic::epistemic::tests::test_low_confidence_warning ... ok
test diagnostic::epistemic::tests::test_non_revisable_modification ... ok
test diagnostic::epistemic::tests::test_quick_check_function ... ok
test diagnostic::epistemic::tests::test_revision_required_error ... ok
test diagnostic::epistemic::tests::test_provenance_chain_depth ... ok
test diagnostic::epistemic::tests::test_uncertain_mapping_warning ... ok
test diagnostic::epistemic::tests::test_wide_confidence_interval ... ok
test diagnostic::progress::tests::test_format_bytes ... ok
test diagnostic::progress::tests::test_progress_creation ... ok
test diagnostic::epistemic::tests::test_zero_confidence_error ... ok
test diagnostic::progress::tests::test_progress_set ... ok
test diagnostic::render::tests::test_box_chars_ascii ... ok
test diagnostic::progress::tests::test_format_duration ... ok
test diagnostic::render::tests::test_terminal_caps_plain ... ok
test diagnostic::progress::tests::test_progress_increment ... ok
test diagnostic::render::tests::test_box_chars_unicode ... ok
test diagnostic::semantic::tests::test_categorize_go_term ... ok
test diagnostic::semantic::tests::test_distance_components ... ok
test diagnostic::semantic::tests::test_extract_prefix ... ok
test diagnostic::semantic::tests::test_semantic_context_builder ... ok
test diagnostic::semantic::tests::test_term_info_minimal ... ok
test diagnostic::render::tests::test_diagnostic_style ... ok
test diagnostic::suggestion::tests::test_suggestion_patterns ... ok
test diagnostic::tests::test_diagnostic_level_ordering ... ok
test diagnostic::suggestion::tests::test_apply_suggestions ... ok
test diagnostic::semantic::tests::test_truncate_description ... ok
test diagnostic::suggestion::tests::test_multiple_suggestions ... ok
test diagnostic::tests::test_diagnostic_builder ... ok
test diagnostic::tests::test_source_file_line_col ... ok
test diagnostic::tests::test_span_operations ... ok
test diagnostic::type_diff::tests::test_diff_summary ... ok
test diagnostic::type_diff::tests::test_linearity_diff ... ok
test diagnostic::type_diff::tests::test_parse_generic ... ok
test diagnostic::type_diff::tests::test_parse_nested_generic ... ok
test diagnostic::type_diff::tests::test_refinement_diff_different_predicates ... ok
test diagnostic::type_diff::tests::test_refinement_diff_refined_vs_base ... ok
test diagnostic::type_diff::tests::test_refinement_summary ... ok
test diagnostic::type_diff::tests::test_refinement_type_parse ... ok
test diagnostic::type_diff::tests::test_render_type_diff ... ok
test diagnostic::type_diff::tests::test_type_diff_same ... ok
test diagnostic::type_diff::tests::test_type_diff_different ... ok
test diagnostic::type_diff::tests::test_type_diff_effects ... ok
test diagnostic::type_diff::tests::test_type_diff_generic ... ok
test diagnostic::type_diff::tests::test_type_error_builder ... ok
test diagnostic::type_diff::tests::test_type_expectation_explainer ... ok
test diagnostic::type_diff::tests::test_type_diff_unit ... ok
test diagnostic::typo::tests::test_case_sensitivity ... ok
test diagnostic::typo::tests::test_damerau_levenshtein ... ok
test diagnostic::typo::tests::test_jaro_similarity ... ok
test diagnostic::typo::tests::test_suggestion_builder ... ok
test diagnostic::typo::tests::test_find_similar ... ok
test doc::book::tests::test_book_generator_creation ... ok
test diagnostic::typo::tests::test_typo_detector ... ok
test diagnostic::typo::tests::test_levenshtein ... ok
test diagnostic::typo::tests::test_common_typo ... ok
test diagnostic::type_diff::tests::test_type_mismatch_helper ... ok
test doc::doctest::tests::test_parse_code_block_attrs ... ok
test doc::doctest::tests::test_summary_success_rate ... ok
test doc::doctest::tests::test_wrap_code ... ok
test doc::extract::tests::test_extract_line_comments_basic ... ok
test doc::doctest::tests::test_extract_code_blocks ... ok
test doc::doctest::tests::test_coverage_calculation ... ok
test doc::extract::tests::test_extract_line_comments_skip_doc_comments ... ok
test doc::extract::tests::test_extract_line_comments_stops_at_code ... ok
test doc::extract::tests::test_extract_line_comments_too_few ... ok
test doc::html::syntax::tests::test_highlight_comment ... ok
test doc::html::syntax::tests::test_highlight_doc_comment ... ok
test doc::html::syntax::tests::test_highlight_keyword ... ok
test doc::html::syntax::tests::test_highlight_number ... ok
test doc::html::syntax::tests::test_highlight_string ... ok
test doc::html::syntax::tests::test_highlight_type ... ok
test doc::html::templates::tests::test_html_escape ... ok
test doc::extract::tests::test_extract_line_comments_with_blank_line ... ok
test doc::html::templates::tests::test_render_markdown_code ... ok
test doc::extract::tests::test_extract_with_source_integration ... ok
test doc::extract::tests::test_extractor_document_private ... ok
test doc::html::templates::tests::test_render_markdown_header ... ok
test doc::model::tests::test_visibility_is_public ... ok
test doc::model::tests::test_search_index_add_and_search ... ok
test doc::parser::tests::test_parse_deprecated ... ok
test doc::extract::tests::test_extractor_new ... ok
test doc::html::render::tests::test_renderer_creation ... ok
test doc::parser::tests::test_parse_block_doc ... ok
test doc::model::tests::test_type_kind_as_str ... ok
test doc::parser::tests::test_parse_attribute_style ... ok
test doc::parser::tests::test_parse_simple_doc ... ok
test doc::parser::tests::test_parse_with_description ... ok
test effects::continuation::tests::test_continuation_id_display ... ok
test effects::continuation::tests::test_continuation_error_display ... ok
test doc::parser::tests::test_parse_example ... ok
test doc::parser::tests::test_parse_example_no_run ... ok
test doc::parser::tests::test_parse_params_section ... ok
test effects::continuation::tests::test_continuation_id_uniqueness ... ok
test effects::continuation::tests::test_continuation_store_basic_operations ... ok
test doc::parser::tests::test_parse_see_also ... ok
test effects::continuation::tests::test_continuation_store_clear ... ok
test effects::continuation::tests::test_continuation_store_multi_shot_not_removed ... ok
test effects::continuation::tests::test_continuation_store_resume_and_remove ... ok
test effects::continuation::tests::test_continuation_store_ids_iterator ... ok
test effects::continuation::tests::test_continuation_store_not_found ... ok
test effects::continuation::tests::test_interpreter_closure_basic_resume ... ok
test effects::continuation::tests::test_interpreter_closure_captures_environment ... ok
test effects::continuation::tests::test_interpreter_closure_error_propagation ... ok
test effects::continuation::tests::test_continuation_with_label ... ok
test effects::continuation::tests::test_interpreter_closure_is_executable ... ok
test effects::continuation::tests::test_interpreter_closure_one_shot_consumed ... ok
test effects::continuation::tests::test_interpreter_multi_shot_basic_resume ... ok
test effects::continuation::tests::test_interpreter_multi_shot_error_recovery ... ok
test effects::continuation::tests::test_interpreter_closure_in_store ... ok
test effects::continuation::tests::test_interpreter_multi_shot_in_store_not_removed ... ok
test effects::continuation::tests::test_interpreter_multi_shot_is_executable_and_multi_shot ... ok
test effects::continuation::tests::test_interpreter_multi_shot_resume_point_preserved ... ok
test effects::continuation::tests::test_interpreter_closure_debug_format ... ok
test effects::continuation::tests::test_interpreter_multi_shot_debug_format ... ok
test effects::continuation::tests::test_interpreter_multi_shot_vs_one_shot_in_store ... ok
test effects::continuation::tests::test_interpreter_multi_shot_with_captured_state ... ok
test effects::continuation::tests::test_interpreter_resume_not_implemented ... ok
test effects::continuation::tests::test_jit_resume_multi_shot ... ok
test effects::continuation::tests::test_jit_resume_returns_value ... ok
test effects::continuation::tests::test_multi_shot_continuation_multiple_resumes ... ok
test effects::continuation::tests::test_one_shot_continuation_double_resume_fails ... ok
test effects::continuation::tests::test_one_shot_continuation_single_resume ... ok
test effects::continuation::tests::test_resume_point_helpers ... ok
test effects::continuation_context::tests::test_continuation_context_basic ... ok
test effects::continuation_context::tests::test_continuation_context_clear ... ok
test effects::epistemic_effects::tests::test_confidence_modifier_apply ... ok
test effects::epistemic_effects::tests::test_modifier_composition ... ok
test effects::epistemic_effects::tests::test_epistemic_tracker ... ok
test effects::continuation_context::tests::test_continuation_context_nested ... ok
test effects::epistemic_effects::tests::test_identity_modifier ... ok
test effects::epistemic_effects::tests::test_modifier_composition_with_provenance ... ok
test effects::epistemic_effects::tests::test_modifier_to_transformation ... ok
test effects::epistemic_effects::tests::test_modifier_with_bounds ... ok
test effects::epistemic_effects::tests::test_registry_custom_impact ... ok
test effects::epistemic_effects::tests::test_registry_defaults ... ok
test effects::epistemic_effects::tests::test_registry_unknown_returns_identity ... ok
test effects::epistemic_effects::tests::test_tracker_reset ... ok
test effects::epistemic_effects::tests::test_tracker_without_history ... ok
test effects::handler_capability::tests::test_continuation_placeholder ... ok
test effects::handler_capability::tests::test_epistemic_impact ... ok
test effects::handler_capability::tests::test_handler_error_with_context ... ok
test effects::epistemic_effects::tests::test_tracker_provenance_chain ... ok
test effects::handler_capability::tests::test_continuation_with_resume ... ok
test effects::handler_capability::tests::test_handler_capability ... ok
test effects::handler_capability::tests::test_handler_error ... ok
test effects::handler_capability::tests::test_handler_handle ... ok
test effects::handler_capability::tests::test_handler_state_custom_modifier ... ok
test effects::handler_capability::tests::test_handler_state_default ... ok
test effects::handler_capability::tests::test_handler_state_reset_epistemic ... ok
test effects::handler_capability::tests::test_handler_state_without_history ... ok
test effects::handler_capability::tests::test_operation_spec_builder ... ok
test effects::handler_capability::tests::test_suspension_id ... ok
test effects::handlers::alloc_handler::tests::test_alloc_array_requires_two_args ... ok
test effects::handlers::alloc_handler::tests::test_alloc_array_basic ... ok
test effects::handler_capability::tests::test_safe_dispatch_catches_panic ... ok
test effects::handlers::alloc_handler::tests::test_alloc_basic ... ok
test effects::handlers::alloc_handler::tests::test_alloc_negative_size ... ok
test effects::handler_capability::tests::test_handler_state_epistemic_tracking ... ok
test effects::handlers::alloc_handler::tests::test_alloc_requires_argument ... ok
test effects::handlers::alloc_handler::tests::test_alloc_type_check ... ok
test effects::handlers::alloc_handler::tests::test_allocated_bytes_tracking ... ok
test effects::handlers::alloc_handler::tests::test_dealloc_basic ... ok
test effects::handlers::alloc_handler::tests::test_dealloc_double_free ... ok
test effects::handlers::alloc_handler::tests::test_dealloc_invalid_pointer ... ok
test effects::handlers::alloc_handler::tests::test_handler_identity ... ok
test effects::handlers::alloc_handler::tests::test_default_impl ... ok
test effects::handlers::alloc_handler::tests::test_does_not_support_multi_shot ... ok
test effects::handlers::alloc_handler::tests::test_is_valid_false ... ok
test effects::handlers::alloc_handler::tests::test_is_valid_true ... ok
test effects::handlers::alloc_handler::tests::test_operations_list ... ok
test effects::handlers::alloc_handler::tests::test_multiple_allocations_unique_pointers ... ok
test effects::handlers::alloc_handler::tests::test_epistemic_impact_is_identity ... ok
test effects::handlers::alloc_handler::tests::test_realloc_basic ... ok
test effects::handlers::alloc_handler::tests::test_realloc_invalid_pointer ... ok
test effects::handlers::alloc_handler::tests::test_realloc_updates_total_bytes ... ok
test effects::handlers::alloc_handler::tests::test_size_invalid_pointer ... ok
test effects::handlers::alloc_handler::tests::test_size_operation ... ok
test effects::handlers::alloc_handler::tests::test_unknown_operation ... ok
test effects::handlers::async_handler::tests::test_await_cancelled ... ok
test effects::handlers::async_handler::tests::test_await_not_found ... ok
test effects::handlers::async_handler::tests::test_await_pending_suspends ... ok
test effects::handlers::async_handler::tests::test_await_with_result ... ok
test effects::handlers::async_handler::tests::test_does_not_support_multi_shot ... ok
test effects::handlers::async_handler::tests::test_epistemic_impact_is_identity ... ok
test effects::handlers::async_handler::tests::test_handler_identity ... ok
test effects::handlers::async_handler::tests::test_get_pending_task ... ok
test effects::handlers::async_handler::tests::test_helper_methods ... ok
test effects::handlers::async_handler::tests::test_cancel_existing ... ok
test effects::handlers::async_handler::tests::test_is_ready_false ... ok
test effects::handlers::async_handler::tests::test_is_ready_true ... ok
test effects::handlers::async_handler::tests::test_default_impl ... ok
test effects::handlers::async_handler::tests::test_join_all_complete ... ok
test effects::handlers::async_handler::tests::test_operations_list ... ok
test effects::handlers::async_handler::tests::test_cancel_nonexistent ... ok
test effects::handlers::async_handler::tests::test_join_pending_suspends ... ok
test effects::handlers::async_handler::tests::test_select_first_complete ... ok
test effects::handlers::async_handler::tests::test_select_empty_fails ... ok
test effects::handlers::async_handler::tests::test_spawn_requires_function ... ok
test effects::handlers::async_handler::tests::test_unique_future_ids ... ok
test effects::handlers::async_handler::tests::test_unknown_operation ... ok
test effects::handlers::async_handler::tests::test_sleep_basic ... ok
test effects::handlers::async_handler::tests::test_sleep_negative_fails ... ok
test effects::handlers::async_handler::tests::test_spawn_requires_argument ... ok
test effects::handlers::async_handler_real::tests::test_handler_creation ... ok
test effects::handlers::async_handler::tests::test_select_none_ready_suspends ... ok
test effects::handlers::async_handler::tests::test_yield_basic ... ok
test effects::handlers::async_handler_real::tests::test_operations_list ... ok
test effects::handlers::async_handler::tests::test_spawn_basic ... ok
test effects::handlers::async_handler_real::tests::test_sleep_negative_duration ... ok
test effects::handlers::batched_gpu_handler::tests::test_abort_batch ... ok
test effects::handlers::batched_gpu_handler::tests::test_batch_error_display ... ok
test effects::handlers::batched_gpu_handler::tests::test_begin_batch ... ok
test effects::handlers::batched_gpu_handler::tests::test_begin_batch_already_active ... ok
test effects::handlers::batched_gpu_handler::tests::test_epistemic_impact_launch ... ok
test effects::handlers::batched_gpu_handler::tests::test_handler_creation ... ok
test effects::handlers::async_handler_real::tests::test_yield_operation ... ok
test effects::handlers::batched_gpu_handler::tests::test_handler_error_conversion ... ok
test effects::handlers::batched_gpu_handler::tests::test_no_multi_shot ... ok
test effects::handlers::batched_gpu_handler::tests::test_handler_via_trait ... ok
test effects::handlers::batched_gpu_handler::tests::test_operation_linearity ... ok
test effects::handlers::batched_gpu_handler::tests::test_operations_list ... ok
test effects::handlers::batched_gpu_handler::tests::test_queue_allocate ... ok
test effects::handlers::batched_gpu_handler::tests::test_default_impl ... ok
test effects::handlers::batched_gpu_handler::tests::test_epistemic_impact_batch_ops ... ok
test effects::handlers::batched_gpu_handler::tests::test_resolve_buffer_id_placeholder_not_found ... ok
test effects::handlers::batched_gpu_handler::tests::test_resolve_buffer_id_real ... ok
test effects::handlers::batched_gpu_handler::tests::test_queue_operations ... ok
test effects::handlers::batched_gpu_handler::tests::test_unknown_operation ... ok
test effects::handlers::causal_handler::tests::test_assume_invalid ... ok
test effects::handlers::causal_handler::tests::test_assume_valid ... ok
test effects::handlers::causal_handler::tests::test_clear_interventions ... ok
test effects::handlers::causal_handler::tests::test_epistemic_impact ... ok
test effects::handlers::causal_handler::tests::test_confidence_factor ... ok
test effects::handlers::causal_handler::tests::test_do_intervention ... ok
test effects::handlers::causal_handler::tests::test_do_adds_nuc_assumption ... ok
test effects::handlers::causal_handler::tests::test_do_replaces_previous ... ok
test effects::handlers::causal_handler::tests::test_handler_identity ... ok
test effects::handlers::causal_handler::tests::test_observe_adds_observation ... ok
test effects::handlers::causal_handler::tests::test_operations_list ... ok
test effects::handlers::causal_handler::tests::test_set_and_get_graph ... ok
test effects::handlers::causal_handler::tests::test_with_graph_constructor ... ok
test effects::handlers::causal_handler::tests::test_query_intervened_variable ... ok
test effects::handlers::async_handler_real::tests::test_sleep_fallback ... ok
test effects::handlers::composition::tests::test_composition_priority ... ok
test effects::handlers::composition::tests::test_composed_handler_unknown_operation ... ok
test effects::handlers::composition::tests::test_composition_basic ... ok
test effects::handlers::composition::tests::test_composition_left_to_right ... ok
test effects::handlers::composition::tests::test_composed_handler_invocation ... ok
test effects::handlers::composition::tests::test_composition_right_to_left ... ok
test effects::handlers::composition::tests::test_duplicate_effect_error ... ok
test effects::handlers::composition::tests::test_empty_composition_error ... ok
test effects::handlers::composition::tests::test_find_handler ... ok
test effects::handlers::composition::tests::test_handler_stack_clear ... ok
test effects::handlers::composition::tests::test_handler_stack_find ... ok
test effects::handlers::div_handler::tests::test_checked_div_by_zero ... ok
test effects::handlers::div_handler::tests::test_div_by_zero ... ok
test effects::handlers::div_handler::tests::test_div_missing_args ... ok
test effects::handlers::div_handler::tests::test_div_with_ints ... ok
test effects::handlers::div_handler::tests::test_default_impl ... ok
test effects::handlers::composition::tests::test_handler_stack_push_pop ... ok
test effects::handlers::div_handler::tests::test_checked_div_success ... ok
test effects::handlers::div_handler::tests::test_div_basic ... ok
test effects::handlers::div_handler::tests::test_epistemic_impact ... ok
test effects::handlers::div_handler::tests::test_handler_identity ... ok
test effects::handlers::div_handler::tests::test_int_div_basic ... ok
test effects::handlers::div_handler::tests::test_int_div_by_zero ... ok
test effects::handlers::div_handler::tests::test_int_div_negative ... ok
test effects::handlers::div_handler::tests::test_mod_basic ... ok
test effects::handlers::div_handler::tests::test_mod_by_zero ... ok
test effects::handlers::div_handler::tests::test_operations_list ... ok
test effects::handlers::div_handler::tests::test_supports_multi_shot ... ok
test effects::handlers::div_handler::tests::test_rem_basic ... ok
test effects::handlers::div_handler::tests::test_safe_div_success ... ok
test effects::handlers::div_handler::tests::test_unknown_operation ... ok
test effects::handlers::epistemic_handler::tests::test_assert_confidence_pass ... ok
test effects::handlers::epistemic_handler::tests::test_assert_confidence_fail ... ok
test effects::handlers::epistemic_handler::tests::test_boost ... ok
test effects::handlers::epistemic_handler::tests::test_boost_capped ... ok
test effects::handlers::div_handler::tests::test_rem_by_zero ... ok
test effects::handlers::epistemic_handler::tests::test_clamp ... ok
test effects::handlers::epistemic_handler::tests::test_degrade_invalid_factor ... ok
test effects::handlers::epistemic_handler::tests::test_epistemic_impact ... ok
test effects::handlers::epistemic_handler::tests::test_degrade ... ok
test effects::handlers::div_handler::tests::test_safe_div_by_zero ... ok
test effects::handlers::epistemic_handler::tests::test_default_impl ... ok
test effects::handlers::epistemic_handler::tests::test_default_confidence ... ok
test effects::handlers::epistemic_handler::tests::test_firewall_isolate ... ok
test effects::handlers::epistemic_handler::tests::test_firewall_reset ... ok
test effects::handlers::epistemic_handler::tests::test_get_confidence ... ok
test effects::handlers::epistemic_handler::tests::test_get_model ... ok
test effects::handlers::epistemic_handler::tests::test_handler_identity ... ok
test effects::handlers::epistemic_handler::tests::test_get_provenance ... ok
test effects::handlers::epistemic_handler::tests::test_firewall_boost ... ok
test effects::handlers::epistemic_handler::tests::test_merge_most_confident ... ok
test effects::handlers::epistemic_handler::tests::test_firewall_decay ... ok
test effects::handlers::epistemic_handler::tests::test_firewall_gate_block ... ok
test effects::handlers::epistemic_handler::tests::test_firewall_gate_pass ... ok
test effects::handlers::epistemic_handler::tests::test_merge_union ... ok
test effects::handlers::epistemic_handler::tests::test_operations_list ... ok
test effects::handlers::epistemic_handler::tests::test_record_provenance ... ok
test effects::handlers::exn_handler::tests::test_clear_exception ... ok
test effects::handlers::epistemic_handler::tests::test_switch_model_invalid ... ok
test effects::handlers::epistemic_handler::tests::test_reset_confidence ... ok
test effects::handlers::epistemic_handler::tests::test_switch_model ... ok
test effects::handlers::exn_handler::tests::test_default_impl ... ok
test effects::handlers::exn_handler::tests::test_exception_struct ... ok
test effects::handlers::exn_handler::tests::test_get_exception_none ... ok
test effects::handlers::exn_handler::tests::test_handler_identity ... ok
test effects::handlers::exn_handler::tests::test_get_exception_some ... ok
test effects::handlers::exn_handler::tests::test_get_exception_tag ... ok
test effects::handlers::exn_handler::tests::test_exception_count ... ok
test effects::handlers::exn_handler::tests::test_epistemic_impact ... ok
test effects::handlers::epistemic_handler::tests::test_unknown_operation ... ok
test effects::handlers::exn_handler::tests::test_operations_list ... ok
test effects::handlers::exn_handler::tests::test_is_exception_no_match ... ok
test effects::handlers::exn_handler::tests::test_is_exception_wildcard ... ok
test effects::handlers::exn_handler::tests::test_supports_multi_shot ... ok
test effects::handlers::exn_handler::tests::test_rethrow_no_exception ... ok
test effects::handlers::exn_handler::tests::test_rethrow ... ok
test effects::handlers::exn_handler::tests::test_throw ... ok
test effects::handlers::exn_handler::tests::test_is_exception_match ... ok
test effects::handlers::exn_handler::tests::test_throw_with ... ok
test effects::handlers::exn_handler::tests::test_try_catch_no_exception ... ok
test effects::handlers::exn_handler::tests::test_try_catch_with_exception ... ok
test effects::handlers::exn_handler::tests::test_unknown_operation ... ok
test effects::handlers::exn_handler::tests::test_throw_with_payload ... ok
test effects::handlers::gpu_handler::tests::test_alloc_device ... ok
test effects::handlers::gpu_handler::tests::test_alloc_device_zero ... ok
test effects::handlers::gpu_handler::tests::test_copy_from_device ... ok
test effects::handlers::gpu_handler::tests::test_epistemic_impact_launch ... ok
test effects::handlers::gpu_handler::tests::test_epistemic_impact_sync ... ok
test effects::handlers::gpu_handler::tests::test_default_impl ... ok
test effects::handlers::gpu_handler::tests::test_copy_to_device ... ok
test effects::handlers::gpu_handler::tests::test_handler_identity ... ok
test effects::handlers::gpu_handler::tests::test_get_device_count ... ok
test effects::handlers::gpu_handler::tests::test_get_device_properties ... ok
test effects::handlers::gpu_handler::tests::test_free_device ... ok
test effects::handlers::gpu_handler::tests::test_launch_basic ... ok
test effects::handlers::gpu_handler::tests::test_launch_with_args ... ok
test effects::handlers::gpu_handler::tests::test_launch_exceeds_block_limit ... ok
test effects::handlers::gpu_handler::tests::test_launch_zero_grid ... ok
test effects::handlers::gpu_handler::tests::test_memset_device ... ok
test effects::handlers::gpu_handler::tests::test_multiple_allocations ... ok
test effects::handlers::gpu_handler::tests::test_no_multi_shot ... ok
test effects::handlers::gpu_handler::tests::test_set_device ... ok
test effects::handlers::gpu_handler::tests::test_set_device_out_of_range ... ok
test effects::handlers::gpu_handler::tests::test_stream_create ... ok
test effects::handlers::gpu_handler::tests::test_stream_destroy ... ok
test effects::handlers::gpu_handler::tests::test_stream_sync ... ok
test effects::handlers::gpu_handler::tests::test_operations_list ... ok
test effects::handlers::gpu_handler::tests::test_unknown_operation ... ok
test effects::handlers::gpu_handler_real::tests::test_compile_kernel_without_wgpu ... ok
test effects::handlers::gpu_handler_real::tests::test_default_impl ... ok
test effects::handlers::gpu_handler_real::tests::test_epistemic_impact_launch ... ok
test effects::handlers::gpu_handler_real::tests::test_epistemic_impact_sync ... ok
test effects::handlers::gpu_handler::tests::test_sync_clears_pending ... ok
test effects::handlers::gpu_handler_real::tests::test_handler_creation ... ok
test effects::handlers::gpu_handler_real::tests::test_operation_linearity ... ok
test effects::handlers::gpu_handler_real::tests::test_operations_list ... ok
test effects::handlers::gpu_handler_real::tests::test_no_multi_shot ... ok
test effects::handlers::io_handler::tests::test_epistemic_impact_read_operations ... ok
test effects::handlers::io_handler::tests::test_format_value_float ... ok
test effects::handlers::io_handler::tests::test_default_impl ... ok
test effects::handlers::io_handler::tests::test_epistemic_impact_write_operations ... ok
test effects::handlers::io_handler::tests::test_format_value_bool ... ok
test effects::handlers::io_handler::tests::test_format_value_int ... ok
test effects::handlers::io_handler::tests::test_format_value_some ... ok
test effects::handlers::gpu_handler_real::tests::test_unknown_operation ... ok
test effects::handlers::io_handler::tests::test_format_value_none ... ok
test effects::handlers::io_handler::tests::test_format_value_string ... ok
test effects::handlers::io_handler::tests::test_format_value_tuple ... ok
test effects::handlers::io_handler::tests::test_format_value_unit ... ok
test effects::handlers::io_handler::tests::test_io_handler_effect_name ... ok
test effects::handlers::io_handler::tests::test_io_handler_operations ... ok
test effects::handlers::io_handler::tests::test_operation_specs_have_correct_confidence ... ok
test effects::handlers::io_handler::tests::test_print_requires_argument ... ok
test effects::handlers::io_handler::tests::test_print_with_captured_output ... ok
test effects::handlers::io_handler::tests::test_println_empty ... ok
test effects::handlers::io_handler::tests::test_read_file_requires_path ... ok
test effects::handlers::io_handler::tests::test_read_file_not_found ... ok
test effects::handlers::io_handler::tests::test_println_with_captured_output ... ok
test effects::handlers::io_handler::tests::test_read_file_success ... ok
test effects::handlers::io_handler::tests::test_supports_multi_shot_is_false ... ok
test effects::handlers::io_handler::tests::test_unknown_operation ... ok
test effects::handlers::io_handler::tests::test_write_file_requires_two_args ... ok
test effects::handlers::io_handler::tests::test_read_file_type_mismatch ... ok
test effects::handlers::io_handler::tests::test_write_file_type_mismatch_content ... ok
test effects::handlers::io_handler::tests::test_write_file_type_mismatch_path ... ok
test effects::handlers::mut_handler::tests::test_clear ... ok
test effects::handlers::mut_handler::tests::test_delete ... ok
test effects::handlers::mut_handler::tests::test_does_not_support_multi_shot ... ok
test effects::handlers::mut_handler::tests::test_enter_and_exit_scope ... ok
test effects::handlers::mut_handler::tests::test_epistemic_impact_is_none ... ok
test effects::handlers::mut_handler::tests::test_exit_scope_with_none_removes_key ... ok
test effects::handlers::mut_handler::tests::test_get_missing_returns_none ... ok
test effects::handlers::io_handler::tests::test_epistemic_tracking_through_handler_state ... ok
test effects::handlers::mut_handler::tests::test_exists ... ok
test effects::handlers::mut_handler::tests::test_keys ... ok
test effects::handlers::mut_handler::tests::test_modify_with_direct_value ... ok
test effects::handlers::mut_handler::tests::test_modify_with_function_returns_tuple ... ok
test effects::handlers::mut_handler::tests::test_multiple_state_values ... ok
test effects::handlers::mut_handler::tests::test_get_requires_argument ... ok
test effects::handlers::mut_handler::tests::test_operations_list ... ok
test effects::handlers::mut_handler::tests::test_nested_scopes_manual ... ok
test effects::handlers::mut_handler::tests::test_handler_identity ... ok
test effects::handlers::mut_handler::tests::test_set_and_get ... ok
test effects::handlers::mut_handler::tests::test_set_requires_two_arguments ... ok
test effects::handlers::mut_handler::tests::test_overwrite_value ... ok
test effects::handlers::mut_handler::tests::test_type_error_on_non_string_name ... ok
test effects::handlers::mut_handler::tests::test_unknown_operation ... ok
test effects::handlers::network_handler::tests::test_default_impl ... ok
test effects::handlers::network_handler::tests::test_delete_basic ... ok
test effects::handlers::network_handler::tests::test_fetch_disconnected ... ok
test effects::handlers::mut_handler::tests::test_with_state_returns_tuple ... ok
test effects::handlers::network_handler::tests::test_epistemic_impact_fetch ... ok
test effects::handlers::network_handler::tests::test_epistemic_impact_send ... ok
test effects::handlers::network_handler::tests::test_fetch_empty_url ... ok
test effects::handlers::network_handler::tests::test_fetch_basic ... ok
test effects::handlers::network_handler::tests::test_fetch_invalid_url ... ok
test effects::handlers::network_handler::tests::test_handler_identity ... ok
test effects::handlers::network_handler::tests::test_no_multi_shot ... ok
test effects::handlers::network_handler::tests::test_is_connected ... ok
test effects::handlers::network_handler::tests::test_operations_list ... ok
test effects::handlers::network_handler::tests::test_post_basic ... ok
test effects::handlers::network_handler::tests::test_put_basic ... ok
test effects::handlers::network_handler::tests::test_resolve_dns ... ok
test effects::handlers::network_handler::tests::test_resolve_dns_external ... ok
test effects::handlers::network_handler::tests::test_send_basic ... ok
test effects::handlers::network_handler::tests::test_set_timeout ... ok
test effects::handlers::network_handler::tests::test_unknown_operation ... ok
test effects::handlers::network_handler::tests::test_websocket_invalid_url ... ok
test effects::handlers::network_handler::tests::test_with_failures ... ok
test effects::handlers::network_handler::tests::test_websocket_lifecycle ... ok
test effects::handlers::network_handler_real::tests::test_default_impl ... ok
test effects::handlers::network_handler_real::tests::test_connect_without_tokio ... ok
test effects::handlers::network_handler_real::tests::test_epistemic_impact_recv ... ok
test effects::handlers::network_handler::tests::test_get_status_code ... ok
test effects::handlers::network_handler::tests::test_get_with_headers ... ok
test effects::handlers::network_handler_real::tests::test_epistemic_impact_send ... ok
test effects::handlers::network_handler_real::tests::test_handler_creation ... ok
test effects::handlers::network_handler_real::tests::test_no_multi_shot ... ok
test effects::handlers::network_handler_real::tests::test_http_get_without_reqwest ... ok
test effects::handlers::network_handler_real::tests::test_operations_list ... ok
test effects::handlers::network_handler_real::tests::test_unknown_operation ... ok
test effects::handlers::panic_handler::tests::test_assert_failure ... ok
test effects::handlers::panic_handler::tests::test_assert_requires_condition ... ok
test effects::handlers::panic_handler::tests::test_assert_success ... ok
test effects::handlers::panic_handler::tests::test_assert_with_message ... ok
test effects::handlers::panic_handler::tests::test_catch_with_active_panic ... ok
test effects::handlers::panic_handler::tests::test_default_impl ... ok
test effects::handlers::panic_handler::tests::test_does_not_support_multi_shot ... ok
test effects::handlers::panic_handler::tests::test_epistemic_impact_is_identity ... ok
test effects::handlers::panic_handler::tests::test_catch_without_panic ... ok
test effects::handlers::panic_handler::tests::test_clear_panic ... ok
test effects::handlers::panic_handler::tests::test_expect_none ... ok
test effects::handlers::panic_handler::tests::test_handler_identity ... ok
test effects::handlers::panic_handler::tests::test_expect_some ... ok
test effects::handlers::panic_handler::tests::test_operations_list ... ok
test effects::handlers::panic_handler::tests::test_panic_basic ... ok
test effects::handlers::panic_handler::tests::test_panic_requires_message ... ok
test effects::handlers::panic_handler::tests::test_panic_with_non_string_converts ... ok
test effects::handlers::panic_handler::tests::test_throw_is_alias_for_panic ... ok
test effects::handlers::panic_handler::tests::test_unknown_operation ... ok
test effects::handlers::panic_handler::tests::test_unreachable ... ok
test effects::handlers::panic_handler::tests::test_unwrap_non_option ... ok
test effects::handlers::panic_handler::tests::test_unwrap_none ... ok
test effects::handlers::panic_handler::tests::test_unwrap_some ... ok
test effects::handlers::prob_handler::tests::test_bernoulli_basic ... ok
test effects::handlers::prob_handler::tests::test_beta_basic ... ok
test effects::handlers::prob_handler::tests::test_categorical_basic ... ok
test effects::handlers::prob_handler::tests::test_condition_false ... ok
test effects::handlers::prob_handler::tests::test_categorical_deterministic ... ok
test effects::handlers::prob_handler::tests::test_condition_true ... ok
test effects::handlers::prob_handler::tests::test_bernoulli_deterministic ... ok
test effects::handlers::prob_handler::tests::test_bernoulli_invalid_prob ... ok
test effects::handlers::prob_handler::tests::test_default_impl ... ok
test effects::handlers::prob_handler::tests::test_epistemic_impact_observe ... ok
test effects::handlers::prob_handler::tests::test_exponential_invalid_lambda ... ok
test effects::handlers::prob_handler::tests::test_epistemic_impact_sampling ... ok
test effects::handlers::prob_handler::tests::test_exponential_basic ... ok
test effects::handlers::prob_handler::tests::test_get_log_prob_operation ... ok
test effects::handlers::prob_handler::tests::test_handler_identity ... ok
test effects::handlers::io_handler::tests::test_write_file_success ... ok
test effects::handlers::prob_handler::tests::test_log_prob_operation ... ok
test effects::handlers::io_handler::tests::test_multiple_read_operations_compound ... ok
test effects::handlers::prob_handler::tests::test_normal_invalid_std ... ok
test effects::handlers::prob_handler::tests::test_linearity_enforcement_integration ... ok
test effects::handlers::prob_handler::tests::test_observe_count ... ok
test effects::handlers::prob_handler::tests::test_observe_updates_log_prob ... ok
test effects::handlers::prob_handler::tests::test_normal_basic ... ok
test effects::handlers::prob_handler::tests::test_operation_linearity ... ok
test effects::handlers::prob_handler::tests::test_score_operation ... ok
test effects::handlers::prob_handler::tests::test_seed_reproducibility ... ok
test effects::handlers::prob_handler::tests::test_operations_list ... ok
test effects::handlers::prob_handler::tests::test_sample_with_distribution ... ok
test effects::handlers::prob_handler::tests::test_supports_multi_shot ... ok
test effects::handlers::prob_handler::tests::test_uniform_basic ... ok
test effects::handlers::prob_handler::tests::test_uniform_invalid_range ... ok
test effects::handlers::prob_handler::tests::test_uniform_range ... ok
test effects::handlers::registry::tests::test_builder_with_defaults ... ok
test effects::handlers::prob_handler::tests::test_unknown_operation ... ok
test effects::handlers::registry::tests::test_clear ... ok
test effects::handlers::registry::tests::test_compose ... ok
test effects::handlers::registry::tests::test_builder_empty ... ok
test effects::handlers::registry::tests::test_builder_selective ... ok
test effects::handlers::registry::tests::test_compose_empty_registry ... ok
test effects::handlers::registry::tests::test_compose_with_priority ... ok
test effects::handlers::registry::tests::test_debug_impl ... ok
test effects::handlers::registry::tests::test_default_factory_create ... ok
test effects::handlers::registry::tests::test_empty_registry ... ok
test effects::handlers::registry::tests::test_compose_all ... ok
test effects::handlers::registry::tests::test_effect_names ... ok
test effects::handlers::registry::tests::test_merge ... ok
test effects::handlers::registry::tests::test_register_and_get ... ok
test effects::handlers::registry::tests::test_default_factory_supported_effects ... ok
test effects::handlers::registry::tests::test_from_factory ... ok
test effects::handlers::registry::tests::test_replace_handler ... ok
test effects::handlers::registry::tests::test_remove ... ok
test effects::handlers::registry::tests::test_handler_invocation_through_registry ... ok
test effects::handlers::registry::tests::test_to_stack_missing_handler ... ok
test effects::handlers::registry::tests::test_to_stack ... ok
test effects::handlers::registry::tests::test_with_defaults ... ok
test effects::handlers::sensor_handler::tests::test_batch_read ... ok
test effects::handlers::sensor_handler::tests::test_default_impl ... ok
test effects::handlers::sensor_handler::tests::test_calibrate ... ok
test effects::handlers::sensor_handler::tests::test_epistemic_impact_averaged ... ok
test effects::handlers::sensor_handler::tests::test_different_sensor_types ... ok
test effects::handlers::sensor_handler::tests::test_epistemic_impact_read ... ok
test effects::handlers::sensor_handler::tests::test_handler_identity ... ok
test effects::handlers::sensor_handler::tests::test_get_accuracy ... ok
test effects::handlers::sensor_handler::tests::test_get_range ... ok
test effects::handlers::sensor_handler::tests::test_is_available ... ok
test effects::handlers::sensor_handler::tests::test_no_multi_shot ... ok
test effects::handlers::sensor_handler::tests::test_operations_list ... ok
test effects::handlers::sensor_handler::tests::test_read_averaged ... ok
test effects::handlers::sensor_handler::tests::test_read_unavailable ... ok
test effects::handlers::sensor_handler::tests::test_read_with_noise ... ok
test effects::handlers::sensor_handler::tests::test_read_with_unit ... ok
test effects::handlers::sensor_handler::tests::test_set_simulated_value ... ok
test effects::jit_resume::tests::test_global_store_api ... ok
test effects::jit_resume::tests::test_jit_resume_context_creation ... ok
test effects::jit_resume::tests::test_jit_resume_context_multi_shot ... ok
test effects::jit_resume::tests::test_jit_resume_context_one_shot ... ok
test effects::handlers::sensor_handler::tests::test_read_averaged_invalid_count ... ok
test effects::jit_resume::tests::test_jit_resume_store ... ok
test effects::handlers::sensor_handler::tests::test_read_temperature ... ok
test effects::handlers::sensor_handler::tests::test_unknown_operation ... ok
test effects::jit_resume::tests::test_f64_to_value_conversion ... ok
test effects::jit_resume::tests::test_jit_resume_store_pending ... ok
test effects::jit_resume::tests::test_x86_64_register_indices ... ok
test effects::linearity::tests::test_effect_op_info ... ok
test effects::jit_resume::tests::test_value_to_f64_conversion ... ok
test effects::linearity::tests::test_linearity_compatibility ... ok
test effects::linearity::tests::test_linearity_display ... ok
test effects::linearity::tests::test_linearity_predicates ... ok
test effects::resilience::tests::test_circuit_breaker_initial_state ... ok
test effects::resilience::tests::test_circuit_breaker_resets_on_success ... ok
test effects::resilience::tests::test_delay_calculation ... ok
test effects::resilience::tests::test_retry_config_default ... ok
test effects::resilient_dispatch::tests::test_circuit_breaker_opens ... ok
test effects::resilient_dispatch::tests::test_debug_impl ... ok
test effects::resilient_dispatch::tests::test_dispatch_config_defaults ... ok
test effects::resilient_dispatch::tests::test_dispatch_outcome_accessors ... ok
test effects::resilience::tests::test_circuit_breaker_opens_on_failures ... ok
test effects::resilience::tests::test_delay_respects_max ... ok
test effects::resilience::tests::test_retry_config_builder ... ok
test effects::resilient_dispatch::tests::test_dispatch_success_no_retry ... ok
test effects::resilient_dispatch::tests::test_no_retry_operations ... ok
test effects::resilient_dispatch::tests::test_reset_circuit ... ok
test effects::resilient_dispatch::tests::test_dispatch_retry_exhaustion ... ok
test effects::resilience::tests::test_with_retry_all_failures ... ok
test effects::resilient_dispatch::tests::test_dispatch_with_retry_eventual_success ... ok
test effects::resilience::tests::test_with_retry_success_first_try ... ok
test effects::resilient_dispatch::tests::test_as_handler_capability ... ok
test effects::simd_dispatch::tests::test_config_max_batch_size ... ok
test effects::simd_dispatch::tests::test_dispatch_error_display ... ok
test effects::simd_dispatch::tests::test_dispatch_batch_empty ... ok
test effects::simd_dispatch::tests::test_dispatch_handles ... ok
test effects::resilience::tests::test_with_retry_success_after_failures ... ok
test effects::simd_dispatch::tests::test_batch_result_methods ... ok
test effects::simd_dispatch::tests::test_dispatch_batch ... ok
test effects::simd_dispatch::tests::test_dispatch_no_handler ... ok
test effects::simd_dispatch::tests::test_dispatch_parallel_io ... ok
test effects::simd_dispatch::tests::test_effect_op_convenience ... ok
test effects::simd_dispatch::tests::test_dispatch_single_io ... ok
test effects::simd_dispatch::tests::test_dispatch_single_prob ... ok
test effects::simd_dispatch::tests::test_mixed_effects ... ok
test effects::simd_dispatch::tests::test_dispatch_parallel_prob ... ok
test effects::simd_dispatch::tests::test_parallel_println ... ok
test effects::simd_dispatch::tests::test_effect_op_creation ... ok
test effects::simd_dispatch::tests::test_partial_failure ... ok
test effects::simd_dispatch::tests::test_parallel_sample_normal ... ok
test effects::simd_dispatch::tests::test_parallel_sample_uniform ... ok
test effects::simd_dispatch::tests::test_parallel_timing ... ok
test effects::simd_dispatch::tests::test_homogeneous_dispatch ... ok
test effects::simd_dispatch::tests::test_simd_continuation_capture ... ok
test effects::simd_dispatch::tests::test_simd_perform_batch_convenience ... ok
test epistemic::agents::agent::tests::test_agent_result_builder ... ok
test effects::simd_dispatch::tests::test_simd_perform_convenience ... ok
test epistemic::agents::agent::tests::test_epistemic_agent_submit ... ok
test epistemic::agents::agent::tests::test_evolve_agent ... ok
test embedded_stdlib::tests::test_list_modules ... ok
test epistemic::agents::agent::tests::test_query_agent ... ok
test embedded_stdlib::tests::test_get_embedded_modules ... ok
test epistemic::agents::knowledge_base::tests::test_add_and_get_fact ... ok
test embedded_stdlib::tests::test_modules_embedded ... ok
test epistemic::agents::knowledge_base::tests::test_constraint_violation ... ok
test epistemic::agents::knowledge_base::tests::test_promote_to_fact ... ok
test epistemic::agents::knowledge_base::tests::test_add_and_get_belief ... ok
test epistemic::agents::knowledge_base::tests::test_revise_belief ... ok
test epistemic::agents::agent::tests::test_revise_agent ... ok
test epistemic::agents::knowledge_base::tests::test_search ... ok
test epistemic::agents::knowledge_base::tests::test_stats ... ok
test epistemic::agents::tasks::tests::test_priority_ordering ... ok
test epistemic::agents::tasks::tests::test_query_task_builder ... ok
test epistemic::agents::tasks::tests::test_task_failure ... ok
test epistemic::agents::tasks::tests::test_task_id_unique ... ok
test epistemic::bayesian::tests::test_bayesian_fusion_conflict ... ok
test epistemic::agents::tasks::tests::test_agent_task_lifecycle ... ok
test epistemic::agents::tasks::tests::test_evidence_builder ... ok
test epistemic::bayesian::tests::test_bayesian_fusion_multiple ... ok
test epistemic::bayesian::tests::test_belief_mass_from_beta ... ok
test epistemic::bayesian::tests::test_belief_mass_normalization ... ok
test epistemic::bayesian::tests::test_belief_uncertainty_interval ... ok
test epistemic::bayesian::tests::test_beta_bound_at_least ... ok
test epistemic::bayesian::tests::test_beta_bound_at_most ... ok
test epistemic::bayesian::tests::test_beta_bound_exact ... ok
test epistemic::bayesian::tests::test_beta_bound_exact_constraint_check ... ok
test epistemic::bayesian::tests::test_beta_bound_guarantees ... ok
test epistemic::bayesian::tests::test_beta_bound_implies ... ok
test epistemic::bayesian::tests::test_beta_bound_narrow ... ok
test epistemic::bayesian::tests::test_beta_bound_range ... ok
test epistemic::bayesian::tests::test_beta_combine ... ok
test epistemic::bayesian::tests::test_beta_confidence_basic ... ok
test epistemic::bayesian::tests::test_beta_confidence_update ... ok
test epistemic::bayesian::tests::test_beta_confidence_variance ... ok
test epistemic::bayesian::tests::test_beta_credible_interval ... ok
test epistemic::bayesian::tests::test_beta_probability_above ... ok
test epistemic::bayesian::tests::test_check_beta_constraint_satisfied ... ok
test epistemic::bayesian::tests::test_check_beta_constraint_unknown ... ok
test epistemic::bayesian::tests::test_check_beta_constraint_violated ... ok
test epistemic::bayesian::tests::test_dempster_combine_high_conflict ... ok
test epistemic::bayesian::tests::test_dempster_combine_multiple ... ok
test epistemic::bayesian::tests::test_dempster_combine_no_conflict ... ok
test epistemic::bayesian::tests::test_domain_prior_hierarchy ... ok
test epistemic::bayesian::tests::test_fusion_result_reliability ... ok
test epistemic::bayesian::tests::test_hierarchical_fusion_high_conflict_uses_dst ... ok
test epistemic::bayesian::tests::test_hierarchical_fusion_low_conflict_pure_bayesian ... ok
test epistemic::bayesian::tests::test_hierarchical_fusion_with_ontology ... ok
test epistemic::bayesian::tests::test_hierarchical_posterior_computation ... ok
test epistemic::bayesian::tests::test_hierarchical_prior_construction ... ok
test epistemic::bayesian::tests::test_ln_gamma_basic ... ok
test epistemic::bayesian::tests::test_normal_quantile ... ok
test epistemic::bayesian::tests::test_bayesian_fusion_single ... ok
test epistemic::bayesian::tests::test_pignistic_probability ... ok
test epistemic::bayesian::tests::test_source_reliability ... ok
test epistemic::bayesian::tests::test_ontology_domain_classification ... ok
test epistemic::beta_knowledge::tests::test_active_inference_metrics ... ok
test epistemic::beta_knowledge::tests::test_beta_epistemic_status_axiomatic ... ok
test epistemic::beta_knowledge::tests::test_beta_epistemic_status_creation ... ok
test epistemic::bayesian::tests::test_belief_mass_creation ... ok
test epistemic::beta_knowledge::tests::test_combine_hierarchical ... ok
test epistemic::beta_knowledge::tests::test_beta_knowledge_arithmetic ... ok
test epistemic::beta_knowledge::tests::test_credible_interval ... ok
test epistemic::beta_knowledge::tests::test_decay_model_linear ... ok
test epistemic::beta_knowledge::tests::test_exploration_priorities ... ok
test epistemic::beta_knowledge::tests::test_observation_update ... ok
test epistemic::beta_knowledge::tests::test_prior_types ... ok
test epistemic::composition::category::tests::test_flat_map_extension ... ok
test epistemic::beta_knowledge::tests::test_variance_penalty ... ok
test epistemic::composition::category::tests::test_fmap ... ok
test epistemic::composition::category::tests::test_join ... ok
test epistemic::composition::category::tests::test_lift ... ok
test epistemic::composition::category::tests::test_monad_associativity ... ok
test epistemic::composition::category::tests::test_monad_right_identity ... ok
test epistemic::composition::category::tests::test_monad_left_identity ... ok
test epistemic::composition::category::tests::test_simple_morphism ... ok
test epistemic::composition::category::tests::test_morphism_composition ... ok
test epistemic::composition::category::tests::test_sequence ... ok
test epistemic::composition::condition::tests::test_evidence_strength ... ok
test epistemic::composition::condition::tests::test_likelihood_ratio_computation ... ok
test epistemic::composition::condition::tests::test_apply_conditioning_strategy ... ok
test epistemic::composition::condition::tests::test_bayesian_condition_negative ... ok
test epistemic::composition::condition::tests::test_bayesian_condition_positive ... ok
test epistemic::composition::condition::tests::test_jeffrey_conditioning ... ok
test epistemic::composition::confidence::tests::test_confidence_nan ... ok
test epistemic::composition::confidence::tests::test_confidence_value_creation ... ok
test epistemic::composition::confidence::tests::test_dempster_shafer_combination ... ok
test epistemic::composition::confidence::tests::test_multiplicative_combination ... ok
test epistemic::composition::confidence::tests::test_penalized_average ... ok
test epistemic::composition::join::tests::test_bool_conflict ... ok
test epistemic::composition::condition::tests::test_likelihood_ratio_update ... ok
test epistemic::composition::condition::tests::test_neutral_evidence ... ok
test epistemic::composition::condition::tests::test_observe_negative ... ok
test epistemic::composition::condition::tests::test_observe_positive ... ok
test epistemic::composition::confidence::tests::test_bayesian_update ... ok
test epistemic::composition::confidence::tests::test_confidence_level ... ok
test epistemic::composition::join::tests::test_conflict_level_f64 ... ok
test epistemic::composition::join::tests::test_force_merge ... ok
test epistemic::composition::join::tests::test_join_bitor_syntax ... ok
test epistemic::composition::join::tests::test_join_idempotence ... ok
test epistemic::composition::join::tests::test_bool_fusion ... ok
test epistemic::composition::join::tests::test_conflict_level_high ... ok
test epistemic::composition::join::tests::test_join_irreconcilable ... ok
test epistemic::composition::join::tests::test_join_resolved ... ok
test epistemic::composition::join::tests::test_prefer_higher_confidence ... ok
test epistemic::composition::join::tests::test_join_commutativity ... ok
test epistemic::composition::join::tests::test_join_concordant ... ok
test epistemic::composition::join::tests::test_weighted_merge ... ok
test epistemic::composition::knowledge::tests::test_certain_value ... ok
test epistemic::composition::knowledge::tests::test_extract_failure ... ok
test epistemic::composition::knowledge::tests::test_extract_success ... ok
test epistemic::composition::knowledge::tests::test_map ... ok
test epistemic::composition::knowledge::tests::test_map_with_confidence ... ok
test epistemic::composition::knowledge::tests::test_observe_positive ... ok
test epistemic::composition::knowledge::tests::test_ontology_ref ... ok
test epistemic::composition::knowledge::tests::test_with_confidence ... ok
test epistemic::composition::knowledge::tests::test_with_ontology ... ok
test epistemic::composition::knowledge::tests::test_observe_negative ... ok
test epistemic::composition::provenance::tests::test_derivation_chain ... ok
test epistemic::composition::provenance::tests::test_llm_source_detection ... ok
test epistemic::composition::provenance::tests::test_provenance_tree ... ok
test epistemic::composition::tensor::tests::test_ontology_correlation_identical ... ok
test epistemic::composition::tensor::tests::test_ontology_correlation_partial ... ok
test epistemic::composition::provenance::tests::test_source_info ... ok
test epistemic::composition::tensor::tests::test_ontology_correlation_disjoint ... ok
test epistemic::composition::tensor::tests::test_tensor_bitand_syntax ... ok
test epistemic::composition::tensor::tests::test_tensor_monotonicity ... ok
test epistemic::composition::tensor::tests::test_tensor_identity ... ok
test epistemic::composition::tensor::tests::test_tensor_product ... ok
test epistemic::confidence::tests::test_axiomatic_status ... ok
test epistemic::confidence::tests::test_confidence_combine ... ok
test epistemic::composition::tensor::tests::test_tensor_with_ontology_overlap ... ok
test epistemic::composition::tensor::tests::test_tensor_all ... ok
test epistemic::composition::tensor::tests::test_tensor_associativity ... ok
test epistemic::confidence::tests::test_knightian_display_shows_bottom ... ok
test epistemic::confidence::tests::test_knightian_mode_compose_rules ... ok
test epistemic::confidence::tests::test_knightian_propagates_through_derivation ... ok
test epistemic::confidence::tests::test_knightian_propagates_through_transform ... ok
test epistemic::confidence::tests::test_knightian_undefined_is_distinct_from_zero_confidence ... ok
test epistemic::evidence_collector::tests::test_aggregate_bayesian_fusion ... ok
test epistemic::evidence_collector::tests::test_aggregate_dempster_shafer ... ok
test epistemic::evidence_collector::tests::test_aggregate_empty_returns_none ... ok
test epistemic::confidence::tests::test_confidence_propagation ... ok
test epistemic::confidence::tests::test_derived_status ... ok
test epistemic::confidence::tests::test_knightian_propagates_in_derived ... ok
test epistemic::evidence_collector::tests::test_aggregate_single_evidence ... ok
test epistemic::evidence_collector::tests::test_aggregate_temporal_precedence ... ok
test epistemic::evidence_collector::tests::test_aggregate_trust_higher_confidence ... ok
test epistemic::evidence_collector::tests::test_collector_with_custom_staleness ... ok
test epistemic::evidence_collector::tests::test_bayesian_fusion_opposing_evidence ... ok
test epistemic::evidence_collector::tests::test_dempster_shafer_empty ... ok
test epistemic::evidence_collector::tests::test_dempster_shafer_high_beliefs ... ok
test epistemic::evidence_collector::tests::test_collect_single_evidence ... ok
test epistemic::evidence_collector::tests::test_dempster_shafer_single ... ok
test epistemic::evidence_collector::tests::test_dempster_shafer_three_sources ... ok
test epistemic::evidence_collector::tests::test_dominant_kind_detection ... ok
test epistemic::evidence_collector::tests::test_collect_multiple_evidence ... ok
test epistemic::evidence_collector::tests::test_collector_creation ... ok
test epistemic::evidence_collector::tests::test_evidence_age_computation ... ok
test epistemic::evidence_collector::tests::test_export_audit_trail ... ok
test epistemic::evidence_collector::tests::test_resolve_conflict_dempster_shafer ... ok
test epistemic::evidence_collector::tests::test_resolve_conflict_higher_confidence ... ok
test epistemic::evidence_collector::tests::test_resolve_conflict_temporal ... ok
test epistemic::evidence_collector::tests::test_staleness_detection ... ok
test epistemic::evidence_collector::tests::test_supporting_conflicting_counts ... ok
test epistemic::evolution::tests::test_apply_adjust_confidence ... ok
test epistemic::evolution::tests::test_apply_promote_belief ... ok
test epistemic::evolution::tests::test_evolution_config_default ... ok
test epistemic::evolution::tests::test_evolution_convergence ... ok
test epistemic::evidence_collector::tests::test_prune_stale_evidence ... ok
test epistemic::evidence_collector::tests::test_resolve_conflict_bayesian ... ok
test epistemic::evolution::tests::test_mutation_type_display ... ok
test epistemic::evolution::tests::test_evolution_engine_fitness ... ok
test epistemic::evolution::tests::test_mutation_weights_normalize ... ok
test epistemic::evolution::tests::test_ontology_state_new ... ok
test epistemic::evolution::tests::test_evolution_with_beliefs ... ok
test epistemic::firewall::tests::test_firewall_constraint ... ok
test epistemic::firewall::tests::test_gate_firewall_block ... ok
test epistemic::firewall::tests::test_gate_firewall_pass ... ok
test epistemic::firewall::tests::test_audit_logging ... ok
test epistemic::firewall::tests::test_parse_firewall_attribute ... ok
test epistemic::firewall::tests::test_clamp_firewall ... ok
test epistemic::firewall::tests::test_validation_rule_min_confidence ... ok
test epistemic::gaussian_process::tests::test_cholesky_decomposition ... ok
test epistemic::gaussian_process::tests::test_gp_interpolation ... ok
test epistemic::gaussian_process::tests::test_gp_fit_predict ... ok
test epistemic::firewall::tests::test_reset_firewall ... ok
test epistemic::gaussian_process::tests::test_matern_kernels ... ok
test epistemic::heterogeneity::tests::test_conflict_detection ... ok
test epistemic::heterogeneity::tests::test_heterogeneity_measure ... ok
test epistemic::heterogeneity::tests::test_resolve_bayesian ... ok
test epistemic::heterogeneity::tests::test_resolve_conservative ... ok
test epistemic::firewall::tests::test_validation_rule_all ... ok
test epistemic::gaussian_process::tests::test_rbf_kernel ... ok
test epistemic::heterogeneity::tests::test_resolve_optimistic ... ok
test epistemic::heterogeneity::tests::test_resolve_prioritized ... ok
test epistemic::heterogeneity::tests::test_resolve_single ... ok
test epistemic::information_geometry::tests::test_fisher_log_vs_direct_parameterization ... ok
test epistemic::information_geometry::tests::test_fisher_log_parameterization_positive_definite ... ok
test epistemic::information_geometry::tests::test_alpha_connection_bounds ... ok
test epistemic::information_geometry::tests::test_fisher_inversion ... ok
test epistemic::information_geometry::tests::test_trigamma_basic ... ok
test epistemic::information_geometry::tests::test_natural_gradient_optimizer_convergence ... ok
test epistemic::information_geometry::tests::test_natural_vs_euclidean_convergence ... ok
test epistemic::information_geometry::tests::test_fisher_matrix_symmetry ... ok
test epistemic::information_geometry::tests::test_fisher_matrix_direct_parameterization_issue ... ok
test epistemic::integration_tests::tests::test_aging_model_comparison ... ok
test epistemic::integration_tests::tests::test_all_strategies_produce_valid_aggregates ... ok
test epistemic::integration_tests::tests::test_causal_op_counts_evidence_requirements ... ok
test epistemic::integration_tests::tests::test_bayesian_fusion_with_temporal_weighting ... ok
test epistemic::integration_tests::tests::test_causal_identification_with_evidence_confidence ... ok
test epistemic::integration_tests::tests::test_causal_confidence_times_evidence_confidence ... ok
test epistemic::integration_tests::tests::test_conflict_resolution_in_provenance ... ok
test epistemic::integration_tests::tests::test_evidence_aggregation_updates_provenance ... ok
test epistemic::integration_tests::tests::test_counterfactual_lowering_creates_provenance_trackable_sequence ... ok
test epistemic::integration_tests::tests::test_evidence_aggregation_with_temporal_aging ... ok
test epistemic::integration_tests::tests::test_evidence_audit_trail_temporal_ordering ... ok
test epistemic::integration_tests::tests::test_conflict_resolution_provenance_temporal_pipeline ... ok
test epistemic::integration_tests::tests::test_evidence_sources_create_distinct_provenance ... ok
test epistemic::integration_tests::tests::test_discovery_to_cost_estimate_pipeline ... ok
test epistemic::integration_tests::tests::test_formula_kind_preserves_identification_confidence ... ok
test epistemic::integration_tests::tests::test_gum_causal_uncertainty_budget ... ok
test epistemic::integration_tests::tests::test_full_discovery_to_sir_pipeline ... ok
test epistemic::integration_tests::tests::test_knowledge_lifecycle ... ok
test epistemic::integration_tests::tests::test_full_audit_trail_evidence_to_merkle ... ok
test epistemic::integration_tests::tests::test_merkle_dag_tracks_evidence_with_signatures ... ok
test epistemic::integration_tests::tests::test_non_identifiable_not_overridden_by_evidence ... ok
test epistemic::integration_tests::tests::test_provenance_query_filters_for_evidence ... ok
test epistemic::integration_tests::tests::test_merkle_dag_causal_provenance ... ok
test epistemic::integration_tests::tests::test_merkle_multi_root_merge_confidence ... ok
test epistemic::integration_tests::tests::test_multiple_causal_formulas_different_confidences ... ok
test epistemic::integration_tests::tests::test_pc_discovery_to_identifiability ... ok
test epistemic::integration_tests::tests::test_provenance_summary_reflects_aging ... ok
test epistemic::integration_tests::tests::test_subchain_preserves_temporal_ordering ... ok
test epistemic::integration_tests::tests::test_provenance_confidence_degrades_with_time ... ok
test epistemic::integration_tests::tests::test_temporal_validation_of_provenance_nodes ... ok
test epistemic::integration_tests::tests::test_temporal_validity_bounds_with_evidence_age ... ok
test epistemic::integration_tests::tests::test_stale_evidence_pruned_before_aggregation ... ok
test epistemic::integration_tests::tests::test_three_step_validation_and_cost ... ok
test epistemic::integration_tests::tests::test_weakest_link_shifts_with_aging ... ok
test epistemic::integration_tests::tests::test_provenance_to_merkle_conversion ... ok
test epistemic::kec::tests::test_kec_config_presets ... ok
test epistemic::kec::tests::test_auto_select_from_samples ... ok
test epistemic::kec::tests::test_kec_selection_interval ... ok
test epistemic::knowledge::tests::test_ontology_binding_equality ... ok
test epistemic::kec::tests::test_uncertainty_metrics_from_samples ... ok
test epistemic::kec::tests::test_select_for_operation ... ok
test epistemic::knowledge::tests::test_term_id_creation ... ok
test epistemic::kec::tests::test_kec_selection_point ... ok
test epistemic::levinson_durbin::tests::test_ar2_recovery ... ok
test epistemic::levinson_durbin::tests::test_constant_series ... ok
test epistemic::levinson_durbin::tests::test_ar4_recovery ... ok
test epistemic::knowledge::tests::test_primitive_ontology_prefix ... ok
test epistemic::levinson_durbin::tests::test_ar1_recovery ... ok
test epistemic::levinson_durbin::tests::test_matches_yule_walker_2x2 ... ok
test epistemic::levinson_durbin::tests::test_pacf_ar1 ... ok
test epistemic::levinson_durbin::tests::test_pacf_ar2 ... ok
test epistemic::levinson_durbin::tests::test_fit_ar_from_series ... ok
test epistemic::levinson_durbin::tests::test_too_short ... ok
test epistemic::mcmc::tests::test_credible_interval ... ok
test epistemic::levinson_durbin::tests::test_prediction_error_monotone ... ok
test epistemic::mcmc::tests::test_ess_computation ... ok
test epistemic::levinson_durbin::tests::test_reflection_bounded ... ok
test epistemic::levinson_durbin::tests::test_order_selection ... ok
test epistemic::mcmc_diagnostics::tests::test_ess_iid ... ok
test epistemic::mcmc::tests::test_r_hat_convergence ... ok
test epistemic::mcmc_diagnostics::tests::test_ess_correlated ... ok
test epistemic::mcmc_diagnostics::tests::test_fold_chains_basic ... ok
test epistemic::mcmc_diagnostics::tests::test_inverse_normal_cdf_median ... ok
test epistemic::mcmc_diagnostics::tests::test_inverse_normal_cdf_tails ... ok
test epistemic::merkle::tests::test_all_paths ... ok
test epistemic::mcmc_diagnostics::tests::test_rhat_converged ... ok
test epistemic::mcmc_diagnostics::tests::test_rhat_diverged ... ok
test epistemic::merkle::tests::test_all_paths_multi_root ... ok
test epistemic::merkle::tests::test_confidence_chain ... ok
test epistemic::merkle::tests::test_audit_trail_generation ... ok
test epistemic::merkle::tests::test_confidence_chain_nonexistent ... ok
test epistemic::merkle::tests::test_confidence_factor ... ok
test epistemic::merkle::tests::test_dag_depth_empty ... ok
test epistemic::merkle::tests::test_count_by_operation ... ok
test epistemic::merkle::tests::test_dag_depth_branching ... ok
test epistemic::merkle::tests::test_dag_depth_linear ... ok
test epistemic::merkle::tests::test_filter_by_min_confidence ... ok
test epistemic::merkle::tests::test_dag_verification ... ok
test epistemic::merkle::tests::test_find_path_linear ... ok
test epistemic::merkle::tests::test_find_path_nonexistent ... ok
test epistemic::merkle::tests::test_filter_by_operation ... ok
test epistemic::merkle::tests::test_find_path_same_node ... ok
test epistemic::merkle::tests::test_find_signed_by ... ok
test epistemic::merkle::tests::test_find_path_reverse_direction ... ok
test epistemic::merkle::tests::test_hash_computation ... ok
test epistemic::merkle::tests::test_hash_hex_roundtrip ... ok
test epistemic::merkle::tests::test_merkle_node_creation ... ok
test epistemic::merkle::tests::test_merkle_dag_basic ... ok
test epistemic::merkle::tests::test_provenance_conversion ... ok
test epistemic::models::tests::test_affine_addition ... ok
test epistemic::models::tests::test_interval_multiplication ... ok
test epistemic::merkle::tests::test_verify_subset ... ok
test epistemic::models::tests::test_interval_propagation ... ok
test epistemic::models::tests::test_model_selection ... ok
test epistemic::mcmc::tests::test_hmc_normal ... ok
test epistemic::models::tests::test_probabilistic_propagation ... ok
test epistemic::models::tests::test_uncertainty_value_certainty ... ok
test epistemic::nonlinear_propagation::tests::test_composition_rule_directly ... ok
test epistemic::nonlinear_propagation::tests::test_below_threshold_warning ... ok
test epistemic::nonlinear_propagation::tests::test_conditional_empty_returns_none ... ok
test epistemic::nonlinear_propagation::tests::test_composition_sin_exp ... ok
test epistemic::nonlinear_propagation::tests::test_conditional_propagation_takes_minimum ... ok
test epistemic::nonlinear_propagation::tests::test_conditional_single_branch ... ok
test epistemic::nonlinear_propagation::tests::test_confidence_clamped_to_unit_interval ... ok
test epistemic::nonlinear_propagation::tests::test_composition_triple ... ok
test epistemic::nonlinear_propagation::tests::test_confidence_warning_display ... ok
test epistemic::nonlinear_propagation::tests::test_cos_propagation ... ok
test epistemic::nonlinear_propagation::tests::test_domain_concern_log ... ok
test epistemic::nonlinear_propagation::tests::test_exp_propagation ... ok
test epistemic::nonlinear_propagation::tests::test_first_order_rule ... ok
test epistemic::nonlinear_propagation::tests::test_function_summary_compose ... ok
test epistemic::nonlinear_propagation::tests::test_custom_rule ... ok
test epistemic::nonlinear_propagation::tests::test_function_summary_display ... ok
test epistemic::nonlinear_propagation::tests::test_loop_geometric_decay ... ok
test epistemic::nonlinear_propagation::tests::test_loop_zero_iterations ... ok
test epistemic::nonlinear_propagation::tests::test_negative_confidence_clamped ... ok
test epistemic::nonlinear_propagation::tests::test_nonlinear_op_display ... ok
test epistemic::nonlinear_propagation::tests::test_pow_propagation ... ok
test epistemic::nonlinear_propagation::tests::test_log_propagation ... ok
test epistemic::nonlinear_propagation::tests::test_function_summary_identity ... ok
test epistemic::nonlinear_propagation::tests::test_function_summary_single_op ... ok
test epistemic::nonlinear_propagation::tests::test_sin_propagation ... ok
test epistemic::nonlinear_propagation::tests::test_ut_rule_less_conservative ... ok
test epistemic::nonlinear_propagation::tests::test_sqrt_propagation ... ok
test epistemic::operations::tests::test_epistemic_constraint_min_confidence ... ok
test epistemic::operations::tests::test_relational_constraint ... ok
test epistemic::pce::tests::test_legendre_polynomials ... ok
test epistemic::pce::tests::test_hermite_polynomials ... ok
test epistemic::operations::tests::test_revision_strategy_bayesian ... ok
test epistemic::pce::tests::test_multi_index_satisfies_total_degree ... ok
test epistemic::pce::tests::test_multi_index_total_degree ... ok
test epistemic::pce::tests::test_pce_1d_linear ... ok
test epistemic::pce::tests::test_polynomial_families ... ok
test compiler_loader::tests::test_driver_source_pipeline_compiles_simple_source ... ok
test epistemic::pce::tests::test_sobol_indices_2d ... ok
test epistemic::pce::tests::test_pce_1d_constant ... ok
test epistemic::promotion::tests::test_bootstrap_level ... ok
test epistemic::promotion::tests::test_bootstrap_parse ... ok
test epistemic::promotion::tests::test_bootstrap_cv_incomparable ... ok
test epistemic::promotion::tests::test_bootstrap_promoted_value ... ok
test epistemic::promotion::tests::test_cv_level ... ok
test epistemic::promotion::tests::test_cv_parse ... ok
test epistemic::promotion::tests::test_cv_promoted_value ... ok
test epistemic::promotion::tests::test_lattice_ordering ... ok
test epistemic::promotion::tests::test_meet_join ... ok
test epistemic::promotion::tests::test_promote_bootstrap_to_distribution ... ok
test epistemic::promotion::tests::test_promotion ... ok
test epistemic::provenance::tests::test_count_by_kind ... ok
test compiler_loader::tests::test_driver_file_pipeline_compiles_directory_via_driver_artifact ... ok
test epistemic::promotion::tests::test_promote_cv_to_distribution ... ok
test epistemic::provenance::tests::test_functor_trace_compose ... ok
test epistemic::provenance::tests::test_has_user_override ... ok
test epistemic::provenance::tests::test_provenance_literal ... ok
test epistemic::provenance::tests::test_has_ml_inference ... ok
test epistemic::provenance::tests::test_provenance_extend ... ok
test epistemic::provenance::tests::test_provenance_path_string ... ok
test epistemic::provenance::tests::test_query_all_filter ... ok
test epistemic::provenance::tests::test_query_any_filter ... ok
test epistemic::provenance::tests::test_query_by_kind ... ok
test epistemic::provenance::tests::test_query_has_metadata ... ok
test epistemic::provenance::tests::test_query_confidence_product ... ok
test epistemic::provenance::tests::test_query_has_metadata_commit ... ok
test epistemic::provenance::tests::test_query_metadata_equals ... ok
test epistemic::provenance::tests::test_query_max_confidence ... ok
test epistemic::provenance::tests::test_query_min_confidence ... ok
test epistemic::provenance::tests::test_query_nested_all_in_any ... ok
test epistemic::provenance::tests::test_query_empty_chain ... ok
test epistemic::provenance::tests::test_subchain ... ok
test epistemic::provenance::tests::test_subchain_out_of_bounds ... ok
test epistemic::provenance::tests::test_summarize ... ok
test epistemic::provenance::tests::test_summarize_empty_chain ... ok
test epistemic::provenance::tests::test_transformation_confidence ... ok
test epistemic::provenance::tests::test_transformation_kinds ... ok
test epistemic::provenance::tests::test_weakest_link ... ok
test epistemic::provenance::tests::test_weakest_link_empty ... ok
test epistemic::refined_epistemic::tests::test_epistemic_interval_widening ... ok
test epistemic::refined_epistemic::tests::test_extraction_with_threshold ... ok
test epistemic::refined_epistemic::tests::test_display ... ok
test epistemic::refined_epistemic::tests::test_from_epistemic ... ok
test epistemic::refined_epistemic::tests::test_interval_arithmetic_add ... ok
test epistemic::refined_epistemic::tests::test_interval_clamping ... ok
test epistemic::refined_epistemic::tests::test_positive_creation ... ok
test epistemic::refined_epistemic::tests::test_positive_creation_fails_for_negative ... ok
test epistemic::refined_epistemic::tests::test_probability_bounds ... ok
test epistemic::refined_epistemic::tests::test_refinement_bounds_contain ... ok
test epistemic::simd_knowledge::tests::test_batch_add_uncertainties ... ok
test epistemic::simd_knowledge::tests::test_knowledge_vec4_add_certain ... ok
test epistemic::simd_knowledge::tests::test_knowledge_vec4_add_uncertain ... ok
test epistemic::simd_knowledge::tests::test_knowledge_vec4_mul_uncertain ... ok
test epistemic::simd_knowledge::tests::test_knowledge_vec4_confidence_aggregation ... ok
test epistemic::simd_knowledge::tests::test_knowledge_vec4_weighted_sum ... ok
test epistemic::simd_knowledge::tests::test_simd_add_f32x4 ... ok
test epistemic::simd_knowledge::tests::test_knowledge_vec8_add ... ok
test epistemic::simd_knowledge::tests::test_simd_horizontal_sum ... ok
test epistemic::simd_knowledge::tests::test_scalar_fallback_matches_simd ... ok
test epistemic::simd_knowledge::tests::test_simd_sqrt_f32x4 ... ok
test epistemic::mcmc::tests::test_metropolis_hastings_normal ... ok
test epistemic::temporal::tests::test_context_index ... ok
test epistemic::temporal::tests::test_temporal_index_ordering ... ok
test epistemic::temporal::tests::test_version_ordering ... ok
test epistemic::temporal_validity::tests::test_compare_temporal_incomparable ... ok
test epistemic::temporal::tests::test_context_time_current ... ok
test epistemic::temporal_validity::tests::test_compare_temporal_ordering ... ok
test epistemic::temporal_validity::tests::test_compare_temporal_same_date ... ok
test epistemic::temporal_validity::tests::test_exponential_decay_half_life ... ok
test epistemic::temporal_validity::tests::test_exponential_decay_two_half_lives ... ok
test epistemic::temporal_validity::tests::test_exponential_decay_zero_elapsed ... ok
test epistemic::temporal_validity::tests::test_exponential_decay_zero_half_life ... ok
test epistemic::temporal_validity::tests::test_is_currently_valid_unbounded ... ok
test epistemic::temporal_validity::tests::test_is_currently_valid_expired ... ok
test epistemic::temporal_validity::tests::test_linear_decay_clamps_to_zero ... ok
test epistemic::temporal_validity::tests::test_remaining_validity_conditional ... ok
test epistemic::temporal_validity::tests::test_linear_decay ... ok
test epistemic::temporal_validity::tests::test_no_aging ... ok
test epistemic::temporal_validity::tests::test_relative_temporal_epoch ... ok
test epistemic::temporal_validity::tests::test_remaining_validity_unbounded ... ok
test epistemic::temporal_validity::tests::test_remaining_validity_until_expired ... ok
test epistemic::temporal_validity::tests::test_remaining_validity_until_valid ... ok
test epistemic::temporal_validity::tests::test_step_function_after_threshold ... ok
test epistemic::temporal_validity::tests::test_step_function_before_threshold ... ok
test epistemic::temporal_validity::tests::test_temporal_index_to_epoch_absolute ... ok
test epistemic::temporal_validity::tests::test_temporal_index_to_epoch_compile_time_returns_none ... ok
test epistemic::temporal_validity::tests::test_temporal_index_to_epoch_version_returns_none ... ok
test epistemic::temporal_validity::tests::test_validate_compile_time_not_applicable ... ok
test epistemic::temporal_validity::tests::test_validate_conditional_not_applicable ... ok
test epistemic::temporal_validity::tests::test_validate_from_not_yet_valid ... ok
test epistemic::temporal_validity::tests::test_validate_from_valid ... ok
test epistemic::temporal_validity::tests::test_validate_range_after ... ok
test epistemic::temporal_validity::tests::test_validate_range_before ... ok
test epistemic::temporal_validity::tests::test_validate_unbounded ... ok
test epistemic::temporal_validity::tests::test_validate_range_within ... ok
test epistemic::temporal_validity::tests::test_validate_until_expired ... ok
test epistemic::time_travel::tests::test_breakpoint_confidence_below ... ok
test epistemic::time_travel::tests::test_breakpoint_manager ... ok
test epistemic::time_travel::tests::test_breakpoint_operation_pattern ... ok
test epistemic::time_travel::tests::test_compound_breakpoint ... ok
test epistemic::temporal_validity::tests::test_validate_until_valid ... ok
test epistemic::time_travel::tests::test_diff_confidence ... ok
test epistemic::time_travel::tests::test_find_confidence_threshold ... ok
test epistemic::time_travel::tests::test_custody_chain ... ok
test epistemic::time_travel::tests::test_timeline_dot_export ... ok
test epistemic::time_travel::tests::test_travel_to_not_found ... ok
test epistemic::time_travel::tests::test_travel_to_success ... ok
test epistemic::time_travel::tests::test_fda_proof_export ... ok
test epistemic::time_travel::tests::test_timeline_visualization ... ok
test epistemic::time_travel::tests::test_proof_serialization_roundtrip ... ok
test epistemic::time_travel::tests::test_proof_verification ... ok
test epistemic::unscented_transform::tests::test_linear_propagation ... ok
test epistemic::unscented_transform::tests::test_multivariate_propagation ... ok
test epistemic::unscented_transform::tests::test_sigma_point_generation ... ok
test epistemic::unscented_transform::tests::test_ut_vs_taylor ... ok
test epistemic::unscented_transform::tests::test_cholesky_decomposition ... ok
test epistemic::unscented_transform::tests::test_cross_covariance ... ok
test epistemic::unscented_transform::tests::test_nonlinear_propagation ... ok
test epistemic::wasserstein::tests::test_beta_quantile_bounds ... ok
test epistemic::mcmc::tests::test_nuts_normal ... ok
test epistemic::mcmc_diagnostics::tests::test_diagnose_basic ... ok
test fmt::config::tests::test_default_config ... ok
test fmt::config::tests::test_deserialize_config ... ok
test fmt::config::tests::test_serialize_config ... ok
test fmt::ir::tests::test_doc_builder ... ok
test fmt::ir::tests::test_doc_concat_flatten ... ok
test fmt::ir::tests::test_doc_join ... ok
test fmt::ir::tests::test_flat_width ... ok
test fmt::pretty::tests::test_bracket ... ok
test fmt::pretty::tests::test_concat ... ok
test fmt::pretty::tests::test_group_fits ... ok
test fmt::pretty::tests::test_indent ... ok
test fmt::pretty::tests::test_join ... ok
test fmt::pretty::tests::test_text ... ok
test fmt::printer::tests::test_group_breaks ... ok
test fmt::printer::tests::test_group_fits ... ok
test fmt::printer::tests::test_indent ... ok
test fmt::printer::tests::test_simple_print ... ok
test fmt::printer::tests::test_trailing_whitespace_removed ... ok
test fmt::tests::test_binop_formatting ... ok
test fmt::tests::test_extract_comments ... ok
test fmt::tests::test_format_config_from_env ... ok
test fmt::tests::test_format_diff ... ok
test fmt::tests::test_format_enum_with_variants ... ok
test fmt::tests::test_format_function_with_effects ... ok
test fmt::tests::test_format_impl_block ... ok
test fmt::tests::test_format_kernel_function ... ok
test fmt::tests::test_format_linear_struct ... ok
test fmt::tests::test_format_mutable_reference ... ok
test fmt::tests::test_format_simple_function ... ok
test fmt::tests::test_format_trait ... ok
test fmt::tests::test_formatter_creation ... ok
test fmt::tests::test_unop_formatting ... ok
test fmt::visitors::tests::test_visit_literal ... ok
test fmt::visitors::tests::test_visit_pattern ... ok
test fmt::visitors::tests::test_visit_simple_function ... ok
test fmt::visitors::tests::test_visit_type ... ok
test geometry::algebraic::tests::test_algebraic_reasoner ... ok
test geometry::algebraic::tests::test_algebraic_reasoner_chained ... ok
test geometry::algebraic::tests::test_confidence_propagation ... ok
test geometry::algebraic::tests::test_epistemic_uncertainty ... ok
test geometry::algebraic::tests::test_equation_solve_linear ... ok
test geometry::algebraic::tests::test_expression_creation ... ok
test geometry::algebraic::tests::test_expression_evaluate ... ok
test geometry::algebraic::tests::test_expression_substitution ... ok
test geometry::algebraic::tests::test_midpoint_equations ... ok
test geometry::algebraic::tests::test_refinement_check ... ok
test geometry::algebraic::tests::test_simplify_constants ... ok
test geometry::algebraic::tests::test_simplify_zero ... ok
test geometry::algebraic::tests::test_unit_compatibility ... ok
test geometry::alpha_geo_zero::tests::test_alpha_geo_zero_config_default ... ok
test geometry::alpha_geo_zero::tests::test_epistemic_mcts_node_creation ... ok
test compiler_loader::tests::test_driver_artifact_compiles_add_literals ... ok
test geometry::alpha_geo_zero::tests::test_epistemic_mcts_node_update ... ok
test geometry::alpha_geo_zero::tests::test_epistemic_mcts_tree_creation ... ok
test geometry::alpha_geo_zero::tests::test_mcts_stats_default ... ok
test geometry::alpha_geo_zero::tests::test_problem_curriculum ... ok
test geometry::alpha_geo_zero::tests::test_puct_score_with_variance_bonus ... ok
test geometry::alpha_geo_zero::tests::test_self_play_generator_creation ... ok
test geometry::alpha_geo_zero::tests::test_training_config_default ... ok
test geometry::alpha_geo_zero::tests::test_variance_priority_buffer ... ok
test geometry::engine::tests::test_combined_uncertainty_score ... ok
test geometry::engine::tests::test_algebraic_integration ... ok
test geometry::engine::tests::test_deduction_result_pruning_stats ... ok
test geometry::engine::tests::test_engine_creation ... ok
test geometry::engine::tests::test_engine_with_pruning ... ok
test geometry::engine::tests::test_epistemic_pruner_creation ... ok
test geometry::engine::tests::test_fixpoint_detection ... ok
test geometry::engine::tests::test_global_uncertainty ... ok
test geometry::engine::tests::test_epistemic_propagation ... ok
test geometry::engine::tests::test_midpoint_deduction ... ok
test geometry::engine::tests::test_neural_request_generation ... ok
test geometry::engine::tests::test_nesy_loop_pure_symbolic ... ok
test geometry::engine::tests::test_proof_trace ... ok
test geometry::engine::tests::test_pruner_from_config ... ok
test geometry::engine::tests::test_pruning_decision_high_confidence ... ok
test geometry::engine::tests::test_pruning_decision_high_variance ... ok
test geometry::engine::tests::test_pruning_decision_low_confidence ... ok
test geometry::engine::tests::test_pruning_decision_soft_prune_requests_neural ... ok
test geometry::engine::tests::test_pruning_depth_decay ... ok
test geometry::engine::tests::test_pruning_rule_match ... ok
test geometry::engine::tests::test_pruning_rule_match_low_confidence_premise ... ok
test geometry::engine::tests::test_pruning_stats_reset ... ok
test geometry::engine::tests::test_pruning_stats_tracking ... ok
test geometry::engine::tests::test_provenance_tracking ... ok
test geometry::engine::tests::test_simple_deduction ... ok
test geometry::final_integration::tests::test_config_default ... ok
test geometry::final_integration::tests::test_config_fast ... ok
test geometry::final_integration::tests::test_stats_json ... ok
test geometry::final_integration::tests::test_stats_recording ... ok
test geometry::final_integration::tests::test_template_perf_stats ... ok
test geometry::geo_game::tests::test_construction_action ... ok
test geometry::geo_game::tests::test_construction_new_point_name ... ok
test geometry::geo_game::tests::test_deduction_step ... ok
test geometry::geo_game::tests::test_features ... ok
test geometry::geo_game::tests::test_game_trait_implementation ... ok
test geometry::geo_game::tests::test_geo_game_creation ... ok
test geometry::geo_game::tests::test_legal_actions ... ok
test compiler_loader::tests::test_stdlib_compilation_context ... ok
test geometry::geo_game::tests::test_terminate_action ... ok
test compiler_loader::tests::test_find_type_module ... ok
test geometry::geo_game::tests::test_random_proof_game ... ok
test geometry::geo_training::tests::test_geo_problem_standard ... ok
test geometry::geo_training::tests::test_problem_generator ... ok
test geometry::geo_training::tests::test_temperature_schedule ... ok
test geometry::geo_training::tests::test_trainer_creation ... ok
test geometry::geo_training::tests::test_training_config_default ... ok
test geometry::geo_training::tests::test_training_example_creation ... ok
test geometry::geo_training::tests::test_training_stats_update ... ok
test geometry::geo_training::tests::test_uniform_network ... ok
test geometry::imo_benchmark::tests::test_benchmark_result_creation ... ok
test geometry::imo_benchmark::tests::test_benchmark_stats ... ok
test compiler_loader::tests::test_driver_multimodule_pipeline_fails_closed_with_explicit_stub_diag ... ok
test compiler_loader::tests::test_driver_file_pipeline_compiles_simple_file ... ok
test compiler_loader::tests::test_driver_artifact_compiles_expression_body_i64 ... ok
test compiler_loader::tests::test_driver_artifact_compiles_print_then_int ... ok
test geometry::geo_training::tests::test_convenience_functions ... ok
test geometry::final_integration::tests::test_system_creation ... ok
test geometry::imo_benchmark::tests::test_difficulty_range ... ok
test geometry::imo_benchmark::tests::test_get_problem_by_id ... ok
test geometry::imo_parser::tests::test_imo_problem_creation ... ok
test geometry::imo_parser::tests::test_parse_circumcenter ... ok
test geometry::imo_parser::tests::test_parse_cyclic ... ok
test geometry::imo_parser::tests::test_parse_midpoint ... ok
test geometry::imo_parser::tests::test_parse_perpendicular_goal ... ok
test compiler_loader::tests::test_driver_artifact_executes_function_call_program ... ok
test geometry::imo_parser::tests::test_parse_simple_triangle ... ok
test geometry::predicates::tests::test_axiom_hash_deterministic ... ok
test geometry::predicates::tests::test_axiom_merkle_hash ... ok
test geometry::predicates::tests::test_compute_hash_lazy ... ok
test geometry::imo_parser::tests::test_parse_with_constraints ... ok
test geometry::predicates::tests::test_derived_hash_includes_parents ... ok
test geometry::predicates::tests::test_derived_merkle_hash ... ok
test geometry::predicates::tests::test_different_predicates_different_hashes ... ok
test geometry::predicates::tests::test_epistemic_decay ... ok
test geometry::predicates::tests::test_epistemic_update ... ok
test geometry::predicates::tests::test_epistemic_variance ... ok
test geometry::predicates::tests::test_merkle_hash_verification ... ok
test geometry::predicates::tests::test_merkle_provenance_chain ... ok
test geometry::predicates::tests::test_neural_prediction_merkle ... ok
test geometry::predicates::tests::test_parallel_canonical ... ok
test geometry::predicates::tests::test_pattern_match ... ok
test geometry::predicates::tests::test_predicate_canonical ... ok
test geometry::primitives::tests::test_line_canonical ... ok
test geometry::primitives::tests::test_point_construction ... ok
test geometry::primitives::tests::test_segment_canonical ... ok
test geometry::proof_state::tests::test_construction ... ok
test geometry::proof_state::tests::test_derived_predicate ... ok
test geometry::proof_state::tests::test_goal_satisfaction ... ok
test geometry::proof_state::tests::test_proof_state_basic ... ok
test geometry::reasoning_effect::tests::test_geometry_reasoning_effect_definition ... ok
test geometry::reasoning_effect::tests::test_interpret_operations ... ok
test effects::resilient_dispatch::tests::test_resilient_builder_for_network ... ok
test geometry::imo_benchmark::tests::test_imo_2004_p1_is_midpoint_theorem ... ok
test geometry::reasoning_effect::tests::test_merkle_proof_generation ... ok
test geometry::reasoning_effect::tests::test_nesy_stats ... ok
test geometry::reasoning_effect::tests::test_pure_symbolic_pruning ... ok
test geometry::rules::tests::test_collinear_trans_rule ... ok
test geometry::reasoning_effect::tests::test_pure_symbolic_no_suggestions ... ok
test geometry::rules::tests::test_subsumption_enabled_matching ... ok
test geometry::rules::tests::test_subsumption_match ... ok
test geometry::rules::tests::test_midpoint_rules ... ok
test geometry::rules::tests::test_subsumption_registry ... ok
test geometry::self_play::tests::test_buffer_creation ... ok
test geometry::self_play::tests::test_buffer_add_and_sample ... ok
test geometry::reasoning_effect::tests::test_pure_symbolic_handler ... ok
test geometry::self_play::tests::test_config_default ... ok
test geometry::self_play::tests::test_stats_recording ... ok
test geometry::showcase::tests::test_epistemic_result_creation ... ok
test geometry::showcase::tests::test_showcase_config_default ... ok
test geometry::showcase::tests::test_json_output ... ok
test geometry::reasoning_effect::tests::test_nesy_handler_with_noop_suggester ... ok
test geometry::showcase::tests::test_showcase_output_format ... ok
test geometry::synthetic::tests::test_generate_single ... ok
test geometry::synthetic::tests::test_generator_creation ... ok
test geometry::synthetic::tests::test_midpoint_theorem_generation ... ok
test geometry::synthetic::tests::test_generate_batch ... ok
test geometry::synthetic::tests::test_reproducibility ... ok
test geometry::synthetic::tests::test_solve_rate_update ... ok
test geometry::synthetic::tests::test_difficulty_range ... ok
test hir::async_transform::tests::test_async_transform_basic ... ok
test hir::async_transform::tests::test_eval_context_tracking ... ok
test hir::async_transform::tests::test_extract_await_in_if_condition ... ok
test hir::async_transform::tests::test_extract_await_in_while_condition ... ok
test hir::async_transform::tests::test_extract_multiple_awaits ... ok
test hir::async_transform::tests::test_extract_nested_awaits_in_call ... ok
test hir::async_transform::tests::test_extract_simple_await ... ok
test hir::async_transform::tests::test_is_async_function ... ok
test hlir::builder::tests::test_build_conditional ... ok
test geometry::imo_benchmark::tests::test_imo_ag_30_count ... ok
test hlir::builder::tests::test_build_simple_function ... ok
test compiler_loader::tests::test_driver_artifact_executes_if_true_else ... ok
test hlir::lower::tests::test_lower_match_with_guard ... ok
test hlir::lower::tests::test_lower_match_with_switch ... ok
test hlir::lower::tests::test_lower_pointer_index_assign ... ok
test hlir::lower::tests::test_lower_simple_function ... ok
test hlir::polyhedral::affine::tests::test_access_relation_2d ... ok
test hlir::polyhedral::affine::tests::test_access_relation_simple ... ok
test hlir::polyhedral::affine::tests::test_access_relation_strided ... ok
test hlir::polyhedral::affine::tests::test_affine_expr_add ... ok
test hlir::polyhedral::affine::tests::test_affine_expr_constant ... ok
test hlir::polyhedral::affine::tests::test_affine_expr_iter_var ... ok
test hlir::polyhedral::affine::tests::test_affine_expr_scale ... ok
test hlir::polyhedral::affine::tests::test_affine_map_compose ... ok
test hlir::polyhedral::affine::tests::test_affine_map_identity ... ok
test hir::async_transform::tests::test_extract_await_in_match_scrutinee ... ok
test hlir::polyhedral::affine::tests::test_affine_map_interchange ... ok
test hlir::polyhedral::affine::tests::test_loop_invariant ... ok
test hlir::polyhedral::affine::tests::test_may_conflict ... ok
test hlir::polyhedral::analysis::tests::test_bound_comparison ... ok
test hlir::polyhedral::analysis::tests::test_dependence_type ... ok
test hlir::polyhedral::analysis::tests::test_direction_from_distance ... ok
test hlir::polyhedral::analysis::tests::test_induction_init ... ok
test hlir::polyhedral::analysis::tests::test_polyhedral_analysis_creation ... ok
test hlir::polyhedral::codegen::tests::test_codegen_ast_nested_loops ... ok
test hlir::polyhedral::codegen::tests::test_codegen_ast_simple_loop ... ok
test hlir::polyhedral::codegen::tests::test_codegen_creation ... ok
test hlir::polyhedral::codegen::tests::test_create_block ... ok
test hlir::polyhedral::codegen::tests::test_fresh_ids ... ok
test hlir::polyhedral::domain::tests::test_constant_bounds ... ok
test hlir::polyhedral::domain::tests::test_constraint_negate ... ok
test geometry::imo_benchmark::tests::test_get_problems_by_year ... ok
test hlir::polyhedral::domain::tests::test_empty_set_detection ... ok
test hlir::polyhedral::domain::tests::test_rectangular_domain ... ok
test hlir::polyhedral::domain::tests::test_set_intersection ... ok
test hlir::polyhedral::domain::tests::test_integer_set_display ... ok
test hlir::polyhedral::domain::tests::test_simple_constraint ... ok
test hlir::polyhedral::domain::tests::test_upper_bound_constraint ... ok
test hlir::polyhedral::tests::test_poly_error_display ... ok
test hlir::polyhedral::transform::tests::test_fusion_transform ... ok
test hlir::polyhedral::transform::tests::test_interchange_transform ... ok
test hlir::polyhedral::transform::tests::test_parallelizable_check ... ok
test hlir::polyhedral::transform::tests::test_schedule_creation ... ok
test hlir::polyhedral::transform::tests::test_schedule_node_dims ... ok
test hlir::polyhedral::transform::tests::test_schedule_node_tiling ... ok
test hlir::polyhedral::transform::tests::test_tile_transform_default ... ok
test hlir::tests::test_hlir_type_conversion ... ok
test hlir::tests::test_hlir_type_properties ... ok
test interop::coq::tests::test_causal_conditional_independence ... ok
test interop::coq::tests::test_causal_independence ... ok
test interop::coq::tests::test_coq_theorem_has_axiomatic_confidence ... ok
test interop::coq::tests::test_extract_proof_script ... ok
test interop::coq::tests::test_extract_requires ... ok
test interop::coq::tests::test_extract_theorem_name ... ok
test interop::coq::tests::test_geometry_predicate_collinear ... ok
test interop::coq::tests::test_geometry_predicate_perpendicular ... ok
test interop::coq::tests::test_predicate_translation ... ok
test interop::coq::tests::test_proof_certificate_creation ... ok
test geometry::imo_benchmark::tests::test_problem_has_goal ... ok
test interop::coq::tests::test_refinement_export_positive ... ok
test interop::coq::tests::test_refinement_export_range ... ok
test interop::isabelle::tests::test_causal_independence ... ok
test interop::isabelle::tests::test_geometry_predicate_collinear ... ok
test interop::isabelle::tests::test_geometry_predicate_perpendicular ... ok
test interop::isabelle::tests::test_isabelle_theorem_has_axiomatic_confidence ... ok
test interop::isabelle::tests::test_extract_imports ... ok
test interop::isabelle::tests::test_extract_lemma_name ... ok
test interop::isabelle::tests::test_predicate_translation ... ok
test interop::isabelle::tests::test_proof_certificate_creation ... ok
test interop::isabelle::tests::test_refinement_export_positive ... ok
test interop::isabelle::tests::test_refinement_export_range ... ok
test interop::isabelle::tests::test_sledgehammer_result ... ok
test interop::lean::tests::test_causal_independence ... ok
test interop::lean::tests::test_causal_conditional_independence ... ok
test interop::lean::tests::test_extract_imports ... ok
test interop::lean::tests::test_extract_theorem_name ... ok
test interop::lean::tests::test_geometry_predicate_collinear ... ok
test interop::lean::tests::test_lean_theorem_has_axiomatic_confidence ... ok
test interop::lean::tests::test_geometry_predicate_cyclic ... ok
test interop::lean::tests::test_predicate_translation ... ok
test interop::lean::tests::test_proof_certificate_creation ... ok
test interop::lean::tests::test_refinement_export_positive ... ok
test interop::tests::test_multi_prover_creation ... ok
test interop::tests::test_multi_prover_result ... ok
test interop::tests::test_prover_type_equality ... ok
test interop::tests::test_unified_geometry ... ok
test interop::lean::tests::test_refinement_export_range ... ok
test interop::tests::test_unified_refinement ... ok
test interp::autodiff::tests::test_abs_negative ... ok
test interp::autodiff::tests::test_abs_positive ... ok
test interp::autodiff::tests::test_chain_rule ... ok
test interp::autodiff::tests::test_complex_expression ... ok
test interp::autodiff::tests::test_cos ... ok
test interp::autodiff::tests::test_division ... ok
test interp::autodiff::tests::test_exp ... ok
test interp::autodiff::tests::test_ln ... ok
test interp::autodiff::tests::test_power ... ok
test interp::autodiff::tests::test_simple_addition ... ok
test interp::autodiff::tests::test_negation ... ok
test interp::autodiff::tests::test_quotient_rule ... ok
test interp::autodiff::tests::test_simple_multiplication ... ok
test interp::autodiff::tests::test_sin ... ok
test interp::autodiff::tests::test_subtraction ... ok
test interp::autodiff::tests::test_sqrt ... ok
test interp::builtins::tests::test_arg_builtins ... ok
test interp::builtins::tests::test_builtin_error_handling ... ok
test interp::builtins::tests::test_differentiate_symbolic ... ok
test interp::builtins::tests::test_math_builtins ... ok
test interp::builtins::tests::test_ones_creates_array ... ok
test interp::builtins::tests::test_file_io_builtins ... ok
test interp::builtins::tests::test_registry_creation ... ok
test interp::builtins::tests::test_sample_from_distribution ... ok
test interp::builtins::tests::test_scientific_builtins_registry ... ok
test interp::builtins::tests::test_solve_ode_error_handling ... ok
test interp::builtins::tests::test_starts_with_builtin ... ok
test interp::builtins::tests::test_string_builtins ... ok
test interp::causal::tests::test_ate_requires_both_groups ... ok
test interp::builtins::tests::test_type_of_builtin ... ok
test interp::builtins::tests::test_utility_builtins ... ok
test interp::builtins::tests::test_zeros_creates_array ... ok
test interp::causal::tests::test_ate_requires_data ... ok
test interp::causal::tests::test_ate_simple ... ok
test interp::causal::tests::test_ate_with_confounder ... ok
test geometry::synthetic::tests::test_template_selection ... ok
test interp::causal::tests::test_backdoor_criterion ... ok
test interp::causal::tests::test_causal_dag_creation ... ok
test interp::causal::tests::test_intervention ... ok
test interp::effect_dispatch::tests::test_capability_adapter_creation ... ok
test interp::effect_dispatch::tests::test_capability_adapter_direct_dispatch ... ok
test interp::effect_dispatch::tests::test_capture_continuation ... ok
test interp::effect_dispatch::tests::test_capture_interpreter_continuation_basic ... ok
test interp::effect_dispatch::tests::test_capture_interpreter_continuation_error ... ok
test interp::effect_dispatch::tests::test_capture_interpreter_continuation_one_shot_enforcement ... ok
test interp::effect_dispatch::tests::test_capture_interpreter_continuation_with_closure_state ... ok
test interp::effect_dispatch::tests::test_causal_do_dispatch ... ok
test interp::effect_dispatch::tests::test_clear_continuations ... ok
test interp::effect_dispatch::tests::test_continuation_store_in_context ... ok
test interp::effect_dispatch::tests::test_dispatch_by_name ... ok
test interp::effect_dispatch::tests::test_dispatch_result_completed ... ok
test interp::effect_dispatch::tests::test_dispatch_by_name_with_continuation_completed ... ok
test interp::effect_dispatch::tests::test_dispatch_result_suspended ... ok
test interp::effect_dispatch::tests::test_dispatch_gpu_via_registry ... ok
test interp::effect_dispatch::tests::test_dispatch_unhandled_without_registry ... ok
test interp::effect_dispatch::tests::test_dispatch_sensor_via_registry ... ok
test interp::effect_dispatch::tests::test_dispatch_via_registry_div ... ok
test interp::effect_dispatch::tests::test_dispatch_via_registry_panic ... ok
test interp::effect_dispatch::tests::test_dispatch_via_registry_mut ... ok
test interp::effect_dispatch::tests::test_dispatch_via_registry_with_suspension_completed ... ok
test interp::effect_dispatch::tests::test_dispatch_with_continuation_completed ... ok
test interp::effect_dispatch::tests::test_dispatch_with_registry_fallback ... ok
test interp::effect_dispatch::tests::test_dispatch_via_registry_io ... ok
test interp::effect_dispatch::tests::test_distribution_conversion ... ok
test interp::effect_dispatch::tests::test_effect_context_creation ... ok
test interp::effect_dispatch::tests::test_effect_context_debug_includes_continuations ... ok
test interp::effect_dispatch::tests::test_effect_context_with_all_handlers ... ok
test interp::effect_dispatch::tests::test_effect_kind_from_str ... ok
test interp::effect_dispatch::tests::test_effect_kind_new_variants ... ok
test interp::effect_dispatch::tests::test_effect_context_with_registry ... ok
test interp::effect_dispatch::tests::test_handler_stack ... ok
test interp::effect_dispatch::tests::test_handler_stack_takes_precedence_over_registry ... ok
test interp::effect_dispatch::tests::test_handler_state_reset ... ok
test interp::effect_dispatch::tests::test_handler_stack_with_continuation_completed ... ok
test interp::effect_dispatch::tests::test_interpreter_continuation_chaining ... ok
test interp::effect_dispatch::tests::test_interpreter_continuation_label ... ok
test interp::effect_dispatch::tests::test_multi_shot_continuation ... ok
test interp::effect_dispatch::tests::test_multi_shot_interpreter_continuation_debug_format ... ok
test interp::effect_dispatch::tests::test_multi_shot_interpreter_continuation_basic ... ok
test interp::effect_dispatch::tests::test_multi_shot_interpreter_continuation_for_backtracking ... ok
test interp::effect_dispatch::tests::test_multi_shot_interpreter_continuation_for_probabilistic_sampling ... ok
test interp::effect_dispatch::tests::test_multi_shot_interpreter_continuation_label ... ok
test interp::effect_dispatch::tests::test_multi_shot_interpreter_continuation_resume_point_properties ... ok
test interp::effect_dispatch::tests::test_multi_shot_interpreter_continuation_error_propagation ... ok
test interp::effect_dispatch::tests::test_multi_shot_interpreter_continuation_multiple_resumes_same_value ... ok
test interp::effect_dispatch::tests::test_multi_shot_interpreter_continuation_with_captured_state ... ok
test interp::effect_dispatch::tests::test_multi_shot_vs_one_shot_behavior ... ok
test interp::effect_dispatch::tests::test_perform_result_accessors ... ok
test interp::effect_dispatch::tests::test_perform_operation ... ok
test interp::effect_dispatch::tests::test_prob_observe_dispatch ... ok
test interp::effect_dispatch::tests::test_prob_sample_dispatch ... ok
test interp::effect_dispatch::tests::test_resume_continuation ... ok
test interp::effect_dispatch::tests::test_resume_nonexistent_continuation ... ok
test interp::effect_dispatch::tests::test_resume_suspension_not_found ... ok
test interp::effect_dispatch::tests::test_resume_suspension_success ... ok
test interp::effect_dispatch::tests::test_resume_suspension_with_interpreter_closure ... ok
test interp::effect_dispatch::tests::test_set_registry_after_creation ... ok
test interp::effect_dispatch::tests::test_suspension_id_display ... ok
test interp::effect_dispatch::tests::test_unhandled_effect ... ok
test interp::eval::tests::test_interpreter_default_uses_new ... ok
test interp::eval::tests::test_interpreter_with_all_effects ... ok
test interp::eval::tests::test_interpreter_with_registry ... ok
test interp::eval::tests::test_interpreter_with_trace_constructor ... ok
test interp::eval::tests::test_perform_effect_generic ... ok
test interp::eval::tests::test_perform_effect_div ... ok
test interp::eval::tests::test_perform_effect_mut ... ok
test interp::symbolic::tests::test_parse_addition ... ok
test interp::symbolic::tests::test_parse_abs ... ok
test interp::symbolic::tests::test_evaluation ... ok
test interp::eval::tests::test_perform_effect_io ... ok
test interp::eval::tests::test_perform_effect_panic ... ok
test interp::eval::tests::test_push_pop_handler ... ok
test interp::symbolic::tests::test_parse_complex_expression ... ok
test interp::symbolic::tests::test_parse_cos ... ok
test interp::symbolic::tests::test_parse_differentiate ... ok
test interp::symbolic::tests::test_parse_division ... ok
test interp::symbolic::tests::test_parse_exp ... ok
test interp::symbolic::tests::test_parse_multiplication ... ok
test interp::symbolic::tests::test_parse_ln ... ok
test interp::symbolic::tests::test_parse_multivariate ... ok
test interp::symbolic::tests::test_parse_nested_functions ... ok
test interp::symbolic::tests::test_parse_parentheses ... ok
test interp::symbolic::tests::test_parse_polynomial ... ok
test interp::symbolic::tests::test_parse_power ... ok
test interp::symbolic::tests::test_parse_precedence_mul_over_add ... ok
test geometry::imo_benchmark::tests::test_problem_has_points ... ok
test interp::symbolic::tests::test_parse_precedence_pow_over_mul ... ok
test interp::symbolic::tests::test_parse_power_right_associative ... ok
test interp::symbolic::tests::test_parse_simple_variable ... ok
test interp::symbolic::tests::test_parse_simple_number ... ok
test interp::symbolic::tests::test_parse_sin ... ok
test interp::symbolic::tests::test_parse_subtraction ... ok
test interp::symbolic::tests::test_parse_unary_minus ... ok
test interp::symbolic::tests::test_parse_unary_minus_with_parentheses ... ok
test interp::symbolic::tests::test_simple_differentiation ... ok
test interp::symbolic::tests::test_simplification ... ok
test layout::cluster::tests::test_singleton_cluster ... ok
test layout::cluster::tests::test_clustering_single ... ok
test interp::symbolic::tests::test_parse_sqrt ... ok
test layout::cluster::tests::test_cluster_merge ... ok
test layout::cluster::tests::test_sorted_by_hotness ... ok
test layout::cluster::tests::test_clustering_empty ... ok
test layout::constraint::tests::test_colocate_partners ... ok
test layout::constraint::tests::test_constraint_set_merge ... ok
test layout::cluster::tests::test_clustering_multiple ... ok
test layout::constraint::tests::test_must_separate ... ok
test layout::constraint::tests::test_forced_region ... ok
test layout::diagnostics::tests::test_describe_constraint ... ok
test layout::diagnostics::tests::test_diagnostic_with_source ... ok
test layout::diagnostics::tests::test_diagnostic_error ... ok
test layout::distance::tests::test_condensed_form ... ok
test layout::extract::tests::test_concept_usage_basic ... ok
test layout::distance::tests::test_distance_matrix_basic ... ok
test layout::distance::tests::test_distance_matrix_empty ... ok
test layout::distance::tests::test_weighted_distance ... ok
test layout::extract::tests::test_co_occurrence ... ok
test layout::extract::tests::test_extract_from_types ... ok
test layout::extract::tests::test_concept_extractor ... ok
test layout::instrument::tests::test_cache_instrumentation_basic ... ok
test layout::instrument::tests::test_cache_stats_hit_rate ... ok
test layout::instrument::tests::test_cache_lru_eviction ... ok
test layout::instrument::tests::test_cache_stats_new ... ok
test layout::instrument::tests::test_compare_layouts_basic ... ok
test layout::instrument::tests::test_layout_comparison ... ok
test layout::instrument::tests::test_compare_layouts_empty ... ok
test layout::plan::tests::test_generate_layout_empty ... ok
test layout::plan::tests::test_layout_allocation_order ... ok
test layout::plan::tests::test_layout_config_default ... ok
test layout::plan::tests::test_generate_layout_single_cluster ... ok
test layout::plan::tests::test_empty_layout_plan ... ok
test layout::plan::tests::test_layout_summary ... ok
test layout::plan::tests::test_memory_region_priority ... ok
test layout::report::tests::test_brief_summary ... ok
test layout::report::tests::test_format_hypothesis_not_supported ... ok
test layout::report::tests::test_format_hypothesis_supported ... ok
test layout::report::tests::test_generate_report_empty ... ok
test layout::report::tests::test_generate_report_with_data ... ok
test layout::solver::tests::test_forced_region ... ok
test layout::solver::tests::test_colocate_merges_clusters ... ok
test layout::solver::tests::test_conflict_detection ... ok
test layout::tests::test_layout_hint_from_region ... ok
test layout::solver::tests::test_region_conflict ... ok
test layout::visualize::tests::test_sanitize_node_id ... ok
test layout::visualize::tests::test_mermaid_generation ... ok
test layout::solver::tests::test_separate_splits_clusters ... ok
test layout::visualize::tests::test_summary_generation ... ok
test layout::visualize::tests::test_ascii_generation ... ok
test lexer::tests::test_lex_block_comments ... ok
test layout::visualize::tests::test_table_generation ... ok
test lexer::tests::test_lex_c_string_literal ... ok
test lexer::tests::test_lex_comments ... ok
test lexer::tests::test_lex_doc_block_comments ... ok
test lexer::tests::test_lex_doc_comments ... ok
test lexer::tests::test_lex_effects ... ok
test lexer::tests::test_lex_keywords ... ok
test lexer::tests::test_lex_module ... ok
test lexer::tests::test_lex_full_module ... ok
test lexer::tests::test_lex_literals ... ok
test lexer::tests::test_lex_operators ... ok
test lexer::tests::test_lex_typed_literals ... ok
test lexer::tests::test_lex_unit_literals ... ok
test lexer::tests::test_lex_simple ... ok
test lexer::tests::test_lex_units ... ok
test linalg::tests::test_add_assign ... ok
test linalg::tests::test_from_vec ... ok
test linalg::tests::test_epistemic_matmul ... ok
test linalg::tests::test_identity ... ok
test linalg::tests::test_matmul ... ok
test linalg::tests::test_display ... ok
test linear::consumption::tests::test_affine_can_drop ... ok
test linalg::tests::test_transpose ... ok
test linear::consumption::tests::test_linear_consumption ... ok
test linalg::tests::test_zeros ... ok
test linear::consumption::tests::test_affine_cannot_reuse ... ok
test linear::consumption::tests::test_linear_not_consumed ... ok
test linear::consumption::tests::test_must_consume ... ok
test linear::consumption::tests::test_relevant_can_reuse ... ok
test linear::consumption::tests::test_relevant_must_use ... ok
test linear::consumption::tests::test_resource_state_transitions ... ok
test linear::consumption::tests::test_split_linear ... ok
test linear::consumption::tests::test_split_unrestricted ... ok
test linear::consumption::tests::test_unrestricted_any_usage ... ok
test linear::context::tests::test_binding_check_affine ... ok
test linear::context::tests::test_binding_check_linear ... ok
test linear::context::tests::test_binding_check_relevant ... ok
test linear::context::tests::test_context_merge ... ok
test linear::context::tests::test_context_split_fails_unassigned_linear ... ok
test linear::context::tests::test_context_split_linear ... ok
test linear::context::tests::test_context_split_unrestricted ... ok
test linear::context::tests::test_usage_count_increment ... ok
test linear::context::tests::test_context_use_var ... ok
test linear::exponentials::tests::test_bang_contraction ... ok
test linear::exponentials::tests::test_bang_dereliction ... ok
test linear::exponentials::tests::test_bang_weakening ... ok
test linear::exponentials::tests::test_can_promote_unrestricted ... ok
test linear::exponentials::tests::test_cannot_promote_linear ... ok
test linear::exponentials::tests::test_comonoid_contract_n ... ok
test linear::exponentials::tests::test_exponential_coercion_dereliction ... ok
test linear::exponentials::tests::test_exponential_coercion_quest_intro ... ok
test linear::exponentials::tests::test_seely_isomorphism ... ok
test linear::integrate::tests::test_credential ... ok
test linear::integrate::tests::test_affine_knowledge ... ok
test linear::integrate::tests::test_intervention ... ok
test linear::integrate::tests::test_knowledge_combine ... ok
test geometry::imo_benchmark::tests::test_problem_ids_unique ... ok
test linear::integrate::tests::test_linear_quantity ... ok
test linear::integrate::tests::test_linear_knowledge ... ok
test linear::integrate::tests::test_observation ... ok
test linear::integrate::tests::test_unrestricted_knowledge ... ok
test linear::kind::tests::test_join_operation ... ok
test linear::kind::tests::test_kinded_type ... ok
test linear::kind::tests::test_linearity_bound ... ok
test linear::integrate::tests::test_published_knowledge ... ok
test linear::kind::tests::test_meet_operation ... ok
test linear::kind::tests::test_ordering ... ok
test linear::kind::tests::test_parse ... ok
test linear::kind::tests::test_structural_rules ... ok
test linear::kind::tests::test_subkinding_affine_not_subkind_of_linear ... ok
test linear::kind::tests::test_subkinding_linear_is_bottom ... ok
test linear::kind::tests::test_subkinding_reflexive ... ok
test linear::kind::tests::test_subkinding_unrestricted_is_top ... ok
test linear::linear_types::tests::test_bang_is_unrestricted ... ok
test linear::linear_types::tests::test_credential_type ... ok
test linear::linear_types::tests::test_dual_involution ... ok
test linear::linear_types::tests::test_dual_tensor_is_par ... ok
test linear::linear_types::tests::test_dual_units ... ok
test linear::linear_types::tests::test_free_vars ... ok
test linear::linear_types::tests::test_intervention_type ... ok
test linear::linear_types::tests::test_published_type ... ok
test linear::linear_types::tests::test_quest_is_affine ... ok
test linear::linear_types::tests::test_substitute ... ok
test linear::linear_types::tests::test_tensor_modality ... ok
test linear::modality::tests::test_allows_weakening ... ok
test linear::modality::tests::test_allows_contraction ... ok
test linear::modality::tests::test_combine_linear_dominates ... ok
test linear::modality::tests::test_combine_affine_relevant_is_linear ... ok
test linear::modality::tests::test_must_use ... ok
test linear::modality::tests::test_combine_unrestricted_identity ... ok
test linear::modality::tests::test_partial_ord ... ok
test linear::modality::tests::test_subtype_linear_is_bottom ... ok
test linear::modality::tests::test_subtype_affine_relevant_incomparable ... ok
test linear::modality::tests::test_subtype_unrestricted_is_top ... ok
test linear::modality::tests::test_subtype_reflexive ... ok
test linear::resource::tests::test_capability_and ... ok
test linear::modality::tests::test_grade_to_modality ... ok
test linear::resource::tests::test_capability_implies ... ok
test linear::resource::tests::test_linear_resource ... ok
test linear::resource::tests::test_resource_pool ... ok
test linear::resource::tests::test_resource_guard ... ok
test linear::resource::tests::test_resource_guard_into_inner ... ok
test linear::resource::tests::test_resource_type_database ... ok
test linear::resource::tests::test_resource_handle ... ok
test linear::resource::tests::test_resource_type_file ... ok
test linear::session_types::tests::test_dual_involution ... ok
test linear::session_types::tests::test_dual_offer_choose ... ok
test linear::session_types::tests::test_dual_send_recv ... ok
test linear::session_types::tests::test_query_response_protocol ... ok
test linear::session_types::tests::test_is_dual ... ok
test linear::session_types::tests::test_recursive_unfold ... ok
test linear::session_types::tests::test_session_checker_basic ... ok
test linear::session_types::tests::test_session_checker_wrong_order ... ok
test linear::subtyping::tests::test_bang_dereliction ... ok
test linear::subtyping::tests::test_coercion_dereliction ... ok
test linear::subtyping::tests::test_gradual_subtyping ... ok
test linear::subtyping::tests::test_confidence_subtyping ... ok
test linear::subtyping::tests::test_lollipop_contravariant ... ok
test linear::subtyping::tests::test_modality_subtyping ... ok
test linear::subtyping::tests::test_coercion_identity ... ok
test linear::subtyping::tests::test_quest_introduction ... ok
test linear::subtyping::tests::test_reflexivity ... ok
test linear::subtyping::tests::test_zero_is_subtype ... ok
test linear::tests::test_affine_can_be_unused ... ok
test linear::subtyping::tests::test_tensor_covariant ... ok
test linear::subtyping::tests::test_top_is_supertype ... ok
test linear::subtyping::tests::test_variance_compose ... ok
test linear::tests::test_linear_exhaustion_used_once ... ok
test linear::tests::test_context_creation ... ok
test linear::tests::test_relevant_must_be_used ... ok
test linear::tests::test_linear_binding ... ok
test linear::tests::test_linear_exhaustion_unused ... ok
test linear::tests::test_unrestricted_any_usage ... ok
test linear::typed::tests::test_affine_already_consumed ... ok
test linear::typed::tests::test_affine_into_linear ... ok
test linear::typed::tests::test_linear_choice ... ok
test linear::typed::tests::test_linear_consume ... ok
test linear::tests::test_use_var ... ok
test linear::typed::tests::test_affine_consume ... ok
test linear::typed::tests::test_affine_discard ... ok
test linear::typed::tests::test_linear_into_affine ... ok
test linear::typed::tests::test_linear_map ... ok
test linear::typed::tests::test_linear_pair ... ok
test linear::typed::tests::test_linear_pair_consume_first ... ok
test linear::typed::tests::test_linear_ref ... ok
test linear::typed::tests::test_linearity_accessors ... ok
test linear::typed::tests::test_unrestricted_into_linear ... ok
test linear::typed::tests::test_unrestricted_multi_use ... ok
test lint::config::tests::test_default_config ... ok
test lint::config::tests::test_group_management ... ok
test lint::rules::complexity::tests::test_lint_categories ... ok
test lint::config::tests::test_set_level ... ok
test lint::rules::complexity::tests::test_lint_ids ... ok
test lint::rules::correctness::tests::test_default_levels ... ok
test lint::config::tests::test_serialize_config ... ok
test lint::rules::correctness::tests::test_lint_categories ... ok
test lint::rules::correctness::tests::test_lint_ids ... ok
test lint::rules::effects::tests::test_lint_categories ... ok
test lint::rules::effects::tests::test_lint_ids ... ok
test lint::rules::epistemic::tests::test_confidence_not_checked_lint ... ok
test lint::rules::epistemic::tests::test_extract_float_literal ... ok
test lint::rules::epistemic::tests::test_is_knowledge_type ... ok
test lint::rules::epistemic::tests::test_low_confidence_propagation_lint ... ok
test lint::rules::epistemic::tests::test_stale_knowledge_lint ... ok
test lint::rules::epistemic::tests::test_untraceable_provenance_lint ... ok
test lint::rules::linear::tests::test_affine_not_consumed_lint ... ok
test lint::rules::linear::tests::test_is_affine_type ... ok
test lint::rules::linear::tests::test_is_linear_type ... ok
test lint::rules::linear::tests::test_linear_escape_lint ... ok
test lint::rules::linear::tests::test_linear_value_copied_lint ... ok
test lint::rules::linear::tests::test_unused_linear_value_lint ... ok
test lint::rules::perf::tests::test_is_large_type ... ok
test lint::rules::perf::tests::test_is_reference_type ... ok
test lint::rules::perf::tests::test_lint_categories ... ok
test lint::rules::perf::tests::test_lint_ids ... ok
test lint::rules::perf::tests::test_lint_levels ... ok
test lint::rules::safety::tests::test_lint_category ... ok
test lint::rules::safety::tests::test_lint_id ... ok
test lint::rules::style::tests::test_is_pascal_case ... ok
test lint::rules::style::tests::test_is_screaming_snake_case ... ok
test lint::rules::style::tests::test_is_snake_case ... ok
test lint::rules::style::tests::test_lint_categories ... ok
test lint::rules::style::tests::test_lint_ids ... ok
test lint::rules::style::tests::test_to_pascal_case ... ok
test lint::rules::style::tests::test_to_screaming_snake_case ... ok
test lint::rules::style::tests::test_to_snake_case ... ok
test lint::rules::tests::test_all_lints_count ... ok
test lint::rules::tests::test_group_from_name ... ok
test lint::rules::tests::test_lint_groups ... ok
test lint::tests::test_lint_context ... ok
test lint::tests::test_linter_creation ... ok
test llm::client::tests::test_anthropic_client_creation ... ok
test llm::client::tests::test_ollama_client_creation ... ok
test llm::client::tests::test_openai_client_creation ... ok
test llm::client::tests::test_registry_empty ... ok
test llm::client::tests::test_registry_with_client ... ok
test llm::client::tests::test_supported_models ... ok
test llm::confidence::tests::test_confidence_level_from_value ... ok
test llm::confidence::tests::test_high_confidence_calculation ... ok
test llm::confidence::tests::test_low_confidence_calculation ... ok
test llm::confidence::tests::test_certainty_detection ... ok
test llm::confidence::tests::test_hedge_detection ... ok
test llm::confidence::tests::test_reasoning_marker_detection ... ok
test llm::confidence::tests::test_structured_output_detection ... ok
test llm::confidence::tests::test_overconfident_response ... ok
test llm::confidence::tests::test_source_reference_detection ... ok
test llm::prompts::tests::test_build_prompt_missing_params ... ok
test llm::confidence::tests::test_sentiment_analysis ... ok
test llm::confidence::tests::test_uncertain_response ... ok
test llm::prompts::tests::test_build_prompt_term_extraction ... ok
test llm::prompts::tests::test_build_prompt_with_examples ... ok
test llm::confidence::tests::test_real_llm_response ... ok
test llm::prompts::tests::test_custom_template ... ok
test llm::prompts::tests::test_ontology_task_display ... ok
test llm::prompts::tests::test_default_templates ... ok
test llm::tests::test_finish_reason_display ... ok
test llm::tests::test_llm_provider_display ... ok
test llm::tests::test_llm_request_builder ... ok
test locality::access::tests::test_access_pattern ... ok
test locality::access::tests::test_analysis_context ... ok
test locality::access::tests::test_co_access ... ok
test locality::access::tests::test_analyzer ... ok
test locality::access::tests::test_field_access_heat ... ok
test locality::access::tests::test_recommendations ... ok
test locality::access::tests::test_recommended_locality ... ok
test locality::access::tests::test_stride_pattern ... ok
test interp::eval::tests::test_method_call_assignment_with_print_int_keeps_struct_state ... ok
test locality::codegen::tests::test_address_add_offset ... ok
test locality::codegen::tests::test_address_expr ... ok
test locality::codegen::tests::test_cache_hint_from_locality ... ok
test locality::codegen::tests::test_cache_hint_from_priority ... ok
test locality::codegen::tests::test_codegen_emit ... ok
test locality::codegen::tests::test_codegen_stride ... ok
test locality::codegen::tests::test_prefetch_instruction_arm ... ok
test locality::codegen::tests::test_prefetch_instruction_llvm ... ok
test locality::codegen::tests::test_prefetch_instruction_x86 ... ok
test locality::codegen::tests::test_prefetch_sequence ... ok
test locality::hir_analysis::tests::test_analyzer_creation ... ok
test locality::hir_analysis::tests::test_empty_hir_analysis ... ok
test locality::hir_analysis::tests::test_prefetch_priority ... ok
test locality::hir_analysis::tests::test_struct_registration ... ok
test locality::numa::tests::test_numa_node ... ok
test locality::numa::tests::test_parse_cpu_list ... ok
test locality::numa::tests::test_closest_node ... ok
test locality::numa::tests::test_placement_code_gen ... ok
test locality::numa::tests::test_placement_strategy ... ok
test locality::numa::tests::test_semantic_placement ... ok
test locality::numa::tests::test_simulated_topology ... ok
test locality::numa::tests::test_suggest_placement ... ok
test locality::numa::tests::test_single_node_topology ... ok
test locality::packing::tests::test_compute_alignment ... ok
test locality::packing::tests::test_field_creation ... ok
test locality::packing::tests::test_field_group ... ok
test locality::packing::tests::test_layout_comments ... ok
test locality::numa::tests::test_topology_detect_fallback ... ok
test locality::packing::tests::test_offset_of ... ok
test locality::packing::tests::test_packer_without_hot_first ... ok
test locality::packing::tests::test_same_cache_line ... ok
test locality::packing::tests::test_span_detection ... ok
test locality::packing::tests::test_simple_packing ... ok
test locality::prefetch::tests::test_distance_combine ... ok
test locality::prefetch::tests::test_distance_clamping ... ok
test locality::prefetch::tests::test_prefetch_entry ... ok
test locality::prefetch::tests::test_prefetch_hint_creation ... ok
test locality::prefetch::tests::test_prefetch_priority_llvm ... ok
test locality::prefetch::tests::test_prefetch_table ... ok
test locality::prefetch::tests::test_semantic_distance ... ok
test locality::prefetch::tests::test_table_merge ... ok
test locality::prefetch::tests::test_table_stats ... ok
test locality::subtyping::tests::test_distance ... ok
test locality::subtyping::tests::test_infer_locality ... ok
test locality::subtyping::tests::test_is_subtype ... ok
test locality::subtyping::tests::test_join_meet ... ok
test locality::subtyping::tests::test_solve_same_constraint ... ok
test locality::subtyping::tests::test_solve_simple_constraints ... ok
test locality::subtyping::tests::test_solve_strict_constraint ... ok
test locality::subtyping::tests::test_solve_unsatisfiable ... ok
test locality::subtyping::tests::test_subbound ... ok
test locality::subtyping::tests::test_subtype_check ... ok
test locality::subtyping::tests::test_variance ... ok
test locality::subtyping::tests::test_variance_combine ... ok
test locality::types::tests::test_bound_intersect ... ok
test locality::types::tests::test_bound_no_intersect ... ok
test locality::tests::test_bridge_creation ... ok
test locality::types::tests::test_bound_satisfaction ... ok
test locality::tests::test_bridge_with_cache_line_size ... ok
test locality::types::tests::test_bound_union ... ok
test locality::types::tests::test_constraint_satisfaction ... ok
test locality::types::tests::test_display ... ok
test locality::types::tests::test_locality_latency ... ok
test locality::types::tests::test_locality_ordering ... ok
test locality::types::tests::test_locality_param ... ok
test locality::types::tests::test_locality_parse ... ok
test locality::types::tests::test_locality_traversal ... ok
test macro_system::tests::test_macro_context_creation ... ok
test mir::analysis::alias::tests::test_alias_analysis_basic ... ok
test mir::analysis::alias::tests::test_alias_result_meet ... ok
test mir::analysis::alias::tests::test_memory_location_aliasing ... ok
test mir::analysis::alias::tests::test_module_alias_analysis ... ok
test mir::analysis::alias::tests::test_points_to_set ... ok
test mir::analysis::ssa_validator::tests::test_ssa_validator_creation ... ok
test mir::analysis::ssa_validator::tests::test_simple_function_validation ... ok
test mir::analysis::ssa_validator::tests::test_unreachable_block_detection ... ok
test mir::builder::tests::test_module_builder ... ok
test mir::analysis::dominators::tests::test_dominator_analysis ... ok
test mir::builder::tests::test_function_builder ... ok
test mir::instructions::tests::test_binary_op_properties ... ok
test mir::instructions::tests::test_basic_block ... ok
test mir::instructions::tests::test_function ... ok
test mir::optimization::advanced_epistemic_optimization::tests::test_advanced_epistemic_optimization_creation ... ok
test mir::lower::tests::test_hlir_to_mir_basic ... ok
test mir::optimization::advanced_epistemic_optimization::tests::test_knowledge_combination_analysis ... ok
test mir::optimization::advanced_epistemic_optimization::tests::test_confidence_propagation ... ok
test mir::optimization::alias_analysis::tests::test_alias_query ... ok
test mir::optimization::alias_analysis::tests::test_alloca_analysis ... ok
test mir::optimization::alias_analysis::tests::test_points_to_set ... ok
test mir::optimization::alias_analysis::tests::test_phi_analysis ... ok
test mir::optimization::alias_analysis::tests::test_union_find ... ok
test mir::optimization::common_subexpression_elimination::tests::test_commutative_normalization ... ok
test mir::optimization::common_subexpression_elimination::tests::test_cse_pass_name ... ok
test mir::optimization::alias_analysis::tests::test_load_store_analysis ... ok
test mir::optimization::common_subexpression_elimination::tests::test_cse_requires_ssa ... ok
test mir::optimization::common_subexpression_elimination::tests::test_expression_from_call_returns_none ... ok
test mir::optimization::common_subexpression_elimination::tests::test_expression_from_store_returns_none ... ok
test mir::optimization::common_subexpression_elimination::tests::test_cse_preserves_ssa_at_control_flow_merge ... ok
test mir::optimization::common_subexpression_elimination::tests::test_expression_from_binary ... ok
test mir::optimization::common_subexpression_elimination::tests::test_cse_simple ... ok
test mir::optimization::common_subexpression_elimination::tests::test_non_commutative_no_normalization ... ok
test mir::optimization::common_subexpression_elimination::tests::test_terminator_successors ... ok
test mir::optimization::constant_propagation::tests::test_constant_folding_add ... ok
test mir::optimization::constant_propagation::tests::test_constant_folding_bool_not ... ok
test mir::optimization::constant_propagation::tests::test_constant_folding_comparison ... ok
test mir::optimization::constant_propagation::tests::test_constant_folding_div_by_zero ... ok
test mir::optimization::constant_propagation::tests::test_constant_folding_float ... ok
test mir::optimization::constant_propagation::tests::test_constant_folding_unary ... ok
test mir::optimization::constant_propagation::tests::test_constant_propagation_simple ... ok
test mir::optimization::constant_propagation::tests::test_constant_propagation_with_bottom ... ok
test mir::optimization::constant_propagation::tests::test_lattice_meet ... ok
test mir::optimization::dead_code_elimination::tests::test_dead_assignment_elimination ... ok
test mir::optimization::dead_code_elimination::tests::test_liveness_analysis ... ok
test mir::optimization::function_inlining::tests::test_inline_candidate_detection ... ok
test mir::optimization::dead_code_elimination::tests::test_unreachable_block_elimination ... ok
test mir::optimization::function_inlining::tests::test_inlining_pass_runs ... ok
test mir::optimization::function_inlining_complete::tests::test_complete_inlining_creation ... ok
test mir::optimization::function_inlining_complete::tests::test_value_mapping ... ok
test mir::optimization::incremental_query::tests::opt_level_changes_cache_key ... ok
test mir::optimization::incremental_query::tests::pipeline_epoch_changes_cache_key ... ok
test mir::optimization::incremental_query::tests::reuses_cached_optimization_for_same_key ... ok
test mir::optimization::licm::tests::test_dominator_computation ... ok
test mir::optimization::licm::tests::test_licm_pass_runs ... ok
test mir::optimization::licm::tests::test_invariant_detection ... ok
test mir::optimization::local_optimizer::tests::test_always_suggests_cp_and_dce ... ok
test mir::optimization::local_optimizer::tests::test_arithmetic_heavy_suggests_strength_reduction ... ok
test mir::optimization::licm::tests::test_loop_detection_simple ... ok
test mir::optimization::local_optimizer::tests::test_confidence_threshold_filtering ... ok
test mir::optimization::local_optimizer::tests::test_data_collector ... ok
test mir::optimization::local_optimizer::tests::test_deterministic_output ... ok
test mir::optimization::local_optimizer::tests::test_epistemic_suggests_uncertainty_aware ... ok
test mir::optimization::local_optimizer::tests::test_large_blocks_suggests_cse ... ok
test mir::optimization::local_optimizer::tests::test_loop_bearing_suggests_licm ... ok
test mir::optimization::local_optimizer::tests::test_many_calls_suggests_inlining ... ok
test mir::optimization::local_optimizer::tests::test_no_licm_without_loops ... ok
test geometry::self_play::tests::test_self_play_creation ... ok
test mir::optimization::local_optimizer::tests::test_memory_heavy_suggests_sroa ... ok
test mir::optimization::local_optimizer::tests::test_sorted_by_confidence_descending ... ok
test mir::optimization::ml_guided_optimization::tests::test_feature_extraction ... ok
test mir::optimization::ml_guided_optimization::tests::test_inlining_predictor ... ok
test mir::optimization::ml_guided_optimization::tests::test_ml_guided_optimizer_creation ... ok
test mir::optimization::ml_guided_optimization::tests::test_ml_optimization_result ... ok
test mir::optimization::ml_guided_optimization::tests::test_performance_prediction ... ok
test mir::optimization::ml_guided_optimization::tests::test_profile_guided_optimizer ... ok
test mir::optimization::performance_tuning::tests::test_analysis_cache ... ok
test mir::optimization::performance_tuning::tests::test_architecture_optimizer ... ok
test mir::optimization::performance_tuning::tests::test_gep_indexed_stores_not_blocked ... ok
test mir::optimization::performance_tuning::tests::test_incremental_analyzer ... ok
test mir::optimization::performance_tuning::tests::test_loop_bound_detection ... ok
test mir::optimization::performance_tuning::tests::test_induction_variable_detection ... ok
test mir::optimization::performance_tuning::tests::test_loop_vectorizer_creation ... ok
test mir::optimization::performance_tuning::tests::test_loop_complexity_analysis ... ok
test mir::optimization::performance_tuning::tests::test_performance_result ... ok
test mir::optimization::performance_tuning::tests::test_performance_tuned_optimizer_creation ... ok
test mir::optimization::performance_tuning::tests::test_non_gep_stores_blocked ... ok
test mir::optimization::performance_tuning::tests::test_vector_factor_determination ... ok
test mir::optimization::performance_tuning::tests::test_vector_factor_f64 ... ok
test mir::optimization::performance_tuning::tests::test_vectorizable_instruction_collection ... ok
test mir::optimization::pipeline_with_validation::tests::test_statistics_reset ... ok
test mir::optimization::performance_tuning::tests::test_vectorization_blocker_detection ... ok
test mir::optimization::pipeline_with_validation::tests::test_validation_settings ... ok
test mir::optimization::pipeline_with_validation::tests::test_validated_pipeline_creation ... ok
test mir::optimization::pipeline_with_validation::tests::test_pipeline_with_validation ... ok
test mir::optimization::sroa::tests::test_get_field_type ... ok
test mir::optimization::pipeline_with_validation::tests::test_validation_report ... ok
test mir::optimization::sroa::tests::test_is_aggregate_type ... ok
test mir::optimization::sroa::tests::test_find_allocas ... ok
test mir::optimization::sroa::tests::test_sroa_escaping_pointer ... ok
test mir::optimization::strength_reduction::tests::test_strength_reduction_creation ... ok
test mir::optimization::strength_reduction::tests::test_strength_reduction_pass_manager_integration ... ok
test mir::tests::test_mir_instruction_basics ... ok
test mir::optimization::sroa::tests::test_sroa_simple_struct ... ok
test mir::optimization::sroa::tests::test_sroa_non_aggregate_skipped ... ok
test mir::optimization::strength_reduction::tests::test_strength_reduction_on_simple_function ... ok
test mir::types::tests::test_type_conversions ... ok
test mir::types::tests::test_vector_type ... ok
test mir::tests::test_mir_type_conversion ... ok
test mir::types::tests::test_vectorize_scalar ... ok
test mir::types::tests::test_type_sizes ... ok
test ml::scientific_models::tests::test_performance_stats ... ok
test mir::types::tests::test_vector_info ... ok
test ml::scientific_models::tests::test_scientific_model_manager_creation ... ok
test mir::types::tests::test_constant_types ... ok
test module_loader::tests::module_id_from_file_path ... ok
test module_loader::tests::module_id_join ... ok
test module_loader::tests::module_id_root ... ok
test ontology::alignment::cui::tests::test_cui_bridge_basic ... ok
test ontology::alignment::cui::tests::test_source_to_prefix ... ok
test ontology::alignment::cui::tests::test_cui_bridge_stats ... ok
test ontology::alignment::cui::tests::test_cui_distance ... ok
test ontology::alignment::loom::tests::test_loom_client_basic ... ok
test ontology::alignment::loom::tests::test_loom_mapping_source ... ok
test ontology::alignment::loom::tests::test_loom_stats ... ok
test module_loader::tests::annotates_paths_with_module_info ... ok
test module_loader::tests::resolves_imports_and_rewrites_qualified_paths ... ok
test ontology::alignment::sheaf::tests::test_align_federated_ontologies_dedups_and_ignores_empty ... ok
test ontology::alignment::sheaf::tests::test_chain_restriction_missing ... ok
test ontology::alignment::sheaf::tests::test_align_federated_ontologies_populates_cells_and_restrictions ... ok
test ontology::alignment::sheaf::tests::test_cohomology_trivial ... ok
test ontology::alignment::sheaf::tests::test_cohomology_with_obstruction ... ok
test ontology::alignment::sheaf::tests::test_empty_sheaf_is_valid ... ok
test ontology::alignment::sheaf::tests::test_single_cell_sheaf ... ok
test ontology::alignment::sheaf::tests::test_two_cell_sheaf_valid ... ok
test ontology::alignment::tests::test_alignment_source_reliability ... ok
test ontology::alignment::tests::test_alignment_to_distance ... ok
test ontology::alignment::tests::test_ontology_pair_normalization ... ok
test module_loader::tests::selfhost_manifest_preserves_file_order ... ok
test ontology::alignment::unified::tests::test_are_aligned ... ok
test ontology::alignment::unified::tests::test_alignment_distance ... ok
test ontology::alignment::unified::tests::test_find_cui_alignment ... ok
test ontology::alignment::unified::tests::test_find_sssom_alignment ... ok
test ontology::alignment::unified::tests::test_get_alignments ... ok
test module_loader::tests::selfhost_manifest_resolves_repo_relative_entries ... ok
test ontology::alignment::unified::tests::test_transitive_alignment ... ok
test ontology::applications::alignment::tests::test_aligner_creation ... ok
test ontology::applications::alignment::tests::test_add_anchor ... ok
test ontology::applications::alignment::tests::test_isometry_transform ... ok
test ontology::applications::completion::tests::test_completion_candidate_creation ... ok
test ontology::applications::alignment::tests::test_alignment_confidence ... ok
test ontology::applications::completion::tests::test_kb_completion_creation ... ok
test ontology::applications::completion::tests::test_filter_logical_consistency ... ok
test ontology::applications::completion::tests::test_score_candidate ... ok
test ontology::applications::drift::tests::test_drift_alert_creation ... ok
test ontology::applications::drift::tests::test_drift_detector_observation ... ok
test ontology::applications::drift::tests::test_drift_detection ... ok
test ontology::applications::drift::tests::test_drift_detector_reset ... ok
test ontology::applications::alignment::tests::test_score_candidate_alignment ... ok
test ontology::alignment::unified::tests::test_recompute_stats_counts_embeddings ... ok
test ontology::applications::drift::tests::test_drift_detector_statistics ... ok
test ontology::applications::transduction::tests::test_ensemble_conformal_creation ... ok
test ontology::applications::transduction::tests::test_ensemble_combine_metrics ... ok
test ontology::applications::transduction::tests::test_ensemble_register_metric ... ok
test ontology::applications::transduction::tests::test_full_conformal_coverage ... ok
test ontology::applications::transduction::tests::test_ensemble_learn_weights ... ok
test ontology::applications::transduction::tests::test_full_conformal_creation ... ok
test ontology::applications::transduction::tests::test_prediction_set_contains ... ok
test ontology::build::index::tests::test_collision_handling ... ok
test ontology::applications::transduction::tests::test_prediction_set_creation ... ok
test ontology::build::index::tests::test_empty_index ... ok
test ontology::build::index::tests::test_hash_iri ... ok
test ontology::build::index::tests::test_iteration ... ok
test ontology::build::index::tests::test_single_entry ... ok
test ontology::build::index::tests::test_unsorted_builder ... ok
test ontology::build::intern::tests::test_basic_interning ... ok
test ontology::build::intern::tests::test_batch_interner ... ok
test ontology::build::intern::tests::test_prefix_compression ... ok
test ontology::build::intern::tests::test_prefix_table ... ok
test ontology::build::intern::tests::test_suggest_prefixes ... ok
test ontology::build::index::tests::test_serialization ... ok
test ontology::build::parse::fhir::tests::test_can_parse ... ok
test ontology::build::parse::fhir::tests::test_bundle_parsing ... ok
test ontology::build::parse::fhir::tests::test_code_system_parsing ... ok
test ontology::build::parse::fhir::tests::test_concept_map_parsing ... ok
test ontology::build::intern::tests::test_compression_ratio ... ok
test ontology::build::parse::fhir::tests::test_deprecated_concepts ... ok
test ontology::build::parse::fhir::tests::test_value_set_parsing ... ok
test ontology::build::parse::fhir::tests::test_structure_definition_parsing ... ok
test ontology::build::index::tests::test_large_index_height ... ok
test ontology::build::parse::jsonld::tests::test_expand_iri ... ok
test ontology::build::parse::jsonld::tests::test_domain_range_relations ... ok
test ontology::build::parse::jsonld::tests::test_language_tagged_strings ... ok
test ontology::build::parse::obo::tests::test_expand_curie ... ok
test ontology::build::parse::jsonld::tests::test_schema_org_class ... ok
test ontology::build::parse::jsonld::tests::test_graph_container ... ok
test ontology::build::parse::jsonld::tests::test_simple_jsonld ... ok
test ontology::build::parse::obo::tests::test_parse_obsolete ... ok
test ontology::build::parse::obo::tests::test_parse_relationships ... ok
test ontology::build::parse::obo::tests::test_parse_simple_term ... ok
test ontology::build::parse::obo::tests::test_parse_synonyms ... ok
test ontology::build::parse::owl::tests::test_format_detection ... ok
test ontology::build::parse::obo::tests::test_skip_typedef ... ok
test ontology::build::index::tests::test_many_entries ... ok
test ontology::build::parse::owl::tests::test_ntriples_parsing ... ok
test ontology::build::parse::owl::tests::test_prefix_expansion ... ok
test ontology::build::parse::owl::tests::test_triple_accumulator ... ok
test ontology::build::parse::tests::test_raw_term_builder ... ok
test ontology::build::parse::owl::tests::test_turtle_parsing ... ok
test ontology::build::tests::test_build_config_default ... ok
test ontology::build::parse::tests::test_parser_registry ... ok
test ontology::build::parse::tests::test_supported_extensions ... ok
test ontology::cache::tests::test_cache_basic_operations ... ok
test ontology::cache::tests::test_cache_promotion ... ok
test ontology::cache::tests::test_cache_stats ... ok
test ontology::build::tests::test_builder_creation ... ok
test ontology::cache::tests::test_negative_cache ... ok
test ontology::distance::cache::tests::test_get_or_compute ... ok
test ontology::cache::tests::test_subsumption_cache ... ok
test ontology::distance::cache::tests::test_basic_cache ... ok
test ontology::distance::cache::tests::test_hit_rate ... ok
test ontology::distance::cache::tests::test_tiered_stats ... ok
test ontology::distance::cache::tests::test_cache_eviction ... ok
test ontology::distance::information_content::tests::test_ic_values ... ok
test ontology::distance::cache::tests::test_tiered_cache ... ok
test ontology::distance::cache::tests::test_cache_key_symmetry ... ok
test ontology::distance::information_content::tests::test_jiang_conrath ... ok
test ontology::distance::path::tests::test_path_length ... ok
test ontology::distance::information_content::tests::test_lin_similarity ... ok
test ontology::distance::path::tests::test_ancestry ... ok
test ontology::distance::path::tests::test_wu_palmer ... ok
test ontology::distance::path::tests::test_depth ... ok
test ontology::distance::path::tests::test_lca ... ok
test ontology::distance::sssom::tests::test_cross_ontology_distance ... ok
test ontology::distance::sssom::tests::test_mapping_predicate ... ok
test ontology::distance::sssom::tests::test_sssom_index ... ok
test ontology::distance::tests::test_cosine_similarity_normalized ... ok
test ontology::build::intern::tests::test_thread_safety ... ok
test ontology::distance::tests::test_embedding_disabled ... ok
test ontology::distance::tests::test_embedding_contributes_to_overall_distance ... ok
test ontology::distance::tests::test_embedding_distance_bounds ... ok
test ontology::distance::tests::test_embedding_distance_unknown_term ... ok
test ontology::distance::tests::test_embedding_text_generation ... ok
test ontology::distance::tests::test_ic_contributes_to_distance ... ok
test ontology::distance::tests::test_ic_distance_lin ... ok
test ontology::distance::tests::test_ic_distance_jiang_conrath ... ok
test ontology::distance::tests::test_ic_fallback_unavailable ... ok
test ontology::distance::tests::test_ic_distance_resnik ... ok
test ontology::distance::tests::test_ic_metric_enum ... ok
test ontology::distance::tests::test_physical_cost ... ok
test ontology::distance::tests::test_semantic_distance_compose ... ok
test ontology::distance::tests::test_semantic_distance_thresholds ... ok
test ontology::distance::tests::test_semantic_distance_zero ... ok
test ontology::distance::tests::test_sssom_index ... ok
test ontology::distance::tests::test_ic_identical_terms ... ok
test ontology::distance::tests::test_term_text_caching ... ok
test ontology::distance::tests::test_text_similarity_organs ... ok
test ontology::domain::loader::tests::test_bootstrap_loader ... ok
test ontology::distance::tests::test_text_similarity_related_terms ... ok
test ontology::domain::loader::tests::test_default_epistemic ... ok
test ontology::domain::tests::test_domain_ontologies_new ... ok
test ontology::domain::tests::test_get_metadata ... ok
test ontology::domain::tests::test_known_ontologies ... ok
test ontology::embedding::hyperbolic::tests::test_conformal_factor ... ok
test ontology::domain::tests::test_stats ... ok
test ontology::embedding::hyperbolic::tests::test_distance_increases_near_boundary ... ok
test ontology::embedding::hyperbolic::tests::test_exp_log_inverse ... ok
test ontology::embedding::hyperbolic::tests::test_geodesic_endpoints ... ok
test ontology::embedding::hyperbolic::tests::test_hyperbolic_distance_origin ... ok
test ontology::embedding::hyperbolic::tests::test_hyperbolic_distance_self ... ok
test ontology::embedding::hyperbolic::tests::test_hyperbolic_generator ... ok
test ontology::embedding::hyperbolic::tests::test_mobius_add_origin ... ok
test ontology::embedding::hyperbolic::tests::test_poincare_clamp ... ok
test ontology::embedding::hyperbolic::tests::test_poincare_point_creation ... ok
test ontology::embedding::models::hybrid::tests::test_builder ... ok
test ontology::embedding::models::hybrid::tests::test_fusion_strategies ... ok
test ontology::embedding::models::pretrained::tests::test_add_embedding ... ok
test ontology::embedding::models::pretrained::tests::test_empty_generator ... ok
test ontology::embedding::models::pretrained::tests::test_load_word2vec_text ... ok
test ontology::embedding::models::pretrained::tests::test_save_and_load ... ok
test compiler_loader::tests::test_driver_run_pipeline_native_stage_returns_explicit_failure_code ... ok
test compiler_loader::tests::test_driver_source_pipeline_strict_rejects_fallback_when_driver_unavailable ... ok
test compiler_loader::tests::test_selfhost_pipeline_ghost_without_rust_request_stays_driver ... ok
test compiler_loader::tests::test_selfhost_pipeline_rust_requires_ghost_mode ... ok
test ontology::embedding::models::tests::test_random_generator_deterministic ... ok
test ontology::embedding::models::tests::test_random_generator_different_iris ... ok
test ontology::embedding::models::textual::tests::test_textual_generator_basic ... ok
test ontology::embedding::models::textual::tests::test_textual_similar_texts ... ok
test ontology::embedding::models::textual::tests::test_textual_with_synonyms ... ok
test ontology::embedding::riemannian::tests::test_learning_rate_decay ... ok
test ontology::embedding::riemannian::tests::test_riemannian_config_default ... ok
test ontology::embedding::simd::tests::test_add_vectors ... ok
test ontology::embedding::simd::tests::test_cosine_similarity_identical ... ok
test ontology::embedding::simd::tests::test_cosine_similarity_opposite ... ok
test ontology::embedding::simd::tests::test_cosine_similarity_orthogonal ... ok
test ontology::embedding::simd::tests::test_dot_product ... ok
test ontology::embedding::simd::tests::test_euclidean_distance ... ok
test ontology::embedding::simd::tests::test_euclidean_distance_zero ... ok
test ontology::embedding::simd::tests::test_k_nearest ... ok
test ontology::embedding::simd::tests::test_normalize ... ok
test ontology::embedding::riemannian::tests::test_retract_origin ... ok
test ontology::embedding::simd::tests::test_scalar_matches_simd ... ok
test ontology::embedding::storage::ann::tests::test_ann_index_empty ... ok
test ontology::embedding::storage::ann::tests::test_ann_index_basic ... ok
test ontology::embedding::storage::ann::tests::test_euclidean_distance ... ok
test ontology::embedding::storage::memory::tests::test_memory_store_basic ... ok
test ontology::embedding::storage::memory::tests::test_memory_store_delete ... ok
test ontology::federated::tests::test_cache_key_generation ... ok
test ontology::federated::tests::test_custom_source_metadata ... ok
test ontology::federated::tests::test_cache_operations ... ok
test ontology::federated::tests::test_custom_source_requires_network_feature ... ok
test ontology::federated::tests::test_epistemic_status_computation ... ok
test ontology::federated::tests::test_federated_query_builder ... ok
test ontology::federated::tests::test_federated_resolver_no_sources ... ok
test ontology::federated::tests::test_federated_source_names ... ok
test ontology::federated::tests::test_federated_source_urls ... ok
test ontology::federated::tests::test_federated_stats ... ok
test ontology::federated::tests::test_url_encoding ... ok
test ontology::fidelity::tests::test_aggregate_fidelity_scoring ... ok
test ontology::fidelity::tests::test_beta_confidence_mean ... ok
test ontology::fidelity::tests::test_fidelity_result_is_acceptable ... ok
test ontology::fidelity::tests::test_fidelity_result_to_beta ... ok
test ontology::fidelity::tests::test_obo_foundry_creation ... ok
test ontology::foundation::augmentation::tests::test_compute_embedding ... ok
test ontology::foundation::augmentation::tests::test_initial_epistemic_auto_generated ... ok
test ontology::foundation::augmentation::tests::test_initial_epistemic_expert_curated ... ok
test ontology::foundation::fhir::tests::test_bootstrap ... ok
test ontology::foundation::fhir::tests::test_complex_types ... ok
test ontology::foundation::fhir::tests::test_patient_exists ... ok
test ontology::foundation::fhir::tests::test_patient_inherits_from_domain_resource ... ok
test ontology::foundation::fhir::tests::test_primitive_types ... ok
test ontology::foundation::fhir::tests::test_terms_vec ... ok
test ontology::foundation::iao::tests::test_bootstrap ... ok
test ontology::foundation::iao::tests::test_data_item_hierarchy ... ok
test ontology::foundation::iao::tests::test_ice_exists ... ok
test ontology::foundation::iao::tests::test_terms_vec ... ok
test ontology::foundation::pato::tests::test_bootstrap ... ok
test ontology::foundation::pato::tests::test_quality_exists ... ok
test ontology::foundation::pato::tests::test_terms_vec ... ok
test ontology::foundation::schema_org::tests::test_bootstrap ... ok
test ontology::foundation::schema_org::tests::test_dataset_hierarchy ... ok
test ontology::foundation::schema_org::tests::test_terms_vec ... ok
test ontology::foundation::schema_org::tests::test_thing_exists ... ok
test ontology::foundation::tests::test_cosine_similarity ... ok
test ontology::foundation::tests::test_curation_status_confidence ... ok
test ontology::foundation::tests::test_mapping_predicate_confidence ... ok
test ontology::foundation::tests::test_ontology_stats ... ok
test ontology::foundation::uo::tests::test_bootstrap ... ok
test ontology::foundation::uo::tests::test_dimensional_compatibility ... ok
test ontology::foundation::uo::tests::test_meter_exists ... ok
test ontology::foundation::uo::tests::test_terms_vec ... ok
test ontology::llm_gen::generator::tests::test_extract_json_from_response ... ok
test ontology::llm_gen::generator::tests::test_extracted_term ... ok
test ontology::llm_gen::generator::tests::test_generated_fragment_empty ... ok
test ontology::llm_gen::generator::tests::test_generated_fragment_with_classes ... ok
test ontology::llm_gen::generator::tests::test_generation_config_builder ... ok
test ontology::llm_gen::generator::tests::test_generation_config_default ... ok
test ontology::llm_gen::generator::tests::test_llm_provenance ... ok
test ontology::llm_gen::sounio_codegen::tests::test_local_name ... ok
test ontology::llm_gen::sounio_codegen::tests::test_to_field_name ... ok
test ontology::llm_gen::sounio_codegen::tests::test_to_pascal_case ... ok
test ontology::distance::spectral::tests::test_spectral_distance_symmetric ... ok
test ontology::llm_gen::validator::tests::test_empty_fragment_valid ... ok
test ontology::llm_gen::validator::tests::test_low_confidence_warning ... ok
test ontology::llm_gen::validator::tests::test_quality_score ... ok
test ontology::llm_gen::validator::tests::test_missing_definition_suggestion ... ok
test ontology::llm_gen::validator::tests::test_snake_case_naming ... ok
test ontology::distance::spectral::tests::test_spectral_siblings_closer_than_cousins ... ok
test ontology::llm_gen::validator::tests::test_unknown_bfo_class ... ok
test ontology::foundation::tests::test_bootstrap_loads ... ok
test ontology::llm_gen::validator::tests::test_to_camel_case ... ok
test ontology::llm_gen::validator::tests::test_very_low_confidence_error ... ok
test ontology::loader::bioportal::tests::test_bioportal_class_parsing ... ok
test ontology::loader::bioportal::tests::test_search_result_parsing ... ok
test ontology::loader::loader_cache::tests::test_cache_operations ... ok
test ontology::loader::obo_parser::tests::test_obsolete_term_handling ... ok
test ontology::loader::obo_parser::tests::test_parse_def ... ok
test ontology::loader::obo_parser::tests::test_parse_header ... ok
test ontology::loader::obo_parser::tests::test_parse_id ... ok
test ontology::loader::obo_parser::tests::test_parse_relationship ... ok
test ontology::loader::loader_cache::tests::test_batch_insert ... ok
test ontology::loader::obo_parser::tests::test_parse_simple_obo ... ok
test ontology::loader::obo_parser::tests::test_parse_synonym ... ok
test ontology::loader::optimized::tests::test_bloom_filter ... ok
test ontology::loader::optimized::tests::test_iri_interner ... ok
test ontology::distance::spectral::tests::test_semantic_distance_bounds ... ok
test ontology::loader::tests::test_iri_from_curie ... ok
test ontology::distance::spectral::tests::test_spectral_distance_self ... ok
test ontology::loader::optimized::tests::test_subsumption_index ... ok
test ontology::loader::tests::test_loaded_term_creation ... ok
test ontology::loader::tests::test_iri_to_curie ... ok
test ontology::loader::tests::test_ontology_id_from_prefix ... ok
test ontology::distance::spectral::tests::test_heat_kernel_signature ... ok
test ontology::memory::compact::tests::test_compact_term_basic ... ok
test ontology::memory::compact::tests::test_compact_term_builder ... ok
test ontology::memory::compact::tests::test_compact_term_flags ... ok
test ontology::memory::compact::tests::test_compact_term_inline_iri ... ok
test ontology::memory::compact::tests::test_compact_term_matches ... ok
test ontology::memory::compact::tests::test_compact_term_size ... ok
test ontology::memory::compact::tests::test_string_pool ... ok
test ontology::memory::l1_cache::tests::test_l1_access_counting ... ok
test ontology::memory::l1_cache::tests::test_l1_basic_operations ... ok
test ontology::memory::l1_cache::tests::test_l1_eviction ... ok
test ontology::memory::l1_cache::tests::test_l1_remove ... ok
test ontology::memory::l2_cache::tests::test_l2_access_tracking ... ok
test ontology::memory::l2_cache::tests::test_l2_basic_operations ... ok
test ontology::memory::l1_cache::tests::test_l1_stats ... ok
test ontology::memory::l2_cache::tests::test_l2_remove ... ok
test ontology::memory::l2_cache::tests::test_l2_eviction ... ok
test ontology::memory::l3_store::tests::test_l3_basic_operations ... ok
test ontology::memory::l3_store::tests::test_l3_batch_get ... ok
test ontology::memory::l3_store::tests::test_l3_builder ... ok
test ontology::memory::l3_store::tests::test_l3_remove ... ok
test ontology::memory::tests::test_stats_display ... ok
test ontology::native::downloader::tests::test_core_ontologies ... ok
test ontology::memory::l3_store::tests::test_l3_batch_insert ... ok
test ontology::distance::spectral::tests::test_fiedler_value ... ok
test ontology::native::downloader::tests::test_curie_to_iri ... ok
test ontology::memory::tests::test_tiered_memory_cold ... ok
test ontology::memory::tests::test_tiered_memory_basic ... ok
test ontology::native::downloader::tests::test_iri_to_curie ... ok
test ontology::native::hierarchy::tests::test_ancestor_check ... ok
test ontology::native::hierarchy::tests::test_get_ancestors ... ok
test ontology::native::hierarchy::tests::test_sparse_table_basic ... ok
test ontology::native::hierarchy::tests::test_sparse_table_single ... ok
test ontology::native::storage::tests::test_concept_entry_roundtrip ... ok
test ontology::native::storage::tests::test_string_table ... ok
test ontology::native::storage::tests::test_string_table_roundtrip ... ok
test ontology::native::tests::test_registry_creation ... ok
test ontology::primitive::tests::test_bfo_get_term ... ok
test ontology::primitive::tests::test_bfo_self_subsumption ... ok
test ontology::primitive::tests::test_ro_inverse ... ok
test ontology::primitive::tests::test_bfo_subsumption ... ok
test ontology::primitive::tests::test_cob_bfo_parent ... ok
test ontology::memory::l3_store::tests::test_l3_stats ... ok
test ontology::sssom::tests::test_find_best_mapping ... ok
test ontology::sssom::tests::test_mapping_predicate_parse ... ok
test ontology::sssom::tests::test_mapping_predicate_reverse ... ok
test ontology::sssom::tests::test_mapping_set_prefixes ... ok
test ontology::sssom::tests::test_parse_sssom_string ... ok
test ontology::sssom::tests::test_sssom_mapping_creation ... ok
test ontology::sssom::tests::test_sssom_mapping_reverse ... ok
test ontology::tests::test_infer_ontology_ref ... ok
test ontology::tests::test_ontology_layer_priority ... ok
test ontology::tests::test_parse_curie ... ok
test ontology::tests::test_parse_iri ... ok
test ontology::tests::test_parse_obo_style ... ok
test ontology::topology::persistent::tests::test_diagram_components ... ok
test ontology::topology::persistent::tests::test_persistent_homology_analysis ... ok
test ontology::topology::persistent::tests::test_rips_edges ... ok
test ontology::topology::persistent::tests::test_rips_vertices ... ok
test ontology::topology::persistent::tests::test_topological_feature_persistence ... ok
test ontology::version::deprecation::tests::test_check_deprecated ... ok
test ontology::version::deprecation::tests::test_check_not_deprecated ... ok
test ontology::version::deprecation::tests::test_from_diff ... ok
test ontology::version::deprecation::tests::test_has_errors ... ok
test ontology::version::deprecation::tests::test_migration_guide ... ok
test ontology::version::deprecation::tests::test_replacement_alternatives ... ok
test ontology::version::deprecation::tests::test_suppressed ... ok
test ontology::version::deprecation::tests::test_warning_format ... ok
test ontology::version::deprecation::tests::test_warnings_as_errors ... ok
test ontology::version::diff::tests::test_diff_added_term ... ok
test ontology::version::diff::tests::test_diff_deprecated_with_replacement ... ok
test ontology::version::diff::tests::test_diff_deprecated_without_replacement ... ok
test ontology::version::diff::tests::test_diff_modified_label ... ok
test ontology::version::diff::tests::test_diff_removed_term ... ok
test ontology::version::diff::tests::test_diff_summary ... ok
test ontology::version::diff::tests::test_diff_superclass_removed ... ok
test ontology::version::diff::tests::test_empty_diff ... ok
test ontology::resolver::tests::test_exists ... ok
test ontology::resolver::tests::test_same_term_equivalent ... ok
test ontology::resolver::tests::test_subsumption_bfo ... ok
test ontology::version::manifest::tests::test_duplicate_entry_error ... ok
test ontology::version::manifest::tests::test_new_manifest ... ok
test ontology::version::manifest::tests::test_check_updates ... ok
test ontology::resolver::tests::test_caching ... ok
test ontology::version::resolver::tests::test_no_satisfying_version ... ok
test ontology::version::manifest::tests::test_parse_manifest ... ok
test ontology::version::manifest::tests::test_ontology_source_parse ... ok
test ontology::version::manifest::tests::test_remove_entry ... ok
test ontology::resolver::tests::test_resolve_bfo ... ok
test ontology::version::resolver::tests::test_parse_constraint_any ... ok
test ontology::version::resolver::tests::test_parse_constraint_caret ... ok
test ontology::version::resolver::tests::test_parse_constraint_exact ... ok
test ontology::version::manifest::tests::test_roundtrip ... ok
test ontology::version::resolver::tests::test_parse_constraint_gte ... ok
test ontology::version::resolver::tests::test_parse_constraint_tilde ... ok
test ontology::version::resolver::tests::test_parse_date_wildcard ... ok
test ontology::version::resolver::tests::test_resolve_multiple ... ok
test ontology::version::resolver::tests::test_resolve_single ... ok
test ontology::version::resolver::tests::test_satisfies_caret ... ok
test ontology::version::resolver::tests::test_satisfies_date_wildcard ... ok
test ontology::resolver::tests::test_term_not_found ... ok
test ontology::version::resolver::tests::test_satisfies_exact ... ok
test ontology::version::resolver::tests::test_satisfies_tilde ... ok
test ontology::version::tests::test_checksum_parse ... ok
test ontology::version::tests::test_checksum_display ... ok
test ontology::version::resolver::tests::test_topological_sort ... ok
test ontology::version::tests::test_parse_date_version ... ok
test ontology::version::tests::test_parse_semver ... ok
test ontology::version::tests::test_parse_semver_with_prerelease ... ok
test ontology::version::tests::test_parse_semver_with_v ... ok
test ontology::version::tests::test_parse_tag ... ok
test ontology::version::tests::test_prerelease_less_than_release ... ok
test ontology::version::tests::test_version_comparison_dates ... ok
test ontology::version::tests::test_version_comparison_semver ... ok
test optimizer::epistemic::tests::test_epistemic_metadata ... ok
test optimizer::epistemic::tests::test_epsilon_context ... ok
test optimizer::epistemic::tests::test_evaluate_epsilon_condition_ge ... ok
test optimizer::epistemic::tests::test_evaluate_epsilon_condition_lt ... ok
test optimizer::epistemic::tests::test_infer_epsilon_binary ... ok
test optimizer::epistemic::tests::test_infer_epsilon_division_degradation ... ok
test optimizer::epistemic::tests::test_infer_epsilon_literal ... ok
test optimizer::epistemic::tests::test_infer_epsilon_local ... ok
test optimizer::epistemic::tests::test_optimizer_creation ... ok
test optimizer::epistemic::tests::test_optimizer_with_config ... ok
test optimizer::epistemic::tests::test_provenance_merger ... ok
test optimizer::epistemic::tests::test_statistics ... ok
test parser::errors::tests::test_gadt_missing_return_type_error ... ok
test parser::errors::tests::test_gadt_return_type_mismatch_error ... ok
test parser::errors::tests::test_refinement_type_error ... ok
test parser::errors::tests::test_rust_macro_alternatives ... ok
test parser::errors::tests::test_rust_mut_ref_error ... ok
test parser::recovery::tests::test_nesting_depth ... ok
test parser::recovery::tests::test_recovery_state ... ok
test parser::recovery::tests::test_sync_helpers ... ok
test parser::tests::doc_units::tests::test_unit_definitions_parse ... ok
test parser::tests::epistemic::tests::test_counterfactual_expr ... ok
test parser::tests::epistemic::tests::test_do_expr_multiple_interventions ... ok
test parser::tests::epistemic::tests::test_do_expr_simple ... ok
test parser::tests::doc_units::tests::test_inner_doc_and_fn_doc ... ok
test parser::tests::epistemic::tests::test_knowledge_expr_constructor ... ok
test parser::tests::epistemic::tests::test_knowledge_expr_constructor_full ... ok
test parser::tests::epistemic::tests::test_knowledge_expr_struct_syntax ... ok
test parser::tests::epistemic::tests::test_knowledge_expr_with_epsilon ... ok
test parser::tests::epistemic::tests::test_knowledge_type_simple ... ok
test parser::tests::epistemic::tests::test_knowledge_type_with_epsilon ... ok
test parser::tests::epistemic::tests::test_knowledge_type_with_provenance ... ok
test parser::tests::epistemic::tests::test_knowledge_type_with_validity ... ok
test parser::tests::epistemic::tests::test_ontology_type_simple ... ok
test parser::tests::epistemic::tests::test_observe_expr_comma ... ok
test parser::tests::epistemic::tests::test_ontology_type_with_term ... ok
test parser::tests::epistemic::tests::test_quantity_type_compound_unit ... ok
test parser::tests::epistemic::tests::test_observe_expr_tilde ... ok
test parser::tests::epistemic::tests::test_quantity_type_simple ... ok
test parser::tests::epistemic::tests::test_query_expr_conditional ... ok
test parser::tests::epistemic::tests::test_tensor_type_named_dims ... ok
test parser::tests::epistemic::tests::test_query_expr_with_intervention ... ok
test parser::tests::epistemic::tests::test_query_expr_simple ... ok
test parser::tests::error_messages::tests::test_error_has_code ... ok
test parser::tests::epistemic::tests::test_tensor_type_fixed_dims ... ok
test parser::tests::error_messages::tests::test_invalid_pattern ... ok
test parser::tests::error_messages::tests::test_expression_error_is_helpful ... ok
test parser::tests::error_messages::tests::test_if_at_module_level ... ok
test parser::tests::error_messages::tests::test_literal_at_module_level ... ok
test parser::tests::error_messages::tests::test_module_level_error_has_code ... ok
test parser::tests::error_messages::tests::test_rust_mut_reference_compatibility ... ok
test parser::tests::error_messages::tests::test_return_at_module_level ... ok
test parser::tests::error_messages::tests::test_shared_reference ... ok
test parser::tests::error_messages::tests::test_sounio_mutable_reference_syntax ... ok
test parser::tests::error_messages::tests::test_semicolon_instead_of_type ... ok
test parser::tests::error_messages::tests::test_unexpected_operator_in_type ... ok
test parser::tests::gadt::tests::test_gadt_expr_type ... ok
test parser::tests::error_messages::tests::test_unexpected_semicolon_in_expr ... ok
test parser::tests::error_messages::tests::test_type_error_mentions_valid_types ... ok
test parser::tests::error_messages::tests::test_unexpected_closing_bracket ... ok
test parser::tests::gadt::tests::test_gadt_multiple_variants ... ok
test parser::tests::gadt::tests::test_gadt_no_whitespace ... ok
test parser::tests::gadt::tests::test_gadt_trailing_comma ... ok
test parser::tests::gadt::tests::test_gadt_struct_variant ... ok
test parser::tests::gadt::tests::test_gadt_tuple_variant ... ok
test parser::tests::gadt::tests::test_gadt_nested_type_args ... ok
test parser::tests::gadt::tests::test_gadt_type_equality ... ok
test parser::tests::gadt::tests::test_gadt_with_const_generic ... ok
test parser::tests::gadt::tests::test_mixed_adt_and_gadt_variants ... ok
test parser::tests::gadt::tests::test_regular_adt_unchanged ... ok
test parser::tests::gadt::tests::test_gadt_unit_variant ... ok
test parser::tests::gadt::tests::test_regular_struct_variant ... ok
test parser::tests::macro_invocation::tests::test_macro_in_binary_expr ... ok
test parser::tests::macro_invocation::tests::test_macro_in_item ... ok
test parser::tests::macro_invocation::tests::test_macro_in_statement ... ok
test parser::tests::macro_invocation::tests::test_macro_name_with_underscore ... ok
test parser::tests::macro_invocation::tests::test_macro_with_braces ... ok
test parser::tests::macro_invocation::tests::test_macro_in_function_call ... ok
test parser::tests::macro_invocation::tests::test_macro_with_multiple_args ... ok
test parser::tests::macro_invocation::tests::test_macro_with_parentheses ... ok
test parser::tests::macro_invocation::tests::test_macro_with_complex_args ... ok
test parser::tests::macro_invocation::tests::test_macro_with_empty_args ... ok
test parser::tests::macro_invocation::tests::test_simple_macro_invocation_expr ... ok
test parser::tests::refinement::tests::test_refinement_as_generic_arg ... ok
test parser::tests::macro_invocation::tests::test_nested_macro_invocation ... ok
test parser::tests::refinement::tests::test_refinement_in_type_alias_syntax ... ok
test parser::tests::refinement::tests::test_refinement_missing_colon ... ok
test parser::tests::refinement::tests::test_refinement_missing_closing_brace ... ok
test parser::tests::refinement::tests::test_refinement_missing_pipe ... ok
test parser::tests::refinement::tests::test_refinement_type_bounded_range ... ok
test parser::tests::refinement::tests::test_refinement_missing_predicate ... ok
test parser::tests::refinement::tests::test_refinement_type_f32 ... ok
test parser::tests::refinement::tests::test_refinement_type_equality ... ok
test parser::tests::refinement::tests::test_refinement_type_non_negative ... ok
test parser::tests::refinement::tests::test_refinement_type_not_equal ... ok
test parser::tests::refinement::tests::test_refinement_type_or_predicate ... ok
test parser::tests::refinement::tests::test_refinement_type_safe_dose ... ok
test parser::tests::refinement::tests::test_refinement_type_valid_age ... ok
test parser::tests::refinement::tests::test_refinement_type_float_bounds ... ok
test parser::tests::refinement::tests::test_refinement_type_positive_int ... ok
test parser::tests::refinement::tests::test_refinement_type_probability ... ok
test parser::tests::refinement::tests::test_refinement_with_multiplication ... ok
test parser::tests::refinement::tests::test_refinement_with_arithmetic ... ok
test pkg::auth::tests::test_credentials_store ... ok
test ontology::loader::loader_cache::tests::test_cache_persistence ... ok
test pkg::auth::tests::test_list_registries ... ok
test pkg::auth::tests::test_remove_token ... ok
test pkg::auth::tests::test_validate_token ... ok
test pkg::build::tests::test_build_profile ... ok
test pkg::cache::tests::test_format_size ... ok
test pkg::cache::tests::test_cache_stats ... ok
test pkg::cache::tests::test_cache_operations ... ok
test pkg::cli::tests::test_cmd_new_creates_project ... ok
test pkg::auth::tests::test_credentials_save_load ... ok
test pkg::auth::tests::test_token_manager ... ok
test pkg::manifest::tests::test_valid_package_names ... ok
test pkg::cache::tests::test_cache_index_serialization ... ok
test pkg::manifest::tests::test_version_parse ... ok
test pkg::cli::tests::test_cmd_new_library ... ok
test pkg::manifest::tests::test_version_req_caret ... ok
test pkg::manifest::tests::test_version_req_tilde ... ok
test pkg::registry::tests::test_default_registry ... ok
test profiling::tests::test_format_duration ... ok
test pkg::manifest::tests::test_manifest_parse ... ok
test profiling::tests::test_format_memory ... ok
test profiling::tests::test_profiler_disabled_by_default ... ok
test profiling::tests::test_profiler_enable_disable ... ok
test pkg::resolver::tests::test_lockfile_roundtrip ... ok
test quantum::amplitude::tests::test_addition_variance_propagation ... ok
test quantum::amplitude::tests::test_amplitude_creation ... ok
test quantum::amplitude::tests::test_conjugate ... ok
test quantum::amplitude::tests::test_from_polar ... ok
test quantum::amplitude::tests::test_gate_error_addition ... ok
test quantum::amplitude::tests::test_hadamard_gate ... ok
test quantum::amplitude::tests::test_multiplication_variance_propagation ... ok
test quantum::amplitude::tests::test_normalize ... ok
test quantum::amplitude::tests::test_pauli_x_gate ... ok
test quantum::amplitude::tests::test_pauli_z_gate ... ok
test quantum::amplitude::tests::test_phase ... ok
test quantum::amplitude::tests::test_probability ... ok
test quantum::amplitude::tests::test_rx_gate_no_variance ... ok
test quantum::amplitude::tests::test_rx_gate_with_variance ... ok
test quantum::amplitude::tests::test_ry_gate ... ok
test quantum::amplitude::tests::test_rz_gate ... ok
test quantum::amplitude::tests::test_scalar_multiplication ... ok
test quantum::amplitude::tests::test_zero_one_constants ... ok
test quantum::circuit::tests::test_circuit_builder_basic ... ok
test quantum::circuit::tests::test_bell_state ... ok
test quantum::circuit::tests::test_circuit_execution ... ok
test quantum::circuit::tests::test_ghz_state ... ok
test quantum::circuit::tests::test_circuit_stats ... ok
test quantum::circuit::tests::test_parameter_gradient ... ok
test quantum::circuit::tests::test_variational_circuit ... ok
test quantum::epistemic_vqe::tests::test_active_inference_metrics ... ok
test quantum::epistemic_vqe::tests::test_beta_quantum_parameter ... ok
test quantum::circuit::tests::test_hardware_efficient_ansatz ... ok
test quantum::epistemic_vqe::tests::test_chemical_accuracy_check ... ok
test quantum::epistemic_vqe::tests::test_credible_interval ... ok
test quantum::epistemic_vqe::tests::test_energy_combination ... ok
test quantum::epistemic_vqe::tests::test_epistemic_energy ... ok
test quantum::epistemic_vqe::tests::test_epistemic_vqe_creation ... ok
test quantum::epistemic_vqe::tests::test_variance_breakdown ... ok
test quantum::gates::tests::test_cnot_application ... ok
test quantum::epistemic_vqe::tests::test_epistemic_vqe_energy_evaluation ... ok
test quantum::gates::tests::test_gate_constructors ... ok
test quantum::gates::tests::test_gate_error_rates ... ok
test quantum::gates::tests::test_gate_with_error ... ok
test quantum::gates::tests::test_hadamard_application ... ok
test quantum::gates::tests::test_pauli_x_application ... ok
test quantum::gates::tests::test_rz_application ... ok
test quantum::gpu_quantum::tests::test_combine_batch_results ... ok
test quantum::gpu_quantum::tests::test_batched_vqe ... ok
test quantum::gpu_quantum::tests::test_gpu_circuit_execution ... ok
test quantum::gpu_quantum::tests::test_gpu_config_max_qubits ... ok
test quantum::gpu_quantum::tests::test_gpu_state_vector ... ok
test quantum::gpu_quantum::tests::test_memory_pool ... ok
test quantum::gpu_quantum::tests::test_single_qubit_kernel_ry ... ok
test quantum::gpu_quantum::tests::test_monte_carlo_variance ... ok
test quantum::gpu_quantum::tests::test_two_qubit_kernel_cnot ... ok
test quantum::gpu_quantum::tests::test_parameter_sweep ... ok
test quantum::hamiltonian::tests::test_commuting_groups ... ok
test quantum::hamiltonian::tests::test_h2_expectation_z_basis ... ok
test quantum::hamiltonian::tests::test_h2_expected_ground_state ... ok
test quantum::epistemic_vqe::tests::test_provenance_tracking ... ok
test quantum::hamiltonian::tests::test_h2_hamiltonian ... ok
test quantum::hamiltonian::tests::test_h2_variance ... ok
test quantum::hamiltonian::tests::test_measurement_basis ... ok
test quantum::hamiltonian::tests::test_pauli_eigenvalues ... ok
test quantum::hamiltonian::tests::test_pauli_string_commutation ... ok
test quantum::hamiltonian::tests::test_pauli_string_identity ... ok
test quantum::hamiltonian::tests::test_pauli_string_z ... ok
test quantum::epistemic_vqe::tests::test_epistemic_vqe_optimization ... ok
test quantum::hamiltonian::tests::test_pauli_string_zz ... ok
test quantum::hamiltonian::tests::test_relative_error ... ok
test quantum::hamiltonian::tests::test_vqe_result_accuracy ... ok
test quantum::hamiltonian::tests::test_vqe_result_confidence_interval ... ok
test quantum::hamiltonian::tests::test_vqe_result_formatting ... ok
test quantum::noise::tests::test_amplitude_damping ... ok
test quantum::hamiltonian::tests::test_lih_hamiltonian ... ok
test quantum::noise::tests::test_coherence_time_noise ... ok
test quantum::noise::tests::test_depolarizing_noise ... ok
test quantum::noise::tests::test_ideal_noise ... ok
test quantum::noise::tests::test_nisq_noise_model ... ok
test quantum::noise::tests::test_noise_fidelity ... ok
test quantum::noise::tests::test_readout_error ... ok
test quantum::pennylane::tests::test_confidence_interval ... ok
test quantum::pennylane::tests::test_epistemic_param ... ok
test quantum::pennylane::tests::test_epistemic_gradients ... ok
test quantum::pennylane::tests::test_expectation_z ... ok
test quantum::pennylane::tests::test_forward_pass ... ok
test quantum::pennylane::tests::test_h2_hamiltonian ... ok
test quantum::pennylane::tests::test_gradient_computation ... ok
test quantum::pennylane::tests::test_hamiltonian_expectation ... ok
test quantum::pennylane::tests::test_layer_types ... ok
test quantum::pennylane::tests::test_provenance_tracking ... ok
test quantum::pennylane::tests::test_variational_circuit_creation ... ok
test quantum::pennylane::tests::test_variational_layer ... ok
test quantum::states::tests::test_complex_operations ... ok
test quantum::states::tests::test_density_matrix_mixed ... ok
test quantum::states::tests::test_density_matrix_pure ... ok
test quantum::states::tests::test_epistemic_qubit ... ok
test quantum::pennylane::tests::test_vqe_optimization ... ok
test quantum::states::tests::test_fidelity ... ok
test quantum::states::tests::test_qubit_state_variance ... ok
test quantum::states::tests::test_state_vector_plus ... ok
test quantum::states::tests::test_state_vector_zero ... ok
test quantum::uccsd::tests::test_double_excitation_paulis ... ok
test quantum::uccsd::tests::test_fermionic_string ... ok
test quantum::uccsd::tests::test_hf_state_preparation ... ok
test quantum::uccsd::tests::test_jordan_wigner_single ... ok
test quantum::uccsd::tests::test_molecular_system_h2 ... ok
test quantum::uccsd::tests::test_param_set_get ... ok
test quantum::uccsd::tests::test_provenance_tracking ... ok
test quantum::uccsd::tests::test_lih_system ... ok
test quantum::uccsd::tests::test_trotter_steps ... ok
test quantum::uccsd::tests::test_uccsd_circuit_creation ... ok
test quantum::states::tests::test_epistemic_measurement ... ok
test quantum::uccsd::tests::test_uccsd_energy ... ok
test quantum::uccsd::tests::test_uccsd_execution ... ok
test quantum::uccsd::tests::test_uccsd_param_count ... ok
test quantum::uccsd::tests::test_uccsd_gradients ... ok
test profiling::tests::test_phase_recording ... ok
test quantum::vqe::tests::test_chemical_accuracy ... ok
test profiling::tests::test_nested_phases ... ok
test quantum::vqe::tests::test_h2_hamiltonian ... ok
test quantum::uccsd::tests::test_uccsd_vqe_optimization ... ok
test quantum::vqe::tests::test_ising_hamiltonian ... ok
test quantum::vqe::tests::test_pauli_term_z ... ok
test quantum::vqe::tests::test_pauli_term_zz ... ok
test quantum::vqe::tests::test_qaoa_maxcut ... ok
test quantum::vqe::tests::test_vqe_result_confidence_interval ... ok
test quantum::vqe::tests::test_vqe_h2_energy_evaluation ... ok
test refactor::extract::tests::test_extract_constant_new ... ok
test refactor::extract::tests::test_extract_function_new ... ok
test refactor::extract::tests::test_extract_function_public ... ok
test refactor::extract::tests::test_extract_kind_display ... ok
test refactor::extract::tests::test_extract_variable_mutable ... ok
test refactor::extract::tests::test_extract_variable_new ... ok
test refactor::extract::tests::test_infer_literal_type ... ok
test refactor::tests::test_is_reserved_keyword ... ok
test refactor::tests::test_is_valid_identifier ... ok
test refactor::tests::test_multiple_edits ... ok
test refactor::tests::test_text_edit_apply ... ok
test refactor::tests::test_text_edit_delete ... ok
test refactor::tests::test_text_edit_insert ... ok
test refactor::tests::test_validate_new_name ... ok
test refactor::tests::test_workspace_edit ... ok
test refinement::constraint::tests::test_bounds_check_constraint ... ok
test quantum::vqe::tests::test_vqe_h2_optimization ... ok
test refinement::constraint::tests::test_constraint_as_implication ... ok
test refinement::constraint::tests::test_constraint_generator_basic ... ok
test refinement::constraint::tests::test_division_check_constraint ... ok
test refinement::constraint::tests::test_fresh_variable ... ok
test refinement::constraint::tests::test_medical_max_dose ... ok
test refinement::constraint::tests::test_path_conditions ... ok
test refinement::constraint::tests::test_subtype_constraint ... ok
test refinement::constraint::tests::test_trivial_subtype_not_generated ... ok
test refinement::infer::tests::test_add_refined_binding ... ok
test refinement::infer::tests::test_binary_add ... ok
test refinement::infer::tests::test_add_binding ... ok
test refinement::infer::tests::test_binary_mul_positive ... ok
test refinement::infer::tests::test_infer_float_literal ... ok
test refinement::infer::tests::test_infer_int_literal ... ok
test refinement::infer::tests::test_is_positive_refinement ... ok
test refinement::infer::tests::test_infer_bool_literal ... ok
test refinement::infer::tests::test_is_non_negative_refinement ... ok
test refinement::infer::tests::test_fresh_refinement ... ok
test refinement::infer::tests::test_ite_same_branches ... ok
test refinement::infer::tests::test_ite_different_branches ... ok
test refinement::infer::tests::test_patterns_array_index ... ok
test refinement::infer::tests::test_patterns_dose_result ... ok
test refinement::predicate::tests::test_compare_op_negate ... ok
test refinement::predicate::tests::test_array_predicates ... ok
test refinement::infer::tests::test_solve ... ok
test refinement::infer::tests::test_medical_inference ... ok
test refinement::infer::tests::test_stats ... ok
test refinement::predicate::tests::test_free_vars ... ok
test refinement::predicate::tests::test_positive_refinement ... ok
test refinement::predicate::tests::test_medical_refinements ... ok
test refinement::predicate::tests::test_predicate_and_simplification ... ok
test refinement::predicate::tests::test_predicate_or_simplification ... ok
test refinement::predicate::tests::test_predicate_substitution ... ok
test refinement::predicate::tests::test_refinement_type_display ... ok
test refinement::predicate::tests::test_term_substitution ... ok
test refinement::predicate::tests::test_trivial_refinement ... ok
test refinement::qualifiers::tests::test_all_instantiations ... ok
test refinement::qualifiers::tests::test_generate_combinations ... ok
test refinement::qualifiers::tests::test_qualifier_instantiation ... ok
test refinement::qualifiers::tests::test_medical_qualifiers_count ... ok
test refinement::qualifiers::tests::test_qualifier_set_standard ... ok
test refinement::qualifiers::tests::test_qualifier_wrong_arity ... ok
test refinement::qualifiers::tests::test_qualifier_set_by_category ... ok
test refinement::qualifiers::tests::test_qualifier_set_with_medical ... ok
test refinement::qualifiers::tests::test_qualifier_set_with_sedenion ... ok
test refinement::qualifiers::tests::test_sedenion_qualifiers_count ... ok
test refinement::qualifiers::tests::test_sedenion_zero_divisor_qualifier ... ok
test refinement::qualifiers::tests::test_single_param_qualifier ... ok
test refinement::qualifiers::tests::test_qualifier_set_with_all_domains ... ok
test refinement::qualifiers::tests::test_standard_qualifiers_count ... ok
test refinement::qualifiers::tests::test_therapeutic_range_qualifier ... ok
test refinement::qualifiers::tests::test_valid_eeg_signal_qualifier ... ok
test refinement::qualifiers::tests::test_valid_pbpk_qualifier ... ok
test refinement::solver::tests::test_counterexample_display ... ok
test refinement::solver::tests::test_float_to_rational ... ok
test refinement::solver::tests::test_simple_checker_and ... ok
test refinement::solver::tests::test_simple_checker_false ... ok
test refinement::solver::tests::test_simple_checker_implies ... ok
test refinement::solver::tests::test_simple_checker_int_comparison ... ok
test refinement::solver::tests::test_simple_checker_true ... ok
test refinement::solver::tests::test_simple_checker_with_variables ... ok
test refinement::solver::tests::test_verify_result_methods ... ok
test refinement::subtype::tests::test_base_type_mismatch ... ok
test profiling::tests::test_report_generation ... ok
test refinement::subtype::tests::test_bounds_check ... ok
test refinement::subtype::tests::test_check_value ... ok
test refinement::subtype::tests::test_check_value_negative ... ok
test refinement::subtype::tests::test_division_check ... ok
test refinement::subtype::tests::test_function_signature_check ... ok
test refinement::subtype::tests::test_path_conditions ... ok
test refinement::subtype::tests::test_positive_subtype_non_negative ... ok
test refinement::subtype::tests::test_subtype_result_counts ... ok
test refinement::subtype::tests::test_trivial_subtype ... ok
test refinement::subtype::tests::test_with_assumptions ... ok
test repl::tests::test_confidence_badge ... ok
test repl::tests::test_create_repl_diagnostic ... ok
test repl::tests::test_error_location_from_offset ... ok
test repl::tests::test_extract_location_from_error_line_column ... ok
test repl::tests::test_extract_location_from_error_offset ... ok
test repl::tests::test_render_repl_error_basic ... ok
test repl::tests::test_render_repl_error_no_location ... ok
test repl::tests::test_repl_error_kind_properties ... ok
test resolve::module_tree::tests::test_aliased_import ... ok
test resolve::module_tree::tests::test_glob_does_not_overwrite_existing ... ok
test resolve::module_tree::tests::test_glob_import ... ok
test resolve::module_tree::tests::test_module_id_operations ... ok
test resolve::module_tree::tests::test_glob_import_nested_module ... ok
test resolve::module_tree::tests::test_module_item_lookup ... ok
test resolve::module_tree::tests::test_module_not_found ... ok
test resolve::module_tree::tests::test_module_tree_creation ... ok
test resolve::module_tree::tests::test_selective_imports ... ok
test resolve::module_tree::tests::test_reexport ... ok
test resolve::module_tree::tests::test_simple_import ... ok
test resolve::module_tree::tests::test_visibility_check_same_module ... ok
test resolve::module_tree::tests::test_unresolved_import ... ok
test resolve::module_tree::tests::test_transitive_imports ... ok
test resolve::module_tree::tests::test_visibility_error ... ok
test resolve::module_tree::tests::test_visible_items_in_module ... ok
test resolve::resolver::tests::test_forward_reference_in_same_module ... ok
test resolve::resolver::tests::test_forward_reference_chain ... ok
test resolve::resolver::tests::test_forward_reference_with_struct_creation ... ok
test resolve::resolver::tests::test_dotted_module_path_creates_nested_modules ... ok
test resolve::resolver::tests::test_glob_import ... ok
test resolve::resolver::tests::test_import_enum ... ok
test resolve::resolver::tests::test_import_type_alias ... ok
test resolve::resolver::tests::test_import_struct ... ok
test resolve::resolver::tests::test_imported_enum_pattern_match_resolves ... ok
test resolve::resolver::tests::test_import_does_not_shadow_local ... ok
test resolve::resolver::tests::test_import_from_nonexistent_module ... ok
test resolve::resolver::tests::test_import_with_alias ... ok
test resolve::resolver::tests::test_multiple_imports_from_same_module ... ok
test resolve::resolver::tests::test_glob_only_imports_public ... ok
test resolve::resolver::tests::test_nested_module_import ... ok
test resolve::resolver::tests::test_qualified_path ... ok
test resolve::resolver::tests::test_private_item_not_visible ... ok
test resolve::resolver::tests::test_qualified_type_path ... ok
test resolve::resolver::tests::test_reexport ... ok
test resolve::symbols::tests::test_builtin_types ... ok
test resolve::resolver::tests::test_selective_import ... ok
test resolve::resolver::tests::test_undefined_import ... ok
test resolve::symbols::tests::test_scope_nesting ... ok
test rl::game::tests::test_action_mask ... ok
test rl::game::tests::test_player_opponent ... ok
test resolve::resolver::tests::test_qualified_path_private_item ... ok
test resolve::resolver::tests::test_sibling_module_import ... ok
test rl::game::tests::test_tictactoe_draw ... ok
test rl::game::tests::test_tictactoe_features ... ok
test rl::game::tests::test_tictactoe_initial ... ok
test rl::game::tests::test_tictactoe_move ... ok
test rl::game::tests::test_tictactoe_win ... ok
test rl::mcts::tests::test_epistemic_uncertainty ... ok
test rl::mcts::tests::test_mcts_node_creation ... ok
test rl::mcts::tests::test_puct_score ... ok
test rl::mcts::tests::test_mcts_tree_creation ... ok
test resolve::resolver::tests::test_simple_import_from_module ... ok
test rl::muzero::tests::test_dummy_model ... ok
test rl::muzero::tests::test_epistemic_prediction ... ok
test rl::muzero::tests::test_latent_mcts_node ... ok
test rl::muzero::tests::test_latent_state_creation ... ok
test rl::muzero::tests::test_latent_state_hash ... ok
test resolve::symbols::tests::test_shadowing ... ok
test rl::muzero::tests::test_latent_state_uncertainty ... ok
test rl::muzero::tests::test_muzero_target ... ok
test rl::muzero::tests::test_latent_mcts_tree ... ok
test rl::muzero::tests::test_dynamics ... ok
test rl::muzero::tests::test_latent_mcts_action_selection ... ok
test rl::mcts::tests::test_mcts_search ... ok
test rl::muzero::tests::test_uncertainty_propagation ... ok
test rl::neural::tests::test_epistemic_uncertainty ... ok
test rl::neural::tests::test_neural_eval_from_scalars ... ok
test rl::neural::tests::test_policy_entropy ... ok
test rl::neural::tests::test_uniform_network ... ok
test rl::neural::tests::test_policy_value_to_eval ... ok
test rl::refinements::tests::test_cell_constraints ... ok
test rl::refinements::tests::test_chess_cell_constraints ... ok
test rl::muzero::tests::test_tree_advance ... ok
test rl::refinements::tests::test_game_state_refinement ... ok
test rl::refinements::tests::test_go_refinement ... ok
test rl::refinements::tests::test_move_refinement ... ok
test rl::refinements::tests::test_position_bounds ... ok
test rl::refinements::tests::test_position_index_conversion ... ok
test rl::refinements::tests::test_position_refinement_predicate ... ok
test rl::refinements::tests::test_state_repr ... ok
test rl::refinements::tests::test_transition_refinement ... ok
test rl::refinements::tests::test_verifier_creation ... ok
test rl::mcts::tests::test_action_probabilities ... ok
test rl::selfplay::tests::test_temperature_schedule ... ok
test rl::selfplay::tests::test_trajectory_creation ... ok
test runtime::async_runtime::tests::test_async_context ... ok
test runtime::async_runtime::tests::test_bounded_channel_creation ... ok
test runtime::async_runtime::tests::test_bounded_channel_full ... ok
test runtime::async_runtime::tests::test_channel_clone_receiver ... ok
test runtime::async_runtime::tests::test_bounded_channel_zero_capacity - should panic ... ok
test runtime::async_runtime::tests::test_channel_clone_sender ... ok
test runtime::async_runtime::tests::test_channel_close ... ok
test runtime::async_runtime::tests::test_channel_close_with_pending ... ok
test runtime::async_runtime::tests::test_channel_id ... ok
test runtime::async_runtime::tests::test_channel_send_recv ... ok
test runtime::async_runtime::tests::test_channel_try_recv ... ok
test runtime::async_runtime::tests::test_global_runtime ... ok
test runtime::async_runtime::tests::test_init_scheduler ... ok
test runtime::async_runtime::tests::test_join3_convenience ... ok
test runtime::async_runtime::tests::test_join_from_handles ... ok
test runtime::async_runtime::tests::test_join_future_completion ... ok
test runtime::async_runtime::tests::test_join_future_creation ... ok
test runtime::async_runtime::tests::test_run_scheduler ... ok
test runtime::async_runtime::tests::test_runtime_block_on ... ok
test runtime::async_runtime::tests::test_runtime_spawn ... ok
test runtime::async_runtime::tests::test_schedule_global ... ok
test runtime::async_runtime::tests::test_scheduler_creation ... ok
test runtime::async_runtime::tests::test_scheduler_poll ... ok
test runtime::async_runtime::tests::test_scheduler_priority ... ok
test runtime::async_runtime::tests::test_scheduler_run_until_stalled ... ok
test runtime::async_runtime::tests::test_scheduler_schedule ... ok
test runtime::async_runtime::tests::test_scheduler_stats ... ok
test runtime::async_runtime::tests::test_scheduler_suspension ... ok
test runtime::async_runtime::tests::test_scheduler_wake_dependents ... ok
test runtime::async_runtime::tests::test_select3_convenience ... ok
test runtime::async_runtime::tests::test_select_from_handles ... ok
test runtime::async_runtime::tests::test_select_future_creation ... ok
test runtime::async_runtime::tests::test_select_future_first_completion ... ok
test runtime::async_runtime::tests::test_select_only_first_wins ... ok
test runtime::async_runtime::tests::test_sounio_future_complete ... ok
test runtime::async_runtime::tests::test_sounio_future_ready ... ok
test runtime::async_runtime::tests::test_unbounded_channel_creation ... ok
test runtime::causal::tests::test_ancestors_descendants ... ok
test runtime::causal::tests::test_ate_estimation ... ok
test runtime::causal::tests::test_backdoor_simple ... ok
test runtime::causal::tests::test_causal_model ... ok
test runtime::causal::tests::test_correlation ... ok
test runtime::causal::tests::test_dag_acyclicity ... ok
test runtime::causal::tests::test_dag_creation ... ok
test runtime::causal::tests::test_evidence ... ok
test runtime::causal::tests::test_has_path ... ok
test runtime::causal::tests::test_topological_order ... ok
test runtime::discover::tests::test_compute_derivatives ... ok
test runtime::discover::tests::test_discovered_model_display ... ok
test runtime::discover::tests::test_dynamics_library ... ok
test runtime::discover::tests::test_least_squares_simple ... ok
test runtime::discover::tests::test_library_creation ... ok
test runtime::discover::tests::test_library_evaluation ... ok
test rl::selfplay::tests::test_to_training_examples ... ok
test runtime::discover::tests::test_normalize_columns ... ok
test runtime::einsum::tests::test_diagonal ... ok
test runtime::einsum::tests::test_batched_matmul ... ok
test runtime::einsum::tests::test_einsum_dot ... ok
test runtime::einsum::tests::test_einsum_matmul ... ok
test rl::selfplay::tests::test_play_game ... ok
test runtime::einsum::tests::test_einsum_outer ... ok
test runtime::einsum::tests::test_einsum_trace ... ok
test runtime::einsum::tests::test_einsum_transpose ... ok
test runtime::einsum::tests::test_parse_matmul ... ok
test runtime::einsum::tests::test_parse_trace ... ok
test runtime::einsum::tests::test_sum_axis ... ok
test runtime::einsum::tests::test_trace_fn ... ok
test runtime::einsum::tests::test_transpose_fn ... ok
test runtime::einsum::tests::test_tensordot ... ok
test runtime::einsum::tests::test_validate ... ok
test runtime::einsum::tests::test_validate_mismatch ... ok
test runtime::epistemic::tests::test_compact_knowledge ... ok
test runtime::epistemic::tests::test_confidence_combine ... ok
test rl::selfplay::tests::test_selfplay_stats ... ok
test runtime::epistemic::tests::test_confidence_quantization ... ok
test runtime::epistemic::tests::test_epistemic_mode_size ... ok
test runtime::discover::tests::test_sindy_linear ... ok
test runtime::epistemic::tests::test_epistemic_runtime ... ok
test runtime::epistemic::tests::test_erased_knowledge ... ok
test runtime::epistemic::tests::test_full_knowledge ... ok
test runtime::epistemic::tests::test_full_knowledge_map ... ok
test runtime::epistemic::tests::test_full_to_compact ... ok
test runtime::epistemic::tests::test_runtime_confidence ... ok
test runtime::ffi::ffi_chiuratto::tests::compat_handler_stub ... ok
test runtime::elf::tests::test_emit_hello_world ... ok
test runtime::ffi::ffi_chiuratto::tests::compat_replace_and_as_ptr ... ok
test runtime::ffi::ffi_chiuratto::tests::compat_starts_with_and_contains ... ok
test runtime::gpu_bridge::tests::test_bridge_creation ... ok
test runtime::gpu_bridge::tests::test_bridge_stats ... ok
test runtime::gpu_bridge::tests::test_buffer_allocation ... ok
test runtime::gpu_bridge::tests::test_invalid_buffer_id ... ok
test runtime::gpu_bridge::tests::test_kernel_not_found ... ok
test runtime::gpu_bridge::tests::test_multiple_buffers ... ok
test runtime::gpu_bridge::tests::test_simulated_kernel_load ... ok
test runtime::gpu_epistemic::tests::test_aos_to_soa ... ok
test runtime::gpu_epistemic::tests::test_simd_mean ... ok
test runtime::gpu_epistemic::tests::test_gpu_array_layout_selection ... ok
test runtime::gpu_epistemic::tests::test_memory_layout_recommend ... ok
test runtime::gpu_epistemic::tests::test_soa_basic ... ok
test runtime::gpu_epistemic::tests::test_simd_ops ... ok
test runtime::gpu_epistemic::tests::test_soa_filter ... ok
test runtime::gpu_epistemic::tests::test_soa_to_aos ... ok
test runtime::gpu_executor::tests::test_error_display ... ok
test runtime::gpu_executor::tests::test_device_info_default ... ok
test runtime::gpu_executor::tests::test_launch_config_1d ... ok
test runtime::gpu_executor::tests::test_launch_config_2d ... ok
test runtime::gpu_scientific::tests::test_data_type_sizes ... ok
test ml::scientific_models::tests::test_model_loading ... ok
test runtime::gpu_scientific::tests::test_launch_config ... ok
test runtime::gpu_scientific::tests::test_kernel_manager ... ok
test runtime::gpu_scientific::tests::test_matmul_kernel_metal ... ok
test runtime::gpu_scientific::tests::test_matmul_kernel_wgsl ... ok
test runtime::gpu_scientific::tests::test_monte_carlo_kernel ... ok
test runtime::gpu_scientific::tests::test_ode_kernel ... ok
test runtime::gpu_scientific::tests::test_reduction_kernel ... ok
test runtime::gpu_scientific::tests::test_stencil_kernel ... ok
test runtime::handler_stack::tests::test_dispatch_functions ... ok
test runtime::handler_stack::tests::test_global_handler_stack ... ok
test runtime::handler_stack::tests::test_handler_dispatch_div ... ok
test runtime::handler_stack::tests::test_handler_dispatch_io ... ok
test runtime::handler_stack::tests::test_handler_dispatch_mut ... ok
test runtime::handler_stack::tests::test_handler_stack_find ... ok
test runtime::handler_stack::tests::test_handler_stack_push_pop ... ok
test runtime::handler_stack::tests::test_mut_dispatch ... ok
test runtime::ode::tests::test_rk45_exponential_decay ... ok
test runtime::pde::tests::test_domain_1d ... ok
test runtime::ode::tests::test_lotka_volterra ... ok
test runtime::ode::tests::test_euler_exponential_decay ... ok
test runtime::pde::tests::test_heat_2d ... ok
test runtime::pde::tests::test_advection ... ok
test runtime::ode::tests::test_interpolation ... ok
test runtime::ode::tests::test_rk4_exponential_decay ... ok
test runtime::pde::tests::test_heat_equation_crank_nicolson ... ok
test runtime::pde::tests::test_heat_equation_explicit ... ok
test runtime::prob::tests::test_observe ... ok
test runtime::prob::tests::test_rng ... ok
test runtime::prob::tests::test_trace_statistics ... ok
test runtime::prob::tests::test_log_prob_normal ... ok
test runtime::runtime::tests::test_runtime_codegen_registers_offsets ... ok
test runtime::stiff::tests::test_bdf_coefficients ... ok
test runtime::prob::tests::test_gamma_sampling ... ok
test runtime::stiff::tests::test_implicit_euler_simple ... ok
test runtime::prob::tests::test_beta_distribution ... ok
test runtime::pde::tests::test_wave_equation ... ok
test runtime::stiff::tests::test_rosenbrock ... ok
test runtime::symbolic::tests::test_compile_expr ... ok
test runtime::symbolic::tests::test_differentiate_const ... ok
test runtime::prob::tests::test_normal_distribution ... ok
test runtime::stiff::tests::test_lu_decomposition ... ok
test runtime::symbolic::tests::test_differentiate_power ... ok
test runtime::symbolic::tests::test_differentiate_var ... ok
test runtime::symbolic::tests::test_differentiate_sin ... ok
test runtime::symbolic::tests::test_differentiate_product ... ok
test runtime::symbolic::tests::test_display ... ok
test runtime::symbolic::tests::test_expand_binomial ... ok
test runtime::symbolic::tests::test_simplify_add ... ok
test runtime::symbolic::tests::test_simplify_mul ... ok
test runtime::symbolic::tests::test_solve_linear ... ok
test runtime::symbolic::tests::test_integrate_const ... ok
test runtime::symbolic::tests::test_integrate_power ... ok
test runtime::symbolic::tests::test_solve_quadratic ... ok
test runtime::symbolic::tests::test_substitute ... ok
test runtime::syscalls::tests::test_sys_open_read_close_and_fstat ... ok
hello from syscall
test runtime::tensor::tests::test_broadcast_add ... ok
test runtime::syscalls::tests::test_sys_write ... ok
test runtime::tensor::tests::test_broadcast_mul ... ok
test runtime::tensor::tests::test_identity ... ok
test runtime::tensor::tests::test_broadcast_iter ... ok
test runtime::tensor::tests::test_broadcast_scalar ... ok
test runtime::tensor::tests::test_linspace ... ok
test runtime::tensor::tests::test_matmul_shapes ... ok
test runtime::tensor::tests::test_matmul_incompatible ... ok
test runtime::tensor::tests::test_shape_broadcast ... ok
test runtime::tensor::tests::test_tensor_creation ... ok
test runtime::tensor::tests::test_tensor_indexing ... ok
test runtime::tensor::tests::test_tensor_matmul ... ok
test runtime::tensor::tests::test_shape_creation ... ok
test runtime::tensor::tests::test_shape_verification ... ok
test epistemic::wasserstein::tests::test_barycenter_convergence ... ok
test runtime::tensor::tests::test_tensor_operations ... ok
test runtime::tensor::tests::test_tensor_stats ... ok
test runtime::tensor::tests::test_tensor_transpose ... ok
test runtime::uncertain::tests::test_addition ... ok
test runtime::uncertain::tests::test_creation ... ok
test runtime::uncertain::tests::test_display ... ok
test runtime::uncertain::tests::test_division ... ok
test runtime::uncertain::tests::test_exp ... ok
test runtime::uncertain::tests::test_ln ... ok
test runtime::uncertain::tests::test_multiplication ... ok
test runtime::uncertain::tests::test_physics_example ... ok
test runtime::uncertain::tests::test_sin_cos ... ok
test runtime::uncertain::tests::test_sqrt ... ok
test runtime::uncertain::tests::test_subtraction ... ok
test runtime::uncertain::tests::test_weighted_mean ... ok
test semantic_diagnostics::semantic_errors::tests::test_find_line_and_column ... ok
test semantic_diagnostics::semantic_errors::tests::test_semantic_error_message ... ok
test runtime::uncertain::tests::test_compatibility ... ok
test semantic_diagnostics::semantic_errors::tests::test_suggestion_generation ... ok
test sir::alloc_policy::tests::test_attention_score_alias ... ok
test sir::alloc_policy::tests::test_attention_score_ordering ... ok
test sir::alloc_policy::tests::test_calibrated_prefers_high_confidence ... ok
test sir::alloc_policy::tests::test_calibrated_weights_values ... ok
test sir::alloc_policy::tests::test_confidence_classification ... ok
test sir::alloc_policy::tests::test_epistemic_quality_formula ... ok
test sir::alloc_policy::tests::test_metrics_serialization ... ok
test epistemic::wasserstein::tests::test_barycenter_equal_weights ... ok
test sir::alloc_policy::tests::test_policy_parsing ... ok
test sir::alloc_policy::tests::test_select_spill_empty_candidates ... ok
test sir::alloc_policy::tests::test_select_spill_victim_attention ... ok
test sir::alloc_policy::tests::test_select_spill_victim_classic ... ok
test sir::alloc_policy::tests::test_select_spill_victims_multiple ... ok
test sir::alloc_policy::tests::test_spill_candidate_creation ... ok
test sir::builder::tests::test_simple_function ... ok
test sir::builder::tests::test_epistemic_function ... ok
test sir::capabilities::tests::test_amd_cdna3_is_hpc_class ... ok
test sir::capabilities::tests::test_capability_display ... ok
test sir::capabilities::tests::test_capability_querying ... ok
test sir::capabilities::tests::test_compatibility_check ... ok
test sir::capabilities::tests::test_diff_reports_missing_and_extra_parameterized_capabilities ... ok
test sir::capabilities::tests::test_effective_limits ... ok
test sir::capabilities::tests::test_intel_arc_capabilities ... ok
test sir::capabilities::tests::test_intel_pvc_is_hpc ... ok
test sir::capabilities::tests::test_mixed_precision_detection ... ok
test sir::capabilities::tests::test_nvidia_ampere_capabilities ... ok
test sir::alloc_policy::tests::test_classify_confidence_standalone ... ok
test sir::capabilities::tests::test_efficient_matmul_detection ... ok
test sir::capabilities::tests::test_nvidia_hopper_has_tma ... ok
test sir::capabilities::tests::test_optimal_tile_size ... ok
test sir::capabilities::tests::test_recommended_block_size ... ok
test sir::causal::tests::test_causal_formula_kind_eq ... ok
test sir::causal::tests::test_causal_op_clone ... ok
test sir::causal::tests::test_causal_op_cost_abduction ... ok
test sir::causal::tests::test_causal_op_cost_counterfactual ... ok
test sir::causal::tests::test_causal_op_cost_d_separation ... ok
test sir::causal::tests::test_causal_op_cost_do_intervention ... ok
test sir::causal::tests::test_causal_op_cost_estimate_backdoor ... ok
test sir::causal::tests::test_causal_op_cost_prediction ... ok
test sir::causal::tests::test_count_causal_ops ... ok
test sir::causal::tests::test_count_causal_ops_empty ... ok
test sir::causal::tests::test_formula_to_sir_kind_adjustment ... ok
test sir::causal::tests::test_formula_to_sir_kind_conditional ... ok
test sir::causal::tests::test_formula_to_sir_kind_frontdoor ... ok
test sir::causal::tests::test_formula_to_sir_kind_iv ... ok
test sir::causal::tests::test_formula_to_sir_kind_marginal ... ok
test sir::capabilities::tests::test_apple_has_no_fp64 ... ok
test sir::capabilities::tests::test_diff_reports_parameterized_capability_changes ... ok
test sir::causal::tests::test_formula_to_sir_kind_product ... ok
test sir::causal::tests::test_lower_counterfactual_preserves_vars ... ok
test sir::causal::tests::test_lower_counterfactual ... ok
test sir::causal::tests::test_lower_do_backdoor ... ok
test sir::causal::tests::test_lower_do_conditional ... ok
test sir::causal::tests::test_lower_do_frontdoor ... ok
test sir::causal::tests::test_requires_iteration_abduction ... ok
test sir::causal::tests::test_requires_iteration_do_intervention ... ok
test sir::causal::tests::test_requires_iteration_estimate ... ok
test sir::causal::tests::test_requires_iteration_prediction ... ok
test sir::causal::tests::test_causal_op_cost_estimate_marginal ... ok
test sir::capabilities::tests::test_vulkan_portable_is_minimal ... ok
test sir::causal::tests::test_sir_inst_causal_display ... ok
test sir::causal::tests::test_sir_inst_causal_has_side_effects ... ok
test sir::causal::tests::test_sir_inst_causal_operands ... ok
test sir::causal::tests::test_validate_three_step_invalid_length_too_long ... ok
test sir::causal::tests::test_validate_three_step_invalid_length_too_short ... ok
test sir::causal::tests::test_validate_three_step_invalid_wrong_first ... ok
test sir::causal::tests::test_validate_three_step_invalid_wrong_second ... ok
test sir::causal::tests::test_validate_three_step_invalid_wrong_third ... ok
test sir::causal::tests::test_validate_three_step_valid ... ok
test sir::cost::tests::test_cost_envelope_builder ... ok
test sir::cost::tests::test_cost_envelope_display ... ok
test sir::cost::tests::test_cost_envelope_merge ... ok
test sir::cost::tests::test_cost_envelope_validation ... ok
test sir::cost::tests::test_fusion_validation ... ok
test sir::cost::tests::test_kernel_variant_set ... ok
test sir::cost::tests::test_lane_group_presets ... ok
test sir::cost::tests::test_layout_display ... ok
test sir::cost::tests::test_precision_effective_bits ... ok
test sir::cost::tests::test_precision_scientific_grade ... ok
test sir::cost::tests::test_reduction_mode_determinism ... ok
test sir::cost::tests::test_rng_mode_determinism ... ok
test sir::cost::tests::test_tile_creation ... ok
test sir::cost::tests::test_unroll_factor ... ok
test sir::cost::tests::test_vector_width_presets ... ok
test sir::causal::tests::test_lower_counterfactual_validates ... ok
test sir::emit::tests::test_aarch64_simple_function_emission ... ok
test sir::emit::tests::test_callee_saved_preference ... ok
test sir::emit::tests::test_float_registers ... ok
test sir::emit::tests::test_live_interval_extend ... ok
test sir::emit::tests::test_live_interval_overlap ... ok
test sir::emit::tests::test_register_allocator_basic ... ok
test sir::emit::tests::test_simple_function_emission ... ok
test sir::emit::tests::test_spill_when_registers_exhausted ... ok
test sir::emit::tests::test_x86_reg_properties ... ok
test sir::cost::tests::test_shared_cache_alignment ... ok
test sir::gpu_attention::tests::test_allocation_metrics ... ok
test sir::gpu_attention::tests::test_combined_occupancy ... ok
test sir::gpu_attention::tests::test_divergence_cost ... ok
test sir::gpu_attention::tests::test_divergence_probability ... ok
test sir::gpu_attention::tests::test_gpu_attention_score_dominates ... ok
test sir::gpu_attention::tests::test_gpu_live_interval_spill_cost ... ok
test sir::gpu_attention::tests::test_gpu_resource_budget_default ... ok
test sir::gpu_attention::tests::test_nvidia_budget_variants ... ok
test sir::gpu_attention::tests::test_occupancy_for_registers ... ok
test sir::gpu_attention::tests::test_optimal_register_target ... ok
test sir::gpu_attention::tests::test_select_spill_victim ... ok
test sir::cost::tests::test_tile_validation ... ok
test sir::kernels::monte_carlo::tests::test_attention_score ... ok
test sir::gpu_attention::tests::test_pressure_analysis ... ok
test sir::kernels::monte_carlo::tests::test_epistemic_reduction ... ok
test sir::kernels::monte_carlo::tests::test_epistemic_reduction_empty ... ok
test sir::kernels::monte_carlo::tests::test_emit_sir_module ... ok
test sir::kernels::monte_carlo::tests::test_monte_carlo_kernel_initialization ... ok
test sir::kernels::monte_carlo::tests::test_particle_sir_type ... ok
test sir::kernels::monte_carlo::tests::test_monte_carlo_propagation ... ok
test sir::emit::tests::test_total_stack_size_alignment ... ok
test sir::kernels::monte_carlo::tests::test_particle_state_creation ... ok
test sir::emit::tests::test_x86_64_encoding ... ok
test sir::kernels::monte_carlo::tests::test_partition_by_confidence ... ok
test sir::kernels::monte_carlo::tests::test_provenance_tracking ... ok
test sir::kernels::monte_carlo::tests::test_uncertain_particle ... ok
test sir::lower::tests::test_cast_op_determination ... ok
test sir::lower::tests::test_constant_lowering ... ok
test sir::kernels::monte_carlo::tests::test_monte_carlo_full_run ... ok
test sir::lower::tests::test_extract_knowledge_erased_mode_returns_none ... ok
test sir::lower::tests::test_extract_knowledge_full_mode_preserves_metadata ... ok
test sir::lower::tests::test_extract_non_quantity ... ok
test sir::lower::tests::test_extract_quantity_clearance ... ok
test sir::lower::tests::test_extract_quantity_mg ... ok
test sir::lower::tests::test_extract_quantity_mg_per_l ... ok
test sir::lower::tests::test_extract_quantity_simple_units ... ok
test sir::lower::tests::test_lowering_context ... ok
test sir::lower::tests::test_type_lowering ... ok
test sir::lower::tests::test_type_lowering_array ... ok
test sir::lower::tests::test_type_lowering_dual ... ok
test sir::lower::tests::test_binary_op_lowering ... ok
test sir::lower::tests::test_type_lowering_epistemic ... ok
test sir::lower::tests::test_type_lowering_ptr ... ok
test sir::lower::tests::test_type_lowering_tuple ... ok
test sir::metadata::tests::test_loop_metadata ... ok
test sir::metadata::tests::test_metadata_store ... ok
test sir::module::tests::test_module_creation ... ok
test sir::module::tests::test_target_triple ... ok
test sir::passes::epistemic_insertion::tests::test_epistemic_detection ... ok
test sir::passes::epistemic_insertion::tests::test_epistemic_transformation ... ok
test sir::passes::epistemic_insertion::tests::test_mixed_epistemic_and_scalar ... ok
test sir::passes::epistemic_insertion::tests::test_multiplication_uses_relative_uncertainty ... ok
test sir::lower::tests::test_type_lowering_vec3 ... ok
test sir::passes::epistemic_insertion::tests::test_non_epistemic_unchanged ... ok
test sir::lower::tests::test_empty_module_lowering ... ok
test sir::lower::tests::test_extract_knowledge_compact_mode_clears_provenance ... ok
test sir::passes::refine_assert::tests::test_proof_equality ... ok
test sir::passes::refine_assert::tests::test_proof_negation ... ok
test sir::passes::refine_assert::tests::test_proof_conjunction ... ok
test sir::passes::refine_assert::tests::test_proof_trivial_false ... ok
test sir::passes::refine_assert::tests::test_proof_trivial_true ... ok
test sir::passes::refine_assert::tests::test_proof_without_smt ... ok
test sir::passes::unit_check_insertion::tests::test_unit_compatibility_add ... ok
test sir::passes::unit_check_insertion::tests::test_unit_compatibility_different_dimensions ... ok
test sir::passes::unit_check_insertion::tests::test_unit_compatibility_different_scales_convertible ... ok
test sir::passes::unit_check_insertion::tests::test_unit_multiplication_always_compatible ... ok
test sir::spirv::tests::test_constant_creation ... ok
test sir::spirv::tests::test_memory_semantics ... ok
test sir::spirv::tests::test_module_builder_basics ... ok
test sir::spirv::tests::test_reduction_strategy_selection ... ok
test sir::passes::refine_assert::tests::test_proof_simple_comparison ... ok
test sir::passes::refine_assert::tests::test_proof_simple_comparison_false ... ok
test sir::spirv::tests::test_spirv_module_assemble ... ok
test sir::spirv::tests::test_spirv_type_creation ... ok
test sir::spirv::tests::test_target_capabilities_nvidia_ampere ... ok
test sir::spirv::tests::test_target_capabilities_vulkan_1_2 ... ok
test sir::spirv::tests::test_type_lowering ... ok
test sir::types::test_knowledge_compact_mode ... ok
test sir::types::test_knowledge_erased_mode ... ok
test sir::types::test_knowledge_full_mode ... ok
test sir::types::tests::test_scalar_sizes ... ok
test sir::types::tests::test_struct_layout ... ok
test sir::types::tests::test_vector_types ... ok
test sir::variants::tests::test_kernel_variant_config_hash ... ok
test sir::variants::tests::test_generate_sobol ... ok
test sir::variants::tests::test_pareto_dominance ... ok
test sir::variants::tests::test_performance_measurement ... ok
test sir::variants::tests::test_selection_constraints ... ok
test sir::variants::tests::test_variant_generator_lhs ... ok
test sir::variants::tests::test_variant_generator_sampled ... ok
test sir::variants::tests::test_variant_id_from_config ... ok
test sir::variants::tests::test_variant_registry ... ok
test sir::variants::tests::test_variant_selector_best_time ... ok
test smt::causal_encoding::tests::test_backdoor_criterion_invalid_descendant ... ok
test smt::causal_encoding::tests::test_backdoor_criterion_valid ... ok
test smt::causal_encoding::tests::test_combined_confidence ... ok
test smt::causal_encoding::tests::test_d_separation_chain ... ok
test smt::causal_encoding::tests::test_d_separation_collider ... ok
test smt::causal_encoding::tests::test_d_separation_collider_conditioned ... ok
test smt::causal_encoding::tests::test_display_property ... ok
test sir::variants::tests::test_variant_space_presets ... ok
test sir::variants::tests::test_variant_space_total ... ok
test smt::causal_encoding::tests::test_d_separation_fork ... ok
test smt::causal_encoding::tests::test_display_result ... ok
test smt::causal_encoding::tests::test_enumerate_directed_paths ... ok
test smt::causal_encoding::tests::test_enumerate_paths_undirected ... ok
test smt::causal_encoding::tests::test_get_ancestors ... ok
test runtime::prob::tests::test_metropolis_hastings ... ok
test smt::causal_encoding::tests::test_frontdoor_criterion_valid ... ok
test smt::causal_encoding::tests::test_get_descendants ... ok
test smt::causal_encoding::tests::test_has_directed_path ... ok
test smt::causal_encoding::tests::test_is_collider ... ok
test smt::causal_encoding::tests::test_is_path_blocked ... ok
test smt::causal_encoding::tests::test_node_not_found_error ... ok
test smt::causal_encoding::tests::test_iv_criterion_valid ... ok
test smt::causal_encoding::tests::test_identifiable_backdoor ... ok
test smt::causal_encoding::tests::test_mutilate_graph ... ok
test smt::epistemic::tests::test_epsilon_nonwidening_property ... ok
test smt::epistemic::tests::test_monotonicity_property ... ok
test smt::epistemic::tests::test_verifier_epsilon_check ... ok
test smt::formula::tests::test_context_declarations ... ok
test smt::causal_encoding::tests::test_not_identifiable_bow_arc ... ok
test smt::formula::tests::test_formula_simplification ... ok
test smt::epistemic::tests::test_verification_stats ... ok
test smt::formula::tests::test_full_smtlib_script ... ok
test smt::formula::tests::test_smtlib_generation ... ok
test smt::interval::tests::test_epsilon_propagation ... ok
test smt::epistemic::tests::test_bounded_uncertainty_property ... ok
test smt::epistemic::tests::test_probability_normalized_property ... ok
test smt::interval::tests::test_interval_abs ... ok
test smt::interval::tests::test_interval_arithmetic ... ok
test smt::interval::tests::test_interval_contains ... ok
test smt::interval::tests::test_interval_division ... ok
test smt::interval::tests::test_interval_env ... ok
test smt::interval::tests::test_interval_intersect ... ok
test smt::interval::tests::test_interval_predicates ... ok
test smt::interval::tests::test_interval_with_negative ... ok
test smt::solver::tests::test_check_implies ... ok
test smt::solver::tests::test_mock_solver_arithmetic ... ok
test smt::solver::tests::test_mock_solver_conjunction ... ok
test smt::solver::tests::test_mock_solver_definite_sat ... ok
test smt::solver::tests::test_mock_solver_definite_unsat ... ok
test smt::solver::tests::test_mock_solver_simple_sat ... ok
test smt::tests::test_arithmetic_term_translation ... ok
test smt::solver::tests::test_verification_result_display ... ok
test smt::tests::test_conjunction_translation ... ok
test smt::tests::test_simple_predicate_translation ... ok
test smt::z3_solver::tests::test_counterexample_display ... ok
test smt::z3_solver::tests::test_float_to_rational ... ok
test smt::z3_solver::tests::test_mock_verifier_bounded_uncertainty ... ok
test sourcemap::files::tests::test_line_col ... ok
test sourcemap::files::tests::test_line_text ... ok
test sourcemap::files::tests::test_source_db ... ok
test sourcemap::location::tests::test_located ... ok
test sourcemap::location::tests::test_span_dummy ... ok
test sourcemap::location::tests::test_span_merge ... ok
test sourcemap::mapping::tests::test_debug_info_builder ... ok
test sourcemap::mapping::tests::test_source_map ... ok
test target::cfg::tests::test_cfg_directive_parse ... ok
test target::cfg::tests::test_context_from_target ... ok
test target::cfg::tests::test_context_merge ... ok
test target::cfg::tests::test_host_context ... ok
test target::cfg::tests::test_predicate_all_any ... ok
test target::cfg::tests::test_predicate_display ... ok
test target::cfg::tests::test_predicate_evaluate ... ok
test target::cfg::tests::test_predicate_not ... ok
test target::cfg::tests::test_predicate_parse_all ... ok
test target::cfg::tests::test_predicate_parse_any ... ok
test target::cfg::tests::test_predicate_parse_key ... ok
test target::cfg::tests::test_predicate_parse_key_value ... ok
test target::cfg::tests::test_predicate_parse_not ... ok
test target::cfg::tests::test_predicate_simplify ... ok
test target::linker::tests::test_embedded_template ... ok
test target::linker::tests::test_kernel_template ... ok
test target::linker::tests::test_linker_script_builder ... ok
test target::linker::tests::test_output_type_extension ... ok
test target::linker::tests::test_linker_flavor_candidates ... ok
test target::registry::tests::test_embedded_targets ... ok
test target::registry::tests::test_linux_targets ... ok
test target::registry::tests::test_macos_targets ... ok
test target::registry::tests::test_global_registry ... ok
test target::registry::tests::test_registry_custom ... ok
test target::registry::tests::test_registry_filter ... ok
test target::registry::tests::test_registry_get ... ok
test target::registry::tests::test_registry_list ... ok
test target::registry::tests::test_registry_with_builtins ... ok
test target::registry::tests::test_wasm_targets ... ok
test target::registry::tests::test_windows_targets ... ok
test target::spec::tests::test_arch_spec_llvm_features ... ok
test target::spec::tests::test_architecture_parse ... ok
test target::spec::tests::test_architecture_properties ... ok
test target::spec::tests::test_host_triple ... ok
test target::spec::tests::test_os_properties ... ok
test target::spec::tests::test_target_features ... ok
test target::spec::tests::test_target_spec_creation ... ok
test target::spec::tests::test_target_overrides ... ok
test target::spec::tests::test_target_triple_parse ... ok
test target::sysroot::tests::test_sysroot_component ... ok
test target::sysroot::tests::test_sysroot_include_args ... ok
test target::sysroot::tests::test_sysroot_linker_args ... ok
test temporal::composition::tests::test_condition_temporal_fresh ... ok
test target::sysroot::tests::test_sysroot_manager ... ok
test temporal::composition::tests::test_condition_temporal_stale ... ok
test temporal::composition::tests::test_temporal_join_all ... ok
test temporal::composition::tests::test_temporal_join_concordant ... ok
test target::sysroot::tests::test_sysroot_builder ... ok
test target::sysroot::tests::test_sysroot_metadata ... ok
test temporal::composition::tests::test_temporal_join_with_recency ... ok
test target::spec::tests::test_target_triple_helpers ... ok
test temporal::composition::tests::test_temporal_tensor ... ok
test temporal::composition::tests::test_temporal_tensor_all ... ok
test temporal::decay::tests::test_exponential_decay ... ok
test temporal::decay::tests::test_from_half_life ... ok
test temporal::decay::tests::test_half_life ... ok
test temporal::decay::tests::test_linear_decay ... ok
test temporal::decay::tests::test_negative_duration ... ok
test temporal::decay::tests::test_no_decay ... ok
test temporal::decay::tests::test_presets ... ok
test temporal::decay::tests::test_product_decay ... ok
test temporal::decay::tests::test_sigmoid_decay ... ok
test temporal::decay::tests::test_step_decay ... ok
test temporal::decay::tests::test_time_to_threshold ... ok
test temporal::knowledge::tests::test_decaying_knowledge ... ok
test temporal::knowledge::tests::test_physical_constant ... ok
test temporal::knowledge::tests::test_time_to_threshold ... ok
test temporal::knowledge::tests::test_revalidate ... ok
test temporal::knowledge::tests::test_timeless_knowledge ... ok
test temporal::knowledge::tests::test_update_value ... ok
test temporal::knowledge::tests::test_valid_for ... ok
test temporal::knowledge::tests::test_with_half_life ... ok
test temporal::operators::tests::test_always_operator ... ok
test temporal::operators::tests::test_at_operator ... ok
test temporal::operators::tests::test_eventually_operator ... ok
test temporal::operators::tests::test_historically_with_history ... ok
test temporal::operators::tests::test_historically_with_inconsistency ... ok
test temporal::operators::tests::test_project_trajectory ... ok
test temporal::operators::tests::test_since_operator ... ok
test temporal::operators::tests::test_until_operator ... ok
test temporal::types::tests::test_temporal_combine_timeless ... ok
test temporal::types::tests::test_temporal_instant ... ok
test target::sysroot::tests::test_sysroot_metadata_serialization ... ok
test temporal::types::tests::test_temporal_interval ... ok
test temporal::types::tests::test_temporal_timeless ... ok
test temporal::types::tests::test_version_bump ... ok
test temporal::types::tests::test_version_compatibility ... ok
test temporal::types::tests::test_version_ordering ... ok
test temporal::types::tests::test_version_parse ... ok
test temporal::versioning::tests::test_all_versions ... ok
test temporal::versioning::tests::test_at_version ... ok
test temporal::versioning::tests::test_builder ... ok
test temporal::versioning::tests::test_initial_version ... ok
test temporal::versioning::tests::test_major_release ... ok
test temporal::versioning::tests::test_minor_release ... ok
test temporal::versioning::tests::test_patch_release ... ok
test temporal::versioning::tests::test_timeline ... ok
test test::attrs::tests::test_combined_attributes ... ok
test test::attrs::tests::test_parse_bench_attr ... ok
test test::attrs::tests::test_parse_fixture_with_scope ... ok
test test::attrs::tests::test_parse_ignore_with_reason ... ok
test test::attrs::tests::test_parse_should_panic_expected ... ok
test test::attrs::tests::test_parse_tags ... ok
test test::attrs::tests::test_parse_test_attr ... ok
test test::attrs::tests::test_parse_timeout ... ok
test test::bench::tests::test_bench_stats_display ... ok
test test::bench::tests::test_percentile ... ok
test test::coverage::tests::test_coverage_merge ... ok
test test::coverage::tests::test_coverage_thresholds ... ok
test test::bench::tests::test_bench_comparison ... ok
test test::coverage::tests::test_extract_function_name ... ok
test test::bench::tests::test_format_duration ... ok
test test::coverage::tests::test_file_coverage_branch ... ok
test test::coverage::tests::test_file_coverage_line ... ok
test test::coverage::tests::test_html_output ... ok
test test::coverage::tests::test_lcov_output ... ok
test test::coverage::tests::test_tracker_basic ... ok
test test::discovery::tests::test_case_full_name ... ok
test test::discovery::tests::test_filter_exact_match ... ok
test test::bench::tests::test_filter_outliers ... ok
test test::discovery::tests::test_case_empty_module_path ... ok
test test::discovery::tests::test_filter_tags ... ok
test test::discovery::tests::test_suite_hierarchy ... ok
test test::runner::tests::test_junit_output ... ok
test test::discovery::tests::test_filter_ignored ... ok
test test::runner::tests::test_outcome_symbols ... ok
test test::discovery::tests::test_filter_matches_pattern ... ok
test test::runner::tests::test_report_summary ... ok
test test::runner::tests::test_outcome_success ... ok
test test::runner::tests::test_report_with_failures ... ok
test test::runner::tests::test_runner_config_defaults ... ok
test test::runner::tests::test_shuffle ... ok
test tools::pybindgen::tests::test_type_to_python_hint ... ok
test typeck::coercion_insert::tests::test_coercion_inserter_new ... ok
test typeck::coercion_insert::tests::test_coercion_stats ... ok
test typeck::coercion_insert::tests::test_coercion_validator ... ok
test typeck::coercion_insert::tests::test_record_coercion ... ok
test typeck::coercion_insert::tests::test_take_coercions ... ok
test typeck::diagnostics::tests::test_diagnostic_accumulator ... ok
test typeck::hooks::tests::test_is_ontological ... ok
test tests::test_version ... ok
test tools::pybindgen::tests::test_type_to_ctypes ... ok
test typeck::suggestions::tests::test_levenshtein_distance ... ok
test typeck::diagnostics::tests::test_coercion_warning ... ok
test typeck::diagnostics::tests::test_format_types ... ok
test typeck::integration_tests::test_module_creation ... ok
test typeck::suggestions::tests::test_normalized_levenshtein ... ok
test typeck::suggestions::tests::test_scored_suggestion_ordering ... ok
test typeck::suggestions::tests::test_suggestion_category ... ok
test typeck::threshold::tests::test_threshold_allows ... ok
test typeck::threshold::tests::test_threshold_levels ... ok
test typeck::threshold::tests::test_context_inference ... ok
test typeck::unify_distance::tests::test_identical_types_unify ... ok
test typeck::threshold::tests::test_resolver_hierarchy ... ok
test typeck::threshold::tests::test_threshold_parsing ... ok
test typeck::unify_distance::tests::test_coercion_kind_display ... ok
test types::c_layout::tests::test_align_to ... ok
test types::c_layout::tests::test_array_layout ... ok
test types::c_layout::tests::test_c_type_generation ... ok
test types::c_layout::tests::test_empty_struct ... ok
test types::c_layout::tests::test_primitive_sizes ... ok
test types::c_layout::tests::test_struct_layout_simple ... ok
test types::c_layout::tests::test_c_compatibility_check ... ok
test types::c_layout::tests::test_struct_layout_nested ... ok
test types::causal::tests::test_causal_confidence_factor ... ok
test types::causal::tests::test_d_separation_chain ... ok
test types::c_layout::tests::test_pointer_layout ... ok
test types::c_layout::tests::test_primitive_alignments ... ok
test types::c_layout::tests::test_struct_layout_with_padding ... ok
test types::causal::tests::test_dag_validation_simple ... ok
test types::causal::tests::test_d_separation_fork ... ok
test types::causal_id::tests::test_c_component_identification ... ok
test types::causal::tests::test_dag_validation_cycle ... ok
test types::causal_id::tests::test_confidence_iv ... ok
test types::causal_id::tests::test_confidence_marginal ... ok
test types::causal_id::tests::test_confidence_product ... ok
test types::causal_id::tests::test_chain_conditional ... ok
test types::causal_id::tests::test_confidence_frontdoor ... ok
test types::causal_id::tests::test_confounded_backdoor_adjustment ... ok
test types::causal_id::tests::test_confidence_adjustment ... ok
test types::causal_id::tests::test_confidence_conditional ... ok
test types::causal_id::tests::test_display_identification_result ... ok
test types::causal_id::tests::test_display_marginal ... ok
test runtime::pde::tests::test_diffusion_reaction ... ok
test types::causal_id::tests::test_diamond_adjustment ... ok
test types::causal_id::tests::test_find_c_components_independent ... ok
test types::causal_id::tests::test_find_c_components_shared_parent ... ok
test types::causal_id::tests::test_frontdoor_identification ... ok
test types::causal_id::tests::test_iv_identification ... ok
test types::causal_id::tests::test_minimal_adjustment ... ok
test types::causal_id::tests::test_empty_treatment_marginal ... ok
test types::causal_id::tests::test_treatment_not_ancestor ... ok
test types::causal_id::tests::test_display_not_identifiable ... ok
test types::causal_id::tests::test_display_adjustment ... ok
test types::causal_id::tests::test_no_confounding_conditional ... ok
test types::core::tests::test_effect_set ... ok
test types::core::tests::test_effect_set_from_effects ... ok
test types::core::tests::test_effect_masking_pattern ... ok
test types::core::tests::test_effect_set_subtract ... ok
test types::core::tests::test_effect_set_substitution ... ok
test types::core::tests::test_effect_set_with_effect_vars ... ok
test types::core::tests::test_effect_var ... ok
test types::core::tests::test_free_vars ... ok
test types::core::tests::test_type_is_numeric ... ok
test types::dimension_solver::tests::test_binop_simplification ... ok
test types::dimension_solver::tests::test_broadcast ... ok
test types::dimension_solver::tests::test_broadcast_rank_extension ... ok
test types::core::tests::test_effect_set_union_with_vars ... ok
test types::dimension_solver::tests::test_matmul_mismatch ... ok
test types::dimension_solver::tests::test_concat_shape ... ok
test types::dimension_solver::tests::test_matmul_shape ... ok
test types::dimension_solver::tests::test_matmul_shape_symbolic ... ok
test types::dimension_solver::tests::test_slice_shape ... ok
test types::dimension_solver::tests::test_unify_const ... ok
test types::dimension_solver::tests::test_unify_symbolic ... ok
test types::dimension_solver::tests::test_unify_var ... ok
test types::epistemic::tests::test_confidence_bound_satisfaction ... ok
test types::effects::tests::test_builtin_effects ... ok
test types::effects::tests::test_effect_inference ... ok
test types::effects::tests::test_residual_effects ... ok
test types::epistemic::tests::test_epistemic_checker ... ok
test types::epistemic::tests::test_knowledge_type_creation ... ok
test types::epistemic::tests::test_knowledge_type_display ... ok
test types::epistemic::tests::test_propagation_rules ... ok
test types::erasure::tests::test_erasure_analyzer_ontological ... ok
test types::erasure::tests::test_erasure_info_creation ... ok
test types::erasure::tests::test_erasure_analyzer_type_params ... ok
test types::erasure::tests::test_erasure_scopes ... ok
test types::erasure::tests::test_erasure_set ... ok
test types::erasure::tests::test_erasure_stats ... ok
test types::multiplicity::tests::test_check_consumed ... ok
test types::multiplicity::tests::test_is_runtime_relevant ... ok
test types::multiplicity::tests::test_display ... ok
test types::multiplicity::tests::test_multiplicity_context_erased ... ok
test types::multiplicity::tests::test_multiplicity_context_unrestricted ... ok
test types::multiplicity::tests::test_multiplicity_semiring_addition ... ok
test types::multiplicity::tests::test_multiplicity_semiring_multiplication ... ok
test types::multiplicity::tests::test_permits ... ok
test types::multiplicity::tests::test_qtype_creation ... ok
test types::ontology_erasure::tests::test_compilation_erasure ... ok
test types::ontology_erasure::tests::test_erased_representation ... ok
test types::ontology_erasure::tests::test_ontological_type ... ok
test types::ontology_erasure::tests::test_global_stats ... ok
test types::ownership::tests::test_borrow_state ... ok
test types::ownership::tests::test_ownership_primitives ... ok
test types::ownership::tests::test_ownership_string ... ok
test types::pac::tests::test_finite_sample_complexity ... ok
test types::pac::tests::test_generalization_bound ... ok
test types::pac::tests::test_hypothesis_class_decision_stump ... ok
test types::pac::tests::test_hypothesis_class_linear ... ok
test types::pac::tests::test_invalid_inputs ... ok
test types::pac::tests::test_pac_bayes_bound ... ok
test types::pac::tests::test_sample_complexity_basic ... ok
test types::pac::tests::test_sample_complexity_monotonic_in_delta ... ok
test types::pac::tests::test_sample_complexity_monotonic_in_epsilon ... ok
test types::pac::tests::test_sample_complexity_monotonic_in_vc_dim ... ok
test types::pac::tests::test_vc_dim_expr_eval ... ok
test types::multiplicity::tests::test_multiplicity_context_linear ... ok
test types::pac::tests::test_vc_dim_expr_neural_network ... ok
test types::refinement::tests::test_medical_refinements ... ok
test types::pac::tests::test_vc_dimension_display ... ok
test types::ontology_erasure::tests::test_ontology_erasure_analyzer ... ok
test types::refinement::tests::test_predicate_construction ... ok
test types::refinement::tests::test_smt_arithmetic ... ok
test types::refinement::tests::test_smt_conjunction ... ok
test types::refinement::tests::test_smt_disjunction ... ok
test types::refinement::tests::test_smt_implication ... ok
test types::refinement::tests::test_smt_simple_comparison ... ok
test types::refinement::tests::test_smt_trivially_false ... ok
test types::refinement::tests::test_smt_subtype_check ... ok
test types::refinement::tests::test_smt_with_path_condition ... ok
test types::refinement::tests::test_smt_trivially_true ... ok
test types::semantic::tests::test_semantic_type_creation ... ok
test types::tropical::tests::test_parallel_compose_time ... ok
test types::tropical::tests::test_sequential_compose_time ... ok
test types::tropical::tests::test_tropical_add_basic ... ok
test types::tropical::tests::test_tropical_identities ... ok
test types::tropical::tests::test_tropical_identity_matrix ... ok
test types::tropical::tests::test_tropical_matrix_mul ... ok
test types::tropical::tests::test_tropical_number_mul ... ok
test types::tropical::tests::test_tropical_mul_basic ... ok
test types::tropical::tests::test_tropical_number_add ... ok
test types::tropical::tests::test_tropical_power_identity ... ok
test types::tropical::tests::test_type_mismatch_sequential ... ok
test types::semantic::tests::test_semantic_type_builder ... ok
test types::unit_infer::tests::test_inference_basic ... ok
test types::unit_infer::tests::test_inference_binary_add ... ok
test types::unit_infer::tests::test_unit_expr_evaluate ... ok
test types::units::tests::test_medical_units ... ok
test types::unit_infer::tests::test_inference_binary_div ... ok
test types::units::tests::test_unit_compatible ... ok
test types::units::tests::test_unit_checker ... ok
test types::units::tests::test_unit_conversion ... ok
test types::unit_infer::tests::test_unit_var_substitution ... ok
test types::refinement::tests::test_substitution ... ok
test types::units::tests::test_unit_multiply ... ok
test types::units::tests::test_unit_power ... ok
test types::unit_infer::tests::test_inference_mismatch ... ok
test units::check::tests::test_check_multiply ... ok
test types::semantic::tests::test_compatibility_same_type ... ok
test units::check::tests::test_additive_check ... ok
test units::check::tests::test_unification_different_dimension ... ok
test units::check::tests::test_unification_same_dimension ... ok
test units::check::tests::test_unit_lookup ... ok
test units::convert::tests::test_concentration_conversions ... ok
test units::convert::tests::test_conversion_factor ... ok
test units::convert::tests::test_mass_conversions ... ok
test units::convert::tests::test_operation_compatibility ... ok
test units::convert::tests::test_parse_unit_expression ... ok
test units::convert::tests::test_temperature_conversions ... ok
test units::convert::tests::test_are_compatible ... ok
test types::units::tests::test_unit_format ... ok
test units::convert::tests::test_time_conversions ... ok
test units::convert::tests::test_clearance_conversions ... ok
test units::check::tests::test_sqrt_dimension ... ok
test units::dimension::tests::test_clearance ... ok
test units::dimension::tests::test_concentration ... ok
test units::check::tests::test_variable_unification ... ok
test units::dimension::tests::test_dimension_div ... ok
test units::dimension::tests::test_dimension_mul ... ok
test units::dimension::tests::test_display ... ok
test units::dimension::tests::test_named ... ok
test units::dimension::tests::test_power ... ok
test units::dimension::tests::test_recip ... ok
test units::dimension::tests::test_sqrt ... ok
test units::epistemic::tests::test_confidence_propagation_rules ... ok
test units::epistemic::tests::test_quantified_knowledge_creation ... ok
test units::epistemic::tests::test_scalar_multiplication ... ok
test runtime::prob::tests::test_coin_flip_inference ... ok
test units::pkpd::tests::test_clearance_conversion ... ok
test units::pkpd::tests::test_clearance_dimensions ... ok
test units::pkpd::tests::test_concentration_dimensions ... ok
test units::pkpd::tests::test_concentration_scales ... ok
test units::pkpd::tests::test_symbol_parsing ... ok
test units::quantity::tests::test_comparison ... ok
test units::quantity::tests::test_display ... ok
test units::quantity::tests::test_dynamic_quantity ... ok
test units::quantity::tests::test_float_operations ... ok
test units::quantity::tests::test_quantity_creation ... ok
test units::quantity::tests::test_same_unit_addition ... ok
test units::quantity::tests::test_scalar_multiplication ... ok
test units::si::base::tests::test_dimensionless ... ok
test units::quantity::tests::test_with_unit ... ok
test units::si::base::tests::test_si_base_dimensions ... ok
test units::si::base::tests::test_si_base_scale ... ok
test units::si::derived::tests::test_derived_dimensions ... ok
test units::si::derived::tests::test_energy_conversion ... ok
test units::si::derived::tests::test_temperature_conversion ... ok
test units::si::prefixes::tests::test_mass_conversions ... ok
test units::si::prefixes::tests::test_time_conversions ... ok
test units::si::prefixes::tests::test_volume_conversions ... ok
test vm::serialize::tests::test_empty_program ... ok
test vm::serialize::tests::test_invalid_magic ... ok
test vm::serialize::tests::test_roundtrip_simple ... ok
test vm::serialize::tests::test_roundtrip_all_instructions ... ok
test vm::serialize::tests::test_unsupported_version ... ok
test watch::buildscript::tests::test_build_api_functions ... ok
test vm::tests::local_slot_store_and_load_roundtrip ... ok
test watch::buildscript::tests::test_build_script_config_default ... ok
test watch::buildscript::tests::test_parse_instruction_rerun_if_changed ... ok
test vm::tests::pointer_store_and_load_still_work ... ok
test watch::buildscript::tests::test_parse_instruction_warning ... ok
test watch::buildscript::tests::test_parse_instruction_link_lib ... ok
test watch::devserver::tests::test_dev_server_config_default ... ok
test watch::devserver::tests::test_http_response ... ok
test watch::devserver::tests::test_url_decode ... ok
test watch::devserver::tests::test_websocket_frame_encoding ... ok
test watch::hooks::tests::test_builtin_echo ... ok
test watch::hooks::tests::test_hook_condition_env ... ok
test watch::hooks::tests::test_hook_condition_logic ... ok
test units::pkpd::tests::test_auc_dimensions ... ok
test watch::hooks::tests::test_hook_context_env ... ok
test watch::buildscript::tests::test_parse_instruction_cfg ... ok
test watch::hooks::tests::test_hook_manager_register ... ok
test watch::hooks::tests::test_hook_point_roundtrip ... ok
test watch::hooks::tests::test_hook_priority ... ok
test watch::hotreload::tests::test_hot_reload_config_default ... ok
test watch::hotreload::tests::test_hot_reload_runtime ... ok
test watch::hotreload::tests::test_function_update_serialization ... ok
test watch::hotreload::tests::test_reload_message_serialization ... ok
test watch::mode::tests::test_build_result_default ... ok
test watch::mode::tests::test_watch_mode_config_default ... ok
test watch::mode::tests::test_watch_state_display ... ok
test watch::mode::tests::test_watch_stats ... ok
test watch::tests::test_hook_point_values ... ok
test watch::tests::test_module_exports ... ok
test watch::watcher::tests::test_should_include ... ok
test watch::watcher::tests::test_watcher_creation ... ok
test watch::watcher::tests::test_poll_backend_file_detection ... ok
test watch::devserver::tests::test_content_type_guessing ... ok
test watch::devserver::tests::test_cors_config ... ok
test watch::watcher::tests::test_watch_config_builder ... ok
test watch::watcher::tests::test_watch_config_default ... ok
test ontology::embedding::riemannian::tests::test_hierarchy_learner_convergence ... ok
test watch::watcher::tests::test_debouncer ... ok
test ml::scientific_models::tests::test_scientific_code_generation ... ok
test epistemic::wasserstein::tests::test_multiple_barycenters ... ok
test test::bench::tests::test_bencher_iter ... ok
test epistemic::wasserstein::tests::test_wasserstein_positive ... ok
test epistemic::wasserstein::tests::test_wasserstein_identity ... ok
test epistemic::wasserstein::tests::test_transport_cost_positive ... ok
test geometry::geo_training::tests::test_single_iteration ... ok
test compiler_loader::tests::test_cross_module_compilation ... ok
test ontology::embedding::models::hybrid::tests::test_hybrid_generator ... ok
test epistemic::wasserstein::tests::test_wasserstein_symmetry ... ok
test ontology::embedding::models::structural::tests::test_structural_generator_basic ... ok
test ontology::embedding::models::structural::tests::test_structural_generator_siblings_closer ... ok
test epistemic::wasserstein::tests::test_triangle_inequality ... ok
test runtime::stiff::tests::test_bdf_stiff_system ... ok
test runtime::stiff::tests::test_solve_stiff_convenience ... ok
test runtime::stiff::tests::test_lsoda_switching ... ok

test result: ok. 4846 passed; 0 failed; 7 ignored; 0 measured; 0 filtered out; finished in 4.82s

[fast-gate] 7/9 integration tests
   Compiling souc v1.0.0-beta (/home/demetrios/work/sounio/crates/souc)
warning: souc@1.0.0-beta: Embedding 53 stdlib/compiler modules
warning: souc@1.0.0-beta: Generated embedded_stdlib.rs with 53 modules
warning: unused import: `crate::ast::Abi`
    --> crates/souc/src/backend/cps_transform.rs:1022:9
     |
1022 |     use crate::ast::Abi;
     |         ^^^^^^^^^^^^^^^
     |
     = note: `#[warn(unused_imports)]` (part of `#[warn(unused)]`) on by default

warning: unused import: `crate::sir::ops::CausalFormulaKind`
   --> crates/souc/src/epistemic/integration_tests.rs:822:13
    |
822 |         use crate::sir::ops::CausalFormulaKind;
    |             ^^^^^^^^^^^^^^^^^^^^^^^^^^^^^^^^^^

warning: unused import: `super::*`
   --> crates/souc/src/runtime/io.rs:116:9
    |
116 |     use super::*;
    |         ^^^^^^^^

warning: unused import: `std::ptr`
   --> crates/souc/src/runtime/io.rs:117:9
    |
117 |     use std::ptr;
    |         ^^^^^^^^

warning: unnecessary `unsafe` block
   --> crates/souc/src/backend/native/quat_runtime_i8.rs:411:20
    |
411 |         let norm = unsafe { sounio_quat_batch_norm_i8(quats.as_ptr(), scales.as_ptr(), 2) };
    |                    ^^^^^^ unnecessary `unsafe` block
    |
    = note: `#[warn(unused_unsafe)]` (part of `#[warn(unused)]`) on by default

warning: unnecessary `unsafe` block
   --> crates/souc/src/backend/native/quat_runtime_i8.rs:423:9
    |
423 |         unsafe {
    |         ^^^^^^ unnecessary `unsafe` block

warning: unnecessary `unsafe` block
   --> crates/souc/src/backend/native/quat_runtime_i8.rs:428:9
    |
428 |         unsafe {
    |         ^^^^^^ unnecessary `unsafe` block

warning: variable does not need to be mutable
   --> crates/souc/src/mir/optimization/function_inlining_complete.rs:652:13
    |
652 |         let mut caller =
    |             ----^^^^^^
    |             |
    |             help: remove this `mut`
    |
    = note: `#[warn(unused_mut)]` (part of `#[warn(unused)]`) on by default

warning: variable does not need to be mutable
   --> crates/souc/src/mir/optimization/pipeline_with_validation.rs:281:13
    |
281 |         let mut pipeline = ValidatedOptimizationPipeline::new();
    |             ----^^^^^^^^
    |             |
    |             help: remove this `mut`

warning: variable does not need to be mutable
   --> crates/souc/src/mir/optimization/sroa.rs:738:13
    |
738 |         let mut pass = Sroa::new();
    |             ----^^^^
    |             |
    |             help: remove this `mut`

warning: variable does not need to be mutable
   --> crates/souc/src/mir/optimization/sroa.rs:768:13
    |
768 |         let mut pass = Sroa::new();
    |             ----^^^^
    |             |
    |             help: remove this `mut`

warning: variable does not need to be mutable
   --> crates/souc/src/ontology/applications/completion.rs:179:13
    |
179 |         let mut candidates = vec![
    |             ----^^^^^^^^^^
    |             |
    |             help: remove this `mut`

warning: comparison is useless due to type limits
    --> crates/souc/src/runtime/async_runtime.rs:1713:17
     |
1713 |         assert!(completed.len() >= 0); // May or may not complete depending on thread-local state
     |                 ^^^^^^^^^^^^^^^^^^^^
     |
     = note: `#[warn(unused_comparisons)]` on by default

warning: unused variable: `numerical_grad`
   --> crates/souc/tests/qnn_gradient_correctness_test.rs:383:13
    |
383 |         let numerical_grad = numerical_gradient_vec4(&f, &q, EPS);
    |             ^^^^^^^^^^^^^^ help: if this is intentional, prefix it with an underscore: `_numerical_grad`
    |
    = note: `#[warn(unused_variables)]` (part of `#[warn(unused)]`) on by default

warning: unused import: `std::f32::consts::PI`
  --> crates/souc/tests/sedenion_hsi_benchmark.rs:19:9
   |
19 |     use std::f32::consts::PI;
   |         ^^^^^^^^^^^^^^^^^^^^
   |
   = note: `#[warn(unused_imports)]` (part of `#[warn(unused)]`) on by default

warning: unused imports: `AlignmentSource` and `Alignment`
 --> crates/souc/tests/mathematical_integration.rs:8:39
  |
8 |     use sounio::ontology::alignment::{Alignment, AlignmentSource, CellularSheaf};
  |                                       ^^^^^^^^^  ^^^^^^^^^^^^^^^
  |
  = note: `#[warn(unused_imports)]` (part of `#[warn(unused)]`) on by default

warning: unused import: `sounio::ontology::distance::sssom::MappingPredicate`
 --> crates/souc/tests/mathematical_integration.rs:9:9
  |
9 |     use sounio::ontology::distance::sssom::MappingPredicate;
  |         ^^^^^^^^^^^^^^^^^^^^^^^^^^^^^^^^^^^^^^^^^^^^^^^^^^^

warning: unused import: `sounio::ontology::loader::IRI`
  --> crates/souc/tests/mathematical_integration.rs:10:9
   |
10 |     use sounio::ontology::loader::IRI;
   |         ^^^^^^^^^^^^^^^^^^^^^^^^^^^^^

warning: variable does not need to be mutable
  --> crates/souc/tests/sir_passes.rs:14:9
   |
14 |     let mut pass = UnitCheckInsertion::new();
   |         ----^^^^
   |         |
   |         help: remove this `mut`
   |
   = note: `#[warn(unused_mut)]` (part of `#[warn(unused)]`) on by default

warning: variable does not need to be mutable
  --> crates/souc/tests/sir_passes.rs:21:9
   |
21 |     let mut pass = RefinementAssertionPass::new();
   |         ----^^^^
   |         |
   |         help: remove this `mut`

warning: unused variable: `pass`
  --> crates/souc/tests/sir_passes.rs:28:9
   |
28 |     let pass = UnitCheckInsertion::new();
   |         ^^^^ help: if this is intentional, prefix it with an underscore: `_pass`
   |
   = note: `#[warn(unused_variables)]` (part of `#[warn(unused)]`) on by default

warning: variable does not need to be mutable
  --> crates/souc/tests/mathematical_integration.rs:80:13
   |
80 |         let mut optimizer = NaturalGradientOptimizer::new(
   |             ----^^^^^^^^^
   |             |
   |             help: remove this `mut`
   |
   = note: `#[warn(unused_mut)]` (part of `#[warn(unused)]`) on by default

warning: unused variable: `cond_q`
   --> crates/souc/tests/mathematical_integration.rs:303:13
    |
303 |         let cond_q = fisher_q.condition_number();
    |             ^^^^^^ help: if this is intentional, prefix it with an underscore: `_cond_q`
    |
    = note: `#[warn(unused_variables)]` (part of `#[warn(unused)]`) on by default

warning: variable does not need to be mutable
   --> crates/souc/tests/mathematical_integration.rs:439:13
    |
439 |         let mut optimizer = NaturalGradientOptimizer::new(2.0, 3.0, 0.1, 0.95);
    |             ----^^^^^^^^^
    |             |
    |             help: remove this `mut`

warning: variable does not need to be mutable
  --> crates/souc/tests/mir_optimization_tests.rs:39:13
   |
39 |         let mut cp = ConstantPropagation::new();
   |             ----^^
   |             |
   |             help: remove this `mut`
   |
   = note: `#[warn(unused_mut)]` (part of `#[warn(unused)]`) on by default

warning: variable does not need to be mutable
  --> crates/souc/tests/mir_optimization_tests.rs:68:13
   |
68 |         let mut cp = ConstantPropagation::new();
   |             ----^^
   |             |
   |             help: remove this `mut`

warning: variable does not need to be mutable
  --> crates/souc/tests/mir_optimization_tests.rs:93:13
   |
93 |         let mut cp = ConstantPropagation::new();
   |             ----^^
   |             |
   |             help: remove this `mut`

warning: variable does not need to be mutable
  --> crates/souc/tests/mir_optimization_tests.rs:96:13
   |
96 |         let mut dce = DeadCodeElimination::new();
   |             ----^^^
   |             |
   |             help: remove this `mut`

warning: variable does not need to be mutable
   --> crates/souc/tests/mir_optimization_tests.rs:124:13
    |
124 |         let mut dce = DeadCodeElimination::new();
    |             ----^^^
    |             |
    |             help: remove this `mut`

warning: unused variable: `y`
   --> crates/souc/tests/mir_optimization_tests.rs:117:13
    |
117 |         let y = func.build_i64(20); // This should be eliminated
    |             ^ help: if this is intentional, prefix it with an underscore: `_y`
    |
    = note: `#[warn(unused_variables)]` (part of `#[warn(unused)]`) on by default

warning: variable does not need to be mutable
   --> crates/souc/tests/mir_optimization_tests.rs:149:13
    |
149 |         let mut dce = DeadCodeElimination::new();
    |             ----^^^
    |             |
    |             help: remove this `mut`

warning: variable does not need to be mutable
   --> crates/souc/tests/mir_optimization_tests.rs:183:13
    |
183 |         let mut cse = CommonSubexpressionElimination::new();
    |             ----^^^
    |             |
    |             help: remove this `mut`

warning: variable does not need to be mutable
   --> crates/souc/tests/mir_optimization_tests.rs:211:13
    |
211 |         let mut cse = CommonSubexpressionElimination::new();
    |             ----^^^
    |             |
    |             help: remove this `mut`

warning: variable does not need to be mutable
   --> crates/souc/tests/mir_optimization_tests.rs:236:13
    |
236 |         let mut sr = StrengthReduction::new();
    |             ----^^
    |             |
    |             help: remove this `mut`

warning: variable does not need to be mutable
   --> crates/souc/tests/mir_optimization_tests.rs:260:13
    |
260 |         let mut sr = StrengthReduction::new();
    |             ----^^
    |             |
    |             help: remove this `mut`

warning: variable does not need to be mutable
   --> crates/souc/tests/mir_optimization_tests.rs:285:13
    |
285 |         let mut fi = FunctionInlining::new();
    |             ----^^
    |             |
    |             help: remove this `mut`

warning: variable does not need to be mutable
   --> crates/souc/tests/mir_optimization_tests.rs:309:13
    |
309 |         let mut inlining = FunctionInlining::new();
    |             ----^^^^^^^^
    |             |
    |             help: remove this `mut`

warning: variable does not need to be mutable
   --> crates/souc/tests/mir_optimization_tests.rs:446:13
    |
446 |         let mut cp = ConstantPropagation::new();
    |             ----^^
    |             |
    |             help: remove this `mut`

warning: variable does not need to be mutable
   --> crates/souc/tests/mir_optimization_tests.rs:447:13
    |
447 |         let mut dce = DeadCodeElimination::new();
    |             ----^^^
    |             |
    |             help: remove this `mut`

warning: variable does not need to be mutable
   --> crates/souc/tests/mir_optimization_tests.rs:448:13
    |
448 |         let mut cse = CommonSubexpressionElimination::new();
    |             ----^^^
    |             |
    |             help: remove this `mut`

warning: variable does not need to be mutable
   --> crates/souc/tests/mir_optimization_tests.rs:449:13
    |
449 |         let mut sr = StrengthReduction::new();
    |             ----^^
    |             |
    |             help: remove this `mut`

warning: variable does not need to be mutable
   --> crates/souc/tests/mir_optimization_tests.rs:450:13
    |
450 |         let mut fi = FunctionInlining::new();
    |             ----^^
    |             |
    |             help: remove this `mut`

warning: unused variable: `train_pixels`
   --> crates/souc/tests/sedenion_hsi_benchmark.rs:573:13
    |
573 |         let train_pixels = &pixels[..n_train];
    |             ^^^^^^^^^^^^ help: if this is intentional, prefix it with an underscore: `_train_pixels`
    |
    = note: `#[warn(unused_variables)]` (part of `#[warn(unused)]`) on by default

warning: variable does not need to be mutable
   --> crates/souc/tests/mir_optimization_tests.rs:486:13
    |
486 |         let mut cp = ConstantPropagation::new();
    |             ----^^
    |             |
    |             help: remove this `mut`

warning: unused variable: `train_labels`
   --> crates/souc/tests/sedenion_hsi_benchmark.rs:574:13
    |
574 |         let train_labels = &labels[..n_train];
    |             ^^^^^^^^^^^^ help: if this is intentional, prefix it with an underscore: `_train_labels`

warning: variable does not need to be mutable
   --> crates/souc/tests/mir_optimization_tests.rs:526:13
    |
526 |         let mut cse = CommonSubexpressionElimination::new();
    |             ----^^^
    |             |
    |             help: remove this `mut`

warning: variable does not need to be mutable
   --> crates/souc/tests/mir_optimization_tests.rs:575:13
    |
575 |         let mut cp = ConstantPropagation::new();
    |             ----^^
    |             |
    |             help: remove this `mut`

warning: variable does not need to be mutable
   --> crates/souc/tests/mir_optimization_tests.rs:609:13
    |
609 |         let mut dce = DeadCodeElimination::new();
    |             ----^^^
    |             |
    |             help: remove this `mut`

warning: `souc` (test "qnn_gradient_correctness_test") generated 1 warning (run `cargo fix --test "qnn_gradient_correctness_test" -p souc` to apply 1 suggestion)
warning: `souc` (test "sedenion_hsi_benchmark") generated 3 warnings (run `cargo fix --test "sedenion_hsi_benchmark" -p souc` to apply 3 suggestions)
warning: function `test_data_dir` is never used
  --> crates/souc/tests/soir_roundtrip.rs:14:4
   |
14 | fn test_data_dir() -> PathBuf {
   |    ^^^^^^^^^^^^^
   |
   = note: `#[warn(dead_code)]` (part of `#[warn(unused)]`) on by default

warning: `souc` (test "soir_roundtrip") generated 1 warning
warning: unused import: `sounio::hlir::HlirModule`
 --> crates/souc/tests/mir_pipeline_tests.rs:6:5
  |
6 | use sounio::hlir::HlirModule;
  |     ^^^^^^^^^^^^^^^^^^^^^^^^
  |
  = note: `#[warn(unused_imports)]` (part of `#[warn(unused)]`) on by default

warning: unused import: `MirTerminator`
 --> crates/souc/tests/mir_pipeline_tests.rs:9:62
  |
9 | use sounio::mir::instructions::{MirBinaryOp, MirInstruction, MirTerminator};
  |                                                              ^^^^^^^^^^^^^

warning: unused imports: `BlockId`, `MirFunction`, and `MirModule`
  --> crates/souc/tests/mir_pipeline_tests.rs:14:19
   |
14 | use sounio::mir::{BlockId, MirFunction, MirModule, ValueId};
   |                   ^^^^^^^  ^^^^^^^^^^^  ^^^^^^^^^

warning: unused import: `std::path::Path`
  --> crates/souc/tests/mir_pipeline_tests.rs:15:5
   |
15 | use std::path::Path;
   |     ^^^^^^^^^^^^^^^

warning: unused import: `sounio::hir::Hir`
   --> crates/souc/tests/mir_pipeline_tests.rs:349:13
    |
349 |         use sounio::hir::Hir;
    |             ^^^^^^^^^^^^^^^^

warning: unused import: `sounio::hlir::lower::lower`
   --> crates/souc/tests/mir_pipeline_tests.rs:350:13
    |
350 |         use sounio::hlir::lower::lower;
    |             ^^^^^^^^^^^^^^^^^^^^^^^^^^

warning: unused variable: `const_0`
  --> crates/souc/tests/mir_pipeline_tests.rs:83:13
   |
83 |         let const_0 = func_builder.build_i64(0);
   |             ^^^^^^^ help: if this is intentional, prefix it with an underscore: `_const_0`
   |
   = note: `#[warn(unused_variables)]` (part of `#[warn(unused)]`) on by default

warning: `souc` (test "mathematical_integration") generated 6 warnings (run `cargo fix --test "mathematical_integration" -p souc` to apply 6 suggestions)
warning: `souc` (test "sir_passes") generated 3 warnings (run `cargo fix --test "sir_passes" -p souc` to apply 3 suggestions)
warning: unused variable: `n_pop`
   --> crates/souc/tests/genomics_stress_tests.rs:137:13
    |
137 |         let n_pop = 100u32;
    |             ^^^^^ help: if this is intentional, prefix it with an underscore: `_n_pop`
    |
    = note: `#[warn(unused_variables)]` (part of `#[warn(unused)]`) on by default

warning: unused variable: `n_pop`
   --> crates/souc/tests/genomics_stress_tests.rs:162:13
    |
162 |         let n_pop = 100_000u32;
    |             ^^^^^ help: if this is intentional, prefix it with an underscore: `_n_pop`

warning: unused variable: `p_values`
   --> crates/souc/tests/genomics_stress_tests.rs:241:13
    |
241 |         let p_values = vec![0.001, 0.01, 0.05];
    |             ^^^^^^^^ help: if this is intentional, prefix it with an underscore: `_p_values`

warning: unused variable: `alpha`
   --> crates/souc/tests/genomics_stress_tests.rs:242:13
    |
242 |         let alpha = 0.05f64;
    |             ^^^^^ help: if this is intentional, prefix it with an underscore: `_alpha`

warning: unused variable: `p_values`
   --> crates/souc/tests/genomics_stress_tests.rs:340:13
    |
340 |         let p_values = vec![0.05];
    |             ^^^^^^^^ help: if this is intentional, prefix it with an underscore: `_p_values`

warning: unused variable: `p_values`
   --> crates/souc/tests/genomics_stress_tests.rs:350:13
    |
350 |         let p_values = vec![0.001, 0.01, 0.05, 0.1, 0.5];
    |             ^^^^^^^^ help: if this is intentional, prefix it with an underscore: `_p_values`

warning: `souc` (test "mir_optimization_tests") generated 22 warnings (run `cargo fix --test "mir_optimization_tests" -p souc` to apply 22 suggestions)
warning: constant `FLOAT_TOLERANCE` is never used
  --> crates/souc/tests/integration_epistemic_backends.rs:21:7
   |
21 | const FLOAT_TOLERANCE: f64 = 1e-6;
   |       ^^^^^^^^^^^^^^^
   |
   = note: `#[warn(dead_code)]` (part of `#[warn(unused)]`) on by default

warning: fields `value` and `uncertainty` are never read
  --> crates/souc/tests/integration_epistemic_backends.rs:26:5
   |
25 | struct EpistemicResult {
   |        --------------- fields in this struct
26 |     value: f64,
   |     ^^^^^
27 |     uncertainty: f64,
   |     ^^^^^^^^^^^
   |
   = note: `EpistemicResult` has derived impls for the traits `Clone` and `Debug`, but these are intentionally ignored during dead code analysis

warning: associated items `new` and `approx_eq` are never used
  --> crates/souc/tests/integration_epistemic_backends.rs:31:8
   |
30 | impl EpistemicResult {
   | -------------------- associated items in this implementation
31 |     fn new(value: f64, uncertainty: f64) -> Self {
   |        ^^^
...
36 |     fn approx_eq(&self, other: &EpistemicResult, tolerance: f64) -> bool {
   |        ^^^^^^^^^

warning: unused import: `PACConstraint`
  --> crates/souc/tests/pac_learning.rs:10:38
   |
10 | use sounio::check::pac::{PACChecker, PACConstraint, PACErrorKind, PACVerifyResult};
   |                                      ^^^^^^^^^^^^^
   |
   = note: `#[warn(unused_imports)]` (part of `#[warn(unused)]`) on by default

warning: unused import: `AArch64Reg`
 --> crates/souc/tests/runtime_linking_test.rs:6:56
  |
6 | use sounio::backend::native::aarch64::{AArch64Emitter, AArch64Reg};
  |                                                        ^^^^^^^^^^
  |
  = note: `#[warn(unused_imports)]` (part of `#[warn(unused)]`) on by default

warning: method `reset` is never used
  --> crates/souc/tests/network_resilience.rs:28:8
   |
20 | impl MockNetworkHandler {
   | ----------------------- method in this implementation
...
28 |     fn reset(&self) {
   |        ^^^^^
   |
   = note: `#[warn(dead_code)]` (part of `#[warn(unused)]`) on by default

warning: `souc` (test "genomics_stress_tests") generated 6 warnings (run `cargo fix --test "genomics_stress_tests" -p souc` to apply 6 suggestions)
warning: unused import: `sounio::interp::value::Value`
 --> crates/souc/tests/effect_continuations.rs:8:5
  |
8 | use sounio::interp::value::Value;
  |     ^^^^^^^^^^^^^^^^^^^^^^^^^^^^
  |
  = note: `#[warn(unused_imports)]` (part of `#[warn(unused)]`) on by default

warning: variable does not need to be mutable
  --> crates/souc/tests/effect_continuations.rs:13:9
   |
13 |     let mut interp = Interpreter::with_all_effects();
   |         ----^^^^^^
   |         |
   |         help: remove this `mut`
   |
   = note: `#[warn(unused_mut)]` (part of `#[warn(unused)]`) on by default

warning: unused variable: `interp`
  --> crates/souc/tests/effect_continuations.rs:13:9
   |
13 |     let mut interp = Interpreter::with_all_effects();
   |         ^^^^^^^^^^ help: if this is intentional, prefix it with an underscore: `_interp`
   |
   = note: `#[warn(unused_variables)]` (part of `#[warn(unused)]`) on by default

warning: unused variable: `source`
  --> crates/souc/tests/effect_continuations.rs:16:9
   |
16 |     let source = r#"
   |         ^^^^^^ help: if this is intentional, prefix it with an underscore: `_source`

warning: `souc` (test "mir_pipeline_tests") generated 7 warnings (run `cargo fix --test "mir_pipeline_tests" -p souc` to apply 7 suggestions)
warning: constant `EPSILON` is never used
  --> crates/souc/tests/onn_integration.rs:16:7
   |
16 | const EPSILON: f32 = 1e-5;
   |       ^^^^^^^
   |
   = note: `#[warn(dead_code)]` (part of `#[warn(unused)]`) on by default

warning: constant `GRAD_CHECK_EPSILON` is never used
  --> crates/souc/tests/onn_integration.rs:17:7
   |
17 | const GRAD_CHECK_EPSILON: f32 = 1e-4;
   |       ^^^^^^^^^^^^^^^^^^

warning: function `approx_eq` is never used
  --> crates/souc/tests/onn_integration.rs:19:4
   |
19 | fn approx_eq(a: f32, b: f32) -> bool {
   |    ^^^^^^^^^

warning: function `approx_eq_slice` is never used
  --> crates/souc/tests/onn_integration.rs:23:4
   |
23 | fn approx_eq_slice(a: &[f32], b: &[f32]) -> bool {
   |    ^^^^^^^^^^^^^^^

warning: `souc` (test "pac_learning") generated 1 warning (run `cargo fix --test "pac_learning" -p souc` to apply 1 suggestion)
warning: `souc` (test "integration_epistemic_backends") generated 3 warnings
warning: `souc` (test "runtime_linking_test") generated 1 warning (run `cargo fix --test "runtime_linking_test" -p souc` to apply 1 suggestion)
warning: associated items `zero`, `norm_sq`, and `norm` are never used
  --> crates/souc/tests/integration_sedenion_numerical.rs:36:12
   |
31 |     impl Quaternion {
   |     --------------- associated items in this implementation
...
36 |         fn zero() -> Self {
   |            ^^^^
...
44 |         fn norm_sq(&self) -> f32 {
   |            ^^^^^^^
...
48 |         fn norm(&self) -> f32 {
   |            ^^^^
   |
   = note: `#[warn(dead_code)]` (part of `#[warn(unused)]`) on by default

warning: associated items `zero`, `norm_sq`, `norm`, and `distance` are never used
   --> crates/souc/tests/integration_sedenion_numerical.rs:118:12
    |
104 |     impl Octonion {
    |     ------------- associated items in this implementation
...
118 |         fn zero() -> Self {
    |            ^^^^
...
128 |         fn norm_sq(&self) -> f32 {
    |            ^^^^^^^
...
139 |         fn norm(&self) -> f32 {
    |            ^^^^
...
175 |         fn distance(&self, other: &Self) -> f32 {
    |            ^^^^^^^^

warning: `souc` (test "effect_continuations") generated 4 warnings (run `cargo fix --test "effect_continuations" -p souc` to apply 4 suggestions)
warning: `souc` (test "integration_sedenion_numerical") generated 2 warnings
warning: `souc` (test "network_resilience") generated 1 warning
warning: unnecessary `unsafe` block
  --> crates/souc/tests/qnn_native_runtime_test.rs:37:9
   |
37 |         unsafe {
   |         ^^^^^^ unnecessary `unsafe` block
   |
   = note: `#[warn(unused_unsafe)]` (part of `#[warn(unused)]`) on by default

warning: unnecessary `unsafe` block
  --> crates/souc/tests/qnn_native_runtime_test.rs:51:9
   |
51 |         unsafe {
   |         ^^^^^^ unnecessary `unsafe` block

warning: unnecessary `unsafe` block
  --> crates/souc/tests/qnn_native_runtime_test.rs:63:20
   |
63 |         let norm = unsafe { sounio_quat_norm(q.as_ptr()) };
   |                    ^^^^^^ unnecessary `unsafe` block

warning: unnecessary `unsafe` block
  --> crates/souc/tests/qnn_native_runtime_test.rs:73:23
   |
73 |         let norm_sq = unsafe { sounio_quat_norm_sq(q.as_ptr()) };
   |                       ^^^^^^ unnecessary `unsafe` block

warning: unnecessary `unsafe` block
  --> crates/souc/tests/qnn_native_runtime_test.rs:83:9
   |
83 |         unsafe {
   |         ^^^^^^ unnecessary `unsafe` block

warning: unnecessary `unsafe` block
  --> crates/souc/tests/qnn_native_runtime_test.rs:97:9
   |
97 |         unsafe {
   |         ^^^^^^ unnecessary `unsafe` block

warning: unnecessary `unsafe` block
   --> crates/souc/tests/qnn_native_runtime_test.rs:111:9
    |
111 |         unsafe {
    |         ^^^^^^ unnecessary `unsafe` block

warning: unnecessary `unsafe` block
   --> crates/souc/tests/qnn_native_runtime_test.rs:126:9
    |
126 |         unsafe {
    |         ^^^^^^ unnecessary `unsafe` block

warning: unnecessary `unsafe` block
   --> crates/souc/tests/qnn_native_runtime_test.rs:142:9
    |
142 |         unsafe {
    |         ^^^^^^ unnecessary `unsafe` block

warning: unnecessary `unsafe` block
   --> crates/souc/tests/qnn_native_runtime_test.rs:159:9
    |
159 |         unsafe {
    |         ^^^^^^ unnecessary `unsafe` block

warning: unnecessary `unsafe` block
   --> crates/souc/tests/qnn_native_runtime_test.rs:176:9
    |
176 |         unsafe {
    |         ^^^^^^ unnecessary `unsafe` block

warning: unnecessary `unsafe` block
   --> crates/souc/tests/qnn_native_runtime_test.rs:193:9
    |
193 |         unsafe {
    |         ^^^^^^ unnecessary `unsafe` block

warning: unnecessary `unsafe` block
   --> crates/souc/tests/qnn_native_runtime_test.rs:208:9
    |
208 |         unsafe {
    |         ^^^^^^ unnecessary `unsafe` block

warning: unnecessary `unsafe` block
   --> crates/souc/tests/qnn_native_runtime_test.rs:243:9
    |
243 |         unsafe {
    |         ^^^^^^ unnecessary `unsafe` block

warning: unused import: `super::*`
   --> crates/souc/tests/phase2_integration/common.rs:186:9
    |
186 |     use super::*;
    |         ^^^^^^^^
    |
    = note: `#[warn(unused_imports)]` (part of `#[warn(unused)]`) on by default

warning: unused import: `super::*`
   --> crates/souc/tests/phase2_integration/sparse_quat_integration.rs:210:9
    |
210 |     use super::*;
    |         ^^^^^^^^

warning: unnecessary `unsafe` block
   --> crates/souc/tests/qnn_native_runtime_test.rs:271:9
    |
271 |         unsafe {
    |         ^^^^^^ unnecessary `unsafe` block

warning: unnecessary `unsafe` block
   --> crates/souc/tests/qnn_native_runtime_test.rs:314:9
    |
314 |         unsafe {
    |         ^^^^^^ unnecessary `unsafe` block

warning: unnecessary `unsafe` block
   --> crates/souc/tests/qnn_native_runtime_test.rs:329:9
    |
329 |         unsafe {
    |         ^^^^^^ unnecessary `unsafe` block

warning: unnecessary `unsafe` block
   --> crates/souc/tests/qnn_native_runtime_test.rs:345:9
    |
345 |         unsafe {
    |         ^^^^^^ unnecessary `unsafe` block

warning: unused variable: `batch_idx`
   --> crates/souc/tests/phase2_integration/combined_pipeline.rs:177:17
    |
177 |             for batch_idx in 0..5 {
    |                 ^^^^^^^^^ help: if this is intentional, prefix it with an underscore: `_batch_idx`
    |
    = note: `#[warn(unused_variables)]` (part of `#[warn(unused)]`) on by default

warning: unused variable: `harness`
   --> crates/souc/tests/phase2_integration/mixed_precision_integration.rs:150:13
    |
150 |         let harness = Phase2TestHarness::new();
    |             ^^^^^^^ help: if this is intentional, prefix it with an underscore: `_harness`

warning: unused variable: `harness`
   --> crates/souc/tests/phase2_integration/qat_integration.rs:243:13
    |
243 |         let harness = Phase2TestHarness::new();
    |             ^^^^^^^ help: if this is intentional, prefix it with an underscore: `_harness`

warning: unused variable: `harness`
   --> crates/souc/tests/phase2_integration/qat_integration.rs:476:13
    |
476 |         let harness = Phase2TestHarness::new();
    |             ^^^^^^^ help: if this is intentional, prefix it with an underscore: `_harness`

warning: unused variable: `weight_scale`
   --> crates/souc/tests/phase2_integration/qat_integration.rs:546:13
    |
546 |         let weight_scale = 1.0 / 127.0;
    |             ^^^^^^^^^^^^ help: if this is intentional, prefix it with an underscore: `_weight_scale`

warning: unused variable: `harness`
  --> crates/souc/tests/phase2_integration/sparse_quat_integration.rs:75:13
   |
75 |         let harness = Phase2TestHarness::new();
   |             ^^^^^^^ help: if this is intentional, prefix it with an underscore: `_harness`

warning: unused variable: `with_import`
   --> crates/souc/tests/integration_cli.rs:758:9
    |
758 |     let with_import = create_test_file(&temp_dir, "with_import.sio", "import math\n\nfn main() -> i64 { math::add(1, 2) }");
    |         ^^^^^^^^^^^ help: if this is intentional, prefix it with an underscore: `_with_import`
    |
    = note: `#[warn(unused_variables)]` (part of `#[warn(unused)]`) on by default

warning: function `has_llvm_feature` is never used
  --> crates/souc/tests/integration_cli.rs:72:4
   |
72 | fn has_llvm_feature() -> bool {
   |    ^^^^^^^^^^^^^^^^
   |
   = note: `#[warn(dead_code)]` (part of `#[warn(unused)]`) on by default

warning: unused import: `EpistemicImpact`
  --> crates/souc/tests/real_effect_handlers.rs:17:19
   |
17 |     Continuation, EpistemicImpact, HandlerCapability, HandlerResult, HandlerState,
   |                   ^^^^^^^^^^^^^^^
   |
   = note: `#[warn(unused_imports)]` (part of `#[warn(unused)]`) on by default

warning: `souc` (test "onn_integration") generated 4 warnings
warning: `souc` (test "integration_cli") generated 2 warnings (run `cargo fix --test "integration_cli" -p souc` to apply 1 suggestion)
warning: method `dot` is never used
  --> crates/souc/tests/integration_onn_training_sanity.rs:78:12
   |
35 |     impl Octonion {
   |     ------------- method in this implementation
...
78 |         fn dot(&self, other: &Self) -> f64 {
   |            ^^^
   |
   = note: `#[warn(dead_code)]` (part of `#[warn(unused)]`) on by default

warning: `souc` (test "qnn_native_runtime_test") generated 18 warnings
warning: `souc` (test "integration_onn_training_sanity") generated 1 warning
warning: `souc` (test "real_effect_handlers") generated 1 warning (run `cargo fix --test "real_effect_handlers" -p souc` to apply 1 suggestion)
warning: unused import: `super::*`
   --> crates/souc/tests/glm_optimization_integration_test.rs:307:9
    |
307 |     use super::*;
    |         ^^^^^^^^
    |
    = note: `#[warn(unused_imports)]` (part of `#[warn(unused)]`) on by default

warning: unused import: `MirConstant`
  --> crates/souc/tests/mir_regression_tests.rs:12:26
   |
12 | use sounio::mir::types::{MirConstant, MirType};
   |                          ^^^^^^^^^^^
   |
   = note: `#[warn(unused_imports)]` (part of `#[warn(unused)]`) on by default

warning: unused imports: `BlockId`, `MirFunction`, `MirModule`, and `ValueId`
  --> crates/souc/tests/mir_regression_tests.rs:13:19
   |
13 | use sounio::mir::{BlockId, MirFunction, MirModule, ValueId};
   |                   ^^^^^^^  ^^^^^^^^^^^  ^^^^^^^^^  ^^^^^^^

warning: unused variable: `const_0`
   --> crates/souc/tests/mir_regression_tests.rs:146:9
    |
146 |     let const_0 = func_builder.build_i64(0);
    |         ^^^^^^^ help: if this is intentional, prefix it with an underscore: `_const_0`
    |
    = note: `#[warn(unused_variables)]` (part of `#[warn(unused)]`) on by default

warning: unused variable: `loop_analysis`
   --> crates/souc/tests/mir_regression_tests.rs:174:9
    |
174 |     let loop_analysis = LoopAnalysis::analyze_function(func);
    |         ^^^^^^^^^^^^^ help: if this is intentional, prefix it with an underscore: `_loop_analysis`

warning: unused variable: `param_y`
   --> crates/souc/tests/mir_regression_tests.rs:533:9
    |
533 |     let param_y = func_builder.get_param(1);
    |         ^^^^^^^ help: if this is intentional, prefix it with an underscore: `_param_y`

warning: unused variable: `param_z`
   --> crates/souc/tests/mir_regression_tests.rs:534:9
    |
534 |     let param_z = func_builder.get_param(2);
    |         ^^^^^^^ help: if this is intentional, prefix it with an underscore: `_param_z`

warning: `souc` (test "glm_optimization_integration_test") generated 1 warning (run `cargo fix --test "glm_optimization_integration_test" -p souc` to apply 1 suggestion)
warning: `souc` (test "phase2_integration") generated 8 warnings (run `cargo fix --test "phase2_integration" -p souc` to apply 8 suggestions)
warning: `souc` (test "mir_regression_tests") generated 6 warnings (run `cargo fix --test "mir_regression_tests" -p souc` to apply 6 suggestions)
warning: `souc` (lib test) generated 13 warnings (run `cargo fix --lib -p souc --tests` to apply 9 suggestions)
    Finished `test` profile [unoptimized + debuginfo] target(s) in 2m 21s
     Running unittests src/lib.rs (artifacts/diagnostic/final-20260220T115414Z/cargo-target/debug/deps/sounio-c6a0dd4f4baeb253)

running 4853 tests
test analysis::r#abstract::congruence::tests::test_congruence_add ... ok
test analysis::r#abstract::congruence::tests::test_congruence_alignment ... ok
test analysis::r#abstract::congruence::tests::test_congruence_and_const ... ok
test analysis::r#abstract::congruence::tests::test_congruence_constant ... ok
test analysis::r#abstract::congruence::tests::test_congruence_even_odd ... ok
test analysis::r#abstract::congruence::tests::test_congruence_join ... ok
test analysis::r#abstract::congruence::tests::test_congruence_lattice ... ok
test analysis::r#abstract::congruence::tests::test_congruence_meet ... ok
test analysis::r#abstract::congruence::tests::test_congruence_meet_incompatible ... ok
test analysis::r#abstract::congruence::tests::test_congruence_neg ... ok
test analysis::r#abstract::congruence::tests::test_congruence_mul ... ok
test analysis::r#abstract::congruence::tests::test_congruence_shift ... ok
test analysis::r#abstract::congruence::tests::test_gcd ... ok
test analysis::r#abstract::domain::tests::test_flat_domain ... ok
test analysis::r#abstract::domain::tests::test_lifted_domain ... ok
test analysis::r#abstract::domain::tests::test_bool_domain ... ok
test analysis::r#abstract::intervals::tests::test_interval_add ... ok
test analysis::r#abstract::intervals::tests::test_interval_assume ... ok
test analysis::r#abstract::intervals::tests::test_interval_is_non_negative ... ok
test analysis::r#abstract::intervals::tests::test_interval_constant ... ok
test analysis::r#abstract::domain::tests::test_powerset_domain ... ok
test analysis::r#abstract::fixpoint::tests::test_scc_decomposition ... ok
test analysis::r#abstract::intervals::tests::test_interval_join ... ok
test analysis::r#abstract::intervals::tests::test_interval_creation ... ok
test analysis::r#abstract::fixpoint::tests::test_unreachable_block ... ok
test analysis::r#abstract::intervals::tests::test_interval_neg ... ok
test analysis::r#abstract::intervals::tests::test_interval_sub ... ok
test analysis::r#abstract::intervals::tests::test_interval_widen ... ok
test analysis::r#abstract::fixpoint::tests::test_fixpoint_config ... ok
test analysis::r#abstract::octagon::tests::test_octagon_assign_const ... ok
test analysis::r#abstract::octagon::tests::test_octagon_assign_add_const ... ok
test analysis::r#abstract::octagon::tests::test_octagon_bottom ... ok
test analysis::r#abstract::intervals::tests::test_interval_eq ... ok
test analysis::r#abstract::fixpoint::tests::test_simple_fixpoint ... ok
test analysis::r#abstract::intervals::tests::test_interval_mul ... ok
test analysis::r#abstract::fixpoint::tests::test_loop_fixpoint ... ok
test analysis::r#abstract::intervals::tests::test_interval_lattice_properties ... ok
test analysis::r#abstract::octagon::tests::test_octagon_interval ... ok
test analysis::r#abstract::octagon::tests::test_octagon_widen ... ok
test analysis::r#abstract::product::tests::test_interval_congruence_alignment ... ok
test analysis::r#abstract::intervals::tests::test_threshold_widening ... ok
test analysis::r#abstract::product::tests::test_interval_sign_reduction_reverse ... ok
test analysis::r#abstract::product::tests::test_numeric_domain_ops ... ok
test analysis::r#abstract::intervals::tests::test_interval_lt ... ok
test analysis::r#abstract::octagon::tests::test_octagon_diff_constraint ... ok
test analysis::r#abstract::product::tests::test_numeric_domain ... ok
test analysis::r#abstract::intervals::tests::test_interval_meet ... ok
test analysis::r#abstract::octagon::tests::test_octagon_forget ... ok
test analysis::r#abstract::octagon::tests::test_octagon_join ... ok
test analysis::r#abstract::octagon::tests::test_octagon_meet ... ok
test analysis::r#abstract::product::tests::test_product_basic ... ok
test analysis::r#abstract::product::tests::test_interval_congruence_reduction ... ok
test analysis::r#abstract::product::tests::test_product_meet ... ok
test analysis::r#abstract::product::tests::test_interval_sign_reduction ... ok
test analysis::r#abstract::signs::tests::test_sign_add ... ok
test analysis::r#abstract::product::tests::test_interval_sign_ops ... ok
test analysis::r#abstract::octagon::tests::test_octagon_assign_var ... ok
test analysis::r#abstract::intervals::tests::test_interval_is_positive ... ok
test analysis::r#abstract::product::tests::test_product_bottom ... ok
test analysis::r#abstract::octagon::tests::test_octagon_assume_lt ... ok
test analysis::r#abstract::signs::tests::test_sign_assume ... ok
test analysis::r#abstract::signs::tests::test_sign_creation ... ok
test analysis::r#abstract::product::tests::test_product_join ... ok
test analysis::r#abstract::signs::tests::test_sign_from_int ... ok
test analysis::r#abstract::signs::tests::test_sign_lattice ... ok
test analysis::r#abstract::signs::tests::test_sign_abs ... ok
test analysis::r#abstract::signs::tests::test_sign_lt ... ok
test analysis::r#abstract::intervals::tests::test_interval_narrow ... ok
test analysis::r#abstract::signs::tests::test_sign_div ... ok
test analysis::r#abstract::signs::tests::test_sign_join ... ok
test analysis::r#abstract::tests::test_array_bounds_maybe_unsafe ... ok
test analysis::r#abstract::signs::tests::test_sign_mul ... ok
test analysis::r#abstract::tests::test_array_bounds_safe ... ok
test analysis::r#abstract::signs::tests::test_sign_meet ... ok
test analysis::r#abstract::tests::test_loop_invariant ... ok
test analysis::r#abstract::tests::test_abstract_interpreter_creation ... ok
test analysis::r#abstract::tests::test_safety_result_variants ... ok
test analysis::r#abstract::tests::test_array_bounds_always_unsafe ... ok
test analysis::r#abstract::tests::test_loop_invariant_predicate ... ok
test analysis::r#abstract::transfer::tests::test_abstract_state_meet ... ok
test analysis::r#abstract::transfer::tests::test_cond_branch_transfer ... ok
test analysis::r#abstract::tests::test_invariant_to_predicate ... ok
test analysis::r#abstract::transfer::tests::test_interval_transfer_add ... ok
test analysis::r#abstract::signs::tests::test_sign_neg ... ok
test analysis::r#abstract::transfer::tests::test_interval_transfer_const ... ok
test analysis::r#abstract::transfer::tests::test_abstract_state_basic ... ok
test analysis::r#abstract::transfer::tests::test_abstract_state_join ... ok
test analysis::r#abstract::transfer::tests::test_unreachable_state ... ok
test analysis::r#abstract::transfer::tests::test_numeric_transfer ... ok
test analyze::dead_code::tests::test_dead_code_report_empty ... ok
test analysis::r#abstract::transfer::tests::test_interval_transfer_comparison ... ok
test analyze::dead_code::tests::test_dead_code_report_with_issues ... ok
test analyze::dead_code::tests::test_default_config ... ok
test analyze::metrics::tests::test_complexity_calculation ... ok
test backend::cps_transform::tests::test_cps_context_creation ... ok
test backend::cps_transform::tests::test_cps_context_full_mode ... ok
test backend::cps_transform::tests::test_cps_transform_creation ... ok
test backend::cps_transform::tests::test_native_continuation_creation ... ok
test backend::effect_dispatch::tests::test_unified_runtime_creation ... ignored, Uses global handler stack, conflicts with parallel tests
test backend::effect_dispatch::tests::test_unified_runtime_dispatch_div ... ignored, Uses global handler stack, conflicts with parallel tests
test backend::effect_dispatch::tests::test_effect_op_names ... ok
test backend::effect_dispatch::tests::test_effect_op_parse ... ok
test analyze::dead_code::tests::test_item_kind_display ... ok
test analyze::dead_code::tests::test_unreachable_reason_display ... ok
test backend::effect_dispatch::tests::test_unified_runtime_dispatch_mut ... ignored, Uses global handler stack, conflicts with parallel tests
test backend::effect_dispatch::tests::test_unified_runtime_push_pop ... ignored, Uses global handler stack, conflicts with parallel tests
test backend::cps_transform::tests::test_cps_analysis_detects_effects ... ok
test backend::effect_dispatch::tests::test_unified_runtime_no_handler ... ok
test backend::effect_dispatch::tests::test_unified_runtime_invalid_args ... ok
test backend::cps_transform::tests::test_cps_analysis_ignores_pure_functions ... ok
test backend::cps_transform::tests::test_cps_transform_effectful_function ... ok
test backend::native::aarch64::tests::test_register_encoding ... ok
test backend::native::aarch64::tests::test_mov_imm64 ... ok
test backend::native::aarch64::tests::test_add_imm_encoding ... ok
test backend::native::alloc::tests::test_live_interval_priority ... ok
test backend::native::aarch64::tests::test_callee_saved ... ok
test backend::native::aarch64::tests::test_branch_encoding ... ok
test backend::native::alloc::tests::test_spill_slot_manager ... ok
test backend::native::aarch64::tests::test_prologue_epilogue ... ok
test backend::native::alloc::tests::test_register_pool ... ok
test backend::native::autodiff_runtime::tests::test_c_api_reverse_mode ... ok
test backend::native::autodiff_runtime::tests::test_tape_add ... ok
test backend::native::autodiff_runtime::tests::test_tape_composite_quadratic ... ok
test backend::native::alloc::tests::test_critical_preservation ... ok
test backend::native::alloc::tests::test_simple_allocation ... ok
test backend::native::autodiff_runtime::tests::test_c_api_exp_log_round_trip ... ok
test backend::native::autodiff_runtime::tests::test_tape_chain_rule_deep ... ok
test backend::native::alloc::tests::test_confidence_degradation ... ok
test backend::native::autodiff_runtime::tests::test_tape_exp ... ok
test backend::native::autodiff_runtime::tests::test_tape_fma ... ok
test backend::native::autodiff_runtime::tests::test_tape_log ... ok
test backend::native::autodiff_runtime::tests::test_tape_mul ... ok
test backend::native::autodiff_runtime::tests::test_tape_neg ... ok
test backend::native::autodiff_runtime::tests::test_tape_relu ... ok
test backend::native::alloc::tests::test_spill_low_confidence ... ok
test backend::native::autodiff_runtime::tests::test_tape_pow ... ok
test backend::native::autodiff_runtime::tests::test_tape_sigmoid ... ok
test backend::native::autodiff_runtime::tests::test_tape_sin_cos ... ok
test backend::native::autodiff_runtime::tests::test_tape_rosenbrock ... ok
test backend::native::autodiff_runtime::tests::test_tape_sub_div ... ok
test backend::native::continuation::tests::test_continuation_creation ... ok
test backend::native::autodiff_runtime::tests::test_tape_gradient_accumulation ... ok
test backend::native::continuation::tests::test_platform_continuation ... ok
test backend::native::autodiff_runtime::tests::test_tape_sqrt ... ok
test backend::native::effects::tests::test_emit_pop_handler_generates_code ... ok
test backend::native::effects::tests::test_emit_push_handler_generates_code ... ok
test backend::native::effects::tests::test_get_runtime_function_name ... ok
test backend::native::effects::tests::test_native_dispatcher_creation ... ok
test backend::native::effects::tests::test_native_dispatcher_dispatch ... ok
test backend::native::autodiff_runtime::tests::test_tape_tanh ... ok
test backend::native::effects::tests::test_native_dispatcher_push_pop ... ok
test backend::native::continuation::tests::test_continuation_one_shot ... ok
test backend::native::elf::tests::test_code_segment_conversion ... ok
test backend::native::elf::tests::test_elf_with_symbol ... ok
test backend::native::elf::tests::test_elf_with_code ... ok
test backend::native::effects::tests::test_emit_effect_dispatch_generates_code ... ok
test backend::native::elf::tests::test_minimal_elf ... ok
test backend::native::metrics::tests::test_thermal_degradation ... ok
test backend::native::metrics::tests::test_epistemic_propagation ... ok
test backend::native::metrics::tests::test_hardware_knowledge_integration ... ok
test backend::native::pe::tests::test_coff_header_machine_type ... ok
test backend::native::metrics::tests::test_power_estimation ... ok
test backend::native::pe::tests::test_empty_coff_header ... ok
test backend::native::pe::tests::test_multi_section_layout ... ok
test backend::native::metrics::tests::test_confidence_floor ... ok
test backend::native::pe::tests::test_prologue_epilogue_roundtrip ... ok
test backend::native::pe::tests::test_section_characteristics ... ok
test backend::native::pe::tests::test_symbol_long_name_in_string_table ... ok
test backend::native::pe::tests::test_symbol_short_name ... ok
test backend::native::metrics::tests::test_dvfs_scaling ... ok
test backend::native::metrics::tests::test_cycle_estimation ... ok
test backend::native::quat_runtime_i8::tests::test_batch_norm ... ok
test backend::native::pe::tests::test_relocation_constants ... ok
test backend::native::pe::tests::test_symbol_table_offset_correct ... ok
test backend::native::quat_runtime_i8::tests::test_quantize_dequantize_roundtrip ... ok
test backend::native::quat_runtime_i8::tests::test_identity_multiply ... ok
test backend::native::pe::tests::test_win64_arg_regs ... ok
test backend::native::quat_runtime_i8::tests::test_quat_mul_i8_int32 ... ok
test backend::native::quat_simd_avx2::tests::test_avx2_batch_mul ... ok
test backend::native::quat_simd_avx2::tests::test_avx2_quat_mul ... ok
test backend::native::pe::tests::test_add_text_section ... ok
test backend::native::runtime::tests::test_runtime_symbols ... ok
test backend::native::quat_runtime_i8::tests::test_quat_i8_new ... ok
test backend::native::thermal::tests::test_degradation_warnings ... ok
test backend::native::quat_runtime_i8::tests::test_dequantize ... ok
test backend::native::thermal::tests::test_epistemic_degradation ... ok
test backend::native::quat_simd_dispatch::tests::test_simd_level_detection ... ok
test backend::native::tests::test_block_analysis ... ok
test backend::native::thermal::tests::test_remaining_lifetime ... ok
test backend::native::thermal::tests::test_temperature_acceleration ... ok
test backend::native::runtime::tests::test_start_asm ... ok
test backend::native::thermal::tests::test_thermal_state ... ok
test backend::native::thermal::tests::test_thermal_variance ... ok
test backend::native::tests::test_backend_creation ... ok
test backend::native::thermal::tests::test_arrhenius_degradation ... ok
test backend::native::quat_simd_dispatch::tests::test_scalar_quat_mul ... ok
test backend::native::thermal::tests::test_model_variants ... ok
test bio::dna::tests::test_dna_shift ... ok
test bio::dna::tests::test_dna_reverse_complement ... ok
test bio::dna::tests::test_dna_reverse ... ok
test bio::dna::tests::test_reverse_involution ... ok
test bio::dna::tests::test_base_complement ... ok
test bio::gf4::tests::test_gf4_addition ... ok
test bio::gf4::tests::test_gf4_multiplication ... ok
test bio::dna::tests::test_dna_complement ... ok
test bio::quaternion::tests::test_quaternion_multiplication ... ok
test bio::dna::tests::test_gc_content ... ok
test backend::native::tests::test_thermal_accumulation ... ok
test bio::quaternion::tests::test_slerp ... ok
test backend::native::runtime::tests::test_generate_runtime ... ok
test bio::dna::tests::test_hamming_distance ... ok
test bio::dna::tests::test_operator_composition ... ok
test backend::native::thermal::tests::test_self_heating ... ok
test bio::dna::tests::test_complement_involution ... ok
test bio::gf4::tests::test_gf4_vector_operations ... ok
test bio::gf4::tests::test_dna_to_gf4_roundtrip ... ok
test bio::transmission::tests::test_distortion ... ok
test bio::transmission::tests::test_history ... ok
test bio::transmission::tests::test_interpolation ... ok
test bio::gf4::tests::test_multiplicative_inverse ... ok
test bio::quaternion::tests::test_quaternion_noncommutativity ... ok
test bio::quaternion::tests::test_unit_quaternion_inverse ... ok
test bio::transmission::tests::test_composition_noncommutative ... ok
test bio::transmission::tests::test_entropy ... ok
test build::cache::tests::test_cache_key ... ok
test build::cache::tests::test_artifact_cache ... ok
test bio::quaternion::tests::test_rotation ... ok
test bio::transmission::tests::test_pure_channels ... ok
test bio::transmission::tests::test_transmission_unit ... ok
test build::cache::tests::test_cache_eviction ... ok
test build::cache::tests::test_cache_persistence ... ok
test bio::quaternion::tests::test_unit_quaternion_norm ... ok
test build::change::tests::test_watch_patterns ... ok
test build::config::tests::test_build_paths ... ok
test build::config::tests::test_build_config_presets ... ok
test build::change::tests::test_scan_directory ... ok
test build::config::tests::test_build_profile ... ok
test build::config::tests::test_feature_config ... ok
test build::config::tests::test_opt_level ... ok
test build::config::tests::test_config_hash ... ok
test build::graph::tests::test_build_graph_basic ... ok
test build::graph::tests::test_content_hash ... ok
test build::graph::tests::test_cycle_detection ... ok
test build::config::tests::test_target_parse ... ok
test build::graph::tests::test_dependency_tracking ... ok
test build::config::tests::test_target_triple ... ok
test build::graph::tests::test_invalidation ... ok
test build::parallel::tests::test_job_server ... ok
test build::graph::tests::test_topological_sort ... ok
test build::parallel::tests::test_priority_scheduling ... ok
test build::parallel::tests::test_build_scheduler ... ok
test build::query::tests::test_query_key ... ok
test build::query::tests::test_hit_rate ... ok
test build::query::tests::test_query_invalidation ... ok
test build::query::tests::test_query_cache ... ok
test build::tests::test_build_report ... ok
test build::tests::test_build_stats ... ok
test build::query::tests::test_gc ... ok
test causal::composition::tests::test_causal_join_concordant ... ok
test build::query::tests::test_revision ... ok
test causal::counterfactual::tests::test_causation_type_display ... ok
test build::tests::test_build_manager_creation ... ok
test build::query::tests::test_query_dependencies ... ok
test causal::composition::tests::test_causal_tensor ... ok
test causal::counterfactual::tests::test_counterfactual_query_display ... ok
test causal::composition::tests::test_causal_join_irreconcilable_structure ... ok
test causal::dag::tests::test_add_edge ... ok
test causal::dag::tests::test_create_dag ... ok
test causal::composition::tests::test_condition_on_evidence ... ok
test causal::composition::tests::test_meta_analysis ... ok
test causal::dag::tests::test_intervene_remove_incoming ... ok
test causal::dag::tests::test_ontology_binding ... ok
test causal::dag::tests::test_parents_children ... ok
test causal::discovery::tests::test_correlation_perfect_positive ... ok
test causal::counterfactual::tests::test_counterfactual_basic ... ok
test causal::discovery::tests::test_data_matrix_column ... ok
test causal::dag::tests::test_edge_not_found ... ok
test causal::discovery::tests::test_data_matrix_creation ... ok
test causal::dag::tests::test_node_types ... ok
test causal::dag::tests::test_path_effect ... ok
test causal::discovery::tests::test_ci_test_dependent ... ok
test causal::discovery::tests::test_correlation_perfect_negative ... ok
test causal::discovery::tests::test_correlation_matrix_identity ... ok
test causal::discovery::tests::test_fisher_z_insufficient_dof ... ok
test causal::discovery::tests::test_data_matrix_dimension_mismatch ... ok
test causal::discovery::tests::test_fisher_z_positive ... ok
test causal::discovery::tests::test_ci_test_independent ... ok
test causal::discovery::tests::test_fisher_z_zero ... ok
test causal::discovery::tests::test_data_matrix_var_index ... ok
test causal::discovery::tests::test_generate_collider_data ... ok
test causal::discovery::tests::test_fisher_z_negative ... ok
test causal::discovery::tests::test_generate_diamond_data ... ok
test causal::discovery::tests::test_invert_2x2 ... ok
test causal::discovery::tests::test_invert_identity ... ok
test causal::discovery::tests::test_invert_singular ... ok
test causal::discovery::tests::test_data_matrix_empty ... ok
test causal::discovery::tests::test_meek_r1 ... ok
test causal::discovery::tests::test_normal_cdf_extremes ... ok
test causal::discovery::tests::test_normal_cdf_positive ... ok
test causal::discovery::tests::test_normal_cdf_zero ... ok
test causal::discovery::tests::test_lcg_deterministic ... ok
test causal::discovery::tests::test_meek_r2 ... ok
test causal::discovery::tests::test_normal_cdf_negative ... ok
test causal::discovery::tests::test_generate_chain_data ... ok
test causal::discovery::tests::test_generate_fork_data ... ok
test causal::discovery::tests::test_pc_config_default ... ok
test causal::discovery::tests::test_pc_error_display ... ok
test causal::discovery::tests::test_pc_insufficient_data ... ok
test causal::discovery::tests::test_subsets_size_0 ... ok
test causal::discovery::tests::test_subsets_too_large ... ok
test causal::discovery::tests::test_subsets_size_1 ... ok
test causal::discovery::tests::test_subsets_size_2 ... ok
test causal::discovery::tests::test_pc_independent ... ok
test causal::discovery::tests::test_undirected_edge_normalization ... ok
test causal::discovery::tests::test_v_structure_collider ... ok
test causal::discovery::tests::test_v_structure_non_collider ... ok
test causal::do_calculus::tests::test_causal_query ... ok
test causal::do_calculus::tests::test_backdoor_adjustment ... ok
test causal::do_calculus::tests::test_do_intervention ... ok
test causal::do_calculus::tests::test_is_identifiable ... ok
test causal::effects::tests::test_ate_confidence_interval ... ok
test causal::discovery::tests::test_randn_distribution ... ok
test causal::effects::tests::test_ate_creation ... ok
test causal::effects::tests::test_late_weak_instrument ... ok
test causal::effects::tests::test_average_treatment_effect ... ok
test causal::effects::tests::test_mediation_effects ... ok
test causal::graph::tests::test_ancestors ... ok
test causal::graph::tests::test_create_graph ... ok
test causal::discovery::tests::test_pc_config_max_depth ... ok
test causal::graph::tests::test_cycle_detection ... ok
test causal::graph::tests::test_descendants ... ok
test causal::graph::tests::test_d_separation_chain ... ok
test causal::graph::tests::test_d_separation_collider ... ok
test causal::graph::tests::test_d_separation_fork ... ok
test causal::graph::tests::test_find_mediators ... ok
test causal::graph::tests::test_graph_do ... ok
test causal::graph::tests::test_topological_order ... ok
test causal::identifiability::tests::test_ancestors_of ... ok
test causal::identifiability::tests::test_d_separation ... ok
test causal::identifiability::tests::test_descendants_of ... ok
test causal::identifiability::tests::test_check_frontdoor_criterion ... ok
test causal::identifiability::tests::test_find_valid_adjustment_sets ... ok
test causal::identifiability::tests::test_find_backdoor_paths ... ok
test causal::identification::tests::test_do_calculus_step ... ok
test causal::identification::tests::test_identification_method_display ... ok
test causal::identification::tests::test_backdoor_identification ... ok
test causal::intervention::tests::test_ate_significance ... ok
test causal::intervention::tests::test_atomic_intervention ... ok
test causal::discovery::tests::test_pc_collider ... ok
test causal::intervention::tests::test_distribution_mean ... ok
test causal::discovery::tests::test_partial_correlation_chain ... ok
test causal::identification::tests::test_frontdoor_identification ... ok
test causal::identification::tests::test_satisfies_backdoor ... ok
test causal::intervention::tests::test_intervention_result ... ok
test causal::knowledge::tests::test_add_confounder ... ok
test causal::discovery::tests::test_pc_chain ... ok
test causal::knowledge::tests::test_do_unconfounded ... ok
test causal::intervention::tests::test_conditional_intervention ... ok
test causal::knowledge::tests::test_do_with_backdoor ... ok
test causal::discovery::tests::test_pc_result_methods ... ok
test causal::knowledge::tests::test_create_causal_knowledge ... ok
test causal::discovery::tests::test_pc_result_to_graph ... ok
test causal::discovery::tests::test_pc_fork ... ok
test causal::discovery::tests::test_pc_result_to_graph_topological_order ... ok
test causal::discovery::tests::test_skeleton_collider ... ok
test causal::discovery::tests::test_skeleton_fork ... ok
test causal::knowledge::tests::test_identify_caches ... ok
test causal::refutation::tests::test_penalty_application ... ok
test causal::discovery::tests::test_skeleton_chain ... ok
test causal::refutation::tests::test_placebo_test ... ok
test causal::knowledge::tests::test_from_knowledge ... ok
test causal::structural::tests::test_evaluate_scm ... ok
test causal::refutation::tests::test_refutation_effect_strict ... ok
test causal::structural::tests::test_intervention ... ok
test causal::structural::tests::test_mediated_effect ... ok
test causal::structural::tests::test_create_scm ... ok
test causal::structural::tests::test_custom_equation ... ok
test causal::tests::test_builder_simple_graph ... ok
test causal::tests::test_confounded_graph ... ok
test causal::tests::test_identification_summary_display ... ok
test causal::tests::test_from_graph ... ok
test causal::tests::test_d_separation ... ok
test causal::tests::test_identify_all ... ok
test causal::tests::test_builder_with_confounder ... ok
test causal::tests::test_identify_effect_convenience ... ok
test causal::tests::test_iv_graph ... ok
test causal::tests::test_is_d_separated_convenience ... ok
test causal::tests::test_type_predicate_describe ... ok
test causal::tests::test_type_predicate_d_separated ... ok
test causal::tests::test_mediation_graph ... ok
test causal::tests::test_uncertainty_decomposition_display ... ok
test causal::tests::test_type_predicate_identifiable ... ok
test causal::uplift::tests::test_customer_segment ... ok
test causal::uplift_syntax::tests::test_segment_conditions ... ok
test causal::uplift::tests::test_uplift_score_persuadable ... ok
test causal::refutation::tests::test_report_markdown ... ok
test causal::refutation::tests::test_standard_battery ... ok
test causal::uplift_syntax::tests::test_estimator_types ... ok
test causal::z3_identify::tests::test_epistemic_ate ... ok
test causal::z3_identify::tests::test_combinations ... ok
test causal::uplift_syntax::tests::test_uplift_block_codegen ... ok
test causal::uplift::tests::test_tlearner_fit_predict ... ok
test causal::z3_identify::tests::test_backdoor_identification ... ok
test causal::z3_identify::tests::test_identification_caching ... ok
test check::causal::tests::test_causal_model_single_node ... ok
test causal::z3_identify::tests::test_no_adjustment_needed ... ok
test causal::z3_identify::tests::test_confidence_computation ... ok
test check::causal::tests::test_check_causal_model_valid_dag ... ok
test check::causal::tests::test_check_causal_model_cyclic ... ok
test causal::z3_identify::tests::test_frontdoor_identification ... ok
test check::causal::tests::test_check_counterfactual_invalid_evidence ... ok
test check::causal::tests::test_check_do_bow_arc_not_identifiable ... ok
test check::causal::tests::test_check_counterfactual_no_model ... ok
test check::causal::tests::test_check_causal_model_empty ... ok
test check::causal::tests::test_check_counterfactual_valid ... ok
test causal::counterfactual::tests::test_pns_computation ... ok
test build::parallel::tests::test_parallel_executor_basic ... ok
test causal::uplift::tests::test_monotonicity_refutation ... ok
test causal::structural::tests::test_simulate ... ok
test check::causal::tests::test_check_do_chain_three_nodes ... ok
test check::causal::tests::test_check_do_empty_intervention ... ok
test check::causal::tests::test_check_do_graph_not_found ... ok
test check::causal::tests::test_check_do_frontdoor ... ok
test causal::uplift::tests::test_xlearner_fit_predict ... ok
test causal::uplift::tests::test_qini_curve ... ok
test check::causal::tests::test_check_do_invalid_query_target ... ok
test check::causal::tests::test_check_do_no_model ... ok
test check::causal::tests::test_confidence_frontdoor ... ok
test check::causal::tests::test_check_do_confounded_backdoor ... ok
test check::causal::tests::test_effect_type_confidence_not_identified ... ok
test check::causal::tests::test_format_error_graph_not_found ... ok
test check::causal::tests::test_check_do_simple_chain ... ok
test check::causal::tests::test_format_non_identifiable_error ... ok
test check::causal::tests::test_check_do_iv ... ok
test check::causal::tests::test_confidence_conditional ... ok
test check::causal::tests::test_check_do_invalid_target ... ok
test check::causal::tests::test_effect_type_confidence_identified ... ok
test check::compatibility::tests::test_annotation_display ... ok
test check::causal::tests::test_format_error_identified_returns_none ... ok
test check::compatibility::tests::test_compatibility_annotation_parse ... ok
test check::compatibility::tests::test_compatibility_is_compatible ... ok
test check::compatibility::tests::test_permissive_context ... ok
test check::compatibility::tests::test_strict_context ... ok
test check::causal::tests::test_format_error_invalid_target ... ok
test check::causal::tests::test_confidence_backdoor ... ok
test check::compatibility::tests::test_context_thresholds ... ok
test check::conformal::tests::test_conformal_basic ... ok
test check::conformal::tests::test_adaptive_conformal ... ok
test check::conformal::tests::test_conformal_uncalibrated ... ok
test check::conformal::tests::test_conformal_p_value ... ok
test causal::discovery::tests::test_pc_diamond ... ok
test check::conformal::tests::test_quantile_regressor ... ok
test check::conformal::tests::test_iri_category ... ok
test check::dependent::tests::test_dependent_type_checker_creation ... ok
test check::dependent::tests::test_dependent_type_config_default ... ok
test check::dependent::tests::test_check_refinement_simple_false ... ok
test check::dependent::tests::test_check_refinement_simple_true ... ok
test check::dependent::tests::test_e2e_cache_invalidation ... ok
test check::dependent::tests::test_e2e_confidence_chain_propagation ... ok
test check::dependent::tests::test_e2e_dependent_type_conjunction ... ok
test check::conformal::tests::test_mondrian ... ok
test check::dependent::tests::test_confidence_bound_with_known_binding ... ok
test check::dependent::tests::test_dependent_type_with_epistemic_predicate ... ok
test check::dependent::tests::test_e2e_mock_verifier_epistemic_pipeline ... ok
test check::dependent::tests::test_e2e_translate_comparison_to_epistemic ... ok
test check::dependent::tests::test_confidence_bound_insufficient ... ok
test check::dependent::tests::test_refinement_validator_depth_check ... ok
test check::dependent::tests::test_refinement_validator_not_provable ... ok
test check::dependent::tests::test_refinement_validator_provable ... ok
test check::dependent::tests::test_e2e_gradual_fallback_for_unknown ... ok
test check::dependent::tests::test_validate_dependent_type_below_threshold ... ok
test check::dependent::tests::test_e2e_dependent_type_epistemic_fails ... ok
test check::dependent::tests::test_e2e_proof_cache_hit ... ok
test check::dependent::tests::test_prove_trivially_false ... ok
test check::dependent::tests::test_e2e_refinement_with_confidence_var ... ok
test check::diagnostics::tests::test_severity_colors ... ok
test check::dependent::tests::test_translate_true_false ... ok
test check::dependent::tests::test_prove_trivially_true ... ok
test check::dependent::tests::test_validate_dependent_type_above_threshold ... ok
test check::diagnostics::tests::test_diagnostic_collector ... ok
test check::epistemic::tests::test_calculate_evidence_weight_no_evidence ... ok
test check::epistemic::tests::test_check_epistemic_refinement_gradual_allows_low_confidence ... ok
test check::diagnostics::tests::test_diagnostic_format ... ok
test check::diagnostics::tests::test_path_visualization ... ok
test check::epistemic::tests::test_check_epistemic_refinement_strict_rejects_low_confidence ... ok
test check::epistemic::tests::test_check_epistemic_refinement_holds ... ok
test check::epistemic::tests::test_calculate_evidence_weight_with_evidence ... ok
test check::epistemic::tests::test_confidence_bound_at_least ... ok
test check::epistemic::tests::test_confidence_bound_combine_product ... ok
test check::diagnostics::tests::test_suggestion ... ok
test check::epistemic::tests::test_confidence_bound_narrow ... ok
test check::epistemic::tests::test_confidence_bound_range ... ok
test check::epistemic::tests::test_confidence_bound_clamps_values ... ok
test check::epistemic::tests::test_confidence_check_classification ... ok
test check::epistemic::tests::test_bayesian_combination ... ok
test check::epistemic::tests::test_confidence_bound_combine_min ... ok
test check::epistemic::tests::test_confidence_bound_exact ... ok
test check::epistemic::tests::test_epistemic_refinement_combine ... ok
test check::epistemic::tests::test_epistemic_refinement_context ... ok
test check::epistemic::tests::test_epistemic_refinement_creation_gradual ... ok
test check::epistemic::tests::test_epistemic_refinement_context_path_narrowing ... ok
test check::epistemic::tests::test_epistemic_heterogeneity ... ok
test check::epistemic::tests::test_evidence_kind_quality_ordering ... ok
test check::epistemic::tests::test_parse_iso_to_epoch_known_date ... ok
test check::epistemic::tests::test_parse_iso_to_epoch_unix_epoch ... ok
test check::epistemic::tests::test_epistemic_refinement_creation_strict ... ok
test check::epistemic::tests::test_epistemic_refinement_display ... ok
test check::epistemic::tests::test_epistemic_refinement_from_literal ... ok
test check::epistemic::tests::test_days_from_date ... ok
test check::epistemic::tests::test_knowledge_type_with_refinement ... ok
test check::epistemic::tests::test_propagate_epistemic_refinement_binary_add ... ok
test check::epistemic::tests::test_propagate_epistemic_refinement_binary_no_propagation ... ok
test check::epistemic::tests::test_propagate_epistemic_refinement_binary_strict_wins ... ok
test check::epistemic::tests::test_refinement_propagation_add_positive ... ok
test check::epistemic::tests::test_refinement_propagation_div ... ok
test check::epistemic::tests::test_refinement_predicate_check_value ... ok
test check::epistemic::tests::test_refinement_predicate_descriptions ... ok
test check::epistemic::tests::test_refinement_propagation_add_range ... ok
test check::epistemic::tests::test_refinement_propagation_confidence ... ok
test check::epistemic::tests::test_refinement_propagation_mul ... ok
test check::epistemic::tests::test_refinement_propagation_sub_range ... ok
test causal::discovery::tests::test_pc_accuracy_collider_above_80_percent ... ok
test check::epistemic::tests::test_temporal_index_age ... ok
test check::epistemic::tests::test_temporal_index_comparison ... ok
test check::epistemic::tests::test_temporal_index_from_iso ... ok
test check::epistemic::tests::test_temporal_index_from_iso_with_time ... ok
test causal::discovery::tests::test_pc_accuracy_chain_above_80_percent ... ok
test causal::discovery::tests::test_pc_accuracy_fork_above_80_percent ... ok
test check::epistemic::tests::test_verify_epistemic_refinement_custom_empty ... ok
test check::epistemic::tests::test_bind_and_lookup ... ok
test check::epistemic::tests::test_constraint_check_confidence ... ok
test check::epistemic::tests::test_verify_epistemic_refinement_low_confidence ... ok
test check::epistemic::tests::test_verify_epistemic_refinement_verified ... ok
test check::epistemic::tests::test_weighted_bayesian_empty ... ok
test check::epistemic::tests::test_weighted_bayesian_evidence_deduplication ... ok
test check::epistemic::tests::test_weighted_bayesian_higher_weight_for_stronger_evidence ... ok
test check::epistemic::tests::test_weighted_bayesian_revisability_non_revisable ... ok
test check::epistemic::tests::test_weighted_bayesian_single ... ok
test check::pac::tests::test_constraint_collection ... ok
test check::pac::tests::test_insufficient_samples ... ok
test check::pac::tests::test_invalid_delta ... ok
test check::pac::tests::test_invalid_epsilon ... ok
test check::pac::tests::test_lookup_standard_classes ... ok
test check::pac::tests::test_pac_checker_creation ... ok
test check::pac::tests::test_sufficient_samples ... ok
test check::pac::tests::test_tight_bounds ... ok
test check::pac::tests::test_unknown_hypothesis ... ok
test check::epistemic::tests::test_epistemic_checker_new ... ok
test check::probabilistic::tests::test_distribution_normalization ... ok
test check::probabilistic::tests::test_distribution_sampling ... ok
test check::probabilistic::tests::test_hierarchical_prior_config ... ok
test check::probabilistic::tests::test_hierarchical_priors ... ok
test check::probabilistic::tests::test_probabilistic_inference_creation ... ok
test check::pac::tests::test_custom_hypothesis ... ok
test check::probabilistic::tests::test_subtype_polymorphism_checker ... ok
test check::rankn::tests::test_compute_rank ... ok
test check::rankn::tests::test_generalize ... ok
test check::rankn::tests::test_instantiate_id ... ok
test check::epistemic::tests::test_provenance_max_depth_violated ... ok
test check::epistemic::tests::test_sources_compatible_external_uri ... ok
test check::epistemic::tests::test_provenance_max_depth_satisfied ... ok
test check::epistemic::tests::test_temporal_constraint_at_time ... ok
test check::epistemic::tests::test_temporal_constraint_during_satisfied ... ok
test check::epistemic::tests::test_sources_compatible_model_prediction ... ok
test check::epistemic::tests::test_parse_timestamp_from_reference ... ok
test check::epistemic::tests::test_sources_compatible_exact_match ... ok
test check::epistemic::tests::test_sources_compatible_different_ontologies ... ok
test check::rankn::tests::test_skolemization ... ok
test check::rankn::tests::test_subsumption_concrete_not_to_forall ... ok
test check::rankn::tests::test_subsumption_effect_subset_does_not_subsume_superset ... ok
test check::rankn::tests::test_subsumption_id_to_concrete ... ok
test check::rankn::tests::test_unify_type_vars ... ok
test check::rankn::tests::test_subsumption_effect_superset_subsumes_subset ... ok
test cli::backend::tests::test_backend_parsing ... ok
test check::epistemic::tests::test_sources_compatible_derivation ... ok
test cli::backend::tests::test_opt_level_parsing ... ok
test codegen::autodiff::tests::test_chain_rule ... ok
test check::epistemic::tests::test_sources_compatible_axiom_satisfies_all ... ok
test codegen::autodiff::tests::test_dual_abs_positive ... ok
test cli::backend::tests::test_thermal_model_parsing ... ok
test codegen::autodiff::tests::test_dual_constant ... ok
test cli::backend::tests::test_backend_availability ... ok
test codegen::autodiff::tests::test_composite_function ... ok
test codegen::autodiff::tests::test_dual_abs_negative ... ok
test codegen::autodiff::tests::test_dual_exp ... ok
test codegen::autodiff::tests::test_dual_log ... ok
test check::epistemic::tests::test_temporal_constraint_no_timestamp ... ok
test codegen::autodiff::tests::test_dual_mul_product_rule ... ok
test codegen::autodiff::tests::test_dual_div ... ok
test codegen::autodiff::tests::test_dual_cos ... ok
test codegen::autodiff::tests::test_dual_mul ... ok
test codegen::autodiff::tests::test_dual_neg ... ok
test codegen::autodiff::tests::test_dual_sin ... ok
test codegen::autodiff::tests::test_dual_add ... ok
test check::epistemic::tests::test_temporal_constraint_during_violated_before ... ok
test codegen::autodiff::tests::test_dual_div_quotient_rule ... ok
test codegen::autodiff::tests::test_dual_pow_const ... ok
test codegen::autodiff::tests::test_dual_variable ... ok
test codegen::autodiff::tests::test_dual_sqrt ... ok
test codegen::autodiff::tests::test_dual_sub ... ok
test codegen::autodiff::tests::test_polynomial ... ok
test check::epistemic::tests::test_temporal_constraint_current_satisfied ... ok
test codegen::autodiff_reverse::tests::test_backward_add ... ok
test codegen::autodiff_reverse::tests::test_backward_mul ... ok
test codegen::autodiff::tests::test_dual_tan ... ok
test codegen::autodiff_tape::tests::test_tape_allocation ... ok
test codegen::autodiff_reverse::tests::test_backward_chain ... ok
test codegen::autodiff_tape::tests::test_tape_clear ... ok
test codegen::autodiff_reverse::tests::test_backward_sin ... ok
test codegen::autodiff_reverse::tests::test_jacobian_simple ... ok
test codegen::autodiff_tape::tests::test_tape_recording ... ok
test codegen::bytecode::tests::test_compile_binary_add ... ok
test codegen::autodiff_reverse::tests::test_backward_exp ... ok
test codegen::bytecode::tests::test_compile_function_with_return ... ok
test codegen::bytecode::tests::test_compile_empty_function ... ok
test codegen::cranelift::tests::test_configure_jit_registry_stub ... ok
test codegen::bytecode::tests::test_compile_field_assignment ... ok
test codegen::bytecode::tests::test_compile_literal ... ok
test codegen::bytecode::tests::test_compile_index_assignment ... ok
test codegen::bytecode::tests::test_complex_assignment_order ... ok
test codegen::debug::cfi::tests::test_cfi_builder_aarch64 ... ok
test codegen::debug::cfi::tests::test_cfi_builder_x86_64 ... ok
test codegen::cranelift::tests::test_cranelift_jit_new ... ok
test codegen::debug::source_map::tests::test_vlq_encode_decode ... ok
test codegen::debug::source_map::tests::test_source_map_lookup ... ok
test codegen::cranelift::tests::test_cranelift_jit_with_optimization ... ok
test codegen::debug::source_map::tests::test_source_map_json ... ok
test codegen::bytecode::tests::test_compile_let_statement ... ok
test codegen::debug::cfi::tests::test_leb128 ... ok
test codegen::debug::source_map::tests::test_source_map_builder ... ok
test codegen::gpu::async_pipeline::tests::test_ampere_fallback ... ok
test codegen::debug::tests::test_debug_info_builder ... ok
test codegen::debug::tests::test_uleb128 ... ok
test codegen::gpu::async_pipeline::tests::test_architecture_differences ... ok
test codegen::gpu::async_pipeline::tests::test_async_op_graph ... ok
test codegen::gpu::async_pipeline::tests::test_dependency_analysis ... ok
test codegen::gpu::async_pipeline::tests::test_barrier_allocation ... ok
test codegen::gpu::async_pipeline::tests::test_prologue_generation ... ok
test codegen::gpu::async_pipeline::tests::test_ptx_mbarrier_emission ... ok
test codegen::gpu::async_pipeline::tests::test_schedule_generation ... ok
test codegen::gpu::async_pipeline::tests::test_tile_config_pipeline ... ok
test codegen::gpu::async_pipeline::tests::test_turing_fallback ... ok
test codegen::gpu::autodiff::codegen::tests::test_backward_codegen_creation ... ok
test codegen::gpu::autodiff::primitives::tests::test_diff_primitive_to_tape_op ... ok
test codegen::gpu::autodiff::primitives::tests::test_add_rule ... ok
test codegen::gpu::autodiff::codegen::tests::test_generate_backward_simple ... ok
test codegen::gpu::autodiff::primitives::tests::test_classify_op ... ok
test codegen::gpu::autodiff::primitives::tests::test_div_rule ... ok
test codegen::gpu::async_pipeline::tests::test_triple_buffer_creation ... ok
test codegen::gpu::autodiff::primitives::tests::test_mul_rule ... ok
test codegen::gpu::async_pipeline::tests::test_double_buffer_creation ... ok
test codegen::gpu::autodiff::codegen::tests::test_extract_operands ... ok
test codegen::gpu::autodiff::primitives::tests::test_registry_creation ... ok
test codegen::gpu::autodiff::primitives::tests::test_sin_rule ... ok
test codegen::gpu::autodiff::tape::tests::test_gradient_accumulation ... ok
test codegen::gpu::autodiff::tape::tests::test_record_const ... ok
test codegen::gpu::autodiff::primitives::tests::test_matmul_rule ... ok
test codegen::gpu::autodiff::tape::tests::test_entries_reversed ... ok
test codegen::gpu::autodiff::tape::tests::test_record_binary ... ok
test codegen::gpu::autodiff::tape::tests::test_tape_creation ... ok
test codegen::gpu::autodiff::transform::tests::test_diff_attribute_parsing ... ok
test codegen::gpu::autodiff::tests::test_kernel_analysis ... ok
test codegen::gpu::autodiff::tests::test_differentiate_kernel ... ok
test codegen::gpu::autodiff::transform::tests::test_analyze_kernel ... ok
test codegen::gpu::autodiff::tape::tests::test_tape_op_properties ... ok
test codegen::gpu::autodiff::tests::test_is_float_type ... ok
test codegen::gpu::autodiff::tests::test_autodiff_creation ... ok
test codegen::gpu::autodiff::transform::tests::test_is_differentiable ... ok
test codegen::gpu::autotune::tests::test_architecture_differences ... ok
test codegen::gpu::autodiff::transform::tests::test_diff_context_creation ... ok
test codegen::gpu::autotune::tests::test_instruction_mix ... ok
test codegen::gpu::autodiff::transform::tests::test_transform_kernel ... ok
test codegen::gpu::autodiff::transform::tests::test_mark_inputs_outputs ... ok
test codegen::gpu::autotune::tests::test_reduction_detection ... ok
test codegen::gpu::autotune::tests::test_block_shape_2d ... ok
test codegen::gpu::autotune::tests::test_tune_module ... ok
test codegen::gpu::autotune::tests::test_elementwise_detection ... ok
test codegen::gpu::bio::tests::test_dna_complement_kernel_structure ... ok
test codegen::gpu::calibration::tests::test_calibration_stats ... ok
test codegen::gpu::bio::tests::test_bio_kernels_generation ... ok
test codegen::gpu::autotune::tests::test_safe_defaults ... ok
test codegen::gpu::bio::tests::test_quaternion_mul_kernel_structure ... ok
test codegen::gpu::calibration::tests::test_minmax_calibration ... ok
test codegen::gpu::calibration::tests::test_per_channel_calibrator ... ok
test check::epistemic::tests::test_temporal_constraint_current_violated ... ok
test codegen::gpu::autotune::tests::test_matmul_detection ... ok
test codegen::gpu::calibration::tests::test_percentile_calibration ... ok
test codegen::gpu::autotune::tests::test_occupancy_calculator ... ok
test codegen::gpu::collective_ops::tests::test_algorithm_selector ... ok
test codegen::gpu::calibration::tests::test_reset ... ok
test codegen::gpu::calibration::tests::test_mse_calibration ... ok
test codegen::gpu::calibration::tests::test_histogram_calibration ... ok
test codegen::gpu::collective_ops::tests::test_allgather ... ok
test codegen::gpu::collective_ops::tests::test_allreduce_direct_sum ... ok
test codegen::gpu::collective_ops::tests::test_allreduce_ring_sum ... ok
test codegen::gpu::collective_ops::tests::test_allreduce_average ... ok
test codegen::gpu::collective_ops::tests::test_broadcast ... ok
test codegen::gpu::collective_ops::tests::test_collective_stats ... ok
test codegen::gpu::collective_ops::tests::test_reduce ... ok
test codegen::gpu::cooperative::tests::test_add_all_cooperative_kernels ... ok
test codegen::gpu::collective_ops::tests::test_reduce_scatter ... ok
test codegen::gpu::costs::tests::test_arch_peak_perf ... ok
test codegen::gpu::cooperative::tests::test_block_reduce_kernel_generation ... ok
test codegen::gpu::cooperative::tests::test_broadcast_kernel_generation ... ok
test codegen::gpu::costs::tests::test_memory_traffic ... ok
test codegen::gpu::cooperative::tests::test_ballot_kernel_generation ... ok
test codegen::gpu::costs::tests::test_flops_count ... ok
test codegen::gpu::cooperative::tests::test_warp_reduce_kernel_generation ... ok
test codegen::gpu::costs::tests::test_tensor_core_operations ... ok
test codegen::gpu::cooperative::tests::test_warp_scan_kernel_generation ... ok
test codegen::gpu::counterfactual::tests::test_context_intervention ... ok
test codegen::gpu::counterfactual::tests::test_divergence_compute ... ok
test codegen::gpu::costs::tests::test_sfu_operations ... ok
test codegen::gpu::costs::tests::test_memory_vs_compute_latency ... ok
test codegen::gpu::costs::tests::test_cost_database_creation ... ok
test codegen::gpu::counterfactual::tests::test_structural_equation ... ok
test codegen::gpu::counterfactual::tests::test_ptx_intervention_emission ... ok
test codegen::gpu::costs::tests::test_instruction_costs_vary_by_arch ... ok
test codegen::gpu::counterfactual_metal::tests::test_nested_interventions ... ok
test codegen::gpu::diagnostics::tests::test_diagnostic_context_aggregation ... ok
test codegen::gpu::diagnostics::tests::test_diagnostic_report_format ... ok
test codegen::gpu::counterfactual::tests::test_world_id ... ok
test codegen::gpu::diagnostics::tests::test_diagnostic_conversion_from_fusion_error ... ok
test codegen::gpu::counterfactual_metal::tests::test_counterfactual_metal_library ... ok
test codegen::gpu::diagnostics::tests::test_recovery_hints_generated ... ok
test codegen::gpu::counterfactual_metal::tests::test_config_defaults ... ok
test check::epistemic::tests::test_sources_compatible_transformation_chain ... ok
test codegen::gpu::diagnostics::tests::test_diagnostic_severity_ordering ... ok
test codegen::gpu::divergence::tests::test_adaptive_dispatcher ... ok
test codegen::gpu::divergence::tests::test_divergence_info ... ok
test codegen::gpu::diagnostics::tests::test_diagnostic_with_location ... ok
test codegen::gpu::divergence::tests::test_divergence_kind ... ok
test codegen::gpu::divergence::tests::test_predicate_compiler ... ok
test codegen::gpu::diagnostics::tests::test_max_diagnostics_limit ... ok
test codegen::gpu::counterfactual_metal::tests::test_counterfactual_kernel_generation ... ok
test codegen::gpu::divergence::tests::test_thread_mask ... ok
test codegen::gpu::calibration::tests::test_entropy_calibration ... ok
test codegen::gpu::epistemic_gemm::tests::test_500_gflops_target_is_achievable_on_a100 ... ok
test codegen::gpu::divergence::tests::test_branch_cost_estimator ... ok
test codegen::gpu::divergence::tests::test_control_flow_optimizer ... ok
test codegen::gpu::epistemic_gemm::tests::test_dispatch_routes_f16_to_wmma ... ok
test codegen::gpu::epistemic_gemm::tests::test_epistemic_gemm_epsilon ... ok
test codegen::gpu::epistemic_gemm::tests::test_epistemic_gemm_with_scaling ... ok
test codegen::gpu::epistemic_gemm::tests::test_epsilon_kernel_launch_config ... ok
test codegen::gpu::epistemic_gemm::tests::test_gemm_epsilon_with_scaling ... ok
test codegen::gpu::epistemic_gemm::tests::test_tiled_gemm_launch_config ... ok
test codegen::gpu::epistemic_gemm::tests::test_epistemic_matrix_creation ... ok
test codegen::gpu::epistemic_gemm::tests::test_epsilon_only_ptx_structure ... ok
test codegen::gpu::epistemic_gemm::tests::test_roofline_estimate_compute_bound ... ok
test codegen::gpu::epistemic_gemm::tests::test_dispatch_routes_f32_to_tiled ... ok
test codegen::gpu::epistemic_gemm::tests::test_wgsl_generation ... ok
test codegen::gpu::epistemic_gemm_intrinsics::tests::test_get_gemm_intrinsic ... ok
test codegen::gpu::epistemic_gemm::tests::test_ptx_generation ... ok
test codegen::gpu::epistemic_gemm::tests::test_epistemic_gemm_basic ... ok
test codegen::gpu::epistemic_kernels::tests::test_buffer_size ... ok
test codegen::gpu::epistemic_gemm::tests::test_roofline_estimate_memory_bound ... ok
test codegen::gpu::epistemic_kernels::tests::test_gpu_knowledge_size ... ok
test codegen::gpu::epistemic_kernels::tests::test_kernel_ids ... ok
test codegen::gpu::epistemic_gemm_intrinsics::tests::test_gemm_intrinsics_count ... ok
test codegen::gpu::epistemic_gemm_intrinsics::tests::test_is_gemm_intrinsic ... ok
test codegen::gpu::epistemic_kernels::tests::test_aggregate_mode ... ok
test codegen::gpu::epistemic_kernels::tests::test_gpu_knowledge_axiomatic ... ok
test codegen::gpu::epistemic_gemm::tests::test_wmma_k_loop_ptx_structure ... ok
test codegen::gpu::epistemic_kernels::tests::test_gpu_knowledge_creation ... ok
test codegen::gpu::epistemic_kernels::tests::test_transform_params ... ok
test codegen::gpu::epistemic_kernels::tests::test_uncertainty_propagation_mul ... ok
test codegen::gpu::epistemic_kernels::tests::test_workgroup_count ... ok
test codegen::gpu::epistemic_ptx::tests::test_confidence_gate_emission ... ok
test codegen::gpu::epistemic_ptx::tests::test_epistemic_add_emission ... ok
test codegen::gpu::epistemic_kernels::tests::test_wgsl_shader_validity ... ok
test codegen::gpu::example_profiles::tests::test_classification ... ok
test codegen::gpu::epistemic_kernels::tests::test_uncertainty_propagation_add ... ok
test codegen::gpu::example_profiles::tests::test_kernel_profiles_realistic ... ok
test codegen::gpu::fusion::tests::test_align_to ... ok
test codegen::gpu::fusion::tests::test_arch_constraints_fits ... ok
test codegen::gpu::fusion::tests::test_arch_constraints_from_cuda_cc ... ok
test codegen::gpu::epistemic_kernels::tests::test_knowledge_slice_bytes ... ok
test codegen::gpu::epistemic_ptx::tests::test_epistemic_compare_emission ... ok
test codegen::gpu::example_profiles::tests::test_matmul_peak_performance ... ok
test codegen::gpu::fusion::tests::test_cost_model_evaluate ... ok
test codegen::gpu::fusion::tests::test_fusion_candidate_invalidate ... ok
test codegen::gpu::epistemic_ptx::tests::test_warp_reduction_emission ... ok
test codegen::gpu::fusion::tests::test_fusion_type_display ... ok
test codegen::gpu::fusion::tests::test_cost_model_check_constraints ... ok
test codegen::gpu::fusion::tests::test_shared_mem_layout ... ok
test codegen::gpu::graph::tests::test_child_graph ... ok
test codegen::gpu::fusion::tests::test_dependency_graph ... ok
test codegen::gpu::graph::tests::test_conditional_node ... ok
test codegen::gpu::fusion::tests::test_fusion_config_default ... ok
test codegen::gpu::fusion::tests::test_fusion_group_creation ... ok
test codegen::gpu::fusion::tests::test_kernel_id_display ... ok
test codegen::gpu::graph::tests::test_buffer_allocation ... ok
test codegen::gpu::graph::tests::test_inference_pipeline ... ok
test codegen::gpu::graph::tests::test_dependency_chain ... ok
test check::extern_tests::extern_fn_is_resolved_and_lowered ... ok
test codegen::gpu::fusion::tests::test_resource_estimate_combine ... ok
test codegen::gpu::graph::tests::test_graph_creation ... ok
test codegen::gpu::graph::tests::test_kernel_node ... ok
test codegen::gpu::graph::tests::test_loop_node ... ok
test codegen::gpu::hlir_to_gpu::tests::test_basic_lowering ... ok
test codegen::gpu::graph::tests::test_memcpy_nodes ... ok
test codegen::gpu::hlir_to_gpu::tests::test_type_lowering ... ok
test codegen::gpu::intrinsics::tests::test_category_names ... ok
test codegen::gpu::graph::tests::test_parallel_nodes ... ok
test codegen::gpu::intrinsics::tests::test_get_intrinsic ... ok
test codegen::gpu::hlir_to_gpu::tests::test_epistemic_lowering ... ok
test codegen::gpu::intrinsics::tests::test_all_intrinsics_count ... ok
test codegen::gpu::intrinsics::tests::test_get_by_category ... ok
test codegen::gpu::intrinsics::tests::test_get_by_short_name ... ok
test codegen::gpu::hlir_to_gpu::tests::test_ptx_compilation ... ok
test codegen::gpu::intrinsics::tests::test_is_gpu_intrinsic ... ok
test codegen::gpu::intrinsics::tests::test_intrinsic_categories ... ok
test codegen::gpu::ir::tests::test_gpu_module_creation ... ok
test codegen::gpu::ir::tests::test_gpu_kernel_building ... ok
test codegen::gpu::ir::tests::test_gpu_type_properties ... ok
test codegen::gpu::ir::tests::test_gpu_target_display ... ok
test codegen::gpu::ir::tests::test_gpu_type_size ... ok
test codegen::gpu::metal::tests::test_metal_gpu_family ... ok
test codegen::gpu::metal::tests::test_metal_codegen_empty ... ok
test codegen::gpu::metal_runtime::tests::test_buffer_allocation ... ok
test codegen::gpu::metal_runtime::tests::test_compile_msl ... ok
test codegen::gpu::metal_runtime::tests::test_device_info ... ok
test codegen::gpu::metal_runtime::tests::test_dispatch_size ... ok
test codegen::gpu::metal_runtime::tests::test_epistemic_runner ... ok
test codegen::gpu::metal::tests::test_epistemic_types_generated ... ok
test codegen::gpu::metal_runtime::tests::test_get_kernel ... ok
test codegen::gpu::metal_runtime::tests::test_storage_mode_recommendation ... ok
test codegen::gpu::metal_runtime::tests::test_metal_error_conversion ... ok
test codegen::gpu::mixed_precision::config::tests::test_default_config ... ok
test codegen::gpu::mixed_precision::loss_scaler::tests::test_min_scale_clamp ... ok
test codegen::gpu::mixed_precision::config::tests::test_fp32_ops ... ok
test codegen::gpu::mixed_precision::loss_scaler::tests::test_overflow_backoff ... ok
test codegen::gpu::metal_runtime::tests::test_metal_runtime_creation ... ok
test codegen::gpu::mixed_precision::loss_scaler::tests::test_new_scaler ... ok
test codegen::gpu::mixed_precision::transform::tests::test_mixed_precision_transform_creation ... ok
test codegen::gpu::mixed_precision::loss_scaler::tests::test_scale_growth ... ok
test codegen::gpu::mixed_precision::transform::tests::test_precision_assignment ... ok
test codegen::gpu::multi_gpu::tests::test_barrier ... ok
test codegen::gpu::multi_gpu::tests::test_build_ring ... ok
test codegen::gpu::multi_gpu::tests::test_build_tree ... ok
test codegen::gpu::multi_gpu::tests::test_device_group ... ok
test codegen::gpu::multi_gpu::tests::test_event ... ok
test codegen::gpu::multi_gpu::tests::test_interconnect_bandwidth ... ok
test codegen::gpu::multi_gpu::tests::test_simulated_topology ... ok
test codegen::gpu::numerical::tests::test_cancellation_detection ... ok
test codegen::gpu::multi_gpu::tests::test_device_id ... ok
test codegen::gpu::multi_gpu::tests::test_multi_gpu_runtime ... ok
test codegen::gpu::numerical::tests::test_error_bound_combine ... ok
test codegen::gpu::numerical::tests::test_division_stability ... ok
test codegen::gpu::numerical::tests::test_stability_summary ... ok
test codegen::gpu::numerical::tests::test_ulp_error ... ok
test codegen::gpu::numerical::tests::test_error_propagation_add ... ok
test codegen::gpu::octonions_real::tests::test_octonion_kernel_structure ... ok
test codegen::gpu::octonions_real::tests::test_octonion_norm_kernel_structure ... ok
test codegen::gpu::multi_gpu::tests::test_parse_cuda_visible_devices ... ok
test codegen::gpu::octonions_real::tests::test_octonion_kernels_generation ... ok
test codegen::gpu::optimizer::tests::test_analyze_fusion ... ok
test codegen::gpu::octonions_real::tests::test_octonion_add_kernel_structure ... ok
test codegen::gpu::optimizer::tests::test_optimize_empty_module ... ok
test codegen::gpu::optimizer::tests::test_optimize_basic_module ... ok
test codegen::gpu::numerical::tests::test_precision_recommendation ... ok
test codegen::gpu::octonions_real::tests::test_octonion_scale_kernel_structure ... ok
test codegen::gpu::epistemic_gemm::tests::test_tiled_ptx_structure ... ok
test codegen::gpu::optimizer::tests::test_optimizer_creation ... ok
test codegen::gpu::optimizer::tests::test_report_summary ... ok
test codegen::gpu::optimizer::tests::test_optimizer_config_aggressive ... ok
test codegen::gpu::optimizer::tests::test_optimizer_config_minimal ... ok
test codegen::gpu::p2p_transfer::tests::test_p2p_manager ... ok
test codegen::bytecode::tests::test_short_circuit_or_does_not_evaluate_rhs ... ok
test codegen::gpu::octonions_real::tests::test_octonion_sub_kernel_structure ... ok
test codegen::gpu::p2p_transfer::tests::test_transfer_descriptor ... ok
test codegen::gpu::portable::tests::test_backend_selection ... ok
test codegen::gpu::p2p_transfer::tests::test_ring_transfer_steps ... ok
test codegen::gpu::p2p_transfer::tests::test_split_into_chunks ... ok
test codegen::gpu::portable::tests::test_compiled_kernel_backend_name ... ok
test codegen::gpu::portable::tests::test_compile_to_all_backends ... ok
test codegen::gpu::portable::tests::test_compile_simple_kernel_to_metal ... ok
test codegen::gpu::optimizer::tests::test_quick_tune ... ok
test codegen::gpu::portable::tests::test_metal_capabilities ... ok
test codegen::gpu::portable::tests::test_compile_simple_kernel_to_ptx ... ok
test codegen::gpu::p2p_transfer::tests::test_reduce_op ... ok
test codegen::gpu::p2p_transfer::tests::test_estimate_transfer_time ... ok
test codegen::gpu::portable::tests::test_portable_type_conversion ... ok
test codegen::gpu::portable::tests::test_portable_type_size ... ok
test check::epistemic::tests::test_type_with_confidence ... ok
test codegen::gpu::portable::tests::test_compile_with_thread_id ... ok
test codegen::gpu::portable::tests::test_cuda_capabilities ... ok
test codegen::gpu::portable::tests::test_compile_f64_kernel_fails_on_apple_silicon ... ok
test codegen::gpu::portable::tests::test_unified_kernel_creation ... ok
test codegen::gpu::portable::tests::test_operation_support ... ok
test codegen::gpu::profiler::tests::test_perf_comparison ... ok
test codegen::gpu::profiler::tests::test_perf_counters ... ok
test codegen::gpu::portable::tests::test_portable_op_conversion ... ok
test check::epistemic::tests::test_type_from_curie ... ok
test codegen::gpu::portable::tests::test_portable_saxpy_kernel ... ok
test codegen::gpu::portable::tests::test_unified_compiler_builder ... ok
test codegen::gpu::portable::tests::test_kernel_compatibility ... ok
test codegen::gpu::profiler::tests::test_bottleneck_kind_short_names ... ok
test codegen::gpu::profiler::tests::test_bottleneck_severity_ordering ... ok
test codegen::gpu::profiler::tests::test_perf_score_grades ... ok
test codegen::gpu::ptq::tests::test_calibration_progress ... ok
test codegen::gpu::profiler::tests::test_profiler_creation ... ok
test codegen::gpu::ptq::tests::test_ptq_config_presets ... ok
test codegen::gpu::ptq::tests::test_ptq_engine_layer_registration ... ok
test codegen::gpu::ptq::tests::test_ptq_config_default ... ok
test codegen::gpu::ptq::tests::test_error_summary ... ok
test codegen::gpu::ptq::tests::test_quantized_module ... ok
test codegen::gpu::ptx::tests::test_bf16_to_f32_conversion ... ok
test codegen::gpu::ptx::tests::test_blackwell_ptx_version ... ok
test codegen::gpu::ptx::tests::test_blackwell_decompression ... ok
test codegen::gpu::ptx::tests::test_blackwell_cluster_ops ... ok
test codegen::gpu::ptx::tests::test_cuda_arch_features ... ok
test codegen::gpu::ptx::tests::test_blackwell_tma_operations ... ok
test codegen::gpu::ptx::tests::test_blackwell_wgmma_bf16 ... ok
test codegen::gpu::ptx::tests::test_blackwell_target_header ... ok
test codegen::gpu::ptx::tests::test_debug_clock ... ok
test codegen::gpu::ptx::tests::test_debug_brkpt ... ok
test codegen::gpu::ptx::tests::test_debug_trap ... ok
test codegen::gpu::ptx::tests::test_dequantize_with_scale ... ok
test codegen::gpu::ptx::tests::test_blackwell_wgmma_fp4 ... ok
test codegen::gpu::ptx::tests::test_f32_to_f8e5m2_conversion ... ok
test codegen::gpu::ptx::tests::test_debug_assert ... ok
test codegen::gpu::ptx::tests::test_debug_globaltimer ... ok
test codegen::gpu::ptx::tests::test_f8e4m3_to_f32_conversion ... ok
test codegen::gpu::ptx::tests::test_debug_pmevent ... ok
test codegen::gpu::ptx::tests::test_f32_to_f8e4m3_conversion ... ok
test codegen::gpu::ptx::tests::test_debug_printf ... ok
test codegen::gpu::ptx::tests::test_f4_quantization ... ok
test codegen::gpu::ptx::tests::test_pack_f8x2 ... ok
test codegen::gpu::ptx::tests::test_ptx_arithmetic ... ok
test codegen::gpu::ptx::tests::test_pack_f4x2 ... ok
test codegen::gpu::ptx::tests::test_f32_to_bf16_conversion ... ok
test codegen::gpu::ptx::tests::test_ptx_cooperative_shuffle ... ok
test codegen::gpu::ptx::tests::test_supports_feature ... ok
test codegen::gpu::ptx::tests::test_ptx_cooperative_groups_warp ... ok
test codegen::gpu::ptx::tests::test_ptx_cooperative_vote ... ok
test codegen::gpu::ptx::tests::test_ptx_cooperative_partition ... ok
test codegen::bytecode::tests::test_short_circuit_and_does_not_evaluate_rhs ... ok
test codegen::gpu::ptx::tests::test_ptx_shared_memory ... ok
test codegen::gpu::ptx::tests::test_quantize_with_mode ... ok
test codegen::gpu::ptx::tests::test_unpack_f8x2 ... ok
test codegen::gpu::qat::tests::test_fake_quantize ... ok
test codegen::gpu::ptx::tests::test_ptx_header ... ok
test codegen::gpu::ptx::tests::test_ptx_cooperative_reduce ... ok
test codegen::gpu::ptx_epistemic_bridge::tests::test_disabled_epistemic ... ok
test codegen::gpu::ptx_epistemic_bridge::tests::test_epistemic_codegen_creation ... ok
test codegen::gpu::ptx::tests::test_ptx_simple_kernel ... ok
test codegen::gpu::ptx_epistemic_bridge::tests::test_shadow_allocation ... ok
test codegen::gpu::qat::tests::test_qat_config_default ... ok
test codegen::gpu::qat::tests::test_quant_state_observe ... ok
test codegen::gpu::qat::tests::test_qat_layer_warmup ... ok
test codegen::gpu::qnn_kernels::tests::test_config_validation ... ok
test codegen::gpu::qnn_kernels::tests::test_scalar_reference_simple ... ok
test codegen::gpu::qnn_kernels::tests::test_shared_mem_calculation ... ok
test codegen::gpu::qnn_kernels::tests::test_launch_config ... ok
test codegen::gpu::qnn_tensor_core::tests::test_quat_tile_creation ... ok
test codegen::gpu::quantize::tests::test_from_minmax_symmetric ... ok
test codegen::gpu::qnn_kernels::tests::test_ptx_code_generation ... ok
test codegen::gpu::qnn_kernels::tests::test_params_validation ... ok
test codegen::gpu::quantize::tests::test_int4_pack_unpack ... ok
test codegen::gpu::qnn_tensor_core::tests::test_wmma_fragment ... ok
test codegen::gpu::quantize::tests::test_per_channel_params ... ok
test codegen::gpu::quantize::tests::test_quant_dtype_range ... ok
test codegen::gpu::quantize::tests::test_quantize_dequantize_roundtrip ... ok
test codegen::gpu::quantize::tests::test_from_minmax_asymmetric ... ok
test codegen::gpu::quantize::tests::test_quantized_tensor ... ok
test codegen::gpu::quantize::tests::test_symmetric_int8_params ... ok
test codegen::gpu::quat_kernels_backward::tests::test_backward_config_validation ... ok
test codegen::gpu::quat_kernels_backward::tests::test_bn_backward ... ok
test codegen::gpu::quat_kernels_backward::tests::test_quat_conjugate ... ok
test codegen::gpu::quat_kernels_backward::tests::test_quat_mul ... ok
test codegen::gpu::quantize::tests::test_quant_error_analyzer ... ok
test codegen::gpu::quantize::tests::test_quantize_tensor_int4 ... ok
test codegen::gpu::quat_kernels_backward::tests::test_backward_params_validation ... ok
test codegen::gpu::quat_kernels_backward::tests::test_relu_backward ... ok
test codegen::gpu::quat_quantize::tests::test_dp4a_layout ... ok
test codegen::gpu::quat_quantize::tests::test_batch_quantization ... ok
test codegen::gpu::quat_quantize::tests::test_normalize_quaternion ... ok
test codegen::bytecode::tests::test_compile_and_execute_function_call_program ... ok
test codegen::gpu::quat_quantize::tests::test_snr_computation ... ok
test codegen::gpu::quat_quantize::tests::test_mse_computation ... ok
test codegen::gpu::quat_quantize::tests::test_zero_quaternion ... ok
test codegen::gpu::quat_quantize::tests::test_quat_quantize_dequantize ... ok
test codegen::gpu::roofline::tests::test_peak_at_intensity ... ok
test codegen::gpu::quat_quantize::tests::test_quat_mul_i8_int32 ... ok
test codegen::gpu::roofline::tests::test_ridge_point_calculation ... ok
test codegen::gpu::quat_quantize::tests::test_validate_accuracy ... ok
test codegen::gpu::roofline::tests::test_boundedness_classification ... ok
test codegen::gpu::quat_quantize::tests::test_quat_mul_i8 ... ok
test codegen::gpu::runtime::tests::test_kernel_arg ... ok
test codegen::gpu::roofline::tests::test_different_architectures ... ok
test codegen::gpu::roofline::tests::test_optimization_hint_descriptions ... ok
test codegen::gpu::runtime::tests::test_launch_config ... ok
test codegen::gpu::runtime::tests::test_launch_config_1d ... ok
test codegen::gpu::runtime::tests::test_simulated_allocation ... ok
test codegen::gpu::roofline::tests::test_roofline_model_creation ... ok
test codegen::gpu::runtime::tests::test_simulated_copy ... ok
test codegen::gpu::runtime::tests::test_simulated_runtime ... ok
test codegen::gpu::sedenions_real::tests::test_sedenion_mul_kernel_structure ... ok
test codegen::gpu::sedenions_real::tests::test_sedenion_zero_divisor_kernel_structure ... ok
test codegen::gpu::sourcemap::tests::test_full_trace ... ok
test codegen::gpu::runtime::tests::test_config_validation ... ok
test codegen::gpu::sourcemap::tests::test_gpu_ir_location ... ok
test codegen::gpu::runtime::tests::test_launch_config_2d ... ok
test codegen::gpu::sourcemap::tests::test_ptx_debug_emitter ... ok
test codegen::gpu::sourcemap::tests::test_source_mapper_basic ... ok
test codegen::gpu::sourcemap::tests::test_span_tracker ... ok
test codegen::gpu::sourcemap::tests::test_trace_ptx_to_hlir ... ok
test codegen::gpu::roofline::tests::test_roofline_plot_generation ... ok
test codegen::gpu::sedenions_real::tests::test_all_kernels_created ... ok
test codegen::gpu::sparse::tests::test_2x4_detection ... ok
test codegen::gpu::sparse::tests::test_format_compatibility ... ok
test codegen::gpu::sparse::tests::test_sparse_tensor_density ... ok
test codegen::gpu::qnn_tensor_core::tests::test_quat_tile_multiply ... ok
test codegen::gpu::sparse::tests::test_sparse_fusion_analyzer ... ok
test codegen::gpu::sparse::tests::test_memory_overhead ... ok
test codegen::gpu::sourcemap::tests::test_location_trace_empty ... ok
test codegen::gpu::sparse::tests::test_format_detection ... ok
test codegen::gpu::sparse::tests::test_sparsity_analyzer ... ok
test codegen::gpu::sparse::tests::test_sparse_format_display ... ok
test codegen::gpu::sparse::tests::test_sparse_gemm_kernel_generation ... ok
test codegen::gpu::sparse::tests::test_tensor_core_support ... ok
test codegen::gpu::sparse_quat::tests::test_2x4_metadata ... ok
test codegen::gpu::sparse_quat::tests::test_global_magnitude ... ok
test codegen::gpu::sparse_quat::tests::test_structured_2x4 ... ok
test codegen::gpu::tensor_epistemic::tests::test_all_intrinsics_count ... ok
test codegen::gpu::tensor_epistemic::tests::test_category_coverage ... ok
test codegen::gpu::sparse::tests::test_sparsity_cost_model ... ok
test codegen::gpu::tensor_epistemic::tests::test_get_by_short_name ... ok
test codegen::gpu::tensor_epistemic::tests::test_confidence_weighted_mean ... ok
test codegen::gpu::tensor_epistemic::tests::test_get_epistemic_intrinsic ... ok
test codegen::gpu::tensor_epistemic::tests::test_tensor_core_intrinsics ... ok
test codegen::gpu::tensor_epistemic::tests::test_epsilon_propagation_display ... ok
test codegen::gpu::tile::tests::test_align_to ... ok
test codegen::gpu::tile::tests::test_compute_swizzle_pattern ... ok
test codegen::gpu::tensor_epistemic::tests::test_is_epistemic_intrinsic ... ok
test codegen::gpu::tile::tests::test_recommended_tile_size ... ok
test codegen::gpu::tensor_epistemic::tests::test_relu_epsilon ... ok
test codegen::gpu::tile::tests::test_select_wmma_op_valid ... ok
test codegen::gpu::tile::tests::test_supports_tiles ... ok
test codegen::gpu::tile::tests::test_supports_tma ... ok
test codegen::gpu::tensor_epistemic::tests::test_wmma_epsilon_propagation ... ok
test codegen::gpu::tile::tests::test_element_size_bytes ... ok
test codegen::gpu::tile::tests::test_select_wmma_op_unsupported_combination ... ok
test codegen::gpu::tile::tests::test_threads_per_tile ... ok
test codegen::gpu::tensor_epistemic::tests::test_softmax_epsilon ... ok
test codegen::gpu::tile::tests::test_supports_wgmma ... ok
test codegen::gpu::tile::tests::test_shared_memory_bytes ... ok
test codegen::gpu::tile::tests::test_validate_tile_dims_2d ... ok
test codegen::gpu::tile::tests::test_validate_tile_dims_invalid_unsupported_type ... ok
test codegen::gpu::tile::tests::test_validate_tile_dims_invalid_not_power_of_2 ... ok
test codegen::gpu::tile::tests::test_validate_tile_dims_invalid_too_large ... ok
test codegen::gpu::uplift_trees::tests::test_node_confidence ... ok
test codegen::gpu::tile::tests::test_validate_tile_dims_invalid_unsupported_shape ... ok
test codegen::gpu::tile::tests::test_validate_tile_dims_valid ... ok
test codegen::gpu::uplift_trees::tests::test_hist_bin_cate ... ok
test codegen::mir_cranelift::tests::test_mir_module_creation ... ok
test codegen::mir_cranelift::tests::test_optimization_pass_levels ... ok
test codegen::gpu::uplift_trees::tests::test_ptx_generation ... ok
test codegen::native_tests::test_native_arrays_todo ... ignored, TODO(native): add lowering and codegen support for arrays
test codegen::mir_cranelift::tests::test_type_mappings ... ok
test codegen::native_tests::test_native_enums_match_todo ... ignored, TODO(native): add lowering and codegen support for enums + match
test codegen::gpu::ptq::tests::test_ptq_calibration_workflow ... ok
test codegen::mir_cranelift::tests::test_translate_type ... ok
test codegen::gpu::uplift_trees::tests::test_segment_classification ... ok
test codegen::gpu::system_profiler::tests::test_profiler_availability_detection ... ok
test codegen::native_tests::test_native_structs_todo ... ignored, TODO(native): add lowering and codegen support for structs
test codegen::native_tests::test_native_call_in_binary_and_return_if ... ok
test codegen::native_tests::test_native_arithmetic_mul_sub ... ok
test codegen::native_tests::test_native_nested_calls_in_call_arguments_keep_stack_aligned ... ok
test codegen::native_tests::test_native_print_builtin ... ok
test codegen::native_tests::test_native_forward_call_relocated_through_trampoline ... ok
test codegen::native_tests::test_native_arithmetic_add ... ok
test codegen::native_tests::test_native_local_frames_keep_alignment_with_calls_and_if_print ... ok
test codegen::native_tests::test_native_entry_uses_builtin_exit_even_if_user_exit_exists ... ok
test codegen::native_tests::test_native_bool_literal_in_if ... ok
test codegen::simd::tests::test_clifford_sign_cl13 ... ok
test codegen::simd::tests::test_clifford_sign_cl44 ... ok
test codegen::simd::tests::test_simd_module_exists ... ok
test common::tests::test_interner ... ok
test codegen::simd::tests::test_sign_table_symmetry ... ok
test common::tests::test_span_merge ... ok
test codegen::native_tests::test_native_function_call ... ok
test common::tests::test_source_file_line_col ... ok
test codegen::native_tests::test_native_forward_call_and_recursive_ifs ... ok
test compiler_loader::tests::test_bootstrap_seed_missing_is_reported ... ok
test codegen::native_tests::test_native_undefined_symbol_is_deterministic_error ... ok
test codegen::native_tests::test_native_user_defined_print_is_rejected_with_clear_error ... ok
test compiler_loader::tests::test_bootstrap_seed_rejects_non_zero_reserved_header ... ok
test codegen::native_tests::test_native_logical_or_short_circuit ... ok
test codegen::native_tests::test_native_print_non_string_error_is_explicit ... ok
test compiler_loader::tests::test_bootstrap_seed_rejects_wrong_version ... ok
test compiler_loader::tests::test_compiler_creation_embedded ... ok
test compiler_loader::tests::test_compiler_creation_filesystem ... ok
test codegen::native_tests::test_native_print_in_loop_is_executed_once_and_is_relocatable ... ok
test codegen::native_tests::test_native_three_arg_call_uses_aligned_scratch_area ... ok
test codegen::native_tests::test_native_local_variables ... ok
test codegen::native_tests::test_native_call_inside_binary_expression ... ok
test codegen::native_tests::test_native_logical_and_short_circuit ... ok
test codegen::native_tests::test_native_exit_code_constant ... ok
test codegen::native_tests::test_native_arithmetic_div_rem ... ok
test codegen::native_tests::test_native_if_else ... ok
test codegen::native_tests::test_native_too_many_function_params_is_deterministic_error ... ok
test codegen::native_tests::test_native_too_many_call_args_is_deterministic_error ... ok
test compiler_loader::tests::test_embedded_has_core_modules ... ok
test codegen::native_tests::test_native_while_loop ... ok
test compiler_loader::tests::test_bootstrap_driver_interface_reports_missing_entrypoint ... ok
test compiler_loader::tests::test_load_embedded_module ... ok
test compiler_loader::tests::test_bootstrap_driver_interface_present ... ok
test compiler_loader::tests::test_module_listing_embedded ... ok
test compiler_loader::tests::test_normalize_self_hosted_suite_entrypoint ... ok
test compiler_loader::tests::test_module_listing_filesystem ... ok
test compiler_loader::tests::test_parse_hex_digest_checksum_format ... ok
test compiler_loader::tests::test_parse_hex_digest_signature_format ... ok
test compiler_loader::tests::test_parse_seed_signature_fields_missing_key ... ok
test compiler_loader::tests::test_parse_seed_signature_fields_valid ... ok
test compiler_loader::tests::test_poseidon_text_bytecode_decoder_appends_return_when_missing ... ok
test compiler_loader::tests::test_poseidon_text_bytecode_decoder_supports_push_str ... ok
test compiler_loader::tests::test_poseidon_text_bytecode_decoder_supports_new_opcodes ... ok
test codegen::native_tests::test_native_comparisons_eq_lt_gt ... ok
test compiler_loader::tests::test_explicit_rust_bridge_pipeline_still_compiles_simple_source ... ok
test dependent::gradual::tests::test_annotation_properties ... ok
test dependent::gradual::tests::test_gradual_annotation_parse ... ok
test dependent::gradual::tests::test_gradual_config ... ok
test dependent::gradual::tests::test_gradual_diagnostics ... ok
test dependent::gradual::tests::test_gradual_mode ... ok
test dependent::gradual::tests::test_gradual_warning ... ok
test dependent::gradual::tests::test_runtime_check_code_gen ... ok
test dependent::gradual::tests::test_source_location ... ok
test dependent::inference::tests::test_confidence_binding ... ok
test dependent::inference::tests::test_confidence_unification ... ok
test dependent::inference::tests::test_fresh_var ... ok
test dependent::inference::tests::test_gradual_allows_unknown ... ok
test dependent::inference::tests::test_predicate_constraint ... ok
test dependent::inference::tests::test_subtype_constraint ... ok
test dependent::inference::tests::test_type_var_instantiation ... ok
test dependent::inference::tests::test_unsatisfiable_constraint ... ok
test dependent::predicates::tests::test_causal_predicate_display ... ok
test dependent::predicates::tests::test_confidence_predicate_eval ... ok
test dependent::predicates::tests::test_free_vars ... ok
test dependent::predicates::tests::test_ontology_predicate ... ok
test dependent::predicates::tests::test_predicate_and_false ... ok
test dependent::predicates::tests::test_predicate_normalize_and_true ... ok
test dependent::predicates::tests::test_predicate_normalize_double_negation ... ok
test dependent::predicates::tests::test_predicate_true ... ok
test dependent::predicates::tests::test_substitution ... ok
test dependent::proof_search::tests::test_assumption_in_context ... ok
test dependent::proof_search::tests::test_causal_confounded_with_backdoor ... ok
test dependent::proof_search::tests::test_causal_frontdoor_identifiable ... ok
test dependent::proof_search::tests::test_causal_iv_identification ... ok
test dependent::proof_search::tests::test_causal_pbpk_graph ... ok
test dependent::proof_search::tests::test_causal_simple_identifiable ... ok
test dependent::proof_search::tests::test_causal_unconfounded ... ok
test dependent::proof_search::tests::test_causal_unidentifiable_bidirected ... ok
test dependent::proof_search::tests::test_conjunction ... ok
test dependent::proof_search::tests::test_d_separation_chain_blocked ... ok
test dependent::proof_search::tests::test_d_separation_collider_open ... ok
test dependent::proof_search::tests::test_d_separation_fork_blocked ... ok
test dependent::proof_search::tests::test_disjunction ... ok
test dependent::proof_search::tests::test_ds_bound ... ok
test dependent::proof_search::tests::test_gradual_fallback ... ok
test dependent::proof_search::tests::test_literal_confidence ... ok
test dependent::proof_search::tests::test_literal_confidence_fails ... ok
test dependent::proof_search::tests::test_product_bound ... ok
test dependent::proof_search::tests::test_trivial_false ... ok
test dependent::proof_search::tests::test_trivial_true ... ok
test dependent::proof_search::tests::test_variable_with_binding ... ok
test dependent::proofs::tests::test_and_intro ... ok
test dependent::proofs::tests::test_arith_derivation_decay ... ok
test dependent::proofs::tests::test_arith_derivation_ds ... ok
test dependent::proofs::tests::test_arith_derivation_product ... ok
test dependent::proofs::tests::test_backdoor_proof ... ok
test dependent::proofs::tests::test_causal_proof_describe ... ok
test dependent::proofs::tests::test_literal_cmp_fails ... ok
test dependent::proofs::tests::test_literal_cmp_proof ... ok
test dependent::proofs::tests::test_proof_description ... ok
test dependent::proofs::tests::test_proof_term_display ... ok
test dependent::proofs::tests::test_refl_proof ... ok
test dependent::proofs::tests::test_runtime_check_not_static ... ok
test dependent::subtyping::tests::test_confidence_covariance ... ok
test dependent::subtyping::tests::test_confidence_variable_bounds ... ok
test dependent::subtyping::tests::test_gradual_unknown ... ok
test dependent::subtyping::tests::test_knowledge_hierarchy ... ok
test dependent::subtyping::tests::test_ontology_covariance ... ok
test dependent::subtyping::tests::test_refinement_weakening ... ok
test dependent::subtyping::tests::test_reflexivity ... ok
test dependent::subtyping::tests::test_well_formed_check ... ok
test dependent::tests::test_confidence_binding ... ok
test dependent::tests::test_context_extension ... ok
test dependent::tests::test_type_context_creation ... ok
test dependent::types::tests::test_causal_graph_ancestors ... ok
test dependent::types::tests::test_causal_graph_descendants ... ok
test dependent::types::tests::test_causal_graph_surgery ... ok
test dependent::types::tests::test_confidence_decay ... ok
test dependent::types::tests::test_confidence_dempster_shafer ... ok
test dependent::types::tests::test_confidence_free_vars ... ok
test dependent::types::tests::test_confidence_literal ... ok
test dependent::types::tests::test_confidence_product ... ok
test dependent::types::tests::test_confidence_variable ... ok
test dependent::types::tests::test_d_separation_bidirected ... ok
test dependent::types::tests::test_d_separation_chain ... ok
test dependent::types::tests::test_d_separation_collider ... ok
test dependent::types::tests::test_d_separation_collider_descendant ... ok
test dependent::types::tests::test_d_separation_complex_graph ... ok
test dependent::types::tests::test_d_separation_fork ... ok
test dependent::types::tests::test_epistemic_type_hierarchy ... ok
test dependent::types::tests::test_nodes_on_directed_paths ... ok
test dependent::types::tests::test_ontology_contains ... ok
test diagnostic::codes::tests::test_error_categories ... ok
test diagnostic::codes::tests::test_error_index ... ok
test diagnostic::codes::tests::test_explain_error ... ok
test diagnostic::emitter::tests::test_json_emitter ... ok
test diagnostic::epistemic::tests::test_deprecated_term_warning ... ok
test diagnostic::epistemic::tests::test_epistemic_code_display ... ok
test diagnostic::epistemic::tests::test_heterogeneity_check ... ok
test diagnostic::epistemic::tests::test_high_confidence_no_warning ... ok
test diagnostic::epistemic::tests::test_low_confidence_warning ... ok
test diagnostic::epistemic::tests::test_non_revisable_modification ... ok
test diagnostic::epistemic::tests::test_provenance_chain_depth ... ok
test diagnostic::epistemic::tests::test_quick_check_function ... ok
test diagnostic::epistemic::tests::test_revision_required_error ... ok
test diagnostic::epistemic::tests::test_summary ... ok
test diagnostic::epistemic::tests::test_uncertain_mapping_warning ... ok
test diagnostic::epistemic::tests::test_wide_confidence_interval ... ok
test diagnostic::epistemic::tests::test_zero_confidence_error ... ok
test diagnostic::progress::tests::test_format_bytes ... ok
test diagnostic::progress::tests::test_format_duration ... ok
test diagnostic::progress::tests::test_progress_creation ... ok
test diagnostic::progress::tests::test_progress_increment ... ok
test diagnostic::progress::tests::test_progress_set ... ok
test codegen::native_tests::test_native_too_many_locals_is_deterministic_error ... ok
test diagnostic::render::tests::test_box_chars_ascii ... ok
test diagnostic::render::tests::test_box_chars_unicode ... ok
test diagnostic::render::tests::test_diagnostic_style ... ok
test diagnostic::render::tests::test_terminal_caps_plain ... ok
test diagnostic::semantic::tests::test_categorize_go_term ... ok
test diagnostic::semantic::tests::test_distance_components ... ok
test diagnostic::semantic::tests::test_extract_prefix ... ok
test diagnostic::semantic::tests::test_semantic_context_builder ... ok
test diagnostic::semantic::tests::test_term_info_minimal ... ok
test diagnostic::semantic::tests::test_truncate_description ... ok
test diagnostic::suggestion::tests::test_apply_suggestions ... ok
test diagnostic::suggestion::tests::test_multiple_suggestions ... ok
test diagnostic::suggestion::tests::test_suggestion_patterns ... ok
test compiler_loader::tests::test_driver_artifact_compiles_expression_body_i64 ... ok
test diagnostic::tests::test_diagnostic_builder ... ok
test diagnostic::tests::test_source_file_line_col ... ok
test diagnostic::tests::test_diagnostic_level_ordering ... ok
test diagnostic::tests::test_span_operations ... ok
test compiler_loader::tests::test_driver_artifact_compiles_add_literals ... ok
test diagnostic::type_diff::tests::test_diff_summary ... ok
test diagnostic::type_diff::tests::test_linearity_diff ... ok
test diagnostic::type_diff::tests::test_parse_generic ... ok
test diagnostic::type_diff::tests::test_parse_nested_generic ... ok
test diagnostic::type_diff::tests::test_refinement_diff_different_predicates ... ok
test diagnostic::type_diff::tests::test_refinement_diff_refined_vs_base ... ok
test diagnostic::type_diff::tests::test_refinement_summary ... ok
test diagnostic::type_diff::tests::test_refinement_type_parse ... ok
test diagnostic::type_diff::tests::test_render_type_diff ... ok
test diagnostic::type_diff::tests::test_type_diff_different ... ok
test diagnostic::type_diff::tests::test_type_diff_effects ... ok
test diagnostic::type_diff::tests::test_type_diff_generic ... ok
test diagnostic::type_diff::tests::test_type_diff_same ... ok
test diagnostic::type_diff::tests::test_type_error_builder ... ok
test diagnostic::type_diff::tests::test_type_diff_unit ... ok
test diagnostic::type_diff::tests::test_type_expectation_explainer ... ok
test diagnostic::type_diff::tests::test_type_mismatch_helper ... ok
test diagnostic::typo::tests::test_case_sensitivity ... ok
test diagnostic::typo::tests::test_common_typo ... ok
test diagnostic::typo::tests::test_damerau_levenshtein ... ok
test diagnostic::typo::tests::test_jaro_similarity ... ok
test diagnostic::typo::tests::test_find_similar ... ok
test diagnostic::typo::tests::test_levenshtein ... ok
test doc::book::tests::test_book_generator_creation ... ok
test doc::doctest::tests::test_coverage_calculation ... ok
test diagnostic::typo::tests::test_typo_detector ... ok
test doc::doctest::tests::test_extract_code_blocks ... ok
test doc::doctest::tests::test_parse_code_block_attrs ... ok
test doc::doctest::tests::test_summary_success_rate ... ok
test doc::doctest::tests::test_wrap_code ... ok
test doc::extract::tests::test_extract_line_comments_basic ... ok
test doc::extract::tests::test_extract_line_comments_skip_doc_comments ... ok
test doc::extract::tests::test_extract_line_comments_stops_at_code ... ok
test diagnostic::typo::tests::test_suggestion_builder ... ok
test compiler_loader::tests::test_driver_artifact_compiles_print_then_int ... ok
test doc::extract::tests::test_extract_line_comments_too_few ... ok
test doc::extract::tests::test_extractor_document_private ... ok
test doc::extract::tests::test_extract_line_comments_with_blank_line ... ok
test doc::extract::tests::test_extractor_new ... ok
test doc::html::render::tests::test_renderer_creation ... ok
test doc::html::syntax::tests::test_highlight_comment ... ok
test doc::html::syntax::tests::test_highlight_doc_comment ... ok
test doc::extract::tests::test_extract_with_source_integration ... ok
test doc::html::syntax::tests::test_highlight_keyword ... ok
test doc::html::syntax::tests::test_highlight_number ... ok
test doc::html::templates::tests::test_html_escape ... ok
test doc::html::syntax::tests::test_highlight_string ... ok
test doc::html::syntax::tests::test_highlight_type ... ok
test doc::html::templates::tests::test_render_markdown_code ... ok
test doc::html::templates::tests::test_render_markdown_header ... ok
test doc::model::tests::test_type_kind_as_str ... ok
test doc::model::tests::test_visibility_is_public ... ok
test doc::model::tests::test_search_index_add_and_search ... ok
test doc::parser::tests::test_parse_attribute_style ... ok
test doc::parser::tests::test_parse_block_doc ... ok
test doc::parser::tests::test_parse_deprecated ... ok
test doc::parser::tests::test_parse_example ... ok
test doc::parser::tests::test_parse_example_no_run ... ok
test doc::parser::tests::test_parse_params_section ... ok
test doc::parser::tests::test_parse_see_also ... ok
test doc::parser::tests::test_parse_simple_doc ... ok
test doc::parser::tests::test_parse_with_description ... ok
test compiler_loader::tests::test_driver_file_pipeline_compiles_simple_file ... ok
test compiler_loader::tests::test_driver_file_pipeline_compiles_directory_via_driver_artifact ... ok
test effects::continuation::tests::test_continuation_error_display ... ok
test effects::continuation::tests::test_continuation_store_clear ... ok
test effects::continuation::tests::test_continuation_store_ids_iterator ... ok
test effects::continuation::tests::test_continuation_id_uniqueness ... ok
test effects::continuation::tests::test_continuation_store_basic_operations ... ok
test effects::continuation::tests::test_continuation_id_display ... ok
test effects::continuation::tests::test_continuation_store_multi_shot_not_removed ... ok
test effects::continuation::tests::test_continuation_store_not_found ... ok
test effects::continuation::tests::test_continuation_store_resume_and_remove ... ok
test effects::continuation::tests::test_interpreter_closure_basic_resume ... ok
test effects::continuation::tests::test_continuation_with_label ... ok
test effects::continuation::tests::test_interpreter_closure_captures_environment ... ok
test effects::continuation::tests::test_interpreter_closure_debug_format ... ok
test effects::continuation::tests::test_interpreter_closure_error_propagation ... ok
test effects::continuation::tests::test_interpreter_closure_in_store ... ok
test effects::continuation::tests::test_interpreter_closure_is_executable ... ok
test effects::continuation::tests::test_interpreter_multi_shot_basic_resume ... ok
test effects::continuation::tests::test_interpreter_multi_shot_debug_format ... ok
test effects::continuation::tests::test_interpreter_closure_one_shot_consumed ... ok
test effects::continuation::tests::test_interpreter_multi_shot_in_store_not_removed ... ok
test effects::continuation::tests::test_interpreter_multi_shot_error_recovery ... ok
test effects::continuation::tests::test_interpreter_multi_shot_is_executable_and_multi_shot ... ok
test effects::continuation::tests::test_interpreter_multi_shot_with_captured_state ... ok
test effects::continuation::tests::test_interpreter_multi_shot_resume_point_preserved ... ok
test effects::continuation::tests::test_interpreter_multi_shot_vs_one_shot_in_store ... ok
test effects::continuation::tests::test_interpreter_resume_not_implemented ... ok
test effects::continuation::tests::test_jit_resume_multi_shot ... ok
test effects::continuation::tests::test_jit_resume_returns_value ... ok
test effects::continuation::tests::test_multi_shot_continuation_multiple_resumes ... ok
test effects::continuation::tests::test_one_shot_continuation_double_resume_fails ... ok
test effects::continuation::tests::test_one_shot_continuation_single_resume ... ok
test effects::continuation::tests::test_resume_point_helpers ... ok
test effects::continuation_context::tests::test_continuation_context_basic ... ok
test effects::continuation_context::tests::test_continuation_context_clear ... ok
test effects::continuation_context::tests::test_continuation_context_nested ... ok
test effects::epistemic_effects::tests::test_confidence_modifier_apply ... ok
test effects::epistemic_effects::tests::test_identity_modifier ... ok
test effects::epistemic_effects::tests::test_modifier_composition ... ok
test effects::epistemic_effects::tests::test_epistemic_tracker ... ok
test effects::epistemic_effects::tests::test_modifier_composition_with_provenance ... ok
test effects::epistemic_effects::tests::test_modifier_to_transformation ... ok
test effects::epistemic_effects::tests::test_modifier_with_bounds ... ok
test effects::epistemic_effects::tests::test_registry_custom_impact ... ok
test effects::epistemic_effects::tests::test_registry_defaults ... ok
test effects::epistemic_effects::tests::test_registry_unknown_returns_identity ... ok
test effects::epistemic_effects::tests::test_tracker_reset ... ok
test effects::epistemic_effects::tests::test_tracker_without_history ... ok
test effects::epistemic_effects::tests::test_tracker_provenance_chain ... ok
test effects::handler_capability::tests::test_continuation_placeholder ... ok
test effects::handler_capability::tests::test_epistemic_impact ... ok
test effects::handler_capability::tests::test_continuation_with_resume ... ok
test effects::handler_capability::tests::test_handler_error ... ok
test effects::handler_capability::tests::test_handler_capability ... ok
test effects::handler_capability::tests::test_handler_handle ... ok
test effects::handler_capability::tests::test_handler_error_with_context ... ok
test effects::handler_capability::tests::test_handler_state_custom_modifier ... ok
test effects::handler_capability::tests::test_handler_state_default ... ok
test effects::handler_capability::tests::test_handler_state_epistemic_tracking ... ok
test effects::handler_capability::tests::test_operation_spec_builder ... ok
test effects::handler_capability::tests::test_handler_state_reset_epistemic ... ok
test effects::handler_capability::tests::test_handler_state_without_history ... ok
test effects::handler_capability::tests::test_suspension_id ... ok
test effects::handlers::alloc_handler::tests::test_alloc_array_basic ... ok
test effects::handlers::alloc_handler::tests::test_alloc_basic ... ok
test effects::handlers::alloc_handler::tests::test_alloc_array_requires_two_args ... ok
test effects::handler_capability::tests::test_safe_dispatch_catches_panic ... ok
test effects::handlers::alloc_handler::tests::test_alloc_negative_size ... ok
test effects::handlers::alloc_handler::tests::test_alloc_requires_argument ... ok
test compiler_loader::tests::test_driver_artifact_executes_if_true_else ... ok
test effects::handlers::alloc_handler::tests::test_alloc_type_check ... ok
test effects::handlers::alloc_handler::tests::test_dealloc_double_free ... ok
test effects::handlers::alloc_handler::tests::test_dealloc_invalid_pointer ... ok
test effects::handlers::alloc_handler::tests::test_does_not_support_multi_shot ... ok
test effects::handlers::alloc_handler::tests::test_allocated_bytes_tracking ... ok
test effects::handlers::alloc_handler::tests::test_default_impl ... ok
test effects::handlers::alloc_handler::tests::test_dealloc_basic ... ok
test effects::handlers::alloc_handler::tests::test_epistemic_impact_is_identity ... ok
test effects::handlers::alloc_handler::tests::test_handler_identity ... ok
test effects::handlers::alloc_handler::tests::test_is_valid_false ... ok
test effects::handlers::alloc_handler::tests::test_is_valid_true ... ok
test effects::handlers::alloc_handler::tests::test_operations_list ... ok
test effects::handlers::alloc_handler::tests::test_realloc_basic ... ok
test effects::handlers::alloc_handler::tests::test_multiple_allocations_unique_pointers ... ok
test effects::handlers::alloc_handler::tests::test_realloc_updates_total_bytes ... ok
test effects::handlers::alloc_handler::tests::test_size_operation ... ok
test effects::handlers::async_handler::tests::test_await_cancelled ... ok
test effects::handlers::alloc_handler::tests::test_size_invalid_pointer ... ok
test effects::handlers::alloc_handler::tests::test_unknown_operation ... ok
test effects::handlers::alloc_handler::tests::test_realloc_invalid_pointer ... ok
test effects::handlers::async_handler::tests::test_await_not_found ... ok
test effects::handlers::async_handler::tests::test_await_pending_suspends ... ok
test effects::handlers::async_handler::tests::test_await_with_result ... ok
test effects::handlers::async_handler::tests::test_cancel_existing ... ok
test effects::handlers::async_handler::tests::test_cancel_nonexistent ... ok
test compiler_loader::tests::test_driver_source_pipeline_compiles_simple_source ... ok
test effects::handlers::async_handler::tests::test_default_impl ... ok
test effects::handlers::async_handler::tests::test_epistemic_impact_is_identity ... ok
test effects::handlers::async_handler::tests::test_helper_methods ... ok
test effects::handlers::async_handler::tests::test_is_ready_false ... ok
test effects::handlers::async_handler::tests::test_is_ready_true ... ok
test effects::handlers::async_handler::tests::test_get_pending_task ... ok
test effects::handlers::async_handler::tests::test_join_all_complete ... ok
test effects::handlers::async_handler::tests::test_does_not_support_multi_shot ... ok
test effects::handlers::async_handler::tests::test_join_pending_suspends ... ok
test effects::handlers::async_handler::tests::test_handler_identity ... ok
test effects::handlers::async_handler::tests::test_operations_list ... ok
test effects::handlers::async_handler::tests::test_select_first_complete ... ok
test effects::handlers::async_handler::tests::test_select_empty_fails ... ok
test effects::handlers::async_handler::tests::test_select_none_ready_suspends ... ok
test effects::handlers::async_handler::tests::test_sleep_basic ... ok
test effects::handlers::async_handler::tests::test_sleep_negative_fails ... ok
test effects::handlers::async_handler::tests::test_spawn_requires_argument ... ok
test effects::handlers::async_handler::tests::test_spawn_basic ... ok
test effects::handlers::async_handler_real::tests::test_handler_creation ... ok
test effects::handlers::async_handler::tests::test_spawn_requires_function ... ok
test effects::handlers::async_handler::tests::test_unknown_operation ... ok
test effects::handlers::async_handler_real::tests::test_operations_list ... ok
test effects::handlers::async_handler::tests::test_yield_basic ... ok
test effects::handlers::async_handler::tests::test_unique_future_ids ... ok
test effects::handlers::batched_gpu_handler::tests::test_abort_batch ... ok
test effects::handlers::async_handler_real::tests::test_sleep_negative_duration ... ok
test effects::handlers::batched_gpu_handler::tests::test_batch_error_display ... ok
test effects::handlers::batched_gpu_handler::tests::test_begin_batch ... ok
test effects::handlers::async_handler_real::tests::test_yield_operation ... ok
test effects::handlers::batched_gpu_handler::tests::test_begin_batch_already_active ... ok
test effects::handlers::batched_gpu_handler::tests::test_epistemic_impact_batch_ops ... ok
test effects::handlers::batched_gpu_handler::tests::test_default_impl ... ok
test effects::handlers::batched_gpu_handler::tests::test_handler_creation ... ok
test effects::handlers::batched_gpu_handler::tests::test_handler_error_conversion ... ok
test effects::handlers::batched_gpu_handler::tests::test_no_multi_shot ... ok
test effects::handlers::batched_gpu_handler::tests::test_operation_linearity ... ok
test effects::handlers::batched_gpu_handler::tests::test_queue_allocate ... ok
test effects::handlers::batched_gpu_handler::tests::test_operations_list ... ok
test effects::handlers::batched_gpu_handler::tests::test_handler_via_trait ... ok
test effects::handlers::batched_gpu_handler::tests::test_epistemic_impact_launch ... ok
test effects::handlers::batched_gpu_handler::tests::test_queue_operations ... ok
test effects::handlers::batched_gpu_handler::tests::test_resolve_buffer_id_placeholder_not_found ... ok
test effects::handlers::batched_gpu_handler::tests::test_resolve_buffer_id_real ... ok
test effects::handlers::batched_gpu_handler::tests::test_unknown_operation ... ok
test effects::handlers::causal_handler::tests::test_assume_invalid ... ok
test effects::handlers::causal_handler::tests::test_assume_valid ... ok
test effects::handlers::causal_handler::tests::test_clear_interventions ... ok
test effects::handlers::causal_handler::tests::test_confidence_factor ... ok
test effects::handlers::causal_handler::tests::test_do_adds_nuc_assumption ... ok
test effects::handlers::causal_handler::tests::test_do_intervention ... ok
test effects::handlers::causal_handler::tests::test_epistemic_impact ... ok
test effects::handlers::causal_handler::tests::test_do_replaces_previous ... ok
test effects::handlers::causal_handler::tests::test_handler_identity ... ok
test effects::handlers::causal_handler::tests::test_query_intervened_variable ... ok
test effects::handlers::causal_handler::tests::test_set_and_get_graph ... ok
test effects::handlers::causal_handler::tests::test_operations_list ... ok
test effects::handlers::causal_handler::tests::test_observe_adds_observation ... ok
test effects::handlers::causal_handler::tests::test_with_graph_constructor ... ok
test effects::handlers::composition::tests::test_composition_basic ... ok
test effects::handlers::composition::tests::test_composition_left_to_right ... ok
test effects::handlers::composition::tests::test_composed_handler_unknown_operation ... ok
test effects::handlers::composition::tests::test_composed_handler_invocation ... ok
test effects::handlers::composition::tests::test_composition_priority ... ok
test effects::handlers::composition::tests::test_duplicate_effect_error ... ok
test effects::handlers::composition::tests::test_empty_composition_error ... ok
test effects::handlers::composition::tests::test_composition_right_to_left ... ok
test effects::handlers::composition::tests::test_handler_stack_find ... ok
test effects::handlers::composition::tests::test_find_handler ... ok
test effects::handlers::composition::tests::test_handler_stack_clear ... ok
test effects::handlers::composition::tests::test_handler_stack_push_pop ... ok
test effects::handlers::div_handler::tests::test_checked_div_by_zero ... ok
test effects::handlers::div_handler::tests::test_default_impl ... ok
test effects::handlers::div_handler::tests::test_checked_div_success ... ok
test effects::handlers::div_handler::tests::test_div_basic ... ok
test effects::handlers::div_handler::tests::test_div_by_zero ... ok
test effects::handlers::div_handler::tests::test_div_missing_args ... ok
test effects::handlers::div_handler::tests::test_epistemic_impact ... ok
test effects::handlers::div_handler::tests::test_handler_identity ... ok
test effects::handlers::div_handler::tests::test_div_with_ints ... ok
test effects::handlers::div_handler::tests::test_int_div_basic ... ok
test effects::handlers::div_handler::tests::test_int_div_negative ... ok
test effects::handlers::div_handler::tests::test_int_div_by_zero ... ok
test effects::handlers::div_handler::tests::test_mod_basic ... ok
test effects::handlers::div_handler::tests::test_mod_by_zero ... ok
test effects::handlers::div_handler::tests::test_operations_list ... ok
test effects::handlers::div_handler::tests::test_rem_basic ... ok
test effects::handlers::div_handler::tests::test_safe_div_by_zero ... ok
test effects::handlers::div_handler::tests::test_supports_multi_shot ... ok
test effects::handlers::div_handler::tests::test_safe_div_success ... ok
test effects::handlers::div_handler::tests::test_rem_by_zero ... ok
test effects::handlers::epistemic_handler::tests::test_assert_confidence_fail ... ok
test effects::handlers::epistemic_handler::tests::test_assert_confidence_pass ... ok
test effects::handlers::div_handler::tests::test_unknown_operation ... ok
test effects::handlers::epistemic_handler::tests::test_boost ... ok
test effects::handlers::epistemic_handler::tests::test_boost_capped ... ok
test effects::handlers::epistemic_handler::tests::test_default_impl ... ok
test effects::handlers::epistemic_handler::tests::test_default_confidence ... ok
test effects::handlers::epistemic_handler::tests::test_epistemic_impact ... ok
test effects::handlers::epistemic_handler::tests::test_degrade ... ok
test effects::handlers::epistemic_handler::tests::test_firewall_boost ... ok
test effects::handlers::epistemic_handler::tests::test_firewall_decay ... ok
test effects::handlers::epistemic_handler::tests::test_firewall_gate_block ... ok
test effects::handlers::epistemic_handler::tests::test_degrade_invalid_factor ... ok
test effects::handlers::epistemic_handler::tests::test_clamp ... ok
test effects::handlers::epistemic_handler::tests::test_firewall_gate_pass ... ok
test effects::handlers::epistemic_handler::tests::test_firewall_isolate ... ok
test effects::handlers::epistemic_handler::tests::test_firewall_reset ... ok
test effects::handlers::epistemic_handler::tests::test_get_confidence ... ok
test effects::handlers::epistemic_handler::tests::test_get_model ... ok
test effects::handlers::epistemic_handler::tests::test_handler_identity ... ok
test effects::handlers::epistemic_handler::tests::test_get_provenance ... ok
test effects::handlers::epistemic_handler::tests::test_operations_list ... ok
test effects::handlers::epistemic_handler::tests::test_merge_union ... ok
test effects::handlers::epistemic_handler::tests::test_reset_confidence ... ok
test effects::handlers::epistemic_handler::tests::test_record_provenance ... ok
test effects::handlers::epistemic_handler::tests::test_switch_model ... ok
test effects::handlers::epistemic_handler::tests::test_merge_most_confident ... ok
test compiler_loader::tests::test_driver_artifact_executes_function_call_program ... ok
test effects::handlers::exn_handler::tests::test_clear_exception ... ok
test effects::handlers::epistemic_handler::tests::test_switch_model_invalid ... ok
test effects::handlers::epistemic_handler::tests::test_unknown_operation ... ok
test effects::handlers::exn_handler::tests::test_default_impl ... ok
test effects::handlers::exn_handler::tests::test_epistemic_impact ... ok
test effects::handlers::exn_handler::tests::test_exception_struct ... ok
test effects::handlers::exn_handler::tests::test_exception_count ... ok
test effects::handlers::exn_handler::tests::test_handler_identity ... ok
test effects::handlers::exn_handler::tests::test_get_exception_tag ... ok
test effects::handlers::exn_handler::tests::test_get_exception_none ... ok
test effects::handlers::exn_handler::tests::test_is_exception_match ... ok
test effects::handlers::exn_handler::tests::test_operations_list ... ok
test effects::handlers::exn_handler::tests::test_get_exception_some ... ok
test effects::handlers::exn_handler::tests::test_is_exception_wildcard ... ok
test effects::handlers::exn_handler::tests::test_is_exception_no_match ... ok
test effects::handlers::exn_handler::tests::test_supports_multi_shot ... ok
test effects::handlers::exn_handler::tests::test_rethrow ... ok
test effects::handlers::exn_handler::tests::test_rethrow_no_exception ... ok
test effects::handlers::exn_handler::tests::test_throw ... ok
test effects::handlers::exn_handler::tests::test_throw_with ... ok
test effects::handlers::exn_handler::tests::test_try_catch_no_exception ... ok
test effects::handlers::exn_handler::tests::test_throw_with_payload ... ok
test effects::handlers::exn_handler::tests::test_unknown_operation ... ok
test effects::handlers::async_handler_real::tests::test_sleep_fallback ... ok
test effects::handlers::exn_handler::tests::test_try_catch_with_exception ... ok
test effects::handlers::gpu_handler::tests::test_epistemic_impact_launch ... ok
test effects::handlers::gpu_handler::tests::test_alloc_device ... ok
test effects::handlers::gpu_handler::tests::test_copy_from_device ... ok
test effects::handlers::gpu_handler::tests::test_alloc_device_zero ... ok
test effects::handlers::gpu_handler::tests::test_default_impl ... ok
test effects::handlers::gpu_handler::tests::test_copy_to_device ... ok
test effects::handlers::gpu_handler::tests::test_epistemic_impact_sync ... ok
test effects::handlers::gpu_handler::tests::test_free_device ... ok
test effects::handlers::gpu_handler::tests::test_handler_identity ... ok
test effects::handlers::gpu_handler::tests::test_get_device_count ... ok
test effects::handlers::gpu_handler::tests::test_get_device_properties ... ok
test effects::handlers::gpu_handler::tests::test_launch_basic ... ok
test effects::handlers::gpu_handler::tests::test_launch_exceeds_block_limit ... ok
test effects::handlers::gpu_handler::tests::test_launch_zero_grid ... ok
test effects::handlers::gpu_handler::tests::test_no_multi_shot ... ok
test effects::handlers::gpu_handler::tests::test_memset_device ... ok
test effects::handlers::gpu_handler::tests::test_multiple_allocations ... ok
test effects::handlers::gpu_handler::tests::test_set_device ... ok
test effects::handlers::gpu_handler::tests::test_set_device_out_of_range ... ok
test effects::handlers::gpu_handler::tests::test_stream_create ... ok
test effects::handlers::gpu_handler::tests::test_stream_destroy ... ok
test effects::handlers::gpu_handler::tests::test_operations_list ... ok
test effects::handlers::gpu_handler::tests::test_launch_with_args ... ok
test effects::handlers::gpu_handler::tests::test_stream_sync ... ok
test effects::handlers::gpu_handler::tests::test_sync_clears_pending ... ok
test effects::handlers::gpu_handler::tests::test_unknown_operation ... ok
test effects::handlers::gpu_handler_real::tests::test_epistemic_impact_launch ... ok
test effects::handlers::gpu_handler_real::tests::test_compile_kernel_without_wgpu ... ok
test effects::handlers::gpu_handler_real::tests::test_epistemic_impact_sync ... ok
test effects::handlers::gpu_handler_real::tests::test_operation_linearity ... ok
test effects::handlers::gpu_handler_real::tests::test_operations_list ... ok
test effects::handlers::gpu_handler_real::tests::test_default_impl ... ok
test effects::handlers::gpu_handler_real::tests::test_unknown_operation ... ok
test effects::handlers::gpu_handler_real::tests::test_handler_creation ... ok
test effects::handlers::gpu_handler_real::tests::test_no_multi_shot ... ok
test effects::handlers::io_handler::tests::test_epistemic_impact_read_operations ... ok
test effects::handlers::io_handler::tests::test_default_impl ... ok
test effects::handlers::io_handler::tests::test_epistemic_impact_write_operations ... ok
test effects::handlers::io_handler::tests::test_format_value_float ... ok
test effects::handlers::io_handler::tests::test_format_value_int ... ok
test effects::handlers::io_handler::tests::test_format_value_bool ... ok
test effects::handlers::io_handler::tests::test_format_value_some ... ok
test effects::handlers::io_handler::tests::test_format_value_string ... ok
test effects::handlers::io_handler::tests::test_format_value_tuple ... ok
test effects::handlers::io_handler::tests::test_format_value_none ... ok
test effects::handlers::io_handler::tests::test_io_handler_operations ... ok
test effects::handlers::io_handler::tests::test_print_requires_argument ... ok
test effects::handlers::io_handler::tests::test_io_handler_effect_name ... ok
test effects::handlers::io_handler::tests::test_print_with_captured_output ... ok
test effects::handlers::io_handler::tests::test_format_value_unit ... ok
test effects::handlers::io_handler::tests::test_operation_specs_have_correct_confidence ... ok
test effects::handlers::io_handler::tests::test_println_empty ... ok
test effects::handlers::io_handler::tests::test_read_file_requires_path ... ok
test effects::handlers::io_handler::tests::test_read_file_not_found ... ok
test effects::handlers::io_handler::tests::test_println_with_captured_output ... ok
test effects::handlers::io_handler::tests::test_read_file_type_mismatch ... ok
test effects::handlers::io_handler::tests::test_supports_multi_shot_is_false ... ok
test effects::handlers::io_handler::tests::test_read_file_success ... ok
test effects::handlers::io_handler::tests::test_write_file_requires_two_args ... ok
test effects::handlers::io_handler::tests::test_write_file_type_mismatch_content ... ok
test effects::handlers::io_handler::tests::test_write_file_type_mismatch_path ... ok
test effects::handlers::mut_handler::tests::test_clear ... ok
test effects::handlers::io_handler::tests::test_unknown_operation ... ok
test effects::handlers::mut_handler::tests::test_does_not_support_multi_shot ... ok
test effects::handlers::mut_handler::tests::test_delete ... ok
test effects::handlers::mut_handler::tests::test_epistemic_impact_is_none ... ok
test effects::handlers::mut_handler::tests::test_enter_and_exit_scope ... ok
test effects::handlers::mut_handler::tests::test_exists ... ok
test effects::handlers::mut_handler::tests::test_exit_scope_with_none_removes_key ... ok
test effects::handlers::mut_handler::tests::test_handler_identity ... ok
test effects::handlers::mut_handler::tests::test_get_requires_argument ... ok
test effects::handlers::mut_handler::tests::test_get_missing_returns_none ... ok
test effects::handlers::mut_handler::tests::test_keys ... ok
test effects::handlers::mut_handler::tests::test_modify_with_function_returns_tuple ... ok
test effects::handlers::mut_handler::tests::test_modify_with_direct_value ... ok
test effects::handlers::mut_handler::tests::test_operations_list ... ok
test effects::handlers::mut_handler::tests::test_nested_scopes_manual ... ok
test effects::handlers::mut_handler::tests::test_multiple_state_values ... ok
test effects::handlers::mut_handler::tests::test_overwrite_value ... ok
test effects::handlers::mut_handler::tests::test_set_and_get ... ok
test effects::handlers::mut_handler::tests::test_set_requires_two_arguments ... ok
test effects::handlers::network_handler::tests::test_default_impl ... ok
test effects::handlers::mut_handler::tests::test_unknown_operation ... ok
test effects::handlers::mut_handler::tests::test_type_error_on_non_string_name ... ok
test effects::handlers::network_handler::tests::test_epistemic_impact_fetch ... ok
test effects::handlers::mut_handler::tests::test_with_state_returns_tuple ... ok
test effects::handlers::network_handler::tests::test_delete_basic ... ok
test effects::handlers::network_handler::tests::test_fetch_disconnected ... ok
test effects::handlers::network_handler::tests::test_fetch_empty_url ... ok
test effects::handlers::network_handler::tests::test_fetch_invalid_url ... ok
test effects::handlers::network_handler::tests::test_epistemic_impact_send ... ok
test effects::handlers::network_handler::tests::test_fetch_basic ... ok
test effects::handlers::network_handler::tests::test_handler_identity ... ok
test effects::handlers::network_handler::tests::test_get_status_code ... ok
test effects::handlers::network_handler::tests::test_get_with_headers ... ok
test effects::handlers::network_handler::tests::test_is_connected ... ok
test effects::handlers::network_handler::tests::test_operations_list ... ok
test effects::handlers::network_handler::tests::test_post_basic ... ok
test effects::handlers::network_handler::tests::test_no_multi_shot ... ok
test effects::handlers::network_handler::tests::test_resolve_dns ... ok
test effects::handlers::network_handler::tests::test_resolve_dns_external ... ok
test effects::handlers::network_handler::tests::test_put_basic ... ok
test effects::handlers::network_handler::tests::test_send_basic ... ok
test effects::handlers::network_handler::tests::test_set_timeout ... ok
test effects::handlers::network_handler::tests::test_unknown_operation ... ok
test effects::handlers::network_handler::tests::test_websocket_invalid_url ... ok
test effects::handlers::network_handler_real::tests::test_default_impl ... ok
test effects::handlers::network_handler::tests::test_with_failures ... ok
test effects::handlers::network_handler::tests::test_websocket_lifecycle ... ok
test effects::handlers::network_handler_real::tests::test_epistemic_impact_recv ... ok
test effects::handlers::network_handler_real::tests::test_connect_without_tokio ... ok
test effects::handlers::network_handler_real::tests::test_epistemic_impact_send ... ok
test effects::handlers::network_handler_real::tests::test_handler_creation ... ok
test effects::handlers::network_handler_real::tests::test_no_multi_shot ... ok
test effects::handlers::network_handler_real::tests::test_http_get_without_reqwest ... ok
test effects::handlers::network_handler_real::tests::test_operations_list ... ok
test effects::handlers::network_handler_real::tests::test_unknown_operation ... ok
test effects::handlers::panic_handler::tests::test_assert_failure ... ok
test effects::handlers::panic_handler::tests::test_assert_requires_condition ... ok
test effects::handlers::panic_handler::tests::test_assert_success ... ok
test effects::handlers::panic_handler::tests::test_assert_with_message ... ok
test effects::handlers::panic_handler::tests::test_catch_with_active_panic ... ok
test effects::handlers::panic_handler::tests::test_catch_without_panic ... ok
test effects::handlers::panic_handler::tests::test_does_not_support_multi_shot ... ok
test effects::handlers::panic_handler::tests::test_clear_panic ... ok
test effects::handlers::panic_handler::tests::test_default_impl ... ok
test effects::handlers::panic_handler::tests::test_epistemic_impact_is_identity ... ok
test effects::handlers::panic_handler::tests::test_expect_some ... ok
test effects::handlers::panic_handler::tests::test_expect_none ... ok
test effects::handlers::panic_handler::tests::test_handler_identity ... ok
test effects::handlers::panic_handler::tests::test_panic_basic ... ok
test effects::handlers::panic_handler::tests::test_operations_list ... ok
test effects::handlers::panic_handler::tests::test_panic_requires_message ... ok
test effects::handlers::panic_handler::tests::test_panic_with_non_string_converts ... ok
test effects::handlers::panic_handler::tests::test_throw_is_alias_for_panic ... ok
test effects::handlers::panic_handler::tests::test_unknown_operation ... ok
test effects::handlers::panic_handler::tests::test_unwrap_none ... ok
test effects::handlers::panic_handler::tests::test_unreachable ... ok
test effects::handlers::panic_handler::tests::test_unwrap_some ... ok
test effects::handlers::panic_handler::tests::test_unwrap_non_option ... ok
test effects::handlers::prob_handler::tests::test_bernoulli_deterministic ... ok
test effects::handlers::prob_handler::tests::test_bernoulli_basic ... ok
test effects::handlers::prob_handler::tests::test_bernoulli_invalid_prob ... ok
test effects::handlers::prob_handler::tests::test_beta_basic ... ok
test effects::handlers::prob_handler::tests::test_categorical_basic ... ok
test effects::handlers::prob_handler::tests::test_condition_false ... ok
test effects::handlers::prob_handler::tests::test_default_impl ... ok
test effects::handlers::prob_handler::tests::test_epistemic_impact_observe ... ok
test effects::handlers::prob_handler::tests::test_condition_true ... ok
test effects::handlers::prob_handler::tests::test_categorical_deterministic ... ok
test effects::handlers::prob_handler::tests::test_epistemic_impact_sampling ... ok
test effects::handlers::prob_handler::tests::test_exponential_basic ... ok
test effects::handlers::prob_handler::tests::test_exponential_invalid_lambda ... ok
test effects::handlers::prob_handler::tests::test_get_log_prob_operation ... ok
test effects::handlers::prob_handler::tests::test_handler_identity ... ok
test effects::handlers::prob_handler::tests::test_log_prob_operation ... ok
test effects::handlers::prob_handler::tests::test_linearity_enforcement_integration ... ok
test effects::handlers::prob_handler::tests::test_normal_basic ... ok
test effects::handlers::prob_handler::tests::test_operation_linearity ... ok
test effects::handlers::prob_handler::tests::test_normal_invalid_std ... ok
test effects::handlers::prob_handler::tests::test_observe_count ... ok
test effects::handlers::prob_handler::tests::test_observe_updates_log_prob ... ok
test effects::handlers::prob_handler::tests::test_operations_list ... ok
test effects::handlers::prob_handler::tests::test_supports_multi_shot ... ok
test effects::handlers::prob_handler::tests::test_sample_with_distribution ... ok
test effects::handlers::prob_handler::tests::test_score_operation ... ok
test effects::handlers::prob_handler::tests::test_seed_reproducibility ... ok
test effects::handlers::prob_handler::tests::test_uniform_basic ... ok
test effects::handlers::prob_handler::tests::test_uniform_invalid_range ... ok
test effects::handlers::registry::tests::test_builder_empty ... ok
test effects::handlers::prob_handler::tests::test_unknown_operation ... ok
test effects::handlers::prob_handler::tests::test_uniform_range ... ok
test effects::handlers::registry::tests::test_builder_selective ... ok
test effects::handlers::registry::tests::test_builder_with_defaults ... ok
test effects::handlers::registry::tests::test_compose ... ok
test effects::handlers::registry::tests::test_compose_empty_registry ... ok
test effects::handlers::registry::tests::test_compose_all ... ok
test effects::handlers::registry::tests::test_clear ... ok
test effects::handlers::registry::tests::test_default_factory_create ... ok
test effects::handlers::registry::tests::test_default_factory_supported_effects ... ok
test effects::handlers::registry::tests::test_compose_with_priority ... ok
test effects::handlers::registry::tests::test_debug_impl ... ok
test effects::handlers::registry::tests::test_effect_names ... ok
test effects::handlers::registry::tests::test_empty_registry ... ok
test effects::handlers::registry::tests::test_from_factory ... ok
test effects::handlers::registry::tests::test_merge ... ok
test effects::handlers::registry::tests::test_handler_invocation_through_registry ... ok
test effects::handlers::registry::tests::test_replace_handler ... ok
test effects::handlers::registry::tests::test_remove ... ok
test effects::handlers::registry::tests::test_register_and_get ... ok
test effects::handlers::registry::tests::test_to_stack ... ok
test effects::handlers::registry::tests::test_to_stack_missing_handler ... ok
test effects::handlers::registry::tests::test_with_defaults ... ok
test effects::handlers::sensor_handler::tests::test_batch_read ... ok
test effects::handlers::sensor_handler::tests::test_default_impl ... ok
test effects::handlers::sensor_handler::tests::test_calibrate ... ok
test effects::handlers::sensor_handler::tests::test_epistemic_impact_averaged ... ok
test effects::handlers::sensor_handler::tests::test_different_sensor_types ... ok
test effects::handlers::sensor_handler::tests::test_epistemic_impact_read ... ok
test effects::handlers::sensor_handler::tests::test_handler_identity ... ok
test effects::handlers::sensor_handler::tests::test_get_accuracy ... ok
test effects::handlers::sensor_handler::tests::test_get_range ... ok
test effects::handlers::sensor_handler::tests::test_no_multi_shot ... ok
test effects::handlers::sensor_handler::tests::test_is_available ... ok
test effects::handlers::sensor_handler::tests::test_operations_list ... ok
test effects::handlers::sensor_handler::tests::test_read_averaged_invalid_count ... ok
test effects::handlers::sensor_handler::tests::test_read_averaged ... ok
test effects::handlers::sensor_handler::tests::test_read_temperature ... ok
test effects::handlers::sensor_handler::tests::test_read_unavailable ... ok
test effects::handlers::sensor_handler::tests::test_read_with_noise ... ok
test effects::handlers::sensor_handler::tests::test_read_with_unit ... ok
test effects::jit_resume::tests::test_f64_to_value_conversion ... ok
test effects::handlers::sensor_handler::tests::test_set_simulated_value ... ok
test effects::handlers::sensor_handler::tests::test_unknown_operation ... ok
test effects::jit_resume::tests::test_global_store_api ... ok
test effects::jit_resume::tests::test_jit_resume_context_creation ... ok
test effects::jit_resume::tests::test_jit_resume_context_one_shot ... ok
test effects::jit_resume::tests::test_jit_resume_store ... ok
test effects::jit_resume::tests::test_jit_resume_store_pending ... ok
test effects::jit_resume::tests::test_x86_64_register_indices ... ok
test effects::jit_resume::tests::test_value_to_f64_conversion ... ok
test effects::linearity::tests::test_linearity_compatibility ... ok
test effects::jit_resume::tests::test_jit_resume_context_multi_shot ... ok
test effects::linearity::tests::test_effect_op_info ... ok
test effects::linearity::tests::test_linearity_display ... ok
test effects::linearity::tests::test_linearity_predicates ... ok
test effects::resilience::tests::test_circuit_breaker_initial_state ... ok
test effects::resilience::tests::test_circuit_breaker_opens_on_failures ... ok
test effects::resilience::tests::test_circuit_breaker_resets_on_success ... ok
test effects::resilience::tests::test_delay_calculation ... ok
test effects::resilience::tests::test_delay_respects_max ... ok
test effects::resilience::tests::test_retry_config_builder ... ok
test effects::resilience::tests::test_retry_config_default ... ok
test effects::resilience::tests::test_with_retry_success_first_try ... ok
test effects::resilient_dispatch::tests::test_as_handler_capability ... ok
test effects::resilient_dispatch::tests::test_debug_impl ... ok
test effects::resilient_dispatch::tests::test_dispatch_config_defaults ... ok
test effects::resilient_dispatch::tests::test_circuit_breaker_opens ... ok
test effects::resilient_dispatch::tests::test_dispatch_outcome_accessors ... ok
test effects::resilient_dispatch::tests::test_dispatch_success_no_retry ... ok
test effects::resilient_dispatch::tests::test_no_retry_operations ... ok
test effects::resilient_dispatch::tests::test_reset_circuit ... ok
test effects::simd_dispatch::tests::test_config_max_batch_size ... ok
test effects::simd_dispatch::tests::test_batch_result_methods ... ok
test effects::simd_dispatch::tests::test_dispatch_batch_empty ... ok
test effects::simd_dispatch::tests::test_dispatch_error_display ... ok
test effects::simd_dispatch::tests::test_dispatch_handles ... ok
test effects::simd_dispatch::tests::test_dispatch_no_handler ... ok
test effects::simd_dispatch::tests::test_dispatch_batch ... ok
test effects::resilience::tests::test_with_retry_all_failures ... ok
test effects::resilience::tests::test_with_retry_success_after_failures ... ok
test effects::simd_dispatch::tests::test_dispatch_single_io ... ok
test effects::simd_dispatch::tests::test_dispatch_parallel_io ... ok
test effects::simd_dispatch::tests::test_dispatch_single_prob ... ok
test effects::resilient_dispatch::tests::test_dispatch_retry_exhaustion ... ok
test effects::simd_dispatch::tests::test_effect_op_creation ... ok
test effects::simd_dispatch::tests::test_effect_op_convenience ... ok
test effects::resilient_dispatch::tests::test_dispatch_with_retry_eventual_success ... ok
test effects::simd_dispatch::tests::test_dispatch_parallel_prob ... ok
test effects::simd_dispatch::tests::test_homogeneous_dispatch ... ok
test effects::simd_dispatch::tests::test_mixed_effects ... ok
test effects::simd_dispatch::tests::test_parallel_println ... ok
test effects::simd_dispatch::tests::test_parallel_sample_normal ... ok
test effects::simd_dispatch::tests::test_parallel_sample_uniform ... ok
test effects::simd_dispatch::tests::test_simd_continuation_capture ... ok
test effects::simd_dispatch::tests::test_partial_failure ... ok
test effects::simd_dispatch::tests::test_parallel_timing ... ok
test embedded_stdlib::tests::test_get_embedded_modules ... ok
test embedded_stdlib::tests::test_list_modules ... ok
test effects::simd_dispatch::tests::test_simd_perform_batch_convenience ... ok
test effects::simd_dispatch::tests::test_simd_perform_convenience ... ok
test embedded_stdlib::tests::test_modules_embedded ... ok
test epistemic::agents::agent::tests::test_epistemic_agent_submit ... ok
test epistemic::agents::agent::tests::test_agent_result_builder ... ok
test epistemic::agents::agent::tests::test_evolve_agent ... ok
test epistemic::agents::agent::tests::test_query_agent ... ok
test epistemic::agents::agent::tests::test_revise_agent ... ok
test epistemic::agents::knowledge_base::tests::test_add_and_get_fact ... ok
test epistemic::agents::knowledge_base::tests::test_constraint_violation ... ok
test epistemic::agents::knowledge_base::tests::test_add_and_get_belief ... ok
test epistemic::agents::knowledge_base::tests::test_promote_to_fact ... ok
test epistemic::agents::knowledge_base::tests::test_revise_belief ... ok
test epistemic::agents::knowledge_base::tests::test_search ... ok
test epistemic::agents::knowledge_base::tests::test_stats ... ok
test epistemic::agents::tasks::tests::test_agent_task_lifecycle ... ok
test epistemic::agents::tasks::tests::test_evidence_builder ... ok
test epistemic::agents::tasks::tests::test_priority_ordering ... ok
test epistemic::agents::tasks::tests::test_query_task_builder ... ok
test epistemic::agents::tasks::tests::test_task_failure ... ok
test epistemic::agents::tasks::tests::test_task_id_unique ... ok
test epistemic::bayesian::tests::test_bayesian_fusion_conflict ... ok
test epistemic::bayesian::tests::test_bayesian_fusion_multiple ... ok
test epistemic::bayesian::tests::test_belief_mass_creation ... ok
test epistemic::bayesian::tests::test_belief_mass_from_beta ... ok
test epistemic::bayesian::tests::test_bayesian_fusion_single ... ok
test epistemic::bayesian::tests::test_beta_bound_at_least ... ok
test epistemic::bayesian::tests::test_belief_mass_normalization ... ok
test epistemic::bayesian::tests::test_belief_uncertainty_interval ... ok
test epistemic::bayesian::tests::test_beta_bound_at_most ... ok
test epistemic::bayesian::tests::test_beta_bound_exact_constraint_check ... ok
test epistemic::bayesian::tests::test_beta_bound_guarantees ... ok
test epistemic::bayesian::tests::test_beta_bound_implies ... ok
test epistemic::bayesian::tests::test_beta_bound_exact ... ok
test epistemic::bayesian::tests::test_beta_bound_narrow ... ok
test epistemic::bayesian::tests::test_beta_bound_range ... ok
test epistemic::bayesian::tests::test_beta_combine ... ok
test epistemic::bayesian::tests::test_beta_confidence_basic ... ok
test epistemic::bayesian::tests::test_beta_confidence_update ... ok
test epistemic::bayesian::tests::test_beta_credible_interval ... ok
test epistemic::bayesian::tests::test_beta_confidence_variance ... ok
test epistemic::bayesian::tests::test_beta_probability_above ... ok
test epistemic::bayesian::tests::test_check_beta_constraint_satisfied ... ok
test epistemic::bayesian::tests::test_check_beta_constraint_unknown ... ok
test epistemic::bayesian::tests::test_check_beta_constraint_violated ... ok
test epistemic::bayesian::tests::test_dempster_combine_high_conflict ... ok
test epistemic::bayesian::tests::test_dempster_combine_multiple ... ok
test epistemic::bayesian::tests::test_dempster_combine_no_conflict ... ok
test epistemic::bayesian::tests::test_domain_prior_hierarchy ... ok
test epistemic::bayesian::tests::test_fusion_result_reliability ... ok
test epistemic::bayesian::tests::test_hierarchical_fusion_high_conflict_uses_dst ... ok
test epistemic::bayesian::tests::test_hierarchical_fusion_low_conflict_pure_bayesian ... ok
test epistemic::bayesian::tests::test_hierarchical_posterior_computation ... ok
test epistemic::bayesian::tests::test_hierarchical_fusion_with_ontology ... ok
test epistemic::bayesian::tests::test_hierarchical_prior_construction ... ok
test epistemic::bayesian::tests::test_ln_gamma_basic ... ok
test epistemic::bayesian::tests::test_normal_quantile ... ok
test epistemic::bayesian::tests::test_pignistic_probability ... ok
test epistemic::bayesian::tests::test_source_reliability ... ok
test epistemic::bayesian::tests::test_ontology_domain_classification ... ok
test epistemic::beta_knowledge::tests::test_active_inference_metrics ... ok
test epistemic::beta_knowledge::tests::test_beta_epistemic_status_creation ... ok
test epistemic::beta_knowledge::tests::test_beta_epistemic_status_axiomatic ... ok
test epistemic::beta_knowledge::tests::test_combine_hierarchical ... ok
test epistemic::beta_knowledge::tests::test_credible_interval ... ok
test epistemic::beta_knowledge::tests::test_decay_model_linear ... ok
test epistemic::beta_knowledge::tests::test_beta_knowledge_arithmetic ... ok
test epistemic::beta_knowledge::tests::test_exploration_priorities ... ok
test epistemic::beta_knowledge::tests::test_prior_types ... ok
test epistemic::beta_knowledge::tests::test_observation_update ... ok
test epistemic::composition::category::tests::test_flat_map_extension ... ok
test epistemic::composition::category::tests::test_fmap ... ok
test epistemic::beta_knowledge::tests::test_variance_penalty ... ok
test epistemic::composition::category::tests::test_join ... ok
test epistemic::composition::category::tests::test_monad_associativity ... ok
test epistemic::composition::category::tests::test_lift ... ok
test epistemic::composition::category::tests::test_monad_left_identity ... ok
test epistemic::composition::category::tests::test_monad_right_identity ... ok
test epistemic::composition::category::tests::test_morphism_composition ... ok
test epistemic::composition::category::tests::test_sequence ... ok
test epistemic::composition::category::tests::test_simple_morphism ... ok
test epistemic::composition::condition::tests::test_apply_conditioning_strategy ... ok
test epistemic::composition::condition::tests::test_bayesian_condition_negative ... ok
test epistemic::composition::condition::tests::test_bayesian_condition_positive ... ok
test epistemic::composition::condition::tests::test_evidence_strength ... ok
test epistemic::composition::condition::tests::test_jeffrey_conditioning ... ok
test epistemic::composition::condition::tests::test_likelihood_ratio_computation ... ok
test epistemic::composition::condition::tests::test_likelihood_ratio_update ... ok
test epistemic::composition::condition::tests::test_neutral_evidence ... ok
test epistemic::composition::condition::tests::test_observe_negative ... ok
test epistemic::composition::condition::tests::test_observe_positive ... ok
test epistemic::composition::confidence::tests::test_bayesian_update ... ok
test epistemic::composition::confidence::tests::test_confidence_level ... ok
test epistemic::composition::confidence::tests::test_confidence_nan ... ok
test epistemic::composition::confidence::tests::test_confidence_value_creation ... ok
test epistemic::composition::confidence::tests::test_dempster_shafer_combination ... ok
test epistemic::composition::confidence::tests::test_multiplicative_combination ... ok
test epistemic::composition::confidence::tests::test_penalized_average ... ok
test epistemic::composition::join::tests::test_bool_conflict ... ok
test epistemic::composition::join::tests::test_bool_fusion ... ok
test epistemic::composition::join::tests::test_conflict_level_f64 ... ok
test epistemic::composition::join::tests::test_conflict_level_high ... ok
test epistemic::composition::join::tests::test_force_merge ... ok
test epistemic::composition::join::tests::test_join_bitor_syntax ... ok
test epistemic::composition::join::tests::test_join_commutativity ... ok
test epistemic::composition::join::tests::test_join_concordant ... ok
test epistemic::composition::join::tests::test_join_idempotence ... ok
test epistemic::composition::join::tests::test_join_resolved ... ok
test epistemic::composition::join::tests::test_prefer_higher_confidence ... ok
test epistemic::composition::join::tests::test_weighted_merge ... ok
test epistemic::composition::knowledge::tests::test_certain_value ... ok
test epistemic::composition::knowledge::tests::test_extract_failure ... ok
test epistemic::composition::join::tests::test_join_irreconcilable ... ok
test epistemic::composition::knowledge::tests::test_extract_success ... ok
test epistemic::composition::knowledge::tests::test_map ... ok
test epistemic::composition::knowledge::tests::test_map_with_confidence ... ok
test epistemic::composition::knowledge::tests::test_observe_negative ... ok
test epistemic::composition::knowledge::tests::test_observe_positive ... ok
test epistemic::composition::knowledge::tests::test_with_confidence ... ok
test epistemic::composition::knowledge::tests::test_ontology_ref ... ok
test epistemic::composition::knowledge::tests::test_with_ontology ... ok
test epistemic::composition::provenance::tests::test_derivation_chain ... ok
test epistemic::composition::provenance::tests::test_provenance_tree ... ok
test epistemic::composition::provenance::tests::test_llm_source_detection ... ok
test epistemic::composition::provenance::tests::test_source_info ... ok
test epistemic::composition::tensor::tests::test_ontology_correlation_identical ... ok
test epistemic::composition::tensor::tests::test_ontology_correlation_disjoint ... ok
test epistemic::composition::tensor::tests::test_tensor_all ... ok
test epistemic::composition::tensor::tests::test_ontology_correlation_partial ... ok
test epistemic::composition::tensor::tests::test_tensor_associativity ... ok
test epistemic::composition::tensor::tests::test_tensor_identity ... ok
test epistemic::composition::tensor::tests::test_tensor_monotonicity ... ok
test epistemic::composition::tensor::tests::test_tensor_bitand_syntax ... ok
test epistemic::composition::tensor::tests::test_tensor_with_ontology_overlap ... ok
test epistemic::confidence::tests::test_confidence_combine ... ok
test epistemic::composition::tensor::tests::test_tensor_product ... ok
test epistemic::confidence::tests::test_confidence_propagation ... ok
test epistemic::confidence::tests::test_axiomatic_status ... ok
test epistemic::confidence::tests::test_derived_status ... ok
test epistemic::confidence::tests::test_knightian_display_shows_bottom ... ok
test epistemic::confidence::tests::test_knightian_mode_compose_rules ... ok
test epistemic::confidence::tests::test_knightian_propagates_through_derivation ... ok
test epistemic::confidence::tests::test_knightian_propagates_in_derived ... ok
test epistemic::confidence::tests::test_knightian_undefined_is_distinct_from_zero_confidence ... ok
test epistemic::confidence::tests::test_knightian_propagates_through_transform ... ok
test epistemic::evidence_collector::tests::test_aggregate_empty_returns_none ... ok
test epistemic::evidence_collector::tests::test_aggregate_dempster_shafer ... ok
test epistemic::evidence_collector::tests::test_aggregate_bayesian_fusion ... ok
test epistemic::evidence_collector::tests::test_aggregate_single_evidence ... ok
test epistemic::evidence_collector::tests::test_aggregate_temporal_precedence ... ok
test epistemic::evidence_collector::tests::test_bayesian_fusion_opposing_evidence ... ok
test epistemic::evidence_collector::tests::test_aggregate_trust_higher_confidence ... ok
test epistemic::evidence_collector::tests::test_collect_single_evidence ... ok
test epistemic::evidence_collector::tests::test_collect_multiple_evidence ... ok
test epistemic::evidence_collector::tests::test_collector_creation ... ok
test epistemic::evidence_collector::tests::test_collector_with_custom_staleness ... ok
test epistemic::evidence_collector::tests::test_dempster_shafer_empty ... ok
test epistemic::evidence_collector::tests::test_dempster_shafer_high_beliefs ... ok
test epistemic::evidence_collector::tests::test_dempster_shafer_single ... ok
test epistemic::evidence_collector::tests::test_dempster_shafer_three_sources ... ok
test epistemic::evidence_collector::tests::test_dominant_kind_detection ... ok
test epistemic::evidence_collector::tests::test_evidence_age_computation ... ok
test epistemic::evidence_collector::tests::test_export_audit_trail ... ok
test epistemic::evidence_collector::tests::test_prune_stale_evidence ... ok
test epistemic::evidence_collector::tests::test_resolve_conflict_bayesian ... ok
test epistemic::evidence_collector::tests::test_resolve_conflict_higher_confidence ... ok
test epistemic::evidence_collector::tests::test_resolve_conflict_dempster_shafer ... ok
test epistemic::evidence_collector::tests::test_resolve_conflict_temporal ... ok
test epistemic::evidence_collector::tests::test_staleness_detection ... ok
test epistemic::evidence_collector::tests::test_supporting_conflicting_counts ... ok
test epistemic::evolution::tests::test_apply_adjust_confidence ... ok
test epistemic::evolution::tests::test_evolution_config_default ... ok
test epistemic::evolution::tests::test_apply_promote_belief ... ok
test epistemic::evolution::tests::test_evolution_engine_fitness ... ok
test epistemic::evolution::tests::test_evolution_convergence ... ok
test epistemic::evolution::tests::test_mutation_type_display ... ok
test epistemic::evolution::tests::test_mutation_weights_normalize ... ok
test epistemic::evolution::tests::test_ontology_state_new ... ok
test epistemic::firewall::tests::test_audit_logging ... ok
test epistemic::firewall::tests::test_clamp_firewall ... ok
test epistemic::firewall::tests::test_firewall_constraint ... ok
test epistemic::firewall::tests::test_gate_firewall_block ... ok
test epistemic::firewall::tests::test_gate_firewall_pass ... ok
test epistemic::firewall::tests::test_parse_firewall_attribute ... ok
test epistemic::firewall::tests::test_reset_firewall ... ok
test epistemic::firewall::tests::test_validation_rule_all ... ok
test epistemic::firewall::tests::test_validation_rule_min_confidence ... ok
test epistemic::gaussian_process::tests::test_cholesky_decomposition ... ok
test epistemic::gaussian_process::tests::test_gp_interpolation ... ok
test epistemic::gaussian_process::tests::test_matern_kernels ... ok
test epistemic::gaussian_process::tests::test_rbf_kernel ... ok
test epistemic::heterogeneity::tests::test_conflict_detection ... ok
test epistemic::heterogeneity::tests::test_resolve_bayesian ... ok
test epistemic::heterogeneity::tests::test_heterogeneity_measure ... ok
test epistemic::gaussian_process::tests::test_gp_fit_predict ... ok
test epistemic::heterogeneity::tests::test_resolve_conservative ... ok
test epistemic::heterogeneity::tests::test_resolve_optimistic ... ok
test epistemic::heterogeneity::tests::test_resolve_single ... ok
test epistemic::heterogeneity::tests::test_resolve_prioritized ... ok
test epistemic::information_geometry::tests::test_alpha_connection_bounds ... ok
test epistemic::information_geometry::tests::test_fisher_inversion ... ok
test epistemic::information_geometry::tests::test_fisher_log_vs_direct_parameterization ... ok
test epistemic::information_geometry::tests::test_fisher_matrix_direct_parameterization_issue ... ok
test epistemic::information_geometry::tests::test_fisher_log_parameterization_positive_definite ... ok
test epistemic::information_geometry::tests::test_fisher_matrix_symmetry ... ok
test epistemic::information_geometry::tests::test_trigamma_basic ... ok
test epistemic::integration_tests::tests::test_aging_model_comparison ... ok
test epistemic::integration_tests::tests::test_all_strategies_produce_valid_aggregates ... ok
test epistemic::integration_tests::tests::test_bayesian_fusion_with_temporal_weighting ... ok
test epistemic::integration_tests::tests::test_causal_confidence_times_evidence_confidence ... ok
test epistemic::integration_tests::tests::test_causal_identification_with_evidence_confidence ... ok
test epistemic::integration_tests::tests::test_causal_op_counts_evidence_requirements ... ok
test epistemic::integration_tests::tests::test_conflict_resolution_in_provenance ... ok
test epistemic::integration_tests::tests::test_conflict_resolution_provenance_temporal_pipeline ... ok
test epistemic::integration_tests::tests::test_counterfactual_lowering_creates_provenance_trackable_sequence ... ok
test epistemic::integration_tests::tests::test_discovery_to_cost_estimate_pipeline ... ok
test epistemic::integration_tests::tests::test_evidence_aggregation_updates_provenance ... ok
test epistemic::information_geometry::tests::test_natural_gradient_optimizer_convergence ... ok
test epistemic::integration_tests::tests::test_evidence_aggregation_with_temporal_aging ... ok
test epistemic::integration_tests::tests::test_evidence_audit_trail_temporal_ordering ... ok
test epistemic::integration_tests::tests::test_evidence_sources_create_distinct_provenance ... ok
test epistemic::integration_tests::tests::test_formula_kind_preserves_identification_confidence ... ok
test epistemic::integration_tests::tests::test_gum_causal_uncertainty_budget ... ok
test epistemic::integration_tests::tests::test_knowledge_lifecycle ... ok
test epistemic::integration_tests::tests::test_full_discovery_to_sir_pipeline ... ok
test epistemic::integration_tests::tests::test_full_audit_trail_evidence_to_merkle ... ok
test epistemic::integration_tests::tests::test_merkle_dag_tracks_evidence_with_signatures ... ok
test epistemic::integration_tests::tests::test_multiple_causal_formulas_different_confidences ... ok
test epistemic::information_geometry::tests::test_natural_vs_euclidean_convergence ... ok
test epistemic::integration_tests::tests::test_non_identifiable_not_overridden_by_evidence ... ok
test epistemic::integration_tests::tests::test_merkle_dag_causal_provenance ... ok
test epistemic::integration_tests::tests::test_provenance_confidence_degrades_with_time ... ok
test epistemic::integration_tests::tests::test_merkle_multi_root_merge_confidence ... ok
test epistemic::integration_tests::tests::test_provenance_query_filters_for_evidence ... ok
test epistemic::integration_tests::tests::test_provenance_summary_reflects_aging ... ok
test epistemic::integration_tests::tests::test_stale_evidence_pruned_before_aggregation ... ok
test epistemic::integration_tests::tests::test_subchain_preserves_temporal_ordering ... ok
test epistemic::integration_tests::tests::test_provenance_to_merkle_conversion ... ok
test epistemic::integration_tests::tests::test_pc_discovery_to_identifiability ... ok
test epistemic::integration_tests::tests::test_temporal_validity_bounds_with_evidence_age ... ok
test epistemic::integration_tests::tests::test_temporal_validation_of_provenance_nodes ... ok
test epistemic::integration_tests::tests::test_three_step_validation_and_cost ... ok
test epistemic::evolution::tests::test_evolution_with_beliefs ... ok
test epistemic::integration_tests::tests::test_weakest_link_shifts_with_aging ... ok
test epistemic::kec::tests::test_auto_select_from_samples ... ok
test epistemic::kec::tests::test_kec_config_presets ... ok
test epistemic::kec::tests::test_select_for_operation ... ok
test epistemic::kec::tests::test_kec_selection_interval ... ok
test epistemic::kec::tests::test_uncertainty_metrics_from_samples ... ok
test epistemic::knowledge::tests::test_ontology_binding_equality ... ok
test epistemic::knowledge::tests::test_primitive_ontology_prefix ... ok
test epistemic::kec::tests::test_kec_selection_point ... ok
test epistemic::knowledge::tests::test_term_id_creation ... ok
test epistemic::levinson_durbin::tests::test_ar1_recovery ... ok
test epistemic::levinson_durbin::tests::test_ar2_recovery ... ok
test epistemic::levinson_durbin::tests::test_constant_series ... ok
test epistemic::levinson_durbin::tests::test_matches_yule_walker_2x2 ... ok
test epistemic::levinson_durbin::tests::test_pacf_ar1 ... ok
test epistemic::levinson_durbin::tests::test_pacf_ar2 ... ok
test epistemic::levinson_durbin::tests::test_fit_ar_from_series ... ok
test epistemic::levinson_durbin::tests::test_reflection_bounded ... ok
test epistemic::levinson_durbin::tests::test_too_short ... ok
test epistemic::levinson_durbin::tests::test_prediction_error_monotone ... ok
test epistemic::levinson_durbin::tests::test_ar4_recovery ... ok
test epistemic::mcmc::tests::test_credible_interval ... ok
test epistemic::mcmc::tests::test_ess_computation ... ok
test epistemic::mcmc::tests::test_r_hat_convergence ... ok
test epistemic::levinson_durbin::tests::test_order_selection ... ok
test epistemic::mcmc_diagnostics::tests::test_ess_iid ... ok
test epistemic::mcmc_diagnostics::tests::test_fold_chains_basic ... ok
test epistemic::mcmc_diagnostics::tests::test_inverse_normal_cdf_median ... ok
test epistemic::mcmc_diagnostics::tests::test_inverse_normal_cdf_tails ... ok
test epistemic::mcmc_diagnostics::tests::test_rhat_converged ... ok
test epistemic::mcmc_diagnostics::tests::test_ess_correlated ... ok
test epistemic::merkle::tests::test_all_paths ... ok
test epistemic::mcmc_diagnostics::tests::test_rhat_diverged ... ok
test epistemic::merkle::tests::test_all_paths_multi_root ... ok
test epistemic::merkle::tests::test_audit_trail_generation ... ok
test epistemic::merkle::tests::test_confidence_chain ... ok
test epistemic::merkle::tests::test_confidence_chain_nonexistent ... ok
test epistemic::merkle::tests::test_confidence_factor ... ok
test epistemic::merkle::tests::test_count_by_operation ... ok
test epistemic::merkle::tests::test_dag_depth_empty ... ok
test epistemic::merkle::tests::test_dag_depth_branching ... ok
test epistemic::merkle::tests::test_dag_depth_linear ... ok
test epistemic::merkle::tests::test_dag_verification ... ok
test epistemic::merkle::tests::test_filter_by_min_confidence ... ok
test epistemic::merkle::tests::test_filter_by_operation ... ok
test epistemic::merkle::tests::test_find_path_linear ... ok
test epistemic::merkle::tests::test_find_path_nonexistent ... ok
test epistemic::merkle::tests::test_find_path_reverse_direction ... ok
test epistemic::merkle::tests::test_find_path_same_node ... ok
test epistemic::merkle::tests::test_hash_computation ... ok
test epistemic::merkle::tests::test_find_signed_by ... ok
test epistemic::merkle::tests::test_hash_hex_roundtrip ... ok
test epistemic::merkle::tests::test_merkle_dag_basic ... ok
test epistemic::merkle::tests::test_merkle_node_creation ... ok
test epistemic::merkle::tests::test_provenance_conversion ... ok
test epistemic::merkle::tests::test_verify_subset ... ok
test epistemic::models::tests::test_interval_multiplication ... ok
test epistemic::models::tests::test_affine_addition ... ok
test epistemic::models::tests::test_interval_propagation ... ok
test epistemic::models::tests::test_model_selection ... ok
test epistemic::models::tests::test_probabilistic_propagation ... ok
test epistemic::models::tests::test_uncertainty_value_certainty ... ok
test epistemic::nonlinear_propagation::tests::test_below_threshold_warning ... ok
test epistemic::nonlinear_propagation::tests::test_composition_rule_directly ... ok
test epistemic::nonlinear_propagation::tests::test_composition_sin_exp ... ok
test epistemic::nonlinear_propagation::tests::test_composition_triple ... ok
test epistemic::nonlinear_propagation::tests::test_conditional_empty_returns_none ... ok
test epistemic::nonlinear_propagation::tests::test_conditional_propagation_takes_minimum ... ok
test epistemic::nonlinear_propagation::tests::test_conditional_single_branch ... ok
test epistemic::nonlinear_propagation::tests::test_confidence_clamped_to_unit_interval ... ok
test epistemic::nonlinear_propagation::tests::test_confidence_warning_display ... ok
test epistemic::nonlinear_propagation::tests::test_cos_propagation ... ok
test epistemic::nonlinear_propagation::tests::test_custom_rule ... ok
test epistemic::nonlinear_propagation::tests::test_domain_concern_log ... ok
test epistemic::nonlinear_propagation::tests::test_exp_propagation ... ok
test epistemic::nonlinear_propagation::tests::test_first_order_rule ... ok
test epistemic::nonlinear_propagation::tests::test_function_summary_compose ... ok
test epistemic::nonlinear_propagation::tests::test_function_summary_display ... ok
test epistemic::nonlinear_propagation::tests::test_function_summary_identity ... ok
test epistemic::nonlinear_propagation::tests::test_function_summary_single_op ... ok
test epistemic::nonlinear_propagation::tests::test_log_propagation ... ok
test epistemic::nonlinear_propagation::tests::test_loop_geometric_decay ... ok
test epistemic::nonlinear_propagation::tests::test_loop_zero_iterations ... ok
test epistemic::nonlinear_propagation::tests::test_negative_confidence_clamped ... ok
test epistemic::nonlinear_propagation::tests::test_nonlinear_op_display ... ok
test epistemic::nonlinear_propagation::tests::test_pow_propagation ... ok
test epistemic::nonlinear_propagation::tests::test_sin_propagation ... ok
test epistemic::nonlinear_propagation::tests::test_sqrt_propagation ... ok
test epistemic::nonlinear_propagation::tests::test_ut_rule_less_conservative ... ok
test epistemic::operations::tests::test_epistemic_constraint_min_confidence ... ok
test epistemic::operations::tests::test_relational_constraint ... ok
test epistemic::operations::tests::test_revision_strategy_bayesian ... ok
test epistemic::pce::tests::test_hermite_polynomials ... ok
test epistemic::pce::tests::test_legendre_polynomials ... ok
test epistemic::pce::tests::test_multi_index_satisfies_total_degree ... ok
test epistemic::pce::tests::test_multi_index_total_degree ... ok
test epistemic::pce::tests::test_pce_1d_linear ... ok
test epistemic::pce::tests::test_pce_1d_constant ... ok
test epistemic::pce::tests::test_polynomial_families ... ok
test epistemic::promotion::tests::test_bootstrap_cv_incomparable ... ok
test epistemic::pce::tests::test_sobol_indices_2d ... ok
test epistemic::promotion::tests::test_bootstrap_level ... ok
test epistemic::promotion::tests::test_bootstrap_parse ... ok
test epistemic::promotion::tests::test_bootstrap_promoted_value ... ok
test epistemic::promotion::tests::test_cv_level ... ok
test epistemic::promotion::tests::test_cv_parse ... ok
test epistemic::promotion::tests::test_cv_promoted_value ... ok
test epistemic::promotion::tests::test_lattice_ordering ... ok
test epistemic::promotion::tests::test_meet_join ... ok
test epistemic::promotion::tests::test_promote_bootstrap_to_distribution ... ok
test epistemic::promotion::tests::test_promote_cv_to_distribution ... ok
test epistemic::promotion::tests::test_promotion ... ok
test epistemic::provenance::tests::test_count_by_kind ... ok
test epistemic::provenance::tests::test_functor_trace_compose ... ok
test epistemic::provenance::tests::test_has_ml_inference ... ok
test epistemic::provenance::tests::test_has_user_override ... ok
test epistemic::provenance::tests::test_provenance_extend ... ok
test epistemic::provenance::tests::test_provenance_literal ... ok
test epistemic::provenance::tests::test_provenance_path_string ... ok
test epistemic::provenance::tests::test_query_all_filter ... ok
test epistemic::provenance::tests::test_query_any_filter ... ok
test epistemic::provenance::tests::test_query_by_kind ... ok
test epistemic::provenance::tests::test_query_confidence_product ... ok
test epistemic::provenance::tests::test_query_empty_chain ... ok
test epistemic::provenance::tests::test_query_has_metadata ... ok
test epistemic::provenance::tests::test_query_has_metadata_commit ... ok
test epistemic::provenance::tests::test_query_max_confidence ... ok
test epistemic::provenance::tests::test_query_metadata_equals ... ok
test epistemic::provenance::tests::test_query_min_confidence ... ok
test epistemic::provenance::tests::test_query_nested_all_in_any ... ok
test epistemic::provenance::tests::test_subchain ... ok
test epistemic::provenance::tests::test_subchain_out_of_bounds ... ok
test epistemic::provenance::tests::test_summarize_empty_chain ... ok
test epistemic::provenance::tests::test_summarize ... ok
test epistemic::provenance::tests::test_transformation_confidence ... ok
test epistemic::provenance::tests::test_transformation_kinds ... ok
test epistemic::provenance::tests::test_weakest_link ... ok
test epistemic::provenance::tests::test_weakest_link_empty ... ok
test epistemic::refined_epistemic::tests::test_display ... ok
test epistemic::refined_epistemic::tests::test_epistemic_interval_widening ... ok
test epistemic::refined_epistemic::tests::test_extraction_with_threshold ... ok
test epistemic::refined_epistemic::tests::test_from_epistemic ... ok
test epistemic::refined_epistemic::tests::test_interval_arithmetic_add ... ok
test epistemic::refined_epistemic::tests::test_interval_clamping ... ok
test epistemic::refined_epistemic::tests::test_positive_creation ... ok
test epistemic::refined_epistemic::tests::test_positive_creation_fails_for_negative ... ok
test epistemic::refined_epistemic::tests::test_probability_bounds ... ok
test epistemic::refined_epistemic::tests::test_refinement_bounds_contain ... ok
test epistemic::simd_knowledge::tests::test_batch_add_uncertainties ... ok
test epistemic::simd_knowledge::tests::test_knowledge_vec4_add_certain ... ok
test epistemic::simd_knowledge::tests::test_knowledge_vec4_add_uncertain ... ok
test epistemic::simd_knowledge::tests::test_knowledge_vec4_confidence_aggregation ... ok
test epistemic::simd_knowledge::tests::test_knowledge_vec4_mul_uncertain ... ok
test epistemic::simd_knowledge::tests::test_knowledge_vec4_weighted_sum ... ok
test epistemic::simd_knowledge::tests::test_knowledge_vec8_add ... ok
test epistemic::simd_knowledge::tests::test_scalar_fallback_matches_simd ... ok
test epistemic::simd_knowledge::tests::test_simd_add_f32x4 ... ok
test epistemic::simd_knowledge::tests::test_simd_horizontal_sum ... ok
test epistemic::simd_knowledge::tests::test_simd_sqrt_f32x4 ... ok
test epistemic::temporal::tests::test_context_index ... ok
test epistemic::temporal::tests::test_context_time_current ... ok
test epistemic::temporal::tests::test_temporal_index_ordering ... ok
test epistemic::temporal::tests::test_version_ordering ... ok
test epistemic::temporal_validity::tests::test_compare_temporal_incomparable ... ok
test epistemic::temporal_validity::tests::test_compare_temporal_ordering ... ok
test epistemic::temporal_validity::tests::test_compare_temporal_same_date ... ok
test epistemic::temporal_validity::tests::test_exponential_decay_half_life ... ok
test epistemic::temporal_validity::tests::test_exponential_decay_two_half_lives ... ok
test epistemic::temporal_validity::tests::test_exponential_decay_zero_elapsed ... ok
test epistemic::temporal_validity::tests::test_exponential_decay_zero_half_life ... ok
test epistemic::temporal_validity::tests::test_is_currently_valid_expired ... ok
test epistemic::temporal_validity::tests::test_is_currently_valid_unbounded ... ok
test epistemic::temporal_validity::tests::test_linear_decay ... ok
test epistemic::temporal_validity::tests::test_linear_decay_clamps_to_zero ... ok
test epistemic::temporal_validity::tests::test_no_aging ... ok
test epistemic::temporal_validity::tests::test_relative_temporal_epoch ... ok
test epistemic::temporal_validity::tests::test_remaining_validity_conditional ... ok
test epistemic::temporal_validity::tests::test_remaining_validity_unbounded ... ok
test epistemic::temporal_validity::tests::test_remaining_validity_until_expired ... ok
test epistemic::temporal_validity::tests::test_remaining_validity_until_valid ... ok
test epistemic::temporal_validity::tests::test_step_function_after_threshold ... ok
test epistemic::temporal_validity::tests::test_step_function_before_threshold ... ok
test epistemic::temporal_validity::tests::test_temporal_index_to_epoch_absolute ... ok
test epistemic::temporal_validity::tests::test_temporal_index_to_epoch_compile_time_returns_none ... ok
test epistemic::temporal_validity::tests::test_temporal_index_to_epoch_version_returns_none ... ok
test epistemic::temporal_validity::tests::test_validate_compile_time_not_applicable ... ok
test epistemic::temporal_validity::tests::test_validate_conditional_not_applicable ... ok
test epistemic::temporal_validity::tests::test_validate_from_not_yet_valid ... ok
test epistemic::temporal_validity::tests::test_validate_from_valid ... ok
test epistemic::temporal_validity::tests::test_validate_range_after ... ok
test epistemic::temporal_validity::tests::test_validate_range_before ... ok
test epistemic::temporal_validity::tests::test_validate_range_within ... ok
test epistemic::temporal_validity::tests::test_validate_unbounded ... ok
test epistemic::temporal_validity::tests::test_validate_until_expired ... ok
test epistemic::temporal_validity::tests::test_validate_until_valid ... ok
test epistemic::time_travel::tests::test_breakpoint_confidence_below ... ok
test epistemic::time_travel::tests::test_breakpoint_manager ... ok
test epistemic::time_travel::tests::test_breakpoint_operation_pattern ... ok
test epistemic::time_travel::tests::test_compound_breakpoint ... ok
test epistemic::time_travel::tests::test_diff_confidence ... ok
test epistemic::time_travel::tests::test_custody_chain ... ok
test epistemic::time_travel::tests::test_find_confidence_threshold ... ok
test epistemic::time_travel::tests::test_fda_proof_export ... ok
test epistemic::time_travel::tests::test_proof_serialization_roundtrip ... ok
test epistemic::time_travel::tests::test_proof_verification ... ok
test epistemic::time_travel::tests::test_timeline_dot_export ... ok
test epistemic::time_travel::tests::test_timeline_visualization ... ok
test epistemic::time_travel::tests::test_travel_to_not_found ... ok
test epistemic::time_travel::tests::test_travel_to_success ... ok
test epistemic::unscented_transform::tests::test_cholesky_decomposition ... ok
test epistemic::unscented_transform::tests::test_cross_covariance ... ok
test epistemic::unscented_transform::tests::test_linear_propagation ... ok
test epistemic::unscented_transform::tests::test_multivariate_propagation ... ok
test epistemic::unscented_transform::tests::test_nonlinear_propagation ... ok
test epistemic::unscented_transform::tests::test_sigma_point_generation ... ok
test epistemic::unscented_transform::tests::test_ut_vs_taylor ... ok
test epistemic::mcmc::tests::test_hmc_normal ... ok
test epistemic::wasserstein::tests::test_beta_quantile_bounds ... ok
test epistemic::mcmc::tests::test_metropolis_hastings_normal ... ok
test epistemic::mcmc::tests::test_nuts_normal ... ok
test epistemic::mcmc_diagnostics::tests::test_diagnose_basic ... ok
test effects::handlers::io_handler::tests::test_write_file_success ... ok
test compiler_loader::tests::test_find_type_module ... ok
test compiler_loader::tests::test_stdlib_compilation_context ... ok
test fmt::config::tests::test_default_config ... ok
test fmt::config::tests::test_deserialize_config ... ok
test fmt::config::tests::test_serialize_config ... ok
test fmt::ir::tests::test_doc_builder ... ok
test fmt::ir::tests::test_doc_concat_flatten ... ok
test fmt::ir::tests::test_doc_join ... ok
test fmt::ir::tests::test_flat_width ... ok
test fmt::pretty::tests::test_bracket ... ok
test fmt::pretty::tests::test_concat ... ok
test fmt::pretty::tests::test_group_fits ... ok
test fmt::pretty::tests::test_indent ... ok
test fmt::pretty::tests::test_join ... ok
test fmt::pretty::tests::test_text ... ok
test fmt::printer::tests::test_group_breaks ... ok
test fmt::printer::tests::test_group_fits ... ok
test fmt::printer::tests::test_indent ... ok
test fmt::printer::tests::test_simple_print ... ok
test fmt::printer::tests::test_trailing_whitespace_removed ... ok
test fmt::tests::test_binop_formatting ... ok
test fmt::tests::test_extract_comments ... ok
test fmt::tests::test_format_config_from_env ... ok
test fmt::tests::test_format_diff ... ok
test fmt::tests::test_format_enum_with_variants ... ok
test fmt::tests::test_format_function_with_effects ... ok
test fmt::tests::test_format_impl_block ... ok
test fmt::tests::test_format_kernel_function ... ok
test fmt::tests::test_format_linear_struct ... ok
test fmt::tests::test_format_mutable_reference ... ok
test fmt::tests::test_format_simple_function ... ok
test fmt::tests::test_format_trait ... ok
test fmt::tests::test_formatter_creation ... ok
test fmt::tests::test_unop_formatting ... ok
test fmt::visitors::tests::test_visit_literal ... ok
test fmt::visitors::tests::test_visit_pattern ... ok
test fmt::visitors::tests::test_visit_simple_function ... ok
test fmt::visitors::tests::test_visit_type ... ok
test geometry::algebraic::tests::test_algebraic_reasoner ... ok
test geometry::algebraic::tests::test_algebraic_reasoner_chained ... ok
test geometry::algebraic::tests::test_confidence_propagation ... ok
test geometry::algebraic::tests::test_epistemic_uncertainty ... ok
test geometry::algebraic::tests::test_equation_solve_linear ... ok
test geometry::algebraic::tests::test_expression_creation ... ok
test geometry::algebraic::tests::test_expression_evaluate ... ok
test geometry::algebraic::tests::test_expression_substitution ... ok
test geometry::algebraic::tests::test_midpoint_equations ... ok
test geometry::algebraic::tests::test_refinement_check ... ok
test geometry::algebraic::tests::test_simplify_constants ... ok
test geometry::algebraic::tests::test_simplify_zero ... ok
test geometry::algebraic::tests::test_unit_compatibility ... ok
test geometry::alpha_geo_zero::tests::test_alpha_geo_zero_config_default ... ok
test geometry::alpha_geo_zero::tests::test_epistemic_mcts_node_creation ... ok
test geometry::alpha_geo_zero::tests::test_epistemic_mcts_node_update ... ok
test geometry::alpha_geo_zero::tests::test_epistemic_mcts_tree_creation ... ok
test geometry::alpha_geo_zero::tests::test_mcts_stats_default ... ok
test geometry::alpha_geo_zero::tests::test_problem_curriculum ... ok
test geometry::alpha_geo_zero::tests::test_puct_score_with_variance_bonus ... ok
test geometry::alpha_geo_zero::tests::test_self_play_generator_creation ... ok
test geometry::alpha_geo_zero::tests::test_training_config_default ... ok
test geometry::alpha_geo_zero::tests::test_variance_priority_buffer ... ok
test geometry::engine::tests::test_algebraic_integration ... ok
test geometry::engine::tests::test_combined_uncertainty_score ... ok
test geometry::engine::tests::test_deduction_result_pruning_stats ... ok
test geometry::engine::tests::test_engine_creation ... ok
test geometry::engine::tests::test_engine_with_pruning ... ok
test geometry::engine::tests::test_epistemic_propagation ... ok
test geometry::engine::tests::test_epistemic_pruner_creation ... ok
test geometry::engine::tests::test_fixpoint_detection ... ok
test geometry::engine::tests::test_global_uncertainty ... ok
test geometry::engine::tests::test_midpoint_deduction ... ok
test geometry::engine::tests::test_nesy_loop_pure_symbolic ... ok
test geometry::engine::tests::test_neural_request_generation ... ok
test geometry::engine::tests::test_proof_trace ... ok
test geometry::engine::tests::test_provenance_tracking ... ok
test geometry::engine::tests::test_pruner_from_config ... ok
test geometry::engine::tests::test_pruning_decision_high_confidence ... ok
test geometry::engine::tests::test_pruning_decision_high_variance ... ok
test geometry::engine::tests::test_pruning_decision_low_confidence ... ok
test geometry::engine::tests::test_pruning_decision_soft_prune_requests_neural ... ok
test geometry::engine::tests::test_pruning_depth_decay ... ok
test geometry::engine::tests::test_pruning_rule_match ... ok
test geometry::engine::tests::test_pruning_rule_match_low_confidence_premise ... ok
test geometry::engine::tests::test_pruning_stats_reset ... ok
test geometry::engine::tests::test_pruning_stats_tracking ... ok
test geometry::engine::tests::test_simple_deduction ... ok
test geometry::final_integration::tests::test_config_default ... ok
test geometry::final_integration::tests::test_config_fast ... ok
test geometry::final_integration::tests::test_stats_json ... ok
test geometry::final_integration::tests::test_stats_recording ... ok
test geometry::final_integration::tests::test_system_creation ... ok
test geometry::final_integration::tests::test_template_perf_stats ... ok
test geometry::geo_game::tests::test_construction_action ... ok
test geometry::geo_game::tests::test_construction_new_point_name ... ok
test geometry::geo_game::tests::test_deduction_step ... ok
test geometry::geo_game::tests::test_features ... ok
test geometry::geo_game::tests::test_game_trait_implementation ... ok
test geometry::geo_game::tests::test_geo_game_creation ... ok
test geometry::geo_game::tests::test_legal_actions ... ok
test geometry::geo_game::tests::test_random_proof_game ... ok
test geometry::geo_game::tests::test_terminate_action ... ok
test effects::resilient_dispatch::tests::test_resilient_builder_for_network ... ok
test geometry::geo_training::tests::test_convenience_functions ... ok
test geometry::geo_training::tests::test_geo_problem_standard ... ok
test geometry::geo_training::tests::test_problem_generator ... ok
test geometry::geo_training::tests::test_temperature_schedule ... ok
test geometry::geo_training::tests::test_trainer_creation ... ok
test geometry::geo_training::tests::test_training_config_default ... ok
test geometry::geo_training::tests::test_training_example_creation ... ok
test geometry::geo_training::tests::test_training_stats_update ... ok
test geometry::geo_training::tests::test_uniform_network ... ok
test geometry::imo_benchmark::tests::test_benchmark_result_creation ... ok
test geometry::imo_benchmark::tests::test_benchmark_stats ... ok
test geometry::imo_benchmark::tests::test_difficulty_range ... ok
test geometry::imo_benchmark::tests::test_get_problem_by_id ... ok
test geometry::imo_benchmark::tests::test_get_problems_by_year ... ok
test epistemic::wasserstein::tests::test_barycenter_equal_weights ... ok
test epistemic::wasserstein::tests::test_barycenter_convergence ... ok
test geometry::imo_benchmark::tests::test_imo_2004_p1_is_midpoint_theorem ... ok
test geometry::imo_benchmark::tests::test_imo_ag_30_count ... ok
test geometry::imo_benchmark::tests::test_problem_has_goal ... ok
test geometry::imo_parser::tests::test_imo_problem_creation ... ok
test geometry::imo_parser::tests::test_parse_circumcenter ... ok
test geometry::imo_parser::tests::test_parse_cyclic ... ok
test geometry::imo_parser::tests::test_parse_midpoint ... ok
test geometry::imo_parser::tests::test_parse_perpendicular_goal ... ok
test geometry::imo_parser::tests::test_parse_simple_triangle ... ok
test geometry::imo_parser::tests::test_parse_with_constraints ... ok
test geometry::predicates::tests::test_axiom_hash_deterministic ... ok
test geometry::predicates::tests::test_axiom_merkle_hash ... ok
test geometry::predicates::tests::test_compute_hash_lazy ... ok
test geometry::predicates::tests::test_derived_hash_includes_parents ... ok
test geometry::predicates::tests::test_derived_merkle_hash ... ok
test geometry::predicates::tests::test_different_predicates_different_hashes ... ok
test geometry::predicates::tests::test_epistemic_decay ... ok
test geometry::predicates::tests::test_epistemic_update ... ok
test geometry::predicates::tests::test_epistemic_variance ... ok
test geometry::predicates::tests::test_merkle_hash_verification ... ok
test geometry::predicates::tests::test_merkle_provenance_chain ... ok
test geometry::predicates::tests::test_neural_prediction_merkle ... ok
test geometry::predicates::tests::test_parallel_canonical ... ok
test geometry::predicates::tests::test_pattern_match ... ok
test geometry::predicates::tests::test_predicate_canonical ... ok
test geometry::primitives::tests::test_line_canonical ... ok
test geometry::primitives::tests::test_point_construction ... ok
test geometry::primitives::tests::test_segment_canonical ... ok
test geometry::proof_state::tests::test_construction ... ok
test geometry::proof_state::tests::test_derived_predicate ... ok
test geometry::proof_state::tests::test_goal_satisfaction ... ok
test geometry::proof_state::tests::test_proof_state_basic ... ok
test geometry::reasoning_effect::tests::test_geometry_reasoning_effect_definition ... ok
test geometry::reasoning_effect::tests::test_interpret_operations ... ok
test geometry::reasoning_effect::tests::test_merkle_proof_generation ... ok
test geometry::reasoning_effect::tests::test_nesy_handler_with_noop_suggester ... ok
test geometry::reasoning_effect::tests::test_nesy_stats ... ok
test geometry::reasoning_effect::tests::test_pure_symbolic_handler ... ok
test geometry::reasoning_effect::tests::test_pure_symbolic_no_suggestions ... ok
test geometry::reasoning_effect::tests::test_pure_symbolic_pruning ... ok
test geometry::rules::tests::test_collinear_trans_rule ... ok
test geometry::rules::tests::test_midpoint_rules ... ok
test geometry::rules::tests::test_subsumption_enabled_matching ... ok
test geometry::rules::tests::test_subsumption_match ... ok
test geometry::rules::tests::test_subsumption_registry ... ok
test geometry::self_play::tests::test_buffer_add_and_sample ... ok
test geometry::self_play::tests::test_buffer_creation ... ok
test geometry::self_play::tests::test_config_default ... ok
test geometry::imo_benchmark::tests::test_problem_ids_unique ... ok
test geometry::imo_benchmark::tests::test_problem_has_points ... ok
test geometry::self_play::tests::test_stats_recording ... ok
test geometry::showcase::tests::test_epistemic_result_creation ... ok
test geometry::showcase::tests::test_json_output ... ok
test geometry::showcase::tests::test_showcase_config_default ... ok
test geometry::showcase::tests::test_showcase_output_format ... ok
test geometry::synthetic::tests::test_generate_batch ... ok
test geometry::synthetic::tests::test_generate_single ... ok
test geometry::synthetic::tests::test_generator_creation ... ok
test geometry::synthetic::tests::test_midpoint_theorem_generation ... ok
test geometry::synthetic::tests::test_difficulty_range ... ok
test geometry::synthetic::tests::test_reproducibility ... ok
test geometry::synthetic::tests::test_solve_rate_update ... ok
test hir::async_transform::tests::test_async_transform_basic ... ok
test hir::async_transform::tests::test_eval_context_tracking ... ok
test hir::async_transform::tests::test_extract_await_in_if_condition ... ok
test hir::async_transform::tests::test_extract_await_in_match_scrutinee ... ok
test hir::async_transform::tests::test_extract_await_in_while_condition ... ok
test hir::async_transform::tests::test_extract_multiple_awaits ... ok
test hir::async_transform::tests::test_extract_nested_awaits_in_call ... ok
test hir::async_transform::tests::test_extract_simple_await ... ok
test hir::async_transform::tests::test_is_async_function ... ok
test hlir::builder::tests::test_build_conditional ... ok
test hlir::builder::tests::test_build_simple_function ... ok
test hlir::lower::tests::test_lower_match_with_guard ... ok
test hlir::lower::tests::test_lower_match_with_switch ... ok
test hlir::lower::tests::test_lower_pointer_index_assign ... ok
test hlir::lower::tests::test_lower_simple_function ... ok
test hlir::polyhedral::affine::tests::test_access_relation_2d ... ok
test hlir::polyhedral::affine::tests::test_access_relation_simple ... ok
test hlir::polyhedral::affine::tests::test_access_relation_strided ... ok
test hlir::polyhedral::affine::tests::test_affine_expr_add ... ok
test hlir::polyhedral::affine::tests::test_affine_expr_constant ... ok
test hlir::polyhedral::affine::tests::test_affine_expr_iter_var ... ok
test hlir::polyhedral::affine::tests::test_affine_expr_scale ... ok
test hlir::polyhedral::affine::tests::test_affine_map_compose ... ok
test hlir::polyhedral::affine::tests::test_affine_map_identity ... ok
test hlir::polyhedral::affine::tests::test_affine_map_interchange ... ok
test hlir::polyhedral::affine::tests::test_loop_invariant ... ok
test hlir::polyhedral::affine::tests::test_may_conflict ... ok
test hlir::polyhedral::analysis::tests::test_bound_comparison ... ok
test hlir::polyhedral::analysis::tests::test_dependence_type ... ok
test hlir::polyhedral::analysis::tests::test_direction_from_distance ... ok
test hlir::polyhedral::analysis::tests::test_induction_init ... ok
test hlir::polyhedral::analysis::tests::test_polyhedral_analysis_creation ... ok
test hlir::polyhedral::codegen::tests::test_codegen_ast_nested_loops ... ok
test hlir::polyhedral::codegen::tests::test_codegen_ast_simple_loop ... ok
test hlir::polyhedral::codegen::tests::test_codegen_creation ... ok
test hlir::polyhedral::codegen::tests::test_create_block ... ok
test hlir::polyhedral::codegen::tests::test_fresh_ids ... ok
test hlir::polyhedral::domain::tests::test_constant_bounds ... ok
test hlir::polyhedral::domain::tests::test_constraint_negate ... ok
test hlir::polyhedral::domain::tests::test_empty_set_detection ... ok
test hlir::polyhedral::domain::tests::test_integer_set_display ... ok
test hlir::polyhedral::domain::tests::test_rectangular_domain ... ok
test geometry::synthetic::tests::test_template_selection ... ok
test geometry::self_play::tests::test_self_play_creation ... ok
test epistemic::wasserstein::tests::test_multiple_barycenters ... ok
test effects::handlers::io_handler::tests::test_epistemic_tracking_through_handler_state ... ok
test build::change::tests::test_change_detector ... ok
test build::change::tests::test_file_state ... ok
test effects::handlers::io_handler::tests::test_multiple_read_operations_compound ... ok
test compiler_loader::tests::test_bootstrap_seed_rejects_checksum_mismatch ... ok
test hlir::polyhedral::domain::tests::test_set_intersection ... ok
test hlir::polyhedral::domain::tests::test_upper_bound_constraint ... ok
test hlir::polyhedral::tests::test_poly_error_display ... ok
test hlir::polyhedral::transform::tests::test_interchange_transform ... ok
test hlir::polyhedral::transform::tests::test_parallelizable_check ... ok
test hlir::polyhedral::domain::tests::test_simple_constraint ... ok
test hlir::polyhedral::transform::tests::test_fusion_transform ... ok
test hlir::polyhedral::transform::tests::test_schedule_node_dims ... ok
test hlir::polyhedral::transform::tests::test_tile_transform_default ... ok
test compiler_loader::tests::test_bootstrap_seed_rejects_untrusted_signature_key ... ok
test interop::coq::tests::test_causal_independence ... ok
test hlir::polyhedral::transform::tests::test_schedule_creation ... ok
test hlir::polyhedral::transform::tests::test_schedule_node_tiling ... ok
test hlir::tests::test_hlir_type_conversion ... ok
test hlir::tests::test_hlir_type_properties ... ok
test interop::coq::tests::test_coq_theorem_has_axiomatic_confidence ... ok
test interop::coq::tests::test_extract_proof_script ... ok
test interop::coq::tests::test_extract_requires ... ok
test interop::coq::tests::test_extract_theorem_name ... ok
test interop::coq::tests::test_causal_conditional_independence ... ok
test interop::coq::tests::test_geometry_predicate_collinear ... ok
test interop::coq::tests::test_geometry_predicate_perpendicular ... ok
test interop::coq::tests::test_predicate_translation ... ok
test interop::coq::tests::test_proof_certificate_creation ... ok
test interop::coq::tests::test_refinement_export_positive ... ok
test interop::coq::tests::test_refinement_export_range ... ok
test interop::isabelle::tests::test_causal_independence ... ok
test interop::isabelle::tests::test_extract_imports ... ok
test interop::isabelle::tests::test_extract_lemma_name ... ok
test interop::isabelle::tests::test_isabelle_theorem_has_axiomatic_confidence ... ok
test interop::isabelle::tests::test_geometry_predicate_perpendicular ... ok
test interop::isabelle::tests::test_geometry_predicate_collinear ... ok
test interop::isabelle::tests::test_proof_certificate_creation ... ok
test interop::isabelle::tests::test_refinement_export_positive ... ok
test interop::isabelle::tests::test_sledgehammer_result ... ok
test interop::lean::tests::test_causal_conditional_independence ... ok
test interop::lean::tests::test_extract_imports ... ok
test interop::lean::tests::test_causal_independence ... ok
test interop::isabelle::tests::test_predicate_translation ... ok
test interop::isabelle::tests::test_refinement_export_range ... ok
test interop::lean::tests::test_extract_theorem_name ... ok
test interop::lean::tests::test_geometry_predicate_collinear ... ok
test interop::lean::tests::test_geometry_predicate_cyclic ... ok
test interop::lean::tests::test_lean_theorem_has_axiomatic_confidence ... ok
test interop::lean::tests::test_proof_certificate_creation ... ok
test interop::lean::tests::test_predicate_translation ... ok
test interop::lean::tests::test_refinement_export_positive ... ok
test interop::tests::test_multi_prover_result ... ok
test interop::tests::test_prover_type_equality ... ok
test interop::tests::test_unified_geometry ... ok
test interop::tests::test_unified_refinement ... ok
test interop::lean::tests::test_refinement_export_range ... ok
test interop::tests::test_multi_prover_creation ... ok
test interp::autodiff::tests::test_abs_negative ... ok
test interp::autodiff::tests::test_abs_positive ... ok
test interp::autodiff::tests::test_chain_rule ... ok
test interp::autodiff::tests::test_complex_expression ... ok
test interp::autodiff::tests::test_cos ... ok
test interp::autodiff::tests::test_division ... ok
test interp::autodiff::tests::test_exp ... ok
test interp::autodiff::tests::test_ln ... ok
test interp::autodiff::tests::test_negation ... ok
test interp::autodiff::tests::test_power ... ok
test interp::autodiff::tests::test_quotient_rule ... ok
test interp::autodiff::tests::test_simple_addition ... ok
test interp::autodiff::tests::test_simple_multiplication ... ok
test interp::autodiff::tests::test_sin ... ok
test interp::autodiff::tests::test_sqrt ... ok
test interp::autodiff::tests::test_subtraction ... ok
test interp::builtins::tests::test_arg_builtins ... ok
test interp::builtins::tests::test_builtin_error_handling ... ok
test interp::builtins::tests::test_differentiate_symbolic ... ok
test interp::builtins::tests::test_math_builtins ... ok
test interp::builtins::tests::test_registry_creation ... ok
test interp::builtins::tests::test_scientific_builtins_registry ... ok
test interp::builtins::tests::test_ones_creates_array ... ok
test interp::builtins::tests::test_sample_from_distribution ... ok
test interp::builtins::tests::test_solve_ode_error_handling ... ok
test interp::builtins::tests::test_type_of_builtin ... ok
test interp::builtins::tests::test_starts_with_builtin ... ok
test interp::builtins::tests::test_string_builtins ... ok
test interp::causal::tests::test_ate_requires_data ... ok
test interp::causal::tests::test_ate_requires_both_groups ... ok
test interp::builtins::tests::test_zeros_creates_array ... ok
test interp::causal::tests::test_backdoor_criterion ... ok
test interp::causal::tests::test_ate_simple ... ok
test interp::causal::tests::test_ate_with_confounder ... ok
test interp::causal::tests::test_intervention ... ok
test interp::builtins::tests::test_utility_builtins ... ok
test interp::causal::tests::test_causal_dag_creation ... ok
test interp::effect_dispatch::tests::test_capability_adapter_creation ... ok
test interp::effect_dispatch::tests::test_capture_continuation ... ok
test interp::effect_dispatch::tests::test_capture_interpreter_continuation_basic ... ok
test interp::effect_dispatch::tests::test_capture_interpreter_continuation_error ... ok
test interp::effect_dispatch::tests::test_capture_interpreter_continuation_one_shot_enforcement ... ok
test interp::effect_dispatch::tests::test_capture_interpreter_continuation_with_closure_state ... ok
test interp::effect_dispatch::tests::test_causal_do_dispatch ... ok
test interp::effect_dispatch::tests::test_capability_adapter_direct_dispatch ... ok
test interp::effect_dispatch::tests::test_clear_continuations ... ok
test interp::effect_dispatch::tests::test_continuation_store_in_context ... ok
test interp::effect_dispatch::tests::test_dispatch_result_completed ... ok
test interp::effect_dispatch::tests::test_dispatch_by_name ... ok
test interp::effect_dispatch::tests::test_dispatch_by_name_with_continuation_completed ... ok
test interp::effect_dispatch::tests::test_dispatch_result_suspended ... ok
test interp::effect_dispatch::tests::test_dispatch_gpu_via_registry ... ok
test interp::effect_dispatch::tests::test_dispatch_unhandled_without_registry ... ok
test interp::effect_dispatch::tests::test_dispatch_sensor_via_registry ... ok
test interp::effect_dispatch::tests::test_dispatch_via_registry_div ... ok
test interp::effect_dispatch::tests::test_dispatch_via_registry_io ... ok
test interp::effect_dispatch::tests::test_dispatch_via_registry_mut ... ok
test interp::effect_dispatch::tests::test_dispatch_via_registry_panic ... ok
test interp::effect_dispatch::tests::test_dispatch_with_continuation_completed ... ok
test interp::effect_dispatch::tests::test_dispatch_with_registry_fallback ... ok
test interp::effect_dispatch::tests::test_distribution_conversion ... ok
test interp::effect_dispatch::tests::test_dispatch_via_registry_with_suspension_completed ... ok
test interp::effect_dispatch::tests::test_effect_kind_new_variants ... ok
test interp::effect_dispatch::tests::test_effect_context_with_all_handlers ... ok
test interp::effect_dispatch::tests::test_effect_context_with_registry ... ok
test interp::effect_dispatch::tests::test_effect_kind_from_str ... ok
test interp::effect_dispatch::tests::test_effect_context_creation ... ok
test interp::effect_dispatch::tests::test_effect_context_debug_includes_continuations ... ok
test interp::effect_dispatch::tests::test_handler_state_reset ... ok
test interp::effect_dispatch::tests::test_handler_stack_takes_precedence_over_registry ... ok
test interp::effect_dispatch::tests::test_handler_stack_with_continuation_completed ... ok
test interp::effect_dispatch::tests::test_handler_stack ... ok
test interp::effect_dispatch::tests::test_interpreter_continuation_chaining ... ok
test interp::effect_dispatch::tests::test_interpreter_continuation_label ... ok
test interp::effect_dispatch::tests::test_multi_shot_interpreter_continuation_debug_format ... ok
test interp::effect_dispatch::tests::test_multi_shot_interpreter_continuation_basic ... ok
test interp::effect_dispatch::tests::test_multi_shot_continuation ... ok
test interp::effect_dispatch::tests::test_multi_shot_interpreter_continuation_for_backtracking ... ok
test interp::effect_dispatch::tests::test_multi_shot_interpreter_continuation_for_probabilistic_sampling ... ok
test interp::effect_dispatch::tests::test_multi_shot_interpreter_continuation_multiple_resumes_same_value ... ok
test interp::effect_dispatch::tests::test_multi_shot_interpreter_continuation_error_propagation ... ok
test interp::effect_dispatch::tests::test_multi_shot_interpreter_continuation_resume_point_properties ... ok
test interp::effect_dispatch::tests::test_perform_result_accessors ... ok
test interp::effect_dispatch::tests::test_multi_shot_vs_one_shot_behavior ... ok
test interp::effect_dispatch::tests::test_perform_operation ... ok
test interp::effect_dispatch::tests::test_multi_shot_interpreter_continuation_label ... ok
test interp::effect_dispatch::tests::test_multi_shot_interpreter_continuation_with_captured_state ... ok
test interp::effect_dispatch::tests::test_resume_continuation ... ok
test interp::effect_dispatch::tests::test_prob_sample_dispatch ... ok
test interp::effect_dispatch::tests::test_prob_observe_dispatch ... ok
test interp::effect_dispatch::tests::test_resume_nonexistent_continuation ... ok
test interp::effect_dispatch::tests::test_resume_suspension_not_found ... ok
test interp::effect_dispatch::tests::test_resume_suspension_with_interpreter_closure ... ok
test interp::effect_dispatch::tests::test_resume_suspension_success ... ok
test interp::effect_dispatch::tests::test_unhandled_effect ... ok
test interp::effect_dispatch::tests::test_set_registry_after_creation ... ok
test interp::effect_dispatch::tests::test_suspension_id_display ... ok
test interp::eval::tests::test_interpreter_default_uses_new ... ok
test interp::eval::tests::test_interpreter_with_registry ... ok
test interp::eval::tests::test_interpreter_with_trace_constructor ... ok
test interp::eval::tests::test_interpreter_with_all_effects ... ok
test interp::symbolic::tests::test_evaluation ... ok
test interp::eval::tests::test_perform_effect_generic ... ok
test interp::eval::tests::test_perform_effect_div ... ok
test interp::symbolic::tests::test_parse_abs ... ok
test interp::eval::tests::test_perform_effect_panic ... ok
test interp::eval::tests::test_perform_effect_io ... ok
test interp::eval::tests::test_perform_effect_mut ... ok
test interp::symbolic::tests::test_parse_addition ... ok
test interp::symbolic::tests::test_parse_complex_expression ... ok
test interp::eval::tests::test_push_pop_handler ... ok
test interp::symbolic::tests::test_parse_cos ... ok
test interp::symbolic::tests::test_parse_division ... ok
test interp::symbolic::tests::test_parse_differentiate ... ok
test interp::symbolic::tests::test_parse_ln ... ok
test interp::symbolic::tests::test_parse_exp ... ok
test interp::symbolic::tests::test_parse_multiplication ... ok
test interp::symbolic::tests::test_parse_multivariate ... ok
test interp::symbolic::tests::test_parse_nested_functions ... ok
test interp::symbolic::tests::test_parse_parentheses ... ok
test interp::symbolic::tests::test_parse_polynomial ... ok
test interp::symbolic::tests::test_parse_power ... ok
test interp::symbolic::tests::test_parse_power_right_associative ... ok
test interp::symbolic::tests::test_parse_precedence_mul_over_add ... ok
test interp::symbolic::tests::test_parse_precedence_pow_over_mul ... ok
test interp::symbolic::tests::test_parse_simple_number ... ok
test interp::symbolic::tests::test_parse_simple_variable ... ok
test interp::symbolic::tests::test_parse_sin ... ok
test interp::symbolic::tests::test_parse_sqrt ... ok
test interp::symbolic::tests::test_parse_subtraction ... ok
test interp::symbolic::tests::test_parse_unary_minus ... ok
test interp::symbolic::tests::test_parse_unary_minus_with_parentheses ... ok
test interp::symbolic::tests::test_simple_differentiation ... ok
test interp::symbolic::tests::test_simplification ... ok
test layout::cluster::tests::test_cluster_merge ... ok
test layout::cluster::tests::test_clustering_empty ... ok
test layout::cluster::tests::test_clustering_single ... ok
test layout::cluster::tests::test_singleton_cluster ... ok
test layout::cluster::tests::test_clustering_multiple ... ok
test layout::cluster::tests::test_sorted_by_hotness ... ok
test layout::constraint::tests::test_colocate_partners ... ok
test layout::constraint::tests::test_constraint_set_merge ... ok
test layout::constraint::tests::test_forced_region ... ok
test layout::constraint::tests::test_must_separate ... ok
test layout::diagnostics::tests::test_describe_constraint ... ok
test layout::diagnostics::tests::test_diagnostic_error ... ok
test layout::diagnostics::tests::test_diagnostic_with_source ... ok
test layout::distance::tests::test_condensed_form ... ok
test layout::distance::tests::test_distance_matrix_basic ... ok
test layout::distance::tests::test_distance_matrix_empty ... ok
test layout::distance::tests::test_weighted_distance ... ok
test layout::extract::tests::test_co_occurrence ... ok
test layout::extract::tests::test_concept_extractor ... ok
test layout::extract::tests::test_concept_usage_basic ... ok
test layout::extract::tests::test_extract_from_types ... ok
test layout::instrument::tests::test_cache_instrumentation_basic ... ok
test layout::instrument::tests::test_cache_lru_eviction ... ok
test layout::instrument::tests::test_cache_stats_hit_rate ... ok
test layout::instrument::tests::test_cache_stats_new ... ok
test layout::instrument::tests::test_compare_layouts_empty ... ok
test layout::instrument::tests::test_compare_layouts_basic ... ok
test layout::instrument::tests::test_layout_comparison ... ok
test layout::plan::tests::test_empty_layout_plan ... ok
test layout::plan::tests::test_generate_layout_empty ... ok
test layout::plan::tests::test_generate_layout_single_cluster ... ok
test layout::plan::tests::test_layout_allocation_order ... ok
test layout::plan::tests::test_layout_config_default ... ok
test layout::plan::tests::test_memory_region_priority ... ok
test layout::plan::tests::test_layout_summary ... ok
test layout::report::tests::test_brief_summary ... ok
test layout::report::tests::test_format_hypothesis_not_supported ... ok
test layout::report::tests::test_format_hypothesis_supported ... ok
test layout::report::tests::test_generate_report_empty ... ok
test layout::report::tests::test_generate_report_with_data ... ok
test layout::solver::tests::test_colocate_merges_clusters ... ok
test layout::solver::tests::test_forced_region ... ok
test layout::solver::tests::test_conflict_detection ... ok
test layout::solver::tests::test_region_conflict ... ok
test layout::tests::test_layout_hint_from_region ... ok
test layout::solver::tests::test_separate_splits_clusters ... ok
test layout::visualize::tests::test_sanitize_node_id ... ok
test layout::visualize::tests::test_mermaid_generation ... ok
test layout::visualize::tests::test_ascii_generation ... ok
test layout::visualize::tests::test_summary_generation ... ok
test lexer::tests::test_lex_block_comments ... ok
test layout::visualize::tests::test_table_generation ... ok
test lexer::tests::test_lex_c_string_literal ... ok
test lexer::tests::test_lex_comments ... ok
test lexer::tests::test_lex_doc_block_comments ... ok
test lexer::tests::test_lex_doc_comments ... ok
test lexer::tests::test_lex_effects ... ok
test lexer::tests::test_lex_full_module ... ok
test lexer::tests::test_lex_keywords ... ok
test lexer::tests::test_lex_literals ... ok
test lexer::tests::test_lex_module ... ok
test lexer::tests::test_lex_operators ... ok
test lexer::tests::test_lex_simple ... ok
test lexer::tests::test_lex_typed_literals ... ok
test lexer::tests::test_lex_unit_literals ... ok
test lexer::tests::test_lex_units ... ok
test linalg::tests::test_add_assign ... ok
test linalg::tests::test_display ... ok
test linalg::tests::test_epistemic_matmul ... ok
test linalg::tests::test_from_vec ... ok
test linalg::tests::test_identity ... ok
test linalg::tests::test_matmul ... ok
test linalg::tests::test_transpose ... ok
test linalg::tests::test_zeros ... ok
test linear::consumption::tests::test_affine_can_drop ... ok
test linear::consumption::tests::test_affine_cannot_reuse ... ok
test linear::consumption::tests::test_linear_consumption ... ok
test linear::consumption::tests::test_linear_not_consumed ... ok
test linear::consumption::tests::test_must_consume ... ok
test linear::consumption::tests::test_relevant_can_reuse ... ok
test linear::consumption::tests::test_relevant_must_use ... ok
test linear::consumption::tests::test_resource_state_transitions ... ok
test linear::consumption::tests::test_split_linear ... ok
test linear::consumption::tests::test_split_unrestricted ... ok
test linear::consumption::tests::test_unrestricted_any_usage ... ok
test linear::context::tests::test_binding_check_affine ... ok
test linear::context::tests::test_binding_check_linear ... ok
test linear::context::tests::test_binding_check_relevant ... ok
test linear::context::tests::test_context_merge ... ok
test linear::context::tests::test_context_split_fails_unassigned_linear ... ok
test linear::context::tests::test_context_split_linear ... ok
test linear::context::tests::test_context_split_unrestricted ... ok
test linear::context::tests::test_context_use_var ... ok
test linear::context::tests::test_usage_count_increment ... ok
test linear::exponentials::tests::test_bang_contraction ... ok
test linear::exponentials::tests::test_bang_dereliction ... ok
test linear::exponentials::tests::test_bang_weakening ... ok
test linear::exponentials::tests::test_can_promote_unrestricted ... ok
test linear::exponentials::tests::test_cannot_promote_linear ... ok
test linear::exponentials::tests::test_comonoid_contract_n ... ok
test linear::exponentials::tests::test_exponential_coercion_dereliction ... ok
test linear::exponentials::tests::test_exponential_coercion_quest_intro ... ok
test linear::exponentials::tests::test_seely_isomorphism ... ok
test linear::integrate::tests::test_affine_knowledge ... ok
test linear::integrate::tests::test_credential ... ok
test linear::integrate::tests::test_intervention ... ok
test linear::integrate::tests::test_knowledge_combine ... ok
test linear::integrate::tests::test_linear_knowledge ... ok
test linear::integrate::tests::test_linear_quantity ... ok
test linear::integrate::tests::test_observation ... ok
test linear::integrate::tests::test_published_knowledge ... ok
test linear::integrate::tests::test_unrestricted_knowledge ... ok
test linear::kind::tests::test_join_operation ... ok
test linear::kind::tests::test_kinded_type ... ok
test linear::kind::tests::test_linearity_bound ... ok
test linear::kind::tests::test_meet_operation ... ok
test linear::kind::tests::test_ordering ... ok
test linear::kind::tests::test_parse ... ok
test linear::kind::tests::test_subkinding_affine_not_subkind_of_linear ... ok
test linear::kind::tests::test_subkinding_linear_is_bottom ... ok
test linear::kind::tests::test_subkinding_reflexive ... ok
test linear::kind::tests::test_subkinding_unrestricted_is_top ... ok
test linear::kind::tests::test_structural_rules ... ok
test linear::linear_types::tests::test_bang_is_unrestricted ... ok
test linear::linear_types::tests::test_credential_type ... ok
test linear::linear_types::tests::test_dual_involution ... ok
test linear::linear_types::tests::test_dual_tensor_is_par ... ok
test linear::linear_types::tests::test_dual_units ... ok
test linear::linear_types::tests::test_free_vars ... ok
test linear::linear_types::tests::test_intervention_type ... ok
test linear::linear_types::tests::test_published_type ... ok
test linear::linear_types::tests::test_quest_is_affine ... ok
test linear::linear_types::tests::test_substitute ... ok
test linear::linear_types::tests::test_tensor_modality ... ok
test linear::modality::tests::test_allows_contraction ... ok
test linear::modality::tests::test_allows_weakening ... ok
test linear::modality::tests::test_combine_affine_relevant_is_linear ... ok
test linear::modality::tests::test_combine_linear_dominates ... ok
test linear::modality::tests::test_combine_unrestricted_identity ... ok
test linear::modality::tests::test_grade_to_modality ... ok
test linear::modality::tests::test_must_use ... ok
test linear::modality::tests::test_partial_ord ... ok
test linear::modality::tests::test_subtype_affine_relevant_incomparable ... ok
test linear::modality::tests::test_subtype_linear_is_bottom ... ok
test linear::modality::tests::test_subtype_reflexive ... ok
test linear::modality::tests::test_subtype_unrestricted_is_top ... ok
test linear::resource::tests::test_capability_and ... ok
test linear::resource::tests::test_capability_implies ... ok
test linear::resource::tests::test_linear_resource ... ok
test linear::resource::tests::test_resource_guard ... ok
test linear::resource::tests::test_resource_guard_into_inner ... ok
test linear::resource::tests::test_resource_handle ... ok
test linear::resource::tests::test_resource_pool ... ok
test linear::resource::tests::test_resource_type_database ... ok
test linear::resource::tests::test_resource_type_file ... ok
test linear::session_types::tests::test_dual_involution ... ok
test linear::session_types::tests::test_dual_offer_choose ... ok
test linear::session_types::tests::test_dual_send_recv ... ok
test linear::session_types::tests::test_is_dual ... ok
test linear::session_types::tests::test_query_response_protocol ... ok
test linear::session_types::tests::test_recursive_unfold ... ok
test linear::session_types::tests::test_session_checker_basic ... ok
test linear::session_types::tests::test_session_checker_wrong_order ... ok
test linear::subtyping::tests::test_bang_dereliction ... ok
test linear::subtyping::tests::test_coercion_dereliction ... ok
test linear::subtyping::tests::test_coercion_identity ... ok
test linear::subtyping::tests::test_confidence_subtyping ... ok
test linear::subtyping::tests::test_gradual_subtyping ... ok
test linear::subtyping::tests::test_lollipop_contravariant ... ok
test linear::subtyping::tests::test_modality_subtyping ... ok
test linear::subtyping::tests::test_quest_introduction ... ok
test linear::subtyping::tests::test_reflexivity ... ok
test linear::subtyping::tests::test_tensor_covariant ... ok
test linear::subtyping::tests::test_top_is_supertype ... ok
test linear::subtyping::tests::test_variance_compose ... ok
test linear::subtyping::tests::test_zero_is_subtype ... ok
test linear::tests::test_affine_can_be_unused ... ok
test linear::tests::test_context_creation ... ok
test linear::tests::test_linear_exhaustion_unused ... ok
test linear::tests::test_linear_binding ... ok
test linear::tests::test_linear_exhaustion_used_once ... ok
test linear::tests::test_unrestricted_any_usage ... ok
test linear::tests::test_relevant_must_be_used ... ok
test linear::tests::test_use_var ... ok
test linear::typed::tests::test_affine_already_consumed ... ok
test linear::typed::tests::test_affine_consume ... ok
test linear::typed::tests::test_affine_discard ... ok
test linear::typed::tests::test_affine_into_linear ... ok
test linear::typed::tests::test_linear_choice ... ok
test linear::typed::tests::test_linear_consume ... ok
test linear::typed::tests::test_linear_into_affine ... ok
test linear::typed::tests::test_linear_map ... ok
test linear::typed::tests::test_linear_pair ... ok
test linear::typed::tests::test_linear_pair_consume_first ... ok
test linear::typed::tests::test_linear_ref ... ok
test linear::typed::tests::test_linearity_accessors ... ok
test linear::typed::tests::test_unrestricted_into_linear ... ok
test linear::typed::tests::test_unrestricted_multi_use ... ok
test lint::config::tests::test_default_config ... ok
test lint::config::tests::test_group_management ... ok
test lint::config::tests::test_set_level ... ok
test lint::rules::complexity::tests::test_lint_categories ... ok
test lint::rules::complexity::tests::test_lint_ids ... ok
test lint::rules::correctness::tests::test_default_levels ... ok
test lint::rules::correctness::tests::test_lint_categories ... ok
test lint::config::tests::test_serialize_config ... ok
test lint::rules::correctness::tests::test_lint_ids ... ok
test lint::rules::effects::tests::test_lint_categories ... ok
test lint::rules::effects::tests::test_lint_ids ... ok
test lint::rules::epistemic::tests::test_confidence_not_checked_lint ... ok
test lint::rules::epistemic::tests::test_extract_float_literal ... ok
test lint::rules::epistemic::tests::test_is_knowledge_type ... ok
test lint::rules::epistemic::tests::test_low_confidence_propagation_lint ... ok
test lint::rules::epistemic::tests::test_stale_knowledge_lint ... ok
test lint::rules::epistemic::tests::test_untraceable_provenance_lint ... ok
test lint::rules::linear::tests::test_affine_not_consumed_lint ... ok
test lint::rules::linear::tests::test_is_affine_type ... ok
test lint::rules::linear::tests::test_is_linear_type ... ok
test lint::rules::linear::tests::test_linear_escape_lint ... ok
test lint::rules::linear::tests::test_linear_value_copied_lint ... ok
test lint::rules::linear::tests::test_unused_linear_value_lint ... ok
test lint::rules::perf::tests::test_is_large_type ... ok
test lint::rules::perf::tests::test_is_reference_type ... ok
test lint::rules::perf::tests::test_lint_categories ... ok
test lint::rules::perf::tests::test_lint_ids ... ok
test lint::rules::perf::tests::test_lint_levels ... ok
test lint::rules::safety::tests::test_lint_category ... ok
test lint::rules::safety::tests::test_lint_id ... ok
test lint::rules::style::tests::test_is_pascal_case ... ok
test lint::rules::style::tests::test_is_screaming_snake_case ... ok
test lint::rules::style::tests::test_is_snake_case ... ok
test lint::rules::style::tests::test_lint_categories ... ok
test lint::rules::style::tests::test_lint_ids ... ok
test lint::rules::style::tests::test_to_pascal_case ... ok
test lint::rules::style::tests::test_to_screaming_snake_case ... ok
test lint::rules::style::tests::test_to_snake_case ... ok
test lint::rules::tests::test_all_lints_count ... ok
test lint::rules::tests::test_group_from_name ... ok
test lint::rules::tests::test_lint_groups ... ok
test lint::tests::test_lint_context ... ok
test lint::tests::test_linter_creation ... ok
test llm::client::tests::test_anthropic_client_creation ... ok
test llm::client::tests::test_ollama_client_creation ... ok
test llm::client::tests::test_openai_client_creation ... ok
test llm::client::tests::test_registry_empty ... ok
test llm::client::tests::test_supported_models ... ok
test llm::client::tests::test_registry_with_client ... ok
test llm::confidence::tests::test_confidence_level_from_value ... ok
test llm::confidence::tests::test_high_confidence_calculation ... ok
test llm::confidence::tests::test_low_confidence_calculation ... ok
test llm::confidence::tests::test_certainty_detection ... ok
test llm::confidence::tests::test_hedge_detection ... ok
test llm::confidence::tests::test_reasoning_marker_detection ... ok
test llm::confidence::tests::test_structured_output_detection ... ok
test llm::confidence::tests::test_source_reference_detection ... ok
test llm::confidence::tests::test_overconfident_response ... ok
test llm::confidence::tests::test_sentiment_analysis ... ok
test llm::prompts::tests::test_build_prompt_missing_params ... ok
test llm::prompts::tests::test_build_prompt_term_extraction ... ok
test llm::prompts::tests::test_build_prompt_with_examples ... ok
test llm::prompts::tests::test_default_templates ... ok
test llm::confidence::tests::test_uncertain_response ... ok
test llm::prompts::tests::test_custom_template ... ok
test llm::prompts::tests::test_ontology_task_display ... ok
test llm::confidence::tests::test_real_llm_response ... ok
test locality::access::tests::test_access_pattern ... ok
test locality::access::tests::test_analysis_context ... ok
test llm::tests::test_llm_provider_display ... ok
test llm::tests::test_finish_reason_display ... ok
test llm::tests::test_llm_request_builder ... ok
test locality::access::tests::test_co_access ... ok
test locality::access::tests::test_analyzer ... ok
test locality::access::tests::test_recommended_locality ... ok
test locality::access::tests::test_field_access_heat ... ok
test locality::access::tests::test_stride_pattern ... ok
test locality::access::tests::test_recommendations ... ok
test locality::codegen::tests::test_address_add_offset ... ok
test locality::codegen::tests::test_address_expr ... ok
test locality::codegen::tests::test_codegen_emit ... ok
test locality::codegen::tests::test_cache_hint_from_locality ... ok
test locality::codegen::tests::test_codegen_stride ... ok
test locality::codegen::tests::test_prefetch_instruction_arm ... ok
test locality::codegen::tests::test_prefetch_instruction_llvm ... ok
test locality::codegen::tests::test_prefetch_instruction_x86 ... ok
test locality::hir_analysis::tests::test_analyzer_creation ... ok
test locality::codegen::tests::test_cache_hint_from_priority ... ok
test locality::hir_analysis::tests::test_prefetch_priority ... ok
test locality::codegen::tests::test_prefetch_sequence ... ok
test locality::hir_analysis::tests::test_struct_registration ... ok
test locality::hir_analysis::tests::test_empty_hir_analysis ... ok
test locality::numa::tests::test_closest_node ... ok
test locality::numa::tests::test_numa_node ... ok
test locality::numa::tests::test_parse_cpu_list ... ok
test locality::numa::tests::test_placement_code_gen ... ok
test locality::numa::tests::test_semantic_placement ... ok
test locality::numa::tests::test_placement_strategy ... ok
test locality::numa::tests::test_simulated_topology ... ok
test locality::numa::tests::test_suggest_placement ... ok
test locality::packing::tests::test_compute_alignment ... ok
test locality::numa::tests::test_single_node_topology ... ok
test locality::packing::tests::test_field_creation ... ok
test locality::packing::tests::test_field_group ... ok
test locality::packing::tests::test_offset_of ... ok
test locality::numa::tests::test_topology_detect_fallback ... ok
test locality::packing::tests::test_layout_comments ... ok
test locality::packing::tests::test_same_cache_line ... ok
test locality::packing::tests::test_packer_without_hot_first ... ok
test locality::prefetch::tests::test_distance_clamping ... ok
test locality::packing::tests::test_span_detection ... ok
test locality::packing::tests::test_simple_packing ... ok
test locality::prefetch::tests::test_distance_combine ... ok
test locality::prefetch::tests::test_prefetch_hint_creation ... ok
test locality::prefetch::tests::test_prefetch_priority_llvm ... ok
test locality::prefetch::tests::test_prefetch_entry ... ok
test locality::prefetch::tests::test_semantic_distance ... ok
test locality::prefetch::tests::test_prefetch_table ... ok
test locality::prefetch::tests::test_table_merge ... ok
test locality::prefetch::tests::test_table_stats ... ok
test locality::subtyping::tests::test_distance ... ok
test locality::subtyping::tests::test_is_subtype ... ok
test locality::subtyping::tests::test_join_meet ... ok
test locality::subtyping::tests::test_infer_locality ... ok
test locality::subtyping::tests::test_solve_same_constraint ... ok
test locality::subtyping::tests::test_solve_simple_constraints ... ok
test locality::subtyping::tests::test_solve_strict_constraint ... ok
test locality::subtyping::tests::test_subbound ... ok
test locality::subtyping::tests::test_solve_unsatisfiable ... ok
test locality::subtyping::tests::test_subtype_check ... ok
test locality::subtyping::tests::test_variance ... ok
test locality::subtyping::tests::test_variance_combine ... ok
test locality::types::tests::test_bound_intersect ... ok
test locality::types::tests::test_bound_no_intersect ... ok
test locality::types::tests::test_bound_satisfaction ... ok
test locality::types::tests::test_bound_union ... ok
test locality::tests::test_bridge_creation ... ok
test locality::types::tests::test_constraint_satisfaction ... ok
test locality::tests::test_bridge_with_cache_line_size ... ok
test locality::types::tests::test_display ... ok
test locality::types::tests::test_locality_latency ... ok
test locality::types::tests::test_locality_ordering ... ok
test locality::types::tests::test_locality_param ... ok
test locality::types::tests::test_locality_parse ... ok
test locality::types::tests::test_locality_traversal ... ok
test macro_system::tests::test_macro_context_creation ... ok
test mir::analysis::alias::tests::test_alias_result_meet ... ok
test mir::analysis::alias::tests::test_memory_location_aliasing ... ok
test mir::analysis::alias::tests::test_alias_analysis_basic ... ok
test mir::analysis::alias::tests::test_module_alias_analysis ... ok
test mir::analysis::alias::tests::test_points_to_set ... ok
test mir::analysis::ssa_validator::tests::test_ssa_validator_creation ... ok
test mir::analysis::ssa_validator::tests::test_simple_function_validation ... ok
test mir::analysis::dominators::tests::test_dominator_analysis ... ok
test mir::builder::tests::test_function_builder ... ok
test mir::analysis::ssa_validator::tests::test_unreachable_block_detection ... ok
test mir::builder::tests::test_module_builder ... ok
test mir::instructions::tests::test_basic_block ... ok
test mir::instructions::tests::test_binary_op_properties ... ok
test mir::instructions::tests::test_function ... ok
test mir::lower::tests::test_hlir_to_mir_basic ... ok
test mir::optimization::advanced_epistemic_optimization::tests::test_advanced_epistemic_optimization_creation ... ok
test mir::optimization::advanced_epistemic_optimization::tests::test_confidence_propagation ... ok
test mir::optimization::advanced_epistemic_optimization::tests::test_knowledge_combination_analysis ... ok
test mir::optimization::alias_analysis::tests::test_alias_query ... ok
test mir::optimization::alias_analysis::tests::test_alloca_analysis ... ok
test mir::optimization::alias_analysis::tests::test_load_store_analysis ... ok
test mir::optimization::alias_analysis::tests::test_points_to_set ... ok
test mir::optimization::common_subexpression_elimination::tests::test_commutative_normalization ... ok
test mir::optimization::alias_analysis::tests::test_union_find ... ok
test mir::optimization::alias_analysis::tests::test_phi_analysis ... ok
test mir::optimization::common_subexpression_elimination::tests::test_cse_pass_name ... ok
test mir::optimization::common_subexpression_elimination::tests::test_cse_requires_ssa ... ok
test mir::optimization::common_subexpression_elimination::tests::test_expression_from_binary ... ok
test mir::optimization::common_subexpression_elimination::tests::test_expression_from_call_returns_none ... ok
test mir::optimization::common_subexpression_elimination::tests::test_expression_from_store_returns_none ... ok
test mir::optimization::common_subexpression_elimination::tests::test_non_commutative_no_normalization ... ok
test mir::optimization::common_subexpression_elimination::tests::test_cse_simple ... ok
test mir::optimization::common_subexpression_elimination::tests::test_terminator_successors ... ok
test mir::optimization::constant_propagation::tests::test_constant_folding_add ... ok
test mir::optimization::constant_propagation::tests::test_constant_folding_bool_not ... ok
test mir::optimization::constant_propagation::tests::test_constant_folding_comparison ... ok
test mir::optimization::constant_propagation::tests::test_constant_folding_div_by_zero ... ok
test mir::optimization::constant_propagation::tests::test_constant_folding_float ... ok
test mir::optimization::constant_propagation::tests::test_constant_folding_unary ... ok
test mir::optimization::common_subexpression_elimination::tests::test_cse_preserves_ssa_at_control_flow_merge ... ok
test mir::optimization::constant_propagation::tests::test_constant_propagation_simple ... ok
test mir::optimization::constant_propagation::tests::test_lattice_meet ... ok
test mir::optimization::dead_code_elimination::tests::test_dead_assignment_elimination ... ok
test mir::optimization::dead_code_elimination::tests::test_liveness_analysis ... ok
test mir::optimization::constant_propagation::tests::test_constant_propagation_with_bottom ... ok
test mir::optimization::dead_code_elimination::tests::test_unreachable_block_elimination ... ok
test mir::optimization::function_inlining_complete::tests::test_complete_inlining_creation ... ok
test mir::optimization::function_inlining::tests::test_inline_candidate_detection ... ok
test mir::optimization::incremental_query::tests::pipeline_epoch_changes_cache_key ... ok
test mir::optimization::function_inlining::tests::test_inlining_pass_runs ... ok
test mir::optimization::function_inlining_complete::tests::test_value_mapping ... ok
test mir::optimization::incremental_query::tests::reuses_cached_optimization_for_same_key ... ok
test mir::optimization::incremental_query::tests::opt_level_changes_cache_key ... ok
test mir::optimization::licm::tests::test_dominator_computation ... ok
test mir::optimization::licm::tests::test_invariant_detection ... ok
test mir::optimization::licm::tests::test_licm_pass_runs ... ok
test mir::optimization::local_optimizer::tests::test_always_suggests_cp_and_dce ... ok
test interp::eval::tests::test_method_call_assignment_with_print_int_keeps_struct_state ... ok
test mir::optimization::local_optimizer::tests::test_arithmetic_heavy_suggests_strength_reduction ... ok
test mir::optimization::local_optimizer::tests::test_confidence_threshold_filtering ... ok
test mir::optimization::licm::tests::test_loop_detection_simple ... ok
test mir::optimization::local_optimizer::tests::test_data_collector ... ok
test mir::optimization::local_optimizer::tests::test_deterministic_output ... ok
test mir::optimization::local_optimizer::tests::test_large_blocks_suggests_cse ... ok
test mir::optimization::local_optimizer::tests::test_loop_bearing_suggests_licm ... ok
test mir::optimization::local_optimizer::tests::test_many_calls_suggests_inlining ... ok
test mir::optimization::local_optimizer::tests::test_epistemic_suggests_uncertainty_aware ... ok
test mir::optimization::local_optimizer::tests::test_no_licm_without_loops ... ok
test mir::optimization::local_optimizer::tests::test_memory_heavy_suggests_sroa ... ok
test mir::optimization::local_optimizer::tests::test_sorted_by_confidence_descending ... ok
test mir::optimization::ml_guided_optimization::tests::test_feature_extraction ... ok
test mir::optimization::ml_guided_optimization::tests::test_inlining_predictor ... ok
test mir::optimization::ml_guided_optimization::tests::test_ml_optimization_result ... ok
test mir::optimization::ml_guided_optimization::tests::test_ml_guided_optimizer_creation ... ok
test mir::optimization::ml_guided_optimization::tests::test_performance_prediction ... ok
test mir::optimization::ml_guided_optimization::tests::test_profile_guided_optimizer ... ok
test mir::optimization::performance_tuning::tests::test_analysis_cache ... ok
test mir::optimization::performance_tuning::tests::test_incremental_analyzer ... ok
test mir::optimization::performance_tuning::tests::test_gep_indexed_stores_not_blocked ... ok
test mir::optimization::performance_tuning::tests::test_induction_variable_detection ... ok
test mir::optimization::performance_tuning::tests::test_loop_bound_detection ... ok
test mir::optimization::performance_tuning::tests::test_loop_complexity_analysis ... ok
test mir::optimization::performance_tuning::tests::test_non_gep_stores_blocked ... ok
test mir::optimization::performance_tuning::tests::test_architecture_optimizer ... ok
test mir::optimization::performance_tuning::tests::test_performance_result ... ok
test mir::optimization::performance_tuning::tests::test_loop_vectorizer_creation ... ok
test mir::optimization::performance_tuning::tests::test_performance_tuned_optimizer_creation ... ok
test mir::optimization::performance_tuning::tests::test_vector_factor_determination ... ok
test mir::optimization::performance_tuning::tests::test_vector_factor_f64 ... ok
test mir::optimization::performance_tuning::tests::test_vectorizable_instruction_collection ... ok
test mir::optimization::performance_tuning::tests::test_vectorization_blocker_detection ... ok
test mir::optimization::pipeline_with_validation::tests::test_statistics_reset ... ok
test mir::optimization::pipeline_with_validation::tests::test_validation_report ... ok
test mir::optimization::pipeline_with_validation::tests::test_validation_settings ... ok
test mir::optimization::sroa::tests::test_is_aggregate_type ... ok
test mir::optimization::sroa::tests::test_find_allocas ... ok
test mir::optimization::pipeline_with_validation::tests::test_pipeline_with_validation ... ok
test mir::optimization::sroa::tests::test_get_field_type ... ok
test mir::optimization::pipeline_with_validation::tests::test_validated_pipeline_creation ... ok
test mir::optimization::sroa::tests::test_sroa_escaping_pointer ... ok
test mir::optimization::sroa::tests::test_sroa_non_aggregate_skipped ... ok
test mir::optimization::strength_reduction::tests::test_strength_reduction_creation ... ok
test mir::optimization::sroa::tests::test_sroa_simple_struct ... ok
test mir::optimization::strength_reduction::tests::test_strength_reduction_pass_manager_integration ... ok
test mir::optimization::strength_reduction::tests::test_strength_reduction_on_simple_function ... ok
test mir::tests::test_mir_instruction_basics ... ok
test mir::tests::test_mir_type_conversion ... ok
test mir::types::tests::test_constant_types ... ok
test mir::types::tests::test_type_conversions ... ok
test mir::types::tests::test_type_sizes ... ok
test mir::types::tests::test_vector_info ... ok
test mir::types::tests::test_vector_type ... ok
test mir::types::tests::test_vectorize_scalar ... ok
test ml::scientific_models::tests::test_performance_stats ... ok
test ml::scientific_models::tests::test_scientific_model_manager_creation ... ok
test module_loader::tests::module_id_from_file_path ... ok
test module_loader::tests::module_id_join ... ok
test module_loader::tests::module_id_root ... ok
test ontology::alignment::cui::tests::test_cui_bridge_basic ... ok
test ontology::alignment::cui::tests::test_cui_bridge_stats ... ok
test ontology::alignment::cui::tests::test_cui_distance ... ok
test ontology::alignment::cui::tests::test_source_to_prefix ... ok
test ontology::alignment::loom::tests::test_loom_mapping_source ... ok
test ontology::alignment::loom::tests::test_loom_client_basic ... ok
test ontology::alignment::loom::tests::test_loom_stats ... ok
test ontology::alignment::sheaf::tests::test_align_federated_ontologies_dedups_and_ignores_empty ... ok
test ontology::alignment::sheaf::tests::test_chain_restriction_missing ... ok
test ontology::alignment::sheaf::tests::test_cohomology_trivial ... ok
test ontology::alignment::sheaf::tests::test_align_federated_ontologies_populates_cells_and_restrictions ... ok
test ontology::alignment::sheaf::tests::test_cohomology_with_obstruction ... ok
test ontology::alignment::sheaf::tests::test_empty_sheaf_is_valid ... ok
test ontology::alignment::sheaf::tests::test_single_cell_sheaf ... ok
test ontology::alignment::sheaf::tests::test_two_cell_sheaf_valid ... ok
test ontology::alignment::tests::test_alignment_to_distance ... ok
test ontology::alignment::tests::test_alignment_source_reliability ... ok
test ontology::alignment::tests::test_ontology_pair_normalization ... ok
test ontology::alignment::unified::tests::test_are_aligned ... ok
test ontology::alignment::unified::tests::test_alignment_distance ... ok
test ontology::alignment::unified::tests::test_find_cui_alignment ... ok
test ontology::alignment::unified::tests::test_find_sssom_alignment ... ok
test ontology::alignment::unified::tests::test_get_alignments ... ok
test ontology::applications::alignment::tests::test_add_anchor ... ok
test ontology::applications::alignment::tests::test_aligner_creation ... ok
test ontology::alignment::unified::tests::test_transitive_alignment ... ok
test ontology::applications::alignment::tests::test_alignment_confidence ... ok
test ontology::applications::alignment::tests::test_isometry_transform ... ok
test ontology::applications::alignment::tests::test_score_candidate_alignment ... ok
test ontology::applications::completion::tests::test_completion_candidate_creation ... ok
test ontology::alignment::unified::tests::test_recompute_stats_counts_embeddings ... ok
test ontology::applications::completion::tests::test_filter_logical_consistency ... ok
test ontology::applications::completion::tests::test_kb_completion_creation ... ok
test ontology::applications::completion::tests::test_score_candidate ... ok
test ontology::applications::drift::tests::test_drift_alert_creation ... ok
test ontology::applications::drift::tests::test_drift_detection ... ok
test ontology::applications::drift::tests::test_drift_detector_observation ... ok
test ontology::applications::drift::tests::test_drift_detector_reset ... ok
test ontology::applications::drift::tests::test_drift_detector_statistics ... ok
test ontology::applications::transduction::tests::test_ensemble_combine_metrics ... ok
test ontology::applications::transduction::tests::test_ensemble_conformal_creation ... ok
test ontology::applications::transduction::tests::test_ensemble_learn_weights ... ok
test ontology::applications::transduction::tests::test_ensemble_register_metric ... ok
test ontology::applications::transduction::tests::test_full_conformal_creation ... ok
test ontology::applications::transduction::tests::test_full_conformal_coverage ... ok
test ontology::applications::transduction::tests::test_prediction_set_contains ... ok
test ontology::applications::transduction::tests::test_prediction_set_creation ... ok
test ontology::build::index::tests::test_collision_handling ... ok
test ontology::build::index::tests::test_empty_index ... ok
test ontology::build::index::tests::test_hash_iri ... ok
test ontology::build::index::tests::test_iteration ... ok
test ontology::build::index::tests::test_serialization ... ok
test ontology::build::index::tests::test_single_entry ... ok
test ontology::build::index::tests::test_unsorted_builder ... ok
test ontology::build::intern::tests::test_basic_interning ... ok
test ontology::build::intern::tests::test_batch_interner ... ok
test ontology::build::index::tests::test_large_index_height ... ok
test ontology::build::intern::tests::test_prefix_compression ... ok
test ontology::build::intern::tests::test_prefix_table ... ok
test ontology::build::intern::tests::test_suggest_prefixes ... ok
test ontology::build::intern::tests::test_compression_ratio ... ok
test ontology::build::index::tests::test_many_entries ... ok
test ontology::build::parse::fhir::tests::test_can_parse ... ok
test ontology::build::parse::fhir::tests::test_bundle_parsing ... ok
test ontology::build::parse::fhir::tests::test_code_system_parsing ... ok
test ontology::build::parse::fhir::tests::test_concept_map_parsing ... ok
test ontology::build::parse::fhir::tests::test_deprecated_concepts ... ok
test ontology::build::parse::fhir::tests::test_structure_definition_parsing ... ok
test ontology::build::parse::fhir::tests::test_value_set_parsing ... ok
test ontology::build::parse::jsonld::tests::test_expand_iri ... ok
test ontology::build::parse::jsonld::tests::test_domain_range_relations ... ok
test ontology::build::parse::jsonld::tests::test_language_tagged_strings ... ok
test ontology::build::parse::jsonld::tests::test_graph_container ... ok
test ontology::build::parse::jsonld::tests::test_schema_org_class ... ok
test ontology::build::parse::jsonld::tests::test_simple_jsonld ... ok
test ontology::build::parse::obo::tests::test_expand_curie ... ok
test ontology::build::parse::obo::tests::test_parse_obsolete ... ok
test ontology::build::parse::obo::tests::test_parse_relationships ... ok
test ontology::build::parse::obo::tests::test_parse_simple_term ... ok
test ontology::build::parse::obo::tests::test_parse_synonyms ... ok
test ontology::build::parse::owl::tests::test_format_detection ... ok
test ontology::build::parse::obo::tests::test_skip_typedef ... ok
test ontology::build::parse::owl::tests::test_ntriples_parsing ... ok
test ontology::build::parse::owl::tests::test_prefix_expansion ... ok
test ontology::build::parse::owl::tests::test_triple_accumulator ... ok
test ontology::build::parse::owl::tests::test_turtle_parsing ... ok
test ontology::build::parse::tests::test_parser_registry ... ok
test ontology::build::parse::tests::test_raw_term_builder ... ok
test ontology::build::parse::tests::test_supported_extensions ... ok
test ontology::build::tests::test_build_config_default ... ok
test ontology::cache::tests::test_cache_basic_operations ... ok
test ontology::build::tests::test_builder_creation ... ok
test ontology::cache::tests::test_cache_promotion ... ok
test ontology::cache::tests::test_cache_stats ... ok
test ontology::cache::tests::test_negative_cache ... ok
test ontology::cache::tests::test_subsumption_cache ... ok
test ontology::distance::cache::tests::test_basic_cache ... ok
test ontology::distance::cache::tests::test_cache_eviction ... ok
test ontology::distance::cache::tests::test_cache_key_symmetry ... ok
test ontology::distance::cache::tests::test_get_or_compute ... ok
test ontology::distance::cache::tests::test_hit_rate ... ok
test ontology::distance::cache::tests::test_tiered_cache ... ok
test ontology::distance::cache::tests::test_tiered_stats ... ok
test ontology::distance::information_content::tests::test_ic_values ... ok
test ontology::distance::information_content::tests::test_jiang_conrath ... ok
test ontology::distance::information_content::tests::test_lin_similarity ... ok
test ontology::distance::path::tests::test_ancestry ... ok
test ontology::distance::path::tests::test_depth ... ok
test ontology::distance::path::tests::test_lca ... ok
test ontology::distance::path::tests::test_path_length ... ok
test ontology::distance::path::tests::test_wu_palmer ... ok
test ontology::build::intern::tests::test_thread_safety ... ok
test ontology::distance::spectral::tests::test_semantic_distance_bounds ... ok
test ontology::distance::spectral::tests::test_fiedler_value ... ok
test ontology::distance::spectral::tests::test_heat_kernel_signature ... ok
test interp::builtins::tests::test_file_io_builtins ... ok
test compiler_loader::tests::test_bootstrap_seed_valid_roundtrip ... ok
test ontology::distance::sssom::tests::test_cross_ontology_distance ... ok
test ontology::distance::sssom::tests::test_mapping_predicate ... ok
test compiler_loader::tests::test_driver_file_pipeline_strict_rejects_fallback_when_driver_unavailable ... ok
test module_loader::tests::resolves_imports_and_rewrites_qualified_paths ... ok
test ontology::distance::sssom::tests::test_sssom_index ... ok
test ontology::distance::tests::test_cosine_similarity_normalized ... ok
test module_loader::tests::annotates_paths_with_module_info ... ok
test ontology::distance::tests::test_embedding_disabled ... ok
test ontology::distance::tests::test_embedding_text_generation ... ok
test ontology::distance::tests::test_embedding_distance_bounds ... ok
test ontology::distance::tests::test_embedding_contributes_to_overall_distance ... ok
test module_loader::tests::selfhost_manifest_preserves_file_order ... ok
test ontology::distance::tests::test_embedding_distance_unknown_term ... ok
test ontology::distance::tests::test_ic_distance_jiang_conrath ... ok
test ontology::distance::tests::test_ic_contributes_to_distance ... ok
test ontology::distance::tests::test_ic_fallback_unavailable ... ok
test ontology::distance::tests::test_ic_distance_lin ... ok
test ontology::distance::tests::test_ic_metric_enum ... ok
test ontology::distance::tests::test_physical_cost ... ok
test ontology::distance::tests::test_semantic_distance_compose ... ok
test ontology::distance::tests::test_ic_distance_resnik ... ok
test ontology::distance::tests::test_semantic_distance_thresholds ... ok
test ontology::distance::tests::test_semantic_distance_zero ... ok
test ontology::distance::tests::test_sssom_index ... ok
test module_loader::tests::selfhost_manifest_resolves_repo_relative_entries ... ok
test ontology::domain::loader::tests::test_bootstrap_loader ... ok
test ontology::distance::tests::test_term_text_caching ... ok
test ontology::domain::loader::tests::test_default_epistemic ... ok
test ontology::domain::tests::test_known_ontologies ... ok
test ontology::domain::tests::test_domain_ontologies_new ... ok
test ontology::domain::tests::test_get_metadata ... ok
test ontology::distance::tests::test_ic_identical_terms ... ok
test ontology::domain::tests::test_stats ... ok
test ontology::embedding::hyperbolic::tests::test_conformal_factor ... ok
test ontology::embedding::hyperbolic::tests::test_distance_increases_near_boundary ... ok
test ontology::embedding::hyperbolic::tests::test_geodesic_endpoints ... ok
test ontology::embedding::hyperbolic::tests::test_hyperbolic_distance_origin ... ok
test ontology::embedding::hyperbolic::tests::test_exp_log_inverse ... ok
test ontology::embedding::hyperbolic::tests::test_hyperbolic_distance_self ... ok
test ontology::distance::tests::test_text_similarity_organs ... ok
test ontology::embedding::hyperbolic::tests::test_hyperbolic_generator ... ok
test ontology::embedding::hyperbolic::tests::test_mobius_add_origin ... ok
test ontology::embedding::hyperbolic::tests::test_poincare_clamp ... ok
test ontology::embedding::models::hybrid::tests::test_builder ... ok
test ontology::distance::tests::test_text_similarity_related_terms ... ok
test ontology::embedding::models::pretrained::tests::test_add_embedding ... ok
test ontology::embedding::hyperbolic::tests::test_poincare_point_creation ... ok
test ontology::embedding::models::pretrained::tests::test_empty_generator ... ok
test ontology::embedding::models::hybrid::tests::test_fusion_strategies ... ok
test ontology::embedding::models::tests::test_random_generator_deterministic ... ok
test ontology::embedding::models::tests::test_random_generator_different_iris ... ok
test ontology::embedding::models::textual::tests::test_textual_similar_texts ... ok
test ontology::embedding::models::textual::tests::test_textual_generator_basic ... ok
test ontology::embedding::models::textual::tests::test_textual_with_synonyms ... ok
test ontology::embedding::riemannian::tests::test_learning_rate_decay ... ok
test ontology::embedding::riemannian::tests::test_retract_origin ... ok
test ontology::embedding::riemannian::tests::test_riemannian_config_default ... ok
test ontology::embedding::simd::tests::test_add_vectors ... ok
test ontology::embedding::simd::tests::test_cosine_similarity_identical ... ok
test ontology::embedding::simd::tests::test_cosine_similarity_opposite ... ok
test ontology::embedding::simd::tests::test_cosine_similarity_orthogonal ... ok
test ontology::embedding::simd::tests::test_dot_product ... ok
test ontology::embedding::simd::tests::test_euclidean_distance ... ok
test ontology::embedding::simd::tests::test_euclidean_distance_zero ... ok
test ontology::embedding::simd::tests::test_k_nearest ... ok
test ontology::embedding::simd::tests::test_normalize ... ok
test ontology::embedding::simd::tests::test_scalar_matches_simd ... ok
test ontology::embedding::storage::ann::tests::test_ann_index_basic ... ok
test ontology::embedding::storage::ann::tests::test_ann_index_empty ... ok
test ontology::embedding::storage::ann::tests::test_euclidean_distance ... ok
test ontology::embedding::storage::memory::tests::test_memory_store_basic ... ok
test ontology::embedding::storage::memory::tests::test_memory_store_delete ... ok
test ontology::federated::tests::test_cache_key_generation ... ok
test ontology::federated::tests::test_cache_operations ... ok
test ontology::federated::tests::test_custom_source_metadata ... ok
test ontology::federated::tests::test_custom_source_requires_network_feature ... ok
test ontology::federated::tests::test_epistemic_status_computation ... ok
test ontology::federated::tests::test_federated_query_builder ... ok
test ontology::federated::tests::test_federated_resolver_no_sources ... ok
test ontology::federated::tests::test_federated_source_names ... ok
test ontology::federated::tests::test_federated_source_urls ... ok
test ontology::federated::tests::test_federated_stats ... ok
test ontology::federated::tests::test_url_encoding ... ok
test ontology::fidelity::tests::test_aggregate_fidelity_scoring ... ok
test ontology::fidelity::tests::test_beta_confidence_mean ... ok
test ontology::fidelity::tests::test_fidelity_result_is_acceptable ... ok
test ontology::fidelity::tests::test_fidelity_result_to_beta ... ok
test ontology::fidelity::tests::test_obo_foundry_creation ... ok
test ontology::foundation::augmentation::tests::test_compute_embedding ... ok
test ontology::foundation::augmentation::tests::test_initial_epistemic_auto_generated ... ok
test ontology::foundation::augmentation::tests::test_initial_epistemic_expert_curated ... ok
test ontology::foundation::fhir::tests::test_bootstrap ... ok
test ontology::foundation::fhir::tests::test_complex_types ... ok
test ontology::foundation::fhir::tests::test_patient_exists ... ok
test ontology::foundation::fhir::tests::test_patient_inherits_from_domain_resource ... ok
test ontology::foundation::fhir::tests::test_primitive_types ... ok
test ontology::foundation::fhir::tests::test_terms_vec ... ok
test ontology::foundation::iao::tests::test_bootstrap ... ok
test ontology::foundation::iao::tests::test_data_item_hierarchy ... ok
test ontology::foundation::iao::tests::test_ice_exists ... ok
test ontology::foundation::iao::tests::test_terms_vec ... ok
test ontology::foundation::pato::tests::test_bootstrap ... ok
test ontology::foundation::pato::tests::test_quality_exists ... ok
test ontology::foundation::pato::tests::test_terms_vec ... ok
test ontology::foundation::schema_org::tests::test_bootstrap ... ok
test ontology::foundation::schema_org::tests::test_dataset_hierarchy ... ok
test ontology::foundation::schema_org::tests::test_terms_vec ... ok
test ontology::foundation::schema_org::tests::test_thing_exists ... ok
test ontology::foundation::tests::test_bootstrap_loads ... ok
test ontology::foundation::tests::test_cosine_similarity ... ok
test ontology::foundation::tests::test_curation_status_confidence ... ok
test ontology::foundation::tests::test_mapping_predicate_confidence ... ok
test epistemic::wasserstein::tests::test_transport_cost_positive ... ok
test ontology::foundation::uo::tests::test_bootstrap ... ok
test ontology::foundation::uo::tests::test_dimensional_compatibility ... ok
test ml::scientific_models::tests::test_model_loading ... ok
test ontology::foundation::uo::tests::test_meter_exists ... ok
test ontology::llm_gen::generator::tests::test_extract_json_from_response ... ok
test ontology::llm_gen::generator::tests::test_extracted_term ... ok
test ontology::foundation::uo::tests::test_terms_vec ... ok
test ontology::llm_gen::generator::tests::test_generated_fragment_empty ... ok
test ontology::llm_gen::generator::tests::test_generated_fragment_with_classes ... ok
test ontology::llm_gen::generator::tests::test_generation_config_builder ... ok
test ontology::llm_gen::generator::tests::test_generation_config_default ... ok
test ontology::llm_gen::generator::tests::test_llm_provenance ... ok
test ontology::llm_gen::sounio_codegen::tests::test_local_name ... ok
test ontology::llm_gen::sounio_codegen::tests::test_to_field_name ... ok
test ontology::llm_gen::sounio_codegen::tests::test_to_pascal_case ... ok
test ontology::llm_gen::validator::tests::test_empty_fragment_valid ... ok
test ontology::llm_gen::validator::tests::test_low_confidence_warning ... ok
test ontology::llm_gen::validator::tests::test_missing_definition_suggestion ... ok
test ontology::llm_gen::validator::tests::test_quality_score ... ok
test ontology::llm_gen::validator::tests::test_snake_case_naming ... ok
test ontology::llm_gen::validator::tests::test_to_camel_case ... ok
test ontology::llm_gen::validator::tests::test_unknown_bfo_class ... ok
test ontology::llm_gen::validator::tests::test_very_low_confidence_error ... ok
test ontology::loader::bioportal::tests::test_search_result_parsing ... ok
test ontology::loader::bioportal::tests::test_bioportal_class_parsing ... ok
test ontology::foundation::tests::test_ontology_stats ... ok
test epistemic::wasserstein::tests::test_wasserstein_identity ... ok
test ontology::loader::obo_parser::tests::test_obsolete_term_handling ... ok
test ontology::loader::obo_parser::tests::test_parse_def ... ok
test ontology::loader::obo_parser::tests::test_parse_header ... ok
test ontology::loader::obo_parser::tests::test_parse_id ... ok
test ontology::loader::obo_parser::tests::test_parse_relationship ... ok
test ontology::loader::obo_parser::tests::test_parse_simple_obo ... ok
test ontology::loader::obo_parser::tests::test_parse_synonym ... ok
test ontology::loader::optimized::tests::test_bloom_filter ... ok
test ontology::loader::optimized::tests::test_iri_interner ... ok
test ontology::loader::optimized::tests::test_subsumption_index ... ok
test ontology::loader::tests::test_iri_from_curie ... ok
test ontology::loader::tests::test_iri_to_curie ... ok
test ontology::loader::tests::test_loaded_term_creation ... ok
test ontology::loader::tests::test_ontology_id_from_prefix ... ok
test ontology::memory::compact::tests::test_compact_term_basic ... ok
test ontology::memory::compact::tests::test_compact_term_builder ... ok
test ontology::memory::compact::tests::test_compact_term_flags ... ok
test ontology::memory::compact::tests::test_compact_term_inline_iri ... ok
test ontology::memory::compact::tests::test_compact_term_matches ... ok
test ontology::memory::compact::tests::test_compact_term_size ... ok
test ontology::memory::compact::tests::test_string_pool ... ok
test ontology::memory::l1_cache::tests::test_l1_access_counting ... ok
test ontology::memory::l1_cache::tests::test_l1_basic_operations ... ok
test ontology::memory::l1_cache::tests::test_l1_eviction ... ok
test ontology::memory::l1_cache::tests::test_l1_remove ... ok
test ontology::memory::l1_cache::tests::test_l1_stats ... ok
test ontology::memory::l2_cache::tests::test_l2_access_tracking ... ok
test ontology::memory::l2_cache::tests::test_l2_basic_operations ... ok
test ontology::memory::l2_cache::tests::test_l2_eviction ... ok
test ontology::memory::l2_cache::tests::test_l2_remove ... ok
test ontology::memory::l3_store::tests::test_l3_basic_operations ... ok
test ontology::memory::l3_store::tests::test_l3_batch_get ... ok
test ontology::memory::l3_store::tests::test_l3_batch_insert ... ok
test ontology::memory::l3_store::tests::test_l3_builder ... ok
test ontology::memory::l3_store::tests::test_l3_remove ... ok
test ontology::distance::spectral::tests::test_spectral_distance_symmetric ... ok
test ontology::memory::tests::test_stats_display ... ok
test ontology::memory::tests::test_tiered_memory_basic ... ok
test ontology::memory::tests::test_tiered_memory_cold ... ok
test ontology::native::downloader::tests::test_core_ontologies ... ok
test ontology::native::downloader::tests::test_curie_to_iri ... ok
test ontology::native::downloader::tests::test_iri_to_curie ... ok
test ontology::native::hierarchy::tests::test_ancestor_check ... ok
test ontology::native::hierarchy::tests::test_get_ancestors ... ok
test ontology::native::hierarchy::tests::test_sparse_table_basic ... ok
test ontology::native::hierarchy::tests::test_sparse_table_single ... ok
test ontology::native::storage::tests::test_concept_entry_roundtrip ... ok
test ontology::native::storage::tests::test_string_table ... ok
test ontology::native::storage::tests::test_string_table_roundtrip ... ok
test ontology::native::tests::test_registry_creation ... ok
test ontology::primitive::tests::test_bfo_get_term ... ok
test ontology::primitive::tests::test_bfo_self_subsumption ... ok
test ontology::primitive::tests::test_bfo_subsumption ... ok
test ontology::primitive::tests::test_cob_bfo_parent ... ok
test ontology::distance::spectral::tests::test_spectral_siblings_closer_than_cousins ... ok
test ontology::primitive::tests::test_ro_inverse ... ok
test ontology::distance::spectral::tests::test_spectral_distance_self ... ok
test ontology::memory::l3_store::tests::test_l3_stats ... ok
test epistemic::wasserstein::tests::test_wasserstein_positive ... ok
test ontology::resolver::tests::test_exists ... ok
test ontology::resolver::tests::test_resolve_bfo ... ok
test ontology::sssom::tests::test_find_best_mapping ... ok
test ontology::sssom::tests::test_mapping_predicate_parse ... ok
test ontology::sssom::tests::test_mapping_predicate_reverse ... ok
test ontology::sssom::tests::test_mapping_set_prefixes ... ok
test ontology::sssom::tests::test_parse_sssom_string ... ok
test ontology::sssom::tests::test_sssom_mapping_creation ... ok
test ontology::resolver::tests::test_caching ... ok
test ontology::sssom::tests::test_sssom_mapping_reverse ... ok
test ontology::tests::test_infer_ontology_ref ... ok
test ontology::tests::test_ontology_layer_priority ... ok
test ontology::tests::test_parse_curie ... ok
test ontology::tests::test_parse_iri ... ok
test ontology::tests::test_parse_obo_style ... ok
test ontology::topology::persistent::tests::test_diagram_components ... ok
test ontology::topology::persistent::tests::test_rips_edges ... ok
test ontology::topology::persistent::tests::test_rips_vertices ... ok
test ontology::topology::persistent::tests::test_persistent_homology_analysis ... ok
test ontology::topology::persistent::tests::test_topological_feature_persistence ... ok
test ontology::version::deprecation::tests::test_check_deprecated ... ok
test ontology::version::deprecation::tests::test_check_not_deprecated ... ok
test ontology::version::deprecation::tests::test_from_diff ... ok
test ontology::version::deprecation::tests::test_has_errors ... ok
test ontology::version::deprecation::tests::test_migration_guide ... ok
test ontology::version::deprecation::tests::test_replacement_alternatives ... ok
test ontology::version::deprecation::tests::test_suppressed ... ok
test ontology::version::deprecation::tests::test_warning_format ... ok
test ontology::version::deprecation::tests::test_warnings_as_errors ... ok
test ontology::version::diff::tests::test_diff_added_term ... ok
test ontology::version::diff::tests::test_diff_deprecated_with_replacement ... ok
test ontology::version::diff::tests::test_diff_deprecated_without_replacement ... ok
test ontology::version::diff::tests::test_diff_modified_label ... ok
test ontology::version::diff::tests::test_diff_removed_term ... ok
test ontology::version::diff::tests::test_diff_summary ... ok
test ontology::version::diff::tests::test_diff_superclass_removed ... ok
test ontology::version::diff::tests::test_empty_diff ... ok
test ontology::version::manifest::tests::test_duplicate_entry_error ... ok
test ontology::version::manifest::tests::test_check_updates ... ok
test ontology::version::manifest::tests::test_ontology_source_parse ... ok
test ontology::version::manifest::tests::test_new_manifest ... ok
test ontology::version::manifest::tests::test_parse_manifest ... ok
test ontology::version::manifest::tests::test_remove_entry ... ok
test ontology::version::resolver::tests::test_no_satisfying_version ... ok
test ontology::version::resolver::tests::test_parse_constraint_any ... ok
test ontology::version::manifest::tests::test_roundtrip ... ok
test ontology::version::resolver::tests::test_parse_constraint_caret ... ok
test ontology::version::resolver::tests::test_parse_constraint_exact ... ok
test ontology::version::resolver::tests::test_parse_constraint_gte ... ok
test ontology::version::resolver::tests::test_parse_constraint_tilde ... ok
test ontology::version::resolver::tests::test_parse_date_wildcard ... ok
test ontology::resolver::tests::test_same_term_equivalent ... ok
test ontology::version::resolver::tests::test_resolve_multiple ... ok
test ontology::version::resolver::tests::test_resolve_single ... ok
test ontology::version::resolver::tests::test_satisfies_date_wildcard ... ok
test ontology::version::resolver::tests::test_satisfies_caret ... ok
test ontology::version::resolver::tests::test_satisfies_exact ... ok
test ontology::version::resolver::tests::test_satisfies_tilde ... ok
test ontology::version::tests::test_checksum_display ... ok
test ontology::version::tests::test_checksum_parse ... ok
test ontology::version::resolver::tests::test_topological_sort ... ok
test ontology::version::tests::test_parse_date_version ... ok
test ontology::version::tests::test_parse_semver ... ok
test ontology::version::tests::test_parse_semver_with_prerelease ... ok
test ontology::version::tests::test_parse_semver_with_v ... ok
test ontology::version::tests::test_parse_tag ... ok
test ontology::version::tests::test_prerelease_less_than_release ... ok
test ontology::version::tests::test_version_comparison_dates ... ok
test ontology::version::tests::test_version_comparison_semver ... ok
test optimizer::epistemic::tests::test_epistemic_metadata ... ok
test optimizer::epistemic::tests::test_epsilon_context ... ok
test optimizer::epistemic::tests::test_evaluate_epsilon_condition_ge ... ok
test optimizer::epistemic::tests::test_evaluate_epsilon_condition_lt ... ok
test optimizer::epistemic::tests::test_infer_epsilon_binary ... ok
test optimizer::epistemic::tests::test_infer_epsilon_division_degradation ... ok
test optimizer::epistemic::tests::test_infer_epsilon_literal ... ok
test optimizer::epistemic::tests::test_infer_epsilon_local ... ok
test optimizer::epistemic::tests::test_optimizer_creation ... ok
test optimizer::epistemic::tests::test_optimizer_with_config ... ok
test optimizer::epistemic::tests::test_provenance_merger ... ok
test optimizer::epistemic::tests::test_statistics ... ok
test parser::errors::tests::test_gadt_missing_return_type_error ... ok
test parser::errors::tests::test_gadt_return_type_mismatch_error ... ok
test parser::errors::tests::test_refinement_type_error ... ok
test parser::errors::tests::test_rust_macro_alternatives ... ok
test parser::errors::tests::test_rust_mut_ref_error ... ok
test parser::recovery::tests::test_nesting_depth ... ok
test parser::recovery::tests::test_recovery_state ... ok
test parser::recovery::tests::test_sync_helpers ... ok
test parser::tests::doc_units::tests::test_unit_definitions_parse ... ok
test parser::tests::doc_units::tests::test_inner_doc_and_fn_doc ... ok
test parser::tests::epistemic::tests::test_counterfactual_expr ... ok
test parser::tests::epistemic::tests::test_do_expr_multiple_interventions ... ok
test parser::tests::epistemic::tests::test_do_expr_simple ... ok
test parser::tests::epistemic::tests::test_knowledge_expr_constructor ... ok
test parser::tests::epistemic::tests::test_knowledge_expr_constructor_full ... ok
test parser::tests::epistemic::tests::test_knowledge_expr_struct_syntax ... ok
test parser::tests::epistemic::tests::test_knowledge_type_simple ... ok
test parser::tests::epistemic::tests::test_knowledge_expr_with_epsilon ... ok
test parser::tests::epistemic::tests::test_knowledge_type_with_epsilon ... ok
test parser::tests::epistemic::tests::test_knowledge_type_with_provenance ... ok
test parser::tests::epistemic::tests::test_knowledge_type_with_validity ... ok
test parser::tests::epistemic::tests::test_observe_expr_comma ... ok
test parser::tests::epistemic::tests::test_observe_expr_tilde ... ok
test parser::tests::epistemic::tests::test_ontology_type_simple ... ok
test parser::tests::epistemic::tests::test_ontology_type_with_term ... ok
test parser::tests::epistemic::tests::test_quantity_type_compound_unit ... ok
test parser::tests::epistemic::tests::test_quantity_type_simple ... ok
test parser::tests::epistemic::tests::test_query_expr_conditional ... ok
test parser::tests::epistemic::tests::test_query_expr_simple ... ok
test parser::tests::epistemic::tests::test_tensor_type_fixed_dims ... ok
test parser::tests::epistemic::tests::test_query_expr_with_intervention ... ok
test parser::tests::epistemic::tests::test_tensor_type_named_dims ... ok
test parser::tests::error_messages::tests::test_error_has_code ... ok
test parser::tests::error_messages::tests::test_if_at_module_level ... ok
test parser::tests::error_messages::tests::test_expression_error_is_helpful ... ok
test parser::tests::error_messages::tests::test_invalid_pattern ... ok
test parser::tests::error_messages::tests::test_literal_at_module_level ... ok
test parser::tests::error_messages::tests::test_return_at_module_level ... ok
test parser::tests::error_messages::tests::test_module_level_error_has_code ... ok
test parser::tests::error_messages::tests::test_rust_mut_reference_compatibility ... ok
test parser::tests::error_messages::tests::test_shared_reference ... ok
test parser::tests::error_messages::tests::test_sounio_mutable_reference_syntax ... ok
test parser::tests::error_messages::tests::test_semicolon_instead_of_type ... ok
test ontology::resolver::tests::test_subsumption_bfo ... ok
test parser::tests::error_messages::tests::test_unexpected_closing_bracket ... ok
test parser::tests::error_messages::tests::test_type_error_mentions_valid_types ... ok
test parser::tests::error_messages::tests::test_unexpected_operator_in_type ... ok
test parser::tests::error_messages::tests::test_unexpected_semicolon_in_expr ... ok
test parser::tests::gadt::tests::test_gadt_expr_type ... ok
test parser::tests::gadt::tests::test_gadt_no_whitespace ... ok
test parser::tests::gadt::tests::test_gadt_multiple_variants ... ok
test parser::tests::gadt::tests::test_gadt_nested_type_args ... ok
test parser::tests::gadt::tests::test_gadt_struct_variant ... ok
test parser::tests::gadt::tests::test_gadt_trailing_comma ... ok
test parser::tests::gadt::tests::test_gadt_tuple_variant ... ok
test parser::tests::gadt::tests::test_gadt_unit_variant ... ok
test parser::tests::gadt::tests::test_gadt_type_equality ... ok
test ontology::resolver::tests::test_term_not_found ... ok
test parser::tests::gadt::tests::test_gadt_with_const_generic ... ok
test parser::tests::gadt::tests::test_regular_adt_unchanged ... ok
test parser::tests::gadt::tests::test_mixed_adt_and_gadt_variants ... ok
test parser::tests::gadt::tests::test_regular_struct_variant ... ok
test parser::tests::macro_invocation::tests::test_macro_in_binary_expr ... ok
test parser::tests::macro_invocation::tests::test_macro_in_statement ... ok
test parser::tests::macro_invocation::tests::test_macro_in_item ... ok
test parser::tests::macro_invocation::tests::test_macro_in_function_call ... ok
test parser::tests::macro_invocation::tests::test_macro_name_with_underscore ... ok
test parser::tests::macro_invocation::tests::test_macro_with_braces ... ok
test parser::tests::macro_invocation::tests::test_macro_with_multiple_args ... ok
test parser::tests::macro_invocation::tests::test_macro_with_empty_args ... ok
test parser::tests::macro_invocation::tests::test_macro_with_complex_args ... ok
test parser::tests::macro_invocation::tests::test_simple_macro_invocation_expr ... ok
test parser::tests::macro_invocation::tests::test_macro_with_parentheses ... ok
test parser::tests::macro_invocation::tests::test_nested_macro_invocation ... ok
test parser::tests::refinement::tests::test_refinement_as_generic_arg ... ok
test parser::tests::refinement::tests::test_refinement_in_type_alias_syntax ... ok
test parser::tests::refinement::tests::test_refinement_missing_closing_brace ... ok
test parser::tests::refinement::tests::test_refinement_missing_colon ... ok
test parser::tests::refinement::tests::test_refinement_missing_pipe ... ok
test parser::tests::refinement::tests::test_refinement_type_bounded_range ... ok
test parser::tests::refinement::tests::test_refinement_missing_predicate ... ok
test parser::tests::refinement::tests::test_refinement_type_equality ... ok
test parser::tests::refinement::tests::test_refinement_type_f32 ... ok
test parser::tests::refinement::tests::test_refinement_type_float_bounds ... ok
test parser::tests::refinement::tests::test_refinement_type_non_negative ... ok
test parser::tests::refinement::tests::test_refinement_type_not_equal ... ok
test parser::tests::refinement::tests::test_refinement_type_or_predicate ... ok
test parser::tests::refinement::tests::test_refinement_type_positive_int ... ok
test parser::tests::refinement::tests::test_refinement_type_probability ... ok
test parser::tests::refinement::tests::test_refinement_type_safe_dose ... ok
test parser::tests::refinement::tests::test_refinement_type_valid_age ... ok
test parser::tests::refinement::tests::test_refinement_with_arithmetic ... ok
test parser::tests::refinement::tests::test_refinement_with_multiplication ... ok
test pkg::auth::tests::test_credentials_store ... ok
test pkg::auth::tests::test_list_registries ... ok
test pkg::auth::tests::test_remove_token ... ok
test pkg::auth::tests::test_validate_token ... ok
test pkg::build::tests::test_build_profile ... ok
test pkg::cache::tests::test_cache_index_serialization ... ok
test pkg::cache::tests::test_format_size ... ok
test geometry::geo_training::tests::test_single_iteration ... ok
test ontology::embedding::riemannian::tests::test_hierarchy_learner_convergence ... ok
test pkg::manifest::tests::test_manifest_parse ... ok
test pkg::manifest::tests::test_valid_package_names ... ok
test pkg::manifest::tests::test_version_parse ... ok
test pkg::manifest::tests::test_version_req_caret ... ok
test pkg::manifest::tests::test_version_req_tilde ... ok
test pkg::registry::tests::test_default_registry ... ok
test pkg::resolver::tests::test_lockfile_roundtrip ... ok
test profiling::tests::test_format_duration ... ok
test profiling::tests::test_format_memory ... ok
test profiling::tests::test_nested_phases ... ok
test profiling::tests::test_phase_recording ... ok
test profiling::tests::test_profiler_disabled_by_default ... ok
test profiling::tests::test_profiler_enable_disable ... ok
test profiling::tests::test_report_generation ... ok
test quantum::amplitude::tests::test_addition_variance_propagation ... ok
test quantum::amplitude::tests::test_amplitude_creation ... ok
test quantum::amplitude::tests::test_conjugate ... ok
test quantum::amplitude::tests::test_from_polar ... ok
test quantum::amplitude::tests::test_gate_error_addition ... ok
test quantum::amplitude::tests::test_hadamard_gate ... ok
test quantum::amplitude::tests::test_multiplication_variance_propagation ... ok
test quantum::amplitude::tests::test_normalize ... ok
test quantum::amplitude::tests::test_pauli_x_gate ... ok
test quantum::amplitude::tests::test_pauli_z_gate ... ok
test quantum::amplitude::tests::test_phase ... ok
test quantum::amplitude::tests::test_probability ... ok
test quantum::amplitude::tests::test_rx_gate_no_variance ... ok
test quantum::amplitude::tests::test_rx_gate_with_variance ... ok
test quantum::amplitude::tests::test_ry_gate ... ok
test quantum::amplitude::tests::test_rz_gate ... ok
test quantum::amplitude::tests::test_scalar_multiplication ... ok
test quantum::amplitude::tests::test_zero_one_constants ... ok
test quantum::circuit::tests::test_bell_state ... ok
test quantum::circuit::tests::test_circuit_builder_basic ... ok
test quantum::circuit::tests::test_circuit_execution ... ok
test quantum::circuit::tests::test_circuit_stats ... ok
test quantum::circuit::tests::test_ghz_state ... ok
test quantum::circuit::tests::test_hardware_efficient_ansatz ... ok
test quantum::circuit::tests::test_parameter_gradient ... ok
test quantum::circuit::tests::test_variational_circuit ... ok
test quantum::epistemic_vqe::tests::test_active_inference_metrics ... ok
test quantum::epistemic_vqe::tests::test_beta_quantum_parameter ... ok
test quantum::epistemic_vqe::tests::test_chemical_accuracy_check ... ok
test quantum::epistemic_vqe::tests::test_credible_interval ... ok
test quantum::epistemic_vqe::tests::test_energy_combination ... ok
test quantum::epistemic_vqe::tests::test_epistemic_energy ... ok
test quantum::epistemic_vqe::tests::test_epistemic_vqe_creation ... ok
test quantum::epistemic_vqe::tests::test_epistemic_vqe_energy_evaluation ... ok
test quantum::epistemic_vqe::tests::test_epistemic_vqe_optimization ... ok
test quantum::epistemic_vqe::tests::test_provenance_tracking ... ok
test quantum::epistemic_vqe::tests::test_variance_breakdown ... ok
test quantum::gates::tests::test_cnot_application ... ok
test quantum::gates::tests::test_gate_constructors ... ok
test quantum::gates::tests::test_gate_error_rates ... ok
test quantum::gates::tests::test_gate_with_error ... ok
test quantum::gates::tests::test_hadamard_application ... ok
test quantum::gates::tests::test_pauli_x_application ... ok
test quantum::gates::tests::test_rz_application ... ok
test quantum::gpu_quantum::tests::test_batched_vqe ... ok
test quantum::gpu_quantum::tests::test_combine_batch_results ... ok
test quantum::gpu_quantum::tests::test_gpu_circuit_execution ... ok
test quantum::gpu_quantum::tests::test_gpu_config_max_qubits ... ok
test quantum::gpu_quantum::tests::test_gpu_state_vector ... ok
test quantum::gpu_quantum::tests::test_memory_pool ... ok
test quantum::gpu_quantum::tests::test_monte_carlo_variance ... ok
test quantum::gpu_quantum::tests::test_parameter_sweep ... ok
test quantum::gpu_quantum::tests::test_single_qubit_kernel_ry ... ok
test quantum::gpu_quantum::tests::test_two_qubit_kernel_cnot ... ok
test quantum::hamiltonian::tests::test_commuting_groups ... ok
test quantum::hamiltonian::tests::test_h2_expectation_z_basis ... ok
test quantum::hamiltonian::tests::test_h2_expected_ground_state ... ok
test quantum::hamiltonian::tests::test_h2_hamiltonian ... ok
test quantum::hamiltonian::tests::test_h2_variance ... ok
test quantum::hamiltonian::tests::test_lih_hamiltonian ... ok
test quantum::hamiltonian::tests::test_measurement_basis ... ok
test quantum::hamiltonian::tests::test_pauli_eigenvalues ... ok
test quantum::hamiltonian::tests::test_pauli_string_commutation ... ok
test quantum::hamiltonian::tests::test_pauli_string_identity ... ok
test quantum::hamiltonian::tests::test_pauli_string_z ... ok
test quantum::hamiltonian::tests::test_pauli_string_zz ... ok
test quantum::hamiltonian::tests::test_relative_error ... ok
test quantum::hamiltonian::tests::test_vqe_result_accuracy ... ok
test quantum::hamiltonian::tests::test_vqe_result_confidence_interval ... ok
test quantum::hamiltonian::tests::test_vqe_result_formatting ... ok
test quantum::noise::tests::test_amplitude_damping ... ok
test quantum::noise::tests::test_coherence_time_noise ... ok
test quantum::noise::tests::test_depolarizing_noise ... ok
test quantum::noise::tests::test_ideal_noise ... ok
test quantum::noise::tests::test_nisq_noise_model ... ok
test quantum::noise::tests::test_noise_fidelity ... ok
test quantum::noise::tests::test_readout_error ... ok
test quantum::pennylane::tests::test_confidence_interval ... ok
test quantum::pennylane::tests::test_epistemic_gradients ... ok
test quantum::pennylane::tests::test_epistemic_param ... ok
test quantum::pennylane::tests::test_expectation_z ... ok
test quantum::pennylane::tests::test_forward_pass ... ok
test quantum::pennylane::tests::test_gradient_computation ... ok
test quantum::pennylane::tests::test_h2_hamiltonian ... ok
test quantum::pennylane::tests::test_hamiltonian_expectation ... ok
test quantum::pennylane::tests::test_layer_types ... ok
test quantum::pennylane::tests::test_provenance_tracking ... ok
test quantum::pennylane::tests::test_variational_circuit_creation ... ok
test quantum::pennylane::tests::test_variational_layer ... ok
test quantum::pennylane::tests::test_vqe_optimization ... ok
test quantum::states::tests::test_complex_operations ... ok
test quantum::states::tests::test_density_matrix_mixed ... ok
test quantum::states::tests::test_density_matrix_pure ... ok
test quantum::states::tests::test_epistemic_measurement ... ok
test quantum::states::tests::test_epistemic_qubit ... ok
test quantum::states::tests::test_fidelity ... ok
test quantum::states::tests::test_qubit_state_variance ... ok
test quantum::states::tests::test_state_vector_plus ... ok
test quantum::states::tests::test_state_vector_zero ... ok
test quantum::uccsd::tests::test_double_excitation_paulis ... ok
test quantum::uccsd::tests::test_fermionic_string ... ok
test quantum::uccsd::tests::test_hf_state_preparation ... ok
test quantum::uccsd::tests::test_jordan_wigner_single ... ok
test quantum::uccsd::tests::test_lih_system ... ok
test quantum::uccsd::tests::test_molecular_system_h2 ... ok
test quantum::uccsd::tests::test_param_set_get ... ok
test quantum::uccsd::tests::test_provenance_tracking ... ok
test quantum::uccsd::tests::test_trotter_steps ... ok
test quantum::uccsd::tests::test_uccsd_circuit_creation ... ok
test quantum::uccsd::tests::test_uccsd_energy ... ok
test quantum::uccsd::tests::test_uccsd_execution ... ok
test quantum::uccsd::tests::test_uccsd_gradients ... ok
test quantum::uccsd::tests::test_uccsd_param_count ... ok
test quantum::uccsd::tests::test_uccsd_vqe_optimization ... ok
test quantum::vqe::tests::test_chemical_accuracy ... ok
test quantum::vqe::tests::test_h2_hamiltonian ... ok
test quantum::vqe::tests::test_ising_hamiltonian ... ok
test quantum::vqe::tests::test_pauli_term_z ... ok
test quantum::vqe::tests::test_pauli_term_zz ... ok
test quantum::vqe::tests::test_qaoa_maxcut ... ok
test quantum::vqe::tests::test_vqe_h2_energy_evaluation ... ok
test quantum::vqe::tests::test_vqe_h2_optimization ... ok
test quantum::vqe::tests::test_vqe_result_confidence_interval ... ok
test refactor::extract::tests::test_extract_constant_new ... ok
test refactor::extract::tests::test_extract_function_new ... ok
test refactor::extract::tests::test_extract_function_public ... ok
test refactor::extract::tests::test_extract_kind_display ... ok
test refactor::extract::tests::test_extract_variable_mutable ... ok
test refactor::extract::tests::test_extract_variable_new ... ok
test refactor::extract::tests::test_infer_literal_type ... ok
test refactor::tests::test_is_reserved_keyword ... ok
test refactor::tests::test_is_valid_identifier ... ok
test refactor::tests::test_multiple_edits ... ok
test refactor::tests::test_text_edit_apply ... ok
test refactor::tests::test_text_edit_delete ... ok
test refactor::tests::test_text_edit_insert ... ok
test refactor::tests::test_validate_new_name ... ok
test refactor::tests::test_workspace_edit ... ok
test refinement::constraint::tests::test_bounds_check_constraint ... ok
test refinement::constraint::tests::test_constraint_as_implication ... ok
test refinement::constraint::tests::test_constraint_generator_basic ... ok
test refinement::constraint::tests::test_division_check_constraint ... ok
test refinement::constraint::tests::test_fresh_variable ... ok
test refinement::constraint::tests::test_medical_max_dose ... ok
test refinement::constraint::tests::test_path_conditions ... ok
test refinement::constraint::tests::test_subtype_constraint ... ok
test refinement::constraint::tests::test_trivial_subtype_not_generated ... ok
test refinement::infer::tests::test_add_binding ... ok
test refinement::infer::tests::test_add_refined_binding ... ok
test refinement::infer::tests::test_binary_add ... ok
test refinement::infer::tests::test_binary_mul_positive ... ok
test refinement::infer::tests::test_fresh_refinement ... ok
test refinement::infer::tests::test_infer_bool_literal ... ok
test refinement::infer::tests::test_infer_float_literal ... ok
test refinement::infer::tests::test_infer_int_literal ... ok
test refinement::infer::tests::test_is_non_negative_refinement ... ok
test refinement::infer::tests::test_is_positive_refinement ... ok
test refinement::infer::tests::test_ite_different_branches ... ok
test refinement::infer::tests::test_ite_same_branches ... ok
test refinement::infer::tests::test_medical_inference ... ok
test refinement::infer::tests::test_patterns_array_index ... ok
test refinement::infer::tests::test_patterns_dose_result ... ok
test refinement::infer::tests::test_solve ... ok
test refinement::infer::tests::test_stats ... ok
test refinement::predicate::tests::test_array_predicates ... ok
test refinement::predicate::tests::test_compare_op_negate ... ok
test refinement::predicate::tests::test_free_vars ... ok
test refinement::predicate::tests::test_medical_refinements ... ok
test refinement::predicate::tests::test_positive_refinement ... ok
test refinement::predicate::tests::test_predicate_and_simplification ... ok
test refinement::predicate::tests::test_predicate_or_simplification ... ok
test refinement::predicate::tests::test_predicate_substitution ... ok
test refinement::predicate::tests::test_refinement_type_display ... ok
test refinement::predicate::tests::test_term_substitution ... ok
test refinement::predicate::tests::test_trivial_refinement ... ok
test refinement::qualifiers::tests::test_all_instantiations ... ok
test refinement::qualifiers::tests::test_generate_combinations ... ok
test refinement::qualifiers::tests::test_medical_qualifiers_count ... ok
test refinement::qualifiers::tests::test_qualifier_instantiation ... ok
test refinement::qualifiers::tests::test_qualifier_set_by_category ... ok
test refinement::qualifiers::tests::test_qualifier_set_standard ... ok
test refinement::qualifiers::tests::test_qualifier_set_with_all_domains ... ok
test refinement::qualifiers::tests::test_qualifier_set_with_medical ... ok
test refinement::qualifiers::tests::test_qualifier_set_with_sedenion ... ok
test refinement::qualifiers::tests::test_qualifier_wrong_arity ... ok
test refinement::qualifiers::tests::test_sedenion_qualifiers_count ... ok
test refinement::qualifiers::tests::test_sedenion_zero_divisor_qualifier ... ok
test refinement::qualifiers::tests::test_single_param_qualifier ... ok
test refinement::qualifiers::tests::test_standard_qualifiers_count ... ok
test refinement::qualifiers::tests::test_therapeutic_range_qualifier ... ok
test refinement::qualifiers::tests::test_valid_eeg_signal_qualifier ... ok
test refinement::qualifiers::tests::test_valid_pbpk_qualifier ... ok
test refinement::solver::tests::test_counterexample_display ... ok
test refinement::solver::tests::test_float_to_rational ... ok
test refinement::solver::tests::test_simple_checker_and ... ok
test refinement::solver::tests::test_simple_checker_false ... ok
test refinement::solver::tests::test_simple_checker_implies ... ok
test refinement::solver::tests::test_simple_checker_int_comparison ... ok
test refinement::solver::tests::test_simple_checker_true ... ok
test refinement::solver::tests::test_simple_checker_with_variables ... ok
test refinement::solver::tests::test_verify_result_methods ... ok
test refinement::subtype::tests::test_base_type_mismatch ... ok
test refinement::subtype::tests::test_bounds_check ... ok
test refinement::subtype::tests::test_check_value ... ok
test refinement::subtype::tests::test_check_value_negative ... ok
test refinement::subtype::tests::test_division_check ... ok
test refinement::subtype::tests::test_function_signature_check ... ok
test refinement::subtype::tests::test_path_conditions ... ok
test refinement::subtype::tests::test_positive_subtype_non_negative ... ok
test refinement::subtype::tests::test_subtype_result_counts ... ok
test refinement::subtype::tests::test_trivial_subtype ... ok
test refinement::subtype::tests::test_with_assumptions ... ok
test repl::tests::test_confidence_badge ... ok
test repl::tests::test_create_repl_diagnostic ... ok
test repl::tests::test_error_location_from_offset ... ok
test repl::tests::test_extract_location_from_error_line_column ... ok
test repl::tests::test_extract_location_from_error_offset ... ok
test repl::tests::test_render_repl_error_basic ... ok
test repl::tests::test_render_repl_error_no_location ... ok
test repl::tests::test_repl_error_kind_properties ... ok
test resolve::module_tree::tests::test_aliased_import ... ok
test resolve::module_tree::tests::test_glob_does_not_overwrite_existing ... ok
test resolve::module_tree::tests::test_glob_import ... ok
test resolve::module_tree::tests::test_glob_import_nested_module ... ok
test resolve::module_tree::tests::test_module_id_operations ... ok
test resolve::module_tree::tests::test_module_item_lookup ... ok
test resolve::module_tree::tests::test_module_not_found ... ok
test resolve::module_tree::tests::test_module_tree_creation ... ok
test resolve::module_tree::tests::test_reexport ... ok
test resolve::module_tree::tests::test_selective_imports ... ok
test resolve::module_tree::tests::test_simple_import ... ok
test resolve::module_tree::tests::test_transitive_imports ... ok
test resolve::module_tree::tests::test_unresolved_import ... ok
test resolve::module_tree::tests::test_visibility_check_same_module ... ok
test resolve::module_tree::tests::test_visibility_error ... ok
test resolve::module_tree::tests::test_visible_items_in_module ... ok
test resolve::resolver::tests::test_dotted_module_path_creates_nested_modules ... ok
test resolve::resolver::tests::test_forward_reference_chain ... ok
test resolve::resolver::tests::test_forward_reference_in_same_module ... ok
test resolve::resolver::tests::test_forward_reference_with_struct_creation ... ok
test resolve::resolver::tests::test_glob_import ... ok
test resolve::resolver::tests::test_glob_only_imports_public ... ok
test resolve::resolver::tests::test_import_does_not_shadow_local ... ok
test ml::scientific_models::tests::test_scientific_code_generation ... ok
test resolve::resolver::tests::test_import_enum ... ok
test resolve::resolver::tests::test_import_from_nonexistent_module ... ok
test resolve::resolver::tests::test_import_struct ... ok
test resolve::resolver::tests::test_import_type_alias ... ok
test resolve::resolver::tests::test_import_with_alias ... ok
test resolve::resolver::tests::test_imported_enum_pattern_match_resolves ... ok
test resolve::resolver::tests::test_multiple_imports_from_same_module ... ok
test resolve::resolver::tests::test_nested_module_import ... ok
test resolve::resolver::tests::test_private_item_not_visible ... ok
test resolve::resolver::tests::test_qualified_path ... ok
test resolve::resolver::tests::test_qualified_type_path ... ok
test resolve::resolver::tests::test_qualified_path_private_item ... ok
test resolve::resolver::tests::test_reexport ... ok
test resolve::resolver::tests::test_selective_import ... ok
test resolve::resolver::tests::test_sibling_module_import ... ok
test resolve::resolver::tests::test_simple_import_from_module ... ok
test resolve::resolver::tests::test_undefined_import ... ok
test resolve::symbols::tests::test_builtin_types ... ok
test resolve::symbols::tests::test_scope_nesting ... ok
test rl::game::tests::test_action_mask ... ok
test rl::game::tests::test_player_opponent ... ok
test rl::game::tests::test_tictactoe_draw ... ok
test rl::game::tests::test_tictactoe_features ... ok
test rl::game::tests::test_tictactoe_initial ... ok
test rl::game::tests::test_tictactoe_move ... ok
test resolve::symbols::tests::test_shadowing ... ok
test rl::game::tests::test_tictactoe_win ... ok
test rl::mcts::tests::test_epistemic_uncertainty ... ok
test rl::mcts::tests::test_mcts_node_creation ... ok
test rl::mcts::tests::test_mcts_search ... ok
test rl::mcts::tests::test_mcts_tree_creation ... ok
test rl::mcts::tests::test_puct_score ... ok
test rl::muzero::tests::test_dummy_model ... ok
test rl::muzero::tests::test_dynamics ... ok
test rl::muzero::tests::test_epistemic_prediction ... ok
test rl::mcts::tests::test_action_probabilities ... ok
test rl::muzero::tests::test_latent_mcts_node ... ok
test rl::muzero::tests::test_latent_mcts_tree ... ok
test rl::muzero::tests::test_latent_mcts_action_selection ... ok
test rl::muzero::tests::test_latent_state_creation ... ok
test rl::muzero::tests::test_latent_state_uncertainty ... ok
test rl::muzero::tests::test_latent_state_hash ... ok
test rl::muzero::tests::test_muzero_target ... ok
test rl::muzero::tests::test_uncertainty_propagation ... ok
test rl::neural::tests::test_epistemic_uncertainty ... ok
test rl::neural::tests::test_neural_eval_from_scalars ... ok
test rl::muzero::tests::test_tree_advance ... ok
test rl::neural::tests::test_policy_entropy ... ok
test rl::neural::tests::test_policy_value_to_eval ... ok
test rl::neural::tests::test_uniform_network ... ok
test rl::refinements::tests::test_cell_constraints ... ok
test rl::refinements::tests::test_chess_cell_constraints ... ok
test rl::refinements::tests::test_go_refinement ... ok
test rl::refinements::tests::test_game_state_refinement ... ok
test rl::refinements::tests::test_move_refinement ... ok
test rl::refinements::tests::test_position_bounds ... ok
test rl::refinements::tests::test_position_index_conversion ... ok
test rl::refinements::tests::test_position_refinement_predicate ... ok
test rl::refinements::tests::test_state_repr ... ok
test rl::refinements::tests::test_transition_refinement ... ok
test rl::refinements::tests::test_verifier_creation ... ok
test rl::selfplay::tests::test_play_game ... ok
test rl::selfplay::tests::test_temperature_schedule ... ok
test rl::selfplay::tests::test_selfplay_stats ... ok
test rl::selfplay::tests::test_trajectory_creation ... ok
test runtime::async_runtime::tests::test_async_context ... ok
test runtime::async_runtime::tests::test_bounded_channel_creation ... ok
test runtime::async_runtime::tests::test_bounded_channel_full ... ok
test runtime::async_runtime::tests::test_bounded_channel_zero_capacity - should panic ... ok
test runtime::async_runtime::tests::test_channel_clone_receiver ... ok
test runtime::async_runtime::tests::test_channel_clone_sender ... ok
test runtime::async_runtime::tests::test_channel_close ... ok
test runtime::async_runtime::tests::test_channel_close_with_pending ... ok
test runtime::async_runtime::tests::test_channel_id ... ok
test runtime::async_runtime::tests::test_channel_send_recv ... ok
test runtime::async_runtime::tests::test_channel_try_recv ... ok
test runtime::async_runtime::tests::test_global_runtime ... ok
test runtime::async_runtime::tests::test_init_scheduler ... ok
test runtime::async_runtime::tests::test_join3_convenience ... ok
test rl::selfplay::tests::test_to_training_examples ... ok
test runtime::async_runtime::tests::test_join_from_handles ... ok
test runtime::async_runtime::tests::test_join_future_completion ... ok
test runtime::async_runtime::tests::test_join_future_creation ... ok
test runtime::async_runtime::tests::test_run_scheduler ... ok
test runtime::async_runtime::tests::test_runtime_block_on ... ok
test runtime::async_runtime::tests::test_runtime_spawn ... ok
test runtime::async_runtime::tests::test_schedule_global ... ok
test runtime::async_runtime::tests::test_scheduler_creation ... ok
test runtime::async_runtime::tests::test_scheduler_poll ... ok
test runtime::async_runtime::tests::test_scheduler_priority ... ok
test runtime::async_runtime::tests::test_scheduler_run_until_stalled ... ok
test runtime::async_runtime::tests::test_scheduler_schedule ... ok
test runtime::async_runtime::tests::test_scheduler_stats ... ok
test runtime::async_runtime::tests::test_scheduler_suspension ... ok
test runtime::async_runtime::tests::test_scheduler_wake_dependents ... ok
test runtime::async_runtime::tests::test_select3_convenience ... ok
test runtime::async_runtime::tests::test_select_from_handles ... ok
test runtime::async_runtime::tests::test_select_future_creation ... ok
test runtime::async_runtime::tests::test_select_future_first_completion ... ok
test runtime::async_runtime::tests::test_select_only_first_wins ... ok
test runtime::async_runtime::tests::test_sounio_future_complete ... ok
test runtime::async_runtime::tests::test_sounio_future_ready ... ok
test runtime::async_runtime::tests::test_unbounded_channel_creation ... ok
test runtime::causal::tests::test_ancestors_descendants ... ok
test runtime::causal::tests::test_ate_estimation ... ok
test runtime::causal::tests::test_backdoor_simple ... ok
test runtime::causal::tests::test_causal_model ... ok
test runtime::causal::tests::test_correlation ... ok
test runtime::causal::tests::test_dag_acyclicity ... ok
test runtime::causal::tests::test_dag_creation ... ok
test runtime::causal::tests::test_evidence ... ok
test runtime::causal::tests::test_has_path ... ok
test runtime::causal::tests::test_topological_order ... ok
test runtime::discover::tests::test_compute_derivatives ... ok
test runtime::discover::tests::test_discovered_model_display ... ok
test runtime::discover::tests::test_least_squares_simple ... ok
test runtime::discover::tests::test_dynamics_library ... ok
test runtime::discover::tests::test_library_creation ... ok
test runtime::discover::tests::test_library_evaluation ... ok
test runtime::discover::tests::test_normalize_columns ... ok
test runtime::einsum::tests::test_batched_matmul ... ok
test runtime::einsum::tests::test_diagonal ... ok
test runtime::einsum::tests::test_einsum_dot ... ok
test runtime::einsum::tests::test_einsum_matmul ... ok
test runtime::einsum::tests::test_einsum_outer ... ok
test runtime::einsum::tests::test_einsum_trace ... ok
test runtime::einsum::tests::test_einsum_transpose ... ok
test runtime::einsum::tests::test_parse_matmul ... ok
test runtime::einsum::tests::test_parse_trace ... ok
test runtime::einsum::tests::test_sum_axis ... ok
test runtime::einsum::tests::test_tensordot ... ok
test runtime::einsum::tests::test_trace_fn ... ok
test runtime::discover::tests::test_sindy_linear ... ok
test runtime::einsum::tests::test_transpose_fn ... ok
test runtime::einsum::tests::test_validate ... ok
test runtime::einsum::tests::test_validate_mismatch ... ok
test runtime::epistemic::tests::test_compact_knowledge ... ok
test runtime::epistemic::tests::test_confidence_combine ... ok
test runtime::epistemic::tests::test_confidence_quantization ... ok
test runtime::epistemic::tests::test_epistemic_mode_size ... ok
test runtime::epistemic::tests::test_epistemic_runtime ... ok
test runtime::epistemic::tests::test_erased_knowledge ... ok
test runtime::epistemic::tests::test_full_knowledge ... ok
test runtime::epistemic::tests::test_full_knowledge_map ... ok
test runtime::epistemic::tests::test_full_to_compact ... ok
test runtime::epistemic::tests::test_runtime_confidence ... ok
test runtime::ffi::ffi_chiuratto::tests::compat_handler_stub ... ok
test runtime::ffi::ffi_chiuratto::tests::compat_replace_and_as_ptr ... ok
test runtime::ffi::ffi_chiuratto::tests::compat_starts_with_and_contains ... ok
test runtime::gpu_bridge::tests::test_bridge_creation ... ok
test runtime::gpu_bridge::tests::test_bridge_stats ... ok
test runtime::gpu_bridge::tests::test_buffer_allocation ... ok
test runtime::gpu_bridge::tests::test_invalid_buffer_id ... ok
test runtime::gpu_bridge::tests::test_kernel_not_found ... ok
test runtime::gpu_bridge::tests::test_multiple_buffers ... ok
test runtime::gpu_bridge::tests::test_simulated_kernel_load ... ok
test runtime::gpu_epistemic::tests::test_aos_to_soa ... ok
test runtime::gpu_epistemic::tests::test_gpu_array_layout_selection ... ok
test runtime::gpu_epistemic::tests::test_memory_layout_recommend ... ok
test runtime::gpu_epistemic::tests::test_simd_mean ... ok
test runtime::gpu_epistemic::tests::test_simd_ops ... ok
test runtime::gpu_epistemic::tests::test_soa_basic ... ok
test runtime::gpu_epistemic::tests::test_soa_filter ... ok
test runtime::gpu_epistemic::tests::test_soa_to_aos ... ok
test runtime::gpu_executor::tests::test_device_info_default ... ok
test runtime::gpu_executor::tests::test_error_display ... ok
test runtime::gpu_executor::tests::test_launch_config_1d ... ok
test runtime::gpu_executor::tests::test_launch_config_2d ... ok
test runtime::gpu_scientific::tests::test_data_type_sizes ... ok
test runtime::gpu_scientific::tests::test_kernel_manager ... ok
test runtime::gpu_scientific::tests::test_launch_config ... ok
test runtime::gpu_scientific::tests::test_matmul_kernel_metal ... ok
test runtime::gpu_scientific::tests::test_matmul_kernel_wgsl ... ok
test runtime::gpu_scientific::tests::test_monte_carlo_kernel ... ok
test runtime::gpu_scientific::tests::test_ode_kernel ... ok
test runtime::gpu_scientific::tests::test_reduction_kernel ... ok
test runtime::gpu_scientific::tests::test_stencil_kernel ... ok
test runtime::handler_stack::tests::test_dispatch_functions ... ok
test runtime::handler_stack::tests::test_global_handler_stack ... ok
test runtime::handler_stack::tests::test_handler_dispatch_div ... ok
test runtime::handler_stack::tests::test_handler_dispatch_io ... ok
test runtime::handler_stack::tests::test_handler_dispatch_mut ... ok
test runtime::handler_stack::tests::test_handler_stack_find ... ok
test runtime::handler_stack::tests::test_handler_stack_push_pop ... ok
test runtime::handler_stack::tests::test_mut_dispatch ... ok
test runtime::ode::tests::test_euler_exponential_decay ... ok
test runtime::ode::tests::test_interpolation ... ok
test runtime::ode::tests::test_lotka_volterra ... ok
test runtime::ode::tests::test_rk45_exponential_decay ... ok
test runtime::ode::tests::test_rk4_exponential_decay ... ok
test runtime::pde::tests::test_advection ... ok
test ontology::embedding::models::pretrained::tests::test_load_word2vec_text ... ok
test runtime::pde::tests::test_domain_1d ... ok
test ontology::loader::loader_cache::tests::test_cache_operations ... ok
test pkg::cache::tests::test_cache_stats ... ok
test pkg::cache::tests::test_cache_operations ... ok
test runtime::pde::tests::test_heat_equation_crank_nicolson ... ok
test pkg::cli::tests::test_cmd_new_creates_project ... ok
test pkg::auth::tests::test_credentials_save_load ... ok
test pkg::cli::tests::test_cmd_new_library ... ok
test runtime::pde::tests::test_heat_2d ... ok
test pkg::auth::tests::test_token_manager ... ok
test runtime::elf::tests::test_emit_hello_world ... ok
test runtime::prob::tests::test_log_prob_normal ... ok
test ontology::loader::loader_cache::tests::test_batch_insert ... ok
test runtime::pde::tests::test_heat_equation_explicit ... ok
test runtime::prob::tests::test_observe ... ok
test runtime::prob::tests::test_trace_statistics ... ok
test runtime::runtime::tests::test_runtime_codegen_registers_offsets ... ok
test runtime::prob::tests::test_rng ... ok
test runtime::stiff::tests::test_bdf_coefficients ... ok
test runtime::stiff::tests::test_lu_decomposition ... ok
test runtime::stiff::tests::test_rosenbrock ... ok
test runtime::stiff::tests::test_implicit_euler_simple ... ok
test runtime::symbolic::tests::test_compile_expr ... ok
test runtime::symbolic::tests::test_differentiate_const ... ok
test runtime::symbolic::tests::test_differentiate_power ... ok
test runtime::prob::tests::test_gamma_sampling ... ok
test runtime::symbolic::tests::test_differentiate_product ... ok
test runtime::symbolic::tests::test_differentiate_sin ... ok
test runtime::symbolic::tests::test_differentiate_var ... ok
test runtime::prob::tests::test_normal_distribution ... ok
test runtime::symbolic::tests::test_display ... ok
test runtime::symbolic::tests::test_expand_binomial ... ok
test runtime::symbolic::tests::test_integrate_const ... ok
test runtime::symbolic::tests::test_integrate_power ... ok
test runtime::symbolic::tests::test_simplify_add ... ok
test runtime::symbolic::tests::test_simplify_mul ... ok
test runtime::symbolic::tests::test_solve_linear ... ok
test runtime::symbolic::tests::test_solve_quadratic ... ok
test runtime::symbolic::tests::test_substitute ... ok
test runtime::pde::tests::test_wave_equation ... hello from syscall
ok
test runtime::prob::tests::test_beta_distribution ... ok
test runtime::syscalls::tests::test_sys_open_read_close_and_fstat ... ok
test runtime::syscalls::tests::test_sys_write ... ok
test runtime::tensor::tests::test_broadcast_add ... ok
test runtime::tensor::tests::test_broadcast_iter ... ok
test runtime::tensor::tests::test_broadcast_mul ... ok
test runtime::tensor::tests::test_broadcast_scalar ... ok
test runtime::tensor::tests::test_identity ... ok
test runtime::tensor::tests::test_linspace ... ok
test runtime::tensor::tests::test_matmul_incompatible ... ok
test runtime::tensor::tests::test_matmul_shapes ... ok
test runtime::tensor::tests::test_shape_broadcast ... ok
test runtime::tensor::tests::test_shape_creation ... ok
test runtime::tensor::tests::test_shape_verification ... ok
test runtime::tensor::tests::test_tensor_creation ... ok
test runtime::tensor::tests::test_tensor_indexing ... ok
test runtime::tensor::tests::test_tensor_matmul ... ok
test runtime::tensor::tests::test_tensor_operations ... ok
test runtime::tensor::tests::test_tensor_stats ... ok
test runtime::tensor::tests::test_tensor_transpose ... ok
test runtime::uncertain::tests::test_addition ... ok
test runtime::uncertain::tests::test_compatibility ... ok
test runtime::uncertain::tests::test_creation ... ok
test runtime::uncertain::tests::test_display ... ok
test runtime::uncertain::tests::test_division ... ok
test runtime::uncertain::tests::test_exp ... ok
test runtime::uncertain::tests::test_ln ... ok
test runtime::uncertain::tests::test_multiplication ... ok
test runtime::uncertain::tests::test_physics_example ... ok
test runtime::uncertain::tests::test_sin_cos ... ok
test runtime::uncertain::tests::test_sqrt ... ok
test runtime::uncertain::tests::test_subtraction ... ok
test runtime::uncertain::tests::test_weighted_mean ... ok
test semantic_diagnostics::semantic_errors::tests::test_find_line_and_column ... ok
test semantic_diagnostics::semantic_errors::tests::test_semantic_error_message ... ok
test semantic_diagnostics::semantic_errors::tests::test_suggestion_generation ... ok
test sir::alloc_policy::tests::test_attention_score_alias ... ok
test sir::alloc_policy::tests::test_attention_score_ordering ... ok
test sir::alloc_policy::tests::test_calibrated_prefers_high_confidence ... ok
test sir::alloc_policy::tests::test_calibrated_weights_values ... ok
test sir::alloc_policy::tests::test_classify_confidence_standalone ... ok
test sir::alloc_policy::tests::test_confidence_classification ... ok
test sir::alloc_policy::tests::test_epistemic_quality_formula ... ok
test sir::alloc_policy::tests::test_metrics_serialization ... ok
test sir::alloc_policy::tests::test_select_spill_victim_classic ... ok
test sir::alloc_policy::tests::test_policy_parsing ... ok
test sir::alloc_policy::tests::test_select_spill_empty_candidates ... ok
test sir::alloc_policy::tests::test_select_spill_victim_attention ... ok
test sir::alloc_policy::tests::test_select_spill_victims_multiple ... ok
test sir::alloc_policy::tests::test_spill_candidate_creation ... ok
test sir::builder::tests::test_epistemic_function ... ok
test sir::builder::tests::test_simple_function ... ok
test sir::capabilities::tests::test_amd_cdna3_is_hpc_class ... ok
test sir::capabilities::tests::test_apple_has_no_fp64 ... ok
test sir::capabilities::tests::test_capability_display ... ok
test sir::capabilities::tests::test_capability_querying ... ok
test sir::capabilities::tests::test_diff_reports_missing_and_extra_parameterized_capabilities ... ok
test sir::capabilities::tests::test_compatibility_check ... ok
test sir::capabilities::tests::test_diff_reports_parameterized_capability_changes ... ok
test sir::capabilities::tests::test_effective_limits ... ok
test sir::capabilities::tests::test_efficient_matmul_detection ... ok
test sir::capabilities::tests::test_intel_arc_capabilities ... ok
test sir::capabilities::tests::test_intel_pvc_is_hpc ... ok
test sir::capabilities::tests::test_mixed_precision_detection ... ok
test sir::capabilities::tests::test_nvidia_ampere_capabilities ... ok
test sir::capabilities::tests::test_optimal_tile_size ... ok
test sir::capabilities::tests::test_recommended_block_size ... ok
test sir::capabilities::tests::test_vulkan_portable_is_minimal ... ok
test sir::capabilities::tests::test_nvidia_hopper_has_tma ... ok
test sir::causal::tests::test_causal_formula_kind_eq ... ok
test sir::causal::tests::test_causal_op_clone ... ok
test sir::causal::tests::test_causal_op_cost_abduction ... ok
test sir::causal::tests::test_causal_op_cost_counterfactual ... ok
test sir::causal::tests::test_causal_op_cost_d_separation ... ok
test sir::causal::tests::test_causal_op_cost_do_intervention ... ok
test sir::causal::tests::test_causal_op_cost_estimate_backdoor ... ok
test sir::causal::tests::test_causal_op_cost_estimate_marginal ... ok
test sir::causal::tests::test_causal_op_cost_prediction ... ok
test sir::causal::tests::test_count_causal_ops ... ok
test sir::causal::tests::test_count_causal_ops_empty ... ok
test sir::causal::tests::test_formula_to_sir_kind_adjustment ... ok
test sir::causal::tests::test_formula_to_sir_kind_conditional ... ok
test sir::causal::tests::test_formula_to_sir_kind_frontdoor ... ok
test sir::causal::tests::test_formula_to_sir_kind_iv ... ok
test sir::causal::tests::test_formula_to_sir_kind_marginal ... ok
test sir::causal::tests::test_formula_to_sir_kind_product ... ok
test sir::causal::tests::test_lower_counterfactual ... ok
test sir::causal::tests::test_lower_counterfactual_preserves_vars ... ok
test sir::causal::tests::test_lower_counterfactual_validates ... ok
test sir::causal::tests::test_lower_do_backdoor ... ok
test sir::causal::tests::test_lower_do_conditional ... ok
test sir::causal::tests::test_lower_do_frontdoor ... ok
test sir::causal::tests::test_requires_iteration_abduction ... ok
test sir::causal::tests::test_requires_iteration_do_intervention ... ok
test sir::causal::tests::test_requires_iteration_estimate ... ok
test sir::causal::tests::test_requires_iteration_prediction ... ok
test sir::causal::tests::test_sir_inst_causal_display ... ok
test sir::causal::tests::test_sir_inst_causal_has_side_effects ... ok
test sir::causal::tests::test_sir_inst_causal_operands ... ok
test sir::causal::tests::test_validate_three_step_invalid_length_too_long ... ok
test sir::causal::tests::test_validate_three_step_invalid_wrong_first ... ok
test sir::causal::tests::test_validate_three_step_invalid_length_too_short ... ok
test sir::causal::tests::test_validate_three_step_invalid_wrong_second ... ok
test sir::causal::tests::test_validate_three_step_invalid_wrong_third ... ok
test sir::causal::tests::test_validate_three_step_valid ... ok
test sir::cost::tests::test_cost_envelope_builder ... ok
test sir::cost::tests::test_cost_envelope_display ... ok
test sir::cost::tests::test_cost_envelope_merge ... ok
test sir::cost::tests::test_cost_envelope_validation ... ok
test sir::cost::tests::test_fusion_validation ... ok
test sir::cost::tests::test_kernel_variant_set ... ok
test sir::cost::tests::test_lane_group_presets ... ok
test sir::cost::tests::test_layout_display ... ok
test sir::cost::tests::test_precision_effective_bits ... ok
test sir::cost::tests::test_precision_scientific_grade ... ok
test sir::cost::tests::test_reduction_mode_determinism ... ok
test sir::cost::tests::test_rng_mode_determinism ... ok
test sir::cost::tests::test_shared_cache_alignment ... ok
test sir::cost::tests::test_tile_creation ... ok
test sir::cost::tests::test_tile_validation ... ok
test sir::cost::tests::test_unroll_factor ... ok
test sir::cost::tests::test_vector_width_presets ... ok
test sir::emit::tests::test_aarch64_simple_function_emission ... ok
test sir::emit::tests::test_callee_saved_preference ... ok
test sir::emit::tests::test_float_registers ... ok
test sir::emit::tests::test_live_interval_extend ... ok
test sir::emit::tests::test_live_interval_overlap ... ok
test sir::emit::tests::test_register_allocator_basic ... ok
test sir::emit::tests::test_simple_function_emission ... ok
test sir::emit::tests::test_total_stack_size_alignment ... ok
test sir::emit::tests::test_x86_64_encoding ... ok
test sir::emit::tests::test_spill_when_registers_exhausted ... ok
test sir::emit::tests::test_x86_reg_properties ... ok
test sir::gpu_attention::tests::test_allocation_metrics ... ok
test sir::gpu_attention::tests::test_combined_occupancy ... ok
test sir::gpu_attention::tests::test_divergence_cost ... ok
test sir::gpu_attention::tests::test_divergence_probability ... ok
test sir::gpu_attention::tests::test_gpu_attention_score_dominates ... ok
test sir::gpu_attention::tests::test_gpu_live_interval_spill_cost ... ok
test sir::gpu_attention::tests::test_gpu_resource_budget_default ... ok
test sir::gpu_attention::tests::test_nvidia_budget_variants ... ok
test sir::gpu_attention::tests::test_occupancy_for_registers ... ok
test sir::gpu_attention::tests::test_optimal_register_target ... ok
test sir::gpu_attention::tests::test_select_spill_victim ... ok
test sir::kernels::monte_carlo::tests::test_attention_score ... ok
test sir::gpu_attention::tests::test_pressure_analysis ... ok
test sir::kernels::monte_carlo::tests::test_epistemic_reduction ... ok
test sir::kernels::monte_carlo::tests::test_epistemic_reduction_empty ... ok
test sir::kernels::monte_carlo::tests::test_monte_carlo_kernel_initialization ... ok
test sir::kernels::monte_carlo::tests::test_emit_sir_module ... ok
test sir::kernels::monte_carlo::tests::test_monte_carlo_propagation ... ok
test sir::kernels::monte_carlo::tests::test_particle_sir_type ... ok
test sir::kernels::monte_carlo::tests::test_particle_state_creation ... ok
test sir::kernels::monte_carlo::tests::test_partition_by_confidence ... ok
test sir::kernels::monte_carlo::tests::test_provenance_tracking ... ok
test sir::kernels::monte_carlo::tests::test_uncertain_particle ... ok
test sir::lower::tests::test_binary_op_lowering ... ok
test sir::lower::tests::test_cast_op_determination ... ok
test sir::lower::tests::test_constant_lowering ... ok
test sir::lower::tests::test_extract_knowledge_compact_mode_clears_provenance ... ok
test sir::lower::tests::test_extract_knowledge_erased_mode_returns_none ... ok
test sir::lower::tests::test_extract_knowledge_full_mode_preserves_metadata ... ok
test sir::lower::tests::test_empty_module_lowering ... ok
test sir::lower::tests::test_extract_non_quantity ... ok
test sir::lower::tests::test_extract_quantity_clearance ... ok
test sir::lower::tests::test_extract_quantity_mg ... ok
test sir::lower::tests::test_extract_quantity_mg_per_l ... ok
test sir::lower::tests::test_extract_quantity_simple_units ... ok
test sir::kernels::monte_carlo::tests::test_monte_carlo_full_run ... ok
test sir::lower::tests::test_lowering_context ... ok
test sir::lower::tests::test_type_lowering_array ... ok
test sir::lower::tests::test_type_lowering_dual ... ok
test sir::lower::tests::test_type_lowering ... ok
test sir::lower::tests::test_type_lowering_epistemic ... ok
test sir::lower::tests::test_type_lowering_ptr ... ok
test sir::lower::tests::test_type_lowering_tuple ... ok
test sir::lower::tests::test_type_lowering_vec3 ... ok
test sir::metadata::tests::test_loop_metadata ... ok
test sir::metadata::tests::test_metadata_store ... ok
test sir::module::tests::test_module_creation ... ok
test sir::module::tests::test_target_triple ... ok
test sir::passes::epistemic_insertion::tests::test_epistemic_detection ... ok
test sir::passes::epistemic_insertion::tests::test_epistemic_transformation ... ok
test sir::passes::epistemic_insertion::tests::test_mixed_epistemic_and_scalar ... ok
test sir::passes::epistemic_insertion::tests::test_multiplication_uses_relative_uncertainty ... ok
test sir::passes::epistemic_insertion::tests::test_non_epistemic_unchanged ... ok
test sir::passes::refine_assert::tests::test_proof_conjunction ... ok
test sir::passes::refine_assert::tests::test_proof_equality ... ok
test sir::passes::refine_assert::tests::test_proof_negation ... ok
test sir::passes::refine_assert::tests::test_proof_simple_comparison ... ok
test sir::passes::refine_assert::tests::test_proof_simple_comparison_false ... ok
test sir::passes::refine_assert::tests::test_proof_trivial_false ... ok
test sir::passes::refine_assert::tests::test_proof_trivial_true ... ok
test sir::passes::refine_assert::tests::test_proof_without_smt ... ok
test sir::passes::unit_check_insertion::tests::test_unit_compatibility_add ... ok
test sir::passes::unit_check_insertion::tests::test_unit_compatibility_different_dimensions ... ok
test sir::passes::unit_check_insertion::tests::test_unit_compatibility_different_scales_convertible ... ok
test sir::passes::unit_check_insertion::tests::test_unit_multiplication_always_compatible ... ok
test sir::spirv::tests::test_constant_creation ... ok
test sir::spirv::tests::test_memory_semantics ... ok
test sir::spirv::tests::test_module_builder_basics ... ok
test sir::spirv::tests::test_reduction_strategy_selection ... ok
test sir::spirv::tests::test_spirv_module_assemble ... ok
test sir::spirv::tests::test_spirv_type_creation ... ok
test sir::spirv::tests::test_target_capabilities_nvidia_ampere ... ok
test sir::spirv::tests::test_target_capabilities_vulkan_1_2 ... ok
test sir::spirv::tests::test_type_lowering ... ok
test sir::types::test_knowledge_compact_mode ... ok
test sir::types::test_knowledge_erased_mode ... ok
test sir::types::test_knowledge_full_mode ... ok
test sir::types::tests::test_scalar_sizes ... ok
test sir::types::tests::test_struct_layout ... ok
test sir::types::tests::test_vector_types ... ok
test sir::variants::tests::test_kernel_variant_config_hash ... ok
test sir::variants::tests::test_pareto_dominance ... ok
test sir::variants::tests::test_generate_sobol ... ok
test sir::variants::tests::test_performance_measurement ... ok
test sir::variants::tests::test_selection_constraints ... ok
test sir::variants::tests::test_variant_generator_lhs ... ok
test sir::variants::tests::test_variant_generator_sampled ... ok
test sir::variants::tests::test_variant_id_from_config ... ok
test sir::variants::tests::test_variant_registry ... ok
test sir::variants::tests::test_variant_selector_best_time ... ok
test sir::variants::tests::test_variant_space_presets ... ok
test sir::variants::tests::test_variant_space_total ... ok
test smt::causal_encoding::tests::test_combined_confidence ... ok
test smt::causal_encoding::tests::test_backdoor_criterion_invalid_descendant ... ok
test smt::causal_encoding::tests::test_backdoor_criterion_valid ... ok
test smt::causal_encoding::tests::test_d_separation_collider ... ok
test smt::causal_encoding::tests::test_d_separation_chain ... ok
test smt::causal_encoding::tests::test_d_separation_collider_conditioned ... ok
test smt::causal_encoding::tests::test_d_separation_fork ... ok
test smt::causal_encoding::tests::test_display_property ... ok
test smt::causal_encoding::tests::test_enumerate_directed_paths ... ok
test smt::causal_encoding::tests::test_display_result ... ok
test smt::causal_encoding::tests::test_enumerate_paths_undirected ... ok
test smt::causal_encoding::tests::test_get_ancestors ... ok
test smt::causal_encoding::tests::test_get_descendants ... ok
test smt::causal_encoding::tests::test_frontdoor_criterion_valid ... ok
test smt::causal_encoding::tests::test_has_directed_path ... ok
test smt::causal_encoding::tests::test_is_collider ... ok
test smt::causal_encoding::tests::test_is_path_blocked ... ok
test smt::causal_encoding::tests::test_identifiable_backdoor ... ok
test smt::causal_encoding::tests::test_mutilate_graph ... ok
test smt::causal_encoding::tests::test_iv_criterion_valid ... ok
test smt::causal_encoding::tests::test_node_not_found_error ... ok
test smt::epistemic::tests::test_bounded_uncertainty_property ... ok
test smt::epistemic::tests::test_epsilon_nonwidening_property ... ok
test smt::epistemic::tests::test_monotonicity_property ... ok
test smt::causal_encoding::tests::test_not_identifiable_bow_arc ... ok
test smt::epistemic::tests::test_probability_normalized_property ... ok
test smt::epistemic::tests::test_verification_stats ... ok
test smt::formula::tests::test_context_declarations ... ok
test smt::epistemic::tests::test_verifier_epsilon_check ... ok
test smt::formula::tests::test_formula_simplification ... ok
test smt::formula::tests::test_full_smtlib_script ... ok
test smt::formula::tests::test_smtlib_generation ... ok
test smt::interval::tests::test_epsilon_propagation ... ok
test smt::interval::tests::test_interval_abs ... ok
test smt::interval::tests::test_interval_arithmetic ... ok
test smt::interval::tests::test_interval_contains ... ok
test smt::interval::tests::test_interval_division ... ok
test smt::interval::tests::test_interval_env ... ok
test smt::interval::tests::test_interval_intersect ... ok
test smt::interval::tests::test_interval_predicates ... ok
test smt::interval::tests::test_interval_with_negative ... ok
test smt::solver::tests::test_check_implies ... ok
test smt::solver::tests::test_mock_solver_arithmetic ... ok
test smt::solver::tests::test_mock_solver_conjunction ... ok
test smt::solver::tests::test_mock_solver_definite_sat ... ok
test smt::solver::tests::test_mock_solver_definite_unsat ... ok
test smt::solver::tests::test_mock_solver_simple_sat ... ok
test smt::solver::tests::test_verification_result_display ... ok
test smt::tests::test_arithmetic_term_translation ... ok
test smt::tests::test_conjunction_translation ... ok
test smt::tests::test_simple_predicate_translation ... ok
test smt::z3_solver::tests::test_counterexample_display ... ok
test smt::z3_solver::tests::test_float_to_rational ... ok
test smt::z3_solver::tests::test_mock_verifier_bounded_uncertainty ... ok
test sourcemap::files::tests::test_line_col ... ok
test sourcemap::files::tests::test_line_text ... ok
test sourcemap::files::tests::test_source_db ... ok
test sourcemap::location::tests::test_located ... ok
test sourcemap::location::tests::test_span_dummy ... ok
test sourcemap::location::tests::test_span_merge ... ok
test sourcemap::mapping::tests::test_debug_info_builder ... ok
test sourcemap::mapping::tests::test_source_map ... ok
test target::cfg::tests::test_cfg_directive_parse ... ok
test target::cfg::tests::test_context_merge ... ok
test target::cfg::tests::test_context_from_target ... ok
test target::cfg::tests::test_host_context ... ok
test target::cfg::tests::test_predicate_all_any ... ok
test target::cfg::tests::test_predicate_display ... ok
test target::cfg::tests::test_predicate_evaluate ... ok
test target::cfg::tests::test_predicate_not ... ok
test target::cfg::tests::test_predicate_parse_all ... ok
test target::cfg::tests::test_predicate_parse_any ... ok
test target::cfg::tests::test_predicate_parse_key ... ok
test target::cfg::tests::test_predicate_parse_key_value ... ok
test target::cfg::tests::test_predicate_parse_not ... ok
test target::cfg::tests::test_predicate_simplify ... ok
test target::linker::tests::test_embedded_template ... ok
test target::linker::tests::test_linker_script_builder ... ok
test target::linker::tests::test_kernel_template ... ok
test target::linker::tests::test_output_type_extension ... ok
test target::linker::tests::test_linker_flavor_candidates ... ok
test target::registry::tests::test_embedded_targets ... ok
test target::registry::tests::test_linux_targets ... ok
test target::registry::tests::test_macos_targets ... ok
test target::registry::tests::test_registry_filter ... ok
test target::registry::tests::test_registry_custom ... ok
test target::registry::tests::test_registry_get ... ok
test target::registry::tests::test_registry_list ... ok
test target::registry::tests::test_global_registry ... ok
test target::registry::tests::test_wasm_targets ... ok
test target::registry::tests::test_windows_targets ... ok
test target::spec::tests::test_arch_spec_llvm_features ... ok
test target::spec::tests::test_architecture_properties ... ok
test target::spec::tests::test_architecture_parse ... ok
test target::spec::tests::test_host_triple ... ok
test target::spec::tests::test_os_properties ... ok
test target::registry::tests::test_registry_with_builtins ... ok
test target::spec::tests::test_target_features ... ok
test target::spec::tests::test_target_overrides ... ok
test target::spec::tests::test_target_spec_creation ... ok
test target::spec::tests::test_target_triple_helpers ... ok
test target::spec::tests::test_target_triple_parse ... ok
test target::sysroot::tests::test_sysroot_component ... ok
test target::sysroot::tests::test_sysroot_include_args ... ok
test target::sysroot::tests::test_sysroot_linker_args ... ok
test target::sysroot::tests::test_sysroot_metadata ... ok
test temporal::composition::tests::test_condition_temporal_fresh ... ok
test target::sysroot::tests::test_sysroot_manager ... ok
test temporal::composition::tests::test_condition_temporal_stale ... ok
test target::sysroot::tests::test_sysroot_builder ... ok
test temporal::composition::tests::test_temporal_join_all ... ok
test temporal::composition::tests::test_temporal_join_concordant ... ok
test target::sysroot::tests::test_sysroot_metadata_serialization ... ok
test temporal::composition::tests::test_temporal_join_with_recency ... ok
test temporal::composition::tests::test_temporal_tensor ... ok
test temporal::composition::tests::test_temporal_tensor_all ... ok
test temporal::decay::tests::test_exponential_decay ... ok
test temporal::decay::tests::test_from_half_life ... ok
test temporal::decay::tests::test_half_life ... ok
test temporal::decay::tests::test_linear_decay ... ok
test temporal::decay::tests::test_no_decay ... ok
test temporal::decay::tests::test_product_decay ... ok
test temporal::decay::tests::test_negative_duration ... ok
test temporal::decay::tests::test_sigmoid_decay ... ok
test temporal::decay::tests::test_presets ... ok
test temporal::decay::tests::test_step_decay ... ok
test temporal::decay::tests::test_time_to_threshold ... ok
test temporal::knowledge::tests::test_decaying_knowledge ... ok
test temporal::knowledge::tests::test_physical_constant ... ok
test temporal::knowledge::tests::test_revalidate ... ok
test temporal::knowledge::tests::test_time_to_threshold ... ok
test temporal::knowledge::tests::test_timeless_knowledge ... ok
test temporal::knowledge::tests::test_update_value ... ok
test temporal::knowledge::tests::test_valid_for ... ok
test temporal::knowledge::tests::test_with_half_life ... ok
test temporal::operators::tests::test_at_operator ... ok
test temporal::operators::tests::test_always_operator ... ok
test temporal::operators::tests::test_eventually_operator ... ok
test temporal::operators::tests::test_historically_with_history ... ok
test temporal::operators::tests::test_historically_with_inconsistency ... ok
test temporal::operators::tests::test_project_trajectory ... ok
test temporal::operators::tests::test_until_operator ... ok
test temporal::types::tests::test_temporal_combine_timeless ... ok
test temporal::operators::tests::test_since_operator ... ok
test temporal::types::tests::test_temporal_instant ... ok
test temporal::types::tests::test_temporal_interval ... ok
test temporal::types::tests::test_temporal_timeless ... ok
test temporal::types::tests::test_version_bump ... ok
test temporal::types::tests::test_version_compatibility ... ok
test temporal::types::tests::test_version_ordering ... ok
test temporal::types::tests::test_version_parse ... ok
test temporal::versioning::tests::test_all_versions ... ok
test temporal::versioning::tests::test_at_version ... ok
test temporal::versioning::tests::test_builder ... ok
test temporal::versioning::tests::test_major_release ... ok
test temporal::versioning::tests::test_initial_version ... ok
test temporal::versioning::tests::test_minor_release ... ok
test temporal::versioning::tests::test_patch_release ... ok
test temporal::versioning::tests::test_timeline ... ok
test test::attrs::tests::test_combined_attributes ... ok
test test::attrs::tests::test_parse_bench_attr ... ok
test test::attrs::tests::test_parse_fixture_with_scope ... ok
test test::attrs::tests::test_parse_ignore_with_reason ... ok
test test::attrs::tests::test_parse_should_panic_expected ... ok
test test::attrs::tests::test_parse_test_attr ... ok
test test::attrs::tests::test_parse_tags ... ok
test test::attrs::tests::test_parse_timeout ... ok
test test::bench::tests::test_bench_comparison ... ok
test test::bench::tests::test_bench_stats_display ... ok
test test::bench::tests::test_filter_outliers ... ok
test test::bench::tests::test_format_duration ... ok
test test::bench::tests::test_percentile ... ok
test test::coverage::tests::test_coverage_merge ... ok
test runtime::prob::tests::test_metropolis_hastings ... ok
test test::coverage::tests::test_extract_function_name ... ok
test test::coverage::tests::test_file_coverage_branch ... ok
test test::coverage::tests::test_file_coverage_line ... ok
test test::coverage::tests::test_coverage_thresholds ... ok
test test::coverage::tests::test_lcov_output ... ok
test test::coverage::tests::test_tracker_basic ... ok
test test::discovery::tests::test_case_empty_module_path ... ok
test test::coverage::tests::test_html_output ... ok
test test::discovery::tests::test_case_full_name ... ok
test test::discovery::tests::test_filter_exact_match ... ok
test test::discovery::tests::test_filter_ignored ... ok
test test::discovery::tests::test_filter_matches_pattern ... ok
test test::discovery::tests::test_filter_tags ... ok
test test::discovery::tests::test_suite_hierarchy ... ok
test test::runner::tests::test_outcome_success ... ok
test test::runner::tests::test_junit_output ... ok
test test::runner::tests::test_report_with_failures ... ok
test test::runner::tests::test_runner_config_defaults ... ok
test test::runner::tests::test_shuffle ... ok
test test::runner::tests::test_report_summary ... ok
test test::runner::tests::test_outcome_symbols ... ok
test tests::test_version ... ok
test tools::pybindgen::tests::test_type_to_ctypes ... ok
test tools::pybindgen::tests::test_type_to_python_hint ... ok
test typeck::coercion_insert::tests::test_coercion_inserter_new ... ok
test typeck::coercion_insert::tests::test_coercion_stats ... ok
test typeck::coercion_insert::tests::test_coercion_validator ... ok
test typeck::coercion_insert::tests::test_record_coercion ... ok
test typeck::coercion_insert::tests::test_take_coercions ... ok
test typeck::diagnostics::tests::test_coercion_warning ... ok
test typeck::diagnostics::tests::test_diagnostic_accumulator ... ok
test typeck::diagnostics::tests::test_format_types ... ok
test typeck::hooks::tests::test_is_ontological ... ok
test typeck::integration_tests::test_module_creation ... ok
test typeck::suggestions::tests::test_levenshtein_distance ... ok
test typeck::suggestions::tests::test_scored_suggestion_ordering ... ok
test typeck::suggestions::tests::test_suggestion_category ... ok
test typeck::threshold::tests::test_context_inference ... ok
test typeck::suggestions::tests::test_normalized_levenshtein ... ok
test typeck::threshold::tests::test_resolver_hierarchy ... ok
test typeck::threshold::tests::test_threshold_allows ... ok
test typeck::threshold::tests::test_threshold_levels ... ok
test typeck::threshold::tests::test_threshold_parsing ... ok
test typeck::unify_distance::tests::test_coercion_kind_display ... ok
test typeck::unify_distance::tests::test_identical_types_unify ... ok
test types::c_layout::tests::test_align_to ... ok
test types::c_layout::tests::test_array_layout ... ok
test types::c_layout::tests::test_c_compatibility_check ... ok
test types::c_layout::tests::test_c_type_generation ... ok
test types::c_layout::tests::test_empty_struct ... ok
test types::c_layout::tests::test_pointer_layout ... ok
test types::c_layout::tests::test_primitive_alignments ... ok
test types::c_layout::tests::test_primitive_sizes ... ok
test types::c_layout::tests::test_struct_layout_nested ... ok
test types::c_layout::tests::test_struct_layout_simple ... ok
test types::causal::tests::test_causal_confidence_factor ... ok
test types::c_layout::tests::test_struct_layout_with_padding ... ok
test types::causal::tests::test_d_separation_fork ... ok
test types::causal::tests::test_d_separation_chain ... ok
test types::causal::tests::test_dag_validation_simple ... ok
test types::causal::tests::test_dag_validation_cycle ... ok
test types::causal_id::tests::test_confidence_adjustment ... ok
test types::causal_id::tests::test_c_component_identification ... ok
test types::causal_id::tests::test_chain_conditional ... ok
test types::causal_id::tests::test_confidence_conditional ... ok
test types::causal_id::tests::test_confidence_frontdoor ... ok
test types::causal_id::tests::test_confidence_iv ... ok
test types::causal_id::tests::test_confidence_marginal ... ok
test types::causal_id::tests::test_confidence_product ... ok
test types::causal_id::tests::test_display_adjustment ... ok
test types::causal_id::tests::test_display_identification_result ... ok
test types::causal_id::tests::test_display_marginal ... ok
test types::causal_id::tests::test_diamond_adjustment ... ok
test types::causal_id::tests::test_display_not_identifiable ... ok
test types::causal_id::tests::test_confounded_backdoor_adjustment ... ok
test types::causal_id::tests::test_find_c_components_independent ... ok
test types::causal_id::tests::test_empty_treatment_marginal ... ok
test types::causal_id::tests::test_find_c_components_shared_parent ... ok
test types::causal_id::tests::test_no_confounding_conditional ... ok
test types::causal_id::tests::test_treatment_not_ancestor ... ok
test types::causal_id::tests::test_frontdoor_identification ... ok
test types::causal_id::tests::test_iv_identification ... ok
test types::causal_id::tests::test_minimal_adjustment ... ok
test types::core::tests::test_effect_masking_pattern ... ok
test types::core::tests::test_effect_set ... ok
test types::core::tests::test_effect_set_from_effects ... ok
test types::core::tests::test_effect_set_substitution ... ok
test types::core::tests::test_effect_set_subtract ... ok
test types::core::tests::test_effect_set_with_effect_vars ... ok
test types::core::tests::test_effect_set_union_with_vars ... ok
test types::core::tests::test_effect_var ... ok
test types::core::tests::test_free_vars ... ok
test types::core::tests::test_type_is_numeric ... ok
test types::dimension_solver::tests::test_binop_simplification ... ok
test types::dimension_solver::tests::test_broadcast ... ok
test types::dimension_solver::tests::test_broadcast_rank_extension ... ok
test types::dimension_solver::tests::test_matmul_mismatch ... ok
test types::dimension_solver::tests::test_concat_shape ... ok
test types::dimension_solver::tests::test_matmul_shape ... ok
test types::dimension_solver::tests::test_slice_shape ... ok
test types::dimension_solver::tests::test_matmul_shape_symbolic ... ok
test types::dimension_solver::tests::test_unify_symbolic ... ok
test types::dimension_solver::tests::test_unify_var ... ok
test types::dimension_solver::tests::test_unify_const ... ok
test types::effects::tests::test_residual_effects ... ok
test types::effects::tests::test_builtin_effects ... ok
test types::epistemic::tests::test_confidence_bound_satisfaction ... ok
test types::effects::tests::test_effect_inference ... ok
test types::epistemic::tests::test_knowledge_type_creation ... ok
test types::epistemic::tests::test_epistemic_checker ... ok
test types::epistemic::tests::test_knowledge_type_display ... ok
test types::epistemic::tests::test_propagation_rules ... ok
test types::erasure::tests::test_erasure_analyzer_ontological ... ok
test types::erasure::tests::test_erasure_analyzer_type_params ... ok
test types::erasure::tests::test_erasure_info_creation ... ok
test types::multiplicity::tests::test_check_consumed ... ok
test types::multiplicity::tests::test_display ... ok
test types::erasure::tests::test_erasure_set ... ok
test types::erasure::tests::test_erasure_stats ... ok
test types::erasure::tests::test_erasure_scopes ... ok
test types::multiplicity::tests::test_is_runtime_relevant ... ok
test types::multiplicity::tests::test_multiplicity_context_erased ... ok
test types::multiplicity::tests::test_multiplicity_context_linear ... ok
test types::multiplicity::tests::test_multiplicity_context_unrestricted ... ok
test types::multiplicity::tests::test_multiplicity_semiring_addition ... ok
test types::multiplicity::tests::test_multiplicity_semiring_multiplication ... ok
test types::multiplicity::tests::test_permits ... ok
test types::multiplicity::tests::test_qtype_creation ... ok
test types::ontology_erasure::tests::test_compilation_erasure ... ok
test types::ontology_erasure::tests::test_erased_representation ... ok
test types::ontology_erasure::tests::test_global_stats ... ok
test types::ontology_erasure::tests::test_ontological_type ... ok
test types::ontology_erasure::tests::test_ontology_erasure_analyzer ... ok
test types::ownership::tests::test_borrow_state ... ok
test types::ownership::tests::test_ownership_primitives ... ok
test types::ownership::tests::test_ownership_string ... ok
test types::pac::tests::test_finite_sample_complexity ... ok
test types::pac::tests::test_generalization_bound ... ok
test types::pac::tests::test_hypothesis_class_decision_stump ... ok
test types::pac::tests::test_hypothesis_class_linear ... ok
test types::pac::tests::test_invalid_inputs ... ok
test types::pac::tests::test_pac_bayes_bound ... ok
test types::pac::tests::test_sample_complexity_basic ... ok
test types::pac::tests::test_sample_complexity_monotonic_in_delta ... ok
test types::pac::tests::test_sample_complexity_monotonic_in_epsilon ... ok
test types::pac::tests::test_sample_complexity_monotonic_in_vc_dim ... ok
test types::pac::tests::test_vc_dim_expr_eval ... ok
test types::pac::tests::test_vc_dim_expr_neural_network ... ok
test types::pac::tests::test_vc_dimension_display ... ok
test types::refinement::tests::test_medical_refinements ... ok
test types::refinement::tests::test_predicate_construction ... ok
test types::refinement::tests::test_smt_arithmetic ... ok
test types::refinement::tests::test_smt_conjunction ... ok
test types::refinement::tests::test_smt_disjunction ... ok
test types::refinement::tests::test_smt_simple_comparison ... ok
test types::refinement::tests::test_smt_subtype_check ... ok
test types::refinement::tests::test_smt_trivially_false ... ok
test types::refinement::tests::test_smt_implication ... ok
test types::refinement::tests::test_smt_trivially_true ... ok
test types::refinement::tests::test_smt_with_path_condition ... ok
test types::refinement::tests::test_substitution ... ok
test types::semantic::tests::test_semantic_type_builder ... ok
test types::semantic::tests::test_semantic_type_creation ... ok
test types::tropical::tests::test_parallel_compose_time ... ok
test types::tropical::tests::test_sequential_compose_time ... ok
test types::semantic::tests::test_compatibility_same_type ... ok
test types::tropical::tests::test_tropical_add_basic ... ok
test types::tropical::tests::test_tropical_identities ... ok
test types::tropical::tests::test_tropical_identity_matrix ... ok
test types::tropical::tests::test_tropical_matrix_mul ... ok
test types::tropical::tests::test_tropical_mul_basic ... ok
test types::tropical::tests::test_tropical_number_add ... ok
test types::tropical::tests::test_tropical_number_mul ... ok
test types::tropical::tests::test_tropical_power_identity ... ok
test types::tropical::tests::test_type_mismatch_sequential ... ok
test types::unit_infer::tests::test_inference_basic ... ok
test types::unit_infer::tests::test_unit_expr_evaluate ... ok
test types::unit_infer::tests::test_inference_binary_div ... ok
test types::unit_infer::tests::test_inference_binary_add ... ok
test types::unit_infer::tests::test_unit_var_substitution ... ok
test types::units::tests::test_medical_units ... ok
test types::unit_infer::tests::test_inference_mismatch ... ok
test types::units::tests::test_unit_compatible ... ok
test types::units::tests::test_unit_conversion ... ok
test types::units::tests::test_unit_checker ... ok
test types::units::tests::test_unit_format ... ok
test types::units::tests::test_unit_power ... ok
test types::units::tests::test_unit_multiply ... ok
test units::check::tests::test_check_multiply ... ok
test units::check::tests::test_sqrt_dimension ... ok
test units::check::tests::test_unification_different_dimension ... ok
test units::check::tests::test_additive_check ... ok
test units::check::tests::test_unification_same_dimension ... ok
test units::convert::tests::test_are_compatible ... ok
test units::convert::tests::test_clearance_conversions ... ok
test units::check::tests::test_unit_lookup ... ok
test units::convert::tests::test_concentration_conversions ... ok
test units::check::tests::test_variable_unification ... ok
test units::convert::tests::test_mass_conversions ... ok
test units::convert::tests::test_conversion_factor ... ok
test units::convert::tests::test_operation_compatibility ... ok
test units::convert::tests::test_parse_unit_expression ... ok
test units::convert::tests::test_temperature_conversions ... ok
test units::convert::tests::test_time_conversions ... ok
test units::dimension::tests::test_clearance ... ok
test units::dimension::tests::test_concentration ... ok
test units::dimension::tests::test_dimension_div ... ok
test units::dimension::tests::test_dimension_mul ... ok
test units::dimension::tests::test_display ... ok
test units::dimension::tests::test_named ... ok
test units::dimension::tests::test_power ... ok
test units::dimension::tests::test_recip ... ok
test units::dimension::tests::test_sqrt ... ok
test units::epistemic::tests::test_confidence_propagation_rules ... ok
test units::epistemic::tests::test_quantified_knowledge_creation ... ok
test units::epistemic::tests::test_scalar_multiplication ... ok
test units::pkpd::tests::test_auc_dimensions ... ok
test units::pkpd::tests::test_clearance_conversion ... ok
test units::pkpd::tests::test_clearance_dimensions ... ok
test units::pkpd::tests::test_concentration_dimensions ... ok
test units::quantity::tests::test_comparison ... ok
test units::pkpd::tests::test_concentration_scales ... ok
test units::quantity::tests::test_display ... ok
test units::quantity::tests::test_dynamic_quantity ... ok
test units::pkpd::tests::test_symbol_parsing ... ok
test units::quantity::tests::test_float_operations ... ok
test units::quantity::tests::test_quantity_creation ... ok
test units::quantity::tests::test_same_unit_addition ... ok
test units::quantity::tests::test_scalar_multiplication ... ok
test units::quantity::tests::test_with_unit ... ok
test units::si::base::tests::test_dimensionless ... ok
test units::si::base::tests::test_si_base_dimensions ... ok
test units::si::base::tests::test_si_base_scale ... ok
test units::si::derived::tests::test_derived_dimensions ... ok
test units::si::derived::tests::test_temperature_conversion ... ok
test units::si::derived::tests::test_energy_conversion ... ok
test units::si::prefixes::tests::test_mass_conversions ... ok
test units::si::prefixes::tests::test_time_conversions ... ok
test units::si::prefixes::tests::test_volume_conversions ... ok
test vm::serialize::tests::test_empty_program ... ok
test vm::serialize::tests::test_invalid_magic ... ok
test vm::serialize::tests::test_roundtrip_simple ... ok
test vm::serialize::tests::test_unsupported_version ... ok
test vm::serialize::tests::test_roundtrip_all_instructions ... ok
test watch::buildscript::tests::test_build_api_functions ... ok
test vm::tests::local_slot_store_and_load_roundtrip ... ok
test watch::buildscript::tests::test_build_script_config_default ... ok
test vm::tests::pointer_store_and_load_still_work ... ok
test watch::buildscript::tests::test_parse_instruction_cfg ... ok
test watch::buildscript::tests::test_parse_instruction_link_lib ... ok
test watch::buildscript::tests::test_parse_instruction_rerun_if_changed ... ok
test watch::buildscript::tests::test_parse_instruction_warning ... ok
test watch::devserver::tests::test_cors_config ... ok
test watch::devserver::tests::test_content_type_guessing ... ok
test watch::devserver::tests::test_dev_server_config_default ... ok
test watch::devserver::tests::test_http_response ... ok
test watch::devserver::tests::test_url_decode ... ok
test watch::devserver::tests::test_websocket_frame_encoding ... ok
test watch::hooks::tests::test_builtin_echo ... ok
test watch::hooks::tests::test_hook_context_env ... ok
test watch::hooks::tests::test_hook_condition_env ... ok
test watch::hooks::tests::test_hook_manager_register ... ok
test watch::hooks::tests::test_hook_point_roundtrip ... ok
test watch::hooks::tests::test_hook_condition_logic ... ok
test watch::hotreload::tests::test_function_update_serialization ... ok
test watch::hooks::tests::test_hook_priority ... ok
test watch::hotreload::tests::test_hot_reload_config_default ... ok
test watch::hotreload::tests::test_hot_reload_runtime ... ok
test watch::mode::tests::test_build_result_default ... ok
test watch::hotreload::tests::test_reload_message_serialization ... ok
test watch::mode::tests::test_watch_mode_config_default ... ok
test watch::mode::tests::test_watch_state_display ... ok
test watch::mode::tests::test_watch_stats ... ok
test watch::tests::test_hook_point_values ... ok
test watch::tests::test_module_exports ... ok
test watch::watcher::tests::test_should_include ... ok
test watch::watcher::tests::test_watch_config_builder ... ok
test watch::watcher::tests::test_watch_config_default ... ok
test watch::watcher::tests::test_poll_backend_file_detection ... ok
test watch::watcher::tests::test_watcher_creation ... ok
test runtime::pde::tests::test_diffusion_reaction ... ok
test watch::watcher::tests::test_debouncer ... ok
test runtime::prob::tests::test_coin_flip_inference ... ok
test compiler_loader::tests::test_cross_module_compilation ... ok
test test::bench::tests::test_bencher_iter ... ok
test epistemic::wasserstein::tests::test_wasserstein_symmetry ... ok
test compiler_loader::tests::test_driver_multimodule_pipeline_fails_closed_with_explicit_stub_diag ... ok
test ontology::embedding::models::pretrained::tests::test_save_and_load ... ok
test compiler_loader::tests::test_driver_run_pipeline_native_stage_returns_explicit_failure_code ... ok
test compiler_loader::tests::test_driver_source_pipeline_strict_rejects_fallback_when_driver_unavailable ... ok
test compiler_loader::tests::test_selfhost_pipeline_ghost_without_rust_request_stays_driver ... ok
test compiler_loader::tests::test_selfhost_pipeline_rust_requires_ghost_mode ... ok
test ontology::embedding::models::hybrid::tests::test_hybrid_generator ... ok
test epistemic::wasserstein::tests::test_triangle_inequality ... ok
test ontology::embedding::models::structural::tests::test_structural_generator_basic ... ok
test ontology::loader::loader_cache::tests::test_cache_persistence ... ok
test ontology::embedding::models::structural::tests::test_structural_generator_siblings_closer ... ok
test runtime::stiff::tests::test_bdf_stiff_system ... ok
test runtime::stiff::tests::test_solve_stiff_convenience ... ok
test runtime::stiff::tests::test_lsoda_switching ... ok

test result: ok. 4846 passed; 0 failed; 7 ignored; 0 measured; 0 filtered out; finished in 5.45s

     Running unittests src/bin/sedenion_kg_validator.rs (artifacts/diagnostic/final-20260220T115414Z/cargo-target/debug/deps/sedenion_kg_validator-f57fa40d77d1f469)

running 0 tests

test result: ok. 0 passed; 0 failed; 0 ignored; 0 measured; 0 filtered out; finished in 0.00s

     Running unittests src/main.rs (artifacts/diagnostic/final-20260220T115414Z/cargo-target/debug/deps/souc-bf79c4707f13f5f5)

running 0 tests

test result: ok. 0 passed; 0 failed; 0 ignored; 0 measured; 0 filtered out; finished in 0.00s

     Running unittests src/bin/sounio-ontology-build.rs (artifacts/diagnostic/final-20260220T115414Z/cargo-target/debug/deps/sounio_ontology_build-2f150eef0f1abd84)

running 0 tests

test result: ok. 0 passed; 0 failed; 0 ignored; 0 measured; 0 filtered out; finished in 0.00s

     Running unittests src/bin/souniodoc.rs (artifacts/diagnostic/final-20260220T115414Z/cargo-target/debug/deps/souniodoc-e7508775e190abb4)

running 0 tests

test result: ok. 0 passed; 0 failed; 0 ignored; 0 measured; 0 filtered out; finished in 0.00s

     Running tests/async_integration.rs (artifacts/diagnostic/final-20260220T115414Z/cargo-target/debug/deps/async_integration-9095d5297862f1fc)

running 9 tests
test test_async_channel_mock ... ok
test test_cancellation ... ok
test test_future_polling ... ok
test test_join_all ... ok
test test_select_first_ready ... ok
test test_task_queue ... ok
test test_state_machine_transitions ... ok
test test_waker_notification ... ok
test test_timeout_mock ... ok

test result: ok. 9 passed; 0 failed; 0 ignored; 0 measured; 0 filtered out; finished in 0.02s

     Running tests/backend_e2e.rs (artifacts/diagnostic/final-20260220T115414Z/cargo-target/debug/deps/backend_e2e-58c54886a79520ec)

running 0 tests

test result: ok. 0 passed; 0 failed; 0 ignored; 0 measured; 0 filtered out; finished in 0.00s

     Running tests/backend_native_tests.rs (artifacts/diagnostic/final-20260220T115414Z/cargo-target/debug/deps/backend_native_tests-10cd61abe9e710ed)

running 8 tests
test test_epistemic_degradation ... ok
test test_cycle_model_skylake ... ok
test test_native_backend_creation ... ok
test test_metrics_estimator ... ok
test test_power_model_7nm ... ok
test test_register_allocator ... ok
test test_thermal_arrhenius ... ok
test test_thermal_state_accumulation ... ok

test result: ok. 8 passed; 0 failed; 0 ignored; 0 measured; 0 filtered out; finished in 0.00s

     Running tests/causal_epistemic_smt_composition.rs (artifacts/diagnostic/final-20260220T115414Z/cargo-target/debug/deps/causal_epistemic_smt_composition-d8e911c496e79516)

running 0 tests

test result: ok. 0 passed; 0 failed; 0 ignored; 0 measured; 0 filtered out; finished in 0.00s

     Running tests/darwin_atlas_integration.rs (artifacts/diagnostic/final-20260220T115414Z/cargo-target/debug/deps/darwin_atlas_integration-12d82231dc45c990)

running 5 tests
test test_darwin_atlas_exact_symmetry ... ignored, Requires Darwin Atlas to be available at /tmp/darwin-atlas
test test_darwin_atlas_lib ... ignored, Requires Darwin Atlas to be available at /tmp/darwin-atlas
test test_darwin_atlas_multi_file ... ignored, Requires Darwin Atlas to be available and multiple file linking
test test_darwin_atlas_operators ... ignored, Requires Darwin Atlas to be available at /tmp/darwin-atlas
test test_darwin_atlas_quaternion ... ignored, Requires Darwin Atlas to be available at /tmp/darwin-atlas

test result: ok. 0 passed; 0 failed; 5 ignored; 0 measured; 0 filtered out; finished in 0.00s

     Running tests/e2e_tests.rs (artifacts/diagnostic/final-20260220T115414Z/cargo-target/debug/deps/e2e_tests-fb0506843df7ec58)

running 137 tests
test e2e::diagnostics::test_error_multispan ... ok
test e2e::cross_ontology::test_phenotype_cross_species ... ok
test e2e::cross_ontology::test_chebi_rxnorm_alignment ... ok
test e2e::cross_ontology::test_transitive_coercion ... ok
test e2e::diagnostics::test_error_includes_distance ... ok
test e2e::cross_ontology::test_transitive_distance_accumulates ... ok
test e2e::cross_ontology::test_hierarchical_alignment ... ok
test e2e::cross_ontology::test_boundary_threshold ... ok
test e2e::cross_ontology::test_mondo_doid_alignment ... ok
test e2e::cross_ontology::test_chebi_drugbank_alignment ... ok
test e2e::cross_ontology::test_self_alignment ... ok
test e2e::cross_ontology::test_over_boundary_threshold ... ok
test e2e::cross_ontology::test_distance_suggestion_provided ... ok
test e2e::cross_ontology::test_three_ontology_integration ... ok
test e2e::cross_ontology::test_distance_components_reported ... ok
test e2e::cross_ontology::test_unit_alignment ... ok
test e2e::cross_ontology::test_zero_distance_alignment ... ok
test e2e::diagnostics::test_actionable_fix ... ok
test e2e::cross_ontology::test_alignment_threshold_exceeded ... ok
test e2e::cross_ontology::test_many_alignments_performance ... ok
test e2e::diagnostics::test_error_suggests_similar ... ok
test e2e::cross_ontology::test_mondo_omim_alignment ... ok
test e2e::diagnostics::test_help_common_mistakes ... ok
test e2e::diagnostics::test_error_shows_both_types ... ok
test e2e::diagnostics::test_error_location_undefined_ontology ... ok
test e2e::diagnostics::test_first_error_relevant ... ok
test e2e::diagnostics::test_error_location_type_mismatch ... ok
test e2e::diagnostics::test_error_count_summary ... ok
test e2e::diagnostics::test_ontology_load_error ... ok
test e2e::diagnostics::test_warning_loose_threshold ... ok
test e2e::diagnostics::test_hierarchy_explanation ... ok
test e2e::diagnostics::test_invalid_ontology_term ... ok
test e2e::diagnostics::test_warning_unused_import ... ok
test e2e::diagnostics::test_multiline_context ... ok
test e2e::diagnostics::test_suggests_threshold_adjustment ... ok
test e2e::diagnostics::test_suggests_explicit_cast ... ok
test e2e::diagnostics::test_human_format ... ok
test e2e::diagnostics::test_json_format ... ok
test e2e::diagnostics::test_shows_source_snippet ... ok
test e2e::edge_cases::test_comments_only ... ok
test e2e::edge_cases::test_comment_eof ... ok
test e2e::diagnostics::test_warning_deprecated_term ... ok
test e2e::edge_cases::test_asymmetric_alignment ... ok
test e2e::diagnostics::test_notes_provide_context ... ok
test e2e::edge_cases::test_compat_no_threshold ... ok
test e2e::edge_cases::test_conflicting_alignments ... ok
test e2e::edge_cases::test_nested_comments ... ok
test e2e::edge_cases::test_doc_comment ... ok
test e2e::edge_cases::test_deep_nesting ... ok
test e2e::edge_cases::test_escape_sequences ... ok
test e2e::edge_cases::test_circular_types ... ok
test e2e::edge_cases::test_excessive_whitespace ... ok
test e2e::edge_cases::test_error_recovery ... ok
test e2e::edge_cases::test_large_term_id ... ok
test e2e::edge_cases::test_infinite_size_struct ... ok
test e2e::edge_cases::test_long_identifier ... ok
test e2e::edge_cases::test_minimal_program ... ok
test e2e::edge_cases::test_long_line ... ok
test e2e::edge_cases::test_many_functions ... ok
test e2e::golden::generate_all_golden ... ignored
test e2e::edge_cases::test_threshold_negative ... ok
test e2e::edge_cases::test_duplicate_prefix ... ok
test e2e::edge_cases::test_crlf_endings ... ok
test e2e::edge_cases::test_empty_file ... ok
test e2e::edge_cases::test_mixed_line_endings ... ok
test e2e::edge_cases::test_multiple_compat ... ok
test e2e::edge_cases::test_many_types ... ok
test e2e::edge_cases::test_deep_blocks ... ok
test e2e::edge_cases::test_deep_type_nesting ... ok
test e2e::edge_cases::test_unicode_identifiers ... ok
test e2e::edge_cases::test_minimal_whitespace ... ok
test e2e::edge_cases::test_recursive_struct ... ok
test e2e::edge_cases::test_self_alignment ... ok
test e2e::edge_cases::test_self_referential_type ... ok
test e2e::edge_cases::test_threshold_one ... ok
test e2e::edge_cases::test_threshold_over_one ... ok
test e2e::edge_cases::test_special_chars_url ... ok
test e2e::edge_cases::test_zero_term_id ... ok
test e2e::edge_cases::test_type_error_recovery ... ok
test e2e::golden::golden_version_output ... ok
test e2e::edge_cases::test_unicode_strings ... ok
test e2e::edge_cases::test_whitespace_only ... ok
test e2e::golden::golden_help_output ... ok
test e2e::golden::golden_multiple_errors ... ok
test e2e::golden::golden_duplicate_type ... ok
test e2e::edge_cases::test_unknown_attribute ... ok
test e2e::golden::golden_alignment_suggestion ... ok
test e2e::golden::golden_cascading_errors ... FAILED
test e2e::golden::golden_coercion_chain ... ok
test e2e::edge_cases::test_threshold_zero ... ok
test e2e::golden::golden_did_you_mean ... ok
test e2e::performance::test_stress_combined ... ignored
test e2e::performance::test_stress_large_file ... ignored
test e2e::golden::golden_json_error ... ok
test e2e::golden::golden_pharma_mismatch ... ok
test e2e::performance::test_branch_scaling ... ok
test e2e::golden::golden_json_distance ... ok
test e2e::performance::test_expression_chain_performance ... ok
test e2e::golden::golden_loose_threshold ... ok
test e2e::performance::test_complex_structs ... ok
test e2e::performance::test_alignment_scaling ... ok
test e2e::golden::golden_type_mismatch_basic ... ok
test e2e::performance::test_loop_nesting_performance ... ok
test e2e::golden::golden_semantic_distance_error ... ok
test e2e::golden::golden_undefined_ontology ... ok
test e2e::golden::golden_unused_import ... ok
test e2e::performance::test_moderate_compile_time ... ok
test e2e::performance::test_nested_expression_performance ... ok
test e2e::performance::test_simple_compile_time ... ok
test e2e::performance::test_transitive_chain_performance ... ok
test e2e::performance::test_error_reporting_performance ... ok
test e2e::performance::test_trivial_compile_time ... ok
test e2e::pharmacology::test_compile_performance_simple ... ok
test e2e::performance::test_multi_ontology_performance ... ok
test e2e::pharmacology::test_adverse_reaction ... ok
test e2e::pharmacology::test_drug_indication ... ok
test e2e::golden::golden_threshold_suggestion ... ok
test e2e::performance::test_suggestion_generation_performance ... ok
test e2e::pharmacology::test_dosage_units ... ok
test e2e::pharmacology::test_drug_interaction ... ok
test e2e::pharmacology::test_drug_type_basic ... ok
test e2e::performance::test_recompile_unchanged ... ok
test e2e::performance::test_term_reference_scaling ... ok
test e2e::pharmacology::test_drug_type_mismatch_fails ... ok
test e2e::pharmacology::test_phenotype_basic ... ok
test e2e::performance::test_many_small_functions ... ok
test e2e::pharmacology::test_metabolite_pathway ... ok
test e2e::pharmacology::test_compile_performance_many_refs ... ok
test e2e::performance::test_type_scaling ... ok
test e2e::pharmacology::test_phenotype_disease_mapping ... ok
test e2e::pharmacology::test_pharmacokinetics ... ok
test e2e::pharmacology::test_phenotype_hierarchy_mismatch ... ok
test e2e::pharmacology::test_polypharmacy ... ok
test e2e::pharmacology::test_trial_eligibility ... ok
test e2e::performance::test_function_scaling ... ok
test e2e::performance::test_string_memory ... ok
test e2e::performance::test_large_file_memory ... ok

failures:

---- e2e::golden::golden_cascading_errors stdout ----

thread 'e2e::golden::golden_cascading_errors' (698181) panicked at crates/souc/tests/e2e/common/mod.rs:549:13:
Output differs from golden file "/home/demetrios/work/sounio/crates/souc/tests/golden/errors/cascading.txt"

Diff:
-7: error: Type mismatch: expected `undefined:drug`, found `chebi:15365`
+7: error: no alignment found between undefined:drug and chebi:15365 (different ontologies require explicit align declaration)
-13: error: no alignment found between undefined:drug and chebi:15365 (different ontologies require explicit align declaration)
+13: Error:   × Type errors:
-14:   --> /tmp/sounio_test_TEMP/cascade.dm:1:1
+14:   │ Undefined ontology prefix `undefined` in type `undefined:drug` (used in
-15:    |
+15:   │ Drug). Add `ontology undefined from "...";` declaration.
-16:   1 |
+16:   │ no alignment found between undefined:drug and chebi:15365 (different
-17:    |  ^
+17:   │ ontologies require explicit align declaration)
-19: Error:   × Type errors:
-20:   │ Undefined ontology prefix `undefined` in type `undefined:drug` (used in
-21:   │ Drug). Add `ontology undefined from "...";` declaration.
-22:   │ Type mismatch: expected `undefined:drug`, found `chebi:15365`
-23:   │ no alignment found between undefined:drug and chebi:15365 (different
-24:   │ ontologies require explicit align declaration)


Set UPDATE_GOLDEN=1 to update.
note: run with `RUST_BACKTRACE=1` environment variable to display a backtrace


failures:
    e2e::golden::golden_cascading_errors

test result: FAILED. 133 passed; 1 failed; 3 ignored; 0 measured; 0 filtered out; finished in 0.43s

error: test failed, to rerun pass `-p souc --test e2e_tests`
