model	seed	site	label	prob	pred	assoc
O-SSM	55555	NYU	1	0.474817	0	0.408664
O-SSM	55555	NYU	1	0.604307	1	0.778237
O-SSM	55555	NYU	1	0.51723	1	0.528336
O-SSM	55555	NYU	0	0.772751	1	1.342525
O-SSM	55555	NYU	0	0.532555	1	0.571663
O-SSM	55555	NYU	0	0.731601	1	1.186625
O-SSM	55555	UM_1	1	0.265857	0	1.693643
O-SSM	55555	UM_1	1	0.297938	0	1.399121
O-SSM	55555	UM_1	1	0.362936	0	0.852273
O-SSM	55555	UM_1	0	0.346331	0	0.987021
O-SSM	55555	UM_1	0	0.467941	0	0.045952
O-SSM	55555	UM_1	0	0.318962	0	1.216048
O-SSM	55555	UCLA_1	1	0.452958	0	1.112068
O-SSM	55555	UCLA_1	1	0.44217	0	1.043774
O-SSM	55555	UCLA_1	1	0.402733	0	0.790651
O-SSM	55555	UCLA_1	0	0.369137	0	0.568675
O-SSM	55555	UCLA_1	0	0.412526	0	0.854128
O-SSM	55555	UCLA_1	0	0.365209	0	0.542217
O-SSM	55555	YALE	1	0.492476	0	1.097922
O-SSM	55555	YALE	1	0.44568	0	0.883778
O-SSM	55555	YALE	1	0.368227	0	0.517427
O-SSM	55555	YALE	0	0.300945	0	0.172398
O-SSM	55555	YALE	0	0.367524	0	0.513987
O-SSM	55555	YALE	0	0.599564	1	1.591886
O-SSM	55555	PITT	1	0.36385	0	1.300934
O-SSM	55555	PITT	1	0.517884	1	2.660984
O-SSM	55555	PITT	1	0.352757	0	1.196815
O-SSM	55555	PITT	0	0.276631	0	0.432282
O-SSM	55555	PITT	0	0.299372	0	0.671693
O-SSM	55555	PITT	0	0.360514	0	1.269772
O-SSM	55555	USM	1	0.418544	0	0.392134
O-SSM	55555	USM	1	0.463277	0	0.75572
O-SSM	55555	USM	1	0.406979	0	0.296603
O-SSM	55555	USM	0	0.406452	0	0.292232
O-SSM	55555	USM	0	0.458521	0	0.717396
O-SSM	55555	USM	0	0.515761	1	1.176609
O-SSM	55555	MAX_MUN	1	0.333623	0	0.129244
O-SSM	55555	MAX_MUN	1	0.341827	0	0.48614
O-SSM	55555	MAX_MUN	1	0.3578	0	1.169545
O-SSM	55555	MAX_MUN	0	0.353551	0	0.989132
O-SSM	55555	MAX_MUN	0	0.34955	0	0.818375
O-SSM	55555	MAX_MUN	0	0.361184	0	1.312558
O-SSM	55555	TRINITY	1	0.320229	0	1.967804
O-SSM	55555	TRINITY	1	0.291157	0	1.020364
O-SSM	55555	TRINITY	1	0.303824	0	1.43941
O-SSM	55555	TRINITY	0	0.280469	0	0.658345
O-SSM	55555	TRINITY	0	0.279499	0	0.625075
O-SSM	55555	TRINITY	0	0.282696	0	0.734439
O-SSM	55555	KKI	1	0.458322	0	0.890233
O-SSM	55555	KKI	1	0.451495	0	1.10513
O-SSM	55555	KKI	1	0.464724	0	0.68913
O-SSM	55555	KKI	0	0.456367	0	0.95171
O-SSM	55555	KKI	0	0.457223	0	0.924771
O-SSM	55555	KKI	0	0.427716	0	1.858773
O-SSM	55555	STANFORD	1	0.17991	0	2.031709
O-SSM	55555	STANFORD	1	0.239966	0	1.153653
O-SSM	55555	STANFORD	1	0.051488	0	5.399822
O-SSM	55555	STANFORD	0	0.271572	0	0.752813
O-SSM	55555	STANFORD	0	0.234299	0	1.229197
O-SSM	55555	STANFORD	0	0.294453	0	0.48076
O-SSM	55555	CALTECH	1	0.349964	0	0.518735
O-SSM	55555	CALTECH	1	0.351468	0	0.589664
O-SSM	55555	CALTECH	0	0.363888	0	1.170079
O-SSM	55555	CALTECH	0	0.360611	0	1.017805
O-SSM	55555	LEUVEN_2	1	0.76275	1	1.553563
O-SSM	55555	LEUVEN_2	1	0.753446	1	1.345425
O-SSM	55555	LEUVEN_2	0	0.747068	1	1.205793
O-SSM	55555	LEUVEN_2	0	0.728836	1	0.818949
O-SSM	55555	OLIN	1	0.712822	1	0.965444
O-SSM	55555	OLIN	1	0.579346	1	0.193826
O-SSM	55555	OLIN	0	0.871807	1	2.285749
O-SSM	55555	OLIN	0	0.582578	1	0.211218
O-SSM	55555	SBL	1	0.657505	1	1.337602
O-SSM	55555	SBL	1	0.619156	1	1.160529
O-SSM	55555	SBL	0	0.717648	1	1.636541
O-SSM	55555	SBL	0	0.473609	0	0.530294
O-SSM	55555	LEUVEN_1	1	0.332478	0	0.840445
O-SSM	55555	LEUVEN_1	1	0.342046	0	0.872137
O-SSM	55555	LEUVEN_1	0	0.620955	1	1.721844
O-SSM	55555	LEUVEN_1	0	0.443017	0	1.186956
O-SSM	55555	SDSU	1	0.553137	1	0.399027
O-SSM	55555	SDSU	1	0.536763	1	0.742868
O-SSM	55555	SDSU	0	0.508377	1	1.335442
O-SSM	55555	SDSU	0	0.494395	0	1.626669
O-SSM	55555	CMU	1	0.288231	0	1.051649
O-SSM	55555	CMU	1	0.258761	0	0.144493
O-SSM	55555	CMU	0	0.266821	0	0.398772
O-SSM	55555	CMU	0	0.269099	0	0.469738
O-SSM	55555	UCLA_2	1	0.385237	0	0.855525
O-SSM	55555	UCLA_2	1	0.463987	0	1.172
O-SSM	55555	UCLA_2	0	0.274633	0	0.361951
O-SSM	55555	UCLA_2	0	0.414905	0	0.976651
O-SSM	55555	UM_2	1	0.391996	0	2.637236
O-SSM	55555	UM_2	1	0.471711	0	0.901494
O-SSM	55555	UM_2	0	0.44897	0	1.389503
O-SSM	55555	UM_2	0	0.497517	0	0.350681
O-SSM	55555	OHSU	1	0.856477	1	1.465784
O-SSM	55555	OHSU	1	0.724718	1	0.758419
O-SSM	55555	OHSU	0	0.79945	1	1.117029
O-SSM	55555	OHSU	0	0.842053	1	1.368321
O-SSM	11111	NYU	1	0.371509	0	0.361746
O-SSM	11111	NYU	1	0.378404	0	0.379762
O-SSM	11111	NYU	1	0.391126	0	0.412674
O-SSM	11111	NYU	0	0.807907	1	1.563332
O-SSM	11111	NYU	0	0.527128	1	0.750208
O-SSM	11111	NYU	0	0.728123	1	1.286943
O-SSM	11111	UM_1	1	0.432971	0	1.373215
O-SSM	11111	UM_1	1	0.411118	0	1.51471
O-SSM	11111	UM_1	1	0.549542	1	0.633318
O-SSM	11111	UM_1	0	0.504716	1	0.917482
O-SSM	11111	UM_1	0	0.633573	1	0.082605
O-SSM	11111	UM_1	0	0.48532	0	1.040024
O-SSM	11111	UCLA_1	1	0.540637	1	1.570509
O-SSM	11111	UCLA_1	1	0.530273	1	1.297358
O-SSM	11111	UCLA_1	1	0.52689	1	1.208365
O-SSM	11111	UCLA_1	0	0.512117	1	0.820349
O-SSM	11111	UCLA_1	0	0.546828	1	1.734122
O-SSM	11111	UCLA_1	0	0.504041	1	0.608515
O-SSM	11111	YALE	1	0.369263	0	1.045962
O-SSM	11111	YALE	1	0.432783	0	0.566431
O-SSM	11111	YALE	1	0.435001	0	0.550085
O-SSM	11111	YALE	0	0.483323	0	0.197522
O-SSM	11111	YALE	0	0.425223	0	0.622303
O-SSM	11111	YALE	0	0.383803	0	0.933819
O-SSM	11111	PITT	1	0.741929	1	0.828215
O-SSM	11111	PITT	1	0.773945	1	1.232741
O-SSM	11111	PITT	1	0.764353	1	1.107645
O-SSM	11111	PITT	0	0.778235	1	1.289907
O-SSM	11111	PITT	0	0.73963	1	0.800484
O-SSM	11111	PITT	0	0.79135	1	1.469774
O-SSM	11111	USM	1	0.2848	0	0.363275
O-SSM	11111	USM	1	0.278032	0	0.719675
O-SSM	11111	USM	1	0.285823	0	0.309834
O-SSM	11111	USM	0	0.288761	0	0.15708
O-SSM	11111	USM	0	0.27873	0	0.682653
O-SSM	11111	USM	0	0.262674	0	1.548821
O-SSM	11111	MAX_MUN	1	0.238517	0	0.156961
O-SSM	11111	MAX_MUN	1	0.259233	0	0.658682
O-SSM	11111	MAX_MUN	1	0.287926	0	1.312515
O-SSM	11111	MAX_MUN	0	0.271953	0	0.953854
O-SSM	11111	MAX_MUN	0	0.258707	0	0.646285
O-SSM	11111	MAX_MUN	0	0.306529	0	1.715651
O-SSM	11111	TRINITY	1	0.641329	1	1.672081
O-SSM	11111	TRINITY	1	0.614416	1	0.760772
O-SSM	11111	TRINITY	1	0.637337	1	1.535135
O-SSM	11111	TRINITY	0	0.608175	1	0.553027
O-SSM	11111	TRINITY	0	0.6104	1	0.626963
O-SSM	11111	TRINITY	0	0.633037	1	1.388391
O-SSM	11111	KKI	1	0.782898	1	1.261916
O-SSM	11111	KKI	1	0.718772	1	1.02611
O-SSM	11111	KKI	1	0.601736	1	0.666041
O-SSM	11111	KKI	0	0.816512	1	1.405936
O-SSM	11111	KKI	0	0.798563	1	1.326786
O-SSM	11111	KKI	0	0.880686	1	1.752568
O-SSM	11111	STANFORD	1	0.296087	0	1.22144
O-SSM	11111	STANFORD	1	0.296136	0	1.224145
O-SSM	11111	STANFORD	1	0.359947	0	4.503881
O-SSM	11111	STANFORD	0	0.289542	0	0.864183
O-SSM	11111	STANFORD	0	0.29275	0	1.039913
O-SSM	11111	STANFORD	0	0.282969	0	0.50059
O-SSM	11111	CALTECH	1	0.569146	1	0.540313
O-SSM	11111	CALTECH	1	0.56243	1	0.677579
O-SSM	11111	CALTECH	0	0.550134	1	0.9277
O-SSM	11111	CALTECH	0	0.555032	1	0.828223
O-SSM	11111	LEUVEN_2	1	0.277975	0	1.710623
O-SSM	11111	LEUVEN_2	1	0.344746	0	1.068382
O-SSM	11111	LEUVEN_2	0	0.303814	0	1.452907
O-SSM	11111	LEUVEN_2	0	0.324896	0	1.251705
O-SSM	11111	OLIN	1	0.54196	1	1.179322
O-SSM	11111	OLIN	1	0.362999	0	0.159292
O-SSM	11111	OLIN	0	0.648021	1	1.79658
O-SSM	11111	OLIN	0	0.367203	0	0.184614
O-SSM	11111	SBL	1	0.386022	0	1.263482
O-SSM	11111	SBL	1	0.405721	0	1.426977
O-SSM	11111	SBL	0	0.440508	0	1.709947
O-SSM	11111	SBL	0	0.312986	0	0.624171
O-SSM	11111	LEUVEN_1	1	0.703325	1	1.081659
O-SSM	11111	LEUVEN_1	1	0.667839	1	0.643465
O-SSM	11111	LEUVEN_1	0	0.724243	1	1.354062
O-SSM	11111	LEUVEN_1	0	0.724945	1	1.363427
O-SSM	11111	SDSU	1	0.413557	0	0.472121
O-SSM	11111	SDSU	1	0.413629	0	0.489429
O-SSM	11111	SDSU	0	0.416276	0	1.123162
O-SSM	11111	SDSU	0	0.418174	0	1.577101
O-SSM	11111	CMU	1	0.355519	0	1.3307
O-SSM	11111	CMU	1	0.328116	0	0.134963
O-SSM	11111	CMU	0	0.341456	0	0.722814
O-SSM	11111	CMU	0	0.33979	0	0.650045
O-SSM	11111	UCLA_2	1	0.547797	1	1.297675
O-SSM	11111	UCLA_2	1	0.482962	0	0.95299
O-SSM	11111	UCLA_2	0	0.354111	0	0.246479
O-SSM	11111	UCLA_2	0	0.524155	1	1.171604
O-SSM	11111	UM_2	1	0.746185	1	2.444084
O-SSM	11111	UM_2	1	0.618903	1	1.130637
O-SSM	11111	UM_2	0	0.650718	1	1.434501
O-SSM	11111	UM_2	0	0.550449	1	0.505618
O-SSM	11111	OHSU	1	0.54996	1	1.088333
O-SSM	11111	OHSU	1	0.540792	1	0.939824
O-SSM	11111	OHSU	0	0.544539	1	1.000467
O-SSM	11111	OHSU	0	0.539865	1	0.924845
O-SSM	99887	NYU	1	0.251559	0	0.350344
O-SSM	99887	NYU	1	0.287354	0	0.519332
O-SSM	99887	NYU	1	0.242028	0	0.302748
O-SSM	99887	NYU	0	0.569555	1	1.622385
O-SSM	99887	NYU	0	0.336076	0	0.730454
O-SSM	99887	NYU	0	0.46967	0	1.249684
O-SSM	99887	UM_1	1	0.514315	1	1.597039
O-SSM	99887	UM_1	1	0.462398	0	1.285474
O-SSM	99887	UM_1	1	0.351406	0	0.593078
O-SSM	99887	UM_1	0	0.377542	0	0.762175
O-SSM	99887	UM_1	0	0.279636	0	0.093591
O-SSM	99887	UM_1	0	0.427645	0	1.074576
O-SSM	99887	UCLA_1	1	0.42752	0	1.293516
O-SSM	99887	UCLA_1	1	0.43008	0	1.314246
O-SSM	99887	UCLA_1	1	0.420307	0	1.234929
O-SSM	99887	UCLA_1	0	0.361972	0	0.748376
O-SSM	99887	UCLA_1	0	0.410972	0	1.158695
O-SSM	99887	UCLA_1	0	0.335443	0	0.516602
O-SSM	99887	YALE	1	0.557219	1	1.217188
O-SSM	99887	YALE	1	0.465106	0	0.723142
O-SSM	99887	YALE	1	0.425529	0	0.5089
O-SSM	99887	YALE	0	0.367211	0	0.182709
O-SSM	99887	YALE	0	0.415247	0	0.452506
O-SSM	99887	YALE	0	0.492026	0	0.867347
O-SSM	99887	PITT	1	0.254466	0	0.996282
O-SSM	99887	PITT	1	0.183872	0	1.839866
O-SSM	99887	PITT	1	0.272482	0	0.807684
O-SSM	99887	PITT	0	0.297086	0	0.562259
O-SSM	99887	PITT	0	0.279995	0	0.731365
O-SSM	99887	PITT	0	0.248607	0	1.059484
O-SSM	99887	USM	1	0.492045	0	0.362954
O-SSM	99887	USM	1	0.538031	1	0.902907
O-SSM	99887	USM	1	0.478511	0	0.204154
O-SSM	99887	USM	0	0.483917	0	0.26761
O-SSM	99887	USM	0	0.531722	1	0.828586
O-SSM	99887	USM	0	0.598403	1	1.625028
O-SSM	99887	MAX_MUN	1	0.479039	0	0.144368
O-SSM	99887	MAX_MUN	1	0.593541	1	0.457337
O-SSM	99887	MAX_MUN	1	0.848863	1	1.36887
O-SSM	99887	MAX_MUN	0	0.780243	1	1.05853
O-SSM	99887	MAX_MUN	0	0.707268	1	0.798058
O-SSM	99887	MAX_MUN	0	0.869632	1	1.485255
O-SSM	99887	TRINITY	1	0.60301	1	1.44811
O-SSM	99887	TRINITY	1	0.568728	1	0.936417
O-SSM	99887	TRINITY	1	0.614088	1	1.616446
O-SSM	99887	TRINITY	0	0.547203	1	0.620466
O-SSM	99887	TRINITY	0	0.539978	1	0.515051
O-SSM	99887	TRINITY	0	0.57087	1	0.968056
O-SSM	99887	KKI	1	0.377877	0	1.151343
O-SSM	99887	KKI	1	0.370398	0	1.334222
O-SSM	99887	KKI	1	0.377116	0	1.169882
O-SSM	99887	KKI	0	0.372331	0	1.286819
O-SSM	99887	KKI	0	0.369706	0	1.351224
O-SSM	99887	KKI	0	0.327553	0	2.414966
O-SSM	99887	STANFORD	1	0.213194	0	2.082258
O-SSM	99887	STANFORD	1	0.334554	0	1.179815
O-SSM	99887	STANFORD	1	0.067522	0	4.008872
O-SSM	99887	STANFORD	0	0.406494	0	0.728414
O-SSM	99887	STANFORD	0	0.294822	0	1.449067
O-SSM	99887	STANFORD	0	0.48125	0	0.285395
O-SSM	99887	CALTECH	1	0.40646	0	0.553598
O-SSM	99887	CALTECH	1	0.404132	0	0.543463
O-SSM	99887	CALTECH	0	0.478339	0	0.859821
O-SSM	99887	CALTECH	0	0.472422	0	0.834935
O-SSM	99887	LEUVEN_2	1	0.62123	1	1.486667
O-SSM	99887	LEUVEN_2	1	0.614982	1	1.198808
O-SSM	99887	LEUVEN_2	0	0.612097	1	1.066516
O-SSM	99887	LEUVEN_2	0	0.613326	1	1.122805
O-SSM	99887	OLIN	1	0.707471	1	1.461453
O-SSM	99887	OLIN	1	0.32802	0	0.134316
O-SSM	99887	OLIN	0	0.824803	1	2.013857
O-SSM	99887	OLIN	0	0.337548	0	0.169905
O-SSM	99887	SBL	1	0.472455	0	1.807556
O-SSM	99887	SBL	1	0.366807	0	1.240542
O-SSM	99887	SBL	0	0.530023	1	2.107604
O-SSM	99887	SBL	0	0.286528	0	0.763699
O-SSM	99887	LEUVEN_1	1	0.334075	0	0.833648
O-SSM	99887	LEUVEN_1	1	0.334228	0	0.84864
O-SSM	99887	LEUVEN_1	0	0.334783	0	0.902901
O-SSM	99887	LEUVEN_1	0	0.336976	0	1.116893
O-SSM	99887	SDSU	1	0.363149	0	0.388304
O-SSM	99887	SDSU	1	0.47715	0	0.744197
O-SSM	99887	SDSU	0	0.793024	1	1.82999
O-SSM	99887	SDSU	0	0.68575	1	1.403966
O-SSM	99887	CMU	1	0.414606	0	1.402426
O-SSM	99887	CMU	1	0.384969	0	0.110536
O-SSM	99887	CMU	0	0.399559	0	0.750521
O-SSM	99887	CMU	0	0.394832	0	0.544082
O-SSM	99887	UCLA_2	1	0.557205	1	0.852163
O-SSM	99887	UCLA_2	1	0.563594	1	0.883214
O-SSM	99887	UCLA_2	0	0.460156	0	0.385812
O-SSM	99887	UCLA_2	0	0.610793	1	1.116528
O-SSM	99887	UM_2	1	0.974909	1	2.61107
O-SSM	99887	UM_2	1	0.782162	1	1.073084
O-SSM	99887	UM_2	0	0.762126	1	0.999502
O-SSM	99887	UM_2	0	0.574427	1	0.441256
O-SSM	99887	OHSU	1	0.284689	0	1.055546
O-SSM	99887	OHSU	1	0.305069	0	0.686719
O-SSM	99887	OHSU	0	0.253988	0	1.642901
O-SSM	99887	OHSU	0	0.259448	0	1.535247
O-SSM	22222	NYU	1	0.424028	0	0.438379
O-SSM	22222	NYU	1	0.441735	0	0.500477
O-SSM	22222	NYU	1	0.43755	0	0.485852
O-SSM	22222	NYU	0	0.640897	1	1.200676
O-SSM	22222	NYU	0	0.538929	1	0.83634
O-SSM	22222	NYU	0	0.771365	1	1.748843
O-SSM	22222	UM_1	1	0.439289	0	1.595876
O-SSM	22222	UM_1	1	0.459413	0	1.272978
O-SSM	22222	UM_1	1	0.485092	0	0.863889
O-SSM	22222	UM_1	0	0.468306	0	1.131022
O-SSM	22222	UM_1	0	0.533908	1	0.087886
O-SSM	22222	UM_1	0	0.449028	0	1.439279
O-SSM	22222	UCLA_1	1	0.254147	0	1.154847
O-SSM	22222	UCLA_1	1	0.248978	0	1.190111
O-SSM	22222	UCLA_1	1	0.262988	0	1.095593
O-SSM	22222	UCLA_1	0	0.323568	0	0.719096
O-SSM	22222	UCLA_1	0	0.280481	0	0.982005
O-SSM	22222	UCLA_1	0	0.337608	0	0.637585
O-SSM	22222	YALE	1	0.722603	1	1.408638
O-SSM	22222	YALE	1	0.568998	1	0.802636
O-SSM	22222	YALE	1	0.511352	1	0.595463
O-SSM	22222	YALE	0	0.398461	0	0.187716
O-SSM	22222	YALE	0	0.451349	0	0.380901
O-SSM	22222	YALE	0	0.724699	1	1.417983
O-SSM	22222	PITT	1	0.64741	1	1.037128
O-SSM	22222	PITT	1	0.791113	1	1.829625
O-SSM	22222	PITT	1	0.637409	1	0.989473
O-SSM	22222	PITT	0	0.597933	1	0.806365
O-SSM	22222	PITT	0	0.655183	1	1.074598
O-SSM	22222	PITT	0	0.797948	1	1.875458
O-SSM	22222	USM	1	0.320092	0	0.444902
O-SSM	22222	USM	1	0.288983	0	0.706093
O-SSM	22222	USM	1	0.339474	0	0.289045
O-SSM	22222	USM	0	0.35256	0	0.186272
O-SSM	22222	USM	0	0.298293	0	0.626318
O-SSM	22222	USM	0	0.201504	0	1.552995
O-SSM	22222	MAX_MUN	1	0.266633	0	0.181479
O-SSM	22222	MAX_MUN	1	0.265494	0	0.523966
O-SSM	22222	MAX_MUN	1	0.263119	0	1.241153
O-SSM	22222	MAX_MUN	0	0.264238	0	0.902731
O-SSM	22222	MAX_MUN	0	0.264494	0	0.825365
O-SSM	22222	MAX_MUN	0	0.263124	0	1.239424
O-SSM	22222	TRINITY	1	0.522732	1	1.412485
O-SSM	22222	TRINITY	1	0.586006	1	0.623519
O-SSM	22222	TRINITY	1	0.459743	0	2.188764
O-SSM	22222	TRINITY	0	0.583845	1	0.65091
O-SSM	22222	TRINITY	0	0.578735	1	0.715491
O-SSM	22222	TRINITY	0	0.542625	1	1.166638
O-SSM	22222	KKI	1	0.627295	1	1.173299
O-SSM	22222	KKI	1	0.6679	1	1.33185
O-SSM	22222	KKI	1	0.63487	1	1.202272
O-SSM	22222	KKI	0	0.711003	1	1.511314
O-SSM	22222	KKI	0	0.679707	1	1.379687
O-SSM	22222	KKI	0	0.934777	1	3.080371
O-SSM	22222	STANFORD	1	0.335588	0	2.093335
O-SSM	22222	STANFORD	1	0.559068	1	1.131172
O-SSM	22222	STANFORD	1	0.177437	0	2.982733
O-SSM	22222	STANFORD	0	0.595186	1	0.976385
O-SSM	22222	STANFORD	0	0.446183	0	1.605232
O-SSM	22222	STANFORD	0	0.724027	1	0.37103
O-SSM	22222	CALTECH	1	0.481858	0	0.517426
O-SSM	22222	CALTECH	1	0.4393	0	0.418298
O-SSM	22222	CALTECH	0	0.5092	1	0.580695
O-SSM	22222	CALTECH	0	0.624263	1	0.853017
O-SSM	22222	LEUVEN_2	1	0.754342	1	1.631738
O-SSM	22222	LEUVEN_2	1	0.74827	1	1.078911
O-SSM	22222	LEUVEN_2	0	0.752246	1	1.439938
O-SSM	22222	LEUVEN_2	0	0.748931	1	1.138689
O-SSM	22222	OLIN	1	0.212874	0	1.393862
O-SSM	22222	OLIN	1	0.203235	0	0.161201
O-SSM	22222	OLIN	0	0.212514	0	1.348521
O-SSM	22222	OLIN	0	0.203369	0	0.17866
O-SSM	22222	SBL	1	0.81214	1	2.160937
O-SSM	22222	SBL	1	0.701893	1	1.449282
O-SSM	22222	SBL	0	0.776456	1	1.904636
O-SSM	22222	SBL	0	0.537306	1	0.621476
O-SSM	22222	LEUVEN_1	1	0.294307	0	0.787714
O-SSM	22222	LEUVEN_1	1	0.296866	0	0.848665
O-SSM	22222	LEUVEN_1	0	0.34005	0	1.83658
O-SSM	22222	LEUVEN_1	0	0.309533	0	1.146054
O-SSM	22222	SDSU	1	0.322539	0	0.448721
O-SSM	22222	SDSU	1	0.345006	0	0.644837
O-SSM	22222	SDSU	0	0.522278	1	2.061854
O-SSM	22222	SDSU	0	0.441965	0	1.436313
O-SSM	22222	CMU	1	0.49916	0	1.416914
O-SSM	22222	CMU	1	0.376159	0	0.073598
O-SSM	22222	CMU	0	0.43965	0	0.77744
O-SSM	22222	CMU	0	0.426816	0	0.63771
O-SSM	22222	UCLA_2	1	0.556262	1	0.634386
O-SSM	22222	UCLA_2	1	0.621888	1	1.473394
O-SSM	22222	UCLA_2	0	0.532156	1	0.334067
O-SSM	22222	UCLA_2	0	0.597605	1	1.158028
O-SSM	22222	UM_2	1	0.695066	1	2.546281
O-SSM	22222	UM_2	1	0.403166	0	0.837913
O-SSM	22222	UM_2	0	0.608959	1	2.011135
O-SSM	22222	UM_2	0	0.322848	0	0.348493
O-SSM	22222	OHSU	1	0.537641	1	1.390792
O-SSM	22222	OHSU	1	0.498388	0	1.006169
O-SSM	22222	OHSU	0	0.491449	0	0.938291
O-SSM	22222	OHSU	0	0.504741	1	1.068304
O-SSM	44444	NYU	1	0.596501	1	0.430933
O-SSM	44444	NYU	1	0.634124	1	0.615111
O-SSM	44444	NYU	1	0.586092	1	0.381049
O-SSM	44444	NYU	0	0.841262	1	1.909467
O-SSM	44444	NYU	0	0.661568	1	0.754468
O-SSM	44444	NYU	0	0.772524	1	1.3941
O-SSM	44444	UM_1	1	0.567097	1	1.792347
O-SSM	44444	UM_1	1	0.547295	1	1.119307
O-SSM	44444	UM_1	1	0.538016	1	0.805784
O-SSM	44444	UM_1	0	0.533604	1	0.657059
O-SSM	44444	UM_1	0	0.516013	1	0.065537
O-SSM	44444	UM_1	0	0.546149	1	1.080515
O-SSM	44444	UCLA_1	1	0.320145	0	1.311137
O-SSM	44444	UCLA_1	1	0.322989	0	1.677667
O-SSM	44444	UCLA_1	1	0.317509	0	0.969924
O-SSM	44444	UCLA_1	0	0.314245	0	0.545146
O-SSM	44444	UCLA_1	0	0.316851	0	0.884493
O-SSM	44444	UCLA_1	0	0.315677	0	0.731785
O-SSM	44444	YALE	1	0.437327	0	1.237059
O-SSM	44444	YALE	1	0.386704	0	0.914037
O-SSM	44444	YALE	1	0.321815	0	0.475054
O-SSM	44444	YALE	0	0.280738	0	0.173362
O-SSM	44444	YALE	0	0.322601	0	0.480611
O-SSM	44444	YALE	0	0.455823	0	1.352647
O-SSM	44444	PITT	1	0.660793	1	1.293223
O-SSM	44444	PITT	1	0.842372	1	2.22593
O-SSM	44444	PITT	1	0.619406	1	1.127042
O-SSM	44444	PITT	0	0.541671	1	0.831325
O-SSM	44444	PITT	0	0.586675	1	1.000612
O-SSM	44444	PITT	0	0.647164	1	1.237554
O-SSM	44444	USM	1	0.444723	0	0.388539
O-SSM	44444	USM	1	0.564036	1	0.797409
O-SSM	44444	USM	1	0.418485	0	0.297331
O-SSM	44444	USM	0	0.378538	0	0.155156
O-SSM	44444	USM	0	0.58395	1	0.866855
O-SSM	44444	USM	0	0.758474	1	1.553448
O-SSM	44444	MAX_MUN	1	0.468425	0	0.107973
O-SSM	44444	MAX_MUN	1	0.53367	1	0.338353
O-SSM	44444	MAX_MUN	1	0.955822	1	2.929487
O-SSM	44444	MAX_MUN	0	0.729638	1	1.094597
O-SSM	44444	MAX_MUN	0	0.593263	1	0.552194
O-SSM	44444	MAX_MUN	0	0.693964	1	0.941154
O-SSM	44444	TRINITY	1	0.46524	0	1.171236
O-SSM	44444	TRINITY	1	0.411168	0	0.86864
O-SSM	44444	TRINITY	1	0.635008	1	2.125
O-SSM	44444	TRINITY	0	0.334847	0	0.418336
O-SSM	44444	TRINITY	0	0.335532	0	0.422564
O-SSM	44444	TRINITY	0	0.423239	0	0.93697
O-SSM	44444	KKI	1	0.536051	1	1.064851
O-SSM	44444	KKI	1	0.6277	1	1.586257
O-SSM	44444	KKI	1	0.449275	0	0.584637
O-SSM	44444	KKI	0	0.573666	1	1.275076
O-SSM	44444	KKI	0	0.520425	1	0.978333
O-SSM	44444	KKI	0	0.633553	1	1.620922
O-SSM	44444	STANFORD	1	0.520531	1	1.578367
O-SSM	44444	STANFORD	1	0.552817	1	1.160921
O-SSM	44444	STANFORD	1	0.319893	0	4.266626
O-SSM	44444	STANFORD	0	0.584172	1	0.749959
O-SSM	44444	STANFORD	0	0.549124	1	1.208892
O-SSM	44444	STANFORD	0	0.604539	1	0.478421
O-SSM	44444	CALTECH	1	0.582657	1	0.447737
O-SSM	44444	CALTECH	1	0.597104	1	0.586416
O-SSM	44444	CALTECH	0	0.707099	1	1.71943
O-SSM	44444	CALTECH	0	0.60836	1	0.695577
O-SSM	44444	LEUVEN_2	1	0.531766	1	1.46476
O-SSM	44444	LEUVEN_2	1	0.521242	1	1.3218
O-SSM	44444	LEUVEN_2	0	0.518528	1	1.284984
O-SSM	44444	LEUVEN_2	0	0.520669	1	1.314024
O-SSM	44444	OLIN	1	0.401286	0	1.177496
O-SSM	44444	OLIN	1	0.353534	0	0.183179
O-SSM	44444	OLIN	0	0.437729	0	1.909316
O-SSM	44444	OLIN	0	0.354284	0	0.199203
O-SSM	44444	SBL	1	0.544461	1	1.608153
O-SSM	44444	SBL	1	0.50497	1	1.293016
O-SSM	44444	SBL	0	0.589097	1	1.970003
O-SSM	44444	SBL	0	0.397899	0	0.429543
O-SSM	44444	LEUVEN_1	1	0.642228	1	0.773869
O-SSM	44444	LEUVEN_1	1	0.64203	1	0.772559
O-SSM	44444	LEUVEN_1	0	0.688104	1	1.086807
O-SSM	44444	LEUVEN_1	0	0.716511	1	1.293114
O-SSM	44444	SDSU	1	0.186556	0	0.572046
O-SSM	44444	SDSU	1	0.187272	0	0.582386
O-SSM	44444	SDSU	0	0.286381	0	1.799768
O-SSM	44444	SDSU	0	0.264187	0	1.555563
O-SSM	44444	CMU	1	0.692694	1	1.275798
O-SSM	44444	CMU	1	0.334541	0	0.110275
O-SSM	44444	CMU	0	0.487262	0	0.604892
O-SSM	44444	CMU	0	0.473238	0	0.561247
O-SSM	44444	UCLA_2	1	0.275081	0	1.06855
O-SSM	44444	UCLA_2	1	0.252489	0	0.894172
O-SSM	44444	UCLA_2	0	0.186669	0	0.315209
O-SSM	44444	UCLA_2	0	0.287546	0	1.160937
O-SSM	44444	UM_2	1	0.962508	1	3.059761
O-SSM	44444	UM_2	1	0.358369	0	0.960343
O-SSM	44444	UM_2	0	0.717265	1	1.790368
O-SSM	44444	UM_2	0	0.146922	0	0.315088
O-SSM	44444	OHSU	1	0.541561	1	1.226185
O-SSM	44444	OHSU	1	0.476803	0	0.83993
O-SSM	44444	OHSU	0	0.495225	0	0.949716
O-SSM	44444	OHSU	0	0.581056	1	1.465077
O-SSM	66666	NYU	1	0.60927	1	0.327254
O-SSM	66666	NYU	1	0.702025	1	0.775252
O-SSM	66666	NYU	1	0.610926	1	0.334812
O-SSM	66666	NYU	0	0.792038	1	1.296613
O-SSM	66666	NYU	0	0.709139	1	0.812431
O-SSM	66666	NYU	0	0.78934	1	1.278918
O-SSM	66666	UM_1	1	0.683283	1	1.384805
O-SSM	66666	UM_1	1	0.556265	1	0.953689
O-SSM	66666	UM_1	1	0.48579	0	0.729055
O-SSM	66666	UM_1	0	0.555918	1	0.952573
O-SSM	66666	UM_1	0	0.2964	0	0.087685
O-SSM	66666	UM_1	0	0.445433	0	0.600178
O-SSM	66666	UCLA_1	1	0.217589	0	1.456893
O-SSM	66666	UCLA_1	1	0.198961	0	1.620443
O-SSM	66666	UCLA_1	1	0.21025	0	1.520052
O-SSM	66666	UCLA_1	0	0.297195	0	0.850504
O-SSM	66666	UCLA_1	0	0.259535	0	1.12209
O-SSM	66666	UCLA_1	0	0.343038	0	0.545334
O-SSM	66666	YALE	1	0.392747	0	1.006438
O-SSM	66666	YALE	1	0.382305	0	0.915685
O-SSM	66666	YALE	1	0.320573	0	0.355902
O-SSM	66666	YALE	0	0.299557	0	0.15319
O-SSM	66666	YALE	0	0.327049	0	0.416916
O-SSM	66666	YALE	0	0.38981	0	0.980999
O-SSM	66666	PITT	1	0.394358	0	1.379041
O-SSM	66666	PITT	1	0.364621	0	1.654743
O-SSM	66666	PITT	1	0.439423	0	0.974159
O-SSM	66666	PITT	0	0.438959	0	0.978267
O-SSM	66666	PITT	0	0.4439	0	0.934533
O-SSM	66666	PITT	0	0.444373	0	0.930354
O-SSM	66666	USM	1	0.374432	0	0.311951
O-SSM	66666	USM	1	0.372487	0	0.682859
O-SSM	66666	USM	1	0.374798	0	0.242332
O-SSM	66666	USM	0	0.374936	0	0.215991
O-SSM	66666	USM	0	0.373719	0	0.447822
O-SSM	66666	USM	0	0.370195	0	1.120893
O-SSM	66666	MAX_MUN	1	0.292881	0	0.184081
O-SSM	66666	MAX_MUN	1	0.326627	0	0.509175
O-SSM	66666	MAX_MUN	1	0.434599	0	1.456711
O-SSM	66666	MAX_MUN	0	0.418412	0	1.320489
O-SSM	66666	MAX_MUN	0	0.323699	0	0.481712
O-SSM	66666	MAX_MUN	0	0.404258	0	1.200172
O-SSM	66666	TRINITY	1	0.603761	1	1.553337
O-SSM	66666	TRINITY	1	0.568918	1	1.104323
O-SSM	66666	TRINITY	1	0.627532	1	1.867262
O-SSM	66666	TRINITY	0	0.536497	1	0.694473
O-SSM	66666	TRINITY	0	0.537181	1	0.703072
O-SSM	66666	TRINITY	0	0.590866	1	1.385845
O-SSM	66666	KKI	1	0.525649	1	1.060302
O-SSM	66666	KKI	1	0.51827	1	0.994749
O-SSM	66666	KKI	1	0.492752	0	0.768404
O-SSM	66666	KKI	0	0.551584	1	1.291694
O-SSM	66666	KKI	0	0.540323	1	1.19099
O-SSM	66666	KKI	0	0.628495	1	1.998149
O-SSM	66666	STANFORD	1	0.178728	0	1.427426
O-SSM	66666	STANFORD	1	0.205608	0	1.251648
O-SSM	66666	STANFORD	1	0.014261	0	4.175817
O-SSM	66666	STANFORD	0	0.355086	0	0.486364
O-SSM	66666	STANFORD	0	0.19799	0	1.299598
O-SSM	66666	STANFORD	0	0.391704	0	0.327598
O-SSM	66666	CALTECH	1	0.501784	1	0.475362
O-SSM	66666	CALTECH	1	0.50151	1	0.473866
O-SSM	66666	CALTECH	0	0.592926	1	0.978994
O-SSM	66666	CALTECH	0	0.611395	1	1.084248
O-SSM	66666	LEUVEN_2	1	0.483138	0	1.482977
O-SSM	66666	LEUVEN_2	1	0.483427	0	1.504461
O-SSM	66666	LEUVEN_2	0	0.479574	0	1.217847
O-SSM	66666	LEUVEN_2	0	0.476887	0	1.017914
O-SSM	66666	OLIN	1	0.331293	0	1.165314
O-SSM	66666	OLIN	1	0.212168	0	0.16404
O-SSM	66666	OLIN	0	0.471859	0	2.133886
O-SSM	66666	OLIN	0	0.218735	0	0.227858
O-SSM	66666	SBL	1	0.157537	0	1.063243
O-SSM	66666	SBL	1	0.115609	0	1.381944
O-SSM	66666	SBL	0	0.152952	0	1.09437
O-SSM	66666	SBL	0	0.209173	0	0.754574
O-SSM	66666	LEUVEN_1	1	0.293285	0	0.677977
O-SSM	66666	LEUVEN_1	1	0.29447	0	0.632892
O-SSM	66666	LEUVEN_1	0	0.277534	0	1.287842
O-SSM	66666	LEUVEN_1	0	0.284886	0	1.000657
O-SSM	66666	SDSU	1	0.241335	0	0.516713
O-SSM	66666	SDSU	1	0.257597	0	0.862104
O-SSM	66666	SDSU	0	0.259018	0	0.891594
O-SSM	66666	SDSU	0	0.304657	0	1.789515
O-SSM	66666	CMU	1	0.681236	1	1.338271
O-SSM	66666	CMU	1	0.534825	1	0.116248
O-SSM	66666	CMU	0	0.609715	1	0.720601
O-SSM	66666	CMU	0	0.588839	1	0.549215
O-SSM	66666	UCLA_2	1	0.570084	1	0.676024
O-SSM	66666	UCLA_2	1	0.712807	1	1.285041
O-SSM	66666	UCLA_2	0	0.485546	0	0.345682
O-SSM	66666	UCLA_2	0	0.648587	1	0.99725
O-SSM	66666	UM_2	1	0.189445	0	1.97748
O-SSM	66666	UM_2	1	0.249879	0	1.436527
O-SSM	66666	UM_2	0	0.247637	0	1.454848
O-SSM	66666	UM_2	0	0.381376	0	0.496877
O-SSM	66666	OHSU	1	0.360048	0	1.149122
O-SSM	66666	OHSU	1	0.387678	0	0.879283
O-SSM	66666	OHSU	0	0.371342	0	1.037846
O-SSM	66666	OHSU	0	0.322769	0	1.528313
O-SSM	77777	NYU	1	0.325243	0	0.313458
O-SSM	77777	NYU	1	0.356064	0	0.444851
O-SSM	77777	NYU	1	0.353503	0	0.434144
O-SSM	77777	NYU	0	0.626236	1	1.505836
O-SSM	77777	NYU	0	0.445659	0	0.803044
O-SSM	77777	NYU	0	0.509055	1	1.046567
O-SSM	77777	UM_1	1	0.729495	1	1.347797
O-SSM	77777	UM_1	1	0.751783	1	1.462996
O-SSM	77777	UM_1	1	0.571384	1	0.648594
O-SSM	77777	UM_1	0	0.604352	1	0.783691
O-SSM	77777	UM_1	0	0.429317	0	0.08081
O-SSM	77777	UM_1	0	0.69109	1	1.162374
O-SSM	77777	UCLA_1	1	0.635867	1	1.049957
O-SSM	77777	UCLA_1	1	0.630086	1	1.016261
O-SSM	77777	UCLA_1	1	0.567483	1	0.662879
O-SSM	77777	UCLA_1	0	0.534085	1	0.480046
O-SSM	77777	UCLA_1	0	0.620888	1	0.963094
O-SSM	77777	UCLA_1	0	0.552647	1	0.581347
O-SSM	77777	YALE	1	0.551385	1	0.934363
O-SSM	77777	YALE	1	0.555331	1	0.595918
O-SSM	77777	YALE	1	0.555234	1	0.604322
O-SSM	77777	YALE	0	0.558937	1	0.286234
O-SSM	77777	YALE	0	0.555743	1	0.560598
O-SSM	77777	YALE	0	0.547691	1	1.250623
O-SSM	77777	PITT	1	0.177236	0	1.354701
O-SSM	77777	PITT	1	0.156195	0	1.526876
O-SSM	77777	PITT	1	0.266795	0	0.75941
O-SSM	77777	PITT	0	0.233309	0	0.962415
O-SSM	77777	PITT	0	0.260474	0	0.796385
O-SSM	77777	PITT	0	0.145305	0	1.623501
O-SSM	77777	USM	1	0.404219	0	0.351192
O-SSM	77777	USM	1	0.522487	1	1.132834
O-SSM	77777	USM	1	0.392531	0	0.271426
O-SSM	77777	USM	0	0.396309	0	0.297297
O-SSM	77777	USM	0	0.448695	0	0.648801
O-SSM	77777	USM	0	0.546063	1	1.287825
O-SSM	77777	MAX_MUN	1	0.345955	0	0.164575
O-SSM	77777	MAX_MUN	1	0.407235	0	0.596778
O-SSM	77777	MAX_MUN	1	0.520366	1	1.352068
O-SSM	77777	MAX_MUN	0	0.442323	0	0.834261
O-SSM	77777	MAX_MUN	0	0.399545	0	0.543953
O-SSM	77777	MAX_MUN	0	0.465601	0	0.989522
O-SSM	77777	TRINITY	1	0.197314	0	1.427367
O-SSM	77777	TRINITY	1	0.209242	0	0.963761
O-SSM	77777	TRINITY	1	0.192211	0	1.632146
O-SSM	77777	TRINITY	0	0.216053	0	0.707708
O-SSM	77777	TRINITY	0	0.217112	0	0.668457
O-SSM	77777	TRINITY	0	0.20391	0	1.168489
O-SSM	77777	KKI	1	0.597353	1	1.327269
O-SSM	77777	KKI	1	0.598712	1	1.605971
O-SSM	77777	KKI	1	0.594652	1	0.774226
O-SSM	77777	KKI	0	0.597226	1	1.301295
O-SSM	77777	KKI	0	0.595243	1	0.895125
O-SSM	77777	KKI	0	0.601788	1	2.238161
O-SSM	77777	STANFORD	1	0.356949	0	1.634144
O-SSM	77777	STANFORD	1	0.445191	0	1.115161
O-SSM	77777	STANFORD	1	0.020991	0	6.216595
O-SSM	77777	STANFORD	0	0.517797	1	0.704864
O-SSM	77777	STANFORD	0	0.471097	0	0.968162
O-SSM	77777	STANFORD	0	0.578983	1	0.35647
O-SSM	77777	CALTECH	1	0.681457	1	0.425024
O-SSM	77777	CALTECH	1	0.693823	1	0.658785
O-SSM	77777	CALTECH	0	0.709669	1	0.96621
O-SSM	77777	CALTECH	0	0.693902	1	0.66029
O-SSM	77777	LEUVEN_2	1	0.513852	1	1.253587
O-SSM	77777	LEUVEN_2	1	0.509901	1	1.052869
O-SSM	77777	LEUVEN_2	0	0.514256	1	1.274154
O-SSM	77777	LEUVEN_2	0	0.512665	1	1.193316
O-SSM	77777	OLIN	1	0.38617	0	0.852332
O-SSM	77777	OLIN	1	0.331233	0	0.163577
O-SSM	77777	OLIN	0	0.448775	0	1.594765
O-SSM	77777	OLIN	0	0.332829	0	0.184304
O-SSM	77777	SBL	1	0.761259	1	1.602189
O-SSM	77777	SBL	1	0.707541	1	1.396439
O-SSM	77777	SBL	0	0.726858	1	1.467424
O-SSM	77777	SBL	0	0.548153	1	0.882099
O-SSM	77777	LEUVEN_1	1	0.814642	1	0.638253
O-SSM	77777	LEUVEN_1	1	0.817878	1	0.652625
O-SSM	77777	LEUVEN_1	0	0.931087	1	1.386426
O-SSM	77777	LEUVEN_1	0	0.949153	1	1.601779
O-SSM	77777	SDSU	1	0.36547	0	0.558153
O-SSM	77777	SDSU	1	0.382482	0	0.627506
O-SSM	77777	SDSU	0	0.400929	0	0.701403
O-SSM	77777	SDSU	0	0.590367	1	1.433441
O-SSM	77777	CMU	1	0.535248	1	0.984097
O-SSM	77777	CMU	1	0.349675	0	0.072132
O-SSM	77777	CMU	0	0.451464	0	0.581828
O-SSM	77777	CMU	0	0.426206	0	0.458998
O-SSM	77777	UCLA_2	1	0.683048	1	1.094256
O-SSM	77777	UCLA_2	1	0.672257	1	0.839008
O-SSM	77777	UCLA_2	0	0.651107	1	0.350776
O-SSM	77777	UCLA_2	0	0.679056	1	0.999311
O-SSM	77777	UM_2	1	0.883065	1	2.93278
O-SSM	77777	UM_2	1	0.643129	1	0.846693
O-SSM	77777	UM_2	0	0.78555	1	1.879441
O-SSM	77777	UM_2	0	0.568263	1	0.389234
O-SSM	77777	OHSU	1	0.381995	0	0.721084
O-SSM	77777	OHSU	1	0.362232	0	0.57474
O-SSM	77777	OHSU	0	0.40616	0	0.896177
O-SSM	77777	OHSU	0	0.431304	0	1.074912
O-SSM	88888	NYU	1	0.262221	0	0.366727
O-SSM	88888	NYU	1	0.312954	0	0.647166
O-SSM	88888	NYU	1	0.267493	0	0.397333
O-SSM	88888	NYU	0	0.589599	1	1.945471
O-SSM	88888	NYU	0	0.329846	0	0.73472
O-SSM	88888	NYU	0	0.419326	0	1.168006
O-SSM	88888	UM_1	1	0.359183	0	1.635126
O-SSM	88888	UM_1	1	0.292414	0	0.752042
O-SSM	88888	UM_1	1	0.290631	0	0.727029
O-SSM	88888	UM_1	0	0.319151	0	1.11716
O-SSM	88888	UM_1	0	0.246675	0	0.07768
O-SSM	88888	UM_1	0	0.333453	0	1.3057
O-SSM	88888	UCLA_1	1	0.661647	1	1.210514
O-SSM	88888	UCLA_1	1	0.659897	1	1.200403
O-SSM	88888	UCLA_1	1	0.640637	1	1.090706
O-SSM	88888	UCLA_1	0	0.61031	1	0.922986
O-SSM	88888	UCLA_1	0	0.706352	1	1.478701
O-SSM	88888	UCLA_1	0	0.529678	1	0.495933
O-SSM	88888	YALE	1	0.163026	0	1.428121
O-SSM	88888	YALE	1	0.179562	0	0.762094
O-SSM	88888	YALE	1	0.187111	0	0.473982
O-SSM	88888	YALE	0	0.194928	0	0.184915
O-SSM	88888	YALE	0	0.17703	0	0.860858
O-SSM	88888	YALE	0	0.171483	0	1.081145
O-SSM	88888	PITT	1	0.18673	0	1.270648
O-SSM	88888	PITT	1	0.188646	0	1.240122
O-SSM	88888	PITT	1	0.198663	0	1.084326
O-SSM	88888	PITT	0	0.22141	0	0.751148
O-SSM	88888	PITT	0	0.221543	0	0.749275
O-SSM	88888	PITT	0	0.197821	0	1.097191
O-SSM	88888	USM	1	0.364649	0	0.314029
O-SSM	88888	USM	1	0.511442	1	0.814923
O-SSM	88888	USM	1	0.350497	0	0.26268
O-SSM	88888	USM	0	0.356097	0	0.283106
O-SSM	88888	USM	0	0.465797	0	0.662574
O-SSM	88888	USM	0	0.548512	1	0.939005
O-SSM	88888	MAX_MUN	1	0.49529	0	0.140212
O-SSM	88888	MAX_MUN	1	0.633997	1	0.484394
O-SSM	88888	MAX_MUN	1	0.910785	1	1.558806
O-SSM	88888	MAX_MUN	0	0.81155	1	1.036005
O-SSM	88888	MAX_MUN	0	0.754026	1	0.830123
O-SSM	88888	MAX_MUN	0	0.88418	1	1.382773
O-SSM	88888	TRINITY	1	0.321147	0	1.262705
O-SSM	88888	TRINITY	1	0.276263	0	1.60233
O-SSM	88888	TRINITY	1	0.224341	0	2.041516
O-SSM	88888	TRINITY	0	0.402165	0	0.705467
O-SSM	88888	TRINITY	0	0.408691	0	0.662615
O-SSM	88888	TRINITY	0	0.327848	0	1.214316
O-SSM	88888	KKI	1	0.337165	0	1.045275
O-SSM	88888	KKI	1	0.318282	0	1.331506
O-SSM	88888	KKI	1	0.343533	0	0.950573
O-SSM	88888	KKI	0	0.323155	0	1.256822
O-SSM	88888	KKI	0	0.327167	0	1.195771
O-SSM	88888	KKI	0	0.192968	0	3.565745
O-SSM	88888	STANFORD	1	0.417382	0	1.654517
O-SSM	88888	STANFORD	1	0.460094	0	1.310346
O-SSM	88888	STANFORD	1	0.105317	0	5.235654
O-SSM	88888	STANFORD	0	0.508236	1	0.927815
O-SSM	88888	STANFORD	0	0.464215	0	1.277474
O-SSM	88888	STANFORD	0	0.582674	1	0.33132
O-SSM	88888	CALTECH	1	0.252439	0	0.399507
O-SSM	88888	CALTECH	1	0.242694	0	0.613048
O-SSM	88888	CALTECH	0	0.204326	0	1.517126
O-SSM	88888	CALTECH	0	0.244081	0	0.582308
O-SSM	88888	LEUVEN_2	1	0.526196	1	1.056023
O-SSM	88888	LEUVEN_2	1	0.549448	1	1.326072
O-SSM	88888	LEUVEN_2	0	0.535725	1	1.166475
O-SSM	88888	LEUVEN_2	0	0.574956	1	1.625271
O-SSM	88888	OLIN	1	0.333813	0	1.048642
O-SSM	88888	OLIN	1	0.278742	0	0.188316
O-SSM	88888	OLIN	0	0.353191	0	1.333347
O-SSM	88888	OLIN	0	0.278428	0	0.183155
O-SSM	88888	SBL	1	0.664205	1	1.207689
O-SSM	88888	SBL	1	0.735139	1	1.551145
O-SSM	88888	SBL	0	0.647391	1	1.132155
O-SSM	88888	SBL	0	0.525307	1	0.61887
O-SSM	88888	LEUVEN_1	1	0.379603	0	1.056879
O-SSM	88888	LEUVEN_1	1	0.386234	0	0.90554
O-SSM	88888	LEUVEN_1	0	0.362711	0	1.447232
O-SSM	88888	LEUVEN_1	0	0.347451	0	1.806631
O-SSM	88888	SDSU	1	0.361179	0	0.369573
O-SSM	88888	SDSU	1	0.380828	0	0.916858
O-SSM	88888	SDSU	0	0.402947	0	1.520153
O-SSM	88888	SDSU	0	0.430289	0	2.251436
O-SSM	88888	CMU	1	0.838332	1	1.396232
O-SSM	88888	CMU	1	0.496755	0	0.100386
O-SSM	88888	CMU	0	0.690703	1	0.738126
O-SSM	88888	CMU	0	0.631313	1	0.530683
O-SSM	88888	UCLA_2	1	0.646796	1	1.435143
O-SSM	88888	UCLA_2	1	0.567941	1	0.936886
O-SSM	88888	UCLA_2	0	0.470486	0	0.348284
O-SSM	88888	UCLA_2	0	0.574878	1	0.979459
O-SSM	88888	UM_2	1	0.895974	1	1.694683
O-SSM	88888	UM_2	1	0.797234	1	1.208383
O-SSM	88888	UM_2	0	0.966239	1	2.439375
O-SSM	88888	UM_2	0	0.518638	1	0.405602
O-SSM	88888	OHSU	1	0.469731	0	1.034616
O-SSM	88888	OHSU	1	0.468413	0	0.856224
O-SSM	88888	OHSU	0	0.471237	0	1.238268
O-SSM	88888	OHSU	0	0.470117	0	1.086852
O-SSM	33333	NYU	1	0.530153	1	0.346429
O-SSM	33333	NYU	1	0.567977	1	0.455153
O-SSM	33333	NYU	1	0.578007	1	0.484314
O-SSM	33333	NYU	0	0.809763	1	1.29087
O-SSM	33333	NYU	0	0.644873	1	0.684894
O-SSM	33333	NYU	0	0.825922	1	1.368068
O-SSM	33333	UM_1	1	0.729088	1	1.360728
O-SSM	33333	UM_1	1	0.695508	1	1.188212
O-SSM	33333	UM_1	1	0.61667	1	0.819457
O-SSM	33333	UM_1	0	0.664146	1	1.036559
O-SSM	33333	UM_1	0	0.443951	0	0.082505
O-SSM	33333	UM_1	0	0.626118	1	0.861699
O-SSM	33333	UCLA_1	1	0.60949	1	1.102654
O-SSM	33333	UCLA_1	1	0.67613	1	1.374201
O-SSM	33333	UCLA_1	1	0.65284	1	1.276646
O-SSM	33333	UCLA_1	0	0.533873	1	0.813746
O-SSM	33333	UCLA_1	0	0.641227	1	1.229173
O-SSM	33333	UCLA_1	0	0.499323	0	0.684534
O-SSM	33333	YALE	1	0.801307	1	1.272109
O-SSM	33333	YALE	1	0.720868	1	0.605733
O-SSM	33333	YALE	1	0.694622	1	0.415922
O-SSM	33333	YALE	0	0.652384	1	0.128444
O-SSM	33333	YALE	0	0.730234	1	0.676062
O-SSM	33333	YALE	0	0.806502	1	1.321387
O-SSM	33333	PITT	1	0.465682	0	1.286122
O-SSM	33333	PITT	1	0.508767	1	2.384423
O-SSM	33333	PITT	1	0.471806	0	1.442646
O-SSM	33333	PITT	0	0.456637	0	1.054441
O-SSM	33333	PITT	0	0.447666	0	0.823935
O-SSM	33333	PITT	0	0.469196	0	1.375977
O-SSM	33333	USM	1	0.345016	0	0.322295
O-SSM	33333	USM	1	0.377159	0	0.875812
O-SSM	33333	USM	1	0.340116	0	0.235904
O-SSM	33333	USM	0	0.344146	0	0.307002
O-SSM	33333	USM	0	0.373086	0	0.806812
O-SSM	33333	USM	0	0.378662	0	0.901199
O-SSM	33333	MAX_MUN	1	0.544599	1	0.158813
O-SSM	33333	MAX_MUN	1	0.583667	1	0.419993
O-SSM	33333	MAX_MUN	1	0.768999	1	1.840787
O-SSM	33333	MAX_MUN	0	0.684167	1	1.134877
O-SSM	33333	MAX_MUN	0	0.619958	1	0.668925
O-SSM	33333	MAX_MUN	0	0.73761	1	1.563
O-SSM	33333	TRINITY	1	0.563985	1	1.789969
O-SSM	33333	TRINITY	1	0.555178	1	1.249023
O-SSM	33333	TRINITY	1	0.559985	1	1.543987
O-SSM	33333	TRINITY	0	0.546673	1	0.728653
O-SSM	33333	TRINITY	0	0.545627	1	0.664761
O-SSM	33333	TRINITY	0	0.553644	1	1.155018
O-SSM	33333	KKI	1	0.720657	1	1.255529
O-SSM	33333	KKI	1	0.726191	1	1.335458
O-SSM	33333	KKI	1	0.66454	1	0.492329
O-SSM	33333	KKI	0	0.717751	1	1.213959
O-SSM	33333	KKI	0	0.710513	1	1.111508
O-SSM	33333	KKI	0	0.740195	1	1.542347
O-SSM	33333	STANFORD	1	0.306637	0	1.946488
O-SSM	33333	STANFORD	1	0.278558	0	1.55735
O-SSM	33333	STANFORD	1	0.659389	1	6.179281
O-SSM	33333	STANFORD	0	0.228993	0	0.805154
O-SSM	33333	STANFORD	0	0.22717	0	0.775471
O-SSM	33333	STANFORD	0	0.203149	0	0.367328
O-SSM	33333	CALTECH	1	0.420759	0	0.520111
O-SSM	33333	CALTECH	1	0.43784	0	0.640146
O-SSM	33333	CALTECH	0	0.54732	1	1.397235
O-SSM	33333	CALTECH	0	0.460522	0	0.79799
O-SSM	33333	LEUVEN_2	1	0.670886	1	1.387596
O-SSM	33333	LEUVEN_2	1	0.624034	1	0.973788
O-SSM	33333	LEUVEN_2	0	0.652494	1	1.222113
O-SSM	33333	LEUVEN_2	0	0.635407	1	1.072021
O-SSM	33333	OLIN	1	0.687375	1	1.156388
O-SSM	33333	OLIN	1	0.570743	1	0.233657
O-SSM	33333	OLIN	0	0.729375	1	1.529856
O-SSM	33333	OLIN	0	0.571348	1	0.238188
O-SSM	33333	SBL	1	0.569291	1	1.27583
O-SSM	33333	SBL	1	0.558528	1	1.056639
O-SSM	33333	SBL	0	0.569061	1	1.271137
O-SSM	33333	SBL	0	0.543323	1	0.748811
O-SSM	33333	LEUVEN_1	1	0.301037	0	0.786238
O-SSM	33333	LEUVEN_1	1	0.310098	0	0.480042
O-SSM	33333	LEUVEN_1	0	0.283901	0	1.380093
O-SSM	33333	LEUVEN_1	0	0.304308	0	0.675105
O-SSM	33333	SDSU	1	0.292392	0	0.624872
O-SSM	33333	SDSU	1	0.327508	0	0.828282
O-SSM	33333	SDSU	0	0.327049	0	0.825705
O-SSM	33333	SDSU	0	0.515626	1	1.796354
O-SSM	33333	CMU	1	0.758995	1	1.59096
O-SSM	33333	CMU	1	0.520981	1	0.114021
O-SSM	33333	CMU	0	0.610127	1	0.619492
O-SSM	33333	CMU	0	0.589935	1	0.502596
O-SSM	33333	UCLA_2	1	0.474613	0	1.049496
O-SSM	33333	UCLA_2	1	0.505607	1	1.156992
O-SSM	33333	UCLA_2	0	0.261158	0	0.236478
O-SSM	33333	UCLA_2	0	0.373158	0	0.688132
O-SSM	33333	UM_2	1	0.208537	0	2.356772
O-SSM	33333	UM_2	1	0.201233	0	1.579145
O-SSM	33333	UM_2	0	0.203592	0	1.832585
O-SSM	33333	UM_2	0	0.191169	0	0.472369
O-SSM	33333	OHSU	1	0.569436	1	1.450291
O-SSM	33333	OHSU	1	0.536226	1	0.933082
O-SSM	33333	OHSU	0	0.533947	1	0.897825
O-SSM	33333	OHSU	0	0.554095	1	1.210458
O-SSM	12321	NYU	1	0.150235	0	0.399961
O-SSM	12321	NYU	1	0.14493	0	0.50342
O-SSM	12321	NYU	1	0.150133	0	0.401908
O-SSM	12321	NYU	0	0.115927	0	1.133113
O-SSM	12321	NYU	0	0.128082	0	0.854498
O-SSM	12321	NYU	0	0.09838	0	1.584025
O-SSM	12321	UM_1	1	0.508876	1	1.093289
O-SSM	12321	UM_1	1	0.502597	1	0.819389
O-SSM	12321	UM_1	1	0.499496	0	0.684145
O-SSM	12321	UM_1	0	0.508534	1	1.078411
O-SSM	12321	UM_1	0	0.485827	0	0.08777
O-SSM	12321	UM_1	0	0.511344	1	1.200981
O-SSM	12321	UCLA_1	1	0.422851	0	0.842595
O-SSM	12321	UCLA_1	1	0.456446	0	1.430912
O-SSM	12321	UCLA_1	1	0.425536	0	0.889996
O-SSM	12321	UCLA_1	0	0.404052	0	0.508256
O-SSM	12321	UCLA_1	0	0.419199	0	0.777986
O-SSM	12321	UCLA_1	0	0.407463	0	0.569266
O-SSM	12321	YALE	1	0.54953	1	1.499216
O-SSM	12321	YALE	1	0.50053	1	0.714444
O-SSM	12321	YALE	1	0.473412	0	0.281155
O-SSM	12321	YALE	0	0.46513	0	0.14844
O-SSM	12321	YALE	0	0.482158	0	0.421049
O-SSM	12321	YALE	0	0.541735	1	1.373742
O-SSM	12321	PITT	1	0.552486	1	1.182694
O-SSM	12321	PITT	1	0.683555	1	1.694229
O-SSM	12321	PITT	1	0.551439	1	1.178826
O-SSM	12321	PITT	0	0.513358	1	1.038888
O-SSM	12321	PITT	0	0.467205	0	0.869898
O-SSM	12321	PITT	0	0.564142	1	1.225918
O-SSM	12321	USM	1	0.375219	0	0.333615
O-SSM	12321	USM	1	0.380401	0	0.736729
O-SSM	12321	USM	1	0.374271	0	0.259637
O-SSM	12321	USM	0	0.374549	0	0.281322
O-SSM	12321	USM	0	0.379819	0	0.691574
O-SSM	12321	USM	0	0.387936	0	1.319232
O-SSM	12321	MAX_MUN	1	0.485936	0	0.162813
O-SSM	12321	MAX_MUN	1	0.533192	1	0.626296
O-SSM	12321	MAX_MUN	1	0.631085	1	1.61559
O-SSM	12321	MAX_MUN	0	0.566434	1	0.955372
O-SSM	12321	MAX_MUN	0	0.548136	1	0.773694
O-SSM	12321	MAX_MUN	0	0.599901	1	1.292722
O-SSM	12321	TRINITY	1	0.681823	1	1.544849
O-SSM	12321	TRINITY	1	0.62994	1	1.260747
O-SSM	12321	TRINITY	1	0.631005	1	1.266393
O-SSM	12321	TRINITY	0	0.504575	1	0.626828
O-SSM	12321	TRINITY	0	0.498088	0	0.594806
O-SSM	12321	TRINITY	0	0.63125	1	1.267687
O-SSM	12321	KKI	1	0.694689	1	1.027193
O-SSM	12321	KKI	1	0.723362	1	1.1496
O-SSM	12321	KKI	1	0.67726	1	0.955964
O-SSM	12321	KKI	0	0.77309	1	1.382536
O-SSM	12321	KKI	0	0.684175	1	0.98397
O-SSM	12321	KKI	0	0.8163	1	1.616346
O-SSM	12321	STANFORD	1	0.767085	1	2.117505
O-SSM	12321	STANFORD	1	0.668606	1	1.168577
O-SSM	12321	STANFORD	1	0.95552	1	5.748874
O-SSM	12321	STANFORD	0	0.676291	1	1.236146
O-SSM	12321	STANFORD	0	0.747747	1	1.913606
O-SSM	12321	STANFORD	0	0.593761	1	0.544366
O-SSM	12321	CALTECH	1	0.375946	0	0.547509
O-SSM	12321	CALTECH	1	0.379786	0	0.569151
O-SSM	12321	CALTECH	0	0.50227	1	1.231036
O-SSM	12321	CALTECH	0	0.421647	0	0.800284
O-SSM	12321	LEUVEN_2	1	0.410383	0	1.813063
O-SSM	12321	LEUVEN_2	1	0.402624	0	1.094065
O-SSM	12321	LEUVEN_2	0	0.401595	0	0.998357
O-SSM	12321	LEUVEN_2	0	0.403447	0	1.170539
O-SSM	12321	OLIN	1	0.30754	0	1.143456
O-SSM	12321	OLIN	1	0.321302	0	0.144406
O-SSM	12321	OLIN	0	0.304772	0	1.347322
O-SSM	12321	OLIN	0	0.320379	0	0.210669
O-SSM	12321	SBL	1	0.455036	0	1.684928
O-SSM	12321	SBL	1	0.451015	0	1.62651
O-SSM	12321	SBL	0	0.4324	0	1.354759
O-SSM	12321	SBL	0	0.394937	0	0.798468
O-SSM	12321	LEUVEN_1	1	0.354232	0	1.033488
O-SSM	12321	LEUVEN_1	1	0.428528	0	0.538329
O-SSM	12321	LEUVEN_1	0	0.29337	0	1.474725
O-SSM	12321	LEUVEN_1	0	0.364307	0	0.964163
O-SSM	12321	SDSU	1	0.331564	0	0.45695
O-SSM	12321	SDSU	1	0.349489	0	0.608325
O-SSM	12321	SDSU	0	0.482233	0	1.651575
O-SSM	12321	SDSU	0	0.446129	0	1.376202
O-SSM	12321	CMU	1	0.593037	1	1.169173
O-SSM	12321	CMU	1	0.408984	0	0.065649
O-SSM	12321	CMU	0	0.496315	0	0.589368
O-SSM	12321	CMU	0	0.467223	0	0.416651
O-SSM	12321	UCLA_2	1	0.427243	0	0.805055
O-SSM	12321	UCLA_2	1	0.429369	0	0.96672
O-SSM	12321	UCLA_2	0	0.420791	0	0.313232
O-SSM	12321	UCLA_2	0	0.427712	0	0.840741
O-SSM	12321	UM_2	1	0.636216	1	2.139093
O-SSM	12321	UM_2	1	0.485932	0	1.302058
O-SSM	12321	UM_2	0	0.530624	1	1.545491
O-SSM	12321	UM_2	0	0.333845	0	0.438768
O-SSM	12321	OHSU	1	0.5872	1	1.240385
O-SSM	12321	OHSU	1	0.493599	0	0.678037
O-SSM	12321	OHSU	0	0.591408	1	1.266252
O-SSM	12321	OHSU	0	0.560255	1	1.076438
O-SSM	24680	NYU	1	0.389503	0	0.271521
O-SSM	24680	NYU	1	0.433225	0	0.560758
O-SSM	24680	NYU	1	0.413463	0	0.431162
O-SSM	24680	NYU	0	0.505582	1	1.026605
O-SSM	24680	NYU	0	0.453389	0	0.69156
O-SSM	24680	NYU	0	0.535852	1	1.220809
O-SSM	24680	UM_1	1	0.127939	0	1.729814
O-SSM	24680	UM_1	1	0.230899	0	1.045632
O-SSM	24680	UM_1	1	0.250645	0	0.942381
O-SSM	24680	UM_1	0	0.228621	0	1.057933
O-SSM	24680	UM_1	0	0.443924	0	0.111188
O-SSM	24680	UM_1	0	0.193411	0	1.260382
O-SSM	24680	UCLA_1	1	0.354156	0	1.029228
O-SSM	24680	UCLA_1	1	0.35639	0	1.147151
O-SSM	24680	UCLA_1	1	0.361317	0	1.406054
O-SSM	24680	UCLA_1	0	0.34885	0	0.747774
O-SSM	24680	UCLA_1	0	0.358483	0	1.257333
O-SSM	24680	UCLA_1	0	0.345874	0	0.589059
O-SSM	24680	YALE	1	0.273386	0	1.233772
O-SSM	24680	YALE	1	0.274655	0	0.634471
O-SSM	24680	YALE	1	0.274362	0	0.772343
O-SSM	24680	YALE	0	0.275544	0	0.215335
O-SSM	24680	YALE	0	0.27504	0	0.452597
O-SSM	24680	YALE	0	0.273803	0	1.036729
O-SSM	24680	PITT	1	0.779045	1	1.59313
O-SSM	24680	PITT	1	0.838658	1	1.98782
O-SSM	24680	PITT	1	0.681658	1	1.086034
O-SSM	24680	PITT	0	0.688498	1	1.118271
O-SSM	24680	PITT	0	0.698951	1	1.168298
O-SSM	24680	PITT	0	0.711346	1	1.228925
O-SSM	24680	USM	1	0.298418	0	0.355289
O-SSM	24680	USM	1	0.364718	0	0.844532
O-SSM	24680	USM	1	0.289947	0	0.288731
O-SSM	24680	USM	0	0.282212	0	0.226946
O-SSM	24680	USM	0	0.347499	0	0.722006
O-SSM	24680	USM	0	0.509624	1	1.812659
O-SSM	24680	MAX_MUN	1	0.233395	0	0.164524
O-SSM	24680	MAX_MUN	1	0.240658	0	0.425251
O-SSM	24680	MAX_MUN	1	0.286792	0	1.970652
O-SSM	24680	MAX_MUN	0	0.258841	0	1.055436
O-SSM	24680	MAX_MUN	0	0.240364	0	0.414817
O-SSM	24680	MAX_MUN	0	0.279609	0	1.740949
O-SSM	24680	TRINITY	1	0.685762	1	1.213706
O-SSM	24680	TRINITY	1	0.56735	1	0.707499
O-SSM	24680	TRINITY	1	0.800767	1	1.820672
O-SSM	24680	TRINITY	0	0.554768	1	0.656718
O-SSM	24680	TRINITY	0	0.565844	1	0.701403
O-SSM	24680	TRINITY	0	0.630838	1	0.970637
O-SSM	24680	KKI	1	0.649513	1	1.245247
O-SSM	24680	KKI	1	0.609689	1	0.987999
O-SSM	24680	KKI	1	0.578148	1	0.791053
O-SSM	24680	KKI	0	0.682539	1	1.468884
O-SSM	24680	KKI	0	0.626285	1	1.093832
O-SSM	24680	KKI	0	0.770477	1	2.139575
O-SSM	24680	STANFORD	1	0.14333	0	1.466271
O-SSM	24680	STANFORD	1	0.203832	0	1.144348
O-SSM	24680	STANFORD	1	0.002813	0	4.650897
O-SSM	24680	STANFORD	0	0.296135	0	0.768428
O-SSM	24680	STANFORD	0	0.217725	0	1.08113
O-SSM	24680	STANFORD	0	0.381952	0	0.47745
O-SSM	24680	CALTECH	1	0.409939	0	0.49046
O-SSM	24680	CALTECH	1	0.409651	0	0.488614
O-SSM	24680	CALTECH	0	0.501706	1	1.066502
O-SSM	24680	CALTECH	0	0.425907	0	0.592379
O-SSM	24680	LEUVEN_2	1	0.736767	1	1.602873
O-SSM	24680	LEUVEN_2	1	0.680661	1	1.264791
O-SSM	24680	LEUVEN_2	0	0.633716	1	1.005892
O-SSM	24680	LEUVEN_2	0	0.676986	1	1.243875
O-SSM	24680	OLIN	1	0.749863	1	0.934727
O-SSM	24680	OLIN	1	0.441092	0	0.198144
O-SSM	24680	OLIN	0	0.938739	1	1.835167
O-SSM	24680	OLIN	0	0.439741	0	0.195119
O-SSM	24680	SBL	1	0.631526	1	1.452677
O-SSM	24680	SBL	1	0.57582	1	1.056779
O-SSM	24680	SBL	0	0.579224	1	1.080472
O-SSM	24680	SBL	0	0.498213	0	0.525615
O-SSM	24680	LEUVEN_1	1	0.413726	0	1.026193
O-SSM	24680	LEUVEN_1	1	0.422383	0	0.829055
O-SSM	24680	LEUVEN_1	0	0.407461	0	1.169603
O-SSM	24680	LEUVEN_1	0	0.38478	0	1.695
O-SSM	24680	SDSU	1	0.357092	0	0.50664
O-SSM	24680	SDSU	1	0.457372	0	0.85971
O-SSM	24680	SDSU	0	0.596999	1	1.337066
O-SSM	24680	SDSU	0	0.580672	1	1.279973
O-SSM	24680	CMU	1	0.643075	1	1.297127
O-SSM	24680	CMU	1	0.588394	1	0.115689
O-SSM	24680	CMU	0	0.612073	1	0.619629
O-SSM	24680	CMU	0	0.611149	1	0.599761
O-SSM	24680	UCLA_2	1	0.587071	1	0.932316
O-SSM	24680	UCLA_2	1	0.625358	1	1.100102
O-SSM	24680	UCLA_2	0	0.427958	0	0.261037
O-SSM	24680	UCLA_2	0	0.614693	1	1.05277
O-SSM	24680	UM_2	1	0.607201	1	1.932603
O-SSM	24680	UM_2	1	0.664674	1	0.815514
O-SSM	24680	UM_2	0	0.649806	1	1.112082
O-SSM	24680	UM_2	0	0.683763	1	0.424975
O-SSM	24680	OHSU	1	0.303616	0	1.133224
O-SSM	24680	OHSU	1	0.257416	0	0.916626
O-SSM	24680	OHSU	0	0.377445	0	1.444679
O-SSM	24680	OHSU	0	0.327897	0	1.239417
O-SSM	13579	NYU	1	0.581736	1	0.371918
O-SSM	13579	NYU	1	0.616853	1	0.4637
O-SSM	13579	NYU	1	0.553131	1	0.298787
O-SSM	13579	NYU	0	0.856477	1	1.285571
O-SSM	13579	NYU	0	0.762654	1	0.89723
O-SSM	13579	NYU	0	0.723838	1	0.76944
O-SSM	13579	UM_1	1	0.28294	0	1.291165
O-SSM	13579	UM_1	1	0.310551	0	0.990134
O-SSM	13579	UM_1	1	0.344395	0	0.640452
O-SSM	13579	UM_1	0	0.310257	0	0.993264
O-SSM	13579	UM_1	0	0.403291	0	0.067403
O-SSM	13579	UM_1	0	0.268258	0	1.458438
O-SSM	13579	UCLA_1	1	0.643695	1	1.518104
O-SSM	13579	UCLA_1	1	0.646516	1	1.360694
O-SSM	13579	UCLA_1	1	0.64759	1	1.300583
O-SSM	13579	UCLA_1	0	0.658143	1	0.705622
O-SSM	13579	UCLA_1	0	0.653601	1	0.962736
O-SSM	13579	UCLA_1	0	0.660977	1	0.544347
O-SSM	13579	YALE	1	0.346493	0	0.808355
O-SSM	13579	YALE	1	0.338182	0	0.743273
O-SSM	13579	YALE	1	0.31861	0	0.586793
O-SSM	13579	YALE	0	0.270741	0	0.180089
O-SSM	13579	YALE	0	0.307401	0	0.494888
O-SSM	13579	YALE	0	0.380366	0	1.066619
O-SSM	13579	PITT	1	0.502747	1	1.098298
O-SSM	13579	PITT	1	0.471582	0	1.409199
O-SSM	13579	PITT	1	0.524373	1	0.882577
O-SSM	13579	PITT	0	0.541721	1	0.708904
O-SSM	13579	PITT	0	0.516465	1	0.961518
O-SSM	13579	PITT	0	0.474386	0	1.381171
O-SSM	13579	USM	1	0.523995	1	0.364098
O-SSM	13579	USM	1	0.573213	1	0.723808
O-SSM	13579	USM	1	0.523986	1	0.364028
O-SSM	13579	USM	0	0.512844	1	0.283324
O-SSM	13579	USM	0	0.568936	1	0.692227
O-SSM	13579	USM	0	0.646994	1	1.285977
O-SSM	13579	MAX_MUN	1	0.296542	0	0.142464
O-SSM	13579	MAX_MUN	1	0.4156	0	0.305488
O-SSM	13579	MAX_MUN	1	0.971587	1	1.512808
O-SSM	13579	MAX_MUN	0	0.797125	1	0.838327
O-SSM	13579	MAX_MUN	0	0.622253	1	0.567339
O-SSM	13579	MAX_MUN	0	0.97915	1	1.611713
O-SSM	13579	TRINITY	1	0.354008	0	1.865001
O-SSM	13579	TRINITY	1	0.361238	0	0.632018
O-SSM	13579	TRINITY	1	0.354154	0	1.839959
O-SSM	13579	TRINITY	0	0.361174	0	0.642917
O-SSM	13579	TRINITY	0	0.36159	0	0.572354
O-SSM	13579	TRINITY	0	0.358912	0	1.027558
O-SSM	13579	KKI	1	0.246922	0	1.074775
O-SSM	13579	KKI	1	0.26261	0	1.308377
O-SSM	13579	KKI	1	0.23201	0	0.843281
O-SSM	13579	KKI	0	0.246772	0	1.072501
O-SSM	13579	KKI	0	0.267207	0	1.375116
O-SSM	13579	KKI	0	0.308704	0	1.947909
O-SSM	13579	STANFORD	1	0.683643	1	2.394457
O-SSM	13579	STANFORD	1	0.554469	1	1.290608
O-SSM	13579	STANFORD	1	0.896624	1	5.174365
O-SSM	13579	STANFORD	0	0.500623	1	0.858023
O-SSM	13579	STANFORD	0	0.543583	1	1.202658
O-SSM	13579	STANFORD	0	0.450714	0	0.457393
O-SSM	13579	CALTECH	1	0.516693	1	0.720091
O-SSM	13579	CALTECH	1	0.527655	1	0.77281
O-SSM	13579	CALTECH	0	0.557092	1	0.91516
O-SSM	13579	CALTECH	0	0.565476	1	0.956017
O-SSM	13579	LEUVEN_2	1	0.697207	1	1.703671
O-SSM	13579	LEUVEN_2	1	0.642798	1	1.199921
O-SSM	13579	LEUVEN_2	0	0.621227	1	1.010334
O-SSM	13579	LEUVEN_2	0	0.644733	1	1.217167
O-SSM	13579	OLIN	1	0.463904	0	1.180007
O-SSM	13579	OLIN	1	0.219294	0	0.095075
O-SSM	13579	OLIN	0	0.782554	1	2.554314
O-SSM	13579	OLIN	0	0.234751	0	0.180034
O-SSM	13579	SBL	1	0.604154	1	1.36151
O-SSM	13579	SBL	1	0.634485	1	1.628874
O-SSM	13579	SBL	0	0.560069	1	0.98475
O-SSM	13579	SBL	0	0.522895	1	0.673563
O-SSM	13579	LEUVEN_1	1	0.338143	0	0.936608
O-SSM	13579	LEUVEN_1	1	0.32514	0	0.666662
O-SSM	13579	LEUVEN_1	0	0.342477	0	1.025443
O-SSM	13579	LEUVEN_1	0	0.360712	0	1.393544
O-SSM	13579	SDSU	1	0.28829	0	0.309915
O-SSM	13579	SDSU	1	0.354276	0	0.881099
O-SSM	13579	SDSU	0	0.455731	0	1.676959
O-SSM	13579	SDSU	0	0.443223	0	1.581796
O-SSM	13579	CMU	1	0.275709	0	1.065718
O-SSM	13579	CMU	1	0.380622	0	0.077094
O-SSM	13579	CMU	0	0.335196	0	0.48553
O-SSM	13579	CMU	0	0.344237	0	0.402334
O-SSM	13579	UCLA_2	1	0.320588	0	0.806488
O-SSM	13579	UCLA_2	1	0.35532	0	1.187841
O-SSM	13579	UCLA_2	0	0.281774	0	0.353254
O-SSM	13579	UCLA_2	0	0.324987	0	0.855886
O-SSM	13579	UM_2	1	0.674525	1	1.796833
O-SSM	13579	UM_2	1	0.601112	1	1.059444
O-SSM	13579	UM_2	0	0.635237	1	1.394212
O-SSM	13579	UM_2	0	0.531249	1	0.4
O-SSM	13579	OHSU	1	0.575731	1	1.001997
O-SSM	13579	OHSU	1	0.570709	1	0.873711
O-SSM	13579	OHSU	0	0.597427	1	1.561256
O-SSM	13579	OHSU	0	0.570802	1	0.876086
O-SSM	54321	NYU	1	0.620751	1	0.345516
O-SSM	54321	NYU	1	0.646675	1	0.457982
O-SSM	54321	NYU	1	0.632438	1	0.395806
O-SSM	54321	NYU	0	0.770238	1	1.067233
O-SSM	54321	NYU	0	0.718381	1	0.792196
O-SSM	54321	NYU	0	0.802685	1	1.262037
O-SSM	54321	UM_1	1	0.5367	1	2.306603
O-SSM	54321	UM_1	1	0.468264	0	1.836515
O-SSM	54321	UM_1	1	0.323068	0	0.786211
O-SSM	54321	UM_1	0	0.373016	0	1.164108
O-SSM	54321	UM_1	0	0.241426	0	0.091538
O-SSM	54321	UM_1	0	0.292305	0	0.538446
O-SSM	54321	UCLA_1	1	0.264482	0	1.017706
O-SSM	54321	UCLA_1	1	0.253319	0	1.459341
O-SSM	54321	UCLA_1	1	0.269336	0	0.829438
O-SSM	54321	UCLA_1	0	0.275691	0	0.586149
O-SSM	54321	UCLA_1	0	0.258467	0	1.254137
O-SSM	54321	UCLA_1	0	0.269627	0	0.818223
O-SSM	54321	YALE	1	0.323772	0	0.977165
O-SSM	54321	YALE	1	0.307047	0	0.734884
O-SSM	54321	YALE	1	0.294318	0	0.545551
O-SSM	54321	YALE	0	0.275592	0	0.258052
O-SSM	54321	YALE	0	0.286935	0	0.433547
O-SSM	54321	YALE	0	0.362718	0	1.517912
O-SSM	54321	PITT	1	0.610908	1	1.618434
O-SSM	54321	PITT	1	0.677031	1	1.984318
O-SSM	54321	PITT	1	0.461141	0	0.85019
O-SSM	54321	PITT	0	0.449892	0	0.792777
O-SSM	54321	PITT	0	0.499777	0	1.046225
O-SSM	54321	PITT	0	0.603933	1	1.58141
O-SSM	54321	USM	1	0.390498	0	0.248724
O-SSM	54321	USM	1	0.346315	0	0.829762
O-SSM	54321	USM	1	0.389455	0	0.262127
O-SSM	54321	USM	0	0.383955	0	0.333024
O-SSM	54321	USM	0	0.346705	0	0.824494
O-SSM	54321	USM	0	0.307455	0	1.370175
O-SSM	54321	MAX_MUN	1	0.068537	0	0.164582
O-SSM	54321	MAX_MUN	1	0.08385	0	0.3556
O-SSM	54321	MAX_MUN	1	0.237925	0	1.429668
O-SSM	54321	MAX_MUN	0	0.141337	0	0.869343
O-SSM	54321	MAX_MUN	0	0.114006	0	0.653817
O-SSM	54321	MAX_MUN	0	0.141294	0	0.869035
O-SSM	54321	TRINITY	1	0.371715	0	1.818221
O-SSM	54321	TRINITY	1	0.366129	0	1.687432
O-SSM	54321	TRINITY	1	0.38101	0	2.034099
O-SSM	54321	TRINITY	0	0.324787	0	0.689967
O-SSM	54321	TRINITY	0	0.323075	0	0.647356
O-SSM	54321	TRINITY	0	0.347743	0	1.250756
O-SSM	54321	KKI	1	0.748954	1	1.125841
O-SSM	54321	KKI	1	0.863484	1	1.569896
O-SSM	54321	KKI	1	0.675533	1	0.913285
O-SSM	54321	KKI	0	0.715265	1	1.02424
O-SSM	54321	KKI	0	0.728002	1	1.061711
O-SSM	54321	KKI	0	0.965406	1	2.446986
O-SSM	54321	STANFORD	1	0.764889	1	2.755085
O-SSM	54321	STANFORD	1	0.585463	1	1.148221
O-SSM	54321	STANFORD	1	0.853548	1	3.877835
O-SSM	54321	STANFORD	0	0.537044	1	0.769257
O-SSM	54321	STANFORD	0	0.547965	1	0.853999
O-SSM	54321	STANFORD	0	0.481191	0	0.338447
O-SSM	54321	CALTECH	1	0.386582	0	0.537693
O-SSM	54321	CALTECH	1	0.359561	0	0.438218
O-SSM	54321	CALTECH	0	0.645787	1	1.452043
O-SSM	54321	CALTECH	0	0.434648	0	0.708803
O-SSM	54321	LEUVEN_2	1	0.494422	0	1.616707
O-SSM	54321	LEUVEN_2	1	0.408321	0	0.990131
O-SSM	54321	LEUVEN_2	0	0.432028	0	1.165074
O-SSM	54321	LEUVEN_2	0	0.457672	0	1.351759
O-SSM	54321	OLIN	1	0.616016	1	0.809894
O-SSM	54321	OLIN	1	0.498148	0	0.154039
O-SSM	54321	OLIN	0	0.732121	1	1.537685
O-SSM	54321	OLIN	0	0.515943	1	0.251311
O-SSM	54321	SBL	1	0.773381	1	1.659726
O-SSM	54321	SBL	1	0.750433	1	1.506537
O-SSM	54321	SBL	0	0.775813	1	1.67658
O-SSM	54321	SBL	0	0.585877	1	0.59408
O-SSM	54321	LEUVEN_1	1	0.270626	0	0.732599
O-SSM	54321	LEUVEN_1	1	0.271562	0	0.759666
O-SSM	54321	LEUVEN_1	0	0.281284	0	1.037449
O-SSM	54321	LEUVEN_1	0	0.286596	0	1.18675
O-SSM	54321	SDSU	1	0.518411	1	0.455412
O-SSM	54321	SDSU	1	0.544274	1	0.648819
O-SSM	54321	SDSU	0	0.678885	1	1.712056
O-SSM	54321	SDSU	0	0.659656	1	1.550285
O-SSM	54321	CMU	1	0.220603	0	1.464375
O-SSM	54321	CMU	1	0.424998	0	0.106055
O-SSM	54321	CMU	0	0.348329	0	0.5647
O-SSM	54321	CMU	0	0.352509	0	0.53871
O-SSM	54321	UCLA_2	1	0.604141	1	0.608786
O-SSM	54321	UCLA_2	1	0.622951	1	0.82389
O-SSM	54321	UCLA_2	0	0.572179	1	0.250903
O-SSM	54321	UCLA_2	0	0.611934	1	0.697437
O-SSM	54321	UM_2	1	0.982174	1	2.30081
O-SSM	54321	UM_2	1	0.832228	1	1.292401
O-SSM	54321	UM_2	0	0.924629	1	1.671651
O-SSM	54321	UM_2	0	0.432434	0	0.507727
O-SSM	54321	OHSU	1	0.726088	1	1.311646
O-SSM	54321	OHSU	1	0.532985	1	0.578192
O-SSM	54321	OHSU	0	0.651573	1	1.007986
O-SSM	54321	OHSU	0	0.709827	1	1.241741
O-SSM	67890	NYU	1	0.398809	0	0.299943
O-SSM	67890	NYU	1	0.432943	0	0.429618
O-SSM	67890	NYU	1	0.392318	0	0.274899
O-SSM	67890	NYU	0	0.700055	1	1.46037
O-SSM	67890	NYU	0	0.533421	1	0.802042
O-SSM	67890	NYU	0	0.630021	1	1.16957
O-SSM	67890	UM_1	1	0.714469	1	1.343435
O-SSM	67890	UM_1	1	0.703591	1	1.251491
O-SSM	67890	UM_1	1	0.62822	1	0.658901
O-SSM	67890	UM_1	0	0.686939	1	1.114426
O-SSM	67890	UM_1	0	0.549493	1	0.090563
O-SSM	67890	UM_1	0	0.692774	1	1.161977
O-SSM	67890	UCLA_1	1	0.56763	1	1.19165
O-SSM	67890	UCLA_1	1	0.573234	1	1.217054
O-SSM	67890	UCLA_1	1	0.50212	1	0.898677
O-SSM	67890	UCLA_1	0	0.444159	0	0.640071
O-SSM	67890	UCLA_1	0	0.467173	0	0.743171
O-SSM	67890	UCLA_1	0	0.431348	0	0.582237
O-SSM	67890	YALE	1	0.819885	1	0.873641
O-SSM	67890	YALE	1	0.80428	1	0.507159
O-SSM	67890	YALE	1	0.806974	1	0.568781
O-SSM	67890	YALE	0	0.792136	1	0.237
O-SSM	67890	YALE	0	0.804338	1	0.508484
O-SSM	67890	YALE	0	0.819921	1	0.874509
O-SSM	67890	PITT	1	0.528455	1	1.334322
O-SSM	67890	PITT	1	0.587173	1	1.741077
O-SSM	67890	PITT	1	0.442883	0	0.74826
O-SSM	67890	PITT	0	0.43428	0	0.688631
O-SSM	67890	PITT	0	0.454283	0	0.826914
O-SSM	67890	PITT	0	0.522138	1	1.291088
O-SSM	67890	USM	1	0.417036	0	0.35671
O-SSM	67890	USM	1	0.589037	1	0.850931
O-SSM	67890	USM	1	0.383949	0	0.258662
O-SSM	67890	USM	0	0.406067	0	0.324498
O-SSM	67890	USM	0	0.493241	0	0.575692
O-SSM	67890	USM	0	0.721697	1	1.27259
O-SSM	67890	MAX_MUN	1	0.335257	0	0.194259
O-SSM	67890	MAX_MUN	1	0.35373	0	0.329053
O-SSM	67890	MAX_MUN	1	0.619083	1	2.122083
O-SSM	67890	MAX_MUN	0	0.472146	0	1.138222
O-SSM	67890	MAX_MUN	0	0.423374	0	0.812994
O-SSM	67890	MAX_MUN	0	0.543711	1	1.610755
O-SSM	67890	TRINITY	1	0.756967	1	1.515268
O-SSM	67890	TRINITY	1	0.686301	1	1.090001
O-SSM	67890	TRINITY	1	0.719776	1	1.28319
O-SSM	67890	TRINITY	0	0.57103	1	0.491869
O-SSM	67890	TRINITY	0	0.567132	1	0.472733
O-SSM	67890	TRINITY	0	0.709492	1	1.222476
O-SSM	67890	KKI	1	0.384537	0	1.007686
O-SSM	67890	KKI	1	0.400186	0	1.142437
O-SSM	67890	KKI	1	0.370574	0	0.885719
O-SSM	67890	KKI	0	0.387754	0	1.035545
O-SSM	67890	KKI	0	0.399867	0	1.139707
O-SSM	67890	KKI	0	0.577446	1	2.614203
O-SSM	67890	STANFORD	1	0.512831	1	1.558115
O-SSM	67890	STANFORD	1	0.539191	1	1.125369
O-SSM	67890	STANFORD	1	0.37755	0	3.814108
O-SSM	67890	STANFORD	0	0.56118	1	0.761711
O-SSM	67890	STANFORD	0	0.498841	0	1.78716
O-SSM	67890	STANFORD	0	0.58741	1	0.322544
O-SSM	67890	CALTECH	1	0.509594	1	0.503967
O-SSM	67890	CALTECH	1	0.524645	1	0.569899
O-SSM	67890	CALTECH	0	0.680026	1	1.286596
O-SSM	67890	CALTECH	0	0.592694	1	0.872286
O-SSM	67890	LEUVEN_2	1	0.641183	1	1.324027
O-SSM	67890	LEUVEN_2	1	0.638619	1	1.301208
O-SSM	67890	LEUVEN_2	0	0.605482	1	1.011999
O-SSM	67890	LEUVEN_2	0	0.660782	1	1.500977
O-SSM	67890	OLIN	1	0.776529	1	1.531064
O-SSM	67890	OLIN	1	0.300645	0	0.125978
O-SSM	67890	OLIN	0	0.891227	1	2.107803
O-SSM	67890	OLIN	0	0.32367	0	0.198102
O-SSM	67890	SBL	1	0.371038	0	1.24693
O-SSM	67890	SBL	1	0.354022	0	0.970443
O-SSM	67890	SBL	0	0.376656	0	1.33704
O-SSM	67890	SBL	0	0.335028	0	0.654575
O-SSM	67890	LEUVEN_1	1	0.518514	1	0.897225
O-SSM	67890	LEUVEN_1	1	0.495052	0	0.714415
O-SSM	67890	LEUVEN_1	0	0.576238	1	1.35144
O-SSM	67890	LEUVEN_1	0	0.589265	1	1.455773
O-SSM	67890	SDSU	1	0.542349	1	0.542273
O-SSM	67890	SDSU	1	0.59688	1	0.701747
O-SSM	67890	SDSU	0	0.850272	1	1.664438
O-SSM	67890	SDSU	0	0.753604	1	1.221274
O-SSM	67890	CMU	1	0.30404	0	1.20172
O-SSM	67890	CMU	1	0.302094	0	0.142321
O-SSM	67890	CMU	0	0.302654	0	0.447598
O-SSM	67890	CMU	0	0.303041	0	0.658413
O-SSM	67890	UCLA_2	1	0.801514	1	1.550722
O-SSM	67890	UCLA_2	1	0.70562	1	1.037895
O-SSM	67890	UCLA_2	0	0.551606	1	0.382042
O-SSM	67890	UCLA_2	0	0.681551	1	0.926501
O-SSM	67890	UM_2	1	0.612518	1	2.444987
O-SSM	67890	UM_2	1	0.622783	1	1.335288
O-SSM	67890	UM_2	0	0.624534	1	1.144749
O-SSM	67890	UM_2	0	0.630113	1	0.535555
O-SSM	67890	OHSU	1	0.129028	0	1.358546
O-SSM	67890	OHSU	1	0.163807	0	0.578653
O-SSM	67890	OHSU	0	0.134574	0	1.223268
O-SSM	67890	OHSU	0	0.137989	0	1.14227
O-SSM	11223	NYU	1	0.49245	0	0.338939
O-SSM	11223	NYU	1	0.523819	1	0.567535
O-SSM	11223	NYU	1	0.50857	1	0.456352
O-SSM	11223	NYU	0	0.652343	1	1.539841
O-SSM	11223	NYU	0	0.557661	1	0.815753
O-SSM	11223	NYU	0	0.601364	1	1.142544
O-SSM	11223	UM_1	1	0.424847	0	1.673862
O-SSM	11223	UM_1	1	0.441904	0	1.271712
O-SSM	11223	UM_1	1	0.463558	0	0.765709
O-SSM	11223	UM_1	0	0.465074	0	0.730426
O-SSM	11223	UM_1	0	0.492632	0	0.091004
O-SSM	11223	UM_1	0	0.457355	0	0.910239
O-SSM	11223	UCLA_1	1	0.532689	1	1.161008
O-SSM	11223	UCLA_1	1	0.645391	1	1.590776
O-SSM	11223	UCLA_1	1	0.388862	0	0.625479
O-SSM	11223	UCLA_1	0	0.348996	0	0.468086
O-SSM	11223	UCLA_1	0	0.410114	0	0.706863
O-SSM	11223	UCLA_1	0	0.365554	0	0.534328
O-SSM	11223	YALE	1	0.270317	0	1.019893
O-SSM	11223	YALE	1	0.28764	0	0.742459
O-SSM	11223	YALE	1	0.302776	0	0.508125
O-SSM	11223	YALE	0	0.319362	0	0.258829
O-SSM	11223	YALE	0	0.304933	0	0.475291
O-SSM	11223	YALE	0	0.260756	0	1.177805
O-SSM	11223	PITT	1	0.325309	0	1.157909
O-SSM	11223	PITT	1	0.433119	0	2.367044
O-SSM	11223	PITT	1	0.305933	0	0.922235
O-SSM	11223	PITT	0	0.302671	0	0.881772
O-SSM	11223	PITT	0	0.310514	0	0.978669
O-SSM	11223	PITT	0	0.361071	0	1.574905
O-SSM	11223	USM	1	0.226836	0	0.293503
O-SSM	11223	USM	1	0.226805	0	0.928516
O-SSM	11223	USM	1	0.226837	0	0.263489
O-SSM	11223	USM	0	0.226838	0	0.24131
O-SSM	11223	USM	0	0.226819	0	0.642338
O-SSM	11223	USM	0	0.22679	0	1.235309
O-SSM	11223	MAX_MUN	1	0.273145	0	0.169821
O-SSM	11223	MAX_MUN	1	0.310299	0	0.564121
O-SSM	11223	MAX_MUN	1	0.484071	0	2.174151
O-SSM	11223	MAX_MUN	0	0.365188	0	1.10258
O-SSM	11223	MAX_MUN	0	0.314463	0	0.606586
O-SSM	11223	MAX_MUN	0	0.383602	0	1.274823
O-SSM	11223	TRINITY	1	0.515367	1	2.053721
O-SSM	11223	TRINITY	1	0.385065	0	0.805224
O-SSM	11223	TRINITY	1	0.437695	0	1.318164
O-SSM	11223	TRINITY	0	0.365976	0	0.613283
O-SSM	11223	TRINITY	0	0.369559	0	0.649613
O-SSM	11223	TRINITY	0	0.410251	0	1.05317
O-SSM	11223	KKI	1	0.335818	0	1.531676
O-SSM	11223	KKI	1	0.336357	0	1.517153
O-SSM	11223	KKI	1	0.34515	0	1.281709
O-SSM	11223	KKI	0	0.345764	0	1.265374
O-SSM	11223	KKI	0	0.332041	0	1.633803
O-SSM	11223	KKI	0	0.303402	0	2.428847
O-SSM	11223	STANFORD	1	0.907203	1	1.187756
O-SSM	11223	STANFORD	1	0.870631	1	0.991113
O-SSM	11223	STANFORD	1	0.129085	0	5.081472
O-SSM	11223	STANFORD	0	0.754222	1	0.577567
O-SSM	11223	STANFORD	0	0.923061	1	1.295571
O-SSM	11223	STANFORD	0	0.706415	1	0.449485
O-SSM	11223	CALTECH	1	0.32714	0	0.621921
O-SSM	11223	CALTECH	1	0.326804	0	0.599014
O-SSM	11223	CALTECH	0	0.333806	0	1.073914
O-SSM	11223	CALTECH	0	0.333601	0	1.060128
O-SSM	11223	LEUVEN_2	1	0.894278	1	1.547723
O-SSM	11223	LEUVEN_2	1	0.816784	1	1.133627
O-SSM	11223	LEUVEN_2	0	0.89106	1	1.526009
O-SSM	11223	LEUVEN_2	0	0.872326	1	1.409678
O-SSM	11223	OLIN	1	0.361476	0	0.735377
O-SSM	11223	OLIN	1	0.222058	0	0.117231
O-SSM	11223	OLIN	0	0.574494	1	1.520004
O-SSM	11223	OLIN	0	0.226696	0	0.141292
O-SSM	11223	SBL	1	0.680284	1	1.361947
O-SSM	11223	SBL	1	0.667365	1	1.150115
O-SSM	11223	SBL	0	0.692675	1	1.569417
O-SSM	11223	SBL	0	0.631727	1	0.585622
O-SSM	11223	LEUVEN_1	1	0.712797	1	1.056879
O-SSM	11223	LEUVEN_1	1	0.695195	1	0.696998
O-SSM	11223	LEUVEN_1	0	0.730448	1	1.431256
O-SSM	11223	LEUVEN_1	0	0.709474	1	0.987977
O-SSM	11223	SDSU	1	0.436425	0	0.380996
O-SSM	11223	SDSU	1	0.512007	1	0.935228
O-SSM	11223	SDSU	0	0.621092	1	1.749371
O-SSM	11223	SDSU	0	0.5681	1	1.347759
O-SSM	11223	CMU	1	0.821271	1	1.229574
O-SSM	11223	CMU	1	0.654599	1	0.090434
O-SSM	11223	CMU	0	0.762308	1	0.767047
O-SSM	11223	CMU	0	0.729095	1	0.541527
O-SSM	11223	UCLA_2	1	0.352644	0	0.815035
O-SSM	11223	UCLA_2	1	0.389879	0	1.002276
O-SSM	11223	UCLA_2	0	0.273172	0	0.379648
O-SSM	11223	UCLA_2	0	0.384273	0	0.974556
O-SSM	11223	UM_2	1	0.401048	0	2.512996
O-SSM	11223	UM_2	1	0.378062	0	1.504478
O-SSM	11223	UM_2	0	0.376968	0	1.455932
O-SSM	11223	UM_2	0	0.355209	0	0.477659
O-SSM	11223	OHSU	1	0.447955	0	1.410631
O-SSM	11223	OHSU	1	0.381849	0	0.728523
O-SSM	11223	OHSU	0	0.445173	0	1.382484
O-SSM	11223	OHSU	0	0.413399	0	1.058056
O-SSM	44567	NYU	1	0.453483	0	0.412603
O-SSM	44567	NYU	1	0.459046	0	0.47429
O-SSM	44567	NYU	1	0.450677	0	0.381447
O-SSM	44567	NYU	0	0.540735	1	1.375038
O-SSM	44567	NYU	0	0.487273	0	0.785824
O-SSM	44567	NYU	0	0.497528	0	0.898676
O-SSM	44567	UM_1	1	0.710849	1	1.271994
O-SSM	44567	UM_1	1	0.63591	1	0.826355
O-SSM	44567	UM_1	1	0.584242	1	0.542898
O-SSM	44567	UM_1	0	0.714044	1	1.292324
O-SSM	44567	UM_1	0	0.498902	0	0.093673
O-SSM	44567	UM_1	0	0.721122	1	1.33786
O-SSM	44567	UCLA_1	1	0.174249	0	0.733454
O-SSM	44567	UCLA_1	1	0.165011	0	1.120901
O-SSM	44567	UCLA_1	1	0.173901	0	0.74775
O-SSM	44567	UCLA_1	0	0.182998	0	0.381156
O-SSM	44567	UCLA_1	0	0.174322	0	0.730427
O-SSM	44567	UCLA_1	0	0.179964	0	0.501825
O-SSM	44567	YALE	1	0.18672	0	0.87826
O-SSM	44567	YALE	1	0.185927	0	0.547321
O-SSM	44567	YALE	1	0.186268	0	0.689914
O-SSM	44567	YALE	0	0.185231	0	0.256333
O-SSM	44567	YALE	0	0.186759	0	0.894577
O-SSM	44567	YALE	0	0.187843	0	1.345038
O-SSM	44567	PITT	1	0.366308	0	1.056612
O-SSM	44567	PITT	1	0.360909	0	1.354287
O-SSM	44567	PITT	1	0.37174	0	0.759001
O-SSM	44567	PITT	0	0.368356	0	0.9442
O-SSM	44567	PITT	0	0.369439	0	0.884825
O-SSM	44567	PITT	0	0.353853	0	1.746205
O-SSM	44567	USM	1	0.389369	0	0.457647
O-SSM	44567	USM	1	0.394229	0	0.615141
O-SSM	44567	USM	1	0.385517	0	0.332315
O-SSM	44567	USM	0	0.383749	0	0.274631
O-SSM	44567	USM	0	0.397135	0	0.709003
O-SSM	44567	USM	0	0.408817	0	1.083953
O-SSM	44567	MAX_MUN	1	0.377472	0	0.116352
O-SSM	44567	MAX_MUN	1	0.457071	0	0.551503
O-SSM	44567	MAX_MUN	1	0.613976	1	1.395136
O-SSM	44567	MAX_MUN	0	0.520842	1	0.890386
O-SSM	44567	MAX_MUN	0	0.491459	0	0.734461
O-SSM	44567	MAX_MUN	0	0.619854	1	1.428117
O-SSM	44567	TRINITY	1	0.559517	1	1.711619
O-SSM	44567	TRINITY	1	0.450965	0	0.829875
O-SSM	44567	TRINITY	1	0.661032	1	2.578628
O-SSM	44567	TRINITY	0	0.411063	0	0.500622
O-SSM	44567	TRINITY	0	0.403435	0	0.436714
O-SSM	44567	TRINITY	0	0.486807	0	1.121089
O-SSM	44567	KKI	1	0.492124	0	1.02506
O-SSM	44567	KKI	1	0.74006	1	1.957412
O-SSM	44567	KKI	1	0.411416	0	0.742522
O-SSM	44567	KKI	0	0.595251	1	1.385982
O-SSM	44567	KKI	0	0.431754	0	0.814684
O-SSM	44567	KKI	0	0.73176	1	1.920468
O-SSM	44567	STANFORD	1	0.746322	1	1.588913
O-SSM	44567	STANFORD	1	0.722473	1	1.245898
O-SSM	44567	STANFORD	1	0.922856	1	5.522208
O-SSM	44567	STANFORD	0	0.727557	1	1.31741
O-SSM	44567	STANFORD	0	0.706442	1	1.025506
O-SSM	44567	STANFORD	0	0.647389	1	0.266777
O-SSM	44567	CALTECH	1	0.188144	0	0.549964
O-SSM	44567	CALTECH	1	0.187448	0	0.535097
O-SSM	44567	CALTECH	0	0.212215	0	1.039715
O-SSM	44567	CALTECH	0	0.206121	0	0.919815
O-SSM	44567	LEUVEN_2	1	0.542939	1	1.32049
O-SSM	44567	LEUVEN_2	1	0.545205	1	1.330551
O-SSM	44567	LEUVEN_2	0	0.458296	0	0.94673
O-SSM	44567	LEUVEN_2	0	0.486975	0	1.073481
O-SSM	44567	OLIN	1	0.334558	0	1.0665
O-SSM	44567	OLIN	1	0.275575	0	0.132461
O-SSM	44567	OLIN	0	0.392681	0	1.90913
O-SSM	44567	OLIN	0	0.279834	0	0.203577
O-SSM	44567	SBL	1	0.191697	0	1.648027
O-SSM	44567	SBL	1	0.195114	0	1.583905
O-SSM	44567	SBL	0	0.201015	0	1.475134
O-SSM	44567	SBL	0	0.241553	0	0.78492
O-SSM	44567	LEUVEN_1	1	0.546421	1	1.001295
O-SSM	44567	LEUVEN_1	1	0.501655	1	0.779985
O-SSM	44567	LEUVEN_1	0	0.55631	1	1.050564
O-SSM	44567	LEUVEN_1	0	0.545494	1	0.99669
O-SSM	44567	SDSU	1	0.472264	0	0.479408
O-SSM	44567	SDSU	1	0.505909	1	0.858604
O-SSM	44567	SDSU	0	0.553472	1	1.396503
O-SSM	44567	SDSU	0	0.563155	1	1.50705
O-SSM	44567	CMU	1	0.555221	1	1.460424
O-SSM	44567	CMU	1	0.113102	0	0.092487
O-SSM	44567	CMU	0	0.274908	0	0.74585
O-SSM	44567	CMU	0	0.195007	0	0.477245
O-SSM	44567	UCLA_2	1	0.442402	0	1.06522
O-SSM	44567	UCLA_2	1	0.433152	0	0.990391
O-SSM	44567	UCLA_2	0	0.357812	0	0.361513
O-SSM	44567	UCLA_2	0	0.440331	0	1.048497
O-SSM	44567	UM_2	1	0.398894	0	1.664443
O-SSM	44567	UM_2	1	0.425704	0	1.211487
O-SSM	44567	UM_2	0	0.416175	0	1.371499
O-SSM	44567	UM_2	0	0.480574	0	0.304321
O-SSM	44567	OHSU	1	0.449496	0	1.015802
O-SSM	44567	OHSU	1	0.417713	0	0.798761
O-SSM	44567	OHSU	0	0.439972	0	0.951145
O-SSM	44567	OHSU	0	0.46961	0	1.151595
O-SSM	77889	NYU	1	0.278462	0	0.37826
O-SSM	77889	NYU	1	0.28177	0	0.411976
O-SSM	77889	NYU	1	0.285663	0	0.451346
O-SSM	77889	NYU	0	0.371616	0	1.255478
O-SSM	77889	NYU	0	0.326816	0	0.849907
O-SSM	77889	NYU	0	0.337178	0	0.94594
O-SSM	77889	UM_1	1	0.86735	1	1.392798
O-SSM	77889	UM_1	1	0.676725	1	0.814945
O-SSM	77889	UM_1	1	0.614388	1	0.676455
O-SSM	77889	UM_1	0	0.69291	1	0.852994
O-SSM	77889	UM_1	0	0.327711	0	0.075574
O-SSM	77889	UM_1	0	0.757057	1	1.016793
O-SSM	77889	UCLA_1	1	0.353471	0	1.173973
O-SSM	77889	UCLA_1	1	0.360934	0	1.125579
O-SSM	77889	UCLA_1	1	0.41612	0	0.779315
O-SSM	77889	UCLA_1	0	0.454423	0	0.547208
O-SSM	77889	UCLA_1	0	0.38738	0	0.957393
O-SSM	77889	UCLA_1	0	0.472592	0	0.43842
O-SSM	77889	YALE	1	0.577718	1	1.418526
O-SSM	77889	YALE	1	0.488579	0	0.576323
O-SSM	77889	YALE	1	0.468304	0	0.385746
O-SSM	77889	YALE	0	0.450618	0	0.218708
O-SSM	77889	YALE	0	0.474796	0	0.446841
O-SSM	77889	YALE	0	0.545931	1	1.115586
O-SSM	77889	PITT	1	0.523485	1	1.075946
O-SSM	77889	PITT	1	0.549758	1	1.578752
O-SSM	77889	PITT	1	0.519304	1	0.996234
O-SSM	77889	PITT	0	0.504025	1	0.705281
O-SSM	77889	PITT	0	0.508413	1	0.788798
O-SSM	77889	PITT	0	0.536071	1	1.316333
O-SSM	77889	USM	1	0.455878	0	0.291714
O-SSM	77889	USM	1	0.46593	0	0.884241
O-SSM	77889	USM	1	0.456783	0	0.345159
O-SSM	77889	USM	0	0.455422	0	0.264805
O-SSM	77889	USM	0	0.465353	0	0.850321
O-SSM	77889	USM	0	0.475832	0	1.466361
O-SSM	77889	MAX_MUN	1	0.241506	0	0.172206
O-SSM	77889	MAX_MUN	1	0.223049	0	0.712943
O-SSM	77889	MAX_MUN	1	0.204171	0	1.300152
O-SSM	77889	MAX_MUN	0	0.221571	0	0.757578
O-SSM	77889	MAX_MUN	0	0.22381	0	0.690032
O-SSM	77889	MAX_MUN	0	0.208433	0	1.164221
O-SSM	77889	TRINITY	1	0.704821	1	2.702087
O-SSM	77889	TRINITY	1	0.402141	0	0.921554
O-SSM	77889	TRINITY	1	0.581612	1	1.941805
O-SSM	77889	TRINITY	0	0.326703	0	0.462576
O-SSM	77889	TRINITY	0	0.328282	0	0.472655
O-SSM	77889	TRINITY	0	0.509377	1	1.531595
O-SSM	77889	KKI	1	0.414346	0	0.872857
O-SSM	77889	KKI	1	0.424239	0	1.313523
O-SSM	77889	KKI	1	0.411891	0	0.763045
O-SSM	77889	KKI	0	0.415102	0	0.906659
O-SSM	77889	KKI	0	0.419125	0	1.0861
O-SSM	77889	KKI	0	0.440681	0	2.040087
O-SSM	77889	STANFORD	1	0.646437	1	1.880309
O-SSM	77889	STANFORD	1	0.593154	1	1.391391
O-SSM	77889	STANFORD	1	0.940474	1	6.537536
O-SSM	77889	STANFORD	0	0.550349	1	1.013599
O-SSM	77889	STANFORD	0	0.592727	1	1.387574
O-SSM	77889	STANFORD	0	0.476639	0	0.37525
O-SSM	77889	CALTECH	1	0.518489	1	0.387144
O-SSM	77889	CALTECH	1	0.503147	1	0.258278
O-SSM	77889	CALTECH	0	0.554365	1	0.690071
O-SSM	77889	CALTECH	0	0.566561	1	0.793984
O-SSM	77889	LEUVEN_2	1	0.84129	1	1.4915
O-SSM	77889	LEUVEN_2	1	0.830791	1	1.421876
O-SSM	77889	LEUVEN_2	0	0.780255	1	1.127362
O-SSM	77889	LEUVEN_2	0	0.814273	1	1.318981
O-SSM	77889	OLIN	1	0.64736	1	1.085115
O-SSM	77889	OLIN	1	0.568649	1	0.160644
O-SSM	77889	OLIN	0	0.674366	1	1.421673
O-SSM	77889	OLIN	0	0.568403	1	0.157849
O-SSM	77889	SBL	1	0.48809	0	1.676269
O-SSM	77889	SBL	1	0.499988	0	1.317635
O-SSM	77889	SBL	0	0.496727	0	1.415928
O-SSM	77889	SBL	0	0.520608	1	0.695884
O-SSM	77889	LEUVEN_1	1	0.329064	0	0.987529
O-SSM	77889	LEUVEN_1	1	0.329891	0	0.890111
O-SSM	77889	LEUVEN_1	0	0.327155	0	1.213182
O-SSM	77889	LEUVEN_1	0	0.325308	0	1.432073
O-SSM	77889	SDSU	1	0.427541	0	0.454779
O-SSM	77889	SDSU	1	0.452039	0	0.614198
O-SSM	77889	SDSU	0	0.608233	1	1.62775
O-SSM	77889	SDSU	0	0.631948	1	1.789149
O-SSM	77889	CMU	1	0.38073	0	1.066435
O-SSM	77889	CMU	1	0.343565	0	0.11064
O-SSM	77889	CMU	0	0.367272	0	0.72515
O-SSM	77889	CMU	0	0.359581	0	0.527784
O-SSM	77889	UCLA_2	1	0.517934	1	0.956093
O-SSM	77889	UCLA_2	1	0.516832	1	0.700088
O-SSM	77889	UCLA_2	0	0.515318	1	0.348574
O-SSM	77889	UCLA_2	0	0.518362	1	1.055427
O-SSM	77889	UM_2	1	0.306806	0	2.555745
O-SSM	77889	UM_2	1	0.291826	0	1.177546
O-SSM	77889	UM_2	0	0.291031	0	1.103254
O-SSM	77889	UM_2	0	0.284552	0	0.493466
O-SSM	77889	OHSU	1	0.787451	1	1.137081
O-SSM	77889	OHSU	1	0.7546	1	0.746547
O-SSM	77889	OHSU	0	0.779286	1	1.036231
O-SSM	77889	OHSU	0	0.788878	1	1.154988
O-SSM	99001	NYU	1	0.247559	0	0.362515
O-SSM	99001	NYU	1	0.254559	0	0.458429
O-SSM	99001	NYU	1	0.247675	0	0.364124
O-SSM	99001	NYU	0	0.330077	0	1.402898
O-SSM	99001	NYU	0	0.280283	0	0.796913
O-SSM	99001	NYU	0	0.300323	0	1.047573
O-SSM	99001	UM_1	1	0.478168	0	1.841913
O-SSM	99001	UM_1	1	0.401865	0	1.125714
O-SSM	99001	UM_1	1	0.375951	0	0.873978
O-SSM	99001	UM_1	0	0.386826	0	0.980369
O-SSM	99001	UM_1	0	0.300061	0	0.088721
O-SSM	99001	UM_1	0	0.375708	0	0.871588
O-SSM	99001	UCLA_1	1	0.669983	1	0.957109
O-SSM	99001	UCLA_1	1	0.678604	1	1.229343
O-SSM	99001	UCLA_1	1	0.677277	1	1.187205
O-SSM	99001	UCLA_1	0	0.660998	1	0.677162
O-SSM	99001	UCLA_1	0	0.660991	1	0.676944
O-SSM	99001	UCLA_1	0	0.658657	1	0.604852
O-SSM	99001	YALE	1	0.581371	1	1.082363
O-SSM	99001	YALE	1	0.512612	1	0.671463
O-SSM	99001	YALE	1	0.481453	0	0.48714
O-SSM	99001	YALE	0	0.43271	0	0.19653
O-SSM	99001	YALE	0	0.507733	1	0.642598
O-SSM	99001	YALE	0	0.593507	1	1.1564
O-SSM	99001	PITT	1	0.521476	1	1.516302
O-SSM	99001	PITT	1	0.541186	1	1.949144
O-SSM	99001	PITT	1	0.491073	0	0.851002
O-SSM	99001	PITT	0	0.50625	1	1.182984
O-SSM	99001	PITT	0	0.490729	0	0.843475
O-SSM	99001	PITT	0	0.49914	0	1.027458
O-SSM	99001	USM	1	0.398758	0	0.492238
O-SSM	99001	USM	1	0.396839	0	0.873794
O-SSM	99001	USM	1	0.399597	0	0.325499
O-SSM	99001	USM	0	0.400167	0	0.212159
O-SSM	99001	USM	0	0.397576	0	0.727237
O-SSM	99001	USM	0	0.394062	0	1.42752
O-SSM	99001	MAX_MUN	1	0.462645	0	0.144336
O-SSM	99001	MAX_MUN	1	0.452364	0	0.533335
O-SSM	99001	MAX_MUN	1	0.412245	0	2.069328
O-SSM	99001	MAX_MUN	0	0.441358	0	0.951474
O-SSM	99001	MAX_MUN	0	0.437335	0	1.104857
O-SSM	99001	MAX_MUN	0	0.432473	0	1.290611
O-SSM	99001	TRINITY	1	0.536232	1	1.832667
O-SSM	99001	TRINITY	1	0.412573	0	0.834345
O-SSM	99001	TRINITY	1	0.625622	1	2.570208
O-SSM	99001	TRINITY	0	0.376785	0	0.534199
O-SSM	99001	TRINITY	0	0.372821	0	0.500323
O-SSM	99001	TRINITY	0	0.454981	0	1.180334
O-SSM	99001	KKI	1	0.812881	1	1.202582
O-SSM	99001	KKI	1	0.824445	1	1.250298
O-SSM	99001	KKI	1	0.622564	1	0.609598
O-SSM	99001	KKI	0	0.741727	1	0.949152
O-SSM	99001	KKI	0	0.725051	1	0.896914
O-SSM	99001	KKI	0	0.969594	1	2.423223
O-SSM	99001	STANFORD	1	0.680783	1	1.073582
O-SSM	99001	STANFORD	1	0.663181	1	1.335061
O-SSM	99001	STANFORD	1	0.373933	0	5.240315
O-SSM	99001	STANFORD	0	0.671762	1	1.208495
O-SSM	99001	STANFORD	0	0.699789	1	0.782479
O-SSM	99001	STANFORD	0	0.72565	1	0.368767
O-SSM	99001	CALTECH	1	0.238954	0	0.519515
O-SSM	99001	CALTECH	1	0.230527	0	0.457582
O-SSM	99001	CALTECH	0	0.257084	0	0.647874
O-SSM	99001	CALTECH	0	0.323082	0	1.0723
O-SSM	99001	LEUVEN_2	1	0.381466	0	1.236042
O-SSM	99001	LEUVEN_2	1	0.383429	0	0.983504
O-SSM	99001	LEUVEN_2	0	0.381008	0	1.29497
O-SSM	99001	LEUVEN_2	0	0.383727	0	0.945236
O-SSM	99001	OLIN	1	0.701671	1	0.939197
O-SSM	99001	OLIN	1	0.635923	1	0.148835
O-SSM	99001	OLIN	0	0.751403	1	1.605476
O-SSM	99001	OLIN	0	0.638441	1	0.17777
O-SSM	99001	SBL	1	0.33249	0	1.815005
O-SSM	99001	SBL	1	0.313915	0	1.182116
O-SSM	99001	SBL	0	0.323642	0	1.515897
O-SSM	99001	SBL	0	0.293993	0	0.480205
O-SSM	99001	LEUVEN_1	1	0.592745	1	0.833843
O-SSM	99001	LEUVEN_1	1	0.570493	1	0.743217
O-SSM	99001	LEUVEN_1	0	0.636384	1	1.016533
O-SSM	99001	LEUVEN_1	0	0.635668	1	1.013468
O-SSM	99001	SDSU	1	0.438962	0	0.460214
O-SSM	99001	SDSU	1	0.594726	1	0.788593
O-SSM	99001	SDSU	0	0.709131	1	1.053648
O-SSM	99001	SDSU	0	0.705574	1	1.044675
O-SSM	99001	CMU	1	0.444222	0	0.91887
O-SSM	99001	CMU	1	0.652232	1	0.0787
O-SSM	99001	CMU	0	0.51304	1	0.646782
O-SSM	99001	CMU	0	0.553551	1	0.486354
O-SSM	99001	UCLA_2	1	0.478903	0	0.74022
O-SSM	99001	UCLA_2	1	0.506669	1	1.001162
O-SSM	99001	UCLA_2	0	0.430588	0	0.282246
O-SSM	99001	UCLA_2	0	0.529478	1	1.215744
O-SSM	99001	UM_2	1	0.232471	0	2.652277
O-SSM	99001	UM_2	1	0.36466	0	1.411437
O-SSM	99001	UM_2	0	0.222069	0	2.767266
O-SSM	99001	UM_2	0	0.476933	0	0.512936
O-SSM	99001	OHSU	1	0.717925	1	1.11039
O-SSM	99001	OHSU	1	0.584136	1	0.644185
O-SSM	99001	OHSU	0	0.708009	1	1.072383
O-SSM	99001	OHSU	0	0.743834	1	1.213761
O-SSM	31415	NYU	1	0.305583	0	0.361823
O-SSM	31415	NYU	1	0.322632	0	0.507052
O-SSM	31415	NYU	1	0.312787	0	0.423709
O-SSM	31415	NYU	0	0.384054	0	1.001251
O-SSM	31415	NYU	0	0.380556	0	0.974075
O-SSM	31415	NYU	0	0.430748	0	1.356456
O-SSM	31415	UM_1	1	0.265998	0	1.816061
O-SSM	31415	UM_1	1	0.280147	0	1.152673
O-SSM	31415	UM_1	1	0.293615	0	0.539997
O-SSM	31415	UM_1	0	0.281139	0	1.106925
O-SSM	31415	UM_1	0	0.304055	0	0.076321
O-SSM	31415	UM_1	0	0.289703	0	0.716184
O-SSM	31415	UCLA_1	1	0.351389	0	1.075469
O-SSM	31415	UCLA_1	1	0.318133	0	1.402995
O-SSM	31415	UCLA_1	1	0.353306	0	1.057058
O-SSM	31415	UCLA_1	0	0.385889	0	0.750386
O-SSM	31415	UCLA_1	0	0.308628	0	1.499822
O-SSM	31415	UCLA_1	0	0.400577	0	0.615441
O-SSM	31415	YALE	1	0.47571	0	0.812415
O-SSM	31415	YALE	1	0.48696	0	0.87566
O-SSM	31415	YALE	1	0.394487	0	0.347521
O-SSM	31415	YALE	0	0.360469	0	0.144246
O-SSM	31415	YALE	0	0.450866	0	0.672159
O-SSM	31415	YALE	0	0.504308	1	0.973063
O-SSM	31415	PITT	1	0.302923	0	1.283917
O-SSM	31415	PITT	1	0.304676	0	1.51881
O-SSM	31415	PITT	1	0.301863	0	1.141686
O-SSM	31415	PITT	0	0.301032	0	1.029908
O-SSM	31415	PITT	0	0.2993	0	0.796295
O-SSM	31415	PITT	0	0.303766	0	1.396933
O-SSM	31415	USM	1	0.460234	0	0.281199
O-SSM	31415	USM	1	0.640317	1	0.805033
O-SSM	31415	USM	1	0.457152	0	0.272366
O-SSM	31415	USM	0	0.468594	0	0.305116
O-SSM	31415	USM	0	0.539888	1	0.508406
O-SSM	31415	USM	0	0.833046	1	1.538423
O-SSM	31415	MAX_MUN	1	0.413458	0	0.166754
O-SSM	31415	MAX_MUN	1	0.481947	0	0.424939
O-SSM	31415	MAX_MUN	1	0.651873	1	1.075915
O-SSM	31415	MAX_MUN	0	0.59907	1	0.865887
O-SSM	31415	MAX_MUN	0	0.512502	1	0.538715
O-SSM	31415	MAX_MUN	0	0.655921	1	1.092559
O-SSM	31415	TRINITY	1	0.983133	1	2.069544
O-SSM	31415	TRINITY	1	0.767843	1	1.0265
O-SSM	31415	TRINITY	1	0.996994	1	2.927219
O-SSM	31415	TRINITY	0	0.593596	1	0.729381
O-SSM	31415	TRINITY	0	0.568375	1	0.69171
O-SSM	31415	TRINITY	0	0.910147	1	1.43338
O-SSM	31415	KKI	1	0.546114	1	1.183627
O-SSM	31415	KKI	1	0.55088	1	1.209946
O-SSM	31415	KKI	1	0.470179	0	0.767254
O-SSM	31415	KKI	0	0.511316	1	0.99253
O-SSM	31415	KKI	0	0.504624	1	0.955903
O-SSM	31415	KKI	0	0.876108	1	3.606143
O-SSM	31415	STANFORD	1	0.410024	0	1.425866
O-SSM	31415	STANFORD	1	0.494459	0	0.902342
O-SSM	31415	STANFORD	1	0.057217	0	5.161332
O-SSM	31415	STANFORD	0	0.552794	1	0.543632
O-SSM	31415	STANFORD	0	0.516187	1	0.769152
O-SSM	31415	STANFORD	0	0.563357	1	0.478008
O-SSM	31415	CALTECH	1	0.573552	1	0.649716
O-SSM	31415	CALTECH	1	0.573314	1	0.648476
O-SSM	31415	CALTECH	0	0.655708	1	1.092163
O-SSM	31415	CALTECH	0	0.626126	1	0.92861
O-SSM	31415	LEUVEN_2	1	0.762093	1	1.596456
O-SSM	31415	LEUVEN_2	1	0.591588	1	0.926204
O-SSM	31415	LEUVEN_2	0	0.669894	1	1.21095
O-SSM	31415	LEUVEN_2	0	0.62894	1	1.058908
O-SSM	31415	OLIN	1	0.377165	0	0.758294
O-SSM	31415	OLIN	1	0.455703	0	0.154116
O-SSM	31415	OLIN	0	0.284843	0	1.539691
O-SSM	31415	OLIN	0	0.441783	0	0.259076
O-SSM	31415	SBL	1	0.846842	1	1.523789
O-SSM	31415	SBL	1	0.805195	1	1.322076
O-SSM	31415	SBL	0	0.880132	1	1.720422
O-SSM	31415	SBL	0	0.706289	1	0.946571
O-SSM	31415	LEUVEN_1	1	0.675461	1	1.335773
O-SSM	31415	LEUVEN_1	1	0.47913	0	0.674555
O-SSM	31415	LEUVEN_1	0	0.676702	1	1.340363
O-SSM	31415	LEUVEN_1	0	0.618464	1	1.133358
O-SSM	31415	SDSU	1	0.534529	1	0.583284
O-SSM	31415	SDSU	1	0.546265	1	0.641134
O-SSM	31415	SDSU	0	0.81145	1	2.200649
O-SSM	31415	SDSU	0	0.696676	1	1.431903
O-SSM	31415	CMU	1	0.550482	1	1.249531
O-SSM	31415	CMU	1	0.274881	0	0.111782
O-SSM	31415	CMU	0	0.399387	0	0.657047
O-SSM	31415	CMU	0	0.37422	0	0.554068
O-SSM	31415	UCLA_2	1	0.228394	0	1.010644
O-SSM	31415	UCLA_2	1	0.272008	0	1.27434
O-SSM	31415	UCLA_2	0	0.154193	0	0.461973
O-SSM	31415	UCLA_2	0	0.283414	0	1.338715
O-SSM	31415	UM_2	1	0.561775	1	2.330362
O-SSM	31415	UM_2	1	0.466065	0	1.039074
O-SSM	31415	UM_2	0	0.510241	1	1.633506
O-SSM	31415	UM_2	0	0.425187	0	0.482779
O-SSM	31415	OHSU	1	0.431084	0	1.093954
O-SSM	31415	OHSU	1	0.446784	0	0.528349
O-SSM	31415	OHSU	0	0.426999	0	1.241879
O-SSM	31415	OHSU	0	0.417232	0	1.597113
O-SSM	27182	NYU	1	0.284834	0	0.271014
O-SSM	27182	NYU	1	0.388029	0	0.420068
O-SSM	27182	NYU	1	0.394623	0	0.428942
O-SSM	27182	NYU	0	0.840051	1	1.09777
O-SSM	27182	NYU	0	0.571799	1	0.658811
O-SSM	27182	NYU	0	0.852519	1	1.128506
O-SSM	27182	UM_1	1	0.587522	1	1.714378
O-SSM	27182	UM_1	1	0.555409	1	1.430148
O-SSM	27182	UM_1	1	0.468913	0	0.678173
O-SSM	27182	UM_1	0	0.522103	1	1.139629
O-SSM	27182	UM_1	0	0.399871	0	0.068255
O-SSM	27182	UM_1	0	0.474631	0	0.727888
O-SSM	27182	UCLA_1	1	0.731836	1	1.298408
O-SSM	27182	UCLA_1	1	0.702912	1	1.178244
O-SSM	27182	UCLA_1	1	0.817572	1	1.715954
O-SSM	27182	UCLA_1	0	0.594576	1	0.775631
O-SSM	27182	UCLA_1	0	0.679718	1	1.086718
O-SSM	27182	UCLA_1	0	0.547312	1	0.613087
O-SSM	27182	YALE	1	0.382713	0	0.882997
O-SSM	27182	YALE	1	0.387888	0	0.721013
O-SSM	27182	YALE	1	0.385176	0	0.805786
O-SSM	27182	YALE	0	0.404687	0	0.20041
O-SSM	27182	YALE	0	0.392454	0	0.578756
O-SSM	27182	YALE	0	0.379301	0	0.990245
O-SSM	27182	PITT	1	0.2938	0	1.266158
O-SSM	27182	PITT	1	0.267063	0	1.914059
O-SSM	27182	PITT	1	0.307205	0	0.954469
O-SSM	27182	PITT	0	0.307616	0	0.945045
O-SSM	27182	PITT	0	0.308752	0	0.919003
O-SSM	27182	PITT	0	0.306867	0	0.962239
O-SSM	27182	USM	1	0.522082	1	0.337407
O-SSM	27182	USM	1	0.513041	1	0.74629
O-SSM	27182	USM	1	0.522846	1	0.302803
O-SSM	27182	USM	0	0.523605	1	0.26845
O-SSM	27182	USM	0	0.512533	1	0.76925
O-SSM	27182	USM	0	0.491734	0	1.708813
O-SSM	27182	MAX_MUN	1	0.646584	1	0.177502
O-SSM	27182	MAX_MUN	1	0.657131	1	0.692281
O-SSM	27182	MAX_MUN	1	0.681377	1	1.905835
O-SSM	27182	MAX_MUN	0	0.663385	1	1.001095
O-SSM	27182	MAX_MUN	0	0.661742	1	0.919661
O-SSM	27182	MAX_MUN	0	0.672795	1	1.47109
O-SSM	27182	TRINITY	1	0.645242	1	1.222509
O-SSM	27182	TRINITY	1	0.558577	1	0.754403
O-SSM	27182	TRINITY	1	0.720458	1	1.672228
O-SSM	27182	TRINITY	0	0.526288	1	0.586489
O-SSM	27182	TRINITY	0	0.528482	1	0.597847
O-SSM	27182	TRINITY	0	0.673775	1	1.386527
O-SSM	27182	KKI	1	0.403557	0	1.388567
O-SSM	27182	KKI	1	0.399825	0	1.270134
O-SSM	27182	KKI	1	0.395977	0	1.147612
O-SSM	27182	KKI	0	0.407182	0	1.503288
O-SSM	27182	KKI	0	0.401089	0	1.31029
O-SSM	27182	KKI	0	0.442071	0	2.592981
O-SSM	27182	STANFORD	1	0.09071	0	1.889997
O-SSM	27182	STANFORD	1	0.246052	0	1.007882
O-SSM	27182	STANFORD	1	0.011808	0	3.469431
O-SSM	27182	STANFORD	0	0.346457	0	0.646819
O-SSM	27182	STANFORD	0	0.290584	0	0.838762
O-SSM	27182	STANFORD	0	0.462831	0	0.285329
O-SSM	27182	CALTECH	1	0.612719	1	0.472512
O-SSM	27182	CALTECH	1	0.637121	1	0.571668
O-SSM	27182	CALTECH	0	0.761342	1	1.140284
O-SSM	27182	CALTECH	0	0.711335	1	0.894451
O-SSM	27182	LEUVEN_2	1	0.671641	1	1.45065
O-SSM	27182	LEUVEN_2	1	0.581503	1	0.961255
O-SSM	27182	LEUVEN_2	0	0.621291	1	1.171466
O-SSM	27182	LEUVEN_2	0	0.670641	1	1.444914
O-SSM	27182	OLIN	1	0.555047	1	0.908385
O-SSM	27182	OLIN	1	0.525604	1	0.179277
O-SSM	27182	OLIN	0	0.579668	1	1.525295
O-SSM	27182	OLIN	0	0.527398	1	0.223525
O-SSM	27182	SBL	1	0.408408	0	1.57964
O-SSM	27182	SBL	1	0.403429	0	1.413515
O-SSM	27182	SBL	0	0.399423	0	1.279349
O-SSM	27182	SBL	0	0.379184	0	0.594259
O-SSM	27182	LEUVEN_1	1	0.430652	0	0.970831
O-SSM	27182	LEUVEN_1	1	0.445	0	0.635884
O-SSM	27182	LEUVEN_1	0	0.397475	0	1.756802
O-SSM	27182	LEUVEN_1	0	0.426797	0	1.061253
O-SSM	27182	SDSU	1	0.532864	1	0.40432
O-SSM	27182	SDSU	1	0.627766	1	0.667566
O-SSM	27182	SDSU	0	0.862987	1	1.554715
O-SSM	27182	SDSU	0	0.828752	1	1.377302
O-SSM	27182	CMU	1	0.362013	0	1.370576
O-SSM	27182	CMU	1	0.377282	0	0.121147
O-SSM	27182	CMU	0	0.371824	0	0.565354
O-SSM	27182	CMU	0	0.371348	0	0.60418
O-SSM	27182	UCLA_2	1	0.575277	1	1.30923
O-SSM	27182	UCLA_2	1	0.437751	0	0.590555
O-SSM	27182	UCLA_2	0	0.395551	0	0.36505
O-SSM	27182	UCLA_2	0	0.46622	0	0.739776
O-SSM	27182	UM_2	1	0.241069	0	3.473311
O-SSM	27182	UM_2	1	0.301244	0	1.256306
O-SSM	27182	UM_2	0	0.293636	0	1.520552
O-SSM	27182	UM_2	0	0.326711	0	0.397789
O-SSM	27182	OHSU	1	0.410873	0	1.029934
O-SSM	27182	OHSU	1	0.407772	0	0.898524
O-SSM	27182	OHSU	0	0.418766	0	1.363064
O-SSM	27182	OHSU	0	0.427718	0	1.738813
H-SSM	55555	NYU	1	0.511185	1	0.0
H-SSM	55555	NYU	1	0.511185	1	0.0
H-SSM	55555	NYU	1	0.511185	1	0.0
H-SSM	55555	NYU	0	0.511185	1	0.0
H-SSM	55555	NYU	0	0.511185	1	0.0
H-SSM	55555	NYU	0	0.511185	1	0.0
H-SSM	55555	UM_1	1	0.468181	0	0.0
H-SSM	55555	UM_1	1	0.468181	0	0.0
H-SSM	55555	UM_1	1	0.468181	0	0.0
H-SSM	55555	UM_1	0	0.468181	0	0.0
H-SSM	55555	UM_1	0	0.468181	0	0.0
H-SSM	55555	UM_1	0	0.468181	0	0.0
H-SSM	55555	UCLA_1	1	0.27837	0	0.0
H-SSM	55555	UCLA_1	1	0.27837	0	0.0
H-SSM	55555	UCLA_1	1	0.27837	0	0.0
H-SSM	55555	UCLA_1	0	0.27837	0	0.0
H-SSM	55555	UCLA_1	0	0.27837	0	0.0
H-SSM	55555	UCLA_1	0	0.27837	0	0.0
H-SSM	55555	YALE	1	0.535711	1	0.0
H-SSM	55555	YALE	1	0.535711	1	0.0
H-SSM	55555	YALE	1	0.535711	1	0.0
H-SSM	55555	YALE	0	0.535711	1	0.0
H-SSM	55555	YALE	0	0.535711	1	0.0
H-SSM	55555	YALE	0	0.535711	1	0.0
H-SSM	55555	PITT	1	0.300528	0	0.0
H-SSM	55555	PITT	1	0.300528	0	0.0
H-SSM	55555	PITT	1	0.300528	0	0.0
H-SSM	55555	PITT	0	0.300528	0	0.0
H-SSM	55555	PITT	0	0.300528	0	0.0
H-SSM	55555	PITT	0	0.300528	0	0.0
H-SSM	55555	USM	1	0.457503	0	0.0
H-SSM	55555	USM	1	0.457503	0	0.0
H-SSM	55555	USM	1	0.457503	0	0.0
H-SSM	55555	USM	0	0.457503	0	0.0
H-SSM	55555	USM	0	0.457503	0	0.0
H-SSM	55555	USM	0	0.457503	0	0.0
H-SSM	55555	MAX_MUN	1	0.360757	0	0.0
H-SSM	55555	MAX_MUN	1	0.360757	0	0.0
H-SSM	55555	MAX_MUN	1	0.360757	0	0.0
H-SSM	55555	MAX_MUN	0	0.360757	0	0.0
H-SSM	55555	MAX_MUN	0	0.360757	0	0.0
H-SSM	55555	MAX_MUN	0	0.360757	0	0.0
H-SSM	55555	TRINITY	1	0.381242	0	0.0
H-SSM	55555	TRINITY	1	0.381242	0	0.0
H-SSM	55555	TRINITY	1	0.381242	0	0.0
H-SSM	55555	TRINITY	0	0.381242	0	0.0
H-SSM	55555	TRINITY	0	0.381242	0	0.0
H-SSM	55555	TRINITY	0	0.381242	0	0.0
H-SSM	55555	KKI	1	0.519447	1	0.0
H-SSM	55555	KKI	1	0.519447	1	0.0
H-SSM	55555	KKI	1	0.519447	1	0.0
H-SSM	55555	KKI	0	0.519447	1	0.0
H-SSM	55555	KKI	0	0.519447	1	0.0
H-SSM	55555	KKI	0	0.519447	1	0.0
H-SSM	55555	STANFORD	1	0.303312	0	0.0
H-SSM	55555	STANFORD	1	0.303312	0	0.0
H-SSM	55555	STANFORD	1	0.303312	0	0.0
H-SSM	55555	STANFORD	0	0.303312	0	0.0
H-SSM	55555	STANFORD	0	0.303312	0	0.0
H-SSM	55555	STANFORD	0	0.303312	0	0.0
H-SSM	55555	CALTECH	1	0.438807	0	0.0
H-SSM	55555	CALTECH	1	0.438807	0	0.0
H-SSM	55555	CALTECH	0	0.438807	0	0.0
H-SSM	55555	CALTECH	0	0.438807	0	0.0
H-SSM	55555	LEUVEN_2	1	0.730507	1	0.0
H-SSM	55555	LEUVEN_2	1	0.730507	1	0.0
H-SSM	55555	LEUVEN_2	0	0.730507	1	0.0
H-SSM	55555	LEUVEN_2	0	0.730507	1	0.0
H-SSM	55555	OLIN	1	0.577085	1	0.0
H-SSM	55555	OLIN	1	0.577085	1	0.0
H-SSM	55555	OLIN	0	0.577085	1	0.0
H-SSM	55555	OLIN	0	0.577085	1	0.0
H-SSM	55555	SBL	1	0.502903	1	0.0
H-SSM	55555	SBL	1	0.502903	1	0.0
H-SSM	55555	SBL	0	0.502903	1	0.0
H-SSM	55555	SBL	0	0.502903	1	0.0
H-SSM	55555	LEUVEN_1	1	0.507743	1	0.0
H-SSM	55555	LEUVEN_1	1	0.507743	1	0.0
H-SSM	55555	LEUVEN_1	0	0.507743	1	0.0
H-SSM	55555	LEUVEN_1	0	0.507743	1	0.0
H-SSM	55555	SDSU	1	0.519531	1	0.0
H-SSM	55555	SDSU	1	0.519531	1	0.0
H-SSM	55555	SDSU	0	0.519531	1	0.0
H-SSM	55555	SDSU	0	0.519531	1	0.0
H-SSM	55555	CMU	1	0.384302	0	0.0
H-SSM	55555	CMU	1	0.384302	0	0.0
H-SSM	55555	CMU	0	0.384302	0	0.0
H-SSM	55555	CMU	0	0.384302	0	0.0
H-SSM	55555	UCLA_2	1	0.489935	0	0.0
H-SSM	55555	UCLA_2	1	0.489935	0	0.0
H-SSM	55555	UCLA_2	0	0.489935	0	0.0
H-SSM	55555	UCLA_2	0	0.489935	0	0.0
H-SSM	55555	UM_2	1	0.48233	0	0.0
H-SSM	55555	UM_2	1	0.48233	0	0.0
H-SSM	55555	UM_2	0	0.48233	0	0.0
H-SSM	55555	UM_2	0	0.48233	0	0.0
H-SSM	55555	OHSU	1	0.672294	1	0.0
H-SSM	55555	OHSU	1	0.672294	1	0.0
H-SSM	55555	OHSU	0	0.672294	1	0.0
H-SSM	55555	OHSU	0	0.672294	1	0.0
H-SSM	11111	NYU	1	0.585571	1	0.0
H-SSM	11111	NYU	1	0.585571	1	0.0
H-SSM	11111	NYU	1	0.585571	1	0.0
H-SSM	11111	NYU	0	0.585571	1	0.0
H-SSM	11111	NYU	0	0.585571	1	0.0
H-SSM	11111	NYU	0	0.585571	1	0.0
H-SSM	11111	UM_1	1	0.501527	1	0.0
H-SSM	11111	UM_1	1	0.501527	1	0.0
H-SSM	11111	UM_1	1	0.501527	1	0.0
H-SSM	11111	UM_1	0	0.501527	1	0.0
H-SSM	11111	UM_1	0	0.501527	1	0.0
H-SSM	11111	UM_1	0	0.501527	1	0.0
H-SSM	11111	UCLA_1	1	0.505411	1	0.0
H-SSM	11111	UCLA_1	1	0.505411	1	0.0
H-SSM	11111	UCLA_1	1	0.505411	1	0.0
H-SSM	11111	UCLA_1	0	0.505411	1	0.0
H-SSM	11111	UCLA_1	0	0.505411	1	0.0
H-SSM	11111	UCLA_1	0	0.505411	1	0.0
H-SSM	11111	YALE	1	0.419819	0	0.0
H-SSM	11111	YALE	1	0.419819	0	0.0
H-SSM	11111	YALE	1	0.419819	0	0.0
H-SSM	11111	YALE	0	0.419819	0	0.0
H-SSM	11111	YALE	0	0.419819	0	0.0
H-SSM	11111	YALE	0	0.419819	0	0.0
H-SSM	11111	PITT	1	0.744909	1	0.0
H-SSM	11111	PITT	1	0.744909	1	0.0
H-SSM	11111	PITT	1	0.744909	1	0.0
H-SSM	11111	PITT	0	0.744909	1	0.0
H-SSM	11111	PITT	0	0.744909	1	0.0
H-SSM	11111	PITT	0	0.744909	1	0.0
H-SSM	11111	USM	1	0.428097	0	0.0
H-SSM	11111	USM	1	0.428097	0	0.0
H-SSM	11111	USM	1	0.428097	0	0.0
H-SSM	11111	USM	0	0.428097	0	0.0
H-SSM	11111	USM	0	0.428097	0	0.0
H-SSM	11111	USM	0	0.428097	0	0.0
H-SSM	11111	MAX_MUN	1	0.394881	0	0.0
H-SSM	11111	MAX_MUN	1	0.394881	0	0.0
H-SSM	11111	MAX_MUN	1	0.394881	0	0.0
H-SSM	11111	MAX_MUN	0	0.394881	0	0.0
H-SSM	11111	MAX_MUN	0	0.394881	0	0.0
H-SSM	11111	MAX_MUN	0	0.394881	0	0.0
H-SSM	11111	TRINITY	1	0.591739	1	0.0
H-SSM	11111	TRINITY	1	0.591739	1	0.0
H-SSM	11111	TRINITY	1	0.591739	1	0.0
H-SSM	11111	TRINITY	0	0.591739	1	0.0
H-SSM	11111	TRINITY	0	0.591739	1	0.0
H-SSM	11111	TRINITY	0	0.591739	1	0.0
H-SSM	11111	KKI	1	0.636306	1	0.0
H-SSM	11111	KKI	1	0.636306	1	0.0
H-SSM	11111	KKI	1	0.636306	1	0.0
H-SSM	11111	KKI	0	0.636306	1	0.0
H-SSM	11111	KKI	0	0.636306	1	0.0
H-SSM	11111	KKI	0	0.636306	1	0.0
H-SSM	11111	STANFORD	1	0.400307	0	0.0
H-SSM	11111	STANFORD	1	0.400307	0	0.0
H-SSM	11111	STANFORD	1	0.400307	0	0.0
H-SSM	11111	STANFORD	0	0.400307	0	0.0
H-SSM	11111	STANFORD	0	0.400307	0	0.0
H-SSM	11111	STANFORD	0	0.400307	0	0.0
H-SSM	11111	CALTECH	1	0.513507	1	0.0
H-SSM	11111	CALTECH	1	0.513507	1	0.0
H-SSM	11111	CALTECH	0	0.513507	1	0.0
H-SSM	11111	CALTECH	0	0.513507	1	0.0
H-SSM	11111	LEUVEN_2	1	0.377294	0	0.0
H-SSM	11111	LEUVEN_2	1	0.377294	0	0.0
H-SSM	11111	LEUVEN_2	0	0.377294	0	0.0
H-SSM	11111	LEUVEN_2	0	0.377294	0	0.0
H-SSM	11111	OLIN	1	0.558465	1	0.0
H-SSM	11111	OLIN	1	0.558465	1	0.0
H-SSM	11111	OLIN	0	0.558465	1	0.0
H-SSM	11111	OLIN	0	0.558465	1	0.0
H-SSM	11111	SBL	1	0.33298	0	0.0
H-SSM	11111	SBL	1	0.33298	0	0.0
H-SSM	11111	SBL	0	0.33298	0	0.0
H-SSM	11111	SBL	0	0.33298	0	0.0
H-SSM	11111	LEUVEN_1	1	0.571028	1	0.0
H-SSM	11111	LEUVEN_1	1	0.571028	1	0.0
H-SSM	11111	LEUVEN_1	0	0.571028	1	0.0
H-SSM	11111	LEUVEN_1	0	0.571028	1	0.0
H-SSM	11111	SDSU	1	0.527686	1	0.0
H-SSM	11111	SDSU	1	0.527686	1	0.0
H-SSM	11111	SDSU	0	0.527686	1	0.0
H-SSM	11111	SDSU	0	0.527686	1	0.0
H-SSM	11111	CMU	1	0.424063	0	0.0
H-SSM	11111	CMU	1	0.424063	0	0.0
H-SSM	11111	CMU	0	0.424063	0	0.0
H-SSM	11111	CMU	0	0.424063	0	0.0
H-SSM	11111	UCLA_2	1	0.559278	1	0.0
H-SSM	11111	UCLA_2	1	0.559278	1	0.0
H-SSM	11111	UCLA_2	0	0.559278	1	0.0
H-SSM	11111	UCLA_2	0	0.559278	1	0.0
H-SSM	11111	UM_2	1	0.398605	0	0.0
H-SSM	11111	UM_2	1	0.398605	0	0.0
H-SSM	11111	UM_2	0	0.398605	0	0.0
H-SSM	11111	UM_2	0	0.398605	0	0.0
H-SSM	11111	OHSU	1	0.453006	0	0.0
H-SSM	11111	OHSU	1	0.453006	0	0.0
H-SSM	11111	OHSU	0	0.453006	0	0.0
H-SSM	11111	OHSU	0	0.453006	0	0.0
H-SSM	99887	NYU	1	0.526337	1	0.0
H-SSM	99887	NYU	1	0.526337	1	0.0
H-SSM	99887	NYU	1	0.526337	1	0.0
H-SSM	99887	NYU	0	0.526337	1	0.0
H-SSM	99887	NYU	0	0.526337	1	0.0
H-SSM	99887	NYU	0	0.526337	1	0.0
H-SSM	99887	UM_1	1	0.42181	0	0.0
H-SSM	99887	UM_1	1	0.42181	0	0.0
H-SSM	99887	UM_1	1	0.42181	0	0.0
H-SSM	99887	UM_1	0	0.42181	0	0.0
H-SSM	99887	UM_1	0	0.42181	0	0.0
H-SSM	99887	UM_1	0	0.42181	0	0.0
H-SSM	99887	UCLA_1	1	0.404574	0	0.0
H-SSM	99887	UCLA_1	1	0.404574	0	0.0
H-SSM	99887	UCLA_1	1	0.404574	0	0.0
H-SSM	99887	UCLA_1	0	0.404574	0	0.0
H-SSM	99887	UCLA_1	0	0.404574	0	0.0
H-SSM	99887	UCLA_1	0	0.404574	0	0.0
H-SSM	99887	YALE	1	0.612526	1	0.0
H-SSM	99887	YALE	1	0.612526	1	0.0
H-SSM	99887	YALE	1	0.612526	1	0.0
H-SSM	99887	YALE	0	0.612526	1	0.0
H-SSM	99887	YALE	0	0.612526	1	0.0
H-SSM	99887	YALE	0	0.612526	1	0.0
H-SSM	99887	PITT	1	0.40876	0	0.0
H-SSM	99887	PITT	1	0.40876	0	0.0
H-SSM	99887	PITT	1	0.40876	0	0.0
H-SSM	99887	PITT	0	0.40876	0	0.0
H-SSM	99887	PITT	0	0.40876	0	0.0
H-SSM	99887	PITT	0	0.40876	0	0.0
H-SSM	99887	USM	1	0.558189	1	0.0
H-SSM	99887	USM	1	0.558189	1	0.0
H-SSM	99887	USM	1	0.558189	1	0.0
H-SSM	99887	USM	0	0.558189	1	0.0
H-SSM	99887	USM	0	0.558189	1	0.0
H-SSM	99887	USM	0	0.558189	1	0.0
H-SSM	99887	MAX_MUN	1	0.481168	0	0.0
H-SSM	99887	MAX_MUN	1	0.481168	0	0.0
H-SSM	99887	MAX_MUN	1	0.481168	0	0.0
H-SSM	99887	MAX_MUN	0	0.481168	0	0.0
H-SSM	99887	MAX_MUN	0	0.481168	0	0.0
H-SSM	99887	MAX_MUN	0	0.481168	0	0.0
H-SSM	99887	TRINITY	1	0.4909	0	0.0
H-SSM	99887	TRINITY	1	0.4909	0	0.0
H-SSM	99887	TRINITY	1	0.4909	0	0.0
H-SSM	99887	TRINITY	0	0.4909	0	0.0
H-SSM	99887	TRINITY	0	0.4909	0	0.0
H-SSM	99887	TRINITY	0	0.4909	0	0.0
H-SSM	99887	KKI	1	0.422666	0	0.0
H-SSM	99887	KKI	1	0.422666	0	0.0
H-SSM	99887	KKI	1	0.422666	0	0.0
H-SSM	99887	KKI	0	0.422666	0	0.0
H-SSM	99887	KKI	0	0.422666	0	0.0
H-SSM	99887	KKI	0	0.422666	0	0.0
H-SSM	99887	STANFORD	1	0.44539	0	0.0
H-SSM	99887	STANFORD	1	0.44539	0	0.0
H-SSM	99887	STANFORD	1	0.44539	0	0.0
H-SSM	99887	STANFORD	0	0.44539	0	0.0
H-SSM	99887	STANFORD	0	0.44539	0	0.0
H-SSM	99887	STANFORD	0	0.44539	0	0.0
H-SSM	99887	CALTECH	1	0.564129	1	0.0
H-SSM	99887	CALTECH	1	0.564129	1	0.0
H-SSM	99887	CALTECH	0	0.564129	1	0.0
H-SSM	99887	CALTECH	0	0.564129	1	0.0
H-SSM	99887	LEUVEN_2	1	0.52104	1	0.0
H-SSM	99887	LEUVEN_2	1	0.52104	1	0.0
H-SSM	99887	LEUVEN_2	0	0.52104	1	0.0
H-SSM	99887	LEUVEN_2	0	0.52104	1	0.0
H-SSM	99887	OLIN	1	0.568303	1	0.0
H-SSM	99887	OLIN	1	0.568303	1	0.0
H-SSM	99887	OLIN	0	0.568303	1	0.0
H-SSM	99887	OLIN	0	0.568303	1	0.0
H-SSM	99887	SBL	1	0.403035	0	0.0
H-SSM	99887	SBL	1	0.403035	0	0.0
H-SSM	99887	SBL	0	0.403035	0	0.0
H-SSM	99887	SBL	0	0.403035	0	0.0
H-SSM	99887	LEUVEN_1	1	0.540409	1	0.0
H-SSM	99887	LEUVEN_1	1	0.540409	1	0.0
H-SSM	99887	LEUVEN_1	0	0.540409	1	0.0
H-SSM	99887	LEUVEN_1	0	0.540409	1	0.0
H-SSM	99887	SDSU	1	0.468756	0	0.0
H-SSM	99887	SDSU	1	0.468756	0	0.0
H-SSM	99887	SDSU	0	0.468756	0	0.0
H-SSM	99887	SDSU	0	0.468756	0	0.0
H-SSM	99887	CMU	1	0.37822	0	0.0
H-SSM	99887	CMU	1	0.37822	0	0.0
H-SSM	99887	CMU	0	0.37822	0	0.0
H-SSM	99887	CMU	0	0.37822	0	0.0
H-SSM	99887	UCLA_2	1	0.506934	1	0.0
H-SSM	99887	UCLA_2	1	0.506934	1	0.0
H-SSM	99887	UCLA_2	0	0.506934	1	0.0
H-SSM	99887	UCLA_2	0	0.506934	1	0.0
H-SSM	99887	UM_2	1	0.727621	1	0.0
H-SSM	99887	UM_2	1	0.727621	1	0.0
H-SSM	99887	UM_2	0	0.727621	1	0.0
H-SSM	99887	UM_2	0	0.727621	1	0.0
H-SSM	99887	OHSU	1	0.528102	1	0.0
H-SSM	99887	OHSU	1	0.528102	1	0.0
H-SSM	99887	OHSU	0	0.528102	1	0.0
H-SSM	99887	OHSU	0	0.528102	1	0.0
H-SSM	22222	NYU	1	0.654228	1	0.0
H-SSM	22222	NYU	1	0.654228	1	0.0
H-SSM	22222	NYU	1	0.654228	1	0.0
H-SSM	22222	NYU	0	0.654228	1	0.0
H-SSM	22222	NYU	0	0.654228	1	0.0
H-SSM	22222	NYU	0	0.654228	1	0.0
H-SSM	22222	UM_1	1	0.537328	1	0.0
H-SSM	22222	UM_1	1	0.537328	1	0.0
H-SSM	22222	UM_1	1	0.537328	1	0.0
H-SSM	22222	UM_1	0	0.537328	1	0.0
H-SSM	22222	UM_1	0	0.537328	1	0.0
H-SSM	22222	UM_1	0	0.537328	1	0.0
H-SSM	22222	UCLA_1	1	0.331698	0	0.0
H-SSM	22222	UCLA_1	1	0.331698	0	0.0
H-SSM	22222	UCLA_1	1	0.331698	0	0.0
H-SSM	22222	UCLA_1	0	0.331698	0	0.0
H-SSM	22222	UCLA_1	0	0.331698	0	0.0
H-SSM	22222	UCLA_1	0	0.331698	0	0.0
H-SSM	22222	YALE	1	0.598344	1	0.0
H-SSM	22222	YALE	1	0.598344	1	0.0
H-SSM	22222	YALE	1	0.598344	1	0.0
H-SSM	22222	YALE	0	0.598344	1	0.0
H-SSM	22222	YALE	0	0.598344	1	0.0
H-SSM	22222	YALE	0	0.598344	1	0.0
H-SSM	22222	PITT	1	0.646603	1	0.0
H-SSM	22222	PITT	1	0.646603	1	0.0
H-SSM	22222	PITT	1	0.646603	1	0.0
H-SSM	22222	PITT	0	0.646603	1	0.0
H-SSM	22222	PITT	0	0.646603	1	0.0
H-SSM	22222	PITT	0	0.646603	1	0.0
H-SSM	22222	USM	1	0.329118	0	0.0
H-SSM	22222	USM	1	0.329118	0	0.0
H-SSM	22222	USM	1	0.329118	0	0.0
H-SSM	22222	USM	0	0.329118	0	0.0
H-SSM	22222	USM	0	0.329118	0	0.0
H-SSM	22222	USM	0	0.329118	0	0.0
H-SSM	22222	MAX_MUN	1	0.309804	0	0.0
H-SSM	22222	MAX_MUN	1	0.309804	0	0.0
H-SSM	22222	MAX_MUN	1	0.309804	0	0.0
H-SSM	22222	MAX_MUN	0	0.309804	0	0.0
H-SSM	22222	MAX_MUN	0	0.309804	0	0.0
H-SSM	22222	MAX_MUN	0	0.309804	0	0.0
H-SSM	22222	TRINITY	1	0.517385	1	0.0
H-SSM	22222	TRINITY	1	0.517385	1	0.0
H-SSM	22222	TRINITY	1	0.517385	1	0.0
H-SSM	22222	TRINITY	0	0.517385	1	0.0
H-SSM	22222	TRINITY	0	0.517385	1	0.0
H-SSM	22222	TRINITY	0	0.517385	1	0.0
H-SSM	22222	KKI	1	0.608562	1	0.0
H-SSM	22222	KKI	1	0.608562	1	0.0
H-SSM	22222	KKI	1	0.608562	1	0.0
H-SSM	22222	KKI	0	0.608562	1	0.0
H-SSM	22222	KKI	0	0.608562	1	0.0
H-SSM	22222	KKI	0	0.608562	1	0.0
H-SSM	22222	STANFORD	1	0.656965	1	0.0
H-SSM	22222	STANFORD	1	0.656965	1	0.0
H-SSM	22222	STANFORD	1	0.656965	1	0.0
H-SSM	22222	STANFORD	0	0.656965	1	0.0
H-SSM	22222	STANFORD	0	0.656965	1	0.0
H-SSM	22222	STANFORD	0	0.656965	1	0.0
H-SSM	22222	CALTECH	1	0.651776	1	0.0
H-SSM	22222	CALTECH	1	0.651776	1	0.0
H-SSM	22222	CALTECH	0	0.651776	1	0.0
H-SSM	22222	CALTECH	0	0.651776	1	0.0
H-SSM	22222	LEUVEN_2	1	0.694159	1	0.0
H-SSM	22222	LEUVEN_2	1	0.694159	1	0.0
H-SSM	22222	LEUVEN_2	0	0.694159	1	0.0
H-SSM	22222	LEUVEN_2	0	0.694159	1	0.0
H-SSM	22222	OLIN	1	0.236912	0	0.0
H-SSM	22222	OLIN	1	0.236912	0	0.0
H-SSM	22222	OLIN	0	0.236912	0	0.0
H-SSM	22222	OLIN	0	0.236912	0	0.0
H-SSM	22222	SBL	1	0.57956	1	0.0
H-SSM	22222	SBL	1	0.57956	1	0.0
H-SSM	22222	SBL	0	0.57956	1	0.0
H-SSM	22222	SBL	0	0.57956	1	0.0
H-SSM	22222	LEUVEN_1	1	0.3431	0	0.0
H-SSM	22222	LEUVEN_1	1	0.3431	0	0.0
H-SSM	22222	LEUVEN_1	0	0.3431	0	0.0
H-SSM	22222	LEUVEN_1	0	0.3431	0	0.0
H-SSM	22222	SDSU	1	0.407617	0	0.0
H-SSM	22222	SDSU	1	0.407617	0	0.0
H-SSM	22222	SDSU	0	0.407617	0	0.0
H-SSM	22222	SDSU	0	0.407617	0	0.0
H-SSM	22222	CMU	1	0.400565	0	0.0
H-SSM	22222	CMU	1	0.400565	0	0.0
H-SSM	22222	CMU	0	0.400565	0	0.0
H-SSM	22222	CMU	0	0.400565	0	0.0
H-SSM	22222	UCLA_2	1	0.616363	1	0.0
H-SSM	22222	UCLA_2	1	0.616363	1	0.0
H-SSM	22222	UCLA_2	0	0.616363	1	0.0
H-SSM	22222	UCLA_2	0	0.616363	1	0.0
H-SSM	22222	UM_2	1	0.434901	0	0.0
H-SSM	22222	UM_2	1	0.434901	0	0.0
H-SSM	22222	UM_2	0	0.434901	0	0.0
H-SSM	22222	UM_2	0	0.434901	0	0.0
H-SSM	22222	OHSU	1	0.56306	1	0.0
H-SSM	22222	OHSU	1	0.56306	1	0.0
H-SSM	22222	OHSU	0	0.56306	1	0.0
H-SSM	22222	OHSU	0	0.56306	1	0.0
H-SSM	44444	NYU	1	0.618529	1	0.0
H-SSM	44444	NYU	1	0.618529	1	0.0
H-SSM	44444	NYU	1	0.618529	1	0.0
H-SSM	44444	NYU	0	0.618529	1	0.0
H-SSM	44444	NYU	0	0.618529	1	0.0
H-SSM	44444	NYU	0	0.618529	1	0.0
H-SSM	44444	UM_1	1	0.55697	1	0.0
H-SSM	44444	UM_1	1	0.55697	1	0.0
H-SSM	44444	UM_1	1	0.55697	1	0.0
H-SSM	44444	UM_1	0	0.55697	1	0.0
H-SSM	44444	UM_1	0	0.55697	1	0.0
H-SSM	44444	UM_1	0	0.55697	1	0.0
H-SSM	44444	UCLA_1	1	0.344353	0	0.0
H-SSM	44444	UCLA_1	1	0.344353	0	0.0
H-SSM	44444	UCLA_1	1	0.344353	0	0.0
H-SSM	44444	UCLA_1	0	0.344353	0	0.0
H-SSM	44444	UCLA_1	0	0.344353	0	0.0
H-SSM	44444	UCLA_1	0	0.344353	0	0.0
H-SSM	44444	YALE	1	0.426296	0	0.0
H-SSM	44444	YALE	1	0.426296	0	0.0
H-SSM	44444	YALE	1	0.426296	0	0.0
H-SSM	44444	YALE	0	0.426296	0	0.0
H-SSM	44444	YALE	0	0.426296	0	0.0
H-SSM	44444	YALE	0	0.426296	0	0.0
H-SSM	44444	PITT	1	0.382332	0	0.0
H-SSM	44444	PITT	1	0.382332	0	0.0
H-SSM	44444	PITT	1	0.382332	0	0.0
H-SSM	44444	PITT	0	0.382332	0	0.0
H-SSM	44444	PITT	0	0.382332	0	0.0
H-SSM	44444	PITT	0	0.382332	0	0.0
H-SSM	44444	USM	1	0.706624	1	0.0
H-SSM	44444	USM	1	0.706624	1	0.0
H-SSM	44444	USM	1	0.706624	1	0.0
H-SSM	44444	USM	0	0.706624	1	0.0
H-SSM	44444	USM	0	0.706624	1	0.0
H-SSM	44444	USM	0	0.706624	1	0.0
H-SSM	44444	MAX_MUN	1	0.652306	1	0.0
H-SSM	44444	MAX_MUN	1	0.652306	1	0.0
H-SSM	44444	MAX_MUN	1	0.652306	1	0.0
H-SSM	44444	MAX_MUN	0	0.652306	1	0.0
H-SSM	44444	MAX_MUN	0	0.652306	1	0.0
H-SSM	44444	MAX_MUN	0	0.652306	1	0.0
H-SSM	44444	TRINITY	1	0.34565	0	0.0
H-SSM	44444	TRINITY	1	0.34565	0	0.0
H-SSM	44444	TRINITY	1	0.34565	0	0.0
H-SSM	44444	TRINITY	0	0.34565	0	0.0
H-SSM	44444	TRINITY	0	0.34565	0	0.0
H-SSM	44444	TRINITY	0	0.34565	0	0.0
H-SSM	44444	KKI	1	0.455032	0	0.0
H-SSM	44444	KKI	1	0.455032	0	0.0
H-SSM	44444	KKI	1	0.455032	0	0.0
H-SSM	44444	KKI	0	0.455032	0	0.0
H-SSM	44444	KKI	0	0.455032	0	0.0
H-SSM	44444	KKI	0	0.455032	0	0.0
H-SSM	44444	STANFORD	1	0.636488	1	0.0
H-SSM	44444	STANFORD	1	0.636488	1	0.0
H-SSM	44444	STANFORD	1	0.636488	1	0.0
H-SSM	44444	STANFORD	0	0.636488	1	0.0
H-SSM	44444	STANFORD	0	0.636488	1	0.0
H-SSM	44444	STANFORD	0	0.636488	1	0.0
H-SSM	44444	CALTECH	1	0.705252	1	0.0
H-SSM	44444	CALTECH	1	0.705252	1	0.0
H-SSM	44444	CALTECH	0	0.705252	1	0.0
H-SSM	44444	CALTECH	0	0.705252	1	0.0
H-SSM	44444	LEUVEN_2	1	0.502452	1	0.0
H-SSM	44444	LEUVEN_2	1	0.502452	1	0.0
H-SSM	44444	LEUVEN_2	0	0.502452	1	0.0
H-SSM	44444	LEUVEN_2	0	0.502452	1	0.0
H-SSM	44444	OLIN	1	0.370937	0	0.0
H-SSM	44444	OLIN	1	0.370937	0	0.0
H-SSM	44444	OLIN	0	0.370937	0	0.0
H-SSM	44444	OLIN	0	0.370937	0	0.0
H-SSM	44444	SBL	1	0.488564	0	0.0
H-SSM	44444	SBL	1	0.488564	0	0.0
H-SSM	44444	SBL	0	0.488564	0	0.0
H-SSM	44444	SBL	0	0.488564	0	0.0
H-SSM	44444	LEUVEN_1	1	0.598327	1	0.0
H-SSM	44444	LEUVEN_1	1	0.598327	1	0.0
H-SSM	44444	LEUVEN_1	0	0.598327	1	0.0
H-SSM	44444	LEUVEN_1	0	0.598327	1	0.0
H-SSM	44444	SDSU	1	0.206145	0	0.0
H-SSM	44444	SDSU	1	0.206145	0	0.0
H-SSM	44444	SDSU	0	0.206145	0	0.0
H-SSM	44444	SDSU	0	0.206145	0	0.0
H-SSM	44444	CMU	1	0.688097	1	0.0
H-SSM	44444	CMU	1	0.688097	1	0.0
H-SSM	44444	CMU	0	0.688097	1	0.0
H-SSM	44444	CMU	0	0.688097	1	0.0
H-SSM	44444	UCLA_2	1	0.206909	0	0.0
H-SSM	44444	UCLA_2	1	0.206909	0	0.0
H-SSM	44444	UCLA_2	0	0.206909	0	0.0
H-SSM	44444	UCLA_2	0	0.206909	0	0.0
H-SSM	44444	UM_2	1	0.468716	0	0.0
H-SSM	44444	UM_2	1	0.468716	0	0.0
H-SSM	44444	UM_2	0	0.468716	0	0.0
H-SSM	44444	UM_2	0	0.468716	0	0.0
H-SSM	44444	OHSU	1	0.398283	0	0.0
H-SSM	44444	OHSU	1	0.398283	0	0.0
H-SSM	44444	OHSU	0	0.398283	0	0.0
H-SSM	44444	OHSU	0	0.398283	0	0.0
H-SSM	66666	NYU	1	0.661814	1	0.0
H-SSM	66666	NYU	1	0.661814	1	0.0
H-SSM	66666	NYU	1	0.661814	1	0.0
H-SSM	66666	NYU	0	0.661814	1	0.0
H-SSM	66666	NYU	0	0.661814	1	0.0
H-SSM	66666	NYU	0	0.661814	1	0.0
H-SSM	66666	UM_1	1	0.501182	1	0.0
H-SSM	66666	UM_1	1	0.501182	1	0.0
H-SSM	66666	UM_1	1	0.501182	1	0.0
H-SSM	66666	UM_1	0	0.501182	1	0.0
H-SSM	66666	UM_1	0	0.501182	1	0.0
H-SSM	66666	UM_1	0	0.501182	1	0.0
H-SSM	66666	UCLA_1	1	0.340052	0	0.0
H-SSM	66666	UCLA_1	1	0.340052	0	0.0
H-SSM	66666	UCLA_1	1	0.340052	0	0.0
H-SSM	66666	UCLA_1	0	0.340052	0	0.0
H-SSM	66666	UCLA_1	0	0.340052	0	0.0
H-SSM	66666	UCLA_1	0	0.340052	0	0.0
H-SSM	66666	YALE	1	0.49117	0	0.0
H-SSM	66666	YALE	1	0.49117	0	0.0
H-SSM	66666	YALE	1	0.49117	0	0.0
H-SSM	66666	YALE	0	0.49117	0	0.0
H-SSM	66666	YALE	0	0.49117	0	0.0
H-SSM	66666	YALE	0	0.49117	0	0.0
H-SSM	66666	PITT	1	0.425365	0	0.0
H-SSM	66666	PITT	1	0.425365	0	0.0
H-SSM	66666	PITT	1	0.425365	0	0.0
H-SSM	66666	PITT	0	0.425365	0	0.0
H-SSM	66666	PITT	0	0.425365	0	0.0
H-SSM	66666	PITT	0	0.425365	0	0.0
H-SSM	66666	USM	1	0.424274	0	0.0
H-SSM	66666	USM	1	0.424274	0	0.0
H-SSM	66666	USM	1	0.424274	0	0.0
H-SSM	66666	USM	0	0.424274	0	0.0
H-SSM	66666	USM	0	0.424274	0	0.0
H-SSM	66666	USM	0	0.424274	0	0.0
H-SSM	66666	MAX_MUN	1	0.451946	0	0.0
H-SSM	66666	MAX_MUN	1	0.451946	0	0.0
H-SSM	66666	MAX_MUN	1	0.451946	0	0.0
H-SSM	66666	MAX_MUN	0	0.451946	0	0.0
H-SSM	66666	MAX_MUN	0	0.451946	0	0.0
H-SSM	66666	MAX_MUN	0	0.451946	0	0.0
H-SSM	66666	TRINITY	1	0.549776	1	0.0
H-SSM	66666	TRINITY	1	0.549776	1	0.0
H-SSM	66666	TRINITY	1	0.549776	1	0.0
H-SSM	66666	TRINITY	0	0.549776	1	0.0
H-SSM	66666	TRINITY	0	0.549776	1	0.0
H-SSM	66666	TRINITY	0	0.549776	1	0.0
H-SSM	66666	KKI	1	0.467773	0	0.0
H-SSM	66666	KKI	1	0.467773	0	0.0
H-SSM	66666	KKI	1	0.467773	0	0.0
H-SSM	66666	KKI	0	0.467773	0	0.0
H-SSM	66666	KKI	0	0.467773	0	0.0
H-SSM	66666	KKI	0	0.467773	0	0.0
H-SSM	66666	STANFORD	1	0.337088	0	0.0
H-SSM	66666	STANFORD	1	0.337088	0	0.0
H-SSM	66666	STANFORD	1	0.337088	0	0.0
H-SSM	66666	STANFORD	0	0.337088	0	0.0
H-SSM	66666	STANFORD	0	0.337088	0	0.0
H-SSM	66666	STANFORD	0	0.337088	0	0.0
H-SSM	66666	CALTECH	1	0.545702	1	0.0
H-SSM	66666	CALTECH	1	0.545702	1	0.0
H-SSM	66666	CALTECH	0	0.545702	1	0.0
H-SSM	66666	CALTECH	0	0.545702	1	0.0
H-SSM	66666	LEUVEN_2	1	0.504052	1	0.0
H-SSM	66666	LEUVEN_2	1	0.504052	1	0.0
H-SSM	66666	LEUVEN_2	0	0.504052	1	0.0
H-SSM	66666	LEUVEN_2	0	0.504052	1	0.0
H-SSM	66666	OLIN	1	0.32137	0	0.0
H-SSM	66666	OLIN	1	0.32137	0	0.0
H-SSM	66666	OLIN	0	0.32137	0	0.0
H-SSM	66666	OLIN	0	0.32137	0	0.0
H-SSM	66666	SBL	1	0.366984	0	0.0
H-SSM	66666	SBL	1	0.366984	0	0.0
H-SSM	66666	SBL	0	0.366984	0	0.0
H-SSM	66666	SBL	0	0.366984	0	0.0
H-SSM	66666	LEUVEN_1	1	0.373954	0	0.0
H-SSM	66666	LEUVEN_1	1	0.373954	0	0.0
H-SSM	66666	LEUVEN_1	0	0.373954	0	0.0
H-SSM	66666	LEUVEN_1	0	0.373954	0	0.0
H-SSM	66666	SDSU	1	0.415827	0	0.0
H-SSM	66666	SDSU	1	0.415827	0	0.0
H-SSM	66666	SDSU	0	0.415827	0	0.0
H-SSM	66666	SDSU	0	0.415827	0	0.0
H-SSM	66666	CMU	1	0.60713	1	0.0
H-SSM	66666	CMU	1	0.60713	1	0.0
H-SSM	66666	CMU	0	0.60713	1	0.0
H-SSM	66666	CMU	0	0.60713	1	0.0
H-SSM	66666	UCLA_2	1	0.597235	1	0.0
H-SSM	66666	UCLA_2	1	0.597235	1	0.0
H-SSM	66666	UCLA_2	0	0.597235	1	0.0
H-SSM	66666	UCLA_2	0	0.597235	1	0.0
H-SSM	66666	UM_2	1	0.463223	0	0.0
H-SSM	66666	UM_2	1	0.463223	0	0.0
H-SSM	66666	UM_2	0	0.463223	0	0.0
H-SSM	66666	UM_2	0	0.463223	0	0.0
H-SSM	66666	OHSU	1	0.444951	0	0.0
H-SSM	66666	OHSU	1	0.444951	0	0.0
H-SSM	66666	OHSU	0	0.444951	0	0.0
H-SSM	66666	OHSU	0	0.444951	0	0.0
H-SSM	77777	NYU	1	0.388999	0	0.0
H-SSM	77777	NYU	1	0.388999	0	0.0
H-SSM	77777	NYU	1	0.388999	0	0.0
H-SSM	77777	NYU	0	0.388999	0	0.0
H-SSM	77777	NYU	0	0.388999	0	0.0
H-SSM	77777	NYU	0	0.388999	0	0.0
H-SSM	77777	UM_1	1	0.648352	1	0.0
H-SSM	77777	UM_1	1	0.648352	1	0.0
H-SSM	77777	UM_1	1	0.648352	1	0.0
H-SSM	77777	UM_1	0	0.648352	1	0.0
H-SSM	77777	UM_1	0	0.648352	1	0.0
H-SSM	77777	UM_1	0	0.648352	1	0.0
H-SSM	77777	UCLA_1	1	0.566713	1	0.0
H-SSM	77777	UCLA_1	1	0.566713	1	0.0
H-SSM	77777	UCLA_1	1	0.566713	1	0.0
H-SSM	77777	UCLA_1	0	0.566713	1	0.0
H-SSM	77777	UCLA_1	0	0.566713	1	0.0
H-SSM	77777	UCLA_1	0	0.566713	1	0.0
H-SSM	77777	YALE	1	0.58819	1	0.0
H-SSM	77777	YALE	1	0.58819	1	0.0
H-SSM	77777	YALE	1	0.58819	1	0.0
H-SSM	77777	YALE	0	0.58819	1	0.0
H-SSM	77777	YALE	0	0.58819	1	0.0
H-SSM	77777	YALE	0	0.58819	1	0.0
H-SSM	77777	PITT	1	0.337951	0	0.0
H-SSM	77777	PITT	1	0.337951	0	0.0
H-SSM	77777	PITT	1	0.337951	0	0.0
H-SSM	77777	PITT	0	0.337951	0	0.0
H-SSM	77777	PITT	0	0.337951	0	0.0
H-SSM	77777	PITT	0	0.337951	0	0.0
H-SSM	77777	USM	1	0.556644	1	0.0
H-SSM	77777	USM	1	0.556644	1	0.0
H-SSM	77777	USM	1	0.556644	1	0.0
H-SSM	77777	USM	0	0.556644	1	0.0
H-SSM	77777	USM	0	0.556644	1	0.0
H-SSM	77777	USM	0	0.556644	1	0.0
H-SSM	77777	MAX_MUN	1	0.408772	0	0.0
H-SSM	77777	MAX_MUN	1	0.408772	0	0.0
H-SSM	77777	MAX_MUN	1	0.408772	0	0.0
H-SSM	77777	MAX_MUN	0	0.408772	0	0.0
H-SSM	77777	MAX_MUN	0	0.408772	0	0.0
H-SSM	77777	MAX_MUN	0	0.408772	0	0.0
H-SSM	77777	TRINITY	1	0.302606	0	0.0
H-SSM	77777	TRINITY	1	0.302606	0	0.0
H-SSM	77777	TRINITY	1	0.302606	0	0.0
H-SSM	77777	TRINITY	0	0.302606	0	0.0
H-SSM	77777	TRINITY	0	0.302606	0	0.0
H-SSM	77777	TRINITY	0	0.302606	0	0.0
H-SSM	77777	KKI	1	0.635706	1	0.0
H-SSM	77777	KKI	1	0.635706	1	0.0
H-SSM	77777	KKI	1	0.635706	1	0.0
H-SSM	77777	KKI	0	0.635706	1	0.0
H-SSM	77777	KKI	0	0.635706	1	0.0
H-SSM	77777	KKI	0	0.635706	1	0.0
H-SSM	77777	STANFORD	1	0.428467	0	0.0
H-SSM	77777	STANFORD	1	0.428467	0	0.0
H-SSM	77777	STANFORD	1	0.428467	0	0.0
H-SSM	77777	STANFORD	0	0.428467	0	0.0
H-SSM	77777	STANFORD	0	0.428467	0	0.0
H-SSM	77777	STANFORD	0	0.428467	0	0.0
H-SSM	77777	CALTECH	1	0.607963	1	0.0
H-SSM	77777	CALTECH	1	0.607963	1	0.0
H-SSM	77777	CALTECH	0	0.607963	1	0.0
H-SSM	77777	CALTECH	0	0.607963	1	0.0
H-SSM	77777	LEUVEN_2	1	0.460714	0	0.0
H-SSM	77777	LEUVEN_2	1	0.460714	0	0.0
H-SSM	77777	LEUVEN_2	0	0.460714	0	0.0
H-SSM	77777	LEUVEN_2	0	0.460714	0	0.0
H-SSM	77777	OLIN	1	0.469189	0	0.0
H-SSM	77777	OLIN	1	0.469189	0	0.0
H-SSM	77777	OLIN	0	0.469189	0	0.0
H-SSM	77777	OLIN	0	0.469189	0	0.0
H-SSM	77777	SBL	1	0.404584	0	0.0
H-SSM	77777	SBL	1	0.404584	0	0.0
H-SSM	77777	SBL	0	0.404584	0	0.0
H-SSM	77777	SBL	0	0.404584	0	0.0
H-SSM	77777	LEUVEN_1	1	0.768697	1	0.0
H-SSM	77777	LEUVEN_1	1	0.768697	1	0.0
H-SSM	77777	LEUVEN_1	0	0.768697	1	0.0
H-SSM	77777	LEUVEN_1	0	0.768697	1	0.0
H-SSM	77777	SDSU	1	0.467526	0	0.0
H-SSM	77777	SDSU	1	0.467526	0	0.0
H-SSM	77777	SDSU	0	0.467526	0	0.0
H-SSM	77777	SDSU	0	0.467526	0	0.0
H-SSM	77777	CMU	1	0.457718	0	0.0
H-SSM	77777	CMU	1	0.457718	0	0.0
H-SSM	77777	CMU	0	0.457718	0	0.0
H-SSM	77777	CMU	0	0.457718	0	0.0
H-SSM	77777	UCLA_2	1	0.680096	1	0.0
H-SSM	77777	UCLA_2	1	0.680096	1	0.0
H-SSM	77777	UCLA_2	0	0.680096	1	0.0
H-SSM	77777	UCLA_2	0	0.680096	1	0.0
H-SSM	77777	UM_2	1	0.566188	1	0.0
H-SSM	77777	UM_2	1	0.566188	1	0.0
H-SSM	77777	UM_2	0	0.566188	1	0.0
H-SSM	77777	UM_2	0	0.566188	1	0.0
H-SSM	77777	OHSU	1	0.380295	0	0.0
H-SSM	77777	OHSU	1	0.380295	0	0.0
H-SSM	77777	OHSU	0	0.380295	0	0.0
H-SSM	77777	OHSU	0	0.380295	0	0.0
H-SSM	88888	NYU	1	0.491669	0	0.0
H-SSM	88888	NYU	1	0.491669	0	0.0
H-SSM	88888	NYU	1	0.491669	0	0.0
H-SSM	88888	NYU	0	0.491669	0	0.0
H-SSM	88888	NYU	0	0.491669	0	0.0
H-SSM	88888	NYU	0	0.491669	0	0.0
H-SSM	88888	UM_1	1	0.331074	0	0.0
H-SSM	88888	UM_1	1	0.331074	0	0.0
H-SSM	88888	UM_1	1	0.331074	0	0.0
H-SSM	88888	UM_1	0	0.331074	0	0.0
H-SSM	88888	UM_1	0	0.331074	0	0.0
H-SSM	88888	UM_1	0	0.331074	0	0.0
H-SSM	88888	UCLA_1	1	0.558349	1	0.0
H-SSM	88888	UCLA_1	1	0.558349	1	0.0
H-SSM	88888	UCLA_1	1	0.558349	1	0.0
H-SSM	88888	UCLA_1	0	0.558349	1	0.0
H-SSM	88888	UCLA_1	0	0.558349	1	0.0
H-SSM	88888	UCLA_1	0	0.558349	1	0.0
H-SSM	88888	YALE	1	0.314756	0	0.0
H-SSM	88888	YALE	1	0.314756	0	0.0
H-SSM	88888	YALE	1	0.314756	0	0.0
H-SSM	88888	YALE	0	0.314756	0	0.0
H-SSM	88888	YALE	0	0.314756	0	0.0
H-SSM	88888	YALE	0	0.314756	0	0.0
H-SSM	88888	PITT	1	0.275863	0	0.0
H-SSM	88888	PITT	1	0.275863	0	0.0
H-SSM	88888	PITT	1	0.275863	0	0.0
H-SSM	88888	PITT	0	0.275863	0	0.0
H-SSM	88888	PITT	0	0.275863	0	0.0
H-SSM	88888	PITT	0	0.275863	0	0.0
H-SSM	88888	USM	1	0.587964	1	0.0
H-SSM	88888	USM	1	0.587964	1	0.0
H-SSM	88888	USM	1	0.587964	1	0.0
H-SSM	88888	USM	0	0.587964	1	0.0
H-SSM	88888	USM	0	0.587964	1	0.0
H-SSM	88888	USM	0	0.587964	1	0.0
H-SSM	88888	MAX_MUN	1	0.600394	1	0.0
H-SSM	88888	MAX_MUN	1	0.600394	1	0.0
H-SSM	88888	MAX_MUN	1	0.600394	1	0.0
H-SSM	88888	MAX_MUN	0	0.600394	1	0.0
H-SSM	88888	MAX_MUN	0	0.600394	1	0.0
H-SSM	88888	MAX_MUN	0	0.600394	1	0.0
H-SSM	88888	TRINITY	1	0.403819	0	0.0
H-SSM	88888	TRINITY	1	0.403819	0	0.0
H-SSM	88888	TRINITY	1	0.403819	0	0.0
H-SSM	88888	TRINITY	0	0.403819	0	0.0
H-SSM	88888	TRINITY	0	0.403819	0	0.0
H-SSM	88888	TRINITY	0	0.403819	0	0.0
H-SSM	88888	KKI	1	0.521023	1	0.0
H-SSM	88888	KKI	1	0.521023	1	0.0
H-SSM	88888	KKI	1	0.521023	1	0.0
H-SSM	88888	KKI	0	0.521023	1	0.0
H-SSM	88888	KKI	0	0.521023	1	0.0
H-SSM	88888	KKI	0	0.521023	1	0.0
H-SSM	88888	STANFORD	1	0.473095	0	0.0
H-SSM	88888	STANFORD	1	0.473095	0	0.0
H-SSM	88888	STANFORD	1	0.473095	0	0.0
H-SSM	88888	STANFORD	0	0.473095	0	0.0
H-SSM	88888	STANFORD	0	0.473095	0	0.0
H-SSM	88888	STANFORD	0	0.473095	0	0.0
H-SSM	88888	CALTECH	1	0.353087	0	0.0
H-SSM	88888	CALTECH	1	0.353087	0	0.0
H-SSM	88888	CALTECH	0	0.353087	0	0.0
H-SSM	88888	CALTECH	0	0.353087	0	0.0
H-SSM	88888	LEUVEN_2	1	0.498049	0	0.0
H-SSM	88888	LEUVEN_2	1	0.498049	0	0.0
H-SSM	88888	LEUVEN_2	0	0.498049	0	0.0
H-SSM	88888	LEUVEN_2	0	0.498049	0	0.0
H-SSM	88888	OLIN	1	0.329698	0	0.0
H-SSM	88888	OLIN	1	0.329698	0	0.0
H-SSM	88888	OLIN	0	0.329698	0	0.0
H-SSM	88888	OLIN	0	0.329698	0	0.0
H-SSM	88888	SBL	1	0.451674	0	0.0
H-SSM	88888	SBL	1	0.451674	0	0.0
H-SSM	88888	SBL	0	0.451674	0	0.0
H-SSM	88888	SBL	0	0.451674	0	0.0
H-SSM	88888	LEUVEN_1	1	0.438214	0	0.0
H-SSM	88888	LEUVEN_1	1	0.438214	0	0.0
H-SSM	88888	LEUVEN_1	0	0.438214	0	0.0
H-SSM	88888	LEUVEN_1	0	0.438214	0	0.0
H-SSM	88888	SDSU	1	0.446741	0	0.0
H-SSM	88888	SDSU	1	0.446741	0	0.0
H-SSM	88888	SDSU	0	0.446741	0	0.0
H-SSM	88888	SDSU	0	0.446741	0	0.0
H-SSM	88888	CMU	1	0.704754	1	0.0
H-SSM	88888	CMU	1	0.704754	1	0.0
H-SSM	88888	CMU	0	0.704754	1	0.0
H-SSM	88888	CMU	0	0.704754	1	0.0
H-SSM	88888	UCLA_2	1	0.555804	1	0.0
H-SSM	88888	UCLA_2	1	0.555804	1	0.0
H-SSM	88888	UCLA_2	0	0.555804	1	0.0
H-SSM	88888	UCLA_2	0	0.555804	1	0.0
H-SSM	88888	UM_2	1	0.412935	0	0.0
H-SSM	88888	UM_2	1	0.412935	0	0.0
H-SSM	88888	UM_2	0	0.412935	0	0.0
H-SSM	88888	UM_2	0	0.412935	0	0.0
H-SSM	88888	OHSU	1	0.473491	0	0.0
H-SSM	88888	OHSU	1	0.473491	0	0.0
H-SSM	88888	OHSU	0	0.473491	0	0.0
H-SSM	88888	OHSU	0	0.473491	0	0.0
H-SSM	33333	NYU	1	0.711143	1	0.0
H-SSM	33333	NYU	1	0.711143	1	0.0
H-SSM	33333	NYU	1	0.711143	1	0.0
H-SSM	33333	NYU	0	0.711143	1	0.0
H-SSM	33333	NYU	0	0.711143	1	0.0
H-SSM	33333	NYU	0	0.711143	1	0.0
H-SSM	33333	UM_1	1	0.578377	1	0.0
H-SSM	33333	UM_1	1	0.578377	1	0.0
H-SSM	33333	UM_1	1	0.578377	1	0.0
H-SSM	33333	UM_1	0	0.578377	1	0.0
H-SSM	33333	UM_1	0	0.578377	1	0.0
H-SSM	33333	UM_1	0	0.578377	1	0.0
H-SSM	33333	UCLA_1	1	0.549722	1	0.0
H-SSM	33333	UCLA_1	1	0.549722	1	0.0
H-SSM	33333	UCLA_1	1	0.549722	1	0.0
H-SSM	33333	UCLA_1	0	0.549722	1	0.0
H-SSM	33333	UCLA_1	0	0.549722	1	0.0
H-SSM	33333	UCLA_1	0	0.549722	1	0.0
H-SSM	33333	YALE	1	0.647316	1	0.0
H-SSM	33333	YALE	1	0.647316	1	0.0
H-SSM	33333	YALE	1	0.647316	1	0.0
H-SSM	33333	YALE	0	0.647316	1	0.0
H-SSM	33333	YALE	0	0.647316	1	0.0
H-SSM	33333	YALE	0	0.647316	1	0.0
H-SSM	33333	PITT	1	0.529249	1	0.0
H-SSM	33333	PITT	1	0.529249	1	0.0
H-SSM	33333	PITT	1	0.529249	1	0.0
H-SSM	33333	PITT	0	0.529249	1	0.0
H-SSM	33333	PITT	0	0.529249	1	0.0
H-SSM	33333	PITT	0	0.529249	1	0.0
H-SSM	33333	USM	1	0.424	0	0.0
H-SSM	33333	USM	1	0.424	0	0.0
H-SSM	33333	USM	1	0.424	0	0.0
H-SSM	33333	USM	0	0.424	0	0.0
H-SSM	33333	USM	0	0.424	0	0.0
H-SSM	33333	USM	0	0.424	0	0.0
H-SSM	33333	MAX_MUN	1	0.668972	1	0.0
H-SSM	33333	MAX_MUN	1	0.668972	1	0.0
H-SSM	33333	MAX_MUN	1	0.668972	1	0.0
H-SSM	33333	MAX_MUN	0	0.668972	1	0.0
H-SSM	33333	MAX_MUN	0	0.668972	1	0.0
H-SSM	33333	MAX_MUN	0	0.668972	1	0.0
H-SSM	33333	TRINITY	1	0.552435	1	0.0
H-SSM	33333	TRINITY	1	0.552435	1	0.0
H-SSM	33333	TRINITY	1	0.552435	1	0.0
H-SSM	33333	TRINITY	0	0.552435	1	0.0
H-SSM	33333	TRINITY	0	0.552435	1	0.0
H-SSM	33333	TRINITY	0	0.552435	1	0.0
H-SSM	33333	KKI	1	0.590131	1	0.0
H-SSM	33333	KKI	1	0.590131	1	0.0
H-SSM	33333	KKI	1	0.590131	1	0.0
H-SSM	33333	KKI	0	0.590131	1	0.0
H-SSM	33333	KKI	0	0.590131	1	0.0
H-SSM	33333	KKI	0	0.590131	1	0.0
H-SSM	33333	STANFORD	1	0.296965	0	0.0
H-SSM	33333	STANFORD	1	0.296965	0	0.0
H-SSM	33333	STANFORD	1	0.296965	0	0.0
H-SSM	33333	STANFORD	0	0.296965	0	0.0
H-SSM	33333	STANFORD	0	0.296965	0	0.0
H-SSM	33333	STANFORD	0	0.296965	0	0.0
H-SSM	33333	CALTECH	1	0.492318	0	0.0
H-SSM	33333	CALTECH	1	0.492318	0	0.0
H-SSM	33333	CALTECH	0	0.492318	0	0.0
H-SSM	33333	CALTECH	0	0.492318	0	0.0
H-SSM	33333	LEUVEN_2	1	0.480543	0	0.0
H-SSM	33333	LEUVEN_2	1	0.480543	0	0.0
H-SSM	33333	LEUVEN_2	0	0.480543	0	0.0
H-SSM	33333	LEUVEN_2	0	0.480543	0	0.0
H-SSM	33333	OLIN	1	0.687207	1	0.0
H-SSM	33333	OLIN	1	0.687207	1	0.0
H-SSM	33333	OLIN	0	0.687207	1	0.0
H-SSM	33333	OLIN	0	0.687207	1	0.0
H-SSM	33333	SBL	1	0.623762	1	0.0
H-SSM	33333	SBL	1	0.623762	1	0.0
H-SSM	33333	SBL	0	0.623762	1	0.0
H-SSM	33333	SBL	0	0.623762	1	0.0
H-SSM	33333	LEUVEN_1	1	0.300084	0	0.0
H-SSM	33333	LEUVEN_1	1	0.300084	0	0.0
H-SSM	33333	LEUVEN_1	0	0.300084	0	0.0
H-SSM	33333	LEUVEN_1	0	0.300084	0	0.0
H-SSM	33333	SDSU	1	0.511246	1	0.0
H-SSM	33333	SDSU	1	0.511246	1	0.0
H-SSM	33333	SDSU	0	0.511246	1	0.0
H-SSM	33333	SDSU	0	0.511246	1	0.0
H-SSM	33333	CMU	1	0.535873	1	0.0
H-SSM	33333	CMU	1	0.535873	1	0.0
H-SSM	33333	CMU	0	0.535873	1	0.0
H-SSM	33333	CMU	0	0.535873	1	0.0
H-SSM	33333	UCLA_2	1	0.404348	0	0.0
H-SSM	33333	UCLA_2	1	0.404348	0	0.0
H-SSM	33333	UCLA_2	0	0.404348	0	0.0
H-SSM	33333	UCLA_2	0	0.404348	0	0.0
H-SSM	33333	UM_2	1	0.264806	0	0.0
H-SSM	33333	UM_2	1	0.264806	0	0.0
H-SSM	33333	UM_2	0	0.264806	0	0.0
H-SSM	33333	UM_2	0	0.264806	0	0.0
H-SSM	33333	OHSU	1	0.599658	1	0.0
H-SSM	33333	OHSU	1	0.599658	1	0.0
H-SSM	33333	OHSU	0	0.599658	1	0.0
H-SSM	33333	OHSU	0	0.599658	1	0.0
H-SSM	12321	NYU	1	0.246781	0	0.0
H-SSM	12321	NYU	1	0.246781	0	0.0
H-SSM	12321	NYU	1	0.246781	0	0.0
H-SSM	12321	NYU	0	0.246781	0	0.0
H-SSM	12321	NYU	0	0.246781	0	0.0
H-SSM	12321	NYU	0	0.246781	0	0.0
H-SSM	12321	UM_1	1	0.420338	0	0.0
H-SSM	12321	UM_1	1	0.420338	0	0.0
H-SSM	12321	UM_1	1	0.420338	0	0.0
H-SSM	12321	UM_1	0	0.420338	0	0.0
H-SSM	12321	UM_1	0	0.420338	0	0.0
H-SSM	12321	UM_1	0	0.420338	0	0.0
H-SSM	12321	UCLA_1	1	0.459453	0	0.0
H-SSM	12321	UCLA_1	1	0.459453	0	0.0
H-SSM	12321	UCLA_1	1	0.459453	0	0.0
H-SSM	12321	UCLA_1	0	0.459453	0	0.0
H-SSM	12321	UCLA_1	0	0.459453	0	0.0
H-SSM	12321	UCLA_1	0	0.459453	0	0.0
H-SSM	12321	YALE	1	0.502712	1	0.0
H-SSM	12321	YALE	1	0.502712	1	0.0
H-SSM	12321	YALE	1	0.502712	1	0.0
H-SSM	12321	YALE	0	0.502712	1	0.0
H-SSM	12321	YALE	0	0.502712	1	0.0
H-SSM	12321	YALE	0	0.502712	1	0.0
H-SSM	12321	PITT	1	0.570195	1	0.0
H-SSM	12321	PITT	1	0.570195	1	0.0
H-SSM	12321	PITT	1	0.570195	1	0.0
H-SSM	12321	PITT	0	0.570195	1	0.0
H-SSM	12321	PITT	0	0.570195	1	0.0
H-SSM	12321	PITT	0	0.570195	1	0.0
H-SSM	12321	USM	1	0.538394	1	0.0
H-SSM	12321	USM	1	0.538394	1	0.0
H-SSM	12321	USM	1	0.538394	1	0.0
H-SSM	12321	USM	0	0.538394	1	0.0
H-SSM	12321	USM	0	0.538394	1	0.0
H-SSM	12321	USM	0	0.538394	1	0.0
H-SSM	12321	MAX_MUN	1	0.504147	1	0.0
H-SSM	12321	MAX_MUN	1	0.504147	1	0.0
H-SSM	12321	MAX_MUN	1	0.504147	1	0.0
H-SSM	12321	MAX_MUN	0	0.504147	1	0.0
H-SSM	12321	MAX_MUN	0	0.504147	1	0.0
H-SSM	12321	MAX_MUN	0	0.504147	1	0.0
H-SSM	12321	TRINITY	1	0.452712	0	0.0
H-SSM	12321	TRINITY	1	0.452712	0	0.0
H-SSM	12321	TRINITY	1	0.452712	0	0.0
H-SSM	12321	TRINITY	0	0.452712	0	0.0
H-SSM	12321	TRINITY	0	0.452712	0	0.0
H-SSM	12321	TRINITY	0	0.452712	0	0.0
H-SSM	12321	KKI	1	0.545697	1	0.0
H-SSM	12321	KKI	1	0.545697	1	0.0
H-SSM	12321	KKI	1	0.545697	1	0.0
H-SSM	12321	KKI	0	0.545697	1	0.0
H-SSM	12321	KKI	0	0.545697	1	0.0
H-SSM	12321	KKI	0	0.545697	1	0.0
H-SSM	12321	STANFORD	1	0.528846	1	0.0
H-SSM	12321	STANFORD	1	0.528846	1	0.0
H-SSM	12321	STANFORD	1	0.528846	1	0.0
H-SSM	12321	STANFORD	0	0.528846	1	0.0
H-SSM	12321	STANFORD	0	0.528846	1	0.0
H-SSM	12321	STANFORD	0	0.528846	1	0.0
H-SSM	12321	CALTECH	1	0.4353	0	0.0
H-SSM	12321	CALTECH	1	0.4353	0	0.0
H-SSM	12321	CALTECH	0	0.4353	0	0.0
H-SSM	12321	CALTECH	0	0.4353	0	0.0
H-SSM	12321	LEUVEN_2	1	0.458443	0	0.0
H-SSM	12321	LEUVEN_2	1	0.458443	0	0.0
H-SSM	12321	LEUVEN_2	0	0.458443	0	0.0
H-SSM	12321	LEUVEN_2	0	0.458443	0	0.0
H-SSM	12321	OLIN	1	0.330529	0	0.0
H-SSM	12321	OLIN	1	0.330529	0	0.0
H-SSM	12321	OLIN	0	0.330529	0	0.0
H-SSM	12321	OLIN	0	0.330529	0	0.0
H-SSM	12321	SBL	1	0.473538	0	0.0
H-SSM	12321	SBL	1	0.473538	0	0.0
H-SSM	12321	SBL	0	0.473538	0	0.0
H-SSM	12321	SBL	0	0.473538	0	0.0
H-SSM	12321	LEUVEN_1	1	0.45976	0	0.0
H-SSM	12321	LEUVEN_1	1	0.45976	0	0.0
H-SSM	12321	LEUVEN_1	0	0.45976	0	0.0
H-SSM	12321	LEUVEN_1	0	0.45976	0	0.0
H-SSM	12321	SDSU	1	0.417226	0	0.0
H-SSM	12321	SDSU	1	0.417226	0	0.0
H-SSM	12321	SDSU	0	0.417226	0	0.0
H-SSM	12321	SDSU	0	0.417226	0	0.0
H-SSM	12321	CMU	1	0.496128	0	0.0
H-SSM	12321	CMU	1	0.496128	0	0.0
H-SSM	12321	CMU	0	0.496128	0	0.0
H-SSM	12321	CMU	0	0.496128	0	0.0
H-SSM	12321	UCLA_2	1	0.573693	1	0.0
H-SSM	12321	UCLA_2	1	0.573693	1	0.0
H-SSM	12321	UCLA_2	0	0.573693	1	0.0
H-SSM	12321	UCLA_2	0	0.573693	1	0.0
H-SSM	12321	UM_2	1	0.399649	0	0.0
H-SSM	12321	UM_2	1	0.399649	0	0.0
H-SSM	12321	UM_2	0	0.399649	0	0.0
H-SSM	12321	UM_2	0	0.399649	0	0.0
H-SSM	12321	OHSU	1	0.507654	1	0.0
H-SSM	12321	OHSU	1	0.507654	1	0.0
H-SSM	12321	OHSU	0	0.507654	1	0.0
H-SSM	12321	OHSU	0	0.507654	1	0.0
H-SSM	24680	NYU	1	0.591119	1	0.0
H-SSM	24680	NYU	1	0.591119	1	0.0
H-SSM	24680	NYU	1	0.591119	1	0.0
H-SSM	24680	NYU	0	0.591119	1	0.0
H-SSM	24680	NYU	0	0.591119	1	0.0
H-SSM	24680	NYU	0	0.591119	1	0.0
H-SSM	24680	UM_1	1	0.414583	0	0.0
H-SSM	24680	UM_1	1	0.414583	0	0.0
H-SSM	24680	UM_1	1	0.414583	0	0.0
H-SSM	24680	UM_1	0	0.414583	0	0.0
H-SSM	24680	UM_1	0	0.414583	0	0.0
H-SSM	24680	UM_1	0	0.414583	0	0.0
H-SSM	24680	UCLA_1	1	0.448857	0	0.0
H-SSM	24680	UCLA_1	1	0.448857	0	0.0
H-SSM	24680	UCLA_1	1	0.448857	0	0.0
H-SSM	24680	UCLA_1	0	0.448857	0	0.0
H-SSM	24680	UCLA_1	0	0.448857	0	0.0
H-SSM	24680	UCLA_1	0	0.448857	0	0.0
H-SSM	24680	YALE	1	0.274535	0	0.0
H-SSM	24680	YALE	1	0.274535	0	0.0
H-SSM	24680	YALE	1	0.274535	0	0.0
H-SSM	24680	YALE	0	0.274535	0	0.0
H-SSM	24680	YALE	0	0.274535	0	0.0
H-SSM	24680	YALE	0	0.274535	0	0.0
H-SSM	24680	PITT	1	0.524568	1	0.0
H-SSM	24680	PITT	1	0.524568	1	0.0
H-SSM	24680	PITT	1	0.524568	1	0.0
H-SSM	24680	PITT	0	0.524568	1	0.0
H-SSM	24680	PITT	0	0.524568	1	0.0
H-SSM	24680	PITT	0	0.524568	1	0.0
H-SSM	24680	USM	1	0.358225	0	0.0
H-SSM	24680	USM	1	0.358225	0	0.0
H-SSM	24680	USM	1	0.358225	0	0.0
H-SSM	24680	USM	0	0.358225	0	0.0
H-SSM	24680	USM	0	0.358225	0	0.0
H-SSM	24680	USM	0	0.358225	0	0.0
H-SSM	24680	MAX_MUN	1	0.328044	0	0.0
H-SSM	24680	MAX_MUN	1	0.328044	0	0.0
H-SSM	24680	MAX_MUN	1	0.328044	0	0.0
H-SSM	24680	MAX_MUN	0	0.328044	0	0.0
H-SSM	24680	MAX_MUN	0	0.328044	0	0.0
H-SSM	24680	MAX_MUN	0	0.328044	0	0.0
H-SSM	24680	TRINITY	1	0.689339	1	0.0
H-SSM	24680	TRINITY	1	0.689339	1	0.0
H-SSM	24680	TRINITY	1	0.689339	1	0.0
H-SSM	24680	TRINITY	0	0.689339	1	0.0
H-SSM	24680	TRINITY	0	0.689339	1	0.0
H-SSM	24680	TRINITY	0	0.689339	1	0.0
H-SSM	24680	KKI	1	0.647058	1	0.0
H-SSM	24680	KKI	1	0.647058	1	0.0
H-SSM	24680	KKI	1	0.647058	1	0.0
H-SSM	24680	KKI	0	0.647058	1	0.0
H-SSM	24680	KKI	0	0.647058	1	0.0
H-SSM	24680	KKI	0	0.647058	1	0.0
H-SSM	24680	STANFORD	1	0.314953	0	0.0
H-SSM	24680	STANFORD	1	0.314953	0	0.0
H-SSM	24680	STANFORD	1	0.314953	0	0.0
H-SSM	24680	STANFORD	0	0.314953	0	0.0
H-SSM	24680	STANFORD	0	0.314953	0	0.0
H-SSM	24680	STANFORD	0	0.314953	0	0.0
H-SSM	24680	CALTECH	1	0.37002	0	0.0
H-SSM	24680	CALTECH	1	0.37002	0	0.0
H-SSM	24680	CALTECH	0	0.37002	0	0.0
H-SSM	24680	CALTECH	0	0.37002	0	0.0
H-SSM	24680	LEUVEN_2	1	0.579816	1	0.0
H-SSM	24680	LEUVEN_2	1	0.579816	1	0.0
H-SSM	24680	LEUVEN_2	0	0.579816	1	0.0
H-SSM	24680	LEUVEN_2	0	0.579816	1	0.0
H-SSM	24680	OLIN	1	0.728118	1	0.0
H-SSM	24680	OLIN	1	0.728118	1	0.0
H-SSM	24680	OLIN	0	0.728118	1	0.0
H-SSM	24680	OLIN	0	0.728118	1	0.0
H-SSM	24680	SBL	1	0.612633	1	0.0
H-SSM	24680	SBL	1	0.612633	1	0.0
H-SSM	24680	SBL	0	0.612633	1	0.0
H-SSM	24680	SBL	0	0.612633	1	0.0
H-SSM	24680	LEUVEN_1	1	0.439629	0	0.0
H-SSM	24680	LEUVEN_1	1	0.439629	0	0.0
H-SSM	24680	LEUVEN_1	0	0.439629	0	0.0
H-SSM	24680	LEUVEN_1	0	0.439629	0	0.0
H-SSM	24680	SDSU	1	0.43291	0	0.0
H-SSM	24680	SDSU	1	0.43291	0	0.0
H-SSM	24680	SDSU	0	0.43291	0	0.0
H-SSM	24680	SDSU	0	0.43291	0	0.0
H-SSM	24680	CMU	1	0.712763	1	0.0
H-SSM	24680	CMU	1	0.712763	1	0.0
H-SSM	24680	CMU	0	0.712763	1	0.0
H-SSM	24680	CMU	0	0.712763	1	0.0
H-SSM	24680	UCLA_2	1	0.53084	1	0.0
H-SSM	24680	UCLA_2	1	0.53084	1	0.0
H-SSM	24680	UCLA_2	0	0.53084	1	0.0
H-SSM	24680	UCLA_2	0	0.53084	1	0.0
H-SSM	24680	UM_2	1	0.581693	1	0.0
H-SSM	24680	UM_2	1	0.581693	1	0.0
H-SSM	24680	UM_2	0	0.581693	1	0.0
H-SSM	24680	UM_2	0	0.581693	1	0.0
H-SSM	24680	OHSU	1	0.440783	0	0.0
H-SSM	24680	OHSU	1	0.440783	0	0.0
H-SSM	24680	OHSU	0	0.440783	0	0.0
H-SSM	24680	OHSU	0	0.440783	0	0.0
H-SSM	13579	NYU	1	0.725148	1	0.0
H-SSM	13579	NYU	1	0.725148	1	0.0
H-SSM	13579	NYU	1	0.725148	1	0.0
H-SSM	13579	NYU	0	0.725148	1	0.0
H-SSM	13579	NYU	0	0.725148	1	0.0
H-SSM	13579	NYU	0	0.725148	1	0.0
H-SSM	13579	UM_1	1	0.395068	0	0.0
H-SSM	13579	UM_1	1	0.395068	0	0.0
H-SSM	13579	UM_1	1	0.395068	0	0.0
H-SSM	13579	UM_1	0	0.395068	0	0.0
H-SSM	13579	UM_1	0	0.395068	0	0.0
H-SSM	13579	UM_1	0	0.395068	0	0.0
H-SSM	13579	UCLA_1	1	0.490273	0	0.0
H-SSM	13579	UCLA_1	1	0.490273	0	0.0
H-SSM	13579	UCLA_1	1	0.490273	0	0.0
H-SSM	13579	UCLA_1	0	0.490273	0	0.0
H-SSM	13579	UCLA_1	0	0.490273	0	0.0
H-SSM	13579	UCLA_1	0	0.490273	0	0.0
H-SSM	13579	YALE	1	0.428534	0	0.0
H-SSM	13579	YALE	1	0.428534	0	0.0
H-SSM	13579	YALE	1	0.428534	0	0.0
H-SSM	13579	YALE	0	0.428534	0	0.0
H-SSM	13579	YALE	0	0.428534	0	0.0
H-SSM	13579	YALE	0	0.428534	0	0.0
H-SSM	13579	PITT	1	0.400672	0	0.0
H-SSM	13579	PITT	1	0.400672	0	0.0
H-SSM	13579	PITT	1	0.400672	0	0.0
H-SSM	13579	PITT	0	0.400672	0	0.0
H-SSM	13579	PITT	0	0.400672	0	0.0
H-SSM	13579	PITT	0	0.400672	0	0.0
H-SSM	13579	USM	1	0.50549	1	0.0
H-SSM	13579	USM	1	0.50549	1	0.0
H-SSM	13579	USM	1	0.50549	1	0.0
H-SSM	13579	USM	0	0.50549	1	0.0
H-SSM	13579	USM	0	0.50549	1	0.0
H-SSM	13579	USM	0	0.50549	1	0.0
H-SSM	13579	MAX_MUN	1	0.680558	1	0.0
H-SSM	13579	MAX_MUN	1	0.680558	1	0.0
H-SSM	13579	MAX_MUN	1	0.680558	1	0.0
H-SSM	13579	MAX_MUN	0	0.680558	1	0.0
H-SSM	13579	MAX_MUN	0	0.680558	1	0.0
H-SSM	13579	MAX_MUN	0	0.680558	1	0.0
H-SSM	13579	TRINITY	1	0.421722	0	0.0
H-SSM	13579	TRINITY	1	0.421722	0	0.0
H-SSM	13579	TRINITY	1	0.421722	0	0.0
H-SSM	13579	TRINITY	0	0.421722	0	0.0
H-SSM	13579	TRINITY	0	0.421722	0	0.0
H-SSM	13579	TRINITY	0	0.421722	0	0.0
H-SSM	13579	KKI	1	0.248264	0	0.0
H-SSM	13579	KKI	1	0.248264	0	0.0
H-SSM	13579	KKI	1	0.248264	0	0.0
H-SSM	13579	KKI	0	0.248264	0	0.0
H-SSM	13579	KKI	0	0.248264	0	0.0
H-SSM	13579	KKI	0	0.248264	0	0.0
H-SSM	13579	STANFORD	1	0.479848	0	0.0
H-SSM	13579	STANFORD	1	0.479848	0	0.0
H-SSM	13579	STANFORD	1	0.479848	0	0.0
H-SSM	13579	STANFORD	0	0.479848	0	0.0
H-SSM	13579	STANFORD	0	0.479848	0	0.0
H-SSM	13579	STANFORD	0	0.479848	0	0.0
H-SSM	13579	CALTECH	1	0.556968	1	0.0
H-SSM	13579	CALTECH	1	0.556968	1	0.0
H-SSM	13579	CALTECH	0	0.556968	1	0.0
H-SSM	13579	CALTECH	0	0.556968	1	0.0
H-SSM	13579	LEUVEN_2	1	0.688529	1	0.0
H-SSM	13579	LEUVEN_2	1	0.688529	1	0.0
H-SSM	13579	LEUVEN_2	0	0.688529	1	0.0
H-SSM	13579	LEUVEN_2	0	0.688529	1	0.0
H-SSM	13579	OLIN	1	0.55061	1	0.0
H-SSM	13579	OLIN	1	0.55061	1	0.0
H-SSM	13579	OLIN	0	0.55061	1	0.0
H-SSM	13579	OLIN	0	0.55061	1	0.0
H-SSM	13579	SBL	1	0.456276	0	0.0
H-SSM	13579	SBL	1	0.456276	0	0.0
H-SSM	13579	SBL	0	0.456276	0	0.0
H-SSM	13579	SBL	0	0.456276	0	0.0
H-SSM	13579	LEUVEN_1	1	0.31875	0	0.0
H-SSM	13579	LEUVEN_1	1	0.31875	0	0.0
H-SSM	13579	LEUVEN_1	0	0.31875	0	0.0
H-SSM	13579	LEUVEN_1	0	0.31875	0	0.0
H-SSM	13579	SDSU	1	0.354917	0	0.0
H-SSM	13579	SDSU	1	0.354917	0	0.0
H-SSM	13579	SDSU	0	0.354917	0	0.0
H-SSM	13579	SDSU	0	0.354917	0	0.0
H-SSM	13579	CMU	1	0.327221	0	0.0
H-SSM	13579	CMU	1	0.327221	0	0.0
H-SSM	13579	CMU	0	0.327221	0	0.0
H-SSM	13579	CMU	0	0.327221	0	0.0
H-SSM	13579	UCLA_2	1	0.331825	0	0.0
H-SSM	13579	UCLA_2	1	0.331825	0	0.0
H-SSM	13579	UCLA_2	0	0.331825	0	0.0
H-SSM	13579	UCLA_2	0	0.331825	0	0.0
H-SSM	13579	UM_2	1	0.61475	1	0.0
H-SSM	13579	UM_2	1	0.61475	1	0.0
H-SSM	13579	UM_2	0	0.61475	1	0.0
H-SSM	13579	UM_2	0	0.61475	1	0.0
H-SSM	13579	OHSU	1	0.614311	1	0.0
H-SSM	13579	OHSU	1	0.614311	1	0.0
H-SSM	13579	OHSU	0	0.614311	1	0.0
H-SSM	13579	OHSU	0	0.614311	1	0.0
H-SSM	54321	NYU	1	0.691841	1	0.0
H-SSM	54321	NYU	1	0.691841	1	0.0
H-SSM	54321	NYU	1	0.691841	1	0.0
H-SSM	54321	NYU	0	0.691841	1	0.0
H-SSM	54321	NYU	0	0.691841	1	0.0
H-SSM	54321	NYU	0	0.691841	1	0.0
H-SSM	54321	UM_1	1	0.410487	0	0.0
H-SSM	54321	UM_1	1	0.410487	0	0.0
H-SSM	54321	UM_1	1	0.410487	0	0.0
H-SSM	54321	UM_1	0	0.410487	0	0.0
H-SSM	54321	UM_1	0	0.410487	0	0.0
H-SSM	54321	UM_1	0	0.410487	0	0.0
H-SSM	54321	UCLA_1	1	0.342131	0	0.0
H-SSM	54321	UCLA_1	1	0.342131	0	0.0
H-SSM	54321	UCLA_1	1	0.342131	0	0.0
H-SSM	54321	UCLA_1	0	0.342131	0	0.0
H-SSM	54321	UCLA_1	0	0.342131	0	0.0
H-SSM	54321	UCLA_1	0	0.342131	0	0.0
H-SSM	54321	YALE	1	0.40081	0	0.0
H-SSM	54321	YALE	1	0.40081	0	0.0
H-SSM	54321	YALE	1	0.40081	0	0.0
H-SSM	54321	YALE	0	0.40081	0	0.0
H-SSM	54321	YALE	0	0.40081	0	0.0
H-SSM	54321	YALE	0	0.40081	0	0.0
H-SSM	54321	PITT	1	0.44324	0	0.0
H-SSM	54321	PITT	1	0.44324	0	0.0
H-SSM	54321	PITT	1	0.44324	0	0.0
H-SSM	54321	PITT	0	0.44324	0	0.0
H-SSM	54321	PITT	0	0.44324	0	0.0
H-SSM	54321	PITT	0	0.44324	0	0.0
H-SSM	54321	USM	1	0.390364	0	0.0
H-SSM	54321	USM	1	0.390364	0	0.0
H-SSM	54321	USM	1	0.390364	0	0.0
H-SSM	54321	USM	0	0.390364	0	0.0
H-SSM	54321	USM	0	0.390364	0	0.0
H-SSM	54321	USM	0	0.390364	0	0.0
H-SSM	54321	MAX_MUN	1	0.299731	0	0.0
H-SSM	54321	MAX_MUN	1	0.299731	0	0.0
H-SSM	54321	MAX_MUN	1	0.299731	0	0.0
H-SSM	54321	MAX_MUN	0	0.299731	0	0.0
H-SSM	54321	MAX_MUN	0	0.299731	0	0.0
H-SSM	54321	MAX_MUN	0	0.299731	0	0.0
H-SSM	54321	TRINITY	1	0.31186	0	0.0
H-SSM	54321	TRINITY	1	0.31186	0	0.0
H-SSM	54321	TRINITY	1	0.31186	0	0.0
H-SSM	54321	TRINITY	0	0.31186	0	0.0
H-SSM	54321	TRINITY	0	0.31186	0	0.0
H-SSM	54321	TRINITY	0	0.31186	0	0.0
H-SSM	54321	KKI	1	0.727232	1	0.0
H-SSM	54321	KKI	1	0.727232	1	0.0
H-SSM	54321	KKI	1	0.727232	1	0.0
H-SSM	54321	KKI	0	0.727232	1	0.0
H-SSM	54321	KKI	0	0.727232	1	0.0
H-SSM	54321	KKI	0	0.727232	1	0.0
H-SSM	54321	STANFORD	1	0.571952	1	0.0
H-SSM	54321	STANFORD	1	0.571952	1	0.0
H-SSM	54321	STANFORD	1	0.571952	1	0.0
H-SSM	54321	STANFORD	0	0.571952	1	0.0
H-SSM	54321	STANFORD	0	0.571952	1	0.0
H-SSM	54321	STANFORD	0	0.571952	1	0.0
H-SSM	54321	CALTECH	1	0.529021	1	0.0
H-SSM	54321	CALTECH	1	0.529021	1	0.0
H-SSM	54321	CALTECH	0	0.529021	1	0.0
H-SSM	54321	CALTECH	0	0.529021	1	0.0
H-SSM	54321	LEUVEN_2	1	0.429233	0	0.0
H-SSM	54321	LEUVEN_2	1	0.429233	0	0.0
H-SSM	54321	LEUVEN_2	0	0.429233	0	0.0
H-SSM	54321	LEUVEN_2	0	0.429233	0	0.0
H-SSM	54321	OLIN	1	0.584028	1	0.0
H-SSM	54321	OLIN	1	0.584028	1	0.0
H-SSM	54321	OLIN	0	0.584028	1	0.0
H-SSM	54321	OLIN	0	0.584028	1	0.0
H-SSM	54321	SBL	1	0.526516	1	0.0
H-SSM	54321	SBL	1	0.526516	1	0.0
H-SSM	54321	SBL	0	0.526516	1	0.0
H-SSM	54321	SBL	0	0.526516	1	0.0
H-SSM	54321	LEUVEN_1	1	0.298997	0	0.0
H-SSM	54321	LEUVEN_1	1	0.298997	0	0.0
H-SSM	54321	LEUVEN_1	0	0.298997	0	0.0
H-SSM	54321	LEUVEN_1	0	0.298997	0	0.0
H-SSM	54321	SDSU	1	0.421997	0	0.0
H-SSM	54321	SDSU	1	0.421997	0	0.0
H-SSM	54321	SDSU	0	0.421997	0	0.0
H-SSM	54321	SDSU	0	0.421997	0	0.0
H-SSM	54321	CMU	1	0.352989	0	0.0
H-SSM	54321	CMU	1	0.352989	0	0.0
H-SSM	54321	CMU	0	0.352989	0	0.0
H-SSM	54321	CMU	0	0.352989	0	0.0
H-SSM	54321	UCLA_2	1	0.440189	0	0.0
H-SSM	54321	UCLA_2	1	0.440189	0	0.0
H-SSM	54321	UCLA_2	0	0.440189	0	0.0
H-SSM	54321	UCLA_2	0	0.440189	0	0.0
H-SSM	54321	UM_2	1	0.699118	1	0.0
H-SSM	54321	UM_2	1	0.699118	1	0.0
H-SSM	54321	UM_2	0	0.699118	1	0.0
H-SSM	54321	UM_2	0	0.699118	1	0.0
H-SSM	54321	OHSU	1	0.6585	1	0.0
H-SSM	54321	OHSU	1	0.6585	1	0.0
H-SSM	54321	OHSU	0	0.6585	1	0.0
H-SSM	54321	OHSU	0	0.6585	1	0.0
H-SSM	67890	NYU	1	0.610885	1	0.0
H-SSM	67890	NYU	1	0.610885	1	0.0
H-SSM	67890	NYU	1	0.610885	1	0.0
H-SSM	67890	NYU	0	0.610885	1	0.0
H-SSM	67890	NYU	0	0.610885	1	0.0
H-SSM	67890	NYU	0	0.610885	1	0.0
H-SSM	67890	UM_1	1	0.694632	1	0.0
H-SSM	67890	UM_1	1	0.694632	1	0.0
H-SSM	67890	UM_1	1	0.694632	1	0.0
H-SSM	67890	UM_1	0	0.694632	1	0.0
H-SSM	67890	UM_1	0	0.694632	1	0.0
H-SSM	67890	UM_1	0	0.694632	1	0.0
H-SSM	67890	UCLA_1	1	0.428019	0	0.0
H-SSM	67890	UCLA_1	1	0.428019	0	0.0
H-SSM	67890	UCLA_1	1	0.428019	0	0.0
H-SSM	67890	UCLA_1	0	0.428019	0	0.0
H-SSM	67890	UCLA_1	0	0.428019	0	0.0
H-SSM	67890	UCLA_1	0	0.428019	0	0.0
H-SSM	67890	YALE	1	0.609397	1	0.0
H-SSM	67890	YALE	1	0.609397	1	0.0
H-SSM	67890	YALE	1	0.609397	1	0.0
H-SSM	67890	YALE	0	0.609397	1	0.0
H-SSM	67890	YALE	0	0.609397	1	0.0
H-SSM	67890	YALE	0	0.609397	1	0.0
H-SSM	67890	PITT	1	0.478225	0	0.0
H-SSM	67890	PITT	1	0.478225	0	0.0
H-SSM	67890	PITT	1	0.478225	0	0.0
H-SSM	67890	PITT	0	0.478225	0	0.0
H-SSM	67890	PITT	0	0.478225	0	0.0
H-SSM	67890	PITT	0	0.478225	0	0.0
H-SSM	67890	USM	1	0.610101	1	0.0
H-SSM	67890	USM	1	0.610101	1	0.0
H-SSM	67890	USM	1	0.610101	1	0.0
H-SSM	67890	USM	0	0.610101	1	0.0
H-SSM	67890	USM	0	0.610101	1	0.0
H-SSM	67890	USM	0	0.610101	1	0.0
H-SSM	67890	MAX_MUN	1	0.433254	0	0.0
H-SSM	67890	MAX_MUN	1	0.433254	0	0.0
H-SSM	67890	MAX_MUN	1	0.433254	0	0.0
H-SSM	67890	MAX_MUN	0	0.433254	0	0.0
H-SSM	67890	MAX_MUN	0	0.433254	0	0.0
H-SSM	67890	MAX_MUN	0	0.433254	0	0.0
H-SSM	67890	TRINITY	1	0.606731	1	0.0
H-SSM	67890	TRINITY	1	0.606731	1	0.0
H-SSM	67890	TRINITY	1	0.606731	1	0.0
H-SSM	67890	TRINITY	0	0.606731	1	0.0
H-SSM	67890	TRINITY	0	0.606731	1	0.0
H-SSM	67890	TRINITY	0	0.606731	1	0.0
H-SSM	67890	KKI	1	0.438549	0	0.0
H-SSM	67890	KKI	1	0.438549	0	0.0
H-SSM	67890	KKI	1	0.438549	0	0.0
H-SSM	67890	KKI	0	0.438549	0	0.0
H-SSM	67890	KKI	0	0.438549	0	0.0
H-SSM	67890	KKI	0	0.438549	0	0.0
H-SSM	67890	STANFORD	1	0.41189	0	0.0
H-SSM	67890	STANFORD	1	0.41189	0	0.0
H-SSM	67890	STANFORD	1	0.41189	0	0.0
H-SSM	67890	STANFORD	0	0.41189	0	0.0
H-SSM	67890	STANFORD	0	0.41189	0	0.0
H-SSM	67890	STANFORD	0	0.41189	0	0.0
H-SSM	67890	CALTECH	1	0.655035	1	0.0
H-SSM	67890	CALTECH	1	0.655035	1	0.0
H-SSM	67890	CALTECH	0	0.655035	1	0.0
H-SSM	67890	CALTECH	0	0.655035	1	0.0
H-SSM	67890	LEUVEN_2	1	0.687877	1	0.0
H-SSM	67890	LEUVEN_2	1	0.687877	1	0.0
H-SSM	67890	LEUVEN_2	0	0.687877	1	0.0
H-SSM	67890	LEUVEN_2	0	0.687877	1	0.0
H-SSM	67890	OLIN	1	0.587268	1	0.0
H-SSM	67890	OLIN	1	0.587268	1	0.0
H-SSM	67890	OLIN	0	0.587268	1	0.0
H-SSM	67890	OLIN	0	0.587268	1	0.0
H-SSM	67890	SBL	1	0.419219	0	0.0
H-SSM	67890	SBL	1	0.419219	0	0.0
H-SSM	67890	SBL	0	0.419219	0	0.0
H-SSM	67890	SBL	0	0.419219	0	0.0
H-SSM	67890	LEUVEN_1	1	0.642312	1	0.0
H-SSM	67890	LEUVEN_1	1	0.642312	1	0.0
H-SSM	67890	LEUVEN_1	0	0.642312	1	0.0
H-SSM	67890	LEUVEN_1	0	0.642312	1	0.0
H-SSM	67890	SDSU	1	0.693009	1	0.0
H-SSM	67890	SDSU	1	0.693009	1	0.0
H-SSM	67890	SDSU	0	0.693009	1	0.0
H-SSM	67890	SDSU	0	0.693009	1	0.0
H-SSM	67890	CMU	1	0.391556	0	0.0
H-SSM	67890	CMU	1	0.391556	0	0.0
H-SSM	67890	CMU	0	0.391556	0	0.0
H-SSM	67890	CMU	0	0.391556	0	0.0
H-SSM	67890	UCLA_2	1	0.495682	0	0.0
H-SSM	67890	UCLA_2	1	0.495682	0	0.0
H-SSM	67890	UCLA_2	0	0.495682	0	0.0
H-SSM	67890	UCLA_2	0	0.495682	0	0.0
H-SSM	67890	UM_2	1	0.59194	1	0.0
H-SSM	67890	UM_2	1	0.59194	1	0.0
H-SSM	67890	UM_2	0	0.59194	1	0.0
H-SSM	67890	UM_2	0	0.59194	1	0.0
H-SSM	67890	OHSU	1	0.206148	0	0.0
H-SSM	67890	OHSU	1	0.206148	0	0.0
H-SSM	67890	OHSU	0	0.206148	0	0.0
H-SSM	67890	OHSU	0	0.206148	0	0.0
H-SSM	11223	NYU	1	0.442553	0	0.0
H-SSM	11223	NYU	1	0.442553	0	0.0
H-SSM	11223	NYU	1	0.442553	0	0.0
H-SSM	11223	NYU	0	0.442553	0	0.0
H-SSM	11223	NYU	0	0.442553	0	0.0
H-SSM	11223	NYU	0	0.442553	0	0.0
H-SSM	11223	UM_1	1	0.527745	1	0.0
H-SSM	11223	UM_1	1	0.527745	1	0.0
H-SSM	11223	UM_1	1	0.527745	1	0.0
H-SSM	11223	UM_1	0	0.527745	1	0.0
H-SSM	11223	UM_1	0	0.527745	1	0.0
H-SSM	11223	UM_1	0	0.527745	1	0.0
H-SSM	11223	UCLA_1	1	0.521682	1	0.0
H-SSM	11223	UCLA_1	1	0.521682	1	0.0
H-SSM	11223	UCLA_1	1	0.521682	1	0.0
H-SSM	11223	UCLA_1	0	0.521682	1	0.0
H-SSM	11223	UCLA_1	0	0.521682	1	0.0
H-SSM	11223	UCLA_1	0	0.521682	1	0.0
H-SSM	11223	YALE	1	0.336269	0	0.0
H-SSM	11223	YALE	1	0.336269	0	0.0
H-SSM	11223	YALE	1	0.336269	0	0.0
H-SSM	11223	YALE	0	0.336269	0	0.0
H-SSM	11223	YALE	0	0.336269	0	0.0
H-SSM	11223	YALE	0	0.336269	0	0.0
H-SSM	11223	PITT	1	0.39293	0	0.0
H-SSM	11223	PITT	1	0.39293	0	0.0
H-SSM	11223	PITT	1	0.39293	0	0.0
H-SSM	11223	PITT	0	0.39293	0	0.0
H-SSM	11223	PITT	0	0.39293	0	0.0
H-SSM	11223	PITT	0	0.39293	0	0.0
H-SSM	11223	USM	1	0.274899	0	0.0
H-SSM	11223	USM	1	0.274899	0	0.0
H-SSM	11223	USM	1	0.274899	0	0.0
H-SSM	11223	USM	0	0.274899	0	0.0
H-SSM	11223	USM	0	0.274899	0	0.0
H-SSM	11223	USM	0	0.274899	0	0.0
H-SSM	11223	MAX_MUN	1	0.357799	0	0.0
H-SSM	11223	MAX_MUN	1	0.357799	0	0.0
H-SSM	11223	MAX_MUN	1	0.357799	0	0.0
H-SSM	11223	MAX_MUN	0	0.357799	0	0.0
H-SSM	11223	MAX_MUN	0	0.357799	0	0.0
H-SSM	11223	MAX_MUN	0	0.357799	0	0.0
H-SSM	11223	TRINITY	1	0.444688	0	0.0
H-SSM	11223	TRINITY	1	0.444688	0	0.0
H-SSM	11223	TRINITY	1	0.444688	0	0.0
H-SSM	11223	TRINITY	0	0.444688	0	0.0
H-SSM	11223	TRINITY	0	0.444688	0	0.0
H-SSM	11223	TRINITY	0	0.444688	0	0.0
H-SSM	11223	KKI	1	0.353451	0	0.0
H-SSM	11223	KKI	1	0.353451	0	0.0
H-SSM	11223	KKI	1	0.353451	0	0.0
H-SSM	11223	KKI	0	0.353451	0	0.0
H-SSM	11223	KKI	0	0.353451	0	0.0
H-SSM	11223	KKI	0	0.353451	0	0.0
H-SSM	11223	STANFORD	1	0.78163	1	0.0
H-SSM	11223	STANFORD	1	0.78163	1	0.0
H-SSM	11223	STANFORD	1	0.78163	1	0.0
H-SSM	11223	STANFORD	0	0.78163	1	0.0
H-SSM	11223	STANFORD	0	0.78163	1	0.0
H-SSM	11223	STANFORD	0	0.78163	1	0.0
H-SSM	11223	CALTECH	1	0.573286	1	0.0
H-SSM	11223	CALTECH	1	0.573286	1	0.0
H-SSM	11223	CALTECH	0	0.573286	1	0.0
H-SSM	11223	CALTECH	0	0.573286	1	0.0
H-SSM	11223	LEUVEN_2	1	0.699469	1	0.0
H-SSM	11223	LEUVEN_2	1	0.699469	1	0.0
H-SSM	11223	LEUVEN_2	0	0.699469	1	0.0
H-SSM	11223	LEUVEN_2	0	0.699469	1	0.0
H-SSM	11223	OLIN	1	0.491856	0	0.0
H-SSM	11223	OLIN	1	0.491856	0	0.0
H-SSM	11223	OLIN	0	0.491856	0	0.0
H-SSM	11223	OLIN	0	0.491856	0	0.0
H-SSM	11223	SBL	1	0.570762	1	0.0
H-SSM	11223	SBL	1	0.570762	1	0.0
H-SSM	11223	SBL	0	0.570762	1	0.0
H-SSM	11223	SBL	0	0.570762	1	0.0
H-SSM	11223	LEUVEN_1	1	0.629876	1	0.0
H-SSM	11223	LEUVEN_1	1	0.629876	1	0.0
H-SSM	11223	LEUVEN_1	0	0.629876	1	0.0
H-SSM	11223	LEUVEN_1	0	0.629876	1	0.0
H-SSM	11223	SDSU	1	0.556241	1	0.0
H-SSM	11223	SDSU	1	0.556241	1	0.0
H-SSM	11223	SDSU	0	0.556241	1	0.0
H-SSM	11223	SDSU	0	0.556241	1	0.0
H-SSM	11223	CMU	1	0.686763	1	0.0
H-SSM	11223	CMU	1	0.686763	1	0.0
H-SSM	11223	CMU	0	0.686763	1	0.0
H-SSM	11223	CMU	0	0.686763	1	0.0
H-SSM	11223	UCLA_2	1	0.364655	0	0.0
H-SSM	11223	UCLA_2	1	0.364655	0	0.0
H-SSM	11223	UCLA_2	0	0.364655	0	0.0
H-SSM	11223	UCLA_2	0	0.364655	0	0.0
H-SSM	11223	UM_2	1	0.352668	0	0.0
H-SSM	11223	UM_2	1	0.352668	0	0.0
H-SSM	11223	UM_2	0	0.352668	0	0.0
H-SSM	11223	UM_2	0	0.352668	0	0.0
H-SSM	11223	OHSU	1	0.450498	0	0.0
H-SSM	11223	OHSU	1	0.450498	0	0.0
H-SSM	11223	OHSU	0	0.450498	0	0.0
H-SSM	11223	OHSU	0	0.450498	0	0.0
H-SSM	44567	NYU	1	0.420015	0	0.0
H-SSM	44567	NYU	1	0.420015	0	0.0
H-SSM	44567	NYU	1	0.420015	0	0.0
H-SSM	44567	NYU	0	0.420015	0	0.0
H-SSM	44567	NYU	0	0.420015	0	0.0
H-SSM	44567	NYU	0	0.420015	0	0.0
H-SSM	44567	UM_1	1	0.639231	1	0.0
H-SSM	44567	UM_1	1	0.639231	1	0.0
H-SSM	44567	UM_1	1	0.639231	1	0.0
H-SSM	44567	UM_1	0	0.639231	1	0.0
H-SSM	44567	UM_1	0	0.639231	1	0.0
H-SSM	44567	UM_1	0	0.639231	1	0.0
H-SSM	44567	UCLA_1	1	0.240845	0	0.0
H-SSM	44567	UCLA_1	1	0.240845	0	0.0
H-SSM	44567	UCLA_1	1	0.240845	0	0.0
H-SSM	44567	UCLA_1	0	0.240845	0	0.0
H-SSM	44567	UCLA_1	0	0.240845	0	0.0
H-SSM	44567	UCLA_1	0	0.240845	0	0.0
H-SSM	44567	YALE	1	0.235148	0	0.0
H-SSM	44567	YALE	1	0.235148	0	0.0
H-SSM	44567	YALE	1	0.235148	0	0.0
H-SSM	44567	YALE	0	0.235148	0	0.0
H-SSM	44567	YALE	0	0.235148	0	0.0
H-SSM	44567	YALE	0	0.235148	0	0.0
H-SSM	44567	PITT	1	0.340415	0	0.0
H-SSM	44567	PITT	1	0.340415	0	0.0
H-SSM	44567	PITT	1	0.340415	0	0.0
H-SSM	44567	PITT	0	0.340415	0	0.0
H-SSM	44567	PITT	0	0.340415	0	0.0
H-SSM	44567	PITT	0	0.340415	0	0.0
H-SSM	44567	USM	1	0.478353	0	0.0
H-SSM	44567	USM	1	0.478353	0	0.0
H-SSM	44567	USM	1	0.478353	0	0.0
H-SSM	44567	USM	0	0.478353	0	0.0
H-SSM	44567	USM	0	0.478353	0	0.0
H-SSM	44567	USM	0	0.478353	0	0.0
H-SSM	44567	MAX_MUN	1	0.514858	1	0.0
H-SSM	44567	MAX_MUN	1	0.514858	1	0.0
H-SSM	44567	MAX_MUN	1	0.514858	1	0.0
H-SSM	44567	MAX_MUN	0	0.514858	1	0.0
H-SSM	44567	MAX_MUN	0	0.514858	1	0.0
H-SSM	44567	MAX_MUN	0	0.514858	1	0.0
H-SSM	44567	TRINITY	1	0.506063	1	0.0
H-SSM	44567	TRINITY	1	0.506063	1	0.0
H-SSM	44567	TRINITY	1	0.506063	1	0.0
H-SSM	44567	TRINITY	0	0.506063	1	0.0
H-SSM	44567	TRINITY	0	0.506063	1	0.0
H-SSM	44567	TRINITY	0	0.506063	1	0.0
H-SSM	44567	KKI	1	0.376368	0	0.0
H-SSM	44567	KKI	1	0.376368	0	0.0
H-SSM	44567	KKI	1	0.376368	0	0.0
H-SSM	44567	KKI	0	0.376368	0	0.0
H-SSM	44567	KKI	0	0.376368	0	0.0
H-SSM	44567	KKI	0	0.376368	0	0.0
H-SSM	44567	STANFORD	1	0.684496	1	0.0
H-SSM	44567	STANFORD	1	0.684496	1	0.0
H-SSM	44567	STANFORD	1	0.684496	1	0.0
H-SSM	44567	STANFORD	0	0.684496	1	0.0
H-SSM	44567	STANFORD	0	0.684496	1	0.0
H-SSM	44567	STANFORD	0	0.684496	1	0.0
H-SSM	44567	CALTECH	1	0.308763	0	0.0
H-SSM	44567	CALTECH	1	0.308763	0	0.0
H-SSM	44567	CALTECH	0	0.308763	0	0.0
H-SSM	44567	CALTECH	0	0.308763	0	0.0
H-SSM	44567	LEUVEN_2	1	0.489392	0	0.0
H-SSM	44567	LEUVEN_2	1	0.489392	0	0.0
H-SSM	44567	LEUVEN_2	0	0.489392	0	0.0
H-SSM	44567	LEUVEN_2	0	0.489392	0	0.0
H-SSM	44567	OLIN	1	0.476124	0	0.0
H-SSM	44567	OLIN	1	0.476124	0	0.0
H-SSM	44567	OLIN	0	0.476124	0	0.0
H-SSM	44567	OLIN	0	0.476124	0	0.0
H-SSM	44567	SBL	1	0.343874	0	0.0
H-SSM	44567	SBL	1	0.343874	0	0.0
H-SSM	44567	SBL	0	0.343874	0	0.0
H-SSM	44567	SBL	0	0.343874	0	0.0
H-SSM	44567	LEUVEN_1	1	0.594224	1	0.0
H-SSM	44567	LEUVEN_1	1	0.594224	1	0.0
H-SSM	44567	LEUVEN_1	0	0.594224	1	0.0
H-SSM	44567	LEUVEN_1	0	0.594224	1	0.0
H-SSM	44567	SDSU	1	0.525985	1	0.0
H-SSM	44567	SDSU	1	0.525985	1	0.0
H-SSM	44567	SDSU	0	0.525985	1	0.0
H-SSM	44567	SDSU	0	0.525985	1	0.0
H-SSM	44567	CMU	1	0.374737	0	0.0
H-SSM	44567	CMU	1	0.374737	0	0.0
H-SSM	44567	CMU	0	0.374737	0	0.0
H-SSM	44567	CMU	0	0.374737	0	0.0
H-SSM	44567	UCLA_2	1	0.567489	1	0.0
H-SSM	44567	UCLA_2	1	0.567489	1	0.0
H-SSM	44567	UCLA_2	0	0.567489	1	0.0
H-SSM	44567	UCLA_2	0	0.567489	1	0.0
H-SSM	44567	UM_2	1	0.505095	1	0.0
H-SSM	44567	UM_2	1	0.505095	1	0.0
H-SSM	44567	UM_2	0	0.505095	1	0.0
H-SSM	44567	UM_2	0	0.505095	1	0.0
H-SSM	44567	OHSU	1	0.377629	0	0.0
H-SSM	44567	OHSU	1	0.377629	0	0.0
H-SSM	44567	OHSU	0	0.377629	0	0.0
H-SSM	44567	OHSU	0	0.377629	0	0.0
H-SSM	77889	NYU	1	0.421369	0	0.0
H-SSM	77889	NYU	1	0.421369	0	0.0
H-SSM	77889	NYU	1	0.421369	0	0.0
H-SSM	77889	NYU	0	0.421369	0	0.0
H-SSM	77889	NYU	0	0.421369	0	0.0
H-SSM	77889	NYU	0	0.421369	0	0.0
H-SSM	77889	UM_1	1	0.618695	1	0.0
H-SSM	77889	UM_1	1	0.618695	1	0.0
H-SSM	77889	UM_1	1	0.618695	1	0.0
H-SSM	77889	UM_1	0	0.618695	1	0.0
H-SSM	77889	UM_1	0	0.618695	1	0.0
H-SSM	77889	UM_1	0	0.618695	1	0.0
H-SSM	77889	UCLA_1	1	0.465316	0	0.0
H-SSM	77889	UCLA_1	1	0.465316	0	0.0
H-SSM	77889	UCLA_1	1	0.465316	0	0.0
H-SSM	77889	UCLA_1	0	0.465316	0	0.0
H-SSM	77889	UCLA_1	0	0.465316	0	0.0
H-SSM	77889	UCLA_1	0	0.465316	0	0.0
H-SSM	77889	YALE	1	0.498209	0	0.0
H-SSM	77889	YALE	1	0.498209	0	0.0
H-SSM	77889	YALE	1	0.498209	0	0.0
H-SSM	77889	YALE	0	0.498209	0	0.0
H-SSM	77889	YALE	0	0.498209	0	0.0
H-SSM	77889	YALE	0	0.498209	0	0.0
H-SSM	77889	PITT	1	0.472162	0	0.0
H-SSM	77889	PITT	1	0.472162	0	0.0
H-SSM	77889	PITT	1	0.472162	0	0.0
H-SSM	77889	PITT	0	0.472162	0	0.0
H-SSM	77889	PITT	0	0.472162	0	0.0
H-SSM	77889	PITT	0	0.472162	0	0.0
H-SSM	77889	USM	1	0.49048	0	0.0
H-SSM	77889	USM	1	0.49048	0	0.0
H-SSM	77889	USM	1	0.49048	0	0.0
H-SSM	77889	USM	0	0.49048	0	0.0
H-SSM	77889	USM	0	0.49048	0	0.0
H-SSM	77889	USM	0	0.49048	0	0.0
H-SSM	77889	MAX_MUN	1	0.210586	0	0.0
H-SSM	77889	MAX_MUN	1	0.210586	0	0.0
H-SSM	77889	MAX_MUN	1	0.210586	0	0.0
H-SSM	77889	MAX_MUN	0	0.210586	0	0.0
H-SSM	77889	MAX_MUN	0	0.210586	0	0.0
H-SSM	77889	MAX_MUN	0	0.210586	0	0.0
H-SSM	77889	TRINITY	1	0.41902	0	0.0
H-SSM	77889	TRINITY	1	0.41902	0	0.0
H-SSM	77889	TRINITY	1	0.41902	0	0.0
H-SSM	77889	TRINITY	0	0.41902	0	0.0
H-SSM	77889	TRINITY	0	0.41902	0	0.0
H-SSM	77889	TRINITY	0	0.41902	0	0.0
H-SSM	77889	KKI	1	0.501668	1	0.0
H-SSM	77889	KKI	1	0.501668	1	0.0
H-SSM	77889	KKI	1	0.501668	1	0.0
H-SSM	77889	KKI	0	0.501668	1	0.0
H-SSM	77889	KKI	0	0.501668	1	0.0
H-SSM	77889	KKI	0	0.501668	1	0.0
H-SSM	77889	STANFORD	1	0.494722	0	0.0
H-SSM	77889	STANFORD	1	0.494722	0	0.0
H-SSM	77889	STANFORD	1	0.494722	0	0.0
H-SSM	77889	STANFORD	0	0.494722	0	0.0
H-SSM	77889	STANFORD	0	0.494722	0	0.0
H-SSM	77889	STANFORD	0	0.494722	0	0.0
H-SSM	77889	CALTECH	1	0.492951	0	0.0
H-SSM	77889	CALTECH	1	0.492951	0	0.0
H-SSM	77889	CALTECH	0	0.492951	0	0.0
H-SSM	77889	CALTECH	0	0.492951	0	0.0
H-SSM	77889	LEUVEN_2	1	0.665964	1	0.0
H-SSM	77889	LEUVEN_2	1	0.665964	1	0.0
H-SSM	77889	LEUVEN_2	0	0.665964	1	0.0
H-SSM	77889	LEUVEN_2	0	0.665964	1	0.0
H-SSM	77889	OLIN	1	0.565422	1	0.0
H-SSM	77889	OLIN	1	0.565422	1	0.0
H-SSM	77889	OLIN	0	0.565422	1	0.0
H-SSM	77889	OLIN	0	0.565422	1	0.0
H-SSM	77889	SBL	1	0.55248	1	0.0
H-SSM	77889	SBL	1	0.55248	1	0.0
H-SSM	77889	SBL	0	0.55248	1	0.0
H-SSM	77889	SBL	0	0.55248	1	0.0
H-SSM	77889	LEUVEN_1	1	0.347763	0	0.0
H-SSM	77889	LEUVEN_1	1	0.347763	0	0.0
H-SSM	77889	LEUVEN_1	0	0.347763	0	0.0
H-SSM	77889	LEUVEN_1	0	0.347763	0	0.0
H-SSM	77889	SDSU	1	0.456138	0	0.0
H-SSM	77889	SDSU	1	0.456138	0	0.0
H-SSM	77889	SDSU	0	0.456138	0	0.0
H-SSM	77889	SDSU	0	0.456138	0	0.0
H-SSM	77889	CMU	1	0.435571	0	0.0
H-SSM	77889	CMU	1	0.435571	0	0.0
H-SSM	77889	CMU	0	0.435571	0	0.0
H-SSM	77889	CMU	0	0.435571	0	0.0
H-SSM	77889	UCLA_2	1	0.59147	1	0.0
H-SSM	77889	UCLA_2	1	0.59147	1	0.0
H-SSM	77889	UCLA_2	0	0.59147	1	0.0
H-SSM	77889	UCLA_2	0	0.59147	1	0.0
H-SSM	77889	UM_2	1	0.338752	0	0.0
H-SSM	77889	UM_2	1	0.338752	0	0.0
H-SSM	77889	UM_2	0	0.338752	0	0.0
H-SSM	77889	UM_2	0	0.338752	0	0.0
H-SSM	77889	OHSU	1	0.656301	1	0.0
H-SSM	77889	OHSU	1	0.656301	1	0.0
H-SSM	77889	OHSU	0	0.656301	1	0.0
H-SSM	77889	OHSU	0	0.656301	1	0.0
H-SSM	99001	NYU	1	0.523599	1	0.0
H-SSM	99001	NYU	1	0.523599	1	0.0
H-SSM	99001	NYU	1	0.523599	1	0.0
H-SSM	99001	NYU	0	0.523599	1	0.0
H-SSM	99001	NYU	0	0.523599	1	0.0
H-SSM	99001	NYU	0	0.523599	1	0.0
H-SSM	99001	UM_1	1	0.421435	0	0.0
H-SSM	99001	UM_1	1	0.421435	0	0.0
H-SSM	99001	UM_1	1	0.421435	0	0.0
H-SSM	99001	UM_1	0	0.421435	0	0.0
H-SSM	99001	UM_1	0	0.421435	0	0.0
H-SSM	99001	UM_1	0	0.421435	0	0.0
H-SSM	99001	UCLA_1	1	0.550287	1	0.0
H-SSM	99001	UCLA_1	1	0.550287	1	0.0
H-SSM	99001	UCLA_1	1	0.550287	1	0.0
H-SSM	99001	UCLA_1	0	0.550287	1	0.0
H-SSM	99001	UCLA_1	0	0.550287	1	0.0
H-SSM	99001	UCLA_1	0	0.550287	1	0.0
H-SSM	99001	YALE	1	0.607413	1	0.0
H-SSM	99001	YALE	1	0.607413	1	0.0
H-SSM	99001	YALE	1	0.607413	1	0.0
H-SSM	99001	YALE	0	0.607413	1	0.0
H-SSM	99001	YALE	0	0.607413	1	0.0
H-SSM	99001	YALE	0	0.607413	1	0.0
H-SSM	99001	PITT	1	0.423437	0	0.0
H-SSM	99001	PITT	1	0.423437	0	0.0
H-SSM	99001	PITT	1	0.423437	0	0.0
H-SSM	99001	PITT	0	0.423437	0	0.0
H-SSM	99001	PITT	0	0.423437	0	0.0
H-SSM	99001	PITT	0	0.423437	0	0.0
H-SSM	99001	USM	1	0.490983	0	0.0
H-SSM	99001	USM	1	0.490983	0	0.0
H-SSM	99001	USM	1	0.490983	0	0.0
H-SSM	99001	USM	0	0.490983	0	0.0
H-SSM	99001	USM	0	0.490983	0	0.0
H-SSM	99001	USM	0	0.490983	0	0.0
H-SSM	99001	MAX_MUN	1	0.552278	1	0.0
H-SSM	99001	MAX_MUN	1	0.552278	1	0.0
H-SSM	99001	MAX_MUN	1	0.552278	1	0.0
H-SSM	99001	MAX_MUN	0	0.552278	1	0.0
H-SSM	99001	MAX_MUN	0	0.552278	1	0.0
H-SSM	99001	MAX_MUN	0	0.552278	1	0.0
H-SSM	99001	TRINITY	1	0.403516	0	0.0
H-SSM	99001	TRINITY	1	0.403516	0	0.0
H-SSM	99001	TRINITY	1	0.403516	0	0.0
H-SSM	99001	TRINITY	0	0.403516	0	0.0
H-SSM	99001	TRINITY	0	0.403516	0	0.0
H-SSM	99001	TRINITY	0	0.403516	0	0.0
H-SSM	99001	KKI	1	0.661077	1	0.0
H-SSM	99001	KKI	1	0.661077	1	0.0
H-SSM	99001	KKI	1	0.661077	1	0.0
H-SSM	99001	KKI	0	0.661077	1	0.0
H-SSM	99001	KKI	0	0.661077	1	0.0
H-SSM	99001	KKI	0	0.661077	1	0.0
H-SSM	99001	STANFORD	1	0.677966	1	0.0
H-SSM	99001	STANFORD	1	0.677966	1	0.0
H-SSM	99001	STANFORD	1	0.677966	1	0.0
H-SSM	99001	STANFORD	0	0.677966	1	0.0
H-SSM	99001	STANFORD	0	0.677966	1	0.0
H-SSM	99001	STANFORD	0	0.677966	1	0.0
H-SSM	99001	CALTECH	1	0.391193	0	0.0
H-SSM	99001	CALTECH	1	0.391193	0	0.0
H-SSM	99001	CALTECH	0	0.391193	0	0.0
H-SSM	99001	CALTECH	0	0.391193	0	0.0
H-SSM	99001	LEUVEN_2	1	0.398708	0	0.0
H-SSM	99001	LEUVEN_2	1	0.398708	0	0.0
H-SSM	99001	LEUVEN_2	0	0.398708	0	0.0
H-SSM	99001	LEUVEN_2	0	0.398708	0	0.0
H-SSM	99001	OLIN	1	0.656512	1	0.0
H-SSM	99001	OLIN	1	0.656512	1	0.0
H-SSM	99001	OLIN	0	0.656512	1	0.0
H-SSM	99001	OLIN	0	0.656512	1	0.0
H-SSM	99001	SBL	1	0.428816	0	0.0
H-SSM	99001	SBL	1	0.428816	0	0.0
H-SSM	99001	SBL	0	0.428816	0	0.0
H-SSM	99001	SBL	0	0.428816	0	0.0
H-SSM	99001	LEUVEN_1	1	0.532742	1	0.0
H-SSM	99001	LEUVEN_1	1	0.532742	1	0.0
H-SSM	99001	LEUVEN_1	0	0.532742	1	0.0
H-SSM	99001	LEUVEN_1	0	0.532742	1	0.0
H-SSM	99001	SDSU	1	0.65292	1	0.0
H-SSM	99001	SDSU	1	0.65292	1	0.0
H-SSM	99001	SDSU	0	0.65292	1	0.0
H-SSM	99001	SDSU	0	0.65292	1	0.0
H-SSM	99001	CMU	1	0.520128	1	0.0
H-SSM	99001	CMU	1	0.520128	1	0.0
H-SSM	99001	CMU	0	0.520128	1	0.0
H-SSM	99001	CMU	0	0.520128	1	0.0
H-SSM	99001	UCLA_2	1	0.444938	0	0.0
H-SSM	99001	UCLA_2	1	0.444938	0	0.0
H-SSM	99001	UCLA_2	0	0.444938	0	0.0
H-SSM	99001	UCLA_2	0	0.444938	0	0.0
H-SSM	99001	UM_2	1	0.451056	0	0.0
H-SSM	99001	UM_2	1	0.451056	0	0.0
H-SSM	99001	UM_2	0	0.451056	0	0.0
H-SSM	99001	UM_2	0	0.451056	0	0.0
H-SSM	99001	OHSU	1	0.530505	1	0.0
H-SSM	99001	OHSU	1	0.530505	1	0.0
H-SSM	99001	OHSU	0	0.530505	1	0.0
H-SSM	99001	OHSU	0	0.530505	1	0.0
H-SSM	31415	NYU	1	0.413452	0	0.0
H-SSM	31415	NYU	1	0.413452	0	0.0
H-SSM	31415	NYU	1	0.413452	0	0.0
H-SSM	31415	NYU	0	0.413452	0	0.0
H-SSM	31415	NYU	0	0.413452	0	0.0
H-SSM	31415	NYU	0	0.413452	0	0.0
H-SSM	31415	UM_1	1	0.430693	0	0.0
H-SSM	31415	UM_1	1	0.430693	0	0.0
H-SSM	31415	UM_1	1	0.430693	0	0.0
H-SSM	31415	UM_1	0	0.430693	0	0.0
H-SSM	31415	UM_1	0	0.430693	0	0.0
H-SSM	31415	UM_1	0	0.430693	0	0.0
H-SSM	31415	UCLA_1	1	0.365387	0	0.0
H-SSM	31415	UCLA_1	1	0.365387	0	0.0
H-SSM	31415	UCLA_1	1	0.365387	0	0.0
H-SSM	31415	UCLA_1	0	0.365387	0	0.0
H-SSM	31415	UCLA_1	0	0.365387	0	0.0
H-SSM	31415	UCLA_1	0	0.365387	0	0.0
H-SSM	31415	YALE	1	0.429194	0	0.0
H-SSM	31415	YALE	1	0.429194	0	0.0
H-SSM	31415	YALE	1	0.429194	0	0.0
H-SSM	31415	YALE	0	0.429194	0	0.0
H-SSM	31415	YALE	0	0.429194	0	0.0
H-SSM	31415	YALE	0	0.429194	0	0.0
H-SSM	31415	PITT	1	0.275243	0	0.0
H-SSM	31415	PITT	1	0.275243	0	0.0
H-SSM	31415	PITT	1	0.275243	0	0.0
H-SSM	31415	PITT	0	0.275243	0	0.0
H-SSM	31415	PITT	0	0.275243	0	0.0
H-SSM	31415	PITT	0	0.275243	0	0.0
H-SSM	31415	USM	1	0.715697	1	0.0
H-SSM	31415	USM	1	0.715697	1	0.0
H-SSM	31415	USM	1	0.715697	1	0.0
H-SSM	31415	USM	0	0.715697	1	0.0
H-SSM	31415	USM	0	0.715697	1	0.0
H-SSM	31415	USM	0	0.715697	1	0.0
H-SSM	31415	MAX_MUN	1	0.654186	1	0.0
H-SSM	31415	MAX_MUN	1	0.654186	1	0.0
H-SSM	31415	MAX_MUN	1	0.654186	1	0.0
H-SSM	31415	MAX_MUN	0	0.654186	1	0.0
H-SSM	31415	MAX_MUN	0	0.654186	1	0.0
H-SSM	31415	MAX_MUN	0	0.654186	1	0.0
H-SSM	31415	TRINITY	1	0.675508	1	0.0
H-SSM	31415	TRINITY	1	0.675508	1	0.0
H-SSM	31415	TRINITY	1	0.675508	1	0.0
H-SSM	31415	TRINITY	0	0.675508	1	0.0
H-SSM	31415	TRINITY	0	0.675508	1	0.0
H-SSM	31415	TRINITY	0	0.675508	1	0.0
H-SSM	31415	KKI	1	0.43073	0	0.0
H-SSM	31415	KKI	1	0.43073	0	0.0
H-SSM	31415	KKI	1	0.43073	0	0.0
H-SSM	31415	KKI	0	0.43073	0	0.0
H-SSM	31415	KKI	0	0.43073	0	0.0
H-SSM	31415	KKI	0	0.43073	0	0.0
H-SSM	31415	STANFORD	1	0.457578	0	0.0
H-SSM	31415	STANFORD	1	0.457578	0	0.0
H-SSM	31415	STANFORD	1	0.457578	0	0.0
H-SSM	31415	STANFORD	0	0.457578	0	0.0
H-SSM	31415	STANFORD	0	0.457578	0	0.0
H-SSM	31415	STANFORD	0	0.457578	0	0.0
H-SSM	31415	CALTECH	1	0.581383	1	0.0
H-SSM	31415	CALTECH	1	0.581383	1	0.0
H-SSM	31415	CALTECH	0	0.581383	1	0.0
H-SSM	31415	CALTECH	0	0.581383	1	0.0
H-SSM	31415	LEUVEN_2	1	0.59665	1	0.0
H-SSM	31415	LEUVEN_2	1	0.59665	1	0.0
H-SSM	31415	LEUVEN_2	0	0.59665	1	0.0
H-SSM	31415	LEUVEN_2	0	0.59665	1	0.0
H-SSM	31415	OLIN	1	0.335432	0	0.0
H-SSM	31415	OLIN	1	0.335432	0	0.0
H-SSM	31415	OLIN	0	0.335432	0	0.0
H-SSM	31415	OLIN	0	0.335432	0	0.0
H-SSM	31415	SBL	1	0.572603	1	0.0
H-SSM	31415	SBL	1	0.572603	1	0.0
H-SSM	31415	SBL	0	0.572603	1	0.0
H-SSM	31415	SBL	0	0.572603	1	0.0
H-SSM	31415	LEUVEN_1	1	0.561756	1	0.0
H-SSM	31415	LEUVEN_1	1	0.561756	1	0.0
H-SSM	31415	LEUVEN_1	0	0.561756	1	0.0
H-SSM	31415	LEUVEN_1	0	0.561756	1	0.0
H-SSM	31415	SDSU	1	0.534527	1	0.0
H-SSM	31415	SDSU	1	0.534527	1	0.0
H-SSM	31415	SDSU	0	0.534527	1	0.0
H-SSM	31415	SDSU	0	0.534527	1	0.0
H-SSM	31415	CMU	1	0.314707	0	0.0
H-SSM	31415	CMU	1	0.314707	0	0.0
H-SSM	31415	CMU	0	0.314707	0	0.0
H-SSM	31415	CMU	0	0.314707	0	0.0
H-SSM	31415	UCLA_2	1	0.348106	0	0.0
H-SSM	31415	UCLA_2	1	0.348106	0	0.0
H-SSM	31415	UCLA_2	0	0.348106	0	0.0
H-SSM	31415	UCLA_2	0	0.348106	0	0.0
H-SSM	31415	UM_2	1	0.565282	1	0.0
H-SSM	31415	UM_2	1	0.565282	1	0.0
H-SSM	31415	UM_2	0	0.565282	1	0.0
H-SSM	31415	UM_2	0	0.565282	1	0.0
H-SSM	31415	OHSU	1	0.556425	1	0.0
H-SSM	31415	OHSU	1	0.556425	1	0.0
H-SSM	31415	OHSU	0	0.556425	1	0.0
H-SSM	31415	OHSU	0	0.556425	1	0.0
H-SSM	27182	NYU	1	0.732267	1	0.0
H-SSM	27182	NYU	1	0.732267	1	0.0
H-SSM	27182	NYU	1	0.732267	1	0.0
H-SSM	27182	NYU	0	0.732267	1	0.0
H-SSM	27182	NYU	0	0.732267	1	0.0
H-SSM	27182	NYU	0	0.732267	1	0.0
H-SSM	27182	UM_1	1	0.483171	0	0.0
H-SSM	27182	UM_1	1	0.483171	0	0.0
H-SSM	27182	UM_1	1	0.483171	0	0.0
H-SSM	27182	UM_1	0	0.483171	0	0.0
H-SSM	27182	UM_1	0	0.483171	0	0.0
H-SSM	27182	UM_1	0	0.483171	0	0.0
H-SSM	27182	UCLA_1	1	0.639338	1	0.0
H-SSM	27182	UCLA_1	1	0.639338	1	0.0
H-SSM	27182	UCLA_1	1	0.639338	1	0.0
H-SSM	27182	UCLA_1	0	0.639338	1	0.0
H-SSM	27182	UCLA_1	0	0.639338	1	0.0
H-SSM	27182	UCLA_1	0	0.639338	1	0.0
H-SSM	27182	YALE	1	0.40348	0	0.0
H-SSM	27182	YALE	1	0.40348	0	0.0
H-SSM	27182	YALE	1	0.40348	0	0.0
H-SSM	27182	YALE	0	0.40348	0	0.0
H-SSM	27182	YALE	0	0.40348	0	0.0
H-SSM	27182	YALE	0	0.40348	0	0.0
H-SSM	27182	PITT	1	0.352103	0	0.0
H-SSM	27182	PITT	1	0.352103	0	0.0
H-SSM	27182	PITT	1	0.352103	0	0.0
H-SSM	27182	PITT	0	0.352103	0	0.0
H-SSM	27182	PITT	0	0.352103	0	0.0
H-SSM	27182	PITT	0	0.352103	0	0.0
H-SSM	27182	USM	1	0.618721	1	0.0
H-SSM	27182	USM	1	0.618721	1	0.0
H-SSM	27182	USM	1	0.618721	1	0.0
H-SSM	27182	USM	0	0.618721	1	0.0
H-SSM	27182	USM	0	0.618721	1	0.0
H-SSM	27182	USM	0	0.618721	1	0.0
H-SSM	27182	MAX_MUN	1	0.699079	1	0.0
H-SSM	27182	MAX_MUN	1	0.699079	1	0.0
H-SSM	27182	MAX_MUN	1	0.699079	1	0.0
H-SSM	27182	MAX_MUN	0	0.699079	1	0.0
H-SSM	27182	MAX_MUN	0	0.699079	1	0.0
H-SSM	27182	MAX_MUN	0	0.699079	1	0.0
H-SSM	27182	TRINITY	1	0.555317	1	0.0
H-SSM	27182	TRINITY	1	0.555317	1	0.0
H-SSM	27182	TRINITY	1	0.555317	1	0.0
H-SSM	27182	TRINITY	0	0.555317	1	0.0
H-SSM	27182	TRINITY	0	0.555317	1	0.0
H-SSM	27182	TRINITY	0	0.555317	1	0.0
H-SSM	27182	KKI	1	0.368852	0	0.0
H-SSM	27182	KKI	1	0.368852	0	0.0
H-SSM	27182	KKI	1	0.368852	0	0.0
H-SSM	27182	KKI	0	0.368852	0	0.0
H-SSM	27182	KKI	0	0.368852	0	0.0
H-SSM	27182	KKI	0	0.368852	0	0.0
H-SSM	27182	STANFORD	1	0.372584	0	0.0
H-SSM	27182	STANFORD	1	0.372584	0	0.0
H-SSM	27182	STANFORD	1	0.372584	0	0.0
H-SSM	27182	STANFORD	0	0.372584	0	0.0
H-SSM	27182	STANFORD	0	0.372584	0	0.0
H-SSM	27182	STANFORD	0	0.372584	0	0.0
H-SSM	27182	CALTECH	1	0.70889	1	0.0
H-SSM	27182	CALTECH	1	0.70889	1	0.0
H-SSM	27182	CALTECH	0	0.70889	1	0.0
H-SSM	27182	CALTECH	0	0.70889	1	0.0
H-SSM	27182	LEUVEN_2	1	0.542046	1	0.0
H-SSM	27182	LEUVEN_2	1	0.542046	1	0.0
H-SSM	27182	LEUVEN_2	0	0.542046	1	0.0
H-SSM	27182	LEUVEN_2	0	0.542046	1	0.0
H-SSM	27182	OLIN	1	0.479118	0	0.0
H-SSM	27182	OLIN	1	0.479118	0	0.0
H-SSM	27182	OLIN	0	0.479118	0	0.0
H-SSM	27182	OLIN	0	0.479118	0	0.0
H-SSM	27182	SBL	1	0.491792	0	0.0
H-SSM	27182	SBL	1	0.491792	0	0.0
H-SSM	27182	SBL	0	0.491792	0	0.0
H-SSM	27182	SBL	0	0.491792	0	0.0
H-SSM	27182	LEUVEN_1	1	0.371664	0	0.0
H-SSM	27182	LEUVEN_1	1	0.371664	0	0.0
H-SSM	27182	LEUVEN_1	0	0.371664	0	0.0
H-SSM	27182	LEUVEN_1	0	0.371664	0	0.0
H-SSM	27182	SDSU	1	0.658398	1	0.0
H-SSM	27182	SDSU	1	0.658398	1	0.0
H-SSM	27182	SDSU	0	0.658398	1	0.0
H-SSM	27182	SDSU	0	0.658398	1	0.0
H-SSM	27182	CMU	1	0.397126	0	0.0
H-SSM	27182	CMU	1	0.397126	0	0.0
H-SSM	27182	CMU	0	0.397126	0	0.0
H-SSM	27182	CMU	0	0.397126	0	0.0
H-SSM	27182	UCLA_2	1	0.580197	1	0.0
H-SSM	27182	UCLA_2	1	0.580197	1	0.0
H-SSM	27182	UCLA_2	0	0.580197	1	0.0
H-SSM	27182	UCLA_2	0	0.580197	1	0.0
H-SSM	27182	UM_2	1	0.364786	0	0.0
H-SSM	27182	UM_2	1	0.364786	0	0.0
H-SSM	27182	UM_2	0	0.364786	0	0.0
H-SSM	27182	UM_2	0	0.364786	0	0.0
H-SSM	27182	OHSU	1	0.434639	0	0.0
H-SSM	27182	OHSU	1	0.434639	0	0.0
H-SSM	27182	OHSU	0	0.434639	0	0.0
H-SSM	27182	OHSU	0	0.434639	0	0.0
