
****** vitis-run v2025.1 (64-bit)
  **** SW Build 6137779 on 2025-05-21-18:10:03
  **** Start of session at: Tue Aug  4 09:46:26 2026
    ** Copyright 1986-2022 Xilinx, Inc. All Rights Reserved.
    ** Copyright 2022-2025 Advanced Micro Devices, Inc. All Rights Reserved.

  **** HLS Build v2025.1 6135595
Sourcing Tcl script '/home/devsounio/cs6_chained_taylor41_20260804/hardware/fpga/u250_target23_chained_taylor41/run_hls_csynth.tcl'
INFO: [HLS 200-1510] Running: open_project -reset target23_chained_taylor41_synth 
WARNING: [HLS 200-2182] The 'target23_chained_taylor41_synth' project will not automatically appear within Vitis IDE workspaces and is meant only for TCL batch use.  Please use open_component instead of open_project/open_solution to generate Vitis IDE compatible component files and directory structure.
Resolution: For help on HLS 200-2182 see docs.xilinx.com/access/sources/dita/topic?Doc_Version=2025.1%20English&url=ug1448-hls-guidance&resourceid=200-2182.html
INFO: [HLS 200-10] Creating and opening solution '/home/devsounio/cs6_chained_taylor41_20260804/target23_chained_taylor41_synth'.
INFO: [HLS 200-1510] Running: set_top target23_chained_taylor41 
INFO: [HLS 200-1510] Running: add_files /home/devsounio/cs6_chained_taylor41_20260804/hardware/fpga/u250_target23_chained_taylor41/kernel.cpp 
INFO: [HLS 200-10] Adding design file '/home/devsounio/cs6_chained_taylor41_20260804/hardware/fpga/u250_target23_chained_taylor41/kernel.cpp' to the project
INFO: [HLS 200-1510] Running: open_solution -reset solution -flow_target vitis 
INFO: [HLS 200-10] Creating and opening solution '/home/devsounio/cs6_chained_taylor41_20260804/target23_chained_taylor41_synth/solution'.
INFO: [HLS 200-10] Cleaning up the solution database.
INFO: [HLS 200-1505] Using flow_target 'vitis'
Resolution: For help on HLS 200-1505 see docs.xilinx.com/access/sources/dita/topic?Doc_Version=2025.1%20English&url=ug1448-hls-guidance&resourceid=200-1505.html
INFO: [HLS 200-435] Setting 'open_solution -flow_target vitis' configuration: config_interface -m_axi_latency=64
INFO: [HLS 200-435] Setting 'open_solution -flow_target vitis' configuration: config_interface -m_axi_alignment_byte_size=64
INFO: [HLS 200-435] Setting 'open_solution -flow_target vitis' configuration: config_interface -m_axi_max_widen_bitwidth=512
INFO: [HLS 200-435] Setting 'open_solution -flow_target vitis' configuration: config_rtl -register_reset_num=3
INFO: [HLS 200-1510] Running: set_part xcu250-figd2104-2L-e 
INFO: [HLS 200-1611] Setting target device to 'xcu250-figd2104-2L-e'
INFO: [HLS 200-1510] Running: create_clock -period 10.0 -name default 
INFO: [SYN 201-201] Setting up clock 'default' with a period of 10ns.
INFO: [HLS 200-1510] Running: csynth_design 
INFO: [HLS 200-111] Finished File checks and directory preparation: CPU user time: 0.35 seconds. CPU system time: 0.06 seconds. Elapsed time: 0.41 seconds; current allocated memory: 440.965 MB.
INFO: [HLS 200-10] Analyzing design file 'hardware/fpga/u250_target23_chained_taylor41/kernel.cpp' ... 
INFO: [HLS 200-111] Finished Source Code Analysis and Preprocessing: CPU user time: 2.41 seconds. CPU system time: 0.46 seconds. Elapsed time: 2.88 seconds; current allocated memory: 443.469 MB.
INFO: [HLS 200-777] Using interface defaults for 'Vitis' flow target.
WARNING: [HLS 200-1995] There were 334,229 instructions in the design after the 'Compile/Link' phase of compilation. See the Design Size Report for more details (/home/devsounio/cs6_chained_taylor41_20260804/target23_chained_taylor41_synth/solution/syn/report/csynth_design_size.rpt:2)
INFO: [HLS 200-1995] There were 21,959 instructions in the design after the 'Unroll/Inline (step 1)' phase of compilation. See the Design Size Report for more details (/home/devsounio/cs6_chained_taylor41_20260804/target23_chained_taylor41_synth/solution/syn/report/csynth_design_size.rpt:2)
INFO: [HLS 200-1995] There were 16,719 instructions in the design after the 'Unroll/Inline (step 2)' phase of compilation. See the Design Size Report for more details (/home/devsounio/cs6_chained_taylor41_20260804/target23_chained_taylor41_synth/solution/syn/report/csynth_design_size.rpt:2)
INFO: [HLS 200-1995] There were 15,828 instructions in the design after the 'Unroll/Inline (step 3)' phase of compilation. See the Design Size Report for more details (/home/devsounio/cs6_chained_taylor41_20260804/target23_chained_taylor41_synth/solution/syn/report/csynth_design_size.rpt:2)
INFO: [HLS 200-1995] There were 11,934 instructions in the design after the 'Unroll/Inline (step 4)' phase of compilation. See the Design Size Report for more details (/home/devsounio/cs6_chained_taylor41_20260804/target23_chained_taylor41_synth/solution/syn/report/csynth_design_size.rpt:2)
INFO: [HLS 200-1995] There were 10,238 instructions in the design after the 'Array/Struct (step 1)' phase of compilation. See the Design Size Report for more details (/home/devsounio/cs6_chained_taylor41_20260804/target23_chained_taylor41_synth/solution/syn/report/csynth_design_size.rpt:2)
INFO: [HLS 200-1995] There were 10,238 instructions in the design after the 'Array/Struct (step 2)' phase of compilation. See the Design Size Report for more details (/home/devsounio/cs6_chained_taylor41_20260804/target23_chained_taylor41_synth/solution/syn/report/csynth_design_size.rpt:2)
INFO: [HLS 200-1995] There were 10,238 instructions in the design after the 'Array/Struct (step 3)' phase of compilation. See the Design Size Report for more details (/home/devsounio/cs6_chained_taylor41_20260804/target23_chained_taylor41_synth/solution/syn/report/csynth_design_size.rpt:2)
INFO: [HLS 200-1995] There were 10,238 instructions in the design after the 'Array/Struct (step 4)' phase of compilation. See the Design Size Report for more details (/home/devsounio/cs6_chained_taylor41_20260804/target23_chained_taylor41_synth/solution/syn/report/csynth_design_size.rpt:2)
INFO: [HLS 200-1995] There were 10,331 instructions in the design after the 'Array/Struct (step 5)' phase of compilation. See the Design Size Report for more details (/home/devsounio/cs6_chained_taylor41_20260804/target23_chained_taylor41_synth/solution/syn/report/csynth_design_size.rpt:2)
INFO: [HLS 200-1995] There were 10,331 instructions in the design after the 'Performance' phase of compilation. See the Design Size Report for more details (/home/devsounio/cs6_chained_taylor41_20260804/target23_chained_taylor41_synth/solution/syn/report/csynth_design_size.rpt:2)
INFO: [HLS 200-1995] There were 12,783 instructions in the design after the 'Performance (step 2)' phase of compilation. See the Design Size Report for more details (/home/devsounio/cs6_chained_taylor41_20260804/target23_chained_taylor41_synth/solution/syn/report/csynth_design_size.rpt:2)
INFO: [HLS 200-1995] There were 62,743 instructions in the design after the 'Performance (step 3)' phase of compilation. See the Design Size Report for more details (/home/devsounio/cs6_chained_taylor41_20260804/target23_chained_taylor41_synth/solution/syn/report/csynth_design_size.rpt:2)
INFO: [HLS 200-1995] There were 24,687 instructions in the design after the 'Performance (step 4)' phase of compilation. See the Design Size Report for more details (/home/devsounio/cs6_chained_taylor41_20260804/target23_chained_taylor41_synth/solution/syn/report/csynth_design_size.rpt:2)
INFO: [HLS 200-1995] There were 29,900 instructions in the design after the 'HW Transforms (step 1)' phase of compilation. See the Design Size Report for more details (/home/devsounio/cs6_chained_taylor41_20260804/target23_chained_taylor41_synth/solution/syn/report/csynth_design_size.rpt:2)
INFO: [HLS 200-1995] There were 28,031 instructions in the design after the 'HW Transforms (step 2)' phase of compilation. See the Design Size Report for more details (/home/devsounio/cs6_chained_taylor41_20260804/target23_chained_taylor41_synth/solution/syn/report/csynth_design_size.rpt:2)
INFO: [HLS 214-178] Inlining function 'scaled_floor(ap_int<448>) (.145)' into 'times_i(interval_t, interval_t)' (hardware/fpga/u250_target23_chained_taylor41/kernel.cpp:50:0)
INFO: [HLS 214-178] Inlining function 'scaled_ceil(ap_int<448>) (.12.139)' into 'times_i(interval_t, interval_t)' (hardware/fpga/u250_target23_chained_taylor41/kernel.cpp:50:0)
INFO: [HLS 214-178] Inlining function 'floor_div(ap_int<224>, int) (.19.49)' into 'half_i(interval_t)' (hardware/fpga/u250_target23_chained_taylor41/kernel.cpp:47:0)
INFO: [HLS 214-178] Inlining function 'ceil_div(ap_int<224>, int) (.16.43)' into 'half_i(interval_t)' (hardware/fpga/u250_target23_chained_taylor41/kernel.cpp:47:0)
INFO: [HLS 214-178] Inlining function 'plus_i(interval_t, interval_t) (.481)' into 'field(interval_t const*, interval_t, interval_t*) (.327.333.339)' (hardware/fpga/u250_target23_chained_taylor41/kernel.cpp:69:0)
INFO: [HLS 214-178] Inlining function 'minus_i(interval_t, interval_t) (.79)' into 'field(interval_t const*, interval_t, interval_t*) (.327.333.339)' (hardware/fpga/u250_target23_chained_taylor41/kernel.cpp:69:0)
INFO: [HLS 214-178] Inlining function 'half_i(interval_t)' into 'field(interval_t const*, interval_t, interval_t*) (.327.333.339)' (hardware/fpga/u250_target23_chained_taylor41/kernel.cpp:69:0)
INFO: [HLS 214-178] Inlining function 'plus_i(interval_t, interval_t) (.481)' into 'picard_image(interval_t const*, interval_t const*, interval_t, ap_int<224>, interval_t*) (.303.718.724.731)' (hardware/fpga/u250_target23_chained_taylor41/kernel.cpp:79:0)
INFO: [HLS 214-178] Inlining function 'qabs(ap_int<224>)' into 'magnitude(interval_t)' (hardware/fpga/u250_target23_chained_taylor41/kernel.cpp:48:0)
INFO: [HLS 214-178] Inlining function 'qmax(ap_int<224>, ap_int<224>) (.249)' into 'magnitude(interval_t)' (hardware/fpga/u250_target23_chained_taylor41/kernel.cpp:48:0)
INFO: [HLS 214-178] Inlining function 'minus_i(interval_t, interval_t) (.79)' into 'ordinary_lipschitz(interval_t const*, interval_t) (.687.693.702)' (hardware/fpga/u250_target23_chained_taylor41/kernel.cpp:85:0)
INFO: [HLS 214-178] Inlining function 'plus_i(interval_t, interval_t) (.481)' into 'ordinary_lipschitz(interval_t const*, interval_t) (.687.693.702)' (hardware/fpga/u250_target23_chained_taylor41/kernel.cpp:85:0)
INFO: [HLS 214-178] Inlining function 'half_i(interval_t)' into 'ordinary_lipschitz(interval_t const*, interval_t) (.687.693.702)' (hardware/fpga/u250_target23_chained_taylor41/kernel.cpp:85:0)
INFO: [HLS 214-178] Inlining function 'ceil_div(ap_int<224>, int) (.16.43)' into 'ordinary_lipschitz(interval_t const*, interval_t) (.687.693.702)' (hardware/fpga/u250_target23_chained_taylor41/kernel.cpp:85:0)
INFO: [HLS 214-178] Inlining function 'qmax(ap_int<224>, ap_int<224>)' into 'ordinary_lipschitz(interval_t const*, interval_t) (.687.693.702)' (hardware/fpga/u250_target23_chained_taylor41/kernel.cpp:85:0)
INFO: [HLS 214-178] Inlining function 'qmax(ap_int<224>, ap_int<224>) (.249)' into 'ordinary_lipschitz(interval_t const*, interval_t) (.687.693.702)' (hardware/fpga/u250_target23_chained_taylor41/kernel.cpp:85:0)
INFO: [HLS 214-178] Inlining function 'picard_image(interval_t const*, interval_t const*, interval_t, ap_int<224>, interval_t*) (.303.718.724.731)' into 'close_box(interval_t const*, interval_t, ap_int<224>, interval_t*, int&, ap_int<224>&)' (hardware/fpga/u250_target23_chained_taylor41/kernel.cpp:101:0)
INFO: [HLS 214-178] Inlining function 'qmin(ap_int<224>, ap_int<224>)' into 'close_box(interval_t const*, interval_t, ap_int<224>, interval_t*, int&, ap_int<224>&)' (hardware/fpga/u250_target23_chained_taylor41/kernel.cpp:101:0)
INFO: [HLS 214-178] Inlining function 'qmax(ap_int<224>, ap_int<224>) (.249)' into 'close_box(interval_t const*, interval_t, ap_int<224>, interval_t*, int&, ap_int<224>&)' (hardware/fpga/u250_target23_chained_taylor41/kernel.cpp:101:0)
INFO: [HLS 214-178] Inlining function 'scaled_ceil(ap_int<448>) (.12.139)' into 'close_box(interval_t const*, interval_t, ap_int<224>, interval_t*, int&, ap_int<224>&)' (hardware/fpga/u250_target23_chained_taylor41/kernel.cpp:101:0)
INFO: [HLS 214-178] Inlining function 'floor_div(ap_int<224>, int) (.19.49)' into 'scaled_divide(interval_t, ap_int<224>, int)' (hardware/fpga/u250_target23_chained_taylor41/kernel.cpp:64:0)
INFO: [HLS 214-178] Inlining function 'ceil_div(ap_int<224>, int) (.16.43)' into 'scaled_divide(interval_t, ap_int<224>, int)' (hardware/fpga/u250_target23_chained_taylor41/kernel.cpp:64:0)
INFO: [HLS 214-178] Inlining function 'plus_i(interval_t, interval_t) (.481)' into 'coefficients(interval_t const*, interval_t, ap_int<224>, interval_t (*) [42], int)' (hardware/fpga/u250_target23_chained_taylor41/kernel.cpp:135:0)
INFO: [HLS 214-178] Inlining function 'half_i(interval_t)' into 'coefficients(interval_t const*, interval_t, ap_int<224>, interval_t (*) [42], int)' (hardware/fpga/u250_target23_chained_taylor41/kernel.cpp:135:0)
INFO: [HLS 214-178] Inlining function 'minus_i(interval_t, interval_t) (.79)' into 'coefficients(interval_t const*, interval_t, ap_int<224>, interval_t (*) [42], int)' (hardware/fpga/u250_target23_chained_taylor41/kernel.cpp:135:0)
INFO: [HLS 214-178] Inlining function 'scaled_divide(interval_t, ap_int<224>, int)' into 'coefficients(interval_t const*, interval_t, ap_int<224>, interval_t (*) [42], int)' (hardware/fpga/u250_target23_chained_taylor41/kernel.cpp:135:0)
INFO: [HLS 214-178] Inlining function 'minus_i(interval_t, interval_t) (.79)' into 'logarithmic_norm(interval_t const*, interval_t)' (hardware/fpga/u250_target23_chained_taylor41/kernel.cpp:93:0)
INFO: [HLS 214-178] Inlining function 'magnitude(interval_t)' into 'logarithmic_norm(interval_t const*, interval_t)' (hardware/fpga/u250_target23_chained_taylor41/kernel.cpp:93:0)
INFO: [HLS 214-178] Inlining function 'plus_i(interval_t, interval_t) (.481)' into 'logarithmic_norm(interval_t const*, interval_t)' (hardware/fpga/u250_target23_chained_taylor41/kernel.cpp:93:0)
INFO: [HLS 214-178] Inlining function 'half_i(interval_t)' into 'logarithmic_norm(interval_t const*, interval_t)' (hardware/fpga/u250_target23_chained_taylor41/kernel.cpp:93:0)
INFO: [HLS 214-178] Inlining function 'ceil_div(ap_int<224>, int) (.16.43)' into 'logarithmic_norm(interval_t const*, interval_t)' (hardware/fpga/u250_target23_chained_taylor41/kernel.cpp:93:0)
INFO: [HLS 214-178] Inlining function 'qmax(ap_int<224>, ap_int<224>)' into 'logarithmic_norm(interval_t const*, interval_t)' (hardware/fpga/u250_target23_chained_taylor41/kernel.cpp:93:0)
INFO: [HLS 214-178] Inlining function 'qmax(ap_int<224>, ap_int<224>) (.249)' into 'logarithmic_norm(interval_t const*, interval_t)' (hardware/fpga/u250_target23_chained_taylor41/kernel.cpp:93:0)
INFO: [HLS 214-178] Inlining function 'ceil_wide(ap_int<448>, ap_int<448>)' into 'exp_upper(ap_int<224>)' (hardware/fpga/u250_target23_chained_taylor41/kernel.cpp:161:0)
INFO: [HLS 214-178] Inlining function 'ceil_div(ap_int<224>, int) (.16.43)' into 'exp_upper(ap_int<224>)' (hardware/fpga/u250_target23_chained_taylor41/kernel.cpp:161:0)
INFO: [HLS 214-178] Inlining function 'plus_i(interval_t, interval_t) (.481)' into 'advance(ap_int<224> const*, ap_int<224>, interval_t, ap_int<224>, ap_int<224>*, ap_int<224>&)' (hardware/fpga/u250_target23_chained_taylor41/kernel.cpp:183:0)
INFO: [HLS 214-178] Inlining function 'floor_div(ap_int<224>, int) (.19.49)' into 'advance(ap_int<224> const*, ap_int<224>, interval_t, ap_int<224>, ap_int<224>*, ap_int<224>&)' (hardware/fpga/u250_target23_chained_taylor41/kernel.cpp:183:0)
INFO: [HLS 214-178] Inlining function 'qmax(ap_int<224>, ap_int<224>)' into 'advance(ap_int<224> const*, ap_int<224>, interval_t, ap_int<224>, ap_int<224>*, ap_int<224>&)' (hardware/fpga/u250_target23_chained_taylor41/kernel.cpp:183:0)
INFO: [HLS 214-178] Inlining function 'qmax(ap_int<224>, ap_int<224>) (.249)' into 'advance(ap_int<224> const*, ap_int<224>, interval_t, ap_int<224>, ap_int<224>*, ap_int<224>&)' (hardware/fpga/u250_target23_chained_taylor41/kernel.cpp:183:0)
INFO: [HLS 214-178] Inlining function 'scaled_ceil(ap_int<448>) (.12.139)' into 'advance(ap_int<224> const*, ap_int<224>, interval_t, ap_int<224>, ap_int<224>*, ap_int<224>&)' (hardware/fpga/u250_target23_chained_taylor41/kernel.cpp:183:0)
INFO: [HLS 214-178] Inlining function 'section_sign(ap_int<224>, ap_int<224>)' into 'localize_event(ap_int<224> const*, ap_int<224>, interval_t, ap_int<224>)' (hardware/fpga/u250_target23_chained_taylor41/kernel.cpp:220:0)
INFO: [HLS 214-178] Inlining function 'floor_div(ap_int<224>, int) (.19.49)' into 'localize_event(ap_int<224> const*, ap_int<224>, interval_t, ap_int<224>)' (hardware/fpga/u250_target23_chained_taylor41/kernel.cpp:220:0)
INFO: [HLS 214-178] Inlining function 'minus_i(interval_t, interval_t) (.79)' into 'localize_event(ap_int<224> const*, ap_int<224>, interval_t, ap_int<224>)' (hardware/fpga/u250_target23_chained_taylor41/kernel.cpp:220:0)
INFO: [HLS 214-178] Inlining function 'section_sign(ap_int<224>, ap_int<224>)' into 'target23_chained_taylor41' (hardware/fpga/u250_target23_chained_taylor41/kernel.cpp:271:0)
INFO: [HLS 214-178] Inlining function 'store_q(ap_uint<32>*, int, ap_int<224>)' into 'target23_chained_taylor41' (hardware/fpga/u250_target23_chained_taylor41/kernel.cpp:271:0)
INFO: [HLS 214-178] Inlining function 'scaled_floor(ap_int<448>)' into 'times_i(interval_t, interval_t) (.739)' (hardware/fpga/u250_target23_chained_taylor41/kernel.cpp:50:0)
INFO: [HLS 214-178] Inlining function 'scaled_ceil(ap_int<448>)' into 'times_i(interval_t, interval_t) (.739)' (hardware/fpga/u250_target23_chained_taylor41/kernel.cpp:50:0)
INFO: [HLS 214-178] Inlining function 'plus_i(interval_t, interval_t) (.481)' into 'coefficients(interval_t const*, interval_t, ap_int<224>, interval_t (*) [42], int) (.644)' (hardware/fpga/u250_target23_chained_taylor41/kernel.cpp:135:0)
INFO: [HLS 214-178] Inlining function 'half_i(interval_t)' into 'coefficients(interval_t const*, interval_t, ap_int<224>, interval_t (*) [42], int) (.644)' (hardware/fpga/u250_target23_chained_taylor41/kernel.cpp:135:0)
INFO: [HLS 214-178] Inlining function 'minus_i(interval_t, interval_t) (.79)' into 'coefficients(interval_t const*, interval_t, ap_int<224>, interval_t (*) [42], int) (.644)' (hardware/fpga/u250_target23_chained_taylor41/kernel.cpp:135:0)
INFO: [HLS 214-178] Inlining function 'scaled_divide(interval_t, ap_int<224>, int)' into 'coefficients(interval_t const*, interval_t, ap_int<224>, interval_t (*) [42], int) (.644)' (hardware/fpga/u250_target23_chained_taylor41/kernel.cpp:135:0)
INFO: [HLS 214-376] automatically set the pipeline for Loop< VITIS_LOOP_137_1> at hardware/fpga/u250_target23_chained_taylor41/kernel.cpp:137:20 
INFO: [HLS 214-376] automatically set the pipeline for Loop< VITIS_LOOP_146_4> at hardware/fpga/u250_target23_chained_taylor41/kernel.cpp:146:27 
INFO: [HLS 214-376] automatically set the pipeline for Loop< VITIS_LOOP_103_1> at hardware/fpga/u250_target23_chained_taylor41/kernel.cpp:103:20 
INFO: [HLS 214-376] automatically set the pipeline for Loop< VITIS_LOOP_107_2> at hardware/fpga/u250_target23_chained_taylor41/kernel.cpp:107:23 
INFO: [HLS 214-376] automatically set the pipeline for Loop< VITIS_LOOP_120_4> at hardware/fpga/u250_target23_chained_taylor41/kernel.cpp:120:31 
INFO: [HLS 214-376] automatically set the pipeline for Loop< VITIS_LOOP_82_1> at hardware/fpga/u250_target23_chained_taylor41/kernel.cpp:82:22 
INFO: [HLS 214-376] automatically set the pipeline for Loop< VITIS_LOOP_122_5> at hardware/fpga/u250_target23_chained_taylor41/kernel.cpp:122:31 
INFO: [HLS 214-376] automatically set the pipeline for Loop< VITIS_LOOP_187_1> at hardware/fpga/u250_target23_chained_taylor41/kernel.cpp:187:23 
INFO: [HLS 214-376] automatically set the pipeline for Loop< VITIS_LOOP_204_2> at hardware/fpga/u250_target23_chained_taylor41/kernel.cpp:204:23 
INFO: [HLS 214-376] automatically set the pipeline for Loop< VITIS_LOOP_244_4> at hardware/fpga/u250_target23_chained_taylor41/kernel.cpp:244:31 
INFO: [HLS 214-376] automatically set the pipeline for Loop< VITIS_LOOP_240_3> at hardware/fpga/u250_target23_chained_taylor41/kernel.cpp:240:31 
INFO: [HLS 214-376] automatically set the pipeline for Loop< VITIS_LOOP_166_1> at hardware/fpga/u250_target23_chained_taylor41/kernel.cpp:166:23 
INFO: [HLS 214-376] automatically set the pipeline for Loop< VITIS_LOOP_285_1> at hardware/fpga/u250_target23_chained_taylor41/kernel.cpp:285:23 
INFO: [HLS 214-376] automatically set the pipeline for Loop< VITIS_LOOP_318_4> at hardware/fpga/u250_target23_chained_taylor41/kernel.cpp:318:27 
INFO: [HLS 214-376] automatically set the pipeline for Loop< VITIS_LOOP_268_1> at hardware/fpga/u250_target23_chained_taylor41/kernel.cpp:268:23 
INFO: [HLS 214-376] automatically set the pipeline for Loop< VITIS_LOOP_314_3> at hardware/fpga/u250_target23_chained_taylor41/kernel.cpp:314:27 
INFO: [HLS 214-376] automatically set the pipeline for Loop< VITIS_LOOP_251_5> at hardware/fpga/u250_target23_chained_taylor41/kernel.cpp:251:23 
INFO: [HLS 214-376] automatically set the pipeline for Loop< VITIS_LOOP_226_1> at hardware/fpga/u250_target23_chained_taylor41/kernel.cpp:226:23 
INFO: [HLS 214-291] Loop 'VITIS_LOOP_268_1' is marked as complete unroll implied by the pipeline pragma (hardware/fpga/u250_target23_chained_taylor41/kernel.cpp:268:23)
INFO: [HLS 214-291] Loop 'VITIS_LOOP_206_3' is marked as complete unroll implied by the pipeline pragma (hardware/fpga/u250_target23_chained_taylor41/kernel.cpp:206:27)
INFO: [HLS 214-291] Loop 'VITIS_LOOP_138_2' is marked as complete unroll implied by the pipeline pragma (hardware/fpga/u250_target23_chained_taylor41/kernel.cpp:138:27)
INFO: [HLS 214-291] Loop 'VITIS_LOOP_82_1' is marked as complete unroll implied by the pipeline pragma (hardware/fpga/u250_target23_chained_taylor41/kernel.cpp:82:22)
INFO: [HLS 214-291] Loop 'VITIS_LOOP_113_3' is marked as complete unroll implied by the pipeline pragma (hardware/fpga/u250_target23_chained_taylor41/kernel.cpp:113:27)
INFO: [HLS 214-291] Loop 'VITIS_LOOP_130_6' is marked as complete unroll implied by the pipeline pragma (hardware/fpga/u250_target23_chained_taylor41/kernel.cpp:130:27)
INFO: [HLS 214-291] Loop 'VITIS_LOOP_262_1' is marked as complete unroll implied by the pipeline pragma (hardware/fpga/u250_target23_chained_taylor41/kernel.cpp:262:23)
INFO: [HLS 214-186] Unrolling loop 'VITIS_LOOP_268_1' (hardware/fpga/u250_target23_chained_taylor41/kernel.cpp:268:23) in function 'target23_chained_taylor41' completely with a factor of 7 (hardware/fpga/u250_target23_chained_taylor41/kernel.cpp:271:0)
INFO: [HLS 214-186] Unrolling loop 'VITIS_LOOP_206_3' (hardware/fpga/u250_target23_chained_taylor41/kernel.cpp:206:27) in function 'advance' completely with a factor of 41 (hardware/fpga/u250_target23_chained_taylor41/kernel.cpp:183:0)
INFO: [HLS 214-186] Unrolling loop 'VITIS_LOOP_138_2' (hardware/fpga/u250_target23_chained_taylor41/kernel.cpp:138:27) in function 'coefficients' completely with a factor of 42 (hardware/fpga/u250_target23_chained_taylor41/kernel.cpp:135:0)
INFO: [HLS 214-186] Unrolling loop 'VITIS_LOOP_82_1' (hardware/fpga/u250_target23_chained_taylor41/kernel.cpp:82:22) in function 'close_box' completely with a factor of 4 (hardware/fpga/u250_target23_chained_taylor41/kernel.cpp:101:0)
INFO: [HLS 214-186] Unrolling loop 'VITIS_LOOP_113_3' (hardware/fpga/u250_target23_chained_taylor41/kernel.cpp:113:27) in function 'close_box' completely with a factor of 4 (hardware/fpga/u250_target23_chained_taylor41/kernel.cpp:101:0)
INFO: [HLS 214-186] Unrolling loop 'VITIS_LOOP_130_6' (hardware/fpga/u250_target23_chained_taylor41/kernel.cpp:130:27) in function 'close_box' completely with a factor of 4 (hardware/fpga/u250_target23_chained_taylor41/kernel.cpp:101:0)
INFO: [HLS 214-186] Unrolling loop 'VITIS_LOOP_262_1' (hardware/fpga/u250_target23_chained_taylor41/kernel.cpp:262:23) in function 'load_q' completely with a factor of 7 (hardware/fpga/u250_target23_chained_taylor41/kernel.cpp:260:0)
INFO: [HLS 214-437] Automatically disabling loop flattening for loop 'VITIS_LOOP_141_3'. (hardware/fpga/u250_target23_chained_taylor41/kernel.cpp:141:23)
INFO: [HLS 214-421] Automatically partitioning small array 'center' completely based on array size. (hardware/fpga/u250_target23_chained_taylor41/kernel.cpp:284:9)
INFO: [HLS 214-421] Automatically partitioning small array 'following' completely based on array size. (hardware/fpga/u250_target23_chained_taylor41/kernel.cpp:294:13)
INFO: [HLS 214-421] Automatically partitioning small array 'low_center' completely based on array size. (hardware/fpga/u250_target23_chained_taylor41/kernel.cpp:224:9)
INFO: [HLS 214-421] Automatically partitioning small array 'high_center' completely based on array size. (hardware/fpga/u250_target23_chained_taylor41/kernel.cpp:225:9)
INFO: [HLS 214-421] Automatically partitioning small array 'middle_center' completely based on array size. (hardware/fpga/u250_target23_chained_taylor41/kernel.cpp:233:13)
INFO: [HLS 214-421] Automatically partitioning small array 'event_initial.lo' completely based on array size. (hardware/fpga/u250_target23_chained_taylor41/kernel.cpp:250:16)
INFO: [HLS 214-421] Automatically partitioning small array 'event_initial.hi' completely based on array size. (hardware/fpga/u250_target23_chained_taylor41/kernel.cpp:250:16)
INFO: [HLS 214-421] Automatically partitioning small array 'event_box.lo' completely based on array size. (hardware/fpga/u250_target23_chained_taylor41/kernel.cpp:252:16)
INFO: [HLS 214-421] Automatically partitioning small array 'event_box.hi' completely based on array size. (hardware/fpga/u250_target23_chained_taylor41/kernel.cpp:252:16)
INFO: [HLS 214-421] Automatically partitioning small array 'initial.lo' completely based on array size. (hardware/fpga/u250_target23_chained_taylor41/kernel.cpp:185:13)
INFO: [HLS 214-421] Automatically partitioning small array 'initial.hi' completely based on array size. (hardware/fpga/u250_target23_chained_taylor41/kernel.cpp:185:13)
INFO: [HLS 214-421] Automatically partitioning small array 'point.lo' completely based on array size. (hardware/fpga/u250_target23_chained_taylor41/kernel.cpp:186:16)
INFO: [HLS 214-421] Automatically partitioning small array 'point.hi' completely based on array size. (hardware/fpga/u250_target23_chained_taylor41/kernel.cpp:186:16)
INFO: [HLS 214-421] Automatically partitioning small array 'box.lo' completely based on array size. (hardware/fpga/u250_target23_chained_taylor41/kernel.cpp:191:16)
INFO: [HLS 214-421] Automatically partitioning small array 'box.hi' completely based on array size. (hardware/fpga/u250_target23_chained_taylor41/kernel.cpp:191:16)
INFO: [HLS 214-421] Automatically partitioning small array 'point_box.lo' completely based on array size. (hardware/fpga/u250_target23_chained_taylor41/kernel.cpp:192:16)
INFO: [HLS 214-421] Automatically partitioning small array 'point_box.hi' completely based on array size. (hardware/fpga/u250_target23_chained_taylor41/kernel.cpp:192:16)
INFO: [HLS 214-421] Automatically partitioning small array 'derivative.lo' completely based on array size. (hardware/fpga/u250_target23_chained_taylor41/kernel.cpp:80:16)
INFO: [HLS 214-421] Automatically partitioning small array 'derivative.hi' completely based on array size. (hardware/fpga/u250_target23_chained_taylor41/kernel.cpp:80:16)
INFO: [HLS 214-421] Automatically partitioning small array 'out.lo' completely based on array size. (hardware/fpga/u250_target23_chained_taylor41/kernel.cpp:109:13)
INFO: [HLS 214-421] Automatically partitioning small array 'out.hi' completely based on array size. (hardware/fpga/u250_target23_chained_taylor41/kernel.cpp:109:13)
INFO: [HLS 214-421] Automatically partitioning small array 'widened.lo' completely based on array size. (hardware/fpga/u250_target23_chained_taylor41/kernel.cpp:112:20)
INFO: [HLS 214-421] Automatically partitioning small array 'widened.hi' completely based on array size. (hardware/fpga/u250_target23_chained_taylor41/kernel.cpp:112:20)
INFO: [HLS 214-421] Automatically partitioning small array 'padded.lo' completely based on array size. (hardware/fpga/u250_target23_chained_taylor41/kernel.cpp:118:24)
INFO: [HLS 214-421] Automatically partitioning small array 'padded.hi' completely based on array size. (hardware/fpga/u250_target23_chained_taylor41/kernel.cpp:118:24)
INFO: [HLS 214-421] Automatically partitioning small array 'out.lo' completely based on array size. (hardware/fpga/u250_target23_chained_taylor41/kernel.cpp:119:24)
INFO: [HLS 214-421] Automatically partitioning small array 'out.hi' completely based on array size. (hardware/fpga/u250_target23_chained_taylor41/kernel.cpp:119:24)
INFO: [HLS 214-270] Inferring pragma 'array_partition type=complete dim=1' for array 'derivative.hi.i' due to pipeline pragma (hardware/fpga/u250_target23_chained_taylor41/kernel.cpp:80:16)
INFO: [HLS 214-270] Inferring pragma 'array_partition type=complete dim=1' for array 'derivative.hi.i36' due to pipeline pragma (hardware/fpga/u250_target23_chained_taylor41/kernel.cpp:80:16)
INFO: [HLS 214-270] Inferring pragma 'array_partition type=complete dim=1' for array 'derivative.lo.i' due to pipeline pragma (hardware/fpga/u250_target23_chained_taylor41/kernel.cpp:80:16)
INFO: [HLS 214-270] Inferring pragma 'array_partition type=complete dim=1' for array 'derivative.lo.i35' due to pipeline pragma (hardware/fpga/u250_target23_chained_taylor41/kernel.cpp:80:16)
INFO: [HLS 214-270] Inferring pragma 'array_partition type=complete dim=1' for array 'mapped.hi' due to pipeline pragma (hardware/fpga/u250_target23_chained_taylor41/kernel.cpp:109:13)
INFO: [HLS 214-270] Inferring pragma 'array_partition type=complete dim=1' for array 'mapped.lo' due to pipeline pragma (hardware/fpga/u250_target23_chained_taylor41/kernel.cpp:109:13)
INFO: [HLS 214-270] Inferring pragma 'array_partition type=complete dim=1' for array 'widened.hi' due to pipeline pragma (hardware/fpga/u250_target23_chained_taylor41/kernel.cpp:112:20)
INFO: [HLS 214-270] Inferring pragma 'array_partition type=complete dim=1' for array 'widened.lo' due to pipeline pragma (hardware/fpga/u250_target23_chained_taylor41/kernel.cpp:112:20)
INFO: [HLS 214-270] Inferring pragma 'array_partition type=complete dim=1' for array 'padded.hi' due to pipeline pragma (hardware/fpga/u250_target23_chained_taylor41/kernel.cpp:118:24)
INFO: [HLS 214-270] Inferring pragma 'array_partition type=complete dim=1' for array 'padded.lo' due to pipeline pragma (hardware/fpga/u250_target23_chained_taylor41/kernel.cpp:118:24)
INFO: [HLS 214-270] Inferring pragma 'array_partition type=complete dim=1' for array 'checked.hi' due to pipeline pragma (hardware/fpga/u250_target23_chained_taylor41/kernel.cpp:119:24)
INFO: [HLS 214-270] Inferring pragma 'array_partition type=complete dim=1' for array 'checked.lo' due to pipeline pragma (hardware/fpga/u250_target23_chained_taylor41/kernel.cpp:119:24)
INFO: [HLS 214-270] Inferring pragma 'array_partition type=complete dim=1' for array 'initial.hi' due to pipeline pragma (hardware/fpga/u250_target23_chained_taylor41/kernel.cpp:185:13)
INFO: [HLS 214-270] Inferring pragma 'array_partition type=complete dim=1' for array 'initial.lo' due to pipeline pragma (hardware/fpga/u250_target23_chained_taylor41/kernel.cpp:185:13)
INFO: [HLS 214-270] Inferring pragma 'array_partition type=complete dim=1' for array 'point.hi' due to pipeline pragma (hardware/fpga/u250_target23_chained_taylor41/kernel.cpp:186:16)
INFO: [HLS 214-270] Inferring pragma 'array_partition type=complete dim=1' for array 'point.lo' due to pipeline pragma (hardware/fpga/u250_target23_chained_taylor41/kernel.cpp:186:16)
INFO: [HLS 214-270] Inferring pragma 'array_partition type=complete dim=1' for array 'box.hi' due to pipeline pragma (hardware/fpga/u250_target23_chained_taylor41/kernel.cpp:191:16)
INFO: [HLS 214-270] Inferring pragma 'array_partition type=complete dim=1' for array 'box.lo' due to pipeline pragma (hardware/fpga/u250_target23_chained_taylor41/kernel.cpp:191:16)
INFO: [HLS 214-270] Inferring pragma 'array_partition type=complete dim=1' for array 'point_box.hi' due to pipeline pragma (hardware/fpga/u250_target23_chained_taylor41/kernel.cpp:192:16)
INFO: [HLS 214-270] Inferring pragma 'array_partition type=complete dim=1' for array 'point_box.lo' due to pipeline pragma (hardware/fpga/u250_target23_chained_taylor41/kernel.cpp:192:16)
INFO: [HLS 214-270] Inferring pragma 'array_partition type=complete dim=2' for array 'center_coeff.hi' due to pipeline pragma (hardware/fpga/u250_target23_chained_taylor41/kernel.cpp:199:16)
INFO: [HLS 214-270] Inferring pragma 'array_partition type=complete dim=2' for array 'center_coeff.lo' due to pipeline pragma (hardware/fpga/u250_target23_chained_taylor41/kernel.cpp:199:16)
INFO: [HLS 214-270] Inferring pragma 'array_partition type=complete dim=2' for array 'wide_coeff.hi' due to pipeline pragma (hardware/fpga/u250_target23_chained_taylor41/kernel.cpp:200:16)
INFO: [HLS 214-270] Inferring pragma 'array_partition type=complete dim=2' for array 'wide_coeff.lo' due to pipeline pragma (hardware/fpga/u250_target23_chained_taylor41/kernel.cpp:200:16)
INFO: [HLS 214-270] Inferring pragma 'array_partition type=complete dim=1' for array 'low_center' due to pipeline pragma (hardware/fpga/u250_target23_chained_taylor41/kernel.cpp:224:9)
INFO: [HLS 214-270] Inferring pragma 'array_partition type=complete dim=1' for array 'high_center' due to pipeline pragma (hardware/fpga/u250_target23_chained_taylor41/kernel.cpp:225:9)
INFO: [HLS 214-270] Inferring pragma 'array_partition type=complete dim=1' for array 'middle_center' due to pipeline pragma (hardware/fpga/u250_target23_chained_taylor41/kernel.cpp:233:13)
INFO: [HLS 214-270] Inferring pragma 'array_partition type=complete dim=1' for array 'event_initial.hi' due to pipeline pragma (hardware/fpga/u250_target23_chained_taylor41/kernel.cpp:250:16)
INFO: [HLS 214-270] Inferring pragma 'array_partition type=complete dim=1' for array 'event_initial.lo' due to pipeline pragma (hardware/fpga/u250_target23_chained_taylor41/kernel.cpp:250:16)
INFO: [HLS 214-270] Inferring pragma 'array_partition type=complete dim=1' for array 'event_box.hi' due to pipeline pragma (hardware/fpga/u250_target23_chained_taylor41/kernel.cpp:252:16)
INFO: [HLS 214-270] Inferring pragma 'array_partition type=complete dim=1' for array 'event_box.lo' due to pipeline pragma (hardware/fpga/u250_target23_chained_taylor41/kernel.cpp:252:16)
INFO: [HLS 214-270] Inferring pragma 'array_partition type=complete dim=1' for array 'center' due to pipeline pragma (hardware/fpga/u250_target23_chained_taylor41/kernel.cpp:284:9)
INFO: [HLS 214-270] Inferring pragma 'array_partition type=complete dim=1' for array 'following' due to pipeline pragma (hardware/fpga/u250_target23_chained_taylor41/kernel.cpp:294:13)
INFO: [HLS 214-248] Applying array_partition to 'derivative.lo.i35': Complete partitioning on dimension 1. (hardware/fpga/u250_target23_chained_taylor41/kernel.cpp:80:16)
INFO: [HLS 214-248] Applying array_partition to 'derivative.hi.i36': Complete partitioning on dimension 1. (hardware/fpga/u250_target23_chained_taylor41/kernel.cpp:80:16)
INFO: [HLS 214-248] Applying array_partition to 'derivative.lo.i': Complete partitioning on dimension 1. (hardware/fpga/u250_target23_chained_taylor41/kernel.cpp:80:16)
INFO: [HLS 214-248] Applying array_partition to 'derivative.hi.i': Complete partitioning on dimension 1. (hardware/fpga/u250_target23_chained_taylor41/kernel.cpp:80:16)
INFO: [HLS 214-248] Applying array_partition to 'mapped.lo': Complete partitioning on dimension 1. (hardware/fpga/u250_target23_chained_taylor41/kernel.cpp:109:13)
INFO: [HLS 214-248] Applying array_partition to 'mapped.hi': Complete partitioning on dimension 1. (hardware/fpga/u250_target23_chained_taylor41/kernel.cpp:109:13)
INFO: [HLS 214-248] Applying array_partition to 'widened.lo': Complete partitioning on dimension 1. (hardware/fpga/u250_target23_chained_taylor41/kernel.cpp:112:20)
INFO: [HLS 214-248] Applying array_partition to 'widened.hi': Complete partitioning on dimension 1. (hardware/fpga/u250_target23_chained_taylor41/kernel.cpp:112:20)
INFO: [HLS 214-248] Applying array_partition to 'padded.lo': Complete partitioning on dimension 1. (hardware/fpga/u250_target23_chained_taylor41/kernel.cpp:118:24)
INFO: [HLS 214-248] Applying array_partition to 'padded.hi': Complete partitioning on dimension 1. (hardware/fpga/u250_target23_chained_taylor41/kernel.cpp:118:24)
INFO: [HLS 214-248] Applying array_partition to 'checked.lo': Complete partitioning on dimension 1. (hardware/fpga/u250_target23_chained_taylor41/kernel.cpp:119:24)
INFO: [HLS 214-248] Applying array_partition to 'checked.hi': Complete partitioning on dimension 1. (hardware/fpga/u250_target23_chained_taylor41/kernel.cpp:119:24)
INFO: [HLS 214-248] Applying array_partition to 'initial.lo': Complete partitioning on dimension 1. (hardware/fpga/u250_target23_chained_taylor41/kernel.cpp:185:13)
INFO: [HLS 214-248] Applying array_partition to 'initial.hi': Complete partitioning on dimension 1. (hardware/fpga/u250_target23_chained_taylor41/kernel.cpp:185:13)
INFO: [HLS 214-248] Applying array_partition to 'point.lo': Complete partitioning on dimension 1. (hardware/fpga/u250_target23_chained_taylor41/kernel.cpp:186:16)
INFO: [HLS 214-248] Applying array_partition to 'point.hi': Complete partitioning on dimension 1. (hardware/fpga/u250_target23_chained_taylor41/kernel.cpp:186:16)
INFO: [HLS 214-248] Applying array_partition to 'box.lo': Complete partitioning on dimension 1. (hardware/fpga/u250_target23_chained_taylor41/kernel.cpp:191:16)
INFO: [HLS 214-248] Applying array_partition to 'box.hi': Complete partitioning on dimension 1. (hardware/fpga/u250_target23_chained_taylor41/kernel.cpp:191:16)
INFO: [HLS 214-248] Applying array_partition to 'point_box.lo': Complete partitioning on dimension 1. (hardware/fpga/u250_target23_chained_taylor41/kernel.cpp:192:16)
INFO: [HLS 214-248] Applying array_partition to 'point_box.hi': Complete partitioning on dimension 1. (hardware/fpga/u250_target23_chained_taylor41/kernel.cpp:192:16)
INFO: [HLS 214-248] Applying array_partition to 'center_coeff.lo': Complete partitioning on dimension 2. (hardware/fpga/u250_target23_chained_taylor41/kernel.cpp:199:16)
INFO: [HLS 214-248] Applying array_partition to 'center_coeff.hi': Complete partitioning on dimension 2. (hardware/fpga/u250_target23_chained_taylor41/kernel.cpp:199:16)
INFO: [HLS 214-248] Applying array_partition to 'wide_coeff.lo': Complete partitioning on dimension 2. (hardware/fpga/u250_target23_chained_taylor41/kernel.cpp:200:16)
INFO: [HLS 214-248] Applying array_partition to 'wide_coeff.hi': Complete partitioning on dimension 2. (hardware/fpga/u250_target23_chained_taylor41/kernel.cpp:200:16)
INFO: [HLS 214-248] Applying array_partition to 'low_center': Complete partitioning on dimension 1. (hardware/fpga/u250_target23_chained_taylor41/kernel.cpp:224:9)
INFO: [HLS 214-248] Applying array_partition to 'high_center': Complete partitioning on dimension 1. (hardware/fpga/u250_target23_chained_taylor41/kernel.cpp:225:9)
INFO: [HLS 214-248] Applying array_partition to 'middle_center': Complete partitioning on dimension 1. (hardware/fpga/u250_target23_chained_taylor41/kernel.cpp:233:13)
INFO: [HLS 214-248] Applying array_partition to 'event_initial.lo': Complete partitioning on dimension 1. (hardware/fpga/u250_target23_chained_taylor41/kernel.cpp:250:16)
INFO: [HLS 214-248] Applying array_partition to 'event_initial.hi': Complete partitioning on dimension 1. (hardware/fpga/u250_target23_chained_taylor41/kernel.cpp:250:16)
INFO: [HLS 214-248] Applying array_partition to 'event_box.lo': Complete partitioning on dimension 1. (hardware/fpga/u250_target23_chained_taylor41/kernel.cpp:252:16)
INFO: [HLS 214-248] Applying array_partition to 'event_box.hi': Complete partitioning on dimension 1. (hardware/fpga/u250_target23_chained_taylor41/kernel.cpp:252:16)
INFO: [HLS 214-248] Applying array_partition to 'center': Complete partitioning on dimension 1. (hardware/fpga/u250_target23_chained_taylor41/kernel.cpp:284:9)
INFO: [HLS 214-248] Applying array_partition to 'following': Complete partitioning on dimension 1. (hardware/fpga/u250_target23_chained_taylor41/kernel.cpp:294:13)
WARNING: [HLS 214-209] Ignoring ALLOCATION pragma, because the corresponding call is removed (hardware/fpga/u250_target23_chained_taylor41/kernel.cpp:277:9)
WARNING: [HLS 214-209] Ignoring ALLOCATION pragma, because the corresponding call is removed (hardware/fpga/u250_target23_chained_taylor41/kernel.cpp:276:9)
INFO: [HLS 214-115] Multiple burst reads of length 7 and bit width 32 has been inferred on bundle 'gmem0'. These burst requests might be further partitioned into multiple requests during RTL generation, based on max_read_burst_length or max_write_burst_length settings. (hardware/fpga/u250_target23_chained_taylor41/kernel.cpp:262:23)
INFO: [HLS 214-115] Multiple burst writes of length 7 and bit width 32 in loop 'VITIS_LOOP_268_1'(hardware/fpga/u250_target23_chained_taylor41/kernel.cpp:268:23) has been inferred on bundle 'gmem1'. These burst requests might be further partitioned into multiple requests during RTL generation, based on max_read_burst_length or max_write_burst_length settings. (hardware/fpga/u250_target23_chained_taylor41/kernel.cpp:268:23)
INFO: [HLS 214-115] Multiple burst writes of length 28 and bit width 32 in loop 'VITIS_LOOP_314_3'(hardware/fpga/u250_target23_chained_taylor41/kernel.cpp:314:27) has been inferred on bundle 'gmem1'. These burst requests might be further partitioned into multiple requests during RTL generation, based on max_read_burst_length or max_write_burst_length settings. (hardware/fpga/u250_target23_chained_taylor41/kernel.cpp:314:27)
INFO: [HLS 200-111] Finished Compiling Optimization and Transform: CPU user time: 5.57 seconds. CPU system time: 0.66 seconds. Elapsed time: 13.8 seconds; current allocated memory: 461.477 MB.
INFO: [HLS 200-111] Finished Checking Pragmas: CPU user time: 0 seconds. CPU system time: 0 seconds. Elapsed time: 0 seconds; current allocated memory: 461.477 MB.
INFO: [HLS 200-10] Starting code transformations ...
INFO: [HLS 200-111] Finished Standard Transforms: CPU user time: 0.31 seconds. CPU system time: 0 seconds. Elapsed time: 0.32 seconds; current allocated memory: 469.320 MB.
INFO: [HLS 200-10] Checking synthesizability ...
INFO: [XFORM 203-602] Inlining function 'magnitude' into 'ordinary_lipschitz' (hardware/fpga/u250_target23_chained_taylor41/kernel.cpp:87) automatically.
INFO: [XFORM 203-602] Inlining function 'logarithmic_norm' into 'advance' (hardware/fpga/u250_target23_chained_taylor41/kernel.cpp:212) automatically.
WARNING: [SYNCHK 200-23] hardware/fpga/u250_target23_chained_taylor41/kernel.cpp:268: variable-indexed range selection may cause suboptimal QoR.
INFO: [SYNCHK 200-10] 0 error(s), 1 warning(s).
INFO: [HLS 200-111] Finished Checking Synthesizability: CPU user time: 0.32 seconds. CPU system time: 0 seconds. Elapsed time: 0.32 seconds; current allocated memory: 470.539 MB.
INFO: [XFORM 203-602] Inlining function 'magnitude' into 'ordinary_lipschitz' (hardware/fpga/u250_target23_chained_taylor41/kernel.cpp:87) automatically.
INFO: [XFORM 203-602] Inlining function 'ordinary_lipschitz' into 'close_box' (hardware/fpga/u250_target23_chained_taylor41/kernel.cpp:126) automatically.
INFO: [XFORM 203-602] Inlining function 'logarithmic_norm' into 'advance' (hardware/fpga/u250_target23_chained_taylor41/kernel.cpp:212) automatically.
INFO: [XFORM 203-401] Performing if-conversion on hyperblock from (hardware/fpga/u250_target23_chained_taylor41/kernel.cpp:314:36) to (hardware/fpga/u250_target23_chained_taylor41/kernel.cpp:314:27) in function 'target23_chained_taylor41'... converting 3 basic blocks.
INFO: [XFORM 203-401] Performing if-conversion on hyperblock from (hardware/fpga/u250_target23_chained_taylor41/kernel.cpp:292:9) to (hardware/fpga/u250_target23_chained_taylor41/kernel.cpp:297:21) in function 'target23_chained_taylor41'... converting 3 basic blocks.
INFO: [XFORM 203-11] Balancing expressions in function 'field' (hardware/fpga/u250_target23_chained_taylor41/kernel.cpp:26:1)...3 expression(s) balanced.
INFO: [XFORM 203-11] Balancing expressions in function 'coefficients' (hardware/fpga/u250_target23_chained_taylor41/kernel.cpp:25:23)...3 expression(s) balanced.
INFO: [XFORM 203-11] Balancing expressions in function 'close_box' (hardware/fpga/u250_target23_chained_taylor41/kernel.cpp:20:31)...10 expression(s) balanced.
INFO: [XFORM 203-11] Balancing expressions in function 'advance' (hardware/fpga/u250_target23_chained_taylor41/kernel.cpp:21:23)...171 expression(s) balanced.
INFO: [HLS 200-111] Finished Loop, function and other optimizations: CPU user time: 2.12 seconds. CPU system time: 0.02 seconds. Elapsed time: 2.16 seconds; current allocated memory: 497.375 MB.
INFO: [HLS 200-111] Finished Architecture Synthesis: CPU user time: 2.12 seconds. CPU system time: 0.12 seconds. Elapsed time: 2.24 seconds; current allocated memory: 804.441 MB.
INFO: [HLS 200-10] Starting hardware synthesis ...
INFO: [HLS 200-10] Synthesizing 'target23_chained_taylor41' ...
INFO: [HLS 200-10] ----------------------------------------------------------------
INFO: [HLS 200-42] -- Implementing module 'load_q' 
INFO: [HLS 200-10] ----------------------------------------------------------------
INFO: [SCHED 204-11] Starting scheduling ...
INFO: [SCHED 204-61] Pipelining function 'load_q'.
WARNING: [HLS 200-880] The II Violation in module 'load_q' (function 'load_q'): Unable to enforce a carried dependence constraint (II = 1, distance = 1, offset = 1) between bus read operation ('gmem0_addr_read_6', hardware/fpga/u250_target23_chained_taylor41/kernel.cpp:262) on port 'gmem0' (hardware/fpga/u250_target23_chained_taylor41/kernel.cpp:262) and bus read operation ('gmem0_addr_read', hardware/fpga/u250_target23_chained_taylor41/kernel.cpp:262) on port 'gmem0' (hardware/fpga/u250_target23_chained_taylor41/kernel.cpp:262).
Resolution: For help on HLS 200-880 see docs.xilinx.com/access/sources/dita/topic?Doc_Version=2025.1%20English&url=ug1448-hls-guidance&resourceid=200-880.html
WARNING: [HLS 200-880] The II Violation in module 'load_q' (function 'load_q'): Unable to enforce a carried dependence constraint (II = 2, distance = 1, offset = 1) between bus read operation ('gmem0_addr_read_6', hardware/fpga/u250_target23_chained_taylor41/kernel.cpp:262) on port 'gmem0' (hardware/fpga/u250_target23_chained_taylor41/kernel.cpp:262) and bus read operation ('gmem0_addr_read', hardware/fpga/u250_target23_chained_taylor41/kernel.cpp:262) on port 'gmem0' (hardware/fpga/u250_target23_chained_taylor41/kernel.cpp:262).
Resolution: For help on HLS 200-880 see docs.xilinx.com/access/sources/dita/topic?Doc_Version=2025.1%20English&url=ug1448-hls-guidance&resourceid=200-880.html
WARNING: [HLS 200-880] The II Violation in module 'load_q' (function 'load_q'): Unable to enforce a carried dependence constraint (II = 3, distance = 1, offset = 1) between bus read operation ('gmem0_addr_read_6', hardware/fpga/u250_target23_chained_taylor41/kernel.cpp:262) on port 'gmem0' (hardware/fpga/u250_target23_chained_taylor41/kernel.cpp:262) and bus read operation ('gmem0_addr_read', hardware/fpga/u250_target23_chained_taylor41/kernel.cpp:262) on port 'gmem0' (hardware/fpga/u250_target23_chained_taylor41/kernel.cpp:262).
Resolution: For help on HLS 200-880 see docs.xilinx.com/access/sources/dita/topic?Doc_Version=2025.1%20English&url=ug1448-hls-guidance&resourceid=200-880.html
WARNING: [HLS 200-880] The II Violation in module 'load_q' (function 'load_q'): Unable to enforce a carried dependence constraint (II = 4, distance = 1, offset = 1) between bus read operation ('gmem0_addr_read_6', hardware/fpga/u250_target23_chained_taylor41/kernel.cpp:262) on port 'gmem0' (hardware/fpga/u250_target23_chained_taylor41/kernel.cpp:262) and bus read operation ('gmem0_addr_read', hardware/fpga/u250_target23_chained_taylor41/kernel.cpp:262) on port 'gmem0' (hardware/fpga/u250_target23_chained_taylor41/kernel.cpp:262).
Resolution: For help on HLS 200-880 see docs.xilinx.com/access/sources/dita/topic?Doc_Version=2025.1%20English&url=ug1448-hls-guidance&resourceid=200-880.html
WARNING: [HLS 200-880] The II Violation in module 'load_q' (function 'load_q'): Unable to enforce a carried dependence constraint (II = 5, distance = 1, offset = 1) between bus read operation ('gmem0_addr_read_6', hardware/fpga/u250_target23_chained_taylor41/kernel.cpp:262) on port 'gmem0' (hardware/fpga/u250_target23_chained_taylor41/kernel.cpp:262) and bus read operation ('gmem0_addr_read', hardware/fpga/u250_target23_chained_taylor41/kernel.cpp:262) on port 'gmem0' (hardware/fpga/u250_target23_chained_taylor41/kernel.cpp:262).
Resolution: For help on HLS 200-880 see docs.xilinx.com/access/sources/dita/topic?Doc_Version=2025.1%20English&url=ug1448-hls-guidance&resourceid=200-880.html
WARNING: [HLS 200-880] The II Violation in module 'load_q' (function 'load_q'): Unable to enforce a carried dependence constraint (II = 6, distance = 1, offset = 1) between bus read operation ('gmem0_addr_read_6', hardware/fpga/u250_target23_chained_taylor41/kernel.cpp:262) on port 'gmem0' (hardware/fpga/u250_target23_chained_taylor41/kernel.cpp:262) and bus read operation ('gmem0_addr_read', hardware/fpga/u250_target23_chained_taylor41/kernel.cpp:262) on port 'gmem0' (hardware/fpga/u250_target23_chained_taylor41/kernel.cpp:262).
Resolution: For help on HLS 200-880 see docs.xilinx.com/access/sources/dita/topic?Doc_Version=2025.1%20English&url=ug1448-hls-guidance&resourceid=200-880.html
INFO: [HLS 200-1470] Pipelining result : Target II = NA, Final II = 7, Depth = 79, function 'load_q'
INFO: [SCHED 204-11] Finished scheduling.
INFO: [HLS 200-111] Finished Scheduling: CPU user time: 0.75 seconds. CPU system time: 0.03 seconds. Elapsed time: 0.79 seconds; current allocated memory: 812.918 MB.
INFO: [BIND 205-100] Starting micro-architecture generation ...
INFO: [BIND 205-101] Performing variable lifetime analysis.
INFO: [BIND 205-101] Exploring resource sharing.
INFO: [BIND 205-101] Binding ...
INFO: [BIND 205-100] Finished micro-architecture generation.
INFO: [HLS 200-111] Finished Binding: CPU user time: 0.02 seconds. CPU system time: 0 seconds. Elapsed time: 0.01 seconds; current allocated memory: 812.918 MB.
INFO: [HLS 200-10] ----------------------------------------------------------------
INFO: [HLS 200-42] -- Implementing module 'target23_chained_taylor41_Pipeline_VITIS_LOOP_285_1' 
INFO: [HLS 200-10] ----------------------------------------------------------------
INFO: [SCHED 204-11] Starting scheduling ...
INFO: [SCHED 204-61] Pipelining loop 'VITIS_LOOP_285_1'.
INFO: [HLS 200-1470] Pipelining result : Target II = NA, Final II = 7, Depth = 80, loop 'VITIS_LOOP_285_1'
INFO: [SCHED 204-11] Finished scheduling.
INFO: [HLS 200-111] Finished Scheduling: CPU user time: 0.02 seconds. CPU system time: 0 seconds. Elapsed time: 0.03 seconds; current allocated memory: 813.645 MB.
INFO: [BIND 205-100] Starting micro-architecture generation ...
INFO: [BIND 205-101] Performing variable lifetime analysis.
INFO: [BIND 205-101] Exploring resource sharing.
INFO: [BIND 205-101] Binding ...
INFO: [BIND 205-100] Finished micro-architecture generation.
INFO: [HLS 200-111] Finished Binding: CPU user time: 0.01 seconds. CPU system time: 0 seconds. Elapsed time: 0.01 seconds; current allocated memory: 813.645 MB.
INFO: [HLS 200-10] ----------------------------------------------------------------
INFO: [HLS 200-42] -- Implementing module 'advance_Pipeline_VITIS_LOOP_187_1' 
INFO: [HLS 200-10] ----------------------------------------------------------------
INFO: [SCHED 204-11] Starting scheduling ...
INFO: [SCHED 204-61] Pipelining loop 'VITIS_LOOP_187_1'.
INFO: [HLS 200-1470] Pipelining result : Target II = NA, Final II = 1, Depth = 1, loop 'VITIS_LOOP_187_1'
INFO: [SCHED 204-11] Finished scheduling.
INFO: [HLS 200-111] Finished Scheduling: CPU user time: 0.03 seconds. CPU system time: 0 seconds. Elapsed time: 0.03 seconds; current allocated memory: 814.742 MB.
INFO: [BIND 205-100] Starting micro-architecture generation ...
INFO: [BIND 205-101] Performing variable lifetime analysis.
INFO: [BIND 205-101] Exploring resource sharing.
INFO: [BIND 205-101] Binding ...
INFO: [BIND 205-100] Finished micro-architecture generation.
INFO: [HLS 200-111] Finished Binding: CPU user time: 0.01 seconds. CPU system time: 0 seconds. Elapsed time: 0.01 seconds; current allocated memory: 814.742 MB.
INFO: [HLS 200-10] ----------------------------------------------------------------
INFO: [HLS 200-42] -- Implementing module 'close_box_Pipeline_VITIS_LOOP_103_1' 
INFO: [HLS 200-10] ----------------------------------------------------------------
INFO: [SCHED 204-11] Starting scheduling ...
INFO: [SCHED 204-61] Pipelining loop 'VITIS_LOOP_103_1'.
INFO: [HLS 200-1470] Pipelining result : Target II = NA, Final II = 1, Depth = 1, loop 'VITIS_LOOP_103_1'
INFO: [SCHED 204-11] Finished scheduling.
INFO: [HLS 200-111] Finished Scheduling: CPU user time: 0.02 seconds. CPU system time: 0 seconds. Elapsed time: 0.02 seconds; current allocated memory: 815.227 MB.
INFO: [BIND 205-100] Starting micro-architecture generation ...
INFO: [BIND 205-101] Performing variable lifetime analysis.
INFO: [BIND 205-101] Exploring resource sharing.
INFO: [BIND 205-101] Binding ...
INFO: [BIND 205-100] Finished micro-architecture generation.
INFO: [HLS 200-111] Finished Binding: CPU user time: 0.01 seconds. CPU system time: 0 seconds. Elapsed time: 0.01 seconds; current allocated memory: 815.227 MB.
INFO: [HLS 200-10] ----------------------------------------------------------------
INFO: [HLS 200-42] -- Implementing module 'times_i' 
INFO: [HLS 200-10] ----------------------------------------------------------------
INFO: [SCHED 204-11] Starting scheduling ...
INFO: [SCHED 204-61] Pipelining function 'times_i'.
INFO: [HLS 200-1470] Pipelining result : Target II = NA, Final II = 1, Depth = 4, function 'times_i'
INFO: [SCHED 204-11] Finished scheduling.
INFO: [HLS 200-111] Finished Scheduling: CPU user time: 0.02 seconds. CPU system time: 0.01 seconds. Elapsed time: 0.03 seconds; current allocated memory: 815.500 MB.
INFO: [BIND 205-100] Starting micro-architecture generation ...
INFO: [BIND 205-101] Performing variable lifetime analysis.
INFO: [BIND 205-101] Exploring resource sharing.
INFO: [BIND 205-101] Binding ...
INFO: [BIND 205-100] Finished micro-architecture generation.
INFO: [HLS 200-111] Finished Binding: CPU user time: 0.01 seconds. CPU system time: 0 seconds. Elapsed time: 0.01 seconds; current allocated memory: 815.500 MB.
INFO: [HLS 200-10] ----------------------------------------------------------------
INFO: [HLS 200-42] -- Implementing module 'field' 
INFO: [HLS 200-10] ----------------------------------------------------------------
INFO: [SCHED 204-11] Starting scheduling ...
INFO: [SCHED 204-61] Pipelining function 'field'.
INFO: [HLS 200-1470] Pipelining result : Target II = NA, Final II = 1, Depth = 6, function 'field'
INFO: [SCHED 204-11] Finished scheduling.
INFO: [HLS 200-111] Finished Scheduling: CPU user time: 0.04 seconds. CPU system time: 0 seconds. Elapsed time: 0.04 seconds; current allocated memory: 816.297 MB.
INFO: [BIND 205-100] Starting micro-architecture generation ...
INFO: [BIND 205-101] Performing variable lifetime analysis.
INFO: [BIND 205-101] Exploring resource sharing.
INFO: [BIND 205-101] Binding ...
INFO: [BIND 205-100] Finished micro-architecture generation.
INFO: [HLS 200-111] Finished Binding: CPU user time: 0.01 seconds. CPU system time: 0.01 seconds. Elapsed time: 0.01 seconds; current allocated memory: 816.297 MB.
INFO: [HLS 200-10] ----------------------------------------------------------------
INFO: [HLS 200-42] -- Implementing module 'close_box_Pipeline_VITIS_LOOP_107_2' 
INFO: [HLS 200-10] ----------------------------------------------------------------
INFO: [SCHED 204-11] Starting scheduling ...
INFO: [SCHED 204-61] Pipelining loop 'VITIS_LOOP_107_2'.
INFO: [HLS 200-1470] Pipelining result : Target II = NA, Final II = 14, Depth = 14, loop 'VITIS_LOOP_107_2'
INFO: [SCHED 204-11] Finished scheduling.
INFO: [HLS 200-111] Finished Scheduling: CPU user time: 0.06 seconds. CPU system time: 0 seconds. Elapsed time: 0.07 seconds; current allocated memory: 817.891 MB.
INFO: [BIND 205-100] Starting micro-architecture generation ...
INFO: [BIND 205-101] Performing variable lifetime analysis.
INFO: [BIND 205-101] Exploring resource sharing.
INFO: [BIND 205-101] Binding ...
INFO: [BIND 205-100] Finished micro-architecture generation.
INFO: [HLS 200-111] Finished Binding: CPU user time: 0.01 seconds. CPU system time: 0 seconds. Elapsed time: 0.01 seconds; current allocated memory: 817.891 MB.
INFO: [HLS 200-10] ----------------------------------------------------------------
INFO: [HLS 200-42] -- Implementing module 'close_box_Pipeline_VITIS_LOOP_120_4' 
INFO: [HLS 200-10] ----------------------------------------------------------------
INFO: [SCHED 204-11] Starting scheduling ...
INFO: [SCHED 204-61] Pipelining loop 'VITIS_LOOP_120_4'.
INFO: [HLS 200-1470] Pipelining result : Target II = NA, Final II = 1, Depth = 1, loop 'VITIS_LOOP_120_4'
INFO: [SCHED 204-11] Finished scheduling.
INFO: [HLS 200-111] Finished Scheduling: CPU user time: 0.04 seconds. CPU system time: 0 seconds. Elapsed time: 0.04 seconds; current allocated memory: 818.184 MB.
INFO: [BIND 205-100] Starting micro-architecture generation ...
INFO: [BIND 205-101] Performing variable lifetime analysis.
INFO: [BIND 205-101] Exploring resource sharing.
INFO: [BIND 205-101] Binding ...
INFO: [BIND 205-100] Finished micro-architecture generation.
INFO: [HLS 200-111] Finished Binding: CPU user time: 0.01 seconds. CPU system time: 0 seconds. Elapsed time: 0.01 seconds; current allocated memory: 818.184 MB.
INFO: [HLS 200-10] ----------------------------------------------------------------
INFO: [HLS 200-42] -- Implementing module 'close_box_Pipeline_VITIS_LOOP_82_1' 
INFO: [HLS 200-10] ----------------------------------------------------------------
INFO: [SCHED 204-11] Starting scheduling ...
INFO: [SCHED 204-61] Pipelining loop 'VITIS_LOOP_82_1'.
INFO: [HLS 200-1470] Pipelining result : Target II = NA, Final II = 1, Depth = 6, loop 'VITIS_LOOP_82_1'
INFO: [SCHED 204-11] Finished scheduling.
INFO: [HLS 200-111] Finished Scheduling: CPU user time: 0.03 seconds. CPU system time: 0 seconds. Elapsed time: 0.03 seconds; current allocated memory: 818.750 MB.
INFO: [BIND 205-100] Starting micro-architecture generation ...
INFO: [BIND 205-101] Performing variable lifetime analysis.
INFO: [BIND 205-101] Exploring resource sharing.
INFO: [BIND 205-101] Binding ...
INFO: [BIND 205-100] Finished micro-architecture generation.
INFO: [HLS 200-111] Finished Binding: CPU user time: 0 seconds. CPU system time: 0 seconds. Elapsed time: 0 seconds; current allocated memory: 818.750 MB.
INFO: [HLS 200-10] ----------------------------------------------------------------
INFO: [HLS 200-42] -- Implementing module 'close_box_Pipeline_VITIS_LOOP_122_5' 
INFO: [HLS 200-10] ----------------------------------------------------------------
INFO: [SCHED 204-11] Starting scheduling ...
INFO: [SCHED 204-61] Pipelining loop 'VITIS_LOOP_122_5'.
INFO: [HLS 200-1470] Pipelining result : Target II = NA, Final II = 1, Depth = 1, loop 'VITIS_LOOP_122_5'
INFO: [SCHED 204-11] Finished scheduling.
INFO: [HLS 200-111] Finished Scheduling: CPU user time: 0.03 seconds. CPU system time: 0 seconds. Elapsed time: 0.03 seconds; current allocated memory: 819.543 MB.
INFO: [BIND 205-100] Starting micro-architecture generation ...
INFO: [BIND 205-101] Performing variable lifetime analysis.
INFO: [BIND 205-101] Exploring resource sharing.
INFO: [BIND 205-101] Binding ...
INFO: [BIND 205-100] Finished micro-architecture generation.
INFO: [HLS 200-111] Finished Binding: CPU user time: 0.01 seconds. CPU system time: 0 seconds. Elapsed time: 0.01 seconds; current allocated memory: 819.543 MB.
INFO: [HLS 200-10] ----------------------------------------------------------------
INFO: [HLS 200-42] -- Implementing module 'close_box' 
INFO: [HLS 200-10] ----------------------------------------------------------------
INFO: [SCHED 204-11] Starting scheduling ...
INFO: [SCHED 204-11] Finished scheduling.
INFO: [HLS 200-111] Finished Scheduling: CPU user time: 0.07 seconds. CPU system time: 0 seconds. Elapsed time: 0.08 seconds; current allocated memory: 821.629 MB.
INFO: [BIND 205-100] Starting micro-architecture generation ...
INFO: [BIND 205-101] Performing variable lifetime analysis.
INFO: [BIND 205-101] Exploring resource sharing.
INFO: [BIND 205-101] Binding ...
INFO: [BIND 205-100] Finished micro-architecture generation.
INFO: [HLS 200-111] Finished Binding: CPU user time: 0.01 seconds. CPU system time: 0.01 seconds. Elapsed time: 0.02 seconds; current allocated memory: 821.629 MB.
INFO: [HLS 200-10] ----------------------------------------------------------------
INFO: [HLS 200-42] -- Implementing module 'coefficients_Pipeline_VITIS_LOOP_137_1' 
INFO: [HLS 200-10] ----------------------------------------------------------------
INFO: [SCHED 204-11] Starting scheduling ...
INFO: [SCHED 204-61] Pipelining loop 'VITIS_LOOP_137_1'.
INFO: [HLS 200-1470] Pipelining result : Target II = NA, Final II = 1, Depth = 1, loop 'VITIS_LOOP_137_1'
INFO: [SCHED 204-11] Finished scheduling.
INFO: [HLS 200-111] Finished Scheduling: CPU user time: 0.34 seconds. CPU system time: 0 seconds. Elapsed time: 0.34 seconds; current allocated memory: 822.738 MB.
INFO: [BIND 205-100] Starting micro-architecture generation ...
INFO: [BIND 205-101] Performing variable lifetime analysis.
INFO: [BIND 205-101] Exploring resource sharing.
INFO: [BIND 205-101] Binding ...
INFO: [BIND 205-100] Finished micro-architecture generation.
INFO: [HLS 200-111] Finished Binding: CPU user time: 0.02 seconds. CPU system time: 0 seconds. Elapsed time: 0.02 seconds; current allocated memory: 822.738 MB.
INFO: [HLS 200-10] ----------------------------------------------------------------
INFO: [HLS 200-42] -- Implementing module 'coefficients_Pipeline_VITIS_LOOP_146_4' 
INFO: [HLS 200-10] ----------------------------------------------------------------
INFO: [SCHED 204-11] Starting scheduling ...
INFO: [SCHED 204-61] Pipelining loop 'VITIS_LOOP_146_4'.
INFO: [HLS 200-1470] Pipelining result : Target II = NA, Final II = 1, Depth = 6, loop 'VITIS_LOOP_146_4'
INFO: [SCHED 204-11] Finished scheduling.
INFO: [HLS 200-111] Finished Scheduling: CPU user time: 0.14 seconds. CPU system time: 0.01 seconds. Elapsed time: 0.23 seconds; current allocated memory: 826.215 MB.
INFO: [BIND 205-100] Starting micro-architecture generation ...
INFO: [BIND 205-101] Performing variable lifetime analysis.
INFO: [BIND 205-101] Exploring resource sharing.
INFO: [BIND 205-101] Binding ...
INFO: [BIND 205-100] Finished micro-architecture generation.
INFO: [HLS 200-111] Finished Binding: CPU user time: 0.03 seconds. CPU system time: 0 seconds. Elapsed time: 0.55 seconds; current allocated memory: 826.215 MB.
INFO: [HLS 200-10] ----------------------------------------------------------------
INFO: [HLS 200-42] -- Implementing module 'coefficients' 
INFO: [HLS 200-10] ----------------------------------------------------------------
INFO: [SCHED 204-11] Starting scheduling ...
INFO: [SCHED 204-11] Finished scheduling.
INFO: [HLS 200-111] Finished Scheduling: CPU user time: 1.7 seconds. CPU system time: 0.02 seconds. Elapsed time: 1.72 seconds; current allocated memory: 849.250 MB.
INFO: [BIND 205-100] Starting micro-architecture generation ...
INFO: [BIND 205-101] Performing variable lifetime analysis.
INFO: [BIND 205-101] Exploring resource sharing.
INFO: [BIND 205-101] Binding ...
INFO: [BIND 205-100] Finished micro-architecture generation.
INFO: [HLS 200-111] Finished Binding: CPU user time: 0.63 seconds. CPU system time: 0 seconds. Elapsed time: 0.63 seconds; current allocated memory: 850.379 MB.
INFO: [HLS 200-10] ----------------------------------------------------------------
INFO: [HLS 200-42] -- Implementing module 'advance_Pipeline_VITIS_LOOP_204_2' 
INFO: [HLS 200-10] ----------------------------------------------------------------
INFO: [SCHED 204-11] Starting scheduling ...
INFO: [SCHED 204-61] Pipelining loop 'VITIS_LOOP_204_2'.
INFO: [HLS 200-1470] Pipelining result : Target II = NA, Final II = 1, Depth = 5, loop 'VITIS_LOOP_204_2'
INFO: [SCHED 204-11] Finished scheduling.
INFO: [HLS 200-111] Finished Scheduling: CPU user time: 0.6 seconds. CPU system time: 0.02 seconds. Elapsed time: 0.62 seconds; current allocated memory: 855.535 MB.
INFO: [BIND 205-100] Starting micro-architecture generation ...
INFO: [BIND 205-101] Performing variable lifetime analysis.
INFO: [BIND 205-101] Exploring resource sharing.
INFO: [BIND 205-101] Binding ...
INFO: [BIND 205-100] Finished micro-architecture generation.
INFO: [HLS 200-111] Finished Binding: CPU user time: 0.03 seconds. CPU system time: 0.01 seconds. Elapsed time: 0.03 seconds; current allocated memory: 855.535 MB.
INFO: [HLS 200-10] ----------------------------------------------------------------
INFO: [HLS 200-42] -- Implementing module 'exp_upper_Pipeline_VITIS_LOOP_166_1' 
INFO: [HLS 200-10] ----------------------------------------------------------------
INFO: [SCHED 204-11] Starting scheduling ...
INFO: [SCHED 204-61] Pipelining loop 'VITIS_LOOP_166_1'.
WARNING: [HLS 200-880] The II Violation in module 'exp_upper_Pipeline_VITIS_LOOP_166_1' (loop 'VITIS_LOOP_166_1'): Unable to enforce a carried dependence constraint (II = 1, distance = 1, offset = 1) between 'srem' operation 198 bit ('remainder', hardware/fpga/u250_target23_chained_taylor41/kernel.cpp:38->hardware/fpga/u250_target23_chained_taylor41/kernel.cpp:167) and 'mul' operation 447 bit ('numerator', hardware/fpga/u250_target23_chained_taylor41/kernel.cpp:167).
Resolution: For help on HLS 200-880 see docs.xilinx.com/access/sources/dita/topic?Doc_Version=2025.1%20English&url=ug1448-hls-guidance&resourceid=200-880.html
WARNING: [HLS 200-880] The II Violation in module 'exp_upper_Pipeline_VITIS_LOOP_166_1' (loop 'VITIS_LOOP_166_1'): Unable to enforce a carried dependence constraint (II = 2, distance = 1, offset = 1) between 'srem' operation 198 bit ('remainder', hardware/fpga/u250_target23_chained_taylor41/kernel.cpp:38->hardware/fpga/u250_target23_chained_taylor41/kernel.cpp:167) and 'mul' operation 447 bit ('numerator', hardware/fpga/u250_target23_chained_taylor41/kernel.cpp:167).
Resolution: For help on HLS 200-880 see docs.xilinx.com/access/sources/dita/topic?Doc_Version=2025.1%20English&url=ug1448-hls-guidance&resourceid=200-880.html
WARNING: [HLS 200-880] The II Violation in module 'exp_upper_Pipeline_VITIS_LOOP_166_1' (loop 'VITIS_LOOP_166_1'): Unable to enforce a carried dependence constraint (II = 3, distance = 1, offset = 1) between 'srem' operation 198 bit ('remainder', hardware/fpga/u250_target23_chained_taylor41/kernel.cpp:38->hardware/fpga/u250_target23_chained_taylor41/kernel.cpp:167) and 'mul' operation 447 bit ('numerator', hardware/fpga/u250_target23_chained_taylor41/kernel.cpp:167).
Resolution: For help on HLS 200-880 see docs.xilinx.com/access/sources/dita/topic?Doc_Version=2025.1%20English&url=ug1448-hls-guidance&resourceid=200-880.html
WARNING: [HLS 200-880] The II Violation in module 'exp_upper_Pipeline_VITIS_LOOP_166_1' (loop 'VITIS_LOOP_166_1'): Unable to enforce a carried dependence constraint (II = 4, distance = 1, offset = 1) between 'srem' operation 198 bit ('remainder', hardware/fpga/u250_target23_chained_taylor41/kernel.cpp:38->hardware/fpga/u250_target23_chained_taylor41/kernel.cpp:167) and 'mul' operation 447 bit ('numerator', hardware/fpga/u250_target23_chained_taylor41/kernel.cpp:167).
Resolution: For help on HLS 200-880 see docs.xilinx.com/access/sources/dita/topic?Doc_Version=2025.1%20English&url=ug1448-hls-guidance&resourceid=200-880.html
WARNING: [HLS 200-880] The II Violation in module 'exp_upper_Pipeline_VITIS_LOOP_166_1' (loop 'VITIS_LOOP_166_1'): Unable to enforce a carried dependence constraint (II = 130, distance = 1, offset = 1) between 'srem' operation 198 bit ('remainder', hardware/fpga/u250_target23_chained_taylor41/kernel.cpp:38->hardware/fpga/u250_target23_chained_taylor41/kernel.cpp:167) and 'mul' operation 447 bit ('numerator', hardware/fpga/u250_target23_chained_taylor41/kernel.cpp:167).
Resolution: For help on HLS 200-880 see docs.xilinx.com/access/sources/dita/topic?Doc_Version=2025.1%20English&url=ug1448-hls-guidance&resourceid=200-880.html
WARNING: [HLS 200-880] The II Violation in module 'exp_upper_Pipeline_VITIS_LOOP_166_1' (loop 'VITIS_LOOP_166_1'): Unable to enforce a carried dependence constraint (II = 193, distance = 1, offset = 1) between 'srem' operation 198 bit ('remainder', hardware/fpga/u250_target23_chained_taylor41/kernel.cpp:38->hardware/fpga/u250_target23_chained_taylor41/kernel.cpp:167) and 'mul' operation 447 bit ('numerator', hardware/fpga/u250_target23_chained_taylor41/kernel.cpp:167).
Resolution: For help on HLS 200-880 see docs.xilinx.com/access/sources/dita/topic?Doc_Version=2025.1%20English&url=ug1448-hls-guidance&resourceid=200-880.html
WARNING: [HLS 200-880] The II Violation in module 'exp_upper_Pipeline_VITIS_LOOP_166_1' (loop 'VITIS_LOOP_166_1'): Unable to enforce a carried dependence constraint (II = 225, distance = 1, offset = 1) between 'srem' operation 198 bit ('remainder', hardware/fpga/u250_target23_chained_taylor41/kernel.cpp:38->hardware/fpga/u250_target23_chained_taylor41/kernel.cpp:167) and 'mul' operation 447 bit ('numerator', hardware/fpga/u250_target23_chained_taylor41/kernel.cpp:167).
Resolution: For help on HLS 200-880 see docs.xilinx.com/access/sources/dita/topic?Doc_Version=2025.1%20English&url=ug1448-hls-guidance&resourceid=200-880.html
WARNING: [HLS 200-880] The II Violation in module 'exp_upper_Pipeline_VITIS_LOOP_166_1' (loop 'VITIS_LOOP_166_1'): Unable to enforce a carried dependence constraint (II = 241, distance = 1, offset = 1) between 'srem' operation 198 bit ('remainder', hardware/fpga/u250_target23_chained_taylor41/kernel.cpp:38->hardware/fpga/u250_target23_chained_taylor41/kernel.cpp:167) and 'mul' operation 447 bit ('numerator', hardware/fpga/u250_target23_chained_taylor41/kernel.cpp:167).
Resolution: For help on HLS 200-880 see docs.xilinx.com/access/sources/dita/topic?Doc_Version=2025.1%20English&url=ug1448-hls-guidance&resourceid=200-880.html
WARNING: [HLS 200-880] The II Violation in module 'exp_upper_Pipeline_VITIS_LOOP_166_1' (loop 'VITIS_LOOP_166_1'): Unable to enforce a carried dependence constraint (II = 249, distance = 1, offset = 1) between 'srem' operation 198 bit ('remainder', hardware/fpga/u250_target23_chained_taylor41/kernel.cpp:38->hardware/fpga/u250_target23_chained_taylor41/kernel.cpp:167) and 'mul' operation 447 bit ('numerator', hardware/fpga/u250_target23_chained_taylor41/kernel.cpp:167).
Resolution: For help on HLS 200-880 see docs.xilinx.com/access/sources/dita/topic?Doc_Version=2025.1%20English&url=ug1448-hls-guidance&resourceid=200-880.html
WARNING: [HLS 200-880] The II Violation in module 'exp_upper_Pipeline_VITIS_LOOP_166_1' (loop 'VITIS_LOOP_166_1'): Unable to enforce a carried dependence constraint (II = 253, distance = 1, offset = 1) between 'srem' operation 198 bit ('remainder', hardware/fpga/u250_target23_chained_taylor41/kernel.cpp:38->hardware/fpga/u250_target23_chained_taylor41/kernel.cpp:167) and 'mul' operation 447 bit ('numerator', hardware/fpga/u250_target23_chained_taylor41/kernel.cpp:167).
Resolution: For help on HLS 200-880 see docs.xilinx.com/access/sources/dita/topic?Doc_Version=2025.1%20English&url=ug1448-hls-guidance&resourceid=200-880.html
WARNING: [HLS 200-880] The II Violation in module 'exp_upper_Pipeline_VITIS_LOOP_166_1' (loop 'VITIS_LOOP_166_1'): Unable to enforce a carried dependence constraint (II = 255, distance = 1, offset = 1) between 'srem' operation 198 bit ('remainder', hardware/fpga/u250_target23_chained_taylor41/kernel.cpp:38->hardware/fpga/u250_target23_chained_taylor41/kernel.cpp:167) and 'mul' operation 447 bit ('numerator', hardware/fpga/u250_target23_chained_taylor41/kernel.cpp:167).
Resolution: For help on HLS 200-880 see docs.xilinx.com/access/sources/dita/topic?Doc_Version=2025.1%20English&url=ug1448-hls-guidance&resourceid=200-880.html
WARNING: [HLS 200-880] The II Violation in module 'exp_upper_Pipeline_VITIS_LOOP_166_1' (loop 'VITIS_LOOP_166_1'): Unable to enforce a carried dependence constraint (II = 256, distance = 1, offset = 1) between 'srem' operation 198 bit ('remainder', hardware/fpga/u250_target23_chained_taylor41/kernel.cpp:38->hardware/fpga/u250_target23_chained_taylor41/kernel.cpp:167) and 'mul' operation 447 bit ('numerator', hardware/fpga/u250_target23_chained_taylor41/kernel.cpp:167).
Resolution: For help on HLS 200-880 see docs.xilinx.com/access/sources/dita/topic?Doc_Version=2025.1%20English&url=ug1448-hls-guidance&resourceid=200-880.html
INFO: [SCHED 204-61] Unable to satisfy pipeline directive for loop 'VITIS_LOOP_166_1': unable to pipeline.
INFO: [SCHED 204-11] Finished scheduling.
INFO: [HLS 200-111] Finished Scheduling: CPU user time: 0.05 seconds. CPU system time: 0 seconds. Elapsed time: 0.06 seconds; current allocated memory: 855.535 MB.
INFO: [BIND 205-100] Starting micro-architecture generation ...
INFO: [BIND 205-101] Performing variable lifetime analysis.
INFO: [BIND 205-101] Exploring resource sharing.
INFO: [BIND 205-101] Binding ...
INFO: [BIND 205-100] Finished micro-architecture generation.
INFO: [HLS 200-111] Finished Binding: CPU user time: 0.06 seconds. CPU system time: 0.01 seconds. Elapsed time: 0.06 seconds; current allocated memory: 857.602 MB.
INFO: [HLS 200-10] ----------------------------------------------------------------
INFO: [HLS 200-42] -- Implementing module 'exp_upper' 
INFO: [HLS 200-10] ----------------------------------------------------------------
INFO: [SCHED 204-11] Starting scheduling ...
INFO: [SCHED 204-11] Finished scheduling.
INFO: [HLS 200-111] Finished Scheduling: CPU user time: 0.07 seconds. CPU system time: 0 seconds. Elapsed time: 0.07 seconds; current allocated memory: 860.961 MB.
INFO: [BIND 205-100] Starting micro-architecture generation ...
INFO: [BIND 205-101] Performing variable lifetime analysis.
INFO: [BIND 205-101] Exploring resource sharing.
INFO: [BIND 205-101] Binding ...
INFO: [BIND 205-100] Finished micro-architecture generation.
INFO: [HLS 200-111] Finished Binding: CPU user time: 0.26 seconds. CPU system time: 0.01 seconds. Elapsed time: 0.28 seconds; current allocated memory: 866.969 MB.
INFO: [HLS 200-10] ----------------------------------------------------------------
INFO: [HLS 200-42] -- Implementing module 'advance' 
INFO: [HLS 200-10] ----------------------------------------------------------------
INFO: [SCHED 204-11] Starting scheduling ...
INFO: [SCHED 204-11] Finished scheduling.
INFO: [HLS 200-111] Finished Scheduling: CPU user time: 0.16 seconds. CPU system time: 0.01 seconds. Elapsed time: 0.17 seconds; current allocated memory: 870.887 MB.
INFO: [BIND 205-100] Starting micro-architecture generation ...
INFO: [BIND 205-101] Performing variable lifetime analysis.
INFO: [BIND 205-101] Exploring resource sharing.
INFO: [BIND 205-101] Binding ...
INFO: [BIND 205-100] Finished micro-architecture generation.
INFO: [HLS 200-111] Finished Binding: CPU user time: 0.36 seconds. CPU system time: 0 seconds. Elapsed time: 0.36 seconds; current allocated memory: 870.887 MB.
INFO: [HLS 200-10] ----------------------------------------------------------------
INFO: [HLS 200-42] -- Implementing module 'localize_event_Pipeline_VITIS_LOOP_226_1' 
INFO: [HLS 200-10] ----------------------------------------------------------------
INFO: [SCHED 204-11] Starting scheduling ...
INFO: [SCHED 204-61] Pipelining loop 'VITIS_LOOP_226_1'.
INFO: [HLS 200-1470] Pipelining result : Target II = NA, Final II = 1, Depth = 1, loop 'VITIS_LOOP_226_1'
INFO: [SCHED 204-11] Finished scheduling.
INFO: [HLS 200-111] Finished Scheduling: CPU user time: 0.07 seconds. CPU system time: 0.01 seconds. Elapsed time: 0.08 seconds; current allocated memory: 870.887 MB.
INFO: [BIND 205-100] Starting micro-architecture generation ...
INFO: [BIND 205-101] Performing variable lifetime analysis.
INFO: [BIND 205-101] Exploring resource sharing.
INFO: [BIND 205-101] Binding ...
INFO: [BIND 205-100] Finished micro-architecture generation.
INFO: [HLS 200-111] Finished Binding: CPU user time: 0.01 seconds. CPU system time: 0 seconds. Elapsed time: 0 seconds; current allocated memory: 870.887 MB.
INFO: [HLS 200-10] ----------------------------------------------------------------
INFO: [HLS 200-42] -- Implementing module 'localize_event_Pipeline_VITIS_LOOP_244_4' 
INFO: [HLS 200-10] ----------------------------------------------------------------
INFO: [SCHED 204-11] Starting scheduling ...
INFO: [SCHED 204-61] Pipelining loop 'VITIS_LOOP_244_4'.
INFO: [HLS 200-1470] Pipelining result : Target II = NA, Final II = 1, Depth = 1, loop 'VITIS_LOOP_244_4'
INFO: [SCHED 204-11] Finished scheduling.
INFO: [HLS 200-111] Finished Scheduling: CPU user time: 0.01 seconds. CPU system time: 0 seconds. Elapsed time: 0.02 seconds; current allocated memory: 870.965 MB.
INFO: [BIND 205-100] Starting micro-architecture generation ...
INFO: [BIND 205-101] Performing variable lifetime analysis.
INFO: [BIND 205-101] Exploring resource sharing.
INFO: [BIND 205-101] Binding ...
INFO: [BIND 205-100] Finished micro-architecture generation.
INFO: [HLS 200-111] Finished Binding: CPU user time: 0.01 seconds. CPU system time: 0 seconds. Elapsed time: 0.01 seconds; current allocated memory: 870.965 MB.
INFO: [HLS 200-10] ----------------------------------------------------------------
INFO: [HLS 200-42] -- Implementing module 'localize_event_Pipeline_VITIS_LOOP_240_3' 
INFO: [HLS 200-10] ----------------------------------------------------------------
INFO: [SCHED 204-11] Starting scheduling ...
INFO: [SCHED 204-61] Pipelining loop 'VITIS_LOOP_240_3'.
INFO: [HLS 200-1470] Pipelining result : Target II = NA, Final II = 1, Depth = 1, loop 'VITIS_LOOP_240_3'
INFO: [SCHED 204-11] Finished scheduling.
INFO: [HLS 200-111] Finished Scheduling: CPU user time: 0.01 seconds. CPU system time: 0 seconds. Elapsed time: 0.01 seconds; current allocated memory: 871.250 MB.
INFO: [BIND 205-100] Starting micro-architecture generation ...
INFO: [BIND 205-101] Performing variable lifetime analysis.
INFO: [BIND 205-101] Exploring resource sharing.
INFO: [BIND 205-101] Binding ...
INFO: [BIND 205-100] Finished micro-architecture generation.
INFO: [HLS 200-111] Finished Binding: CPU user time: 0.01 seconds. CPU system time: 0 seconds. Elapsed time: 0.01 seconds; current allocated memory: 871.250 MB.
INFO: [HLS 200-10] ----------------------------------------------------------------
INFO: [HLS 200-42] -- Implementing module 'localize_event_Pipeline_VITIS_LOOP_251_5' 
INFO: [HLS 200-10] ----------------------------------------------------------------
INFO: [SCHED 204-11] Starting scheduling ...
INFO: [SCHED 204-61] Pipelining loop 'VITIS_LOOP_251_5'.
INFO: [HLS 200-1470] Pipelining result : Target II = NA, Final II = 1, Depth = 1, loop 'VITIS_LOOP_251_5'
INFO: [SCHED 204-11] Finished scheduling.
INFO: [HLS 200-111] Finished Scheduling: CPU user time: 0.02 seconds. CPU system time: 0 seconds. Elapsed time: 0.02 seconds; current allocated memory: 871.754 MB.
INFO: [BIND 205-100] Starting micro-architecture generation ...
INFO: [BIND 205-101] Performing variable lifetime analysis.
INFO: [BIND 205-101] Exploring resource sharing.
INFO: [BIND 205-101] Binding ...
INFO: [BIND 205-100] Finished micro-architecture generation.
INFO: [HLS 200-111] Finished Binding: CPU user time: 0.01 seconds. CPU system time: 0 seconds. Elapsed time: 0.01 seconds; current allocated memory: 871.754 MB.
INFO: [HLS 200-10] ----------------------------------------------------------------
INFO: [HLS 200-42] -- Implementing module 'localize_event' 
INFO: [HLS 200-10] ----------------------------------------------------------------
INFO: [SCHED 204-11] Starting scheduling ...
INFO: [SCHED 204-11] Finished scheduling.
INFO: [HLS 200-111] Finished Scheduling: CPU user time: 0.06 seconds. CPU system time: 0.01 seconds. Elapsed time: 0.07 seconds; current allocated memory: 873.895 MB.
INFO: [BIND 205-100] Starting micro-architecture generation ...
INFO: [BIND 205-101] Performing variable lifetime analysis.
INFO: [BIND 205-101] Exploring resource sharing.
INFO: [BIND 205-101] Binding ...
INFO: [BIND 205-100] Finished micro-architecture generation.
INFO: [HLS 200-111] Finished Binding: CPU user time: 0.04 seconds. CPU system time: 0 seconds. Elapsed time: 0.07 seconds; current allocated memory: 873.895 MB.
INFO: [HLS 200-10] ----------------------------------------------------------------
INFO: [HLS 200-42] -- Implementing module 'target23_chained_taylor41_Pipeline_VITIS_LOOP_268_1' 
INFO: [HLS 200-10] ----------------------------------------------------------------
INFO: [SCHED 204-11] Starting scheduling ...
INFO: [SCHED 204-61] Pipelining loop 'VITIS_LOOP_268_1'.
INFO: [HLS 200-1470] Pipelining result : Target II = NA, Final II = 1, Depth = 2, loop 'VITIS_LOOP_268_1'
INFO: [SCHED 204-11] Finished scheduling.
INFO: [HLS 200-111] Finished Scheduling: CPU user time: 0.08 seconds. CPU system time: 0 seconds. Elapsed time: 0.08 seconds; current allocated memory: 873.895 MB.
INFO: [BIND 205-100] Starting micro-architecture generation ...
INFO: [BIND 205-101] Performing variable lifetime analysis.
INFO: [BIND 205-101] Exploring resource sharing.
INFO: [BIND 205-101] Binding ...
INFO: [BIND 205-100] Finished micro-architecture generation.
INFO: [HLS 200-111] Finished Binding: CPU user time: 0.01 seconds. CPU system time: 0 seconds. Elapsed time: 0.01 seconds; current allocated memory: 873.895 MB.
INFO: [HLS 200-10] ----------------------------------------------------------------
INFO: [HLS 200-42] -- Implementing module 'target23_chained_taylor41_Pipeline_VITIS_LOOP_268_11' 
INFO: [HLS 200-10] ----------------------------------------------------------------
INFO: [SCHED 204-11] Starting scheduling ...
INFO: [SCHED 204-61] Pipelining loop 'VITIS_LOOP_268_1'.
INFO: [HLS 200-1470] Pipelining result : Target II = NA, Final II = 1, Depth = 2, loop 'VITIS_LOOP_268_1'
INFO: [SCHED 204-11] Finished scheduling.
INFO: [HLS 200-111] Finished Scheduling: CPU user time: 0.01 seconds. CPU system time: 0 seconds. Elapsed time: 0.01 seconds; current allocated memory: 873.895 MB.
INFO: [BIND 205-100] Starting micro-architecture generation ...
INFO: [BIND 205-101] Performing variable lifetime analysis.
INFO: [BIND 205-101] Exploring resource sharing.
INFO: [BIND 205-101] Binding ...
INFO: [BIND 205-100] Finished micro-architecture generation.
INFO: [HLS 200-111] Finished Binding: CPU user time: 0 seconds. CPU system time: 0 seconds. Elapsed time: 0 seconds; current allocated memory: 873.895 MB.
INFO: [HLS 200-10] ----------------------------------------------------------------
INFO: [HLS 200-42] -- Implementing module 'target23_chained_taylor41_Pipeline_VITIS_LOOP_268_12' 
INFO: [HLS 200-10] ----------------------------------------------------------------
INFO: [SCHED 204-11] Starting scheduling ...
INFO: [SCHED 204-61] Pipelining loop 'VITIS_LOOP_268_1'.
INFO: [HLS 200-1470] Pipelining result : Target II = NA, Final II = 1, Depth = 2, loop 'VITIS_LOOP_268_1'
INFO: [SCHED 204-11] Finished scheduling.
INFO: [HLS 200-111] Finished Scheduling: CPU user time: 0.01 seconds. CPU system time: 0 seconds. Elapsed time: 0.02 seconds; current allocated memory: 873.953 MB.
INFO: [BIND 205-100] Starting micro-architecture generation ...
INFO: [BIND 205-101] Performing variable lifetime analysis.
INFO: [BIND 205-101] Exploring resource sharing.
INFO: [BIND 205-101] Binding ...
INFO: [BIND 205-100] Finished micro-architecture generation.
INFO: [HLS 200-111] Finished Binding: CPU user time: 0.01 seconds. CPU system time: 0 seconds. Elapsed time: 0 seconds; current allocated memory: 873.953 MB.
INFO: [HLS 200-10] ----------------------------------------------------------------
INFO: [HLS 200-42] -- Implementing module 'target23_chained_taylor41_Pipeline_VITIS_LOOP_268_13' 
INFO: [HLS 200-10] ----------------------------------------------------------------
INFO: [SCHED 204-11] Starting scheduling ...
INFO: [SCHED 204-61] Pipelining loop 'VITIS_LOOP_268_1'.
INFO: [HLS 200-1470] Pipelining result : Target II = NA, Final II = 1, Depth = 2, loop 'VITIS_LOOP_268_1'
INFO: [SCHED 204-11] Finished scheduling.
INFO: [HLS 200-111] Finished Scheduling: CPU user time: 0.01 seconds. CPU system time: 0.01 seconds. Elapsed time: 0.01 seconds; current allocated memory: 874.180 MB.
INFO: [BIND 205-100] Starting micro-architecture generation ...
INFO: [BIND 205-101] Performing variable lifetime analysis.
INFO: [BIND 205-101] Exploring resource sharing.
INFO: [BIND 205-101] Binding ...
INFO: [BIND 205-100] Finished micro-architecture generation.
INFO: [HLS 200-111] Finished Binding: CPU user time: 0 seconds. CPU system time: 0 seconds. Elapsed time: 0.01 seconds; current allocated memory: 874.180 MB.
INFO: [HLS 200-10] ----------------------------------------------------------------
INFO: [HLS 200-42] -- Implementing module 'target23_chained_taylor41_Pipeline_VITIS_LOOP_314_3' 
INFO: [HLS 200-10] ----------------------------------------------------------------
INFO: [SCHED 204-11] Starting scheduling ...
INFO: [SCHED 204-61] Pipelining loop 'VITIS_LOOP_314_3'.
WARNING: [HLS 200-880] The II Violation in module 'target23_chained_taylor41_Pipeline_VITIS_LOOP_314_3' (loop 'VITIS_LOOP_314_3'): Unable to enforce a carried dependence constraint (II = 1, distance = 1, offset = 1) between bus write operation ('gmem1_addr_write_ln268', hardware/fpga/u250_target23_chained_taylor41/kernel.cpp:268->hardware/fpga/u250_target23_chained_taylor41/kernel.cpp:314) on port 'gmem1' (hardware/fpga/u250_target23_chained_taylor41/kernel.cpp:268->hardware/fpga/u250_target23_chained_taylor41/kernel.cpp:314) and bus write operation ('gmem1_addr_write_ln268', hardware/fpga/u250_target23_chained_taylor41/kernel.cpp:268->hardware/fpga/u250_target23_chained_taylor41/kernel.cpp:314) on port 'gmem1' (hardware/fpga/u250_target23_chained_taylor41/kernel.cpp:268->hardware/fpga/u250_target23_chained_taylor41/kernel.cpp:314).
Resolution: For help on HLS 200-880 see docs.xilinx.com/access/sources/dita/topic?Doc_Version=2025.1%20English&url=ug1448-hls-guidance&resourceid=200-880.html
WARNING: [HLS 200-880] The II Violation in module 'target23_chained_taylor41_Pipeline_VITIS_LOOP_314_3' (loop 'VITIS_LOOP_314_3'): Unable to enforce a carried dependence constraint (II = 2, distance = 1, offset = 1) between bus write operation ('gmem1_addr_write_ln268', hardware/fpga/u250_target23_chained_taylor41/kernel.cpp:268->hardware/fpga/u250_target23_chained_taylor41/kernel.cpp:314) on port 'gmem1' (hardware/fpga/u250_target23_chained_taylor41/kernel.cpp:268->hardware/fpga/u250_target23_chained_taylor41/kernel.cpp:314) and bus write operation ('gmem1_addr_write_ln268', hardware/fpga/u250_target23_chained_taylor41/kernel.cpp:268->hardware/fpga/u250_target23_chained_taylor41/kernel.cpp:314) on port 'gmem1' (hardware/fpga/u250_target23_chained_taylor41/kernel.cpp:268->hardware/fpga/u250_target23_chained_taylor41/kernel.cpp:314).
Resolution: For help on HLS 200-880 see docs.xilinx.com/access/sources/dita/topic?Doc_Version=2025.1%20English&url=ug1448-hls-guidance&resourceid=200-880.html
WARNING: [HLS 200-880] The II Violation in module 'target23_chained_taylor41_Pipeline_VITIS_LOOP_314_3' (loop 'VITIS_LOOP_314_3'): Unable to enforce a carried dependence constraint (II = 3, distance = 1, offset = 1) between bus write operation ('gmem1_addr_write_ln268', hardware/fpga/u250_target23_chained_taylor41/kernel.cpp:268->hardware/fpga/u250_target23_chained_taylor41/kernel.cpp:314) on port 'gmem1' (hardware/fpga/u250_target23_chained_taylor41/kernel.cpp:268->hardware/fpga/u250_target23_chained_taylor41/kernel.cpp:314) and bus write operation ('gmem1_addr_write_ln268', hardware/fpga/u250_target23_chained_taylor41/kernel.cpp:268->hardware/fpga/u250_target23_chained_taylor41/kernel.cpp:314) on port 'gmem1' (hardware/fpga/u250_target23_chained_taylor41/kernel.cpp:268->hardware/fpga/u250_target23_chained_taylor41/kernel.cpp:314).
Resolution: For help on HLS 200-880 see docs.xilinx.com/access/sources/dita/topic?Doc_Version=2025.1%20English&url=ug1448-hls-guidance&resourceid=200-880.html
WARNING: [HLS 200-880] The II Violation in module 'target23_chained_taylor41_Pipeline_VITIS_LOOP_314_3' (loop 'VITIS_LOOP_314_3'): Unable to enforce a carried dependence constraint (II = 4, distance = 1, offset = 1) between bus write operation ('gmem1_addr_write_ln268', hardware/fpga/u250_target23_chained_taylor41/kernel.cpp:268->hardware/fpga/u250_target23_chained_taylor41/kernel.cpp:314) on port 'gmem1' (hardware/fpga/u250_target23_chained_taylor41/kernel.cpp:268->hardware/fpga/u250_target23_chained_taylor41/kernel.cpp:314) and bus write operation ('gmem1_addr_write_ln268', hardware/fpga/u250_target23_chained_taylor41/kernel.cpp:268->hardware/fpga/u250_target23_chained_taylor41/kernel.cpp:314) on port 'gmem1' (hardware/fpga/u250_target23_chained_taylor41/kernel.cpp:268->hardware/fpga/u250_target23_chained_taylor41/kernel.cpp:314).
Resolution: For help on HLS 200-880 see docs.xilinx.com/access/sources/dita/topic?Doc_Version=2025.1%20English&url=ug1448-hls-guidance&resourceid=200-880.html
WARNING: [HLS 200-880] The II Violation in module 'target23_chained_taylor41_Pipeline_VITIS_LOOP_314_3' (loop 'VITIS_LOOP_314_3'): Unable to enforce a carried dependence constraint (II = 5, distance = 1, offset = 1) between bus write operation ('gmem1_addr_write_ln268', hardware/fpga/u250_target23_chained_taylor41/kernel.cpp:268->hardware/fpga/u250_target23_chained_taylor41/kernel.cpp:314) on port 'gmem1' (hardware/fpga/u250_target23_chained_taylor41/kernel.cpp:268->hardware/fpga/u250_target23_chained_taylor41/kernel.cpp:314) and bus write operation ('gmem1_addr_write_ln268', hardware/fpga/u250_target23_chained_taylor41/kernel.cpp:268->hardware/fpga/u250_target23_chained_taylor41/kernel.cpp:314) on port 'gmem1' (hardware/fpga/u250_target23_chained_taylor41/kernel.cpp:268->hardware/fpga/u250_target23_chained_taylor41/kernel.cpp:314).
Resolution: For help on HLS 200-880 see docs.xilinx.com/access/sources/dita/topic?Doc_Version=2025.1%20English&url=ug1448-hls-guidance&resourceid=200-880.html
WARNING: [HLS 200-880] The II Violation in module 'target23_chained_taylor41_Pipeline_VITIS_LOOP_314_3' (loop 'VITIS_LOOP_314_3'): Unable to enforce a carried dependence constraint (II = 6, distance = 1, offset = 1) between bus write operation ('gmem1_addr_write_ln268', hardware/fpga/u250_target23_chained_taylor41/kernel.cpp:268->hardware/fpga/u250_target23_chained_taylor41/kernel.cpp:314) on port 'gmem1' (hardware/fpga/u250_target23_chained_taylor41/kernel.cpp:268->hardware/fpga/u250_target23_chained_taylor41/kernel.cpp:314) and bus write operation ('gmem1_addr_write_ln268', hardware/fpga/u250_target23_chained_taylor41/kernel.cpp:268->hardware/fpga/u250_target23_chained_taylor41/kernel.cpp:314) on port 'gmem1' (hardware/fpga/u250_target23_chained_taylor41/kernel.cpp:268->hardware/fpga/u250_target23_chained_taylor41/kernel.cpp:314).
Resolution: For help on HLS 200-880 see docs.xilinx.com/access/sources/dita/topic?Doc_Version=2025.1%20English&url=ug1448-hls-guidance&resourceid=200-880.html
INFO: [HLS 200-1470] Pipelining result : Target II = NA, Final II = 7, Depth = 8, loop 'VITIS_LOOP_314_3'
INFO: [SCHED 204-11] Finished scheduling.
INFO: [HLS 200-111] Finished Scheduling: CPU user time: 0.02 seconds. CPU system time: 0 seconds. Elapsed time: 0.02 seconds; current allocated memory: 874.707 MB.
INFO: [BIND 205-100] Starting micro-architecture generation ...
INFO: [BIND 205-101] Performing variable lifetime analysis.
INFO: [BIND 205-101] Exploring resource sharing.
INFO: [BIND 205-101] Binding ...
INFO: [BIND 205-100] Finished micro-architecture generation.
INFO: [HLS 200-111] Finished Binding: CPU user time: 0 seconds. CPU system time: 0 seconds. Elapsed time: 0 seconds; current allocated memory: 874.707 MB.
INFO: [HLS 200-10] ----------------------------------------------------------------
INFO: [HLS 200-42] -- Implementing module 'target23_chained_taylor41_Pipeline_VITIS_LOOP_268_14' 
INFO: [HLS 200-10] ----------------------------------------------------------------
INFO: [SCHED 204-11] Starting scheduling ...
INFO: [SCHED 204-61] Pipelining loop 'VITIS_LOOP_268_1'.
INFO: [HLS 200-1470] Pipelining result : Target II = NA, Final II = 1, Depth = 2, loop 'VITIS_LOOP_268_1'
INFO: [SCHED 204-11] Finished scheduling.
INFO: [HLS 200-111] Finished Scheduling: CPU user time: 0.01 seconds. CPU system time: 0.01 seconds. Elapsed time: 0.02 seconds; current allocated memory: 874.902 MB.
INFO: [BIND 205-100] Starting micro-architecture generation ...
INFO: [BIND 205-101] Performing variable lifetime analysis.
INFO: [BIND 205-101] Exploring resource sharing.
INFO: [BIND 205-101] Binding ...
INFO: [BIND 205-100] Finished micro-architecture generation.
INFO: [HLS 200-111] Finished Binding: CPU user time: 0.01 seconds. CPU system time: 0 seconds. Elapsed time: 0 seconds; current allocated memory: 874.902 MB.
INFO: [HLS 200-10] ----------------------------------------------------------------
INFO: [HLS 200-42] -- Implementing module 'target23_chained_taylor41_Pipeline_VITIS_LOOP_268_15' 
INFO: [HLS 200-10] ----------------------------------------------------------------
INFO: [SCHED 204-11] Starting scheduling ...
INFO: [SCHED 204-61] Pipelining loop 'VITIS_LOOP_268_1'.
INFO: [HLS 200-1470] Pipelining result : Target II = NA, Final II = 1, Depth = 2, loop 'VITIS_LOOP_268_1'
INFO: [SCHED 204-11] Finished scheduling.
INFO: [HLS 200-111] Finished Scheduling: CPU user time: 0 seconds. CPU system time: 0 seconds. Elapsed time: 0.01 seconds; current allocated memory: 875.145 MB.
INFO: [BIND 205-100] Starting micro-architecture generation ...
INFO: [BIND 205-101] Performing variable lifetime analysis.
INFO: [BIND 205-101] Exploring resource sharing.
INFO: [BIND 205-101] Binding ...
INFO: [BIND 205-100] Finished micro-architecture generation.
INFO: [HLS 200-111] Finished Binding: CPU user time: 0.01 seconds. CPU system time: 0 seconds. Elapsed time: 0.01 seconds; current allocated memory: 875.145 MB.
INFO: [HLS 200-10] ----------------------------------------------------------------
INFO: [HLS 200-42] -- Implementing module 'target23_chained_taylor41_Pipeline_VITIS_LOOP_318_4' 
INFO: [HLS 200-10] ----------------------------------------------------------------
INFO: [SCHED 204-11] Starting scheduling ...
INFO: [SCHED 204-61] Pipelining loop 'VITIS_LOOP_318_4'.
INFO: [HLS 200-1470] Pipelining result : Target II = NA, Final II = 1, Depth = 1, loop 'VITIS_LOOP_318_4'
INFO: [SCHED 204-11] Finished scheduling.
INFO: [HLS 200-111] Finished Scheduling: CPU user time: 0.01 seconds. CPU system time: 0 seconds. Elapsed time: 0.01 seconds; current allocated memory: 875.496 MB.
INFO: [BIND 205-100] Starting micro-architecture generation ...
INFO: [BIND 205-101] Performing variable lifetime analysis.
INFO: [BIND 205-101] Exploring resource sharing.
INFO: [BIND 205-101] Binding ...
INFO: [BIND 205-100] Finished micro-architecture generation.
INFO: [HLS 200-111] Finished Binding: CPU user time: 0 seconds. CPU system time: 0 seconds. Elapsed time: 0.01 seconds; current allocated memory: 875.496 MB.
INFO: [HLS 200-10] ----------------------------------------------------------------
INFO: [HLS 200-42] -- Implementing module 'target23_chained_taylor41' 
INFO: [HLS 200-10] ----------------------------------------------------------------
INFO: [SCHED 204-11] Starting scheduling ...
INFO: [SCHED 204-11] Finished scheduling.
INFO: [HLS 200-111] Finished Scheduling: CPU user time: 0.11 seconds. CPU system time: 0.02 seconds. Elapsed time: 0.11 seconds; current allocated memory: 879.668 MB.
INFO: [BIND 205-100] Starting micro-architecture generation ...
INFO: [BIND 205-101] Performing variable lifetime analysis.
INFO: [BIND 205-101] Exploring resource sharing.
INFO: [BIND 205-101] Binding ...
INFO: [BIND 205-100] Starting global binding ...
INFO: [BIND 205-100] Finished micro-architecture generation.
INFO: [HLS 200-111] Finished Binding: CPU user time: 0.55 seconds. CPU system time: 0.02 seconds. Elapsed time: 0.57 seconds; current allocated memory: 888.359 MB.
INFO: [HLS 200-10] ----------------------------------------------------------------
INFO: [HLS 200-10] -- Generating RTL for module 'load_q' 
INFO: [HLS 200-10] ----------------------------------------------------------------
INFO: [HLS 200-1030] Apply Unified Pipeline Control on module 'load_q' pipeline 'load_q' pipeline type 'function pipeline'
INFO: [RTGEN 206-100] Finished creating RTL model for 'load_q'.
INFO: [HLS 200-111] Finished Creating RTL model: CPU user time: 0.2 seconds. CPU system time: 0 seconds. Elapsed time: 0.2 seconds; current allocated memory: 888.750 MB.
INFO: [HLS 200-10] ----------------------------------------------------------------
INFO: [HLS 200-10] -- Generating RTL for module 'target23_chained_taylor41_Pipeline_VITIS_LOOP_285_1' 
INFO: [HLS 200-10] ----------------------------------------------------------------
INFO: [HLS 200-1030] Apply Unified Pipeline Control on module 'target23_chained_taylor41_Pipeline_VITIS_LOOP_285_1' pipeline 'VITIS_LOOP_285_1' pipeline type 'loop pipeline'
INFO: [RTGEN 206-100] Finished creating RTL model for 'target23_chained_taylor41_Pipeline_VITIS_LOOP_285_1'.
INFO: [HLS 200-111] Finished Creating RTL model: CPU user time: 0.1 seconds. CPU system time: 0 seconds. Elapsed time: 0.12 seconds; current allocated memory: 891.598 MB.
INFO: [HLS 200-10] ----------------------------------------------------------------
INFO: [HLS 200-10] -- Generating RTL for module 'advance_Pipeline_VITIS_LOOP_187_1' 
INFO: [HLS 200-10] ----------------------------------------------------------------
INFO: [RTGEN 206-100] Generating core module 'sparsemux_9_2_224_1_1': 1 instance(s).
INFO: [RTGEN 206-100] Finished creating RTL model for 'advance_Pipeline_VITIS_LOOP_187_1'.
INFO: [HLS 200-111] Finished Creating RTL model: CPU user time: 0.05 seconds. CPU system time: 0.01 seconds. Elapsed time: 0.05 seconds; current allocated memory: 892.824 MB.
INFO: [HLS 200-10] ----------------------------------------------------------------
INFO: [HLS 200-10] -- Generating RTL for module 'close_box_Pipeline_VITIS_LOOP_103_1' 
INFO: [HLS 200-10] ----------------------------------------------------------------
INFO: [RTGEN 206-100] Generating core module 'sparsemux_9_2_224_1_1': 2 instance(s).
INFO: [RTGEN 206-100] Finished creating RTL model for 'close_box_Pipeline_VITIS_LOOP_103_1'.
INFO: [HLS 200-111] Finished Creating RTL model: CPU user time: 0.04 seconds. CPU system time: 0 seconds. Elapsed time: 0.13 seconds; current allocated memory: 894.984 MB.
INFO: [HLS 200-10] ----------------------------------------------------------------
INFO: [HLS 200-10] -- Generating RTL for module 'times_i' 
INFO: [HLS 200-10] ----------------------------------------------------------------
INFO: [RTGEN 206-100] Generating core module 'mul_224s_224s_448_2_0': 4 instance(s).
INFO: [RTGEN 206-100] Finished creating RTL model for 'times_i'.
INFO: [HLS 200-111] Finished Creating RTL model: CPU user time: 0.03 seconds. CPU system time: 0.01 seconds. Elapsed time: 0.13 seconds; current allocated memory: 896.109 MB.
INFO: [HLS 200-10] ----------------------------------------------------------------
INFO: [HLS 200-10] -- Generating RTL for module 'field' 
INFO: [HLS 200-10] ----------------------------------------------------------------
INFO: [RTGEN 206-104] Estimated max fanout for 'field' is 7618 from HDL expression: (1'b0 == ap_block_pp0_stage0_11001)
INFO: [RTGEN 206-100] Finished creating RTL model for 'field'.
INFO: [HLS 200-111] Finished Creating RTL model: CPU user time: 0.05 seconds. CPU system time: 0 seconds. Elapsed time: 0.36 seconds; current allocated memory: 897.566 MB.
INFO: [HLS 200-10] ----------------------------------------------------------------
INFO: [HLS 200-10] -- Generating RTL for module 'close_box_Pipeline_VITIS_LOOP_107_2' 
INFO: [HLS 200-10] ----------------------------------------------------------------
INFO: [RTGEN 206-104] Estimated max fanout for 'close_box_Pipeline_VITIS_LOOP_107_2' is 17506 from HDL expression: ((1'b1 == ap_CS_fsm_state13) | (1'b1 == ap_CS_fsm_state12) | (1'b1 == ap_CS_fsm_state11) | (1'b1 == ap_CS_fsm_state10) | (1'b1 == ap_CS_fsm_state14))
INFO: [RTGEN 206-100] Finished creating RTL model for 'close_box_Pipeline_VITIS_LOOP_107_2'.
INFO: [HLS 200-111] Finished Creating RTL model: CPU user time: 0.05 seconds. CPU system time: 0.01 seconds. Elapsed time: 0.22 seconds; current allocated memory: 900.438 MB.
INFO: [HLS 200-10] ----------------------------------------------------------------
INFO: [HLS 200-10] -- Generating RTL for module 'close_box_Pipeline_VITIS_LOOP_120_4' 
INFO: [HLS 200-10] ----------------------------------------------------------------
INFO: [RTGEN 206-100] Generating core module 'sparsemux_9_2_224_1_1': 2 instance(s).
INFO: [RTGEN 206-100] Finished creating RTL model for 'close_box_Pipeline_VITIS_LOOP_120_4'.
INFO: [HLS 200-111] Finished Creating RTL model: CPU user time: 0.06 seconds. CPU system time: 0.01 seconds. Elapsed time: 0.06 seconds; current allocated memory: 903.301 MB.
INFO: [HLS 200-10] ----------------------------------------------------------------
INFO: [HLS 200-10] -- Generating RTL for module 'close_box_Pipeline_VITIS_LOOP_82_1' 
INFO: [HLS 200-10] ----------------------------------------------------------------
INFO: [HLS 200-1030] Apply Unified Pipeline Control on module 'close_box_Pipeline_VITIS_LOOP_82_1' pipeline 'VITIS_LOOP_82_1' pipeline type 'loop pipeline'
INFO: [RTGEN 206-100] Generating core module 'sparsemux_9_2_224_1_1': 4 instance(s).
INFO: [RTGEN 206-100] Finished creating RTL model for 'close_box_Pipeline_VITIS_LOOP_82_1'.
INFO: [HLS 200-111] Finished Creating RTL model: CPU user time: 0.05 seconds. CPU system time: 0 seconds. Elapsed time: 0.23 seconds; current allocated memory: 905.109 MB.
INFO: [HLS 200-10] ----------------------------------------------------------------
INFO: [HLS 200-10] -- Generating RTL for module 'close_box_Pipeline_VITIS_LOOP_122_5' 
INFO: [HLS 200-10] ----------------------------------------------------------------
INFO: [RTGEN 206-100] Generating core module 'sparsemux_9_2_224_1_1': 4 instance(s).
INFO: [RTGEN 206-100] Finished creating RTL model for 'close_box_Pipeline_VITIS_LOOP_122_5'.
INFO: [HLS 200-111] Finished Creating RTL model: CPU user time: 0.04 seconds. CPU system time: 0.01 seconds. Elapsed time: 0.05 seconds; current allocated memory: 907.246 MB.
INFO: [HLS 200-10] ----------------------------------------------------------------
INFO: [HLS 200-10] -- Generating RTL for module 'close_box' 
INFO: [HLS 200-10] ----------------------------------------------------------------
INFO: [RTGEN 206-104] Estimated max fanout for 'close_box' is 8532 from HDL expression: (1'b1 == ap_CS_fsm_state4)
INFO: [RTGEN 206-100] Generating core module 'mul_223ns_224s_416_2_1': 1 instance(s).
INFO: [RTGEN 206-100] Finished creating RTL model for 'close_box'.
INFO: [HLS 200-111] Finished Creating RTL model: CPU user time: 0.07 seconds. CPU system time: 0 seconds. Elapsed time: 0.07 seconds; current allocated memory: 910.637 MB.
INFO: [HLS 200-10] ----------------------------------------------------------------
INFO: [HLS 200-10] -- Generating RTL for module 'coefficients_Pipeline_VITIS_LOOP_137_1' 
INFO: [HLS 200-10] ----------------------------------------------------------------
INFO: [RTGEN 206-100] Generating core module 'sparsemux_9_2_224_1_1': 2 instance(s).
INFO: [RTGEN 206-100] Finished creating RTL model for 'coefficients_Pipeline_VITIS_LOOP_137_1'.
INFO: [HLS 200-111] Finished Creating RTL model: CPU user time: 0.1 seconds. CPU system time: 0.01 seconds. Elapsed time: 0.12 seconds; current allocated memory: 916.848 MB.
INFO: [HLS 200-10] ----------------------------------------------------------------
INFO: [HLS 200-10] -- Generating RTL for module 'coefficients_Pipeline_VITIS_LOOP_146_4' 
INFO: [HLS 200-10] ----------------------------------------------------------------
INFO: [HLS 200-1030] Apply Unified Pipeline Control on module 'coefficients_Pipeline_VITIS_LOOP_146_4' pipeline 'VITIS_LOOP_146_4' pipeline type 'loop pipeline'
INFO: [RTGEN 206-104] Estimated max fanout for 'coefficients_Pipeline_VITIS_LOOP_146_4' is 5835 from HDL expression: ((1'b0 == ap_block_pp0_stage0_11001_ignoreCallOp287) & (1'b1 == ap_CS_fsm_pp0_stage0))
INFO: [RTGEN 206-100] Generating core module 'sparsemux_83_6_224_1_1': 8 instance(s).
INFO: [RTGEN 206-100] Finished creating RTL model for 'coefficients_Pipeline_VITIS_LOOP_146_4'.
INFO: [HLS 200-111] Finished Creating RTL model: CPU user time: 0.23 seconds. CPU system time: 0.02 seconds. Elapsed time: 0.24 seconds; current allocated memory: 925.215 MB.
INFO: [HLS 200-10] ----------------------------------------------------------------
INFO: [HLS 200-10] -- Generating RTL for module 'coefficients' 
INFO: [HLS 200-10] ----------------------------------------------------------------
INFO: [RTGEN 206-104] Estimated max fanout for 'coefficients' is 56008 from HDL expression: (1'b1 == ap_CS_fsm_state5)
INFO: [RTGEN 206-100] Generating core module 'sdiv_224ns_7ns_224_228_seq_1': 8 instance(s).
INFO: [RTGEN 206-100] Generating core module 'sparsemux_83_6_224_1_1': 6 instance(s).
INFO: [RTGEN 206-100] Generating core module 'srem_224ns_7ns_224_228_seq_1': 4 instance(s).
INFO: [RTGEN 206-100] Generating core module 'srem_224ns_7ns_7_228_seq_1': 4 instance(s).
INFO: [RTGEN 206-100] Finished creating RTL model for 'coefficients'.
INFO: [HLS 200-111] Finished Creating RTL model: CPU user time: 0.54 seconds. CPU system time: 0.04 seconds. Elapsed time: 0.58 seconds; current allocated memory: 954.707 MB.
INFO: [HLS 200-10] ----------------------------------------------------------------
INFO: [HLS 200-10] -- Generating RTL for module 'advance_Pipeline_VITIS_LOOP_204_2' 
INFO: [HLS 200-10] ----------------------------------------------------------------
INFO: [HLS 200-1030] Apply Unified Pipeline Control on module 'advance_Pipeline_VITIS_LOOP_204_2' pipeline 'VITIS_LOOP_204_2' pipeline type 'loop pipeline'
INFO: [RTGEN 206-100] Finished creating RTL model for 'advance_Pipeline_VITIS_LOOP_204_2'.
INFO: [HLS 200-111] Finished Creating RTL model: CPU user time: 0.69 seconds. CPU system time: 0.09 seconds. Elapsed time: 0.78 seconds; current allocated memory: 1014.934 MB.
INFO: [HLS 200-10] ----------------------------------------------------------------
INFO: [HLS 200-10] -- Generating RTL for module 'exp_upper_Pipeline_VITIS_LOOP_166_1' 
INFO: [HLS 200-10] ----------------------------------------------------------------
INFO: [RTGEN 206-100] Generating core module 'mul_224s_223ns_447_2_1': 1 instance(s).
INFO: [RTGEN 206-100] Generating core module 'sdiv_447ns_199ns_224_451_1': 1 instance(s).
INFO: [RTGEN 206-100] Generating core module 'srem_447ns_199ns_198_451_1': 1 instance(s).
INFO: [RTGEN 206-100] Finished creating RTL model for 'exp_upper_Pipeline_VITIS_LOOP_166_1'.
INFO: [HLS 200-111] Finished Creating RTL model: CPU user time: 0.18 seconds. CPU system time: 0 seconds. Elapsed time: 6.14 seconds; current allocated memory: 1014.934 MB.
INFO: [HLS 200-10] ----------------------------------------------------------------
INFO: [HLS 200-10] -- Generating RTL for module 'exp_upper' 
INFO: [HLS 200-10] ----------------------------------------------------------------
INFO: [RTGEN 206-100] Generating core module 'mul_223ns_225ns_447_2_1': 1 instance(s).
INFO: [RTGEN 206-100] Generating core module 'mul_224s_224ns_447_2_1': 1 instance(s).
INFO: [RTGEN 206-100] Generating core module 'mul_447s_449ns_895_2_1': 1 instance(s).
INFO: [RTGEN 206-100] Generating core module 'sdiv_416ns_219s_224_420_seq_1': 1 instance(s).
INFO: [RTGEN 206-100] Generating core module 'srem_416ns_219s_219_420_seq_1': 1 instance(s).
INFO: [RTGEN 206-100] Generating core module 'srem_447s_199ns_199_451_seq_1': 1 instance(s).
INFO: [RTGEN 206-100] Generating core module 'urem_224ns_7ns_6_228_seq_1': 1 instance(s).
INFO: [RTGEN 206-100] Finished creating RTL model for 'exp_upper'.
INFO: [HLS 200-111] Finished Creating RTL model: CPU user time: 0.23 seconds. CPU system time: 0.01 seconds. Elapsed time: 0.34 seconds; current allocated memory: 1.001 GB.
INFO: [HLS 200-10] ----------------------------------------------------------------
INFO: [HLS 200-10] -- Generating RTL for module 'advance' 
INFO: [HLS 200-10] ----------------------------------------------------------------
INFO: [RTGEN 206-104] Estimated max fanout for 'advance' is 49460 from HDL expression: (1'b1 == ap_CS_fsm_state12)
INFO: [RTGEN 206-100] Generating core module 'mul_224s_223ns_416_2_1': 1 instance(s).
INFO: [RTGEN 206-100] Generating core module 'mul_224s_224s_416_2_1': 1 instance(s).
INFO: [RTGEN 206-100] Finished creating RTL model for 'advance'.
INFO: [RTMG 210-278] Implementing memory 'target23_chained_taylor41_advance_center_coeff_lo_1_RAM_AUTO_1R1W' using auto RAMs.
INFO: [RTMG 210-278] Implementing memory 'target23_chained_taylor41_advance_center_coeff_lo_41_RAM_AUTO_0R0W' using auto RAMs.
INFO: [RTMG 210-278] Implementing memory 'target23_chained_taylor41_advance_wide_coeff_lo_41_RAM_AUTO_1R1W' using auto RAMs.
INFO: [RTMG 210-278] Implementing memory 'target23_chained_taylor41_advance_center_coeff_lo_RAM_AUTO_1R1W' using auto RAMs.
INFO: [HLS 200-111] Finished Creating RTL model: CPU user time: 0.3 seconds. CPU system time: 0.03 seconds. Elapsed time: 1.18 seconds; current allocated memory: 1.018 GB.
INFO: [HLS 200-10] ----------------------------------------------------------------
INFO: [HLS 200-10] -- Generating RTL for module 'localize_event_Pipeline_VITIS_LOOP_226_1' 
INFO: [HLS 200-10] ----------------------------------------------------------------
INFO: [RTGEN 206-100] Generating core module 'sparsemux_9_2_224_1_1': 1 instance(s).
INFO: [RTGEN 206-100] Finished creating RTL model for 'localize_event_Pipeline_VITIS_LOOP_226_1'.
INFO: [HLS 200-111] Finished Creating RTL model: CPU user time: 0.53 seconds. CPU system time: 0.03 seconds. Elapsed time: 0.57 seconds; current allocated memory: 1.030 GB.
INFO: [HLS 200-10] ----------------------------------------------------------------
INFO: [HLS 200-10] -- Generating RTL for module 'localize_event_Pipeline_VITIS_LOOP_244_4' 
INFO: [HLS 200-10] ----------------------------------------------------------------
INFO: [RTGEN 206-100] Generating core module 'sparsemux_9_2_224_1_1': 1 instance(s).
INFO: [RTGEN 206-100] Finished creating RTL model for 'localize_event_Pipeline_VITIS_LOOP_244_4'.
INFO: [HLS 200-111] Finished Creating RTL model: CPU user time: 0.04 seconds. CPU system time: 0 seconds. Elapsed time: 0.09 seconds; current allocated memory: 1.032 GB.
INFO: [HLS 200-10] ----------------------------------------------------------------
INFO: [HLS 200-10] -- Generating RTL for module 'localize_event_Pipeline_VITIS_LOOP_240_3' 
INFO: [HLS 200-10] ----------------------------------------------------------------
INFO: [RTGEN 206-100] Generating core module 'sparsemux_9_2_224_1_1': 1 instance(s).
INFO: [RTGEN 206-100] Finished creating RTL model for 'localize_event_Pipeline_VITIS_LOOP_240_3'.
INFO: [HLS 200-111] Finished Creating RTL model: CPU user time: 0.03 seconds. CPU system time: 0 seconds. Elapsed time: 0.12 seconds; current allocated memory: 1.032 GB.
INFO: [HLS 200-10] ----------------------------------------------------------------
INFO: [HLS 200-10] -- Generating RTL for module 'localize_event_Pipeline_VITIS_LOOP_251_5' 
INFO: [HLS 200-10] ----------------------------------------------------------------
INFO: [RTGEN 206-100] Generating core module 'sparsemux_9_2_224_1_1': 1 instance(s).
INFO: [RTGEN 206-100] Finished creating RTL model for 'localize_event_Pipeline_VITIS_LOOP_251_5'.
INFO: [HLS 200-111] Finished Creating RTL model: CPU user time: 0.03 seconds. CPU system time: 0.01 seconds. Elapsed time: 0.12 seconds; current allocated memory: 1.033 GB.
INFO: [HLS 200-10] ----------------------------------------------------------------
INFO: [HLS 200-10] -- Generating RTL for module 'localize_event' 
INFO: [HLS 200-10] ----------------------------------------------------------------
INFO: [RTGEN 206-104] Estimated max fanout for 'localize_event' is 5835 from HDL expression: ((1'b1 == ap_CS_fsm_state16) | (1'b1 == ap_CS_fsm_state15) | (1'b1 == ap_CS_fsm_state14) | (1'b1 == ap_CS_fsm_state13) | (1'b1 == ap_CS_fsm_state17))
INFO: [RTGEN 206-100] Finished creating RTL model for 'localize_event'.
INFO: [HLS 200-111] Finished Creating RTL model: CPU user time: 0.06 seconds. CPU system time: 0 seconds. Elapsed time: 0.09 seconds; current allocated memory: 1.035 GB.
INFO: [HLS 200-10] ----------------------------------------------------------------
INFO: [HLS 200-10] -- Generating RTL for module 'target23_chained_taylor41_Pipeline_VITIS_LOOP_268_1' 
INFO: [HLS 200-10] ----------------------------------------------------------------
INFO: [HLS 200-1030] Apply Unified Pipeline Control on module 'target23_chained_taylor41_Pipeline_VITIS_LOOP_268_1' pipeline 'VITIS_LOOP_268_1' pipeline type 'loop pipeline'
WARNING: [RTGEN 206-101] Setting dangling out port 'target23_chained_taylor41_Pipeline_VITIS_LOOP_268_1/m_axi_gmem1_0_AWVALID' to 0.
WARNING: [RTGEN 206-101] Setting dangling out port 'target23_chained_taylor41_Pipeline_VITIS_LOOP_268_1/m_axi_gmem1_0_AWADDR' to 0.
WARNING: [RTGEN 206-101] Setting dangling out port 'target23_chained_taylor41_Pipeline_VITIS_LOOP_268_1/m_axi_gmem1_0_AWID' to 0.
WARNING: [RTGEN 206-101] Setting dangling out port 'target23_chained_taylor41_Pipeline_VITIS_LOOP_268_1/m_axi_gmem1_0_AWLEN' to 0.
WARNING: [RTGEN 206-101] Setting dangling out port 'target23_chained_taylor41_Pipeline_VITIS_LOOP_268_1/m_axi_gmem1_0_AWSIZE' to 0.
WARNING: [RTGEN 206-101] Setting dangling out port 'target23_chained_taylor41_Pipeline_VITIS_LOOP_268_1/m_axi_gmem1_0_AWBURST' to 0.
WARNING: [RTGEN 206-101] Setting dangling out port 'target23_chained_taylor41_Pipeline_VITIS_LOOP_268_1/m_axi_gmem1_0_AWLOCK' to 0.
WARNING: [RTGEN 206-101] Setting dangling out port 'target23_chained_taylor41_Pipeline_VITIS_LOOP_268_1/m_axi_gmem1_0_AWCACHE' to 0.
WARNING: [RTGEN 206-101] Setting dangling out port 'target23_chained_taylor41_Pipeline_VITIS_LOOP_268_1/m_axi_gmem1_0_AWPROT' to 0.
WARNING: [RTGEN 206-101] Setting dangling out port 'target23_chained_taylor41_Pipeline_VITIS_LOOP_268_1/m_axi_gmem1_0_AWQOS' to 0.
WARNING: [RTGEN 206-101] Setting dangling out port 'target23_chained_taylor41_Pipeline_VITIS_LOOP_268_1/m_axi_gmem1_0_AWREGION' to 0.
WARNING: [RTGEN 206-101] Setting dangling out port 'target23_chained_taylor41_Pipeline_VITIS_LOOP_268_1/m_axi_gmem1_0_AWUSER' to 0.
WARNING: [RTGEN 206-101] Setting dangling out port 'target23_chained_taylor41_Pipeline_VITIS_LOOP_268_1/m_axi_gmem1_0_BREADY' to 0.
INFO: [RTGEN 206-100] Generating core module 'partselect_32ns_224ns_8ns_32_1_1': 1 instance(s).
INFO: [RTGEN 206-100] Finished creating RTL model for 'target23_chained_taylor41_Pipeline_VITIS_LOOP_268_1'.
INFO: [HLS 200-111] Finished Creating RTL model: CPU user time: 0.13 seconds. CPU system time: 0 seconds. Elapsed time: 0.61 seconds; current allocated memory: 1.040 GB.
INFO: [HLS 200-10] ----------------------------------------------------------------
INFO: [HLS 200-10] -- Generating RTL for module 'target23_chained_taylor41_Pipeline_VITIS_LOOP_268_11' 
INFO: [HLS 200-10] ----------------------------------------------------------------
INFO: [HLS 200-1030] Apply Unified Pipeline Control on module 'target23_chained_taylor41_Pipeline_VITIS_LOOP_268_11' pipeline 'VITIS_LOOP_268_1' pipeline type 'loop pipeline'
WARNING: [RTGEN 206-101] Setting dangling out port 'target23_chained_taylor41_Pipeline_VITIS_LOOP_268_11/m_axi_gmem1_0_AWVALID' to 0.
WARNING: [RTGEN 206-101] Setting dangling out port 'target23_chained_taylor41_Pipeline_VITIS_LOOP_268_11/m_axi_gmem1_0_AWADDR' to 0.
WARNING: [RTGEN 206-101] Setting dangling out port 'target23_chained_taylor41_Pipeline_VITIS_LOOP_268_11/m_axi_gmem1_0_AWID' to 0.
WARNING: [RTGEN 206-101] Setting dangling out port 'target23_chained_taylor41_Pipeline_VITIS_LOOP_268_11/m_axi_gmem1_0_AWLEN' to 0.
WARNING: [RTGEN 206-101] Setting dangling out port 'target23_chained_taylor41_Pipeline_VITIS_LOOP_268_11/m_axi_gmem1_0_AWSIZE' to 0.
WARNING: [RTGEN 206-101] Setting dangling out port 'target23_chained_taylor41_Pipeline_VITIS_LOOP_268_11/m_axi_gmem1_0_AWBURST' to 0.
WARNING: [RTGEN 206-101] Setting dangling out port 'target23_chained_taylor41_Pipeline_VITIS_LOOP_268_11/m_axi_gmem1_0_AWLOCK' to 0.
WARNING: [RTGEN 206-101] Setting dangling out port 'target23_chained_taylor41_Pipeline_VITIS_LOOP_268_11/m_axi_gmem1_0_AWCACHE' to 0.
WARNING: [RTGEN 206-101] Setting dangling out port 'target23_chained_taylor41_Pipeline_VITIS_LOOP_268_11/m_axi_gmem1_0_AWPROT' to 0.
WARNING: [RTGEN 206-101] Setting dangling out port 'target23_chained_taylor41_Pipeline_VITIS_LOOP_268_11/m_axi_gmem1_0_AWQOS' to 0.
WARNING: [RTGEN 206-101] Setting dangling out port 'target23_chained_taylor41_Pipeline_VITIS_LOOP_268_11/m_axi_gmem1_0_AWREGION' to 0.
WARNING: [RTGEN 206-101] Setting dangling out port 'target23_chained_taylor41_Pipeline_VITIS_LOOP_268_11/m_axi_gmem1_0_AWUSER' to 0.
WARNING: [RTGEN 206-101] Setting dangling out port 'target23_chained_taylor41_Pipeline_VITIS_LOOP_268_11/m_axi_gmem1_0_BREADY' to 0.
INFO: [RTGEN 206-100] Generating core module 'partselect_32ns_224ns_8ns_32_1_1': 1 instance(s).
INFO: [RTGEN 206-100] Finished creating RTL model for 'target23_chained_taylor41_Pipeline_VITIS_LOOP_268_11'.
INFO: [HLS 200-111] Finished Creating RTL model: CPU user time: 0.04 seconds. CPU system time: 0 seconds. Elapsed time: 0.04 seconds; current allocated memory: 1.041 GB.
INFO: [HLS 200-10] ----------------------------------------------------------------
INFO: [HLS 200-10] -- Generating RTL for module 'target23_chained_taylor41_Pipeline_VITIS_LOOP_268_12' 
INFO: [HLS 200-10] ----------------------------------------------------------------
INFO: [HLS 200-1030] Apply Unified Pipeline Control on module 'target23_chained_taylor41_Pipeline_VITIS_LOOP_268_12' pipeline 'VITIS_LOOP_268_1' pipeline type 'loop pipeline'
WARNING: [RTGEN 206-101] Setting dangling out port 'target23_chained_taylor41_Pipeline_VITIS_LOOP_268_12/m_axi_gmem1_0_AWVALID' to 0.
WARNING: [RTGEN 206-101] Setting dangling out port 'target23_chained_taylor41_Pipeline_VITIS_LOOP_268_12/m_axi_gmem1_0_AWADDR' to 0.
WARNING: [RTGEN 206-101] Setting dangling out port 'target23_chained_taylor41_Pipeline_VITIS_LOOP_268_12/m_axi_gmem1_0_AWID' to 0.
WARNING: [RTGEN 206-101] Setting dangling out port 'target23_chained_taylor41_Pipeline_VITIS_LOOP_268_12/m_axi_gmem1_0_AWLEN' to 0.
WARNING: [RTGEN 206-101] Setting dangling out port 'target23_chained_taylor41_Pipeline_VITIS_LOOP_268_12/m_axi_gmem1_0_AWSIZE' to 0.
WARNING: [RTGEN 206-101] Setting dangling out port 'target23_chained_taylor41_Pipeline_VITIS_LOOP_268_12/m_axi_gmem1_0_AWBURST' to 0.
WARNING: [RTGEN 206-101] Setting dangling out port 'target23_chained_taylor41_Pipeline_VITIS_LOOP_268_12/m_axi_gmem1_0_AWLOCK' to 0.
WARNING: [RTGEN 206-101] Setting dangling out port 'target23_chained_taylor41_Pipeline_VITIS_LOOP_268_12/m_axi_gmem1_0_AWCACHE' to 0.
WARNING: [RTGEN 206-101] Setting dangling out port 'target23_chained_taylor41_Pipeline_VITIS_LOOP_268_12/m_axi_gmem1_0_AWPROT' to 0.
WARNING: [RTGEN 206-101] Setting dangling out port 'target23_chained_taylor41_Pipeline_VITIS_LOOP_268_12/m_axi_gmem1_0_AWQOS' to 0.
WARNING: [RTGEN 206-101] Setting dangling out port 'target23_chained_taylor41_Pipeline_VITIS_LOOP_268_12/m_axi_gmem1_0_AWREGION' to 0.
WARNING: [RTGEN 206-101] Setting dangling out port 'target23_chained_taylor41_Pipeline_VITIS_LOOP_268_12/m_axi_gmem1_0_AWUSER' to 0.
WARNING: [RTGEN 206-101] Setting dangling out port 'target23_chained_taylor41_Pipeline_VITIS_LOOP_268_12/m_axi_gmem1_0_BREADY' to 0.
INFO: [RTGEN 206-100] Generating core module 'partselect_32ns_224ns_8ns_32_1_1': 1 instance(s).
INFO: [RTGEN 206-100] Finished creating RTL model for 'target23_chained_taylor41_Pipeline_VITIS_LOOP_268_12'.
INFO: [HLS 200-111] Finished Creating RTL model: CPU user time: 0.03 seconds. CPU system time: 0 seconds. Elapsed time: 0.3 seconds; current allocated memory: 1.041 GB.
INFO: [HLS 200-10] ----------------------------------------------------------------
INFO: [HLS 200-10] -- Generating RTL for module 'target23_chained_taylor41_Pipeline_VITIS_LOOP_268_13' 
INFO: [HLS 200-10] ----------------------------------------------------------------
INFO: [HLS 200-1030] Apply Unified Pipeline Control on module 'target23_chained_taylor41_Pipeline_VITIS_LOOP_268_13' pipeline 'VITIS_LOOP_268_1' pipeline type 'loop pipeline'
WARNING: [RTGEN 206-101] Setting dangling out port 'target23_chained_taylor41_Pipeline_VITIS_LOOP_268_13/m_axi_gmem1_0_AWVALID' to 0.
WARNING: [RTGEN 206-101] Setting dangling out port 'target23_chained_taylor41_Pipeline_VITIS_LOOP_268_13/m_axi_gmem1_0_AWADDR' to 0.
WARNING: [RTGEN 206-101] Setting dangling out port 'target23_chained_taylor41_Pipeline_VITIS_LOOP_268_13/m_axi_gmem1_0_AWID' to 0.
WARNING: [RTGEN 206-101] Setting dangling out port 'target23_chained_taylor41_Pipeline_VITIS_LOOP_268_13/m_axi_gmem1_0_AWLEN' to 0.
WARNING: [RTGEN 206-101] Setting dangling out port 'target23_chained_taylor41_Pipeline_VITIS_LOOP_268_13/m_axi_gmem1_0_AWSIZE' to 0.
WARNING: [RTGEN 206-101] Setting dangling out port 'target23_chained_taylor41_Pipeline_VITIS_LOOP_268_13/m_axi_gmem1_0_AWBURST' to 0.
WARNING: [RTGEN 206-101] Setting dangling out port 'target23_chained_taylor41_Pipeline_VITIS_LOOP_268_13/m_axi_gmem1_0_AWLOCK' to 0.
WARNING: [RTGEN 206-101] Setting dangling out port 'target23_chained_taylor41_Pipeline_VITIS_LOOP_268_13/m_axi_gmem1_0_AWCACHE' to 0.
WARNING: [RTGEN 206-101] Setting dangling out port 'target23_chained_taylor41_Pipeline_VITIS_LOOP_268_13/m_axi_gmem1_0_AWPROT' to 0.
WARNING: [RTGEN 206-101] Setting dangling out port 'target23_chained_taylor41_Pipeline_VITIS_LOOP_268_13/m_axi_gmem1_0_AWQOS' to 0.
WARNING: [RTGEN 206-101] Setting dangling out port 'target23_chained_taylor41_Pipeline_VITIS_LOOP_268_13/m_axi_gmem1_0_AWREGION' to 0.
WARNING: [RTGEN 206-101] Setting dangling out port 'target23_chained_taylor41_Pipeline_VITIS_LOOP_268_13/m_axi_gmem1_0_AWUSER' to 0.
WARNING: [RTGEN 206-101] Setting dangling out port 'target23_chained_taylor41_Pipeline_VITIS_LOOP_268_13/m_axi_gmem1_0_BREADY' to 0.
INFO: [RTGEN 206-100] Generating core module 'partselect_32ns_224ns_8ns_32_1_1': 1 instance(s).
INFO: [RTGEN 206-100] Finished creating RTL model for 'target23_chained_taylor41_Pipeline_VITIS_LOOP_268_13'.
INFO: [HLS 200-111] Finished Creating RTL model: CPU user time: 0.03 seconds. CPU system time: 0.01 seconds. Elapsed time: 0.18 seconds; current allocated memory: 1.042 GB.
INFO: [HLS 200-10] ----------------------------------------------------------------
INFO: [HLS 200-10] -- Generating RTL for module 'target23_chained_taylor41_Pipeline_VITIS_LOOP_314_3' 
INFO: [HLS 200-10] ----------------------------------------------------------------
INFO: [HLS 200-1030] Apply Unified Pipeline Control on module 'target23_chained_taylor41_Pipeline_VITIS_LOOP_314_3' pipeline 'VITIS_LOOP_314_3' pipeline type 'loop pipeline'
WARNING: [RTGEN 206-101] Setting dangling out port 'target23_chained_taylor41_Pipeline_VITIS_LOOP_314_3/m_axi_gmem1_0_AWVALID' to 0.
WARNING: [RTGEN 206-101] Setting dangling out port 'target23_chained_taylor41_Pipeline_VITIS_LOOP_314_3/m_axi_gmem1_0_AWADDR' to 0.
WARNING: [RTGEN 206-101] Setting dangling out port 'target23_chained_taylor41_Pipeline_VITIS_LOOP_314_3/m_axi_gmem1_0_AWID' to 0.
WARNING: [RTGEN 206-101] Setting dangling out port 'target23_chained_taylor41_Pipeline_VITIS_LOOP_314_3/m_axi_gmem1_0_AWLEN' to 0.
WARNING: [RTGEN 206-101] Setting dangling out port 'target23_chained_taylor41_Pipeline_VITIS_LOOP_314_3/m_axi_gmem1_0_AWSIZE' to 0.
WARNING: [RTGEN 206-101] Setting dangling out port 'target23_chained_taylor41_Pipeline_VITIS_LOOP_314_3/m_axi_gmem1_0_AWBURST' to 0.
WARNING: [RTGEN 206-101] Setting dangling out port 'target23_chained_taylor41_Pipeline_VITIS_LOOP_314_3/m_axi_gmem1_0_AWLOCK' to 0.
WARNING: [RTGEN 206-101] Setting dangling out port 'target23_chained_taylor41_Pipeline_VITIS_LOOP_314_3/m_axi_gmem1_0_AWCACHE' to 0.
WARNING: [RTGEN 206-101] Setting dangling out port 'target23_chained_taylor41_Pipeline_VITIS_LOOP_314_3/m_axi_gmem1_0_AWPROT' to 0.
WARNING: [RTGEN 206-101] Setting dangling out port 'target23_chained_taylor41_Pipeline_VITIS_LOOP_314_3/m_axi_gmem1_0_AWQOS' to 0.
WARNING: [RTGEN 206-101] Setting dangling out port 'target23_chained_taylor41_Pipeline_VITIS_LOOP_314_3/m_axi_gmem1_0_AWREGION' to 0.
WARNING: [RTGEN 206-101] Setting dangling out port 'target23_chained_taylor41_Pipeline_VITIS_LOOP_314_3/m_axi_gmem1_0_AWUSER' to 0.
WARNING: [RTGEN 206-101] Setting dangling out port 'target23_chained_taylor41_Pipeline_VITIS_LOOP_314_3/m_axi_gmem1_0_BREADY' to 0.
INFO: [RTGEN 206-100] Generating core module 'sparsemux_9_2_224_1_1': 1 instance(s).
INFO: [RTGEN 206-100] Finished creating RTL model for 'target23_chained_taylor41_Pipeline_VITIS_LOOP_314_3'.
INFO: [HLS 200-111] Finished Creating RTL model: CPU user time: 0.04 seconds. CPU system time: 0 seconds. Elapsed time: 0.08 seconds; current allocated memory: 1.043 GB.
INFO: [HLS 200-10] ----------------------------------------------------------------
INFO: [HLS 200-10] -- Generating RTL for module 'target23_chained_taylor41_Pipeline_VITIS_LOOP_268_14' 
INFO: [HLS 200-10] ----------------------------------------------------------------
INFO: [HLS 200-1030] Apply Unified Pipeline Control on module 'target23_chained_taylor41_Pipeline_VITIS_LOOP_268_14' pipeline 'VITIS_LOOP_268_1' pipeline type 'loop pipeline'
WARNING: [RTGEN 206-101] Setting dangling out port 'target23_chained_taylor41_Pipeline_VITIS_LOOP_268_14/m_axi_gmem1_0_AWVALID' to 0.
WARNING: [RTGEN 206-101] Setting dangling out port 'target23_chained_taylor41_Pipeline_VITIS_LOOP_268_14/m_axi_gmem1_0_AWADDR' to 0.
WARNING: [RTGEN 206-101] Setting dangling out port 'target23_chained_taylor41_Pipeline_VITIS_LOOP_268_14/m_axi_gmem1_0_AWID' to 0.
WARNING: [RTGEN 206-101] Setting dangling out port 'target23_chained_taylor41_Pipeline_VITIS_LOOP_268_14/m_axi_gmem1_0_AWLEN' to 0.
WARNING: [RTGEN 206-101] Setting dangling out port 'target23_chained_taylor41_Pipeline_VITIS_LOOP_268_14/m_axi_gmem1_0_AWSIZE' to 0.
WARNING: [RTGEN 206-101] Setting dangling out port 'target23_chained_taylor41_Pipeline_VITIS_LOOP_268_14/m_axi_gmem1_0_AWBURST' to 0.
WARNING: [RTGEN 206-101] Setting dangling out port 'target23_chained_taylor41_Pipeline_VITIS_LOOP_268_14/m_axi_gmem1_0_AWLOCK' to 0.
WARNING: [RTGEN 206-101] Setting dangling out port 'target23_chained_taylor41_Pipeline_VITIS_LOOP_268_14/m_axi_gmem1_0_AWCACHE' to 0.
WARNING: [RTGEN 206-101] Setting dangling out port 'target23_chained_taylor41_Pipeline_VITIS_LOOP_268_14/m_axi_gmem1_0_AWPROT' to 0.
WARNING: [RTGEN 206-101] Setting dangling out port 'target23_chained_taylor41_Pipeline_VITIS_LOOP_268_14/m_axi_gmem1_0_AWQOS' to 0.
WARNING: [RTGEN 206-101] Setting dangling out port 'target23_chained_taylor41_Pipeline_VITIS_LOOP_268_14/m_axi_gmem1_0_AWREGION' to 0.
WARNING: [RTGEN 206-101] Setting dangling out port 'target23_chained_taylor41_Pipeline_VITIS_LOOP_268_14/m_axi_gmem1_0_AWUSER' to 0.
WARNING: [RTGEN 206-101] Setting dangling out port 'target23_chained_taylor41_Pipeline_VITIS_LOOP_268_14/m_axi_gmem1_0_BREADY' to 0.
INFO: [RTGEN 206-100] Generating core module 'partselect_32ns_224ns_8ns_32_1_1': 1 instance(s).
INFO: [RTGEN 206-100] Finished creating RTL model for 'target23_chained_taylor41_Pipeline_VITIS_LOOP_268_14'.
INFO: [HLS 200-111] Finished Creating RTL model: CPU user time: 0.03 seconds. CPU system time: 0.01 seconds. Elapsed time: 0.07 seconds; current allocated memory: 1.045 GB.
INFO: [HLS 200-10] ----------------------------------------------------------------
INFO: [HLS 200-10] -- Generating RTL for module 'target23_chained_taylor41_Pipeline_VITIS_LOOP_268_15' 
INFO: [HLS 200-10] ----------------------------------------------------------------
INFO: [HLS 200-1030] Apply Unified Pipeline Control on module 'target23_chained_taylor41_Pipeline_VITIS_LOOP_268_15' pipeline 'VITIS_LOOP_268_1' pipeline type 'loop pipeline'
WARNING: [RTGEN 206-101] Setting dangling out port 'target23_chained_taylor41_Pipeline_VITIS_LOOP_268_15/m_axi_gmem1_0_AWVALID' to 0.
WARNING: [RTGEN 206-101] Setting dangling out port 'target23_chained_taylor41_Pipeline_VITIS_LOOP_268_15/m_axi_gmem1_0_AWADDR' to 0.
WARNING: [RTGEN 206-101] Setting dangling out port 'target23_chained_taylor41_Pipeline_VITIS_LOOP_268_15/m_axi_gmem1_0_AWID' to 0.
WARNING: [RTGEN 206-101] Setting dangling out port 'target23_chained_taylor41_Pipeline_VITIS_LOOP_268_15/m_axi_gmem1_0_AWLEN' to 0.
WARNING: [RTGEN 206-101] Setting dangling out port 'target23_chained_taylor41_Pipeline_VITIS_LOOP_268_15/m_axi_gmem1_0_AWSIZE' to 0.
WARNING: [RTGEN 206-101] Setting dangling out port 'target23_chained_taylor41_Pipeline_VITIS_LOOP_268_15/m_axi_gmem1_0_AWBURST' to 0.
WARNING: [RTGEN 206-101] Setting dangling out port 'target23_chained_taylor41_Pipeline_VITIS_LOOP_268_15/m_axi_gmem1_0_AWLOCK' to 0.
WARNING: [RTGEN 206-101] Setting dangling out port 'target23_chained_taylor41_Pipeline_VITIS_LOOP_268_15/m_axi_gmem1_0_AWCACHE' to 0.
WARNING: [RTGEN 206-101] Setting dangling out port 'target23_chained_taylor41_Pipeline_VITIS_LOOP_268_15/m_axi_gmem1_0_AWPROT' to 0.
WARNING: [RTGEN 206-101] Setting dangling out port 'target23_chained_taylor41_Pipeline_VITIS_LOOP_268_15/m_axi_gmem1_0_AWQOS' to 0.
WARNING: [RTGEN 206-101] Setting dangling out port 'target23_chained_taylor41_Pipeline_VITIS_LOOP_268_15/m_axi_gmem1_0_AWREGION' to 0.
WARNING: [RTGEN 206-101] Setting dangling out port 'target23_chained_taylor41_Pipeline_VITIS_LOOP_268_15/m_axi_gmem1_0_AWUSER' to 0.
WARNING: [RTGEN 206-101] Setting dangling out port 'target23_chained_taylor41_Pipeline_VITIS_LOOP_268_15/m_axi_gmem1_0_BREADY' to 0.
INFO: [RTGEN 206-100] Generating core module 'partselect_32ns_224s_8ns_32_1_1': 1 instance(s).
INFO: [RTGEN 206-100] Finished creating RTL model for 'target23_chained_taylor41_Pipeline_VITIS_LOOP_268_15'.
INFO: [HLS 200-111] Finished Creating RTL model: CPU user time: 0.03 seconds. CPU system time: 0.01 seconds. Elapsed time: 0.05 seconds; current allocated memory: 1.045 GB.
INFO: [HLS 200-10] ----------------------------------------------------------------
INFO: [HLS 200-10] -- Generating RTL for module 'target23_chained_taylor41_Pipeline_VITIS_LOOP_318_4' 
INFO: [HLS 200-10] ----------------------------------------------------------------
INFO: [RTGEN 206-100] Generating core module 'sparsemux_9_2_224_1_1': 1 instance(s).
INFO: [RTGEN 206-100] Finished creating RTL model for 'target23_chained_taylor41_Pipeline_VITIS_LOOP_318_4'.
INFO: [HLS 200-111] Finished Creating RTL model: CPU user time: 0.02 seconds. CPU system time: 0.01 seconds. Elapsed time: 0.15 seconds; current allocated memory: 1.046 GB.
INFO: [HLS 200-10] ----------------------------------------------------------------
INFO: [HLS 200-10] -- Generating RTL for module 'target23_chained_taylor41' 
INFO: [HLS 200-10] ----------------------------------------------------------------
WARNING: [RTGEN 206-101] Design contains AXI ports. Reset is fixed to synchronous and active low.
INFO: [RTGEN 206-500] Setting interface mode on port 'target23_chained_taylor41/gmem0' to 'm_axi'.
INFO: [RTGEN 206-500] Setting interface mode on port 'target23_chained_taylor41/gmem1' to 'm_axi'.
INFO: [RTGEN 206-500] Setting interface mode on port 'target23_chained_taylor41/input_r' to 's_axilite & ap_none'.
INFO: [RTGEN 206-500] Setting interface mode on port 'target23_chained_taylor41/output_r' to 's_axilite & ap_none'.
INFO: [RTGEN 206-500] Setting interface mode on port 'target23_chained_taylor41/partition' to 's_axilite & ap_none'.
INFO: [RTGEN 206-500] Setting interface mode on function 'target23_chained_taylor41' to 's_axilite & ap_ctrl_chain'.
INFO: [RTGEN 206-100] Bundling port 'input_r', 'output_r', 'partition' and 'return' to AXI-Lite port control.
INFO: [RTGEN 206-100] Finished creating RTL model for 'target23_chained_taylor41'.
INFO: [HLS 200-111] Finished Creating RTL model: CPU user time: 2.46 seconds. CPU system time: 0.05 seconds. Elapsed time: 2.65 seconds; current allocated memory: 1.083 GB.
INFO: [HLS 200-111] Finished Generating all RTL models: CPU user time: 0.84 seconds. CPU system time: 0.06 seconds. Elapsed time: 7.77 seconds; current allocated memory: 1.092 GB.
INFO: [HLS 200-1603] Design has inferred MAXI bursts and missed bursts, see Vitis HLS GUI synthesis summary report for detailed information.
INFO: [HLS 200-111] Finished Updating report files: CPU user time: 1.08 seconds. CPU system time: 0.07 seconds. Elapsed time: 1.15 seconds; current allocated memory: 1.115 GB.
INFO: [VHDL 208-304] Generating VHDL RTL for target23_chained_taylor41.
INFO: [VLOG 209-307] Generating Verilog RTL for target23_chained_taylor41.
INFO: [HLS 200-790] **** Loop Constraint Status: All loop constraints were NOT satisfied.
INFO: [HLS 200-789] **** Estimated Fmax: 136.99 MHz
INFO: [HLS 200-2161] Finished Command csynth_design Elapsed time: 00:00:54; Allocated memory: 700.625 MB.
INFO: [HLS 200-1510] Running: close_project 
INFO: [HLS 200-112] Total CPU user time: 30.17 seconds. Total CPU system time: 2.45 seconds. Total elapsed time: 60.8 seconds; peak allocated memory: 1.115 GB.
INFO: [vitis-run 60-791] Total elapsed time: 0h 1m 2s
INFO: [vitis-run 60-1662] Stopping dispatch session having empty uuid.

