
****** vitis-run v2025.1 (64-bit)
  **** SW Build 6137779 on 2025-05-21-18:10:03
  **** Start of session at: Tue Aug  4 09:53:15 2026
    ** Copyright 1986-2022 Xilinx, Inc. All Rights Reserved.
    ** Copyright 2022-2025 Advanced Micro Devices, Inc. All Rights Reserved.

  **** HLS Build v2025.1 6135595
Sourcing Tcl script '/home/devsounio/cs6_chained_taylor41_20260804/hardware/fpga/u250_target23_chained_taylor41/run_hls_csynth.tcl'
INFO: [HLS 200-1510] Running: open_project -reset target23_chained_taylor41_synth 
WARNING: [HLS 200-2182] The 'target23_chained_taylor41_synth' project will not automatically appear within Vitis IDE workspaces and is meant only for TCL batch use.  Please use open_component instead of open_project/open_solution to generate Vitis IDE compatible component files and directory structure.
Resolution: For help on HLS 200-2182 see docs.xilinx.com/access/sources/dita/topic?Doc_Version=2025.1%20English&url=ug1448-hls-guidance&resourceid=200-2182.html
INFO: [HLS 200-10] Opening and resetting solution '/home/devsounio/cs6_chained_taylor41_20260804/target23_chained_taylor41_synth'.
INFO: [HLS 200-1510] Running: set_top target23_chained_taylor41 
INFO: [HLS 200-1510] Running: add_files /home/devsounio/cs6_chained_taylor41_20260804/hardware/fpga/u250_target23_chained_taylor41/kernel.cpp 
INFO: [HLS 200-10] Adding design file '/home/devsounio/cs6_chained_taylor41_20260804/hardware/fpga/u250_target23_chained_taylor41/kernel.cpp' to the project
INFO: [HLS 200-1510] Running: open_solution -reset solution -flow_target vitis 
INFO: [HLS 200-10] Creating and opening solution '/home/devsounio/cs6_chained_taylor41_20260804/target23_chained_taylor41_synth/solution'.
INFO: [HLS 200-10] Cleaning up the solution database.
INFO: [HLS 200-1505] Using flow_target 'vitis'
Resolution: For help on HLS 200-1505 see docs.xilinx.com/access/sources/dita/topic?Doc_Version=2025.1%20English&url=ug1448-hls-guidance&resourceid=200-1505.html
INFO: [HLS 200-435] Setting 'open_solution -flow_target vitis' configuration: config_interface -m_axi_latency=64
INFO: [HLS 200-435] Setting 'open_solution -flow_target vitis' configuration: config_interface -m_axi_alignment_byte_size=64
INFO: [HLS 200-435] Setting 'open_solution -flow_target vitis' configuration: config_interface -m_axi_max_widen_bitwidth=512
INFO: [HLS 200-435] Setting 'open_solution -flow_target vitis' configuration: config_rtl -register_reset_num=3
INFO: [HLS 200-1510] Running: set_part xcu250-figd2104-2L-e 
INFO: [HLS 200-1611] Setting target device to 'xcu250-figd2104-2L-e'
INFO: [HLS 200-1510] Running: create_clock -period 10.0 -name default 
INFO: [SYN 201-201] Setting up clock 'default' with a period of 10ns.
INFO: [HLS 200-1510] Running: csynth_design 
INFO: [HLS 200-111] Finished File checks and directory preparation: CPU user time: 0.36 seconds. CPU system time: 0.07 seconds. Elapsed time: 0.43 seconds; current allocated memory: 440.992 MB.
INFO: [HLS 200-10] Analyzing design file 'hardware/fpga/u250_target23_chained_taylor41/kernel.cpp' ... 
INFO: [HLS 200-111] Finished Source Code Analysis and Preprocessing: CPU user time: 2.44 seconds. CPU system time: 0.56 seconds. Elapsed time: 3.59 seconds; current allocated memory: 443.613 MB.
INFO: [HLS 200-777] Using interface defaults for 'Vitis' flow target.
WARNING: [HLS 200-1995] There were 334,385 instructions in the design after the 'Compile/Link' phase of compilation. See the Design Size Report for more details (/home/devsounio/cs6_chained_taylor41_20260804/target23_chained_taylor41_synth/solution/syn/report/csynth_design_size.rpt:2)
INFO: [HLS 200-1995] There were 22,142 instructions in the design after the 'Unroll/Inline (step 1)' phase of compilation. See the Design Size Report for more details (/home/devsounio/cs6_chained_taylor41_20260804/target23_chained_taylor41_synth/solution/syn/report/csynth_design_size.rpt:2)
INFO: [HLS 200-1995] There were 16,948 instructions in the design after the 'Unroll/Inline (step 2)' phase of compilation. See the Design Size Report for more details (/home/devsounio/cs6_chained_taylor41_20260804/target23_chained_taylor41_synth/solution/syn/report/csynth_design_size.rpt:2)
INFO: [HLS 200-1995] There were 15,860 instructions in the design after the 'Unroll/Inline (step 3)' phase of compilation. See the Design Size Report for more details (/home/devsounio/cs6_chained_taylor41_20260804/target23_chained_taylor41_synth/solution/syn/report/csynth_design_size.rpt:2)
INFO: [HLS 200-1995] There were 12,038 instructions in the design after the 'Unroll/Inline (step 4)' phase of compilation. See the Design Size Report for more details (/home/devsounio/cs6_chained_taylor41_20260804/target23_chained_taylor41_synth/solution/syn/report/csynth_design_size.rpt:2)
INFO: [HLS 200-1995] There were 10,304 instructions in the design after the 'Array/Struct (step 1)' phase of compilation. See the Design Size Report for more details (/home/devsounio/cs6_chained_taylor41_20260804/target23_chained_taylor41_synth/solution/syn/report/csynth_design_size.rpt:2)
INFO: [HLS 200-1995] There were 10,304 instructions in the design after the 'Array/Struct (step 2)' phase of compilation. See the Design Size Report for more details (/home/devsounio/cs6_chained_taylor41_20260804/target23_chained_taylor41_synth/solution/syn/report/csynth_design_size.rpt:2)
INFO: [HLS 200-1995] There were 10,304 instructions in the design after the 'Array/Struct (step 3)' phase of compilation. See the Design Size Report for more details (/home/devsounio/cs6_chained_taylor41_20260804/target23_chained_taylor41_synth/solution/syn/report/csynth_design_size.rpt:2)
INFO: [HLS 200-1995] There were 10,304 instructions in the design after the 'Array/Struct (step 4)' phase of compilation. See the Design Size Report for more details (/home/devsounio/cs6_chained_taylor41_20260804/target23_chained_taylor41_synth/solution/syn/report/csynth_design_size.rpt:2)
INFO: [HLS 200-1995] There were 10,415 instructions in the design after the 'Array/Struct (step 5)' phase of compilation. See the Design Size Report for more details (/home/devsounio/cs6_chained_taylor41_20260804/target23_chained_taylor41_synth/solution/syn/report/csynth_design_size.rpt:2)
INFO: [HLS 200-1995] There were 10,415 instructions in the design after the 'Performance (step 1)' phase of compilation. See the Design Size Report for more details (/home/devsounio/cs6_chained_taylor41_20260804/target23_chained_taylor41_synth/solution/syn/report/csynth_design_size.rpt:2)
INFO: [HLS 200-1995] There were 11,955 instructions in the design after the 'Performance (step 2)' phase of compilation. See the Design Size Report for more details (/home/devsounio/cs6_chained_taylor41_20260804/target23_chained_taylor41_synth/solution/syn/report/csynth_design_size.rpt:2)
INFO: [HLS 200-1995] There were 62,450 instructions in the design after the 'Performance (step 3)' phase of compilation. See the Design Size Report for more details (/home/devsounio/cs6_chained_taylor41_20260804/target23_chained_taylor41_synth/solution/syn/report/csynth_design_size.rpt:2)
INFO: [HLS 200-1995] There were 26,845 instructions in the design after the 'Performance (step 4)' phase of compilation. See the Design Size Report for more details (/home/devsounio/cs6_chained_taylor41_20260804/target23_chained_taylor41_synth/solution/syn/report/csynth_design_size.rpt:2)
INFO: [HLS 200-1995] There were 33,989 instructions in the design after the 'HW Transforms (step 1)' phase of compilation. See the Design Size Report for more details (/home/devsounio/cs6_chained_taylor41_20260804/target23_chained_taylor41_synth/solution/syn/report/csynth_design_size.rpt:2)
INFO: [HLS 200-1995] There were 31,844 instructions in the design after the 'HW Transforms (step 2)' phase of compilation. See the Design Size Report for more details (/home/devsounio/cs6_chained_taylor41_20260804/target23_chained_taylor41_synth/solution/syn/report/csynth_design_size.rpt:2)
INFO: [HLS 214-131] Inlining function 'localize_event(ap_int<224> const*, ap_int<224>, interval_t, ap_int<224>)' into 'target23_chained_taylor41' (hardware/fpga/u250_target23_chained_taylor41/kernel.cpp:310:17)
INFO: [HLS 214-178] Inlining function 'scaled_floor(ap_int<448>) (.144)' into 'times_i(interval_t, interval_t)' (hardware/fpga/u250_target23_chained_taylor41/kernel.cpp:50:0)
INFO: [HLS 214-178] Inlining function 'scaled_ceil(ap_int<448>) (.11.138)' into 'times_i(interval_t, interval_t)' (hardware/fpga/u250_target23_chained_taylor41/kernel.cpp:50:0)
INFO: [HLS 214-178] Inlining function 'floor_div(ap_int<224>, int) (.18.48)' into 'half_i(interval_t)' (hardware/fpga/u250_target23_chained_taylor41/kernel.cpp:47:0)
INFO: [HLS 214-178] Inlining function 'ceil_div(ap_int<224>, int) (.15.42)' into 'half_i(interval_t)' (hardware/fpga/u250_target23_chained_taylor41/kernel.cpp:47:0)
INFO: [HLS 214-178] Inlining function 'plus_i(interval_t, interval_t) (.480)' into 'field(interval_t const*, interval_t, interval_t*) (.326.332.338)' (hardware/fpga/u250_target23_chained_taylor41/kernel.cpp:70:0)
INFO: [HLS 214-178] Inlining function 'minus_i(interval_t, interval_t) (.78)' into 'field(interval_t const*, interval_t, interval_t*) (.326.332.338)' (hardware/fpga/u250_target23_chained_taylor41/kernel.cpp:70:0)
INFO: [HLS 214-178] Inlining function 'half_i(interval_t)' into 'field(interval_t const*, interval_t, interval_t*) (.326.332.338)' (hardware/fpga/u250_target23_chained_taylor41/kernel.cpp:70:0)
INFO: [HLS 214-178] Inlining function 'plus_i(interval_t, interval_t) (.480)' into 'picard_image(interval_t const*, interval_t const*, interval_t, ap_int<224>, interval_t*) (.302.717.723.730)' (hardware/fpga/u250_target23_chained_taylor41/kernel.cpp:81:0)
INFO: [HLS 214-178] Inlining function 'qabs(ap_int<224>)' into 'magnitude(interval_t)' (hardware/fpga/u250_target23_chained_taylor41/kernel.cpp:48:0)
INFO: [HLS 214-178] Inlining function 'qmax(ap_int<224>, ap_int<224>) (.248)' into 'magnitude(interval_t)' (hardware/fpga/u250_target23_chained_taylor41/kernel.cpp:48:0)
INFO: [HLS 214-178] Inlining function 'minus_i(interval_t, interval_t) (.78)' into 'ordinary_lipschitz(interval_t const*, interval_t) (.686.692.701)' (hardware/fpga/u250_target23_chained_taylor41/kernel.cpp:88:0)
INFO: [HLS 214-178] Inlining function 'plus_i(interval_t, interval_t) (.480)' into 'ordinary_lipschitz(interval_t const*, interval_t) (.686.692.701)' (hardware/fpga/u250_target23_chained_taylor41/kernel.cpp:88:0)
INFO: [HLS 214-178] Inlining function 'half_i(interval_t)' into 'ordinary_lipschitz(interval_t const*, interval_t) (.686.692.701)' (hardware/fpga/u250_target23_chained_taylor41/kernel.cpp:88:0)
INFO: [HLS 214-178] Inlining function 'ceil_div(ap_int<224>, int) (.15.42)' into 'ordinary_lipschitz(interval_t const*, interval_t) (.686.692.701)' (hardware/fpga/u250_target23_chained_taylor41/kernel.cpp:88:0)
INFO: [HLS 214-178] Inlining function 'qmax(ap_int<224>, ap_int<224>)' into 'ordinary_lipschitz(interval_t const*, interval_t) (.686.692.701)' (hardware/fpga/u250_target23_chained_taylor41/kernel.cpp:88:0)
INFO: [HLS 214-178] Inlining function 'qmax(ap_int<224>, ap_int<224>) (.248)' into 'ordinary_lipschitz(interval_t const*, interval_t) (.686.692.701)' (hardware/fpga/u250_target23_chained_taylor41/kernel.cpp:88:0)
INFO: [HLS 214-178] Inlining function 'qmin(ap_int<224>, ap_int<224>)' into 'close_box(interval_t const*, interval_t, ap_int<224>, interval_t*, int&, ap_int<224>&)' (hardware/fpga/u250_target23_chained_taylor41/kernel.cpp:104:0)
INFO: [HLS 214-178] Inlining function 'qmax(ap_int<224>, ap_int<224>) (.248)' into 'close_box(interval_t const*, interval_t, ap_int<224>, interval_t*, int&, ap_int<224>&)' (hardware/fpga/u250_target23_chained_taylor41/kernel.cpp:104:0)
INFO: [HLS 214-178] Inlining function 'scaled_ceil(ap_int<448>) (.11.138)' into 'close_box(interval_t const*, interval_t, ap_int<224>, interval_t*, int&, ap_int<224>&)' (hardware/fpga/u250_target23_chained_taylor41/kernel.cpp:104:0)
INFO: [HLS 214-178] Inlining function 'floor_div(ap_int<224>, int) (.18.48)' into 'scaled_divide(interval_t, ap_int<224>, int)' (hardware/fpga/u250_target23_chained_taylor41/kernel.cpp:65:0)
INFO: [HLS 214-178] Inlining function 'ceil_div(ap_int<224>, int) (.15.42)' into 'scaled_divide(interval_t, ap_int<224>, int)' (hardware/fpga/u250_target23_chained_taylor41/kernel.cpp:65:0)
INFO: [HLS 214-178] Inlining function 'plus_i(interval_t, interval_t) (.480)' into 'coefficients(interval_t const*, interval_t, ap_int<224>, interval_t (*) [42], int)' (hardware/fpga/u250_target23_chained_taylor41/kernel.cpp:139:0)
INFO: [HLS 214-178] Inlining function 'half_i(interval_t)' into 'coefficients(interval_t const*, interval_t, ap_int<224>, interval_t (*) [42], int)' (hardware/fpga/u250_target23_chained_taylor41/kernel.cpp:139:0)
INFO: [HLS 214-178] Inlining function 'minus_i(interval_t, interval_t) (.78)' into 'coefficients(interval_t const*, interval_t, ap_int<224>, interval_t (*) [42], int)' (hardware/fpga/u250_target23_chained_taylor41/kernel.cpp:139:0)
INFO: [HLS 214-178] Inlining function 'scaled_divide(interval_t, ap_int<224>, int)' into 'coefficients(interval_t const*, interval_t, ap_int<224>, interval_t (*) [42], int)' (hardware/fpga/u250_target23_chained_taylor41/kernel.cpp:139:0)
INFO: [HLS 214-178] Inlining function 'minus_i(interval_t, interval_t) (.78)' into 'logarithmic_norm(interval_t const*, interval_t)' (hardware/fpga/u250_target23_chained_taylor41/kernel.cpp:96:0)
INFO: [HLS 214-178] Inlining function 'magnitude(interval_t)' into 'logarithmic_norm(interval_t const*, interval_t)' (hardware/fpga/u250_target23_chained_taylor41/kernel.cpp:96:0)
INFO: [HLS 214-178] Inlining function 'plus_i(interval_t, interval_t) (.480)' into 'logarithmic_norm(interval_t const*, interval_t)' (hardware/fpga/u250_target23_chained_taylor41/kernel.cpp:96:0)
INFO: [HLS 214-178] Inlining function 'half_i(interval_t)' into 'logarithmic_norm(interval_t const*, interval_t)' (hardware/fpga/u250_target23_chained_taylor41/kernel.cpp:96:0)
INFO: [HLS 214-178] Inlining function 'ceil_div(ap_int<224>, int) (.15.42)' into 'logarithmic_norm(interval_t const*, interval_t)' (hardware/fpga/u250_target23_chained_taylor41/kernel.cpp:96:0)
INFO: [HLS 214-178] Inlining function 'qmax(ap_int<224>, ap_int<224>)' into 'logarithmic_norm(interval_t const*, interval_t)' (hardware/fpga/u250_target23_chained_taylor41/kernel.cpp:96:0)
INFO: [HLS 214-178] Inlining function 'qmax(ap_int<224>, ap_int<224>) (.248)' into 'logarithmic_norm(interval_t const*, interval_t)' (hardware/fpga/u250_target23_chained_taylor41/kernel.cpp:96:0)
INFO: [HLS 214-178] Inlining function 'ceil_wide(ap_int<448>, ap_int<448>)' into 'exp_upper(ap_int<224>)' (hardware/fpga/u250_target23_chained_taylor41/kernel.cpp:166:0)
INFO: [HLS 214-178] Inlining function 'ceil_div(ap_int<224>, int) (.15.42)' into 'exp_upper(ap_int<224>)' (hardware/fpga/u250_target23_chained_taylor41/kernel.cpp:166:0)
INFO: [HLS 214-178] Inlining function 'plus_i(interval_t, interval_t) (.480)' into 'advance(ap_int<224> const*, ap_int<224>, interval_t, ap_int<224>, ap_int<224>*, ap_int<224>&) (.746)' (hardware/fpga/u250_target23_chained_taylor41/kernel.cpp:189:0)
INFO: [HLS 214-178] Inlining function 'floor_div(ap_int<224>, int) (.18.48)' into 'advance(ap_int<224> const*, ap_int<224>, interval_t, ap_int<224>, ap_int<224>*, ap_int<224>&) (.746)' (hardware/fpga/u250_target23_chained_taylor41/kernel.cpp:189:0)
INFO: [HLS 214-178] Inlining function 'qmax(ap_int<224>, ap_int<224>)' into 'advance(ap_int<224> const*, ap_int<224>, interval_t, ap_int<224>, ap_int<224>*, ap_int<224>&) (.746)' (hardware/fpga/u250_target23_chained_taylor41/kernel.cpp:189:0)
INFO: [HLS 214-178] Inlining function 'qmax(ap_int<224>, ap_int<224>) (.248)' into 'advance(ap_int<224> const*, ap_int<224>, interval_t, ap_int<224>, ap_int<224>*, ap_int<224>&) (.746)' (hardware/fpga/u250_target23_chained_taylor41/kernel.cpp:189:0)
INFO: [HLS 214-178] Inlining function 'scaled_ceil(ap_int<448>) (.11.138)' into 'advance(ap_int<224> const*, ap_int<224>, interval_t, ap_int<224>, ap_int<224>*, ap_int<224>&) (.746)' (hardware/fpga/u250_target23_chained_taylor41/kernel.cpp:189:0)
INFO: [HLS 214-178] Inlining function 'section_sign(ap_int<224>, ap_int<224>)' into 'target23_chained_taylor41' (hardware/fpga/u250_target23_chained_taylor41/kernel.cpp:280:0)
INFO: [HLS 214-178] Inlining function 'floor_div(ap_int<224>, int) (.18.48)' into 'target23_chained_taylor41' (hardware/fpga/u250_target23_chained_taylor41/kernel.cpp:280:0)
INFO: [HLS 214-178] Inlining function 'minus_i(interval_t, interval_t) (.78)' into 'target23_chained_taylor41' (hardware/fpga/u250_target23_chained_taylor41/kernel.cpp:280:0)
INFO: [HLS 214-178] Inlining function 'store_q(ap_uint<32>*, int, ap_int<224>)' into 'target23_chained_taylor41' (hardware/fpga/u250_target23_chained_taylor41/kernel.cpp:280:0)
INFO: [HLS 214-178] Inlining function 'plus_i(interval_t, interval_t) (.480)' into 'coefficients(interval_t const*, interval_t, ap_int<224>, interval_t (*) [42], int) (.643)' (hardware/fpga/u250_target23_chained_taylor41/kernel.cpp:139:0)
INFO: [HLS 214-178] Inlining function 'half_i(interval_t)' into 'coefficients(interval_t const*, interval_t, ap_int<224>, interval_t (*) [42], int) (.643)' (hardware/fpga/u250_target23_chained_taylor41/kernel.cpp:139:0)
INFO: [HLS 214-178] Inlining function 'minus_i(interval_t, interval_t) (.78)' into 'coefficients(interval_t const*, interval_t, ap_int<224>, interval_t (*) [42], int) (.643)' (hardware/fpga/u250_target23_chained_taylor41/kernel.cpp:139:0)
INFO: [HLS 214-178] Inlining function 'scaled_divide(interval_t, ap_int<224>, int)' into 'coefficients(interval_t const*, interval_t, ap_int<224>, interval_t (*) [42], int) (.643)' (hardware/fpga/u250_target23_chained_taylor41/kernel.cpp:139:0)
INFO: [HLS 214-376] automatically set the pipeline for Loop< VITIS_LOOP_142_1> at hardware/fpga/u250_target23_chained_taylor41/kernel.cpp:142:20 
INFO: [HLS 214-376] automatically set the pipeline for Loop< VITIS_LOOP_151_4> at hardware/fpga/u250_target23_chained_taylor41/kernel.cpp:151:27 
INFO: [HLS 214-376] automatically set the pipeline for Loop< VITIS_LOOP_85_1> at hardware/fpga/u250_target23_chained_taylor41/kernel.cpp:85:22 
INFO: [HLS 214-376] automatically set the pipeline for Loop< VITIS_LOOP_107_1> at hardware/fpga/u250_target23_chained_taylor41/kernel.cpp:107:20 
INFO: [HLS 214-376] automatically set the pipeline for Loop< VITIS_LOOP_134_6> at hardware/fpga/u250_target23_chained_taylor41/kernel.cpp:134:27 
INFO: [HLS 214-376] automatically set the pipeline for Loop< VITIS_LOOP_117_3> at hardware/fpga/u250_target23_chained_taylor41/kernel.cpp:117:27 
INFO: [HLS 214-376] automatically set the pipeline for Loop< VITIS_LOOP_124_4> at hardware/fpga/u250_target23_chained_taylor41/kernel.cpp:124:31 
INFO: [HLS 214-376] automatically set the pipeline for Loop< VITIS_LOOP_126_5> at hardware/fpga/u250_target23_chained_taylor41/kernel.cpp:126:31 
INFO: [HLS 214-376] automatically set the pipeline for Loop< VITIS_LOOP_195_1> at hardware/fpga/u250_target23_chained_taylor41/kernel.cpp:195:23 
INFO: [HLS 214-376] automatically set the pipeline for Loop< VITIS_LOOP_212_2> at hardware/fpga/u250_target23_chained_taylor41/kernel.cpp:212:23 
INFO: [HLS 214-376] automatically set the pipeline for Loop< VITIS_LOOP_294_1> at hardware/fpga/u250_target23_chained_taylor41/kernel.cpp:294:23 
INFO: [HLS 214-376] automatically set the pipeline for Loop< VITIS_LOOP_327_4> at hardware/fpga/u250_target23_chained_taylor41/kernel.cpp:327:27 
INFO: [HLS 214-376] automatically set the pipeline for Loop< VITIS_LOOP_277_1> at hardware/fpga/u250_target23_chained_taylor41/kernel.cpp:277:23 
INFO: [HLS 214-376] automatically set the pipeline for Loop< VITIS_LOOP_323_3> at hardware/fpga/u250_target23_chained_taylor41/kernel.cpp:323:27 
INFO: [HLS 214-376] automatically set the pipeline for Loop< VITIS_LOOP_260_5> at hardware/fpga/u250_target23_chained_taylor41/kernel.cpp:260:23 
INFO: [HLS 214-376] automatically set the pipeline for Loop< VITIS_LOOP_249_3> at hardware/fpga/u250_target23_chained_taylor41/kernel.cpp:249:31 
INFO: [HLS 214-376] automatically set the pipeline for Loop< VITIS_LOOP_253_4> at hardware/fpga/u250_target23_chained_taylor41/kernel.cpp:253:31 
INFO: [HLS 214-376] automatically set the pipeline for Loop< VITIS_LOOP_172_1> at hardware/fpga/u250_target23_chained_taylor41/kernel.cpp:172:23 
INFO: [HLS 214-376] automatically set the pipeline for Loop< VITIS_LOOP_235_1> at hardware/fpga/u250_target23_chained_taylor41/kernel.cpp:235:23 
INFO: [HLS 214-291] Loop 'VITIS_LOOP_277_1' is marked as complete unroll implied by the pipeline pragma (hardware/fpga/u250_target23_chained_taylor41/kernel.cpp:277:23)
INFO: [HLS 214-291] Loop 'VITIS_LOOP_214_3' is marked as complete unroll implied by the pipeline pragma (hardware/fpga/u250_target23_chained_taylor41/kernel.cpp:214:27)
INFO: [HLS 214-291] Loop 'VITIS_LOOP_143_2' is marked as complete unroll implied by the pipeline pragma (hardware/fpga/u250_target23_chained_taylor41/kernel.cpp:143:27)
INFO: [HLS 214-291] Loop 'VITIS_LOOP_271_1' is marked as complete unroll implied by the pipeline pragma (hardware/fpga/u250_target23_chained_taylor41/kernel.cpp:271:23)
INFO: [HLS 214-186] Unrolling loop 'VITIS_LOOP_277_1' (hardware/fpga/u250_target23_chained_taylor41/kernel.cpp:277:23) in function 'target23_chained_taylor41' completely with a factor of 7 (hardware/fpga/u250_target23_chained_taylor41/kernel.cpp:280:0)
INFO: [HLS 214-186] Unrolling loop 'VITIS_LOOP_214_3' (hardware/fpga/u250_target23_chained_taylor41/kernel.cpp:214:27) in function 'advance' completely with a factor of 41 (hardware/fpga/u250_target23_chained_taylor41/kernel.cpp:189:0)
INFO: [HLS 214-186] Unrolling loop 'VITIS_LOOP_143_2' (hardware/fpga/u250_target23_chained_taylor41/kernel.cpp:143:27) in function 'coefficients' completely with a factor of 42 (hardware/fpga/u250_target23_chained_taylor41/kernel.cpp:139:0)
INFO: [HLS 214-186] Unrolling loop 'VITIS_LOOP_271_1' (hardware/fpga/u250_target23_chained_taylor41/kernel.cpp:271:23) in function 'load_q' completely with a factor of 7 (hardware/fpga/u250_target23_chained_taylor41/kernel.cpp:269:0)
INFO: [HLS 214-437] Automatically disabling loop flattening for loop 'VITIS_LOOP_146_3'. (hardware/fpga/u250_target23_chained_taylor41/kernel.cpp:146:23)
INFO: [HLS 214-421] Automatically partitioning small array 'low_center' completely based on array size. (hardware/fpga/u250_target23_chained_taylor41/kernel.cpp:233:9)
INFO: [HLS 214-421] Automatically partitioning small array 'high_center' completely based on array size. (hardware/fpga/u250_target23_chained_taylor41/kernel.cpp:234:9)
INFO: [HLS 214-421] Automatically partitioning small array 'middle_center' completely based on array size. (hardware/fpga/u250_target23_chained_taylor41/kernel.cpp:242:13)
INFO: [HLS 214-421] Automatically partitioning small array 'event_initial.lo' completely based on array size. (hardware/fpga/u250_target23_chained_taylor41/kernel.cpp:259:16)
INFO: [HLS 214-421] Automatically partitioning small array 'event_initial.hi' completely based on array size. (hardware/fpga/u250_target23_chained_taylor41/kernel.cpp:259:16)
INFO: [HLS 214-421] Automatically partitioning small array 'event_box.lo' completely based on array size. (hardware/fpga/u250_target23_chained_taylor41/kernel.cpp:261:16)
INFO: [HLS 214-421] Automatically partitioning small array 'event_box.hi' completely based on array size. (hardware/fpga/u250_target23_chained_taylor41/kernel.cpp:261:16)
INFO: [HLS 214-421] Automatically partitioning small array 'center' completely based on array size. (hardware/fpga/u250_target23_chained_taylor41/kernel.cpp:293:9)
INFO: [HLS 214-421] Automatically partitioning small array 'following' completely based on array size. (hardware/fpga/u250_target23_chained_taylor41/kernel.cpp:303:13)
INFO: [HLS 214-421] Automatically partitioning small array 'initial.lo' completely based on array size. (hardware/fpga/u250_target23_chained_taylor41/kernel.cpp:193:13)
INFO: [HLS 214-421] Automatically partitioning small array 'initial.hi' completely based on array size. (hardware/fpga/u250_target23_chained_taylor41/kernel.cpp:193:13)
INFO: [HLS 214-421] Automatically partitioning small array 'point.lo' completely based on array size. (hardware/fpga/u250_target23_chained_taylor41/kernel.cpp:194:16)
INFO: [HLS 214-421] Automatically partitioning small array 'point.hi' completely based on array size. (hardware/fpga/u250_target23_chained_taylor41/kernel.cpp:194:16)
INFO: [HLS 214-421] Automatically partitioning small array 'box.lo' completely based on array size. (hardware/fpga/u250_target23_chained_taylor41/kernel.cpp:199:16)
INFO: [HLS 214-421] Automatically partitioning small array 'box.hi' completely based on array size. (hardware/fpga/u250_target23_chained_taylor41/kernel.cpp:199:16)
INFO: [HLS 214-421] Automatically partitioning small array 'point_box.lo' completely based on array size. (hardware/fpga/u250_target23_chained_taylor41/kernel.cpp:200:16)
INFO: [HLS 214-421] Automatically partitioning small array 'point_box.hi' completely based on array size. (hardware/fpga/u250_target23_chained_taylor41/kernel.cpp:200:16)
INFO: [HLS 214-421] Automatically partitioning small array 'mapped.lo' completely based on array size. (hardware/fpga/u250_target23_chained_taylor41/kernel.cpp:113:13)
INFO: [HLS 214-421] Automatically partitioning small array 'mapped.hi' completely based on array size. (hardware/fpga/u250_target23_chained_taylor41/kernel.cpp:113:13)
INFO: [HLS 214-421] Automatically partitioning small array 'widened.lo' completely based on array size. (hardware/fpga/u250_target23_chained_taylor41/kernel.cpp:116:20)
INFO: [HLS 214-421] Automatically partitioning small array 'widened.hi' completely based on array size. (hardware/fpga/u250_target23_chained_taylor41/kernel.cpp:116:20)
INFO: [HLS 214-421] Automatically partitioning small array 'padded.lo' completely based on array size. (hardware/fpga/u250_target23_chained_taylor41/kernel.cpp:122:24)
INFO: [HLS 214-421] Automatically partitioning small array 'padded.hi' completely based on array size. (hardware/fpga/u250_target23_chained_taylor41/kernel.cpp:122:24)
INFO: [HLS 214-421] Automatically partitioning small array 'checked.lo' completely based on array size. (hardware/fpga/u250_target23_chained_taylor41/kernel.cpp:123:24)
INFO: [HLS 214-421] Automatically partitioning small array 'checked.hi' completely based on array size. (hardware/fpga/u250_target23_chained_taylor41/kernel.cpp:123:24)
INFO: [HLS 214-421] Automatically partitioning small array 'derivative.lo' completely based on array size. (hardware/fpga/u250_target23_chained_taylor41/kernel.cpp:83:13)
INFO: [HLS 214-421] Automatically partitioning small array 'derivative.hi' completely based on array size. (hardware/fpga/u250_target23_chained_taylor41/kernel.cpp:83:13)
INFO: [HLS 214-270] Inferring pragma 'array_partition type=complete dim=1' for array 'derivative.hi' due to pipeline pragma (hardware/fpga/u250_target23_chained_taylor41/kernel.cpp:83:13)
INFO: [HLS 214-270] Inferring pragma 'array_partition type=complete dim=1' for array 'derivative.lo' due to pipeline pragma (hardware/fpga/u250_target23_chained_taylor41/kernel.cpp:83:13)
INFO: [HLS 214-270] Inferring pragma 'array_partition type=complete dim=1' for array 'mapped.hi' due to pipeline pragma (hardware/fpga/u250_target23_chained_taylor41/kernel.cpp:113:13)
INFO: [HLS 214-270] Inferring pragma 'array_partition type=complete dim=1' for array 'mapped.lo' due to pipeline pragma (hardware/fpga/u250_target23_chained_taylor41/kernel.cpp:113:13)
INFO: [HLS 214-270] Inferring pragma 'array_partition type=complete dim=1' for array 'widened.hi' due to pipeline pragma (hardware/fpga/u250_target23_chained_taylor41/kernel.cpp:116:20)
INFO: [HLS 214-270] Inferring pragma 'array_partition type=complete dim=1' for array 'widened.lo' due to pipeline pragma (hardware/fpga/u250_target23_chained_taylor41/kernel.cpp:116:20)
INFO: [HLS 214-270] Inferring pragma 'array_partition type=complete dim=1' for array 'padded.hi' due to pipeline pragma (hardware/fpga/u250_target23_chained_taylor41/kernel.cpp:122:24)
INFO: [HLS 214-270] Inferring pragma 'array_partition type=complete dim=1' for array 'padded.lo' due to pipeline pragma (hardware/fpga/u250_target23_chained_taylor41/kernel.cpp:122:24)
INFO: [HLS 214-270] Inferring pragma 'array_partition type=complete dim=1' for array 'checked.hi' due to pipeline pragma (hardware/fpga/u250_target23_chained_taylor41/kernel.cpp:123:24)
INFO: [HLS 214-270] Inferring pragma 'array_partition type=complete dim=1' for array 'checked.lo' due to pipeline pragma (hardware/fpga/u250_target23_chained_taylor41/kernel.cpp:123:24)
INFO: [HLS 214-270] Inferring pragma 'array_partition type=complete dim=1' for array 'initial.hi' due to pipeline pragma (hardware/fpga/u250_target23_chained_taylor41/kernel.cpp:193:13)
INFO: [HLS 214-270] Inferring pragma 'array_partition type=complete dim=1' for array 'initial.lo' due to pipeline pragma (hardware/fpga/u250_target23_chained_taylor41/kernel.cpp:193:13)
INFO: [HLS 214-270] Inferring pragma 'array_partition type=complete dim=1' for array 'point.hi' due to pipeline pragma (hardware/fpga/u250_target23_chained_taylor41/kernel.cpp:194:16)
INFO: [HLS 214-270] Inferring pragma 'array_partition type=complete dim=1' for array 'point.lo' due to pipeline pragma (hardware/fpga/u250_target23_chained_taylor41/kernel.cpp:194:16)
INFO: [HLS 214-270] Inferring pragma 'array_partition type=complete dim=1' for array 'box.hi' due to pipeline pragma (hardware/fpga/u250_target23_chained_taylor41/kernel.cpp:199:16)
INFO: [HLS 214-270] Inferring pragma 'array_partition type=complete dim=1' for array 'box.lo' due to pipeline pragma (hardware/fpga/u250_target23_chained_taylor41/kernel.cpp:199:16)
INFO: [HLS 214-270] Inferring pragma 'array_partition type=complete dim=1' for array 'point_box.hi' due to pipeline pragma (hardware/fpga/u250_target23_chained_taylor41/kernel.cpp:200:16)
INFO: [HLS 214-270] Inferring pragma 'array_partition type=complete dim=1' for array 'point_box.lo' due to pipeline pragma (hardware/fpga/u250_target23_chained_taylor41/kernel.cpp:200:16)
INFO: [HLS 214-270] Inferring pragma 'array_partition type=complete dim=2' for array 'center_coeff.hi' due to pipeline pragma (hardware/fpga/u250_target23_chained_taylor41/kernel.cpp:207:16)
INFO: [HLS 214-270] Inferring pragma 'array_partition type=complete dim=2' for array 'center_coeff.lo' due to pipeline pragma (hardware/fpga/u250_target23_chained_taylor41/kernel.cpp:207:16)
INFO: [HLS 214-270] Inferring pragma 'array_partition type=complete dim=2' for array 'wide_coeff.hi' due to pipeline pragma (hardware/fpga/u250_target23_chained_taylor41/kernel.cpp:208:16)
INFO: [HLS 214-270] Inferring pragma 'array_partition type=complete dim=2' for array 'wide_coeff.lo' due to pipeline pragma (hardware/fpga/u250_target23_chained_taylor41/kernel.cpp:208:16)
INFO: [HLS 214-270] Inferring pragma 'array_partition type=complete dim=1' for array 'low_center.i' due to pipeline pragma (hardware/fpga/u250_target23_chained_taylor41/kernel.cpp:233:9)
INFO: [HLS 214-270] Inferring pragma 'array_partition type=complete dim=1' for array 'high_center.i' due to pipeline pragma (hardware/fpga/u250_target23_chained_taylor41/kernel.cpp:234:9)
INFO: [HLS 214-270] Inferring pragma 'array_partition type=complete dim=1' for array 'middle_center.i' due to pipeline pragma (hardware/fpga/u250_target23_chained_taylor41/kernel.cpp:242:13)
INFO: [HLS 214-270] Inferring pragma 'array_partition type=complete dim=1' for array 'event_initial.i.hi' due to pipeline pragma (hardware/fpga/u250_target23_chained_taylor41/kernel.cpp:259:16)
INFO: [HLS 214-270] Inferring pragma 'array_partition type=complete dim=1' for array 'event_initial.i.lo' due to pipeline pragma (hardware/fpga/u250_target23_chained_taylor41/kernel.cpp:259:16)
INFO: [HLS 214-270] Inferring pragma 'array_partition type=complete dim=1' for array 'event_box.i.hi' due to pipeline pragma (hardware/fpga/u250_target23_chained_taylor41/kernel.cpp:261:16)
INFO: [HLS 214-270] Inferring pragma 'array_partition type=complete dim=1' for array 'event_box.i.lo' due to pipeline pragma (hardware/fpga/u250_target23_chained_taylor41/kernel.cpp:261:16)
INFO: [HLS 214-270] Inferring pragma 'array_partition type=complete dim=1' for array 'center' due to pipeline pragma (hardware/fpga/u250_target23_chained_taylor41/kernel.cpp:293:9)
INFO: [HLS 214-270] Inferring pragma 'array_partition type=complete dim=1' for array 'following' due to pipeline pragma (hardware/fpga/u250_target23_chained_taylor41/kernel.cpp:303:13)
INFO: [HLS 214-248] Applying array_partition to 'derivative.lo': Complete partitioning on dimension 1. (hardware/fpga/u250_target23_chained_taylor41/kernel.cpp:83:13)
INFO: [HLS 214-248] Applying array_partition to 'derivative.hi': Complete partitioning on dimension 1. (hardware/fpga/u250_target23_chained_taylor41/kernel.cpp:83:13)
INFO: [HLS 214-248] Applying array_partition to 'mapped.lo': Complete partitioning on dimension 1. (hardware/fpga/u250_target23_chained_taylor41/kernel.cpp:113:13)
INFO: [HLS 214-248] Applying array_partition to 'mapped.hi': Complete partitioning on dimension 1. (hardware/fpga/u250_target23_chained_taylor41/kernel.cpp:113:13)
INFO: [HLS 214-248] Applying array_partition to 'widened.lo': Complete partitioning on dimension 1. (hardware/fpga/u250_target23_chained_taylor41/kernel.cpp:116:20)
INFO: [HLS 214-248] Applying array_partition to 'widened.hi': Complete partitioning on dimension 1. (hardware/fpga/u250_target23_chained_taylor41/kernel.cpp:116:20)
INFO: [HLS 214-248] Applying array_partition to 'padded.lo': Complete partitioning on dimension 1. (hardware/fpga/u250_target23_chained_taylor41/kernel.cpp:122:24)
INFO: [HLS 214-248] Applying array_partition to 'padded.hi': Complete partitioning on dimension 1. (hardware/fpga/u250_target23_chained_taylor41/kernel.cpp:122:24)
INFO: [HLS 214-248] Applying array_partition to 'checked.lo': Complete partitioning on dimension 1. (hardware/fpga/u250_target23_chained_taylor41/kernel.cpp:123:24)
INFO: [HLS 214-248] Applying array_partition to 'checked.hi': Complete partitioning on dimension 1. (hardware/fpga/u250_target23_chained_taylor41/kernel.cpp:123:24)
INFO: [HLS 214-248] Applying array_partition to 'initial.lo': Complete partitioning on dimension 1. (hardware/fpga/u250_target23_chained_taylor41/kernel.cpp:193:13)
INFO: [HLS 214-248] Applying array_partition to 'initial.hi': Complete partitioning on dimension 1. (hardware/fpga/u250_target23_chained_taylor41/kernel.cpp:193:13)
INFO: [HLS 214-248] Applying array_partition to 'point.lo': Complete partitioning on dimension 1. (hardware/fpga/u250_target23_chained_taylor41/kernel.cpp:194:16)
INFO: [HLS 214-248] Applying array_partition to 'point.hi': Complete partitioning on dimension 1. (hardware/fpga/u250_target23_chained_taylor41/kernel.cpp:194:16)
INFO: [HLS 214-248] Applying array_partition to 'box.lo': Complete partitioning on dimension 1. (hardware/fpga/u250_target23_chained_taylor41/kernel.cpp:199:16)
INFO: [HLS 214-248] Applying array_partition to 'box.hi': Complete partitioning on dimension 1. (hardware/fpga/u250_target23_chained_taylor41/kernel.cpp:199:16)
INFO: [HLS 214-248] Applying array_partition to 'point_box.lo': Complete partitioning on dimension 1. (hardware/fpga/u250_target23_chained_taylor41/kernel.cpp:200:16)
INFO: [HLS 214-248] Applying array_partition to 'point_box.hi': Complete partitioning on dimension 1. (hardware/fpga/u250_target23_chained_taylor41/kernel.cpp:200:16)
INFO: [HLS 214-248] Applying array_partition to 'center_coeff.lo': Complete partitioning on dimension 2. (hardware/fpga/u250_target23_chained_taylor41/kernel.cpp:207:16)
INFO: [HLS 214-248] Applying array_partition to 'center_coeff.hi': Complete partitioning on dimension 2. (hardware/fpga/u250_target23_chained_taylor41/kernel.cpp:207:16)
INFO: [HLS 214-248] Applying array_partition to 'wide_coeff.lo': Complete partitioning on dimension 2. (hardware/fpga/u250_target23_chained_taylor41/kernel.cpp:208:16)
INFO: [HLS 214-248] Applying array_partition to 'wide_coeff.hi': Complete partitioning on dimension 2. (hardware/fpga/u250_target23_chained_taylor41/kernel.cpp:208:16)
INFO: [HLS 214-248] Applying array_partition to 'low_center.i': Complete partitioning on dimension 1. (hardware/fpga/u250_target23_chained_taylor41/kernel.cpp:233:9)
INFO: [HLS 214-248] Applying array_partition to 'high_center.i': Complete partitioning on dimension 1. (hardware/fpga/u250_target23_chained_taylor41/kernel.cpp:234:9)
INFO: [HLS 214-248] Applying array_partition to 'middle_center.i': Complete partitioning on dimension 1. (hardware/fpga/u250_target23_chained_taylor41/kernel.cpp:242:13)
INFO: [HLS 214-248] Applying array_partition to 'event_initial.i.lo': Complete partitioning on dimension 1. (hardware/fpga/u250_target23_chained_taylor41/kernel.cpp:259:16)
INFO: [HLS 214-248] Applying array_partition to 'event_initial.i.hi': Complete partitioning on dimension 1. (hardware/fpga/u250_target23_chained_taylor41/kernel.cpp:259:16)
INFO: [HLS 214-248] Applying array_partition to 'event_box.i.lo': Complete partitioning on dimension 1. (hardware/fpga/u250_target23_chained_taylor41/kernel.cpp:261:16)
INFO: [HLS 214-248] Applying array_partition to 'event_box.i.hi': Complete partitioning on dimension 1. (hardware/fpga/u250_target23_chained_taylor41/kernel.cpp:261:16)
INFO: [HLS 214-248] Applying array_partition to 'center': Complete partitioning on dimension 1. (hardware/fpga/u250_target23_chained_taylor41/kernel.cpp:293:9)
INFO: [HLS 214-248] Applying array_partition to 'following': Complete partitioning on dimension 1. (hardware/fpga/u250_target23_chained_taylor41/kernel.cpp:303:13)
WARNING: [HLS 214-300] Ignoring ALLOCATION pragma, because the corresponding function is cloned and results in calls to multiple clones [ call, call,  ] (hardware/fpga/u250_target23_chained_taylor41/kernel.cpp:106:9)
WARNING: [HLS 214-209] Ignoring ALLOCATION pragma, because the corresponding call is removed (hardware/fpga/u250_target23_chained_taylor41/kernel.cpp:286:9)
INFO: [HLS 214-115] Multiple burst reads of length 7 and bit width 32 has been inferred on bundle 'gmem0'. These burst requests might be further partitioned into multiple requests during RTL generation, based on max_read_burst_length or max_write_burst_length settings. (hardware/fpga/u250_target23_chained_taylor41/kernel.cpp:271:23)
INFO: [HLS 214-115] Multiple burst writes of length 7 and bit width 32 in loop 'VITIS_LOOP_277_1'(hardware/fpga/u250_target23_chained_taylor41/kernel.cpp:277:23) has been inferred on bundle 'gmem1'. These burst requests might be further partitioned into multiple requests during RTL generation, based on max_read_burst_length or max_write_burst_length settings. (hardware/fpga/u250_target23_chained_taylor41/kernel.cpp:277:23)
INFO: [HLS 214-115] Multiple burst writes of length 28 and bit width 32 in loop 'VITIS_LOOP_323_3'(hardware/fpga/u250_target23_chained_taylor41/kernel.cpp:323:27) has been inferred on bundle 'gmem1'. These burst requests might be further partitioned into multiple requests during RTL generation, based on max_read_burst_length or max_write_burst_length settings. (hardware/fpga/u250_target23_chained_taylor41/kernel.cpp:323:27)
INFO: [HLS 200-111] Finished Compiling Optimization and Transform: CPU user time: 19.68 seconds. CPU system time: 0.62 seconds. Elapsed time: 23.92 seconds; current allocated memory: 460.973 MB.
INFO: [HLS 200-111] Finished Checking Pragmas: CPU user time: 0 seconds. CPU system time: 0 seconds. Elapsed time: 0 seconds; current allocated memory: 460.973 MB.
INFO: [HLS 200-10] Starting code transformations ...
INFO: [HLS 200-111] Finished Standard Transforms: CPU user time: 0.38 seconds. CPU system time: 0.01 seconds. Elapsed time: 0.38 seconds; current allocated memory: 468.613 MB.
INFO: [HLS 200-10] Checking synthesizability ...
INFO: [XFORM 203-602] Inlining function 'field' into 'picard_image' (hardware/fpga/u250_target23_chained_taylor41/kernel.cpp:84) automatically.
INFO: [XFORM 203-602] Inlining function 'magnitude' into 'ordinary_lipschitz' (hardware/fpga/u250_target23_chained_taylor41/kernel.cpp:90) automatically.
INFO: [XFORM 203-602] Inlining function 'logarithmic_norm' into 'advance' (hardware/fpga/u250_target23_chained_taylor41/kernel.cpp:220) automatically.
WARNING: [SYNCHK 200-23] hardware/fpga/u250_target23_chained_taylor41/kernel.cpp:277: variable-indexed range selection may cause suboptimal QoR.
INFO: [SYNCHK 200-10] 0 error(s), 1 warning(s).
INFO: [HLS 200-111] Finished Checking Synthesizability: CPU user time: 0.34 seconds. CPU system time: 0 seconds. Elapsed time: 0.35 seconds; current allocated memory: 471.168 MB.
INFO: [XFORM 203-602] Inlining function 'field' into 'picard_image' (hardware/fpga/u250_target23_chained_taylor41/kernel.cpp:84) automatically.
INFO: [XFORM 203-602] Inlining function 'magnitude' into 'ordinary_lipschitz' (hardware/fpga/u250_target23_chained_taylor41/kernel.cpp:90) automatically.
INFO: [XFORM 203-602] Inlining function 'ordinary_lipschitz' into 'close_box' (hardware/fpga/u250_target23_chained_taylor41/kernel.cpp:130) automatically.
INFO: [XFORM 203-602] Inlining function 'logarithmic_norm' into 'advance' (hardware/fpga/u250_target23_chained_taylor41/kernel.cpp:220) automatically.
INFO: [XFORM 203-401] Performing if-conversion on hyperblock from (hardware/fpga/u250_target23_chained_taylor41/kernel.cpp:323:36) to (hardware/fpga/u250_target23_chained_taylor41/kernel.cpp:323:27) in function 'target23_chained_taylor41'... converting 3 basic blocks.
INFO: [XFORM 203-401] Performing if-conversion on hyperblock from (hardware/fpga/u250_target23_chained_taylor41/kernel.cpp:236:9) to (hardware/fpga/u250_target23_chained_taylor41/kernel.cpp:306:21) in function 'target23_chained_taylor41'... converting 3 basic blocks.
INFO: [XFORM 203-401] Performing if-conversion on hyperblock from (hardware/fpga/u250_target23_chained_taylor41/kernel.cpp:109:22) to (hardware/fpga/u250_target23_chained_taylor41/kernel.cpp:107:20) in function 'close_box'... converting 5 basic blocks.
INFO: [XFORM 203-401] Performing if-conversion on hyperblock from (hardware/fpga/u250_target23_chained_taylor41/kernel.cpp:128:30) to (hardware/fpga/u250_target23_chained_taylor41/kernel.cpp:126:31) in function 'close_box'... converting 5 basic blocks.
INFO: [XFORM 203-11] Balancing expressions in function 'picard_image' (hardware/fpga/u250_target23_chained_taylor41/kernel.cpp:26:69)...3 expression(s) balanced.
INFO: [XFORM 203-11] Balancing expressions in function 'coefficients' (hardware/fpga/u250_target23_chained_taylor41/kernel.cpp:25:23)...3 expression(s) balanced.
INFO: [XFORM 203-11] Balancing expressions in function 'close_box' (hardware/fpga/u250_target23_chained_taylor41/kernel.cpp:20:31)...3 expression(s) balanced.
INFO: [XFORM 203-11] Balancing expressions in function 'advance' (hardware/fpga/u250_target23_chained_taylor41/kernel.cpp:21:23)...171 expression(s) balanced.
INFO: [HLS 200-111] Finished Loop, function and other optimizations: CPU user time: 2.31 seconds. CPU system time: 0.02 seconds. Elapsed time: 2.32 seconds; current allocated memory: 498.211 MB.
INFO: [HLS 200-111] Finished Architecture Synthesis: CPU user time: 2.26 seconds. CPU system time: 0.11 seconds. Elapsed time: 2.39 seconds; current allocated memory: 810.445 MB.
INFO: [HLS 200-10] Starting hardware synthesis ...
INFO: [HLS 200-10] Synthesizing 'target23_chained_taylor41' ...
INFO: [HLS 200-10] ----------------------------------------------------------------
INFO: [HLS 200-42] -- Implementing module 'load_q' 
INFO: [HLS 200-10] ----------------------------------------------------------------
INFO: [SCHED 204-11] Starting scheduling ...
INFO: [SCHED 204-61] Pipelining function 'load_q'.
WARNING: [HLS 200-880] The II Violation in module 'load_q' (function 'load_q'): Unable to enforce a carried dependence constraint (II = 1, distance = 1, offset = 1) between bus read operation ('gmem0_addr_read_6', hardware/fpga/u250_target23_chained_taylor41/kernel.cpp:271) on port 'gmem0' (hardware/fpga/u250_target23_chained_taylor41/kernel.cpp:271) and bus read operation ('gmem0_addr_read', hardware/fpga/u250_target23_chained_taylor41/kernel.cpp:271) on port 'gmem0' (hardware/fpga/u250_target23_chained_taylor41/kernel.cpp:271).
Resolution: For help on HLS 200-880 see docs.xilinx.com/access/sources/dita/topic?Doc_Version=2025.1%20English&url=ug1448-hls-guidance&resourceid=200-880.html
WARNING: [HLS 200-880] The II Violation in module 'load_q' (function 'load_q'): Unable to enforce a carried dependence constraint (II = 2, distance = 1, offset = 1) between bus read operation ('gmem0_addr_read_6', hardware/fpga/u250_target23_chained_taylor41/kernel.cpp:271) on port 'gmem0' (hardware/fpga/u250_target23_chained_taylor41/kernel.cpp:271) and bus read operation ('gmem0_addr_read', hardware/fpga/u250_target23_chained_taylor41/kernel.cpp:271) on port 'gmem0' (hardware/fpga/u250_target23_chained_taylor41/kernel.cpp:271).
Resolution: For help on HLS 200-880 see docs.xilinx.com/access/sources/dita/topic?Doc_Version=2025.1%20English&url=ug1448-hls-guidance&resourceid=200-880.html
WARNING: [HLS 200-880] The II Violation in module 'load_q' (function 'load_q'): Unable to enforce a carried dependence constraint (II = 3, distance = 1, offset = 1) between bus read operation ('gmem0_addr_read_6', hardware/fpga/u250_target23_chained_taylor41/kernel.cpp:271) on port 'gmem0' (hardware/fpga/u250_target23_chained_taylor41/kernel.cpp:271) and bus read operation ('gmem0_addr_read', hardware/fpga/u250_target23_chained_taylor41/kernel.cpp:271) on port 'gmem0' (hardware/fpga/u250_target23_chained_taylor41/kernel.cpp:271).
Resolution: For help on HLS 200-880 see docs.xilinx.com/access/sources/dita/topic?Doc_Version=2025.1%20English&url=ug1448-hls-guidance&resourceid=200-880.html
WARNING: [HLS 200-880] The II Violation in module 'load_q' (function 'load_q'): Unable to enforce a carried dependence constraint (II = 4, distance = 1, offset = 1) between bus read operation ('gmem0_addr_read_6', hardware/fpga/u250_target23_chained_taylor41/kernel.cpp:271) on port 'gmem0' (hardware/fpga/u250_target23_chained_taylor41/kernel.cpp:271) and bus read operation ('gmem0_addr_read', hardware/fpga/u250_target23_chained_taylor41/kernel.cpp:271) on port 'gmem0' (hardware/fpga/u250_target23_chained_taylor41/kernel.cpp:271).
Resolution: For help on HLS 200-880 see docs.xilinx.com/access/sources/dita/topic?Doc_Version=2025.1%20English&url=ug1448-hls-guidance&resourceid=200-880.html
WARNING: [HLS 200-880] The II Violation in module 'load_q' (function 'load_q'): Unable to enforce a carried dependence constraint (II = 5, distance = 1, offset = 1) between bus read operation ('gmem0_addr_read_6', hardware/fpga/u250_target23_chained_taylor41/kernel.cpp:271) on port 'gmem0' (hardware/fpga/u250_target23_chained_taylor41/kernel.cpp:271) and bus read operation ('gmem0_addr_read', hardware/fpga/u250_target23_chained_taylor41/kernel.cpp:271) on port 'gmem0' (hardware/fpga/u250_target23_chained_taylor41/kernel.cpp:271).
Resolution: For help on HLS 200-880 see docs.xilinx.com/access/sources/dita/topic?Doc_Version=2025.1%20English&url=ug1448-hls-guidance&resourceid=200-880.html
WARNING: [HLS 200-880] The II Violation in module 'load_q' (function 'load_q'): Unable to enforce a carried dependence constraint (II = 6, distance = 1, offset = 1) between bus read operation ('gmem0_addr_read_6', hardware/fpga/u250_target23_chained_taylor41/kernel.cpp:271) on port 'gmem0' (hardware/fpga/u250_target23_chained_taylor41/kernel.cpp:271) and bus read operation ('gmem0_addr_read', hardware/fpga/u250_target23_chained_taylor41/kernel.cpp:271) on port 'gmem0' (hardware/fpga/u250_target23_chained_taylor41/kernel.cpp:271).
Resolution: For help on HLS 200-880 see docs.xilinx.com/access/sources/dita/topic?Doc_Version=2025.1%20English&url=ug1448-hls-guidance&resourceid=200-880.html
INFO: [HLS 200-1470] Pipelining result : Target II = NA, Final II = 7, Depth = 79, function 'load_q'
INFO: [SCHED 204-11] Finished scheduling.
INFO: [HLS 200-111] Finished Scheduling: CPU user time: 0.89 seconds. CPU system time: 0.05 seconds. Elapsed time: 0.95 seconds; current allocated memory: 819.312 MB.
INFO: [BIND 205-100] Starting micro-architecture generation ...
INFO: [BIND 205-101] Performing variable lifetime analysis.
INFO: [BIND 205-101] Exploring resource sharing.
INFO: [BIND 205-101] Binding ...
INFO: [BIND 205-100] Finished micro-architecture generation.
INFO: [HLS 200-111] Finished Binding: CPU user time: 0.02 seconds. CPU system time: 0 seconds. Elapsed time: 0.01 seconds; current allocated memory: 819.312 MB.
INFO: [HLS 200-10] ----------------------------------------------------------------
INFO: [HLS 200-42] -- Implementing module 'target23_chained_taylor41_Pipeline_VITIS_LOOP_294_1' 
INFO: [HLS 200-10] ----------------------------------------------------------------
INFO: [SCHED 204-11] Starting scheduling ...
INFO: [SCHED 204-61] Pipelining loop 'VITIS_LOOP_294_1'.
INFO: [HLS 200-1470] Pipelining result : Target II = NA, Final II = 7, Depth = 80, loop 'VITIS_LOOP_294_1'
INFO: [SCHED 204-11] Finished scheduling.
INFO: [HLS 200-111] Finished Scheduling: CPU user time: 0.03 seconds. CPU system time: 0 seconds. Elapsed time: 0.03 seconds; current allocated memory: 820.012 MB.
INFO: [BIND 205-100] Starting micro-architecture generation ...
INFO: [BIND 205-101] Performing variable lifetime analysis.
INFO: [BIND 205-101] Exploring resource sharing.
INFO: [BIND 205-101] Binding ...
INFO: [BIND 205-100] Finished micro-architecture generation.
INFO: [HLS 200-111] Finished Binding: CPU user time: 0 seconds. CPU system time: 0 seconds. Elapsed time: 0.01 seconds; current allocated memory: 820.012 MB.
INFO: [HLS 200-10] ----------------------------------------------------------------
INFO: [HLS 200-42] -- Implementing module 'advance_Pipeline_VITIS_LOOP_195_1' 
INFO: [HLS 200-10] ----------------------------------------------------------------
INFO: [SCHED 204-11] Starting scheduling ...
INFO: [SCHED 204-61] Pipelining loop 'VITIS_LOOP_195_1'.
INFO: [HLS 200-1470] Pipelining result : Target II = NA, Final II = 1, Depth = 1, loop 'VITIS_LOOP_195_1'
INFO: [SCHED 204-11] Finished scheduling.
INFO: [HLS 200-111] Finished Scheduling: CPU user time: 0.04 seconds. CPU system time: 0 seconds. Elapsed time: 0.04 seconds; current allocated memory: 821.102 MB.
INFO: [BIND 205-100] Starting micro-architecture generation ...
INFO: [BIND 205-101] Performing variable lifetime analysis.
INFO: [BIND 205-101] Exploring resource sharing.
INFO: [BIND 205-101] Binding ...
INFO: [BIND 205-100] Finished micro-architecture generation.
INFO: [HLS 200-111] Finished Binding: CPU user time: 0.01 seconds. CPU system time: 0 seconds. Elapsed time: 0 seconds; current allocated memory: 821.102 MB.
INFO: [HLS 200-10] ----------------------------------------------------------------
INFO: [HLS 200-42] -- Implementing module 'close_box_Pipeline_VITIS_LOOP_107_1' 
INFO: [HLS 200-10] ----------------------------------------------------------------
INFO: [SCHED 204-11] Starting scheduling ...
INFO: [SCHED 204-61] Pipelining loop 'VITIS_LOOP_107_1'.
INFO: [HLS 200-1470] Pipelining result : Target II = NA, Final II = 1, Depth = 2, loop 'VITIS_LOOP_107_1'
INFO: [SCHED 204-11] Finished scheduling.
INFO: [HLS 200-111] Finished Scheduling: CPU user time: 0.04 seconds. CPU system time: 0.01 seconds. Elapsed time: 0.05 seconds; current allocated memory: 822.043 MB.
INFO: [BIND 205-100] Starting micro-architecture generation ...
INFO: [BIND 205-101] Performing variable lifetime analysis.
INFO: [BIND 205-101] Exploring resource sharing.
INFO: [BIND 205-101] Binding ...
INFO: [BIND 205-100] Finished micro-architecture generation.
INFO: [HLS 200-111] Finished Binding: CPU user time: 0.01 seconds. CPU system time: 0 seconds. Elapsed time: 0.01 seconds; current allocated memory: 822.043 MB.
INFO: [HLS 200-10] ----------------------------------------------------------------
INFO: [HLS 200-42] -- Implementing module 'times_i' 
INFO: [HLS 200-10] ----------------------------------------------------------------
INFO: [SCHED 204-11] Starting scheduling ...
INFO: [SCHED 204-61] Pipelining function 'times_i'.
WARNING: [HLS 200-882] User specified resource constraint cannot be honored operation type mul(II = 1)..
Resolution: For help on HLS 200-882 see docs.xilinx.com/access/sources/dita/topic?Doc_Version=2025.1%20English&url=ug1448-hls-guidance&resourceid=200-882.html
WARNING: [HLS 200-885] The II Violation in module 'times_i' (function 'times_i'): Unable to schedule 'mul' operation 448 bit ('p10', hardware/fpga/u250_target23_chained_taylor41/kernel.cpp:55) due to limited resources (II = 2).
Resolution: For help on HLS 200-885 see docs.xilinx.com/access/sources/dita/topic?Doc_Version=2025.1%20English&url=ug1448-hls-guidance&resourceid=200-885.html
WARNING: [HLS 200-885] The II Violation in module 'times_i' (function 'times_i'): Unable to schedule 'mul' operation 448 bit ('p11', hardware/fpga/u250_target23_chained_taylor41/kernel.cpp:56) due to limited resources (II = 3).
Resolution: For help on HLS 200-885 see docs.xilinx.com/access/sources/dita/topic?Doc_Version=2025.1%20English&url=ug1448-hls-guidance&resourceid=200-885.html
INFO: [HLS 200-1470] Pipelining result : Target II = NA, Final II = 4, Depth = 6, function 'times_i'
INFO: [SCHED 204-11] Finished scheduling.
INFO: [HLS 200-111] Finished Scheduling: CPU user time: 0.03 seconds. CPU system time: 0 seconds. Elapsed time: 0.03 seconds; current allocated memory: 822.293 MB.
INFO: [BIND 205-100] Starting micro-architecture generation ...
INFO: [BIND 205-101] Performing variable lifetime analysis.
INFO: [BIND 205-101] Exploring resource sharing.
INFO: [BIND 205-101] Binding ...
INFO: [BIND 205-100] Starting global binding ...
INFO: [BIND 205-100] Finished micro-architecture generation.
INFO: [HLS 200-111] Finished Binding: CPU user time: 0 seconds. CPU system time: 0 seconds. Elapsed time: 0.01 seconds; current allocated memory: 822.293 MB.
INFO: [HLS 200-10] ----------------------------------------------------------------
INFO: [HLS 200-42] -- Implementing module 'picard_image_Pipeline_VITIS_LOOP_85_1' 
INFO: [HLS 200-10] ----------------------------------------------------------------
INFO: [SCHED 204-11] Starting scheduling ...
INFO: [SCHED 204-61] Pipelining loop 'VITIS_LOOP_85_1'.
INFO: [HLS 200-1470] Pipelining result : Target II = NA, Final II = 4, Depth = 8, loop 'VITIS_LOOP_85_1'
INFO: [SCHED 204-11] Finished scheduling.
INFO: [HLS 200-111] Finished Scheduling: CPU user time: 0.03 seconds. CPU system time: 0 seconds. Elapsed time: 0.03 seconds; current allocated memory: 823.168 MB.
INFO: [BIND 205-100] Starting micro-architecture generation ...
INFO: [BIND 205-101] Performing variable lifetime analysis.
INFO: [BIND 205-101] Exploring resource sharing.
INFO: [BIND 205-101] Binding ...
INFO: [BIND 205-100] Finished micro-architecture generation.
INFO: [HLS 200-111] Finished Binding: CPU user time: 0.01 seconds. CPU system time: 0 seconds. Elapsed time: 0.01 seconds; current allocated memory: 823.168 MB.
INFO: [HLS 200-10] ----------------------------------------------------------------
INFO: [HLS 200-42] -- Implementing module 'picard_image' 
INFO: [HLS 200-10] ----------------------------------------------------------------
INFO: [SCHED 204-11] Starting scheduling ...
INFO: [SCHED 204-11] Finished scheduling.
INFO: [HLS 200-111] Finished Scheduling: CPU user time: 0.06 seconds. CPU system time: 0 seconds. Elapsed time: 0.06 seconds; current allocated memory: 824.258 MB.
INFO: [BIND 205-100] Starting micro-architecture generation ...
INFO: [BIND 205-101] Performing variable lifetime analysis.
INFO: [BIND 205-101] Exploring resource sharing.
INFO: [BIND 205-101] Binding ...
INFO: [BIND 205-100] Starting global binding ...
INFO: [BIND 205-100] Finished micro-architecture generation.
INFO: [HLS 200-111] Finished Binding: CPU user time: 0.02 seconds. CPU system time: 0.01 seconds. Elapsed time: 0.02 seconds; current allocated memory: 824.258 MB.
INFO: [HLS 200-10] ----------------------------------------------------------------
INFO: [HLS 200-42] -- Implementing module 'close_box_Pipeline_VITIS_LOOP_117_3' 
INFO: [HLS 200-10] ----------------------------------------------------------------
INFO: [SCHED 204-11] Starting scheduling ...
INFO: [SCHED 204-61] Pipelining loop 'VITIS_LOOP_117_3'.
INFO: [HLS 200-1470] Pipelining result : Target II = NA, Final II = 1, Depth = 1, loop 'VITIS_LOOP_117_3'
INFO: [SCHED 204-11] Finished scheduling.
INFO: [HLS 200-111] Finished Scheduling: CPU user time: 0.03 seconds. CPU system time: 0 seconds. Elapsed time: 0.04 seconds; current allocated memory: 825.215 MB.
INFO: [BIND 205-100] Starting micro-architecture generation ...
INFO: [BIND 205-101] Performing variable lifetime analysis.
INFO: [BIND 205-101] Exploring resource sharing.
INFO: [BIND 205-101] Binding ...
INFO: [BIND 205-100] Finished micro-architecture generation.
INFO: [HLS 200-111] Finished Binding: CPU user time: 0.01 seconds. CPU system time: 0 seconds. Elapsed time: 0.01 seconds; current allocated memory: 825.215 MB.
INFO: [HLS 200-10] ----------------------------------------------------------------
INFO: [HLS 200-42] -- Implementing module 'close_box_Pipeline_VITIS_LOOP_134_6' 
INFO: [HLS 200-10] ----------------------------------------------------------------
INFO: [SCHED 204-11] Starting scheduling ...
INFO: [SCHED 204-61] Pipelining loop 'VITIS_LOOP_134_6'.
INFO: [HLS 200-1470] Pipelining result : Target II = NA, Final II = 1, Depth = 1, loop 'VITIS_LOOP_134_6'
INFO: [SCHED 204-11] Finished scheduling.
INFO: [HLS 200-111] Finished Scheduling: CPU user time: 0.02 seconds. CPU system time: 0 seconds. Elapsed time: 0.01 seconds; current allocated memory: 825.562 MB.
INFO: [BIND 205-100] Starting micro-architecture generation ...
INFO: [BIND 205-101] Performing variable lifetime analysis.
INFO: [BIND 205-101] Exploring resource sharing.
INFO: [BIND 205-101] Binding ...
INFO: [BIND 205-100] Finished micro-architecture generation.
INFO: [HLS 200-111] Finished Binding: CPU user time: 0 seconds. CPU system time: 0 seconds. Elapsed time: 0.01 seconds; current allocated memory: 825.562 MB.
INFO: [HLS 200-10] ----------------------------------------------------------------
INFO: [HLS 200-42] -- Implementing module 'close_box_Pipeline_VITIS_LOOP_124_4' 
INFO: [HLS 200-10] ----------------------------------------------------------------
INFO: [SCHED 204-11] Starting scheduling ...
INFO: [SCHED 204-61] Pipelining loop 'VITIS_LOOP_124_4'.
INFO: [HLS 200-1470] Pipelining result : Target II = NA, Final II = 1, Depth = 1, loop 'VITIS_LOOP_124_4'
INFO: [SCHED 204-11] Finished scheduling.
INFO: [HLS 200-111] Finished Scheduling: CPU user time: 0.03 seconds. CPU system time: 0 seconds. Elapsed time: 0.03 seconds; current allocated memory: 826.191 MB.
INFO: [BIND 205-100] Starting micro-architecture generation ...
INFO: [BIND 205-101] Performing variable lifetime analysis.
INFO: [BIND 205-101] Exploring resource sharing.
INFO: [BIND 205-101] Binding ...
INFO: [BIND 205-100] Finished micro-architecture generation.
INFO: [HLS 200-111] Finished Binding: CPU user time: 0.01 seconds. CPU system time: 0 seconds. Elapsed time: 0.01 seconds; current allocated memory: 826.191 MB.
INFO: [HLS 200-10] ----------------------------------------------------------------
INFO: [HLS 200-42] -- Implementing module 'close_box_Pipeline_VITIS_LOOP_126_5' 
INFO: [HLS 200-10] ----------------------------------------------------------------
INFO: [SCHED 204-11] Starting scheduling ...
INFO: [SCHED 204-61] Pipelining loop 'VITIS_LOOP_126_5'.
INFO: [HLS 200-1470] Pipelining result : Target II = NA, Final II = 1, Depth = 2, loop 'VITIS_LOOP_126_5'
INFO: [SCHED 204-11] Finished scheduling.
INFO: [HLS 200-111] Finished Scheduling: CPU user time: 0.04 seconds. CPU system time: 0.01 seconds. Elapsed time: 0.04 seconds; current allocated memory: 827.488 MB.
INFO: [BIND 205-100] Starting micro-architecture generation ...
INFO: [BIND 205-101] Performing variable lifetime analysis.
INFO: [BIND 205-101] Exploring resource sharing.
INFO: [BIND 205-101] Binding ...
INFO: [BIND 205-100] Finished micro-architecture generation.
INFO: [HLS 200-111] Finished Binding: CPU user time: 0.01 seconds. CPU system time: 0 seconds. Elapsed time: 0.01 seconds; current allocated memory: 827.488 MB.
INFO: [HLS 200-10] ----------------------------------------------------------------
INFO: [HLS 200-42] -- Implementing module 'close_box' 
INFO: [HLS 200-10] ----------------------------------------------------------------
INFO: [SCHED 204-11] Starting scheduling ...
INFO: [SCHED 204-11] Finished scheduling.
INFO: [HLS 200-111] Finished Scheduling: CPU user time: 0.12 seconds. CPU system time: 0 seconds. Elapsed time: 0.13 seconds; current allocated memory: 830.422 MB.
INFO: [BIND 205-100] Starting micro-architecture generation ...
INFO: [BIND 205-101] Performing variable lifetime analysis.
INFO: [BIND 205-101] Exploring resource sharing.
INFO: [BIND 205-101] Binding ...
INFO: [BIND 205-100] Starting global binding ...
INFO: [BIND 205-100] Finished micro-architecture generation.
INFO: [HLS 200-111] Finished Binding: CPU user time: 0.04 seconds. CPU system time: 0 seconds. Elapsed time: 0.03 seconds; current allocated memory: 830.422 MB.
INFO: [HLS 200-10] ----------------------------------------------------------------
INFO: [HLS 200-42] -- Implementing module 'coefficients_Pipeline_VITIS_LOOP_142_1' 
INFO: [HLS 200-10] ----------------------------------------------------------------
INFO: [SCHED 204-11] Starting scheduling ...
INFO: [SCHED 204-61] Pipelining loop 'VITIS_LOOP_142_1'.
INFO: [HLS 200-1470] Pipelining result : Target II = NA, Final II = 1, Depth = 1, loop 'VITIS_LOOP_142_1'
INFO: [SCHED 204-11] Finished scheduling.
INFO: [HLS 200-111] Finished Scheduling: CPU user time: 0.33 seconds. CPU system time: 0 seconds. Elapsed time: 0.34 seconds; current allocated memory: 831.230 MB.
INFO: [BIND 205-100] Starting micro-architecture generation ...
INFO: [BIND 205-101] Performing variable lifetime analysis.
INFO: [BIND 205-101] Exploring resource sharing.
INFO: [BIND 205-101] Binding ...
INFO: [BIND 205-100] Finished micro-architecture generation.
INFO: [HLS 200-111] Finished Binding: CPU user time: 0.02 seconds. CPU system time: 0 seconds. Elapsed time: 0.02 seconds; current allocated memory: 831.230 MB.
INFO: [HLS 200-10] ----------------------------------------------------------------
INFO: [HLS 200-42] -- Implementing module 'coefficients_Pipeline_VITIS_LOOP_151_4' 
INFO: [HLS 200-10] ----------------------------------------------------------------
INFO: [SCHED 204-11] Starting scheduling ...
INFO: [SCHED 204-61] Pipelining loop 'VITIS_LOOP_151_4'.
INFO: [HLS 200-1470] Pipelining result : Target II = NA, Final II = 4, Depth = 8, loop 'VITIS_LOOP_151_4'
INFO: [SCHED 204-11] Finished scheduling.
INFO: [HLS 200-111] Finished Scheduling: CPU user time: 0.14 seconds. CPU system time: 0.01 seconds. Elapsed time: 0.14 seconds; current allocated memory: 834.719 MB.
INFO: [BIND 205-100] Starting micro-architecture generation ...
INFO: [BIND 205-101] Performing variable lifetime analysis.
INFO: [BIND 205-101] Exploring resource sharing.
INFO: [BIND 205-101] Binding ...
INFO: [BIND 205-100] Finished micro-architecture generation.
INFO: [HLS 200-111] Finished Binding: CPU user time: 0.02 seconds. CPU system time: 0 seconds. Elapsed time: 0.03 seconds; current allocated memory: 834.719 MB.
INFO: [HLS 200-10] ----------------------------------------------------------------
INFO: [HLS 200-42] -- Implementing module 'coefficients' 
INFO: [HLS 200-10] ----------------------------------------------------------------
INFO: [SCHED 204-11] Starting scheduling ...
INFO: [SCHED 204-11] Finished scheduling.
INFO: [HLS 200-111] Finished Scheduling: CPU user time: 2.4 seconds. CPU system time: 0.01 seconds. Elapsed time: 2.41 seconds; current allocated memory: 864.980 MB.
INFO: [BIND 205-100] Starting micro-architecture generation ...
INFO: [BIND 205-101] Performing variable lifetime analysis.
INFO: [BIND 205-101] Exploring resource sharing.
INFO: [BIND 205-101] Binding ...
INFO: [BIND 205-100] Starting global binding ...
INFO: [BIND 205-100] Finished micro-architecture generation.
INFO: [HLS 200-111] Finished Binding: CPU user time: 1.96 seconds. CPU system time: 0 seconds. Elapsed time: 2 seconds; current allocated memory: 869.562 MB.
INFO: [HLS 200-10] ----------------------------------------------------------------
INFO: [HLS 200-42] -- Implementing module 'advance_Pipeline_VITIS_LOOP_212_2' 
INFO: [HLS 200-10] ----------------------------------------------------------------
INFO: [SCHED 204-11] Starting scheduling ...
INFO: [SCHED 204-61] Pipelining loop 'VITIS_LOOP_212_2'.
INFO: [HLS 200-1470] Pipelining result : Target II = NA, Final II = 1, Depth = 5, loop 'VITIS_LOOP_212_2'
INFO: [SCHED 204-11] Finished scheduling.
INFO: [HLS 200-111] Finished Scheduling: CPU user time: 0.64 seconds. CPU system time: 0.02 seconds. Elapsed time: 0.65 seconds; current allocated memory: 874.730 MB.
INFO: [BIND 205-100] Starting micro-architecture generation ...
INFO: [BIND 205-101] Performing variable lifetime analysis.
INFO: [BIND 205-101] Exploring resource sharing.
INFO: [BIND 205-101] Binding ...
INFO: [BIND 205-100] Finished micro-architecture generation.
INFO: [HLS 200-111] Finished Binding: CPU user time: 0.03 seconds. CPU system time: 0.01 seconds. Elapsed time: 0.04 seconds; current allocated memory: 874.730 MB.
INFO: [HLS 200-10] ----------------------------------------------------------------
INFO: [HLS 200-42] -- Implementing module 'exp_upper_Pipeline_VITIS_LOOP_172_1' 
INFO: [HLS 200-10] ----------------------------------------------------------------
INFO: [SCHED 204-11] Starting scheduling ...
INFO: [SCHED 204-61] Pipelining loop 'VITIS_LOOP_172_1'.
WARNING: [HLS 200-880] The II Violation in module 'exp_upper_Pipeline_VITIS_LOOP_172_1' (loop 'VITIS_LOOP_172_1'): Unable to enforce a carried dependence constraint (II = 1, distance = 1, offset = 1) between 'srem' operation 198 bit ('remainder', hardware/fpga/u250_target23_chained_taylor41/kernel.cpp:38->hardware/fpga/u250_target23_chained_taylor41/kernel.cpp:173) and 'mul' operation 447 bit ('numerator', hardware/fpga/u250_target23_chained_taylor41/kernel.cpp:173).
Resolution: For help on HLS 200-880 see docs.xilinx.com/access/sources/dita/topic?Doc_Version=2025.1%20English&url=ug1448-hls-guidance&resourceid=200-880.html
WARNING: [HLS 200-880] The II Violation in module 'exp_upper_Pipeline_VITIS_LOOP_172_1' (loop 'VITIS_LOOP_172_1'): Unable to enforce a carried dependence constraint (II = 2, distance = 1, offset = 1) between 'srem' operation 198 bit ('remainder', hardware/fpga/u250_target23_chained_taylor41/kernel.cpp:38->hardware/fpga/u250_target23_chained_taylor41/kernel.cpp:173) and 'mul' operation 447 bit ('numerator', hardware/fpga/u250_target23_chained_taylor41/kernel.cpp:173).
Resolution: For help on HLS 200-880 see docs.xilinx.com/access/sources/dita/topic?Doc_Version=2025.1%20English&url=ug1448-hls-guidance&resourceid=200-880.html
WARNING: [HLS 200-880] The II Violation in module 'exp_upper_Pipeline_VITIS_LOOP_172_1' (loop 'VITIS_LOOP_172_1'): Unable to enforce a carried dependence constraint (II = 3, distance = 1, offset = 1) between 'srem' operation 198 bit ('remainder', hardware/fpga/u250_target23_chained_taylor41/kernel.cpp:38->hardware/fpga/u250_target23_chained_taylor41/kernel.cpp:173) and 'mul' operation 447 bit ('numerator', hardware/fpga/u250_target23_chained_taylor41/kernel.cpp:173).
Resolution: For help on HLS 200-880 see docs.xilinx.com/access/sources/dita/topic?Doc_Version=2025.1%20English&url=ug1448-hls-guidance&resourceid=200-880.html
WARNING: [HLS 200-880] The II Violation in module 'exp_upper_Pipeline_VITIS_LOOP_172_1' (loop 'VITIS_LOOP_172_1'): Unable to enforce a carried dependence constraint (II = 4, distance = 1, offset = 1) between 'srem' operation 198 bit ('remainder', hardware/fpga/u250_target23_chained_taylor41/kernel.cpp:38->hardware/fpga/u250_target23_chained_taylor41/kernel.cpp:173) and 'mul' operation 447 bit ('numerator', hardware/fpga/u250_target23_chained_taylor41/kernel.cpp:173).
Resolution: For help on HLS 200-880 see docs.xilinx.com/access/sources/dita/topic?Doc_Version=2025.1%20English&url=ug1448-hls-guidance&resourceid=200-880.html
WARNING: [HLS 200-880] The II Violation in module 'exp_upper_Pipeline_VITIS_LOOP_172_1' (loop 'VITIS_LOOP_172_1'): Unable to enforce a carried dependence constraint (II = 130, distance = 1, offset = 1) between 'srem' operation 198 bit ('remainder', hardware/fpga/u250_target23_chained_taylor41/kernel.cpp:38->hardware/fpga/u250_target23_chained_taylor41/kernel.cpp:173) and 'mul' operation 447 bit ('numerator', hardware/fpga/u250_target23_chained_taylor41/kernel.cpp:173).
Resolution: For help on HLS 200-880 see docs.xilinx.com/access/sources/dita/topic?Doc_Version=2025.1%20English&url=ug1448-hls-guidance&resourceid=200-880.html
WARNING: [HLS 200-880] The II Violation in module 'exp_upper_Pipeline_VITIS_LOOP_172_1' (loop 'VITIS_LOOP_172_1'): Unable to enforce a carried dependence constraint (II = 193, distance = 1, offset = 1) between 'srem' operation 198 bit ('remainder', hardware/fpga/u250_target23_chained_taylor41/kernel.cpp:38->hardware/fpga/u250_target23_chained_taylor41/kernel.cpp:173) and 'mul' operation 447 bit ('numerator', hardware/fpga/u250_target23_chained_taylor41/kernel.cpp:173).
Resolution: For help on HLS 200-880 see docs.xilinx.com/access/sources/dita/topic?Doc_Version=2025.1%20English&url=ug1448-hls-guidance&resourceid=200-880.html
WARNING: [HLS 200-880] The II Violation in module 'exp_upper_Pipeline_VITIS_LOOP_172_1' (loop 'VITIS_LOOP_172_1'): Unable to enforce a carried dependence constraint (II = 225, distance = 1, offset = 1) between 'srem' operation 198 bit ('remainder', hardware/fpga/u250_target23_chained_taylor41/kernel.cpp:38->hardware/fpga/u250_target23_chained_taylor41/kernel.cpp:173) and 'mul' operation 447 bit ('numerator', hardware/fpga/u250_target23_chained_taylor41/kernel.cpp:173).
Resolution: For help on HLS 200-880 see docs.xilinx.com/access/sources/dita/topic?Doc_Version=2025.1%20English&url=ug1448-hls-guidance&resourceid=200-880.html
WARNING: [HLS 200-880] The II Violation in module 'exp_upper_Pipeline_VITIS_LOOP_172_1' (loop 'VITIS_LOOP_172_1'): Unable to enforce a carried dependence constraint (II = 241, distance = 1, offset = 1) between 'srem' operation 198 bit ('remainder', hardware/fpga/u250_target23_chained_taylor41/kernel.cpp:38->hardware/fpga/u250_target23_chained_taylor41/kernel.cpp:173) and 'mul' operation 447 bit ('numerator', hardware/fpga/u250_target23_chained_taylor41/kernel.cpp:173).
Resolution: For help on HLS 200-880 see docs.xilinx.com/access/sources/dita/topic?Doc_Version=2025.1%20English&url=ug1448-hls-guidance&resourceid=200-880.html
WARNING: [HLS 200-880] The II Violation in module 'exp_upper_Pipeline_VITIS_LOOP_172_1' (loop 'VITIS_LOOP_172_1'): Unable to enforce a carried dependence constraint (II = 249, distance = 1, offset = 1) between 'srem' operation 198 bit ('remainder', hardware/fpga/u250_target23_chained_taylor41/kernel.cpp:38->hardware/fpga/u250_target23_chained_taylor41/kernel.cpp:173) and 'mul' operation 447 bit ('numerator', hardware/fpga/u250_target23_chained_taylor41/kernel.cpp:173).
Resolution: For help on HLS 200-880 see docs.xilinx.com/access/sources/dita/topic?Doc_Version=2025.1%20English&url=ug1448-hls-guidance&resourceid=200-880.html
WARNING: [HLS 200-880] The II Violation in module 'exp_upper_Pipeline_VITIS_LOOP_172_1' (loop 'VITIS_LOOP_172_1'): Unable to enforce a carried dependence constraint (II = 253, distance = 1, offset = 1) between 'srem' operation 198 bit ('remainder', hardware/fpga/u250_target23_chained_taylor41/kernel.cpp:38->hardware/fpga/u250_target23_chained_taylor41/kernel.cpp:173) and 'mul' operation 447 bit ('numerator', hardware/fpga/u250_target23_chained_taylor41/kernel.cpp:173).
Resolution: For help on HLS 200-880 see docs.xilinx.com/access/sources/dita/topic?Doc_Version=2025.1%20English&url=ug1448-hls-guidance&resourceid=200-880.html
WARNING: [HLS 200-880] The II Violation in module 'exp_upper_Pipeline_VITIS_LOOP_172_1' (loop 'VITIS_LOOP_172_1'): Unable to enforce a carried dependence constraint (II = 255, distance = 1, offset = 1) between 'srem' operation 198 bit ('remainder', hardware/fpga/u250_target23_chained_taylor41/kernel.cpp:38->hardware/fpga/u250_target23_chained_taylor41/kernel.cpp:173) and 'mul' operation 447 bit ('numerator', hardware/fpga/u250_target23_chained_taylor41/kernel.cpp:173).
Resolution: For help on HLS 200-880 see docs.xilinx.com/access/sources/dita/topic?Doc_Version=2025.1%20English&url=ug1448-hls-guidance&resourceid=200-880.html
WARNING: [HLS 200-880] The II Violation in module 'exp_upper_Pipeline_VITIS_LOOP_172_1' (loop 'VITIS_LOOP_172_1'): Unable to enforce a carried dependence constraint (II = 256, distance = 1, offset = 1) between 'srem' operation 198 bit ('remainder', hardware/fpga/u250_target23_chained_taylor41/kernel.cpp:38->hardware/fpga/u250_target23_chained_taylor41/kernel.cpp:173) and 'mul' operation 447 bit ('numerator', hardware/fpga/u250_target23_chained_taylor41/kernel.cpp:173).
Resolution: For help on HLS 200-880 see docs.xilinx.com/access/sources/dita/topic?Doc_Version=2025.1%20English&url=ug1448-hls-guidance&resourceid=200-880.html
INFO: [SCHED 204-61] Unable to satisfy pipeline directive for loop 'VITIS_LOOP_172_1': unable to pipeline.
INFO: [SCHED 204-11] Finished scheduling.
INFO: [HLS 200-111] Finished Scheduling: CPU user time: 0.05 seconds. CPU system time: 0 seconds. Elapsed time: 0.05 seconds; current allocated memory: 874.730 MB.
INFO: [BIND 205-100] Starting micro-architecture generation ...
INFO: [BIND 205-101] Performing variable lifetime analysis.
INFO: [BIND 205-101] Exploring resource sharing.
INFO: [BIND 205-101] Binding ...
INFO: [BIND 205-100] Finished micro-architecture generation.
INFO: [HLS 200-111] Finished Binding: CPU user time: 0.06 seconds. CPU system time: 0 seconds. Elapsed time: 0.06 seconds; current allocated memory: 876.777 MB.
INFO: [HLS 200-10] ----------------------------------------------------------------
INFO: [HLS 200-42] -- Implementing module 'exp_upper' 
INFO: [HLS 200-10] ----------------------------------------------------------------
INFO: [SCHED 204-11] Starting scheduling ...
INFO: [SCHED 204-11] Finished scheduling.
INFO: [HLS 200-111] Finished Scheduling: CPU user time: 0.06 seconds. CPU system time: 0.01 seconds. Elapsed time: 0.07 seconds; current allocated memory: 880.137 MB.
INFO: [BIND 205-100] Starting micro-architecture generation ...
INFO: [BIND 205-101] Performing variable lifetime analysis.
INFO: [BIND 205-101] Exploring resource sharing.
INFO: [BIND 205-101] Binding ...
INFO: [BIND 205-100] Starting global binding ...
INFO: [BIND 205-100] Finished micro-architecture generation.
INFO: [HLS 200-111] Finished Binding: CPU user time: 0.27 seconds. CPU system time: 0 seconds. Elapsed time: 0.28 seconds; current allocated memory: 886.145 MB.
INFO: [HLS 200-10] ----------------------------------------------------------------
INFO: [HLS 200-42] -- Implementing module 'advance' 
INFO: [HLS 200-10] ----------------------------------------------------------------
INFO: [SCHED 204-11] Starting scheduling ...
INFO: [SCHED 204-11] Finished scheduling.
INFO: [HLS 200-111] Finished Scheduling: CPU user time: 0.17 seconds. CPU system time: 0 seconds. Elapsed time: 0.16 seconds; current allocated memory: 890.074 MB.
INFO: [BIND 205-100] Starting micro-architecture generation ...
INFO: [BIND 205-101] Performing variable lifetime analysis.
INFO: [BIND 205-101] Exploring resource sharing.
INFO: [BIND 205-101] Binding ...
INFO: [BIND 205-100] Starting global binding ...
INFO: [BIND 205-100] Starting global binding ...
INFO: [BIND 205-100] Finished micro-architecture generation.
INFO: [HLS 200-111] Finished Binding: CPU user time: 0.36 seconds. CPU system time: 0 seconds. Elapsed time: 0.36 seconds; current allocated memory: 890.074 MB.
INFO: [HLS 200-10] ----------------------------------------------------------------
INFO: [HLS 200-42] -- Implementing module 'target23_chained_taylor41_Pipeline_VITIS_LOOP_235_1' 
INFO: [HLS 200-10] ----------------------------------------------------------------
INFO: [SCHED 204-11] Starting scheduling ...
INFO: [SCHED 204-61] Pipelining loop 'VITIS_LOOP_235_1'.
INFO: [HLS 200-1470] Pipelining result : Target II = NA, Final II = 1, Depth = 1, loop 'VITIS_LOOP_235_1'
INFO: [SCHED 204-11] Finished scheduling.
INFO: [HLS 200-111] Finished Scheduling: CPU user time: 0.07 seconds. CPU system time: 0 seconds. Elapsed time: 0.07 seconds; current allocated memory: 890.074 MB.
INFO: [BIND 205-100] Starting micro-architecture generation ...
INFO: [BIND 205-101] Performing variable lifetime analysis.
INFO: [BIND 205-101] Exploring resource sharing.
INFO: [BIND 205-101] Binding ...
INFO: [BIND 205-100] Finished micro-architecture generation.
INFO: [HLS 200-111] Finished Binding: CPU user time: 0.01 seconds. CPU system time: 0 seconds. Elapsed time: 0.01 seconds; current allocated memory: 890.074 MB.
INFO: [HLS 200-10] ----------------------------------------------------------------
INFO: [HLS 200-42] -- Implementing module 'target23_chained_taylor41_Pipeline_VITIS_LOOP_253_4' 
INFO: [HLS 200-10] ----------------------------------------------------------------
INFO: [SCHED 204-11] Starting scheduling ...
INFO: [SCHED 204-61] Pipelining loop 'VITIS_LOOP_253_4'.
INFO: [HLS 200-1470] Pipelining result : Target II = NA, Final II = 1, Depth = 1, loop 'VITIS_LOOP_253_4'
INFO: [SCHED 204-11] Finished scheduling.
INFO: [HLS 200-111] Finished Scheduling: CPU user time: 0.01 seconds. CPU system time: 0 seconds. Elapsed time: 0.01 seconds; current allocated memory: 890.074 MB.
INFO: [BIND 205-100] Starting micro-architecture generation ...
INFO: [BIND 205-101] Performing variable lifetime analysis.
INFO: [BIND 205-101] Exploring resource sharing.
INFO: [BIND 205-101] Binding ...
INFO: [BIND 205-100] Finished micro-architecture generation.
INFO: [HLS 200-111] Finished Binding: CPU user time: 0 seconds. CPU system time: 0 seconds. Elapsed time: 0.01 seconds; current allocated memory: 890.074 MB.
INFO: [HLS 200-10] ----------------------------------------------------------------
INFO: [HLS 200-42] -- Implementing module 'target23_chained_taylor41_Pipeline_VITIS_LOOP_249_3' 
INFO: [HLS 200-10] ----------------------------------------------------------------
INFO: [SCHED 204-11] Starting scheduling ...
INFO: [SCHED 204-61] Pipelining loop 'VITIS_LOOP_249_3'.
INFO: [HLS 200-1470] Pipelining result : Target II = NA, Final II = 1, Depth = 1, loop 'VITIS_LOOP_249_3'
INFO: [SCHED 204-11] Finished scheduling.
INFO: [HLS 200-111] Finished Scheduling: CPU user time: 0.02 seconds. CPU system time: 0 seconds. Elapsed time: 0.01 seconds; current allocated memory: 890.352 MB.
INFO: [BIND 205-100] Starting micro-architecture generation ...
INFO: [BIND 205-101] Performing variable lifetime analysis.
INFO: [BIND 205-101] Exploring resource sharing.
INFO: [BIND 205-101] Binding ...
INFO: [BIND 205-100] Finished micro-architecture generation.
INFO: [HLS 200-111] Finished Binding: CPU user time: 0 seconds. CPU system time: 0.01 seconds. Elapsed time: 0.01 seconds; current allocated memory: 890.352 MB.
INFO: [HLS 200-10] ----------------------------------------------------------------
INFO: [HLS 200-42] -- Implementing module 'target23_chained_taylor41_Pipeline_VITIS_LOOP_260_5' 
INFO: [HLS 200-10] ----------------------------------------------------------------
INFO: [SCHED 204-11] Starting scheduling ...
INFO: [SCHED 204-61] Pipelining loop 'VITIS_LOOP_260_5'.
INFO: [HLS 200-1470] Pipelining result : Target II = NA, Final II = 1, Depth = 1, loop 'VITIS_LOOP_260_5'
INFO: [SCHED 204-11] Finished scheduling.
INFO: [HLS 200-111] Finished Scheduling: CPU user time: 0.02 seconds. CPU system time: 0 seconds. Elapsed time: 0.02 seconds; current allocated memory: 890.824 MB.
INFO: [BIND 205-100] Starting micro-architecture generation ...
INFO: [BIND 205-101] Performing variable lifetime analysis.
INFO: [BIND 205-101] Exploring resource sharing.
INFO: [BIND 205-101] Binding ...
INFO: [BIND 205-100] Finished micro-architecture generation.
INFO: [HLS 200-111] Finished Binding: CPU user time: 0.01 seconds. CPU system time: 0 seconds. Elapsed time: 0 seconds; current allocated memory: 890.824 MB.
INFO: [HLS 200-10] ----------------------------------------------------------------
INFO: [HLS 200-42] -- Implementing module 'target23_chained_taylor41_Pipeline_VITIS_LOOP_277_1' 
INFO: [HLS 200-10] ----------------------------------------------------------------
INFO: [SCHED 204-11] Starting scheduling ...
INFO: [SCHED 204-61] Pipelining loop 'VITIS_LOOP_277_1'.
INFO: [HLS 200-1470] Pipelining result : Target II = NA, Final II = 1, Depth = 2, loop 'VITIS_LOOP_277_1'
INFO: [SCHED 204-11] Finished scheduling.
INFO: [HLS 200-111] Finished Scheduling: CPU user time: 0.01 seconds. CPU system time: 0 seconds. Elapsed time: 0.02 seconds; current allocated memory: 890.996 MB.
INFO: [BIND 205-100] Starting micro-architecture generation ...
INFO: [BIND 205-101] Performing variable lifetime analysis.
INFO: [BIND 205-101] Exploring resource sharing.
INFO: [BIND 205-101] Binding ...
INFO: [BIND 205-100] Finished micro-architecture generation.
INFO: [HLS 200-111] Finished Binding: CPU user time: 0.01 seconds. CPU system time: 0 seconds. Elapsed time: 0 seconds; current allocated memory: 890.996 MB.
INFO: [HLS 200-10] ----------------------------------------------------------------
INFO: [HLS 200-42] -- Implementing module 'target23_chained_taylor41_Pipeline_VITIS_LOOP_277_11' 
INFO: [HLS 200-10] ----------------------------------------------------------------
INFO: [SCHED 204-11] Starting scheduling ...
INFO: [SCHED 204-61] Pipelining loop 'VITIS_LOOP_277_1'.
INFO: [HLS 200-1470] Pipelining result : Target II = NA, Final II = 1, Depth = 2, loop 'VITIS_LOOP_277_1'
INFO: [SCHED 204-11] Finished scheduling.
INFO: [HLS 200-111] Finished Scheduling: CPU user time: 0.01 seconds. CPU system time: 0 seconds. Elapsed time: 0.02 seconds; current allocated memory: 891.223 MB.
INFO: [BIND 205-100] Starting micro-architecture generation ...
INFO: [BIND 205-101] Performing variable lifetime analysis.
INFO: [BIND 205-101] Exploring resource sharing.
INFO: [BIND 205-101] Binding ...
INFO: [BIND 205-100] Finished micro-architecture generation.
INFO: [HLS 200-111] Finished Binding: CPU user time: 0 seconds. CPU system time: 0 seconds. Elapsed time: 0 seconds; current allocated memory: 891.223 MB.
INFO: [HLS 200-10] ----------------------------------------------------------------
INFO: [HLS 200-42] -- Implementing module 'target23_chained_taylor41_Pipeline_VITIS_LOOP_277_12' 
INFO: [HLS 200-10] ----------------------------------------------------------------
INFO: [SCHED 204-11] Starting scheduling ...
INFO: [SCHED 204-61] Pipelining loop 'VITIS_LOOP_277_1'.
INFO: [HLS 200-1470] Pipelining result : Target II = NA, Final II = 1, Depth = 2, loop 'VITIS_LOOP_277_1'
INFO: [SCHED 204-11] Finished scheduling.
INFO: [HLS 200-111] Finished Scheduling: CPU user time: 0.01 seconds. CPU system time: 0 seconds. Elapsed time: 0.01 seconds; current allocated memory: 891.477 MB.
INFO: [BIND 205-100] Starting micro-architecture generation ...
INFO: [BIND 205-101] Performing variable lifetime analysis.
INFO: [BIND 205-101] Exploring resource sharing.
INFO: [BIND 205-101] Binding ...
INFO: [BIND 205-100] Finished micro-architecture generation.
INFO: [HLS 200-111] Finished Binding: CPU user time: 0 seconds. CPU system time: 0 seconds. Elapsed time: 0.01 seconds; current allocated memory: 891.477 MB.
INFO: [HLS 200-10] ----------------------------------------------------------------
INFO: [HLS 200-42] -- Implementing module 'target23_chained_taylor41_Pipeline_VITIS_LOOP_277_13' 
INFO: [HLS 200-10] ----------------------------------------------------------------
INFO: [SCHED 204-11] Starting scheduling ...
INFO: [SCHED 204-61] Pipelining loop 'VITIS_LOOP_277_1'.
INFO: [HLS 200-1470] Pipelining result : Target II = NA, Final II = 1, Depth = 2, loop 'VITIS_LOOP_277_1'
INFO: [SCHED 204-11] Finished scheduling.
INFO: [HLS 200-111] Finished Scheduling: CPU user time: 0.01 seconds. CPU system time: 0 seconds. Elapsed time: 0.01 seconds; current allocated memory: 891.703 MB.
INFO: [BIND 205-100] Starting micro-architecture generation ...
INFO: [BIND 205-101] Performing variable lifetime analysis.
INFO: [BIND 205-101] Exploring resource sharing.
INFO: [BIND 205-101] Binding ...
INFO: [BIND 205-100] Finished micro-architecture generation.
INFO: [HLS 200-111] Finished Binding: CPU user time: 0 seconds. CPU system time: 0 seconds. Elapsed time: 0 seconds; current allocated memory: 891.703 MB.
INFO: [HLS 200-10] ----------------------------------------------------------------
INFO: [HLS 200-42] -- Implementing module 'target23_chained_taylor41_Pipeline_VITIS_LOOP_323_3' 
INFO: [HLS 200-10] ----------------------------------------------------------------
INFO: [SCHED 204-11] Starting scheduling ...
INFO: [SCHED 204-61] Pipelining loop 'VITIS_LOOP_323_3'.
WARNING: [HLS 200-880] The II Violation in module 'target23_chained_taylor41_Pipeline_VITIS_LOOP_323_3' (loop 'VITIS_LOOP_323_3'): Unable to enforce a carried dependence constraint (II = 1, distance = 1, offset = 1) between bus write operation ('gmem1_addr_write_ln277', hardware/fpga/u250_target23_chained_taylor41/kernel.cpp:277->hardware/fpga/u250_target23_chained_taylor41/kernel.cpp:323) on port 'gmem1' (hardware/fpga/u250_target23_chained_taylor41/kernel.cpp:277->hardware/fpga/u250_target23_chained_taylor41/kernel.cpp:323) and bus write operation ('gmem1_addr_write_ln277', hardware/fpga/u250_target23_chained_taylor41/kernel.cpp:277->hardware/fpga/u250_target23_chained_taylor41/kernel.cpp:323) on port 'gmem1' (hardware/fpga/u250_target23_chained_taylor41/kernel.cpp:277->hardware/fpga/u250_target23_chained_taylor41/kernel.cpp:323).
Resolution: For help on HLS 200-880 see docs.xilinx.com/access/sources/dita/topic?Doc_Version=2025.1%20English&url=ug1448-hls-guidance&resourceid=200-880.html
WARNING: [HLS 200-880] The II Violation in module 'target23_chained_taylor41_Pipeline_VITIS_LOOP_323_3' (loop 'VITIS_LOOP_323_3'): Unable to enforce a carried dependence constraint (II = 2, distance = 1, offset = 1) between bus write operation ('gmem1_addr_write_ln277', hardware/fpga/u250_target23_chained_taylor41/kernel.cpp:277->hardware/fpga/u250_target23_chained_taylor41/kernel.cpp:323) on port 'gmem1' (hardware/fpga/u250_target23_chained_taylor41/kernel.cpp:277->hardware/fpga/u250_target23_chained_taylor41/kernel.cpp:323) and bus write operation ('gmem1_addr_write_ln277', hardware/fpga/u250_target23_chained_taylor41/kernel.cpp:277->hardware/fpga/u250_target23_chained_taylor41/kernel.cpp:323) on port 'gmem1' (hardware/fpga/u250_target23_chained_taylor41/kernel.cpp:277->hardware/fpga/u250_target23_chained_taylor41/kernel.cpp:323).
Resolution: For help on HLS 200-880 see docs.xilinx.com/access/sources/dita/topic?Doc_Version=2025.1%20English&url=ug1448-hls-guidance&resourceid=200-880.html
WARNING: [HLS 200-880] The II Violation in module 'target23_chained_taylor41_Pipeline_VITIS_LOOP_323_3' (loop 'VITIS_LOOP_323_3'): Unable to enforce a carried dependence constraint (II = 3, distance = 1, offset = 1) between bus write operation ('gmem1_addr_write_ln277', hardware/fpga/u250_target23_chained_taylor41/kernel.cpp:277->hardware/fpga/u250_target23_chained_taylor41/kernel.cpp:323) on port 'gmem1' (hardware/fpga/u250_target23_chained_taylor41/kernel.cpp:277->hardware/fpga/u250_target23_chained_taylor41/kernel.cpp:323) and bus write operation ('gmem1_addr_write_ln277', hardware/fpga/u250_target23_chained_taylor41/kernel.cpp:277->hardware/fpga/u250_target23_chained_taylor41/kernel.cpp:323) on port 'gmem1' (hardware/fpga/u250_target23_chained_taylor41/kernel.cpp:277->hardware/fpga/u250_target23_chained_taylor41/kernel.cpp:323).
Resolution: For help on HLS 200-880 see docs.xilinx.com/access/sources/dita/topic?Doc_Version=2025.1%20English&url=ug1448-hls-guidance&resourceid=200-880.html
WARNING: [HLS 200-880] The II Violation in module 'target23_chained_taylor41_Pipeline_VITIS_LOOP_323_3' (loop 'VITIS_LOOP_323_3'): Unable to enforce a carried dependence constraint (II = 4, distance = 1, offset = 1) between bus write operation ('gmem1_addr_write_ln277', hardware/fpga/u250_target23_chained_taylor41/kernel.cpp:277->hardware/fpga/u250_target23_chained_taylor41/kernel.cpp:323) on port 'gmem1' (hardware/fpga/u250_target23_chained_taylor41/kernel.cpp:277->hardware/fpga/u250_target23_chained_taylor41/kernel.cpp:323) and bus write operation ('gmem1_addr_write_ln277', hardware/fpga/u250_target23_chained_taylor41/kernel.cpp:277->hardware/fpga/u250_target23_chained_taylor41/kernel.cpp:323) on port 'gmem1' (hardware/fpga/u250_target23_chained_taylor41/kernel.cpp:277->hardware/fpga/u250_target23_chained_taylor41/kernel.cpp:323).
Resolution: For help on HLS 200-880 see docs.xilinx.com/access/sources/dita/topic?Doc_Version=2025.1%20English&url=ug1448-hls-guidance&resourceid=200-880.html
WARNING: [HLS 200-880] The II Violation in module 'target23_chained_taylor41_Pipeline_VITIS_LOOP_323_3' (loop 'VITIS_LOOP_323_3'): Unable to enforce a carried dependence constraint (II = 5, distance = 1, offset = 1) between bus write operation ('gmem1_addr_write_ln277', hardware/fpga/u250_target23_chained_taylor41/kernel.cpp:277->hardware/fpga/u250_target23_chained_taylor41/kernel.cpp:323) on port 'gmem1' (hardware/fpga/u250_target23_chained_taylor41/kernel.cpp:277->hardware/fpga/u250_target23_chained_taylor41/kernel.cpp:323) and bus write operation ('gmem1_addr_write_ln277', hardware/fpga/u250_target23_chained_taylor41/kernel.cpp:277->hardware/fpga/u250_target23_chained_taylor41/kernel.cpp:323) on port 'gmem1' (hardware/fpga/u250_target23_chained_taylor41/kernel.cpp:277->hardware/fpga/u250_target23_chained_taylor41/kernel.cpp:323).
Resolution: For help on HLS 200-880 see docs.xilinx.com/access/sources/dita/topic?Doc_Version=2025.1%20English&url=ug1448-hls-guidance&resourceid=200-880.html
WARNING: [HLS 200-880] The II Violation in module 'target23_chained_taylor41_Pipeline_VITIS_LOOP_323_3' (loop 'VITIS_LOOP_323_3'): Unable to enforce a carried dependence constraint (II = 6, distance = 1, offset = 1) between bus write operation ('gmem1_addr_write_ln277', hardware/fpga/u250_target23_chained_taylor41/kernel.cpp:277->hardware/fpga/u250_target23_chained_taylor41/kernel.cpp:323) on port 'gmem1' (hardware/fpga/u250_target23_chained_taylor41/kernel.cpp:277->hardware/fpga/u250_target23_chained_taylor41/kernel.cpp:323) and bus write operation ('gmem1_addr_write_ln277', hardware/fpga/u250_target23_chained_taylor41/kernel.cpp:277->hardware/fpga/u250_target23_chained_taylor41/kernel.cpp:323) on port 'gmem1' (hardware/fpga/u250_target23_chained_taylor41/kernel.cpp:277->hardware/fpga/u250_target23_chained_taylor41/kernel.cpp:323).
Resolution: For help on HLS 200-880 see docs.xilinx.com/access/sources/dita/topic?Doc_Version=2025.1%20English&url=ug1448-hls-guidance&resourceid=200-880.html
INFO: [HLS 200-1470] Pipelining result : Target II = NA, Final II = 7, Depth = 8, loop 'VITIS_LOOP_323_3'
INFO: [SCHED 204-11] Finished scheduling.
INFO: [HLS 200-111] Finished Scheduling: CPU user time: 0.02 seconds. CPU system time: 0 seconds. Elapsed time: 0.02 seconds; current allocated memory: 892.203 MB.
INFO: [BIND 205-100] Starting micro-architecture generation ...
INFO: [BIND 205-101] Performing variable lifetime analysis.
INFO: [BIND 205-101] Exploring resource sharing.
INFO: [BIND 205-101] Binding ...
INFO: [BIND 205-100] Finished micro-architecture generation.
INFO: [HLS 200-111] Finished Binding: CPU user time: 0.01 seconds. CPU system time: 0 seconds. Elapsed time: 0.01 seconds; current allocated memory: 892.203 MB.
INFO: [HLS 200-10] ----------------------------------------------------------------
INFO: [HLS 200-42] -- Implementing module 'target23_chained_taylor41_Pipeline_VITIS_LOOP_277_14' 
INFO: [HLS 200-10] ----------------------------------------------------------------
INFO: [SCHED 204-11] Starting scheduling ...
INFO: [SCHED 204-61] Pipelining loop 'VITIS_LOOP_277_1'.
INFO: [HLS 200-1470] Pipelining result : Target II = NA, Final II = 1, Depth = 2, loop 'VITIS_LOOP_277_1'
INFO: [SCHED 204-11] Finished scheduling.
INFO: [HLS 200-111] Finished Scheduling: CPU user time: 0.01 seconds. CPU system time: 0 seconds. Elapsed time: 0.01 seconds; current allocated memory: 892.398 MB.
INFO: [BIND 205-100] Starting micro-architecture generation ...
INFO: [BIND 205-101] Performing variable lifetime analysis.
INFO: [BIND 205-101] Exploring resource sharing.
INFO: [BIND 205-101] Binding ...
INFO: [BIND 205-100] Finished micro-architecture generation.
INFO: [HLS 200-111] Finished Binding: CPU user time: 0 seconds. CPU system time: 0 seconds. Elapsed time: 0.01 seconds; current allocated memory: 892.398 MB.
INFO: [HLS 200-10] ----------------------------------------------------------------
INFO: [HLS 200-42] -- Implementing module 'target23_chained_taylor41_Pipeline_VITIS_LOOP_277_15' 
INFO: [HLS 200-10] ----------------------------------------------------------------
INFO: [SCHED 204-11] Starting scheduling ...
INFO: [SCHED 204-61] Pipelining loop 'VITIS_LOOP_277_1'.
INFO: [HLS 200-1470] Pipelining result : Target II = NA, Final II = 1, Depth = 2, loop 'VITIS_LOOP_277_1'
INFO: [SCHED 204-11] Finished scheduling.
INFO: [HLS 200-111] Finished Scheduling: CPU user time: 0.02 seconds. CPU system time: 0 seconds. Elapsed time: 0.01 seconds; current allocated memory: 892.641 MB.
INFO: [BIND 205-100] Starting micro-architecture generation ...
INFO: [BIND 205-101] Performing variable lifetime analysis.
INFO: [BIND 205-101] Exploring resource sharing.
INFO: [BIND 205-101] Binding ...
INFO: [BIND 205-100] Finished micro-architecture generation.
INFO: [HLS 200-111] Finished Binding: CPU user time: 0 seconds. CPU system time: 0 seconds. Elapsed time: 0 seconds; current allocated memory: 892.641 MB.
INFO: [HLS 200-10] ----------------------------------------------------------------
INFO: [HLS 200-42] -- Implementing module 'target23_chained_taylor41_Pipeline_VITIS_LOOP_327_4' 
INFO: [HLS 200-10] ----------------------------------------------------------------
INFO: [SCHED 204-11] Starting scheduling ...
INFO: [SCHED 204-61] Pipelining loop 'VITIS_LOOP_327_4'.
INFO: [HLS 200-1470] Pipelining result : Target II = NA, Final II = 1, Depth = 1, loop 'VITIS_LOOP_327_4'
INFO: [SCHED 204-11] Finished scheduling.
INFO: [HLS 200-111] Finished Scheduling: CPU user time: 0.01 seconds. CPU system time: 0 seconds. Elapsed time: 0.01 seconds; current allocated memory: 892.988 MB.
INFO: [BIND 205-100] Starting micro-architecture generation ...
INFO: [BIND 205-101] Performing variable lifetime analysis.
INFO: [BIND 205-101] Exploring resource sharing.
INFO: [BIND 205-101] Binding ...
INFO: [BIND 205-100] Finished micro-architecture generation.
INFO: [HLS 200-111] Finished Binding: CPU user time: 0.01 seconds. CPU system time: 0 seconds. Elapsed time: 0.01 seconds; current allocated memory: 892.988 MB.
INFO: [HLS 200-10] ----------------------------------------------------------------
INFO: [HLS 200-42] -- Implementing module 'target23_chained_taylor41' 
INFO: [HLS 200-10] ----------------------------------------------------------------
INFO: [SCHED 204-11] Starting scheduling ...
INFO: [SCHED 204-11] Finished scheduling.
INFO: [HLS 200-111] Finished Scheduling: CPU user time: 0.22 seconds. CPU system time: 0.01 seconds. Elapsed time: 0.23 seconds; current allocated memory: 899.418 MB.
INFO: [BIND 205-100] Starting micro-architecture generation ...
INFO: [BIND 205-101] Performing variable lifetime analysis.
INFO: [BIND 205-101] Exploring resource sharing.
INFO: [BIND 205-101] Binding ...
INFO: [BIND 205-100] Starting global binding ...
INFO: [BIND 205-100] Starting global binding ...
INFO: [BIND 205-100] Finished micro-architecture generation.
INFO: [HLS 200-111] Finished Binding: CPU user time: 0.6 seconds. CPU system time: 0.01 seconds. Elapsed time: 0.62 seconds; current allocated memory: 907.273 MB.
INFO: [HLS 200-10] ----------------------------------------------------------------
INFO: [HLS 200-10] -- Generating RTL for module 'load_q' 
INFO: [HLS 200-10] ----------------------------------------------------------------
INFO: [HLS 200-1030] Apply Unified Pipeline Control on module 'load_q' pipeline 'load_q' pipeline type 'function pipeline'
INFO: [RTGEN 206-100] Finished creating RTL model for 'load_q'.
INFO: [HLS 200-111] Finished Creating RTL model: CPU user time: 0.16 seconds. CPU system time: 0.02 seconds. Elapsed time: 0.16 seconds; current allocated memory: 907.914 MB.
INFO: [HLS 200-10] ----------------------------------------------------------------
INFO: [HLS 200-10] -- Generating RTL for module 'target23_chained_taylor41_Pipeline_VITIS_LOOP_294_1' 
INFO: [HLS 200-10] ----------------------------------------------------------------
INFO: [HLS 200-1030] Apply Unified Pipeline Control on module 'target23_chained_taylor41_Pipeline_VITIS_LOOP_294_1' pipeline 'VITIS_LOOP_294_1' pipeline type 'loop pipeline'
INFO: [RTGEN 206-100] Finished creating RTL model for 'target23_chained_taylor41_Pipeline_VITIS_LOOP_294_1'.
INFO: [HLS 200-111] Finished Creating RTL model: CPU user time: 0.11 seconds. CPU system time: 0 seconds. Elapsed time: 0.12 seconds; current allocated memory: 910.730 MB.
INFO: [HLS 200-10] ----------------------------------------------------------------
INFO: [HLS 200-10] -- Generating RTL for module 'advance_Pipeline_VITIS_LOOP_195_1' 
INFO: [HLS 200-10] ----------------------------------------------------------------
INFO: [RTGEN 206-100] Generating core module 'sparsemux_9_2_224_1_1': 1 instance(s).
INFO: [RTGEN 206-100] Finished creating RTL model for 'advance_Pipeline_VITIS_LOOP_195_1'.
INFO: [HLS 200-111] Finished Creating RTL model: CPU user time: 0.05 seconds. CPU system time: 0 seconds. Elapsed time: 0.19 seconds; current allocated memory: 911.957 MB.
INFO: [HLS 200-10] ----------------------------------------------------------------
INFO: [HLS 200-10] -- Generating RTL for module 'close_box_Pipeline_VITIS_LOOP_107_1' 
INFO: [HLS 200-10] ----------------------------------------------------------------
INFO: [HLS 200-1030] Apply Unified Pipeline Control on module 'close_box_Pipeline_VITIS_LOOP_107_1' pipeline 'VITIS_LOOP_107_1' pipeline type 'loop pipeline'
INFO: [RTGEN 206-100] Generating core module 'sparsemux_9_2_224_1_1': 2 instance(s).
INFO: [RTGEN 206-100] Finished creating RTL model for 'close_box_Pipeline_VITIS_LOOP_107_1'.
INFO: [HLS 200-111] Finished Creating RTL model: CPU user time: 0.04 seconds. CPU system time: 0.01 seconds. Elapsed time: 0.05 seconds; current allocated memory: 914.148 MB.
INFO: [HLS 200-10] ----------------------------------------------------------------
INFO: [HLS 200-10] -- Generating RTL for module 'times_i' 
INFO: [HLS 200-10] ----------------------------------------------------------------
INFO: [HLS 200-1030] Apply Unified Pipeline Control on module 'times_i' pipeline 'times_i' pipeline type 'function pipeline'
INFO: [RTGEN 206-100] Generating core module 'mul_224s_224s_448_2_1': 1 instance(s).
INFO: [RTGEN 206-100] Finished creating RTL model for 'times_i'.
INFO: [HLS 200-111] Finished Creating RTL model: CPU user time: 0.04 seconds. CPU system time: 0.01 seconds. Elapsed time: 0.06 seconds; current allocated memory: 916.723 MB.
INFO: [HLS 200-10] ----------------------------------------------------------------
INFO: [HLS 200-10] -- Generating RTL for module 'picard_image_Pipeline_VITIS_LOOP_85_1' 
INFO: [HLS 200-10] ----------------------------------------------------------------
INFO: [HLS 200-1030] Apply Unified Pipeline Control on module 'picard_image_Pipeline_VITIS_LOOP_85_1' pipeline 'VITIS_LOOP_85_1' pipeline type 'loop pipeline'
INFO: [RTGEN 206-100] Generating core module 'sparsemux_9_2_224_1_1': 4 instance(s).
INFO: [RTGEN 206-100] Finished creating RTL model for 'picard_image_Pipeline_VITIS_LOOP_85_1'.
INFO: [HLS 200-111] Finished Creating RTL model: CPU user time: 0.04 seconds. CPU system time: 0 seconds. Elapsed time: 0.06 seconds; current allocated memory: 917.906 MB.
INFO: [HLS 200-10] ----------------------------------------------------------------
INFO: [HLS 200-10] -- Generating RTL for module 'picard_image' 
INFO: [HLS 200-10] ----------------------------------------------------------------
INFO: [RTGEN 206-104] Estimated max fanout for 'picard_image' is 5609 from HDL expression: (1'b1 == ap_CS_fsm_state8)
INFO: [RTGEN 206-100] Finished creating RTL model for 'picard_image'.
INFO: [HLS 200-111] Finished Creating RTL model: CPU user time: 0.06 seconds. CPU system time: 0.01 seconds. Elapsed time: 1.84 seconds; current allocated memory: 921.258 MB.
INFO: [HLS 200-10] ----------------------------------------------------------------
INFO: [HLS 200-10] -- Generating RTL for module 'close_box_Pipeline_VITIS_LOOP_117_3' 
INFO: [HLS 200-10] ----------------------------------------------------------------
INFO: [RTGEN 206-100] Generating core module 'sparsemux_9_2_224_1_1': 4 instance(s).
INFO: [RTGEN 206-100] Finished creating RTL model for 'close_box_Pipeline_VITIS_LOOP_117_3'.
INFO: [HLS 200-111] Finished Creating RTL model: CPU user time: 0.06 seconds. CPU system time: 0.01 seconds. Elapsed time: 0.07 seconds; current allocated memory: 925.652 MB.
INFO: [HLS 200-10] ----------------------------------------------------------------
INFO: [HLS 200-10] -- Generating RTL for module 'close_box_Pipeline_VITIS_LOOP_134_6' 
INFO: [HLS 200-10] ----------------------------------------------------------------
INFO: [RTGEN 206-100] Generating core module 'sparsemux_9_2_224_1_1': 2 instance(s).
INFO: [RTGEN 206-100] Finished creating RTL model for 'close_box_Pipeline_VITIS_LOOP_134_6'.
INFO: [HLS 200-111] Finished Creating RTL model: CPU user time: 0.04 seconds. CPU system time: 0 seconds. Elapsed time: 0.35 seconds; current allocated memory: 926.555 MB.
INFO: [HLS 200-10] ----------------------------------------------------------------
INFO: [HLS 200-10] -- Generating RTL for module 'close_box_Pipeline_VITIS_LOOP_124_4' 
INFO: [HLS 200-10] ----------------------------------------------------------------
INFO: [RTGEN 206-100] Generating core module 'sparsemux_9_2_224_1_1': 2 instance(s).
INFO: [RTGEN 206-100] Finished creating RTL model for 'close_box_Pipeline_VITIS_LOOP_124_4'.
INFO: [HLS 200-111] Finished Creating RTL model: CPU user time: 0.03 seconds. CPU system time: 0.01 seconds. Elapsed time: 0.08 seconds; current allocated memory: 927.387 MB.
INFO: [HLS 200-10] ----------------------------------------------------------------
INFO: [HLS 200-10] -- Generating RTL for module 'close_box_Pipeline_VITIS_LOOP_126_5' 
INFO: [HLS 200-10] ----------------------------------------------------------------
INFO: [HLS 200-1030] Apply Unified Pipeline Control on module 'close_box_Pipeline_VITIS_LOOP_126_5' pipeline 'VITIS_LOOP_126_5' pipeline type 'loop pipeline'
INFO: [RTGEN 206-100] Generating core module 'sparsemux_9_2_224_1_1': 4 instance(s).
INFO: [RTGEN 206-100] Finished creating RTL model for 'close_box_Pipeline_VITIS_LOOP_126_5'.
INFO: [HLS 200-111] Finished Creating RTL model: CPU user time: 0.05 seconds. CPU system time: 0 seconds. Elapsed time: 2.21 seconds; current allocated memory: 929.418 MB.
INFO: [HLS 200-10] ----------------------------------------------------------------
INFO: [HLS 200-10] -- Generating RTL for module 'close_box' 
INFO: [HLS 200-10] ----------------------------------------------------------------
INFO: [RTGEN 206-100] Generating core module 'mul_223ns_224s_416_2_1': 1 instance(s).
INFO: [RTGEN 206-100] Finished creating RTL model for 'close_box'.
INFO: [HLS 200-111] Finished Creating RTL model: CPU user time: 0.09 seconds. CPU system time: 0.01 seconds. Elapsed time: 2.35 seconds; current allocated memory: 934.531 MB.
INFO: [HLS 200-10] ----------------------------------------------------------------
INFO: [HLS 200-10] -- Generating RTL for module 'coefficients_Pipeline_VITIS_LOOP_142_1' 
INFO: [HLS 200-10] ----------------------------------------------------------------
INFO: [RTGEN 206-100] Generating core module 'sparsemux_9_2_224_1_1': 2 instance(s).
INFO: [RTGEN 206-100] Finished creating RTL model for 'coefficients_Pipeline_VITIS_LOOP_142_1'.
INFO: [HLS 200-111] Finished Creating RTL model: CPU user time: 0.12 seconds. CPU system time: 0.01 seconds. Elapsed time: 0.25 seconds; current allocated memory: 943.328 MB.
INFO: [HLS 200-10] ----------------------------------------------------------------
INFO: [HLS 200-10] -- Generating RTL for module 'coefficients_Pipeline_VITIS_LOOP_151_4' 
INFO: [HLS 200-10] ----------------------------------------------------------------
INFO: [HLS 200-1030] Apply Unified Pipeline Control on module 'coefficients_Pipeline_VITIS_LOOP_151_4' pipeline 'VITIS_LOOP_151_4' pipeline type 'loop pipeline'
INFO: [RTGEN 206-100] Generating core module 'sparsemux_83_6_224_1_1': 8 instance(s).
INFO: [RTGEN 206-100] Finished creating RTL model for 'coefficients_Pipeline_VITIS_LOOP_151_4'.
INFO: [HLS 200-111] Finished Creating RTL model: CPU user time: 0.14 seconds. CPU system time: 0.01 seconds. Elapsed time: 0.18 seconds; current allocated memory: 950.469 MB.
INFO: [HLS 200-10] ----------------------------------------------------------------
INFO: [HLS 200-10] -- Generating RTL for module 'coefficients' 
INFO: [HLS 200-10] ----------------------------------------------------------------
INFO: [RTGEN 206-104] Estimated max fanout for 'coefficients' is 36743 from HDL expression: (1'b1 == ap_CS_fsm_state5)
INFO: [RTGEN 206-100] Generating core module 'sdiv_224ns_7ns_224_228_seq_1': 4 instance(s).
INFO: [RTGEN 206-100] Generating core module 'sparsemux_83_6_224_1_1': 10 instance(s).
INFO: [RTGEN 206-100] Generating core module 'srem_224ns_7ns_224_228_seq_1': 2 instance(s).
INFO: [RTGEN 206-100] Generating core module 'srem_224ns_7ns_7_228_seq_1': 2 instance(s).
INFO: [RTGEN 206-100] Finished creating RTL model for 'coefficients'.
INFO: [HLS 200-111] Finished Creating RTL model: CPU user time: 0.8 seconds. CPU system time: 0.06 seconds. Elapsed time: 0.86 seconds; current allocated memory: 989.531 MB.
INFO: [HLS 200-10] ----------------------------------------------------------------
INFO: [HLS 200-10] -- Generating RTL for module 'advance_Pipeline_VITIS_LOOP_212_2' 
INFO: [HLS 200-10] ----------------------------------------------------------------
INFO: [HLS 200-1030] Apply Unified Pipeline Control on module 'advance_Pipeline_VITIS_LOOP_212_2' pipeline 'VITIS_LOOP_212_2' pipeline type 'loop pipeline'
INFO: [RTGEN 206-100] Finished creating RTL model for 'advance_Pipeline_VITIS_LOOP_212_2'.
INFO: [HLS 200-111] Finished Creating RTL model: CPU user time: 0.87 seconds. CPU system time: 0.13 seconds. Elapsed time: 0.99 seconds; current allocated memory: 1.041 GB.
INFO: [HLS 200-10] ----------------------------------------------------------------
INFO: [HLS 200-10] -- Generating RTL for module 'exp_upper_Pipeline_VITIS_LOOP_172_1' 
INFO: [HLS 200-10] ----------------------------------------------------------------
INFO: [RTGEN 206-100] Generating core module 'mul_224s_223ns_447_2_1': 1 instance(s).
INFO: [RTGEN 206-100] Generating core module 'sdiv_447ns_199ns_224_451_1': 1 instance(s).
INFO: [RTGEN 206-100] Generating core module 'srem_447ns_199ns_198_451_1': 1 instance(s).
INFO: [RTGEN 206-100] Finished creating RTL model for 'exp_upper_Pipeline_VITIS_LOOP_172_1'.
INFO: [HLS 200-111] Finished Creating RTL model: CPU user time: 0.17 seconds. CPU system time: 0 seconds. Elapsed time: 0.97 seconds; current allocated memory: 1.041 GB.
INFO: [HLS 200-10] ----------------------------------------------------------------
INFO: [HLS 200-10] -- Generating RTL for module 'exp_upper' 
INFO: [HLS 200-10] ----------------------------------------------------------------
INFO: [RTGEN 206-100] Generating core module 'mul_447s_449ns_895_2_1': 1 instance(s).
INFO: [RTGEN 206-100] Generating core module 'sdiv_416ns_219s_224_420_seq_1': 1 instance(s).
INFO: [RTGEN 206-100] Generating core module 'srem_416ns_219s_219_420_seq_1': 1 instance(s).
INFO: [RTGEN 206-100] Generating core module 'srem_447s_199ns_199_451_seq_1': 1 instance(s).
INFO: [RTGEN 206-100] Generating core module 'urem_224ns_7ns_6_228_seq_1': 1 instance(s).
INFO: [RTGEN 206-100] Finished creating RTL model for 'exp_upper'.
INFO: [HLS 200-111] Finished Creating RTL model: CPU user time: 0.21 seconds. CPU system time: 0 seconds. Elapsed time: 0.31 seconds; current allocated memory: 1.041 GB.
INFO: [HLS 200-10] ----------------------------------------------------------------
INFO: [HLS 200-10] -- Generating RTL for module 'advance' 
INFO: [HLS 200-10] ----------------------------------------------------------------
INFO: [RTGEN 206-104] Estimated max fanout for 'advance' is 49610 from HDL expression: (1'b1 == ap_CS_fsm_state10)
INFO: [RTGEN 206-100] Generating core module 'mul_224s_223ns_416_2_1': 1 instance(s).
INFO: [RTGEN 206-100] Generating core module 'mul_224s_224s_416_2_1': 1 instance(s).
INFO: [RTGEN 206-100] Finished creating RTL model for 'advance'.
INFO: [RTMG 210-278] Implementing memory 'target23_chained_taylor41_advance_center_coeff_lo_0_RAM_AUTO_1R1W' using auto RAMs.
INFO: [RTMG 210-278] Implementing memory 'target23_chained_taylor41_advance_center_coeff_lo_1_RAM_AUTO_1R1W' using auto RAMs.
INFO: [RTMG 210-278] Implementing memory 'target23_chained_taylor41_advance_center_coeff_lo_41_RAM_AUTO_0R0W' using auto RAMs.
INFO: [RTMG 210-278] Implementing memory 'target23_chained_taylor41_advance_wide_coeff_lo_41_RAM_AUTO_1R1W' using auto RAMs.
INFO: [HLS 200-111] Finished Creating RTL model: CPU user time: 0.28 seconds. CPU system time: 0.04 seconds. Elapsed time: 0.32 seconds; current allocated memory: 1.056 GB.
INFO: [HLS 200-10] ----------------------------------------------------------------
INFO: [HLS 200-10] -- Generating RTL for module 'target23_chained_taylor41_Pipeline_VITIS_LOOP_235_1' 
INFO: [HLS 200-10] ----------------------------------------------------------------
INFO: [RTGEN 206-100] Generating core module 'sparsemux_9_2_224_1_1': 1 instance(s).
INFO: [RTGEN 206-100] Finished creating RTL model for 'target23_chained_taylor41_Pipeline_VITIS_LOOP_235_1'.
INFO: [HLS 200-111] Finished Creating RTL model: CPU user time: 0.54 seconds. CPU system time: 0.01 seconds. Elapsed time: 0.54 seconds; current allocated memory: 1.068 GB.
INFO: [HLS 200-10] ----------------------------------------------------------------
INFO: [HLS 200-10] -- Generating RTL for module 'target23_chained_taylor41_Pipeline_VITIS_LOOP_253_4' 
INFO: [HLS 200-10] ----------------------------------------------------------------
INFO: [RTGEN 206-100] Generating core module 'sparsemux_9_2_224_1_1': 1 instance(s).
INFO: [RTGEN 206-100] Finished creating RTL model for 'target23_chained_taylor41_Pipeline_VITIS_LOOP_253_4'.
INFO: [HLS 200-111] Finished Creating RTL model: CPU user time: 0.02 seconds. CPU system time: 0.01 seconds. Elapsed time: 0.04 seconds; current allocated memory: 1.069 GB.
INFO: [HLS 200-10] ----------------------------------------------------------------
INFO: [HLS 200-10] -- Generating RTL for module 'target23_chained_taylor41_Pipeline_VITIS_LOOP_249_3' 
INFO: [HLS 200-10] ----------------------------------------------------------------
INFO: [RTGEN 206-100] Generating core module 'sparsemux_9_2_224_1_1': 1 instance(s).
INFO: [RTGEN 206-100] Finished creating RTL model for 'target23_chained_taylor41_Pipeline_VITIS_LOOP_249_3'.
INFO: [HLS 200-111] Finished Creating RTL model: CPU user time: 0.03 seconds. CPU system time: 0 seconds. Elapsed time: 0.03 seconds; current allocated memory: 1.070 GB.
INFO: [HLS 200-10] ----------------------------------------------------------------
INFO: [HLS 200-10] -- Generating RTL for module 'target23_chained_taylor41_Pipeline_VITIS_LOOP_260_5' 
INFO: [HLS 200-10] ----------------------------------------------------------------
INFO: [RTGEN 206-100] Generating core module 'sparsemux_9_2_224_1_1': 1 instance(s).
INFO: [RTGEN 206-100] Finished creating RTL model for 'target23_chained_taylor41_Pipeline_VITIS_LOOP_260_5'.
INFO: [HLS 200-111] Finished Creating RTL model: CPU user time: 0.03 seconds. CPU system time: 0.01 seconds. Elapsed time: 0.04 seconds; current allocated memory: 1.071 GB.
INFO: [HLS 200-10] ----------------------------------------------------------------
INFO: [HLS 200-10] -- Generating RTL for module 'target23_chained_taylor41_Pipeline_VITIS_LOOP_277_1' 
INFO: [HLS 200-10] ----------------------------------------------------------------
INFO: [HLS 200-1030] Apply Unified Pipeline Control on module 'target23_chained_taylor41_Pipeline_VITIS_LOOP_277_1' pipeline 'VITIS_LOOP_277_1' pipeline type 'loop pipeline'
WARNING: [RTGEN 206-101] Setting dangling out port 'target23_chained_taylor41_Pipeline_VITIS_LOOP_277_1/m_axi_gmem1_0_AWVALID' to 0.
WARNING: [RTGEN 206-101] Setting dangling out port 'target23_chained_taylor41_Pipeline_VITIS_LOOP_277_1/m_axi_gmem1_0_AWADDR' to 0.
WARNING: [RTGEN 206-101] Setting dangling out port 'target23_chained_taylor41_Pipeline_VITIS_LOOP_277_1/m_axi_gmem1_0_AWID' to 0.
WARNING: [RTGEN 206-101] Setting dangling out port 'target23_chained_taylor41_Pipeline_VITIS_LOOP_277_1/m_axi_gmem1_0_AWLEN' to 0.
WARNING: [RTGEN 206-101] Setting dangling out port 'target23_chained_taylor41_Pipeline_VITIS_LOOP_277_1/m_axi_gmem1_0_AWSIZE' to 0.
WARNING: [RTGEN 206-101] Setting dangling out port 'target23_chained_taylor41_Pipeline_VITIS_LOOP_277_1/m_axi_gmem1_0_AWBURST' to 0.
WARNING: [RTGEN 206-101] Setting dangling out port 'target23_chained_taylor41_Pipeline_VITIS_LOOP_277_1/m_axi_gmem1_0_AWLOCK' to 0.
WARNING: [RTGEN 206-101] Setting dangling out port 'target23_chained_taylor41_Pipeline_VITIS_LOOP_277_1/m_axi_gmem1_0_AWCACHE' to 0.
WARNING: [RTGEN 206-101] Setting dangling out port 'target23_chained_taylor41_Pipeline_VITIS_LOOP_277_1/m_axi_gmem1_0_AWPROT' to 0.
WARNING: [RTGEN 206-101] Setting dangling out port 'target23_chained_taylor41_Pipeline_VITIS_LOOP_277_1/m_axi_gmem1_0_AWQOS' to 0.
WARNING: [RTGEN 206-101] Setting dangling out port 'target23_chained_taylor41_Pipeline_VITIS_LOOP_277_1/m_axi_gmem1_0_AWREGION' to 0.
WARNING: [RTGEN 206-101] Setting dangling out port 'target23_chained_taylor41_Pipeline_VITIS_LOOP_277_1/m_axi_gmem1_0_AWUSER' to 0.
WARNING: [RTGEN 206-101] Setting dangling out port 'target23_chained_taylor41_Pipeline_VITIS_LOOP_277_1/m_axi_gmem1_0_BREADY' to 0.
INFO: [RTGEN 206-100] Generating core module 'partselect_32ns_224ns_8ns_32_1_1': 1 instance(s).
INFO: [RTGEN 206-100] Finished creating RTL model for 'target23_chained_taylor41_Pipeline_VITIS_LOOP_277_1'.
INFO: [HLS 200-111] Finished Creating RTL model: CPU user time: 0.04 seconds. CPU system time: 0 seconds. Elapsed time: 0.03 seconds; current allocated memory: 1.072 GB.
INFO: [HLS 200-10] ----------------------------------------------------------------
INFO: [HLS 200-10] -- Generating RTL for module 'target23_chained_taylor41_Pipeline_VITIS_LOOP_277_11' 
INFO: [HLS 200-10] ----------------------------------------------------------------
INFO: [HLS 200-1030] Apply Unified Pipeline Control on module 'target23_chained_taylor41_Pipeline_VITIS_LOOP_277_11' pipeline 'VITIS_LOOP_277_1' pipeline type 'loop pipeline'
WARNING: [RTGEN 206-101] Setting dangling out port 'target23_chained_taylor41_Pipeline_VITIS_LOOP_277_11/m_axi_gmem1_0_AWVALID' to 0.
WARNING: [RTGEN 206-101] Setting dangling out port 'target23_chained_taylor41_Pipeline_VITIS_LOOP_277_11/m_axi_gmem1_0_AWADDR' to 0.
WARNING: [RTGEN 206-101] Setting dangling out port 'target23_chained_taylor41_Pipeline_VITIS_LOOP_277_11/m_axi_gmem1_0_AWID' to 0.
WARNING: [RTGEN 206-101] Setting dangling out port 'target23_chained_taylor41_Pipeline_VITIS_LOOP_277_11/m_axi_gmem1_0_AWLEN' to 0.
WARNING: [RTGEN 206-101] Setting dangling out port 'target23_chained_taylor41_Pipeline_VITIS_LOOP_277_11/m_axi_gmem1_0_AWSIZE' to 0.
WARNING: [RTGEN 206-101] Setting dangling out port 'target23_chained_taylor41_Pipeline_VITIS_LOOP_277_11/m_axi_gmem1_0_AWBURST' to 0.
WARNING: [RTGEN 206-101] Setting dangling out port 'target23_chained_taylor41_Pipeline_VITIS_LOOP_277_11/m_axi_gmem1_0_AWLOCK' to 0.
WARNING: [RTGEN 206-101] Setting dangling out port 'target23_chained_taylor41_Pipeline_VITIS_LOOP_277_11/m_axi_gmem1_0_AWCACHE' to 0.
WARNING: [RTGEN 206-101] Setting dangling out port 'target23_chained_taylor41_Pipeline_VITIS_LOOP_277_11/m_axi_gmem1_0_AWPROT' to 0.
WARNING: [RTGEN 206-101] Setting dangling out port 'target23_chained_taylor41_Pipeline_VITIS_LOOP_277_11/m_axi_gmem1_0_AWQOS' to 0.
WARNING: [RTGEN 206-101] Setting dangling out port 'target23_chained_taylor41_Pipeline_VITIS_LOOP_277_11/m_axi_gmem1_0_AWREGION' to 0.
WARNING: [RTGEN 206-101] Setting dangling out port 'target23_chained_taylor41_Pipeline_VITIS_LOOP_277_11/m_axi_gmem1_0_AWUSER' to 0.
WARNING: [RTGEN 206-101] Setting dangling out port 'target23_chained_taylor41_Pipeline_VITIS_LOOP_277_11/m_axi_gmem1_0_BREADY' to 0.
INFO: [RTGEN 206-100] Generating core module 'partselect_32ns_224ns_8ns_32_1_1': 1 instance(s).
INFO: [RTGEN 206-100] Finished creating RTL model for 'target23_chained_taylor41_Pipeline_VITIS_LOOP_277_11'.
INFO: [HLS 200-111] Finished Creating RTL model: CPU user time: 0.03 seconds. CPU system time: 0 seconds. Elapsed time: 0.04 seconds; current allocated memory: 1.073 GB.
INFO: [HLS 200-10] ----------------------------------------------------------------
INFO: [HLS 200-10] -- Generating RTL for module 'target23_chained_taylor41_Pipeline_VITIS_LOOP_277_12' 
INFO: [HLS 200-10] ----------------------------------------------------------------
INFO: [HLS 200-1030] Apply Unified Pipeline Control on module 'target23_chained_taylor41_Pipeline_VITIS_LOOP_277_12' pipeline 'VITIS_LOOP_277_1' pipeline type 'loop pipeline'
WARNING: [RTGEN 206-101] Setting dangling out port 'target23_chained_taylor41_Pipeline_VITIS_LOOP_277_12/m_axi_gmem1_0_AWVALID' to 0.
WARNING: [RTGEN 206-101] Setting dangling out port 'target23_chained_taylor41_Pipeline_VITIS_LOOP_277_12/m_axi_gmem1_0_AWADDR' to 0.
WARNING: [RTGEN 206-101] Setting dangling out port 'target23_chained_taylor41_Pipeline_VITIS_LOOP_277_12/m_axi_gmem1_0_AWID' to 0.
WARNING: [RTGEN 206-101] Setting dangling out port 'target23_chained_taylor41_Pipeline_VITIS_LOOP_277_12/m_axi_gmem1_0_AWLEN' to 0.
WARNING: [RTGEN 206-101] Setting dangling out port 'target23_chained_taylor41_Pipeline_VITIS_LOOP_277_12/m_axi_gmem1_0_AWSIZE' to 0.
WARNING: [RTGEN 206-101] Setting dangling out port 'target23_chained_taylor41_Pipeline_VITIS_LOOP_277_12/m_axi_gmem1_0_AWBURST' to 0.
WARNING: [RTGEN 206-101] Setting dangling out port 'target23_chained_taylor41_Pipeline_VITIS_LOOP_277_12/m_axi_gmem1_0_AWLOCK' to 0.
WARNING: [RTGEN 206-101] Setting dangling out port 'target23_chained_taylor41_Pipeline_VITIS_LOOP_277_12/m_axi_gmem1_0_AWCACHE' to 0.
WARNING: [RTGEN 206-101] Setting dangling out port 'target23_chained_taylor41_Pipeline_VITIS_LOOP_277_12/m_axi_gmem1_0_AWPROT' to 0.
WARNING: [RTGEN 206-101] Setting dangling out port 'target23_chained_taylor41_Pipeline_VITIS_LOOP_277_12/m_axi_gmem1_0_AWQOS' to 0.
WARNING: [RTGEN 206-101] Setting dangling out port 'target23_chained_taylor41_Pipeline_VITIS_LOOP_277_12/m_axi_gmem1_0_AWREGION' to 0.
WARNING: [RTGEN 206-101] Setting dangling out port 'target23_chained_taylor41_Pipeline_VITIS_LOOP_277_12/m_axi_gmem1_0_AWUSER' to 0.
WARNING: [RTGEN 206-101] Setting dangling out port 'target23_chained_taylor41_Pipeline_VITIS_LOOP_277_12/m_axi_gmem1_0_BREADY' to 0.
INFO: [RTGEN 206-100] Generating core module 'partselect_32ns_224ns_8ns_32_1_1': 1 instance(s).
INFO: [RTGEN 206-100] Finished creating RTL model for 'target23_chained_taylor41_Pipeline_VITIS_LOOP_277_12'.
INFO: [HLS 200-111] Finished Creating RTL model: CPU user time: 0.03 seconds. CPU system time: 0 seconds. Elapsed time: 0.04 seconds; current allocated memory: 1.074 GB.
INFO: [HLS 200-10] ----------------------------------------------------------------
INFO: [HLS 200-10] -- Generating RTL for module 'target23_chained_taylor41_Pipeline_VITIS_LOOP_277_13' 
INFO: [HLS 200-10] ----------------------------------------------------------------
INFO: [HLS 200-1030] Apply Unified Pipeline Control on module 'target23_chained_taylor41_Pipeline_VITIS_LOOP_277_13' pipeline 'VITIS_LOOP_277_1' pipeline type 'loop pipeline'
WARNING: [RTGEN 206-101] Setting dangling out port 'target23_chained_taylor41_Pipeline_VITIS_LOOP_277_13/m_axi_gmem1_0_AWVALID' to 0.
WARNING: [RTGEN 206-101] Setting dangling out port 'target23_chained_taylor41_Pipeline_VITIS_LOOP_277_13/m_axi_gmem1_0_AWADDR' to 0.
WARNING: [RTGEN 206-101] Setting dangling out port 'target23_chained_taylor41_Pipeline_VITIS_LOOP_277_13/m_axi_gmem1_0_AWID' to 0.
WARNING: [RTGEN 206-101] Setting dangling out port 'target23_chained_taylor41_Pipeline_VITIS_LOOP_277_13/m_axi_gmem1_0_AWLEN' to 0.
WARNING: [RTGEN 206-101] Setting dangling out port 'target23_chained_taylor41_Pipeline_VITIS_LOOP_277_13/m_axi_gmem1_0_AWSIZE' to 0.
WARNING: [RTGEN 206-101] Setting dangling out port 'target23_chained_taylor41_Pipeline_VITIS_LOOP_277_13/m_axi_gmem1_0_AWBURST' to 0.
WARNING: [RTGEN 206-101] Setting dangling out port 'target23_chained_taylor41_Pipeline_VITIS_LOOP_277_13/m_axi_gmem1_0_AWLOCK' to 0.
WARNING: [RTGEN 206-101] Setting dangling out port 'target23_chained_taylor41_Pipeline_VITIS_LOOP_277_13/m_axi_gmem1_0_AWCACHE' to 0.
WARNING: [RTGEN 206-101] Setting dangling out port 'target23_chained_taylor41_Pipeline_VITIS_LOOP_277_13/m_axi_gmem1_0_AWPROT' to 0.
WARNING: [RTGEN 206-101] Setting dangling out port 'target23_chained_taylor41_Pipeline_VITIS_LOOP_277_13/m_axi_gmem1_0_AWQOS' to 0.
WARNING: [RTGEN 206-101] Setting dangling out port 'target23_chained_taylor41_Pipeline_VITIS_LOOP_277_13/m_axi_gmem1_0_AWREGION' to 0.
WARNING: [RTGEN 206-101] Setting dangling out port 'target23_chained_taylor41_Pipeline_VITIS_LOOP_277_13/m_axi_gmem1_0_AWUSER' to 0.
WARNING: [RTGEN 206-101] Setting dangling out port 'target23_chained_taylor41_Pipeline_VITIS_LOOP_277_13/m_axi_gmem1_0_BREADY' to 0.
INFO: [RTGEN 206-100] Generating core module 'partselect_32ns_224ns_8ns_32_1_1': 1 instance(s).
INFO: [RTGEN 206-100] Finished creating RTL model for 'target23_chained_taylor41_Pipeline_VITIS_LOOP_277_13'.
INFO: [HLS 200-111] Finished Creating RTL model: CPU user time: 0.03 seconds. CPU system time: 0 seconds. Elapsed time: 0.12 seconds; current allocated memory: 1.075 GB.
INFO: [HLS 200-10] ----------------------------------------------------------------
INFO: [HLS 200-10] -- Generating RTL for module 'target23_chained_taylor41_Pipeline_VITIS_LOOP_323_3' 
INFO: [HLS 200-10] ----------------------------------------------------------------
INFO: [HLS 200-1030] Apply Unified Pipeline Control on module 'target23_chained_taylor41_Pipeline_VITIS_LOOP_323_3' pipeline 'VITIS_LOOP_323_3' pipeline type 'loop pipeline'
WARNING: [RTGEN 206-101] Setting dangling out port 'target23_chained_taylor41_Pipeline_VITIS_LOOP_323_3/m_axi_gmem1_0_AWVALID' to 0.
WARNING: [RTGEN 206-101] Setting dangling out port 'target23_chained_taylor41_Pipeline_VITIS_LOOP_323_3/m_axi_gmem1_0_AWADDR' to 0.
WARNING: [RTGEN 206-101] Setting dangling out port 'target23_chained_taylor41_Pipeline_VITIS_LOOP_323_3/m_axi_gmem1_0_AWID' to 0.
WARNING: [RTGEN 206-101] Setting dangling out port 'target23_chained_taylor41_Pipeline_VITIS_LOOP_323_3/m_axi_gmem1_0_AWLEN' to 0.
WARNING: [RTGEN 206-101] Setting dangling out port 'target23_chained_taylor41_Pipeline_VITIS_LOOP_323_3/m_axi_gmem1_0_AWSIZE' to 0.
WARNING: [RTGEN 206-101] Setting dangling out port 'target23_chained_taylor41_Pipeline_VITIS_LOOP_323_3/m_axi_gmem1_0_AWBURST' to 0.
WARNING: [RTGEN 206-101] Setting dangling out port 'target23_chained_taylor41_Pipeline_VITIS_LOOP_323_3/m_axi_gmem1_0_AWLOCK' to 0.
WARNING: [RTGEN 206-101] Setting dangling out port 'target23_chained_taylor41_Pipeline_VITIS_LOOP_323_3/m_axi_gmem1_0_AWCACHE' to 0.
WARNING: [RTGEN 206-101] Setting dangling out port 'target23_chained_taylor41_Pipeline_VITIS_LOOP_323_3/m_axi_gmem1_0_AWPROT' to 0.
WARNING: [RTGEN 206-101] Setting dangling out port 'target23_chained_taylor41_Pipeline_VITIS_LOOP_323_3/m_axi_gmem1_0_AWQOS' to 0.
WARNING: [RTGEN 206-101] Setting dangling out port 'target23_chained_taylor41_Pipeline_VITIS_LOOP_323_3/m_axi_gmem1_0_AWREGION' to 0.
WARNING: [RTGEN 206-101] Setting dangling out port 'target23_chained_taylor41_Pipeline_VITIS_LOOP_323_3/m_axi_gmem1_0_AWUSER' to 0.
WARNING: [RTGEN 206-101] Setting dangling out port 'target23_chained_taylor41_Pipeline_VITIS_LOOP_323_3/m_axi_gmem1_0_BREADY' to 0.
INFO: [RTGEN 206-100] Generating core module 'sparsemux_9_2_224_1_1': 1 instance(s).
INFO: [RTGEN 206-100] Finished creating RTL model for 'target23_chained_taylor41_Pipeline_VITIS_LOOP_323_3'.
INFO: [HLS 200-111] Finished Creating RTL model: CPU user time: 0.02 seconds. CPU system time: 0.02 seconds. Elapsed time: 0.04 seconds; current allocated memory: 1.075 GB.
INFO: [HLS 200-10] ----------------------------------------------------------------
INFO: [HLS 200-10] -- Generating RTL for module 'target23_chained_taylor41_Pipeline_VITIS_LOOP_277_14' 
INFO: [HLS 200-10] ----------------------------------------------------------------
INFO: [HLS 200-1030] Apply Unified Pipeline Control on module 'target23_chained_taylor41_Pipeline_VITIS_LOOP_277_14' pipeline 'VITIS_LOOP_277_1' pipeline type 'loop pipeline'
WARNING: [RTGEN 206-101] Setting dangling out port 'target23_chained_taylor41_Pipeline_VITIS_LOOP_277_14/m_axi_gmem1_0_AWVALID' to 0.
WARNING: [RTGEN 206-101] Setting dangling out port 'target23_chained_taylor41_Pipeline_VITIS_LOOP_277_14/m_axi_gmem1_0_AWADDR' to 0.
WARNING: [RTGEN 206-101] Setting dangling out port 'target23_chained_taylor41_Pipeline_VITIS_LOOP_277_14/m_axi_gmem1_0_AWID' to 0.
WARNING: [RTGEN 206-101] Setting dangling out port 'target23_chained_taylor41_Pipeline_VITIS_LOOP_277_14/m_axi_gmem1_0_AWLEN' to 0.
WARNING: [RTGEN 206-101] Setting dangling out port 'target23_chained_taylor41_Pipeline_VITIS_LOOP_277_14/m_axi_gmem1_0_AWSIZE' to 0.
WARNING: [RTGEN 206-101] Setting dangling out port 'target23_chained_taylor41_Pipeline_VITIS_LOOP_277_14/m_axi_gmem1_0_AWBURST' to 0.
WARNING: [RTGEN 206-101] Setting dangling out port 'target23_chained_taylor41_Pipeline_VITIS_LOOP_277_14/m_axi_gmem1_0_AWLOCK' to 0.
WARNING: [RTGEN 206-101] Setting dangling out port 'target23_chained_taylor41_Pipeline_VITIS_LOOP_277_14/m_axi_gmem1_0_AWCACHE' to 0.
WARNING: [RTGEN 206-101] Setting dangling out port 'target23_chained_taylor41_Pipeline_VITIS_LOOP_277_14/m_axi_gmem1_0_AWPROT' to 0.
WARNING: [RTGEN 206-101] Setting dangling out port 'target23_chained_taylor41_Pipeline_VITIS_LOOP_277_14/m_axi_gmem1_0_AWQOS' to 0.
WARNING: [RTGEN 206-101] Setting dangling out port 'target23_chained_taylor41_Pipeline_VITIS_LOOP_277_14/m_axi_gmem1_0_AWREGION' to 0.
WARNING: [RTGEN 206-101] Setting dangling out port 'target23_chained_taylor41_Pipeline_VITIS_LOOP_277_14/m_axi_gmem1_0_AWUSER' to 0.
WARNING: [RTGEN 206-101] Setting dangling out port 'target23_chained_taylor41_Pipeline_VITIS_LOOP_277_14/m_axi_gmem1_0_BREADY' to 0.
INFO: [RTGEN 206-100] Generating core module 'partselect_32ns_224ns_8ns_32_1_1': 1 instance(s).
INFO: [RTGEN 206-100] Finished creating RTL model for 'target23_chained_taylor41_Pipeline_VITIS_LOOP_277_14'.
INFO: [HLS 200-111] Finished Creating RTL model: CPU user time: 0.03 seconds. CPU system time: 0 seconds. Elapsed time: 0.04 seconds; current allocated memory: 1.077 GB.
INFO: [HLS 200-10] ----------------------------------------------------------------
INFO: [HLS 200-10] -- Generating RTL for module 'target23_chained_taylor41_Pipeline_VITIS_LOOP_277_15' 
INFO: [HLS 200-10] ----------------------------------------------------------------
INFO: [HLS 200-1030] Apply Unified Pipeline Control on module 'target23_chained_taylor41_Pipeline_VITIS_LOOP_277_15' pipeline 'VITIS_LOOP_277_1' pipeline type 'loop pipeline'
WARNING: [RTGEN 206-101] Setting dangling out port 'target23_chained_taylor41_Pipeline_VITIS_LOOP_277_15/m_axi_gmem1_0_AWVALID' to 0.
WARNING: [RTGEN 206-101] Setting dangling out port 'target23_chained_taylor41_Pipeline_VITIS_LOOP_277_15/m_axi_gmem1_0_AWADDR' to 0.
WARNING: [RTGEN 206-101] Setting dangling out port 'target23_chained_taylor41_Pipeline_VITIS_LOOP_277_15/m_axi_gmem1_0_AWID' to 0.
WARNING: [RTGEN 206-101] Setting dangling out port 'target23_chained_taylor41_Pipeline_VITIS_LOOP_277_15/m_axi_gmem1_0_AWLEN' to 0.
WARNING: [RTGEN 206-101] Setting dangling out port 'target23_chained_taylor41_Pipeline_VITIS_LOOP_277_15/m_axi_gmem1_0_AWSIZE' to 0.
WARNING: [RTGEN 206-101] Setting dangling out port 'target23_chained_taylor41_Pipeline_VITIS_LOOP_277_15/m_axi_gmem1_0_AWBURST' to 0.
WARNING: [RTGEN 206-101] Setting dangling out port 'target23_chained_taylor41_Pipeline_VITIS_LOOP_277_15/m_axi_gmem1_0_AWLOCK' to 0.
WARNING: [RTGEN 206-101] Setting dangling out port 'target23_chained_taylor41_Pipeline_VITIS_LOOP_277_15/m_axi_gmem1_0_AWCACHE' to 0.
WARNING: [RTGEN 206-101] Setting dangling out port 'target23_chained_taylor41_Pipeline_VITIS_LOOP_277_15/m_axi_gmem1_0_AWPROT' to 0.
WARNING: [RTGEN 206-101] Setting dangling out port 'target23_chained_taylor41_Pipeline_VITIS_LOOP_277_15/m_axi_gmem1_0_AWQOS' to 0.
WARNING: [RTGEN 206-101] Setting dangling out port 'target23_chained_taylor41_Pipeline_VITIS_LOOP_277_15/m_axi_gmem1_0_AWREGION' to 0.
WARNING: [RTGEN 206-101] Setting dangling out port 'target23_chained_taylor41_Pipeline_VITIS_LOOP_277_15/m_axi_gmem1_0_AWUSER' to 0.
WARNING: [RTGEN 206-101] Setting dangling out port 'target23_chained_taylor41_Pipeline_VITIS_LOOP_277_15/m_axi_gmem1_0_BREADY' to 0.
INFO: [RTGEN 206-100] Generating core module 'partselect_32ns_224s_8ns_32_1_1': 1 instance(s).
INFO: [RTGEN 206-100] Finished creating RTL model for 'target23_chained_taylor41_Pipeline_VITIS_LOOP_277_15'.
INFO: [HLS 200-111] Finished Creating RTL model: CPU user time: 0.02 seconds. CPU system time: 0.01 seconds. Elapsed time: 0.03 seconds; current allocated memory: 1.078 GB.
INFO: [HLS 200-10] ----------------------------------------------------------------
INFO: [HLS 200-10] -- Generating RTL for module 'target23_chained_taylor41_Pipeline_VITIS_LOOP_327_4' 
INFO: [HLS 200-10] ----------------------------------------------------------------
INFO: [RTGEN 206-100] Generating core module 'sparsemux_9_2_224_1_1': 1 instance(s).
INFO: [RTGEN 206-100] Finished creating RTL model for 'target23_chained_taylor41_Pipeline_VITIS_LOOP_327_4'.
INFO: [HLS 200-111] Finished Creating RTL model: CPU user time: 0.03 seconds. CPU system time: 0 seconds. Elapsed time: 0.03 seconds; current allocated memory: 1.079 GB.
INFO: [HLS 200-10] ----------------------------------------------------------------
INFO: [HLS 200-10] -- Generating RTL for module 'target23_chained_taylor41' 
INFO: [HLS 200-10] ----------------------------------------------------------------
WARNING: [RTGEN 206-101] Design contains AXI ports. Reset is fixed to synchronous and active low.
INFO: [RTGEN 206-500] Setting interface mode on port 'target23_chained_taylor41/gmem0' to 'm_axi'.
INFO: [RTGEN 206-500] Setting interface mode on port 'target23_chained_taylor41/gmem1' to 'm_axi'.
INFO: [RTGEN 206-500] Setting interface mode on port 'target23_chained_taylor41/input_r' to 's_axilite & ap_none'.
INFO: [RTGEN 206-500] Setting interface mode on port 'target23_chained_taylor41/output_r' to 's_axilite & ap_none'.
INFO: [RTGEN 206-500] Setting interface mode on port 'target23_chained_taylor41/partition' to 's_axilite & ap_none'.
INFO: [RTGEN 206-500] Setting interface mode on function 'target23_chained_taylor41' to 's_axilite & ap_ctrl_chain'.
INFO: [RTGEN 206-100] Bundling port 'input_r', 'output_r', 'partition' and 'return' to AXI-Lite port control.
INFO: [RTGEN 206-100] Finished creating RTL model for 'target23_chained_taylor41'.
INFO: [HLS 200-111] Finished Creating RTL model: CPU user time: 2.49 seconds. CPU system time: 0.05 seconds. Elapsed time: 2.54 seconds; current allocated memory: 1.118 GB.
INFO: [HLS 200-111] Finished Generating all RTL models: CPU user time: 0.84 seconds. CPU system time: 0.07 seconds. Elapsed time: 1.37 seconds; current allocated memory: 1.133 GB.
INFO: [HLS 200-1603] Design has inferred MAXI bursts and missed bursts, see Vitis HLS GUI synthesis summary report for detailed information.
INFO: [HLS 200-111] Finished Updating report files: CPU user time: 1.01 seconds. CPU system time: 0.05 seconds. Elapsed time: 1.08 seconds; current allocated memory: 1.151 GB.
INFO: [VHDL 208-304] Generating VHDL RTL for target23_chained_taylor41.
INFO: [VLOG 209-307] Generating Verilog RTL for target23_chained_taylor41.
INFO: [HLS 200-790] **** Loop Constraint Status: All loop constraints were NOT satisfied.
INFO: [HLS 200-789] **** Estimated Fmax: 136.99 MHz
INFO: [HLS 200-2161] Finished Command csynth_design Elapsed time: 00:01:00; Allocated memory: 737.219 MB.
INFO: [HLS 200-1510] Running: close_project 
INFO: [HLS 200-112] Total CPU user time: 47.15 seconds. Total CPU system time: 2.62 seconds. Total elapsed time: 62.54 seconds; peak allocated memory: 1.151 GB.
INFO: [vitis-run 60-791] Total elapsed time: 0h 1m 3s
INFO: [vitis-run 60-1662] Stopping dispatch session having empty uuid.

