
*** Running vivado
    with args -log level0_wrapper.vdi -applog -m64 -product Vivado -messageDb vivado.pb -mode batch -source level0_wrapper.tcl -notrace


****** Vivado v2025.1 (64-bit)
  **** SW Build 6140274 on Wed May 21 22:58:25 MDT 2025
  **** IP Build 6138677 on Thu May 22 03:10:11 MDT 2025
  **** SharedData Build 6139179 on Tue May 20 17:58:58 MDT 2025
  **** Start of session at: Tue Aug  4 19:14:52 2026
    ** Copyright 1986-2022 Xilinx, Inc. All Rights Reserved.
    ** Copyright 2022-2025 Advanced Micro Devices, Inc. All Rights Reserved.

source level0_wrapper.tcl -notrace
INFO: Dispatch client connection id - 46817
source /home/devsounio/cs6_chained_taylor41_20260804/xclbin-build10/_x_link/link/vivado/vpl/scripts/impl_1/_full_init_pre.tcl
INFO: [IP_Flow 19-234] Refreshing IP repositories
INFO: [IP_Flow 19-1700] Loaded user IP repository '/home/devsounio/cs6_chained_taylor41_20260804/xclbin-build10/_x_link/link/int/xo/ip_repo/xilinx_com_hls_target23_chained_taylor41_1_0'.
INFO: [IP_Flow 19-1700] Loaded user IP repository '/home/devsounio/cs6_chained_taylor41_20260804/xclbin-build10/_x_link/link/vivado/vpl/.local/hw_platform/iprepo'.
INFO: [IP_Flow 19-1700] Loaded user IP repository '/home/devsounio/cs6_chained_taylor41_20260804/xclbin-build10/_x_link/link/vivado/vpl/.local/hw_platform/ipcache'.
INFO: [IP_Flow 19-1700] Loaded user IP repository '/opt/amd/2025.1/Vitis/data/vitis/ip'.
INFO: [IP_Flow 19-2313] Loaded Vivado IP repository '/opt/amd/2025.1/Vivado/data/ip'.
WARNING: [IP_Flow 19-1663] Duplicate IP found for 'xilinx.com:ip:pipeline_reg:1.0'. The one found in IP location '/home/devsounio/cs6_chained_taylor41_20260804/xclbin-build10/_x_link/link/vivado/vpl/.local/hw_platform/iprepo/ip_repo/shell_subsystem_ipdefs/pipeline_reg_v1_0' will take precedence over the same IP in location /home/devsounio/cs6_chained_taylor41_20260804/xclbin-build10/_x_link/link/vivado/vpl/.local/hw_platform/iprepo/ip_repo/pxi_ii_infra/pipeline_reg_v1_0
WARNING: [IP_Flow 19-1663] Duplicate IP found for 'xilinx.com:ip:axi_clk_metadata_adapter:1.0'. The one found in IP location '/home/devsounio/cs6_chained_taylor41_20260804/xclbin-build10/_x_link/link/vivado/vpl/.local/hw_platform/iprepo/ip_repo/shell_subsystem_ipdefs/axi_clk_metadata_adapter_v1_0' will take precedence over the same IP in location /home/devsounio/cs6_chained_taylor41_20260804/xclbin-build10/_x_link/link/vivado/vpl/.local/hw_platform/iprepo/ip_repo/pxi_ii_infra/axi_clk_metadata_adapter_v1_0
WARNING: [IP_Flow 19-1663] Duplicate IP found for 'xilinx.com:ip:clk_metadata_adapter:1.0'. The one found in IP location '/home/devsounio/cs6_chained_taylor41_20260804/xclbin-build10/_x_link/link/vivado/vpl/.local/hw_platform/iprepo/ip_repo/shell_subsystem_ipdefs/clk_metadata_adapter_v1_0' will take precedence over the same IP in location /home/devsounio/cs6_chained_taylor41_20260804/xclbin-build10/_x_link/link/vivado/vpl/.local/hw_platform/iprepo/ip_repo/pxi_ii_infra/clk_metadata_adapter_v1_0
WARNING: [IP_Flow 19-1663] Duplicate IP found for 'xilinx.com:ip:axis_clk_metadata_adapter:1.0'. The one found in IP location '/home/devsounio/cs6_chained_taylor41_20260804/xclbin-build10/_x_link/link/vivado/vpl/.local/hw_platform/iprepo/ip_repo/shell_subsystem_ipdefs/axis_clk_metadata_adapter_v1_0' will take precedence over the same IP in location /home/devsounio/cs6_chained_taylor41_20260804/xclbin-build10/_x_link/link/vivado/vpl/.local/hw_platform/iprepo/ip_repo/pxi_ii_infra/axis_clk_metadata_adapter_v1_0
Command: link_design -part xcu250-figd2104-2L-e -reconfig_partitions level0_i/level1/level1_i/ulp
Design is defaulting to srcset: sources_1
Design is defaulting to constrset: constrs_1
Design is defaulting to dcp top: level0_wrapper
INFO: [Device 21-403] Loading part xcu250-figd2104-2L-e
INFO: [Project 1-5699] Read binary netlist with skipMacroContent - 1
CRITICAL WARNING: [Project 1-840] The design checkpoint file '/home/devsounio/cs6_chained_taylor41_20260804/xclbin-build10/_x_link/link/vivado/vpl/prj/prj.runs/my_rm_synth_1/ulp.dcp' was generated for an IP by an out of context synthesis run and should not be used directly as a source in a Vivado flow. Constraints and other files related to the IP are only stored in the xci/xcix, not the checkpoint. It is strongly recommended that the original IP source file (.xci/.xcix) be used.
INFO: [Project 1-454] Reading design checkpoint '/home/devsounio/cs6_chained_taylor41_20260804/xclbin-build10/_x_link/link/vivado/vpl/prj/prj.runs/my_rm_synth_1/ulp.dcp' for cell 'level0_i/level1/level1_i/ulp'
INFO: [Constraints 18-13253] Total boundary pins count on instance ulp is 8963
INFO: [Constraints 18-13252] Boundary pins count for instance ulp is greater than 1000, which could increase runtime to stitch this dcp to netlist.
INFO: [Constraints 18-13251] 501 boundary pins have been processed..
INFO: [Constraints 18-13251] 1002 boundary pins have been processed..
INFO: [Constraints 18-13251] 1503 boundary pins have been processed..
INFO: [Constraints 18-13251] 2004 boundary pins have been processed..
INFO: [Constraints 18-13251] 2505 boundary pins have been processed..
INFO: [Constraints 18-13251] 3006 boundary pins have been processed..
INFO: [Constraints 18-13251] 3507 boundary pins have been processed..
INFO: [Constraints 18-13251] 4008 boundary pins have been processed..
INFO: [Constraints 18-13251] 4509 boundary pins have been processed..
INFO: [Constraints 18-13251] 5010 boundary pins have been processed..
INFO: [Constraints 18-13251] 5511 boundary pins have been processed..
INFO: [Constraints 18-13251] 6012 boundary pins have been processed..
INFO: [Constraints 18-13251] 6513 boundary pins have been processed..
INFO: [Constraints 18-13251] 7014 boundary pins have been processed..
INFO: [Constraints 18-13251] 7515 boundary pins have been processed..
INFO: [Constraints 18-13251] 8016 boundary pins have been processed..
INFO: [Constraints 18-13251] 8517 boundary pins have been processed..
INFO: [Project 1-454] Reading design checkpoint '/home/devsounio/cs6_chained_taylor41_20260804/xclbin-build10/_x_link/link/vivado/vpl/prj/prj.gen/my_rm/bd/ulp/ip/ulp_ii_level1_wire_0/ulp_ii_level1_wire_0.dcp' for cell 'level0_i/level1/level1_i/ulp/ii_level1_wire'
INFO: [Project 1-454] Reading design checkpoint '/home/devsounio/cs6_chained_taylor41_20260804/xclbin-build10/_x_link/link/vivado/vpl/prj/prj.gen/my_rm/bd/ulp/ip/ulp_ip_cc_axi_data_h2c_00_0/ulp_ip_cc_axi_data_h2c_00_0.dcp' for cell 'level0_i/level1/level1_i/ulp/ip_cc_axi_data_h2c_00'
INFO: [Project 1-454] Reading design checkpoint '/home/devsounio/cs6_chained_taylor41_20260804/xclbin-build10/_x_link/link/vivado/vpl/prj/prj.gen/my_rm/bd/ulp/ip/ulp_ip_cc_axi_data_h2c_01_0/ulp_ip_cc_axi_data_h2c_01_0.dcp' for cell 'level0_i/level1/level1_i/ulp/ip_cc_axi_data_h2c_01'
INFO: [Project 1-454] Reading design checkpoint '/home/devsounio/cs6_chained_taylor41_20260804/xclbin-build10/_x_link/link/vivado/vpl/prj/prj.gen/my_rm/bd/ulp/ip/ulp_ip_cc_axi_data_h2c_02_0/ulp_ip_cc_axi_data_h2c_02_0.dcp' for cell 'level0_i/level1/level1_i/ulp/ip_cc_axi_data_h2c_02'
INFO: [Project 1-454] Reading design checkpoint '/home/devsounio/cs6_chained_taylor41_20260804/xclbin-build10/_x_link/link/vivado/vpl/prj/prj.gen/my_rm/bd/ulp/ip/ulp_ip_cc_axi_data_h2c_03_0/ulp_ip_cc_axi_data_h2c_03_0.dcp' for cell 'level0_i/level1/level1_i/ulp/ip_cc_axi_data_h2c_03'
INFO: [Project 1-454] Reading design checkpoint '/home/devsounio/cs6_chained_taylor41_20260804/xclbin-build10/_x_link/link/vivado/vpl/prj/prj.gen/my_rm/bd/ulp/ip/ulp_ip_gpio_debug_axi_ctrl_mgmt_00_0/ulp_ip_gpio_debug_axi_ctrl_mgmt_00_0.dcp' for cell 'level0_i/level1/level1_i/ulp/ip_gpio_debug_axi_ctrl_mgmt_00'
INFO: [Project 1-454] Reading design checkpoint '/home/devsounio/cs6_chained_taylor41_20260804/xclbin-build10/_x_link/link/vivado/vpl/prj/prj.gen/my_rm/bd/ulp/ip/ulp_ip_gpio_debug_axi_ctrl_mgmt_01_0/ulp_ip_gpio_debug_axi_ctrl_mgmt_01_0.dcp' for cell 'level0_i/level1/level1_i/ulp/ip_gpio_debug_axi_ctrl_mgmt_01'
INFO: [Project 1-454] Reading design checkpoint '/home/devsounio/cs6_chained_taylor41_20260804/xclbin-build10/_x_link/link/vivado/vpl/prj/prj.gen/my_rm/bd/ulp/ip/ulp_ip_gpio_debug_axi_ctrl_user_00_0/ulp_ip_gpio_debug_axi_ctrl_user_00_0.dcp' for cell 'level0_i/level1/level1_i/ulp/ip_gpio_debug_axi_ctrl_user_00'
INFO: [Project 1-454] Reading design checkpoint '/home/devsounio/cs6_chained_taylor41_20260804/xclbin-build10/_x_link/link/vivado/vpl/prj/prj.gen/my_rm/bd/ulp/ip/ulp_ip_gpio_debug_axi_ctrl_user_01_0/ulp_ip_gpio_debug_axi_ctrl_user_01_0.dcp' for cell 'level0_i/level1/level1_i/ulp/ip_gpio_debug_axi_ctrl_user_01'
INFO: [Project 1-454] Reading design checkpoint '/home/devsounio/cs6_chained_taylor41_20260804/xclbin-build10/_x_link/link/vivado/vpl/prj/prj.gen/my_rm/bd/ulp/ip/ulp_ip_gpio_debug_axi_ctrl_user_02_0/ulp_ip_gpio_debug_axi_ctrl_user_02_0.dcp' for cell 'level0_i/level1/level1_i/ulp/ip_gpio_debug_axi_ctrl_user_02'
INFO: [Project 1-454] Reading design checkpoint '/home/devsounio/cs6_chained_taylor41_20260804/xclbin-build10/_x_link/link/vivado/vpl/prj/prj.gen/my_rm/bd/ulp/ip/ulp_ip_gpio_debug_axi_ctrl_user_03_0/ulp_ip_gpio_debug_axi_ctrl_user_03_0.dcp' for cell 'level0_i/level1/level1_i/ulp/ip_gpio_debug_axi_ctrl_user_03'
INFO: [Project 1-454] Reading design checkpoint '/home/devsounio/cs6_chained_taylor41_20260804/xclbin-build10/_x_link/link/vivado/vpl/prj/prj.gen/my_rm/bd/ulp/ip/ulp_ip_gpio_debug_axi_ctrl_user_debug_00_0/ulp_ip_gpio_debug_axi_ctrl_user_debug_00_0.dcp' for cell 'level0_i/level1/level1_i/ulp/ip_gpio_debug_axi_ctrl_user_debug_00'
INFO: [Project 1-454] Reading design checkpoint '/home/devsounio/cs6_chained_taylor41_20260804/xclbin-build10/_x_link/link/vivado/vpl/prj/prj.gen/my_rm/bd/ulp/ip/ulp_ip_gpio_debug_axi_data_h2c_01_0/ulp_ip_gpio_debug_axi_data_h2c_01_0.dcp' for cell 'level0_i/level1/level1_i/ulp/ip_gpio_debug_axi_data_h2c_01'
INFO: [Project 1-454] Reading design checkpoint '/home/devsounio/cs6_chained_taylor41_20260804/xclbin-build10/_x_link/link/vivado/vpl/prj/prj.gen/my_rm/bd/ulp/ip/ulp_ip_inv_aresetn_ctrl_00_0/ulp_ip_inv_aresetn_ctrl_00_0.dcp' for cell 'level0_i/level1/level1_i/ulp/ip_inv_aresetn_ctrl_00'
INFO: [Project 1-454] Reading design checkpoint '/home/devsounio/cs6_chained_taylor41_20260804/xclbin-build10/_x_link/link/vivado/vpl/prj/prj.gen/my_rm/bd/ulp/ip/ulp_ip_psr_aresetn_ctrl_slr0_0/ulp_ip_psr_aresetn_ctrl_slr0_0.dcp' for cell 'level0_i/level1/level1_i/ulp/ip_psr_aresetn_ctrl_slr0'
INFO: [Project 1-454] Reading design checkpoint '/home/devsounio/cs6_chained_taylor41_20260804/xclbin-build10/_x_link/link/vivado/vpl/prj/prj.gen/my_rm/bd/ulp/ip/ulp_ip_psr_aresetn_ctrl_slr1_0/ulp_ip_psr_aresetn_ctrl_slr1_0.dcp' for cell 'level0_i/level1/level1_i/ulp/ip_psr_aresetn_ctrl_slr1'
INFO: [Project 1-454] Reading design checkpoint '/home/devsounio/cs6_chained_taylor41_20260804/xclbin-build10/_x_link/link/vivado/vpl/prj/prj.gen/my_rm/bd/ulp/ip/ulp_ip_psr_aresetn_ctrl_slr2_0/ulp_ip_psr_aresetn_ctrl_slr2_0.dcp' for cell 'level0_i/level1/level1_i/ulp/ip_psr_aresetn_ctrl_slr2'
INFO: [Project 1-454] Reading design checkpoint '/home/devsounio/cs6_chained_taylor41_20260804/xclbin-build10/_x_link/link/vivado/vpl/prj/prj.gen/my_rm/bd/ulp/ip/ulp_ip_psr_aresetn_ctrl_slr3_0/ulp_ip_psr_aresetn_ctrl_slr3_0.dcp' for cell 'level0_i/level1/level1_i/ulp/ip_psr_aresetn_ctrl_slr3'
INFO: [Project 1-454] Reading design checkpoint '/home/devsounio/cs6_chained_taylor41_20260804/xclbin-build10/_x_link/link/vivado/vpl/prj/prj.gen/my_rm/bd/ulp/ip/ulp_ip_psr_aresetn_freerun_slr0_0/ulp_ip_psr_aresetn_freerun_slr0_0.dcp' for cell 'level0_i/level1/level1_i/ulp/ip_psr_aresetn_freerun_slr0'
INFO: [Project 1-454] Reading design checkpoint '/home/devsounio/cs6_chained_taylor41_20260804/xclbin-build10/_x_link/link/vivado/vpl/prj/prj.gen/my_rm/bd/ulp/ip/ulp_ip_psr_aresetn_freerun_slr1_0/ulp_ip_psr_aresetn_freerun_slr1_0.dcp' for cell 'level0_i/level1/level1_i/ulp/ip_psr_aresetn_freerun_slr1'
INFO: [Project 1-454] Reading design checkpoint '/home/devsounio/cs6_chained_taylor41_20260804/xclbin-build10/_x_link/link/vivado/vpl/prj/prj.gen/my_rm/bd/ulp/ip/ulp_ip_psr_aresetn_freerun_slr2_0/ulp_ip_psr_aresetn_freerun_slr2_0.dcp' for cell 'level0_i/level1/level1_i/ulp/ip_psr_aresetn_freerun_slr2'
INFO: [Project 1-454] Reading design checkpoint '/home/devsounio/cs6_chained_taylor41_20260804/xclbin-build10/_x_link/link/vivado/vpl/prj/prj.gen/my_rm/bd/ulp/ip/ulp_ip_psr_aresetn_freerun_slr3_0/ulp_ip_psr_aresetn_freerun_slr3_0.dcp' for cell 'level0_i/level1/level1_i/ulp/ip_psr_aresetn_freerun_slr3'
INFO: [Project 1-454] Reading design checkpoint '/home/devsounio/cs6_chained_taylor41_20260804/xclbin-build10/_x_link/link/vivado/vpl/prj/prj.gen/my_rm/bd/ulp/ip/ulp_ip_psr_aresetn_kernel_00_slr0_0/ulp_ip_psr_aresetn_kernel_00_slr0_0.dcp' for cell 'level0_i/level1/level1_i/ulp/ip_psr_aresetn_kernel_00_slr0'
INFO: [Project 1-454] Reading design checkpoint '/home/devsounio/cs6_chained_taylor41_20260804/xclbin-build10/_x_link/link/vivado/vpl/prj/prj.gen/my_rm/bd/ulp/ip/ulp_ip_psr_aresetn_kernel_00_slr1_0/ulp_ip_psr_aresetn_kernel_00_slr1_0.dcp' for cell 'level0_i/level1/level1_i/ulp/ip_psr_aresetn_kernel_00_slr1'
INFO: [Project 1-454] Reading design checkpoint '/home/devsounio/cs6_chained_taylor41_20260804/xclbin-build10/_x_link/link/vivado/vpl/prj/prj.gen/my_rm/bd/ulp/ip/ulp_ip_psr_aresetn_kernel_00_slr2_0/ulp_ip_psr_aresetn_kernel_00_slr2_0.dcp' for cell 'level0_i/level1/level1_i/ulp/ip_psr_aresetn_kernel_00_slr2'
INFO: [Project 1-454] Reading design checkpoint '/home/devsounio/cs6_chained_taylor41_20260804/xclbin-build10/_x_link/link/vivado/vpl/prj/prj.gen/my_rm/bd/ulp/ip/ulp_ip_psr_aresetn_kernel_00_slr3_0/ulp_ip_psr_aresetn_kernel_00_slr3_0.dcp' for cell 'level0_i/level1/level1_i/ulp/ip_psr_aresetn_kernel_00_slr3'
INFO: [Project 1-454] Reading design checkpoint '/home/devsounio/cs6_chained_taylor41_20260804/xclbin-build10/_x_link/link/vivado/vpl/prj/prj.gen/my_rm/bd/ulp/ip/ulp_ip_psr_aresetn_kernel_01_slr0_0/ulp_ip_psr_aresetn_kernel_01_slr0_0.dcp' for cell 'level0_i/level1/level1_i/ulp/ip_psr_aresetn_kernel_01_slr0'
INFO: [Project 1-454] Reading design checkpoint '/home/devsounio/cs6_chained_taylor41_20260804/xclbin-build10/_x_link/link/vivado/vpl/prj/prj.gen/my_rm/bd/ulp/ip/ulp_ip_psr_aresetn_kernel_01_slr1_0/ulp_ip_psr_aresetn_kernel_01_slr1_0.dcp' for cell 'level0_i/level1/level1_i/ulp/ip_psr_aresetn_kernel_01_slr1'
INFO: [Project 1-454] Reading design checkpoint '/home/devsounio/cs6_chained_taylor41_20260804/xclbin-build10/_x_link/link/vivado/vpl/prj/prj.gen/my_rm/bd/ulp/ip/ulp_ip_psr_aresetn_kernel_01_slr2_0/ulp_ip_psr_aresetn_kernel_01_slr2_0.dcp' for cell 'level0_i/level1/level1_i/ulp/ip_psr_aresetn_kernel_01_slr2'
INFO: [Project 1-454] Reading design checkpoint '/home/devsounio/cs6_chained_taylor41_20260804/xclbin-build10/_x_link/link/vivado/vpl/prj/prj.gen/my_rm/bd/ulp/ip/ulp_ip_psr_aresetn_kernel_01_slr3_0/ulp_ip_psr_aresetn_kernel_01_slr3_0.dcp' for cell 'level0_i/level1/level1_i/ulp/ip_psr_aresetn_kernel_01_slr3'
INFO: [Project 1-454] Reading design checkpoint '/home/devsounio/cs6_chained_taylor41_20260804/xclbin-build10/_x_link/link/vivado/vpl/prj/prj.gen/my_rm/bd/ulp/ip/ulp_ip_psr_aresetn_pcie_slr0_0/ulp_ip_psr_aresetn_pcie_slr0_0.dcp' for cell 'level0_i/level1/level1_i/ulp/ip_psr_aresetn_pcie_slr0'
INFO: [Project 1-454] Reading design checkpoint '/home/devsounio/cs6_chained_taylor41_20260804/xclbin-build10/_x_link/link/vivado/vpl/prj/prj.gen/my_rm/bd/ulp/ip/ulp_ip_psr_aresetn_pcie_slr1_0/ulp_ip_psr_aresetn_pcie_slr1_0.dcp' for cell 'level0_i/level1/level1_i/ulp/ip_psr_aresetn_pcie_slr1'
INFO: [Project 1-454] Reading design checkpoint '/home/devsounio/cs6_chained_taylor41_20260804/xclbin-build10/_x_link/link/vivado/vpl/prj/prj.gen/my_rm/bd/ulp/ip/ulp_ip_psr_aresetn_pcie_slr2_0/ulp_ip_psr_aresetn_pcie_slr2_0.dcp' for cell 'level0_i/level1/level1_i/ulp/ip_psr_aresetn_pcie_slr2'
INFO: [Project 1-454] Reading design checkpoint '/home/devsounio/cs6_chained_taylor41_20260804/xclbin-build10/_x_link/link/vivado/vpl/prj/prj.gen/my_rm/bd/ulp/ip/ulp_ip_psr_aresetn_pcie_slr3_0/ulp_ip_psr_aresetn_pcie_slr3_0.dcp' for cell 'level0_i/level1/level1_i/ulp/ip_psr_aresetn_pcie_slr3'
INFO: [Project 1-454] Reading design checkpoint '/home/devsounio/cs6_chained_taylor41_20260804/xclbin-build10/_x_link/link/vivado/vpl/prj/prj.gen/my_rm/bd/ulp/ip/ulp_ip_rs_axi_ctrl_user_03_0/ulp_ip_rs_axi_ctrl_user_03_0.dcp' for cell 'level0_i/level1/level1_i/ulp/ip_rs_axi_ctrl_user_03'
INFO: [Project 1-454] Reading design checkpoint '/home/devsounio/cs6_chained_taylor41_20260804/xclbin-build10/_x_link/link/vivado/vpl/prj/prj.gen/my_rm/bd/ulp/ip/ulp_ip_rs_axi_data_c2h_00_0/ulp_ip_rs_axi_data_c2h_00_0.dcp' for cell 'level0_i/level1/level1_i/ulp/ip_rs_axi_data_c2h_00'
INFO: [Project 1-454] Reading design checkpoint '/home/devsounio/cs6_chained_taylor41_20260804/xclbin-build10/_x_link/link/vivado/vpl/prj/prj.gen/my_rm/bd/ulp/ip/ulp_ip_rs_axi_data_h2c_03_0/ulp_ip_rs_axi_data_h2c_03_0.dcp' for cell 'level0_i/level1/level1_i/ulp/ip_rs_axi_data_h2c_03'
INFO: [Project 1-454] Reading design checkpoint '/home/devsounio/cs6_chained_taylor41_20260804/xclbin-build10/_x_link/link/vivado/vpl/prj/prj.gen/my_rm/bd/ulp/ip/ulp_memory_subsystem_0/ulp_memory_subsystem_0.dcp' for cell 'level0_i/level1/level1_i/ulp/memory_subsystem'
INFO: [Project 1-454] Reading design checkpoint '/home/devsounio/cs6_chained_taylor41_20260804/xclbin-build10/_x_link/link/vivado/vpl/prj/prj.gen/my_rm/bd/ulp/ip/ulp_shell_cmp_subsystem_0_0/ulp_shell_cmp_subsystem_0_0.dcp' for cell 'level0_i/level1/level1_i/ulp/shell_cmp_subsystem_0'
INFO: [Project 1-454] Reading design checkpoint '/home/devsounio/cs6_chained_taylor41_20260804/xclbin-build10/_x_link/link/vivado/vpl/prj/prj.gen/my_rm/bd/ulp/ip/ulp_ss_ucs_0/ulp_ss_ucs_0.dcp' for cell 'level0_i/level1/level1_i/ulp/ss_ucs'
INFO: [Project 1-454] Reading design checkpoint '/home/devsounio/cs6_chained_taylor41_20260804/xclbin-build10/_x_link/link/vivado/vpl/prj/prj.gen/my_rm/bd/ulp/ip/ulp_target23_chained_taylor41_1_0/ulp_target23_chained_taylor41_1_0.dcp' for cell 'level0_i/level1/level1_i/ulp/target23_chained_taylor41_1'
INFO: [Project 1-454] Reading design checkpoint '/home/devsounio/cs6_chained_taylor41_20260804/xclbin-build10/_x_link/link/vivado/vpl/prj/prj.gen/my_rm/bd/ulp/ip/ulp_ict_axi_ctrl_mgmt_00_imp_s00_regslice_0/ulp_ict_axi_ctrl_mgmt_00_imp_s00_regslice_0.dcp' for cell 'level0_i/level1/level1_i/ulp/ict_axi_ctrl_mgmt_00/s00_couplers/s00_regslice'
INFO: [Project 1-454] Reading design checkpoint '/home/devsounio/cs6_chained_taylor41_20260804/xclbin-build10/_x_link/link/vivado/vpl/prj/prj.gen/my_rm/bd/ulp/ip/ulp_ict_axi_ctrl_mgmt_01_upgraded_ipi_imp_xbar_0/ulp_ict_axi_ctrl_mgmt_01_upgraded_ipi_imp_xbar_0.dcp' for cell 'level0_i/level1/level1_i/ulp/ict_axi_ctrl_mgmt_01/xbar'
INFO: [Project 1-454] Reading design checkpoint '/home/devsounio/cs6_chained_taylor41_20260804/xclbin-build10/_x_link/link/vivado/vpl/prj/prj.gen/my_rm/bd/ulp/ip/ulp_ict_axi_ctrl_mgmt_01_imp_m00_regslice_0/ulp_ict_axi_ctrl_mgmt_01_imp_m00_regslice_0.dcp' for cell 'level0_i/level1/level1_i/ulp/ict_axi_ctrl_mgmt_01/m00_couplers/m00_regslice'
INFO: [Project 1-454] Reading design checkpoint '/home/devsounio/cs6_chained_taylor41_20260804/xclbin-build10/_x_link/link/vivado/vpl/prj/prj.gen/my_rm/bd/ulp/ip/ulp_ict_axi_ctrl_mgmt_01_imp_m01_regslice_0/ulp_ict_axi_ctrl_mgmt_01_imp_m01_regslice_0.dcp' for cell 'level0_i/level1/level1_i/ulp/ict_axi_ctrl_mgmt_01/m01_couplers/m01_regslice'
INFO: [Project 1-454] Reading design checkpoint '/home/devsounio/cs6_chained_taylor41_20260804/xclbin-build10/_x_link/link/vivado/vpl/prj/prj.gen/my_rm/bd/ulp/ip/ulp_ict_axi_ctrl_mgmt_01_imp_m02_regslice_0/ulp_ict_axi_ctrl_mgmt_01_imp_m02_regslice_0.dcp' for cell 'level0_i/level1/level1_i/ulp/ict_axi_ctrl_mgmt_01/m02_couplers/m02_regslice'
INFO: [Project 1-454] Reading design checkpoint '/home/devsounio/cs6_chained_taylor41_20260804/xclbin-build10/_x_link/link/vivado/vpl/prj/prj.gen/my_rm/bd/ulp/ip/ulp_ict_axi_ctrl_mgmt_01_imp_m03_regslice_0/ulp_ict_axi_ctrl_mgmt_01_imp_m03_regslice_0.dcp' for cell 'level0_i/level1/level1_i/ulp/ict_axi_ctrl_mgmt_01/m03_couplers/m03_regslice'
INFO: [Project 1-454] Reading design checkpoint '/home/devsounio/cs6_chained_taylor41_20260804/xclbin-build10/_x_link/link/vivado/vpl/prj/prj.gen/my_rm/bd/ulp/ip/ulp_ict_axi_ctrl_mgmt_01_imp_s00_regslice_0/ulp_ict_axi_ctrl_mgmt_01_imp_s00_regslice_0.dcp' for cell 'level0_i/level1/level1_i/ulp/ict_axi_ctrl_mgmt_01/s00_couplers/s00_regslice'
INFO: [Project 1-454] Reading design checkpoint '/home/devsounio/cs6_chained_taylor41_20260804/xclbin-build10/_x_link/link/vivado/vpl/prj/prj.gen/my_rm/bd/ulp/ip/ulp_ict_axi_ctrl_user_00_upgraded_ipi_imp_xbar_0/ulp_ict_axi_ctrl_user_00_upgraded_ipi_imp_xbar_0.dcp' for cell 'level0_i/level1/level1_i/ulp/ict_axi_ctrl_user_00/xbar'
INFO: [Project 1-454] Reading design checkpoint '/home/devsounio/cs6_chained_taylor41_20260804/xclbin-build10/_x_link/link/vivado/vpl/prj/prj.gen/my_rm/bd/ulp/ip/ulp_ict_axi_ctrl_user_00_imp_m00_regslice_0/ulp_ict_axi_ctrl_user_00_imp_m00_regslice_0.dcp' for cell 'level0_i/level1/level1_i/ulp/ict_axi_ctrl_user_00/m00_couplers/m00_regslice'
INFO: [Project 1-454] Reading design checkpoint '/home/devsounio/cs6_chained_taylor41_20260804/xclbin-build10/_x_link/link/vivado/vpl/prj/prj.gen/my_rm/bd/ulp/ip/ulp_ict_axi_ctrl_user_00_imp_auto_cc_0/ulp_ict_axi_ctrl_user_00_imp_auto_cc_0.dcp' for cell 'level0_i/level1/level1_i/ulp/ict_axi_ctrl_user_00/m01_couplers/auto_cc'
INFO: [Project 1-454] Reading design checkpoint '/home/devsounio/cs6_chained_taylor41_20260804/xclbin-build10/_x_link/link/vivado/vpl/prj/prj.gen/my_rm/bd/ulp/ip/ulp_ict_axi_ctrl_user_00_imp_m01_regslice_0/ulp_ict_axi_ctrl_user_00_imp_m01_regslice_0.dcp' for cell 'level0_i/level1/level1_i/ulp/ict_axi_ctrl_user_00/m01_couplers/m01_regslice'
INFO: [Project 1-454] Reading design checkpoint '/home/devsounio/cs6_chained_taylor41_20260804/xclbin-build10/_x_link/link/vivado/vpl/prj/prj.gen/my_rm/bd/ulp/ip/ulp_ict_axi_ctrl_user_00_imp_s00_regslice_0/ulp_ict_axi_ctrl_user_00_imp_s00_regslice_0.dcp' for cell 'level0_i/level1/level1_i/ulp/ict_axi_ctrl_user_00/s00_couplers/s00_regslice'
INFO: [Project 1-454] Reading design checkpoint '/home/devsounio/cs6_chained_taylor41_20260804/xclbin-build10/_x_link/link/vivado/vpl/prj/prj.gen/my_rm/bd/ulp/ip/ulp_ict_axi_ctrl_user_01_imp_s00_regslice_0/ulp_ict_axi_ctrl_user_01_imp_s00_regslice_0.dcp' for cell 'level0_i/level1/level1_i/ulp/ict_axi_ctrl_user_01/s00_couplers/s00_regslice'
INFO: [Project 1-454] Reading design checkpoint '/home/devsounio/cs6_chained_taylor41_20260804/xclbin-build10/_x_link/link/vivado/vpl/prj/prj.gen/my_rm/bd/ulp/ip/ulp_ict_axi_ctrl_user_02_imp_s00_regslice_0/ulp_ict_axi_ctrl_user_02_imp_s00_regslice_0.dcp' for cell 'level0_i/level1/level1_i/ulp/ict_axi_ctrl_user_02/s00_couplers/s00_regslice'
INFO: [Project 1-454] Reading design checkpoint '/home/devsounio/cs6_chained_taylor41_20260804/xclbin-build10/_x_link/link/vivado/vpl/prj/prj.gen/my_rm/bd/ulp/ip/ulp_ict_axi_ctrl_user_03_imp_s00_regslice_0/ulp_ict_axi_ctrl_user_03_imp_s00_regslice_0.dcp' for cell 'level0_i/level1/level1_i/ulp/ict_axi_ctrl_user_03/s00_couplers/s00_regslice'
INFO: [Project 1-454] Reading design checkpoint '/home/devsounio/cs6_chained_taylor41_20260804/xclbin-build10/_x_link/link/vivado/vpl/prj/prj.gen/my_rm/bd/ulp/ip/ulp_ict_axi_ctrl_user_debug_00_imp_s00_regslice_0/ulp_ict_axi_ctrl_user_debug_00_imp_s00_regslice_0.dcp' for cell 'level0_i/level1/level1_i/ulp/ict_axi_ctrl_user_debug_00/s00_couplers/s00_regslice'
INFO: [Project 1-454] Reading design checkpoint '/home/devsounio/cs6_chained_taylor41_20260804/xclbin-build10/_x_link/link/vivado/vpl/prj/prj.gen/my_rm/bd/ulp/ip/ulp_ict_axi_data_h2c_01_upgraded_ipi_imp_xbar_0/ulp_ict_axi_data_h2c_01_upgraded_ipi_imp_xbar_0.dcp' for cell 'level0_i/level1/level1_i/ulp/ict_axi_data_h2c_01/xbar'
INFO: [Project 1-454] Reading design checkpoint '/home/devsounio/cs6_chained_taylor41_20260804/xclbin-build10/_x_link/link/vivado/vpl/prj/prj.gen/my_rm/bd/ulp/ip/ulp_ict_axi_data_h2c_01_imp_auto_ds_0/ulp_ict_axi_data_h2c_01_imp_auto_ds_0.dcp' for cell 'level0_i/level1/level1_i/ulp/ict_axi_data_h2c_01/m01_couplers/auto_ds'
INFO: [Project 1-454] Reading design checkpoint '/home/devsounio/cs6_chained_taylor41_20260804/xclbin-build10/_x_link/link/vivado/vpl/prj/prj.gen/my_rm/bd/ulp/ip/ulp_ict_axi_data_h2c_01_imp_auto_pc_0/ulp_ict_axi_data_h2c_01_imp_auto_pc_0.dcp' for cell 'level0_i/level1/level1_i/ulp/ict_axi_data_h2c_01/m01_couplers/auto_pc'
INFO: [Project 1-454] Reading design checkpoint '/home/devsounio/cs6_chained_taylor41_20260804/xclbin-build10/_x_link/link/vivado/vpl/prj/prj.gen/my_rm/bd/ulp/ip/ulp_ict_axi_data_h2c_01_imp_s00_regslice_0/ulp_ict_axi_data_h2c_01_imp_s00_regslice_0.dcp' for cell 'level0_i/level1/level1_i/ulp/ict_axi_data_h2c_01/s00_couplers/s00_regslice'
INFO: [Project 1-454] Reading design checkpoint '/home/devsounio/cs6_chained_taylor41_20260804/xclbin-build10/_x_link/link/vivado/vpl/prj/prj.gen/my_rm/bd/ulp/ip/ulp_memory_subsystem_0/bd_0/ip/ip_17/bd_b35e_interconnect_DDR4_MEM00_0.dcp' for cell 'level0_i/level1/level1_i/ulp/memory_subsystem/inst/interconnect/interconnect_ddr4_mem00'
INFO: [Constraints 18-13253] Total boundary pins count on instance interconnect_ddr4_mem00 is 2578
INFO: [Constraints 18-13252] Boundary pins count for instance interconnect_ddr4_mem00 is greater than 1000, which could increase runtime to stitch this dcp to netlist.
INFO: [Constraints 18-13251] 501 boundary pins have been processed..
INFO: [Constraints 18-13251] 1002 boundary pins have been processed..
INFO: [Constraints 18-13251] 1503 boundary pins have been processed..
INFO: [Constraints 18-13251] 2004 boundary pins have been processed..
INFO: [Constraints 18-13251] 2505 boundary pins have been processed..
INFO: [Project 1-454] Reading design checkpoint '/home/devsounio/cs6_chained_taylor41_20260804/xclbin-build10/_x_link/link/vivado/vpl/prj/prj.gen/my_rm/bd/ulp/ip/ulp_memory_subsystem_0/bd_0/ip/ip_18/bd_b35e_interconnect_M00_AXI_MEM00_0.dcp' for cell 'level0_i/level1/level1_i/ulp/memory_subsystem/inst/interconnect/interconnect_m00_axi_mem00'
INFO: [Constraints 18-13253] Total boundary pins count on instance interconnect_m00_axi_mem00 is 2594
INFO: [Constraints 18-13252] Boundary pins count for instance interconnect_m00_axi_mem00 is greater than 1000, which could increase runtime to stitch this dcp to netlist.
INFO: [Constraints 18-13251] 501 boundary pins have been processed..
INFO: [Constraints 18-13251] 1002 boundary pins have been processed..
INFO: [Constraints 18-13251] 1503 boundary pins have been processed..
INFO: [Constraints 18-13251] 2004 boundary pins have been processed..
INFO: [Constraints 18-13251] 2505 boundary pins have been processed..
INFO: [Project 1-454] Reading design checkpoint '/home/devsounio/cs6_chained_taylor41_20260804/xclbin-build10/_x_link/link/vivado/vpl/prj/prj.gen/my_rm/bd/ulp/ip/ulp_memory_subsystem_0/bd_0/ip/ip_35/bd_b35e_rs_M00_AXI_0.dcp' for cell 'level0_i/level1/level1_i/ulp/memory_subsystem/inst/interconnect/rs_m00_axi'
INFO: [Constraints 18-13253] Total boundary pins count on instance rs_m00_axi is 2470
INFO: [Constraints 18-13252] Boundary pins count for instance rs_m00_axi is greater than 1000, which could increase runtime to stitch this dcp to netlist.
INFO: [Constraints 18-13251] 501 boundary pins have been processed..
INFO: [Constraints 18-13251] 1002 boundary pins have been processed..
INFO: [Constraints 18-13251] 1503 boundary pins have been processed..
INFO: [Constraints 18-13251] 2004 boundary pins have been processed..
INFO: [Project 1-454] Reading design checkpoint '/home/devsounio/cs6_chained_taylor41_20260804/xclbin-build10/_x_link/link/vivado/vpl/prj/prj.gen/my_rm/bd/ulp/ip/ulp_memory_subsystem_0/bd_0/ip/ip_30/bd_b35e_vip_M00_AXI_0.dcp' for cell 'level0_i/level1/level1_i/ulp/memory_subsystem/inst/interconnect/vip_m00_axi'
INFO: [Constraints 18-13253] Total boundary pins count on instance vip_m00_axi is 2454
INFO: [Constraints 18-13252] Boundary pins count for instance vip_m00_axi is greater than 1000, which could increase runtime to stitch this dcp to netlist.
INFO: [Constraints 18-13251] 501 boundary pins have been processed..
INFO: [Constraints 18-13251] 1002 boundary pins have been processed..
INFO: [Constraints 18-13251] 1503 boundary pins have been processed..
INFO: [Constraints 18-13251] 2004 boundary pins have been processed..
INFO: [Project 1-454] Reading design checkpoint '/home/devsounio/cs6_chained_taylor41_20260804/xclbin-build10/_x_link/link/vivado/vpl/prj/prj.gen/my_rm/bd/ulp/ip/ulp_memory_subsystem_0/bd_0/ip/ip_26/bd_b35e_vip_S00_AXI_0.dcp' for cell 'level0_i/level1/level1_i/ulp/memory_subsystem/inst/interconnect/vip_s00_axi'
INFO: [Constraints 18-13253] Total boundary pins count on instance vip_s00_axi is 2470
INFO: [Constraints 18-13252] Boundary pins count for instance vip_s00_axi is greater than 1000, which could increase runtime to stitch this dcp to netlist.
INFO: [Constraints 18-13251] 501 boundary pins have been processed..
INFO: [Constraints 18-13251] 1002 boundary pins have been processed..
INFO: [Constraints 18-13251] 1503 boundary pins have been processed..
INFO: [Constraints 18-13251] 2004 boundary pins have been processed..
INFO: [Project 1-454] Reading design checkpoint '/home/devsounio/cs6_chained_taylor41_20260804/xclbin-build10/_x_link/link/vivado/vpl/prj/prj.gen/my_rm/bd/ulp/ip/ulp_memory_subsystem_0/bd_0/ip/ip_27/bd_b35e_vip_S01_AXI_0.dcp' for cell 'level0_i/level1/level1_i/ulp/memory_subsystem/inst/interconnect/vip_s01_axi'
INFO: [Constraints 18-13253] Total boundary pins count on instance vip_s01_axi is 2470
INFO: [Constraints 18-13252] Boundary pins count for instance vip_s01_axi is greater than 1000, which could increase runtime to stitch this dcp to netlist.
INFO: [Constraints 18-13251] 501 boundary pins have been processed..
INFO: [Constraints 18-13251] 1002 boundary pins have been processed..
INFO: [Constraints 18-13251] 1503 boundary pins have been processed..
INFO: [Constraints 18-13251] 2004 boundary pins have been processed..
INFO: [Project 1-454] Reading design checkpoint '/home/devsounio/cs6_chained_taylor41_20260804/xclbin-build10/_x_link/link/vivado/vpl/prj/prj.gen/my_rm/bd/ulp/ip/ulp_memory_subsystem_0/bd_0/ip/ip_28/bd_b35e_vip_S04_AXI_0.dcp' for cell 'level0_i/level1/level1_i/ulp/memory_subsystem/inst/interconnect/vip_s04_axi'
INFO: [Constraints 18-13253] Total boundary pins count on instance vip_s04_axi is 208
INFO: [Project 1-454] Reading design checkpoint '/home/devsounio/cs6_chained_taylor41_20260804/xclbin-build10/_x_link/link/vivado/vpl/prj/prj.gen/my_rm/bd/ulp/ip/ulp_memory_subsystem_0/bd_0/ip/ip_29/bd_b35e_vip_S05_AXI_0.dcp' for cell 'level0_i/level1/level1_i/ulp/memory_subsystem/inst/interconnect/vip_s05_axi'
INFO: [Constraints 18-13253] Total boundary pins count on instance vip_s05_axi is 220
INFO: [Project 1-454] Reading design checkpoint '/home/devsounio/cs6_chained_taylor41_20260804/xclbin-build10/_x_link/link/vivado/vpl/prj/prj.gen/my_rm/bd/ulp/ip/ulp_memory_subsystem_0/bd_0/ip/ip_23/bd_b35e_calib_reduce_0.dcp' for cell 'level0_i/level1/level1_i/ulp/memory_subsystem/inst/memory/calib_reduce'
INFO: [Constraints 18-13253] Total boundary pins count on instance calib_reduce is 2
INFO: [Project 1-454] Reading design checkpoint '/home/devsounio/cs6_chained_taylor41_20260804/xclbin-build10/_x_link/link/vivado/vpl/prj/prj.gen/my_rm/bd/ulp/ip/ulp_memory_subsystem_0/bd_0/ip/ip_19/bd_b35e_ddr4_mem00_0.dcp' for cell 'level0_i/level1/level1_i/ulp/memory_subsystem/inst/memory/ddr4_mem00'
INFO: [Constraints 18-13253] Total boundary pins count on instance ddr4_mem00 is 2027
INFO: [Constraints 18-13252] Boundary pins count for instance ddr4_mem00 is greater than 1000, which could increase runtime to stitch this dcp to netlist.
INFO: [Constraints 18-13251] 501 boundary pins have been processed..
INFO: [Constraints 18-13251] 1002 boundary pins have been processed..
INFO: [Constraints 18-13251] 1503 boundary pins have been processed..
INFO: [Constraints 18-13251] 2004 boundary pins have been processed..
INFO: [Project 1-454] Reading design checkpoint '/home/devsounio/cs6_chained_taylor41_20260804/xclbin-build10/_x_link/link/vivado/vpl/prj/prj.gen/my_rm/bd/ulp/ip/ulp_memory_subsystem_0/bd_0/ip/ip_21/bd_b35e_ddr4_mem00_ctrl_cc_0.dcp' for cell 'level0_i/level1/level1_i/ulp/memory_subsystem/inst/memory/ddr4_mem00_ctrl_cc'
INFO: [Constraints 18-13253] Total boundary pins count on instance ddr4_mem00_ctrl_cc is 308
INFO: [Project 1-454] Reading design checkpoint '/home/devsounio/cs6_chained_taylor41_20260804/xclbin-build10/_x_link/link/vivado/vpl/prj/prj.gen/my_rm/bd/ulp/ip/ulp_memory_subsystem_0/bd_0/ip/ip_25/bd_b35e_interconnect_ddrmem_ctrl_0.dcp' for cell 'level0_i/level1/level1_i/ulp/memory_subsystem/inst/memory/interconnect_ddrmem_ctrl'
INFO: [Constraints 18-13253] Total boundary pins count on instance interconnect_ddrmem_ctrl is 290
INFO: [Project 1-454] Reading design checkpoint '/home/devsounio/cs6_chained_taylor41_20260804/xclbin-build10/_x_link/link/vivado/vpl/prj/prj.gen/my_rm/bd/ulp/ip/ulp_memory_subsystem_0/bd_0/ip/ip_16/bd_b35e_psr_ctrl_interconnect_0.dcp' for cell 'level0_i/level1/level1_i/ulp/memory_subsystem/inst/memory/psr_ctrl_interconnect'
INFO: [Constraints 18-13253] Total boundary pins count on instance psr_ctrl_interconnect is 10
INFO: [Project 1-454] Reading design checkpoint '/home/devsounio/cs6_chained_taylor41_20260804/xclbin-build10/_x_link/link/vivado/vpl/prj/prj.gen/my_rm/bd/ulp/ip/ulp_memory_subsystem_0/bd_0/ip/ip_20/bd_b35e_psr_ddr4_mem00_0.dcp' for cell 'level0_i/level1/level1_i/ulp/memory_subsystem/inst/memory/psr_ddr4_mem00'
INFO: [Constraints 18-13253] Total boundary pins count on instance psr_ddr4_mem00 is 10
INFO: [Project 1-454] Reading design checkpoint '/home/devsounio/cs6_chained_taylor41_20260804/xclbin-build10/_x_link/link/vivado/vpl/prj/prj.gen/my_rm/bd/ulp/ip/ulp_memory_subsystem_0/bd_0/ip/ip_31/bd_b35e_vip_DDR4_MEM00_0.dcp' for cell 'level0_i/level1/level1_i/ulp/memory_subsystem/inst/memory/vip_DDR4_MEM00'
INFO: [Constraints 18-13253] Total boundary pins count on instance vip_DDR4_MEM00 is 2434
INFO: [Constraints 18-13252] Boundary pins count for instance vip_DDR4_MEM00 is greater than 1000, which could increase runtime to stitch this dcp to netlist.
INFO: [Constraints 18-13251] 501 boundary pins have been processed..
INFO: [Constraints 18-13251] 1002 boundary pins have been processed..
INFO: [Constraints 18-13251] 1503 boundary pins have been processed..
INFO: [Constraints 18-13251] 2004 boundary pins have been processed..
INFO: [Project 1-454] Reading design checkpoint '/home/devsounio/cs6_chained_taylor41_20260804/xclbin-build10/_x_link/link/vivado/vpl/prj/prj.gen/my_rm/bd/ulp/ip/ulp_memory_subsystem_0/bd_0/ip/ip_34/bd_b35e_vip_ctrl_DDR4_MEM00_0.dcp' for cell 'level0_i/level1/level1_i/ulp/memory_subsystem/inst/memory/vip_ctrl_DDR4_MEM00'
INFO: [Constraints 18-13253] Total boundary pins count on instance vip_ctrl_DDR4_MEM00 is 306
INFO: [Project 1-454] Reading design checkpoint '/home/devsounio/cs6_chained_taylor41_20260804/xclbin-build10/_x_link/link/vivado/vpl/prj/prj.gen/my_rm/bd/ulp/ip/ulp_memory_subsystem_0/bd_0/ip/ip_32/bd_b35e_vip_ui_clk_DDR4_MEM00_0.dcp' for cell 'level0_i/level1/level1_i/ulp/memory_subsystem/inst/memory/vip_ui_clk_DDR4_MEM00'
INFO: [Constraints 18-13253] Total boundary pins count on instance vip_ui_clk_DDR4_MEM00 is 2
INFO: [Project 1-454] Reading design checkpoint '/home/devsounio/cs6_chained_taylor41_20260804/xclbin-build10/_x_link/link/vivado/vpl/prj/prj.gen/my_rm/bd/ulp/ip/ulp_memory_subsystem_0/bd_0/ip/ip_33/bd_b35e_vip_ui_rst_DDR4_MEM00_0.dcp' for cell 'level0_i/level1/level1_i/ulp/memory_subsystem/inst/memory/vip_ui_rst_DDR4_MEM00'
INFO: [Constraints 18-13253] Total boundary pins count on instance vip_ui_rst_DDR4_MEM00 is 2
INFO: [Project 1-454] Reading design checkpoint '/home/devsounio/cs6_chained_taylor41_20260804/xclbin-build10/_x_link/link/vivado/vpl/prj/prj.gen/my_rm/bd/ulp/ip/ulp_memory_subsystem_0/bd_0/ip/ip_4/bd_b35e_psr_aclk1_SLR0_0.dcp' for cell 'level0_i/level1/level1_i/ulp/memory_subsystem/inst/reset/psr_aclk1_SLR0'
INFO: [Constraints 18-13253] Total boundary pins count on instance psr_aclk1_SLR0 is 10
INFO: [Project 1-454] Reading design checkpoint '/home/devsounio/cs6_chained_taylor41_20260804/xclbin-build10/_x_link/link/vivado/vpl/prj/prj.gen/my_rm/bd/ulp/ip/ulp_memory_subsystem_0/bd_0/ip/ip_5/bd_b35e_psr_aclk1_SLR1_0.dcp' for cell 'level0_i/level1/level1_i/ulp/memory_subsystem/inst/reset/psr_aclk1_SLR1'
INFO: [Constraints 18-13253] Total boundary pins count on instance psr_aclk1_SLR1 is 10
INFO: [Project 1-454] Reading design checkpoint '/home/devsounio/cs6_chained_taylor41_20260804/xclbin-build10/_x_link/link/vivado/vpl/prj/prj.gen/my_rm/bd/ulp/ip/ulp_memory_subsystem_0/bd_0/ip/ip_13/bd_b35e_psr_aclk3_SLR1_0.dcp' for cell 'level0_i/level1/level1_i/ulp/memory_subsystem/inst/reset/psr_aclk3_SLR1'
INFO: [Constraints 18-13253] Total boundary pins count on instance psr_aclk3_SLR1 is 10
INFO: [Project 1-454] Reading design checkpoint '/home/devsounio/cs6_chained_taylor41_20260804/xclbin-build10/_x_link/link/vivado/vpl/prj/prj.gen/my_rm/bd/ulp/ip/ulp_memory_subsystem_0/bd_0/ip/ip_0/bd_b35e_psr_aclk_SLR0_0.dcp' for cell 'level0_i/level1/level1_i/ulp/memory_subsystem/inst/reset/psr_aclk_SLR0'
INFO: [Constraints 18-13253] Total boundary pins count on instance psr_aclk_SLR0 is 10
INFO: [Project 1-454] Reading design checkpoint '/home/devsounio/cs6_chained_taylor41_20260804/xclbin-build10/_x_link/link/vivado/vpl/prj/prj.gen/my_rm/bd/ulp/ip/ulp_shell_cmp_subsystem_0_0/bd_0/ip/ip_0/bd_3f43_build_info_0.dcp' for cell 'level0_i/level1/level1_i/ulp/shell_cmp_subsystem_0/inst/build_info'
INFO: [Constraints 18-13253] Total boundary pins count on instance build_info is 94
INFO: [Project 1-454] Reading design checkpoint '/home/devsounio/cs6_chained_taylor41_20260804/xclbin-build10/_x_link/link/vivado/vpl/prj/prj.gen/my_rm/bd/ulp/ip/ulp_shell_cmp_subsystem_0_0/bd_0/ip/ip_2/bd_3f43_user_debug_bridge_0.dcp' for cell 'level0_i/level1/level1_i/ulp/shell_cmp_subsystem_0/inst/user_debug_bridge'
INFO: [Constraints 18-13253] Total boundary pins count on instance user_debug_bridge is 112
INFO: [Project 1-454] Reading design checkpoint '/home/devsounio/cs6_chained_taylor41_20260804/xclbin-build10/_x_link/link/vivado/vpl/prj/prj.gen/my_rm/bd/ulp/ip/ulp_shell_cmp_subsystem_0_0/bd_0/ip/ip_3/bd_3f43_user_debug_hub_0.dcp' for cell 'level0_i/level1/level1_i/ulp/shell_cmp_subsystem_0/inst/user_debug_hub'
INFO: [Constraints 18-13253] Total boundary pins count on instance user_debug_hub is 13
INFO: [Project 1-454] Reading design checkpoint '/home/devsounio/cs6_chained_taylor41_20260804/xclbin-build10/_x_link/link/vivado/vpl/prj/prj.gen/my_rm/bd/ulp/ip/ulp_ss_ucs_0/bd_0/ip/ip_2/bd_1361_build_info_0.dcp' for cell 'level0_i/level1/level1_i/ulp/ss_ucs/inst/build_info'
INFO: [Constraints 18-13253] Total boundary pins count on instance build_info is 94
INFO: [Project 1-454] Reading design checkpoint '/home/devsounio/cs6_chained_taylor41_20260804/xclbin-build10/_x_link/link/vivado/vpl/prj/prj.gen/my_rm/bd/ulp/ip/ulp_ss_ucs_0/bd_0/ip/ip_63/bd_1361_aclk_kernel_00_adapt_0.dcp' for cell 'level0_i/level1/level1_i/ulp/ss_ucs/inst/aclk_kernel_00_hierarchy/aclk_kernel_00_adapt'
INFO: [Constraints 18-13253] Total boundary pins count on instance aclk_kernel_00_adapt is 2
INFO: [Project 1-454] Reading design checkpoint '/home/devsounio/cs6_chained_taylor41_20260804/xclbin-build10/_x_link/link/vivado/vpl/prj/prj.gen/my_rm/bd/ulp/ip/ulp_ss_ucs_0/bd_0/ip/ip_64/bd_1361_aclk_kernel_00_cont_adapt_0.dcp' for cell 'level0_i/level1/level1_i/ulp/ss_ucs/inst/aclk_kernel_00_hierarchy/aclk_kernel_00_cont_adapt'
INFO: [Constraints 18-13253] Total boundary pins count on instance aclk_kernel_00_cont_adapt is 2
INFO: [Project 1-454] Reading design checkpoint '/home/devsounio/cs6_chained_taylor41_20260804/xclbin-build10/_x_link/link/vivado/vpl/prj/prj.gen/my_rm/bd/ulp/ip/ulp_ss_ucs_0/bd_0/ip/ip_65/bd_1361_clkwiz_aclk_kernel_00_0.dcp' for cell 'level0_i/level1/level1_i/ulp/ss_ucs/inst/aclk_kernel_00_hierarchy/clkwiz_aclk_kernel_00'
INFO: [Constraints 18-13253] Total boundary pins count on instance clkwiz_aclk_kernel_00 is 110
INFO: [Project 1-454] Reading design checkpoint '/home/devsounio/cs6_chained_taylor41_20260804/xclbin-build10/_x_link/link/vivado/vpl/prj/prj.gen/my_rm/bd/ulp/ip/ulp_ss_ucs_0/bd_0/ip/ip_66/bd_1361_clock_throttling_aclk_kernel_00_0.dcp' for cell 'level0_i/level1/level1_i/ulp/ss_ucs/inst/aclk_kernel_00_hierarchy/clock_throttling_aclk_kernel_00'
INFO: [Constraints 18-13253] Total boundary pins count on instance clock_throttling_aclk_kernel_00 is 17
INFO: [Project 1-454] Reading design checkpoint '/home/devsounio/cs6_chained_taylor41_20260804/xclbin-build10/_x_link/link/vivado/vpl/prj/prj.gen/my_rm/bd/ulp/ip/ulp_ss_ucs_0/bd_0/ip/ip_86/bd_1361_psreset_kernel_00_0.dcp' for cell 'level0_i/level1/level1_i/ulp/ss_ucs/inst/aclk_kernel_00_hierarchy/psreset_kernel_00'
INFO: [Constraints 18-13253] Total boundary pins count on instance psreset_kernel_00 is 10
INFO: [Project 1-454] Reading design checkpoint '/home/devsounio/cs6_chained_taylor41_20260804/xclbin-build10/_x_link/link/vivado/vpl/prj/prj.gen/my_rm/bd/ulp/ip/ulp_ss_ucs_0/bd_0/ip/ip_67/bd_1361_fanout_aresetn_kernel_00_slr0_1_0.dcp' for cell 'level0_i/level1/level1_i/ulp/ss_ucs/inst/aclk_kernel_00_hierarchy/fanout_aresetn_kernel_00/fanout_aresetn_kernel_00_slr0_1'
INFO: [Constraints 18-13253] Total boundary pins count on instance fanout_aresetn_kernel_00_slr0_1 is 4
INFO: [Project 1-454] Reading design checkpoint '/home/devsounio/cs6_chained_taylor41_20260804/xclbin-build10/_x_link/link/vivado/vpl/prj/prj.gen/my_rm/bd/ulp/ip/ulp_ss_ucs_0/bd_0/ip/ip_68/bd_1361_fanout_aresetn_kernel_00_slr0_2_0.dcp' for cell 'level0_i/level1/level1_i/ulp/ss_ucs/inst/aclk_kernel_00_hierarchy/fanout_aresetn_kernel_00/fanout_aresetn_kernel_00_slr0_2'
INFO: [Constraints 18-13253] Total boundary pins count on instance fanout_aresetn_kernel_00_slr0_2 is 4
INFO: [Project 1-454] Reading design checkpoint '/home/devsounio/cs6_chained_taylor41_20260804/xclbin-build10/_x_link/link/vivado/vpl/prj/prj.gen/my_rm/bd/ulp/ip/ulp_ss_ucs_0/bd_0/ip/ip_69/bd_1361_fanout_aresetn_kernel_00_slr0_3_0.dcp' for cell 'level0_i/level1/level1_i/ulp/ss_ucs/inst/aclk_kernel_00_hierarchy/fanout_aresetn_kernel_00/fanout_aresetn_kernel_00_slr0_3'
INFO: [Constraints 18-13253] Total boundary pins count on instance fanout_aresetn_kernel_00_slr0_3 is 4
INFO: [Project 1-454] Reading design checkpoint '/home/devsounio/cs6_chained_taylor41_20260804/xclbin-build10/_x_link/link/vivado/vpl/prj/prj.gen/my_rm/bd/ulp/ip/ulp_ss_ucs_0/bd_0/ip/ip_70/bd_1361_fanout_aresetn_kernel_00_slr0_4_0.dcp' for cell 'level0_i/level1/level1_i/ulp/ss_ucs/inst/aclk_kernel_00_hierarchy/fanout_aresetn_kernel_00/fanout_aresetn_kernel_00_slr0_4'
INFO: [Constraints 18-13253] Total boundary pins count on instance fanout_aresetn_kernel_00_slr0_4 is 4
INFO: [Project 1-454] Reading design checkpoint '/home/devsounio/cs6_chained_taylor41_20260804/xclbin-build10/_x_link/link/vivado/vpl/prj/prj.gen/my_rm/bd/ulp/ip/ulp_ss_ucs_0/bd_0/ip/ip_71/bd_1361_fanout_aresetn_kernel_00_slr1_1_0.dcp' for cell 'level0_i/level1/level1_i/ulp/ss_ucs/inst/aclk_kernel_00_hierarchy/fanout_aresetn_kernel_00/fanout_aresetn_kernel_00_slr1_1'
INFO: [Constraints 18-13253] Total boundary pins count on instance fanout_aresetn_kernel_00_slr1_1 is 4
INFO: [Project 1-454] Reading design checkpoint '/home/devsounio/cs6_chained_taylor41_20260804/xclbin-build10/_x_link/link/vivado/vpl/prj/prj.gen/my_rm/bd/ulp/ip/ulp_ss_ucs_0/bd_0/ip/ip_72/bd_1361_fanout_aresetn_kernel_00_slr1_2_0.dcp' for cell 'level0_i/level1/level1_i/ulp/ss_ucs/inst/aclk_kernel_00_hierarchy/fanout_aresetn_kernel_00/fanout_aresetn_kernel_00_slr1_2'
INFO: [Constraints 18-13253] Total boundary pins count on instance fanout_aresetn_kernel_00_slr1_2 is 4
INFO: [Project 1-454] Reading design checkpoint '/home/devsounio/cs6_chained_taylor41_20260804/xclbin-build10/_x_link/link/vivado/vpl/prj/prj.gen/my_rm/bd/ulp/ip/ulp_ss_ucs_0/bd_0/ip/ip_73/bd_1361_fanout_aresetn_kernel_00_slr1_3_0.dcp' for cell 'level0_i/level1/level1_i/ulp/ss_ucs/inst/aclk_kernel_00_hierarchy/fanout_aresetn_kernel_00/fanout_aresetn_kernel_00_slr1_3'
INFO: [Common 17-14] Message 'Project 1-454' appears 100 times and further instances of the messages will be disabled.
INFO: [Constraints 18-13253] Total boundary pins count on instance fanout_aresetn_kernel_00_slr1_3 is 4
INFO: [Constraints 18-13253] Total boundary pins count on instance fanout_aresetn_kernel_00_slr1_4 is 4
INFO: [Constraints 18-13253] Total boundary pins count on instance fanout_aresetn_kernel_00_slr2_1 is 4
INFO: [Constraints 18-13253] Total boundary pins count on instance fanout_aresetn_kernel_00_slr2_2 is 4
INFO: [Constraints 18-13253] Total boundary pins count on instance fanout_aresetn_kernel_00_slr2_3 is 4
INFO: [Constraints 18-13253] Total boundary pins count on instance fanout_aresetn_kernel_00_slr2_4 is 4
INFO: [Constraints 18-13253] Total boundary pins count on instance fanout_aresetn_kernel_00_slr3_1 is 4
INFO: [Constraints 18-13253] Total boundary pins count on instance fanout_aresetn_kernel_00_slr3_2 is 4
INFO: [Constraints 18-13253] Total boundary pins count on instance fanout_aresetn_kernel_00_slr3_3 is 4
INFO: [Constraints 18-13253] Total boundary pins count on instance fanout_aresetn_kernel_00_slr3_4 is 4
INFO: [Constraints 18-13253] Total boundary pins count on instance fanout_aresetn_kernel_00_slr3_5 is 4
INFO: [Constraints 18-13253] Total boundary pins count on instance fanout_aresetn_kernel_00_slr3_6 is 4
INFO: [Constraints 18-13253] Total boundary pins count on instance aclk_kernel_01_adapt is 2
INFO: [Constraints 18-13253] Total boundary pins count on instance aclk_kernel_01_cont_adapt is 2
INFO: [Constraints 18-13253] Total boundary pins count on instance clkwiz_aclk_kernel_01 is 110
INFO: [Constraints 18-13253] Total boundary pins count on instance clock_throttling_aclk_kernel_01 is 17
INFO: [Constraints 18-13253] Total boundary pins count on instance psreset_kernel_01 is 10
INFO: [Constraints 18-13253] Total boundary pins count on instance fanout_aresetn_kernel_01_slr0_1 is 4
INFO: [Constraints 18-13253] Total boundary pins count on instance fanout_aresetn_kernel_01_slr0_2 is 4
INFO: [Constraints 18-13253] Total boundary pins count on instance fanout_aresetn_kernel_01_slr0_3 is 4
INFO: [Constraints 18-13253] Total boundary pins count on instance fanout_aresetn_kernel_01_slr0_4 is 4
INFO: [Constraints 18-13253] Total boundary pins count on instance fanout_aresetn_kernel_01_slr1_1 is 4
INFO: [Constraints 18-13253] Total boundary pins count on instance fanout_aresetn_kernel_01_slr1_2 is 4
INFO: [Constraints 18-13253] Total boundary pins count on instance fanout_aresetn_kernel_01_slr1_3 is 4
INFO: [Constraints 18-13253] Total boundary pins count on instance fanout_aresetn_kernel_01_slr1_4 is 4
INFO: [Constraints 18-13253] Total boundary pins count on instance fanout_aresetn_kernel_01_slr2_1 is 4
INFO: [Constraints 18-13253] Total boundary pins count on instance fanout_aresetn_kernel_01_slr2_2 is 4
INFO: [Constraints 18-13253] Total boundary pins count on instance fanout_aresetn_kernel_01_slr2_3 is 4
INFO: [Constraints 18-13253] Total boundary pins count on instance fanout_aresetn_kernel_01_slr2_4 is 4
INFO: [Constraints 18-13253] Total boundary pins count on instance fanout_aresetn_kernel_01_slr3_1 is 4
INFO: [Constraints 18-13253] Total boundary pins count on instance fanout_aresetn_kernel_01_slr3_2 is 4
INFO: [Constraints 18-13253] Total boundary pins count on instance fanout_aresetn_kernel_01_slr3_3 is 4
INFO: [Constraints 18-13253] Total boundary pins count on instance fanout_aresetn_kernel_01_slr3_4 is 4
INFO: [Constraints 18-13253] Total boundary pins count on instance fanout_aresetn_kernel_01_slr3_5 is 4
INFO: [Constraints 18-13253] Total boundary pins count on instance fanout_aresetn_kernel_01_slr3_6 is 4
INFO: [Constraints 18-13253] Total boundary pins count on instance xbar is 954
INFO: [Constraints 18-13251] 501 boundary pins have been processed..
INFO: [Constraints 18-13253] Total boundary pins count on instance fanout_aresetn_ctrl_slr0_1 is 4
INFO: [Constraints 18-13253] Total boundary pins count on instance fanout_aresetn_ctrl_slr0_2 is 4
INFO: [Constraints 18-13253] Total boundary pins count on instance fanout_aresetn_ctrl_slr0_3 is 4
INFO: [Constraints 18-13253] Total boundary pins count on instance fanout_aresetn_ctrl_slr0_4 is 4
INFO: [Constraints 18-13253] Total boundary pins count on instance fanout_aresetn_ctrl_slr1_1 is 4
INFO: [Constraints 18-13253] Total boundary pins count on instance fanout_aresetn_ctrl_slr1_2 is 4
INFO: [Constraints 18-13253] Total boundary pins count on instance fanout_aresetn_ctrl_slr1_3 is 4
INFO: [Constraints 18-13253] Total boundary pins count on instance fanout_aresetn_ctrl_slr1_4 is 4
INFO: [Constraints 18-13253] Total boundary pins count on instance fanout_aresetn_ctrl_slr2_1 is 4
INFO: [Constraints 18-13253] Total boundary pins count on instance fanout_aresetn_ctrl_slr2_2 is 4
INFO: [Constraints 18-13253] Total boundary pins count on instance fanout_aresetn_ctrl_slr2_3 is 4
INFO: [Constraints 18-13253] Total boundary pins count on instance fanout_aresetn_ctrl_slr2_4 is 4
INFO: [Constraints 18-13253] Total boundary pins count on instance fanout_aresetn_ctrl_slr3_1 is 4
INFO: [Constraints 18-13253] Total boundary pins count on instance fanout_aresetn_ctrl_slr3_2 is 4
INFO: [Constraints 18-13253] Total boundary pins count on instance fanout_aresetn_ctrl_slr3_3 is 4
INFO: [Constraints 18-13253] Total boundary pins count on instance fanout_aresetn_ctrl_slr3_4 is 4
INFO: [Constraints 18-13253] Total boundary pins count on instance fanout_aresetn_ctrl_slr3_5 is 4
INFO: [Constraints 18-13253] Total boundary pins count on instance fanout_aresetn_ctrl_slr3_6 is 4
INFO: [Constraints 18-13253] Total boundary pins count on instance fanout_aresetn_pcie_slr0_1 is 4
INFO: [Constraints 18-13253] Total boundary pins count on instance fanout_aresetn_pcie_slr0_2 is 4
INFO: [Constraints 18-13253] Total boundary pins count on instance fanout_aresetn_pcie_slr0_3 is 4
INFO: [Constraints 18-13253] Total boundary pins count on instance fanout_aresetn_pcie_slr0_4 is 4
INFO: [Constraints 18-13253] Total boundary pins count on instance fanout_aresetn_pcie_slr1_1 is 4
INFO: [Constraints 18-13253] Total boundary pins count on instance fanout_aresetn_pcie_slr1_2 is 4
INFO: [Constraints 18-13253] Total boundary pins count on instance fanout_aresetn_pcie_slr1_3 is 4
INFO: [Constraints 18-13253] Total boundary pins count on instance fanout_aresetn_pcie_slr1_4 is 4
INFO: [Common 17-14] Message 'Constraints 18-13253' appears 100 times and further instances of the messages will be disabled.
INFO: [Constraints 18-13251] 501 boundary pins have been processed..
Netlist sorting complete. Time (s): cpu = 00:00:13 ; elapsed = 00:00:13 . Memory (MB): peak = 6456.773 ; gain = 0.000 ; free physical = 27707 ; free virtual = 66626
INFO: [Netlist 29-17] Analyzing 131302 Unisim elements for replacement
INFO: [Netlist 29-28] Unisim Transformation completed in 18 CPU seconds
INFO: [Project 1-479] Netlist was created with Vivado 2025.1
INFO: [Project 1-570] Preparing netlist for logic optimization
WARNING: [Constraints 18-550] Could not create 'IBUF_LOW_PWR' constraint because net 'level0_i/blp/blp_i/freerun_clk/freerun_clk_ibufds/IBUF_OUT[0]' is not directly connected to top level port. 'IBUF_LOW_PWR' is ignored for synthesis but preserved for implementation.
WARNING: [Constraints 18-550] Could not create 'IBUF_LOW_PWR' constraint because net 'level0_i/level1/blp_s_aclk_ddr_01' is not directly connected to top level port. 'IBUF_LOW_PWR' is ignored for synthesis but preserved for implementation.
INFO: [Constraints 18-11778] Running 'update_design -black_box' on cell level0_i/level1/level1_i/ulp. The cell has HD.RECONFIGURABLE property set to true and it will be turned into a black-box cell after this command.
INFO: [Constraints 18-11670] Building netlist checker database with flags, 0x8
Done building netlist checker database: Time (s): cpu = 00:00:00.73 ; elapsed = 00:00:00.83 . Memory (MB): peak = 8958.457 ; gain = 138.984 ; free physical = 25285 ; free virtual = 64204
INFO: [Chipscope 16-324] Core: level0_i/level1/level1_i/ulp/memory_subsystem/inst/memory/ddr4_mem00 UUID: e38b115b-8949-5dab-aec4-d744d6d62a63 
Parsing XDC File [/home/devsounio/cs6_chained_taylor41_20260804/xclbin-build10/_x_link/link/vivado/vpl/.local/hw_platform/tcl_hooks/impl.xdc]
INFO: [Constraints 18-4422] SNAPPING_MODE is set so implementation will use the DERIVED_RANGES which may be different then the GRID_RANGES. [/home/devsounio/cs6_chained_taylor41_20260804/xclbin-build10/_x_link/link/vivado/vpl/.local/hw_platform/tcl_hooks/impl.xdc:13]
INFO: [Constraints 18-4421] A LAGUNA range, without usable sites, was added to DERIVED_RANGES for purposes of keeping the Programmable Unit together within the reconfigurable pblock. [/home/devsounio/cs6_chained_taylor41_20260804/xclbin-build10/_x_link/link/vivado/vpl/.local/hw_platform/tcl_hooks/impl.xdc:13]
WARNING: [Vivado 12-25893] CONTAIN_ROUTING is mutually exclusive with IS_SOFT, IS_SOFT property for pblock pblock_dynamic_SLR0 has been changed to false in order to set CONTAIN_ROUTING to true. [/home/devsounio/cs6_chained_taylor41_20260804/xclbin-build10/_x_link/link/vivado/vpl/.local/hw_platform/tcl_hooks/impl.xdc:49]
WARNING: [Vivado 12-25895] EXCLUDE_PLACEMENT is mutually exclusive with IS_SOFT, IS_SOFT property for pblock pblock_dynamic_SLR0 has been changed to false in order to set EXCLUDE_PLACEMENT to true. [/home/devsounio/cs6_chained_taylor41_20260804/xclbin-build10/_x_link/link/vivado/vpl/.local/hw_platform/tcl_hooks/impl.xdc:50]
WARNING: [Vivado 12-25893] CONTAIN_ROUTING is mutually exclusive with IS_SOFT, IS_SOFT property for pblock pblock_dynamic_SLR1 has been changed to false in order to set CONTAIN_ROUTING to true. [/home/devsounio/cs6_chained_taylor41_20260804/xclbin-build10/_x_link/link/vivado/vpl/.local/hw_platform/tcl_hooks/impl.xdc:51]
WARNING: [Vivado 12-25895] EXCLUDE_PLACEMENT is mutually exclusive with IS_SOFT, IS_SOFT property for pblock pblock_dynamic_SLR1 has been changed to false in order to set EXCLUDE_PLACEMENT to true. [/home/devsounio/cs6_chained_taylor41_20260804/xclbin-build10/_x_link/link/vivado/vpl/.local/hw_platform/tcl_hooks/impl.xdc:52]
WARNING: [Vivado 12-25893] CONTAIN_ROUTING is mutually exclusive with IS_SOFT, IS_SOFT property for pblock pblock_dynamic_SLR3 has been changed to false in order to set CONTAIN_ROUTING to true. [/home/devsounio/cs6_chained_taylor41_20260804/xclbin-build10/_x_link/link/vivado/vpl/.local/hw_platform/tcl_hooks/impl.xdc:55]
WARNING: [Vivado 12-25895] EXCLUDE_PLACEMENT is mutually exclusive with IS_SOFT, IS_SOFT property for pblock pblock_dynamic_SLR3 has been changed to false in order to set EXCLUDE_PLACEMENT to true. [/home/devsounio/cs6_chained_taylor41_20260804/xclbin-build10/_x_link/link/vivado/vpl/.local/hw_platform/tcl_hooks/impl.xdc:56]
WARNING: [Vivado 12-180] No cells matched 'level0_i/level1/level1_i/ulp/*memory_subsystem/inst/memory/ddr4_mem01'. [/home/devsounio/cs6_chained_taylor41_20260804/xclbin-build10/_x_link/link/vivado/vpl/.local/hw_platform/tcl_hooks/impl.xdc:79]
WARNING: [Vivado 12-180] No cells matched 'level0_i/level1/level1_i/ulp/*memory_subsystem/inst/memory/ddr4_mem02'. [/home/devsounio/cs6_chained_taylor41_20260804/xclbin-build10/_x_link/link/vivado/vpl/.local/hw_platform/tcl_hooks/impl.xdc:80]
INFO: [Timing 38-35] Done setting XDC timing constraints. [/home/devsounio/cs6_chained_taylor41_20260804/xclbin-build10/_x_link/link/vivado/vpl/.local/hw_platform/tcl_hooks/impl.xdc:85]
INFO: [Vivado 12-2286] Implicit search of objects for pattern 'io_clk_ddr4_01_clk_p' matched to 'port' objects. [/home/devsounio/cs6_chained_taylor41_20260804/xclbin-build10/_x_link/link/vivado/vpl/.local/hw_platform/tcl_hooks/impl.xdc:85]
Resolution: To avoid ambiguous patterns, provide proper objects using get commands e.g. [get_nets xyz].
INFO: [Vivado 12-2286] Implicit search of objects for pattern 'level0_i/level1/level1_i/ulp/ss_ucs/inst/aclk_kernel_00_hierarchy/clock_throttling_aclk_kernel_00/U0/Gate_Fast_d1_reg/D' matched to 'pin' objects. [/home/devsounio/cs6_chained_taylor41_20260804/xclbin-build10/_x_link/link/vivado/vpl/.local/hw_platform/tcl_hooks/impl.xdc:85]
Resolution: To avoid ambiguous patterns, provide proper objects using get commands e.g. [get_nets xyz].
set_max_delay: Time (s): cpu = 00:05:58 ; elapsed = 00:01:11 . Memory (MB): peak = 13649.211 ; gain = 4242.754 ; free physical = 20749 ; free virtual = 59668
INFO: [Vivado 12-2286] Implicit search of objects for pattern 'io_clk_ddr4_01_clk_p' matched to 'port' objects. [/home/devsounio/cs6_chained_taylor41_20260804/xclbin-build10/_x_link/link/vivado/vpl/.local/hw_platform/tcl_hooks/impl.xdc:86]
Resolution: To avoid ambiguous patterns, provide proper objects using get commands e.g. [get_nets xyz].
INFO: [Vivado 12-2286] Implicit search of objects for pattern 'level0_i/level1/level1_i/ulp/ss_ucs/inst/aclk_kernel_01_hierarchy/clock_throttling_aclk_kernel_01/U0/Gate_Fast_d1_reg/D' matched to 'pin' objects. [/home/devsounio/cs6_chained_taylor41_20260804/xclbin-build10/_x_link/link/vivado/vpl/.local/hw_platform/tcl_hooks/impl.xdc:86]
Resolution: To avoid ambiguous patterns, provide proper objects using get commands e.g. [get_nets xyz].
Finished Parsing XDC File [/home/devsounio/cs6_chained_taylor41_20260804/xclbin-build10/_x_link/link/vivado/vpl/.local/hw_platform/tcl_hooks/impl.xdc]
Parsing XDC File [/home/devsounio/cs6_chained_taylor41_20260804/xclbin-build10/_x_link/link/vivado/vpl/prj/prj.gen/my_rm/bd/ulp/ip/ulp_ii_level1_wire_0/uuid_stamp.xdc] for cell 'level0_i/level1/level1_i/ulp/ii_level1_wire/inst'
Finished Parsing XDC File [/home/devsounio/cs6_chained_taylor41_20260804/xclbin-build10/_x_link/link/vivado/vpl/prj/prj.gen/my_rm/bd/ulp/ip/ulp_ii_level1_wire_0/uuid_stamp.xdc] for cell 'level0_i/level1/level1_i/ulp/ii_level1_wire/inst'
Parsing XDC File [/home/devsounio/cs6_chained_taylor41_20260804/xclbin-build10/_x_link/link/vivado/vpl/prj/prj.gen/my_rm/bd/ulp/ip/ulp_memory_subsystem_0/bd_0/ip/ip_0/bd_b35e_psr_aclk_SLR0_0_board.xdc] for cell 'level0_i/level1/level1_i/ulp/memory_subsystem/inst/reset/psr_aclk_SLR0/U0'
Finished Parsing XDC File [/home/devsounio/cs6_chained_taylor41_20260804/xclbin-build10/_x_link/link/vivado/vpl/prj/prj.gen/my_rm/bd/ulp/ip/ulp_memory_subsystem_0/bd_0/ip/ip_0/bd_b35e_psr_aclk_SLR0_0_board.xdc] for cell 'level0_i/level1/level1_i/ulp/memory_subsystem/inst/reset/psr_aclk_SLR0/U0'
Parsing XDC File [/home/devsounio/cs6_chained_taylor41_20260804/xclbin-build10/_x_link/link/vivado/vpl/prj/prj.gen/my_rm/bd/ulp/ip/ulp_memory_subsystem_0/bd_0/ip/ip_4/bd_b35e_psr_aclk1_SLR0_0_board.xdc] for cell 'level0_i/level1/level1_i/ulp/memory_subsystem/inst/reset/psr_aclk1_SLR0/U0'
Finished Parsing XDC File [/home/devsounio/cs6_chained_taylor41_20260804/xclbin-build10/_x_link/link/vivado/vpl/prj/prj.gen/my_rm/bd/ulp/ip/ulp_memory_subsystem_0/bd_0/ip/ip_4/bd_b35e_psr_aclk1_SLR0_0_board.xdc] for cell 'level0_i/level1/level1_i/ulp/memory_subsystem/inst/reset/psr_aclk1_SLR0/U0'
Parsing XDC File [/home/devsounio/cs6_chained_taylor41_20260804/xclbin-build10/_x_link/link/vivado/vpl/prj/prj.gen/my_rm/bd/ulp/ip/ulp_memory_subsystem_0/bd_0/ip/ip_5/bd_b35e_psr_aclk1_SLR1_0_board.xdc] for cell 'level0_i/level1/level1_i/ulp/memory_subsystem/inst/reset/psr_aclk1_SLR1/U0'
Finished Parsing XDC File [/home/devsounio/cs6_chained_taylor41_20260804/xclbin-build10/_x_link/link/vivado/vpl/prj/prj.gen/my_rm/bd/ulp/ip/ulp_memory_subsystem_0/bd_0/ip/ip_5/bd_b35e_psr_aclk1_SLR1_0_board.xdc] for cell 'level0_i/level1/level1_i/ulp/memory_subsystem/inst/reset/psr_aclk1_SLR1/U0'
Parsing XDC File [/home/devsounio/cs6_chained_taylor41_20260804/xclbin-build10/_x_link/link/vivado/vpl/prj/prj.gen/my_rm/bd/ulp/ip/ulp_memory_subsystem_0/bd_0/ip/ip_13/bd_b35e_psr_aclk3_SLR1_0_board.xdc] for cell 'level0_i/level1/level1_i/ulp/memory_subsystem/inst/reset/psr_aclk3_SLR1/U0'
Finished Parsing XDC File [/home/devsounio/cs6_chained_taylor41_20260804/xclbin-build10/_x_link/link/vivado/vpl/prj/prj.gen/my_rm/bd/ulp/ip/ulp_memory_subsystem_0/bd_0/ip/ip_13/bd_b35e_psr_aclk3_SLR1_0_board.xdc] for cell 'level0_i/level1/level1_i/ulp/memory_subsystem/inst/reset/psr_aclk3_SLR1/U0'
Parsing XDC File [/home/devsounio/cs6_chained_taylor41_20260804/xclbin-build10/_x_link/link/vivado/vpl/prj/prj.gen/my_rm/bd/ulp/ip/ulp_memory_subsystem_0/bd_1/ip/ip_1/bd_fe25_psr0_0_board.xdc] for cell 'level0_i/level1/level1_i/ulp/memory_subsystem/inst/interconnect/interconnect_ddr4_mem00/inst/clk_map/psr0/U0'
Finished Parsing XDC File [/home/devsounio/cs6_chained_taylor41_20260804/xclbin-build10/_x_link/link/vivado/vpl/prj/prj.gen/my_rm/bd/ulp/ip/ulp_memory_subsystem_0/bd_1/ip/ip_1/bd_fe25_psr0_0_board.xdc] for cell 'level0_i/level1/level1_i/ulp/memory_subsystem/inst/interconnect/interconnect_ddr4_mem00/inst/clk_map/psr0/U0'
Parsing XDC File [/home/devsounio/cs6_chained_taylor41_20260804/xclbin-build10/_x_link/link/vivado/vpl/prj/prj.gen/my_rm/bd/ulp/ip/ulp_memory_subsystem_0/bd_1/ip/ip_2/bd_fe25_psr_aclk_0_board.xdc] for cell 'level0_i/level1/level1_i/ulp/memory_subsystem/inst/interconnect/interconnect_ddr4_mem00/inst/clk_map/psr_aclk/U0'
Finished Parsing XDC File [/home/devsounio/cs6_chained_taylor41_20260804/xclbin-build10/_x_link/link/vivado/vpl/prj/prj.gen/my_rm/bd/ulp/ip/ulp_memory_subsystem_0/bd_1/ip/ip_2/bd_fe25_psr_aclk_0_board.xdc] for cell 'level0_i/level1/level1_i/ulp/memory_subsystem/inst/interconnect/interconnect_ddr4_mem00/inst/clk_map/psr_aclk/U0'
Parsing XDC File [/home/devsounio/cs6_chained_taylor41_20260804/xclbin-build10/_x_link/link/vivado/vpl/prj/prj.gen/my_rm/bd/ulp/ip/ulp_memory_subsystem_0/bd_1/ip/ip_3/bd_fe25_psr_aclk1_0_board.xdc] for cell 'level0_i/level1/level1_i/ulp/memory_subsystem/inst/interconnect/interconnect_ddr4_mem00/inst/clk_map/psr_aclk1/U0'
Finished Parsing XDC File [/home/devsounio/cs6_chained_taylor41_20260804/xclbin-build10/_x_link/link/vivado/vpl/prj/prj.gen/my_rm/bd/ulp/ip/ulp_memory_subsystem_0/bd_1/ip/ip_3/bd_fe25_psr_aclk1_0_board.xdc] for cell 'level0_i/level1/level1_i/ulp/memory_subsystem/inst/interconnect/interconnect_ddr4_mem00/inst/clk_map/psr_aclk1/U0'
Parsing XDC File [/home/devsounio/cs6_chained_taylor41_20260804/xclbin-build10/_x_link/link/vivado/vpl/prj/prj.gen/my_rm/bd/ulp/ip/ulp_memory_subsystem_0/bd_0/ip/ip_17/smartconnect.xdc] for cell 'level0_i/level1/level1_i/ulp/memory_subsystem/inst/interconnect/interconnect_ddr4_mem00/inst'
WARNING: [Vivado_Tcl 4-919] Waiver ID 'CDC-1' -from list should not be empty. [/home/devsounio/cs6_chained_taylor41_20260804/xclbin-build10/_x_link/link/vivado/vpl/prj/prj.gen/my_rm/bd/ulp/ip/ulp_memory_subsystem_0/bd_0/ip/ip_17/smartconnect.xdc:3]
WARNING: [Vivado_Tcl 4-921] Waiver ID 'CDC-1' -to list should not be empty. [/home/devsounio/cs6_chained_taylor41_20260804/xclbin-build10/_x_link/link/vivado/vpl/prj/prj.gen/my_rm/bd/ulp/ip/ulp_memory_subsystem_0/bd_0/ip/ip_17/smartconnect.xdc:4]
WARNING: [Vivado_Tcl 4-921] Waiver ID 'CDC-1' -to list should not be empty. [/home/devsounio/cs6_chained_taylor41_20260804/xclbin-build10/_x_link/link/vivado/vpl/prj/prj.gen/my_rm/bd/ulp/ip/ulp_memory_subsystem_0/bd_0/ip/ip_17/smartconnect.xdc:5]
WARNING: [Vivado_Tcl 4-921] Waiver ID 'CDC-1' -to list should not be empty. [/home/devsounio/cs6_chained_taylor41_20260804/xclbin-build10/_x_link/link/vivado/vpl/prj/prj.gen/my_rm/bd/ulp/ip/ulp_memory_subsystem_0/bd_0/ip/ip_17/smartconnect.xdc:6]
WARNING: [Vivado_Tcl 4-921] Waiver ID 'CDC-1' -to list should not be empty. [/home/devsounio/cs6_chained_taylor41_20260804/xclbin-build10/_x_link/link/vivado/vpl/prj/prj.gen/my_rm/bd/ulp/ip/ulp_memory_subsystem_0/bd_0/ip/ip_17/smartconnect.xdc:7]
WARNING: [Vivado_Tcl 4-921] Waiver ID 'CDC-1' -to list should not be empty. [/home/devsounio/cs6_chained_taylor41_20260804/xclbin-build10/_x_link/link/vivado/vpl/prj/prj.gen/my_rm/bd/ulp/ip/ulp_memory_subsystem_0/bd_0/ip/ip_17/smartconnect.xdc:8]
WARNING: [Vivado_Tcl 4-921] Waiver ID 'CDC-1' -to list should not be empty. [/home/devsounio/cs6_chained_taylor41_20260804/xclbin-build10/_x_link/link/vivado/vpl/prj/prj.gen/my_rm/bd/ulp/ip/ulp_memory_subsystem_0/bd_0/ip/ip_17/smartconnect.xdc:9]
WARNING: [Vivado_Tcl 4-921] Waiver ID 'CDC-1' -to list should not be empty. [/home/devsounio/cs6_chained_taylor41_20260804/xclbin-build10/_x_link/link/vivado/vpl/prj/prj.gen/my_rm/bd/ulp/ip/ulp_memory_subsystem_0/bd_0/ip/ip_17/smartconnect.xdc:10]
WARNING: [Vivado_Tcl 4-921] Waiver ID 'CDC-1' -to list should not be empty. [/home/devsounio/cs6_chained_taylor41_20260804/xclbin-build10/_x_link/link/vivado/vpl/prj/prj.gen/my_rm/bd/ulp/ip/ulp_memory_subsystem_0/bd_0/ip/ip_17/smartconnect.xdc:11]
WARNING: [Vivado_Tcl 4-921] Waiver ID 'CDC-1' -to list should not be empty. [/home/devsounio/cs6_chained_taylor41_20260804/xclbin-build10/_x_link/link/vivado/vpl/prj/prj.gen/my_rm/bd/ulp/ip/ulp_memory_subsystem_0/bd_0/ip/ip_17/smartconnect.xdc:12]
WARNING: [Vivado_Tcl 4-921] Waiver ID 'CDC-1' -to list should not be empty. [/home/devsounio/cs6_chained_taylor41_20260804/xclbin-build10/_x_link/link/vivado/vpl/prj/prj.gen/my_rm/bd/ulp/ip/ulp_memory_subsystem_0/bd_0/ip/ip_17/smartconnect.xdc:13]
WARNING: [Vivado_Tcl 4-921] Waiver ID 'CDC-1' -to list should not be empty. [/home/devsounio/cs6_chained_taylor41_20260804/xclbin-build10/_x_link/link/vivado/vpl/prj/prj.gen/my_rm/bd/ulp/ip/ulp_memory_subsystem_0/bd_0/ip/ip_17/smartconnect.xdc:14]
WARNING: [Vivado_Tcl 4-921] Waiver ID 'CDC-1' -to list should not be empty. [/home/devsounio/cs6_chained_taylor41_20260804/xclbin-build10/_x_link/link/vivado/vpl/prj/prj.gen/my_rm/bd/ulp/ip/ulp_memory_subsystem_0/bd_0/ip/ip_17/smartconnect.xdc:15]
WARNING: [Vivado_Tcl 4-921] Waiver ID 'CDC-1' -to list should not be empty. [/home/devsounio/cs6_chained_taylor41_20260804/xclbin-build10/_x_link/link/vivado/vpl/prj/prj.gen/my_rm/bd/ulp/ip/ulp_memory_subsystem_0/bd_0/ip/ip_17/smartconnect.xdc:16]
WARNING: [Vivado_Tcl 4-921] Waiver ID 'CDC-1' -to list should not be empty. [/home/devsounio/cs6_chained_taylor41_20260804/xclbin-build10/_x_link/link/vivado/vpl/prj/prj.gen/my_rm/bd/ulp/ip/ulp_memory_subsystem_0/bd_0/ip/ip_17/smartconnect.xdc:17]
WARNING: [Vivado_Tcl 4-921] Waiver ID 'CDC-1' -to list should not be empty. [/home/devsounio/cs6_chained_taylor41_20260804/xclbin-build10/_x_link/link/vivado/vpl/prj/prj.gen/my_rm/bd/ulp/ip/ulp_memory_subsystem_0/bd_0/ip/ip_17/smartconnect.xdc:19]
WARNING: [Vivado_Tcl 4-921] Waiver ID 'CDC-1' -to list should not be empty. [/home/devsounio/cs6_chained_taylor41_20260804/xclbin-build10/_x_link/link/vivado/vpl/prj/prj.gen/my_rm/bd/ulp/ip/ulp_memory_subsystem_0/bd_0/ip/ip_17/smartconnect.xdc:20]
WARNING: [Vivado_Tcl 4-921] Waiver ID 'CDC-1' -to list should not be empty. [/home/devsounio/cs6_chained_taylor41_20260804/xclbin-build10/_x_link/link/vivado/vpl/prj/prj.gen/my_rm/bd/ulp/ip/ulp_memory_subsystem_0/bd_0/ip/ip_17/smartconnect.xdc:23]
WARNING: [Vivado_Tcl 4-921] Waiver ID 'CDC-1' -to list should not be empty. [/home/devsounio/cs6_chained_taylor41_20260804/xclbin-build10/_x_link/link/vivado/vpl/prj/prj.gen/my_rm/bd/ulp/ip/ulp_memory_subsystem_0/bd_0/ip/ip_17/smartconnect.xdc:24]
WARNING: [Vivado_Tcl 4-921] Waiver ID 'CDC-1' -to list should not be empty. [/home/devsounio/cs6_chained_taylor41_20260804/xclbin-build10/_x_link/link/vivado/vpl/prj/prj.gen/my_rm/bd/ulp/ip/ulp_memory_subsystem_0/bd_0/ip/ip_17/smartconnect.xdc:25]
WARNING: [Vivado_Tcl 4-921] Waiver ID 'CDC-1' -to list should not be empty. [/home/devsounio/cs6_chained_taylor41_20260804/xclbin-build10/_x_link/link/vivado/vpl/prj/prj.gen/my_rm/bd/ulp/ip/ulp_memory_subsystem_0/bd_0/ip/ip_17/smartconnect.xdc:26]
WARNING: [Vivado_Tcl 4-921] Waiver ID 'CDC-1' -to list should not be empty. [/home/devsounio/cs6_chained_taylor41_20260804/xclbin-build10/_x_link/link/vivado/vpl/prj/prj.gen/my_rm/bd/ulp/ip/ulp_memory_subsystem_0/bd_0/ip/ip_17/smartconnect.xdc:27]
WARNING: [Vivado_Tcl 4-921] Waiver ID 'CDC-1' -to list should not be empty. [/home/devsounio/cs6_chained_taylor41_20260804/xclbin-build10/_x_link/link/vivado/vpl/prj/prj.gen/my_rm/bd/ulp/ip/ulp_memory_subsystem_0/bd_0/ip/ip_17/smartconnect.xdc:28]
WARNING: [Vivado_Tcl 4-921] Waiver ID 'CDC-1' -to list should not be empty. [/home/devsounio/cs6_chained_taylor41_20260804/xclbin-build10/_x_link/link/vivado/vpl/prj/prj.gen/my_rm/bd/ulp/ip/ulp_memory_subsystem_0/bd_0/ip/ip_17/smartconnect.xdc:29]
WARNING: [Vivado_Tcl 4-921] Waiver ID 'CDC-1' -to list should not be empty. [/home/devsounio/cs6_chained_taylor41_20260804/xclbin-build10/_x_link/link/vivado/vpl/prj/prj.gen/my_rm/bd/ulp/ip/ulp_memory_subsystem_0/bd_0/ip/ip_17/smartconnect.xdc:31]
WARNING: [Vivado_Tcl 4-921] Waiver ID 'CDC-1' -to list should not be empty. [/home/devsounio/cs6_chained_taylor41_20260804/xclbin-build10/_x_link/link/vivado/vpl/prj/prj.gen/my_rm/bd/ulp/ip/ulp_memory_subsystem_0/bd_0/ip/ip_17/smartconnect.xdc:33]
WARNING: [Vivado_Tcl 4-921] Waiver ID 'CDC-1' -to list should not be empty. [/home/devsounio/cs6_chained_taylor41_20260804/xclbin-build10/_x_link/link/vivado/vpl/prj/prj.gen/my_rm/bd/ulp/ip/ulp_memory_subsystem_0/bd_0/ip/ip_17/smartconnect.xdc:34]
WARNING: [Vivado_Tcl 4-921] Waiver ID 'CDC-1' -to list should not be empty. [/home/devsounio/cs6_chained_taylor41_20260804/xclbin-build10/_x_link/link/vivado/vpl/prj/prj.gen/my_rm/bd/ulp/ip/ulp_memory_subsystem_0/bd_0/ip/ip_17/smartconnect.xdc:36]
WARNING: [Vivado_Tcl 4-921] Waiver ID 'CDC-1' -to list should not be empty. [/home/devsounio/cs6_chained_taylor41_20260804/xclbin-build10/_x_link/link/vivado/vpl/prj/prj.gen/my_rm/bd/ulp/ip/ulp_memory_subsystem_0/bd_0/ip/ip_17/smartconnect.xdc:40]
WARNING: [Vivado_Tcl 4-921] Waiver ID 'CDC-1' -to list should not be empty. [/home/devsounio/cs6_chained_taylor41_20260804/xclbin-build10/_x_link/link/vivado/vpl/prj/prj.gen/my_rm/bd/ulp/ip/ulp_memory_subsystem_0/bd_0/ip/ip_17/smartconnect.xdc:41]
WARNING: [Vivado_Tcl 4-921] Waiver ID 'CDC-2' -to list should not be empty. [/home/devsounio/cs6_chained_taylor41_20260804/xclbin-build10/_x_link/link/vivado/vpl/prj/prj.gen/my_rm/bd/ulp/ip/ulp_memory_subsystem_0/bd_0/ip/ip_17/smartconnect.xdc:42]
WARNING: [Vivado_Tcl 4-921] Waiver ID 'CDC-2' -to list should not be empty. [/home/devsounio/cs6_chained_taylor41_20260804/xclbin-build10/_x_link/link/vivado/vpl/prj/prj.gen/my_rm/bd/ulp/ip/ulp_memory_subsystem_0/bd_0/ip/ip_17/smartconnect.xdc:43]
WARNING: [Vivado_Tcl 4-921] Waiver ID 'CDC-2' -to list should not be empty. [/home/devsounio/cs6_chained_taylor41_20260804/xclbin-build10/_x_link/link/vivado/vpl/prj/prj.gen/my_rm/bd/ulp/ip/ulp_memory_subsystem_0/bd_0/ip/ip_17/smartconnect.xdc:44]
WARNING: [Vivado_Tcl 4-921] Waiver ID 'CDC-10' -to list should not be empty. [/home/devsounio/cs6_chained_taylor41_20260804/xclbin-build10/_x_link/link/vivado/vpl/prj/prj.gen/my_rm/bd/ulp/ip/ulp_memory_subsystem_0/bd_0/ip/ip_17/smartconnect.xdc:45]
WARNING: [Vivado_Tcl 4-921] Waiver ID 'CDC-10' -to list should not be empty. [/home/devsounio/cs6_chained_taylor41_20260804/xclbin-build10/_x_link/link/vivado/vpl/prj/prj.gen/my_rm/bd/ulp/ip/ulp_memory_subsystem_0/bd_0/ip/ip_17/smartconnect.xdc:46]
WARNING: [Vivado_Tcl 4-921] Waiver ID 'CDC-10' -to list should not be empty. [/home/devsounio/cs6_chained_taylor41_20260804/xclbin-build10/_x_link/link/vivado/vpl/prj/prj.gen/my_rm/bd/ulp/ip/ulp_memory_subsystem_0/bd_0/ip/ip_17/smartconnect.xdc:47]
WARNING: [Vivado_Tcl 4-921] Waiver ID 'CDC-4' -to list should not be empty. [/home/devsounio/cs6_chained_taylor41_20260804/xclbin-build10/_x_link/link/vivado/vpl/prj/prj.gen/my_rm/bd/ulp/ip/ulp_memory_subsystem_0/bd_0/ip/ip_17/smartconnect.xdc:48]
WARNING: [Vivado_Tcl 4-921] Waiver ID 'CDC-4' -to list should not be empty. [/home/devsounio/cs6_chained_taylor41_20260804/xclbin-build10/_x_link/link/vivado/vpl/prj/prj.gen/my_rm/bd/ulp/ip/ulp_memory_subsystem_0/bd_0/ip/ip_17/smartconnect.xdc:49]
WARNING: [Vivado_Tcl 4-921] Waiver ID 'CDC-4' -to list should not be empty. [/home/devsounio/cs6_chained_taylor41_20260804/xclbin-build10/_x_link/link/vivado/vpl/prj/prj.gen/my_rm/bd/ulp/ip/ulp_memory_subsystem_0/bd_0/ip/ip_17/smartconnect.xdc:50]
WARNING: [Vivado_Tcl 4-921] Waiver ID 'CDC-13' -to list should not be empty. [/home/devsounio/cs6_chained_taylor41_20260804/xclbin-build10/_x_link/link/vivado/vpl/prj/prj.gen/my_rm/bd/ulp/ip/ulp_memory_subsystem_0/bd_0/ip/ip_17/smartconnect.xdc:51]
WARNING: [Vivado_Tcl 4-921] Waiver ID 'CDC-13' -to list should not be empty. [/home/devsounio/cs6_chained_taylor41_20260804/xclbin-build10/_x_link/link/vivado/vpl/prj/prj.gen/my_rm/bd/ulp/ip/ulp_memory_subsystem_0/bd_0/ip/ip_17/smartconnect.xdc:52]
WARNING: [Vivado_Tcl 4-919] Waiver ID 'CDC-1' -from list should not be empty. [/home/devsounio/cs6_chained_taylor41_20260804/xclbin-build10/_x_link/link/vivado/vpl/prj/prj.gen/my_rm/bd/ulp/ip/ulp_memory_subsystem_0/bd_0/ip/ip_17/smartconnect.xdc:53]
WARNING: [Vivado_Tcl 4-919] Waiver ID 'CDC-13' -from list should not be empty. [/home/devsounio/cs6_chained_taylor41_20260804/xclbin-build10/_x_link/link/vivado/vpl/prj/prj.gen/my_rm/bd/ulp/ip/ulp_memory_subsystem_0/bd_0/ip/ip_17/smartconnect.xdc:54]
WARNING: [Vivado_Tcl 4-921] Waiver ID 'CDC-10' -to list should not be empty. [/home/devsounio/cs6_chained_taylor41_20260804/xclbin-build10/_x_link/link/vivado/vpl/prj/prj.gen/my_rm/bd/ulp/ip/ulp_memory_subsystem_0/bd_0/ip/ip_17/smartconnect.xdc:55]
WARNING: [Vivado_Tcl 4-921] Waiver ID 'CDC-11' -to list should not be empty. [/home/devsounio/cs6_chained_taylor41_20260804/xclbin-build10/_x_link/link/vivado/vpl/prj/prj.gen/my_rm/bd/ulp/ip/ulp_memory_subsystem_0/bd_0/ip/ip_17/smartconnect.xdc:56]
WARNING: [Vivado_Tcl 4-921] Waiver ID 'CDC-2' -to list should not be empty. [/home/devsounio/cs6_chained_taylor41_20260804/xclbin-build10/_x_link/link/vivado/vpl/prj/prj.gen/my_rm/bd/ulp/ip/ulp_memory_subsystem_0/bd_0/ip/ip_17/smartconnect.xdc:57]
Finished Parsing XDC File [/home/devsounio/cs6_chained_taylor41_20260804/xclbin-build10/_x_link/link/vivado/vpl/prj/prj.gen/my_rm/bd/ulp/ip/ulp_memory_subsystem_0/bd_0/ip/ip_17/smartconnect.xdc] for cell 'level0_i/level1/level1_i/ulp/memory_subsystem/inst/interconnect/interconnect_ddr4_mem00/inst'
Parsing XDC File [/home/devsounio/cs6_chained_taylor41_20260804/xclbin-build10/_x_link/link/vivado/vpl/prj/prj.gen/my_rm/bd/ulp/ip/ulp_memory_subsystem_0/bd_2/ip/ip_1/bd_928c_psr0_0_board.xdc] for cell 'level0_i/level1/level1_i/ulp/memory_subsystem/inst/interconnect/interconnect_m00_axi_mem00/inst/clk_map/psr0/U0'
Finished Parsing XDC File [/home/devsounio/cs6_chained_taylor41_20260804/xclbin-build10/_x_link/link/vivado/vpl/prj/prj.gen/my_rm/bd/ulp/ip/ulp_memory_subsystem_0/bd_2/ip/ip_1/bd_928c_psr0_0_board.xdc] for cell 'level0_i/level1/level1_i/ulp/memory_subsystem/inst/interconnect/interconnect_m00_axi_mem00/inst/clk_map/psr0/U0'
Parsing XDC File [/home/devsounio/cs6_chained_taylor41_20260804/xclbin-build10/_x_link/link/vivado/vpl/prj/prj.gen/my_rm/bd/ulp/ip/ulp_memory_subsystem_0/bd_2/ip/ip_2/bd_928c_psr_aclk_0_board.xdc] for cell 'level0_i/level1/level1_i/ulp/memory_subsystem/inst/interconnect/interconnect_m00_axi_mem00/inst/clk_map/psr_aclk/U0'
Finished Parsing XDC File [/home/devsounio/cs6_chained_taylor41_20260804/xclbin-build10/_x_link/link/vivado/vpl/prj/prj.gen/my_rm/bd/ulp/ip/ulp_memory_subsystem_0/bd_2/ip/ip_2/bd_928c_psr_aclk_0_board.xdc] for cell 'level0_i/level1/level1_i/ulp/memory_subsystem/inst/interconnect/interconnect_m00_axi_mem00/inst/clk_map/psr_aclk/U0'
Parsing XDC File [/home/devsounio/cs6_chained_taylor41_20260804/xclbin-build10/_x_link/link/vivado/vpl/prj/prj.gen/my_rm/bd/ulp/ip/ulp_memory_subsystem_0/bd_2/ip/ip_3/bd_928c_psr_aclk1_0_board.xdc] for cell 'level0_i/level1/level1_i/ulp/memory_subsystem/inst/interconnect/interconnect_m00_axi_mem00/inst/clk_map/psr_aclk1/U0'
Finished Parsing XDC File [/home/devsounio/cs6_chained_taylor41_20260804/xclbin-build10/_x_link/link/vivado/vpl/prj/prj.gen/my_rm/bd/ulp/ip/ulp_memory_subsystem_0/bd_2/ip/ip_3/bd_928c_psr_aclk1_0_board.xdc] for cell 'level0_i/level1/level1_i/ulp/memory_subsystem/inst/interconnect/interconnect_m00_axi_mem00/inst/clk_map/psr_aclk1/U0'
Parsing XDC File [/home/devsounio/cs6_chained_taylor41_20260804/xclbin-build10/_x_link/link/vivado/vpl/prj/prj.gen/my_rm/bd/ulp/ip/ulp_memory_subsystem_0/bd_0/ip/ip_18/smartconnect.xdc] for cell 'level0_i/level1/level1_i/ulp/memory_subsystem/inst/interconnect/interconnect_m00_axi_mem00/inst'
WARNING: [Vivado_Tcl 4-919] Waiver ID 'CDC-1' -from list should not be empty. [/home/devsounio/cs6_chained_taylor41_20260804/xclbin-build10/_x_link/link/vivado/vpl/prj/prj.gen/my_rm/bd/ulp/ip/ulp_memory_subsystem_0/bd_0/ip/ip_18/smartconnect.xdc:3]
WARNING: [Vivado_Tcl 4-921] Waiver ID 'CDC-1' -to list should not be empty. [/home/devsounio/cs6_chained_taylor41_20260804/xclbin-build10/_x_link/link/vivado/vpl/prj/prj.gen/my_rm/bd/ulp/ip/ulp_memory_subsystem_0/bd_0/ip/ip_18/smartconnect.xdc:4]
WARNING: [Vivado_Tcl 4-921] Waiver ID 'CDC-1' -to list should not be empty. [/home/devsounio/cs6_chained_taylor41_20260804/xclbin-build10/_x_link/link/vivado/vpl/prj/prj.gen/my_rm/bd/ulp/ip/ulp_memory_subsystem_0/bd_0/ip/ip_18/smartconnect.xdc:5]
WARNING: [Vivado_Tcl 4-921] Waiver ID 'CDC-1' -to list should not be empty. [/home/devsounio/cs6_chained_taylor41_20260804/xclbin-build10/_x_link/link/vivado/vpl/prj/prj.gen/my_rm/bd/ulp/ip/ulp_memory_subsystem_0/bd_0/ip/ip_18/smartconnect.xdc:6]
WARNING: [Vivado_Tcl 4-921] Waiver ID 'CDC-1' -to list should not be empty. [/home/devsounio/cs6_chained_taylor41_20260804/xclbin-build10/_x_link/link/vivado/vpl/prj/prj.gen/my_rm/bd/ulp/ip/ulp_memory_subsystem_0/bd_0/ip/ip_18/smartconnect.xdc:7]
WARNING: [Vivado_Tcl 4-921] Waiver ID 'CDC-1' -to list should not be empty. [/home/devsounio/cs6_chained_taylor41_20260804/xclbin-build10/_x_link/link/vivado/vpl/prj/prj.gen/my_rm/bd/ulp/ip/ulp_memory_subsystem_0/bd_0/ip/ip_18/smartconnect.xdc:8]
WARNING: [Vivado_Tcl 4-921] Waiver ID 'CDC-1' -to list should not be empty. [/home/devsounio/cs6_chained_taylor41_20260804/xclbin-build10/_x_link/link/vivado/vpl/prj/prj.gen/my_rm/bd/ulp/ip/ulp_memory_subsystem_0/bd_0/ip/ip_18/smartconnect.xdc:9]
WARNING: [Vivado_Tcl 4-921] Waiver ID 'CDC-1' -to list should not be empty. [/home/devsounio/cs6_chained_taylor41_20260804/xclbin-build10/_x_link/link/vivado/vpl/prj/prj.gen/my_rm/bd/ulp/ip/ulp_memory_subsystem_0/bd_0/ip/ip_18/smartconnect.xdc:10]
WARNING: [Vivado_Tcl 4-921] Waiver ID 'CDC-1' -to list should not be empty. [/home/devsounio/cs6_chained_taylor41_20260804/xclbin-build10/_x_link/link/vivado/vpl/prj/prj.gen/my_rm/bd/ulp/ip/ulp_memory_subsystem_0/bd_0/ip/ip_18/smartconnect.xdc:11]
WARNING: [Vivado_Tcl 4-921] Waiver ID 'CDC-1' -to list should not be empty. [/home/devsounio/cs6_chained_taylor41_20260804/xclbin-build10/_x_link/link/vivado/vpl/prj/prj.gen/my_rm/bd/ulp/ip/ulp_memory_subsystem_0/bd_0/ip/ip_18/smartconnect.xdc:12]
WARNING: [Vivado_Tcl 4-921] Waiver ID 'CDC-1' -to list should not be empty. [/home/devsounio/cs6_chained_taylor41_20260804/xclbin-build10/_x_link/link/vivado/vpl/prj/prj.gen/my_rm/bd/ulp/ip/ulp_memory_subsystem_0/bd_0/ip/ip_18/smartconnect.xdc:13]
WARNING: [Vivado_Tcl 4-921] Waiver ID 'CDC-1' -to list should not be empty. [/home/devsounio/cs6_chained_taylor41_20260804/xclbin-build10/_x_link/link/vivado/vpl/prj/prj.gen/my_rm/bd/ulp/ip/ulp_memory_subsystem_0/bd_0/ip/ip_18/smartconnect.xdc:14]
WARNING: [Vivado_Tcl 4-921] Waiver ID 'CDC-1' -to list should not be empty. [/home/devsounio/cs6_chained_taylor41_20260804/xclbin-build10/_x_link/link/vivado/vpl/prj/prj.gen/my_rm/bd/ulp/ip/ulp_memory_subsystem_0/bd_0/ip/ip_18/smartconnect.xdc:15]
WARNING: [Vivado_Tcl 4-921] Waiver ID 'CDC-1' -to list should not be empty. [/home/devsounio/cs6_chained_taylor41_20260804/xclbin-build10/_x_link/link/vivado/vpl/prj/prj.gen/my_rm/bd/ulp/ip/ulp_memory_subsystem_0/bd_0/ip/ip_18/smartconnect.xdc:16]
WARNING: [Vivado_Tcl 4-921] Waiver ID 'CDC-1' -to list should not be empty. [/home/devsounio/cs6_chained_taylor41_20260804/xclbin-build10/_x_link/link/vivado/vpl/prj/prj.gen/my_rm/bd/ulp/ip/ulp_memory_subsystem_0/bd_0/ip/ip_18/smartconnect.xdc:17]
WARNING: [Vivado_Tcl 4-921] Waiver ID 'CDC-1' -to list should not be empty. [/home/devsounio/cs6_chained_taylor41_20260804/xclbin-build10/_x_link/link/vivado/vpl/prj/prj.gen/my_rm/bd/ulp/ip/ulp_memory_subsystem_0/bd_0/ip/ip_18/smartconnect.xdc:19]
WARNING: [Vivado_Tcl 4-921] Waiver ID 'CDC-1' -to list should not be empty. [/home/devsounio/cs6_chained_taylor41_20260804/xclbin-build10/_x_link/link/vivado/vpl/prj/prj.gen/my_rm/bd/ulp/ip/ulp_memory_subsystem_0/bd_0/ip/ip_18/smartconnect.xdc:20]
WARNING: [Vivado_Tcl 4-921] Waiver ID 'CDC-1' -to list should not be empty. [/home/devsounio/cs6_chained_taylor41_20260804/xclbin-build10/_x_link/link/vivado/vpl/prj/prj.gen/my_rm/bd/ulp/ip/ulp_memory_subsystem_0/bd_0/ip/ip_18/smartconnect.xdc:22]
WARNING: [Vivado_Tcl 4-921] Waiver ID 'CDC-1' -to list should not be empty. [/home/devsounio/cs6_chained_taylor41_20260804/xclbin-build10/_x_link/link/vivado/vpl/prj/prj.gen/my_rm/bd/ulp/ip/ulp_memory_subsystem_0/bd_0/ip/ip_18/smartconnect.xdc:23]
WARNING: [Vivado_Tcl 4-921] Waiver ID 'CDC-1' -to list should not be empty. [/home/devsounio/cs6_chained_taylor41_20260804/xclbin-build10/_x_link/link/vivado/vpl/prj/prj.gen/my_rm/bd/ulp/ip/ulp_memory_subsystem_0/bd_0/ip/ip_18/smartconnect.xdc:24]
WARNING: [Vivado_Tcl 4-921] Waiver ID 'CDC-1' -to list should not be empty. [/home/devsounio/cs6_chained_taylor41_20260804/xclbin-build10/_x_link/link/vivado/vpl/prj/prj.gen/my_rm/bd/ulp/ip/ulp_memory_subsystem_0/bd_0/ip/ip_18/smartconnect.xdc:25]
WARNING: [Vivado_Tcl 4-921] Waiver ID 'CDC-1' -to list should not be empty. [/home/devsounio/cs6_chained_taylor41_20260804/xclbin-build10/_x_link/link/vivado/vpl/prj/prj.gen/my_rm/bd/ulp/ip/ulp_memory_subsystem_0/bd_0/ip/ip_18/smartconnect.xdc:26]
WARNING: [Vivado_Tcl 4-921] Waiver ID 'CDC-1' -to list should not be empty. [/home/devsounio/cs6_chained_taylor41_20260804/xclbin-build10/_x_link/link/vivado/vpl/prj/prj.gen/my_rm/bd/ulp/ip/ulp_memory_subsystem_0/bd_0/ip/ip_18/smartconnect.xdc:27]
WARNING: [Vivado_Tcl 4-921] Waiver ID 'CDC-1' -to list should not be empty. [/home/devsounio/cs6_chained_taylor41_20260804/xclbin-build10/_x_link/link/vivado/vpl/prj/prj.gen/my_rm/bd/ulp/ip/ulp_memory_subsystem_0/bd_0/ip/ip_18/smartconnect.xdc:28]
WARNING: [Vivado_Tcl 4-921] Waiver ID 'CDC-1' -to list should not be empty. [/home/devsounio/cs6_chained_taylor41_20260804/xclbin-build10/_x_link/link/vivado/vpl/prj/prj.gen/my_rm/bd/ulp/ip/ulp_memory_subsystem_0/bd_0/ip/ip_18/smartconnect.xdc:29]
WARNING: [Vivado_Tcl 4-921] Waiver ID 'CDC-1' -to list should not be empty. [/home/devsounio/cs6_chained_taylor41_20260804/xclbin-build10/_x_link/link/vivado/vpl/prj/prj.gen/my_rm/bd/ulp/ip/ulp_memory_subsystem_0/bd_0/ip/ip_18/smartconnect.xdc:31]
WARNING: [Vivado_Tcl 4-921] Waiver ID 'CDC-1' -to list should not be empty. [/home/devsounio/cs6_chained_taylor41_20260804/xclbin-build10/_x_link/link/vivado/vpl/prj/prj.gen/my_rm/bd/ulp/ip/ulp_memory_subsystem_0/bd_0/ip/ip_18/smartconnect.xdc:33]
WARNING: [Vivado_Tcl 4-921] Waiver ID 'CDC-1' -to list should not be empty. [/home/devsounio/cs6_chained_taylor41_20260804/xclbin-build10/_x_link/link/vivado/vpl/prj/prj.gen/my_rm/bd/ulp/ip/ulp_memory_subsystem_0/bd_0/ip/ip_18/smartconnect.xdc:34]
WARNING: [Vivado_Tcl 4-921] Waiver ID 'CDC-1' -to list should not be empty. [/home/devsounio/cs6_chained_taylor41_20260804/xclbin-build10/_x_link/link/vivado/vpl/prj/prj.gen/my_rm/bd/ulp/ip/ulp_memory_subsystem_0/bd_0/ip/ip_18/smartconnect.xdc:35]
WARNING: [Vivado_Tcl 4-921] Waiver ID 'CDC-1' -to list should not be empty. [/home/devsounio/cs6_chained_taylor41_20260804/xclbin-build10/_x_link/link/vivado/vpl/prj/prj.gen/my_rm/bd/ulp/ip/ulp_memory_subsystem_0/bd_0/ip/ip_18/smartconnect.xdc:36]
WARNING: [Vivado_Tcl 4-921] Waiver ID 'CDC-1' -to list should not be empty. [/home/devsounio/cs6_chained_taylor41_20260804/xclbin-build10/_x_link/link/vivado/vpl/prj/prj.gen/my_rm/bd/ulp/ip/ulp_memory_subsystem_0/bd_0/ip/ip_18/smartconnect.xdc:37]
INFO: [Common 17-14] Message 'Vivado 12-180' appears 100 times and further instances of the messages will be disabled. [Vivado 12-180:100]
WARNING: [Vivado_Tcl 4-921] Waiver ID 'CDC-1' -to list should not be empty. [/home/devsounio/cs6_chained_taylor41_20260804/xclbin-build10/_x_link/link/vivado/vpl/prj/prj.gen/my_rm/bd/ulp/ip/ulp_memory_subsystem_0/bd_0/ip/ip_18/smartconnect.xdc:38]
WARNING: [Vivado_Tcl 4-921] Waiver ID 'CDC-1' -to list should not be empty. [/home/devsounio/cs6_chained_taylor41_20260804/xclbin-build10/_x_link/link/vivado/vpl/prj/prj.gen/my_rm/bd/ulp/ip/ulp_memory_subsystem_0/bd_0/ip/ip_18/smartconnect.xdc:39]
WARNING: [Vivado_Tcl 4-921] Waiver ID 'CDC-1' -to list should not be empty. [/home/devsounio/cs6_chained_taylor41_20260804/xclbin-build10/_x_link/link/vivado/vpl/prj/prj.gen/my_rm/bd/ulp/ip/ulp_memory_subsystem_0/bd_0/ip/ip_18/smartconnect.xdc:40]
WARNING: [Vivado_Tcl 4-921] Waiver ID 'CDC-1' -to list should not be empty. [/home/devsounio/cs6_chained_taylor41_20260804/xclbin-build10/_x_link/link/vivado/vpl/prj/prj.gen/my_rm/bd/ulp/ip/ulp_memory_subsystem_0/bd_0/ip/ip_18/smartconnect.xdc:41]
WARNING: [Vivado_Tcl 4-921] Waiver ID 'CDC-2' -to list should not be empty. [/home/devsounio/cs6_chained_taylor41_20260804/xclbin-build10/_x_link/link/vivado/vpl/prj/prj.gen/my_rm/bd/ulp/ip/ulp_memory_subsystem_0/bd_0/ip/ip_18/smartconnect.xdc:42]
WARNING: [Vivado_Tcl 4-921] Waiver ID 'CDC-2' -to list should not be empty. [/home/devsounio/cs6_chained_taylor41_20260804/xclbin-build10/_x_link/link/vivado/vpl/prj/prj.gen/my_rm/bd/ulp/ip/ulp_memory_subsystem_0/bd_0/ip/ip_18/smartconnect.xdc:43]
WARNING: [Vivado_Tcl 4-921] Waiver ID 'CDC-2' -to list should not be empty. [/home/devsounio/cs6_chained_taylor41_20260804/xclbin-build10/_x_link/link/vivado/vpl/prj/prj.gen/my_rm/bd/ulp/ip/ulp_memory_subsystem_0/bd_0/ip/ip_18/smartconnect.xdc:44]
WARNING: [Vivado_Tcl 4-921] Waiver ID 'CDC-10' -to list should not be empty. [/home/devsounio/cs6_chained_taylor41_20260804/xclbin-build10/_x_link/link/vivado/vpl/prj/prj.gen/my_rm/bd/ulp/ip/ulp_memory_subsystem_0/bd_0/ip/ip_18/smartconnect.xdc:45]
WARNING: [Vivado_Tcl 4-921] Waiver ID 'CDC-10' -to list should not be empty. [/home/devsounio/cs6_chained_taylor41_20260804/xclbin-build10/_x_link/link/vivado/vpl/prj/prj.gen/my_rm/bd/ulp/ip/ulp_memory_subsystem_0/bd_0/ip/ip_18/smartconnect.xdc:46]
WARNING: [Vivado_Tcl 4-921] Waiver ID 'CDC-10' -to list should not be empty. [/home/devsounio/cs6_chained_taylor41_20260804/xclbin-build10/_x_link/link/vivado/vpl/prj/prj.gen/my_rm/bd/ulp/ip/ulp_memory_subsystem_0/bd_0/ip/ip_18/smartconnect.xdc:47]
WARNING: [Vivado_Tcl 4-921] Waiver ID 'CDC-4' -to list should not be empty. [/home/devsounio/cs6_chained_taylor41_20260804/xclbin-build10/_x_link/link/vivado/vpl/prj/prj.gen/my_rm/bd/ulp/ip/ulp_memory_subsystem_0/bd_0/ip/ip_18/smartconnect.xdc:48]
WARNING: [Vivado_Tcl 4-921] Waiver ID 'CDC-4' -to list should not be empty. [/home/devsounio/cs6_chained_taylor41_20260804/xclbin-build10/_x_link/link/vivado/vpl/prj/prj.gen/my_rm/bd/ulp/ip/ulp_memory_subsystem_0/bd_0/ip/ip_18/smartconnect.xdc:49]
WARNING: [Vivado_Tcl 4-921] Waiver ID 'CDC-4' -to list should not be empty. [/home/devsounio/cs6_chained_taylor41_20260804/xclbin-build10/_x_link/link/vivado/vpl/prj/prj.gen/my_rm/bd/ulp/ip/ulp_memory_subsystem_0/bd_0/ip/ip_18/smartconnect.xdc:50]
WARNING: [Vivado_Tcl 4-921] Waiver ID 'CDC-13' -to list should not be empty. [/home/devsounio/cs6_chained_taylor41_20260804/xclbin-build10/_x_link/link/vivado/vpl/prj/prj.gen/my_rm/bd/ulp/ip/ulp_memory_subsystem_0/bd_0/ip/ip_18/smartconnect.xdc:51]
WARNING: [Vivado_Tcl 4-921] Waiver ID 'CDC-13' -to list should not be empty. [/home/devsounio/cs6_chained_taylor41_20260804/xclbin-build10/_x_link/link/vivado/vpl/prj/prj.gen/my_rm/bd/ulp/ip/ulp_memory_subsystem_0/bd_0/ip/ip_18/smartconnect.xdc:52]
WARNING: [Vivado_Tcl 4-919] Waiver ID 'CDC-1' -from list should not be empty. [/home/devsounio/cs6_chained_taylor41_20260804/xclbin-build10/_x_link/link/vivado/vpl/prj/prj.gen/my_rm/bd/ulp/ip/ulp_memory_subsystem_0/bd_0/ip/ip_18/smartconnect.xdc:53]
WARNING: [Vivado_Tcl 4-919] Waiver ID 'CDC-13' -from list should not be empty. [/home/devsounio/cs6_chained_taylor41_20260804/xclbin-build10/_x_link/link/vivado/vpl/prj/prj.gen/my_rm/bd/ulp/ip/ulp_memory_subsystem_0/bd_0/ip/ip_18/smartconnect.xdc:54]
WARNING: [Vivado_Tcl 4-921] Waiver ID 'CDC-10' -to list should not be empty. [/home/devsounio/cs6_chained_taylor41_20260804/xclbin-build10/_x_link/link/vivado/vpl/prj/prj.gen/my_rm/bd/ulp/ip/ulp_memory_subsystem_0/bd_0/ip/ip_18/smartconnect.xdc:55]
WARNING: [Vivado_Tcl 4-921] Waiver ID 'CDC-11' -to list should not be empty. [/home/devsounio/cs6_chained_taylor41_20260804/xclbin-build10/_x_link/link/vivado/vpl/prj/prj.gen/my_rm/bd/ulp/ip/ulp_memory_subsystem_0/bd_0/ip/ip_18/smartconnect.xdc:56]
WARNING: [Vivado_Tcl 4-921] Waiver ID 'CDC-2' -to list should not be empty. [/home/devsounio/cs6_chained_taylor41_20260804/xclbin-build10/_x_link/link/vivado/vpl/prj/prj.gen/my_rm/bd/ulp/ip/ulp_memory_subsystem_0/bd_0/ip/ip_18/smartconnect.xdc:57]
Finished Parsing XDC File [/home/devsounio/cs6_chained_taylor41_20260804/xclbin-build10/_x_link/link/vivado/vpl/prj/prj.gen/my_rm/bd/ulp/ip/ulp_memory_subsystem_0/bd_0/ip/ip_18/smartconnect.xdc] for cell 'level0_i/level1/level1_i/ulp/memory_subsystem/inst/interconnect/interconnect_m00_axi_mem00/inst'
Parsing XDC File [/home/devsounio/cs6_chained_taylor41_20260804/xclbin-build10/_x_link/link/vivado/vpl/prj/prj.gen/my_rm/bd/ulp/ip/ulp_memory_subsystem_0/bd_3/ip/ip_0/bd_2e55_microblaze_I_0.xdc] for cell 'level0_i/level1/level1_i/ulp/memory_subsystem/inst/memory/ddr4_mem00/inst/u_ddr4_mem_intfc/u_ddr_cal_riu/mcs0/inst/microblaze_I/U0'
WARNING: [Vivado_Tcl 4-921] Waiver ID 'CDC-26' -to list should not be empty. [/home/devsounio/cs6_chained_taylor41_20260804/xclbin-build10/_x_link/link/vivado/vpl/prj/prj.gen/my_rm/bd/ulp/ip/ulp_memory_subsystem_0/bd_3/ip/ip_0/bd_2e55_microblaze_I_0.xdc:2]
WARNING: [Vivado_Tcl 4-921] Waiver ID 'CDC-26' -to list should not be empty. [/home/devsounio/cs6_chained_taylor41_20260804/xclbin-build10/_x_link/link/vivado/vpl/prj/prj.gen/my_rm/bd/ulp/ip/ulp_memory_subsystem_0/bd_3/ip/ip_0/bd_2e55_microblaze_I_0.xdc:4]
WARNING: [Vivado_Tcl 4-2057] Waiver ID 'DPIP-1' object list specifies likely unusable hierarchical instance 'level0_i/level1/level1_i/ulp/memory_subsystem/inst/memory/ddr4_mem00/inst/u_ddr4_mem_intfc/u_ddr_cal_riu/mcs0/inst/microblaze_I/U0/MicroBlaze_Core_I/Performance.Core/Data_Flow_I/MUL_Unit_I/Use_HW_MUL.Using_DSP48_Architectures.No_MUL64.dsp_module_I2/Using_DSP48E1.DSP48E1_I1'. [/home/devsounio/cs6_chained_taylor41_20260804/xclbin-build10/_x_link/link/vivado/vpl/prj/prj.gen/my_rm/bd/ulp/ip/ulp_memory_subsystem_0/bd_3/ip/ip_0/bd_2e55_microblaze_I_0.xdc:8]
WARNING: [Vivado_Tcl 4-2057] Waiver ID 'DPIP-1' object list specifies likely unusable hierarchical instance 'level0_i/level1/level1_i/ulp/memory_subsystem/inst/memory/ddr4_mem00/inst/u_ddr4_mem_intfc/u_ddr_cal_riu/mcs0/inst/microblaze_I/U0/MicroBlaze_Core_I/Performance.Core/Data_Flow_I/MUL_Unit_I/Use_HW_MUL.Using_DSP48_Architectures.No_MUL64.dsp_module_I3/Using_DSP48E1.DSP48E1_I1'. [/home/devsounio/cs6_chained_taylor41_20260804/xclbin-build10/_x_link/link/vivado/vpl/prj/prj.gen/my_rm/bd/ulp/ip/ulp_memory_subsystem_0/bd_3/ip/ip_0/bd_2e55_microblaze_I_0.xdc:8]
WARNING: [Vivado_Tcl 4-2057] Waiver ID 'DPIP-1' object list specifies likely unusable hierarchical instance 'level0_i/level1/level1_i/ulp/memory_subsystem/inst/memory/ddr4_mem00/inst/u_ddr4_mem_intfc/u_ddr_cal_riu/mcs0/inst/microblaze_I/U0/MicroBlaze_Core_I/Performance.Core/Data_Flow_I/MUL_Unit_I/Use_HW_MUL.Using_DSP48_Architectures.dsp_module_I1/Using_DSP48E1.DSP48E1_I1'. [/home/devsounio/cs6_chained_taylor41_20260804/xclbin-build10/_x_link/link/vivado/vpl/prj/prj.gen/my_rm/bd/ulp/ip/ulp_memory_subsystem_0/bd_3/ip/ip_0/bd_2e55_microblaze_I_0.xdc:8]
WARNING: [Vivado_Tcl 4-2057] Waiver ID 'DPIP-1' object list specifies likely unusable hierarchical instance 'level0_i/level1/level1_i/ulp/memory_subsystem/inst/memory/ddr4_mem00/inst/u_ddr4_mem_intfc/u_ddr_cal_riu/mcs0/inst/microblaze_I/U0/MicroBlaze_Core_I/Performance.Core/Data_Flow_I/MUL_Unit_I/Use_HW_MUL.Using_DSP48_Architectures.No_MUL64.dsp_module_I2/Using_DSP48E1.DSP48E1_I1'. [/home/devsounio/cs6_chained_taylor41_20260804/xclbin-build10/_x_link/link/vivado/vpl/prj/prj.gen/my_rm/bd/ulp/ip/ulp_memory_subsystem_0/bd_3/ip/ip_0/bd_2e55_microblaze_I_0.xdc:11]
WARNING: [Vivado_Tcl 4-2057] Waiver ID 'DPIP-1' object list specifies likely unusable hierarchical instance 'level0_i/level1/level1_i/ulp/memory_subsystem/inst/memory/ddr4_mem00/inst/u_ddr4_mem_intfc/u_ddr_cal_riu/mcs0/inst/microblaze_I/U0/MicroBlaze_Core_I/Performance.Core/Data_Flow_I/MUL_Unit_I/Use_HW_MUL.Using_DSP48_Architectures.No_MUL64.dsp_module_I3/Using_DSP48E1.DSP48E1_I1'. [/home/devsounio/cs6_chained_taylor41_20260804/xclbin-build10/_x_link/link/vivado/vpl/prj/prj.gen/my_rm/bd/ulp/ip/ulp_memory_subsystem_0/bd_3/ip/ip_0/bd_2e55_microblaze_I_0.xdc:11]
WARNING: [Vivado_Tcl 4-2057] Waiver ID 'DPIP-1' object list specifies likely unusable hierarchical instance 'level0_i/level1/level1_i/ulp/memory_subsystem/inst/memory/ddr4_mem00/inst/u_ddr4_mem_intfc/u_ddr_cal_riu/mcs0/inst/microblaze_I/U0/MicroBlaze_Core_I/Performance.Core/Data_Flow_I/MUL_Unit_I/Use_HW_MUL.Using_DSP48_Architectures.dsp_module_I1/Using_DSP48E1.DSP48E1_I1'. [/home/devsounio/cs6_chained_taylor41_20260804/xclbin-build10/_x_link/link/vivado/vpl/prj/prj.gen/my_rm/bd/ulp/ip/ulp_memory_subsystem_0/bd_3/ip/ip_0/bd_2e55_microblaze_I_0.xdc:11]
WARNING: [Vivado_Tcl 4-2057] Waiver ID 'DPIP-2' object list specifies likely unusable hierarchical instance 'level0_i/level1/level1_i/ulp/memory_subsystem/inst/memory/ddr4_mem00/inst/u_ddr4_mem_intfc/u_ddr_cal_riu/mcs0/inst/microblaze_I/U0/MicroBlaze_Core_I/Performance.Core/Data_Flow_I/MUL_Unit_I/Use_HW_MUL.Using_DSP48_Architectures.No_MUL64.dsp_module_I2/Using_DSP48E1.DSP48E1_I1'. [/home/devsounio/cs6_chained_taylor41_20260804/xclbin-build10/_x_link/link/vivado/vpl/prj/prj.gen/my_rm/bd/ulp/ip/ulp_memory_subsystem_0/bd_3/ip/ip_0/bd_2e55_microblaze_I_0.xdc:14]
WARNING: [Vivado_Tcl 4-2057] Waiver ID 'DPIP-2' object list specifies likely unusable hierarchical instance 'level0_i/level1/level1_i/ulp/memory_subsystem/inst/memory/ddr4_mem00/inst/u_ddr4_mem_intfc/u_ddr_cal_riu/mcs0/inst/microblaze_I/U0/MicroBlaze_Core_I/Performance.Core/Data_Flow_I/MUL_Unit_I/Use_HW_MUL.Using_DSP48_Architectures.No_MUL64.dsp_module_I3/Using_DSP48E1.DSP48E1_I1'. [/home/devsounio/cs6_chained_taylor41_20260804/xclbin-build10/_x_link/link/vivado/vpl/prj/prj.gen/my_rm/bd/ulp/ip/ulp_memory_subsystem_0/bd_3/ip/ip_0/bd_2e55_microblaze_I_0.xdc:14]
WARNING: [Vivado_Tcl 4-2057] Waiver ID 'DPIP-2' object list specifies likely unusable hierarchical instance 'level0_i/level1/level1_i/ulp/memory_subsystem/inst/memory/ddr4_mem00/inst/u_ddr4_mem_intfc/u_ddr_cal_riu/mcs0/inst/microblaze_I/U0/MicroBlaze_Core_I/Performance.Core/Data_Flow_I/MUL_Unit_I/Use_HW_MUL.Using_DSP48_Architectures.dsp_module_I1/Using_DSP48E1.DSP48E1_I1'. [/home/devsounio/cs6_chained_taylor41_20260804/xclbin-build10/_x_link/link/vivado/vpl/prj/prj.gen/my_rm/bd/ulp/ip/ulp_memory_subsystem_0/bd_3/ip/ip_0/bd_2e55_microblaze_I_0.xdc:14]
WARNING: [Vivado_Tcl 4-2057] Waiver ID 'DPIP-2' object list specifies likely unusable hierarchical instance 'level0_i/level1/level1_i/ulp/memory_subsystem/inst/memory/ddr4_mem00/inst/u_ddr4_mem_intfc/u_ddr_cal_riu/mcs0/inst/microblaze_I/U0/MicroBlaze_Core_I/Performance.Core/Data_Flow_I/MUL_Unit_I/Use_HW_MUL.Using_DSP48_Architectures.No_MUL64.dsp_module_I2/Using_DSP48E1.DSP48E1_I1'. [/home/devsounio/cs6_chained_taylor41_20260804/xclbin-build10/_x_link/link/vivado/vpl/prj/prj.gen/my_rm/bd/ulp/ip/ulp_memory_subsystem_0/bd_3/ip/ip_0/bd_2e55_microblaze_I_0.xdc:17]
WARNING: [Vivado_Tcl 4-2057] Waiver ID 'DPIP-2' object list specifies likely unusable hierarchical instance 'level0_i/level1/level1_i/ulp/memory_subsystem/inst/memory/ddr4_mem00/inst/u_ddr4_mem_intfc/u_ddr_cal_riu/mcs0/inst/microblaze_I/U0/MicroBlaze_Core_I/Performance.Core/Data_Flow_I/MUL_Unit_I/Use_HW_MUL.Using_DSP48_Architectures.No_MUL64.dsp_module_I3/Using_DSP48E1.DSP48E1_I1'. [/home/devsounio/cs6_chained_taylor41_20260804/xclbin-build10/_x_link/link/vivado/vpl/prj/prj.gen/my_rm/bd/ulp/ip/ulp_memory_subsystem_0/bd_3/ip/ip_0/bd_2e55_microblaze_I_0.xdc:17]
WARNING: [Vivado_Tcl 4-2057] Waiver ID 'DPIP-2' object list specifies likely unusable hierarchical instance 'level0_i/level1/level1_i/ulp/memory_subsystem/inst/memory/ddr4_mem00/inst/u_ddr4_mem_intfc/u_ddr_cal_riu/mcs0/inst/microblaze_I/U0/MicroBlaze_Core_I/Performance.Core/Data_Flow_I/MUL_Unit_I/Use_HW_MUL.Using_DSP48_Architectures.dsp_module_I1/Using_DSP48E1.DSP48E1_I1'. [/home/devsounio/cs6_chained_taylor41_20260804/xclbin-build10/_x_link/link/vivado/vpl/prj/prj.gen/my_rm/bd/ulp/ip/ulp_memory_subsystem_0/bd_3/ip/ip_0/bd_2e55_microblaze_I_0.xdc:17]
WARNING: [Vivado_Tcl 4-2057] Waiver ID 'DPOP-1' object list specifies likely unusable hierarchical instance 'level0_i/level1/level1_i/ulp/memory_subsystem/inst/memory/ddr4_mem00/inst/u_ddr4_mem_intfc/u_ddr_cal_riu/mcs0/inst/microblaze_I/U0/MicroBlaze_Core_I/Performance.Core/Data_Flow_I/MUL_Unit_I/Use_HW_MUL.Using_DSP48_Architectures.No_MUL64.dsp_module_I2/Using_DSP48E1.DSP48E1_I1'. [/home/devsounio/cs6_chained_taylor41_20260804/xclbin-build10/_x_link/link/vivado/vpl/prj/prj.gen/my_rm/bd/ulp/ip/ulp_memory_subsystem_0/bd_3/ip/ip_0/bd_2e55_microblaze_I_0.xdc:20]
WARNING: [Vivado_Tcl 4-2057] Waiver ID 'DPOP-1' object list specifies likely unusable hierarchical instance 'level0_i/level1/level1_i/ulp/memory_subsystem/inst/memory/ddr4_mem00/inst/u_ddr4_mem_intfc/u_ddr_cal_riu/mcs0/inst/microblaze_I/U0/MicroBlaze_Core_I/Performance.Core/Data_Flow_I/MUL_Unit_I/Use_HW_MUL.Using_DSP48_Architectures.No_MUL64.dsp_module_I3/Using_DSP48E1.DSP48E1_I1'. [/home/devsounio/cs6_chained_taylor41_20260804/xclbin-build10/_x_link/link/vivado/vpl/prj/prj.gen/my_rm/bd/ulp/ip/ulp_memory_subsystem_0/bd_3/ip/ip_0/bd_2e55_microblaze_I_0.xdc:20]
WARNING: [Vivado_Tcl 4-2057] Waiver ID 'DPOP-1' object list specifies likely unusable hierarchical instance 'level0_i/level1/level1_i/ulp/memory_subsystem/inst/memory/ddr4_mem00/inst/u_ddr4_mem_intfc/u_ddr_cal_riu/mcs0/inst/microblaze_I/U0/MicroBlaze_Core_I/Performance.Core/Data_Flow_I/MUL_Unit_I/Use_HW_MUL.Using_DSP48_Architectures.dsp_module_I1/Using_DSP48E1.DSP48E1_I1'. [/home/devsounio/cs6_chained_taylor41_20260804/xclbin-build10/_x_link/link/vivado/vpl/prj/prj.gen/my_rm/bd/ulp/ip/ulp_memory_subsystem_0/bd_3/ip/ip_0/bd_2e55_microblaze_I_0.xdc:20]
WARNING: [Vivado_Tcl 4-2057] Waiver ID 'DPOP-2' object list specifies likely unusable hierarchical instance 'level0_i/level1/level1_i/ulp/memory_subsystem/inst/memory/ddr4_mem00/inst/u_ddr4_mem_intfc/u_ddr_cal_riu/mcs0/inst/microblaze_I/U0/MicroBlaze_Core_I/Performance.Core/Data_Flow_I/MUL_Unit_I/Use_HW_MUL.Using_DSP48_Architectures.No_MUL64.dsp_module_I2/Using_DSP48E1.DSP48E1_I1'. [/home/devsounio/cs6_chained_taylor41_20260804/xclbin-build10/_x_link/link/vivado/vpl/prj/prj.gen/my_rm/bd/ulp/ip/ulp_memory_subsystem_0/bd_3/ip/ip_0/bd_2e55_microblaze_I_0.xdc:23]
WARNING: [Vivado_Tcl 4-2057] Waiver ID 'DPOP-2' object list specifies likely unusable hierarchical instance 'level0_i/level1/level1_i/ulp/memory_subsystem/inst/memory/ddr4_mem00/inst/u_ddr4_mem_intfc/u_ddr_cal_riu/mcs0/inst/microblaze_I/U0/MicroBlaze_Core_I/Performance.Core/Data_Flow_I/MUL_Unit_I/Use_HW_MUL.Using_DSP48_Architectures.No_MUL64.dsp_module_I3/Using_DSP48E1.DSP48E1_I1'. [/home/devsounio/cs6_chained_taylor41_20260804/xclbin-build10/_x_link/link/vivado/vpl/prj/prj.gen/my_rm/bd/ulp/ip/ulp_memory_subsystem_0/bd_3/ip/ip_0/bd_2e55_microblaze_I_0.xdc:23]
WARNING: [Vivado_Tcl 4-2057] Waiver ID 'DPOP-2' object list specifies likely unusable hierarchical instance 'level0_i/level1/level1_i/ulp/memory_subsystem/inst/memory/ddr4_mem00/inst/u_ddr4_mem_intfc/u_ddr_cal_riu/mcs0/inst/microblaze_I/U0/MicroBlaze_Core_I/Performance.Core/Data_Flow_I/MUL_Unit_I/Use_HW_MUL.Using_DSP48_Architectures.dsp_module_I1/Using_DSP48E1.DSP48E1_I1'. [/home/devsounio/cs6_chained_taylor41_20260804/xclbin-build10/_x_link/link/vivado/vpl/prj/prj.gen/my_rm/bd/ulp/ip/ulp_memory_subsystem_0/bd_3/ip/ip_0/bd_2e55_microblaze_I_0.xdc:23]
WARNING: [Vivado_Tcl 4-2057] Waiver ID 'DPOP-3' object list specifies likely unusable hierarchical instance 'level0_i/level1/level1_i/ulp/memory_subsystem/inst/memory/ddr4_mem00/inst/u_ddr4_mem_intfc/u_ddr_cal_riu/mcs0/inst/microblaze_I/U0/MicroBlaze_Core_I/Performance.Core/Data_Flow_I/MUL_Unit_I/Use_HW_MUL.Using_DSP48_Architectures.No_MUL64.dsp_module_I2/Using_DSP48E1.DSP48E1_I1'. [/home/devsounio/cs6_chained_taylor41_20260804/xclbin-build10/_x_link/link/vivado/vpl/prj/prj.gen/my_rm/bd/ulp/ip/ulp_memory_subsystem_0/bd_3/ip/ip_0/bd_2e55_microblaze_I_0.xdc:26]
WARNING: [Vivado_Tcl 4-2057] Waiver ID 'DPOP-3' object list specifies likely unusable hierarchical instance 'level0_i/level1/level1_i/ulp/memory_subsystem/inst/memory/ddr4_mem00/inst/u_ddr4_mem_intfc/u_ddr_cal_riu/mcs0/inst/microblaze_I/U0/MicroBlaze_Core_I/Performance.Core/Data_Flow_I/MUL_Unit_I/Use_HW_MUL.Using_DSP48_Architectures.No_MUL64.dsp_module_I3/Using_DSP48E1.DSP48E1_I1'. [/home/devsounio/cs6_chained_taylor41_20260804/xclbin-build10/_x_link/link/vivado/vpl/prj/prj.gen/my_rm/bd/ulp/ip/ulp_memory_subsystem_0/bd_3/ip/ip_0/bd_2e55_microblaze_I_0.xdc:26]
WARNING: [Vivado_Tcl 4-2057] Waiver ID 'DPOP-3' object list specifies likely unusable hierarchical instance 'level0_i/level1/level1_i/ulp/memory_subsystem/inst/memory/ddr4_mem00/inst/u_ddr4_mem_intfc/u_ddr_cal_riu/mcs0/inst/microblaze_I/U0/MicroBlaze_Core_I/Performance.Core/Data_Flow_I/MUL_Unit_I/Use_HW_MUL.Using_DSP48_Architectures.dsp_module_I1/Using_DSP48E1.DSP48E1_I1'. [/home/devsounio/cs6_chained_taylor41_20260804/xclbin-build10/_x_link/link/vivado/vpl/prj/prj.gen/my_rm/bd/ulp/ip/ulp_memory_subsystem_0/bd_3/ip/ip_0/bd_2e55_microblaze_I_0.xdc:26]
WARNING: [Vivado_Tcl 4-2057] Waiver ID 'DPOP-3' object list specifies likely unusable hierarchical instance 'level0_i/level1/level1_i/ulp/memory_subsystem/inst/memory/ddr4_mem00/inst/u_ddr4_mem_intfc/u_ddr_cal_riu/mcs0/inst/microblaze_I/U0/MicroBlaze_Core_I/Performance.Core/Data_Flow_I/MUL_Unit_I/Use_HW_MUL.Using_DSP48_Architectures.No_MUL64.dsp_module_I2/Using_DSP48E1.DSP48E1_I1'. [/home/devsounio/cs6_chained_taylor41_20260804/xclbin-build10/_x_link/link/vivado/vpl/prj/prj.gen/my_rm/bd/ulp/ip/ulp_memory_subsystem_0/bd_3/ip/ip_0/bd_2e55_microblaze_I_0.xdc:29]
WARNING: [Vivado_Tcl 4-2057] Waiver ID 'DPOP-3' object list specifies likely unusable hierarchical instance 'level0_i/level1/level1_i/ulp/memory_subsystem/inst/memory/ddr4_mem00/inst/u_ddr4_mem_intfc/u_ddr_cal_riu/mcs0/inst/microblaze_I/U0/MicroBlaze_Core_I/Performance.Core/Data_Flow_I/MUL_Unit_I/Use_HW_MUL.Using_DSP48_Architectures.No_MUL64.dsp_module_I3/Using_DSP48E1.DSP48E1_I1'. [/home/devsounio/cs6_chained_taylor41_20260804/xclbin-build10/_x_link/link/vivado/vpl/prj/prj.gen/my_rm/bd/ulp/ip/ulp_memory_subsystem_0/bd_3/ip/ip_0/bd_2e55_microblaze_I_0.xdc:29]
WARNING: [Vivado_Tcl 4-2057] Waiver ID 'DPOP-3' object list specifies likely unusable hierarchical instance 'level0_i/level1/level1_i/ulp/memory_subsystem/inst/memory/ddr4_mem00/inst/u_ddr4_mem_intfc/u_ddr_cal_riu/mcs0/inst/microblaze_I/U0/MicroBlaze_Core_I/Performance.Core/Data_Flow_I/MUL_Unit_I/Use_HW_MUL.Using_DSP48_Architectures.dsp_module_I1/Using_DSP48E1.DSP48E1_I1'. [/home/devsounio/cs6_chained_taylor41_20260804/xclbin-build10/_x_link/link/vivado/vpl/prj/prj.gen/my_rm/bd/ulp/ip/ulp_memory_subsystem_0/bd_3/ip/ip_0/bd_2e55_microblaze_I_0.xdc:29]
WARNING: [Vivado_Tcl 4-935] Waiver ID 'DPOP-3' is a duplicate and will not be added again. [/home/devsounio/cs6_chained_taylor41_20260804/xclbin-build10/_x_link/link/vivado/vpl/prj/prj.gen/my_rm/bd/ulp/ip/ulp_memory_subsystem_0/bd_3/ip/ip_0/bd_2e55_microblaze_I_0.xdc:29]
WARNING: [Vivado_Tcl 4-2057] Waiver ID 'DPOP-3' object list specifies likely unusable hierarchical instance 'level0_i/level1/level1_i/ulp/memory_subsystem/inst/memory/ddr4_mem00/inst/u_ddr4_mem_intfc/u_ddr_cal_riu/mcs0/inst/microblaze_I/U0/MicroBlaze_Core_I/Performance.Core/Data_Flow_I/MUL_Unit_I/Use_HW_MUL.Using_DSP48_Architectures.No_MUL64.dsp_module_I2/Using_DSP48E1.DSP48E1_I1'. [/home/devsounio/cs6_chained_taylor41_20260804/xclbin-build10/_x_link/link/vivado/vpl/prj/prj.gen/my_rm/bd/ulp/ip/ulp_memory_subsystem_0/bd_3/ip/ip_0/bd_2e55_microblaze_I_0.xdc:32]
WARNING: [Vivado_Tcl 4-2057] Waiver ID 'DPOP-3' object list specifies likely unusable hierarchical instance 'level0_i/level1/level1_i/ulp/memory_subsystem/inst/memory/ddr4_mem00/inst/u_ddr4_mem_intfc/u_ddr_cal_riu/mcs0/inst/microblaze_I/U0/MicroBlaze_Core_I/Performance.Core/Data_Flow_I/MUL_Unit_I/Use_HW_MUL.Using_DSP48_Architectures.No_MUL64.dsp_module_I3/Using_DSP48E1.DSP48E1_I1'. [/home/devsounio/cs6_chained_taylor41_20260804/xclbin-build10/_x_link/link/vivado/vpl/prj/prj.gen/my_rm/bd/ulp/ip/ulp_memory_subsystem_0/bd_3/ip/ip_0/bd_2e55_microblaze_I_0.xdc:32]
WARNING: [Vivado_Tcl 4-2057] Waiver ID 'DPOP-3' object list specifies likely unusable hierarchical instance 'level0_i/level1/level1_i/ulp/memory_subsystem/inst/memory/ddr4_mem00/inst/u_ddr4_mem_intfc/u_ddr_cal_riu/mcs0/inst/microblaze_I/U0/MicroBlaze_Core_I/Performance.Core/Data_Flow_I/MUL_Unit_I/Use_HW_MUL.Using_DSP48_Architectures.dsp_module_I1/Using_DSP48E1.DSP48E1_I1'. [/home/devsounio/cs6_chained_taylor41_20260804/xclbin-build10/_x_link/link/vivado/vpl/prj/prj.gen/my_rm/bd/ulp/ip/ulp_memory_subsystem_0/bd_3/ip/ip_0/bd_2e55_microblaze_I_0.xdc:32]
WARNING: [Vivado_Tcl 4-2057] Waiver ID 'DPOP-4' object list specifies likely unusable hierarchical instance 'level0_i/level1/level1_i/ulp/memory_subsystem/inst/memory/ddr4_mem00/inst/u_ddr4_mem_intfc/u_ddr_cal_riu/mcs0/inst/microblaze_I/U0/MicroBlaze_Core_I/Performance.Core/Data_Flow_I/MUL_Unit_I/Use_HW_MUL.Using_DSP48_Architectures.No_MUL64.dsp_module_I2/Using_DSP48E1.DSP48E1_I1'. [/home/devsounio/cs6_chained_taylor41_20260804/xclbin-build10/_x_link/link/vivado/vpl/prj/prj.gen/my_rm/bd/ulp/ip/ulp_memory_subsystem_0/bd_3/ip/ip_0/bd_2e55_microblaze_I_0.xdc:35]
WARNING: [Vivado_Tcl 4-2057] Waiver ID 'DPOP-4' object list specifies likely unusable hierarchical instance 'level0_i/level1/level1_i/ulp/memory_subsystem/inst/memory/ddr4_mem00/inst/u_ddr4_mem_intfc/u_ddr_cal_riu/mcs0/inst/microblaze_I/U0/MicroBlaze_Core_I/Performance.Core/Data_Flow_I/MUL_Unit_I/Use_HW_MUL.Using_DSP48_Architectures.No_MUL64.dsp_module_I3/Using_DSP48E1.DSP48E1_I1'. [/home/devsounio/cs6_chained_taylor41_20260804/xclbin-build10/_x_link/link/vivado/vpl/prj/prj.gen/my_rm/bd/ulp/ip/ulp_memory_subsystem_0/bd_3/ip/ip_0/bd_2e55_microblaze_I_0.xdc:35]
WARNING: [Vivado_Tcl 4-2057] Waiver ID 'DPOP-4' object list specifies likely unusable hierarchical instance 'level0_i/level1/level1_i/ulp/memory_subsystem/inst/memory/ddr4_mem00/inst/u_ddr4_mem_intfc/u_ddr_cal_riu/mcs0/inst/microblaze_I/U0/MicroBlaze_Core_I/Performance.Core/Data_Flow_I/MUL_Unit_I/Use_HW_MUL.Using_DSP48_Architectures.dsp_module_I1/Using_DSP48E1.DSP48E1_I1'. [/home/devsounio/cs6_chained_taylor41_20260804/xclbin-build10/_x_link/link/vivado/vpl/prj/prj.gen/my_rm/bd/ulp/ip/ulp_memory_subsystem_0/bd_3/ip/ip_0/bd_2e55_microblaze_I_0.xdc:35]
WARNING: [Vivado_Tcl 4-2057] Waiver ID 'DPOP-4' object list specifies likely unusable hierarchical instance 'level0_i/level1/level1_i/ulp/memory_subsystem/inst/memory/ddr4_mem00/inst/u_ddr4_mem_intfc/u_ddr_cal_riu/mcs0/inst/microblaze_I/U0/MicroBlaze_Core_I/Performance.Core/Data_Flow_I/MUL_Unit_I/Use_HW_MUL.Using_DSP48_Architectures.No_MUL64.dsp_module_I2/Using_DSP48E1.DSP48E1_I1'. [/home/devsounio/cs6_chained_taylor41_20260804/xclbin-build10/_x_link/link/vivado/vpl/prj/prj.gen/my_rm/bd/ulp/ip/ulp_memory_subsystem_0/bd_3/ip/ip_0/bd_2e55_microblaze_I_0.xdc:38]
WARNING: [Vivado_Tcl 4-2057] Waiver ID 'DPOP-4' object list specifies likely unusable hierarchical instance 'level0_i/level1/level1_i/ulp/memory_subsystem/inst/memory/ddr4_mem00/inst/u_ddr4_mem_intfc/u_ddr_cal_riu/mcs0/inst/microblaze_I/U0/MicroBlaze_Core_I/Performance.Core/Data_Flow_I/MUL_Unit_I/Use_HW_MUL.Using_DSP48_Architectures.No_MUL64.dsp_module_I3/Using_DSP48E1.DSP48E1_I1'. [/home/devsounio/cs6_chained_taylor41_20260804/xclbin-build10/_x_link/link/vivado/vpl/prj/prj.gen/my_rm/bd/ulp/ip/ulp_memory_subsystem_0/bd_3/ip/ip_0/bd_2e55_microblaze_I_0.xdc:38]
WARNING: [Vivado_Tcl 4-2057] Waiver ID 'DPOP-4' object list specifies likely unusable hierarchical instance 'level0_i/level1/level1_i/ulp/memory_subsystem/inst/memory/ddr4_mem00/inst/u_ddr4_mem_intfc/u_ddr_cal_riu/mcs0/inst/microblaze_I/U0/MicroBlaze_Core_I/Performance.Core/Data_Flow_I/MUL_Unit_I/Use_HW_MUL.Using_DSP48_Architectures.dsp_module_I1/Using_DSP48E1.DSP48E1_I1'. [/home/devsounio/cs6_chained_taylor41_20260804/xclbin-build10/_x_link/link/vivado/vpl/prj/prj.gen/my_rm/bd/ulp/ip/ulp_memory_subsystem_0/bd_3/ip/ip_0/bd_2e55_microblaze_I_0.xdc:38]
WARNING: [Vivado_Tcl 4-2057] Waiver ID 'DPOP-4' object list specifies likely unusable hierarchical instance 'level0_i/level1/level1_i/ulp/memory_subsystem/inst/memory/ddr4_mem00/inst/u_ddr4_mem_intfc/u_ddr_cal_riu/mcs0/inst/microblaze_I/U0/MicroBlaze_Core_I/Performance.Core/Data_Flow_I/MUL_Unit_I/Use_HW_MUL.Using_DSP48_Architectures.No_MUL64.dsp_module_I2/Using_DSP48E1.DSP48E1_I1'. [/home/devsounio/cs6_chained_taylor41_20260804/xclbin-build10/_x_link/link/vivado/vpl/prj/prj.gen/my_rm/bd/ulp/ip/ulp_memory_subsystem_0/bd_3/ip/ip_0/bd_2e55_microblaze_I_0.xdc:41]
WARNING: [Vivado_Tcl 4-2057] Waiver ID 'DPOP-4' object list specifies likely unusable hierarchical instance 'level0_i/level1/level1_i/ulp/memory_subsystem/inst/memory/ddr4_mem00/inst/u_ddr4_mem_intfc/u_ddr_cal_riu/mcs0/inst/microblaze_I/U0/MicroBlaze_Core_I/Performance.Core/Data_Flow_I/MUL_Unit_I/Use_HW_MUL.Using_DSP48_Architectures.No_MUL64.dsp_module_I3/Using_DSP48E1.DSP48E1_I1'. [/home/devsounio/cs6_chained_taylor41_20260804/xclbin-build10/_x_link/link/vivado/vpl/prj/prj.gen/my_rm/bd/ulp/ip/ulp_memory_subsystem_0/bd_3/ip/ip_0/bd_2e55_microblaze_I_0.xdc:41]
WARNING: [Vivado_Tcl 4-2057] Waiver ID 'DPOP-4' object list specifies likely unusable hierarchical instance 'level0_i/level1/level1_i/ulp/memory_subsystem/inst/memory/ddr4_mem00/inst/u_ddr4_mem_intfc/u_ddr_cal_riu/mcs0/inst/microblaze_I/U0/MicroBlaze_Core_I/Performance.Core/Data_Flow_I/MUL_Unit_I/Use_HW_MUL.Using_DSP48_Architectures.dsp_module_I1/Using_DSP48E1.DSP48E1_I1'. [/home/devsounio/cs6_chained_taylor41_20260804/xclbin-build10/_x_link/link/vivado/vpl/prj/prj.gen/my_rm/bd/ulp/ip/ulp_memory_subsystem_0/bd_3/ip/ip_0/bd_2e55_microblaze_I_0.xdc:41]
Finished Parsing XDC File [/home/devsounio/cs6_chained_taylor41_20260804/xclbin-build10/_x_link/link/vivado/vpl/prj/prj.gen/my_rm/bd/ulp/ip/ulp_memory_subsystem_0/bd_3/ip/ip_0/bd_2e55_microblaze_I_0.xdc] for cell 'level0_i/level1/level1_i/ulp/memory_subsystem/inst/memory/ddr4_mem00/inst/u_ddr4_mem_intfc/u_ddr_cal_riu/mcs0/inst/microblaze_I/U0'
Parsing XDC File [/home/devsounio/cs6_chained_taylor41_20260804/xclbin-build10/_x_link/link/vivado/vpl/prj/prj.gen/my_rm/bd/ulp/ip/ulp_memory_subsystem_0/bd_3/ip/ip_1/bd_2e55_rst_0_0_board.xdc] for cell 'level0_i/level1/level1_i/ulp/memory_subsystem/inst/memory/ddr4_mem00/inst/u_ddr4_mem_intfc/u_ddr_cal_riu/mcs0/inst/rst_0/U0'
Finished Parsing XDC File [/home/devsounio/cs6_chained_taylor41_20260804/xclbin-build10/_x_link/link/vivado/vpl/prj/prj.gen/my_rm/bd/ulp/ip/ulp_memory_subsystem_0/bd_3/ip/ip_1/bd_2e55_rst_0_0_board.xdc] for cell 'level0_i/level1/level1_i/ulp/memory_subsystem/inst/memory/ddr4_mem00/inst/u_ddr4_mem_intfc/u_ddr_cal_riu/mcs0/inst/rst_0/U0'
Parsing XDC File [/home/devsounio/cs6_chained_taylor41_20260804/xclbin-build10/_x_link/link/vivado/vpl/prj/prj.gen/my_rm/bd/ulp/ip/ulp_memory_subsystem_0/bd_3/ip/ip_2/bd_2e55_ilmb_0.xdc] for cell 'level0_i/level1/level1_i/ulp/memory_subsystem/inst/memory/ddr4_mem00/inst/u_ddr4_mem_intfc/u_ddr_cal_riu/mcs0/inst/ilmb/U0'
Finished Parsing XDC File [/home/devsounio/cs6_chained_taylor41_20260804/xclbin-build10/_x_link/link/vivado/vpl/prj/prj.gen/my_rm/bd/ulp/ip/ulp_memory_subsystem_0/bd_3/ip/ip_2/bd_2e55_ilmb_0.xdc] for cell 'level0_i/level1/level1_i/ulp/memory_subsystem/inst/memory/ddr4_mem00/inst/u_ddr4_mem_intfc/u_ddr_cal_riu/mcs0/inst/ilmb/U0'
Parsing XDC File [/home/devsounio/cs6_chained_taylor41_20260804/xclbin-build10/_x_link/link/vivado/vpl/prj/prj.gen/my_rm/bd/ulp/ip/ulp_memory_subsystem_0/bd_3/ip/ip_3/bd_2e55_dlmb_0.xdc] for cell 'level0_i/level1/level1_i/ulp/memory_subsystem/inst/memory/ddr4_mem00/inst/u_ddr4_mem_intfc/u_ddr_cal_riu/mcs0/inst/dlmb/U0'
Finished Parsing XDC File [/home/devsounio/cs6_chained_taylor41_20260804/xclbin-build10/_x_link/link/vivado/vpl/prj/prj.gen/my_rm/bd/ulp/ip/ulp_memory_subsystem_0/bd_3/ip/ip_3/bd_2e55_dlmb_0.xdc] for cell 'level0_i/level1/level1_i/ulp/memory_subsystem/inst/memory/ddr4_mem00/inst/u_ddr4_mem_intfc/u_ddr_cal_riu/mcs0/inst/dlmb/U0'
Parsing XDC File [/home/devsounio/cs6_chained_taylor41_20260804/xclbin-build10/_x_link/link/vivado/vpl/prj/prj.gen/my_rm/bd/ulp/ip/ulp_memory_subsystem_0/bd_3/ip/ip_10/bd_2e55_iomodule_0_0_board.xdc] for cell 'level0_i/level1/level1_i/ulp/memory_subsystem/inst/memory/ddr4_mem00/inst/u_ddr4_mem_intfc/u_ddr_cal_riu/mcs0/inst/iomodule_0/U0'
Finished Parsing XDC File [/home/devsounio/cs6_chained_taylor41_20260804/xclbin-build10/_x_link/link/vivado/vpl/prj/prj.gen/my_rm/bd/ulp/ip/ulp_memory_subsystem_0/bd_3/ip/ip_10/bd_2e55_iomodule_0_0_board.xdc] for cell 'level0_i/level1/level1_i/ulp/memory_subsystem/inst/memory/ddr4_mem00/inst/u_ddr4_mem_intfc/u_ddr_cal_riu/mcs0/inst/iomodule_0/U0'
Parsing XDC File [/home/devsounio/cs6_chained_taylor41_20260804/xclbin-build10/_x_link/link/vivado/vpl/prj/prj.gen/my_rm/bd/ulp/ip/ulp_memory_subsystem_0/bd_0/ip/ip_19/ip_0/bd_b35e_ddr4_mem00_0_microblaze_mcs_board.xdc] for cell 'level0_i/level1/level1_i/ulp/memory_subsystem/inst/memory/ddr4_mem00/inst/u_ddr4_mem_intfc/u_ddr_cal_riu/mcs0/inst'
Finished Parsing XDC File [/home/devsounio/cs6_chained_taylor41_20260804/xclbin-build10/_x_link/link/vivado/vpl/prj/prj.gen/my_rm/bd/ulp/ip/ulp_memory_subsystem_0/bd_0/ip/ip_19/ip_0/bd_b35e_ddr4_mem00_0_microblaze_mcs_board.xdc] for cell 'level0_i/level1/level1_i/ulp/memory_subsystem/inst/memory/ddr4_mem00/inst/u_ddr4_mem_intfc/u_ddr_cal_riu/mcs0/inst'
Parsing XDC File [/home/devsounio/cs6_chained_taylor41_20260804/xclbin-build10/_x_link/link/vivado/vpl/prj/prj.gen/my_rm/bd/ulp/ip/ulp_memory_subsystem_0/bd_0/ip/ip_19/par/bd_b35e_ddr4_mem00_0.xdc] for cell 'level0_i/level1/level1_i/ulp/memory_subsystem/inst/memory/ddr4_mem00/inst'
Finished Parsing XDC File [/home/devsounio/cs6_chained_taylor41_20260804/xclbin-build10/_x_link/link/vivado/vpl/prj/prj.gen/my_rm/bd/ulp/ip/ulp_memory_subsystem_0/bd_0/ip/ip_19/par/bd_b35e_ddr4_mem00_0.xdc] for cell 'level0_i/level1/level1_i/ulp/memory_subsystem/inst/memory/ddr4_mem00/inst'
Parsing XDC File [/home/devsounio/cs6_chained_taylor41_20260804/xclbin-build10/_x_link/link/vivado/vpl/prj/prj.gen/my_rm/bd/ulp/ip/ulp_memory_subsystem_0/bd_0/ip/ip_20/bd_b35e_psr_ddr4_mem00_0_board.xdc] for cell 'level0_i/level1/level1_i/ulp/memory_subsystem/inst/memory/psr_ddr4_mem00/U0'
Finished Parsing XDC File [/home/devsounio/cs6_chained_taylor41_20260804/xclbin-build10/_x_link/link/vivado/vpl/prj/prj.gen/my_rm/bd/ulp/ip/ulp_memory_subsystem_0/bd_0/ip/ip_20/bd_b35e_psr_ddr4_mem00_0_board.xdc] for cell 'level0_i/level1/level1_i/ulp/memory_subsystem/inst/memory/psr_ddr4_mem00/U0'
Parsing XDC File [/home/devsounio/cs6_chained_taylor41_20260804/xclbin-build10/_x_link/link/vivado/vpl/prj/prj.gen/my_rm/bd/ulp/ip/ulp_memory_subsystem_0/bd_0/ip/ip_16/bd_b35e_psr_ctrl_interconnect_0_board.xdc] for cell 'level0_i/level1/level1_i/ulp/memory_subsystem/inst/memory/psr_ctrl_interconnect/U0'
Finished Parsing XDC File [/home/devsounio/cs6_chained_taylor41_20260804/xclbin-build10/_x_link/link/vivado/vpl/prj/prj.gen/my_rm/bd/ulp/ip/ulp_memory_subsystem_0/bd_0/ip/ip_16/bd_b35e_psr_ctrl_interconnect_0_board.xdc] for cell 'level0_i/level1/level1_i/ulp/memory_subsystem/inst/memory/psr_ctrl_interconnect/U0'
Parsing XDC File [/home/devsounio/cs6_chained_taylor41_20260804/xclbin-build10/_x_link/link/vivado/vpl/prj/prj.gen/my_rm/bd/ulp/ip/ulp_ss_ucs_0/bd_0/ip/ip_6/bd_1361_gpio_gapping_demand_0_board.xdc] for cell 'level0_i/level1/level1_i/ulp/ss_ucs/inst/gapping_demand/gpio_gapping_demand/U0'
Finished Parsing XDC File [/home/devsounio/cs6_chained_taylor41_20260804/xclbin-build10/_x_link/link/vivado/vpl/prj/prj.gen/my_rm/bd/ulp/ip/ulp_ss_ucs_0/bd_0/ip/ip_6/bd_1361_gpio_gapping_demand_0_board.xdc] for cell 'level0_i/level1/level1_i/ulp/ss_ucs/inst/gapping_demand/gpio_gapping_demand/U0'
Parsing XDC File [/home/devsounio/cs6_chained_taylor41_20260804/xclbin-build10/_x_link/link/vivado/vpl/prj/prj.gen/my_rm/bd/ulp/ip/ulp_ss_ucs_0/bd_0/ip/ip_14/bd_1361_gpio_ucs_control_status_0_board.xdc] for cell 'level0_i/level1/level1_i/ulp/ss_ucs/inst/ucs_control_status/gpio_ucs_control_status/U0'
Finished Parsing XDC File [/home/devsounio/cs6_chained_taylor41_20260804/xclbin-build10/_x_link/link/vivado/vpl/prj/prj.gen/my_rm/bd/ulp/ip/ulp_ss_ucs_0/bd_0/ip/ip_14/bd_1361_gpio_ucs_control_status_0_board.xdc] for cell 'level0_i/level1/level1_i/ulp/ss_ucs/inst/ucs_control_status/gpio_ucs_control_status/U0'
Parsing XDC File [/home/devsounio/cs6_chained_taylor41_20260804/xclbin-build10/_x_link/link/vivado/vpl/prj/prj.gen/my_rm/bd/ulp/ip/ulp_ss_ucs_0/bd_0/ip/ip_62/bd_1361_psreset_aclk_freerun_0_board.xdc] for cell 'level0_i/level1/level1_i/ulp/ss_ucs/inst/frequency_counters/psreset_aclk_freerun/U0'
Finished Parsing XDC File [/home/devsounio/cs6_chained_taylor41_20260804/xclbin-build10/_x_link/link/vivado/vpl/prj/prj.gen/my_rm/bd/ulp/ip/ulp_ss_ucs_0/bd_0/ip/ip_62/bd_1361_psreset_aclk_freerun_0_board.xdc] for cell 'level0_i/level1/level1_i/ulp/ss_ucs/inst/frequency_counters/psreset_aclk_freerun/U0'
Parsing XDC File [/home/devsounio/cs6_chained_taylor41_20260804/xclbin-build10/_x_link/link/vivado/vpl/prj/prj.gen/my_rm/bd/ulp/ip/ulp_ss_ucs_0/bd_0/ip/ip_65/bd_1361_clkwiz_aclk_kernel_00_0_board.xdc] for cell 'level0_i/level1/level1_i/ulp/ss_ucs/inst/aclk_kernel_00_hierarchy/clkwiz_aclk_kernel_00/inst'
Finished Parsing XDC File [/home/devsounio/cs6_chained_taylor41_20260804/xclbin-build10/_x_link/link/vivado/vpl/prj/prj.gen/my_rm/bd/ulp/ip/ulp_ss_ucs_0/bd_0/ip/ip_65/bd_1361_clkwiz_aclk_kernel_00_0_board.xdc] for cell 'level0_i/level1/level1_i/ulp/ss_ucs/inst/aclk_kernel_00_hierarchy/clkwiz_aclk_kernel_00/inst'
Parsing XDC File [/home/devsounio/cs6_chained_taylor41_20260804/xclbin-build10/_x_link/link/vivado/vpl/prj/prj.gen/my_rm/bd/ulp/ip/ulp_ss_ucs_0/bd_0/ip/ip_65/bd_1361_clkwiz_aclk_kernel_00_0.xdc] for cell 'level0_i/level1/level1_i/ulp/ss_ucs/inst/aclk_kernel_00_hierarchy/clkwiz_aclk_kernel_00/inst'
Finished Parsing XDC File [/home/devsounio/cs6_chained_taylor41_20260804/xclbin-build10/_x_link/link/vivado/vpl/prj/prj.gen/my_rm/bd/ulp/ip/ulp_ss_ucs_0/bd_0/ip/ip_65/bd_1361_clkwiz_aclk_kernel_00_0.xdc] for cell 'level0_i/level1/level1_i/ulp/ss_ucs/inst/aclk_kernel_00_hierarchy/clkwiz_aclk_kernel_00/inst'
Parsing XDC File [/home/devsounio/cs6_chained_taylor41_20260804/xclbin-build10/_x_link/link/vivado/vpl/prj/prj.gen/my_rm/bd/ulp/ip/ulp_ss_ucs_0/bd_0/ip/ip_86/bd_1361_psreset_kernel_00_0_board.xdc] for cell 'level0_i/level1/level1_i/ulp/ss_ucs/inst/aclk_kernel_00_hierarchy/psreset_kernel_00/U0'
Finished Parsing XDC File [/home/devsounio/cs6_chained_taylor41_20260804/xclbin-build10/_x_link/link/vivado/vpl/prj/prj.gen/my_rm/bd/ulp/ip/ulp_ss_ucs_0/bd_0/ip/ip_86/bd_1361_psreset_kernel_00_0_board.xdc] for cell 'level0_i/level1/level1_i/ulp/ss_ucs/inst/aclk_kernel_00_hierarchy/psreset_kernel_00/U0'
Parsing XDC File [/home/devsounio/cs6_chained_taylor41_20260804/xclbin-build10/_x_link/link/vivado/vpl/prj/prj.gen/my_rm/bd/ulp/ip/ulp_ss_ucs_0/bd_0/ip/ip_89/bd_1361_clkwiz_aclk_kernel_01_0_board.xdc] for cell 'level0_i/level1/level1_i/ulp/ss_ucs/inst/aclk_kernel_01_hierarchy/clkwiz_aclk_kernel_01/inst'
Finished Parsing XDC File [/home/devsounio/cs6_chained_taylor41_20260804/xclbin-build10/_x_link/link/vivado/vpl/prj/prj.gen/my_rm/bd/ulp/ip/ulp_ss_ucs_0/bd_0/ip/ip_89/bd_1361_clkwiz_aclk_kernel_01_0_board.xdc] for cell 'level0_i/level1/level1_i/ulp/ss_ucs/inst/aclk_kernel_01_hierarchy/clkwiz_aclk_kernel_01/inst'
Parsing XDC File [/home/devsounio/cs6_chained_taylor41_20260804/xclbin-build10/_x_link/link/vivado/vpl/prj/prj.gen/my_rm/bd/ulp/ip/ulp_ss_ucs_0/bd_0/ip/ip_89/bd_1361_clkwiz_aclk_kernel_01_0.xdc] for cell 'level0_i/level1/level1_i/ulp/ss_ucs/inst/aclk_kernel_01_hierarchy/clkwiz_aclk_kernel_01/inst'
Finished Parsing XDC File [/home/devsounio/cs6_chained_taylor41_20260804/xclbin-build10/_x_link/link/vivado/vpl/prj/prj.gen/my_rm/bd/ulp/ip/ulp_ss_ucs_0/bd_0/ip/ip_89/bd_1361_clkwiz_aclk_kernel_01_0.xdc] for cell 'level0_i/level1/level1_i/ulp/ss_ucs/inst/aclk_kernel_01_hierarchy/clkwiz_aclk_kernel_01/inst'
Parsing XDC File [/home/devsounio/cs6_chained_taylor41_20260804/xclbin-build10/_x_link/link/vivado/vpl/prj/prj.gen/my_rm/bd/ulp/ip/ulp_ss_ucs_0/bd_0/ip/ip_110/bd_1361_psreset_kernel_01_0_board.xdc] for cell 'level0_i/level1/level1_i/ulp/ss_ucs/inst/aclk_kernel_01_hierarchy/psreset_kernel_01/U0'
Finished Parsing XDC File [/home/devsounio/cs6_chained_taylor41_20260804/xclbin-build10/_x_link/link/vivado/vpl/prj/prj.gen/my_rm/bd/ulp/ip/ulp_ss_ucs_0/bd_0/ip/ip_110/bd_1361_psreset_kernel_01_0_board.xdc] for cell 'level0_i/level1/level1_i/ulp/ss_ucs/inst/aclk_kernel_01_hierarchy/psreset_kernel_01/U0'
Parsing XDC File [/home/devsounio/cs6_chained_taylor41_20260804/xclbin-build10/_x_link/link/vivado/vpl/prj/prj.gen/my_rm/bd/ulp/ip/ulp_shell_cmp_subsystem_0_0/bd_1/ip/ip_2/constraints/bs_switch.xdc] for cell 'level0_i/level1/level1_i/ulp/shell_cmp_subsystem_0/inst/user_debug_bridge/inst/bs_switch_1/inst'
Finished Parsing XDC File [/home/devsounio/cs6_chained_taylor41_20260804/xclbin-build10/_x_link/link/vivado/vpl/prj/prj.gen/my_rm/bd/ulp/ip/ulp_shell_cmp_subsystem_0_0/bd_1/ip/ip_2/constraints/bs_switch.xdc] for cell 'level0_i/level1/level1_i/ulp/shell_cmp_subsystem_0/inst/user_debug_bridge/inst/bs_switch_1/inst'
Parsing XDC File [/home/devsounio/cs6_chained_taylor41_20260804/xclbin-build10/_x_link/link/vivado/vpl/prj/prj.gen/my_rm/bd/ulp/ip/ulp_ip_gpio_debug_axi_ctrl_mgmt_00_0/ulp_ip_gpio_debug_axi_ctrl_mgmt_00_0_board.xdc] for cell 'level0_i/level1/level1_i/ulp/ip_gpio_debug_axi_ctrl_mgmt_00/U0'
Finished Parsing XDC File [/home/devsounio/cs6_chained_taylor41_20260804/xclbin-build10/_x_link/link/vivado/vpl/prj/prj.gen/my_rm/bd/ulp/ip/ulp_ip_gpio_debug_axi_ctrl_mgmt_00_0/ulp_ip_gpio_debug_axi_ctrl_mgmt_00_0_board.xdc] for cell 'level0_i/level1/level1_i/ulp/ip_gpio_debug_axi_ctrl_mgmt_00/U0'
Parsing XDC File [/home/devsounio/cs6_chained_taylor41_20260804/xclbin-build10/_x_link/link/vivado/vpl/prj/prj.gen/my_rm/bd/ulp/ip/ulp_ip_gpio_debug_axi_ctrl_mgmt_01_0/ulp_ip_gpio_debug_axi_ctrl_mgmt_01_0_board.xdc] for cell 'level0_i/level1/level1_i/ulp/ip_gpio_debug_axi_ctrl_mgmt_01/U0'
Finished Parsing XDC File [/home/devsounio/cs6_chained_taylor41_20260804/xclbin-build10/_x_link/link/vivado/vpl/prj/prj.gen/my_rm/bd/ulp/ip/ulp_ip_gpio_debug_axi_ctrl_mgmt_01_0/ulp_ip_gpio_debug_axi_ctrl_mgmt_01_0_board.xdc] for cell 'level0_i/level1/level1_i/ulp/ip_gpio_debug_axi_ctrl_mgmt_01/U0'
Parsing XDC File [/home/devsounio/cs6_chained_taylor41_20260804/xclbin-build10/_x_link/link/vivado/vpl/prj/prj.gen/my_rm/bd/ulp/ip/ulp_ip_gpio_debug_axi_ctrl_user_00_0/ulp_ip_gpio_debug_axi_ctrl_user_00_0_board.xdc] for cell 'level0_i/level1/level1_i/ulp/ip_gpio_debug_axi_ctrl_user_00/U0'
Finished Parsing XDC File [/home/devsounio/cs6_chained_taylor41_20260804/xclbin-build10/_x_link/link/vivado/vpl/prj/prj.gen/my_rm/bd/ulp/ip/ulp_ip_gpio_debug_axi_ctrl_user_00_0/ulp_ip_gpio_debug_axi_ctrl_user_00_0_board.xdc] for cell 'level0_i/level1/level1_i/ulp/ip_gpio_debug_axi_ctrl_user_00/U0'
Parsing XDC File [/home/devsounio/cs6_chained_taylor41_20260804/xclbin-build10/_x_link/link/vivado/vpl/prj/prj.gen/my_rm/bd/ulp/ip/ulp_ip_gpio_debug_axi_ctrl_user_01_0/ulp_ip_gpio_debug_axi_ctrl_user_01_0_board.xdc] for cell 'level0_i/level1/level1_i/ulp/ip_gpio_debug_axi_ctrl_user_01/U0'
Finished Parsing XDC File [/home/devsounio/cs6_chained_taylor41_20260804/xclbin-build10/_x_link/link/vivado/vpl/prj/prj.gen/my_rm/bd/ulp/ip/ulp_ip_gpio_debug_axi_ctrl_user_01_0/ulp_ip_gpio_debug_axi_ctrl_user_01_0_board.xdc] for cell 'level0_i/level1/level1_i/ulp/ip_gpio_debug_axi_ctrl_user_01/U0'
Parsing XDC File [/home/devsounio/cs6_chained_taylor41_20260804/xclbin-build10/_x_link/link/vivado/vpl/prj/prj.gen/my_rm/bd/ulp/ip/ulp_ip_gpio_debug_axi_ctrl_user_02_0/ulp_ip_gpio_debug_axi_ctrl_user_02_0_board.xdc] for cell 'level0_i/level1/level1_i/ulp/ip_gpio_debug_axi_ctrl_user_02/U0'
Finished Parsing XDC File [/home/devsounio/cs6_chained_taylor41_20260804/xclbin-build10/_x_link/link/vivado/vpl/prj/prj.gen/my_rm/bd/ulp/ip/ulp_ip_gpio_debug_axi_ctrl_user_02_0/ulp_ip_gpio_debug_axi_ctrl_user_02_0_board.xdc] for cell 'level0_i/level1/level1_i/ulp/ip_gpio_debug_axi_ctrl_user_02/U0'
Parsing XDC File [/home/devsounio/cs6_chained_taylor41_20260804/xclbin-build10/_x_link/link/vivado/vpl/prj/prj.gen/my_rm/bd/ulp/ip/ulp_ip_gpio_debug_axi_ctrl_user_03_0/ulp_ip_gpio_debug_axi_ctrl_user_03_0_board.xdc] for cell 'level0_i/level1/level1_i/ulp/ip_gpio_debug_axi_ctrl_user_03/U0'
Finished Parsing XDC File [/home/devsounio/cs6_chained_taylor41_20260804/xclbin-build10/_x_link/link/vivado/vpl/prj/prj.gen/my_rm/bd/ulp/ip/ulp_ip_gpio_debug_axi_ctrl_user_03_0/ulp_ip_gpio_debug_axi_ctrl_user_03_0_board.xdc] for cell 'level0_i/level1/level1_i/ulp/ip_gpio_debug_axi_ctrl_user_03/U0'
Parsing XDC File [/home/devsounio/cs6_chained_taylor41_20260804/xclbin-build10/_x_link/link/vivado/vpl/prj/prj.gen/my_rm/bd/ulp/ip/ulp_ip_gpio_debug_axi_ctrl_user_debug_00_0/ulp_ip_gpio_debug_axi_ctrl_user_debug_00_0_board.xdc] for cell 'level0_i/level1/level1_i/ulp/ip_gpio_debug_axi_ctrl_user_debug_00/U0'
Finished Parsing XDC File [/home/devsounio/cs6_chained_taylor41_20260804/xclbin-build10/_x_link/link/vivado/vpl/prj/prj.gen/my_rm/bd/ulp/ip/ulp_ip_gpio_debug_axi_ctrl_user_debug_00_0/ulp_ip_gpio_debug_axi_ctrl_user_debug_00_0_board.xdc] for cell 'level0_i/level1/level1_i/ulp/ip_gpio_debug_axi_ctrl_user_debug_00/U0'
Parsing XDC File [/home/devsounio/cs6_chained_taylor41_20260804/xclbin-build10/_x_link/link/vivado/vpl/prj/prj.gen/my_rm/bd/ulp/ip/ulp_ip_gpio_debug_axi_data_h2c_01_0/ulp_ip_gpio_debug_axi_data_h2c_01_0_board.xdc] for cell 'level0_i/level1/level1_i/ulp/ip_gpio_debug_axi_data_h2c_01/U0'
Finished Parsing XDC File [/home/devsounio/cs6_chained_taylor41_20260804/xclbin-build10/_x_link/link/vivado/vpl/prj/prj.gen/my_rm/bd/ulp/ip/ulp_ip_gpio_debug_axi_data_h2c_01_0/ulp_ip_gpio_debug_axi_data_h2c_01_0_board.xdc] for cell 'level0_i/level1/level1_i/ulp/ip_gpio_debug_axi_data_h2c_01/U0'
Parsing XDC File [/home/devsounio/cs6_chained_taylor41_20260804/xclbin-build10/_x_link/link/vivado/vpl/prj/prj.gen/my_rm/bd/ulp/ip/ulp_ip_psr_aresetn_ctrl_slr0_0/ulp_ip_psr_aresetn_ctrl_slr0_0_board.xdc] for cell 'level0_i/level1/level1_i/ulp/ip_psr_aresetn_ctrl_slr0/U0'
Finished Parsing XDC File [/home/devsounio/cs6_chained_taylor41_20260804/xclbin-build10/_x_link/link/vivado/vpl/prj/prj.gen/my_rm/bd/ulp/ip/ulp_ip_psr_aresetn_ctrl_slr0_0/ulp_ip_psr_aresetn_ctrl_slr0_0_board.xdc] for cell 'level0_i/level1/level1_i/ulp/ip_psr_aresetn_ctrl_slr0/U0'
Parsing XDC File [/home/devsounio/cs6_chained_taylor41_20260804/xclbin-build10/_x_link/link/vivado/vpl/prj/prj.gen/my_rm/bd/ulp/ip/ulp_ip_psr_aresetn_ctrl_slr1_0/ulp_ip_psr_aresetn_ctrl_slr1_0_board.xdc] for cell 'level0_i/level1/level1_i/ulp/ip_psr_aresetn_ctrl_slr1/U0'
Finished Parsing XDC File [/home/devsounio/cs6_chained_taylor41_20260804/xclbin-build10/_x_link/link/vivado/vpl/prj/prj.gen/my_rm/bd/ulp/ip/ulp_ip_psr_aresetn_ctrl_slr1_0/ulp_ip_psr_aresetn_ctrl_slr1_0_board.xdc] for cell 'level0_i/level1/level1_i/ulp/ip_psr_aresetn_ctrl_slr1/U0'
Parsing XDC File [/home/devsounio/cs6_chained_taylor41_20260804/xclbin-build10/_x_link/link/vivado/vpl/prj/prj.gen/my_rm/bd/ulp/ip/ulp_ip_psr_aresetn_ctrl_slr2_0/ulp_ip_psr_aresetn_ctrl_slr2_0_board.xdc] for cell 'level0_i/level1/level1_i/ulp/ip_psr_aresetn_ctrl_slr2/U0'
Finished Parsing XDC File [/home/devsounio/cs6_chained_taylor41_20260804/xclbin-build10/_x_link/link/vivado/vpl/prj/prj.gen/my_rm/bd/ulp/ip/ulp_ip_psr_aresetn_ctrl_slr2_0/ulp_ip_psr_aresetn_ctrl_slr2_0_board.xdc] for cell 'level0_i/level1/level1_i/ulp/ip_psr_aresetn_ctrl_slr2/U0'
Parsing XDC File [/home/devsounio/cs6_chained_taylor41_20260804/xclbin-build10/_x_link/link/vivado/vpl/prj/prj.gen/my_rm/bd/ulp/ip/ulp_ip_psr_aresetn_ctrl_slr3_0/ulp_ip_psr_aresetn_ctrl_slr3_0_board.xdc] for cell 'level0_i/level1/level1_i/ulp/ip_psr_aresetn_ctrl_slr3/U0'
Finished Parsing XDC File [/home/devsounio/cs6_chained_taylor41_20260804/xclbin-build10/_x_link/link/vivado/vpl/prj/prj.gen/my_rm/bd/ulp/ip/ulp_ip_psr_aresetn_ctrl_slr3_0/ulp_ip_psr_aresetn_ctrl_slr3_0_board.xdc] for cell 'level0_i/level1/level1_i/ulp/ip_psr_aresetn_ctrl_slr3/U0'
Parsing XDC File [/home/devsounio/cs6_chained_taylor41_20260804/xclbin-build10/_x_link/link/vivado/vpl/prj/prj.gen/my_rm/bd/ulp/ip/ulp_ip_psr_aresetn_kernel_00_slr0_0/ulp_ip_psr_aresetn_kernel_00_slr0_0_board.xdc] for cell 'level0_i/level1/level1_i/ulp/ip_psr_aresetn_kernel_00_slr0/U0'
Finished Parsing XDC File [/home/devsounio/cs6_chained_taylor41_20260804/xclbin-build10/_x_link/link/vivado/vpl/prj/prj.gen/my_rm/bd/ulp/ip/ulp_ip_psr_aresetn_kernel_00_slr0_0/ulp_ip_psr_aresetn_kernel_00_slr0_0_board.xdc] for cell 'level0_i/level1/level1_i/ulp/ip_psr_aresetn_kernel_00_slr0/U0'
Parsing XDC File [/home/devsounio/cs6_chained_taylor41_20260804/xclbin-build10/_x_link/link/vivado/vpl/prj/prj.gen/my_rm/bd/ulp/ip/ulp_ip_psr_aresetn_kernel_00_slr1_0/ulp_ip_psr_aresetn_kernel_00_slr1_0_board.xdc] for cell 'level0_i/level1/level1_i/ulp/ip_psr_aresetn_kernel_00_slr1/U0'
Finished Parsing XDC File [/home/devsounio/cs6_chained_taylor41_20260804/xclbin-build10/_x_link/link/vivado/vpl/prj/prj.gen/my_rm/bd/ulp/ip/ulp_ip_psr_aresetn_kernel_00_slr1_0/ulp_ip_psr_aresetn_kernel_00_slr1_0_board.xdc] for cell 'level0_i/level1/level1_i/ulp/ip_psr_aresetn_kernel_00_slr1/U0'
Parsing XDC File [/home/devsounio/cs6_chained_taylor41_20260804/xclbin-build10/_x_link/link/vivado/vpl/prj/prj.gen/my_rm/bd/ulp/ip/ulp_ip_psr_aresetn_kernel_00_slr2_0/ulp_ip_psr_aresetn_kernel_00_slr2_0_board.xdc] for cell 'level0_i/level1/level1_i/ulp/ip_psr_aresetn_kernel_00_slr2/U0'
Finished Parsing XDC File [/home/devsounio/cs6_chained_taylor41_20260804/xclbin-build10/_x_link/link/vivado/vpl/prj/prj.gen/my_rm/bd/ulp/ip/ulp_ip_psr_aresetn_kernel_00_slr2_0/ulp_ip_psr_aresetn_kernel_00_slr2_0_board.xdc] for cell 'level0_i/level1/level1_i/ulp/ip_psr_aresetn_kernel_00_slr2/U0'
Parsing XDC File [/home/devsounio/cs6_chained_taylor41_20260804/xclbin-build10/_x_link/link/vivado/vpl/prj/prj.gen/my_rm/bd/ulp/ip/ulp_ip_psr_aresetn_kernel_00_slr3_0/ulp_ip_psr_aresetn_kernel_00_slr3_0_board.xdc] for cell 'level0_i/level1/level1_i/ulp/ip_psr_aresetn_kernel_00_slr3/U0'
Finished Parsing XDC File [/home/devsounio/cs6_chained_taylor41_20260804/xclbin-build10/_x_link/link/vivado/vpl/prj/prj.gen/my_rm/bd/ulp/ip/ulp_ip_psr_aresetn_kernel_00_slr3_0/ulp_ip_psr_aresetn_kernel_00_slr3_0_board.xdc] for cell 'level0_i/level1/level1_i/ulp/ip_psr_aresetn_kernel_00_slr3/U0'
Parsing XDC File [/home/devsounio/cs6_chained_taylor41_20260804/xclbin-build10/_x_link/link/vivado/vpl/prj/prj.gen/my_rm/bd/ulp/ip/ulp_ip_psr_aresetn_kernel_01_slr0_0/ulp_ip_psr_aresetn_kernel_01_slr0_0_board.xdc] for cell 'level0_i/level1/level1_i/ulp/ip_psr_aresetn_kernel_01_slr0/U0'
Finished Parsing XDC File [/home/devsounio/cs6_chained_taylor41_20260804/xclbin-build10/_x_link/link/vivado/vpl/prj/prj.gen/my_rm/bd/ulp/ip/ulp_ip_psr_aresetn_kernel_01_slr0_0/ulp_ip_psr_aresetn_kernel_01_slr0_0_board.xdc] for cell 'level0_i/level1/level1_i/ulp/ip_psr_aresetn_kernel_01_slr0/U0'
Parsing XDC File [/home/devsounio/cs6_chained_taylor41_20260804/xclbin-build10/_x_link/link/vivado/vpl/prj/prj.gen/my_rm/bd/ulp/ip/ulp_ip_psr_aresetn_kernel_01_slr1_0/ulp_ip_psr_aresetn_kernel_01_slr1_0_board.xdc] for cell 'level0_i/level1/level1_i/ulp/ip_psr_aresetn_kernel_01_slr1/U0'
Finished Parsing XDC File [/home/devsounio/cs6_chained_taylor41_20260804/xclbin-build10/_x_link/link/vivado/vpl/prj/prj.gen/my_rm/bd/ulp/ip/ulp_ip_psr_aresetn_kernel_01_slr1_0/ulp_ip_psr_aresetn_kernel_01_slr1_0_board.xdc] for cell 'level0_i/level1/level1_i/ulp/ip_psr_aresetn_kernel_01_slr1/U0'
Parsing XDC File [/home/devsounio/cs6_chained_taylor41_20260804/xclbin-build10/_x_link/link/vivado/vpl/prj/prj.gen/my_rm/bd/ulp/ip/ulp_ip_psr_aresetn_kernel_01_slr2_0/ulp_ip_psr_aresetn_kernel_01_slr2_0_board.xdc] for cell 'level0_i/level1/level1_i/ulp/ip_psr_aresetn_kernel_01_slr2/U0'
Finished Parsing XDC File [/home/devsounio/cs6_chained_taylor41_20260804/xclbin-build10/_x_link/link/vivado/vpl/prj/prj.gen/my_rm/bd/ulp/ip/ulp_ip_psr_aresetn_kernel_01_slr2_0/ulp_ip_psr_aresetn_kernel_01_slr2_0_board.xdc] for cell 'level0_i/level1/level1_i/ulp/ip_psr_aresetn_kernel_01_slr2/U0'
Parsing XDC File [/home/devsounio/cs6_chained_taylor41_20260804/xclbin-build10/_x_link/link/vivado/vpl/prj/prj.gen/my_rm/bd/ulp/ip/ulp_ip_psr_aresetn_kernel_01_slr3_0/ulp_ip_psr_aresetn_kernel_01_slr3_0_board.xdc] for cell 'level0_i/level1/level1_i/ulp/ip_psr_aresetn_kernel_01_slr3/U0'
Finished Parsing XDC File [/home/devsounio/cs6_chained_taylor41_20260804/xclbin-build10/_x_link/link/vivado/vpl/prj/prj.gen/my_rm/bd/ulp/ip/ulp_ip_psr_aresetn_kernel_01_slr3_0/ulp_ip_psr_aresetn_kernel_01_slr3_0_board.xdc] for cell 'level0_i/level1/level1_i/ulp/ip_psr_aresetn_kernel_01_slr3/U0'
Parsing XDC File [/home/devsounio/cs6_chained_taylor41_20260804/xclbin-build10/_x_link/link/vivado/vpl/prj/prj.gen/my_rm/bd/ulp/ip/ulp_ip_psr_aresetn_pcie_slr0_0/ulp_ip_psr_aresetn_pcie_slr0_0_board.xdc] for cell 'level0_i/level1/level1_i/ulp/ip_psr_aresetn_pcie_slr0/U0'
Finished Parsing XDC File [/home/devsounio/cs6_chained_taylor41_20260804/xclbin-build10/_x_link/link/vivado/vpl/prj/prj.gen/my_rm/bd/ulp/ip/ulp_ip_psr_aresetn_pcie_slr0_0/ulp_ip_psr_aresetn_pcie_slr0_0_board.xdc] for cell 'level0_i/level1/level1_i/ulp/ip_psr_aresetn_pcie_slr0/U0'
Parsing XDC File [/home/devsounio/cs6_chained_taylor41_20260804/xclbin-build10/_x_link/link/vivado/vpl/prj/prj.gen/my_rm/bd/ulp/ip/ulp_ip_psr_aresetn_pcie_slr1_0/ulp_ip_psr_aresetn_pcie_slr1_0_board.xdc] for cell 'level0_i/level1/level1_i/ulp/ip_psr_aresetn_pcie_slr1/U0'
Finished Parsing XDC File [/home/devsounio/cs6_chained_taylor41_20260804/xclbin-build10/_x_link/link/vivado/vpl/prj/prj.gen/my_rm/bd/ulp/ip/ulp_ip_psr_aresetn_pcie_slr1_0/ulp_ip_psr_aresetn_pcie_slr1_0_board.xdc] for cell 'level0_i/level1/level1_i/ulp/ip_psr_aresetn_pcie_slr1/U0'
Parsing XDC File [/home/devsounio/cs6_chained_taylor41_20260804/xclbin-build10/_x_link/link/vivado/vpl/prj/prj.gen/my_rm/bd/ulp/ip/ulp_ip_psr_aresetn_pcie_slr2_0/ulp_ip_psr_aresetn_pcie_slr2_0_board.xdc] for cell 'level0_i/level1/level1_i/ulp/ip_psr_aresetn_pcie_slr2/U0'
Finished Parsing XDC File [/home/devsounio/cs6_chained_taylor41_20260804/xclbin-build10/_x_link/link/vivado/vpl/prj/prj.gen/my_rm/bd/ulp/ip/ulp_ip_psr_aresetn_pcie_slr2_0/ulp_ip_psr_aresetn_pcie_slr2_0_board.xdc] for cell 'level0_i/level1/level1_i/ulp/ip_psr_aresetn_pcie_slr2/U0'
Parsing XDC File [/home/devsounio/cs6_chained_taylor41_20260804/xclbin-build10/_x_link/link/vivado/vpl/prj/prj.gen/my_rm/bd/ulp/ip/ulp_ip_psr_aresetn_pcie_slr3_0/ulp_ip_psr_aresetn_pcie_slr3_0_board.xdc] for cell 'level0_i/level1/level1_i/ulp/ip_psr_aresetn_pcie_slr3/U0'
Finished Parsing XDC File [/home/devsounio/cs6_chained_taylor41_20260804/xclbin-build10/_x_link/link/vivado/vpl/prj/prj.gen/my_rm/bd/ulp/ip/ulp_ip_psr_aresetn_pcie_slr3_0/ulp_ip_psr_aresetn_pcie_slr3_0_board.xdc] for cell 'level0_i/level1/level1_i/ulp/ip_psr_aresetn_pcie_slr3/U0'
Parsing XDC File [/home/devsounio/cs6_chained_taylor41_20260804/xclbin-build10/_x_link/link/vivado/vpl/prj/prj.gen/my_rm/bd/ulp/ip/ulp_ip_psr_aresetn_freerun_slr0_0/ulp_ip_psr_aresetn_freerun_slr0_0_board.xdc] for cell 'level0_i/level1/level1_i/ulp/ip_psr_aresetn_freerun_slr0/U0'
Finished Parsing XDC File [/home/devsounio/cs6_chained_taylor41_20260804/xclbin-build10/_x_link/link/vivado/vpl/prj/prj.gen/my_rm/bd/ulp/ip/ulp_ip_psr_aresetn_freerun_slr0_0/ulp_ip_psr_aresetn_freerun_slr0_0_board.xdc] for cell 'level0_i/level1/level1_i/ulp/ip_psr_aresetn_freerun_slr0/U0'
Parsing XDC File [/home/devsounio/cs6_chained_taylor41_20260804/xclbin-build10/_x_link/link/vivado/vpl/prj/prj.gen/my_rm/bd/ulp/ip/ulp_ip_psr_aresetn_freerun_slr1_0/ulp_ip_psr_aresetn_freerun_slr1_0_board.xdc] for cell 'level0_i/level1/level1_i/ulp/ip_psr_aresetn_freerun_slr1/U0'
Finished Parsing XDC File [/home/devsounio/cs6_chained_taylor41_20260804/xclbin-build10/_x_link/link/vivado/vpl/prj/prj.gen/my_rm/bd/ulp/ip/ulp_ip_psr_aresetn_freerun_slr1_0/ulp_ip_psr_aresetn_freerun_slr1_0_board.xdc] for cell 'level0_i/level1/level1_i/ulp/ip_psr_aresetn_freerun_slr1/U0'
Parsing XDC File [/home/devsounio/cs6_chained_taylor41_20260804/xclbin-build10/_x_link/link/vivado/vpl/prj/prj.gen/my_rm/bd/ulp/ip/ulp_ip_psr_aresetn_freerun_slr2_0/ulp_ip_psr_aresetn_freerun_slr2_0_board.xdc] for cell 'level0_i/level1/level1_i/ulp/ip_psr_aresetn_freerun_slr2/U0'
Finished Parsing XDC File [/home/devsounio/cs6_chained_taylor41_20260804/xclbin-build10/_x_link/link/vivado/vpl/prj/prj.gen/my_rm/bd/ulp/ip/ulp_ip_psr_aresetn_freerun_slr2_0/ulp_ip_psr_aresetn_freerun_slr2_0_board.xdc] for cell 'level0_i/level1/level1_i/ulp/ip_psr_aresetn_freerun_slr2/U0'
Parsing XDC File [/home/devsounio/cs6_chained_taylor41_20260804/xclbin-build10/_x_link/link/vivado/vpl/prj/prj.gen/my_rm/bd/ulp/ip/ulp_ip_psr_aresetn_freerun_slr3_0/ulp_ip_psr_aresetn_freerun_slr3_0_board.xdc] for cell 'level0_i/level1/level1_i/ulp/ip_psr_aresetn_freerun_slr3/U0'
Finished Parsing XDC File [/home/devsounio/cs6_chained_taylor41_20260804/xclbin-build10/_x_link/link/vivado/vpl/prj/prj.gen/my_rm/bd/ulp/ip/ulp_ip_psr_aresetn_freerun_slr3_0/ulp_ip_psr_aresetn_freerun_slr3_0_board.xdc] for cell 'level0_i/level1/level1_i/ulp/ip_psr_aresetn_freerun_slr3/U0'
Parsing XDC File [/home/devsounio/cs6_chained_taylor41_20260804/xclbin-build10/_x_link/link/vivado/vpl/.local/hw_platform/hw_bb_locked/level0_wrapper_board.xdc]
Finished Parsing XDC File [/home/devsounio/cs6_chained_taylor41_20260804/xclbin-build10/_x_link/link/vivado/vpl/.local/hw_platform/hw_bb_locked/level0_wrapper_board.xdc]
Parsing XDC File [/home/devsounio/cs6_chained_taylor41_20260804/xclbin-build10/_x_link/link/vivado/vpl/.local/hw_platform/hw_bb_locked/level0_wrapper_early.xdc]
WARNING: [Vivado_Tcl 4-2057] Waiver ID 'DPIP-2' object list specifies likely unusable hierarchical instance 'level0_i/blp/blp_i/ss_cmc/inst/microblaze_cmc/U0/MicroBlaze_Core_I/Performance.Core/Data_Flow_I/MUL_Unit_I/Use_HW_MUL.Using_DSP48_Architectures.Doing_mul64.Virtex_MUL64.dsp_module_I2/Using_DSP48E1.DSP48E1_I1'. [bd_c91f_microblaze_cmc_0.xdc:8]
WARNING: [Vivado_Tcl 4-2057] Waiver ID 'DPIP-2' object list specifies likely unusable hierarchical instance 'level0_i/blp/blp_i/ss_cmc/inst/microblaze_cmc/U0/MicroBlaze_Core_I/Performance.Core/Data_Flow_I/MUL_Unit_I/Use_HW_MUL.Using_DSP48_Architectures.Doing_mul64.Virtex_MUL64.dsp_module_I3/Using_DSP48E1.DSP48E1_I1'. [bd_c91f_microblaze_cmc_0.xdc:8]
WARNING: [Vivado_Tcl 4-2057] Waiver ID 'DPIP-2' object list specifies likely unusable hierarchical instance 'level0_i/blp/blp_i/ss_cmc/inst/microblaze_cmc/U0/MicroBlaze_Core_I/Performance.Core/Data_Flow_I/MUL_Unit_I/Use_HW_MUL.Using_DSP48_Architectures.Doing_mul64.Virtex_MUL64.dsp_module_I4/Using_DSP48E1.DSP48E1_I1'. [bd_c91f_microblaze_cmc_0.xdc:8]
WARNING: [Vivado_Tcl 4-2057] Waiver ID 'DPIP-2' object list specifies likely unusable hierarchical instance 'level0_i/blp/blp_i/ss_cmc/inst/microblaze_cmc/U0/MicroBlaze_Core_I/Performance.Core/Data_Flow_I/MUL_Unit_I/Use_HW_MUL.Using_DSP48_Architectures.dsp_module_I1/Using_DSP48E1.DSP48E1_I1'. [bd_c91f_microblaze_cmc_0.xdc:8]
WARNING: [Vivado_Tcl 4-2057] Waiver ID 'DPIP-2' object list specifies likely unusable hierarchical instance 'level0_i/blp/blp_i/ss_cmc/inst/microblaze_cmc/U0/MicroBlaze_Core_I/Performance.Core/Data_Flow_I/MUL_Unit_I/Use_HW_MUL.Using_DSP48_Architectures.Doing_mul64.Virtex_MUL64.dsp_module_I2/Using_DSP48E1.DSP48E1_I1'. [bd_c91f_microblaze_cmc_0.xdc:11]
WARNING: [Vivado_Tcl 4-2057] Waiver ID 'DPIP-2' object list specifies likely unusable hierarchical instance 'level0_i/blp/blp_i/ss_cmc/inst/microblaze_cmc/U0/MicroBlaze_Core_I/Performance.Core/Data_Flow_I/MUL_Unit_I/Use_HW_MUL.Using_DSP48_Architectures.Doing_mul64.Virtex_MUL64.dsp_module_I3/Using_DSP48E1.DSP48E1_I1'. [bd_c91f_microblaze_cmc_0.xdc:11]
WARNING: [Vivado_Tcl 4-2057] Waiver ID 'DPIP-2' object list specifies likely unusable hierarchical instance 'level0_i/blp/blp_i/ss_cmc/inst/microblaze_cmc/U0/MicroBlaze_Core_I/Performance.Core/Data_Flow_I/MUL_Unit_I/Use_HW_MUL.Using_DSP48_Architectures.Doing_mul64.Virtex_MUL64.dsp_module_I4/Using_DSP48E1.DSP48E1_I1'. [bd_c91f_microblaze_cmc_0.xdc:11]
WARNING: [Vivado_Tcl 4-2057] Waiver ID 'DPIP-2' object list specifies likely unusable hierarchical instance 'level0_i/blp/blp_i/ss_cmc/inst/microblaze_cmc/U0/MicroBlaze_Core_I/Performance.Core/Data_Flow_I/MUL_Unit_I/Use_HW_MUL.Using_DSP48_Architectures.dsp_module_I1/Using_DSP48E1.DSP48E1_I1'. [bd_c91f_microblaze_cmc_0.xdc:11]
WARNING: [Vivado_Tcl 4-2057] Waiver ID 'DPOP-3' object list specifies likely unusable hierarchical instance 'level0_i/blp/blp_i/ss_cmc/inst/microblaze_cmc/U0/MicroBlaze_Core_I/Performance.Core/Data_Flow_I/MUL_Unit_I/Use_HW_MUL.Using_DSP48_Architectures.Doing_mul64.Virtex_MUL64.dsp_module_I2/Using_DSP48E1.DSP48E1_I1'. [bd_c91f_microblaze_cmc_0.xdc:14]
WARNING: [Vivado_Tcl 4-2057] Waiver ID 'DPOP-3' object list specifies likely unusable hierarchical instance 'level0_i/blp/blp_i/ss_cmc/inst/microblaze_cmc/U0/MicroBlaze_Core_I/Performance.Core/Data_Flow_I/MUL_Unit_I/Use_HW_MUL.Using_DSP48_Architectures.Doing_mul64.Virtex_MUL64.dsp_module_I3/Using_DSP48E1.DSP48E1_I1'. [bd_c91f_microblaze_cmc_0.xdc:14]
WARNING: [Vivado_Tcl 4-2057] Waiver ID 'DPOP-3' object list specifies likely unusable hierarchical instance 'level0_i/blp/blp_i/ss_cmc/inst/microblaze_cmc/U0/MicroBlaze_Core_I/Performance.Core/Data_Flow_I/MUL_Unit_I/Use_HW_MUL.Using_DSP48_Architectures.Doing_mul64.Virtex_MUL64.dsp_module_I4/Using_DSP48E1.DSP48E1_I1'. [bd_c91f_microblaze_cmc_0.xdc:14]
WARNING: [Vivado_Tcl 4-2057] Waiver ID 'DPOP-3' object list specifies likely unusable hierarchical instance 'level0_i/blp/blp_i/ss_cmc/inst/microblaze_cmc/U0/MicroBlaze_Core_I/Performance.Core/Data_Flow_I/MUL_Unit_I/Use_HW_MUL.Using_DSP48_Architectures.dsp_module_I1/Using_DSP48E1.DSP48E1_I1'. [bd_c91f_microblaze_cmc_0.xdc:14]
WARNING: [Vivado_Tcl 4-2057] Waiver ID 'DPOP-3' object list specifies likely unusable hierarchical instance 'level0_i/blp/blp_i/ss_cmc/inst/microblaze_cmc/U0/MicroBlaze_Core_I/Performance.Core/Data_Flow_I/MUL_Unit_I/Use_HW_MUL.Using_DSP48_Architectures.Doing_mul64.Virtex_MUL64.dsp_module_I2/Using_DSP48E1.DSP48E1_I1'. [bd_c91f_microblaze_cmc_0.xdc:20]
WARNING: [Vivado_Tcl 4-2057] Waiver ID 'DPOP-3' object list specifies likely unusable hierarchical instance 'level0_i/blp/blp_i/ss_cmc/inst/microblaze_cmc/U0/MicroBlaze_Core_I/Performance.Core/Data_Flow_I/MUL_Unit_I/Use_HW_MUL.Using_DSP48_Architectures.Doing_mul64.Virtex_MUL64.dsp_module_I3/Using_DSP48E1.DSP48E1_I1'. [bd_c91f_microblaze_cmc_0.xdc:20]
WARNING: [Vivado_Tcl 4-2057] Waiver ID 'DPOP-3' object list specifies likely unusable hierarchical instance 'level0_i/blp/blp_i/ss_cmc/inst/microblaze_cmc/U0/MicroBlaze_Core_I/Performance.Core/Data_Flow_I/MUL_Unit_I/Use_HW_MUL.Using_DSP48_Architectures.Doing_mul64.Virtex_MUL64.dsp_module_I4/Using_DSP48E1.DSP48E1_I1'. [bd_c91f_microblaze_cmc_0.xdc:20]
WARNING: [Vivado_Tcl 4-2057] Waiver ID 'DPOP-3' object list specifies likely unusable hierarchical instance 'level0_i/blp/blp_i/ss_cmc/inst/microblaze_cmc/U0/MicroBlaze_Core_I/Performance.Core/Data_Flow_I/MUL_Unit_I/Use_HW_MUL.Using_DSP48_Architectures.dsp_module_I1/Using_DSP48E1.DSP48E1_I1'. [bd_c91f_microblaze_cmc_0.xdc:20]
WARNING: [Vivado_Tcl 4-2057] Waiver ID 'DPOP-4' object list specifies likely unusable hierarchical instance 'level0_i/blp/blp_i/ss_cmc/inst/microblaze_cmc/U0/MicroBlaze_Core_I/Performance.Core/Data_Flow_I/MUL_Unit_I/Use_HW_MUL.Using_DSP48_Architectures.Doing_mul64.Virtex_MUL64.dsp_module_I2/Using_DSP48E1.DSP48E1_I1'. [bd_c91f_microblaze_cmc_0.xdc:23]
WARNING: [Vivado_Tcl 4-2057] Waiver ID 'DPOP-4' object list specifies likely unusable hierarchical instance 'level0_i/blp/blp_i/ss_cmc/inst/microblaze_cmc/U0/MicroBlaze_Core_I/Performance.Core/Data_Flow_I/MUL_Unit_I/Use_HW_MUL.Using_DSP48_Architectures.Doing_mul64.Virtex_MUL64.dsp_module_I3/Using_DSP48E1.DSP48E1_I1'. [bd_c91f_microblaze_cmc_0.xdc:23]
WARNING: [Vivado_Tcl 4-2057] Waiver ID 'DPOP-4' object list specifies likely unusable hierarchical instance 'level0_i/blp/blp_i/ss_cmc/inst/microblaze_cmc/U0/MicroBlaze_Core_I/Performance.Core/Data_Flow_I/MUL_Unit_I/Use_HW_MUL.Using_DSP48_Architectures.Doing_mul64.Virtex_MUL64.dsp_module_I4/Using_DSP48E1.DSP48E1_I1'. [bd_c91f_microblaze_cmc_0.xdc:23]
WARNING: [Vivado_Tcl 4-2057] Waiver ID 'DPOP-4' object list specifies likely unusable hierarchical instance 'level0_i/blp/blp_i/ss_cmc/inst/microblaze_cmc/U0/MicroBlaze_Core_I/Performance.Core/Data_Flow_I/MUL_Unit_I/Use_HW_MUL.Using_DSP48_Architectures.dsp_module_I1/Using_DSP48E1.DSP48E1_I1'. [bd_c91f_microblaze_cmc_0.xdc:23]
WARNING: [Vivado_Tcl 4-2057] Waiver ID 'DPOP-4' object list specifies likely unusable hierarchical instance 'level0_i/blp/blp_i/ss_cmc/inst/microblaze_cmc/U0/MicroBlaze_Core_I/Performance.Core/Data_Flow_I/MUL_Unit_I/Use_HW_MUL.Using_DSP48_Architectures.Doing_mul64.Virtex_MUL64.dsp_module_I2/Using_DSP48E1.DSP48E1_I1'. [bd_c91f_microblaze_cmc_0.xdc:26]
WARNING: [Vivado_Tcl 4-2057] Waiver ID 'DPOP-4' object list specifies likely unusable hierarchical instance 'level0_i/blp/blp_i/ss_cmc/inst/microblaze_cmc/U0/MicroBlaze_Core_I/Performance.Core/Data_Flow_I/MUL_Unit_I/Use_HW_MUL.Using_DSP48_Architectures.Doing_mul64.Virtex_MUL64.dsp_module_I3/Using_DSP48E1.DSP48E1_I1'. [bd_c91f_microblaze_cmc_0.xdc:26]
WARNING: [Vivado_Tcl 4-2057] Waiver ID 'DPOP-4' object list specifies likely unusable hierarchical instance 'level0_i/blp/blp_i/ss_cmc/inst/microblaze_cmc/U0/MicroBlaze_Core_I/Performance.Core/Data_Flow_I/MUL_Unit_I/Use_HW_MUL.Using_DSP48_Architectures.Doing_mul64.Virtex_MUL64.dsp_module_I4/Using_DSP48E1.DSP48E1_I1'. [bd_c91f_microblaze_cmc_0.xdc:26]
WARNING: [Vivado_Tcl 4-2057] Waiver ID 'DPOP-4' object list specifies likely unusable hierarchical instance 'level0_i/blp/blp_i/ss_cmc/inst/microblaze_cmc/U0/MicroBlaze_Core_I/Performance.Core/Data_Flow_I/MUL_Unit_I/Use_HW_MUL.Using_DSP48_Architectures.dsp_module_I1/Using_DSP48E1.DSP48E1_I1'. [bd_c91f_microblaze_cmc_0.xdc:26]
WARNING: [Vivado_Tcl 4-2057] Waiver ID 'DPOP-4' object list specifies likely unusable hierarchical instance 'level0_i/blp/blp_i/ss_cmc/inst/microblaze_cmc/U0/MicroBlaze_Core_I/Performance.Core/Data_Flow_I/MUL_Unit_I/Use_HW_MUL.Using_DSP48_Architectures.Doing_mul64.Virtex_MUL64.dsp_module_I2/Using_DSP48E1.DSP48E1_I1'. [bd_c91f_microblaze_cmc_0.xdc:29]
WARNING: [Vivado_Tcl 4-2057] Waiver ID 'DPOP-4' object list specifies likely unusable hierarchical instance 'level0_i/blp/blp_i/ss_cmc/inst/microblaze_cmc/U0/MicroBlaze_Core_I/Performance.Core/Data_Flow_I/MUL_Unit_I/Use_HW_MUL.Using_DSP48_Architectures.Doing_mul64.Virtex_MUL64.dsp_module_I3/Using_DSP48E1.DSP48E1_I1'. [bd_c91f_microblaze_cmc_0.xdc:29]
WARNING: [Vivado_Tcl 4-2057] Waiver ID 'DPOP-4' object list specifies likely unusable hierarchical instance 'level0_i/blp/blp_i/ss_cmc/inst/microblaze_cmc/U0/MicroBlaze_Core_I/Performance.Core/Data_Flow_I/MUL_Unit_I/Use_HW_MUL.Using_DSP48_Architectures.Doing_mul64.Virtex_MUL64.dsp_module_I4/Using_DSP48E1.DSP48E1_I1'. [bd_c91f_microblaze_cmc_0.xdc:29]
WARNING: [Vivado_Tcl 4-2057] Waiver ID 'DPOP-4' object list specifies likely unusable hierarchical instance 'level0_i/blp/blp_i/ss_cmc/inst/microblaze_cmc/U0/MicroBlaze_Core_I/Performance.Core/Data_Flow_I/MUL_Unit_I/Use_HW_MUL.Using_DSP48_Architectures.dsp_module_I1/Using_DSP48E1.DSP48E1_I1'. [bd_c91f_microblaze_cmc_0.xdc:29]
INFO: [Power 33-23] Power model is not available for STARTUP_8SERIES_GEN.STARTUP3_8SERIES_inst [ip_pcie4_uscale_plus_x0y1.xdc:237]
INFO: [Power 33-23] Power model is not available for xiphy_riu_or [ip_pcie4_uscale_plus_x0y1.xdc:237]
INFO: [Power 33-23] Power model is not available for genVref.u_hpio_vref [ip_pcie4_uscale_plus_x0y1.xdc:237]
WARNING: [Timing 38-172] LUT was found on clock network. Both rising/falling clock edges are propagated from LUT output pin. Use set_clock_sense to specify if that clock should be inverted or not. e.g. set_clock_sense -positive/-negative level0_i/blp/blp_i/ss_cmp/inst/mgmt_debug_bridge/inst/bs_mux/inst/drck_INST_0/O [ip_pcie4_uscale_plus_x0y1.xdc:237]
WARNING: [Timing 38-172] LUT was found on clock network. Both rising/falling clock edges are propagated from LUT output pin. Use set_clock_sense to specify if that clock should be inverted or not. e.g. set_clock_sense -positive/-negative level0_i/blp/blp_i/ss_cmp/inst/mgmt_debug_bridge/inst/bs_mux/inst/update_INST_0/O [ip_pcie4_uscale_plus_x0y1.xdc:237]
set_switching_activity: Time (s): cpu = 00:09:34 ; elapsed = 00:02:20 . Memory (MB): peak = 18335.578 ; gain = 4677.461 ; free physical = 16251 ; free virtual = 55171
INFO: [Timing 38-2] Deriving generated clocks [level1_clk_wiz_ddr4_0.xdc:57]
Finished Parsing XDC File [/home/devsounio/cs6_chained_taylor41_20260804/xclbin-build10/_x_link/link/vivado/vpl/.local/hw_platform/hw_bb_locked/level0_wrapper_early.xdc]
Parsing XDC File [/home/devsounio/cs6_chained_taylor41_20260804/xclbin-build10/_x_link/link/vivado/vpl/output/dont_partition.xdc]
get_cells: Time (s): cpu = 00:00:22 ; elapsed = 00:00:22 . Memory (MB): peak = 18335.578 ; gain = 0.000 ; free physical = 16248 ; free virtual = 55168
Finished Parsing XDC File [/home/devsounio/cs6_chained_taylor41_20260804/xclbin-build10/_x_link/link/vivado/vpl/output/dont_partition.xdc]
Parsing XDC File [/home/devsounio/cs6_chained_taylor41_20260804/xclbin-build10/_x_link/link/vivado/vpl/.local/hw_platform/hw_bb_locked/level0_wrapper.xdc]
INFO: [Timing 38-2] Deriving generated clocks [xsdbm_gc_late_late.xdc:55]
all_fanout: Time (s): cpu = 00:01:34 ; elapsed = 00:00:20 . Memory (MB): peak = 18335.578 ; gain = 0.000 ; free physical = 16248 ; free virtual = 55168
Finished Parsing XDC File [/home/devsounio/cs6_chained_taylor41_20260804/xclbin-build10/_x_link/link/vivado/vpl/.local/hw_platform/hw_bb_locked/level0_wrapper.xdc]
Parsing XDC File [/home/devsounio/cs6_chained_taylor41_20260804/xclbin-build10/_x_link/link/vivado/vpl/.local/hw_platform/hw_bb_locked/level0_wrapper_late.xdc]
get_clocks: Time (s): cpu = 00:00:25 ; elapsed = 00:00:09 . Memory (MB): peak = 18335.578 ; gain = 0.000 ; free physical = 16247 ; free virtual = 55166
get_clocks: Time (s): cpu = 00:00:24 ; elapsed = 00:00:06 . Memory (MB): peak = 18335.578 ; gain = 0.000 ; free physical = 16247 ; free virtual = 55166
get_clocks: Time (s): cpu = 00:01:45 ; elapsed = 00:00:32 . Memory (MB): peak = 18335.578 ; gain = 0.000 ; free physical = 16246 ; free virtual = 55165
WARNING: [Vivado 12-25893] CONTAIN_ROUTING is mutually exclusive with IS_SOFT, IS_SOFT property for pblock pblock_level0_blp has been changed to false in order to set CONTAIN_ROUTING to true. [impl.pblocks.xdc:10]
WARNING: [Vivado 12-25893] CONTAIN_ROUTING is mutually exclusive with IS_SOFT, IS_SOFT property for pblock pblock_ii_level0_pipe has been changed to false in order to set CONTAIN_ROUTING to true. [impl.pblocks.xdc:54]
resize_pblock: Time (s): cpu = 00:00:07 ; elapsed = 00:00:07 . Memory (MB): peak = 18335.578 ; gain = 0.000 ; free physical = 16246 ; free virtual = 55165
get_clocks: Time (s): cpu = 00:00:21 ; elapsed = 00:00:05 . Memory (MB): peak = 18335.578 ; gain = 0.000 ; free physical = 16245 ; free virtual = 55165
INFO: [Vivado 12-2286] Implicit search of objects for pattern 'clk_sck' matched to 'clock' objects. [impl.clocks.xdc:42]
Resolution: To avoid ambiguous patterns, provide proper objects using get commands e.g. [get_nets xyz].
INFO: [Vivado 12-2286] Implicit search of objects for pattern 'clk_sck' matched to 'clock' objects. [impl.clocks.xdc:43]
Resolution: To avoid ambiguous patterns, provide proper objects using get commands e.g. [get_nets xyz].
INFO: [Vivado 12-2286] Implicit search of objects for pattern 'clk_sck' matched to 'clock' objects. [impl.clocks.xdc:46]
Resolution: To avoid ambiguous patterns, provide proper objects using get commands e.g. [get_nets xyz].
INFO: [Vivado 12-24630] Instance: 'level0_i/level1/level1_i/plp' is a DFX HD.RECONFIGURABLE module.
INFO: [Vivado 12-24630] Instance: 'level0_i/level1/level1_i/ulp' is a DFX HD.RECONFIGURABLE module.
resize_pblock: Time (s): cpu = 00:00:07 ; elapsed = 00:00:07 . Memory (MB): peak = 18335.578 ; gain = 0.000 ; free physical = 16245 ; free virtual = 55164
Finished Parsing XDC File [/home/devsounio/cs6_chained_taylor41_20260804/xclbin-build10/_x_link/link/vivado/vpl/.local/hw_platform/hw_bb_locked/level0_wrapper_late.xdc]
INFO: [Designutils 20-5722] Start Reading Physical Databases.
Reading placement.
Reading placer database...
Read Old Netlist Cache: Time (s): cpu = 00:00:00.18 ; elapsed = 00:00:00.17 . Memory (MB): peak = 18335.578 ; gain = 0.000 ; free physical = 16245 ; free virtual = 55164
Read Device Cache: Time (s): cpu = 00:00:00.02 ; elapsed = 00:00:00.02 . Memory (MB): peak = 18335.578 ; gain = 0.000 ; free physical = 16245 ; free virtual = 55164
Read PlaceDB: Time (s): cpu = 00:00:03 ; elapsed = 00:00:03 . Memory (MB): peak = 18335.578 ; gain = 0.000 ; free physical = 16245 ; free virtual = 55164
Read PulsedLatchDB: Time (s): cpu = 00:00:00 ; elapsed = 00:00:00 . Memory (MB): peak = 18335.578 ; gain = 0.000 ; free physical = 16245 ; free virtual = 55164
Reading routing.
Read RouteStorage: Time (s): cpu = 00:00:03 ; elapsed = 00:00:03 . Memory (MB): peak = 18335.578 ; gain = 0.000 ; free physical = 16242 ; free virtual = 55161
Read Physdb Files: Time (s): cpu = 00:00:06 ; elapsed = 00:00:06 . Memory (MB): peak = 18335.578 ; gain = 0.000 ; free physical = 16242 ; free virtual = 55161
Restored from archive | CPU: 7.310000 secs | Memory: 168.973747 MB |
Finished XDEF File Restore: Time (s): cpu = 00:00:07 ; elapsed = 00:00:07 . Memory (MB): peak = 18335.578 ; gain = 0.000 ; free physical = 16242 ; free virtual = 55161
WARNING: [Constraints 18-4434] Global Clock Buffer 'level0_i/blp/blp_i/freerun_clk/bufg/U0/USE_BUFG.GEN_BUFG[0].BUFG_U' is LOCed to site 'BUFGCE_X0Y99'. Using a LOC constraint to assign the placement of a Global Clock Buffer can result in sub-optimal placement results.
Resolution: Remove the LOC constraint and use the CLOCK_REGION constraint to assign a Global Clock Buffer to a CLOCK_REGION.
WARNING: [Constraints 18-4434] Global Clock Buffer 'level0_i/blp/blp_i/freerun_clk/bufg_div/U0/USE_BUFGCE_DIV2.GEN_BUFGCE_DIV2[0].BUFGCE_DIV2_I' is LOCed to site 'BUFGCE_DIV_X0Y17'. Using a LOC constraint to assign the placement of a Global Clock Buffer can result in sub-optimal placement results.
Resolution: Remove the LOC constraint and use the CLOCK_REGION constraint to assign a Global Clock Buffer to a CLOCK_REGION.
WARNING: [Constraints 18-4434] Global Clock Buffer 'level0_i/blp/blp_i/ss_cmp/inst/jtag_fallback/inst/bs_switch/inst/BSCAN_SWITCH.N_EXT_BSCAN.u_bufg_icon_tck' is LOCed to site 'BUFGCE_X0Y106'. Using a LOC constraint to assign the placement of a Global Clock Buffer can result in sub-optimal placement results.
Resolution: Remove the LOC constraint and use the CLOCK_REGION constraint to assign a Global Clock Buffer to a CLOCK_REGION.
WARNING: [Constraints 18-4434] Global Clock Buffer 'level0_i/blp/blp_i/ss_cmp/inst/mdm_board_control/U0/No_Dbg_Reg_Access.BUFG_DRCK/Using_FPGA.Native' is LOCed to site 'BUFGCE_X0Y98'. Using a LOC constraint to assign the placement of a Global Clock Buffer can result in sub-optimal placement results.
Resolution: Remove the LOC constraint and use the CLOCK_REGION constraint to assign a Global Clock Buffer to a CLOCK_REGION.
WARNING: [Constraints 18-4434] Global Clock Buffer 'level0_i/blp/blp_i/ss_cmp/inst/mdm_board_control/U0/Use_External.Use_BSCANID.No_Dbg_Reg_Access.BUFG_UPDATE/Using_FPGA.Native' is LOCed to site 'BUFGCE_X0Y96'. Using a LOC constraint to assign the placement of a Global Clock Buffer can result in sub-optimal placement results.
Resolution: Remove the LOC constraint and use the CLOCK_REGION constraint to assign a Global Clock Buffer to a CLOCK_REGION.
WARNING: [Constraints 18-4434] Global Clock Buffer 'level0_i/blp/blp_i/ss_cmp/inst/mgmt_debug_bridge/inst/bs_mux/inst/u_bufg_mux' is LOCed to site 'BUFGCTRL_X0Y36'. Using a LOC constraint to assign the placement of a Global Clock Buffer can result in sub-optimal placement results.
Resolution: Remove the LOC constraint and use the CLOCK_REGION constraint to assign a Global Clock Buffer to a CLOCK_REGION.
WARNING: [Constraints 18-4434] Global Clock Buffer 'level0_i/blp/blp_i/ss_cmp/inst/mgmt_debug_bridge/inst/bsip/inst/USE_SOFTBSCAN.U_TAP_TCKBUFG' is LOCed to site 'BUFGCE_X0Y97'. Using a LOC constraint to assign the placement of a Global Clock Buffer can result in sub-optimal placement results.
Resolution: Remove the LOC constraint and use the CLOCK_REGION constraint to assign a Global Clock Buffer to a CLOCK_REGION.
WARNING: [Constraints 18-4434] Global Clock Buffer 'level0_i/blp/blp_i/ss_hif/inst/clkwiz_level0_periph/inst/clkout1_buf' is LOCed to site 'BUFGCE_X0Y115'. Using a LOC constraint to assign the placement of a Global Clock Buffer can result in sub-optimal placement results.
Resolution: Remove the LOC constraint and use the CLOCK_REGION constraint to assign a Global Clock Buffer to a CLOCK_REGION.
WARNING: [Constraints 18-4434] Global Clock Buffer 'level0_i/blp/blp_i/ss_hif/inst/clkwiz_level0_periph/inst/clkout2_buf' is LOCed to site 'BUFGCE_X0Y116'. Using a LOC constraint to assign the placement of a Global Clock Buffer can result in sub-optimal placement results.
Resolution: Remove the LOC constraint and use the CLOCK_REGION constraint to assign a Global Clock Buffer to a CLOCK_REGION.
WARNING: [Constraints 18-4434] Global Clock Buffer 'level0_i/blp/blp_i/ss_hif/inst/pcie/inst/bufg_gt_sysclk' is LOCed to site 'BUFG_GT_X1Y155'. Using a LOC constraint to assign the placement of a Global Clock Buffer can result in sub-optimal placement results.
Resolution: Remove the LOC constraint and use the CLOCK_REGION constraint to assign a Global Clock Buffer to a CLOCK_REGION.
WARNING: [Constraints 18-4434] Global Clock Buffer 'level0_i/blp/blp_i/ss_hif/inst/pcie/inst/bd_39ab_pcie_0_gt_top_i/diablo_gt.diablo_gt_phy_wrapper/gt_wizard.gtwizard_top_i/bd_39ab_pcie_0_gt_i/inst/gen_gtwizard_gtye4_top.bd_39ab_pcie_0_gt_gtwizard_gtye4_inst/gen_gtwizard_gtye4.gen_cpll_cal_gtye4.gen_cpll_cal_inst[0].gen_inst_cpll_cal.gtwizard_ultrascale_v1_7_12_gtye4_cpll_cal_inst/gtwizard_ultrascale_v1_7_12_gtye4_cpll_cal_tx_i/bufg_gt_txoutclkmon_inst' is LOCed to site 'BUFG_GT_X1Y100'. Using a LOC constraint to assign the placement of a Global Clock Buffer can result in sub-optimal placement results.
Resolution: Remove the LOC constraint and use the CLOCK_REGION constraint to assign a Global Clock Buffer to a CLOCK_REGION.
WARNING: [Constraints 18-4434] Global Clock Buffer 'level0_i/blp/blp_i/ss_hif/inst/pcie/inst/bd_39ab_pcie_0_gt_top_i/diablo_gt.diablo_gt_phy_wrapper/gt_wizard.gtwizard_top_i/bd_39ab_pcie_0_gt_i/inst/gen_gtwizard_gtye4_top.bd_39ab_pcie_0_gt_gtwizard_gtye4_inst/gen_gtwizard_gtye4.gen_cpll_cal_gtye4.gen_cpll_cal_inst[10].gen_inst_cpll_cal.gtwizard_ultrascale_v1_7_12_gtye4_cpll_cal_inst/gtwizard_ultrascale_v1_7_12_gtye4_cpll_cal_tx_i/bufg_gt_txoutclkmon_inst' is LOCed to site 'BUFG_GT_X1Y150'. Using a LOC constraint to assign the placement of a Global Clock Buffer can result in sub-optimal placement results.
Resolution: Remove the LOC constraint and use the CLOCK_REGION constraint to assign a Global Clock Buffer to a CLOCK_REGION.
WARNING: [Constraints 18-4434] Global Clock Buffer 'level0_i/blp/blp_i/ss_hif/inst/pcie/inst/bd_39ab_pcie_0_gt_top_i/diablo_gt.diablo_gt_phy_wrapper/gt_wizard.gtwizard_top_i/bd_39ab_pcie_0_gt_i/inst/gen_gtwizard_gtye4_top.bd_39ab_pcie_0_gt_gtwizard_gtye4_inst/gen_gtwizard_gtye4.gen_cpll_cal_gtye4.gen_cpll_cal_inst[11].gen_inst_cpll_cal.gtwizard_ultrascale_v1_7_12_gtye4_cpll_cal_inst/gtwizard_ultrascale_v1_7_12_gtye4_cpll_cal_tx_i/bufg_gt_txoutclkmon_inst' is LOCed to site 'BUFG_GT_X1Y167'. Using a LOC constraint to assign the placement of a Global Clock Buffer can result in sub-optimal placement results.
Resolution: Remove the LOC constraint and use the CLOCK_REGION constraint to assign a Global Clock Buffer to a CLOCK_REGION.
WARNING: [Constraints 18-4434] Global Clock Buffer 'level0_i/blp/blp_i/ss_hif/inst/pcie/inst/bd_39ab_pcie_0_gt_top_i/diablo_gt.diablo_gt_phy_wrapper/gt_wizard.gtwizard_top_i/bd_39ab_pcie_0_gt_i/inst/gen_gtwizard_gtye4_top.bd_39ab_pcie_0_gt_gtwizard_gtye4_inst/gen_gtwizard_gtye4.gen_cpll_cal_gtye4.gen_cpll_cal_inst[12].gen_inst_cpll_cal.gtwizard_ultrascale_v1_7_12_gtye4_cpll_cal_inst/gtwizard_ultrascale_v1_7_12_gtye4_cpll_cal_tx_i/bufg_gt_txoutclkmon_inst' is LOCed to site 'BUFG_GT_X1Y176'. Using a LOC constraint to assign the placement of a Global Clock Buffer can result in sub-optimal placement results.
Resolution: Remove the LOC constraint and use the CLOCK_REGION constraint to assign a Global Clock Buffer to a CLOCK_REGION.
WARNING: [Constraints 18-4434] Global Clock Buffer 'level0_i/blp/blp_i/ss_hif/inst/pcie/inst/bd_39ab_pcie_0_gt_top_i/diablo_gt.diablo_gt_phy_wrapper/gt_wizard.gtwizard_top_i/bd_39ab_pcie_0_gt_i/inst/gen_gtwizard_gtye4_top.bd_39ab_pcie_0_gt_gtwizard_gtye4_inst/gen_gtwizard_gtye4.gen_cpll_cal_gtye4.gen_cpll_cal_inst[13].gen_inst_cpll_cal.gtwizard_ultrascale_v1_7_12_gtye4_cpll_cal_inst/gtwizard_ultrascale_v1_7_12_gtye4_cpll_cal_tx_i/bufg_gt_txoutclkmon_inst' is LOCed to site 'BUFG_GT_X1Y191'. Using a LOC constraint to assign the placement of a Global Clock Buffer can result in sub-optimal placement results.
Resolution: Remove the LOC constraint and use the CLOCK_REGION constraint to assign a Global Clock Buffer to a CLOCK_REGION.
WARNING: [Constraints 18-4434] Global Clock Buffer 'level0_i/blp/blp_i/ss_hif/inst/pcie/inst/bd_39ab_pcie_0_gt_top_i/diablo_gt.diablo_gt_phy_wrapper/gt_wizard.gtwizard_top_i/bd_39ab_pcie_0_gt_i/inst/gen_gtwizard_gtye4_top.bd_39ab_pcie_0_gt_gtwizard_gtye4_inst/gen_gtwizard_gtye4.gen_cpll_cal_gtye4.gen_cpll_cal_inst[14].gen_inst_cpll_cal.gtwizard_ultrascale_v1_7_12_gtye4_cpll_cal_inst/gtwizard_ultrascale_v1_7_12_gtye4_cpll_cal_tx_i/bufg_gt_txoutclkmon_inst' is LOCed to site 'BUFG_GT_X1Y183'. Using a LOC constraint to assign the placement of a Global Clock Buffer can result in sub-optimal placement results.
Resolution: Remove the LOC constraint and use the CLOCK_REGION constraint to assign a Global Clock Buffer to a CLOCK_REGION.
WARNING: [Constraints 18-4434] Global Clock Buffer 'level0_i/blp/blp_i/ss_hif/inst/pcie/inst/bd_39ab_pcie_0_gt_top_i/diablo_gt.diablo_gt_phy_wrapper/gt_wizard.gtwizard_top_i/bd_39ab_pcie_0_gt_i/inst/gen_gtwizard_gtye4_top.bd_39ab_pcie_0_gt_gtwizard_gtye4_inst/gen_gtwizard_gtye4.gen_cpll_cal_gtye4.gen_cpll_cal_inst[15].gen_inst_cpll_cal.gtwizard_ultrascale_v1_7_12_gtye4_cpll_cal_inst/gtwizard_ultrascale_v1_7_12_gtye4_cpll_cal_tx_i/bufg_gt_txoutclkmon_inst' is LOCed to site 'BUFG_GT_X1Y173'. Using a LOC constraint to assign the placement of a Global Clock Buffer can result in sub-optimal placement results.
Resolution: Remove the LOC constraint and use the CLOCK_REGION constraint to assign a Global Clock Buffer to a CLOCK_REGION.
WARNING: [Constraints 18-4434] Global Clock Buffer 'level0_i/blp/blp_i/ss_hif/inst/pcie/inst/bd_39ab_pcie_0_gt_top_i/diablo_gt.diablo_gt_phy_wrapper/gt_wizard.gtwizard_top_i/bd_39ab_pcie_0_gt_i/inst/gen_gtwizard_gtye4_top.bd_39ab_pcie_0_gt_gtwizard_gtye4_inst/gen_gtwizard_gtye4.gen_cpll_cal_gtye4.gen_cpll_cal_inst[1].gen_inst_cpll_cal.gtwizard_ultrascale_v1_7_12_gtye4_cpll_cal_inst/gtwizard_ultrascale_v1_7_12_gtye4_cpll_cal_tx_i/bufg_gt_txoutclkmon_inst' is LOCed to site 'BUFG_GT_X1Y102'. Using a LOC constraint to assign the placement of a Global Clock Buffer can result in sub-optimal placement results.
Resolution: Remove the LOC constraint and use the CLOCK_REGION constraint to assign a Global Clock Buffer to a CLOCK_REGION.
WARNING: [Constraints 18-4434] Global Clock Buffer 'level0_i/blp/blp_i/ss_hif/inst/pcie/inst/bd_39ab_pcie_0_gt_top_i/diablo_gt.diablo_gt_phy_wrapper/gt_wizard.gtwizard_top_i/bd_39ab_pcie_0_gt_i/inst/gen_gtwizard_gtye4_top.bd_39ab_pcie_0_gt_gtwizard_gtye4_inst/gen_gtwizard_gtye4.gen_cpll_cal_gtye4.gen_cpll_cal_inst[2].gen_inst_cpll_cal.gtwizard_ultrascale_v1_7_12_gtye4_cpll_cal_inst/gtwizard_ultrascale_v1_7_12_gtye4_cpll_cal_tx_i/bufg_gt_txoutclkmon_inst' is LOCed to site 'BUFG_GT_X1Y119'. Using a LOC constraint to assign the placement of a Global Clock Buffer can result in sub-optimal placement results.
Resolution: Remove the LOC constraint and use the CLOCK_REGION constraint to assign a Global Clock Buffer to a CLOCK_REGION.
WARNING: [Constraints 18-4434] Global Clock Buffer 'level0_i/blp/blp_i/ss_hif/inst/pcie/inst/bd_39ab_pcie_0_gt_top_i/diablo_gt.diablo_gt_phy_wrapper/gt_wizard.gtwizard_top_i/bd_39ab_pcie_0_gt_i/inst/gen_gtwizard_gtye4_top.bd_39ab_pcie_0_gt_gtwizard_gtye4_inst/gen_gtwizard_gtye4.gen_cpll_cal_gtye4.gen_cpll_cal_inst[3].gen_inst_cpll_cal.gtwizard_ultrascale_v1_7_12_gtye4_cpll_cal_inst/gtwizard_ultrascale_v1_7_12_gtye4_cpll_cal_tx_i/bufg_gt_txoutclkmon_inst' is LOCed to site 'BUFG_GT_X1Y111'. Using a LOC constraint to assign the placement of a Global Clock Buffer can result in sub-optimal placement results.
Resolution: Remove the LOC constraint and use the CLOCK_REGION constraint to assign a Global Clock Buffer to a CLOCK_REGION.
WARNING: [Constraints 18-4434] Global Clock Buffer 'level0_i/blp/blp_i/ss_hif/inst/pcie/inst/bd_39ab_pcie_0_gt_top_i/diablo_gt.diablo_gt_phy_wrapper/gt_wizard.gtwizard_top_i/bd_39ab_pcie_0_gt_i/inst/gen_gtwizard_gtye4_top.bd_39ab_pcie_0_gt_gtwizard_gtye4_inst/gen_gtwizard_gtye4.gen_cpll_cal_gtye4.gen_cpll_cal_inst[4].gen_inst_cpll_cal.gtwizard_ultrascale_v1_7_12_gtye4_cpll_cal_inst/gtwizard_ultrascale_v1_7_12_gtye4_cpll_cal_tx_i/bufg_gt_txoutclkmon_inst' is LOCed to site 'BUFG_GT_X1Y126'. Using a LOC constraint to assign the placement of a Global Clock Buffer can result in sub-optimal placement results.
Resolution: Remove the LOC constraint and use the CLOCK_REGION constraint to assign a Global Clock Buffer to a CLOCK_REGION.
WARNING: [Constraints 18-4434] Global Clock Buffer 'level0_i/blp/blp_i/ss_hif/inst/pcie/inst/bd_39ab_pcie_0_gt_top_i/diablo_gt.diablo_gt_phy_wrapper/gt_wizard.gtwizard_top_i/bd_39ab_pcie_0_gt_i/inst/gen_gtwizard_gtye4_top.bd_39ab_pcie_0_gt_gtwizard_gtye4_inst/gen_gtwizard_gtye4.gen_cpll_cal_gtye4.gen_cpll_cal_inst[5].gen_inst_cpll_cal.gtwizard_ultrascale_v1_7_12_gtye4_cpll_cal_inst/gtwizard_ultrascale_v1_7_12_gtye4_cpll_cal_tx_i/bufg_gt_txoutclkmon_inst' is LOCed to site 'BUFG_GT_X1Y137'. Using a LOC constraint to assign the placement of a Global Clock Buffer can result in sub-optimal placement results.
Resolution: Remove the LOC constraint and use the CLOCK_REGION constraint to assign a Global Clock Buffer to a CLOCK_REGION.
WARNING: [Constraints 18-4434] Global Clock Buffer 'level0_i/blp/blp_i/ss_hif/inst/pcie/inst/bd_39ab_pcie_0_gt_top_i/diablo_gt.diablo_gt_phy_wrapper/gt_wizard.gtwizard_top_i/bd_39ab_pcie_0_gt_i/inst/gen_gtwizard_gtye4_top.bd_39ab_pcie_0_gt_gtwizard_gtye4_inst/gen_gtwizard_gtye4.gen_cpll_cal_gtye4.gen_cpll_cal_inst[6].gen_inst_cpll_cal.gtwizard_ultrascale_v1_7_12_gtye4_cpll_cal_inst/gtwizard_ultrascale_v1_7_12_gtye4_cpll_cal_tx_i/bufg_gt_txoutclkmon_inst' is LOCed to site 'BUFG_GT_X1Y143'. Using a LOC constraint to assign the placement of a Global Clock Buffer can result in sub-optimal placement results.
Resolution: Remove the LOC constraint and use the CLOCK_REGION constraint to assign a Global Clock Buffer to a CLOCK_REGION.
WARNING: [Constraints 18-4434] Global Clock Buffer 'level0_i/blp/blp_i/ss_hif/inst/pcie/inst/bd_39ab_pcie_0_gt_top_i/diablo_gt.diablo_gt_phy_wrapper/gt_wizard.gtwizard_top_i/bd_39ab_pcie_0_gt_i/inst/gen_gtwizard_gtye4_top.bd_39ab_pcie_0_gt_gtwizard_gtye4_inst/gen_gtwizard_gtye4.gen_cpll_cal_gtye4.gen_cpll_cal_inst[7].gen_inst_cpll_cal.gtwizard_ultrascale_v1_7_12_gtye4_cpll_cal_inst/gtwizard_ultrascale_v1_7_12_gtye4_cpll_cal_tx_i/bufg_gt_txoutclkmon_inst' is LOCed to site 'BUFG_GT_X1Y135'. Using a LOC constraint to assign the placement of a Global Clock Buffer can result in sub-optimal placement results.
Resolution: Remove the LOC constraint and use the CLOCK_REGION constraint to assign a Global Clock Buffer to a CLOCK_REGION.
WARNING: [Constraints 18-4434] Global Clock Buffer 'level0_i/blp/blp_i/ss_hif/inst/pcie/inst/bd_39ab_pcie_0_gt_top_i/diablo_gt.diablo_gt_phy_wrapper/gt_wizard.gtwizard_top_i/bd_39ab_pcie_0_gt_i/inst/gen_gtwizard_gtye4_top.bd_39ab_pcie_0_gt_gtwizard_gtye4_inst/gen_gtwizard_gtye4.gen_cpll_cal_gtye4.gen_cpll_cal_inst[8].gen_inst_cpll_cal.gtwizard_ultrascale_v1_7_12_gtye4_cpll_cal_inst/gtwizard_ultrascale_v1_7_12_gtye4_cpll_cal_tx_i/bufg_gt_txoutclkmon_inst' is LOCed to site 'BUFG_GT_X1Y160'. Using a LOC constraint to assign the placement of a Global Clock Buffer can result in sub-optimal placement results.
Resolution: Remove the LOC constraint and use the CLOCK_REGION constraint to assign a Global Clock Buffer to a CLOCK_REGION.
WARNING: [Constraints 18-4434] Global Clock Buffer 'level0_i/blp/blp_i/ss_hif/inst/pcie/inst/bd_39ab_pcie_0_gt_top_i/diablo_gt.diablo_gt_phy_wrapper/gt_wizard.gtwizard_top_i/bd_39ab_pcie_0_gt_i/inst/gen_gtwizard_gtye4_top.bd_39ab_pcie_0_gt_gtwizard_gtye4_inst/gen_gtwizard_gtye4.gen_cpll_cal_gtye4.gen_cpll_cal_inst[9].gen_inst_cpll_cal.gtwizard_ultrascale_v1_7_12_gtye4_cpll_cal_inst/gtwizard_ultrascale_v1_7_12_gtye4_cpll_cal_tx_i/bufg_gt_txoutclkmon_inst' is LOCed to site 'BUFG_GT_X1Y153'. Using a LOC constraint to assign the placement of a Global Clock Buffer can result in sub-optimal placement results.
Resolution: Remove the LOC constraint and use the CLOCK_REGION constraint to assign a Global Clock Buffer to a CLOCK_REGION.
WARNING: [Constraints 18-4434] Global Clock Buffer 'level0_i/blp/blp_i/ss_hif/inst/pcie/inst/bd_39ab_pcie_0_gt_top_i/diablo_gt.diablo_gt_phy_wrapper/phy_clk_i/bufg_gt_coreclk' is LOCed to site 'BUFG_GT_X1Y181'. Using a LOC constraint to assign the placement of a Global Clock Buffer can result in sub-optimal placement results.
Resolution: Remove the LOC constraint and use the CLOCK_REGION constraint to assign a Global Clock Buffer to a CLOCK_REGION.
WARNING: [Constraints 18-4434] Global Clock Buffer 'level0_i/blp/blp_i/ss_hif/inst/pcie/inst/bd_39ab_pcie_0_gt_top_i/diablo_gt.diablo_gt_phy_wrapper/phy_clk_i/bufg_gt_intclk' is LOCed to site 'BUFG_GT_X1Y180'. Using a LOC constraint to assign the placement of a Global Clock Buffer can result in sub-optimal placement results.
Resolution: Remove the LOC constraint and use the CLOCK_REGION constraint to assign a Global Clock Buffer to a CLOCK_REGION.
WARNING: [Constraints 18-4434] Global Clock Buffer 'level0_i/blp/blp_i/ss_hif/inst/pcie/inst/bd_39ab_pcie_0_gt_top_i/diablo_gt.diablo_gt_phy_wrapper/phy_clk_i/bufg_gt_mcapclk' is LOCed to site 'BUFG_GT_X1Y190'. Using a LOC constraint to assign the placement of a Global Clock Buffer can result in sub-optimal placement results.
Resolution: Remove the LOC constraint and use the CLOCK_REGION constraint to assign a Global Clock Buffer to a CLOCK_REGION.
WARNING: [Constraints 18-4434] Global Clock Buffer 'level0_i/blp/blp_i/ss_hif/inst/pcie/inst/bd_39ab_pcie_0_gt_top_i/diablo_gt.diablo_gt_phy_wrapper/phy_clk_i/bufg_gt_pclk' is LOCed to site 'BUFG_GT_X1Y189'. Using a LOC constraint to assign the placement of a Global Clock Buffer can result in sub-optimal placement results.
Resolution: Remove the LOC constraint and use the CLOCK_REGION constraint to assign a Global Clock Buffer to a CLOCK_REGION.
WARNING: [Constraints 18-4434] Global Clock Buffer 'level0_i/blp/blp_i/ss_hif/inst/pcie/inst/bd_39ab_pcie_0_gt_top_i/diablo_gt.diablo_gt_phy_wrapper/phy_clk_i/bufg_gt_userclk' is LOCed to site 'BUFG_GT_X1Y186'. Using a LOC constraint to assign the placement of a Global Clock Buffer can result in sub-optimal placement results.
Resolution: Remove the LOC constraint and use the CLOCK_REGION constraint to assign a Global Clock Buffer to a CLOCK_REGION.
WARNING: [Constraints 18-4434] Global Clock Buffer 'level0_i/level1/level1_i/plp/clk_wiz_ddr4/inst/clkout1_buf' is LOCed to site 'BUFGCE_X0Y156'. Using a LOC constraint to assign the placement of a Global Clock Buffer can result in sub-optimal placement results.
Resolution: Remove the LOC constraint and use the CLOCK_REGION constraint to assign a Global Clock Buffer to a CLOCK_REGION.
Parsing XDC File [/home/devsounio/cs6_chained_taylor41_20260804/xclbin-build10/_x_link/link/vivado/vpl/prj/prj.gen/my_rm/bd/ulp/ip/ulp_ii_level1_wire_0/bd_0/ip/ip_7/bd_1860_s_ip_axi_ctrl_mgmt_00_0_clocks.xdc] for cell 'level0_i/level1/level1_i/ulp/ii_level1_wire/inst/pxi_ii_core/inst/s_ip_axi_ctrl_mgmt_00/inst'
Finished Parsing XDC File [/home/devsounio/cs6_chained_taylor41_20260804/xclbin-build10/_x_link/link/vivado/vpl/prj/prj.gen/my_rm/bd/ulp/ip/ulp_ii_level1_wire_0/bd_0/ip/ip_7/bd_1860_s_ip_axi_ctrl_mgmt_00_0_clocks.xdc] for cell 'level0_i/level1/level1_i/ulp/ii_level1_wire/inst/pxi_ii_core/inst/s_ip_axi_ctrl_mgmt_00/inst'
Parsing XDC File [/home/devsounio/cs6_chained_taylor41_20260804/xclbin-build10/_x_link/link/vivado/vpl/prj/prj.gen/my_rm/bd/ulp/ip/ulp_ii_level1_wire_0/bd_0/ip/ip_8/bd_1860_m_ip_axi_ctrl_mgmt_00_0_clocks.xdc] for cell 'level0_i/level1/level1_i/ulp/ii_level1_wire/inst/pxi_ii_core/inst/m_ip_axi_ctrl_mgmt_00/inst'
Finished Parsing XDC File [/home/devsounio/cs6_chained_taylor41_20260804/xclbin-build10/_x_link/link/vivado/vpl/prj/prj.gen/my_rm/bd/ulp/ip/ulp_ii_level1_wire_0/bd_0/ip/ip_8/bd_1860_m_ip_axi_ctrl_mgmt_00_0_clocks.xdc] for cell 'level0_i/level1/level1_i/ulp/ii_level1_wire/inst/pxi_ii_core/inst/m_ip_axi_ctrl_mgmt_00/inst'
Parsing XDC File [/home/devsounio/cs6_chained_taylor41_20260804/xclbin-build10/_x_link/link/vivado/vpl/prj/prj.gen/my_rm/bd/ulp/ip/ulp_ii_level1_wire_0/bd_0/ip/ip_9/bd_1860_s_ip_axi_ctrl_mgmt_01_0_clocks.xdc] for cell 'level0_i/level1/level1_i/ulp/ii_level1_wire/inst/pxi_ii_core/inst/s_ip_axi_ctrl_mgmt_01/inst'
Finished Parsing XDC File [/home/devsounio/cs6_chained_taylor41_20260804/xclbin-build10/_x_link/link/vivado/vpl/prj/prj.gen/my_rm/bd/ulp/ip/ulp_ii_level1_wire_0/bd_0/ip/ip_9/bd_1860_s_ip_axi_ctrl_mgmt_01_0_clocks.xdc] for cell 'level0_i/level1/level1_i/ulp/ii_level1_wire/inst/pxi_ii_core/inst/s_ip_axi_ctrl_mgmt_01/inst'
Parsing XDC File [/home/devsounio/cs6_chained_taylor41_20260804/xclbin-build10/_x_link/link/vivado/vpl/prj/prj.gen/my_rm/bd/ulp/ip/ulp_ii_level1_wire_0/bd_0/ip/ip_10/bd_1860_m_ip_axi_ctrl_mgmt_01_0_clocks.xdc] for cell 'level0_i/level1/level1_i/ulp/ii_level1_wire/inst/pxi_ii_core/inst/m_ip_axi_ctrl_mgmt_01/inst'
Finished Parsing XDC File [/home/devsounio/cs6_chained_taylor41_20260804/xclbin-build10/_x_link/link/vivado/vpl/prj/prj.gen/my_rm/bd/ulp/ip/ulp_ii_level1_wire_0/bd_0/ip/ip_10/bd_1860_m_ip_axi_ctrl_mgmt_01_0_clocks.xdc] for cell 'level0_i/level1/level1_i/ulp/ii_level1_wire/inst/pxi_ii_core/inst/m_ip_axi_ctrl_mgmt_01/inst'
Parsing XDC File [/home/devsounio/cs6_chained_taylor41_20260804/xclbin-build10/_x_link/link/vivado/vpl/prj/prj.gen/my_rm/bd/ulp/ip/ulp_ii_level1_wire_0/bd_0/ip/ip_11/bd_1860_s_ip_axi_ctrl_user_00_0_clocks.xdc] for cell 'level0_i/level1/level1_i/ulp/ii_level1_wire/inst/pxi_ii_core/inst/s_ip_axi_ctrl_user_00/inst'
Finished Parsing XDC File [/home/devsounio/cs6_chained_taylor41_20260804/xclbin-build10/_x_link/link/vivado/vpl/prj/prj.gen/my_rm/bd/ulp/ip/ulp_ii_level1_wire_0/bd_0/ip/ip_11/bd_1860_s_ip_axi_ctrl_user_00_0_clocks.xdc] for cell 'level0_i/level1/level1_i/ulp/ii_level1_wire/inst/pxi_ii_core/inst/s_ip_axi_ctrl_user_00/inst'
Parsing XDC File [/home/devsounio/cs6_chained_taylor41_20260804/xclbin-build10/_x_link/link/vivado/vpl/prj/prj.gen/my_rm/bd/ulp/ip/ulp_ii_level1_wire_0/bd_0/ip/ip_12/bd_1860_m_ip_axi_ctrl_user_00_0_clocks.xdc] for cell 'level0_i/level1/level1_i/ulp/ii_level1_wire/inst/pxi_ii_core/inst/m_ip_axi_ctrl_user_00/inst'
Finished Parsing XDC File [/home/devsounio/cs6_chained_taylor41_20260804/xclbin-build10/_x_link/link/vivado/vpl/prj/prj.gen/my_rm/bd/ulp/ip/ulp_ii_level1_wire_0/bd_0/ip/ip_12/bd_1860_m_ip_axi_ctrl_user_00_0_clocks.xdc] for cell 'level0_i/level1/level1_i/ulp/ii_level1_wire/inst/pxi_ii_core/inst/m_ip_axi_ctrl_user_00/inst'
Parsing XDC File [/home/devsounio/cs6_chained_taylor41_20260804/xclbin-build10/_x_link/link/vivado/vpl/prj/prj.gen/my_rm/bd/ulp/ip/ulp_ii_level1_wire_0/bd_0/ip/ip_13/bd_1860_s_ip_axi_ctrl_user_01_0_clocks.xdc] for cell 'level0_i/level1/level1_i/ulp/ii_level1_wire/inst/pxi_ii_core/inst/s_ip_axi_ctrl_user_01/inst'
Finished Parsing XDC File [/home/devsounio/cs6_chained_taylor41_20260804/xclbin-build10/_x_link/link/vivado/vpl/prj/prj.gen/my_rm/bd/ulp/ip/ulp_ii_level1_wire_0/bd_0/ip/ip_13/bd_1860_s_ip_axi_ctrl_user_01_0_clocks.xdc] for cell 'level0_i/level1/level1_i/ulp/ii_level1_wire/inst/pxi_ii_core/inst/s_ip_axi_ctrl_user_01/inst'
Parsing XDC File [/home/devsounio/cs6_chained_taylor41_20260804/xclbin-build10/_x_link/link/vivado/vpl/prj/prj.gen/my_rm/bd/ulp/ip/ulp_ii_level1_wire_0/bd_0/ip/ip_14/bd_1860_m_ip_axi_ctrl_user_01_0_clocks.xdc] for cell 'level0_i/level1/level1_i/ulp/ii_level1_wire/inst/pxi_ii_core/inst/m_ip_axi_ctrl_user_01/inst'
Finished Parsing XDC File [/home/devsounio/cs6_chained_taylor41_20260804/xclbin-build10/_x_link/link/vivado/vpl/prj/prj.gen/my_rm/bd/ulp/ip/ulp_ii_level1_wire_0/bd_0/ip/ip_14/bd_1860_m_ip_axi_ctrl_user_01_0_clocks.xdc] for cell 'level0_i/level1/level1_i/ulp/ii_level1_wire/inst/pxi_ii_core/inst/m_ip_axi_ctrl_user_01/inst'
Parsing XDC File [/home/devsounio/cs6_chained_taylor41_20260804/xclbin-build10/_x_link/link/vivado/vpl/prj/prj.gen/my_rm/bd/ulp/ip/ulp_ii_level1_wire_0/bd_0/ip/ip_15/bd_1860_s_ip_axi_ctrl_user_02_0_clocks.xdc] for cell 'level0_i/level1/level1_i/ulp/ii_level1_wire/inst/pxi_ii_core/inst/s_ip_axi_ctrl_user_02/inst'
Finished Parsing XDC File [/home/devsounio/cs6_chained_taylor41_20260804/xclbin-build10/_x_link/link/vivado/vpl/prj/prj.gen/my_rm/bd/ulp/ip/ulp_ii_level1_wire_0/bd_0/ip/ip_15/bd_1860_s_ip_axi_ctrl_user_02_0_clocks.xdc] for cell 'level0_i/level1/level1_i/ulp/ii_level1_wire/inst/pxi_ii_core/inst/s_ip_axi_ctrl_user_02/inst'
Parsing XDC File [/home/devsounio/cs6_chained_taylor41_20260804/xclbin-build10/_x_link/link/vivado/vpl/prj/prj.gen/my_rm/bd/ulp/ip/ulp_ii_level1_wire_0/bd_0/ip/ip_16/bd_1860_m_ip_axi_ctrl_user_02_0_clocks.xdc] for cell 'level0_i/level1/level1_i/ulp/ii_level1_wire/inst/pxi_ii_core/inst/m_ip_axi_ctrl_user_02/inst'
Finished Parsing XDC File [/home/devsounio/cs6_chained_taylor41_20260804/xclbin-build10/_x_link/link/vivado/vpl/prj/prj.gen/my_rm/bd/ulp/ip/ulp_ii_level1_wire_0/bd_0/ip/ip_16/bd_1860_m_ip_axi_ctrl_user_02_0_clocks.xdc] for cell 'level0_i/level1/level1_i/ulp/ii_level1_wire/inst/pxi_ii_core/inst/m_ip_axi_ctrl_user_02/inst'
Parsing XDC File [/home/devsounio/cs6_chained_taylor41_20260804/xclbin-build10/_x_link/link/vivado/vpl/prj/prj.gen/my_rm/bd/ulp/ip/ulp_ii_level1_wire_0/bd_0/ip/ip_17/bd_1860_s_ip_axi_ctrl_user_03_0_clocks.xdc] for cell 'level0_i/level1/level1_i/ulp/ii_level1_wire/inst/pxi_ii_core/inst/s_ip_axi_ctrl_user_03/inst'
Finished Parsing XDC File [/home/devsounio/cs6_chained_taylor41_20260804/xclbin-build10/_x_link/link/vivado/vpl/prj/prj.gen/my_rm/bd/ulp/ip/ulp_ii_level1_wire_0/bd_0/ip/ip_17/bd_1860_s_ip_axi_ctrl_user_03_0_clocks.xdc] for cell 'level0_i/level1/level1_i/ulp/ii_level1_wire/inst/pxi_ii_core/inst/s_ip_axi_ctrl_user_03/inst'
Parsing XDC File [/home/devsounio/cs6_chained_taylor41_20260804/xclbin-build10/_x_link/link/vivado/vpl/prj/prj.gen/my_rm/bd/ulp/ip/ulp_ii_level1_wire_0/bd_0/ip/ip_18/bd_1860_m_ip_axi_ctrl_user_03_0_clocks.xdc] for cell 'level0_i/level1/level1_i/ulp/ii_level1_wire/inst/pxi_ii_core/inst/m_ip_axi_ctrl_user_03/inst'
Finished Parsing XDC File [/home/devsounio/cs6_chained_taylor41_20260804/xclbin-build10/_x_link/link/vivado/vpl/prj/prj.gen/my_rm/bd/ulp/ip/ulp_ii_level1_wire_0/bd_0/ip/ip_18/bd_1860_m_ip_axi_ctrl_user_03_0_clocks.xdc] for cell 'level0_i/level1/level1_i/ulp/ii_level1_wire/inst/pxi_ii_core/inst/m_ip_axi_ctrl_user_03/inst'
Parsing XDC File [/home/devsounio/cs6_chained_taylor41_20260804/xclbin-build10/_x_link/link/vivado/vpl/prj/prj.gen/my_rm/bd/ulp/ip/ulp_ii_level1_wire_0/bd_0/ip/ip_19/bd_1860_s_ip_axi_ctrl_user_debug_00_0_clocks.xdc] for cell 'level0_i/level1/level1_i/ulp/ii_level1_wire/inst/pxi_ii_core/inst/s_ip_axi_ctrl_user_debug_00/inst'
Finished Parsing XDC File [/home/devsounio/cs6_chained_taylor41_20260804/xclbin-build10/_x_link/link/vivado/vpl/prj/prj.gen/my_rm/bd/ulp/ip/ulp_ii_level1_wire_0/bd_0/ip/ip_19/bd_1860_s_ip_axi_ctrl_user_debug_00_0_clocks.xdc] for cell 'level0_i/level1/level1_i/ulp/ii_level1_wire/inst/pxi_ii_core/inst/s_ip_axi_ctrl_user_debug_00/inst'
Parsing XDC File [/home/devsounio/cs6_chained_taylor41_20260804/xclbin-build10/_x_link/link/vivado/vpl/prj/prj.gen/my_rm/bd/ulp/ip/ulp_ii_level1_wire_0/bd_0/ip/ip_20/bd_1860_m_ip_axi_ctrl_user_debug_00_0_clocks.xdc] for cell 'level0_i/level1/level1_i/ulp/ii_level1_wire/inst/pxi_ii_core/inst/m_ip_axi_ctrl_user_debug_00/inst'
Finished Parsing XDC File [/home/devsounio/cs6_chained_taylor41_20260804/xclbin-build10/_x_link/link/vivado/vpl/prj/prj.gen/my_rm/bd/ulp/ip/ulp_ii_level1_wire_0/bd_0/ip/ip_20/bd_1860_m_ip_axi_ctrl_user_debug_00_0_clocks.xdc] for cell 'level0_i/level1/level1_i/ulp/ii_level1_wire/inst/pxi_ii_core/inst/m_ip_axi_ctrl_user_debug_00/inst'
Parsing XDC File [/home/devsounio/cs6_chained_taylor41_20260804/xclbin-build10/_x_link/link/vivado/vpl/prj/prj.gen/my_rm/bd/ulp/ip/ulp_ii_level1_wire_0/bd_0/ip/ip_21/bd_1860_s_ip_axi_data_c2h_00_0_clocks.xdc] for cell 'level0_i/level1/level1_i/ulp/ii_level1_wire/inst/pxi_ii_core/inst/s_ip_axi_data_c2h_00/inst'
Finished Parsing XDC File [/home/devsounio/cs6_chained_taylor41_20260804/xclbin-build10/_x_link/link/vivado/vpl/prj/prj.gen/my_rm/bd/ulp/ip/ulp_ii_level1_wire_0/bd_0/ip/ip_21/bd_1860_s_ip_axi_data_c2h_00_0_clocks.xdc] for cell 'level0_i/level1/level1_i/ulp/ii_level1_wire/inst/pxi_ii_core/inst/s_ip_axi_data_c2h_00/inst'
Parsing XDC File [/home/devsounio/cs6_chained_taylor41_20260804/xclbin-build10/_x_link/link/vivado/vpl/prj/prj.gen/my_rm/bd/ulp/ip/ulp_ii_level1_wire_0/bd_0/ip/ip_22/bd_1860_m_ip_axi_data_c2h_00_0_clocks.xdc] for cell 'level0_i/level1/level1_i/ulp/ii_level1_wire/inst/pxi_ii_core/inst/m_ip_axi_data_c2h_00/inst'
Finished Parsing XDC File [/home/devsounio/cs6_chained_taylor41_20260804/xclbin-build10/_x_link/link/vivado/vpl/prj/prj.gen/my_rm/bd/ulp/ip/ulp_ii_level1_wire_0/bd_0/ip/ip_22/bd_1860_m_ip_axi_data_c2h_00_0_clocks.xdc] for cell 'level0_i/level1/level1_i/ulp/ii_level1_wire/inst/pxi_ii_core/inst/m_ip_axi_data_c2h_00/inst'
Parsing XDC File [/home/devsounio/cs6_chained_taylor41_20260804/xclbin-build10/_x_link/link/vivado/vpl/prj/prj.gen/my_rm/bd/ulp/ip/ulp_ii_level1_wire_0/bd_0/ip/ip_23/bd_1860_s_ip_axi_data_h2c_00_0_clocks.xdc] for cell 'level0_i/level1/level1_i/ulp/ii_level1_wire/inst/pxi_ii_core/inst/s_ip_axi_data_h2c_00/inst'
Finished Parsing XDC File [/home/devsounio/cs6_chained_taylor41_20260804/xclbin-build10/_x_link/link/vivado/vpl/prj/prj.gen/my_rm/bd/ulp/ip/ulp_ii_level1_wire_0/bd_0/ip/ip_23/bd_1860_s_ip_axi_data_h2c_00_0_clocks.xdc] for cell 'level0_i/level1/level1_i/ulp/ii_level1_wire/inst/pxi_ii_core/inst/s_ip_axi_data_h2c_00/inst'
Parsing XDC File [/home/devsounio/cs6_chained_taylor41_20260804/xclbin-build10/_x_link/link/vivado/vpl/prj/prj.gen/my_rm/bd/ulp/ip/ulp_ii_level1_wire_0/bd_0/ip/ip_24/bd_1860_m_ip_axi_data_h2c_00_0_clocks.xdc] for cell 'level0_i/level1/level1_i/ulp/ii_level1_wire/inst/pxi_ii_core/inst/m_ip_axi_data_h2c_00/inst'
Finished Parsing XDC File [/home/devsounio/cs6_chained_taylor41_20260804/xclbin-build10/_x_link/link/vivado/vpl/prj/prj.gen/my_rm/bd/ulp/ip/ulp_ii_level1_wire_0/bd_0/ip/ip_24/bd_1860_m_ip_axi_data_h2c_00_0_clocks.xdc] for cell 'level0_i/level1/level1_i/ulp/ii_level1_wire/inst/pxi_ii_core/inst/m_ip_axi_data_h2c_00/inst'
Parsing XDC File [/home/devsounio/cs6_chained_taylor41_20260804/xclbin-build10/_x_link/link/vivado/vpl/prj/prj.gen/my_rm/bd/ulp/ip/ulp_ii_level1_wire_0/bd_0/ip/ip_25/bd_1860_s_ip_axi_data_h2c_01_0_clocks.xdc] for cell 'level0_i/level1/level1_i/ulp/ii_level1_wire/inst/pxi_ii_core/inst/s_ip_axi_data_h2c_01/inst'
Finished Parsing XDC File [/home/devsounio/cs6_chained_taylor41_20260804/xclbin-build10/_x_link/link/vivado/vpl/prj/prj.gen/my_rm/bd/ulp/ip/ulp_ii_level1_wire_0/bd_0/ip/ip_25/bd_1860_s_ip_axi_data_h2c_01_0_clocks.xdc] for cell 'level0_i/level1/level1_i/ulp/ii_level1_wire/inst/pxi_ii_core/inst/s_ip_axi_data_h2c_01/inst'
Parsing XDC File [/home/devsounio/cs6_chained_taylor41_20260804/xclbin-build10/_x_link/link/vivado/vpl/prj/prj.gen/my_rm/bd/ulp/ip/ulp_ii_level1_wire_0/bd_0/ip/ip_26/bd_1860_m_ip_axi_data_h2c_01_0_clocks.xdc] for cell 'level0_i/level1/level1_i/ulp/ii_level1_wire/inst/pxi_ii_core/inst/m_ip_axi_data_h2c_01/inst'
Finished Parsing XDC File [/home/devsounio/cs6_chained_taylor41_20260804/xclbin-build10/_x_link/link/vivado/vpl/prj/prj.gen/my_rm/bd/ulp/ip/ulp_ii_level1_wire_0/bd_0/ip/ip_26/bd_1860_m_ip_axi_data_h2c_01_0_clocks.xdc] for cell 'level0_i/level1/level1_i/ulp/ii_level1_wire/inst/pxi_ii_core/inst/m_ip_axi_data_h2c_01/inst'
Parsing XDC File [/home/devsounio/cs6_chained_taylor41_20260804/xclbin-build10/_x_link/link/vivado/vpl/prj/prj.gen/my_rm/bd/ulp/ip/ulp_ii_level1_wire_0/bd_0/ip/ip_27/bd_1860_s_ip_axi_data_h2c_02_0_clocks.xdc] for cell 'level0_i/level1/level1_i/ulp/ii_level1_wire/inst/pxi_ii_core/inst/s_ip_axi_data_h2c_02/inst'
Finished Parsing XDC File [/home/devsounio/cs6_chained_taylor41_20260804/xclbin-build10/_x_link/link/vivado/vpl/prj/prj.gen/my_rm/bd/ulp/ip/ulp_ii_level1_wire_0/bd_0/ip/ip_27/bd_1860_s_ip_axi_data_h2c_02_0_clocks.xdc] for cell 'level0_i/level1/level1_i/ulp/ii_level1_wire/inst/pxi_ii_core/inst/s_ip_axi_data_h2c_02/inst'
Parsing XDC File [/home/devsounio/cs6_chained_taylor41_20260804/xclbin-build10/_x_link/link/vivado/vpl/prj/prj.gen/my_rm/bd/ulp/ip/ulp_ii_level1_wire_0/bd_0/ip/ip_28/bd_1860_m_ip_axi_data_h2c_02_0_clocks.xdc] for cell 'level0_i/level1/level1_i/ulp/ii_level1_wire/inst/pxi_ii_core/inst/m_ip_axi_data_h2c_02/inst'
Finished Parsing XDC File [/home/devsounio/cs6_chained_taylor41_20260804/xclbin-build10/_x_link/link/vivado/vpl/prj/prj.gen/my_rm/bd/ulp/ip/ulp_ii_level1_wire_0/bd_0/ip/ip_28/bd_1860_m_ip_axi_data_h2c_02_0_clocks.xdc] for cell 'level0_i/level1/level1_i/ulp/ii_level1_wire/inst/pxi_ii_core/inst/m_ip_axi_data_h2c_02/inst'
Parsing XDC File [/home/devsounio/cs6_chained_taylor41_20260804/xclbin-build10/_x_link/link/vivado/vpl/prj/prj.gen/my_rm/bd/ulp/ip/ulp_ii_level1_wire_0/bd_0/ip/ip_29/bd_1860_s_ip_axi_data_h2c_03_0_clocks.xdc] for cell 'level0_i/level1/level1_i/ulp/ii_level1_wire/inst/pxi_ii_core/inst/s_ip_axi_data_h2c_03/inst'
Finished Parsing XDC File [/home/devsounio/cs6_chained_taylor41_20260804/xclbin-build10/_x_link/link/vivado/vpl/prj/prj.gen/my_rm/bd/ulp/ip/ulp_ii_level1_wire_0/bd_0/ip/ip_29/bd_1860_s_ip_axi_data_h2c_03_0_clocks.xdc] for cell 'level0_i/level1/level1_i/ulp/ii_level1_wire/inst/pxi_ii_core/inst/s_ip_axi_data_h2c_03/inst'
Parsing XDC File [/home/devsounio/cs6_chained_taylor41_20260804/xclbin-build10/_x_link/link/vivado/vpl/prj/prj.gen/my_rm/bd/ulp/ip/ulp_ii_level1_wire_0/bd_0/ip/ip_30/bd_1860_m_ip_axi_data_h2c_03_0_clocks.xdc] for cell 'level0_i/level1/level1_i/ulp/ii_level1_wire/inst/pxi_ii_core/inst/m_ip_axi_data_h2c_03/inst'
Finished Parsing XDC File [/home/devsounio/cs6_chained_taylor41_20260804/xclbin-build10/_x_link/link/vivado/vpl/prj/prj.gen/my_rm/bd/ulp/ip/ulp_ii_level1_wire_0/bd_0/ip/ip_30/bd_1860_m_ip_axi_data_h2c_03_0_clocks.xdc] for cell 'level0_i/level1/level1_i/ulp/ii_level1_wire/inst/pxi_ii_core/inst/m_ip_axi_data_h2c_03/inst'
Parsing XDC File [/home/devsounio/cs6_chained_taylor41_20260804/xclbin-build10/_x_link/link/vivado/vpl/prj/prj.gen/my_rm/bd/ulp/ip/ulp_ii_level1_wire_0/bd_0/ip/ip_31/bd_1860_s_ip_axi_data_u2s_00_0_clocks.xdc] for cell 'level0_i/level1/level1_i/ulp/ii_level1_wire/inst/pxi_ii_core/inst/s_ip_axi_data_u2s_00/inst'
Finished Parsing XDC File [/home/devsounio/cs6_chained_taylor41_20260804/xclbin-build10/_x_link/link/vivado/vpl/prj/prj.gen/my_rm/bd/ulp/ip/ulp_ii_level1_wire_0/bd_0/ip/ip_31/bd_1860_s_ip_axi_data_u2s_00_0_clocks.xdc] for cell 'level0_i/level1/level1_i/ulp/ii_level1_wire/inst/pxi_ii_core/inst/s_ip_axi_data_u2s_00/inst'
Parsing XDC File [/home/devsounio/cs6_chained_taylor41_20260804/xclbin-build10/_x_link/link/vivado/vpl/prj/prj.gen/my_rm/bd/ulp/ip/ulp_ii_level1_wire_0/bd_0/ip/ip_32/bd_1860_m_ip_axi_data_u2s_00_0_clocks.xdc] for cell 'level0_i/level1/level1_i/ulp/ii_level1_wire/inst/pxi_ii_core/inst/m_ip_axi_data_u2s_00/inst'
Finished Parsing XDC File [/home/devsounio/cs6_chained_taylor41_20260804/xclbin-build10/_x_link/link/vivado/vpl/prj/prj.gen/my_rm/bd/ulp/ip/ulp_ii_level1_wire_0/bd_0/ip/ip_32/bd_1860_m_ip_axi_data_u2s_00_0_clocks.xdc] for cell 'level0_i/level1/level1_i/ulp/ii_level1_wire/inst/pxi_ii_core/inst/m_ip_axi_data_u2s_00/inst'
Parsing XDC File [/home/devsounio/cs6_chained_taylor41_20260804/xclbin-build10/_x_link/link/vivado/vpl/prj/prj.gen/my_rm/bd/ulp/ip/ulp_memory_subsystem_0/bd_0/ip/ip_0/bd_b35e_psr_aclk_SLR0_0_slr.xdc] for cell 'level0_i/level1/level1_i/ulp/memory_subsystem/inst/reset/psr_aclk_SLR0/U0'
INFO: [Vivado 12-3520] Assignment of 'ACTIVE_LOW_PR_OUT_DFF[0].FDRE_PER_N, BSR_OUT_DFF[0].FDRE_BSR, EXT_LPF, FDRE_inst, GND, PR_OUT_DFF[0].FDRE_PER, SEQ, VCC, and ACTIVE_LOW_BSR_OUT_DFF[0].FDRE_BSR_N' to a pblock 'pblock_dynamic_SLR0' means that all children of 'psr_aclk_SLR0' are in the pblock. Changing the pblock assignment to 'psr_aclk_SLR0'. [/home/devsounio/cs6_chained_taylor41_20260804/xclbin-build10/_x_link/link/vivado/vpl/prj/prj.gen/my_rm/bd/ulp/ip/ulp_memory_subsystem_0/bd_0/ip/ip_0/bd_b35e_psr_aclk_SLR0_0_slr.xdc:55]
Finished Parsing XDC File [/home/devsounio/cs6_chained_taylor41_20260804/xclbin-build10/_x_link/link/vivado/vpl/prj/prj.gen/my_rm/bd/ulp/ip/ulp_memory_subsystem_0/bd_0/ip/ip_0/bd_b35e_psr_aclk_SLR0_0_slr.xdc] for cell 'level0_i/level1/level1_i/ulp/memory_subsystem/inst/reset/psr_aclk_SLR0/U0'
Parsing XDC File [/home/devsounio/cs6_chained_taylor41_20260804/xclbin-build10/_x_link/link/vivado/vpl/prj/prj.gen/my_rm/bd/ulp/ip/ulp_memory_subsystem_0/bd_0/ip/ip_4/bd_b35e_psr_aclk1_SLR0_0_slr.xdc] for cell 'level0_i/level1/level1_i/ulp/memory_subsystem/inst/reset/psr_aclk1_SLR0/U0'
INFO: [Vivado 12-3520] Assignment of 'ACTIVE_LOW_BSR_OUT_DFF[0].FDRE_BSR_N, VCC, SEQ, PR_OUT_DFF[0].FDRE_PER, BSR_OUT_DFF[0].FDRE_BSR, EXT_LPF, FDRE_inst, GND, and ACTIVE_LOW_PR_OUT_DFF[0].FDRE_PER_N' to a pblock 'pblock_dynamic_SLR0' means that all children of 'psr_aclk1_SLR0' are in the pblock. Changing the pblock assignment to 'psr_aclk1_SLR0'. [/home/devsounio/cs6_chained_taylor41_20260804/xclbin-build10/_x_link/link/vivado/vpl/prj/prj.gen/my_rm/bd/ulp/ip/ulp_memory_subsystem_0/bd_0/ip/ip_4/bd_b35e_psr_aclk1_SLR0_0_slr.xdc:55]
Finished Parsing XDC File [/home/devsounio/cs6_chained_taylor41_20260804/xclbin-build10/_x_link/link/vivado/vpl/prj/prj.gen/my_rm/bd/ulp/ip/ulp_memory_subsystem_0/bd_0/ip/ip_4/bd_b35e_psr_aclk1_SLR0_0_slr.xdc] for cell 'level0_i/level1/level1_i/ulp/memory_subsystem/inst/reset/psr_aclk1_SLR0/U0'
Parsing XDC File [/home/devsounio/cs6_chained_taylor41_20260804/xclbin-build10/_x_link/link/vivado/vpl/prj/prj.gen/my_rm/bd/ulp/ip/ulp_memory_subsystem_0/bd_0/ip/ip_5/bd_b35e_psr_aclk1_SLR1_0_slr.xdc] for cell 'level0_i/level1/level1_i/ulp/memory_subsystem/inst/reset/psr_aclk1_SLR1/U0'
INFO: [Vivado 12-3520] Assignment of 'ACTIVE_LOW_BSR_OUT_DFF[0].FDRE_BSR_N, BSR_OUT_DFF[0].FDRE_BSR, FDRE_inst, EXT_LPF, GND, PR_OUT_DFF[0].FDRE_PER, SEQ, VCC, and ACTIVE_LOW_PR_OUT_DFF[0].FDRE_PER_N' to a pblock 'pblock_dynamic_SLR1' means that all children of 'psr_aclk1_SLR1' are in the pblock. Changing the pblock assignment to 'psr_aclk1_SLR1'. [/home/devsounio/cs6_chained_taylor41_20260804/xclbin-build10/_x_link/link/vivado/vpl/prj/prj.gen/my_rm/bd/ulp/ip/ulp_memory_subsystem_0/bd_0/ip/ip_5/bd_b35e_psr_aclk1_SLR1_0_slr.xdc:55]
Finished Parsing XDC File [/home/devsounio/cs6_chained_taylor41_20260804/xclbin-build10/_x_link/link/vivado/vpl/prj/prj.gen/my_rm/bd/ulp/ip/ulp_memory_subsystem_0/bd_0/ip/ip_5/bd_b35e_psr_aclk1_SLR1_0_slr.xdc] for cell 'level0_i/level1/level1_i/ulp/memory_subsystem/inst/reset/psr_aclk1_SLR1/U0'
Parsing XDC File [/home/devsounio/cs6_chained_taylor41_20260804/xclbin-build10/_x_link/link/vivado/vpl/prj/prj.gen/my_rm/bd/ulp/ip/ulp_memory_subsystem_0/bd_0/ip/ip_13/bd_b35e_psr_aclk3_SLR1_0_slr.xdc] for cell 'level0_i/level1/level1_i/ulp/memory_subsystem/inst/reset/psr_aclk3_SLR1/U0'
INFO: [Vivado 12-3520] Assignment of 'ACTIVE_LOW_BSR_OUT_DFF[0].FDRE_BSR_N, PR_OUT_DFF[0].FDRE_PER, VCC, SEQ, ACTIVE_LOW_PR_OUT_DFF[0].FDRE_PER_N, BSR_OUT_DFF[0].FDRE_BSR, EXT_LPF, FDRE_inst, and GND' to a pblock 'pblock_dynamic_SLR1' means that all children of 'psr_aclk3_SLR1' are in the pblock. Changing the pblock assignment to 'psr_aclk3_SLR1'. [/home/devsounio/cs6_chained_taylor41_20260804/xclbin-build10/_x_link/link/vivado/vpl/prj/prj.gen/my_rm/bd/ulp/ip/ulp_memory_subsystem_0/bd_0/ip/ip_13/bd_b35e_psr_aclk3_SLR1_0_slr.xdc:55]
Finished Parsing XDC File [/home/devsounio/cs6_chained_taylor41_20260804/xclbin-build10/_x_link/link/vivado/vpl/prj/prj.gen/my_rm/bd/ulp/ip/ulp_memory_subsystem_0/bd_0/ip/ip_13/bd_b35e_psr_aclk3_SLR1_0_slr.xdc] for cell 'level0_i/level1/level1_i/ulp/memory_subsystem/inst/reset/psr_aclk3_SLR1/U0'
Parsing XDC File [/home/devsounio/cs6_chained_taylor41_20260804/xclbin-build10/_x_link/link/vivado/vpl/prj/prj.gen/my_rm/bd/ulp/ip/ulp_memory_subsystem_0/bd_0/ip/ip_35/bd_b35e_rs_M00_AXI_0_clocks.xdc] for cell 'level0_i/level1/level1_i/ulp/memory_subsystem/inst/interconnect/rs_m00_axi/inst'
Finished Parsing XDC File [/home/devsounio/cs6_chained_taylor41_20260804/xclbin-build10/_x_link/link/vivado/vpl/prj/prj.gen/my_rm/bd/ulp/ip/ulp_memory_subsystem_0/bd_0/ip/ip_35/bd_b35e_rs_M00_AXI_0_clocks.xdc] for cell 'level0_i/level1/level1_i/ulp/memory_subsystem/inst/interconnect/rs_m00_axi/inst'
Parsing XDC File [/home/devsounio/cs6_chained_taylor41_20260804/xclbin-build10/_x_link/link/vivado/vpl/prj/prj.gen/my_rm/bd/ulp/ip/ulp_memory_subsystem_0/bd_0/ip/ip_19/bd_b35e_ddr4_mem00_0_board.xdc] for cell 'level0_i/level1/level1_i/ulp/memory_subsystem/inst/memory/ddr4_mem00/inst'
Finished Parsing XDC File [/home/devsounio/cs6_chained_taylor41_20260804/xclbin-build10/_x_link/link/vivado/vpl/prj/prj.gen/my_rm/bd/ulp/ip/ulp_memory_subsystem_0/bd_0/ip/ip_19/bd_b35e_ddr4_mem00_0_board.xdc] for cell 'level0_i/level1/level1_i/ulp/memory_subsystem/inst/memory/ddr4_mem00/inst'
Parsing XDC File [/home/devsounio/cs6_chained_taylor41_20260804/xclbin-build10/_x_link/link/vivado/vpl/prj/prj.gen/my_rm/bd/ulp/ip/ulp_memory_subsystem_0/bd_0/ip/ip_21/bd_b35e_ddr4_mem00_ctrl_cc_0_clocks.xdc] for cell 'level0_i/level1/level1_i/ulp/memory_subsystem/inst/memory/ddr4_mem00_ctrl_cc/inst'
Finished Parsing XDC File [/home/devsounio/cs6_chained_taylor41_20260804/xclbin-build10/_x_link/link/vivado/vpl/prj/prj.gen/my_rm/bd/ulp/ip/ulp_memory_subsystem_0/bd_0/ip/ip_21/bd_b35e_ddr4_mem00_ctrl_cc_0_clocks.xdc] for cell 'level0_i/level1/level1_i/ulp/memory_subsystem/inst/memory/ddr4_mem00_ctrl_cc/inst'
Parsing XDC File [/home/devsounio/cs6_chained_taylor41_20260804/xclbin-build10/_x_link/link/vivado/vpl/prj/prj.gen/my_rm/bd/ulp/ip/ulp_memory_subsystem_0/ulp_memory_subsystem_0.xdc] for cell 'level0_i/level1/level1_i/ulp/memory_subsystem/inst'
WARNING: [Vivado 12-156] No cells matched 'interconnect/interconnect_ddr4_mem00/inst/s01_nodes/s01_aw_node/inst/inst_si_handler' [/home/devsounio/cs6_chained_taylor41_20260804/xclbin-build10/_x_link/link/vivado/vpl/prj/prj.gen/my_rm/bd/ulp/ip/ulp_memory_subsystem_0/ulp_memory_subsystem_0.xdc:116]
WARNING: [Vivado 12-156] No cells matched 'interconnect/interconnect_ddr4_mem00/inst/s01_nodes/s01_w_node/inst/inst_si_handler' [/home/devsounio/cs6_chained_taylor41_20260804/xclbin-build10/_x_link/link/vivado/vpl/prj/prj.gen/my_rm/bd/ulp/ip/ulp_memory_subsystem_0/ulp_memory_subsystem_0.xdc:116]
WARNING: [Vivado 12-156] No cells matched 'interconnect/interconnect_ddr4_mem00/inst/s01_nodes/s01_b_node/inst/inst_mi_handler' [/home/devsounio/cs6_chained_taylor41_20260804/xclbin-build10/_x_link/link/vivado/vpl/prj/prj.gen/my_rm/bd/ulp/ip/ulp_memory_subsystem_0/ulp_memory_subsystem_0.xdc:116]
WARNING: [Vivado 12-156] No cells matched 'interconnect/interconnect_ddr4_mem00/inst/s01_nodes/s01_aw_node/inst/inst_mi_handler' [/home/devsounio/cs6_chained_taylor41_20260804/xclbin-build10/_x_link/link/vivado/vpl/prj/prj.gen/my_rm/bd/ulp/ip/ulp_memory_subsystem_0/ulp_memory_subsystem_0.xdc:129]
WARNING: [Vivado 12-156] No cells matched 'interconnect/interconnect_ddr4_mem00/inst/s01_nodes/s01_w_node/inst/inst_mi_handler' [/home/devsounio/cs6_chained_taylor41_20260804/xclbin-build10/_x_link/link/vivado/vpl/prj/prj.gen/my_rm/bd/ulp/ip/ulp_memory_subsystem_0/ulp_memory_subsystem_0.xdc:129]
WARNING: [Vivado 12-156] No cells matched 'interconnect/interconnect_ddr4_mem00/inst/s01_nodes/s01_b_node/inst/inst_si_handler' [/home/devsounio/cs6_chained_taylor41_20260804/xclbin-build10/_x_link/link/vivado/vpl/prj/prj.gen/my_rm/bd/ulp/ip/ulp_memory_subsystem_0/ulp_memory_subsystem_0.xdc:129]
WARNING: [Vivado 12-156] No cells matched 'interconnect/interconnect_m00_axi_mem00/inst/s01_nodes/s01_ar_node/inst/inst_si_handler' [/home/devsounio/cs6_chained_taylor41_20260804/xclbin-build10/_x_link/link/vivado/vpl/prj/prj.gen/my_rm/bd/ulp/ip/ulp_memory_subsystem_0/ulp_memory_subsystem_0.xdc:191]
WARNING: [Vivado 12-156] No cells matched 'interconnect/interconnect_m00_axi_mem00/inst/s01_nodes/s01_r_node/inst/inst_mi_handler' [/home/devsounio/cs6_chained_taylor41_20260804/xclbin-build10/_x_link/link/vivado/vpl/prj/prj.gen/my_rm/bd/ulp/ip/ulp_memory_subsystem_0/ulp_memory_subsystem_0.xdc:191]
WARNING: [Vivado 12-156] No cells matched 'interconnect/interconnect_m00_axi_mem00/inst/s01_nodes/s01_ar_node/inst/inst_mi_handler' [/home/devsounio/cs6_chained_taylor41_20260804/xclbin-build10/_x_link/link/vivado/vpl/prj/prj.gen/my_rm/bd/ulp/ip/ulp_memory_subsystem_0/ulp_memory_subsystem_0.xdc:204]
WARNING: [Vivado 12-156] No cells matched 'interconnect/interconnect_m00_axi_mem00/inst/s01_nodes/s01_r_node/inst/inst_si_handler' [/home/devsounio/cs6_chained_taylor41_20260804/xclbin-build10/_x_link/link/vivado/vpl/prj/prj.gen/my_rm/bd/ulp/ip/ulp_memory_subsystem_0/ulp_memory_subsystem_0.xdc:204]
Finished Parsing XDC File [/home/devsounio/cs6_chained_taylor41_20260804/xclbin-build10/_x_link/link/vivado/vpl/prj/prj.gen/my_rm/bd/ulp/ip/ulp_memory_subsystem_0/ulp_memory_subsystem_0.xdc] for cell 'level0_i/level1/level1_i/ulp/memory_subsystem/inst'
Parsing XDC File [/home/devsounio/cs6_chained_taylor41_20260804/xclbin-build10/_x_link/link/vivado/vpl/prj/prj.gen/my_rm/bd/ulp/ip/ulp_ss_ucs_0/bd_0/ip/ip_111/bd_1361_axi_ic_ctrl_mgmt_freq_imp_auto_cc_0_clocks.xdc] for cell 'level0_i/level1/level1_i/ulp/ss_ucs/inst/frequency_counters/axi_ic_ctrl_mgmt_freq/s00_couplers/auto_cc/inst'
Finished Parsing XDC File [/home/devsounio/cs6_chained_taylor41_20260804/xclbin-build10/_x_link/link/vivado/vpl/prj/prj.gen/my_rm/bd/ulp/ip/ulp_ss_ucs_0/bd_0/ip/ip_111/bd_1361_axi_ic_ctrl_mgmt_freq_imp_auto_cc_0_clocks.xdc] for cell 'level0_i/level1/level1_i/ulp/ss_ucs/inst/frequency_counters/axi_ic_ctrl_mgmt_freq/s00_couplers/auto_cc/inst'
Parsing XDC File [/home/devsounio/cs6_chained_taylor41_20260804/xclbin-build10/_x_link/link/vivado/vpl/prj/prj.gen/my_rm/bd/ulp/ip/ulp_ss_ucs_0/bd_0/ip/ip_65/bd_1361_clkwiz_aclk_kernel_00_0_late.xdc] for cell 'level0_i/level1/level1_i/ulp/ss_ucs/inst/aclk_kernel_00_hierarchy/clkwiz_aclk_kernel_00/inst'
Finished Parsing XDC File [/home/devsounio/cs6_chained_taylor41_20260804/xclbin-build10/_x_link/link/vivado/vpl/prj/prj.gen/my_rm/bd/ulp/ip/ulp_ss_ucs_0/bd_0/ip/ip_65/bd_1361_clkwiz_aclk_kernel_00_0_late.xdc] for cell 'level0_i/level1/level1_i/ulp/ss_ucs/inst/aclk_kernel_00_hierarchy/clkwiz_aclk_kernel_00/inst'
Parsing XDC File [/home/devsounio/cs6_chained_taylor41_20260804/xclbin-build10/_x_link/link/vivado/vpl/prj/prj.gen/my_rm/bd/ulp/ip/ulp_ss_ucs_0/bd_0/ip/ip_66/bd_1361_clock_throttling_aclk_kernel_00_0.xdc] for cell 'level0_i/level1/level1_i/ulp/ss_ucs/inst/aclk_kernel_00_hierarchy/clock_throttling_aclk_kernel_00/U0'
Finished Parsing XDC File [/home/devsounio/cs6_chained_taylor41_20260804/xclbin-build10/_x_link/link/vivado/vpl/prj/prj.gen/my_rm/bd/ulp/ip/ulp_ss_ucs_0/bd_0/ip/ip_66/bd_1361_clock_throttling_aclk_kernel_00_0.xdc] for cell 'level0_i/level1/level1_i/ulp/ss_ucs/inst/aclk_kernel_00_hierarchy/clock_throttling_aclk_kernel_00/U0'
Parsing XDC File [/home/devsounio/cs6_chained_taylor41_20260804/xclbin-build10/_x_link/link/vivado/vpl/prj/prj.gen/my_rm/bd/ulp/ip/ulp_ss_ucs_0/bd_0/ip/ip_89/bd_1361_clkwiz_aclk_kernel_01_0_late.xdc] for cell 'level0_i/level1/level1_i/ulp/ss_ucs/inst/aclk_kernel_01_hierarchy/clkwiz_aclk_kernel_01/inst'
Finished Parsing XDC File [/home/devsounio/cs6_chained_taylor41_20260804/xclbin-build10/_x_link/link/vivado/vpl/prj/prj.gen/my_rm/bd/ulp/ip/ulp_ss_ucs_0/bd_0/ip/ip_89/bd_1361_clkwiz_aclk_kernel_01_0_late.xdc] for cell 'level0_i/level1/level1_i/ulp/ss_ucs/inst/aclk_kernel_01_hierarchy/clkwiz_aclk_kernel_01/inst'
Parsing XDC File [/home/devsounio/cs6_chained_taylor41_20260804/xclbin-build10/_x_link/link/vivado/vpl/prj/prj.gen/my_rm/bd/ulp/ip/ulp_ss_ucs_0/bd_0/ip/ip_90/bd_1361_clock_throttling_aclk_kernel_01_0.xdc] for cell 'level0_i/level1/level1_i/ulp/ss_ucs/inst/aclk_kernel_01_hierarchy/clock_throttling_aclk_kernel_01/U0'
Finished Parsing XDC File [/home/devsounio/cs6_chained_taylor41_20260804/xclbin-build10/_x_link/link/vivado/vpl/prj/prj.gen/my_rm/bd/ulp/ip/ulp_ss_ucs_0/bd_0/ip/ip_90/bd_1361_clock_throttling_aclk_kernel_01_0.xdc] for cell 'level0_i/level1/level1_i/ulp/ss_ucs/inst/aclk_kernel_01_hierarchy/clock_throttling_aclk_kernel_01/U0'
Parsing XDC File [/home/devsounio/cs6_chained_taylor41_20260804/xclbin-build10/_x_link/link/vivado/vpl/prj/prj.gen/my_rm/bd/ulp/ip/ulp_ss_ucs_0/ulp_ss_ucs_0.xdc] for cell 'level0_i/level1/level1_i/ulp/ss_ucs/inst'
Finished Parsing XDC File [/home/devsounio/cs6_chained_taylor41_20260804/xclbin-build10/_x_link/link/vivado/vpl/prj/prj.gen/my_rm/bd/ulp/ip/ulp_ss_ucs_0/ulp_ss_ucs_0.xdc] for cell 'level0_i/level1/level1_i/ulp/ss_ucs/inst'
Parsing XDC File [/home/devsounio/cs6_chained_taylor41_20260804/xclbin-build10/_x_link/link/vivado/vpl/prj/prj.gen/my_rm/bd/ulp/ip/ulp_ip_cc_axi_data_h2c_00_0/ulp_ip_cc_axi_data_h2c_00_0_clocks.xdc] for cell 'level0_i/level1/level1_i/ulp/ip_cc_axi_data_h2c_00/inst'
WARNING: [Vivado_Tcl 4-2057] Waiver ID 'LUTAR-1' object list specifies likely unusable hierarchical instance 'level0_i/level1/level1_i/ulp/ip_cc_axi_data_h2c_00/inst/gen_clock_conv.gen_async_conv.asyncfifo_axi'. [/home/devsounio/cs6_chained_taylor41_20260804/xclbin-build10/_x_link/link/vivado/vpl/prj/prj.gen/my_rm/bd/ulp/ip/ulp_ip_cc_axi_data_h2c_00_0/ulp_ip_cc_axi_data_h2c_00_0_clocks.xdc:30]
Finished Parsing XDC File [/home/devsounio/cs6_chained_taylor41_20260804/xclbin-build10/_x_link/link/vivado/vpl/prj/prj.gen/my_rm/bd/ulp/ip/ulp_ip_cc_axi_data_h2c_00_0/ulp_ip_cc_axi_data_h2c_00_0_clocks.xdc] for cell 'level0_i/level1/level1_i/ulp/ip_cc_axi_data_h2c_00/inst'
Parsing XDC File [/home/devsounio/cs6_chained_taylor41_20260804/xclbin-build10/_x_link/link/vivado/vpl/prj/prj.gen/my_rm/bd/ulp/ip/ulp_ip_cc_axi_data_h2c_00_0/ulp_ip_cc_axi_data_h2c_00_0_slr.xdc] for cell 'level0_i/level1/level1_i/ulp/ip_cc_axi_data_h2c_00/inst'
INFO: [Vivado 12-3520] Assignment of 'gen_clock_conv.gen_async_conv.asyncfifo_axi, VCC, GND, and gen_clock_conv.gen_async_conv.asyncfifo_axi_i_1' to a pblock 'pblock_dynamic_SLR0' means that all children of 'inst' are in the pblock. Changing the pblock assignment to 'inst'. [/home/devsounio/cs6_chained_taylor41_20260804/xclbin-build10/_x_link/link/vivado/vpl/prj/prj.gen/my_rm/bd/ulp/ip/ulp_ip_cc_axi_data_h2c_00_0/ulp_ip_cc_axi_data_h2c_00_0_slr.xdc:55]
Finished Parsing XDC File [/home/devsounio/cs6_chained_taylor41_20260804/xclbin-build10/_x_link/link/vivado/vpl/prj/prj.gen/my_rm/bd/ulp/ip/ulp_ip_cc_axi_data_h2c_00_0/ulp_ip_cc_axi_data_h2c_00_0_slr.xdc] for cell 'level0_i/level1/level1_i/ulp/ip_cc_axi_data_h2c_00/inst'
Parsing XDC File [/home/devsounio/cs6_chained_taylor41_20260804/xclbin-build10/_x_link/link/vivado/vpl/prj/prj.gen/my_rm/bd/ulp/ip/ulp_ip_cc_axi_data_h2c_01_0/ulp_ip_cc_axi_data_h2c_01_0_clocks.xdc] for cell 'level0_i/level1/level1_i/ulp/ip_cc_axi_data_h2c_01/inst'
WARNING: [Vivado_Tcl 4-2057] Waiver ID 'LUTAR-1' object list specifies likely unusable hierarchical instance 'level0_i/level1/level1_i/ulp/ip_cc_axi_data_h2c_01/inst/gen_clock_conv.gen_async_conv.asyncfifo_axi'. [/home/devsounio/cs6_chained_taylor41_20260804/xclbin-build10/_x_link/link/vivado/vpl/prj/prj.gen/my_rm/bd/ulp/ip/ulp_ip_cc_axi_data_h2c_01_0/ulp_ip_cc_axi_data_h2c_01_0_clocks.xdc:30]
Finished Parsing XDC File [/home/devsounio/cs6_chained_taylor41_20260804/xclbin-build10/_x_link/link/vivado/vpl/prj/prj.gen/my_rm/bd/ulp/ip/ulp_ip_cc_axi_data_h2c_01_0/ulp_ip_cc_axi_data_h2c_01_0_clocks.xdc] for cell 'level0_i/level1/level1_i/ulp/ip_cc_axi_data_h2c_01/inst'
Parsing XDC File [/home/devsounio/cs6_chained_taylor41_20260804/xclbin-build10/_x_link/link/vivado/vpl/prj/prj.gen/my_rm/bd/ulp/ip/ulp_ip_cc_axi_data_h2c_01_0/ulp_ip_cc_axi_data_h2c_01_0_slr.xdc] for cell 'level0_i/level1/level1_i/ulp/ip_cc_axi_data_h2c_01/inst'
INFO: [Vivado 12-3520] Assignment of 'gen_clock_conv.gen_async_conv.asyncfifo_axi, VCC, GND, and gen_clock_conv.gen_async_conv.asyncfifo_axi_i_1' to a pblock 'pblock_dynamic_SLR1' means that all children of 'inst' are in the pblock. Changing the pblock assignment to 'inst'. [/home/devsounio/cs6_chained_taylor41_20260804/xclbin-build10/_x_link/link/vivado/vpl/prj/prj.gen/my_rm/bd/ulp/ip/ulp_ip_cc_axi_data_h2c_01_0/ulp_ip_cc_axi_data_h2c_01_0_slr.xdc:55]
Finished Parsing XDC File [/home/devsounio/cs6_chained_taylor41_20260804/xclbin-build10/_x_link/link/vivado/vpl/prj/prj.gen/my_rm/bd/ulp/ip/ulp_ip_cc_axi_data_h2c_01_0/ulp_ip_cc_axi_data_h2c_01_0_slr.xdc] for cell 'level0_i/level1/level1_i/ulp/ip_cc_axi_data_h2c_01/inst'
Parsing XDC File [/home/devsounio/cs6_chained_taylor41_20260804/xclbin-build10/_x_link/link/vivado/vpl/prj/prj.gen/my_rm/bd/ulp/ip/ulp_ip_cc_axi_data_h2c_02_0/ulp_ip_cc_axi_data_h2c_02_0_clocks.xdc] for cell 'level0_i/level1/level1_i/ulp/ip_cc_axi_data_h2c_02/inst'
WARNING: [Vivado_Tcl 4-2057] Waiver ID 'LUTAR-1' object list specifies likely unusable hierarchical instance 'level0_i/level1/level1_i/ulp/ip_cc_axi_data_h2c_02/inst/gen_clock_conv.gen_async_conv.asyncfifo_axi'. [/home/devsounio/cs6_chained_taylor41_20260804/xclbin-build10/_x_link/link/vivado/vpl/prj/prj.gen/my_rm/bd/ulp/ip/ulp_ip_cc_axi_data_h2c_02_0/ulp_ip_cc_axi_data_h2c_02_0_clocks.xdc:30]
Finished Parsing XDC File [/home/devsounio/cs6_chained_taylor41_20260804/xclbin-build10/_x_link/link/vivado/vpl/prj/prj.gen/my_rm/bd/ulp/ip/ulp_ip_cc_axi_data_h2c_02_0/ulp_ip_cc_axi_data_h2c_02_0_clocks.xdc] for cell 'level0_i/level1/level1_i/ulp/ip_cc_axi_data_h2c_02/inst'
Parsing XDC File [/home/devsounio/cs6_chained_taylor41_20260804/xclbin-build10/_x_link/link/vivado/vpl/prj/prj.gen/my_rm/bd/ulp/ip/ulp_ip_cc_axi_data_h2c_02_0/ulp_ip_cc_axi_data_h2c_02_0_slr.xdc] for cell 'level0_i/level1/level1_i/ulp/ip_cc_axi_data_h2c_02/inst'
INFO: [Vivado 12-3520] Assignment of 'gen_clock_conv.gen_async_conv.asyncfifo_axi, VCC, GND, and gen_clock_conv.gen_async_conv.asyncfifo_axi_i_1' to a pblock 'pblock_dynamic_SLR2' means that all children of 'inst' are in the pblock. Changing the pblock assignment to 'inst'. [/home/devsounio/cs6_chained_taylor41_20260804/xclbin-build10/_x_link/link/vivado/vpl/prj/prj.gen/my_rm/bd/ulp/ip/ulp_ip_cc_axi_data_h2c_02_0/ulp_ip_cc_axi_data_h2c_02_0_slr.xdc:55]
Finished Parsing XDC File [/home/devsounio/cs6_chained_taylor41_20260804/xclbin-build10/_x_link/link/vivado/vpl/prj/prj.gen/my_rm/bd/ulp/ip/ulp_ip_cc_axi_data_h2c_02_0/ulp_ip_cc_axi_data_h2c_02_0_slr.xdc] for cell 'level0_i/level1/level1_i/ulp/ip_cc_axi_data_h2c_02/inst'
Parsing XDC File [/home/devsounio/cs6_chained_taylor41_20260804/xclbin-build10/_x_link/link/vivado/vpl/prj/prj.gen/my_rm/bd/ulp/ip/ulp_ip_cc_axi_data_h2c_03_0/ulp_ip_cc_axi_data_h2c_03_0_clocks.xdc] for cell 'level0_i/level1/level1_i/ulp/ip_cc_axi_data_h2c_03/inst'
WARNING: [Vivado_Tcl 4-2057] Waiver ID 'LUTAR-1' object list specifies likely unusable hierarchical instance 'level0_i/level1/level1_i/ulp/ip_cc_axi_data_h2c_03/inst/gen_clock_conv.gen_async_conv.asyncfifo_axi'. [/home/devsounio/cs6_chained_taylor41_20260804/xclbin-build10/_x_link/link/vivado/vpl/prj/prj.gen/my_rm/bd/ulp/ip/ulp_ip_cc_axi_data_h2c_03_0/ulp_ip_cc_axi_data_h2c_03_0_clocks.xdc:30]
Finished Parsing XDC File [/home/devsounio/cs6_chained_taylor41_20260804/xclbin-build10/_x_link/link/vivado/vpl/prj/prj.gen/my_rm/bd/ulp/ip/ulp_ip_cc_axi_data_h2c_03_0/ulp_ip_cc_axi_data_h2c_03_0_clocks.xdc] for cell 'level0_i/level1/level1_i/ulp/ip_cc_axi_data_h2c_03/inst'
Parsing XDC File [/home/devsounio/cs6_chained_taylor41_20260804/xclbin-build10/_x_link/link/vivado/vpl/prj/prj.gen/my_rm/bd/ulp/ip/ulp_ip_cc_axi_data_h2c_03_0/ulp_ip_cc_axi_data_h2c_03_0_slr.xdc] for cell 'level0_i/level1/level1_i/ulp/ip_cc_axi_data_h2c_03/inst'
INFO: [Vivado 12-3520] Assignment of 'gen_clock_conv.gen_async_conv.asyncfifo_axi, VCC, GND, and gen_clock_conv.gen_async_conv.asyncfifo_axi_i_1' to a pblock 'pblock_dynamic_SLR3' means that all children of 'inst' are in the pblock. Changing the pblock assignment to 'inst'. [/home/devsounio/cs6_chained_taylor41_20260804/xclbin-build10/_x_link/link/vivado/vpl/prj/prj.gen/my_rm/bd/ulp/ip/ulp_ip_cc_axi_data_h2c_03_0/ulp_ip_cc_axi_data_h2c_03_0_slr.xdc:55]
Finished Parsing XDC File [/home/devsounio/cs6_chained_taylor41_20260804/xclbin-build10/_x_link/link/vivado/vpl/prj/prj.gen/my_rm/bd/ulp/ip/ulp_ip_cc_axi_data_h2c_03_0/ulp_ip_cc_axi_data_h2c_03_0_slr.xdc] for cell 'level0_i/level1/level1_i/ulp/ip_cc_axi_data_h2c_03/inst'
Parsing XDC File [/home/devsounio/cs6_chained_taylor41_20260804/xclbin-build10/_x_link/link/vivado/vpl/prj/prj.gen/my_rm/bd/ulp/ip/ulp_ip_rs_axi_data_h2c_03_0/ulp_ip_rs_axi_data_h2c_03_0_clocks.xdc] for cell 'level0_i/level1/level1_i/ulp/ip_rs_axi_data_h2c_03/inst'
Finished Parsing XDC File [/home/devsounio/cs6_chained_taylor41_20260804/xclbin-build10/_x_link/link/vivado/vpl/prj/prj.gen/my_rm/bd/ulp/ip/ulp_ip_rs_axi_data_h2c_03_0/ulp_ip_rs_axi_data_h2c_03_0_clocks.xdc] for cell 'level0_i/level1/level1_i/ulp/ip_rs_axi_data_h2c_03/inst'
Parsing XDC File [/home/devsounio/cs6_chained_taylor41_20260804/xclbin-build10/_x_link/link/vivado/vpl/prj/prj.gen/my_rm/bd/ulp/ip/ulp_ip_rs_axi_ctrl_user_03_0/ulp_ip_rs_axi_ctrl_user_03_0_clocks.xdc] for cell 'level0_i/level1/level1_i/ulp/ip_rs_axi_ctrl_user_03/inst'
Finished Parsing XDC File [/home/devsounio/cs6_chained_taylor41_20260804/xclbin-build10/_x_link/link/vivado/vpl/prj/prj.gen/my_rm/bd/ulp/ip/ulp_ip_rs_axi_ctrl_user_03_0/ulp_ip_rs_axi_ctrl_user_03_0_clocks.xdc] for cell 'level0_i/level1/level1_i/ulp/ip_rs_axi_ctrl_user_03/inst'
Parsing XDC File [/home/devsounio/cs6_chained_taylor41_20260804/xclbin-build10/_x_link/link/vivado/vpl/prj/prj.gen/my_rm/bd/ulp/ip/ulp_ip_rs_axi_data_c2h_00_0/ulp_ip_rs_axi_data_c2h_00_0_clocks.xdc] for cell 'level0_i/level1/level1_i/ulp/ip_rs_axi_data_c2h_00/inst'
WARNING: [Vivado_Tcl 4-921] Waiver ID 'CDC-7' -to list should not be empty. [/home/devsounio/cs6_chained_taylor41_20260804/xclbin-build10/_x_link/link/vivado/vpl/prj/prj.gen/my_rm/bd/ulp/ip/ulp_ip_rs_axi_data_c2h_00_0/ulp_ip_rs_axi_data_c2h_00_0_clocks.xdc:12]
Finished Parsing XDC File [/home/devsounio/cs6_chained_taylor41_20260804/xclbin-build10/_x_link/link/vivado/vpl/prj/prj.gen/my_rm/bd/ulp/ip/ulp_ip_rs_axi_data_c2h_00_0/ulp_ip_rs_axi_data_c2h_00_0_clocks.xdc] for cell 'level0_i/level1/level1_i/ulp/ip_rs_axi_data_c2h_00/inst'
Parsing XDC File [/home/devsounio/cs6_chained_taylor41_20260804/xclbin-build10/_x_link/link/vivado/vpl/prj/prj.gen/my_rm/bd/ulp/ip/ulp_ict_axi_ctrl_mgmt_00_imp_s00_regslice_0/ulp_ict_axi_ctrl_mgmt_00_imp_s00_regslice_0_clocks.xdc] for cell 'level0_i/level1/level1_i/ulp/ict_axi_ctrl_mgmt_00/s00_couplers/s00_regslice/inst'
Finished Parsing XDC File [/home/devsounio/cs6_chained_taylor41_20260804/xclbin-build10/_x_link/link/vivado/vpl/prj/prj.gen/my_rm/bd/ulp/ip/ulp_ict_axi_ctrl_mgmt_00_imp_s00_regslice_0/ulp_ict_axi_ctrl_mgmt_00_imp_s00_regslice_0_clocks.xdc] for cell 'level0_i/level1/level1_i/ulp/ict_axi_ctrl_mgmt_00/s00_couplers/s00_regslice/inst'
Parsing XDC File [/home/devsounio/cs6_chained_taylor41_20260804/xclbin-build10/_x_link/link/vivado/vpl/prj/prj.gen/my_rm/bd/ulp/ip/ulp_ict_axi_ctrl_mgmt_01_imp_s00_regslice_0/ulp_ict_axi_ctrl_mgmt_01_imp_s00_regslice_0_clocks.xdc] for cell 'level0_i/level1/level1_i/ulp/ict_axi_ctrl_mgmt_01/s00_couplers/s00_regslice/inst'
Finished Parsing XDC File [/home/devsounio/cs6_chained_taylor41_20260804/xclbin-build10/_x_link/link/vivado/vpl/prj/prj.gen/my_rm/bd/ulp/ip/ulp_ict_axi_ctrl_mgmt_01_imp_s00_regslice_0/ulp_ict_axi_ctrl_mgmt_01_imp_s00_regslice_0_clocks.xdc] for cell 'level0_i/level1/level1_i/ulp/ict_axi_ctrl_mgmt_01/s00_couplers/s00_regslice/inst'
Parsing XDC File [/home/devsounio/cs6_chained_taylor41_20260804/xclbin-build10/_x_link/link/vivado/vpl/prj/prj.gen/my_rm/bd/ulp/ip/ulp_ict_axi_ctrl_mgmt_01_imp_m00_regslice_0/ulp_ict_axi_ctrl_mgmt_01_imp_m00_regslice_0_clocks.xdc] for cell 'level0_i/level1/level1_i/ulp/ict_axi_ctrl_mgmt_01/m00_couplers/m00_regslice/inst'
Finished Parsing XDC File [/home/devsounio/cs6_chained_taylor41_20260804/xclbin-build10/_x_link/link/vivado/vpl/prj/prj.gen/my_rm/bd/ulp/ip/ulp_ict_axi_ctrl_mgmt_01_imp_m00_regslice_0/ulp_ict_axi_ctrl_mgmt_01_imp_m00_regslice_0_clocks.xdc] for cell 'level0_i/level1/level1_i/ulp/ict_axi_ctrl_mgmt_01/m00_couplers/m00_regslice/inst'
Parsing XDC File [/home/devsounio/cs6_chained_taylor41_20260804/xclbin-build10/_x_link/link/vivado/vpl/prj/prj.gen/my_rm/bd/ulp/ip/ulp_ict_axi_ctrl_mgmt_01_imp_m01_regslice_0/ulp_ict_axi_ctrl_mgmt_01_imp_m01_regslice_0_clocks.xdc] for cell 'level0_i/level1/level1_i/ulp/ict_axi_ctrl_mgmt_01/m01_couplers/m01_regslice/inst'
Finished Parsing XDC File [/home/devsounio/cs6_chained_taylor41_20260804/xclbin-build10/_x_link/link/vivado/vpl/prj/prj.gen/my_rm/bd/ulp/ip/ulp_ict_axi_ctrl_mgmt_01_imp_m01_regslice_0/ulp_ict_axi_ctrl_mgmt_01_imp_m01_regslice_0_clocks.xdc] for cell 'level0_i/level1/level1_i/ulp/ict_axi_ctrl_mgmt_01/m01_couplers/m01_regslice/inst'
Parsing XDC File [/home/devsounio/cs6_chained_taylor41_20260804/xclbin-build10/_x_link/link/vivado/vpl/prj/prj.gen/my_rm/bd/ulp/ip/ulp_ict_axi_ctrl_mgmt_01_imp_m02_regslice_0/ulp_ict_axi_ctrl_mgmt_01_imp_m02_regslice_0_clocks.xdc] for cell 'level0_i/level1/level1_i/ulp/ict_axi_ctrl_mgmt_01/m02_couplers/m02_regslice/inst'
Finished Parsing XDC File [/home/devsounio/cs6_chained_taylor41_20260804/xclbin-build10/_x_link/link/vivado/vpl/prj/prj.gen/my_rm/bd/ulp/ip/ulp_ict_axi_ctrl_mgmt_01_imp_m02_regslice_0/ulp_ict_axi_ctrl_mgmt_01_imp_m02_regslice_0_clocks.xdc] for cell 'level0_i/level1/level1_i/ulp/ict_axi_ctrl_mgmt_01/m02_couplers/m02_regslice/inst'
Parsing XDC File [/home/devsounio/cs6_chained_taylor41_20260804/xclbin-build10/_x_link/link/vivado/vpl/prj/prj.gen/my_rm/bd/ulp/ip/ulp_ict_axi_ctrl_mgmt_01_imp_m03_regslice_0/ulp_ict_axi_ctrl_mgmt_01_imp_m03_regslice_0_clocks.xdc] for cell 'level0_i/level1/level1_i/ulp/ict_axi_ctrl_mgmt_01/m03_couplers/m03_regslice/inst'
Finished Parsing XDC File [/home/devsounio/cs6_chained_taylor41_20260804/xclbin-build10/_x_link/link/vivado/vpl/prj/prj.gen/my_rm/bd/ulp/ip/ulp_ict_axi_ctrl_mgmt_01_imp_m03_regslice_0/ulp_ict_axi_ctrl_mgmt_01_imp_m03_regslice_0_clocks.xdc] for cell 'level0_i/level1/level1_i/ulp/ict_axi_ctrl_mgmt_01/m03_couplers/m03_regslice/inst'
Parsing XDC File [/home/devsounio/cs6_chained_taylor41_20260804/xclbin-build10/_x_link/link/vivado/vpl/prj/prj.gen/my_rm/bd/ulp/ip/ulp_ict_axi_ctrl_user_00_imp_s00_regslice_0/ulp_ict_axi_ctrl_user_00_imp_s00_regslice_0_clocks.xdc] for cell 'level0_i/level1/level1_i/ulp/ict_axi_ctrl_user_00/s00_couplers/s00_regslice/inst'
Finished Parsing XDC File [/home/devsounio/cs6_chained_taylor41_20260804/xclbin-build10/_x_link/link/vivado/vpl/prj/prj.gen/my_rm/bd/ulp/ip/ulp_ict_axi_ctrl_user_00_imp_s00_regslice_0/ulp_ict_axi_ctrl_user_00_imp_s00_regslice_0_clocks.xdc] for cell 'level0_i/level1/level1_i/ulp/ict_axi_ctrl_user_00/s00_couplers/s00_regslice/inst'
Parsing XDC File [/home/devsounio/cs6_chained_taylor41_20260804/xclbin-build10/_x_link/link/vivado/vpl/prj/prj.gen/my_rm/bd/ulp/ip/ulp_ict_axi_ctrl_user_00_imp_m00_regslice_0/ulp_ict_axi_ctrl_user_00_imp_m00_regslice_0_clocks.xdc] for cell 'level0_i/level1/level1_i/ulp/ict_axi_ctrl_user_00/m00_couplers/m00_regslice/inst'
Finished Parsing XDC File [/home/devsounio/cs6_chained_taylor41_20260804/xclbin-build10/_x_link/link/vivado/vpl/prj/prj.gen/my_rm/bd/ulp/ip/ulp_ict_axi_ctrl_user_00_imp_m00_regslice_0/ulp_ict_axi_ctrl_user_00_imp_m00_regslice_0_clocks.xdc] for cell 'level0_i/level1/level1_i/ulp/ict_axi_ctrl_user_00/m00_couplers/m00_regslice/inst'
Parsing XDC File [/home/devsounio/cs6_chained_taylor41_20260804/xclbin-build10/_x_link/link/vivado/vpl/prj/prj.gen/my_rm/bd/ulp/ip/ulp_ict_axi_ctrl_user_00_imp_m01_regslice_0/ulp_ict_axi_ctrl_user_00_imp_m01_regslice_0_clocks.xdc] for cell 'level0_i/level1/level1_i/ulp/ict_axi_ctrl_user_00/m01_couplers/m01_regslice/inst'
Finished Parsing XDC File [/home/devsounio/cs6_chained_taylor41_20260804/xclbin-build10/_x_link/link/vivado/vpl/prj/prj.gen/my_rm/bd/ulp/ip/ulp_ict_axi_ctrl_user_00_imp_m01_regslice_0/ulp_ict_axi_ctrl_user_00_imp_m01_regslice_0_clocks.xdc] for cell 'level0_i/level1/level1_i/ulp/ict_axi_ctrl_user_00/m01_couplers/m01_regslice/inst'
Parsing XDC File [/home/devsounio/cs6_chained_taylor41_20260804/xclbin-build10/_x_link/link/vivado/vpl/prj/prj.gen/my_rm/bd/ulp/ip/ulp_ict_axi_ctrl_user_00_imp_auto_cc_0/ulp_ict_axi_ctrl_user_00_imp_auto_cc_0_clocks.xdc] for cell 'level0_i/level1/level1_i/ulp/ict_axi_ctrl_user_00/m01_couplers/auto_cc/inst'
Finished Parsing XDC File [/home/devsounio/cs6_chained_taylor41_20260804/xclbin-build10/_x_link/link/vivado/vpl/prj/prj.gen/my_rm/bd/ulp/ip/ulp_ict_axi_ctrl_user_00_imp_auto_cc_0/ulp_ict_axi_ctrl_user_00_imp_auto_cc_0_clocks.xdc] for cell 'level0_i/level1/level1_i/ulp/ict_axi_ctrl_user_00/m01_couplers/auto_cc/inst'
Parsing XDC File [/home/devsounio/cs6_chained_taylor41_20260804/xclbin-build10/_x_link/link/vivado/vpl/prj/prj.gen/my_rm/bd/ulp/ip/ulp_ict_axi_ctrl_user_01_imp_s00_regslice_0/ulp_ict_axi_ctrl_user_01_imp_s00_regslice_0_clocks.xdc] for cell 'level0_i/level1/level1_i/ulp/ict_axi_ctrl_user_01/s00_couplers/s00_regslice/inst'
Finished Parsing XDC File [/home/devsounio/cs6_chained_taylor41_20260804/xclbin-build10/_x_link/link/vivado/vpl/prj/prj.gen/my_rm/bd/ulp/ip/ulp_ict_axi_ctrl_user_01_imp_s00_regslice_0/ulp_ict_axi_ctrl_user_01_imp_s00_regslice_0_clocks.xdc] for cell 'level0_i/level1/level1_i/ulp/ict_axi_ctrl_user_01/s00_couplers/s00_regslice/inst'
Parsing XDC File [/home/devsounio/cs6_chained_taylor41_20260804/xclbin-build10/_x_link/link/vivado/vpl/prj/prj.gen/my_rm/bd/ulp/ip/ulp_ict_axi_ctrl_user_02_imp_s00_regslice_0/ulp_ict_axi_ctrl_user_02_imp_s00_regslice_0_clocks.xdc] for cell 'level0_i/level1/level1_i/ulp/ict_axi_ctrl_user_02/s00_couplers/s00_regslice/inst'
Finished Parsing XDC File [/home/devsounio/cs6_chained_taylor41_20260804/xclbin-build10/_x_link/link/vivado/vpl/prj/prj.gen/my_rm/bd/ulp/ip/ulp_ict_axi_ctrl_user_02_imp_s00_regslice_0/ulp_ict_axi_ctrl_user_02_imp_s00_regslice_0_clocks.xdc] for cell 'level0_i/level1/level1_i/ulp/ict_axi_ctrl_user_02/s00_couplers/s00_regslice/inst'
Parsing XDC File [/home/devsounio/cs6_chained_taylor41_20260804/xclbin-build10/_x_link/link/vivado/vpl/prj/prj.gen/my_rm/bd/ulp/ip/ulp_ict_axi_ctrl_user_03_imp_s00_regslice_0/ulp_ict_axi_ctrl_user_03_imp_s00_regslice_0_clocks.xdc] for cell 'level0_i/level1/level1_i/ulp/ict_axi_ctrl_user_03/s00_couplers/s00_regslice/inst'
Finished Parsing XDC File [/home/devsounio/cs6_chained_taylor41_20260804/xclbin-build10/_x_link/link/vivado/vpl/prj/prj.gen/my_rm/bd/ulp/ip/ulp_ict_axi_ctrl_user_03_imp_s00_regslice_0/ulp_ict_axi_ctrl_user_03_imp_s00_regslice_0_clocks.xdc] for cell 'level0_i/level1/level1_i/ulp/ict_axi_ctrl_user_03/s00_couplers/s00_regslice/inst'
Parsing XDC File [/home/devsounio/cs6_chained_taylor41_20260804/xclbin-build10/_x_link/link/vivado/vpl/prj/prj.gen/my_rm/bd/ulp/ip/ulp_ict_axi_ctrl_user_debug_00_imp_s00_regslice_0/ulp_ict_axi_ctrl_user_debug_00_imp_s00_regslice_0_clocks.xdc] for cell 'level0_i/level1/level1_i/ulp/ict_axi_ctrl_user_debug_00/s00_couplers/s00_regslice/inst'
Finished Parsing XDC File [/home/devsounio/cs6_chained_taylor41_20260804/xclbin-build10/_x_link/link/vivado/vpl/prj/prj.gen/my_rm/bd/ulp/ip/ulp_ict_axi_ctrl_user_debug_00_imp_s00_regslice_0/ulp_ict_axi_ctrl_user_debug_00_imp_s00_regslice_0_clocks.xdc] for cell 'level0_i/level1/level1_i/ulp/ict_axi_ctrl_user_debug_00/s00_couplers/s00_regslice/inst'
Parsing XDC File [/home/devsounio/cs6_chained_taylor41_20260804/xclbin-build10/_x_link/link/vivado/vpl/prj/prj.gen/my_rm/bd/ulp/ip/ulp_shell_cmp_subsystem_0_0/bd_1/ip/ip_0/constraints/axi_jtag.xdc] for cell 'level0_i/level1/level1_i/ulp/shell_cmp_subsystem_0/inst/user_debug_bridge/inst/axi_jtag/inst'
Finished Parsing XDC File [/home/devsounio/cs6_chained_taylor41_20260804/xclbin-build10/_x_link/link/vivado/vpl/prj/prj.gen/my_rm/bd/ulp/ip/ulp_shell_cmp_subsystem_0_0/bd_1/ip/ip_0/constraints/axi_jtag.xdc] for cell 'level0_i/level1/level1_i/ulp/shell_cmp_subsystem_0/inst/user_debug_bridge/inst/axi_jtag/inst'
Parsing XDC File [/home/devsounio/cs6_chained_taylor41_20260804/xclbin-build10/_x_link/link/vivado/vpl/prj/prj.gen/my_rm/bd/ulp/ip/ulp_shell_cmp_subsystem_0_0/bd_1/ip/ip_1/constraints/bsip.xdc] for cell 'level0_i/level1/level1_i/ulp/shell_cmp_subsystem_0/inst/user_debug_bridge/inst/bsip/inst'
get_clocks: Time (s): cpu = 00:00:20 ; elapsed = 00:00:05 . Memory (MB): peak = 18693.281 ; gain = 0.000 ; free physical = 15756 ; free virtual = 54676
Finished Parsing XDC File [/home/devsounio/cs6_chained_taylor41_20260804/xclbin-build10/_x_link/link/vivado/vpl/prj/prj.gen/my_rm/bd/ulp/ip/ulp_shell_cmp_subsystem_0_0/bd_1/ip/ip_1/constraints/bsip.xdc] for cell 'level0_i/level1/level1_i/ulp/shell_cmp_subsystem_0/inst/user_debug_bridge/inst/bsip/inst'
Parsing XDC File [/home/devsounio/cs6_chained_taylor41_20260804/xclbin-build10/_x_link/link/vivado/vpl/prj/prj.gen/my_rm/bd/ulp/ip/ulp_shell_cmp_subsystem_0_0/ulp_shell_cmp_subsystem_0_0.xdc] for cell 'level0_i/level1/level1_i/ulp/shell_cmp_subsystem_0/inst'
Finished Parsing XDC File [/home/devsounio/cs6_chained_taylor41_20260804/xclbin-build10/_x_link/link/vivado/vpl/prj/prj.gen/my_rm/bd/ulp/ip/ulp_shell_cmp_subsystem_0_0/ulp_shell_cmp_subsystem_0_0.xdc] for cell 'level0_i/level1/level1_i/ulp/shell_cmp_subsystem_0/inst'
Parsing XDC File [/home/devsounio/cs6_chained_taylor41_20260804/xclbin-build10/_x_link/link/vivado/vpl/prj/prj.gen/my_rm/bd/ulp/ip/ulp_ip_gpio_debug_axi_ctrl_mgmt_00_0/ulp_ip_gpio_debug_axi_ctrl_mgmt_00_0_slr.xdc] for cell 'level0_i/level1/level1_i/ulp/ip_gpio_debug_axi_ctrl_mgmt_00/U0'
INFO: [Vivado 12-3520] Assignment of 'AXI_LITE_IPIF_I, VCC, gpio_core_1, ip2bus_data_i_D1_reg[0], ip2bus_data_i_D1_reg[10], ip2bus_data_i_D1_reg[11], ip2bus_data_i_D1_reg[14], ip2bus_data_i_D1_reg[12], ip2bus_data_i_D1_reg[17], ip2bus_data_i_D1_reg[13], ip2bus_data_i_D1_reg[15], ip2bus_data_i_D1_reg[16], ip2bus_data_i_D1_reg[18], ip2bus_data_i_D1_reg[19], ip2bus_data_i_D1_reg[1], ip2bus_data_i_D1_reg[20], ip2bus_data_i_D1_reg[21], ip2bus_data_i_D1_reg[22], ip2bus_data_i_D1_reg[23], ip2bus_data_i_D1_reg[24], ip2bus_data_i_D1_reg[25], ip2bus_data_i_D1_reg[26], ip2bus_data_i_D1_reg[27], ip2bus_data_i_D1_reg[28], ip2bus_data_i_D1_reg[29], ip2bus_data_i_D1_reg[2], ip2bus_data_i_D1_reg[30], ip2bus_data_i_D1_reg[31], ip2bus_data_i_D1_reg[3], ip2bus_data_i_D1_reg[4], ip2bus_data_i_D1_reg[5], ip2bus_data_i_D1_reg[6], ip2bus_data_i_D1_reg[7], ip2bus_data_i_D1_reg[8], ip2bus_data_i_D1_reg[9], ip2bus_rdack_i_D1_reg, ip2bus_wrack_i_D1_reg, and GND' to a pblock 'pblock_dynamic_SLR0' means that all children of 'U0' are in the pblock. Changing the pblock assignment to 'U0'. [/home/devsounio/cs6_chained_taylor41_20260804/xclbin-build10/_x_link/link/vivado/vpl/prj/prj.gen/my_rm/bd/ulp/ip/ulp_ip_gpio_debug_axi_ctrl_mgmt_00_0/ulp_ip_gpio_debug_axi_ctrl_mgmt_00_0_slr.xdc:55]
Finished Parsing XDC File [/home/devsounio/cs6_chained_taylor41_20260804/xclbin-build10/_x_link/link/vivado/vpl/prj/prj.gen/my_rm/bd/ulp/ip/ulp_ip_gpio_debug_axi_ctrl_mgmt_00_0/ulp_ip_gpio_debug_axi_ctrl_mgmt_00_0_slr.xdc] for cell 'level0_i/level1/level1_i/ulp/ip_gpio_debug_axi_ctrl_mgmt_00/U0'
Parsing XDC File [/home/devsounio/cs6_chained_taylor41_20260804/xclbin-build10/_x_link/link/vivado/vpl/prj/prj.gen/my_rm/bd/ulp/ip/ulp_ip_gpio_debug_axi_ctrl_mgmt_01_0/ulp_ip_gpio_debug_axi_ctrl_mgmt_01_0_slr.xdc] for cell 'level0_i/level1/level1_i/ulp/ip_gpio_debug_axi_ctrl_mgmt_01/U0'
INFO: [Vivado 12-3520] Assignment of 'AXI_LITE_IPIF_I, GND, VCC, gpio_core_1, ip2bus_data_i_D1_reg[0], ip2bus_data_i_D1_reg[10], ip2bus_data_i_D1_reg[11], ip2bus_data_i_D1_reg[14], ip2bus_data_i_D1_reg[12], ip2bus_data_i_D1_reg[17], ip2bus_data_i_D1_reg[13], ip2bus_data_i_D1_reg[15], ip2bus_data_i_D1_reg[16], ip2bus_data_i_D1_reg[18], ip2bus_data_i_D1_reg[19], ip2bus_data_i_D1_reg[1], ip2bus_data_i_D1_reg[20], ip2bus_data_i_D1_reg[21], ip2bus_data_i_D1_reg[22], ip2bus_data_i_D1_reg[23], ip2bus_data_i_D1_reg[24], ip2bus_data_i_D1_reg[25], ip2bus_data_i_D1_reg[26], ip2bus_data_i_D1_reg[27], ip2bus_data_i_D1_reg[28], ip2bus_data_i_D1_reg[29], ip2bus_data_i_D1_reg[2], ip2bus_data_i_D1_reg[30], ip2bus_data_i_D1_reg[31], ip2bus_data_i_D1_reg[3], ip2bus_data_i_D1_reg[4], ip2bus_data_i_D1_reg[5], ip2bus_data_i_D1_reg[6], ip2bus_data_i_D1_reg[7], ip2bus_data_i_D1_reg[8], ip2bus_data_i_D1_reg[9], ip2bus_rdack_i_D1_reg, and ip2bus_wrack_i_D1_reg' to a pblock 'pblock_dynamic_SLR2' means that all children of 'U0' are in the pblock. Changing the pblock assignment to 'U0'. [/home/devsounio/cs6_chained_taylor41_20260804/xclbin-build10/_x_link/link/vivado/vpl/prj/prj.gen/my_rm/bd/ulp/ip/ulp_ip_gpio_debug_axi_ctrl_mgmt_01_0/ulp_ip_gpio_debug_axi_ctrl_mgmt_01_0_slr.xdc:55]
Finished Parsing XDC File [/home/devsounio/cs6_chained_taylor41_20260804/xclbin-build10/_x_link/link/vivado/vpl/prj/prj.gen/my_rm/bd/ulp/ip/ulp_ip_gpio_debug_axi_ctrl_mgmt_01_0/ulp_ip_gpio_debug_axi_ctrl_mgmt_01_0_slr.xdc] for cell 'level0_i/level1/level1_i/ulp/ip_gpio_debug_axi_ctrl_mgmt_01/U0'
Parsing XDC File [/home/devsounio/cs6_chained_taylor41_20260804/xclbin-build10/_x_link/link/vivado/vpl/prj/prj.gen/my_rm/bd/ulp/ip/ulp_ip_gpio_debug_axi_ctrl_user_00_0/ulp_ip_gpio_debug_axi_ctrl_user_00_0_slr.xdc] for cell 'level0_i/level1/level1_i/ulp/ip_gpio_debug_axi_ctrl_user_00/U0'
INFO: [Vivado 12-3520] Assignment of 'AXI_LITE_IPIF_I, GND, VCC, gpio_core_1, ip2bus_data_i_D1_reg[0], ip2bus_data_i_D1_reg[10], ip2bus_data_i_D1_reg[11], ip2bus_data_i_D1_reg[14], ip2bus_data_i_D1_reg[12], ip2bus_data_i_D1_reg[17], ip2bus_data_i_D1_reg[13], ip2bus_data_i_D1_reg[15], ip2bus_data_i_D1_reg[16], ip2bus_data_i_D1_reg[18], ip2bus_data_i_D1_reg[19], ip2bus_data_i_D1_reg[1], ip2bus_data_i_D1_reg[20], ip2bus_data_i_D1_reg[21], ip2bus_data_i_D1_reg[22], ip2bus_data_i_D1_reg[23], ip2bus_data_i_D1_reg[24], ip2bus_data_i_D1_reg[25], ip2bus_data_i_D1_reg[26], ip2bus_data_i_D1_reg[27], ip2bus_data_i_D1_reg[28], ip2bus_data_i_D1_reg[29], ip2bus_data_i_D1_reg[2], ip2bus_data_i_D1_reg[30], ip2bus_data_i_D1_reg[31], ip2bus_data_i_D1_reg[3], ip2bus_data_i_D1_reg[4], ip2bus_data_i_D1_reg[5], ip2bus_data_i_D1_reg[6], ip2bus_data_i_D1_reg[7], ip2bus_data_i_D1_reg[8], ip2bus_data_i_D1_reg[9], ip2bus_rdack_i_D1_reg, and ip2bus_wrack_i_D1_reg' to a pblock 'pblock_dynamic_SLR0' means that all children of 'U0' are in the pblock. Changing the pblock assignment to 'U0'. [/home/devsounio/cs6_chained_taylor41_20260804/xclbin-build10/_x_link/link/vivado/vpl/prj/prj.gen/my_rm/bd/ulp/ip/ulp_ip_gpio_debug_axi_ctrl_user_00_0/ulp_ip_gpio_debug_axi_ctrl_user_00_0_slr.xdc:55]
Finished Parsing XDC File [/home/devsounio/cs6_chained_taylor41_20260804/xclbin-build10/_x_link/link/vivado/vpl/prj/prj.gen/my_rm/bd/ulp/ip/ulp_ip_gpio_debug_axi_ctrl_user_00_0/ulp_ip_gpio_debug_axi_ctrl_user_00_0_slr.xdc] for cell 'level0_i/level1/level1_i/ulp/ip_gpio_debug_axi_ctrl_user_00/U0'
Parsing XDC File [/home/devsounio/cs6_chained_taylor41_20260804/xclbin-build10/_x_link/link/vivado/vpl/prj/prj.gen/my_rm/bd/ulp/ip/ulp_ip_gpio_debug_axi_ctrl_user_01_0/ulp_ip_gpio_debug_axi_ctrl_user_01_0_slr.xdc] for cell 'level0_i/level1/level1_i/ulp/ip_gpio_debug_axi_ctrl_user_01/U0'
INFO: [Vivado 12-3520] Assignment of 'AXI_LITE_IPIF_I, GND, VCC, gpio_core_1, ip2bus_data_i_D1_reg[0], ip2bus_data_i_D1_reg[10], ip2bus_data_i_D1_reg[11], ip2bus_data_i_D1_reg[14], ip2bus_data_i_D1_reg[12], ip2bus_data_i_D1_reg[17], ip2bus_data_i_D1_reg[13], ip2bus_data_i_D1_reg[15], ip2bus_data_i_D1_reg[16], ip2bus_data_i_D1_reg[18], ip2bus_data_i_D1_reg[19], ip2bus_data_i_D1_reg[1], ip2bus_data_i_D1_reg[20], ip2bus_data_i_D1_reg[21], ip2bus_data_i_D1_reg[22], ip2bus_data_i_D1_reg[23], ip2bus_data_i_D1_reg[24], ip2bus_data_i_D1_reg[25], ip2bus_data_i_D1_reg[26], ip2bus_data_i_D1_reg[27], ip2bus_data_i_D1_reg[28], ip2bus_data_i_D1_reg[29], ip2bus_data_i_D1_reg[2], ip2bus_data_i_D1_reg[30], ip2bus_data_i_D1_reg[31], ip2bus_data_i_D1_reg[3], ip2bus_data_i_D1_reg[4], ip2bus_data_i_D1_reg[5], ip2bus_data_i_D1_reg[6], ip2bus_data_i_D1_reg[7], ip2bus_data_i_D1_reg[8], ip2bus_data_i_D1_reg[9], ip2bus_rdack_i_D1_reg, and ip2bus_wrack_i_D1_reg' to a pblock 'pblock_dynamic_SLR1' means that all children of 'U0' are in the pblock. Changing the pblock assignment to 'U0'. [/home/devsounio/cs6_chained_taylor41_20260804/xclbin-build10/_x_link/link/vivado/vpl/prj/prj.gen/my_rm/bd/ulp/ip/ulp_ip_gpio_debug_axi_ctrl_user_01_0/ulp_ip_gpio_debug_axi_ctrl_user_01_0_slr.xdc:55]
Finished Parsing XDC File [/home/devsounio/cs6_chained_taylor41_20260804/xclbin-build10/_x_link/link/vivado/vpl/prj/prj.gen/my_rm/bd/ulp/ip/ulp_ip_gpio_debug_axi_ctrl_user_01_0/ulp_ip_gpio_debug_axi_ctrl_user_01_0_slr.xdc] for cell 'level0_i/level1/level1_i/ulp/ip_gpio_debug_axi_ctrl_user_01/U0'
Parsing XDC File [/home/devsounio/cs6_chained_taylor41_20260804/xclbin-build10/_x_link/link/vivado/vpl/prj/prj.gen/my_rm/bd/ulp/ip/ulp_ip_gpio_debug_axi_ctrl_user_02_0/ulp_ip_gpio_debug_axi_ctrl_user_02_0_slr.xdc] for cell 'level0_i/level1/level1_i/ulp/ip_gpio_debug_axi_ctrl_user_02/U0'
INFO: [Vivado 12-3520] Assignment of 'AXI_LITE_IPIF_I, GND, VCC, gpio_core_1, ip2bus_data_i_D1_reg[0], ip2bus_data_i_D1_reg[10], ip2bus_data_i_D1_reg[11], ip2bus_data_i_D1_reg[14], ip2bus_data_i_D1_reg[12], ip2bus_data_i_D1_reg[17], ip2bus_data_i_D1_reg[13], ip2bus_data_i_D1_reg[15], ip2bus_data_i_D1_reg[16], ip2bus_data_i_D1_reg[18], ip2bus_data_i_D1_reg[19], ip2bus_data_i_D1_reg[1], ip2bus_data_i_D1_reg[20], ip2bus_data_i_D1_reg[21], ip2bus_data_i_D1_reg[22], ip2bus_data_i_D1_reg[23], ip2bus_data_i_D1_reg[24], ip2bus_data_i_D1_reg[25], ip2bus_data_i_D1_reg[26], ip2bus_data_i_D1_reg[27], ip2bus_data_i_D1_reg[28], ip2bus_data_i_D1_reg[29], ip2bus_data_i_D1_reg[2], ip2bus_data_i_D1_reg[30], ip2bus_data_i_D1_reg[31], ip2bus_data_i_D1_reg[3], ip2bus_data_i_D1_reg[4], ip2bus_data_i_D1_reg[5], ip2bus_data_i_D1_reg[6], ip2bus_data_i_D1_reg[7], ip2bus_data_i_D1_reg[8], ip2bus_data_i_D1_reg[9], ip2bus_rdack_i_D1_reg, and ip2bus_wrack_i_D1_reg' to a pblock 'pblock_dynamic_SLR2' means that all children of 'U0' are in the pblock. Changing the pblock assignment to 'U0'. [/home/devsounio/cs6_chained_taylor41_20260804/xclbin-build10/_x_link/link/vivado/vpl/prj/prj.gen/my_rm/bd/ulp/ip/ulp_ip_gpio_debug_axi_ctrl_user_02_0/ulp_ip_gpio_debug_axi_ctrl_user_02_0_slr.xdc:55]
Finished Parsing XDC File [/home/devsounio/cs6_chained_taylor41_20260804/xclbin-build10/_x_link/link/vivado/vpl/prj/prj.gen/my_rm/bd/ulp/ip/ulp_ip_gpio_debug_axi_ctrl_user_02_0/ulp_ip_gpio_debug_axi_ctrl_user_02_0_slr.xdc] for cell 'level0_i/level1/level1_i/ulp/ip_gpio_debug_axi_ctrl_user_02/U0'
Parsing XDC File [/home/devsounio/cs6_chained_taylor41_20260804/xclbin-build10/_x_link/link/vivado/vpl/prj/prj.gen/my_rm/bd/ulp/ip/ulp_ip_gpio_debug_axi_ctrl_user_03_0/ulp_ip_gpio_debug_axi_ctrl_user_03_0_slr.xdc] for cell 'level0_i/level1/level1_i/ulp/ip_gpio_debug_axi_ctrl_user_03/U0'
INFO: [Vivado 12-3520] Assignment of 'AXI_LITE_IPIF_I, GND, VCC, gpio_core_1, ip2bus_data_i_D1_reg[0], ip2bus_data_i_D1_reg[10], ip2bus_data_i_D1_reg[11], ip2bus_data_i_D1_reg[14], ip2bus_data_i_D1_reg[12], ip2bus_data_i_D1_reg[17], ip2bus_data_i_D1_reg[13], ip2bus_data_i_D1_reg[15], ip2bus_data_i_D1_reg[16], ip2bus_data_i_D1_reg[18], ip2bus_data_i_D1_reg[19], ip2bus_data_i_D1_reg[1], ip2bus_data_i_D1_reg[20], ip2bus_data_i_D1_reg[21], ip2bus_data_i_D1_reg[22], ip2bus_data_i_D1_reg[23], ip2bus_data_i_D1_reg[24], ip2bus_data_i_D1_reg[25], ip2bus_data_i_D1_reg[26], ip2bus_data_i_D1_reg[27], ip2bus_data_i_D1_reg[28], ip2bus_data_i_D1_reg[29], ip2bus_data_i_D1_reg[2], ip2bus_data_i_D1_reg[30], ip2bus_data_i_D1_reg[31], ip2bus_data_i_D1_reg[3], ip2bus_data_i_D1_reg[4], ip2bus_data_i_D1_reg[5], ip2bus_data_i_D1_reg[6], ip2bus_data_i_D1_reg[7], ip2bus_data_i_D1_reg[8], ip2bus_data_i_D1_reg[9], ip2bus_rdack_i_D1_reg, and ip2bus_wrack_i_D1_reg' to a pblock 'pblock_dynamic_SLR3' means that all children of 'U0' are in the pblock. Changing the pblock assignment to 'U0'. [/home/devsounio/cs6_chained_taylor41_20260804/xclbin-build10/_x_link/link/vivado/vpl/prj/prj.gen/my_rm/bd/ulp/ip/ulp_ip_gpio_debug_axi_ctrl_user_03_0/ulp_ip_gpio_debug_axi_ctrl_user_03_0_slr.xdc:55]
Finished Parsing XDC File [/home/devsounio/cs6_chained_taylor41_20260804/xclbin-build10/_x_link/link/vivado/vpl/prj/prj.gen/my_rm/bd/ulp/ip/ulp_ip_gpio_debug_axi_ctrl_user_03_0/ulp_ip_gpio_debug_axi_ctrl_user_03_0_slr.xdc] for cell 'level0_i/level1/level1_i/ulp/ip_gpio_debug_axi_ctrl_user_03/U0'
Parsing XDC File [/home/devsounio/cs6_chained_taylor41_20260804/xclbin-build10/_x_link/link/vivado/vpl/prj/prj.gen/my_rm/bd/ulp/ip/ulp_ict_axi_data_h2c_01_imp_s00_regslice_0/ulp_ict_axi_data_h2c_01_imp_s00_regslice_0_clocks.xdc] for cell 'level0_i/level1/level1_i/ulp/ict_axi_data_h2c_01/s00_couplers/s00_regslice/inst'
Finished Parsing XDC File [/home/devsounio/cs6_chained_taylor41_20260804/xclbin-build10/_x_link/link/vivado/vpl/prj/prj.gen/my_rm/bd/ulp/ip/ulp_ict_axi_data_h2c_01_imp_s00_regslice_0/ulp_ict_axi_data_h2c_01_imp_s00_regslice_0_clocks.xdc] for cell 'level0_i/level1/level1_i/ulp/ict_axi_data_h2c_01/s00_couplers/s00_regslice/inst'
Parsing XDC File [/home/devsounio/cs6_chained_taylor41_20260804/xclbin-build10/_x_link/link/vivado/vpl/prj/prj.gen/my_rm/bd/ulp/ip/ulp_ict_axi_data_h2c_01_imp_auto_ds_0/ulp_ict_axi_data_h2c_01_imp_auto_ds_0_clocks.xdc] for cell 'level0_i/level1/level1_i/ulp/ict_axi_data_h2c_01/m01_couplers/auto_ds/inst'
Finished Parsing XDC File [/home/devsounio/cs6_chained_taylor41_20260804/xclbin-build10/_x_link/link/vivado/vpl/prj/prj.gen/my_rm/bd/ulp/ip/ulp_ict_axi_data_h2c_01_imp_auto_ds_0/ulp_ict_axi_data_h2c_01_imp_auto_ds_0_clocks.xdc] for cell 'level0_i/level1/level1_i/ulp/ict_axi_data_h2c_01/m01_couplers/auto_ds/inst'
Parsing XDC File [/home/devsounio/cs6_chained_taylor41_20260804/xclbin-build10/_x_link/link/vivado/vpl/prj/prj.gen/my_rm/bd/ulp/ip/ulp_ip_gpio_debug_axi_data_h2c_01_0/ulp_ip_gpio_debug_axi_data_h2c_01_0_slr.xdc] for cell 'level0_i/level1/level1_i/ulp/ip_gpio_debug_axi_data_h2c_01/U0'
INFO: [Vivado 12-3520] Assignment of 'AXI_LITE_IPIF_I, GND, VCC, gpio_core_1, ip2bus_data_i_D1_reg[0], ip2bus_data_i_D1_reg[10], ip2bus_data_i_D1_reg[11], ip2bus_data_i_D1_reg[14], ip2bus_data_i_D1_reg[12], ip2bus_data_i_D1_reg[17], ip2bus_data_i_D1_reg[13], ip2bus_data_i_D1_reg[15], ip2bus_data_i_D1_reg[16], ip2bus_data_i_D1_reg[18], ip2bus_data_i_D1_reg[19], ip2bus_data_i_D1_reg[1], ip2bus_data_i_D1_reg[20], ip2bus_data_i_D1_reg[21], ip2bus_data_i_D1_reg[22], ip2bus_data_i_D1_reg[23], ip2bus_data_i_D1_reg[24], ip2bus_data_i_D1_reg[25], ip2bus_data_i_D1_reg[26], ip2bus_data_i_D1_reg[27], ip2bus_data_i_D1_reg[28], ip2bus_data_i_D1_reg[29], ip2bus_data_i_D1_reg[2], ip2bus_data_i_D1_reg[30], ip2bus_data_i_D1_reg[31], ip2bus_data_i_D1_reg[3], ip2bus_data_i_D1_reg[4], ip2bus_data_i_D1_reg[5], ip2bus_data_i_D1_reg[6], ip2bus_data_i_D1_reg[7], ip2bus_data_i_D1_reg[8], ip2bus_data_i_D1_reg[9], ip2bus_rdack_i_D1_reg, and ip2bus_wrack_i_D1_reg' to a pblock 'pblock_dynamic_SLR1' means that all children of 'U0' are in the pblock. Changing the pblock assignment to 'U0'. [/home/devsounio/cs6_chained_taylor41_20260804/xclbin-build10/_x_link/link/vivado/vpl/prj/prj.gen/my_rm/bd/ulp/ip/ulp_ip_gpio_debug_axi_data_h2c_01_0/ulp_ip_gpio_debug_axi_data_h2c_01_0_slr.xdc:55]
Finished Parsing XDC File [/home/devsounio/cs6_chained_taylor41_20260804/xclbin-build10/_x_link/link/vivado/vpl/prj/prj.gen/my_rm/bd/ulp/ip/ulp_ip_gpio_debug_axi_data_h2c_01_0/ulp_ip_gpio_debug_axi_data_h2c_01_0_slr.xdc] for cell 'level0_i/level1/level1_i/ulp/ip_gpio_debug_axi_data_h2c_01/U0'
Parsing XDC File [/home/devsounio/cs6_chained_taylor41_20260804/xclbin-build10/_x_link/link/vivado/vpl/prj/prj.gen/my_rm/bd/ulp/ip/ulp_ip_psr_aresetn_ctrl_slr0_0/ulp_ip_psr_aresetn_ctrl_slr0_0_slr.xdc] for cell 'level0_i/level1/level1_i/ulp/ip_psr_aresetn_ctrl_slr0/U0'
INFO: [Vivado 12-3520] Assignment of 'VCC, SEQ, PR_OUT_DFF[0].FDRE_PER, GND, FDRE_inst, ACTIVE_LOW_BSR_OUT_DFF[0].FDRE_BSR_N, ACTIVE_LOW_PR_OUT_DFF[0].FDRE_PER_N, EXT_LPF, and BSR_OUT_DFF[0].FDRE_BSR' to a pblock 'pblock_dynamic_SLR0' means that all children of 'ip_psr_aresetn_ctrl_slr0' are in the pblock. Changing the pblock assignment to 'ip_psr_aresetn_ctrl_slr0'. [/home/devsounio/cs6_chained_taylor41_20260804/xclbin-build10/_x_link/link/vivado/vpl/prj/prj.gen/my_rm/bd/ulp/ip/ulp_ip_psr_aresetn_ctrl_slr0_0/ulp_ip_psr_aresetn_ctrl_slr0_0_slr.xdc:55]
Finished Parsing XDC File [/home/devsounio/cs6_chained_taylor41_20260804/xclbin-build10/_x_link/link/vivado/vpl/prj/prj.gen/my_rm/bd/ulp/ip/ulp_ip_psr_aresetn_ctrl_slr0_0/ulp_ip_psr_aresetn_ctrl_slr0_0_slr.xdc] for cell 'level0_i/level1/level1_i/ulp/ip_psr_aresetn_ctrl_slr0/U0'
Parsing XDC File [/home/devsounio/cs6_chained_taylor41_20260804/xclbin-build10/_x_link/link/vivado/vpl/prj/prj.gen/my_rm/bd/ulp/ip/ulp_ip_psr_aresetn_ctrl_slr1_0/ulp_ip_psr_aresetn_ctrl_slr1_0_slr.xdc] for cell 'level0_i/level1/level1_i/ulp/ip_psr_aresetn_ctrl_slr1/U0'
INFO: [Vivado 12-3520] Assignment of 'BSR_OUT_DFF[0].FDRE_BSR, EXT_LPF, ACTIVE_LOW_PR_OUT_DFF[0].FDRE_PER_N, ACTIVE_LOW_BSR_OUT_DFF[0].FDRE_BSR_N, FDRE_inst, GND, PR_OUT_DFF[0].FDRE_PER, SEQ, and VCC' to a pblock 'pblock_dynamic_SLR1' means that all children of 'ip_psr_aresetn_ctrl_slr1' are in the pblock. Changing the pblock assignment to 'ip_psr_aresetn_ctrl_slr1'. [/home/devsounio/cs6_chained_taylor41_20260804/xclbin-build10/_x_link/link/vivado/vpl/prj/prj.gen/my_rm/bd/ulp/ip/ulp_ip_psr_aresetn_ctrl_slr1_0/ulp_ip_psr_aresetn_ctrl_slr1_0_slr.xdc:55]
Finished Parsing XDC File [/home/devsounio/cs6_chained_taylor41_20260804/xclbin-build10/_x_link/link/vivado/vpl/prj/prj.gen/my_rm/bd/ulp/ip/ulp_ip_psr_aresetn_ctrl_slr1_0/ulp_ip_psr_aresetn_ctrl_slr1_0_slr.xdc] for cell 'level0_i/level1/level1_i/ulp/ip_psr_aresetn_ctrl_slr1/U0'
Parsing XDC File [/home/devsounio/cs6_chained_taylor41_20260804/xclbin-build10/_x_link/link/vivado/vpl/prj/prj.gen/my_rm/bd/ulp/ip/ulp_ip_psr_aresetn_ctrl_slr2_0/ulp_ip_psr_aresetn_ctrl_slr2_0_slr.xdc] for cell 'level0_i/level1/level1_i/ulp/ip_psr_aresetn_ctrl_slr2/U0'
INFO: [Vivado 12-3520] Assignment of 'BSR_OUT_DFF[0].FDRE_BSR, EXT_LPF, ACTIVE_LOW_PR_OUT_DFF[0].FDRE_PER_N, ACTIVE_LOW_BSR_OUT_DFF[0].FDRE_BSR_N, FDRE_inst, GND, PR_OUT_DFF[0].FDRE_PER, SEQ, and VCC' to a pblock 'pblock_dynamic_SLR2' means that all children of 'ip_psr_aresetn_ctrl_slr2' are in the pblock. Changing the pblock assignment to 'ip_psr_aresetn_ctrl_slr2'. [/home/devsounio/cs6_chained_taylor41_20260804/xclbin-build10/_x_link/link/vivado/vpl/prj/prj.gen/my_rm/bd/ulp/ip/ulp_ip_psr_aresetn_ctrl_slr2_0/ulp_ip_psr_aresetn_ctrl_slr2_0_slr.xdc:55]
Finished Parsing XDC File [/home/devsounio/cs6_chained_taylor41_20260804/xclbin-build10/_x_link/link/vivado/vpl/prj/prj.gen/my_rm/bd/ulp/ip/ulp_ip_psr_aresetn_ctrl_slr2_0/ulp_ip_psr_aresetn_ctrl_slr2_0_slr.xdc] for cell 'level0_i/level1/level1_i/ulp/ip_psr_aresetn_ctrl_slr2/U0'
Parsing XDC File [/home/devsounio/cs6_chained_taylor41_20260804/xclbin-build10/_x_link/link/vivado/vpl/prj/prj.gen/my_rm/bd/ulp/ip/ulp_ip_psr_aresetn_ctrl_slr3_0/ulp_ip_psr_aresetn_ctrl_slr3_0_slr.xdc] for cell 'level0_i/level1/level1_i/ulp/ip_psr_aresetn_ctrl_slr3/U0'
INFO: [Vivado 12-3520] Assignment of 'BSR_OUT_DFF[0].FDRE_BSR, EXT_LPF, ACTIVE_LOW_PR_OUT_DFF[0].FDRE_PER_N, ACTIVE_LOW_BSR_OUT_DFF[0].FDRE_BSR_N, FDRE_inst, GND, PR_OUT_DFF[0].FDRE_PER, SEQ, and VCC' to a pblock 'pblock_dynamic_SLR3' means that all children of 'ip_psr_aresetn_ctrl_slr3' are in the pblock. Changing the pblock assignment to 'ip_psr_aresetn_ctrl_slr3'. [/home/devsounio/cs6_chained_taylor41_20260804/xclbin-build10/_x_link/link/vivado/vpl/prj/prj.gen/my_rm/bd/ulp/ip/ulp_ip_psr_aresetn_ctrl_slr3_0/ulp_ip_psr_aresetn_ctrl_slr3_0_slr.xdc:55]
Finished Parsing XDC File [/home/devsounio/cs6_chained_taylor41_20260804/xclbin-build10/_x_link/link/vivado/vpl/prj/prj.gen/my_rm/bd/ulp/ip/ulp_ip_psr_aresetn_ctrl_slr3_0/ulp_ip_psr_aresetn_ctrl_slr3_0_slr.xdc] for cell 'level0_i/level1/level1_i/ulp/ip_psr_aresetn_ctrl_slr3/U0'
Parsing XDC File [/home/devsounio/cs6_chained_taylor41_20260804/xclbin-build10/_x_link/link/vivado/vpl/prj/prj.gen/my_rm/bd/ulp/ip/ulp_ip_psr_aresetn_kernel_00_slr0_0/ulp_ip_psr_aresetn_kernel_00_slr0_0_slr.xdc] for cell 'level0_i/level1/level1_i/ulp/ip_psr_aresetn_kernel_00_slr0/U0'
INFO: [Vivado 12-3520] Assignment of 'BSR_OUT_DFF[0].FDRE_BSR, EXT_LPF, ACTIVE_LOW_PR_OUT_DFF[0].FDRE_PER_N, ACTIVE_LOW_BSR_OUT_DFF[0].FDRE_BSR_N, FDRE_inst, GND, PR_OUT_DFF[0].FDRE_PER, SEQ, and VCC' to a pblock 'pblock_dynamic_SLR0' means that all children of 'ip_psr_aresetn_kernel_00_slr0' are in the pblock. Changing the pblock assignment to 'ip_psr_aresetn_kernel_00_slr0'. [/home/devsounio/cs6_chained_taylor41_20260804/xclbin-build10/_x_link/link/vivado/vpl/prj/prj.gen/my_rm/bd/ulp/ip/ulp_ip_psr_aresetn_kernel_00_slr0_0/ulp_ip_psr_aresetn_kernel_00_slr0_0_slr.xdc:55]
Finished Parsing XDC File [/home/devsounio/cs6_chained_taylor41_20260804/xclbin-build10/_x_link/link/vivado/vpl/prj/prj.gen/my_rm/bd/ulp/ip/ulp_ip_psr_aresetn_kernel_00_slr0_0/ulp_ip_psr_aresetn_kernel_00_slr0_0_slr.xdc] for cell 'level0_i/level1/level1_i/ulp/ip_psr_aresetn_kernel_00_slr0/U0'
Parsing XDC File [/home/devsounio/cs6_chained_taylor41_20260804/xclbin-build10/_x_link/link/vivado/vpl/prj/prj.gen/my_rm/bd/ulp/ip/ulp_ip_psr_aresetn_kernel_00_slr1_0/ulp_ip_psr_aresetn_kernel_00_slr1_0_slr.xdc] for cell 'level0_i/level1/level1_i/ulp/ip_psr_aresetn_kernel_00_slr1/U0'
INFO: [Vivado 12-3520] Assignment of 'BSR_OUT_DFF[0].FDRE_BSR, EXT_LPF, ACTIVE_LOW_PR_OUT_DFF[0].FDRE_PER_N, ACTIVE_LOW_BSR_OUT_DFF[0].FDRE_BSR_N, FDRE_inst, GND, PR_OUT_DFF[0].FDRE_PER, SEQ, and VCC' to a pblock 'pblock_dynamic_SLR1' means that all children of 'ip_psr_aresetn_kernel_00_slr1' are in the pblock. Changing the pblock assignment to 'ip_psr_aresetn_kernel_00_slr1'. [/home/devsounio/cs6_chained_taylor41_20260804/xclbin-build10/_x_link/link/vivado/vpl/prj/prj.gen/my_rm/bd/ulp/ip/ulp_ip_psr_aresetn_kernel_00_slr1_0/ulp_ip_psr_aresetn_kernel_00_slr1_0_slr.xdc:55]
Finished Parsing XDC File [/home/devsounio/cs6_chained_taylor41_20260804/xclbin-build10/_x_link/link/vivado/vpl/prj/prj.gen/my_rm/bd/ulp/ip/ulp_ip_psr_aresetn_kernel_00_slr1_0/ulp_ip_psr_aresetn_kernel_00_slr1_0_slr.xdc] for cell 'level0_i/level1/level1_i/ulp/ip_psr_aresetn_kernel_00_slr1/U0'
Parsing XDC File [/home/devsounio/cs6_chained_taylor41_20260804/xclbin-build10/_x_link/link/vivado/vpl/prj/prj.gen/my_rm/bd/ulp/ip/ulp_ip_psr_aresetn_kernel_00_slr2_0/ulp_ip_psr_aresetn_kernel_00_slr2_0_slr.xdc] for cell 'level0_i/level1/level1_i/ulp/ip_psr_aresetn_kernel_00_slr2/U0'
INFO: [Vivado 12-3520] Assignment of 'BSR_OUT_DFF[0].FDRE_BSR, EXT_LPF, ACTIVE_LOW_PR_OUT_DFF[0].FDRE_PER_N, ACTIVE_LOW_BSR_OUT_DFF[0].FDRE_BSR_N, FDRE_inst, GND, PR_OUT_DFF[0].FDRE_PER, SEQ, and VCC' to a pblock 'pblock_dynamic_SLR2' means that all children of 'ip_psr_aresetn_kernel_00_slr2' are in the pblock. Changing the pblock assignment to 'ip_psr_aresetn_kernel_00_slr2'. [/home/devsounio/cs6_chained_taylor41_20260804/xclbin-build10/_x_link/link/vivado/vpl/prj/prj.gen/my_rm/bd/ulp/ip/ulp_ip_psr_aresetn_kernel_00_slr2_0/ulp_ip_psr_aresetn_kernel_00_slr2_0_slr.xdc:55]
Finished Parsing XDC File [/home/devsounio/cs6_chained_taylor41_20260804/xclbin-build10/_x_link/link/vivado/vpl/prj/prj.gen/my_rm/bd/ulp/ip/ulp_ip_psr_aresetn_kernel_00_slr2_0/ulp_ip_psr_aresetn_kernel_00_slr2_0_slr.xdc] for cell 'level0_i/level1/level1_i/ulp/ip_psr_aresetn_kernel_00_slr2/U0'
Parsing XDC File [/home/devsounio/cs6_chained_taylor41_20260804/xclbin-build10/_x_link/link/vivado/vpl/prj/prj.gen/my_rm/bd/ulp/ip/ulp_ip_psr_aresetn_kernel_00_slr3_0/ulp_ip_psr_aresetn_kernel_00_slr3_0_slr.xdc] for cell 'level0_i/level1/level1_i/ulp/ip_psr_aresetn_kernel_00_slr3/U0'
INFO: [Vivado 12-3520] Assignment of 'ACTIVE_LOW_PR_OUT_DFF[0].FDRE_PER_N, BSR_OUT_DFF[0].FDRE_BSR, ACTIVE_LOW_BSR_OUT_DFF[0].FDRE_BSR_N, EXT_LPF, FDRE_inst, GND, PR_OUT_DFF[0].FDRE_PER, SEQ, and VCC' to a pblock 'pblock_dynamic_SLR3' means that all children of 'ip_psr_aresetn_kernel_00_slr3' are in the pblock. Changing the pblock assignment to 'ip_psr_aresetn_kernel_00_slr3'. [/home/devsounio/cs6_chained_taylor41_20260804/xclbin-build10/_x_link/link/vivado/vpl/prj/prj.gen/my_rm/bd/ulp/ip/ulp_ip_psr_aresetn_kernel_00_slr3_0/ulp_ip_psr_aresetn_kernel_00_slr3_0_slr.xdc:55]
Finished Parsing XDC File [/home/devsounio/cs6_chained_taylor41_20260804/xclbin-build10/_x_link/link/vivado/vpl/prj/prj.gen/my_rm/bd/ulp/ip/ulp_ip_psr_aresetn_kernel_00_slr3_0/ulp_ip_psr_aresetn_kernel_00_slr3_0_slr.xdc] for cell 'level0_i/level1/level1_i/ulp/ip_psr_aresetn_kernel_00_slr3/U0'
Parsing XDC File [/home/devsounio/cs6_chained_taylor41_20260804/xclbin-build10/_x_link/link/vivado/vpl/prj/prj.gen/my_rm/bd/ulp/ip/ulp_ip_psr_aresetn_kernel_01_slr0_0/ulp_ip_psr_aresetn_kernel_01_slr0_0_slr.xdc] for cell 'level0_i/level1/level1_i/ulp/ip_psr_aresetn_kernel_01_slr0/U0'
INFO: [Vivado 12-3520] Assignment of 'BSR_OUT_DFF[0].FDRE_BSR, EXT_LPF, ACTIVE_LOW_PR_OUT_DFF[0].FDRE_PER_N, ACTIVE_LOW_BSR_OUT_DFF[0].FDRE_BSR_N, FDRE_inst, GND, PR_OUT_DFF[0].FDRE_PER, SEQ, and VCC' to a pblock 'pblock_dynamic_SLR0' means that all children of 'ip_psr_aresetn_kernel_01_slr0' are in the pblock. Changing the pblock assignment to 'ip_psr_aresetn_kernel_01_slr0'. [/home/devsounio/cs6_chained_taylor41_20260804/xclbin-build10/_x_link/link/vivado/vpl/prj/prj.gen/my_rm/bd/ulp/ip/ulp_ip_psr_aresetn_kernel_01_slr0_0/ulp_ip_psr_aresetn_kernel_01_slr0_0_slr.xdc:55]
Finished Parsing XDC File [/home/devsounio/cs6_chained_taylor41_20260804/xclbin-build10/_x_link/link/vivado/vpl/prj/prj.gen/my_rm/bd/ulp/ip/ulp_ip_psr_aresetn_kernel_01_slr0_0/ulp_ip_psr_aresetn_kernel_01_slr0_0_slr.xdc] for cell 'level0_i/level1/level1_i/ulp/ip_psr_aresetn_kernel_01_slr0/U0'
Parsing XDC File [/home/devsounio/cs6_chained_taylor41_20260804/xclbin-build10/_x_link/link/vivado/vpl/prj/prj.gen/my_rm/bd/ulp/ip/ulp_ip_psr_aresetn_kernel_01_slr1_0/ulp_ip_psr_aresetn_kernel_01_slr1_0_slr.xdc] for cell 'level0_i/level1/level1_i/ulp/ip_psr_aresetn_kernel_01_slr1/U0'
INFO: [Vivado 12-3520] Assignment of 'ACTIVE_LOW_PR_OUT_DFF[0].FDRE_PER_N, BSR_OUT_DFF[0].FDRE_BSR, EXT_LPF, ACTIVE_LOW_BSR_OUT_DFF[0].FDRE_BSR_N, FDRE_inst, GND, PR_OUT_DFF[0].FDRE_PER, SEQ, and VCC' to a pblock 'pblock_dynamic_SLR1' means that all children of 'ip_psr_aresetn_kernel_01_slr1' are in the pblock. Changing the pblock assignment to 'ip_psr_aresetn_kernel_01_slr1'. [/home/devsounio/cs6_chained_taylor41_20260804/xclbin-build10/_x_link/link/vivado/vpl/prj/prj.gen/my_rm/bd/ulp/ip/ulp_ip_psr_aresetn_kernel_01_slr1_0/ulp_ip_psr_aresetn_kernel_01_slr1_0_slr.xdc:55]
Finished Parsing XDC File [/home/devsounio/cs6_chained_taylor41_20260804/xclbin-build10/_x_link/link/vivado/vpl/prj/prj.gen/my_rm/bd/ulp/ip/ulp_ip_psr_aresetn_kernel_01_slr1_0/ulp_ip_psr_aresetn_kernel_01_slr1_0_slr.xdc] for cell 'level0_i/level1/level1_i/ulp/ip_psr_aresetn_kernel_01_slr1/U0'
Parsing XDC File [/home/devsounio/cs6_chained_taylor41_20260804/xclbin-build10/_x_link/link/vivado/vpl/prj/prj.gen/my_rm/bd/ulp/ip/ulp_ip_psr_aresetn_kernel_01_slr2_0/ulp_ip_psr_aresetn_kernel_01_slr2_0_slr.xdc] for cell 'level0_i/level1/level1_i/ulp/ip_psr_aresetn_kernel_01_slr2/U0'
INFO: [Vivado 12-3520] Assignment of 'BSR_OUT_DFF[0].FDRE_BSR, EXT_LPF, ACTIVE_LOW_PR_OUT_DFF[0].FDRE_PER_N, ACTIVE_LOW_BSR_OUT_DFF[0].FDRE_BSR_N, FDRE_inst, GND, PR_OUT_DFF[0].FDRE_PER, SEQ, and VCC' to a pblock 'pblock_dynamic_SLR2' means that all children of 'ip_psr_aresetn_kernel_01_slr2' are in the pblock. Changing the pblock assignment to 'ip_psr_aresetn_kernel_01_slr2'. [/home/devsounio/cs6_chained_taylor41_20260804/xclbin-build10/_x_link/link/vivado/vpl/prj/prj.gen/my_rm/bd/ulp/ip/ulp_ip_psr_aresetn_kernel_01_slr2_0/ulp_ip_psr_aresetn_kernel_01_slr2_0_slr.xdc:55]
Finished Parsing XDC File [/home/devsounio/cs6_chained_taylor41_20260804/xclbin-build10/_x_link/link/vivado/vpl/prj/prj.gen/my_rm/bd/ulp/ip/ulp_ip_psr_aresetn_kernel_01_slr2_0/ulp_ip_psr_aresetn_kernel_01_slr2_0_slr.xdc] for cell 'level0_i/level1/level1_i/ulp/ip_psr_aresetn_kernel_01_slr2/U0'
Parsing XDC File [/home/devsounio/cs6_chained_taylor41_20260804/xclbin-build10/_x_link/link/vivado/vpl/prj/prj.gen/my_rm/bd/ulp/ip/ulp_ip_psr_aresetn_kernel_01_slr3_0/ulp_ip_psr_aresetn_kernel_01_slr3_0_slr.xdc] for cell 'level0_i/level1/level1_i/ulp/ip_psr_aresetn_kernel_01_slr3/U0'
INFO: [Vivado 12-3520] Assignment of 'ACTIVE_LOW_PR_OUT_DFF[0].FDRE_PER_N, ACTIVE_LOW_BSR_OUT_DFF[0].FDRE_BSR_N, BSR_OUT_DFF[0].FDRE_BSR, EXT_LPF, FDRE_inst, GND, PR_OUT_DFF[0].FDRE_PER, SEQ, and VCC' to a pblock 'pblock_dynamic_SLR3' means that all children of 'ip_psr_aresetn_kernel_01_slr3' are in the pblock. Changing the pblock assignment to 'ip_psr_aresetn_kernel_01_slr3'. [/home/devsounio/cs6_chained_taylor41_20260804/xclbin-build10/_x_link/link/vivado/vpl/prj/prj.gen/my_rm/bd/ulp/ip/ulp_ip_psr_aresetn_kernel_01_slr3_0/ulp_ip_psr_aresetn_kernel_01_slr3_0_slr.xdc:55]
Finished Parsing XDC File [/home/devsounio/cs6_chained_taylor41_20260804/xclbin-build10/_x_link/link/vivado/vpl/prj/prj.gen/my_rm/bd/ulp/ip/ulp_ip_psr_aresetn_kernel_01_slr3_0/ulp_ip_psr_aresetn_kernel_01_slr3_0_slr.xdc] for cell 'level0_i/level1/level1_i/ulp/ip_psr_aresetn_kernel_01_slr3/U0'
Parsing XDC File [/home/devsounio/cs6_chained_taylor41_20260804/xclbin-build10/_x_link/link/vivado/vpl/prj/prj.gen/my_rm/bd/ulp/ip/ulp_ip_psr_aresetn_pcie_slr0_0/ulp_ip_psr_aresetn_pcie_slr0_0_slr.xdc] for cell 'level0_i/level1/level1_i/ulp/ip_psr_aresetn_pcie_slr0/U0'
INFO: [Vivado 12-3520] Assignment of 'ACTIVE_LOW_PR_OUT_DFF[0].FDRE_PER_N, ACTIVE_LOW_BSR_OUT_DFF[0].FDRE_BSR_N, BSR_OUT_DFF[0].FDRE_BSR, EXT_LPF, FDRE_inst, GND, PR_OUT_DFF[0].FDRE_PER, SEQ, and VCC' to a pblock 'pblock_dynamic_SLR0' means that all children of 'ip_psr_aresetn_pcie_slr0' are in the pblock. Changing the pblock assignment to 'ip_psr_aresetn_pcie_slr0'. [/home/devsounio/cs6_chained_taylor41_20260804/xclbin-build10/_x_link/link/vivado/vpl/prj/prj.gen/my_rm/bd/ulp/ip/ulp_ip_psr_aresetn_pcie_slr0_0/ulp_ip_psr_aresetn_pcie_slr0_0_slr.xdc:55]
Finished Parsing XDC File [/home/devsounio/cs6_chained_taylor41_20260804/xclbin-build10/_x_link/link/vivado/vpl/prj/prj.gen/my_rm/bd/ulp/ip/ulp_ip_psr_aresetn_pcie_slr0_0/ulp_ip_psr_aresetn_pcie_slr0_0_slr.xdc] for cell 'level0_i/level1/level1_i/ulp/ip_psr_aresetn_pcie_slr0/U0'
Parsing XDC File [/home/devsounio/cs6_chained_taylor41_20260804/xclbin-build10/_x_link/link/vivado/vpl/prj/prj.gen/my_rm/bd/ulp/ip/ulp_ip_psr_aresetn_pcie_slr1_0/ulp_ip_psr_aresetn_pcie_slr1_0_slr.xdc] for cell 'level0_i/level1/level1_i/ulp/ip_psr_aresetn_pcie_slr1/U0'
INFO: [Vivado 12-3520] Assignment of 'BSR_OUT_DFF[0].FDRE_BSR, EXT_LPF, ACTIVE_LOW_PR_OUT_DFF[0].FDRE_PER_N, ACTIVE_LOW_BSR_OUT_DFF[0].FDRE_BSR_N, FDRE_inst, GND, PR_OUT_DFF[0].FDRE_PER, SEQ, and VCC' to a pblock 'pblock_dynamic_SLR1' means that all children of 'ip_psr_aresetn_pcie_slr1' are in the pblock. Changing the pblock assignment to 'ip_psr_aresetn_pcie_slr1'. [/home/devsounio/cs6_chained_taylor41_20260804/xclbin-build10/_x_link/link/vivado/vpl/prj/prj.gen/my_rm/bd/ulp/ip/ulp_ip_psr_aresetn_pcie_slr1_0/ulp_ip_psr_aresetn_pcie_slr1_0_slr.xdc:55]
Finished Parsing XDC File [/home/devsounio/cs6_chained_taylor41_20260804/xclbin-build10/_x_link/link/vivado/vpl/prj/prj.gen/my_rm/bd/ulp/ip/ulp_ip_psr_aresetn_pcie_slr1_0/ulp_ip_psr_aresetn_pcie_slr1_0_slr.xdc] for cell 'level0_i/level1/level1_i/ulp/ip_psr_aresetn_pcie_slr1/U0'
Parsing XDC File [/home/devsounio/cs6_chained_taylor41_20260804/xclbin-build10/_x_link/link/vivado/vpl/prj/prj.gen/my_rm/bd/ulp/ip/ulp_ip_psr_aresetn_pcie_slr2_0/ulp_ip_psr_aresetn_pcie_slr2_0_slr.xdc] for cell 'level0_i/level1/level1_i/ulp/ip_psr_aresetn_pcie_slr2/U0'
INFO: [Vivado 12-3520] Assignment of 'BSR_OUT_DFF[0].FDRE_BSR, EXT_LPF, ACTIVE_LOW_PR_OUT_DFF[0].FDRE_PER_N, ACTIVE_LOW_BSR_OUT_DFF[0].FDRE_BSR_N, FDRE_inst, GND, PR_OUT_DFF[0].FDRE_PER, SEQ, and VCC' to a pblock 'pblock_dynamic_SLR2' means that all children of 'ip_psr_aresetn_pcie_slr2' are in the pblock. Changing the pblock assignment to 'ip_psr_aresetn_pcie_slr2'. [/home/devsounio/cs6_chained_taylor41_20260804/xclbin-build10/_x_link/link/vivado/vpl/prj/prj.gen/my_rm/bd/ulp/ip/ulp_ip_psr_aresetn_pcie_slr2_0/ulp_ip_psr_aresetn_pcie_slr2_0_slr.xdc:55]
Finished Parsing XDC File [/home/devsounio/cs6_chained_taylor41_20260804/xclbin-build10/_x_link/link/vivado/vpl/prj/prj.gen/my_rm/bd/ulp/ip/ulp_ip_psr_aresetn_pcie_slr2_0/ulp_ip_psr_aresetn_pcie_slr2_0_slr.xdc] for cell 'level0_i/level1/level1_i/ulp/ip_psr_aresetn_pcie_slr2/U0'
Parsing XDC File [/home/devsounio/cs6_chained_taylor41_20260804/xclbin-build10/_x_link/link/vivado/vpl/prj/prj.gen/my_rm/bd/ulp/ip/ulp_ip_psr_aresetn_pcie_slr3_0/ulp_ip_psr_aresetn_pcie_slr3_0_slr.xdc] for cell 'level0_i/level1/level1_i/ulp/ip_psr_aresetn_pcie_slr3/U0'
INFO: [Vivado 12-3520] Assignment of 'BSR_OUT_DFF[0].FDRE_BSR, EXT_LPF, ACTIVE_LOW_PR_OUT_DFF[0].FDRE_PER_N, ACTIVE_LOW_BSR_OUT_DFF[0].FDRE_BSR_N, FDRE_inst, GND, PR_OUT_DFF[0].FDRE_PER, SEQ, and VCC' to a pblock 'pblock_dynamic_SLR3' means that all children of 'ip_psr_aresetn_pcie_slr3' are in the pblock. Changing the pblock assignment to 'ip_psr_aresetn_pcie_slr3'. [/home/devsounio/cs6_chained_taylor41_20260804/xclbin-build10/_x_link/link/vivado/vpl/prj/prj.gen/my_rm/bd/ulp/ip/ulp_ip_psr_aresetn_pcie_slr3_0/ulp_ip_psr_aresetn_pcie_slr3_0_slr.xdc:55]
Finished Parsing XDC File [/home/devsounio/cs6_chained_taylor41_20260804/xclbin-build10/_x_link/link/vivado/vpl/prj/prj.gen/my_rm/bd/ulp/ip/ulp_ip_psr_aresetn_pcie_slr3_0/ulp_ip_psr_aresetn_pcie_slr3_0_slr.xdc] for cell 'level0_i/level1/level1_i/ulp/ip_psr_aresetn_pcie_slr3/U0'
Parsing XDC File [/home/devsounio/cs6_chained_taylor41_20260804/xclbin-build10/_x_link/link/vivado/vpl/prj/prj.gen/my_rm/bd/ulp/ip/ulp_ip_psr_aresetn_freerun_slr0_0/ulp_ip_psr_aresetn_freerun_slr0_0_slr.xdc] for cell 'level0_i/level1/level1_i/ulp/ip_psr_aresetn_freerun_slr0/U0'
INFO: [Vivado 12-3520] Assignment of 'BSR_OUT_DFF[0].FDRE_BSR, EXT_LPF, ACTIVE_LOW_PR_OUT_DFF[0].FDRE_PER_N, ACTIVE_LOW_BSR_OUT_DFF[0].FDRE_BSR_N, FDRE_inst, GND, PR_OUT_DFF[0].FDRE_PER, SEQ, and VCC' to a pblock 'pblock_dynamic_SLR0' means that all children of 'ip_psr_aresetn_freerun_slr0' are in the pblock. Changing the pblock assignment to 'ip_psr_aresetn_freerun_slr0'. [/home/devsounio/cs6_chained_taylor41_20260804/xclbin-build10/_x_link/link/vivado/vpl/prj/prj.gen/my_rm/bd/ulp/ip/ulp_ip_psr_aresetn_freerun_slr0_0/ulp_ip_psr_aresetn_freerun_slr0_0_slr.xdc:55]
Finished Parsing XDC File [/home/devsounio/cs6_chained_taylor41_20260804/xclbin-build10/_x_link/link/vivado/vpl/prj/prj.gen/my_rm/bd/ulp/ip/ulp_ip_psr_aresetn_freerun_slr0_0/ulp_ip_psr_aresetn_freerun_slr0_0_slr.xdc] for cell 'level0_i/level1/level1_i/ulp/ip_psr_aresetn_freerun_slr0/U0'
Parsing XDC File [/home/devsounio/cs6_chained_taylor41_20260804/xclbin-build10/_x_link/link/vivado/vpl/prj/prj.gen/my_rm/bd/ulp/ip/ulp_ip_psr_aresetn_freerun_slr1_0/ulp_ip_psr_aresetn_freerun_slr1_0_slr.xdc] for cell 'level0_i/level1/level1_i/ulp/ip_psr_aresetn_freerun_slr1/U0'
INFO: [Vivado 12-3520] Assignment of 'BSR_OUT_DFF[0].FDRE_BSR, EXT_LPF, ACTIVE_LOW_PR_OUT_DFF[0].FDRE_PER_N, ACTIVE_LOW_BSR_OUT_DFF[0].FDRE_BSR_N, FDRE_inst, GND, PR_OUT_DFF[0].FDRE_PER, SEQ, and VCC' to a pblock 'pblock_dynamic_SLR1' means that all children of 'ip_psr_aresetn_freerun_slr1' are in the pblock. Changing the pblock assignment to 'ip_psr_aresetn_freerun_slr1'. [/home/devsounio/cs6_chained_taylor41_20260804/xclbin-build10/_x_link/link/vivado/vpl/prj/prj.gen/my_rm/bd/ulp/ip/ulp_ip_psr_aresetn_freerun_slr1_0/ulp_ip_psr_aresetn_freerun_slr1_0_slr.xdc:55]
Finished Parsing XDC File [/home/devsounio/cs6_chained_taylor41_20260804/xclbin-build10/_x_link/link/vivado/vpl/prj/prj.gen/my_rm/bd/ulp/ip/ulp_ip_psr_aresetn_freerun_slr1_0/ulp_ip_psr_aresetn_freerun_slr1_0_slr.xdc] for cell 'level0_i/level1/level1_i/ulp/ip_psr_aresetn_freerun_slr1/U0'
Parsing XDC File [/home/devsounio/cs6_chained_taylor41_20260804/xclbin-build10/_x_link/link/vivado/vpl/prj/prj.gen/my_rm/bd/ulp/ip/ulp_ip_psr_aresetn_freerun_slr2_0/ulp_ip_psr_aresetn_freerun_slr2_0_slr.xdc] for cell 'level0_i/level1/level1_i/ulp/ip_psr_aresetn_freerun_slr2/U0'
INFO: [Vivado 12-3520] Assignment of 'BSR_OUT_DFF[0].FDRE_BSR, EXT_LPF, ACTIVE_LOW_PR_OUT_DFF[0].FDRE_PER_N, ACTIVE_LOW_BSR_OUT_DFF[0].FDRE_BSR_N, FDRE_inst, GND, PR_OUT_DFF[0].FDRE_PER, SEQ, and VCC' to a pblock 'pblock_dynamic_SLR2' means that all children of 'ip_psr_aresetn_freerun_slr2' are in the pblock. Changing the pblock assignment to 'ip_psr_aresetn_freerun_slr2'. [/home/devsounio/cs6_chained_taylor41_20260804/xclbin-build10/_x_link/link/vivado/vpl/prj/prj.gen/my_rm/bd/ulp/ip/ulp_ip_psr_aresetn_freerun_slr2_0/ulp_ip_psr_aresetn_freerun_slr2_0_slr.xdc:55]
Finished Parsing XDC File [/home/devsounio/cs6_chained_taylor41_20260804/xclbin-build10/_x_link/link/vivado/vpl/prj/prj.gen/my_rm/bd/ulp/ip/ulp_ip_psr_aresetn_freerun_slr2_0/ulp_ip_psr_aresetn_freerun_slr2_0_slr.xdc] for cell 'level0_i/level1/level1_i/ulp/ip_psr_aresetn_freerun_slr2/U0'
Parsing XDC File [/home/devsounio/cs6_chained_taylor41_20260804/xclbin-build10/_x_link/link/vivado/vpl/prj/prj.gen/my_rm/bd/ulp/ip/ulp_ip_psr_aresetn_freerun_slr3_0/ulp_ip_psr_aresetn_freerun_slr3_0_slr.xdc] for cell 'level0_i/level1/level1_i/ulp/ip_psr_aresetn_freerun_slr3/U0'
INFO: [Vivado 12-3520] Assignment of 'BSR_OUT_DFF[0].FDRE_BSR, EXT_LPF, ACTIVE_LOW_PR_OUT_DFF[0].FDRE_PER_N, ACTIVE_LOW_BSR_OUT_DFF[0].FDRE_BSR_N, FDRE_inst, GND, PR_OUT_DFF[0].FDRE_PER, SEQ, and VCC' to a pblock 'pblock_dynamic_SLR3' means that all children of 'ip_psr_aresetn_freerun_slr3' are in the pblock. Changing the pblock assignment to 'ip_psr_aresetn_freerun_slr3'. [/home/devsounio/cs6_chained_taylor41_20260804/xclbin-build10/_x_link/link/vivado/vpl/prj/prj.gen/my_rm/bd/ulp/ip/ulp_ip_psr_aresetn_freerun_slr3_0/ulp_ip_psr_aresetn_freerun_slr3_0_slr.xdc:55]
Finished Parsing XDC File [/home/devsounio/cs6_chained_taylor41_20260804/xclbin-build10/_x_link/link/vivado/vpl/prj/prj.gen/my_rm/bd/ulp/ip/ulp_ip_psr_aresetn_freerun_slr3_0/ulp_ip_psr_aresetn_freerun_slr3_0_slr.xdc] for cell 'level0_i/level1/level1_i/ulp/ip_psr_aresetn_freerun_slr3/U0'
WARNING: [Vivado_Tcl 4-935] Waiver ID 'CDC-6' is a duplicate and will not be added again. [/opt/amd/2025.1/Vivado/data/ip/xpm/xpm_cdc/tcl/xpm_cdc_gray.tcl:23]
WARNING: [Vivado_Tcl 4-935] Waiver ID 'CDC-6' is a duplicate and will not be added again. [/opt/amd/2025.1/Vivado/data/ip/xpm/xpm_cdc/tcl/xpm_cdc_gray.tcl:23]
WARNING: [Vivado_Tcl 4-935] Waiver ID 'CDC-6' is a duplicate and will not be added again. [/opt/amd/2025.1/Vivado/data/ip/xpm/xpm_cdc/tcl/xpm_cdc_gray.tcl:23]
WARNING: [Vivado_Tcl 4-935] Waiver ID 'CDC-6' is a duplicate and will not be added again. [/opt/amd/2025.1/Vivado/data/ip/xpm/xpm_cdc/tcl/xpm_cdc_gray.tcl:23]
WARNING: [Vivado_Tcl 4-935] Waiver ID 'CDC-6' is a duplicate and will not be added again. [/opt/amd/2025.1/Vivado/data/ip/xpm/xpm_cdc/tcl/xpm_cdc_gray.tcl:23]
WARNING: [Vivado_Tcl 4-935] Waiver ID 'CDC-6' is a duplicate and will not be added again. [/opt/amd/2025.1/Vivado/data/ip/xpm/xpm_cdc/tcl/xpm_cdc_gray.tcl:23]
WARNING: [Vivado_Tcl 4-935] Waiver ID 'CDC-6' is a duplicate and will not be added again. [/opt/amd/2025.1/Vivado/data/ip/xpm/xpm_cdc/tcl/xpm_cdc_gray.tcl:23]
WARNING: [XPM_CDC_GRAY: TCL-1000] The source and destination clocks are the same. 
     Instance: level0_i/blp/blp_i/ss_hif/inst/flash_programmer/U0/NO_DUAL_QUAD_MODE.QSPI_NORMAL/QSPI_LEGACY_MD_GEN.QSPI_CORE_INTERFACE_I/FIFO_EXISTS.TX_FIFO_II/xpm_fifo_instance.xpm_fifo_async_inst/gnuram_async_fifo.xpm_fifo_base_inst/gen_cdc_pntr.rd_pntr_cdc_inst 
  This will add unnecessary latency to the design. Please check the design for the following: 
 1) Manually instantiated XPM_CDC modules: AMD recommends that you remove these modules. 
 2) AMD IP that contains XPM_CDC modules: Verify the connections to the IP to determine whether you can safely ignore this message.
 [/opt/amd/2025.1/Vivado/data/ip/xpm/xpm_cdc/tcl/xpm_cdc_gray.tcl:16]
WARNING: [Vivado_Tcl 4-935] Waiver ID 'CDC-6' is a duplicate and will not be added again. [/opt/amd/2025.1/Vivado/data/ip/xpm/xpm_cdc/tcl/xpm_cdc_gray.tcl:23]
WARNING: [XPM_CDC_GRAY: TCL-1000] The source and destination clocks are the same. 
     Instance: level0_i/blp/blp_i/ss_hif/inst/flash_programmer/U0/NO_DUAL_QUAD_MODE.QSPI_NORMAL/QSPI_LEGACY_MD_GEN.QSPI_CORE_INTERFACE_I/FIFO_EXISTS.RX_FIFO_II/gnuram_async_fifo.xpm_fifo_base_inst/gen_cdc_pntr.wr_pntr_cdc_inst 
  This will add unnecessary latency to the design. Please check the design for the following: 
 1) Manually instantiated XPM_CDC modules: AMD recommends that you remove these modules. 
 2) AMD IP that contains XPM_CDC modules: Verify the connections to the IP to determine whether you can safely ignore this message.
 [/opt/amd/2025.1/Vivado/data/ip/xpm/xpm_cdc/tcl/xpm_cdc_gray.tcl:16]
WARNING: [Vivado_Tcl 4-935] Waiver ID 'CDC-6' is a duplicate and will not be added again. [/opt/amd/2025.1/Vivado/data/ip/xpm/xpm_cdc/tcl/xpm_cdc_gray.tcl:23]
WARNING: [XPM_CDC_GRAY: TCL-1000] The source and destination clocks are the same. 
     Instance: level0_i/blp/blp_i/ss_hif/inst/flash_programmer/U0/NO_DUAL_QUAD_MODE.QSPI_NORMAL/QSPI_LEGACY_MD_GEN.QSPI_CORE_INTERFACE_I/FIFO_EXISTS.RX_FIFO_II/gnuram_async_fifo.xpm_fifo_base_inst/gen_cdc_pntr.rd_pntr_cdc_inst 
  This will add unnecessary latency to the design. Please check the design for the following: 
 1) Manually instantiated XPM_CDC modules: AMD recommends that you remove these modules. 
 2) AMD IP that contains XPM_CDC modules: Verify the connections to the IP to determine whether you can safely ignore this message.
 [/opt/amd/2025.1/Vivado/data/ip/xpm/xpm_cdc/tcl/xpm_cdc_gray.tcl:16]
WARNING: [Vivado_Tcl 4-935] Waiver ID 'CDC-6' is a duplicate and will not be added again. [/opt/amd/2025.1/Vivado/data/ip/xpm/xpm_cdc/tcl/xpm_cdc_gray.tcl:23]
WARNING: [XPM_CDC_GRAY: TCL-1000] The source and destination clocks are the same. 
     Instance: level0_i/blp/blp_i/ss_hif/inst/flash_programmer/U0/NO_DUAL_QUAD_MODE.QSPI_NORMAL/QSPI_LEGACY_MD_GEN.QSPI_CORE_INTERFACE_I/FIFO_EXISTS.TX_FIFO_II/xpm_fifo_instance.xpm_fifo_async_inst/gnuram_async_fifo.xpm_fifo_base_inst/gen_cdc_pntr.wr_pntr_cdc_inst 
  This will add unnecessary latency to the design. Please check the design for the following: 
 1) Manually instantiated XPM_CDC modules: AMD recommends that you remove these modules. 
 2) AMD IP that contains XPM_CDC modules: Verify the connections to the IP to determine whether you can safely ignore this message.
 [/opt/amd/2025.1/Vivado/data/ip/xpm/xpm_cdc/tcl/xpm_cdc_gray.tcl:16]
WARNING: [Vivado_Tcl 4-935] Waiver ID 'CDC-6' is a duplicate and will not be added again. [/opt/amd/2025.1/Vivado/data/ip/xpm/xpm_cdc/tcl/xpm_cdc_gray.tcl:23]
WARNING: [XPM_CDC_GRAY: TCL-1000] The source and destination clocks are the same. 
     Instance: level0_i/blp/blp_i/ss_hif/inst/flash_programmer/U0/NO_DUAL_QUAD_MODE.QSPI_NORMAL/QSPI_LEGACY_MD_GEN.QSPI_CORE_INTERFACE_I/FIFO_EXISTS.RX_FIFO_II/gnuram_async_fifo.xpm_fifo_base_inst/gen_cdc_pntr.wr_pntr_cdc_dc_inst 
  This will add unnecessary latency to the design. Please check the design for the following: 
 1) Manually instantiated XPM_CDC modules: AMD recommends that you remove these modules. 
 2) AMD IP that contains XPM_CDC modules: Verify the connections to the IP to determine whether you can safely ignore this message.
 [/opt/amd/2025.1/Vivado/data/ip/xpm/xpm_cdc/tcl/xpm_cdc_gray.tcl:16]
WARNING: [Vivado_Tcl 4-935] Waiver ID 'CDC-6' is a duplicate and will not be added again. [/opt/amd/2025.1/Vivado/data/ip/xpm/xpm_cdc/tcl/xpm_cdc_gray.tcl:23]
WARNING: [XPM_CDC_GRAY: TCL-1000] The source and destination clocks are the same. 
     Instance: level0_i/blp/blp_i/ss_hif/inst/flash_programmer/U0/NO_DUAL_QUAD_MODE.QSPI_NORMAL/QSPI_LEGACY_MD_GEN.QSPI_CORE_INTERFACE_I/FIFO_EXISTS.TX_FIFO_II/xpm_fifo_instance.xpm_fifo_async_inst/gnuram_async_fifo.xpm_fifo_base_inst/gen_cdc_pntr.rd_pntr_cdc_dc_inst 
  This will add unnecessary latency to the design. Please check the design for the following: 
 1) Manually instantiated XPM_CDC modules: AMD recommends that you remove these modules. 
 2) AMD IP that contains XPM_CDC modules: Verify the connections to the IP to determine whether you can safely ignore this message.
 [/opt/amd/2025.1/Vivado/data/ip/xpm/xpm_cdc/tcl/xpm_cdc_gray.tcl:16]
WARNING: [Vivado_Tcl 4-935] Waiver ID 'CDC-6' is a duplicate and will not be added again. [/opt/amd/2025.1/Vivado/data/ip/xpm/xpm_cdc/tcl/xpm_cdc_gray.tcl:23]
WARNING: [Vivado_Tcl 4-935] Waiver ID 'CDC-6' is a duplicate and will not be added again. [/opt/amd/2025.1/Vivado/data/ip/xpm/xpm_cdc/tcl/xpm_cdc_gray.tcl:23]
WARNING: [Vivado_Tcl 4-935] Waiver ID 'CDC-6' is a duplicate and will not be added again. [/opt/amd/2025.1/Vivado/data/ip/xpm/xpm_cdc/tcl/xpm_cdc_gray.tcl:23]
WARNING: [Vivado_Tcl 4-935] Waiver ID 'CDC-6' is a duplicate and will not be added again. [/opt/amd/2025.1/Vivado/data/ip/xpm/xpm_cdc/tcl/xpm_cdc_gray.tcl:23]
WARNING: [Vivado_Tcl 4-935] Waiver ID 'CDC-6' is a duplicate and will not be added again. [/opt/amd/2025.1/Vivado/data/ip/xpm/xpm_cdc/tcl/xpm_cdc_gray.tcl:23]
WARNING: [Vivado_Tcl 4-935] Waiver ID 'CDC-6' is a duplicate and will not be added again. [/opt/amd/2025.1/Vivado/data/ip/xpm/xpm_cdc/tcl/xpm_cdc_gray.tcl:23]
WARNING: [Vivado_Tcl 4-935] Waiver ID 'CDC-6' is a duplicate and will not be added again. [/opt/amd/2025.1/Vivado/data/ip/xpm/xpm_cdc/tcl/xpm_cdc_gray.tcl:23]
WARNING: [Vivado_Tcl 4-935] Waiver ID 'CDC-6' is a duplicate and will not be added again. [/opt/amd/2025.1/Vivado/data/ip/xpm/xpm_cdc/tcl/xpm_cdc_gray.tcl:23]
WARNING: [Vivado_Tcl 4-935] Waiver ID 'CDC-6' is a duplicate and will not be added again. [/opt/amd/2025.1/Vivado/data/ip/xpm/xpm_cdc/tcl/xpm_cdc_gray.tcl:23]
WARNING: [Vivado_Tcl 4-935] Waiver ID 'CDC-15' is a duplicate and will not be added again. [/opt/amd/2025.1/Vivado/data/ip/xpm/xpm_cdc/tcl/xpm_cdc_handshake.tcl:30]
WARNING: [Vivado_Tcl 4-935] Waiver ID 'CDC-15' is a duplicate and will not be added again. [/opt/amd/2025.1/Vivado/data/ip/xpm/xpm_cdc/tcl/xpm_cdc_handshake.tcl:30]
WARNING: [Vivado_Tcl 4-935] Waiver ID 'CDC-15' is a duplicate and will not be added again. [/opt/amd/2025.1/Vivado/data/ip/xpm/xpm_cdc/tcl/xpm_cdc_handshake.tcl:30]
WARNING: [Vivado_Tcl 4-935] Waiver ID 'CDC-15' is a duplicate and will not be added again. [/opt/amd/2025.1/Vivado/data/ip/xpm/xpm_cdc/tcl/xpm_cdc_handshake.tcl:30]
WARNING: [Vivado_Tcl 4-935] Waiver ID 'CDC-15' is a duplicate and will not be added again. [/opt/amd/2025.1/Vivado/data/ip/xpm/xpm_cdc/tcl/xpm_cdc_handshake.tcl:30]
WARNING: [Vivado_Tcl 4-935] Waiver ID 'CDC-15' is a duplicate and will not be added again. [/opt/amd/2025.1/Vivado/data/ip/xpm/xpm_cdc/tcl/xpm_cdc_handshake.tcl:30]
WARNING: [Vivado_Tcl 4-935] Waiver ID 'CDC-15' is a duplicate and will not be added again. [/opt/amd/2025.1/Vivado/data/ip/xpm/xpm_cdc/tcl/xpm_cdc_handshake.tcl:30]
WARNING: [Vivado_Tcl 4-935] Waiver ID 'CDC-15' is a duplicate and will not be added again. [/opt/amd/2025.1/Vivado/data/ip/xpm/xpm_cdc/tcl/xpm_cdc_handshake.tcl:30]
WARNING: [Vivado_Tcl 4-935] Waiver ID 'CDC-15' is a duplicate and will not be added again. [/opt/amd/2025.1/Vivado/data/ip/xpm/xpm_cdc/tcl/xpm_cdc_handshake.tcl:30]
WARNING: [Vivado_Tcl 4-935] Waiver ID 'CDC-15' is a duplicate and will not be added again. [/opt/amd/2025.1/Vivado/data/ip/xpm/xpm_cdc/tcl/xpm_cdc_handshake.tcl:30]
WARNING: [Vivado_Tcl 4-935] Waiver ID 'CDC-15' is a duplicate and will not be added again. [/opt/amd/2025.1/Vivado/data/ip/xpm/xpm_cdc/tcl/xpm_cdc_handshake.tcl:30]
WARNING: [Vivado_Tcl 4-935] Waiver ID 'CDC-15' is a duplicate and will not be added again. [/opt/amd/2025.1/Vivado/data/ip/xpm/xpm_cdc/tcl/xpm_cdc_handshake.tcl:30]
WARNING: [Vivado_Tcl 4-935] Waiver ID 'CDC-15' is a duplicate and will not be added again. [/opt/amd/2025.1/Vivado/data/ip/xpm/xpm_cdc/tcl/xpm_cdc_handshake.tcl:30]
WARNING: [Vivado_Tcl 4-935] Waiver ID 'CDC-15' is a duplicate and will not be added again. [/opt/amd/2025.1/Vivado/data/ip/xpm/xpm_cdc/tcl/xpm_cdc_handshake.tcl:30]
WARNING: [Vivado_Tcl 4-935] Waiver ID 'CDC-15' is a duplicate and will not be added again. [/opt/amd/2025.1/Vivado/data/ip/xpm/xpm_cdc/tcl/xpm_cdc_handshake.tcl:30]
WARNING: [Vivado_Tcl 4-935] Waiver ID 'CDC-15' is a duplicate and will not be added again. [/opt/amd/2025.1/Vivado/data/ip/xpm/xpm_cdc/tcl/xpm_cdc_handshake.tcl:30]
WARNING: [Vivado_Tcl 4-935] Waiver ID 'CDC-15' is a duplicate and will not be added again. [/opt/amd/2025.1/Vivado/data/ip/xpm/xpm_cdc/tcl/xpm_cdc_handshake.tcl:30]
WARNING: [Vivado_Tcl 4-935] Waiver ID 'CDC-15' is a duplicate and will not be added again. [/opt/amd/2025.1/Vivado/data/ip/xpm/xpm_cdc/tcl/xpm_cdc_handshake.tcl:30]
WARNING: [Vivado_Tcl 4-921] Waiver ID 'CDC-15' -to list should not be empty. [/opt/amd/2025.1/Vivado/data/ip/xpm/xpm_cdc/tcl/xpm_cdc_handshake.tcl:30]
WARNING: [Vivado_Tcl 4-935] Waiver ID 'CDC-15' is a duplicate and will not be added again. [/opt/amd/2025.1/Vivado/data/ip/xpm/xpm_cdc/tcl/xpm_cdc_handshake.tcl:30]
WARNING: [Vivado_Tcl 4-935] Waiver ID 'CDC-15' is a duplicate and will not be added again. [/opt/amd/2025.1/Vivado/data/ip/xpm/xpm_cdc/tcl/xpm_cdc_handshake.tcl:30]
WARNING: [Vivado_Tcl 4-935] Waiver ID 'CDC-15' is a duplicate and will not be added again. [/opt/amd/2025.1/Vivado/data/ip/xpm/xpm_cdc/tcl/xpm_cdc_handshake.tcl:30]
WARNING: [Vivado_Tcl 4-935] Waiver ID 'CDC-15' is a duplicate and will not be added again. [/opt/amd/2025.1/Vivado/data/ip/xpm/xpm_cdc/tcl/xpm_cdc_handshake.tcl:30]
WARNING: [Vivado_Tcl 4-935] Waiver ID 'CDC-15' is a duplicate and will not be added again. [/opt/amd/2025.1/Vivado/data/ip/xpm/xpm_cdc/tcl/xpm_cdc_handshake.tcl:30]
WARNING: [Vivado_Tcl 4-935] Waiver ID 'CDC-15' is a duplicate and will not be added again. [/opt/amd/2025.1/Vivado/data/ip/xpm/xpm_cdc/tcl/xpm_cdc_handshake.tcl:30]
WARNING: [Vivado_Tcl 4-935] Waiver ID 'CDC-15' is a duplicate and will not be added again. [/opt/amd/2025.1/Vivado/data/ip/xpm/xpm_cdc/tcl/xpm_cdc_handshake.tcl:30]
WARNING: [Vivado_Tcl 4-935] Waiver ID 'CDC-15' is a duplicate and will not be added again. [/opt/amd/2025.1/Vivado/data/ip/xpm/xpm_cdc/tcl/xpm_cdc_handshake.tcl:30]
WARNING: [Vivado_Tcl 4-935] Waiver ID 'CDC-15' is a duplicate and will not be added again. [/opt/amd/2025.1/Vivado/data/ip/xpm/xpm_cdc/tcl/xpm_cdc_handshake.tcl:30]
WARNING: [Vivado_Tcl 4-935] Waiver ID 'CDC-15' is a duplicate and will not be added again. [/opt/amd/2025.1/Vivado/data/ip/xpm/xpm_cdc/tcl/xpm_cdc_handshake.tcl:30]
WARNING: [Vivado_Tcl 4-935] Waiver ID 'CDC-15' is a duplicate and will not be added again. [/opt/amd/2025.1/Vivado/data/ip/xpm/xpm_cdc/tcl/xpm_cdc_handshake.tcl:30]
WARNING: [Vivado_Tcl 4-935] Waiver ID 'CDC-15' is a duplicate and will not be added again. [/opt/amd/2025.1/Vivado/data/ip/xpm/xpm_cdc/tcl/xpm_cdc_handshake.tcl:30]
INFO: [Project 1-1714] 624 XPM XDC files have been applied to the design.
INFO: [Opt 31-138] Pushed 0 inverter(s) to 0 load pin(s).
WARNING: [Memdata 28-80] Empty top found while merging BMM files!
INFO: [Memdata 28-144] Successfully populated the BRAM INIT strings from the following elf files: /home/devsounio/cs6_chained_taylor41_20260804/xclbin-build10/_x_link/link/vivado/vpl/prj/prj.gen/my_rm/bd/ulp/ip/ulp_memory_subsystem_0/bd_0/ip/ip_19/sw/calibration_0/Debug/calibration_ddr.elf 
INFO: [Project 1-1687] 124 scoped IP constraints or related sub-commands were skipped due to synthesis logic optimizations usually triggered by constant connectivity or unconnected output pins. To review the skipped constraints and messages, run the command 'set_param netlist.IPMsgFiltering false' before opening the design.
Netlist sorting complete. Time (s): cpu = 00:00:00.74 ; elapsed = 00:00:00.75 . Memory (MB): peak = 18693.281 ; gain = 0.000 ; free physical = 15756 ; free virtual = 54676
INFO: [Project 1-111] Unisim Transformation Summary:
  A total of 4737 instances were transformed.
  DSP48E1 => DSP48E2 (DSP_ALU, DSP_A_B_DATA, DSP_C_DATA, DSP_MULTIPLIER, DSP_M_DATA, DSP_OUTPUT, DSP_PREADD, DSP_PREADD_DATA): 7 instances
  DSP48E2 => DSP48E2 (DSP_ALU, DSP_A_B_DATA, DSP_C_DATA, DSP_MULTIPLIER, DSP_M_DATA, DSP_OUTPUT, DSP_PREADD, DSP_PREADD_DATA): 3211 instances
  IBUF => IBUF (IBUFCTRL, INBUF): 10 instances
  IBUFDS => IBUFDS (DIFFINBUF, IBUFCTRL): 2 instances
  IOBUFDS => IOBUFDS (DIFFINBUF, IBUFCTRL, INV, OBUFT(x2)): 18 instances
  IOBUFE3 => IOBUFE3 (IBUFCTRL, INBUF, OBUFT_DCIEN): 72 instances
  LUT6_2 => LUT6_2 (LUT5, LUT6): 110 instances
  OBUFDS => OBUFDS_DUAL_BUF (INV, OBUF(x2)): 1 instance 
  RAM16X1D => RAM32X1D (RAMD32(x2)): 275 instances
  RAM16X1S => RAM32X1S (RAMS32): 32 instances
  RAM32M => RAM32M (RAMD32(x6), RAMS32(x2)): 316 instances
  RAM32M16 => RAM32M16 (RAMD32(x14), RAMS32(x2)): 611 instances
  RAM32X1D => RAM32X1D (RAMD32(x2)): 56 instances
  RAM64M8 => RAM64M8 (RAMD64E(x8)): 8 instances
  RAM64X1D => RAM64X1D (RAMD64E(x2)): 8 instances

WARNING: [Constraints 18-5685] Specifying child pblock pblock_dynamic_SLR3 before parent pblock pblock_dynamic_region may result in the contents of the child being reassigned to parent after a "add_cells_to_pblock -pblock <parent>". If this is not intended, please read the parent pblock constraints first followed by its children pblock constraints. If using link_design flow, please use the PROCESSING_ORDER property for XDC files to make sure parent pblocks are processed before children pblocks. Refer UG912 to know more about PROCESSING_ORDER property of XDC files.
WARNING: [Constraints 18-5685] Specifying child pblock pblock_dynamic_SLR0 before parent pblock pblock_dynamic_region may result in the contents of the child being reassigned to parent after a "add_cells_to_pblock -pblock <parent>". If this is not intended, please read the parent pblock constraints first followed by its children pblock constraints. If using link_design flow, please use the PROCESSING_ORDER property for XDC files to make sure parent pblocks are processed before children pblocks. Refer UG912 to know more about PROCESSING_ORDER property of XDC files.
WARNING: [Constraints 18-5685] Specifying child pblock pblock_dynamic_SLR1 before parent pblock pblock_dynamic_region may result in the contents of the child being reassigned to parent after a "add_cells_to_pblock -pblock <parent>". If this is not intended, please read the parent pblock constraints first followed by its children pblock constraints. If using link_design flow, please use the PROCESSING_ORDER property for XDC files to make sure parent pblocks are processed before children pblocks. Refer UG912 to know more about PROCESSING_ORDER property of XDC files.
WARNING: [Constraints 18-5685] Specifying child pblock pblock_dynamic_SLR2 before parent pblock pblock_dynamic_region may result in the contents of the child being reassigned to parent after a "add_cells_to_pblock -pblock <parent>". If this is not intended, please read the parent pblock constraints first followed by its children pblock constraints. If using link_design flow, please use the PROCESSING_ORDER property for XDC files to make sure parent pblocks are processed before children pblocks. Refer UG912 to know more about PROCESSING_ORDER property of XDC files.
338 Infos, 292 Warnings, 1 Critical Warnings and 0 Errors encountered.
link_design completed successfully
link_design: Time (s): cpu = 00:33:09 ; elapsed = 00:16:51 . Memory (MB): peak = 18693.316 ; gain = 16945.613 ; free physical = 15756 ; free virtual = 54677
source /home/devsounio/cs6_chained_taylor41_20260804/xclbin-build10/_x_link/link/vivado/vpl/scripts/impl_1/_full_init_post.tcl
INFO: [Timing 38-35] Done setting XDC timing constraints.
get_clocks: Time (s): cpu = 00:05:09 ; elapsed = 00:01:06 . Memory (MB): peak = 18693.316 ; gain = 0.000 ; free physical = 15717 ; free virtual = 54639
ERROR: [Ip 78-110] Invalid part string Project
Parsing XDC File [/home/devsounio/cs6_chained_taylor41_20260804/xclbin-build10/_x_link/link/vivado/vpl/output/_user_impl_clk.xdc]
INFO: [Vivado 12-2286] Implicit search of objects for pattern 'level0_i/level1/level1_i/ulp/ss_ucs/inst/aclk_kernel_00_hierarchy/clkwiz_aclk_kernel_00/inst/CLK_CORE_DRP_I/clk_inst/mmcme4_adv_inst/CLKIN1' matched to 'pin' objects. [/home/devsounio/cs6_chained_taylor41_20260804/xclbin-build10/_x_link/link/vivado/vpl/output/_user_impl_clk.xdc:3]
Resolution: To avoid ambiguous patterns, provide proper objects using get commands e.g. [get_nets xyz].
INFO: [Vivado 12-2286] Implicit search of objects for pattern 'level0_i/level1/level1_i/ulp/ss_ucs/inst/aclk_kernel_00_hierarchy/clkwiz_aclk_kernel_00/inst/CLK_CORE_DRP_I/clk_inst/mmcme4_adv_inst/CLKOUT0' matched to 'pin' objects. [/home/devsounio/cs6_chained_taylor41_20260804/xclbin-build10/_x_link/link/vivado/vpl/output/_user_impl_clk.xdc:3]
Resolution: To avoid ambiguous patterns, provide proper objects using get commands e.g. [get_nets xyz].
WARNING: [Constraints 18-619] A clock with name 'clk_kernel_00_unbuffered_net' already exists, overwriting the previous clock with the same name. [/home/devsounio/cs6_chained_taylor41_20260804/xclbin-build10/_x_link/link/vivado/vpl/output/_user_impl_clk.xdc:3]
Finished Parsing XDC File [/home/devsounio/cs6_chained_taylor41_20260804/xclbin-build10/_x_link/link/vivado/vpl/output/_user_impl_clk.xdc]
source /home/devsounio/cs6_chained_taylor41_20260804/xclbin-build10/_x_link/link/vivado/vpl/scripts/impl_1/_full_opt_pre.tcl
Post-synthesis utilization DRC check...
available resources:
   luts      : 1488120
   registers : 2976240
   brams     : 2384
   dsps      : 10634
get_utilization: Time (s): cpu = 00:00:09 ; elapsed = 00:00:09 . Memory (MB): peak = 18737.469 ; gain = 0.000 ; free physical = 15715 ; free virtual = 54637
required resources:
   luts      : 1422000
   registers : 718502
   brams     : 1238.5
   dsps      : 3214
CRITICAL WARNING: The available LUTs may not be sufficient to accommodate the kernels
report_accelerator_utilization: Time (s): cpu = 00:00:15 ; elapsed = 00:00:16 . Memory (MB): peak = 18737.469 ; gain = 0.000 ; free physical = 15706 ; free virtual = 54627
report_utilization: Time (s): cpu = 00:00:28 ; elapsed = 00:00:29 . Memory (MB): peak = 18737.469 ; gain = 0.000 ; free physical = 15701 ; free virtual = 54622
INFO: System Diagram: Run step: synthed

get_pins: Time (s): cpu = 00:00:25 ; elapsed = 00:00:25 . Memory (MB): peak = 18737.469 ; gain = 0.000 ; free physical = 15700 ; free virtual = 54621
get_pins: Time (s): cpu = 00:00:25 ; elapsed = 00:00:25 . Memory (MB): peak = 18737.469 ; gain = 0.000 ; free physical = 15700 ; free virtual = 54621
Possible DDR4_MEM level0_i/level1/level1_i/ulp/memory_subsystem/inst/DDR4_MEM01_DIFF_CLK_clk_n level0_i/level1/level1_i/ulp/memory_subsystem/inst/DDR4_MEM01_DIFF_CLK_clk_p level0_i/level1/level1_i/ulp/memory_subsystem/inst/DDR4_MEM02_DIFF_CLK_clk_n level0_i/level1/level1_i/ulp/memory_subsystem/inst/DDR4_MEM02_DIFF_CLK_clk_p
get_pins: Time (s): cpu = 00:00:25 ; elapsed = 00:00:25 . Memory (MB): peak = 18737.469 ; gain = 0.000 ; free physical = 15699 ; free virtual = 54621
get_pins: Time (s): cpu = 00:00:25 ; elapsed = 00:00:25 . Memory (MB): peak = 18737.469 ; gain = 0.000 ; free physical = 15699 ; free virtual = 54620
WARNING: [Coretcl 2-30] Cannot find net 'level0_i/blp/blp_i/<const0> level0_i/blp/blp_i/blp_axi/axi_ic_mgmt_blp/m01_couplers/auto_cc/inst/gen_clock_conv.gen_async_lite_conv.clock_conv_lite_fwd_ar/handshake/<const0> level0_i/blp/blp_i/blp_axi/axi_ic_mgmt_blp/m01_couplers/auto_cc/inst/gen_clock_conv.gen_async_lite_conv.clock_conv_lite_fwd_ar/handshake/xpm_cdc_single_dest2src_inst/<const0> level0_i/blp/blp_i/blp_axi/axi_ic_mgmt_blp/m01_couplers/auto_cc/inst/gen_clock_conv.gen_async_lite_conv.clock_conv_lite_fwd_ar/handshake/xpm_cdc_single_src2dest_inst/<const0> level0_i/blp/blp_i/blp_axi/axi_ic_mgmt_blp/m01_couplers/auto_cc/inst/gen_clock_conv.gen_async_lite_conv.clock_conv_lite_fwd_aw/<const0> level0_i/blp/blp_i/blp_axi/axi_ic_mgmt_blp/m01_couplers/auto_cc/inst/gen_clock_conv.gen_async_lite_conv.clock_conv_lite_fwd_aw/handshake/<const0> level0_i/blp/blp_i/blp_axi/axi_ic_mgmt_blp/m01_couplers/auto_cc/inst/gen_clock_conv.gen_async_lite_conv.clock_conv_lite_fwd_aw/handshake/xpm_cdc_single_dest2src_inst/<const0> level0_i/blp/blp_i/blp_axi/axi_ic_mgmt_blp/m01_couplers/auto_cc/inst/gen_clock_conv.gen_async_lite_conv.clock_conv_lite_fwd_aw/handshake/xpm_cdc_single_src2dest_inst/<const0> level0_i/blp/blp_i/blp_axi/axi_ic_mgmt_blp/m01_couplers/auto_cc/inst/gen_clock_conv.gen_async_lite_conv.clock_conv_lite_fwd_w/handshake/<const0> level0_i/blp/blp_i/blp_axi/axi_ic_mgmt_blp/m01_couplers/auto_cc/inst/gen_clock_conv.gen_async_lite_conv.clock_conv_lite_fwd_w/handshake/xpm_cdc_single_dest2src_inst/<const0> level0_i/blp/blp_i/blp_axi/axi_ic_mgmt_blp/m01_couplers/auto_cc/inst/gen_clock_conv.gen_async_lite_conv.clock_conv_lite_fwd_w/handshake/xpm_cdc_single_src2dest_inst/<const0> level0_i/blp/blp_i/blp_axi/axi_ic_mgmt_blp/m01_couplers/auto_cc/inst/gen_clock_conv.gen_async_lite_conv.clock_conv_lite_resp_b/handshake/<const0> level0_i/blp/blp_i/blp_axi/axi_ic_mgmt_blp/m01_couplers/auto_cc/inst/gen_clock_conv.gen_async_lite_conv.clock_conv_lite_resp_b/handshake/xpm_cdc_single_dest2src_inst/<const0> level0_i/blp/blp_i/blp_axi/axi_ic_mgmt_blp/m01_couplers/auto_cc/inst/gen_clock_conv.gen_async_lite_conv.clock_conv_lite_resp_b/handshake/xpm_cdc_single_src2dest_inst/<const0> level0_i/blp/blp_i/blp_axi/axi_ic_mgmt_blp/m01_couplers/auto_cc/inst/gen_clock_conv.gen_async_lite_conv.clock_conv_lite_resp_r/handshake/<const0> level0_i/blp/blp_i/blp_axi/axi_ic_mgmt_blp/m01_couplers/auto_cc/inst/gen_clock_conv.gen_async_lite_conv.clock_conv_lite_resp_r/handshake/xpm_cdc_single_dest2src_inst/<const0> level0_i/blp/blp_i/blp_axi/axi_ic_mgmt_blp/m01_couplers/auto_cc/inst/gen_clock_conv.gen_async_lite_conv.clock_conv_lite_resp_r/handshake/xpm_cdc_single_src2dest_inst/<const0> level0_i/blp/blp_i/blp_axi/axi_ic_mgmt_blp/m02_couplers/auto_cc/inst/gen_clock_conv.gen_async_lite_conv.clock_conv_lite_fwd_ar/handshake/<const0> level0_i/blp/blp_i/blp_axi/axi_ic_mgmt_blp/m02_couplers/auto_cc/inst/gen_clock_conv.gen_async_lite_conv.clock_conv_lite_fwd_ar/handshake/xpm_cdc_single_dest2src_inst/<const0> level0_i/blp/blp_i/blp_axi/axi_ic_mgmt_blp/m02_couplers/auto_cc/inst/gen_clock_conv.gen_async_lite_conv.clock_conv_lite_fwd_ar/handshake/xpm_cdc_single_src2dest_inst/<const0> level0_i/blp/blp_i/blp_axi/axi_ic_mgmt_blp/m02_couplers/auto_cc/inst/gen_clock_conv.gen_async_lite_conv.clock_conv_lite_fwd_aw/<const0> level0_i/blp/blp_i/blp_axi/axi_ic_mgmt_blp/m02_couplers/auto_cc/inst/gen_clock_conv.gen_async_lite_conv.clock_conv_lite_fwd_aw/handshake/<const0> level0_i/blp/blp_i/blp_axi/axi_ic_mgmt_blp/m02_couplers/auto_cc/inst/gen_clock_conv.gen_async_lite_conv.clock_conv_lite_fwd_aw/handshake/xpm_cdc_single_dest2src_inst/<const0> level0_i/blp/blp_i/blp_axi/axi_ic_mgmt_blp/m02_couplers/auto_cc/inst/gen_clock_conv.gen_async_lite_conv.clock_conv_lite_fwd_aw/handshake/xpm_cdc_single_src2dest_inst/<const0> level0_i/blp/blp_i/blp_axi/axi_ic_mgmt_blp/m02_couplers/auto_cc/inst/gen_clock_conv.gen_async_lite_conv.clock_conv_lite_fwd_w/handshake/<const0> level0_i/blp/blp_i/blp_axi/axi_ic_mgmt_blp/m02_couplers/auto_cc/inst/gen_clock_conv.gen_async_lite_conv.clock_conv_lite_fwd_w/handshake/xpm_cdc_single_dest2src_inst/<const0> level0_i/blp/blp_i/blp_axi/axi_ic_mgmt_blp/m02_couplers/auto_cc/inst/gen_clock_conv.gen_async_lite_conv.clock_conv_lite_fwd_w/handshake/xpm_cdc_single_src2dest_inst/<const0> level0_i/blp/blp_i/blp_axi/axi_ic_mgmt_blp/m02_couplers/auto_cc/inst/gen_clock_conv.gen_async_lite_conv.clock_conv_lite_resp_b/handshake/<const0> level0_i/blp/blp_i/blp_axi/axi_ic_mgmt_blp/m02_couplers/auto_cc/inst/gen_clock_conv.gen_async_lite_conv.clock_conv_lite_resp_b/handshake/xpm_cdc_single_dest2src_inst/<const0> level0_i/blp/blp_i/blp_axi/axi_ic_mgmt_blp/m02_couplers/auto_cc/inst/gen_clock_conv.gen_async_lite_conv.clock_conv_lite_resp_b/handshake/xpm_cdc_single_src2dest_inst/<const0> level0_i/blp/blp_i/blp_axi/axi_ic_mgmt_blp/m02_couplers/auto_cc/inst/gen_clock_conv.gen_async_lite_conv.clock_conv_lite_resp_r/handshake/<const0> level0_i/blp/blp_i/blp_axi/axi_ic_mgmt_blp/m02_couplers/auto_cc/inst/gen_clock_conv.gen_async_lite_conv.clock_conv_lite_resp_r/handshake/xpm_cdc_single_dest2src_inst/<const0> level0_i/blp/blp_i/blp_axi/axi_ic_mgmt_blp/m02_couplers/auto_cc/inst/gen_clock_conv.gen_async_lite_conv.clock_conv_lite_resp_r/handshake/xpm_cdc_single_src2dest_inst/<const0> level0_i/blp/blp_i/blp_axi/axi_ic_mgmt_blp/xbar/inst/gen_sasd.crossbar_sasd_0/<const0> level0_i/blp/blp_i/blp_axi/axi_ic_mgmt_blp/xbar/inst/gen_sasd.crossbar_sasd_0/addr_arbiter_inst/<const0> level0_i/blp/blp_i/blp_axi/axi_ic_mgmt_blp/xbar/inst/gen_sasd.crossbar_sasd_0/gen_decerr.decerr_slave_inst/<const0> level0_i/blp/blp_i/blp_axi/axi_ic_mgmt_blp/xbar/inst/gen_sasd.crossbar_sasd_0/reg_slice_r/<const0> level0_i/blp/blp_i/blp_axi/axi_ic_mgmt_blp2plp/xbar/inst/gen_sasd.crossbar_sasd_0/<const0> level0_i/blp/blp_i/blp_axi/axi_ic_mgmt_blp2plp/xbar/inst/gen_sasd.crossbar_sasd_0/addr_arbiter_inst/<const0> level0_i/blp/blp_i/blp_axi/axi_ic_mgmt_blp2plp/xbar/inst/gen_sasd.crossbar_sasd_0/gen_decerr.decerr_slave_inst/<const0> level0_i/blp/blp_i/blp_axi/axi_ic_mgmt_blp2plp/xbar/inst/gen_sasd.crossbar_sasd_0/reg_slice_r/<const0> level0_i/blp/blp_i/freerun_clk/<const0> level0_i/blp/blp_i/ss_cmc/inst/<const0> level0_i/blp/blp_i/ss_cmc/inst/axi_bram_ctrl_firmware/U0/gext_inst.abcv4_0_ext_inst/GEN_AXI4LITE.I_AXI_LITE/<const0> level0_i/blp/blp_i/ss_cmc/inst/axi_bram_ctrl_regmap_cmc/U0/gext_inst.abcv4_0_ext_inst/GEN_AXI4LITE.I_AXI_LITE/<const0> level0_i/blp/blp_i/ss_cmc/inst/axi_bram_ctrl_regmap_host/U0/gext_inst.abcv4_0_ext_inst/GEN_AXI4LITE.I_AXI_LITE/<const0> level0_i/blp/blp_i/ss_cmc/inst/axi_gpio_cmc_mb_rst_n/U0/AXI_LITE_IPIF_I/I_SLAVE_ATTACHMENT/<const0> level0_i/blp/blp_i/ss_cmc/inst/axi_gpio_cmc_mb_rst_n/U0/AXI_LITE_IPIF_I/I_SLAVE_ATTACHMENT/I_DECODER/<const0> level0_i/blp/blp_i/ss_cmc/inst/axi_gpio_cmc_mb_rst_n/U0/gpio_core_1/<const0> level0_i/blp/blp_i/ss_cmc/inst/axi_gpio_hbm_temp/U0/AXI_LITE_IPIF_I/I_SLAVE_ATTACHMENT/<const0> level0_i/blp/blp_i/ss_cmc/inst/axi_gpio_hbm_temp/U0/AXI_LITE_IPIF_I/I_SLAVE_ATTACHMENT/I_DECODER/<const0> level0_i/blp/blp_i/ss_cmc/inst/axi_gpio_hbm_temp/U0/gpio_core_1/<const0> level0_i/blp/blp_i/ss_cmc/inst/axi_gpio_hbm_temp/U0/gpio_core_1/Not_Dual.INPUT_DOUBLE_REGS3/<const0> level0_i/blp/blp_i/ss_cmc/inst/axi_gpio_mb_intr/U0/AXI_LITE_IPIF_I/I_SLAVE_ATTACHMENT/<const0> level0_i/blp/blp_i/ss_cmc/inst/axi_gpio_mb_intr/U0/AXI_LITE_IPIF_I/I_SLAVE_ATTACHMENT/I_DECODER/<const0> level0_i/blp/blp_i/ss_cmc/inst/axi_gpio_mutex_cmc/U0/AXI_LITE_IPIF_I/I_SLAVE_ATTACHMENT/<const0> level0_i/blp/blp_i/ss_cmc/inst/axi_gpio_mutex_cmc/U0/AXI_LITE_IPIF_I/I_SLAVE_ATTACHMENT/I_DECODER/<const0> level0_i/blp/blp_i/ss_cmc/inst/axi_gpio_mutex_cmc/U0/gpio_core_1/<const0> level0_i/blp/blp_i/ss_cmc/inst/axi_gpio_mutex_cmc/U0/gpio_core_1/Dual.INPUT_DOUBLE_REGS4/<const0> level0_i/blp/blp_i/ss_cmc/inst/axi_gpio_mutex_host/U0/AXI_LITE_IPIF_I/I_SLAVE_ATTACHMENT/<const0> level0_i/blp/blp_i/ss_cmc/inst/axi_gpio_mutex_host/U0/AXI_LITE_IPIF_I/I_SLAVE_ATTACHMENT/I_DECODER/<const0> level0_i/blp/blp_i/ss_cmc/inst/axi_gpio_mutex_host/U0/gpio_core_1/<const0> level0_i/blp/blp_i/ss_cmc/inst/axi_gpio_mutex_host/U0/gpio_core_1/Dual.INPUT_DOUBLE_REGS5/<const0> level0_i/blp/blp_i/ss_cmc/inst/axi_gpio_timebase/U0/AXI_LITE_IPIF_I/I_SLAVE_ATTACHMENT/<const0> level0_i/blp/blp_i/ss_cmc/inst/axi_gpio_timebase/U0/AXI_LITE_IPIF_I/I_SLAVE_ATTACHMENT/I_DECODER/<const0> level0_i/blp/blp_i/ss_cmc/inst/axi_gpio_timebase/U0/gpio_core_1/<const0> level0_i/blp/blp_i/ss_cmc/inst/axi_gpio_timebase/U0/gpio_core_1/Not_Dual.INPUT_DOUBLE_REGS3/<const0> level0_i/blp/blp_i/ss_cmc/inst/axi_gpio_wdt/U0/AXI_LITE_IPIF_I/I_SLAVE_ATTACHMENT/<const0> level0_i/blp/blp_i/ss_cmc/inst/axi_gpio_wdt/U0/AXI_LITE_IPIF_I/I_SLAVE_ATTACHMENT/I_DECODER/<const0> level0_i/blp/blp_i/ss_cmc/inst/axi_gpio_wdt/U0/gpio_core_1/<const0> level0_i/blp/blp_i/ss_cmc/inst/axi_ic_cmc_local/s00_mmu/inst/<const0> level0_i/blp/blp_i/ss_cmc/inst/axi_ic_cmc_local/s00_mmu/inst/decerr_slave_inst/<const0> level0_i/blp/blp_i/ss_cmc/inst/axi_ic_cmc_local/s00_mmu/inst/register_slice_inst/ar.ar_pipe/<const0> level0_i/blp/blp_i/ss_cmc/inst/axi_ic_cmc_local/s00_mmu/inst/register_slice_inst/aw.aw_pipe/<const0> level0_i/blp/blp_i/ss_cmc/inst/axi_ic_cmc_local/xbar/inst/gen_sasd.crossbar_sasd_0/<const0> level0_i/blp/blp_i/ss_cmc/inst/axi_ic_cmc_local/xbar/inst/gen_sasd.crossbar_sasd_0/addr_arbiter_inst/<const0> level0_i/blp/blp_i/ss_cmc/inst/axi_ic_cmc_local/xbar/inst/gen_sasd.crossbar_sasd_0/gen_decerr.decerr_slave_inst/<const0> level0_i/blp/blp_i/ss_cmc/inst/axi_ic_cmc_local/xbar/inst/gen_sasd.crossbar_sasd_0/reg_slice_r/<const0> level0_i/blp/blp_i/ss_cmc/inst/axi_ic_mgmt/xbar/inst/gen_sasd.crossbar_sasd_0/<const0> level0_i/blp/blp_i/ss_cmc/inst/axi_ic_mgmt/xbar/inst/gen_sasd.crossbar_sasd_0/addr_arbiter_inst/<const0> level0_i/blp/blp_i/ss_cmc/inst/axi_ic_mgmt/xbar/inst/gen_sasd.crossbar_sasd_0/gen_decerr.decerr_slave_inst/<const0> level0_i/blp/blp_i/ss_cmc/inst/axi_ic_mgmt/xbar/inst/gen_sasd.crossbar_sasd_0/reg_slice_r/<const0> level0_i/blp/blp_i/ss_cmc/inst/axi_intc_cmc/U0/AXI_LITE_IPIF_I/I_SLAVE_ATTACHMENT/<const0> level0_i/blp/blp_i/ss_cmc/inst/axi_intc_cmc/U0/AXI_LITE_IPIF_I/I_SLAVE_ATTACHMENT/I_DECODER/<const0> level0_i/blp/blp_i/ss_cmc/inst/axi_intc_cmc/U0/INTC_CORE_I/<const0> level0_i/blp/blp_i/ss_cmc/inst/axi_intc_cmc/U0/INTC_CORE_I/IVAR_FAST_MODE_GEN.IVAR_REG_MEM_AXI_CLK_GEN.IVAR_REG_MEM_I/<const0> level0_i/blp/blp_i/ss_cmc/inst/axi_intc_host/U0/AXI_LITE_IPIF_I/I_SLAVE_ATTACHMENT/<const0> level0_i/blp/blp_i/ss_cmc/inst/axi_intc_host/U0/AXI_LITE_IPIF_I/I_SLAVE_ATTACHMENT/I_DECODER/<const0> level0_i/blp/blp_i/ss_cmc/inst/axi_intc_host/U0/INTC_CORE_I/<const0> level0_i/blp/blp_i/ss_cmc/inst/axi_timebase_wdt/U0/LEGACY_WDT.axi_timebase_wdt_i/AXI4_LITE_I/I_SLAVE_ATTACHMENT/<const0> level0_i/blp/blp_i/ss_cmc/inst/axi_timebase_wdt/U0/LEGACY_WDT.axi_timebase_wdt_i/AXI4_LITE_I/I_SLAVE_ATTACHMENT/I_DECODER/<const0> level0_i/blp/blp_i/ss_cmc/inst/axi_timebase_wdt/U0/LEGACY_WDT.axi_timebase_wdt_i/TIMEBASE_WDT_CORE_I/<const0> level0_i/blp/blp_i/ss_cmc/inst/axi_timebase_wdt/U0/LEGACY_WDT.axi_timebase_wdt_i/TIMEBASE_WDT_CORE_I/INPUT_DOUBLE_REGS3/<const0> level0_i/blp/blp_i/ss_cmc/inst/axi_uartlite_satellite/U0/AXI_LITE_IPIF_I/I_SLAVE_ATTACHMENT/<const0> level0_i/blp/blp_i/ss_cmc/inst/axi_uartlite_satellite/U0/AXI_LITE_IPIF_I/I_SLAVE_ATTACHMENT/I_DECODER/<const0> level0_i/blp/blp_i/ss_cmc/inst/axi_uartlite_satellite/U0/UARTLITE_CORE_I/<const0> level0_i/blp/blp_i/ss_cmc/inst/axi_uartlite_satellite/U0/UARTLITE_CORE_I/UARTLITE_RX_I/<const0> level0_i/blp/blp_i/ss_cmc/inst/axi_uartlite_satellite/U0/UARTLITE_CORE_I/UARTLITE_RX_I/INPUT_DOUBLE_REGS3/<const0> level0_i/blp/blp_i/ss_cmc/inst/axi_uartlite_satellite/U0/UARTLITE_CORE_I/UARTLITE_TX_I/<const0> level0_i/blp/blp_i/ss_cmc/inst/build_info_cmc/U0/<const0> level0_i/blp/blp_i/ss_cmc/inst/build_info_cmc/U0/axi_lite_ipif_1/I_SLAVE_ATTACHMENT/<const0> level0_i/blp/blp_i/ss_cmc/inst/build_info_cmc/U0/axi_lite_ipif_1/I_SLAVE_ATTACHMENT/I_DECODER/<const0> level0_i/blp/blp_i/ss_cmc/inst/build_info_host/U0/<const0> level0_i/blp/blp_i/ss_cmc/inst/build_info_host/U0/axi_lite_ipif_1/I_SLAVE_ATTACHMENT/<const0> level0_i/blp/blp_i/ss_cmc/inst/build_info_host/U0/axi_lite_ipif_1/I_SLAVE_ATTACHMENT/I_DECODER/<const0> level0_i/blp/blp_i/ss_cmc/inst/freerun_counter/U0/i_synth/i_baseblox.i_baseblox_counter/the_addsub/no_pipelining.the_addsub/i_lut6.i_lut6_addsub/<const0> level0_i/blp/blp_i/ss_cmc/inst/freerun_counter/U0/i_synth/i_baseblox.i_baseblox_counter/the_addsub/no_pipelining.the_addsub/i_lut6.i_lut6_addsub/i_q.i_simple.qreg/<const0> level0_i/blp/blp_i/ss_cmc/inst/microblaze_cmc/U0/MicroBlaze_Core_I/<const0> level0_i/blp/blp_i/ss_cmc/inst/microblaze_cmc/U0/MicroBlaze_Core_I/Performance.Core/<const0> level0_i/blp/blp_i/ss_cmc/inst/microblaze_cmc/U0/MicroBlaze_Core_I/Performance.Core/Data_Flow_I/MUL_Unit_I/Use_HW_MUL.Using_DSP48_Architectures.Doing_mul64.Virtex_MUL64.dsp_module_I2/Using_DSP48E1.DSP48E1_I1/<const0> level0_i/blp/blp_i/ss_cmc/inst/microblaze_cmc/U0/MicroBlaze_Core_I/Performance.Core/Data_Flow_I/MUL_Unit_I/Use_HW_MUL.Using_DSP48_Architectures.Doing_mul64.Virtex_MUL64.dsp_module_I3/Using_DSP48E1.DSP48E1_I1/<const0> level0_i/blp/blp_i/ss_cmc/inst/microblaze_cmc/U0/MicroBlaze_Core_I/Performance.Core/Data_Flow_I/MUL_Unit_I/Use_HW_MUL.Using_DSP48_Architectures.Doing_mul64.Virtex_MUL64.dsp_module_I4/Using_DSP48E1.DSP48E1_I1/<const0> level0_i/blp/blp_i/ss_cmc/inst/microblaze_cmc/U0/MicroBlaze_Core_I/Performance.Core/Data_Flow_I/MUL_Unit_I/Use_HW_MUL.Using_DSP48_Architectures.dsp_module_I1/Using_DSP48E1.DSP48E1_I1/<const0> level0_i/blp/blp_i/ss_cmc/inst/microblaze_cmc/U0/MicroBlaze_Core_I/Performance.Core/Data_Flow_I/Using_DAXI_ALU_Carry.Post_MUXCY_I/<const0> level0_i/blp/blp_i/ss_cmc/inst/microblaze_cmc/U0/MicroBlaze_Core_I/Performance.Core/Data_Flow_I/Using_Div_Unit.Div_unit_I1/<const0> level0_i/blp/blp_i/ss_cmc/inst/microblaze_cmc/U0/MicroBlaze_Core_I/Performance.Core/Data_Flow_I/Using_Div_Unit.Div_unit_I1/FPGA_Impl1.D_Handle[10].MUXCY_XOR_I/<const0> level0_i/blp/blp_i/ss_cmc/inst/microblaze_cmc/U0/MicroBlaze_Core_I/Performance.Core/Data_Flow_I/Using_Div_Unit.Div_unit_I1/FPGA_Impl1.D_Handle[11].MUXCY_XOR_I/<const0> level0_i/blp/blp_i/ss_cmc/inst/microblaze_cmc/U0/MicroBlaze_Core_I/Performance.Core/Data_Flow_I/Using_Div_Unit.Div_unit_I1/FPGA_Impl1.D_Handle[12].MUXCY_XOR_I/<const0> level0_i/blp/blp_i/ss_cmc/inst/microblaze_cmc/U0/MicroBlaze_Core_I/Performance.Core/Data_Flow_I/Using_Div_Unit.Div_unit_I1/FPGA_Impl1.D_Handle[13].MUXCY_XOR_I/<const0> level0_i/blp/blp_i/ss_cmc/inst/microblaze_cmc/U0/MicroBlaze_Core_I/Performance.Core/Data_Flow_I/Using_Div_Unit.Div_unit_I1/FPGA_Impl1.D_Handle[14].MUXCY_XOR_I/<const0> level0_i/blp/blp_i/ss_cmc/inst/microblaze_cmc/U0/MicroBlaze_Core_I/Performance.Core/Data_Flow_I/Using_Div_Unit.Div_unit_I1/FPGA_Impl1.D_Handle[15].MUXCY_XOR_I/<const0> level0_i/blp/blp_i/ss_cmc/inst/microblaze_cmc/U0/MicroBlaze_Core_I/Performance.Core/Data_Flow_I/Using_Div_Unit.Div_unit_I1/FPGA_Impl1.D_Handle[16].MUXCY_XOR_I/<const0> level0_i/blp/blp_i/ss_cmc/inst/microblaze_cmc/U0/MicroBlaze_Core_I/Performance.Core/Data_Flow_I/Using_Div_Unit.Div_unit_I1/FPGA_Impl1.D_Handle[17].MUXCY_XOR_I/<const0> level0_i/blp/blp_i/ss_cmc/inst/microblaze_cmc/U0/MicroBlaze_Core_I/Performance.Core/Data_Flow_I/Using_Div_Unit.Div_unit_I1/FPGA_Impl1.D_Handle[18].MUXCY_XOR_I/<const0> level0_i/blp/blp_i/ss_cmc/inst/microblaze_cmc/U0/MicroBlaze_Core_I/Performance.Core/Data_Flow_I/Using_Div_Unit.Div_unit_I1/FPGA_Impl1.D_Handle[19].MUXCY_XOR_I/<const0> level0_i/blp/blp_i/ss_cmc/inst/microblaze_cmc/U0/MicroBlaze_Core_I/Performance.Core/Data_Flow_I/Using_Div_Unit.Div_unit_I1/FPGA_Impl1.D_Handle[1].MUXCY_XOR_I/<const0> level0_i/blp/blp_i/ss_cmc/inst/microblaze_cmc/U0/MicroBlaze_Core_I/Performance.Core/Data_Flow_I/Using_Div_Unit.Div_unit_I1/FPGA_Impl1.D_Handle[20].MUXCY_XOR_I/<const0> level0_i/blp/blp_i/ss_cmc/inst/microblaze_cmc/U0/MicroBlaze_Core_I/Performance.Core/Data_Flow_I/Using_Div_Unit.Div_unit_I1/FPGA_Impl1.D_Handle[21].MUXCY_XOR_I/<const0> level0_i/blp/blp_i/ss_cmc/inst/microblaze_cmc/U0/MicroBlaze_Core_I/Performance.Core/Data_Flow_I/Using_Div_Unit.Div_unit_I1/FPGA_Impl1.D_Handle[22].MUXCY_XOR_I/<const0> level0_i/blp/blp_i/ss_cmc/inst/microblaze_cmc/U0/MicroBlaze_Core_I/Performance.Core/Data_Flow_I/Using_Div_Unit.Div_unit_I1/FPGA_Impl1.D_Handle[23].MUXCY_XOR_I/<const0> level0_i/blp/blp_i/ss_cmc/inst/microblaze_cmc/U0/MicroBlaze_Core_I/Performance.Core/Data_Flow_I/Using_Div_Unit.Div_unit_I1/FPGA_Impl1.D_Handle[24].MUXCY_XOR_I/<const0> level0_i/blp/blp_i/ss_cmc/inst/microblaze_cmc/U0/MicroBlaze_Core_I/Performance.Core/Data_Flow_I/Using_Div_Unit.Div_unit_I1/FPGA_Impl1.D_Handle[25].MUXCY_XOR_I/<const0> level0_i/blp/blp_i/ss_cmc/inst/microblaze_cmc/U0/MicroBlaze_Core_I/Performance.Core/Data_Flow_I/Using_Div_Unit.Div_unit_I1/FPGA_Impl1.D_Handle[26].MUXCY_XOR_I/<const0> level0_i/blp/blp_i/ss_cmc/inst/microblaze_cmc/U0/MicroBlaze_Core_I/Performance.Core/Data_Flow_I/Using_Div_Unit.Div_unit_I1/FPGA_Impl1.D_Handle[27].MUXCY_XOR_I/<const0> level0_i/blp/blp_i/ss_cmc/inst/microblaze_cmc/U0/MicroBlaze_Core_I/Performance.Core/Data_Flow_I/Using_Div_Unit.Div_unit_I1/FPGA_Impl1.D_Handle[28].MUXCY_XOR_I/<const0> level0_i/blp/blp_i/ss_cmc/inst/microblaze_cmc/U0/MicroBlaze_Core_I/Performance.Core/Data_Flow_I/Using_Div_Unit.Div_unit_I1/FPGA_Impl1.D_Handle[29].MUXCY_XOR_I/<const0> level0_i/blp/blp_i/ss_cmc/inst/microblaze_cmc/U0/MicroBlaze_Core_I/Performance.Core/Data_Flow_I/Using_Div_Unit.Div_unit_I1/FPGA_Impl1.D_Handle[2].MUXCY_XOR_I/<const0> level0_i/blp/blp_i/ss_cmc/inst/microblaze_cmc/U0/MicroBlaze_Core_I/Performance.Core/Data_Flow_I/Using_Div_Unit.Div_unit_I1/FPGA_Impl1.D_Handle[30].MUXCY_XOR_I/<const0> level0_i/blp/blp_i/ss_cmc/inst/microblaze_cmc/U0/MicroBlaze_Core_I/Performance.Core/Data_Flow_I/Using_Div_Unit.Div_unit_I1/FPGA_Impl1.D_Handle[31].MUXCY_XOR_I/<const0> level0_i/blp/blp_i/ss_cmc/inst/microblaze_cmc/U0/MicroBlaze_Core_I/Performance.Core/Data_Flow_I/Using_Div_Unit.Div_unit_I1/FPGA_Impl1.D_Handle[3].MUXCY_XOR_I/<const0> level0_i/blp/blp_i/ss_cmc/inst/microblaze_cmc/U0/MicroBlaze_Core_I/Performance.Core/Data_Flow_I/Using_Div_Unit.Div_unit_I1/FPGA_Impl1.D_Handle[4].MUXCY_XOR_I/<const0> level0_i/blp/blp_i/ss_cmc/inst/microblaze_cmc/U0/MicroBlaze_Core_I/Performance.Core/Data_Flow_I/Using_Div_Unit.Div_unit_I1/FPGA_Impl1.D_Handle[5].MUXCY_XOR_I/<const0> level0_i/blp/blp_i/ss_cmc/inst/microblaze_cmc/U0/MicroBlaze_Core_I/Performance.Core/Data_Flow_I/Using_Div_Unit.Div_unit_I1/FPGA_Impl1.D_Handle[6].MUXCY_XOR_I/<const0> level0_i/blp/blp_i/ss_cmc/inst/microblaze_cmc/U0/MicroBlaze_Core_I/Performance.Core/Data_Flow_I/Using_Div_Unit.Div_unit_I1/FPGA_Impl1.D_Handle[7].MUXCY_XOR_I/<const0> level0_i/blp/blp_i/ss_cmc/inst/microblaze_cmc/U0/MicroBlaze_Core_I/Performance.Core/Data_Flow_I/Using_Div_Unit.Div_unit_I1/FPGA_Impl1.D_Handle[8].MUXCY_XOR_I/<const0> level0_i/blp/blp_i/ss_cmc/inst/microblaze_cmc/U0/MicroBlaze_Core_I/Performance.Core/Data_Flow_I/Using_Div_Unit.Div_unit_I1/FPGA_Impl1.D_Handle[9].MUXCY_XOR_I/<const0> level0_i/blp/blp_i/ss_cmc/inst/microblaze_cmc/U0/MicroBlaze_Core_I/Performance.Core/Data_Flow_I/Using_Div_Unit.Div_unit_I1/FPGA_Impl2.New_Q_Handle[10].MUXCY_XOR_I/<const0> level0_i/blp/blp_i/ss_cmc/inst/microblaze_cmc/U0/MicroBlaze_Core_I/Performance.Core/Data_Flow_I/Using_Div_Unit.Div_unit_I1/FPGA_Impl2.New_Q_Handle[11].MUXCY_XOR_I/<const0> level0_i/blp/blp_i/ss_cmc/inst/microblaze_cmc/U0/MicroBlaze_Core_I/Performance.Core/Data_Flow_I/Using_Div_Unit.Div_unit_I1/FPGA_Impl2.New_Q_Handle[12].MUXCY_XOR_I/<const0> level0_i/blp/blp_i/ss_cmc/inst/microblaze_cmc/U0/MicroBlaze_Core_I/Performance.Core/Data_Flow_I/Using_Div_Unit.Div_unit_I1/FPGA_Impl2.New_Q_Handle[13].MUXCY_XOR_I/<const0> level0_i/blp/blp_i/ss_cmc/inst/microblaze_cmc/U0/MicroBlaze_Core_I/Performance.Core/Data_Flow_I/Using_Div_Unit.Div_unit_I1/FPGA_Impl2.New_Q_Handle[14].MUXCY_XOR_I/<const0> level0_i/blp/blp_i/ss_cmc/inst/microblaze_cmc/U0/MicroBlaze_Core_I/Performance.Core/Data_Flow_I/Using_Div_Unit.Div_unit_I1/FPGA_Impl2.New_Q_Handle[15].MUXCY_XOR_I/<const0> level0_i/blp/blp_i/ss_cmc/inst/microblaze_cmc/U0/MicroBlaze_Core_I/Performance.Core/Data_Flow_I/Using_Div_Unit.Div_unit_I1/FPGA_Impl2.New_Q_Handle[16].MUXCY_XOR_I/<const0> level0_i/blp/blp_i/ss_cmc/inst/microblaze_cmc/U0/MicroBlaze_Core_I/Performance.Core/Data_Flow_I/Using_Div_Unit.Div_unit_I1/FPGA_Impl2.New_Q_Handle[17].MUXCY_XOR_I/<const0> level0_i/blp/blp_i/ss_cmc/inst/microblaze_cmc/U0/MicroBlaze_Core_I/Performance.Core/Data_Flow_I/Using_Div_Unit.Div_unit_I1/FPGA_Impl2.New_Q_Handle[18].MUXCY_XOR_I/<const0> level0_i/blp/blp_i/ss_cmc/inst/microblaze_cmc/U0/MicroBlaze_Core_I/Performance.Core/Data_Flow_I/Using_Div_Unit.Div_unit_I1/FPGA_Impl2.New_Q_Handle[19].MUXCY_XOR_I/<const0> level0_i/blp/blp_i/ss_cmc/inst/microblaze_cmc/U0/MicroBlaze_Core_I/Performance.Core/Data_Flow_I/Using_Div_Unit.Div_unit_I1/FPGA_Impl2.New_Q_Handle[1].MUXCY_XOR_I/<const0> level0_i/blp/blp_i/ss_cmc/inst/microblaze_cmc/U0/MicroBlaze_Core_I/Performance.Core/Data_Flow_I/Using_Div_Unit.Div_unit_I1/FPGA_Impl2.New_Q_Handle[20].MUXCY_XOR_I/<const0> level0_i/blp/blp_i/ss_cmc/inst/microblaze_cmc/U0/MicroBlaze_Core_I/Performance.Core/Data_Flow_I/Using_Div_Unit.Div_unit_I1/FPGA_Impl2.New_Q_Handle[21].MUXCY_XOR_I/<const0> level0_i/blp/blp_i/ss_cmc/inst/microblaze_cmc/U0/MicroBlaze_Core_I/Performance.Core/Data_Flow_I/Using_Div_Unit.Div_unit_I1/FPGA_Impl2.New_Q_Handle[22].MUXCY_XOR_I/<const0> level0_i/blp/blp_i/ss_cmc/inst/microblaze_cmc/U0/MicroBlaze_Core_I/Performance.Core/Data_Flow_I/Using_Div_Unit.Div_unit_I1/FPGA_Impl2.New_Q_Handle[23].MUXCY_XOR_I/<const0> level0_i/blp/blp_i/ss_cmc/inst/microblaze_cmc/U0/MicroBlaze_Core_I/Performance.Core/Data_Flow_I/Using_Div_Unit.Div_unit_I1/FPGA_Impl2.New_Q_Handle[24].MUXCY_XOR_I/<const0> level0_i/blp/blp_i/ss_cmc/inst/microblaze_cmc/U0/MicroBlaze_Core_I/Performance.Core/Data_Flow_I/Using_Div_Unit.Div_unit_I1/FPGA_Impl2.New_Q_Handle[25].MUXCY_XOR_I/<const0> level0_i/blp/blp_i/ss_cmc/inst/microblaze_cmc/U0/MicroBlaze_Core_I/Performance.Core/Data_Flow_I/Using_Div_Unit.Div_unit_I1/FPGA_Impl2.New_Q_Handle[26].MUXCY_XOR_I/<const0> level0_i/blp/blp_i/ss_cmc/inst/microblaze_cmc/U0/MicroBlaze_Core_I/Performance.Core/Data_Flow_I/Using_Div_Unit.Div_unit_I1/FPGA_Impl2.New_Q_Handle[27].MUXCY_XOR_I/<const0> level0_i/blp/blp_i/ss_cmc/inst/microblaze_cmc/U0/MicroBlaze_Core_I/Performance.Core/Data_Flow_I/Using_Div_Unit.Div_unit_I1/FPGA_Impl2.New_Q_Handle[28].MUXCY_XOR_I/<const0> level0_i/blp/blp_i/ss_cmc/inst/microblaze_cmc/U0/MicroBlaze_Core_I/Performance.Core/Data_Flow_I/Using_Div_Unit.Div_unit_I1/FPGA_Impl2.New_Q_Handle[29].MUXCY_XOR_I/<const0> level0_i/blp/blp_i/ss_cmc/inst/microblaze_cmc/U0/MicroBlaze_Core_I/Performance.Core/Data_Flow_I/Using_Div_Unit.Div_unit_I1/FPGA_Impl2.New_Q_Handle[2].MUXCY_XOR_I/<const0> level0_i/blp/blp_i/ss_cmc/inst/microblaze_cmc/U0/MicroBlaze_Core_I/Performance.Core/Data_Flow_I/Using_Div_Unit.Div_unit_I1/FPGA_Impl2.New_Q_Handle[30].MUXCY_XOR_I/<const0> level0_i/blp/blp_i/ss_cmc/inst/microblaze_cmc/U0/MicroBlaze_Core_I/Performance.Core/Data_Flow_I/Using_Div_Unit.Div_unit_I1/FPGA_Impl2.New_Q_Handle[31].MUXCY_XOR_I/<const0> level0_i/blp/blp_i/ss_cmc/inst/microblaze_cmc/U0/MicroBlaze_Core_I/Performance.Core/Data_Flow_I/Using_Div_Unit.Div_unit_I1/FPGA_Impl2.New_Q_Handle[3].MUXCY_XOR_I/<const0> level0_i/blp/blp_i/ss_cmc/inst/microblaze_cmc/U0/MicroBlaze_Core_I/Performance.Core/Data_Flow_I/Using_Div_Unit.Div_unit_I1/FPGA_Impl2.New_Q_Handle[4].MUXCY_XOR_I/<const0> level0_i/blp/blp_i/ss_cmc/inst/microblaze_cmc/U0/MicroBlaze_Core_I/Performance.Core/Data_Flow_I/Using_Div_Unit.Div_unit_I1/FPGA_Impl2.New_Q_Handle[5].MUXCY_XOR_I/<const0> level0_i/blp/blp_i/ss_cmc/inst/microblaze_cmc/U0/MicroBlaze_Core_I/Performance.Core/Data_Flow_I/Using_Div_Unit.Div_unit_I1/FPGA_Impl2.New_Q_Handle[6].MUXCY_XOR_I/<const0> level0_i/blp/blp_i/ss_cmc/inst/microblaze_cmc/U0/MicroBlaze_Core_I/Performance.Core/Data_Flow_I/Using_Div_Unit.Div_unit_I1/FPGA_Impl2.New_Q_Handle[7].MUXCY_XOR_I/<const0> level0_i/blp/blp_i/ss_cmc/inst/microblaze_cmc/U0/MicroBlaze_Core_I/Performance.Core/Data_Flow_I/Using_Div_Unit.Div_unit_I1/FPGA_Impl2.New_Q_Handle[8].MUXCY_XOR_I/<const0> level0_i/blp/blp_i/ss_cmc/inst/microblaze_cmc/U0/MicroBlaze_Core_I/Performance.Core/Data_Flow_I/Using_Div_Unit.Div_unit_I1/FPGA_Impl2.New_Q_Handle[9].MUXCY_XOR_I/<const0> level0_i/blp/blp_i/ss_cmc/inst/microblaze_cmc/U0/MicroBlaze_Core_I/Performance.Core/Data_Flow_I/Zero_Detect_I/Part_Of_Zero_Carry_Start/<const0> level0_i/blp/blp_i/ss_cmc/inst/microblaze_cmc/U0/MicroBlaze_Core_I/Performance.Core/Data_Flow_I/exception_registers_I1/CarryIn_MUXCY/<const0> level0_i/blp/blp_i/ss_cmc/inst/microblaze_cmc/U0/MicroBlaze_Core_I/Performance.Core/Data_Flow_I/exception_registers_I1/Using_FPGA_LUT6.Gen_Ret_Addr[0].I_RET_ADDR_WB/<const0> level0_i/blp/blp_i/ss_cmc/inst/microblaze_cmc/U0/MicroBlaze_Core_I/Performance.Core/Data_Flow_I/exception_registers_I1/Using_FPGA_LUT6.Gen_Ret_Addr[0].WB_PC_FDRE/<const0> level0_i/blp/blp_i/ss_cmc/inst/microblaze_cmc/U0/MicroBlaze_Core_I/Performance.Core/Data_Flow_I/exception_registers_I1/Using_FPGA_LUT6.Gen_Ret_Addr[10].I_RET_ADDR_WB/<const0> level0_i/blp/blp_i/ss_cmc/inst/microblaze_cmc/U0/MicroBlaze_Core_I/Performance.Core/Data_Flow_I/exception_registers_I1/Using_FPGA_LUT6.Gen_Ret_Addr[10].WB_PC_FDRE/<const0> level0_i/blp/blp_i/ss_cmc/inst/microblaze_cmc/U0/MicroBlaze_Core_I/Performance.Core/Data_Flow_I/exception_registers_I1/Using_FPGA_LUT6.Gen_Ret_Addr[11].I_RET_ADDR_WB/<const0> level0_i/blp/blp_i/ss_cmc/inst/microblaze_cmc/U0/MicroBlaze_Core_I/Performance.Core/Data_Flow_I/exception_registers_I1/Using_FPGA_LUT6.Gen_Ret_Addr[11].WB_PC_FDRE/<const0> level0_i/blp/blp_i/ss_cmc/inst/microblaze_cmc/U0/MicroBlaze_Core_I/Performance.Core/Data_Flow_I/exception_registers_I1/Using_FPGA_LUT6.Gen_Ret_Addr[12].I_RET_ADDR_WB/<const0> level0_i/blp/blp_i/ss_cmc/inst/microblaze_cmc/U0/MicroBlaze_Core_I/Performance.Core/Data_Flow_I/exception_registers_I1/Using_FPGA_LUT6.Gen_Ret_Addr[12].WB_PC_FDRE/<const0> level0_i/blp/blp_i/ss_cmc/inst/microblaze_cmc/U0/MicroBlaze_Core_I/Performance.Core/Data_Flow_I/exception_registers_I1/Using_FPGA_LUT6.Gen_Ret_Addr[13].I_RET_ADDR_WB/<const0> level0_i/blp/blp_i/ss_cmc/inst/microblaze_cmc/U0/MicroBlaze_Core_I/Performance.Core/Data_Flow_I/exception_registers_I1/Using_FPGA_LUT6.Gen_Ret_Addr[13].WB_PC_FDRE/<const0> level0_i/blp/blp_i/ss_cmc/inst/microblaze_cmc/U0/MicroBlaze_Core_I/Performance.Core/Data_Flow_I/exception_registers_I1/Using_FPGA_LUT6.Gen_Ret_Addr[14].I_RET_ADDR_WB/<const0> level0_i/blp/blp_i/ss_cmc/inst/microblaze_cmc/U0/MicroBlaze_Core_I/Performance.Core/Data_Flow_I/exception_registers_I1/Using_FPGA_LUT6.Gen_Ret_Addr[14].WB_PC_FDRE/<const0> level0_i/blp/blp_i/ss_cmc/inst/microblaze_cmc/U0/MicroBlaze_Core_I/Performance.Core/Data_Flow_I/exception_registers_I1/Using_FPGA_LUT6.Gen_Ret_Addr[15].I_RET_ADDR_WB/<const0> level0_i/blp/blp_i/ss_cmc/inst/microblaze_cmc/U0/MicroBlaze_Core_I/Performance.Core/Data_Flow_I/exception_registers_I1/Using_FPGA_LUT6.Gen_Ret_Addr[15].WB_PC_FDRE/<const0> level0_i/blp/blp_i/ss_cmc/inst/microblaze_cmc/U0/MicroBlaze_Core_I/Performance.Core/Data_Flow_I/exception_registers_I1/Using_FPGA_LUT6.Gen_Ret_Addr[16].I_RET_ADDR_WB/<const0> level0_i/blp/blp_i/ss_cmc/inst/microblaze_cmc/U0/MicroBlaze_Core_I/Performance.Core/Data_Flow_I/exception_registers_I1/Using_FPGA_LUT6.Gen_Ret_Addr[16].WB_PC_FDRE/<const0> level0_i/blp/blp_i/ss_cmc/inst/microblaze_cmc/U0/MicroBlaze_Core_I/Performance.Core/Data_Flow_I/exception_registers_I1/Using_FPGA_LUT6.Gen_Ret_Addr[17].I_RET_ADDR_WB/<const0> level0_i/blp/blp_i/ss_cmc/inst/microblaze_cmc/U0/MicroBlaze_Core_I/Performance.Core/Data_Flow_I/exception_registers_I1/Using_FPGA_LUT6.Gen_Ret_Addr[17].WB_PC_FDRE/<const0> level0_i/blp/blp_i/ss_cmc/inst/microblaze_cmc/U0/MicroBlaze_Core_I/Performance.Core/Data_Flow_I/exception_registers_I1/Using_FPGA_LUT6.Gen_Ret_Addr[18].I_RET_ADDR_WB/<const0> level0_i/blp/blp_i/ss_cmc/inst/microblaze_cmc/U0/MicroBlaze_Core_I/Performance.Core/Data_Flow_I/exception_registers_I1/Using_FPGA_LUT6.Gen_Ret_Addr[18].WB_PC_FDRE/<const0> level0_i/blp/blp_i/ss_cmc/inst/microblaze_cmc/U0/MicroBlaze_Core_I/Performance.Core/Data_Flow_I/exception_registers_I1/Using_FPGA_LUT6.Gen_Ret_Addr[19].I_RET_ADDR_WB/<const0> level0_i/blp/blp_i/ss_cmc/inst/microblaze_cmc/U0/MicroBlaze_Core_I/Performance.Core/Data_Flow_I/exception_registers_I1/Using_FPGA_LUT6.Gen_Ret_Addr[19].WB_PC_FDRE/<const0> level0_i/blp/blp_i/ss_cmc/inst/microblaze_cmc/U0/MicroBlaze_Core_I/Performance.Core/Data_Flow_I/exception_registers_I1/Using_FPGA_LUT6.Gen_Ret_Addr[1].I_RET_ADDR_WB/<const0> level0_i/blp/blp_i/ss_cmc/inst/microblaze_cmc/U0/MicroBlaze_Core_I/Performance.Core/Data_Flow_I/exception_registers_I1/Using_FPGA_LUT6.Gen_Ret_Addr[1].WB_PC_FDRE/<const0> level0_i/blp/blp_i/ss_cmc/inst/microblaze_cmc/U0/MicroBlaze_Core_I/Performance.Core/Data_Flow_I/exception_registers_I1/Using_FPGA_LUT6.Gen_Ret_Addr[20].I_RET_ADDR_WB/<const0> level0_i/blp/blp_i/ss_cmc/inst/microblaze_cmc/U0/MicroBlaze_Core_I/Performance.Core/Data_Flow_I/exception_registers_I1/Using_FPGA_LUT6.Gen_Ret_Addr[20].WB_PC_FDRE/<const0> level0_i/blp/blp_i/ss_cmc/inst/microblaze_cmc/U0/MicroBlaze_Core_I/Performance.Core/Data_Flow_I/exception_registers_I1/Using_FPGA_LUT6.Gen_Ret_Addr[21].I_RET_ADDR_WB/<const0> level0_i/blp/blp_i/ss_cmc/inst/microblaze_cmc/U0/MicroBlaze_Core_I/Performance.Core/Data_Flow_I/exception_registers_I1/Using_FPGA_LUT6.Gen_Ret_Addr[21].WB_PC_FDRE/<const0> level0_i/blp/blp_i/ss_cmc/inst/microblaze_cmc/U0/MicroBlaze_Core_I/Performance.Core/Data_Flow_I/exception_registers_I1/Using_FPGA_LUT6.Gen_Ret_Addr[22].I_RET_ADDR_WB/<const0> level0_i/blp/blp_i/ss_cmc/inst/microblaze_cmc/U0/MicroBlaze_Core_I/Performance.Core/Data_Flow_I/exception_registers_I1/Using_FPGA_LUT6.Gen_Ret_Addr[22].WB_PC_FDRE/<const0> level0_i/blp/blp_i/ss_cmc/inst/microblaze_cmc/U0/MicroBlaze_Core_I/Performance.Core/Data_Flow_I/exception_registers_I1/Using_FPGA_LUT6.Gen_Ret_Addr[23].I_RET_ADDR_WB/<const0> level0_i/blp/blp_i/ss_cmc/inst/microblaze_cmc/U0/MicroBlaze_Core_I/Performance.Core/Data_Flow_I/exception_registers_I1/Using_FPGA_LUT6.Gen_Ret_Addr[23].WB_PC_FDRE/<const0> level0_i/blp/blp_i/ss_cmc/inst/microblaze_cmc/U0/MicroBlaze_Core_I/Performance.Core/Data_Flow_I/exception_registers_I1/Using_FPGA_LUT6.Gen_Ret_Addr[24].I_RET_ADDR_WB/<const0> level0_i/blp/blp_i/ss_cmc/inst/microblaze_cmc/U0/MicroBlaze_Core_I/Performance.Core/Data_Flow_I/exception_registers_I1/Using_FPGA_LUT6.Gen_Ret_Addr[24].WB_PC_FDRE/<const0> level0_i/blp/blp_i/ss_cmc/inst/microblaze_cmc/U0/MicroBlaze_Core_I/Performance.Core/Data_Flow_I/exception_registers_I1/Using_FPGA_LUT6.Gen_Ret_Addr[25].I_RET_ADDR_WB/<const0> level0_i/blp/blp_i/ss_cmc/inst/microblaze_cmc/U0/MicroBlaze_Core_I/Performance.Core/Data_Flow_I/exception_registers_I1/Using_FPGA_LUT6.Gen_Ret_Addr[25].WB_PC_FDRE/<const0> level0_i/blp/blp_i/ss_cmc/inst/microblaze_cmc/U0/MicroBlaze_Core_I/Performance.Core/Data_Flow_I/exception_registers_I1/Using_FPGA_LUT6.Gen_Ret_Addr[26].I_RET_ADDR_WB/<const0> level0_i/blp/blp_i/ss_cmc/inst/microblaze_cmc/U0/MicroBlaze_Core_I/Performance.Core/Data_Flow_I/exception_registers_I1/Using_FPGA_LUT6.Gen_Ret_Addr[26].WB_PC_FDRE/<const0> level0_i/blp/blp_i/ss_cmc/inst/microblaze_cmc/U0/MicroBlaze_Core_I/Performance.Core/Data_Flow_I/exception_registers_I1/Using_FPGA_LUT6.Gen_Ret_Addr[27].I_RET_ADDR_WB/<const0> level0_i/blp/blp_i/ss_cmc/inst/microblaze_cmc/U0/MicroBlaze_Core_I/Performance.Core/Data_Flow_I/exception_registers_I1/Using_FPGA_LUT6.Gen_Ret_Addr[27].WB_PC_FDRE/<const0> level0_i/blp/blp_i/ss_cmc/inst/microblaze_cmc/U0/MicroBlaze_Core_I/Performance.Core/Data_Flow_I/exception_registers_I1/Using_FPGA_LUT6.Gen_Ret_Addr[28].I_RET_ADDR_WB/<const0> level0_i/blp/blp_i/ss_cmc/inst/microblaze_cmc/U0/MicroBlaze_Core_I/Performance.Core/Data_Flow_I/exception_registers_I1/Using_FPGA_LUT6.Gen_Ret_Addr[28].WB_PC_FDRE/<const0> level0_i/blp/blp_i/ss_cmc/inst/microblaze_cmc/U0/MicroBlaze_Core_I/Performance.Core/Data_Flow_I/exception_registers_I1/Using_FPGA_LUT6.Gen_Ret_Addr[29].WB_PC_FDRE/<const0> level0_i/blp/blp_i/ss_cmc/inst/microblaze_cmc/U0/MicroBlaze_Core_I/Performance.Core/Data_Flow_I/exception_registers_I1/Using_FPGA_LUT6.Gen_Ret_Addr[2].I_RET_ADDR_WB/<const0> level0_i/blp/blp_i/ss_cmc/inst/microblaze_cmc/U0/MicroBlaze_Core_I/Performance.Core/Data_Flow_I/exception_registers_I1/Using_FPGA_LUT6.Gen_Ret_Addr[2].WB_PC_FDRE/<const0> level0_i/blp/blp_i/ss_cmc/inst/microblaze_cmc/U0/MicroBlaze_Core_I/Performance.Core/Data_Flow_I/exception_registers_I1/Using_FPGA_LUT6.Gen_Ret_Addr[30].I_RET_ADDR_WB/<const0> level0_i/blp/blp_i/ss_cmc/inst/microblaze_cmc/U0/MicroBlaze_Core_I/Performance.Core/Data_Flow_I/exception_registers_I1/Using_FPGA_LUT6.Gen_Ret_Addr[30].WB_PC_FDRE/<const0> level0_i/blp/blp_i/ss_cmc/inst/microblaze_cmc/U0/MicroBlaze_Core_I/Performance.Core/Data_Flow_I/exception_registers_I1/Using_FPGA_LUT6.Gen_Ret_Addr[31].I_RET_ADDR_WB/<const0> level0_i/blp/blp_i/ss_cmc/inst/microblaze_cmc/U0/MicroBlaze_Core_I/Performance.Core/Data_Flow_I/exception_registers_I1/Using_FPGA_LUT6.Gen_Ret_Addr[31].WB_PC_FDRE/<const0> level0_i/blp/blp_i/ss_cmc/inst/microblaze_cmc/U0/MicroBlaze_Core_I/Performance.Core/Data_Flow_I/exception_registers_I1/Using_FPGA_LUT6.Gen_Ret_Addr[3].I_RET_ADDR_WB/<const0> level0_i/blp/blp_i/ss_cmc/inst/microblaze_cmc/U0/MicroBlaze_Core_I/Performance.Core/Data_Flow_I/exception_registers_I1/Using_FPGA_LUT6.Gen_Ret_Addr[3].WB_PC_FDRE/<const0> level0_i/blp/blp_i/ss_cmc/inst/microblaze_cmc/U0/MicroBlaze_Core_I/Performance.Core/Data_Flow_I/exception_registers_I1/Using_FPGA_LUT6.Gen_Ret_Addr[4].I_RET_ADDR_WB/<const0> level0_i/blp/blp_i/ss_cmc/inst/microblaze_cmc/U0/MicroBlaze_Core_I/Performance.Core/Data_Flow_I/exception_registers_I1/Using_FPGA_LUT6.Gen_Ret_Addr[4].WB_PC_FDRE/<const0> level0_i/blp/blp_i/ss_cmc/inst/microblaze_cmc/U0/MicroBlaze_Core_I/Performance.Core/Data_Flow_I/exception_registers_I1/Using_FPGA_LUT6.Gen_Ret_Addr[5].I_RET_ADDR_WB/<const0> level0_i/blp/blp_i/ss_cmc/inst/microblaze_cmc/U0/MicroBlaze_Core_I/Performance.Core/Data_Flow_I/exception_registers_I1/Using_FPGA_LUT6.Gen_Ret_Addr[5].WB_PC_FDRE/<const0> level0_i/blp/blp_i/ss_cmc/inst/microblaze_cmc/U0/MicroBlaze_Core_I/Performance.Core/Data_Flow_I/exception_registers_I1/Using_FPGA_LUT6.Gen_Ret_Addr[6].I_RET_ADDR_WB/<const0> level0_i/blp/blp_i/ss_cmc/inst/microblaze_cmc/U0/MicroBlaze_Core_I/Performance.Core/Data_Flow_I/exception_registers_I1/Using_FPGA_LUT6.Gen_Ret_Addr[6].WB_PC_FDRE/<const0> level0_i/blp/blp_i/ss_cmc/inst/microblaze_cmc/U0/MicroBlaze_Core_I/Performance.Core/Data_Flow_I/exception_registers_I1/Using_FPGA_LUT6.Gen_Ret_Addr[7].I_RET_ADDR_WB/<const0> level0_i/blp/blp_i/ss_cmc/inst/microblaze_cmc/U0/MicroBlaze_Core_I/Performance.Core/Data_Flow_I/exception_registers_I1/Using_FPGA_LUT6.Gen_Ret_Addr[7].WB_PC_FDRE/<const0> level0_i/blp/blp_i/ss_cmc/inst/microblaze_cmc/U0/MicroBlaze_Core_I/Performance.Core/Data_Flow_I/exception_registers_I1/Using_FPGA_LUT6.Gen_Ret_Addr[8].I_RET_ADDR_WB/<const0> level0_i/blp/blp_i/ss_cmc/inst/microblaze_cmc/U0/MicroBlaze_Core_I/Performance.Core/Data_Flow_I/exception_registers_I1/Using_FPGA_LUT6.Gen_Ret_Addr[8].WB_PC_FDRE/<const0> level0_i/blp/blp_i/ss_cmc/inst/microblaze_cmc/U0/MicroBlaze_Core_I/Performance.Core/Data_Flow_I/exception_registers_I1/Using_FPGA_LUT6.Gen_Ret_Addr[9].I_RET_ADDR_WB/<const0> level0_i/blp/blp_i/ss_cmc/inst/microblaze_cmc/U0/MicroBlaze_Core_I/Performance.Core/Data_Flow_I/exception_registers_I1/Using_FPGA_LUT6.Gen_Ret_Addr[9].WB_PC_FDRE/<const0> level0_i/blp/blp_i/ss_cmc/inst/microblaze_cmc/U0/MicroBlaze_Core_I/Performance.Core/Decode_I/<const0> level0_i/blp/blp_i/ss_cmc/inst/microblaze_cmc/U0/MicroBlaze_Core_I/Performance.Core/Decode_I/PC_Module_I/<const0> level0_i/blp/blp_i/ss_cmc/inst/microblaze_cmc/U0/MicroBlaze_Core_I/Performance.Core/Decode_I/PC_Module_I/Using_FPGA.Incr_PC[10].MUXCY_XOR_I/<const0> level0_i/blp/blp_i/ss_cmc/inst/microblaze_cmc/U0/MicroBlaze_Core_I/Performance.Core/Decode_I/PC_Module_I/Using_FPGA.Incr_PC[11].MUXCY_XOR_I/<const0> level0_i/blp/blp_i/ss_cmc/inst/microblaze_cmc/U0/MicroBlaze_Core_I/Performance.Core/Decode_I/PC_Module_I/Using_FPGA.Incr_PC[12].MUXCY_XOR_I/<const0> level0_i/blp/blp_i/ss_cmc/inst/microblaze_cmc/U0/MicroBlaze_Core_I/Performance.Core/Decode_I/PC_Module_I/Using_FPGA.Incr_PC[13].MUXCY_XOR_I/<const0> level0_i/blp/blp_i/ss_cmc/inst/microblaze_cmc/U0/MicroBlaze_Core_I/Performance.Core/Decode_I/PC_Module_I/Using_FPGA.Incr_PC[14].MUXCY_XOR_I/<const0> level0_i/blp/blp_i/ss_cmc/inst/microblaze_cmc/U0/MicroBlaze_Core_I/Performance.Core/Decode_I/PC_Module_I/Using_FPGA.Incr_PC[15].MUXCY_XOR_I/<const0> level0_i/blp/blp_i/ss_cmc/inst/microblaze_cmc/U0/MicroBlaze_Core_I/Performance.Core/Decode_I/PC_Module_I/Using_FPGA.Incr_PC[16].MUXCY_XOR_I/<const0> level0_i/blp/blp_i/ss_cmc/inst/microblaze_cmc/U0/MicroBlaze_Core_I/Performance.Core/Decode_I/PC_Module_I/Using_FPGA.Incr_PC[17].MUXCY_XOR_I/<const0> level0_i/blp/blp_i/ss_cmc/inst/microblaze_cmc/U0/MicroBlaze_Core_I/Performance.Core/Decode_I/PC_Module_I/Using_FPGA.Incr_PC[18].MUXCY_XOR_I/<const0> level0_i/blp/blp_i/ss_cmc/inst/microblaze_cmc/U0/MicroBlaze_Core_I/Performance.Core/Decode_I/PC_Module_I/Using_FPGA.Incr_PC[19].MUXCY_XOR_I/<const0> level0_i/blp/blp_i/ss_cmc/inst/microblaze_cmc/U0/MicroBlaze_Core_I/Performance.Core/Decode_I/PC_Module_I/Using_FPGA.Incr_PC[1].MUXCY_XOR_I/<const0> level0_i/blp/blp_i/ss_cmc/inst/microblaze_cmc/U0/MicroBlaze_Core_I/Performance.Core/Decode_I/PC_Module_I/Using_FPGA.Incr_PC[20].MUXCY_XOR_I/<const0> level0_i/blp/blp_i/ss_cmc/inst/microblaze_cmc/U0/MicroBlaze_Core_I/Performance.Core/Decode_I/PC_Module_I/Using_FPGA.Incr_PC[21].MUXCY_XOR_I/<const0> level0_i/blp/blp_i/ss_cmc/inst/microblaze_cmc/U0/MicroBlaze_Core_I/Performance.Core/Decode_I/PC_Module_I/Using_FPGA.Incr_PC[22].MUXCY_XOR_I/<const0> level0_i/blp/blp_i/ss_cmc/inst/microblaze_cmc/U0/MicroBlaze_Core_I/Performance.Core/Decode_I/PC_Module_I/Using_FPGA.Incr_PC[23].MUXCY_XOR_I/<const0> level0_i/blp/blp_i/ss_cmc/inst/microblaze_cmc/U0/MicroBlaze_Core_I/Performance.Core/Decode_I/PC_Module_I/Using_FPGA.Incr_PC[24].MUXCY_XOR_I/<const0> level0_i/blp/blp_i/ss_cmc/inst/microblaze_cmc/U0/MicroBlaze_Core_I/Performance.Core/Decode_I/PC_Module_I/Using_FPGA.Incr_PC[25].MUXCY_XOR_I/<const0> level0_i/blp/blp_i/ss_cmc/inst/microblaze_cmc/U0/MicroBlaze_Core_I/Performance.Core/Decode_I/PC_Module_I/Using_FPGA.Incr_PC[26].MUXCY_XOR_I/<const0> level0_i/blp/blp_i/ss_cmc/inst/microblaze_cmc/U0/MicroBlaze_Core_I/Performance.Core/Decode_I/PC_Module_I/Using_FPGA.Incr_PC[27].MUXCY_XOR_I/<const0> level0_i/blp/blp_i/ss_cmc/inst/microblaze_cmc/U0/MicroBlaze_Core_I/Performance.Core/Decode_I/PC_Module_I/Using_FPGA.Incr_PC[28].MUXCY_XOR_I/<const0> level0_i/blp/blp_i/ss_cmc/inst/microblaze_cmc/U0/MicroBlaze_Core_I/Performance.Core/Decode_I/PC_Module_I/Using_FPGA.Incr_PC[29].MUXCY_XOR_I/<const0> level0_i/blp/blp_i/ss_cmc/inst/microblaze_cmc/U0/MicroBlaze_Core_I/Performance.Core/Decode_I/PC_Module_I/Using_FPGA.Incr_PC[2].MUXCY_XOR_I/<const0> level0_i/blp/blp_i/ss_cmc/inst/microblaze_cmc/U0/MicroBlaze_Core_I/Performance.Core/Decode_I/PC_Module_I/Using_FPGA.Incr_PC[3].MUXCY_XOR_I/<const0> level0_i/blp/blp_i/ss_cmc/inst/microblaze_cmc/U0/MicroBlaze_Core_I/Performance.Core/Decode_I/PC_Module_I/Using_FPGA.Incr_PC[4].MUXCY_XOR_I/<const0> level0_i/blp/blp_i/ss_cmc/inst/microblaze_cmc/U0/MicroBlaze_Core_I/Performance.Core/Decode_I/PC_Module_I/Using_FPGA.Incr_PC[5].MUXCY_XOR_I/<const0> level0_i/blp/blp_i/ss_cmc/inst/microblaze_cmc/U0/MicroBlaze_Core_I/Performance.Core/Decode_I/PC_Module_I/Using_FPGA.Incr_PC[6].MUXCY_XOR_I/<const0> level0_i/blp/blp_i/ss_cmc/inst/microblaze_cmc/U0/MicroBlaze_Core_I/Performance.Core/Decode_I/PC_Module_I/Using_FPGA.Incr_PC[7].MUXCY_XOR_I/<const0> level0_i/blp/blp_i/ss_cmc/inst/microblaze_cmc/U0/MicroBlaze_Core_I/Performance.Core/Decode_I/PC_Module_I/Using_FPGA.Incr_PC[8].MUXCY_XOR_I/<const0> level0_i/blp/blp_i/ss_cmc/inst/microblaze_cmc/U0/MicroBlaze_Core_I/Performance.Core/Decode_I/PC_Module_I/Using_FPGA.Incr_PC[9].MUXCY_XOR_I/<const0> level0_i/blp/blp_i/ss_cmc/inst/microblaze_cmc/U0/MicroBlaze_Core_I/Performance.Core/Decode_I/PreFetch_Buffer_I1/<const0> level0_i/blp/blp_i/ss_cmc/inst/microblaze_cmc/U0/MicroBlaze_Core_I/Performance.Core/Decode_I/Use_MuxCy[10].OF_Piperun_Stage/MUXCY_I/<const0> level0_i/blp/blp_i/ss_cmc/inst/microblaze_cmc/U0/MicroBlaze_Core_I/Performance.Core/Decode_I/Use_MuxCy[11].OF_Piperun_Stage/MUXCY_I/<const0> level0_i/blp/blp_i/ss_cmc/inst/microblaze_cmc/U0/MicroBlaze_Core_I/Performance.Core/Decode_I/Use_MuxCy[1].OF_Piperun_Stage/MUXCY_I/<const0> level0_i/blp/blp_i/ss_cmc/inst/microblaze_cmc/U0/MicroBlaze_Core_I/Performance.Core/Decode_I/Use_MuxCy[2].OF_Piperun_Stage/MUXCY_I/<const0> level0_i/blp/blp_i/ss_cmc/inst/microblaze_cmc/U0/MicroBlaze_Core_I/Performance.Core/Decode_I/Use_MuxCy[3].OF_Piperun_Stage/MUXCY_I/<const0> level0_i/blp/blp_i/ss_cmc/inst/microblaze_cmc/U0/MicroBlaze_Core_I/Performance.Core/Decode_I/Use_MuxCy[4].OF_Piperun_Stage/MUXCY_I/<const0> level0_i/blp/blp_i/ss_cmc/inst/microblaze_cmc/U0/MicroBlaze_Core_I/Performance.Core/Decode_I/Use_MuxCy[5].OF_Piperun_Stage/MUXCY_I/<const0> level0_i/blp/blp_i/ss_cmc/inst/microblaze_cmc/U0/MicroBlaze_Core_I/Performance.Core/Decode_I/Use_MuxCy[6].OF_Piperun_Stage/MUXCY_I/<const0> level0_i/blp/blp_i/ss_cmc/inst/microblaze_cmc/U0/MicroBlaze_Core_I/Performance.Core/Decode_I/Use_MuxCy[7].OF_Piperun_Stage/MUXCY_I/<const0> level0_i/blp/blp_i/ss_cmc/inst/microblaze_cmc/U0/MicroBlaze_Core_I/Performance.Core/Decode_I/Use_MuxCy[8].OF_Piperun_Stage/MUXCY_I/<const0> level0_i/blp/blp_i/ss_cmc/inst/microblaze_cmc/U0/MicroBlaze_Core_I/Performance.Core/Decode_I/Use_MuxCy[9].OF_Piperun_Stage/MUXCY_I/<const0> level0_i/blp/blp_i/ss_cmc/inst/microblaze_cmc/U0/MicroBlaze_Core_I/Performance.Core/Decode_I/Using_PC_Incr_Dbg_or_Prot.if_pc_incr_carry_and_1/MUXCY_I/<const0> level0_i/blp/blp_i/ss_cmc/inst/microblaze_cmc/U0/MicroBlaze_Core_I/Performance.Core/Decode_I/if_pc_incr_carry_and_0/MUXCY_I/<const0> level0_i/blp/blp_i/ss_cmc/inst/microblaze_cmc/U0/MicroBlaze_Core_I/Performance.Core/Decode_I/if_pc_incr_carry_and_3/MUXCY_I/<const0> level0_i/blp/blp_i/ss_cmc/inst/microblaze_cmc/U0/MicroBlaze_Core_I/Performance.Core/Decode_I/jump_logic_I1/<const0> level0_i/blp/blp_i/ss_cmc/inst/microblaze_cmc/U0/MicroBlaze_Core_I/Performance.Core/Decode_I/jump_logic_I1/MUXCY_JUMP_CARRY3/<const0> level0_i/blp/blp_i/ss_cmc/inst/microblaze_cmc/U0/MicroBlaze_Core_I/Performance.Core/Decode_I/jump_logic_I1/MUXCY_JUMP_CARRY4/<const0> level0_i/blp/blp_i/ss_cmc/inst/microblaze_cmc/U0/MicroBlaze_Core_I/Performance.Core/Decode_I/jump_logic_I1/MUXCY_JUMP_CARRY5/<const0> level0_i/blp/blp_i/ss_cmc/inst/microblaze_cmc/U0/MicroBlaze_Core_I/Performance.Core/Decode_I/jump_logic_I1/MUXCY_JUMP_CARRY6/<const0> level0_i/blp/blp_i/ss_cmc/inst/microblaze_cmc/U0/MicroBlaze_Core_I/Performance.Core/Decode_I/mem_PipeRun_carry_and/MUXCY_I/<const0> level0_i/blp/blp_i/ss_cmc/inst/microblaze_cmc/U0/MicroBlaze_Core_I/Performance.Core/Use_DBUS.DAXI_Interface_I1/<const0> level0_i/blp/blp_i/ss_cmc/inst/microblaze_cmc/U0/MicroBlaze_Core_I/Performance.Core/Use_Debug_Logic.Master_Core.Debug_Perf/<const0> level0_i/blp/blp_i/ss_cmc/inst/microblaze_cmc/U0/MicroBlaze_Core_I/Performance.Core/Use_Debug_Logic.Master_Core.Debug_Perf/Serial_Dbg_Intf.SRL16E_1/<const0> level0_i/blp/blp_i/ss_cmc/inst/microblaze_cmc/U0/MicroBlaze_Core_I/Performance.Core/Use_Debug_Logic.Master_Core.Debug_Perf/Serial_Dbg_Intf.SRL16E_2/<const0> level0_i/blp/blp_i/ss_cmc/inst/microblaze_cmc/U0/MicroBlaze_Core_I/Performance.Core/Use_Debug_Logic.Master_Core.Debug_Perf/Serial_Dbg_Intf.SRL16E_3/<const0> level0_i/blp/blp_i/ss_cmc/inst/microblaze_cmc/U0/MicroBlaze_Core_I/Performance.Core/Use_Debug_Logic.Master_Core.Debug_Perf/Serial_Dbg_Intf.SRL16E_4/<const0> level0_i/blp/blp_i/ss_cmc/inst/microblaze_cmc/U0/MicroBlaze_Core_I/Performance.Core/Use_Debug_Logic.Master_Core.Debug_Perf/Serial_Dbg_Intf.The_Base_Vector[2].SRL16E_Base_Vector/<const0> level0_i/blp/blp_i/ss_cmc/inst/microblaze_cmc/U0/MicroBlaze_Core_I/Performance.Core/Use_Debug_Logic.Master_Core.Debug_Perf/Serial_Dbg_Intf.The_Cache_Addresses[1].SRL16E_Cache_I/<const0> level0_i/blp/blp_i/ss_cmc/inst/microblaze_cmc/U0/MicroBlaze_Core_I/Performance.Core/Use_Debug_Logic.Master_Core.Debug_Perf/Serial_Dbg_Intf.The_Cache_Addresses[2].SRL16E_Cache_I/<const0> level0_i/blp/blp_i/ss_cmc/inst/microblaze_cmc/U0/MicroBlaze_Core_I/Performance.Core/Use_Debug_Logic.Master_Core.Debug_Perf/Serial_Dbg_Intf.The_Cache_Addresses[5].SRL16E_Cache_I/<const0> level0_i/blp/blp_i/ss_cmc/inst/microblaze_cmc/U0/MicroBlaze_Core_I/Performance.Core/Use_Debug_Logic.Master_Core.Debug_Perf/Serial_Dbg_Intf.The_Cache_Addresses[6].SRL16E_Cache_I/<const0> level0_i/blp/blp_i/ss_cmc/inst/microblaze_cmc/U0/MicroBlaze_Core_I/Performance.Core/Use_Debug_Logic.Master_Core.Debug_Perf/Serial_Dbg_Intf.sync_dbg_brk_hit/<const0> level0_i/blp/blp_i/ss_cmc/inst/microblaze_cmc/U0/MicroBlaze_Core_I/Performance.Core/Use_Debug_Logic.Master_Core.Debug_Perf/Serial_Dbg_Intf.sync_dbg_hit/sync_bits[0].sync_bit/<const0> level0_i/blp/blp_i/ss_cmc/inst/microblaze_cmc/U0/MicroBlaze_Core_I/Performance.Core/Use_Debug_Logic.Master_Core.Debug_Perf/Serial_Dbg_Intf.sync_running_clock/<const0> level0_i/blp/blp_i/ss_cmc/inst/microblaze_cmc/U0/MicroBlaze_Core_I/Performance.Core/Use_Debug_Logic.Master_Core.Debug_Perf/Serial_Dbg_Intf.sync_sample/sync_bits[7].sync_bit/<const0> level0_i/blp/blp_i/ss_cmc/inst/microblaze_cmc/U0/MicroBlaze_Core_I/Performance.Core/Use_Debug_Logic.Master_Core.Debug_Perf/Serial_Dbg_Intf.sync_sleep/<const0> level0_i/blp/blp_i/ss_cmc/inst/microblaze_cmc/U0/MicroBlaze_Core_I/Performance.Core/Use_Debug_Logic.Master_Core.Debug_Perf/Serial_Dbg_Intf.sync_stop_CPU/<const0> level0_i/blp/blp_i/ss_cmc/inst/microblaze_cmc/U0/MicroBlaze_Core_I/Performance.Core/Use_Debug_Logic.Master_Core.Debug_Perf/Using_PC_Breakpoints.All_PC_Brks[0].Serial_Interface_1.address_hit_I/Compare[0].MUXCY_I/<const0> level0_i/blp/blp_i/ss_cmc/inst/microblaze_cmc/U0/MicroBlaze_Core_I/Performance.Core/Use_Debug_Logic.Master_Core.Debug_Perf/Using_PC_Breakpoints.All_PC_Brks[0].Serial_Interface_1.address_hit_I/Compare[1].MUXCY_I/<const0> level0_i/blp/blp_i/ss_cmc/inst/microblaze_cmc/U0/MicroBlaze_Core_I/Performance.Core/Use_Debug_Logic.Master_Core.Debug_Perf/Using_PC_Breakpoints.All_PC_Brks[0].Serial_Interface_1.address_hit_I/Compare[2].MUXCY_I/<const0> level0_i/blp/blp_i/ss_cmc/inst/microblaze_cmc/U0/MicroBlaze_Core_I/Performance.Core/Use_Debug_Logic.Master_Core.Debug_Perf/Using_PC_Breakpoints.All_PC_Brks[0].Serial_Interface_1.address_hit_I/Compare[3].MUXCY_I/<const0> level0_i/blp/blp_i/ss_cmc/inst/microblaze_cmc/U0/MicroBlaze_Core_I/Performance.Core/Use_Debug_Logic.Master_Core.Debug_Perf/Using_PC_Breakpoints.All_PC_Brks[0].Serial_Interface_1.address_hit_I/Compare[4].MUXCY_I/<const0> level0_i/blp/blp_i/ss_cmc/inst/microblaze_cmc/U0/MicroBlaze_Core_I/Performance.Core/Use_Debug_Logic.Master_Core.Debug_Perf/Using_PC_Breakpoints.All_PC_Brks[0].Serial_Interface_1.address_hit_I/Compare[5].MUXCY_I/<const0> level0_i/blp/blp_i/ss_cmc/inst/microblaze_cmc/U0/MicroBlaze_Core_I/Performance.Core/Use_Debug_Logic.Master_Core.Debug_Perf/Using_PC_Breakpoints.All_PC_Brks[0].Serial_Interface_1.address_hit_I/Compare[6].MUXCY_I/<const0> level0_i/blp/blp_i/ss_cmc/inst/microblaze_cmc/U0/MicroBlaze_Core_I/Performance.Core/Use_Debug_Logic.Master_Core.Debug_Perf/Using_PC_Breakpoints.All_PC_Brks[0].Serial_Interface_1.address_hit_I/Compare[7].MUXCY_I/<const0> level0_i/blp/blp_i/ss_cmc/inst/microblaze_cmc/U0/MicroBlaze_Core_I/Reset_DFF/<const0> level0_i/blp/blp_i/ss_cmc/inst/microblaze_cmc/U0/MicroBlaze_Core_I/Using_Async_Wakeup_0.Wakeup_DFF/<const0> level0_i/blp/blp_i/ss_cmc/inst/microblaze_cmc/U0/MicroBlaze_Core_I/Using_Async_Wakeup_1.Wakeup_DFF/<const0> level0_i/blp/blp_i/ss_cmc/inst/microblaze_cmc/U0/MicroBlaze_Core_I/Using_Streaming.Streaming_AXI_I/<const0> level0_i/blp/blp_i/ss_cmc/inst/microblaze_local_memory/lmb_bram/U0/inst_blk_mem_gen/gnbram.gnative_mem_map_bmg.native_mem_map_blk_mem_gen/valid.cstr/ramloop[0].ram.r/prim_noinit.ram/<const0> level0_i/blp/blp_i/ss_cmc/inst/microblaze_local_memory/lmb_bram/U0/inst_blk_mem_gen/gnbram.gnative_mem_map_bmg.native_mem_map_blk_mem_gen/valid.cstr/ramloop[10].ram.r/prim_noinit.ram/<const0> level0_i/blp/blp_i/ss_cmc/inst/microblaze_local_memory/lmb_bram/U0/inst_blk_mem_gen/gnbram.gnative_mem_map_bmg.native_mem_map_blk_mem_gen/valid.cstr/ramloop[11].ram.r/prim_noinit.ram/<const0> level0_i/blp/blp_i/ss_cmc/inst/microblaze_local_memory/lmb_bram/U0/inst_blk_mem_gen/gnbram.gnative_mem_map_bmg.native_mem_map_blk_mem_gen/valid.cstr/ramloop[12].ram.r/prim_noinit.ram/<const0> level0_i/blp/blp_i/ss_cmc/inst/microblaze_local_memory/lmb_bram/U0/inst_blk_mem_gen/gnbram.gnative_mem_map_bmg.native_mem_map_blk_mem_gen/valid.cstr/ramloop[13].ram.r/prim_noinit.ram/<const0> level0_i/blp/blp_i/ss_cmc/inst/microblaze_local_memory/lmb_bram/U0/inst_blk_mem_gen/gnbram.gnative_mem_map_bmg.native_mem_map_blk_mem_gen/valid.cstr/ramloop[14].ram.r/prim_noinit.ram/<const0> level0_i/blp/blp_i/ss_cmc/inst/microblaze_local_memory/lmb_bram/U0/inst_blk_mem_gen/gnbram.gnative_mem_map_bmg.native_mem_map_blk_mem_gen/valid.cstr/ramloop[15].ram.r/prim_noinit.ram/<const0> level0_i/blp/blp_i/ss_cmc/inst/microblaze_local_memory/lmb_bram/U0/inst_blk_mem_gen/gnbram.gnative_mem_map_bmg.native_mem_map_blk_mem_gen/valid.cstr/ramloop[16].ram.r/prim_noinit.ram/<const0> level0_i/blp/blp_i/ss_cmc/inst/microblaze_local_memory/lmb_bram/U0/inst_blk_mem_gen/gnbram.gnative_mem_map_bmg.native_mem_map_blk_mem_gen/valid.cstr/ramloop[17].ram.r/prim_noinit.ram/<const0> level0_i/blp/blp_i/ss_cmc/inst/microblaze_local_memory/lmb_bram/U0/inst_blk_mem_gen/gnbram.gnative_mem_map_bmg.native_mem_map_blk_mem_gen/valid.cstr/ramloop[18].ram.r/prim_noinit.ram/<const0> level0_i/blp/blp_i/ss_cmc/inst/microblaze_local_memory/lmb_bram/U0/inst_blk_mem_gen/gnbram.gnative_mem_map_bmg.native_mem_map_blk_mem_gen/valid.cstr/ramloop[19].ram.r/prim_noinit.ram/<const0> level0_i/blp/blp_i/ss_cmc/inst/microblaze_local_memory/lmb_bram/U0/inst_blk_mem_gen/gnbram.gnative_mem_map_bmg.native_mem_map_blk_mem_gen/valid.cstr/ramloop[1].ram.r/prim_noinit.ram/<const0> level0_i/blp/blp_i/ss_cmc/inst/microblaze_local_memory/lmb_bram/U0/inst_blk_mem_gen/gnbram.gnative_mem_map_bmg.native_mem_map_blk_mem_gen/valid.cstr/ramloop[20].ram.r/prim_noinit.ram/<const0> level0_i/blp/blp_i/ss_cmc/inst/microblaze_local_memory/lmb_bram/U0/inst_blk_mem_gen/gnbram.gnative_mem_map_bmg.native_mem_map_blk_mem_gen/valid.cstr/ramloop[21].ram.r/prim_noinit.ram/<const0> level0_i/blp/blp_i/ss_cmc/inst/microblaze_local_memory/lmb_bram/U0/inst_blk_mem_gen/gnbram.gnative_mem_map_bmg.native_mem_map_blk_mem_gen/valid.cstr/ramloop[22].ram.r/prim_noinit.ram/<const0> level0_i/blp/blp_i/ss_cmc/inst/microblaze_local_memory/lmb_bram/U0/inst_blk_mem_gen/gnbram.gnative_mem_map_bmg.native_mem_map_blk_mem_gen/valid.cstr/ramloop[23].ram.r/prim_noinit.ram/<const0> level0_i/blp/blp_i/ss_cmc/inst/microblaze_local_memory/lmb_bram/U0/inst_blk_mem_gen/gnbram.gnative_mem_map_bmg.native_mem_map_blk_mem_gen/valid.cstr/ramloop[24].ram.r/prim_noinit.ram/<const0> level0_i/blp/blp_i/ss_cmc/inst/microblaze_local_memory/lmb_bram/U0/inst_blk_mem_gen/gnbram.gnative_mem_map_bmg.native_mem_map_blk_mem_gen/valid.cstr/ramloop[25].ram.r/prim_noinit.ram/<const0> level0_i/blp/blp_i/ss_cmc/inst/microblaze_local_memory/lmb_bram/U0/inst_blk_mem_gen/gnbram.gnative_mem_map_bmg.native_mem_map_blk_mem_gen/valid.cstr/ramloop[26].ram.r/prim_noinit.ram/<const0> level0_i/blp/blp_i/ss_cmc/inst/microblaze_local_memory/lmb_bram/U0/inst_blk_mem_gen/gnbram.gnative_mem_map_bmg.native_mem_map_blk_mem_gen/valid.cstr/ramloop[27].ram.r/prim_noinit.ram/<const0> level0_i/blp/blp_i/ss_cmc/inst/microblaze_local_memory/lmb_bram/U0/inst_blk_mem_gen/gnbram.gnative_mem_map_bmg.native_mem_map_blk_mem_gen/valid.cstr/ramloop[28].ram.r/prim_noinit.ram/<const0> level0_i/blp/blp_i/ss_cmc/inst/microblaze_local_memory/lmb_bram/U0/inst_blk_mem_gen/gnbram.gnative_mem_map_bmg.native_mem_map_blk_mem_gen/valid.cstr/ramloop[29].ram.r/prim_noinit.ram/<const0> level0_i/blp/blp_i/ss_cmc/inst/microblaze_local_memory/lmb_bram/U0/inst_blk_mem_gen/gnbram.gnative_mem_map_bmg.native_mem_map_blk_mem_gen/valid.cstr/ramloop[2].ram.r/prim_noinit.ram/<const0> level0_i/blp/blp_i/ss_cmc/inst/microblaze_local_memory/lmb_bram/U0/inst_blk_mem_gen/gnbram.gnative_mem_map_bmg.native_mem_map_blk_mem_gen/valid.cstr/ramloop[30].ram.r/prim_noinit.ram/<const0> level0_i/blp/blp_i/ss_cmc/inst/microblaze_local_memory/lmb_bram/U0/inst_blk_mem_gen/gnbram.gnative_mem_map_bmg.native_mem_map_blk_mem_gen/valid.cstr/ramloop[31].ram.r/<const0> level0_i/blp/blp_i/ss_cmc/inst/microblaze_local_memory/lmb_bram/U0/inst_blk_mem_gen/gnbram.gnative_mem_map_bmg.native_mem_map_blk_mem_gen/valid.cstr/ramloop[31].ram.r/prim_noinit.ram/<const0> level0_i/blp/blp_i/ss_cmc/inst/microblaze_local_memory/lmb_bram/U0/inst_blk_mem_gen/gnbram.gnative_mem_map_bmg.native_mem_map_blk_mem_gen/valid.cstr/ramloop[3].ram.r/prim_noinit.ram/<const0> level0_i/blp/blp_i/ss_cmc/inst/microblaze_local_memory/lmb_bram/U0/inst_blk_mem_gen/gnbram.gnative_mem_map_bmg.native_mem_map_blk_mem_gen/valid.cstr/ramloop[4].ram.r/prim_noinit.ram/<const0> level0_i/blp/blp_i/ss_cmc/inst/microblaze_local_memory/lmb_bram/U0/inst_blk_mem_gen/gnbram.gnative_mem_map_bmg.native_mem_map_blk_mem_gen/valid.cstr/ramloop[5].ram.r/prim_noinit.ram/<const0> level0_i/blp/blp_i/ss_cmc/inst/microblaze_local_memory/lmb_bram/U0/inst_blk_mem_gen/gnbram.gnative_mem_map_bmg.native_mem_map_blk_mem_gen/valid.cstr/ramloop[6].ram.r/prim_noinit.ram/<const0> level0_i/blp/blp_i/ss_cmc/inst/microblaze_local_memory/lmb_bram/U0/inst_blk_mem_gen/gnbram.gnative_mem_map_bmg.native_mem_map_blk_mem_gen/valid.cstr/ramloop[7].ram.r/prim_noinit.ram/<const0> level0_i/blp/blp_i/ss_cmc/inst/microblaze_local_memory/lmb_bram/U0/inst_blk_mem_gen/gnbram.gnative_mem_map_bmg.native_mem_map_blk_mem_gen/valid.cstr/ramloop[8].ram.r/prim_noinit.ram/<const0> level0_i/blp/blp_i/ss_cmc/inst/microblaze_local_memory/lmb_bram/U0/inst_blk_mem_gen/gnbram.gnative_mem_map_bmg.native_mem_map_blk_mem_gen/valid.cstr/ramloop[9].ram.r/prim_noinit.ram/<const0> level0_i/blp/blp_i/ss_cmc/inst/msp432_bsl_crc_gen/inst/<const0> level0_i/blp/blp_i/ss_cmc/inst/psreset_cmc/U0/<const0> level0_i/blp/blp_i/ss_cmc/inst/psreset_cmc/U0/EXT_LPF/<const0> level0_i/blp/blp_i/ss_cmc/inst/psreset_cmc/U0/EXT_LPF/ACTIVE_LOW_AUX.ACT_LO_AUX/<const0> level0_i/blp/blp_i/ss_cmc/inst/psreset_cmc/U0/EXT_LPF/ACTIVE_LOW_EXT.ACT_LO_EXT/<const0> level0_i/blp/blp_i/ss_cmc/inst/psreset_cmc/U0/SEQ/<const0> level0_i/blp/blp_i/ss_cmc/inst/qsfp_gpio_hierarchy/<const0> level0_i/blp/blp_i/ss_cmc/inst/qsfp_gpio_hierarchy/axi_gpio_qsfp/U0/AXI_LITE_IPIF_I/I_SLAVE_ATTACHMENT/<const0> level0_i/blp/blp_i/ss_cmc/inst/qsfp_gpio_hierarchy/axi_gpio_qsfp/U0/AXI_LITE_IPIF_I/I_SLAVE_ATTACHMENT/I_DECODER/<const0> level0_i/blp/blp_i/ss_cmc/inst/qsfp_gpio_hierarchy/axi_gpio_qsfp/U0/gpio_core_1/<const0> level0_i/blp/blp_i/ss_cmc/inst/qsfp_gpio_hierarchy/axi_gpio_qsfp/U0/gpio_core_1/Dual.INPUT_DOUBLE_REGS4/<const0> level0_i/blp/blp_i/ss_cmc/inst/qsfp_gpio_hierarchy/axi_gpio_qsfp/U0/gpio_core_1/Dual.INPUT_DOUBLE_REGS5/<const0> level0_i/blp/blp_i/ss_cmc/inst/reg_map_bram/U0/inst_blk_mem_gen/gnbram.gnative_mem_map_bmg.native_mem_map_blk_mem_gen/valid.cstr/ramloop[0].ram.r/prim_noinit.ram/<const0> level0_i/blp/blp_i/ss_cmc/inst/reg_map_bram/U0/inst_blk_mem_gen/gnbram.gnative_mem_map_bmg.native_mem_map_blk_mem_gen/valid.cstr/ramloop[1].ram.r/<const0> level0_i/blp/blp_i/ss_cmc/inst/reg_map_bram/U0/inst_blk_mem_gen/gnbram.gnative_mem_map_bmg.native_mem_map_blk_mem_gen/valid.cstr/ramloop[1].ram.r/prim_noinit.ram/<const0> level0_i/blp/blp_i/ss_cmp/inst/AXI_HWICAP/U0/<const0> level0_i/blp/blp_i/ss_cmp/inst/AXI_HWICAP/U0/ICAP_SHARED.HWICAP_CTRL_I/<const0> level0_i/blp/blp_i/ss_cmp/inst/AXI_HWICAP/U0/ICAP_SHARED.HWICAP_CTRL_I/GEN_BUS2ICAP_RESET/<const0> level0_i/blp/blp_i/ss_cmp/inst/AXI_HWICAP/U0/ICAP_SHARED.HWICAP_CTRL_I/IPIC_IF_I/<const0> level0_i/blp/blp_i/ss_cmp/inst/AXI_HWICAP/U0/ICAP_SHARED.HWICAP_CTRL_I/IPIC_IF_I/BUS2ICAP_SIZE_REGISTER_PROCESS/<const0> level0_i/blp/blp_i/ss_cmp/inst/AXI_HWICAP/U0/ICAP_SHARED.HWICAP_CTRL_I/IPIC_IF_I/FIFO_RST_CDC_PROCESS/<const0> level0_i/blp/blp_i/ss_cmp/inst/AXI_HWICAP/U0/ICAP_SHARED.HWICAP_CTRL_I/IPIC_IF_I/ICAP2BUS_STATUS_REGISTER_PROCESS/<const0> level0_i/blp/blp_i/ss_cmp/inst/AXI_HWICAP/U0/ICAP_SHARED.HWICAP_CTRL_I/IPIC_IF_I/ICAP2PLB_SYNCH1/<const0> level0_i/blp/blp_i/ss_cmp/inst/AXI_HWICAP/U0/ICAP_SHARED.HWICAP_CTRL_I/IPIC_IF_I/ICAP2PLB_SYNCH2/<const0> level0_i/blp/blp_i/ss_cmp/inst/AXI_HWICAP/U0/ICAP_SHARED.HWICAP_CTRL_I/IPIC_IF_I/ICAP2PLB_SYNCH3/<const0> level0_i/blp/blp_i/ss_cmp/inst/AXI_HWICAP/U0/ICAP_SHARED.HWICAP_CTRL_I/IPIC_IF_I/ICAP2PLB_SYNCH4/<const0> level0_i/blp/blp_i/ss_cmp/inst/AXI_HWICAP/U0/ICAP_SHARED.HWICAP_CTRL_I/IPIC_IF_I/ICAP2PLB_SYNCH5/<const0> level0_i/blp/blp_i/ss_cmp/inst/AXI_HWICAP/U0/ICAP_SHARED.HWICAP_CTRL_I/IPIC_IF_I/PLB2ICAP_SYNCH1/<const0> level0_i/blp/blp_i/ss_cmp/inst/AXI_HWICAP/U0/ICAP_SHARED.HWICAP_CTRL_I/IPIC_IF_I/PLB2ICAP_SYNCH2/<const0> level0_i/blp/blp_i/ss_cmp/inst/AXI_HWICAP/U0/ICAP_SHARED.HWICAP_CTRL_I/IPIC_IF_I/PLB2ICAP_SYNCH3/<const0> level0_i/blp/blp_i/ss_cmp/inst/AXI_HWICAP/U0/ICAP_SHARED.HWICAP_CTRL_I/IPIC_IF_I/RD_FIFO.RDDATA_FIFO_I/xpm_fifo_instance.xpm_fifo_async_inst/gnuram_async_fifo.xpm_fifo_base_inst/gen_cdc_pntr.rd_pntr_cdc_dc_inst/<const0> level0_i/blp/blp_i/ss_cmp/inst/AXI_HWICAP/U0/ICAP_SHARED.HWICAP_CTRL_I/IPIC_IF_I/RD_FIFO.RDDATA_FIFO_I/xpm_fifo_instance.xpm_fifo_async_inst/gnuram_async_fifo.xpm_fifo_base_inst/gen_cdc_pntr.rd_pntr_cdc_inst/<const0> level0_i/blp/blp_i/ss_cmp/inst/AXI_HWICAP/U0/ICAP_SHARED.HWICAP_CTRL_I/IPIC_IF_I/RD_FIFO.RDDATA_FIFO_I/xpm_fifo_instance.xpm_fifo_async_inst/gnuram_async_fifo.xpm_fifo_base_inst/gen_cdc_pntr.wpr_gray_reg_dc/<const0> level0_i/blp/blp_i/ss_cmp/inst/AXI_HWICAP/U0/ICAP_SHARED.HWICAP_CTRL_I/IPIC_IF_I/RD_FIFO.RDDATA_FIFO_I/xpm_fifo_instance.xpm_fifo_async_inst/gnuram_async_fifo.xpm_fifo_base_inst/gen_cdc_pntr.wr_pntr_cdc_dc_inst/<const0> level0_i/blp/blp_i/ss_cmp/inst/AXI_HWICAP/U0/ICAP_SHARED.HWICAP_CTRL_I/IPIC_IF_I/RD_FIFO.RDDATA_FIFO_I/xpm_fifo_instance.xpm_fifo_async_inst/gnuram_async_fifo.xpm_fifo_base_inst/gen_cdc_pntr.wr_pntr_cdc_inst/<const0> level0_i/blp/blp_i/ss_cmp/inst/AXI_HWICAP/U0/ICAP_SHARED.HWICAP_CTRL_I/IPIC_IF_I/RD_FIFO.RDDATA_FIFO_I/xpm_fifo_instance.xpm_fifo_async_inst/gnuram_async_fifo.xpm_fifo_base_inst/gen_sdpram.xpm_memory_base_inst/<const0> level0_i/blp/blp_i/ss_cmp/inst/AXI_HWICAP/U0/ICAP_SHARED.HWICAP_CTRL_I/IPIC_IF_I/RD_FIFO.RDDATA_FIFO_I/xpm_fifo_instance.xpm_fifo_async_inst/gnuram_async_fifo.xpm_fifo_base_inst/rst_d1_inst/<const0> level0_i/blp/blp_i/ss_cmp/inst/AXI_HWICAP/U0/ICAP_SHARED.HWICAP_CTRL_I/IPIC_IF_I/RD_FIFO.RDDATA_FIFO_I/xpm_fifo_instance.xpm_fifo_async_inst/gnuram_async_fifo.xpm_fifo_base_inst/wrp_inst/<const0> level0_i/blp/blp_i/ss_cmp/inst/AXI_HWICAP/U0/ICAP_SHARED.HWICAP_CTRL_I/IPIC_IF_I/RD_FIFO.RDDATA_FIFO_I/xpm_fifo_instance.xpm_fifo_async_inst/gnuram_async_fifo.xpm_fifo_base_inst/xpm_fifo_rst_inst/<const0> level0_i/blp/blp_i/ss_cmp/inst/AXI_HWICAP/U0/ICAP_SHARED.HWICAP_CTRL_I/IPIC_IF_I/RD_FIFO.RDDATA_FIFO_I/xpm_fifo_instance.xpm_fifo_async_inst/gnuram_async_fifo.xpm_fifo_base_inst/xpm_fifo_rst_inst/gen_rst_ic.rrst_wr_inst/<const0> level0_i/blp/blp_i/ss_cmp/inst/AXI_HWICAP/U0/ICAP_SHARED.HWICAP_CTRL_I/IPIC_IF_I/RD_FIFO.RDDATA_FIFO_I/xpm_fifo_instance.xpm_fifo_async_inst/gnuram_async_fifo.xpm_fifo_base_inst/xpm_fifo_rst_inst/gen_rst_ic.wrst_rd_inst/<const0> level0_i/blp/blp_i/ss_cmp/inst/AXI_HWICAP/U0/ICAP_SHARED.HWICAP_CTRL_I/IPIC_IF_I/RD_FIFO.RDFULL_SYNCH/<const0> level0_i/blp/blp_i/ss_cmp/inst/AXI_HWICAP/U0/ICAP_SHARED.HWICAP_CTRL_I/IPIC_IF_I/WRFIFO.WRDATA_FIFO_I/xpm_fifo_instance.xpm_fifo_async_inst/gnuram_async_fifo.xpm_fifo_base_inst/gen_cdc_pntr.rd_pntr_cdc_dc_inst/<const0> level0_i/blp/blp_i/ss_cmp/inst/AXI_HWICAP/U0/ICAP_SHARED.HWICAP_CTRL_I/IPIC_IF_I/WRFIFO.WRDATA_FIFO_I/xpm_fifo_instance.xpm_fifo_async_inst/gnuram_async_fifo.xpm_fifo_base_inst/gen_cdc_pntr.rd_pntr_cdc_inst/<const0> level0_i/blp/blp_i/ss_cmp/inst/AXI_HWICAP/U0/ICAP_SHARED.HWICAP_CTRL_I/IPIC_IF_I/WRFIFO.WRDATA_FIFO_I/xpm_fifo_instance.xpm_fifo_async_inst/gnuram_async_fifo.xpm_fifo_base_inst/gen_cdc_pntr.wr_pntr_cdc_inst/<const0> level0_i/blp/blp_i/ss_cmp/inst/AXI_HWICAP/U0/ICAP_SHARED.HWICAP_CTRL_I/IPIC_IF_I/WRFIFO.WRDATA_FIFO_I/xpm_fifo_instance.xpm_fifo_async_inst/gnuram_async_fifo.xpm_fifo_base_inst/gen_sdpram.xpm_memory_base_inst/<const0> level0_i/blp/blp_i/ss_cmp/inst/AXI_HWICAP/U0/ICAP_SHARED.HWICAP_CTRL_I/IPIC_IF_I/WRFIFO.WRDATA_FIFO_I/xpm_fifo_instance.xpm_fifo_async_inst/gnuram_async_fifo.xpm_fifo_base_inst/rst_d1_inst/<const0> level0_i/blp/blp_i/ss_cmp/inst/AXI_HWICAP/U0/ICAP_SHARED.HWICAP_CTRL_I/IPIC_IF_I/WRFIFO.WRDATA_FIFO_I/xpm_fifo_instance.xpm_fifo_async_inst/gnuram_async_fifo.xpm_fifo_base_inst/wrp_inst/<const0> level0_i/blp/blp_i/ss_cmp/inst/AXI_HWICAP/U0/ICAP_SHARED.HWICAP_CTRL_I/IPIC_IF_I/WRFIFO.WRDATA_FIFO_I/xpm_fifo_instance.xpm_fifo_async_inst/gnuram_async_fifo.xpm_fifo_base_inst/xpm_fifo_rst_inst/<const0> level0_i/blp/blp_i/ss_cmp/inst/AXI_HWICAP/U0/ICAP_SHARED.HWICAP_CTRL_I/IPIC_IF_I/WRFIFO.WRDATA_FIFO_I/xpm_fifo_instance.xpm_fifo_async_inst/gnuram_async_fifo.xpm_fifo_base_inst/xpm_fifo_rst_inst/gen_rst_ic.rrst_wr_inst/<const0> level0_i/blp/blp_i/ss_cmp/inst/AXI_HWICAP/U0/ICAP_SHARED.HWICAP_CTRL_I/IPIC_IF_I/WRFIFO.WRDATA_FIFO_I/xpm_fifo_instance.xpm_fifo_async_inst/gnuram_async_fifo.xpm_fifo_base_inst/xpm_fifo_rst_inst/gen_rst_ic.wrst_rd_inst/<const0> level0_i/blp/blp_i/ss_cmp/inst/AXI_HWICAP/U0/ICAP_SHARED.HWICAP_CTRL_I/IPIC_IF_I/WRFIFO.WREMPTY_SYNCH/<const0> level0_i/blp/blp_i/ss_cmp/inst/AXI_HWICAP/U0/ICAP_SHARED.HWICAP_CTRL_I/icap_statemachine_I1/<const0> level0_i/blp/blp_i/ss_cmp/inst/AXI_HWICAP/U0/XI4_LITE_I/I_SLAVE_ATTACHMENT/<const0> level0_i/blp/blp_i/ss_cmp/inst/AXI_HWICAP/U0/XI4_LITE_I/I_SLAVE_ATTACHMENT/I_DECODER/<const0> level0_i/blp/blp_i/ss_cmp/inst/axi_ic_ctrl_mgmt/m01_couplers/auto_cc/inst/gen_clock_conv.gen_async_lite_conv.clock_conv_lite_fwd_ar/handshake/<const0> level0_i/blp/blp_i/ss_cmp/inst/axi_ic_ctrl_mgmt/m01_couplers/auto_cc/inst/gen_clock_conv.gen_async_lite_conv.clock_conv_lite_fwd_ar/handshake/xpm_cdc_single_dest2src_inst/<const0> level0_i/blp/blp_i/ss_cmp/inst/axi_ic_ctrl_mgmt/m01_couplers/auto_cc/inst/gen_clock_conv.gen_async_lite_conv.clock_conv_lite_fwd_ar/handshake/xpm_cdc_single_src2dest_inst/<const0> level0_i/blp/blp_i/ss_cmp/inst/axi_ic_ctrl_mgmt/m01_couplers/auto_cc/inst/gen_clock_conv.gen_async_lite_conv.clock_conv_lite_fwd_aw/<const0> level0_i/blp/blp_i/ss_cmp/inst/axi_ic_ctrl_mgmt/m01_couplers/auto_cc/inst/gen_clock_conv.gen_async_lite_conv.clock_conv_lite_fwd_aw/handshake/<const0> level0_i/blp/blp_i/ss_cmp/inst/axi_ic_ctrl_mgmt/m01_couplers/auto_cc/inst/gen_clock_conv.gen_async_lite_conv.clock_conv_lite_fwd_aw/handshake/xpm_cdc_single_dest2src_inst/<const0> level0_i/blp/blp_i/ss_cmp/inst/axi_ic_ctrl_mgmt/m01_couplers/auto_cc/inst/gen_clock_conv.gen_async_lite_conv.clock_conv_lite_fwd_aw/handshake/xpm_cdc_single_src2dest_inst/<const0> level0_i/blp/blp_i/ss_cmp/inst/axi_ic_ctrl_mgmt/m01_couplers/auto_cc/inst/gen_clock_conv.gen_async_lite_conv.clock_conv_lite_fwd_w/handshake/<const0> level0_i/blp/blp_i/ss_cmp/inst/axi_ic_ctrl_mgmt/m01_couplers/auto_cc/inst/gen_clock_conv.gen_async_lite_conv.clock_conv_lite_fwd_w/handshake/xpm_cdc_single_dest2src_inst/<const0> level0_i/blp/blp_i/ss_cmp/inst/axi_ic_ctrl_mgmt/m01_couplers/auto_cc/inst/gen_clock_conv.gen_async_lite_conv.clock_conv_lite_fwd_w/handshake/xpm_cdc_single_src2dest_inst/<const0> level0_i/blp/blp_i/ss_cmp/inst/axi_ic_ctrl_mgmt/m01_couplers/auto_cc/inst/gen_clock_conv.gen_async_lite_conv.clock_conv_lite_resp_b/handshake/<const0> level0_i/blp/blp_i/ss_cmp/inst/axi_ic_ctrl_mgmt/m01_couplers/auto_cc/inst/gen_clock_conv.gen_async_lite_conv.clock_conv_lite_resp_b/handshake/xpm_cdc_single_dest2src_inst/<const0> level0_i/blp/blp_i/ss_cmp/inst/axi_ic_ctrl_mgmt/m01_couplers/auto_cc/inst/gen_clock_conv.gen_async_lite_conv.clock_conv_lite_resp_b/handshake/xpm_cdc_single_src2dest_inst/<const0> level0_i/blp/blp_i/ss_cmp/inst/axi_ic_ctrl_mgmt/m01_couplers/auto_cc/inst/gen_clock_conv.gen_async_lite_conv.clock_conv_lite_resp_r/handshake/<const0> level0_i/blp/blp_i/ss_cmp/inst/axi_ic_ctrl_mgmt/m01_couplers/auto_cc/inst/gen_clock_conv.gen_async_lite_conv.clock_conv_lite_resp_r/handshake/xpm_cdc_single_dest2src_inst/<const0> level0_i/blp/blp_i/ss_cmp/inst/axi_ic_ctrl_mgmt/m01_couplers/auto_cc/inst/gen_clock_conv.gen_async_lite_conv.clock_conv_lite_resp_r/handshake/xpm_cdc_single_src2dest_inst/<const0> level0_i/blp/blp_i/ss_cmp/inst/axi_ic_ctrl_mgmt/m02_couplers/auto_cc/inst/gen_clock_conv.gen_async_lite_conv.clock_conv_lite_fwd_ar/handshake/<const0> level0_i/blp/blp_i/ss_cmp/inst/axi_ic_ctrl_mgmt/m02_couplers/auto_cc/inst/gen_clock_conv.gen_async_lite_conv.clock_conv_lite_fwd_ar/handshake/xpm_cdc_single_dest2src_inst/<const0> level0_i/blp/blp_i/ss_cmp/inst/axi_ic_ctrl_mgmt/m02_couplers/auto_cc/inst/gen_clock_conv.gen_async_lite_conv.clock_conv_lite_fwd_ar/handshake/xpm_cdc_single_src2dest_inst/<const0> level0_i/blp/blp_i/ss_cmp/inst/axi_ic_ctrl_mgmt/m02_couplers/auto_cc/inst/gen_clock_conv.gen_async_lite_conv.clock_conv_lite_fwd_aw/<const0> level0_i/blp/blp_i/ss_cmp/inst/axi_ic_ctrl_mgmt/m02_couplers/auto_cc/inst/gen_clock_conv.gen_async_lite_conv.clock_conv_lite_fwd_aw/handshake/<const0> level0_i/blp/blp_i/ss_cmp/inst/axi_ic_ctrl_mgmt/m02_couplers/auto_cc/inst/gen_clock_conv.gen_async_lite_conv.clock_conv_lite_fwd_aw/handshake/xpm_cdc_single_dest2src_inst/<const0> level0_i/blp/blp_i/ss_cmp/inst/axi_ic_ctrl_mgmt/m02_couplers/auto_cc/inst/gen_clock_conv.gen_async_lite_conv.clock_conv_lite_fwd_aw/handshake/xpm_cdc_single_src2dest_inst/<const0> level0_i/blp/blp_i/ss_cmp/inst/axi_ic_ctrl_mgmt/m02_couplers/auto_cc/inst/gen_clock_conv.gen_async_lite_conv.clock_conv_lite_fwd_w/handshake/<const0> level0_i/blp/blp_i/ss_cmp/inst/axi_ic_ctrl_mgmt/m02_couplers/auto_cc/inst/gen_clock_conv.gen_async_lite_conv.clock_conv_lite_fwd_w/handshake/xpm_cdc_single_dest2src_inst/<const0> level0_i/blp/blp_i/ss_cmp/inst/axi_ic_ctrl_mgmt/m02_couplers/auto_cc/inst/gen_clock_conv.gen_async_lite_conv.clock_conv_lite_fwd_w/handshake/xpm_cdc_single_src2dest_inst/<const0> level0_i/blp/blp_i/ss_cmp/inst/axi_ic_ctrl_mgmt/m02_couplers/auto_cc/inst/gen_clock_conv.gen_async_lite_conv.clock_conv_lite_resp_b/handshake/<const0> level0_i/blp/blp_i/ss_cmp/inst/axi_ic_ctrl_mgmt/m02_couplers/auto_cc/inst/gen_clock_conv.gen_async_lite_conv.clock_conv_lite_resp_b/handshake/xpm_cdc_single_dest2src_inst/<const0> level0_i/blp/blp_i/ss_cmp/inst/axi_ic_ctrl_mgmt/m02_couplers/auto_cc/inst/gen_clock_conv.gen_async_lite_conv.clock_conv_lite_resp_b/handshake/xpm_cdc_single_src2dest_inst/<const0> level0_i/blp/blp_i/ss_cmp/inst/axi_ic_ctrl_mgmt/m02_couplers/auto_cc/inst/gen_clock_conv.gen_async_lite_conv.clock_conv_lite_resp_r/handshake/<const0> level0_i/blp/blp_i/ss_cmp/inst/axi_ic_ctrl_mgmt/m02_couplers/auto_cc/inst/gen_clock_conv.gen_async_lite_conv.clock_conv_lite_resp_r/handshake/xpm_cdc_single_dest2src_inst/<const0> level0_i/blp/blp_i/ss_cmp/inst/axi_ic_ctrl_mgmt/m02_couplers/auto_cc/inst/gen_clock_conv.gen_async_lite_conv.clock_conv_lite_resp_r/handshake/xpm_cdc_single_src2dest_inst/<const0> level0_i/blp/blp_i/ss_cmp/inst/axi_ic_ctrl_mgmt/m03_couplers/auto_cc/inst/gen_clock_conv.gen_async_lite_conv.clock_conv_lite_fwd_ar/handshake/<const0> level0_i/blp/blp_i/ss_cmp/inst/axi_ic_ctrl_mgmt/m03_couplers/auto_cc/inst/gen_clock_conv.gen_async_lite_conv.clock_conv_lite_fwd_ar/handshake/xpm_cdc_single_dest2src_inst/<const0> level0_i/blp/blp_i/ss_cmp/inst/axi_ic_ctrl_mgmt/m03_couplers/auto_cc/inst/gen_clock_conv.gen_async_lite_conv.clock_conv_lite_fwd_ar/handshake/xpm_cdc_single_src2dest_inst/<const0> level0_i/blp/blp_i/ss_cmp/inst/axi_ic_ctrl_mgmt/m03_couplers/auto_cc/inst/gen_clock_conv.gen_async_lite_conv.clock_conv_lite_fwd_aw/<const0> level0_i/blp/blp_i/ss_cmp/inst/axi_ic_ctrl_mgmt/m03_couplers/auto_cc/inst/gen_clock_conv.gen_async_lite_conv.clock_conv_lite_fwd_aw/handshake/<const0> level0_i/blp/blp_i/ss_cmp/inst/axi_ic_ctrl_mgmt/m03_couplers/auto_cc/inst/gen_clock_conv.gen_async_lite_conv.clock_conv_lite_fwd_aw/handshake/xpm_cdc_single_dest2src_inst/<const0> level0_i/blp/blp_i/ss_cmp/inst/axi_ic_ctrl_mgmt/m03_couplers/auto_cc/inst/gen_clock_conv.gen_async_lite_conv.clock_conv_lite_fwd_aw/handshake/xpm_cdc_single_src2dest_inst/<const0> level0_i/blp/blp_i/ss_cmp/inst/axi_ic_ctrl_mgmt/m03_couplers/auto_cc/inst/gen_clock_conv.gen_async_lite_conv.clock_conv_lite_fwd_w/handshake/<const0> level0_i/blp/blp_i/ss_cmp/inst/axi_ic_ctrl_mgmt/m03_couplers/auto_cc/inst/gen_clock_conv.gen_async_lite_conv.clock_conv_lite_fwd_w/handshake/xpm_cdc_single_dest2src_inst/<const0> level0_i/blp/blp_i/ss_cmp/inst/axi_ic_ctrl_mgmt/m03_couplers/auto_cc/inst/gen_clock_conv.gen_async_lite_conv.clock_conv_lite_fwd_w/handshake/xpm_cdc_single_src2dest_inst/<const0> level0_i/blp/blp_i/ss_cmp/inst/axi_ic_ctrl_mgmt/m03_couplers/auto_cc/inst/gen_clock_conv.gen_async_lite_conv.clock_conv_lite_resp_b/handshake/<const0> level0_i/blp/blp_i/ss_cmp/inst/axi_ic_ctrl_mgmt/m03_couplers/auto_cc/inst/gen_clock_conv.gen_async_lite_conv.clock_conv_lite_resp_b/handshake/xpm_cdc_single_dest2src_inst/<const0> level0_i/blp/blp_i/ss_cmp/inst/axi_ic_ctrl_mgmt/m03_couplers/auto_cc/inst/gen_clock_conv.gen_async_lite_conv.clock_conv_lite_resp_b/handshake/xpm_cdc_single_src2dest_inst/<const0> level0_i/blp/blp_i/ss_cmp/inst/axi_ic_ctrl_mgmt/m03_couplers/auto_cc/inst/gen_clock_conv.gen_async_lite_conv.clock_conv_lite_resp_r/handshake/<const0> level0_i/blp/blp_i/ss_cmp/inst/axi_ic_ctrl_mgmt/m03_couplers/auto_cc/inst/gen_clock_conv.gen_async_lite_conv.clock_conv_lite_resp_r/handshake/xpm_cdc_single_dest2src_inst/<const0> level0_i/blp/blp_i/ss_cmp/inst/axi_ic_ctrl_mgmt/m03_couplers/auto_cc/inst/gen_clock_conv.gen_async_lite_conv.clock_conv_lite_resp_r/handshake/xpm_cdc_single_src2dest_inst/<const0> level0_i/blp/blp_i/ss_cmp/inst/axi_ic_ctrl_mgmt/xbar/inst/gen_sasd.crossbar_sasd_0/<const0> level0_i/blp/blp_i/ss_cmp/inst/axi_ic_ctrl_mgmt/xbar/inst/gen_sasd.crossbar_sasd_0/addr_arbiter_inst/<const0> level0_i/blp/blp_i/ss_cmp/inst/axi_ic_ctrl_mgmt/xbar/inst/gen_sasd.crossbar_sasd_0/gen_decerr.decerr_slave_inst/<const0> level0_i/blp/blp_i/ss_cmp/inst/axi_ic_ctrl_mgmt/xbar/inst/gen_sasd.crossbar_sasd_0/reg_slice_r/<const0> level0_i/blp/blp_i/ss_cmp/inst/build_info/<const0> level0_i/blp/blp_i/ss_cmp/inst/build_info/U0/<const0> level0_i/blp/blp_i/ss_cmp/inst/build_info/U0/axi_lite_ipif_1/I_SLAVE_ATTACHMENT/<const0> level0_i/blp/blp_i/ss_cmp/inst/build_info/U0/axi_lite_ipif_1/I_SLAVE_ATTACHMENT/I_DECODER/<const0> level0_i/blp/blp_i/ss_cmp/inst/icap_arb/<const0> level0_i/blp/blp_i/ss_cmp/inst/icap_arb/inst/icap_arb_v1_0_0_S00_AXI_inst/<const0> level0_i/blp/blp_i/ss_cmp/inst/icap_arb/inst/icap_arb_v1_0_0_S00_AXI_inst/sync_flag_sclk/genblk1_3.xpm_cdc_single_inst/<const0> level0_i/blp/blp_i/ss_cmp/inst/icap_arb/inst/icap_arb_v1_0_0_S00_AXI_inst/sync_mux_sel_sclk/genblk1_2.xpm_cdc_array_single_inst/<const0> level0_i/blp/blp_i/ss_cmp/inst/icap_arb/inst/icap_arb_v1_0_0_S00_AXI_inst/sync_slv_reg1/genblk1_0.xpm_cdc_handshake_inst/<const0> level0_i/blp/blp_i/ss_cmp/inst/icap_arb/inst/icap_arb_v1_0_0_S00_AXI_inst/sync_slv_reg1/genblk1_0.xpm_cdc_handshake_inst/xpm_cdc_single_dest2src_inst/<const0> level0_i/blp/blp_i/ss_cmp/inst/icap_arb/inst/icap_arb_v1_0_0_S00_AXI_inst/sync_slv_reg1/genblk1_0.xpm_cdc_handshake_inst/xpm_cdc_single_src2dest_inst/<const0> level0_i/blp/blp_i/ss_cmp/inst/jtag_fallback/inst/bs_switch/inst/<const0> level0_i/blp/blp_i/ss_cmp/inst/jtag_fallback/inst/bs_switch/inst/BSCAN_SWITCH.N_EXT_BSCAN.bscan_switch/<const0> level0_i/blp/blp_i/ss_cmp/inst/mdm_board_control/U0/MDM_Core_I1/<const0> level0_i/blp/blp_i/ss_cmp/inst/mdm_board_control/U0/MDM_Core_I1/JTAG_CONTROL_I/<const0> level0_i/blp/blp_i/ss_cmp/inst/mdm_board_control/U0/MDM_Core_I1/JTAG_CONTROL_I/Use_Config_SRL16E.SRL16E_1/<const0> level0_i/blp/blp_i/ss_cmp/inst/mdm_board_control/U0/MDM_Core_I1/JTAG_CONTROL_I/Use_Config_SRL16E.SRL16E_2/<const0> level0_i/blp/blp_i/ss_cmp/inst/mdm_board_control/U0/MDM_Core_I1/JTAG_CONTROL_I/Use_ID_SRL16E.SRL16E_ID_1/<const0> level0_i/blp/blp_i/ss_cmp/inst/mdm_board_control/U0/MDM_Core_I1/JTAG_CONTROL_I/Use_ID_SRL16E.SRL16E_ID_2/<const0> level0_i/blp/blp_i/ss_cmp/inst/mgmt_debug_bridge/inst/axi_jtag/<const0> level0_i/blp/blp_i/ss_cmp/inst/mgmt_debug_bridge/inst/axi_jtag/inst/<const0> level0_i/blp/blp_i/ss_cmp/inst/mgmt_debug_bridge/inst/axi_jtag/inst/u_axi4_lite_if/<const0> level0_i/blp/blp_i/ss_cmp/inst/mgmt_debug_bridge/inst/axi_jtag/inst/u_jtag_proc/<const0> level0_i/blp/blp_i/ss_cmp/inst/mgmt_debug_bridge/inst/bs_mux/inst/<const0> level0_i/blp/blp_i/ss_cmp/inst/mgmt_debug_bridge/inst/bs_switch/inst/BSCAN_SWITCH.EXT_BSCAN.bscan_switch/<const0> level0_i/blp/blp_i/ss_cmp/inst/mgmt_debug_bridge/inst/bs_switch_1/inst/BSCAN_SWITCH.EXT_BSCAN.bscan_switch/<const0> level0_i/blp/blp_i/ss_cmp/inst/mgmt_debug_bridge/inst/bsip/inst/USE_SOFTBSCAN.U_BSCAN_TAP/U_BASETAP/U_BYPASS/<const0> level0_i/blp/blp_i/ss_cmp/inst/mgmt_debug_bridge/inst/bsip/inst/USE_SOFTBSCAN.U_BSCAN_TAP/U_BASETAP/U_IR/<const0> level0_i/blp/blp_i/ss_cmp/inst/mgmt_debug_bridge/inst/bsip/inst/USE_SOFTBSCAN.U_BSCAN_TAP/U_BASETAP/U_TAP/<const0> level0_i/blp/blp_i/ss_cmp/inst/mgmt_debug_hub/inst/bs_switch/inst/BSCAN_SWITCH.EXT_BSCAN.bscan_switch/<const0> level0_i/blp/blp_i/ss_cmp/inst/mgmt_debug_hub/inst/lut_buffer/<const0> level0_i/blp/blp_i/ss_cmp/inst/mgmt_debug_hub/inst/lut_buffer/inst/<const0> level0_i/blp/blp_i/ss_cmp/inst/mgmt_debug_hub/inst/xsdbm/<const0> level0_i/blp/blp_i/ss_cmp/inst/mgmt_debug_hub/inst/xsdbm/inst/BSCANID.u_xsdbm_id/<const0> level0_i/blp/blp_i/ss_cmp/inst/mgmt_debug_hub/inst/xsdbm/inst/BSCANID.u_xsdbm_id/CORE_XSDB.UUT_MASTER/U_ICON_INTERFACE/<const0> level0_i/blp/blp_i/ss_cmp/inst/mgmt_debug_hub/inst/xsdbm/inst/BSCANID.u_xsdbm_id/CORE_XSDB.UUT_MASTER/U_ICON_INTERFACE/U_CMD1/<const0> level0_i/blp/blp_i/ss_cmp/inst/mgmt_debug_hub/inst/xsdbm/inst/BSCANID.u_xsdbm_id/CORE_XSDB.UUT_MASTER/U_ICON_INTERFACE/U_CMD2/<const0> ...'.
Command: opt_design
Attempting to get a license for feature 'Implementation' and/or device 'xcu250'
INFO: [Common 17-349] Got license for feature 'Implementation' and/or device 'xcu250'
Running DRC as a precondition to command opt_design

Starting DRC Task
INFO: [DRC 23-27] Running DRC with 8 threads
INFO: [Project 1-461] DRC finished with 0 Errors, 324 Warnings
INFO: [Project 1-462] Please refer to the DRC report (report_drc) for more information.

Time (s): cpu = 00:00:49 ; elapsed = 00:00:29 . Memory (MB): peak = 18737.469 ; gain = 0.000 ; free physical = 15686 ; free virtual = 54607

Starting Cache Timing Information Task
WARNING: [Timing 38-3] User defined clock exists on pin level0_i/level1/level1_i/ulp/ss_ucs/inst/aclk_kernel_00_hierarchy/clkwiz_aclk_kernel_00/inst/CLK_CORE_DRP_I/clk_inst/mmcme4_adv_inst/CLKOUT0 [See /home/devsounio/cs6_chained_taylor41_20260804/xclbin-build10/_x_link/link/vivado/vpl/output/_user_impl_clk.xdc:3] and will prevent any subsequent automatic derivation of generated clocks on that pin. If the user defined clock specifies '-add', any existing auto-derived clocks on that pin are retained.
Ending Cache Timing Information Task | Checksum: 12a949a59

Time (s): cpu = 00:00:30 ; elapsed = 00:00:10 . Memory (MB): peak = 18737.469 ; gain = 0.000 ; free physical = 15686 ; free virtual = 54607

Starting Logic Optimization Task

Phase 1 Initialization

Phase 1.1 Core Generation And Design Setup

Phase 1.1.1 Generate And Synthesize MIG Cores
WARNING: [Constraints 18-4434] Global Clock Buffer 'level0_i/level1/level1_i/plp/clk_wiz_ddr4/inst/clkout1_buf' is LOCed to site 'BUFGCE_X0Y156'. Using a LOC constraint to assign the placement of a Global Clock Buffer can result in sub-optimal placement results.
Resolution: Remove the LOC constraint and use the CLOCK_REGION constraint to assign a Global Clock Buffer to a CLOCK_REGION.
WARNING: [Constraints 18-4434] Global Clock Buffer 'level0_i/blp/blp_i/freerun_clk/bufg/U0/USE_BUFG.GEN_BUFG[0].BUFG_U' is LOCed to site 'BUFGCE_X0Y99'. Using a LOC constraint to assign the placement of a Global Clock Buffer can result in sub-optimal placement results.
Resolution: Remove the LOC constraint and use the CLOCK_REGION constraint to assign a Global Clock Buffer to a CLOCK_REGION.
WARNING: [Constraints 18-4434] Global Clock Buffer 'level0_i/blp/blp_i/freerun_clk/bufg_div/U0/USE_BUFGCE_DIV2.GEN_BUFGCE_DIV2[0].BUFGCE_DIV2_I' is LOCed to site 'BUFGCE_DIV_X0Y17'. Using a LOC constraint to assign the placement of a Global Clock Buffer can result in sub-optimal placement results.
Resolution: Remove the LOC constraint and use the CLOCK_REGION constraint to assign a Global Clock Buffer to a CLOCK_REGION.
WARNING: [Constraints 18-4434] Global Clock Buffer 'level0_i/blp/blp_i/ss_cmp/inst/jtag_fallback/inst/bs_switch/inst/BSCAN_SWITCH.N_EXT_BSCAN.u_bufg_icon_tck' is LOCed to site 'BUFGCE_X0Y106'. Using a LOC constraint to assign the placement of a Global Clock Buffer can result in sub-optimal placement results.
Resolution: Remove the LOC constraint and use the CLOCK_REGION constraint to assign a Global Clock Buffer to a CLOCK_REGION.
WARNING: [Constraints 18-4434] Global Clock Buffer 'level0_i/blp/blp_i/ss_cmp/inst/mdm_board_control/U0/No_Dbg_Reg_Access.BUFG_DRCK/Using_FPGA.Native' is LOCed to site 'BUFGCE_X0Y98'. Using a LOC constraint to assign the placement of a Global Clock Buffer can result in sub-optimal placement results.
Resolution: Remove the LOC constraint and use the CLOCK_REGION constraint to assign a Global Clock Buffer to a CLOCK_REGION.
WARNING: [Constraints 18-4434] Global Clock Buffer 'level0_i/blp/blp_i/ss_cmp/inst/mdm_board_control/U0/Use_External.Use_BSCANID.No_Dbg_Reg_Access.BUFG_UPDATE/Using_FPGA.Native' is LOCed to site 'BUFGCE_X0Y96'. Using a LOC constraint to assign the placement of a Global Clock Buffer can result in sub-optimal placement results.
Resolution: Remove the LOC constraint and use the CLOCK_REGION constraint to assign a Global Clock Buffer to a CLOCK_REGION.
WARNING: [Constraints 18-4434] Global Clock Buffer 'level0_i/blp/blp_i/ss_cmp/inst/mgmt_debug_bridge/inst/bs_mux/inst/u_bufg_mux' is LOCed to site 'BUFGCTRL_X0Y36'. Using a LOC constraint to assign the placement of a Global Clock Buffer can result in sub-optimal placement results.
Resolution: Remove the LOC constraint and use the CLOCK_REGION constraint to assign a Global Clock Buffer to a CLOCK_REGION.
WARNING: [Constraints 18-4434] Global Clock Buffer 'level0_i/blp/blp_i/ss_cmp/inst/mgmt_debug_bridge/inst/bsip/inst/USE_SOFTBSCAN.U_TAP_TCKBUFG' is LOCed to site 'BUFGCE_X0Y97'. Using a LOC constraint to assign the placement of a Global Clock Buffer can result in sub-optimal placement results.
Resolution: Remove the LOC constraint and use the CLOCK_REGION constraint to assign a Global Clock Buffer to a CLOCK_REGION.
WARNING: [Constraints 18-4434] Global Clock Buffer 'level0_i/blp/blp_i/ss_hif/inst/clkwiz_level0_periph/inst/clkout1_buf' is LOCed to site 'BUFGCE_X0Y115'. Using a LOC constraint to assign the placement of a Global Clock Buffer can result in sub-optimal placement results.
Resolution: Remove the LOC constraint and use the CLOCK_REGION constraint to assign a Global Clock Buffer to a CLOCK_REGION.
WARNING: [Constraints 18-4434] Global Clock Buffer 'level0_i/blp/blp_i/ss_hif/inst/clkwiz_level0_periph/inst/clkout2_buf' is LOCed to site 'BUFGCE_X0Y116'. Using a LOC constraint to assign the placement of a Global Clock Buffer can result in sub-optimal placement results.
Resolution: Remove the LOC constraint and use the CLOCK_REGION constraint to assign a Global Clock Buffer to a CLOCK_REGION.
WARNING: [Constraints 18-4434] Global Clock Buffer 'level0_i/blp/blp_i/ss_hif/inst/pcie/inst/bd_39ab_pcie_0_gt_top_i/diablo_gt.diablo_gt_phy_wrapper/gt_wizard.gtwizard_top_i/bd_39ab_pcie_0_gt_i/inst/gen_gtwizard_gtye4_top.bd_39ab_pcie_0_gt_gtwizard_gtye4_inst/gen_gtwizard_gtye4.gen_cpll_cal_gtye4.gen_cpll_cal_inst[0].gen_inst_cpll_cal.gtwizard_ultrascale_v1_7_12_gtye4_cpll_cal_inst/gtwizard_ultrascale_v1_7_12_gtye4_cpll_cal_tx_i/bufg_gt_txoutclkmon_inst' is LOCed to site 'BUFG_GT_X1Y100'. Using a LOC constraint to assign the placement of a Global Clock Buffer can result in sub-optimal placement results.
Resolution: Remove the LOC constraint and use the CLOCK_REGION constraint to assign a Global Clock Buffer to a CLOCK_REGION.
WARNING: [Constraints 18-4434] Global Clock Buffer 'level0_i/blp/blp_i/ss_hif/inst/pcie/inst/bd_39ab_pcie_0_gt_top_i/diablo_gt.diablo_gt_phy_wrapper/gt_wizard.gtwizard_top_i/bd_39ab_pcie_0_gt_i/inst/gen_gtwizard_gtye4_top.bd_39ab_pcie_0_gt_gtwizard_gtye4_inst/gen_gtwizard_gtye4.gen_cpll_cal_gtye4.gen_cpll_cal_inst[10].gen_inst_cpll_cal.gtwizard_ultrascale_v1_7_12_gtye4_cpll_cal_inst/gtwizard_ultrascale_v1_7_12_gtye4_cpll_cal_tx_i/bufg_gt_txoutclkmon_inst' is LOCed to site 'BUFG_GT_X1Y150'. Using a LOC constraint to assign the placement of a Global Clock Buffer can result in sub-optimal placement results.
Resolution: Remove the LOC constraint and use the CLOCK_REGION constraint to assign a Global Clock Buffer to a CLOCK_REGION.
WARNING: [Constraints 18-4434] Global Clock Buffer 'level0_i/blp/blp_i/ss_hif/inst/pcie/inst/bd_39ab_pcie_0_gt_top_i/diablo_gt.diablo_gt_phy_wrapper/gt_wizard.gtwizard_top_i/bd_39ab_pcie_0_gt_i/inst/gen_gtwizard_gtye4_top.bd_39ab_pcie_0_gt_gtwizard_gtye4_inst/gen_gtwizard_gtye4.gen_cpll_cal_gtye4.gen_cpll_cal_inst[11].gen_inst_cpll_cal.gtwizard_ultrascale_v1_7_12_gtye4_cpll_cal_inst/gtwizard_ultrascale_v1_7_12_gtye4_cpll_cal_tx_i/bufg_gt_txoutclkmon_inst' is LOCed to site 'BUFG_GT_X1Y167'. Using a LOC constraint to assign the placement of a Global Clock Buffer can result in sub-optimal placement results.
Resolution: Remove the LOC constraint and use the CLOCK_REGION constraint to assign a Global Clock Buffer to a CLOCK_REGION.
WARNING: [Constraints 18-4434] Global Clock Buffer 'level0_i/blp/blp_i/ss_hif/inst/pcie/inst/bd_39ab_pcie_0_gt_top_i/diablo_gt.diablo_gt_phy_wrapper/gt_wizard.gtwizard_top_i/bd_39ab_pcie_0_gt_i/inst/gen_gtwizard_gtye4_top.bd_39ab_pcie_0_gt_gtwizard_gtye4_inst/gen_gtwizard_gtye4.gen_cpll_cal_gtye4.gen_cpll_cal_inst[12].gen_inst_cpll_cal.gtwizard_ultrascale_v1_7_12_gtye4_cpll_cal_inst/gtwizard_ultrascale_v1_7_12_gtye4_cpll_cal_tx_i/bufg_gt_txoutclkmon_inst' is LOCed to site 'BUFG_GT_X1Y176'. Using a LOC constraint to assign the placement of a Global Clock Buffer can result in sub-optimal placement results.
Resolution: Remove the LOC constraint and use the CLOCK_REGION constraint to assign a Global Clock Buffer to a CLOCK_REGION.
WARNING: [Constraints 18-4434] Global Clock Buffer 'level0_i/blp/blp_i/ss_hif/inst/pcie/inst/bd_39ab_pcie_0_gt_top_i/diablo_gt.diablo_gt_phy_wrapper/gt_wizard.gtwizard_top_i/bd_39ab_pcie_0_gt_i/inst/gen_gtwizard_gtye4_top.bd_39ab_pcie_0_gt_gtwizard_gtye4_inst/gen_gtwizard_gtye4.gen_cpll_cal_gtye4.gen_cpll_cal_inst[13].gen_inst_cpll_cal.gtwizard_ultrascale_v1_7_12_gtye4_cpll_cal_inst/gtwizard_ultrascale_v1_7_12_gtye4_cpll_cal_tx_i/bufg_gt_txoutclkmon_inst' is LOCed to site 'BUFG_GT_X1Y191'. Using a LOC constraint to assign the placement of a Global Clock Buffer can result in sub-optimal placement results.
Resolution: Remove the LOC constraint and use the CLOCK_REGION constraint to assign a Global Clock Buffer to a CLOCK_REGION.
WARNING: [Constraints 18-4434] Global Clock Buffer 'level0_i/blp/blp_i/ss_hif/inst/pcie/inst/bd_39ab_pcie_0_gt_top_i/diablo_gt.diablo_gt_phy_wrapper/gt_wizard.gtwizard_top_i/bd_39ab_pcie_0_gt_i/inst/gen_gtwizard_gtye4_top.bd_39ab_pcie_0_gt_gtwizard_gtye4_inst/gen_gtwizard_gtye4.gen_cpll_cal_gtye4.gen_cpll_cal_inst[14].gen_inst_cpll_cal.gtwizard_ultrascale_v1_7_12_gtye4_cpll_cal_inst/gtwizard_ultrascale_v1_7_12_gtye4_cpll_cal_tx_i/bufg_gt_txoutclkmon_inst' is LOCed to site 'BUFG_GT_X1Y183'. Using a LOC constraint to assign the placement of a Global Clock Buffer can result in sub-optimal placement results.
Resolution: Remove the LOC constraint and use the CLOCK_REGION constraint to assign a Global Clock Buffer to a CLOCK_REGION.
WARNING: [Constraints 18-4434] Global Clock Buffer 'level0_i/blp/blp_i/ss_hif/inst/pcie/inst/bd_39ab_pcie_0_gt_top_i/diablo_gt.diablo_gt_phy_wrapper/gt_wizard.gtwizard_top_i/bd_39ab_pcie_0_gt_i/inst/gen_gtwizard_gtye4_top.bd_39ab_pcie_0_gt_gtwizard_gtye4_inst/gen_gtwizard_gtye4.gen_cpll_cal_gtye4.gen_cpll_cal_inst[15].gen_inst_cpll_cal.gtwizard_ultrascale_v1_7_12_gtye4_cpll_cal_inst/gtwizard_ultrascale_v1_7_12_gtye4_cpll_cal_tx_i/bufg_gt_txoutclkmon_inst' is LOCed to site 'BUFG_GT_X1Y173'. Using a LOC constraint to assign the placement of a Global Clock Buffer can result in sub-optimal placement results.
Resolution: Remove the LOC constraint and use the CLOCK_REGION constraint to assign a Global Clock Buffer to a CLOCK_REGION.
WARNING: [Constraints 18-4434] Global Clock Buffer 'level0_i/blp/blp_i/ss_hif/inst/pcie/inst/bd_39ab_pcie_0_gt_top_i/diablo_gt.diablo_gt_phy_wrapper/gt_wizard.gtwizard_top_i/bd_39ab_pcie_0_gt_i/inst/gen_gtwizard_gtye4_top.bd_39ab_pcie_0_gt_gtwizard_gtye4_inst/gen_gtwizard_gtye4.gen_cpll_cal_gtye4.gen_cpll_cal_inst[1].gen_inst_cpll_cal.gtwizard_ultrascale_v1_7_12_gtye4_cpll_cal_inst/gtwizard_ultrascale_v1_7_12_gtye4_cpll_cal_tx_i/bufg_gt_txoutclkmon_inst' is LOCed to site 'BUFG_GT_X1Y102'. Using a LOC constraint to assign the placement of a Global Clock Buffer can result in sub-optimal placement results.
Resolution: Remove the LOC constraint and use the CLOCK_REGION constraint to assign a Global Clock Buffer to a CLOCK_REGION.
WARNING: [Constraints 18-4434] Global Clock Buffer 'level0_i/blp/blp_i/ss_hif/inst/pcie/inst/bd_39ab_pcie_0_gt_top_i/diablo_gt.diablo_gt_phy_wrapper/gt_wizard.gtwizard_top_i/bd_39ab_pcie_0_gt_i/inst/gen_gtwizard_gtye4_top.bd_39ab_pcie_0_gt_gtwizard_gtye4_inst/gen_gtwizard_gtye4.gen_cpll_cal_gtye4.gen_cpll_cal_inst[2].gen_inst_cpll_cal.gtwizard_ultrascale_v1_7_12_gtye4_cpll_cal_inst/gtwizard_ultrascale_v1_7_12_gtye4_cpll_cal_tx_i/bufg_gt_txoutclkmon_inst' is LOCed to site 'BUFG_GT_X1Y119'. Using a LOC constraint to assign the placement of a Global Clock Buffer can result in sub-optimal placement results.
Resolution: Remove the LOC constraint and use the CLOCK_REGION constraint to assign a Global Clock Buffer to a CLOCK_REGION.
WARNING: [Constraints 18-4434] Global Clock Buffer 'level0_i/blp/blp_i/ss_hif/inst/pcie/inst/bd_39ab_pcie_0_gt_top_i/diablo_gt.diablo_gt_phy_wrapper/gt_wizard.gtwizard_top_i/bd_39ab_pcie_0_gt_i/inst/gen_gtwizard_gtye4_top.bd_39ab_pcie_0_gt_gtwizard_gtye4_inst/gen_gtwizard_gtye4.gen_cpll_cal_gtye4.gen_cpll_cal_inst[3].gen_inst_cpll_cal.gtwizard_ultrascale_v1_7_12_gtye4_cpll_cal_inst/gtwizard_ultrascale_v1_7_12_gtye4_cpll_cal_tx_i/bufg_gt_txoutclkmon_inst' is LOCed to site 'BUFG_GT_X1Y111'. Using a LOC constraint to assign the placement of a Global Clock Buffer can result in sub-optimal placement results.
Resolution: Remove the LOC constraint and use the CLOCK_REGION constraint to assign a Global Clock Buffer to a CLOCK_REGION.
WARNING: [Constraints 18-4434] Global Clock Buffer 'level0_i/blp/blp_i/ss_hif/inst/pcie/inst/bd_39ab_pcie_0_gt_top_i/diablo_gt.diablo_gt_phy_wrapper/gt_wizard.gtwizard_top_i/bd_39ab_pcie_0_gt_i/inst/gen_gtwizard_gtye4_top.bd_39ab_pcie_0_gt_gtwizard_gtye4_inst/gen_gtwizard_gtye4.gen_cpll_cal_gtye4.gen_cpll_cal_inst[4].gen_inst_cpll_cal.gtwizard_ultrascale_v1_7_12_gtye4_cpll_cal_inst/gtwizard_ultrascale_v1_7_12_gtye4_cpll_cal_tx_i/bufg_gt_txoutclkmon_inst' is LOCed to site 'BUFG_GT_X1Y126'. Using a LOC constraint to assign the placement of a Global Clock Buffer can result in sub-optimal placement results.
Resolution: Remove the LOC constraint and use the CLOCK_REGION constraint to assign a Global Clock Buffer to a CLOCK_REGION.
WARNING: [Constraints 18-4434] Global Clock Buffer 'level0_i/blp/blp_i/ss_hif/inst/pcie/inst/bd_39ab_pcie_0_gt_top_i/diablo_gt.diablo_gt_phy_wrapper/gt_wizard.gtwizard_top_i/bd_39ab_pcie_0_gt_i/inst/gen_gtwizard_gtye4_top.bd_39ab_pcie_0_gt_gtwizard_gtye4_inst/gen_gtwizard_gtye4.gen_cpll_cal_gtye4.gen_cpll_cal_inst[5].gen_inst_cpll_cal.gtwizard_ultrascale_v1_7_12_gtye4_cpll_cal_inst/gtwizard_ultrascale_v1_7_12_gtye4_cpll_cal_tx_i/bufg_gt_txoutclkmon_inst' is LOCed to site 'BUFG_GT_X1Y137'. Using a LOC constraint to assign the placement of a Global Clock Buffer can result in sub-optimal placement results.
Resolution: Remove the LOC constraint and use the CLOCK_REGION constraint to assign a Global Clock Buffer to a CLOCK_REGION.
WARNING: [Constraints 18-4434] Global Clock Buffer 'level0_i/blp/blp_i/ss_hif/inst/pcie/inst/bd_39ab_pcie_0_gt_top_i/diablo_gt.diablo_gt_phy_wrapper/gt_wizard.gtwizard_top_i/bd_39ab_pcie_0_gt_i/inst/gen_gtwizard_gtye4_top.bd_39ab_pcie_0_gt_gtwizard_gtye4_inst/gen_gtwizard_gtye4.gen_cpll_cal_gtye4.gen_cpll_cal_inst[6].gen_inst_cpll_cal.gtwizard_ultrascale_v1_7_12_gtye4_cpll_cal_inst/gtwizard_ultrascale_v1_7_12_gtye4_cpll_cal_tx_i/bufg_gt_txoutclkmon_inst' is LOCed to site 'BUFG_GT_X1Y143'. Using a LOC constraint to assign the placement of a Global Clock Buffer can result in sub-optimal placement results.
Resolution: Remove the LOC constraint and use the CLOCK_REGION constraint to assign a Global Clock Buffer to a CLOCK_REGION.
WARNING: [Constraints 18-4434] Global Clock Buffer 'level0_i/blp/blp_i/ss_hif/inst/pcie/inst/bd_39ab_pcie_0_gt_top_i/diablo_gt.diablo_gt_phy_wrapper/gt_wizard.gtwizard_top_i/bd_39ab_pcie_0_gt_i/inst/gen_gtwizard_gtye4_top.bd_39ab_pcie_0_gt_gtwizard_gtye4_inst/gen_gtwizard_gtye4.gen_cpll_cal_gtye4.gen_cpll_cal_inst[7].gen_inst_cpll_cal.gtwizard_ultrascale_v1_7_12_gtye4_cpll_cal_inst/gtwizard_ultrascale_v1_7_12_gtye4_cpll_cal_tx_i/bufg_gt_txoutclkmon_inst' is LOCed to site 'BUFG_GT_X1Y135'. Using a LOC constraint to assign the placement of a Global Clock Buffer can result in sub-optimal placement results.
Resolution: Remove the LOC constraint and use the CLOCK_REGION constraint to assign a Global Clock Buffer to a CLOCK_REGION.
WARNING: [Constraints 18-4434] Global Clock Buffer 'level0_i/blp/blp_i/ss_hif/inst/pcie/inst/bd_39ab_pcie_0_gt_top_i/diablo_gt.diablo_gt_phy_wrapper/gt_wizard.gtwizard_top_i/bd_39ab_pcie_0_gt_i/inst/gen_gtwizard_gtye4_top.bd_39ab_pcie_0_gt_gtwizard_gtye4_inst/gen_gtwizard_gtye4.gen_cpll_cal_gtye4.gen_cpll_cal_inst[8].gen_inst_cpll_cal.gtwizard_ultrascale_v1_7_12_gtye4_cpll_cal_inst/gtwizard_ultrascale_v1_7_12_gtye4_cpll_cal_tx_i/bufg_gt_txoutclkmon_inst' is LOCed to site 'BUFG_GT_X1Y160'. Using a LOC constraint to assign the placement of a Global Clock Buffer can result in sub-optimal placement results.
Resolution: Remove the LOC constraint and use the CLOCK_REGION constraint to assign a Global Clock Buffer to a CLOCK_REGION.
WARNING: [Constraints 18-4434] Global Clock Buffer 'level0_i/blp/blp_i/ss_hif/inst/pcie/inst/bd_39ab_pcie_0_gt_top_i/diablo_gt.diablo_gt_phy_wrapper/gt_wizard.gtwizard_top_i/bd_39ab_pcie_0_gt_i/inst/gen_gtwizard_gtye4_top.bd_39ab_pcie_0_gt_gtwizard_gtye4_inst/gen_gtwizard_gtye4.gen_cpll_cal_gtye4.gen_cpll_cal_inst[9].gen_inst_cpll_cal.gtwizard_ultrascale_v1_7_12_gtye4_cpll_cal_inst/gtwizard_ultrascale_v1_7_12_gtye4_cpll_cal_tx_i/bufg_gt_txoutclkmon_inst' is LOCed to site 'BUFG_GT_X1Y153'. Using a LOC constraint to assign the placement of a Global Clock Buffer can result in sub-optimal placement results.
Resolution: Remove the LOC constraint and use the CLOCK_REGION constraint to assign a Global Clock Buffer to a CLOCK_REGION.
WARNING: [Constraints 18-4434] Global Clock Buffer 'level0_i/blp/blp_i/ss_hif/inst/pcie/inst/bd_39ab_pcie_0_gt_top_i/diablo_gt.diablo_gt_phy_wrapper/phy_clk_i/bufg_gt_coreclk' is LOCed to site 'BUFG_GT_X1Y181'. Using a LOC constraint to assign the placement of a Global Clock Buffer can result in sub-optimal placement results.
Resolution: Remove the LOC constraint and use the CLOCK_REGION constraint to assign a Global Clock Buffer to a CLOCK_REGION.
WARNING: [Constraints 18-4434] Global Clock Buffer 'level0_i/blp/blp_i/ss_hif/inst/pcie/inst/bd_39ab_pcie_0_gt_top_i/diablo_gt.diablo_gt_phy_wrapper/phy_clk_i/bufg_gt_intclk' is LOCed to site 'BUFG_GT_X1Y180'. Using a LOC constraint to assign the placement of a Global Clock Buffer can result in sub-optimal placement results.
Resolution: Remove the LOC constraint and use the CLOCK_REGION constraint to assign a Global Clock Buffer to a CLOCK_REGION.
WARNING: [Constraints 18-4434] Global Clock Buffer 'level0_i/blp/blp_i/ss_hif/inst/pcie/inst/bd_39ab_pcie_0_gt_top_i/diablo_gt.diablo_gt_phy_wrapper/phy_clk_i/bufg_gt_mcapclk' is LOCed to site 'BUFG_GT_X1Y190'. Using a LOC constraint to assign the placement of a Global Clock Buffer can result in sub-optimal placement results.
Resolution: Remove the LOC constraint and use the CLOCK_REGION constraint to assign a Global Clock Buffer to a CLOCK_REGION.
WARNING: [Constraints 18-4434] Global Clock Buffer 'level0_i/blp/blp_i/ss_hif/inst/pcie/inst/bd_39ab_pcie_0_gt_top_i/diablo_gt.diablo_gt_phy_wrapper/phy_clk_i/bufg_gt_pclk' is LOCed to site 'BUFG_GT_X1Y189'. Using a LOC constraint to assign the placement of a Global Clock Buffer can result in sub-optimal placement results.
Resolution: Remove the LOC constraint and use the CLOCK_REGION constraint to assign a Global Clock Buffer to a CLOCK_REGION.
WARNING: [Constraints 18-4434] Global Clock Buffer 'level0_i/blp/blp_i/ss_hif/inst/pcie/inst/bd_39ab_pcie_0_gt_top_i/diablo_gt.diablo_gt_phy_wrapper/phy_clk_i/bufg_gt_userclk' is LOCed to site 'BUFG_GT_X1Y186'. Using a LOC constraint to assign the placement of a Global Clock Buffer can result in sub-optimal placement results.
Resolution: Remove the LOC constraint and use the CLOCK_REGION constraint to assign a Global Clock Buffer to a CLOCK_REGION.
WARNING: [Constraints 18-4434] Global Clock Buffer 'level0_i/blp/blp_i/ss_hif/inst/pcie/inst/bufg_gt_sysclk' is LOCed to site 'BUFG_GT_X1Y155'. Using a LOC constraint to assign the placement of a Global Clock Buffer can result in sub-optimal placement results.
Resolution: Remove the LOC constraint and use the CLOCK_REGION constraint to assign a Global Clock Buffer to a CLOCK_REGION.
write_xdc: Time (s): cpu = 00:00:56 ; elapsed = 00:00:56 . Memory (MB): peak = 18737.469 ; gain = 0.000 ; free physical = 15685 ; free virtual = 54608
INFO: [Mig 66-454] Using cached IP synthesis design for IP xilinx.com:ip:ddr4_phy:2.2, cache-ID = 4d0d90b84010ad3f.
Done building netlist checker database: Time (s): cpu = 00:00:00.79 ; elapsed = 00:00:00.81 . Memory (MB): peak = 18767.766 ; gain = 0.000 ; free physical = 15662 ; free virtual = 54613
read_xdc: Time (s): cpu = 00:00:15 ; elapsed = 00:00:15 . Memory (MB): peak = 18767.766 ; gain = 0.000 ; free physical = 15659 ; free virtual = 54610
set_max_delay: Time (s): cpu = 00:04:58 ; elapsed = 00:01:02 . Memory (MB): peak = 18767.766 ; gain = 0.000 ; free physical = 15662 ; free virtual = 54613
set_switching_activity: Time (s): cpu = 00:10:02 ; elapsed = 00:02:47 . Memory (MB): peak = 20643.195 ; gain = 1875.430 ; free physical = 14104 ; free virtual = 53056
all_fanout: Time (s): cpu = 00:01:35 ; elapsed = 00:00:20 . Memory (MB): peak = 20643.195 ; gain = 0.000 ; free physical = 14102 ; free virtual = 53054
get_clocks: Time (s): cpu = 00:00:24 ; elapsed = 00:00:08 . Memory (MB): peak = 20643.195 ; gain = 0.000 ; free physical = 14102 ; free virtual = 53054
get_clocks: Time (s): cpu = 00:00:24 ; elapsed = 00:00:06 . Memory (MB): peak = 20643.195 ; gain = 0.000 ; free physical = 14101 ; free virtual = 53053
get_clocks: Time (s): cpu = 00:01:44 ; elapsed = 00:00:32 . Memory (MB): peak = 20643.195 ; gain = 0.000 ; free physical = 14100 ; free virtual = 53051
get_clocks: Time (s): cpu = 00:00:21 ; elapsed = 00:00:05 . Memory (MB): peak = 20643.195 ; gain = 0.000 ; free physical = 14100 ; free virtual = 53051
all_fanout: Time (s): cpu = 00:00:22 ; elapsed = 00:00:06 . Memory (MB): peak = 20643.195 ; gain = 0.000 ; free physical = 14100 ; free virtual = 53051
read_xdc: Time (s): cpu = 00:20:53 ; elapsed = 00:06:06 . Memory (MB): peak = 20643.195 ; gain = 1875.430 ; free physical = 13969 ; free virtual = 52920
Netlist sorting complete. Time (s): cpu = 00:00:00.47 ; elapsed = 00:00:00.48 . Memory (MB): peak = 20643.195 ; gain = 0.000 ; free physical = 13992 ; free virtual = 52915
Phase 1.1.1 Generate And Synthesize MIG Cores | Checksum: 24d95ffdc

Time (s): cpu = 00:23:55 ; elapsed = 00:09:06 . Memory (MB): peak = 20643.195 ; gain = 1905.727 ; free physical = 13993 ; free virtual = 52915

Phase 1.1.2 Generate And Synthesize Debug Cores
INFO: [Chipscope 16-329] Generating Script for core instance : level0_i/level1/level1_i/ulp/shell_cmp_subsystem_0/inst/user_debug_hub/inst/xsdbm 
INFO: [IP_Flow 19-3806] Processing IP xilinx.com:ip:xsdbm:3.0 for cell xsdbm_CV.
INFO: [Chipscope 16-469] Using cached IP synthesis design for IP xilinx.com:ip:xsdbm:3.0, cache-ID = 0f29ef7d1eddb2e2.
Done building netlist checker database: Time (s): cpu = 00:00:00.79 ; elapsed = 00:00:00.79 . Memory (MB): peak = 20643.195 ; gain = 0.000 ; free physical = 13985 ; free virtual = 52910
get_clocks: Time (s): cpu = 00:05:24 ; elapsed = 00:01:08 . Memory (MB): peak = 20643.195 ; gain = 0.000 ; free physical = 13880 ; free virtual = 52805
Netlist sorting complete. Time (s): cpu = 00:00:01 ; elapsed = 00:00:01 . Memory (MB): peak = 20643.195 ; gain = 0.000 ; free physical = 13880 ; free virtual = 52805
Phase 1.1.2 Generate And Synthesize Debug Cores | Checksum: 26a0ba415

Time (s): cpu = 00:29:55 ; elapsed = 00:11:02 . Memory (MB): peak = 20643.195 ; gain = 1905.727 ; free physical = 13854 ; free virtual = 52779
Phase 1.1 Core Generation And Design Setup | Checksum: 26a0ba415

Time (s): cpu = 00:31:18 ; elapsed = 00:12:12 . Memory (MB): peak = 20643.195 ; gain = 1905.727 ; free physical = 13827 ; free virtual = 52752

Phase 1.2 Setup Constraints And Sort Netlist
Phase 1.2 Setup Constraints And Sort Netlist | Checksum: 26a0ba415

Time (s): cpu = 00:31:21 ; elapsed = 00:12:14 . Memory (MB): peak = 20643.195 ; gain = 1905.727 ; free physical = 13827 ; free virtual = 52752
Phase 1 Initialization | Checksum: 26a0ba415

Time (s): cpu = 00:31:23 ; elapsed = 00:12:15 . Memory (MB): peak = 20643.195 ; gain = 1905.727 ; free physical = 13827 ; free virtual = 52752

Phase 2 Timer Update And Timing Data Collection

Phase 2.1 Timer Update
Phase 2.1 Timer Update | Checksum: 26a0ba415

Time (s): cpu = 00:33:29 ; elapsed = 00:12:46 . Memory (MB): peak = 20643.195 ; gain = 1905.727 ; free physical = 13827 ; free virtual = 52752

Phase 2.2 Timing Data Collection
Phase 2.2 Timing Data Collection | Checksum: 26a0ba415

Time (s): cpu = 00:33:34 ; elapsed = 00:12:51 . Memory (MB): peak = 21123.180 ; gain = 2385.711 ; free physical = 19171 ; free virtual = 58097
Phase 2 Timer Update And Timing Data Collection | Checksum: 26a0ba415

Time (s): cpu = 00:33:36 ; elapsed = 00:12:52 . Memory (MB): peak = 21123.180 ; gain = 2385.711 ; free physical = 19171 ; free virtual = 58096

Phase 3 Retarget
INFO: [Opt 31-1851] Number of loadless carry chains removed were: 0
INFO: [Opt 31-1834] Total Chains To Be Transformed Were: 0 AND Number of Transformed insts Created are: 0
INFO: [Opt 31-1566] Pulled 622 inverters resulting in an inversion of 17885 pins
INFO: [Opt 31-138] Pushed 222 inverter(s) to 3661 load pin(s).
INFO: [Opt 31-49] Retargeted 0 cell(s).
Phase 3 Retarget | Checksum: 1c25fdca9

Time (s): cpu = 00:34:26 ; elapsed = 00:13:39 . Memory (MB): peak = 21123.180 ; gain = 2385.711 ; free physical = 19022 ; free virtual = 57947
Retarget | Checksum: 1c25fdca9
INFO: [Opt 31-389] Phase Retarget created 2298 cells and removed 3807 cells
INFO: [Opt 31-1021] In phase Retarget, 8005 netlist objects are constrained preventing optimization. Please run opt_design with -debug_log to get more detail. 

Phase 4 Constant propagation
INFO: [Opt 31-138] Pushed 26 inverter(s) to 112 load pin(s).
Phase 4 Constant propagation | Checksum: 1833b1e07

Time (s): cpu = 00:34:52 ; elapsed = 00:14:03 . Memory (MB): peak = 21123.180 ; gain = 2385.711 ; free physical = 18967 ; free virtual = 57892
Constant propagation | Checksum: 1833b1e07
INFO: [Opt 31-389] Phase Constant propagation created 1096 cells and removed 6513 cells
INFO: [Opt 31-1021] In phase Constant propagation, 5369 netlist objects are constrained preventing optimization. Please run opt_design with -debug_log to get more detail. 

Phase 5 Sweep
INFO: [Constraints 18-11670] Building netlist checker database with flags, 0x8
Done building netlist checker database: Time (s): cpu = 00:00:00.91 ; elapsed = 00:00:00.97 . Memory (MB): peak = 21123.180 ; gain = 0.000 ; free physical = 18806 ; free virtual = 57731
INFO: [Constraints 18-11670] Building netlist checker database with flags, 0x8
Done building netlist checker database: Time (s): cpu = 00:00:00.83 ; elapsed = 00:00:00.92 . Memory (MB): peak = 21123.180 ; gain = 0.000 ; free physical = 17429 ; free virtual = 56354
Phase 5 Sweep | Checksum: 1a0204b34

Time (s): cpu = 00:36:32 ; elapsed = 00:15:42 . Memory (MB): peak = 21123.180 ; gain = 2385.711 ; free physical = 17206 ; free virtual = 56131
Sweep | Checksum: 1a0204b34
INFO: [Opt 31-389] Phase Sweep created 0 cells and removed 16496 cells
INFO: [Opt 31-1021] In phase Sweep, 1405688 netlist objects are constrained preventing optimization. Please run opt_design with -debug_log to get more detail. 

Phase 6 BUFG optimization
INFO: [Opt 31-1077] Phase BUFG optimization inserted 0 global clock buffer(s) for CLOCK_LOW_FANOUT.
Phase 6 BUFG optimization | Checksum: 19b326cae

Time (s): cpu = 00:37:23 ; elapsed = 00:16:02 . Memory (MB): peak = 21123.180 ; gain = 2385.711 ; free physical = 16770 ; free virtual = 55696
BUFG optimization | Checksum: 19b326cae
INFO: [Opt 31-662] Phase BUFG optimization created 1 cells of which 1 are BUFGs and removed 5 cells.
INFO: [Opt 31-1021] In phase BUFG optimization, 18 netlist objects are constrained preventing optimization. Please run opt_design with -debug_log to get more detail. 

Phase 7 Shift Register Optimization
INFO: [Opt 31-1064] SRL Remap converted 0 SRLs to 0 registers and converted 0 registers of register chains to 0 SRLs
Phase 7 Shift Register Optimization | Checksum: 182e37e1c

Time (s): cpu = 00:37:30 ; elapsed = 00:16:07 . Memory (MB): peak = 21123.180 ; gain = 2385.711 ; free physical = 16770 ; free virtual = 55696
Shift Register Optimization | Checksum: 182e37e1c
INFO: [Opt 31-389] Phase Shift Register Optimization created 0 cells and removed 0 cells

Phase 8 Post Processing Netlist
INFO: [Opt 31-1566] Pulled 7 inverters resulting in an inversion of 17 pins
Phase 8 Post Processing Netlist | Checksum: 1d113615e

Time (s): cpu = 00:37:49 ; elapsed = 00:16:24 . Memory (MB): peak = 21123.180 ; gain = 2385.711 ; free physical = 16765 ; free virtual = 55690
Post Processing Netlist | Checksum: 1d113615e
INFO: [Opt 31-389] Phase Post Processing Netlist created 0 cells and removed 8 cells
INFO: [Opt 31-1021] In phase Post Processing Netlist, 1357 netlist objects are constrained preventing optimization. Please run opt_design with -debug_log to get more detail. 

Phase 9 Finalization

Phase 9.1 Finalizing Design Cores and Updating Shapes
CRITICAL WARNING: [Constraints 18-952] The ports 'ulp_m_aclk_ctrl_00, ulp_m_aclk_freerun_ref_00, and ulp_m_aclk_pcie_user_00' in reconfigurable module 'level0_i/level1/level1_i/plp' are not connected to upper-level during instantiation. Those ports should not be used by any configuration, otherwise, they may lead to drive-less logic. Resolution: remove those unnecessary ports from the reconfigurable module interface. 
Phase 9.1 Finalizing Design Cores and Updating Shapes | Checksum: 1de67b414

Time (s): cpu = 00:39:24 ; elapsed = 00:17:50 . Memory (MB): peak = 21123.180 ; gain = 2385.711 ; free physical = 16705 ; free virtual = 55630

Phase 9.2 Verifying Netlist Connectivity

Starting Connectivity Check Task

Time (s): cpu = 00:00:03 ; elapsed = 00:00:03 . Memory (MB): peak = 21123.180 ; gain = 0.000 ; free physical = 16705 ; free virtual = 55630
Phase 9.2 Verifying Netlist Connectivity | Checksum: 1de67b414

Time (s): cpu = 00:39:29 ; elapsed = 00:17:54 . Memory (MB): peak = 21123.180 ; gain = 2385.711 ; free physical = 16705 ; free virtual = 55630
Phase 9 Finalization | Checksum: 1de67b414

Time (s): cpu = 00:39:30 ; elapsed = 00:17:55 . Memory (MB): peak = 21123.180 ; gain = 2385.711 ; free physical = 16705 ; free virtual = 55630
Opt_design Change Summary
=========================


-------------------------------------------------------------------------------------------------------------------------
|  Phase                        |  #Cells created  |  #Cells Removed  |  #Constrained objects preventing optimizations  |
-------------------------------------------------------------------------------------------------------------------------
|  Retarget                     |            2298  |            3807  |                                           8005  |
|  Constant propagation         |            1096  |            6513  |                                           5369  |
|  Sweep                        |               0  |           16496  |                                        1405688  |
|  BUFG optimization            |               1  |               5  |                                             18  |
|  Shift Register Optimization  |               0  |               0  |                                              0  |
|  Post Processing Netlist      |               0  |               8  |                                           1357  |
-------------------------------------------------------------------------------------------------------------------------


Ending Logic Optimization Task | Checksum: 1de67b414

Time (s): cpu = 00:39:32 ; elapsed = 00:17:56 . Memory (MB): peak = 21123.180 ; gain = 2385.711 ; free physical = 16705 ; free virtual = 55630

Starting Power Optimization Task
INFO: [Pwropt 34-132] Skipping clock gating for clocks with a period < 2.00 ns.
INFO: [Pwropt 34-232] Skipping BRAM gating because all BRAMs are in high frequency (i.e. period < 3.12 ns) clock domains.
INFO: [Pwropt 34-162] WRITE_MODE attribute of 54 BRAM(s) out of a total of 1347 has been updated to save power. Run report_power_opt to get a complete listing of the BRAMs updated.
Ending Power Optimization Task | Checksum: 1de67b414

Time (s): cpu = 00:00:24 ; elapsed = 00:00:25 . Memory (MB): peak = 24030.883 ; gain = 2907.703 ; free physical = 12689 ; free virtual = 51615

Starting Final Cleanup Task
Ending Final Cleanup Task | Checksum: 1de67b414

Time (s): cpu = 00:00:02 ; elapsed = 00:00:00.91 . Memory (MB): peak = 24030.883 ; gain = 0.000 ; free physical = 12689 ; free virtual = 51615

Starting Netlist Obfuscation Task
Netlist sorting complete. Time (s): cpu = 00:00:00.48 ; elapsed = 00:00:00.48 . Memory (MB): peak = 24030.883 ; gain = 0.000 ; free physical = 12689 ; free virtual = 51615
Ending Netlist Obfuscation Task | Checksum: 1de67b414

Time (s): cpu = 00:00:02 ; elapsed = 00:00:01 . Memory (MB): peak = 24030.883 ; gain = 0.000 ; free physical = 12689 ; free virtual = 51615
INFO: [Common 17-83] Releasing license: Implementation
396 Infos, 400 Warnings, 2 Critical Warnings and 1 Errors encountered.
opt_design completed successfully
opt_design: Time (s): cpu = 00:41:24 ; elapsed = 00:19:06 . Memory (MB): peak = 24030.883 ; gain = 5293.414 ; free physical = 12689 ; free virtual = 51615
source /home/devsounio/cs6_chained_taylor41_20260804/xclbin-build10/_x_link/link/vivado/vpl/scripts/impl_1/_full_opt_post.tcl
WARNING: [Vivado 12-1023] No nets matched for command 'get_nets -hierarchical -filter {NAME =~ level0_i/level1/level1_i/ulp*memory_subsystem*/inst/memory/ddr4_mem*/inst/u_ddr4_infrastructure/div_clk}'.
source /home/devsounio/cs6_chained_taylor41_20260804/xclbin-build10/_x_link/link/vivado/vpl/scripts/impl_1/_full_place_pre.tcl
CRITICAL WARNING: [Vivado 12-4430] You are lowering the severity from an ERROR. This can potentially lead to board damage or other functionality issues on hardware. If this is not desired, please run 'reset_property SEVERITY [get_drc_checks HDPR-5]' to undo this change.
INFO: [Chipscope 16-240] Debug cores have already been implemented
Command: place_design
Attempting to get a license for feature 'Implementation' and/or device 'xcu250'
INFO: [Common 17-349] Got license for feature 'Implementation' and/or device 'xcu250'
INFO: [Common 17-83] Releasing license: Implementation
INFO: [DRC 23-27] Running DRC with 8 threads
INFO: [Vivado_Tcl 4-198] DRC finished with 0 Errors
INFO: [Vivado_Tcl 4-199] Please refer to the DRC report (report_drc) for more information.
Running DRC as a precondition to command place_design
INFO: [DRC 23-27] Running DRC with 8 threads
INFO: [Vivado_Tcl 4-198] DRC finished with 0 Errors, 324 Warnings
INFO: [Vivado_Tcl 4-199] Please refer to the DRC report (report_drc) for more information.
INFO: [Place 30-611] Multithreading enabled for place_design using a maximum of 8 CPUs

Starting Placer Task

Phase 1 Placer Initialization

Phase 1.1 Placer Initialization Netlist Sorting
Netlist sorting complete. Time (s): cpu = 00:00:00.51 ; elapsed = 00:00:00.51 . Memory (MB): peak = 24030.883 ; gain = 0.000 ; free physical = 12030 ; free virtual = 50956
Phase 1.1 Placer Initialization Netlist Sorting | Checksum: 1e48c16a2

Time (s): cpu = 00:00:03 ; elapsed = 00:00:02 . Memory (MB): peak = 24030.883 ; gain = 0.000 ; free physical = 12030 ; free virtual = 50956
Netlist sorting complete. Time (s): cpu = 00:00:00.5 ; elapsed = 00:00:00.49 . Memory (MB): peak = 24030.883 ; gain = 0.000 ; free physical = 12030 ; free virtual = 50956
INFO: [Constraints 18-12184] Site SLICE_X205Y479 is prohibited due to Sites belong top edge tile CLEM_X130Y479 of Pblock pblock_ii_level0_pipe
WARNING: [Constraints 18-5648] For reconfigurable module level0_i/level1/level1_i/plp, the top/bottom edges of its PBLOCK pblock_level1_plp are aligned with clock regions. With this type of floorplan, it has limited routability at PBLOCK top/bottom edges due to routing containment requirement. The edge tiles (only listed 10) are CLEL_R_X74Y479 CLEM_X75Y479 CLEL_R_X75Y479 CLEL_R_X76Y479 CLEM_X77Y479 CLEM_X78Y479 CLEL_R_X78Y479 CLEM_X80Y479 CLEL_R_X81Y479 CLEM_X82Y479 : . Tool will infer PROHIBIT on those tiles to enhancement routability at the edges of PBLOCK. You may also make the PBLOCK not aligned to clock region at top/bottom edges as a solution. Please refer 'Design Consideration' in UG909 for guidelines. 
INFO: [Constraints 18-12184] Site SLICE_X117Y479 is prohibited due to Sites belong to FSR edge tile CLEL_R_X74Y479 of Pblock pblock_level1_plp
INFO: [Constraints 18-12184] Site SLICE_X118Y479 is prohibited due to Sites belong to FSR edge tile CLEM_X75Y479 of Pblock pblock_level1_plp
INFO: [Constraints 18-12184] Site SLICE_X119Y479 is prohibited due to Sites belong to FSR edge tile CLEL_R_X75Y479 of Pblock pblock_level1_plp
INFO: [Constraints 18-12184] Site SLICE_X120Y479 is prohibited due to Sites belong to FSR edge tile CLEL_R_X76Y479 of Pblock pblock_level1_plp
INFO: [Constraints 18-12184] Site SLICE_X121Y479 is prohibited due to Sites belong to FSR edge tile CLEM_X77Y479 of Pblock pblock_level1_plp
INFO: [Constraints 18-12184] Site SLICE_X122Y479 is prohibited due to Sites belong to FSR edge tile CLEM_X78Y479 of Pblock pblock_level1_plp
INFO: [Constraints 18-12184] Site SLICE_X123Y479 is prohibited due to Sites belong to FSR edge tile CLEL_R_X78Y479 of Pblock pblock_level1_plp
INFO: [Constraints 18-12184] Site SLICE_X126Y479 is prohibited due to Sites belong to FSR edge tile CLEM_X80Y479 of Pblock pblock_level1_plp
INFO: [Constraints 18-12184] Site SLICE_X127Y479 is prohibited due to Sites belong to FSR edge tile CLEL_R_X81Y479 of Pblock pblock_level1_plp
INFO: [Constraints 18-12184] Site SLICE_X128Y479 is prohibited due to Sites belong to FSR edge tile CLEM_X82Y479 of Pblock pblock_level1_plp
INFO: [Constraints 18-12184] Site SLICE_X129Y479 is prohibited due to Sites belong to FSR edge tile CLEM_X83Y479 of Pblock pblock_level1_plp
INFO: [Constraints 18-12184] Site SLICE_X130Y479 is prohibited due to Sites belong to FSR edge tile CLEL_R_X83Y479 of Pblock pblock_level1_plp
INFO: [Constraints 18-12184] Site SLICE_X131Y479 is prohibited due to Sites belong to FSR edge tile CLEL_L_X84Y479 of Pblock pblock_level1_plp
INFO: [Constraints 18-12184] Site SLICE_X132Y479 is prohibited due to Sites belong to FSR edge tile CLEL_R_X84Y479 of Pblock pblock_level1_plp
INFO: [Constraints 18-12184] Site SLICE_X133Y479 is prohibited due to Sites belong to FSR edge tile CLEM_X85Y479 of Pblock pblock_level1_plp
INFO: [Constraints 18-12184] Site SLICE_X134Y479 is prohibited due to Sites belong to FSR edge tile CLEL_R_X85Y479 of Pblock pblock_level1_plp
INFO: [Constraints 18-12184] Site SLICE_X135Y479 is prohibited due to Sites belong to FSR edge tile CLEL_L_X86Y479 of Pblock pblock_level1_plp
INFO: [Constraints 18-12184] Site SLICE_X136Y479 is prohibited due to Sites belong to FSR edge tile CLEL_R_X86Y479 of Pblock pblock_level1_plp
INFO: [Constraints 18-12184] Site SLICE_X137Y479 is prohibited due to Sites belong to FSR edge tile CLEM_X87Y479 of Pblock pblock_level1_plp
INFO: [Constraints 18-12184] Site SLICE_X138Y479 is prohibited due to Sites belong to FSR edge tile CLEL_R_X87Y479 of Pblock pblock_level1_plp
INFO: [Constraints 18-12184] Site SLICE_X141Y479 is prohibited due to Sites belong to FSR edge tile CLEM_X89Y479 of Pblock pblock_level1_plp
INFO: [Constraints 18-12184] Site SLICE_X142Y479 is prohibited due to Sites belong to FSR edge tile CLEM_X90Y479 of Pblock pblock_level1_plp
INFO: [Constraints 18-12184] Site SLICE_X143Y479 is prohibited due to Sites belong to FSR edge tile CLEL_R_X90Y479 of Pblock pblock_level1_plp
INFO: [Constraints 18-12184] Site SLICE_X144Y479 is prohibited due to Sites belong to FSR edge tile CLEL_R_X91Y479 of Pblock pblock_level1_plp
INFO: [Constraints 18-12184] Site SLICE_X145Y479 is prohibited due to Sites belong to FSR edge tile CLEM_X92Y479 of Pblock pblock_level1_plp
INFO: [Constraints 18-12184] Site SLICE_X146Y479 is prohibited due to Sites belong to FSR edge tile CLEM_X93Y479 of Pblock pblock_level1_plp
INFO: [Constraints 18-12184] Site SLICE_X147Y479 is prohibited due to Sites belong to FSR edge tile CLEL_R_X93Y479 of Pblock pblock_level1_plp
INFO: [Constraints 18-12184] Site SLICE_X148Y479 is prohibited due to Sites belong to FSR edge tile CLEL_R_X94Y479 of Pblock pblock_level1_plp
INFO: [Constraints 18-12184] Site SLICE_X149Y479 is prohibited due to Sites belong to FSR edge tile CLEM_X95Y479 of Pblock pblock_level1_plp
INFO: [Constraints 18-12184] Site SLICE_X150Y479 is prohibited due to Sites belong to FSR edge tile CLEM_X96Y479 of Pblock pblock_level1_plp
INFO: [Constraints 18-12184] Site SLICE_X151Y479 is prohibited due to Sites belong to FSR edge tile CLEL_R_X96Y479 of Pblock pblock_level1_plp
INFO: [Constraints 18-12184] Site SLICE_X154Y479 is prohibited due to Sites belong to FSR edge tile CLEM_X98Y479 of Pblock pblock_level1_plp
INFO: [Constraints 18-12184] Site SLICE_X155Y479 is prohibited due to Sites belong to FSR edge tile CLEL_R_X99Y479 of Pblock pblock_level1_plp
INFO: [Constraints 18-12184] Site SLICE_X156Y479 is prohibited due to Sites belong to FSR edge tile CLEM_X100Y479 of Pblock pblock_level1_plp
INFO: [Constraints 18-12184] Site SLICE_X157Y479 is prohibited due to Sites belong to FSR edge tile CLEM_X101Y479 of Pblock pblock_level1_plp
INFO: [Constraints 18-12184] Site SLICE_X158Y479 is prohibited due to Sites belong to FSR edge tile CLEL_R_X101Y479 of Pblock pblock_level1_plp
INFO: [Constraints 18-12184] Site SLICE_X159Y479 is prohibited due to Sites belong to FSR edge tile CLEL_L_X102Y479 of Pblock pblock_level1_plp
INFO: [Constraints 18-12184] Site SLICE_X160Y479 is prohibited due to Sites belong to FSR edge tile CLEL_R_X102Y479 of Pblock pblock_level1_plp
INFO: [Constraints 18-12184] Site SLICE_X161Y479 is prohibited due to Sites belong to FSR edge tile CLEM_X103Y479 of Pblock pblock_level1_plp
INFO: [Constraints 18-12184] Site SLICE_X162Y479 is prohibited due to Sites belong to FSR edge tile CLEM_X104Y479 of Pblock pblock_level1_plp
INFO: [Constraints 18-12184] Site SLICE_X163Y479 is prohibited due to Sites belong to FSR edge tile CLEL_R_X104Y479 of Pblock pblock_level1_plp
INFO: [Constraints 18-12184] Site SLICE_X166Y479 is prohibited due to Sites belong to FSR edge tile CLEM_X106Y479 of Pblock pblock_level1_plp
INFO: [Constraints 18-12184] Site SLICE_X167Y479 is prohibited due to Sites belong to FSR edge tile CLEM_X107Y479 of Pblock pblock_level1_plp
INFO: [Constraints 18-12184] Site SLICE_X168Y479 is prohibited due to Sites belong to FSR edge tile CLEL_R_X107Y479 of Pblock pblock_level1_plp
INFO: [Constraints 18-12184] Site SLICE_X169Y479 is prohibited due to Sites belong to FSR edge tile CLEL_L_X108Y479 of Pblock pblock_level1_plp
INFO: [Constraints 18-12184] Site SLICE_X170Y479 is prohibited due to Sites belong to FSR edge tile CLEL_R_X108Y479 of Pblock pblock_level1_plp
INFO: [Constraints 18-12184] Site SLICE_X171Y479 is prohibited due to Sites belong to FSR edge tile CLEM_X109Y479 of Pblock pblock_level1_plp
INFO: [Constraints 18-12184] Site SLICE_X172Y479 is prohibited due to Sites belong to FSR edge tile CLEL_R_X109Y479 of Pblock pblock_level1_plp
INFO: [Constraints 18-12184] Site SLICE_X173Y479 is prohibited due to Sites belong to FSR edge tile CLEL_L_X110Y479 of Pblock pblock_level1_plp
INFO: [Constraints 18-12184] Site SLICE_X174Y479 is prohibited due to Sites belong to FSR edge tile CLEL_R_X110Y479 of Pblock pblock_level1_plp
INFO: [Constraints 18-12184] Site SLICE_X175Y479 is prohibited due to Sites belong to FSR edge tile CLEM_X111Y479 of Pblock pblock_level1_plp
INFO: [Constraints 18-12184] Site SLICE_X176Y479 is prohibited due to Sites belong to FSR edge tile CLEM_X112Y479 of Pblock pblock_level1_plp
INFO: [Constraints 18-12184] Site SLICE_X177Y479 is prohibited due to Sites belong to FSR edge tile CLEL_R_X112Y479 of Pblock pblock_level1_plp
INFO: [Constraints 18-12184] Site SLICE_X178Y479 is prohibited due to Sites belong to FSR edge tile CLEL_R_X113Y479 of Pblock pblock_level1_plp
INFO: [Constraints 18-12184] Site SLICE_X179Y479 is prohibited due to Sites belong to FSR edge tile CLEM_X114Y479 of Pblock pblock_level1_plp
INFO: [Constraints 18-12184] Site SLICE_X180Y479 is prohibited due to Sites belong to FSR edge tile CLEM_X115Y479 of Pblock pblock_level1_plp
INFO: [Constraints 18-12184] Site SLICE_X181Y479 is prohibited due to Sites belong to FSR edge tile CLEL_R_X115Y479 of Pblock pblock_level1_plp
INFO: [Constraints 18-12184] Site SLICE_X184Y479 is prohibited due to Sites belong to FSR edge tile CLEM_X117Y479 of Pblock pblock_level1_plp
INFO: [Constraints 18-12184] Site SLICE_X185Y479 is prohibited due to Sites belong to FSR edge tile CLEL_R_X118Y479 of Pblock pblock_level1_plp
INFO: [Constraints 18-12184] Site SLICE_X186Y479 is prohibited due to Sites belong to FSR edge tile CLEM_X119Y479 of Pblock pblock_level1_plp
INFO: [Constraints 18-12184] Site SLICE_X187Y479 is prohibited due to Sites belong to FSR edge tile CLEM_X120Y479 of Pblock pblock_level1_plp
INFO: [Constraints 18-12184] Site SLICE_X188Y479 is prohibited due to Sites belong to FSR edge tile CLEL_R_X120Y479 of Pblock pblock_level1_plp
INFO: [Constraints 18-12184] Site SLICE_X189Y479 is prohibited due to Sites belong to FSR edge tile CLEL_L_X121Y479 of Pblock pblock_level1_plp
INFO: [Constraints 18-12184] Site SLICE_X190Y479 is prohibited due to Sites belong to FSR edge tile CLEL_R_X121Y479 of Pblock pblock_level1_plp
INFO: [Constraints 18-12184] Site SLICE_X191Y479 is prohibited due to Sites belong to FSR edge tile CLEM_X122Y479 of Pblock pblock_level1_plp
INFO: [Constraints 18-12184] Site SLICE_X192Y479 is prohibited due to Sites belong to FSR edge tile CLEM_X123Y479 of Pblock pblock_level1_plp
INFO: [Constraints 18-12184] Site SLICE_X193Y479 is prohibited due to Sites belong to FSR edge tile CLEL_R_X123Y479 of Pblock pblock_level1_plp
INFO: [Constraints 18-12184] Site SLICE_X196Y479 is prohibited due to Sites belong to FSR edge tile CLEM_X125Y479 of Pblock pblock_level1_plp
INFO: [Constraints 18-12184] Site SLICE_X197Y479 is prohibited due to Sites belong to FSR edge tile CLEM_X126Y479 of Pblock pblock_level1_plp
INFO: [Constraints 18-12184] Site SLICE_X198Y479 is prohibited due to Sites belong to FSR edge tile CLEL_R_X126Y479 of Pblock pblock_level1_plp
INFO: [Constraints 18-12184] Site SLICE_X199Y479 is prohibited due to Sites belong to FSR edge tile CLEL_L_X127Y479 of Pblock pblock_level1_plp
INFO: [Constraints 18-12184] Site SLICE_X200Y479 is prohibited due to Sites belong to FSR edge tile CLEL_R_X127Y479 of Pblock pblock_level1_plp
INFO: [Constraints 18-12184] Site SLICE_X201Y479 is prohibited due to Sites belong to FSR edge tile CLEM_X128Y479 of Pblock pblock_level1_plp
INFO: [Constraints 18-12184] Site SLICE_X202Y479 is prohibited due to Sites belong to FSR edge tile CLEL_R_X128Y479 of Pblock pblock_level1_plp
INFO: [Constraints 18-12184] Site SLICE_X118Y240 is prohibited due to Sites belong to FSR edge tile CLEM_X75Y240 of Pblock pblock_level1_plp
INFO: [Constraints 18-12184] Site SLICE_X119Y240 is prohibited due to Sites belong to FSR edge tile CLEL_R_X75Y240 of Pblock pblock_level1_plp
INFO: [Constraints 18-12184] Site SLICE_X120Y240 is prohibited due to Sites belong to FSR edge tile CLEL_R_X76Y240 of Pblock pblock_level1_plp
INFO: [Constraints 18-12184] Site SLICE_X121Y240 is prohibited due to Sites belong to FSR edge tile CLEM_X77Y240 of Pblock pblock_level1_plp
INFO: [Constraints 18-12184] Site SLICE_X122Y240 is prohibited due to Sites belong to FSR edge tile CLEM_X78Y240 of Pblock pblock_level1_plp
INFO: [Constraints 18-12184] Site SLICE_X123Y240 is prohibited due to Sites belong to FSR edge tile CLEL_R_X78Y240 of Pblock pblock_level1_plp
INFO: [Constraints 18-12184] Site SLICE_X126Y240 is prohibited due to Sites belong to FSR edge tile CLEM_X80Y240 of Pblock pblock_level1_plp
INFO: [Constraints 18-12184] Site SLICE_X127Y240 is prohibited due to Sites belong to FSR edge tile CLEL_R_X81Y240 of Pblock pblock_level1_plp
INFO: [Constraints 18-12184] Site SLICE_X128Y240 is prohibited due to Sites belong to FSR edge tile CLEM_X82Y240 of Pblock pblock_level1_plp
INFO: [Constraints 18-12184] Site SLICE_X129Y240 is prohibited due to Sites belong to FSR edge tile CLEM_X83Y240 of Pblock pblock_level1_plp
INFO: [Constraints 18-12184] Site SLICE_X130Y240 is prohibited due to Sites belong to FSR edge tile CLEL_R_X83Y240 of Pblock pblock_level1_plp
INFO: [Constraints 18-12184] Site SLICE_X131Y240 is prohibited due to Sites belong to FSR edge tile CLEL_L_X84Y240 of Pblock pblock_level1_plp
INFO: [Constraints 18-12184] Site SLICE_X132Y240 is prohibited due to Sites belong to FSR edge tile CLEL_R_X84Y240 of Pblock pblock_level1_plp
INFO: [Constraints 18-12184] Site SLICE_X133Y240 is prohibited due to Sites belong to FSR edge tile CLEM_X85Y240 of Pblock pblock_level1_plp
INFO: [Constraints 18-12184] Site SLICE_X134Y240 is prohibited due to Sites belong to FSR edge tile CLEL_R_X85Y240 of Pblock pblock_level1_plp
INFO: [Constraints 18-12184] Site SLICE_X135Y240 is prohibited due to Sites belong to FSR edge tile CLEL_L_X86Y240 of Pblock pblock_level1_plp
INFO: [Constraints 18-12184] Site SLICE_X136Y240 is prohibited due to Sites belong to FSR edge tile CLEL_R_X86Y240 of Pblock pblock_level1_plp
INFO: [Constraints 18-12184] Site SLICE_X137Y240 is prohibited due to Sites belong to FSR edge tile CLEM_X87Y240 of Pblock pblock_level1_plp
INFO: [Constraints 18-12184] Site SLICE_X138Y240 is prohibited due to Sites belong to FSR edge tile CLEL_R_X87Y240 of Pblock pblock_level1_plp
INFO: [Constraints 18-12184] Site SLICE_X141Y240 is prohibited due to Sites belong to FSR edge tile CLEM_X89Y240 of Pblock pblock_level1_plp
INFO: [Constraints 18-12184] Site SLICE_X142Y240 is prohibited due to Sites belong to FSR edge tile CLEM_X90Y240 of Pblock pblock_level1_plp
INFO: [Constraints 18-12184] Site SLICE_X143Y240 is prohibited due to Sites belong to FSR edge tile CLEL_R_X90Y240 of Pblock pblock_level1_plp
INFO: [Constraints 18-12184] Site SLICE_X144Y240 is prohibited due to Sites belong to FSR edge tile CLEL_R_X91Y240 of Pblock pblock_level1_plp
INFO: [Constraints 18-12184] Site SLICE_X145Y240 is prohibited due to Sites belong to FSR edge tile CLEM_X92Y240 of Pblock pblock_level1_plp
INFO: [Constraints 18-12184] Site SLICE_X146Y240 is prohibited due to Sites belong to FSR edge tile CLEM_X93Y240 of Pblock pblock_level1_plp
INFO: [Common 17-14] Message 'Constraints 18-12184' appears 100 times and further instances of the messages will be disabled.
WARNING: [Constraints 18-5648] For reconfigurable module level0_i/level1/level1_i/ulp, the top/bottom edges of its PBLOCK pblock_dynamic_region are aligned with clock regions. With this type of floorplan, it has limited routability at PBLOCK top/bottom edges due to routing containment requirement. The edge tiles (only listed 10) are CLEM_X75Y480 CLEL_R_X75Y480 CLEL_L_X129Y480 CLEL_R_X129Y480 CLEM_X130Y480 CLEM_X131Y480 CLEL_R_X131Y480 CLEM_X132Y480 CLEL_R_X132Y480 CLEM_X133Y480 : . Tool will infer PROHIBIT on those tiles to enhancement routability at the edges of PBLOCK. You may also make the PBLOCK not aligned to clock region at top/bottom edges as a solution. Please refer 'Design Consideration' in UG909 for guidelines. 

Phase 1.2 IO Placement/ Clock Placement/ Build Placer Device
INFO: [Timing 38-35] Done setting XDC timing constraints.
WARNING: [Timing 38-3] User defined clock exists on pin level0_i/level1/level1_i/ulp/ss_ucs/inst/aclk_kernel_00_hierarchy/clkwiz_aclk_kernel_00/inst/CLK_CORE_DRP_I/clk_inst/mmcme4_adv_inst/CLKOUT0 [See /home/devsounio/cs6_chained_taylor41_20260804/xclbin-build10/_x_link/link/vivado/vpl/output/_user_impl_clk.xdc:3] and will prevent any subsequent automatic derivation of generated clocks on that pin. If the user defined clock specifies '-add', any existing auto-derived clocks on that pin are retained.
Phase 1.2 IO Placement/ Clock Placement/ Build Placer Device | Checksum: 1d6b1fc45

Time (s): cpu = 00:16:57 ; elapsed = 00:10:44 . Memory (MB): peak = 24030.883 ; gain = 0.000 ; free physical = 10677 ; free virtual = 49603

Phase 1.3 Build Placer Netlist Model
INFO: [Place 30-1040]   HIGH_PRIORITY Clock: clk_kernel_01_unbuffered_net
INFO: [Place 30-1040]   HIGH_PRIORITY Clock: clk_kernel_00_unbuffered_net
INFO: [Place 30-1040]   HIGH_PRIORITY Clock: pll_clk[2]
INFO: [Place 30-1040]   HIGH_PRIORITY Clock: pll_clk[1]
INFO: [Place 30-1040]   HIGH_PRIORITY Clock: pll_clk[0]
INFO: [Place 30-1040]   HIGH_PRIORITY Clock: GTYE4_CHANNEL_TXOUTCLK[3]_3
INFO: [Place 30-1040]   HIGH_PRIORITY Clock: pll_clk[0]_DIV
INFO: [Place 30-1040]   HIGH_PRIORITY Clock: clk_out2_bd_39ab_clkwiz_level0_periph_0
INFO: [Place 30-1040]   HIGH_PRIORITY Clock: pcie_ip_user_clk
INFO: [Place 30-1040]   HIGH_PRIORITY Clock: pll_clk[2]_DIV
INFO: [Place 30-1040]   HIGH_PRIORITY Clock: clk_out1_bd_39ab_clkwiz_level0_periph_0
INFO: [Place 30-1040]   HIGH_PRIORITY Clock: pll_clk[1]_DIV
Phase 1.3 Build Placer Netlist Model | Checksum: 1e49f0fad

Time (s): cpu = 00:31:38 ; elapsed = 00:17:41 . Memory (MB): peak = 32229.965 ; gain = 8199.082 ; free physical = 2223 ; free virtual = 41149

Phase 1.4 Constrain Clocks/Macros
MIG CONSTR ADDED 1
MIG Constraint : added 1
Phase 1.4 Constrain Clocks/Macros | Checksum: 1e49f0fad

Time (s): cpu = 00:31:51 ; elapsed = 00:17:54 . Memory (MB): peak = 32229.965 ; gain = 8199.082 ; free physical = 2223 ; free virtual = 41149
Phase 1 Placer Initialization | Checksum: 1e49f0fad

Time (s): cpu = 00:32:24 ; elapsed = 00:18:26 . Memory (MB): peak = 32229.965 ; gain = 8199.082 ; free physical = 2223 ; free virtual = 41149

Phase 2 Global Placement

Phase 2.1 Floorplanning
INFO: [Place 30-2086] Applied CLOCK_LOW_FANOUT constraint to clock net level0_i/level1/level1_i/ulp/ss_ucs/inst/aclk_kernel_00_hierarchy/clock_throttling_aclk_kernel_00/U0/Clk_Int_Cont and placed all loads in clock region(s) X4Y3
INFO: [Place 30-2086] Applied CLOCK_LOW_FANOUT constraint to clock net level0_i/level1/level1_i/ulp/ss_ucs/inst/aclk_kernel_01_hierarchy/clock_throttling_aclk_kernel_01/U0/Clk_Int_Cont and placed all loads in clock region(s) X4Y1
WARNING: [Place 30-1239] Failed to find partition obeying USER_SLR_ASSIGNMENT constraint, SLR 0, for Cell level0_i/level1/level1_i/ulp/target23_chained_taylor41_1/inst.

Phase 2.1.1 Partition Driven Placement

Phase 2.1.1.1 PBP: Partition Driven Placement
Phase 2.1.1.1 PBP: Partition Driven Placement | Checksum: 1e077002a

Time (s): cpu = 01:18:28 ; elapsed = 00:44:06 . Memory (MB): peak = 32310.004 ; gain = 8279.121 ; free physical = 2190 ; free virtual = 41119

Phase 2.1.1.2 PBP: Clock Region Placement
WARNING: [Place 30-1995] Horizontal BUFCE_ROW programmable delay is capped at 3 for clock net level0_i/blp/blp_i/ss_hif/inst/pcie/inst/bd_39ab_pcie_0_gt_top_i/diablo_gt.diablo_gt_phy_wrapper/phy_clk_i/CLK_CORECLK due to PCIE_GT_DIFF_REGION MAX_SKEW requirements
WARNING: [Place 30-1995] Horizontal BUFCE_ROW programmable delay is capped at 3 for clock net level0_i/blp/blp_i/ss_hif/inst/pcie/inst/bd_39ab_pcie_0_gt_top_i/diablo_gt.diablo_gt_phy_wrapper/phy_clk_i/CLK_PCLK2_GT due to PCIE_GT_DIFF_REGION MAX_SKEW requirements
WARNING: [Place 30-1995] Horizontal BUFCE_ROW programmable delay is capped at 3 for clock net level0_i/blp/blp_i/ss_hif/inst/pcie/inst/bd_39ab_pcie_0_gt_top_i/diablo_gt.diablo_gt_phy_wrapper/phy_clk_i/CLK_USERCLK due to PCIE_GT_DIFF_REGION MAX_SKEW requirements
Phase 2.1.1.2 PBP: Clock Region Placement | Checksum: 2bc6ef318

Time (s): cpu = 01:28:57 ; elapsed = 00:54:33 . Memory (MB): peak = 32310.004 ; gain = 8279.121 ; free physical = 2128 ; free virtual = 41057

Phase 2.1.1.3 PBP: Discrete Incremental
Phase 2.1.1.3 PBP: Discrete Incremental | Checksum: 299ef9a01

Time (s): cpu = 01:30:48 ; elapsed = 00:56:22 . Memory (MB): peak = 32310.004 ; gain = 8279.121 ; free physical = 2128 ; free virtual = 41057

Phase 2.1.1.4 PBP: Compute Congestion
Phase 2.1.1.4 PBP: Compute Congestion | Checksum: 299ef9a01

Time (s): cpu = 01:33:14 ; elapsed = 00:56:56 . Memory (MB): peak = 32310.004 ; gain = 8279.121 ; free physical = 2126 ; free virtual = 41055

Phase 2.1.1.5 PBP: Macro Placement
Phase 2.1.1.5 PBP: Macro Placement | Checksum: 1885c7dba

Time (s): cpu = 01:33:38 ; elapsed = 00:57:19 . Memory (MB): peak = 32310.004 ; gain = 8279.121 ; free physical = 2126 ; free virtual = 41055

Phase 2.1.1.6 PBP: UpdateTiming
Phase 2.1.1.6 PBP: UpdateTiming | Checksum: 2033ea480

Time (s): cpu = 01:36:44 ; elapsed = 00:58:34 . Memory (MB): peak = 32310.004 ; gain = 8279.121 ; free physical = 2114 ; free virtual = 41044
Phase 2.1.1 Partition Driven Placement | Checksum: 2033ea480

Time (s): cpu = 01:36:47 ; elapsed = 00:58:36 . Memory (MB): peak = 32310.004 ; gain = 8279.121 ; free physical = 2115 ; free virtual = 41044
Phase 2.1 Floorplanning | Checksum: 2033ea480

Time (s): cpu = 01:36:50 ; elapsed = 00:58:37 . Memory (MB): peak = 32310.004 ; gain = 8279.121 ; free physical = 2115 ; free virtual = 41044

Phase 2.2 Physical Synthesis After Floorplan
INFO: [Physopt 32-46] Identified 100 candidate nets for critical-cell optimization.
INFO: [Physopt 32-81] Processed net level0_i/level1/level1_i/ulp/target23_chained_taylor41_1/inst/grp_advance_fu_628/ap_CS_fsm_state11. Replicated 1 times.
INFO: [Physopt 32-81] Processed net level0_i/level1/level1_i/ulp/target23_chained_taylor41_1/inst/grp_advance_fu_628/ap_CS_fsm_state11. Replicated 1 times.
INFO: [Physopt 32-81] Processed net level0_i/level1/level1_i/ulp/target23_chained_taylor41_1/inst/grp_advance_fu_628/ap_CS_fsm_state11. Replicated 1 times.
INFO: [Physopt 32-81] Processed net level0_i/level1/level1_i/ulp/target23_chained_taylor41_1/inst/grp_advance_fu_628/grp_coefficients_fu_981/degree_fu_354[4]. Replicated 1 times.
INFO: [Physopt 32-81] Processed net level0_i/level1/level1_i/ulp/target23_chained_taylor41_1/inst/grp_advance_fu_628/grp_coefficients_fu_981/degree_fu_354[4]. Replicated 1 times.
INFO: [Physopt 32-81] Processed net level0_i/level1/level1_i/ulp/target23_chained_taylor41_1/inst/grp_advance_fu_628/grp_coefficients_fu_981/degree_fu_354[1]. Replicated 1 times.
INFO: [Physopt 32-81] Processed net level0_i/level1/level1_i/ulp/target23_chained_taylor41_1/inst/grp_advance_fu_628/grp_coefficients_fu_981/degree_fu_354[1]. Replicated 1 times.
INFO: [Physopt 32-81] Processed net level0_i/level1/level1_i/ulp/target23_chained_taylor41_1/inst/grp_advance_fu_628/grp_coefficients_fu_981/degree_fu_354[1]. Replicated 1 times.
INFO: [Physopt 32-81] Processed net level0_i/level1/level1_i/ulp/target23_chained_taylor41_1/inst/grp_advance_fu_628/grp_coefficients_fu_981/degree_fu_354[2]. Replicated 1 times.
INFO: [Physopt 32-81] Processed net level0_i/level1/level1_i/ulp/target23_chained_taylor41_1/inst/grp_advance_fu_628/grp_coefficients_fu_981/degree_fu_354[2]. Replicated 1 times.
INFO: [Physopt 32-81] Processed net level0_i/level1/level1_i/ulp/target23_chained_taylor41_1/inst/grp_advance_fu_628/grp_coefficients_fu_981/degree_fu_354[2]. Replicated 1 times.
INFO: [Physopt 32-81] Processed net level0_i/level1/level1_i/ulp/target23_chained_taylor41_1/inst/grp_advance_fu_628/grp_coefficients_fu_981/degree_fu_354_reg[3]_rep__13_n_0. Replicated 1 times.
INFO: [Physopt 32-81] Processed net level0_i/level1/level1_i/ulp/target23_chained_taylor41_1/inst/grp_advance_fu_628/grp_coefficients_fu_981/degree_fu_354_reg[3]_rep__13_n_0. Replicated 1 times.
INFO: [Physopt 32-81] Processed net level0_i/level1/level1_i/ulp/target23_chained_taylor41_1/inst/grp_advance_fu_628/grp_coefficients_fu_981/degree_fu_354_reg[3]_rep__13_n_0. Replicated 1 times.
INFO: [Physopt 32-81] Processed net level0_i/level1/level1_i/ulp/target23_chained_taylor41_1/inst/grp_advance_fu_628/grp_coefficients_fu_981/degree_fu_354[0]. Replicated 1 times.
INFO: [Physopt 32-81] Processed net level0_i/level1/level1_i/ulp/target23_chained_taylor41_1/inst/grp_advance_fu_628/grp_coefficients_fu_981/degree_fu_354[0]. Replicated 1 times.
INFO: [Physopt 32-81] Processed net level0_i/level1/level1_i/ulp/target23_chained_taylor41_1/inst/grp_advance_fu_628/grp_coefficients_fu_981/degree_fu_354[0]. Replicated 1 times.
INFO: [Physopt 32-81] Processed net level0_i/level1/level1_i/ulp/target23_chained_taylor41_1/inst/grp_advance_fu_628/grp_coefficients_fu_981/degree_fu_354_reg[5]_rep__1_n_0. Replicated 1 times.
INFO: [Physopt 32-81] Processed net level0_i/level1/level1_i/ulp/target23_chained_taylor41_1/inst/grp_advance_fu_628/grp_coefficients_fu_981/degree_fu_354_reg[5]_rep__1_n_0. Replicated 1 times.
INFO: [Physopt 32-81] Processed net level0_i/level1/level1_i/ulp/target23_chained_taylor41_1/inst/grp_advance_fu_628/grp_coefficients_fu_981/degree_fu_354[5]. Replicated 1 times.
INFO: [Physopt 32-81] Processed net level0_i/level1/level1_i/ulp/target23_chained_taylor41_1/inst/grp_advance_fu_628/grp_coefficients_fu_981/degree_fu_354_reg[3]_rep__10_n_0. Replicated 1 times.
INFO: [Physopt 32-81] Processed net level0_i/level1/level1_i/ulp/target23_chained_taylor41_1/inst/grp_advance_fu_628/grp_coefficients_fu_981/degree_fu_354_reg[5]_rep_n_0. Replicated 1 times.
INFO: [Physopt 32-81] Processed net level0_i/level1/level1_i/ulp/target23_chained_taylor41_1/inst/grp_advance_fu_628/grp_coefficients_fu_981/degree_fu_354_reg[3]_rep__11_n_0. Replicated 1 times.
INFO: [Physopt 32-81] Processed net level0_i/level1/level1_i/ulp/target23_chained_taylor41_1/inst/grp_advance_fu_628/grp_coefficients_fu_981/degree_fu_354_reg[5]_rep__0_n_0. Replicated 1 times.
INFO: [Physopt 32-81] Processed net level0_i/level1/level1_i/ulp/target23_chained_taylor41_1/inst/grp_advance_fu_628/grp_coefficients_fu_981/degree_fu_354_reg[5]_rep__2_n_0. Replicated 1 times.
INFO: [Physopt 32-81] Processed net level0_i/level1/level1_i/ulp/target23_chained_taylor41_1/inst/grp_advance_fu_628/grp_coefficients_fu_981/degree_fu_354_reg[3]_rep__0_n_0. Replicated 1 times.
INFO: [Physopt 32-81] Processed net level0_i/level1/level1_i/ulp/target23_chained_taylor41_1/inst/grp_advance_fu_628/grp_coefficients_fu_981/grp_coefficients_Pipeline_VITIS_LOOP_151_4_fu_4093/ap_CS_fsm_pp0_stage0. Replicated 1 times.
INFO: [Physopt 32-81] Processed net level0_i/level1/level1_i/ulp/target23_chained_taylor41_1/inst/grp_advance_fu_628/grp_coefficients_fu_981/grp_coefficients_Pipeline_VITIS_LOOP_151_4_fu_4093/j_fu_652_reg_n_0_[0]. Replicated 1 times.
INFO: [Physopt 32-81] Processed net level0_i/level1/level1_i/ulp/target23_chained_taylor41_1/inst/grp_advance_fu_628/grp_coefficients_fu_981/grp_coefficients_Pipeline_VITIS_LOOP_151_4_fu_4093/j_fu_652_reg_n_0_[0]. Replicated 1 times.
INFO: [Physopt 32-81] Processed net level0_i/level1/level1_i/ulp/target23_chained_taylor41_1/inst/grp_advance_fu_628/grp_coefficients_fu_981/grp_coefficients_Pipeline_VITIS_LOOP_151_4_fu_4093/j_fu_652_reg_n_0_[2]. Replicated 1 times.
INFO: [Physopt 32-81] Processed net level0_i/level1/level1_i/ulp/target23_chained_taylor41_1/inst/grp_advance_fu_628/grp_coefficients_fu_981/grp_coefficients_Pipeline_VITIS_LOOP_151_4_fu_4093/j_fu_652_reg_n_0_[2]. Replicated 1 times.
INFO: [Physopt 32-81] Processed net level0_i/level1/level1_i/ulp/target23_chained_taylor41_1/inst/grp_advance_fu_628/grp_coefficients_fu_981/grp_coefficients_Pipeline_VITIS_LOOP_151_4_fu_4093/j_fu_652_reg_n_0_[3]. Replicated 1 times.
INFO: [Physopt 32-81] Processed net level0_i/level1/level1_i/ulp/target23_chained_taylor41_1/inst/grp_advance_fu_628/grp_coefficients_fu_981/grp_coefficients_Pipeline_VITIS_LOOP_151_4_fu_4093/j_fu_652_reg_n_0_[3]. Replicated 1 times.
INFO: [Physopt 32-81] Processed net level0_i/level1/level1_i/ulp/target23_chained_taylor41_1/inst/grp_advance_fu_628/grp_coefficients_fu_981/degree_fu_354_reg[3]_rep__1_n_0. Replicated 1 times.
INFO: [Physopt 32-81] Processed net level0_i/level1/level1_i/ulp/target23_chained_taylor41_1/inst/grp_advance_fu_628/grp_coefficients_fu_981/degree_fu_354[3]. Replicated 1 times.
INFO: [Physopt 32-81] Processed net level0_i/level1/level1_i/ulp/target23_chained_taylor41_1/inst/grp_advance_fu_628/grp_coefficients_fu_981/degree_fu_354[3]. Replicated 1 times.
INFO: [Physopt 32-81] Processed net level0_i/level1/level1_i/ulp/target23_chained_taylor41_1/inst/grp_advance_fu_628/grp_coefficients_fu_981/degree_fu_354_reg[3]_rep_n_0. Replicated 1 times.
INFO: [Physopt 32-81] Processed net level0_i/level1/level1_i/ulp/target23_chained_taylor41_1/inst/grp_advance_fu_628/grp_coefficients_fu_981/ap_CS_fsm_reg[717]_rep__4_n_0. Replicated 1 times.
INFO: [Physopt 32-81] Processed net level0_i/level1/level1_i/ulp/target23_chained_taylor41_1/inst/grp_advance_fu_628/grp_coefficients_fu_981/ap_CS_fsm_reg[717]_rep__4_n_0. Replicated 1 times.
INFO: [Physopt 32-81] Processed net level0_i/level1/level1_i/ulp/target23_chained_taylor41_1/inst/grp_advance_fu_628/grp_coefficients_fu_981/ap_CS_fsm_reg[717]_rep__4_n_0. Replicated 1 times.
INFO: [Physopt 32-81] Processed net level0_i/level1/level1_i/ulp/target23_chained_taylor41_1/inst/grp_advance_fu_628/grp_coefficients_fu_981/ap_CS_fsm_state482. Replicated 1 times.
INFO: [Physopt 32-81] Processed net level0_i/level1/level1_i/ulp/target23_chained_taylor41_1/inst/grp_advance_fu_628/grp_coefficients_fu_981/ap_CS_fsm_state482. Replicated 1 times.
INFO: [Physopt 32-81] Processed net level0_i/level1/level1_i/ulp/target23_chained_taylor41_1/inst/grp_advance_fu_628/grp_coefficients_fu_981/ap_CS_fsm_state482. Replicated 1 times.
INFO: [Physopt 32-81] Processed net level0_i/level1/level1_i/ulp/target23_chained_taylor41_1/inst/grp_advance_fu_628/grp_coefficients_fu_981/ap_CS_fsm_state954. Replicated 1 times.
INFO: [Physopt 32-81] Processed net level0_i/level1/level1_i/ulp/target23_chained_taylor41_1/inst/grp_advance_fu_628/grp_coefficients_fu_981/ap_CS_fsm_state954. Replicated 1 times.
INFO: [Physopt 32-81] Processed net level0_i/level1/level1_i/ulp/target23_chained_taylor41_1/inst/grp_advance_fu_628/grp_coefficients_fu_981/degree_fu_354_reg[3]_rep__3_n_0. Replicated 1 times.
INFO: [Physopt 32-81] Processed net level0_i/level1/level1_i/ulp/target23_chained_taylor41_1/inst/grp_advance_fu_628/grp_coefficients_fu_981/ap_CS_fsm_state716. Replicated 1 times.
INFO: [Physopt 32-81] Processed net level0_i/level1/level1_i/ulp/target23_chained_taylor41_1/inst/grp_advance_fu_628/grp_coefficients_fu_981/ap_CS_fsm_state716. Replicated 1 times.
INFO: [Physopt 32-81] Processed net level0_i/level1/level1_i/ulp/target23_chained_taylor41_1/inst/grp_advance_fu_628/grp_coefficients_fu_981/ap_CS_fsm_state716. Replicated 1 times.
INFO: [Physopt 32-81] Processed net level0_i/level1/level1_i/ulp/target23_chained_taylor41_1/inst/grp_advance_fu_628/grp_coefficients_fu_981/ap_CS_fsm_state717. Replicated 1 times.
INFO: [Physopt 32-81] Processed net level0_i/level1/level1_i/ulp/target23_chained_taylor41_1/inst/grp_advance_fu_628/grp_coefficients_fu_981/ap_CS_fsm_state717. Replicated 1 times.
INFO: [Physopt 32-81] Processed net level0_i/level1/level1_i/ulp/target23_chained_taylor41_1/inst/grp_advance_fu_628/grp_coefficients_fu_981/ap_CS_fsm_state717. Replicated 1 times.
INFO: [Physopt 32-81] Processed net level0_i/level1/level1_i/ulp/target23_chained_taylor41_1/inst/grp_advance_fu_628/grp_coefficients_fu_981/degree_fu_354_reg[3]_rep__20_n_0. Replicated 1 times.
INFO: [Physopt 32-81] Processed net level0_i/level1/level1_i/ulp/target23_chained_taylor41_1/inst/grp_advance_fu_628/grp_coefficients_fu_981/degree_fu_354_reg[3]_rep__20_n_0. Replicated 1 times.
INFO: [Physopt 32-81] Processed net level0_i/level1/level1_i/ulp/target23_chained_taylor41_1/inst/grp_advance_fu_628/grp_coefficients_fu_981/degree_fu_354_reg[3]_rep__20_n_0. Replicated 1 times.
INFO: [Physopt 32-81] Processed net level0_i/level1/level1_i/ulp/target23_chained_taylor41_1/inst/grp_advance_fu_628/grp_coefficients_fu_981/ap_CS_fsm_state2. Replicated 1 times.
INFO: [Physopt 32-81] Processed net level0_i/level1/level1_i/ulp/target23_chained_taylor41_1/inst/grp_advance_fu_628/grp_coefficients_fu_981/ap_CS_fsm_state2. Replicated 1 times.
INFO: [Physopt 32-81] Processed net level0_i/level1/level1_i/ulp/target23_chained_taylor41_1/inst/grp_advance_fu_628/grp_coefficients_fu_981/ap_CS_fsm_state2. Replicated 1 times.
INFO: [Physopt 32-81] Processed net level0_i/level1/level1_i/ulp/target23_chained_taylor41_1/inst/grp_advance_fu_628/grp_coefficients_fu_981/ap_CS_fsm_state481. Replicated 1 times.
INFO: [Physopt 32-81] Processed net level0_i/level1/level1_i/ulp/target23_chained_taylor41_1/inst/grp_advance_fu_628/grp_coefficients_fu_981/ap_CS_fsm_state481. Replicated 1 times.
INFO: [Physopt 32-81] Processed net level0_i/level1/level1_i/ulp/target23_chained_taylor41_1/inst/grp_advance_fu_628/grp_coefficients_fu_981/ap_CS_fsm_state481. Replicated 1 times.
INFO: [Physopt 32-81] Processed net level0_i/level1/level1_i/ulp/target23_chained_taylor41_1/inst/grp_advance_fu_628/grp_coefficients_fu_981/grp_coefficients_fu_981_center_coeff_hi_0_ce1. Replicated 1 times.
INFO: [Physopt 32-81] Processed net level0_i/level1/level1_i/ulp/target23_chained_taylor41_1/inst/grp_advance_fu_628/grp_coefficients_fu_981/grp_coefficients_fu_981_center_coeff_hi_0_ce1. Replicated 1 times.
INFO: [Physopt 32-81] Processed net level0_i/level1/level1_i/ulp/target23_chained_taylor41_1/inst/grp_advance_fu_628/grp_coefficients_fu_981/grp_coefficients_fu_981_center_coeff_hi_0_ce1. Replicated 1 times.
INFO: [Physopt 32-81] Processed net level0_i/level1/level1_i/ulp/target23_chained_taylor41_1/inst/grp_advance_fu_628/ap_CS_fsm_state13. Replicated 1 times.
INFO: [Physopt 32-81] Processed net level0_i/level1/level1_i/ulp/target23_chained_taylor41_1/inst/grp_advance_fu_628/ap_CS_fsm_state13. Replicated 1 times.
INFO: [Physopt 32-81] Processed net level0_i/level1/level1_i/ulp/target23_chained_taylor41_1/inst/grp_advance_fu_628/ap_CS_fsm_state10. Replicated 1 times.
INFO: [Physopt 32-81] Processed net level0_i/level1/level1_i/ulp/target23_chained_taylor41_1/inst/grp_advance_fu_628/ap_CS_fsm_state10. Replicated 1 times.
INFO: [Physopt 32-81] Processed net level0_i/level1/level1_i/ulp/target23_chained_taylor41_1/inst/grp_advance_fu_628/grp_advance_Pipeline_VITIS_LOOP_212_2_fu_1226_ap_start_reg. Replicated 1 times.
INFO: [Physopt 32-81] Processed net level0_i/level1/level1_i/ulp/target23_chained_taylor41_1/inst/grp_advance_fu_628/grp_coefficients_fu_981/ap_CS_fsm_state240. Replicated 1 times.
INFO: [Physopt 32-81] Processed net level0_i/level1/level1_i/ulp/target23_chained_taylor41_1/inst/grp_advance_fu_628/grp_coefficients_fu_981/ap_CS_fsm_state240. Replicated 1 times.
INFO: [Physopt 32-81] Processed net level0_i/level1/level1_i/ulp/target23_chained_taylor41_1/inst/grp_advance_fu_628/grp_coefficients_fu_981/ap_CS_fsm_state240. Replicated 1 times.
INFO: [Physopt 32-81] Processed net level0_i/level1/level1_i/ulp/target23_chained_taylor41_1/inst/grp_advance_fu_628/grp_coefficients_fu_981/ap_CS_fsm_state5. Replicated 1 times.
INFO: [Physopt 32-81] Processed net level0_i/level1/level1_i/ulp/target23_chained_taylor41_1/inst/grp_advance_fu_628/grp_coefficients_fu_981/ap_CS_fsm_state5. Replicated 1 times.
INFO: [Physopt 32-81] Processed net level0_i/level1/level1_i/ulp/target23_chained_taylor41_1/inst/grp_advance_fu_628/grp_coefficients_fu_981/ap_CS_fsm_state5. Replicated 1 times.
INFO: [Physopt 32-81] Processed net level0_i/level1/level1_i/ulp/target23_chained_taylor41_1/inst/ap_rst_n_inv. Replicated 1 times.
INFO: [Physopt 32-81] Processed net level0_i/level1/level1_i/ulp/target23_chained_taylor41_1/inst/ap_rst_n_inv. Replicated 1 times.
INFO: [Physopt 32-81] Processed net level0_i/level1/level1_i/ulp/target23_chained_taylor41_1/inst/ap_rst_n_inv. Replicated 1 times.
INFO: [Physopt 32-81] Processed net level0_i/level1/level1_i/ulp/target23_chained_taylor41_1/inst/grp_advance_fu_628/grp_exp_upper_fu_1221/grp_exp_upper_fu_1221_ap_ready. Replicated 1 times.
INFO: [Physopt 32-81] Processed net level0_i/level1/level1_i/ulp/target23_chained_taylor41_1/inst/grp_advance_fu_628/grp_exp_upper_fu_1221/grp_exp_upper_fu_1221_ap_ready. Replicated 1 times.
INFO: [Physopt 32-81] Processed net level0_i/level1/level1_i/ulp/target23_chained_taylor41_1/inst/grp_advance_fu_628/grp_coefficients_fu_981/sdiv_224ns_7ns_224_228_seq_1_U619/start0. Replicated 1 times.
INFO: [Physopt 32-81] Processed net level0_i/level1/level1_i/ulp/target23_chained_taylor41_1/inst/grp_advance_fu_628/grp_coefficients_fu_981/sdiv_224ns_7ns_224_228_seq_1_U619/start0. Replicated 1 times.
INFO: [Physopt 32-81] Processed net level0_i/level1/level1_i/ulp/target23_chained_taylor41_1/inst/grp_advance_fu_628/grp_coefficients_fu_981/sdiv_224ns_7ns_224_228_seq_1_U619/start0. Replicated 1 times.
INFO: [Physopt 32-81] Processed net level0_i/level1/level1_i/ulp/target23_chained_taylor41_1/inst/grp_advance_fu_628/grp_coefficients_fu_981/sdiv_224ns_7ns_224_228_seq_1_U615/start0. Replicated 1 times.
INFO: [Physopt 32-81] Processed net level0_i/level1/level1_i/ulp/target23_chained_taylor41_1/inst/grp_advance_fu_628/grp_coefficients_fu_981/sdiv_224ns_7ns_224_228_seq_1_U615/start0. Replicated 1 times.
INFO: [Physopt 32-81] Processed net level0_i/level1/level1_i/ulp/target23_chained_taylor41_1/inst/grp_advance_fu_628/grp_coefficients_fu_981/sdiv_224ns_7ns_224_228_seq_1_U615/start0. Replicated 1 times.
INFO: [Physopt 32-81] Processed net level0_i/level1/level1_i/ulp/target23_chained_taylor41_1/inst/grp_advance_fu_628/grp_exp_upper_fu_1221/grp_exp_upper_Pipeline_VITIS_LOOP_172_1_fu_102/sdiv_447ns_199ns_224_451_1_U820/sign_i[1]. Replicated 1 times.
INFO: [Physopt 32-81] Processed net level0_i/level1/level1_i/ulp/target23_chained_taylor41_1/inst/grp_advance_fu_628/grp_exp_upper_fu_1221/grp_exp_upper_Pipeline_VITIS_LOOP_172_1_fu_102/sdiv_447ns_199ns_224_451_1_U820/sign_i[1]. Replicated 1 times.
INFO: [Physopt 32-81] Processed net level0_i/level1/level1_i/ulp/target23_chained_taylor41_1/inst/grp_advance_fu_628/grp_coefficients_fu_981/ap_CS_fsm_state718. Replicated 1 times.
INFO: [Physopt 32-81] Processed net level0_i/level1/level1_i/ulp/ss_ucs/inst/fanout_aresetn_ctrl/fanout_aresetn_ctrl_slr1_4/inst/q[0]. Replicated 1 times.
INFO: [Physopt 32-81] Processed net level0_i/level1/level1_i/ulp/target23_chained_taylor41_1/inst/ap_CS_fsm_state762. Replicated 1 times.
INFO: [Physopt 32-81] Processed net level0_i/level1/level1_i/ulp/target23_chained_taylor41_1/inst/grp_target23_chained_taylor41_Pipeline_VITIS_LOOP_260_5_fu_728/axis_fu_66_reg_n_0_[0]. Replicated 1 times.
INFO: [Physopt 32-81] Processed net level0_i/level1/level1_i/ulp/target23_chained_taylor41_1/inst/grp_target23_chained_taylor41_Pipeline_VITIS_LOOP_260_5_fu_728/axis_fu_66_reg_n_0_[1]. Replicated 1 times.
INFO: [Physopt 32-81] Processed net level0_i/level1/level1_i/ulp/target23_chained_taylor41_1/inst/ap_CS_fsm_state774. Replicated 1 times.
INFO: [Physopt 32-81] Processed net level0_i/level1/level1_i/ulp/target23_chained_taylor41_1/inst/grp_advance_fu_628/ap_CS_fsm_state8. Replicated 1 times.
INFO: [Physopt 32-81] Processed net level0_i/level1/level1_i/ulp/target23_chained_taylor41_1/inst/ap_CS_fsm_state767. Replicated 1 times.
INFO: [Physopt 32-81] Processed net level0_i/level1/level1_i/ulp/target23_chained_taylor41_1/inst/grp_advance_fu_628/grp_coefficients_fu_981/sdiv_224ns_7ns_224_228_seq_1_U615/target23_chained_taylor41_sdiv_224ns_7ns_224_228_seq_1_divseq_u/r_stage_reg[224]_0[0]. Replicated 1 times.
INFO: [Physopt 32-81] Processed net level0_i/level1/level1_i/ulp/target23_chained_taylor41_1/inst/grp_advance_fu_628/grp_coefficients_fu_981/sdiv_224ns_7ns_224_228_seq_1_U619/target23_chained_taylor41_sdiv_224ns_7ns_224_228_seq_1_divseq_u/r_stage_reg[224]_0[0]. Replicated 1 times.
INFO: [Physopt 32-81] Processed net level0_i/level1/level1_i/ulp/target23_chained_taylor41_1/inst/grp_advance_fu_628/grp_coefficients_fu_981/ap_CS_fsm_reg[717]_rep__1_n_0. Replicated 1 times.
INFO: [Physopt 32-81] Processed net level0_i/level1/level1_i/ulp/target23_chained_taylor41_1/inst/grp_advance_fu_628/grp_coefficients_fu_981/ap_CS_fsm_reg[717]_rep__1_n_0. Replicated 1 times.
INFO: [Common 17-14] Message 'Physopt 32-81' appears 100 times and further instances of the messages will be disabled.
INFO: [Physopt 32-775] End 1 Pass. Optimized 84 nets or cells. Created 135 new cells, deleted 0 existing cell and moved 0 existing cell
Netlist sorting complete. Time (s): cpu = 00:00:06 ; elapsed = 00:00:06 . Memory (MB): peak = 32310.004 ; gain = 0.000 ; free physical = 2113 ; free virtual = 41043
Netlist sorting complete. Time (s): cpu = 00:00:00.49 ; elapsed = 00:00:00.49 . Memory (MB): peak = 32310.004 ; gain = 0.000 ; free physical = 2113 ; free virtual = 41043

Summary of Physical Synthesis Optimizations
============================================


-----------------------------------------------------------------------------------------------------------------------------------------------
|  Optimization                         |  Added Cells  |  Removed Cells  |  Optimized Cells/Nets  |  Dont Touch  |  Iterations  |  Elapsed   |
-----------------------------------------------------------------------------------------------------------------------------------------------
|  PSIP Post Floorplan SLR Replication  |          135  |              0  |                    84  |           0  |           1  |  00:01:31  |
|  Total                                |          135  |              0  |                    84  |           0  |           1  |  00:01:31  |
-----------------------------------------------------------------------------------------------------------------------------------------------


Phase 2.2 Physical Synthesis After Floorplan | Checksum: 18f6879fc

Time (s): cpu = 01:42:52 ; elapsed = 01:00:40 . Memory (MB): peak = 32310.004 ; gain = 8279.121 ; free physical = 2113 ; free virtual = 41043

Phase 2.3 Update Timing before SLR Path Opt
Phase 2.3 Update Timing before SLR Path Opt | Checksum: 20c898487

Time (s): cpu = 01:43:13 ; elapsed = 01:00:53 . Memory (MB): peak = 32310.004 ; gain = 8279.121 ; free physical = 2113 ; free virtual = 41043

Phase 2.4 Post-Processing in Floorplanning
Phase 2.4 Post-Processing in Floorplanning | Checksum: 25106acdd

Time (s): cpu = 01:43:25 ; elapsed = 01:01:04 . Memory (MB): peak = 32310.004 ; gain = 8279.121 ; free physical = 2113 ; free virtual = 41043

Phase 2.5 Global Place Phase1
Phase 2.5 Global Place Phase1 | Checksum: 170a2303c

Time (s): cpu = 02:49:23 ; elapsed = 01:24:06 . Memory (MB): peak = 32510.184 ; gain = 8479.301 ; free physical = 2072 ; free virtual = 41026

Phase 2.6 Global Place Phase2

Phase 2.6.1 UpdateTiming Before Physical Synthesis
Phase 2.6.1 UpdateTiming Before Physical Synthesis | Checksum: 2400d50a3

Time (s): cpu = 02:54:14 ; elapsed = 01:25:15 . Memory (MB): peak = 32518.184 ; gain = 8487.301 ; free physical = 2070 ; free virtual = 41024

Phase 2.6.2 Physical Synthesis In Placer
INFO: [Physopt 32-1035] Found 10859 LUTNM shape to break, 8900 LUT instances to create LUTNM shape
INFO: [Physopt 32-1044] Break lutnm for timing: one critical 1183, two critical 9676, total 1000, new lutff created 0
INFO: [Physopt 32-1138] End 1 Pass. Optimized 3585 nets or LUTs. Breaked 1000 LUTs, combined 2585 existing LUTs and moved 0 existing LUT
INFO: [Physopt 32-1030] Pass 1. Identified 1135 candidate driver sets for equivalent driver rewiring.
INFO: [Physopt 32-661] Optimized 141 nets.  Re-placed 796 instances.
INFO: [Physopt 32-775] End 1 Pass. Optimized 141 nets or cells. Created 0 new cell, deleted 49 existing cells and moved 796 existing cells
Netlist sorting complete. Time (s): cpu = 00:00:11 ; elapsed = 00:00:11 . Memory (MB): peak = 32518.184 ; gain = 0.000 ; free physical = 2072 ; free virtual = 41026
INFO: [Physopt 32-1132] Very high fanout net 'level0_i/level1/level1_i/ulp/memory_subsystem/inst/memory/ddr4_mem00/inst/u_ddr4_mem_intfc/u_ddr_mc/u_ddr_mc_ecc/rd_data_addr_dly_reg[4]_0[0]' is not considered as a candidate in VHFN optimization. The fanout considered for this optimization is changed from 1077 to 175 due to a timing constraint that prevent optimization on all of the loads. To force replication, set the FORCE_MAX_FANOUT property on the net to a number less than 175.
INFO: [Physopt 32-1132] Very high fanout net 'level0_i/level1/level1_i/ulp/memory_subsystem/inst/memory/ddr4_mem00/inst/u_ddr4_mem_intfc/u_ddr_mc/u_ddr_mc_ecc/rd_data_addr_dly_reg[4]_0[1]' is not considered as a candidate in VHFN optimization. The fanout considered for this optimization is changed from 1077 to 175 due to a timing constraint that prevent optimization on all of the loads. To force replication, set the FORCE_MAX_FANOUT property on the net to a number less than 175.
INFO: [Physopt 32-1132] Very high fanout net 'level0_i/level1/level1_i/ulp/memory_subsystem/inst/memory/ddr4_mem00/inst/u_ddr4_mem_intfc/u_ddr_mc/u_ddr_mc_ecc/rd_data_addr_dly_reg[4]_0[2]' is not considered as a candidate in VHFN optimization. The fanout considered for this optimization is changed from 1077 to 175 due to a timing constraint that prevent optimization on all of the loads. To force replication, set the FORCE_MAX_FANOUT property on the net to a number less than 175.
INFO: [Physopt 32-1408] Pass 1. Identified 33 candidate nets for high-fanout optimization.
INFO: [Physopt 32-1483] Netlist edit fails for net level0_i/level1/level1_i/ulp/memory_subsystem/inst/memory/ddr4_mem00/inst/u_ddr_axi/axi_w_channel_0/wready_reg_0_repN and pin level0_i/level1/level1_i/ulp/memory_subsystem/inst/interconnect/interconnect_ddr4_mem00/inst/m00_exit_pipeline/m00_exit/inst/w_reg/m_vector_i[1536]_i_1/I0. Please check constraints such as DONT_TOUCH on the instance, net and hierarchical instance between driver and loads.
INFO: [Physopt 32-232] Optimized 33 nets. Created 642 new instances.
INFO: [Physopt 32-775] End 1 Pass. Optimized 33 nets or cells. Created 642 new cells, deleted 0 existing cell and moved 0 existing cell
Netlist sorting complete. Time (s): cpu = 00:00:04 ; elapsed = 00:00:04 . Memory (MB): peak = 32518.184 ; gain = 0.000 ; free physical = 2083 ; free virtual = 41037
INFO: [Physopt 32-46] Identified 200 candidate nets for critical-cell optimization.
INFO: [Physopt 32-571] Net level0_i/level1/level1_i/ulp/target23_chained_taylor41_1/inst/grp_advance_fu_628/mu_h_reg_2275[89] was not replicated.
INFO: [Physopt 32-571] Net level0_i/level1/level1_i/ulp/target23_chained_taylor41_1/inst/grp_advance_fu_628/mu_h_reg_2275[94] was not replicated.
INFO: [Physopt 32-571] Net level0_i/level1/level1_i/ulp/target23_chained_taylor41_1/inst/grp_advance_fu_628/mu_h_reg_2275[92] was not replicated.
INFO: [Physopt 32-571] Net level0_i/level1/level1_i/ulp/target23_chained_taylor41_1/inst/grp_advance_fu_628/mu_h_reg_2275[88] was not replicated.
INFO: [Physopt 32-571] Net level0_i/level1/level1_i/ulp/target23_chained_taylor41_1/inst/grp_advance_fu_628/mu_h_reg_2275[87] was not replicated.
INFO: [Physopt 32-571] Net level0_i/level1/level1_i/ulp/target23_chained_taylor41_1/inst/grp_advance_fu_628/mu_h_reg_2275[114] was not replicated.
INFO: [Physopt 32-571] Net level0_i/level1/level1_i/ulp/target23_chained_taylor41_1/inst/grp_advance_fu_628/mu_h_reg_2275[105] was not replicated.
INFO: [Physopt 32-571] Net level0_i/level1/level1_i/ulp/target23_chained_taylor41_1/inst/grp_advance_fu_628/mu_h_reg_2275[118] was not replicated.
INFO: [Physopt 32-571] Net level0_i/level1/level1_i/ulp/target23_chained_taylor41_1/inst/grp_advance_fu_628/mu_h_reg_2275[127] was not replicated.
INFO: [Physopt 32-571] Net level0_i/level1/level1_i/ulp/target23_chained_taylor41_1/inst/grp_advance_fu_628/mu_h_reg_2275[119] was not replicated.
INFO: [Physopt 32-571] Net level0_i/level1/level1_i/ulp/target23_chained_taylor41_1/inst/grp_advance_fu_628/mu_h_reg_2275[124] was not replicated.
INFO: [Physopt 32-571] Net level0_i/level1/level1_i/ulp/target23_chained_taylor41_1/inst/grp_advance_fu_628/mu_h_reg_2275[130] was not replicated.
INFO: [Physopt 32-571] Net level0_i/level1/level1_i/ulp/target23_chained_taylor41_1/inst/grp_advance_fu_628/mu_h_reg_2275[129] was not replicated.
INFO: [Physopt 32-571] Net level0_i/level1/level1_i/ulp/target23_chained_taylor41_1/inst/grp_advance_fu_628/mu_h_reg_2275[134] was not replicated.
INFO: [Physopt 32-571] Net level0_i/level1/level1_i/ulp/target23_chained_taylor41_1/inst/grp_advance_fu_628/mu_h_reg_2275[133] was not replicated.
INFO: [Physopt 32-571] Net level0_i/level1/level1_i/ulp/target23_chained_taylor41_1/inst/grp_advance_fu_628/mu_h_reg_2275[135] was not replicated.
INFO: [Physopt 32-571] Net level0_i/level1/level1_i/ulp/target23_chained_taylor41_1/inst/grp_advance_fu_628/mu_h_reg_2275[144] was not replicated.
INFO: [Physopt 32-571] Net level0_i/level1/level1_i/ulp/target23_chained_taylor41_1/inst/grp_advance_fu_628/mu_h_reg_2275[147] was not replicated.
INFO: [Physopt 32-571] Net level0_i/level1/level1_i/ulp/target23_chained_taylor41_1/inst/grp_advance_fu_628/mu_h_reg_2275[149] was not replicated.
INFO: [Physopt 32-571] Net level0_i/level1/level1_i/ulp/target23_chained_taylor41_1/inst/grp_advance_fu_628/mu_h_reg_2275[152] was not replicated.
INFO: [Physopt 32-571] Net level0_i/level1/level1_i/ulp/target23_chained_taylor41_1/inst/grp_advance_fu_628/mu_h_reg_2275[161] was not replicated.
INFO: [Physopt 32-571] Net level0_i/level1/level1_i/ulp/target23_chained_taylor41_1/inst/grp_advance_fu_628/mu_h_reg_2275[164] was not replicated.
INFO: [Physopt 32-571] Net level0_i/level1/level1_i/ulp/target23_chained_taylor41_1/inst/grp_advance_fu_628/mu_h_reg_2275[153] was not replicated.
INFO: [Physopt 32-571] Net level0_i/level1/level1_i/ulp/target23_chained_taylor41_1/inst/grp_advance_fu_628/mu_h_reg_2275[155] was not replicated.
INFO: [Physopt 32-571] Net level0_i/level1/level1_i/ulp/target23_chained_taylor41_1/inst/grp_advance_fu_628/mu_h_reg_2275[158] was not replicated.
INFO: [Physopt 32-571] Net level0_i/level1/level1_i/ulp/target23_chained_taylor41_1/inst/grp_advance_fu_628/mu_h_reg_2275[163] was not replicated.
INFO: [Physopt 32-571] Net level0_i/level1/level1_i/ulp/target23_chained_taylor41_1/inst/grp_advance_fu_628/mu_h_reg_2275[171] was not replicated.
INFO: [Physopt 32-571] Net level0_i/level1/level1_i/ulp/target23_chained_taylor41_1/inst/grp_advance_fu_628/mu_h_reg_2275[172] was not replicated.
INFO: [Physopt 32-571] Net level0_i/level1/level1_i/ulp/target23_chained_taylor41_1/inst/grp_advance_fu_628/mu_h_reg_2275[173] was not replicated.
INFO: [Physopt 32-571] Net level0_i/level1/level1_i/ulp/target23_chained_taylor41_1/inst/grp_advance_fu_628/mu_h_reg_2275[184] was not replicated.
INFO: [Physopt 32-571] Net level0_i/level1/level1_i/ulp/target23_chained_taylor41_1/inst/grp_advance_fu_628/mu_h_reg_2275[180] was not replicated.
INFO: [Physopt 32-571] Net level0_i/level1/level1_i/ulp/target23_chained_taylor41_1/inst/grp_advance_fu_628/mu_h_reg_2275[177] was not replicated.
INFO: [Physopt 32-571] Net level0_i/level1/level1_i/ulp/target23_chained_taylor41_1/inst/grp_advance_fu_628/mu_h_reg_2275[176] was not replicated.
INFO: [Physopt 32-571] Net level0_i/level1/level1_i/ulp/target23_chained_taylor41_1/inst/grp_advance_fu_628/mu_h_reg_2275[178] was not replicated.
INFO: [Physopt 32-571] Net level0_i/level1/level1_i/ulp/target23_chained_taylor41_1/inst/grp_advance_fu_628/mu_h_reg_2275[185] was not replicated.
INFO: [Physopt 32-571] Net level0_i/level1/level1_i/ulp/target23_chained_taylor41_1/inst/grp_advance_fu_628/mu_h_reg_2275[183] was not replicated.
INFO: [Physopt 32-571] Net level0_i/level1/level1_i/ulp/target23_chained_taylor41_1/inst/grp_advance_fu_628/mu_h_reg_2275[191] was not replicated.
INFO: [Physopt 32-571] Net level0_i/level1/level1_i/ulp/target23_chained_taylor41_1/inst/grp_advance_fu_628/mu_h_reg_2275[198] was not replicated.
INFO: [Physopt 32-232] Optimized 106 nets. Created 113 new instances.
INFO: [Physopt 32-775] End 1 Pass. Optimized 106 nets or cells. Created 113 new cells, deleted 0 existing cell and moved 0 existing cell
Netlist sorting complete. Time (s): cpu = 00:00:01 ; elapsed = 00:00:01 . Memory (MB): peak = 32518.184 ; gain = 0.000 ; free physical = 2098 ; free virtual = 41052
INFO: [Physopt 32-896] DSP level0_i/blp/blp_i/ss_cmc/inst/microblaze_cmc/U0/MicroBlaze_Core_I/Performance.Core/Data_Flow_I/MUL_Unit_I/Use_HW_MUL.Using_DSP48_Architectures.Doing_mul64.Virtex_MUL64.dsp_module_I2/Using_DSP48E1.DSP48E1_I1/Using_FPGA.DSP48E1_I1 is not considered for optimization due to don't touch constraint
INFO: [Physopt 32-896] DSP level0_i/blp/blp_i/ss_cmc/inst/microblaze_cmc/U0/MicroBlaze_Core_I/Performance.Core/Data_Flow_I/MUL_Unit_I/Use_HW_MUL.Using_DSP48_Architectures.Doing_mul64.Virtex_MUL64.dsp_module_I3/Using_DSP48E1.DSP48E1_I1/Using_FPGA.DSP48E1_I1 is not considered for optimization due to don't touch constraint
INFO: [Physopt 32-896] DSP level0_i/blp/blp_i/ss_cmc/inst/microblaze_cmc/U0/MicroBlaze_Core_I/Performance.Core/Data_Flow_I/MUL_Unit_I/Use_HW_MUL.Using_DSP48_Architectures.Doing_mul64.Virtex_MUL64.dsp_module_I4/Using_DSP48E1.DSP48E1_I1/Using_FPGA.DSP48E1_I1 is not considered for optimization due to don't touch constraint
INFO: [Physopt 32-896] DSP level0_i/blp/blp_i/ss_cmc/inst/microblaze_cmc/U0/MicroBlaze_Core_I/Performance.Core/Data_Flow_I/MUL_Unit_I/Use_HW_MUL.Using_DSP48_Architectures.dsp_module_I1/Using_DSP48E1.DSP48E1_I1/Using_FPGA.DSP48E1_I1 is not considered for optimization due to don't touch constraint
INFO: [Physopt 32-456] No candidate cells for DSP register optimization found in the design.
INFO: [Physopt 32-775] End 2 Pass. Optimized 0 net or cell. Created 0 new cell, deleted 0 existing cell and moved 0 existing cell
INFO: [Physopt 32-1123] No candidate cells found for Shift Register to Pipeline optimization
INFO: [Physopt 32-775] End 2 Pass. Optimized 0 net or cell. Created 0 new cell, deleted 0 existing cell and moved 0 existing cell
INFO: [Physopt 32-1401] No candidate cells found for Shift Register optimization.
INFO: [Physopt 32-677] No candidate cells for Shift Register optimization found in the design
INFO: [Physopt 32-775] End 1 Pass. Optimized 0 net or cell. Created 0 new cell, deleted 0 existing cell and moved 0 existing cell
INFO: [Physopt 32-526] No candidate cells for BRAM register optimization found in the design
INFO: [Physopt 32-775] End 1 Pass. Optimized 0 net or cell. Created 0 new cell, deleted 0 existing cell and moved 0 existing cell
INFO: [Physopt 32-846] No candidate cells for URAM register optimization found in the design
INFO: [Physopt 32-775] End 1 Pass. Optimized 0 net or cell. Created 0 new cell, deleted 0 existing cell and moved 0 existing cell
INFO: [Physopt 32-846] No candidate cells for URAM register optimization found in the design
INFO: [Physopt 32-775] End 1 Pass. Optimized 0 net or cell. Created 0 new cell, deleted 0 existing cell and moved 0 existing cell
INFO: [Physopt 32-949] No candidate nets found for dynamic/static region interface net replication
INFO: [Physopt 32-775] End 1 Pass. Optimized 0 net or cell. Created 0 new cell, deleted 0 existing cell and moved 0 existing cell
Netlist sorting complete. Time (s): cpu = 00:00:00.49 ; elapsed = 00:00:00.49 . Memory (MB): peak = 32518.184 ; gain = 0.000 ; free physical = 2098 ; free virtual = 41052
INFO: [Physopt 32-76] Pass 1. Identified 9 candidate nets for fanout optimization.
INFO: [Physopt 32-232] Optimized 9 nets. Created 82 new instances.
INFO: [Physopt 32-775] End 1 Pass. Optimized 9 nets or cells. Created 82 new cells, deleted 0 existing cell and moved 0 existing cell
Netlist sorting complete. Time (s): cpu = 00:00:02 ; elapsed = 00:00:02 . Memory (MB): peak = 32518.184 ; gain = 0.000 ; free physical = 2098 ; free virtual = 41052
INFO: [Physopt 32-68] No nets found for critical-cell optimization.
INFO: [Physopt 32-232] Optimized 0 net. Created 0 new instance.
INFO: [Physopt 32-775] End 1 Pass. Optimized 0 net or cell. Created 0 new cell, deleted 0 existing cell and moved 0 existing cell
Netlist sorting complete. Time (s): cpu = 00:00:00.48 ; elapsed = 00:00:00.48 . Memory (MB): peak = 32518.184 ; gain = 0.000 ; free physical = 2098 ; free virtual = 41052

Summary of Physical Synthesis Optimizations
============================================


-----------------------------------------------------------------------------------------------------------------------------------------------------------
|  Optimization                                     |  Added Cells  |  Removed Cells  |  Optimized Cells/Nets  |  Dont Touch  |  Iterations  |  Elapsed   |
-----------------------------------------------------------------------------------------------------------------------------------------------------------
|  LUT Combining                                    |         1000  |           2585  |                  3585  |           0  |           1  |  00:00:15  |
|  Retime                                           |            0  |              0  |                     0  |           0  |           1  |  00:00:00  |
|  Equivalent Driver Rewiring                       |            0  |             49  |                   141  |           8  |           1  |  00:00:54  |
|  Very High Fanout                                 |          642  |              0  |                    33  |           0  |           1  |  00:01:08  |
|  Critical Cell                                    |          113  |              0  |                   106  |           0  |           1  |  00:00:54  |
|  DSP Register                                     |            0  |              0  |                     0  |           4  |           1  |  00:00:02  |
|  Shift Register to Pipeline                       |            0  |              0  |                     0  |           0  |           1  |  00:00:01  |
|  Shift Register                                   |            0  |              0  |                     0  |           0  |           1  |  00:00:01  |
|  BRAM Register                                    |            0  |              0  |                     0  |         106  |           1  |  00:00:01  |
|  URAM Register                                    |            0  |              0  |                     0  |           0  |           1  |  00:00:02  |
|  Dynamic/Static Region Interface Net Replication  |            0  |              0  |                     0  |           0  |           1  |  00:00:00  |
|  Fanout                                           |           82  |              0  |                     9  |           0  |           1  |  00:00:14  |
|  Critical Cell                                    |            0  |              0  |                     0  |           0  |           1  |  00:00:00  |
|  Total                                            |         1837  |           2634  |                  3874  |         118  |          13  |  00:03:31  |
-----------------------------------------------------------------------------------------------------------------------------------------------------------


Phase 2.6.2 Physical Synthesis In Placer | Checksum: 1856530c5

Time (s): cpu = 03:01:40 ; elapsed = 01:30:40 . Memory (MB): peak = 32518.184 ; gain = 8487.301 ; free physical = 2073 ; free virtual = 41027
Phase 2.6 Global Place Phase2 | Checksum: 1b33232e0

Time (s): cpu = 03:16:47 ; elapsed = 01:39:09 . Memory (MB): peak = 32518.184 ; gain = 8487.301 ; free physical = 2073 ; free virtual = 41027
Phase 2 Global Placement | Checksum: 1b33232e0

Time (s): cpu = 03:16:52 ; elapsed = 01:39:11 . Memory (MB): peak = 32518.184 ; gain = 8487.301 ; free physical = 2074 ; free virtual = 41028

Phase 3 Detail Placement

Phase 3.1 Commit Multi Column Macros
Phase 3.1 Commit Multi Column Macros | Checksum: 1b3781db7

Time (s): cpu = 03:22:44 ; elapsed = 01:41:29 . Memory (MB): peak = 32518.184 ; gain = 8487.301 ; free physical = 2076 ; free virtual = 41030

Phase 3.2 Commit Most Macros & LUTRAMs
Phase 3.2 Commit Most Macros & LUTRAMs | Checksum: 2187f640b

Time (s): cpu = 03:48:31 ; elapsed = 01:51:14 . Memory (MB): peak = 32518.184 ; gain = 8487.301 ; free physical = 2073 ; free virtual = 41027

Phase 3.3 Small Shape DP

Phase 3.3.1 Small Shape Clustering
Phase 3.3.1 Small Shape Clustering | Checksum: 1a04023f6

Time (s): cpu = 04:17:33 ; elapsed = 02:02:47 . Memory (MB): peak = 33941.684 ; gain = 9910.801 ; free physical = 712 ; free virtual = 39667

Phase 3.3.2 Slice Area Swap

Phase 3.3.2.1 Slice Area Swap Initial
Phase 3.3.2.1 Slice Area Swap Initial | Checksum: 16a4a7510

Time (s): cpu = 04:31:06 ; elapsed = 02:08:20 . Memory (MB): peak = 33941.684 ; gain = 9910.801 ; free physical = 702 ; free virtual = 39656
Phase 3.3.2 Slice Area Swap | Checksum: 1a8eefff8

Time (s): cpu = 04:33:46 ; elapsed = 02:10:46 . Memory (MB): peak = 33941.684 ; gain = 9910.801 ; free physical = 703 ; free virtual = 39658
Phase 3.3 Small Shape DP | Checksum: 1de134267

Time (s): cpu = 04:38:00 ; elapsed = 02:12:05 . Memory (MB): peak = 33941.684 ; gain = 9910.801 ; free physical = 703 ; free virtual = 39658

Phase 3.4 Place Remaining
Phase 3.4 Place Remaining | Checksum: 189b01d45

Time (s): cpu = 04:38:45 ; elapsed = 02:12:36 . Memory (MB): peak = 33941.684 ; gain = 9910.801 ; free physical = 703 ; free virtual = 39658

Phase 3.5 Re-assign LUT pins
Phase 3.5 Re-assign LUT pins | Checksum: 1ff2c1da5

Time (s): cpu = 04:43:05 ; elapsed = 02:14:22 . Memory (MB): peak = 34005.715 ; gain = 9974.832 ; free physical = 699 ; free virtual = 39653

Phase 3.6 Pipeline Register Optimization
Phase 3.6 Pipeline Register Optimization | Checksum: 1ff2c1da5

Time (s): cpu = 04:44:16 ; elapsed = 02:15:20 . Memory (MB): peak = 34005.715 ; gain = 9974.832 ; free physical = 698 ; free virtual = 39652

Phase 3.7 Fast Optimization
Phase 3.7 Fast Optimization | Checksum: 28064b063

Time (s): cpu = 05:04:25 ; elapsed = 02:20:16 . Memory (MB): peak = 35840.332 ; gain = 11809.449 ; free physical = 572 ; free virtual = 37688
Phase 3 Detail Placement | Checksum: 28064b063

Time (s): cpu = 05:04:42 ; elapsed = 02:20:20 . Memory (MB): peak = 35840.332 ; gain = 11809.449 ; free physical = 572 ; free virtual = 37688

Phase 4 Post Placement Optimization and Clean-Up

Phase 4.1 Post Commit Optimization
INFO: [Timing 38-35] Done setting XDC timing constraints.
WARNING: [Timing 38-3] User defined clock exists on pin level0_i/level1/level1_i/ulp/ss_ucs/inst/aclk_kernel_00_hierarchy/clkwiz_aclk_kernel_00/inst/CLK_CORE_DRP_I/clk_inst/mmcme4_adv_inst/CLKOUT0 [See /home/devsounio/cs6_chained_taylor41_20260804/xclbin-build10/_x_link/link/vivado/vpl/output/_user_impl_clk.xdc:3] and will prevent any subsequent automatic derivation of generated clocks on that pin. If the user defined clock specifies '-add', any existing auto-derived clocks on that pin are retained.
WARNING: [Place 30-1995] Horizontal BUFCE_ROW programmable delay is capped at 3 for clock net level0_i/blp/blp_i/ss_hif/inst/pcie/inst/bd_39ab_pcie_0_gt_top_i/diablo_gt.diablo_gt_phy_wrapper/phy_clk_i/CLK_CORECLK due to PCIE_GT_DIFF_REGION MAX_SKEW requirements
WARNING: [Place 30-1995] Horizontal BUFCE_ROW programmable delay is capped at 3 for clock net level0_i/blp/blp_i/ss_hif/inst/pcie/inst/bd_39ab_pcie_0_gt_top_i/diablo_gt.diablo_gt_phy_wrapper/phy_clk_i/CLK_PCLK2_GT due to PCIE_GT_DIFF_REGION MAX_SKEW requirements
WARNING: [Place 30-1995] Horizontal BUFCE_ROW programmable delay is capped at 3 for clock net level0_i/blp/blp_i/ss_hif/inst/pcie/inst/bd_39ab_pcie_0_gt_top_i/diablo_gt.diablo_gt_phy_wrapper/phy_clk_i/CLK_USERCLK due to PCIE_GT_DIFF_REGION MAX_SKEW requirements

Phase 4.1.1 Post Placement Optimization
Post Placement Optimization Initialization | Checksum: 23125eb84

Phase 4.1.1.1 BUFG Insertion

Starting Physical Synthesis Task

Phase 1 Physical Synthesis Initialization
INFO: [Physopt 32-721] Multithreading enabled for phys_opt_design using a maximum of 8 CPUs
INFO: [Physopt 32-619] Estimated Timing Summary | WNS=-124.089 | TNS=-366130.611 |
Phase 1 Physical Synthesis Initialization | Checksum: 1d61c74ab

Time (s): cpu = 00:02:45 ; elapsed = 00:00:31 . Memory (MB): peak = 35840.332 ; gain = 0.000 ; free physical = 573 ; free virtual = 37696
INFO: [Place 46-35] Processed net level0_i/level1/level1_i/ulp/target23_chained_taylor41_1/inst/grp_advance_fu_628/grp_coefficients_fu_981/ap_CS_fsm_state5_repN, inserted BUFG to drive 17510 loads.
INFO: [Place 46-45] Replicated bufg driver level0_i/level1/level1_i/ulp/target23_chained_taylor41_1/inst/grp_advance_fu_628/grp_coefficients_fu_981/ap_CS_fsm_reg[4]_replica_3
INFO: [Place 46-35] Processed net level0_i/level1/level1_i/ulp/target23_chained_taylor41_1/inst/grp_advance_fu_628/grp_coefficients_fu_981/ap_CS_fsm_state5_repN_9, inserted BUFG to drive 13632 loads.
INFO: [Place 46-33] Processed net level0_i/level1/level1_i/ulp/target23_chained_taylor41_1/inst/ap_rst_n_inv_repN, BUFG insertion was skipped due to placement/routing conflicts.
INFO: [Place 46-35] Processed net level0_i/level1/level1_i/ulp/target23_chained_taylor41_1/inst/grp_advance_fu_628/grp_coefficients_fu_981/grp_coefficients_fu_981_center_coeff_hi_0_ce1_repN_1, inserted BUFG to drive 6720 loads.
INFO: [Place 46-45] Replicated bufg driver level0_i/level1/level1_i/ulp/target23_chained_taylor41_1/inst/grp_advance_fu_628/grp_coefficients_fu_981/ap_CS_fsm_reg[3]_replica_60
INFO: [Place 46-35] Processed net level0_i/level1/level1_i/ulp/target23_chained_taylor41_1/inst/grp_advance_fu_628/grp_coefficients_fu_981/ap_CS_fsm_state5_repN_16, inserted BUFG to drive 4736 loads.
INFO: [Place 46-33] Processed net level0_i/level1/level1_i/ulp/target23_chained_taylor41_1/inst/ap_rst_n_inv, BUFG insertion was skipped due to placement/routing conflicts.
INFO: [Place 46-33] Processed net level0_i/level1/level1_i/ulp/target23_chained_taylor41_1/inst/grp_close_box_fu_746/grp_picard_image_fu_665/grp_picard_image_fu_665_ap_ready, BUFG insertion was skipped due to placement/routing conflicts.
INFO: [Place 46-35] Processed net level0_i/level1/level1_i/ulp/target23_chained_taylor41_1/inst/grp_advance_fu_628/grp_close_box_fu_908/grp_picard_image_fu_665/grp_picard_image_fu_665_ap_ready, inserted BUFG to drive 1792 loads.
INFO: [Place 46-45] Replicated bufg driver level0_i/level1/level1_i/ulp/target23_chained_taylor41_1/inst/grp_advance_fu_628/grp_close_box_fu_908/grp_picard_image_fu_665/ap_CS_fsm_reg[8]_replica
INFO: [Place 46-35] Processed net level0_i/level1/level1_i/ulp/target23_chained_taylor41_1/inst/grp_advance_fu_628/grp_coefficients_fu_981/grp_coefficients_fu_981_center_coeff_hi_0_ce1_repN_5, inserted BUFG to drive 2464 loads.
INFO: [Place 46-45] Replicated bufg driver level0_i/level1/level1_i/ulp/target23_chained_taylor41_1/inst/grp_advance_fu_628/grp_coefficients_fu_981/ap_CS_fsm_reg[3]_replica_61
INFO: [Place 46-33] Processed net level0_i/level1/level1_i/ulp/target23_chained_taylor41_1/inst/grp_close_box_fu_746/ap_CS_fsm_state5, BUFG insertion was skipped due to placement/routing conflicts.
INFO: [Place 46-35] Processed net level0_i/level1/level1_i/ulp/target23_chained_taylor41_1/inst/grp_advance_fu_628/grp_close_box_fu_908/ap_CS_fsm_state5, inserted BUFG to drive 1792 loads.
INFO: [Place 46-45] Replicated bufg driver level0_i/level1/level1_i/ulp/target23_chained_taylor41_1/inst/grp_advance_fu_628/grp_close_box_fu_908/ap_CS_fsm_reg[4]_replica
INFO: [Place 46-35] Processed net level0_i/level1/level1_i/ulp/target23_chained_taylor41_1/inst/grp_advance_fu_628/grp_coefficients_fu_981/grp_coefficients_Pipeline_VITIS_LOOP_151_4_fu_4093/ap_CS_fsm_pp0_stage2, inserted BUFG to drive 1788 loads.
INFO: [Place 46-45] Replicated bufg driver level0_i/level1/level1_i/ulp/target23_chained_taylor41_1/inst/grp_advance_fu_628/grp_coefficients_fu_981/grp_coefficients_Pipeline_VITIS_LOOP_151_4_fu_4093/ap_CS_fsm_reg[2]_replica
INFO: [Place 46-35] Processed net level0_i/level1/level1_i/ulp/target23_chained_taylor41_1/inst/grp_advance_fu_628/grp_close_box_fu_908/grp_picard_image_fu_665/E[0], inserted BUFG to drive 1792 loads.
INFO: [Place 46-33] Processed net level0_i/level1/level1_i/ulp/target23_chained_taylor41_1/inst/grp_close_box_fu_746/grp_picard_image_fu_665/E[0], BUFG insertion was skipped due to placement/routing conflicts.
INFO: [Place 46-33] Processed net level0_i/level1/level1_i/ulp/target23_chained_taylor41_1/inst/grp_close_box_fu_746/result_lo_3_7_reg_489, BUFG insertion was skipped due to placement/routing conflicts.
INFO: [Place 46-33] Processed net level0_i/level1/level1_i/ulp/target23_chained_taylor41_1/inst/grp_close_box_fu_746/E[0], BUFG insertion was skipped due to placement/routing conflicts.
INFO: [Place 46-33] Processed net level0_i/level1/level1_i/ulp/target23_chained_taylor41_1/inst/grp_close_box_fu_746/reg_9520, BUFG insertion was skipped due to placement/routing conflicts.
INFO: [Place 46-35] Processed net level0_i/level1/level1_i/ulp/target23_chained_taylor41_1/inst/grp_advance_fu_628/grp_close_box_fu_908/reg_9520, inserted BUFG to drive 1792 loads.
INFO: [Place 46-33] Processed net level0_i/level1/level1_i/ulp/target23_chained_taylor41_1/inst/grp_advance_fu_628/grp_close_box_fu_908/result_lo_3_7_reg_489, BUFG insertion was skipped due to placement/routing conflicts.
INFO: [Place 46-33] Processed net level0_i/level1/level1_i/ulp/target23_chained_taylor41_1/inst/grp_advance_fu_628/grp_coefficients_fu_981/grp_coefficients_Pipeline_VITIS_LOOP_151_4_fu_4093/flow_control_loop_pipe_sequential_init_U/ap_sig_allocacmp_j_11, BUFG insertion was skipped due to placement/routing conflicts.
INFO: [Place 46-33] Processed net level0_i/level1/level1_i/ulp/target23_chained_taylor41_1/inst/grp_close_box_fu_746/ap_CS_fsm_state15, BUFG insertion was skipped due to placement/routing conflicts.
INFO: [Place 46-33] Processed net level0_i/level1/level1_i/ulp/target23_chained_taylor41_1/inst/grp_advance_fu_628/grp_close_box_fu_908/ap_CS_fsm_state15, BUFG insertion was skipped due to placement/routing conflicts.
INFO: [Place 46-33] Processed net level0_i/level1/level1_i/ulp/target23_chained_taylor41_1/inst/grp_advance_fu_628/grp_close_box_fu_908/grp_picard_image_fu_665/grp_picard_image_Pipeline_VITIS_LOOP_85_1_fu_379/ap_CS_fsm_pp0_stage0, BUFG insertion was skipped due to placement/routing conflicts.
INFO: [Place 46-33] Processed net level0_i/level1/level1_i/ulp/target23_chained_taylor41_1/inst/grp_close_box_fu_746/grp_picard_image_fu_665/grp_picard_image_Pipeline_VITIS_LOOP_85_1_fu_379/ap_CS_fsm_pp0_stage0, BUFG insertion was skipped due to placement/routing conflicts.
INFO: [Place 46-33] Processed net level0_i/level1/level1_i/ulp/target23_chained_taylor41_1/inst/grp_advance_fu_628/grp_close_box_fu_908/grp_picard_image_fu_665/ap_CS_fsm_state7, BUFG insertion was skipped due to placement/routing conflicts.
INFO: [Place 46-33] Processed net level0_i/level1/level1_i/ulp/target23_chained_taylor41_1/inst/grp_close_box_fu_746/grp_picard_image_fu_665/ap_CS_fsm_state7, BUFG insertion was skipped due to placement/routing conflicts.
INFO: [Place 46-33] Processed net level0_i/level1/level1_i/ulp/target23_chained_taylor41_1/inst/grp_advance_fu_628/grp_close_box_fu_908/grp_picard_image_fu_665/ap_CS_fsm_state6, BUFG insertion was skipped due to placement/routing conflicts.
INFO: [Place 46-33] Processed net level0_i/level1/level1_i/ulp/target23_chained_taylor41_1/inst/grp_close_box_fu_746/grp_picard_image_fu_665/ap_CS_fsm_state6, BUFG insertion was skipped due to placement/routing conflicts.
INFO: [Place 46-33] Processed net level0_i/level1/level1_i/ulp/target23_chained_taylor41_1/inst/grp_advance_fu_628/grp_coefficients_fu_981/grp_coefficients_Pipeline_VITIS_LOOP_151_4_fu_4093/a_hi_5_fu_6400, BUFG insertion was skipped due to placement/routing conflicts.
INFO: [Place 46-33] Processed net level0_i/level1/level1_i/ulp/target23_chained_taylor41_1/inst/grp_advance_fu_628/grp_close_box_fu_908/grp_close_box_Pipeline_VITIS_LOOP_126_5_fu_864/b_hi_loc_fu_1300, BUFG insertion was skipped due to placement/routing conflicts.
INFO: [Place 46-33] Processed net level0_i/level1/level1_i/ulp/target23_chained_taylor41_1/inst/grp_close_box_fu_746/grp_close_box_Pipeline_VITIS_LOOP_126_5_fu_864/a_lo_loc_fu_1420, BUFG insertion was skipped due to placement/routing conflicts.
INFO: [Place 46-33] Processed net level0_i/level1/level1_i/ulp/target23_chained_taylor41_1/inst/grp_advance_fu_628/grp_advance_Pipeline_VITIS_LOOP_195_1_fu_1191/E[0], BUFG insertion was skipped due to placement/routing conflicts.
INFO: [Place 46-33] Processed net level0_i/level1/level1_i/ulp/ss_ucs/inst/aclk_kernel_01_hierarchy/clkwiz_aclk_kernel_01/inst/AXI_LITE_IPIF_I/I_SLAVE_ATTACHMENT/rst_reg_0, BUFG insertion was skipped due to placement/routing conflicts.
INFO: [Place 46-33] Processed net level0_i/level1/level1_i/ulp/ss_ucs/inst/aclk_kernel_00_hierarchy/clkwiz_aclk_kernel_00/inst/AXI_LITE_IPIF_I/I_SLAVE_ATTACHMENT/rst_reg_0, BUFG insertion was skipped due to placement/routing conflicts.
INFO: [Place 46-56] BUFG insertion identified 34 candidate nets. Inserted BUFG: 10, Replicated BUFG Driver: 6, Skipped due to Placement/Routing Conflicts: 24, Skipped due to Timing Degradation: 0, Skipped due to netlist editing failed: 0.
Ending Physical Synthesis Task | Checksum: 1977b5666

Time (s): cpu = 00:06:01 ; elapsed = 00:02:07 . Memory (MB): peak = 35840.332 ; gain = 0.000 ; free physical = 577 ; free virtual = 37700
Phase 4.1.1.1 BUFG Insertion | Checksum: 20eec1cd2

Time (s): cpu = 05:31:42 ; elapsed = 02:27:58 . Memory (MB): peak = 35840.332 ; gain = 11809.449 ; free physical = 577 ; free virtual = 37700

Phase 4.1.1.2 BUFG Replication
INFO: [Place 46-68] Processed net level0_i/level1/level1_i/ulp/target23_chained_taylor41_1/inst/grp_advance_fu_628/grp_coefficients_fu_981/grp_coefficients_fu_981_center_coeff_hi_0_ce1_repN_5, BUFG replication was skipped as timing constraints are met.
INFO: [Place 46-63] BUFG replication identified 0 candidate nets: Replicated nets: 0, Replicated BUFGs: 0, Replicated BUFG Driver: 0, moved BUFGs: 0, Skipped due to Placement / Routing Conflict: 0, Skipped due to Timing: 0, Skipped due to constraints: 0
Phase 4.1.1.2 BUFG Replication | Checksum: 20eec1cd2

Time (s): cpu = 05:32:03 ; elapsed = 02:28:04 . Memory (MB): peak = 35840.332 ; gain = 11809.449 ; free physical = 577 ; free virtual = 37700

Phase 4.1.1.3 Post Placement Timing Optimization
INFO: [Place 30-746] Post Placement Timing Summary WNS=-121.338. For the most accurate timing information please run report_timing.
Phase 4.1.1.3 Post Placement Timing Optimization | Checksum: 22b2da32f

Time (s): cpu = 05:49:37 ; elapsed = 02:34:31 . Memory (MB): peak = 35840.332 ; gain = 11809.449 ; free physical = 580 ; free virtual = 37703

Phase 4.1.1.4 Replication
INFO: [Place 46-19] Post Replication Timing Summary WNS=-121.338. For the most accurate timing information please run report_timing.
Phase 4.1.1.4 Replication | Checksum: 22b2da32f

Time (s): cpu = 05:50:08 ; elapsed = 02:34:47 . Memory (MB): peak = 35840.332 ; gain = 11809.449 ; free physical = 582 ; free virtual = 37705

Time (s): cpu = 05:50:08 ; elapsed = 02:34:47 . Memory (MB): peak = 35840.332 ; gain = 11809.449 ; free physical = 582 ; free virtual = 37705
Phase 4.1 Post Commit Optimization | Checksum: 22b2da32f

Time (s): cpu = 05:50:27 ; elapsed = 02:34:52 . Memory (MB): peak = 35840.332 ; gain = 11809.449 ; free physical = 582 ; free virtual = 37705
WARNING: [Place 46-14] The placer has determined that this design is highly congested and may have difficulty routing. Run report_design_analysis -congestion for a detailed report.
WARNING: [Place 30-1995] Horizontal BUFCE_ROW programmable delay is capped at 3 for clock net level0_i/blp/blp_i/ss_hif/inst/pcie/inst/bd_39ab_pcie_0_gt_top_i/diablo_gt.diablo_gt_phy_wrapper/phy_clk_i/CLK_CORECLK due to PCIE_GT_DIFF_REGION MAX_SKEW requirements
WARNING: [Place 30-1995] Horizontal BUFCE_ROW programmable delay is capped at 3 for clock net level0_i/blp/blp_i/ss_hif/inst/pcie/inst/bd_39ab_pcie_0_gt_top_i/diablo_gt.diablo_gt_phy_wrapper/phy_clk_i/CLK_PCLK2_GT due to PCIE_GT_DIFF_REGION MAX_SKEW requirements
WARNING: [Place 30-1995] Horizontal BUFCE_ROW programmable delay is capped at 3 for clock net level0_i/blp/blp_i/ss_hif/inst/pcie/inst/bd_39ab_pcie_0_gt_top_i/diablo_gt.diablo_gt_phy_wrapper/phy_clk_i/CLK_USERCLK due to PCIE_GT_DIFF_REGION MAX_SKEW requirements
Netlist sorting complete. Time (s): cpu = 00:00:02 ; elapsed = 00:00:02 . Memory (MB): peak = 35840.332 ; gain = 0.000 ; free physical = 589 ; free virtual = 37712

Phase 4.2 Post Placement Cleanup
Phase 4.2 Post Placement Cleanup | Checksum: 201410f89

Time (s): cpu = 05:57:19 ; elapsed = 02:37:18 . Memory (MB): peak = 35840.332 ; gain = 11809.449 ; free physical = 590 ; free virtual = 37714

Phase 4.3 Placer Reporting

Phase 4.3.1 Print Estimated Congestion
INFO: [Place 30-612] Post-Placement Estimated Congestion 
 ________________________________________________________________________
|           | Global Congestion | Long Congestion   | Short Congestion  |
| Direction | Region Size       | Region Size       | Region Size       |
|___________|___________________|___________________|___________________|
|      North|            128x128|            128x128|            128x128|
|___________|___________________|___________________|___________________|
|      South|            128x128|            128x128|            128x128|
|___________|___________________|___________________|___________________|
|       East|            128x128|            128x128|            128x128|
|___________|___________________|___________________|___________________|
|       West|            128x128|            128x128|            128x128|
|___________|___________________|___________________|___________________|

SLR0:
 ________________________________________________________________________
|           | Global Congestion | Long Congestion   | Short Congestion  |
| Direction | Region Size       | Region Size       | Region Size       |
|___________|___________________|___________________|___________________|
|      North|            128x128|            128x128|            128x128|
|___________|___________________|___________________|___________________|
|      South|            128x128|            128x128|            128x128|
|___________|___________________|___________________|___________________|
|       East|            128x128|            128x128|            128x128|
|___________|___________________|___________________|___________________|
|       West|            128x128|            128x128|            128x128|
|___________|___________________|___________________|___________________|

SLR1:
 ________________________________________________________________________
|           | Global Congestion | Long Congestion   | Short Congestion  |
| Direction | Region Size       | Region Size       | Region Size       |
|___________|___________________|___________________|___________________|
|      North|            128x128|            128x128|              64x64|
|___________|___________________|___________________|___________________|
|      South|              64x64|            128x128|              64x64|
|___________|___________________|___________________|___________________|
|       East|              64x64|            128x128|              64x64|
|___________|___________________|___________________|___________________|
|       West|              64x64|            128x128|              64x64|
|___________|___________________|___________________|___________________|

SLR2:
 ________________________________________________________________________
|           | Global Congestion | Long Congestion   | Short Congestion  |
| Direction | Region Size       | Region Size       | Region Size       |
|___________|___________________|___________________|___________________|
|      North|            128x128|            128x128|              64x64|
|___________|___________________|___________________|___________________|
|      South|              64x64|            128x128|              32x32|
|___________|___________________|___________________|___________________|
|       East|              64x64|            128x128|              64x64|
|___________|___________________|___________________|___________________|
|       West|              64x64|            128x128|              64x64|
|___________|___________________|___________________|___________________|

SLR3:
 ________________________________________________________________________
|           | Global Congestion | Long Congestion   | Short Congestion  |
| Direction | Region Size       | Region Size       | Region Size       |
|___________|___________________|___________________|___________________|
|      North|              64x64|            128x128|              32x32|
|___________|___________________|___________________|___________________|
|      South|              32x32|              64x64|                4x4|
|___________|___________________|___________________|___________________|
|       East|              64x64|              64x64|              32x32|
|___________|___________________|___________________|___________________|
|       West|              64x64|              64x64|              16x16|
|___________|___________________|___________________|___________________|

Phase 4.3.1 Print Estimated Congestion | Checksum: 201410f89

Time (s): cpu = 05:57:38 ; elapsed = 02:37:23 . Memory (MB): peak = 35840.332 ; gain = 11809.449 ; free physical = 590 ; free virtual = 37714
Phase 4.3 Placer Reporting | Checksum: 201410f89

Time (s): cpu = 05:57:54 ; elapsed = 02:37:27 . Memory (MB): peak = 35840.332 ; gain = 11809.449 ; free physical = 590 ; free virtual = 37714

Phase 4.4 Final Placement Cleanup
Netlist sorting complete. Time (s): cpu = 00:00:00.48 ; elapsed = 00:00:00.48 . Memory (MB): peak = 35840.332 ; gain = 0.000 ; free physical = 590 ; free virtual = 37714

Time (s): cpu = 05:57:56 ; elapsed = 02:37:28 . Memory (MB): peak = 35840.332 ; gain = 11809.449 ; free physical = 590 ; free virtual = 37714
Phase 4 Post Placement Optimization and Clean-Up | Checksum: 1de655814

Time (s): cpu = 05:58:12 ; elapsed = 02:37:32 . Memory (MB): peak = 35840.332 ; gain = 11809.449 ; free physical = 590 ; free virtual = 37714
Ending Placer Task | Checksum: e6a3ab6f

Time (s): cpu = 05:58:29 ; elapsed = 02:37:35 . Memory (MB): peak = 35840.332 ; gain = 11809.449 ; free physical = 590 ; free virtual = 37714
753 Infos, 416 Warnings, 3 Critical Warnings and 1 Errors encountered.
place_design completed successfully
place_design: Time (s): cpu = 06:01:56 ; elapsed = 02:39:15 . Memory (MB): peak = 35840.332 ; gain = 11809.449 ; free physical = 595 ; free virtual = 37718
source /home/devsounio/cs6_chained_taylor41_20260804/xclbin-build10/_x_link/link/vivado/vpl/scripts/impl_1/_full_place_post.tcl
report_accelerator_utilization: Time (s): cpu = 00:01:23 ; elapsed = 00:01:24 . Memory (MB): peak = 35840.332 ; gain = 0.000 ; free physical = 597 ; free virtual = 37721
INFO: System Diagram: Run step: placed

report_utilization: Time (s): cpu = 00:02:02 ; elapsed = 00:02:03 . Memory (MB): peak = 35840.332 ; gain = 0.000 ; free physical = 602 ; free virtual = 37725
Terminated
