WAVE_INDEX	NODE_ID	PARENT_ID	U_DEPTH	U_INDEX	S_DEPTH	S_INDEX	WAVE_CONTRACT_SHA256	HPG_STATUS	HPG_RECEIPT_SHA256	HPG_VERIFICATION_SHA256	HAPG_STATUS	HAPG_RECEIPT_SHA256	HAPG_VERIFICATION_SHA256	APG_VALID	APG_PASS	APG_RESCUE	GENERIC_CERTIFICATE_PASS	DECISION	TERMINAL_REASON
0	U00-0000000000_S00-0000000000	-	0	0	0	0	4e7c9f46cf932ee6399311bebb59913d46468ec4cd1cc32e7b3af1a910a7f195	H_PG_INTERVAL_DOMAIN	e3b0c44298fc1c149afbf4c8996fb92427ae41e4649b934ca495991b7852b855	0000000000000000000000000000000000000000000000000000000000000000	H_APG_NOT_ELIGIBLE	e3b0c44298fc1c149afbf4c8996fb92427ae41e4649b934ca495991b7852b855	0000000000000000000000000000000000000000000000000000000000000000	false	false	false	false	SPLIT_S	-
1	U00-0000000000_S01-0000000000	U00-0000000000_S00-0000000000	0	0	1	0	d3211740a99d6f6f7df405e4f253a681f7fcf4ab57a5f4aba70cec1b1170e587	H_PG_CROSSING	e3b0c44298fc1c149afbf4c8996fb92427ae41e4649b934ca495991b7852b855	0000000000000000000000000000000000000000000000000000000000000000	H_APG_NOT_ELIGIBLE	e3b0c44298fc1c149afbf4c8996fb92427ae41e4649b934ca495991b7852b855	0000000000000000000000000000000000000000000000000000000000000000	false	false	false	false	SPLIT_U	-
1	U00-0000000000_S01-0000000001	U00-0000000000_S00-0000000000	0	0	1	1	d3211740a99d6f6f7df405e4f253a681f7fcf4ab57a5f4aba70cec1b1170e587	H_PG_CROSSING	e3b0c44298fc1c149afbf4c8996fb92427ae41e4649b934ca495991b7852b855	0000000000000000000000000000000000000000000000000000000000000000	H_APG_NOT_ELIGIBLE	e3b0c44298fc1c149afbf4c8996fb92427ae41e4649b934ca495991b7852b855	0000000000000000000000000000000000000000000000000000000000000000	false	false	false	false	SPLIT_U	-
2	U01-0000000000_S01-0000000000	U00-0000000000_S01-0000000000	1	0	1	0	40442d2418ae32c6eaaaa823f67087ea8baa15bc04a1f003443989070e988bd6	H_PG_CROSSING	e3b0c44298fc1c149afbf4c8996fb92427ae41e4649b934ca495991b7852b855	0000000000000000000000000000000000000000000000000000000000000000	H_APG_NOT_ELIGIBLE	e3b0c44298fc1c149afbf4c8996fb92427ae41e4649b934ca495991b7852b855	0000000000000000000000000000000000000000000000000000000000000000	false	false	false	false	SPLIT_S	-
2	U01-0000000000_S01-0000000001	U00-0000000000_S01-0000000001	1	0	1	1	40442d2418ae32c6eaaaa823f67087ea8baa15bc04a1f003443989070e988bd6	H_PG_CROSSING	e3b0c44298fc1c149afbf4c8996fb92427ae41e4649b934ca495991b7852b855	0000000000000000000000000000000000000000000000000000000000000000	H_APG_NOT_ELIGIBLE	e3b0c44298fc1c149afbf4c8996fb92427ae41e4649b934ca495991b7852b855	0000000000000000000000000000000000000000000000000000000000000000	false	false	false	false	SPLIT_S	-
2	U01-0000000001_S01-0000000000	U00-0000000000_S01-0000000000	1	1	1	0	40442d2418ae32c6eaaaa823f67087ea8baa15bc04a1f003443989070e988bd6	H_PG_CROSSING	e3b0c44298fc1c149afbf4c8996fb92427ae41e4649b934ca495991b7852b855	0000000000000000000000000000000000000000000000000000000000000000	H_APG_NOT_ELIGIBLE	e3b0c44298fc1c149afbf4c8996fb92427ae41e4649b934ca495991b7852b855	0000000000000000000000000000000000000000000000000000000000000000	false	false	false	false	SPLIT_S	-
2	U01-0000000001_S01-0000000001	U00-0000000000_S01-0000000001	1	1	1	1	40442d2418ae32c6eaaaa823f67087ea8baa15bc04a1f003443989070e988bd6	H_PG_CROSSING	e3b0c44298fc1c149afbf4c8996fb92427ae41e4649b934ca495991b7852b855	0000000000000000000000000000000000000000000000000000000000000000	H_APG_NOT_ELIGIBLE	e3b0c44298fc1c149afbf4c8996fb92427ae41e4649b934ca495991b7852b855	0000000000000000000000000000000000000000000000000000000000000000	false	false	false	false	SPLIT_S	-
3	U01-0000000000_S02-0000000000	U01-0000000000_S01-0000000000	1	0	2	0	caf5ccd37fae43689af9ab7901a899384b15ca7462a09a8c9f4c2f7507a3ce35	H_PG_CROSSING	e3b0c44298fc1c149afbf4c8996fb92427ae41e4649b934ca495991b7852b855	0000000000000000000000000000000000000000000000000000000000000000	H_APG_NOT_ELIGIBLE	e3b0c44298fc1c149afbf4c8996fb92427ae41e4649b934ca495991b7852b855	0000000000000000000000000000000000000000000000000000000000000000	false	false	false	false	SPLIT_U	-
3	U01-0000000000_S02-0000000001	U01-0000000000_S01-0000000000	1	0	2	1	caf5ccd37fae43689af9ab7901a899384b15ca7462a09a8c9f4c2f7507a3ce35	H_PG_CROSSING	e3b0c44298fc1c149afbf4c8996fb92427ae41e4649b934ca495991b7852b855	0000000000000000000000000000000000000000000000000000000000000000	H_APG_NOT_ELIGIBLE	e3b0c44298fc1c149afbf4c8996fb92427ae41e4649b934ca495991b7852b855	0000000000000000000000000000000000000000000000000000000000000000	false	false	false	false	SPLIT_U	-
3	U01-0000000000_S02-0000000002	U01-0000000000_S01-0000000001	1	0	2	2	caf5ccd37fae43689af9ab7901a899384b15ca7462a09a8c9f4c2f7507a3ce35	H_PG_CROSSING	e3b0c44298fc1c149afbf4c8996fb92427ae41e4649b934ca495991b7852b855	0000000000000000000000000000000000000000000000000000000000000000	H_APG_NOT_ELIGIBLE	e3b0c44298fc1c149afbf4c8996fb92427ae41e4649b934ca495991b7852b855	0000000000000000000000000000000000000000000000000000000000000000	false	false	false	false	SPLIT_U	-
3	U01-0000000000_S02-0000000003	U01-0000000000_S01-0000000001	1	0	2	3	caf5ccd37fae43689af9ab7901a899384b15ca7462a09a8c9f4c2f7507a3ce35	H_PG_CROSSING	e3b0c44298fc1c149afbf4c8996fb92427ae41e4649b934ca495991b7852b855	0000000000000000000000000000000000000000000000000000000000000000	H_APG_NOT_ELIGIBLE	e3b0c44298fc1c149afbf4c8996fb92427ae41e4649b934ca495991b7852b855	0000000000000000000000000000000000000000000000000000000000000000	false	false	false	false	SPLIT_U	-
3	U01-0000000001_S02-0000000000	U01-0000000001_S01-0000000000	1	1	2	0	caf5ccd37fae43689af9ab7901a899384b15ca7462a09a8c9f4c2f7507a3ce35	H_PG_CROSSING	e3b0c44298fc1c149afbf4c8996fb92427ae41e4649b934ca495991b7852b855	0000000000000000000000000000000000000000000000000000000000000000	H_APG_NOT_ELIGIBLE	e3b0c44298fc1c149afbf4c8996fb92427ae41e4649b934ca495991b7852b855	0000000000000000000000000000000000000000000000000000000000000000	false	false	false	false	SPLIT_U	-
3	U01-0000000001_S02-0000000001	U01-0000000001_S01-0000000000	1	1	2	1	caf5ccd37fae43689af9ab7901a899384b15ca7462a09a8c9f4c2f7507a3ce35	H_PG_CROSSING	e3b0c44298fc1c149afbf4c8996fb92427ae41e4649b934ca495991b7852b855	0000000000000000000000000000000000000000000000000000000000000000	H_APG_NOT_ELIGIBLE	e3b0c44298fc1c149afbf4c8996fb92427ae41e4649b934ca495991b7852b855	0000000000000000000000000000000000000000000000000000000000000000	false	false	false	false	SPLIT_U	-
3	U01-0000000001_S02-0000000002	U01-0000000001_S01-0000000001	1	1	2	2	caf5ccd37fae43689af9ab7901a899384b15ca7462a09a8c9f4c2f7507a3ce35	H_PG_CROSSING	e3b0c44298fc1c149afbf4c8996fb92427ae41e4649b934ca495991b7852b855	0000000000000000000000000000000000000000000000000000000000000000	H_APG_NOT_ELIGIBLE	e3b0c44298fc1c149afbf4c8996fb92427ae41e4649b934ca495991b7852b855	0000000000000000000000000000000000000000000000000000000000000000	false	false	false	false	SPLIT_U	-
3	U01-0000000001_S02-0000000003	U01-0000000001_S01-0000000001	1	1	2	3	caf5ccd37fae43689af9ab7901a899384b15ca7462a09a8c9f4c2f7507a3ce35	H_PG_CROSSING	e3b0c44298fc1c149afbf4c8996fb92427ae41e4649b934ca495991b7852b855	0000000000000000000000000000000000000000000000000000000000000000	H_APG_NOT_ELIGIBLE	e3b0c44298fc1c149afbf4c8996fb92427ae41e4649b934ca495991b7852b855	0000000000000000000000000000000000000000000000000000000000000000	false	false	false	false	SPLIT_U	-
4	U02-0000000000_S02-0000000000	U01-0000000000_S02-0000000000	2	0	2	0	4e0cfdea9cab649c7b36ceeb9cfba8e3356d21b6b939b29648e879c703ac90f1	H_PG_INVALID_NO_SIGNED_CHART	a806c4bb55ae963cc4b0fc1c3a817a44d0e30c3d4e091d471b111b8c771e571a	10fad5688c01393aff9f6da8a94bf51a8f5aa21dd4e0d68f09c3671121255d57	H_APG_NOT_ELIGIBLE	e3b0c44298fc1c149afbf4c8996fb92427ae41e4649b934ca495991b7852b855	0000000000000000000000000000000000000000000000000000000000000000	false	false	false	false	SPLIT_S	-
4	U02-0000000000_S02-0000000001	U01-0000000000_S02-0000000001	2	0	2	1	4e0cfdea9cab649c7b36ceeb9cfba8e3356d21b6b939b29648e879c703ac90f1	H_PG_CROSSING	e3b0c44298fc1c149afbf4c8996fb92427ae41e4649b934ca495991b7852b855	0000000000000000000000000000000000000000000000000000000000000000	H_APG_NOT_ELIGIBLE	e3b0c44298fc1c149afbf4c8996fb92427ae41e4649b934ca495991b7852b855	0000000000000000000000000000000000000000000000000000000000000000	false	false	false	false	SPLIT_S	-
4	U02-0000000000_S02-0000000002	U01-0000000000_S02-0000000002	2	0	2	2	4e0cfdea9cab649c7b36ceeb9cfba8e3356d21b6b939b29648e879c703ac90f1	H_PG_INVALID_NO_SIGNED_CHART	c9bc7d6f75a849fdf2cdaa4f4c53fa209833f75cdd73f2e065ee4b2baea81e54	243e88f5ed9d94c58907dfb98ac680afaf81be12abf4e7f807d37c110444e3b5	H_APG_NOT_ELIGIBLE	e3b0c44298fc1c149afbf4c8996fb92427ae41e4649b934ca495991b7852b855	0000000000000000000000000000000000000000000000000000000000000000	false	false	false	false	SPLIT_S	-
4	U02-0000000000_S02-0000000003	U01-0000000000_S02-0000000003	2	0	2	3	4e0cfdea9cab649c7b36ceeb9cfba8e3356d21b6b939b29648e879c703ac90f1	H_PG_INVALID_NO_SIGNED_CHART	1d2d0db6a857e4fcfa59bd72c7c1cd68b4b7f5840746c1c96de8664a595385c1	1eacdbe17e99e8d5d28e5b0b0166bb7c0ebc04ac659922c0d45c2488f11988b4	H_APG_NOT_ELIGIBLE	e3b0c44298fc1c149afbf4c8996fb92427ae41e4649b934ca495991b7852b855	0000000000000000000000000000000000000000000000000000000000000000	false	false	false	false	SPLIT_S	-
4	U02-0000000001_S02-0000000000	U01-0000000000_S02-0000000000	2	1	2	0	4e0cfdea9cab649c7b36ceeb9cfba8e3356d21b6b939b29648e879c703ac90f1	H_PG_INVALID_NO_SIGNED_CHART	9d96aa8b418a267b4d8d423b386266e2a5b47c42cca39e5d26b0de788e5c9401	d1914848a4b0f7d3c23bf43fce97e6bd3884a0ab71926d971e2c551e8b6d58c2	H_APG_NOT_ELIGIBLE	e3b0c44298fc1c149afbf4c8996fb92427ae41e4649b934ca495991b7852b855	0000000000000000000000000000000000000000000000000000000000000000	false	false	false	false	SPLIT_S	-
4	U02-0000000001_S02-0000000001	U01-0000000000_S02-0000000001	2	1	2	1	4e0cfdea9cab649c7b36ceeb9cfba8e3356d21b6b939b29648e879c703ac90f1	H_PG_INVALID_NO_SIGNED_CHART	4bf1f071fae3fce1a2e79b50a9da841b7a36ae1c72bd525855864cd3c3d41366	a628b1a19ebe500dd787cbd0c53d0a11b5c74a91351f4d9adfd18369833aa648	H_APG_NOT_ELIGIBLE	e3b0c44298fc1c149afbf4c8996fb92427ae41e4649b934ca495991b7852b855	0000000000000000000000000000000000000000000000000000000000000000	false	false	false	false	SPLIT_S	-
4	U02-0000000001_S02-0000000002	U01-0000000000_S02-0000000002	2	1	2	2	4e0cfdea9cab649c7b36ceeb9cfba8e3356d21b6b939b29648e879c703ac90f1	H_PG_INVALID_NO_SIGNED_CHART	c9c93163b446f4cc419797d5c8bc62fbe546cd611a2e358b504417ac1c0ea02a	13e1430d54e5e906ccae4dca9e934e8d1fa09e4d4dd19186949a31cc24196202	H_APG_NOT_ELIGIBLE	e3b0c44298fc1c149afbf4c8996fb92427ae41e4649b934ca495991b7852b855	0000000000000000000000000000000000000000000000000000000000000000	false	false	false	false	SPLIT_S	-
4	U02-0000000001_S02-0000000003	U01-0000000000_S02-0000000003	2	1	2	3	4e0cfdea9cab649c7b36ceeb9cfba8e3356d21b6b939b29648e879c703ac90f1	H_PG_INVALID_NO_SIGNED_CHART	f4a57bee4e456e7cb0147a8e485ae9a4755d5fdc27628ab9ba98274a1adfd5d1	95e18f426636c56c1809235f7df020f23d94ccb1eda89ea2436b3e523f4b3160	H_APG_NOT_ELIGIBLE	e3b0c44298fc1c149afbf4c8996fb92427ae41e4649b934ca495991b7852b855	0000000000000000000000000000000000000000000000000000000000000000	false	false	false	false	SPLIT_S	-
4	U02-0000000002_S02-0000000000	U01-0000000001_S02-0000000000	2	2	2	0	4e0cfdea9cab649c7b36ceeb9cfba8e3356d21b6b939b29648e879c703ac90f1	H_PG_INVALID_NO_SIGNED_CHART	15e12cf2357806e09719a5d792a557d0cb22526b54ab625e119b41429ae2092c	06d17e1eb987a1f6d635952f591d2f79aefe626f4251b6571fb1824b8efd11ef	H_APG_NOT_ELIGIBLE	e3b0c44298fc1c149afbf4c8996fb92427ae41e4649b934ca495991b7852b855	0000000000000000000000000000000000000000000000000000000000000000	false	false	false	false	SPLIT_S	-
4	U02-0000000002_S02-0000000001	U01-0000000001_S02-0000000001	2	2	2	1	4e0cfdea9cab649c7b36ceeb9cfba8e3356d21b6b939b29648e879c703ac90f1	H_PG_INVALID_NO_SIGNED_CHART	3a9cec54354421942cb9d9677a64690b1b07c700d7014d30643c6fd2e3be31d5	ec39594d5dfdcd4c534187c7cf8348be29e3b89acc8af7e66e0bc7c07301f638	H_APG_NOT_ELIGIBLE	e3b0c44298fc1c149afbf4c8996fb92427ae41e4649b934ca495991b7852b855	0000000000000000000000000000000000000000000000000000000000000000	false	false	false	false	SPLIT_S	-
4	U02-0000000002_S02-0000000002	U01-0000000001_S02-0000000002	2	2	2	2	4e0cfdea9cab649c7b36ceeb9cfba8e3356d21b6b939b29648e879c703ac90f1	H_PG_INVALID_NO_SIGNED_CHART	760b9419d186533184775b7b67eb35707fb18bc1d0f56dc3dd4e571fa9599f61	11dd2be9a33635f03fad739527a4d1fdf437f8df128887958b7cb47cc965b913	H_APG_NOT_ELIGIBLE	e3b0c44298fc1c149afbf4c8996fb92427ae41e4649b934ca495991b7852b855	0000000000000000000000000000000000000000000000000000000000000000	false	false	false	false	SPLIT_S	-
4	U02-0000000002_S02-0000000003	U01-0000000001_S02-0000000003	2	2	2	3	4e0cfdea9cab649c7b36ceeb9cfba8e3356d21b6b939b29648e879c703ac90f1	H_PG_INVALID_NO_SIGNED_CHART	b57240cdd5db548c11cace648131c7b4a6b5ca507c0756552f9246f363b27b4f	759d7889dfe021b6f815991d349bcb1afec79023f475bb174a1813ee443aaa0a	H_APG_NOT_ELIGIBLE	e3b0c44298fc1c149afbf4c8996fb92427ae41e4649b934ca495991b7852b855	0000000000000000000000000000000000000000000000000000000000000000	false	false	false	false	SPLIT_S	-
4	U02-0000000003_S02-0000000000	U01-0000000001_S02-0000000000	2	3	2	0	4e0cfdea9cab649c7b36ceeb9cfba8e3356d21b6b939b29648e879c703ac90f1	H_PG_CROSSING	e3b0c44298fc1c149afbf4c8996fb92427ae41e4649b934ca495991b7852b855	0000000000000000000000000000000000000000000000000000000000000000	H_APG_NOT_ELIGIBLE	e3b0c44298fc1c149afbf4c8996fb92427ae41e4649b934ca495991b7852b855	0000000000000000000000000000000000000000000000000000000000000000	false	false	false	false	SPLIT_S	-
4	U02-0000000003_S02-0000000001	U01-0000000001_S02-0000000001	2	3	2	1	4e0cfdea9cab649c7b36ceeb9cfba8e3356d21b6b939b29648e879c703ac90f1	H_PG_INVALID_NO_SIGNED_CHART	62c51c7dad85c9c6491a87c809e108bb5e99d7351e4e79030f68bc04609db222	3026ad3ecdf28a23f9b2c5ef063d3c1af5d2229b64d25d31f081b513e9de410a	H_APG_NOT_ELIGIBLE	e3b0c44298fc1c149afbf4c8996fb92427ae41e4649b934ca495991b7852b855	0000000000000000000000000000000000000000000000000000000000000000	false	false	false	false	SPLIT_S	-
4	U02-0000000003_S02-0000000002	U01-0000000001_S02-0000000002	2	3	2	2	4e0cfdea9cab649c7b36ceeb9cfba8e3356d21b6b939b29648e879c703ac90f1	H_PG_INVALID_NO_SIGNED_CHART	7cf71edb026106e93b369899d4d29a17bf86fd702833dc6ba8ebfbb4355a9177	506da06e4603291fb390dde4e8d4af67382981209f592a72b815d9f072a3565d	H_APG_NOT_ELIGIBLE	e3b0c44298fc1c149afbf4c8996fb92427ae41e4649b934ca495991b7852b855	0000000000000000000000000000000000000000000000000000000000000000	false	false	false	false	SPLIT_S	-
4	U02-0000000003_S02-0000000003	U01-0000000001_S02-0000000003	2	3	2	3	4e0cfdea9cab649c7b36ceeb9cfba8e3356d21b6b939b29648e879c703ac90f1	H_PG_INVALID_NO_SIGNED_CHART	b3ef4f2524bc41cf4f2abef04ddc97116db81b0102327a1478504635aa1407ad	eb5efb693f6c8c48b792d9f7ec6d249f89ca5a189a95b858e4ce62aa089e0bf8	H_APG_NOT_ELIGIBLE	e3b0c44298fc1c149afbf4c8996fb92427ae41e4649b934ca495991b7852b855	0000000000000000000000000000000000000000000000000000000000000000	false	false	false	false	SPLIT_S	-
5	U02-0000000000_S03-0000000000	U02-0000000000_S02-0000000000	2	0	3	0	8528f80fa5fc416802a951f083b5be5d4e87cc8a12c35cc005ff64e44b439e24	H_PG_CROSSING	e3b0c44298fc1c149afbf4c8996fb92427ae41e4649b934ca495991b7852b855	0000000000000000000000000000000000000000000000000000000000000000	H_APG_NOT_ELIGIBLE	e3b0c44298fc1c149afbf4c8996fb92427ae41e4649b934ca495991b7852b855	0000000000000000000000000000000000000000000000000000000000000000	false	false	false	false	SPLIT_U	-
5	U02-0000000000_S03-0000000001	U02-0000000000_S02-0000000000	2	0	3	1	8528f80fa5fc416802a951f083b5be5d4e87cc8a12c35cc005ff64e44b439e24	H_PG_CROSSING	e3b0c44298fc1c149afbf4c8996fb92427ae41e4649b934ca495991b7852b855	0000000000000000000000000000000000000000000000000000000000000000	H_APG_NOT_ELIGIBLE	e3b0c44298fc1c149afbf4c8996fb92427ae41e4649b934ca495991b7852b855	0000000000000000000000000000000000000000000000000000000000000000	false	false	false	false	SPLIT_U	-
5	U02-0000000000_S03-0000000002	U02-0000000000_S02-0000000001	2	0	3	2	8528f80fa5fc416802a951f083b5be5d4e87cc8a12c35cc005ff64e44b439e24	H_PG_CAPD_SET	e3b0c44298fc1c149afbf4c8996fb92427ae41e4649b934ca495991b7852b855	0000000000000000000000000000000000000000000000000000000000000000	H_APG_NOT_ELIGIBLE	e3b0c44298fc1c149afbf4c8996fb92427ae41e4649b934ca495991b7852b855	0000000000000000000000000000000000000000000000000000000000000000	false	false	false	false	SPLIT_U	-
5	U02-0000000000_S03-0000000003	U02-0000000000_S02-0000000001	2	0	3	3	8528f80fa5fc416802a951f083b5be5d4e87cc8a12c35cc005ff64e44b439e24	H_PG_CAPD_SET	e3b0c44298fc1c149afbf4c8996fb92427ae41e4649b934ca495991b7852b855	0000000000000000000000000000000000000000000000000000000000000000	H_APG_NOT_ELIGIBLE	e3b0c44298fc1c149afbf4c8996fb92427ae41e4649b934ca495991b7852b855	0000000000000000000000000000000000000000000000000000000000000000	false	false	false	false	SPLIT_U	-
5	U02-0000000000_S03-0000000004	U02-0000000000_S02-0000000002	2	0	3	4	8528f80fa5fc416802a951f083b5be5d4e87cc8a12c35cc005ff64e44b439e24	H_PG_INVALID_NO_SIGNED_CHART	09d3d3897fc81077f027b801cc1498d812b0b32211d1dc92defa1d632362f7bc	2dffd1bc03e34d0bec2d0484ce34e6315cac17368a2d818d7418efa93d556e0d	H_APG_NOT_ELIGIBLE	e3b0c44298fc1c149afbf4c8996fb92427ae41e4649b934ca495991b7852b855	0000000000000000000000000000000000000000000000000000000000000000	false	false	false	false	SPLIT_U	-
5	U02-0000000000_S03-0000000005	U02-0000000000_S02-0000000002	2	0	3	5	8528f80fa5fc416802a951f083b5be5d4e87cc8a12c35cc005ff64e44b439e24	H_PG_INVALID_NO_SIGNED_CHART	4b6edc28ea61534269e1ac28ef2a15ae22630a99103ae4aadba447802ce040ed	1b2d21b9e313c2abaacc69c385e426d0a0e05a38f459f5eb32396db028a487ef	H_APG_NOT_ELIGIBLE	e3b0c44298fc1c149afbf4c8996fb92427ae41e4649b934ca495991b7852b855	0000000000000000000000000000000000000000000000000000000000000000	false	false	false	false	SPLIT_U	-
5	U02-0000000000_S03-0000000006	U02-0000000000_S02-0000000003	2	0	3	6	8528f80fa5fc416802a951f083b5be5d4e87cc8a12c35cc005ff64e44b439e24	H_PG_CAPD_SET	e3b0c44298fc1c149afbf4c8996fb92427ae41e4649b934ca495991b7852b855	0000000000000000000000000000000000000000000000000000000000000000	H_APG_NOT_ELIGIBLE	e3b0c44298fc1c149afbf4c8996fb92427ae41e4649b934ca495991b7852b855	0000000000000000000000000000000000000000000000000000000000000000	false	false	false	false	SPLIT_U	-
5	U02-0000000000_S03-0000000007	U02-0000000000_S02-0000000003	2	0	3	7	8528f80fa5fc416802a951f083b5be5d4e87cc8a12c35cc005ff64e44b439e24	H_PG_INVALID_NO_SIGNED_CHART	976a66e0246f30d633e7fa8d80c4cd2c86611d060cb712a401845561c8e8a776	470a40aaaf732111da0103f090330674639cb8695625bc24b2784620dbb3f11d	H_APG_NOT_ELIGIBLE	e3b0c44298fc1c149afbf4c8996fb92427ae41e4649b934ca495991b7852b855	0000000000000000000000000000000000000000000000000000000000000000	false	false	false	false	SPLIT_U	-
5	U02-0000000001_S03-0000000000	U02-0000000001_S02-0000000000	2	1	3	0	8528f80fa5fc416802a951f083b5be5d4e87cc8a12c35cc005ff64e44b439e24	H_PG_CAPD_SET	e3b0c44298fc1c149afbf4c8996fb92427ae41e4649b934ca495991b7852b855	0000000000000000000000000000000000000000000000000000000000000000	H_APG_NOT_ELIGIBLE	e3b0c44298fc1c149afbf4c8996fb92427ae41e4649b934ca495991b7852b855	0000000000000000000000000000000000000000000000000000000000000000	false	false	false	false	SPLIT_U	-
5	U02-0000000001_S03-0000000001	U02-0000000001_S02-0000000000	2	1	3	1	8528f80fa5fc416802a951f083b5be5d4e87cc8a12c35cc005ff64e44b439e24	H_PG_INVALID_NO_SIGNED_CHART	bc5cd0282b3edbdc19f916bb86becebaa8c04fbded46c75039f7c8f2ebd8307f	d6a837c5f0fb82e86c693c65f12eb4aefe93774beca204818a4297793d725080	H_APG_NOT_ELIGIBLE	e3b0c44298fc1c149afbf4c8996fb92427ae41e4649b934ca495991b7852b855	0000000000000000000000000000000000000000000000000000000000000000	false	false	false	false	SPLIT_U	-
5	U02-0000000001_S03-0000000002	U02-0000000001_S02-0000000001	2	1	3	2	8528f80fa5fc416802a951f083b5be5d4e87cc8a12c35cc005ff64e44b439e24	H_PG_INVALID_NO_SIGNED_CHART	76238a899754020c8afccd4f8ae58edfa1e5fb95f121f12991aafea20a5f270f	3dbc04100b968b33f2ed53be9a0c176e004c19b5b96b1e56968d367a3f881acb	H_APG_NOT_ELIGIBLE	e3b0c44298fc1c149afbf4c8996fb92427ae41e4649b934ca495991b7852b855	0000000000000000000000000000000000000000000000000000000000000000	false	false	false	false	SPLIT_U	-
5	U02-0000000001_S03-0000000003	U02-0000000001_S02-0000000001	2	1	3	3	8528f80fa5fc416802a951f083b5be5d4e87cc8a12c35cc005ff64e44b439e24	H_PG_INVALID_NO_SIGNED_CHART	08282d2e487855de1fcbd0d75438a3a9d694bf2d36816fc8f6cd8a090ff9e585	a3e544d434c24b99c5ceb7711028fe0793e60512fe4b8fddda29039a358f5c92	H_APG_NOT_ELIGIBLE	e3b0c44298fc1c149afbf4c8996fb92427ae41e4649b934ca495991b7852b855	0000000000000000000000000000000000000000000000000000000000000000	false	false	false	false	SPLIT_U	-
5	U02-0000000001_S03-0000000004	U02-0000000001_S02-0000000002	2	1	3	4	8528f80fa5fc416802a951f083b5be5d4e87cc8a12c35cc005ff64e44b439e24	H_PG_CAPD_SET	e3b0c44298fc1c149afbf4c8996fb92427ae41e4649b934ca495991b7852b855	0000000000000000000000000000000000000000000000000000000000000000	H_APG_NOT_ELIGIBLE	e3b0c44298fc1c149afbf4c8996fb92427ae41e4649b934ca495991b7852b855	0000000000000000000000000000000000000000000000000000000000000000	false	false	false	false	SPLIT_U	-
5	U02-0000000001_S03-0000000005	U02-0000000001_S02-0000000002	2	1	3	5	8528f80fa5fc416802a951f083b5be5d4e87cc8a12c35cc005ff64e44b439e24	H_PG_INVALID_NO_SIGNED_CHART	57730158a773ac58ae69812dd989fbd80de1c258b78b0f2878ded53a44fb7dc0	f8dbbdf8e3313ec749922563ef15d11f433cdd44f915407919c92f7cb5f288d8	H_APG_NOT_ELIGIBLE	e3b0c44298fc1c149afbf4c8996fb92427ae41e4649b934ca495991b7852b855	0000000000000000000000000000000000000000000000000000000000000000	false	false	false	false	SPLIT_U	-
5	U02-0000000001_S03-0000000006	U02-0000000001_S02-0000000003	2	1	3	6	8528f80fa5fc416802a951f083b5be5d4e87cc8a12c35cc005ff64e44b439e24	H_PG_INVALID_NO_SIGNED_CHART	d5a0f30945239a90ee6601b9397c92db71844bdfdc398e087e98da7fef4d68d2	4d6b2898a9b05732abc0699ae0af3b221d9db570f46e94f8179cfe6427705d71	H_APG_NOT_ELIGIBLE	e3b0c44298fc1c149afbf4c8996fb92427ae41e4649b934ca495991b7852b855	0000000000000000000000000000000000000000000000000000000000000000	false	false	false	false	SPLIT_U	-
5	U02-0000000001_S03-0000000007	U02-0000000001_S02-0000000003	2	1	3	7	8528f80fa5fc416802a951f083b5be5d4e87cc8a12c35cc005ff64e44b439e24	H_PG_CAPD_SET	e3b0c44298fc1c149afbf4c8996fb92427ae41e4649b934ca495991b7852b855	0000000000000000000000000000000000000000000000000000000000000000	H_APG_NOT_ELIGIBLE	e3b0c44298fc1c149afbf4c8996fb92427ae41e4649b934ca495991b7852b855	0000000000000000000000000000000000000000000000000000000000000000	false	false	false	false	SPLIT_U	-
5	U02-0000000002_S03-0000000000	U02-0000000002_S02-0000000000	2	2	3	0	8528f80fa5fc416802a951f083b5be5d4e87cc8a12c35cc005ff64e44b439e24	H_PG_CAPD_SET	e3b0c44298fc1c149afbf4c8996fb92427ae41e4649b934ca495991b7852b855	0000000000000000000000000000000000000000000000000000000000000000	H_APG_NOT_ELIGIBLE	e3b0c44298fc1c149afbf4c8996fb92427ae41e4649b934ca495991b7852b855	0000000000000000000000000000000000000000000000000000000000000000	false	false	false	false	SPLIT_U	-
5	U02-0000000002_S03-0000000001	U02-0000000002_S02-0000000000	2	2	3	1	8528f80fa5fc416802a951f083b5be5d4e87cc8a12c35cc005ff64e44b439e24	H_PG_CAPD_SET	e3b0c44298fc1c149afbf4c8996fb92427ae41e4649b934ca495991b7852b855	0000000000000000000000000000000000000000000000000000000000000000	H_APG_NOT_ELIGIBLE	e3b0c44298fc1c149afbf4c8996fb92427ae41e4649b934ca495991b7852b855	0000000000000000000000000000000000000000000000000000000000000000	false	false	false	false	SPLIT_U	-
5	U02-0000000002_S03-0000000002	U02-0000000002_S02-0000000001	2	2	3	2	8528f80fa5fc416802a951f083b5be5d4e87cc8a12c35cc005ff64e44b439e24	H_PG_CAPD_SET	e3b0c44298fc1c149afbf4c8996fb92427ae41e4649b934ca495991b7852b855	0000000000000000000000000000000000000000000000000000000000000000	H_APG_NOT_ELIGIBLE	e3b0c44298fc1c149afbf4c8996fb92427ae41e4649b934ca495991b7852b855	0000000000000000000000000000000000000000000000000000000000000000	false	false	false	false	SPLIT_U	-
5	U02-0000000002_S03-0000000003	U02-0000000002_S02-0000000001	2	2	3	3	8528f80fa5fc416802a951f083b5be5d4e87cc8a12c35cc005ff64e44b439e24	H_PG_INVALID_NO_SIGNED_CHART	f7a33af42e5259800b8219055e9a150143714c66bc7ab285c659422305616c16	efaf78e04e70a4d088e201ec3397568d15d6bc95f33db1885eda634fcf66ef35	H_APG_NOT_ELIGIBLE	e3b0c44298fc1c149afbf4c8996fb92427ae41e4649b934ca495991b7852b855	0000000000000000000000000000000000000000000000000000000000000000	false	false	false	false	SPLIT_U	-
5	U02-0000000002_S03-0000000004	U02-0000000002_S02-0000000002	2	2	3	4	8528f80fa5fc416802a951f083b5be5d4e87cc8a12c35cc005ff64e44b439e24	H_PG_INVALID_NO_SIGNED_CHART	2fd715e0e2c47f99750173a14f1b0ac089600fb5d04fbbc89d936c886027b98b	8ac292f69d6186d3cd2e89393a7eef3e3e50db34214ac7d95e81c97563c0a076	H_APG_NOT_ELIGIBLE	e3b0c44298fc1c149afbf4c8996fb92427ae41e4649b934ca495991b7852b855	0000000000000000000000000000000000000000000000000000000000000000	false	false	false	false	SPLIT_U	-
5	U02-0000000002_S03-0000000005	U02-0000000002_S02-0000000002	2	2	3	5	8528f80fa5fc416802a951f083b5be5d4e87cc8a12c35cc005ff64e44b439e24	H_PG_CAPD_SET	e3b0c44298fc1c149afbf4c8996fb92427ae41e4649b934ca495991b7852b855	0000000000000000000000000000000000000000000000000000000000000000	H_APG_NOT_ELIGIBLE	e3b0c44298fc1c149afbf4c8996fb92427ae41e4649b934ca495991b7852b855	0000000000000000000000000000000000000000000000000000000000000000	false	false	false	false	SPLIT_U	-
5	U02-0000000002_S03-0000000006	U02-0000000002_S02-0000000003	2	2	3	6	8528f80fa5fc416802a951f083b5be5d4e87cc8a12c35cc005ff64e44b439e24	H_PG_CAPD_SET	e3b0c44298fc1c149afbf4c8996fb92427ae41e4649b934ca495991b7852b855	0000000000000000000000000000000000000000000000000000000000000000	H_APG_NOT_ELIGIBLE	e3b0c44298fc1c149afbf4c8996fb92427ae41e4649b934ca495991b7852b855	0000000000000000000000000000000000000000000000000000000000000000	false	false	false	false	SPLIT_U	-
5	U02-0000000002_S03-0000000007	U02-0000000002_S02-0000000003	2	2	3	7	8528f80fa5fc416802a951f083b5be5d4e87cc8a12c35cc005ff64e44b439e24	H_PG_CAPD_SET	e3b0c44298fc1c149afbf4c8996fb92427ae41e4649b934ca495991b7852b855	0000000000000000000000000000000000000000000000000000000000000000	H_APG_NOT_ELIGIBLE	e3b0c44298fc1c149afbf4c8996fb92427ae41e4649b934ca495991b7852b855	0000000000000000000000000000000000000000000000000000000000000000	false	false	false	false	SPLIT_U	-
5	U02-0000000003_S03-0000000000	U02-0000000003_S02-0000000000	2	3	3	0	8528f80fa5fc416802a951f083b5be5d4e87cc8a12c35cc005ff64e44b439e24	H_PG_CAPD_SET	e3b0c44298fc1c149afbf4c8996fb92427ae41e4649b934ca495991b7852b855	0000000000000000000000000000000000000000000000000000000000000000	H_APG_NOT_ELIGIBLE	e3b0c44298fc1c149afbf4c8996fb92427ae41e4649b934ca495991b7852b855	0000000000000000000000000000000000000000000000000000000000000000	false	false	false	false	SPLIT_U	-
5	U02-0000000003_S03-0000000001	U02-0000000003_S02-0000000000	2	3	3	1	8528f80fa5fc416802a951f083b5be5d4e87cc8a12c35cc005ff64e44b439e24	H_PG_CAPD_SET	e3b0c44298fc1c149afbf4c8996fb92427ae41e4649b934ca495991b7852b855	0000000000000000000000000000000000000000000000000000000000000000	H_APG_NOT_ELIGIBLE	e3b0c44298fc1c149afbf4c8996fb92427ae41e4649b934ca495991b7852b855	0000000000000000000000000000000000000000000000000000000000000000	false	false	false	false	SPLIT_U	-
5	U02-0000000003_S03-0000000002	U02-0000000003_S02-0000000001	2	3	3	2	8528f80fa5fc416802a951f083b5be5d4e87cc8a12c35cc005ff64e44b439e24	H_PG_CAPD_SET	e3b0c44298fc1c149afbf4c8996fb92427ae41e4649b934ca495991b7852b855	0000000000000000000000000000000000000000000000000000000000000000	H_APG_NOT_ELIGIBLE	e3b0c44298fc1c149afbf4c8996fb92427ae41e4649b934ca495991b7852b855	0000000000000000000000000000000000000000000000000000000000000000	false	false	false	false	SPLIT_U	-
5	U02-0000000003_S03-0000000003	U02-0000000003_S02-0000000001	2	3	3	3	8528f80fa5fc416802a951f083b5be5d4e87cc8a12c35cc005ff64e44b439e24	H_PG_CAPD_SET	e3b0c44298fc1c149afbf4c8996fb92427ae41e4649b934ca495991b7852b855	0000000000000000000000000000000000000000000000000000000000000000	H_APG_NOT_ELIGIBLE	e3b0c44298fc1c149afbf4c8996fb92427ae41e4649b934ca495991b7852b855	0000000000000000000000000000000000000000000000000000000000000000	false	false	false	false	SPLIT_U	-
5	U02-0000000003_S03-0000000004	U02-0000000003_S02-0000000002	2	3	3	4	8528f80fa5fc416802a951f083b5be5d4e87cc8a12c35cc005ff64e44b439e24	H_PG_CAPD_SET	e3b0c44298fc1c149afbf4c8996fb92427ae41e4649b934ca495991b7852b855	0000000000000000000000000000000000000000000000000000000000000000	H_APG_NOT_ELIGIBLE	e3b0c44298fc1c149afbf4c8996fb92427ae41e4649b934ca495991b7852b855	0000000000000000000000000000000000000000000000000000000000000000	false	false	false	false	SPLIT_U	-
5	U02-0000000003_S03-0000000005	U02-0000000003_S02-0000000002	2	3	3	5	8528f80fa5fc416802a951f083b5be5d4e87cc8a12c35cc005ff64e44b439e24	H_PG_INVALID_NO_SIGNED_CHART	6c837a3816263e74984862fb1e9b1d3704ea3e5ea2d75159978c52e803a255f6	9bdd77deb2543bb3564db82075aa91fc7ee1a5ddd3f9d8256b487c705e3efa4f	H_APG_NOT_ELIGIBLE	e3b0c44298fc1c149afbf4c8996fb92427ae41e4649b934ca495991b7852b855	0000000000000000000000000000000000000000000000000000000000000000	false	false	false	false	SPLIT_U	-
5	U02-0000000003_S03-0000000006	U02-0000000003_S02-0000000003	2	3	3	6	8528f80fa5fc416802a951f083b5be5d4e87cc8a12c35cc005ff64e44b439e24	H_PG_INVALID_NO_SIGNED_CHART	1e522528707197d92e73958ecec70396f0a46a9e5fd1feb8d0d93a5269b8a617	4a10bbdb06b29330f8ce216e6972b30b7eee69d46ee9f170481d2acc4c1b2711	H_APG_NOT_ELIGIBLE	e3b0c44298fc1c149afbf4c8996fb92427ae41e4649b934ca495991b7852b855	0000000000000000000000000000000000000000000000000000000000000000	false	false	false	false	SPLIT_U	-
5	U02-0000000003_S03-0000000007	U02-0000000003_S02-0000000003	2	3	3	7	8528f80fa5fc416802a951f083b5be5d4e87cc8a12c35cc005ff64e44b439e24	H_PG_CAPD_SET	e3b0c44298fc1c149afbf4c8996fb92427ae41e4649b934ca495991b7852b855	0000000000000000000000000000000000000000000000000000000000000000	H_APG_NOT_ELIGIBLE	e3b0c44298fc1c149afbf4c8996fb92427ae41e4649b934ca495991b7852b855	0000000000000000000000000000000000000000000000000000000000000000	false	false	false	false	SPLIT_U	-
6	U03-0000000000_S03-0000000000	U02-0000000000_S03-0000000000	3	0	3	0	39ce71092067996f07b42c1e74b6a681b668ada4e11f2d17d0745447d15c5754	H_PG_CAPD_SET	e3b0c44298fc1c149afbf4c8996fb92427ae41e4649b934ca495991b7852b855	0000000000000000000000000000000000000000000000000000000000000000	H_APG_NOT_ELIGIBLE	e3b0c44298fc1c149afbf4c8996fb92427ae41e4649b934ca495991b7852b855	0000000000000000000000000000000000000000000000000000000000000000	false	false	false	false	SPLIT_S	-
6	U03-0000000000_S03-0000000001	U02-0000000000_S03-0000000001	3	0	3	1	39ce71092067996f07b42c1e74b6a681b668ada4e11f2d17d0745447d15c5754	H_PG_INVALID_NO_SIGNED_CHART	68fc3da040474302765aa7075c7926380bc28f0199847a9907947c9164d7c320	917a3b7415ff8032c0bd81db4edddaeed77435c874abc47faf05f4db3784146c	H_APG_NOT_ELIGIBLE	e3b0c44298fc1c149afbf4c8996fb92427ae41e4649b934ca495991b7852b855	0000000000000000000000000000000000000000000000000000000000000000	false	false	false	false	SPLIT_S	-
6	U03-0000000000_S03-0000000002	U02-0000000000_S03-0000000002	3	0	3	2	39ce71092067996f07b42c1e74b6a681b668ada4e11f2d17d0745447d15c5754	H_PG_CAPD_SET	e3b0c44298fc1c149afbf4c8996fb92427ae41e4649b934ca495991b7852b855	0000000000000000000000000000000000000000000000000000000000000000	H_APG_NOT_ELIGIBLE	e3b0c44298fc1c149afbf4c8996fb92427ae41e4649b934ca495991b7852b855	0000000000000000000000000000000000000000000000000000000000000000	false	false	false	false	SPLIT_S	-
6	U03-0000000000_S03-0000000003	U02-0000000000_S03-0000000003	3	0	3	3	39ce71092067996f07b42c1e74b6a681b668ada4e11f2d17d0745447d15c5754	H_PG_CAPD_SET	e3b0c44298fc1c149afbf4c8996fb92427ae41e4649b934ca495991b7852b855	0000000000000000000000000000000000000000000000000000000000000000	H_APG_NOT_ELIGIBLE	e3b0c44298fc1c149afbf4c8996fb92427ae41e4649b934ca495991b7852b855	0000000000000000000000000000000000000000000000000000000000000000	false	false	false	false	SPLIT_S	-
6	U03-0000000000_S03-0000000004	U02-0000000000_S03-0000000004	3	0	3	4	39ce71092067996f07b42c1e74b6a681b668ada4e11f2d17d0745447d15c5754	H_PG_CAPD_SET	e3b0c44298fc1c149afbf4c8996fb92427ae41e4649b934ca495991b7852b855	0000000000000000000000000000000000000000000000000000000000000000	H_APG_NOT_ELIGIBLE	e3b0c44298fc1c149afbf4c8996fb92427ae41e4649b934ca495991b7852b855	0000000000000000000000000000000000000000000000000000000000000000	false	false	false	false	SPLIT_S	-
6	U03-0000000000_S03-0000000005	U02-0000000000_S03-0000000005	3	0	3	5	39ce71092067996f07b42c1e74b6a681b668ada4e11f2d17d0745447d15c5754	H_PG_CAPD_SET	e3b0c44298fc1c149afbf4c8996fb92427ae41e4649b934ca495991b7852b855	0000000000000000000000000000000000000000000000000000000000000000	H_APG_NOT_ELIGIBLE	e3b0c44298fc1c149afbf4c8996fb92427ae41e4649b934ca495991b7852b855	0000000000000000000000000000000000000000000000000000000000000000	false	false	false	false	SPLIT_S	-
6	U03-0000000000_S03-0000000006	U02-0000000000_S03-0000000006	3	0	3	6	39ce71092067996f07b42c1e74b6a681b668ada4e11f2d17d0745447d15c5754	H_PG_INVALID_NO_SIGNED_CHART	8eb0f6621cd29d9ed5221bc0b8d1dba9db61351361e9eec05857daf4ec443134	b5f4c5ca92b9d2b748f621817bd157b10a41d4285e74864c9c7449d513ed8a3c	H_APG_NOT_ELIGIBLE	e3b0c44298fc1c149afbf4c8996fb92427ae41e4649b934ca495991b7852b855	0000000000000000000000000000000000000000000000000000000000000000	false	false	false	false	SPLIT_S	-
6	U03-0000000000_S03-0000000007	U02-0000000000_S03-0000000007	3	0	3	7	39ce71092067996f07b42c1e74b6a681b668ada4e11f2d17d0745447d15c5754	H_PG_CAPD_SET	e3b0c44298fc1c149afbf4c8996fb92427ae41e4649b934ca495991b7852b855	0000000000000000000000000000000000000000000000000000000000000000	H_APG_NOT_ELIGIBLE	e3b0c44298fc1c149afbf4c8996fb92427ae41e4649b934ca495991b7852b855	0000000000000000000000000000000000000000000000000000000000000000	false	false	false	false	SPLIT_S	-
6	U03-0000000001_S03-0000000000	U02-0000000000_S03-0000000000	3	1	3	0	39ce71092067996f07b42c1e74b6a681b668ada4e11f2d17d0745447d15c5754	H_PG_CAPD_SET	e3b0c44298fc1c149afbf4c8996fb92427ae41e4649b934ca495991b7852b855	0000000000000000000000000000000000000000000000000000000000000000	H_APG_NOT_ELIGIBLE	e3b0c44298fc1c149afbf4c8996fb92427ae41e4649b934ca495991b7852b855	0000000000000000000000000000000000000000000000000000000000000000	false	false	false	false	SPLIT_S	-
6	U03-0000000001_S03-0000000001	U02-0000000000_S03-0000000001	3	1	3	1	39ce71092067996f07b42c1e74b6a681b668ada4e11f2d17d0745447d15c5754	H_PG_CAPD_SET	e3b0c44298fc1c149afbf4c8996fb92427ae41e4649b934ca495991b7852b855	0000000000000000000000000000000000000000000000000000000000000000	H_APG_NOT_ELIGIBLE	e3b0c44298fc1c149afbf4c8996fb92427ae41e4649b934ca495991b7852b855	0000000000000000000000000000000000000000000000000000000000000000	false	false	false	false	SPLIT_S	-
6	U03-0000000001_S03-0000000002	U02-0000000000_S03-0000000002	3	1	3	2	39ce71092067996f07b42c1e74b6a681b668ada4e11f2d17d0745447d15c5754	H_PG_INVALID_NO_SIGNED_CHART	f3947ad120d584b16db7ae11c610d55b415437071b1f2307a2736c62d349953f	4cb4a2a64079a47e80361b0556bd91532aef40339c46df3eead9aa49ec71ab26	H_APG_NOT_ELIGIBLE	e3b0c44298fc1c149afbf4c8996fb92427ae41e4649b934ca495991b7852b855	0000000000000000000000000000000000000000000000000000000000000000	false	false	false	false	SPLIT_S	-
6	U03-0000000001_S03-0000000003	U02-0000000000_S03-0000000003	3	1	3	3	39ce71092067996f07b42c1e74b6a681b668ada4e11f2d17d0745447d15c5754	H_PG_CAPD_SET	e3b0c44298fc1c149afbf4c8996fb92427ae41e4649b934ca495991b7852b855	0000000000000000000000000000000000000000000000000000000000000000	H_APG_NOT_ELIGIBLE	e3b0c44298fc1c149afbf4c8996fb92427ae41e4649b934ca495991b7852b855	0000000000000000000000000000000000000000000000000000000000000000	false	false	false	false	SPLIT_S	-
6	U03-0000000001_S03-0000000004	U02-0000000000_S03-0000000004	3	1	3	4	39ce71092067996f07b42c1e74b6a681b668ada4e11f2d17d0745447d15c5754	H_PG_CAPD_SET	e3b0c44298fc1c149afbf4c8996fb92427ae41e4649b934ca495991b7852b855	0000000000000000000000000000000000000000000000000000000000000000	H_APG_NOT_ELIGIBLE	e3b0c44298fc1c149afbf4c8996fb92427ae41e4649b934ca495991b7852b855	0000000000000000000000000000000000000000000000000000000000000000	false	false	false	false	SPLIT_S	-
6	U03-0000000001_S03-0000000005	U02-0000000000_S03-0000000005	3	1	3	5	39ce71092067996f07b42c1e74b6a681b668ada4e11f2d17d0745447d15c5754	H_PG_CAPD_SET	e3b0c44298fc1c149afbf4c8996fb92427ae41e4649b934ca495991b7852b855	0000000000000000000000000000000000000000000000000000000000000000	H_APG_NOT_ELIGIBLE	e3b0c44298fc1c149afbf4c8996fb92427ae41e4649b934ca495991b7852b855	0000000000000000000000000000000000000000000000000000000000000000	false	false	false	false	SPLIT_S	-
6	U03-0000000001_S03-0000000006	U02-0000000000_S03-0000000006	3	1	3	6	39ce71092067996f07b42c1e74b6a681b668ada4e11f2d17d0745447d15c5754	H_PG_CAPD_SET	e3b0c44298fc1c149afbf4c8996fb92427ae41e4649b934ca495991b7852b855	0000000000000000000000000000000000000000000000000000000000000000	H_APG_NOT_ELIGIBLE	e3b0c44298fc1c149afbf4c8996fb92427ae41e4649b934ca495991b7852b855	0000000000000000000000000000000000000000000000000000000000000000	false	false	false	false	SPLIT_S	-
6	U03-0000000001_S03-0000000007	U02-0000000000_S03-0000000007	3	1	3	7	39ce71092067996f07b42c1e74b6a681b668ada4e11f2d17d0745447d15c5754	H_PG_CAPD_SET	e3b0c44298fc1c149afbf4c8996fb92427ae41e4649b934ca495991b7852b855	0000000000000000000000000000000000000000000000000000000000000000	H_APG_NOT_ELIGIBLE	e3b0c44298fc1c149afbf4c8996fb92427ae41e4649b934ca495991b7852b855	0000000000000000000000000000000000000000000000000000000000000000	false	false	false	false	SPLIT_S	-
6	U03-0000000002_S03-0000000000	U02-0000000001_S03-0000000000	3	2	3	0	39ce71092067996f07b42c1e74b6a681b668ada4e11f2d17d0745447d15c5754	H_PG_CAPD_SET	e3b0c44298fc1c149afbf4c8996fb92427ae41e4649b934ca495991b7852b855	0000000000000000000000000000000000000000000000000000000000000000	H_APG_NOT_ELIGIBLE	e3b0c44298fc1c149afbf4c8996fb92427ae41e4649b934ca495991b7852b855	0000000000000000000000000000000000000000000000000000000000000000	false	false	false	false	SPLIT_S	-
6	U03-0000000002_S03-0000000001	U02-0000000001_S03-0000000001	3	2	3	1	39ce71092067996f07b42c1e74b6a681b668ada4e11f2d17d0745447d15c5754	H_PG_CAPD_SET	e3b0c44298fc1c149afbf4c8996fb92427ae41e4649b934ca495991b7852b855	0000000000000000000000000000000000000000000000000000000000000000	H_APG_NOT_ELIGIBLE	e3b0c44298fc1c149afbf4c8996fb92427ae41e4649b934ca495991b7852b855	0000000000000000000000000000000000000000000000000000000000000000	false	false	false	false	SPLIT_S	-
6	U03-0000000002_S03-0000000002	U02-0000000001_S03-0000000002	3	2	3	2	39ce71092067996f07b42c1e74b6a681b668ada4e11f2d17d0745447d15c5754	H_PG_CAPD_SET	e3b0c44298fc1c149afbf4c8996fb92427ae41e4649b934ca495991b7852b855	0000000000000000000000000000000000000000000000000000000000000000	H_APG_NOT_ELIGIBLE	e3b0c44298fc1c149afbf4c8996fb92427ae41e4649b934ca495991b7852b855	0000000000000000000000000000000000000000000000000000000000000000	false	false	false	false	SPLIT_S	-
6	U03-0000000002_S03-0000000003	U02-0000000001_S03-0000000003	3	2	3	3	39ce71092067996f07b42c1e74b6a681b668ada4e11f2d17d0745447d15c5754	H_PG_CAPD_SET	e3b0c44298fc1c149afbf4c8996fb92427ae41e4649b934ca495991b7852b855	0000000000000000000000000000000000000000000000000000000000000000	H_APG_NOT_ELIGIBLE	e3b0c44298fc1c149afbf4c8996fb92427ae41e4649b934ca495991b7852b855	0000000000000000000000000000000000000000000000000000000000000000	false	false	false	false	SPLIT_S	-
6	U03-0000000002_S03-0000000004	U02-0000000001_S03-0000000004	3	2	3	4	39ce71092067996f07b42c1e74b6a681b668ada4e11f2d17d0745447d15c5754	H_PG_CAPD_SET	e3b0c44298fc1c149afbf4c8996fb92427ae41e4649b934ca495991b7852b855	0000000000000000000000000000000000000000000000000000000000000000	H_APG_NOT_ELIGIBLE	e3b0c44298fc1c149afbf4c8996fb92427ae41e4649b934ca495991b7852b855	0000000000000000000000000000000000000000000000000000000000000000	false	false	false	false	SPLIT_S	-
6	U03-0000000002_S03-0000000005	U02-0000000001_S03-0000000005	3	2	3	5	39ce71092067996f07b42c1e74b6a681b668ada4e11f2d17d0745447d15c5754	H_PG_CAPD_SET	e3b0c44298fc1c149afbf4c8996fb92427ae41e4649b934ca495991b7852b855	0000000000000000000000000000000000000000000000000000000000000000	H_APG_NOT_ELIGIBLE	e3b0c44298fc1c149afbf4c8996fb92427ae41e4649b934ca495991b7852b855	0000000000000000000000000000000000000000000000000000000000000000	false	false	false	false	SPLIT_S	-
6	U03-0000000002_S03-0000000006	U02-0000000001_S03-0000000006	3	2	3	6	39ce71092067996f07b42c1e74b6a681b668ada4e11f2d17d0745447d15c5754	H_PG_CAPD_SET	e3b0c44298fc1c149afbf4c8996fb92427ae41e4649b934ca495991b7852b855	0000000000000000000000000000000000000000000000000000000000000000	H_APG_NOT_ELIGIBLE	e3b0c44298fc1c149afbf4c8996fb92427ae41e4649b934ca495991b7852b855	0000000000000000000000000000000000000000000000000000000000000000	false	false	false	false	SPLIT_S	-
6	U03-0000000002_S03-0000000007	U02-0000000001_S03-0000000007	3	2	3	7	39ce71092067996f07b42c1e74b6a681b668ada4e11f2d17d0745447d15c5754	H_PG_INVALID_NO_SIGNED_CHART	41b42c4e3889d85fb22cbb28c38a1b0cdf0fd67e1075758235731bc243c87fcc	94237b786e3db04cbd30165e148030b529549d599353737564ca053173c65da3	H_APG_NOT_ELIGIBLE	e3b0c44298fc1c149afbf4c8996fb92427ae41e4649b934ca495991b7852b855	0000000000000000000000000000000000000000000000000000000000000000	false	false	false	false	SPLIT_S	-
6	U03-0000000003_S03-0000000000	U02-0000000001_S03-0000000000	3	3	3	0	39ce71092067996f07b42c1e74b6a681b668ada4e11f2d17d0745447d15c5754	H_PG_CAPD_SET	e3b0c44298fc1c149afbf4c8996fb92427ae41e4649b934ca495991b7852b855	0000000000000000000000000000000000000000000000000000000000000000	H_APG_NOT_ELIGIBLE	e3b0c44298fc1c149afbf4c8996fb92427ae41e4649b934ca495991b7852b855	0000000000000000000000000000000000000000000000000000000000000000	false	false	false	false	SPLIT_S	-
6	U03-0000000003_S03-0000000001	U02-0000000001_S03-0000000001	3	3	3	1	39ce71092067996f07b42c1e74b6a681b668ada4e11f2d17d0745447d15c5754	H_PG_CAPD_SET	e3b0c44298fc1c149afbf4c8996fb92427ae41e4649b934ca495991b7852b855	0000000000000000000000000000000000000000000000000000000000000000	H_APG_NOT_ELIGIBLE	e3b0c44298fc1c149afbf4c8996fb92427ae41e4649b934ca495991b7852b855	0000000000000000000000000000000000000000000000000000000000000000	false	false	false	false	SPLIT_S	-
6	U03-0000000003_S03-0000000002	U02-0000000001_S03-0000000002	3	3	3	2	39ce71092067996f07b42c1e74b6a681b668ada4e11f2d17d0745447d15c5754	H_PG_CAPD_SET	e3b0c44298fc1c149afbf4c8996fb92427ae41e4649b934ca495991b7852b855	0000000000000000000000000000000000000000000000000000000000000000	H_APG_NOT_ELIGIBLE	e3b0c44298fc1c149afbf4c8996fb92427ae41e4649b934ca495991b7852b855	0000000000000000000000000000000000000000000000000000000000000000	false	false	false	false	SPLIT_S	-
6	U03-0000000003_S03-0000000003	U02-0000000001_S03-0000000003	3	3	3	3	39ce71092067996f07b42c1e74b6a681b668ada4e11f2d17d0745447d15c5754	H_PG_CAPD_SET	e3b0c44298fc1c149afbf4c8996fb92427ae41e4649b934ca495991b7852b855	0000000000000000000000000000000000000000000000000000000000000000	H_APG_NOT_ELIGIBLE	e3b0c44298fc1c149afbf4c8996fb92427ae41e4649b934ca495991b7852b855	0000000000000000000000000000000000000000000000000000000000000000	false	false	false	false	SPLIT_S	-
6	U03-0000000003_S03-0000000004	U02-0000000001_S03-0000000004	3	3	3	4	39ce71092067996f07b42c1e74b6a681b668ada4e11f2d17d0745447d15c5754	H_PG_CAPD_SET	e3b0c44298fc1c149afbf4c8996fb92427ae41e4649b934ca495991b7852b855	0000000000000000000000000000000000000000000000000000000000000000	H_APG_NOT_ELIGIBLE	e3b0c44298fc1c149afbf4c8996fb92427ae41e4649b934ca495991b7852b855	0000000000000000000000000000000000000000000000000000000000000000	false	false	false	false	SPLIT_S	-
6	U03-0000000003_S03-0000000005	U02-0000000001_S03-0000000005	3	3	3	5	39ce71092067996f07b42c1e74b6a681b668ada4e11f2d17d0745447d15c5754	H_PG_CAPD_SET	e3b0c44298fc1c149afbf4c8996fb92427ae41e4649b934ca495991b7852b855	0000000000000000000000000000000000000000000000000000000000000000	H_APG_NOT_ELIGIBLE	e3b0c44298fc1c149afbf4c8996fb92427ae41e4649b934ca495991b7852b855	0000000000000000000000000000000000000000000000000000000000000000	false	false	false	false	SPLIT_S	-
6	U03-0000000003_S03-0000000006	U02-0000000001_S03-0000000006	3	3	3	6	39ce71092067996f07b42c1e74b6a681b668ada4e11f2d17d0745447d15c5754	H_PG_CAPD_SET	e3b0c44298fc1c149afbf4c8996fb92427ae41e4649b934ca495991b7852b855	0000000000000000000000000000000000000000000000000000000000000000	H_APG_NOT_ELIGIBLE	e3b0c44298fc1c149afbf4c8996fb92427ae41e4649b934ca495991b7852b855	0000000000000000000000000000000000000000000000000000000000000000	false	false	false	false	SPLIT_S	-
6	U03-0000000003_S03-0000000007	U02-0000000001_S03-0000000007	3	3	3	7	39ce71092067996f07b42c1e74b6a681b668ada4e11f2d17d0745447d15c5754	H_PG_CAPD_SET	e3b0c44298fc1c149afbf4c8996fb92427ae41e4649b934ca495991b7852b855	0000000000000000000000000000000000000000000000000000000000000000	H_APG_NOT_ELIGIBLE	e3b0c44298fc1c149afbf4c8996fb92427ae41e4649b934ca495991b7852b855	0000000000000000000000000000000000000000000000000000000000000000	false	false	false	false	SPLIT_S	-
6	U03-0000000004_S03-0000000000	U02-0000000002_S03-0000000000	3	4	3	0	39ce71092067996f07b42c1e74b6a681b668ada4e11f2d17d0745447d15c5754	H_PG_CAPD_SET	e3b0c44298fc1c149afbf4c8996fb92427ae41e4649b934ca495991b7852b855	0000000000000000000000000000000000000000000000000000000000000000	H_APG_NOT_ELIGIBLE	e3b0c44298fc1c149afbf4c8996fb92427ae41e4649b934ca495991b7852b855	0000000000000000000000000000000000000000000000000000000000000000	false	false	false	false	SPLIT_S	-
6	U03-0000000004_S03-0000000001	U02-0000000002_S03-0000000001	3	4	3	1	39ce71092067996f07b42c1e74b6a681b668ada4e11f2d17d0745447d15c5754	H_PG_CAPD_SET	e3b0c44298fc1c149afbf4c8996fb92427ae41e4649b934ca495991b7852b855	0000000000000000000000000000000000000000000000000000000000000000	H_APG_NOT_ELIGIBLE	e3b0c44298fc1c149afbf4c8996fb92427ae41e4649b934ca495991b7852b855	0000000000000000000000000000000000000000000000000000000000000000	false	false	false	false	SPLIT_S	-
6	U03-0000000004_S03-0000000002	U02-0000000002_S03-0000000002	3	4	3	2	39ce71092067996f07b42c1e74b6a681b668ada4e11f2d17d0745447d15c5754	H_PG_CAPD_SET	e3b0c44298fc1c149afbf4c8996fb92427ae41e4649b934ca495991b7852b855	0000000000000000000000000000000000000000000000000000000000000000	H_APG_NOT_ELIGIBLE	e3b0c44298fc1c149afbf4c8996fb92427ae41e4649b934ca495991b7852b855	0000000000000000000000000000000000000000000000000000000000000000	false	false	false	false	SPLIT_S	-
6	U03-0000000004_S03-0000000003	U02-0000000002_S03-0000000003	3	4	3	3	39ce71092067996f07b42c1e74b6a681b668ada4e11f2d17d0745447d15c5754	H_PG_CAPD_SET	e3b0c44298fc1c149afbf4c8996fb92427ae41e4649b934ca495991b7852b855	0000000000000000000000000000000000000000000000000000000000000000	H_APG_NOT_ELIGIBLE	e3b0c44298fc1c149afbf4c8996fb92427ae41e4649b934ca495991b7852b855	0000000000000000000000000000000000000000000000000000000000000000	false	false	false	false	SPLIT_S	-
6	U03-0000000004_S03-0000000004	U02-0000000002_S03-0000000004	3	4	3	4	39ce71092067996f07b42c1e74b6a681b668ada4e11f2d17d0745447d15c5754	H_PG_INVALID_NO_SIGNED_CHART	c3c384842316f5c6d93f2eb7af89c3a0f44d976d754117f0f70712c82a73bdea	8bb3c9b0e0b9991f0cf893e8c4cb97bd0edeb567126330cd817ad6c281c857b5	H_APG_NOT_ELIGIBLE	e3b0c44298fc1c149afbf4c8996fb92427ae41e4649b934ca495991b7852b855	0000000000000000000000000000000000000000000000000000000000000000	false	false	false	false	SPLIT_S	-
6	U03-0000000004_S03-0000000005	U02-0000000002_S03-0000000005	3	4	3	5	39ce71092067996f07b42c1e74b6a681b668ada4e11f2d17d0745447d15c5754	H_PG_INVALID_NO_SIGNED_CHART	8b21968fb1eeae82b7100d473d6a0f07197b7764733befb25d8415ed86260f00	1c037f2febd113a163aefcbf8192056cd464e438444e352a30964721a66a1f7f	H_APG_NOT_ELIGIBLE	e3b0c44298fc1c149afbf4c8996fb92427ae41e4649b934ca495991b7852b855	0000000000000000000000000000000000000000000000000000000000000000	false	false	false	false	SPLIT_S	-
6	U03-0000000004_S03-0000000006	U02-0000000002_S03-0000000006	3	4	3	6	39ce71092067996f07b42c1e74b6a681b668ada4e11f2d17d0745447d15c5754	H_PG_CAPD_SET	e3b0c44298fc1c149afbf4c8996fb92427ae41e4649b934ca495991b7852b855	0000000000000000000000000000000000000000000000000000000000000000	H_APG_NOT_ELIGIBLE	e3b0c44298fc1c149afbf4c8996fb92427ae41e4649b934ca495991b7852b855	0000000000000000000000000000000000000000000000000000000000000000	false	false	false	false	SPLIT_S	-
6	U03-0000000004_S03-0000000007	U02-0000000002_S03-0000000007	3	4	3	7	39ce71092067996f07b42c1e74b6a681b668ada4e11f2d17d0745447d15c5754	H_PG_CAPD_SET	e3b0c44298fc1c149afbf4c8996fb92427ae41e4649b934ca495991b7852b855	0000000000000000000000000000000000000000000000000000000000000000	H_APG_NOT_ELIGIBLE	e3b0c44298fc1c149afbf4c8996fb92427ae41e4649b934ca495991b7852b855	0000000000000000000000000000000000000000000000000000000000000000	false	false	false	false	SPLIT_S	-
6	U03-0000000005_S03-0000000000	U02-0000000002_S03-0000000000	3	5	3	0	39ce71092067996f07b42c1e74b6a681b668ada4e11f2d17d0745447d15c5754	H_PG_INVALID_NO_SIGNED_CHART	77460ef4fe08574eab5db18bed3795909b3467e557119c79572d727b0d68578d	44cd3ae72b8ae9e1e828b9999a43160a752b3c3ac0a104d3d7b5b51b45842dfa	H_APG_NOT_ELIGIBLE	e3b0c44298fc1c149afbf4c8996fb92427ae41e4649b934ca495991b7852b855	0000000000000000000000000000000000000000000000000000000000000000	false	false	false	false	SPLIT_S	-
6	U03-0000000005_S03-0000000001	U02-0000000002_S03-0000000001	3	5	3	1	39ce71092067996f07b42c1e74b6a681b668ada4e11f2d17d0745447d15c5754	H_PG_CAPD_SET	e3b0c44298fc1c149afbf4c8996fb92427ae41e4649b934ca495991b7852b855	0000000000000000000000000000000000000000000000000000000000000000	H_APG_NOT_ELIGIBLE	e3b0c44298fc1c149afbf4c8996fb92427ae41e4649b934ca495991b7852b855	0000000000000000000000000000000000000000000000000000000000000000	false	false	false	false	SPLIT_S	-
6	U03-0000000005_S03-0000000002	U02-0000000002_S03-0000000002	3	5	3	2	39ce71092067996f07b42c1e74b6a681b668ada4e11f2d17d0745447d15c5754	H_PG_CAPD_SET	e3b0c44298fc1c149afbf4c8996fb92427ae41e4649b934ca495991b7852b855	0000000000000000000000000000000000000000000000000000000000000000	H_APG_NOT_ELIGIBLE	e3b0c44298fc1c149afbf4c8996fb92427ae41e4649b934ca495991b7852b855	0000000000000000000000000000000000000000000000000000000000000000	false	false	false	false	SPLIT_S	-
6	U03-0000000005_S03-0000000003	U02-0000000002_S03-0000000003	3	5	3	3	39ce71092067996f07b42c1e74b6a681b668ada4e11f2d17d0745447d15c5754	H_PG_CAPD_SET	e3b0c44298fc1c149afbf4c8996fb92427ae41e4649b934ca495991b7852b855	0000000000000000000000000000000000000000000000000000000000000000	H_APG_NOT_ELIGIBLE	e3b0c44298fc1c149afbf4c8996fb92427ae41e4649b934ca495991b7852b855	0000000000000000000000000000000000000000000000000000000000000000	false	false	false	false	SPLIT_S	-
6	U03-0000000005_S03-0000000004	U02-0000000002_S03-0000000004	3	5	3	4	39ce71092067996f07b42c1e74b6a681b668ada4e11f2d17d0745447d15c5754	H_PG_INVALID_NO_SIGNED_CHART	09eb28891a20d315bacd503571cbd665736a35b065e53473a29c2f52c9262eaa	14d376f6fd0e7db3b2ac1944c8ec4ac571533f17efb4e507acd3353d4b5d6710	H_APG_NOT_ELIGIBLE	e3b0c44298fc1c149afbf4c8996fb92427ae41e4649b934ca495991b7852b855	0000000000000000000000000000000000000000000000000000000000000000	false	false	false	false	SPLIT_S	-
6	U03-0000000005_S03-0000000005	U02-0000000002_S03-0000000005	3	5	3	5	39ce71092067996f07b42c1e74b6a681b668ada4e11f2d17d0745447d15c5754	H_PG_INVALID_NO_SIGNED_CHART	ad992b7c2a597bc5842340bf1bc618cfd850c57a3aba585f700d8278dd777dc0	733e39b935d63979c4cdeef806d8b312a52f541c5aa5c9d33502d95514373c3b	H_APG_NOT_ELIGIBLE	e3b0c44298fc1c149afbf4c8996fb92427ae41e4649b934ca495991b7852b855	0000000000000000000000000000000000000000000000000000000000000000	false	false	false	false	SPLIT_S	-
6	U03-0000000005_S03-0000000006	U02-0000000002_S03-0000000006	3	5	3	6	39ce71092067996f07b42c1e74b6a681b668ada4e11f2d17d0745447d15c5754	H_PG_CAPD_SET	e3b0c44298fc1c149afbf4c8996fb92427ae41e4649b934ca495991b7852b855	0000000000000000000000000000000000000000000000000000000000000000	H_APG_NOT_ELIGIBLE	e3b0c44298fc1c149afbf4c8996fb92427ae41e4649b934ca495991b7852b855	0000000000000000000000000000000000000000000000000000000000000000	false	false	false	false	SPLIT_S	-
6	U03-0000000005_S03-0000000007	U02-0000000002_S03-0000000007	3	5	3	7	39ce71092067996f07b42c1e74b6a681b668ada4e11f2d17d0745447d15c5754	H_PG_CAPD_SET	e3b0c44298fc1c149afbf4c8996fb92427ae41e4649b934ca495991b7852b855	0000000000000000000000000000000000000000000000000000000000000000	H_APG_NOT_ELIGIBLE	e3b0c44298fc1c149afbf4c8996fb92427ae41e4649b934ca495991b7852b855	0000000000000000000000000000000000000000000000000000000000000000	false	false	false	false	SPLIT_S	-
6	U03-0000000006_S03-0000000000	U02-0000000003_S03-0000000000	3	6	3	0	39ce71092067996f07b42c1e74b6a681b668ada4e11f2d17d0745447d15c5754	H_PG_INVALID_NO_SIGNED_CHART	4245d537965d98b20cb13c0ac6d89ad63afa729add3e5dd254099d5b79c918ad	01aeb465a445efba84ff8dd7aec4e1f1846ef89ebba372680292472dc45e8111	H_APG_NOT_ELIGIBLE	e3b0c44298fc1c149afbf4c8996fb92427ae41e4649b934ca495991b7852b855	0000000000000000000000000000000000000000000000000000000000000000	false	false	false	false	SPLIT_S	-
6	U03-0000000006_S03-0000000001	U02-0000000003_S03-0000000001	3	6	3	1	39ce71092067996f07b42c1e74b6a681b668ada4e11f2d17d0745447d15c5754	H_PG_CAPD_SET	e3b0c44298fc1c149afbf4c8996fb92427ae41e4649b934ca495991b7852b855	0000000000000000000000000000000000000000000000000000000000000000	H_APG_NOT_ELIGIBLE	e3b0c44298fc1c149afbf4c8996fb92427ae41e4649b934ca495991b7852b855	0000000000000000000000000000000000000000000000000000000000000000	false	false	false	false	SPLIT_S	-
6	U03-0000000006_S03-0000000002	U02-0000000003_S03-0000000002	3	6	3	2	39ce71092067996f07b42c1e74b6a681b668ada4e11f2d17d0745447d15c5754	H_PG_CAPD_SET	e3b0c44298fc1c149afbf4c8996fb92427ae41e4649b934ca495991b7852b855	0000000000000000000000000000000000000000000000000000000000000000	H_APG_NOT_ELIGIBLE	e3b0c44298fc1c149afbf4c8996fb92427ae41e4649b934ca495991b7852b855	0000000000000000000000000000000000000000000000000000000000000000	false	false	false	false	SPLIT_S	-
6	U03-0000000006_S03-0000000003	U02-0000000003_S03-0000000003	3	6	3	3	39ce71092067996f07b42c1e74b6a681b668ada4e11f2d17d0745447d15c5754	H_PG_CAPD_SET	e3b0c44298fc1c149afbf4c8996fb92427ae41e4649b934ca495991b7852b855	0000000000000000000000000000000000000000000000000000000000000000	H_APG_NOT_ELIGIBLE	e3b0c44298fc1c149afbf4c8996fb92427ae41e4649b934ca495991b7852b855	0000000000000000000000000000000000000000000000000000000000000000	false	false	false	false	SPLIT_S	-
6	U03-0000000006_S03-0000000004	U02-0000000003_S03-0000000004	3	6	3	4	39ce71092067996f07b42c1e74b6a681b668ada4e11f2d17d0745447d15c5754	H_PG_INVALID_NO_SIGNED_CHART	55681ff38bd01da3a21ca22c4d89fde1141ba06abfa00f31ba8357096f569abd	d9184e1ed822c0b7e0e3a02760b0f21c91fedd900a689df0acd9ceb647887319	H_APG_NOT_ELIGIBLE	e3b0c44298fc1c149afbf4c8996fb92427ae41e4649b934ca495991b7852b855	0000000000000000000000000000000000000000000000000000000000000000	false	false	false	false	SPLIT_S	-
6	U03-0000000006_S03-0000000005	U02-0000000003_S03-0000000005	3	6	3	5	39ce71092067996f07b42c1e74b6a681b668ada4e11f2d17d0745447d15c5754	H_PG_INVALID_NO_SIGNED_CHART	7ca9ebd0e6df238271cc9ae83430e744a298c8072e5771efd5b2fd76274a65f7	537f56557adf067dd75c2bd9d50e36a43718f21e3a6b50dd35c3312ca09de208	H_APG_NOT_ELIGIBLE	e3b0c44298fc1c149afbf4c8996fb92427ae41e4649b934ca495991b7852b855	0000000000000000000000000000000000000000000000000000000000000000	false	false	false	false	SPLIT_S	-
6	U03-0000000006_S03-0000000006	U02-0000000003_S03-0000000006	3	6	3	6	39ce71092067996f07b42c1e74b6a681b668ada4e11f2d17d0745447d15c5754	H_PG_INVALID_NO_SIGNED_CHART	64678f9b1cf41b90b13f705fc751e299f89d5c34b1a547d9dc9f4b6246dc98ef	73dc6d83e4f75e630671c73be5cc33e988040080d208b5d87993b70bab613628	H_APG_NOT_ELIGIBLE	e3b0c44298fc1c149afbf4c8996fb92427ae41e4649b934ca495991b7852b855	0000000000000000000000000000000000000000000000000000000000000000	false	false	false	false	SPLIT_S	-
6	U03-0000000006_S03-0000000007	U02-0000000003_S03-0000000007	3	6	3	7	39ce71092067996f07b42c1e74b6a681b668ada4e11f2d17d0745447d15c5754	H_PG_CAPD_SET	e3b0c44298fc1c149afbf4c8996fb92427ae41e4649b934ca495991b7852b855	0000000000000000000000000000000000000000000000000000000000000000	H_APG_NOT_ELIGIBLE	e3b0c44298fc1c149afbf4c8996fb92427ae41e4649b934ca495991b7852b855	0000000000000000000000000000000000000000000000000000000000000000	false	false	false	false	SPLIT_S	-
6	U03-0000000007_S03-0000000000	U02-0000000003_S03-0000000000	3	7	3	0	39ce71092067996f07b42c1e74b6a681b668ada4e11f2d17d0745447d15c5754	H_PG_INVALID_NO_SIGNED_CHART	493ee2c5ae4874cd3b7fa0d6c4484ea09be89e3fa9520c4dada773b513c50c46	fcd95712b3f318687a35b3d3d3084999db106cc0c65ee9d8902f2b51eed92bba	H_APG_NOT_ELIGIBLE	e3b0c44298fc1c149afbf4c8996fb92427ae41e4649b934ca495991b7852b855	0000000000000000000000000000000000000000000000000000000000000000	false	false	false	false	SPLIT_S	-
6	U03-0000000007_S03-0000000001	U02-0000000003_S03-0000000001	3	7	3	1	39ce71092067996f07b42c1e74b6a681b668ada4e11f2d17d0745447d15c5754	H_PG_INVALID_NO_SIGNED_CHART	38eb4af217f7ce964edd006774def662b18c9989295e939d74af7cce8ae2e8da	7e91b9a73d02ea0cf4373388566c8655c35ee0f4f302f36cf198194cae8ebff7	H_APG_NOT_ELIGIBLE	e3b0c44298fc1c149afbf4c8996fb92427ae41e4649b934ca495991b7852b855	0000000000000000000000000000000000000000000000000000000000000000	false	false	false	false	SPLIT_S	-
6	U03-0000000007_S03-0000000002	U02-0000000003_S03-0000000002	3	7	3	2	39ce71092067996f07b42c1e74b6a681b668ada4e11f2d17d0745447d15c5754	H_PG_CAPD_SET	e3b0c44298fc1c149afbf4c8996fb92427ae41e4649b934ca495991b7852b855	0000000000000000000000000000000000000000000000000000000000000000	H_APG_NOT_ELIGIBLE	e3b0c44298fc1c149afbf4c8996fb92427ae41e4649b934ca495991b7852b855	0000000000000000000000000000000000000000000000000000000000000000	false	false	false	false	SPLIT_S	-
6	U03-0000000007_S03-0000000003	U02-0000000003_S03-0000000003	3	7	3	3	39ce71092067996f07b42c1e74b6a681b668ada4e11f2d17d0745447d15c5754	H_PG_CAPD_SET	e3b0c44298fc1c149afbf4c8996fb92427ae41e4649b934ca495991b7852b855	0000000000000000000000000000000000000000000000000000000000000000	H_APG_NOT_ELIGIBLE	e3b0c44298fc1c149afbf4c8996fb92427ae41e4649b934ca495991b7852b855	0000000000000000000000000000000000000000000000000000000000000000	false	false	false	false	SPLIT_S	-
6	U03-0000000007_S03-0000000004	U02-0000000003_S03-0000000004	3	7	3	4	39ce71092067996f07b42c1e74b6a681b668ada4e11f2d17d0745447d15c5754	H_PG_CAPD_SET	e3b0c44298fc1c149afbf4c8996fb92427ae41e4649b934ca495991b7852b855	0000000000000000000000000000000000000000000000000000000000000000	H_APG_NOT_ELIGIBLE	e3b0c44298fc1c149afbf4c8996fb92427ae41e4649b934ca495991b7852b855	0000000000000000000000000000000000000000000000000000000000000000	false	false	false	false	SPLIT_S	-
6	U03-0000000007_S03-0000000005	U02-0000000003_S03-0000000005	3	7	3	5	39ce71092067996f07b42c1e74b6a681b668ada4e11f2d17d0745447d15c5754	H_PG_INVALID_NO_SIGNED_CHART	9da428d64f8b69e6de390f7204d500ce87abb7c0ceb502fc353ae0e5065a86f7	e9e4750bd68ab61fe1a4a9c2249437858d83ae10f1141de19b398a8e6755398c	H_APG_NOT_ELIGIBLE	e3b0c44298fc1c149afbf4c8996fb92427ae41e4649b934ca495991b7852b855	0000000000000000000000000000000000000000000000000000000000000000	false	false	false	false	SPLIT_S	-
6	U03-0000000007_S03-0000000006	U02-0000000003_S03-0000000006	3	7	3	6	39ce71092067996f07b42c1e74b6a681b668ada4e11f2d17d0745447d15c5754	H_PG_INVALID_NO_SIGNED_CHART	0f740985355830f40fba0c2cba0e63f1d0a3c063b966f4916bbae0f4b28a8a75	fa8299eee85357a37ae375aeced46c62a0f9062b51204a65b338b910f5ea216e	H_APG_NOT_ELIGIBLE	e3b0c44298fc1c149afbf4c8996fb92427ae41e4649b934ca495991b7852b855	0000000000000000000000000000000000000000000000000000000000000000	false	false	false	false	SPLIT_S	-
6	U03-0000000007_S03-0000000007	U02-0000000003_S03-0000000007	3	7	3	7	39ce71092067996f07b42c1e74b6a681b668ada4e11f2d17d0745447d15c5754	H_PG_CAPD_SET	e3b0c44298fc1c149afbf4c8996fb92427ae41e4649b934ca495991b7852b855	0000000000000000000000000000000000000000000000000000000000000000	H_APG_NOT_ELIGIBLE	e3b0c44298fc1c149afbf4c8996fb92427ae41e4649b934ca495991b7852b855	0000000000000000000000000000000000000000000000000000000000000000	false	false	false	false	SPLIT_S	-
7	U03-0000000000_S04-0000000000	U03-0000000000_S03-0000000000	3	0	4	0	8e1763d7fc2bff61bca0761f7eefb47f9db9d0bf582b1dc2ae82e2f518b2bd1c	H_PG_CAPD_SET	e3b0c44298fc1c149afbf4c8996fb92427ae41e4649b934ca495991b7852b855	0000000000000000000000000000000000000000000000000000000000000000	H_APG_NOT_ELIGIBLE	e3b0c44298fc1c149afbf4c8996fb92427ae41e4649b934ca495991b7852b855	0000000000000000000000000000000000000000000000000000000000000000	false	false	false	false	UNRESOLVED	WAVE_LIMIT
7	U03-0000000000_S04-0000000001	U03-0000000000_S03-0000000000	3	0	4	1	8e1763d7fc2bff61bca0761f7eefb47f9db9d0bf582b1dc2ae82e2f518b2bd1c	H_PG_CAPD_SET	e3b0c44298fc1c149afbf4c8996fb92427ae41e4649b934ca495991b7852b855	0000000000000000000000000000000000000000000000000000000000000000	H_APG_NOT_ELIGIBLE	e3b0c44298fc1c149afbf4c8996fb92427ae41e4649b934ca495991b7852b855	0000000000000000000000000000000000000000000000000000000000000000	false	false	false	false	UNRESOLVED	WAVE_LIMIT
7	U03-0000000000_S04-0000000002	U03-0000000000_S03-0000000001	3	0	4	2	8e1763d7fc2bff61bca0761f7eefb47f9db9d0bf582b1dc2ae82e2f518b2bd1c	H_PG_CAPD_SET	e3b0c44298fc1c149afbf4c8996fb92427ae41e4649b934ca495991b7852b855	0000000000000000000000000000000000000000000000000000000000000000	H_APG_NOT_ELIGIBLE	e3b0c44298fc1c149afbf4c8996fb92427ae41e4649b934ca495991b7852b855	0000000000000000000000000000000000000000000000000000000000000000	false	false	false	false	UNRESOLVED	WAVE_LIMIT
7	U03-0000000000_S04-0000000003	U03-0000000000_S03-0000000001	3	0	4	3	8e1763d7fc2bff61bca0761f7eefb47f9db9d0bf582b1dc2ae82e2f518b2bd1c	H_PG_CAPD_SET	e3b0c44298fc1c149afbf4c8996fb92427ae41e4649b934ca495991b7852b855	0000000000000000000000000000000000000000000000000000000000000000	H_APG_NOT_ELIGIBLE	e3b0c44298fc1c149afbf4c8996fb92427ae41e4649b934ca495991b7852b855	0000000000000000000000000000000000000000000000000000000000000000	false	false	false	false	UNRESOLVED	WAVE_LIMIT
7	U03-0000000000_S04-0000000004	U03-0000000000_S03-0000000002	3	0	4	4	8e1763d7fc2bff61bca0761f7eefb47f9db9d0bf582b1dc2ae82e2f518b2bd1c	H_PG_CAPD_SET	e3b0c44298fc1c149afbf4c8996fb92427ae41e4649b934ca495991b7852b855	0000000000000000000000000000000000000000000000000000000000000000	H_APG_NOT_ELIGIBLE	e3b0c44298fc1c149afbf4c8996fb92427ae41e4649b934ca495991b7852b855	0000000000000000000000000000000000000000000000000000000000000000	false	false	false	false	UNRESOLVED	WAVE_LIMIT
7	U03-0000000000_S04-0000000005	U03-0000000000_S03-0000000002	3	0	4	5	8e1763d7fc2bff61bca0761f7eefb47f9db9d0bf582b1dc2ae82e2f518b2bd1c	H_PG_CAPD_SET	e3b0c44298fc1c149afbf4c8996fb92427ae41e4649b934ca495991b7852b855	0000000000000000000000000000000000000000000000000000000000000000	H_APG_NOT_ELIGIBLE	e3b0c44298fc1c149afbf4c8996fb92427ae41e4649b934ca495991b7852b855	0000000000000000000000000000000000000000000000000000000000000000	false	false	false	false	UNRESOLVED	WAVE_LIMIT
7	U03-0000000000_S04-0000000006	U03-0000000000_S03-0000000003	3	0	4	6	8e1763d7fc2bff61bca0761f7eefb47f9db9d0bf582b1dc2ae82e2f518b2bd1c	H_PG_CAPD_SET	e3b0c44298fc1c149afbf4c8996fb92427ae41e4649b934ca495991b7852b855	0000000000000000000000000000000000000000000000000000000000000000	H_APG_NOT_ELIGIBLE	e3b0c44298fc1c149afbf4c8996fb92427ae41e4649b934ca495991b7852b855	0000000000000000000000000000000000000000000000000000000000000000	false	false	false	false	UNRESOLVED	WAVE_LIMIT
7	U03-0000000000_S04-0000000007	U03-0000000000_S03-0000000003	3	0	4	7	8e1763d7fc2bff61bca0761f7eefb47f9db9d0bf582b1dc2ae82e2f518b2bd1c	H_PG_CAPD_SET	e3b0c44298fc1c149afbf4c8996fb92427ae41e4649b934ca495991b7852b855	0000000000000000000000000000000000000000000000000000000000000000	H_APG_NOT_ELIGIBLE	e3b0c44298fc1c149afbf4c8996fb92427ae41e4649b934ca495991b7852b855	0000000000000000000000000000000000000000000000000000000000000000	false	false	false	false	UNRESOLVED	WAVE_LIMIT
7	U03-0000000000_S04-0000000008	U03-0000000000_S03-0000000004	3	0	4	8	8e1763d7fc2bff61bca0761f7eefb47f9db9d0bf582b1dc2ae82e2f518b2bd1c	H_PG_CAPD_SET	e3b0c44298fc1c149afbf4c8996fb92427ae41e4649b934ca495991b7852b855	0000000000000000000000000000000000000000000000000000000000000000	H_APG_NOT_ELIGIBLE	e3b0c44298fc1c149afbf4c8996fb92427ae41e4649b934ca495991b7852b855	0000000000000000000000000000000000000000000000000000000000000000	false	false	false	false	UNRESOLVED	WAVE_LIMIT
7	U03-0000000000_S04-0000000009	U03-0000000000_S03-0000000004	3	0	4	9	8e1763d7fc2bff61bca0761f7eefb47f9db9d0bf582b1dc2ae82e2f518b2bd1c	H_PG_CAPD_SET	e3b0c44298fc1c149afbf4c8996fb92427ae41e4649b934ca495991b7852b855	0000000000000000000000000000000000000000000000000000000000000000	H_APG_NOT_ELIGIBLE	e3b0c44298fc1c149afbf4c8996fb92427ae41e4649b934ca495991b7852b855	0000000000000000000000000000000000000000000000000000000000000000	false	false	false	false	UNRESOLVED	WAVE_LIMIT
7	U03-0000000000_S04-0000000010	U03-0000000000_S03-0000000005	3	0	4	10	8e1763d7fc2bff61bca0761f7eefb47f9db9d0bf582b1dc2ae82e2f518b2bd1c	H_PG_CAPD_SET	e3b0c44298fc1c149afbf4c8996fb92427ae41e4649b934ca495991b7852b855	0000000000000000000000000000000000000000000000000000000000000000	H_APG_NOT_ELIGIBLE	e3b0c44298fc1c149afbf4c8996fb92427ae41e4649b934ca495991b7852b855	0000000000000000000000000000000000000000000000000000000000000000	false	false	false	false	UNRESOLVED	WAVE_LIMIT
7	U03-0000000000_S04-0000000011	U03-0000000000_S03-0000000005	3	0	4	11	8e1763d7fc2bff61bca0761f7eefb47f9db9d0bf582b1dc2ae82e2f518b2bd1c	H_PG_CAPD_SET	e3b0c44298fc1c149afbf4c8996fb92427ae41e4649b934ca495991b7852b855	0000000000000000000000000000000000000000000000000000000000000000	H_APG_NOT_ELIGIBLE	e3b0c44298fc1c149afbf4c8996fb92427ae41e4649b934ca495991b7852b855	0000000000000000000000000000000000000000000000000000000000000000	false	false	false	false	UNRESOLVED	WAVE_LIMIT
7	U03-0000000000_S04-0000000012	U03-0000000000_S03-0000000006	3	0	4	12	8e1763d7fc2bff61bca0761f7eefb47f9db9d0bf582b1dc2ae82e2f518b2bd1c	H_PG_CAPD_SET	e3b0c44298fc1c149afbf4c8996fb92427ae41e4649b934ca495991b7852b855	0000000000000000000000000000000000000000000000000000000000000000	H_APG_NOT_ELIGIBLE	e3b0c44298fc1c149afbf4c8996fb92427ae41e4649b934ca495991b7852b855	0000000000000000000000000000000000000000000000000000000000000000	false	false	false	false	UNRESOLVED	WAVE_LIMIT
7	U03-0000000000_S04-0000000013	U03-0000000000_S03-0000000006	3	0	4	13	8e1763d7fc2bff61bca0761f7eefb47f9db9d0bf582b1dc2ae82e2f518b2bd1c	H_PG_CAPD_SET	e3b0c44298fc1c149afbf4c8996fb92427ae41e4649b934ca495991b7852b855	0000000000000000000000000000000000000000000000000000000000000000	H_APG_NOT_ELIGIBLE	e3b0c44298fc1c149afbf4c8996fb92427ae41e4649b934ca495991b7852b855	0000000000000000000000000000000000000000000000000000000000000000	false	false	false	false	UNRESOLVED	WAVE_LIMIT
7	U03-0000000000_S04-0000000014	U03-0000000000_S03-0000000007	3	0	4	14	8e1763d7fc2bff61bca0761f7eefb47f9db9d0bf582b1dc2ae82e2f518b2bd1c	H_PG_CAPD_SET	e3b0c44298fc1c149afbf4c8996fb92427ae41e4649b934ca495991b7852b855	0000000000000000000000000000000000000000000000000000000000000000	H_APG_NOT_ELIGIBLE	e3b0c44298fc1c149afbf4c8996fb92427ae41e4649b934ca495991b7852b855	0000000000000000000000000000000000000000000000000000000000000000	false	false	false	false	UNRESOLVED	WAVE_LIMIT
7	U03-0000000000_S04-0000000015	U03-0000000000_S03-0000000007	3	0	4	15	8e1763d7fc2bff61bca0761f7eefb47f9db9d0bf582b1dc2ae82e2f518b2bd1c	H_PG_CAPD_SET	e3b0c44298fc1c149afbf4c8996fb92427ae41e4649b934ca495991b7852b855	0000000000000000000000000000000000000000000000000000000000000000	H_APG_NOT_ELIGIBLE	e3b0c44298fc1c149afbf4c8996fb92427ae41e4649b934ca495991b7852b855	0000000000000000000000000000000000000000000000000000000000000000	false	false	false	false	UNRESOLVED	WAVE_LIMIT
7	U03-0000000001_S04-0000000000	U03-0000000001_S03-0000000000	3	1	4	0	8e1763d7fc2bff61bca0761f7eefb47f9db9d0bf582b1dc2ae82e2f518b2bd1c	H_PG_CAPD_SET	e3b0c44298fc1c149afbf4c8996fb92427ae41e4649b934ca495991b7852b855	0000000000000000000000000000000000000000000000000000000000000000	H_APG_NOT_ELIGIBLE	e3b0c44298fc1c149afbf4c8996fb92427ae41e4649b934ca495991b7852b855	0000000000000000000000000000000000000000000000000000000000000000	false	false	false	false	UNRESOLVED	WAVE_LIMIT
7	U03-0000000001_S04-0000000001	U03-0000000001_S03-0000000000	3	1	4	1	8e1763d7fc2bff61bca0761f7eefb47f9db9d0bf582b1dc2ae82e2f518b2bd1c	H_PG_CAPD_SET	e3b0c44298fc1c149afbf4c8996fb92427ae41e4649b934ca495991b7852b855	0000000000000000000000000000000000000000000000000000000000000000	H_APG_NOT_ELIGIBLE	e3b0c44298fc1c149afbf4c8996fb92427ae41e4649b934ca495991b7852b855	0000000000000000000000000000000000000000000000000000000000000000	false	false	false	false	UNRESOLVED	WAVE_LIMIT
7	U03-0000000001_S04-0000000002	U03-0000000001_S03-0000000001	3	1	4	2	8e1763d7fc2bff61bca0761f7eefb47f9db9d0bf582b1dc2ae82e2f518b2bd1c	H_PG_CAPD_SET	e3b0c44298fc1c149afbf4c8996fb92427ae41e4649b934ca495991b7852b855	0000000000000000000000000000000000000000000000000000000000000000	H_APG_NOT_ELIGIBLE	e3b0c44298fc1c149afbf4c8996fb92427ae41e4649b934ca495991b7852b855	0000000000000000000000000000000000000000000000000000000000000000	false	false	false	false	UNRESOLVED	WAVE_LIMIT
7	U03-0000000001_S04-0000000003	U03-0000000001_S03-0000000001	3	1	4	3	8e1763d7fc2bff61bca0761f7eefb47f9db9d0bf582b1dc2ae82e2f518b2bd1c	H_PG_CAPD_SET	e3b0c44298fc1c149afbf4c8996fb92427ae41e4649b934ca495991b7852b855	0000000000000000000000000000000000000000000000000000000000000000	H_APG_NOT_ELIGIBLE	e3b0c44298fc1c149afbf4c8996fb92427ae41e4649b934ca495991b7852b855	0000000000000000000000000000000000000000000000000000000000000000	false	false	false	false	UNRESOLVED	WAVE_LIMIT
7	U03-0000000001_S04-0000000004	U03-0000000001_S03-0000000002	3	1	4	4	8e1763d7fc2bff61bca0761f7eefb47f9db9d0bf582b1dc2ae82e2f518b2bd1c	H_PG_CAPD_SET	e3b0c44298fc1c149afbf4c8996fb92427ae41e4649b934ca495991b7852b855	0000000000000000000000000000000000000000000000000000000000000000	H_APG_NOT_ELIGIBLE	e3b0c44298fc1c149afbf4c8996fb92427ae41e4649b934ca495991b7852b855	0000000000000000000000000000000000000000000000000000000000000000	false	false	false	false	UNRESOLVED	WAVE_LIMIT
7	U03-0000000001_S04-0000000005	U03-0000000001_S03-0000000002	3	1	4	5	8e1763d7fc2bff61bca0761f7eefb47f9db9d0bf582b1dc2ae82e2f518b2bd1c	H_PG_CAPD_SET	e3b0c44298fc1c149afbf4c8996fb92427ae41e4649b934ca495991b7852b855	0000000000000000000000000000000000000000000000000000000000000000	H_APG_NOT_ELIGIBLE	e3b0c44298fc1c149afbf4c8996fb92427ae41e4649b934ca495991b7852b855	0000000000000000000000000000000000000000000000000000000000000000	false	false	false	false	UNRESOLVED	WAVE_LIMIT
7	U03-0000000001_S04-0000000006	U03-0000000001_S03-0000000003	3	1	4	6	8e1763d7fc2bff61bca0761f7eefb47f9db9d0bf582b1dc2ae82e2f518b2bd1c	H_PG_CAPD_SET	e3b0c44298fc1c149afbf4c8996fb92427ae41e4649b934ca495991b7852b855	0000000000000000000000000000000000000000000000000000000000000000	H_APG_NOT_ELIGIBLE	e3b0c44298fc1c149afbf4c8996fb92427ae41e4649b934ca495991b7852b855	0000000000000000000000000000000000000000000000000000000000000000	false	false	false	false	UNRESOLVED	WAVE_LIMIT
7	U03-0000000001_S04-0000000007	U03-0000000001_S03-0000000003	3	1	4	7	8e1763d7fc2bff61bca0761f7eefb47f9db9d0bf582b1dc2ae82e2f518b2bd1c	H_PG_CAPD_SET	e3b0c44298fc1c149afbf4c8996fb92427ae41e4649b934ca495991b7852b855	0000000000000000000000000000000000000000000000000000000000000000	H_APG_NOT_ELIGIBLE	e3b0c44298fc1c149afbf4c8996fb92427ae41e4649b934ca495991b7852b855	0000000000000000000000000000000000000000000000000000000000000000	false	false	false	false	UNRESOLVED	WAVE_LIMIT
7	U03-0000000001_S04-0000000008	U03-0000000001_S03-0000000004	3	1	4	8	8e1763d7fc2bff61bca0761f7eefb47f9db9d0bf582b1dc2ae82e2f518b2bd1c	H_PG_CAPD_SET	e3b0c44298fc1c149afbf4c8996fb92427ae41e4649b934ca495991b7852b855	0000000000000000000000000000000000000000000000000000000000000000	H_APG_NOT_ELIGIBLE	e3b0c44298fc1c149afbf4c8996fb92427ae41e4649b934ca495991b7852b855	0000000000000000000000000000000000000000000000000000000000000000	false	false	false	false	UNRESOLVED	WAVE_LIMIT
7	U03-0000000001_S04-0000000009	U03-0000000001_S03-0000000004	3	1	4	9	8e1763d7fc2bff61bca0761f7eefb47f9db9d0bf582b1dc2ae82e2f518b2bd1c	H_PG_CAPD_SET	e3b0c44298fc1c149afbf4c8996fb92427ae41e4649b934ca495991b7852b855	0000000000000000000000000000000000000000000000000000000000000000	H_APG_NOT_ELIGIBLE	e3b0c44298fc1c149afbf4c8996fb92427ae41e4649b934ca495991b7852b855	0000000000000000000000000000000000000000000000000000000000000000	false	false	false	false	UNRESOLVED	WAVE_LIMIT
7	U03-0000000001_S04-0000000010	U03-0000000001_S03-0000000005	3	1	4	10	8e1763d7fc2bff61bca0761f7eefb47f9db9d0bf582b1dc2ae82e2f518b2bd1c	H_PG_CAPD_SET	e3b0c44298fc1c149afbf4c8996fb92427ae41e4649b934ca495991b7852b855	0000000000000000000000000000000000000000000000000000000000000000	H_APG_NOT_ELIGIBLE	e3b0c44298fc1c149afbf4c8996fb92427ae41e4649b934ca495991b7852b855	0000000000000000000000000000000000000000000000000000000000000000	false	false	false	false	UNRESOLVED	WAVE_LIMIT
7	U03-0000000001_S04-0000000011	U03-0000000001_S03-0000000005	3	1	4	11	8e1763d7fc2bff61bca0761f7eefb47f9db9d0bf582b1dc2ae82e2f518b2bd1c	H_PG_INVALID_NO_SIGNED_CHART	bc9bb389b59993ac57c903682a5e05199fdf5cb06c38ea0a989205e87a458cdf	ab4230777b645b8c3955c7ef63a496dcafdc3a80c6bbb6748d32e3742d75ba99	H_APG_NOT_ELIGIBLE	e3b0c44298fc1c149afbf4c8996fb92427ae41e4649b934ca495991b7852b855	0000000000000000000000000000000000000000000000000000000000000000	false	false	false	false	UNRESOLVED	WAVE_LIMIT
7	U03-0000000001_S04-0000000012	U03-0000000001_S03-0000000006	3	1	4	12	8e1763d7fc2bff61bca0761f7eefb47f9db9d0bf582b1dc2ae82e2f518b2bd1c	H_PG_CAPD_SET	e3b0c44298fc1c149afbf4c8996fb92427ae41e4649b934ca495991b7852b855	0000000000000000000000000000000000000000000000000000000000000000	H_APG_NOT_ELIGIBLE	e3b0c44298fc1c149afbf4c8996fb92427ae41e4649b934ca495991b7852b855	0000000000000000000000000000000000000000000000000000000000000000	false	false	false	false	UNRESOLVED	WAVE_LIMIT
7	U03-0000000001_S04-0000000013	U03-0000000001_S03-0000000006	3	1	4	13	8e1763d7fc2bff61bca0761f7eefb47f9db9d0bf582b1dc2ae82e2f518b2bd1c	H_PG_CAPD_SET	e3b0c44298fc1c149afbf4c8996fb92427ae41e4649b934ca495991b7852b855	0000000000000000000000000000000000000000000000000000000000000000	H_APG_NOT_ELIGIBLE	e3b0c44298fc1c149afbf4c8996fb92427ae41e4649b934ca495991b7852b855	0000000000000000000000000000000000000000000000000000000000000000	false	false	false	false	UNRESOLVED	WAVE_LIMIT
7	U03-0000000001_S04-0000000014	U03-0000000001_S03-0000000007	3	1	4	14	8e1763d7fc2bff61bca0761f7eefb47f9db9d0bf582b1dc2ae82e2f518b2bd1c	H_PG_CAPD_SET	e3b0c44298fc1c149afbf4c8996fb92427ae41e4649b934ca495991b7852b855	0000000000000000000000000000000000000000000000000000000000000000	H_APG_NOT_ELIGIBLE	e3b0c44298fc1c149afbf4c8996fb92427ae41e4649b934ca495991b7852b855	0000000000000000000000000000000000000000000000000000000000000000	false	false	false	false	UNRESOLVED	WAVE_LIMIT
7	U03-0000000001_S04-0000000015	U03-0000000001_S03-0000000007	3	1	4	15	8e1763d7fc2bff61bca0761f7eefb47f9db9d0bf582b1dc2ae82e2f518b2bd1c	H_PG_CAPD_SET	e3b0c44298fc1c149afbf4c8996fb92427ae41e4649b934ca495991b7852b855	0000000000000000000000000000000000000000000000000000000000000000	H_APG_NOT_ELIGIBLE	e3b0c44298fc1c149afbf4c8996fb92427ae41e4649b934ca495991b7852b855	0000000000000000000000000000000000000000000000000000000000000000	false	false	false	false	UNRESOLVED	WAVE_LIMIT
7	U03-0000000002_S04-0000000000	U03-0000000002_S03-0000000000	3	2	4	0	8e1763d7fc2bff61bca0761f7eefb47f9db9d0bf582b1dc2ae82e2f518b2bd1c	H_PG_CAPD_SET	e3b0c44298fc1c149afbf4c8996fb92427ae41e4649b934ca495991b7852b855	0000000000000000000000000000000000000000000000000000000000000000	H_APG_NOT_ELIGIBLE	e3b0c44298fc1c149afbf4c8996fb92427ae41e4649b934ca495991b7852b855	0000000000000000000000000000000000000000000000000000000000000000	false	false	false	false	UNRESOLVED	WAVE_LIMIT
7	U03-0000000002_S04-0000000001	U03-0000000002_S03-0000000000	3	2	4	1	8e1763d7fc2bff61bca0761f7eefb47f9db9d0bf582b1dc2ae82e2f518b2bd1c	H_PG_CAPD_SET	e3b0c44298fc1c149afbf4c8996fb92427ae41e4649b934ca495991b7852b855	0000000000000000000000000000000000000000000000000000000000000000	H_APG_NOT_ELIGIBLE	e3b0c44298fc1c149afbf4c8996fb92427ae41e4649b934ca495991b7852b855	0000000000000000000000000000000000000000000000000000000000000000	false	false	false	false	UNRESOLVED	WAVE_LIMIT
7	U03-0000000002_S04-0000000002	U03-0000000002_S03-0000000001	3	2	4	2	8e1763d7fc2bff61bca0761f7eefb47f9db9d0bf582b1dc2ae82e2f518b2bd1c	H_PG_CAPD_SET	e3b0c44298fc1c149afbf4c8996fb92427ae41e4649b934ca495991b7852b855	0000000000000000000000000000000000000000000000000000000000000000	H_APG_NOT_ELIGIBLE	e3b0c44298fc1c149afbf4c8996fb92427ae41e4649b934ca495991b7852b855	0000000000000000000000000000000000000000000000000000000000000000	false	false	false	false	UNRESOLVED	WAVE_LIMIT
7	U03-0000000002_S04-0000000003	U03-0000000002_S03-0000000001	3	2	4	3	8e1763d7fc2bff61bca0761f7eefb47f9db9d0bf582b1dc2ae82e2f518b2bd1c	H_PG_CAPD_SET	e3b0c44298fc1c149afbf4c8996fb92427ae41e4649b934ca495991b7852b855	0000000000000000000000000000000000000000000000000000000000000000	H_APG_NOT_ELIGIBLE	e3b0c44298fc1c149afbf4c8996fb92427ae41e4649b934ca495991b7852b855	0000000000000000000000000000000000000000000000000000000000000000	false	false	false	false	UNRESOLVED	WAVE_LIMIT
7	U03-0000000002_S04-0000000004	U03-0000000002_S03-0000000002	3	2	4	4	8e1763d7fc2bff61bca0761f7eefb47f9db9d0bf582b1dc2ae82e2f518b2bd1c	H_PG_CAPD_SET	e3b0c44298fc1c149afbf4c8996fb92427ae41e4649b934ca495991b7852b855	0000000000000000000000000000000000000000000000000000000000000000	H_APG_NOT_ELIGIBLE	e3b0c44298fc1c149afbf4c8996fb92427ae41e4649b934ca495991b7852b855	0000000000000000000000000000000000000000000000000000000000000000	false	false	false	false	UNRESOLVED	WAVE_LIMIT
7	U03-0000000002_S04-0000000005	U03-0000000002_S03-0000000002	3	2	4	5	8e1763d7fc2bff61bca0761f7eefb47f9db9d0bf582b1dc2ae82e2f518b2bd1c	H_PG_CAPD_SET	e3b0c44298fc1c149afbf4c8996fb92427ae41e4649b934ca495991b7852b855	0000000000000000000000000000000000000000000000000000000000000000	H_APG_NOT_ELIGIBLE	e3b0c44298fc1c149afbf4c8996fb92427ae41e4649b934ca495991b7852b855	0000000000000000000000000000000000000000000000000000000000000000	false	false	false	false	UNRESOLVED	WAVE_LIMIT
7	U03-0000000002_S04-0000000006	U03-0000000002_S03-0000000003	3	2	4	6	8e1763d7fc2bff61bca0761f7eefb47f9db9d0bf582b1dc2ae82e2f518b2bd1c	H_PG_CAPD_SET	e3b0c44298fc1c149afbf4c8996fb92427ae41e4649b934ca495991b7852b855	0000000000000000000000000000000000000000000000000000000000000000	H_APG_NOT_ELIGIBLE	e3b0c44298fc1c149afbf4c8996fb92427ae41e4649b934ca495991b7852b855	0000000000000000000000000000000000000000000000000000000000000000	false	false	false	false	UNRESOLVED	WAVE_LIMIT
7	U03-0000000002_S04-0000000007	U03-0000000002_S03-0000000003	3	2	4	7	8e1763d7fc2bff61bca0761f7eefb47f9db9d0bf582b1dc2ae82e2f518b2bd1c	H_PG_CAPD_SET	e3b0c44298fc1c149afbf4c8996fb92427ae41e4649b934ca495991b7852b855	0000000000000000000000000000000000000000000000000000000000000000	H_APG_NOT_ELIGIBLE	e3b0c44298fc1c149afbf4c8996fb92427ae41e4649b934ca495991b7852b855	0000000000000000000000000000000000000000000000000000000000000000	false	false	false	false	UNRESOLVED	WAVE_LIMIT
7	U03-0000000002_S04-0000000008	U03-0000000002_S03-0000000004	3	2	4	8	8e1763d7fc2bff61bca0761f7eefb47f9db9d0bf582b1dc2ae82e2f518b2bd1c	H_PG_CAPD_SET	e3b0c44298fc1c149afbf4c8996fb92427ae41e4649b934ca495991b7852b855	0000000000000000000000000000000000000000000000000000000000000000	H_APG_NOT_ELIGIBLE	e3b0c44298fc1c149afbf4c8996fb92427ae41e4649b934ca495991b7852b855	0000000000000000000000000000000000000000000000000000000000000000	false	false	false	false	UNRESOLVED	WAVE_LIMIT
7	U03-0000000002_S04-0000000009	U03-0000000002_S03-0000000004	3	2	4	9	8e1763d7fc2bff61bca0761f7eefb47f9db9d0bf582b1dc2ae82e2f518b2bd1c	H_PG_CAPD_SET	e3b0c44298fc1c149afbf4c8996fb92427ae41e4649b934ca495991b7852b855	0000000000000000000000000000000000000000000000000000000000000000	H_APG_NOT_ELIGIBLE	e3b0c44298fc1c149afbf4c8996fb92427ae41e4649b934ca495991b7852b855	0000000000000000000000000000000000000000000000000000000000000000	false	false	false	false	UNRESOLVED	WAVE_LIMIT
7	U03-0000000002_S04-0000000010	U03-0000000002_S03-0000000005	3	2	4	10	8e1763d7fc2bff61bca0761f7eefb47f9db9d0bf582b1dc2ae82e2f518b2bd1c	H_PG_CAPD_SET	e3b0c44298fc1c149afbf4c8996fb92427ae41e4649b934ca495991b7852b855	0000000000000000000000000000000000000000000000000000000000000000	H_APG_NOT_ELIGIBLE	e3b0c44298fc1c149afbf4c8996fb92427ae41e4649b934ca495991b7852b855	0000000000000000000000000000000000000000000000000000000000000000	false	false	false	false	UNRESOLVED	WAVE_LIMIT
7	U03-0000000002_S04-0000000011	U03-0000000002_S03-0000000005	3	2	4	11	8e1763d7fc2bff61bca0761f7eefb47f9db9d0bf582b1dc2ae82e2f518b2bd1c	H_PG_CAPD_SET	e3b0c44298fc1c149afbf4c8996fb92427ae41e4649b934ca495991b7852b855	0000000000000000000000000000000000000000000000000000000000000000	H_APG_NOT_ELIGIBLE	e3b0c44298fc1c149afbf4c8996fb92427ae41e4649b934ca495991b7852b855	0000000000000000000000000000000000000000000000000000000000000000	false	false	false	false	UNRESOLVED	WAVE_LIMIT
7	U03-0000000002_S04-0000000012	U03-0000000002_S03-0000000006	3	2	4	12	8e1763d7fc2bff61bca0761f7eefb47f9db9d0bf582b1dc2ae82e2f518b2bd1c	H_PG_INVALID_NO_SIGNED_CHART	a4723b3d0acd8045c65e93b77b545cba0b19160ae19b1f0f5389918eb25bb97d	7c6a53803919dd02cd9cdd1f8aa020b9bf6ac3fcd8085a74ffebc664a8917a51	H_APG_NOT_ELIGIBLE	e3b0c44298fc1c149afbf4c8996fb92427ae41e4649b934ca495991b7852b855	0000000000000000000000000000000000000000000000000000000000000000	false	false	false	false	UNRESOLVED	WAVE_LIMIT
7	U03-0000000002_S04-0000000013	U03-0000000002_S03-0000000006	3	2	4	13	8e1763d7fc2bff61bca0761f7eefb47f9db9d0bf582b1dc2ae82e2f518b2bd1c	H_PG_INVALID_NO_SIGNED_CHART	dc4ebe701d8ea9cd6fc5945dbc1929aa75204a65895b83f7501fee865b191fba	7132e8a127b9b4b1d2efb0b2d7b68d0c483d1772deb4fdd5283d0d45d338d6f5	H_APG_NOT_ELIGIBLE	e3b0c44298fc1c149afbf4c8996fb92427ae41e4649b934ca495991b7852b855	0000000000000000000000000000000000000000000000000000000000000000	false	false	false	false	UNRESOLVED	WAVE_LIMIT
7	U03-0000000002_S04-0000000014	U03-0000000002_S03-0000000007	3	2	4	14	8e1763d7fc2bff61bca0761f7eefb47f9db9d0bf582b1dc2ae82e2f518b2bd1c	H_PG_INVALID_NO_SIGNED_CHART	866d89e4a99636050b261cd80df9c43663d6b70707200ca9d729628dfe10183a	dad83637c8d519f0973aed6a0a6d803039caa998188da4a406b20c9a6cad3144	H_APG_NOT_ELIGIBLE	e3b0c44298fc1c149afbf4c8996fb92427ae41e4649b934ca495991b7852b855	0000000000000000000000000000000000000000000000000000000000000000	false	false	false	false	UNRESOLVED	WAVE_LIMIT
7	U03-0000000002_S04-0000000015	U03-0000000002_S03-0000000007	3	2	4	15	8e1763d7fc2bff61bca0761f7eefb47f9db9d0bf582b1dc2ae82e2f518b2bd1c	H_PG_CAPD_SET	e3b0c44298fc1c149afbf4c8996fb92427ae41e4649b934ca495991b7852b855	0000000000000000000000000000000000000000000000000000000000000000	H_APG_NOT_ELIGIBLE	e3b0c44298fc1c149afbf4c8996fb92427ae41e4649b934ca495991b7852b855	0000000000000000000000000000000000000000000000000000000000000000	false	false	false	false	UNRESOLVED	WAVE_LIMIT
7	U03-0000000003_S04-0000000000	U03-0000000003_S03-0000000000	3	3	4	0	8e1763d7fc2bff61bca0761f7eefb47f9db9d0bf582b1dc2ae82e2f518b2bd1c	H_PG_INVALID_NO_SIGNED_CHART	05a4c6006de6d1446a74d172652c2b63dec9ef05c88584b2aa818a8b2a550d54	6dbed3c5c1bad5f2af65d03c516c6a07d3f5d98cfc5edcd409fa1c715c4ee421	H_APG_NOT_ELIGIBLE	e3b0c44298fc1c149afbf4c8996fb92427ae41e4649b934ca495991b7852b855	0000000000000000000000000000000000000000000000000000000000000000	false	false	false	false	UNRESOLVED	WAVE_LIMIT
7	U03-0000000003_S04-0000000001	U03-0000000003_S03-0000000000	3	3	4	1	8e1763d7fc2bff61bca0761f7eefb47f9db9d0bf582b1dc2ae82e2f518b2bd1c	H_PG_CAPD_SET	e3b0c44298fc1c149afbf4c8996fb92427ae41e4649b934ca495991b7852b855	0000000000000000000000000000000000000000000000000000000000000000	H_APG_NOT_ELIGIBLE	e3b0c44298fc1c149afbf4c8996fb92427ae41e4649b934ca495991b7852b855	0000000000000000000000000000000000000000000000000000000000000000	false	false	false	false	UNRESOLVED	WAVE_LIMIT
7	U03-0000000003_S04-0000000002	U03-0000000003_S03-0000000001	3	3	4	2	8e1763d7fc2bff61bca0761f7eefb47f9db9d0bf582b1dc2ae82e2f518b2bd1c	H_PG_CAPD_SET	e3b0c44298fc1c149afbf4c8996fb92427ae41e4649b934ca495991b7852b855	0000000000000000000000000000000000000000000000000000000000000000	H_APG_NOT_ELIGIBLE	e3b0c44298fc1c149afbf4c8996fb92427ae41e4649b934ca495991b7852b855	0000000000000000000000000000000000000000000000000000000000000000	false	false	false	false	UNRESOLVED	WAVE_LIMIT
7	U03-0000000003_S04-0000000003	U03-0000000003_S03-0000000001	3	3	4	3	8e1763d7fc2bff61bca0761f7eefb47f9db9d0bf582b1dc2ae82e2f518b2bd1c	H_PG_CAPD_SET	e3b0c44298fc1c149afbf4c8996fb92427ae41e4649b934ca495991b7852b855	0000000000000000000000000000000000000000000000000000000000000000	H_APG_NOT_ELIGIBLE	e3b0c44298fc1c149afbf4c8996fb92427ae41e4649b934ca495991b7852b855	0000000000000000000000000000000000000000000000000000000000000000	false	false	false	false	UNRESOLVED	WAVE_LIMIT
7	U03-0000000003_S04-0000000004	U03-0000000003_S03-0000000002	3	3	4	4	8e1763d7fc2bff61bca0761f7eefb47f9db9d0bf582b1dc2ae82e2f518b2bd1c	H_PG_CAPD_SET	e3b0c44298fc1c149afbf4c8996fb92427ae41e4649b934ca495991b7852b855	0000000000000000000000000000000000000000000000000000000000000000	H_APG_NOT_ELIGIBLE	e3b0c44298fc1c149afbf4c8996fb92427ae41e4649b934ca495991b7852b855	0000000000000000000000000000000000000000000000000000000000000000	false	false	false	false	UNRESOLVED	WAVE_LIMIT
7	U03-0000000003_S04-0000000005	U03-0000000003_S03-0000000002	3	3	4	5	8e1763d7fc2bff61bca0761f7eefb47f9db9d0bf582b1dc2ae82e2f518b2bd1c	H_PG_CAPD_SET	e3b0c44298fc1c149afbf4c8996fb92427ae41e4649b934ca495991b7852b855	0000000000000000000000000000000000000000000000000000000000000000	H_APG_NOT_ELIGIBLE	e3b0c44298fc1c149afbf4c8996fb92427ae41e4649b934ca495991b7852b855	0000000000000000000000000000000000000000000000000000000000000000	false	false	false	false	UNRESOLVED	WAVE_LIMIT
7	U03-0000000003_S04-0000000006	U03-0000000003_S03-0000000003	3	3	4	6	8e1763d7fc2bff61bca0761f7eefb47f9db9d0bf582b1dc2ae82e2f518b2bd1c	H_PG_CAPD_SET	e3b0c44298fc1c149afbf4c8996fb92427ae41e4649b934ca495991b7852b855	0000000000000000000000000000000000000000000000000000000000000000	H_APG_NOT_ELIGIBLE	e3b0c44298fc1c149afbf4c8996fb92427ae41e4649b934ca495991b7852b855	0000000000000000000000000000000000000000000000000000000000000000	false	false	false	false	UNRESOLVED	WAVE_LIMIT
7	U03-0000000003_S04-0000000007	U03-0000000003_S03-0000000003	3	3	4	7	8e1763d7fc2bff61bca0761f7eefb47f9db9d0bf582b1dc2ae82e2f518b2bd1c	H_PG_CAPD_SET	e3b0c44298fc1c149afbf4c8996fb92427ae41e4649b934ca495991b7852b855	0000000000000000000000000000000000000000000000000000000000000000	H_APG_NOT_ELIGIBLE	e3b0c44298fc1c149afbf4c8996fb92427ae41e4649b934ca495991b7852b855	0000000000000000000000000000000000000000000000000000000000000000	false	false	false	false	UNRESOLVED	WAVE_LIMIT
7	U03-0000000003_S04-0000000008	U03-0000000003_S03-0000000004	3	3	4	8	8e1763d7fc2bff61bca0761f7eefb47f9db9d0bf582b1dc2ae82e2f518b2bd1c	H_PG_CAPD_SET	e3b0c44298fc1c149afbf4c8996fb92427ae41e4649b934ca495991b7852b855	0000000000000000000000000000000000000000000000000000000000000000	H_APG_NOT_ELIGIBLE	e3b0c44298fc1c149afbf4c8996fb92427ae41e4649b934ca495991b7852b855	0000000000000000000000000000000000000000000000000000000000000000	false	false	false	false	UNRESOLVED	WAVE_LIMIT
7	U03-0000000003_S04-0000000009	U03-0000000003_S03-0000000004	3	3	4	9	8e1763d7fc2bff61bca0761f7eefb47f9db9d0bf582b1dc2ae82e2f518b2bd1c	H_PG_CAPD_SET	e3b0c44298fc1c149afbf4c8996fb92427ae41e4649b934ca495991b7852b855	0000000000000000000000000000000000000000000000000000000000000000	H_APG_NOT_ELIGIBLE	e3b0c44298fc1c149afbf4c8996fb92427ae41e4649b934ca495991b7852b855	0000000000000000000000000000000000000000000000000000000000000000	false	false	false	false	UNRESOLVED	WAVE_LIMIT
7	U03-0000000003_S04-0000000010	U03-0000000003_S03-0000000005	3	3	4	10	8e1763d7fc2bff61bca0761f7eefb47f9db9d0bf582b1dc2ae82e2f518b2bd1c	H_PG_CAPD_SET	e3b0c44298fc1c149afbf4c8996fb92427ae41e4649b934ca495991b7852b855	0000000000000000000000000000000000000000000000000000000000000000	H_APG_NOT_ELIGIBLE	e3b0c44298fc1c149afbf4c8996fb92427ae41e4649b934ca495991b7852b855	0000000000000000000000000000000000000000000000000000000000000000	false	false	false	false	UNRESOLVED	WAVE_LIMIT
7	U03-0000000003_S04-0000000011	U03-0000000003_S03-0000000005	3	3	4	11	8e1763d7fc2bff61bca0761f7eefb47f9db9d0bf582b1dc2ae82e2f518b2bd1c	H_PG_CAPD_SET	e3b0c44298fc1c149afbf4c8996fb92427ae41e4649b934ca495991b7852b855	0000000000000000000000000000000000000000000000000000000000000000	H_APG_NOT_ELIGIBLE	e3b0c44298fc1c149afbf4c8996fb92427ae41e4649b934ca495991b7852b855	0000000000000000000000000000000000000000000000000000000000000000	false	false	false	false	UNRESOLVED	WAVE_LIMIT
7	U03-0000000003_S04-0000000012	U03-0000000003_S03-0000000006	3	3	4	12	8e1763d7fc2bff61bca0761f7eefb47f9db9d0bf582b1dc2ae82e2f518b2bd1c	H_PG_INVALID_NO_SIGNED_CHART	1a65481173ed7b8b32b4005354e4893ed6d6e46ad7e9feb15118d5e8bf7769cb	501c5e397771ae4702589785a6bdab5e6b9d237356a2ab63ab464b92fecabcd1	H_APG_NOT_ELIGIBLE	e3b0c44298fc1c149afbf4c8996fb92427ae41e4649b934ca495991b7852b855	0000000000000000000000000000000000000000000000000000000000000000	false	false	false	false	UNRESOLVED	WAVE_LIMIT
7	U03-0000000003_S04-0000000013	U03-0000000003_S03-0000000006	3	3	4	13	8e1763d7fc2bff61bca0761f7eefb47f9db9d0bf582b1dc2ae82e2f518b2bd1c	H_PG_CAPD_SET	e3b0c44298fc1c149afbf4c8996fb92427ae41e4649b934ca495991b7852b855	0000000000000000000000000000000000000000000000000000000000000000	H_APG_NOT_ELIGIBLE	e3b0c44298fc1c149afbf4c8996fb92427ae41e4649b934ca495991b7852b855	0000000000000000000000000000000000000000000000000000000000000000	false	false	false	false	UNRESOLVED	WAVE_LIMIT
7	U03-0000000003_S04-0000000014	U03-0000000003_S03-0000000007	3	3	4	14	8e1763d7fc2bff61bca0761f7eefb47f9db9d0bf582b1dc2ae82e2f518b2bd1c	H_PG_INVALID_NO_SIGNED_CHART	0741b92747826e7e5de1349239b0a40722462b424da15fe5b02aeb5229492b7a	471093222350401a57ef9482624896878f6a4aef772c6df2fa61995ef089d3cf	H_APG_NOT_ELIGIBLE	e3b0c44298fc1c149afbf4c8996fb92427ae41e4649b934ca495991b7852b855	0000000000000000000000000000000000000000000000000000000000000000	false	false	false	false	UNRESOLVED	WAVE_LIMIT
7	U03-0000000003_S04-0000000015	U03-0000000003_S03-0000000007	3	3	4	15	8e1763d7fc2bff61bca0761f7eefb47f9db9d0bf582b1dc2ae82e2f518b2bd1c	H_PG_CAPD_SET	e3b0c44298fc1c149afbf4c8996fb92427ae41e4649b934ca495991b7852b855	0000000000000000000000000000000000000000000000000000000000000000	H_APG_NOT_ELIGIBLE	e3b0c44298fc1c149afbf4c8996fb92427ae41e4649b934ca495991b7852b855	0000000000000000000000000000000000000000000000000000000000000000	false	false	false	false	UNRESOLVED	WAVE_LIMIT
7	U03-0000000004_S04-0000000000	U03-0000000004_S03-0000000000	3	4	4	0	8e1763d7fc2bff61bca0761f7eefb47f9db9d0bf582b1dc2ae82e2f518b2bd1c	H_PG_CAPD_SET	e3b0c44298fc1c149afbf4c8996fb92427ae41e4649b934ca495991b7852b855	0000000000000000000000000000000000000000000000000000000000000000	H_APG_NOT_ELIGIBLE	e3b0c44298fc1c149afbf4c8996fb92427ae41e4649b934ca495991b7852b855	0000000000000000000000000000000000000000000000000000000000000000	false	false	false	false	UNRESOLVED	WAVE_LIMIT
7	U03-0000000004_S04-0000000001	U03-0000000004_S03-0000000000	3	4	4	1	8e1763d7fc2bff61bca0761f7eefb47f9db9d0bf582b1dc2ae82e2f518b2bd1c	H_PG_CAPD_SET	e3b0c44298fc1c149afbf4c8996fb92427ae41e4649b934ca495991b7852b855	0000000000000000000000000000000000000000000000000000000000000000	H_APG_NOT_ELIGIBLE	e3b0c44298fc1c149afbf4c8996fb92427ae41e4649b934ca495991b7852b855	0000000000000000000000000000000000000000000000000000000000000000	false	false	false	false	UNRESOLVED	WAVE_LIMIT
7	U03-0000000004_S04-0000000002	U03-0000000004_S03-0000000001	3	4	4	2	8e1763d7fc2bff61bca0761f7eefb47f9db9d0bf582b1dc2ae82e2f518b2bd1c	H_PG_CAPD_SET	e3b0c44298fc1c149afbf4c8996fb92427ae41e4649b934ca495991b7852b855	0000000000000000000000000000000000000000000000000000000000000000	H_APG_NOT_ELIGIBLE	e3b0c44298fc1c149afbf4c8996fb92427ae41e4649b934ca495991b7852b855	0000000000000000000000000000000000000000000000000000000000000000	false	false	false	false	UNRESOLVED	WAVE_LIMIT
7	U03-0000000004_S04-0000000003	U03-0000000004_S03-0000000001	3	4	4	3	8e1763d7fc2bff61bca0761f7eefb47f9db9d0bf582b1dc2ae82e2f518b2bd1c	H_PG_CAPD_SET	e3b0c44298fc1c149afbf4c8996fb92427ae41e4649b934ca495991b7852b855	0000000000000000000000000000000000000000000000000000000000000000	H_APG_NOT_ELIGIBLE	e3b0c44298fc1c149afbf4c8996fb92427ae41e4649b934ca495991b7852b855	0000000000000000000000000000000000000000000000000000000000000000	false	false	false	false	UNRESOLVED	WAVE_LIMIT
7	U03-0000000004_S04-0000000004	U03-0000000004_S03-0000000002	3	4	4	4	8e1763d7fc2bff61bca0761f7eefb47f9db9d0bf582b1dc2ae82e2f518b2bd1c	H_PG_CAPD_SET	e3b0c44298fc1c149afbf4c8996fb92427ae41e4649b934ca495991b7852b855	0000000000000000000000000000000000000000000000000000000000000000	H_APG_NOT_ELIGIBLE	e3b0c44298fc1c149afbf4c8996fb92427ae41e4649b934ca495991b7852b855	0000000000000000000000000000000000000000000000000000000000000000	false	false	false	false	UNRESOLVED	WAVE_LIMIT
7	U03-0000000004_S04-0000000005	U03-0000000004_S03-0000000002	3	4	4	5	8e1763d7fc2bff61bca0761f7eefb47f9db9d0bf582b1dc2ae82e2f518b2bd1c	H_PG_CAPD_SET	e3b0c44298fc1c149afbf4c8996fb92427ae41e4649b934ca495991b7852b855	0000000000000000000000000000000000000000000000000000000000000000	H_APG_NOT_ELIGIBLE	e3b0c44298fc1c149afbf4c8996fb92427ae41e4649b934ca495991b7852b855	0000000000000000000000000000000000000000000000000000000000000000	false	false	false	false	UNRESOLVED	WAVE_LIMIT
7	U03-0000000004_S04-0000000006	U03-0000000004_S03-0000000003	3	4	4	6	8e1763d7fc2bff61bca0761f7eefb47f9db9d0bf582b1dc2ae82e2f518b2bd1c	H_PG_CAPD_SET	e3b0c44298fc1c149afbf4c8996fb92427ae41e4649b934ca495991b7852b855	0000000000000000000000000000000000000000000000000000000000000000	H_APG_NOT_ELIGIBLE	e3b0c44298fc1c149afbf4c8996fb92427ae41e4649b934ca495991b7852b855	0000000000000000000000000000000000000000000000000000000000000000	false	false	false	false	UNRESOLVED	WAVE_LIMIT
7	U03-0000000004_S04-0000000007	U03-0000000004_S03-0000000003	3	4	4	7	8e1763d7fc2bff61bca0761f7eefb47f9db9d0bf582b1dc2ae82e2f518b2bd1c	H_PG_CAPD_SET	e3b0c44298fc1c149afbf4c8996fb92427ae41e4649b934ca495991b7852b855	0000000000000000000000000000000000000000000000000000000000000000	H_APG_NOT_ELIGIBLE	e3b0c44298fc1c149afbf4c8996fb92427ae41e4649b934ca495991b7852b855	0000000000000000000000000000000000000000000000000000000000000000	false	false	false	false	UNRESOLVED	WAVE_LIMIT
7	U03-0000000004_S04-0000000008	U03-0000000004_S03-0000000004	3	4	4	8	8e1763d7fc2bff61bca0761f7eefb47f9db9d0bf582b1dc2ae82e2f518b2bd1c	H_PG_CAPD_SET	e3b0c44298fc1c149afbf4c8996fb92427ae41e4649b934ca495991b7852b855	0000000000000000000000000000000000000000000000000000000000000000	H_APG_NOT_ELIGIBLE	e3b0c44298fc1c149afbf4c8996fb92427ae41e4649b934ca495991b7852b855	0000000000000000000000000000000000000000000000000000000000000000	false	false	false	false	UNRESOLVED	WAVE_LIMIT
7	U03-0000000004_S04-0000000009	U03-0000000004_S03-0000000004	3	4	4	9	8e1763d7fc2bff61bca0761f7eefb47f9db9d0bf582b1dc2ae82e2f518b2bd1c	H_PG_CAPD_SET	e3b0c44298fc1c149afbf4c8996fb92427ae41e4649b934ca495991b7852b855	0000000000000000000000000000000000000000000000000000000000000000	H_APG_NOT_ELIGIBLE	e3b0c44298fc1c149afbf4c8996fb92427ae41e4649b934ca495991b7852b855	0000000000000000000000000000000000000000000000000000000000000000	false	false	false	false	UNRESOLVED	WAVE_LIMIT
7	U03-0000000004_S04-0000000010	U03-0000000004_S03-0000000005	3	4	4	10	8e1763d7fc2bff61bca0761f7eefb47f9db9d0bf582b1dc2ae82e2f518b2bd1c	H_PG_CAPD_SET	e3b0c44298fc1c149afbf4c8996fb92427ae41e4649b934ca495991b7852b855	0000000000000000000000000000000000000000000000000000000000000000	H_APG_NOT_ELIGIBLE	e3b0c44298fc1c149afbf4c8996fb92427ae41e4649b934ca495991b7852b855	0000000000000000000000000000000000000000000000000000000000000000	false	false	false	false	UNRESOLVED	WAVE_LIMIT
7	U03-0000000004_S04-0000000011	U03-0000000004_S03-0000000005	3	4	4	11	8e1763d7fc2bff61bca0761f7eefb47f9db9d0bf582b1dc2ae82e2f518b2bd1c	H_PG_CAPD_SET	e3b0c44298fc1c149afbf4c8996fb92427ae41e4649b934ca495991b7852b855	0000000000000000000000000000000000000000000000000000000000000000	H_APG_NOT_ELIGIBLE	e3b0c44298fc1c149afbf4c8996fb92427ae41e4649b934ca495991b7852b855	0000000000000000000000000000000000000000000000000000000000000000	false	false	false	false	UNRESOLVED	WAVE_LIMIT
7	U03-0000000004_S04-0000000012	U03-0000000004_S03-0000000006	3	4	4	12	8e1763d7fc2bff61bca0761f7eefb47f9db9d0bf582b1dc2ae82e2f518b2bd1c	H_PG_CAPD_SET	e3b0c44298fc1c149afbf4c8996fb92427ae41e4649b934ca495991b7852b855	0000000000000000000000000000000000000000000000000000000000000000	H_APG_NOT_ELIGIBLE	e3b0c44298fc1c149afbf4c8996fb92427ae41e4649b934ca495991b7852b855	0000000000000000000000000000000000000000000000000000000000000000	false	false	false	false	UNRESOLVED	WAVE_LIMIT
7	U03-0000000004_S04-0000000013	U03-0000000004_S03-0000000006	3	4	4	13	8e1763d7fc2bff61bca0761f7eefb47f9db9d0bf582b1dc2ae82e2f518b2bd1c	H_PG_CAPD_SET	e3b0c44298fc1c149afbf4c8996fb92427ae41e4649b934ca495991b7852b855	0000000000000000000000000000000000000000000000000000000000000000	H_APG_NOT_ELIGIBLE	e3b0c44298fc1c149afbf4c8996fb92427ae41e4649b934ca495991b7852b855	0000000000000000000000000000000000000000000000000000000000000000	false	false	false	false	UNRESOLVED	WAVE_LIMIT
7	U03-0000000004_S04-0000000014	U03-0000000004_S03-0000000007	3	4	4	14	8e1763d7fc2bff61bca0761f7eefb47f9db9d0bf582b1dc2ae82e2f518b2bd1c	H_PG_CAPD_SET	e3b0c44298fc1c149afbf4c8996fb92427ae41e4649b934ca495991b7852b855	0000000000000000000000000000000000000000000000000000000000000000	H_APG_NOT_ELIGIBLE	e3b0c44298fc1c149afbf4c8996fb92427ae41e4649b934ca495991b7852b855	0000000000000000000000000000000000000000000000000000000000000000	false	false	false	false	UNRESOLVED	WAVE_LIMIT
7	U03-0000000004_S04-0000000015	U03-0000000004_S03-0000000007	3	4	4	15	8e1763d7fc2bff61bca0761f7eefb47f9db9d0bf582b1dc2ae82e2f518b2bd1c	H_PG_CAPD_SET	e3b0c44298fc1c149afbf4c8996fb92427ae41e4649b934ca495991b7852b855	0000000000000000000000000000000000000000000000000000000000000000	H_APG_NOT_ELIGIBLE	e3b0c44298fc1c149afbf4c8996fb92427ae41e4649b934ca495991b7852b855	0000000000000000000000000000000000000000000000000000000000000000	false	false	false	false	UNRESOLVED	WAVE_LIMIT
7	U03-0000000005_S04-0000000000	U03-0000000005_S03-0000000000	3	5	4	0	8e1763d7fc2bff61bca0761f7eefb47f9db9d0bf582b1dc2ae82e2f518b2bd1c	H_PG_CAPD_SET	e3b0c44298fc1c149afbf4c8996fb92427ae41e4649b934ca495991b7852b855	0000000000000000000000000000000000000000000000000000000000000000	H_APG_NOT_ELIGIBLE	e3b0c44298fc1c149afbf4c8996fb92427ae41e4649b934ca495991b7852b855	0000000000000000000000000000000000000000000000000000000000000000	false	false	false	false	UNRESOLVED	WAVE_LIMIT
7	U03-0000000005_S04-0000000001	U03-0000000005_S03-0000000000	3	5	4	1	8e1763d7fc2bff61bca0761f7eefb47f9db9d0bf582b1dc2ae82e2f518b2bd1c	H_PG_CAPD_SET	e3b0c44298fc1c149afbf4c8996fb92427ae41e4649b934ca495991b7852b855	0000000000000000000000000000000000000000000000000000000000000000	H_APG_NOT_ELIGIBLE	e3b0c44298fc1c149afbf4c8996fb92427ae41e4649b934ca495991b7852b855	0000000000000000000000000000000000000000000000000000000000000000	false	false	false	false	UNRESOLVED	WAVE_LIMIT
7	U03-0000000005_S04-0000000002	U03-0000000005_S03-0000000001	3	5	4	2	8e1763d7fc2bff61bca0761f7eefb47f9db9d0bf582b1dc2ae82e2f518b2bd1c	H_PG_INVALID_NO_SIGNED_CHART	8dff123e1ce0f99fcae5c2aff92cbc588b3f9b90cd1bf430dae799a60bf0ef91	01a0e7c66d427b9c6612345f5ba4192f83c31b148c586912c59ff7557080a3db	H_APG_NOT_ELIGIBLE	e3b0c44298fc1c149afbf4c8996fb92427ae41e4649b934ca495991b7852b855	0000000000000000000000000000000000000000000000000000000000000000	false	false	false	false	UNRESOLVED	WAVE_LIMIT
7	U03-0000000005_S04-0000000003	U03-0000000005_S03-0000000001	3	5	4	3	8e1763d7fc2bff61bca0761f7eefb47f9db9d0bf582b1dc2ae82e2f518b2bd1c	H_PG_INVALID_NO_SIGNED_CHART	ca92d637a29cc7a17fc5e644f98f98392e639464b869addc7e88a794a0751d5b	598032e6be03ebfb0a23a0b4e302bf533ced85983f279826456b88513150b3f3	H_APG_NOT_ELIGIBLE	e3b0c44298fc1c149afbf4c8996fb92427ae41e4649b934ca495991b7852b855	0000000000000000000000000000000000000000000000000000000000000000	false	false	false	false	UNRESOLVED	WAVE_LIMIT
7	U03-0000000005_S04-0000000004	U03-0000000005_S03-0000000002	3	5	4	4	8e1763d7fc2bff61bca0761f7eefb47f9db9d0bf582b1dc2ae82e2f518b2bd1c	H_PG_INVALID_NO_SIGNED_CHART	552470ce7640f44b00e55faf36c37147380df348d5112f239b287dd6009c8712	82aaa67aa36ef5b858495bb7a3d658a6cf8302f85f02fb3559e5f1fcbd76bcbf	H_APG_NOT_ELIGIBLE	e3b0c44298fc1c149afbf4c8996fb92427ae41e4649b934ca495991b7852b855	0000000000000000000000000000000000000000000000000000000000000000	false	false	false	false	UNRESOLVED	WAVE_LIMIT
7	U03-0000000005_S04-0000000005	U03-0000000005_S03-0000000002	3	5	4	5	8e1763d7fc2bff61bca0761f7eefb47f9db9d0bf582b1dc2ae82e2f518b2bd1c	H_PG_CAPD_SET	e3b0c44298fc1c149afbf4c8996fb92427ae41e4649b934ca495991b7852b855	0000000000000000000000000000000000000000000000000000000000000000	H_APG_NOT_ELIGIBLE	e3b0c44298fc1c149afbf4c8996fb92427ae41e4649b934ca495991b7852b855	0000000000000000000000000000000000000000000000000000000000000000	false	false	false	false	UNRESOLVED	WAVE_LIMIT
7	U03-0000000005_S04-0000000006	U03-0000000005_S03-0000000003	3	5	4	6	8e1763d7fc2bff61bca0761f7eefb47f9db9d0bf582b1dc2ae82e2f518b2bd1c	H_PG_CAPD_SET	e3b0c44298fc1c149afbf4c8996fb92427ae41e4649b934ca495991b7852b855	0000000000000000000000000000000000000000000000000000000000000000	H_APG_NOT_ELIGIBLE	e3b0c44298fc1c149afbf4c8996fb92427ae41e4649b934ca495991b7852b855	0000000000000000000000000000000000000000000000000000000000000000	false	false	false	false	UNRESOLVED	WAVE_LIMIT
7	U03-0000000005_S04-0000000007	U03-0000000005_S03-0000000003	3	5	4	7	8e1763d7fc2bff61bca0761f7eefb47f9db9d0bf582b1dc2ae82e2f518b2bd1c	H_PG_CAPD_SET	e3b0c44298fc1c149afbf4c8996fb92427ae41e4649b934ca495991b7852b855	0000000000000000000000000000000000000000000000000000000000000000	H_APG_NOT_ELIGIBLE	e3b0c44298fc1c149afbf4c8996fb92427ae41e4649b934ca495991b7852b855	0000000000000000000000000000000000000000000000000000000000000000	false	false	false	false	UNRESOLVED	WAVE_LIMIT
7	U03-0000000005_S04-0000000008	U03-0000000005_S03-0000000004	3	5	4	8	8e1763d7fc2bff61bca0761f7eefb47f9db9d0bf582b1dc2ae82e2f518b2bd1c	H_PG_CAPD_SET	e3b0c44298fc1c149afbf4c8996fb92427ae41e4649b934ca495991b7852b855	0000000000000000000000000000000000000000000000000000000000000000	H_APG_NOT_ELIGIBLE	e3b0c44298fc1c149afbf4c8996fb92427ae41e4649b934ca495991b7852b855	0000000000000000000000000000000000000000000000000000000000000000	false	false	false	false	UNRESOLVED	WAVE_LIMIT
7	U03-0000000005_S04-0000000009	U03-0000000005_S03-0000000004	3	5	4	9	8e1763d7fc2bff61bca0761f7eefb47f9db9d0bf582b1dc2ae82e2f518b2bd1c	H_PG_CAPD_SET	e3b0c44298fc1c149afbf4c8996fb92427ae41e4649b934ca495991b7852b855	0000000000000000000000000000000000000000000000000000000000000000	H_APG_NOT_ELIGIBLE	e3b0c44298fc1c149afbf4c8996fb92427ae41e4649b934ca495991b7852b855	0000000000000000000000000000000000000000000000000000000000000000	false	false	false	false	UNRESOLVED	WAVE_LIMIT
7	U03-0000000005_S04-0000000010	U03-0000000005_S03-0000000005	3	5	4	10	8e1763d7fc2bff61bca0761f7eefb47f9db9d0bf582b1dc2ae82e2f518b2bd1c	H_PG_CAPD_SET	e3b0c44298fc1c149afbf4c8996fb92427ae41e4649b934ca495991b7852b855	0000000000000000000000000000000000000000000000000000000000000000	H_APG_NOT_ELIGIBLE	e3b0c44298fc1c149afbf4c8996fb92427ae41e4649b934ca495991b7852b855	0000000000000000000000000000000000000000000000000000000000000000	false	false	false	false	UNRESOLVED	WAVE_LIMIT
7	U03-0000000005_S04-0000000011	U03-0000000005_S03-0000000005	3	5	4	11	8e1763d7fc2bff61bca0761f7eefb47f9db9d0bf582b1dc2ae82e2f518b2bd1c	H_PG_CAPD_SET	e3b0c44298fc1c149afbf4c8996fb92427ae41e4649b934ca495991b7852b855	0000000000000000000000000000000000000000000000000000000000000000	H_APG_NOT_ELIGIBLE	e3b0c44298fc1c149afbf4c8996fb92427ae41e4649b934ca495991b7852b855	0000000000000000000000000000000000000000000000000000000000000000	false	false	false	false	UNRESOLVED	WAVE_LIMIT
7	U03-0000000005_S04-0000000012	U03-0000000005_S03-0000000006	3	5	4	12	8e1763d7fc2bff61bca0761f7eefb47f9db9d0bf582b1dc2ae82e2f518b2bd1c	H_PG_CAPD_SET	e3b0c44298fc1c149afbf4c8996fb92427ae41e4649b934ca495991b7852b855	0000000000000000000000000000000000000000000000000000000000000000	H_APG_NOT_ELIGIBLE	e3b0c44298fc1c149afbf4c8996fb92427ae41e4649b934ca495991b7852b855	0000000000000000000000000000000000000000000000000000000000000000	false	false	false	false	UNRESOLVED	WAVE_LIMIT
7	U03-0000000005_S04-0000000013	U03-0000000005_S03-0000000006	3	5	4	13	8e1763d7fc2bff61bca0761f7eefb47f9db9d0bf582b1dc2ae82e2f518b2bd1c	H_PG_CAPD_SET	e3b0c44298fc1c149afbf4c8996fb92427ae41e4649b934ca495991b7852b855	0000000000000000000000000000000000000000000000000000000000000000	H_APG_NOT_ELIGIBLE	e3b0c44298fc1c149afbf4c8996fb92427ae41e4649b934ca495991b7852b855	0000000000000000000000000000000000000000000000000000000000000000	false	false	false	false	UNRESOLVED	WAVE_LIMIT
7	U03-0000000005_S04-0000000014	U03-0000000005_S03-0000000007	3	5	4	14	8e1763d7fc2bff61bca0761f7eefb47f9db9d0bf582b1dc2ae82e2f518b2bd1c	H_PG_CAPD_SET	e3b0c44298fc1c149afbf4c8996fb92427ae41e4649b934ca495991b7852b855	0000000000000000000000000000000000000000000000000000000000000000	H_APG_NOT_ELIGIBLE	e3b0c44298fc1c149afbf4c8996fb92427ae41e4649b934ca495991b7852b855	0000000000000000000000000000000000000000000000000000000000000000	false	false	false	false	UNRESOLVED	WAVE_LIMIT
7	U03-0000000005_S04-0000000015	U03-0000000005_S03-0000000007	3	5	4	15	8e1763d7fc2bff61bca0761f7eefb47f9db9d0bf582b1dc2ae82e2f518b2bd1c	H_PG_CAPD_SET	e3b0c44298fc1c149afbf4c8996fb92427ae41e4649b934ca495991b7852b855	0000000000000000000000000000000000000000000000000000000000000000	H_APG_NOT_ELIGIBLE	e3b0c44298fc1c149afbf4c8996fb92427ae41e4649b934ca495991b7852b855	0000000000000000000000000000000000000000000000000000000000000000	false	false	false	false	UNRESOLVED	WAVE_LIMIT
7	U03-0000000006_S04-0000000000	U03-0000000006_S03-0000000000	3	6	4	0	8e1763d7fc2bff61bca0761f7eefb47f9db9d0bf582b1dc2ae82e2f518b2bd1c	H_PG_CAPD_SET	e3b0c44298fc1c149afbf4c8996fb92427ae41e4649b934ca495991b7852b855	0000000000000000000000000000000000000000000000000000000000000000	H_APG_NOT_ELIGIBLE	e3b0c44298fc1c149afbf4c8996fb92427ae41e4649b934ca495991b7852b855	0000000000000000000000000000000000000000000000000000000000000000	false	false	false	false	UNRESOLVED	WAVE_LIMIT
7	U03-0000000006_S04-0000000001	U03-0000000006_S03-0000000000	3	6	4	1	8e1763d7fc2bff61bca0761f7eefb47f9db9d0bf582b1dc2ae82e2f518b2bd1c	H_PG_CAPD_SET	e3b0c44298fc1c149afbf4c8996fb92427ae41e4649b934ca495991b7852b855	0000000000000000000000000000000000000000000000000000000000000000	H_APG_NOT_ELIGIBLE	e3b0c44298fc1c149afbf4c8996fb92427ae41e4649b934ca495991b7852b855	0000000000000000000000000000000000000000000000000000000000000000	false	false	false	false	UNRESOLVED	WAVE_LIMIT
7	U03-0000000006_S04-0000000002	U03-0000000006_S03-0000000001	3	6	4	2	8e1763d7fc2bff61bca0761f7eefb47f9db9d0bf582b1dc2ae82e2f518b2bd1c	H_PG_CAPD_SET	e3b0c44298fc1c149afbf4c8996fb92427ae41e4649b934ca495991b7852b855	0000000000000000000000000000000000000000000000000000000000000000	H_APG_NOT_ELIGIBLE	e3b0c44298fc1c149afbf4c8996fb92427ae41e4649b934ca495991b7852b855	0000000000000000000000000000000000000000000000000000000000000000	false	false	false	false	UNRESOLVED	WAVE_LIMIT
7	U03-0000000006_S04-0000000003	U03-0000000006_S03-0000000001	3	6	4	3	8e1763d7fc2bff61bca0761f7eefb47f9db9d0bf582b1dc2ae82e2f518b2bd1c	H_PG_CAPD_SET	e3b0c44298fc1c149afbf4c8996fb92427ae41e4649b934ca495991b7852b855	0000000000000000000000000000000000000000000000000000000000000000	H_APG_NOT_ELIGIBLE	e3b0c44298fc1c149afbf4c8996fb92427ae41e4649b934ca495991b7852b855	0000000000000000000000000000000000000000000000000000000000000000	false	false	false	false	UNRESOLVED	WAVE_LIMIT
7	U03-0000000006_S04-0000000004	U03-0000000006_S03-0000000002	3	6	4	4	8e1763d7fc2bff61bca0761f7eefb47f9db9d0bf582b1dc2ae82e2f518b2bd1c	H_PG_CAPD_SET	e3b0c44298fc1c149afbf4c8996fb92427ae41e4649b934ca495991b7852b855	0000000000000000000000000000000000000000000000000000000000000000	H_APG_NOT_ELIGIBLE	e3b0c44298fc1c149afbf4c8996fb92427ae41e4649b934ca495991b7852b855	0000000000000000000000000000000000000000000000000000000000000000	false	false	false	false	UNRESOLVED	WAVE_LIMIT
7	U03-0000000006_S04-0000000005	U03-0000000006_S03-0000000002	3	6	4	5	8e1763d7fc2bff61bca0761f7eefb47f9db9d0bf582b1dc2ae82e2f518b2bd1c	H_PG_CAPD_SET	e3b0c44298fc1c149afbf4c8996fb92427ae41e4649b934ca495991b7852b855	0000000000000000000000000000000000000000000000000000000000000000	H_APG_NOT_ELIGIBLE	e3b0c44298fc1c149afbf4c8996fb92427ae41e4649b934ca495991b7852b855	0000000000000000000000000000000000000000000000000000000000000000	false	false	false	false	UNRESOLVED	WAVE_LIMIT
7	U03-0000000006_S04-0000000006	U03-0000000006_S03-0000000003	3	6	4	6	8e1763d7fc2bff61bca0761f7eefb47f9db9d0bf582b1dc2ae82e2f518b2bd1c	H_PG_INVALID_NO_SIGNED_CHART	d081f2a04daa98502b39a0b48e5bbc6cc247d4eb28a5706d25220af46eaeb97b	7191c224b6b19611219e0302f218d9adb863e37824987dbb91fc4aa699e842e1	H_APG_NOT_ELIGIBLE	e3b0c44298fc1c149afbf4c8996fb92427ae41e4649b934ca495991b7852b855	0000000000000000000000000000000000000000000000000000000000000000	false	false	false	false	UNRESOLVED	WAVE_LIMIT
7	U03-0000000006_S04-0000000007	U03-0000000006_S03-0000000003	3	6	4	7	8e1763d7fc2bff61bca0761f7eefb47f9db9d0bf582b1dc2ae82e2f518b2bd1c	H_PG_CAPD_SET	e3b0c44298fc1c149afbf4c8996fb92427ae41e4649b934ca495991b7852b855	0000000000000000000000000000000000000000000000000000000000000000	H_APG_NOT_ELIGIBLE	e3b0c44298fc1c149afbf4c8996fb92427ae41e4649b934ca495991b7852b855	0000000000000000000000000000000000000000000000000000000000000000	false	false	false	false	UNRESOLVED	WAVE_LIMIT
7	U03-0000000006_S04-0000000008	U03-0000000006_S03-0000000004	3	6	4	8	8e1763d7fc2bff61bca0761f7eefb47f9db9d0bf582b1dc2ae82e2f518b2bd1c	H_PG_CAPD_SET	e3b0c44298fc1c149afbf4c8996fb92427ae41e4649b934ca495991b7852b855	0000000000000000000000000000000000000000000000000000000000000000	H_APG_NOT_ELIGIBLE	e3b0c44298fc1c149afbf4c8996fb92427ae41e4649b934ca495991b7852b855	0000000000000000000000000000000000000000000000000000000000000000	false	false	false	false	UNRESOLVED	WAVE_LIMIT
7	U03-0000000006_S04-0000000009	U03-0000000006_S03-0000000004	3	6	4	9	8e1763d7fc2bff61bca0761f7eefb47f9db9d0bf582b1dc2ae82e2f518b2bd1c	H_PG_CAPD_SET	e3b0c44298fc1c149afbf4c8996fb92427ae41e4649b934ca495991b7852b855	0000000000000000000000000000000000000000000000000000000000000000	H_APG_NOT_ELIGIBLE	e3b0c44298fc1c149afbf4c8996fb92427ae41e4649b934ca495991b7852b855	0000000000000000000000000000000000000000000000000000000000000000	false	false	false	false	UNRESOLVED	WAVE_LIMIT
7	U03-0000000006_S04-0000000010	U03-0000000006_S03-0000000005	3	6	4	10	8e1763d7fc2bff61bca0761f7eefb47f9db9d0bf582b1dc2ae82e2f518b2bd1c	H_PG_CAPD_SET	e3b0c44298fc1c149afbf4c8996fb92427ae41e4649b934ca495991b7852b855	0000000000000000000000000000000000000000000000000000000000000000	H_APG_NOT_ELIGIBLE	e3b0c44298fc1c149afbf4c8996fb92427ae41e4649b934ca495991b7852b855	0000000000000000000000000000000000000000000000000000000000000000	false	false	false	false	UNRESOLVED	WAVE_LIMIT
7	U03-0000000006_S04-0000000011	U03-0000000006_S03-0000000005	3	6	4	11	8e1763d7fc2bff61bca0761f7eefb47f9db9d0bf582b1dc2ae82e2f518b2bd1c	H_PG_CAPD_SET	e3b0c44298fc1c149afbf4c8996fb92427ae41e4649b934ca495991b7852b855	0000000000000000000000000000000000000000000000000000000000000000	H_APG_NOT_ELIGIBLE	e3b0c44298fc1c149afbf4c8996fb92427ae41e4649b934ca495991b7852b855	0000000000000000000000000000000000000000000000000000000000000000	false	false	false	false	UNRESOLVED	WAVE_LIMIT
7	U03-0000000006_S04-0000000012	U03-0000000006_S03-0000000006	3	6	4	12	8e1763d7fc2bff61bca0761f7eefb47f9db9d0bf582b1dc2ae82e2f518b2bd1c	H_PG_CAPD_SET	e3b0c44298fc1c149afbf4c8996fb92427ae41e4649b934ca495991b7852b855	0000000000000000000000000000000000000000000000000000000000000000	H_APG_NOT_ELIGIBLE	e3b0c44298fc1c149afbf4c8996fb92427ae41e4649b934ca495991b7852b855	0000000000000000000000000000000000000000000000000000000000000000	false	false	false	false	UNRESOLVED	WAVE_LIMIT
7	U03-0000000006_S04-0000000013	U03-0000000006_S03-0000000006	3	6	4	13	8e1763d7fc2bff61bca0761f7eefb47f9db9d0bf582b1dc2ae82e2f518b2bd1c	H_PG_CAPD_SET	e3b0c44298fc1c149afbf4c8996fb92427ae41e4649b934ca495991b7852b855	0000000000000000000000000000000000000000000000000000000000000000	H_APG_NOT_ELIGIBLE	e3b0c44298fc1c149afbf4c8996fb92427ae41e4649b934ca495991b7852b855	0000000000000000000000000000000000000000000000000000000000000000	false	false	false	false	UNRESOLVED	WAVE_LIMIT
7	U03-0000000006_S04-0000000014	U03-0000000006_S03-0000000007	3	6	4	14	8e1763d7fc2bff61bca0761f7eefb47f9db9d0bf582b1dc2ae82e2f518b2bd1c	H_PG_CAPD_SET	e3b0c44298fc1c149afbf4c8996fb92427ae41e4649b934ca495991b7852b855	0000000000000000000000000000000000000000000000000000000000000000	H_APG_NOT_ELIGIBLE	e3b0c44298fc1c149afbf4c8996fb92427ae41e4649b934ca495991b7852b855	0000000000000000000000000000000000000000000000000000000000000000	false	false	false	false	UNRESOLVED	WAVE_LIMIT
7	U03-0000000006_S04-0000000015	U03-0000000006_S03-0000000007	3	6	4	15	8e1763d7fc2bff61bca0761f7eefb47f9db9d0bf582b1dc2ae82e2f518b2bd1c	H_PG_CAPD_SET	e3b0c44298fc1c149afbf4c8996fb92427ae41e4649b934ca495991b7852b855	0000000000000000000000000000000000000000000000000000000000000000	H_APG_NOT_ELIGIBLE	e3b0c44298fc1c149afbf4c8996fb92427ae41e4649b934ca495991b7852b855	0000000000000000000000000000000000000000000000000000000000000000	false	false	false	false	UNRESOLVED	WAVE_LIMIT
7	U03-0000000007_S04-0000000000	U03-0000000007_S03-0000000000	3	7	4	0	8e1763d7fc2bff61bca0761f7eefb47f9db9d0bf582b1dc2ae82e2f518b2bd1c	H_PG_CAPD_SET	e3b0c44298fc1c149afbf4c8996fb92427ae41e4649b934ca495991b7852b855	0000000000000000000000000000000000000000000000000000000000000000	H_APG_NOT_ELIGIBLE	e3b0c44298fc1c149afbf4c8996fb92427ae41e4649b934ca495991b7852b855	0000000000000000000000000000000000000000000000000000000000000000	false	false	false	false	UNRESOLVED	WAVE_LIMIT
7	U03-0000000007_S04-0000000001	U03-0000000007_S03-0000000000	3	7	4	1	8e1763d7fc2bff61bca0761f7eefb47f9db9d0bf582b1dc2ae82e2f518b2bd1c	H_PG_CAPD_SET	e3b0c44298fc1c149afbf4c8996fb92427ae41e4649b934ca495991b7852b855	0000000000000000000000000000000000000000000000000000000000000000	H_APG_NOT_ELIGIBLE	e3b0c44298fc1c149afbf4c8996fb92427ae41e4649b934ca495991b7852b855	0000000000000000000000000000000000000000000000000000000000000000	false	false	false	false	UNRESOLVED	WAVE_LIMIT
7	U03-0000000007_S04-0000000002	U03-0000000007_S03-0000000001	3	7	4	2	8e1763d7fc2bff61bca0761f7eefb47f9db9d0bf582b1dc2ae82e2f518b2bd1c	H_PG_CAPD_SET	e3b0c44298fc1c149afbf4c8996fb92427ae41e4649b934ca495991b7852b855	0000000000000000000000000000000000000000000000000000000000000000	H_APG_NOT_ELIGIBLE	e3b0c44298fc1c149afbf4c8996fb92427ae41e4649b934ca495991b7852b855	0000000000000000000000000000000000000000000000000000000000000000	false	false	false	false	UNRESOLVED	WAVE_LIMIT
7	U03-0000000007_S04-0000000003	U03-0000000007_S03-0000000001	3	7	4	3	8e1763d7fc2bff61bca0761f7eefb47f9db9d0bf582b1dc2ae82e2f518b2bd1c	H_PG_CAPD_SET	e3b0c44298fc1c149afbf4c8996fb92427ae41e4649b934ca495991b7852b855	0000000000000000000000000000000000000000000000000000000000000000	H_APG_NOT_ELIGIBLE	e3b0c44298fc1c149afbf4c8996fb92427ae41e4649b934ca495991b7852b855	0000000000000000000000000000000000000000000000000000000000000000	false	false	false	false	UNRESOLVED	WAVE_LIMIT
7	U03-0000000007_S04-0000000004	U03-0000000007_S03-0000000002	3	7	4	4	8e1763d7fc2bff61bca0761f7eefb47f9db9d0bf582b1dc2ae82e2f518b2bd1c	H_PG_CAPD_SET	e3b0c44298fc1c149afbf4c8996fb92427ae41e4649b934ca495991b7852b855	0000000000000000000000000000000000000000000000000000000000000000	H_APG_NOT_ELIGIBLE	e3b0c44298fc1c149afbf4c8996fb92427ae41e4649b934ca495991b7852b855	0000000000000000000000000000000000000000000000000000000000000000	false	false	false	false	UNRESOLVED	WAVE_LIMIT
7	U03-0000000007_S04-0000000005	U03-0000000007_S03-0000000002	3	7	4	5	8e1763d7fc2bff61bca0761f7eefb47f9db9d0bf582b1dc2ae82e2f518b2bd1c	H_PG_CAPD_SET	e3b0c44298fc1c149afbf4c8996fb92427ae41e4649b934ca495991b7852b855	0000000000000000000000000000000000000000000000000000000000000000	H_APG_NOT_ELIGIBLE	e3b0c44298fc1c149afbf4c8996fb92427ae41e4649b934ca495991b7852b855	0000000000000000000000000000000000000000000000000000000000000000	false	false	false	false	UNRESOLVED	WAVE_LIMIT
7	U03-0000000007_S04-0000000006	U03-0000000007_S03-0000000003	3	7	4	6	8e1763d7fc2bff61bca0761f7eefb47f9db9d0bf582b1dc2ae82e2f518b2bd1c	H_PG_CAPD_SET	e3b0c44298fc1c149afbf4c8996fb92427ae41e4649b934ca495991b7852b855	0000000000000000000000000000000000000000000000000000000000000000	H_APG_NOT_ELIGIBLE	e3b0c44298fc1c149afbf4c8996fb92427ae41e4649b934ca495991b7852b855	0000000000000000000000000000000000000000000000000000000000000000	false	false	false	false	UNRESOLVED	WAVE_LIMIT
7	U03-0000000007_S04-0000000007	U03-0000000007_S03-0000000003	3	7	4	7	8e1763d7fc2bff61bca0761f7eefb47f9db9d0bf582b1dc2ae82e2f518b2bd1c	H_PG_CAPD_SET	e3b0c44298fc1c149afbf4c8996fb92427ae41e4649b934ca495991b7852b855	0000000000000000000000000000000000000000000000000000000000000000	H_APG_NOT_ELIGIBLE	e3b0c44298fc1c149afbf4c8996fb92427ae41e4649b934ca495991b7852b855	0000000000000000000000000000000000000000000000000000000000000000	false	false	false	false	UNRESOLVED	WAVE_LIMIT
7	U03-0000000007_S04-0000000008	U03-0000000007_S03-0000000004	3	7	4	8	8e1763d7fc2bff61bca0761f7eefb47f9db9d0bf582b1dc2ae82e2f518b2bd1c	H_PG_CAPD_SET	e3b0c44298fc1c149afbf4c8996fb92427ae41e4649b934ca495991b7852b855	0000000000000000000000000000000000000000000000000000000000000000	H_APG_NOT_ELIGIBLE	e3b0c44298fc1c149afbf4c8996fb92427ae41e4649b934ca495991b7852b855	0000000000000000000000000000000000000000000000000000000000000000	false	false	false	false	UNRESOLVED	WAVE_LIMIT
7	U03-0000000007_S04-0000000009	U03-0000000007_S03-0000000004	3	7	4	9	8e1763d7fc2bff61bca0761f7eefb47f9db9d0bf582b1dc2ae82e2f518b2bd1c	H_PG_CAPD_SET	e3b0c44298fc1c149afbf4c8996fb92427ae41e4649b934ca495991b7852b855	0000000000000000000000000000000000000000000000000000000000000000	H_APG_NOT_ELIGIBLE	e3b0c44298fc1c149afbf4c8996fb92427ae41e4649b934ca495991b7852b855	0000000000000000000000000000000000000000000000000000000000000000	false	false	false	false	UNRESOLVED	WAVE_LIMIT
7	U03-0000000007_S04-0000000010	U03-0000000007_S03-0000000005	3	7	4	10	8e1763d7fc2bff61bca0761f7eefb47f9db9d0bf582b1dc2ae82e2f518b2bd1c	H_PG_CAPD_SET	e3b0c44298fc1c149afbf4c8996fb92427ae41e4649b934ca495991b7852b855	0000000000000000000000000000000000000000000000000000000000000000	H_APG_NOT_ELIGIBLE	e3b0c44298fc1c149afbf4c8996fb92427ae41e4649b934ca495991b7852b855	0000000000000000000000000000000000000000000000000000000000000000	false	false	false	false	UNRESOLVED	WAVE_LIMIT
7	U03-0000000007_S04-0000000011	U03-0000000007_S03-0000000005	3	7	4	11	8e1763d7fc2bff61bca0761f7eefb47f9db9d0bf582b1dc2ae82e2f518b2bd1c	H_PG_CAPD_SET	e3b0c44298fc1c149afbf4c8996fb92427ae41e4649b934ca495991b7852b855	0000000000000000000000000000000000000000000000000000000000000000	H_APG_NOT_ELIGIBLE	e3b0c44298fc1c149afbf4c8996fb92427ae41e4649b934ca495991b7852b855	0000000000000000000000000000000000000000000000000000000000000000	false	false	false	false	UNRESOLVED	WAVE_LIMIT
7	U03-0000000007_S04-0000000012	U03-0000000007_S03-0000000006	3	7	4	12	8e1763d7fc2bff61bca0761f7eefb47f9db9d0bf582b1dc2ae82e2f518b2bd1c	H_PG_CAPD_SET	e3b0c44298fc1c149afbf4c8996fb92427ae41e4649b934ca495991b7852b855	0000000000000000000000000000000000000000000000000000000000000000	H_APG_NOT_ELIGIBLE	e3b0c44298fc1c149afbf4c8996fb92427ae41e4649b934ca495991b7852b855	0000000000000000000000000000000000000000000000000000000000000000	false	false	false	false	UNRESOLVED	WAVE_LIMIT
7	U03-0000000007_S04-0000000013	U03-0000000007_S03-0000000006	3	7	4	13	8e1763d7fc2bff61bca0761f7eefb47f9db9d0bf582b1dc2ae82e2f518b2bd1c	H_PG_CAPD_SET	e3b0c44298fc1c149afbf4c8996fb92427ae41e4649b934ca495991b7852b855	0000000000000000000000000000000000000000000000000000000000000000	H_APG_NOT_ELIGIBLE	e3b0c44298fc1c149afbf4c8996fb92427ae41e4649b934ca495991b7852b855	0000000000000000000000000000000000000000000000000000000000000000	false	false	false	false	UNRESOLVED	WAVE_LIMIT
7	U03-0000000007_S04-0000000014	U03-0000000007_S03-0000000007	3	7	4	14	8e1763d7fc2bff61bca0761f7eefb47f9db9d0bf582b1dc2ae82e2f518b2bd1c	H_PG_CAPD_SET	e3b0c44298fc1c149afbf4c8996fb92427ae41e4649b934ca495991b7852b855	0000000000000000000000000000000000000000000000000000000000000000	H_APG_NOT_ELIGIBLE	e3b0c44298fc1c149afbf4c8996fb92427ae41e4649b934ca495991b7852b855	0000000000000000000000000000000000000000000000000000000000000000	false	false	false	false	UNRESOLVED	WAVE_LIMIT
7	U03-0000000007_S04-0000000015	U03-0000000007_S03-0000000007	3	7	4	15	8e1763d7fc2bff61bca0761f7eefb47f9db9d0bf582b1dc2ae82e2f518b2bd1c	H_PG_CAPD_SET	e3b0c44298fc1c149afbf4c8996fb92427ae41e4649b934ca495991b7852b855	0000000000000000000000000000000000000000000000000000000000000000	H_APG_NOT_ELIGIBLE	e3b0c44298fc1c149afbf4c8996fb92427ae41e4649b934ca495991b7852b855	0000000000000000000000000000000000000000000000000000000000000000	false	false	false	false	UNRESOLVED	WAVE_LIMIT
