LEAF_INDEX	LAYER	LEAF_ID	U_DEPTH	U_INDEX	S_DEPTH	S_INDEX	INPUT_SHA256	RUN_CHALLENGE	ATTEMPT_BINDING	WORKER_RC	ELAPSED_MS	STDOUT_SHA256	STDERR_SHA256	COARSE_RETURN1_TIME	COARSE_RETURN2_TIME	FINE_RETURN1_TIME	FINE_RETURN2_TIME	COARSE_ELL	FINE_ELL	COARSE_INITIAL_NORMAL	COARSE_FINAL_NORMAL	FINE_INITIAL_NORMAL	FINE_FINAL_NORMAL	Q0_AREA	COARSE_DETERMINANT	FINE_DETERMINANT	ABSOLUTE_DETERMINANT_DELTA	C0HORECT2_LOWER	C0HORECT2_UPPER	C0RECT2_LOWER	C0RECT2_UPPER	COARSE_INSIDE_BOTH_CAPD	FINE_INSIDE_BOTH_CAPD	CENTER_REPLAY_SELF_CONSISTENT	POINTWISE_LEAF_PASS
1	D4	U07-0000000096_S08-0000000160	7	96	8	160	a53f767d8dcaaabc7de2abb33da363b4ab2d3cd3ce2c251bcd7d5c98d61efbb3	be0d11e923db0eb0e595ad8e8e212c990983a0717dbbf78a6e5671bdd0be7084	74659f786dd6e39c1586bad5dcb90b6e9634eb6023028da9e47eca83d74c3eef	0	989	725e91e451ece22c167e000d5dba4388d607e04d4a68129bfeb624a358696876	e3b0c44298fc1c149afbf4c8996fb92427ae41e4649b934ca495991b7852b855	2.4073408634227824870466250217759807128459215164185	6.5849701402527738777759047650306456489488482475281	2.40734086840277376750929505533349583856761455535888671875	6.5849701443348874936589698592115382780320942401885986328125	-18.444955347133498042498437862178799679733529371762	-18.444955300024302198644066922064463197818771794050079898111189426926456651133758	142.90176320856957014154510072200094962759621093750	54.304514931224149026080019962730196627290503962684	142.9017632085695701415451007220009496275962109375000000	54.304514299341166545977562806520429802732942281081658086481006378879094642147712	-0.00110672328822399115894163718122121252	-2.8424862406723521026865124853477672910813623861836E-11	-2.8424864076545402268941014100732466041788101574782324854507418474122672880197822E-11	1.669821881242075889247254793130974477712946324854507418474122672880197822E-18	-0x1.f43cd7622f354p-36	-0x1.f3df96bc115e3p-36	-0x1.f43ceb2bc3857p-36	-0x1.f3df82f5c89ebp-36	true	true	true	true
2	D4	U07-0000000096_S08-0000000161	7	96	8	161	187b000fa5ae3f9996ed10a3fcd678f2ddf8e3cc31d4c80020b42ddaac747d23	0df25b39c8eaaa3448c72e35eec7a185f7e33cffa31f8a164d226f692f048cc1	ebc3bc598b1f4f542b619e0803ac1bbf7c24c95a48c2a848a0f3a1ad9cbe39ef	0	983	52cc4216540d92f16adabfd584a73e57fd6cef0a8808cb2e52e2f49d6e3054df	e3b0c44298fc1c149afbf4c8996fb92427ae41e4649b934ca495991b7852b855	2.4073436293113385578412710685825004475191235542297	6.5849728608407178120920377750735497102141380310059	2.4073436342910671491279739342417087755165994167327880859375	6.58497286492260304469059661869323463179171085357666015625	-18.445091040168467014605839386845379869483599407765	-18.445090993059093562924741431587302491797903152986972589105875858249200146525533	142.88954914243360356222115889276272681067290771484	54.304498895643585348643120194167213243242262382621	142.8895491424336035622211588927627268106729077148437500	54.304498263747101761889335994420437463755885028792386211639102763151721156732221	-0.00110672328822399115894163718122121252	-2.8418584810719914234549460455245366323398472797737E-11	-2.8418586480185227759097332009963804726723866006063765467675855020513044675720735E-11	1.669465313524547871554718438403325393208326765467675855020513044675720735E-18	-0x1.f4208fde8c188p-36	-0x1.f3c35318cb89p-36	-0x1.f420a3a7aca87p-36	-0x1.f3c33f52f5fep-36	true	true	true	true
3	D4	U07-0000000096_S08-0000000162	7	96	8	162	bbde9977d55ecd43ed766e9557aa3d62e2a29ac2df083876c77b03788ffd7330	1e005d458e43e1fe5fbb6f0bc958bdf650e1c369166027b29083ac7b10cf612c	b30986bdc962e4834af971a2c04d45c05e8250a7c7c602581744608331a9342a	0	974	9c4c85af5edbe0326047fa96072cf6ade55ebb2c7d3c78446e56d73d17907c03	e3b0c44298fc1c149afbf4c8996fb92427ae41e4649b934ca495991b7852b855	2.4073463933989818000491744953706074738875031471252	6.5849755798641809792504098197696293937042355537415	2.407346398378447847876682175183304934762418270111083984375	6.5849755839458379742812343948799025383777916431427001953125	-18.445226737329415320135015863289600046206134839950	-18.445226690219864491236702915517066708466404270926714067065730236915301149388108	142.87733159551905931880482360045742862516732910156	54.304482242807187494430707775752096850819899366286	142.8773315955190593188048236004574286251673291015625000	54.304481610897221291332772742324481418080616480785866157679459905811294972589745	-0.00110672328822399115894163718122121252	-2.8412307907059864138332923127407667349959138612649E-11	-2.8412309576168632759129445404456800434913509888737239709879169233321299974917665E-11	1.669108768620796522277049133084954371276088239709879169233321299974917665E-18	-0x1.f404494e96a36p-36	-0x1.f3a71017aa6b6p-36	-0x1.f4045d0a2b9fdp-36	-0x1.f3a6fc5fda053p-36	true	true	true	true
4	D4	U07-0000000096_S08-0000000163	7	96	8	163	8b598bc82c9b9b0777a34af1d18e4724d553837f707f62bdb3c57dddbd32a10f	d635e54a5b92b551ca724b65efa96ad5f4177e961f3616cbbd53055bf7578c0a	d175cbb4ce754e96f9d5f480278d47f94a322ef000fafca35bf042105e486b96	0	977	b5945b139ecfc274e09a85a3e41d60030afa0fe0757364f73f30e7904a9ccfef	e3b0c44298fc1c149afbf4c8996fb92427ae41e4649b934ca495991b7852b855	2.4073491556854656747699294783160439692437648773193	6.5849782973229420354743801624408661155030131340027	2.4073491606646693248550139543340264935977756977081298828125	6.5849783014043709351847954991399092250503599643707275390625	-18.445362438617930240594404874238501432639164296770	-18.445362391508202238812396133521385586902632157473245020231663974647994862696311	142.86511056782593741129609484508505507107947509766	54.304464972643463338236661284431425854806744725164	142.8651105678259374112960948450850550710794750976562500	54.304464340720032635989306940786658678080333235754080846306642561690710917247730	-0.00110672328822399115894163718122121252	-2.8406031695676656315139712413838850341950887745227E-11	-2.8406033364428903793435822484445480872027769363666615038403969396268098149843905E-11	1.668752247478296110070606630530076881618439615038403969396268098149843905E-18	-0x1.f3e80363b3bf1p-36	-0x1.f38ace0cf3e2ep-36	-0x1.f3e8172d6033ap-36	-0x1.f38aba4690ce9p-36	true	true	true	true
5	D4	U07-0000000096_S08-0000000164	7	96	8	164	e5ee05013dc9946bf1996eef21fd519b85ef7b877a5a06570a3123a3faae2933	f2c1451ec085bed6c2983508686f6bf724c89fe0444645d07157af06cbcb1c52	24c1c702a0eb0b0ce84c441d55d275c2ee1b3bae79e842aa033d5c870ce512f9	0	982	97251d3b13cdbd0da69b2cb86b095c62a518a6cd82c290680c5e28c4f27092ff	e3b0c44298fc1c149afbf4c8996fb92427ae41e4649b934ca495991b7852b855	2.4073519161705436639198119053162372438237071037292	6.5849810132167797410707166250176669564098119735718	2.407351921149485061979245159591300762258470058441162109375	6.5849810172979806842386008014500475837849080562591552734375	-18.445498144035599744887739666792113787143684909138	-18.445498096925694748279449213905437747348554799092771966592480699680186158178283	142.85288605935423783969497262664560614840934570312	54.304447085080899676696056386258769557790649807793	142.8528860593542378396949726266456061484093457031250000	54.304446453144022219385672844222119254510635020758821885834188716438731732692644	-0.00110672328822399115894163718122121252	-2.8399756176503568583559889368441314133987042796905E-11	-2.8399757844899319627246817181464695100520364880266915652572711564927157275212731E-11	1.668395751043686927813023380966533322083361915652572711564927157275212731E-18	-0x1.f3cbbe44b5e56p-36	-0x1.f36e8ccef3975p-36	-0x1.f3cbd20e2ba7ep-36	-0x1.f36e7908c7f88p-36	true	true	true	true
6	D4	U07-0000000096_S08-0000000165	7	96	8	165	3ba4f893bdf8b31e860d1f8cd06db9c7e68fefee1ee4c0fb66332cdb9f7df0c0	77d56f0ab8ad4cbde66dfb4763b080981ff21acdb7e8f540d56a16ba9e8a8af9	7a15347583d46e4da7e895784d6bebed131fab50800a0578a8ff78e0db0cf03f	0	973	cf9cdfd51a9a2e05a8d2ad7a3ecc67cf9336a96a3de1ced7406ce4822989f5cc	e3b0c44298fc1c149afbf4c8996fb92427ae41e4649b934ca495991b7852b855	2.4073546748539692563539915681758429855108261108398	6.5849837275454729465518077802244079066440463066101	2.4073546798326485550434394866670118062756955623626708984375	6.584983731626446075424485826488307793624699115753173828125	-18.445633853584012385373412513011992503673091591015	-18.445633806473930597677962154998597279365028512274929834575072227337220119114765	142.84065807010396060400145694513908185715694091797	54.304428580047960684745087515833934077848865207975	142.8406580701039606040014569451390818571569409179687500	54.304427948097654610281920180729178399961528854679036507999622428375847144098431	-0.00110672328822399115894163718122121252	-2.8393481349473874774252412378871875185300021273621E-11	-2.8393483017513153160767537204170918437327592576293930168631449735063601303352692E-11	1.668039278386515124825299043252027571302672930168631449735063601303352692E-18	-0x1.f3af79f20cec9p-36	-0x1.f3524c5d3266bp-36	-0x1.f3af8dba99ae7p-36	-0x1.f3523897eeb96p-36	true	true	true	true
7	D4	U07-0000000096_S08-0000000166	7	96	8	166	404f5f8e96592aa19981fd1c044b7b7e3783bc3c9fa5e715ba25b5a72f681b6e	4f90ea3745136ff81d1add8828d569569db2e82b42ad70106c6052a76102dbd2	1e2081bc8a76479f4abeefb02833fbe303f69fce2176ac65798c5c4af8b77d7c	0	981	902e05e3d600f6bb04e340076ab5913be95cb9a98a1e4832fe30b51d318f2220	e3b0c44298fc1c149afbf4c8996fb92427ae41e4649b934ca495991b7852b855	2.4073574317354959686832138743284303927794098854065	6.5849864403088006065134507593938906211405992507935	2.4073574367139133102500014871338862576521933078765869140625	6.584986444389546063338247705587491509504616260528564453125	-18.445769567264757401755466823013919722091236330102	-18.445769520154499026414611047681114705964014499066611061637734932306196197244566	142.82842660007510570421554780056548219732226074219	54.304409457473089439794968953798302273694816445559	142.8284266000751057042155478005654821973222607421875000	54.304408825509372896449735228678475130679041313104858965226741804410666413176734	-0.00110672328822399115894163718122121252	-2.8387207214520840991977182905393870436256792266233E-11	-2.8387208882203670507053292117532342327367283821049716511299096149176794677327217E-11	1.667682829515076109212138471891110491554816716511299096149176794677327217E-18	-0x1.f393366bcf137p-36	-0x1.f3360cb78deccp-36	-0x1.f3934a341061p-36	-0x1.f335f8f294aa6p-36	true	true	true	true
8	D4	U07-0000000096_S08-0000000167	7	96	8	167	6a1ce978ba7ac7c806dde196c31b9ea30c3ee655378532b2ff72579c78ab3b39	6820fe8ba17a10fb36c7124c626bbfca34239e750bb2fb2b6a785dc0cf9d549f	dc7d2908e455dc31f3e54168f9a2504d902a4f2dc20b558e162bc6207b045e9d	0	990	5cd11870d6c03fe5b51d4dac99ea639e99cc509622c2880fc50cd741de7c6004	e3b0c44298fc1c149afbf4c8996fb92427ae41e4649b934ca495991b7852b855	2.4073601868148773244571181351147970417514443397522	6.5849891515065417796348512524673424195498228073120	2.407360191793032865026358280147178447805345058441162109375	6.5849891555870597066590921286888260510750114917755126953125	-18.445905285079424721058661119859592011554095327534	-18.445905237968989961216676138982358745040423277156776393586433691071977653210428	142.81619164926767314033724519292480716890530517578	54.304389717284707912035178874359494181234136817991	142.8161916492676731403372451929248071689053051757812500	54.304389085307599058441220247111978463543184360320176105763813564684090076063701	-0.00110672328822399115894163718122121252	-2.8380933771577725633460216464864881418832180294823E-11	-2.8380935438904130071121779580648430776502010665078897321871152507920150115814771E-11	1.667326404437661563115783549357669830370255897321871152507920150115814771E-18	-0x1.f376f3b213b1bp-36	-0x1.f319cddde217dp-36	-0x1.f3770779d59cap-36	-0x1.f319ba1969ba3p-36	true	true	true	true
9	D4	U07-0000000096_S08-0000000168	7	96	8	168	af91626caa1486fb162f5f05ef97bf71b7bea08b0751648de308a60567b98296	1e0e1eae16414c8a6b48db6b29d5ef9794ab0be89680809d0776322965269726	d5f66b6d41672697de2482415dec6610a3fcd192e886cd32d858f75cbf7d5eb8	0	983	8dd3b204d4d4458df84c2ad1874509a7744c57066d6ada3abe602a29aa4bff4d	e3b0c44298fc1c149afbf4c8996fb92427ae41e4649b934ca495991b7852b855	2.4073629400918668819198131814118823967874050140381	6.5849918611384756286786235079944162862375378608704	2.407362945069760763738830888769371085800230503082275390625	6.584991865218766164680186392388350213877856731414794921875	-18.446041007029604957603458981150223934492642828353	-18.446040959918993990128071960670507127745314013124224100612573619350941625834779	142.80395321768166291236654912221705677190607421875	54.304369359411216954730153674035350885642553991362	142.8039532176816629123665491222170567719060742187500000	54.304368727420733576423482832364412582247996551072464106310319868137306894546651	-0.00110672328822399115894163718122121252	-2.8374661020577779405249943922941866310622663827518E-11	-2.8374662687547783505317006676718148675615019842891103324762699678231614014900223E-11	1.666970004100067062753776282364992356015373103324762699678231614014900223E-18	-0x1.f35ab1bcf80eep-36	-0x1.f2fd8fd84657fp-36	-0x1.f35ac5843cc65p-36	-0x1.f2fd7c144a64bp-36	true	true	true	true
10	D4	U07-0000000096_S08-0000000169	7	96	8	169	50dc2c6e570a950d4933c2f2e89fdbb8d7e111800c3258b56eddde95d7524b4c	de3a228a58c3ed67c6b5d625fc014239774a3b5b10f3ce50bf07883a946d31f1	13f5ee74afb6687adac4d12500f10821b9befa13e576c0b1eb9b67ceeb948c43	0	983	cdc1c37624ee11a58436534efac908a9a8ff04e9e997abfcefed195e416cf0c1	e3b0c44298fc1c149afbf4c8996fb92427ae41e4649b934ca495991b7852b855	2.4073656915662182062543017480038542998954653739929	6.5849945692043814066130025253187341149896383285522	2.4073656965438505715704220477846320136450231075286865234375	6.5849945732844446973086593999369142693467438220977783203125	-18.446176733116889309065103713345534329106220300584	-18.446176686006102362484266390837192062914725917664244536837167816023776113096419	142.79171130531707502030345958844223100632456787109	54.304348383780994760663344669655589678480018784896	142.7917113053170750203034595884422310063245678710937500	54.304347751777155420471947069944559751248956851489535385206989069944444361428051	-0.00110672328822399115894163718122121252	-2.8368388961454249090765115459656771121540529187140E-11	-2.8368390628067875726119206647995682934019605401121092697960506516966244654531674E-11	1.666613626635354091188338911812479076213981092697960506516966244654531674E-18	-0x1.f33e709bcc645p-36	-0x1.f2e15296e97b4p-36	-0x1.f33e84628a1c6p-36	-0x1.f2e13ed374fbep-36	true	true	true	true
11	D4	U07-0000000096_S08-0000000170	7	96	8	170	4fa9cb21e3cc709acdca228fb8f5c16af4caf4c07fecd55b84b30f52aa1e7339	89b4189aa8a7360d1c88be7b69dd3193e557b951ee2b03884c90aebb301fb6f4	59e3e97c53fcb74a2f02c0b72413182a9009309edf484c74514b99038ca57c92	0	974	70308b056d9b6f3c63bce130e7525330c897bc5d71789b710bcbd741955b868c	e3b0c44298fc1c149afbf4c8996fb92427ae41e4649b934ca495991b7852b855	2.4073684412376848626435865696748805930837988853455	6.5849972757040384774285257662995718419551849365234	2.40736844621505587105136925174520001746714115142822265625	6.584997279783874661596154709286565775983035564422607421875	-18.446312463342869712322228472421006792551677608524	-18.446312416231906962908166012948953894232152048424245587270111515797967845264058	142.77946591217390946414797659160032987216078613281	54.304326790322399153199000035069690572228941236544	142.7794659121739094641479765916003298721607861328125000	54.304326158305221657396538860429193915744860846717415756823034887632091097618898	-0.00110672328822399115894163718122121252	-2.8362117594140371941427930622230276583161516042812E-11	-2.8362119260397645868038793122889259277412213921494803026138720168703576894196186E-11	1.666257273926610862500658982694250697878682803026138720168703576894196186E-18	-0x1.f32230470ec32p-36	-0x1.f2c516217efd7p-36	-0x1.f322440d370bp-36	-0x1.f2c5025e9f9cdp-36	true	true	true	true
12	D4	U07-0000000096_S08-0000000171	7	96	8	171	c5c2a84e13e009ffcd1107a88bd2f9fe281c7d134bfe615b8cb31b1891957d3c	87d72fe72683fe8d5f96285a10f70d1f9455abd46f625166bf46d76e6e455f3e	2839a6ded2bba65f84783c665703c0eff55742c9b84aa5289cb717247918d500	0	996	ea2883e0c3f70a996054e2961ebacc855d51bfbd81e2af5def5508d1036e69f6	e3b0c44298fc1c149afbf4c8996fb92427ae41e4649b934ca495991b7852b855	2.4073711891060204717818216124669561395421624183655	6.5849999806372263022602453474974026903510093688965	2.4073711940831302620591447549713848275132477283477783203125	6.5849999847168355186777244369977779570035636425018310546875	-18.446448197709138739515782298504030754559333475904	-18.446448150598000363242808487715323577998231598853185169671268544483913226041198	142.76721703825216624390010013169135336941472900391	54.304304578963766042712468481906957329275214728790	142.7672170382521662439001001316913533694147290039062500	54.304303946933268207946171059371844430426947018901157420494560030230855828854499	-0.00110672328822399115894163718122121252	-2.8355846918569379444109656346002691372130830625766E-11	-2.8355848584470325425601206885318424621110383790098317755440620165015513183078422E-11	1.665900945981491550539315733248979553164332317755440620165015513183078422E-18	-0x1.f305f0be766cap-36	-0x1.f2a8da7842ep-36	-0x1.f3060484504e1p-36	-0x1.f2a8c6b5b3087p-36	true	true	true	true
13	D4	U07-0000000096_S08-0000000172	7	96	8	172	d1b206c1d6f45a0d3a89d2229bc401f392b1d274c8fdda950be12d7fea8fba93	46ea5c75f6086176a24d86aed2402e0c028f4f98794dae4727cdce51d92f329c	a079e2fc6e3207f602c1478e7dabcb2aab3d0eddbcfc2ba85536a868c1a95cba	0	981	8a7786097fab5231b06b96a979904aa7dab74f7579d9b72e2cb8447f5569717a	e3b0c44298fc1c149afbf4c8996fb92427ae41e4649b934ca495991b7852b855	2.4073739351709786404853730346076190471649169921875	6.5850026840037244463266219440811255481094121932983	2.407373940147827358349008619597952929325401782989501953125	6.5850026880831068372412762101930638891644775867462158203125	-18.446583936217289649981646639193436075795514837107	-18.446583889105975848505016473681117067552853917469582457238167256785461183840884	142.75496468355184535955983020871530149808639648438	54.304281749633410183786973236686484186115692681500	142.7549646835518453595598302087153014980863964843750000	54.304281117589610220539534543615481346920715107836842424414318236590183094683287	-0.00110672328822399115894163718122121252	-2.8349576934674495463521769875636008493007482190199E-11	-2.8349578600219137334490488664799880403336364658157651027989037113953831787644585E-11	1.665544641870968718789163871910328882467958651027989037113953831787644585E-18	-0x1.f2e9b2026732cp-36	-0x1.f28c9f9aca17bp-36	-0x1.f2e9c5c79fc1fp-36	-0x1.f28c8bd8db48cp-36	true	true	true	true
14	D4	U07-0000000096_S08-0000000173	7	96	8	173	a1606b44e5b68c5d43f0e59032b18dabcdd9d2085b5279794df41507f7879a0d	50bfeade223bbcb2af216a3e121026bc6be4a32620cd6aa246be85d778a11326	367774f7daaa0497308cfeb7be55d06681a0652b6d99ea63745ca9e7af79c702	0	975	9cbd917aca195f247e8dcfb37338ccb4da6a764fe877ca239bb4584326eea1a8	e3b0c44298fc1c149afbf4c8996fb92427ae41e4649b934ca495991b7852b855	2.4073766794323130033261826099533209344372153282166	6.5850053858033125719906308859208365902304649353027	2.4073766844089008014317965233885843190364539623260498046875	6.5850053898824682796497853587425197474658489227294921875	-18.446719678868916338267338618189747681869602786528	-18.446719631757427312944182608402589008779327891347152552100531730740471642460581	142.74270884807294681112716682267217425817578857422	54.304258302259624398560674061978750212106666443550	142.7427088480729468111271668226721742581757885742187500	54.304257670202540527691100004953729132932730208094021943633300444970979640604233	-0.00110672328822399115894163718122121252	-2.8343307642388938132969045757416002666771963451642E-11	-2.8343309307577299736280271060171203994603687205640188333994683468496461438181816E-11	1.665188361603311225302755201327831723753998188333994683468496461438181816E-18	-0x1.f2cd7411f9e13p-36	-0x1.f2706589eff9bp-36	-0x1.f2cd87d71ad3bp-36	-0x1.f27051c818e53p-36	true	true	true	true
15	D4	U07-0000000096_S08-0000000174	7	96	8	174	a29cde5185c400fabece8a032d49071f3096f2f9919e9db3d437da884952bf5b	aab82cbee424eb8f9b03b0715126f7054861544965ea76a220c29caef4ba48bc	59f84cc1043179c9cdb3b06cc3b83df7e12129007a02baf946ae2998aa1094ba	0	986	129585c10615facb81f210a319fe8e4add4fb80e8529d3d30cf0f2cdd638af0d	e3b0c44298fc1c149afbf4c8996fb92427ae41e4649b934ca495991b7852b855	2.4073794218897772087539799201749701751396059989929	6.5850080860357704387597621575878292787820100784302	2.407379426866104239757238048014187370426952838897705078125	6.585008090114699612349635771124667371623218059539794921875	-18.446855425665613334106562057917415911509237059369	-18.446855378553949337953697415926670088121080855868224474827964839418562919507772	142.73044953181547059860210997356197164968290527344	54.304234236770679566992046944917559017990091444138	142.7304495318154705986021099735619716496829052734375000	54.304233604700330786654202969382575778135442383837840986471592731848894884001088	-0.00110672328822399115894163718122121252	-2.8337039041645919870078977453794602783856787903537E-11	-2.8337040706478023184337145656592007447580343233680434354332519339611698709127852E-11	1.664832103314258168202797404663723555330143434354332519339611698709127852E-18	-0x1.f2b136ee35dc1p-36	-0x1.f2542c44a2b9bp-36	-0x1.f2b14ab2c7d57p-36	-0x1.f25418835bf37p-36	true	true	true	true
16	D4	U07-0000000096_S08-0000000175	7	96	8	175	d3749ea15205898b8d54177424cd59f6fdf1ef001122376332787cb61243df1a	6ef55d8b687a693cf7af6da214f3d85d3cba90d4e34ba3028acf92ff2bbf61bc	35bf302341619d8a57870d33e9501e57871d81628c4cd8f64228d94d1c75d5f3	0	985	8be8236f631d6800eaf9e4cfb4c0cff15913691871282545bee5c35a6aa118ef	e3b0c44298fc1c149afbf4c8996fb92427ae41e4649b934ca495991b7852b855	2.4073821625431249399129640664796170312911272048950	6.5850107847008779241027021100762794958427548408508	2.4073821675191913425917444868673555902205407619476318359375	6.58501078877958069546227903856561169959604740142822265625	-18.446991176608975958267428690151118499765908256072	-18.446991129497137114108550235626219602909015868852478416372289906776890478959746	142.71818673477941672198465966138469367260774658203	54.304209553094826917863492503836374882214722997841	142.7181867347794167219846596613846936726077465820312500	54.304208921011230319301035019290577089960701252152429790093161303346602254675884	-0.00110672328822399115894163718122121252	-2.8330771132378641776189908433762905341106833969609E-11	-2.8330772796854513469782194036510111820848471143320526130418479168218670342235087E-11	1.664475871693592285602747206479741637173711526130418479168218670342235087E-18	-0x1.f294fa962b586p-36	-0x1.f237f3cbcc098p-36	-0x1.f2950e5a96f0cp-36	-0x1.f237e00aa9787p-36	true	true	true	true
17	D4	U07-0000000097_S08-0000000160	7	97	8	160	b323c0d9d9335b8fbddc68cfbf6d849d3e089a052cf3e88ef8551492f5034c3f	5620fdfb6dc9cef3c93acd5b8d0644d26a9e8b37e5101e2f61ac1cc8b040bbac	08a0d3da6cce289e1e702c9e9b816cbb786c301fbf51ee5cb6108a353ba65748	0	975	84f4cd30dbbc014ee7207ce546e32d937c8cc42ace7595ff09cfe2cdf4ed030d	e3b0c44298fc1c149afbf4c8996fb92427ae41e4649b934ca495991b7852b855	2.4073526104349418572314611708407028345391154289246	6.5849806228129885501965112837297056103125214576721	2.4073526154145915047222192839626586646772921085357666015625	6.5849806268947313203643290080435690470039844512939453125	-18.444910756352405535644042317844208703236692488762	-18.444910709245194521458417941939257550368664820407898395148664873524041270607258	142.90060493212057089058306883174505474760426982422	54.308013214443127781784898449647361463463448275679	142.9006049321205708905830688317450547476042698242187500	54.308012582595816118132969092141901967644261376464779003920147834915210792769220	-0.00110672328822399115894163718122121252	-2.8424068445194276585426758877968078910165489904562E-11	-2.8424070114873125081126614259768514917352008565299272946653418214049959651484049E-11	1.669678848495699855381800436007186518660737272946653418214049959651484049E-18	-0x1.f439440a99d3ep-36	-0x1.f3dc03509af7bp-36	-0x1.f43957d5bc963p-36	-0x1.f3dbef88c0a94p-36	true	true	true	true
18	D4	U07-0000000097_S08-0000000161	7	97	8	161	f2d5985264287d33181c227cc2e7d2872f8dd7f4450bc605d8e09b41a39b1269	aafb712390f9a65eb5d6cb58f01b4780eeef2b232f7ddfc7b675dfd9531a7ce3	b36e4a337daaeb90a99df7fe9c2a773dea57baf8f6070e87e34c9a2903d436ac	0	1013	05d6ff363a63c0443347dc10233bee6072d1dcc3ae77acc2c844174d44d86a2b	e3b0c44298fc1c149afbf4c8996fb92427ae41e4649b934ca495991b7852b855	2.4073553767912291082020637134064600104466080665588	6.5849833438184331782516700570795364910736680030823	2.40735538177061604570017294690842390991747379302978515625	6.584983347899947554726640674971349653787910938262939453125	-18.445046448376492317799448109891606939291985971598	-18.445046401269103772843866460703034604794816041193920271523971609462016183199889	142.88839093461878128165976267530969442258609843750	54.307997311715016202790734648264899670227555781969	142.8883909346187812816597626753096944225860984375000000	54.307996679854206553347426713321556373807438941354093143194401623921691446791773	-0.00110672328822399115894163718122121252	-2.8417790977165609065245797680255555923960064437536E-11	-2.8417792646487913203458416477862390422715699926742971906818424466312754046072965E-11	1.669322304138212618797606834498755635489206971906818424466312754046072965E-18	-0x1.f41cfcac6e612p-36	-0x1.f3bfbfd362e3ep-36	-0x1.f41d10771ede1p-36	-0x1.f3bfac0bfb099p-36	true	true	true	true
19	D4	U07-0000000097_S08-0000000162	7	97	8	162	a26419aef1393bfc1be5e51b82f88de1a1e535a8fbeaf7e7187c9efa38ddc368	a744d5b9580700a0ff996a2b9aeffa80b84ff3d0cd83a952952786dbeb18b64a	d1aa8b5fa3b077be357c4de368a7e073afdd252fd5f2c2bc46035085d3bc5c42	0	978	c95cbf484c1fcacb21de2b6959f834c4c34ba0ca388cb069725f3c0ec6dd4ba4	e3b0c44298fc1c149afbf4c8996fb92427ae41e4649b934ca495991b7852b855	2.4073581413465361469872227928590291412547230720520	6.5849860632591778741851129552742349915206432342529	2.4073581463256605202094551287927970406599342823028564453125	6.584986067340463995745114544888565433211624622344970703125	-18.445182144525160270295549645140159834471483108396	-18.445182097417594373134197100085514853780635865116485341984649089996202995686226	142.87617345633841400864406305580725872898565166016	54.307980791757145265049376247537111566499592555430	142.8761734563384140086440630558072587289856516601562500	54.307980159882855349996724615542552416238269453229244520399485886193489196234696	-0.00110672328822399115894163718122121252	-2.8411514201480680159977836427189407927640263719574E-11	-2.8411515870446464636168873381640700498416733930908216322655547895958785342343770E-11	1.668965784476191036954451292570776470211334216322655547895958785342343770E-18	-0x1.f400b61ad54f2p-36	-0x1.f3a37d224869ep-36	-0x1.f400c9e4e9433p-36	-0x1.f3a3695b7ccfp-36	true	true	true	true
20	D4	U07-0000000097_S08-0000000163	7	97	8	163	181c6d8646a3e24ce83f6bac52abb6f23db1b7cdb6acae9df4bd490782c272ea	87ae80d6c8c2aeaac31ec6d0c3ab99054e784c85e506cbe7ba2c6cf31101f2e1	2d96476a316ee730e5a8b03f920e6a890b0ad30ae3d27e817ae519ef76c6b443	0	985	b4db9faabfdeb1babec241902691553d34fa2309f35cfdeb22b03546e05259a3	e3b0c44298fc1c149afbf4c8996fb92427ae41e4649b934ca495991b7852b855	2.4073609041006164208087447775596956489607691764832	6.5849887811350012317701541064707271289080381393433	2.4073609090794783720024252460234492900781333446502685546875	6.5849887852160592337236177939985282137058675289154052734375	-18.445317844799996330687308678999782219455724946592	-18.445317797692253233607807739459454030719493095259611881004983518476696980223530	142.86395249727946907153596997323774766680292949219	54.307963654498026678558493559053062096483198512177	142.8639524972794690715359699732377476668029294921875000	54.307963022610273844849644982982496480632477104638753866702332180579810845171420	-0.00110672328822399115894163718122121252	-2.8405238118072775568303217179249786907494252746010E-11	-2.8405239786682066024203970196052278132286594444704758150368481386436060903315068E-11	1.668609290455900753016802491224792341698694758150368481386436060903315068E-18	-0x1.f3e470553d1fdp-36	-0x1.f3873b3dd35e9p-36	-0x1.f3e4841f14bf9p-36	-0x1.f387277743e1fp-36	true	true	true	true
21	D4	U07-0000000097_S08-0000000164	7	97	8	164	a1bc1903f68f83dd62901bafb2fb584ce8a01dce7ad569842f41e7d38a4c70ad	319804111cef67ac5053126f73523340442ec17f0cfa85a5a93233f27563675b	e1e8a9568fdc9e5f646250934efca565371877ff1c255b859695f87e31ace975	0	979	50242cf5a3a17aec445c8537ef16613cd572872b1b228ba54865e169766408d5	e3b0c44298fc1c149afbf4c8996fb92427ae41e4649b934ca495991b7852b855	2.4073636650532233768884360358697449555620551109314	6.5849914974456819419246222935271362075582146644592	2.4073636700318230587092305228225086466409265995025634765625	6.5849915015265119734577670129738180548883974552154541015625	-18.445453549202588072019467230218604135840251695147	-18.445453502094668030927953828914883766785562857942265204845733089569202953829725	142.85172805744194647033548342760116123603793193359	54.307945899866150313426362881524230648111731011601	142.8517280574419464703354834276011612360379319335937500	54.307945267964953452635758807046121825143828538239419753852669466587264392536720	-0.00110672328822399115894163718122121252	-2.8398962726875175097573548478437001448934085437200E-11	-2.8398964395127993428569463478760526795160907832145722566036732299715708971540762E-11	1.668252818330995915000323525346226822394945722566036732299715708971540762E-18	-0x1.f3c82b5c65614p-36	-0x1.f36afa2536ecp-36	-0x1.f3c83f25a263dp-36	-0x1.f36ae65f446f8p-36	true	true	true	true
22	D4	U07-0000000097_S08-0000000165	7	97	8	165	eb03747cbd328f1dd66c93a4a337bb9fd46d2847345e5d95c848041158c2fcd1	393cb9d587702aaa2786fc8826476cf1b1c6929d2c20d62932fe7d28bedb01db	91b863346966e0b9efac492b15eac9b7eb5f08ddba64a7fa8cf59690bcbf6ebb	0	1008	df1271bafa78c6296b010d17adc53e531996fdec485866e137934212f02feff3	e3b0c44298fc1c149afbf4c8996fb92427ae41e4649b934ca495991b7852b855	2.4073664242041104971425724556866043712943792343140	6.5849942121909988135275426657244679518043994903564	2.4073664291824480553072529431801740429364144802093505859375	6.584994216271601009948799543280983925797045230865478515625	-18.445589257734523858676006199906146503638829118102	-18.445589210626427025264716800176869542647106976156007815536256173734866416070773	142.83950013682584620504260341889749943669065898438	54.307927527789986491605935202662845128886087927738	142.8395001368258462050426034188974994366906589843750000	54.307926895875362971373951534920997239438424910391578898397129178167270925529502	-0.00110672328822399115894163718122121252	-2.8392688027821147050736904999354654385772857246386E-11	-2.8392689695717518914368554867997494211867265197464672570088545719668349671793875E-11	1.667896371863631649868642839826094407951078672570088545719668349671793875E-18	-0x1.f3abe72f2ccfbp-36	-0x1.f34eb9d991acdp-36	-0x1.f3abfaf7cf38ep-36	-0x1.f34ea61437a1bp-36	true	true	true	true
23	D4	U07-0000000097_S08-0000000166	7	97	8	166	fedf862c3377e8c2f951f5d7b25d297d4fe74e34efb76021bb97b589d52f5869	2eb765da0acf57c13eee1591bd551ca1fba80c5a432faa806baba8b4b891dc8a	69701985d4bd7c2101145773a109044507c88549e18dfc52793cee16af88ee4b	0	977	111c65517bdd50b7c638ec08eac25b5a311653eb4466ebefde968371153b23c1	e3b0c44298fc1c149afbf4c8996fb92427ae41e4649b934ca495991b7852b855	2.4073691815530312704263238288149295840412378311157	6.5849969253707307387246672192304686177521944046021	2.407369186531106854121109250854715355671942234039306640625	6.58499692945110524922025518890222883783280849456787109375	-18.445724970397392586564929616442585429202944005385	-18.445724923289119216144391041066820941433744269162396347138697656698394985562896	142.82726873543116827565732994712676226876111064453	54.307908538197982141513517242147163243217014361614	142.8272687354311682756573299471267622687611106445312500	54.307907906269950874101937050387219668889659429984683694338101223258683964302375	-0.00110672328822399115894163718122121252	-2.8386414020843957627772340914462537525861093813487E-11	-2.8386415688383904936887579880307315089105861732600705791643401912418601874141253E-11	1.667539947309115238965844777563244767919113705791643401912418601874141253E-18	-0x1.f38fa3ceed395p-36	-0x1.f3327a5977647p-36	-0x1.f38fb796ffc66p-36	-0x1.f3326694af2b7p-36	true	true	true	true
24	D4	U07-0000000097_S08-0000000167	7	97	8	167	8eb80b77250ee49482c26f6275147cf6bc269880f2620487ebc532a72d74e7ec	89ce1f8dced3dc0f889a35472cd7006ce165a7bfb4c87e5eed9e55732316eae2	2450ae989bee631004a52b1c4a87f450fb60d6dcaa49ff6a8c568577961ee4d7	0	976	0d1a58b9ddea736830cd8c7a2d4099391fc1a33d5f699bc0c6f668991ffe1aec	e3b0c44298fc1c149afbf4c8996fb92427ae41e4649b934ca495991b7852b855	2.4073719370997392064115416587810614146292209625244	6.5849996369846567276229443166357668815180659294128	2.40737194207755296482265094937247340567409992218017578125	6.5849996410648036875012945046137247118167579174041748046875	-18.445860687192783942883723557411126135860437675604	-18.445860640084334186550348140505755233383398093285253004771206994966913683757434	142.81503385325791268217966301228894973224928691406	54.307888931018564624024420438797301144356136651245	142.8150338532579126821796630122889497322492869140625000	54.307888299077142997769775257307429242336657967625510171936298148674820663863795	-0.00110672328822399115894163718122121252	-2.8380140705876861560005802735692371679740453794127E-11	-2.8380142373060409987939603264992473476038182753351576354628265644124425027057036E-11	1.667183548427933800529300101796297728959224576354628265644124425027057036E-18	-0x1.f373613ad0eb8p-36	-0x1.f3163ba5ba35cp-36	-0x1.f3737502835c6p-36	-0x1.f31627e151212p-36	true	true	true	true
25	D4	U07-0000000097_S08-0000000168	7	97	8	168	6f22781d6e447d735b856e550b8fa9b67839d1b5543e14b1df6ea6a3e8b97bec	9475a859115be307e60480905dfaeaf11fa930cb75b11e0a1d7af8c22cee5c16	81f1f9be8f5906000075262fd487fca49082e6a74aa0e8e65e5175dc486f51e4	0	978	aae129a7b2b0bed8e53bfd5432c27d2ae556ad0c273559358d3c41c917e1120d	e3b0c44298fc1c149afbf4c8996fb92427ae41e4649b934ca495991b7852b855	2.4073746908439878355867591608330258168280124664307	6.5850023470325558805349430713249603286385536193848	2.40737469582153991443096430202785995788872241973876953125	6.5850023511124754320433805077072975109331309795379638671875	-18.445996408122288198262072199411187748201837082942	-18.445996361013662258772271498897835097983233230437058580623496971748831032701422	142.80279549030607942460960261438406182715518779297	54.307868706180138654223818719490027541945491313214	142.8027954903060794246096026143840618271551877929687500	54.307868074225344834950237183384322888674779286909428187800415347388814143871670	-0.00110672328822399115894163718122121252	-2.8373868082853109632325502931550005332796371798071E-11	-2.8373869749680282984423533725957483743659423137088808921227309493187678067310867E-11	1.666827173352098030794407478410863051339017808921227309493187678067310867E-18	-0x1.f3571f731eeaep-36	-0x1.f2f9fdbe04571p-36	-0x1.f357333a519b9p-36	-0x1.f2f9e9fa1bf62p-36	true	true	true	true
26	D4	U07-0000000097_S08-0000000169	7	97	8	169	15e3f87886deac88c987853bf3af9247d72d68a72724bea7462f41b8f2cc2f28	74e083556842b7a54475168f38174a881aaaa389fde3aa736e352ed30890d321	bb2e15693092b59116665da1724bb0a95bd069d2bbfb2b331d9eaea25510a869	0	984	3d5ffc04bb548e669acc5d896729ec0653f1b5a622f7434cc6fd4b0cea793e19	e3b0c44298fc1c149afbf4c8996fb92427ae41e4649b934ca495991b7852b855	2.4073774427855307023182973580333054997026920318604	6.5850050555142073949177472513838438317179679870605	2.407377447762821247312370331883357721380889415740966796875	6.5850050595938996837730439182223562966100871562957763671875	-18.446132133187496258694873800964640037132579794613	-18.446132086078694364485913101763539757468724202149418096356268184874886153629688	142.79055364657566850294714875341209855347881328125	54.307847863611087058842309242953480853963669172441	142.7905536465756685029471487534120985534788132812500000	54.307847231642939606292818090611674918105007613194974242193363295066657641614784	-0.00110672328822399115894163718122121252	-2.8367596151705946822249156193793360997842909873975E-11	-2.8367597818176767974842017316995319108770376129296705147193303403103185809526621E-11	1.666470821152592861123201958110927466255321705147193303403103185809526621E-18	-0x1.f33ade7775629p-36	-0x1.f2ddc0a2b250ap-36	-0x1.f33af23e60174p-36	-0x1.f2ddacdf102c4p-36	true	true	true	true
27	D4	U07-0000000097_S08-0000000170	7	97	8	170	7023cc6e17032400bb7362deb80576dfa3ceb497e6ec162e0c65b2d1daf11a32	764927cfd90cdd936eb1c2aa78d9f8bda481549b23f7b62e4d4c3f4f796fc3d2	5a7e3228de2b8e9779c65846e9b82b1253b662c7e546ac85a0530f3b29d15390	0	986	150111f708f40d7b3552c7af183c820f4cc7ed300acb64a5f1af7a054fe27285	e3b0c44298fc1c149afbf4c8996fb92427ae41e4649b934ca495991b7852b855	2.4073801929241213579113711773516115499660372734070	6.5850077624293905861896369913210946833714842796326	2.407380197901150521710977869815906160511076450347900390625	6.5850077665088557511696709667603499838151037693023681640625	-18.446267862389999821391317382341716011267808917601	-18.446267815281022148644103354448903180209807562234279286120070826521712619788843	142.77830832206667991719230142937305991122016337891	54.307826403239773067940728421050933368320442354427	142.7783083220666799171923014293730599112201633789062500	54.307825771258289785080145124447458849625149503220808800138091478797723219745154	-0.00110672328822399115894163718122121252	-2.8361324912368606693031591065007101246204548779900E-11	-2.8361326578483100405591828520493949456349461824597271735404526343993960127458671E-11	1.666114493712560237455486848210144913044697271735404526343993960127458671E-18	-0x1.f31e9e4898d08p-36	-0x1.f2c18452f0ad9p-36	-0x1.f31eb20ece60bp-36	-0x1.f2c1709003dc6p-36	true	true	true	true
28	D4	U07-0000000097_S08-0000000171	7	97	8	171	229b32321823d6f1745096e10e6e1208f13e90cf9082bada02d39f8b4b84c4f9	d63cf3ffdee9e963c2c8e231162be9b81c9b65692719866aeffa2db6a374f7af	48d5c3dc1c4a3e6eeb842a596c20c7712e5ea8b3e57cc35aa7ff89068c309004	0	991	58f0a962b5206b7617b5cb514b7ec6e8ac8ad435c500ee88ce1bc73f44975027	e3b0c44298fc1c149afbf4c8996fb92427ae41e4649b934ca495991b7852b855	2.4073829412595133953045589692010253202170133590698	6.5850104677778848599745131764393590856343507766724	2.4073829462362813236264713623313582502305507659912109375	6.585010471857123036387715586670310585759580135345458984375	-18.446403595731391166917387100066897900050709232683	-18.446403548622237865535400991872089350215796716018482615679670692586305801869158	142.76605951677911366734506064226694590037923808594	54.307804324994537236656040262541201709906016402169	142.7660595167791136673450606422669459003792380859375000	54.307803692999735553243450672214759026283080516127839623610619970452419378104524	-0.00110672328822399115894163718122121252	-2.8355054364774318910873295966798523539157171227503E-11	-2.8355056030532510887448820523822320322334017528448086645265267088141286749517520E-11	1.665758191976575524557023796783176846300945086645265267088141286749517520E-18	-0x1.f3025ee576b4dp-36	-0x1.f2a548cfc9ec8p-36	-0x1.f30272aba529cp-36	-0x1.f2a5350ce4197p-36	true	true	true	true
29	D4	U07-0000000097_S08-0000000172	7	97	8	172	1548d0dcfb3225284dfee84d4a4fce5d6dc9e2114dface3d9dc7331cf9c644bf	a604f7a08f3681225cb08d4d646f0d42b00eac12e14bb52e8b111ad25b2d3cb3	fd49e7d5c6bf06cc142abb597683cde0e8a90799ccffa1f03eec5d1911063c3e	0	987	f2f6e58ca2ef28225800d7b437b34c8e04ead4edf98f026a9cf871ce53e94305	e3b0c44298fc1c149afbf4c8996fb92427ae41e4649b934ca495991b7852b855	2.4073856877914604074364390839946281630545854568481	6.5850131715594697121018974428352521499618887901306	2.4073856927679672425279822078891811543144285678863525390625	6.585013175638481049134487221863309969194233417510986328125	-18.446539333213263159170586377742836383040423632378	-18.446539286103934482674951545703184906346131398736287128027599430528817090999559	142.75380723071296975340542639209375652095603740234	54.307781628803697435486254536460384501444782729504	142.7538072307129697534054263920937565209560374023437500	54.307780996795596325901455559799602542186713298356844173158187649402173347150415	-0.00110672328822399115894163718122121252	-2.8348784508856309258597915087682566111287457814080E-11	-2.8348786174258221463500985987385226397310508231629858152377821235379224081418437E-11	1.665401912204903070899702660286023050417549858152377821235379224081418437E-18	-0x1.f2e6204efbaf6p-36	-0x1.f2890e1846f36p-36	-0x1.f2e6340d16aaap-36	-0x1.f288fa5db522fp-36	true	true	true	true
30	D4	U07-0000000097_S08-0000000173	7	97	8	173	07e2a5f7da1c1fee08629268590615a439c052202453bca65b719ccdbcbaf8db	e59c576112dabcb5fdd781084589aec3429cf434e7fc58ce4c02b859ec1a2acb	f2fcaf341d2cb1984467a4fb54cbd6d44769377b6f8bc7a666332d476c5744d0	0	976	fa6c3fb352599d319ebafda8568f274ed8a42959676ddba6c8729fa2820c6fa6	e3b0c44298fc1c149afbf4c8996fb92427ae41e4649b934ca495991b7852b855	2.4073884325197160011233776799599581863731145858765	6.5850158737739247563625077930282714078202843666077	2.407388437495961895640217420577755547128617763519287109375	6.5850158778527093962618099709516172879375517368316650390625	-18.446675074837209453186856005015324220527063392648	-18.446675027727705602842026501950923259325483134561168552380025417490759051447458	142.74155146386824817537339867885349177295056132812	54.307758314595551909078413009232625207320099029385	142.7415514638682481753733986788534917729505613281250000	54.307757682574169590931993254691109869518600055401822666238621752950278806403032	-0.00110672328822399115894163718122121252	-2.8342515344547792157417716893077195927485683754439E-11	-2.8342517009593448437468171253477566692260352420201512226944527536976870013376323E-11	1.665045656280050454360400370764774668665762512226944527536976870013376323E-18	-0x1.f2c9e27d755dep-36	-0x1.f26cd43450fecp-36	-0x1.f2c9f64254be3p-36	-0x1.f26cc072bb3fap-36	true	true	true	true
31	D4	U07-0000000097_S08-0000000174	7	97	8	174	82fe94784fdb24cd495f6dd15196f5445c6497a2da7c7525a981ab7f056c7725	f03f83dce2b42f351d267bc80eb4fdfa32ec8bb3d5f26f29d35f331bec589b8f	c8dcbc03436f52a1f1868a2dd8bfdcf35b528a39e495c69b56d35ceea5e8f26c	0	979	b0616ff85c2dcfe483a18f1c2cc013d53b93fb4d89b63d83aea4869ca44f087d	e3b0c44298fc1c149afbf4c8996fb92427ae41e4649b934ca495991b7852b855	2.4073911754440338178762104348606953863054513931274	6.5850185744210297106304707881463400553911924362183	2.4073911804200189175351187742535330471582710742950439453125	6.5850185784995877887049164911559273605234920978546142578125	-18.446810820604824391198999474731024096099278715483	-18.446810773495145516012661775796833241278101597363995590669068233368831100853045	142.72929221624494893324897750254615165636280986328	54.307734382298377732222613235637250666786367946917	142.7292922162449489332489775025461516563628098632812500	54.307733750263731666363845473829739289298925402375166379629514388929270725410607	-0.00110672328822399115894163718122121252	-2.8336246871781974434014336409673129262876625057636E-11	-2.8336248536471400516875917733141841550089619200456071006934490659978448824550652E-11	1.664689426082861581323468712287212994142820071006934490659978448824550652E-18	-0x1.f2ada57f0869cp-36	-0x1.f2509b153939ep-36	-0x1.f2adb943bae9bp-36	-0x1.f2508753d0947p-36	true	true	true	true
32	D4	U07-0000000097_S08-0000000175	7	97	8	175	b1ea74e67f578ab13ba2283d24d917d554d8d9a3de5312c367a8e0c7c88de3e1	6b011c4bb623620b072fa3fd7ce926e0b8fcf49372dfbb6701cbb14a168e7abd	d7a6bac23d27fdd4bd668c756f3a9b8322e4a5b91f82318718acd90b75916a48	0	980	2e231c07cba01992381bae8749f845d6f73ce4153233c24e589922f0e5929280	e3b0c44298fc1c149afbf4c8996fb92427ae41e4649b934ca495991b7852b855	2.4073939165641674922668791225532913813367486000061	6.5850212735005643760466398362041218206286430358887	2.407393921539891949723521946680193650536239147186279296875	6.585021277578896041482447998305360670201480388641357421875	-18.446946570517702846736981253401808047990209116968	-18.446946523407849199334151387597434660213795008449630289397184858530611199178133	142.71702948784307202703216286317173617119278300781	54.307709831840428498731794252885758100956840733113	142.7170294878430720270321628631717361711927830078125000	54.307709199792537690629593640557950882921060886583911209605465122272807847611758	-0.00110672328822399115894163718122121252	-2.8329979090492060954778303779410029200277984388428E-11	-2.8329980754825278830856188115416075804280146871881828411255588256050136387100371E-11	1.664333217876077884336006046604002162483453828411255588256050136387100371E-18	-0x1.f291694da2d61p-36	-0x1.f23462c148b77p-36	-0x1.f2917d1149cc4p-36	-0x1.f2344f00ea546p-36	true	true	true	true
33	D4	U07-0000000098_S08-0000000160	7	98	8	160	513bf580b0321451ae7dda3078673118ca285d43a617906398e2db480b8a9c96	143625a1af8141692c3ad216fae901d3bc6f21aa35051b77f243eec88c0bd891	ed6ac8db87f246aaf3fb714c8b3ea649a69f644a2d05edf5184a680fabe3e269	0	973	8ab71ff951a99f57eb0c8643dacd1580a40bf4493e510d3b26f2347017e1298a	e3b0c44298fc1c149afbf4c8996fb92427ae41e4649b934ca495991b7852b855	2.4073643579731859171166874489244946744292974472046	6.5849911067424095958977581233284581685438752174377	2.4073643629524939073494049779355918872170150279998779296875	6.5849911108237815828003736129403478116728365421295166015625	-18.444866172889669885277566315847624428573952134502	-18.444866125784443813548476440226966232781077588234167881125515860104950860673809	142.89944665956174581439075509414097501694842792969	54.311511388980669991761821827036503351176295040873	142.8994466595617458143907550941409750169484279296875000	54.311510757169026032008223959547790981292230910033174468453129650049548916740360	-0.00110672328822399115894163718122121252	-2.8423274471552438387181883303728649984808181425645E-11	-2.8423276141088263044235573173384645024314198657069601402295773178313030247303498E-11	1.669535824657053689869655995039506017231424601402295773178313030247303498E-18	-0x1.f435b087dec5ep-36	-0x1.f3d8700bf5376p-36	-0x1.f435c452a8b52p-36	-0x1.f3d85c447552dp-36	true	true	true	true
34	D4	U07-0000000098_S08-0000000161	7	98	8	161	9de0d33e559fa52b5ae0098f1ebb03d4a1c429497e816aec1b1b5e5f6065ca22	64e191938e308e8109807bfc4ea02c20954767a830a9ee772b571440705b8c29	df2c6a6bc5e0a44d75e9049a08714962e0cb77ae67d7e3cf9c620dd82d8d1918	0	987	19f7c5f88ff1f637c217470665dafb0b2dff21e8c71df4db848060542c6247ef	e3b0c44298fc1c149afbf4c8996fb92427ae41e4649b934ca495991b7852b855	2.4073671247972472167497848261064063990488648414612	6.5849938281654624705474532220250694081187248229980	2.407367129776292476173171763775826548226177692413330078125	6.5849938322466060360016459895859952666796743869781494140625	-18.445001863903431802506928804090823473966917880833	-18.445001816798028146621612327055832460883657292893450698290285575306850284682945	142.88723273069413317586808461050847718383538837891	54.311495619097489944746334422045573961094948356134	142.8872327306941331758680846105084771838353883789062500	54.311494987272349188566545545390933500906210837307386078519797288133723298637698	-0.00110672328822399115894163718122121252	-2.8416997131501138888583314797075387777987270506493E-11	-2.8416998800680447264844695982294379034783353765154139877009750968351342408983249E-11	1.669179308376261381185218991256796083258661139877009750968351342408983249E-18	-0x1.f419694f47f39p-36	-0x1.f3bc2cb4b3af3p-36	-0x1.f4197d19c4ce4p-36	-0x1.f3bc18ed8089bp-36	true	true	true	true
35	D4	U07-0000000098_S08-0000000162	7	98	8	162	c4ff9d19b07a4ff20b91b95f05830ca3246e03a1f73b09f5f31df760788acdda	1fa58a7d4c3905acb4f1f8be71596a0110bf5d45c06cabbb9121821cc211d989	41f12728f3b8883d771719c82aa3fb7a0a81a86dfe04d1e108e26f2024ae6e35	0	997	b78df75465e1db1f9b2fbc81a88dea836e5dca797ca9fd2a25da8929e6357072	e3b0c44298fc1c149afbf4c8996fb92427ae41e4649b934ca495991b7852b855	2.4073698898202609275376318009875831194221973419189	6.5849965480235962619892653435726970201358199119568	2.4073698947990435949295662254598937579430639743804931640625	6.5849965521045115586507012750416834023781120777130126953125	-18.445137559040376753676266107108678961391369721307	-18.445137511934795796025397233312709314283129375489367448869443742778307335011429	142.87501532104794287325302066380890398214007343750	54.311479232010619128143594296663360210511433836082	142.8750153210479428732530206638089039821400734375000000	54.311478600172000827164918853890001162557931869045591723060400931699285138143623	-0.00110672328822399115894163718122121252	-2.8410720483793767830758612557236470486086429544115E-11	-2.8410722152616580868743712872846374054563268702779473283327645007797272097821304E-11	1.668822813037985100315609903568476839158664473283327645007797272097821304E-18	-0x1.f3fd22e31a07fp-36	-0x1.f39fea29ba0d2p-36	-0x1.f3fd36ad4b141p-36	-0x1.f39fd662d256ep-36	true	true	true	true
36	D4	U07-0000000098_S08-0000000163	7	98	8	163	257a1a3326ff84f7c07401e0f69ae2cab992683a281f6b604121b07ba8333f9c	ca00d5f0eaf6bff43f5c528d5e0981c64d2afb78baf44719c7d1fb2615b369a5	80576e805f2ef703929e99a037647f0d297efec10803f29a43661d15ef3e6435	0	976	8d418abc9e1c88741c8dc8e1099e9641649c9645c1fcadd5b9ddb2907448e9a9	e3b0c44298fc1c149afbf4c8996fb92427ae41e4649b934ca495991b7852b855	2.4073726530419804550686713184859399916604161262512	6.5849992663165895293020390965921251336112618446350	2.4073726580205006830848191157201654277741909027099609375	6.584999270397276692479149318160125403665006160736083984375	-18.445273258302091540200040665451433284899027177333	-18.445273211196333432980705108272430031566045714370169695631171386939877335814228	142.86279443062317490654556325404225541186248310547	54.311462227648576153934878296752709263804357138279	142.8627944306231749065455632540422554118624831054687500	54.311461595796497651732717835237409280140213888608610848992162452760940728238866	-0.00110672328822399115894163718122121252	-2.8404444528363603523621912433781499890313889416935E-11	-2.8404446196829946868963427389023760754560218108721854473089263962956473149983999E-11	1.668466343345341514955242260864246328691786854473089263962956473149983999E-18	-0x1.f3e0dd43a9f6bp-36	-0x1.f383a86aa7ccbp-36	-0x1.f3e0f10d37e5dp-36	-0x1.f38394a463cb7p-36	true	true	true	true
37	D4	U07-0000000098_S08-0000000164	7	98	8	164	5b7eb8ec659ee4e30cb8a78084e76e6033eb008ef7e956b26a3c72389e814187	f5ba713f691718834903110511477963238ea4569ec8fddf9c70e71392d8a7de	2a2c996f7e03345f7746de58f7e26b7b761beb8434e7d8abdf6b544a7e3c97cc	0	983	379fd2fdde53b0c3de6ce4dabdf67871bf504c0e4a411170d1928e7eb5e3831a	e3b0c44298fc1c149afbf4c8996fb92427ae41e4649b934ca495991b7852b855	2.4073754144621592396258158430555340601131319999695	6.5850019830442209148313459365908784093335270881653	2.4073754194404171809218428990106986020691692829132080078125	6.5850019871246800833020085264024601201526820659637451171875	-18.445408961690163495118434788398380623877474233918	-18.445408914584228416208702651700135970630037842491784368510354971997153236358991	142.85057005941982927574571238120853147300261738281	54.311444605939856264699255477158561491507037795726	142.8505700594198292757457123812085314730026173828125000	54.311443974074335298852776363338176910636175176492810576230610252024439092383766	-0.00110672328822399115894163718122121252	-2.8398169265143922136223608794710781425807793624526E-11	-2.8398170933253820503275891568458120891144317146165958549158292935504974532063901E-11	1.668109898367052282773747339465336523521639958549158292935504974532063901E-18	-0x1.f3c49870357b4p-36	-0x1.f367677835d15p-36	-0x1.f3c4ac3981cd3p-36	-0x1.f36753b233d73p-36	true	true	true	true
38	D4	U07-0000000098_S08-0000000165	7	98	8	165	835b4782172351454a274e6309e9457b0459b62d276e64a34db01e81758c0644	1c6105d63e2a71edb3a37effe2c82f0b1207177761b6e77a071f51eeba1b36c9	0cdfde75492e2da958e5284b33eebe6434937ae7827fdee7c0b6e9e6e34430d1	0	980	afedcec59e5ac05495cc078ac04375d6316374a1c3ba07fde018aed98b7613e0	e3b0c44298fc1c149afbf4c8996fb92427ae41e4649b934ca495991b7852b855	2.4073781740805507423086595508721075020730495452881	6.5850046982062691511283780698704504175111651420593	2.4073781790585465356624439436927787028253078460693359375	6.5850047022865004740788119619310236885212361812591552734375	-18.445544669206180535030838851290313833264760643152	-18.445544622100068739947879190638302436828899447796280500340375801289463029654932	142.83834220743790598085346804530773216556047626953	54.311426366812932091293169070611519283016245203954	142.8383422074379059808534680453077321655604762695312500	54.311425734933987560732246372794226364668778370029879959471857830807809218737372	-0.00110672328822399115894163718122121252	-2.8391894694067995832085356071037028404384085092364E-11	-2.8391896361821471128419750677957798131204882588199173787881895199637505480910290E-11	1.667753475296334394606920769726820797495835173787881895199637505480910290E-18	-0x1.f3a85468fb02p-36	-0x1.f34b27521dd3bp-36	-0x1.f3a868316d8c8p-36	-0x1.f34b138cf3b45p-36	true	true	true	true
39	D4	U07-0000000098_S08-0000000166	7	98	8	166	f11689d329769cea8d69158289ab78e29b9019879435831fe111f009f7ab3d33	cf4bfaa7f8960306c198f0f73ff29d82029a95a40524e0349e5418b489d2d4e5	59755a7c883bc0af7c6c3f0871f08c044b6787138bb81485b702cf54bc788568	0	974	c2cd8ec1fc2b6bed56d5761eb854ac996dbaf9d5e0bce3d7ded39c08496dca64	e3b0c44298fc1c149afbf4c8996fb92427ae41e4649b934ca495991b7852b855	2.4073809318969084242167966181114024948328733444214	6.5850074118025130956444179730624455260112881660461	2.407380936874642225753451185710218851454555988311767578125	6.5850074158825167049136073416093495325185358524322509765625	-18.445680380851731419862155036095075958026455810261	-18.445680333745443033929230696100926750067209683235790341347006727339380286078694	142.82611087467740502186883024633985748953605976562	54.311407510196257479900509468083681476692255405220	142.8261108746774050218688302463398574895360597656250000	54.311406878303906375519171630997666680805397730995358102804853950010521066338463	-0.00110672328822399115894163718122121252	-2.8385620815069083403353217520890512489177751823059E-11	-2.8385622482466162235909832573835416001093980263351755660069500044970531555581232E-11	1.667397078832556615052944903511916228440292755660069500044970531555581232E-18	-0x1.f38c112e90082p-36	-0x1.f32ee7f7bb606p-36	-0x1.f38c24f662ffcp-36	-0x1.f32ed43331ddep-36	true	true	true	true
40	D4	U07-0000000098_S08-0000000167	7	98	8	167	3aa6e799795d5ed980848b6cfbbff53078e2e243c79a529e8e355309f26a32ca	a21fb9f8163d49e24dc7e8143e72ccc1eae2191220843ae161b8d0bac38403e6	375f5d4c3b494b21dc6ddcfd3437839144a58f13533979761af392d953827a77	0	977	f3833d43b8d4ca7d7aabcf2c90a35da07c869d9d9f9afdad229beb32d47f7d4d	e3b0c44298fc1c149afbf4c8996fb92427ae41e4649b934ca495991b7852b855	2.4073836879109857880831846443925314815714955329895	6.5850101238327316890974749696852086344733834266663	2.4073836928884577400500344168676747358404099941253662109375	6.5850101279125077304021917967702393070794641971588134765625	-18.445816096628405441088555758681160980680813993957	-18.445816049521940693246926277885022914086218993780952780789717709969894019190301	142.81387606113832639879179898430490744492936787109	54.311388036018262878254158846884313154205004241988	142.8138760611383263987917989843049074449293678710937500	54.311387404112523735973900020941756965381446002052478992428735741764426152348120	-0.00110672328822399115894163718122121252	-2.8379347628080441547907632502483807442133593698118E-11	-2.8379349295121146779085172596113822550477227150478113373178157893654229481804763E-11	1.667040705231177540093630015108343633452360113373178157893654229481804763E-18	-0x1.f36fcec006cebp-36	-0x1.f312a969f5c2fp-36	-0x1.f36fe287a4d53p-36	-0x1.f31295a5a10e8p-36	true	true	true	true
41	D4	U07-0000000098_S08-0000000168	7	98	8	168	6040397a857195262b2b07dc131e75b83115cef7e1c717c188346a885d23e5fe	0f9e49c9537b290b39c92a4fb859ce6aa1b788adda62add2b82f7ecd68aa95bb	2e80b8180d6c054cd6269aa3174a14f4bdcbd82053fb9752e31f4aaba5cc5afe	0	972	1259aa28e29063a28cfa972954476101e08cfe27a72c7524e6b158aeeac4fa33	e3b0c44298fc1c149afbf4c8996fb92427ae41e4649b934ca495991b7852b855	2.4073864421225363297018873254273785278201103210449	6.5850128342967039762889669418655103072524070739746	2.407386447099746577815704284830644610337913036346435546875	6.5850128383762525953459832095404635765589773654937744140625	-18.445951816537792577587192291406098945680903640384	-18.445951769431151696479558714913123759565101779502993449999171370972814650594805	142.80163776682067011162237425920288203174040058594	54.311367944207357627981153380881740361079727346918	142.8016377668206701116223742592028820317404005859375000	54.311367312288248994057656965796128780710571849264599762138114947848437770450609	-0.00110672328822399115894163718122121252	-2.8373075133035319255746722713163029745665800272174E-11	-2.8373076799719673756891501388439327304015951838418097619417885925551849682856895E-11	1.666684354501144778675276297558350151566244097619417885925551849682856895E-18	-0x1.f3538d1e0ad1p-36	-0x1.f2f66ba817b1cp-36	-0x1.f353a0e52fc7fp-36	-0x1.f2f657e43b1cdp-36	true	true	true	true
42	D4	U07-0000000098_S08-0000000169	7	98	8	169	d851e71952ed355f3395c421b9668bf3ac83541ce55fa01b38847777ebf018dd	2a41537a9ce95c7058ab9a4e27afb05c2579274fae868ebc37aefb8e7939ce8c	04a1abf4f362b7c9a2da4145aa74dc120f0324980e89f388af764d05e81352c6	0	988	58e3aa46984b06b262142b3f78cc6d0c3f9cfabbe4a6f4a7f7c1f5665af20aae	e3b0c44298fc1c149afbf4c8996fb92427ae41e4649b934ca495991b7852b855	2.4073891945313135726225439725567412097007036209106	6.5850155431942091061037203303385467734187841415405	2.4073891995082622695389940048471544287167489528656005859375	6.58501554727353044516036106870160438120365142822265625	-18.446087540581483495611152426895304889723897931735	-18.446087493474666683602442412280270503379408503946257155443303409971355722640357	142.78939599172443616036055607103378124996915791016	54.311347234691929954894849899317202188130629754553	142.7893959917244361603605560710337812499691579101562500	54.311346602759470002249235375580015813550198813994711266065928649465432011444277	-0.00110672328822399115894163718122121252	-2.8366803329866957826845545338318773484697437158603E-11	-2.8366804996194985415582978807575386892192502050385431823140912115917518187458487E-11	1.666328027588737433469256613407495064891782431823140912115917518187458487E-18	-0x1.f3374c487acb9p-36	-0x1.f2da2eb23507cp-36	-0x1.f337600f0033ap-36	-0x1.f2da1aeef8e33p-36	true	true	true	true
43	D4	U07-0000000098_S08-0000000170	7	98	8	170	d86de0f5e77e628c57a0a0d00cb8c8bdde4f5fe6e90daac74030906f517ed264	b2865c1102a3266289862b193e6ee1a01faf4954eb115effa26f4dbdab69d394	1514030c2fd0b5654948b124d38bc954de679aa22aa80a9ed12a7531a4ddbdc1	0	966	1225117e2c70b667df98e6f1395332ea1a7283ad27a15671b0950e7cd1813411	e3b0c44298fc1c149afbf4c8996fb92427ae41e4649b934ca495991b7852b855	2.4073919451370710612114756088431022362783551216125	6.5850182505250263384488640383551683044061064720154	2.4073919501137583561167776480260727112181484699249267578125	6.58501825460412053281356037359728361479938030242919921875	-18.446223268761069600722563883557758208031350977698	-18.446223221654077007920719981567841869651938214582620940060987012603749602473622	142.77715073584962454500634441979760509961563984375	54.311325907400347726621198004352064304120596755981	142.7771507358496245450063444197976050996156398437500000	54.311325275454553871174447414914148387589577702618052624821763629692431011028990	-0.00110672328822399115894163718122121252	-2.8360532218508589014750309434698405105502609995014E-11	-2.8360533884480315391278844276435749306812260247341197402202844808019714552996653E-11	1.665971726376528534841737344201309650252327197402202844808019714552996653E-18	-0x1.f31b0c3ee779cp-36	-0x1.f2bdf288b6a2ap-36	-0x1.f31b2005364cfp-36	-0x1.f2bddec5b0ca8p-36	true	true	true	true
44	D4	U07-0000000098_S08-0000000171	7	98	8	171	2ddcc281a60a1a3b00c7e6315293611e7fbac3523715c78fc9cb85d123b903a5	698dc9c0e2d203991a6c417beb02085af1db640e08c26a6101b3db0539169057	edc7b49697cbc5ef5bcd78645666a1e313c05849f02310a236869b6c78aa1186	0	1007	20b658444902ebc8872874f3d181e592c7cafdb10eddab9c3ada1170615a6042	e3b0c44298fc1c149afbf4c8996fb92427ae41e4649b934ca495991b7852b855	2.4073946939395623606516849690706294495612382888794	6.5850209562889350095593599121457373257726430892944	2.4073946989159883923237170932907247333787381649017333984375	6.585020960367802204948883826318706269375979900360107421875	-18.446359001078142777976304863844707848958910896057	-18.446358953970974632127732818716814309740838423447470376081288107464644901827545	142.76490199919623526555973930549435358067984638672	54.311303962260954606174533505734348191511708918133	142.7649019991962352655597393054943535806798463867187500	54.311303330301845425203513382292531837006062243260418063061119361523990118596518	-0.00110672328822399115894163718122121252	-2.8354261798893444415700657234322131323560667821402E-11	-2.8354263464508892476524996358790546343928543069902810017306575757741254022710025E-11	1.665615448060824339124468415020367875248500810017306575757741254022710025E-18	-0x1.f2fecd020e026p-36	-0x1.f2a1b72ad107cp-36	-0x1.f2fee0c7cc02p-36	-0x1.f2a1a3685dfaep-36	true	true	true	true
45	D4	U07-0000000098_S08-0000000172	7	98	8	172	dc97254081527c086654f6026ae357d658d20d91d22fe853ae8a3e8b67e12dc4	e32960c040c7059ec6a5780f1128289e282b8e2a0f82086808bd793ddd29edf2	245f1278087e94e3fbd4e5b114ee1826e6ab430a4f098baa7c50c807225bbf0c	0	980	c2a6de68a15ac0dcdaf5f970e294124084b61884f56bcae8e5ffb38b4069c408	e3b0c44298fc1c149afbf4c8996fb92427ae41e4649b934ca495991b7852b855	2.4073974409385410291872808841162623139098286628723	6.5850236604857145805702600682707270607352256774902	2.4073974459147059572206028832397350925020873546600341796875	6.585023664564354915762489639519117190502583980560302734375	-18.446494737534295755602283793106814134649369812372	-18.446494690426952232196200433441511034336504052463730094500657305402931107032673	142.75264978176426832202074072812402669316177753906	54.311281399202075413622680271093408800690913969306	142.7526497817642683220207407281240266931617775390625000	54.311280767229668727409646764441195230110806101373196693938407130290994342229992	-0.00110672328822399115894163718122121252	-2.8347992070954742364179598947441236477031333189178E-11	-2.8347993736213936888161921849590763945807286756749779983053642001395397886861290E-11	1.665259194523982322902149527468775953567571779983053642001395397886861290E-18	-0x1.f2e28e911cde1p-36	-0x1.f2857c9951bb9p-36	-0x1.f2e2a256986e7p-36	-0x1.f28568d71ff39p-36	true	true	true	true
46	D4	U07-0000000098_S08-0000000173	7	98	8	173	ed73d50e3be5c9ac94a319c1bf9e2f09e5b72f8cb711bededdb01a1acd4a236c	cd3ef09a6b9d4eea4e5148c0be9e49c96636a601e4e1c9af8db7e0a5d9ee8091	429b52b073d98def67ce4f52defcd5cdf9072ca01518d9dfc480e060607a6718	0	982	4b99da3ea85fa6bfac7f5fddd3ebc81049dc429a7fe731174f56f401877ad3c9	e3b0c44298fc1c149afbf4c8996fb92427ae41e4649b934ca495991b7852b855	2.4074001861337606805735234161147673148661851882935	6.5850263631151446028222373740845796419307589530945	2.407400191109664640276566416332570952363312244415283203125	6.5850263671935582200644976325065726996399462223052978515625	-18.446630478131121845189002069886524924313602708960	-18.446630431023603145394663737199047556394732783707443718762059180573627647724945	142.74039408355372371438934868768662443706143330078	54.311258218152012279650209167484972852982980836542	142.7403940835537237143893486876866244370614333007812500	54.311257586166326302495580538882586025364899187871276450155791969011362400558310	-0.00110672328822399115894163718122121252	-2.8341723034625697322018471616391212867336013763904E-11	-2.8341724699528662159197545453077456074367103992896482490625142826576474587434454E-11	1.664902964837179073836686243207031090228992482490625142826576474587434454E-18	-0x1.f2c650ec7e2cp-36	-0x1.f26942d3c0effp-36	-0x1.f2c664b194332p-36	-0x1.f2692f11f3abep-36	true	true	true	true
47	D4	U07-0000000098_S08-0000000174	7	98	8	174	d2cb3f4511615032914cc195a73a0c2dbfa23a566459fb2ab6a148322c77d418	3ed597160c7431edc00ae1560ea54b6b28c5831afcbad08297193e6f72cf6edf	80170270eb374d590bb83e0713f4bc92e4205af89cd90e63e686d98fcf580851	0	979	51aecc280a2188409fdd9880ad65562145997354e034c9e5fe2fe824600f36d6	e3b0c44298fc1c149afbf4c8996fb92427ae41e4649b934ca495991b7852b855	2.4074029295249749077489909154792258050292730331421	6.5850290641770047248004793516429344890639185905457	2.40740293450061805524686775470399879850447177886962890625	6.5850290682551917698095422792903264053165912628173828125	-18.446766222870214993616367342931907763937280237835	-18.446766175762521344282968043415775584092414737211524871263008062124648505858990	142.72813490456460144266556318418214681237881367188	54.311234419039045403167300541660408753549136994014	142.7281349045646014426655631841821468123788136718750000	54.311233787040098743389392094506057254867505521633862993459435366224204688190266	-0.00110672328822399115894163718122121252	-2.8335454689839518019466673667905831175982910000489E-11	-2.8335456354386276091883516226972118530920741140445754690755955471450221606055899E-11	1.664546758072416842559066287354937831139956754690755955471450221606055899E-18	-0x1.f2aa141b1f772p-36	-0x1.f24d09d2f20e9p-36	-0x1.f2aa27e02964cp-36	-0x1.f24cf611317c2p-36	true	true	true	true
48	D4	U07-0000000098_S08-0000000175	7	98	8	175	ed6c3c2e9c36b2c38c1ac4f266dc1e8eb7a0378f4a4275d45972b5b7e3104ab1	0f7418160bf03045b28dd4cd8ff773bd9390e93a151c8d062b2cefe61db63776	d36c1aa23c71fc91de96f8144c36b0afc12d1314414b493a94cbf0138926fc1e	0	986	a05df7bc5e8fb58bc27de02354f353598cf8328e72bf184eb24d08eac2411633	e3b0c44298fc1c149afbf4c8996fb92427ae41e4649b934ca495991b7852b855	2.4074056711119373522245190599733177805319428443909	6.5850317636710747129513698894243134418502449989319	2.4074056760873198297645547683032418717630207538604736328125	6.5850317677490353175662196605344433919526636600494384765625	-18.446901971753169938904856800082225381428023634105	-18.446901924645301462665890050676055171008607527572440335034908956078599266759550	142.71587224479690150684938421761059381911391865234	54.311210001791435343571843436860414268566899239510	142.7158722447969015068493842176105938191139186523437500	54.311209369779245085172130366080873730796328425984564660851457909364124577253860	-0.00110672328822399115894163718122121252	-2.8329187036529401854378834818449554860972017032883E-11	-2.8329188700719979837356515757451256861116524841682404078729226017108606947588438E-11	1.664190577982977680939001702000144507808799404078729226017108606947588438E-18	-0x1.f28dd80eb1782p-36	-0x1.f230d1a592a57p-36	-0x1.f28debd377101p-36	-0x1.f230bde41676ap-36	true	true	true	true
49	D4	U07-0000000099_S08-0000000161	7	99	8	161	34265e54407c6cfe3a76f9e8b86c96b6a7fc7a01d864a191c2125aee55788157	4d58971dd4becc50b190a68cfedde24b0e0c20d8980c60fe52424019a911a4a1	1532cbed34fa3477d86eb66341cc45c9ecfcd93b146d2053ba70ef2a68476a63	0	976	b0006cc26e3fb4ad01433eb858d1f492647710b8f97fff07610006652d1e8ce4	e3b0c44298fc1c149afbf4c8996fb92427ae41e4649b934ca495991b7852b855	2.4073788733294407549134774626509170047938823699951	6.5850043138816182555772549278572114417329430580139	2.4073788783081443050371195369052657042630016803741455078125	6.5850043179623910689912680282986912061460316181182861328125	-18.444957286748177117215014970901417157251371759684	-18.444957239644758434629424584009581758346247685380658200931875202166663827688282	142.88607453065965924484612469835907509442077753906	54.314993817804680949023935084879775809645849808163	142.8860745306596592448461246983590750944207775390625000	54.314993186015205528228611258603546196756801831921248214718637934874167010546984	-0.00110672328822399115894163718122121252	-2.8416203273726908423568931401494993923840042254282E-11	-2.8416204942763230987002547342917368056386293140507520627126289510598040379427384E-11	1.669036322563433615941422374132546250886225520627126289510598040379427384E-18	-0x1.f415d5ee5c7eep-36	-0x1.f3b89992a6089p-36	-0x1.f415e9b8d5f74p-36	-0x1.f3b885cb76372p-36	true	true	true	true
50	D4	U07-0000000099_S08-0000000162	7	99	8	162	a2f1edc1cafefb6f052b9e06b53ddb9d7242512595d16f91ff42754897002a20	0abe0646ce3419589c7711aba2cca2c807bcaf211ce6396bfe478623b3e74696	c8d6c4ce425679c58342d1d05071bc456220bfae32b79b4e5efacc2b456334cc	0	974	2590837a8ad65fc6159487ce8598cb96dbe324a18743ffb85d0da402f17b0329	e3b0c44298fc1c149afbf4c8996fb92427ae41e4649b934ca495991b7852b855	2.4073816388202039992516567679103900445625185966492	6.5850070341572487092607346426120784599334001541138	2.4073816437986449399966115691995582892559468746185302734375	6.585007038237793229595862243286319426260888576507568359375	-18.445092980873956450354737196714761515565455367433	-18.445092933770360437944854878095075522316574379061598384748682816463308329892640	142.87385718964764591263169642446236438463059443359	54.314977563581287231961785130648409971160039419716	142.8738571896476459126316964244623643846305944335937500	54.314976931778335822156992946079384442063090745535394508318689644690599196880517	-0.00110672328822399115894163718122121252	-2.8409926753999526279704688112990371781787544716998E-11	-2.8409928422679380667073271451168038848651980602664381404255733173344814241643990E-11	1.668679854387368583338177667066864435885666381404255733173344814241643990E-18	-0x1.f3f98fa841ec5p-36	-0x1.f39c572d2479bp-36	-0x1.f3f9a3721cc75p-36	-0x1.f39c436693606p-36	true	true	true	true
51	D4	U07-0000000099_S08-0000000163	7	99	8	163	a47b22a193deb96b294105995e5edf4ebfeb88d45fbc638e7256cbac6ed83338	ff0ca604caea5debdea2995d7144e91bff74fdf08ef0b367d2a18b51098f9dde	ba7e9f2b99e95fe4e30b272f69ef9039c40776054aab9ec77332c6f37699839b	0	980	95648bb229b6a41a969cc26b1369389ffe8ebf021708a4f6a22c055a7280ef17	e3b0c44298fc1c149afbf4c8996fb92427ae41e4649b934ca495991b7852b855	2.4073844025096056489787521570633543888106942176819	6.5850097528675194877290088868448947323486208915710	2.4073844074877841330006855713463664869777858257293701171875	6.585009756947835857232576017850078642368316650390625	-18.445228679123107528855878476811190941813641696783	-18.445228632019334390684067960345513328758286934614613688075482098031713461946400	142.86163636785705491632487468749857830625813593750	54.314960692108792920743644253244886852687183693402	142.8616363678570549163248746874985783062581359375000000	54.314960060292383629622971799861941743598586038024815808727557671655612476556297	-0.00110672328822399115894163718122121252	-2.8403650926549535596589096887195312559071091605181E-11	-2.8403652594872945579080396948760243565906016898879066630546736008770802815535828E-11	1.668323409982491300061564931006834925293698066630546736008770802815535828E-18	-0x1.f3dd4a2e6d733p-36	-0x1.f3801594026d9p-36	-0x1.f3dd5df7c82fbp-36	-0x1.f38001cdf1f7dp-36	true	true	true	true
52	D4	U07-0000000099_S08-0000000164	7	99	8	164	736e8f8625d37b72d9b8e8d955fa50eb01e2a263566a952447eaaeedbf1b9c46	740740d2e7f83276b003540a45827dbf3a144f33275ff572cc60e68c9be8a1e4	af1b61bf6e307ca0cb8122baec6ba919962134b05924e08b7fb33da7aae62d34	0	974	c8dd8a786a82d03fa9c898b6f89ad9d9e85eb28f6521164be3f3818df81fc370	e3b0c44298fc1c149afbf4c8996fb92427ae41e4649b934ca495991b7852b855	2.4073871643973991304998882867494103265926241874695	6.5850124700122091778164978848053578985854983329773	2.4073871693753153000461253441244480200111865997314453125	6.5850124740922975387358295762396664940752089023590087890625	-18.445364381497217393776349402471394222211367470358	-18.445364334393267333606356672100678616554183831625695587457922780887292437428663	142.84941206528788625592565948746771685930340205078	54.314943203315697861075443269891688262037243580457	142.8494120652878862559256594874677168593034020507812500	54.314942571485848806644752209453051718070893459680872252100058268453641323960473	-0.00110672328822399115894163718122121252	-2.8397375791310210783472297262355341562959172853414E-11	-2.8397377459277200140633136136076981892003447534277238519229387217669349125719623E-11	1.667966989357160838873721640329044274680863238519229387217669349125719623E-18	-0x1.f3c10580ca1dcp-36	-0x1.f363d4c74aa66p-36	-0x1.f3c11949d26fap-36	-0x1.f363c1018db36p-36	true	true	true	true
53	D4	U07-0000000099_S08-0000000165	7	99	8	165	7623e1462dc703320bb03aa343a9b73cea7be9bae7d9e5b969ef59f7041c2e0f	24416ed8f95894ad883d8ba4bde2327ceb8776f96a6f5f8fc6c2a7deeeb88d65	56383c304b5f6dda8a3f1c6e98207b68dff87d215f5e84ce8bdd326e879b1b33	0	986	cc129e34696de665e63f25ed01213fddf7ca2288acb05d7fb44b48fa80115767	e3b0c44298fc1c149afbf4c8996fb92427ae41e4649b934ca495991b7852b855	2.4073899244833378771590837175153865246102213859558	6.5850151855910964704410304193515912629663944244385	2.4073899294609918779463964000342457438819110393524169921875	6.5850151896709569650234517013132062857039272785186767578125	-18.445500087997873773702277127714063435542550585112	-18.445500040893746994999124580162971537102632221705473901246061193684006978655901	142.83718428194013993143405082436978004376639277344	54.314925097130480827039389752198086346333298622503	142.8371842819401399314340508243697800437663927734375000	54.314924465287210137619065240635260860638797490721279015233902489560616388865262	-0.00110672328822399115894163718122121252	-2.8391101348214818483372198929146200310038441227304E-11	-2.8391103015825411003104493156543235657322661247057166261461661000700826554828983E-11	1.667610592519732294227397035347284220019753166261461661000700826554828983E-18	-0x1.f3a4c19f43bfp-36	-0x1.f34794c70adf9p-36	-0x1.f3a4d5677fa64p-36	-0x1.f347810218064p-36	true	true	true	true
54	D4	U07-0000000099_S08-0000000166	7	99	8	166	9317d71e440057198d67801bc2a4354eb8e9a1fddbadf36d6b8a49dab7d927f5	59dce56ef04140a8438d9d8083275eb4a5f0973a44ddbba132e47a555b8714fa	b562089f3738847f71aa456d6788cf194210367d5e5e03f1930d9e9707400cfe	0	976	2b081ed57553533059f692bfac065219554dbd724ba9ad52be798d71402ab6b6	e3b0c44298fc1c149afbf4c8996fb92427ae41e4649b934ca495991b7852b855	2.4073926827671753292392509138153400272130966186523	6.5850178996039601536649499280429154168814420700073	2.40739268774456731392330510743704508058726787567138671875	6.5850179036835929206883388786764044198207557201385498046875	-18.445635798626665032764831957289856989827520995077	-18.445635751522361712715526874582227412668773602298490586969106237115575809243136	142.82495301781381594285004869820476785964710810547	54.314906373481598743850919184280153352561366393235	142.8249530178138159428500486982047678596471081054687500	54.314905741624924174300717702125891352063917133747162502250105888731170994747648	-0.00110672328822399115894163718122121252	-2.8384827597196619466917180046991045199033878750956E-11	-2.8384829264450839883449905086703446011648741845140266462505059318816756173744860E-11	1.667254220416532725039712400812614863094184266462505059318816756173744860E-18	-0x1.f3887e8a51401p-36	-0x1.f32b5592bd0cp-36	-0x1.f38892523603dp-36	-0x1.f32b41ce20f9ep-36	true	true	true	true
55	D4	U07-0000000099_S08-0000000167	7	99	8	167	e94b57adf412a4e6d996cb8fde2ae7381f60277b3679beea7cb917d45f839c29	38e8ffe33cd713fcebffe3279a7128608b1170b82f37efb5ce2947e956ecd7ee	0c45dae373806a4b24bf89c14cae70841e6faf35929364f4f0bf112ed0a4e5e3	0	980	f3e7cc9d4880f7c086e252afe8810fc9225a48903baf05b1468e6fd3c8282634	e3b0c44298fc1c149afbf4c8996fb92427ae41e4649b934ca495991b7852b855	2.4073954392486649617177718596394697669893503189087	6.5850206120505791196340084070470766164362430572510	2.407395444225795079484786498369430773891508579254150390625	6.585020616129984301345690056450621341355144977569580078125	-18.445771513385180222573729893037192016902643973169	-18.445771466280700564045534565946917377663121584297011738003703226373989704539049	142.81271827290891429017365310897268030694554804688	54.314887032297487445723659934140657808661057523141	142.8127182729089142901736531089726803069455480468750000	54.314886400427427145001102126887076378884316683252228703928120169893853155883886	-0.00110672328822399115894163718122121252	-2.8378554538188866772616266715874778774179976070888E-11	-2.8378556205086738890134549595811474278782619426983265121039778475710832909123604E-11	1.666897872117518282879936695504602643356095265121039778475710832909123604E-18	-0x1.f36c3c41a9ecfp-36	-0x1.f30f172a9ff0ap-36	-0x1.f36c50093693ep-36	-0x1.f30f03665dcccp-36	true	true	true	true
56	D4	U07-0000000099_S08-0000000168	7	99	8	168	1335bedf82c58300302d1739b35941938ca0995e56965f489dbb21539c04299b	693d73ae32d523b673d436a7e1a132235c10c3a1a0509370e6aeb64b5f331cfa	173f50f669fe8600153d715438ea2ab69fd29a57f4788c74f94674c99211e565	0	982	b38856e3d94ed0ac2f9b22da989a082655b9709c496bc444ef0745006b01d188	e3b0c44298fc1c149afbf4c8996fb92427ae41e4649b934ca495991b7852b855	2.4073981939275602634498163467924314318224787712097	6.5850233229307323576384725072330184048041701316833	2.4073981989044286565471164607288301340304315090179443359375	6.5850233270099100997552188374584147823043167591094970703125	-18.445907232275009030233913179489495392409099853612	-18.445907185170353261774240231475592299637271364280651149765519558137689690036494	142.80048004722543497340486405667351738566171259766	54.314867073506560898615992650850619094399253527041	142.8004800472254349734048640566735173856617125976562500	54.314866441623133409776451457853576560895291175391976119764958136589172216151027	-0.00110672328822399115894163718122121252	-2.8372282171124807599854286189234965135363307484286E-11	-2.8372283837666354293325575528350894167505945750704033766413549474536540374769642E-11	1.666541546693471289339115929032142638266418033766413549474536540374769642E-18	-0x1.f34ffac5962c9p-36	-0x1.f2f2d98e66a6dp-36	-0x1.f3500e8c8044fp-36	-0x1.f2f2c5cac4fdap-36	true	true	true	true
57	D4	U07-0000000099_S08-0000000169	7	99	8	169	69643aa7bdda7f076ff6c75904c3d24b12c062c006665872982ae64f78b1d297	96a03b3e9f8c38930e7ccf8976b8553a27f023226111b505b2da7015ca1ce1fd	6c4bcb4c20ca87eece8d2e583d1a8fa8694837b74f4a5d8e917971b8b233594f	0	976	4a70cfea507b43f7008d68e46b5f4662939266a6a63b03bd051543f3ec276666	e3b0c44298fc1c149afbf4c8996fb92427ae41e4649b934ca495991b7852b855	2.4074009468036147302294480709861090872436761856079	6.5850260322441989610520174380781099898740649223328	2.40740095178022155131269954608796979300677776336669921875	6.585026036323149402351706527269925572909414768218994140625	-18.446042955297741830278903610387204024798243621235	-18.446042908192910128177656000972552099611217513265424593294119195000504848660187	142.78823834076337799254368154130727909579560175781	54.314846497037211958081218430508704103666556024039	142.7882383407633779925436815413072790957956017578125000	54.314845865140435066950788122030450240451092894461041069917214055055626682889873	-0.00110672328822399115894163718122121252	-2.8366010495937681449974962275306977338588945423289E-11	-2.8366012162122927478034891896958209843250517196497800414745047169130276126658917E-11	1.666185246028059929621651232504661571773208800414745047169130276126658917E-18	-0x1.f333ba15910efp-36	-0x1.f2d69cbe85595p-36	-0x1.f333cddc0d0ap-36	-0x1.f2d688fb52a42p-36	true	true	true	true
58	D4	U07-0000000099_S08-0000000170	7	99	8	170	1f72aaed81f8fb839222cf1008a67ce49fa27ef74f36fbe57781a6559ba07a7b	e9a5898fdf053e037bf201b8577576d94e68efe1e4d16b220753487e36f4dd9f	ebb22f80a4d7efc2af2d04900f02dfbc094359caee8fdd702028d435405b8c9f	0	973	b0092a772b12cb7495572f33cdb4d1d5f0070d891e5318f0d00fc360fde81c5e	e3b0c44298fc1c149afbf4c8996fb92427ae41e4649b934ca495991b7852b855	2.4074036978765818925452002474685286870226263999939	6.5850287399907581273317269676681462442502379417419	2.4074037028529272803922811618804189492948353290557861328125	6.5850287440694814065922368939709485857747495174407958984375	-18.446178682454969684645706897437896067374576302432	-18.446178635349962224893550046068870867039836004164260490413640417620354294313005	142.77599315352274334759010556287396543734721552734	54.314825302817812359554000229673902818666952975320	142.7759931535227433475901055628739654373472155273437500	54.314824670907703862286921047808596788105348936574957738256306194693631523187368	-0.00110672328822399115894163718122121252	-2.8359739512560720144137049476955845065904423133662E-11	-2.8359741178389690273133575159149667514071099698026242754023688284523381079339765E-11	1.665828970128996525682193822448166676564364242754023688284523381079339765E-18	-0x1.f3177a31f24bp-36	-0x1.f2ba60ba9cb37p-36	-0x1.f3178df80935cp-36	-0x1.f2ba4cf7d0a47p-36	true	true	true	true
59	D4	U07-0000000099_S08-0000000171	7	99	8	171	d460fc56163874f8054f78be51e33abfe08f640dc901632a1661cfa00e3e98b7	41e5ccb96305f4126a3ae8334340d56d34340a9c82ebeba2f106aeb6882c74fc	23ab22d1c5457dfa0c097881d73ad2015e1204f96c21fa55b305e84b57910df5	0	984	52fe6192b419b0b194466e18289c2d8685c37da24b51f09dbce9d7b2a72b5910	e3b0c44298fc1c149afbf4c8996fb92427ae41e4649b934ca495991b7852b855	2.4074064471462152739467121875804878072813153266907	6.5850314461701891510791995187901193276047706604004	2.407406452122299388152182331168660311959683895111083984375	6.5850314502486854105478553123020901693962514400482177734375	-18.446314413748284290691274072867241886663589999528	-18.446314366643101274958720074381158442253542173920764051539400611666953867463237	142.76374448550353103854413612137357641031655390625	54.314803490776711941081442586238125648037589948402	142.7637444855035310385441361213735764103165539062500000	54.314802858853290027937043884007189435533241141464558970923006411892849810764131	-0.00110672328822399115894163718122121252	-2.8353469220927149715038212382954656165193423088832E-11	-2.8353470886399867782089219232912697816914083698531108805486002244754084452095753E-11	1.665472718067051006849958041651720660609699108805486002244754084452095753E-18	-0x1.f2fb3b1a92b49p-36	-0x1.f29e2582cc0fdp-36	-0x1.f2fb4ee05e955p-36	-0x1.f29e11c04a358p-36	true	true	true	true
60	D4	U07-0000000099_S08-0000000172	7	99	8	172	f19e9022ae8839f06446d5b8ab6a9beae0cd02da52dbb16167706e233d0dfda6	4c89a44f3596861741b6eb8d15d4efc3938ef84b17191f20a425543e9fad3ee6	c98b0d9e1f036971100e5d0d035832179b083adbc11a28af6b80d2006d9931e6	0	990	ae175d7a47ef589204ca4a41be5d8cf455990114373a4af254fa16def3697d1b	e3b0c44298fc1c149afbf4c8996fb92427ae41e4649b934ca495991b7852b855	2.4074091946122684465558805300133826676756143569946	6.5850341507822714240405481689322186866775155067444	2.40740919958809142242817102896879077889025211334228515625	6.5850341548605408059646748597515397705137729644775390625	-18.446450149179277981167262519193849671488961270562	-18.446450102073919610825384952384357249118051364188229102343722335747262895538476	142.75149233670574106540577321680611201470361689453	54.314781060842238633603148717903743215709843727528	142.7514923367057410654057732168061120147036168945312500	54.314780428905521505172030162009064868181968482701155185336415017560575989695066	-0.00110672328822399115894163718122121252	-2.8347199620970190422678791259014913796231077842055E-11	-2.8347201286086680273228763832830314927608550038184440368237406913097414680113328E-11	1.665116489850549972573815401131377472196129440368237406913097414680113328E-18	-0x1.f2defccf9bd4ep-36	-0x1.f281eb16ddf14p-36	-0x1.f2df1094ecce9p-36	-0x1.f281d754d6c7p-36	true	true	true	true
61	D4	U07-0000000099_S08-0000000173	7	99	8	173	f5b2b42db973aea092721fdc5bf012f2a6eb489aa5ccb967c0380dcf976bd2c4	56355ca067b1537099b07f67d7dbf13d0d17d63744cd9091c14df524111678f2	00a364d2c3071537af1072b579f4ae2cb14a4d31a6c8c2802715334cb4216e9d	0	975	962bbafee4152ac2b93d5ffdcc0cac8f5ba3a13fdf2dfe00539c42678df3d604	e3b0c44298fc1c149afbf4c8996fb92427ae41e4649b934ca495991b7852b855	2.4074119402744949686168141056441527325659990310669	6.5850368538267844420452945541910594329237937927246	2.4074119452500569622810377978794349473901093006134033203125	6.5850368579048270921416641243695266894064843654632568359375	-18.446585888749543776153090244962265090416933784657	-18.446585841644010278252609121503053032923687502773646848424425142755165806315069	142.73923670712937342817501684917157225050840449219	54.314758012942699218771376475724901633150536793472	142.7392367071293734281750168491715722505084044921875000	54.314757380992705469750893400924208381198367688122236681437849549740835554589816	-0.00110672328822399115894163718122121252	-2.8340930712623054897070312484701523451707179950068E-11	-2.8340932377383339448362582505206120954555800893554062868224531440954454006760597E-11	1.664760284551292270020504597502848620943486062868224531440954454006760597E-18	-0x1.f2c2bf57d3cf2p-36	-0x1.f265b16fccf35p-36	-0x1.f2c2d31d123f3p-36	-0x1.f2659dadd73d5p-36	true	true	true	true
62	D4	U07-0000000099_S08-0000000174	7	99	8	174	4ee381fd7ed4e8aa388f5e459ab0e7db9809675e4c94e366e9f4c3a9d9500831	3484ecba56857cd8fa814e9f4a52f9077de8e1a42d7688dcdd7a2682efe8c8e6	55b28470bd414d0e27512ac8ba87c2699011a20ad582f1aa28afba3f20db5d1e	0	975	7ecb69a797ecb3b2fdff969e0f173c96ed748af8df71a24f1f8f3bb5cf68aacc	e3b0c44298fc1c149afbf4c8996fb92427ae41e4649b934ca495991b7852b855	2.4074146841326484330680912648858793545514345169067	6.5850395553035078119452627731789107201620936393738	2.4074146891079495937104670844064457924105226993560791015625	6.5850395593813238655223063489074775134213268756866455078125	-18.446721632460675434988910346319153120428608103322	-18.446721585354966958343360627064649507110495672797258181015586195705270810778643	142.72697759677442812685186701846995711773091669922	54.314734347006380086756705944800161520042814606298	142.7269775967744281268518670184699571177309166992187500	54.314733715043127170861313231942231644547989381346694922418537679126926302937344	-0.00110672328822399115894163718122121252	-2.8334662495818946283424711125216557912554992194048E-11	-2.8334664160223051270590857563921101036682205625956675164444369049176136928413118E-11	1.664404104987166146438704543124127213431908675164444369049176136928413118E-18	-0x1.f2a682a507d9fp-36	-0x1.f249789c2b29ep-36	-0x1.f2a69669fd7dcp-36	-0x1.f24964da7dc92p-36	true	true	true	true
63	D4	U07-0000000099_S08-0000000175	7	99	8	175	819935da14e464f8e8fa28cc1b3c3bc1b4ee485fd4d53c685627c2bcab2801e8	cbdb32a58d698383401b04c7b07be40190494ba2c281886e3360b780bbefff9b	edd03815ab901717c71b9ef15af90a690df08df178413eee5fe6cdfa75fcbecf	0	973	b49863c1eb30fcef71a36059ae9184ebda03a9cc6c5bbbf5f2e8c9766a720388	e3b0c44298fc1c149afbf4c8996fb92427ae41e4649b934ca495991b7852b855	2.4074174261864824536649720698733290191739797592163	6.5850422552122212238590037713947822339832782745361	2.407417431161522923532825046777361421845853328704833984375	6.5850422592898108266334933347252444946207106113433837890625	-18.446857380314267248416680599775602375678274681658	-18.446857333208384019477416343867157261907281024254797714726282162945896715170171	142.71471500564090516143632372470126661637115351562	54.314710062961544156322346523693967762953200712629	142.7147150056409051614363237247012666163711535156250000	54.314709430985050688924379085347313179822222374183535788383044255039903062267596	-0.00110672328822399115894163718122121252	-2.8328394970491065750909288269637759751627416800917E-11	-2.8328396634539014107824304313381267099943190415747248152004699451592544943535125E-11	1.664047948356915016043743507348315773614830248152004699451592544943535125E-18	-0x1.f28a46bec13edp-36	-0x1.f22d4094301bep-36	-0x1.f28a5a8308257p-36	-0x1.f22d2cd3327e8p-36	true	true	true	true
64	D4	U07-0000000100_S08-0000000161	7	100	8	161	ad2b2ef9eab5c7cb4a5ab6189a80721a830c1e5f206eaacfea03981001bb4aab	73913208774c081abb8d8f9bb22437ea6718c7da7141e19195b0a31259599d1b	4e8ab35984cc97320e8d4c426caf00e871281aecc26d317f78ba4d2b7ad042a1	0	982	9c6083388fc1a201f4874f13a51487848567a7e5169a046a071056ae869a0866	e3b0c44298fc1c149afbf4c8996fb92427ae41e4649b934ca495991b7852b855	2.4073906223878575871832907751013408415019512176514	6.5850148009667131693278818715953093487769365310669	2.407390627366219393312718466404476203024387359619140625	6.585014805047115282743419584221555851399898529052734375	-18.444912716909620375797346489234371599492178518619	-18.444912669808186696707874232563452861873457839899255090152784960449762651772603	142.88491633451535948859388293886148815434226591797	54.318491907850262142367991768283469030977864908350	142.8849163345153594885938829388614881543422659179687500	54.318491276096447682463173687187078198251466815136151812378171422029264581979287	-0.00110672328822399115894163718122121252	-2.8415409403843318059561333383029362791756986525790E-11	-2.8415411072736666719754636616227564642168264853721903620575988391082503260856018E-11	1.668893348660193303233198201850411278327931903620575988391082503260856018E-18	-0x1.f412428a20336p-36	-0x1.f3b5066cc3362p-36	-0x1.f41256545846p-36	-0x1.f3b4f2a5d4f41p-36	true	true	true	true
65	D4	U07-0000000100_S08-0000000162	7	100	8	162	f7c45f7ec625807ab4f1c08d2652f5f92cbfc859611083e24b05d78c8c0fca59	766cce22f888fc416782f95be6355c3bea78019bce39ac63243e2f549c2174ef	57da314b12be2e8078b5d53521c90c9b3ca62d299d6915f847a22336b13caa56	0	1009	d6b44111bbc7cdc14d19ec806a95f36ff80a6d2dc6e21bb973118f3b47c6fd9c	e3b0c44298fc1c149afbf4c8996fb92427ae41e4649b934ca495991b7852b855	2.4073933883464132404972346535032556857913732528687	6.5850175216599478172918580298755841795355081558228	2.4073933933245124268396342159803680260665714740753173828125	6.585017525740121620281275482966520939953625202178955078125	-18.445048410024791245996796563793305165539481348395	-18.445048362923180260409753139240360132116213396633110112588107350267530768799552	142.87269906213752312678009033776763993645721464844	54.318475786482822439266729427139110446999305956579	142.8726990621375231267800903377676399364572146484375000	54.318475154715534299309366755969296827930061624811576140215764047669333512129863	-0.00110672328822399115894163718122121252	-2.8409133012098359697116968775300634829659326546537E-11	-2.8409134680635265487997006779370969143239315516817290242726376681464834512931036E-11	1.668536905790880038004070334313579988970280290242726376681464834512931036E-18	-0x1.f3f5fc69a1412p-36	-0x1.f398c42d32017p-36	-0x1.f3f610335cc63p-36	-0x1.f398b066c0b1ap-36	true	true	true	true
66	D4	U07-0000000100_S08-0000000163	7	100	8	163	e3ec05a667a13085aae8940400f9f529cfcda902487101a2b7f148a57d78b028	4e7c3d10a3d29973a30e7a1af720a2707b2532fe3511ad3a8b6a27c69ba76755	b54d761fcbad38be80dd41dd14be4ad31ece846f91990f0c9af768724bcedc48	0	977	98a3bbf8face8d9ade8ab83a7295051944ad3a114a8e90a07dce8f5d0a30ea17	e3b0c44298fc1c149afbf4c8996fb92427ae41e4649b934ca495991b7852b855	2.4073961525035398947847120609822013648226857185364	6.5850202407876036805878250390833272831514477729797	2.4073961574813765966485146208242440479807555675506591796875	6.58502024486754931886789421469075023196637630462646484375	-18.445184107261936006084171783860252226206145200780	-18.445184060160147943945673661488892267074075715921740554712981399444718374347874	142.86047830898110910087390427360671634998988798828	54.318459047892350546869083519423428702880560103060	142.8604783089811091008739042736067163499898879882812500	54.318458416111607215138512571512366025566803391564885161571336548317841227006809	-0.00110672328822399115894163718122121252	-2.8402857312630977896414294093170598769918042560652E-11	-2.8402858980811463654195762930621092714645218296508500724384989734010591388027500E-11	1.668180485757781468837450493944727175735856500724384989734010591388027500E-18	-0x1.f3d9b715784e3p-36	-0x1.f37c82b9f1991p-36	-0x1.f3d9cadec6272p-36	-0x1.f37c6ef3ed9bbp-36	true	true	true	true
67	D4	U07-0000000100_S08-0000000164	7	100	8	164	ec52c7f0ea803b9877e240226a1ec69e7399feeb90e0121a0f0199367e095cb7	e8d172ff126649467849576128d3fdcffaf2517595a3c048fc5c29dfd0fc1353	bb01b2da20efd096cb37cf199fd4bb78b4d4394003bf552859733827a8fe974c	0	974	9431267c9602b00f14c7e34c18b0b1a5676d33716be202d130cc6236b34348b2	e3b0c44298fc1c149afbf4c8996fb92427ae41e4649b934ca495991b7852b855	2.4073989148589909417563781346416362794116139411926	6.5850229583494593044168397000248660333454608917236	2.407398919836565308327802625854019424878060817718505859375	6.5850229624291769132959917243397285346873104572296142578125	-18.445319808622641509032525440774415694657907603069	-18.445319761520676522051799540749170851497629113401225954432695956821259652062603	142.84825407504611741087532474637871739494028593750	54.318441692007352447332174347261734741928981954079	142.8482540750461174108753247463787173949402859375000000	54.318441060213171270754023407245219296720723615023994462673754593831713522393659	-0.00110672328822399115894163718122121252	-2.8396582305374441556305142646639149343083252213317E-11	-2.8396583973198532941428936170572064859182787815123564830657680164285703819057862E-11	1.667824091385123793523932915516099535601806564830657680164285703819057862E-18	-0x1.f3bd728da6b7ep-36	-0x1.f3604212f60dbp-36	-0x1.f3bd86568e588p-36	-0x1.f3602e4d57871p-36	true	true	true	true
68	D4	U07-0000000100_S08-0000000165	7	100	8	165	3e510cdb8d67aa10cc08b04c0c12343bfa26b11ea1d41d0c280d824a1850cd02	035d78fc8220328cbd8504d8b9c98afb7fd17310ab55f3177029055becfd7397	560381707e9c2ac8087d0381dda1d8a21c728070f1f11375b4e795d02ae7880b	0	982	ed2fbf97c2586e77b4bafdb86c4ae5fd60f2c77292dd9eca1f2063a5d3101dd1	e3b0c44298fc1c149afbf4c8996fb92427ae41e4649b934ca495991b7852b855	2.4074016754125197870006758193994755856692790985107	6.5850256743452933103077917564860399579629302024841	2.4074016803898319709353881279412235016934573650360107421875	6.58502567842478303550279861156013794243335723876953125	-18.445455514108495087561576465639316186606842236331	-18.445455467006353405086433580597573880490734052693087163525763596856655201080261	142.83602636033254805678435175608364307130840849609	54.318423718756309985524675913579943345886810238939	142.8360263603325480567843517560836430713084084960937500	54.318423086948709472976113202469780000231328627769342332735693015608239319528241	-0.00110672328822399115894163718122121252	-2.8390307990262019310297350733832876074169781462149E-11	-2.8390309657729739175728938489530254889366521264184435559745311470049534531751486E-11	1.667467719865431587755697378815196739802035435559745311470049534531751486E-18	-0x1.f3a12ed22fd39p-36	-0x1.f34402383199ap-36	-0x1.f3a1429ab10b3p-36	-0x1.f343ee72f8ep-36	true	true	true	true
69	D4	U07-0000000100_S08-0000000166	7	100	8	166	614ad759fbbd796dc787b0a8d4aa2a44c3e9fee22fb41b6fbf499cef84510c5a	d219c3ab637ad83208cdcaa0f0001c0e19644026301111b4e3853da93da78288	17aa86d5c1d591ca8bc65b3f922941e17af550f888085f363397e2340bff75a0	0	983	cfeb51b15d5a5c2419296813d81bc24cbc4f76a9fc7a7a9f2a1f8e3448c9a48d	e3b0c44298fc1c149afbf4c8996fb92427ae41e4649b934ca495991b7852b855	2.4074044341638798708005175797097763279452919960022	6.5850283887748844446896612225827993825078010559082	2.4074044391409300143458427356790707563050091266632080078125	6.585028392854146421508954034607086214236915111541748046875	-18.445591223721084917822608717508221654737172707131	-18.445591176618766690963766336264556842949713396828354813642026177634650403776751	142.82379516484040103860098530272149337909425566406	54.318405128067686233711950939666656761204778387109	142.8237951648404010386009853027214933790942556640625000	54.318404496246683752724329569705365903093124833271003030376836851602952639024183	-0.00110672328822399115894163718122121252	-2.8384034367226966404238876974987331648927310528060E-11	-2.8384036034338340425916381179489861621021031794694683586723719457225728796713811E-11	1.667111374021677504204502529972093721266634683586723719457225728796713811E-18	-0x1.f384ebe284d3fp-36	-0x1.f327c32a27c19p-36	-0x1.f384ffaa71b9p-36	-0x1.f327af65840e8p-36	true	true	true	true
70	D4	U07-0000000100_S08-0000000167	7	100	8	167	c6d4644f5d6353c8df01e0aa7a4cb70268b215d846a5534a73283d4ddb560406	478775f61bbbc312b84e21fa6bd874ff50044229f199694d9637b9160f77005c	4504261801c371d606ced0336de8afeefe1f84b4ca9007c8796af77438e4f5b9	0	979	4907bde4a32db1b1e53a45544ce9c5aa0eeb819d5dc3974fbfc6b317018a288f	e3b0c44298fc1c149afbf4c8996fb92427ae41e4649b934ca495991b7852b855	2.4074071911128246403777097839338239282369613647461	6.5850311016380115303192610554106067866086959838867	2.4074071960896128892504197693824607995338737964630126953125	6.5850311057170459079490587583904925850220024585723876953125	-18.445726937461999655663948313125964800272475980143	-18.445726890359505139149762574518754366944472584057614757232695256959150444232444	142.81156048856967635632522538629226831829782744141	54.318385919869920107502925115347909457828317985052	142.8115604885696763563252253862922683182978274414062500	54.318385288035534571442349482710131720730592659249939791792277312552967110867787	-0.00110672328822399115894163718122121252	-2.8377761436202537849436806793428393757325253841899E-11	-2.8377763102957587959274164751672032631130600754587002895703571092325088905397692E-11	1.666755050109837357958243638873805346912688002895703571092325088905397692E-18	-0x1.f368a9bfbe8aep-36	-0x1.f30b84e7b837ap-36	-0x1.f368bd873557fp-36	-0x1.f30b71238a36p-36	true	true	true	true
71	D4	U07-0000000100_S08-0000000168	7	100	8	168	5d8b8e60927ba1861100ed94d349a7954c9fa632eab1abce52c7dd222db9edf0	2224e7c609516e4a814e3b6a4940806f79e9ecc6d527ef2f1329f8e0e4dd8fcb	0274afe27d2b399c4ff5320e541901ff166845d1a5a3e40cdbe585179779f0b0	0	983	b20a09a2f9c6791a7d16b22e249a7b6aa17f992a17193b2ce1445ab910e977f0	e3b0c44298fc1c149afbf4c8996fb92427ae41e4649b934ca495991b7852b855	2.4074099462591075498929527043401321861892938613892	6.5850338129344535079146005784878070699051022529602	2.4074099512356340567487134052271358086727559566497802734375	6.585033817013260425132781250567859387956559658050537109375	-18.445862655332828748357182900134610976597017956258	-18.445862608230158118678715474792850727309060461103806267347497500560224414817039	142.79932233152037400995707200679596788891912382812	54.318366094091430962745523470328838730830046108195	142.7993223315203740099570720067959678889191238281250000	54.318365462243680143638760355843816900225992691866651783677365269257477133899807	-0.00110672328822399115894163718122121252	-2.8371489197121977181293147930691381246161416768748E-11	-2.8371490863520728133546095507277221463590725825681689294876165726492471778319972E-11	1.666398750952252947576585840217429309056933689294876165726492471778319972E-18	-0x1.f34c686953163p-36	-0x1.f2ef4771612bbp-36	-0x1.f34c7c303cc8bp-36	-0x1.f2ef33adc005bp-36	true	true	true	true
72	D4	U07-0000000100_S08-0000000169	7	100	8	169	2b10e92ba9b335b30cea8c427d87872041a9d610fb71819666c1ef69e099fdbd	098af8055ee3439ebbb55fc4397676586af91e1974a5c5defdd3ee1cbbc7b344	d8b849f57b8a620d6ab7161a8fe8a753c387af4f2a135a5bd028328228076c05	0	988	31d837916b4a98b6aa1a6b829a2a276337ae3e1003c7eab2fd4fb8ae8bc5409b	e3b0c44298fc1c149afbf4c8996fb92427ae41e4649b934ca495991b7852b855	2.4074126996024820882014161327333567896857857704163	6.5850365226639894222770976739411707967519760131836	2.4074127045787469987569995311105230939574539661407470703125	6.5850365267425690178615393932659571873955428600311279296875	-18.445998377335162330655110772392603386507310550105	-18.445998330232315764003815242792994993281243854219725926004225645159018800975183	142.78708069369249399949652516423259209095814482422	54.318345650660617050286926153377291488455238741735	142.7870806936924939994965251642325920909581448242187500	54.318345018799518730472146866413423812946037947590413131525429326245762324159560	-0.00110672328822399115894163718122121252	-2.8365217649918520230810041953186736463875127027556E-11	-2.8365219315960996787468468018879529549718374487774879295284621966820976042492435E-11	1.666042476556658426065692793085843247460218879295284621966820976042492435E-18	-0x1.f33027df074cdp-36	-0x1.f2d30ac7537eap-36	-0x1.f3303ba58c958p-36	-0x1.f2d2f7041756ap-36	true	true	true	true
73	D4	U07-0000000100_S08-0000000170	7	100	8	170	1076f6f3687a8fcb44fcd91faebded8a015559fa9269ec99cdff6aca9dd40fa5	7b93619bea667db2ba5cf0b146b5638703db89682e3ac1c235bc81df5f251625	c267907675376af32fc924252187be92b45329cf5e73a61beb921c8ca83b8664	0	980	6458bcb15c886d837afe868506bd61791587ff2f726e07f983f05b0c4d384322	e3b0c44298fc1c149afbf4c8996fb92427ae41e4649b934ca495991b7852b855	2.4074154511427017580360576687326101819053292274475	6.5850392308263984014748970707842090632766485214233	2.40741545611870522147768269860534928739070892333984375	6.5850392349047508211423718194055254571139812469482421875	-18.446134103470591068891106123756483342593245109062	-18.446134056367568793117249065284025494385264094500784235937149195159426799798144	142.77483557508603632494358485860214092441489042969	54.318324589505853202981703042904550946521420503340	142.7748355750860363249435848586021409244148904296875000	54.318323957631425942870689248314329748198295603509775468464773221287490536848496	-0.00110672328822399115894163718122121252	-2.8358946794525400765432314148382840981733709826790E-11	-2.8358948460211625821889265723516429191989689140042571350158086415579461081530807E-11	1.665686225056456951575133588210255979313252571350158086415579461081530807E-18	-0x1.f313e82136dc2p-36	-0x1.f2b6cee9297bdp-36	-0x1.f313fbe74d86ap-36	-0x1.f2b6bb265c92bp-36	true	true	true	true
74	D4	U07-0000000100_S08-0000000171	7	100	8	171	5a48bd3de661e30e1f7d5062f1401f6e280e5ad944cc27027e5703117a1c6771	039458b1d35bfb7b23925747220db13cc7e7ebb64b85b6e05c6de1d17da3cbe6	afa8dea4f55d353e211470b3f3f637c6c3ebe0f8414940dcfb27dac56e3b6111	0	981	186521358118902c67e623d4ea2a5668ddbf9420277e3b0a6ef92a5d1d750661	e3b0c44298fc1c149afbf4c8996fb92427ae41e4649b934ca495991b7852b855	2.4074182008795200760076227197714615613222122192383	6.5850419374214596915373398644533153856173157691956	2.407418205855262234582614411237955209799110889434814453125	6.5850419414995850740657257205157293356023728847503662109375	-18.446269833740706420746578490496491790011465455976	-18.446269786637508611442099940625874269016794613791084015933341942959365074845561	142.76258697570100098629825108990461438928936064453	54.318302910555494664783073909972819553726881881536	142.7625869757010009862982510899046143892893606445312500	54.318302278667756267342015942549360976746684251532751317624405640489696532593120	-0.00110672328822399115894163718122121252	-2.8352676630875841131115668334775036671121220490511E-11	-2.8352678296205839465647004144474529852335154740837438102720174778471076468351735E-11	1.665329998334531335809699493181213934250326438102720174778471076468351735E-18	-0x1.f2f7a92fab949p-36	-0x1.f29a93d7107a6p-36	-0x1.f2f7bcf56422ep-36	-0x1.f29a8014a1987p-36	true	true	true	true
75	D4	U07-0000000100_S08-0000000172	7	100	8	172	f65c1c7c679be654f951a98161d03b8509efc274a648127f15c60e45bcc9bdaf	a95f7c96c39dc19aea464d5e68b0449bf437ba515f7e82ea994843af5341f3fa	783041242b9ba396e0a745b9215a3ee1258435a8e73ffc16350fa78572b9574f	0	972	1b23f1907c175bb0feda1edb3502ee666a0a6fa657a8bd6af5475c06ede91a62	e3b0c44298fc1c149afbf4c8996fb92427ae41e4649b934ca495991b7852b855	2.4074209488126905726046445010979368817061185836792	6.5850446424489526286993879011788521893322467803955	2.4074209537881715754992217881635951926000416278839111328125	6.5850446465268511163360098947805454372428357601165771484375	-18.446405568147100427391668783350083542465938328645	-18.446405521043727285827865867801730950599529007124441963592849711341236318555703	142.75033489553738798356052385814001248558155546875	54.318280613737874009976645969177195091965705021393	142.7503348955373879835605238581400124855815554687500000	54.318279981836842672369306172835738263505251495423572421164376826098502395426076	-0.00110672328822399115894163718122121252	-2.8346407158903059768309098285312046126393735000754E-11	-2.8346408823876855230163716617632001750275667852954622609844446537423368132591104E-11	1.664973795461854618332319955623881932852200622609844446537423368132591104E-18	-0x1.f2db6b1172c83p-36	-0x1.f27e5989b9a9dp-36	-0x1.f2db7ed71b35cp-36	-0x1.f27e45c759c9dp-36	true	true	true	true
76	D4	U07-0000000100_S08-0000000173	7	100	8	173	9592f4e6d574b860fcc88d5150a47649b39adb04d5a06ff2b692b78ad79363f0	17055fc3d02b7c6e5705cd6b000d210abae951054d8228d7d1e0f6e5924e25c9	16b25d0c94c281f37086a2b7041086d469dad9912f263aac6d85002e5e55a929	0	974	daea77a779979b75cc9544d68b4bf7a34e9d6d8b39a4d97c63beae0ac57c1c34	e3b0c44298fc1c149afbf4c8996fb92427ae41e4649b934ca495991b7852b855	2.4074236949419667991323379396817472297698259353638	6.5850473459086566532794115857996075646951794624329	2.407423699917186799002166708305594511330127716064453125	6.5850473499863283917410416989923760411329567432403564453125	-18.446541306691365817376996013994910331476275199463	-18.446541259587817570504424858480025875513409431375021460652898590554080722815879	142.73807933459519731673040316330833521329147490234	54.318257698981302668972915224095090950516875112705	142.7380793345951973167304031633083352132914749023437500	54.318257067066996982560505398504308898820888479213225026174380784986863249424037	-0.00110672328822399115894163718122121252	-2.8340138378540267479476739720123875509712312639989E-11	-2.8340140043157882989702058184295586796870805185107823995156341230596926601715649E-11	1.664617615510225318464171711287158492545118823995156341230596926601715649E-18	-0x1.f2bf2db890828p-36	-0x1.f262200f84513p-36	-0x1.f2bf417d9724dp-36	-0x1.f2620c4dc5a4p-36	true	true	true	true
77	D4	U07-0000000100_S08-0000000174	7	100	8	174	42f4508223b8cdbc8ec3dc5d8d532bf9df626015bcb5678d4fac0204eefb324f	724d8c24ab8bd140f0a970be951d205ee3bedc9684b2720446af7b502854eaa5	b71d2e3eaa978ca4fd56327bb7bda7c4279dd275365648f80f9159dde3534921	0	988	a36a5b5ac72645ff47acf52282977c025262fb5fbee616137bc356b76ffeebaa	e3b0c44298fc1c149afbf4c8996fb92427ae41e4649b934ca495991b7852b855	2.4074264392671023346514935781215172028169035911560	6.5850500478003513166180837856700236443430185317993	2.4074264442420614702744519064481210079975426197052001953125	6.585050051877796441213153144644820713438093662261962890625	-18.446677049375096058566802602796400139667609183075	-18.446677002271372855098149060260764979965857681430148933405633193686039820537065	142.72582029287442898580788900540958257241911894531	54.318234166214071686323252623032051253022401360769	142.7258202928744289858078890054095825724191189453125000	54.318233534286509101155841401023820895235319082356312020289471621516665730265994	-0.00110672328822399115894163718122121252	-2.8333870289720665574257473135669927393911165918466E-11	-2.8333871953982126871859490694949345133662107551243304683490728939968534906387441E-11	1.664261461297602017559279417739750941632777304683490728939968534906387441E-18	-0x1.f2a2f12b7c823p-36	-0x1.f245e761b54a5p-36	-0x1.f2a304f040cc6p-36	-0x1.f245d3a03a8abp-36	true	true	true	true
78	D4	U07-0000000100_S08-0000000175	7	100	8	175	f8f7439235456a0c8ca854b18394ce9b887e79957ad56053037df149ccabb8ce	a7640d78171a682877b6ccf81977115f605fc08dedb66365cd94b9c6e9b88d58	c8f9c786f221b6b04afcaa1cbb18e2ced4d7f603514d8265e28a1cdbc50d525e	0	983	3779c74be8cc1abc37513875d09ba9d5bef2ec271902c38813f35f8bd2b7bf84	e3b0c44298fc1c149afbf4c8996fb92427ae41e4649b934ca495991b7852b855	2.4074291817878507512840080551086430205032229423523	6.5850527481238162533228042150312830926850438117981	2.407429186762549182254655733004256035201251506805419921875	6.5850527522010349097680848018399046850390732288360595703125	-18.446812796199885150279444561574429005554653448603	-18.446812749095987216564980812162181879763004392748360538820743149262425546161712	142.71355777037508299079298138444375456296448759766	54.318210015364448639957028538249610881739041187544	142.7135577703750829907929813844437545629644875976562500	54.318209383423647768042852952960350083798627687507543276426197712849781407920888	-0.00110672328822399115894163718122121252	-2.8327602892377453378367159595189563292429565983115E-11	-2.8327604556282783401059356980978955749755882842055511451816162682074715755262342E-11	1.663905330022692197385789392457326316858940511451816162682074715755262342E-18	-0x1.f286b56ae194cp-36	-0x1.f229af7f9d182p-36	-0x1.f286c92f0d91cp-36	-0x1.f2299bbeb973cp-36	true	true	true	true
79	D4	U07-0000000101_S08-0000000161	7	101	8	161	12bf3eb6e93aab3d9e457a9027ca02c1c9bdb153f051dd2090c9bada6c1fa631	a33d5ff380ec1e6259feafd70de51f3171be15b1c026b2a08292c5fea5e79797	4a704d543632893a742ce3f564505815849d1122336138c2fef9e9b993260981	0	988	ba5af1959bb990c6181cf21ba694e0deaa75ed650ab9e0cdb2d212c17e244167	e3b0c44298fc1c149afbf4c8996fb92427ae41e4649b934ca495991b7852b855	2.4074023719725455780493739155190269229933619499207	6.5850252894205598963583980776093085296452045440674	2.40740237695056562283735246410287800244987010955810546875	6.5850252935005913583477177297709204140119254589080810546875	-18.444868154386654001659577314926962085500240051445	-18.444868107287205328164806104089463589461345141126926648168251070377531685437006	142.88375814226123390711135933201571636359985351562	54.321989889247902706591971727202482330280879932060	142.8837581422612339071113593320157163635998535156250000	54.321989257529744398465651567041032892674492359544896840661951091727278744617410	-0.00110672328822399115894163718122121252	-2.8414615521850769484182453355256551724337597442851E-11	-2.8414617190601157174103914367351373101244736087993761984661887973385721369436322E-11	1.668750387689921461012094821376907138645142761984661887973385721369436322E-18	-0x1.f40eaf22203d6p-36	-0x1.f3b173437f6bfp-36	-0x1.f40ec2ec471a1p-36	-0x1.f3b15f7ca1a6ep-36	true	true	true	true
80	D4	U07-0000000101_S08-0000000162	7	101	8	162	f115984ad256cfcb13aeda1649c18ce7e8421f26e5f4c2067660fe574c472ae7	a345519b164e7a545c0082a65dc15c28badced4a1ec95b33f12c12ea35d603d0	b45ae00cf57997072a175aafae96e68ecd706bb79c9c929fca667db6619cfacc	0	1011	a51327f94aae51fe8729a6e53c4df775524f145eda8b4466bd2443b5e724b00a	e3b0c44298fc1c149afbf4c8996fb92427ae41e4649b934ca495991b7852b855	2.4074051383989365435200902254564425675198435783386	6.5850280105315062498250178180114744463935494422913	2.4074051433766939338265711256781287374906241893768310546875	6.585028014611309384040982450869705644436180591583251953125	-18.445003846491773439708636946549561002541977112618	-18.445003799392147482459006291796048541107752785551190174425165771077330748283369	142.87154093851757451569820240372473063761993408203	54.321973900728895400787966504686318366562988491523	142.8715409385175745156982024037247306376199340820312500	54.321973268997265707091125121958388222491106893712628610928468631588409093715603	-0.00110672328822399115894163718122121252	-2.8408339258090669818338458042463921270974691355620E-11	-2.8408340926484639968058565367867665313762897393348804495898230629943090955842909E-11	1.668393970149720107325403744042788206037728804495898230629943090955842909E-18	-0x1.f3f269272c5c6p-36	-0x1.f3953129efbb4p-36	-0x1.f3f27cf10a11p-36	-0x1.f3951d635b7dap-36	true	true	true	true
81	D4	U07-0000000101_S08-0000000163	7	101	8	163	e2cf638f44b983fa13e0a192d0e312242636b0b0fa206691c3c4e04c71bf88f5	b319c0712e5942dbff707e045a601b211f97afd3cd372ab6eaced7c5b2318b0d	f8e9ebd86939dcd1f17f225ac5bb7a8935694b2ae78a5984610ceabe432f5f3d	0	977	ca0f37a7ef840788b8ba3662e5c85b9b023fad182b4261dcea5e6af3d475fc2a	e3b0c44298fc1c149afbf4c8996fb92427ae41e4649b934ca495991b7852b855	2.4074079030238310777933818940255150664597749710083	6.5850307300766547577430820581412262981757521629333	2.40740790800132596627403103184406063519418239593505859375	6.5850307341562297099024636537478727404959499835968017578125	-18.445139542717469198663567864846601596193812112495	-18.445139495617666187507200122249958884152691588068991187576661560461046927488196	142.85932025399533746019265201236666954305773925781	54.321957295012921921894009153069893236461159419332	142.8593202539953374601926520123666695430577392578125000	54.321956663267839327647064413073353221525895567946325421453056800617249772024574	-0.00110672328822399115894163718122121252	-2.8402063686608330325647030064821510606146567804235E-11	-2.8402065354645905775101871359971695763566740860733351379191630738555761661756068E-11	1.668037575449454841295150185157420173056498351379191630738555761661756068E-18	-0x1.f3d623f915b9dp-36	-0x1.f378efdc2a0efp-36	-0x1.f3d637c2346a1p-36	-0x1.f378dc165441cp-36	true	true	true	true
82	D4	U07-0000000101_S08-0000000164	7	101	8	164	4f1f96e1a143201ed8eacea168cac9121395abac5cef6d5b09d4114382c4cdbf	44fae69f343b22e14de868e43fab4dadeee66ed0bab66c76994181bd435b45e2	51bb651ef5ad90eec3dbcea658bc96b4407a4de95849bd3cdc0ee4c695d6f054	0	973	f748788ea06db37ee5e1fe5fea87f4b24de5cec9acb41c1f9fd06d7041122fd2	e3b0c44298fc1c149afbf4c8996fb92427ae41e4649b934ca495991b7852b855	2.4074106658469825587021162505152460653334856033325	6.5850334480557839098024963675470644375309348106384	2.4074106708242150980125995118896753410808742046356201171875	6.5850334521351308152137260520930794882588088512420654296875	-18.445275243065327839476182580017903702410906484491	-18.445275195965347926023606447885891030113319377067361647224246409520749771133157	142.84709608869452274059470815794153307991326904297	54.321940072028492851191791553860228086383300386030	142.8470960886945227405947081579415330799132690429687500	54.321939440269974699732881774694602489623417342276901033812887694963115315933726	-0.00110672328822399115894163718122121252	-2.8395788807337018152408862583565601821943132979309E-11	-2.8395790475018224565832030013793280162919737785537624571649980435039034061725663E-11	1.667681206413423167430227678340976604806228624571649980435039034061725663E-18	-0x1.f3b9df96d630ep-36	-0x1.f35caf5b27eb5p-36	-0x1.f3b9f35fbd2dbp-36	-0x1.f35c9b958a46cp-36	true	true	true	true
83	D4	U07-0000000101_S08-0000000165	7	101	8	165	56e93d4c0f9f6669a439887e65922e97d5cfb573d6e3651302889968b8896181	8e4bb67bbb1c5fc13e7fa0627058b8e58c705c9a500494c5883a9aa38b0d9b77	c12d1cea0c080acb637ceea63f54dabac3dc8c6b268b41d3ae1e64193b91487e	0	975	ed63bba3cc19f18ee4864959fe98727fc37757390bfb1d29bd8ac597fbb29167	e3b0c44298fc1c149afbf4c8996fb92427ae41e4649b934ca495991b7852b855	2.4074134268681443848958423359363223426043987274170	6.5850361644686722720209992587570013711228966712952	2.4074134318451147172834847509648170671425759792327880859375	6.58503616854779127987029596624779514968395233154296875	-18.445410947536936402896902311342342110838103767180	-18.445410900436779842376315566765974360506280717985099541385140052571455761170430	142.83486844261513035690437084044932124818652343750	54.321922231704094637243024151746648234975145707203	142.8348684426151303569043708404493212481865234375000000	54.321921599932159818149034077148924365142118579492350426177432722298190238556611	-0.00110672328822399115894163718122121252	-2.8389514620210000171679474172037306416928389644912E-11	-2.8389516287534859467575102727691391942727821413153676518249002964451105468902077E-11	1.667324859295895628555654085525799431768241676518249002964451105468902077E-18	-0x1.f39d9c014fe9fp-36	-0x1.f3406fa5ffc35p-36	-0x1.f39dafc9a0918p-36	-0x1.f3405be0f7f02p-36	true	true	true	true
84	D4	U07-0000000101_S08-0000000166	7	101	8	166	5d940daa8b3d08062411e04327990619c550aa1154bef0e4ffac93e943f714c6	3265dc2646b416b215b1d2ffb46c179951a4ef6d1ec63307b395f883a7a8cd8f	b64969751cd9201f34e669310b2a66af2d960058526f7c0b18a2e77ea1e7aafa	0	1004	91d8a25fcda13b8d648cc79fbf42f210310d097263f73f1f5a15739d2194a700	e3b0c44298fc1c149afbf4c8996fb92427ae41e4649b934ca495991b7852b855	2.4074161860870699689018969991138874320313334465027	6.5850388793150985353164195146291604032739996910095	2.4074161910637782331445766459410151583142578601837158203125	6.58503888339398978091221437125568627379834651947021484375	-18.445546656133882773160726861411931438813287707681	-18.445546609033549716583196678410798875979976587475797895194036146359898062962175	142.82263731575716030912164005989003404787750244141	54.321903773968194962041368253837437329965749575195	142.8226373157571603091216400598900340478775024414062500	54.321903142182860839226307965642407409033994240164944641248641932725116835654631	-0.00110672328822399115894163718122121252	-2.8383241125160529860710948817562775954277031639367E-11	-2.8383242792129067719260885506835143420728964753758247912581368268132991225768752E-11	1.666968537858549936689272367466451933114391247912581368268132991225768752E-18	-0x1.f38159375c2aep-36	-0x1.f32430bdcc41cp-36	-0x1.f3816cff23c0ep-36	-0x1.f3241cf94d482p-36	true	true	true	true
85	D4	U07-0000000101_S08-0000000167	7	101	8	167	db0c920447389080937b4e8bee774f0ff81add5cf95a08e45ef99355daa2f044	97b510c224c5570a5b4fb691f9b0499231ee127fa70c590179f12787b5576580	d9546bb2b18c0c7d40f92207ed6dbd4be4fda6f965a159ea1adef14f02254b37	0	976	f187dc9ab416d157f634629418d073f4997f2aac22003fc2b0a8f9e025adf2b1	e3b0c44298fc1c149afbf4c8996fb92427ae41e4649b934ca495991b7852b855	2.4074189435035127232476170888730848673731088638306	6.5850415925948414738733127649084053700789809226990	2.4074189484799590789398937573650982812978327274322509765625	6.58504159667350509599348384881523088552057743072509765625	-18.445682368857755366210355232787011723985490113071	-18.445682321757245990266406494764276919857913910441311316936101250045288654711679	142.81040270812061259724651581626367147898620605469	54.321884698749238123466797748519017328614405339312	142.8104027081206125972465158162636714789862060546875000	54.321884066950522455124920859156244577296193758567058755031110705543753547066812	-0.00110672328822399115894163718122121252	-2.8376968322121858578717285924087839618335206586582E-11	-2.8376969988734099749437325232851865045470636310397347119909963189124539955633277E-11	1.666612241170720039308764025427135429723815347119909963189124539955633277E-18	-0x1.f365173a77833p-36	-0x1.f307f2a1073b9p-36	-0x1.f3652b019ff7bp-36	-0x1.f307dedd27a75p-36	true	true	true	true
86	D4	U07-0000000101_S08-0000000168	7	101	8	168	3368ad50fd1a435da59ae9dc41189bc3ed286b7a9a6c0c85bfab993dcb6751c6	e449c26ed0c83d5ccfb62560c77054bd5d8b00d5b08b96141db6bd20ecdada39	d077ca4ea904bec6ace021774c444b99b8133a5e4a9f7276b873d643d60ca8bb	0	976	039cda35415501ad4d503917820e16795def6020a8ed268d851d961a52eb1967	e3b0c44298fc1c149afbf4c8996fb92427ae41e4649b934ca495991b7852b855	2.4074216991172261020937028774824284482747316360474	6.5850443043076799659596431979480257723480463027954	2.4074217040934106914829015977375092916190624237060546875	6.5850443083861161137904094431405610521323978900909423828125	-18.445818085710143285547306381688679381665740364665	-18.445818038609457844565493354116158251907426469430003449470317639039853074580545	142.79816461970548722127899810957023354151263427734	54.321865005975647329517981924937045618856775483659	142.7981646197054872212789981095702335415126342773437500	54.321864374163569036095575350006303113932458888830461182602779638854836395120378	-0.00110672328822399115894163718122121252	-2.8370696211027229952955831310817292926183126431787E-11	-2.8370697877283196380329192220207755455238104561954431144066084128750545511751674E-11	1.666255966427373360909390462529054978130167431144066084128750545511751674E-18	-0x1.f348d60964114p-36	-0x1.f2ebb550e52abp-36	-0x1.f348e9d06919ep-36	-0x1.f2eba18d2895fp-36	true	true	true	true
87	D4	U07-0000000101_S08-0000000169	7	101	8	169	a241b3d53f37c57ae3456a8c5ecd5d394cfd7386421e1bece96f3d1858a24067	70ed86dee00ea9445f74ad1c8ce6d635a138cf212203279518dec518c661f791	584d743824ccf084483af5400063917896ee1735a0e1632e0239bcfd2029610d	0	983	da3cd345135d59e50821400e6ba171ae6b0baee1cce5913529afa5983f419f5f	e3b0c44298fc1c149afbf4c8996fb92427ae41e4649b934ca495991b7852b855	2.4074244529279635734786424450248887296766042709351	6.5850470144533930008656774646169651532545685768127	2.407424457903886538812088247141218744218349456787109375	6.58504701853160180624602304533254937268793582916259765625	-18.445953806692636374165609907098820205092736884728	-18.445953759591774992277730515645065184240509239187105063069299679069576252431832	142.78592305051178418121908693980972023545678710938	54.321844695575825456577252063925088158889532622200	142.7859230505117841812190869398097202354567871093750000	54.321844063750401548886750469265962212132430266735482784661798383053501895427192	-0.00110672328822399115894163718122121252	-2.8364424791809878021826429663868503652590680191016E-11	-2.8364426457709596346899443073914023546957220956014713453188010844875229858240426E-11	1.665899718325073013410045519894366540764998713453188010844875229858240426E-18	-0x1.f32c95a51a139p-36	-0x1.f2cf78cc61329p-36	-0x1.f32ca96b77f6dp-36	-0x1.f2cf65094db78p-36	true	true	true	true
88	D4	U07-0000000101_S08-0000000170	7	101	8	170	170354e8d9d16b616f4f0a90d046babfd5f61cbf283afb18d3d754196aa534f7	e9f32b8976e787a08fab0dd216af1215b86cdf850b255665d867e9b3c92978fd	6a07eddba082a3bfdec7e2c59641f854d71adfed24246abb187c75600625d750	0	980	0be6b06238ad405cdda12b77d02fb283f333de104e03417616739b0950d1c760	e3b0c44298fc1c149afbf4c8996fb92427ae41e4649b934ca495991b7852b855	2.4074272049354785985020299676762078888714313507080	6.5850497230317596511484090626709075877442955970764	2.407427209911140099374282641520039760507643222808837890625	6.5850497271097412667339998648685650550760328769683837890625	-18.446089531806825006692067882552232355988040705326	-18.446089484705787963605760243140181614686815265470711287548411441756637360116084	142.77367800053950347706678230698213156081866455078	54.321823767478151967816170756947715705366718879034	142.7736780005395034770667823069821315608186645507812500	54.321823135639401770880707923676995063113876632358149267421929073535838813944034	-0.00110672328822399115894163718122121252	-2.8358154064403034752263588023404378831840367355453E-11	-2.8358155729946525999497816183321728649168935375428964946983740370878161712264740E-11	1.665543491247234228159917349817328568019975964946983740370878161712264740E-18	-0x1.f310561484396p-36	-0x1.f2b33d0c51f01p-36	-0x1.f31069d301139p-36	-0x1.f2b3295157cp-36	true	true	true	true
89	D4	U07-0000000101_S08-0000000171	7	101	8	171	4db263c9f50300d6a2431c993514467aee3de810808a80387f1a727a3012f62d	5d8e36eaaa10a6422b1859e0b9d2e3fa94f3054a8f1f92ed2e8549b787020ca8	ee24685e878986499da5365eb306b05438b38e72bade6cd974c076f2fed13146	0	983	997d38146f8b58541d7ebe12045b181093493f6cdb34173369dddb4729384590	e3b0c44298fc1c149afbf4c8996fb92427ae41e4649b934ca495991b7852b855	2.4074299551395246937746108528699551243335008621216	6.5850524300425591073260278562884195707738399505615	2.4074299601149248654941015246322422171942889690399169921875	6.5850524341203136684252950061591036501340568065643310546875	-18.446225261054300349154485106360558567061340998056	-18.446225213953087794380441768792832800449952714039575962878285971965089238412355	142.76142946978864510882208421108746751759826660156	54.321802221610986743334924102750534020455080132128	142.7614294697886451088220842110874675175982666015625000	54.321801589758927672553066183828429624080902442219329829605367913995456336911286	-0.00110672328822399115894163718122121252	-2.8351884028739920681633371337751468497776494613808E-11	-2.8351885693927210570592156683468973227530802743343636381908089563323765562750459E-11	1.665187289888958785345717504729754308129535636381908089563323765562750459E-18	-0x1.f2f417486a4dp-36	-0x1.f2970220550bep-36	-0x1.f2f42b0e448f7p-36	-0x1.f296ee5dc3204p-36	true	true	true	true
90	D4	U07-0000000101_S08-0000000172	7	101	8	172	14af756874c18562f7c8b01af7443bce3f2a9a15c8ae2fcc1c933630dee3fdd6	5b8b85f8a71033c9e9752f3595a0eef70b75c8168cbf18136fd4a0ae31760a0b	adeabf3ab06f7a3835a1a8d2e840d97b76360226b94680dadfa542ec65a8e95b	0	976	f401c5091b323978eef4056bbb5ec214100c3537892537d0cd418a43a9289404	e3b0c44298fc1c149afbf4c8996fb92427ae41e4649b934ca495991b7852b855	2.4074327035398553550904487963180145015940070152283	6.5850551354855706570612383643492648843675851821899	2.4074327085149943537822903039113953127525746822357177734375	6.5850551395630983024520599400375431287102401256561279296875	-18.446360994436654203080453847065428703981232106291	-18.446360947335266311808340255345697359235693753010617528658064522044167733522415	142.74917745825920907648499265212572810579559326172	54.321780057902667766525435919370235782589720580014	142.7491774582592090764849926521257281057955932617187500	54.321779426037317631585920360917942427363152181510321692784429300617032731347190	-0.00110672328822399115894163718122121252	-2.8345614684753750560330689258775274824668189064396E-11	-2.8345616349584863880927418663000928349909297147892500000877800263750614383638045E-11	1.664831113320596729404225653525241108083496500000877800263750614383638045E-18	-0x1.f2d7d949116b3p-36	-0x1.f27ac7ffdf4f7p-36	-0x1.f2d7ed0e4eb2p-36	-0x1.f27ab43debffcp-36	true	true	true	true
91	D4	U07-0000000101_S08-0000000173	7	101	8	173	8f7fb55a7146bf17359487cb73fac738be6caf1bcdd7572d8de7f0dc1d3e3aec	eea35f5cc3882125a095c4f0235a9191f9a9ce5de353235bf234aa701f0c0fd5	1e55c80f0191bd5b8a3baa363ad95454c742b20597e77e65c2aca71c850cefa0	0	979	576a28c18161e610e18753de34b12bbf34596e2f69b87853e32023e5b22de4ba	e3b0c44298fc1c149afbf4c8996fb92427ae41e4649b934ca495991b7852b855	2.4074354501362241268158648210828687297180294990540	6.5850578393605736782223658565271762199699878692627	2.4074354551111020981968291465591391897760331630706787109375	6.5850578434378745536215138400848445598967373371124267578125	-18.446496731955478953513415368678730258760706004174	-18.446496684853915952591107737061251135361800597956354927307723599970498124330535	142.73692196595119538005550763009691332541064453125	54.321757276281510346381540460412796559107176938306	142.7369219659511953800555076300969133254106445312500000	54.321756644402887735245929784663876520297866516458670795869015135519362449164330	-0.00110672328822399115894163718122121252	-2.8339346032377735240663342385412629923979983382568E-11	-2.8339347696852694917428275327669187280526235841954864682926038967368362123102001E-11	1.664474959676764932942256557356546252459386864682926038967368362123102001E-18	-0x1.f2bb9c157306ep-36	-0x1.f25e8eabf2f2cp-36	-0x1.f2bbafda8a80ep-36	-0x1.f25e7aea2473ap-36	true	true	true	true
92	D4	U07-0000000101_S08-0000000174	7	101	8	174	81b9e94cffa94aa28b5b1b20f0083d9314b6118a3eb18192ad9cb7c366ceb3c7	0414a0e0472a2163e155d75f8659b8c4dacf743bd01eca44dec1f38e0a6a191e	f160df30585a71aaf1b5aed22762eea1118a5507b14ece3865bc49bb0cc58082	0	983	3243bf45f75fb3ad1c7b653c1ef53587a2176a717ad97433a8d2b8bad592d0b8	e3b0c44298fc1c149afbf4c8996fb92427ae41e4649b934ca495991b7852b855	2.4074381949283845533171799502270005177706480026245	6.5850605416673476597000380650115403113886713981628	2.4074381999030016431040390756379565573297441005706787109375	6.585060545744421907354837486536780488677322864532470703125	-18.446632473612367724863317908951883005712248841234	-18.446632426510629814858807258380714889809902378251046473101242163285379303172232	142.72466299286460401953362914500102317644342041016	54.321733876675809411666300759143679927975071510904	142.7246629928646040195336291450010231764434204101562500	54.321733244783932538620570739496961202751523790157030432526255565757042136216844	-0.00110672328822399115894163718122121252	-2.8333078071545076072427563562698661910263349266576E-11	-2.8333079735663905975216970902215662333937353518886977374937566970033937354231905E-11	1.664118829902789407339517000423674004252310977374937566970033937354231905E-18	-0x1.f29f5fae1ba6ep-36	-0x1.f2425623f437bp-36	-0x1.f29f7372f0e79p-36	-0x1.f242426269b57p-36	true	true	true	true
93	D4	U07-0000000101_S08-0000000175	7	101	8	175	8fe2dbd1038901ce8d335620591d733ce73639e8fb5d03a81f6298ca28430e5c	043c5dee5530a0f06805275d2a99730512632bf0f5bcae91994c87b664078719	fa5653b7a3f3aca6e2ec8ba758e402c8b15858c9462d5206f9c7083abfb1e756	0	972	55d21d42ac55252dab2fc68373f93dd2b68da3da7528ebd3ac44432a57a63faa	e3b0c44298fc1c149afbf4c8996fb92427ae41e4649b934ca495991b7852b855	2.4074409379160901997773969185345777077600359916687	6.5850632424056721944682912806001695571467280387878	2.4074409428904465536869228259320152574218809604644775390625	6.5850632464825199531566202182375491247512400150299072265625	-18.446768219408914328922522770942973055053562455423	-18.446768172307001684123824814930848613001372314922378352489341211032296690420107	142.71240053899943499491935719683805765889392089844	54.321709859013838733199027975179015868401779285955	142.7124005389994349949193571968380576588939208984375000	54.321709227108725438858944992215188025052371680003560733301168194141341933930566	-0.00110672328822399115894163718122121252	-2.8326810802188966795094200598105878162003411365763E-11	-2.8326812465951691738255995076157946358429636600242827735668086221876132300100002E-11	1.663762724943161794478052068196426225234479827735668086221876132300100002E-18	-0x1.f28324133a05dp-36	-0x1.f2261e67aff16p-36	-0x1.f28337d77eb1cp-36	-0x1.f2260aa6b4696p-36	true	true	true	true
94	D4	U07-0000000102_S08-0000000161	7	102	8	161	daabf92099f3a3897d34fe9596b8e90c4be2dbd5cf0619902ac0de5bb8553f80	c9024b1f60315327f96a5621a917bb137e3017109cbc252f0164c5e818beeef2	f8e084f606322bbf3dad96c2467865e98aa309c9c8bbd24891b9e8f7e6f40070	0	980	2f50cfc3ee162e55eb4185ce68f12091846748bc9129174cba58f02e7ec0497d	e3b0c44298fc1c149afbf4c8996fb92427ae41e4649b934ca495991b7852b855	2.4074141220835526266963455555014661513268947601318	6.5850357792429711489834431858980678953230381011963	2.407414127061230875448405441829891060478985309600830078125	6.5850357833226320185271429608064863714389503002166748046875	-18.444823599178170571881779382709323662752616146911	-18.444823552080706981856279137170749518058001036087794872801337556687672921310310	142.88259995389728250039855387782175972219354033203	54.325487762011265777649437287207100002147410597435	142.8825999538972825003985538778217597221935403320312500	54.325487130328759912368654706351550855059297932752294162737611701696622568471660	-0.00110672328822399115894163718122121252	-2.8413821627749671311869978821632202981828704185733E-11	-2.8413823296357108233501566861424715954906562550358500964067806071519869191233204E-11	1.668607436921631588039792512973077858364625500964067806071519869191233204E-18	-0x1.f40b1bb243e13p-36	-0x1.f3ade01b136aap-36	-0x1.f40b2f7c5e665p-36	-0x1.f3adcc5441cbfp-36	true	true	true	true
95	D4	U07-0000000102_S08-0000000162	7	102	8	162	f3aab5a558a84789b586a78b8dfff1f3af461190236cbc97ffb2d12fcbddc774	ac615c40f0afd6462be333ed3928f53a2fafdb1c249a11d9810a0ed3d793d863	86671929f7cd23f16bf846a78fac2b9dcb6e62f7155f9711c82b42effe6f2c92	0	973	ae5d6e02159504fba836abfa5deeae036ea5e9c8fd0f016f2fe92722b984906d	e3b0c44298fc1c149afbf4c8996fb92427ae41e4649b934ca495991b7852b855	2.4074168889778217797492665397385280812159180641174	6.5850385007717366983581719352969230385497212409973	2.407416893955237356672594017936717136763036251068115234375	6.5850385048511692227812819311338898842222988605499267578125	-18.444959290273795484263066326079035951185662198861	-18.444959243176154632630144890915535287049957226462261156990146981565224854003030	142.87038281878780007938603262233363648811875273438	54.325471906333170720014446326817416104134752205386	142.8703828187878000793860326223336364881187527343750000	54.325471274637195748874349663729999826813281556533438860512684827459168704072313	-0.00110672328822399115894163718122121252	-2.8407545491976865306143989761505527617003732190545E-11	-2.8407547160227910040120296316671440001005151243999067148810074059033281309731992E-11	1.668251044733976306555165912384001419053454067148810074059033281309731992E-18	-0x1.f3eed5e1a1cep-36	-0x1.f3919e229cea4p-36	-0x1.f3eee9ab27bdcp-36	-0x1.f3918a5c6115cp-36	true	true	true	true
96	D4	U07-0000000102_S08-0000000163	7	102	8	163	6eeb7c1fa0b93992f1667eed0c49d0bca79c37abcf279293a3a84c016c6d96c4	99e7f5dbb00976d5ef874fbd374dfa3a0adad4473c621221cfcab6c14a0c0d05	9c3cb6e172ef9375e27b418e569c13d8dd4a6360ab2ec5123ead51ea937bb3bf	0	978	37d3eae1fe91605328818761533092732f601d00d7213d39dc16b99b4ab77a8c	e3b0c44298fc1c149afbf4c8996fb92427ae41e4649b934ca495991b7852b855	2.4074196540705270833115925199763296404853463172913	6.5850412207344853898760561605740804225206375122070	2.407419659047680134122959572096078773029148578643798828125	6.58504122481368971142590140743777737952768802642822265625	-18.445094985488599435073297343899235668277797986553	-18.445094938390781525601113101464220430057342009086085811036298440785211535099180	142.85816220289973999428111790377843788546168974609	54.325455433484173119431775728801023695540257594855	142.8581622028997399942811179037784378854616897460937500	54.325454801774747140034875770424580856526977114719638316663868412921512309067161	-0.00110672328822399115894163718122121252	-2.8401270048482001592046718298253306709179886617696E-11	-2.8401271716376677920772587504227179298092676370802354874243207161818271243071938E-11	1.667894676328725869205973872588912789753106354874243207161818271243071938E-18	-0x1.f3d290d8f80e8p-36	-0x1.f3755cfaf8472p-36	-0x1.f3d2a4a20b523p-36	-0x1.f37549352d9edp-36	true	true	true	true
97	D4	U07-0000000102_S08-0000000164	7	102	8	164	5b9f65328e4473f87716c121ff977dd61ef3a1b14b7eb4a679a8f0e1d8c540c0	6279abeaec8e3fe432c4e1b011af70b8fda65945fbecbf40684d4a052522ec88	461c6ef8c19c5ae257886745379fdf5b341b8172558c49ec3636aae8aa59a9ce	0	977	d2ce0f333e6f7a2c7d352bda1c9b82b8fcb04e73ed55b1cb704e5f40939d9b7d	e3b0c44298fc1c149afbf4c8996fb92427ae41e4649b934ca495991b7852b855	2.4074224173614218874606152098749589640647172927856	6.5850439391309956507769562961129850009456276893616	2.4074224223383125613462407699216782930307090282440185546875	6.5850439432099719082314148721479796222411096096038818359375	-18.445230684824168641264589570421174437196648574038	-18.445230637726173851441833311154514559524980859913889412566649576757267710353435	142.84593810623310224508380972215616391422235136719	54.325438343392787385909705142496910591700434306641	142.8459381062331022450838097221561639142223513671875000	54.325437711669928122034720396821289195682462866960540649368871490173168853351306	-0.00110672328822399115894163718122121252	-2.8394995297198347444500439408614440309486863605477E-11	-2.8394996964736680097238259690114866704809601244078211297803306447275921404066189E-11	1.667538332652737820281500426395322737638601211297803306447275921404066189E-18	-0x1.f3b64c9cca7c8p-36	-0x1.f3591c9f71107p-36	-0x1.f3b66065594e7p-36	-0x1.f35908da2bd04p-36	true	true	true	true
98	D4	U07-0000000102_S08-0000000165	7	102	8	165	173f2049fbd0663e667f2a3339a069f1b978db03df75dcca136bdcdea4741042	1fd7fd47a9983a3b418df192148e70e4fcb51ab205fac8e7dd3685c4a1345672	8c25c66f4ce0a8df272f1ab84107f7577c07dac5cb96e825597cf4202520127d	0	984	5b61ca957670e9f94f795f9cf1d0e222bf0fb93f60009f51369aa31e975a9cc9	e3b0c44298fc1c149afbf4c8996fb92427ae41e4649b934ca495991b7852b855	2.4074251788502595700292019387234176974743604660034	6.5850466559610459985063535270910506369546055793762	2.4074251838268880161753049407025173422880470752716064453125	6.585046660039794337582197414349138853140175342559814453125	-18.445366388282089903557254458207229121700740174705	-18.445366341183918462531288207207695365894926608994998790425046468995908068768271	142.83371052878788683179410807746681457440073759766	54.325420635987505337678200230781084973157175699550	142.8337105287878868317941080774668145744007375976562500	54.325420004251231291561205682605947055173941414978017366402176483461689221927556	-0.00110672328822399115894163718122121252	-2.8388721238059166102673069170513658093204005045443E-11	-2.8388722905241177939998566044897530396471405036845066920673173210462639853020355E-11	1.667182011837325496874383872303267399991402066920673173210462639853020355E-18	-0x1.f39a092cac295p-36	-0x1.f33cdd106e303p-36	-0x1.f39a1cf4fb42ep-36	-0x1.f33cc94b6805bp-36	true	true	true	true
99	D4	U07-0000000102_S08-0000000166	7	102	8	166	0943ead0951be1cae739f2fa5b6dffa3a0fd15d50c55dac3d83c52d2caf3daf1	f7a5c77b9894547def518d7e94a2affa37119746d91006e0e14138e495ed7db7	f6cf77686ff0a503281afb394f7d283f022169f4b8c40ee74cb2bc165a288035	0	980	c33f68f650f5c2510bfab847429fd27bc34f62a22ce41c64033c76f0cfd9d3cb	e3b0c44298fc1c149afbf4c8996fb92427ae41e4649b934ca495991b7852b855	2.4074279385367935227280078436251642415300011634827	6.5850493712244150545931375972941168583929538726807	2.4074279435131598799124663656812117551453411579132080078125	6.58504937530293561753769182587348041124641895294189453125	-18.445502095863950710332714032896473310168159274376	-18.445502048765602820971235139445628432817446931492580839444935030548906884371187	142.82147947056409375441201296971038986599684843750	54.325402311196797727880554683436328075469255455928	142.8214794705640937544120129697103898659968484375000000	54.325401679447127027938227770674457154629708797549089904026714464735802776737106	-0.00110672328822399115894163718122121252	-2.8382447870997713031618978591022157080872642766052E-11	-2.8382449537823427861164540610340136799854300613876238612709029213861368281886551E-11	1.666825714829545562019317979718981657847824238612709029213861368281886551E-18	-0x1.f37dc688d78dbp-36	-0x1.f3209e4da71fcp-36	-0x1.f37dda503b17p-36	-0x1.f3208a898dca2p-36	true	true	true	true
100	D4	U07-0000000102_S08-0000000167	7	102	8	167	4aca458f6e375bb68b01a0f147e35f3b22d8cc28f10f176a8c7f96779d7c7815	ce73e970e2c6b7a16803f752d56c9043208b78a095db9b151da452c914b45c28	989427bd5d7d926c9bfe3bacd21da84e964363ea190d5f249a9beb5b939b32a1	0	973	0c8fef530c494a7f604e346492fb976533fafae4c74d6ffdeec35b588b4397ef	e3b0c44298fc1c149afbf4c8996fb92427ae41e4649b934ca495991b7852b855	2.4074306964207771372676880616836569970473647117615	6.5850520849208815515885007130236772354692220687866	2.4074307013968815650850618936829050653614103794097900390625	6.5850520889991744737101964091152694891206920146942138671875	-18.445637807571339289567511741596943401168172979948	-18.445637760472815102479046148341453109653275130637763467069573888711973556566540	142.80924493156172301293752439888688978901068388672	54.325383368949115003063794296122797236427430568397	142.8092449315617230129375243988868897890106838867187500	54.325382737186065019806921190466266965453986357449050613225898944277957981321758	-0.00110672328822399115894163718122121252	-2.8376175195947234064535856649921581340310011580884E-11	-2.8376176862416677577977251533809673031812249445279629500864762995701982601158471E-11	1.666469443513441394883888091691502237864395629500864762995701982601158471E-18	-0x1.f36184b172936p-36	-0x1.f3046056f04fap-36	-0x1.f36198787a755p-36	-0x1.f3044c9331e73p-36	true	true	true	true
101	D4	U07-0000000102_S08-0000000168	7	102	8	168	690a8a6d9c77ec37a75ff4f6072f4fb65a2ce096e704fd90bbc731c247a4abc2	0c29af5fa5206d48c09f09fe80f7d8189943c9421175ba55b77befc29011c6a6	8f425b01f4f9589e91ea53a2619926aec1f1ef069fbd8baacc34829907982bf0	0	974	8623cf8c185fdb590dba1ae383e29c1f85f1a043b7c7bb65951a28c220fd2b97	e3b0c44298fc1c149afbf4c8996fb92427ae41e4649b934ca495991b7852b855	2.4074334525019638539311550573529530083760619163513	6.5850547970502243122492558313751942478120326995850	2.4074334574778064911593222774399691843427717685699462890625	6.5850548011282897357954180250771969440393149852752685546875	-18.445773523405844452931957664714261646916170314210	-18.445773476307144170383410473507458781888946513963268553783839866327947931757924	142.79700691178077460737064236499631434344224394531	54.325363809172884988931482133629700934594310256794	142.7970069117807746073706423649963143434422439453125000	54.325363177396473871334128269558558978166975098305988035318014402544537342778822	-0.00110672328822399115894163718122121252	-2.8369903212840971048414304627695846324532177240814E-11	-2.8369904878954167069350384196513821618842196240752551866043010655304800038538454E-11	1.666113196020936079568817975294310018999938551866043010655304800038538454E-18	-0x1.f34543a63352dp-36	-0x1.f2e8232c873a3p-36	-0x1.f345576d09e8dp-36	-0x1.f2e80f68f9c36p-36	true	true	true	true
102	D4	U07-0000000102_S08-0000000169	7	102	8	169	c631ae8ac57a54b71c5359edbae344e0865bf0655c938fa4740933fac6013396	fa9a0c5c48d0621643c4b424025ccd7abb542b482a3f9da37a6d2219a7adc0a6	3c86dbb28bbe6ca7aeb75f32acfb352481e46ae67dae068fc29018bdf2ad4355	0	981	c5718ed5665061857ae037db5931e72874947ff0af310e9155ccbbf24115c38b	e3b0c44298fc1c149afbf4c8996fb92427ae41e4649b934ca495991b7852b855	2.4074362067801071060624273911798809422180056571960	6.5850575076122222564767305641453276621177792549133	2.4074362117556880984181599814064611564390361309051513671875	6.5850575116900603271641312375095367315225303173065185546875	-18.445909243369055647723998070703497371174967615087	-18.445909196270179497661144695721055079111049566391975945325216100195562444849076	142.78476541122124853771136686803866352929152861328	54.325343631796513648830332119556708476974044962495	142.7847654112212485377113668680386635292915286132812500	54.325343000006759940237898600612142541214633580873419377040909260116595914972377	-0.00110672328822399115894163718122121252	-2.8363631921612159982956409924966880548499058654548E-11	-2.8363633587369131405971484981801606935466199262316598404213297542445484040244482E-11	1.665756971423015075056834726386967140607768598404213297542445484040244482E-18	-0x1.f329036ea365dp-36	-0x1.f2cbe6c69d189p-36	-0x1.f329173543f76p-36	-0x1.f2cbd303459c7p-36	true	true	true	true
103	D4	U07-0000000102_S08-0000000170	7	102	8	170	d4ff2945598f52ba5e868f6d3377a9c7de1d85aa31f0a410ea70a48e049629f9	f06174b1a8b840f16c4610feccc3567a25496975523c3a977d3e2f6a3a1bc0b7	a157d4bc692811beb64adfbdd2c146a82336085198116b88a245c295286e3959	0	983	98bbe8c8f5a463644d07456cca8381920d9caddb99106d0ec3e36cf960b4dbc8	e3b0c44298fc1c149afbf4c8996fb92427ae41e4649b934ca495991b7852b855	2.4074389592549603478222053354329545982182025909424	6.5850602166066544151945549856463912874460220336914	2.40743896423027985143061613371173734776675701141357421875	6.585060220684265275270519168770988471806049346923828125	-18.446044967462563060761826297935060649932954750180	-18.446044920363511244850396497669726444310256069692512081342081941267694476348214	142.77252042988314480395969790801393734655853789062	54.325322836748386610402453426185292663055347073812	142.7725204298831448039596979080139373465585378906250000	54.325322204945308480353170804083662799669032052056281538457817041335821446003412	-0.00110672328822399115894163718122121252	-2.8357361322194027287578605014519340757210886409278E-11	-2.8357362987594797953465711294828890841223229838854269573262435013558797153061434E-11	1.665400770665887106280309550084012343429576269573262435013558797153061434E-18	-0x1.f30cc3fc6e495p-36	-0x1.f2afab33f26dep-36	-0x1.f30cd7c28f7p-36	-0x1.f2af977119b4fp-36	true	true	true	true
104	D4	U07-0000000102_S08-0000000171	7	102	8	171	77b2c1fc91e51f2ac083362c1b90751df6d878092b68f0d3bb6c5ddc0636a9ac	4f5c6e9ce69db9b998d59174036155adde96ac1fec76a15011302d204c8eee52	441106194e29971db660e5d91d268de170a1bdd14b060b04cb8237ea4b7e743d	0	977	7d643cd03de4894584ca7563dd9232182969d5c00d40f0aa1d8cca3946478562	e3b0c44298fc1c149afbf4c8996fb92427ae41e4649b934ca495991b7852b855	2.4074417099262770680656586819168296642601490020752	6.5850629240332999234097677287991245975717902183533	2.4074417149013352217046257663923825020901858806610107421875	6.5850629281106837116521734998286774498410522937774658203125	-18.446180695687957566399952034748812723436066759021	-18.446180648588730260025538288439655405762306293004603395776906745327719931601683	142.76027196776646340611563548492213579524327177734	54.325301423956868387684406975997480481271138715949	142.7602719677664634061156354849221357952432717773437500	54.325300792140483631914347810352119743227910019305410339055706720922865204496755	-0.00110672328822399115894163718122121252	-2.8351091414519791695334156694022721524024110833442E-11	-2.8351093079564386390260471218919656946172909092809256910612737863981562301042689E-11	1.665044594694926314524896935422148798259367256910612737863981562301042689E-18	-0x1.f2f085567afaap-36	-0x1.f293706d5aa65p-36	-0x1.f2f0991c246d1p-36	-0x1.f2935caaf9d2ep-36	true	true	true	true
105	D4	U07-0000000102_S08-0000000172	7	102	8	172	be141e7dcad177c5005afcf4b54be4f49408165c095f8b29fee2f7eb3b6af727	d4b0baa67b75d8ff1da8c5dd9588e502df9b68830e93dd8ae27da8ab822f79f1	30c5d55a23cb4476f20650ff68b0dfa626c944a93aa98c68e99261b3c0130393	0	990	0e0181d470d1573e6df0439eb6d016af36b6458777cf0ada6a57aaba69a666ff	e3b0c44298fc1c149afbf4c8996fb92427ae41e4649b934ca495991b7852b855	2.4074444587938107487090633185289334505796432495117	6.5850656298919379993961342734110075980424880981445	2.407444463768607705034252575160280684940516948699951171875	6.5850656339690948580523066624436978599987924098968505859375	-18.446316428046830570627565739162882477014787130612	-18.446316380947427974854350751997075619186001873247371468407607403003360371742925	142.74802002487120434417917959876325887534573027344	54.325279393350300066855170080565183842284376275322	142.7480200248712043441791795987632588753457302734375000	54.325278761520626875479496803722696843694732308411718403509554908095667789546856	-0.00110672328822399115894163718122121252	-2.8344822198522669891472362363985905057990734173611E-11	-2.8344823863211112472577068895315842654968009510839172045491735628055380841454396E-11	1.664688442581104706531329937596977275337228172045491735628055380841454396E-18	-0x1.f2d4477c9cd91p-36	-0x1.f2773672f8143p-36	-0x1.f2d45b41f1c15p-36	-0x1.f27722b0ed09bp-36	true	true	true	true
106	D4	U07-0000000102_S08-0000000173	7	102	8	173	a8d5e04d1bb80134b8fc825bdb519d9889814a901d3325a3835ed3b2bfdf28c7	4b979d4ee34f8a2b9804d339eb7bb94ccf35682f1bd2558066a44128a7b1f29a	9d1ac3fabf968197b9ea3f8a8e5a37acc5b571c7b6d4b20b86d2bcf84709716b	0	978	17bfea48c3d7b0f32fe282101345880f46195ebc7c0c9de751fc347ad9b79f9a	e3b0c44298fc1c149afbf4c8996fb92427ae41e4649b934ca495991b7852b855	2.4074472058573148994242707487956067780032753944397	6.5850683341823479793886164657124027144163846969604	2.407447210831850807621901111588158528320491313934326171875	6.58506833825927805070588050284641212783753871917724609375	-18.446452164540774270837382990523962188017103515456	-18.446452117441196586428637676860212030049852435803292790562998695955618603770209	142.73576460119736761815033024953730658686591337891	54.325256744857003137398697764262636100638714414859	142.7357646011973676181503302495373065868659133789062500	54.325256113014059710824320207692245708601282557546491263622789417842510337023195	-0.00110672328822399115894163718122121252	-2.8338553674135867159296913701564088907419558562005E-11	-2.8338555338468181492092822751480054810146022597155143273254288207129226510491568E-11	1.664332314332795909049915965902726464035150143273254288207129226510491568E-18	-0x1.f2b80a6f2a1c4p-36	-0x1.f25afd446dc19p-36	-0x1.f2b81e33ee807p-36	-0x1.f25ae982f2285p-36	true	true	true	true
107	D4	U07-0000000102_S08-0000000174	7	102	8	174	78006deda6dd4ba8c0e3569267474d34a58b16632053fe30341d5890e717f13b	67c83b3621addf50882c3803e92964683a2ad2532bd2d7929facae881ba8a88e	f45dd6a992b2f3b036706cbfd30c1bc8092c24017029cbc2307ccb3b45681bca	0	1081	c6cd85c19e3c64bc640649e1fa2c3d0c3b87e028f2e084075d2e3149a46d2907	e3b0c44298fc1c149afbf4c8996fb92427ae41e4649b934ca495991b7852b855	2.4074499511165430576387080918721039779484272003174	6.5850710369043092967666908066348696593195199966431	2.4074499560908180599561045909240419859997928142547607421875	6.5850710409810127195229245700147657771594822406768798828125	-18.446587905171381499923857463055189361479990212232	-18.446587858071628901362442273861609058337453837704968243013120045984851079917076	142.72350569674495322802908743724427892980382109375	54.325233478405277177834212705672003393819311208514	142.7235056967449532280290874372442789298038210937500000	54.325232846549081342675882678800873271433730628143769493136070301570719054659509	-0.00110672328822399115894163718122121252	-2.8332285841292583020367651138162016567517753012570E-11	-2.8332287505268793915105708470560589424634273245430106074557877718789788880711002E-11	1.663976210894738057332398572857116520232860106074557877718789788880711002E-18	-0x1.f29bce2d9b578p-36	-0x1.f23ec4e23517cp-36	-0x1.f29be1f212d24p-36	-0x1.f23eb12106e77p-36	true	true	true	true
108	D4	U07-0000000102_S08-0000000175	7	102	8	175	50bb3e252fae2a65db4d03830329b511662d31c51063d5b9ad50c4732cbcfd70	9f47d66ea6c798f5c933fe426625808dad833535a078dcdb20191306ed6d70f2	2ac84492015db26e1554defc869e04a5584a71e0b8243af3d9b80a6ab828749f	0	985	432699f9706301b4e615a1cea9c23d74787b615974cb7f9cf6af23e2b386ff06	e3b0c44298fc1c149afbf4c8996fb92427ae41e4649b934ca495991b7852b855	2.4074526945712487677186963708209077594801783561707	6.5850737380576014751154545479039370547980070114136	2.407452699545263009872630988184027955867350101470947265625	6.5850737421340783950274300195815158076584339141845703125	-18.446723649940245674298967511691192419396443727112	-18.446723602840318387725467277352734416808552475420775068041830373984343455542407	142.71124331151396117381545116188417590415945341797	54.325209593923399077808116535349603741421862949777	142.7112433115139611738154511618841759041594534179687500	54.325208962053969439151624736370725670101914237165088566110609433624281778527892	-0.00110672328822399115894163718122121252	-2.8326018699926013122578770460453000657148503918746E-11	-2.8326020363546143524928888216475666464584911674476668596862641674753400658371920E-11	1.663620130402350117756022665807436407755730668596862641674753400658371920E-18	-0x1.f27f92b852c0bp-36	-0x1.f2228d4be3375p-36	-0x1.f27fa67c6292fp-36	-0x1.f222798b1d19ap-36	true	true	true	true
109	D4	U07-0000000103_S08-0000000161	7	103	8	161	15c7dc4853d75ab1ab4381a1afba1295623d7211d3e8e726ced872274cde6cfa	8570e9d87b28b5f190aff7f5c1e285bbccbad2c82557390c170273a92e1c2e3e	2f2c4a8e4de2e41b5d1acfd3b0232f745f0f33774a283dc8e33423b86f6753af	0	982	272d05a0d08e2cec162a93b282a9a68424251152e659ca84656441ea085fa69c	e3b0c44298fc1c149afbf4c8996fb92427ae41e4649b934ca495991b7852b855	2.4074258727209266184310365588316926732659339904785	6.5850462704337597089065958755327301332727074623108	2.40742587769826303645270826336854952387511730194091796875	6.585046274513050031107486148584939655847847461700439453125	-18.444779051283063128988935645838205849827088243774	-18.444779004187584594184106729702981507200005472706112889048232734053646942043644	142.88144176942350526845546657627961823012332636719	54.328985526154013056517775538246948424189874651597	142.8814417694235052684554665762796182301233263671875000	54.328984894507154336025799816219653073561961082095165920714865928400591542657192	-0.00110672328822399115894163718122121252	-2.8413027721540427809546131441133150746514293570426E-11	-2.8413029390004928009097507982115823030314041925002742191815405980628332087122046E-11	1.668464500199551376540982672283799748354576742191815405980628332087122046E-18	-0x1.f407884a594c3p-36	-0x1.f3aa4ce3300dbp-36	-0x1.f4079c148fc1p-36	-0x1.f3aa391c42055p-36	true	true	true	true
110	D4	U07-0000000103_S08-0000000162	7	103	8	162	161c9d1cab7243a11bbc4d6b86b40715c8ffc830469071ef315c54294c2ac96d	95427f0dd5ff8f18245c99c545ee347cf534786acab23f755ecdd9a08b8720cd	d5efd5fa2115470d61f05ef3569d4e3fc436e12cdf4275263dd0222161126e44	0	982	e32db64c10c9a1639c12efcd0b29587fe3413442124e3a3475221ed69e046945	e3b0c44298fc1c149afbf4c8996fb92427ae41e4649b934ca495991b7852b855	2.4074286400831168622471700757614598842337727546692	6.5850489923804519237782173490813875105232000350952	2.4074286450601905841539807084927815594710409641265869140625	6.5850489964595138869807300352476886473596096038818359375	-18.444914741369750297869999776775942739962214207018	-18.444914694274094548978120451221030574028759760532463329728404577912129517738129	142.86922470294819981784358099359435748795367060547	54.328969803309311564072094837398038146919965037651	142.8692247029481998178435809935943574879536706054687500	54.328969171648986386565662849588064466198143817246332227063187828001557228476397	-0.00110672328822399115894163718122121252	-2.8406751713757350478900784199656306412323005873420E-11	-2.8406753381865482927521498559684209716744373493052245270211436834169958483391387E-11	1.668108132448620714360027903304421367619632245270211436834169958483391387E-18	-0x1.f3eb429878206p-36	-0x1.f38e0b17c5213p-36	-0x1.f3eb5661d8c9cp-36	-0x1.f38df751aeaa9p-36	true	true	true	true
111	D4	U07-0000000103_S08-0000000163	7	103	8	163	c052c7cd7672dcfdc9063268ca1dc04d578084a9a9de4ce98c18aa847462c9e2	b2252769d787d6b8ddeed43afffc8a4bd1dd4e9c84f1914f98742e69931384d8	929deb44e3cd9abed8308b3115fded9ddf8c0615fc5b2e00724405343b445178	0	977	b425af7b92695cee25bbecf64267eb6c9b78179defea1e3240d847c0d38f9b56	e3b0c44298fc1c149afbf4c8996fb92427ae41e4649b934ca495991b7852b855	2.4074314056436758244017504182465927442535758018494	6.5850517127609083170569626020096620777621865272522	2.4074314106204869993799189131777893635444343090057373046875	6.5850517168397420565695288274810081929899752140045166015625	-18.445050435574219509221890336086622217297186362217	-18.445050388478386697948961571914579896797786847111642255544995041652009606760435	142.85700415569431670313930194784202137720173945312	54.328953463319768775346272946222737133268679751616	142.8570041556943167031393019478420213772017394531250000	54.328952831645994466535806827852519336937275866690933545769287057267813945810559	-0.00110672328822399115894163718122121252	-2.8400476398252396062073202865773739751400066902199E-11	-2.8400478066004186423852433746934756449259318615114113371661483174689576381456371E-11	1.667751790361779230881161016697859251712915113371661483174689576381456371E-18	-0x1.f3cefdb563a0ep-36	-0x1.f371ca1618da3p-36	-0x1.f3cf117e7c815p-36	-0x1.f371b65048a31p-36	true	true	true	true
112	D4	U07-0000000103_S08-0000000164	7	103	8	164	c1604d3a74e8e2870c0ecf808a6275004b8eb1db7cbe54d38686ec7cb0c96ec9	80fb6916b42b7ca367dabe7a1ce66de3f6ceff7ec390fb462409a07bd679e9f9	4c69483691e3925c73b49adfd7486303c038a7185ede903efd2fb9c660f793b8	0	972	7341825ce4d3cbd16c120d170ed68632b43dc54b0eabb3f00b1da3a5f6874b82	e3b0c44298fc1c149afbf4c8996fb92427ae41e4649b934ca495991b7852b855	2.4074341694023568341553875882254942553117871284485	6.5850544315749072396548591257214866345748305320740	2.4074341743789056148605798313155901269055902957916259765625	6.5850544356535129046636978245032878476195037364959716796875	-18.445186133898056532059153723447033452051799243421	-18.445186086802046913728602402625842610796417199830137263780608577068721637559557	142.84478012766185592434262943902260989786753291016	54.328936506113901389653698204394016772651089489461	142.8447801276618559243426294390226098978675329101562500	54.328935874426696822297092157849054354245082153686157694194362206159530076184171	-0.00110672328822399115894163718122121252	-2.8394201774958835720811028156300149315072688481907E-11	-2.8394203442354305913176154524821217110538854411886444131708506410073392825360940E-11	1.667395470192365126368521067795466165929979444131708506410073392825360940E-18	-0x1.f3b2b99ef725cp-36	-0x1.f35589e05e28ap-36	-0x1.f3b2cd6788a77p-36	-0x1.f355761b16115p-36	true	true	true	true
113	D4	U07-0000000103_S08-0000000165	7	103	8	165	848c37d8802fd14cb8e601c3852a1fa31dba5765d3ca091045582903fa7aa76b	a7bb8cd8b96d2c19b15d25d262529fe0b7198a91ac67bb54a5e0ddd02323c28f	d1df78d29d258917b53970b51f2cc96ef5941a4e8c513d06f3fef8db11f706c0	0	974	b35d5372ae98adf64746bd6c0a7b0dd776b6eb7588b0d0b89c65f6353fe87730	e3b0c44298fc1c149afbf4c8996fb92427ae41e4649b934ca495991b7852b855	2.4074369313589132554631611071727093076333403587341	6.5850571488222271673840246819509047782048583030701	2.407436936335199784142702128519886173307895660400390625	6.58505715290060489319756698023411445319652557373046875	-18.445321836342847979011635646400711771775096223728	-18.445321789246661704728315950721465195859996389478614867391098594813355521704646	142.83255261885081748145356346713612304995105097656	54.328918931620207361499003433911926314784839763018	142.8325526188508174814535634671361230499510509765625000	54.328918299919589881820487588691077392237285805874564083835735803857819781365489	-0.00110672328822399115894163718122121252	-2.8387927843809927185608648798070824659115638590801E-11	-2.8387929510849102888676400539676929234158965246462611236421692783720259835059617E-11	1.667039175703067751741606104575043326655661611236421692783720259835059617E-18	-0x1.f3967654d6574p-36	-0x1.f3394a76e9ae9p-36	-0x1.f3968a1cea3b6p-36	-0x1.f33936b21fd29p-36	true	true	true	true
114	D4	U07-0000000103_S08-0000000166	7	103	8	166	920e771c665ee76593cbb5e9fc48f2b27fa314a7e0b6891a842f081d46a1cd6b	cc09d53a1e442cd486acded435dbcd2aa5d696b7b6136a90624bf0ffe4485c43	7a571c4bc26db65af62db59913f853febe44ca81e2dbe90fb38fca4dc52eac22	0	976	b3b6a6e928980c4339c2349864c82db1d2f78a8d4464f741cc8b1366fece2fde	e3b0c44298fc1c149afbf4c8996fb92427ae41e4649b934ca495991b7852b855	2.4074396915130984522801504965627827914431691169739	6.5850598645026466662621977832259290153160691261292	2.4074396964891228746508122782188365818001329898834228515625	6.5850598685807965985972156630623430828563868999481201171875	-18.445457542910181046504886283303445333563121541909	-18.445457495813818345011396630693453322762796946291905218565313926206738338342776	142.82032162926120137447210403218256083345229365234	54.328900739767162048913885271440306618425467110972	142.8203216292612013744721040321825608334522936523437500	54.328900108053150165989630293384962625658676143353882557391969405118095581823839	-0.00110672328822399115894163718122121252	-2.8381654604738924160315678631723968837300763388290E-11	-2.8381656271421828247239510523311583994520173990199769231722135004624677320176447E-11	1.666682904086923831891587615157219410601909769231722135004624677320176447E-18	-0x1.f37a33dde0bb9p-36	-0x1.f31d0bd29826ep-36	-0x1.f37a47a5565c8p-36	-0x1.f31cf80e6ab8ap-36	true	true	true	true
115	D4	U07-0000000103_S08-0000000167	7	103	8	167	e0ab5b71ec5a146894cf9b94cc0b634ce7438c6c18532e6a6f26f288d28a5885	019a5e3da3684a6ac50ff939027c45f078f981a94abde6832d6137a9e7f953d8	3805e1b2f624e7bce719d04e3989e917804da3002ec7f4e5f383ef17da63937d	0	977	2f03c242ecab52c3259afcf9c8e835f57a1fafbc371fa0b31eb339287aa63490	e3b0c44298fc1c149afbf4c8996fb92427ae41e4649b934ca495991b7852b855	2.4074424498646658093781169895919447299093008041382	6.5850625786159444133294194045902258949354290962219	2.407442454840428271156671513608671375550329685211181640625	6.585062582693866684024897040217183530330657958984375	-18.445593253601643670612294323203432300345382968085	-18.445593206505104666432474400225045911322008423314588526618740218862055005985071	142.80808715889300760339825113416192324837126093750	54.328881930483220508951618270761088775883882775702	142.8080871588930076033982511341619232483712609375000000	54.328881298755831205335052521989498590852191848443544316507387657179100920236527	-0.00110672328822399115894163718122121252	-2.8375382057679070708856026068474521707697457037587E-11	-2.8375383724005729813186569672491270518288586751749390000673608103562442149665971E-11	1.666326659104330543604016748810591129714162390000673608103562442149665971E-18	-0x1.f35df22c02558p-36	-0x1.f300ce01e66e4p-36	-0x1.f35e05f35ba9fp-36	-0x1.f300ba3dd5fcep-36	true	true	true	true
116	D4	U07-0000000103_S08-0000000168	7	103	8	168	30579919cd6e04bb575557d2210957cfdc19f1aa565668f34339310c802c05a8	928cba94feba2ce10306271d4671ac83c58a7ff7ea225f7dbefca088d34f2a53	5746c0c12af944ec3a7b4a2172158a469fbcf592bb473fe2f1208be1397ec444	0	976	0658d4dc9f02d30e99fc3435b62e93aa6abb1e07969c2f09851e650bf4041b42	e3b0c44298fc1c149afbf4c8996fb92427ae41e4649b934ca495991b7852b855	2.4074452064133687254066096272708819014951586723328	6.5850652911618991619535634640669741202145814895630	2.4074452113888693792487227796073057106696069240570068359375	6.5850652952395939236651667414434996317140758037567138671875	-18.445728968418824267235359676754258829228513604130	-18.445728921322109240469061443964561526762483115791711455858367428381773792905112	142.79584920774623616823200477307421029470795283203	54.328862503696813646031344018387080719857801821004	142.7958492077462361682320047730742102947079528320312500	54.328861871956066219717237822787290827468419566379219743798609018107785869274714	-0.00110672328822399115894163718122121252	-2.8369110202563610651515830208481363905633283374524E-11	-2.8369111868534045787559635378538164576872855476281834338147922910729637943563904E-11	1.665970435136043805170056800671239572101757834338147922910729637943563904E-18	-0x1.f341b146cd882p-36	-0x1.f2e490fcfea68p-36	-0x1.f341c50d7f1d6p-36	-0x1.f2e47d3996b1fp-36	true	true	true	true
117	D4	U07-0000000103_S08-0000000169	7	103	8	169	dd5566329b7436b4c50ddb965c9f065a55d794d41a49a9743524e65509832891	9f86dd6613d37cff67105adaa1c86b8ebf8e52df0d2df99f19a5e73935647591	17cd1bfd4c0b561a9ae3e6e48957f19d5a8d6194fe0325045857ef520196b500	0	979	37d85c6d10af9078f00f9f02c872860bb45d137ce4b313f0b92de165837b6075	e3b0c44298fc1c149afbf4c8996fb92427ae41e4649b934ca495991b7852b855	2.4074479611589606267707530662391945952549576759338	6.5850680021402897973414880539166915696114301681519	2.4074479661341996149237498769934973097406327724456787109375	6.5850680062177571853776480992337383213452994823455810546875	-18.445864687363312147750537797747849426058795486083	-18.445864640266421248299183267828627424371326443548253650225808901499654050777782	142.78360777582088706897336494891942197246236933594	54.328842459336354349371874390233282149577192349105	142.7836077758208870689733649489194219724623693359375000	54.328841827582266187643851934334082618522603471550200168886562687518976299165340	-0.00110672328822399115894163718122121252	-2.8362839039325772575744870163983031473425149490228E-11	-2.8362840704940009455205564086383067290345247186908960324009898160278463903589345E-11	1.665614236879460693922400035816920097696680960324009898160278463903589345E-18	-0x1.f325712dccaf3p-36	-0x1.f2c854c44d8e9p-36	-0x1.f32584f409d65p-36	-0x1.f2c84101599c8p-36	true	true	true	true
118	D4	U07-0000000103_S08-0000000170	7	103	8	170	9e2477b8db5bbcb85f576b0bbb9f9b9e21fe96747e1f0f586f9f91bb57eeedee	5f10a39988207840d16bb83edaa19b17431a22d27f999ca621d484f4a6a43c62	86b996dc0e65fa33c731a8d6d04882e2419576fbf7a622612ca0da678339b180	0	978	8b15df1c02ddab37ae3f80e83b30cbddcc1cb595ab8fa887fb1c31f29f0709a9	e3b0c44298fc1c149afbf4c8996fb92427ae41e4649b934ca495991b7852b855	2.4074507141011949468145658670437114778906106948853	6.5850707115508952810278842093794082757085561752319	2.4074507190761724219341122221749174059368669986724853515625	6.5850707156281354411053730046887721982784569263458251953125	-18.446000410436697103312450665178239451735864216457	-18.446000363339630558714828159125740556859805191424356352318291418060545103227444	142.77136286311696030562233166169755828163451044922	54.328821797330231336153102178174538742115258210684	142.7713628631169603056223316616975582816345104492187500	54.328821165562820989150431781214532098379097555182684170571570529651403824950225	-0.00110672328822399115894163718122121252	-2.8356568567898784857801676115863246643116031135566E-11	-2.8356570233156846387892403883068909655896571591615067677946656106953886592008810E-11	1.665258061530090727767205663012780540456049067677946656106953886592008810E-18	-0x1.f30931e14260ap-36	-0x1.f2ac1957860f1p-36	-0x1.f30945a72091ep-36	-0x1.f2ac0594f07e8p-36	true	true	true	true
119	D4	U07-0000000103_S08-0000000171	7	103	8	171	6e9c4a1a296be7a48564de35fdacaa5014d93e9b2cd8f559834c98a2dad99ac6	8060b7af733aa0e370095fcee409d2b7ba485a8c085767ea763247999d85651e	84b3742a5840dcab209f11c6e0bdcae88734238f415d7e894b404ec61c54f8ed	0	973	dc9a1cbef771d0da080f0c5a8dc6de2b0fe62e07696b7643b98eeb80c1ced9a7	e3b0c44298fc1c149afbf4c8996fb92427ae41e4649b934ca495991b7852b855	2.4074534652398251466376422058601747266948223114014	6.5850734193934946925086393321180366910994052886963	2.407453470214541250971063135466465610079467296600341796875	6.5850734234705077634053349555642853374592959880828857421875	-18.446136137640569716582631767157210296820493040784	-18.446136090543327702117377083051078554718071602760705232744480066711163638727894	142.75911446963445587817890491140861922222437617188	54.328800517606813752144540190916636896513174409935	142.7591144696344558781789049114086192222243761718750000	54.328799885826099011890421824855031796788201429246219865328246594367620844448870	-0.00110672328822399115894163718122121252	-2.8350298788215864428214640234630921467241505933325E-11	-2.8350300453117775399188918642488596464293580157440348484971681376803453749935937E-11	1.664901910970974278407857674997052074224115348484971681376803453749935937E-18	-0x1.f2ecf360deb95p-36	-0x1.f28fdeb6ebf48p-36	-0x1.f2ed072676c83p-36	-0x1.f28fcaf49d064p-36	true	true	true	true
120	D4	U07-0000000103_S08-0000000172	7	103	8	172	72ecd8cff0f78b7dc8f068ed2f2e5c5303903f321eb216264c17bebc03643dfd	0fec48702d45055e7b22f09e5370b0c2c31464e65d321815d30f15c0b284fe27	1d7cd8445982dee393d8a9c095e99f6f64a3f69f4efd26bddf35d7f49b92e3f9	0	969	8688814663b6113f2935a927036bfa94606c39d9482b7d945302600f1b317a67	e3b0c44298fc1c149afbf4c8996fb92427ae41e4649b934ca495991b7852b855	2.4074562145746046942784701627715548966079950332642	6.5850761256678672014852615745894581777974963188171	2.407456219549059577011984600858340854756534099578857421875	6.58507612974465332544848905627077328972518444061279296875	-18.446271868976521153868484341605836955910023639569	-18.446271821879103870492446356187222892430694433502842539937631700758619125053940	142.74686259537337378664308469805260479423196650391	54.328778620094448088427757911319707598158835446940	142.7468625953733737866430846980526047942319665039062500	54.328777988300447141415297169526797904312015579464265881919972569147867546758958	-0.00110672328822399115894163718122121252	-2.8344029700210224288206358572782974013230503709130E-11	-2.8344031364756008561288722363595258825879286485470712708928942551524120633227705E-11	1.664545784273082363790812284812648782776340712708928942551524120633227705E-18	-0x1.f2d0b5acde08bp-36	-0x1.f273a4e23b63ap-36	-0x1.f2d0c972056cap-36	-0x1.f27391205cb9ap-36	true	true	true	true
121	D4	U07-0000000103_S08-0000000173	7	103	8	173	6e6f79f0842d241433867d66ee18aae46d32b3ead5ba323969e158ff89fefdd8	7f0db9b1baed5391a3db71f20e0a505101963083b25af1133bc381d5cf26306d	d287cb86cc222924b0bf1ecc69e6d8f836f6d1868ac887f3340dab31618fe379	0	971	43eb0867cca5d6f70f50d15a14e50faa20482bbd98d89a6306d58f725bcf97e9	e3b0c44298fc1c149afbf4c8996fb92427ae41e4649b934ca495991b7852b855	2.4074589621052870785922195295825076755136251449585	6.5850788303737920886815615517662081401795148849487	2.4074589670794808889120464101551988278515636920928955078125	6.5850788344503514044891989698271572706289589405059814453125	-18.446407604446143320974957507089645707752150926849	-18.446407557348550943364139976924844473241950201096541096027259635948703505614948	142.73460724033371403101487102162951499765728144531	54.328756104721460476832268394411538709325474832066	142.7346072403337140310148710216295149976572814453125000	54.328755472914191135640445512339973831819134132178094243356165393793033509568255	-0.00110672328822399115894163718122121252	-2.8337761303815067903832068293395262416001133260018E-11	-2.8337762968004750285231557003432879725532564159828983968505296945301001675535257E-11	1.664189682381399488710037617309531430899810983968505296945301001675535257E-18	-0x1.f2b478c549091p-36	-0x1.f2576bd95f356p-36	-0x1.f2b48c89be803p-36	-0x1.f257581832f5ep-36	true	true	true	true
122	D4	U07-0000000103_S08-0000000174	7	103	8	174	474ea17274d8790f7a87180bc6f15287a850135c60fd7829aac234c065a060b7	c8cd8defc925479462abff1248d50c47aa97678b641b97025177f5905895b9a8	b353db63510f60eb371aded06f3cf3f941b3816b758ed50a2ecaaae7dceb98f5	0	980	169e087953283e09bd346375d940e12524e7c086dcc7e5d2a1af4090cd79c579	e3b0c44298fc1c149afbf4c8996fb92427ae41e4649b934ca495991b7852b855	2.4074617078316258161896357137266022618860006332397	6.5850815335110487180880767255075625143945217132568	2.4074617128055586963431000668833803501911461353302001953125	6.5850815375873813749263430139535557827912271022796630859375	-18.446543344051028655343368608642456136739109525862	-18.446543296953261435810775996004848698316805325670086173818836711973086296242566	142.72234840451547661129426388213934983250032099609	54.328732971416153606661977770949756667584696592954	142.7223484045154766112942638821393498325003209960937500	54.328732339595634846726591155892145209977174326331642277348418286978950535247612	-0.00110672328822399115894163718122121252	-2.8331493598963596716991913272636959671071199995490E-11	-2.8331495262797199211520812188414195539396038640829585767878647415023132781361246E-11	1.663833602494528898915777235868324838645339585767878647415023132781361246E-18	-0x1.f2983ca9593cfp-36	-0x1.f23b339d16778p-36	-0x1.f298506da7561p-36	-0x1.f23b1fdc10f79p-36	true	true	true	true
123	D4	U07-0000000103_S08-0000000175	7	103	8	175	143cbf8d26145ca58207c72ccc31ff845d19d0f812be5938b69e4d3d1ca49002	d100cef41da6524f99b2d983d498780d0bcb22852713cd7d622960463c4e0f03	d49b15b6a62a2773ec0a1dc313f4618222c1e2679f97d30538414bd00621182c	0	975	befe1784fe2755b8aeac03650030ca8c534788f586ee3df1d6fa308f43768848	e3b0c44298fc1c149afbf4c8996fb92427ae41e4649b934ca495991b7852b855	2.4074644517533744167425702187301794765517115592957	6.5850842350794165785954348280029080342501401901245	2.4074644567270465193853379304300688090734183788299560546875	6.5850842391555227152422080649785129935480654239654541015625	-18.446679087792770437779826232337576124397708530237	-18.446679040694828550398474978101755487352055417918347976006067008096156187266656	142.71008608791866152748126327958210929876108515625	54.328709220106811325261673219399877581336616396627	142.7100860879186615274812632795821092987610851562500000	54.328708588273060979725728675249581814918203554247355955570830496776429378426812	-0.00110672328822399115894163718122121252	-2.8325226585588998922891816665594055541528687535667E-11	-2.8325228249066546353525718413044131325907684604904669966726657450193388909870175E-11	1.663477547430633901747450075784378997069237669966726657450193388909870175E-18	-0x1.f27c0159eb44ap-36	-0x1.f21efc2c77ffp-36	-0x1.f27c151db7bp-36	-0x1.f21ee86bf43fcp-36	true	true	true	true
124	D4	U07-0000000104_S08-0000000162	7	104	8	162	b12981ea7ab0b14fc38f1e88131a6dd4546d873e56f0a865596b32a58d2d4f98	47ef263d8bcb665412cae3e0d0c3b6984801e6ee6d458430beaea6dc7dadc02b	99ac3caf7cc3228f5bd19f537a0823e94c4ffb953fc87573c0907c516dbc3d31	0	970	91496f398f2631a6c6668d35eeae1178b1dec54ef26d6620e9b81808dec5399a	e3b0c44298fc1c149afbf4c8996fb92427ae41e4649b934ca495991b7852b855	2.4074403917148696832595256012155005009844899177551	6.5850594853574647147276266423432389274239540100098	2.4074403966916015258636907248046554741449654102325439453125	6.585059489436156175690140202050315565429627895355224609375	-18.444870199778530952442831423708000989735940369927	-18.444870152684860379094106035162085157324362151662278804341977260552285844434133	142.86806659099877373107084751750689363712468769531	54.332467591670975058866302151624205940920013044942	142.8680665909987737310708475175068936371246876953125000	54.332466960046295844239386751276515208384924775429213854049740162208443228868148	-0.00110672328822399115894163718122121252	-2.8405957923432536570929636274966060948735575153792E-11	-2.8405959591397767138239006671883585310886182562189881945304238567824285488062641E-11	1.667965230567309370396917524362150607408397881945304238567824285488062641E-18	-0x1.f3e7af4e6bcaep-36	-0x1.f38a78068b20ap-36	-0x1.f3e7c317f773fp-36	-0x1.f38a644049a85p-36	true	true	true	true
125	D4	U07-0000000104_S08-0000000163	7	104	8	163	7fa809fdee691a2c51a699454bb4a788b543688ad19cc51f233743ee0ef748d9	ea517b6a7f7b45e95cf0f75f0a4f985ec13c4125e90b25cbcbf6c90c51bea858	360c4ac425648e4b49e96a9677a4f922bd04fd08b453326caa09ca736307f61b	0	970	e16edbe447a7e9e3b1f7f88e9c474c8e2e493fa96bedbbb23c747f3f45d20392	e3b0c44298fc1c149afbf4c8996fb92427ae41e4649b934ca495991b7852b855	2.4074431577433252002484742604337952798232436180115	6.5850622061557363001726983497974288184195756912231	2.407443162719794471637868582547525875270366668701171875	6.5850622102341995166285837370878653018735349178314208984375	-18.445005892973222316754430107163399805041969255219	-18.445005845879374675862305177574883135164016885563871361463615329075639725206823	142.85584611237906758676720414455742001827788837891	54.332451384533366714294587608591922218197349229735	142.8558461123790675867672041445574200182778883789062500	54.332450752895240229677035648343188561371075920674110202332962667836517137180896	-0.00110672328822399115894163718122121252	-2.8399682735919926896131304351545667218755805830684E-11	-2.8399684403528841719477731376186908113489695509721272492529381092895513120173274E-11	1.667608914823346427024641240894733889679037272492529381092895513120173274E-18	-0x1.f3cb6a9598497p-36	-0x1.f36e37260e8dbp-36	-0x1.f3cb7e5ea04dcp-36	-0x1.f36e23604f929p-36	true	true	true	true
126	D4	U07-0000000104_S08-0000000164	7	104	8	164	a134b1e12fd572356c3b9ffd1d3156e108c02145da3d72e908050992edd92b10	85604a2e687d8061031382933f8a266112511669f17102e624d8653f40a000e6	b8968730ba8c846769b2f3ad0dc61805ff440203698bd4f6af071cad7d0b4532	0	977	c221669fcf8a5abefd05021e1238137ef02a0a44ad1c42f78983f990cae32cb0	e3b0c44298fc1c149afbf4c8996fb92427ae41e4649b934ca495991b7852b855	2.4074459219698353187877337688860279740765690803528	6.5850649253873314303842079198147985152900218963623	2.407445926946042168148576223529744311235845088958740234375	6.5850649294655665515196840686940049636177718639373779296875	-18.445141590285884387126806859492635959021643030280	-18.445141543191859933908659251525521676975999071911174462866884287747857400797519	142.84362215298078377837116730854087103084881367188	54.332434560205495692980723644357803734081931537855	142.8436221529807837783711673085408710308488136718750000	54.332433928553940807765456541683713247784679505051155784498817424674719552584185	-0.00110672328822399115894163718122121252	-2.8393408240618892432983417357428066603273072642605E-11	-2.8393409907871513433386629125889619280171671514118442539793984728181381627869628E-11	1.667252621000403211768461552676898598871513442539793984728181381627869628E-18	-0x1.f3af26a480f3dp-36	-0x1.f351f7168c608p-36	-0x1.f3af3a6d6c005p-36	-0x1.f351e350ea51cp-36	true	true	true	true
127	D4	U07-0000000104_S08-0000000165	7	104	8	165	b1dc56a8c89bdcb6889752adccf8d187ddb5b2c7a1a1f336d073bb63246df9a4	ddca9bd6d70b37b02729da332991d9cf19cb875531f60c324c134d9a6337cac6	49509c9217d3b159110ec8fe5e5cf4615d3913a38c90b780cc8211844d8097cf	0	973	f7f0fb3309c19f3c04cb20f2855fed012cc6d0ffecbf1ff3ba516aea5e95036b	e3b0c44298fc1c149afbf4c8996fb92427ae41e4649b934ca495991b7852b855	2.4074486843941533681379141285106015857309103012085	6.5850676430520285187242279789643362164497375488281	2.40744868937009794118697669773609959520399570465087890625	6.58506764713003568678661991953049437142908573150634765625	-18.445277291718103432202936612951220407823201268195	-18.445277244623902369615930493348964224390595618527311749257640649404723884865985	142.83139471280392230588273700945724667483746357422	54.332417118615863778515872094626358661595379225481	142.8313947128039223058827370094572466748374635742187500	54.332416486950898603732448691274549146737412280838462452839947652219687403434015	-0.00110672328822399115894163718122121252	-2.8387134437462691038327975895768811314042455846694E-11	-2.8387136104359042023041359776641343124723331276867501650522161225985511333561262E-11	1.666896350984713383880872531810680875430173501650522161225985511333561262E-18	-0x1.f392e3804ef5ap-36	-0x1.f335b7d2b6345p-36	-0x1.f392f7488cdbcp-36	-0x1.f335a40dc237ap-36	true	true	true	true
128	D4	U07-0000000104_S08-0000000166	7	104	8	166	840a5af85448b361f0bdc407d5e6a7cabbb0b4b79df95fc17876a4f8ff792b19	805fbdad4f07a421be9afa82269258fe557c96020df902f9e1fd560206e2863a	7f5f4318cea5d4a47011b5ae6177c7eb94462be4be763e3b8a31ceb15bf7b674	0	973	5b37de0a3a61f0c4a200ff5bee9ad2a5c2797884f57debac04d7cfc7ad08c484	e3b0c44298fc1c149afbf4c8996fb92427ae41e4649b934ca495991b7852b855	2.4074514450160326983763070529676042497158050537109	6.5850703591496060826382397124234557850286364555359	2.407451449991715140830361718826679862104356288909912109375	6.58507036322738543987487247477474738843739032745361328125	-18.445412997271466408391986306286522553129497633343	-18.445412950177088939092106041159794079399125940369371442100198479422968736514993	142.81916379184848316930191324730654695024383808594	54.332399059692951700216130626927220312348654832209	142.8191637918484831693019132473065469502438380859375000	54.332398428014594357139580507167271284341412250416578130978601983800208599623415	-0.00110672328822399115894163718122121252	-2.8380861326384572780474609189708659986372479862004E-11	-2.8380862992924677565191045399108090517731800651497593654878397318509317105197331E-11	1.666540104784716436209399430531359320789493593654878397318509317105197331E-18	-0x1.f376a127f1ea5p-36	-0x1.f319795b947d6p-36	-0x1.f376b4ef5137cp-36	-0x1.f31965977e364p-36	true	true	true	true
129	D4	U07-0000000104_S08-0000000167	7	104	8	167	85b07072143c5de392f8ddebc9822f317cb014902141ed00e3e7abcae6507997	1127c5ea270eb9ff60ff21b9c982f1ec5f11b79565b8263e5c6655fcd0293170	afa7c3bd76250be13b6f0ab39584524c2d9c504562b2a57ba620d58aa237493f	0	974	8d03e28be81ba703a2827a17054c1253f322c43e4550cb72a959c79c3a2b142f	e3b0c44298fc1c149afbf4c8996fb92427ae41e4649b934ca495991b7852b855	2.4074542038352266665190981598243524786084890365601	6.5850730736798427367162389600707683712244033813477	2.40745420881064713103381080827603000216186046600341796875	6.585073077757394421904990622351760976016521453857421875	-18.445548706947560907885421953977144224559822698636	-18.445548659853007208247818570450471912362406338279928350945799529273187147585843	142.80692939011446636862869602208877185706793720703	54.332380383365218354830944402628608541969211483408	142.8069293901144663686286960220887718570679372070312500	54.332379751673486590683822756872790801633999782979090057720903349068089111640455	-0.00110672328822399115894163718122121252	-2.8374588907317781832825164473309207781954771543724E-11	-2.8374590573501665179529378732954778448750488265570403943322893718605779677669218E-11	1.666183883346704214259645570666795716721846403943322893718605779677669218E-18	-0x1.f35a5f94abb9ep-36	-0x1.f2fd3bb818e55p-36	-0x1.f35a735bb846bp-36	-0x1.f2fd27f454f9ep-36	true	true	true	true
130	D4	U07-0000000104_S08-0000000168	7	104	8	168	512865aeafd6f971d2ed8516f2ef36860f3e8e7e9ff31237c5e4b34494f1ee22	fb2d6b0c4e1111d08e9548ac14cece87e2818f5b1a9754fc1b3f3448cc50b5e0	72901a2b371800140f72aade5368db4f1ae7160edf6451f80f5a414de15ed6bb	0	1012	2fd36e31e88300850a77942934b72e20b8ae887c5e883693f78a626e6dfdba2a	e3b0c44298fc1c149afbf4c8996fb92427ae41e4649b934ca495991b7852b855	2.4074569608514886642769425861843046732246875762939	6.5850757866425171926927362164860824123024940490723	2.4074569658266472930996382473267658497206866741180419921875	6.585075790719841344611484856841343571431934833526611328125	-18.445684420747975158632168341668404809320243494776	-18.445684373653245404730630559729756780660202159040576936587451376211018139278734	142.79469150760187190386308533380392139530976093750	54.332361089561100796851846307001055380218221649253	142.7946915076018719038630853338039213953097609375000000	54.332360457856012369109128411724640670191274447720792086268272886303497630487391	-0.00110672328822399115894163718122121252	-2.8368317180195556489700382413373311844999963966090E-11	-2.8368318846023243168184900109397689070526631283914540443898104670173980660417009E-11	1.665827686678484517696024377225526667317824540443898104670173980660417009E-18	-0x1.f33e1edc48ca9p-36	-0x1.f2e0fed1ad92cp-36	-0x1.f33e32a31c7f3p-36	-0x1.f2e0eb0e2368ap-36	true	true	true	true
131	D4	U07-0000000104_S08-0000000169	7	104	8	169	509ef6c338a97664d697059b85f4e92d9df1dc2bf4ed3cfcb0311b13d8d677c7	7b783ff2dce45eb1b53156748ad45e56cab60cc13030393e23e941aac4b54b06	765944846dce3b5cd1d39051609d115ee417ac660d44856be4d7f71b119ab144	0	973	00fe688f98e35adb6797807dcaa6de1ea9f79af7a5f92b86b030974c85980d56	e3b0c44298fc1c149afbf4c8996fb92427ae41e4649b934ca495991b7852b855	2.4074597160645720833604954691509192343801259994507	6.5850784980374082663856505348576320102438330650330	2.407459721039469029146840028943188372068107128143310546875	6.58507850211450503075116813533895765431225299835205078125	-18.445820138674298076272815908685486649123899096681	-18.445820091579392495838800418127096635429132230755580000732639951066331102809959	142.78245014431069977500508118245199556496930927734	54.332341178209014997413958394597106944355572814195	142.7824501443106997750050811824519955649693092773437500	54.332340546490588442404493080467645806623872312287867908051244470022430317630606	-0.00110672328822399115894163718122121252	-2.8362046144951127307274635132025471670229462866079E-11	-2.8362047810422640220251570362390228348204034672433177495906490678127172053481933E-11	1.665471512912976935230364756677974571806354177495906490678127172053481933E-18	-0x1.f321dee90d0dep-36	-0x1.f2c4c2bec5015p-36	-0x1.f321f2af6d0cap-36	-0x1.f2c4aefbae857p-36	true	true	true	true
132	D4	U07-0000000104_S08-0000000170	7	104	8	170	3e21f407742ccdeacbd10fb73a9c74afdbb5dc1251c9072daec5554d891ba7fb	080e9ae263f75994a481bdc5db48fd9def1311372bf6e7ece6d8b4a23587c75d	71c84a0c6d87e82557ef65bbf5c71f6baaee08e35af73e5e1f41d6aeecd122c2	0	973	f01cdf25956f0029264a747f93bfd34139c6e8b30776ffcf3c5308fef6211b28	e3b0c44298fc1c149afbf4c8996fb92427ae41e4649b934ca495991b7852b855	2.4074624694742303501748814653637964511290192604065	6.5850812078642948776963095269820769317448139190674	2.40746247444886575517219995390405529178678989410400390625	6.5850812119411643863475802618268062360584735870361328125	-18.445955860728119264114628858218605632873393176009	-18.445955813633037980659807653321669138321392255243212958901118469693067358239808	142.77020530024094998205468356803299436604658222656	54.332320649237355834586568987849770436681937804850	142.7702053002409499820546835680329943660465822265625000	54.332320017505608161698397550122668387894857246632196557723986084412602609393154	-0.00110672328822399115894163718122121252	-2.8355775801517717121460850974257533892129454641886E-11	-2.8355777466633082929623125812381540714863209099617272763224754889198617627288620E-11	1.665115365808162274838124006822733754457731272763224754889198617627288620E-18	-0x1.f3059fc25b2c7p-36	-0x1.f2a88777b37dep-36	-0x1.f305b3884791p-36	-0x1.f2a873b50f4aap-36	true	true	true	true
133	D4	U07-0000000104_S08-0000000171	7	104	8	171	f5c6f117161561b762988eab59395855f4b0351a59199be22e6fb5938a7d3034	bc20e005394b9110af538aeaa153771e0f542ff85309d316c26215fde28e881b	a8f285eeeddd8018b1ebde3be4bbbd7dd9e1428a63ab04012fe5e3a3875672ca	0	980	84d0f5b4be8356ec7130181a55ee75281c88c91dc59b722100d024d6599a8836	e3b0c44298fc1c149afbf4c8996fb92427ae41e4649b934ca495991b7852b855	2.4074652210802168911252252314625366125255823135376	6.5850839161229560297927676515428174752742052078247	2.407465226054590907989183534709809464402496814727783203125	6.5850839201995984388549043586635889369063079357147216796875	-18.446091586911028857229122300155800093774501615590	-18.446091539815772175820455446627397795752079870264335070687722660212156215573662	142.75795697539262252501189249054691779854157978516	54.332299502574494777868324049479318180323784094897	142.7579569753926225250118924905469177985415797851562500	54.332298870829445696840780318565538484218484714505688388374171154778101094353894	-0.00110672328822399115894163718122121252	-2.8349506149828546687947091794121094933924622652084E-11	-2.8349507814587785499349122289529408423226486254716927108305315288394674241984825E-11	1.664759238811402030495408313489301863602632927108305315288394674241984825E-18	-0x1.f2e96167c5b65p-36	-0x1.f28c4cfcd8496p-36	-0x1.f2e9752d5f79ap-36	-0x1.f28c393a88381p-36	true	true	true	true
134	D4	U07-0000000104_S08-0000000172	7	104	8	172	2f289dddde6298bed56469d379c17205712fd94938174016054a3bd9cc2e69d8	7101dc252c8e7788aaba129d4e6323a56c3ec4c0007635e482b28d997a8e4428	3235136be98a2c75dcdb80fba039558b7e25474aa3ff94ffd3dab39661c2f7e8	0	991	29bbefbfca889c656cc541132e64c53a783fdcc6ff113e0997815f527fe6d17f	e3b0c44298fc1c149afbf4c8996fb92427ae41e4649b934ca495991b7852b855	2.4074679708822851673111209436228818958625197410583	6.5850866228131708576820635414605931146070361137390	2.40746797585639793481959713972173631191253662109375	6.585086626889586298994050395094745908863842487335205078125	-18.446227317224617886140762650122912700382819774374	-18.446227270129185929686571353008376223489671910335014878678409211752578311357986	142.74570516976571740387670794999376586245430195312	54.332277738148785258649038824670402914717938875465	142.7457051697657174038767079499937658624543019531250000	54.332277106390451799392834376612074523399919470536719378680622821994755102613474	-0.00110672328822399115894163718122121252	-2.8343237189816821578369459589567195989463495961821E-11	-2.8343238854219960069702194983208532726527792951111015782057661293410948048568373E-11	1.664403138491332735393641336737064296989290015782057661293410948048568373E-18	-0x1.f2cd23d9994cp-36	-0x1.f270134ddfcc1p-36	-0x1.f2cd379eac1a9p-36	-0x1.f26fff8c17dbfp-36	true	true	true	true
135	D4	U07-0000000104_S08-0000000173	7	104	8	173	11e42d45eb373cd39085baa7a8f4021e23672e57b29850eba67dbe792379f5fe	9f06c14ad8c6f46d3d5ab3d6f27512c2a13c1e14b808818becedcd1dbd53e846	d49cfb73eb5c4cfce083a3b66d44fd4379e4d1d96200d1b19940933985b47a01	0	1000	c03e07be5a4443d7e4f9670bcfbd1e529ee68f9818abd3af550fe83a49f50eda	e3b0c44298fc1c149afbf4c8996fb92427ae41e4649b934ca495991b7852b855	2.4074707188801886398321627780205744784325361251831	6.5850893279347185657601748687284270999953150749207	2.4074707238540403071713758009764205780811607837677001953125	6.585089332010907188508230802881371346302330493927001953125	-18.446363051670477809169681416131963378504355975912	-18.446363004574870830174276700228228756800643074040719877046374017447388929680772	142.73344988336023461864912994637353855778474873047	54.332255355888555743112220244839261198755083574357	142.7334498833602346186491299463735385577847487304687500	54.332254724116956867292230533171332963650688870613477179887915849070866660307665	-0.00110672328822399115894163718122121252	-2.8336968921415749065482459483354509193632959589667E-11	-2.8336970585462809236917334252522853837149163185195878257134636821365405184394505E-11	1.664047060171434874769168344643516203595528878257134636821365405184394505E-18	-0x1.f2b0e7174209ep-36	-0x1.f253da6b56c0cp-36	-0x1.f2b0fadc2aeb6p-36	-0x1.f253c6a9b67b2p-36	true	true	true	true
136	D4	U07-0000000104_S08-0000000174	7	104	8	174	237e90a89647e0e1807766d88625060e2b92c51ddea5519063abedc86d89cef8	5733718f556ca730c0c1a2c92f7326b66fdebd9cebcb9815844ff700ecd26f81	73b83c78c3e940acec2ed3cdb1ad773c99272836c0a488474c248079c225f9aa	0	986	34dda616f3aa75aa69b8a36fdad810b069bbdb8077eda59be73891588fd5c79f	e3b0c44298fc1c149afbf4c8996fb92427ae41e4649b934ca495991b7852b855	2.4074734650736807906046266225530416704714298248291	6.5850920314873784902620634795766818569973111152649	2.4074734700472715138996893102785179507918655872344970703125	6.5850920355633404297546196204393709194846451282501220703125	-18.446498790250200980038456442392548171528662842363	-18.446498743154419126786021018841227994254928001219602773239813666349908070647558	142.72119111617617416932915847968623588453292011719	54.332232355722116639863767956324593969545380925557	142.7211911161761741693291584796862358845329201171875000	54.332231723937269782223206444432027378122385495340843323337865961462816505579204	-0.00110672328822399115894163718122121252	-2.8330701344558521275357061162298330327450088525970E-11	-2.8330703008249528882329691432071640682190785282102090937840596779004189808502440E-11	1.663691007606972630269773310354740696756132090937840596779004189808502440E-18	-0x1.f294ab21b63aep-36	-0x1.f237a254374dp-36	-0x1.f294bee5d1da3p-36	-0x1.f2378e93640dp-36	true	true	true	true
137	D4	U07-0000000104_S08-0000000175	7	104	8	175	2f2db2f0e16151843804401cf0ff4ce24d6346b1f4d9031aeb6e921f0f28c1d1	0cf0a4e212e25756193568caf4ed54fc1e840498b010f6767c798b91257730dc	13ab92d1b1f63a9208360804086ccba41fbd7c3125805e9ab175ac655b0d8aaa	0	976	f4a17371343afe6646e8710753eefdd0dccdc4452f018f1bd6ab46f94a4262a8	e3b0c44298fc1c149afbf4c8996fb92427ae41e4649b934ca495991b7852b855	2.4074762094625151431781517885610810481011867523193	6.5850947334709300368116302593080035876482725143433	2.4074762144358450577374952672471408732235431671142578125	6.5850947375466654387654585889322333969175815582275390625	-18.446634532965380180214694715508615137028550300920	-18.446634485869423678626108620538573137275523116421996026003273091795784438904733	142.70892886821353605591679354993185784269881611328	54.332208737577753372845404183567877214408373359177	142.7089288682135360559167935499318578426988161132812500	54.332208105779677131287678106459816068551760087913918102709780433851303428593476	-0.00110672328822399115894163718122121252	-2.8324434459178332065064487462975535012482815869040E-11	-2.8324436122513310061572252505592279107479537667510961050837844156440751094068310E-11	1.663334977996507765042616744094996721798470961050837844156440751094068310E-18	-0x1.f2786ff7e05a2p-36	-0x1.f21b6b098e7a3p-36	-0x1.f27883bba06e2p-36	-0x1.f21b57491782ap-36	true	true	true	true
138	D4	U07-0000000105_S08-0000000162	7	105	8	162	26eb8042cc623114c90650452d91e679ead196e138713b95d94eb155594c58de	cb5aeae6e297a36d7ebb9a75204f9f4793dd2ff03699a41cb73cf037da8ba4a6	949b0b197a32e932a6fec69708f4d1b7019568cb3177e70e37940ccb1e1bea74	0	987	31bd09e84f44e7f2a57084706e41aed31cfbfaaa44f3890cb41bed01dc99cd97	e3b0c44298fc1c149afbf4c8996fb92427ae41e4649b934ca495991b7852b855	2.4074521438731281627876334994198259664699435234070	6.5850699797025879153600236293186753755435347557068	2.4074521488495180844557896904234439716674387454986572265625	6.5850699837809089191853484379635119694285094738006591796875	-18.444825665499030881452165495823817811797311254191	-18.444825618407345450226102517429213568448173369049981122051407696319958638083698	142.86690848293952181906783219407124493563180400391	54.335965271431815364844226933483878959715546001636	142.8669084829395218190678321940712449356318040039062500	54.335964639842776689732950262982041945939868032145281655777477574013260586785005	-0.00110672328822399115894163718122121252	-2.8405164121002834215894616822845972584061468943258E-11	-2.8405165788825177153612620042083166087294008615188279779373473526355676264875274E-11	1.667822342937718003219237193503232539671930279779373473526355676264875274E-18	-0x1.f3e41bfdda74fp-36	-0x1.f386e4f4d0f02p-36	-0x1.f3e42fc75b0e1p-36	-0x1.f386d12e99aa3p-36	true	true	true	true
139	D4	U07-0000000105_S08-0000000163	7	105	8	163	feb3d7ca5e90a3167cfcbf6dcfb215ce228888507e5fded0a44e0c827cedeac8	68e560052cc15eee813f3bc22c995a361bab2fae3d592c8597901e492c8d5286	a32abe0f93e6c5ef62b209cd2e972a75024b2e95d16bb94b5dd223fa8702968e	0	977	f6455cf84f30bac7599be7dc964faee518e3a9087b3ceb8bb69dd8c30f0cb44d	e3b0c44298fc1c149afbf4c8996fb92427ae41e4649b934ca495991b7852b855	2.4074549103695231447308522376715700374916195869446	6.5850727009187821625602055064518935978412628173828	2.4074549153456504708981089635244643432088196277618408203125	6.5850727049968749114705612868192474707029759883880615234375	-18.444961357684501166824085397303483917792021522769	-18.444961310592638740199302173262196271277031498381338129138539299893341424533916	142.85468807295399264516482449392463380869013652344	54.335949197138622562067325828004374335656342672038	142.8546880729539926451648244939246338086901365234375000	54.335948565536139615564755323504300601920462732055420124386137994847196128433883	-0.00110672328822399115894163718122121252	-2.8398889061485004778979395878243588441216031536229E-11	-2.8398890728951055523590812917234939596608462106061666308688072701645202093640164E-11	1.667466050744611417038991351155392430569832666308688072701645202093640164E-18	-0x1.f3c7d76686ae2p-36	-0x1.f36aa43e7deefp-36	-0x1.f3c7eb2f8aa65p-36	-0x1.f36a9078c31fdp-36	true	true	true	true
140	D4	U07-0000000105_S08-0000000164	7	105	8	164	a95835fbcee8d0c26fd3e63d240c62eac69f546046d79bea08abee896b583438	b84e5fb42a173f6225b2b4ae5de2bb2311857d177f01d36af60db07d45455771	3139c7c1efdc5e086fa41404459b2fca89789a9bd00bb363110d9186c2c87cc3	0	980	3420cd6b50dd28d31ce99e7de47fbdfe5cb934f66eeb2b3f4d0de79ee855eea1	e3b0c44298fc1c149afbf4c8996fb92427ae41e4649b934ca495991b7852b855	2.4074576750639052613589541351757361553609371185303	6.5850754205680810185463691652785200858488678932190	2.4074576800397701446809772818369310698471963405609130859375	6.5850754246459456513196339955129587906412780284881591796875	-18.445097053986545339358137134250493543559133443631	-18.445097006894506094504499567736510031283983469022267049678189159990667731355139	142.84246418218988580716942333071094731316619365234	54.335932505681226621429563534220438956526047078768	142.8424641821898858071694233307109473131661936523437500	54.335931874065317116273945273035389398493035778738996885089924099308361350124146	-0.00110672328822399115894163718122121252	-2.8392614694178930190407807002946227708590625839739E-11	-2.8392616361288713483356968303214041950960633849374513949290557750628925999323514E-11	1.667109783292949161300267814242370008009635513949290557750628925999323514E-18	-0x1.f3ab939fbc789p-36	-0x1.f34e64501f1e8p-36	-0x1.f3aba768521ccp-36	-0x1.f34e508ad2ff9p-36	true	true	true	true
141	D4	U07-0000000105_S08-0000000165	7	105	8	165	0ca68012fd25b31568886d2aba816210a6f0c4d4e11e6c3ec2e71c1e04a13f96	0bb36ce9d6b2d641ac803b7d85e1f32c73a381cc23baedd5f8f88c89f4b6680c	5cba0a714bb24427363017e4d061e8bd53b434062d38fca761d8a5930eb97088	0	980	99fc87e025a072f3b5d671e67b04bceb7255808adf742d8f2b0d523f3bb954b1	e3b0c44298fc1c149afbf4c8996fb92427ae41e4649b934ca495991b7852b855	2.4074604379560278349936552899634989444166421890259	6.5850781386502628272916481932952592615038156509399	2.40746044293163041771776988753117620944976806640625	6.585078142727899493114041007402192917652428150177001953125	-18.445232754406749271731224395721121891790049055086	-18.445232707314533463455964024605685569048261612316392382183650561184911531065536	142.83023681064720130508162870443018544905997539062	54.335915196988132384163829517851482920755307599646	142.8302368106472013050816287044301854490599753906250000	54.335914565358815196542998384084678631837919224026499686156061182760256695314086	-0.00110672328822399115894163718122121252	-2.8386341019017870314306264829674949263270804861206E-11	-2.8386342685771408090007035067868311730831011738923062348416855906684860144983168E-11	1.666753537775700770238193362467560206877717062348416855906684860144983168E-18	-0x1.f38f5099d4e6ep-36	-0x1.f3322539ce75bp-36	-0x1.f38f646933599p-36	-0x1.f332116d7846bp-36	true	true	true	true
142	D4	U07-0000000105_S08-0000000166	7	105	8	166	7d8c87f463817cdd6e8065b2d22b441573295e15b72a75b81a3370576cd89b6a	ec97247ea1e650bf986e0798e781e99be76a083ef545fbfaea5eeabd3009e987	ee118f9ff760a2a3e94696f2d000844759a72478bb7d45c991704dd2450eac5a	0	971	4c7d46a420499ef2d79592a30a79d1b0494c485e78650cde47d38ad992ef5ffa	e3b0c44298fc1c149afbf4c8996fb92427ae41e4649b934ca495991b7852b855	2.4074631990456441810177778961588046513497829437256	6.5850808551651060646081603522361547220498323440552	2.407463204020984619269096782545602764002978801727294921875	6.5850808592425148953186653244529225048609077930450439453125	-18.445368458946699732276070980940950295475013603007	-18.445368411854307485186596683303658278133799646839466237361583927209042610808494	142.81800595832593913890144061508234821637148173828	54.335897270987826717891544823370468397275217155029	142.8180059583259391389014406150823482163714817382812500	54.335896639345118812192328353324858146292002212429985654644047237166425236949350	-0.00110672328822399115894163718122121252	-2.8380068035935069710249596279728190923277882318213E-11	-2.8380069702332388603228206182659196168608908266129514101055207418949124352258760E-11	1.666397318892978609902931005245331025947916514101055207418949124352258760E-18	-0x1.f3730e66fb79p-36	-0x1.f315e6e8b7abp-36	-0x1.f373222e5c7d8p-36	-0x1.f315d3249fc07p-36	true	true	true	true
143	D4	U07-0000000105_S08-0000000167	7	105	8	167	d40ecfafbb8e14d8057dcfdf54d74e80d03999924afbbd1300b533be77c1bc00	5adec9814e638ccdaa12048eec5f7e351f141c19368dae1e4796c2b9d888f187	48442100088853d5c1e93705c925e4c50c32f694b7918e51684e35b27a68d3ae	0	977	188720094d9a530d8cc795c17996dcf4724bb9cb5daf75571cadbff284619e39	e3b0c44298fc1c149afbf4c8996fb92427ae41e4649b934ca495991b7852b855	2.4074659583325076564475075713289697887375950813293	6.5850835701123892756969624429075338412076234817505	2.4074659633075860855344618727258421131409704685211181640625	6.5850835741895704204817985072395458701066672801971435546875	-18.445504167607983917323003945260096566157135922559	-18.445504120515415485623181768794883227402175094845674392421472180601444159387643	142.80577162522609930862885906266743561510071269531	54.335878727608771587616142876979995410522786865246	142.8057716252260993086288590626674356151007126953125000	54.335878095952691860490861285645360123258051162895727496056437596345785811799414	-0.00110672328822399115894163718122121252	-2.8373795744863774541221849792540976035737371937321E-11	-2.8373797410904896503215732161321776044540654422466222045799928592798957612199810E-11	1.666041121961993882368780800008803282485145222045799928592798957612199810E-18	-0x1.f356cd013b961p-36	-0x1.f2f9a96305aa4p-36	-0x1.f356e0c7deae5p-36	-0x1.f2f9959faaa62p-36	true	true	true	true
144	D4	U07-0000000105_S08-0000000168	7	105	8	168	c707211089be60f70303bdafe85fd6f3d95afe078800cc7e5afcd502fb8a56f5	211c30bc77a085146583ebe794c655292ca7b2f278391fa41b8f3e01d79a9642	29ee8da86afb8e6596c78bd78524f87441b0eb8745c6007a19bde7d1704ccda5	0	1001	c5e37649347893453c87ab8e288ae23d7041ee809f8fe280e5c3be0f73ed2386	e3b0c44298fc1c149afbf4c8996fb92427ae41e4649b934ca495991b7852b855	2.4074687158163716113601360291340824915096163749695	6.5850862834918911237203076325386064127087593078613	2.4074687207911881874078385834536675247363746166229248046875	6.58508628756884471788790591517681605182588100433349609375	-18.445639880392189814890051024398604447420126734273	-18.445639833299445348563385001396668005873352058234489183855181616418590782791284	142.79353381134768181426388404718544764524766826172	54.335859566779409427720993285382714107938192854534	142.7935338113476818142638840471854476452476682617187500	54.335858935109975248436503230080648647527358937068397967102036945604811678331347	-0.00110672328822399115894163718122121252	-2.8367524145737219453808831645260209497378035052752E-11	-2.8367525811422170196915924633321054108356833737499764737103939288702512719444609E-11	1.665684950743107092988060844610978798684747764737103939288702512719444609E-18	-0x1.f33a8c677bad9p-36	-0x1.f2dd6ca9c5105p-36	-0x1.f33aa02dae412p-36	-0x1.f2dd58e6dc46p-36	true	true	true	true
145	D4	U07-0000000105_S08-0000000169	7	105	8	169	e1648053f4e3f83a885ac356ae15829fa2de078db433353086412a4bf25c7b48	108fa557ba1f3e59263a8eba1c4731c8d40215042cee136f98bebdd223352ca4	ee9f5edcb8e9d58ac7833feaaa33e2c69da75471f18d0125fd702758bf44f427	0	970	204ce0cc3538734ae6ca3e84bdc62388cdc1efd21066a125d96353cc85a397c5	e3b0c44298fc1c149afbf4c8996fb92427ae41e4649b934ca495991b7852b855	2.4074714714969894305274245027703727828338742256165	6.5850889953033903689849637430597795173525810241699	2.407471476471544295783200340110852266661822795867919921875	6.5850889993801165582520962260559826972894370555877685546875	-18.445775597300906048780223027921844463572644884752	-18.445775550207985775447221112378132781301986610555170151597109434102168340419735	142.78129251669068665580651556863638430681234843750	54.335839788428160825831088833510764034878181247358	142.7812925166906866558065155686363843068123484375000000	54.335839156745390727109548044439969694932564031366749783360555885436435198824794	-0.00110672328822399115894163718122121252	-2.8361253238488633225005157731589353136712785219942E-11	-2.8361254903817435656142176512661122449050150554321303636566162022103980634757720E-11	1.665328802431137018781071769312337365334379303636566162022103980634757720E-18	-0x1.f31e4ca0e7272p-36	-0x1.f2c130b5817dfp-36	-0x1.f31e605fbf8d5p-36	-0x1.f2c11cfa358fp-36	true	true	true	true
146	D4	U07-0000000105_S08-0000000170	7	105	8	170	d2060a84b0445e3572b3600ea6cf0922be98f690957dfb503a1ef13534314eee	daa50d7fb7192517427d29cc956654cf01f2b59ba78e8896b0eaf920125c1595	705b9fc67fa997bb55740255c843692e57f2a48627eeeda494d1ec956b847393	0	979	0e82023b75b3bbb7901abfa68ed43c05b348d2a0473558621f5266d027ec9b1e	e3b0c44298fc1c149afbf4c8996fb92427ae41e4649b934ca495991b7852b855	2.4074742253741145125989220332485274411737918853760	6.5850917055466658689422132511026575230062007904053	2.407474230348407816248990087615311495028436183929443359375	6.585091709623164792086758012601421796716749668121337890625	-18.445911318335721878556546794396939470127493880245	-18.445911271242625973576453885065436034901562710917656555109426632834023631716268	142.76904774125511383325675362702024559979475322266	54.335819392483424513110189433490761811598910004877	142.7690477412551138332567536270202455997947532226562500	54.335818760787336269107148758505949597700608100016747449778508679138394088752445	-0.00110672328822399115894163718122121252	-2.8354983023051238778029500873642467350932440665142E-11	-2.8354984688023917687677387546329344434579381003262326087701221389257788408284352E-11	1.664972678909647886672686877083646940338120326087701221389257788408284352E-18	-0x1.f3020da02342ap-36	-0x1.f2a4f5940ecc1p-36	-0x1.f3022165b9e53p-36	-0x1.f2a4e1d1c1039p-36	true	true	true	true
147	D4	U07-0000000105_S08-0000000171	7	105	8	171	2635d17f392d5d1048d9d6b50b2d819a609e14ea2977929f3242f7311cdcefb4	f785205646a357910abe8a58b5503e3b45cfe599495193e186e5a8b2ec68599d	539b7a76f90cd301c48f228a0286befb11b6382575db3f96be3987bc68d52942	0	988	031c3083d310c34dfd1610f3c372d5d3715721a0a5ea785c5c7c36c5071ce0de	e3b0c44298fc1c149afbf4c8996fb92427ae41e4649b934ca495991b7852b855	2.4074769774475002701019654693936900002881884574890	6.5850944142214965920656410958144988398998975753784	2.4074769824215321543936507708849603659473359584808349609375	6.585094418297768391334923165914005949161946773529052734375	-18.446047043498227303435562470229444991342890382073	-18.446046996404955967845180895222130392895485421069387318823404140850256735183963	142.75679948504096334661459822233703152419488261719	54.335798378873578892163539242174814097847554389422	142.7567994850409633466145982223370315241948826171875000	54.335797747164190671684169270596164673750996784904905734084493017312263844832990	-0.00110672328822399115894163718122121252	-2.8348713499358249449953704797500555445931286102020E-11	-2.8348715163974828699359163926774270688614145190575664442093878929896221410371355E-11	1.664616579249405459129273715242682859088555664442093878929896221410371355E-18	-0x1.f2e5cf6b2468ap-36	-0x1.f288bb3f2d1a6p-36	-0x1.f2e5e330929a7p-36	-0x1.f288a77d076fbp-36	true	true	true	true
148	D4	U07-0000000105_S08-0000000172	7	105	8	172	b4427e25d3f3e170e4e278285209640918689de5e943f661ff1985622f10b0aa	7a15309a71889a004ffb978372fe73f7803c6ce38d367f5c6377d13fb6a07341	0424d5e7a338a4bb7556bb69eaff07c6dbe37914c7648c1212e255ef4705b7de	0	985	66c488eb9f5e3c48a6e00d507cdf0088bfaa3e262a7db02c9fa7fb1ed2e703bb	e3b0c44298fc1c149afbf4c8996fb92427ae41e4649b934ca495991b7852b855	2.4074797277169001294416794678454607492312788963318	6.5850971213276615900955590632293024100363254547119	2.407479732690670747030647902420241734944283962249755859375	6.5850971254037064077369034720277340966276824474334716796875	-18.446182772790012854425127784812280505453993955787	-18.446182725696566288959096081386345797719623002044954562588682763726866782871645	142.74454774804823519588004935458674208001273662109	54.335776747526978952092065064446711115344040993190	142.7445477480482351958800493545867420800127366210937500	54.335776115804308934189300997194341922433658586201479696868408277807744190755855	-0.00110672328822399115894163718122121252	-2.8342444667342876506346372867473480128901930833121E-11	-2.8342446331603379965184251372068072090510945248321076475522227131360459399376371E-11	1.664260503458837878504594591961609014415200076475522227131360459399376371E-18	-0x1.f2c9920294f6ep-36	-0x1.f26c81b626bd1p-36	-0x1.f2c9a5c79e669p-36	-0x1.f26c6df466755p-36	true	true	true	true
149	D4	U07-0000000105_S08-0000000173	7	105	8	173	d0bdef8abc32c891bb46feac9af6ff084ca1465bad4cd5c47970ed3c5b90d371	905f5b7fabceeaed511293ffa211b76f04b965aadf99698c4243d027800e4296	7a42daf049fff81848d32c3f90cf18f3102f4ffcd17fab1a6f43de3f8ad64ee0	0	993	03d4f2634de1cfd55db7db16bfb29ae80e7821ddfec2e2a025c1832ffc579a1e	e3b0c44298fc1c149afbf4c8996fb92427ae41e4649b934ca495991b7852b855	2.4074824761820675447787643008723534876480698585510	6.5850998268649400327334753058039495954290032386780	2.4074824811555770413817878505824410240165889263153076171875	6.585099830940758014463654035353101789951324462890625	-18.446318506212669854095574553329947197626061943996	-18.446318459119048285165916307309659382429121929832998002045687447667326005410193	142.73229253027692938105310702376937726724831523438	54.335754498371960102799901112456466278375407298753	142.7322925302769293810531070237693772672483152343750000	54.335753866636026861178694922141536162502327723509711736422163256563748660649857	-0.00110672328822399115894163718122121252	-2.8336176526938319786618098448762179380881724790766E-11	-2.8336178190842770396356720588497555442234580421248261132894654844091445058894696E-11	1.663904450609738622139735376061352855630482261132894654844091445058894696E-18	-0x1.f2ad556671bb7p-36	-0x1.f25048f8f5c9bp-36	-0x1.f2ad692ada1bdp-36	-0x1.f2503537d6aacp-36	true	true	true	true
150	D4	U07-0000000105_S08-0000000174	7	105	8	174	cb53485fe77b91f090d6ec95a5d57cb47d8cd6c7f04cce788c0d6be69016ad3a	4e5438c730659a04ba4a2280e39d6ca5e153800b5cc4fdc59a28b5c56b8714de	a354e08937018cba0b3af498bb7d741654327f086285eb5a6d4103bd76ef403b	0	982	fbaa8e8af62d1d6481017c566ea93228eef42c956216eb629c8452b18f625018	e3b0c44298fc1c149afbf4c8996fb92427ae41e4649b934ca495991b7852b855	2.4074852228427559772128141446501103928312659263611	6.5851025308331111868254126306965190451592206954956	2.4074852278160045020161117435009145992808043956756591796875	6.58510253490870246795285680718734511174261569976806640625	-18.446454243767790260676634042090698735235632585371	-18.446454196673993836454140057999243969467498647268837148984932663983700521399608	142.72003383172704590213377122988493708590161845703	54.335731631336835858841596779427507305834062218378	142.7200338317270459021337712298849370859016184570312500	54.335730999587656824255497201978348245808334958517954671729841104574277701206603	-0.00110672328822399115894163718122121252	-2.8329909078077773344558684299990773852090329478833E-11	-2.8329910741626196864973050146076380598817796387383821896996384762078142998535982E-11	1.663548423520414365846085606746727466908550821896996384762078142998535982E-18	-0x1.f291199d4596p-36	-0x1.f2341100cec42p-36	-0x1.f2912d5a442c7p-36	-0x1.f233fd474f711p-36	true	true	true	true
151	D4	U07-0000000105_S08-0000000175	7	105	8	175	e970aa6134de1fb55f54e619dd7c6e18e3e246e52dbb5716f90546e0ca542f12	18bb8aa4d2ad2ce46b17704baef536fe7e3f27699ce4f8516815a890f6174c0a	ba6da91795ddeca145722a54bb9c4d2fd29d5fa87f6d33bfdd66ee322c1793bc	0	982	df0faf42632967ec3da9ae151521727ec56e4a71fae0ffc2021650edafb23688	e3b0c44298fc1c149afbf4c8996fb92427ae41e4649b934ca495991b7852b855	2.4074879676987189155989987909833871526643633842468	6.5851052332319544163619084997662866953760385513306	2.4074879726717066143193424210267039597965776920318603515625	6.5851052373073191426033901052505825646221637725830078125	-18.446589985456966668032100873507324006205028094610	-18.446589938362995614324047522831074019130912268242501387063943855500646150948306	142.70777165239858475912204197293342153597264628906	54.335708146349897829688135395987574522547067454267	142.7077716523985847591220419729334215359726462890625000	54.335707514587491596351517331087259259054859425980765858732321386721045275801317	-0.00110672328822399115894163718122121252	-2.8323642320694425464109294875636878079111294050573E-11	-2.8323643983886844853499003208708923087787586617833521026613647431355031302561539E-11	1.663192419389389708333072045008676292567260521026613647431355031302561539E-18	-0x1.f274de9964039p-36	-0x1.f217d9dbbf2c8p-36	-0x1.f274f25d3de6dp-36	-0x1.f217c61b2e6d6p-36	true	true	true	true
152	D4	U07-0000000106_S08-0000000162	7	106	8	162	2a4ddb97d12c160ab3006e873d5fddb2e999addf646b587d13d3c1424ddd05ad	ea5c2eb1cc762c808b76f77225aeeb4c3727e0d2c2d156a39a17eded1c1328ca	01ab80cf81ac3720642752d40b3a27319ef564d235e66cc315be4718d463d5b5	0	993	fa88bd259d3a5ac97d68d25ec0fc656aab08f17cedfe5579e5642f2919cf8efe	e3b0c44298fc1c149afbf4c8996fb92427ae41e4649b934ca495991b7852b855	2.4074638965579402208327941536936123156920075416565	6.5850804754156344045235016437800368294119834899902	2.4074639015339881868704718925755514646880328655242919921875	6.585080479493585013661682836527688778005540370941162109375	-18.444781138530143724067159619333291305945872298807	-18.444781091440443529092987050042442239528072765913190724935563471494308249212401	142.86575037877044408183453502328741138347501953125	54.339462842605481374608574264889334638364670736394	142.8657503787704440818345350232874113834750195312500000	54.339462211052079680791122605539946386788326534306594830296863791196867529340573	-0.00110672328822399115894163718122121252	-2.8404370306468659074367175871127634247767688219791E-11	-2.8404371974148124033650826470839917381390090480685710554482544055245647608021123E-11	1.667679464959283650599712283133622402260894710554482544055245647608021123E-18	-0x1.f3e088a9a42dep-36	-0x1.f38351df96042p-36	-0x1.f3e09c73347ecp-36	-0x1.f3833e194ec5dp-36	true	true	true	true
153	D4	U07-0000000106_S08-0000000163	7	106	8	163	76725ecf8aba29e8094d95e8bbd0cbfa9dc731c837c4773ac3763330f20f847c	468ddb8e36f8ddc2585e62adfa60afabe93eafa19c9d375cb2590d4edff65963	4e1a5626e458d521f1b3cb47a91964924b15477a919f045fd776ae700c0f6460	0	979	7e83a3c2e1dc7e818838e6f85b147254a0ce7066b779f2339bfa64210045d8e7	e3b0c44298fc1c149afbf4c8996fb92427ae41e4649b934ca495991b7852b855	2.4074666635223175709112908293718646746128797531128	6.5850831970498587761286835018381680129095911979675	2.407466668498102917161940439427780802361667156219482421875	6.585083201127581109535213954586652107536792755126953125	-18.444916829706949678193633844451697811165992766267	-18.444916782617072481383504870232848291788715597956492446619816995540432046153356	142.85353003741909187833216299594366274843848388672	54.339446901149188213276400741804149922411832757746	142.8535300374190918783321629959436627484384838867187500	54.339446269582344077520087599741634350622795968756046627483345389046462355148586	-0.00110672328822399115894163718122121252	-2.8398095374948041668426044665873312191708792070537E-11	-2.8398097042271240827105526003091839667961378675596360242026519659177916045559531E-11	1.667323199158679481337218527476252586605059360242026519659177916045559531E-18	-0x1.f3c44438172adp-36	-0x1.f367114f0a61p-36	-0x1.f3c458011e2d6p-36	-0x1.f366fd894d063p-36	true	true	true	true
154	D4	U07-0000000106_S08-0000000164	7	106	8	164	9e814deb2d9992646bfa6ba226db34f67c27215c5368ee86d5c0f2e447701cb4	6a4af4839b9d793993884e8815824bdd7ab36431aaf5306b8fd1782dd638eb37	8fd5d76ea3028a177f65a2d595877ee29ede756458718c2b138e4a7f14b203b5	0	985	e0585cbc66ebc1ae8f071724f17e41d319758627c2a9c2b11f95b9193795d902	e3b0c44298fc1c149afbf4c8996fb92427ae41e4649b934ca495991b7852b855	2.4074694286846145957481368782282515894621610641479	6.5850859171169688482949666763488494325429201126099	2.40746943366013747833687119737078319303691387176513671875	6.58508592119446305168661837114996160380542278289794921875	-18.445052524998932831244941613476719284462244070300	-18.445052477908878861616780402746481811207122936229232063909068625372348716559253	142.84130621528916201073739750553283874481967285156	54.339430342554746767138290047260810520101760587406	142.8413062152891620107373975055328387448196728515625000	54.339429710974478667393297948357131019249088537782306493012819751550949312201742	-0.00110672328822399115894163718122121252	-2.8391821135639362877529896372329066609220117477417E-11	-2.8391822802606319103854631715932835274949764103808134465042500892397875924564677E-11	1.666966956226324735343603768665729646626391134465042500892397875924564677E-18	-0x1.f3a80090588d6p-36	-0x1.f34ad18d6f5fp-36	-0x1.f3a81458460ffp-36	-0x1.f34abdc8ccc69p-36	true	true	true	true
155	D4	U07-0000000106_S08-0000000165	7	106	8	165	9b2b43160729e5cb9cdb57c5a02cc4e3b5717786d18ced0b4d6881a9639d3210	5f66a5c7d3800079adf5eaffb032136578a5397be45f463a3db0a56c91c676fa	7b09ab857f9d4e3b3543a4529769791c11d8acd5af7a575d8136f80241693897	0	979	8020305f1efe82a1404efc1b90c60c7e90c64ded370ab0d86a12eed29c5c42e9	e3b0c44298fc1c149afbf4c8996fb92427ae41e4649b934ca495991b7852b855	2.4074721920445845899094727826650341739878058433533	6.5850886356167429233621213313654152443632483482361	2.40747219701984514761416988903874880634248256683349609375	6.5850886396940091389862192983173372340388596057891845703125	-18.445188224407678867749395113877820256428931622777	-18.445188177317448328039410690403608386819846247258684622011780832926356815257218	142.82907891238065447905023855205493937261858642578	54.339413166750668008115699597558396795362394729727	142.8290789123806544790502385520549393726185864257812500	54.339412535156994048034418146500958842287966144793817637017075638006738503259472	-0.00110672328822399115894163718122121252	-2.8385547588475877067323459420063034507610872898103E-11	-2.8385549255086614176951132413163169784527663248124724270321754024829333463628645E-11	1.666610737109627672993100135276916790350021724270321754024829333463628645E-18	-0x1.f38bbdb73b75p-36	-0x1.f32e9295a4287p-36	-0x1.f38bd17eed0b7p-36	-0x1.f32e7ed13bafbp-36	true	true	true	true
156	D4	U07-0000000106_S08-0000000166	7	106	8	166	be3b5736f613ac18f4d8fec7fcfd83675062199de7f97b0db88377994218e260	4237456ae6d4bdf5377345fde948cdbf50e094391134bcd2c29b1812c2aae2db	7379bbf0f6c40030962d468d4171dc423d482e44e470e584778109b4b375be7a	0	984	c0e391517fccaba822f14b3d214bfb5c05684c06318816b9159df2909530063b	e3b0c44298fc1c149afbf4c8996fb92427ae41e4649b934ca495991b7852b855	2.4074749536019808549003329289917019195854663848877	6.5850913525489594146922200934568536467850208282471	2.4074749585769792438461056605092380777932703495025634765625	6.58509135662599777438774850679692463018000125885009765625	-18.445323927934774212065971699994245686379656971382	-18.445323880844367226769147637981308008241036045994750804740188308695565480782728	142.81684812869356928327068613550996463183522460938	54.339395373665442633693382480389436541203669944013	142.8168481286935692832706861355099646318352246093750000	54.339394742058379773613867591921040399497945217762696870346164499005893586916502	-0.00110672328822399115894163718122121252	-2.8379274733390828922635982894163318833230884894705E-11	-2.8379276399645373553996841989987997703157919111412127668618433307528360185499682E-11	1.666254544631360859095824678869927034216707127668618433307528360185499682E-18	-0x1.f36f7baa7459fp-36	-0x1.f312546a08c04p-36	-0x1.f36f8f71e57b8p-36	-0x1.f31240a5e158ap-36	true	true	true	true
157	D4	U07-0000000106_S08-0000000167	7	106	8	167	503eb71f2d8b894d11a0565e3f2f3cb6160c9b234ea803c821c1b91bea330c8e	cbb90b1782574652cd92f729c99361d4911fdb6f8796c261f3f671acc2736f34	6b537f734012a85fa4d0c818113c366ee00323136601e3c2efd63a00f1456b3b	0	982	5334ae639fa184767c84d4146a6fb9da1d72b7eeaa93011f77b28b3b9ca472aa	e3b0c44298fc1c149afbf4c8996fb92427ae41e4649b934ca495991b7852b855	2.4074777133565567199813273191466578282415866851807	6.5850940679133968050362746282644366146996617317200	2.40747771833129307894605375395258306525647640228271484375	6.58509407199020746492834632590529508888721466064453125	-18.445459635581805716603046697597693219418448264294	-18.445459588491222591770169986472090785187093718071493676057992468160892556944895	142.80461386422790642339874025589791452246958740234	54.339376963227536443104521437759580213692324028055	142.8046138642279064233987402558979145224695874023437500	54.339376331607104345160234386813747746582940760729735458323873164151979153206669	-0.00110672328822399115894163718122121252	-2.8373002570317464722185573288664195695511858814924E-11	-2.8373004236215836955064969611021266373103154242327150117376332418064915831327165E-11	1.665898372232879396322357070677591295427403150117376332418064915831327165E-18	-0x1.f3533a6a0a7bbp-36	-0x1.f2f6170a8f183p-36	-0x1.f3534e307a74fp-36	-0x1.f2f603476840dp-36	true	true	true	true
158	D4	U07-0000000106_S08-0000000168	7	106	8	168	4bc371538941043b142a7ebb6485b983dd67a06f8e4d8cc09fce2f02f328a24c	fdee3b45d19f276c238a70a6f0b2e16bee9417f3233b61cb82744e5462d6c704	dd5964d5b585ea42226f7ac622e1cd3069e17898e321a9e9b28054dad5d86a59	0	977	d54edcd81507b8f5d70ab66e9175713131ae2c449284eb8fe3de37ffd7e8c035	e3b0c44298fc1c149afbf4c8996fb92427ae41e4649b934ca495991b7852b855	2.4074804713080655282908537628827616572380065917969	6.5850967817098337159231746795740036759525537490845	2.4074804762825400029913058830288719036616384983062744140625	6.585096785786416807850773835752988816238939762115478515625	-18.445595347350361181387826013469267604053022288754	-18.445595300259602040909438302935748850964522859946721415600124979757617140398306	142.79237611898366589943440091321878904452167480469	54.339357935365398017853010969318650686913734289507	142.7923761189836658994344009132187890445216748046875000	54.339357303731613662827288304691586995388281037230817317976949602955414391384916	-0.00110672328822399115894163718122121252	-2.8366731099189013592422299093613761022319489593413E-11	-2.8366732764731240081352569846944985173699024165749563302693281935271629677237891E-11	1.665542226488930270753331224151379534572336563302693281935271629677237891E-18	-0x1.f336f9f5da0aep-36	-0x1.f2d9da774f287p-36	-0x1.f3370dbc06733p-36	-0x1.f2d9c6b46bc54p-36	true	true	true	true
159	D4	U07-0000000106_S08-0000000169	7	106	8	169	7a030074442e63ef5d0334079c9e7124d6a3e44c61769c1527ccf50b000d2f56	2d9e557ad66910774270df324ccab1cdd18a0302e69cc8f4abd8f5d0c4f6e0c3	9047f6e2854fe6ef80659b68f8136bd6a734da8b0a0c4a2dd0c76c7d14dcf96d	0	995	d28789639e2b422bf94f09a4f2ad1be295255ac579bf79d81f999237f61dcb01	e3b0c44298fc1c149afbf4c8996fb92427ae41e4649b934ca495991b7852b855	2.4074832274562606299062039738601015415042638778687	6.5850994939380488452096429341509065125137567520142	2.407483232430473372998047665305421105585992336273193359375	6.5850994980144045114200945789662000606767833232879638671875	-18.445731063242028886406662814891921839245547208021	-18.445731016151093931810089501691029258498197398267639139555109543213534380358629	142.78013489296084771137766810747258819799148681641	54.339338290007451790823598331114025734688179604183	142.7801348929608477113776681074725881979914868164062500	54.339337658360333323257237394191794644070701573660486394675421598889337827275576	-0.00110672328822399115894163718122121252	-2.8360460319938704410398674908914765159645433908831E-11	-2.8360461985124809004071790092082594064349181581924050312465365099374130130650065E-11	1.665186104593673115183167828904703747673093050312465365099374130130650065E-18	-0x1.f31aba5c81dabp-36	-0x1.f2bd9ea123c32p-36	-0x1.f31ace13e095p-36	-0x1.f2bd8aed8b476p-36	true	true	true	true
160	D4	U07-0000000106_S08-0000000170	7	106	8	170	dd150c825cde8819f001d739f95c7853ecc9a47d2fe9abb8a41217d4b1322c6d	14b91eaab9a08327cb0ba667874e0dda580460c9520f8f2011fa9348f0fadb5d	b21fa404e1523a2de057ef6852ae108f0f57c926e42ebdf13e778ac2ea14e9f8	0	1108	9d3228865757d8748d6695986378c2e5aaa2304855ee82709cca3506952d3119	e3b0c44298fc1c149afbf4c8996fb92427ae41e4649b934ca495991b7852b855	2.4074859818008954026602452813676791265606880187988	6.5851022045978209948358106373689224710687994956970	2.4074859867748465598602525261640039389021694660186767578125	6.5851022086739493810458867528723203577101230621337890625	-18.445866783258397799417803041940242421726348893593	-18.445866736167287257907643494715057370679556011684988984364939465684032389201331	142.76789018615945185922854183865931198287902343750	54.339318027082101112663534011733447904746591997956	142.7678901861594518592285418386593119828790234375000000	54.339317395421667071834058626647373583158291309280598531745265279568820232327806	-0.00110672328822399115894163718122121252	-2.8354190232499758315207778809517764853482175385299E-11	-2.8354191897329763933500146066834899043016402875027603992494342231966786864412984E-11	1.664830005618292367257317134189534227489728603992494342231966786864412984E-18	-0x1.f2fe7b813f97dp-36	-0x1.f2a163a5bd578p-36	-0x1.f2fe8f470368bp-36	-0x1.f2a14fe343089p-36	true	true	true	true
161	D4	U07-0000000106_S08-0000000171	7	106	8	171	7ec2adfaab81a2b7453e996453f1d6f957d394f3be39433184af358a23b32a6a	5dacf35f0ae10e6f13280f624f657a5ebcc1c6a69d655c95e1ae8ca39a0de97d	bbb40f1f6285d4f6e95a41896d7ac8eb068310dda53235681b40c0e35bfac16a	0	980	00b34ee367086a79c9ad19d7c699b31efd9c87049b08b2d869c63c2b777f077c	e3b0c44298fc1c149afbf4c8996fb92427ae41e4649b934ca495991b7852b855	2.4074887343417232452025267264161811908707022666931	6.5851049136889290777641114971174829406663775444031	2.4074887393154129622274695066153071820735931396484375	6.585104917764830319282243209499938529916107654571533203125	-18.446002507401057627885780196633645252246238296310	-18.446002460309771648424984011907090212037558086941215540527270725349189245462738	142.75564199857947834298702210677896039918428466797	54.339297146517729011083927771322965494314267016099	142.7556419985794783429870221067789603991842846679687500	54.339296514843996792975264940262561111837646802319145271146419367259662658355189	-0.00110672328822399115894163718122121252	-2.8347920836805386851746928108166955191556632991203E-11	-2.8347922501279319234792868852611209047160532330985393157135748806602873955620375E-11	1.664473932383045940744444253855603899339782393157135748806602873955620375E-18	-0x1.f2e23d724ee12p-36	-0x1.f28529765b45ap-36	-0x1.f2e251379c0b4p-36	-0x1.f28515b45770ap-36	true	true	true	true
162	D4	U07-0000000106_S08-0000000172	7	106	8	172	2c239cc55be3f1f552398e379602a44bf92922d3759165e89028285423cb0947	3bb23fbbdf55abb60e1d292fce4db3caf3d2b885bb7622f377fa7fd9dd1ef544	c697c9007aba7245734587bb67c9b17b13bbc25a0776febd3ae88f8e742b29e7	0	975	f9f83fa7358e121298721df3057b1c02f8bc28b6b72bb898e05a1ed07093de2d	e3b0c44298fc1c149afbf4c8996fb92427ae41e4649b934ca495991b7852b855	2.4074914850784975631214912539235228905454277992249	6.5851076212111520902237060681727598421275615692139	2.40749149005192598915758850353086018003523349761962890625	6.585107625286826339705559263393297442235052585601806640625	-18.446138235671598611118640477637727200983581614360	-18.446138188580137472266101780866389272023173898666206781704242590563234024495058	142.74339033022092716265310891183153344690727050781	54.339275648242695105076691738194254513893382437134	142.7433903302209271626531089118315334469072705078125000	54.339275016555684038445639729703386703156950338560026402423421072282794264529337	-0.00110672328822399115894163718122121252	-2.8341652132788799485508345124016924765599082040330E-11	-2.8341653796906679696368214113892552432949452085597821936797052282716123373700759E-11	1.664117880210859868989875627667350370045267821936797052282716123373700759E-18	-0x1.f2c6002f59ebap-36	-0x1.f268f01348671p-36	-0x1.f2c613f46a053p-36	-0x1.f268dc51822ccp-36	true	true	true	true
163	D4	U07-0000000106_S08-0000000173	7	106	8	173	e46aac01a926dd2c72fc9c4709ab3ecd3a68c008ae5934e5e9aba9b66c418acc	d563baeb4076bdcf4622d9a172d7c767baeabfda2e591c1cae2dfe2db5dae078	ae1b82a99467cf20a1ffb507b8c370b57e40781a2e52aff9b75ddc9400d7009d	0	979	d98ffd1e9b066173ee034a7f90f37cedf56db525251e472ac76738332e24ae04	e3b0c44298fc1c149afbf4c8996fb92427ae41e4649b934ca495991b7852b855	2.4074942340109717828222635205293045146390795707703	6.5851103271642691533438451756410358939319849014282	2.4074942389841390670557341735502632218413054943084716796875	6.585110331239716542628404027936994680203497409820556640625	-18.446273968071611831999286962136179202718993850625	-18.446273920979975656132958941862315711821050929975751189450336155014155606259967	142.73113518108379831822680225381703112604798095703	54.339253532185340209283163336268920485399552779461	142.7311351810837983182268022538170311260479809570312500	54.339252900485067326079426707278045397138672238612665751633851682216056119228560	-0.00110672328822399115894163718122121252	-2.8335384120383192374459195885054037088007250873402E-11	-2.8335385784145047106382624570441237692747704177151085569719849135561230210532758E-11	1.663761854731923428685387200604740453303749085569719849135561230210532758E-18	-0x1.f2a9c3b89e2a2p-36	-0x1.f24cb77c3f521p-36	-0x1.f2a9d77d6c809p-36	-0x1.f24ca3bab9af9p-36	true	true	true	true
164	D4	U07-0000000106_S08-0000000174	7	106	8	174	f8362f67d6cf6ae35784a85b6eba08319aa30797c341c4e229ff02baf9f1bb72	30b12711110e778c0aec92d554179a0a66dce970391cbc4f7f0810c8395f701e	2b919034070d9e25f6552ec8f0f18fe1447c71d740ab07d20797d64de4d24f44	0	984	91cdb72f9fc871e8790b0084bcae18629ad34a0b8d667a8d07cc610e368a63c2	e3b0c44298fc1c149afbf4c8996fb92427ae41e4649b934ca495991b7852b855	2.4074969811388993584655437985020398627966642379761	6.5851130315480594645816125876081059686839580535889	2.4074969861118056431437128850348017294891178607940673828125	6.58511303562328013938564907903128187172114849090576171875	-18.446409704602688853244306557371318654803135936992	-18.446409657510877866358211958013057881808019288368591554360107882803731473446627	142.71887655116809180970810213273545343660641601562	54.339230798273980941161411540248345626035585750846	142.7188765511680918097081021327354534366064160156250000	54.339230166560464821603107576184578573975048262572469479167867916111702609308369	-0.00110672328822399115894163718122121252	-2.8329116799521761503282536433985767067419400366720E-11	-2.8329118462927613710327249561620493820586561807978370992901563512825871383643645E-11	1.663405852207044713127634726753167161441258370992901563512825871383643645E-18	-0x1.f28d880e9f4d8p-36	-0x1.f2307fb0aeb8cp-36	-0x1.f28d9bd290c3cp-36	-0x1.f2306bf006967p-36	true	true	true	true
165	D4	U07-0000000106_S08-0000000175	7	106	8	175	0e885cff5451d5a684d49658694f0457367a85ce1a1711076ce1f9cd7d7ba104	78582bec95bed10589e54b19304a24b71369d1c8d7a6048f4e3612f4182ab03c	2eafefb04ba0d6a857a9abfb0b19901f0383902ae66c8ef740d9f7f96dee9918	0	1013	d0c32f2f7ef78972bd0be2640fef2bd449ca3a6739fc96a42b58248fb7291273	e3b0c44298fc1c149afbf4c8996fb92427ae41e4649b934ca495991b7852b855	2.4074997264620337442120323601102427346631884574890	6.5851157343623023393552884385826473589986562728882	2.4074997314346791819905657661138320690952241420745849609375	6.5851157384372964419261275992312221205793321132659912109375	-18.446545445266422029135159991585574351963084886434	-18.446545398174436430940765072728860494582445100815558489624304544281219624859584	142.70661444047380763709700854858680037858257568359	54.339207446436914325333288712297464232270854272669	142.7066144404738076370970085485868003785825756835937500	54.339206814710173175374128678787359877881212410595381105072430828238211764119287	-0.00110672328822399115894163718122121252	-2.8322850170137691458144816359362994789202409716389E-11	-2.8322851833187565039652049644916078851558495739535995689351084750480938177633398E-11	1.663049873581507233285553084062356086023146995689351084750480938177633398E-18	-0x1.f2714d2feb95fp-36	-0x1.f21448b201101p-36	-0x1.f27160f3e341ap-36	-0x1.f21434f152891p-36	true	true	true	true
166	D4	U07-0000000107_S08-0000000162	7	107	8	162	75a86c8287a81063b3171702ac518ecca01918d72cd8e6bb488708fe6038f8d6	26aed6c9c6ff19dde9fa7d1d07624b78e793e6b343b91b68824fbc4ad90b9f10	380b7125f3dc35eb30e5d0d384bff2462213261517312dc4f183aefb7266a5d2	0	981	6ae4936421d9b83b77b65b9000a5843a1f4b823850001a90bef12b3c344664fd	e3b0c44298fc1c149afbf4c8996fb92427ae41e4649b934ca495991b7852b855	2.4074756497693537773963079473560355836525559425354	6.5850909724964171235161991546647186623886227607727	2.4074756547450597531090377145801539882086217403411865234375	6.585090976573997390008941010819398798048496246337890625	-18.444736618870763533011197182160999674940066161490	-18.444736571783048588087083878576619037064074628742902394140361090123430958595127	142.86459227849154051937095600515539298065433427734	54.342960305205619791405710295565566991972459005808	142.8645922784915405193709560051553929806543342773437500	54.342959673687850309766109632048061520306504817092992934440208589237146777962043	-0.00110672328822399115894163718122121252	-2.8403576479830424316759857432386007690636968040938E-11	-2.8403578147367023861286814720860502690241864065243860334657049296845727872278007E-11	1.667536599544526957288474494999604896024305860334657049296845727872278007E-18	-0x1.f3dcf5520d559p-36	-0x1.f37fbec697f44p-36	-0x1.f3dd091b75087p-36	-0x1.f37fab0078ca8p-36	true	true	true	true
167	D4	U07-0000000107_S08-0000000163	7	107	8	163	ad9b67dfd3897c93eb538d9db86d76b92fbac4a687e9951f8a8b0159ee701b43	141a081b1ce236a375bf68a8aec3575d56290ede7532b946473aaad9d0bc1818	95664c53642dac385b9e93402f3544ea9f810e9e59c3df6923034cad72e8a230	0	971	98d616d4c30f4f3286207e59753cad03f3889d40866616d35f61397b017c837b	e3b0c44298fc1c149afbf4c8996fb92427ae41e4649b934ca495991b7852b855	2.4074784172017564126688782266683119814842939376831	6.5850936945487790474818012853575055487453937530518	2.40747842217719974777789815334472223185002803802490234375	6.5850936986261310208956576417449468863196671009063720703125	-18.444872309039461675335182018782154646693068051092	-18.444872261951569747463075747075187809085764739517954403394778226141682917418148	142.85237200577436528626921965061450683752293046875	54.342944496578710296531065298098111643430633336986	142.8523720057743652862692196506145068375229304687500000	54.342943865047500570482900843591183964887279440753441192001997886141529399317411	-0.00110672328822399115894163718122121252	-2.8397301676309454544453872107535633980889868134290E-11	-2.8397303343489813767555602170784716750194182766853500038887354144281005793422010E-11	1.667180359223101730063249082769304314632563500038887354144281005793422010E-18	-0x1.f3c0b1062153ap-36	-0x1.f3637e5bf8b1p-36	-0x1.f3c0c4cf1f2e7p-36	-0x1.f3636a96456edp-36	true	true	true	true
168	D4	U07-0000000107_S08-0000000164	7	107	8	164	5722408c7910be61f22105ed3b6d807fdc42f37a08614032f4ee3fdbad07ed54	5dd098124ddb7447f0d2787516e512323e3ec12de133767312753b151f219c8f	fff6b944496b7f0a3ecc683e1e7168a1bfa06d4367a8cd97a71fe307d3b9f75d	0	980	629088502f126a2265fc3d3e8cfbe075fde90a8e070c3ceb8a9d37ef64516ee1	e3b0c44298fc1c149afbf4c8996fb92427ae41e4649b934ca495991b7852b855	2.4074811828320112558343701891772070666775107383728	6.5850964150338078192947754985198116628453135490417	2.40748118780719209952589920931131928227841854095458984375	6.5850964191109316418770713852381959441117942333221435546875	-18.445008003321940666858674491374138032212055806561	-18.445007956233871958962952303275362311269106225370551342714385853231837935784544	142.84014825227861238907508983300654532580925126953	54.342928070839705761720086501288768094864541179627	142.8401482522786123890750898330065453258092512695312500	54.342927439295073880927977936448356777743066311633215890259046775470715732156232	-0.00110672328822399115894163718122121252	-2.8391027565000603770948906147465631661589493825118E-11	-2.8391029231824746483716594308568937341172355282717497200469574606095341886615162E-11	1.666824142712767688161103305679582861457599497200469574606095341886615162E-18	-0x1.f3a46d86b9b59p-36	-0x1.f3473ebd741a3p-36	-0x1.f3a4814f3487bp-36	-0x1.f3472af84255ap-36	true	true	true	true
169	D4	U07-0000000107_S08-0000000165	7	107	8	165	c997faf4040158a441a90a577ce6b5a92d6039395cec5a18c09beeed7e33f72a	7750b1efaf1934f2bac62da2aecb84996103375e1dc6f3fba71c584fda192718	fed9c0779d58ec75d6d78d4a395e3861882439fca996dc132b7ababb8408294c	0	993	be849ea65e03479c6481a3c8f67f233a96dff7d3130c6c0c4ffebd6b2d949767	e3b0c44298fc1c149afbf4c8996fb92427ae41e4649b934ca495991b7852b855	2.4074839466598715806422426055632968200370669364929	6.5850991339512816788448468230399157619103789329529	2.4074839516347900751636057492532927426509559154510498046875	6.58509913802817749284290727018742472864687442779541015625	-18.445143701719785848063652508552217185794764302195	-18.445143654631540562766237960777758367350435513456610655456627035342383645520429	142.82792101800428182778856655233150844551329667969	54.342911027917120980508692620322570151841810885905	142.8279210180042818277885665523315084455132966796875000	54.342910396359085044838201320217362387629324506594465450893387975018907925019507	-0.00110672328822399115894163718122121252	-2.8384754145837126498751057012772404744366383232626E-11	-2.8384755812305076520770743735153838253935497907372984383872321570590087508542924E-11	1.666467950022019686722381433509569114674746984383872321570590087508542924E-18	-0x1.f3882adec802cp-36	-0x1.f32affdfb360fp-36	-0x1.f3883ea7381cdp-36	-0x1.f32aec1a8c21ep-36	true	true	true	true
170	D4	U07-0000000107_S08-0000000166	7	107	8	166	58744d7e516d0ce0fb5477f6c02e33409c5be42cb740155fa3998dba5ffd1627	f6c8cb74436680c715789845931bda30ca30e93392f607914cc89e91d7983575	46aeb5fc58f5ca6b693113e23b02fbefe89eaed5ba0b4dd9b4af1dcee3fcf7a2	0	983	2d6374c2cd2c4011bb66d549692bb9077c08324ea0f8d2c655cbfe76c50b2fc2	e3b0c44298fc1c149afbf4c8996fb92427ae41e4649b934ca495991b7852b855	2.4074867086850906677808481504143856000155210494995	6.5851018513009789770440427503217506455257534980774	2.40748671365974696578771130361928953789174556732177734375	6.5851018553776469281746397399501802283339202404022216796875	-18.445279404234583299315424115282419320684715735831	-18.445279357146161664915487509672079573610125032778611772513761941096748664799433	142.81569030295137360240964980858939619663506669922	54.342893367739450477618782904801654279863580344056	142.8156903029513736024096498085893961966350666992187500	54.342892736168028981754384094140519565000135872204221715046242941405765831212435	-0.00110672328822399115894163718122121252	-2.8378481418752267539811482315013352138527337600013E-11	-2.8378483084864047761041589020855116783820389526058341131010034464633055900206793E-11	1.666111780221230106705841764645293051926045341131010034464633055900206793E-18	-0x1.f36be8f858f95p-36	-0x1.f30ec1d94bfc1p-36	-0x1.f36bfcbfee40bp-36	-0x1.f30eae1501dd1p-36	true	true	true	true
171	D4	U07-0000000107_S08-0000000167	7	107	8	167	1eec3a77b877ba6f56206fedfbca36dba429774e361b30aef2c09d6c6231a70f	da5efd196e20ba07532eee6b4be35f695215aa40c9b4afbda4f7e1842b0c9306	16ee4593e82461ccbca0c61f17a562311634a3232313d66b4d31c9c798576f22	0	994	bd1dd33a72baaf3175226b1f9fb3f2a80060dbff5f25d8e182c4cb2e1a26d80a	e3b0c44298fc1c149afbf4c8996fb92427ae41e4649b934ca495991b7852b855	2.4074894689074218187552212100399628980085253715515	6.5851045670826781619489054264704464003443717956543	2.40748947388181606943380330676518497057259082794189453125	6.58510457115911838898991703672436415217816829681396484375	-18.445415110867919736918770868682402499210257416345	-18.445415063779321929453283939467719857514077168074027293633713339806668779499872	142.80345610711988771293833960178020857917456132812	54.342875090235166960805991902969182477072031022855	142.8034561071198877129383396017802085791745613281250000	54.342874458650377640407305860327212301897697981421381771995824467360942250645570	-0.00110672328822399115894163718122121252	-2.8372209383679265787170024356736794425929239883099E-11	-2.8372211049434900982496494155291564208422723249233614546676489084088029561132983E-11	1.665755635195326469798554769782493483366134614546676489084088029561132983E-18	-0x1.f34fa7dd21ffp-36	-0x1.f2f284a02e8f7p-36	-0x1.f34fbba441f73p-36	-0x1.f2f270dc571e7p-36	true	true	true	true
172	D4	U07-0000000107_S08-0000000168	7	107	8	168	b80740d2af81ef19b03ebc224ff0bbca6b6e4e54eaeaf70bbaa4fe68ae250deb	64fe09bdafcc548a93ebc57cf8eabb8f09216f822d4e2f74d8713528d6fe250f	35fd564b484c84e906cf9a4b12700a2a8bd4db8acb9ff283aed68737ac5bb7f9	0	983	a8961bbb781e8512c4fdec2aeabf07d5b40adb56a2d2c8c192468713cdc50752	e3b0c44298fc1c149afbf4c8996fb92427ae41e4649b934ca495991b7852b855	2.4074922273266183628259717863784317160025238990784	6.5851072812961577787604916522923304000869393348694	2.40749223230075071189304480867576785385608673095703125	6.585107285372370423959242913269918062724173069000244140625	-18.445550821621382513093169595323693574847643120820	-18.445550774532608734276181440252162150066602678112658693173265061880326724806522	142.79121843050982415937463593190394559313178056641	54.342856195332721311170815709747876929769635319426	142.7912184305098241593746359319039455931317805664062500	54.342855563734582296722432134391182729050231574621323422645414972952796337830991	-0.00110672328822399115894163718122121252	-2.8365938040551354230799040940730924813427532219644E-11	-2.8365939705950868245262879039607660335928040460684215934846703886031341075865468E-11	1.665399514014463838098876735522500508241040215934846703886031341075865468E-18	-0x1.f333678ef32d2p-36	-0x1.f2d648327b02cp-36	-0x1.f3337b558fc1cp-36	-0x1.f2d6346f269afp-36	true	true	true	true
173	D4	U07-0000000107_S08-0000000169	7	107	8	169	a0c20e2731a553daf8894e528316dd8c8557abd18ed1fa385f17c7c649fe1f8c	619c51c82ada329ba60fb74d09a9133b86fe7d456e2790750436158eb373a381	80c489eeecb390aa8562087976d11fcd8d11b7cc13740e0cc2bbcd3e955dc6ec	0	979	3ad4b41cf133d078bad50e47df44b864b0b8eb8034f8a48b45799a3bb79aecaf	e3b0c44298fc1c149afbf4c8996fb92427ae41e4649b934ca495991b7852b855	2.4074949839424336361926037852754234336316585540771	6.5851099939411964837021606911093840608373284339905	2.407494988916304222426045811289441189728677272796630859375	6.585109998017181685836529680955209187231957912445068359375	-18.445686536496559719867081911678188309252158293639	-18.445686489407610145130063178216169359270955891744716095398425349357404785966270	142.77897727312118294171853879896060723850672441406	54.342836682960544111918304151182889050242533601632	142.7789772731211829417185387989606072385067244140625000	54.342836051349073159503029904685683132762452463679243632628255988088534664883631	-0.00110672328822399115894163718122121252	-2.8359667389301756223459718133876464287256722716837E-11	-2.8359669054345173848071755070017699893109675556770092346359641637873108482805862E-11	1.665043417624612036936141235605852952839933092346359641637873108482805862E-18	-0x1.f317280d4185ep-36	-0x1.f2ba0c90b2eb8p-36	-0x1.f3173bd333afbp-36	-0x1.f2b9f8ce09f9fp-36	true	true	true	true
174	D4	U07-0000000107_S08-0000000170	7	107	8	170	25b861e810a36478f1723d6ecf09e9f722175c2c8f0c3d2b886c1b7abae03255	e7fb71bf14d45e087dba7dc0f03d1a378a60afa0760785ed6a0292253d23a509	3d1e2edc81aba71df7944b98eabacf4d9a41a43bb2a6f9deff521db39208a38f	0	974	4e4ac28b818fbea7e18e7bbe602485090f5ca16453437b2abd825b97f72a8bd7	e3b0c44298fc1c149afbf4c8996fb92427ae41e4649b934ca495991b7852b855	2.4074977387546209889324089203910261858254671096802	6.5851127050175730162639986531303293304517865180969	2.407497743728229964987885836080749868415296077728271484375	6.58511270909333092105075735389618785120546817779541015625	-18.445822255495039981214741036931270619010868679439	-18.445822208405914837645857719800373689397279188167979394266974731370542366569434	142.76673263495396405997004820295019351529939287109	54.342816553047042561740761287042420531197371516536	142.7667326349539640599700482029501935152993928710937500	54.342815921422258206884007101879470935655081978340845885146242167322679073343842	-0.00110672328822399115894163718122121252	-2.8353397429863692998977501022208819759409750192077E-11	-2.8353399094551037158021631027412781618914575843797548785248707784083596023875172E-11	1.664687344159044130005203961859504825651720548785248707784083596023875172E-18	-0x1.f2fae957dce13p-36	-0x1.f29dd1bafeac2p-36	-0x1.f2fafd1d569ap-36	-0x1.f29dbdf8cd99ap-36	true	true	true	true
175	D4	U07-0000000107_S08-0000000171	7	107	8	171	1a68247af521b779792c23290383e2baf53b3e990660c25df0b64a150e59d0f1	211119338ad35dc2bb4f3d71c1ca19102838838705c483a647dcfce83da9cbde	ba26bffc9101a081c15b2cef50d50ea0b7d06e4b74d114b9465ba5553d1bc04d	0	976	0ee17d88f7d712cf472d2b789b1d73b34663b9718aa86698d71b536575926fa0	e3b0c44298fc1c149afbf4c8996fb92427ae41e4649b934ca495991b7852b855	2.4075004917629337919393606171070132404565811157227	6.5851154145250662338972880149867705767974257469177	2.407500496736281310472538308431467157788574695587158203125	6.585115418600596980114314504817230044864118099212646484375	-18.445957978618412712829005725375277035037415422795	-18.445957931529112175253896101379623167916689636466249499946805304320655292212832	142.75448451600816751412916414387270442350978593750	54.342795805520604311246730313881068613210959994420	142.7544845160081675141291641438727044235097859375000000	54.342795173882524330464783288333449923332798154551971827961546591904308339271699	-0.00110672328822399115894163718122121252	-2.8347128162170374313112449924753281823472405974805E-11	-2.8347129826501669814119663460596699945623552062196616536994149064850933628820145E-11	1.664331295501007213535843418122151146087391616536994149064850933628820145E-18	-0x1.f2deab6e4961ap-36	-0x1.f28197b1cdc8ap-36	-0x1.f2debf33aef32p-36	-0x1.f28183efb1c01p-36	true	true	true	true
176	D4	U07-0000000107_S08-0000000172	7	107	8	172	925bb793f6cf69d6fb03bcddf04e5c6cfb4558e407e7e0ef107308fe2d05aef8	c1fb72e18826a77f4ea5b97e324a5d5e26020cd990940dfa46a7968e9bddbf3f	8051f033f605669260d4e9d6321353e61d92f58f8a367b78d910ae5d35307acf	0	974	a0b46b8c039c67cd912117215116a283acc6d5b243f1a6af6ac945c2a40f912e	e3b0c44298fc1c149afbf4c8996fb92427ae41e4649b934ca495991b7852b855	2.4075032429671254438630079164340713759884238243103	6.5851181224634550842589320041042810771614313125610	2.40750324794021164365176446153782308101654052734375	6.5851181265387588141535513130975232343189418315887451171875	-18.446093705868267914258001984009385932742508578013	-18.446093658778792183179051314028646147565180401223345357532592227723998915465305	142.74223291628379330419588662172813996313790361328	54.342774440309594376334624466203180143274081005403	142.7422329162837933041958866217281399631379036132812500	54.342773808658236940977861968991096152726072244555457029465995897712719427198694	-0.00110672328822399115894163718122121252	-2.8340859586155005960572139430841516767363232110346E-11	-2.8340861250130276682038647816314028198475224975430729085805888224432973631600732E-11	1.663975270721466508385472511431111992865084729085805888224432973631600732E-18	-0x1.f2c26e5148102p-36	-0x1.f2655e7456d8p-36	-0x1.f2c282163ae6p-36	-0x1.f2654ab2ad67fp-36	true	true	true	true
177	D4	U07-0000000107_S08-0000000173	7	107	8	173	7a9f8a152594fbaf76c97a05f9b28b58ad626f6489e5144e1cad66011680e971	84602750b5ca2c7ed1fbc6bb1151bf03fdf8966a76859e147acda775f76d8b3b	1dbf931e415ba3c1b1b639359e4ab961300cc1e7d12bacb534681fa7805aeccc	0	979	efc5101a6039005520defc97f8871efb7ef800fc85e0922d7a3a78aba2fde616	e3b0c44298fc1c149afbf4c8996fb92427ae41e4649b934ca495991b7852b855	2.4075059923669493502917937632901157485321164131165	6.5851208288325186190892424065168597735464572906494	2.4075059973397743805223480961785753606818616390228271484375	6.585120832907595478378226516724680550396442413330078125	-18.446229437246196272799114874391555345408699963447	-18.446229390156545574395373602768360569297526807938628769699737574298906799817711	142.72997783578084143017021563651650013418374589844	54.342752457342356666923762490131079692399581728148	142.7299778357808414301702156365165001341837458984375000	54.342751825677740343176999119464115528967590922842498467717736091406896888474707	-0.00110672328822399115894163718122121252	-2.8334591701750786042078551011342369521953635170763E-11	-2.8334593365370054934290605091801257612536025863077860792829183466379146465293594E-11	1.663619268892212054080458888090582390692314860792829183466379146465293594E-18	-0x1.f2a632007232ep-36	-0x1.f2492602f6e28p-36	-0x1.f2a645c4fcf34p-36	-0x1.f2491241b489cp-36	true	true	true	true
178	D4	U07-0000000107_S08-0000000174	7	107	8	174	d035657dbb262604fe4de5ae30711e532dec2df8f2a2cb5fac0fa6c2d6d0af98	42e5b57830c5f17fe2346d9f3707feb5a6a568b6b40e75b2c949a0638082fcd4	b87f81fe57fbceeccebee3a3c78f7ab85ed3776fda4d233076757b80ad6176ca	0	980	780e50c28ab55180db4ca598bced2840132a621f8c6854e7a3e4a59b9aafdd21	e3b0c44298fc1c149afbf4c8996fb92427ae41e4649b934ca495991b7852b855	2.4075087399621589237530550065002898918464779853821	6.5851235336320360011508334707741596503183245658875	2.407508744934722937081073013132481719367206096649169921875	6.585123537706886125142613508387512410990893840789794921875	-18.446365172753789215433329353471205742200433555529	-18.446365125663963697641299929308525739882734138456392047090822308333951202516181	142.71771927449931189205215118823778493664731279297	54.342729856547214746442818272552394754983266216146	142.7177192744993118920521511882377849366473127929687500	54.342729224869356956883745942633574272130652661634587916468354316514983773745766	-0.00110672328822399115894163718122121252	-2.8328324508890903109320660219953319640355820200747E-11	-2.8328326172154195941008571223237322309025668034791539457885725448609774947686917E-11	1.663263292831687911003284002668669847834044539457885725448609774947686917E-18	-0x1.f289f67bb41d9p-36	-0x1.f22cee5db47ep-36	-0x1.f28a0a3fe3738p-36	-0x1.f22cda9cce454p-36	true	true	true	true
179	D4	U07-0000000107_S08-0000000175	7	107	8	175	2f500e9865ea6578fa2a19a57134159f646bfea7b717791a723e9992b32f1325	3d1f62ff33f418d1ba5b5891e6e1ec930b1ec5fbe21a17dddc7780145b1de6a7	7c4e410d269ef4faa89cfcf569f5f64b6b46b9dfe25eea85a3717b3ea708f4ac	0	975	11db71fadf6102a7524030ba6fa9be8ede69e391868d303836534a55fbf8dac0	e3b0c44298fc1c149afbf4c8996fb92427ae41e4649b934ca495991b7852b855	2.4075114857525076253463858222403359832242131233215	6.5851262368617864695341523884053458459675312042236	2.4075114907248107605497455807608275790698826313018798828125	6.5851262409364100074149472874296407098881900310516357421875	-18.446500912392638649002100566360067249872222870653	-18.446500865302638563374142918813057696922599843260579519713932261589248413980829	142.70545723243920468984169327689199437052860429688	54.342706637852467975986355385645828430615526918279	142.7054572324392046898416932768919943705286042968750000	54.342706006161387691864973734028642606950655044049997554713731254839859411957949	-0.00110672328822399115894163718122121252	-2.8322058007508545547386015642385807865676959045407E-11	-2.8322059670415884349480370893813615246907209001331370261200343927242308820363257E-11	1.662907338802094355251427807381230249955924370261200343927242308820363257E-18	-0x1.f26dbbc343554p-36	-0x1.f210b784526f8p-36	-0x1.f26dcf86fcf21p-36	-0x1.f210a3c3e24bp-36	true	true	true	true
180	D4	U07-0000000108_S08-0000000163	7	108	8	163	6d282c597771915d14e021a035cc979c4fdf04259194b0e7645448fc5050ef13	3fa0e35b9b1e175c2ea773123ae068bc1e297c008a515ef7e58940dec97474de	75e9943d767a7554685f6b72baf2a5726436309da434bcd9da0baa6a5174754b	0	982	3787389a873de91a343599b3af2b458a9d7cc4c18fd2ccd62fc9da544d92ebde	e3b0c44298fc1c149afbf4c8996fb92427ae41e4649b934ca495991b7852b855	2.4074901714078876108215965246017731260508298873901	6.5851041934153559387343790376689867116510868072510	2.407490176382988893155623344455307233147323131561279296875	6.585104197492337607666712528953212313354015350341796875	-18.444827795680931344326708452698168872538004190540	-18.444827748595024722068412934428412117327329402436624134502210259922282964765831	142.85121397801981286897599445793716607594347626953	54.346441983440832484317987653503675858883500160888	142.8512139780198128689759944579371660759434762695312500	54.346441351945252707768357191053823247729637244327736602295542858602411576290559	-0.00110672328822399115894163718122121252	-2.8396507965569659771191124424877270235205511263094E-11	-2.8396509632607190807167814260492828219018864587218013696420586227961284326152035E-11	1.667037531035976689835615557983813353324124013696420586227961284326152035E-18	-0x1.f3bd1dd0c32e6p-36	-0x1.f35feb652c3c5p-36	-0x1.f3bd319993fd9p-36	-0x1.f35fd79fa5c29p-36	true	true	true	true
181	D4	U07-0000000108_S08-0000000164	7	108	8	164	2741780d7df93e4edfa571cf447037d3120528cdda66eb7a372f7baaee03e839	9c32583678ce0460604b7730102cc8c59b3198721a6a7aa10a4c94798d3211ad	1ba3801491e0a908815450e68d7b0470935baa935d31059578821bb0198f95dc	0	981	94b4b40005702a0afeda9a7f095e2386a98c0a5a618d1a6123f296878c5b5777	e3b0c44298fc1c149afbf4c8996fb92427ae41e4649b934ca495991b7852b855	2.4074929375061431893745300669706921325996518135071	6.5851069143184108589661462929143453948199748992920	2.4074929424809819560049373166066288831643760204315185546875	6.58510691839516436318913150671505718491971492767333984375	-18.444963488954462804031168284335594690647530346939	-18.444963441868379445834886645671093110773961995710611625513697401792529925014252	142.83899029315823694218250031313206705613492890625	54.346425690549747203186353577539933865470976197959	142.8389902931582369421825003131320670561349289062500000	54.346425059040747833670817122512331285233860832693649113931424287223162974347098	-0.00110672328822399115894163718122121252	-2.8390233982263073041808630528531434463596069374605E-11	-2.8390235648944412138545676942095299042492485907046376999966211343026488517967519E-11	1.666681339096737046413563864578896416532441376999966211343026488517967519E-18	-0x1.f3a0da76e67f2p-36	-0x1.f343abecac076p-36	-0x1.f3a0ee3f67e2bp-36	-0x1.f34398277368cp-36	true	true	true	true
182	D4	U07-0000000108_S08-0000000165	7	108	8	165	8ab18c4e1c1d59cfdffc2fa0b0e568a561a1b22e193b15ff3053954ddeb58f57	9237a9420a3096b94cc56ca7d8b7de59d78aff711940a1a7ce795166a126d110	302037ebd6bdda63c7cfd540cf0ad0488a8edb91aa6d12a58397008558e3954e	0	971	6427ee6b37abddc341c4864c8d95b39ed1718b3706066ce0859090698112ee76	e3b0c44298fc1c149afbf4c8996fb92427ae41e4649b934ca495991b7852b855	2.4074957018019367549488407576063764281570911407471	6.5851096336536920003434936177200142992660403251648	2.4074957067765131481229534671228975639678537845611572265625	6.585109637730217478635008632181779830716550350189208984375	-18.445099186341964046191907004967067545483263258798	-18.445099139255704128582877643965166742722319225858732824680472564612095522068421	142.82676312751808335129661270525989266774410615234	54.346408780501136365100079554629554054061213704790	142.8267631275180833512966127052598926677441061523437500	54.346408148978735113908337483801619568244283628161622072136957612498144579944765	-0.00110672328822399115894163718122121252	-2.8383960691102038828580274025155991032853003791829E-11	-2.8383962357427210748859073972340472281075028962090806104202485084304989094402815E-11	1.666325171920278799947184481248222025170261806104202485084304989094402815E-18	-0x1.f38497f4a7686p-36	-0x1.f3276d34c2838p-36	-0x1.f384abbd0088ep-36	-0x1.f327596fb2d04p-36	true	true	true	true
183	D4	U07-0000000108_S08-0000000166	7	108	8	166	6a2ac61889ca3c93545556ae1c00a1235e64a22ada758b6fa1cf21b7d16c8175	b3a2952197bb88e125375afb6b70e1fb540c9be0589273b4e0636459e66e71bd	544afb9aaee700e9c9a9da1f04d1e175ab48a3af3e9b8c07f8c2d5d2146f0026	0	975	8a861e5308bc6940d4cb645d60fc16c1d3470c4ee9daad1819979390a526e9e7	e3b0c44298fc1c149afbf4c8996fb92427ae41e4649b934ca495991b7852b855	2.4074984642950215674161995593749452382326126098633	6.5851123514209776582672972722320992033928632736206	2.407498469269335743259130566684689256362617015838623046875	6.585112355497275249405220165499486029148101806640625	-18.445234887845020859120363026980710831243340608629	-18.445234840758584558320840814217228652254275912729405139125290474888677488404664	142.81453248109935209631833163432064291077100800781	54.346391253223499088825717288197875121735984874835	142.8145324810993520963183316343206429107710080078125000	54.346390621687713677438747251173091130878120328364375683178507935308392020103744	-0.00110672328822399115894163718122121252	-2.8377688092019800198668589175888604362991542643604E-11	-2.8377689757988829713153907936946491740069609678361991900412703561940727823254783E-11	1.665969029514485318761057887377078067034757991900412703561940727823254783E-18	-0x1.f3685633cd8fep-36	-0x1.f30b2f5457ca2p-36	-0x1.f36869fba3c72p-36	-0x1.f30b1b8fca7d2p-36	true	true	true	true
184	D4	U07-0000000108_S08-0000000167	7	108	8	167	477f8965801a636ce0d7d730ff429e8e32854853935ba6d5cc1a489b2b651e77	37826deb7ee80c40c786f50a2cb1e0e1d7f916c0025a10ad06997122f523479f	f0c7f321a757358871474333c23212d7cd79ab74b959927e2f29e5ee335e140e	0	977	0913331ee6872aeac2f2a7da4ce719fda7dbb4e55525271fcd7b231d30de6c95	e3b0c44298fc1c149afbf4c8996fb92427ae41e4649b934ca495991b7852b855	2.4075012249851509144038530507714312989264726638794	6.5851150676200462114051603634834464173763990402222	2.40750122995920301516292738597257994115352630615234375	6.5851150716961160680451570215154788456857204437255859375	-18.445370593465219563200378019567482384397438693897	-18.445370546378607159048995855626597024040174335463137364692688328945627297714968	142.80229835390204317724765710031431778521563447266	54.346373108645311142486058000980489046803231477654	142.8022983539020431772476571003143177852156344726562500	54.346372477096160841457221812403684767876249352241476637005108109921878430377097	-0.00110672328822399115894163718122121252	-2.8371416184949598044031565739069820222037069587835E-11	-2.8371417850562506179556553622185222652386331913794091171219451583530445077742549E-11	1.665612908135524987883115402430349262325959091171219451583530445077742549E-18	-0x1.f34c153ee0668p-36	-0x1.f2eef2407cac4p-36	-0x1.f34c2905b5a32p-36	-0x1.f2eede7cf19cap-36	true	true	true	true
185	D4	U07-0000000108_S08-0000000168	7	108	8	168	72cc84c97be3d59eaac958c7c734ca618d71f25d4af8cf3061a84c746512e58c	2fada924cf9ca8ac06d07ea1e47f633daf289ecf31894eb83e28f93be5654f97	1a8511592c1fa25fb2f3382099ae75822e1eca8b264daae47d9c141d5e3da926	0	979	c9cb6c0ca00475ba018efe0ed9f4ac9734d0c159f1b1ced071c43005d81ab555	e3b0c44298fc1c149afbf4c8996fb92427ae41e4649b934ca495991b7852b855	2.4075039838720780974168356181053241016343235969543	6.5851177822506761702636701727442414266988635063171	2.4075039888458682722782722152032874873839318752288818359375	6.5851177863265184207752778178246444440446794033050537109375	-18.445506303204147374581497415554281471977369579519	-18.445506256117358964754709915216908591404368792395479613781426289597550697806481	142.79006074592615659408458910324091729107798554688	54.346354346695030319949104678246604930501680748320	142.7900607459261565940845891032409172910779855468750000	54.346353715132531716989264947991403086975800365988076873495186719452100049909221	-0.00110672328822399115894163718122121252	-2.8365144969824657965041467392594849970278637858782E-11	-2.8365146635081472322843388933612217292172962095877324010466805055306282588055803E-11	1.665256814357801921541017367321894324237095324010466805055306282588055803E-18	-0x1.f32fd5164adap-36	-0x1.f2d2b5f8c0202p-36	-0x1.f32fe8dcc6aebp-36	-0x1.f2d2a2358d5e7p-36	true	true	true	true
186	D4	U07-0000000108_S08-0000000169	7	108	8	169	77050219add7870059d4d8713acc7dcb11852e3f22ee8a134874e788805956c6	132782df6ac34c0edebe0ce66c549b5c7606ac9a6423b474630c4059a1f4c387	db2b77ab44d5d470baf068142a26f911a094568859fcfe707a6ad3db03702ff0	0	987	fccede2d7707f0978fba529336eec635f3873909e719faa8a2f5d64594b5e298	e3b0c44298fc1c149afbf4c8996fb92427ae41e4649b934ca495991b7852b855	2.4075067409555564318379694555005698930472135543823	6.5851204953126461147383530203569534933194518089294	2.40750674592908482651854029654714395292103290557861328125	6.5851204993882609083077905864911372191272675991058349609375	-18.445642017063391937516633648925661077574247022450	-18.445641969976427775266831169879567200186625712726098822080359415528469918126756	142.77781965717169234682912764310044142835806123047	54.346334967301089506174388164987969262116962179873	142.7778196571716923468291276431004414283580612304687500	54.346334335725261507509865967437267412850477370913672949355415160381984446287533	-0.00110672328822399115894163718122121252	-2.8358874446578207171927364549217143616670305378002E-11	-2.8358876111478949734169298841731442011079143231420011149280844304700099379454794E-11	1.664900742562241934292514298394408837853418011149280844304700099379454794E-18	-0x1.f31395ba5608dp-36	-0x1.f2b67a7ccb2d1p-36	-0x1.f313a9802eb58p-36	-0x1.f2b666ba3b7dbp-36	true	true	true	true
187	D4	U07-0000000108_S08-0000000170	7	108	8	170	5889cae2a9684cb2d230602d791e6b4c22f33557c61fae6a046810ef900c5d04	dfc788fff93407961e019e5ac58145889c56fdb73287935294468af2bbc32743	0b4de68507449e22233eff175b3d7ebc0e6a01905c1040e87eb1be0dd8bcb3bc	0	979	acc87f9d463476d5ead2e4dff1102f0c982d0edbd59124601834ca70bfe5a392	e3b0c44298fc1c149afbf4c8996fb92427ae41e4649b934ca495991b7852b855	2.4075094962353392538667584688028000527992844581604	6.5851232068057347496248254969941626768559217453003	2.407509501208606010613788583896166528575122356414794921875	6.5851232108811222250299710623266946640796959400177001953125	-18.445777735044541740014935786179780672023861071093	-18.445777687957402000351615315176012005708876455891808388111131633824451093024404	142.76557508763865043548127271989289019705586152344	54.346314970391902823020619151350704105095770029638	142.7655750876386504354812727198928901970558615234375000	54.346314338802763190921899309441748667254403688322742185010263339552908305158597	-0.00110672328822399115894163718122121252	-2.8352604615143459495427391961078635165244024311962E-11	-2.8352606279688155065918344833834098331738640942563995217860839141959030019025977E-11	1.664544695570490952872755463166494616630601995217860839141959030019025977E-18	-0x1.f2f7572aa8201p-36	-0x1.f29a3fccee85p-36	-0x1.f2f76af0128e2p-36	-0x1.f29a2c0acde2fp-36	true	true	true	true
188	D4	U07-0000000108_S08-0000000171	7	108	8	171	3dfdccd6c46bff11517adeec00e5d269bc33c4e7c88c8478827b878b58c0390c	9a752f4415c99274f04078c6808c8a22cfcf9e0bb9226cf2afd150b977297be1	6c9e9217b3b0192fc056779cfce9a535cbb15bf2f2c448b4ae62a6ff79eb0010	0	973	f2491ec98a5928fa615264d29ba7f6aa20cf08c973f1e9c77d2f60c202433f78	e3b0c44298fc1c149afbf4c8996fb92427ae41e4649b934ca495991b7852b855	2.4075122497111799135804943716721027158200740814209	6.5851259167297208560465371363079611910507082939148	2.4075122546841851815802026948176717269234359264373779296875	6.5851259208048811590041626828906373702920973300933837890625	-18.445913457149185750098761832959788486133477572422	-18.445913410061870659687749876285307918746945549830273421630504214194230305033265	142.75332703732703086004102433361826359717138642578	54.346294355895860233474581347219771969326215757516	142.7533270373270308600410243336182635971713864257812500	54.346293724293427509852374493684716245899006477347499205532424484821486113441754	-0.00110672328822399115894163718122121252	-2.8346335475453628530277306542449059017789853992854E-11	-2.8346337139642300046489848836718992191913160223881950070945172508776246348813162E-11	1.664188671516212542294269933174123306231027950070945172508776246348813162E-18	-0x1.f2db19670b98fp-36	-0x1.f27e05e9584f4p-36	-0x1.f2db2d2c2b84fp-36	-0x1.f27df22780bcap-36	true	true	true	true
189	D4	U07-0000000108_S08-0000000172	7	108	8	172	a1c68b0183f2ef5e1be20bc19448108e39bd871a0385eef435e5639a22b2be14	4ef660e5130fcd8911fde110f0e96b8be8ec4a837d7ff752795eeab7ab145cad	371f47c2bed5d9250a37200744a4059b965cd419718488e47617f90d3b9de03a	0	980	7dd4ce2b99e5da86b12d45f34945f31ecd18894590f662ff397dc1b39777ca1d	e3b0c44298fc1c149afbf4c8996fb92427ae41e4649b934ca495991b7852b855	2.4075150013828317749342566855830227723345160484314	6.5851286250843833400270277422805520473048090934753	2.40751500635557570684230910273981862701475620269775390625	6.58512862915931661278445830021155416034162044525146484375	-18.446049183378913779496665383096357484020595246537	-18.446049136291423538720458876062512485245244501036765027115264433616661005015525	142.74107550623683362050838248427656162870463593750	54.346273123741332917988720408342104978404494976516	142.7410755062368336205083824842765616287046359375000000	54.346272492125625270242163226078487211383773231922316393201708106000350133446911	-0.00110672328822399115894163718122121252	-2.8340067027441914528341901642710282718446495015615E-11	-2.8340068691274585873736547688129545623314386398481718953469023027955913883795523E-11	1.663832671345394646045419262904867891382866718953469023027955913883795523E-18	-0x1.f2bedc6fbf83bp-36	-0x1.f261ccd1bb77p-36	-0x1.f2bef0347e92ep-36	-0x1.f261b91044f5cp-36	true	true	true	true
190	D4	U07-0000000108_S08-0000000173	7	108	8	173	aad480a71f14c3b59e5562758b555661aec9a22390beb517e02aaa7630ca46c2	d239cf325edacdef6521e7ba9522327d453ae7aea6dfb9514ad99671f5744909	a907879a90c7c1e0a950f2f9d342f5a455a0fe24039f555e92a2c6f96c6e6b96	0	973	86ad8b4592ed91e9d49483cd5c94a565c98b98e31f3d02f2c1a61741746c85fb	e3b0c44298fc1c149afbf4c8996fb92427ae41e4649b934ca495991b7852b855	2.4075177512500482365775944515462470008060336112976	6.5851313318695011977954578696881071664392948150635	2.4075177562225309711718690408588372520171105861663818359375	6.5851313359442075791305715171120027662254869937896728515625	-18.446184913735316223819666328888296066980139543308	-18.446184866647651006777356812360637174249835912967078965526817614409838951697652	142.72882049436805871688334717186778429165561005859	54.346251273856669417577828867924783068503003772878	142.7288204943680587168833471718677842916556100585937500	54.346250642227704638599987431186644893657419254746355707208424283699974518658027	-0.00110672328822399115894163718122121252	-2.8333799271041513789545844001455287828008333894746E-11	-2.8333800934518209792735952767797910104884115904326189782170874523011693626191118E-11	1.663476696003190108766342622276875782009580189782170874523011693626191118E-18	-0x1.f2a2a0448bb9ep-36	-0x1.f245948647419p-36	-0x1.f2a2b408fff45p-36	-0x1.f24580c51c3b6p-36	true	true	true	true
191	D4	U07-0000000108_S08-0000000174	7	108	8	174	9f1b9763c808ea7f064c9d34d888fd9bdf53e77b1cf179282d424bb381e12417	3db6783ef3538219b53fc3222b7338893c7474234c46d186ac801fca5c39709e	bc42f0b6e85ef668928f4e40ddbffb3cdff56f83d6101d247963be7efd89d113	0	976	5aaf0eee396ae9ad55dddea5aca18efd1ad02ad11b3808006174a00d1e944391	e3b0c44298fc1c149afbf4c8996fb92427ae41e4649b934ca495991b7852b855	2.4075204993125826902211628066652338020503520965576	6.5851340370848535296643966319152241339907050132751	2.4075205042848043801573254540926427580416202545166015625	6.585134041159333158355071446976580773480236530303955078125	-18.446320648219984166455487589022643795837924732042	-18.446320601132144146942544354517355178051480384946001556732046483012005155028937	142.71656200172070614916591839639193158602430878906	54.346228806170197162961051858417403185578486591505	142.7165620017207061491659183963919315860243087890625000	54.346228174527993055859768176849799031285534710959990970671641954504378633468955	-0.00110672328822399115894163718122121252	-2.8327532206185614929696926488244988032070464788841E-11	-2.8327533869306360427138517143792198719793804538371285702294481948085918772320631E-11	1.663120745497441590655547210687723339749530285702294481948085918772320631E-18	-0x1.f28664e5adfb4p-36	-0x1.f2295d06b464fp-36	-0x1.f28678a9ad7a7p-36	-0x1.f2294945fe7cbp-36	true	true	true	true
192	D4	U07-0000000108_S08-0000000175	7	108	8	175	01633428719205325c20d96224490eb87b839114f03d1e8f9d283c0ddd308cbf	ee72f84444d3468df1fd96380ee3a9e1cea9df96212f4603411be595dbc16782	268efe13de9750a023aefe48d3c4cac110767bfc52c12d3f10013b24148f7966	0	981	72c956d4f5a877ffd779cd629a3af62f9405fb8daa78f45ebcd497fadc710bd5	e3b0c44298fc1c149afbf4c8996fb92427ae41e4649b934ca495991b7852b855	2.4075232455701885622700864075795834651216864585876	6.5851367407302195261520338931404694449156522750854	2.4075232505421493567343560471272212453186511993408203125	6.5851367448044725479150418578910830547101795673370361328125	-18.446456386834509274623846450565916771340006425809	-18.446456339746494678091755798055070267081974733325775129341718275841023763843894	142.70430002829477591735609615784900351181073212891	54.346205720610220925965565876663574380564567449452	142.7043000282947759173560961578490035118107321289062500	54.346205088954796073495651019476680172315454579176948360646671843515194261592767	-0.00110672328822399115894163718122121252	-2.8321265832807402643420224930549048295918948852119E-11	-2.8321267495572220606871771954344843000094072546108181183975172195754581002296923E-11	1.662764817963451547023795794704175123693989181183975172195754581002296923E-18	-0x1.f26a2a52e46b7p-36	-0x1.f20d26533b29ep-36	-0x1.f26a3e168297bp-36	-0x1.f20d1292e6a19p-36	true	true	true	true
193	D4	U07-0000000109_S08-0000000163	7	109	8	163	9cfd4d075ab11fe131b859bb6f410e90a90865d48c095d923fee74d614d7a341	e5f15239edc5e47f7bd95403748fc0a80088c2d8c60bfa44825e280334f5ffe5	beb3df33ae0e8464f3ab568b91bc40712e37d57c5cfc44e10c4300245221b14d	0	974	3ea801407c1c616413e73cfdd78fdf2c96e9bea5e8c7f1d37720072e74db555c	e3b0c44298fc1c149afbf4c8996fb92427ae41e4649b934ca495991b7852b855	2.4075019261407591200652156260275660315528512001038	6.5851146936494024536346003628750622738152742385864	2.4075019311155183045214389636612395406700670719146728515625	6.585114697726013870127115268360284972004592418670654296875	-18.444783289630253128951925656178724620445947319296	-18.444783242546331820511558154790468374816872225792731866011129743750421700373373	142.85005595415543462645248741791164046370012128906	54.349939361749193958389877750992717978056921115111	142.8500559541554346264524874179116404637001212890625000	54.349938730289239225925966465887572570936343145969062476468592783828576973875892	-0.00110672328822399115894163718122121252	-2.8395714242729076846004623988982403777977272541811E-11	-2.8395715909623792482048475624996160859691825358959215651599738002279541303866606E-11	1.666894715636043851636013757081714552817148215651599738002279541303866606E-18	-0x1.f3b98a980d423p-36	-0x1.f35c586a93a98p-36	-0x1.f3b99e6073b7cp-36	-0x1.f35c44a57674fp-36	true	true	true	true
194	D4	U07-0000000109_S08-0000000164	7	109	8	164	3161332cf863be79864632a7a40900b3f651698a619415808118ca3bc9f61564	756f95f3d3b972a6257e48e652eb36483375154b7d56c46d48da8a006caaed1e	f65d2d4191807e46e57e8700e3cc290ae6b0bfb4ae724ce2fbd297633188027d	0	971	6bc498e69cffd91c45cf96e5377443bc95e98b7a74d2a0001795525d9a04d21c	e3b0c44298fc1c149afbf4c8996fb92427ae41e4649b934ca495991b7852b855	2.4075046927070583510643864144640247104689478874207	6.5851174149705909641183687597276730230078101158142	2.407504697681554999000308470158415730111300945281982421875	6.585117419046974195084853676007696776650846004486083984375	-18.444918981895393666130497077203303125865411904837	-18.444918934811295613198287900806258419402892391146061310150253797845703875795176	142.83783233792803567005962894590940393579670576172	54.349923201698513274361158398230314403001147659816	142.8378323379280356700596289459094039357967057617187500	54.349922570225140724263626611126370644767087312453698118505076807354539935569779	-0.00110672328822399115894163718122121252	-2.8389440387427186487680148287040237162758293069372E-11	-2.8389442053965736659066950610961792744403257486728781944037122456030868163275558E-11	1.666538550171386802323921555581644964417356781944037122456030868163275558E-18	-0x1.f39d47720f6aap-36	-0x1.f34019094cf6dp-36	-0x1.f39d5b2c02c29p-36	-0x1.f340055318badp-36	true	true	true	true
195	D4	U07-0000000109_S08-0000000165	7	109	8	165	c4bae485d4d5e590c1cbe3f94e0c128c3a690e83de0dd14cf2441eca08e713ec	998f1619338dc648c8e56ae2a2500a9c199171e0fb5da390104cb47f7d4f7da0	d3399ff34ce98b63332e2fcea4df534cceee2db30485b0cb73cbfea3afc4ea70	0	976	64881c97a030a6b920b63b49ecaab3db299bdc93ad63d4a5c02ca996ef885c19	e3b0c44298fc1c149afbf4c8996fb92427ae41e4649b934ca495991b7852b855	2.4075074574708280744639310455568192992359399795532	6.5851201347237868638506697038792481180280447006226	2.407507462445062328126876849410109571181237697601318359375	6.58512013879994205500789661300586885772645473480224609375	-18.445054678273107761180513473378121669765447945427	-18.445054631188833192122143657014290447144261274742932926478516280094142010475776	142.82560524092205904957437701084009203931101484375	54.349906424516357809071778422756330450665297810527	142.8256052409220590495743770108400920393110148437500000	54.349905793029585918256604264697997829667723812155945348813053652816634120482568	-0.00110672328822399115894163718122121252	-2.8383167224271029906340153995913867339140951203765E-11	-2.8383168890453437503264266517896861099898003393830913407682754405866760513665973E-11	1.666182407596924112521982993760757052190065913407682754405866760513665973E-18	-0x1.f381050702514p-36	-0x1.f323da863403dp-36	-0x1.f38118cf5f8fcp-36	-0x1.f323c6c11fb21p-36	true	true	true	true
196	D4	U07-0000000109_S08-0000000166	7	109	8	166	2f10338da50eb4824ff5f09e4131da44a8f38f0a0d8b1d2744ec84b2620a50d4	01e1e844d6d2e5dea21e1a3062622259c6d419c17722c87fa341782f9ca2cdbf	b27824ea1337463faaaff2f2c31372c59cd5cc1eeda190929450154f2ea62f2a	0	972	1c9f4548f4893f4c4abcd33764bbe41a652916fa9afbc0378319b4398d62ed4d	e3b0c44298fc1c149afbf4c8996fb92427ae41e4649b934ca495991b7852b855	2.4075102204318215293188387704503838904201984405518	6.5851228529087683927212282242180663160979747772217	2.4075102254057935378950272564679835340939462184906005859375	6.58512285698469568284707520433585159480571746826171875	-18.445190378764980910339928409258423788427706049536	-18.445190331680530001257779794989948667789110077602471603769855676670122461116351	142.81337466313750476499673161270370477424304853516	54.349889030131231273125032872715441354658229064094	142.8133746631375047649967316127037047742430485351562500	54.349888398631077759032981027038081715189208573862423387412894154661374777768362	-0.00110672328822399115894163718122121252	-2.8376894753193848426157416310304894351680773116548E-11	-2.8376896419020138224263840951168934202587625804660315560816333899568485561425541E-11	1.665826289798106424640864039850906852688112315560816333899568485561425541E-18	-0x1.f364c36bb2d72p-36	-0x1.f3079ccbcd689p-36	-0x1.f364d7339e497p-36	-0x1.f30789072bd74p-36	true	true	true	true
197	D4	U07-0000000109_S08-0000000167	7	109	8	167	9d2b89bc55c284c9cde85f64108f619a67721441c32315b4ce3545156a89e3a7	bb0a77101c1db4073c095cf0a97458c67054a9b475f2220ef40f36aeb3bebdb5	610b6e068d7c07c4a8326eb5727e23742b49e09ef8f1f974d3f4f2c08ee566d6	0	977	aed16df5b0d0650843647ced7600c16ec792cd403c03ef9dedfd7d747a02593f	e3b0c44298fc1c149afbf4c8996fb92427ae41e4649b934ca495991b7852b855	2.4075129815897919824396744559180660871788859367371	6.5851255695253138877642840043336036615073680877686	2.40751298656350189164587760615177103318274021148681640625	6.585125573601013422575523037494349409826099872589111328125	-18.445326083372599245890909008717407742474387069334	-18.445326036287972224543730852579916432287875016107204875860891363122438419765426	142.80114060457437281632669275150024214059280683594	54.349871018471615570559963931825204249778918552958	142.8011406045743728163266927515002421405928068359375000	54.349870386958098930460789256561492183674988480304385041706340517211052603940441	-0.00110672328822399115894163718122121252	-2.8370622974128877436385898448767178540638830985510E-11	-2.8370624639599072343323579169470835703912055699646720376499600563758585693814593E-11	1.665470194906937680720703657163273224714136720376499600563758585693814593E-18	-0x1.f348829ce7679p-36	-0x1.f2eb5fdd6116dp-36	-0x1.f348966399f9fp-36	-0x1.f2eb4c19f8675p-36	true	true	true	true
198	D4	U07-0000000109_S08-0000000168	7	109	8	168	0de7b1db7cf005f97388b8056bd3d0318dbc8160f33a344d0562a6932dcfe505	df7360f35dbbfe7b748533d485b80b9b0b47022255d73610f2e938915732097b	88fbb0223c87197dea7c12246ad374381eb11403baf6914f7e991ace7da434e5	0	970	47a9113c36f4688157eab1f5a6ad5727055ebfa50d2e02044f55f0b01938dc73	e3b0c44298fc1c149afbf4c8996fb92427ae41e4649b934ca495991b7852b855	2.4075157409444927075758968726404418703168630599976	6.5851282845732017900974852864237618632614612579346	2.4075157459179406631288866691420480492524802684783935546875	6.5851282886486737049025474988184214453212916851043701171875	-18.445461792097549588094970427929435219884272995958	-18.445461745012746603998118168125948386302536457852946774741248968136414676932652	142.78890306523266320356426042722970413836028974609	54.349852389465971558811576454438165855809871094145	142.7889030652326632035642604272297041383602897460937500	54.349851757939109145683873695820170967348475884097346422845625859012823493355539	-0.00110672328822399115894163718122121252	-2.8364351887009344531740753921879416207296737875554E-11	-2.8364353552123470277506326135776845937818500765657346768700611904276244897338809E-11	1.665114125745765572213897429730521762890103346768700611904276244897338809E-18	-0x1.f32c429a4080ep-36	-0x1.f2cf23bb44fabp-36	-0x1.f32c56606b8dcp-36	-0x1.f2cf0ff863675p-36	true	true	true	true
199	D4	U07-0000000109_S08-0000000169	7	109	8	169	fdd6e8d3998bb7bda827cbe9b290dc50ea6af0868be9028d4d39e9241fbe4928	df19daa20a569d20a80692abffd89dade3b398436f5e357035ffe3883b618962	0813e806ff8233123ed3abcf90317274973fcb4edbfe5671ba55d65fc4208745	0	986	5f18e9a51130c76243860865680dac6c4be646629e92cbc1529c6acd00a43e71	e3b0c44298fc1c149afbf4c8996fb92427ae41e4649b934ca495991b7852b855	2.4075184984956770062325404069270007312297821044922	6.5851309980522106310441010634804115397855639457703	2.4075185034688631573185357837019182625226676464080810546875	6.5851310021274550680903114852071666973643004894256591796875	-18.445597504941419341248420240134896701175730907030	-18.445597457856440595573457787991728809805852203720674689864924395803200813878972	142.77666204511237592670943463989209076754549726562	54.349833143042737499719092737126283979673234002981	142.7766620451123759267094346398920907675454972656250000	54.349832511502547446375806273429452191140174873577279962580505192110544324154133	-0.00110672328822399115894163718122121252	-2.8358081491768473280440957172478218480476750430249E-11	-2.8358083156526553727232408323801716272788974994986770232247006558533901802940847E-11	1.664758080446791451151323497792312224564737770232247006558533901802940847E-18	-0x1.f3100363dd688p-36	-0x1.f2b2e8654d5dap-36	-0x1.f31017299d4d9p-36	-0x1.f2b2d4a2d7b12p-36	true	true	true	true
200	D4	U07-0000000109_S08-0000000170	7	109	8	170	685ebd874ffbbbf3f39c7aa2dca3e9edb295c2653050e712be0265629732b449	ed9bf31308f58c2871da3cf6244abb9770bc26cf8c19c20ddbfe18c98bcd7244	5f71595f19b0594c97cc491912f40cef6c252eb26c02214c309a89a680e9d926	0	1005	bc01a6c8cb31549fb0246c9822b10698397c2d66164eceffdcaa717fddc2b863	e3b0c44298fc1c149afbf4c8996fb92427ae41e4649b934ca495991b7852b855	2.4075212542430981868535333489944605389609932899475	6.5851337099621190460108088871038489742204546928406	2.4075212592160226791893062880944853532128036022186279296875	6.585133714037136154484386452168109826743602752685546875	-18.445733221905796597577217813447866261874362394816	-18.445733174820642343151836297149846417638240138827512600260075156715627697351295	142.76441754421351098576221538948740202814842939453	54.349813279130330589122518983896718667135489054562	142.7644175442135109857622153894874020281484293945312500	54.349812647576831808209300781255250292742064109355343036403382197786986488388299	-0.00110672328822399115894163718122121252	-2.8351811788339479488681899216102029743667023136333E-11	-2.8351813452741536632553697706166729974480773568416882440966386449749337214059887E-11	1.664402057143871798490064700230813750432083882440966386449749337214059887E-18	-0x1.f2f3c4f9e024bp-36	-0x1.f296addb52392p-36	-0x1.f2f3d8bf3f2c2p-36	-0x1.f2969a193be24p-36	true	true	true	true
201	D4	U07-0000000109_S08-0000000171	7	109	8	171	9ea1740d676ccba2a5b3a8c033efc60fbc07f658168343127be14e93f860f6f3	cd302c534582f2dd79145c6af935c6624a8a9ef618d7f9511066c769240a091e	64a81194d34b0fb15f175fe1893c9c451162488ed50e94dfc53ee36ba791e0bd	0	982	0b42617a76cff2133132c46fbd817a75bb96afcf7e126969a5e5fb575b91a20d	e3b0c44298fc1c149afbf4c8996fb92427ae41e4649b934ca495991b7852b855	2.4075240081865095856383796046884526731446385383606	6.5851364203027057883654826753172528697177767753601	2.40752401315917256841014904011899488978087902069091796875	6.5851364243774957001054115579563585924915969371795654296875	-18.445868942992270241131749974675337594380163046267	-18.445868895906940600580146334367283666084158763235682149398077560252160762425453	142.75216956253606838072260267601563792016908613281	54.349792797657148486439029397053382417782637937385	142.7521695625360683807226026760156379201690861328125000	54.349792166090357976678573487355210834187472044772511809364124298788913377370987	-0.00110672328822399115894163718122121252	-2.8345542776655567470080320022435471449016953851388E-11	-2.8345544440701628002403673369555938795708980110233345480843961983248764140528714E-11	1.664046060532323353347120467346692026258845345480843961983248764140528714E-18	-0x1.f2d7875be9698p-36	-0x1.f27a741da50b1p-36	-0x1.f2d79b211de85p-36	-0x1.f27a605bb917cp-36	true	true	true	true
202	D4	U07-0000000109_S08-0000000172	7	109	8	172	293c0162400a22b8ffd5eb3fe9e5cf0cdd41ef3a203244799bd64b0b1b6195a1	66a60fb522c7553ab5e9dd08c4f3e7b9f8120267e8a279f16f5e7dbf60fa1354	2fd3c7d646daa63640dbbd21e69f79c24727743ebf6e40384bfbbf3604ad1388	0	973	c9bd73dd32170ddc8d436d5b68162f565a06145eb705acebc0aa7c37fc3a73cc	e3b0c44298fc1c149afbf4c8996fb92427ae41e4649b934ca495991b7852b855	2.4075267603256645526643708876690652687102556228638	6.5851391290737496878038292891233140835538506507874	2.4075267652980661681194618495283066295087337493896484375	6.5851391331483125519963284233426747960038483142852783203125	-18.446004668202429636002578628792938493460499585492	-18.446004621116924861544727736371280877186037900070737992030800121089709328679401	142.73991810008004811159059649947679844360746748047	54.349771698551564687076329145985875873470506496867	142.7399181000800481115905964994767984436074674804687500	54.349771066971501381497001907768930703231531262641647691475885731654353985993356	-0.00110672328822399115894163718122121252	-2.8339274456649941310611086966554949866612876906897E-11	-2.8339276120340027244842863466289551222205259886009894302602978082857006093953293E-11	1.663690085934231776499734601355592382979112894302602978082857006093953293E-18	-0x1.f2bb4a8a84931p-36	-0x1.f25e3b2baf746p-36	-0x1.f2bb5e4f32092p-36	-0x1.f25e276a4bfc8p-36	true	true	true	true
203	D4	U07-0000000109_S08-0000000173	7	109	8	173	4728794a2f6b25c5b602a4f5551ba8633e7fd9e59b49f2daf11798e9074efcc0	11835ebad61570c2da3cf00e590739fc25dc61e73036a1484476ac568e3a536b	f53b5f04f0be7fce759dc1b948c2416501907808576e200ad359e656de8c5457	0	972	4b55cedbb53de555aaae66ae26ebe4e16796054e6b5481f4d9e4f2d595522ae6	e3b0c44298fc1c149afbf4c8996fb92427ae41e4649b934ca495991b7852b855	2.4075295106603164518865867194108432158827781677246	6.5851418362750296850438580520403775153681635856628	2.4075295156324568457417711897505796514451503753662109375	6.5851418403493656404668055159845607704482972621917724609375	-18.446140397537864886094683743355726974717038203210	-18.446140350452185151706786189279752149071569010346665436870862425251682822382314	142.72766315684545017836619685987088359846357343750	54.349749981741932360940131427918327459542624453998	142.7276631568454501783661968598708835984635734375000000	54.349749350148614048300943185170787140912765467159736431693409452653674935981536	-0.00110672328822399115894163718122121252	-2.8333006828255795511193956069547475449302434024252E-11	-2.8333008491589931680622035644269861587298324344792750668049713082669941769051829E-11	1.663334136169428079574722386137995890320540750668049713082669941769051829E-18	-0x1.f29f0e8521d3p-36	-0x1.f2420305f9f4fp-36	-0x1.f29f22496fd39p-36	-0x1.f241ef44f644ep-36	true	true	true	true
204	D4	U07-0000000109_S08-0000000174	7	109	8	174	4b885dc1e37c827977a50284e3e2b2113624305d939fe3c01c0596f627285582	8e558d02f992a396ee45e72bf4109bd4b91274a2084582b68469b8be2282df14	652f4c7548ea5f4a4d7f95604581ef443fba258548fe1076434f82a51bb2a8c4	0	991	a896f1dca3a05e1cca03214e5de556378cb6d6e38e27f4c5f6f3177314d69a82	e3b0c44298fc1c149afbf4c8996fb92427ae41e4649b934ca495991b7852b855	2.4075322591902186611378944292027881601825356483459	6.5851445419063248248869868461952137295156717300415	2.407532264162097986048838293982043978758156299591064453125	6.5851445459804340172571546219160154578275978565216064453125	-18.446276131000166783142409099522043096633334320739	-18.446276083914312314456487262115860419270843468376548989451722004549536513377597	142.71540473283227458104940375719789338473740400391	54.349727647156583573057022355779808510503519142147	142.7154047328322745810494037571978933847374040039062500	54.349727015550028821958392719029359831106544971641291446243458212806094983975733	-0.00110672328822399115894163718122121252	-2.8326739891406316880632492001739826312999402395715E-11	-2.8326741554384526253417314049724175447988012691324588592411693266185073176243268E-11	1.662978209372784822047984349134988610295609588592411693266185073176243268E-18	-0x1.f282d34bfc3ap-36	-0x1.f225cbac415cp-36	-0x1.f282e70fe3659p-36	-0x1.f225b7eba2b1cp-36	true	true	true	true
205	D4	U07-0000000109_S08-0000000175	7	109	8	175	5915d28d661a8d1c2ad6eece499a410e05f5c9261eac5371359c835f4ec5fa17	23e8034651bec47966beaac4337027c96ee967b2e0833d39e1a8860df86f5c6a	f33e8295367b689a03f491c0bdb2199d6069c68ba031d63d6e4319e930739a3e	0	986	937cbf755fcc6c455ebe7ecf806f5d38f3521f85aa18459a13cb2edd191afb68	e3b0c44298fc1c149afbf4c8996fb92427ae41e4649b934ca495991b7852b855	2.4075350059151245860067369619628152577206492424011	6.5851472459674142562180421123230189550668001174927	2.4075350108867429911596591551870005787350237369537353515625	6.58514725004129682084386132601139252074062824249267578125	-18.446411868590926806684204526072042483337041602021	-18.446411821504897751088362623201675963735574813896613867678384056917228891631247	142.70314282804052131964021719145782780242895917969	54.349704694723829273837105180312967647138627417069	142.7031428280405213196402171914578278024289591796875000	54.349704063104055508621976151780263963559162462433456476821611109384224938078951	-0.00110672328822399115894163718122121252	-2.8320473646034684553483909223157613333998340419519E-11	-2.8320475308656992915738690658379911945560372165700745670601062300061291719017155E-11	1.662622308362254781435222298611562031746181745670601062300061291719017155E-18	-0x1.f26698def47bbp-36	-0x1.f209951e939d3p-36	-0x1.f266aca276ce2p-36	-0x1.f209815e5c8e1p-36	true	true	true	true
206	D4	U07-0000000110_S08-0000000163	7	110	8	163	6d98e17f32e56b0cd0f027b80af4bceafadd156c2442a598d53f35dbe51db759	709fa2abe615628612a737c7dd1cfc9eb86eb36f3c6f92380b2520c689c733de	99fc1678dd602457b4389db15d416887a6341bc2a288083e6622d2284ebacd6e	0	981	0e3a7f615bbbec64f5b22ad480a3c758c0f54329e9f652cf5279e309db169430	e3b0c44298fc1c149afbf4c8996fb92427ae41e4649b934ca495991b7852b855	2.4075136814004188881566115298937802435830235481262	6.5851251952507316445029061924287816509604454040527	2.4075136863748359365711149138178370776586234569549560546875	6.5851251993269728605973067914192142779938876628875732421875	-18.444738790886321782678414203854932512401140671449	-18.444738743804385793723901645677286141727084685247230865418531627286324003874583	142.84889793418123055869869853053793000079286552734	54.353436631517430182228557380297082624826033527318	142.8488979341812305586986985305379300007928655273437500	54.353436000093095526535060138871327299187806980049524432160710598612050539265898	-0.00110672328822399115894163718122121252	-2.8394920507788126516259839725508276152559482779501E-11	-2.8394922174540039641450100544113728109589252640381015461612173609931456800980520E-11	1.666751913125190260818605451957029769860880015461612173609931456800980520E-18	-0x1.f3b5f7627717cp-36	-0x1.f358c5656f60fp-36	-0x1.f3b60b2b2bea3p-36	-0x1.f358b1a00521p-36	true	true	true	true
207	D4	U07-0000000110_S08-0000000164	7	110	8	164	1990397ec1483f668f5ee926b4ee4b80d5b1c3572247aba6061d9720ff33d8b2	d503dcfdefc8d0f66ca6562ed2f141f96253068abbaab59e957183e76ee87dfc	82cf674e134f5f6ce37804b630e4ef6b024e3ff84f836ccca9d6be4c545c57a8	0	977	9fd1db881fa43b91faf60f88957af42b4cf27bd1234607a6fa14284ac2af37a3	e3b0c44298fc1c149afbf4c8996fb92427ae41e4649b934ca495991b7852b855	2.4075164484348047025386030384197511011734604835510	6.5851279169901611523774143108767020748928189277649	2.4075164534089591901466764767292261240072548389434814453125	6.5851279210661741725374440648010931909084320068359375	-18.444874482143627778361916605182850002285472498191	-18.444874435061515113610412194144817454175650323306087645685014786079351820418429	142.83667438658800857270647573133855596479458183594	54.353420604299639360642837972854657056772906567782	142.8366743865880085727064757313385559647945818359375000	54.353419972861889799920890176200042317387172395815355764556549872816110295602501	-0.00110672328822399115894163718122121252	-2.8388646780493368666400536620497896707320157574132E-11	-2.8388648446889140012639526136541130834370173991359562496493756751990172089081251E-11	1.666395771346238989516043234127050016417227562496493756751990172089081251E-18	-0x1.f399b4543139cp-36	-0x1.f33c863877545p-36	-0x1.f399c81c7aef3p-36	-0x1.f33c72737739dp-36	true	true	true	true
208	D4	U07-0000000110_S08-0000000165	7	110	8	165	10463aaa545ed5fc73fac1dd0293aa8d3391f6c203bad4a02271cc467203d877	41f08b090767ef89340161fda7e3d4ce84d9296ead2d348e1b60f02ea738966d	9ce4e0dd29642bff395efddb7633088fe198f8d0d3e982dabd5a9021f7395f64	0	975	1312829dc940e91b6c32c64b454ded49567523e647685937a5b42ae3c8d9f8a3	e3b0c44298fc1c149afbf4c8996fb92427ae41e4649b934ca495991b7852b855	2.4075192136665935077610711800844001118093729019165	6.5851306371613792731145586856200679903849959373474	2.407519218640485576810039702877475065179169178009033203125	6.585130641237164232648648720669370959512889385223388671875	-18.445010177512111445865242904992102519573217425623	-18.445010130429822255620576886513679120402167824507525356600888523908316077047932	142.82444735821620892262185946907210656021402275391	54.353403959976422930658894635574341207704874709893	142.8244473582162089226218594690721065602140227539062500	54.353403328525275783149585064876431322100804432457084197591486959165452300698314	-0.00110672328822399115894163718122121252	-2.8382373745344522465274215242608843396861832595070E-11	-2.8382375411384177743327914315939725143284747825876302554903892713909038566550970E-11	1.666039655278053699073330881746422915230806302554903892713909038566550970E-18	-0x1.f37d7211f39bfp-36	-0x1.f32047d807fdap-36	-0x1.f37d85da2dfbcp-36	-0x1.f3203413170adp-36	true	true	true	true
209	D4	U07-0000000110_S08-0000000166	7	110	8	166	e1d903679e6c0205ac830702bc28d67f773450827d34b3263e01e4584d14802c	f893432605d4029d03454c10aca04a3db6ecf420899d3d985908f40acc58bb1b	710e80e4f7ae87ef2e56d405542f07b7c959dbb899f8a2338065a640772cff44	0	979	880bd6cdebcc9e462f7a7604237481e75f0e31993b570ed434be0950e5a9aaa4	e3b0c44298fc1c149afbf4c8996fb92427ae41e4649b934ca495991b7852b855	2.4075219770955385220623234943104762351140379905701	6.5851333557641641772151253064748743781819939613342	2.407521982069168321738406035592561238445341587066650390625	6.585133359839721221840047604700885131023824214935302734375	-18.445145876993357885413198278893986707069926399991	-18.445145829910892397615375849788921404843505735617458820576532787456640574600539	142.81221684906583160844484974373858178705118828125	54.353386698476287652780977375420903536176061360863	142.8122168490658316084448497437385817870511882812500000	54.353386067011761401679525252274150524571627730743607383704233522156268573724291	-0.00110672328822399115894163718122121252	-2.8376101402274831252282309491070645884583617727822E-11	-2.8376103067958393365697937102589545112869476331975348653587543708439582195670164E-11	1.665683562113415627611518899228285858604153348653587543708439582195670164E-18	-0x1.f36130a0a61bcp-36	-0x1.f3040a3f14061p-36	-0x1.f36144682cdddp-36	-0x1.f303f67ad5cf1p-36	true	true	true	true
210	D4	U07-0000000110_S08-0000000167	7	110	8	167	18ae4792bd7704d96cb7ee49f6176acb4a00f825180c2a550c2be986eff2e6bf	7800216ecf6c1edddab39e933b1bcee252b8cf2aa70270d3eed1388d426a68e2	efe07e83f052f586bceb8873a0dce6a47b7deabe8c1337ef9f5fad31e9708e70	0	975	f638bd2379e543de032c6d62f00d540b9468f9d21437c53b8990f4fbb8f243b6	e3b0c44298fc1c149afbf4c8996fb92427ae41e4649b934ca495991b7852b855	2.4075247387213929914362431361496419413015246391296	6.5851360727982941531410965296799986390396952629089	2.407524743694760667456211677972532925195991992950439453125	6.585136076873623421634729169227284728549420833587646484375	-18.445281580588952989207230761410053941020769742133	-18.445281533506311379532294126256315256951311996073569294195855504326797632192968	142.79998285913687663017544655533798164530607841797	54.353368819727720795733307545949526124601801635856	142.7999828591368766301754465553379816453060784179687500	54.353368188249833164540419857336167710586899701679176616726990569782742954825586	-0.00110672328822399115894163718122121252	-2.8369829751217526792803619076465791512012940513387E-11	-2.8369831416545020530209743533419059090092287325230166398718034953932728866836600E-11	1.665327493737406124456953267578079346811843166398718034953932728866836600E-18	-0x1.f344eff76cbdcp-36	-0x1.f2e7cd76a5f01p-36	-0x1.f34503bdedd4cp-36	-0x1.f2e7b9b36d58cp-36	true	true	true	true
211	D4	U07-0000000110_S08-0000000168	7	110	8	168	17e2c0419bc2b99536eac5578d577bebb8e489fb38730c6f77a20001ac0e6bae	4554df0ed83f7633e05024d7c9d9ad71e121016bee1b1baf585e7b613b808d2d	569471a29e843f0d0fc0d5ca822d3e72f534895f40f84f4d75c520f2c9914d2a	0	979	3477fd5622806dc9e8f808c383767510921f12eb666ce38dced9c7c576bcad07	e3b0c44298fc1c149afbf4c8996fb92427ae41e4649b934ca495991b7852b855	2.4075274985439101757545010684680164558812975883484	6.5851387882635475864989693661755154607817530632019	2.4075275035170158703656806409298951621167361736297607421875	6.585138792338649217639190425188644439913332462310791015625	-18.445417288300483285520639846599382758566387993738	-18.445417241217665729340615127014746440466564633781743289450898665810898868472241	142.78774538842934398781364990387030613497869316406	54.353350323659187817186649807027795973888674413850	142.7877453884293439878136499038703061349786931640625000	54.353349692167956539572760517992610700846521320547481278076705952342521351414692	-0.00110672328822399115894163718122121252	-2.8363558792105834926814467113259227233223492735212E-11	-2.8363560457077285084744537191582156979233156294128121984911412746609444666743440E-11	1.664971450157930070078322929746009663558916121984911412746609444666743440E-18	-0x1.f328b01a45785p-36	-0x1.f2cb917a97f65p-36	-0x1.f328c3e07f8edp-36	-0x1.f2cb7db7a8393p-36	true	true	true	true
212	D4	U07-0000000110_S08-0000000169	7	110	8	169	62731f6cb106706d264d2b51934213dc0b5f352556afff26195f5e04bb5cad67	e06449169f01aa3ac3e788c390912f9a1b0e44feb4c7098675c33b2834ddb9cc	c21df80d070c733b02d9fb0b63b6d1f79b7c5f1b53f1fd6174fe5eb063f68566	0	1005	8069c66e2f8393eadee2ad53b1dc731d0d1dd1cead4180167019f3121da02b04	e3b0c44298fc1c149afbf4c8996fb92427ae41e4649b934ca495991b7852b855	2.4075302565628433418276621580389473820105195045471	6.5851415021597029461619676737882400630041956901550	2.40753026153568720768571864709883811883628368377685546875	6.5851415062345770891349960862726220511831343173980712890625	-18.445553000129535834753745572189408045602501551434	-18.445552953046542585076597045773994865872900155157865724369101102246596315618945	142.77550443694323368135945978933555525606903251953	54.353331210199130814353685219062835572663211352074	142.7755044369432336813594597893355552560690325195312500	54.353330578694574788945861433885446748193451531387865439663710199759575941401024	-0.00110672328822399115894163718122121252	-2.8357288524872979334931899887498706716066169663006E-11	-2.8357290189488407905175919361779785539450329896165339118484355857501178540933899E-11	1.664615428570244019474281078823384160233159339118484355857501178540933899E-18	-0x1.f30c7109e6399p-36	-0x1.f2af564a2f82ep-36	-0x1.f30c84cf774c6p-36	-0x1.f2af4287e6d17p-36	true	true	true	true
213	D4	U07-0000000110_S08-0000000170	7	110	8	170	4f35520195b537d21d910d4cefb17810c3664f439bdeebdd51caee8f2f0cd050	321777c419a76c7a552f2712b9b586b05ac893f240c9da10beca8bc5935522f4	5cee9a8f4aee44f3a19a470c0c582464ad0e209a9f1d6e4067f075f5f65854b6	0	998	39fe685da320462d690be106d8f1a8c6a1bddc139b032014475eb26a50cf4ca8	e3b0c44298fc1c149afbf4c8996fb92427ae41e4649b934ca495991b7852b855	2.4075330127779457911607607911719242110848426818848	6.5851442144865388259034055806750984629616141319275	2.40753301775052797051301922692800872027873992919921875	6.5851442185611856194871194247753010131418704986572265625	-18.445688716077698541169151082152384632633386791367	-18.445688668994529772758641679664005952957798219038002976124002721327941836725912	142.76326000467854571081287621173372900857709648438	54.353311479275973133430114929999696969768972023641	142.7632600046785457108128762117337290085770964843750000	54.353310847758110114243936443094017033454743930190414689368449228849906047494317	-0.00110672328822399115894163718122121252	-2.8351018949452170302024435148792500146683227866797E-11	-2.8351020613711602098155271514019199376273806961871517308361377282529860327350762E-11	1.664259431796130836365226699229590579095074517308361377282529860327350762E-18	-0x1.f2f032c58ec88p-36	-0x1.f2931be61bf71p-36	-0x1.f2f0468add565p-36	-0x1.f293082416e04p-36	true	true	true	true
214	D4	U07-0000000110_S08-0000000171	7	110	8	171	64741bceb6b864186f66a3f91eacdb363f111cdbb6b405a9ac5271c213f205db	32abe67c544830d0be865a471ab78a6e20ebaffd7b488fa5a2598248d6361921	7f4c1958b457ca185cfc4897f377b191e7731c7c4899c6f63afc79862520a1da	0	975	0d2e558fc637d9af7bd9e1a89e6eef247bc04ea5c332ff12225a79118acf9bc8	e3b0c44298fc1c149afbf4c8996fb92427ae41e4649b934ca495991b7852b855	2.4075357671889708252588313541764364344999194145203	6.5851469252438339097022179657869855873286724090576	2.4075357721612914742304045745413532131351530551910400390625	6.5851469293182534926744953196475762524642050266265869140625	-18.445824436146559893066694905566323275804969387014	-18.445824389063215780382344612368896482724242593722304417194555993231308053238095	142.75101209163528007617389917106482739250288505859	54.353291130818115510598728294619707365320504096236	142.7510120916352800761738991710648273925028850585937500	54.353290499286963261828587490155382139289820557956196443933135023233644297827062	-0.00110672328822399115894163718122121252	-2.8344750065776614112675613076132558336130419295751E-11	-2.8344751729680073956155174661201527510452857739654629802816057060307015349728972E-11	1.663903459843479561585068969174322438443903629802816057060307015349728972E-18	-0x1.f2d3f54d6e9f5p-36	-0x1.f276e24e2740fp-36	-0x1.f2d409127b6f8p-36	-0x1.f276ce8c6477fp-36	true	true	true	true
215	D4	U07-0000000110_S08-0000000172	7	110	8	172	f88b7062498e635aaf62696cc9b5ceb582e1a44314dbbac433e8c4ea63134a22	2d31b57e3d2f1631f23a9927a388c516662ca31e531b263ef8bf66cdcb942828	da74dbec045d5145ffce2ec72e265249e5273f57d56c7afbf68fbd9cfc39d3a9	0	978	b666b965db9f3327d01a252c5f6537cbca2c8d64803a7e52e6e516f11ddec4e6	e3b0c44298fc1c149afbf4c8996fb92427ae41e4649b934ca495991b7852b855	2.4075385197956717803213777528981154318898916244507	6.5851496344313669786818543627759936498478055000305	2.4075385247677310411595907879700462217442691326141357421875	6.5851496385055594932900202564951541717164218425750732421875	-18.445960160337709014718462053927561455647527345046	-18.445960113254189757895483012573917984524664151481305745838711454965703510881220	142.73876069781343677744252866732885040784639824219	54.353270164753936832176239928052025619017781323407	142.7387606978134367774425286673288504078463982421875000	54.353269533209513513124582163290965375026111015786697596301184403676532279370230	-0.00110672328822399115894163718122121252	-2.8338481873779511191084972199923573478123842593717E-11	-2.8338483537327022974333697637151914885903674524770968083264118416455411232811623E-11	1.663547511783248725437228341407779831931053968083264118416455411232811623E-18	-0x1.f2b7b8a1c29cep-36	-0x1.f25aa9820b36bp-36	-0x1.f2b7cc6652a31p-36	-0x1.f25a95c0c4bfep-36	true	true	true	true
216	D4	U07-0000000110_S08-0000000173	7	110	8	173	47b62fec77825583f4161100dffa855242f9045f2f32c14959855e8240e130fa	af9a1b3bdb2b0a7d9b5e9e8d199273d85bb1e2d6523a546d53a49190fb541282	bea684bec809b472f9f57a84296b8ee14f80ba35159a9531dae79a34153c0fe0	0	977	21312efb0da5d9c9c5b7966fbd456827a3d21f8933d6ca4b639d0b9d7b45ab20	e3b0c44298fc1c149afbf4c8996fb92427ae41e4649b934ca495991b7852b855	2.4075412705978020064256917009970493381842970848083	6.5851523420489169180491728639026405289769172668457	2.407541275569600021377869580874175881035625934600830078125	6.5851523461228825100099992795321668381802737712860107421875	-18.446095888652735718303716359105867488556978015732	-18.446095841569041543152938068167608935908155292237056839817077395721440771281488	142.72650582321301581461876470052579805460763603516	54.353248581011794894746910861542384195952218199550	142.7265058232130158146187647005257980546076360351562500	54.353247949454119059824785570409833011846473827302160815469740043560157632904599	-0.00110672328822399115894163718122121252	-2.8332214373394054243450879027993584027866410692051E-11	-2.8332216036585640930672273014479167421977342363378689771327388943919395519155003E-11	1.663191586687221393986485583394110931671327689771327388943919395519155003E-18	-0x1.f29b7cc21c136p-36	-0x1.f23e71822b532p-36	-0x1.f29b908656205p-36	-0x1.f23e5dc13a1d2p-36	true	true	true	true
217	D4	U07-0000000110_S08-0000000174	7	110	8	174	2c4ca9e9b5a1ea24d5adcffc05a01b8310257fd1e2c69a038cbb280e5a4b8914	3418ee2ae8ac1269657b0fbb3d77251fde8b53acac9d1d8cb7d07308126fa958	9b6bbfb46ee6847458c00fd3327652d5188ff4de4397e27f3452e517f7b778d7	0	985	9f6ec29e62cd9f3aba7a1e577f609ad1e4c7163424aa2c428b6b03a0fe4737ae	e3b0c44298fc1c149afbf4c8996fb92427ae41e4649b934ca495991b7852b855	2.4075440195951148536490649121333262883126735687256	6.5851550480962627240333340239430981455370783805847	2.40754402456665177190142657082105870358645915985107421875	6.585155052170001528655252087673943606205284595489501953125	-18.446231621093230555843753476671530009912569218653	-18.446231574009361609931516839977434725109511580728306078031759733247120727024163	142.71424746783401718770260727065567033278659843750	54.353226379520027165282179020176291300263564411285	142.7142474678340171877026072706556703327865984375000000	54.353225747949116224310473301341974530793606877859378339363357352720276541964877	-0.00110672328822399115894163718122121252	-2.8325947564553426402834566978107526609948615954617E-11	-2.8325949227389113776880556466219180267972541543355109802885758658625838253391247E-11	1.662835687374045989488111653658023925588738109802885758658625838253391247E-18	-0x1.f27f41aefdacdp-36	-0x1.f2223a4df97b7p-36	-0x1.f27f557288de2p-36	-0x1.f222268db78f3p-36	true	true	true	true
218	D4	U07-0000000110_S08-0000000175	7	110	8	175	4473544b11776a52b89358dd609565c20478fb2b2c7b7a4ff6469e0d30f18ce9	31acc96fcce48c9cc79d35fc99191a74734b4de46c80a1c4006f854d91f68867	a03bbf72c4850fe3d54b86983b585f64f3d05d7ae07d5a0d6fdf2f6dfa6f0fe7	0	986	e6b72d17d3f78d832138eceaba6e56eeebc3052f764990bf5bcb4609683faa4e	e3b0c44298fc1c149afbf4c8996fb92427ae41e4649b934ca495991b7852b855	2.4075467667873637137021525234104046830907464027405	6.5851577525731834691913313406530505744740366935730	2.407546771758639680971469942960538901388645172119140625	6.585157756646695635660559986490625306032598018646240234375	-18.446367357660784559376584075416552799444200083275	-18.446367310576741093884728372459269248873351373981550956161763768013704461961877	142.70198563167644089669405637771846724238328544922	54.353203560206946922156136602443698687323467930407	142.7019856316764408966940563777184672423832854492187500	54.353202928622819834845571887371680623419367551703852766610610688095487534411208	-0.00110672328822399115894163718122121252	-2.8319681447190810612138019669502039536468405602729E-11	-2.8319683109670620717894454674602365572157300729874080373315301297725862169101497E-11	1.662479810105756435005100326035688895127145080373315301297725862169101497E-18	-0x1.f263076785681p-36	-0x1.f20603e64fddbp-36	-0x1.f2631b2ae0abfp-36	-0x1.f205f0263cce4p-36	true	true	true	true
219	D4	U07-0000000111_S08-0000000163	7	111	8	163	379c2a42f1ca3c6b4479d771a3e86a9456959df63c286f330f019f120c719d66	682fe1a265a7dfd045a61010bfd1dbf6fa8fa0e68a9149063fd9fff1e1245281	bc0602a8aed0b1969acd071ec25b3aee31b88aeacf0dc9c1c9a016427dfd8418	0	989	af977ff91e631164228535e0d4200b6e92eb5afb7f0979dadb87625a8c765953	e3b0c44298fc1c149afbf4c8996fb92427ae41e4649b934ca495991b7852b855	2.4075254371869148836693419468701904406771063804626	6.5851356982191565983542069773193361470475792884827	2.40752544216098975093931500168764614500105381011962890625	6.5851357022950276799699853569336482905782759189605712890625	-18.444694299448032264756127641940631393380740257615	-18.444694252368081702295244713479586705176842460652077334478218825939539870586589	142.84773991809720066571462779581603468722170898438	54.356933792759171364551452257070913646371403047591	142.8477399180972006657146277958160346872217089843750000	54.356933161370453295336541114538432449233378484945557447387935769454622654583320	-0.00110672328822399115894163718122121252	-2.8394126760747234528736599534103490678560282698227E-11	-2.8394128427356354380670971878085857833937761531346869215644412860166173416452666E-11	1.666609119851934372343982367155377478833119869215644412860166173416452666E-18	-0x1.f3b26421f6d22p-36	-0x1.f3553264578fbp-36	-0x1.f3b277eae9b82p-36	-0x1.f3551e9ead80bp-36	true	true	true	true
220	D4	U07-0000000111_S08-0000000164	7	111	8	164	06fe34a8680c7c5580decae367ef2e0e6c8894f6bba51c88c789b2880ab9ab5f	c1aa041f3aa9261e3a034733314252af3b7837be1c16a6f0cd23d162c42ffc19	5dec6030f31b5ac2ed4718a122775617e7f1326ea3b1968b20c660aafb2d43ff	0	987	2ab5f00e760661f515d4708fd4852ddaca4981fd07248965ec8e1219bb228302	e3b0c44298fc1c149afbf4c8996fb92427ae41e4649b934ca495991b7852b855	2.4075282046894302123707376495076459832489490509033	6.5851384203769345107581933973506238544359803199768	2.4075282096632424945481520950352205545641481876373291015625	6.58513842445257736868402531626998097635805606842041015625	-18.444829989698060131504943129260233370274755831275	-18.444829942617932831339159563308468453062405016936932125631860255021046119949192	142.83551643913815565012304066941952314312855712891	54.356917898366759439958694516680022226290868774337	142.8355164391381556501230406694195231431285571289062500	54.356917266964627435943973939563302086310287531282791168451090389585959391478053	-0.00110672328822399115894163718122121252	-2.8387853161462039750505988870890426255035231339718E-11	-2.8387854827715046230273899500960093936265447289213743248603800514124368353698031E-11	1.666253006479767910630069667681230215949495743248603800514124368353698031E-18	-0x1.f39621398ada7p-36	-0x1.f338f35d1482ap-36	-0x1.f3963501fb94ap-36	-0x1.f338df97ecf27p-36	true	true	true	true
221	D4	U07-0000000111_S08-0000000165	7	111	8	165	132bebe3dc3879472968c2ca04384db54218058f99f05636230e14c8654d3d4a	04399961bed08d4022f1a6d211b4647d043c00776e991d19b720a5335568393c	2da726898ca5cc2949fa1097f9d66aedeb73f9cdb6a1bc4ef3bfd44fc9dfb721	0	981	c1782e08b5ba20f09b16b840767eb0c8462fde54c20e138f06a8ef50c271c3c8	e3b0c44298fc1c149afbf4c8996fb92427ae41e4649b934ca495991b7852b855	2.4075309703892810303527127757661219220608472824097	6.5851411409662822804556014943955233320593833923340	2.4075309753628308696848936421019971021451056003570556640625	6.585141145041697063877705886625335551798343658447265625	-18.444965684057869862768414752285713663060651159986	-18.444965636977566078997340881674189532490761281003428039039784341989203810452620	142.82328947940053297043906007995593623045312988281	54.356901386894965629865507614884852905674788939147	142.8232894794005329704390600799559362304531298828125000	54.356900755479438545170921811964631713043211453086832098886038361856932710789483	-0.00110672328822399115894163718122121252	-2.8381580254322940486669156416839324537246145076579E-11	-2.8381581920219855554961592504634408396295012419227197968374771333997839436507547E-11	1.665896915068292436087795083859048867342648197968374771333997839436507547E-18	-0x1.f379df1da9169p-36	-0x1.f31cb521d7652p-36	-0x1.f379f2e5699c6p-36	-0x1.f31ca15d6227bp-36	true	true	true	true
222	D4	U07-0000000111_S08-0000000166	7	111	8	166	b6f4e399a56a977c26b677b763b555d7ef865e767d1291e0bc0b785220a4bd49	a9c7f2f0addc87295a3c445448cd5012d9f12793c864c936378f7cce8f3b73bb	7b3c7d41fc4d92589ccc87335bb9f2d2ed57985319eb01189d3d76003866a65d	0	982	a63eb6ea860b54724582a07e6b38f85397efc4cc426932e939e1c913ca0b611d	e3b0c44298fc1c149afbf4c8996fb92427ae41e4649b934ca495991b7852b855	2.4075337342862205280979992494394537061452865600586	6.58514385998697804325274773873388767242431640625	2.40753373925950807377116547058903961442410945892333984375	6.5851438640621648944184496343723367317579686641693115234375	-18.445101382529046422538860256811325319091454874664	-18.445101335448566356997638077535246790578826302505421283528373180246622454035333	142.81105903888433262666268602742527394919542724609	54.356884258272303591980121265297451585811162670150	142.8110590388843326266626860274252739491954272460937500	54.356883626843399520802580188641887336124977780688298889271101655493571125033940	-0.00110672328822399115894163718122121252	-2.8375308039263172709426430517474605833881925807473E-11	-2.8375309704804020213109885940243794358605805431127732323059392605870198264561861E-11	1.665540847503683455422769188524723879623654732323059392605870198264561861E-18	-0x1.f35d9dd1b4f89p-36	-0x1.f30077af1aae3p-36	-0x1.f35db1992e32dp-36	-0x1.f30063eaea106p-36	true	true	true	true
223	D4	U07-0000000111_S08-0000000167	7	111	8	167	2be9b909124b698cca2f18ceef4a1fb0972a40375e5f728e0b7b2751a6129377	4b3946d7b7e8ef14848c9b47ce51e4a8b6c0ce36ab179cc2687a44ae3376e75f	82eb80e49c9beb241eb9b35b9e21f0e9cd60638965ddc606439ad747808d845f	0	974	82f61f61db317f9c52ebb79706873b99a08047f1605165d17fdda045a9df479a	e3b0c44298fc1c149afbf4c8996fb92427ae41e4649b934ca495991b7852b855	2.4075364963800019377226924177648470504209399223328	6.5851465774388000251615693514395388774573802947998	2.407536501353027331984169023826325428672134876251220703125	6.585146581513759082848746828631192329339683055877685546875	-18.445237085113175358997341804164107044763216615308	-18.445237038032519187236657874949972215043808518142902643039658777831606701718126	142.79882511758955461879391851182753629935544921875	54.356866512427264417778188140201585311001868237856	142.7988251175895546187939185118275362993554492187500000	54.356865880985001079432406257674177820165457028601129509690163258145619043713425	-0.00110672328822399115894163718122121252	-2.8369036516215968317669503220867466163877499398677E-11	-2.8369038181400773050139406224856824450824686117379363372161958499994482710424713E-11	1.665184804732469903003989358286947186718702363372161958499994482710424713E-18	-0x1.f3415d4e48d47p-36	-0x1.f2e43b0c6fa5p-36	-0x1.f34171153df46p-36	-0x1.f2e42748c39cdp-36	true	true	true	true
224	D4	U07-0000000111_S08-0000000168	7	111	8	168	3cc8945b9a35d3e82df26d6fe89b9df0301dd753e39e5bfb5bfd7ec90d7c5b47	81811607b6e1c95c48a4ff718df0f73402ffe2cb46e59f05c1d4d3813d1039ae	28f744e00c55dd34d5dc5cb34c393b267223d11a67bbc5f66b8ba70718e4665a	0	982	b7d59016abc2a38eed2def8d731a07c1ab239d0417a8d41a1ea260e4c05bee5e	e3b0c44298fc1c149afbf4c8996fb92427ae41e4649b934ca495991b7852b855	2.4075392566703784844039937240722792921587824821472	6.5851492933215265493385182082874962361529469490051	2.407539261643141879909446601004674448631703853607177734375	6.5851492973962579557944962971305358223617076873779296875	-18.445372791811842856449145279478994058601223377133	-18.445372744731010779695328355378698659488578085780871577898394966220592766219490	142.78658771551619894683275753316272328093319580078	54.356848149288317392888793225124102373831789780090	142.7865877155161989468327575331627232809331958007812500	54.356847517832712901878996652329494643876176599489550200705602943749949827127086	-0.00110672328822399115894163718122121252	-2.8362765685114553275226305126139727260774521562209E-11	-2.8362767349943339100025473848310680636081091669477835581089340207576524177401196E-11	1.664828785824799168722170953375306570107268835581089340207576524177401196E-18	-0x1.f3251d97141afp-36	-0x1.f2c7ff3600d92p-36	-0x1.f325315d01c41p-36	-0x1.f2c7eb735cce2p-36	true	true	true	true
225	D4	U07-0000000111_S08-0000000169	7	111	8	169	49af4db625b356b569df465d0919f7825d3e4666a052ef6ba0c3177b1ba061cb	fba64bf750d82643f2090dea031c2c5bb0e77f03d274522855c0c6d07825386c	2fc3b4d6eb6686acbff80956ac34118e12c8b234e7b3adda04ebf480e9239dd0	0	969	fe6187e2005f16740c33f670ae5577868df4ac440748a882c7f3fbf228707115	e3b0c44298fc1c149afbf4c8996fb92427ae41e4649b934ca495991b7852b855	2.4075420151571034349524680351350980345159769058228	6.5851520076349360430234547436612047022208571434021	2.4075420201296049739492222130365917109884321689605712890625	6.585152011709439943965005426207426353357732295989990234375	-18.445508502626635787259181596598276408861344786626	-18.445508455545628032414126848436779758833843573622663056624610691283245132235249	142.77434683266426561077920309143083489392866699219	54.356829168783910757468171754033765186253402618170	142.7743468326642656107792030914308348939286669921875000	54.356828537314983623488909463141550309925327552834569991198489825518405931371903	-0.00110672328822399115894163718122121252	-2.8356495545892145751588527508357841019372930603961E-11	-2.8356497210364935603232003940250243021300888851873509197146461650361779187562173E-11	1.664472789851643476431892402001927958247912509197146461650361779187562173E-18	-0x1.f308deac4cb73p-36	-0x1.f2abc42b8f7d1p-36	-0x1.f308f271c2711p-36	-0x1.f2abb06962e4ap-36	true	true	true	true
226	D4	U07-0000000111_S08-0000000170	7	111	8	170	403a3e42fc036c1c9d85e196371a368c9706a9591ccd6f76a756515fc9394585	ccfe48420bd72e2974c8650d2ae66fcd7f5107389d7f920420c65428db5dc4ab	f82a01996bb9bc882018dffc4d8e3ce62c0500af1b49eb6db299fb93258c2602	0	980	6038f4563ef1f1224b642ac8ffd4d5c77ae871b4ea2b6b82f1b7ba301ee4e046	e3b0c44298fc1c149afbf4c8996fb92427ae41e4649b934ca495991b7852b855	2.4075447718399300561786802177266508806496858596802	6.5851547203788070375396479505525348940864205360413	2.407544776812169884383507678649039007723331451416015625	6.5851547244530835682752023529928919742815196514129638671875	-18.445644217559141711827139898039326624410295843509	-18.445644170477958427547894889625497927766354427137781942610914889581540228917871	142.76210246903375461063325518663187113834186279297	54.356809570842471696496113606850116839247218719251	142.7621024690337546106332551866318711383418627929687500	54.356808939360239284304490271272888839358086305698353700297320175535319728884209	-0.00110672328822399115894163718122121252	-2.8350226098481956139836831190460280571737271775088E-11	-2.8350227762598775774068080873057772493462965146472556910537385324360840940329054E-11	1.664116819634231249682597491921725693371384556910537385324360840940329054E-18	-0x1.f2eca08dd20fcp-36	-0x1.f28f89ed2fbefp-36	-0x1.f2ecb452f042cp-36	-0x1.f28f762b5b991p-36	true	true	true	true
227	D4	U07-0000000111_S08-0000000171	7	111	8	171	9bba1ffc4b2ced104e2080ebe06c568d2c86bc221d013273aa5bea9ee4f49e2e	ab298b8e1be372d1ab49c6712d92533a149f18545413f0f6d934d5243fcd93ed	b402c886690ca256dc588e69b15d17282026b4f475761ff3fe076759d559716c	0	972	3afffd1b566285e1c27d261a8c8d0b252dbc196081c2d67d30d45548023370bf	e3b0c44298fc1c149afbf4c8996fb92427ae41e4649b934ca495991b7852b855	2.4075475267186116357098768503419705666601657867432	6.5851574315529181613548814766545547172427177429199	2.407547531690589902308996528290663263760507106781005859375	6.5851574356269674641317646290872289682738482952117919921875	-18.445779936610948826602398140173253694454658166196	-18.445779889529590213201517090266772217937003399674409679754127548127548702298197	142.74985462462466594639491381876583201417278320312	54.356789355392405560002756763809336254409424857297	142.7498546246246659463949138187658320141727832031250000	54.356788723896886014586149355238879923446982691474028283770178884757129839019377	-0.00110672328822399115894163718122121252	-2.8343957342817188948857812361778923035771573344406E-11	-2.8343959006578062254401104456817210140871005778027713962599396490448746565936543E-11	1.663760873305543292095038287105099432433621713962599396490448746565936543E-18	-0x1.f2d0633b6ed49p-36	-0x1.f273507b10333p-36	-0x1.f2d077004d163p-36	-0x1.f2733cb97b3a9p-36	true	true	true	true
228	D4	U07-0000000111_S08-0000000172	7	111	8	172	60478ffe8e67aefb21ccf16052ca9e61944d25a2e20d5dfc924772a5a99d92f9	92b22562cfbf5cbcefaa37d943926c4347dc7130c3a5b944833f3b2814e37cd4	e8de768e2fa5e1232f10e827b344d6175070d43bac33bc11be08163b33b6f158	0	978	7d7df5a1cc701f53c3db872ff472ab22e042227fd5238c891e08e9cd140fa4af	e3b0c44298fc1c149afbf4c8996fb92427ae41e4649b934ca495991b7852b855	2.4075502797929014819899862231977749615907669067383	6.5851601411570481331425597204543009866029024124146	2.4075502847646183361696170521781823481433093547821044921875	6.58516014523087035714699055688470252789556980133056640625	-18.445915659783645912098865061928256148380863050462	-18.445915612702112221544333905276518935238764585848114697195960451843028779138543	142.73760329943699961806417898783271752142142822266	54.356768522362095083296296662956697847963216273131	142.7376032994369996180641789878327175214214282226562500	54.356767890853307329870712649170566485452814108540067823046321001368757956916180	-0.00110672328822399115894163718122121252	-2.8337689278831044693062016421930926149666828977845E-11	-2.8337690942235993693277263441801392654517728165702335624948596801469436810046289E-11	1.663404949000215247019870466504850899187857335624948596801469436810046289E-18	-0x1.f2b426b5bbdebp-36	-0x1.f25717d48bf89p-36	-0x1.f2b43a79e41c4p-36	-0x1.f2570413ac5a1p-36	true	true	true	true
229	D4	U07-0000000111_S08-0000000173	7	111	8	173	dd2a4cd0d32a7838fe742bfb7e9203444ee547e533c59c9ccc2d53a8ea067162	46b1b6fefbf6129621f7dc1d658b14b2340449facd0de0523b1da52ec8df8062	1893ae8a24e36fa1bd61aafbf38d65360064b1578f7abb60a73755275e214dc9	0	977	4bed6b6d189e897cd2ab27471e544aa711c969135020797e43b8f42561f7b725	e3b0c44298fc1c149afbf4c8996fb92427ae41e4649b934ca495991b7852b855	2.4075530310625529242796183382324670674279332160950	6.5851628491909758034150712546761496923863887786865	2.4075530360340085082870853483427708852104842662811279296875	6.5851628532645710804860339493416176992468535900115966796875	-18.446051387078822644630922008632605511984956287989	-18.446051339997113998685500030172265332114914679688617434400659745545223833968037	142.72534849347075562564105069383252766008779785156	54.356747071679904997615915274915722381558463166651	142.7253484934707556256410506938325276600877978515625000	54.356746440157866046412149758604565834053394103864663758423838739036142745472410	-0.00110672328822399115894163718122121252	-2.8331421906456708665309066850302979419454238752715E-11	-2.8331423569505760076993371716080990429427572933929920841202554200215411409824089E-11	1.663049051411684304865778011009973334181214920841202554200215411409824089E-18	-0x1.f297eafbbbafbp-36	-0x1.f23adffa94a9dp-36	-0x1.f297febfad6cdp-36	-0x1.f23acc39ec5b1p-36	true	true	true	true
230	D4	U07-0000000111_S08-0000000174	7	111	8	174	733b22ee6dae9b5dbfe998cbd6e67be9c9880ebd3a8fa0e7c8039ee7d434e50b	d879f4b6b3b91ec1b215536285a76ecda6c508bb53a76a46fabe10a77b3a4a2c	b63b56d2aa4e5742398a4844c0703fc2fbcd4785a35b93dfb3d8b85894c8bbfd	0	976	382292cb0d05de35ef5bb355edfd9bcbd10d585953cc6c18f07d377c022b5a76	e3b0c44298fc1c149afbf4c8996fb92427ae41e4649b934ca495991b7852b855	2.4075557805273192987782771012916782638058066368103	6.5851655556544800851348497872095322236418724060059	2.4075557854985137652692461784909028210677206516265869140625	6.58516555972784856098911632216186262667179107666015625	-18.446187118498069076686603053477477055897588479117	-18.446187071416185700728508960172055882794314845831447017467823215160312518752051	142.71309020672593396912552893676526243017189208984	54.356725003274174319784754569660308641829579218442	142.7130902067259339691255289367652624301718920898437500	54.356724371738902731330866821833810916996887873415711455098987306798323414760843	-0.00110672328822399115894163718122121252	-2.8325155225627369693654239566057574280615065876501E-11	-2.8325156888320546494136049029238229178044107540510706927383140181637717952833816E-11	1.662693176800481809463180654897429041664009706927383140181637717952833816E-18	-0x1.f27bb00dfc6adp-36	-0x1.f21ea8ec95332p-36	-0x1.f27bc3d1a234dp-36	-0x1.f21e952c386cp-36	true	true	true	true
231	D4	U07-0000000111_S08-0000000175	7	111	8	175	aee182a7ea0f2ccb4056eb677c4c03f29ccbfc91842bfcb46f68068cbc2d8c66	c567434a63044cb011b06f23210191a115318f87e30758be8edbc1b3d73f97ca	914b9d9835435d3a94f7eb95f8fbfbfba484ffd0f657e72c40073177a3159eac	0	979	737b43099e67b4cf36205e72d5fbda5d1bd7885bcf66aa023a641ededb5c8733	e3b0c44298fc1c149afbf4c8996fb92427ae41e4649b934ca495991b7852b855	2.4075585281869539694410420338499534409493207931519	6.5851682605473400161644192962739907670766115188599	2.4075585331578874641322851601898946682922542095184326171875	6.5851682646204818365187616535649794968776404857635498046875	-18.446322854042976104543891502612979966044853288218	-18.446322806960918223646397036817701976364444938499961835182428010230167757061540	142.70082843920253464851761371663092183167371093750	54.356702317073223273034273015195536686815415775168	142.7008284392025346485176137166309218316737109375000000	54.356701685524737618032494817922194138562263126636928012674264691695675539848983	-0.00110672328822399115894163718122121252	-2.8318889236276203293014268571823593147017714382418E-11	-2.8318890898613528468748790279551164014344465627842983254308035551890254500739638E-11	1.662337325175734521707727570867326751245424983254308035551890254500739638E-18	-0x1.f25f75ec7351dp-36	-0x1.f20272aa8c15p-36	-0x1.f25f89afb8e2ep-36	-0x1.f2025eea90118p-36	true	true	true	true
232	D5	U08-0000000198_S09-0000000320	8	198	9	320	bbba612f7783f57f47c3b60503d65655c0f694c35bccae475cd906e4c6eb2416	6335d6c90b2009bbcef27b063bd5d5c6c52b0c2c3095a5c6d4008d836f3c4a3c	bcb65ff9e59c9c6733bf299132fd6c32a837a737b7f09ca212980219697e49bf	0	975	54295e0d39d820fc4d35a58f05616129d294aa69396f679f6260822e335e0212	e3b0c44298fc1c149afbf4c8996fb92427ae41e4649b934ca495991b7852b855	2.4073724768970181514537998168634658213704824447632	6.5849982899093036300963710516498395008966326713562	2.4073724818761355857821282455688560730777680873870849609375	6.584998293990454686086533087063799030147492885589599609375	-18.444798818174425108159945199263191598563218171460	-18.444798771070732125103490498818452107905253837455759717133582805762238396868753	142.90163088317189602710525928226902612541342875977	54.314138769706819357895323681742250023579933167621	142.901630883171896027105259282269026125413428759765625000	54.314138137925299003490172030829078264437756173750481721843799617257693019954983	-0.00110672328822399115894163718122121252	-2.8424248402575653040284182130884897318098459581072E-11	-2.8424250072093347892924009593371424717788364128687872550878715030793203465958520E-11	1.669517694852639827462486527399689904547615872550878715030793203465958520E-18	-0x1.f4224bd575547p-36	-0x1.f3f497a4b7cc7p-36	-0x1.f42250a458feap-36	-0x1.f3f492d635d32p-36	true	true	true	true
233	D5	U08-0000000198_S09-0000000321	8	198	9	321	e58b04da819a19750b12de263bd0511926c801ccb5a3f3dcb0655c50b12e4dfc	48a5ca95549b5c9f0afd080d30302c8554ec00c41ede3adf3083f8b31830ec8b	95c00b19a73b30c11cc95dc7735b40024e4e55ab663758a07a0a0f4b31290093	0	990	59abf2044aadc8ba489d64fe0e89a471ca1a62ac7e6d5429ba8f8e31f08be59e	e3b0c44298fc1c149afbf4c8996fb92427ae41e4649b934ca495991b7852b855	2.4073738609347102856972355766629334539175033569336	6.5849996511687011943592118257129186531528830528259	2.4073738659136963147222587622309220023453235626220703125	6.58499965524973800146124602861164021305739879608154296875	-18.444866662272355855869152515239842927237478105130	-18.444866615168574067837282546842392661624225082048216347327653970162841612552282	142.89552481467055048776726078352061948546690227051	54.314131088863361668245128639896381019846537819810	142.895524814670550487767260783520619485466902270507812500	54.314130457075089697575161909057312552028039882420984188188142322263810587684233	-0.00110672328822399115894163718122121252	-2.8421109607444834918337072805897051810956863769607E-11	-2.8421111276784274114300378024534470919250153798431148352418971896696714230539815E-11	1.669339439195963305218637419108293290028824148352418971896696714230539815E-18	-0x1.f41428919a3bfp-36	-0x1.f3e67556d5a6bp-36	-0x1.f4142d606675fp-36	-0x1.f3e670886b0ebp-36	true	true	true	true
234	D5	U08-0000000199_S09-0000000320	8	199	9	320	54ae9873ca32b1ae565de0aee1a649084eea3197dacee8b0daacfe470b03ebcd	a64b48964b52437a2edbf1123a259a86d933414fa8b24724fef7d6c7f456e5e0	43c8927c98758a1d67dcb194900dd4f1558e30b1ce95cb70becebd2a5507dfac	0	978	9c0392d9ac8870c1150cf3a57a9a73ca939b9e93d54808825b9129e6766d4c3a	e3b0c44298fc1c149afbf4c8996fb92427ae41e4649b934ca495991b7852b855	2.4073783510022627590840826883322733920067548751831	6.5850035328485078955917941812003846280276775360107	2.4073783559812093439667091132605492020957171916961669921875	6.5850035369294735963785480947763062431477010250091552734375	-18.444776532056880515942500358871850003240786733213	-18.444776484954179989691818867257005704259989536167480876661451236007456852048892	142.90105174123084199878631156885548981059944074707	54.315887758874950147451459189839102403407288270422	142.901051741230841998786311568855489810599440747070312500	54.315887127111259585327860843723935877900253333372649539009429497014962021461424	-0.00110672328822399115894163718122121252	-2.8423851390673041645839185035353034740887450122420E-11	-2.8423853060119231577566242850015936206622406119841679909699773103816165764607434E-11	1.669446189931727057814662901465734955997421679909699773103816165764607434E-18	-0x1.f4208214d4058p-36	-0x1.f3f2cdf2d71c6p-36	-0x1.f42086e3988ccp-36	-0x1.f3f2c9247412ep-36	true	true	true	true
235	D5	U08-0000000199_S09-0000000321	8	199	9	321	2c815955b74362b91c29229d686dc4e1fa68f00349771aa4501074ce0d1e31a8	9aa4ddaff2505841b5deb21a5a88498ae877b5ce06d82fb402471bc340cd7d71	723bcc85d2cd8bc9958da3eb2e59fb7ff41eda1897a5ddcbffe06f9896c10ee9	0	981	501bef23c0566450ef55c0d9847bd2ed4ce6bcd6aba2cc8f4d1b837b045c5703	e3b0c44298fc1c149afbf4c8996fb92427ae41e4649b934ca495991b7852b855	2.4073797351569229119316872811396024189889430999756	6.5850048942123752121480251275897899176925420761108	2.4073797401357380811026676070696339593268930912017822265625	6.5850048982932266640466512086504735634662210941314697265625	-18.444844375902613584723076171713167825324023409834	-18.444844328799824291909838368855976581956063671253371130137568733565014092245119	142.89494568988804070204847198830779879362919721680	54.315880111236646738321705291887106184245703301466	142.894945689888040702048471988307798793629197216796875000	54.315879479466205619965695330015661585651212386413997299694946562939165858751874	-0.00110672328822399115894163718122121252	-2.8420712627537456005140700900641480339394344043909E-11	-2.8420714296805395428693515757016447353752883818806676963904670094166741318311707E-11	1.669267939423552814856374967014358539774897676963904670094166741318311707E-18	-0x1.f4125eda55e63p-36	-0x1.f3e4abae7adfcp-36	-0x1.f41263a91ae82p-36	-0x1.f3e4a6e017925p-36	true	true	true	true
236	D5	U08-0000000200_S09-0000000320	8	200	9	320	7b2f459f50a5c6983e66072b3f4570603a6a57b5b952ea48717d23c413ae50ff	84ccc389c6f3aaafde708af4a6b05530577e9636b780391eda7ffc8462e39d66	561a4fb4bd54c2eb3a90dd01e1f751999e0998356d42bdae14562286ad195968	0	970	b91f5a3da0a6f57ee0daf239bab23f3c41355d6af3c913f23b6d1d9bc95d6b2b	e3b0c44298fc1c149afbf4c8996fb92427ae41e4649b934ca495991b7852b855	2.4073842252390527801653163919581857044249773025513	6.5850087761299016461680189138405694393441081047058	2.4073842302178285086633469092021186952479183673858642578125	6.5850087802106820090985994653465240844525396823883056640625	-18.444754247768267151613968203549507261272101790630	-18.444754200666559122240408863766259240236257047822254780600559236692424331599241	142.90047260026233151415979339360490728311947753906	54.317636720880882640632307682745662215569458504304	142.900472600262331514159793393604907283119477539062500000	54.317636089135021258211820773150976839634573535727873195541458026034866864883134	-0.00110672328822399115894163718122121252	-2.8423454375742354699810110180487571883698503229207E-11	-2.8423456045117041512214926818151319141533061482115283482748802920340123959932417E-11	1.669374686812404816637663747257834558252908283482748802920340123959932417E-18	-0x1.f41eb8531a1c2p-36	-0x1.f3f1044043d8cp-36	-0x1.f41ebd21f8665p-36	-0x1.f3f0ff71c8b9p-36	true	true	true	true
237	D5	U08-0000000200_S09-0000000321	8	200	9	321	cfb292ad50146ab82344195dbd8b6a37c15969aa4973decc1fe15fb4d89fcc08	972b50c8edbec41dbd7430bd42d128e125f9ae2bf1d51bc6fc6f744ee608708f	3aa12870a6b245f9c495f8ad9ba1b6b77d650d923210953ab11afe4f9ad2273b	0	973	d9aa2d262af741c487a23dfbfda886e02d32768bdd7cd20da0aaaa81e2afe331	e3b0c44298fc1c149afbf4c8996fb92427ae41e4649b934ca495991b7852b855	2.4073856095106863084431836341536836698651313781738	6.5850101375982521487162379969504399923607707023621	2.407385614489330617760121100445758202113211154937744140625	6.5850101416789182558197968120339282904751598834991455078125	-18.444822091361872142861345573828515727788234466626	-18.444822044260075333308226726946778356747840356741880491496530518938554156364748	142.89436656607807446002211273125793188912551696777	54.317629106446793835748253122664360513063789204548	142.894366566078074460022112731257931889125516967773437500	54.317628474694182187770794029083292142455140751417388017258191775062386153701293	-0.00110672328822399115894163718122121252	-2.8420315644602305651708470175187331510158781940697E-11	-2.8420317313798748985675219545665081154059401817694848928547920473881893644296441E-11	1.669196443333966749370477749643900619876997848928547920473881893644296441E-18	-0x1.f4109522443d1p-36	-0x1.f3e2e20522166p-36	-0x1.f41099f0e9d4p-36	-0x1.f3e2dd36dfe3ap-36	true	true	true	true
238	D5	U08-0000000201_S09-0000000320	8	201	9	320	893271b2d69cc46a044a98b01b183ee89a4e89c64335d541cfb4f2c947fb93eb	2707b311e9418a084bc546240657a709a71e15f161f360daa46a1c4577a10ec8	d89741f1a3ceba75a9ea32a21801838a9745fd8b5cea947825aa2a6cbd2b806c	0	982	954f7bf0152f2b94d24615c1ced5d37922eeace0d1e9dae719d92dae4ae9bc00	e3b0c44298fc1c149afbf4c8996fb92427ae41e4649b934ca495991b7852b855	2.4073900996073941960240460957720642909407615661621	6.5850140197534614699970134665818477515131235122681	2.407390104585999064668033753378040273673832416534423828125	6.585014023834056505479761511878677993081510066986083984375	-18.444731965308446582652820327015900371603405025948	-18.444731918207731038006256567551697763407719274311294651723730453327459369003210	142.89989346026636457322570475651727854297353913574	54.319385655726325183942920601265841280911597383205	142.899893460266364573225704756517278542973539135742187500	54.319385023998291594737612133466318649255338500596043915848585594521543830141893	-0.00110672328822399115894163718122121252	-2.8423057357783642581312594944474285512579716961080E-11	-2.8423059027086829965014468998463264243208473739048291371406029470436594141792255E-11	1.669303187383701874053988978730628756777968291371406029470436594141792255E-18	-0x1.f41cee908dd67p-36	-0x1.f3ef3a8cbb56p-36	-0x1.f41cf35f7050cp-36	-0x1.f3ef35be3bb6cp-36	true	true	true	true
239	D5	U08-0000000201_S09-0000000321	8	201	9	321	fd6f9fe6a660dfcbb38311c14fe8dd0a080be7def3fb7166ea4e14ea7e0a605e	447cc24df0c14fe61ec9c1d64f4d5f75a3e2071443613151e3fcc7b59dcc127b	23902b980a88ed072135b8083ee2c3cfc1f220165a4c070e6e833b24e2d9e218	0	968	fea1cafddbf6b5e84fd89360a7ed7ebfd6c0f0d783f88fade109bec7d10f9a9f	e3b0c44298fc1c149afbf4c8996fb92427ae41e4649b934ca495991b7852b855	2.4073914839960064565582698037360387388616800308228	6.5850153813263085922358186508063226938247680664062	2.407391488974479902551717458436542074196040630340576171875	6.58501538540678936495265105577345821075141429901123046875	-18.444799808649993099734727226396813354680698310140	-18.444799761549188761219376087550793785804612785801359216421337603351924443459132	142.89378744324065176168818301237101877195586152344	54.319378074495511542649512766269533874686537122708	142.893787443240651761688183012371018771955861523437500000	54.319377442760727976696375632262388886104601232624102319393717635683271614385426	-0.00110672328822399115894163718122121252	-2.8419918658639433888221745048809177548078150148605E-11	-2.8419920327764384825945975699785003336169223692255865823519485167232095933263415E-11	1.669124950937724230650975825788091073543650865823519485167232095933263415E-18	-0x1.f40ecb691c1a8p-36	-0x1.f3e1185b1933ap-36	-0x1.f40ed037d5d99p-36	-0x1.f3e1138cc191fp-36	true	true	true	true
240	D5	U08-0000000202_S09-0000000320	8	202	9	320	5d6c9934a36f6f439fb23c3f682f8f9fa10efda49811cd466bba1f67f244f3d7	92482efd3633e0c966cbd5a360bf4187f1f1b2a59d0555a5bbebc4b1b9b9c51c	54782c310add7cc280ce133819d637c1a186e92d062bae5bce8e6541e26d511e	0	974	232dc3189ba5f8a649e53b2e7b8e4c0926cb2d003d3ebc352d96af1c2451bd49	e3b0c44298fc1c149afbf4c8996fb92427ae41e4649b934ca495991b7852b855	2.4073959741072929879868169678047706838697195053101	6.5850192637191639621896399603429017588496208190918	2.407395979085726993307314813819175469689071178436279296875	6.58501926779957368063289635529145016334950923919677734375	-18.444709684677280425111481054886549797004421591445	-18.444709637577557352775931588437839017719495483866161404837290238551344532343723	142.89931432124294117598404565759260359016162553711	54.321134563412986322028844448698926156450977904384	142.899314321242941175984045657592603590161625537109375000	54.321133931702779133077890854347101978616666670710232923595136878736029611080797	-0.00110672328822399115894163718122121252	-2.8422660336796954693473365985942808811204741882343E-11	-2.8422662006028646349696704525869133393611696708063477614608180626151119658343378E-11	1.669231691656223338539926324582406954825720477614608180626151119658343378E-18	-0x1.f41b24cf346a3p-36	-0x1.f3ed70d6379ep-36	-0x1.f41b299dd9329p-36	-0x1.f3ed6c07f4747p-36	true	true	true	true
241	D5	U08-0000000202_S09-0000000321	8	202	9	321	2c4f45fadbff98b2d6c9d0b232d8ef7029da46eb231f43e113033dd5aa116726	9ea3f43e31bf6049c451a03820810c623868beb970d4a603cec5becbc09ec569	d335f6b4b20fb9bca63f73e93652c71fcf4a5bd289314a269b49e9fd2cc7f3bc	0	976	a98816b927798600083ab3472749d8c07b9423575cfd91cfcae9e39ee4e32d58	e3b0c44298fc1c149afbf4c8996fb92427ae41e4649b934ca495991b7852b855	2.4073973586128893514812787657319859135895967483521	6.5850206253965211308787353061688918387517333030701	2.4073973635911919237428957529800754855386912822723388671875	6.58502062947681658655607606078774551860988140106201171875	-18.444777527766838021409112643495945721542679740542	-18.444777480667026193401259742202936081940068515526646819176402426079484071071107	142.89320832137577260704668283164705944212023088379	54.321127015384507871398383869503960605876500962240	142.893208321375772607046682831647059442120230883789062500	54.321126383667551760551441695795419113193205961159476669174378335148164517542105	-0.00110672328822399115894163718122121252	-2.8419521669648891647435668512947722266698180467373E-11	-2.8419523338702352014493181849010138626298679914625492476191386624111224816162294E-11	1.669053460367057513336062416359600499447252492476191386624111224816162294E-18	-0x1.f40d01b101f9dp-36	-0x1.f3df4eae388a4p-36	-0x1.f40d067fab8fdp-36	-0x1.f3df49dff0dfcp-36	true	true	true	true
242	D5	U08-0000000203_S09-0000000320	8	203	9	320	de90d3348f770901c6f925d23124731074dee0151f1a081cb0be6c071daf25ef	c0dca325c7e67200dca6cb7c1ae9e2638db6f040d93d239a47e5243abe85ac83	606fffee468276c1f3aa5c4cc55be4957a2718a89f55c6c43ffa607fc83beaa2	0	974	292fa50214dc1fadf01277452ece962147301590a2f0b53b4e0d5b133ab602b5	e3b0c44298fc1c149afbf4c8996fb92427ae41e4649b934ca495991b7852b855	2.4074018487387551512579619839016231708228588104248	6.5850245080269857039789727082279569003731012344360	2.407401853717018279377182210510000004433095455169677734375	6.585024512107210126199419164549908600747585296630859375	-18.444687405874630187740982332931930428719665152819	-18.444687358775899652969962132022932192038010062476624287175208908936989900718615	142.89873518319206132243481609683088242468373674316	54.322883443942572493986750600310693640856975466964	142.898735183192061322434816096830882424683736743164062500	54.322882812250191457832682415949388684893610491750335890054333695631488250999173	-0.00110672328822399115894163718122121252	-2.8422263312782345099076788752298401329568939944945E-11	-2.8422264981942541921825935099763492262068213943245994964639284761750536624229415E-11	1.669160196822749146347465090932499273998300994964639284761750536624229415E-18	-0x1.f4195b0ad9bep-36	-0x1.f3eba720e9dbdp-36	-0x1.f4195fd98739ep-36	-0x1.f3eba2529e326p-36	true	true	true	true
243	D5	U08-0000000203_S09-0000000321	8	203	9	321	cdc6fb5da1556f5512a4a4292a96675e25d5df56ef5fed7a6d7fbfe99f51050c	0bc58d45691eb19cc0ad4e47a13949d57872be7b574e65affb54596b406531d8	2d2d640e44cfe06ab56a954d1a83590009c367908bc1bfaa450da216011abf02	0	1006	cee5a676d62ee42261e30f4706ab4d57d73e03885934cb7cd7b88f01b0b3f791	e3b0c44298fc1c149afbf4c8996fb92427ae41e4649b934ca495991b7852b855	2.4074032333613409745387556881723867263644933700562	6.5850258698088663528169561800496012438088655471802	2.4074032383394726626602011521072199684567749500274658203125	6.5850258738889765053325930921346298418939113616943359375	-18.444755248712268470565944345514294305771617935471	-18.444755201613449166286906804979305684053168329545723049391297138743828707161865	142.89262920048343699609761218908605389961862504883	54.322875929115490264500561792202042343596292347473	142.892629200483436996097612189086053899618625048828125000	54.322875297416360591575997242191069759554766177546862725117602926882900067030589	-0.00110672328822399115894163718122121252	-2.8419124677630730764535195518372954846375952193264E-11	-2.8419126346612703336405794831844383485874599586033727430992183935570614817655159E-11	1.668981972571870599313471428639498647392769727430992183935570614817655159E-18	-0x1.f40b37f62623fp-36	-0x1.f3dd85024f875p-36	-0x1.f40b3cc4cf51dp-36	-0x1.f3dd80340862bp-36	true	true	true	true
244	D5	U08-0000000204_S09-0000000320	8	204	9	320	2c0cc15262b7452fc08cdbe6cf6ab603af904c281b00f9e49185f4d77f746c7a	28c857294a6680d171f121f5f9b0a06a1363853c9e424eda5935c599ef01e94e	e4b74e62655c1bbf69285c58d9baf12c5b738a825b36b3d4af423285cf2cd7e7	0	976	5eac5437af218cfcbf4fd9ada665bb233ceb36600be071a6a50f31e681393eae	e3b0c44298fc1c149afbf4c8996fb92427ae41e4649b934ca495991b7852b855	2.4074077235017866671640263120934832841157913208008	6.5850297526769033043536616389701521256938576698303	2.4074077284798789076736280634349895990453660488128662109375	6.5850297567569424372901920605727354995906352996826171875	-18.444665128900357583743381636576176447005421823850	-18.444665081802619547601861242429236214767665247571475388130320330627321837892862	142.89815604611372501257801607423211504653987275391	54.324632297316792641025331864316715942544466156600	142.898156046113725012578016074232115046539872753906250000	54.324631665642235967789286386729249456944932964249245094139480245127332635135546	-0.00110672328822399115894163718122121252	-2.8421866285739861248733477375537407294519083103729E-11	-2.8421867954828567900055259301904227470283447431165216968281821442677075215013669E-11	1.669088706651321781926366820175764364327436216968281821442677075215013669E-18	-0x1.f4179145944c8p-36	-0x1.f3e9dd6abd759p-36	-0x1.f417961454194p-36	-0x1.f3e9d89c5f64bp-36	true	true	true	true
245	D5	U08-0000000204_S09-0000000321	8	204	9	321	d08b4c553b3dbea24296af6219ac5bc86e37e3facc02e603e4e5065f5eed0cc7	798acce5c57b860d29f1cec2bbe5ae87a6f477ca13a9bf472ed558e66c57b967	79d2e3dee2255276602e9fcde4d06a644d1215fb2eff344f2019e22ea788c77b	0	971	a41a112483f8192243a2a3e92c59270affbf3f0c6a7956a8e87aec19646e5e27	e3b0c44298fc1c149afbf4c8996fb92427ae41e4649b934ca495991b7852b855	2.4074091082413673139961396429953310871496796607971	6.5850311145633208601002372972743614809587597846985	2.4074091132193281110385196797096796217374503612518310546875	6.585031118643245716393064270732793374918401241302490234375	-18.444732971486146110420221761937152145403308504946	-18.444732924388319290860633177760288229486112727996329312183656697847098183251970	142.89205008056364492884097108468800214445104401855	54.324624815690167130752705201831347065137789145757	142.892050080563644928840971084688002144451044018554687500	54.324624184008862103950417701904058274068406382773102996251549847604531606956557	-0.00110672328822399115894163718122121252	-2.8418727682585000220118175588726842942570139624313E-11	-2.8418729351495489661553798214038397552829481022395018417315968580456707051750550E-11	1.668910489441435622625311554610259341398082018417315968580456707051750550E-18	-0x1.f4096e3a45c86p-36	-0x1.f3dbbb55a0f55p-36	-0x1.f409730909683p-36	-0x1.f3dbb6873f3d5p-36	true	true	true	true
246	D5	U08-0000000205_S09-0000000320	8	205	9	320	3b5878b427b76f2210674e6317e5fee78ac1f9762148607cdf95b71689d26312	9cb4d242c044ac872baaea77a1eeefd0d913a1fea448945811efd50a0d033d0e	47355d1e109cc87558d2328e620e3b715c3a647fbba558c5a12032c0a56d2856	0	975	c99fe0383bdb87de5e547bf601ee6e451a8018d8b0b991173f5f70f7accffc7e	e3b0c44298fc1c149afbf4c8996fb92427ae41e4649b934ca495991b7852b855	2.4074135983963935170315551204112125560641288757324	6.5850349976688933584245688734881696291267871856689	2.407413603374314862992644492578619974665343761444091796875	6.5850350017487472194244180201394556206651031970977783203125	-18.444642853754324219020495707280023365108941885765	-18.444642806657578720237602857144679467492913666050136947074977704515676743447085	142.89757691000793224641364558979630145573003356934	54.326381123537353598992566778668522230179725020563	142.897576910007932246413645589796301455730033569335937500	54.326380491880620644310402999622189489357905633380170456082282646066814338722362	-0.00110672328822399115894163718122121252	-2.8421469255669555252352905249175107183382880348377E-11	-2.8421470924686773587276528844235686613520970097947242947196981301922505859649879E-11	1.669017218334923623595060579430138089749570242947196981301922505859649879E-18	-0x1.f415c77f7b69p-36	-0x1.f3e813b39ace1p-36	-0x1.f415cc4e3a43bp-36	-0x1.f3e80ee53dbf8p-36	true	true	true	true
247	D5	U08-0000000205_S09-0000000321	8	205	9	321	baf0cdbfa80ef678bcdad3ba2afea8943b3775442017f9be5abdc84b7cb920b3	47cd615a83e06ff38033b0ef51393c2b294456570b9826fd3c9f587e07ad1075	bc9acd03a731191e08957a89f95c59662bb40f6e56cd7903ea671a58cf3b1f8a	0	987	4673bccd765ebe43869c307d7d195f6364d74cd2f834608de83f0faeb3968d1a	e3b0c44298fc1c149afbf4c8996fb92427ae41e4649b934ca495991b7852b855	2.4074149832529743511799757982316805282607674598694	6.5850363596598612409005468748546263668686151504517	2.4074149882307642467349495518647017888724803924560546875	6.5850363637396008252566925733617608784697949886322021484375	-18.444710696088332496886217079151010856021007149242	-18.444710648991498252659027303868376150256328310451284956023058360145888120581594	142.89147096161639640527675951845290417661748779297	54.326373675110244773208298426816973677481958494210	142.891470961616396405276759518452904176617487792968750000	54.326373043446764514465210984762064989886087506175006465295480784065046899182702	-0.00110672328822399115894163718122121252	-2.8418330684511753653690997686769076060293312840817E-11	-2.8418332353350759944311461027917813634298608258775920998391441069273537499883001E-11	1.668839006290620463341148737574005295417958920998391441069273537499883001E-18	-0x1.f407a47d9dd9ep-36	-0x1.f3d9f1a7f07c1p-36	-0x1.f407a94c62ca7p-36	-0x1.f3d9ecd98d9ffp-36	true	true	true	true
248	D5	U08-0000000206_S09-0000000320	8	206	9	320	5f4f9b0e7bf8813e743da55b009d2767368d4a2cec0846fc224adff00477d6c9	3581e6ea0217e3c5e7500892a9ae35fdf0ac7088add85353c372f9ba5297130d	53632c199ce3d33d26e6da96c23618f47d5615974a66313f8c6981a45be5e093	0	982	6831c1ad7885ae7975dfdb803aa825d67b58f46ee50a8ca6ae43c43818ea362f	e3b0c44298fc1c149afbf4c8996fb92427ae41e4649b934ca495991b7852b855	2.4074194734225816891259874807929008966311812400818	6.5850402430029324613025565327006916049867868423462	2.4074194784003321335996705698789810412563383579254150390625	6.58504024708260106424351221221513696946203708648681640625	-18.444620580436391696091457069337645087049466953385	-18.444620533340638747140316663254602454476593339818950967426407995119260648539987	142.89699777487468302394170464352344165225421918945	54.328129922605961633906634338026514860687846907267	142.896997774874683023941704643523441652254219189453125000	54.328129290967051362790917724688854386315806689788829612939887119372058237353146	-0.00110672328822399115894163718122121252	-2.8421072222571480121817657934479367124736501447526E-11	-2.8421073891517212945722537747518152556169975360229591615715433927287241147759210E-11	1.668945732823904879813038785431433473912703591615715433927287241147759210E-18	-0x1.f413fdb8689c7p-36	-0x1.f3e649fba781cp-36	-0x1.f41402873d165p-36	-0x1.f3e6452d361dfp-36	true	true	true	true
249	D5	U08-0000000206_S09-0000000321	8	206	9	321	17889dbd4628498682d812047164460628a1937867dbdda1c287b3b8ea24d381	121bd5cab73c35d3ee62a845a6d812f7e8fea2d704af314b0174db5ee6edded7	7bd28d15fde34fcb2559d74cc79b3b25cde12c8cc63677e47d9069e246a9e0ab	0	1003	00149e588b5727a2e1dbf575e637f96aca6f579da7af98699a46f09987889932	e3b0c44298fc1c149afbf4c8996fb92427ae41e4649b934ca495991b7852b855	2.4074208583961680674168093219122965820133686065674	6.5850416050984641111454287454307632287964224815369	2.4074208633737870614843767924639905686490237712860107421875	6.5850416091780184270343401209402145468629896640777587890625	-18.444688422518689390330790862663484843183043895129	-18.444688375422847655895116132813738750492144950218475389031738711726384515050013	142.89089184364169142540497749038075999611795637207	54.328122507377431998092322214252017978907988249083	142.890891843641691425404977490380759996117956372070312500	54.328121875731774318152430959897362903538345421669142911294634950080316551833815	-0.00110672328822399115894163718122121252	-2.8417933683411038092870367370854405837091131541835E-11	-2.8417935352178566858696763174080623459863780337488698806641261972081513591510586E-11	1.668767528765826395803226217622772648795653698806641261972081513591510586E-18	-0x1.f405dabfefe9ap-36	-0x1.f3d827f97c6bdp-36	-0x1.f405df8ed6ccp-36	-0x1.f3d8232af7f22p-36	true	true	true	true
250	D5	U08-0000000207_S09-0000000320	8	207	9	320	42e382c77829d25cb48765d634d2b3277b26b8a3298674b52f00ce7a9b6c4597	d3f355d4bbfb434ce7f79189231ba8b88b534c505c9af747016d974122600469	12c2706b9d7d9c577637364b5269c413eb163cd2f2efeefe8573319ed3954629	0	973	4f27c741df15dd26eb79397482c4027decd088070f722a542cde1eeba64e1f80	e3b0c44298fc1c149afbf4c8996fb92427ae41e4649b934ca495991b7852b855	2.4074253485803571717127624651766382157802581787109	6.5850454886789972289151684492480853805318474769592	2.407425353557936707760145367274162708781659603118896484375	6.5850454927584805876750184694401468732394278049468994140625	-18.444598308946421769970185404054552791496930227443	-18.444598261851661383044545144169134757931730392257638136321433486308773721094831	142.89641864071397734516219323541353563611242961426	54.329878694524324747194600549692398112078125401464	142.896418640713977345162193235413535636112429614257812500	54.329878062903236117977456318735752397857142377401548331103623075527112666648741	-0.00110672328822399115894163718122121252	-2.8420675186445684134747644385765285074818794229102E-11	-2.8420676855319934264164872845525791051921117288316485266263314305186798406628621E-11	1.668874250129417228459760505977102323059214485266263314305186798406628621E-18	-0x1.f41233f0ba998p-36	-0x1.f3e4804287b4dp-36	-0x1.f41238bf59803p-36	-0x1.f3e47b744b47fp-36	true	true	true	true
251	D5	U08-0000000207_S09-0000000321	8	207	9	321	bf562df8b83eae2a1bcec040ec5ec87995b9dc50d05c417fb66b45c09dd53531	f0e51c9b1fe247cf883c143291ecde8ee1255a2dd18226fe68adc31da7f94cb3	2f8135ef45866fb1ab3544e109f4ee62e18cb6fd14f48da30c786af2455d52b8	0	987	a386ff675499688d33585cf994e58151176bf5ee57f828ccd3daf9241e0c0dc2	e3b0c44298fc1c149afbf4c8996fb92427ae41e4649b934ca495991b7852b855	2.4074267336709544648498670937897259136661887168884	6.5850468508791060590068511260142258834093809127808	2.4074267386484025400827935214920216822065412998199462890625	6.58504685495847512377576293829406495206058025360107421875	-18.444666150777078339903198118995209230532567150511	-18.444666103682229153355763281189712624824541701511568974153719062434990423588347	142.89031272663952998922562500047156960295244975586	54.329871312493433969173078637543308270600046352858	142.890312726639529989225625000471569602952449755859375000	54.329870680865598208512016442794566494218900164000040187128330155037481400222300	-0.00110672328822399115894163718122121252	-2.8417536679282908980802229420498691418238472583882E-11	-2.8417538347978962102136256216872961176057280235019936851847871948263751160711712E-11	1.668696053121334026796374269757818807651137936851847871948263751160711712E-18	-0x1.f4041101c17p-36	-0x1.f3d65e49bff45p-36	-0x1.f40415d066892p-36	-0x1.f3d6597b7d315p-36	true	true	true	true
252	D5	U08-0000000208_S09-0000000320	8	208	9	320	0b64a45d85bbdb782c440e088533e93da30d800eb5cb5d2176a7b9becef49d45	32466b19263a16f91e3cdb09cd1e0cfff10307ccfd8e0a7b861aeba38d7491fd	d86f854e7f7b4e27040e3175874400fb40949649f94c6f32638ed4f7ae632efb	0	971	19821468fc5488dc0680d10d0c94df67c41bbe3514e079177a39a6c56c285d4c	e3b0c44298fc1c149afbf4c8996fb92427ae41e4649b934ca495991b7852b855	2.4074312238697259461184252415932860458269715309143	6.5850507346970642702510545518634899053722620010376	2.4074312288471345668006140527950265095569193363189697265625	6.58505073877636239176869281664039590395987033843994140625	-18.444576039284276140330577035203982934246462346311	-18.444575992190508275382982911539300156565516401443134537689721311190344911995313	142.89583950752581521007511136546658340730466484375	54.331627439294149602923654582714783702185771284014	142.895839507525815210075111365466583407304664843750000000	54.331626807690880798627357899407233844499573178156795974238038915013116034649721	-0.00110672328822399115894163718122121252	-2.8420278147292218348950543837865486167848669247572E-11	-2.8420279816094990490393254842713811782327691699000972710825792953484012226748604E-11	1.668802772141442711004848325614479022451428972710825792953484012226748604E-18	-0x1.f4106a27b6dc9p-36	-0x1.f3e2b688f3c54p-36	-0x1.f4106ef695ff9p-36	-0x1.f3e2b1ba766b5p-36	true	true	true	true
253	D5	U08-0000000208_S09-0000000321	8	208	9	321	bce3a886bf581e19618e676e4a7117e6d06a845de2f5e2d20a7c0ff8337caabc	479261cb846211cfd9f28b325641b7909a5ec0e145b4f9f2956066a1f4f20b7c	b3ea24d4299b546bbf5539a8e1762a142c9c587e67031c4d5f1c955029fe2c67	0	973	1603511234f592ee50ec5346a96f81587a467d4503708ede67089d530b296b1a	e3b0c44298fc1c149afbf4c8996fb92427ae41e4649b934ca495991b7852b855	2.4074326090773395109279064740803733002394437789917	6.5850520970017637004123578492453816579654812812805	2.4074326140546166673261918589332708506844937801361083984375	6.5850521010809475279390579061100652324967086315155029296875	-18.444643880863361099206733493192010385145478406928	-18.444643833769504472382012046703251815462471407515843762830003787152585693297887	142.88973361060991209673870204872533299712096794434	54.331620090459958353997486258859677297791034168086	142.889733610609912096738702048725332997120967944335937500	54.331619458849943462197661303652891092369376668195433721329400519533922471728599	-0.00110672328822399115894163718122121252	-2.8417139672127415148313385880284395565842665462369E-11	-2.8417141340751995455979045965005224423971367460378702552521778058600917744305630E-11	1.668624580307665660084720828858128701998009702552521778058600917744305630E-18	-0x1.f4024742479dfp-36	-0x1.f3d494998618p-36	-0x1.f4024c110cb5dp-36	-0x1.f3d48fcb224e2p-36	true	true	true	true
254	D5	U08-0000000209_S09-0000000320	8	209	9	320	14a9e2e46ee262099b9d56ad91e5b3098c76066a648d97c906b13d72057b5ccc	36c91fbcbfad960dcca6cc808151f4f5304eed66d5b45c2f86cc805eab98db32	572821b84c66cb651f749d15a8d6b06983a12d6fb506f5e6a5ddde25833f1250	0	981	7e5cc7b6cf8bedc7f4375aa27f2c15ff2f75365866570c3e2f353db7ac6ffe20	e3b0c44298fc1c149afbf4c8996fb92427ae41e4649b934ca495991b7852b855	2.4074370992906940075473087858881626743823289871216	6.5850559810571101873599708653728157514706254005432	2.4074371042679316989865156983796623535454273223876953125	6.5850559851362230855131851825490230112336575984954833984375	-18.444553771449816451506555691239562153646160134841	-18.444553724357041120163645504988807508020183064950434534321615863751254772510840	142.89526037531019661868045903368258496583092487793	54.333376156917141527162349457378352466989812283333	142.895260375310196618680459033682584965830924877929687500	54.333375525331691492328293704583485381821721371264023364398320733753751240020960	-0.00110672328822399115894163718122121252	-2.8419881105111136602366632440617189437093505755807E-11	-2.8419882773842433595050598233727599807947876525923919349119424932783841686680105E-11	1.668731296992683965793110410370854370770116919349119424932783841686680105E-18	-0x1.f40ea05e26d74p-36	-0x1.f3e0ecce215cp-36	-0x1.f40ea52ce6fc8p-36	-0x1.f3e0e7ffc3e8p-36	true	true	true	true
255	D5	U08-0000000209_S09-0000000321	8	209	9	321	f730b118877aaf7c94bb2e215177331af9fd29cfcc9944f06af036aad317c672	30fb66d9eb6d5ce2357bbe4dc9e0baa797a3a950e0de3fef21884c2dc2cbd80d	e4aeab2bf059c4f1c62d676cc3b3cd878a1878b50c67073d97cbb772a4cf2e93	0	972	b54724c6dda81e13d561442bdfd7d5c6ca6add87dcc37c318614bbdef9adfdb6	e3b0c44298fc1c149afbf4c8996fb92427ae41e4649b934ca495991b7852b855	2.4074384846153292147330482464440137846395373344421	6.5850573434664136443505988438573695020750164985657	2.40743848959243543494945782867944217287003993988037109375	6.5850573475454122450434280011677401489578187465667724609375	-18.444621612777399366504832155256554554841875310527	-18.444621565684535284972158843707094869686214796104055035695074289582267195477694	142.88915449555283774794420863514205017862351093750	54.333368841278711482568528186516230013006464834641	142.889154495552837747944208635142050178623510937500000000	54.333368209686516018036059298078437839886001659325348356080433059931403884699903	-0.00110672328822399115894163718122121252	-2.8416742661944608206038769227060395000749579646245E-11	-2.8416744330497719481533230421425100967780174524810808366004608258421122953312951E-11	1.668553111275494461194364705967030594878565808366004608258421122953312951E-18	-0x1.f4007d82210efp-36	-0x1.f3d2cae82dbe7p-36	-0x1.f4008250d2152p-36	-0x1.f3d2c619de9a3p-36	true	true	true	true
256	D5	U08-0000000208_S09-0000000322	8	208	9	322	10f3ffda5ff29ad791edfac120d824e678a8104529b5ac440f2bfda3dffd1df6	aec6f80c4447d78220a135da7b51bbe18ebaae054652335cc434631fc5211cef	f03ceea432403aa6d67cc8e3278cfa2b3fc8209f8a2275e6a13e14913ccf358c	0	972	a9c37d9ee9c05a3e7ed0fb007d41cceb1802c643aa8174cfb1da6f9a47815eb2	e3b0c44298fc1c149afbf4c8996fb92427ae41e4649b934ca495991b7852b855	2.4074339938346405523561521988540334859862923622131	6.5850534589149601685797996708515711361542344093323	2.407433998811786275695556724940615822561085224151611328125	6.585053462994029736810031039340174174867570400238037109375	-18.444711723470936332430301339119923413554234927291	-18.444711676376990988261622422744594862826374471944163889343308407873536900452333	142.88362684349936456737919436621731374479170219727	54.331612587375701929916288832574922798536703143667	142.883626843499364567379194366217313744791702197265625000	54.331611955758945372923841663690509924365525854006153636205813247869701819501689	-0.00110672328822399115894163718122121252	-2.8414001370061368731837764277990942278821213704246E-11	-2.8414003038507763384179151366820381777178937205365408969514533602134530899464424E-11	1.668446394652341387088829439498357723501119408969514533602134530899464424E-18	-0x1.f3f4248fc3945p-36	-0x1.f3c672dd5a207p-36	-0x1.f3f4295ea137dp-36	-0x1.f3c66e0ede445p-36	true	true	true	true
257	D5	U08-0000000208_S09-0000000323	8	208	9	323	2170c040328412a2154f6ae7abf3489d8a42545ae77ab050078ab1592c756919	debe28d26e1aa955ec4cc208aa447e8853d3fc185cef55fd5a330a2cc2f1bad7	989aada27b60b11fe7bea89d9cc5fd2f535ffb32ef64018cbbdf72d7c90e5546	0	970	104df00f8292c0b55b33290c40f8968a9b34e39548334574a38b27f8e3924b8b	e3b0c44298fc1c149afbf4c8996fb92427ae41e4649b934ca495991b7852b855	2.4074353781415982200808656443768995814025402069092	6.5850548204366259330555521955830045044422149658203	2.4074353831186125519947527351405369699932634830474853515625	6.5850548245155812766837843952316688955761492252349853515625	-18.444779567107199829317951474218769019563374921930	-18.444779520013165812300899594570214860348679412615777187081298127936336844683041	142.87751920619417262199658831794252565031686760254	54.331604930032450126211386473265006376482112912317	142.877519206194172621996588317942525650316867602539062500	54.331604298408956327617311257397227506115012442661409109044876262889329617492986	-0.00110672328822399115894163718122121252	-2.8410863241085740963014140510148473070572087170991E-11	-2.8410864909353956139462893970289526841831246635739585062139507599056631504636443E-11	1.668268215176448753460141053771259159464748585062139507599056631504636443E-18	-0x1.f3e60210cbc08p-36	-0x1.f3b85153cf26p-36	-0x1.f3e606df498c7p-36	-0x1.f3b84c85b3438p-36	true	true	true	true
258	D5	U08-0000000209_S09-0000000322	8	209	9	322	8ec009f66a6acf09158151f2cd71cf9230ee6862df2c90dbb0feca176c1925f0	204bb8e4746972b6bd78f878816cd4d29fd57d44321b99fd7c1c2856746c5d6e	1330bfeeb31fc330111c1441dd01a2967cd69f5339b8a8e78eabde46b1a99ba5	0	980	383c783299268b68ddd0be64cb6698aef6bd44094e9ca277d14c44d52db7cd07	e3b0c44298fc1c149afbf4c8996fb92427ae41e4649b934ca495991b7852b855	2.4074398694896434677814589520039589842781424522400	6.5850587054841867792887022403647279134020209312439	2.4074398744666182549389876754730721586383879184722900390625	6.5850587095630711241545096612526322132907807826995849609375	-18.444689455133297967805066165595179435306515954644	-18.444689408040345232561680663192602280744848155627794211297831598274007649877952	142.88304774560083446118485987083474654927052814941	54.333361371393471268574916770774340710135521599063	142.883047745600834461184859870834746549270528149414062500	54.333360739794535564855456267509527370653908999741713828545436264247683482503720	-0.00110672328822399115894163718122121252	-2.8413604391876862203539904557089160284471171875528E-11	-2.8413606060251792062539668206866796544455120205813246745383905964514792048843260E-11	1.668374929858999763649777636259983948330285246745383905964514792048843260E-18	-0x1.f3f25ad937119p-36	-0x1.f3c4a9354c6a3p-36	-0x1.f3f25fa7d7053p-36	-0x1.f3c4a4670d9e2p-36	true	true	true	true
259	D5	U08-0000000209_S09-0000000323	8	209	9	323	7374b9a56fbd143253d3b5ea1aca4bb4c210791167244ba918613e5d4f0688cc	d5f53704ad63f86587a69ac6d97bba337bff3e21f936f5a185afea9505d5eb49	adc7453eabb9471226edc1aa87a81851503baec55ca4b7412c3d7faf76e6dd15	0	979	c9bfb2b47c25686e6b679de7352d0d13beea33d481890caaf3f6054c1d6a4f9d	e3b0c44298fc1c149afbf4c8996fb92427ae41e4649b934ca495991b7852b855	2.4074412539136059233091380349378596292808651924133	6.5850600671104018643542410416102939052507281303406	2.40744125889044931210225541917679947800934314727783203125	6.5850600711891719811486023417046453687362372875213623046875	-18.444757298517710356359575442713518221646220142858	-18.444757251424668959928584670834967404552432147182873010477445644997686978660885	142.87694012545418675840241274076067407777197651367	54.333353747252492888531165129730145150474196971303	142.876940125454186758402412740760674077771976513671875000	54.333353115646820600095131243466638131968141273996853467581142684516399112785056	-0.00110672328822399115894163718122121252	-2.8410466294899555654542600788331475990089659581044E-11	-2.8410467963096312155564895638692107340515870663727377252446179686828138196204610E-11	1.668196756501022294850360631350426211082683377252446179686828138196204610E-18	-0x1.f3e438635255bp-36	-0x1.f3b687b591d6bp-36	-0x1.f3e43d31f2444p-36	-0x1.f3b682e753694p-36	true	true	true	true
260	D5	U08-0000000210_S09-0000000320	8	210	9	320	0159008eac5aa30120996cdabcaa3fb92f65a3e0aa5a773a647ee06c7b89e78f	d8396115bec5ce315e89255c494acf694bfb0d64bfd080a52cf1b7f05151aa4a	78383c57de5fee19285971f63d256dc054cc27d447dcc35c2a9c03fe48d57d37	0	976	a0a937c9714adc2d62df0fc1e02656c5865c16ba79a43e7975093d0b422cbcf5	e3b0c44298fc1c149afbf4c8996fb92427ae41e4649b934ca495991b7852b855	2.4074429748432673373259582660921296337619423866272	6.5850612277591115961694612224164302460849285125732	2.4074429798203340925832893759661601507104933261871337890625	6.5850612318380392883054863517600097111426293849945068359375	-18.444531505442904448369843552990107085217458968820	-18.444531458351121687950287334978969161473262601610289011747758099521207504291215	142.89468124406712157097823624006154031169120971680	54.335124847395006813638201037009232845432830896654	142.894681244067121570978236240061540311691209716796875000	54.335124215827374870289129833212692449248378371873504111183543749760666102235443	-0.00110672328822399115894163718122121252	-2.8419484059902489876762225981225612911391199793437E-11	-2.8419485728562313632025530147987691637000798826414508358169833618543216967008171E-11	1.668659823755263304166762078725609599032977508358169833618543216967008171E-18	-0x1.f40cd693ab1bdp-36	-0x1.f3df2312726fcp-36	-0x1.f40cdb62564a4p-36	-0x1.f3df1e44296e8p-36	true	true	true	true
261	D5	U08-0000000210_S09-0000000321	8	210	9	321	e3ab4baa551260fc373a32b24245fa439993de6177f4df9b51f2ba116736ee57	de53e4d5f3fae04ce0572687c76b8ee885f7df98d1ed9db1a6f9f7a0a33883f6	c7ea9bf6129cea8822045ccbf7ec7a1cdafede337b9e2f52fb82c3e98414f09b	0	994	df1eb79a8b87d13cbd0acfbb5e8b1e65052940b94398a7668625192deb1c46cb	e3b0c44298fc1c149afbf4c8996fb92427ae41e4649b934ca495991b7852b855	2.4074443602849295437140497710970521438866853713989	6.5850625902730324998102240385833283653482794761658	2.4074443652618648277485835507150113699026405811309814453125	6.58506259435184589101641705610745702870190143585205078125	-18.444599346519054836680360345156336732497435673174	-18.444599299427183337679900892671395617364489370988346449607724075237737271471682	142.88857538146830694284214475972172114746007873535	54.335117564951399115471501321790856198386861946542	142.888575381468306942842144759721721147460078735351562500	54.335116933377022398300395919079750248543399216985816205568710280019235296878365	-0.00110672328822399115894163718122121252	-2.8416345648734540665823473110648908993044702731810E-11	-2.8416347317216184823653640095355954614386498816478294967127059570408768044514941E-11	1.668481644157830166984707045621341796084668294967127059570408768044514941E-18	-0x1.f3feb3c11079cp-36	-0x1.f3d10135f6681p-36	-0x1.f3feb88fb1593p-36	-0x1.f3d0fc67b7cb9p-36	true	true	true	true
262	D5	U08-0000000211_S09-0000000320	8	211	9	320	b89574026c36a96ce5398790d83916895ea58ed3f08fc21e3dcad6e41ea5739b	b761a7fc200546c952fc1e8b2819b28d1b18eb5eeaea7c015493c3c4c56e270b	d09e70324cf01ba148efb6cf73c14b946587c2a7ec80d646111f6f6fae9fc1be	0	974	df796047536d54aea50cf7025ee8276259a4829cfcb659a96ff55badd676f3f6	e3b0c44298fc1c149afbf4c8996fb92427ae41e4649b934ca495991b7852b855	2.4074488505274519237198127541432768339291214942932	6.5850664748030451126070694556347007164731621742249	2.4074488555043477393258211094462239998392760753631591796875	6.5850664788817876126036932049601091421209275722503662109375	-18.444509241263401872412506255909269347039613922870	-18.444509194172611693965099332521185873399241140172549755783292488587258965162249	142.89410211379659006696844298460344944488551936035	54.336873510729451186929278732601727665515391525424	142.894102113796590066968442984603449444885519360351562500	54.336872879179636265834571388747508029533733220296131463654707762372615743649081	-0.00110672328822399115894163718122121252	-2.8419087011666330054945124008579813986284620233205E-11	-2.8419088680254683435096609548911752847124799736724822584462975255162714925450371E-11	1.668588353380151485540331938860840179503519822584462975255162714925450371E-18	-0x1.f40b0cc84fd3fp-36	-0x1.f3dd5955d7cb9p-36	-0x1.f40b1196df9f3p-36	-0x1.f3dd5487ab5a6p-36	true	true	true	true
263	D5	U08-0000000211_S09-0000000321	8	211	9	321	e82ac2f72d1a1b1b85b6a178778bbd17784dbbf1f7455b44425ee9d1b564bfe7	72ceaae014fef612fe7581dc9ed20d3b2fd56f009431c018cb49e80dd6dceaa8	798a906953818680edae93a4b0b604403ecbbc889cb611147a48d69f2c1af4ac	0	989	7b9df14525c2ee8f47140346c311fafde82826f2db920402596fa176af04fa70	e3b0c44298fc1c149afbf4c8996fb92427ae41e4649b934ca495991b7852b855	2.4074502360861465069530318316992634208872914314270	6.5850678374215968827187772660636255750432610511780	2.4074502410629108374584550489316825405694544315338134765625	6.5850678415002250783161219516159690101630985736846923828125	-18.444577082088189253195355665220378017641269332382	-18.444577034997310347696692066295871489161589347409882457980809952499607835945690	142.88799626835631968143251042246434590363067133789	54.336866261479727212628552642892802753516276617896	142.887996268356319681432510422464345903630671337890625000	54.336865629923168171640926625055645835461761214854623391064582500920454723253890	-0.00110672328822399115894163718122121252	-2.8415948632497264062018506435022552753405953027173E-11	-2.8415950300907443967586618507211510510659488866638209357624833267186944182618849E-11	1.668410179905568112072188957757253535839465209357624833267186944182618849E-18	-0x1.f3fce9ff15fcp-36	-0x1.f3cf3782e0408p-36	-0x1.f3fceecdb009ep-36	-0x1.f3cf32b4a7dadp-36	true	true	true	true
264	D5	U08-0000000210_S09-0000000322	8	210	9	322	9991bd062853884eb023142c0b4d8348d203e5d6570d89382d759adf05c7994e	992d1ad3df81c27160928404d2fa983493b7abbba2e93143f03c6f0ac1fb0151	7e94386b30d786b08e8eeca1391bff020c52e86348df875a8884f1399120feaf	0	974	3d313a77d823220e3939297f7f9027e2d4938c7e98bd5b58d55b48c1c78efd31	e3b0c44298fc1c149afbf4c8996fb92427ae41e4649b934ca495991b7852b855	2.4074457452762623790865070816380466567352414131165	6.5850639523953957352175869743859948357567191123962	2.4074457502530662196538191466288481024093925952911376953125	6.5850639564740948601884173996268145856447517871856689453125	-18.444667188623346422344951445386671510772948079483	-18.444667141531386229270031908355174733365457999058712580297730263392217208649317	142.88246864867484789868295491361513314108337890625	54.335110128264237306166747477779664905767996428918	142.882468648674847898682954913615133141083378906250000000	54.335109496683120236561695122366699221383941967660740270094891840310455060330365	-0.00110672328822399115894163718122121252	-2.8413207410665396429144275793089274563179868504142E-11	-2.8413209078968867169119011821689251759706737240621339722153430442474998189614609E-11	1.668303470739974736028599977196526868736479339722153430442474998189614609E-18	-0x1.f3f0912185b39p-36	-0x1.f3c2df8c99568p-36	-0x1.f3f095f026dap-36	-0x1.f3c2dabe59a0bp-36	true	true	true	true
265	D5	U08-0000000210_S09-0000000323	8	210	9	323	6a9ca5c1b0effacae24f4db602677f5a8cf38207faa34e1101040400aaaccbb0	8603135540d917adbcbee71fbca4b5f8603cbce278fe8167d535e46c062d4959	73597d8d743ae783e0f848d3ded9d1101d873e0df63eb25195f7756760606b17	0	980	dd945d7ba2400cc7c68c99f4789a444859150bf2ff3fe2b47b726de4b3b2fc37	e3b0c44298fc1c149afbf4c8996fb92427ae41e4649b934ca495991b7852b855	2.4074471298172349861821395222705177729949355125427	6.5850653141261735676326161126326041994616389274597	2.4074471347939074249155932960775317042134702205657958984375	6.5850653182047584575931065131726427352987229824066162109375	-18.444735031755977262073624769998369269288193228281	-18.444734984663928393413424833402108110741105614534262518224929269504436296631126	142.87636104568674443850066670174177629256111022949	54.335102537324593291051811812638037114938483759838	142.876361045686744438500666701741776292561110229492187500	54.335101905736739907297077365790756747942104746593450622117620494969073208730366	-0.00110672328822399115894163718122121252	-2.8410069345686715057980648660105528545029064005665E-11	-2.8410071013812019499722312900647060330521084852231633394377128409488562067071633E-11	1.668125304441741664240541531785492020846566633394377128409488562067071633E-18	-0x1.f3e26eb52775dp-36	-0x1.f3b4be163bc07p-36	-0x1.f3e27383b470ap-36	-0x1.f3b4b948100c7p-36	true	true	true	true
266	D5	U08-0000000211_S09-0000000322	8	211	9	322	81ef18fbea7f994f5e40f1cb6b6c96a539863553727ac3904adab6cdcb67e3a1	5849f82f1e1ef3b462b281e812a15d34d2b0bd1d0fcf9f652bfe6c04f3153bee	e0da3356c8149a44aff7edf52360ca38721393e6b2d08b3f70ecd3cbbb0b20d7	0	976	1cdca078d676c94334bd37b902b574af224eea883bf7e2f1bf0e4223a24bbd55	e3b0c44298fc1c149afbf4c8996fb92427ae41e4649b934ca495991b7852b855	2.4074516211945032814756295636016147909685969352722	6.5850691996485636384162098977412824751809239387512	2.4074516261711361685138310662068761303089559078216552734375	6.5850692037270775643087450390567028080113232135772705078125	-18.444644923940943337564116207120855203212876265842	-18.444644876849975749507035980216667421879421410710052484022505254383791493138084	142.88188955272140487987347949455847352023025446777	54.336858857989704700791098025401520525485464329048	142.881889552721404879873479494558473520230254467773437500	54.336858226426405960830996772380151190162247862991557816047902151984815853860646	-0.00110672328822399115894163718122121252	-2.8412810426427026351140865727368356491690481308159E-11	-2.8412812094659038962274671567749999233164125967915734867347620625225826191444329E-11	1.668232012611133805840381642741473644659756734867347620625225826191444329E-18	-0x1.f3eec76912821p-36	-0x1.f3c115e2dd893p-36	-0x1.f3eecc3793a5cp-36	-0x1.f3c11114bf81p-36	true	true	true	true
267	D5	U08-0000000211_S09-0000000323	8	211	9	323	fc4f3adfe1dded857c11239e6a9ae8fce724ac6f2b46d155c9a926bbdd5c883c	24770b206149119cfaa85b674ef8036b687660a6e19948a1e78f6abdefe92c4b	fb51e8e7aa3c3c521787729ceec0bb2a1d6ebe316f1699f800710c4e5602d5d1	0	977	d83fb16cad5e7f03f1bf50ed4689d0b4c6d121fab94f05273cca7fa7661f885e	e3b0c44298fc1c149afbf4c8996fb92427ae41e4649b934ca495991b7852b855	2.4074530058524914039042030822201923001557588577271	6.5850705614839176380015395295686175813898444175720	2.407453010828992885639099341688051936216652393341064453125	6.585070565562317325414287694229642511345446109771728515625	-18.444712766821862137985799024485680596795965617373	-18.444712719730805885845812231304891229371652631366000629844194894403123891118264	142.87578196689184566229135020088583229468426875000	54.336851300250455458549694028914592704065988955246	142.875781966891845662291350200885832294684268750000000000	54.336850668680421057380503995048950450298348165784086898778328913974204575034139	-0.00110672328822399115894163718122121252	-2.8409672393447275645030934406296228373193433221167E-11	-2.8409674061501128081934133097460341909088843450035260343825856808330558636423537E-11	1.668053852436903198691164113535895410228868260343825856808330558636423537E-18	-0x1.f3e0a505fcaadp-36	-0x1.f3b2f4761cfa9p-36	-0x1.f3e0a9d494f5dp-36	-0x1.f3b2efa7e58dp-36	true	true	true	true
268	D5	U08-0000000212_S09-0000000320	8	212	9	320	b64aca95e3b74cbb80770f1d055cba60a425205f80c385cb8da05c4dad669748	ee7c47229e4188049623fe2259c74c846b89778f6a89c974503c3217f4c6c5b6	5415c740a6c7e3d30a7b1c99a7dab44d147f2d3f96031ef6920386a5144fd8d3	0	976	fc777e1e431bf9e24a567d4e1f94b764779d837553739719759555a395195ce5	e3b0c44298fc1c149afbf4c8996fb92427ae41e4649b934ca495991b7852b855	2.4074547263432537619332052258869225624948740005493	6.5850717221888873595392333015752228675410151481628	2.4074547313199786240101030188043296220712363719940185546875	6.5850717262674446812742434786969170090742409229278564453125	-18.444486978911170513706768338221226445752790141478	-18.444486931821372927987232077160357711380328862661394616025242246689928073516476	142.89352298449860210665107926730831236541385380859	54.338622146922180571323931517545420456177054493462	142.893522984498602106651079267308312365413853808593750000	54.338621515390181596203367089243281194010451485787551603608095693899012489285246	-0.00110672328822399115894163718122121252	-2.8418689960402708041835038156589670470306679540610E-11	-2.8418691628919593920912419731289750076462203296574240259772570797303869688546604E-11	1.668516885879077381574700079606155523755964240259772570797303869688546604E-18	-0x1.f40942fbb7313p-36	-0x1.f3db8f98b35ebp-36	-0x1.f40947ca8711p-36	-0x1.f3db8aca45e2fp-36	true	true	true	true
269	D5	U08-0000000212_S09-0000000321	8	212	9	321	ad4a15248b19e942d90524ab3eb4a6065c09b163022ca5949247b9fc2a8d8abc	61e7cc2c3098946e7ed09672baa42863942b95993193ce56f808110566210265	9a0f566d14ceb620021842b0e3d24fc21b76a0027ecaca7941ff57b3264d2494	0	982	814df0d60e518fe3307e5924461beb148d348d65cc870a70abc1866c92541e61	e3b0c44298fc1c149afbf4c8996fb92427ae41e4649b934ca495991b7852b855	2.4074561120189860718987517884670523926615715026855	6.5850730849120834159426962628458568360656499862671	2.407456116995579452344511395267545594833791255950927734375	6.5850730889905264263395334722872576094232499599456787109375	-18.444554819484664408091827364375759480285041212903	-18.444554772394778080791063006288859207447047597094090358471676373304058708302033	142.88741715621687596371530562336992444713528874512	54.338614930865401933707084198289038082537828103440	142.887417156216875963715305623369924447135288745117187500	54.338614299326659106169452400818451135248395212202093781983100711488424362965872	-0.00110672328822399115894163718122121252	-2.8415551613232828951248542315354570500726829855004E-11	-2.8415553281571548421003288372068241586811216904441690156353656471355148484479955E-11	1.668338719469754746056713671086084387049437690156353656471355148484479955E-18	-0x1.f3fb203c1a6f1p-36	-0x1.f3cd6dcf012fp-36	-0x1.f3fb250ac5ecap-36	-0x1.f3cd6900b7f39p-36	true	true	true	true
270	D5	U08-0000000213_S09-0000000320	8	213	9	320	079d16ec66677143014c688eb17a5794b9fa6fdb1d3f66e22ddac84f00c27913	7fb23be708cd82b91cba66d618dce3e82bee23bd6e556c8de396822fb0d28cc7	13cc14710d8a1aebf05eba3f332cc48f0fb468e73fe8ec0a4870a4033643284a	0	982	60a6eedf4461acbc5d625f079fdec6d83123e2e2dc69894313d3760b2bc594c6	e3b0c44298fc1c149afbf4c8996fb92427ae41e4649b934ca495991b7852b855	2.4074606022906788332926808493539283517748117446899	6.5850769699166149598323904967855924041941761970520	2.4074606072672327349015741759785669273696839809417724609375	6.585076973994987113714127957564414828084409236907958984375	-18.444464718386072158946348431930897978684931952766	-18.444464671297267150434850999655238039434526935902762749458674599919913017734308	142.89294385617315769002614508817612907327621306152	54.340370755974900322149622871609980305619410763068	142.892943856173157690026145088176129073276213061523437500	54.340370124460715825059212901480455929121576015715312794456310121494115477534918	-0.00110672328822399115894163718122121252	-2.8418292906111675643034958686915365828270540394405E-11	-2.8418294574557097846322574714662567763391216239983706181371913739590318049992666E-11	1.668445422203287616027747201935120675845578706181371913739590318049992666E-18	-0x1.f407792ec64d7p-36	-0x1.f3d9c5da1d39ep-36	-0x1.f4077dfd4d5a5p-36	-0x1.f3d9c10bf7f59p-36	true	true	true	true
271	D5	U08-0000000213_S09-0000000321	8	213	9	321	0d1b426579597b3f3c7e0fe0ca928c3added4b722f112f9f6e47af342541382c	5bfbcd04d949d62d1b064c6f46c99c378b86d29e68d02f2c952808424a37aee7	37d2f95c48504548cca7d1f0c0f85ecee28fea04b5b9bdd9569eeef36de0906c	0	984	92e5dd85f87a1bf0b34728a3c6299c1edd371fb3da34d2e4e305671c9e06fb11	e3b0c44298fc1c149afbf4c8996fb92427ae41e4649b934ca495991b7852b855	2.4074619880834542476333304250601941021159291267395	6.5850783327444687154095248615703894756734371185303	2.4074619930598766572027447097070762538351118564605712890625	6.5850783368227265544836424027153043425641953945159912109375	-18.444532558708342038073627227095920322838164833096	-18.444532511619448299349954232002010195411610761217317012099861324785466932128135	142.88683804504997578969053036243845677797393095703	54.340363573110128100369842994727622726056400484720	142.886838045049975789690530362438456777973930957031250000	54.340362941589200400788429983630322335413261812297278708034142903557216303353726	-0.00110672328822399115894163718122121252	-2.8415154590941288669371549072182978581233847639578E-11	-2.8415156259208550592363505273977181936921850434054819904832457047163950610932296E-11	1.668267261922991956201794203355688002794476819904832457047163950610932296E-18	-0x1.f3f9567841492p-36	-0x1.f3cba41a3631dp-36	-0x1.f3f95b46f9b02p-36	-0x1.f3cb9f4bdff51p-36	true	true	true	true
272	D5	U08-0000000212_S09-0000000322	8	212	9	322	e3476e7115862eb51573155b056d4e9eb2bac753ea7aa8274babbc074c3e213c	98f03e5a0bbf2383d7b422e1e376fabf9c89e7c6df59e32f591e44829e2ad497	910b4dd35d22b9cbeaf677356b9d62ba2762c2ee1c20def418c3d3b9a9b37f76	0	973	20c1863c0ef8aa39734dad82f1234a6b102eaad0707192a9a6d380b5203587ed	e3b0c44298fc1c149afbf4c8996fb92427ae41e4649b934ca495991b7852b855	2.4074574972443721562753715659255249192938208580017	6.5850744472436671117510087469781865365803241729736	2.4074575022208340828455686022380177746526896953582763671875	6.5850744513219958455041425082754358300007879734039306640625	-18.444622661085950507474682894310414879002063959336	-18.444622613995975483071767970820103943564958574422702934397649946568100798161530	142.88131045774050540475643361366476768671115483398	54.338607560571579847437804981924136528926426801895	142.881310457740505404756433613664767686711154833984375000	54.338606929026097587932211806593190072022312637567536229096607548201368372727039	-0.00110672328822399115894163718122121252	-2.8412413439161802177855623749042618323499673221285E-11	-2.8412415107322361418806496316008687257273399436633679642791667584731218746679479E-11	1.668160559240950872566966068933773726215348679642791667584731218746679479E-18	-0x1.f3ecfdaf93ad9p-36	-0x1.f3bf4c3866005p-36	-0x1.f3ed027e1b536p-36	-0x1.f3bf476a40e62p-36	true	true	true	true
273	D5	U08-0000000212_S09-0000000323	8	212	9	323	b04e21a733464500a5296ceb97efb0bf1da32d56ea388e5d040f70da89f2e212	483113060e77132b131c912c3495660d1123804f211f470a75bf9df137e9d23d	90007ed53638943726a74a6661771c87de34cad82a9e3d28cc86d53f3372b662	0	983	7801fbef9ba51a54b5c8e9f6b87a8595d53e631677f4aae1be78fa6d3ec9f0ae	e3b0c44298fc1c149afbf4c8996fb92427ae41e4649b934ca495991b7852b855	2.4074588820193811647407677867249731207266449928284	6.5850758091836106983274490289659297559410333633423	2.4074588869957116755993187240392217063345015048980712890625	6.5850758132618251970702427655623978353105485439300537109375	-18.444690503715226780078662384287622069285174241174	-18.444690456625163154974361615000631640827749351679811683702834613054060637383164	142.87520288906949042977446323819284208414145207520	54.338600036031786021280444674277789841005028411602	142.875202889069490429774463238192842084141452075195312500	54.338599404479569520506011018715441936218675007487229882746230706817546518337641	-0.00110672328822399115894163718122121252	-2.8409275438181287275717000121877099082332319634465E-11	-2.8409277106163690591202868026595188103877555838294134085753781304220865986672795E-11	1.667982403315485867904718089021545236203829134085753781304220865986672795E-18	-0x1.f3dedb561ae3p-36	-0x1.f3b12ad4ea4adp-36	-0x1.f3dee02489709p-36	-0x1.f3b12606de153p-36	true	true	true	true
274	D5	U08-0000000213_S09-0000000322	8	213	9	322	007ff5f70cb2b1d4b87889c52cdd0869e739420bcb7f96024ec7d26bdc11c7bf	4ad0d9b07d6867d676396670b441f40cc337a60d2adeeaa47547572516948248	45771a7e7c69c6521c54a112eb02608987f8e810216495b68f139052bc915e24	0	974	4967ed35f8bd69b0707a4d3a6131aa80cd0b97dd2b0edc1cfcf6b7c7ba423d72	e3b0c44298fc1c149afbf4c8996fb92427ae41e4649b934ca495991b7852b855	2.4074633734258750056289599683623237069696187973022	6.5850796951806827711495273547370743472129106521606	2.4074633784021659578533647305675913230516016483306884765625	6.5850796992588263301104944957842235453426837921142578125	-18.444600400058229670750429853122020641579168961729	-18.444600352969247246279736302071133937859469602057446824325147280534745785169564	142.88073136373214947333181727093401564052608000488	54.340356236011567803127908002417393960463443666208	142.880731363732149473331817270934015640526080004882812500	54.340355604483901321028644752317653927895778603763715974626846634331118406598427	-0.00110672328822399115894163718122121252	-2.8412016448869776896594248946462005140836847870814E-11	-2.8412018116958884720392542435503378649857289347363731533295181163166216188248506E-11	1.668089107823798293489041373509020441476549731533295181163166216188248506E-18	-0x1.f3eb33f54fb13p-36	-0x1.f3bd828ce9cdap-36	-0x1.f3eb38c3c2f44p-36	-0x1.f3bd7dbed8d37p-36	true	true	true	true
275	D5	U08-0000000213_S09-0000000323	8	213	9	323	0380e2f94421ae46cd715e0ee60d8d489b21b10ca58f983a11a84cecc7c19388	d88a7dae0f7296163ca7402baca51ed841d5de51e9f3677951f1ab20738aab8e	6bf9e3b39d3b25ed50c93e241b53c31b2d409b43848358df2fc0886bd5373579	0	978	b3625b95836ee51386a06acc65b171612ef9d99c7666c35ca9e79ff9fe0fb6ec	e3b0c44298fc1c149afbf4c8996fb92427ae41e4649b934ca495991b7852b855	2.4074647583179102569572727077229501446709036827087	6.5850810572252293714767823473721364280208945274353	2.40746476329406979000058441897635930217802524566650390625	6.5850810613032586919579625117648902232758700847625732421875	-18.444668242435932980955712278958901753934075846021	-18.444668195346861967124886548906063603760503753260668627132431080419425585662385	142.87462381221967874095000581366280566093266020508	54.340348744670291040645067325131857235931297735810	142.874623812219678740950005813662805660932660205078125000	54.340348113135890966354976543219935964402411461439515037095555355272053706394692	-0.00110672328822399115894163718122121252	-2.8408878479888800710607994093820265449034955424433E-11	-2.8408880147799758739118143128124556002292463201623662911113120353697109989604119E-11	1.667910958028510149034304290553257507777190662911113120353697109989604119E-18	-0x1.f3dd11a4fee6ep-36	-0x1.f3af61332aa4cp-36	-0x1.f3dd1673a1053p-36	-0x1.f3af5c64e97ddp-36	true	true	true	true
276	D5	U08-0000000214_S09-0000000320	8	214	9	320	61f582cf36d0ca994b274352293fa6e30866f28062c45df3c4519a967433dbe9	b55a1a8e4fc5836ab814b4734131e987892efa81dffa3e5ec049d5bc29ecef98	a425f3bdf3494b1a4cb412ac0b039436d976efb395bb460bb38118d748064370	0	975	b50302d8cdef10e678c24364a67134de27ed75fb7475b2a93fda059e22f54f34	e3b0c44298fc1c149afbf4c8996fb92427ae41e4649b934ca495991b7852b855	2.4074664783697331330025726003896124893799424171448	6.5850822179862045363529787778134050313383340835571	2.4074664833461160672045675568142542033456265926361083984375	6.5850822220643915362592313300638124928809702396392822265625	-18.444442459687968591446884582013281602711969176877	-18.444442412600156170304681675975223341877510295554940703756639842811597133436193	142.89236472882025681709364044720689956847259711914	54.342119337889315225657812147762949590458490920908	142.892364728820256817093640447206899568472597119140625000	54.342118706392944115890082026854921079268338487261307523275248839530976024649418	-0.00110672328822399115894163718122121252	-2.8417895848793285564687514746849260954191281525224E-11	-2.8417897517167246990046433754740531792718717931089463813347761477875004646617153E-11	1.668373961425358919007891270838527436405865463813347761477875004646617153E-18	-0x1.f405af6060f88p-36	-0x1.f3d7fc1b30d1dp-36	-0x1.f405b42f260f8p-36	-0x1.f3d7f74cce273p-36	true	true	true	true
277	D5	U08-0000000214_S09-0000000321	8	214	9	321	673849b083a4edf693c81c10fccafcb96b71e665a3eff62abe72447004f303f2	8ab2c8ce3f380c633e8b06bd003c7ccf885b5eb690517c96bd1d77916e1d4e76	c31c841f26b77351144db8bcf5ba76692152d6ea18165121c0aafc82e866ed90	0	982	4f361877a0a4ba34ddee042f68c262f7842c2b81e08e804f0542c80c55711eb9	e3b0c44298fc1c149afbf4c8996fb92427ae41e4649b934ca495991b7852b855	2.4074678642795570154833129095095500815659761428833	6.5850835809187294039857007987848191987723112106323	2.407467869255808447237487968095592805184423923492431640625	6.5850835849968020856148864794477049144916236400604248046875	-18.444510299759083928425579386503905654507468766000	-18.444510252671182788358908822224296249422403714517901024833822753575192975857563	142.88625893485561915935818463966994289614659797363	54.342112188215610734003983864265067421326412686599	142.886258934855619159358184639669942896146597973632812500	54.342111556712497069667581869810196897056705252212232517401496554057457203978453	-0.00110672328822399115894163718122121252	-2.8414757565622695574196434380681939276593372951627E-11	-2.8414759233818502851465511874427797523981694296722097213177865983793240193172153E-11	1.668195807277269077493745858247388321345095097213177865983793240193172153E-18	-0x1.f3f78cb3ce5e7p-36	-0x1.f3c9da643b612p-36	-0x1.f3f7918246bc7p-36	-0x1.f3c9d5962539ap-36	true	true	true	true
278	D5	U08-0000000215_S09-0000000320	8	215	9	320	21caea9538cb68c246b6a32dfadc5bbdcbe6b941049cb4eea47ea01dd476814d	426fb9a839e144c5e90ff014e085407c8ca95b80646d5129893a86f7c98d96cf	a85224508f570392f15b2d48504ed5c6caf8c382dcc36845a17fd7d52a3651f1	0	981	2d39ffacedb9541ed908f10e05265a57639d90cbaa5e8e9dbf81abe0a7febbbf	e3b0c44298fc1c149afbf4c8996fb92427ae41e4649b934ca495991b7852b855	2.4074723545804226493283195509320648852735757827759	6.5850874663976327119674358812062564538791775703430	2.4074723595566346022456283293422529823146760463714599609375	6.585087470475634578714885236649934086017310619354248046875	-18.444420202816721591146359519356734540815869904865	-18.444420155729901819192999956591482073413618260629012470017586702834165841584108	142.89178560243989948785356534440062385100300598145	54.343867892667129498908849079546418879963108698758	142.891785602439899487853565344400623851003005981445312500	54.343867261188571447772029034466819040743243709803309389212974633979346228013743	-0.00110672328822399115894163718122121252	-2.8417498788447591413331351229272967586831520035965E-11	-2.8417500456750093091860660313167364806521327290658012336742889107347984394603708E-11	1.668302501678529309083894397219689807254693012336742889107347984394603708E-18	-0x1.f403e59127d17p-36	-0x1.f3d6325b5091cp-36	-0x1.f403ea601c8c4p-36	-0x1.f3d62d8cbd246p-36	true	true	true	true
279	D5	U08-0000000215_S09-0000000321	8	215	9	321	f70d3f8c319722abee020140819acc5eaf3662f344f441b06892aa3865d88a6c	c6b40470bf0d1d241ad8b1f91d01d68aa033a144fa529bc6bbd70c167a2152b4	6cd007b2033883015ec2c0ba281309f420ba8a0ace16c5025a7d1b1ae8dc293f	0	992	68285b48df832d81f9cbd9793c3403cf53f257e837315d8611cd1159a1a4c1df	e3b0c44298fc1c149afbf4c8996fb92427ae41e4649b934ca495991b7852b855	2.4074737406073003637141383137532102409750223159790	6.5850888294348421114765557149439700879156589508057	2.4074737455833808107141802423711851588450372219085693359375	6.58508883351272965300804429489289759658277034759521484375	-18.444488042636751913014280404949461765185841567743	-18.444487995549843407362297159803913008312607501622106301594523596161471669601867	142.88567982563380607271826845506438280165328979492	54.343860776183555056129560385475146815272287143646	142.885679825633806072718268455064382801653289794921875000	54.343860144698254711678986117968710572635751146944426121258068586155340539811680	-0.00110672328822399115894163718122121252	-2.8414360537277101045250919560716875970752202067638E-11	-2.8414362205401455650626821408663583912337841022367409836190329983074570233209635E-11	1.668124354605375901847946707941585638954729409836190329983074570233209635E-18	-0x1.f3f5c2ee3c2ccp-36	-0x1.f3c810ad976efp-36	-0x1.f3f5c7bcafa27p-36	-0x1.f3c80bdf85e57p-36	true	true	true	true
280	D5	U08-0000000214_S09-0000000322	8	214	9	322	7818bf8124c0698cf5d67f3020caeba5902e59d0babc58b01b6771bd2cd53253	a84a1b3edea1e285481905408a5f1711a51f16fefb81a7e592d14766e9aa2479	b4700f700abcd949d1370cd3eca1daa36a9e2b396e04e6cb171e04ec6453f5b5	0	997	aff26016f2504f790ad6e43ca26abba64d45f1d316dd391e8346e48667e38835	e3b0c44298fc1c149afbf4c8996fb92427ae41e4649b934ca495991b7852b855	2.4074692497390178108629399389428726863116025924683	6.5850849434595872325393095536583132343366742134094	2.4074692547151377818026585231336866854690015316009521484375	6.585084947537545634055344834223433281295001506805419921875	-18.444578140857642562686381256716220452423115441160	-18.444578093769652774126085545951217579643045176049407636928444817834977620647145	142.88015227069633708559963046636621738167502998047	54.342104884311373055458357762898976962297961099458	142.880152270696337085599630466366217381675029980468750000	54.342104252801521640638052889197279348434521385790678479839956602433625276924247	-0.00110672328822399115894163718122121252	-2.8411619455551004395181097557157125249158510494301E-11	-2.8411621123568662766848515642111780107824172217262230752936624107237643964383530E-11	1.668017658371667418084954654858665661722961230752936624107237643964383530E-18	-0x1.f3e96a3a134f9p-36	-0x1.f3bbb8e09d726p-36	-0x1.f3e96f088202bp-36	-0x1.f3bbb4129022ep-36	true	true	true	true
281	D5	U08-0000000214_S09-0000000323	8	214	9	323	8cb21a8995e34d2efdfb39d49846ac1f0851c58cf40103c9d15455dc8dcbc2c6	f96e6a7f5c6326301cd456b9a142bf2889bceebab9723f3cfbf637ae6212913a	e89e5e52375236caf559bf8740cf453773720bc13c3f191da3bca73c9ec35d30	0	976	249979cbcdfe08d51d6e9bcb75a74d34b9be2cb371ebe307d899cb7666aafe22	e3b0c44298fc1c149afbf4c8996fb92427ae41e4649b934ca495991b7852b855	2.4074706347480846757580508210594416595995426177979	6.5850863056087502733770833174276049248874187469482	2.407470639724073220577782450391168822534382343292236328125	6.585086309686594426004990765477487002499401569366455078125	-18.444645982983842477882265848844912269398418174462	-18.444645935895764059261888759102892227542429219196384609926035937639497301586095	142.87404473634241059581797792729572302505789313965	54.342097426167675239891780038986031343986255921083	142.874044736342410595817977927295723025057893139648437500	54.342096794651090110763367270113473590875978757861162603852664240327547253323753	-0.00110672328822399115894163718122121252	-2.8408481518569869488873356086306528823118524148667E-11	-2.8408483186409386076922308525750966887594482418202221447295502639657077425560528E-11	1.667839516588048952439444438064475958269535221447295502639657077425560528E-18	-0x1.f3db47f359f5p-36	-0x1.f3ad979028d2fp-36	-0x1.f3db4cc1d0fabp-36	-0x1.f3ad92c213bbep-36	true	true	true	true
282	D5	U08-0000000215_S09-0000000322	8	215	9	322	0dc093999ab8fa824c615b0c5128f603949bba2e6fb7372ad7b6ac2b5f652fd9	1398884183fed3746fb36758fb9a106995c45a8620375e521a81ef1a9dc6269a	292c52f349ecd10fabdd67e5d7bfbca9b5bbf74ad09904dbbe8f8c6bee7ea70a	0	976	1fff7775cb7033ed036fec60672330baaf263833061f3640c8a1ab84189bc28c	e3b0c44298fc1c149afbf4c8996fb92427ae41e4649b934ca495991b7852b855	2.4074751261838065671816444535124901449307799339294	6.5850901920803571396034747920111840358003973960876	2.40747513115975554642833600382800796069204807281494140625	6.58509019615813039061347211600150330923497676849365234375	-18.444555883484051123037689453786927339384605790864	-18.444555836397053928123914015643026530219646054067819992643112453043992474771630	142.87957317863306824155987319996137291015800476074	54.343853505472702599639636110386473774813965396424	142.879573178633068241559873199961372910158004760742187500	54.343852873980664380884508429582658090838737170655050915977849640517596546525744	-0.00110672328822399115894163718122121252	-2.8411222459205531948120958361575244031541503152198E-11	-2.8411224127151745662422073001497766731575884314240161957046834939464533549677275E-11	1.667946213714301114639922522700034381162042161957046834939464533549677275E-18	-0x1.f3e7a07dccd83p-36	-0x1.f3b9ef3390705p-36	-0x1.f3e7a54c59567p-36	-0x1.f3b9ea656550cp-36	true	true	true	true
283	D5	U08-0000000215_S09-0000000323	8	215	9	323	78a2d78907b243ea7c59de828370d3e4d34f8b771add9595d43484ba2c1805f3	937d88ed069778b3d3a9bbe016e772e8f3a69e687c54353c553f3e149c27f47f	c376359d37f98626609f4c2b83eded5071889941ce00c23304c001b7665d7e74	0	980	4e86fa06a21d13c372423a4eeecf5a817c8005370a987f23da1d2377429f5332	e3b0c44298fc1c149afbf4c8996fb92427ae41e4649b934ca495991b7852b855	2.4074765113099104094085411986725375754758715629578	6.5850915543341500338336835795871593290939927101135	2.4074765162857279555963518902217401773668825626373291015625	6.5850915584118090324861061191086264443583786487579345703125	-18.444623725358817108664352349113525897729657001213	-18.444623678271731294867635365547903445586100012103683566078147110562313014010774	142.87346566143768599437837957909159417651715087891	54.343846080525644311340481677711015718970817939338	142.873465661437685994378379579091594176517150878906250000	54.343845449026873023207716182160662125563716773540833459995482906716585773629927	-0.00110672328822399115894163718122121252	-2.8408084554224544293579689795251621110044553946777E-11	-2.8408086221992622360762936653179126975465804434778647500133668940995715987350178E-11	1.667768078067183246857927505865421250488001647500133668940995715987350178E-18	-0x1.f3d97e40b24c1p-36	-0x1.f3abcdec61bdcp-36	-0x1.f3d9830f1d6bap-36	-0x1.f3abc91e57e9cp-36	true	true	true	true
284	D5	U08-0000000216_S09-0000000320	8	216	9	320	102401a892344bf95fafb781e4d6fea6799fd869a4c263660393cd8b98baebaf	549d27a08d163694ae1e8882335f5769f8096e3c89d899a65d57be0ef7e7233b	28c48cbbcfa7c6d1fa044b10538be28e90337fade77bf6846e15298d5cc623d4	0	989	7ed8eaf48e61bbdadf3d8e02a519cefb5d27064723f3156c26f61aea5cc9df94	e3b0c44298fc1c149afbf4c8996fb92427ae41e4649b934ca495991b7852b855	2.4074782309227533705353607729193754494190216064453	6.5850927151508761303588812552334275096654891967773	2.407478235898794338698536421361495740711688995361328125	6.5850927192286928708864213177776036900468170642852783203125	-18.444397947772193090484595302435029231937920338900	-18.444397900686365925316397176100248929781010564309322977959222437131550915911905	142.89120647703208570230591977975730192086743964844	54.345616420310049097838208035162598059330657091478	142.891206477032085702305919779757301920867439648437500000	54.345615788849302230818862017299478046343219855356559115582758562657596902745067	-0.00110672328822399115894163718122121252	-2.8417101725074642059187524837713605394588045073883E-11	-2.8417103393305688791839927349470444220661861927259902245798711078175187524160450E-11	1.668231046732652402511756838826073816853376902245798711078175187524160450E-18	-0x1.f4021bc18eda8p-36	-0x1.f3d4689a05495p-36	-0x1.f402209032ac5p-36	-0x1.f3d463cbc3178p-36	true	true	true	true
285	D5	U08-0000000216_S09-0000000321	8	216	9	321	3d0f3c79d8ba6953aa4b337e23271b628ae3db4c533a3ca1757809ccd705d751	a87440606fc16f7d47440014f3d89f722cdf9a2e9c3e6cdc4513023f4a23a482	ad7750051af02085939bdc2657b4f57a24971c2a9d7b9c5d5fe55ecdf4b3f8e6	0	973	54df594b0d857af05f5d954bfb87edac928790bc3e8c90e9be7555601b38a26a	e3b0c44298fc1c149afbf4c8996fb92427ae41e4649b934ca495991b7852b855	2.4074796170666902875301396136364928679540753364563	6.5850940782927834676874212505026662256568670272827	2.4074796220425997393677075564255574136041104793548583984375	6.58509408237048587952955358559847809374332427978515625	-18.444465787341207822329209768128848354853282551593	-18.444465740255291934585233396284122384612099145038014283030812571840486384208253	142.88510071738453652977078180862177649449400642090	54.345609337015665719414705553198715634397666614886	142.885100717384536529770781808621776494494006420898437500	54.345608705548177202887296957112211260475650302080432340365644994158578192902576	-0.00110672328822399115894163718122121252	-2.8413963505904557362198473565020298789989686338367E-11	-2.8413965173957463160355351751226917695361521884457681052286922969211369275607414E-11	1.668052905798156878186206618905371835546090681052286922969211369275607414E-18	-0x1.f3f3f927dc6cfp-36	-0x1.f3c646f5f7155p-36	-0x1.f3f3fdf63569dp-36	-0x1.f3c64227ffab7p-36	true	true	true	true
286	D5	U08-0000000217_S09-0000000320	8	217	9	320	e662f7474b8abb247e9b999050310358ef3ef66380836b7968229e950881b43d	c31770f1408ba35c2a7dd916b78789f928f04b7fc4a74a81c622af6810f0a803	60d060d7cf8fc69a24a3436615d304ed87686f0307f44c9b3cf17b0922dfc218	0	977	f1c24d55f1dfe7e498a1a7a76aa97a72694135790dbbc47cdad4e82a76f9993c	e3b0c44298fc1c149afbf4c8996fb92427ae41e4649b934ca495991b7852b855	2.4074841073967312987669231461040908470749855041504	6.5850979642459114143937526364425139036029577255249	2.4074841123726012613592839528564581996761262416839599609375	6.585097968323543042579171213901645387522876262664794921875	-18.444375694554244862646214147250285708339083765745	-18.444375647469410313512202829668792173207155615874085913931534576609998037094786	142.89062735259681546045070375327693377806589812012	54.347364920819777101721290942050844673928069779868	142.890627352596815460450703753276933778065898120117187500	54.347364289376840306066895157981753570862503420645959359348574249722530021372198	-0.00110672328822399115894163718122121252	-2.8416704658674492908996682966704487987653685752004E-11	-2.8416706326834087630213511251743451991216054113814764318100654572593737002258895E-11	1.668159594721216828285038964003562368361810764318100654572593737002258895E-18	-0x1.f40051f0c7c1ap-36	-0x1.f3d29ed81e964p-36	-0x1.f40056bf60d3p-36	-0x1.f3d29a09e7159p-36	true	true	true	true
287	D5	U08-0000000217_S09-0000000321	8	217	9	321	af166990a7fe5bbe3fb2b50018e2d6df0b9e16ead9b1a8669645eec5d84c19bb	06f48a669a228a66437969c7740dc1495fe5f0a146d88774ffe543413a8be36c	c927ba857d8244cc95320ba91fd6f7b050bc127c83052a91091be2cdf5f01479	0	974	be23fde9a91b6e8d6b9c34714237c931e0f5196c45bd45b3dbe3b6b184f7d9c7	e3b0c44298fc1c149afbf4c8996fb92427ae41e4649b934ca495991b7852b855	2.4074854936577327751967558810974878724664449691772	6.5850993274925301093625229498229600721970200538635	2.4074854986334712249329559341504136682488024234771728515625	6.585099331570047405393086847880113054998219013214111328125	-18.444443533872313535442919522460800435874096231378	-18.444443486787390274772493741373011977943852938850215950172205126844058049039736	142.88452161010781053051572470034212397466874785156	54.347357870713647577058643563939864396671366733854	142.884521610107810530515724700342123974668747851562500000	54.347357239263969773641204897333134828230755578744975373793648887630301904754516	-0.00110672328822399115894163718122121252	-2.8413566471505115826028072748844586228798645019217E-11	-2.8413568139486575754671587577812088824461314098022599954397705700106671906573584E-11	1.667981459928643514828967502595662669078805599954397705700106671906573584E-18	-0x1.f3f22f6050dffp-36	-0x1.f3c47d3db75a4p-36	-0x1.f3f2342ed3c73p-36	-0x1.f3c4786f97509p-36	true	true	true	true
288	D5	U08-0000000216_S09-0000000322	8	216	9	322	62b2dd8b1845011ed9419ab9dd687b3e5078e1d16c15e968fead111d04a034e1	feba1fc3be62db8a6b73e87be105070e24a29d4107746d47fa06adb52e03c859	2096db7f0545b1be58e27438363fc5dad82a42d4717c2b3f88b2968d39960344	0	978	c3836325e3db74e74a4a28be608ebc1473f473bea49a9fd9a945ed4bf743d806	e3b0c44298fc1c149afbf4c8996fb92427ae41e4649b934ca495991b7852b855	2.4074810027602472628505125840092659927904605865479	6.5850954410429691013306729985288257012143731117249	2.407481007736025239995836244588645058684051036834716796875	6.58509544512055722265131407766602933406829833984375	-18.444533627937317028384356529348067272002947639934	-18.444533580851312488466876810732783158367316655044623401474887450652949716305106	142.87899408754234294121254547171948222597500434570	54.345602099497259015938935605507662562268780727398	142.878994087542342941212545471719482225975004345703125000	54.345601468023033653120669973129340738423233606362891644860086752052216127624926	-0.00110672328822399115894163718122121252	-2.8410825459833417122073647140223981985365376620147E-11	-2.8410827127708187229193943822107369335573159023367376074227280761394866429188636E-11	1.667874770107120296681883387350207782403220376074227280761394866429188636E-18	-0x1.f3e5d6c0b7c02p-36	-0x1.f3b8258588caap-36	-0x1.f3e5db8f4fb03p-36	-0x1.f3b820b752c0cp-36	true	true	true	true
289	D5	U08-0000000216_S09-0000000323	8	216	9	323	75fd241d5347592e4d381444ae42ceae4f74d1d4656c4389311a4835e0722233	4519d1a4c0998c818b89a0dce0cf129d9cbe86fbab468e3e1e2f0db7afe95254	01a34252e3cdb25489f63df000312e8a8e633b2567c0ac46f1967ae0d73c4eb4	0	995	6f7b039ace384956b36e4000323a983d745302e2ee6c4820fdcae63cfeff2daa	e3b0c44298fc1c149afbf4c8996fb92427ae41e4649b934ca495991b7852b855	2.4074823880033934461741829125003278022632002830505	6.5850968034014052687741269664911669678986072540283	2.4074823929790399902606257143133916542865335941314697265625	6.585096807478879134267746309205904253758490085601806640625	-18.444601469560718603811132509586755982624709123657	-18.444601422474625456104763250339089848410987409245231238810699504452066973266144	142.87288658750550493663121076905041911531043342285	54.345594707745901839745021699610858112964679269260	142.872886587505504936631210769050419115310433422851562500	54.345594076264944050429182502010886695868755108115543029023606761493377316536763	-0.00110672328822399115894163718122121252	-2.8407687586852880464304995265118232701104942953314E-11	-2.8407689254549521064263362913165865451189846488160428043905180024938904069346893E-11	1.667696640599958367648047632750084903534846428043905180024938904069346893E-18	-0x1.f3d7b48d20ac8p-36	-0x1.f3aa0447ba85bp-36	-0x1.f3d7b95b855b4p-36	-0x1.f3a9ff79b736p-36	true	true	true	true
290	D5	U08-0000000217_S09-0000000322	8	217	9	322	c905cc8e5d17d64e0ce2f85b0bcd44cb573cf5279d3dcbd3294e75946829c05f	60444423817304207e96d834964e858312bfc3f0bc77f0aac8a25a23a339e44d	8fe9f57394e0d71e2aa4837d33e593ef2efdc89988791959c21628203a6858c4	0	982	16bb57b7ab30d3de103d4285031924e5ad51d19b649ead5cbbc3f4f49db2bcd8	e3b0c44298fc1c149afbf4c8996fb92427ae41e4649b934ca495991b7852b855	2.4074868794683458861349834023712901398539543151855	6.5851006903473997683429175253877474460750818252563	2.4074868844439528577094922212609162670560181140899658203125	6.5851006944248027634436493116254496271722018718719482421875	-18.444511374217302263687191354897394059036134174129	-18.444511327132290309908338790858192692241019335615831469058568993107405130013598	142.87841499742416118455764728164054532912602873535	54.347350666386748931420996564105732293606605980863	142.878414997424161184557647281640545329126028735351562500	54.347350034930334153519884681723232165673118881292537348971901624113742659263950	-0.00110672328822399115894163718122121252	-2.8410428457434707113103441825849621149047296584093E-11	-2.8410430125238039371689853702172876551327400645743173680239260268687012613609132E-11	1.667803332258586411876323255402280104061650173680239260268687012613609132E-18	-0x1.f3e40d02f2edbp-36	-0x1.f3b65bd668a34p-36	-0x1.f3e411d15eedfp-36	-0x1.f3b657085dd4dp-36	true	true	true	true
291	D5	U08-0000000217_S09-0000000323	8	217	9	323	fc9b2647db7325314e13d99d2ff4e09ac33cbb8388c43c8b5f8fddf1ee35ac3c	a0fc112491fb3450abcd3cbbec7af099e3178ec4e154bb3b6b1a6462b530087c	6043d608e376fdd938e853f6d26b84a6dbb095aa5daf80850247e10991368913	0	975	37217638c637c1581d5b1fb46495843c66ba5e454cb5cfeae705be5b53da16fb	e3b0c44298fc1c149afbf4c8996fb92427ae41e4649b934ca495991b7852b855	2.4074882648285397881982028422953590052202343940735	6.5851020528104926218815329264089086791500449180603	2.4074882698040153093665960426505989744327962398529052734375	6.5851020568877813576857960242705303244292736053466796875	-18.444579215589408898293157262416008521843727565413	-18.444579168504308347735667320013263977705276700207758138154515039458345791245629	142.87230751454586742257647149717219784143774077148	54.347343307830153918114040724473920682002906701525	142.872307514545867422576471497172197841437740771484375000	54.347342676367007354527140477074605625176628523114569226630254781576942342221746	-0.00110672328822399115894163718122121252	-2.8407290616454926727663767221404030978975776044971E-11	-2.8407292284080135622009031805403989152359964377092843757430450075438646143836323E-11	1.667625208894345264583999958173384188332121843757430450075438646143836323E-18	-0x1.f3d5ead8add84p-36	-0x1.f3a83aa229f61p-36	-0x1.f3d5efa707e6ap-36	-0x1.f3a835d4326dbp-36	true	true	true	true
292	D5	U08-0000000216_S09-0000000324	8	216	9	324	f32c41a82654e027edbc9d079d8b872790dbe817dcdca9a728934fbbcdb57f50	a20513b644d7f528e73c82727d2b17788b5e88561950a19a233632437aa4af02	909e398fc7732a887c50eff29ca27ce827834faa0e341bee035ea66e08c9e3e4	0	979	5a316f1ebbd1184c3818bbff3a259ef34d5c50fb716c4157ee2790de863d3ff3	e3b0c44298fc1c149afbf4c8996fb92427ae41e4649b934ca495991b7852b855	2.4074837727960980010566416353867680300027132034302	6.5850981653680642144421675254761794349178671836853	2.40748377777161313983977919406243017874658107757568359375	6.5850981694454238553337876993509780731983482837677001953125	-18.444669312211610490020795217834024326146153597288	-18.444669265125428752892484295981818789155492804744085963286987139157777950495889	142.86677821727402251602677770061458716250029365234	54.345587161752665778594349879684504485350827374002	142.866778217274022516026777700614587162500293652343750000	54.345586530264979599151344252836696404005213355030670790767837373994911857685271	-0.00110672328822399115894163718122121252	-2.8404549886954605904797095658354349553111040754384E-11	-2.8404551554473124121468279114833321138175344180893551705931749609636863650162369E-11	1.667518518216671183456478971585064303426509551705931749609636863650162369E-18	-0x1.f3c9928c6f9a6p-36	-0x1.f39be33d2ff87p-36	-0x1.f3c9975ace576p-36	-0x1.f39bde6f33bdap-36	true	true	true	true
293	D5	U08-0000000216_S09-0000000325	8	216	9	325	cafcad7923c46050607dd12f0e639e2f171f1d4f7fb4041bb84da8f316d92698	7976100463b8f40f9c087bf5bb74a704380c6bbd26103ec7e317125db559407d	2a663a0fc3da0e93b3f0b520f9729f64d4c7c7b1fd3f65e13aa6a614e2a9e482	0	960	6443afe02a8d81dfe862f90ee5744cdd33ada855bfb8eb473b273332e79faf08	e3b0c44298fc1c149afbf4c8996fb92427ae41e4649b934ca495991b7852b855	2.4074851571383300632978041733167628990486264228821	6.5850995269429181896980729504775808891281485557556	2.40748516211371384188044686425200779922306537628173828125	6.58509953102016364068216347504858276806771755218505859375	-18.444737155890190674673999067061770305657800682003	-18.444737108803920392432711850429485854025819444500683832390849647709444437488972	142.86066897684789567939924626641198636754458503418	54.345579461508621155373403463148573544615713433598	142.860668976847895679399246266411986367544585034179687500	54.345578830014211008143379025562063165007723296878191609450515804054499855460704	-0.00110672328822399115894163718122121252	-2.8401412360130251350493392172231392785735499910301E-11	-2.8401414027470653369518151982254124716541946747321339057016786618625320182716672E-11	1.667340402019024759810022731930806446837020339057016786618625320182716672E-18	-0x1.f3bb70bebb516p-36	-0x1.f38dc265d4ecfp-36	-0x1.f3bb758d30082p-36	-0x1.f38dbd97c1befp-36	true	true	true	true
294	D5	U08-0000000217_S09-0000000324	8	217	9	324	68290a11374eea2575d0b1bfeaad872209066dee97753f1596555f26075898bc	f6a366b424f3917063db53d1fc9f4a7a8280bd46cf1d3c8b42e5da8fcf96f5cc	6b7920fa70204b5cf4f8fe642db9fc8eb6f5f221cce183306cfeb468347bfcd8	0	980	770d7c44e7ef14bb64d8c7ddc884872923611e32f6d07e7c1af2a267ba2d3c7f	e3b0c44298fc1c149afbf4c8996fb92427ae41e4649b934ca495991b7852b855	2.4074896497382836171863296215178706916049122810364	6.5851034148817809213416474278801615582779049873352	2.40748965471362773305141757873570895753800868988037109375	6.5851034189589554290744644049482303671538829803466796875	-18.444647057988831440346276288354231869937948202507	-18.444647010903642311362442327293644745888616200640274198842875889621618799700739	142.86619916147292924457219734693708151160388395996	54.347335795034935565040674599900459143954160163778	142.866199161472929244572197346937081511603883959960937500	54.347335163565061251591651335952521603000342352939266740885036371730502645018850	-0.00110672328822399115894163718122121252	-2.8404152948557430260806836922826728359124189833089E-11	-2.8404154616004522915403518011522958121972844886400004322794390004872780891424020E-11	1.667447092654596681088696229762848655053311004322794390004872780891424020E-18	-0x1.f3c7c8e17eb84p-36	-0x1.f39a19a102b29p-36	-0x1.f3c7cdafc2fbp-36	-0x1.f39a14d320c82p-36	true	true	true	true
295	D5	U08-0000000217_S09-0000000325	8	217	9	325	20c8f8013e2c2155f91db9791ba48178d13aac65243d7d16083f7278536fcb4b	0485aba942fa134f01fc77cab7571a384dfac63cb77cebbc43dc2fa4ba072814	2b0dc21e6b77cc400bae447500a3a170ebc524dbe794224289b4f2ae54a79a51	0	1000	1103f5708eb57c5c9e92037697373d6b29f4635315e1530884ff3ba4321e2538	e3b0c44298fc1c149afbf4c8996fb92427ae41e4649b934ca495991b7852b855	2.4074910341975465366548547763159149326384067535400	6.5851047765612369042087514969807671150192618370056	2.4074910391727592819111070099324933835305273532867431640625	6.5851047806382972220340388247450391645543277263641357421875	-18.444714901415767781303756440236310367124381521751	-18.444714854330490144167780285818577566426718382265919807753880865981955417460419	142.86008993820534665054482483093519633962445830078	54.347328127992163326912817325117836006604415770781	142.860089938205346650544824830935196339624458300781250000	54.347327496515566070194752583878261137227604137742255690064774516369371972981315	-0.00110672328822399115894163718122121252	-2.8401015453733878329170432146418333137448814066078E-11	-2.8401017121002859991351347150754854671638274818383078045423962297046536511889535E-11	1.667268981662180915004336521534189460752305078045423962297046536511889535E-18	-0x1.f3b9a71d81e08p-36	-0x1.f38bf8d2d3f65p-36	-0x1.f3b9abeb91e5dp-36	-0x1.f38bf4052567p-36	true	true	true	true
296	D5	U08-0000000218_S09-0000000320	8	218	9	320	237f3bfd0fe94d0451710e0b311acbd27586aa2374f54c0fbfd1f167635986fb	93c908d163f348f28ae2f1514e2a43deaf32de8d3db2b990e90d3cdf2db37734	5bf03e5cdd3fecfc33e85ef9d052eb6d3d89ccfc1227b8ca9b6d22a128961a1e	0	976	04f77d1d2f935375e994d780883a32d5758db4ce13ff7f55f5d921f90de544e3	e3b0c44298fc1c149afbf4c8996fb92427ae41e4649b934ca495991b7852b855	2.4074899840023624084106579346098442329093813896179	6.5851032136827152077551694731027964735403656959534	2.4074899889780613689016508516260728356428444385528564453125	6.5851032177601617374762543732913400162942707538604736328125	-18.444353443162738833318977510684952489517685469739	-18.444353396078896909158586518903278409369437559532948468725888035485734205078901	142.89004822913408876228791726495951942259838139648	54.349113394198018329106875022676942974966397750393	142.890048229134088762287917264959519422598381396484375000	54.349112762772890484566097962912942203332664767187670442503655385010268196225846	-0.00110672328822399115894163718122121252	-2.8416307589247194632788634283404414031221130720700E-11	-2.8416309257335340289437621039263230880563765698914686486551884882799576399117230E-11	1.668088145656648986755858816849342634978214686486551884882799576399117230E-18	-0x1.f3fe881ebfa61p-36	-0x1.f3d0d515b0637p-36	-0x1.f3fe8cedaac74p-36	-0x1.f3d0d0472681dp-36	true	true	true	true
297	D5	U08-0000000218_S09-0000000321	8	218	9	321	12435acdc99d8e7756de664c0d6200655c8e25ce94bbaae3147d71efacf817e3	4c2c3a71ec15b8a09f84f939416a87335ee3800dacb242623e4456736a38b1cc	5b7cd508fba28f36c58e0795373b1b0a62a5f194d99f05a39782a3678d379429	0	987	de2a44477e6e2bd5a7cad6e277b403f99a967a48f6c32c9921bc4554782afd0d	e3b0c44298fc1c149afbf4c8996fb92427ae41e4649b934ca495991b7852b855	2.4074913703804338219183200919815135421231389045715	6.5851045770340586663071924533596757100895047187805	2.4074913753560012556753644474838438327424228191375732421875	6.5851045811113908569345287702390123740769922733306884765625	-18.444421282229930876092155354507603420827871107585	-18.444421235146000225370598810963489533204763821980650755323908328685458754049651	142.88394250380362807495309713022542524217751408691	54.349106377279204143994666452977124283355301418518	142.883942503803628074953097130225425242177514086914062500	54.349105745847335546554829519554933987255488459162624179437046767065506760035581	-0.00110672328822399115894163718122121252	-2.8413169434078830516190979691172551096864085106575E-11	-2.8413171101988848464824192246746784614241717855109211529521566346890018336172341E-11	1.667910017948633212555574233517377632748534211529521566346890018336172341E-18	-0x1.f3f06597f1ba5p-36	-0x1.f3c2b38483eaap-36	-0x1.f3f06a668fd5bp-36	-0x1.f3c2aeb6485f4p-36	true	true	true	true
298	D5	U08-0000000219_S09-0000000320	8	219	9	320	666b41916b2353615bd549bd53a3f8834df0134b3d40d68a42d2eb58aef859b7	09d6810f90b35c6c02e475f977f4af59a52efa0de33d1c4147980017c9bf0421	bbfb19fd4ed4fb01aa2b11d392bcb90c18dab0f48f6afd96c398c44ffd93565f	0	970	e0b68c39d58a83bc15d662968be3e48ff0086bb7fd3b779bc406d530d5dd8683	e3b0c44298fc1c149afbf4c8996fb92427ae41e4649b934ca495991b7852b855	2.4074958607396527016097920181891822721809148788452	6.5851084634612641471873573095763276796787977218628	2.407495865715180642652182285701201180927455425262451171875	6.58510846753852559232189634030874003656208515167236328125	-18.444331193597536872855676738520431603952815802729	-18.444331146514687582295986119705867627365308926241740036750266645609729925731567	142.88946910664390560781756031480505885446488947754	54.350861840446476260441169632943691221534256650997	142.889469106643905607817560314805058854464889477539062500	54.350861209039156239188407386353755223627678622299785347288102882653807300665039	-0.00110672328822399115894163718122121252	-2.8415910516792800679112434166387659301498185451624E-11	-2.8415912184809500230604647495066083355304534616371311352120916557182664272675822E-11	1.668016699551492213328678424053806349164747311352120916557182664272675822E-18	-0x1.f3fcbe4c542f9p-36	-0x1.f3cf0b51db78p-36	-0x1.f3fcc31b10c3fp-36	-0x1.f3cf0683800eap-36	true	true	true	true
299	D5	U08-0000000219_S09-0000000321	8	219	9	321	d38c34f744cd15a4c045c875d2ba6c894e602fca3dfe7cbd55912be30188fa9e	fa1b7142e805a5a0b5627a32586b247b380326062d28c1a60546b8215eb5f85a	32a414b56007a0625b69dbfb949c57da927c5056ca05238c4855faabdc72ac19	0	982	74df479b1fe45a817ff6794bd34478d2c995710804df901fd90f13bef3c6db42	e3b0c44298fc1c149afbf4c8996fb92427ae41e4649b934ca495991b7852b855	2.4074972472347994159602713182266597868874669075012	6.5851098269173457752656553054748655995354056358337	2.4074972522101958267992660722711661946959793567657470703125	6.5851098309944928778369988009444568888284265995025634765625	-18.444399032413921716597735621782269002351675454914	-18.444398985330983710347101155575914275820350668202226772399004710290060535664646	142.88336339847198916308289909827168029702030512695	54.350854856714039135666534601801932552454540316066	142.883363398471989163082899098271680297020305126953125000	54.350854225299978999028965663735325933563567224331967316523617959908478512185578	-0.00110672328822399115894163718122121252	-2.8412772393625754533141556440449463567451685877775E-11	-2.8412774061464332525163838605663203712091155986792001110133208909589906399546910E-11	1.667838577992022282165213740144639470109017001110133208909589906399546910E-18	-0x1.f3ee9bcf2991ep-36	-0x1.f3c0e9c9f0079p-36	-0x1.f3eea09d66361p-36	-0x1.f3c0e4fc15974p-36	true	true	true	true
300	D5	U08-0000000218_S09-0000000322	8	218	9	322	9c7e0faf8a0a4e1c188c987a2068e9d01c0e9cbf484a30bb385aa28cc0968865	11c93bde09ce983a139660d489d5c396ca2aca2102e02746468243e19dfb0c81	d58c11ecce8fa736f8cc3386cc0f7daffb7f05088924831a726a5610b615bec5	0	978	a5f02940c4db1547b5955efe93e912d1cc0400bd76a22b62f3c2d70eea7282bd	e3b0c44298fc1c149afbf4c8996fb92427ae41e4649b934ca495991b7852b855	2.4074927563081084391782837883511092513799667358398	6.5851059399936257565677522052283165976405143737793	2.4074927612835443878347430057829114957712590694427490234375	6.585105944070843646265256410288202459923923015594482421875	-18.444489122323868550732253259408309731524786818592	-18.444489075239849243822600800026280160295938101040352060783362541623597162346016	142.87783590827852297159517862972456221961107792969	54.349099206142874557348770033979822473653035719878	142.877835908278522971595178629724562219611077929687500000	54.349098574704270009342897827324275612865052590206128175387679307621229605575884	-0.00110672328822399115894163718122121252	-2.8410031452009459409248728280740530177769247422447E-11	-2.8410033119741354894319689172058486492758524453978376879477672770035196282908353E-11	1.667731895485070960891317956314989277031531376879477672770035196282908353E-18	-0x1.f3e243441e3f1p-36	-0x1.f3b492268d858p-36	-0x1.f3e248128cb53p-36	-0x1.f3b48d5880ce8p-36	true	true	true	true
301	D5	U08-0000000218_S09-0000000323	8	218	9	323	adea99a16845e5b972c9b2c738a2f3592b8c97c4aa7257cea2d88f3248d5710e	f33196164ceb8b6b74b9c019985fe0e81e02cb29bd9008f74f5a1e5c68eabfb9	7e7c0c0dafbf1e384da8359867cbe78e96fb87e1f17e9159d85796723bddfbe7	0	977	a179df2cc7309b20d457530d9a6daee03f78e95963abb689266a4d25262848f0	e3b0c44298fc1c149afbf4c8996fb92427ae41e4649b934ca495991b7852b855	2.4074941417853554168071461560884927166625857353210	6.5851073025613887160223391958879801677539944648743	2.40749414676065991158804280303229461424052715301513671875	6.585107306638492342953927760618171305395662784576416015625	-18.444556963444749767825420541547979640755619800015	-18.444556916360641875062868737484531313670058178547620102227712797858272861261559	142.87172844255877345221416176345693035489907292480	54.349091880780103762476955853032487408728817873429	142.871728442558773452214161763456930354899072924804687500	54.349091249334768067508594866312235617615986447490701447973827513386256216449766	-0.00110672328822399115894163718122121252	-2.8406893643030738344693128357674267070081926561345E-11	-2.8406895310584516611956169084790505303996754267810853478384283157031518714044950E-11	1.667553778267263040727116238233914827706465853478384283157031518714044950E-18	-0x1.f3d421231ccd3p-36	-0x1.f3a670fbf14eap-36	-0x1.f3d425f1a53e1p-36	-0x1.f3a66c2dc9d88p-36	true	true	true	true
302	D5	U08-0000000219_S09-0000000322	8	219	9	322	c114a8b7610b6c6baefcab9664aaf4cd8f56de0b2ced3d64a09d82d7089e4d01	479c123d3c9a99b9c8cdf93091467168c5368beb74650d585e7ab1f28d44f16e	06f1a17b7a2b0064f98e60d799501a771640e32c1cfdccef9c32a48a07c3311c	0	983	0a9f3103f356f5e7f44531bccd667789153d67b7f525fe204a889637bf573c83	e3b0c44298fc1c149afbf4c8996fb92427ae41e4649b934ca495991b7852b855	2.4074986332795409102458528138868132373318076133728	6.5851111899816237096882964863198139937594532966614	2.4074986382548058290453685259535632212646305561065673828125	6.58511119405865651132980786996995448134839534759521484375	-18.444466872256877815768629758803556845997142479941	-18.444466825173851190165236301829049360594866828777255203402638989733741984164626	142.87725682010542830232513951597153289743015192871	54.350847718767340613814102889972677444245283647187	142.877256820105428302325139515971532897430151928710937500	54.350847087346545548529702373403348105898291179973780160660552983365467707162983	-0.00110672328822399115894163718122121252	-2.8409634443557724884371096528081642657656183100148E-11	-2.8409636111218185622739667763197474585648118575097008421799885178772641866469090E-11	1.667660460738368571235115831927991935474949008421799885178772641866469090E-18	-0x1.f3e0798466289p-36	-0x1.f3b2c875ccdfdp-36	-0x1.f3e07e52d3ad5p-36	-0x1.f3b2c3a7c0d16p-36	true	true	true	true
303	D5	U08-0000000219_S09-0000000323	8	219	9	323	ac36d50dbeb75ba33bbc8a1302792f7612daf29ab56d76495fd043c06a41b141	f2a018b76a6795473b046b86d235b04f548e1d1aa58b54f6fe748ed9c46bb063	cc02627a2ef62cae8df63245a32b3747965f51c4f6c76d539cc113ce8785b3de	0	963	9adb249111113036f571f30de19144fcbb5f4ec3f8d458cefa2e39d42f5ad293	e3b0c44298fc1c149afbf4c8996fb92427ae41e4649b934ca495991b7852b855	2.4075000188738463272053458297250472242012619972229	6.5851125526540701948796652231976622715592384338379	2.4075000238489797921292989713037968613207340240478515625	6.5851125567309887198774731587036512792110443115234375	-18.444534713126603140626142522337927844490556243336	-18.444534666043487862070489174062309996009354159722596002191619011625337401361147	142.87114937154422302554428156790461665569442988281	54.350840426597456328437966888150350157049905177353	142.871149371544223025544281567904616655694429882812500000	54.350839795169929598247050412427600441363382966699334025015546279753870824580642	-0.00110672328822399115894163718122121252	-2.8406496666580365841254182402587509138631911390581E-11	-2.8406498334062718329115513602443016014757504383786132531403856137595409979139107E-11	1.667482352487861331199855506876125592993205132531403856137595409979139107E-18	-0x1.f3d2576cf5a6fp-36	-0x1.f3a4a754830dp-36	-0x1.f3d25c3b5e82cp-36	-0x1.f3a4a2867c018p-36	true	true	true	true
304	D5	U08-0000000218_S09-0000000324	8	218	9	324	3c07cdb4cb8da9b370992619eca3483280b5af9bc9abd33bf35f91f0c2ca4d47	ed4cc07d31f24f5838b721f2f525a1f874b2cdc6c39cb01cd66f881074da3f1b	3e149cec482c7d730fbaf39ef7e1e3e8c29954289b03e9eda9715401df398937	0	973	89255798ee79dc2221cde3a41f023f178fb21142b7be5a62e68107bbaba6dd69	e3b0c44298fc1c149afbf4c8996fb92427ae41e4649b934ca495991b7852b855	2.4074955268121438906048226158418401610106229782104	6.5851086647373197821564438925179274519905447959900	2.4074955317873169800824140196482403553090989589691162109375	6.5851086688143091775471393845009515644051134586334228515625	-18.444624805592772432251413654929849970859506920895	-18.444624758508575971973442290280241747762498238006552590456624601713528153226818	142.86562010664437951681004653142252964804149907227	54.349084401181963918862060389488873728323214149795	142.865620106644379516810046531422529648041499072265625000	54.349083769729901112204006739462859275680806439444994122221759918209852235894647	-0.00110672328822399115894163718122121252	-2.8403756007134325624053907738755740872387992157872E-11	-2.8403757674509993798625428392222855262334230453713349634251943361517623642659989E-11	1.667375668174571520653467114389946238295841349634251943361517623642659989E-18	-0x1.f3c5ff3592386p-36	-0x1.f3985004076f4p-36	-0x1.f3c60403d22e7p-36	-0x1.f3984b3629ffep-36	true	true	true	true
305	D5	U08-0000000218_S09-0000000325	8	218	9	325	63c386fedc234d5b90b31ee1e5547baffca3b0d12d941d02c1962f9db03d72e2	b7273f0107658f6817392af51145c1b46a26ac73d570f6ea935f4b4115ecf6d8	53829e53e75e57da8ce99074db187f3af80f7054f9b3fcff9f093f56ec4c00c5	0	982	caf0a264003df7b877aca21b2b89ee4b365e6332497243330f1373b92ea1b127	e3b0c44298fc1c149afbf4c8996fb92427ae41e4649b934ca495991b7852b855	2.4074969113884430241268042038882413180544972419739	6.5851100265213911993944506662046478595584630966187	2.407496916363484736056665980186153319664299488067626953125	6.58511003059826639793872260497664683498442173004150390625	-18.444692648768134495142672843260954047779307770910	-18.444692601683849511628798048341145779009663222123657221345762915986477267105793	142.85951090053534116538283293362136009903835637207	54.349076767339525921463078628812898183438723193718	142.859510900535341165382832933621360099038356372070312500	54.349076135880740424460849907485121301997189262923355848445573641744568853800458	-0.00110672328822399115894163718122121252	-2.8400618544311878939393646597417841351738625675699E-11	-2.8400620211509443208140428655070573322686187034598674154790018410509117069101994E-11	1.667197564268746782057652731970947561358899674154790018410509117069101994E-18	-0x1.f3b7dd7b1275ap-36	-0x1.f38a2f3f3ee73p-36	-0x1.f3b7e2491856ap-36	-0x1.f38a2a719b6bep-36	true	true	true	true
306	D5	U08-0000000219_S09-0000000324	8	219	9	324	e2d2f9ce625719e97fb1ea4ec50f08def66931bc141d57f8014e232632d0c78b	34ce9207c99d857927629517097a75b81b7893ca274f3ad57c33e3f6c40ee87e	3ac12185a78f821d79d8efccd5bda919395582063eb5b2f667620353968270b4	0	977	6b6beb733aff01b4544950173cfb99db7afaf89bed95b059a0d30465c697da86	e3b0c44298fc1c149afbf4c8996fb92427ae41e4649b934ca495991b7852b855	2.4075014040176848234553474981112231034785509109497	6.5851139149346574475085702715659863315522670745850	2.407501408992686865728760636784500093199312686920166015625	6.585113919011461737496038182371194125153124332427978515625	-18.444602555023295447883576946302284388552358533267	-18.444602507940091612638041891281351945140929171085262473511881953329458006506431	142.86504105278837333274032525407093157181313898926	54.350832980195456800510485670684041597632501549827	142.865041052788373332740325254070931571813138989257812500	54.350832348761203594691442932611294717311963042696793159622102561329636163302970	-0.00110672328822399115894163718122121252	-2.8403359062685340294369227139241600157147845414823E-11	-2.8403360729989588839727756230981878200258883304866713831867257753512178295339757E-11	1.667304248545358529091740278043111037890043713831867257753512178295339757E-18	-0x1.f3c43588bfb6dp-36	-0x1.f396866629302p-36	-0x1.f3c43a56fa40bp-36	-0x1.f396819851682p-36	true	true	true	true
307	D5	U08-0000000219_S09-0000000325	8	219	9	325	8f0cd5b18f34fabbfd1f92c74735c8b08ac3ccc184f90ac0896bbc6d66b98e91	ca3baec57c37c83d13d78356bfe6c20e577a0524d8d02cfe72f68b2ae34ff581	23298bcc78f4294466001191fc42ee749ac890f8589358c36ec40251acb60d14	0	976	0407e55ae2b46814de3561a3ce1b0893dfa1a84bc07823112c0e63bfc5e355f8	e3b0c44298fc1c149afbf4c8996fb92427ae41e4649b934ca495991b7852b855	2.4075027887110255347957732396935170982033014297485	6.5851152768233577119993960025112755829468369483948	2.407502793685896196052009798904691706411540508270263671875	6.5851152809000478051404403601054582395590841770172119140625	-18.444670397947152696388305479907905130829146279532	-18.444670350863860374697398392681994642879561680640838625841811525210793425338037	142.85893186383787922391327057447047764578627924805	54.350825379552413595777516706442193179762432997139	142.858931863837879223913270574470477645786279248046875000	54.350824748111438720025190438076097277663523280075241656548482747493578433000126	-0.00110672328822399115894163718122121252	-2.8400221631864304888883649363699755611876685734894E-11	-2.8400223298990454740292285716987110744608676170468070039745153048777044059665337E-11	1.667126149851408636353287355132731990435574070039745153048777044059665337E-18	-0x1.f3b613d75e023p-36	-0x1.f38865ab2656cp-36	-0x1.f3b618a5b0b1fp-36	-0x1.f38860dd363bdp-36	true	true	true	true
308	D5	U08-0000000220_S09-0000000320	8	220	9	320	111cf03c5b3a7b14fb624004e27cc5ac40a93f77fb77e14b3a0f904ee7b0f2ed	4ee16999cd762780ac60538ebad70bc28a435a44e3f525c36b66499e44e1d958	db81d4427b56bd4b672cbb6e34ac39152d57793702e845e60dc36b076591e66b	0	978	3d64b0cb7402e34f05819554bd40fa8f666cff136a55e02dfac5d4dafd593d3b	e3b0c44298fc1c149afbf4c8996fb92427ae41e4649b934ca495991b7852b855	2.4075017376086081735686583726874232525005936622620	6.5851137135815348694345416902251599822193384170532	2.40750174258396508475410513483438990078866481781005859375	6.585113717658611247329769611269512097351253032684326171875	-18.444308945858500848234172915872277914127414555871	-18.444308898776644225567139889401357418227150805032649875605032634683223061558275	142.88888998512626599703963290281355207366542236328	54.352610259566853807241864891464645107273635173628	142.888889985126265997039632902813552073665422363281250000	54.352609628177340858707878078749335323420823774360231395309511538249051391401728	-0.00110672328822399115894163718122121252	-2.8415513441311365396053933880190304998153743373534E-11	-2.8415515109256620874997017254815103704555349320763961011359062389854542623794097E-11	1.667945255478943083374624798706401605947229961011359062389854542623794097E-18	-0x1.f3faf478ee85p-36	-0x1.f3cd418d3694ep-36	-0x1.f3faf9478ed21p-36	-0x1.f3cd3cbef8786p-36	true	true	true	true
309	D5	U08-0000000220_S09-0000000321	8	220	9	321	1fb06c6cc75552075540d5b20f144d60373ab680863580f234a236e1ea057f1b	f111811c108e7b3687de92fbc24134ec2eb3335daa46259703825d5da0338700	8436edb3cecced9175caf067740e9caabc38210c72d2b9e7eab112e062e96219	0	989	b67e1024988f972795151652f04e709bd36b41a462d98ab9c2f8ad200c5f03b3	e3b0c44298fc1c149afbf4c8996fb92427ae41e4649b934ca495991b7852b855	2.4075031242208355525269425356782448943704366683960	6.5851150771423680799210309544378105783835053443909	2.4075031291960609335089937843576990417204797267913818359375	6.5851150812193301083141694363121132482774555683135986328125	-18.444376784424147977865351085730907140038210675254	-18.444376737342202624311976850884373354141531576953682846904012314566088992628626	142.88278429411289379490513060448088913919712097168	54.352603309019856468437117034828983896467823586596	142.882784294112893794905130604480889139197120971679687500	54.352602677623603655008318668785063782901924620430887453346668161494664784120771	-0.00110672328822399115894163718122121252	-2.8412375350145939998105357607704146848572711929436E-11	-2.8412377017913081008938335336463606360752617713760238600546312532416548085988980E-11	1.667767141010832977728759459512179905784324238600546312532416548085988980E-18	-0x1.f3ecd204d481ep-36	-0x1.f3bf200f1f9a7p-36	-0x1.f3ecd6d356a2ep-36	-0x1.f3bf1b40ff188p-36	true	true	true	true
310	D5	U08-0000000221_S09-0000000320	8	221	9	320	e88a48ffd4b29a68e033483cb78e88468dac839b5ca366258e1a85265117b657	5e4e1ddce72423bb478341b58d6e989384101d79f5cf4d8920f0c7047e90b0f2	57ea14c9fb7ef8dda576ff557df0b8ac56cf236d4c23835f9ec663b1d1660a45	0	974	95e2f9d518bf2b13a43003253541f3779edb48e7f7dd28677b97b5d7644c2be3	e3b0c44298fc1c149afbf4c8996fb92427ae41e4649b934ca495991b7852b855	2.4075076146092348125526960700426570838317275047302	6.5851189640435040320576298711330309743061661720276	2.4075076195844206834728584709637289051897823810577392578125	6.5851189681203953496524405863965512253344058990478515625	-18.444286699945492778938015280689719022233908039418	-18.444286652864628780197728490969362300171734389761129066374804446208577889003386	142.88831086458116992995413502898499908019998005371	54.354358651560855621735416832528364615145194219051	142.888310864581169929954135028984999080199980053710937500	54.354358020189147832906032997526316635510823797244249085689650094183004580939320	-0.00110672328822399115894163718122121252	-2.8415116362802938394257033910047193844199172433233E-11	-2.8415118030676754664427089807016877738975042902787440676672981100260258000206810E-11	1.667873816270170055896969683894775870469554440676672981100260258000206810E-18	-0x1.f3f92aa4a204ep-36	-0x1.f3cb77c7affp-36	-0x1.f3f92f732c63ep-36	-0x1.f3cb72f987d87p-36	true	true	true	true
311	D5	U08-0000000221_S09-0000000321	8	221	9	321	f06df1a5487dc0e75677fc6691ae7b2e79fd553d90cb676d2a49b28ad7969387	633294e4c865ac4d8eaa7a1140f11e1d6dd067c50aa6990ef930ec8bdd9f299e	ca93303b4cab9a2f0e6e33d58d8d19882133507b0a93309a00aa0162406d9c9c	0	968	69fb0ed2b6a302670c6b6d10e514aa74e577607ab0427e5ac7ccb1c518f4ecfe	e3b0c44298fc1c149afbf4c8996fb92427ae41e4649b934ca495991b7852b855	2.4075090013385482337615606240888155298307538032532	6.5851203277091022239564388485177914844825863838196	2.4075090063136025640699866556815322837792336940765380859375	6.5851203317858791920491601246112622902728617191314697265625	-18.444354538260471577426300366421446276560553292046	-18.444354491179518884477924805328497832222197701154394091333690176082681841218119	142.88220519072634197041979164885305176870796162109	54.354351734198359490080062240814570263012191104262	142.882205190726341970419791648853051768707961621093750000	54.354351102819912854521472801711586698756326604752344996545518792986865247871978	-0.00110672328822399115894163718122121252	-2.8411978303639439931584702303834953902130855248730E-11	-2.8411979971335146949456038150625588566085688429852281356237422333321007116996853E-11	1.667695707017871335846790634663954833181122281356237422333321007116996853E-18	-0x1.f3eb0839f8d5dp-36	-0x1.f3bd56530b866p-36	-0x1.f3eb0d086245dp-36	-0x1.f3bd518504755p-36	true	true	true	true
312	D5	U08-0000000220_S09-0000000322	8	220	9	322	8af6b98fe887c6715ac681ef44a141f9fca0ba41c619c22199ae5f08292a3e95	f9fe64a63caa0f85fbcb7b8b034a8565f3111f214a79607c1861dd4d79451bac	e1e3a104af5ee2762cc33b85e8b33bb4c6fc06792230d03fdf1e18f966b1edc5	0	966	173b22455d89eeb46b85f0b27043255aeaf4348dcc2c81bd510d5064c3d95533	e3b0c44298fc1c149afbf4c8996fb92427ae41e4649b934ca495991b7852b855	2.4075045103826492876031295509164920076727867126465	6.5851164403113702783265637208387488499283790588379	2.40750451535774316613736090175734716467559337615966796875	6.5851164443882179953815292350327581516467034816741943359375	-18.444444624016192033630393577623365286709902340493	-18.444444576934158019533905274381516549140308778321370164741723258629435547046670	142.87667773290487717674752994038145736258325073242	54.352596204261852022281830888594637028882652006398	142.876677732904877176747529940381457362583250732421875000	54.352595572858864145390286879966156271369088769099223148773929835840227961348094	-0.00110672328822399115894163718122121252	-2.8409237432079553433194419970158744294256698922689E-11	-2.8409239099668585221388865069243429821064281200911223311517871158310953718287648E-11	1.667589031788194445099084685526807582278222223311517871158310953718287648E-18	-0x1.f3deafc3f99bbp-36	-0x1.f3b0fec3f78a2p-36	-0x1.f3deb49236a5cp-36	-0x1.f3b0f9f61c7f1p-36	true	true	true	true
313	D5	U08-0000000220_S09-0000000323	8	220	9	323	865762c5b02e33f64ba169ba6108fa321483f0aac9723306a464524cfda20e2d	ea9e83db196c7109ddea9d56eac975e37af4497dc814161645c82337d602ba98	9a11ca94508712b0734eba21414658e0ba5146a1b22225b71ef63dbcc4cfe5e3	0	980	b8eadcf0d859279f8aba283ca8d596c312dc723804e48b291cbce71348c504d4	e3b0c44298fc1c149afbf4c8996fb92427ae41e4649b934ca495991b7852b855	2.4075058960940185215360287429575691930949687957764	6.5851178030885136882588426487927790731191635131836	2.407505901068980935786356667449581436812877655029296875	6.585117807165247132139551666796251083724200725555419921875	-18.444512464634830837618375635190613791457650994976	-18.444512417552708233284071535189728859691207969676883757953611599377494303075234	142.87057030150221614256683091051525674382381164551	54.352588945283914463574987637484070659198768721696	142.870570301502216142566830910515256743823811645507812500	54.352588313874196325921596107020822997006821124397046761526505442056058305463450	-0.00110672328822399115894163718122121252	-2.8406099687103864399145394414964372812863674026701E-11	-2.8406101354514792211475837563210123612845314553547302341423442518187075096341038E-11	1.667410927812330443148245750799981640526846302341423442518187075096341038E-18	-0x1.f3d08db5fdbb6p-36	-0x1.f3a2ddac1cb53p-36	-0x1.f3d092842e7a1p-36	-0x1.f3a2d8de4e06bp-36	true	true	true	true
314	D5	U08-0000000221_S09-0000000322	8	221	9	322	5c5fad1756b6790fd4e7b3d7b2aeb2c8c659448aaca460386fab5ebc72f6b3b3	355ceef251d31a4444cb5880f1591122cb8a14153145e3c59d7380833c8682e0	64ca050b9aee08b45e10b2298968cfef31d892c76b59d8821d5a042ef97c0f6f	0	974	5b1b04d96e6b1d06bcf0d4a1df0a15b3143a26089089dac72b28a0bd58c4b8a3	e3b0c44298fc1c149afbf4c8996fb92427ae41e4649b934ca495991b7852b855	2.4075103876174395733933408791926922276616096496582	6.5851216909828420853489916453327168710529804229736	2.407510392592362401253947012946809991262853145599365234375	6.5851216950595047421035399537458943086676299571990966796875	-18.444422377601672967937082865235000318622964172606	-18.444422330520631651108685192529896535856743789155186396831117714315817772100306	142.87609864667686959486234990295433561507037434082	54.354344662628110056415547022922912428981456064644	142.876098646676869594862349902954335615070374340820312500	54.354344031242929375102433556520959778199936923270460109590492737756377193218887	-0.00110672328822399115894163718122121252	-2.8408840417575003363721792824614424298265834755487E-11	-2.8408842085092606375595362453992996124926087651443878413438961765680725852610791E-11	1.667517603011873569629378571826660252895956878413438961765680725852610791E-18	-0x1.f3dce602545aep-36	-0x1.f3af351191d74p-36	-0x1.f3dcead0b4e16p-36	-0x1.f3af304392b02p-36	true	true	true	true
315	D5	U08-0000000221_S09-0000000323	8	221	9	323	4633c4da14fc3abdd35efc85064bc78467b6f6e6a983b3419d13b3874183a1d7	f562fa6b7b0e719e2adab07aa5052c3e52b077215c808e339dbe50ae9cc50968	da95fbb6621b4b2c8dbf135ec04c612ccf41b31c6542800b29e584585f196165	0	975	c18fc42bf41133cbb28c601f89ce635b585710464730c394044011d9a1726650	e3b0c44298fc1c149afbf4c8996fb92427ae41e4649b934ca495991b7852b855	2.4075117734458779880646339677241485333070158958435	6.5851230538646958398429909209426114102825522422791	2.407511778420669344702442771222195005975663661956787109375	6.585123057941244216484388829258023179136216640472412109375	-18.444490217969294780269934558446929034912835590936	-18.444490170888164857891561269070953968113372337423899730936358517478267794922027	142.86999123243275280328180979128885061928721821289	54.354337436841181985941875057379498231542309018854	142.869991232432752803281809791288850619287218212890625000	54.354336805449271291200735182924238263864830481857408291487970730883459200699102	-0.00110672328822399115894163718122121252	-2.8405702704601286342847579915463485761740800916010E-11	-2.8405704371940792474650426091800242632760252677506286829928860308569932700071797E-11	1.667339506131802846176336756871019451761496286829928860308569932700071797E-18	-0x1.f3cec3fdb91a7p-36	-0x1.f3a114033ab42p-36	-0x1.f3cec8cc1fc6cp-36	-0x1.f3a10f3535a0fp-36	true	true	true	true
316	D5	U08-0000000220_S09-0000000324	8	220	9	324	c1b22e218659f5b5f618a9787fc3e5799e0d7a3ca0a6dfd0e47f28da7d7aaecb	77d7859337d59a502dd09857d141eb096c47aee188fd973de2de83f005717b7a	c439ba04575b60e66594508f3dd808d2986d43e49a7bb8fa3126e3f295ee30fe	0	980	d4bb5348bbfe6555602b578ff9d081c2443d951a670fd8172bd949ef1655ab23	e3b0c44298fc1c149afbf4c8996fb92427ae41e4649b934ca495991b7852b855	2.4075072813549123970644494363568810513243079185486	6.5851191654737705402644643015719339018687605857849	2.4075072863297433851947904059898064588196575641632080078125	6.585119169550389749134833294874624698422849178314208984375	-18.444580306280262258175105050991633708861336518258	-18.444580259198051133870349368381195205682546865244275107094780827033182151908685	142.86446199990491069236303351488228728291880371094	54.352581532077116523244951130688160087890041708954	142.864461999904910692363033514882287282918803710937500000	54.352580900660672928799590770591626831235391990193188573935492815706238708786426	-0.00110672328822399115894163718122121252	-2.8402962115210530983182755240734075144164851237446E-11	-2.8402963782443360067726343945148519174376124602643029256006666975026351772900181E-11	1.667232829084543588704414444030211273365197029256006666975026351772900181E-18	-0x1.f3c26bdad11a1p-36	-0x1.f394bcc79f111p-36	-0x1.f3c270a942a3dp-36	-0x1.f394b7f98ed36p-36	true	true	true	true
317	D5	U08-0000000220_S09-0000000325	8	220	9	325	dfcc71ceb77c68546189007371d328b9579322482e321216ef47afe35c497e9f	52d47fd7bb0f9b7f1f3b73e5d0606b10c7fe63e398507f1dfa38e6759d818fdc	c3cf0e673b738bf6df600b9a12544b45092056c3974721ed58a721c853b25edb	0	974	1aa17a5ca43108b64ae84634088ace234d332710927d57c79033b29287338887	e3b0c44298fc1c149afbf4c8996fb92427ae41e4649b934ca495991b7852b855	2.4075086661653000569272009556698321830481290817261	6.5851205274671130787678130502627027453854680061340	2.407508671139999660570918393887041020207107067108154296875	6.58512053154361808038341763449352583847939968109130859375	-18.444648148952684261862347780479373018606250673226	-18.444648101870384609876583522099739883844503765217351074840517815853888538371480	142.85835282811296082613613775348254897986822692871	54.352573964632530437857875167477765356285843434636	142.858352828112960826136137753482548979868226928710937500	54.352573333209365037143797628501760180269107386172412157920539400229152250813473	-0.00110672328822399115894163718122121252	-2.8399824716391208784668664833202539372475674034024E-11	-2.8399826383445947207638538002118733033858398711985772270352853443398149868653095E-11	1.667054738422969873168916193661382724677961772270352853443398149868653095E-18	-0x1.f3b44a333ec2ep-36	-0x1.f3869c15b060dp-36	-0x1.f3b44f0165495p-36	-0x1.f3869747eb62ep-36	true	true	true	true
318	D5	U08-0000000221_S09-0000000324	8	221	9	324	5545134fd5c214c435d654b5dcc9a050b300a373a34d58020e4ad7087e4cda55	23e817e52f4522a28f6ee042e5a7cb72137083fa499fae8ecc21c4770ba0b633	6ed56ca6c0f478a0800b11b92dbe9db4dc471613ad83b954b30429cc49b781ff	0	983	02aebcaaaa046169d3ab02ebcfe0f5c26895a710cc4d1bfeaadf171131a58ce8	e3b0c44298fc1c149afbf4c8996fb92427ae41e4649b934ca495991b7852b855	2.4075131588238326066364614064241322921589016914368	6.5851244163546357110461393347122793784365057945251	2.4075131637984925371542832550630919286049902439117431640625	6.585124420431069845738303314419681555591523647308349609375	-18.444558059363534838522738523964407831569539305842	-18.444558012282316380846538597059412167076451350980905149911899864445909934872504	142.86388294799399159567817131385659678135849323730	54.354330056828647910247365286641949581841093381504	142.863882947993991595678171313856596781358493237304687500	54.354329425430012005589817054644699304746140314647088716156184738996433513477826	-0.00110672328822399115894163718122121252	-2.8402565164709947788818119615048840939020167847892E-11	-2.8402566831871362289043456359850243030483234506631048144516151747222300870523344E-11	1.667161414500225336744801402091463066658739048144516151747222300870523344E-18	-0x1.f3c0a22c5128ap-36	-0x1.f392f327dab97p-36	-0x1.f3c0a6fa9f4b6p-36	-0x1.f392ee59ef166p-36	true	true	true	true
319	D5	U08-0000000221_S09-0000000325	8	221	9	325	250a1ef1803ce7531db59682384a66b39fbc143a69221f2ae7a7a3c772ad3ab4	f30de29d0ab1ed60ed8bf341670e7a1180b6485d5b47287e69309ee69c4905c8	c1f7c0b7ad79cdd854f1f61b5529650391ca4fe2c3d16244b9f573ce913cc566	0	980	92e8043847338e93e64ac2d3ae223b59a9875548bd6a55f55e07570784f5c1ae	e3b0c44298fc1c149afbf4c8996fb92427ae41e4649b934ca495991b7852b855	2.4075145437512725926643142315697332378476858139038	6.5851257784526339364439273538209818070754408836365	2.4075145487258011213482777890249053598381578922271728515625	6.5851257825289538604118799725029020919464528560638427734375	-18.444625901784591065011054535283557859918636716546	-18.444625854703284090291147241024800444347284442095379127599627740032474343739051	142.85777379336058597205143447065757410128419941406	54.354322522581579966839287391703635729371065395123	142.857773793360585972051434470657574101284199414062500000	54.354321891176222887129986867748000352020020449710983844546397021970330853265308	-0.00110672328822399115894163718122121252	-2.8399427797892644132941100667910818127372800929492E-11	-2.8399429464875974129292262255890598293855373353653822645331857091761645192838523E-11	1.666983329996351161587979780166482572424161822645331857091761645192838523E-18	-0x1.f3b2808df10b3p-36	-0x1.f384d27f9edb7p-36	-0x1.f3b2855c37a69p-36	-0x1.f384cdb1ba1b7p-36	true	true	true	true
320	D5	U08-0000000222_S09-0000000320	8	222	9	320	c2d0d3cce644e390a11ef4b545949a60e08c84d8a99117fe53a439778e15ab92	976d8744f50267bb8b0e92f3839b729ed4bdc4f02623c25f2564ca6d70d7b3b5	2915f9256926e3812e9f5eaf5c63f5a6ce9aab842b6a597cd5581c8c086d1512	0	976	175894badeff53acf6b707a509f9462f28b6286b95719febe40704124f5129c1	e3b0c44298fc1c149afbf4c8996fb92427ae41e4649b934ca495991b7852b855	2.4075134917415386068273441821929736761376261711121	6.5851242148471482718008473966619931161403656005859	2.4075134967165534340127752699345364817418158054351806640625	6.5851242189238545499119226178663666360080242156982421875	-18.444264455858374525197153545598229369830986201362	-18.444264408778503210017102348633807502645116948643739919837331286302847276144804	142.88773174500861740656106669331939987406856254883	54.356107016430183478180140804238360880192793684064	142.887731745008617406561066693319399874068562548828125000	54.356106385076280467969324826583372239032213627172207643611044026097590127819870	-0.00110672328822399115894163718122121252	-2.8414719281267575820291713998718428989756877714488E-11	-2.8414720949069954000486929223256874862408447969230465246611708977339962091012570E-11	1.667802378180195215224538445872651570254742465246611708977339962091012570E-18	-0x1.f3f760cf75d5bp-36	-0x1.f3c9ae013f81p-36	-0x1.f3f7659de2d5ap-36	-0x1.f3c9a9333447dp-36	true	true	true	true
321	D5	U08-0000000222_S09-0000000321	8	222	9	321	1b07fc088c592da3f563b40b293033062c713cdda2e495a553c040df53a36f75	511ce3fe6aff721a248cacdfc3c74a8d5b499c06777f56079f0e30bb63154e49	219a022c4789bedf218e1f8343fcaee41369fa043fec895fae0f4db47ccb24d6	0	977	56324f9c36bd8e2426a948586a300a5d09de42e7b89446ede60a368e226d04ce	e3b0c44298fc1c149afbf4c8996fb92427ae41e4649b934ca495991b7852b855	2.4075148785879434340517768475820048479363322257996	6.5851255786175248579938923398913175333291292190552	2.4075148835628267136865776620879842084832489490509033203125	6.5851255826941167796639842180184132303111255168914794921875	-18.444332293922754481398053976382348736375414765572	-18.444332246842794456641046076650152090717773045769455505260911784187813978156356	142.88162608831233368962688223138816818555282707520	54.356100132251251749686581337011560589585574687800	142.881626088312333689626882231388168185552827075195312500	54.356099500890610138838428221693774690465911432947783108777935263546574931405686	-0.00110672328822399115894163718122121252	-2.8411581254106306374460173057856881728049124369229E-11	-2.8411582921730582400520799339263162663328470035905311384202614869725339096520928E-11	1.667624276026060626281406280935279345666676311384202614869725339096520928E-18	-0x1.f3e93e6e04cf7p-36	-0x1.f3bb8c9646d99p-36	-0x1.f3e9433c8b916p-36	-0x1.f3bb87c822c5ep-36	true	true	true	true
322	D5	U08-0000000223_S09-0000000320	8	223	9	320	578b06766e6df943690c0e9f70c9f5c621d3d85a1724e9ee76d976e8eaa98b3b	cf832db55e55b183105eaa9286cd1b81f1c958f8c95580b8c0f57fc9c1fe5e67	89d03f8ac7cd0c6e44b3bda9318d0d54758679e811115e62513525dd97925132	0	975	9d19dc84e44c0872b538151bcf4c8859023e323cea896d9e876bc2a32ed11080	e3b0c44298fc1c149afbf4c8996fb92427ae41e4649b934ca495991b7852b855	2.4075193690055255654747234927981480723246932029724	6.5851294659924442462251015228957840008661150932312	2.4075193739803693281087415556385167292319238185882568359375	6.5851294700689654952607821059018533560447394847869873046875	-18.444242213597008099748524846669812673017037515566	-18.444242166518129449498676980025939106308784367252867917782976922607928979636161	142.88715262640860842686042789581675445527116984863	54.357855354176540891941630223154593278473277127337	142.887152626408608426860427895816754455271169848632812500	54.357854722840441116508996477319208982457955038378375448800461410843217662271159	-0.00110672328822399115894163718122121252	-2.8414322196705329082893129612834139401257268458186E-11	-2.8414323864436273123341428327740538395094352111493683086999760205694326263644971E-11	1.667730944040448298714906398993837083653307683086999760205694326263644971E-18	-0x1.f3f596f9759fcp-36	-0x1.f3c7e439d9734p-36	-0x1.f3f59bc7b3949p-36	-0x1.f3c7df6bfdabfp-36	true	true	true	true
323	D5	U08-0000000223_S09-0000000321	8	223	9	321	d34b2bb0132a179fadcc2d0ab1163d9a6ff3fc5ec5f3a656ef6a178f9d78d261	4f94ac243f6d46ca5c3cb58b6caf11d0ecad575ac750a0c4c6a54eabebc6a405	d40c37a2b7c29cf86026022f75416c9bd1d4e1d8e680153dc478a9916c689e8f	0	993	f29342ee7d5f7bfc586d7e3df5e4d193c0e5bec42ed4f651ebbadadeee3da7b9	e3b0c44298fc1c149afbf4c8996fb92427ae41e4649b934ca495991b7852b855	2.4075207559690271694186058937248162692412734031677	6.5851308298676126257165108768276695627719163894653	2.4075207609437393775630997794223731034435331821441650390625	6.5851308339440195148417611648028469062410295009613037109375	-18.444310051410858600564625720710236543287784549115	-18.444310004331891251261212848772349487041072543837806679024763736167810490010948	142.88104698687086895252640235208623838973171733398	54.357848503180235457821218443066019347719099281003	142.881046986870868952526402352086238389731717333984375000	54.357847871837397710626259375843584550684129731770633423212331580499790922076877	-0.00110672328822399115894163718122121252	-2.8411184201546594145304391326862460233375696807160E-11	-2.8411185869099442193746085979416562737336133311191362017376702295203728752633983E-11	1.667552848048441694652554102503960436504031362017376702295203728752633983E-18	-0x1.f3e774a16801fp-36	-0x1.f3b9c2d8621d7p-36	-0x1.f3e7796fce44cp-36	-0x1.f3b9be0a5de7bp-36	true	true	true	true
324	D5	U08-0000000222_S09-0000000322	8	222	9	322	5cf72dbcb3ddb44c492aef934ce6425c295f556653ed49af27c7bbeda1874766	cb346953cf62153a6039f522b5d07849d9542de7bb7d8ce5b6c0b4de63deb4c1	b5758824d63edfe309d01e2c8eceae5d621fb5e08e4bb62d9921098d19013253	0	979	f3124f7eb0b3802854af38076360589b4b1c42d4cfdaa8950c10f83528a83af0	e3b0c44298fc1c149afbf4c8996fb92427ae41e4649b934ca495991b7852b855	2.4075162649839177558819258706535038072615861892700	6.5851269419960157952553814197926840279251337051392	2.4075162699586695226605659314600416109897196292877197265625	6.58512694607249339517895947437864379025995731353759765625	-18.444400133013182690694015698989957367441989702320	-18.444400085933134000692729387651870703226884773603785061282412538829023576326196	142.87551956142140555666959940369016765489152275391	54.356093093867820040081123268969136331358737793471	142.875519561421405556669599403690167654891522753906250000	54.356092462500444244098948864616655036609023802350776107650238027183812055266486	-0.00110672328822399115894163718122121252	-2.8408443400044122611971415795154806319215020312270E-11	-2.8408445067490302669892118635741998095672581404516410915728387234347383478813998E-11	1.667446180057920702840587191776457561092246410915728387234347383478813998E-18	-0x1.f3db1c400cc48p-36	-0x1.f3ad6b5e04947p-36	-0x1.f3db210e50f61p-36	-0x1.f3ad669022335p-36	true	true	true	true
325	D5	U08-0000000222_S09-0000000323	8	222	9	323	6a871fb7e0a9f838a67bfe3dcba0ce368f5b983cb33ba96810b503a01928f8d1	0f4d79ff5a6f205d3fb50e3ce80093943df5aac974339965fe77eab6b824fca0	e1d802c33c1cfe96ffa1645e5405f1ccc9a0df05486f8ec2937eef9ac117e5e8	0	983	0e28cc17100aae2456ac5e8bb6d447c915d73ed3ab772152e0d49c8184bcbb4d	e3b0c44298fc1c149afbf4c8996fb92427ae41e4649b934ca495991b7852b855	2.4075176509294307150566005759628751548007130622864	6.5851283049825933002541233918236684985458850860596	2.4075176559040510071429963545597274787724018096923828125	6.5851283090589566200645510463118625921197235584259033203125	-18.444467973129856938634432076711125649667651574916	-18.444467926049719679643700417012087552609620924008845634573197289182926567858278	142.86941216433583300768921821022539828208464958496	54.356085901270962914979931585000346418641900827415	142.869412164335833007689218210225398282084649584960937500	54.356085269896858120655655722936855774767964173597012369035726938374470515719114	-0.00110672328822399115894163718122121252	-2.8405305719072683017543495554789900137455342895231E-11	-2.8405307386340771415972565768931742416987585341901780714615118884398668786983570E-11	1.667268088398429070214141842279532242446670780714615118884398668786983570E-18	-0x1.f3ccfa45054bap-36	-0x1.f39f4a58fd5ffp-36	-0x1.f3ccff132aec9p-36	-0x1.f39f458b39d41p-36	true	true	true	true
326	D5	U08-0000000223_S09-0000000322	8	223	9	322	b6fc8263620d0a533cd6df80704549a4c93212c6eba896762374c03a3347d21b	06936c2d1086c9f83037ff7011901867253036875ef0a694fc74e2610a5275a3	e3ec71f79f84473e17954eaf85f8656fa97157df2db3a9dd9577a02b285eef97	0	986	e7025c8359be4f5fb0ebe635f3f9d7cfab7bca8f12f16266c96bd28efd88a429	e3b0c44298fc1c149afbf4c8996fb92427ae41e4649b934ca495991b7852b855	2.4075221424820898372121114050514734117314219474792	6.5851321933508680447899585885807027807459235191345	2.407522147456670529030997585095974500291049480438232421875	6.5851321974271606086992481010611300007440149784088134765625	-18.444377890250583062692825430578834653970495163647	-18.444377843171527058653010052610968891032391009241884426726874021349339621335780	142.87494047713848506216927844258895348204669597168	54.357841497982683649113258459030411224996357216822	142.874940477138485062169278442588953482046695971679687500	54.357840866633112345141561657524782176474214123047320171659664697416416976728455	-0.00110672328822399115894163718122121252	-2.8408046379486967526953922731017696956751586587860E-11	-2.8408048046861725770025961830649171306384413367843095337130073007806254604646131E-11	1.667374758243072039099631474349632826779983095337130073007806254604646131E-18	-0x1.f3d952800a361p-36	-0x1.f3aba1a66acaep-36	-0x1.f3d9574b09154p-36	-0x1.f3ab9cdbcc3c1p-36	true	true	true	true
327	D5	U08-0000000223_S09-0000000323	8	223	9	323	df5692782c085a16537ac95b3f9a2a2143cc4e07d7d2beebec321b054297703a	371db03098153baa3d909cccea9bbf7d99b23bdd1b5c455653a9dc7acf53f402	ea1d07130662911e0f151131cda780aeb3541af1f0754a5a9e97fe8cd3915d5e	0	975	bd74e29615ff4b9885bc15362538c3824082f5684dc64d6c3f45b91033bcc75b	e3b0c44298fc1c149afbf4c8996fb92427ae41e4649b934ca495991b7852b855	2.4075235285446827115940493513335241004824638366699	6.5851335564421827131753595097052311757579445838928	2.4075235335191319217817973452611113316379487514495849609375	6.5851335605183609900326047181806643493473529815673828125	-18.444445730116379227431651785251795464887669389939	-18.444445683037234638914691955191404807272984747151965628141983279497993778506775	142.86883309721145675578905616732489973221610576172	54.357834338574959931675378396270003642519348690886	142.868833097211456755789056167324899732216105761718750000	54.357833707218659872242231720606490826885479081392859234585906601857269509810629	-0.00110672328822399115894163718122121252	-2.8404908730518108545600968552209467581814626596404E-11	-2.8404910397714782231756057546220819825943705650057344997775048326354646221127648E-11	1.667196673686155088994011352244129079053653344997775048326354646221127648E-18	-0x1.f3cb308e6ef3cp-36	-0x1.f39d80aadbdbcp-36	-0x1.f3cb355cec788p-36	-0x1.f39d7bdcbfed6p-36	true	true	true	true
328	D5	U08-0000000222_S09-0000000324	8	222	9	324	8fc7e7ca89ab63d5e34ee525adf2b75fed7801666689de4e429454310bc386b3	84efdb19dbfab2029a1d749b0993c300a6c35c5655873912cda9248d60db2028	e78a880456fb2868612b49e6799ba17a64d3b597e515045f1a05386b4e3d2583	0	975	93d86041e5a42657a1e38d30e84d204ec3a2b0c512343403917b464d68b68f1c	e3b0c44298fc1c149afbf4c8996fb92427ae41e4649b934ca495991b7852b855	2.4075190364244514543146102880655234912410378456116	6.5851296675772296035367148192563035991042852401733	2.40751904139894030987267825594244641251862049102783203125	6.5851296716534786744590146412292597233317792415618896484375	-18.444535814272975108988852390970201147528129605448	-18.444535767192749299285311481789484440355559663845765689835435828718988559660287	142.86330389705561604268573865099386006713220756836	54.356078554451754446500093363300444170535593601335	142.863303897055616042685738650993860067132207568359375000	54.356077923070924686861577344553610720008460957211118873249693606867801896650801	-0.00110672328822399115894163718122121252	-2.8402168211183643586656251707369900111410827634322E-11	-2.8402169878273647453056296435579104532670295880210930501293317863522470368393125E-11	1.667090003866400044728209204421259468245888930501293317863522470368393125E-18	-0x1.f3bed87cec43bp-36	-0x1.f3912987335a7p-36	-0x1.f3bedd4b1cacap-36	-0x1.f39124b965325p-36	true	true	true	true
329	D5	U08-0000000222_S09-0000000325	8	222	9	325	b6fc847e0c87a7187fdfecc2dfd864d2cea0a52c240ddd0b65ad70f1891f6236	d7e977cd3495f7de48e4dbfed757d81f51523452b01543cfd3dd4bce44b0faf8	7422d331387590472099d814e38d065daab7ce6f80e3fcbab4f16cdd335ad368	0	979	70d14eb25efa380c27a14021a0b3dccb9c67e975e27582b7c9255842fa65d28a	e3b0c44298fc1c149afbf4c8996fb92427ae41e4649b934ca495991b7852b855	2.4075204214689491233336582354240817949175834655762	6.5851310297798969287108583614553936058655381202698	2.4075204264433065735884209601636030129157006740570068359375	6.5851310338560317854394998704492536489851772785186767578125	-18.444603656442735027865804859481634490844419944992	-18.444603609362420711668166485466479973022789829845233874860870294264920504417842	142.85719475958075466165916072599555301003419670410	54.356071053401265902895271087389526681474025436737	142.857194759580754661659160725995553010034196704101562500	54.356070422013715597249150434874153844171089639085804342677366129392904211524938	-0.00110672328822399115894163718122121252	-2.8399030876368663460989686696992465881350720491072E-11	-2.8399032543280588984542463209836493998983566408068327130509328170362417860745959E-11	1.666911925523552776512844028117632845916996327130509328170362417860745959E-18	-0x1.f3b0b6e7f390ep-36	-0x1.f38308e873cdbp-36	-0x1.f3b0bbb624417p-36	-0x1.f383041aa4ec2p-36	true	true	true	true
330	D5	U08-0000000223_S09-0000000324	8	223	9	324	b256cf4163e194b39860021cd91bd6a284194e20f943f72fd7e99d7d93c90eae	0e09c529307e6b946efb579e8e8d377e995473249726b8198bdebdc52b83bed8	822989be75b2532fb6b6c2643bd9d9215a5bd583788c5f1df3be9062eaafe4ff	0	988	7fba9c90402c7f55e1517805dc20322a62182c122e8d22ecec1213d8a8101864	e3b0c44298fc1c149afbf4c8996fb92427ae41e4649b934ca495991b7852b855	2.4075249141567749353032290571263729361817240715027	6.5851349191415288544804162995660590240731835365295	2.4075249191310927054932022883804165758192539215087890625	6.585134923217592882449533675526254228316247463226318359375	-18.444513571008444934301506438536672162710414178751	-18.444513523929211831528643608851073854054299989380668135138729854571904435003305	142.86272484708978403338573552629407714023994670410	54.357827024948138278147277255149592736595687211323	142.862724847089784033385735526294077140239946704101562500	54.357826393585114265834354394299494314915469007195508566578610465066578470936340	-0.00110672328822399115894163718122121252	-2.8401771254631674029080376233656602050961499763046E-11	-2.8401772921650268408076801495570735542417487621640453614691110111932420171227521E-11	1.667018594378996425261914133491455987858594453614691110111932420171227521E-18	-0x1.f3bd0ecfe080ap-36	-0x1.f38f5fe26b762p-36	-0x1.f3bd139e51341p-36	-0x1.f38f5b145c938p-36	true	true	true	true
331	D5	U08-0000000223_S09-0000000325	8	223	9	325	0e8be43c736fc8431924042021fb39cb4f94711c90bb93fc7684279044601f3a	0d528c138c0591de8f319e5e10042905253fd9b9f53daec7a71e6cd0f0888c6b	07ec33d22139d8b6f79ec47a65ea1d113079e73f538985c140334b0cb78e6c15	0	977	26fc17604c910ddc08e19b9fbb0c2c0f8ecfe82b54d8c2991427a9619ef0942c	e3b0c44298fc1c149afbf4c8996fb92427ae41e4649b934ca495991b7852b855	2.4075262993183356510784598469854245195165276527405	6.5851362814488786992517255214352189796045422554016	2.4075263042925220159651278351020664558745920658111572265625	6.58513628552482850608829068050908972509205341339111328125	-18.444581412926978069083689091835938525744492653433	-18.444581365847656444297823999231891100618257296830795926682409622758899096185194	142.85661572677346689495931651949648570611821879883	54.357819557093291397521712839842167051683488333784	142.856615726773466894959316519496485706118218798828125000	54.357818925723547080990154588610124573487922030743121193666363774582027819446330	-0.00110672328822399115894163718122121252	-2.8398633951819320194909874416098079087565615576713E-11	-2.8398635618659843334724464117641325271027458767750819637472151061124056422620083E-11	1.666840523139814589701543246183461843191037819637472151061124056422620083E-18	-0x1.f3aeed44bd0a7p-36	-0x1.f3813f4cb9b82p-36	-0x1.f3aef212c896dp-36	-0x1.f3813a7f10adfp-36	true	true	true	true
