ATTEMPT_INDEX	LEAF_INDEX	LAYER	LEAF_ID	PARENT_DEPTH4_CELL_INDEX	DEPTH4_U_OFFSET	DEPTH4_S_OFFSET	SUB_U_OFFSET	SUB_S_OFFSET	U_DEPTH	U_INDEX	S_DEPTH	S_INDEX	CARRIER	STATUS	WORKER_RC	ELAPSED_MS	INPUT_SHA256	RUN_CHALLENGE	ATTEMPT_BINDING	STDOUT_SHA256	STDERR_SHA256	SUMMARY_SHA256	LEGACY_CERTIFICATE_PASS	TERMINAL_CERTIFIED	STRUCTURAL_PASS	HOMOGENEOUS_COMPUTATION_VALID	PROBE_PASS	LIOUVILLE_LOWER	LIOUVILLE_UPPER	JOINT_LOWER	JOINT_UPPER	JOINT_EQUALS_LIOUVILLE	EPISTEMIC_CERTIFICATE_PASS
1	1	D4	U07-0000000096_S08-0000000160	1	0	0	NA	NA	7	96	8	160	C0HORect2Set	DESCENDANT_PROBE_PASS	0	3166	a53f767d8dcaaabc7de2abb33da363b4ab2d3cd3ce2c251bcd7d5c98d61efbb3	6f4fb54e60149a054456951ec80ba368e388ca4ae9d3f0938a8f1ae4d70d047d	50912d3ba6d9e5bcc659e048dc436924c2fcc7332f7952b40996e1a30bc03ba1	309629f90c0ac3045eba801beaf49ef4765e0820359816149a98d4435fd4e4c6	e3b0c44298fc1c149afbf4c8996fb92427ae41e4649b934ca495991b7852b855	bea46ab4cf4adbeda551b0c6acc48c6474aa0a07a2c563bba580618b66d2c36b	false	false	true	true	true	-0x1.f43cd7622f354p-36	-0x1.f3df96bc115e3p-36	-0x1.f43cd7622f354p-36	-0x1.f3df96bc115e3p-36	true	true
2	1	D4	U07-0000000096_S08-0000000160	1	0	0	NA	NA	7	96	8	160	C0Rect2Set	DESCENDANT_PROBE_PASS	0	3072	a53f767d8dcaaabc7de2abb33da363b4ab2d3cd3ce2c251bcd7d5c98d61efbb3	6f4fb54e60149a054456951ec80ba368e388ca4ae9d3f0938a8f1ae4d70d047d	0824b2f5c62f172085b828dcb90955a462b32aa28890ec619d527de8a19faad3	f6cf1ac95b21480c305e8754d72c33aaad0b51b61b92c29512b7f8dac32edbdb	e3b0c44298fc1c149afbf4c8996fb92427ae41e4649b934ca495991b7852b855	bea46ab4cf4adbeda551b0c6acc48c6474aa0a07a2c563bba580618b66d2c36b	false	false	true	true	true	-0x1.f43ceb2bc3857p-36	-0x1.f3df82f5c89ebp-36	-0x1.f43ceb2bc3857p-36	-0x1.f3df82f5c89ebp-36	true	true
3	2	D4	U07-0000000096_S08-0000000161	2	0	1	NA	NA	7	96	8	161	C0HORect2Set	DESCENDANT_PROBE_PASS	0	3168	187b000fa5ae3f9996ed10a3fcd678f2ddf8e3cc31d4c80020b42ddaac747d23	a2febb00632739630ae88f41b61bbc60e42ceb177f7a77a63364b0063442dac6	916e0ebceffe20a2e4bcf6222b06ac0adb6eccae9b94515ca26e03f8f0bfbd5f	18ec7098b1f984bbf38a0d0e86b46b2fdfe877cd5c30481dd7635431bf4d98f6	e3b0c44298fc1c149afbf4c8996fb92427ae41e4649b934ca495991b7852b855	bea46ab4cf4adbeda551b0c6acc48c6474aa0a07a2c563bba580618b66d2c36b	false	false	true	true	true	-0x1.f4208fde8c188p-36	-0x1.f3c35318cb89p-36	-0x1.f4208fde8c188p-36	-0x1.f3c35318cb89p-36	true	true
4	2	D4	U07-0000000096_S08-0000000161	2	0	1	NA	NA	7	96	8	161	C0Rect2Set	DESCENDANT_PROBE_PASS	0	3059	187b000fa5ae3f9996ed10a3fcd678f2ddf8e3cc31d4c80020b42ddaac747d23	a2febb00632739630ae88f41b61bbc60e42ceb177f7a77a63364b0063442dac6	b2f63597e6b818e770a74bd2f6e62ae39b4f1e1028c0ca70ed4587a39d3bdd67	a3da0fce919ebd2198b6b18c9d3bf4adc21086fff1cef637ef67211457c1ecf9	e3b0c44298fc1c149afbf4c8996fb92427ae41e4649b934ca495991b7852b855	bea46ab4cf4adbeda551b0c6acc48c6474aa0a07a2c563bba580618b66d2c36b	false	false	true	true	true	-0x1.f420a3a7aca87p-36	-0x1.f3c33f52f5fep-36	-0x1.f420a3a7aca87p-36	-0x1.f3c33f52f5fep-36	true	true
5	3	D4	U07-0000000096_S08-0000000162	3	0	2	NA	NA	7	96	8	162	C0HORect2Set	DESCENDANT_PROBE_PASS	0	3169	bbde9977d55ecd43ed766e9557aa3d62e2a29ac2df083876c77b03788ffd7330	1b71f6431e0e93890a63b5d93503db9ed55f408bd74b6fbe90486efad88779bd	0e76d77fedd4379e391560d0906a617b4197750c1ad941eec22b9f8ba12dc7e1	cc796aeaef2c8b3cda38184aee43180f7232e396a4cd89f323edc5d86df38851	e3b0c44298fc1c149afbf4c8996fb92427ae41e4649b934ca495991b7852b855	bea46ab4cf4adbeda551b0c6acc48c6474aa0a07a2c563bba580618b66d2c36b	false	false	true	true	true	-0x1.f404494e96a36p-36	-0x1.f3a71017aa6b6p-36	-0x1.f404494e96a36p-36	-0x1.f3a71017aa6b6p-36	true	true
6	3	D4	U07-0000000096_S08-0000000162	3	0	2	NA	NA	7	96	8	162	C0Rect2Set	DESCENDANT_PROBE_PASS	0	3057	bbde9977d55ecd43ed766e9557aa3d62e2a29ac2df083876c77b03788ffd7330	1b71f6431e0e93890a63b5d93503db9ed55f408bd74b6fbe90486efad88779bd	ef4c07dad86e05d254d581faeaf05e704e3f0cd57fcfcf0b89fd5f2c45a271f9	3ab766c4a6a56087b727d8713e6f2ade51395edd0ad6472b0f03cf5f1a8688d1	e3b0c44298fc1c149afbf4c8996fb92427ae41e4649b934ca495991b7852b855	bea46ab4cf4adbeda551b0c6acc48c6474aa0a07a2c563bba580618b66d2c36b	false	false	true	true	true	-0x1.f4045d0a2b9fdp-36	-0x1.f3a6fc5fda053p-36	-0x1.f4045d0a2b9fdp-36	-0x1.f3a6fc5fda053p-36	true	true
7	4	D4	U07-0000000096_S08-0000000163	4	0	3	NA	NA	7	96	8	163	C0HORect2Set	DESCENDANT_PROBE_PASS	0	3176	8b598bc82c9b9b0777a34af1d18e4724d553837f707f62bdb3c57dddbd32a10f	46f03f5462645bd0ff8aae28d47b7f84e8f794085b6c5a9bbbaa192a81d0f141	240cb80d3a64fadca22a14ec21f39706935d6096dd97ef36bb20e3fceab0764e	41158ba2d62106d7d911a03fe917b016f5e7bbb19a9abdec6fd84604fa5db34b	e3b0c44298fc1c149afbf4c8996fb92427ae41e4649b934ca495991b7852b855	bea46ab4cf4adbeda551b0c6acc48c6474aa0a07a2c563bba580618b66d2c36b	false	false	true	true	true	-0x1.f3e80363b3bf1p-36	-0x1.f38ace0cf3e2ep-36	-0x1.f3e80363b3bf1p-36	-0x1.f38ace0cf3e2ep-36	true	true
8	4	D4	U07-0000000096_S08-0000000163	4	0	3	NA	NA	7	96	8	163	C0Rect2Set	DESCENDANT_PROBE_PASS	0	3044	8b598bc82c9b9b0777a34af1d18e4724d553837f707f62bdb3c57dddbd32a10f	46f03f5462645bd0ff8aae28d47b7f84e8f794085b6c5a9bbbaa192a81d0f141	d46c4581b5ba661d0b1d48fc4d8b9ba5745b9d696f94817ba006aec6e86479ca	666dc6a0b36f72682f48496d4dbf39926febf1e44028f1b113ae532bd2aeda92	e3b0c44298fc1c149afbf4c8996fb92427ae41e4649b934ca495991b7852b855	bea46ab4cf4adbeda551b0c6acc48c6474aa0a07a2c563bba580618b66d2c36b	false	false	true	true	true	-0x1.f3e8172d6033ap-36	-0x1.f38aba4690ce9p-36	-0x1.f3e8172d6033ap-36	-0x1.f38aba4690ce9p-36	true	true
9	5	D4	U07-0000000096_S08-0000000164	5	0	4	NA	NA	7	96	8	164	C0HORect2Set	DESCENDANT_PROBE_PASS	0	3141	e5ee05013dc9946bf1996eef21fd519b85ef7b877a5a06570a3123a3faae2933	d12bf5b1817637fba702d54b9c398eabfde319d61c12a5fee38d787cb80af2cb	9541d2b7ce823595ca805c4c18352b4f8f2959eb47aadf81622c78c03aa0d884	da14a401393595e538dd1e8b07351e50b5b46fe7d5a01016bd7b5163dd7ec792	e3b0c44298fc1c149afbf4c8996fb92427ae41e4649b934ca495991b7852b855	bea46ab4cf4adbeda551b0c6acc48c6474aa0a07a2c563bba580618b66d2c36b	false	false	true	true	true	-0x1.f3cbbe44b5e56p-36	-0x1.f36e8ccef3975p-36	-0x1.f3cbbe44b5e56p-36	-0x1.f36e8ccef3975p-36	true	true
10	5	D4	U07-0000000096_S08-0000000164	5	0	4	NA	NA	7	96	8	164	C0Rect2Set	DESCENDANT_PROBE_PASS	0	3044	e5ee05013dc9946bf1996eef21fd519b85ef7b877a5a06570a3123a3faae2933	d12bf5b1817637fba702d54b9c398eabfde319d61c12a5fee38d787cb80af2cb	c438b952ba214f6666edf5450f3b21616005199854bca06e74bb820e8f56e63f	3a632c729c43a4f2e8f35864ec6bf5d4f1519db0868288e3d674bc1cba36d44c	e3b0c44298fc1c149afbf4c8996fb92427ae41e4649b934ca495991b7852b855	bea46ab4cf4adbeda551b0c6acc48c6474aa0a07a2c563bba580618b66d2c36b	false	false	true	true	true	-0x1.f3cbd20e2ba7ep-36	-0x1.f36e7908c7f88p-36	-0x1.f3cbd20e2ba7ep-36	-0x1.f36e7908c7f88p-36	true	true
11	6	D4	U07-0000000096_S08-0000000165	6	0	5	NA	NA	7	96	8	165	C0HORect2Set	DESCENDANT_PROBE_PASS	0	3143	3ba4f893bdf8b31e860d1f8cd06db9c7e68fefee1ee4c0fb66332cdb9f7df0c0	c4e89a1bc408b7ae678e2d82a555bb5a66623339afa1db6bdaabf84dc0e69332	407d02e22c6ffa42e1c1fb2d915f3b6fe5b5e122e722566813349d38ec29be2f	018be70b562acd2390687a6a2e6e9c3cab2349995d6704d7c5c730c30621bf1b	e3b0c44298fc1c149afbf4c8996fb92427ae41e4649b934ca495991b7852b855	bea46ab4cf4adbeda551b0c6acc48c6474aa0a07a2c563bba580618b66d2c36b	false	false	true	true	true	-0x1.f3af79f20cec9p-36	-0x1.f3524c5d3266bp-36	-0x1.f3af79f20cec9p-36	-0x1.f3524c5d3266bp-36	true	true
12	6	D4	U07-0000000096_S08-0000000165	6	0	5	NA	NA	7	96	8	165	C0Rect2Set	DESCENDANT_PROBE_PASS	0	3060	3ba4f893bdf8b31e860d1f8cd06db9c7e68fefee1ee4c0fb66332cdb9f7df0c0	c4e89a1bc408b7ae678e2d82a555bb5a66623339afa1db6bdaabf84dc0e69332	a8b306e5bc18c6cab9b6f806eda5e41a737e1b9796353ea0e5a9de580c4e0e32	3288f7dff480c2789a9ac1a9a4db1d1cf60b13ccd0df1dd95f7cfe45af746da6	e3b0c44298fc1c149afbf4c8996fb92427ae41e4649b934ca495991b7852b855	bea46ab4cf4adbeda551b0c6acc48c6474aa0a07a2c563bba580618b66d2c36b	false	false	true	true	true	-0x1.f3af8dba99ae7p-36	-0x1.f3523897eeb96p-36	-0x1.f3af8dba99ae7p-36	-0x1.f3523897eeb96p-36	true	true
13	7	D4	U07-0000000096_S08-0000000166	7	0	6	NA	NA	7	96	8	166	C0HORect2Set	DESCENDANT_PROBE_PASS	0	3154	404f5f8e96592aa19981fd1c044b7b7e3783bc3c9fa5e715ba25b5a72f681b6e	071f494a5f62933750cec208b8f3f4442277d9cfacfa0a0dbabc147cf273c8b6	9c6d335c57d845b9e9fe8751454f6e0326b3f06187feae6c88d25d4037ddf7df	0d191b9d52dfef15124eff571884a746585dc0195de80318a9b7d9e7d1ec85f2	e3b0c44298fc1c149afbf4c8996fb92427ae41e4649b934ca495991b7852b855	bea46ab4cf4adbeda551b0c6acc48c6474aa0a07a2c563bba580618b66d2c36b	false	false	true	true	true	-0x1.f393366bcf137p-36	-0x1.f3360cb78deccp-36	-0x1.f393366bcf137p-36	-0x1.f3360cb78deccp-36	true	true
14	7	D4	U07-0000000096_S08-0000000166	7	0	6	NA	NA	7	96	8	166	C0Rect2Set	DESCENDANT_PROBE_PASS	0	3061	404f5f8e96592aa19981fd1c044b7b7e3783bc3c9fa5e715ba25b5a72f681b6e	071f494a5f62933750cec208b8f3f4442277d9cfacfa0a0dbabc147cf273c8b6	8530dba859c4e2b0d25a37e7c10b9dd02e4b35785d901960feae7dd7a46fa987	e6f4c7bee0a6181982adcd8c8a6ef2d28feb0e14eba953156ba1b5e6d1bf2736	e3b0c44298fc1c149afbf4c8996fb92427ae41e4649b934ca495991b7852b855	bea46ab4cf4adbeda551b0c6acc48c6474aa0a07a2c563bba580618b66d2c36b	false	false	true	true	true	-0x1.f3934a341061p-36	-0x1.f335f8f294aa6p-36	-0x1.f3934a341061p-36	-0x1.f335f8f294aa6p-36	true	true
15	8	D4	U07-0000000096_S08-0000000167	8	0	7	NA	NA	7	96	8	167	C0HORect2Set	DESCENDANT_PROBE_PASS	0	3151	6a1ce978ba7ac7c806dde196c31b9ea30c3ee655378532b2ff72579c78ab3b39	657d095ca49102277d50b8ada7623f1ef5e98aa98b0d5963b7a98244ad516426	01f8c6669648eb0d2823fafe72d033b5019139221cf881a860aa35afefc253aa	0c6f4ec9ec42d0273f045c2f6baca1237f5fdf899ff582249df184186e43a5d2	e3b0c44298fc1c149afbf4c8996fb92427ae41e4649b934ca495991b7852b855	bea46ab4cf4adbeda551b0c6acc48c6474aa0a07a2c563bba580618b66d2c36b	false	false	true	true	true	-0x1.f376f3b213b1bp-36	-0x1.f319cddde217dp-36	-0x1.f376f3b213b1bp-36	-0x1.f319cddde217dp-36	true	true
16	8	D4	U07-0000000096_S08-0000000167	8	0	7	NA	NA	7	96	8	167	C0Rect2Set	DESCENDANT_PROBE_PASS	0	3048	6a1ce978ba7ac7c806dde196c31b9ea30c3ee655378532b2ff72579c78ab3b39	657d095ca49102277d50b8ada7623f1ef5e98aa98b0d5963b7a98244ad516426	006464d08b306be2435d435f06e50773785ff8490fa4af9993d6bb4684b5fc79	bbadb13c8ea94213686c5d2dd74a067b2fc16d01482124c40027a466dac3c894	e3b0c44298fc1c149afbf4c8996fb92427ae41e4649b934ca495991b7852b855	bea46ab4cf4adbeda551b0c6acc48c6474aa0a07a2c563bba580618b66d2c36b	false	false	true	true	true	-0x1.f3770779d59cap-36	-0x1.f319ba1969ba3p-36	-0x1.f3770779d59cap-36	-0x1.f319ba1969ba3p-36	true	true
17	9	D4	U07-0000000096_S08-0000000168	9	0	8	NA	NA	7	96	8	168	C0HORect2Set	DESCENDANT_PROBE_PASS	0	3137	af91626caa1486fb162f5f05ef97bf71b7bea08b0751648de308a60567b98296	6d41fae796ffbce1fabf61e7d0642f416805767c408f53963099fd7c6141bb12	5add8274ba94751a5b26d238ae363f0c7f15a4d9892c9e782e0e6471dff6d51e	ffe9637aa6d4c52e6d6a180ffc4b88d9997200e084d001e0b80bcfb25bd3ed56	e3b0c44298fc1c149afbf4c8996fb92427ae41e4649b934ca495991b7852b855	bea46ab4cf4adbeda551b0c6acc48c6474aa0a07a2c563bba580618b66d2c36b	false	false	true	true	true	-0x1.f35ab1bcf80eep-36	-0x1.f2fd8fd84657fp-36	-0x1.f35ab1bcf80eep-36	-0x1.f2fd8fd84657fp-36	true	true
18	9	D4	U07-0000000096_S08-0000000168	9	0	8	NA	NA	7	96	8	168	C0Rect2Set	DESCENDANT_PROBE_PASS	0	3067	af91626caa1486fb162f5f05ef97bf71b7bea08b0751648de308a60567b98296	6d41fae796ffbce1fabf61e7d0642f416805767c408f53963099fd7c6141bb12	3a84fd24e617cb7acabc50bdf6b285bec4469680049b35499960690aa6fcda69	c16b4bd65a64afb5115d1cce27cd4b484c673b4e9094941a26ef1b2bb44425a8	e3b0c44298fc1c149afbf4c8996fb92427ae41e4649b934ca495991b7852b855	bea46ab4cf4adbeda551b0c6acc48c6474aa0a07a2c563bba580618b66d2c36b	false	false	true	true	true	-0x1.f35ac5843cc65p-36	-0x1.f2fd7c144a64bp-36	-0x1.f35ac5843cc65p-36	-0x1.f2fd7c144a64bp-36	true	true
19	10	D4	U07-0000000096_S08-0000000169	10	0	9	NA	NA	7	96	8	169	C0HORect2Set	DESCENDANT_PROBE_PASS	0	3160	50dc2c6e570a950d4933c2f2e89fdbb8d7e111800c3258b56eddde95d7524b4c	5e78a7fa4f7aa033cc808e7b0cba5fbe332a9677b29937347c2213bdbd028055	37d3d3b36933eaa331f7400e27833567e0fa521c6727b3a26e1ff3e9bb834f96	963f70e058089a8447b12a4b4e66fe2f9e0c37bf83adca8090f63c040e077575	e3b0c44298fc1c149afbf4c8996fb92427ae41e4649b934ca495991b7852b855	bea46ab4cf4adbeda551b0c6acc48c6474aa0a07a2c563bba580618b66d2c36b	false	false	true	true	true	-0x1.f33e709bcc645p-36	-0x1.f2e15296e97b4p-36	-0x1.f33e709bcc645p-36	-0x1.f2e15296e97b4p-36	true	true
20	10	D4	U07-0000000096_S08-0000000169	10	0	9	NA	NA	7	96	8	169	C0Rect2Set	DESCENDANT_PROBE_PASS	0	3068	50dc2c6e570a950d4933c2f2e89fdbb8d7e111800c3258b56eddde95d7524b4c	5e78a7fa4f7aa033cc808e7b0cba5fbe332a9677b29937347c2213bdbd028055	3085a123ea1caea4d748dccf8f7dd46eda4309be41e8aba2b59dd1c18397937e	a70a7bbb82ae60735ac616fff8e427303d920fb28fbec7c453d8cde934b3ade3	e3b0c44298fc1c149afbf4c8996fb92427ae41e4649b934ca495991b7852b855	bea46ab4cf4adbeda551b0c6acc48c6474aa0a07a2c563bba580618b66d2c36b	false	false	true	true	true	-0x1.f33e84628a1c6p-36	-0x1.f2e13ed374fbep-36	-0x1.f33e84628a1c6p-36	-0x1.f2e13ed374fbep-36	true	true
21	11	D4	U07-0000000096_S08-0000000170	11	0	10	NA	NA	7	96	8	170	C0HORect2Set	DESCENDANT_PROBE_PASS	0	3144	4fa9cb21e3cc709acdca228fb8f5c16af4caf4c07fecd55b84b30f52aa1e7339	e30a58fa508d6b4cf75ec545a09f13e69e64ef4f5061a89034fd1af5ec7daf2a	56bccc93b601d6a286fd9e2242b032a9645986e68c6fae40c9e5afa00cbac9bd	512a98f247d583f6230e5907b5bb5af417f4bcad0c4414fad1be6965e3bd31c3	e3b0c44298fc1c149afbf4c8996fb92427ae41e4649b934ca495991b7852b855	bea46ab4cf4adbeda551b0c6acc48c6474aa0a07a2c563bba580618b66d2c36b	false	false	true	true	true	-0x1.f32230470ec32p-36	-0x1.f2c516217efd7p-36	-0x1.f32230470ec32p-36	-0x1.f2c516217efd7p-36	true	true
22	11	D4	U07-0000000096_S08-0000000170	11	0	10	NA	NA	7	96	8	170	C0Rect2Set	DESCENDANT_PROBE_PASS	0	3049	4fa9cb21e3cc709acdca228fb8f5c16af4caf4c07fecd55b84b30f52aa1e7339	e30a58fa508d6b4cf75ec545a09f13e69e64ef4f5061a89034fd1af5ec7daf2a	a1ee570bedd1d51000027fe1deaabc77d997e61432ce49d61befdb8ce94ee2be	284a0c9912632cadabfc74a1032f2eb46cd5297e5fd72129f28cdab163e03fcd	e3b0c44298fc1c149afbf4c8996fb92427ae41e4649b934ca495991b7852b855	bea46ab4cf4adbeda551b0c6acc48c6474aa0a07a2c563bba580618b66d2c36b	false	false	true	true	true	-0x1.f322440d370bp-36	-0x1.f2c5025e9f9cdp-36	-0x1.f322440d370bp-36	-0x1.f2c5025e9f9cdp-36	true	true
23	12	D4	U07-0000000096_S08-0000000171	12	0	11	NA	NA	7	96	8	171	C0HORect2Set	DESCENDANT_PROBE_PASS	0	3158	c5c2a84e13e009ffcd1107a88bd2f9fe281c7d134bfe615b8cb31b1891957d3c	057fcc909dc1bead33f5abac91b994421d1a7aebfa45156690c2ab839b422f55	b26bedfe02c79d9e085b8f6ff74d9040f6d5676974e3fd546186f3312d41fae1	5931d9899297c305d47acc268dba1d9e94a31252944477ae8c575a80b3224eee	e3b0c44298fc1c149afbf4c8996fb92427ae41e4649b934ca495991b7852b855	bea46ab4cf4adbeda551b0c6acc48c6474aa0a07a2c563bba580618b66d2c36b	false	false	true	true	true	-0x1.f305f0be766cap-36	-0x1.f2a8da7842ep-36	-0x1.f305f0be766cap-36	-0x1.f2a8da7842ep-36	true	true
24	12	D4	U07-0000000096_S08-0000000171	12	0	11	NA	NA	7	96	8	171	C0Rect2Set	DESCENDANT_PROBE_PASS	0	3041	c5c2a84e13e009ffcd1107a88bd2f9fe281c7d134bfe615b8cb31b1891957d3c	057fcc909dc1bead33f5abac91b994421d1a7aebfa45156690c2ab839b422f55	b06c153fc41a2ea73667529377b147028677f7024ae7031fd33a6436fe3c65e1	e90ecb37e673217cbb40a27bd7d946a23b66b74702d7692f85752ae7ab725487	e3b0c44298fc1c149afbf4c8996fb92427ae41e4649b934ca495991b7852b855	bea46ab4cf4adbeda551b0c6acc48c6474aa0a07a2c563bba580618b66d2c36b	false	false	true	true	true	-0x1.f3060484504e1p-36	-0x1.f2a8c6b5b3087p-36	-0x1.f3060484504e1p-36	-0x1.f2a8c6b5b3087p-36	true	true
25	13	D4	U07-0000000096_S08-0000000172	13	0	12	NA	NA	7	96	8	172	C0HORect2Set	DESCENDANT_PROBE_PASS	0	3166	d1b206c1d6f45a0d3a89d2229bc401f392b1d274c8fdda950be12d7fea8fba93	b81ba81fd23bb49c0af6d0d61cd8902ef1884a33c133447572bddaf56f84dfcd	be086ff3d480d568aa502cd40c8f5115684979c6716883fa2f6fa9616952a648	105184a35871690a73df630c3d120d913735f3ccb6dae77324f08eaba76202d4	e3b0c44298fc1c149afbf4c8996fb92427ae41e4649b934ca495991b7852b855	bea46ab4cf4adbeda551b0c6acc48c6474aa0a07a2c563bba580618b66d2c36b	false	false	true	true	true	-0x1.f2e9b2026732cp-36	-0x1.f28c9f9aca17bp-36	-0x1.f2e9b2026732cp-36	-0x1.f28c9f9aca17bp-36	true	true
26	13	D4	U07-0000000096_S08-0000000172	13	0	12	NA	NA	7	96	8	172	C0Rect2Set	DESCENDANT_PROBE_PASS	0	3068	d1b206c1d6f45a0d3a89d2229bc401f392b1d274c8fdda950be12d7fea8fba93	b81ba81fd23bb49c0af6d0d61cd8902ef1884a33c133447572bddaf56f84dfcd	372b205a87d5415486a676a0c0fc357defbf302ddc9fc159b8db7884a5de6106	41debfe3bef45be5c774b47595f80513aaa9f981606af7d72729b9b0105b621e	e3b0c44298fc1c149afbf4c8996fb92427ae41e4649b934ca495991b7852b855	bea46ab4cf4adbeda551b0c6acc48c6474aa0a07a2c563bba580618b66d2c36b	false	false	true	true	true	-0x1.f2e9c5c79fc1fp-36	-0x1.f28c8bd8db48cp-36	-0x1.f2e9c5c79fc1fp-36	-0x1.f28c8bd8db48cp-36	true	true
27	14	D4	U07-0000000096_S08-0000000173	14	0	13	NA	NA	7	96	8	173	C0HORect2Set	DESCENDANT_PROBE_PASS	0	3150	a1606b44e5b68c5d43f0e59032b18dabcdd9d2085b5279794df41507f7879a0d	6162db1fbb4b4ca6d9f478a2a7bb1795d72f25c190ff23fcdb24259d50d50c5c	caf0fd0ffba56c9475f660fac46dce82f5af4494dacf20019bb22313db408ddc	2c92219a64432ad1378623d51f1476d6689fdfacb3179a15e9edd52fac9c6ecb	e3b0c44298fc1c149afbf4c8996fb92427ae41e4649b934ca495991b7852b855	bea46ab4cf4adbeda551b0c6acc48c6474aa0a07a2c563bba580618b66d2c36b	false	false	true	true	true	-0x1.f2cd7411f9e13p-36	-0x1.f2706589eff9bp-36	-0x1.f2cd7411f9e13p-36	-0x1.f2706589eff9bp-36	true	true
28	14	D4	U07-0000000096_S08-0000000173	14	0	13	NA	NA	7	96	8	173	C0Rect2Set	DESCENDANT_PROBE_PASS	0	3042	a1606b44e5b68c5d43f0e59032b18dabcdd9d2085b5279794df41507f7879a0d	6162db1fbb4b4ca6d9f478a2a7bb1795d72f25c190ff23fcdb24259d50d50c5c	4faf59a868859e8b3b3a8b069ef6220be6b885a9a355b70194fc552687d52522	300e64d3051df21474e533336bad6b55bd6d4865e67d84acef807ac7c2a80d9d	e3b0c44298fc1c149afbf4c8996fb92427ae41e4649b934ca495991b7852b855	bea46ab4cf4adbeda551b0c6acc48c6474aa0a07a2c563bba580618b66d2c36b	false	false	true	true	true	-0x1.f2cd87d71ad3bp-36	-0x1.f27051c818e53p-36	-0x1.f2cd87d71ad3bp-36	-0x1.f27051c818e53p-36	true	true
29	15	D4	U07-0000000096_S08-0000000174	15	0	14	NA	NA	7	96	8	174	C0HORect2Set	DESCENDANT_PROBE_PASS	0	3169	a29cde5185c400fabece8a032d49071f3096f2f9919e9db3d437da884952bf5b	fb0e925834c4a107e35d3145c7508828182634dba1755f6200a3435d71afa929	bf535603d2ba95239179cf5164a366e677103977c6f920cbfcc191574efb78a9	841b5962252ac12e1ad88bbee1e3822c27098d48f1423719c39f301ebfea63f5	e3b0c44298fc1c149afbf4c8996fb92427ae41e4649b934ca495991b7852b855	bea46ab4cf4adbeda551b0c6acc48c6474aa0a07a2c563bba580618b66d2c36b	false	false	true	true	true	-0x1.f2b136ee35dc1p-36	-0x1.f2542c44a2b9bp-36	-0x1.f2b136ee35dc1p-36	-0x1.f2542c44a2b9bp-36	true	true
30	15	D4	U07-0000000096_S08-0000000174	15	0	14	NA	NA	7	96	8	174	C0Rect2Set	DESCENDANT_PROBE_PASS	0	3082	a29cde5185c400fabece8a032d49071f3096f2f9919e9db3d437da884952bf5b	fb0e925834c4a107e35d3145c7508828182634dba1755f6200a3435d71afa929	5b8c274b26b5c9844c67a53b3113f0014389d09b8267da09a8aedb9b37867627	d8cba65fb9453b6931e836ec807645f909a78633b6742550829012a00190e724	e3b0c44298fc1c149afbf4c8996fb92427ae41e4649b934ca495991b7852b855	bea46ab4cf4adbeda551b0c6acc48c6474aa0a07a2c563bba580618b66d2c36b	false	false	true	true	true	-0x1.f2b14ab2c7d57p-36	-0x1.f25418835bf37p-36	-0x1.f2b14ab2c7d57p-36	-0x1.f25418835bf37p-36	true	true
31	16	D4	U07-0000000096_S08-0000000175	16	0	15	NA	NA	7	96	8	175	C0HORect2Set	DESCENDANT_PROBE_PASS	0	3178	d3749ea15205898b8d54177424cd59f6fdf1ef001122376332787cb61243df1a	914e3077958d7f9505d32a5138c9a537f75258c0d23c5014e464a3a2153df968	3a8353fd4bcc5378fa70c30cfdc5523f618c2931d35d514df6179d83b2c515fb	923b354172cfda2965b419ab97bb05a1b5afed6e51f86457057ec2c0919ba053	e3b0c44298fc1c149afbf4c8996fb92427ae41e4649b934ca495991b7852b855	bea46ab4cf4adbeda551b0c6acc48c6474aa0a07a2c563bba580618b66d2c36b	false	false	true	true	true	-0x1.f294fa962b586p-36	-0x1.f237f3cbcc098p-36	-0x1.f294fa962b586p-36	-0x1.f237f3cbcc098p-36	true	true
32	16	D4	U07-0000000096_S08-0000000175	16	0	15	NA	NA	7	96	8	175	C0Rect2Set	DESCENDANT_PROBE_PASS	0	3104	d3749ea15205898b8d54177424cd59f6fdf1ef001122376332787cb61243df1a	914e3077958d7f9505d32a5138c9a537f75258c0d23c5014e464a3a2153df968	2c4005135fcaa4dac12111f18b4acc41dfcfacc1f46b190a353264122348ceae	acf0884401dc46afcb933f432018ae7de8c2f59a97d08bd9a029c3db8d22d6ee	e3b0c44298fc1c149afbf4c8996fb92427ae41e4649b934ca495991b7852b855	bea46ab4cf4adbeda551b0c6acc48c6474aa0a07a2c563bba580618b66d2c36b	false	false	true	true	true	-0x1.f2950e5a96f0cp-36	-0x1.f237e00aa9787p-36	-0x1.f2950e5a96f0cp-36	-0x1.f237e00aa9787p-36	true	true
33	17	D4	U07-0000000097_S08-0000000160	17	1	0	NA	NA	7	97	8	160	C0HORect2Set	DESCENDANT_PROBE_PASS	0	3175	b323c0d9d9335b8fbddc68cfbf6d849d3e089a052cf3e88ef8551492f5034c3f	f8e5fc77fa971b93e01ae32a20d3aeb291be113f5bf67e1881f1f26816b54af4	fcdf53f175b68239d75d9df34f9c35d349651c20a7f3938e0b217f2391a91f50	6888f1215b13ff7d7b37104c2f37185b4499baeff6de52067e4a61d3afb4e4d8	e3b0c44298fc1c149afbf4c8996fb92427ae41e4649b934ca495991b7852b855	bea46ab4cf4adbeda551b0c6acc48c6474aa0a07a2c563bba580618b66d2c36b	false	false	true	true	true	-0x1.f439440a99d3ep-36	-0x1.f3dc03509af7bp-36	-0x1.f439440a99d3ep-36	-0x1.f3dc03509af7bp-36	true	true
34	17	D4	U07-0000000097_S08-0000000160	17	1	0	NA	NA	7	97	8	160	C0Rect2Set	DESCENDANT_PROBE_PASS	0	3074	b323c0d9d9335b8fbddc68cfbf6d849d3e089a052cf3e88ef8551492f5034c3f	f8e5fc77fa971b93e01ae32a20d3aeb291be113f5bf67e1881f1f26816b54af4	8814b2072089a59063150b0eeac0d4771bec3749c79dc5905271d28bc4708eee	5b00bc3d6d4c5e89ee59963ac468e7f9b060057c7e84e8e35df597e0e4fc0c0f	e3b0c44298fc1c149afbf4c8996fb92427ae41e4649b934ca495991b7852b855	bea46ab4cf4adbeda551b0c6acc48c6474aa0a07a2c563bba580618b66d2c36b	false	false	true	true	true	-0x1.f43957d5bc963p-36	-0x1.f3dbef88c0a94p-36	-0x1.f43957d5bc963p-36	-0x1.f3dbef88c0a94p-36	true	true
35	18	D4	U07-0000000097_S08-0000000161	18	1	1	NA	NA	7	97	8	161	C0HORect2Set	DESCENDANT_PROBE_PASS	0	3334	f2d5985264287d33181c227cc2e7d2872f8dd7f4450bc605d8e09b41a39b1269	5814726d25344cae79a07adb6f1054ce4699d5ea58a8b2c7cc5fde492e5682de	b65e4a5f0f3c8eb2a30dec78e65eef962cac9e3d1bcfebfe6fd95636261a43e0	90a891bd08998202cd33c14e8adb3bceeb1656a13cfddfa99ef0a86e81159cc1	e3b0c44298fc1c149afbf4c8996fb92427ae41e4649b934ca495991b7852b855	bea46ab4cf4adbeda551b0c6acc48c6474aa0a07a2c563bba580618b66d2c36b	false	false	true	true	true	-0x1.f41cfcac6e612p-36	-0x1.f3bfbfd362e3ep-36	-0x1.f41cfcac6e612p-36	-0x1.f3bfbfd362e3ep-36	true	true
36	18	D4	U07-0000000097_S08-0000000161	18	1	1	NA	NA	7	97	8	161	C0Rect2Set	DESCENDANT_PROBE_PASS	0	3083	f2d5985264287d33181c227cc2e7d2872f8dd7f4450bc605d8e09b41a39b1269	5814726d25344cae79a07adb6f1054ce4699d5ea58a8b2c7cc5fde492e5682de	af70a93e7cb1c7e3e405602cee67613289d58c2fdeee2d8887e80f3dc9c2302e	113508e1544ebdbd7aa26b4f9cf3e8877d5bf4d96bfc46a228b24313dc62ba7c	e3b0c44298fc1c149afbf4c8996fb92427ae41e4649b934ca495991b7852b855	bea46ab4cf4adbeda551b0c6acc48c6474aa0a07a2c563bba580618b66d2c36b	false	false	true	true	true	-0x1.f41d10771ede1p-36	-0x1.f3bfac0bfb099p-36	-0x1.f41d10771ede1p-36	-0x1.f3bfac0bfb099p-36	true	true
37	19	D4	U07-0000000097_S08-0000000162	19	1	2	NA	NA	7	97	8	162	C0HORect2Set	DESCENDANT_PROBE_PASS	0	3172	a26419aef1393bfc1be5e51b82f88de1a1e535a8fbeaf7e7187c9efa38ddc368	78177999d0045317b0b4925862aaa480e9679861e2a73545bbe7f230e2e92b44	a17360382d1731633b8837d7561c2718ede28dfb4c20dc376e3df2e4b04bfba4	63ae9cab23e59e28f52534635df10ca0c5fd1e0b76ea507a3a8eb75e4923e100	e3b0c44298fc1c149afbf4c8996fb92427ae41e4649b934ca495991b7852b855	bea46ab4cf4adbeda551b0c6acc48c6474aa0a07a2c563bba580618b66d2c36b	false	false	true	true	true	-0x1.f400b61ad54f2p-36	-0x1.f3a37d224869ep-36	-0x1.f400b61ad54f2p-36	-0x1.f3a37d224869ep-36	true	true
38	19	D4	U07-0000000097_S08-0000000162	19	1	2	NA	NA	7	97	8	162	C0Rect2Set	DESCENDANT_PROBE_PASS	0	3093	a26419aef1393bfc1be5e51b82f88de1a1e535a8fbeaf7e7187c9efa38ddc368	78177999d0045317b0b4925862aaa480e9679861e2a73545bbe7f230e2e92b44	bc5c69de1e66263e98821d3636976148d5602ba5e6a1b8c6660bcd8e7ed5ef2d	373ce009b95701679f948cf8b613de768f7c44a6cf788d08a42bcd8b310d6dd4	e3b0c44298fc1c149afbf4c8996fb92427ae41e4649b934ca495991b7852b855	bea46ab4cf4adbeda551b0c6acc48c6474aa0a07a2c563bba580618b66d2c36b	false	false	true	true	true	-0x1.f400c9e4e9433p-36	-0x1.f3a3695b7ccfp-36	-0x1.f400c9e4e9433p-36	-0x1.f3a3695b7ccfp-36	true	true
39	20	D4	U07-0000000097_S08-0000000163	20	1	3	NA	NA	7	97	8	163	C0HORect2Set	DESCENDANT_PROBE_PASS	0	3186	181c6d8646a3e24ce83f6bac52abb6f23db1b7cdb6acae9df4bd490782c272ea	9da689f785993bbe77cbf034534c1deca849892a5f2030968e10808475bfe8b8	74db8c8e45fbe0ca05a97b7ca8472c69765dbc958babe465df0c706d4f7c7cea	0a2579b8a29124d7702d3db2a89e27bfb29b21ebc4d87d4c22b51c9e14074108	e3b0c44298fc1c149afbf4c8996fb92427ae41e4649b934ca495991b7852b855	bea46ab4cf4adbeda551b0c6acc48c6474aa0a07a2c563bba580618b66d2c36b	false	false	true	true	true	-0x1.f3e470553d1fdp-36	-0x1.f3873b3dd35e9p-36	-0x1.f3e470553d1fdp-36	-0x1.f3873b3dd35e9p-36	true	true
40	20	D4	U07-0000000097_S08-0000000163	20	1	3	NA	NA	7	97	8	163	C0Rect2Set	DESCENDANT_PROBE_PASS	0	3048	181c6d8646a3e24ce83f6bac52abb6f23db1b7cdb6acae9df4bd490782c272ea	9da689f785993bbe77cbf034534c1deca849892a5f2030968e10808475bfe8b8	a53b180c6d869488a0e7bd740b409e9b30db985d50bf7319467fecf75fe0bc01	cece6211742e09ed01eb567c5f82e3356d8be27fd53590a2f95859662bdba7b6	e3b0c44298fc1c149afbf4c8996fb92427ae41e4649b934ca495991b7852b855	bea46ab4cf4adbeda551b0c6acc48c6474aa0a07a2c563bba580618b66d2c36b	false	false	true	true	true	-0x1.f3e4841f14bf9p-36	-0x1.f387277743e1fp-36	-0x1.f3e4841f14bf9p-36	-0x1.f387277743e1fp-36	true	true
41	21	D4	U07-0000000097_S08-0000000164	21	1	4	NA	NA	7	97	8	164	C0HORect2Set	DESCENDANT_PROBE_PASS	0	3150	a1bc1903f68f83dd62901bafb2fb584ce8a01dce7ad569842f41e7d38a4c70ad	ec46ceaa8a2af475d152ba1d4a1c7cc6b8b8e3322d6e1ebd9febfcf9655b6590	49551e097da545e85e172233b2f1fbfcd7162e4fbe6db21254ba44b9a777c47d	eaeedebac9aaf1cd917acef17110cef5d8b1557b86b279638519662faff9631d	e3b0c44298fc1c149afbf4c8996fb92427ae41e4649b934ca495991b7852b855	bea46ab4cf4adbeda551b0c6acc48c6474aa0a07a2c563bba580618b66d2c36b	false	false	true	true	true	-0x1.f3c82b5c65614p-36	-0x1.f36afa2536ecp-36	-0x1.f3c82b5c65614p-36	-0x1.f36afa2536ecp-36	true	true
42	21	D4	U07-0000000097_S08-0000000164	21	1	4	NA	NA	7	97	8	164	C0Rect2Set	DESCENDANT_PROBE_PASS	0	3083	a1bc1903f68f83dd62901bafb2fb584ce8a01dce7ad569842f41e7d38a4c70ad	ec46ceaa8a2af475d152ba1d4a1c7cc6b8b8e3322d6e1ebd9febfcf9655b6590	1a6b5cabdd29a7f4c5a89cea39c100199747f9bf22af7a8c8f8530dbc94dc5dd	48dcdca95bb2eec80688c9f43ec1f78f0e8881f1cfbef9ed4f8021a7428c881c	e3b0c44298fc1c149afbf4c8996fb92427ae41e4649b934ca495991b7852b855	bea46ab4cf4adbeda551b0c6acc48c6474aa0a07a2c563bba580618b66d2c36b	false	false	true	true	true	-0x1.f3c83f25a263dp-36	-0x1.f36ae65f446f8p-36	-0x1.f3c83f25a263dp-36	-0x1.f36ae65f446f8p-36	true	true
43	22	D4	U07-0000000097_S08-0000000165	22	1	5	NA	NA	7	97	8	165	C0HORect2Set	DESCENDANT_PROBE_PASS	0	3190	eb03747cbd328f1dd66c93a4a337bb9fd46d2847345e5d95c848041158c2fcd1	12b33eb37d088ce9d41e4b90fd932a97ed9b86ab7ae1a78c081305dc9b719a06	8119523a2d9c43f4f58cac90839683d58f93648dc4f2c35fca0cda24ddd03812	97459e13a0890b8c5577292f4515432979b0dee902a52c4a69b667588353d4db	e3b0c44298fc1c149afbf4c8996fb92427ae41e4649b934ca495991b7852b855	bea46ab4cf4adbeda551b0c6acc48c6474aa0a07a2c563bba580618b66d2c36b	false	false	true	true	true	-0x1.f3abe72f2ccfbp-36	-0x1.f34eb9d991acdp-36	-0x1.f3abe72f2ccfbp-36	-0x1.f34eb9d991acdp-36	true	true
44	22	D4	U07-0000000097_S08-0000000165	22	1	5	NA	NA	7	97	8	165	C0Rect2Set	DESCENDANT_PROBE_PASS	0	3076	eb03747cbd328f1dd66c93a4a337bb9fd46d2847345e5d95c848041158c2fcd1	12b33eb37d088ce9d41e4b90fd932a97ed9b86ab7ae1a78c081305dc9b719a06	c8b1f33cd9c2ae74e978e9b0076985abcffba267a974c9ca392d75886fe78262	44a8f97f6ab54ef1c1b76a3605aac3eb4ec46d5c7deb334b80369b69d3626812	e3b0c44298fc1c149afbf4c8996fb92427ae41e4649b934ca495991b7852b855	bea46ab4cf4adbeda551b0c6acc48c6474aa0a07a2c563bba580618b66d2c36b	false	false	true	true	true	-0x1.f3abfaf7cf38ep-36	-0x1.f34ea61437a1bp-36	-0x1.f3abfaf7cf38ep-36	-0x1.f34ea61437a1bp-36	true	true
45	23	D4	U07-0000000097_S08-0000000166	23	1	6	NA	NA	7	97	8	166	C0HORect2Set	DESCENDANT_PROBE_PASS	0	3146	fedf862c3377e8c2f951f5d7b25d297d4fe74e34efb76021bb97b589d52f5869	8af41dda847537f66a83f5a0463116decc88197cdbcc072ca49c9166fef6267b	f59865113ea0a5bce84ebff2d8f90d38eaccaf1d1683b031d778efd5d02982a4	4963c047424635d96f6e5c4e36ee04ce4ac22ebc40d8d96f8c1bf9f48d315f67	e3b0c44298fc1c149afbf4c8996fb92427ae41e4649b934ca495991b7852b855	bea46ab4cf4adbeda551b0c6acc48c6474aa0a07a2c563bba580618b66d2c36b	false	false	true	true	true	-0x1.f38fa3ceed395p-36	-0x1.f3327a5977647p-36	-0x1.f38fa3ceed395p-36	-0x1.f3327a5977647p-36	true	true
46	23	D4	U07-0000000097_S08-0000000166	23	1	6	NA	NA	7	97	8	166	C0Rect2Set	DESCENDANT_PROBE_PASS	0	3079	fedf862c3377e8c2f951f5d7b25d297d4fe74e34efb76021bb97b589d52f5869	8af41dda847537f66a83f5a0463116decc88197cdbcc072ca49c9166fef6267b	3e6c28d99dd18170548350af911f3fda7881608caca1916b57b294c34f0d666b	9e93e1c0cfa5ae93ef226dfe6a59f78fbbecda9ed2878868f5894ee779d53c79	e3b0c44298fc1c149afbf4c8996fb92427ae41e4649b934ca495991b7852b855	bea46ab4cf4adbeda551b0c6acc48c6474aa0a07a2c563bba580618b66d2c36b	false	false	true	true	true	-0x1.f38fb796ffc66p-36	-0x1.f3326694af2b7p-36	-0x1.f38fb796ffc66p-36	-0x1.f3326694af2b7p-36	true	true
47	24	D4	U07-0000000097_S08-0000000167	24	1	7	NA	NA	7	97	8	167	C0HORect2Set	DESCENDANT_PROBE_PASS	0	3193	8eb80b77250ee49482c26f6275147cf6bc269880f2620487ebc532a72d74e7ec	eff0fa6192b163ae93d73cda3bb28961f111f995a5a53d254e4cf794911df62f	a4307ca98f16172057f69b82a4ab42c5211e50988783beb769056370f214fee4	dd4401ebf02749819c100ba052816cb7b7d30d65a39097a0f578a32975f399c2	e3b0c44298fc1c149afbf4c8996fb92427ae41e4649b934ca495991b7852b855	bea46ab4cf4adbeda551b0c6acc48c6474aa0a07a2c563bba580618b66d2c36b	false	false	true	true	true	-0x1.f373613ad0eb8p-36	-0x1.f3163ba5ba35cp-36	-0x1.f373613ad0eb8p-36	-0x1.f3163ba5ba35cp-36	true	true
48	24	D4	U07-0000000097_S08-0000000167	24	1	7	NA	NA	7	97	8	167	C0Rect2Set	DESCENDANT_PROBE_PASS	0	3076	8eb80b77250ee49482c26f6275147cf6bc269880f2620487ebc532a72d74e7ec	eff0fa6192b163ae93d73cda3bb28961f111f995a5a53d254e4cf794911df62f	7712471dc917ef5a501dc469ce20a17e2e7cf67e91ac742463a4741e7760e542	9dafe5027bdc9198c5460558d41766b786b52c3e76d22c95f474d3940b59793c	e3b0c44298fc1c149afbf4c8996fb92427ae41e4649b934ca495991b7852b855	bea46ab4cf4adbeda551b0c6acc48c6474aa0a07a2c563bba580618b66d2c36b	false	false	true	true	true	-0x1.f3737502835c6p-36	-0x1.f31627e151212p-36	-0x1.f3737502835c6p-36	-0x1.f31627e151212p-36	true	true
49	25	D4	U07-0000000097_S08-0000000168	25	1	8	NA	NA	7	97	8	168	C0HORect2Set	DESCENDANT_PROBE_PASS	0	3152	6f22781d6e447d735b856e550b8fa9b67839d1b5543e14b1df6ea6a3e8b97bec	049b97bb6c4cae95652f7bba5a0f72b1346fd58a6b0ac7fd4c37751e37496736	6c24c3dc8bbd79efa7d7802d799e98bd22ec64891b83c25204a7552644510bc9	971e26cad01885de8f1b4126eb2e6f75855715db1e7c56fda4525250ca17e832	e3b0c44298fc1c149afbf4c8996fb92427ae41e4649b934ca495991b7852b855	bea46ab4cf4adbeda551b0c6acc48c6474aa0a07a2c563bba580618b66d2c36b	false	false	true	true	true	-0x1.f3571f731eeaep-36	-0x1.f2f9fdbe04571p-36	-0x1.f3571f731eeaep-36	-0x1.f2f9fdbe04571p-36	true	true
50	25	D4	U07-0000000097_S08-0000000168	25	1	8	NA	NA	7	97	8	168	C0Rect2Set	DESCENDANT_PROBE_PASS	0	3073	6f22781d6e447d735b856e550b8fa9b67839d1b5543e14b1df6ea6a3e8b97bec	049b97bb6c4cae95652f7bba5a0f72b1346fd58a6b0ac7fd4c37751e37496736	d3d76248c546ca35ae48abea19faf1169d6e07081c21d5f0bf401bff050f9459	ee0d1a8efa172015534e6082550ffa600173da5340053b8a6a4beaa11465d209	e3b0c44298fc1c149afbf4c8996fb92427ae41e4649b934ca495991b7852b855	bea46ab4cf4adbeda551b0c6acc48c6474aa0a07a2c563bba580618b66d2c36b	false	false	true	true	true	-0x1.f357333a519b9p-36	-0x1.f2f9e9fa1bf62p-36	-0x1.f357333a519b9p-36	-0x1.f2f9e9fa1bf62p-36	true	true
51	26	D4	U07-0000000097_S08-0000000169	26	1	9	NA	NA	7	97	8	169	C0HORect2Set	DESCENDANT_PROBE_PASS	0	3171	15e3f87886deac88c987853bf3af9247d72d68a72724bea7462f41b8f2cc2f28	9d07a828eea6f59d255a78fefb24ebe1bf8ea25e558b5617e5d44444a7093756	b682c0f3ab2665cea2d014d3c340843b25879c96f0c660e418800131deebd35c	07a60613e301f63b5ebffe7c4a06589990866e68eb660c1c4c4e7d37db140820	e3b0c44298fc1c149afbf4c8996fb92427ae41e4649b934ca495991b7852b855	bea46ab4cf4adbeda551b0c6acc48c6474aa0a07a2c563bba580618b66d2c36b	false	false	true	true	true	-0x1.f33ade7775629p-36	-0x1.f2ddc0a2b250ap-36	-0x1.f33ade7775629p-36	-0x1.f2ddc0a2b250ap-36	true	true
52	26	D4	U07-0000000097_S08-0000000169	26	1	9	NA	NA	7	97	8	169	C0Rect2Set	DESCENDANT_PROBE_PASS	0	3072	15e3f87886deac88c987853bf3af9247d72d68a72724bea7462f41b8f2cc2f28	9d07a828eea6f59d255a78fefb24ebe1bf8ea25e558b5617e5d44444a7093756	ae8944b888ca62d7dfdc2e059891c3ca550249f03812b5499b662776ba4743fd	725b987bc271bb6b11a75a99395510fc78bd88030a0a6034fc207498531695a9	e3b0c44298fc1c149afbf4c8996fb92427ae41e4649b934ca495991b7852b855	bea46ab4cf4adbeda551b0c6acc48c6474aa0a07a2c563bba580618b66d2c36b	false	false	true	true	true	-0x1.f33af23e60174p-36	-0x1.f2ddacdf102c4p-36	-0x1.f33af23e60174p-36	-0x1.f2ddacdf102c4p-36	true	true
53	27	D4	U07-0000000097_S08-0000000170	27	1	10	NA	NA	7	97	8	170	C0HORect2Set	DESCENDANT_PROBE_PASS	0	3186	7023cc6e17032400bb7362deb80576dfa3ceb497e6ec162e0c65b2d1daf11a32	96391b284f2c3e31dacefb8bc15c84c68131544c34f729de6af438e1f532f2cc	996c13db86bfd2e9e4a8717f26e024ae947f72c485937c9c6504cec8f74e7771	cdd8c69c90f787abffb01d1acc4ea910fa1c67b4395205d2339bc339afa6c4f7	e3b0c44298fc1c149afbf4c8996fb92427ae41e4649b934ca495991b7852b855	bea46ab4cf4adbeda551b0c6acc48c6474aa0a07a2c563bba580618b66d2c36b	false	false	true	true	true	-0x1.f31e9e4898d08p-36	-0x1.f2c18452f0ad9p-36	-0x1.f31e9e4898d08p-36	-0x1.f2c18452f0ad9p-36	true	true
54	27	D4	U07-0000000097_S08-0000000170	27	1	10	NA	NA	7	97	8	170	C0Rect2Set	DESCENDANT_PROBE_PASS	0	3058	7023cc6e17032400bb7362deb80576dfa3ceb497e6ec162e0c65b2d1daf11a32	96391b284f2c3e31dacefb8bc15c84c68131544c34f729de6af438e1f532f2cc	aa284bb6684b2948fb893f087bc6a0eaffd3a07700f82dc8d19e2c1259944201	7b20dfa0d45ea3cf3ca6d9f92cadac369665c781e5e418281289db10042fe6b8	e3b0c44298fc1c149afbf4c8996fb92427ae41e4649b934ca495991b7852b855	bea46ab4cf4adbeda551b0c6acc48c6474aa0a07a2c563bba580618b66d2c36b	false	false	true	true	true	-0x1.f31eb20ece60bp-36	-0x1.f2c1709003dc6p-36	-0x1.f31eb20ece60bp-36	-0x1.f2c1709003dc6p-36	true	true
55	28	D4	U07-0000000097_S08-0000000171	28	1	11	NA	NA	7	97	8	171	C0HORect2Set	DESCENDANT_PROBE_PASS	0	3177	229b32321823d6f1745096e10e6e1208f13e90cf9082bada02d39f8b4b84c4f9	641379cb1b61a037e752088cb8c20fab3f55ad91afc9f29c64ccf462cb40368a	51420bc76041208cf9d4ca71e9c01dcfc534f5b6bb8b3a2cb7f43272c3ee54ff	51b1d3f7825d043e3ebaa089cf77a179608678ae803dbee31a6aa22838d4d700	e3b0c44298fc1c149afbf4c8996fb92427ae41e4649b934ca495991b7852b855	bea46ab4cf4adbeda551b0c6acc48c6474aa0a07a2c563bba580618b66d2c36b	false	false	true	true	true	-0x1.f3025ee576b4dp-36	-0x1.f2a548cfc9ec8p-36	-0x1.f3025ee576b4dp-36	-0x1.f2a548cfc9ec8p-36	true	true
56	28	D4	U07-0000000097_S08-0000000171	28	1	11	NA	NA	7	97	8	171	C0Rect2Set	DESCENDANT_PROBE_PASS	0	3103	229b32321823d6f1745096e10e6e1208f13e90cf9082bada02d39f8b4b84c4f9	641379cb1b61a037e752088cb8c20fab3f55ad91afc9f29c64ccf462cb40368a	22c662914bae134322b6bb20c64c472d6cc3d047d55b5c98f3d435863933de10	7ab4acb19b8dbf9fa9d6003bd2690cb1229c5a752147228a2b0be6cc7633c150	e3b0c44298fc1c149afbf4c8996fb92427ae41e4649b934ca495991b7852b855	bea46ab4cf4adbeda551b0c6acc48c6474aa0a07a2c563bba580618b66d2c36b	false	false	true	true	true	-0x1.f30272aba529cp-36	-0x1.f2a5350ce4197p-36	-0x1.f30272aba529cp-36	-0x1.f2a5350ce4197p-36	true	true
57	29	D4	U07-0000000097_S08-0000000172	29	1	12	NA	NA	7	97	8	172	C0HORect2Set	DESCENDANT_PROBE_PASS	0	3168	1548d0dcfb3225284dfee84d4a4fce5d6dc9e2114dface3d9dc7331cf9c644bf	0b746c43f3ad16b80c526a8461df16398707aff21e60e8fa0ae0a5d39a8b58f3	ec8240a8c146a35a1be569d1e2e9839295f40de783bf1db13eceeaca0d464b67	9dc6f244dc53f6e374cebdd7249dbec79386c55e9e50f500d0633492db3a6f25	e3b0c44298fc1c149afbf4c8996fb92427ae41e4649b934ca495991b7852b855	bea46ab4cf4adbeda551b0c6acc48c6474aa0a07a2c563bba580618b66d2c36b	false	false	true	true	true	-0x1.f2e6204efbaf6p-36	-0x1.f2890e1846f36p-36	-0x1.f2e6204efbaf6p-36	-0x1.f2890e1846f36p-36	true	true
58	29	D4	U07-0000000097_S08-0000000172	29	1	12	NA	NA	7	97	8	172	C0Rect2Set	DESCENDANT_PROBE_PASS	0	3041	1548d0dcfb3225284dfee84d4a4fce5d6dc9e2114dface3d9dc7331cf9c644bf	0b746c43f3ad16b80c526a8461df16398707aff21e60e8fa0ae0a5d39a8b58f3	98e190bef03868d9d75bab93b065e7de196e1be30df9c8f9f373615d77de192d	e1abe4f474e2f43b8f8e0f5456e5257dd7f967c0e3e3b40ca4270045b5a376f7	e3b0c44298fc1c149afbf4c8996fb92427ae41e4649b934ca495991b7852b855	bea46ab4cf4adbeda551b0c6acc48c6474aa0a07a2c563bba580618b66d2c36b	false	false	true	true	true	-0x1.f2e6340d16aaap-36	-0x1.f288fa5db522fp-36	-0x1.f2e6340d16aaap-36	-0x1.f288fa5db522fp-36	true	true
59	30	D4	U07-0000000097_S08-0000000173	30	1	13	NA	NA	7	97	8	173	C0HORect2Set	DESCENDANT_PROBE_PASS	0	3179	07e2a5f7da1c1fee08629268590615a439c052202453bca65b719ccdbcbaf8db	e8924f90b583e0289d9ee926fae8bfd00e25e28af0c78945c89f70f83ba487d5	2cf4625416c375b151f6dc2ac76c88800da51b7dcee8e4af0695573a2b1b696b	61b9e0f1a1dd18bd15220a1ad42c5cab9fe7844b2ec5b6ffe3fb9593230a2cc4	e3b0c44298fc1c149afbf4c8996fb92427ae41e4649b934ca495991b7852b855	bea46ab4cf4adbeda551b0c6acc48c6474aa0a07a2c563bba580618b66d2c36b	false	false	true	true	true	-0x1.f2c9e27d755dep-36	-0x1.f26cd43450fecp-36	-0x1.f2c9e27d755dep-36	-0x1.f26cd43450fecp-36	true	true
60	30	D4	U07-0000000097_S08-0000000173	30	1	13	NA	NA	7	97	8	173	C0Rect2Set	DESCENDANT_PROBE_PASS	0	3075	07e2a5f7da1c1fee08629268590615a439c052202453bca65b719ccdbcbaf8db	e8924f90b583e0289d9ee926fae8bfd00e25e28af0c78945c89f70f83ba487d5	50d30cec95273b33697cbedd93d71626f4282e4ee28453e45b834d6a610962dd	f9840bb4d5db993bfb0b590e7171a78375c5361237b999a08d1110083ee851a6	e3b0c44298fc1c149afbf4c8996fb92427ae41e4649b934ca495991b7852b855	bea46ab4cf4adbeda551b0c6acc48c6474aa0a07a2c563bba580618b66d2c36b	false	false	true	true	true	-0x1.f2c9f64254be3p-36	-0x1.f26cc072bb3fap-36	-0x1.f2c9f64254be3p-36	-0x1.f26cc072bb3fap-36	true	true
61	31	D4	U07-0000000097_S08-0000000174	31	1	14	NA	NA	7	97	8	174	C0HORect2Set	DESCENDANT_PROBE_PASS	0	3183	82fe94784fdb24cd495f6dd15196f5445c6497a2da7c7525a981ab7f056c7725	3bb0564ef010324a791c11afdec2bb26ab073918c7b8cd499ce465ba03d3515b	fcd069a9392ddea988593fdc09921d7a2cbe6676304ae6941d98eb5f183249fb	7c5c6d02f16e5906d65d586e57f6d48285d3697ba08177dbc26e0242f6350c21	e3b0c44298fc1c149afbf4c8996fb92427ae41e4649b934ca495991b7852b855	bea46ab4cf4adbeda551b0c6acc48c6474aa0a07a2c563bba580618b66d2c36b	false	false	true	true	true	-0x1.f2ada57f0869cp-36	-0x1.f2509b153939ep-36	-0x1.f2ada57f0869cp-36	-0x1.f2509b153939ep-36	true	true
62	31	D4	U07-0000000097_S08-0000000174	31	1	14	NA	NA	7	97	8	174	C0Rect2Set	DESCENDANT_PROBE_PASS	0	3066	82fe94784fdb24cd495f6dd15196f5445c6497a2da7c7525a981ab7f056c7725	3bb0564ef010324a791c11afdec2bb26ab073918c7b8cd499ce465ba03d3515b	04f7c0f6aed2f3030ad9b0ddf4cc034db102e29561febe2009fe09a61a1da136	ee2eb7eb6924fac808221a6f267cceee94ed667febd63ff2ee2a253364bc2c22	e3b0c44298fc1c149afbf4c8996fb92427ae41e4649b934ca495991b7852b855	bea46ab4cf4adbeda551b0c6acc48c6474aa0a07a2c563bba580618b66d2c36b	false	false	true	true	true	-0x1.f2adb943bae9bp-36	-0x1.f2508753d0947p-36	-0x1.f2adb943bae9bp-36	-0x1.f2508753d0947p-36	true	true
63	32	D4	U07-0000000097_S08-0000000175	32	1	15	NA	NA	7	97	8	175	C0HORect2Set	DESCENDANT_PROBE_PASS	0	3154	b1ea74e67f578ab13ba2283d24d917d554d8d9a3de5312c367a8e0c7c88de3e1	852def9e79b3f8264e721c27a1e504c8a967ed85b73a6a34e8a020a570c7496e	75142f75f1ff6e301f825a6ebb8f48c6d42cda7348616c5c45406a60376fb3e9	8faf18b11e201a8763e997136ed673b248e064aa136a41b8b605deba9e372b57	e3b0c44298fc1c149afbf4c8996fb92427ae41e4649b934ca495991b7852b855	bea46ab4cf4adbeda551b0c6acc48c6474aa0a07a2c563bba580618b66d2c36b	false	false	true	true	true	-0x1.f291694da2d61p-36	-0x1.f23462c148b77p-36	-0x1.f291694da2d61p-36	-0x1.f23462c148b77p-36	true	true
64	32	D4	U07-0000000097_S08-0000000175	32	1	15	NA	NA	7	97	8	175	C0Rect2Set	DESCENDANT_PROBE_PASS	0	3056	b1ea74e67f578ab13ba2283d24d917d554d8d9a3de5312c367a8e0c7c88de3e1	852def9e79b3f8264e721c27a1e504c8a967ed85b73a6a34e8a020a570c7496e	933e7ca5d8d14ece7b15fc1942c0e5ef4b56b13f16c54459e43149ca890e4b39	442eaaf01292703813de6601a147acd41ff182a38a10a02354f9da73240c7e26	e3b0c44298fc1c149afbf4c8996fb92427ae41e4649b934ca495991b7852b855	bea46ab4cf4adbeda551b0c6acc48c6474aa0a07a2c563bba580618b66d2c36b	false	false	true	true	true	-0x1.f2917d1149cc4p-36	-0x1.f2344f00ea546p-36	-0x1.f2917d1149cc4p-36	-0x1.f2344f00ea546p-36	true	true
65	33	D4	U07-0000000098_S08-0000000160	33	2	0	NA	NA	7	98	8	160	C0HORect2Set	DESCENDANT_PROBE_PASS	0	3157	513bf580b0321451ae7dda3078673118ca285d43a617906398e2db480b8a9c96	ee1e2a212967e12ed22844fbd43f0683e2954a5ab4ae92647ce7eb3812d0e417	92716de3b55ed6f207da290026b66fb27da05845ac986ed87f38a6f68f814318	fb597e17bc648d52e358d82093c5cec03f13fa035c75d1f1bd5bab3c9135de96	e3b0c44298fc1c149afbf4c8996fb92427ae41e4649b934ca495991b7852b855	bea46ab4cf4adbeda551b0c6acc48c6474aa0a07a2c563bba580618b66d2c36b	false	false	true	true	true	-0x1.f435b087dec5ep-36	-0x1.f3d8700bf5376p-36	-0x1.f435b087dec5ep-36	-0x1.f3d8700bf5376p-36	true	true
66	33	D4	U07-0000000098_S08-0000000160	33	2	0	NA	NA	7	98	8	160	C0Rect2Set	DESCENDANT_PROBE_PASS	0	3069	513bf580b0321451ae7dda3078673118ca285d43a617906398e2db480b8a9c96	ee1e2a212967e12ed22844fbd43f0683e2954a5ab4ae92647ce7eb3812d0e417	50b1b62d1dfcf661df7ada6e3e8596cc497d3ebc8c2f6983155e7c1607fa2e6c	8af518d4a6b3b8eb3609cc74b7b8201f22609dc478486ec97a8865b5c04ebd8d	e3b0c44298fc1c149afbf4c8996fb92427ae41e4649b934ca495991b7852b855	bea46ab4cf4adbeda551b0c6acc48c6474aa0a07a2c563bba580618b66d2c36b	false	false	true	true	true	-0x1.f435c452a8b52p-36	-0x1.f3d85c447552dp-36	-0x1.f435c452a8b52p-36	-0x1.f3d85c447552dp-36	true	true
67	34	D4	U07-0000000098_S08-0000000161	34	2	1	NA	NA	7	98	8	161	C0HORect2Set	DESCENDANT_PROBE_PASS	0	3163	9de0d33e559fa52b5ae0098f1ebb03d4a1c429497e816aec1b1b5e5f6065ca22	7af456f0d5b16a86f959e74155d3c964250fc8365e3fc8bc6802c7f2455a144c	d800f953b6085acaafcdc19a07e82f6c32597f3adbd56218183eb847022933f6	2062df2539c65015731ccdbb19f51cafacfb13543747f2e1f717bd4a10849753	e3b0c44298fc1c149afbf4c8996fb92427ae41e4649b934ca495991b7852b855	bea46ab4cf4adbeda551b0c6acc48c6474aa0a07a2c563bba580618b66d2c36b	false	false	true	true	true	-0x1.f419694f47f39p-36	-0x1.f3bc2cb4b3af3p-36	-0x1.f419694f47f39p-36	-0x1.f3bc2cb4b3af3p-36	true	true
68	34	D4	U07-0000000098_S08-0000000161	34	2	1	NA	NA	7	98	8	161	C0Rect2Set	DESCENDANT_PROBE_PASS	0	3075	9de0d33e559fa52b5ae0098f1ebb03d4a1c429497e816aec1b1b5e5f6065ca22	7af456f0d5b16a86f959e74155d3c964250fc8365e3fc8bc6802c7f2455a144c	e7a21c8216a9b90b3871120ec181fc98c5852b1bfeb0a052044365add432fc0b	dfde4cb21ab0208ffe9f86fb15f1ef46f02318404a8cfe3aa034faf006a619f2	e3b0c44298fc1c149afbf4c8996fb92427ae41e4649b934ca495991b7852b855	bea46ab4cf4adbeda551b0c6acc48c6474aa0a07a2c563bba580618b66d2c36b	false	false	true	true	true	-0x1.f4197d19c4ce4p-36	-0x1.f3bc18ed8089bp-36	-0x1.f4197d19c4ce4p-36	-0x1.f3bc18ed8089bp-36	true	true
69	35	D4	U07-0000000098_S08-0000000162	35	2	2	NA	NA	7	98	8	162	C0HORect2Set	DESCENDANT_PROBE_PASS	0	3168	c4ff9d19b07a4ff20b91b95f05830ca3246e03a1f73b09f5f31df760788acdda	6c8d5234bcb11209ac4bebb18d2c15163b78512c0344c28882b4c30379f00091	e0ac76159f0c7122c54469360e3192ae1b12d71c43fa40581949d15b0ae8e3ab	0a164e97f28fbf944ae13bfa56110e7f144171acd6d343c46e6a1a472acf5198	e3b0c44298fc1c149afbf4c8996fb92427ae41e4649b934ca495991b7852b855	bea46ab4cf4adbeda551b0c6acc48c6474aa0a07a2c563bba580618b66d2c36b	false	false	true	true	true	-0x1.f3fd22e31a07fp-36	-0x1.f39fea29ba0d2p-36	-0x1.f3fd22e31a07fp-36	-0x1.f39fea29ba0d2p-36	true	true
70	35	D4	U07-0000000098_S08-0000000162	35	2	2	NA	NA	7	98	8	162	C0Rect2Set	DESCENDANT_PROBE_PASS	0	3066	c4ff9d19b07a4ff20b91b95f05830ca3246e03a1f73b09f5f31df760788acdda	6c8d5234bcb11209ac4bebb18d2c15163b78512c0344c28882b4c30379f00091	0a62bfe3894deee6662b7a3537851512432805b714a41bbf63de2a6dce747bbc	d94d378bf5299b6946f5e1c0679a520fd1fe07ec971f27c6cc5a324bc6cdd5c4	e3b0c44298fc1c149afbf4c8996fb92427ae41e4649b934ca495991b7852b855	bea46ab4cf4adbeda551b0c6acc48c6474aa0a07a2c563bba580618b66d2c36b	false	false	true	true	true	-0x1.f3fd36ad4b141p-36	-0x1.f39fd662d256ep-36	-0x1.f3fd36ad4b141p-36	-0x1.f39fd662d256ep-36	true	true
71	36	D4	U07-0000000098_S08-0000000163	36	2	3	NA	NA	7	98	8	163	C0HORect2Set	DESCENDANT_PROBE_PASS	0	3166	257a1a3326ff84f7c07401e0f69ae2cab992683a281f6b604121b07ba8333f9c	03f589f8ba155be3bbc59fa9a9d5ec11cacf851ba762672ffbe8c1727d2dd40a	28e2c77bc022221e3d50823b64afc055f91c3f69c4746a596e67ad33bf89d8eb	9a6a0f8e1236815bccf9cc276415bb6a59e5d447a7335ca9402b2b1f15d9b3ab	e3b0c44298fc1c149afbf4c8996fb92427ae41e4649b934ca495991b7852b855	bea46ab4cf4adbeda551b0c6acc48c6474aa0a07a2c563bba580618b66d2c36b	false	false	true	true	true	-0x1.f3e0dd43a9f6bp-36	-0x1.f383a86aa7ccbp-36	-0x1.f3e0dd43a9f6bp-36	-0x1.f383a86aa7ccbp-36	true	true
72	36	D4	U07-0000000098_S08-0000000163	36	2	3	NA	NA	7	98	8	163	C0Rect2Set	DESCENDANT_PROBE_PASS	0	3073	257a1a3326ff84f7c07401e0f69ae2cab992683a281f6b604121b07ba8333f9c	03f589f8ba155be3bbc59fa9a9d5ec11cacf851ba762672ffbe8c1727d2dd40a	8f78ac11d2fb678f168b138317449d0648f96a733922823817d0f755df24d646	7ab9de5681db98afecc7d2ad306fe244f7b7cbe4ccbdf59665bdba0bc95cff02	e3b0c44298fc1c149afbf4c8996fb92427ae41e4649b934ca495991b7852b855	bea46ab4cf4adbeda551b0c6acc48c6474aa0a07a2c563bba580618b66d2c36b	false	false	true	true	true	-0x1.f3e0f10d37e5dp-36	-0x1.f38394a463cb7p-36	-0x1.f3e0f10d37e5dp-36	-0x1.f38394a463cb7p-36	true	true
73	37	D4	U07-0000000098_S08-0000000164	37	2	4	NA	NA	7	98	8	164	C0HORect2Set	DESCENDANT_PROBE_PASS	0	3154	5b7eb8ec659ee4e30cb8a78084e76e6033eb008ef7e956b26a3c72389e814187	1296e21c12b6a43df280844af8eb15dd940a46faea7afb1c537006a423817e97	6c85fc6fc6fa51eb2ed5ce2b94f1ba54e1064bfff1a65f20b57b052a273a038d	57cdb6638b63fd5ec88a2ce5e34dc3fe65c7218497ecd6048c22826a107be08a	e3b0c44298fc1c149afbf4c8996fb92427ae41e4649b934ca495991b7852b855	bea46ab4cf4adbeda551b0c6acc48c6474aa0a07a2c563bba580618b66d2c36b	false	false	true	true	true	-0x1.f3c49870357b4p-36	-0x1.f367677835d15p-36	-0x1.f3c49870357b4p-36	-0x1.f367677835d15p-36	true	true
74	37	D4	U07-0000000098_S08-0000000164	37	2	4	NA	NA	7	98	8	164	C0Rect2Set	DESCENDANT_PROBE_PASS	0	3069	5b7eb8ec659ee4e30cb8a78084e76e6033eb008ef7e956b26a3c72389e814187	1296e21c12b6a43df280844af8eb15dd940a46faea7afb1c537006a423817e97	15395d6693f8d8c0381e509708012794973bdac9fd11c27a3b2ec8a12a517cfd	24226ad48d7c1dfe7049b76ce3aeb220efb025ea9ff57f5f24981415827f081d	e3b0c44298fc1c149afbf4c8996fb92427ae41e4649b934ca495991b7852b855	bea46ab4cf4adbeda551b0c6acc48c6474aa0a07a2c563bba580618b66d2c36b	false	false	true	true	true	-0x1.f3c4ac3981cd3p-36	-0x1.f36753b233d73p-36	-0x1.f3c4ac3981cd3p-36	-0x1.f36753b233d73p-36	true	true
75	38	D4	U07-0000000098_S08-0000000165	38	2	5	NA	NA	7	98	8	165	C0HORect2Set	DESCENDANT_PROBE_PASS	0	3183	835b4782172351454a274e6309e9457b0459b62d276e64a34db01e81758c0644	66bb20516c36554fe8d282d91886b4ff8f40f281a3e7a44e3ad9ea42e008ffe6	3604f7720f1f81b4ebfb7d99c7008abc3e50ec8609871de0b81ec29ad22d0d78	9f1b560a1c51e69c1a7ac0c3d4ce3509aee5885ad1ea54a17c6c6585c851e684	e3b0c44298fc1c149afbf4c8996fb92427ae41e4649b934ca495991b7852b855	bea46ab4cf4adbeda551b0c6acc48c6474aa0a07a2c563bba580618b66d2c36b	false	false	true	true	true	-0x1.f3a85468fb02p-36	-0x1.f34b27521dd3bp-36	-0x1.f3a85468fb02p-36	-0x1.f34b27521dd3bp-36	true	true
76	38	D4	U07-0000000098_S08-0000000165	38	2	5	NA	NA	7	98	8	165	C0Rect2Set	DESCENDANT_PROBE_PASS	0	3084	835b4782172351454a274e6309e9457b0459b62d276e64a34db01e81758c0644	66bb20516c36554fe8d282d91886b4ff8f40f281a3e7a44e3ad9ea42e008ffe6	9bc25bc25f1c02082aa1123fc300e509da03d560f991636e87e0802837ad8483	e6ca9620a414b57d96d2b50edfc1656e0fcc218ef90a1479095da4e7721acde5	e3b0c44298fc1c149afbf4c8996fb92427ae41e4649b934ca495991b7852b855	bea46ab4cf4adbeda551b0c6acc48c6474aa0a07a2c563bba580618b66d2c36b	false	false	true	true	true	-0x1.f3a868316d8c8p-36	-0x1.f34b138cf3b45p-36	-0x1.f3a868316d8c8p-36	-0x1.f34b138cf3b45p-36	true	true
77	39	D4	U07-0000000098_S08-0000000166	39	2	6	NA	NA	7	98	8	166	C0HORect2Set	DESCENDANT_PROBE_PASS	0	3172	f11689d329769cea8d69158289ab78e29b9019879435831fe111f009f7ab3d33	fa1292d620c86ff5373c0fd5ba9a2b245bf7fe5c740f70834aa565c59a21465a	47134702cfb747fa7d0d88d2a14aba47ad93e6c1073b7f341a0fd156f48695d1	73a642bff100f6673012f189976dcf57cfbd4e4a72635ada390c7c1d07f3bd76	e3b0c44298fc1c149afbf4c8996fb92427ae41e4649b934ca495991b7852b855	bea46ab4cf4adbeda551b0c6acc48c6474aa0a07a2c563bba580618b66d2c36b	false	false	true	true	true	-0x1.f38c112e90082p-36	-0x1.f32ee7f7bb606p-36	-0x1.f38c112e90082p-36	-0x1.f32ee7f7bb606p-36	true	true
78	39	D4	U07-0000000098_S08-0000000166	39	2	6	NA	NA	7	98	8	166	C0Rect2Set	DESCENDANT_PROBE_PASS	0	3062	f11689d329769cea8d69158289ab78e29b9019879435831fe111f009f7ab3d33	fa1292d620c86ff5373c0fd5ba9a2b245bf7fe5c740f70834aa565c59a21465a	f14993a57f6f4c9976d28a79fc1adc71952f96a22d1b7f34b8d92ccaa051c2a9	52161741f5adb76d6b3064d4f9692b66182835f36cadb7738c293246ca0fb774	e3b0c44298fc1c149afbf4c8996fb92427ae41e4649b934ca495991b7852b855	bea46ab4cf4adbeda551b0c6acc48c6474aa0a07a2c563bba580618b66d2c36b	false	false	true	true	true	-0x1.f38c24f662ffcp-36	-0x1.f32ed43331ddep-36	-0x1.f38c24f662ffcp-36	-0x1.f32ed43331ddep-36	true	true
79	40	D4	U07-0000000098_S08-0000000167	40	2	7	NA	NA	7	98	8	167	C0HORect2Set	DESCENDANT_PROBE_PASS	0	3159	3aa6e799795d5ed980848b6cfbbff53078e2e243c79a529e8e355309f26a32ca	c95ffd061bdf361f3154790c963fdc6364a29260f6895882e2a732fb9c1d336d	b76e91988511769c720385f066999ff31a6cfb5100e16a5b817c9a697c33e569	9e22ce0e1876f38b3425f6312413d6c21bd350fd902e3c98781c2a70ad559a55	e3b0c44298fc1c149afbf4c8996fb92427ae41e4649b934ca495991b7852b855	bea46ab4cf4adbeda551b0c6acc48c6474aa0a07a2c563bba580618b66d2c36b	false	false	true	true	true	-0x1.f36fcec006cebp-36	-0x1.f312a969f5c2fp-36	-0x1.f36fcec006cebp-36	-0x1.f312a969f5c2fp-36	true	true
80	40	D4	U07-0000000098_S08-0000000167	40	2	7	NA	NA	7	98	8	167	C0Rect2Set	DESCENDANT_PROBE_PASS	0	3119	3aa6e799795d5ed980848b6cfbbff53078e2e243c79a529e8e355309f26a32ca	c95ffd061bdf361f3154790c963fdc6364a29260f6895882e2a732fb9c1d336d	e9934bebe30f82b7bf41b28c1113a834ada342865378fefa41ef8182473b1d9e	f31620d653c70d5dd2fe162db4c427728adb894007fd9ce149b98563e779c7d5	e3b0c44298fc1c149afbf4c8996fb92427ae41e4649b934ca495991b7852b855	bea46ab4cf4adbeda551b0c6acc48c6474aa0a07a2c563bba580618b66d2c36b	false	false	true	true	true	-0x1.f36fe287a4d53p-36	-0x1.f31295a5a10e8p-36	-0x1.f36fe287a4d53p-36	-0x1.f31295a5a10e8p-36	true	true
81	41	D4	U07-0000000098_S08-0000000168	41	2	8	NA	NA	7	98	8	168	C0HORect2Set	DESCENDANT_PROBE_PASS	0	3228	6040397a857195262b2b07dc131e75b83115cef7e1c717c188346a885d23e5fe	7264eedefc1d29174996765467750153b3744ab73d5f922c8f97d47da7b9c7cb	823070a34fcd4706fb66ded984a8df3a571e1cbed63532af735cfc5cdb545ec5	ddc54caae6d6766241ad21bf03f07239d19946fbbd2ba7fa1bc505a82ba7dbda	e3b0c44298fc1c149afbf4c8996fb92427ae41e4649b934ca495991b7852b855	bea46ab4cf4adbeda551b0c6acc48c6474aa0a07a2c563bba580618b66d2c36b	false	false	true	true	true	-0x1.f3538d1e0ad1p-36	-0x1.f2f66ba817b1cp-36	-0x1.f3538d1e0ad1p-36	-0x1.f2f66ba817b1cp-36	true	true
82	41	D4	U07-0000000098_S08-0000000168	41	2	8	NA	NA	7	98	8	168	C0Rect2Set	DESCENDANT_PROBE_PASS	0	3071	6040397a857195262b2b07dc131e75b83115cef7e1c717c188346a885d23e5fe	7264eedefc1d29174996765467750153b3744ab73d5f922c8f97d47da7b9c7cb	1e1413226a1e58a1d8528c787c65a6d380da0510ce8af098ac35b0ea2446619b	9dfec42c6427b7847ee870085a436e7f58873d14fea3661eb38f1aa7241b7beb	e3b0c44298fc1c149afbf4c8996fb92427ae41e4649b934ca495991b7852b855	bea46ab4cf4adbeda551b0c6acc48c6474aa0a07a2c563bba580618b66d2c36b	false	false	true	true	true	-0x1.f353a0e52fc7fp-36	-0x1.f2f657e43b1cdp-36	-0x1.f353a0e52fc7fp-36	-0x1.f2f657e43b1cdp-36	true	true
83	42	D4	U07-0000000098_S08-0000000169	42	2	9	NA	NA	7	98	8	169	C0HORect2Set	DESCENDANT_PROBE_PASS	0	3177	d851e71952ed355f3395c421b9668bf3ac83541ce55fa01b38847777ebf018dd	349070864a047a0d5cec86c3faccab2a805629dba7eb4975e8d78d57b1124823	c7d7306fd5cef5dd0aca1e0c3ab85ae074ebebe3e7e0e61a26d74ce135e642f1	def6c4007e21547b7ac1df30468a46257f636ea552f87cc06dc7eff12f05b39e	e3b0c44298fc1c149afbf4c8996fb92427ae41e4649b934ca495991b7852b855	bea46ab4cf4adbeda551b0c6acc48c6474aa0a07a2c563bba580618b66d2c36b	false	false	true	true	true	-0x1.f3374c487acb9p-36	-0x1.f2da2eb23507cp-36	-0x1.f3374c487acb9p-36	-0x1.f2da2eb23507cp-36	true	true
84	42	D4	U07-0000000098_S08-0000000169	42	2	9	NA	NA	7	98	8	169	C0Rect2Set	DESCENDANT_PROBE_PASS	0	3068	d851e71952ed355f3395c421b9668bf3ac83541ce55fa01b38847777ebf018dd	349070864a047a0d5cec86c3faccab2a805629dba7eb4975e8d78d57b1124823	4debcf8f538d72e57d1e43fe4d4f1667aa0367ba9d48c91dc41bd2f048b724ae	cf4e7eb8e298dac745dc6d06b9833f1b26cdb633382ce15ca39920e694b3d82d	e3b0c44298fc1c149afbf4c8996fb92427ae41e4649b934ca495991b7852b855	bea46ab4cf4adbeda551b0c6acc48c6474aa0a07a2c563bba580618b66d2c36b	false	false	true	true	true	-0x1.f337600f0033ap-36	-0x1.f2da1aeef8e33p-36	-0x1.f337600f0033ap-36	-0x1.f2da1aeef8e33p-36	true	true
85	43	D4	U07-0000000098_S08-0000000170	43	2	10	NA	NA	7	98	8	170	C0HORect2Set	DESCENDANT_PROBE_PASS	0	3176	d86de0f5e77e628c57a0a0d00cb8c8bdde4f5fe6e90daac74030906f517ed264	0ad7dbaede7e297c9a34356fca5b94e06f540aea6464890654973369d6ba4b75	bb0c169dd5b423734cef64bc826548b5cc4579969e4350ce3b53954140d54ecc	c9644c8410894e63c474e92c35cef983b56ae547f9d5760ed2431b089f22487b	e3b0c44298fc1c149afbf4c8996fb92427ae41e4649b934ca495991b7852b855	bea46ab4cf4adbeda551b0c6acc48c6474aa0a07a2c563bba580618b66d2c36b	false	false	true	true	true	-0x1.f31b0c3ee779cp-36	-0x1.f2bdf288b6a2ap-36	-0x1.f31b0c3ee779cp-36	-0x1.f2bdf288b6a2ap-36	true	true
86	43	D4	U07-0000000098_S08-0000000170	43	2	10	NA	NA	7	98	8	170	C0Rect2Set	DESCENDANT_PROBE_PASS	0	3073	d86de0f5e77e628c57a0a0d00cb8c8bdde4f5fe6e90daac74030906f517ed264	0ad7dbaede7e297c9a34356fca5b94e06f540aea6464890654973369d6ba4b75	91f9b035b99e8f6b200d1e0721478b8fdcfca2bc1ee88ef9dc4809be6db506fb	d58308224aa1bfbefd39a7a9c93b86ee223d0fd8da9880dae31481dc96bccde2	e3b0c44298fc1c149afbf4c8996fb92427ae41e4649b934ca495991b7852b855	bea46ab4cf4adbeda551b0c6acc48c6474aa0a07a2c563bba580618b66d2c36b	false	false	true	true	true	-0x1.f31b2005364cfp-36	-0x1.f2bddec5b0ca8p-36	-0x1.f31b2005364cfp-36	-0x1.f2bddec5b0ca8p-36	true	true
87	44	D4	U07-0000000098_S08-0000000171	44	2	11	NA	NA	7	98	8	171	C0HORect2Set	DESCENDANT_PROBE_PASS	0	3167	2ddcc281a60a1a3b00c7e6315293611e7fbac3523715c78fc9cb85d123b903a5	2290eebdbf5dad3d5f406de44be63549a5a1581117ec164cc53815dc82e58127	06672a0028472c3fbc47086958b03f2df34169f34af1a910da5cd154b54012a1	b972117176df9e242733d827c439f3e6db7afcd24c8ac51f0810ae78aef257a8	e3b0c44298fc1c149afbf4c8996fb92427ae41e4649b934ca495991b7852b855	bea46ab4cf4adbeda551b0c6acc48c6474aa0a07a2c563bba580618b66d2c36b	false	false	true	true	true	-0x1.f2fecd020e026p-36	-0x1.f2a1b72ad107cp-36	-0x1.f2fecd020e026p-36	-0x1.f2a1b72ad107cp-36	true	true
88	44	D4	U07-0000000098_S08-0000000171	44	2	11	NA	NA	7	98	8	171	C0Rect2Set	DESCENDANT_PROBE_PASS	0	3065	2ddcc281a60a1a3b00c7e6315293611e7fbac3523715c78fc9cb85d123b903a5	2290eebdbf5dad3d5f406de44be63549a5a1581117ec164cc53815dc82e58127	469d508822dcb122804916ed48ed36232704e5543588ce0df3c02895815d593c	0ffe001da18fdce92437720223b2ce633006560b464e707dfe5399f5d96afbe0	e3b0c44298fc1c149afbf4c8996fb92427ae41e4649b934ca495991b7852b855	bea46ab4cf4adbeda551b0c6acc48c6474aa0a07a2c563bba580618b66d2c36b	false	false	true	true	true	-0x1.f2fee0c7cc02p-36	-0x1.f2a1a3685dfaep-36	-0x1.f2fee0c7cc02p-36	-0x1.f2a1a3685dfaep-36	true	true
89	45	D4	U07-0000000098_S08-0000000172	45	2	12	NA	NA	7	98	8	172	C0HORect2Set	DESCENDANT_PROBE_PASS	0	3153	dc97254081527c086654f6026ae357d658d20d91d22fe853ae8a3e8b67e12dc4	3c9aaa611f7afec967851dadcddb39004863ffd26cdb935fd028892e29c32933	f5dc4a22da0ad14699f479482fd58a671a831e193d9a4e1e080a542f637622f2	f0c9325930705b0b33f95e10af307677409dd7bac9562b357fbd235abc3c29f2	e3b0c44298fc1c149afbf4c8996fb92427ae41e4649b934ca495991b7852b855	bea46ab4cf4adbeda551b0c6acc48c6474aa0a07a2c563bba580618b66d2c36b	false	false	true	true	true	-0x1.f2e28e911cde1p-36	-0x1.f2857c9951bb9p-36	-0x1.f2e28e911cde1p-36	-0x1.f2857c9951bb9p-36	true	true
90	45	D4	U07-0000000098_S08-0000000172	45	2	12	NA	NA	7	98	8	172	C0Rect2Set	DESCENDANT_PROBE_PASS	0	3071	dc97254081527c086654f6026ae357d658d20d91d22fe853ae8a3e8b67e12dc4	3c9aaa611f7afec967851dadcddb39004863ffd26cdb935fd028892e29c32933	04fbcf8016eb0cd06ba483db1fcd02de5c1825cf800f615ef4a162ad7fa13a3c	cd69b89f40bc422ee19644801a6dcf0baa31b1906897cd4ba3f669b85d7bc598	e3b0c44298fc1c149afbf4c8996fb92427ae41e4649b934ca495991b7852b855	bea46ab4cf4adbeda551b0c6acc48c6474aa0a07a2c563bba580618b66d2c36b	false	false	true	true	true	-0x1.f2e2a256986e7p-36	-0x1.f28568d71ff39p-36	-0x1.f2e2a256986e7p-36	-0x1.f28568d71ff39p-36	true	true
91	46	D4	U07-0000000098_S08-0000000173	46	2	13	NA	NA	7	98	8	173	C0HORect2Set	DESCENDANT_PROBE_PASS	0	3177	ed73d50e3be5c9ac94a319c1bf9e2f09e5b72f8cb711bededdb01a1acd4a236c	6f6c31b6f5305b426c368495b000e41fb9383b0b3b027163f76c025eddfd4842	bbed4268a196d675175f7f8844b57cd7e733ad7b46dc678596f7da2b01526071	2fe7ea8f2e5bcb6bfe87fb6a283d8926429a54e40bbeffa6f74ad740a620699a	e3b0c44298fc1c149afbf4c8996fb92427ae41e4649b934ca495991b7852b855	bea46ab4cf4adbeda551b0c6acc48c6474aa0a07a2c563bba580618b66d2c36b	false	false	true	true	true	-0x1.f2c650ec7e2cp-36	-0x1.f26942d3c0effp-36	-0x1.f2c650ec7e2cp-36	-0x1.f26942d3c0effp-36	true	true
92	46	D4	U07-0000000098_S08-0000000173	46	2	13	NA	NA	7	98	8	173	C0Rect2Set	DESCENDANT_PROBE_PASS	0	3075	ed73d50e3be5c9ac94a319c1bf9e2f09e5b72f8cb711bededdb01a1acd4a236c	6f6c31b6f5305b426c368495b000e41fb9383b0b3b027163f76c025eddfd4842	3e023d583edf38b895aa8ad31f228f18a2a25dc035ca63405a86fefb5549b4b5	8d267e177cfe990d322440374e6a7684139d74e3cd8442f6d09308260d3317ac	e3b0c44298fc1c149afbf4c8996fb92427ae41e4649b934ca495991b7852b855	bea46ab4cf4adbeda551b0c6acc48c6474aa0a07a2c563bba580618b66d2c36b	false	false	true	true	true	-0x1.f2c664b194332p-36	-0x1.f2692f11f3abep-36	-0x1.f2c664b194332p-36	-0x1.f2692f11f3abep-36	true	true
93	47	D4	U07-0000000098_S08-0000000174	47	2	14	NA	NA	7	98	8	174	C0HORect2Set	DESCENDANT_PROBE_PASS	0	3164	d2cb3f4511615032914cc195a73a0c2dbfa23a566459fb2ab6a148322c77d418	e6a27f0ac7d64e62a57f363b187faf512e5820c25bd5b7344dffacb48bed4099	6f304625d4ce597d894f6a99ff5d7433be0a7f7fd582d3a601e6e15471a18ebe	0198ebee698276cbfb47104d16133df43ef78dc45f316c7ed1c55e616209e154	e3b0c44298fc1c149afbf4c8996fb92427ae41e4649b934ca495991b7852b855	bea46ab4cf4adbeda551b0c6acc48c6474aa0a07a2c563bba580618b66d2c36b	false	false	true	true	true	-0x1.f2aa141b1f772p-36	-0x1.f24d09d2f20e9p-36	-0x1.f2aa141b1f772p-36	-0x1.f24d09d2f20e9p-36	true	true
94	47	D4	U07-0000000098_S08-0000000174	47	2	14	NA	NA	7	98	8	174	C0Rect2Set	DESCENDANT_PROBE_PASS	0	3055	d2cb3f4511615032914cc195a73a0c2dbfa23a566459fb2ab6a148322c77d418	e6a27f0ac7d64e62a57f363b187faf512e5820c25bd5b7344dffacb48bed4099	da8619cde624fe6c6b66d0b57d28b07b946a669a0462e35727d98925ec8e05dc	774fe9ac4f2a4080070da3cd43ca3eb714e508507ef5ef0b87d6a56dc034db3a	e3b0c44298fc1c149afbf4c8996fb92427ae41e4649b934ca495991b7852b855	bea46ab4cf4adbeda551b0c6acc48c6474aa0a07a2c563bba580618b66d2c36b	false	false	true	true	true	-0x1.f2aa27e02964cp-36	-0x1.f24cf611317c2p-36	-0x1.f2aa27e02964cp-36	-0x1.f24cf611317c2p-36	true	true
95	48	D4	U07-0000000098_S08-0000000175	48	2	15	NA	NA	7	98	8	175	C0HORect2Set	DESCENDANT_PROBE_PASS	0	3178	ed6c3c2e9c36b2c38c1ac4f266dc1e8eb7a0378f4a4275d45972b5b7e3104ab1	60777d6eb3bd54ac1e9660def0d3efbf73f3aa653c0541e47abcb65f3654749b	ef3ed3e44cbb418325a79861303601b6147595ab4021ddbab9a23089588750b2	9265a99fe9e94d0167096bf170820a0c49149f6af3907fbe96508a22febb1048	e3b0c44298fc1c149afbf4c8996fb92427ae41e4649b934ca495991b7852b855	bea46ab4cf4adbeda551b0c6acc48c6474aa0a07a2c563bba580618b66d2c36b	false	false	true	true	true	-0x1.f28dd80eb1782p-36	-0x1.f230d1a592a57p-36	-0x1.f28dd80eb1782p-36	-0x1.f230d1a592a57p-36	true	true
96	48	D4	U07-0000000098_S08-0000000175	48	2	15	NA	NA	7	98	8	175	C0Rect2Set	DESCENDANT_PROBE_PASS	0	3215	ed6c3c2e9c36b2c38c1ac4f266dc1e8eb7a0378f4a4275d45972b5b7e3104ab1	60777d6eb3bd54ac1e9660def0d3efbf73f3aa653c0541e47abcb65f3654749b	031211a455f38237e2ed1c15d23b95ce26c9420fdb15c768aab7cf49969245cd	57d73620bd16c6a54fad9db37d41e2b00a606f802392f30000217dc676434542	e3b0c44298fc1c149afbf4c8996fb92427ae41e4649b934ca495991b7852b855	bea46ab4cf4adbeda551b0c6acc48c6474aa0a07a2c563bba580618b66d2c36b	false	false	true	true	true	-0x1.f28debd377101p-36	-0x1.f230bde41676ap-36	-0x1.f28debd377101p-36	-0x1.f230bde41676ap-36	true	true
97	49	D4	U07-0000000099_S08-0000000161	50	3	1	NA	NA	7	99	8	161	C0HORect2Set	DESCENDANT_PROBE_PASS	0	3183	34265e54407c6cfe3a76f9e8b86c96b6a7fc7a01d864a191c2125aee55788157	51fac72a262b95bd3601c50cd22073362b8c7bd39802d8fe3220b839a52d1b1a	db8ae4ac27e06f85e5b7399136a35585add2bf62e1773979acc9d179e5d3102d	48e81aa1f86634d21d372e2d33c9394e615189cedb6fb39220798968af149cc8	e3b0c44298fc1c149afbf4c8996fb92427ae41e4649b934ca495991b7852b855	bea46ab4cf4adbeda551b0c6acc48c6474aa0a07a2c563bba580618b66d2c36b	false	false	true	true	true	-0x1.f415d5ee5c7eep-36	-0x1.f3b89992a6089p-36	-0x1.f415d5ee5c7eep-36	-0x1.f3b89992a6089p-36	true	true
98	49	D4	U07-0000000099_S08-0000000161	50	3	1	NA	NA	7	99	8	161	C0Rect2Set	DESCENDANT_PROBE_PASS	0	3058	34265e54407c6cfe3a76f9e8b86c96b6a7fc7a01d864a191c2125aee55788157	51fac72a262b95bd3601c50cd22073362b8c7bd39802d8fe3220b839a52d1b1a	08f608f4f13695d10991bf867951e1e82e455fa5fbf78919db9807a8d4c23783	41247ef9f52cb36d3473d9ece721b0aad891a3f30b6d7aaedbd558e7e326e61f	e3b0c44298fc1c149afbf4c8996fb92427ae41e4649b934ca495991b7852b855	bea46ab4cf4adbeda551b0c6acc48c6474aa0a07a2c563bba580618b66d2c36b	false	false	true	true	true	-0x1.f415e9b8d5f74p-36	-0x1.f3b885cb76372p-36	-0x1.f415e9b8d5f74p-36	-0x1.f3b885cb76372p-36	true	true
99	50	D4	U07-0000000099_S08-0000000162	51	3	2	NA	NA	7	99	8	162	C0HORect2Set	DESCENDANT_PROBE_PASS	0	3175	a2f1edc1cafefb6f052b9e06b53ddb9d7242512595d16f91ff42754897002a20	05ea01ba381e5d72784e3bd8af79179437a83db23628c7260f1cc164c05eb160	3bad1ac2a994bfd064425a4626d4cdac639c62a26de5d23473388a8751a2a00d	5af45cebf910903413bf8099847a99e015852fa5108bc3f8e1cbc2e613b6ac10	e3b0c44298fc1c149afbf4c8996fb92427ae41e4649b934ca495991b7852b855	bea46ab4cf4adbeda551b0c6acc48c6474aa0a07a2c563bba580618b66d2c36b	false	false	true	true	true	-0x1.f3f98fa841ec5p-36	-0x1.f39c572d2479bp-36	-0x1.f3f98fa841ec5p-36	-0x1.f39c572d2479bp-36	true	true
100	50	D4	U07-0000000099_S08-0000000162	51	3	2	NA	NA	7	99	8	162	C0Rect2Set	DESCENDANT_PROBE_PASS	0	3066	a2f1edc1cafefb6f052b9e06b53ddb9d7242512595d16f91ff42754897002a20	05ea01ba381e5d72784e3bd8af79179437a83db23628c7260f1cc164c05eb160	907480431c78b043e66a2b3f05cf9eb424d1fbe6db2a7e389694e8473a7076bc	fdc0967c1eba05a85d7503abeca8ceb423dd0d3d5aa69458597626a0fe96abd7	e3b0c44298fc1c149afbf4c8996fb92427ae41e4649b934ca495991b7852b855	bea46ab4cf4adbeda551b0c6acc48c6474aa0a07a2c563bba580618b66d2c36b	false	false	true	true	true	-0x1.f3f9a3721cc75p-36	-0x1.f39c436693606p-36	-0x1.f3f9a3721cc75p-36	-0x1.f39c436693606p-36	true	true
101	51	D4	U07-0000000099_S08-0000000163	52	3	3	NA	NA	7	99	8	163	C0HORect2Set	DESCENDANT_PROBE_PASS	0	3157	a47b22a193deb96b294105995e5edf4ebfeb88d45fbc638e7256cbac6ed83338	ca9ca6321a5c645c5bdb5ed1499656f2eaad43e1f24391ef42bd23f86e7c12b1	4e00263fb7dbcd3cd1b4261a0ee014bddeed4c14457a2e2329f897fe4843c9e9	3f4d5f6e2f0447ca6d27665e1fa1d2692d6e7626cface54ea6a29df550f1c194	e3b0c44298fc1c149afbf4c8996fb92427ae41e4649b934ca495991b7852b855	bea46ab4cf4adbeda551b0c6acc48c6474aa0a07a2c563bba580618b66d2c36b	false	false	true	true	true	-0x1.f3dd4a2e6d733p-36	-0x1.f3801594026d9p-36	-0x1.f3dd4a2e6d733p-36	-0x1.f3801594026d9p-36	true	true
102	51	D4	U07-0000000099_S08-0000000163	52	3	3	NA	NA	7	99	8	163	C0Rect2Set	DESCENDANT_PROBE_PASS	0	3068	a47b22a193deb96b294105995e5edf4ebfeb88d45fbc638e7256cbac6ed83338	ca9ca6321a5c645c5bdb5ed1499656f2eaad43e1f24391ef42bd23f86e7c12b1	b591cefe6e9e5cdf419d2d75cae1e28466f7d8cbf0083675d2cf23045f2a94d6	051760a23f989d6970beb0817132941619fbc89b1724978446b86faa17d09656	e3b0c44298fc1c149afbf4c8996fb92427ae41e4649b934ca495991b7852b855	bea46ab4cf4adbeda551b0c6acc48c6474aa0a07a2c563bba580618b66d2c36b	false	false	true	true	true	-0x1.f3dd5df7c82fbp-36	-0x1.f38001cdf1f7dp-36	-0x1.f3dd5df7c82fbp-36	-0x1.f38001cdf1f7dp-36	true	true
103	52	D4	U07-0000000099_S08-0000000164	53	3	4	NA	NA	7	99	8	164	C0HORect2Set	DESCENDANT_PROBE_PASS	0	3212	736e8f8625d37b72d9b8e8d955fa50eb01e2a263566a952447eaaeedbf1b9c46	cba58e7d19eb2669cb5c81e9daafbc2ed5da79b4f6ec0a83c880cad59137881d	92738d5c2072757d36ef8e2c0400555119859c94302be45628cfb930169a836e	2e67d2bbba7001dee04138f3c6ebae4c938d0247823adee1d07eadced28eaec7	e3b0c44298fc1c149afbf4c8996fb92427ae41e4649b934ca495991b7852b855	bea46ab4cf4adbeda551b0c6acc48c6474aa0a07a2c563bba580618b66d2c36b	false	false	true	true	true	-0x1.f3c10580ca1dcp-36	-0x1.f363d4c74aa66p-36	-0x1.f3c10580ca1dcp-36	-0x1.f363d4c74aa66p-36	true	true
104	52	D4	U07-0000000099_S08-0000000164	53	3	4	NA	NA	7	99	8	164	C0Rect2Set	DESCENDANT_PROBE_PASS	0	3115	736e8f8625d37b72d9b8e8d955fa50eb01e2a263566a952447eaaeedbf1b9c46	cba58e7d19eb2669cb5c81e9daafbc2ed5da79b4f6ec0a83c880cad59137881d	08aca6bb8cdb8b8672365ddb9ec3a4b6aed98186efbc394d753088b2d9ef1f54	f4a4d07579ff2e748d0156e04ab59cdedc6ba5d2724ba066296b1d0d83505f27	e3b0c44298fc1c149afbf4c8996fb92427ae41e4649b934ca495991b7852b855	bea46ab4cf4adbeda551b0c6acc48c6474aa0a07a2c563bba580618b66d2c36b	false	false	true	true	true	-0x1.f3c11949d26fap-36	-0x1.f363c1018db36p-36	-0x1.f3c11949d26fap-36	-0x1.f363c1018db36p-36	true	true
105	53	D4	U07-0000000099_S08-0000000165	54	3	5	NA	NA	7	99	8	165	C0HORect2Set	DESCENDANT_PROBE_PASS	0	3177	7623e1462dc703320bb03aa343a9b73cea7be9bae7d9e5b969ef59f7041c2e0f	e452af6d369208a7ad0a9dd7880fab7c266033d6137b733f362e76c91ab2888b	77eee6e615e6015f8744742a65d22c479ce85000d00be4b7514d3635ee7b8ad9	1ab3562a8968dc45d461e592a12118b79038d50b2d40b3d597aae9ac0fc86068	e3b0c44298fc1c149afbf4c8996fb92427ae41e4649b934ca495991b7852b855	bea46ab4cf4adbeda551b0c6acc48c6474aa0a07a2c563bba580618b66d2c36b	false	false	true	true	true	-0x1.f3a4c19f43bfp-36	-0x1.f34794c70adf9p-36	-0x1.f3a4c19f43bfp-36	-0x1.f34794c70adf9p-36	true	true
106	53	D4	U07-0000000099_S08-0000000165	54	3	5	NA	NA	7	99	8	165	C0Rect2Set	DESCENDANT_PROBE_PASS	0	3086	7623e1462dc703320bb03aa343a9b73cea7be9bae7d9e5b969ef59f7041c2e0f	e452af6d369208a7ad0a9dd7880fab7c266033d6137b733f362e76c91ab2888b	03d5473c740efc1d24dccdc9c8e1c301bedaf30ae569f4f508d44b8ae37ba9fe	65b21c084bbb699f38e2d33a87076b5f037b3e3e1e9dc478f909986a377e8ae8	e3b0c44298fc1c149afbf4c8996fb92427ae41e4649b934ca495991b7852b855	bea46ab4cf4adbeda551b0c6acc48c6474aa0a07a2c563bba580618b66d2c36b	false	false	true	true	true	-0x1.f3a4d5677fa64p-36	-0x1.f347810218064p-36	-0x1.f3a4d5677fa64p-36	-0x1.f347810218064p-36	true	true
107	54	D4	U07-0000000099_S08-0000000166	55	3	6	NA	NA	7	99	8	166	C0HORect2Set	DESCENDANT_PROBE_PASS	0	3182	9317d71e440057198d67801bc2a4354eb8e9a1fddbadf36d6b8a49dab7d927f5	d8c240db033295699cf096aeea7dffdf00cb7bb49288ec54d488982d3470e767	ec8cb0f09fe9109d903d76b3b5384101c36c4459cd7363a2adf048d6dfbdff71	e137e7478b52cc5b99b0e9ba771a820c204817e2af070211f3ab98e108b2ec4b	e3b0c44298fc1c149afbf4c8996fb92427ae41e4649b934ca495991b7852b855	bea46ab4cf4adbeda551b0c6acc48c6474aa0a07a2c563bba580618b66d2c36b	false	false	true	true	true	-0x1.f3887e8a51401p-36	-0x1.f32b5592bd0cp-36	-0x1.f3887e8a51401p-36	-0x1.f32b5592bd0cp-36	true	true
108	54	D4	U07-0000000099_S08-0000000166	55	3	6	NA	NA	7	99	8	166	C0Rect2Set	DESCENDANT_PROBE_PASS	0	3073	9317d71e440057198d67801bc2a4354eb8e9a1fddbadf36d6b8a49dab7d927f5	d8c240db033295699cf096aeea7dffdf00cb7bb49288ec54d488982d3470e767	577f6bad1c787988e73c9bcc8e2eb0f7bfef4a172c324356f413e7b99a6afe9f	89affe05e943fd46c52edaad34670be78cdcdba13fb45d2e849c97387eaf854e	e3b0c44298fc1c149afbf4c8996fb92427ae41e4649b934ca495991b7852b855	bea46ab4cf4adbeda551b0c6acc48c6474aa0a07a2c563bba580618b66d2c36b	false	false	true	true	true	-0x1.f38892523603dp-36	-0x1.f32b41ce20f9ep-36	-0x1.f38892523603dp-36	-0x1.f32b41ce20f9ep-36	true	true
109	55	D4	U07-0000000099_S08-0000000167	56	3	7	NA	NA	7	99	8	167	C0HORect2Set	DESCENDANT_PROBE_PASS	0	3162	e94b57adf412a4e6d996cb8fde2ae7381f60277b3679beea7cb917d45f839c29	be7c4b9d99b2180b758c6d2ba56a3ac02c750bf980fc8606ab5b3bf77ffed05f	dbfe69dfaf830fb0b51fd7aa59997ff32f6e64744528b43c41b78a4f56310a19	addb064f201fc279d4ea202cb24e96c1afd404bc28af0facef990d002418bee1	e3b0c44298fc1c149afbf4c8996fb92427ae41e4649b934ca495991b7852b855	bea46ab4cf4adbeda551b0c6acc48c6474aa0a07a2c563bba580618b66d2c36b	false	false	true	true	true	-0x1.f36c3c41a9ecfp-36	-0x1.f30f172a9ff0ap-36	-0x1.f36c3c41a9ecfp-36	-0x1.f30f172a9ff0ap-36	true	true
110	55	D4	U07-0000000099_S08-0000000167	56	3	7	NA	NA	7	99	8	167	C0Rect2Set	DESCENDANT_PROBE_PASS	0	3106	e94b57adf412a4e6d996cb8fde2ae7381f60277b3679beea7cb917d45f839c29	be7c4b9d99b2180b758c6d2ba56a3ac02c750bf980fc8606ab5b3bf77ffed05f	cbf5c9d5d05ed87e2a978f7be57d4f87c2e16963fb3edf5cfe0e9d886238d9ec	d543a6e09784fd6c6b9df2d4690a3823840ec24f2abf2af6983b2f0855ae5bce	e3b0c44298fc1c149afbf4c8996fb92427ae41e4649b934ca495991b7852b855	bea46ab4cf4adbeda551b0c6acc48c6474aa0a07a2c563bba580618b66d2c36b	false	false	true	true	true	-0x1.f36c50093693ep-36	-0x1.f30f03665dcccp-36	-0x1.f36c50093693ep-36	-0x1.f30f03665dcccp-36	true	true
111	56	D4	U07-0000000099_S08-0000000168	57	3	8	NA	NA	7	99	8	168	C0HORect2Set	DESCENDANT_PROBE_PASS	0	3178	1335bedf82c58300302d1739b35941938ca0995e56965f489dbb21539c04299b	833c08159c5d0f19b684bc9c912fcef1cda03c0d07aa9c4e73cf9cc7f633c5ac	2af359d1d81bb0e787dbec03092b2350880684c1cdbd21b863b651403af5c5cd	bd0afb1a1b4205f084993f468210cfdaf88a9eeb87e909b9b5b25ebe481de71f	e3b0c44298fc1c149afbf4c8996fb92427ae41e4649b934ca495991b7852b855	bea46ab4cf4adbeda551b0c6acc48c6474aa0a07a2c563bba580618b66d2c36b	false	false	true	true	true	-0x1.f34ffac5962c9p-36	-0x1.f2f2d98e66a6dp-36	-0x1.f34ffac5962c9p-36	-0x1.f2f2d98e66a6dp-36	true	true
112	56	D4	U07-0000000099_S08-0000000168	57	3	8	NA	NA	7	99	8	168	C0Rect2Set	DESCENDANT_PROBE_PASS	0	3080	1335bedf82c58300302d1739b35941938ca0995e56965f489dbb21539c04299b	833c08159c5d0f19b684bc9c912fcef1cda03c0d07aa9c4e73cf9cc7f633c5ac	840632cb772f8b75adb602f44034de1e7ac71de792a7ed374beb6d4658a01487	d6f29d18a80835e8f2292b90acef59177911c27ae7ec9bcd8d078c1219324349	e3b0c44298fc1c149afbf4c8996fb92427ae41e4649b934ca495991b7852b855	bea46ab4cf4adbeda551b0c6acc48c6474aa0a07a2c563bba580618b66d2c36b	false	false	true	true	true	-0x1.f3500e8c8044fp-36	-0x1.f2f2c5cac4fdap-36	-0x1.f3500e8c8044fp-36	-0x1.f2f2c5cac4fdap-36	true	true
113	57	D4	U07-0000000099_S08-0000000169	58	3	9	NA	NA	7	99	8	169	C0HORect2Set	DESCENDANT_PROBE_PASS	0	3156	69643aa7bdda7f076ff6c75904c3d24b12c062c006665872982ae64f78b1d297	e5efac68c5ac584c1736e59d3a451dd980986ac8954dcce3db8791c6b5c20e19	c79ab2b0de545ad6bc6b066edc42e2692a0c761a5c89284812566c60a07f6265	232c75720b193204b4379ae0903a893b7990b286d37d01087990eed057d7529a	e3b0c44298fc1c149afbf4c8996fb92427ae41e4649b934ca495991b7852b855	bea46ab4cf4adbeda551b0c6acc48c6474aa0a07a2c563bba580618b66d2c36b	false	false	true	true	true	-0x1.f333ba15910efp-36	-0x1.f2d69cbe85595p-36	-0x1.f333ba15910efp-36	-0x1.f2d69cbe85595p-36	true	true
114	57	D4	U07-0000000099_S08-0000000169	58	3	9	NA	NA	7	99	8	169	C0Rect2Set	DESCENDANT_PROBE_PASS	0	3058	69643aa7bdda7f076ff6c75904c3d24b12c062c006665872982ae64f78b1d297	e5efac68c5ac584c1736e59d3a451dd980986ac8954dcce3db8791c6b5c20e19	0e54cddbafa17a66dbc58a691f29451c5ac0fefb8bd489ce6e95dc4bb1046537	212294bb5ca1ad4c2910ec81d996a43960396daba703d0c4bcfa8ebdc6593211	e3b0c44298fc1c149afbf4c8996fb92427ae41e4649b934ca495991b7852b855	bea46ab4cf4adbeda551b0c6acc48c6474aa0a07a2c563bba580618b66d2c36b	false	false	true	true	true	-0x1.f333cddc0d0ap-36	-0x1.f2d688fb52a42p-36	-0x1.f333cddc0d0ap-36	-0x1.f2d688fb52a42p-36	true	true
115	58	D4	U07-0000000099_S08-0000000170	59	3	10	NA	NA	7	99	8	170	C0HORect2Set	DESCENDANT_PROBE_PASS	0	3169	1f72aaed81f8fb839222cf1008a67ce49fa27ef74f36fbe57781a6559ba07a7b	fa8708c1244ac9ebe1dedfc60b78da87f739f529ec293e65b7b70b2f25a68f87	4e91d4f97c5cb35dd046dd01bcdaf41e3ce9c9790ef98a76cc917e69a400903a	a46dbb5f43177914a7cd4c9d78cf9eb928836ebe4ca4c41f2551ba3981e10260	e3b0c44298fc1c149afbf4c8996fb92427ae41e4649b934ca495991b7852b855	bea46ab4cf4adbeda551b0c6acc48c6474aa0a07a2c563bba580618b66d2c36b	false	false	true	true	true	-0x1.f3177a31f24bp-36	-0x1.f2ba60ba9cb37p-36	-0x1.f3177a31f24bp-36	-0x1.f2ba60ba9cb37p-36	true	true
116	58	D4	U07-0000000099_S08-0000000170	59	3	10	NA	NA	7	99	8	170	C0Rect2Set	DESCENDANT_PROBE_PASS	0	3049	1f72aaed81f8fb839222cf1008a67ce49fa27ef74f36fbe57781a6559ba07a7b	fa8708c1244ac9ebe1dedfc60b78da87f739f529ec293e65b7b70b2f25a68f87	f4d2314b5f042e58127d7045906a16c5a3afa397e6e38d580fa7b1b63ca6ac45	2dca02c7e2472110b78debc2b29167c0b0748e77f7bf0fcf97630c4ba1e973a7	e3b0c44298fc1c149afbf4c8996fb92427ae41e4649b934ca495991b7852b855	bea46ab4cf4adbeda551b0c6acc48c6474aa0a07a2c563bba580618b66d2c36b	false	false	true	true	true	-0x1.f3178df80935cp-36	-0x1.f2ba4cf7d0a47p-36	-0x1.f3178df80935cp-36	-0x1.f2ba4cf7d0a47p-36	true	true
117	59	D4	U07-0000000099_S08-0000000171	60	3	11	NA	NA	7	99	8	171	C0HORect2Set	DESCENDANT_PROBE_PASS	0	3185	d460fc56163874f8054f78be51e33abfe08f640dc901632a1661cfa00e3e98b7	f5193ef0ed2174b403512be363c95a31e2837b32eb83cf590ef5486a639d0ca3	4cb4f2e4c6904c7c732839ccbe67a23605136fbd9c7d3c97034a90f247ded968	3f000779f2c9ef6bafea683aa51af56e67c31bc29587cd274ef797c2c21a04e7	e3b0c44298fc1c149afbf4c8996fb92427ae41e4649b934ca495991b7852b855	bea46ab4cf4adbeda551b0c6acc48c6474aa0a07a2c563bba580618b66d2c36b	false	false	true	true	true	-0x1.f2fb3b1a92b49p-36	-0x1.f29e2582cc0fdp-36	-0x1.f2fb3b1a92b49p-36	-0x1.f29e2582cc0fdp-36	true	true
118	59	D4	U07-0000000099_S08-0000000171	60	3	11	NA	NA	7	99	8	171	C0Rect2Set	DESCENDANT_PROBE_PASS	0	3075	d460fc56163874f8054f78be51e33abfe08f640dc901632a1661cfa00e3e98b7	f5193ef0ed2174b403512be363c95a31e2837b32eb83cf590ef5486a639d0ca3	3077628c082682cf1795206cb85f605e0c5efcf1b9e96fa81026ac74a4cf4b80	565e7aa0b5ef3ab5a2f0c6cbaba38605366da178f5c719b60d2768cb0d49476e	e3b0c44298fc1c149afbf4c8996fb92427ae41e4649b934ca495991b7852b855	bea46ab4cf4adbeda551b0c6acc48c6474aa0a07a2c563bba580618b66d2c36b	false	false	true	true	true	-0x1.f2fb4ee05e955p-36	-0x1.f29e11c04a358p-36	-0x1.f2fb4ee05e955p-36	-0x1.f29e11c04a358p-36	true	true
119	60	D4	U07-0000000099_S08-0000000172	61	3	12	NA	NA	7	99	8	172	C0HORect2Set	DESCENDANT_PROBE_PASS	0	3165	f19e9022ae8839f06446d5b8ab6a9beae0cd02da52dbb16167706e233d0dfda6	a5b38235d9777eb578fd70f3eaa460f888e396f3065f69437f469c6bea42e70e	ac8e8eba70b66cab8dbb73a55182b555f3f566eb63d1973037227001fcf89fc5	2de33081b27af766f51739b9dc01d51b7a2404f4d4d4b637be25f3905e0df92a	e3b0c44298fc1c149afbf4c8996fb92427ae41e4649b934ca495991b7852b855	bea46ab4cf4adbeda551b0c6acc48c6474aa0a07a2c563bba580618b66d2c36b	false	false	true	true	true	-0x1.f2defccf9bd4ep-36	-0x1.f281eb16ddf14p-36	-0x1.f2defccf9bd4ep-36	-0x1.f281eb16ddf14p-36	true	true
120	60	D4	U07-0000000099_S08-0000000172	61	3	12	NA	NA	7	99	8	172	C0Rect2Set	DESCENDANT_PROBE_PASS	0	3101	f19e9022ae8839f06446d5b8ab6a9beae0cd02da52dbb16167706e233d0dfda6	a5b38235d9777eb578fd70f3eaa460f888e396f3065f69437f469c6bea42e70e	7ab54a2d8869c33b509c163cf4e080a7fe7da03ab41cb6ff2d6f4e6c35662152	eb695e207b29494784969745554cff69f713d3cff55a4e5ac78781cbe1284377	e3b0c44298fc1c149afbf4c8996fb92427ae41e4649b934ca495991b7852b855	bea46ab4cf4adbeda551b0c6acc48c6474aa0a07a2c563bba580618b66d2c36b	false	false	true	true	true	-0x1.f2df1094ecce9p-36	-0x1.f281d754d6c7p-36	-0x1.f2df1094ecce9p-36	-0x1.f281d754d6c7p-36	true	true
121	61	D4	U07-0000000099_S08-0000000173	62	3	13	NA	NA	7	99	8	173	C0HORect2Set	DESCENDANT_PROBE_PASS	0	3275	f5b2b42db973aea092721fdc5bf012f2a6eb489aa5ccb967c0380dcf976bd2c4	e19a80a15c7d2126674f10534ca78edb9282787504e89e9d1d1f13cab78b54ff	8f27f3b94d870258a7ecacd92683a8538d1747d96fe1e928d052c5013f7dd0ed	72bacb54cefac8e68ee2f75b80b96a719c8a5d22612a976cafd53e092a8c896f	e3b0c44298fc1c149afbf4c8996fb92427ae41e4649b934ca495991b7852b855	bea46ab4cf4adbeda551b0c6acc48c6474aa0a07a2c563bba580618b66d2c36b	false	false	true	true	true	-0x1.f2c2bf57d3cf2p-36	-0x1.f265b16fccf35p-36	-0x1.f2c2bf57d3cf2p-36	-0x1.f265b16fccf35p-36	true	true
122	61	D4	U07-0000000099_S08-0000000173	62	3	13	NA	NA	7	99	8	173	C0Rect2Set	DESCENDANT_PROBE_PASS	0	3064	f5b2b42db973aea092721fdc5bf012f2a6eb489aa5ccb967c0380dcf976bd2c4	e19a80a15c7d2126674f10534ca78edb9282787504e89e9d1d1f13cab78b54ff	e794d313d153a46775f65be3638941993488b64785676c535931f0a2e9237c55	2f4fb0e43288573d747bb464a47808860d6b7cc41a848f3b914a45e8cb17c3ee	e3b0c44298fc1c149afbf4c8996fb92427ae41e4649b934ca495991b7852b855	bea46ab4cf4adbeda551b0c6acc48c6474aa0a07a2c563bba580618b66d2c36b	false	false	true	true	true	-0x1.f2c2d31d123f3p-36	-0x1.f2659dadd73d5p-36	-0x1.f2c2d31d123f3p-36	-0x1.f2659dadd73d5p-36	true	true
123	62	D4	U07-0000000099_S08-0000000174	63	3	14	NA	NA	7	99	8	174	C0HORect2Set	DESCENDANT_PROBE_PASS	0	3168	4ee381fd7ed4e8aa388f5e459ab0e7db9809675e4c94e366e9f4c3a9d9500831	dcdb7880388f51f1813d6e9bd04fd38d07b52f1ea01befbcb8886a340cc5b80c	a4549cc4cf325958088fd90e945392af52fa15512941c403fcd5326e09cecd12	e6d3e49e0b37b9772be7cb193aee3f3d2e707d9ac3281b29221da05297cf288c	e3b0c44298fc1c149afbf4c8996fb92427ae41e4649b934ca495991b7852b855	bea46ab4cf4adbeda551b0c6acc48c6474aa0a07a2c563bba580618b66d2c36b	false	false	true	true	true	-0x1.f2a682a507d9fp-36	-0x1.f249789c2b29ep-36	-0x1.f2a682a507d9fp-36	-0x1.f249789c2b29ep-36	true	true
124	62	D4	U07-0000000099_S08-0000000174	63	3	14	NA	NA	7	99	8	174	C0Rect2Set	DESCENDANT_PROBE_PASS	0	3085	4ee381fd7ed4e8aa388f5e459ab0e7db9809675e4c94e366e9f4c3a9d9500831	dcdb7880388f51f1813d6e9bd04fd38d07b52f1ea01befbcb8886a340cc5b80c	5e4d21f632228666eb741ffae5613500d161e33d2c5bbacdd60c267af0a721ff	0d04bd81e5bfb450f09d5956dc80a8af5716d4322fbb9d00926ea12dd091e61c	e3b0c44298fc1c149afbf4c8996fb92427ae41e4649b934ca495991b7852b855	bea46ab4cf4adbeda551b0c6acc48c6474aa0a07a2c563bba580618b66d2c36b	false	false	true	true	true	-0x1.f2a69669fd7dcp-36	-0x1.f24964da7dc92p-36	-0x1.f2a69669fd7dcp-36	-0x1.f24964da7dc92p-36	true	true
125	63	D4	U07-0000000099_S08-0000000175	64	3	15	NA	NA	7	99	8	175	C0HORect2Set	DESCENDANT_PROBE_PASS	0	3219	819935da14e464f8e8fa28cc1b3c3bc1b4ee485fd4d53c685627c2bcab2801e8	faae10ef2a163ce2fd796f229afac5a8cec7fdb972764e696963bc1ee1a25a23	528d5f5ad21844e601a4fb9b7fc61a8a822b28bf10e8c8d7f76026448e3ac04c	223f386edad7ab874602030c1fc54c326e7776965f71c1761fc321f3afedd335	e3b0c44298fc1c149afbf4c8996fb92427ae41e4649b934ca495991b7852b855	bea46ab4cf4adbeda551b0c6acc48c6474aa0a07a2c563bba580618b66d2c36b	false	false	true	true	true	-0x1.f28a46bec13edp-36	-0x1.f22d4094301bep-36	-0x1.f28a46bec13edp-36	-0x1.f22d4094301bep-36	true	true
126	63	D4	U07-0000000099_S08-0000000175	64	3	15	NA	NA	7	99	8	175	C0Rect2Set	DESCENDANT_PROBE_PASS	0	3076	819935da14e464f8e8fa28cc1b3c3bc1b4ee485fd4d53c685627c2bcab2801e8	faae10ef2a163ce2fd796f229afac5a8cec7fdb972764e696963bc1ee1a25a23	7c50961a1add87ed3ad11d690244bd50294509e377e294264061b37580bc9fc6	2ac39e98b9ef3ab07540e92d292f72f3e9546585f5ef52b0b570b00e3bf486f1	e3b0c44298fc1c149afbf4c8996fb92427ae41e4649b934ca495991b7852b855	bea46ab4cf4adbeda551b0c6acc48c6474aa0a07a2c563bba580618b66d2c36b	false	false	true	true	true	-0x1.f28a5a8308257p-36	-0x1.f22d2cd3327e8p-36	-0x1.f28a5a8308257p-36	-0x1.f22d2cd3327e8p-36	true	true
127	64	D4	U07-0000000100_S08-0000000161	66	4	1	NA	NA	7	100	8	161	C0HORect2Set	DESCENDANT_PROBE_PASS	0	3214	ad2b2ef9eab5c7cb4a5ab6189a80721a830c1e5f206eaacfea03981001bb4aab	7b3cddb3e941c2afeaeadf29d88819321dbff81e187a92938d49cd0c4b63dc62	002b8f557695807a5963d77ec284ac9059e96232a14b93ce4fc0c6305febe4c5	73015410cf368a9605e53f1b6772816f5cfd437504cad7f218239078638cb6d6	e3b0c44298fc1c149afbf4c8996fb92427ae41e4649b934ca495991b7852b855	bea46ab4cf4adbeda551b0c6acc48c6474aa0a07a2c563bba580618b66d2c36b	false	false	true	true	true	-0x1.f412428a20336p-36	-0x1.f3b5066cc3362p-36	-0x1.f412428a20336p-36	-0x1.f3b5066cc3362p-36	true	true
128	64	D4	U07-0000000100_S08-0000000161	66	4	1	NA	NA	7	100	8	161	C0Rect2Set	DESCENDANT_PROBE_PASS	0	3086	ad2b2ef9eab5c7cb4a5ab6189a80721a830c1e5f206eaacfea03981001bb4aab	7b3cddb3e941c2afeaeadf29d88819321dbff81e187a92938d49cd0c4b63dc62	c0ba9544b70e8f9f9f5760dd509a7ff71eacc0a5e5ac3a02e8423aeae42b0caf	750d210d41d0467069bf73617589fe405a14989f3b72872a4c6a0167624702a3	e3b0c44298fc1c149afbf4c8996fb92427ae41e4649b934ca495991b7852b855	bea46ab4cf4adbeda551b0c6acc48c6474aa0a07a2c563bba580618b66d2c36b	false	false	true	true	true	-0x1.f41256545846p-36	-0x1.f3b4f2a5d4f41p-36	-0x1.f41256545846p-36	-0x1.f3b4f2a5d4f41p-36	true	true
129	65	D4	U07-0000000100_S08-0000000162	67	4	2	NA	NA	7	100	8	162	C0HORect2Set	DESCENDANT_PROBE_PASS	0	3197	f7c45f7ec625807ab4f1c08d2652f5f92cbfc859611083e24b05d78c8c0fca59	c95d7222b5c2be19a211025e999425f06bda4602a318833bbd68afc950613c08	66f523d9173264be91aedf6e4dee2b830027beab0f41070c7479e4adda7cea0f	c982c3b90dc70efec2ef54e47d027b42af205481a6d454fc11dc0f408e496377	e3b0c44298fc1c149afbf4c8996fb92427ae41e4649b934ca495991b7852b855	bea46ab4cf4adbeda551b0c6acc48c6474aa0a07a2c563bba580618b66d2c36b	false	false	true	true	true	-0x1.f3f5fc69a1412p-36	-0x1.f398c42d32017p-36	-0x1.f3f5fc69a1412p-36	-0x1.f398c42d32017p-36	true	true
130	65	D4	U07-0000000100_S08-0000000162	67	4	2	NA	NA	7	100	8	162	C0Rect2Set	DESCENDANT_PROBE_PASS	0	3095	f7c45f7ec625807ab4f1c08d2652f5f92cbfc859611083e24b05d78c8c0fca59	c95d7222b5c2be19a211025e999425f06bda4602a318833bbd68afc950613c08	83eff6e1e65bf1fd051eb0e610caece3c36dd9b48456aee93b23411d90f091c5	3fa6377e8a233d0bd462303b243c1bbb2ceb24dd3881564363ab36649fe9ef84	e3b0c44298fc1c149afbf4c8996fb92427ae41e4649b934ca495991b7852b855	bea46ab4cf4adbeda551b0c6acc48c6474aa0a07a2c563bba580618b66d2c36b	false	false	true	true	true	-0x1.f3f610335cc63p-36	-0x1.f398b066c0b1ap-36	-0x1.f3f610335cc63p-36	-0x1.f398b066c0b1ap-36	true	true
131	66	D4	U07-0000000100_S08-0000000163	68	4	3	NA	NA	7	100	8	163	C0HORect2Set	DESCENDANT_PROBE_PASS	0	3186	e3ec05a667a13085aae8940400f9f529cfcda902487101a2b7f148a57d78b028	2507b539ce732cfcaea39e1a2bdb4c2ec5ce6446040d212bd4d0fb2c4b758b4d	0796a6d2569a44a0ecdf1d55b739121ca0132587789ab7f65793e6f80a968bf3	cddd22c71397d83135263336214b00c1f131160395c08d21802faefb543519e8	e3b0c44298fc1c149afbf4c8996fb92427ae41e4649b934ca495991b7852b855	bea46ab4cf4adbeda551b0c6acc48c6474aa0a07a2c563bba580618b66d2c36b	false	false	true	true	true	-0x1.f3d9b715784e3p-36	-0x1.f37c82b9f1991p-36	-0x1.f3d9b715784e3p-36	-0x1.f37c82b9f1991p-36	true	true
132	66	D4	U07-0000000100_S08-0000000163	68	4	3	NA	NA	7	100	8	163	C0Rect2Set	DESCENDANT_PROBE_PASS	0	3217	e3ec05a667a13085aae8940400f9f529cfcda902487101a2b7f148a57d78b028	2507b539ce732cfcaea39e1a2bdb4c2ec5ce6446040d212bd4d0fb2c4b758b4d	6bcfca3da9cda5f5de988392dfe4a469b00213235c8b619c8fd46dd65bd56e54	241479aa0d11854803793642a0a5ec39f2fd09fe6c388b9df661f3429b21f818	e3b0c44298fc1c149afbf4c8996fb92427ae41e4649b934ca495991b7852b855	bea46ab4cf4adbeda551b0c6acc48c6474aa0a07a2c563bba580618b66d2c36b	false	false	true	true	true	-0x1.f3d9cadec6272p-36	-0x1.f37c6ef3ed9bbp-36	-0x1.f3d9cadec6272p-36	-0x1.f37c6ef3ed9bbp-36	true	true
133	67	D4	U07-0000000100_S08-0000000164	69	4	4	NA	NA	7	100	8	164	C0HORect2Set	DESCENDANT_PROBE_PASS	0	3187	ec52c7f0ea803b9877e240226a1ec69e7399feeb90e0121a0f0199367e095cb7	d5c5f4c6ce3d735e9fc0581d0b01fbb4aa5c06e2a346ae3ca068497fceb8eb6e	03a8e6e7d57c58cc0fa011d89156acd20be8e0bbdca59b550f4cfb06cc84ac4e	9e2063c011652a4423b51dec5adbab7938d355397cf960cae49e4ad28a595ef0	e3b0c44298fc1c149afbf4c8996fb92427ae41e4649b934ca495991b7852b855	bea46ab4cf4adbeda551b0c6acc48c6474aa0a07a2c563bba580618b66d2c36b	false	false	true	true	true	-0x1.f3bd728da6b7ep-36	-0x1.f3604212f60dbp-36	-0x1.f3bd728da6b7ep-36	-0x1.f3604212f60dbp-36	true	true
134	67	D4	U07-0000000100_S08-0000000164	69	4	4	NA	NA	7	100	8	164	C0Rect2Set	DESCENDANT_PROBE_PASS	0	3087	ec52c7f0ea803b9877e240226a1ec69e7399feeb90e0121a0f0199367e095cb7	d5c5f4c6ce3d735e9fc0581d0b01fbb4aa5c06e2a346ae3ca068497fceb8eb6e	3b4b702056ee1618f50a55375a7949e195d23c513a707e3a80051b7bd5b7fa22	0614ba9b1f3e413da04dc54a5c91c90fc56bae346dbd20ddcb5dedb30cb438ff	e3b0c44298fc1c149afbf4c8996fb92427ae41e4649b934ca495991b7852b855	bea46ab4cf4adbeda551b0c6acc48c6474aa0a07a2c563bba580618b66d2c36b	false	false	true	true	true	-0x1.f3bd86568e588p-36	-0x1.f3602e4d57871p-36	-0x1.f3bd86568e588p-36	-0x1.f3602e4d57871p-36	true	true
135	68	D4	U07-0000000100_S08-0000000165	70	4	5	NA	NA	7	100	8	165	C0HORect2Set	DESCENDANT_PROBE_PASS	0	3221	3e510cdb8d67aa10cc08b04c0c12343bfa26b11ea1d41d0c280d824a1850cd02	cf3db3c66699b82c3252771a634a1265c73c86f152f302d98bbb53518a4e2593	38c695cf711c5c79151541d44685c2e6a3982374797b3e86e74942fcf7cdabc4	f34d6013e2e83188b91d53f89caab8d27cb937ec77f078e82d4d0c73caf75208	e3b0c44298fc1c149afbf4c8996fb92427ae41e4649b934ca495991b7852b855	bea46ab4cf4adbeda551b0c6acc48c6474aa0a07a2c563bba580618b66d2c36b	false	false	true	true	true	-0x1.f3a12ed22fd39p-36	-0x1.f34402383199ap-36	-0x1.f3a12ed22fd39p-36	-0x1.f34402383199ap-36	true	true
136	68	D4	U07-0000000100_S08-0000000165	70	4	5	NA	NA	7	100	8	165	C0Rect2Set	DESCENDANT_PROBE_PASS	0	3080	3e510cdb8d67aa10cc08b04c0c12343bfa26b11ea1d41d0c280d824a1850cd02	cf3db3c66699b82c3252771a634a1265c73c86f152f302d98bbb53518a4e2593	ff4cc2371dd8d5a3abc64abecad512d25e99c768908c5f2196700f41506f5b30	cf12a80211aa76b908a298a4a30a5ae5a140ec9731c68fbfe72eab6cd480b0ed	e3b0c44298fc1c149afbf4c8996fb92427ae41e4649b934ca495991b7852b855	bea46ab4cf4adbeda551b0c6acc48c6474aa0a07a2c563bba580618b66d2c36b	false	false	true	true	true	-0x1.f3a1429ab10b3p-36	-0x1.f343ee72f8ep-36	-0x1.f3a1429ab10b3p-36	-0x1.f343ee72f8ep-36	true	true
137	69	D4	U07-0000000100_S08-0000000166	71	4	6	NA	NA	7	100	8	166	C0HORect2Set	DESCENDANT_PROBE_PASS	0	3217	614ad759fbbd796dc787b0a8d4aa2a44c3e9fee22fb41b6fbf499cef84510c5a	c77c42272863964d2e4576991bfb31b49b243d58f08eace452e4559de5b0112a	2b698dd4f8d801d910ee1e1cb7357c6680acf0263b4bf19955c494910936a3a4	e66cb2945b09eaf30dbcfb938e20eb92ca32dc87338eff8d6ce05535f62bf2bd	e3b0c44298fc1c149afbf4c8996fb92427ae41e4649b934ca495991b7852b855	bea46ab4cf4adbeda551b0c6acc48c6474aa0a07a2c563bba580618b66d2c36b	false	false	true	true	true	-0x1.f384ebe284d3fp-36	-0x1.f327c32a27c19p-36	-0x1.f384ebe284d3fp-36	-0x1.f327c32a27c19p-36	true	true
138	69	D4	U07-0000000100_S08-0000000166	71	4	6	NA	NA	7	100	8	166	C0Rect2Set	DESCENDANT_PROBE_PASS	0	3099	614ad759fbbd796dc787b0a8d4aa2a44c3e9fee22fb41b6fbf499cef84510c5a	c77c42272863964d2e4576991bfb31b49b243d58f08eace452e4559de5b0112a	2909b82d66ddbc24ae76938c025dde495de64fac0abe60011389c8e595910726	3287794d85e878ad2533fea7cf45f73e36d0744a773a60e917bf9b3eea5f3c2b	e3b0c44298fc1c149afbf4c8996fb92427ae41e4649b934ca495991b7852b855	bea46ab4cf4adbeda551b0c6acc48c6474aa0a07a2c563bba580618b66d2c36b	false	false	true	true	true	-0x1.f384ffaa71b9p-36	-0x1.f327af65840e8p-36	-0x1.f384ffaa71b9p-36	-0x1.f327af65840e8p-36	true	true
139	70	D4	U07-0000000100_S08-0000000167	72	4	7	NA	NA	7	100	8	167	C0HORect2Set	DESCENDANT_PROBE_PASS	0	3193	c6d4644f5d6353c8df01e0aa7a4cb70268b215d846a5534a73283d4ddb560406	d8d6910e31d7a7461c03a4411dbb41d4592d77a68feeafea17964357afbe572a	e9fec9cb4e98758419b5a4ac4687fb8f2999e3951875370a07d88fc3530e26c8	083cd8bd66c3b938bdf948872d2d088b69adc32395e7c0dcb004754e72475012	e3b0c44298fc1c149afbf4c8996fb92427ae41e4649b934ca495991b7852b855	bea46ab4cf4adbeda551b0c6acc48c6474aa0a07a2c563bba580618b66d2c36b	false	false	true	true	true	-0x1.f368a9bfbe8aep-36	-0x1.f30b84e7b837ap-36	-0x1.f368a9bfbe8aep-36	-0x1.f30b84e7b837ap-36	true	true
140	70	D4	U07-0000000100_S08-0000000167	72	4	7	NA	NA	7	100	8	167	C0Rect2Set	DESCENDANT_PROBE_PASS	0	3091	c6d4644f5d6353c8df01e0aa7a4cb70268b215d846a5534a73283d4ddb560406	d8d6910e31d7a7461c03a4411dbb41d4592d77a68feeafea17964357afbe572a	f31dccc6a5b4d2f4194626463b82fcdebddd52d6034b12bcc4a5c11d934ab093	246fd7a0912ca7feb9390b00625493d0bb54c28ec8f6801be59a25c342499886	e3b0c44298fc1c149afbf4c8996fb92427ae41e4649b934ca495991b7852b855	bea46ab4cf4adbeda551b0c6acc48c6474aa0a07a2c563bba580618b66d2c36b	false	false	true	true	true	-0x1.f368bd873557fp-36	-0x1.f30b71238a36p-36	-0x1.f368bd873557fp-36	-0x1.f30b71238a36p-36	true	true
141	71	D4	U07-0000000100_S08-0000000168	73	4	8	NA	NA	7	100	8	168	C0HORect2Set	DESCENDANT_PROBE_PASS	0	3167	5d8b8e60927ba1861100ed94d349a7954c9fa632eab1abce52c7dd222db9edf0	ac04a67837cc4044d48e177d64b6a7a65d7dbf89a8fc92c8a196383510e458cf	778c7d4b582187040621a240616afd3d2914a462e5589dfbcd04a9cdd3331300	cb0fa4842a1e2701f4cb5d3dc9682bd37ddfd548b5c3009b059d09d3cae484af	e3b0c44298fc1c149afbf4c8996fb92427ae41e4649b934ca495991b7852b855	bea46ab4cf4adbeda551b0c6acc48c6474aa0a07a2c563bba580618b66d2c36b	false	false	true	true	true	-0x1.f34c686953163p-36	-0x1.f2ef4771612bbp-36	-0x1.f34c686953163p-36	-0x1.f2ef4771612bbp-36	true	true
142	71	D4	U07-0000000100_S08-0000000168	73	4	8	NA	NA	7	100	8	168	C0Rect2Set	DESCENDANT_PROBE_PASS	0	3102	5d8b8e60927ba1861100ed94d349a7954c9fa632eab1abce52c7dd222db9edf0	ac04a67837cc4044d48e177d64b6a7a65d7dbf89a8fc92c8a196383510e458cf	d65d53e3e3b16b263e26ed86cb18709521d0e6911deebefd37fce8680d4bea18	0dd1df918729657a2d62758ec3c17d64d02be8319eb6ccd516c8c4dd056bebd7	e3b0c44298fc1c149afbf4c8996fb92427ae41e4649b934ca495991b7852b855	bea46ab4cf4adbeda551b0c6acc48c6474aa0a07a2c563bba580618b66d2c36b	false	false	true	true	true	-0x1.f34c7c303cc8bp-36	-0x1.f2ef33adc005bp-36	-0x1.f34c7c303cc8bp-36	-0x1.f2ef33adc005bp-36	true	true
143	72	D4	U07-0000000100_S08-0000000169	74	4	9	NA	NA	7	100	8	169	C0HORect2Set	DESCENDANT_PROBE_PASS	0	3175	2b10e92ba9b335b30cea8c427d87872041a9d610fb71819666c1ef69e099fdbd	229ba681e7c87569119429083dcbcc19ee1a309d464e2f31326b4b47bf196a36	64d0e802cffda9f98ce9947cdee02d0716c5685e02c26dc73479c98ca3f3e64f	e8dc34eedf94d1214c3195fc08d51e052c4c31441321eef642e123b920de1d3a	e3b0c44298fc1c149afbf4c8996fb92427ae41e4649b934ca495991b7852b855	bea46ab4cf4adbeda551b0c6acc48c6474aa0a07a2c563bba580618b66d2c36b	false	false	true	true	true	-0x1.f33027df074cdp-36	-0x1.f2d30ac7537eap-36	-0x1.f33027df074cdp-36	-0x1.f2d30ac7537eap-36	true	true
144	72	D4	U07-0000000100_S08-0000000169	74	4	9	NA	NA	7	100	8	169	C0Rect2Set	DESCENDANT_PROBE_PASS	0	3116	2b10e92ba9b335b30cea8c427d87872041a9d610fb71819666c1ef69e099fdbd	229ba681e7c87569119429083dcbcc19ee1a309d464e2f31326b4b47bf196a36	637a2c8bfc7e206aa4047e2cb66a49d64d21aedfc0b1d42d71f0718c6c28eb7e	2d391afbf935ff53a655da709fed3a88a576c28a3ccb37ad6e2734680555f9f7	e3b0c44298fc1c149afbf4c8996fb92427ae41e4649b934ca495991b7852b855	bea46ab4cf4adbeda551b0c6acc48c6474aa0a07a2c563bba580618b66d2c36b	false	false	true	true	true	-0x1.f3303ba58c958p-36	-0x1.f2d2f7041756ap-36	-0x1.f3303ba58c958p-36	-0x1.f2d2f7041756ap-36	true	true
145	73	D4	U07-0000000100_S08-0000000170	75	4	10	NA	NA	7	100	8	170	C0HORect2Set	DESCENDANT_PROBE_PASS	0	3171	1076f6f3687a8fcb44fcd91faebded8a015559fa9269ec99cdff6aca9dd40fa5	9095f64cf3fd3b7b710b7482b4918676b5581e021c607559f792b62102aa1e0f	07c7bc3459bf69d18d0af98c35579b2233b96ca814d5f10d0aae965825b20c12	562672d6d33cab4743c905d4488f0037e113d26f881a06245b6feac53c76724b	e3b0c44298fc1c149afbf4c8996fb92427ae41e4649b934ca495991b7852b855	bea46ab4cf4adbeda551b0c6acc48c6474aa0a07a2c563bba580618b66d2c36b	false	false	true	true	true	-0x1.f313e82136dc2p-36	-0x1.f2b6cee9297bdp-36	-0x1.f313e82136dc2p-36	-0x1.f2b6cee9297bdp-36	true	true
146	73	D4	U07-0000000100_S08-0000000170	75	4	10	NA	NA	7	100	8	170	C0Rect2Set	DESCENDANT_PROBE_PASS	0	3097	1076f6f3687a8fcb44fcd91faebded8a015559fa9269ec99cdff6aca9dd40fa5	9095f64cf3fd3b7b710b7482b4918676b5581e021c607559f792b62102aa1e0f	c0a42cae3f3dc3031e817df0055f60de860f29800fbec00c156eea81fcf6a8b5	64e7abc9b68495bf6068051b931bc4c3439de4f95d89ec192397cdd629813123	e3b0c44298fc1c149afbf4c8996fb92427ae41e4649b934ca495991b7852b855	bea46ab4cf4adbeda551b0c6acc48c6474aa0a07a2c563bba580618b66d2c36b	false	false	true	true	true	-0x1.f313fbe74d86ap-36	-0x1.f2b6bb265c92bp-36	-0x1.f313fbe74d86ap-36	-0x1.f2b6bb265c92bp-36	true	true
147	74	D4	U07-0000000100_S08-0000000171	76	4	11	NA	NA	7	100	8	171	C0HORect2Set	DESCENDANT_PROBE_PASS	0	3181	5a48bd3de661e30e1f7d5062f1401f6e280e5ad944cc27027e5703117a1c6771	4dd7d47fd615475765e70b774050dc7faf80b9ef153193f222e72c9e74699e9c	0062bb995b25d17dad5b4795b20ae2c34358fcd2b502d5ba78dddbe6ec7e59b3	1499d943f5664b7c5b48d3b165f9f5976813ca8ee72996916370cd3b9eaf0e3d	e3b0c44298fc1c149afbf4c8996fb92427ae41e4649b934ca495991b7852b855	bea46ab4cf4adbeda551b0c6acc48c6474aa0a07a2c563bba580618b66d2c36b	false	false	true	true	true	-0x1.f2f7a92fab949p-36	-0x1.f29a93d7107a6p-36	-0x1.f2f7a92fab949p-36	-0x1.f29a93d7107a6p-36	true	true
148	74	D4	U07-0000000100_S08-0000000171	76	4	11	NA	NA	7	100	8	171	C0Rect2Set	DESCENDANT_PROBE_PASS	0	3085	5a48bd3de661e30e1f7d5062f1401f6e280e5ad944cc27027e5703117a1c6771	4dd7d47fd615475765e70b774050dc7faf80b9ef153193f222e72c9e74699e9c	d970dcacda7aa4b301df4ce76e85d99ffb90c731daead9cc60f2f83147e96843	e5c6cec91deee5a951cdd105ab870d884748726b2a2977eddd0ae20be6c45365	e3b0c44298fc1c149afbf4c8996fb92427ae41e4649b934ca495991b7852b855	bea46ab4cf4adbeda551b0c6acc48c6474aa0a07a2c563bba580618b66d2c36b	false	false	true	true	true	-0x1.f2f7bcf56422ep-36	-0x1.f29a8014a1987p-36	-0x1.f2f7bcf56422ep-36	-0x1.f29a8014a1987p-36	true	true
149	75	D4	U07-0000000100_S08-0000000172	77	4	12	NA	NA	7	100	8	172	C0HORect2Set	DESCENDANT_PROBE_PASS	0	3219	f65c1c7c679be654f951a98161d03b8509efc274a648127f15c60e45bcc9bdaf	bea33ea7c4a2232315195fd598ed47eae1e31104e1dc6033773c15d995c8bd31	1d056b3960e96a0e45b46cbbb9201376310b5cb112b5013b1b10767da2d1e593	44c265dcba1c491cf46b17ee6b5427d6162a1730e98c470e980e8ff2a4ac175f	e3b0c44298fc1c149afbf4c8996fb92427ae41e4649b934ca495991b7852b855	bea46ab4cf4adbeda551b0c6acc48c6474aa0a07a2c563bba580618b66d2c36b	false	false	true	true	true	-0x1.f2db6b1172c83p-36	-0x1.f27e5989b9a9dp-36	-0x1.f2db6b1172c83p-36	-0x1.f27e5989b9a9dp-36	true	true
150	75	D4	U07-0000000100_S08-0000000172	77	4	12	NA	NA	7	100	8	172	C0Rect2Set	DESCENDANT_PROBE_PASS	0	3126	f65c1c7c679be654f951a98161d03b8509efc274a648127f15c60e45bcc9bdaf	bea33ea7c4a2232315195fd598ed47eae1e31104e1dc6033773c15d995c8bd31	88fd206ca3f7e2e60be77ce4c0154c12348e04d27235824f7dbcf73db5213b7c	0f803dc5c14eba83018119099b4499ae0f4fc9c79b54f53273784783603a1c2b	e3b0c44298fc1c149afbf4c8996fb92427ae41e4649b934ca495991b7852b855	bea46ab4cf4adbeda551b0c6acc48c6474aa0a07a2c563bba580618b66d2c36b	false	false	true	true	true	-0x1.f2db7ed71b35cp-36	-0x1.f27e45c759c9dp-36	-0x1.f2db7ed71b35cp-36	-0x1.f27e45c759c9dp-36	true	true
151	76	D4	U07-0000000100_S08-0000000173	78	4	13	NA	NA	7	100	8	173	C0HORect2Set	DESCENDANT_PROBE_PASS	0	3193	9592f4e6d574b860fcc88d5150a47649b39adb04d5a06ff2b692b78ad79363f0	6452eb61ce6c87c9821e45af0ccf5e638328dcb99989e84aa4656cf516573214	4d8b2f048a9aea465b2862719c87c7f8e2ab7d29b11109d31d0a2f5502af1a4f	b0981e71589f9c0ee13791d5b82e726472caf310549dea3dc2c8eaf8034bf872	e3b0c44298fc1c149afbf4c8996fb92427ae41e4649b934ca495991b7852b855	bea46ab4cf4adbeda551b0c6acc48c6474aa0a07a2c563bba580618b66d2c36b	false	false	true	true	true	-0x1.f2bf2db890828p-36	-0x1.f262200f84513p-36	-0x1.f2bf2db890828p-36	-0x1.f262200f84513p-36	true	true
152	76	D4	U07-0000000100_S08-0000000173	78	4	13	NA	NA	7	100	8	173	C0Rect2Set	DESCENDANT_PROBE_PASS	0	3096	9592f4e6d574b860fcc88d5150a47649b39adb04d5a06ff2b692b78ad79363f0	6452eb61ce6c87c9821e45af0ccf5e638328dcb99989e84aa4656cf516573214	3520d81ced2951f777eccba259156acbc144a1a9227d39197ed51f7a24189311	6cae709734cf451e167495a776fe7af96a928788473ae06b0fd37ec6c2d0dd3f	e3b0c44298fc1c149afbf4c8996fb92427ae41e4649b934ca495991b7852b855	bea46ab4cf4adbeda551b0c6acc48c6474aa0a07a2c563bba580618b66d2c36b	false	false	true	true	true	-0x1.f2bf417d9724dp-36	-0x1.f2620c4dc5a4p-36	-0x1.f2bf417d9724dp-36	-0x1.f2620c4dc5a4p-36	true	true
153	77	D4	U07-0000000100_S08-0000000174	79	4	14	NA	NA	7	100	8	174	C0HORect2Set	DESCENDANT_PROBE_PASS	0	3189	42f4508223b8cdbc8ec3dc5d8d532bf9df626015bcb5678d4fac0204eefb324f	370e97d19a18ae89bcfa7978402065b0febaa1339a6da22a902b41e05d5200c0	3847b3492b0773d97fc1698cefbc80a21a26dee6f08bf514b7693862b4a58cc4	8d4046ddb267b57bbfd6e13936bdf6b01ade8ebc3f660d55096974d4df9b03cd	e3b0c44298fc1c149afbf4c8996fb92427ae41e4649b934ca495991b7852b855	bea46ab4cf4adbeda551b0c6acc48c6474aa0a07a2c563bba580618b66d2c36b	false	false	true	true	true	-0x1.f2a2f12b7c823p-36	-0x1.f245e761b54a5p-36	-0x1.f2a2f12b7c823p-36	-0x1.f245e761b54a5p-36	true	true
154	77	D4	U07-0000000100_S08-0000000174	79	4	14	NA	NA	7	100	8	174	C0Rect2Set	DESCENDANT_PROBE_PASS	0	3144	42f4508223b8cdbc8ec3dc5d8d532bf9df626015bcb5678d4fac0204eefb324f	370e97d19a18ae89bcfa7978402065b0febaa1339a6da22a902b41e05d5200c0	efc46d98ca180ea7a3459aff1b40d1f97d9b039609384fcffc865d311b6db9ab	edec2294d52792e8d988419ab2eab83c9b1b3ad512966652a0a8b5ae89bf8a43	e3b0c44298fc1c149afbf4c8996fb92427ae41e4649b934ca495991b7852b855	bea46ab4cf4adbeda551b0c6acc48c6474aa0a07a2c563bba580618b66d2c36b	false	false	true	true	true	-0x1.f2a304f040cc6p-36	-0x1.f245d3a03a8abp-36	-0x1.f2a304f040cc6p-36	-0x1.f245d3a03a8abp-36	true	true
155	78	D4	U07-0000000100_S08-0000000175	80	4	15	NA	NA	7	100	8	175	C0HORect2Set	DESCENDANT_PROBE_PASS	0	3191	f8f7439235456a0c8ca854b18394ce9b887e79957ad56053037df149ccabb8ce	e99446ec75be9060b871c64823aff0ef698ceea90979b713b64753bb4e23a28b	183bce37c22e809b764e18b020b6e2fd8b520075c34f0efc5402a97216ffabd2	958add24d711e0ca331de2fb880005b95b117c2b0257217372c24f4a7658cf1a	e3b0c44298fc1c149afbf4c8996fb92427ae41e4649b934ca495991b7852b855	bea46ab4cf4adbeda551b0c6acc48c6474aa0a07a2c563bba580618b66d2c36b	false	false	true	true	true	-0x1.f286b56ae194cp-36	-0x1.f229af7f9d182p-36	-0x1.f286b56ae194cp-36	-0x1.f229af7f9d182p-36	true	true
156	78	D4	U07-0000000100_S08-0000000175	80	4	15	NA	NA	7	100	8	175	C0Rect2Set	DESCENDANT_PROBE_PASS	0	3074	f8f7439235456a0c8ca854b18394ce9b887e79957ad56053037df149ccabb8ce	e99446ec75be9060b871c64823aff0ef698ceea90979b713b64753bb4e23a28b	005fc9efc8b81403ed3cb344e2da42a31df85ac326460d309c5de20ab3b535fb	c8dda5804168ba360fccdda71760bb9a75136229ceacd58ddc4dafe87412213b	e3b0c44298fc1c149afbf4c8996fb92427ae41e4649b934ca495991b7852b855	bea46ab4cf4adbeda551b0c6acc48c6474aa0a07a2c563bba580618b66d2c36b	false	false	true	true	true	-0x1.f286c92f0d91cp-36	-0x1.f2299bbeb973cp-36	-0x1.f286c92f0d91cp-36	-0x1.f2299bbeb973cp-36	true	true
157	79	D4	U07-0000000101_S08-0000000161	82	5	1	NA	NA	7	101	8	161	C0HORect2Set	DESCENDANT_PROBE_PASS	0	3164	12bf3eb6e93aab3d9e457a9027ca02c1c9bdb153f051dd2090c9bada6c1fa631	1b3c3c6f9b0229f465d29541765597148a587f3a8545db25af2bb0d6576839f3	c5eeeab1fe1558bf269f6a424385d8cef5e743ce44bf3810ef33461f767a013c	10471e6482b2a991f36b37e4b0b2c71c227baa149f4394155aa5e440cedc3c2c	e3b0c44298fc1c149afbf4c8996fb92427ae41e4649b934ca495991b7852b855	bea46ab4cf4adbeda551b0c6acc48c6474aa0a07a2c563bba580618b66d2c36b	false	false	true	true	true	-0x1.f40eaf22203d6p-36	-0x1.f3b173437f6bfp-36	-0x1.f40eaf22203d6p-36	-0x1.f3b173437f6bfp-36	true	true
158	79	D4	U07-0000000101_S08-0000000161	82	5	1	NA	NA	7	101	8	161	C0Rect2Set	DESCENDANT_PROBE_PASS	0	3074	12bf3eb6e93aab3d9e457a9027ca02c1c9bdb153f051dd2090c9bada6c1fa631	1b3c3c6f9b0229f465d29541765597148a587f3a8545db25af2bb0d6576839f3	f36a43982aaf915080a288bd4266672ec8085663342da3d722a6c55582e79ae3	af10dc14b1a6d78dba77bf39d5e264ff856794c8fdbaeb344a186d10b9f9b66d	e3b0c44298fc1c149afbf4c8996fb92427ae41e4649b934ca495991b7852b855	bea46ab4cf4adbeda551b0c6acc48c6474aa0a07a2c563bba580618b66d2c36b	false	false	true	true	true	-0x1.f40ec2ec471a1p-36	-0x1.f3b15f7ca1a6ep-36	-0x1.f40ec2ec471a1p-36	-0x1.f3b15f7ca1a6ep-36	true	true
159	80	D4	U07-0000000101_S08-0000000162	83	5	2	NA	NA	7	101	8	162	C0HORect2Set	DESCENDANT_PROBE_PASS	0	3165	f115984ad256cfcb13aeda1649c18ce7e8421f26e5f4c2067660fe574c472ae7	ebaf41a1260dbd246e529e27bfc8a57ccdd091962728c1e0d4b58fdcaf2d88b0	991c1afdfd3a23d1edf0088dfd1e74ed82b136e635ae5d026ae32e7898010cd2	934b2823a3bbc4ccfdf9be284c71eb0449d62d1b70f03368f635fa15eb2b3313	e3b0c44298fc1c149afbf4c8996fb92427ae41e4649b934ca495991b7852b855	bea46ab4cf4adbeda551b0c6acc48c6474aa0a07a2c563bba580618b66d2c36b	false	false	true	true	true	-0x1.f3f269272c5c6p-36	-0x1.f3953129efbb4p-36	-0x1.f3f269272c5c6p-36	-0x1.f3953129efbb4p-36	true	true
160	80	D4	U07-0000000101_S08-0000000162	83	5	2	NA	NA	7	101	8	162	C0Rect2Set	DESCENDANT_PROBE_PASS	0	3096	f115984ad256cfcb13aeda1649c18ce7e8421f26e5f4c2067660fe574c472ae7	ebaf41a1260dbd246e529e27bfc8a57ccdd091962728c1e0d4b58fdcaf2d88b0	d895f40972862d02afc371c7b873d00f7879fa53796acc47b19a107bda828f01	5e08b94b9b77b239a65f92cd58ce48d6f38487c82a7fed5fcd2fd5459a943971	e3b0c44298fc1c149afbf4c8996fb92427ae41e4649b934ca495991b7852b855	bea46ab4cf4adbeda551b0c6acc48c6474aa0a07a2c563bba580618b66d2c36b	false	false	true	true	true	-0x1.f3f27cf10a11p-36	-0x1.f3951d635b7dap-36	-0x1.f3f27cf10a11p-36	-0x1.f3951d635b7dap-36	true	true
161	81	D4	U07-0000000101_S08-0000000163	84	5	3	NA	NA	7	101	8	163	C0HORect2Set	DESCENDANT_PROBE_PASS	0	3147	e2cf638f44b983fa13e0a192d0e312242636b0b0fa206691c3c4e04c71bf88f5	567cefd5f164e8701fe36a93b3c8c2997d23e6b003d8c53c743642e93855b1ea	76b00d9243ee5fe58272c6d85cf37c847908d22321d5b01afb76cbd5832f5b78	e5980211bc3add20f701663c4fef77a38f95c5d193008ed13b73bb9ba0ba4042	e3b0c44298fc1c149afbf4c8996fb92427ae41e4649b934ca495991b7852b855	bea46ab4cf4adbeda551b0c6acc48c6474aa0a07a2c563bba580618b66d2c36b	false	false	true	true	true	-0x1.f3d623f915b9dp-36	-0x1.f378efdc2a0efp-36	-0x1.f3d623f915b9dp-36	-0x1.f378efdc2a0efp-36	true	true
162	81	D4	U07-0000000101_S08-0000000163	84	5	3	NA	NA	7	101	8	163	C0Rect2Set	DESCENDANT_PROBE_PASS	0	3066	e2cf638f44b983fa13e0a192d0e312242636b0b0fa206691c3c4e04c71bf88f5	567cefd5f164e8701fe36a93b3c8c2997d23e6b003d8c53c743642e93855b1ea	292570a45b26c0b06ba1df1175c728ca5a2476053f757cadff2dec6436fd2562	19a449418c091c6e95651b4389e3286f6c72f6b552620f005da2c4203b00850f	e3b0c44298fc1c149afbf4c8996fb92427ae41e4649b934ca495991b7852b855	bea46ab4cf4adbeda551b0c6acc48c6474aa0a07a2c563bba580618b66d2c36b	false	false	true	true	true	-0x1.f3d637c2346a1p-36	-0x1.f378dc165441cp-36	-0x1.f3d637c2346a1p-36	-0x1.f378dc165441cp-36	true	true
163	82	D4	U07-0000000101_S08-0000000164	85	5	4	NA	NA	7	101	8	164	C0HORect2Set	DESCENDANT_PROBE_PASS	0	3167	4f1f96e1a143201ed8eacea168cac9121395abac5cef6d5b09d4114382c4cdbf	a25edd7b3c2d9bfc6e68d49433165dc03b3a5fff49602ce43666826a2eac66fa	c52e7bb1cb6b47417f3e50fcacc6370d364a6a2744eebbb43f342cf2aa704285	9256c031ea06e60bfea1911920582718c44d917401ae52400b293952e965b2f0	e3b0c44298fc1c149afbf4c8996fb92427ae41e4649b934ca495991b7852b855	bea46ab4cf4adbeda551b0c6acc48c6474aa0a07a2c563bba580618b66d2c36b	false	false	true	true	true	-0x1.f3b9df96d630ep-36	-0x1.f35caf5b27eb5p-36	-0x1.f3b9df96d630ep-36	-0x1.f35caf5b27eb5p-36	true	true
164	82	D4	U07-0000000101_S08-0000000164	85	5	4	NA	NA	7	101	8	164	C0Rect2Set	DESCENDANT_PROBE_PASS	0	3059	4f1f96e1a143201ed8eacea168cac9121395abac5cef6d5b09d4114382c4cdbf	a25edd7b3c2d9bfc6e68d49433165dc03b3a5fff49602ce43666826a2eac66fa	2f7ba5ae730fe3ebeda339a243c5ee3de80fc37f68ae5bfb73390956457c6850	fc0ac71cb40d6b18eb174f31d372c475f9179fcea9c9550f5eb45910822f5887	e3b0c44298fc1c149afbf4c8996fb92427ae41e4649b934ca495991b7852b855	bea46ab4cf4adbeda551b0c6acc48c6474aa0a07a2c563bba580618b66d2c36b	false	false	true	true	true	-0x1.f3b9f35fbd2dbp-36	-0x1.f35c9b958a46cp-36	-0x1.f3b9f35fbd2dbp-36	-0x1.f35c9b958a46cp-36	true	true
165	83	D4	U07-0000000101_S08-0000000165	86	5	5	NA	NA	7	101	8	165	C0HORect2Set	DESCENDANT_PROBE_PASS	0	3190	56e93d4c0f9f6669a439887e65922e97d5cfb573d6e3651302889968b8896181	793239f28b44f15c7a25372334b836e22c15c3eddbb76c9763c0cce527d66529	c5218b951399df7da3c0c5506b6b05171cebcdaad8de0e02342dc936151fa410	f5ce12d7e1661fff3c0c8d7af4968ab1a49708d790d21f6d6c34cba38c542275	e3b0c44298fc1c149afbf4c8996fb92427ae41e4649b934ca495991b7852b855	bea46ab4cf4adbeda551b0c6acc48c6474aa0a07a2c563bba580618b66d2c36b	false	false	true	true	true	-0x1.f39d9c014fe9fp-36	-0x1.f3406fa5ffc35p-36	-0x1.f39d9c014fe9fp-36	-0x1.f3406fa5ffc35p-36	true	true
166	83	D4	U07-0000000101_S08-0000000165	86	5	5	NA	NA	7	101	8	165	C0Rect2Set	DESCENDANT_PROBE_PASS	0	3075	56e93d4c0f9f6669a439887e65922e97d5cfb573d6e3651302889968b8896181	793239f28b44f15c7a25372334b836e22c15c3eddbb76c9763c0cce527d66529	903e7486f9a9f4e6a9cbab96b3fc6637881683c5619bdf43cb6f53efc5a3aff5	b1bf4e14c3c9f0311682ece15215b214bbac967cf23f9f3dc6040deb5aae81e2	e3b0c44298fc1c149afbf4c8996fb92427ae41e4649b934ca495991b7852b855	bea46ab4cf4adbeda551b0c6acc48c6474aa0a07a2c563bba580618b66d2c36b	false	false	true	true	true	-0x1.f39dafc9a0918p-36	-0x1.f3405be0f7f02p-36	-0x1.f39dafc9a0918p-36	-0x1.f3405be0f7f02p-36	true	true
167	84	D4	U07-0000000101_S08-0000000166	87	5	6	NA	NA	7	101	8	166	C0HORect2Set	DESCENDANT_PROBE_PASS	0	3180	5d940daa8b3d08062411e04327990619c550aa1154bef0e4ffac93e943f714c6	ba31da7cf499871a81b6a31bb4a2c435314cc620003a91e25df85e21746cf06b	265eb48549ad7d5aa6c96c6219822d18a38336b8a8b95ed9840ec35a65c33a28	f8119e6c4894eff6f027d989887f3afd364c6db9cbf66e8cb7e2816b9e3e8a21	e3b0c44298fc1c149afbf4c8996fb92427ae41e4649b934ca495991b7852b855	bea46ab4cf4adbeda551b0c6acc48c6474aa0a07a2c563bba580618b66d2c36b	false	false	true	true	true	-0x1.f38159375c2aep-36	-0x1.f32430bdcc41cp-36	-0x1.f38159375c2aep-36	-0x1.f32430bdcc41cp-36	true	true
168	84	D4	U07-0000000101_S08-0000000166	87	5	6	NA	NA	7	101	8	166	C0Rect2Set	DESCENDANT_PROBE_PASS	0	3067	5d940daa8b3d08062411e04327990619c550aa1154bef0e4ffac93e943f714c6	ba31da7cf499871a81b6a31bb4a2c435314cc620003a91e25df85e21746cf06b	f6471c575de6bf8b906d8644434e050ca237817c1f74c44c59abf6018117f94a	3e000ef2275b72cdbbf938f89b6a98db254e0661c0378c5ac811b68713351a56	e3b0c44298fc1c149afbf4c8996fb92427ae41e4649b934ca495991b7852b855	bea46ab4cf4adbeda551b0c6acc48c6474aa0a07a2c563bba580618b66d2c36b	false	false	true	true	true	-0x1.f3816cff23c0ep-36	-0x1.f3241cf94d482p-36	-0x1.f3816cff23c0ep-36	-0x1.f3241cf94d482p-36	true	true
169	85	D4	U07-0000000101_S08-0000000167	88	5	7	NA	NA	7	101	8	167	C0HORect2Set	DESCENDANT_PROBE_PASS	0	3154	db0c920447389080937b4e8bee774f0ff81add5cf95a08e45ef99355daa2f044	7dad28ab77b7158ab48bdc3866ff0ee0fec1cd32ea92d43e00f70c1f39119012	a85d8ccf9f69d35105cb7d860c90f9a1e855750a6855326ed0d70b84cfac684f	d2a7fe26a7627919fa82d6f467238de78fb50ec31c253c09ee69ae4fa9d799e9	e3b0c44298fc1c149afbf4c8996fb92427ae41e4649b934ca495991b7852b855	bea46ab4cf4adbeda551b0c6acc48c6474aa0a07a2c563bba580618b66d2c36b	false	false	true	true	true	-0x1.f365173a77833p-36	-0x1.f307f2a1073b9p-36	-0x1.f365173a77833p-36	-0x1.f307f2a1073b9p-36	true	true
170	85	D4	U07-0000000101_S08-0000000167	88	5	7	NA	NA	7	101	8	167	C0Rect2Set	DESCENDANT_PROBE_PASS	0	3126	db0c920447389080937b4e8bee774f0ff81add5cf95a08e45ef99355daa2f044	7dad28ab77b7158ab48bdc3866ff0ee0fec1cd32ea92d43e00f70c1f39119012	5578a9cf5f0f95918b4882e93934984a704471a496c9aeeeae51affac1f1301b	8a4d4d58c3493d2edf15ff13cae6b36328571074f20a9b940293dca7515591ae	e3b0c44298fc1c149afbf4c8996fb92427ae41e4649b934ca495991b7852b855	bea46ab4cf4adbeda551b0c6acc48c6474aa0a07a2c563bba580618b66d2c36b	false	false	true	true	true	-0x1.f3652b019ff7bp-36	-0x1.f307dedd27a75p-36	-0x1.f3652b019ff7bp-36	-0x1.f307dedd27a75p-36	true	true
171	86	D4	U07-0000000101_S08-0000000168	89	5	8	NA	NA	7	101	8	168	C0HORect2Set	DESCENDANT_PROBE_PASS	0	3184	3368ad50fd1a435da59ae9dc41189bc3ed286b7a9a6c0c85bfab993dcb6751c6	6dea613588174b4a4390e10338b4ad393aaba2bc5cbdf2227a43524363017a75	442c73344cae83b32ef719bd4ccabbc0e41b556056cb7592519306a05586f127	0b4245b6413082509df036591b649b5f0edacf944fda6086feee641f7a076586	e3b0c44298fc1c149afbf4c8996fb92427ae41e4649b934ca495991b7852b855	bea46ab4cf4adbeda551b0c6acc48c6474aa0a07a2c563bba580618b66d2c36b	false	false	true	true	true	-0x1.f348d60964114p-36	-0x1.f2ebb550e52abp-36	-0x1.f348d60964114p-36	-0x1.f2ebb550e52abp-36	true	true
172	86	D4	U07-0000000101_S08-0000000168	89	5	8	NA	NA	7	101	8	168	C0Rect2Set	DESCENDANT_PROBE_PASS	0	3083	3368ad50fd1a435da59ae9dc41189bc3ed286b7a9a6c0c85bfab993dcb6751c6	6dea613588174b4a4390e10338b4ad393aaba2bc5cbdf2227a43524363017a75	c0b7edb42abd3f5c3472a472566467f8c625867de782df44dfbfc35fbe6346c1	2d76f6c9640f5d3a5561ec6cf2bc9cd67e6ef3d689ef973dc10b4facd231a61d	e3b0c44298fc1c149afbf4c8996fb92427ae41e4649b934ca495991b7852b855	bea46ab4cf4adbeda551b0c6acc48c6474aa0a07a2c563bba580618b66d2c36b	false	false	true	true	true	-0x1.f348e9d06919ep-36	-0x1.f2eba18d2895fp-36	-0x1.f348e9d06919ep-36	-0x1.f2eba18d2895fp-36	true	true
173	87	D4	U07-0000000101_S08-0000000169	90	5	9	NA	NA	7	101	8	169	C0HORect2Set	DESCENDANT_PROBE_PASS	0	3297	a241b3d53f37c57ae3456a8c5ecd5d394cfd7386421e1bece96f3d1858a24067	8f64edd4e8ab5056f59c041c7f077bff3b308a73484f4b4d494d20cc15f81161	44df6b7bd71f14da657c3fb452d84339cfe90b3cb8a75530e500f9d412fd8f9d	96850e7d8130ac2f93bb3a167777597488c3d7f888fd10d71d71ecfac8d0eb58	e3b0c44298fc1c149afbf4c8996fb92427ae41e4649b934ca495991b7852b855	bea46ab4cf4adbeda551b0c6acc48c6474aa0a07a2c563bba580618b66d2c36b	false	false	true	true	true	-0x1.f32c95a51a139p-36	-0x1.f2cf78cc61329p-36	-0x1.f32c95a51a139p-36	-0x1.f2cf78cc61329p-36	true	true
174	87	D4	U07-0000000101_S08-0000000169	90	5	9	NA	NA	7	101	8	169	C0Rect2Set	DESCENDANT_PROBE_PASS	0	3045	a241b3d53f37c57ae3456a8c5ecd5d394cfd7386421e1bece96f3d1858a24067	8f64edd4e8ab5056f59c041c7f077bff3b308a73484f4b4d494d20cc15f81161	6003fb04a0899c13c0608aeb0391c82068864e37438014dfb03b8cbf403004a3	bc842b3f9309ac27d2f659cd8ef4dd55d162748c783b623aaba33f332e9292cf	e3b0c44298fc1c149afbf4c8996fb92427ae41e4649b934ca495991b7852b855	bea46ab4cf4adbeda551b0c6acc48c6474aa0a07a2c563bba580618b66d2c36b	false	false	true	true	true	-0x1.f32ca96b77f6dp-36	-0x1.f2cf65094db78p-36	-0x1.f32ca96b77f6dp-36	-0x1.f2cf65094db78p-36	true	true
175	88	D4	U07-0000000101_S08-0000000170	91	5	10	NA	NA	7	101	8	170	C0HORect2Set	DESCENDANT_PROBE_PASS	0	3193	170354e8d9d16b616f4f0a90d046babfd5f61cbf283afb18d3d754196aa534f7	90deae7d4ba0883d1ff060de3f52efb7e6d1be878ab50f0f6f48e7ce438d44c8	cfdf937f10bfc5c8d5ca326f0b16410287e192890311079d1120cd30c18bcd0c	cc71cc1e8ac2825fe4d0ff42073dbe6a7840bd660c89d259659b6ea7ce8e29b8	e3b0c44298fc1c149afbf4c8996fb92427ae41e4649b934ca495991b7852b855	bea46ab4cf4adbeda551b0c6acc48c6474aa0a07a2c563bba580618b66d2c36b	false	false	true	true	true	-0x1.f310561484396p-36	-0x1.f2b33d0c51f01p-36	-0x1.f310561484396p-36	-0x1.f2b33d0c51f01p-36	true	true
176	88	D4	U07-0000000101_S08-0000000170	91	5	10	NA	NA	7	101	8	170	C0Rect2Set	DESCENDANT_PROBE_PASS	0	3099	170354e8d9d16b616f4f0a90d046babfd5f61cbf283afb18d3d754196aa534f7	90deae7d4ba0883d1ff060de3f52efb7e6d1be878ab50f0f6f48e7ce438d44c8	d4c47a9d401b3b37ba04d0bf5447279e073ec11a05715da0f26a997292e81748	465b269ee451c30e8409042e43ca31695d17a657d3459cc3cf48d3a3c131c77b	e3b0c44298fc1c149afbf4c8996fb92427ae41e4649b934ca495991b7852b855	bea46ab4cf4adbeda551b0c6acc48c6474aa0a07a2c563bba580618b66d2c36b	false	false	true	true	true	-0x1.f31069d301139p-36	-0x1.f2b3295157cp-36	-0x1.f31069d301139p-36	-0x1.f2b3295157cp-36	true	true
177	89	D4	U07-0000000101_S08-0000000171	92	5	11	NA	NA	7	101	8	171	C0HORect2Set	DESCENDANT_PROBE_PASS	0	3176	4db263c9f50300d6a2431c993514467aee3de810808a80387f1a727a3012f62d	af470f163369079c0ed7605a77386064dd1b4e426afdc86dab15191dbbd21e94	4fe465d06099869a2e23e5ddb10c0e8ebe656ceae22b655602cc31bba99d0bfd	4c2ef163e02d572cb6bfc9930ddbbce8c5c0cfea0a85aafd163b7965ecb7217c	e3b0c44298fc1c149afbf4c8996fb92427ae41e4649b934ca495991b7852b855	bea46ab4cf4adbeda551b0c6acc48c6474aa0a07a2c563bba580618b66d2c36b	false	false	true	true	true	-0x1.f2f417486a4dp-36	-0x1.f2970220550bep-36	-0x1.f2f417486a4dp-36	-0x1.f2970220550bep-36	true	true
178	89	D4	U07-0000000101_S08-0000000171	92	5	11	NA	NA	7	101	8	171	C0Rect2Set	DESCENDANT_PROBE_PASS	0	3071	4db263c9f50300d6a2431c993514467aee3de810808a80387f1a727a3012f62d	af470f163369079c0ed7605a77386064dd1b4e426afdc86dab15191dbbd21e94	9dc6f3c9f6b6463ac187199544d4f29f34f502521aafb0e4c373dca5e2b7e435	a8a734518363e3f923f9cb3ae53a11d09e6280a542f6a2fe8cb13c7d8c5c3e2b	e3b0c44298fc1c149afbf4c8996fb92427ae41e4649b934ca495991b7852b855	bea46ab4cf4adbeda551b0c6acc48c6474aa0a07a2c563bba580618b66d2c36b	false	false	true	true	true	-0x1.f2f42b0e448f7p-36	-0x1.f296ee5dc3204p-36	-0x1.f2f42b0e448f7p-36	-0x1.f296ee5dc3204p-36	true	true
179	90	D4	U07-0000000101_S08-0000000172	93	5	12	NA	NA	7	101	8	172	C0HORect2Set	DESCENDANT_PROBE_PASS	0	3182	14af756874c18562f7c8b01af7443bce3f2a9a15c8ae2fcc1c933630dee3fdd6	0653959d8051e7bda6af9df151be008387fa1e2a0291d411aa52dda81e364a7c	3035877d8bed0a8a69e65cdc6b0a16f9e386d27cef50b4829e34511edb61ee31	1129d8e8519285232857d4de6d2532fe160a750cbed432c8817fe9c49ad411fc	e3b0c44298fc1c149afbf4c8996fb92427ae41e4649b934ca495991b7852b855	bea46ab4cf4adbeda551b0c6acc48c6474aa0a07a2c563bba580618b66d2c36b	false	false	true	true	true	-0x1.f2d7d949116b3p-36	-0x1.f27ac7ffdf4f7p-36	-0x1.f2d7d949116b3p-36	-0x1.f27ac7ffdf4f7p-36	true	true
180	90	D4	U07-0000000101_S08-0000000172	93	5	12	NA	NA	7	101	8	172	C0Rect2Set	DESCENDANT_PROBE_PASS	0	3108	14af756874c18562f7c8b01af7443bce3f2a9a15c8ae2fcc1c933630dee3fdd6	0653959d8051e7bda6af9df151be008387fa1e2a0291d411aa52dda81e364a7c	4d2b1044e35c206e3e31e2cef0ef063548ebb5ca0393e101d74e268405e86987	7b3b041aa4d54e7614a5787c3b3c29a85c5624a6e505682a7e0f493ba75aa8e9	e3b0c44298fc1c149afbf4c8996fb92427ae41e4649b934ca495991b7852b855	bea46ab4cf4adbeda551b0c6acc48c6474aa0a07a2c563bba580618b66d2c36b	false	false	true	true	true	-0x1.f2d7ed0e4eb2p-36	-0x1.f27ab43debffcp-36	-0x1.f2d7ed0e4eb2p-36	-0x1.f27ab43debffcp-36	true	true
181	91	D4	U07-0000000101_S08-0000000173	94	5	13	NA	NA	7	101	8	173	C0HORect2Set	DESCENDANT_PROBE_PASS	0	3166	8f7fb55a7146bf17359487cb73fac738be6caf1bcdd7572d8de7f0dc1d3e3aec	02b4860e94833e89cbf753417e4af22df2a29d6c516de027fa4e388c1f0155c0	98bdac8f7f945c18d6f67ff5e1f76741bb37af5576816cc7ecb1faf0e1aae0db	8835301945a76a0c8c1f2cd9c2860a67a0330b7663b253569595024d9a544c67	e3b0c44298fc1c149afbf4c8996fb92427ae41e4649b934ca495991b7852b855	bea46ab4cf4adbeda551b0c6acc48c6474aa0a07a2c563bba580618b66d2c36b	false	false	true	true	true	-0x1.f2bb9c157306ep-36	-0x1.f25e8eabf2f2cp-36	-0x1.f2bb9c157306ep-36	-0x1.f25e8eabf2f2cp-36	true	true
182	91	D4	U07-0000000101_S08-0000000173	94	5	13	NA	NA	7	101	8	173	C0Rect2Set	DESCENDANT_PROBE_PASS	0	3065	8f7fb55a7146bf17359487cb73fac738be6caf1bcdd7572d8de7f0dc1d3e3aec	02b4860e94833e89cbf753417e4af22df2a29d6c516de027fa4e388c1f0155c0	7b1103fe09719b0c101e765f9615a0c8f727d5f481662cef4170c363a243543c	e7bf0a355c588944b2cb3ca78cdc56b073f5bd08219c7e76dc12218aad6b670b	e3b0c44298fc1c149afbf4c8996fb92427ae41e4649b934ca495991b7852b855	bea46ab4cf4adbeda551b0c6acc48c6474aa0a07a2c563bba580618b66d2c36b	false	false	true	true	true	-0x1.f2bbafda8a80ep-36	-0x1.f25e7aea2473ap-36	-0x1.f2bbafda8a80ep-36	-0x1.f25e7aea2473ap-36	true	true
183	92	D4	U07-0000000101_S08-0000000174	95	5	14	NA	NA	7	101	8	174	C0HORect2Set	DESCENDANT_PROBE_PASS	0	3178	81b9e94cffa94aa28b5b1b20f0083d9314b6118a3eb18192ad9cb7c366ceb3c7	5698d42a076d8934f37e388902e227f91ff95f07a3953a6268c2dd7bb5db8f0d	11d59f91e4f59a3459c362fb12140b80a0d8e0e444e6f0469c6dbdd2190ba897	b58ea177df0a7d2d91b93a619a9d9764f8e02a5701fa0d5ef01ea59a00d49ff9	e3b0c44298fc1c149afbf4c8996fb92427ae41e4649b934ca495991b7852b855	bea46ab4cf4adbeda551b0c6acc48c6474aa0a07a2c563bba580618b66d2c36b	false	false	true	true	true	-0x1.f29f5fae1ba6ep-36	-0x1.f2425623f437bp-36	-0x1.f29f5fae1ba6ep-36	-0x1.f2425623f437bp-36	true	true
184	92	D4	U07-0000000101_S08-0000000174	95	5	14	NA	NA	7	101	8	174	C0Rect2Set	DESCENDANT_PROBE_PASS	0	3086	81b9e94cffa94aa28b5b1b20f0083d9314b6118a3eb18192ad9cb7c366ceb3c7	5698d42a076d8934f37e388902e227f91ff95f07a3953a6268c2dd7bb5db8f0d	a57d3887738df3ce0ab2d09e7b69a5d80eb3c7a399bb2d88e3063117a862098c	af6fece6867c1f65c9a802921e00ab3dfeb222a4a0d16036232232da57b8fdcc	e3b0c44298fc1c149afbf4c8996fb92427ae41e4649b934ca495991b7852b855	bea46ab4cf4adbeda551b0c6acc48c6474aa0a07a2c563bba580618b66d2c36b	false	false	true	true	true	-0x1.f29f7372f0e79p-36	-0x1.f242426269b57p-36	-0x1.f29f7372f0e79p-36	-0x1.f242426269b57p-36	true	true
185	93	D4	U07-0000000101_S08-0000000175	96	5	15	NA	NA	7	101	8	175	C0HORect2Set	DESCENDANT_PROBE_PASS	0	3163	8fe2dbd1038901ce8d335620591d733ce73639e8fb5d03a81f6298ca28430e5c	c9b46cdd1d2c3060bbe2570a316847a3a9a8e347e80acbba75fe4448aba0dbfd	1d87d1b0cc65f1ba99feb28a0ace047ae2b6531b73f169bab9265122586a0da2	be4aae9fa0760d2e6b1eb1b441122b99dd93102e83acefc69cb4d368aeb7c88c	e3b0c44298fc1c149afbf4c8996fb92427ae41e4649b934ca495991b7852b855	bea46ab4cf4adbeda551b0c6acc48c6474aa0a07a2c563bba580618b66d2c36b	false	false	true	true	true	-0x1.f28324133a05dp-36	-0x1.f2261e67aff16p-36	-0x1.f28324133a05dp-36	-0x1.f2261e67aff16p-36	true	true
186	93	D4	U07-0000000101_S08-0000000175	96	5	15	NA	NA	7	101	8	175	C0Rect2Set	DESCENDANT_PROBE_PASS	0	3071	8fe2dbd1038901ce8d335620591d733ce73639e8fb5d03a81f6298ca28430e5c	c9b46cdd1d2c3060bbe2570a316847a3a9a8e347e80acbba75fe4448aba0dbfd	70bc076f8c9ce413cbdf4ce6dfc454f3e8d442ebab2000bc173dff6009a0e51c	48662f35d5802bdd07a1b1a4a021f96d6acd9fb64580abcd6315e8ace87a48f5	e3b0c44298fc1c149afbf4c8996fb92427ae41e4649b934ca495991b7852b855	bea46ab4cf4adbeda551b0c6acc48c6474aa0a07a2c563bba580618b66d2c36b	false	false	true	true	true	-0x1.f28337d77eb1cp-36	-0x1.f2260aa6b4696p-36	-0x1.f28337d77eb1cp-36	-0x1.f2260aa6b4696p-36	true	true
187	94	D4	U07-0000000102_S08-0000000161	98	6	1	NA	NA	7	102	8	161	C0HORect2Set	DESCENDANT_PROBE_PASS	0	3172	daabf92099f3a3897d34fe9596b8e90c4be2dbd5cf0619902ac0de5bb8553f80	591c9b01676af8a45c0539a24fbf559db8ee6e574db0d9b3bc277516d7589398	90426307f29b9153cda2b99832516d123ab2e172d0d887bc0a668c9cf57de06c	d0104b2caf9677f3662866e294706c79b20edd28c1a04bbbac29f01fda3cc59f	e3b0c44298fc1c149afbf4c8996fb92427ae41e4649b934ca495991b7852b855	bea46ab4cf4adbeda551b0c6acc48c6474aa0a07a2c563bba580618b66d2c36b	false	false	true	true	true	-0x1.f40b1bb243e13p-36	-0x1.f3ade01b136aap-36	-0x1.f40b1bb243e13p-36	-0x1.f3ade01b136aap-36	true	true
188	94	D4	U07-0000000102_S08-0000000161	98	6	1	NA	NA	7	102	8	161	C0Rect2Set	DESCENDANT_PROBE_PASS	0	3063	daabf92099f3a3897d34fe9596b8e90c4be2dbd5cf0619902ac0de5bb8553f80	591c9b01676af8a45c0539a24fbf559db8ee6e574db0d9b3bc277516d7589398	05094ea36c9cdcf3ee89ee53cb71b3ed53773115ff828fafab05b52bf8a94ca2	196b135130c3072946a8440657063b6b89cf3b43de8f921953ccb6cb863167a4	e3b0c44298fc1c149afbf4c8996fb92427ae41e4649b934ca495991b7852b855	bea46ab4cf4adbeda551b0c6acc48c6474aa0a07a2c563bba580618b66d2c36b	false	false	true	true	true	-0x1.f40b2f7c5e665p-36	-0x1.f3adcc5441cbfp-36	-0x1.f40b2f7c5e665p-36	-0x1.f3adcc5441cbfp-36	true	true
189	95	D4	U07-0000000102_S08-0000000162	99	6	2	NA	NA	7	102	8	162	C0HORect2Set	DESCENDANT_PROBE_PASS	0	3158	f3aab5a558a84789b586a78b8dfff1f3af461190236cbc97ffb2d12fcbddc774	578869afe1fece4d3916e1e4e9ee690cb9a75e0faf24944513fa6860918d2cd6	0d1e2c53d4fc282552fd4cb8244cf070c983e4bf1e4ce36d716c34de00f5fbb5	c31a54aa71318a3e804813d7484c8fcfa8260b1dc3388b2e84a4d8f0e3882ce6	e3b0c44298fc1c149afbf4c8996fb92427ae41e4649b934ca495991b7852b855	bea46ab4cf4adbeda551b0c6acc48c6474aa0a07a2c563bba580618b66d2c36b	false	false	true	true	true	-0x1.f3eed5e1a1cep-36	-0x1.f3919e229cea4p-36	-0x1.f3eed5e1a1cep-36	-0x1.f3919e229cea4p-36	true	true
190	95	D4	U07-0000000102_S08-0000000162	99	6	2	NA	NA	7	102	8	162	C0Rect2Set	DESCENDANT_PROBE_PASS	0	3075	f3aab5a558a84789b586a78b8dfff1f3af461190236cbc97ffb2d12fcbddc774	578869afe1fece4d3916e1e4e9ee690cb9a75e0faf24944513fa6860918d2cd6	e1ef3f131bccd586805a2af6ed8014ae186d81ffd9b6f506871f9adf7bb2b19c	fc6225e9555170ac09a4edc713c9abead0ec97dd44f10a85d5ee04fa0f5fbba7	e3b0c44298fc1c149afbf4c8996fb92427ae41e4649b934ca495991b7852b855	bea46ab4cf4adbeda551b0c6acc48c6474aa0a07a2c563bba580618b66d2c36b	false	false	true	true	true	-0x1.f3eee9ab27bdcp-36	-0x1.f3918a5c6115cp-36	-0x1.f3eee9ab27bdcp-36	-0x1.f3918a5c6115cp-36	true	true
191	96	D4	U07-0000000102_S08-0000000163	100	6	3	NA	NA	7	102	8	163	C0HORect2Set	DESCENDANT_PROBE_PASS	0	3158	6eeb7c1fa0b93992f1667eed0c49d0bca79c37abcf279293a3a84c016c6d96c4	84bc14265281e851d3bfb59f1c0aa17489851989128944109adc2e530184a34a	f48d69d0f106e01fa8a1cf8a6ad9a739f79265898af0a54d1b443188e03282d5	bdd92d04ff2eb1466fb99f6cb4f3b1821a0722468d1cfa29465058104f0c4f65	e3b0c44298fc1c149afbf4c8996fb92427ae41e4649b934ca495991b7852b855	bea46ab4cf4adbeda551b0c6acc48c6474aa0a07a2c563bba580618b66d2c36b	false	false	true	true	true	-0x1.f3d290d8f80e8p-36	-0x1.f3755cfaf8472p-36	-0x1.f3d290d8f80e8p-36	-0x1.f3755cfaf8472p-36	true	true
192	96	D4	U07-0000000102_S08-0000000163	100	6	3	NA	NA	7	102	8	163	C0Rect2Set	DESCENDANT_PROBE_PASS	0	3067	6eeb7c1fa0b93992f1667eed0c49d0bca79c37abcf279293a3a84c016c6d96c4	84bc14265281e851d3bfb59f1c0aa17489851989128944109adc2e530184a34a	e100550e6f0e74084224440ccff4d7a8fa53ac4553d8b6b2c1fd10e5d593c0d4	ce7f790576609e5eeb469861a0ccea72002bb3d5af81fdad176105a8175e452b	e3b0c44298fc1c149afbf4c8996fb92427ae41e4649b934ca495991b7852b855	bea46ab4cf4adbeda551b0c6acc48c6474aa0a07a2c563bba580618b66d2c36b	false	false	true	true	true	-0x1.f3d2a4a20b523p-36	-0x1.f37549352d9edp-36	-0x1.f3d2a4a20b523p-36	-0x1.f37549352d9edp-36	true	true
193	97	D4	U07-0000000102_S08-0000000164	101	6	4	NA	NA	7	102	8	164	C0HORect2Set	DESCENDANT_PROBE_PASS	0	3183	5b9f65328e4473f87716c121ff977dd61ef3a1b14b7eb4a679a8f0e1d8c540c0	2599341ac5f81e800f2d72eb7b5fa3c216a8a0f58ac2f558f840b08a9f6968a8	930eaf94603f7c67cb36f28350825856a4fd35b5edf144ded38a100f1d6ce77d	8432224b3d090a70789b3470ce779feba660034ad55c25849d5fcbca9b0929e7	e3b0c44298fc1c149afbf4c8996fb92427ae41e4649b934ca495991b7852b855	bea46ab4cf4adbeda551b0c6acc48c6474aa0a07a2c563bba580618b66d2c36b	false	false	true	true	true	-0x1.f3b64c9cca7c8p-36	-0x1.f3591c9f71107p-36	-0x1.f3b64c9cca7c8p-36	-0x1.f3591c9f71107p-36	true	true
194	97	D4	U07-0000000102_S08-0000000164	101	6	4	NA	NA	7	102	8	164	C0Rect2Set	DESCENDANT_PROBE_PASS	0	3077	5b9f65328e4473f87716c121ff977dd61ef3a1b14b7eb4a679a8f0e1d8c540c0	2599341ac5f81e800f2d72eb7b5fa3c216a8a0f58ac2f558f840b08a9f6968a8	b7a3bce24b632a5de97f5ed7577427cbaf5dd476f4a1bc85a14c010dc7ea4299	0397e4d93a64074d13a1986abeec973886af13798b7bd045be2518010502e956	e3b0c44298fc1c149afbf4c8996fb92427ae41e4649b934ca495991b7852b855	bea46ab4cf4adbeda551b0c6acc48c6474aa0a07a2c563bba580618b66d2c36b	false	false	true	true	true	-0x1.f3b66065594e7p-36	-0x1.f35908da2bd04p-36	-0x1.f3b66065594e7p-36	-0x1.f35908da2bd04p-36	true	true
195	98	D4	U07-0000000102_S08-0000000165	102	6	5	NA	NA	7	102	8	165	C0HORect2Set	DESCENDANT_PROBE_PASS	0	3168	173f2049fbd0663e667f2a3339a069f1b978db03df75dcca136bdcdea4741042	6f639efdda86649ea7ebf2f22dd824fbce4923d5d9ca392896edbe30c4758353	8455fc507ed4b88c83c8a8cd20822eb5f8dd1c1488dd2fed6eea86deed792498	8965820b7f3e1f61ccf3811a6be29dca75c36d931822b09fddaa10f25b61b079	e3b0c44298fc1c149afbf4c8996fb92427ae41e4649b934ca495991b7852b855	bea46ab4cf4adbeda551b0c6acc48c6474aa0a07a2c563bba580618b66d2c36b	false	false	true	true	true	-0x1.f39a092cac295p-36	-0x1.f33cdd106e303p-36	-0x1.f39a092cac295p-36	-0x1.f33cdd106e303p-36	true	true
196	98	D4	U07-0000000102_S08-0000000165	102	6	5	NA	NA	7	102	8	165	C0Rect2Set	DESCENDANT_PROBE_PASS	0	3084	173f2049fbd0663e667f2a3339a069f1b978db03df75dcca136bdcdea4741042	6f639efdda86649ea7ebf2f22dd824fbce4923d5d9ca392896edbe30c4758353	37ff5febd7fa632c731074944e8aa47531b41049015e58221201062619295771	816220b6fcdc02c3c5e76fb7c3d880acdf6f8ed9b7e8430bd0f3685617d0a4bb	e3b0c44298fc1c149afbf4c8996fb92427ae41e4649b934ca495991b7852b855	bea46ab4cf4adbeda551b0c6acc48c6474aa0a07a2c563bba580618b66d2c36b	false	false	true	true	true	-0x1.f39a1cf4fb42ep-36	-0x1.f33cc94b6805bp-36	-0x1.f39a1cf4fb42ep-36	-0x1.f33cc94b6805bp-36	true	true
197	99	D4	U07-0000000102_S08-0000000166	103	6	6	NA	NA	7	102	8	166	C0HORect2Set	DESCENDANT_PROBE_PASS	0	3170	0943ead0951be1cae739f2fa5b6dffa3a0fd15d50c55dac3d83c52d2caf3daf1	1689ed2e84cd49098e5a278f1a77e392b8839943a35283e954ddab29c4fd2a25	be3e7808a69f18380a1506c69139494b10532ad6187568539dc3d49e2deab4a1	431a6ca29045bf7aa78a11ba07cbad6c869e911e4f9fe9476f73e38991bb18d3	e3b0c44298fc1c149afbf4c8996fb92427ae41e4649b934ca495991b7852b855	bea46ab4cf4adbeda551b0c6acc48c6474aa0a07a2c563bba580618b66d2c36b	false	false	true	true	true	-0x1.f37dc688d78dbp-36	-0x1.f3209e4da71fcp-36	-0x1.f37dc688d78dbp-36	-0x1.f3209e4da71fcp-36	true	true
198	99	D4	U07-0000000102_S08-0000000166	103	6	6	NA	NA	7	102	8	166	C0Rect2Set	DESCENDANT_PROBE_PASS	0	3080	0943ead0951be1cae739f2fa5b6dffa3a0fd15d50c55dac3d83c52d2caf3daf1	1689ed2e84cd49098e5a278f1a77e392b8839943a35283e954ddab29c4fd2a25	3f7906897f667efcccb3a65de612c2a893c4df8040c2d929376e7e24a3253e90	fd868c73103cf5abbdff57ac74d8831473e73d9ebd1316eee3ce758448e7ccf2	e3b0c44298fc1c149afbf4c8996fb92427ae41e4649b934ca495991b7852b855	bea46ab4cf4adbeda551b0c6acc48c6474aa0a07a2c563bba580618b66d2c36b	false	false	true	true	true	-0x1.f37dda503b17p-36	-0x1.f3208a898dca2p-36	-0x1.f37dda503b17p-36	-0x1.f3208a898dca2p-36	true	true
199	100	D4	U07-0000000102_S08-0000000167	104	6	7	NA	NA	7	102	8	167	C0HORect2Set	DESCENDANT_PROBE_PASS	0	3159	4aca458f6e375bb68b01a0f147e35f3b22d8cc28f10f176a8c7f96779d7c7815	181530e06f3b65dfd3b341504d77a66f56108e8f9f90271db05f7a5a5a86cec7	5737325ddfb19a7b7fb7bdb1bbfc4691cbc63adbdccfd44ac409b1582448bb5e	2f309f090eadbe9a8780239f989096bddb303375da9a96c3629cf3e2bdb8dcaf	e3b0c44298fc1c149afbf4c8996fb92427ae41e4649b934ca495991b7852b855	bea46ab4cf4adbeda551b0c6acc48c6474aa0a07a2c563bba580618b66d2c36b	false	false	true	true	true	-0x1.f36184b172936p-36	-0x1.f3046056f04fap-36	-0x1.f36184b172936p-36	-0x1.f3046056f04fap-36	true	true
200	100	D4	U07-0000000102_S08-0000000167	104	6	7	NA	NA	7	102	8	167	C0Rect2Set	DESCENDANT_PROBE_PASS	0	3086	4aca458f6e375bb68b01a0f147e35f3b22d8cc28f10f176a8c7f96779d7c7815	181530e06f3b65dfd3b341504d77a66f56108e8f9f90271db05f7a5a5a86cec7	456256f02e0bcae0ef17c194b16630d53d5fdb7fc8e788707b7686327882f618	468268eeb92378307680bfa288700d837d9d0e231478602cf873cb9d7a1f1827	e3b0c44298fc1c149afbf4c8996fb92427ae41e4649b934ca495991b7852b855	bea46ab4cf4adbeda551b0c6acc48c6474aa0a07a2c563bba580618b66d2c36b	false	false	true	true	true	-0x1.f36198787a755p-36	-0x1.f3044c9331e73p-36	-0x1.f36198787a755p-36	-0x1.f3044c9331e73p-36	true	true
201	101	D4	U07-0000000102_S08-0000000168	105	6	8	NA	NA	7	102	8	168	C0HORect2Set	DESCENDANT_PROBE_PASS	0	3210	690a8a6d9c77ec37a75ff4f6072f4fb65a2ce096e704fd90bbc731c247a4abc2	a17c65b640cdfaaef99bce0b811527796c2a825d13721852b6bb004808932382	536f19e8348b415e83972d3be9a649dd650bafcc56a3b17946f87fb679773f12	7e75f8380e3e9dca8a44588c686461b8b4d5038677599446d78a39697847c913	e3b0c44298fc1c149afbf4c8996fb92427ae41e4649b934ca495991b7852b855	bea46ab4cf4adbeda551b0c6acc48c6474aa0a07a2c563bba580618b66d2c36b	false	false	true	true	true	-0x1.f34543a63352dp-36	-0x1.f2e8232c873a3p-36	-0x1.f34543a63352dp-36	-0x1.f2e8232c873a3p-36	true	true
202	101	D4	U07-0000000102_S08-0000000168	105	6	8	NA	NA	7	102	8	168	C0Rect2Set	DESCENDANT_PROBE_PASS	0	3119	690a8a6d9c77ec37a75ff4f6072f4fb65a2ce096e704fd90bbc731c247a4abc2	a17c65b640cdfaaef99bce0b811527796c2a825d13721852b6bb004808932382	0d828b65dcfcee255b1c78c0efd33a197d02c2d68d48a1b43d5261a305f0a25f	cad681cc2483cd108b96118be6005844527b134fac93fc8a6dc2a26456751499	e3b0c44298fc1c149afbf4c8996fb92427ae41e4649b934ca495991b7852b855	bea46ab4cf4adbeda551b0c6acc48c6474aa0a07a2c563bba580618b66d2c36b	false	false	true	true	true	-0x1.f345576d09e8dp-36	-0x1.f2e80f68f9c36p-36	-0x1.f345576d09e8dp-36	-0x1.f2e80f68f9c36p-36	true	true
203	102	D4	U07-0000000102_S08-0000000169	106	6	9	NA	NA	7	102	8	169	C0HORect2Set	DESCENDANT_PROBE_PASS	0	3207	c631ae8ac57a54b71c5359edbae344e0865bf0655c938fa4740933fac6013396	f06281cf0dfe6f15a44624ea4b7d81eded6d12ed485f47bbb4cb601d886f4cc3	2e8aa4b5913c9fe78045e0a72707dee2f38ad019e94d0ff1f27b21dba6fd202c	acb3c918e9ad47d13259624252df4cb6ae3f8d037a4e96fdf09f9fe80ecca9fe	e3b0c44298fc1c149afbf4c8996fb92427ae41e4649b934ca495991b7852b855	bea46ab4cf4adbeda551b0c6acc48c6474aa0a07a2c563bba580618b66d2c36b	false	false	true	true	true	-0x1.f329036ea365dp-36	-0x1.f2cbe6c69d189p-36	-0x1.f329036ea365dp-36	-0x1.f2cbe6c69d189p-36	true	true
204	102	D4	U07-0000000102_S08-0000000169	106	6	9	NA	NA	7	102	8	169	C0Rect2Set	DESCENDANT_PROBE_PASS	0	3097	c631ae8ac57a54b71c5359edbae344e0865bf0655c938fa4740933fac6013396	f06281cf0dfe6f15a44624ea4b7d81eded6d12ed485f47bbb4cb601d886f4cc3	2f9c4cd7f470e756de638fee315b53bed434d0b41d545f7dccf2111c0438942a	e8abcca9660984ce2647b3bd3ea7ddcb81f841d48797c4b861e40babbc13b7fb	e3b0c44298fc1c149afbf4c8996fb92427ae41e4649b934ca495991b7852b855	bea46ab4cf4adbeda551b0c6acc48c6474aa0a07a2c563bba580618b66d2c36b	false	false	true	true	true	-0x1.f329173543f76p-36	-0x1.f2cbd303459c7p-36	-0x1.f329173543f76p-36	-0x1.f2cbd303459c7p-36	true	true
205	103	D4	U07-0000000102_S08-0000000170	107	6	10	NA	NA	7	102	8	170	C0HORect2Set	DESCENDANT_PROBE_PASS	0	3180	d4ff2945598f52ba5e868f6d3377a9c7de1d85aa31f0a410ea70a48e049629f9	db4920132887014a385b8d8855d9ccbaf623bd7d1ea09166ac3aa95673ffb681	a4d104490cccebe6c98f514d34a883e7542c0c0c88dc2b018904656414beaba8	80ea5e1513ee4e9c9df36740cce0e705fb52718f77f865e9f5f646a7b4dbbc77	e3b0c44298fc1c149afbf4c8996fb92427ae41e4649b934ca495991b7852b855	bea46ab4cf4adbeda551b0c6acc48c6474aa0a07a2c563bba580618b66d2c36b	false	false	true	true	true	-0x1.f30cc3fc6e495p-36	-0x1.f2afab33f26dep-36	-0x1.f30cc3fc6e495p-36	-0x1.f2afab33f26dep-36	true	true
206	103	D4	U07-0000000102_S08-0000000170	107	6	10	NA	NA	7	102	8	170	C0Rect2Set	DESCENDANT_PROBE_PASS	0	3091	d4ff2945598f52ba5e868f6d3377a9c7de1d85aa31f0a410ea70a48e049629f9	db4920132887014a385b8d8855d9ccbaf623bd7d1ea09166ac3aa95673ffb681	3ec786538ded274697210f2ceab7407ace92e8485cfb8073ef6109dde96b2213	2c1991dee5309ee2d1baf9c3b5702a862fce58a369820df6af77736894bdd170	e3b0c44298fc1c149afbf4c8996fb92427ae41e4649b934ca495991b7852b855	bea46ab4cf4adbeda551b0c6acc48c6474aa0a07a2c563bba580618b66d2c36b	false	false	true	true	true	-0x1.f30cd7c28f7p-36	-0x1.f2af977119b4fp-36	-0x1.f30cd7c28f7p-36	-0x1.f2af977119b4fp-36	true	true
207	104	D4	U07-0000000102_S08-0000000171	108	6	11	NA	NA	7	102	8	171	C0HORect2Set	DESCENDANT_PROBE_PASS	0	3181	77b2c1fc91e51f2ac083362c1b90751df6d878092b68f0d3bb6c5ddc0636a9ac	fc257b000cdf182c6f7b78972793bea18e5cf829f73dba67d1c12a085b36d29d	a3771f205004d567a3b3d27541350a2b6d588fc6598c5e7fcaad818148a9ccfc	ab113bd1eb232b9a86aa6c624a2f8fd03297751dad722de19a0e67553307e099	e3b0c44298fc1c149afbf4c8996fb92427ae41e4649b934ca495991b7852b855	bea46ab4cf4adbeda551b0c6acc48c6474aa0a07a2c563bba580618b66d2c36b	false	false	true	true	true	-0x1.f2f085567afaap-36	-0x1.f293706d5aa65p-36	-0x1.f2f085567afaap-36	-0x1.f293706d5aa65p-36	true	true
208	104	D4	U07-0000000102_S08-0000000171	108	6	11	NA	NA	7	102	8	171	C0Rect2Set	DESCENDANT_PROBE_PASS	0	3081	77b2c1fc91e51f2ac083362c1b90751df6d878092b68f0d3bb6c5ddc0636a9ac	fc257b000cdf182c6f7b78972793bea18e5cf829f73dba67d1c12a085b36d29d	3df28e538032f057e5012d129fc7213d63ec81f897a6a5e2c1f07f6712c6053b	ba16b0080c1c13382e0a8bae12e7315124ab9bec4f8313917ea5589b04dfcf0f	e3b0c44298fc1c149afbf4c8996fb92427ae41e4649b934ca495991b7852b855	bea46ab4cf4adbeda551b0c6acc48c6474aa0a07a2c563bba580618b66d2c36b	false	false	true	true	true	-0x1.f2f0991c246d1p-36	-0x1.f2935caaf9d2ep-36	-0x1.f2f0991c246d1p-36	-0x1.f2935caaf9d2ep-36	true	true
209	105	D4	U07-0000000102_S08-0000000172	109	6	12	NA	NA	7	102	8	172	C0HORect2Set	DESCENDANT_PROBE_PASS	0	3195	be141e7dcad177c5005afcf4b54be4f49408165c095f8b29fee2f7eb3b6af727	d65b649d53904079b27a63741404ead9cd98b5dec74615a69ff082179a7f3dd1	67d1c1fa9e0bcdcc8efaea1aedd6c0303ab737984aa94232cfbd41688736a338	c8618ed14e3a12d3e30e998eba59f2e62eab01d5c38f24ec88fef72961aff6a7	e3b0c44298fc1c149afbf4c8996fb92427ae41e4649b934ca495991b7852b855	bea46ab4cf4adbeda551b0c6acc48c6474aa0a07a2c563bba580618b66d2c36b	false	false	true	true	true	-0x1.f2d4477c9cd91p-36	-0x1.f2773672f8143p-36	-0x1.f2d4477c9cd91p-36	-0x1.f2773672f8143p-36	true	true
210	105	D4	U07-0000000102_S08-0000000172	109	6	12	NA	NA	7	102	8	172	C0Rect2Set	DESCENDANT_PROBE_PASS	0	3098	be141e7dcad177c5005afcf4b54be4f49408165c095f8b29fee2f7eb3b6af727	d65b649d53904079b27a63741404ead9cd98b5dec74615a69ff082179a7f3dd1	d4ff5acf77f55f0aa6838ffdc0f2c8e23a5fc2a5965f802139af4bb5b3e146f5	adc77efe9371d6df3ad0fffdb9b5e84e77d194b541325bae102914765b1ec79b	e3b0c44298fc1c149afbf4c8996fb92427ae41e4649b934ca495991b7852b855	bea46ab4cf4adbeda551b0c6acc48c6474aa0a07a2c563bba580618b66d2c36b	false	false	true	true	true	-0x1.f2d45b41f1c15p-36	-0x1.f27722b0ed09bp-36	-0x1.f2d45b41f1c15p-36	-0x1.f27722b0ed09bp-36	true	true
211	106	D4	U07-0000000102_S08-0000000173	110	6	13	NA	NA	7	102	8	173	C0HORect2Set	DESCENDANT_PROBE_PASS	0	3179	a8d5e04d1bb80134b8fc825bdb519d9889814a901d3325a3835ed3b2bfdf28c7	57e322e140cfee07578d8701b2745aaa57d0d54cae4f1764214700c6a52edac8	60fef8681dff5cb28944d62fb13db6398895dc7eff0ee82741f1a14531615d8a	37cb0f813d4733b7dd8588a88600cdb037e6eafb19bafa41f0367f2e75255816	e3b0c44298fc1c149afbf4c8996fb92427ae41e4649b934ca495991b7852b855	bea46ab4cf4adbeda551b0c6acc48c6474aa0a07a2c563bba580618b66d2c36b	false	false	true	true	true	-0x1.f2b80a6f2a1c4p-36	-0x1.f25afd446dc19p-36	-0x1.f2b80a6f2a1c4p-36	-0x1.f25afd446dc19p-36	true	true
212	106	D4	U07-0000000102_S08-0000000173	110	6	13	NA	NA	7	102	8	173	C0Rect2Set	DESCENDANT_PROBE_PASS	0	3083	a8d5e04d1bb80134b8fc825bdb519d9889814a901d3325a3835ed3b2bfdf28c7	57e322e140cfee07578d8701b2745aaa57d0d54cae4f1764214700c6a52edac8	7baf55b71b75b2887545bcf9f65f5be404264b81ad3144549b0f06d4d086a7fe	42b4185e9e7578133a455287b0b184f971a9be5da1b023d54acd94a79b49951d	e3b0c44298fc1c149afbf4c8996fb92427ae41e4649b934ca495991b7852b855	bea46ab4cf4adbeda551b0c6acc48c6474aa0a07a2c563bba580618b66d2c36b	false	false	true	true	true	-0x1.f2b81e33ee807p-36	-0x1.f25ae982f2285p-36	-0x1.f2b81e33ee807p-36	-0x1.f25ae982f2285p-36	true	true
213	107	D4	U07-0000000102_S08-0000000174	111	6	14	NA	NA	7	102	8	174	C0HORect2Set	DESCENDANT_PROBE_PASS	0	3222	78006deda6dd4ba8c0e3569267474d34a58b16632053fe30341d5890e717f13b	20ec5c2dc6a70f235b55fef6bd0490c85dba95b357ab78bc35e8cbe91166266b	ff9e1f2ce1ea2c6826d81fdd9811c447d22ed6a90fb74b1ae10f8a5d80a951c7	608860ba838112d670d42087d14bbdc4ea393d8105b72b1912fcad7b88229415	e3b0c44298fc1c149afbf4c8996fb92427ae41e4649b934ca495991b7852b855	bea46ab4cf4adbeda551b0c6acc48c6474aa0a07a2c563bba580618b66d2c36b	false	false	true	true	true	-0x1.f29bce2d9b578p-36	-0x1.f23ec4e23517cp-36	-0x1.f29bce2d9b578p-36	-0x1.f23ec4e23517cp-36	true	true
214	107	D4	U07-0000000102_S08-0000000174	111	6	14	NA	NA	7	102	8	174	C0Rect2Set	DESCENDANT_PROBE_PASS	0	3103	78006deda6dd4ba8c0e3569267474d34a58b16632053fe30341d5890e717f13b	20ec5c2dc6a70f235b55fef6bd0490c85dba95b357ab78bc35e8cbe91166266b	2498090b560b65f6f4502786312b7bc223755e846174b00353ab6d402aa50fed	c958fa0326e8c8f22748bd308dd94da8faabf884d335f577528bc8eb53d9f6d3	e3b0c44298fc1c149afbf4c8996fb92427ae41e4649b934ca495991b7852b855	bea46ab4cf4adbeda551b0c6acc48c6474aa0a07a2c563bba580618b66d2c36b	false	false	true	true	true	-0x1.f29be1f212d24p-36	-0x1.f23eb12106e77p-36	-0x1.f29be1f212d24p-36	-0x1.f23eb12106e77p-36	true	true
215	108	D4	U07-0000000102_S08-0000000175	112	6	15	NA	NA	7	102	8	175	C0HORect2Set	DESCENDANT_PROBE_PASS	0	3180	50bb3e252fae2a65db4d03830329b511662d31c51063d5b9ad50c4732cbcfd70	6966790193cbca666425be5ab4a59f72365ac5bbfb5e994f60939c444613c242	9b076b14ef526a80046586bac660c6b106e0d75e1f15da636c8a937dc2dbf333	4e1aac360c2ce81cbcaef39151041b4bb51dc3ad187da8853bf4eccc212584a7	e3b0c44298fc1c149afbf4c8996fb92427ae41e4649b934ca495991b7852b855	bea46ab4cf4adbeda551b0c6acc48c6474aa0a07a2c563bba580618b66d2c36b	false	false	true	true	true	-0x1.f27f92b852c0bp-36	-0x1.f2228d4be3375p-36	-0x1.f27f92b852c0bp-36	-0x1.f2228d4be3375p-36	true	true
216	108	D4	U07-0000000102_S08-0000000175	112	6	15	NA	NA	7	102	8	175	C0Rect2Set	DESCENDANT_PROBE_PASS	0	3092	50bb3e252fae2a65db4d03830329b511662d31c51063d5b9ad50c4732cbcfd70	6966790193cbca666425be5ab4a59f72365ac5bbfb5e994f60939c444613c242	c738c180c8d79b2308906333e90272e71fa3d95dfdba8cedebaeb0cd9f283a96	d4692762a606a3335b3a4f280aa2371af208309ddc87ad2809abbd9168b9ac0b	e3b0c44298fc1c149afbf4c8996fb92427ae41e4649b934ca495991b7852b855	bea46ab4cf4adbeda551b0c6acc48c6474aa0a07a2c563bba580618b66d2c36b	false	false	true	true	true	-0x1.f27fa67c6292fp-36	-0x1.f222798b1d19ap-36	-0x1.f27fa67c6292fp-36	-0x1.f222798b1d19ap-36	true	true
217	109	D4	U07-0000000103_S08-0000000161	114	7	1	NA	NA	7	103	8	161	C0HORect2Set	DESCENDANT_PROBE_PASS	0	3178	15c7dc4853d75ab1ab4381a1afba1295623d7211d3e8e726ced872274cde6cfa	8e447c562cbfb422769c5b2e7890e07fbf85349e82b403a269d2c96546da40be	59bdaf0fdb155e0bb135275b15204ea5a2bafcf62c78f9594dcbc2f33e545f77	33f7598b3300aa80da218e00c063ed93bb6b52da3a0536c1acd0df28902bb349	e3b0c44298fc1c149afbf4c8996fb92427ae41e4649b934ca495991b7852b855	bea46ab4cf4adbeda551b0c6acc48c6474aa0a07a2c563bba580618b66d2c36b	false	false	true	true	true	-0x1.f407884a594c3p-36	-0x1.f3aa4ce3300dbp-36	-0x1.f407884a594c3p-36	-0x1.f3aa4ce3300dbp-36	true	true
218	109	D4	U07-0000000103_S08-0000000161	114	7	1	NA	NA	7	103	8	161	C0Rect2Set	DESCENDANT_PROBE_PASS	0	3092	15c7dc4853d75ab1ab4381a1afba1295623d7211d3e8e726ced872274cde6cfa	8e447c562cbfb422769c5b2e7890e07fbf85349e82b403a269d2c96546da40be	cf346da8e16693110e361dd7f20279bb6df41514c37eb504facfc2668b3aa506	a8c86f2568cec73f568b56eeb09709c9be0a41f0bc8707357c5323f2961b2f80	e3b0c44298fc1c149afbf4c8996fb92427ae41e4649b934ca495991b7852b855	bea46ab4cf4adbeda551b0c6acc48c6474aa0a07a2c563bba580618b66d2c36b	false	false	true	true	true	-0x1.f4079c148fc1p-36	-0x1.f3aa391c42055p-36	-0x1.f4079c148fc1p-36	-0x1.f3aa391c42055p-36	true	true
219	110	D4	U07-0000000103_S08-0000000162	115	7	2	NA	NA	7	103	8	162	C0HORect2Set	DESCENDANT_PROBE_PASS	0	3166	161c9d1cab7243a11bbc4d6b86b40715c8ffc830469071ef315c54294c2ac96d	b00c7027c73122c8333b7d4e99d0d3153dd9e46dd438dfd15749712b4a99772f	7711b9721f088bf61482763419f0ada76c10dd5fb71cbe878abd868ea2134275	f6356e7cbbfab41c710ecd2858416308bca51f5ebc62e60135633cf8907e314c	e3b0c44298fc1c149afbf4c8996fb92427ae41e4649b934ca495991b7852b855	bea46ab4cf4adbeda551b0c6acc48c6474aa0a07a2c563bba580618b66d2c36b	false	false	true	true	true	-0x1.f3eb429878206p-36	-0x1.f38e0b17c5213p-36	-0x1.f3eb429878206p-36	-0x1.f38e0b17c5213p-36	true	true
220	110	D4	U07-0000000103_S08-0000000162	115	7	2	NA	NA	7	103	8	162	C0Rect2Set	DESCENDANT_PROBE_PASS	0	3091	161c9d1cab7243a11bbc4d6b86b40715c8ffc830469071ef315c54294c2ac96d	b00c7027c73122c8333b7d4e99d0d3153dd9e46dd438dfd15749712b4a99772f	c1ef27a1921f7cb29270bb93047ccb893db0ac2dd60a7586b4e03825fbdc850f	aef54af8fc7ce1ee5d579530c2c25e62a12bbbb34a59397f13e576fc5f966bba	e3b0c44298fc1c149afbf4c8996fb92427ae41e4649b934ca495991b7852b855	bea46ab4cf4adbeda551b0c6acc48c6474aa0a07a2c563bba580618b66d2c36b	false	false	true	true	true	-0x1.f3eb5661d8c9cp-36	-0x1.f38df751aeaa9p-36	-0x1.f3eb5661d8c9cp-36	-0x1.f38df751aeaa9p-36	true	true
221	111	D4	U07-0000000103_S08-0000000163	116	7	3	NA	NA	7	103	8	163	C0HORect2Set	DESCENDANT_PROBE_PASS	0	3180	c052c7cd7672dcfdc9063268ca1dc04d578084a9a9de4ce98c18aa847462c9e2	735c0670b8c37fbc674ae5af4885703602cfd30026a4e97a25584472c6febaa0	1deafaa7a9c377a915643aae68e9fe11b89a5f5f81dd10184a804e18c4ead209	c27c3ddb246836739007bf75d91922fdf1bbb7c306bd29d2a0dc7a7953b987c1	e3b0c44298fc1c149afbf4c8996fb92427ae41e4649b934ca495991b7852b855	bea46ab4cf4adbeda551b0c6acc48c6474aa0a07a2c563bba580618b66d2c36b	false	false	true	true	true	-0x1.f3cefdb563a0ep-36	-0x1.f371ca1618da3p-36	-0x1.f3cefdb563a0ep-36	-0x1.f371ca1618da3p-36	true	true
222	111	D4	U07-0000000103_S08-0000000163	116	7	3	NA	NA	7	103	8	163	C0Rect2Set	DESCENDANT_PROBE_PASS	0	3071	c052c7cd7672dcfdc9063268ca1dc04d578084a9a9de4ce98c18aa847462c9e2	735c0670b8c37fbc674ae5af4885703602cfd30026a4e97a25584472c6febaa0	5e3d1e524df947d285f4e6fa84d62c1d3530204832f1867286c11dc39a1aa6ad	c65cf2b2f776dc4dc77cfd3d6f643b45b3083bf223dc1914950f4e550c076d5b	e3b0c44298fc1c149afbf4c8996fb92427ae41e4649b934ca495991b7852b855	bea46ab4cf4adbeda551b0c6acc48c6474aa0a07a2c563bba580618b66d2c36b	false	false	true	true	true	-0x1.f3cf117e7c815p-36	-0x1.f371b65048a31p-36	-0x1.f3cf117e7c815p-36	-0x1.f371b65048a31p-36	true	true
223	112	D4	U07-0000000103_S08-0000000164	117	7	4	NA	NA	7	103	8	164	C0HORect2Set	DESCENDANT_PROBE_PASS	0	3179	c1604d3a74e8e2870c0ecf808a6275004b8eb1db7cbe54d38686ec7cb0c96ec9	0e7da3ff62f394f4ace91b1fe26f1504814ea273adb4523cb59684b18ab379d0	f62e4350528470641a8fccbde2d39762cd5947479811155c1e7ea44877e68df4	7b08bd203f44cfc9826bdf0f877eb235fb9cb43419bbb297660b3b44d42df74e	e3b0c44298fc1c149afbf4c8996fb92427ae41e4649b934ca495991b7852b855	bea46ab4cf4adbeda551b0c6acc48c6474aa0a07a2c563bba580618b66d2c36b	false	false	true	true	true	-0x1.f3b2b99ef725cp-36	-0x1.f35589e05e28ap-36	-0x1.f3b2b99ef725cp-36	-0x1.f35589e05e28ap-36	true	true
224	112	D4	U07-0000000103_S08-0000000164	117	7	4	NA	NA	7	103	8	164	C0Rect2Set	DESCENDANT_PROBE_PASS	0	3075	c1604d3a74e8e2870c0ecf808a6275004b8eb1db7cbe54d38686ec7cb0c96ec9	0e7da3ff62f394f4ace91b1fe26f1504814ea273adb4523cb59684b18ab379d0	b4b24c8455c4098db0a5b59281dc4f22d8156f1100f376b15d73c51a187ad60e	84f808cb2ea78767c11a154dcc3f5d665f32324709a47904eca2be5241e07c11	e3b0c44298fc1c149afbf4c8996fb92427ae41e4649b934ca495991b7852b855	bea46ab4cf4adbeda551b0c6acc48c6474aa0a07a2c563bba580618b66d2c36b	false	false	true	true	true	-0x1.f3b2cd6788a77p-36	-0x1.f355761b16115p-36	-0x1.f3b2cd6788a77p-36	-0x1.f355761b16115p-36	true	true
225	113	D4	U07-0000000103_S08-0000000165	118	7	5	NA	NA	7	103	8	165	C0HORect2Set	DESCENDANT_PROBE_PASS	0	3215	848c37d8802fd14cb8e601c3852a1fa31dba5765d3ca091045582903fa7aa76b	c54f7432ccd80f02f4ba24cde28c2e7578d0e974c055606aa1996f22728cb046	633fe6eaa7250b006da0072742ac019c5bac23b3baf7de1577cf2fae756f72ba	a17733bbfc03e42b852cf23d109fc5c5882a2d1c79298cadb3e6f53d59afca61	e3b0c44298fc1c149afbf4c8996fb92427ae41e4649b934ca495991b7852b855	bea46ab4cf4adbeda551b0c6acc48c6474aa0a07a2c563bba580618b66d2c36b	false	false	true	true	true	-0x1.f3967654d6574p-36	-0x1.f3394a76e9ae9p-36	-0x1.f3967654d6574p-36	-0x1.f3394a76e9ae9p-36	true	true
226	113	D4	U07-0000000103_S08-0000000165	118	7	5	NA	NA	7	103	8	165	C0Rect2Set	DESCENDANT_PROBE_PASS	0	3070	848c37d8802fd14cb8e601c3852a1fa31dba5765d3ca091045582903fa7aa76b	c54f7432ccd80f02f4ba24cde28c2e7578d0e974c055606aa1996f22728cb046	ecba320748319779d2862e11bff6474cf9b9666cc21736da93070b74aa074fc4	d4e39a351999f2b6f7f3b1bf57ffda161d0d5c3ace258987a8cffe1a72f5da2c	e3b0c44298fc1c149afbf4c8996fb92427ae41e4649b934ca495991b7852b855	bea46ab4cf4adbeda551b0c6acc48c6474aa0a07a2c563bba580618b66d2c36b	false	false	true	true	true	-0x1.f3968a1cea3b6p-36	-0x1.f33936b21fd29p-36	-0x1.f3968a1cea3b6p-36	-0x1.f33936b21fd29p-36	true	true
227	114	D4	U07-0000000103_S08-0000000166	119	7	6	NA	NA	7	103	8	166	C0HORect2Set	DESCENDANT_PROBE_PASS	0	3175	920e771c665ee76593cbb5e9fc48f2b27fa314a7e0b6891a842f081d46a1cd6b	8352a22e3c087804fec14d806315f94d46fba522faec73335df9ec22ea49e84a	8dc15420ff199203e0f72bbaad0b96a6f9f81c62825c6cb235a4b88015922b2a	13de30b615a3efc4c09a3f0da95e54b04efde4787158ea49fa8cc01ae3adc405	e3b0c44298fc1c149afbf4c8996fb92427ae41e4649b934ca495991b7852b855	bea46ab4cf4adbeda551b0c6acc48c6474aa0a07a2c563bba580618b66d2c36b	false	false	true	true	true	-0x1.f37a33dde0bb9p-36	-0x1.f31d0bd29826ep-36	-0x1.f37a33dde0bb9p-36	-0x1.f31d0bd29826ep-36	true	true
228	114	D4	U07-0000000103_S08-0000000166	119	7	6	NA	NA	7	103	8	166	C0Rect2Set	DESCENDANT_PROBE_PASS	0	3069	920e771c665ee76593cbb5e9fc48f2b27fa314a7e0b6891a842f081d46a1cd6b	8352a22e3c087804fec14d806315f94d46fba522faec73335df9ec22ea49e84a	30410e1b629e296f2ce5fbce4665a8b0fc35bbb8bf842746c96416691d5d5f7e	79d1af6494cd04d9ca43ae8bedce74084a0f6cd41f3bc371968b912ff1b11f6a	e3b0c44298fc1c149afbf4c8996fb92427ae41e4649b934ca495991b7852b855	bea46ab4cf4adbeda551b0c6acc48c6474aa0a07a2c563bba580618b66d2c36b	false	false	true	true	true	-0x1.f37a47a5565c8p-36	-0x1.f31cf80e6ab8ap-36	-0x1.f37a47a5565c8p-36	-0x1.f31cf80e6ab8ap-36	true	true
229	115	D4	U07-0000000103_S08-0000000167	120	7	7	NA	NA	7	103	8	167	C0HORect2Set	DESCENDANT_PROBE_PASS	0	3192	e0ab5b71ec5a146894cf9b94cc0b634ce7438c6c18532e6a6f26f288d28a5885	dd6feb1f68c9c27b1573b0b213a48546cb11a29949ee8884a9382c61415794d9	a6c394d298c120247225d113fa00da30b4032de5be467510d3a0a0ac043a2ab6	21004eb095127e12e54abf4752e82bfbb8b0e81ef5c3f0f8f9bfee8a3887b8a2	e3b0c44298fc1c149afbf4c8996fb92427ae41e4649b934ca495991b7852b855	bea46ab4cf4adbeda551b0c6acc48c6474aa0a07a2c563bba580618b66d2c36b	false	false	true	true	true	-0x1.f35df22c02558p-36	-0x1.f300ce01e66e4p-36	-0x1.f35df22c02558p-36	-0x1.f300ce01e66e4p-36	true	true
230	115	D4	U07-0000000103_S08-0000000167	120	7	7	NA	NA	7	103	8	167	C0Rect2Set	DESCENDANT_PROBE_PASS	0	3069	e0ab5b71ec5a146894cf9b94cc0b634ce7438c6c18532e6a6f26f288d28a5885	dd6feb1f68c9c27b1573b0b213a48546cb11a29949ee8884a9382c61415794d9	b38b422d78d17001b68354527bd3493195f014d319f4039ced9952d47ad5a72f	269ec986f1f84429a5edfb8f78e051007523f1a52b15ab3c58941e58ca743832	e3b0c44298fc1c149afbf4c8996fb92427ae41e4649b934ca495991b7852b855	bea46ab4cf4adbeda551b0c6acc48c6474aa0a07a2c563bba580618b66d2c36b	false	false	true	true	true	-0x1.f35e05f35ba9fp-36	-0x1.f300ba3dd5fcep-36	-0x1.f35e05f35ba9fp-36	-0x1.f300ba3dd5fcep-36	true	true
231	116	D4	U07-0000000103_S08-0000000168	121	7	8	NA	NA	7	103	8	168	C0HORect2Set	DESCENDANT_PROBE_PASS	0	3169	30579919cd6e04bb575557d2210957cfdc19f1aa565668f34339310c802c05a8	f2a71647ce4a42b2fe1910750027d12124bb17b92105c18431846b372524db25	0b3b85c2d7af21f185ceb8df4d59ac761d0c0f5a75d604ac80ba7164352e1ea4	fffefd99d7706db57f80ebd5788ba637fd99163c35e1714ab26657e9a5114a6f	e3b0c44298fc1c149afbf4c8996fb92427ae41e4649b934ca495991b7852b855	bea46ab4cf4adbeda551b0c6acc48c6474aa0a07a2c563bba580618b66d2c36b	false	false	true	true	true	-0x1.f341b146cd882p-36	-0x1.f2e490fcfea68p-36	-0x1.f341b146cd882p-36	-0x1.f2e490fcfea68p-36	true	true
232	116	D4	U07-0000000103_S08-0000000168	121	7	8	NA	NA	7	103	8	168	C0Rect2Set	DESCENDANT_PROBE_PASS	0	3057	30579919cd6e04bb575557d2210957cfdc19f1aa565668f34339310c802c05a8	f2a71647ce4a42b2fe1910750027d12124bb17b92105c18431846b372524db25	4f323599f050b0e094f0a5d86887099ccd0d2ab36ae15b714c69621c689b2be8	62ff1100596b5b119bbe5365c19301c9184385f5dadf580652cf59a7c2e50a1e	e3b0c44298fc1c149afbf4c8996fb92427ae41e4649b934ca495991b7852b855	bea46ab4cf4adbeda551b0c6acc48c6474aa0a07a2c563bba580618b66d2c36b	false	false	true	true	true	-0x1.f341c50d7f1d6p-36	-0x1.f2e47d3996b1fp-36	-0x1.f341c50d7f1d6p-36	-0x1.f2e47d3996b1fp-36	true	true
233	117	D4	U07-0000000103_S08-0000000169	122	7	9	NA	NA	7	103	8	169	C0HORect2Set	DESCENDANT_PROBE_PASS	0	3175	dd5566329b7436b4c50ddb965c9f065a55d794d41a49a9743524e65509832891	fe51636898a9987a5a45e2240baea318a0e82a325310fdfe1002df882714e454	332e398c814d7a6e07012ff00e910e849826243803a43ef28a54f7e3bab144df	145f3de3e2d16f8cd4799c3666510212085e9b6d41a58c196677f39207aa4b00	e3b0c44298fc1c149afbf4c8996fb92427ae41e4649b934ca495991b7852b855	bea46ab4cf4adbeda551b0c6acc48c6474aa0a07a2c563bba580618b66d2c36b	false	false	true	true	true	-0x1.f325712dccaf3p-36	-0x1.f2c854c44d8e9p-36	-0x1.f325712dccaf3p-36	-0x1.f2c854c44d8e9p-36	true	true
234	117	D4	U07-0000000103_S08-0000000169	122	7	9	NA	NA	7	103	8	169	C0Rect2Set	DESCENDANT_PROBE_PASS	0	3220	dd5566329b7436b4c50ddb965c9f065a55d794d41a49a9743524e65509832891	fe51636898a9987a5a45e2240baea318a0e82a325310fdfe1002df882714e454	e1f43bc24b3330841084233cbdacf5c9878aedfdca42b06a9f90665cb0096dae	48975799976142358f1353600cfcf64db51fad12ad3f13184f498a3e7c5dd831	e3b0c44298fc1c149afbf4c8996fb92427ae41e4649b934ca495991b7852b855	bea46ab4cf4adbeda551b0c6acc48c6474aa0a07a2c563bba580618b66d2c36b	false	false	true	true	true	-0x1.f32584f409d65p-36	-0x1.f2c84101599c8p-36	-0x1.f32584f409d65p-36	-0x1.f2c84101599c8p-36	true	true
235	118	D4	U07-0000000103_S08-0000000170	123	7	10	NA	NA	7	103	8	170	C0HORect2Set	DESCENDANT_PROBE_PASS	0	3198	9e2477b8db5bbcb85f576b0bbb9f9b9e21fe96747e1f0f586f9f91bb57eeedee	0973c3ced9bac569b1641c38a1c38d4ecc45c5471bdae401899ebb93274ac30b	06d0dfb7d375206f2477311c561696edbe7f068caae4f51eab547caba0b4e1ea	6b3fc39b4f289e81f7781a887c4f9fd80affca49ac899ce70bd3d68e6097131c	e3b0c44298fc1c149afbf4c8996fb92427ae41e4649b934ca495991b7852b855	bea46ab4cf4adbeda551b0c6acc48c6474aa0a07a2c563bba580618b66d2c36b	false	false	true	true	true	-0x1.f30931e14260ap-36	-0x1.f2ac1957860f1p-36	-0x1.f30931e14260ap-36	-0x1.f2ac1957860f1p-36	true	true
236	118	D4	U07-0000000103_S08-0000000170	123	7	10	NA	NA	7	103	8	170	C0Rect2Set	DESCENDANT_PROBE_PASS	0	3073	9e2477b8db5bbcb85f576b0bbb9f9b9e21fe96747e1f0f586f9f91bb57eeedee	0973c3ced9bac569b1641c38a1c38d4ecc45c5471bdae401899ebb93274ac30b	3205137afbc9d5f9f84df42a3214c766ef77f61576e52cce9ee3329c632b9458	60523387d3b6248c71f56db3ebb2a03ab38f5979e9ab71c7adb6e967b865d06c	e3b0c44298fc1c149afbf4c8996fb92427ae41e4649b934ca495991b7852b855	bea46ab4cf4adbeda551b0c6acc48c6474aa0a07a2c563bba580618b66d2c36b	false	false	true	true	true	-0x1.f30945a72091ep-36	-0x1.f2ac0594f07e8p-36	-0x1.f30945a72091ep-36	-0x1.f2ac0594f07e8p-36	true	true
237	119	D4	U07-0000000103_S08-0000000171	124	7	11	NA	NA	7	103	8	171	C0HORect2Set	DESCENDANT_PROBE_PASS	0	3165	6e9c4a1a296be7a48564de35fdacaa5014d93e9b2cd8f559834c98a2dad99ac6	a91447cdd4339c2c5cbd296fb118ec22c58bcc12076c9f448d1fffa85cc13eb2	267ab9a6462a6f9fb590398479618d016e5dc3fdaee1c026bb57de79e210744d	903b08f717421d0860965d67d40977b6116c7ae8c7225f1a9f4ef1d57152fe2e	e3b0c44298fc1c149afbf4c8996fb92427ae41e4649b934ca495991b7852b855	bea46ab4cf4adbeda551b0c6acc48c6474aa0a07a2c563bba580618b66d2c36b	false	false	true	true	true	-0x1.f2ecf360deb95p-36	-0x1.f28fdeb6ebf48p-36	-0x1.f2ecf360deb95p-36	-0x1.f28fdeb6ebf48p-36	true	true
238	119	D4	U07-0000000103_S08-0000000171	124	7	11	NA	NA	7	103	8	171	C0Rect2Set	DESCENDANT_PROBE_PASS	0	3079	6e9c4a1a296be7a48564de35fdacaa5014d93e9b2cd8f559834c98a2dad99ac6	a91447cdd4339c2c5cbd296fb118ec22c58bcc12076c9f448d1fffa85cc13eb2	e556f68e3bb6c708cc807df959b60ce950f8970cdafab53eb429d40c2ae71c5a	9550d32d6e94ef824760aeb593de1cc4a72e291f2937ee4ce93266dee1f4cbdc	e3b0c44298fc1c149afbf4c8996fb92427ae41e4649b934ca495991b7852b855	bea46ab4cf4adbeda551b0c6acc48c6474aa0a07a2c563bba580618b66d2c36b	false	false	true	true	true	-0x1.f2ed072676c83p-36	-0x1.f28fcaf49d064p-36	-0x1.f2ed072676c83p-36	-0x1.f28fcaf49d064p-36	true	true
239	120	D4	U07-0000000103_S08-0000000172	125	7	12	NA	NA	7	103	8	172	C0HORect2Set	DESCENDANT_PROBE_PASS	0	3165	72ecd8cff0f78b7dc8f068ed2f2e5c5303903f321eb216264c17bebc03643dfd	31d2bd80156a71751f119dd53a294ffd50db930b79caaacc04a5618e009d85a9	a9ecda6069ae265ef45c821f82a0d57a97d2b0d3431c4c21213a2885255dd5dd	4f9faeb016481d8f9259fefc360a59920810fea7304d84a87b20bcf3b47fa38a	e3b0c44298fc1c149afbf4c8996fb92427ae41e4649b934ca495991b7852b855	bea46ab4cf4adbeda551b0c6acc48c6474aa0a07a2c563bba580618b66d2c36b	false	false	true	true	true	-0x1.f2d0b5acde08bp-36	-0x1.f273a4e23b63ap-36	-0x1.f2d0b5acde08bp-36	-0x1.f273a4e23b63ap-36	true	true
240	120	D4	U07-0000000103_S08-0000000172	125	7	12	NA	NA	7	103	8	172	C0Rect2Set	DESCENDANT_PROBE_PASS	0	3090	72ecd8cff0f78b7dc8f068ed2f2e5c5303903f321eb216264c17bebc03643dfd	31d2bd80156a71751f119dd53a294ffd50db930b79caaacc04a5618e009d85a9	b285ace0267f27f7cb56d2e7f5ca2327486fcf4b768bf5719cf5ced415d122f8	6ea22b31d863acbdbb98883749331f300e0202d3f275197b3cf143de63aa81a2	e3b0c44298fc1c149afbf4c8996fb92427ae41e4649b934ca495991b7852b855	bea46ab4cf4adbeda551b0c6acc48c6474aa0a07a2c563bba580618b66d2c36b	false	false	true	true	true	-0x1.f2d0c972056cap-36	-0x1.f27391205cb9ap-36	-0x1.f2d0c972056cap-36	-0x1.f27391205cb9ap-36	true	true
241	121	D4	U07-0000000103_S08-0000000173	126	7	13	NA	NA	7	103	8	173	C0HORect2Set	DESCENDANT_PROBE_PASS	0	3166	6e6f79f0842d241433867d66ee18aae46d32b3ead5ba323969e158ff89fefdd8	ae61d2befc0b0f4031541863272e22ccbcde1872e6e82f87269e6c81691ebbb2	ea9df7e4e1fe7c69e170fa6abc03aed0c2e6c0198aa992f93e08ba85ef0ac537	1a8610ba56d5c25dbf72aa7801697ae614e79264abd3ce8d77edcd0d2788305b	e3b0c44298fc1c149afbf4c8996fb92427ae41e4649b934ca495991b7852b855	bea46ab4cf4adbeda551b0c6acc48c6474aa0a07a2c563bba580618b66d2c36b	false	false	true	true	true	-0x1.f2b478c549091p-36	-0x1.f2576bd95f356p-36	-0x1.f2b478c549091p-36	-0x1.f2576bd95f356p-36	true	true
242	121	D4	U07-0000000103_S08-0000000173	126	7	13	NA	NA	7	103	8	173	C0Rect2Set	DESCENDANT_PROBE_PASS	0	3068	6e6f79f0842d241433867d66ee18aae46d32b3ead5ba323969e158ff89fefdd8	ae61d2befc0b0f4031541863272e22ccbcde1872e6e82f87269e6c81691ebbb2	eef26ecf603efaeaf611bba77b0573dd573c3cd60cea95a183c343ab42f4c401	64f95398f068376f03d4cbff2e67f324508fd70aabe8e20388d394de1dd83d42	e3b0c44298fc1c149afbf4c8996fb92427ae41e4649b934ca495991b7852b855	bea46ab4cf4adbeda551b0c6acc48c6474aa0a07a2c563bba580618b66d2c36b	false	false	true	true	true	-0x1.f2b48c89be803p-36	-0x1.f257581832f5ep-36	-0x1.f2b48c89be803p-36	-0x1.f257581832f5ep-36	true	true
243	122	D4	U07-0000000103_S08-0000000174	127	7	14	NA	NA	7	103	8	174	C0HORect2Set	DESCENDANT_PROBE_PASS	0	3176	474ea17274d8790f7a87180bc6f15287a850135c60fd7829aac234c065a060b7	ee41ec006faffc59130f29839cffcb82ffa0c390f044c3936eb69c2d696a7056	bbe93952108118118489f44bd2e6d9c477e92f63bcc6e20b73c224996a62745a	8aa3ab5844f9d4ba1f18a887f05fd577fb03f732029f9f8f80b464b791dbb373	e3b0c44298fc1c149afbf4c8996fb92427ae41e4649b934ca495991b7852b855	bea46ab4cf4adbeda551b0c6acc48c6474aa0a07a2c563bba580618b66d2c36b	false	false	true	true	true	-0x1.f2983ca9593cfp-36	-0x1.f23b339d16778p-36	-0x1.f2983ca9593cfp-36	-0x1.f23b339d16778p-36	true	true
244	122	D4	U07-0000000103_S08-0000000174	127	7	14	NA	NA	7	103	8	174	C0Rect2Set	DESCENDANT_PROBE_PASS	0	3081	474ea17274d8790f7a87180bc6f15287a850135c60fd7829aac234c065a060b7	ee41ec006faffc59130f29839cffcb82ffa0c390f044c3936eb69c2d696a7056	9023781174f98c8ca840f695d83de81d94ab00b46f2c67fdaac81b7ab42bc742	b42c88c350eeb10cf826ed0bc4db3640b05027dd2d44a6de1d35d9579e62f516	e3b0c44298fc1c149afbf4c8996fb92427ae41e4649b934ca495991b7852b855	bea46ab4cf4adbeda551b0c6acc48c6474aa0a07a2c563bba580618b66d2c36b	false	false	true	true	true	-0x1.f298506da7561p-36	-0x1.f23b1fdc10f79p-36	-0x1.f298506da7561p-36	-0x1.f23b1fdc10f79p-36	true	true
245	123	D4	U07-0000000103_S08-0000000175	128	7	15	NA	NA	7	103	8	175	C0HORect2Set	DESCENDANT_PROBE_PASS	0	3171	143cbf8d26145ca58207c72ccc31ff845d19d0f812be5938b69e4d3d1ca49002	d9eb08b21d99db394a659ff4b5ce45954a5970ba7d8607441f19c95866f6d66f	18a6d9f8d284f0c0306b73b511504ac0cd2ce0bdd9b2e990d0ae064b2583eaed	db2a41beee502c65e070fd3423aefd528b4f975c89743e4518d5c667bced8301	e3b0c44298fc1c149afbf4c8996fb92427ae41e4649b934ca495991b7852b855	bea46ab4cf4adbeda551b0c6acc48c6474aa0a07a2c563bba580618b66d2c36b	false	false	true	true	true	-0x1.f27c0159eb44ap-36	-0x1.f21efc2c77ffp-36	-0x1.f27c0159eb44ap-36	-0x1.f21efc2c77ffp-36	true	true
246	123	D4	U07-0000000103_S08-0000000175	128	7	15	NA	NA	7	103	8	175	C0Rect2Set	DESCENDANT_PROBE_PASS	0	3076	143cbf8d26145ca58207c72ccc31ff845d19d0f812be5938b69e4d3d1ca49002	d9eb08b21d99db394a659ff4b5ce45954a5970ba7d8607441f19c95866f6d66f	0a7d2e0c081f361dd8d02edb2c47ddb223b95bb98ae0fd91c04ce6ffc1bd6aaa	9e21ef61b9ae495545d09d90e40d7888c60fc9505d2c989fca0a73f6ed7e8e69	e3b0c44298fc1c149afbf4c8996fb92427ae41e4649b934ca495991b7852b855	bea46ab4cf4adbeda551b0c6acc48c6474aa0a07a2c563bba580618b66d2c36b	false	false	true	true	true	-0x1.f27c151db7bp-36	-0x1.f21ee86bf43fcp-36	-0x1.f27c151db7bp-36	-0x1.f21ee86bf43fcp-36	true	true
247	124	D4	U07-0000000104_S08-0000000162	131	8	2	NA	NA	7	104	8	162	C0HORect2Set	DESCENDANT_PROBE_PASS	0	3179	b12981ea7ab0b14fc38f1e88131a6dd4546d873e56f0a865596b32a58d2d4f98	0b81bd4a533bbd0e178d794a6cdfdd5a55511d10b19827efb3c40ec38521356b	f1ff12cceee21194af76c685b3d3cd45a870690cba5a1e8eaf553058316a266c	9a0e25ee1fa293c98d90a62951d41c74baf999046445ccded69e4a000df1d8ad	e3b0c44298fc1c149afbf4c8996fb92427ae41e4649b934ca495991b7852b855	bea46ab4cf4adbeda551b0c6acc48c6474aa0a07a2c563bba580618b66d2c36b	false	false	true	true	true	-0x1.f3e7af4e6bcaep-36	-0x1.f38a78068b20ap-36	-0x1.f3e7af4e6bcaep-36	-0x1.f38a78068b20ap-36	true	true
248	124	D4	U07-0000000104_S08-0000000162	131	8	2	NA	NA	7	104	8	162	C0Rect2Set	DESCENDANT_PROBE_PASS	0	3086	b12981ea7ab0b14fc38f1e88131a6dd4546d873e56f0a865596b32a58d2d4f98	0b81bd4a533bbd0e178d794a6cdfdd5a55511d10b19827efb3c40ec38521356b	bc55dd1ea51a57ab39ca0f8c25e837e3c8f4bd03826ef92ed13c19e46da77061	70a2646f97459a74724f52cca4415390e56826fc4306bfcf1af8878295289167	e3b0c44298fc1c149afbf4c8996fb92427ae41e4649b934ca495991b7852b855	bea46ab4cf4adbeda551b0c6acc48c6474aa0a07a2c563bba580618b66d2c36b	false	false	true	true	true	-0x1.f3e7c317f773fp-36	-0x1.f38a644049a85p-36	-0x1.f3e7c317f773fp-36	-0x1.f38a644049a85p-36	true	true
249	125	D4	U07-0000000104_S08-0000000163	132	8	3	NA	NA	7	104	8	163	C0HORect2Set	DESCENDANT_PROBE_PASS	0	3175	7fa809fdee691a2c51a699454bb4a788b543688ad19cc51f233743ee0ef748d9	5277063e0ab0f17ba4cc9072fb0450fc149ddc616df71cff027fda8553e54770	afde3cd193b5b216342fdc998500351e5f456e8e4baf7a98bb5f4ed6eb407118	1e3ad655442e1615b02754b51c55a3240c37a27859003c7d1f56e04e4418d6e8	e3b0c44298fc1c149afbf4c8996fb92427ae41e4649b934ca495991b7852b855	bea46ab4cf4adbeda551b0c6acc48c6474aa0a07a2c563bba580618b66d2c36b	false	false	true	true	true	-0x1.f3cb6a9598497p-36	-0x1.f36e37260e8dbp-36	-0x1.f3cb6a9598497p-36	-0x1.f36e37260e8dbp-36	true	true
250	125	D4	U07-0000000104_S08-0000000163	132	8	3	NA	NA	7	104	8	163	C0Rect2Set	DESCENDANT_PROBE_PASS	0	3093	7fa809fdee691a2c51a699454bb4a788b543688ad19cc51f233743ee0ef748d9	5277063e0ab0f17ba4cc9072fb0450fc149ddc616df71cff027fda8553e54770	8e0f61df5bb370fb54a39e7e5eec2cce5d43233490c715af9d53f073b87e61f3	2d7c45606dc004aec181c746d555242bc4bbf2e107dc5344e6963d68f92c5ce4	e3b0c44298fc1c149afbf4c8996fb92427ae41e4649b934ca495991b7852b855	bea46ab4cf4adbeda551b0c6acc48c6474aa0a07a2c563bba580618b66d2c36b	false	false	true	true	true	-0x1.f3cb7e5ea04dcp-36	-0x1.f36e23604f929p-36	-0x1.f3cb7e5ea04dcp-36	-0x1.f36e23604f929p-36	true	true
251	126	D4	U07-0000000104_S08-0000000164	133	8	4	NA	NA	7	104	8	164	C0HORect2Set	DESCENDANT_PROBE_PASS	0	3183	a134b1e12fd572356c3b9ffd1d3156e108c02145da3d72e908050992edd92b10	e72797d8609dc55b50ff71cd469bb283875bbff5793ba6085febdac66f99fb6f	e6a919fd2c5e0918eb7223f6bda23aafd2aba56aec97b473e38c2ca903841ae1	b746eed8a2444e1730d2d6187a97761f26e9d2a2321d6364f6fed72a6406490f	e3b0c44298fc1c149afbf4c8996fb92427ae41e4649b934ca495991b7852b855	bea46ab4cf4adbeda551b0c6acc48c6474aa0a07a2c563bba580618b66d2c36b	false	false	true	true	true	-0x1.f3af26a480f3dp-36	-0x1.f351f7168c608p-36	-0x1.f3af26a480f3dp-36	-0x1.f351f7168c608p-36	true	true
252	126	D4	U07-0000000104_S08-0000000164	133	8	4	NA	NA	7	104	8	164	C0Rect2Set	DESCENDANT_PROBE_PASS	0	3089	a134b1e12fd572356c3b9ffd1d3156e108c02145da3d72e908050992edd92b10	e72797d8609dc55b50ff71cd469bb283875bbff5793ba6085febdac66f99fb6f	92e03ec36d58505a8c83375b2e35ce22bbdf7232d2662ba4460a38fd064adeaa	dd2285830d37799b6e8b1eb75b50513d1849467f3a8ef363cd3bb3afc5bb95fb	e3b0c44298fc1c149afbf4c8996fb92427ae41e4649b934ca495991b7852b855	bea46ab4cf4adbeda551b0c6acc48c6474aa0a07a2c563bba580618b66d2c36b	false	false	true	true	true	-0x1.f3af3a6d6c005p-36	-0x1.f351e350ea51cp-36	-0x1.f3af3a6d6c005p-36	-0x1.f351e350ea51cp-36	true	true
253	127	D4	U07-0000000104_S08-0000000165	134	8	5	NA	NA	7	104	8	165	C0HORect2Set	DESCENDANT_PROBE_PASS	0	3169	b1dc56a8c89bdcb6889752adccf8d187ddb5b2c7a1a1f336d073bb63246df9a4	036929b71699f6b8b1ce112409f5c950b802d0dab36d67c62102c29127ee8791	8f8ed4336c7c2e75d1857855e4c8e358b1b56f2f672af04221082d69fe2b0930	24cf7497db2618412913f4b631899001ed7e49b9a5cbc346c62bea56f5afc549	e3b0c44298fc1c149afbf4c8996fb92427ae41e4649b934ca495991b7852b855	bea46ab4cf4adbeda551b0c6acc48c6474aa0a07a2c563bba580618b66d2c36b	false	false	true	true	true	-0x1.f392e3804ef5ap-36	-0x1.f335b7d2b6345p-36	-0x1.f392e3804ef5ap-36	-0x1.f335b7d2b6345p-36	true	true
254	127	D4	U07-0000000104_S08-0000000165	134	8	5	NA	NA	7	104	8	165	C0Rect2Set	DESCENDANT_PROBE_PASS	0	3088	b1dc56a8c89bdcb6889752adccf8d187ddb5b2c7a1a1f336d073bb63246df9a4	036929b71699f6b8b1ce112409f5c950b802d0dab36d67c62102c29127ee8791	9da70d5ca54fd84e8828155122f124ef84f09488530dcace560d5f595698eb88	2f5d623d971f1dbf493bf3eff311ef95b2d68c240810d0f468890dc47a67ac3f	e3b0c44298fc1c149afbf4c8996fb92427ae41e4649b934ca495991b7852b855	bea46ab4cf4adbeda551b0c6acc48c6474aa0a07a2c563bba580618b66d2c36b	false	false	true	true	true	-0x1.f392f7488cdbcp-36	-0x1.f335a40dc237ap-36	-0x1.f392f7488cdbcp-36	-0x1.f335a40dc237ap-36	true	true
255	128	D4	U07-0000000104_S08-0000000166	135	8	6	NA	NA	7	104	8	166	C0HORect2Set	DESCENDANT_PROBE_PASS	0	3170	840a5af85448b361f0bdc407d5e6a7cabbb0b4b79df95fc17876a4f8ff792b19	3c9926928061613be8045bfd11e78b2c2e8f68b8fe02942237141347254bd524	ff86a8ad7e7af6e121586ce91f543158a36257cb4796ed6dbcc1e139f95c5e68	362f1a440d0f97a50d842647b47be1717173c9d5cc4cccfc317f69a6954e9c00	e3b0c44298fc1c149afbf4c8996fb92427ae41e4649b934ca495991b7852b855	bea46ab4cf4adbeda551b0c6acc48c6474aa0a07a2c563bba580618b66d2c36b	false	false	true	true	true	-0x1.f376a127f1ea5p-36	-0x1.f319795b947d6p-36	-0x1.f376a127f1ea5p-36	-0x1.f319795b947d6p-36	true	true
256	128	D4	U07-0000000104_S08-0000000166	135	8	6	NA	NA	7	104	8	166	C0Rect2Set	DESCENDANT_PROBE_PASS	0	3066	840a5af85448b361f0bdc407d5e6a7cabbb0b4b79df95fc17876a4f8ff792b19	3c9926928061613be8045bfd11e78b2c2e8f68b8fe02942237141347254bd524	9b42f60dc823ef56ef4485dda9a452cbd34ef6820d3bb8171482fc75622dbd90	7ff7c4e77779d2f760e8cc9686a1cbf993f81645aa44fc09d5cf6c9bbf907dbc	e3b0c44298fc1c149afbf4c8996fb92427ae41e4649b934ca495991b7852b855	bea46ab4cf4adbeda551b0c6acc48c6474aa0a07a2c563bba580618b66d2c36b	false	false	true	true	true	-0x1.f376b4ef5137cp-36	-0x1.f31965977e364p-36	-0x1.f376b4ef5137cp-36	-0x1.f31965977e364p-36	true	true
257	129	D4	U07-0000000104_S08-0000000167	136	8	7	NA	NA	7	104	8	167	C0HORect2Set	DESCENDANT_PROBE_PASS	0	3169	85b07072143c5de392f8ddebc9822f317cb014902141ed00e3e7abcae6507997	776ade3861f4195b09a576e1dad775969245264278ff74557480f5316dce5aa4	99891e9b4b151c00d515752dba1353755c7d79296d07813a2a2a238fea20f92d	700cac12e64c5ab590403eab2059eded401c62a6dfc9ae63dd9e2e8c7267780f	e3b0c44298fc1c149afbf4c8996fb92427ae41e4649b934ca495991b7852b855	bea46ab4cf4adbeda551b0c6acc48c6474aa0a07a2c563bba580618b66d2c36b	false	false	true	true	true	-0x1.f35a5f94abb9ep-36	-0x1.f2fd3bb818e55p-36	-0x1.f35a5f94abb9ep-36	-0x1.f2fd3bb818e55p-36	true	true
258	129	D4	U07-0000000104_S08-0000000167	136	8	7	NA	NA	7	104	8	167	C0Rect2Set	DESCENDANT_PROBE_PASS	0	3079	85b07072143c5de392f8ddebc9822f317cb014902141ed00e3e7abcae6507997	776ade3861f4195b09a576e1dad775969245264278ff74557480f5316dce5aa4	a50a516762478b0351c363f75670439c491f15586fddde474c75167f36504421	6409af798fdde19733816df8937c513baaf5d94ce10bda7fe8fdcefe13081fce	e3b0c44298fc1c149afbf4c8996fb92427ae41e4649b934ca495991b7852b855	bea46ab4cf4adbeda551b0c6acc48c6474aa0a07a2c563bba580618b66d2c36b	false	false	true	true	true	-0x1.f35a735bb846bp-36	-0x1.f2fd27f454f9ep-36	-0x1.f35a735bb846bp-36	-0x1.f2fd27f454f9ep-36	true	true
259	130	D4	U07-0000000104_S08-0000000168	137	8	8	NA	NA	7	104	8	168	C0HORect2Set	DESCENDANT_PROBE_PASS	0	3176	512865aeafd6f971d2ed8516f2ef36860f3e8e7e9ff31237c5e4b34494f1ee22	202caa47d8dba875aad85ff91ef06391dd0d5439ebb7c1eaf9c04d75897a7c82	0f9b4b13dd2cf5c11871427203886825e48db80340ffe8e7e2be208692a2c61b	2f74c90895d9eb42f6db01766393a388aca8fab6bae92aa500ac687b94285bca	e3b0c44298fc1c149afbf4c8996fb92427ae41e4649b934ca495991b7852b855	bea46ab4cf4adbeda551b0c6acc48c6474aa0a07a2c563bba580618b66d2c36b	false	false	true	true	true	-0x1.f33e1edc48ca9p-36	-0x1.f2e0fed1ad92cp-36	-0x1.f33e1edc48ca9p-36	-0x1.f2e0fed1ad92cp-36	true	true
260	130	D4	U07-0000000104_S08-0000000168	137	8	8	NA	NA	7	104	8	168	C0Rect2Set	DESCENDANT_PROBE_PASS	0	3095	512865aeafd6f971d2ed8516f2ef36860f3e8e7e9ff31237c5e4b34494f1ee22	202caa47d8dba875aad85ff91ef06391dd0d5439ebb7c1eaf9c04d75897a7c82	4f6618f6b8ea9b7d1a45d145178e19006a02dd67e0c7d1e221229397e5ad3fc1	a3e7daf689487779ae857a16a70c33b0ab4f96d0395685b7e14953c16ffa3853	e3b0c44298fc1c149afbf4c8996fb92427ae41e4649b934ca495991b7852b855	bea46ab4cf4adbeda551b0c6acc48c6474aa0a07a2c563bba580618b66d2c36b	false	false	true	true	true	-0x1.f33e32a31c7f3p-36	-0x1.f2e0eb0e2368ap-36	-0x1.f33e32a31c7f3p-36	-0x1.f2e0eb0e2368ap-36	true	true
261	131	D4	U07-0000000104_S08-0000000169	138	8	9	NA	NA	7	104	8	169	C0HORect2Set	DESCENDANT_PROBE_PASS	0	3170	509ef6c338a97664d697059b85f4e92d9df1dc2bf4ed3cfcb0311b13d8d677c7	4a318736baea604c010f12a50f9f2d5d7e86419370734293602c730f4220b1f6	62b5b9ebaca161c8d18a0eaaba8a26ebcef8d2efeb4f47197e85c71eb6ded950	e34289411e36f8f43666798346723475d6929822424d4af53182ddb51d997579	e3b0c44298fc1c149afbf4c8996fb92427ae41e4649b934ca495991b7852b855	bea46ab4cf4adbeda551b0c6acc48c6474aa0a07a2c563bba580618b66d2c36b	false	false	true	true	true	-0x1.f321dee90d0dep-36	-0x1.f2c4c2bec5015p-36	-0x1.f321dee90d0dep-36	-0x1.f2c4c2bec5015p-36	true	true
262	131	D4	U07-0000000104_S08-0000000169	138	8	9	NA	NA	7	104	8	169	C0Rect2Set	DESCENDANT_PROBE_PASS	0	3111	509ef6c338a97664d697059b85f4e92d9df1dc2bf4ed3cfcb0311b13d8d677c7	4a318736baea604c010f12a50f9f2d5d7e86419370734293602c730f4220b1f6	09c29731aca0a966e77673658b51546e5ca082d2a0edb795db97df8a9afeb4c7	7f9779db59d45c1a9cc3b360b80cc7d01ce4dcb37c399a9dbc86ee13a425ed00	e3b0c44298fc1c149afbf4c8996fb92427ae41e4649b934ca495991b7852b855	bea46ab4cf4adbeda551b0c6acc48c6474aa0a07a2c563bba580618b66d2c36b	false	false	true	true	true	-0x1.f321f2af6d0cap-36	-0x1.f2c4aefbae857p-36	-0x1.f321f2af6d0cap-36	-0x1.f2c4aefbae857p-36	true	true
263	132	D4	U07-0000000104_S08-0000000170	139	8	10	NA	NA	7	104	8	170	C0HORect2Set	DESCENDANT_PROBE_PASS	0	3215	3e21f407742ccdeacbd10fb73a9c74afdbb5dc1251c9072daec5554d891ba7fb	1bd6c5cf6d291cbcd6ca81b1cd05ee30c39bcc68ed68591f5b847e10963811d4	a48ab7d179873e699e475908cf4a4508f73e45ec893277f673186b1a85874bc2	d3ca806b8d909c50a7845db054b67dee89deaa9442a3cc1943eae75b8a4dd878	e3b0c44298fc1c149afbf4c8996fb92427ae41e4649b934ca495991b7852b855	bea46ab4cf4adbeda551b0c6acc48c6474aa0a07a2c563bba580618b66d2c36b	false	false	true	true	true	-0x1.f3059fc25b2c7p-36	-0x1.f2a88777b37dep-36	-0x1.f3059fc25b2c7p-36	-0x1.f2a88777b37dep-36	true	true
264	132	D4	U07-0000000104_S08-0000000170	139	8	10	NA	NA	7	104	8	170	C0Rect2Set	DESCENDANT_PROBE_PASS	0	3070	3e21f407742ccdeacbd10fb73a9c74afdbb5dc1251c9072daec5554d891ba7fb	1bd6c5cf6d291cbcd6ca81b1cd05ee30c39bcc68ed68591f5b847e10963811d4	069b03523008d4f9e5b408fc88b7230a27566052f7e156c3dce86085f40836a6	dd909b7ccd9a523b7baed9ac0fd6dad2bf336b21b0898accb82512bbe3ce730a	e3b0c44298fc1c149afbf4c8996fb92427ae41e4649b934ca495991b7852b855	bea46ab4cf4adbeda551b0c6acc48c6474aa0a07a2c563bba580618b66d2c36b	false	false	true	true	true	-0x1.f305b3884791p-36	-0x1.f2a873b50f4aap-36	-0x1.f305b3884791p-36	-0x1.f2a873b50f4aap-36	true	true
265	133	D4	U07-0000000104_S08-0000000171	140	8	11	NA	NA	7	104	8	171	C0HORect2Set	DESCENDANT_PROBE_PASS	0	3175	f5c6f117161561b762988eab59395855f4b0351a59199be22e6fb5938a7d3034	13109edf1a3d33d33f04fd6adfc6adffd3095b65e813a32cb82211fcbfd2f166	4d4c4e232eba99dbd55c6ee23ad6cb335a45334012d01372f694165a13c1ac92	98c1864a0196d0b0f4923e99629c3d5dc5d31b8564232c80d2141c6b3236c7c3	e3b0c44298fc1c149afbf4c8996fb92427ae41e4649b934ca495991b7852b855	bea46ab4cf4adbeda551b0c6acc48c6474aa0a07a2c563bba580618b66d2c36b	false	false	true	true	true	-0x1.f2e96167c5b65p-36	-0x1.f28c4cfcd8496p-36	-0x1.f2e96167c5b65p-36	-0x1.f28c4cfcd8496p-36	true	true
266	133	D4	U07-0000000104_S08-0000000171	140	8	11	NA	NA	7	104	8	171	C0Rect2Set	DESCENDANT_PROBE_PASS	0	3098	f5c6f117161561b762988eab59395855f4b0351a59199be22e6fb5938a7d3034	13109edf1a3d33d33f04fd6adfc6adffd3095b65e813a32cb82211fcbfd2f166	15fe67270a1491cde4d90391a77a3758ff39e33397a755efd462213d9a0c5848	55cf870cd4e1256480624a02e7b695700fb7664ee05ea280f7ca894adba1302d	e3b0c44298fc1c149afbf4c8996fb92427ae41e4649b934ca495991b7852b855	bea46ab4cf4adbeda551b0c6acc48c6474aa0a07a2c563bba580618b66d2c36b	false	false	true	true	true	-0x1.f2e9752d5f79ap-36	-0x1.f28c393a88381p-36	-0x1.f2e9752d5f79ap-36	-0x1.f28c393a88381p-36	true	true
267	134	D4	U07-0000000104_S08-0000000172	141	8	12	NA	NA	7	104	8	172	C0HORect2Set	DESCENDANT_PROBE_PASS	0	3178	2f289dddde6298bed56469d379c17205712fd94938174016054a3bd9cc2e69d8	31a173e71fd86098b5f009fabd745d4a92ff168b96be89c848508594bad086f5	bdde27c8bc456bd637369e2eb2ce434e83d0dffcc70a15256c7193cb2f0b9fe4	3fa0563c0107ec303ada32dab0bca9fec10f777d666c027fb0ec8b2a62f5e79c	e3b0c44298fc1c149afbf4c8996fb92427ae41e4649b934ca495991b7852b855	bea46ab4cf4adbeda551b0c6acc48c6474aa0a07a2c563bba580618b66d2c36b	false	false	true	true	true	-0x1.f2cd23d9994cp-36	-0x1.f270134ddfcc1p-36	-0x1.f2cd23d9994cp-36	-0x1.f270134ddfcc1p-36	true	true
268	134	D4	U07-0000000104_S08-0000000172	141	8	12	NA	NA	7	104	8	172	C0Rect2Set	DESCENDANT_PROBE_PASS	0	3082	2f289dddde6298bed56469d379c17205712fd94938174016054a3bd9cc2e69d8	31a173e71fd86098b5f009fabd745d4a92ff168b96be89c848508594bad086f5	b27cac4e961fd74b1fd1aeda5309cba07df597f0bf330b435245f1f2909fb239	017f674fed679d61c7de3ffc3653983816b2c742469f30627f5667bdb9f42086	e3b0c44298fc1c149afbf4c8996fb92427ae41e4649b934ca495991b7852b855	bea46ab4cf4adbeda551b0c6acc48c6474aa0a07a2c563bba580618b66d2c36b	false	false	true	true	true	-0x1.f2cd379eac1a9p-36	-0x1.f26fff8c17dbfp-36	-0x1.f2cd379eac1a9p-36	-0x1.f26fff8c17dbfp-36	true	true
269	135	D4	U07-0000000104_S08-0000000173	142	8	13	NA	NA	7	104	8	173	C0HORect2Set	DESCENDANT_PROBE_PASS	0	3210	11e42d45eb373cd39085baa7a8f4021e23672e57b29850eba67dbe792379f5fe	0518b426bf34cba7668a3ccf4f4354b4213e71f5f88e8b78aa263eeb1033e0f6	f379b62b44c70c22e2e7c5b57e454abae10714d5bb39301564d5ded75c8c34c5	5bd98ad98813a168c8657f3c3cb69805ec7ea28af7639240c2b9ee29d2c52223	e3b0c44298fc1c149afbf4c8996fb92427ae41e4649b934ca495991b7852b855	bea46ab4cf4adbeda551b0c6acc48c6474aa0a07a2c563bba580618b66d2c36b	false	false	true	true	true	-0x1.f2b0e7174209ep-36	-0x1.f253da6b56c0cp-36	-0x1.f2b0e7174209ep-36	-0x1.f253da6b56c0cp-36	true	true
270	135	D4	U07-0000000104_S08-0000000173	142	8	13	NA	NA	7	104	8	173	C0Rect2Set	DESCENDANT_PROBE_PASS	0	3079	11e42d45eb373cd39085baa7a8f4021e23672e57b29850eba67dbe792379f5fe	0518b426bf34cba7668a3ccf4f4354b4213e71f5f88e8b78aa263eeb1033e0f6	8364e09d5f64740c08d2e30f5ee68f2e703116a7247409a8b5c47b272e1ec7bb	2ca5698d485965fa9ae7552718cd99b696504eea497f0ec834728247826e7042	e3b0c44298fc1c149afbf4c8996fb92427ae41e4649b934ca495991b7852b855	bea46ab4cf4adbeda551b0c6acc48c6474aa0a07a2c563bba580618b66d2c36b	false	false	true	true	true	-0x1.f2b0fadc2aeb6p-36	-0x1.f253c6a9b67b2p-36	-0x1.f2b0fadc2aeb6p-36	-0x1.f253c6a9b67b2p-36	true	true
271	136	D4	U07-0000000104_S08-0000000174	143	8	14	NA	NA	7	104	8	174	C0HORect2Set	DESCENDANT_PROBE_PASS	0	3207	237e90a89647e0e1807766d88625060e2b92c51ddea5519063abedc86d89cef8	42d6f1709f820f877c4e9a94d3994871ab61f8201674c887a41400730f72aa0b	2bc23b3944f0f3f9ce509d25d5ce532521588b1782e7b0ce446faef6070d5a2f	c73c80fb581279445ab21a02e7e7e46c72da73d7a85ae89976a65c43afd3c339	e3b0c44298fc1c149afbf4c8996fb92427ae41e4649b934ca495991b7852b855	bea46ab4cf4adbeda551b0c6acc48c6474aa0a07a2c563bba580618b66d2c36b	false	false	true	true	true	-0x1.f294ab21b63aep-36	-0x1.f237a254374dp-36	-0x1.f294ab21b63aep-36	-0x1.f237a254374dp-36	true	true
272	136	D4	U07-0000000104_S08-0000000174	143	8	14	NA	NA	7	104	8	174	C0Rect2Set	DESCENDANT_PROBE_PASS	0	3089	237e90a89647e0e1807766d88625060e2b92c51ddea5519063abedc86d89cef8	42d6f1709f820f877c4e9a94d3994871ab61f8201674c887a41400730f72aa0b	eb6b9d209f8cc90e4d50f422d15fb06f76b27264a2cbf668d2fc839a01f2dade	622ca9768be7354ec1fccaa1c387037f8600de360f2513dd7d67c05e862e09de	e3b0c44298fc1c149afbf4c8996fb92427ae41e4649b934ca495991b7852b855	bea46ab4cf4adbeda551b0c6acc48c6474aa0a07a2c563bba580618b66d2c36b	false	false	true	true	true	-0x1.f294bee5d1da3p-36	-0x1.f2378e93640dp-36	-0x1.f294bee5d1da3p-36	-0x1.f2378e93640dp-36	true	true
273	137	D4	U07-0000000104_S08-0000000175	144	8	15	NA	NA	7	104	8	175	C0HORect2Set	DESCENDANT_PROBE_PASS	0	3189	2f2db2f0e16151843804401cf0ff4ce24d6346b1f4d9031aeb6e921f0f28c1d1	f2f8496927304658e127e1b44dcd18dad3722690309001a6669a5cb69f3a54a6	b46317c95df0329e96a854610202cd0666a3f6b9044de647b3dc87608ad661d5	b9fe3814f898f9b3075b72947ba695fd64a6d41906dcfab6499e2d364e3be2cc	e3b0c44298fc1c149afbf4c8996fb92427ae41e4649b934ca495991b7852b855	bea46ab4cf4adbeda551b0c6acc48c6474aa0a07a2c563bba580618b66d2c36b	false	false	true	true	true	-0x1.f2786ff7e05a2p-36	-0x1.f21b6b098e7a3p-36	-0x1.f2786ff7e05a2p-36	-0x1.f21b6b098e7a3p-36	true	true
274	137	D4	U07-0000000104_S08-0000000175	144	8	15	NA	NA	7	104	8	175	C0Rect2Set	DESCENDANT_PROBE_PASS	0	3080	2f2db2f0e16151843804401cf0ff4ce24d6346b1f4d9031aeb6e921f0f28c1d1	f2f8496927304658e127e1b44dcd18dad3722690309001a6669a5cb69f3a54a6	1731781488b342b9b3d438541f77cc9168a82406facb0da96603e95892753d01	152132b3758408d66b1374bdf100306e422c47518a80fb27705d8c3b6087c495	e3b0c44298fc1c149afbf4c8996fb92427ae41e4649b934ca495991b7852b855	bea46ab4cf4adbeda551b0c6acc48c6474aa0a07a2c563bba580618b66d2c36b	false	false	true	true	true	-0x1.f27883bba06e2p-36	-0x1.f21b57491782ap-36	-0x1.f27883bba06e2p-36	-0x1.f21b57491782ap-36	true	true
275	138	D4	U07-0000000105_S08-0000000162	147	9	2	NA	NA	7	105	8	162	C0HORect2Set	DESCENDANT_PROBE_PASS	0	3185	26eb8042cc623114c90650452d91e679ead196e138713b95d94eb155594c58de	7fd183fcce91d21c6ab402f52b63c191126f6466ee10451286d3a6aaf6544cd2	51a35268f2e220cb43ffeeb5f33f54bc4ed70b7dec4ef840d188d592aac6e12d	172910af11814b88d5ef71ea8e6fcf130f6054fde6f8886f8db71ad6dfdde9a5	e3b0c44298fc1c149afbf4c8996fb92427ae41e4649b934ca495991b7852b855	bea46ab4cf4adbeda551b0c6acc48c6474aa0a07a2c563bba580618b66d2c36b	false	false	true	true	true	-0x1.f3e41bfdda74fp-36	-0x1.f386e4f4d0f02p-36	-0x1.f3e41bfdda74fp-36	-0x1.f386e4f4d0f02p-36	true	true
276	138	D4	U07-0000000105_S08-0000000162	147	9	2	NA	NA	7	105	8	162	C0Rect2Set	DESCENDANT_PROBE_PASS	0	3120	26eb8042cc623114c90650452d91e679ead196e138713b95d94eb155594c58de	7fd183fcce91d21c6ab402f52b63c191126f6466ee10451286d3a6aaf6544cd2	c1533b4c48a9c00a1cf03ce3d3f17afe2d601f95300e72134cbfd4e94e802d48	6a816e6032d78bac0e9f3d41498f387629fc708698439f95ccd20353adbae263	e3b0c44298fc1c149afbf4c8996fb92427ae41e4649b934ca495991b7852b855	bea46ab4cf4adbeda551b0c6acc48c6474aa0a07a2c563bba580618b66d2c36b	false	false	true	true	true	-0x1.f3e42fc75b0e1p-36	-0x1.f386d12e99aa3p-36	-0x1.f3e42fc75b0e1p-36	-0x1.f386d12e99aa3p-36	true	true
277	139	D4	U07-0000000105_S08-0000000163	148	9	3	NA	NA	7	105	8	163	C0HORect2Set	DESCENDANT_PROBE_PASS	0	3176	feb3d7ca5e90a3167cfcbf6dcfb215ce228888507e5fded0a44e0c827cedeac8	24d288014d2a62d98316beaa12a12eca59c1ade376dc9f5ee49d3e0c8c4d67b9	d1d937013fb4e8fe0e30a141bb9c3082b78b9e24551ff56063b5b00909f1a923	b4cd230fc7539d8d8bb15a6422785cec68219bb350ba8ede753fcbe335b11b94	e3b0c44298fc1c149afbf4c8996fb92427ae41e4649b934ca495991b7852b855	bea46ab4cf4adbeda551b0c6acc48c6474aa0a07a2c563bba580618b66d2c36b	false	false	true	true	true	-0x1.f3c7d76686ae2p-36	-0x1.f36aa43e7deefp-36	-0x1.f3c7d76686ae2p-36	-0x1.f36aa43e7deefp-36	true	true
278	139	D4	U07-0000000105_S08-0000000163	148	9	3	NA	NA	7	105	8	163	C0Rect2Set	DESCENDANT_PROBE_PASS	0	3064	feb3d7ca5e90a3167cfcbf6dcfb215ce228888507e5fded0a44e0c827cedeac8	24d288014d2a62d98316beaa12a12eca59c1ade376dc9f5ee49d3e0c8c4d67b9	6f883038db8be0797829899fb619ac510f0684cca9fb5358b96d323a7eed74a6	e41641663c1236225921ac2980bbe88793023e76951e59da94a17fe7c72c60c4	e3b0c44298fc1c149afbf4c8996fb92427ae41e4649b934ca495991b7852b855	bea46ab4cf4adbeda551b0c6acc48c6474aa0a07a2c563bba580618b66d2c36b	false	false	true	true	true	-0x1.f3c7eb2f8aa65p-36	-0x1.f36a9078c31fdp-36	-0x1.f3c7eb2f8aa65p-36	-0x1.f36a9078c31fdp-36	true	true
279	140	D4	U07-0000000105_S08-0000000164	149	9	4	NA	NA	7	105	8	164	C0HORect2Set	DESCENDANT_PROBE_PASS	0	3207	a95835fbcee8d0c26fd3e63d240c62eac69f546046d79bea08abee896b583438	318a6e9882804f8d43ee8f51198f67727c1f6dda1c3eaf9750655a3f84627314	7de3efae560bdd736742504c7df1e40e756da1578915f5998edfd1ddc79f5da4	9041f49f28639e95f066665b1a66d87be4252c727427a94377cb15313cd6094f	e3b0c44298fc1c149afbf4c8996fb92427ae41e4649b934ca495991b7852b855	bea46ab4cf4adbeda551b0c6acc48c6474aa0a07a2c563bba580618b66d2c36b	false	false	true	true	true	-0x1.f3ab939fbc789p-36	-0x1.f34e64501f1e8p-36	-0x1.f3ab939fbc789p-36	-0x1.f34e64501f1e8p-36	true	true
280	140	D4	U07-0000000105_S08-0000000164	149	9	4	NA	NA	7	105	8	164	C0Rect2Set	DESCENDANT_PROBE_PASS	0	3090	a95835fbcee8d0c26fd3e63d240c62eac69f546046d79bea08abee896b583438	318a6e9882804f8d43ee8f51198f67727c1f6dda1c3eaf9750655a3f84627314	b3a23e524c44a27e385ad603ac51d420a91b7d4eeee7dff9af74922d674cc576	b0865b62587b34cfe548d3a4d1be2b0e88b819927b8fa33f4f2d45835cb79673	e3b0c44298fc1c149afbf4c8996fb92427ae41e4649b934ca495991b7852b855	bea46ab4cf4adbeda551b0c6acc48c6474aa0a07a2c563bba580618b66d2c36b	false	false	true	true	true	-0x1.f3aba768521ccp-36	-0x1.f34e508ad2ff9p-36	-0x1.f3aba768521ccp-36	-0x1.f34e508ad2ff9p-36	true	true
281	141	D4	U07-0000000105_S08-0000000165	150	9	5	NA	NA	7	105	8	165	C0HORect2Set	DESCENDANT_PROBE_PASS	0	3179	0ca68012fd25b31568886d2aba816210a6f0c4d4e11e6c3ec2e71c1e04a13f96	1ad059c1a9871e2de0157f203e01927442954ea9b8dd0486e561771700cc7273	49a46383b87bff5b47394f903d9da36671f6593199fc42960c071df8e6518080	2b04d2699c336ed028c559433d8d1684b07646946baf5df232ab882658318787	e3b0c44298fc1c149afbf4c8996fb92427ae41e4649b934ca495991b7852b855	bea46ab4cf4adbeda551b0c6acc48c6474aa0a07a2c563bba580618b66d2c36b	false	false	true	true	true	-0x1.f38f5099d4e6ep-36	-0x1.f3322539ce75bp-36	-0x1.f38f5099d4e6ep-36	-0x1.f3322539ce75bp-36	true	true
282	141	D4	U07-0000000105_S08-0000000165	150	9	5	NA	NA	7	105	8	165	C0Rect2Set	DESCENDANT_PROBE_PASS	0	3077	0ca68012fd25b31568886d2aba816210a6f0c4d4e11e6c3ec2e71c1e04a13f96	1ad059c1a9871e2de0157f203e01927442954ea9b8dd0486e561771700cc7273	80143496b980548d28e8853d436ea644424e4f39e10fa6c92bc018d064a00e11	0b84a8b0c736ff6f01b0a88626f226409eb93648438ac5d84de39ea1e0c8d2ad	e3b0c44298fc1c149afbf4c8996fb92427ae41e4649b934ca495991b7852b855	bea46ab4cf4adbeda551b0c6acc48c6474aa0a07a2c563bba580618b66d2c36b	false	false	true	true	true	-0x1.f38f646933599p-36	-0x1.f332116d7846bp-36	-0x1.f38f646933599p-36	-0x1.f332116d7846bp-36	true	true
283	142	D4	U07-0000000105_S08-0000000166	151	9	6	NA	NA	7	105	8	166	C0HORect2Set	DESCENDANT_PROBE_PASS	0	3190	7d8c87f463817cdd6e8065b2d22b441573295e15b72a75b81a3370576cd89b6a	4dbfe44fe164567a2a2baee99fa707a2efb313100bbff3631fd223e964a7c6a4	ab9c2666bc2ff7bb174e1890257cab17eb87c727112306baa89f16f4fbd89175	f06684dc3df600c1f7616d2378026ac547542a790777ecc7d1a039dbb62eb512	e3b0c44298fc1c149afbf4c8996fb92427ae41e4649b934ca495991b7852b855	bea46ab4cf4adbeda551b0c6acc48c6474aa0a07a2c563bba580618b66d2c36b	false	false	true	true	true	-0x1.f3730e66fb79p-36	-0x1.f315e6e8b7abp-36	-0x1.f3730e66fb79p-36	-0x1.f315e6e8b7abp-36	true	true
284	142	D4	U07-0000000105_S08-0000000166	151	9	6	NA	NA	7	105	8	166	C0Rect2Set	DESCENDANT_PROBE_PASS	0	3060	7d8c87f463817cdd6e8065b2d22b441573295e15b72a75b81a3370576cd89b6a	4dbfe44fe164567a2a2baee99fa707a2efb313100bbff3631fd223e964a7c6a4	4569e25e5c346f1ebd7c1c0125759ecc1be836e2e1fe113e71717ca0d06a5626	746e908b3f87c29d21d2b58457aafe7bcb92dc6ae32d9ac877f585433c3fc6a2	e3b0c44298fc1c149afbf4c8996fb92427ae41e4649b934ca495991b7852b855	bea46ab4cf4adbeda551b0c6acc48c6474aa0a07a2c563bba580618b66d2c36b	false	false	true	true	true	-0x1.f373222e5c7d8p-36	-0x1.f315d3249fc07p-36	-0x1.f373222e5c7d8p-36	-0x1.f315d3249fc07p-36	true	true
285	143	D4	U07-0000000105_S08-0000000167	152	9	7	NA	NA	7	105	8	167	C0HORect2Set	DESCENDANT_PROBE_PASS	0	3183	d40ecfafbb8e14d8057dcfdf54d74e80d03999924afbbd1300b533be77c1bc00	79178810da714020bad6b1a2e550a16fc13f608c28cbbf39f7c14717fdbcfcdf	19980cda584bb797d1390b8467fe3b301386d56c24dc22135560760c03f23719	965431244e25d14e866eb3e25dd53b3a49a0b0d5a32f82063bc38b744e594177	e3b0c44298fc1c149afbf4c8996fb92427ae41e4649b934ca495991b7852b855	bea46ab4cf4adbeda551b0c6acc48c6474aa0a07a2c563bba580618b66d2c36b	false	false	true	true	true	-0x1.f356cd013b961p-36	-0x1.f2f9a96305aa4p-36	-0x1.f356cd013b961p-36	-0x1.f2f9a96305aa4p-36	true	true
286	143	D4	U07-0000000105_S08-0000000167	152	9	7	NA	NA	7	105	8	167	C0Rect2Set	DESCENDANT_PROBE_PASS	0	3089	d40ecfafbb8e14d8057dcfdf54d74e80d03999924afbbd1300b533be77c1bc00	79178810da714020bad6b1a2e550a16fc13f608c28cbbf39f7c14717fdbcfcdf	8b085129e1311b653e0400622e748d0607ac7289ef3b5cd682c45af2a44d5e1c	44938d73e94c5ff3683470b9a43a26298eb34eef15e585a55f45ec76f3a294ed	e3b0c44298fc1c149afbf4c8996fb92427ae41e4649b934ca495991b7852b855	bea46ab4cf4adbeda551b0c6acc48c6474aa0a07a2c563bba580618b66d2c36b	false	false	true	true	true	-0x1.f356e0c7deae5p-36	-0x1.f2f9959faaa62p-36	-0x1.f356e0c7deae5p-36	-0x1.f2f9959faaa62p-36	true	true
287	144	D4	U07-0000000105_S08-0000000168	153	9	8	NA	NA	7	105	8	168	C0HORect2Set	DESCENDANT_PROBE_PASS	0	3175	c707211089be60f70303bdafe85fd6f3d95afe078800cc7e5afcd502fb8a56f5	aa152208613800cf12f32b8a58867c50fc6150aeb98767014526795923edcbbe	af9ce4ea73e70e2592ae8b58c489980b2cca5b8769675e0dd2b0b697b2a33bd1	dccaf334e5aad16a5f4eadb960e068f0319fc1a8ed9f4f621a976352630585f6	e3b0c44298fc1c149afbf4c8996fb92427ae41e4649b934ca495991b7852b855	bea46ab4cf4adbeda551b0c6acc48c6474aa0a07a2c563bba580618b66d2c36b	false	false	true	true	true	-0x1.f33a8c677bad9p-36	-0x1.f2dd6ca9c5105p-36	-0x1.f33a8c677bad9p-36	-0x1.f2dd6ca9c5105p-36	true	true
288	144	D4	U07-0000000105_S08-0000000168	153	9	8	NA	NA	7	105	8	168	C0Rect2Set	DESCENDANT_PROBE_PASS	0	3079	c707211089be60f70303bdafe85fd6f3d95afe078800cc7e5afcd502fb8a56f5	aa152208613800cf12f32b8a58867c50fc6150aeb98767014526795923edcbbe	774f4ce1e6e3a8a1428fae99e45da2189f8af8cadf64d70893993c35392b9328	57ccc0f44316501bc28293618709f2228a122e0d988367babe2db055380bb064	e3b0c44298fc1c149afbf4c8996fb92427ae41e4649b934ca495991b7852b855	bea46ab4cf4adbeda551b0c6acc48c6474aa0a07a2c563bba580618b66d2c36b	false	false	true	true	true	-0x1.f33aa02dae412p-36	-0x1.f2dd58e6dc46p-36	-0x1.f33aa02dae412p-36	-0x1.f2dd58e6dc46p-36	true	true
289	145	D4	U07-0000000105_S08-0000000169	154	9	9	NA	NA	7	105	8	169	C0HORect2Set	DESCENDANT_PROBE_PASS	0	3207	e1648053f4e3f83a885ac356ae15829fa2de078db433353086412a4bf25c7b48	5a0ecd7606a3b8edf346a6058be6fdd944e458993f04299ed95ea3152affb517	793eddd99e16cb16bc4298e77ecf059cb492ba520d8f3581b569f96e2656ab1c	be99a242933ef3f1f27b3dfd6ac9d51b95bb79e068cc09ea4cb9ec91da86814e	e3b0c44298fc1c149afbf4c8996fb92427ae41e4649b934ca495991b7852b855	bea46ab4cf4adbeda551b0c6acc48c6474aa0a07a2c563bba580618b66d2c36b	false	false	true	true	true	-0x1.f31e4ca0e7272p-36	-0x1.f2c130b5817dfp-36	-0x1.f31e4ca0e7272p-36	-0x1.f2c130b5817dfp-36	true	true
290	145	D4	U07-0000000105_S08-0000000169	154	9	9	NA	NA	7	105	8	169	C0Rect2Set	DESCENDANT_PROBE_PASS	0	3133	e1648053f4e3f83a885ac356ae15829fa2de078db433353086412a4bf25c7b48	5a0ecd7606a3b8edf346a6058be6fdd944e458993f04299ed95ea3152affb517	0426e80e5d98f3f255a7f86d52f632051feac78306a1f90f137e285beab38e90	4fbac76e19fac68ad69cb4981d1c00fd97d52fcd3064a2b55dd40799227c5dd4	e3b0c44298fc1c149afbf4c8996fb92427ae41e4649b934ca495991b7852b855	bea46ab4cf4adbeda551b0c6acc48c6474aa0a07a2c563bba580618b66d2c36b	false	false	true	true	true	-0x1.f31e605fbf8d5p-36	-0x1.f2c11cfa358fp-36	-0x1.f31e605fbf8d5p-36	-0x1.f2c11cfa358fp-36	true	true
291	146	D4	U07-0000000105_S08-0000000170	155	9	10	NA	NA	7	105	8	170	C0HORect2Set	DESCENDANT_PROBE_PASS	0	3198	d2060a84b0445e3572b3600ea6cf0922be98f690957dfb503a1ef13534314eee	97784d8e1cb5cac9dc171fbe1fcd0a86dfd7c4cfe68573085ab9aabdceda7991	7380fd90d64971076b5260ada1cf32ea389887d189438e9f44f383937dae3de7	a0d4ec1c314a1c431307137c270be85e48ab6aad69b8a5834763e4b84542ca9b	e3b0c44298fc1c149afbf4c8996fb92427ae41e4649b934ca495991b7852b855	bea46ab4cf4adbeda551b0c6acc48c6474aa0a07a2c563bba580618b66d2c36b	false	false	true	true	true	-0x1.f3020da02342ap-36	-0x1.f2a4f5940ecc1p-36	-0x1.f3020da02342ap-36	-0x1.f2a4f5940ecc1p-36	true	true
292	146	D4	U07-0000000105_S08-0000000170	155	9	10	NA	NA	7	105	8	170	C0Rect2Set	DESCENDANT_PROBE_PASS	0	3250	d2060a84b0445e3572b3600ea6cf0922be98f690957dfb503a1ef13534314eee	97784d8e1cb5cac9dc171fbe1fcd0a86dfd7c4cfe68573085ab9aabdceda7991	ff25d22c186399a94ef6659aaa037b324659150ba1fe5540a121ae056f5cdec5	c337e4380100e0b71397ac432dcde22ceebde84b6861182783dc81841c461457	e3b0c44298fc1c149afbf4c8996fb92427ae41e4649b934ca495991b7852b855	bea46ab4cf4adbeda551b0c6acc48c6474aa0a07a2c563bba580618b66d2c36b	false	false	true	true	true	-0x1.f3022165b9e53p-36	-0x1.f2a4e1d1c1039p-36	-0x1.f3022165b9e53p-36	-0x1.f2a4e1d1c1039p-36	true	true
293	147	D4	U07-0000000105_S08-0000000171	156	9	11	NA	NA	7	105	8	171	C0HORect2Set	DESCENDANT_PROBE_PASS	0	3208	2635d17f392d5d1048d9d6b50b2d819a609e14ea2977929f3242f7311cdcefb4	3fcef19920af1128a07ca806e5d74a2057f35626d4d5563d1a7320caa48392de	f8a2b76189c488ccafa384c73a32486a743e655caaae32ec40ef72be2a6cdd9c	e04cde9265d678dadc78ed51364e1391907c843dad225f9e1f4b530cab8df7f3	e3b0c44298fc1c149afbf4c8996fb92427ae41e4649b934ca495991b7852b855	bea46ab4cf4adbeda551b0c6acc48c6474aa0a07a2c563bba580618b66d2c36b	false	false	true	true	true	-0x1.f2e5cf6b2468ap-36	-0x1.f288bb3f2d1a6p-36	-0x1.f2e5cf6b2468ap-36	-0x1.f288bb3f2d1a6p-36	true	true
294	147	D4	U07-0000000105_S08-0000000171	156	9	11	NA	NA	7	105	8	171	C0Rect2Set	DESCENDANT_PROBE_PASS	0	3088	2635d17f392d5d1048d9d6b50b2d819a609e14ea2977929f3242f7311cdcefb4	3fcef19920af1128a07ca806e5d74a2057f35626d4d5563d1a7320caa48392de	acbd4e6f0c163c54e42ff51031cbe9a78045127f14cd830c06245eb9ba72a061	4bd5a1644e92b740348385d45fa5a7ab1544438e90408c3fd10ce737f9ddd2fd	e3b0c44298fc1c149afbf4c8996fb92427ae41e4649b934ca495991b7852b855	bea46ab4cf4adbeda551b0c6acc48c6474aa0a07a2c563bba580618b66d2c36b	false	false	true	true	true	-0x1.f2e5e330929a7p-36	-0x1.f288a77d076fbp-36	-0x1.f2e5e330929a7p-36	-0x1.f288a77d076fbp-36	true	true
295	148	D4	U07-0000000105_S08-0000000172	157	9	12	NA	NA	7	105	8	172	C0HORect2Set	DESCENDANT_PROBE_PASS	0	3195	b4427e25d3f3e170e4e278285209640918689de5e943f661ff1985622f10b0aa	4c6d8593a30557cd2c648a72224195cc286f9eb65a7c96148039e856da3aaabb	67970c8663aa95687a28b8a06f1ec290f4a3cab7702bb9860c656139dd2cd88e	f28e738d2aeb7bb7427357f4a14ba0d405d400f3a0ef15bbec88dbf4572fbe19	e3b0c44298fc1c149afbf4c8996fb92427ae41e4649b934ca495991b7852b855	bea46ab4cf4adbeda551b0c6acc48c6474aa0a07a2c563bba580618b66d2c36b	false	false	true	true	true	-0x1.f2c9920294f6ep-36	-0x1.f26c81b626bd1p-36	-0x1.f2c9920294f6ep-36	-0x1.f26c81b626bd1p-36	true	true
296	148	D4	U07-0000000105_S08-0000000172	157	9	12	NA	NA	7	105	8	172	C0Rect2Set	DESCENDANT_PROBE_PASS	0	3100	b4427e25d3f3e170e4e278285209640918689de5e943f661ff1985622f10b0aa	4c6d8593a30557cd2c648a72224195cc286f9eb65a7c96148039e856da3aaabb	adc2f2c1da1fb20b6d5b840eef1705a9ac8bc2eb69ae45508e8e1a205476e48f	3da4483d75caf5338458dc2e8f49223f98110dd19a803df0bf68a7e8104ce639	e3b0c44298fc1c149afbf4c8996fb92427ae41e4649b934ca495991b7852b855	bea46ab4cf4adbeda551b0c6acc48c6474aa0a07a2c563bba580618b66d2c36b	false	false	true	true	true	-0x1.f2c9a5c79e669p-36	-0x1.f26c6df466755p-36	-0x1.f2c9a5c79e669p-36	-0x1.f26c6df466755p-36	true	true
297	149	D4	U07-0000000105_S08-0000000173	158	9	13	NA	NA	7	105	8	173	C0HORect2Set	DESCENDANT_PROBE_PASS	0	3205	d0bdef8abc32c891bb46feac9af6ff084ca1465bad4cd5c47970ed3c5b90d371	288aef4a22c52aa7b763fcbac3afc4dd7049f06ee2ca18868847e0545b8e28a0	e31ae9afbc576d7c4c4d14b6b2a0bd4e974c87c48fa730d54916f52c6887643b	1a2d728090c798e0e931d7deae86ec4ff44cc3e7b9e105cdc134a59495df2b7e	e3b0c44298fc1c149afbf4c8996fb92427ae41e4649b934ca495991b7852b855	bea46ab4cf4adbeda551b0c6acc48c6474aa0a07a2c563bba580618b66d2c36b	false	false	true	true	true	-0x1.f2ad556671bb7p-36	-0x1.f25048f8f5c9bp-36	-0x1.f2ad556671bb7p-36	-0x1.f25048f8f5c9bp-36	true	true
298	149	D4	U07-0000000105_S08-0000000173	158	9	13	NA	NA	7	105	8	173	C0Rect2Set	DESCENDANT_PROBE_PASS	0	3085	d0bdef8abc32c891bb46feac9af6ff084ca1465bad4cd5c47970ed3c5b90d371	288aef4a22c52aa7b763fcbac3afc4dd7049f06ee2ca18868847e0545b8e28a0	7c389a326ec5c7d94c51f8fe0bb117dc0bdbdb663db70fdbb44952629116b17e	49d0156388ce937545d7f12cf1433fb317b963e6c7594df0b3d2dafd2ca78c82	e3b0c44298fc1c149afbf4c8996fb92427ae41e4649b934ca495991b7852b855	bea46ab4cf4adbeda551b0c6acc48c6474aa0a07a2c563bba580618b66d2c36b	false	false	true	true	true	-0x1.f2ad692ada1bdp-36	-0x1.f2503537d6aacp-36	-0x1.f2ad692ada1bdp-36	-0x1.f2503537d6aacp-36	true	true
299	150	D4	U07-0000000105_S08-0000000174	159	9	14	NA	NA	7	105	8	174	C0HORect2Set	DESCENDANT_PROBE_PASS	0	3188	cb53485fe77b91f090d6ec95a5d57cb47d8cd6c7f04cce788c0d6be69016ad3a	8808a4e41a4f399c2b92e5e684c711587f83ef1f714436e3402d544cba39ddd6	e9dd5ce61ceb59c26221d6bb14f06121efd33bc1bb92df8021a961226f113235	16a33ac393597a2bb89001ab166435538b1e70433fc2b916218dcaa96dad9658	e3b0c44298fc1c149afbf4c8996fb92427ae41e4649b934ca495991b7852b855	bea46ab4cf4adbeda551b0c6acc48c6474aa0a07a2c563bba580618b66d2c36b	false	false	true	true	true	-0x1.f291199d4596p-36	-0x1.f2341100cec42p-36	-0x1.f291199d4596p-36	-0x1.f2341100cec42p-36	true	true
300	150	D4	U07-0000000105_S08-0000000174	159	9	14	NA	NA	7	105	8	174	C0Rect2Set	DESCENDANT_PROBE_PASS	0	3097	cb53485fe77b91f090d6ec95a5d57cb47d8cd6c7f04cce788c0d6be69016ad3a	8808a4e41a4f399c2b92e5e684c711587f83ef1f714436e3402d544cba39ddd6	548031540d79755483c99b2310632cb76dc3c92f3db5037d083793613c67680c	a7d3fca7fe856035227dde8126d443caadd14df59069576921ccebf80c248376	e3b0c44298fc1c149afbf4c8996fb92427ae41e4649b934ca495991b7852b855	bea46ab4cf4adbeda551b0c6acc48c6474aa0a07a2c563bba580618b66d2c36b	false	false	true	true	true	-0x1.f2912d5a442c7p-36	-0x1.f233fd474f711p-36	-0x1.f2912d5a442c7p-36	-0x1.f233fd474f711p-36	true	true
301	151	D4	U07-0000000105_S08-0000000175	160	9	15	NA	NA	7	105	8	175	C0HORect2Set	DESCENDANT_PROBE_PASS	0	3176	e970aa6134de1fb55f54e619dd7c6e18e3e246e52dbb5716f90546e0ca542f12	d32fa5ae897344ba1f30c5721bb3499c6343a7d0576095f3a920d77609d8267d	9f7eb69887e9957be3c8055a0316a0c20b34ff9cb6c0a169603b63732e9b730e	2cd8cee0ce6e8b0ae092e6f0c1056e3db4217e962f5fe3e6cac0830ad50c6f1c	e3b0c44298fc1c149afbf4c8996fb92427ae41e4649b934ca495991b7852b855	bea46ab4cf4adbeda551b0c6acc48c6474aa0a07a2c563bba580618b66d2c36b	false	false	true	true	true	-0x1.f274de9964039p-36	-0x1.f217d9dbbf2c8p-36	-0x1.f274de9964039p-36	-0x1.f217d9dbbf2c8p-36	true	true
302	151	D4	U07-0000000105_S08-0000000175	160	9	15	NA	NA	7	105	8	175	C0Rect2Set	DESCENDANT_PROBE_PASS	0	3090	e970aa6134de1fb55f54e619dd7c6e18e3e246e52dbb5716f90546e0ca542f12	d32fa5ae897344ba1f30c5721bb3499c6343a7d0576095f3a920d77609d8267d	9a96ce8bf0045b1458700624be8892da6fb617edc442841733a748b2b2412e18	ee06d18b077770f1cd9c19380e1c3e8fe8f6dd2aac9404bd838cfa3807ee565a	e3b0c44298fc1c149afbf4c8996fb92427ae41e4649b934ca495991b7852b855	bea46ab4cf4adbeda551b0c6acc48c6474aa0a07a2c563bba580618b66d2c36b	false	false	true	true	true	-0x1.f274f25d3de6dp-36	-0x1.f217c61b2e6d6p-36	-0x1.f274f25d3de6dp-36	-0x1.f217c61b2e6d6p-36	true	true
303	152	D4	U07-0000000106_S08-0000000162	163	10	2	NA	NA	7	106	8	162	C0HORect2Set	DESCENDANT_PROBE_PASS	0	3207	2a4ddb97d12c160ab3006e873d5fddb2e999addf646b587d13d3c1424ddd05ad	e2e50ea03cec174c19eef2135ff3f6b44de74c22656e11ca13933bee93b3017d	41acb6c0dc8d8da0874ab1f9fdf35d6ec18d7ef31f815686c3902f8d9749d90a	d53d1715272344607e8e3c17fa5ba9ae04552ed084a0f0b7b16546eb99043790	e3b0c44298fc1c149afbf4c8996fb92427ae41e4649b934ca495991b7852b855	bea46ab4cf4adbeda551b0c6acc48c6474aa0a07a2c563bba580618b66d2c36b	false	false	true	true	true	-0x1.f3e088a9a42dep-36	-0x1.f38351df96042p-36	-0x1.f3e088a9a42dep-36	-0x1.f38351df96042p-36	true	true
304	152	D4	U07-0000000106_S08-0000000162	163	10	2	NA	NA	7	106	8	162	C0Rect2Set	DESCENDANT_PROBE_PASS	0	3084	2a4ddb97d12c160ab3006e873d5fddb2e999addf646b587d13d3c1424ddd05ad	e2e50ea03cec174c19eef2135ff3f6b44de74c22656e11ca13933bee93b3017d	8b20592e70da0aca0d39c96f379f50c3f4c8085ebe5bbb9af265a0e75118809f	c43fa5539e44f414174c97e3236791e4ec5c78e3a932a06df4988da32d45469b	e3b0c44298fc1c149afbf4c8996fb92427ae41e4649b934ca495991b7852b855	bea46ab4cf4adbeda551b0c6acc48c6474aa0a07a2c563bba580618b66d2c36b	false	false	true	true	true	-0x1.f3e09c73347ecp-36	-0x1.f3833e194ec5dp-36	-0x1.f3e09c73347ecp-36	-0x1.f3833e194ec5dp-36	true	true
305	153	D4	U07-0000000106_S08-0000000163	164	10	3	NA	NA	7	106	8	163	C0HORect2Set	DESCENDANT_PROBE_PASS	0	3198	76725ecf8aba29e8094d95e8bbd0cbfa9dc731c837c4773ac3763330f20f847c	be2aba9c196badaf4a2fcd6120ee9a7078029b4ab887ed3b5f00f4cfaa74376a	b11520bed865111c14612d59c906a590e09d07099e041a669db4c2814afa5256	f32afeaf3c879a871ee918c3417ddc5a8391eaa55d6c80193ec149a405f04ea8	e3b0c44298fc1c149afbf4c8996fb92427ae41e4649b934ca495991b7852b855	bea46ab4cf4adbeda551b0c6acc48c6474aa0a07a2c563bba580618b66d2c36b	false	false	true	true	true	-0x1.f3c44438172adp-36	-0x1.f367114f0a61p-36	-0x1.f3c44438172adp-36	-0x1.f367114f0a61p-36	true	true
306	153	D4	U07-0000000106_S08-0000000163	164	10	3	NA	NA	7	106	8	163	C0Rect2Set	DESCENDANT_PROBE_PASS	0	3109	76725ecf8aba29e8094d95e8bbd0cbfa9dc731c837c4773ac3763330f20f847c	be2aba9c196badaf4a2fcd6120ee9a7078029b4ab887ed3b5f00f4cfaa74376a	32b106211e7f95ced7aad2d40d9e1ade76e9115a07eb4facacd3df4e2052d296	cda001dcf3367e52ac4b632dfc12ab093353931c031c072728cc24a55335615d	e3b0c44298fc1c149afbf4c8996fb92427ae41e4649b934ca495991b7852b855	bea46ab4cf4adbeda551b0c6acc48c6474aa0a07a2c563bba580618b66d2c36b	false	false	true	true	true	-0x1.f3c458011e2d6p-36	-0x1.f366fd894d063p-36	-0x1.f3c458011e2d6p-36	-0x1.f366fd894d063p-36	true	true
307	154	D4	U07-0000000106_S08-0000000164	165	10	4	NA	NA	7	106	8	164	C0HORect2Set	DESCENDANT_PROBE_PASS	0	3196	9e814deb2d9992646bfa6ba226db34f67c27215c5368ee86d5c0f2e447701cb4	d90d5adf34f204853ff83c7e0eda74614a874c39691ef4048eae48de55311a46	7c2f97c8f18e8b22866d10faad9a72c45277e9bdca023277fecd3e98dfc3b243	e7ca3ed9f94cfd091e49fae575f8afceb14b3d2127d3355002a0d3e4d39370c3	e3b0c44298fc1c149afbf4c8996fb92427ae41e4649b934ca495991b7852b855	bea46ab4cf4adbeda551b0c6acc48c6474aa0a07a2c563bba580618b66d2c36b	false	false	true	true	true	-0x1.f3a80090588d6p-36	-0x1.f34ad18d6f5fp-36	-0x1.f3a80090588d6p-36	-0x1.f34ad18d6f5fp-36	true	true
308	154	D4	U07-0000000106_S08-0000000164	165	10	4	NA	NA	7	106	8	164	C0Rect2Set	DESCENDANT_PROBE_PASS	0	3119	9e814deb2d9992646bfa6ba226db34f67c27215c5368ee86d5c0f2e447701cb4	d90d5adf34f204853ff83c7e0eda74614a874c39691ef4048eae48de55311a46	13c10047f3b9bfba4e9499970c1f90fce28d5e8b713ad164ae6f45c5e30b2456	6de742b511ef160afacfaedb3a5d3d0b2926e3dbe61200ed319509c9b08b6832	e3b0c44298fc1c149afbf4c8996fb92427ae41e4649b934ca495991b7852b855	bea46ab4cf4adbeda551b0c6acc48c6474aa0a07a2c563bba580618b66d2c36b	false	false	true	true	true	-0x1.f3a81458460ffp-36	-0x1.f34abdc8ccc69p-36	-0x1.f3a81458460ffp-36	-0x1.f34abdc8ccc69p-36	true	true
309	155	D4	U07-0000000106_S08-0000000165	166	10	5	NA	NA	7	106	8	165	C0HORect2Set	DESCENDANT_PROBE_PASS	0	3195	9b2b43160729e5cb9cdb57c5a02cc4e3b5717786d18ced0b4d6881a9639d3210	0d7dc4b269aac5a1edeac04f286e3c6568c1ba3933d7ddaa96827c18b9b3bffc	2407cd2d495c4310c531435823b5d51408c297e5b32f5e4b688be7e9de80b301	06be6d9bf2d6e2e9c082feee9e1957e49d44003118299ce89136f6ff3e0ce1d8	e3b0c44298fc1c149afbf4c8996fb92427ae41e4649b934ca495991b7852b855	bea46ab4cf4adbeda551b0c6acc48c6474aa0a07a2c563bba580618b66d2c36b	false	false	true	true	true	-0x1.f38bbdb73b75p-36	-0x1.f32e9295a4287p-36	-0x1.f38bbdb73b75p-36	-0x1.f32e9295a4287p-36	true	true
310	155	D4	U07-0000000106_S08-0000000165	166	10	5	NA	NA	7	106	8	165	C0Rect2Set	DESCENDANT_PROBE_PASS	0	3079	9b2b43160729e5cb9cdb57c5a02cc4e3b5717786d18ced0b4d6881a9639d3210	0d7dc4b269aac5a1edeac04f286e3c6568c1ba3933d7ddaa96827c18b9b3bffc	e0c830da69a9ae27bd68e609d6112a34fe82e80500e4ae093e92c585fd06a551	d40c4b0ff8f895755d43395df394cf68dff8a2bc836164365797a9635aa44fe6	e3b0c44298fc1c149afbf4c8996fb92427ae41e4649b934ca495991b7852b855	bea46ab4cf4adbeda551b0c6acc48c6474aa0a07a2c563bba580618b66d2c36b	false	false	true	true	true	-0x1.f38bd17eed0b7p-36	-0x1.f32e7ed13bafbp-36	-0x1.f38bd17eed0b7p-36	-0x1.f32e7ed13bafbp-36	true	true
311	156	D4	U07-0000000106_S08-0000000166	167	10	6	NA	NA	7	106	8	166	C0HORect2Set	DESCENDANT_PROBE_PASS	0	3188	be3b5736f613ac18f4d8fec7fcfd83675062199de7f97b0db88377994218e260	f11b73d66af25df0c8fbb1af9bc9ca9f854cd1f4e354e11dc2cbf00ff14a465d	be8de63bca51c0217baf47f26c56295ea55ad1cd176970a85c2c989c894f3562	7d9a8b6f0e02037203cafef2e1769b0c1cc97539d088b8f6ef6028b40916e0d7	e3b0c44298fc1c149afbf4c8996fb92427ae41e4649b934ca495991b7852b855	bea46ab4cf4adbeda551b0c6acc48c6474aa0a07a2c563bba580618b66d2c36b	false	false	true	true	true	-0x1.f36f7baa7459fp-36	-0x1.f312546a08c04p-36	-0x1.f36f7baa7459fp-36	-0x1.f312546a08c04p-36	true	true
312	156	D4	U07-0000000106_S08-0000000166	167	10	6	NA	NA	7	106	8	166	C0Rect2Set	DESCENDANT_PROBE_PASS	0	3106	be3b5736f613ac18f4d8fec7fcfd83675062199de7f97b0db88377994218e260	f11b73d66af25df0c8fbb1af9bc9ca9f854cd1f4e354e11dc2cbf00ff14a465d	5f9a20d87158d6593d18a71fee190154422fd55d4e92ec4f15b98e08a42cb548	9b017e16f7052bba11e98ca45c53f14b8ca8b340e65fed6aec6c8d566c747294	e3b0c44298fc1c149afbf4c8996fb92427ae41e4649b934ca495991b7852b855	bea46ab4cf4adbeda551b0c6acc48c6474aa0a07a2c563bba580618b66d2c36b	false	false	true	true	true	-0x1.f36f8f71e57b8p-36	-0x1.f31240a5e158ap-36	-0x1.f36f8f71e57b8p-36	-0x1.f31240a5e158ap-36	true	true
313	157	D4	U07-0000000106_S08-0000000167	168	10	7	NA	NA	7	106	8	167	C0HORect2Set	DESCENDANT_PROBE_PASS	0	3184	503eb71f2d8b894d11a0565e3f2f3cb6160c9b234ea803c821c1b91bea330c8e	92c981df3a94942a38ce4c17027d0625a6b82192106bdc786bc774d996a67155	e123014dae88759a4899ec89115eff4f2092b2688fb7352d2273f79c376abf3a	035014adc536be808c04cdbd5e033035b59579727a0b080468da31268814d10d	e3b0c44298fc1c149afbf4c8996fb92427ae41e4649b934ca495991b7852b855	bea46ab4cf4adbeda551b0c6acc48c6474aa0a07a2c563bba580618b66d2c36b	false	false	true	true	true	-0x1.f3533a6a0a7bbp-36	-0x1.f2f6170a8f183p-36	-0x1.f3533a6a0a7bbp-36	-0x1.f2f6170a8f183p-36	true	true
314	157	D4	U07-0000000106_S08-0000000167	168	10	7	NA	NA	7	106	8	167	C0Rect2Set	DESCENDANT_PROBE_PASS	0	3097	503eb71f2d8b894d11a0565e3f2f3cb6160c9b234ea803c821c1b91bea330c8e	92c981df3a94942a38ce4c17027d0625a6b82192106bdc786bc774d996a67155	40ddcbee9a54925506a9bf64780132554d00a5ec2ebce1c0060cd2acbf928d81	698812d8d951995cd146c6e9f5788cd859c30e2645707480996f542316c82faf	e3b0c44298fc1c149afbf4c8996fb92427ae41e4649b934ca495991b7852b855	bea46ab4cf4adbeda551b0c6acc48c6474aa0a07a2c563bba580618b66d2c36b	false	false	true	true	true	-0x1.f3534e307a74fp-36	-0x1.f2f603476840dp-36	-0x1.f3534e307a74fp-36	-0x1.f2f603476840dp-36	true	true
315	158	D4	U07-0000000106_S08-0000000168	169	10	8	NA	NA	7	106	8	168	C0HORect2Set	DESCENDANT_PROBE_PASS	0	3174	4bc371538941043b142a7ebb6485b983dd67a06f8e4d8cc09fce2f02f328a24c	dea8f63d070ecb9c86b757c61395800aedb6342ecbadb967224ffd22b7225b70	6df50bebe56428592d988346391db65db1f636bae91d328d6151d9c2f5205d49	9e899ab6ac30d3369353b1f3e2a0e894599511e6975d99dac4a0b8999a64c22a	e3b0c44298fc1c149afbf4c8996fb92427ae41e4649b934ca495991b7852b855	bea46ab4cf4adbeda551b0c6acc48c6474aa0a07a2c563bba580618b66d2c36b	false	false	true	true	true	-0x1.f336f9f5da0aep-36	-0x1.f2d9da774f287p-36	-0x1.f336f9f5da0aep-36	-0x1.f2d9da774f287p-36	true	true
316	158	D4	U07-0000000106_S08-0000000168	169	10	8	NA	NA	7	106	8	168	C0Rect2Set	DESCENDANT_PROBE_PASS	0	3088	4bc371538941043b142a7ebb6485b983dd67a06f8e4d8cc09fce2f02f328a24c	dea8f63d070ecb9c86b757c61395800aedb6342ecbadb967224ffd22b7225b70	f48cfcd376d0af07c8f835ed37203f49cb0914ab55e3988fbd9b228336450eaf	321f569026983493d5bfe2cb1d506785650d1ca2e459884f76782eb1899dde72	e3b0c44298fc1c149afbf4c8996fb92427ae41e4649b934ca495991b7852b855	bea46ab4cf4adbeda551b0c6acc48c6474aa0a07a2c563bba580618b66d2c36b	false	false	true	true	true	-0x1.f3370dbc06733p-36	-0x1.f2d9c6b46bc54p-36	-0x1.f3370dbc06733p-36	-0x1.f2d9c6b46bc54p-36	true	true
317	159	D4	U07-0000000106_S08-0000000169	170	10	9	NA	NA	7	106	8	169	C0HORect2Set	DESCENDANT_PROBE_PASS	0	3182	7a030074442e63ef5d0334079c9e7124d6a3e44c61769c1527ccf50b000d2f56	ff50d4b368d4f6ccaee7fde09c77c41c781201fc6fd05d0a0b79901eb7abc96d	8fa32169ce3acb22e568e6a5f714de90c0e7476d3e56679c836f577d88b087cb	b754695b6f2adac2b6931d15efb7af47d5bd30a824fbc60eee5f662ea6d0ed6f	e3b0c44298fc1c149afbf4c8996fb92427ae41e4649b934ca495991b7852b855	bea46ab4cf4adbeda551b0c6acc48c6474aa0a07a2c563bba580618b66d2c36b	false	false	true	true	true	-0x1.f31aba5c81dabp-36	-0x1.f2bd9ea123c32p-36	-0x1.f31aba5c81dabp-36	-0x1.f2bd9ea123c32p-36	true	true
318	159	D4	U07-0000000106_S08-0000000169	170	10	9	NA	NA	7	106	8	169	C0Rect2Set	DESCENDANT_PROBE_PASS	0	3098	7a030074442e63ef5d0334079c9e7124d6a3e44c61769c1527ccf50b000d2f56	ff50d4b368d4f6ccaee7fde09c77c41c781201fc6fd05d0a0b79901eb7abc96d	4623cb51f2892d20bf807f438b08b6f6ae074ddd3451958b5fa81e18976142b3	ef4991881aa4332a144a3ef8008ceb8c561ba36921b4d9294300c1988f8b1f44	e3b0c44298fc1c149afbf4c8996fb92427ae41e4649b934ca495991b7852b855	bea46ab4cf4adbeda551b0c6acc48c6474aa0a07a2c563bba580618b66d2c36b	false	false	true	true	true	-0x1.f31ace13e095p-36	-0x1.f2bd8aed8b476p-36	-0x1.f31ace13e095p-36	-0x1.f2bd8aed8b476p-36	true	true
319	160	D4	U07-0000000106_S08-0000000170	171	10	10	NA	NA	7	106	8	170	C0HORect2Set	DESCENDANT_PROBE_PASS	0	3187	dd150c825cde8819f001d739f95c7853ecc9a47d2fe9abb8a41217d4b1322c6d	1197b8fdf3dbab11c4b7a8418a84fa32c96a1dfd454d6c6bd102019970bf2e15	efba538632a026a42bac53096676d272940166b3118f6b0cd35fb8baf1c83419	c3bbcdf55146a6a2e8d3d9c459aa70e992d96c47570dfbe393a32c156d7be5cc	e3b0c44298fc1c149afbf4c8996fb92427ae41e4649b934ca495991b7852b855	bea46ab4cf4adbeda551b0c6acc48c6474aa0a07a2c563bba580618b66d2c36b	false	false	true	true	true	-0x1.f2fe7b813f97dp-36	-0x1.f2a163a5bd578p-36	-0x1.f2fe7b813f97dp-36	-0x1.f2a163a5bd578p-36	true	true
320	160	D4	U07-0000000106_S08-0000000170	171	10	10	NA	NA	7	106	8	170	C0Rect2Set	DESCENDANT_PROBE_PASS	0	3091	dd150c825cde8819f001d739f95c7853ecc9a47d2fe9abb8a41217d4b1322c6d	1197b8fdf3dbab11c4b7a8418a84fa32c96a1dfd454d6c6bd102019970bf2e15	5567cbe1763a0cbe9fa521287c515a9ee4ca50b3540e669f5389dd85e7c5d9d6	20e2d1e8db4516bd995dfb4d2b1e64036d9b81ebdc75bc8d5b16daa313469328	e3b0c44298fc1c149afbf4c8996fb92427ae41e4649b934ca495991b7852b855	bea46ab4cf4adbeda551b0c6acc48c6474aa0a07a2c563bba580618b66d2c36b	false	false	true	true	true	-0x1.f2fe8f470368bp-36	-0x1.f2a14fe343089p-36	-0x1.f2fe8f470368bp-36	-0x1.f2a14fe343089p-36	true	true
321	161	D4	U07-0000000106_S08-0000000171	172	10	11	NA	NA	7	106	8	171	C0HORect2Set	DESCENDANT_PROBE_PASS	0	3166	7ec2adfaab81a2b7453e996453f1d6f957d394f3be39433184af358a23b32a6a	90cb465bf05ec549cb0345abe6cdb95882738731033b8d167d8c5f6a048f84a7	92e4e1b70c105d2a95e6d3dce32132392f43f9f3632ad6fc8707522ce8149463	9b0fda919c7d0ddccf87ab10b67d85ce2c1b4a8ecc21a1f188aa4f06d4a87514	e3b0c44298fc1c149afbf4c8996fb92427ae41e4649b934ca495991b7852b855	bea46ab4cf4adbeda551b0c6acc48c6474aa0a07a2c563bba580618b66d2c36b	false	false	true	true	true	-0x1.f2e23d724ee12p-36	-0x1.f28529765b45ap-36	-0x1.f2e23d724ee12p-36	-0x1.f28529765b45ap-36	true	true
322	161	D4	U07-0000000106_S08-0000000171	172	10	11	NA	NA	7	106	8	171	C0Rect2Set	DESCENDANT_PROBE_PASS	0	3078	7ec2adfaab81a2b7453e996453f1d6f957d394f3be39433184af358a23b32a6a	90cb465bf05ec549cb0345abe6cdb95882738731033b8d167d8c5f6a048f84a7	a9c13fdcdec827ae204b0a9b43eff821391efd2f30b56926eb90952f38a46d3c	5474a051ade105790adfb2461309fa0874a240cd766a3fa4447b429575b122ed	e3b0c44298fc1c149afbf4c8996fb92427ae41e4649b934ca495991b7852b855	bea46ab4cf4adbeda551b0c6acc48c6474aa0a07a2c563bba580618b66d2c36b	false	false	true	true	true	-0x1.f2e251379c0b4p-36	-0x1.f28515b45770ap-36	-0x1.f2e251379c0b4p-36	-0x1.f28515b45770ap-36	true	true
323	162	D4	U07-0000000106_S08-0000000172	173	10	12	NA	NA	7	106	8	172	C0HORect2Set	DESCENDANT_PROBE_PASS	0	3197	2c239cc55be3f1f552398e379602a44bf92922d3759165e89028285423cb0947	a5dd0657e3c8e37629c3d2b26a0d938273fc1f91d1a58cbda838fda091844d5d	efbe4256756a82a1ef9a15e086c50d40a639f3746214cf3abf5e36a2af6b91b1	fadc3d7137647ce7674ed105d6729f2c7758b71d54c28ab7295cc641d6eea68c	e3b0c44298fc1c149afbf4c8996fb92427ae41e4649b934ca495991b7852b855	bea46ab4cf4adbeda551b0c6acc48c6474aa0a07a2c563bba580618b66d2c36b	false	false	true	true	true	-0x1.f2c6002f59ebap-36	-0x1.f268f01348671p-36	-0x1.f2c6002f59ebap-36	-0x1.f268f01348671p-36	true	true
324	162	D4	U07-0000000106_S08-0000000172	173	10	12	NA	NA	7	106	8	172	C0Rect2Set	DESCENDANT_PROBE_PASS	0	3091	2c239cc55be3f1f552398e379602a44bf92922d3759165e89028285423cb0947	a5dd0657e3c8e37629c3d2b26a0d938273fc1f91d1a58cbda838fda091844d5d	9f9b9fb9802869d6fa0189951a9152ce64a02503e1d759767ed551d8c37e3337	d7c26f8a8f39107afb1dc962ade5c3beb432977c54a8269a12b414c42bde3657	e3b0c44298fc1c149afbf4c8996fb92427ae41e4649b934ca495991b7852b855	bea46ab4cf4adbeda551b0c6acc48c6474aa0a07a2c563bba580618b66d2c36b	false	false	true	true	true	-0x1.f2c613f46a053p-36	-0x1.f268dc51822ccp-36	-0x1.f2c613f46a053p-36	-0x1.f268dc51822ccp-36	true	true
325	163	D4	U07-0000000106_S08-0000000173	174	10	13	NA	NA	7	106	8	173	C0HORect2Set	DESCENDANT_PROBE_PASS	0	3198	e46aac01a926dd2c72fc9c4709ab3ecd3a68c008ae5934e5e9aba9b66c418acc	d5d42f19814f3fdf23dee5a0087208a7fab8d6401a2736f92cc175fdd72505d9	5b3d05fb764f05d2048797b2fce7c822d997fa7a696cad72a3182827c45e2f61	e696b34f329d4fb7046d398dbd11d8650fb418736d539c9ea93ed2363410cbb9	e3b0c44298fc1c149afbf4c8996fb92427ae41e4649b934ca495991b7852b855	bea46ab4cf4adbeda551b0c6acc48c6474aa0a07a2c563bba580618b66d2c36b	false	false	true	true	true	-0x1.f2a9c3b89e2a2p-36	-0x1.f24cb77c3f521p-36	-0x1.f2a9c3b89e2a2p-36	-0x1.f24cb77c3f521p-36	true	true
326	163	D4	U07-0000000106_S08-0000000173	174	10	13	NA	NA	7	106	8	173	C0Rect2Set	DESCENDANT_PROBE_PASS	0	3094	e46aac01a926dd2c72fc9c4709ab3ecd3a68c008ae5934e5e9aba9b66c418acc	d5d42f19814f3fdf23dee5a0087208a7fab8d6401a2736f92cc175fdd72505d9	59001aea45aecaa62739c7563f0afb1b2a04d953694274ed336d9bfdf7417bb6	a978d06a9a1f09f90227363f10124afba12a90a174365170957f37a585cc8d01	e3b0c44298fc1c149afbf4c8996fb92427ae41e4649b934ca495991b7852b855	bea46ab4cf4adbeda551b0c6acc48c6474aa0a07a2c563bba580618b66d2c36b	false	false	true	true	true	-0x1.f2a9d77d6c809p-36	-0x1.f24ca3bab9af9p-36	-0x1.f2a9d77d6c809p-36	-0x1.f24ca3bab9af9p-36	true	true
327	164	D4	U07-0000000106_S08-0000000174	175	10	14	NA	NA	7	106	8	174	C0HORect2Set	DESCENDANT_PROBE_PASS	0	3193	f8362f67d6cf6ae35784a85b6eba08319aa30797c341c4e229ff02baf9f1bb72	1bf59dc010ad8668f0d770b7c64ed1e505c19e0d3a6fecf0f09cf58809d8feb5	879f03677913df511ec38be3b5dc1de219182dff1703b4470c3d00ef6e11f958	cf8198d849a87b3459ead2771ea2c830826a683584c9807c584ec8b045d9e8ae	e3b0c44298fc1c149afbf4c8996fb92427ae41e4649b934ca495991b7852b855	bea46ab4cf4adbeda551b0c6acc48c6474aa0a07a2c563bba580618b66d2c36b	false	false	true	true	true	-0x1.f28d880e9f4d8p-36	-0x1.f2307fb0aeb8cp-36	-0x1.f28d880e9f4d8p-36	-0x1.f2307fb0aeb8cp-36	true	true
328	164	D4	U07-0000000106_S08-0000000174	175	10	14	NA	NA	7	106	8	174	C0Rect2Set	DESCENDANT_PROBE_PASS	0	3095	f8362f67d6cf6ae35784a85b6eba08319aa30797c341c4e229ff02baf9f1bb72	1bf59dc010ad8668f0d770b7c64ed1e505c19e0d3a6fecf0f09cf58809d8feb5	9a73d800ed1fd2b238b82ce8ac91536f59a3afdf38e636ddc895f6effa4ac9f4	b40dbda28e71d2367f5dd0d86bf4056bebc492eececff96ed29303cd1c81e1b2	e3b0c44298fc1c149afbf4c8996fb92427ae41e4649b934ca495991b7852b855	bea46ab4cf4adbeda551b0c6acc48c6474aa0a07a2c563bba580618b66d2c36b	false	false	true	true	true	-0x1.f28d9bd290c3cp-36	-0x1.f2306bf006967p-36	-0x1.f28d9bd290c3cp-36	-0x1.f2306bf006967p-36	true	true
329	165	D4	U07-0000000106_S08-0000000175	176	10	15	NA	NA	7	106	8	175	C0HORect2Set	DESCENDANT_PROBE_PASS	0	3163	0e885cff5451d5a684d49658694f0457367a85ce1a1711076ce1f9cd7d7ba104	ef10de38cd32ee1ba9b4a8b28ec80407306f993c70286cbb8247d914f651693b	b5e0b04a6373948c34833e8c8a25fe6bd9f129f1d6351a4a70c043498840a997	2d74234e073e0d136edb884130c037b6270380857ec0f8b6dfbdbcba069a3103	e3b0c44298fc1c149afbf4c8996fb92427ae41e4649b934ca495991b7852b855	bea46ab4cf4adbeda551b0c6acc48c6474aa0a07a2c563bba580618b66d2c36b	false	false	true	true	true	-0x1.f2714d2feb95fp-36	-0x1.f21448b201101p-36	-0x1.f2714d2feb95fp-36	-0x1.f21448b201101p-36	true	true
330	165	D4	U07-0000000106_S08-0000000175	176	10	15	NA	NA	7	106	8	175	C0Rect2Set	DESCENDANT_PROBE_PASS	0	3079	0e885cff5451d5a684d49658694f0457367a85ce1a1711076ce1f9cd7d7ba104	ef10de38cd32ee1ba9b4a8b28ec80407306f993c70286cbb8247d914f651693b	5ccd180ee36d7995b8321a1c9a82224c57c5fb844731b03812e76a01dbdac090	a7a10e3d856659e987c8c7e4d5a5d2ef1f93063c13212081ec41f8b9cb3a723c	e3b0c44298fc1c149afbf4c8996fb92427ae41e4649b934ca495991b7852b855	bea46ab4cf4adbeda551b0c6acc48c6474aa0a07a2c563bba580618b66d2c36b	false	false	true	true	true	-0x1.f27160f3e341ap-36	-0x1.f21434f152891p-36	-0x1.f27160f3e341ap-36	-0x1.f21434f152891p-36	true	true
331	166	D4	U07-0000000107_S08-0000000162	179	11	2	NA	NA	7	107	8	162	C0HORect2Set	DESCENDANT_PROBE_PASS	0	3245	75a86c8287a81063b3171702ac518ecca01918d72cd8e6bb488708fe6038f8d6	59d937a8d722ca5666dc967c04f4d7bcc7d763c999aa9f0f501ea6eede2dcffd	0df48b90883677e9a6485d90c6cddcc7fbc7d6cb9aa46dad51c864a1829c48fb	7e5896535f512d316cf2c54b7bb28d969fc2a349bf3c0c52aa280011c5b84427	e3b0c44298fc1c149afbf4c8996fb92427ae41e4649b934ca495991b7852b855	bea46ab4cf4adbeda551b0c6acc48c6474aa0a07a2c563bba580618b66d2c36b	false	false	true	true	true	-0x1.f3dcf5520d559p-36	-0x1.f37fbec697f44p-36	-0x1.f3dcf5520d559p-36	-0x1.f37fbec697f44p-36	true	true
332	166	D4	U07-0000000107_S08-0000000162	179	11	2	NA	NA	7	107	8	162	C0Rect2Set	DESCENDANT_PROBE_PASS	0	3072	75a86c8287a81063b3171702ac518ecca01918d72cd8e6bb488708fe6038f8d6	59d937a8d722ca5666dc967c04f4d7bcc7d763c999aa9f0f501ea6eede2dcffd	7bb57369907aa660cbfd7904baafeb948525c88c5080bdbc2bed594eb51a968f	58e89fab7cb2a131b41c70b6e9361284565a464a77e1f831b1a03b5e43855e1b	e3b0c44298fc1c149afbf4c8996fb92427ae41e4649b934ca495991b7852b855	bea46ab4cf4adbeda551b0c6acc48c6474aa0a07a2c563bba580618b66d2c36b	false	false	true	true	true	-0x1.f3dd091b75087p-36	-0x1.f37fab0078ca8p-36	-0x1.f3dd091b75087p-36	-0x1.f37fab0078ca8p-36	true	true
333	167	D4	U07-0000000107_S08-0000000163	180	11	3	NA	NA	7	107	8	163	C0HORect2Set	DESCENDANT_PROBE_PASS	0	3183	ad9b67dfd3897c93eb538d9db86d76b92fbac4a687e9951f8a8b0159ee701b43	b24011c903d6eedddadd4c5fae9195b97ede234d1b333fa9c0702082dc28802a	1cb0664812e62081c14d532dfc7507c4f1f7f5f9316588ad69d54bc46f8b8e3b	9e7727f30701242130d4f539e2ea0097cbd51f25045fd6c56dffca0c8e3b3ce6	e3b0c44298fc1c149afbf4c8996fb92427ae41e4649b934ca495991b7852b855	bea46ab4cf4adbeda551b0c6acc48c6474aa0a07a2c563bba580618b66d2c36b	false	false	true	true	true	-0x1.f3c0b1062153ap-36	-0x1.f3637e5bf8b1p-36	-0x1.f3c0b1062153ap-36	-0x1.f3637e5bf8b1p-36	true	true
334	167	D4	U07-0000000107_S08-0000000163	180	11	3	NA	NA	7	107	8	163	C0Rect2Set	DESCENDANT_PROBE_PASS	0	3081	ad9b67dfd3897c93eb538d9db86d76b92fbac4a687e9951f8a8b0159ee701b43	b24011c903d6eedddadd4c5fae9195b97ede234d1b333fa9c0702082dc28802a	e81d39d9dd99c7528b7372d73f5263135b0941cc9f95d7b5a9b23c845205eae3	525c8446cb997226d5c611d3e17e4bf814827c396f41a7b4efb51e3d9d3f121e	e3b0c44298fc1c149afbf4c8996fb92427ae41e4649b934ca495991b7852b855	bea46ab4cf4adbeda551b0c6acc48c6474aa0a07a2c563bba580618b66d2c36b	false	false	true	true	true	-0x1.f3c0c4cf1f2e7p-36	-0x1.f3636a96456edp-36	-0x1.f3c0c4cf1f2e7p-36	-0x1.f3636a96456edp-36	true	true
335	168	D4	U07-0000000107_S08-0000000164	181	11	4	NA	NA	7	107	8	164	C0HORect2Set	DESCENDANT_PROBE_PASS	0	3185	5722408c7910be61f22105ed3b6d807fdc42f37a08614032f4ee3fdbad07ed54	aa427a8cfca6a27104c7b38e77b4de0702fd5483682c7309de2e98f2972de55c	ac584d8b5afaea2da8e854ccdb38acbe97e6189766ad78f83d26344d50b44a99	6399f895c8efe1ca839f53a7e931e5c47ecf80cce49e7be8f57971af5e693638	e3b0c44298fc1c149afbf4c8996fb92427ae41e4649b934ca495991b7852b855	bea46ab4cf4adbeda551b0c6acc48c6474aa0a07a2c563bba580618b66d2c36b	false	false	true	true	true	-0x1.f3a46d86b9b59p-36	-0x1.f3473ebd741a3p-36	-0x1.f3a46d86b9b59p-36	-0x1.f3473ebd741a3p-36	true	true
336	168	D4	U07-0000000107_S08-0000000164	181	11	4	NA	NA	7	107	8	164	C0Rect2Set	DESCENDANT_PROBE_PASS	0	3087	5722408c7910be61f22105ed3b6d807fdc42f37a08614032f4ee3fdbad07ed54	aa427a8cfca6a27104c7b38e77b4de0702fd5483682c7309de2e98f2972de55c	b70e6085417da5ab0f9afd2789574802d20e1a006cb26dce8c5e330c5e1ff702	52d52a2e780c1b7ccad597436d59b79964771be8a2e9bda7b19eaf07459c9c58	e3b0c44298fc1c149afbf4c8996fb92427ae41e4649b934ca495991b7852b855	bea46ab4cf4adbeda551b0c6acc48c6474aa0a07a2c563bba580618b66d2c36b	false	false	true	true	true	-0x1.f3a4814f3487bp-36	-0x1.f3472af84255ap-36	-0x1.f3a4814f3487bp-36	-0x1.f3472af84255ap-36	true	true
337	169	D4	U07-0000000107_S08-0000000165	182	11	5	NA	NA	7	107	8	165	C0HORect2Set	DESCENDANT_PROBE_PASS	0	3178	c997faf4040158a441a90a577ce6b5a92d6039395cec5a18c09beeed7e33f72a	45bc1bdd499ad464ad50dbaa30a8949e7ac7992ec62d0ef6ad90a008f4f5fec1	9580b9303e24bdac44969cb2fc7de63fdf1af9fe5b120809d506b483c9420cde	824abd52b791023e7e2534232bfeb542d8ccd775964a01fc8f52781066b96390	e3b0c44298fc1c149afbf4c8996fb92427ae41e4649b934ca495991b7852b855	bea46ab4cf4adbeda551b0c6acc48c6474aa0a07a2c563bba580618b66d2c36b	false	false	true	true	true	-0x1.f3882adec802cp-36	-0x1.f32affdfb360fp-36	-0x1.f3882adec802cp-36	-0x1.f32affdfb360fp-36	true	true
338	169	D4	U07-0000000107_S08-0000000165	182	11	5	NA	NA	7	107	8	165	C0Rect2Set	DESCENDANT_PROBE_PASS	0	3212	c997faf4040158a441a90a577ce6b5a92d6039395cec5a18c09beeed7e33f72a	45bc1bdd499ad464ad50dbaa30a8949e7ac7992ec62d0ef6ad90a008f4f5fec1	c805b41d71ac862088fd74c95b65fd5fa47ecee4f3f15daf7762d864a2ef59fb	1c3ec5bc87c5d74224d38f97ec3202e5f065d63423545587833cf7a7165589a0	e3b0c44298fc1c149afbf4c8996fb92427ae41e4649b934ca495991b7852b855	bea46ab4cf4adbeda551b0c6acc48c6474aa0a07a2c563bba580618b66d2c36b	false	false	true	true	true	-0x1.f3883ea7381cdp-36	-0x1.f32aec1a8c21ep-36	-0x1.f3883ea7381cdp-36	-0x1.f32aec1a8c21ep-36	true	true
339	170	D4	U07-0000000107_S08-0000000166	183	11	6	NA	NA	7	107	8	166	C0HORect2Set	DESCENDANT_PROBE_PASS	0	3217	58744d7e516d0ce0fb5477f6c02e33409c5be42cb740155fa3998dba5ffd1627	cd2684bcc68194b9e08300dd089eef89957a5410dae2e9543bf7b658081d317b	ecb193378cb889d8965a3d67837332898b1ac9376ddb7af1d97809298ef1284d	c0ff1285042bf0b4ead50e9e51f9c1cf8cb640ff572ea2fd015736475351e816	e3b0c44298fc1c149afbf4c8996fb92427ae41e4649b934ca495991b7852b855	bea46ab4cf4adbeda551b0c6acc48c6474aa0a07a2c563bba580618b66d2c36b	false	false	true	true	true	-0x1.f36be8f858f95p-36	-0x1.f30ec1d94bfc1p-36	-0x1.f36be8f858f95p-36	-0x1.f30ec1d94bfc1p-36	true	true
340	170	D4	U07-0000000107_S08-0000000166	183	11	6	NA	NA	7	107	8	166	C0Rect2Set	DESCENDANT_PROBE_PASS	0	3099	58744d7e516d0ce0fb5477f6c02e33409c5be42cb740155fa3998dba5ffd1627	cd2684bcc68194b9e08300dd089eef89957a5410dae2e9543bf7b658081d317b	eac10fdf0148187c19b3308fc8b708424405c3262e9ef591c7d330ffe140ab9b	89d8b314713e546255e2b8bcf96a304a49e3ed31eeaf0030277d8f98e190feb9	e3b0c44298fc1c149afbf4c8996fb92427ae41e4649b934ca495991b7852b855	bea46ab4cf4adbeda551b0c6acc48c6474aa0a07a2c563bba580618b66d2c36b	false	false	true	true	true	-0x1.f36bfcbfee40bp-36	-0x1.f30eae1501dd1p-36	-0x1.f36bfcbfee40bp-36	-0x1.f30eae1501dd1p-36	true	true
341	171	D4	U07-0000000107_S08-0000000167	184	11	7	NA	NA	7	107	8	167	C0HORect2Set	DESCENDANT_PROBE_PASS	0	3191	1eec3a77b877ba6f56206fedfbca36dba429774e361b30aef2c09d6c6231a70f	157e9f42ff97927248d5308bd95e475e82302a422bca5e6bbd26ee3f1a6bdb5e	2bbb9d59ee00fa46a7d9228c8120d29280fbe482a5269d7e3ac48f0a601985e6	a7ce84b8420d4209a68baa1738570cfc7a8bc6b80d11803c16ad45fbd28d4776	e3b0c44298fc1c149afbf4c8996fb92427ae41e4649b934ca495991b7852b855	bea46ab4cf4adbeda551b0c6acc48c6474aa0a07a2c563bba580618b66d2c36b	false	false	true	true	true	-0x1.f34fa7dd21ffp-36	-0x1.f2f284a02e8f7p-36	-0x1.f34fa7dd21ffp-36	-0x1.f2f284a02e8f7p-36	true	true
342	171	D4	U07-0000000107_S08-0000000167	184	11	7	NA	NA	7	107	8	167	C0Rect2Set	DESCENDANT_PROBE_PASS	0	3076	1eec3a77b877ba6f56206fedfbca36dba429774e361b30aef2c09d6c6231a70f	157e9f42ff97927248d5308bd95e475e82302a422bca5e6bbd26ee3f1a6bdb5e	fb4be06ce0717c9e8a2e99b1ce7eb008ea0cb0ceff10c07452c6ac0fadb3eb04	8626bd6d626c223728011a99be035d50135feda2d0347870cb0f57ef09997f2e	e3b0c44298fc1c149afbf4c8996fb92427ae41e4649b934ca495991b7852b855	bea46ab4cf4adbeda551b0c6acc48c6474aa0a07a2c563bba580618b66d2c36b	false	false	true	true	true	-0x1.f34fbba441f73p-36	-0x1.f2f270dc571e7p-36	-0x1.f34fbba441f73p-36	-0x1.f2f270dc571e7p-36	true	true
343	172	D4	U07-0000000107_S08-0000000168	185	11	8	NA	NA	7	107	8	168	C0HORect2Set	DESCENDANT_PROBE_PASS	0	3188	b80740d2af81ef19b03ebc224ff0bbca6b6e4e54eaeaf70bbaa4fe68ae250deb	a336f8adf27abd3f5cc1e6aae9a3f0c7aca01a511408e513719bf4fb5784950f	5c2269b91c8fb1ef78094b97c807e075db84b3e376b4e83aaf6ca2d556ab2d06	ea22993d07918ab43588996e36575eb55a08a7e5903084f50e7063a5879bb7ea	e3b0c44298fc1c149afbf4c8996fb92427ae41e4649b934ca495991b7852b855	bea46ab4cf4adbeda551b0c6acc48c6474aa0a07a2c563bba580618b66d2c36b	false	false	true	true	true	-0x1.f333678ef32d2p-36	-0x1.f2d648327b02cp-36	-0x1.f333678ef32d2p-36	-0x1.f2d648327b02cp-36	true	true
344	172	D4	U07-0000000107_S08-0000000168	185	11	8	NA	NA	7	107	8	168	C0Rect2Set	DESCENDANT_PROBE_PASS	0	3079	b80740d2af81ef19b03ebc224ff0bbca6b6e4e54eaeaf70bbaa4fe68ae250deb	a336f8adf27abd3f5cc1e6aae9a3f0c7aca01a511408e513719bf4fb5784950f	f76c202f0186a9dbede365636ca82b2dbc1d080db83395b1a1cbb5a6e01736b9	d5f89cc2ef2e4f77eef8e59058d4561d8f84448a08f003633b26b6a49963d4f0	e3b0c44298fc1c149afbf4c8996fb92427ae41e4649b934ca495991b7852b855	bea46ab4cf4adbeda551b0c6acc48c6474aa0a07a2c563bba580618b66d2c36b	false	false	true	true	true	-0x1.f3337b558fc1cp-36	-0x1.f2d6346f269afp-36	-0x1.f3337b558fc1cp-36	-0x1.f2d6346f269afp-36	true	true
345	173	D4	U07-0000000107_S08-0000000169	186	11	9	NA	NA	7	107	8	169	C0HORect2Set	DESCENDANT_PROBE_PASS	0	3186	a0c20e2731a553daf8894e528316dd8c8557abd18ed1fa385f17c7c649fe1f8c	284ec2b5b0d13de49b4f66a6c3bd52371c346d8a8e7e2b08a4e00802df1acc5b	40382f51a3be5d5cdeeb803a040d1253fd579291c529bf7a2df840318e14e438	90d6043df12979e0cd4b92dac6e37dd07c562f024ec07056aa90a31cff77b340	e3b0c44298fc1c149afbf4c8996fb92427ae41e4649b934ca495991b7852b855	bea46ab4cf4adbeda551b0c6acc48c6474aa0a07a2c563bba580618b66d2c36b	false	false	true	true	true	-0x1.f317280d4185ep-36	-0x1.f2ba0c90b2eb8p-36	-0x1.f317280d4185ep-36	-0x1.f2ba0c90b2eb8p-36	true	true
346	173	D4	U07-0000000107_S08-0000000169	186	11	9	NA	NA	7	107	8	169	C0Rect2Set	DESCENDANT_PROBE_PASS	0	3089	a0c20e2731a553daf8894e528316dd8c8557abd18ed1fa385f17c7c649fe1f8c	284ec2b5b0d13de49b4f66a6c3bd52371c346d8a8e7e2b08a4e00802df1acc5b	1ffbea975b80dd9d01608051145777ab15a1be468e932da6fb92950fedf6a108	3d463fbbc203d29b72ff0a3924e655428387ed25036bda467b760080dc074bb3	e3b0c44298fc1c149afbf4c8996fb92427ae41e4649b934ca495991b7852b855	bea46ab4cf4adbeda551b0c6acc48c6474aa0a07a2c563bba580618b66d2c36b	false	false	true	true	true	-0x1.f3173bd333afbp-36	-0x1.f2b9f8ce09f9fp-36	-0x1.f3173bd333afbp-36	-0x1.f2b9f8ce09f9fp-36	true	true
347	174	D4	U07-0000000107_S08-0000000170	187	11	10	NA	NA	7	107	8	170	C0HORect2Set	DESCENDANT_PROBE_PASS	0	3183	25b861e810a36478f1723d6ecf09e9f722175c2c8f0c3d2b886c1b7abae03255	c3157570204a03bdc3c4b9b4ad05203157fc41170740a123d0c40952220c7369	5a32b344866a7c2f04da23041c20c1335cdb13b653c5c7cf6913f74f3423f121	8eb49099f6969ac547ec8848a2290cbb7a0e7961f99de9c9d916b34298c145d4	e3b0c44298fc1c149afbf4c8996fb92427ae41e4649b934ca495991b7852b855	bea46ab4cf4adbeda551b0c6acc48c6474aa0a07a2c563bba580618b66d2c36b	false	false	true	true	true	-0x1.f2fae957dce13p-36	-0x1.f29dd1bafeac2p-36	-0x1.f2fae957dce13p-36	-0x1.f29dd1bafeac2p-36	true	true
348	174	D4	U07-0000000107_S08-0000000170	187	11	10	NA	NA	7	107	8	170	C0Rect2Set	DESCENDANT_PROBE_PASS	0	3080	25b861e810a36478f1723d6ecf09e9f722175c2c8f0c3d2b886c1b7abae03255	c3157570204a03bdc3c4b9b4ad05203157fc41170740a123d0c40952220c7369	d7c3da2bdb769099731f8660322c8b7a782e2693bf46f05f75adf7fbdf03bcde	31fd8d31583ede6612acea96b83ffd58e57b5430c5373e9fbbe7867bbe055ac2	e3b0c44298fc1c149afbf4c8996fb92427ae41e4649b934ca495991b7852b855	bea46ab4cf4adbeda551b0c6acc48c6474aa0a07a2c563bba580618b66d2c36b	false	false	true	true	true	-0x1.f2fafd1d569ap-36	-0x1.f29dbdf8cd99ap-36	-0x1.f2fafd1d569ap-36	-0x1.f29dbdf8cd99ap-36	true	true
349	175	D4	U07-0000000107_S08-0000000171	188	11	11	NA	NA	7	107	8	171	C0HORect2Set	DESCENDANT_PROBE_PASS	0	3179	1a68247af521b779792c23290383e2baf53b3e990660c25df0b64a150e59d0f1	b7ead91d48ef14df8dbec182633f48f697eb8475cd0059ae888a48715f4048d7	995c4d8438bcbfc9abd1725c34e4302e109ec76ed0046767e29c8b89462d4b69	1bac71c4d1bff2c3e48c9bb1b849c5fe5258d63ae294ada252fe57e391f81912	e3b0c44298fc1c149afbf4c8996fb92427ae41e4649b934ca495991b7852b855	bea46ab4cf4adbeda551b0c6acc48c6474aa0a07a2c563bba580618b66d2c36b	false	false	true	true	true	-0x1.f2deab6e4961ap-36	-0x1.f28197b1cdc8ap-36	-0x1.f2deab6e4961ap-36	-0x1.f28197b1cdc8ap-36	true	true
350	175	D4	U07-0000000107_S08-0000000171	188	11	11	NA	NA	7	107	8	171	C0Rect2Set	DESCENDANT_PROBE_PASS	0	3094	1a68247af521b779792c23290383e2baf53b3e990660c25df0b64a150e59d0f1	b7ead91d48ef14df8dbec182633f48f697eb8475cd0059ae888a48715f4048d7	fa11cabee5d9a7f27f1c431b980960a37083191685f8b70581087ef39659aacb	a16b06722bc347153d97d6c021a776a19472f425321872a1f26ff08447cfa77a	e3b0c44298fc1c149afbf4c8996fb92427ae41e4649b934ca495991b7852b855	bea46ab4cf4adbeda551b0c6acc48c6474aa0a07a2c563bba580618b66d2c36b	false	false	true	true	true	-0x1.f2debf33aef32p-36	-0x1.f28183efb1c01p-36	-0x1.f2debf33aef32p-36	-0x1.f28183efb1c01p-36	true	true
351	176	D4	U07-0000000107_S08-0000000172	189	11	12	NA	NA	7	107	8	172	C0HORect2Set	DESCENDANT_PROBE_PASS	0	3171	925bb793f6cf69d6fb03bcddf04e5c6cfb4558e407e7e0ef107308fe2d05aef8	c44e29963c00118b3bc01e39e7d0d0e315bdc90b59d0d2148eb42e22d958fba0	094e43ef68d02f85d7f0af41179609341d8014109a0c8ecfb488a385eca3d22a	32f7cb6201bdd0aa3b420069e7f017b7eee21426be2aa8eac2f8370f8675e915	e3b0c44298fc1c149afbf4c8996fb92427ae41e4649b934ca495991b7852b855	bea46ab4cf4adbeda551b0c6acc48c6474aa0a07a2c563bba580618b66d2c36b	false	false	true	true	true	-0x1.f2c26e5148102p-36	-0x1.f2655e7456d8p-36	-0x1.f2c26e5148102p-36	-0x1.f2655e7456d8p-36	true	true
352	176	D4	U07-0000000107_S08-0000000172	189	11	12	NA	NA	7	107	8	172	C0Rect2Set	DESCENDANT_PROBE_PASS	0	3074	925bb793f6cf69d6fb03bcddf04e5c6cfb4558e407e7e0ef107308fe2d05aef8	c44e29963c00118b3bc01e39e7d0d0e315bdc90b59d0d2148eb42e22d958fba0	345743831e1752463979a2f84b027cb1efd652e94fa141ead2c423681e1f70f6	554f4f10586f45b2c423d89236818eefeb77688da225bcc45675606be856b5e1	e3b0c44298fc1c149afbf4c8996fb92427ae41e4649b934ca495991b7852b855	bea46ab4cf4adbeda551b0c6acc48c6474aa0a07a2c563bba580618b66d2c36b	false	false	true	true	true	-0x1.f2c282163ae6p-36	-0x1.f2654ab2ad67fp-36	-0x1.f2c282163ae6p-36	-0x1.f2654ab2ad67fp-36	true	true
353	177	D4	U07-0000000107_S08-0000000173	190	11	13	NA	NA	7	107	8	173	C0HORect2Set	DESCENDANT_PROBE_PASS	0	3167	7a9f8a152594fbaf76c97a05f9b28b58ad626f6489e5144e1cad66011680e971	71bfd027c509b7c6768d3a8eb71373388acf00fd187c664987457cb0ff8bd88d	deee9ba12405c112a657989ea0749ff27aaa9f1eb1374507b93e0dc2df702f7a	8bb65cc7083cb6a5f882afd8d8d0d1a57ca48c9ecab486e833f728061387c383	e3b0c44298fc1c149afbf4c8996fb92427ae41e4649b934ca495991b7852b855	bea46ab4cf4adbeda551b0c6acc48c6474aa0a07a2c563bba580618b66d2c36b	false	false	true	true	true	-0x1.f2a632007232ep-36	-0x1.f2492602f6e28p-36	-0x1.f2a632007232ep-36	-0x1.f2492602f6e28p-36	true	true
354	177	D4	U07-0000000107_S08-0000000173	190	11	13	NA	NA	7	107	8	173	C0Rect2Set	DESCENDANT_PROBE_PASS	0	3089	7a9f8a152594fbaf76c97a05f9b28b58ad626f6489e5144e1cad66011680e971	71bfd027c509b7c6768d3a8eb71373388acf00fd187c664987457cb0ff8bd88d	7df794c53c86c0bccf0400227a3528fdfb743d1c40e16da9f970c131af7932e3	14577682a345fa4225523c9f4dbd49e72593949cfa6bcbde9250c82fe904d639	e3b0c44298fc1c149afbf4c8996fb92427ae41e4649b934ca495991b7852b855	bea46ab4cf4adbeda551b0c6acc48c6474aa0a07a2c563bba580618b66d2c36b	false	false	true	true	true	-0x1.f2a645c4fcf34p-36	-0x1.f2491241b489cp-36	-0x1.f2a645c4fcf34p-36	-0x1.f2491241b489cp-36	true	true
355	178	D4	U07-0000000107_S08-0000000174	191	11	14	NA	NA	7	107	8	174	C0HORect2Set	DESCENDANT_PROBE_PASS	0	3202	d035657dbb262604fe4de5ae30711e532dec2df8f2a2cb5fac0fa6c2d6d0af98	5da0d406083e41fde67ebfd6cd39fc03e1993e68b06a2c6889f66e8f3aa3755a	7aac364be82dc211ea8f280e3fb7cbfdf4b555b49f92dcc0c03838d44c9f858b	30f5da9739a25275f3f178a46228fa8b3aadcdb51222706063498b9961144486	e3b0c44298fc1c149afbf4c8996fb92427ae41e4649b934ca495991b7852b855	bea46ab4cf4adbeda551b0c6acc48c6474aa0a07a2c563bba580618b66d2c36b	false	false	true	true	true	-0x1.f289f67bb41d9p-36	-0x1.f22cee5db47ep-36	-0x1.f289f67bb41d9p-36	-0x1.f22cee5db47ep-36	true	true
356	178	D4	U07-0000000107_S08-0000000174	191	11	14	NA	NA	7	107	8	174	C0Rect2Set	DESCENDANT_PROBE_PASS	0	3074	d035657dbb262604fe4de5ae30711e532dec2df8f2a2cb5fac0fa6c2d6d0af98	5da0d406083e41fde67ebfd6cd39fc03e1993e68b06a2c6889f66e8f3aa3755a	3a5f1a177cfd94cf439523f781a3aecb008461f05e62d432bbe814139469b885	cd039e79407eb574a62c35339ae77426f6701d3583e650155b4becc218dbf7a7	e3b0c44298fc1c149afbf4c8996fb92427ae41e4649b934ca495991b7852b855	bea46ab4cf4adbeda551b0c6acc48c6474aa0a07a2c563bba580618b66d2c36b	false	false	true	true	true	-0x1.f28a0a3fe3738p-36	-0x1.f22cda9cce454p-36	-0x1.f28a0a3fe3738p-36	-0x1.f22cda9cce454p-36	true	true
357	179	D4	U07-0000000107_S08-0000000175	192	11	15	NA	NA	7	107	8	175	C0HORect2Set	DESCENDANT_PROBE_PASS	0	3152	2f500e9865ea6578fa2a19a57134159f646bfea7b717791a723e9992b32f1325	84cae80be3f6623b8789c7b96e620fa235bfd402c3af5031f3a0f515d516e920	4c92c41aa4d416b61fe857b3a51eec6bc6b72f8ba84eccca5195294848697d32	6ca1b1cd123c53ebf103cf295710963d7e8a7f7741cffc855377358ce447cd3f	e3b0c44298fc1c149afbf4c8996fb92427ae41e4649b934ca495991b7852b855	bea46ab4cf4adbeda551b0c6acc48c6474aa0a07a2c563bba580618b66d2c36b	false	false	true	true	true	-0x1.f26dbbc343554p-36	-0x1.f210b784526f8p-36	-0x1.f26dbbc343554p-36	-0x1.f210b784526f8p-36	true	true
358	179	D4	U07-0000000107_S08-0000000175	192	11	15	NA	NA	7	107	8	175	C0Rect2Set	DESCENDANT_PROBE_PASS	0	3127	2f500e9865ea6578fa2a19a57134159f646bfea7b717791a723e9992b32f1325	84cae80be3f6623b8789c7b96e620fa235bfd402c3af5031f3a0f515d516e920	e8000b10f7c0777ba2f812c4cbc25bf91a117978d36523b41851ed9e71dd9ba6	6000b181db4afe31900feaa3301f15b4956062ff345bb0225b3448e1a19b71ba	e3b0c44298fc1c149afbf4c8996fb92427ae41e4649b934ca495991b7852b855	bea46ab4cf4adbeda551b0c6acc48c6474aa0a07a2c563bba580618b66d2c36b	false	false	true	true	true	-0x1.f26dcf86fcf21p-36	-0x1.f210a3c3e24bp-36	-0x1.f26dcf86fcf21p-36	-0x1.f210a3c3e24bp-36	true	true
359	180	D4	U07-0000000108_S08-0000000163	196	12	3	NA	NA	7	108	8	163	C0HORect2Set	DESCENDANT_PROBE_PASS	0	3175	6d282c597771915d14e021a035cc979c4fdf04259194b0e7645448fc5050ef13	9790e74043e68505d6780a6cdd33b751e4b3d7e7d540bd5b2f3f4fee84943754	02a646327cf6ae5c57708c7bd6f74467d538c219b0da6afa81ce5fc20f14b21f	6b25e568304eab0f545b689a0cb82ce3bf80a912f8978b67fbf54a741fdd6449	e3b0c44298fc1c149afbf4c8996fb92427ae41e4649b934ca495991b7852b855	bea46ab4cf4adbeda551b0c6acc48c6474aa0a07a2c563bba580618b66d2c36b	false	false	true	true	true	-0x1.f3bd1dd0c32e6p-36	-0x1.f35feb652c3c5p-36	-0x1.f3bd1dd0c32e6p-36	-0x1.f35feb652c3c5p-36	true	true
360	180	D4	U07-0000000108_S08-0000000163	196	12	3	NA	NA	7	108	8	163	C0Rect2Set	DESCENDANT_PROBE_PASS	0	3106	6d282c597771915d14e021a035cc979c4fdf04259194b0e7645448fc5050ef13	9790e74043e68505d6780a6cdd33b751e4b3d7e7d540bd5b2f3f4fee84943754	ddc51d7c9a3e3a2ecbe84d305ff552ae65b28640d7b5c6e52a5e3233dc730f29	907daaab9a37ece2114e0a6916b2ea437817411a69eed138b9108e1c2aa04aac	e3b0c44298fc1c149afbf4c8996fb92427ae41e4649b934ca495991b7852b855	bea46ab4cf4adbeda551b0c6acc48c6474aa0a07a2c563bba580618b66d2c36b	false	false	true	true	true	-0x1.f3bd319993fd9p-36	-0x1.f35fd79fa5c29p-36	-0x1.f3bd319993fd9p-36	-0x1.f35fd79fa5c29p-36	true	true
361	181	D4	U07-0000000108_S08-0000000164	197	12	4	NA	NA	7	108	8	164	C0HORect2Set	DESCENDANT_PROBE_PASS	0	3176	2741780d7df93e4edfa571cf447037d3120528cdda66eb7a372f7baaee03e839	0c0a9f4c287f6f578e561119b2b1de96f45065380bdd4e63ca3ba7480acc9ce8	e971439cc67289a64d5eb41c62f77a4575472672109b28a5a71e2b2c605d0520	51a5a7c7944f87e31af80bd96c931d9c913ce55d92787f9fc527633c0321388b	e3b0c44298fc1c149afbf4c8996fb92427ae41e4649b934ca495991b7852b855	bea46ab4cf4adbeda551b0c6acc48c6474aa0a07a2c563bba580618b66d2c36b	false	false	true	true	true	-0x1.f3a0da76e67f2p-36	-0x1.f343abecac076p-36	-0x1.f3a0da76e67f2p-36	-0x1.f343abecac076p-36	true	true
362	181	D4	U07-0000000108_S08-0000000164	197	12	4	NA	NA	7	108	8	164	C0Rect2Set	DESCENDANT_PROBE_PASS	0	3095	2741780d7df93e4edfa571cf447037d3120528cdda66eb7a372f7baaee03e839	0c0a9f4c287f6f578e561119b2b1de96f45065380bdd4e63ca3ba7480acc9ce8	2804eb6b2ab5ca09859b3708070d23f31290bcea4f788e82b0fb792d047e387f	47631a2e0908a56b6116fdf9ecbe40eb7bde2667efdf727dedfa446591ffa7d4	e3b0c44298fc1c149afbf4c8996fb92427ae41e4649b934ca495991b7852b855	bea46ab4cf4adbeda551b0c6acc48c6474aa0a07a2c563bba580618b66d2c36b	false	false	true	true	true	-0x1.f3a0ee3f67e2bp-36	-0x1.f34398277368cp-36	-0x1.f3a0ee3f67e2bp-36	-0x1.f34398277368cp-36	true	true
363	182	D4	U07-0000000108_S08-0000000165	198	12	5	NA	NA	7	108	8	165	C0HORect2Set	DESCENDANT_PROBE_PASS	0	3159	8ab18c4e1c1d59cfdffc2fa0b0e568a561a1b22e193b15ff3053954ddeb58f57	df7f3d765b6f723dcb34a3d02a0b71e53caf6c3b9be46ee1919d92c41242443b	12b1493dd5fc28a42eb3f2f2e84091a0467662cc22dc1f573585a0e1a1b9ccdc	efeaa5c7810f586f7e544101ac734b449b176a3d52ada4a8beb371da1c02c98d	e3b0c44298fc1c149afbf4c8996fb92427ae41e4649b934ca495991b7852b855	bea46ab4cf4adbeda551b0c6acc48c6474aa0a07a2c563bba580618b66d2c36b	false	false	true	true	true	-0x1.f38497f4a7686p-36	-0x1.f3276d34c2838p-36	-0x1.f38497f4a7686p-36	-0x1.f3276d34c2838p-36	true	true
364	182	D4	U07-0000000108_S08-0000000165	198	12	5	NA	NA	7	108	8	165	C0Rect2Set	DESCENDANT_PROBE_PASS	0	3092	8ab18c4e1c1d59cfdffc2fa0b0e568a561a1b22e193b15ff3053954ddeb58f57	df7f3d765b6f723dcb34a3d02a0b71e53caf6c3b9be46ee1919d92c41242443b	d06c89acd68d009870726776033203725aad8633d9b1c69c090fcdb4ccba49f4	76934e00ff361230653b2d46c6bed8e9a99d5d38f2bc42d4228971982c6f2745	e3b0c44298fc1c149afbf4c8996fb92427ae41e4649b934ca495991b7852b855	bea46ab4cf4adbeda551b0c6acc48c6474aa0a07a2c563bba580618b66d2c36b	false	false	true	true	true	-0x1.f384abbd0088ep-36	-0x1.f327596fb2d04p-36	-0x1.f384abbd0088ep-36	-0x1.f327596fb2d04p-36	true	true
365	183	D4	U07-0000000108_S08-0000000166	199	12	6	NA	NA	7	108	8	166	C0HORect2Set	DESCENDANT_PROBE_PASS	0	3168	6a2ac61889ca3c93545556ae1c00a1235e64a22ada758b6fa1cf21b7d16c8175	1ece6bc1c0670ee3eedb3bbd61519f51891cdb32c78dc68632eed3eed6eee0fa	357ed0c72e72765f9ec3efdca309b1569a0942610dc9feccb0aff4281011c0ae	49fe8524032aa89856a99ba68e288790a04e52a6a3357dd12f5f119398ec1099	e3b0c44298fc1c149afbf4c8996fb92427ae41e4649b934ca495991b7852b855	bea46ab4cf4adbeda551b0c6acc48c6474aa0a07a2c563bba580618b66d2c36b	false	false	true	true	true	-0x1.f3685633cd8fep-36	-0x1.f30b2f5457ca2p-36	-0x1.f3685633cd8fep-36	-0x1.f30b2f5457ca2p-36	true	true
366	183	D4	U07-0000000108_S08-0000000166	199	12	6	NA	NA	7	108	8	166	C0Rect2Set	DESCENDANT_PROBE_PASS	0	3086	6a2ac61889ca3c93545556ae1c00a1235e64a22ada758b6fa1cf21b7d16c8175	1ece6bc1c0670ee3eedb3bbd61519f51891cdb32c78dc68632eed3eed6eee0fa	22d8bd1f1e5e4fac81160202e817ce61fcc72e76a8d3f99ba4617390216840c1	8cdf1893d0d3ef4a48ffa5cc6504856258d751d48444ea54ae94be2b25db7100	e3b0c44298fc1c149afbf4c8996fb92427ae41e4649b934ca495991b7852b855	bea46ab4cf4adbeda551b0c6acc48c6474aa0a07a2c563bba580618b66d2c36b	false	false	true	true	true	-0x1.f36869fba3c72p-36	-0x1.f30b1b8fca7d2p-36	-0x1.f36869fba3c72p-36	-0x1.f30b1b8fca7d2p-36	true	true
367	184	D4	U07-0000000108_S08-0000000167	200	12	7	NA	NA	7	108	8	167	C0HORect2Set	DESCENDANT_PROBE_PASS	0	3184	477f8965801a636ce0d7d730ff429e8e32854853935ba6d5cc1a489b2b651e77	ccb8e51ee2b26c045260aefeffda705d9c31393713b25d9dc88fba54816f52bb	2ac562ebb606b6cbaf99ec4f5cf78ea59749ed1954a2ef7b1c678791f6ed514f	f7e47d0abc87527bc1dbb2ff00a62bc0ae4384ffd3f22c44c8ab74093baffdc7	e3b0c44298fc1c149afbf4c8996fb92427ae41e4649b934ca495991b7852b855	bea46ab4cf4adbeda551b0c6acc48c6474aa0a07a2c563bba580618b66d2c36b	false	false	true	true	true	-0x1.f34c153ee0668p-36	-0x1.f2eef2407cac4p-36	-0x1.f34c153ee0668p-36	-0x1.f2eef2407cac4p-36	true	true
368	184	D4	U07-0000000108_S08-0000000167	200	12	7	NA	NA	7	108	8	167	C0Rect2Set	DESCENDANT_PROBE_PASS	0	3071	477f8965801a636ce0d7d730ff429e8e32854853935ba6d5cc1a489b2b651e77	ccb8e51ee2b26c045260aefeffda705d9c31393713b25d9dc88fba54816f52bb	da31a05f7f3436c143df318859e0d1401f95a7f8335abe2865f6891de38ec445	ea52a1f053c4daa36d52c1eac3bb47b936e54a1a43eedfee0cc22971bdfc6db0	e3b0c44298fc1c149afbf4c8996fb92427ae41e4649b934ca495991b7852b855	bea46ab4cf4adbeda551b0c6acc48c6474aa0a07a2c563bba580618b66d2c36b	false	false	true	true	true	-0x1.f34c2905b5a32p-36	-0x1.f2eede7cf19cap-36	-0x1.f34c2905b5a32p-36	-0x1.f2eede7cf19cap-36	true	true
369	185	D4	U07-0000000108_S08-0000000168	201	12	8	NA	NA	7	108	8	168	C0HORect2Set	DESCENDANT_PROBE_PASS	0	3166	72cc84c97be3d59eaac958c7c734ca618d71f25d4af8cf3061a84c746512e58c	6e5b8aba67438853ecfde87b46cd82f05a8879466d4c02998a06230d93bd49bc	c7626de54c6fba02fe90b83869208d9c45b6d1b8a70fadc28499587d35741f62	ee093afd2b3825b7cc37bcc728039669bb8fdad874b4b1b9581df31314615478	e3b0c44298fc1c149afbf4c8996fb92427ae41e4649b934ca495991b7852b855	bea46ab4cf4adbeda551b0c6acc48c6474aa0a07a2c563bba580618b66d2c36b	false	false	true	true	true	-0x1.f32fd5164adap-36	-0x1.f2d2b5f8c0202p-36	-0x1.f32fd5164adap-36	-0x1.f2d2b5f8c0202p-36	true	true
370	185	D4	U07-0000000108_S08-0000000168	201	12	8	NA	NA	7	108	8	168	C0Rect2Set	DESCENDANT_PROBE_PASS	0	3071	72cc84c97be3d59eaac958c7c734ca618d71f25d4af8cf3061a84c746512e58c	6e5b8aba67438853ecfde87b46cd82f05a8879466d4c02998a06230d93bd49bc	0d6438ea8f8a03fea6646c77e159c141e64f8094ff17a81c6f0d369dee9b3bbc	9c74c080ba9396269f27a709335dc80afd2a8796861bf0483614fe19439f28a2	e3b0c44298fc1c149afbf4c8996fb92427ae41e4649b934ca495991b7852b855	bea46ab4cf4adbeda551b0c6acc48c6474aa0a07a2c563bba580618b66d2c36b	false	false	true	true	true	-0x1.f32fe8dcc6aebp-36	-0x1.f2d2a2358d5e7p-36	-0x1.f32fe8dcc6aebp-36	-0x1.f2d2a2358d5e7p-36	true	true
371	186	D4	U07-0000000108_S08-0000000169	202	12	9	NA	NA	7	108	8	169	C0HORect2Set	DESCENDANT_PROBE_PASS	0	3244	77050219add7870059d4d8713acc7dcb11852e3f22ee8a134874e788805956c6	713e68ccc099048af05a5c6e0c621eabdaaf2de6ea9622e7794741f3903fa437	173c5c918419aebc29332afa427d26065c76abe6354bf11f5683cd0370b49aeb	dd5f578a43422a435f83cbb7cd88c9ea99532c904d0842c02bece0aa85a2e8c0	e3b0c44298fc1c149afbf4c8996fb92427ae41e4649b934ca495991b7852b855	bea46ab4cf4adbeda551b0c6acc48c6474aa0a07a2c563bba580618b66d2c36b	false	false	true	true	true	-0x1.f31395ba5608dp-36	-0x1.f2b67a7ccb2d1p-36	-0x1.f31395ba5608dp-36	-0x1.f2b67a7ccb2d1p-36	true	true
372	186	D4	U07-0000000108_S08-0000000169	202	12	9	NA	NA	7	108	8	169	C0Rect2Set	DESCENDANT_PROBE_PASS	0	3076	77050219add7870059d4d8713acc7dcb11852e3f22ee8a134874e788805956c6	713e68ccc099048af05a5c6e0c621eabdaaf2de6ea9622e7794741f3903fa437	615ae259738e954246cbc157a5aace424f59d033e67f28341025e24dbffc252b	8b9d250176f00c47f77ea96953ac22b90b9dab26e10ab546b33fb1fc4faf2cfd	e3b0c44298fc1c149afbf4c8996fb92427ae41e4649b934ca495991b7852b855	bea46ab4cf4adbeda551b0c6acc48c6474aa0a07a2c563bba580618b66d2c36b	false	false	true	true	true	-0x1.f313a9802eb58p-36	-0x1.f2b666ba3b7dbp-36	-0x1.f313a9802eb58p-36	-0x1.f2b666ba3b7dbp-36	true	true
373	187	D4	U07-0000000108_S08-0000000170	203	12	10	NA	NA	7	108	8	170	C0HORect2Set	DESCENDANT_PROBE_PASS	0	3160	5889cae2a9684cb2d230602d791e6b4c22f33557c61fae6a046810ef900c5d04	86e72d836eae36d31db89102b9483f0f24beb6834a896e2b7b8300e7a8969a07	980fa1a841ca499636f98011186dcd648ad30c3223b2440a4e5f06c3c15a1477	f6561b890a1edf6da2487bfc557e0221511f699babdb99016284e57fe8ef94d0	e3b0c44298fc1c149afbf4c8996fb92427ae41e4649b934ca495991b7852b855	bea46ab4cf4adbeda551b0c6acc48c6474aa0a07a2c563bba580618b66d2c36b	false	false	true	true	true	-0x1.f2f7572aa8201p-36	-0x1.f29a3fccee85p-36	-0x1.f2f7572aa8201p-36	-0x1.f29a3fccee85p-36	true	true
374	187	D4	U07-0000000108_S08-0000000170	203	12	10	NA	NA	7	108	8	170	C0Rect2Set	DESCENDANT_PROBE_PASS	0	3089	5889cae2a9684cb2d230602d791e6b4c22f33557c61fae6a046810ef900c5d04	86e72d836eae36d31db89102b9483f0f24beb6834a896e2b7b8300e7a8969a07	be4483c1d5b456c7885f19062fbf6014de76be6971056566545f54bf61af4f9c	bc8ca24492946aff2ee5fe8266d9cc13005f0cfcc11815b688177ac747846703	e3b0c44298fc1c149afbf4c8996fb92427ae41e4649b934ca495991b7852b855	bea46ab4cf4adbeda551b0c6acc48c6474aa0a07a2c563bba580618b66d2c36b	false	false	true	true	true	-0x1.f2f76af0128e2p-36	-0x1.f29a2c0acde2fp-36	-0x1.f2f76af0128e2p-36	-0x1.f29a2c0acde2fp-36	true	true
375	188	D4	U07-0000000108_S08-0000000171	204	12	11	NA	NA	7	108	8	171	C0HORect2Set	DESCENDANT_PROBE_PASS	0	3251	3dfdccd6c46bff11517adeec00e5d269bc33c4e7c88c8478827b878b58c0390c	232bdee1fe370386d5d133a1c0135c20693e9b6a2454f8ff6f6a6b25d56414eb	ae1dcdc83c29add439dc6c6d3a4d9d329203b084f57e0924f5a7b3ee1eea6ef1	7c0b54c73e99191868f12613abc7bbc355c9fcd3a41e66aef8b77bf264a6b931	e3b0c44298fc1c149afbf4c8996fb92427ae41e4649b934ca495991b7852b855	bea46ab4cf4adbeda551b0c6acc48c6474aa0a07a2c563bba580618b66d2c36b	false	false	true	true	true	-0x1.f2db19670b98fp-36	-0x1.f27e05e9584f4p-36	-0x1.f2db19670b98fp-36	-0x1.f27e05e9584f4p-36	true	true
376	188	D4	U07-0000000108_S08-0000000171	204	12	11	NA	NA	7	108	8	171	C0Rect2Set	DESCENDANT_PROBE_PASS	0	3121	3dfdccd6c46bff11517adeec00e5d269bc33c4e7c88c8478827b878b58c0390c	232bdee1fe370386d5d133a1c0135c20693e9b6a2454f8ff6f6a6b25d56414eb	de2ac613f17da5ce2fbaed482ac6bd9183037ce803be9c4aa55cd65b91369bdb	3ea977c9ba5c186df48516d40564b68acbe861cd21d7ed2ca10baebdd5ddc47b	e3b0c44298fc1c149afbf4c8996fb92427ae41e4649b934ca495991b7852b855	bea46ab4cf4adbeda551b0c6acc48c6474aa0a07a2c563bba580618b66d2c36b	false	false	true	true	true	-0x1.f2db2d2c2b84fp-36	-0x1.f27df22780bcap-36	-0x1.f2db2d2c2b84fp-36	-0x1.f27df22780bcap-36	true	true
377	189	D4	U07-0000000108_S08-0000000172	205	12	12	NA	NA	7	108	8	172	C0HORect2Set	DESCENDANT_PROBE_PASS	0	3164	a1c68b0183f2ef5e1be20bc19448108e39bd871a0385eef435e5639a22b2be14	08844263de30c8fa4c3f62a0ffbb02ee84f4636aac65c8e5f0f59dc9d844b659	01712b54598d3da05fa831be2db2ba8c6850fe8ddc4551299812f2255ffcce28	933a15e631f94afecf59ac3acdcf92526fd641a4de32215c2eced0b1b5989e50	e3b0c44298fc1c149afbf4c8996fb92427ae41e4649b934ca495991b7852b855	bea46ab4cf4adbeda551b0c6acc48c6474aa0a07a2c563bba580618b66d2c36b	false	false	true	true	true	-0x1.f2bedc6fbf83bp-36	-0x1.f261ccd1bb77p-36	-0x1.f2bedc6fbf83bp-36	-0x1.f261ccd1bb77p-36	true	true
378	189	D4	U07-0000000108_S08-0000000172	205	12	12	NA	NA	7	108	8	172	C0Rect2Set	DESCENDANT_PROBE_PASS	0	3082	a1c68b0183f2ef5e1be20bc19448108e39bd871a0385eef435e5639a22b2be14	08844263de30c8fa4c3f62a0ffbb02ee84f4636aac65c8e5f0f59dc9d844b659	8feb810d7a5ea67d4e094787885195096b5d4299129d85f00e340b07d8acc44c	fdd35bb3c9712b4604ad328959d18bc7930448f617c15a1985ee1f93734d68eb	e3b0c44298fc1c149afbf4c8996fb92427ae41e4649b934ca495991b7852b855	bea46ab4cf4adbeda551b0c6acc48c6474aa0a07a2c563bba580618b66d2c36b	false	false	true	true	true	-0x1.f2bef0347e92ep-36	-0x1.f261b91044f5cp-36	-0x1.f2bef0347e92ep-36	-0x1.f261b91044f5cp-36	true	true
379	190	D4	U07-0000000108_S08-0000000173	206	12	13	NA	NA	7	108	8	173	C0HORect2Set	DESCENDANT_PROBE_PASS	0	3184	aad480a71f14c3b59e5562758b555661aec9a22390beb517e02aaa7630ca46c2	3dda668b082512f0af9635dac716b6852562419e1101dffaa8f2a8b1351448e3	6fb020621404bcb77c89438539c9f39bd5025375145cf53267ab36d60298fcda	5400b9182696b63d37deae5c90bd90f524636edcf8c95b32e74de22120ff17c5	e3b0c44298fc1c149afbf4c8996fb92427ae41e4649b934ca495991b7852b855	bea46ab4cf4adbeda551b0c6acc48c6474aa0a07a2c563bba580618b66d2c36b	false	false	true	true	true	-0x1.f2a2a0448bb9ep-36	-0x1.f245948647419p-36	-0x1.f2a2a0448bb9ep-36	-0x1.f245948647419p-36	true	true
380	190	D4	U07-0000000108_S08-0000000173	206	12	13	NA	NA	7	108	8	173	C0Rect2Set	DESCENDANT_PROBE_PASS	0	3086	aad480a71f14c3b59e5562758b555661aec9a22390beb517e02aaa7630ca46c2	3dda668b082512f0af9635dac716b6852562419e1101dffaa8f2a8b1351448e3	9c5d08c78c5b4ea43e10a5a4cf8c5fe4b06ec61d9aa9309b30c3a0afa861b6db	8705c81ccd079480707b59c2c5817bdf3524b82bfc4274a4494fa1aa4845ab80	e3b0c44298fc1c149afbf4c8996fb92427ae41e4649b934ca495991b7852b855	bea46ab4cf4adbeda551b0c6acc48c6474aa0a07a2c563bba580618b66d2c36b	false	false	true	true	true	-0x1.f2a2b408fff45p-36	-0x1.f24580c51c3b6p-36	-0x1.f2a2b408fff45p-36	-0x1.f24580c51c3b6p-36	true	true
381	191	D4	U07-0000000108_S08-0000000174	207	12	14	NA	NA	7	108	8	174	C0HORect2Set	DESCENDANT_PROBE_PASS	0	3280	9f1b9763c808ea7f064c9d34d888fd9bdf53e77b1cf179282d424bb381e12417	a1c822b8bbcda6c5ac6053676f92727d7d55e58d5f5bc7e36bef13d0a0ee5f49	592df65d1ccf751a1b0d2ba2c79254672fbbcf9edc5babea7cfd3962f3773b70	be931d58ba8777184025effb85a86e92aae2efe7c11aa268b39674131d3f66de	e3b0c44298fc1c149afbf4c8996fb92427ae41e4649b934ca495991b7852b855	bea46ab4cf4adbeda551b0c6acc48c6474aa0a07a2c563bba580618b66d2c36b	false	false	true	true	true	-0x1.f28664e5adfb4p-36	-0x1.f2295d06b464fp-36	-0x1.f28664e5adfb4p-36	-0x1.f2295d06b464fp-36	true	true
382	191	D4	U07-0000000108_S08-0000000174	207	12	14	NA	NA	7	108	8	174	C0Rect2Set	DESCENDANT_PROBE_PASS	0	3069	9f1b9763c808ea7f064c9d34d888fd9bdf53e77b1cf179282d424bb381e12417	a1c822b8bbcda6c5ac6053676f92727d7d55e58d5f5bc7e36bef13d0a0ee5f49	d8e034eefaadc01a8aae3d2eca07fa45042c7a36e6e6b7bdc544632fec7ce86f	e41e972614fd86f311e4d0594ddcf40036ddc6d5f9a682972d9c46010753afd6	e3b0c44298fc1c149afbf4c8996fb92427ae41e4649b934ca495991b7852b855	bea46ab4cf4adbeda551b0c6acc48c6474aa0a07a2c563bba580618b66d2c36b	false	false	true	true	true	-0x1.f28678a9ad7a7p-36	-0x1.f2294945fe7cbp-36	-0x1.f28678a9ad7a7p-36	-0x1.f2294945fe7cbp-36	true	true
383	192	D4	U07-0000000108_S08-0000000175	208	12	15	NA	NA	7	108	8	175	C0HORect2Set	DESCENDANT_PROBE_PASS	0	3189	01633428719205325c20d96224490eb87b839114f03d1e8f9d283c0ddd308cbf	a59510efaba263c6a4b07782c0bac107e89c22bc3c7019d613a6380bb45caf27	84ae8a267127e9d458b57ea536147076873401f3cffe7c4cb46a50888841eb22	6817474705895968e4dff4e0027a63b3bbcedd2e5bc822541b42bcf5f3b0cfad	e3b0c44298fc1c149afbf4c8996fb92427ae41e4649b934ca495991b7852b855	bea46ab4cf4adbeda551b0c6acc48c6474aa0a07a2c563bba580618b66d2c36b	false	false	true	true	true	-0x1.f26a2a52e46b7p-36	-0x1.f20d26533b29ep-36	-0x1.f26a2a52e46b7p-36	-0x1.f20d26533b29ep-36	true	true
384	192	D4	U07-0000000108_S08-0000000175	208	12	15	NA	NA	7	108	8	175	C0Rect2Set	DESCENDANT_PROBE_PASS	0	3082	01633428719205325c20d96224490eb87b839114f03d1e8f9d283c0ddd308cbf	a59510efaba263c6a4b07782c0bac107e89c22bc3c7019d613a6380bb45caf27	78e4b8857a2d60b3ba572d0499c2d1e3a528646bd9fe50eacd15a998275b8ee5	1c78908dbb2727b35b7b16356f16de1944c9454753aee7d744046e24845f1356	e3b0c44298fc1c149afbf4c8996fb92427ae41e4649b934ca495991b7852b855	bea46ab4cf4adbeda551b0c6acc48c6474aa0a07a2c563bba580618b66d2c36b	false	false	true	true	true	-0x1.f26a3e168297bp-36	-0x1.f20d1292e6a19p-36	-0x1.f26a3e168297bp-36	-0x1.f20d1292e6a19p-36	true	true
385	193	D4	U07-0000000109_S08-0000000163	212	13	3	NA	NA	7	109	8	163	C0HORect2Set	DESCENDANT_PROBE_PASS	0	3179	9cfd4d075ab11fe131b859bb6f410e90a90865d48c095d923fee74d614d7a341	b3b05264ee53dbbea5fa8ece3868e7a5520cdc91d6d251f121eeef622b1c9325	d096f8a3ff29d2a559385332945e2c5f41b02aaa77d77ad94500e23608f1ce56	b16848f1587d160be736305ab9ad2e95c68d0c69feb5d81c1c0529f28a9e9ae5	e3b0c44298fc1c149afbf4c8996fb92427ae41e4649b934ca495991b7852b855	bea46ab4cf4adbeda551b0c6acc48c6474aa0a07a2c563bba580618b66d2c36b	false	false	true	true	true	-0x1.f3b98a980d423p-36	-0x1.f35c586a93a98p-36	-0x1.f3b98a980d423p-36	-0x1.f35c586a93a98p-36	true	true
386	193	D4	U07-0000000109_S08-0000000163	212	13	3	NA	NA	7	109	8	163	C0Rect2Set	DESCENDANT_PROBE_PASS	0	3087	9cfd4d075ab11fe131b859bb6f410e90a90865d48c095d923fee74d614d7a341	b3b05264ee53dbbea5fa8ece3868e7a5520cdc91d6d251f121eeef622b1c9325	ad3e2434b91a1ca6f9cf4667e209ee16861c2643a96be557382a8b64d5d7d0ac	092ed457d2b98922eb6781e2ab677feb35ecf391facc0d78ad7a7b6506cb37fa	e3b0c44298fc1c149afbf4c8996fb92427ae41e4649b934ca495991b7852b855	bea46ab4cf4adbeda551b0c6acc48c6474aa0a07a2c563bba580618b66d2c36b	false	false	true	true	true	-0x1.f3b99e6073b7cp-36	-0x1.f35c44a57674fp-36	-0x1.f3b99e6073b7cp-36	-0x1.f35c44a57674fp-36	true	true
387	194	D4	U07-0000000109_S08-0000000164	213	13	4	NA	NA	7	109	8	164	C0HORect2Set	DESCENDANT_PROBE_PASS	0	3180	3161332cf863be79864632a7a40900b3f651698a619415808118ca3bc9f61564	d7d4a6b2a7e92f530cbb68aacbf8479dc89540846108568b306ac3f6cf016a9d	d35599d00c56196301e0b990ef956cd3402160624e28d46bf7f9907df83b945b	0c4096c67b76e4e91bf5174c7b65363a3787f825b730c47784316cf5afeeca72	e3b0c44298fc1c149afbf4c8996fb92427ae41e4649b934ca495991b7852b855	bea46ab4cf4adbeda551b0c6acc48c6474aa0a07a2c563bba580618b66d2c36b	false	false	true	true	true	-0x1.f39d47720f6aap-36	-0x1.f34019094cf6dp-36	-0x1.f39d47720f6aap-36	-0x1.f34019094cf6dp-36	true	true
388	194	D4	U07-0000000109_S08-0000000164	213	13	4	NA	NA	7	109	8	164	C0Rect2Set	DESCENDANT_PROBE_PASS	0	3068	3161332cf863be79864632a7a40900b3f651698a619415808118ca3bc9f61564	d7d4a6b2a7e92f530cbb68aacbf8479dc89540846108568b306ac3f6cf016a9d	bb7ac88505d813afd6f016c9d12aececbdbfca7c71ef9dd52f5ee1acee851aa4	c0569d8a8d0eea78f01b5feff5211b4374d0c686c1d6a8be69cc1d85b9f54cc7	e3b0c44298fc1c149afbf4c8996fb92427ae41e4649b934ca495991b7852b855	bea46ab4cf4adbeda551b0c6acc48c6474aa0a07a2c563bba580618b66d2c36b	false	false	true	true	true	-0x1.f39d5b2c02c29p-36	-0x1.f340055318badp-36	-0x1.f39d5b2c02c29p-36	-0x1.f340055318badp-36	true	true
389	195	D4	U07-0000000109_S08-0000000165	214	13	5	NA	NA	7	109	8	165	C0HORect2Set	DESCENDANT_PROBE_PASS	0	3184	c4bae485d4d5e590c1cbe3f94e0c128c3a690e83de0dd14cf2441eca08e713ec	bd355dfcd634d02035e83572dab56eb47d91a6a576a1b3dd9f06f83ef8ef5924	21c8071bc0b9924889260a35c4c37a24479457a2e7336be9f07972e8b2604cdb	c8ffd70d981726b35feaf2ac0b83d699845f80f586c730019d2be78eaf035be7	e3b0c44298fc1c149afbf4c8996fb92427ae41e4649b934ca495991b7852b855	bea46ab4cf4adbeda551b0c6acc48c6474aa0a07a2c563bba580618b66d2c36b	false	false	true	true	true	-0x1.f381050702514p-36	-0x1.f323da863403dp-36	-0x1.f381050702514p-36	-0x1.f323da863403dp-36	true	true
390	195	D4	U07-0000000109_S08-0000000165	214	13	5	NA	NA	7	109	8	165	C0Rect2Set	DESCENDANT_PROBE_PASS	0	3069	c4bae485d4d5e590c1cbe3f94e0c128c3a690e83de0dd14cf2441eca08e713ec	bd355dfcd634d02035e83572dab56eb47d91a6a576a1b3dd9f06f83ef8ef5924	737d701828c2cb4d47582b971d522588ca5d8fdb63e3b2cc1aeba38cf899b3d9	53f6f6cf7c795b378bb4ab2b1c36aa13079633a3eb9b3d7bd96f4bb0a8da2746	e3b0c44298fc1c149afbf4c8996fb92427ae41e4649b934ca495991b7852b855	bea46ab4cf4adbeda551b0c6acc48c6474aa0a07a2c563bba580618b66d2c36b	false	false	true	true	true	-0x1.f38118cf5f8fcp-36	-0x1.f323c6c11fb21p-36	-0x1.f38118cf5f8fcp-36	-0x1.f323c6c11fb21p-36	true	true
391	196	D4	U07-0000000109_S08-0000000166	215	13	6	NA	NA	7	109	8	166	C0HORect2Set	DESCENDANT_PROBE_PASS	0	3151	2f10338da50eb4824ff5f09e4131da44a8f38f0a0d8b1d2744ec84b2620a50d4	9432362dccc2f2782e67b61c9c5c04aabed9237c4ed968035ec3d00c9cb997a2	b6b7243aac973523e2e29e820ccff74987577aed42cf33c0cb48ac48942a34b7	b0a111864f30ecf797702269ecc39538c21343b5a633598973f21b551b1594a5	e3b0c44298fc1c149afbf4c8996fb92427ae41e4649b934ca495991b7852b855	bea46ab4cf4adbeda551b0c6acc48c6474aa0a07a2c563bba580618b66d2c36b	false	false	true	true	true	-0x1.f364c36bb2d72p-36	-0x1.f3079ccbcd689p-36	-0x1.f364c36bb2d72p-36	-0x1.f3079ccbcd689p-36	true	true
392	196	D4	U07-0000000109_S08-0000000166	215	13	6	NA	NA	7	109	8	166	C0Rect2Set	DESCENDANT_PROBE_PASS	0	3084	2f10338da50eb4824ff5f09e4131da44a8f38f0a0d8b1d2744ec84b2620a50d4	9432362dccc2f2782e67b61c9c5c04aabed9237c4ed968035ec3d00c9cb997a2	df3e8f9548bbe98f786004ce2f38add476b2f8df72c081aa9a89a24094af04a4	f996ad51149601c8668f9629a20a8d059943cc85cd442b59a5157904d3e5129f	e3b0c44298fc1c149afbf4c8996fb92427ae41e4649b934ca495991b7852b855	bea46ab4cf4adbeda551b0c6acc48c6474aa0a07a2c563bba580618b66d2c36b	false	false	true	true	true	-0x1.f364d7339e497p-36	-0x1.f30789072bd74p-36	-0x1.f364d7339e497p-36	-0x1.f30789072bd74p-36	true	true
393	197	D4	U07-0000000109_S08-0000000167	216	13	7	NA	NA	7	109	8	167	C0HORect2Set	DESCENDANT_PROBE_PASS	0	3173	9d2b89bc55c284c9cde85f64108f619a67721441c32315b4ce3545156a89e3a7	a551c9b16786d049a7d76604e6f48043dafef5eef41d8bc3eaa85c507e5e56f3	5704f7303d8c5a4a4e8027c9232527533d5222aeebcfe7f25ac79a011b383750	d1f5178f0ff39987e0d15aa8c58aab94913e5f38caf62e1bbefaef02480936e6	e3b0c44298fc1c149afbf4c8996fb92427ae41e4649b934ca495991b7852b855	bea46ab4cf4adbeda551b0c6acc48c6474aa0a07a2c563bba580618b66d2c36b	false	false	true	true	true	-0x1.f348829ce7679p-36	-0x1.f2eb5fdd6116dp-36	-0x1.f348829ce7679p-36	-0x1.f2eb5fdd6116dp-36	true	true
394	197	D4	U07-0000000109_S08-0000000167	216	13	7	NA	NA	7	109	8	167	C0Rect2Set	DESCENDANT_PROBE_PASS	0	3074	9d2b89bc55c284c9cde85f64108f619a67721441c32315b4ce3545156a89e3a7	a551c9b16786d049a7d76604e6f48043dafef5eef41d8bc3eaa85c507e5e56f3	e86a62d9e56debd06751772b1564b850287381bb1e23d9a1c0a869be3d18f408	9d3fdc46e16f99dd21ecbe0a11395cacc0e4b9e49e685b7c685ca363202a67d5	e3b0c44298fc1c149afbf4c8996fb92427ae41e4649b934ca495991b7852b855	bea46ab4cf4adbeda551b0c6acc48c6474aa0a07a2c563bba580618b66d2c36b	false	false	true	true	true	-0x1.f348966399f9fp-36	-0x1.f2eb4c19f8675p-36	-0x1.f348966399f9fp-36	-0x1.f2eb4c19f8675p-36	true	true
395	198	D4	U07-0000000109_S08-0000000168	217	13	8	NA	NA	7	109	8	168	C0HORect2Set	DESCENDANT_PROBE_PASS	0	3214	0de7b1db7cf005f97388b8056bd3d0318dbc8160f33a344d0562a6932dcfe505	94b5ca2747f4f7906448616d062a0fe97d7491b0e2eb52ce1c6c93887db32cab	a6f7083292698bb7569504a18f613f8ba70cbebd82081ce6d91f233d420f5472	7b47f3fdf47624fea3939fa9d2cf986a52f019fc4972ee8f2df1b415ad072beb	e3b0c44298fc1c149afbf4c8996fb92427ae41e4649b934ca495991b7852b855	bea46ab4cf4adbeda551b0c6acc48c6474aa0a07a2c563bba580618b66d2c36b	false	false	true	true	true	-0x1.f32c429a4080ep-36	-0x1.f2cf23bb44fabp-36	-0x1.f32c429a4080ep-36	-0x1.f2cf23bb44fabp-36	true	true
396	198	D4	U07-0000000109_S08-0000000168	217	13	8	NA	NA	7	109	8	168	C0Rect2Set	DESCENDANT_PROBE_PASS	0	3120	0de7b1db7cf005f97388b8056bd3d0318dbc8160f33a344d0562a6932dcfe505	94b5ca2747f4f7906448616d062a0fe97d7491b0e2eb52ce1c6c93887db32cab	3ec06b04e320aada9fca68e75b5ed7d69ffd083b70fca6522798d35511e7b2c1	a0a69e265e891b965396462e2fee4c9ceb991c0bc2c2409f94c72c0bc571b214	e3b0c44298fc1c149afbf4c8996fb92427ae41e4649b934ca495991b7852b855	bea46ab4cf4adbeda551b0c6acc48c6474aa0a07a2c563bba580618b66d2c36b	false	false	true	true	true	-0x1.f32c56606b8dcp-36	-0x1.f2cf0ff863675p-36	-0x1.f32c56606b8dcp-36	-0x1.f2cf0ff863675p-36	true	true
397	199	D4	U07-0000000109_S08-0000000169	218	13	9	NA	NA	7	109	8	169	C0HORect2Set	DESCENDANT_PROBE_PASS	0	3191	fdd6e8d3998bb7bda827cbe9b290dc50ea6af0868be9028d4d39e9241fbe4928	18c4624240c5cefdd9d794bb3027ea159f97e2c2cbdaa793a4cf5a79f2dc8975	549e485118c9c6426d402d0aa366f30a5a6fcc36e8bafd26b7a34b278dbcc4ae	f08aefeefacacf46e47246779cca9f68273423ef77c6aa0c1f47acc9e0be4134	e3b0c44298fc1c149afbf4c8996fb92427ae41e4649b934ca495991b7852b855	bea46ab4cf4adbeda551b0c6acc48c6474aa0a07a2c563bba580618b66d2c36b	false	false	true	true	true	-0x1.f3100363dd688p-36	-0x1.f2b2e8654d5dap-36	-0x1.f3100363dd688p-36	-0x1.f2b2e8654d5dap-36	true	true
398	199	D4	U07-0000000109_S08-0000000169	218	13	9	NA	NA	7	109	8	169	C0Rect2Set	DESCENDANT_PROBE_PASS	0	3070	fdd6e8d3998bb7bda827cbe9b290dc50ea6af0868be9028d4d39e9241fbe4928	18c4624240c5cefdd9d794bb3027ea159f97e2c2cbdaa793a4cf5a79f2dc8975	2f0c571fb2c93371852bd2fcf1d912fa7c38c425d07f0903add31469971f7075	91c6b48b4afc78a97eb880a7f4feaba3c890fb06cd26e9383999f3391a591c45	e3b0c44298fc1c149afbf4c8996fb92427ae41e4649b934ca495991b7852b855	bea46ab4cf4adbeda551b0c6acc48c6474aa0a07a2c563bba580618b66d2c36b	false	false	true	true	true	-0x1.f31017299d4d9p-36	-0x1.f2b2d4a2d7b12p-36	-0x1.f31017299d4d9p-36	-0x1.f2b2d4a2d7b12p-36	true	true
399	200	D4	U07-0000000109_S08-0000000170	219	13	10	NA	NA	7	109	8	170	C0HORect2Set	DESCENDANT_PROBE_PASS	0	3156	685ebd874ffbbbf3f39c7aa2dca3e9edb295c2653050e712be0265629732b449	4590aaabec854036c88c553257d5b35eee28e0dd7773e1842109b4644334f1df	ba33e61c867e6533aa5346e4be7283732d586cb32bdfe042953ac747358a3992	67288ea29014a5b4f06e16b04d9de4aa06db65d6f68780e06e0448cf07cf3b25	e3b0c44298fc1c149afbf4c8996fb92427ae41e4649b934ca495991b7852b855	bea46ab4cf4adbeda551b0c6acc48c6474aa0a07a2c563bba580618b66d2c36b	false	false	true	true	true	-0x1.f2f3c4f9e024bp-36	-0x1.f296addb52392p-36	-0x1.f2f3c4f9e024bp-36	-0x1.f296addb52392p-36	true	true
400	200	D4	U07-0000000109_S08-0000000170	219	13	10	NA	NA	7	109	8	170	C0Rect2Set	DESCENDANT_PROBE_PASS	0	3086	685ebd874ffbbbf3f39c7aa2dca3e9edb295c2653050e712be0265629732b449	4590aaabec854036c88c553257d5b35eee28e0dd7773e1842109b4644334f1df	c343ec260ca16b9d0ec2adc51d7e6e4e566d225efc6c21e51eb71df2457b936a	45418c9c07a206b595b66080fcb090d66af22d4e55ff88ea2530ddb33a3a4730	e3b0c44298fc1c149afbf4c8996fb92427ae41e4649b934ca495991b7852b855	bea46ab4cf4adbeda551b0c6acc48c6474aa0a07a2c563bba580618b66d2c36b	false	false	true	true	true	-0x1.f2f3d8bf3f2c2p-36	-0x1.f2969a193be24p-36	-0x1.f2f3d8bf3f2c2p-36	-0x1.f2969a193be24p-36	true	true
401	201	D4	U07-0000000109_S08-0000000171	220	13	11	NA	NA	7	109	8	171	C0HORect2Set	DESCENDANT_PROBE_PASS	0	3158	9ea1740d676ccba2a5b3a8c033efc60fbc07f658168343127be14e93f860f6f3	2155236fa5195171db665bdbb4009b00e074120515b6a7d1aaffb9a1878ffd0f	41b4fb6df395d92e428ddffc4ada1207abdc27df3fce17117b92108a38ed67b1	2b8792073a9ffe0ad27f332e32e3e61d1f176bf6f6fe603bf886dd9a4963690c	e3b0c44298fc1c149afbf4c8996fb92427ae41e4649b934ca495991b7852b855	bea46ab4cf4adbeda551b0c6acc48c6474aa0a07a2c563bba580618b66d2c36b	false	false	true	true	true	-0x1.f2d7875be9698p-36	-0x1.f27a741da50b1p-36	-0x1.f2d7875be9698p-36	-0x1.f27a741da50b1p-36	true	true
402	201	D4	U07-0000000109_S08-0000000171	220	13	11	NA	NA	7	109	8	171	C0Rect2Set	DESCENDANT_PROBE_PASS	0	3095	9ea1740d676ccba2a5b3a8c033efc60fbc07f658168343127be14e93f860f6f3	2155236fa5195171db665bdbb4009b00e074120515b6a7d1aaffb9a1878ffd0f	71ad0bc68d1c83098f9a0e32e8172c391c300bf5af1f14f6721bb0167e8fdfb9	816bdcacc259a0d9f221e51c535f34ad08c53e33cbd43c67ee0d4c8c5f7154db	e3b0c44298fc1c149afbf4c8996fb92427ae41e4649b934ca495991b7852b855	bea46ab4cf4adbeda551b0c6acc48c6474aa0a07a2c563bba580618b66d2c36b	false	false	true	true	true	-0x1.f2d79b211de85p-36	-0x1.f27a605bb917cp-36	-0x1.f2d79b211de85p-36	-0x1.f27a605bb917cp-36	true	true
403	202	D4	U07-0000000109_S08-0000000172	221	13	12	NA	NA	7	109	8	172	C0HORect2Set	DESCENDANT_PROBE_PASS	0	3179	293c0162400a22b8ffd5eb3fe9e5cf0cdd41ef3a203244799bd64b0b1b6195a1	1c592d5999de647db31e1af57c1ad52cab8ce863d6098aef31c30e0beaa27ad1	b02d97506969ced6fc77a8f8fbbe7fb7e6e49729c3dd80e9b8aa4dcd0e712b34	7c54b5c22e19b5349bacbbbb699173d47364ff678b1a82de924e68feeceea570	e3b0c44298fc1c149afbf4c8996fb92427ae41e4649b934ca495991b7852b855	bea46ab4cf4adbeda551b0c6acc48c6474aa0a07a2c563bba580618b66d2c36b	false	false	true	true	true	-0x1.f2bb4a8a84931p-36	-0x1.f25e3b2baf746p-36	-0x1.f2bb4a8a84931p-36	-0x1.f25e3b2baf746p-36	true	true
404	202	D4	U07-0000000109_S08-0000000172	221	13	12	NA	NA	7	109	8	172	C0Rect2Set	DESCENDANT_PROBE_PASS	0	3078	293c0162400a22b8ffd5eb3fe9e5cf0cdd41ef3a203244799bd64b0b1b6195a1	1c592d5999de647db31e1af57c1ad52cab8ce863d6098aef31c30e0beaa27ad1	0042830e8eb389cec8541310cf5c020eea055216ab2e0592bc9210e792611ede	41cc5e5332b49a1b19079ebf1d49662002a57aea51e25d7de935c03bfea32bea	e3b0c44298fc1c149afbf4c8996fb92427ae41e4649b934ca495991b7852b855	bea46ab4cf4adbeda551b0c6acc48c6474aa0a07a2c563bba580618b66d2c36b	false	false	true	true	true	-0x1.f2bb5e4f32092p-36	-0x1.f25e276a4bfc8p-36	-0x1.f2bb5e4f32092p-36	-0x1.f25e276a4bfc8p-36	true	true
405	203	D4	U07-0000000109_S08-0000000173	222	13	13	NA	NA	7	109	8	173	C0HORect2Set	DESCENDANT_PROBE_PASS	0	3176	4728794a2f6b25c5b602a4f5551ba8633e7fd9e59b49f2daf11798e9074efcc0	a52f80bf0e049bc03bc1696a5c9c61d2fe9fba9659154623f3b8e836fe65997a	c40c7c74aafa51ce997d8b9465580f9805a5d0c0b8919c7d401a06a94832653d	f0ec2ba8575089048c44755bc8e22c420c02defe7b18b275260417b4a093c06c	e3b0c44298fc1c149afbf4c8996fb92427ae41e4649b934ca495991b7852b855	bea46ab4cf4adbeda551b0c6acc48c6474aa0a07a2c563bba580618b66d2c36b	false	false	true	true	true	-0x1.f29f0e8521d3p-36	-0x1.f2420305f9f4fp-36	-0x1.f29f0e8521d3p-36	-0x1.f2420305f9f4fp-36	true	true
406	203	D4	U07-0000000109_S08-0000000173	222	13	13	NA	NA	7	109	8	173	C0Rect2Set	DESCENDANT_PROBE_PASS	0	3081	4728794a2f6b25c5b602a4f5551ba8633e7fd9e59b49f2daf11798e9074efcc0	a52f80bf0e049bc03bc1696a5c9c61d2fe9fba9659154623f3b8e836fe65997a	ae916ccce2d882a61771d3422d6dec524125b941ae18da2d12ed1898267b84da	92bd4b5499a070a710ce0f3d082db07ef8b7b6e35e5d40eda68589f086bac9a2	e3b0c44298fc1c149afbf4c8996fb92427ae41e4649b934ca495991b7852b855	bea46ab4cf4adbeda551b0c6acc48c6474aa0a07a2c563bba580618b66d2c36b	false	false	true	true	true	-0x1.f29f22496fd39p-36	-0x1.f241ef44f644ep-36	-0x1.f29f22496fd39p-36	-0x1.f241ef44f644ep-36	true	true
407	204	D4	U07-0000000109_S08-0000000174	223	13	14	NA	NA	7	109	8	174	C0HORect2Set	DESCENDANT_PROBE_PASS	0	3153	4b885dc1e37c827977a50284e3e2b2113624305d939fe3c01c0596f627285582	a19e1407bc539d0179b4888ceddd2b4637515f1ee404becff6fb56cc00b52d98	7e2e249744506588fc20ef3b491799b11ca3a677f570d9355d460ff115cca077	c15de8ef0d5ae3dc2ca56d325ae240446e515c39816cc5fb64dfb15bb3d86e40	e3b0c44298fc1c149afbf4c8996fb92427ae41e4649b934ca495991b7852b855	bea46ab4cf4adbeda551b0c6acc48c6474aa0a07a2c563bba580618b66d2c36b	false	false	true	true	true	-0x1.f282d34bfc3ap-36	-0x1.f225cbac415cp-36	-0x1.f282d34bfc3ap-36	-0x1.f225cbac415cp-36	true	true
408	204	D4	U07-0000000109_S08-0000000174	223	13	14	NA	NA	7	109	8	174	C0Rect2Set	DESCENDANT_PROBE_PASS	0	3074	4b885dc1e37c827977a50284e3e2b2113624305d939fe3c01c0596f627285582	a19e1407bc539d0179b4888ceddd2b4637515f1ee404becff6fb56cc00b52d98	7a059802e97d5657208b6dae9c1c9aa1d2bd8d4dc30478f0e65de4fce51c5c47	4eec551c8296035045b5abd080aa22f433844353c2ba014ef072a279f2667817	e3b0c44298fc1c149afbf4c8996fb92427ae41e4649b934ca495991b7852b855	bea46ab4cf4adbeda551b0c6acc48c6474aa0a07a2c563bba580618b66d2c36b	false	false	true	true	true	-0x1.f282e70fe3659p-36	-0x1.f225b7eba2b1cp-36	-0x1.f282e70fe3659p-36	-0x1.f225b7eba2b1cp-36	true	true
409	205	D4	U07-0000000109_S08-0000000175	224	13	15	NA	NA	7	109	8	175	C0HORect2Set	DESCENDANT_PROBE_PASS	0	3184	5915d28d661a8d1c2ad6eece499a410e05f5c9261eac5371359c835f4ec5fa17	74bfaf690fe94de595b56142e221e63c9e889aca209d62d73d147c469d72e8dd	b52d706d4dd4b03926c17bbdfbeabf00761479566fea411223316b192f240d7c	f12d8fdb5a1a230990bf7785a545a32effbb34d1e7b6d70230294b86d0e6aa5a	e3b0c44298fc1c149afbf4c8996fb92427ae41e4649b934ca495991b7852b855	bea46ab4cf4adbeda551b0c6acc48c6474aa0a07a2c563bba580618b66d2c36b	false	false	true	true	true	-0x1.f26698def47bbp-36	-0x1.f209951e939d3p-36	-0x1.f26698def47bbp-36	-0x1.f209951e939d3p-36	true	true
410	205	D4	U07-0000000109_S08-0000000175	224	13	15	NA	NA	7	109	8	175	C0Rect2Set	DESCENDANT_PROBE_PASS	0	3091	5915d28d661a8d1c2ad6eece499a410e05f5c9261eac5371359c835f4ec5fa17	74bfaf690fe94de595b56142e221e63c9e889aca209d62d73d147c469d72e8dd	8dfac65d0aec3896e15eedd8c76a0e6e6f6c8973c5a1b2ff3eddf90afbc516a5	35658c9bce216018edb4a9bb530dd3d31913855c8232d9290410e865954def90	e3b0c44298fc1c149afbf4c8996fb92427ae41e4649b934ca495991b7852b855	bea46ab4cf4adbeda551b0c6acc48c6474aa0a07a2c563bba580618b66d2c36b	false	false	true	true	true	-0x1.f266aca276ce2p-36	-0x1.f209815e5c8e1p-36	-0x1.f266aca276ce2p-36	-0x1.f209815e5c8e1p-36	true	true
411	206	D4	U07-0000000110_S08-0000000163	228	14	3	NA	NA	7	110	8	163	C0HORect2Set	DESCENDANT_PROBE_PASS	0	3194	6d98e17f32e56b0cd0f027b80af4bceafadd156c2442a598d53f35dbe51db759	dd54d104303002125a53fef416bf2803f5a38bb235d2001197a0bdd8c66953c4	12f659847d8abb5611c1355fa45d227f3c0b86ca1c462476c8e925a3d71cb802	904211e0f7160e3d6f5c31bcc2ba71ab68cce27ef7199798745e9dd2983b6b23	e3b0c44298fc1c149afbf4c8996fb92427ae41e4649b934ca495991b7852b855	bea46ab4cf4adbeda551b0c6acc48c6474aa0a07a2c563bba580618b66d2c36b	false	false	true	true	true	-0x1.f3b5f7627717cp-36	-0x1.f358c5656f60fp-36	-0x1.f3b5f7627717cp-36	-0x1.f358c5656f60fp-36	true	true
412	206	D4	U07-0000000110_S08-0000000163	228	14	3	NA	NA	7	110	8	163	C0Rect2Set	DESCENDANT_PROBE_PASS	0	3065	6d98e17f32e56b0cd0f027b80af4bceafadd156c2442a598d53f35dbe51db759	dd54d104303002125a53fef416bf2803f5a38bb235d2001197a0bdd8c66953c4	d5eaf038178167fd7904d0643f223824fc0666eed3b59ff0b4e5de221267a090	63246b6a4a24eb0cf8d9d4af316236aee17bff5ec14e404f57ca6f0542f2f161	e3b0c44298fc1c149afbf4c8996fb92427ae41e4649b934ca495991b7852b855	bea46ab4cf4adbeda551b0c6acc48c6474aa0a07a2c563bba580618b66d2c36b	false	false	true	true	true	-0x1.f3b60b2b2bea3p-36	-0x1.f358b1a00521p-36	-0x1.f3b60b2b2bea3p-36	-0x1.f358b1a00521p-36	true	true
413	207	D4	U07-0000000110_S08-0000000164	229	14	4	NA	NA	7	110	8	164	C0HORect2Set	DESCENDANT_PROBE_PASS	0	3188	1990397ec1483f668f5ee926b4ee4b80d5b1c3572247aba6061d9720ff33d8b2	8aedb6e6b70a5b3d3008c32067233d5b99197d3fcb7a9fd93ba1755fbf48f90c	cf30af057ccbb989cfb7b7860dc030235f09056eeacd5af22bff79bc050208f4	342ee163d56d78b4e329170a159c8314ac933f3381b851e4bafd5bb6e91cc469	e3b0c44298fc1c149afbf4c8996fb92427ae41e4649b934ca495991b7852b855	bea46ab4cf4adbeda551b0c6acc48c6474aa0a07a2c563bba580618b66d2c36b	false	false	true	true	true	-0x1.f399b4543139cp-36	-0x1.f33c863877545p-36	-0x1.f399b4543139cp-36	-0x1.f33c863877545p-36	true	true
414	207	D4	U07-0000000110_S08-0000000164	229	14	4	NA	NA	7	110	8	164	C0Rect2Set	DESCENDANT_PROBE_PASS	0	3189	1990397ec1483f668f5ee926b4ee4b80d5b1c3572247aba6061d9720ff33d8b2	8aedb6e6b70a5b3d3008c32067233d5b99197d3fcb7a9fd93ba1755fbf48f90c	bdf2345f0268d36db205d4c6fd280d0582e4d0d80d268672d240746843f338f3	36c8caefe852aea8f674e17e91130f043dacec1181783524f4e2a5112fa12902	e3b0c44298fc1c149afbf4c8996fb92427ae41e4649b934ca495991b7852b855	bea46ab4cf4adbeda551b0c6acc48c6474aa0a07a2c563bba580618b66d2c36b	false	false	true	true	true	-0x1.f399c81c7aef3p-36	-0x1.f33c72737739dp-36	-0x1.f399c81c7aef3p-36	-0x1.f33c72737739dp-36	true	true
415	208	D4	U07-0000000110_S08-0000000165	230	14	5	NA	NA	7	110	8	165	C0HORect2Set	DESCENDANT_PROBE_PASS	0	3194	10463aaa545ed5fc73fac1dd0293aa8d3391f6c203bad4a02271cc467203d877	394b4019efe1b8c0635ffd2bb172596018f726eac94ba2359dd91e5e7d6482a1	3118c879be9b66aa070f2f77f4ea51e785c235c04c79bba93d7adf880f01d044	8fb5d91c7e465cecbef0a0d475b2217ce12aa2f76833ff9332954d3a2edfc85f	e3b0c44298fc1c149afbf4c8996fb92427ae41e4649b934ca495991b7852b855	bea46ab4cf4adbeda551b0c6acc48c6474aa0a07a2c563bba580618b66d2c36b	false	false	true	true	true	-0x1.f37d7211f39bfp-36	-0x1.f32047d807fdap-36	-0x1.f37d7211f39bfp-36	-0x1.f32047d807fdap-36	true	true
416	208	D4	U07-0000000110_S08-0000000165	230	14	5	NA	NA	7	110	8	165	C0Rect2Set	DESCENDANT_PROBE_PASS	0	3083	10463aaa545ed5fc73fac1dd0293aa8d3391f6c203bad4a02271cc467203d877	394b4019efe1b8c0635ffd2bb172596018f726eac94ba2359dd91e5e7d6482a1	dd0e93c0d24127139bf4353394b78a82bda56186663c287a6b9aa396c4893a8c	bb4a307372f546fca9ef2dfcf8a36fc99092cc7ea1bd4acaa08d220d11d6811f	e3b0c44298fc1c149afbf4c8996fb92427ae41e4649b934ca495991b7852b855	bea46ab4cf4adbeda551b0c6acc48c6474aa0a07a2c563bba580618b66d2c36b	false	false	true	true	true	-0x1.f37d85da2dfbcp-36	-0x1.f3203413170adp-36	-0x1.f37d85da2dfbcp-36	-0x1.f3203413170adp-36	true	true
417	209	D4	U07-0000000110_S08-0000000166	231	14	6	NA	NA	7	110	8	166	C0HORect2Set	DESCENDANT_PROBE_PASS	0	3168	e1d903679e6c0205ac830702bc28d67f773450827d34b3263e01e4584d14802c	a68dd0e044a480b8a8578e398c03506246ccb02ea0e29feedfb1df0550979275	4241f080fba5bdb63e9d18de009c7088569a27cc92d4517437604f431014974e	008c7bdac3ce5c8d12f58a3f87a96c4dd9151175acf1aa355059598955117070	e3b0c44298fc1c149afbf4c8996fb92427ae41e4649b934ca495991b7852b855	bea46ab4cf4adbeda551b0c6acc48c6474aa0a07a2c563bba580618b66d2c36b	false	false	true	true	true	-0x1.f36130a0a61bcp-36	-0x1.f3040a3f14061p-36	-0x1.f36130a0a61bcp-36	-0x1.f3040a3f14061p-36	true	true
418	209	D4	U07-0000000110_S08-0000000166	231	14	6	NA	NA	7	110	8	166	C0Rect2Set	DESCENDANT_PROBE_PASS	0	3125	e1d903679e6c0205ac830702bc28d67f773450827d34b3263e01e4584d14802c	a68dd0e044a480b8a8578e398c03506246ccb02ea0e29feedfb1df0550979275	76390b3afbf287617ad2cb9d674656f5916431ac9565d8ac0758c8c59517ee9d	5db41a96214b03b13c4476c9b593e4995bcad972df6c33456e5001a34a72ad88	e3b0c44298fc1c149afbf4c8996fb92427ae41e4649b934ca495991b7852b855	bea46ab4cf4adbeda551b0c6acc48c6474aa0a07a2c563bba580618b66d2c36b	false	false	true	true	true	-0x1.f36144682cdddp-36	-0x1.f303f67ad5cf1p-36	-0x1.f36144682cdddp-36	-0x1.f303f67ad5cf1p-36	true	true
419	210	D4	U07-0000000110_S08-0000000167	232	14	7	NA	NA	7	110	8	167	C0HORect2Set	DESCENDANT_PROBE_PASS	0	3239	18ae4792bd7704d96cb7ee49f6176acb4a00f825180c2a550c2be986eff2e6bf	695de81d0390552f6b20a483550671ccd2828f2a6b5b5f320eb0a65b4fe5c5fe	b563ddfc3bd7068a198f9a8c8a088f320b3d045ba6b214319ff8f103e4b838fa	a90d704978005b892c37b70664262f8f74ed3439900dc887241a3cfe737f522c	e3b0c44298fc1c149afbf4c8996fb92427ae41e4649b934ca495991b7852b855	bea46ab4cf4adbeda551b0c6acc48c6474aa0a07a2c563bba580618b66d2c36b	false	false	true	true	true	-0x1.f344eff76cbdcp-36	-0x1.f2e7cd76a5f01p-36	-0x1.f344eff76cbdcp-36	-0x1.f2e7cd76a5f01p-36	true	true
420	210	D4	U07-0000000110_S08-0000000167	232	14	7	NA	NA	7	110	8	167	C0Rect2Set	DESCENDANT_PROBE_PASS	0	3144	18ae4792bd7704d96cb7ee49f6176acb4a00f825180c2a550c2be986eff2e6bf	695de81d0390552f6b20a483550671ccd2828f2a6b5b5f320eb0a65b4fe5c5fe	49f20089dadc76e8e0c1ccca01a95370d0b5db3a65d9586eb5794c30bd351462	4f03c6dc6d319b221ee2fcb65bd5afae3abda7f11e9dbb5822e53ea56cf64d33	e3b0c44298fc1c149afbf4c8996fb92427ae41e4649b934ca495991b7852b855	bea46ab4cf4adbeda551b0c6acc48c6474aa0a07a2c563bba580618b66d2c36b	false	false	true	true	true	-0x1.f34503bdedd4cp-36	-0x1.f2e7b9b36d58cp-36	-0x1.f34503bdedd4cp-36	-0x1.f2e7b9b36d58cp-36	true	true
421	211	D4	U07-0000000110_S08-0000000168	233	14	8	NA	NA	7	110	8	168	C0HORect2Set	DESCENDANT_PROBE_PASS	0	3153	17e2c0419bc2b99536eac5578d577bebb8e489fb38730c6f77a20001ac0e6bae	2e0ddd1f04180ac72e712e45d5996652ec7e6f4380ef028e7327506408026d69	66009e4ddd74ebe9460fb14a469ea49f7ba511dd6d892658915d0e0e5c9217fd	4d6e0f5b72f95d35232ab7ed8f425d969222b1518eeb43d6bc674ab8545a75a1	e3b0c44298fc1c149afbf4c8996fb92427ae41e4649b934ca495991b7852b855	bea46ab4cf4adbeda551b0c6acc48c6474aa0a07a2c563bba580618b66d2c36b	false	false	true	true	true	-0x1.f328b01a45785p-36	-0x1.f2cb917a97f65p-36	-0x1.f328b01a45785p-36	-0x1.f2cb917a97f65p-36	true	true
422	211	D4	U07-0000000110_S08-0000000168	233	14	8	NA	NA	7	110	8	168	C0Rect2Set	DESCENDANT_PROBE_PASS	0	3110	17e2c0419bc2b99536eac5578d577bebb8e489fb38730c6f77a20001ac0e6bae	2e0ddd1f04180ac72e712e45d5996652ec7e6f4380ef028e7327506408026d69	53adcedae3a9f78c0cfb476f6865975b55c02e3ca33a4cb0415e59776fbaa7f6	1c668ed597992598bfe18cec81933aced7cbc025934b766b905ef24430683277	e3b0c44298fc1c149afbf4c8996fb92427ae41e4649b934ca495991b7852b855	bea46ab4cf4adbeda551b0c6acc48c6474aa0a07a2c563bba580618b66d2c36b	false	false	true	true	true	-0x1.f328c3e07f8edp-36	-0x1.f2cb7db7a8393p-36	-0x1.f328c3e07f8edp-36	-0x1.f2cb7db7a8393p-36	true	true
423	212	D4	U07-0000000110_S08-0000000169	234	14	9	NA	NA	7	110	8	169	C0HORect2Set	DESCENDANT_PROBE_PASS	0	3186	62731f6cb106706d264d2b51934213dc0b5f352556afff26195f5e04bb5cad67	afff7402509886d7aa54fdd303ec6d243d694878b56ce7b7e6c41e724ef41b5a	d3a6b2c2cabab508c0583d38352611a49d4109802ff23c828156d99b381e49e4	a27736cd1069f8b4dace96f4efc4e9faeb52c4c0e767d4d36a0b1c4f3a59cb0b	e3b0c44298fc1c149afbf4c8996fb92427ae41e4649b934ca495991b7852b855	bea46ab4cf4adbeda551b0c6acc48c6474aa0a07a2c563bba580618b66d2c36b	false	false	true	true	true	-0x1.f30c7109e6399p-36	-0x1.f2af564a2f82ep-36	-0x1.f30c7109e6399p-36	-0x1.f2af564a2f82ep-36	true	true
424	212	D4	U07-0000000110_S08-0000000169	234	14	9	NA	NA	7	110	8	169	C0Rect2Set	DESCENDANT_PROBE_PASS	0	3126	62731f6cb106706d264d2b51934213dc0b5f352556afff26195f5e04bb5cad67	afff7402509886d7aa54fdd303ec6d243d694878b56ce7b7e6c41e724ef41b5a	18ee617fddfe58511693d24c4d0e8f253b9429fe07ce1145d43a6fdc6e8943c2	b23bff66b4fc3283ab0b0a8f1c4962f9fd3845a8c799cc216b08e969d15f800f	e3b0c44298fc1c149afbf4c8996fb92427ae41e4649b934ca495991b7852b855	bea46ab4cf4adbeda551b0c6acc48c6474aa0a07a2c563bba580618b66d2c36b	false	false	true	true	true	-0x1.f30c84cf774c6p-36	-0x1.f2af4287e6d17p-36	-0x1.f30c84cf774c6p-36	-0x1.f2af4287e6d17p-36	true	true
425	213	D4	U07-0000000110_S08-0000000170	235	14	10	NA	NA	7	110	8	170	C0HORect2Set	DESCENDANT_PROBE_PASS	0	3160	4f35520195b537d21d910d4cefb17810c3664f439bdeebdd51caee8f2f0cd050	585abf266040bd336e5f9334db017aff3683d5842e46814c2f5f4cc5d9b5c7e2	de57eb9c01405417ba642e5d8a22db4858f1c4fd6fe94d0e0f76a7e020d6c673	fb5f9b0657003d3fcdc8a7327b3098732c7387ca21e62fd4cd84c601c12d03bb	e3b0c44298fc1c149afbf4c8996fb92427ae41e4649b934ca495991b7852b855	bea46ab4cf4adbeda551b0c6acc48c6474aa0a07a2c563bba580618b66d2c36b	false	false	true	true	true	-0x1.f2f032c58ec88p-36	-0x1.f2931be61bf71p-36	-0x1.f2f032c58ec88p-36	-0x1.f2931be61bf71p-36	true	true
426	213	D4	U07-0000000110_S08-0000000170	235	14	10	NA	NA	7	110	8	170	C0Rect2Set	DESCENDANT_PROBE_PASS	0	3143	4f35520195b537d21d910d4cefb17810c3664f439bdeebdd51caee8f2f0cd050	585abf266040bd336e5f9334db017aff3683d5842e46814c2f5f4cc5d9b5c7e2	6435a912a878bcc713ea91076fb1514852d32129ee651eb4a12eb3b810fa6633	49a04ec75cadccb1477005541ac7a2d9c47f5c390cb30d6be33c3e930825b25b	e3b0c44298fc1c149afbf4c8996fb92427ae41e4649b934ca495991b7852b855	bea46ab4cf4adbeda551b0c6acc48c6474aa0a07a2c563bba580618b66d2c36b	false	false	true	true	true	-0x1.f2f0468add565p-36	-0x1.f293082416e04p-36	-0x1.f2f0468add565p-36	-0x1.f293082416e04p-36	true	true
427	214	D4	U07-0000000110_S08-0000000171	236	14	11	NA	NA	7	110	8	171	C0HORect2Set	DESCENDANT_PROBE_PASS	0	3232	64741bceb6b864186f66a3f91eacdb363f111cdbb6b405a9ac5271c213f205db	758e3eab0a44149dcacb54027205f5f4bb63f150a07533cb82a8255b98a8900e	891b1276e4b111f624d6ab69e9807d8afd784d9beb1f442083bd1fe31d6126ae	2c5390ef7f33286bbf557898f930ae04771b80f0764089b52d98f1f4880e683a	e3b0c44298fc1c149afbf4c8996fb92427ae41e4649b934ca495991b7852b855	bea46ab4cf4adbeda551b0c6acc48c6474aa0a07a2c563bba580618b66d2c36b	false	false	true	true	true	-0x1.f2d3f54d6e9f5p-36	-0x1.f276e24e2740fp-36	-0x1.f2d3f54d6e9f5p-36	-0x1.f276e24e2740fp-36	true	true
428	214	D4	U07-0000000110_S08-0000000171	236	14	11	NA	NA	7	110	8	171	C0Rect2Set	DESCENDANT_PROBE_PASS	0	3123	64741bceb6b864186f66a3f91eacdb363f111cdbb6b405a9ac5271c213f205db	758e3eab0a44149dcacb54027205f5f4bb63f150a07533cb82a8255b98a8900e	90c0892bd90973647e2c3a8634dc43f9a9a7d3e5f3228b0a069760eb9b4668f6	25197e4092bab580f32d7087a040c7f1dcee96771775d5909a869de7649787e3	e3b0c44298fc1c149afbf4c8996fb92427ae41e4649b934ca495991b7852b855	bea46ab4cf4adbeda551b0c6acc48c6474aa0a07a2c563bba580618b66d2c36b	false	false	true	true	true	-0x1.f2d409127b6f8p-36	-0x1.f276ce8c6477fp-36	-0x1.f2d409127b6f8p-36	-0x1.f276ce8c6477fp-36	true	true
429	215	D4	U07-0000000110_S08-0000000172	237	14	12	NA	NA	7	110	8	172	C0HORect2Set	DESCENDANT_PROBE_PASS	0	3171	f88b7062498e635aaf62696cc9b5ceb582e1a44314dbbac433e8c4ea63134a22	81ce68b5c941c2666a4d67614f0bd31773cedf66d46f477e6bbb96d04daefd28	c4dcae5bc356a5f9f7e0105380d9e2416f219455c03de3b11b50d72850626a78	a3cacd0a875a891f2cc9037b472b179ccd590c0072971d72b72c8b2150068553	e3b0c44298fc1c149afbf4c8996fb92427ae41e4649b934ca495991b7852b855	bea46ab4cf4adbeda551b0c6acc48c6474aa0a07a2c563bba580618b66d2c36b	false	false	true	true	true	-0x1.f2b7b8a1c29cep-36	-0x1.f25aa9820b36bp-36	-0x1.f2b7b8a1c29cep-36	-0x1.f25aa9820b36bp-36	true	true
430	215	D4	U07-0000000110_S08-0000000172	237	14	12	NA	NA	7	110	8	172	C0Rect2Set	DESCENDANT_PROBE_PASS	0	3053	f88b7062498e635aaf62696cc9b5ceb582e1a44314dbbac433e8c4ea63134a22	81ce68b5c941c2666a4d67614f0bd31773cedf66d46f477e6bbb96d04daefd28	877d92ebb430f99f88132407d402aa4b5030d8b2039c2331e5d8c7472b5fbf71	6ff34360a592a6e046afcf6dc81ae2200199f1cf8e4a6d0b5a89f65ab86ff7a9	e3b0c44298fc1c149afbf4c8996fb92427ae41e4649b934ca495991b7852b855	bea46ab4cf4adbeda551b0c6acc48c6474aa0a07a2c563bba580618b66d2c36b	false	false	true	true	true	-0x1.f2b7cc6652a31p-36	-0x1.f25a95c0c4bfep-36	-0x1.f2b7cc6652a31p-36	-0x1.f25a95c0c4bfep-36	true	true
431	216	D4	U07-0000000110_S08-0000000173	238	14	13	NA	NA	7	110	8	173	C0HORect2Set	DESCENDANT_PROBE_PASS	0	3218	47b62fec77825583f4161100dffa855242f9045f2f32c14959855e8240e130fa	534be2a30fb914a304edd73c08c0a9ab9029163863477af1a477140caad17080	865487c3676898d9680fb087e806cb936274887b6612f5b35ba6a058cc1b3f34	3d7ed5998f89172059ce9ea211b15a2e102993e72d756238fe57a88e4360beef	e3b0c44298fc1c149afbf4c8996fb92427ae41e4649b934ca495991b7852b855	bea46ab4cf4adbeda551b0c6acc48c6474aa0a07a2c563bba580618b66d2c36b	false	false	true	true	true	-0x1.f29b7cc21c136p-36	-0x1.f23e71822b532p-36	-0x1.f29b7cc21c136p-36	-0x1.f23e71822b532p-36	true	true
432	216	D4	U07-0000000110_S08-0000000173	238	14	13	NA	NA	7	110	8	173	C0Rect2Set	DESCENDANT_PROBE_PASS	0	3138	47b62fec77825583f4161100dffa855242f9045f2f32c14959855e8240e130fa	534be2a30fb914a304edd73c08c0a9ab9029163863477af1a477140caad17080	902e69bd3f0ae5b3230a3520938d07220e089b18051bef10d8315351db17132d	ca3abbbc21426d9f3ece84cba910fc578453d5a8588327d8f6070bfc6d923339	e3b0c44298fc1c149afbf4c8996fb92427ae41e4649b934ca495991b7852b855	bea46ab4cf4adbeda551b0c6acc48c6474aa0a07a2c563bba580618b66d2c36b	false	false	true	true	true	-0x1.f29b908656205p-36	-0x1.f23e5dc13a1d2p-36	-0x1.f29b908656205p-36	-0x1.f23e5dc13a1d2p-36	true	true
433	217	D4	U07-0000000110_S08-0000000174	239	14	14	NA	NA	7	110	8	174	C0HORect2Set	DESCENDANT_PROBE_PASS	0	3220	2c4ca9e9b5a1ea24d5adcffc05a01b8310257fd1e2c69a038cbb280e5a4b8914	9d76248d0cf1116f4171be2fd54c93766cb98dae5ed8f3406415cbe3203f46f4	e32497666357f9f4696c665830d926af790f8b1b407cf030a0cb16d61895ab47	44ba632a79e0feb737ae8e5bbb5dc2bccb99536b0ffd1e4c8c832458e7dc6f4d	e3b0c44298fc1c149afbf4c8996fb92427ae41e4649b934ca495991b7852b855	bea46ab4cf4adbeda551b0c6acc48c6474aa0a07a2c563bba580618b66d2c36b	false	false	true	true	true	-0x1.f27f41aefdacdp-36	-0x1.f2223a4df97b7p-36	-0x1.f27f41aefdacdp-36	-0x1.f2223a4df97b7p-36	true	true
434	217	D4	U07-0000000110_S08-0000000174	239	14	14	NA	NA	7	110	8	174	C0Rect2Set	DESCENDANT_PROBE_PASS	0	3070	2c4ca9e9b5a1ea24d5adcffc05a01b8310257fd1e2c69a038cbb280e5a4b8914	9d76248d0cf1116f4171be2fd54c93766cb98dae5ed8f3406415cbe3203f46f4	0e057f0040de3600440c547e5460490bd3577165a1904416e3bc631b00153d7d	e4cedd1fafd32ff7bef5d85f96c651bd7eb415e0bb5152ea21dcb4c753e30dab	e3b0c44298fc1c149afbf4c8996fb92427ae41e4649b934ca495991b7852b855	bea46ab4cf4adbeda551b0c6acc48c6474aa0a07a2c563bba580618b66d2c36b	false	false	true	true	true	-0x1.f27f557288de2p-36	-0x1.f222268db78f3p-36	-0x1.f27f557288de2p-36	-0x1.f222268db78f3p-36	true	true
435	218	D4	U07-0000000110_S08-0000000175	240	14	15	NA	NA	7	110	8	175	C0HORect2Set	DESCENDANT_PROBE_PASS	0	3238	4473544b11776a52b89358dd609565c20478fb2b2c7b7a4ff6469e0d30f18ce9	a596ae1d8d64a269a2ef7c30de7b014e5435edb093dad961fa8a287beb2cddab	deab5a271600224bea09e9fd75d84b00ed4e7e5ea4859724742d2f39cdf45f93	f403abaf38b28a6f22534ba2868cbc002742875046a7cf8c97425c50dc3a7301	e3b0c44298fc1c149afbf4c8996fb92427ae41e4649b934ca495991b7852b855	bea46ab4cf4adbeda551b0c6acc48c6474aa0a07a2c563bba580618b66d2c36b	false	false	true	true	true	-0x1.f263076785681p-36	-0x1.f20603e64fddbp-36	-0x1.f263076785681p-36	-0x1.f20603e64fddbp-36	true	true
436	218	D4	U07-0000000110_S08-0000000175	240	14	15	NA	NA	7	110	8	175	C0Rect2Set	DESCENDANT_PROBE_PASS	0	3083	4473544b11776a52b89358dd609565c20478fb2b2c7b7a4ff6469e0d30f18ce9	a596ae1d8d64a269a2ef7c30de7b014e5435edb093dad961fa8a287beb2cddab	aa5b3b07b064a8e2914c9449e62ac306b222c2be124663c066065244aedac358	7b38e136d80d10190238ddb973d7c06c55fd176e07aa3aa44861f71fce38e312	e3b0c44298fc1c149afbf4c8996fb92427ae41e4649b934ca495991b7852b855	bea46ab4cf4adbeda551b0c6acc48c6474aa0a07a2c563bba580618b66d2c36b	false	false	true	true	true	-0x1.f2631b2ae0abfp-36	-0x1.f205f0263cce4p-36	-0x1.f2631b2ae0abfp-36	-0x1.f205f0263cce4p-36	true	true
437	219	D4	U07-0000000111_S08-0000000163	244	15	3	NA	NA	7	111	8	163	C0HORect2Set	DESCENDANT_PROBE_PASS	0	3213	379c2a42f1ca3c6b4479d771a3e86a9456959df63c286f330f019f120c719d66	278de5e9c5e7c16d860cabce49699f8a07d15868578ef0e7f51e9942981c03ec	686e0748db1cc67fab2a63c99e69d2c09c216c04570f9395ef038147f21b50df	f6fee2433eb6bd7ccbcdc799691fb6f52040be51197b11e5405d046cbcf8add8	e3b0c44298fc1c149afbf4c8996fb92427ae41e4649b934ca495991b7852b855	bea46ab4cf4adbeda551b0c6acc48c6474aa0a07a2c563bba580618b66d2c36b	false	false	true	true	true	-0x1.f3b26421f6d22p-36	-0x1.f3553264578fbp-36	-0x1.f3b26421f6d22p-36	-0x1.f3553264578fbp-36	true	true
438	219	D4	U07-0000000111_S08-0000000163	244	15	3	NA	NA	7	111	8	163	C0Rect2Set	DESCENDANT_PROBE_PASS	0	3067	379c2a42f1ca3c6b4479d771a3e86a9456959df63c286f330f019f120c719d66	278de5e9c5e7c16d860cabce49699f8a07d15868578ef0e7f51e9942981c03ec	4cd92caa494b30d7e93c698b669be04dd23c9194c162cc6e37aa7ffabde22b8a	fdd0c851827b585f1beeac9c05ba4be76fe683c0f5b29d182e0a9e332498455b	e3b0c44298fc1c149afbf4c8996fb92427ae41e4649b934ca495991b7852b855	bea46ab4cf4adbeda551b0c6acc48c6474aa0a07a2c563bba580618b66d2c36b	false	false	true	true	true	-0x1.f3b277eae9b82p-36	-0x1.f3551e9ead80bp-36	-0x1.f3b277eae9b82p-36	-0x1.f3551e9ead80bp-36	true	true
439	220	D4	U07-0000000111_S08-0000000164	245	15	4	NA	NA	7	111	8	164	C0HORect2Set	DESCENDANT_PROBE_PASS	0	3223	06fe34a8680c7c5580decae367ef2e0e6c8894f6bba51c88c789b2880ab9ab5f	53b17819fd9f08022cb05ec2ee6826a37c904e13b64bbc0f17f2fb983d02ac6a	d6a7ab8a67fdcbd56694df29b9a50714111457ad193917fbe02d41c521eaa10c	f496c89e0620c47da0d6f8ddfadfe1b5b5a7909193c94fe18d7622543ddef5a4	e3b0c44298fc1c149afbf4c8996fb92427ae41e4649b934ca495991b7852b855	bea46ab4cf4adbeda551b0c6acc48c6474aa0a07a2c563bba580618b66d2c36b	false	false	true	true	true	-0x1.f39621398ada7p-36	-0x1.f338f35d1482ap-36	-0x1.f39621398ada7p-36	-0x1.f338f35d1482ap-36	true	true
440	220	D4	U07-0000000111_S08-0000000164	245	15	4	NA	NA	7	111	8	164	C0Rect2Set	DESCENDANT_PROBE_PASS	0	3134	06fe34a8680c7c5580decae367ef2e0e6c8894f6bba51c88c789b2880ab9ab5f	53b17819fd9f08022cb05ec2ee6826a37c904e13b64bbc0f17f2fb983d02ac6a	ce76f65ff6cc9c02da958c6b6e26181f57d2096f63d0ff6481df7218b2484d48	ec948d9456c1a42a3f7f656de2b9c51b93a6e7a27071860705f44029c00d33ef	e3b0c44298fc1c149afbf4c8996fb92427ae41e4649b934ca495991b7852b855	bea46ab4cf4adbeda551b0c6acc48c6474aa0a07a2c563bba580618b66d2c36b	false	false	true	true	true	-0x1.f3963501fb94ap-36	-0x1.f338df97ecf27p-36	-0x1.f3963501fb94ap-36	-0x1.f338df97ecf27p-36	true	true
441	221	D4	U07-0000000111_S08-0000000165	246	15	5	NA	NA	7	111	8	165	C0HORect2Set	DESCENDANT_PROBE_PASS	0	3157	132bebe3dc3879472968c2ca04384db54218058f99f05636230e14c8654d3d4a	133f87cf59461006e9e2cb60794190039648401e4be4c854cb2388ef3a556ceb	f35d25b832da9c6491cb56dd34c8723d6b4809ed86a27edec4ba049c4cc1e25f	c46ef030375059a5edce65717cad0d8a97b6646bbeb93c98a417716222498f9b	e3b0c44298fc1c149afbf4c8996fb92427ae41e4649b934ca495991b7852b855	bea46ab4cf4adbeda551b0c6acc48c6474aa0a07a2c563bba580618b66d2c36b	false	false	true	true	true	-0x1.f379df1da9169p-36	-0x1.f31cb521d7652p-36	-0x1.f379df1da9169p-36	-0x1.f31cb521d7652p-36	true	true
442	221	D4	U07-0000000111_S08-0000000165	246	15	5	NA	NA	7	111	8	165	C0Rect2Set	DESCENDANT_PROBE_PASS	0	3118	132bebe3dc3879472968c2ca04384db54218058f99f05636230e14c8654d3d4a	133f87cf59461006e9e2cb60794190039648401e4be4c854cb2388ef3a556ceb	f0e36bef6c1ab55c56c5ae987482206e2ff1f8d2b0d3a019564cbfccaf25bbdf	487136ce7eac1d88b2a1bbea66ea47211a644e767f3a2aafdbfcbdc214fe128d	e3b0c44298fc1c149afbf4c8996fb92427ae41e4649b934ca495991b7852b855	bea46ab4cf4adbeda551b0c6acc48c6474aa0a07a2c563bba580618b66d2c36b	false	false	true	true	true	-0x1.f379f2e5699c6p-36	-0x1.f31ca15d6227bp-36	-0x1.f379f2e5699c6p-36	-0x1.f31ca15d6227bp-36	true	true
443	222	D4	U07-0000000111_S08-0000000166	247	15	6	NA	NA	7	111	8	166	C0HORect2Set	DESCENDANT_PROBE_PASS	0	3231	b6f4e399a56a977c26b677b763b555d7ef865e767d1291e0bc0b785220a4bd49	e569fb1ce6961ad331bb8de487ad6d46df17e2dca8a0c033a7a030a7e1119b18	626765b7609d718a3793c4f9eaaaeeb05feb56b07c7725913db7c4ba8af0472d	72cfe3e4c5a7122784fed408833f9f147aa79fa32ee1fbcf43221452267e4222	e3b0c44298fc1c149afbf4c8996fb92427ae41e4649b934ca495991b7852b855	bea46ab4cf4adbeda551b0c6acc48c6474aa0a07a2c563bba580618b66d2c36b	false	false	true	true	true	-0x1.f35d9dd1b4f89p-36	-0x1.f30077af1aae3p-36	-0x1.f35d9dd1b4f89p-36	-0x1.f30077af1aae3p-36	true	true
444	222	D4	U07-0000000111_S08-0000000166	247	15	6	NA	NA	7	111	8	166	C0Rect2Set	DESCENDANT_PROBE_PASS	0	3084	b6f4e399a56a977c26b677b763b555d7ef865e767d1291e0bc0b785220a4bd49	e569fb1ce6961ad331bb8de487ad6d46df17e2dca8a0c033a7a030a7e1119b18	72ddd42c3e02c0a53a155ee85a95ded4f92000073dd4e545cea0859b54f16bbf	370494c58034e423f901e23362b90e578f0251cc951c4c2ebdd7994ea61ee637	e3b0c44298fc1c149afbf4c8996fb92427ae41e4649b934ca495991b7852b855	bea46ab4cf4adbeda551b0c6acc48c6474aa0a07a2c563bba580618b66d2c36b	false	false	true	true	true	-0x1.f35db1992e32dp-36	-0x1.f30063eaea106p-36	-0x1.f35db1992e32dp-36	-0x1.f30063eaea106p-36	true	true
445	223	D4	U07-0000000111_S08-0000000167	248	15	7	NA	NA	7	111	8	167	C0HORect2Set	DESCENDANT_PROBE_PASS	0	3164	2be9b909124b698cca2f18ceef4a1fb0972a40375e5f728e0b7b2751a6129377	7a852218b354c8f01502624e994b86d6c21b221a0156bfc8e6e91040da156806	09f7efafc251fb0c2af5eb90ec50de34978d3084b91d17c224ed2a8d8d0a04dd	d6466cf40ee74d8ef3221aec3ba4707aacc8fb5507f73d5e6f2c2f011fda55fa	e3b0c44298fc1c149afbf4c8996fb92427ae41e4649b934ca495991b7852b855	bea46ab4cf4adbeda551b0c6acc48c6474aa0a07a2c563bba580618b66d2c36b	false	false	true	true	true	-0x1.f3415d4e48d47p-36	-0x1.f2e43b0c6fa5p-36	-0x1.f3415d4e48d47p-36	-0x1.f2e43b0c6fa5p-36	true	true
446	223	D4	U07-0000000111_S08-0000000167	248	15	7	NA	NA	7	111	8	167	C0Rect2Set	DESCENDANT_PROBE_PASS	0	3051	2be9b909124b698cca2f18ceef4a1fb0972a40375e5f728e0b7b2751a6129377	7a852218b354c8f01502624e994b86d6c21b221a0156bfc8e6e91040da156806	576cf95798d03004f038285555c5cceac83f450bc67943e3a5092eeb47fc67f4	07edd8e821b36cd1665fb5bc56f306b613a52cacf25021642531269eecd0fd56	e3b0c44298fc1c149afbf4c8996fb92427ae41e4649b934ca495991b7852b855	bea46ab4cf4adbeda551b0c6acc48c6474aa0a07a2c563bba580618b66d2c36b	false	false	true	true	true	-0x1.f34171153df46p-36	-0x1.f2e42748c39cdp-36	-0x1.f34171153df46p-36	-0x1.f2e42748c39cdp-36	true	true
447	224	D4	U07-0000000111_S08-0000000168	249	15	8	NA	NA	7	111	8	168	C0HORect2Set	DESCENDANT_PROBE_PASS	0	3225	3cc8945b9a35d3e82df26d6fe89b9df0301dd753e39e5bfb5bfd7ec90d7c5b47	19527a93d1c0788245f8f651feca422eab63cf46c39552d3c6c6cd8e4ad390fe	0c1d4faef935d041d9998df0c3bc95467a0e8d06606c3f3320ef4311af47f5e9	2689aaeb02405a21f5e3e63115ae8b2321ed76c478da5bc956475afbda45c0fd	e3b0c44298fc1c149afbf4c8996fb92427ae41e4649b934ca495991b7852b855	bea46ab4cf4adbeda551b0c6acc48c6474aa0a07a2c563bba580618b66d2c36b	false	false	true	true	true	-0x1.f3251d97141afp-36	-0x1.f2c7ff3600d92p-36	-0x1.f3251d97141afp-36	-0x1.f2c7ff3600d92p-36	true	true
448	224	D4	U07-0000000111_S08-0000000168	249	15	8	NA	NA	7	111	8	168	C0Rect2Set	DESCENDANT_PROBE_PASS	0	3063	3cc8945b9a35d3e82df26d6fe89b9df0301dd753e39e5bfb5bfd7ec90d7c5b47	19527a93d1c0788245f8f651feca422eab63cf46c39552d3c6c6cd8e4ad390fe	836b151cfa6859130b97c1f354eac5f47f0d16e6921e8e7857e4713b7a8571e0	0bdc72a6d317e887ad83cc4d2baacbd7f2d76bf8c41575ec569a5586adeb3d17	e3b0c44298fc1c149afbf4c8996fb92427ae41e4649b934ca495991b7852b855	bea46ab4cf4adbeda551b0c6acc48c6474aa0a07a2c563bba580618b66d2c36b	false	false	true	true	true	-0x1.f325315d01c41p-36	-0x1.f2c7eb735cce2p-36	-0x1.f325315d01c41p-36	-0x1.f2c7eb735cce2p-36	true	true
449	225	D4	U07-0000000111_S08-0000000169	250	15	9	NA	NA	7	111	8	169	C0HORect2Set	DESCENDANT_PROBE_PASS	0	3217	49af4db625b356b569df465d0919f7825d3e4666a052ef6ba0c3177b1ba061cb	4bd43facaa7f817a61836a595f8574027aff5d6d0bfb66501d6f3ded902f885b	6f27ecafabd43405b317e21ba600955b2ec6d4ba3010952dd804362f0fa6f7a0	6ce3789b0d167bcd1b070e45912df43fc5561452591754e1a4db961eedbcf45f	e3b0c44298fc1c149afbf4c8996fb92427ae41e4649b934ca495991b7852b855	bea46ab4cf4adbeda551b0c6acc48c6474aa0a07a2c563bba580618b66d2c36b	false	false	true	true	true	-0x1.f308deac4cb73p-36	-0x1.f2abc42b8f7d1p-36	-0x1.f308deac4cb73p-36	-0x1.f2abc42b8f7d1p-36	true	true
450	225	D4	U07-0000000111_S08-0000000169	250	15	9	NA	NA	7	111	8	169	C0Rect2Set	DESCENDANT_PROBE_PASS	0	3118	49af4db625b356b569df465d0919f7825d3e4666a052ef6ba0c3177b1ba061cb	4bd43facaa7f817a61836a595f8574027aff5d6d0bfb66501d6f3ded902f885b	380c8fad432ec090c868143f5b7883dce48dbd87e7e8643381f199dd488338b8	69d703e5688223959113800384b0a516b8e715259aaae03409f69cd301be2aba	e3b0c44298fc1c149afbf4c8996fb92427ae41e4649b934ca495991b7852b855	bea46ab4cf4adbeda551b0c6acc48c6474aa0a07a2c563bba580618b66d2c36b	false	false	true	true	true	-0x1.f308f271c2711p-36	-0x1.f2abb06962e4ap-36	-0x1.f308f271c2711p-36	-0x1.f2abb06962e4ap-36	true	true
451	226	D4	U07-0000000111_S08-0000000170	251	15	10	NA	NA	7	111	8	170	C0HORect2Set	DESCENDANT_PROBE_PASS	0	3165	403a3e42fc036c1c9d85e196371a368c9706a9591ccd6f76a756515fc9394585	8926a58c4079e8d42c53c0d0ed80560ce9e9808b511faef74b2d3763deb5c325	94cf311689267721a0a43008644cf1703e18c0e07c4e409a9d73e685789e666e	2f7f5eaa4b169e526d0f3186f61f9244d4375f1d986b2ab59e8d9d72f4cbaf10	e3b0c44298fc1c149afbf4c8996fb92427ae41e4649b934ca495991b7852b855	bea46ab4cf4adbeda551b0c6acc48c6474aa0a07a2c563bba580618b66d2c36b	false	false	true	true	true	-0x1.f2eca08dd20fcp-36	-0x1.f28f89ed2fbefp-36	-0x1.f2eca08dd20fcp-36	-0x1.f28f89ed2fbefp-36	true	true
452	226	D4	U07-0000000111_S08-0000000170	251	15	10	NA	NA	7	111	8	170	C0Rect2Set	DESCENDANT_PROBE_PASS	0	3071	403a3e42fc036c1c9d85e196371a368c9706a9591ccd6f76a756515fc9394585	8926a58c4079e8d42c53c0d0ed80560ce9e9808b511faef74b2d3763deb5c325	e4537c30ec1b8664f8004d145bc13e625c1d646d7cec363700dd389a707e7ea2	a2e6f86d45dc8294ff73d008b3b780a3ccc91f5b41d7bdfac65459562133bf03	e3b0c44298fc1c149afbf4c8996fb92427ae41e4649b934ca495991b7852b855	bea46ab4cf4adbeda551b0c6acc48c6474aa0a07a2c563bba580618b66d2c36b	false	false	true	true	true	-0x1.f2ecb452f042cp-36	-0x1.f28f762b5b991p-36	-0x1.f2ecb452f042cp-36	-0x1.f28f762b5b991p-36	true	true
453	227	D4	U07-0000000111_S08-0000000171	252	15	11	NA	NA	7	111	8	171	C0HORect2Set	DESCENDANT_PROBE_PASS	0	3211	9bba1ffc4b2ced104e2080ebe06c568d2c86bc221d013273aa5bea9ee4f49e2e	9ff799bd8611431b6aed01ab0dd26fbebab9d66026aeafa38acf4455da76f9db	bc226ceee5078f4a459ed02b0b566cb94a15eef0bcf7443cc532c4f96a123606	96bf7a817731500fa3e300258c9ddccc4bccdda527eaa8b9375b445dc659b23b	e3b0c44298fc1c149afbf4c8996fb92427ae41e4649b934ca495991b7852b855	bea46ab4cf4adbeda551b0c6acc48c6474aa0a07a2c563bba580618b66d2c36b	false	false	true	true	true	-0x1.f2d0633b6ed49p-36	-0x1.f273507b10333p-36	-0x1.f2d0633b6ed49p-36	-0x1.f273507b10333p-36	true	true
454	227	D4	U07-0000000111_S08-0000000171	252	15	11	NA	NA	7	111	8	171	C0Rect2Set	DESCENDANT_PROBE_PASS	0	3081	9bba1ffc4b2ced104e2080ebe06c568d2c86bc221d013273aa5bea9ee4f49e2e	9ff799bd8611431b6aed01ab0dd26fbebab9d66026aeafa38acf4455da76f9db	91332bef69aa344327fc0229bdc1af737701a4a96975a048b4701563184103c3	05b6bbf0ecb6eece1544e69d02ba8218c4f76a7260f83a3badde3cd5b9b6387a	e3b0c44298fc1c149afbf4c8996fb92427ae41e4649b934ca495991b7852b855	bea46ab4cf4adbeda551b0c6acc48c6474aa0a07a2c563bba580618b66d2c36b	false	false	true	true	true	-0x1.f2d077004d163p-36	-0x1.f2733cb97b3a9p-36	-0x1.f2d077004d163p-36	-0x1.f2733cb97b3a9p-36	true	true
455	228	D4	U07-0000000111_S08-0000000172	253	15	12	NA	NA	7	111	8	172	C0HORect2Set	DESCENDANT_PROBE_PASS	0	3153	60478ffe8e67aefb21ccf16052ca9e61944d25a2e20d5dfc924772a5a99d92f9	c70054f3f0bb820eeed5a5ffe5b06ab09c314fc9f29ffcc46fd15d64dfdd6fe8	0998faa8a6deee8277034881237c2571894b2ae95795c6b2c8c1f07533bde09c	7eabc443b0da29e68a6b99c89a1b663ccfd0e1459a0592462421a2e704f81410	e3b0c44298fc1c149afbf4c8996fb92427ae41e4649b934ca495991b7852b855	bea46ab4cf4adbeda551b0c6acc48c6474aa0a07a2c563bba580618b66d2c36b	false	false	true	true	true	-0x1.f2b426b5bbdebp-36	-0x1.f25717d48bf89p-36	-0x1.f2b426b5bbdebp-36	-0x1.f25717d48bf89p-36	true	true
456	228	D4	U07-0000000111_S08-0000000172	253	15	12	NA	NA	7	111	8	172	C0Rect2Set	DESCENDANT_PROBE_PASS	0	3085	60478ffe8e67aefb21ccf16052ca9e61944d25a2e20d5dfc924772a5a99d92f9	c70054f3f0bb820eeed5a5ffe5b06ab09c314fc9f29ffcc46fd15d64dfdd6fe8	d8726ee41d59bf56934df30c92ee4ac157e9f285fe55104b3082df78177b6c3b	84d5e7be578d4bdc49c17ce175cc7277414cf8ca6c685a1c99539e2b82e7a17c	e3b0c44298fc1c149afbf4c8996fb92427ae41e4649b934ca495991b7852b855	bea46ab4cf4adbeda551b0c6acc48c6474aa0a07a2c563bba580618b66d2c36b	false	false	true	true	true	-0x1.f2b43a79e41c4p-36	-0x1.f2570413ac5a1p-36	-0x1.f2b43a79e41c4p-36	-0x1.f2570413ac5a1p-36	true	true
457	229	D4	U07-0000000111_S08-0000000173	254	15	13	NA	NA	7	111	8	173	C0HORect2Set	DESCENDANT_PROBE_PASS	0	3143	dd2a4cd0d32a7838fe742bfb7e9203444ee547e533c59c9ccc2d53a8ea067162	0cf4884c604b917eca031157b269ada2234b243172e53b7da9ccfb7ec9d3820f	ff0d8b9e38ba5d9631ee05c42bb511742d85decf3848b75eff6ab2cc636f8a21	d5998d7fc6e246c2b0c9ffd07e3cb0299b1dcd71f41303931316ac1076b25d66	e3b0c44298fc1c149afbf4c8996fb92427ae41e4649b934ca495991b7852b855	bea46ab4cf4adbeda551b0c6acc48c6474aa0a07a2c563bba580618b66d2c36b	false	false	true	true	true	-0x1.f297eafbbbafbp-36	-0x1.f23adffa94a9dp-36	-0x1.f297eafbbbafbp-36	-0x1.f23adffa94a9dp-36	true	true
458	229	D4	U07-0000000111_S08-0000000173	254	15	13	NA	NA	7	111	8	173	C0Rect2Set	DESCENDANT_PROBE_PASS	0	3085	dd2a4cd0d32a7838fe742bfb7e9203444ee547e533c59c9ccc2d53a8ea067162	0cf4884c604b917eca031157b269ada2234b243172e53b7da9ccfb7ec9d3820f	c0eb026201be42f73f5333c11a0f14893393a9e6a746fcf03285344d2e7123e3	9a1fde7df6e2635e642f29657007a6eac987b87742ae0f3fdf47c4b499af1781	e3b0c44298fc1c149afbf4c8996fb92427ae41e4649b934ca495991b7852b855	bea46ab4cf4adbeda551b0c6acc48c6474aa0a07a2c563bba580618b66d2c36b	false	false	true	true	true	-0x1.f297febfad6cdp-36	-0x1.f23acc39ec5b1p-36	-0x1.f297febfad6cdp-36	-0x1.f23acc39ec5b1p-36	true	true
459	230	D4	U07-0000000111_S08-0000000174	255	15	14	NA	NA	7	111	8	174	C0HORect2Set	DESCENDANT_PROBE_PASS	0	3191	733b22ee6dae9b5dbfe998cbd6e67be9c9880ebd3a8fa0e7c8039ee7d434e50b	eadd377daf9d4f470fccd81d870e02900f9feac09a4e9b818a64e77f897e5a8a	f1bd9411d0c7db70508737ad258f548b02c0a664cff304826778cf7a4636dd7f	e35133c8f4bab1e80b484e74730d9abaa99daed440c7c515843e6c21c4164b18	e3b0c44298fc1c149afbf4c8996fb92427ae41e4649b934ca495991b7852b855	bea46ab4cf4adbeda551b0c6acc48c6474aa0a07a2c563bba580618b66d2c36b	false	false	true	true	true	-0x1.f27bb00dfc6adp-36	-0x1.f21ea8ec95332p-36	-0x1.f27bb00dfc6adp-36	-0x1.f21ea8ec95332p-36	true	true
460	230	D4	U07-0000000111_S08-0000000174	255	15	14	NA	NA	7	111	8	174	C0Rect2Set	DESCENDANT_PROBE_PASS	0	3079	733b22ee6dae9b5dbfe998cbd6e67be9c9880ebd3a8fa0e7c8039ee7d434e50b	eadd377daf9d4f470fccd81d870e02900f9feac09a4e9b818a64e77f897e5a8a	a81235b9a50d065c98e4b0aada9610d2d0ec19f484344a0a5f7aec529948b768	8a43f429721a3bad2417c0affbf2b33c588345b97f11cbebaf609ed38b77b44b	e3b0c44298fc1c149afbf4c8996fb92427ae41e4649b934ca495991b7852b855	bea46ab4cf4adbeda551b0c6acc48c6474aa0a07a2c563bba580618b66d2c36b	false	false	true	true	true	-0x1.f27bc3d1a234dp-36	-0x1.f21e952c386cp-36	-0x1.f27bc3d1a234dp-36	-0x1.f21e952c386cp-36	true	true
461	231	D4	U07-0000000111_S08-0000000175	256	15	15	NA	NA	7	111	8	175	C0HORect2Set	DESCENDANT_PROBE_PASS	0	3199	aee182a7ea0f2ccb4056eb677c4c03f29ccbfc91842bfcb46f68068cbc2d8c66	51f91896ec58976d31410b15297494cef095aa1a1754475e67ddedc920dad79a	745c3b91caecb7016c0b0a924b09819bdb1ff8a46889eb8958b6d65f9f199f2c	e6a7a9ef72d9521accb9aa46ffdf42d3d2b79cc157fddb18dac75eba2b539ae2	e3b0c44298fc1c149afbf4c8996fb92427ae41e4649b934ca495991b7852b855	bea46ab4cf4adbeda551b0c6acc48c6474aa0a07a2c563bba580618b66d2c36b	false	false	true	true	true	-0x1.f25f75ec7351dp-36	-0x1.f20272aa8c15p-36	-0x1.f25f75ec7351dp-36	-0x1.f20272aa8c15p-36	true	true
462	231	D4	U07-0000000111_S08-0000000175	256	15	15	NA	NA	7	111	8	175	C0Rect2Set	DESCENDANT_PROBE_PASS	0	3107	aee182a7ea0f2ccb4056eb677c4c03f29ccbfc91842bfcb46f68068cbc2d8c66	51f91896ec58976d31410b15297494cef095aa1a1754475e67ddedc920dad79a	408a7377d979ce161ec4ca948bb3f7e9690100f0b116e29874bb141a92a4b33f	7fb4487961380b48a3695690d7cf772940cd29dfab96f8e76445b238fbd1e968	e3b0c44298fc1c149afbf4c8996fb92427ae41e4649b934ca495991b7852b855	bea46ab4cf4adbeda551b0c6acc48c6474aa0a07a2c563bba580618b66d2c36b	false	false	true	true	true	-0x1.f25f89afb8e2ep-36	-0x1.f2025eea90118p-36	-0x1.f25f89afb8e2ep-36	-0x1.f2025eea90118p-36	true	true
463	232	D5	U08-0000000198_S09-0000000320	49	3	0	0	0	8	198	9	320	C0HORect2Set	DESCENDANT_PROBE_PASS	0	3193	bbba612f7783f57f47c3b60503d65655c0f694c35bccae475cd906e4c6eb2416	785dc10ae9345e5b25b50ab0ce1405709b87aa3a0914767eedf231ff0578ff47	1c5b86a5722be3971b6dc80cdeb6f092b299fb39bc0a4604f9ac6f36c3fd3d19	4cd9960d93b4ea9e7d47a3decaeeb99893081bd617feb888fd562544fbfdbc52	e3b0c44298fc1c149afbf4c8996fb92427ae41e4649b934ca495991b7852b855	bea46ab4cf4adbeda551b0c6acc48c6474aa0a07a2c563bba580618b66d2c36b	false	false	true	true	true	-0x1.f4224bd575547p-36	-0x1.f3f497a4b7cc7p-36	-0x1.f4224bd575547p-36	-0x1.f3f497a4b7cc7p-36	true	true
464	232	D5	U08-0000000198_S09-0000000320	49	3	0	0	0	8	198	9	320	C0Rect2Set	DESCENDANT_PROBE_PASS	0	3072	bbba612f7783f57f47c3b60503d65655c0f694c35bccae475cd906e4c6eb2416	785dc10ae9345e5b25b50ab0ce1405709b87aa3a0914767eedf231ff0578ff47	497a4773c91b62bea595b69dc3c28e37a2995991da4203c0cee16a6971b49d9d	0327d9a5df38d77fcc1559d3676ac231ec2365d91be699fca59902878b07b01f	e3b0c44298fc1c149afbf4c8996fb92427ae41e4649b934ca495991b7852b855	bea46ab4cf4adbeda551b0c6acc48c6474aa0a07a2c563bba580618b66d2c36b	false	false	true	true	true	-0x1.f42250a458feap-36	-0x1.f3f492d635d32p-36	-0x1.f42250a458feap-36	-0x1.f3f492d635d32p-36	true	true
465	233	D5	U08-0000000198_S09-0000000321	49	3	0	0	1	8	198	9	321	C0HORect2Set	DESCENDANT_PROBE_PASS	0	3203	e58b04da819a19750b12de263bd0511926c801ccb5a3f3dcb0655c50b12e4dfc	bb0c022411f0b2ad08b4f5bdfa489e9a09784b1e94a823f2b3488b0017498f0d	7acb9b81cb2509ad9d0ac81130f2f759cc65d7b6ca81742b9dc5bba8521250c7	b152b4d9baae643a13968fb235c44d6153af069fb4f10c46a1f190c167a89b3d	e3b0c44298fc1c149afbf4c8996fb92427ae41e4649b934ca495991b7852b855	bea46ab4cf4adbeda551b0c6acc48c6474aa0a07a2c563bba580618b66d2c36b	false	false	true	true	true	-0x1.f41428919a3bfp-36	-0x1.f3e67556d5a6bp-36	-0x1.f41428919a3bfp-36	-0x1.f3e67556d5a6bp-36	true	true
466	233	D5	U08-0000000198_S09-0000000321	49	3	0	0	1	8	198	9	321	C0Rect2Set	DESCENDANT_PROBE_PASS	0	3161	e58b04da819a19750b12de263bd0511926c801ccb5a3f3dcb0655c50b12e4dfc	bb0c022411f0b2ad08b4f5bdfa489e9a09784b1e94a823f2b3488b0017498f0d	5fe8c44517ca8377b4a6082ebae32ccd15b81d947df0c1bd5e8e6a318e79bb1f	52309836dd8a0de92cbc9e4f1d466040f49c9bfee163e6a148a84148aab1f145	e3b0c44298fc1c149afbf4c8996fb92427ae41e4649b934ca495991b7852b855	bea46ab4cf4adbeda551b0c6acc48c6474aa0a07a2c563bba580618b66d2c36b	false	false	true	true	true	-0x1.f4142d606675fp-36	-0x1.f3e670886b0ebp-36	-0x1.f4142d606675fp-36	-0x1.f3e670886b0ebp-36	true	true
467	234	D5	U08-0000000199_S09-0000000320	49	3	0	1	0	8	199	9	320	C0HORect2Set	DESCENDANT_PROBE_PASS	0	3152	54ae9873ca32b1ae565de0aee1a649084eea3197dacee8b0daacfe470b03ebcd	2c2e9e92a06034eefa6cf9390840c80fc34a73f274ff4943b4b86f58089c416c	9645be4f0d4b2ad58c7e35b749eab2411ece216d31e0e3f681bf469e8fff8fed	d34ddb745ef5af5f19b9ce4c5bb5ff5db31cdf1803d9a28ab9fd7a6255b7ba64	e3b0c44298fc1c149afbf4c8996fb92427ae41e4649b934ca495991b7852b855	bea46ab4cf4adbeda551b0c6acc48c6474aa0a07a2c563bba580618b66d2c36b	false	false	true	true	true	-0x1.f4208214d4058p-36	-0x1.f3f2cdf2d71c6p-36	-0x1.f4208214d4058p-36	-0x1.f3f2cdf2d71c6p-36	true	true
468	234	D5	U08-0000000199_S09-0000000320	49	3	0	1	0	8	199	9	320	C0Rect2Set	DESCENDANT_PROBE_PASS	0	3064	54ae9873ca32b1ae565de0aee1a649084eea3197dacee8b0daacfe470b03ebcd	2c2e9e92a06034eefa6cf9390840c80fc34a73f274ff4943b4b86f58089c416c	335d5aa705369aff16d3bb082720e0be0e90756a2c6212d247988fde6edf0ad3	e6e57ccb6c6501f209900c0d7e8e0ef58c41f68ca62b499a2604ffc3254e5ff7	e3b0c44298fc1c149afbf4c8996fb92427ae41e4649b934ca495991b7852b855	bea46ab4cf4adbeda551b0c6acc48c6474aa0a07a2c563bba580618b66d2c36b	false	false	true	true	true	-0x1.f42086e3988ccp-36	-0x1.f3f2c9247412ep-36	-0x1.f42086e3988ccp-36	-0x1.f3f2c9247412ep-36	true	true
469	235	D5	U08-0000000199_S09-0000000321	49	3	0	1	1	8	199	9	321	C0HORect2Set	DESCENDANT_PROBE_PASS	0	3156	2c815955b74362b91c29229d686dc4e1fa68f00349771aa4501074ce0d1e31a8	f76dede8ffd4c5952d8c50cf91cbe6c4e2efaac0ea1a2f63b402eb5f4db308a8	b9e0f69f0896c268aca6a50b8248c17f082c57c56ccdafb2027f90e5955f8e56	b247da05a97a62baa9e98347c38d6569c30f07b8628903b253be7e75ceca00be	e3b0c44298fc1c149afbf4c8996fb92427ae41e4649b934ca495991b7852b855	bea46ab4cf4adbeda551b0c6acc48c6474aa0a07a2c563bba580618b66d2c36b	false	false	true	true	true	-0x1.f4125eda55e63p-36	-0x1.f3e4abae7adfcp-36	-0x1.f4125eda55e63p-36	-0x1.f3e4abae7adfcp-36	true	true
470	235	D5	U08-0000000199_S09-0000000321	49	3	0	1	1	8	199	9	321	C0Rect2Set	DESCENDANT_PROBE_PASS	0	3061	2c815955b74362b91c29229d686dc4e1fa68f00349771aa4501074ce0d1e31a8	f76dede8ffd4c5952d8c50cf91cbe6c4e2efaac0ea1a2f63b402eb5f4db308a8	3d985f2b287a736b1f4fa32439f5116ec7b1f5e1cc59f4612f31c4783b34a2f6	7c3420520befd0d8aea2fb08d70afedcd2dbaaf9b3a76d8350fbd45405d1eb04	e3b0c44298fc1c149afbf4c8996fb92427ae41e4649b934ca495991b7852b855	bea46ab4cf4adbeda551b0c6acc48c6474aa0a07a2c563bba580618b66d2c36b	false	false	true	true	true	-0x1.f41263a91ae82p-36	-0x1.f3e4a6e017925p-36	-0x1.f41263a91ae82p-36	-0x1.f3e4a6e017925p-36	true	true
471	236	D5	U08-0000000200_S09-0000000320	65	4	0	0	0	8	200	9	320	C0HORect2Set	DESCENDANT_PROBE_PASS	0	3150	7b2f459f50a5c6983e66072b3f4570603a6a57b5b952ea48717d23c413ae50ff	5e0f3d183d546a47b5952fb0b3f168d517aeae878a22bbb44d7c3e9772a86bdd	37fee45e8d3c6f192ad406cea8307f9e6865b03f58e7ea3a5d6bdcdba94df19a	b2bd3d903b54944189f0e77dfdb59edbfd377655485c986691cf86ec55117e9e	e3b0c44298fc1c149afbf4c8996fb92427ae41e4649b934ca495991b7852b855	bea46ab4cf4adbeda551b0c6acc48c6474aa0a07a2c563bba580618b66d2c36b	false	false	true	true	true	-0x1.f41eb8531a1c2p-36	-0x1.f3f1044043d8cp-36	-0x1.f41eb8531a1c2p-36	-0x1.f3f1044043d8cp-36	true	true
472	236	D5	U08-0000000200_S09-0000000320	65	4	0	0	0	8	200	9	320	C0Rect2Set	DESCENDANT_PROBE_PASS	0	3061	7b2f459f50a5c6983e66072b3f4570603a6a57b5b952ea48717d23c413ae50ff	5e0f3d183d546a47b5952fb0b3f168d517aeae878a22bbb44d7c3e9772a86bdd	cc5bbcd185ce943d3beba0c5968a702ecb601bc41b96ec53238f2887dd0d22d0	b3ce5a4f4c19ca4f01116ca7711e62b17f4fff1470154831935448a0cae182ed	e3b0c44298fc1c149afbf4c8996fb92427ae41e4649b934ca495991b7852b855	bea46ab4cf4adbeda551b0c6acc48c6474aa0a07a2c563bba580618b66d2c36b	false	false	true	true	true	-0x1.f41ebd21f8665p-36	-0x1.f3f0ff71c8b9p-36	-0x1.f41ebd21f8665p-36	-0x1.f3f0ff71c8b9p-36	true	true
473	237	D5	U08-0000000200_S09-0000000321	65	4	0	0	1	8	200	9	321	C0HORect2Set	DESCENDANT_PROBE_PASS	0	3197	cfb292ad50146ab82344195dbd8b6a37c15969aa4973decc1fe15fb4d89fcc08	4fe47a69607dec82d985fa9b1cadc9b3ff7bde157d90e06a5d441f820ecbeb7f	4958c9287d9ecfc8489cf0d618d214617c35fecd2f85fe8a23565840ce1e6c93	45c3618020fa1bb5a34b51a8146511e32764f265e6ee7adae66d0a6f5f647bd6	e3b0c44298fc1c149afbf4c8996fb92427ae41e4649b934ca495991b7852b855	bea46ab4cf4adbeda551b0c6acc48c6474aa0a07a2c563bba580618b66d2c36b	false	false	true	true	true	-0x1.f4109522443d1p-36	-0x1.f3e2e20522166p-36	-0x1.f4109522443d1p-36	-0x1.f3e2e20522166p-36	true	true
474	237	D5	U08-0000000200_S09-0000000321	65	4	0	0	1	8	200	9	321	C0Rect2Set	DESCENDANT_PROBE_PASS	0	3095	cfb292ad50146ab82344195dbd8b6a37c15969aa4973decc1fe15fb4d89fcc08	4fe47a69607dec82d985fa9b1cadc9b3ff7bde157d90e06a5d441f820ecbeb7f	58c31cf470e96875b935e35dd73bf15be4ae453d61d95eeeb85aaf73071e2c1f	97dc50ab67fad647a2bdb241b48b2e23fcbe520702ffb7fd54e9e2484f915f53	e3b0c44298fc1c149afbf4c8996fb92427ae41e4649b934ca495991b7852b855	bea46ab4cf4adbeda551b0c6acc48c6474aa0a07a2c563bba580618b66d2c36b	false	false	true	true	true	-0x1.f41099f0e9d4p-36	-0x1.f3e2dd36dfe3ap-36	-0x1.f41099f0e9d4p-36	-0x1.f3e2dd36dfe3ap-36	true	true
475	238	D5	U08-0000000201_S09-0000000320	65	4	0	1	0	8	201	9	320	C0HORect2Set	DESCENDANT_PROBE_PASS	0	3188	893271b2d69cc46a044a98b01b183ee89a4e89c64335d541cfb4f2c947fb93eb	9f002e27c150463209b38114adcb26d828d67899320b43a217a405d92f5ace8e	b206f43c0e7d24ddee9ed64cc490d6084f2f508ab5271eb9775687dc5142a01e	f2e679ae737b6b03159db2a3f606970d2d899604709f6609a0e8aeb4635f7435	e3b0c44298fc1c149afbf4c8996fb92427ae41e4649b934ca495991b7852b855	bea46ab4cf4adbeda551b0c6acc48c6474aa0a07a2c563bba580618b66d2c36b	false	false	true	true	true	-0x1.f41cee908dd67p-36	-0x1.f3ef3a8cbb56p-36	-0x1.f41cee908dd67p-36	-0x1.f3ef3a8cbb56p-36	true	true
476	238	D5	U08-0000000201_S09-0000000320	65	4	0	1	0	8	201	9	320	C0Rect2Set	DESCENDANT_PROBE_PASS	0	3054	893271b2d69cc46a044a98b01b183ee89a4e89c64335d541cfb4f2c947fb93eb	9f002e27c150463209b38114adcb26d828d67899320b43a217a405d92f5ace8e	31154b60aafaff0061a1bbab139633f2c04e8763c3992d8c3a34d8fba3bd50a7	4a267bd1e5c1fc7a3e3b17998b711afdcbc7f722b8d3dba2b88ca92bd4b274ff	e3b0c44298fc1c149afbf4c8996fb92427ae41e4649b934ca495991b7852b855	bea46ab4cf4adbeda551b0c6acc48c6474aa0a07a2c563bba580618b66d2c36b	false	false	true	true	true	-0x1.f41cf35f7050cp-36	-0x1.f3ef35be3bb6cp-36	-0x1.f41cf35f7050cp-36	-0x1.f3ef35be3bb6cp-36	true	true
477	239	D5	U08-0000000201_S09-0000000321	65	4	0	1	1	8	201	9	321	C0HORect2Set	DESCENDANT_PROBE_PASS	0	3209	fd6f9fe6a660dfcbb38311c14fe8dd0a080be7def3fb7166ea4e14ea7e0a605e	d282f05e80fca00822aed25dc5b0c15e1b2b35a14ef02262c2728c4f82ff1bd8	990040f1a3c973b381fb92ed06c1fd856611a250bd3c22f26a42508ae6329ce2	bf55ef1b19e6b88f626d2664d9e674a2e37f7fffe5cab90f1b6c937b9ef709e9	e3b0c44298fc1c149afbf4c8996fb92427ae41e4649b934ca495991b7852b855	bea46ab4cf4adbeda551b0c6acc48c6474aa0a07a2c563bba580618b66d2c36b	false	false	true	true	true	-0x1.f40ecb691c1a8p-36	-0x1.f3e1185b1933ap-36	-0x1.f40ecb691c1a8p-36	-0x1.f3e1185b1933ap-36	true	true
478	239	D5	U08-0000000201_S09-0000000321	65	4	0	1	1	8	201	9	321	C0Rect2Set	DESCENDANT_PROBE_PASS	0	3087	fd6f9fe6a660dfcbb38311c14fe8dd0a080be7def3fb7166ea4e14ea7e0a605e	d282f05e80fca00822aed25dc5b0c15e1b2b35a14ef02262c2728c4f82ff1bd8	710707304a5ad6841d205f0049231407d6383d922af6b80a53938c469092917d	77c9a205ce89191f9a614d6a5405aa57b9768d19db4fadf15a55bddab6a3077f	e3b0c44298fc1c149afbf4c8996fb92427ae41e4649b934ca495991b7852b855	bea46ab4cf4adbeda551b0c6acc48c6474aa0a07a2c563bba580618b66d2c36b	false	false	true	true	true	-0x1.f40ed037d5d99p-36	-0x1.f3e1138cc191fp-36	-0x1.f40ed037d5d99p-36	-0x1.f3e1138cc191fp-36	true	true
479	240	D5	U08-0000000202_S09-0000000320	81	5	0	0	0	8	202	9	320	C0HORect2Set	DESCENDANT_PROBE_PASS	0	3200	5d6c9934a36f6f439fb23c3f682f8f9fa10efda49811cd466bba1f67f244f3d7	426e382a27fe275c6bc9793189282657d51181ebe003f5fd4687303e4e7ce893	87e95ca553a4b30766dc36c3fca6bf30001e4c41cb6ccc0f9311258dbd1f06a6	1718abbd5526f0cf1e4a7ba5c15e5b302aacdff5b24e2b74f753fe62791d45d8	e3b0c44298fc1c149afbf4c8996fb92427ae41e4649b934ca495991b7852b855	bea46ab4cf4adbeda551b0c6acc48c6474aa0a07a2c563bba580618b66d2c36b	false	false	true	true	true	-0x1.f41b24cf346a3p-36	-0x1.f3ed70d6379ep-36	-0x1.f41b24cf346a3p-36	-0x1.f3ed70d6379ep-36	true	true
480	240	D5	U08-0000000202_S09-0000000320	81	5	0	0	0	8	202	9	320	C0Rect2Set	DESCENDANT_PROBE_PASS	0	3165	5d6c9934a36f6f439fb23c3f682f8f9fa10efda49811cd466bba1f67f244f3d7	426e382a27fe275c6bc9793189282657d51181ebe003f5fd4687303e4e7ce893	bb7d916c6ab5fc3cea2b93ea5aaa2b72c62265eb5364c1a27bc809c84ad309b1	f43846777d8a0eda42254becf91c6dcf18c86ed10a233167aba4c39ebaa238cb	e3b0c44298fc1c149afbf4c8996fb92427ae41e4649b934ca495991b7852b855	bea46ab4cf4adbeda551b0c6acc48c6474aa0a07a2c563bba580618b66d2c36b	false	false	true	true	true	-0x1.f41b299dd9329p-36	-0x1.f3ed6c07f4747p-36	-0x1.f41b299dd9329p-36	-0x1.f3ed6c07f4747p-36	true	true
481	241	D5	U08-0000000202_S09-0000000321	81	5	0	0	1	8	202	9	321	C0HORect2Set	DESCENDANT_PROBE_PASS	0	3198	2c4f45fadbff98b2d6c9d0b232d8ef7029da46eb231f43e113033dd5aa116726	a0f1e556f06f5821fcc0edef0e251a5c23e273b2d6e71c78c93c2020af5f189e	0d58e5b3e25189e9b1714a49c9d85207a555fbddbfc94b42c80c7fbbc3c4ec74	8e160bfb1c8f0391a2fb74f191c545a13a829949740c8ec8f070bc394611df14	e3b0c44298fc1c149afbf4c8996fb92427ae41e4649b934ca495991b7852b855	bea46ab4cf4adbeda551b0c6acc48c6474aa0a07a2c563bba580618b66d2c36b	false	false	true	true	true	-0x1.f40d01b101f9dp-36	-0x1.f3df4eae388a4p-36	-0x1.f40d01b101f9dp-36	-0x1.f3df4eae388a4p-36	true	true
482	241	D5	U08-0000000202_S09-0000000321	81	5	0	0	1	8	202	9	321	C0Rect2Set	DESCENDANT_PROBE_PASS	0	3092	2c4f45fadbff98b2d6c9d0b232d8ef7029da46eb231f43e113033dd5aa116726	a0f1e556f06f5821fcc0edef0e251a5c23e273b2d6e71c78c93c2020af5f189e	bdcc426a0f9b13311f590f44efa0fd07e9047a6af22da8b567ab2182d7b8ff66	678f5379a4f8d5fad9e31290ab51ee28cb63978580e92a6df20137168eeea014	e3b0c44298fc1c149afbf4c8996fb92427ae41e4649b934ca495991b7852b855	bea46ab4cf4adbeda551b0c6acc48c6474aa0a07a2c563bba580618b66d2c36b	false	false	true	true	true	-0x1.f40d067fab8fdp-36	-0x1.f3df49dff0dfcp-36	-0x1.f40d067fab8fdp-36	-0x1.f3df49dff0dfcp-36	true	true
483	242	D5	U08-0000000203_S09-0000000320	81	5	0	1	0	8	203	9	320	C0HORect2Set	DESCENDANT_PROBE_PASS	0	3209	de90d3348f770901c6f925d23124731074dee0151f1a081cb0be6c071daf25ef	4ccd30ea19a4b00e34295ec90c55656d6683f6a0562413040b1e7de49f51192d	2a9de1647b68c9ef5be24373f1fc5a721ca11fbfbaed7c5ebe9dd42a67f4ba2b	2632fc0ca2d95964faa6c1f6d88e628f154f24f93bb2e83c433a40959b155121	e3b0c44298fc1c149afbf4c8996fb92427ae41e4649b934ca495991b7852b855	bea46ab4cf4adbeda551b0c6acc48c6474aa0a07a2c563bba580618b66d2c36b	false	false	true	true	true	-0x1.f4195b0ad9bep-36	-0x1.f3eba720e9dbdp-36	-0x1.f4195b0ad9bep-36	-0x1.f3eba720e9dbdp-36	true	true
484	242	D5	U08-0000000203_S09-0000000320	81	5	0	1	0	8	203	9	320	C0Rect2Set	DESCENDANT_PROBE_PASS	0	3091	de90d3348f770901c6f925d23124731074dee0151f1a081cb0be6c071daf25ef	4ccd30ea19a4b00e34295ec90c55656d6683f6a0562413040b1e7de49f51192d	2f222468f800a2bfb5fd7b881be73b12fe7c132bcb4ed31a755579cf1121dcc0	b040bf24c840dca7fa305146cd2853440744b7ed775c8a30c9baa220373a946b	e3b0c44298fc1c149afbf4c8996fb92427ae41e4649b934ca495991b7852b855	bea46ab4cf4adbeda551b0c6acc48c6474aa0a07a2c563bba580618b66d2c36b	false	false	true	true	true	-0x1.f4195fd98739ep-36	-0x1.f3eba2529e326p-36	-0x1.f4195fd98739ep-36	-0x1.f3eba2529e326p-36	true	true
485	243	D5	U08-0000000203_S09-0000000321	81	5	0	1	1	8	203	9	321	C0HORect2Set	DESCENDANT_PROBE_PASS	0	3193	cdc6fb5da1556f5512a4a4292a96675e25d5df56ef5fed7a6d7fbfe99f51050c	2a2952e8123cbd74665ee42d5ab7aeb78fe36863565ea79ab1bb9582876727c7	877e00495328c2b4dca3eea805eb4073571dbc39bb6ba5b3c9c995a068da79e1	8c3d0ce380f05f15f0ea8d763a97281b8265d46a0dc34fa4be544d44f07183f7	e3b0c44298fc1c149afbf4c8996fb92427ae41e4649b934ca495991b7852b855	bea46ab4cf4adbeda551b0c6acc48c6474aa0a07a2c563bba580618b66d2c36b	false	false	true	true	true	-0x1.f40b37f62623fp-36	-0x1.f3dd85024f875p-36	-0x1.f40b37f62623fp-36	-0x1.f3dd85024f875p-36	true	true
486	243	D5	U08-0000000203_S09-0000000321	81	5	0	1	1	8	203	9	321	C0Rect2Set	DESCENDANT_PROBE_PASS	0	3069	cdc6fb5da1556f5512a4a4292a96675e25d5df56ef5fed7a6d7fbfe99f51050c	2a2952e8123cbd74665ee42d5ab7aeb78fe36863565ea79ab1bb9582876727c7	7d307ec0afaa396f3853b471438c401067a85fabd770b48a8071c08d96c1de3c	95af8f1c34ef33d81d680563f40ccc7125329c2c6b29aadc6449ed2d1458e29e	e3b0c44298fc1c149afbf4c8996fb92427ae41e4649b934ca495991b7852b855	bea46ab4cf4adbeda551b0c6acc48c6474aa0a07a2c563bba580618b66d2c36b	false	false	true	true	true	-0x1.f40b3cc4cf51dp-36	-0x1.f3dd80340862bp-36	-0x1.f40b3cc4cf51dp-36	-0x1.f3dd80340862bp-36	true	true
487	244	D5	U08-0000000204_S09-0000000320	97	6	0	0	0	8	204	9	320	C0HORect2Set	DESCENDANT_PROBE_PASS	0	3158	2c0cc15262b7452fc08cdbe6cf6ab603af904c281b00f9e49185f4d77f746c7a	6735936d74765cdc5aed971e3eff962226e64ec938a4a2fec653154d311b69fb	347eb3677f56b0de2353f832acaac7a233a93b5eaacd08cb84c00fc369ffc7f3	f68fb9a9c0bacfbc55b1d3d3752c0459d1b6ca12a2146e94eb0d1583c3e567ca	e3b0c44298fc1c149afbf4c8996fb92427ae41e4649b934ca495991b7852b855	bea46ab4cf4adbeda551b0c6acc48c6474aa0a07a2c563bba580618b66d2c36b	false	false	true	true	true	-0x1.f4179145944c8p-36	-0x1.f3e9dd6abd759p-36	-0x1.f4179145944c8p-36	-0x1.f3e9dd6abd759p-36	true	true
488	244	D5	U08-0000000204_S09-0000000320	97	6	0	0	0	8	204	9	320	C0Rect2Set	DESCENDANT_PROBE_PASS	0	3118	2c0cc15262b7452fc08cdbe6cf6ab603af904c281b00f9e49185f4d77f746c7a	6735936d74765cdc5aed971e3eff962226e64ec938a4a2fec653154d311b69fb	4cd273e154c5f57632dfcc5e5ff9b7195dcdab7a3e08b9c798d6840cd72a2157	30b84809876946fc43d96e64b4f7e9390d64847da29968bf6c370a30bf75115b	e3b0c44298fc1c149afbf4c8996fb92427ae41e4649b934ca495991b7852b855	bea46ab4cf4adbeda551b0c6acc48c6474aa0a07a2c563bba580618b66d2c36b	false	false	true	true	true	-0x1.f417961454194p-36	-0x1.f3e9d89c5f64bp-36	-0x1.f417961454194p-36	-0x1.f3e9d89c5f64bp-36	true	true
489	245	D5	U08-0000000204_S09-0000000321	97	6	0	0	1	8	204	9	321	C0HORect2Set	DESCENDANT_PROBE_PASS	0	3198	d08b4c553b3dbea24296af6219ac5bc86e37e3facc02e603e4e5065f5eed0cc7	1462c4f939686b3fe838b9abc9b7f4e60e321419dc0b366a92cca8ab733d8c4c	9c7fddf9158525b78d4c27c2a014e2514be7a337322b68f38e7e1c1ac86f656c	3d67ff587573608eaa3ecc82efac04a5a7a8d3e2e18ff838bb9642e660aa4730	e3b0c44298fc1c149afbf4c8996fb92427ae41e4649b934ca495991b7852b855	bea46ab4cf4adbeda551b0c6acc48c6474aa0a07a2c563bba580618b66d2c36b	false	false	true	true	true	-0x1.f4096e3a45c86p-36	-0x1.f3dbbb55a0f55p-36	-0x1.f4096e3a45c86p-36	-0x1.f3dbbb55a0f55p-36	true	true
490	245	D5	U08-0000000204_S09-0000000321	97	6	0	0	1	8	204	9	321	C0Rect2Set	DESCENDANT_PROBE_PASS	0	3093	d08b4c553b3dbea24296af6219ac5bc86e37e3facc02e603e4e5065f5eed0cc7	1462c4f939686b3fe838b9abc9b7f4e60e321419dc0b366a92cca8ab733d8c4c	1bac57847dd22069337edc72de951ae3d87073a4abcf2f21fd436b05f584fb5c	c5cb4f3739ec91e9bef5cf22f2a46edd1f887663ac711bb060bae6d0a50f83dd	e3b0c44298fc1c149afbf4c8996fb92427ae41e4649b934ca495991b7852b855	bea46ab4cf4adbeda551b0c6acc48c6474aa0a07a2c563bba580618b66d2c36b	false	false	true	true	true	-0x1.f409730909683p-36	-0x1.f3dbb6873f3d5p-36	-0x1.f409730909683p-36	-0x1.f3dbb6873f3d5p-36	true	true
491	246	D5	U08-0000000205_S09-0000000320	97	6	0	1	0	8	205	9	320	C0HORect2Set	DESCENDANT_PROBE_PASS	0	3196	3b5878b427b76f2210674e6317e5fee78ac1f9762148607cdf95b71689d26312	733e3a8e6b565c8330483e319f9c7a09ff08429bf3e2e46e6078d69120541647	8cfdd7af801f7679becb953179a1adedc2f0cedd51d254b92385c944be87cfe8	f836d80b597cdfce5079670b2ec02d814b0aff772ec6cbc7aaabd8757138857b	e3b0c44298fc1c149afbf4c8996fb92427ae41e4649b934ca495991b7852b855	bea46ab4cf4adbeda551b0c6acc48c6474aa0a07a2c563bba580618b66d2c36b	false	false	true	true	true	-0x1.f415c77f7b69p-36	-0x1.f3e813b39ace1p-36	-0x1.f415c77f7b69p-36	-0x1.f3e813b39ace1p-36	true	true
492	246	D5	U08-0000000205_S09-0000000320	97	6	0	1	0	8	205	9	320	C0Rect2Set	DESCENDANT_PROBE_PASS	0	3147	3b5878b427b76f2210674e6317e5fee78ac1f9762148607cdf95b71689d26312	733e3a8e6b565c8330483e319f9c7a09ff08429bf3e2e46e6078d69120541647	d15671f3f1f78b3f1519237b97d2258eadc3b2a40b76eaa2141c995b1ebef316	e1242b74f2c6c6c850e1bd04f54afa7afb71884a947ccec1342e935187bc0cd4	e3b0c44298fc1c149afbf4c8996fb92427ae41e4649b934ca495991b7852b855	bea46ab4cf4adbeda551b0c6acc48c6474aa0a07a2c563bba580618b66d2c36b	false	false	true	true	true	-0x1.f415cc4e3a43bp-36	-0x1.f3e80ee53dbf8p-36	-0x1.f415cc4e3a43bp-36	-0x1.f3e80ee53dbf8p-36	true	true
493	247	D5	U08-0000000205_S09-0000000321	97	6	0	1	1	8	205	9	321	C0HORect2Set	DESCENDANT_PROBE_PASS	0	3167	baf0cdbfa80ef678bcdad3ba2afea8943b3775442017f9be5abdc84b7cb920b3	4b4da56366a1083d8af014a821d60479c1f58633629435cfa47c8b1084b329c9	bcd859af5f653738a6c5d2e45192399167d2b554951d05e89c18817aabf09026	75a9ffd06228fcad486209ccd997b50476bd4ac6648f22f0d84d0cf09b8cdde6	e3b0c44298fc1c149afbf4c8996fb92427ae41e4649b934ca495991b7852b855	bea46ab4cf4adbeda551b0c6acc48c6474aa0a07a2c563bba580618b66d2c36b	false	false	true	true	true	-0x1.f407a47d9dd9ep-36	-0x1.f3d9f1a7f07c1p-36	-0x1.f407a47d9dd9ep-36	-0x1.f3d9f1a7f07c1p-36	true	true
494	247	D5	U08-0000000205_S09-0000000321	97	6	0	1	1	8	205	9	321	C0Rect2Set	DESCENDANT_PROBE_PASS	0	3122	baf0cdbfa80ef678bcdad3ba2afea8943b3775442017f9be5abdc84b7cb920b3	4b4da56366a1083d8af014a821d60479c1f58633629435cfa47c8b1084b329c9	69d26de2ff0d9ff22fa29df6a53be67290ea13d5dc7bf5a1ccdd80706e908645	997693bd8bcde5691bfef4cbebc14a15300daa5ef55964ab10be74681b8bbe80	e3b0c44298fc1c149afbf4c8996fb92427ae41e4649b934ca495991b7852b855	bea46ab4cf4adbeda551b0c6acc48c6474aa0a07a2c563bba580618b66d2c36b	false	false	true	true	true	-0x1.f407a94c62ca7p-36	-0x1.f3d9ecd98d9ffp-36	-0x1.f407a94c62ca7p-36	-0x1.f3d9ecd98d9ffp-36	true	true
495	248	D5	U08-0000000206_S09-0000000320	113	7	0	0	0	8	206	9	320	C0HORect2Set	DESCENDANT_PROBE_PASS	0	3187	5f4f9b0e7bf8813e743da55b009d2767368d4a2cec0846fc224adff00477d6c9	b552e8598dc1c6e61bf8400e351177b8e5aa661cec52f285b710057ad8c91ac1	c96dfe37729751d07657fef2f7f0f4647d3c0ee01347584a3009d824c9515f7e	cb64ead1be4f5618c2bf2fad273a90450e6b2ece992c4706ecf7e28901d93cf5	e3b0c44298fc1c149afbf4c8996fb92427ae41e4649b934ca495991b7852b855	bea46ab4cf4adbeda551b0c6acc48c6474aa0a07a2c563bba580618b66d2c36b	false	false	true	true	true	-0x1.f413fdb8689c7p-36	-0x1.f3e649fba781cp-36	-0x1.f413fdb8689c7p-36	-0x1.f3e649fba781cp-36	true	true
496	248	D5	U08-0000000206_S09-0000000320	113	7	0	0	0	8	206	9	320	C0Rect2Set	DESCENDANT_PROBE_PASS	0	3083	5f4f9b0e7bf8813e743da55b009d2767368d4a2cec0846fc224adff00477d6c9	b552e8598dc1c6e61bf8400e351177b8e5aa661cec52f285b710057ad8c91ac1	7373f90f20eae6a902d21d1afab11413a995d10fc4aed801a7e26eeffa0dd806	c8e77e77d805e7536d77599a65c758eee1c180eae8f0225a037dc32fe465a408	e3b0c44298fc1c149afbf4c8996fb92427ae41e4649b934ca495991b7852b855	bea46ab4cf4adbeda551b0c6acc48c6474aa0a07a2c563bba580618b66d2c36b	false	false	true	true	true	-0x1.f41402873d165p-36	-0x1.f3e6452d361dfp-36	-0x1.f41402873d165p-36	-0x1.f3e6452d361dfp-36	true	true
497	249	D5	U08-0000000206_S09-0000000321	113	7	0	0	1	8	206	9	321	C0HORect2Set	DESCENDANT_PROBE_PASS	0	3189	17889dbd4628498682d812047164460628a1937867dbdda1c287b3b8ea24d381	fcfa2acd4e945d1f1e499e7434aa24c3785d271c974ccd04a1704732956596ce	7f2603dfd67e64068b077a352627c04d71755f118fa5428067e191ab345206fe	82985a8ac1388c758008cde66676e582dbe7b24cc50c39e5581ec051967eea2e	e3b0c44298fc1c149afbf4c8996fb92427ae41e4649b934ca495991b7852b855	bea46ab4cf4adbeda551b0c6acc48c6474aa0a07a2c563bba580618b66d2c36b	false	false	true	true	true	-0x1.f405dabfefe9ap-36	-0x1.f3d827f97c6bdp-36	-0x1.f405dabfefe9ap-36	-0x1.f3d827f97c6bdp-36	true	true
498	249	D5	U08-0000000206_S09-0000000321	113	7	0	0	1	8	206	9	321	C0Rect2Set	DESCENDANT_PROBE_PASS	0	3113	17889dbd4628498682d812047164460628a1937867dbdda1c287b3b8ea24d381	fcfa2acd4e945d1f1e499e7434aa24c3785d271c974ccd04a1704732956596ce	705a378e473d12becddef017ae51fadd73a53895bdce8a3a945cae2c1aff4bfd	5973986cfbe6e24b62e884f088bd5f098fb8ecb50cd39a6d2c4b1f0882a6addf	e3b0c44298fc1c149afbf4c8996fb92427ae41e4649b934ca495991b7852b855	bea46ab4cf4adbeda551b0c6acc48c6474aa0a07a2c563bba580618b66d2c36b	false	false	true	true	true	-0x1.f405df8ed6ccp-36	-0x1.f3d8232af7f22p-36	-0x1.f405df8ed6ccp-36	-0x1.f3d8232af7f22p-36	true	true
499	250	D5	U08-0000000207_S09-0000000320	113	7	0	1	0	8	207	9	320	C0HORect2Set	DESCENDANT_PROBE_PASS	0	3188	42e382c77829d25cb48765d634d2b3277b26b8a3298674b52f00ce7a9b6c4597	1a8f76bc0989eb3082ad08970a2b6d01f53f7175b12138e56deaefff694244a2	00e3f11f2b00b2c0d78ea233cf6f825583de3b8439ca325982ca1d3a7fb2154e	e9e0b57a9c5fb37e3fb37a43782f2cb5ea18d2e2372ef2e9fc172d5e43e64005	e3b0c44298fc1c149afbf4c8996fb92427ae41e4649b934ca495991b7852b855	bea46ab4cf4adbeda551b0c6acc48c6474aa0a07a2c563bba580618b66d2c36b	false	false	true	true	true	-0x1.f41233f0ba998p-36	-0x1.f3e4804287b4dp-36	-0x1.f41233f0ba998p-36	-0x1.f3e4804287b4dp-36	true	true
500	250	D5	U08-0000000207_S09-0000000320	113	7	0	1	0	8	207	9	320	C0Rect2Set	DESCENDANT_PROBE_PASS	0	3086	42e382c77829d25cb48765d634d2b3277b26b8a3298674b52f00ce7a9b6c4597	1a8f76bc0989eb3082ad08970a2b6d01f53f7175b12138e56deaefff694244a2	1bee0443360d7598e61f0ab4e1a85fd3821a456ecc8f0e3f838e020665725bba	4bc3eea7d24b5c79c022be98529f87d54b376aabdbadb7d4790caa9549bcff3c	e3b0c44298fc1c149afbf4c8996fb92427ae41e4649b934ca495991b7852b855	bea46ab4cf4adbeda551b0c6acc48c6474aa0a07a2c563bba580618b66d2c36b	false	false	true	true	true	-0x1.f41238bf59803p-36	-0x1.f3e47b744b47fp-36	-0x1.f41238bf59803p-36	-0x1.f3e47b744b47fp-36	true	true
501	251	D5	U08-0000000207_S09-0000000321	113	7	0	1	1	8	207	9	321	C0HORect2Set	DESCENDANT_PROBE_PASS	0	3212	bf562df8b83eae2a1bcec040ec5ec87995b9dc50d05c417fb66b45c09dd53531	a144d5181a8d093bb9efaf3f016d8a4b0035e7831bbdd995af06a0b35a7a67d7	65b1395de65ef92b9e2d3d29bcfbae578f9593aadbe5aee8e00a51deb6a02d10	bc9330691f61fb7e7530544a29e5411f627f3ac423099cb5ed65bd5cee2b6089	e3b0c44298fc1c149afbf4c8996fb92427ae41e4649b934ca495991b7852b855	bea46ab4cf4adbeda551b0c6acc48c6474aa0a07a2c563bba580618b66d2c36b	false	false	true	true	true	-0x1.f4041101c17p-36	-0x1.f3d65e49bff45p-36	-0x1.f4041101c17p-36	-0x1.f3d65e49bff45p-36	true	true
502	251	D5	U08-0000000207_S09-0000000321	113	7	0	1	1	8	207	9	321	C0Rect2Set	DESCENDANT_PROBE_PASS	0	3094	bf562df8b83eae2a1bcec040ec5ec87995b9dc50d05c417fb66b45c09dd53531	a144d5181a8d093bb9efaf3f016d8a4b0035e7831bbdd995af06a0b35a7a67d7	bfda2e388036d241451a2d1a7463a82b3f8798df5691a6602d9c33598b3ae1a7	3bf3e2ccf5a0122adc89c17ec31ab7316ebd4a1e31f4b9ff7501b3508ee40839	e3b0c44298fc1c149afbf4c8996fb92427ae41e4649b934ca495991b7852b855	bea46ab4cf4adbeda551b0c6acc48c6474aa0a07a2c563bba580618b66d2c36b	false	false	true	true	true	-0x1.f40415d066892p-36	-0x1.f3d6597b7d315p-36	-0x1.f40415d066892p-36	-0x1.f3d6597b7d315p-36	true	true
503	252	D5	U08-0000000208_S09-0000000320	129	8	0	0	0	8	208	9	320	C0HORect2Set	DESCENDANT_PROBE_PASS	0	3181	0b64a45d85bbdb782c440e088533e93da30d800eb5cb5d2176a7b9becef49d45	572c01ea94964a82c39862be45ba03bb3fe750901e14e218a9e8c31eb1778b4a	bae36079c04acae0d7568cac6e9f32dea7b90dc26ca07dbf349e2b3aa388710c	d6e631a6fa5bc1e8b63235fd8d9a6469555b0d83209800e4385e90c4dcedc286	e3b0c44298fc1c149afbf4c8996fb92427ae41e4649b934ca495991b7852b855	bea46ab4cf4adbeda551b0c6acc48c6474aa0a07a2c563bba580618b66d2c36b	false	false	true	true	true	-0x1.f4106a27b6dc9p-36	-0x1.f3e2b688f3c54p-36	-0x1.f4106a27b6dc9p-36	-0x1.f3e2b688f3c54p-36	true	true
504	252	D5	U08-0000000208_S09-0000000320	129	8	0	0	0	8	208	9	320	C0Rect2Set	DESCENDANT_PROBE_PASS	0	3115	0b64a45d85bbdb782c440e088533e93da30d800eb5cb5d2176a7b9becef49d45	572c01ea94964a82c39862be45ba03bb3fe750901e14e218a9e8c31eb1778b4a	29bdff5e1f82eb60d579aaff645ec963be4591b3e909d1de0be12f0c58fe43e2	1cebeab17b1e27fccaa400de8d28a43dc7c2ca5295c03216c2f102cb746ff066	e3b0c44298fc1c149afbf4c8996fb92427ae41e4649b934ca495991b7852b855	bea46ab4cf4adbeda551b0c6acc48c6474aa0a07a2c563bba580618b66d2c36b	false	false	true	true	true	-0x1.f4106ef695ff9p-36	-0x1.f3e2b1ba766b5p-36	-0x1.f4106ef695ff9p-36	-0x1.f3e2b1ba766b5p-36	true	true
505	253	D5	U08-0000000208_S09-0000000321	129	8	0	0	1	8	208	9	321	C0HORect2Set	DESCENDANT_PROBE_PASS	0	3217	bce3a886bf581e19618e676e4a7117e6d06a845de2f5e2d20a7c0ff8337caabc	1dd067589779f796c2118237cc1883fe8be332bda02d72fb0f644c6390fd6df3	2132df1279fe1fba7694ec8c7e042c5e65429e3be8511289253c05480a60df73	6c420719f8ded782aec6334d548b63e915fe64779a0b89e18a0a99e22b22212c	e3b0c44298fc1c149afbf4c8996fb92427ae41e4649b934ca495991b7852b855	bea46ab4cf4adbeda551b0c6acc48c6474aa0a07a2c563bba580618b66d2c36b	false	false	true	true	true	-0x1.f4024742479dfp-36	-0x1.f3d494998618p-36	-0x1.f4024742479dfp-36	-0x1.f3d494998618p-36	true	true
506	253	D5	U08-0000000208_S09-0000000321	129	8	0	0	1	8	208	9	321	C0Rect2Set	DESCENDANT_PROBE_PASS	0	3108	bce3a886bf581e19618e676e4a7117e6d06a845de2f5e2d20a7c0ff8337caabc	1dd067589779f796c2118237cc1883fe8be332bda02d72fb0f644c6390fd6df3	87bc64f38c439c7c665151065e39d1b4191209738aa06a8464bb239dfbe3c037	6c136bd7ea19ac8c218e4c9f7a05c76b88732da2e35c3d29ec0d5eec77375203	e3b0c44298fc1c149afbf4c8996fb92427ae41e4649b934ca495991b7852b855	bea46ab4cf4adbeda551b0c6acc48c6474aa0a07a2c563bba580618b66d2c36b	false	false	true	true	true	-0x1.f4024c110cb5dp-36	-0x1.f3d48fcb224e2p-36	-0x1.f4024c110cb5dp-36	-0x1.f3d48fcb224e2p-36	true	true
507	254	D5	U08-0000000209_S09-0000000320	129	8	0	1	0	8	209	9	320	C0HORect2Set	DESCENDANT_PROBE_PASS	0	3161	14a9e2e46ee262099b9d56ad91e5b3098c76066a648d97c906b13d72057b5ccc	16865e0d7505ef489c550ae55987dfe635a86d8e306f0c3f7a3fade7168799a6	806599e9b7efd945b8ce9df66e621f1b5f2103b898fcc0058fac76ba6a8fa82d	6d5afa667d4347ba0faae147cef5302a6dba2fa0d9a24cccf866f17c5abd46b7	e3b0c44298fc1c149afbf4c8996fb92427ae41e4649b934ca495991b7852b855	bea46ab4cf4adbeda551b0c6acc48c6474aa0a07a2c563bba580618b66d2c36b	false	false	true	true	true	-0x1.f40ea05e26d74p-36	-0x1.f3e0ecce215cp-36	-0x1.f40ea05e26d74p-36	-0x1.f3e0ecce215cp-36	true	true
508	254	D5	U08-0000000209_S09-0000000320	129	8	0	1	0	8	209	9	320	C0Rect2Set	DESCENDANT_PROBE_PASS	0	3091	14a9e2e46ee262099b9d56ad91e5b3098c76066a648d97c906b13d72057b5ccc	16865e0d7505ef489c550ae55987dfe635a86d8e306f0c3f7a3fade7168799a6	b8b9ecc78aeca9086fab65a1aaee837b9650225780c9ca69fb7e7c44418289cf	699488fe6b1eac9b533bea72e28ee25d210f3297acd6c4ac18780657e27d0688	e3b0c44298fc1c149afbf4c8996fb92427ae41e4649b934ca495991b7852b855	bea46ab4cf4adbeda551b0c6acc48c6474aa0a07a2c563bba580618b66d2c36b	false	false	true	true	true	-0x1.f40ea52ce6fc8p-36	-0x1.f3e0e7ffc3e8p-36	-0x1.f40ea52ce6fc8p-36	-0x1.f3e0e7ffc3e8p-36	true	true
509	255	D5	U08-0000000209_S09-0000000321	129	8	0	1	1	8	209	9	321	C0HORect2Set	DESCENDANT_PROBE_PASS	0	3178	f730b118877aaf7c94bb2e215177331af9fd29cfcc9944f06af036aad317c672	ef8548e667c1219cf3bfe9494d9c10529a6edf52f8f57b52495843e9457f57a6	d9479a70faa1eda4c9f98cf4bce025e5684fdec3c42205de4611c64d529a4bb9	3b6ef888191ba0a6b92ca2bd8d1c2f75aec6c5c89025ddbdfd3c4951ecb34235	e3b0c44298fc1c149afbf4c8996fb92427ae41e4649b934ca495991b7852b855	bea46ab4cf4adbeda551b0c6acc48c6474aa0a07a2c563bba580618b66d2c36b	false	false	true	true	true	-0x1.f4007d82210efp-36	-0x1.f3d2cae82dbe7p-36	-0x1.f4007d82210efp-36	-0x1.f3d2cae82dbe7p-36	true	true
510	255	D5	U08-0000000209_S09-0000000321	129	8	0	1	1	8	209	9	321	C0Rect2Set	DESCENDANT_PROBE_PASS	0	3149	f730b118877aaf7c94bb2e215177331af9fd29cfcc9944f06af036aad317c672	ef8548e667c1219cf3bfe9494d9c10529a6edf52f8f57b52495843e9457f57a6	5ef9a9f54eb59b20e2276b4839e90c82f4a939d97006b2cfc1d7aa035e87aa81	f797b1739a42ee030ea8717597bef7b10e71ff1a4e9670d79737501733e75db6	e3b0c44298fc1c149afbf4c8996fb92427ae41e4649b934ca495991b7852b855	bea46ab4cf4adbeda551b0c6acc48c6474aa0a07a2c563bba580618b66d2c36b	false	false	true	true	true	-0x1.f4008250d2152p-36	-0x1.f3d2c619de9a3p-36	-0x1.f4008250d2152p-36	-0x1.f3d2c619de9a3p-36	true	true
511	256	D5	U08-0000000208_S09-0000000322	130	8	1	0	0	8	208	9	322	C0HORect2Set	DESCENDANT_PROBE_PASS	0	3158	10f3ffda5ff29ad791edfac120d824e678a8104529b5ac440f2bfda3dffd1df6	d8f9735a3a21275c526c70053b135c7e24c2a9d7c3749a6ef207266a35de0d3c	8b532ec15440dbc7cfb43abaa0dd6d3ad8d7f11c5b305f123306e2167baf8b4d	cc12b22422a5524f0195cc9dbe6a795afc512bb5cbcb457580e00e1ff7554e43	e3b0c44298fc1c149afbf4c8996fb92427ae41e4649b934ca495991b7852b855	bea46ab4cf4adbeda551b0c6acc48c6474aa0a07a2c563bba580618b66d2c36b	false	false	true	true	true	-0x1.f3f4248fc3945p-36	-0x1.f3c672dd5a207p-36	-0x1.f3f4248fc3945p-36	-0x1.f3c672dd5a207p-36	true	true
512	256	D5	U08-0000000208_S09-0000000322	130	8	1	0	0	8	208	9	322	C0Rect2Set	DESCENDANT_PROBE_PASS	0	3137	10f3ffda5ff29ad791edfac120d824e678a8104529b5ac440f2bfda3dffd1df6	d8f9735a3a21275c526c70053b135c7e24c2a9d7c3749a6ef207266a35de0d3c	4ca42cda75233694bb0b4c3face1861531e52640fba4470ede0060ea18a5bf5e	cbb0d00b086360baeb8b3441c1bb9a085ef239279dbb04a5b2ebd701f04a9885	e3b0c44298fc1c149afbf4c8996fb92427ae41e4649b934ca495991b7852b855	bea46ab4cf4adbeda551b0c6acc48c6474aa0a07a2c563bba580618b66d2c36b	false	false	true	true	true	-0x1.f3f4295ea137dp-36	-0x1.f3c66e0ede445p-36	-0x1.f3f4295ea137dp-36	-0x1.f3c66e0ede445p-36	true	true
513	257	D5	U08-0000000208_S09-0000000323	130	8	1	0	1	8	208	9	323	C0HORect2Set	DESCENDANT_PROBE_PASS	0	3229	2170c040328412a2154f6ae7abf3489d8a42545ae77ab050078ab1592c756919	2098f8d6a2154f70ea91d88b6294a547841ff02cd5934aabf3efe70ffd1acf56	ee0e3204c951c4abf6196d428d1db39761c43e0ebb4995e86b2face8d723bd81	50a13a39e4bc69ea43c3f88df61bed6d16e90b67ceb1acf1dad9be83a7bb9134	e3b0c44298fc1c149afbf4c8996fb92427ae41e4649b934ca495991b7852b855	bea46ab4cf4adbeda551b0c6acc48c6474aa0a07a2c563bba580618b66d2c36b	false	false	true	true	true	-0x1.f3e60210cbc08p-36	-0x1.f3b85153cf26p-36	-0x1.f3e60210cbc08p-36	-0x1.f3b85153cf26p-36	true	true
514	257	D5	U08-0000000208_S09-0000000323	130	8	1	0	1	8	208	9	323	C0Rect2Set	DESCENDANT_PROBE_PASS	0	3081	2170c040328412a2154f6ae7abf3489d8a42545ae77ab050078ab1592c756919	2098f8d6a2154f70ea91d88b6294a547841ff02cd5934aabf3efe70ffd1acf56	381ab9aed3831714c3dfbbc9de1e9fad0dd0ff83d9d9b4a252572530a3243fcf	ae71c9325c105ffbe999ecea8dcec1d0f2ec3d7be17eb32662ce472614810d01	e3b0c44298fc1c149afbf4c8996fb92427ae41e4649b934ca495991b7852b855	bea46ab4cf4adbeda551b0c6acc48c6474aa0a07a2c563bba580618b66d2c36b	false	false	true	true	true	-0x1.f3e606df498c7p-36	-0x1.f3b84c85b3438p-36	-0x1.f3e606df498c7p-36	-0x1.f3b84c85b3438p-36	true	true
515	258	D5	U08-0000000209_S09-0000000322	130	8	1	1	0	8	209	9	322	C0HORect2Set	DESCENDANT_PROBE_PASS	0	3195	8ec009f66a6acf09158151f2cd71cf9230ee6862df2c90dbb0feca176c1925f0	504c3bfa51032a0e18978215fc44be8d17c59cf8e7571f386010636417fd0781	dcf0d2fe940868c6af1a8a0f06cd3c605ac8195a33ee93fac331370cc13fa048	6d1a02f670d6cb7d4f977dea0e133993a3c477f6496a6740220dbe33b9be1baa	e3b0c44298fc1c149afbf4c8996fb92427ae41e4649b934ca495991b7852b855	bea46ab4cf4adbeda551b0c6acc48c6474aa0a07a2c563bba580618b66d2c36b	false	false	true	true	true	-0x1.f3f25ad937119p-36	-0x1.f3c4a9354c6a3p-36	-0x1.f3f25ad937119p-36	-0x1.f3c4a9354c6a3p-36	true	true
516	258	D5	U08-0000000209_S09-0000000322	130	8	1	1	0	8	209	9	322	C0Rect2Set	DESCENDANT_PROBE_PASS	0	3097	8ec009f66a6acf09158151f2cd71cf9230ee6862df2c90dbb0feca176c1925f0	504c3bfa51032a0e18978215fc44be8d17c59cf8e7571f386010636417fd0781	4b94bd293ce329f240b59db7567415d8bb28d274901a82b5bda3dd9fc5a16337	98918b13c6b1f16d3525a0f298af31364e2256d0a67461b7015b85fc05fde560	e3b0c44298fc1c149afbf4c8996fb92427ae41e4649b934ca495991b7852b855	bea46ab4cf4adbeda551b0c6acc48c6474aa0a07a2c563bba580618b66d2c36b	false	false	true	true	true	-0x1.f3f25fa7d7053p-36	-0x1.f3c4a4670d9e2p-36	-0x1.f3f25fa7d7053p-36	-0x1.f3c4a4670d9e2p-36	true	true
517	259	D5	U08-0000000209_S09-0000000323	130	8	1	1	1	8	209	9	323	C0HORect2Set	DESCENDANT_PROBE_PASS	0	3150	7374b9a56fbd143253d3b5ea1aca4bb4c210791167244ba918613e5d4f0688cc	995c123257cd6d6ee449df9aa45a942ab64362b7f44ef211f860a17d41dd6d02	bb4b013397a5266097f4c21469f12015da2b122adce49685943dc7b320d826f7	ace9f92777b4263f849b1a9c5450cecb83637d05f8c3eddddd402600a25e7d3c	e3b0c44298fc1c149afbf4c8996fb92427ae41e4649b934ca495991b7852b855	bea46ab4cf4adbeda551b0c6acc48c6474aa0a07a2c563bba580618b66d2c36b	false	false	true	true	true	-0x1.f3e438635255bp-36	-0x1.f3b687b591d6bp-36	-0x1.f3e438635255bp-36	-0x1.f3b687b591d6bp-36	true	true
518	259	D5	U08-0000000209_S09-0000000323	130	8	1	1	1	8	209	9	323	C0Rect2Set	DESCENDANT_PROBE_PASS	0	3086	7374b9a56fbd143253d3b5ea1aca4bb4c210791167244ba918613e5d4f0688cc	995c123257cd6d6ee449df9aa45a942ab64362b7f44ef211f860a17d41dd6d02	69f53de329f42335ef0dc607364f86cf72f7be1e6bc5618d0914220cd875e718	3ccb1389cee2c1f51a7c0e1a02c8e44a61cb6f3d527fc439f6e1bfe08bba47a1	e3b0c44298fc1c149afbf4c8996fb92427ae41e4649b934ca495991b7852b855	bea46ab4cf4adbeda551b0c6acc48c6474aa0a07a2c563bba580618b66d2c36b	false	false	true	true	true	-0x1.f3e43d31f2444p-36	-0x1.f3b682e753694p-36	-0x1.f3e43d31f2444p-36	-0x1.f3b682e753694p-36	true	true
519	260	D5	U08-0000000210_S09-0000000320	145	9	0	0	0	8	210	9	320	C0HORect2Set	DESCENDANT_PROBE_PASS	0	3148	0159008eac5aa30120996cdabcaa3fb92f65a3e0aa5a773a647ee06c7b89e78f	aea9994720becd6927cce78e37ed3cd272d5e8418126cbcd817c929dd403c944	f12295afdbc8f83698531aa35325b7d3e9d89fd8b6d1f770d5016920b7195003	d912bb91de7bad172cd194e68ef5457705793e78021463b9bdec8976bfd84df3	e3b0c44298fc1c149afbf4c8996fb92427ae41e4649b934ca495991b7852b855	bea46ab4cf4adbeda551b0c6acc48c6474aa0a07a2c563bba580618b66d2c36b	false	false	true	true	true	-0x1.f40cd693ab1bdp-36	-0x1.f3df2312726fcp-36	-0x1.f40cd693ab1bdp-36	-0x1.f3df2312726fcp-36	true	true
520	260	D5	U08-0000000210_S09-0000000320	145	9	0	0	0	8	210	9	320	C0Rect2Set	DESCENDANT_PROBE_PASS	0	3057	0159008eac5aa30120996cdabcaa3fb92f65a3e0aa5a773a647ee06c7b89e78f	aea9994720becd6927cce78e37ed3cd272d5e8418126cbcd817c929dd403c944	47e581d0f24c6b241eb98dc9000051c1814606b9919093d39586417e6e621785	a7ac838660c808673bd50d0bc3ee25a38c9ec713d768ee9a5d201728f51d00d2	e3b0c44298fc1c149afbf4c8996fb92427ae41e4649b934ca495991b7852b855	bea46ab4cf4adbeda551b0c6acc48c6474aa0a07a2c563bba580618b66d2c36b	false	false	true	true	true	-0x1.f40cdb62564a4p-36	-0x1.f3df1e44296e8p-36	-0x1.f40cdb62564a4p-36	-0x1.f3df1e44296e8p-36	true	true
521	261	D5	U08-0000000210_S09-0000000321	145	9	0	0	1	8	210	9	321	C0HORect2Set	DESCENDANT_PROBE_PASS	0	3194	e3ab4baa551260fc373a32b24245fa439993de6177f4df9b51f2ba116736ee57	6caa7f2286ef5349a7d1f9447fc96862799b14ba41725589e6da832f8c943756	1134e64190daa8e730df05ba5d095dd10444eb4910c3d2a511554b489c2f3a0b	295dd5a0f1bdc5b4353d7182c43ae0f3ec073012a682cbdca84144f4700ea622	e3b0c44298fc1c149afbf4c8996fb92427ae41e4649b934ca495991b7852b855	bea46ab4cf4adbeda551b0c6acc48c6474aa0a07a2c563bba580618b66d2c36b	false	false	true	true	true	-0x1.f3feb3c11079cp-36	-0x1.f3d10135f6681p-36	-0x1.f3feb3c11079cp-36	-0x1.f3d10135f6681p-36	true	true
522	261	D5	U08-0000000210_S09-0000000321	145	9	0	0	1	8	210	9	321	C0Rect2Set	DESCENDANT_PROBE_PASS	0	3050	e3ab4baa551260fc373a32b24245fa439993de6177f4df9b51f2ba116736ee57	6caa7f2286ef5349a7d1f9447fc96862799b14ba41725589e6da832f8c943756	34f8820a6837ebb12d0e315646aceda7c294890458a2c741d56970e1cb01f1a5	28d9349adeba3299f0ead821775bed6c564b4d93c6bb9c8e1c8c4a258091ce48	e3b0c44298fc1c149afbf4c8996fb92427ae41e4649b934ca495991b7852b855	bea46ab4cf4adbeda551b0c6acc48c6474aa0a07a2c563bba580618b66d2c36b	false	false	true	true	true	-0x1.f3feb88fb1593p-36	-0x1.f3d0fc67b7cb9p-36	-0x1.f3feb88fb1593p-36	-0x1.f3d0fc67b7cb9p-36	true	true
523	262	D5	U08-0000000211_S09-0000000320	145	9	0	1	0	8	211	9	320	C0HORect2Set	DESCENDANT_PROBE_PASS	0	3176	b89574026c36a96ce5398790d83916895ea58ed3f08fc21e3dcad6e41ea5739b	85af0d27073e7e3384870680cd6b3cb8ddf0a1b6b9c4ed322ef74a5c03d092e5	04fbb8428c605df2132311b4d775ae842ad17bac6f49cdf9812ef3aff27af286	ad18dbf29386142b9f3ce6f880cef0aac08f32e39b6e26bfccfcbecd52c085a7	e3b0c44298fc1c149afbf4c8996fb92427ae41e4649b934ca495991b7852b855	bea46ab4cf4adbeda551b0c6acc48c6474aa0a07a2c563bba580618b66d2c36b	false	false	true	true	true	-0x1.f40b0cc84fd3fp-36	-0x1.f3dd5955d7cb9p-36	-0x1.f40b0cc84fd3fp-36	-0x1.f3dd5955d7cb9p-36	true	true
524	262	D5	U08-0000000211_S09-0000000320	145	9	0	1	0	8	211	9	320	C0Rect2Set	DESCENDANT_PROBE_PASS	0	3078	b89574026c36a96ce5398790d83916895ea58ed3f08fc21e3dcad6e41ea5739b	85af0d27073e7e3384870680cd6b3cb8ddf0a1b6b9c4ed322ef74a5c03d092e5	67a108833fd13fd34aa68161a3f63c09a68024757a7aa7db9748ad5dc3292b14	139d7398cd8b9dbb26dfc51adbc7dcda9028395706d7304f93c446115d2e9c52	e3b0c44298fc1c149afbf4c8996fb92427ae41e4649b934ca495991b7852b855	bea46ab4cf4adbeda551b0c6acc48c6474aa0a07a2c563bba580618b66d2c36b	false	false	true	true	true	-0x1.f40b1196df9f3p-36	-0x1.f3dd5487ab5a6p-36	-0x1.f40b1196df9f3p-36	-0x1.f3dd5487ab5a6p-36	true	true
525	263	D5	U08-0000000211_S09-0000000321	145	9	0	1	1	8	211	9	321	C0HORect2Set	DESCENDANT_PROBE_PASS	0	3182	e82ac2f72d1a1b1b85b6a178778bbd17784dbbf1f7455b44425ee9d1b564bfe7	c5c85e46633eafc0d453e72f64a2779dcf64acfe4dba5c4f333a57e08c85e8f0	29f15abddc112aa561ed5050993dbfe095b7295ae1a407eb1b1ad45e79b3fee0	bc04d598657f745cdde22990a35710b307ece536a56901db9fec75dafc14f7fb	e3b0c44298fc1c149afbf4c8996fb92427ae41e4649b934ca495991b7852b855	bea46ab4cf4adbeda551b0c6acc48c6474aa0a07a2c563bba580618b66d2c36b	false	false	true	true	true	-0x1.f3fce9ff15fcp-36	-0x1.f3cf3782e0408p-36	-0x1.f3fce9ff15fcp-36	-0x1.f3cf3782e0408p-36	true	true
526	263	D5	U08-0000000211_S09-0000000321	145	9	0	1	1	8	211	9	321	C0Rect2Set	DESCENDANT_PROBE_PASS	0	3087	e82ac2f72d1a1b1b85b6a178778bbd17784dbbf1f7455b44425ee9d1b564bfe7	c5c85e46633eafc0d453e72f64a2779dcf64acfe4dba5c4f333a57e08c85e8f0	0ac58a9ca04b52af7c8af97505bd5757c936413dde55f05a57291b069c5c5b97	a1c3265faa98c0e3ccd84bcf7893b95bcded66ca8775087008bdb61a66630448	e3b0c44298fc1c149afbf4c8996fb92427ae41e4649b934ca495991b7852b855	bea46ab4cf4adbeda551b0c6acc48c6474aa0a07a2c563bba580618b66d2c36b	false	false	true	true	true	-0x1.f3fceecdb009ep-36	-0x1.f3cf32b4a7dadp-36	-0x1.f3fceecdb009ep-36	-0x1.f3cf32b4a7dadp-36	true	true
527	264	D5	U08-0000000210_S09-0000000322	146	9	1	0	0	8	210	9	322	C0HORect2Set	DESCENDANT_PROBE_PASS	0	3192	9991bd062853884eb023142c0b4d8348d203e5d6570d89382d759adf05c7994e	bbbf9850b808fcbe574c8a63bb11e8c6a93fb7943365a89f90555464cbf72e4d	609ff644de6aefbb6ce3ebc4a22d594fca96d562a70257e47b4737d3b66fa25e	570296d1f508fbe6a38d5e427961a0d900b5c5d546ff0d3ffcbe77a5596f1ffe	e3b0c44298fc1c149afbf4c8996fb92427ae41e4649b934ca495991b7852b855	bea46ab4cf4adbeda551b0c6acc48c6474aa0a07a2c563bba580618b66d2c36b	false	false	true	true	true	-0x1.f3f0912185b39p-36	-0x1.f3c2df8c99568p-36	-0x1.f3f0912185b39p-36	-0x1.f3c2df8c99568p-36	true	true
528	264	D5	U08-0000000210_S09-0000000322	146	9	1	0	0	8	210	9	322	C0Rect2Set	DESCENDANT_PROBE_PASS	0	3107	9991bd062853884eb023142c0b4d8348d203e5d6570d89382d759adf05c7994e	bbbf9850b808fcbe574c8a63bb11e8c6a93fb7943365a89f90555464cbf72e4d	21202c8b3a5e28516356a4135d8aef4503a84e04e51149240b335855cd1461b7	f71d1fc325452bdf63a39176b6d3cc8e43229ffef6217f609c105a0aeee3151c	e3b0c44298fc1c149afbf4c8996fb92427ae41e4649b934ca495991b7852b855	bea46ab4cf4adbeda551b0c6acc48c6474aa0a07a2c563bba580618b66d2c36b	false	false	true	true	true	-0x1.f3f095f026dap-36	-0x1.f3c2dabe59a0bp-36	-0x1.f3f095f026dap-36	-0x1.f3c2dabe59a0bp-36	true	true
529	265	D5	U08-0000000210_S09-0000000323	146	9	1	0	1	8	210	9	323	C0HORect2Set	DESCENDANT_PROBE_PASS	0	3151	6a9ca5c1b0effacae24f4db602677f5a8cf38207faa34e1101040400aaaccbb0	0e87af716a83ba801c68547868e0db145f250af8f289e2af4c41eecf47492ecd	f9477cf280948c21c39c8306bae065f4c123dc00a03db233f616de4b4e48480c	36f1250dd90b3a09d4d5b5b68f514569ccc0d8e93fb06be964101e321d3b0961	e3b0c44298fc1c149afbf4c8996fb92427ae41e4649b934ca495991b7852b855	bea46ab4cf4adbeda551b0c6acc48c6474aa0a07a2c563bba580618b66d2c36b	false	false	true	true	true	-0x1.f3e26eb52775dp-36	-0x1.f3b4be163bc07p-36	-0x1.f3e26eb52775dp-36	-0x1.f3b4be163bc07p-36	true	true
530	265	D5	U08-0000000210_S09-0000000323	146	9	1	0	1	8	210	9	323	C0Rect2Set	DESCENDANT_PROBE_PASS	0	3106	6a9ca5c1b0effacae24f4db602677f5a8cf38207faa34e1101040400aaaccbb0	0e87af716a83ba801c68547868e0db145f250af8f289e2af4c41eecf47492ecd	713a37b254a03bfce40a30801a50790d768cd15806fe52a0b800de46ee7a078c	fe60272bf934fdbd08751b6d8309ab967fddc10ff64be7fd58d1a53c208d8999	e3b0c44298fc1c149afbf4c8996fb92427ae41e4649b934ca495991b7852b855	bea46ab4cf4adbeda551b0c6acc48c6474aa0a07a2c563bba580618b66d2c36b	false	false	true	true	true	-0x1.f3e27383b470ap-36	-0x1.f3b4b948100c7p-36	-0x1.f3e27383b470ap-36	-0x1.f3b4b948100c7p-36	true	true
531	266	D5	U08-0000000211_S09-0000000322	146	9	1	1	0	8	211	9	322	C0HORect2Set	DESCENDANT_PROBE_PASS	0	3180	81ef18fbea7f994f5e40f1cb6b6c96a539863553727ac3904adab6cdcb67e3a1	b800b653fd2f97f94f69350335be17a7fab3c06062418262b3f66020a4f99e45	19c424e09cb76f32361121a48de07d656747562e62f1910dd74fbe5eb305105a	6018871bbcd6eef126fea3988487682d72516c50ba1c415a6ceebe29c6343f99	e3b0c44298fc1c149afbf4c8996fb92427ae41e4649b934ca495991b7852b855	bea46ab4cf4adbeda551b0c6acc48c6474aa0a07a2c563bba580618b66d2c36b	false	false	true	true	true	-0x1.f3eec76912821p-36	-0x1.f3c115e2dd893p-36	-0x1.f3eec76912821p-36	-0x1.f3c115e2dd893p-36	true	true
532	266	D5	U08-0000000211_S09-0000000322	146	9	1	1	0	8	211	9	322	C0Rect2Set	DESCENDANT_PROBE_PASS	0	3092	81ef18fbea7f994f5e40f1cb6b6c96a539863553727ac3904adab6cdcb67e3a1	b800b653fd2f97f94f69350335be17a7fab3c06062418262b3f66020a4f99e45	23bb3afe611ebb331a41d42128c849f10901276479c3ae818a3bbe3398a2a86b	3cd8f11fb4556b7e4d6a57e4ef5961cd1d9f48c4f153208ab086f5e2b3808fb6	e3b0c44298fc1c149afbf4c8996fb92427ae41e4649b934ca495991b7852b855	bea46ab4cf4adbeda551b0c6acc48c6474aa0a07a2c563bba580618b66d2c36b	false	false	true	true	true	-0x1.f3eecc3793a5cp-36	-0x1.f3c11114bf81p-36	-0x1.f3eecc3793a5cp-36	-0x1.f3c11114bf81p-36	true	true
533	267	D5	U08-0000000211_S09-0000000323	146	9	1	1	1	8	211	9	323	C0HORect2Set	DESCENDANT_PROBE_PASS	0	3163	fc4f3adfe1dded857c11239e6a9ae8fce724ac6f2b46d155c9a926bbdd5c883c	2f077d4e8bf960bd100c378ba2ae0fbf28518231cdae75a8270475b7ca857397	e20170bce4adf88e6375853b99fe4b67ac650456649b599722c1968b9a1414c1	ecde74379d1095840a7d8c4c030053ce928b12a737ef2047378a5507ad5670fe	e3b0c44298fc1c149afbf4c8996fb92427ae41e4649b934ca495991b7852b855	bea46ab4cf4adbeda551b0c6acc48c6474aa0a07a2c563bba580618b66d2c36b	false	false	true	true	true	-0x1.f3e0a505fcaadp-36	-0x1.f3b2f4761cfa9p-36	-0x1.f3e0a505fcaadp-36	-0x1.f3b2f4761cfa9p-36	true	true
534	267	D5	U08-0000000211_S09-0000000323	146	9	1	1	1	8	211	9	323	C0Rect2Set	DESCENDANT_PROBE_PASS	0	3113	fc4f3adfe1dded857c11239e6a9ae8fce724ac6f2b46d155c9a926bbdd5c883c	2f077d4e8bf960bd100c378ba2ae0fbf28518231cdae75a8270475b7ca857397	8e4e8f7bfadeab1c86d01bcb5d1724dd4bee8df726d858134a73d45c0461bc74	332a9441fa90eb4e1c1ee196f0688f242e315434e45bf0101b78d35e57edaffa	e3b0c44298fc1c149afbf4c8996fb92427ae41e4649b934ca495991b7852b855	bea46ab4cf4adbeda551b0c6acc48c6474aa0a07a2c563bba580618b66d2c36b	false	false	true	true	true	-0x1.f3e0a9d494f5dp-36	-0x1.f3b2efa7e58dp-36	-0x1.f3e0a9d494f5dp-36	-0x1.f3b2efa7e58dp-36	true	true
535	268	D5	U08-0000000212_S09-0000000320	161	10	0	0	0	8	212	9	320	C0HORect2Set	DESCENDANT_PROBE_PASS	0	3145	b64aca95e3b74cbb80770f1d055cba60a425205f80c385cb8da05c4dad669748	10a42b3315b27f19df5ad834621949f604052e6e184565b34b4db1f6f394aeda	340edeff1304c1235a1f630be4b7a000b6ae3c4cbe7c3ef6dd535400e1369375	26efa2a7ebae07599a09e241f73debc45803dcb98f84ae5632b761fa80011da2	e3b0c44298fc1c149afbf4c8996fb92427ae41e4649b934ca495991b7852b855	bea46ab4cf4adbeda551b0c6acc48c6474aa0a07a2c563bba580618b66d2c36b	false	false	true	true	true	-0x1.f40942fbb7313p-36	-0x1.f3db8f98b35ebp-36	-0x1.f40942fbb7313p-36	-0x1.f3db8f98b35ebp-36	true	true
536	268	D5	U08-0000000212_S09-0000000320	161	10	0	0	0	8	212	9	320	C0Rect2Set	DESCENDANT_PROBE_PASS	0	3071	b64aca95e3b74cbb80770f1d055cba60a425205f80c385cb8da05c4dad669748	10a42b3315b27f19df5ad834621949f604052e6e184565b34b4db1f6f394aeda	001979c29363d1c3875b10f428fec4a76b0682b8b25344bd5e3e808c6893156a	65232fa1a96b8cf24bd20de158036657b37cfb67556a5b8d2111704f293885ca	e3b0c44298fc1c149afbf4c8996fb92427ae41e4649b934ca495991b7852b855	bea46ab4cf4adbeda551b0c6acc48c6474aa0a07a2c563bba580618b66d2c36b	false	false	true	true	true	-0x1.f40947ca8711p-36	-0x1.f3db8aca45e2fp-36	-0x1.f40947ca8711p-36	-0x1.f3db8aca45e2fp-36	true	true
537	269	D5	U08-0000000212_S09-0000000321	161	10	0	0	1	8	212	9	321	C0HORect2Set	DESCENDANT_PROBE_PASS	0	3156	ad4a15248b19e942d90524ab3eb4a6065c09b163022ca5949247b9fc2a8d8abc	e1c762df181d4d80cafeb7a1f47195d7ffee8a4779f8f1bd161a1ea80421ee43	1e5e8275c088ff79b2c1c1df178444e5e5377733e6d37c9a291090ed3f8ad27b	e6d6a4010771cb9b3b11f3a977a7f9a89955dac70510435b02eb7d656ebafe5c	e3b0c44298fc1c149afbf4c8996fb92427ae41e4649b934ca495991b7852b855	bea46ab4cf4adbeda551b0c6acc48c6474aa0a07a2c563bba580618b66d2c36b	false	false	true	true	true	-0x1.f3fb203c1a6f1p-36	-0x1.f3cd6dcf012fp-36	-0x1.f3fb203c1a6f1p-36	-0x1.f3cd6dcf012fp-36	true	true
538	269	D5	U08-0000000212_S09-0000000321	161	10	0	0	1	8	212	9	321	C0Rect2Set	DESCENDANT_PROBE_PASS	0	3114	ad4a15248b19e942d90524ab3eb4a6065c09b163022ca5949247b9fc2a8d8abc	e1c762df181d4d80cafeb7a1f47195d7ffee8a4779f8f1bd161a1ea80421ee43	db959a33c62be0ac5563b04b1016ae41a61def1a3bbf7ae930f4a91924d675c5	dc9ad41800c1edd6c8aa686e1be723bdc028ec89231a30dd5f13c0fe70625f5d	e3b0c44298fc1c149afbf4c8996fb92427ae41e4649b934ca495991b7852b855	bea46ab4cf4adbeda551b0c6acc48c6474aa0a07a2c563bba580618b66d2c36b	false	false	true	true	true	-0x1.f3fb250ac5ecap-36	-0x1.f3cd6900b7f39p-36	-0x1.f3fb250ac5ecap-36	-0x1.f3cd6900b7f39p-36	true	true
539	270	D5	U08-0000000213_S09-0000000320	161	10	0	1	0	8	213	9	320	C0HORect2Set	DESCENDANT_PROBE_PASS	0	3171	079d16ec66677143014c688eb17a5794b9fa6fdb1d3f66e22ddac84f00c27913	c2ff7e4fd37e942af539a25ceeb4ff23576e2e97d6565cee8661afb577fd153c	dd406a5544599c6a238c5cd04a0dd32b252e95a10faded3ab5b1f2adb1388904	dbf5bf40cc47ce1741442ecc8945d2493942a254cc9fd46e6d8926bfbeefc936	e3b0c44298fc1c149afbf4c8996fb92427ae41e4649b934ca495991b7852b855	bea46ab4cf4adbeda551b0c6acc48c6474aa0a07a2c563bba580618b66d2c36b	false	false	true	true	true	-0x1.f407792ec64d7p-36	-0x1.f3d9c5da1d39ep-36	-0x1.f407792ec64d7p-36	-0x1.f3d9c5da1d39ep-36	true	true
540	270	D5	U08-0000000213_S09-0000000320	161	10	0	1	0	8	213	9	320	C0Rect2Set	DESCENDANT_PROBE_PASS	0	3053	079d16ec66677143014c688eb17a5794b9fa6fdb1d3f66e22ddac84f00c27913	c2ff7e4fd37e942af539a25ceeb4ff23576e2e97d6565cee8661afb577fd153c	5d92c6f13550d4cf2ba7349e5fb1a05fae1f36e9a2bd77d72775b09bea77e038	b449abbb4f0d30258b710abd0c858d05b8dd8af001d6352750e5c67ea33c7129	e3b0c44298fc1c149afbf4c8996fb92427ae41e4649b934ca495991b7852b855	bea46ab4cf4adbeda551b0c6acc48c6474aa0a07a2c563bba580618b66d2c36b	false	false	true	true	true	-0x1.f4077dfd4d5a5p-36	-0x1.f3d9c10bf7f59p-36	-0x1.f4077dfd4d5a5p-36	-0x1.f3d9c10bf7f59p-36	true	true
541	271	D5	U08-0000000213_S09-0000000321	161	10	0	1	1	8	213	9	321	C0HORect2Set	DESCENDANT_PROBE_PASS	0	3187	0d1b426579597b3f3c7e0fe0ca928c3added4b722f112f9f6e47af342541382c	e5ae983228db006957f0f9f1a15c3c13c4a05aa933b7d839864516d0c475f59e	d7e62a2e21ff83570290a12ca18bd6f80e3be2300723de5e93b03712744b74bb	19a4c0417ccce12fe63741bf96c5dfe218bef1a431ea9ae0571c1ea9c2546855	e3b0c44298fc1c149afbf4c8996fb92427ae41e4649b934ca495991b7852b855	bea46ab4cf4adbeda551b0c6acc48c6474aa0a07a2c563bba580618b66d2c36b	false	false	true	true	true	-0x1.f3f9567841492p-36	-0x1.f3cba41a3631dp-36	-0x1.f3f9567841492p-36	-0x1.f3cba41a3631dp-36	true	true
542	271	D5	U08-0000000213_S09-0000000321	161	10	0	1	1	8	213	9	321	C0Rect2Set	DESCENDANT_PROBE_PASS	0	3242	0d1b426579597b3f3c7e0fe0ca928c3added4b722f112f9f6e47af342541382c	e5ae983228db006957f0f9f1a15c3c13c4a05aa933b7d839864516d0c475f59e	615f6e7c6cbfef77ddb2afa7e027a5f3f9c6d393dd791247f86b6d11823f3e90	fb04d9a232e60b72127aa0e5e49b04cc3006ac130e787446701c313ee30758c9	e3b0c44298fc1c149afbf4c8996fb92427ae41e4649b934ca495991b7852b855	bea46ab4cf4adbeda551b0c6acc48c6474aa0a07a2c563bba580618b66d2c36b	false	false	true	true	true	-0x1.f3f95b46f9b02p-36	-0x1.f3cb9f4bdff51p-36	-0x1.f3f95b46f9b02p-36	-0x1.f3cb9f4bdff51p-36	true	true
543	272	D5	U08-0000000212_S09-0000000322	162	10	1	0	0	8	212	9	322	C0HORect2Set	DESCENDANT_PROBE_PASS	0	3185	e3476e7115862eb51573155b056d4e9eb2bac753ea7aa8274babbc074c3e213c	181ea3aaf0245dc6b56fbf8bff52253cef5fd9c43b5add4c9e0d3d7afd700367	4cb433b1f847d618f1a11f4f918370d82070e3c8caf1d2382c6b31f67551efe2	1f215f4b49fe5e11b56e4ce7998a5c2103955c36002ed69aa0cfdd8fd991c25a	e3b0c44298fc1c149afbf4c8996fb92427ae41e4649b934ca495991b7852b855	bea46ab4cf4adbeda551b0c6acc48c6474aa0a07a2c563bba580618b66d2c36b	false	false	true	true	true	-0x1.f3ecfdaf93ad9p-36	-0x1.f3bf4c3866005p-36	-0x1.f3ecfdaf93ad9p-36	-0x1.f3bf4c3866005p-36	true	true
544	272	D5	U08-0000000212_S09-0000000322	162	10	1	0	0	8	212	9	322	C0Rect2Set	DESCENDANT_PROBE_PASS	0	3098	e3476e7115862eb51573155b056d4e9eb2bac753ea7aa8274babbc074c3e213c	181ea3aaf0245dc6b56fbf8bff52253cef5fd9c43b5add4c9e0d3d7afd700367	69e3692d0294c78eac0f981a5597e2027d2f94a74d0ae399ce5276efa49f5d6a	1ae0eb5d4741d4a3238ee40fa38b601d030b7fdf51ef03fa648ad8465007e89c	e3b0c44298fc1c149afbf4c8996fb92427ae41e4649b934ca495991b7852b855	bea46ab4cf4adbeda551b0c6acc48c6474aa0a07a2c563bba580618b66d2c36b	false	false	true	true	true	-0x1.f3ed027e1b536p-36	-0x1.f3bf476a40e62p-36	-0x1.f3ed027e1b536p-36	-0x1.f3bf476a40e62p-36	true	true
545	273	D5	U08-0000000212_S09-0000000323	162	10	1	0	1	8	212	9	323	C0HORect2Set	DESCENDANT_PROBE_PASS	0	3174	b04e21a733464500a5296ceb97efb0bf1da32d56ea388e5d040f70da89f2e212	e8a45ad551e7991823c3d1046529403c8f80415638c9604c2f333cea26655fbd	bb8378b72e0935936c886cf10226efe9a688f410cbbdb1a04e6ec0c397e68c4b	70e5ecfc16b107acf96619dee23aafb12c66616a46dda2af0376d49c753758d0	e3b0c44298fc1c149afbf4c8996fb92427ae41e4649b934ca495991b7852b855	bea46ab4cf4adbeda551b0c6acc48c6474aa0a07a2c563bba580618b66d2c36b	false	false	true	true	true	-0x1.f3dedb561ae3p-36	-0x1.f3b12ad4ea4adp-36	-0x1.f3dedb561ae3p-36	-0x1.f3b12ad4ea4adp-36	true	true
546	273	D5	U08-0000000212_S09-0000000323	162	10	1	0	1	8	212	9	323	C0Rect2Set	DESCENDANT_PROBE_PASS	0	3106	b04e21a733464500a5296ceb97efb0bf1da32d56ea388e5d040f70da89f2e212	e8a45ad551e7991823c3d1046529403c8f80415638c9604c2f333cea26655fbd	f014c71399f910cf7dc160e707495e96462760ec2cb78449153aa9095e2c8a45	b609bf3f0e26f9f961fc32a0a70d173197a06b44735299744ada9ba979aa8502	e3b0c44298fc1c149afbf4c8996fb92427ae41e4649b934ca495991b7852b855	bea46ab4cf4adbeda551b0c6acc48c6474aa0a07a2c563bba580618b66d2c36b	false	false	true	true	true	-0x1.f3dee02489709p-36	-0x1.f3b12606de153p-36	-0x1.f3dee02489709p-36	-0x1.f3b12606de153p-36	true	true
547	274	D5	U08-0000000213_S09-0000000322	162	10	1	1	0	8	213	9	322	C0HORect2Set	DESCENDANT_PROBE_PASS	0	3188	007ff5f70cb2b1d4b87889c52cdd0869e739420bcb7f96024ec7d26bdc11c7bf	f66b7209b2f90bd849fa049f24160ec013f1ac981e40b53d9dfaadabffc64af3	c5265f19aa92472f9ea17e928fa8fb8798ed899dbd838a10bfc569402412fcae	abf857098c394b6f61b3b892e7e533a86c8d06d1d624a192e1aa39932fe9d011	e3b0c44298fc1c149afbf4c8996fb92427ae41e4649b934ca495991b7852b855	bea46ab4cf4adbeda551b0c6acc48c6474aa0a07a2c563bba580618b66d2c36b	false	false	true	true	true	-0x1.f3eb33f54fb13p-36	-0x1.f3bd828ce9cdap-36	-0x1.f3eb33f54fb13p-36	-0x1.f3bd828ce9cdap-36	true	true
548	274	D5	U08-0000000213_S09-0000000322	162	10	1	1	0	8	213	9	322	C0Rect2Set	DESCENDANT_PROBE_PASS	0	3101	007ff5f70cb2b1d4b87889c52cdd0869e739420bcb7f96024ec7d26bdc11c7bf	f66b7209b2f90bd849fa049f24160ec013f1ac981e40b53d9dfaadabffc64af3	a205d7afc0f97c9097f7130d85dd038d5ea5c01eecf498f2b14b1c08af2fa5ae	0ac0d35c5aa8872917e10d1a4b7f87ccd66a51442c52fef5778ba0fc64c414a9	e3b0c44298fc1c149afbf4c8996fb92427ae41e4649b934ca495991b7852b855	bea46ab4cf4adbeda551b0c6acc48c6474aa0a07a2c563bba580618b66d2c36b	false	false	true	true	true	-0x1.f3eb38c3c2f44p-36	-0x1.f3bd7dbed8d37p-36	-0x1.f3eb38c3c2f44p-36	-0x1.f3bd7dbed8d37p-36	true	true
549	275	D5	U08-0000000213_S09-0000000323	162	10	1	1	1	8	213	9	323	C0HORect2Set	DESCENDANT_PROBE_PASS	0	3218	0380e2f94421ae46cd715e0ee60d8d489b21b10ca58f983a11a84cecc7c19388	6d03077db71f0781548a0329f13e4e0000f0e416f7f1bc4a50b18b74a634e8ef	391ec0231757200ceeec70530bb0c2b6ac7cbba8406d1cb89079ab1c3a0e9abe	5e495a5032881d7db5565a9ec2e5dd95c791e4e0302c6a96706393a6ccd4e55a	e3b0c44298fc1c149afbf4c8996fb92427ae41e4649b934ca495991b7852b855	bea46ab4cf4adbeda551b0c6acc48c6474aa0a07a2c563bba580618b66d2c36b	false	false	true	true	true	-0x1.f3dd11a4fee6ep-36	-0x1.f3af61332aa4cp-36	-0x1.f3dd11a4fee6ep-36	-0x1.f3af61332aa4cp-36	true	true
550	275	D5	U08-0000000213_S09-0000000323	162	10	1	1	1	8	213	9	323	C0Rect2Set	DESCENDANT_PROBE_PASS	0	3100	0380e2f94421ae46cd715e0ee60d8d489b21b10ca58f983a11a84cecc7c19388	6d03077db71f0781548a0329f13e4e0000f0e416f7f1bc4a50b18b74a634e8ef	e8d4426f6897c0b2d0baa4dcfa14db4d677be88ecc7011a48eba9e784ef47e3b	02696e7b1064ac46e9c3103d3642ac27c222005dd89dd8b03f6444822be4ba60	e3b0c44298fc1c149afbf4c8996fb92427ae41e4649b934ca495991b7852b855	bea46ab4cf4adbeda551b0c6acc48c6474aa0a07a2c563bba580618b66d2c36b	false	false	true	true	true	-0x1.f3dd1673a1053p-36	-0x1.f3af5c64e97ddp-36	-0x1.f3dd1673a1053p-36	-0x1.f3af5c64e97ddp-36	true	true
551	276	D5	U08-0000000214_S09-0000000320	177	11	0	0	0	8	214	9	320	C0HORect2Set	DESCENDANT_PROBE_PASS	0	3163	61f582cf36d0ca994b274352293fa6e30866f28062c45df3c4519a967433dbe9	d6c6d4a8010731e83e6b8e14c2f39381babf32ae2d326428982986d34c049c4a	6c4f49a5da7d4188fab595d67f91f6fd11546bc660e7aa6ef83a1658c8df30de	73085191d8718871c8b6b6e8a40ea976bb9d72cb641957eba3f7cdb14bb49ea8	e3b0c44298fc1c149afbf4c8996fb92427ae41e4649b934ca495991b7852b855	bea46ab4cf4adbeda551b0c6acc48c6474aa0a07a2c563bba580618b66d2c36b	false	false	true	true	true	-0x1.f405af6060f88p-36	-0x1.f3d7fc1b30d1dp-36	-0x1.f405af6060f88p-36	-0x1.f3d7fc1b30d1dp-36	true	true
552	276	D5	U08-0000000214_S09-0000000320	177	11	0	0	0	8	214	9	320	C0Rect2Set	DESCENDANT_PROBE_PASS	0	3064	61f582cf36d0ca994b274352293fa6e30866f28062c45df3c4519a967433dbe9	d6c6d4a8010731e83e6b8e14c2f39381babf32ae2d326428982986d34c049c4a	ba292ea39e75bb1e6791ab4b1d3377318d05496059378fdd17a982781b356b3f	e80b28dab90623279c2f98f42a0c4d817a8c8a04536c23c5167083653f72f846	e3b0c44298fc1c149afbf4c8996fb92427ae41e4649b934ca495991b7852b855	bea46ab4cf4adbeda551b0c6acc48c6474aa0a07a2c563bba580618b66d2c36b	false	false	true	true	true	-0x1.f405b42f260f8p-36	-0x1.f3d7f74cce273p-36	-0x1.f405b42f260f8p-36	-0x1.f3d7f74cce273p-36	true	true
553	277	D5	U08-0000000214_S09-0000000321	177	11	0	0	1	8	214	9	321	C0HORect2Set	DESCENDANT_PROBE_PASS	0	3159	673849b083a4edf693c81c10fccafcb96b71e665a3eff62abe72447004f303f2	1256f5aa2819f6a54371539aab8aa801c280f616e94b911429a2dfa18f6db437	283be2de2be0b9079824707a3bc9e4eddd1e19fcbba66eb68ef3930008fe7317	adcd2123e1b29937a49bac4a714c96b5620d04f189213cd909a770010fb8bce1	e3b0c44298fc1c149afbf4c8996fb92427ae41e4649b934ca495991b7852b855	bea46ab4cf4adbeda551b0c6acc48c6474aa0a07a2c563bba580618b66d2c36b	false	false	true	true	true	-0x1.f3f78cb3ce5e7p-36	-0x1.f3c9da643b612p-36	-0x1.f3f78cb3ce5e7p-36	-0x1.f3c9da643b612p-36	true	true
554	277	D5	U08-0000000214_S09-0000000321	177	11	0	0	1	8	214	9	321	C0Rect2Set	DESCENDANT_PROBE_PASS	0	3066	673849b083a4edf693c81c10fccafcb96b71e665a3eff62abe72447004f303f2	1256f5aa2819f6a54371539aab8aa801c280f616e94b911429a2dfa18f6db437	cc3871801f1584b149ecfc8f53ba2dfaf2fdf152dc1bdb01d07b0752352e33d7	bd7a9c8a0c33be8fd1d0740beed71b59f40228d7e550e39fa08aa36d029c1bea	e3b0c44298fc1c149afbf4c8996fb92427ae41e4649b934ca495991b7852b855	bea46ab4cf4adbeda551b0c6acc48c6474aa0a07a2c563bba580618b66d2c36b	false	false	true	true	true	-0x1.f3f7918246bc7p-36	-0x1.f3c9d5962539ap-36	-0x1.f3f7918246bc7p-36	-0x1.f3c9d5962539ap-36	true	true
555	278	D5	U08-0000000215_S09-0000000320	177	11	0	1	0	8	215	9	320	C0HORect2Set	DESCENDANT_PROBE_PASS	0	3179	21caea9538cb68c246b6a32dfadc5bbdcbe6b941049cb4eea47ea01dd476814d	06782b89a39741fd43e79093ec71e94b79970104600a59eab813da0d93b9a962	83ec11c5588c712c04521e14afa2eb2c04c0b64ec1f54454f0fe8cdc8c2186cc	f3d2f3feed0e5d6c92d32e3611fc6abbba5095ed9be8eca868979f3a0e254ee5	e3b0c44298fc1c149afbf4c8996fb92427ae41e4649b934ca495991b7852b855	bea46ab4cf4adbeda551b0c6acc48c6474aa0a07a2c563bba580618b66d2c36b	false	false	true	true	true	-0x1.f403e59127d17p-36	-0x1.f3d6325b5091cp-36	-0x1.f403e59127d17p-36	-0x1.f3d6325b5091cp-36	true	true
556	278	D5	U08-0000000215_S09-0000000320	177	11	0	1	0	8	215	9	320	C0Rect2Set	DESCENDANT_PROBE_PASS	0	3093	21caea9538cb68c246b6a32dfadc5bbdcbe6b941049cb4eea47ea01dd476814d	06782b89a39741fd43e79093ec71e94b79970104600a59eab813da0d93b9a962	4cd025d9ded92e396e0f4a465c93c90be6a3f0a3159a53ad5ade9041c4950f9a	9d75f5c45cdc20b8f2d1e8888678dc0d79b0672050827a8cf9d839409806002c	e3b0c44298fc1c149afbf4c8996fb92427ae41e4649b934ca495991b7852b855	bea46ab4cf4adbeda551b0c6acc48c6474aa0a07a2c563bba580618b66d2c36b	false	false	true	true	true	-0x1.f403ea601c8c4p-36	-0x1.f3d62d8cbd246p-36	-0x1.f403ea601c8c4p-36	-0x1.f3d62d8cbd246p-36	true	true
557	279	D5	U08-0000000215_S09-0000000321	177	11	0	1	1	8	215	9	321	C0HORect2Set	DESCENDANT_PROBE_PASS	0	3209	f70d3f8c319722abee020140819acc5eaf3662f344f441b06892aa3865d88a6c	9a2e5c44cb034ab1ae7d4bef3c2aff1934b3ba7ce46e173e58c97cbcba66662f	538b8e60a4c29b70942de1abd47c450f9c35d31c7a157ba64f87e93167000baf	4a2bb50666edc714ffc498574b95ebf62dc665381abcfe81ce54998184fffd15	e3b0c44298fc1c149afbf4c8996fb92427ae41e4649b934ca495991b7852b855	bea46ab4cf4adbeda551b0c6acc48c6474aa0a07a2c563bba580618b66d2c36b	false	false	true	true	true	-0x1.f3f5c2ee3c2ccp-36	-0x1.f3c810ad976efp-36	-0x1.f3f5c2ee3c2ccp-36	-0x1.f3c810ad976efp-36	true	true
558	279	D5	U08-0000000215_S09-0000000321	177	11	0	1	1	8	215	9	321	C0Rect2Set	DESCENDANT_PROBE_PASS	0	3088	f70d3f8c319722abee020140819acc5eaf3662f344f441b06892aa3865d88a6c	9a2e5c44cb034ab1ae7d4bef3c2aff1934b3ba7ce46e173e58c97cbcba66662f	85707cb5f1fc564723a14a8663449950466bb12ed37f5f105066a6cb306324c9	da43b35f4c0eade7a3460f791e17a328b3b659df700c267a04acd077bf5c8327	e3b0c44298fc1c149afbf4c8996fb92427ae41e4649b934ca495991b7852b855	bea46ab4cf4adbeda551b0c6acc48c6474aa0a07a2c563bba580618b66d2c36b	false	false	true	true	true	-0x1.f3f5c7bcafa27p-36	-0x1.f3c80bdf85e57p-36	-0x1.f3f5c7bcafa27p-36	-0x1.f3c80bdf85e57p-36	true	true
559	280	D5	U08-0000000214_S09-0000000322	178	11	1	0	0	8	214	9	322	C0HORect2Set	DESCENDANT_PROBE_PASS	0	3189	7818bf8124c0698cf5d67f3020caeba5902e59d0babc58b01b6771bd2cd53253	48aafa540cd920b56a36b5a3fd0205e2084837187901145f2f5affbdca4843b4	5afea21502951dafb3dba71551a191b7f9a52f146da7879e224472eb1d15c67c	81ae9da4fe92fa19e2e7c0bff3b7ed95eca1ec8c71d1c883918f20e7a5a5eb67	e3b0c44298fc1c149afbf4c8996fb92427ae41e4649b934ca495991b7852b855	bea46ab4cf4adbeda551b0c6acc48c6474aa0a07a2c563bba580618b66d2c36b	false	false	true	true	true	-0x1.f3e96a3a134f9p-36	-0x1.f3bbb8e09d726p-36	-0x1.f3e96a3a134f9p-36	-0x1.f3bbb8e09d726p-36	true	true
560	280	D5	U08-0000000214_S09-0000000322	178	11	1	0	0	8	214	9	322	C0Rect2Set	DESCENDANT_PROBE_PASS	0	3081	7818bf8124c0698cf5d67f3020caeba5902e59d0babc58b01b6771bd2cd53253	48aafa540cd920b56a36b5a3fd0205e2084837187901145f2f5affbdca4843b4	aba130ca6613fff0304dcae9f7b74fcdbc6fd6b2bee9fa933160fffaaed6e1d2	51bac47eae94e6d1a938e76e19e8b0742c50bccfa1cb826a6719e720c72c3cc8	e3b0c44298fc1c149afbf4c8996fb92427ae41e4649b934ca495991b7852b855	bea46ab4cf4adbeda551b0c6acc48c6474aa0a07a2c563bba580618b66d2c36b	false	false	true	true	true	-0x1.f3e96f088202bp-36	-0x1.f3bbb4129022ep-36	-0x1.f3e96f088202bp-36	-0x1.f3bbb4129022ep-36	true	true
561	281	D5	U08-0000000214_S09-0000000323	178	11	1	0	1	8	214	9	323	C0HORect2Set	DESCENDANT_PROBE_PASS	0	3200	8cb21a8995e34d2efdfb39d49846ac1f0851c58cf40103c9d15455dc8dcbc2c6	fd99d7c928fed8315e5c71fdb20bc8fe80cb4cf0f402ced30c6a0fdf1751ab25	3c0144cf5cbdfe5c7cd42efd2963c29b09d952672f5a4430c87500b5e8264ea6	cd0b09a2cdc4e95a91bbf85cf7d8fda63b15d5c329c46d168853f344765b731d	e3b0c44298fc1c149afbf4c8996fb92427ae41e4649b934ca495991b7852b855	bea46ab4cf4adbeda551b0c6acc48c6474aa0a07a2c563bba580618b66d2c36b	false	false	true	true	true	-0x1.f3db47f359f5p-36	-0x1.f3ad979028d2fp-36	-0x1.f3db47f359f5p-36	-0x1.f3ad979028d2fp-36	true	true
562	281	D5	U08-0000000214_S09-0000000323	178	11	1	0	1	8	214	9	323	C0Rect2Set	DESCENDANT_PROBE_PASS	0	3054	8cb21a8995e34d2efdfb39d49846ac1f0851c58cf40103c9d15455dc8dcbc2c6	fd99d7c928fed8315e5c71fdb20bc8fe80cb4cf0f402ced30c6a0fdf1751ab25	68f31f67b55b8e1139e92270263d49ce2c54ef912f5403c433c2c8cdd1e3565c	bf714982cea5e5e4bc40d4fffb738e0f5c7cedcec9bcb9d551552078a1c9dc33	e3b0c44298fc1c149afbf4c8996fb92427ae41e4649b934ca495991b7852b855	bea46ab4cf4adbeda551b0c6acc48c6474aa0a07a2c563bba580618b66d2c36b	false	false	true	true	true	-0x1.f3db4cc1d0fabp-36	-0x1.f3ad92c213bbep-36	-0x1.f3db4cc1d0fabp-36	-0x1.f3ad92c213bbep-36	true	true
563	282	D5	U08-0000000215_S09-0000000322	178	11	1	1	0	8	215	9	322	C0HORect2Set	DESCENDANT_PROBE_PASS	0	3181	0dc093999ab8fa824c615b0c5128f603949bba2e6fb7372ad7b6ac2b5f652fd9	691365594bc8d13190be2f83d0353987c0925ab0ba001e02b44bd97c0e3e971d	1f98e165a70968051136b1c83989ee09cc5cc65ffbb19acda38abe671a110cd3	08c1ba5792fd4e568923c91253d03eb3072046e499160f35138776b8dc951a15	e3b0c44298fc1c149afbf4c8996fb92427ae41e4649b934ca495991b7852b855	bea46ab4cf4adbeda551b0c6acc48c6474aa0a07a2c563bba580618b66d2c36b	false	false	true	true	true	-0x1.f3e7a07dccd83p-36	-0x1.f3b9ef3390705p-36	-0x1.f3e7a07dccd83p-36	-0x1.f3b9ef3390705p-36	true	true
564	282	D5	U08-0000000215_S09-0000000322	178	11	1	1	0	8	215	9	322	C0Rect2Set	DESCENDANT_PROBE_PASS	0	3096	0dc093999ab8fa824c615b0c5128f603949bba2e6fb7372ad7b6ac2b5f652fd9	691365594bc8d13190be2f83d0353987c0925ab0ba001e02b44bd97c0e3e971d	8eb0d352e311c88c27f57037d082bf22688619ceb8e36f8c844acc6f05e8e693	57c8df38541580ea29a3726f0698a19bd45d1f1468114a685cb47ff086f797df	e3b0c44298fc1c149afbf4c8996fb92427ae41e4649b934ca495991b7852b855	bea46ab4cf4adbeda551b0c6acc48c6474aa0a07a2c563bba580618b66d2c36b	false	false	true	true	true	-0x1.f3e7a54c59567p-36	-0x1.f3b9ea656550cp-36	-0x1.f3e7a54c59567p-36	-0x1.f3b9ea656550cp-36	true	true
565	283	D5	U08-0000000215_S09-0000000323	178	11	1	1	1	8	215	9	323	C0HORect2Set	DESCENDANT_PROBE_PASS	0	3186	78a2d78907b243ea7c59de828370d3e4d34f8b771add9595d43484ba2c1805f3	2108f28d424e3185a6cdcb57ba388b81b5860382dfdd3962c0918b859030fa1c	60d91d7ce84197e00dcdb4351e1728291cc72c90f8e95fb1bfdf3307cec1a549	3c43bbf671bc05b55b907e75fe7bc7ec1a6c3d3399db9837a295895e65c7ab23	e3b0c44298fc1c149afbf4c8996fb92427ae41e4649b934ca495991b7852b855	bea46ab4cf4adbeda551b0c6acc48c6474aa0a07a2c563bba580618b66d2c36b	false	false	true	true	true	-0x1.f3d97e40b24c1p-36	-0x1.f3abcdec61bdcp-36	-0x1.f3d97e40b24c1p-36	-0x1.f3abcdec61bdcp-36	true	true
566	283	D5	U08-0000000215_S09-0000000323	178	11	1	1	1	8	215	9	323	C0Rect2Set	DESCENDANT_PROBE_PASS	0	3110	78a2d78907b243ea7c59de828370d3e4d34f8b771add9595d43484ba2c1805f3	2108f28d424e3185a6cdcb57ba388b81b5860382dfdd3962c0918b859030fa1c	a64ed76a08bce20f0b1452a05699474ba4c3e35097101597f47fb1005f253476	60e078fc0bc9ab78076e0814e7469a5dd2a952dc5857c8dd925e37c7a6207c37	e3b0c44298fc1c149afbf4c8996fb92427ae41e4649b934ca495991b7852b855	bea46ab4cf4adbeda551b0c6acc48c6474aa0a07a2c563bba580618b66d2c36b	false	false	true	true	true	-0x1.f3d9830f1d6bap-36	-0x1.f3abc91e57e9cp-36	-0x1.f3d9830f1d6bap-36	-0x1.f3abc91e57e9cp-36	true	true
567	284	D5	U08-0000000216_S09-0000000320	193	12	0	0	0	8	216	9	320	C0HORect2Set	DESCENDANT_PROBE_PASS	0	3166	102401a892344bf95fafb781e4d6fea6799fd869a4c263660393cd8b98baebaf	8a2e9d1a5f1b434cf73f98d7c212198278c03d4b4e435c56391f352f6eb256bf	22b8f75af8f5692c6e3c8aa8b3d11654c4865942297be23c74ac8eb77cfc4c47	5e0755adef43eed46faac7d45dbd1a3ae1c57c65464e9d435e80368bb457e168	e3b0c44298fc1c149afbf4c8996fb92427ae41e4649b934ca495991b7852b855	bea46ab4cf4adbeda551b0c6acc48c6474aa0a07a2c563bba580618b66d2c36b	false	false	true	true	true	-0x1.f4021bc18eda8p-36	-0x1.f3d4689a05495p-36	-0x1.f4021bc18eda8p-36	-0x1.f3d4689a05495p-36	true	true
568	284	D5	U08-0000000216_S09-0000000320	193	12	0	0	0	8	216	9	320	C0Rect2Set	DESCENDANT_PROBE_PASS	0	3124	102401a892344bf95fafb781e4d6fea6799fd869a4c263660393cd8b98baebaf	8a2e9d1a5f1b434cf73f98d7c212198278c03d4b4e435c56391f352f6eb256bf	470006ed0585a3e7ba525c0e174ff23490fbc20b32c66905c99d0fc2b6c95cd0	53a97e308e987c412dca8036b1d3cd6d8a4ff2dbb1a843a5e0d8093ee4e0a0a0	e3b0c44298fc1c149afbf4c8996fb92427ae41e4649b934ca495991b7852b855	bea46ab4cf4adbeda551b0c6acc48c6474aa0a07a2c563bba580618b66d2c36b	false	false	true	true	true	-0x1.f402209032ac5p-36	-0x1.f3d463cbc3178p-36	-0x1.f402209032ac5p-36	-0x1.f3d463cbc3178p-36	true	true
569	285	D5	U08-0000000216_S09-0000000321	193	12	0	0	1	8	216	9	321	C0HORect2Set	DESCENDANT_PROBE_PASS	0	3186	3d0f3c79d8ba6953aa4b337e23271b628ae3db4c533a3ca1757809ccd705d751	3c998a5fb9a8d77001d9f109a6dbc8209326f20d34aa35a476a8b67cd1a43e3a	e77c552e0c48557e13ac4b990e18eeb9b4105918ff2716c363f6c429ee6bb2d1	f303e6303f22ea53030d60db648322f1150400ab1efe3fc86ebd10824e3a246f	e3b0c44298fc1c149afbf4c8996fb92427ae41e4649b934ca495991b7852b855	bea46ab4cf4adbeda551b0c6acc48c6474aa0a07a2c563bba580618b66d2c36b	false	false	true	true	true	-0x1.f3f3f927dc6cfp-36	-0x1.f3c646f5f7155p-36	-0x1.f3f3f927dc6cfp-36	-0x1.f3c646f5f7155p-36	true	true
570	285	D5	U08-0000000216_S09-0000000321	193	12	0	0	1	8	216	9	321	C0Rect2Set	DESCENDANT_PROBE_PASS	0	3141	3d0f3c79d8ba6953aa4b337e23271b628ae3db4c533a3ca1757809ccd705d751	3c998a5fb9a8d77001d9f109a6dbc8209326f20d34aa35a476a8b67cd1a43e3a	0f26148fcf6299ab289faa93381453369b99a94951ef6149e6cf9d7361a92c7a	77cf44f9bb0175acb6b9c3e62e577847d6a9d057c3f5932c04b33f728ad6c30e	e3b0c44298fc1c149afbf4c8996fb92427ae41e4649b934ca495991b7852b855	bea46ab4cf4adbeda551b0c6acc48c6474aa0a07a2c563bba580618b66d2c36b	false	false	true	true	true	-0x1.f3f3fdf63569dp-36	-0x1.f3c64227ffab7p-36	-0x1.f3f3fdf63569dp-36	-0x1.f3c64227ffab7p-36	true	true
571	286	D5	U08-0000000217_S09-0000000320	193	12	0	1	0	8	217	9	320	C0HORect2Set	DESCENDANT_PROBE_PASS	0	3186	e662f7474b8abb247e9b999050310358ef3ef66380836b7968229e950881b43d	5a751c078d1bbbc2971ad92b109b8ea0c643abd1d39ab5cd483be3758b8ed3a8	c85e96309bc1aa3fe8177ef3f0f462b32201f00f4ab1d856d6fcd26722bb8502	25b41b386210e9ee0971ace4b2b89b5a84c1027a9852ae2d3cd5d8d792ae91a2	e3b0c44298fc1c149afbf4c8996fb92427ae41e4649b934ca495991b7852b855	bea46ab4cf4adbeda551b0c6acc48c6474aa0a07a2c563bba580618b66d2c36b	false	false	true	true	true	-0x1.f40051f0c7c1ap-36	-0x1.f3d29ed81e964p-36	-0x1.f40051f0c7c1ap-36	-0x1.f3d29ed81e964p-36	true	true
572	286	D5	U08-0000000217_S09-0000000320	193	12	0	1	0	8	217	9	320	C0Rect2Set	DESCENDANT_PROBE_PASS	0	3064	e662f7474b8abb247e9b999050310358ef3ef66380836b7968229e950881b43d	5a751c078d1bbbc2971ad92b109b8ea0c643abd1d39ab5cd483be3758b8ed3a8	d38168aa76b4aa0e0e4f8023e00e51702655ad2c010d5afb7d5cbeddb3381439	61f3ed6f698390cdd5abe85691fa20bff095a0127141442ab1af40ad9152a139	e3b0c44298fc1c149afbf4c8996fb92427ae41e4649b934ca495991b7852b855	bea46ab4cf4adbeda551b0c6acc48c6474aa0a07a2c563bba580618b66d2c36b	false	false	true	true	true	-0x1.f40056bf60d3p-36	-0x1.f3d29a09e7159p-36	-0x1.f40056bf60d3p-36	-0x1.f3d29a09e7159p-36	true	true
573	287	D5	U08-0000000217_S09-0000000321	193	12	0	1	1	8	217	9	321	C0HORect2Set	DESCENDANT_PROBE_PASS	0	3186	af166990a7fe5bbe3fb2b50018e2d6df0b9e16ead9b1a8669645eec5d84c19bb	d387af28dc450cb249d3840d736508498ee748568b24021cbe9fe9e4e16e9482	113c73f61502ddb8642049fab3357ba1d84084b53db6ccbf32e8dd54b50819ed	bcc4efe1dc2623d452fa1e118dc0c7d4e4929f775f478265f4168b899f79852e	e3b0c44298fc1c149afbf4c8996fb92427ae41e4649b934ca495991b7852b855	bea46ab4cf4adbeda551b0c6acc48c6474aa0a07a2c563bba580618b66d2c36b	false	false	true	true	true	-0x1.f3f22f6050dffp-36	-0x1.f3c47d3db75a4p-36	-0x1.f3f22f6050dffp-36	-0x1.f3c47d3db75a4p-36	true	true
574	287	D5	U08-0000000217_S09-0000000321	193	12	0	1	1	8	217	9	321	C0Rect2Set	DESCENDANT_PROBE_PASS	0	3088	af166990a7fe5bbe3fb2b50018e2d6df0b9e16ead9b1a8669645eec5d84c19bb	d387af28dc450cb249d3840d736508498ee748568b24021cbe9fe9e4e16e9482	4adcfaf00543b4dc0e9a67671dde1a77959794dad7cbc4b2a8488ac4f77e2f81	3930910f699da3d940b837fe0572e1473a7744cd1762e87d3a1b8d3648a89711	e3b0c44298fc1c149afbf4c8996fb92427ae41e4649b934ca495991b7852b855	bea46ab4cf4adbeda551b0c6acc48c6474aa0a07a2c563bba580618b66d2c36b	false	false	true	true	true	-0x1.f3f2342ed3c73p-36	-0x1.f3c4786f97509p-36	-0x1.f3f2342ed3c73p-36	-0x1.f3c4786f97509p-36	true	true
575	288	D5	U08-0000000216_S09-0000000322	194	12	1	0	0	8	216	9	322	C0HORect2Set	DESCENDANT_PROBE_PASS	0	3185	62b2dd8b1845011ed9419ab9dd687b3e5078e1d16c15e968fead111d04a034e1	6edbad5114f14a983b7b902c6c99422b0919d50eeaa89605fcce33bc7e2ecef6	81fe41335ffa0625032afe61b32872333dd51cd337c128e741f29c1f3c2a0879	11626cd75c4f4f7ac61adb4fa249a6fb143c87eda7e376e17a2e5032184d8531	e3b0c44298fc1c149afbf4c8996fb92427ae41e4649b934ca495991b7852b855	bea46ab4cf4adbeda551b0c6acc48c6474aa0a07a2c563bba580618b66d2c36b	false	false	true	true	true	-0x1.f3e5d6c0b7c02p-36	-0x1.f3b8258588caap-36	-0x1.f3e5d6c0b7c02p-36	-0x1.f3b8258588caap-36	true	true
576	288	D5	U08-0000000216_S09-0000000322	194	12	1	0	0	8	216	9	322	C0Rect2Set	DESCENDANT_PROBE_PASS	0	3218	62b2dd8b1845011ed9419ab9dd687b3e5078e1d16c15e968fead111d04a034e1	6edbad5114f14a983b7b902c6c99422b0919d50eeaa89605fcce33bc7e2ecef6	ab6a06da34d9efaaa4556ddb020962f38968ef81c3f92168efc6609460dcadcb	3f3a35d4ecff338846f1e06dc5beceaf2d01ee533e90bfdf4534fb67e7214ce5	e3b0c44298fc1c149afbf4c8996fb92427ae41e4649b934ca495991b7852b855	bea46ab4cf4adbeda551b0c6acc48c6474aa0a07a2c563bba580618b66d2c36b	false	false	true	true	true	-0x1.f3e5db8f4fb03p-36	-0x1.f3b820b752c0cp-36	-0x1.f3e5db8f4fb03p-36	-0x1.f3b820b752c0cp-36	true	true
577	289	D5	U08-0000000216_S09-0000000323	194	12	1	0	1	8	216	9	323	C0HORect2Set	DESCENDANT_PROBE_PASS	0	3194	75fd241d5347592e4d381444ae42ceae4f74d1d4656c4389311a4835e0722233	5f97c37758a08b45793de2cb70800db93b7a2404a1c15152c6c010b08fc6daf0	5cb1126dce676165490cd0a7f0fc02943540f38a930599d6f2573d0f3f8bb9d3	24f877a7ef2c28512affd873cba68f84faa30dd37a6e0fa25a3e61004daec7d7	e3b0c44298fc1c149afbf4c8996fb92427ae41e4649b934ca495991b7852b855	bea46ab4cf4adbeda551b0c6acc48c6474aa0a07a2c563bba580618b66d2c36b	false	false	true	true	true	-0x1.f3d7b48d20ac8p-36	-0x1.f3aa0447ba85bp-36	-0x1.f3d7b48d20ac8p-36	-0x1.f3aa0447ba85bp-36	true	true
578	289	D5	U08-0000000216_S09-0000000323	194	12	1	0	1	8	216	9	323	C0Rect2Set	DESCENDANT_PROBE_PASS	0	3148	75fd241d5347592e4d381444ae42ceae4f74d1d4656c4389311a4835e0722233	5f97c37758a08b45793de2cb70800db93b7a2404a1c15152c6c010b08fc6daf0	52d41e6466f44614e6620e960910f3015d98a554826ccd23f16ce3403a1cd197	1da89fed86d43a631a731828ef791199ac4f3916a4f60abfa115840631837612	e3b0c44298fc1c149afbf4c8996fb92427ae41e4649b934ca495991b7852b855	bea46ab4cf4adbeda551b0c6acc48c6474aa0a07a2c563bba580618b66d2c36b	false	false	true	true	true	-0x1.f3d7b95b855b4p-36	-0x1.f3a9ff79b736p-36	-0x1.f3d7b95b855b4p-36	-0x1.f3a9ff79b736p-36	true	true
579	290	D5	U08-0000000217_S09-0000000322	194	12	1	1	0	8	217	9	322	C0HORect2Set	DESCENDANT_PROBE_PASS	0	3197	c905cc8e5d17d64e0ce2f85b0bcd44cb573cf5279d3dcbd3294e75946829c05f	1f35a1c9f232297d380365dd52dc234bea6b599b3fbfbf946457541e9ca1cd3c	34b72885d7ff6ef9a0b81e6d586e3b7b448653eabd8ae3ce849187acd3ee52d6	6a3247e058875682f0af033da34df043540385ba54fced6fe94923e3a0ba4f60	e3b0c44298fc1c149afbf4c8996fb92427ae41e4649b934ca495991b7852b855	bea46ab4cf4adbeda551b0c6acc48c6474aa0a07a2c563bba580618b66d2c36b	false	false	true	true	true	-0x1.f3e40d02f2edbp-36	-0x1.f3b65bd668a34p-36	-0x1.f3e40d02f2edbp-36	-0x1.f3b65bd668a34p-36	true	true
580	290	D5	U08-0000000217_S09-0000000322	194	12	1	1	0	8	217	9	322	C0Rect2Set	DESCENDANT_PROBE_PASS	0	3074	c905cc8e5d17d64e0ce2f85b0bcd44cb573cf5279d3dcbd3294e75946829c05f	1f35a1c9f232297d380365dd52dc234bea6b599b3fbfbf946457541e9ca1cd3c	bf8260920023c98cffa6ae0a3b5d4bf5e9b43b6a26b49d922042b54065c6b1ef	6e0cff5104cecc2629e75564b933128455ba10da06c4f3fc65e45d1a5b0c066a	e3b0c44298fc1c149afbf4c8996fb92427ae41e4649b934ca495991b7852b855	bea46ab4cf4adbeda551b0c6acc48c6474aa0a07a2c563bba580618b66d2c36b	false	false	true	true	true	-0x1.f3e411d15eedfp-36	-0x1.f3b657085dd4dp-36	-0x1.f3e411d15eedfp-36	-0x1.f3b657085dd4dp-36	true	true
581	291	D5	U08-0000000217_S09-0000000323	194	12	1	1	1	8	217	9	323	C0HORect2Set	DESCENDANT_PROBE_PASS	0	3193	fc9b2647db7325314e13d99d2ff4e09ac33cbb8388c43c8b5f8fddf1ee35ac3c	facb3b21f50efcb653063e5c36afaa6b10f2eede249bcab9f1c751f2645ea88a	26b53c1bf3406edaba5200c0e12959eac9e08aa0cf77c0634b95c60d175bd791	490bd996cc5186fd61300e34aa9e95ed1d02f48a077cdd67177d81454372463c	e3b0c44298fc1c149afbf4c8996fb92427ae41e4649b934ca495991b7852b855	bea46ab4cf4adbeda551b0c6acc48c6474aa0a07a2c563bba580618b66d2c36b	false	false	true	true	true	-0x1.f3d5ead8add84p-36	-0x1.f3a83aa229f61p-36	-0x1.f3d5ead8add84p-36	-0x1.f3a83aa229f61p-36	true	true
582	291	D5	U08-0000000217_S09-0000000323	194	12	1	1	1	8	217	9	323	C0Rect2Set	DESCENDANT_PROBE_PASS	0	3099	fc9b2647db7325314e13d99d2ff4e09ac33cbb8388c43c8b5f8fddf1ee35ac3c	facb3b21f50efcb653063e5c36afaa6b10f2eede249bcab9f1c751f2645ea88a	89d0d1aac09c743ee7991df429ef4557980fdf31be07608bb823f6bb177709f2	f6ed84387cdae67fb533778ac6da8b545ac761b910262514413f001af58e1a03	e3b0c44298fc1c149afbf4c8996fb92427ae41e4649b934ca495991b7852b855	bea46ab4cf4adbeda551b0c6acc48c6474aa0a07a2c563bba580618b66d2c36b	false	false	true	true	true	-0x1.f3d5efa707e6ap-36	-0x1.f3a835d4326dbp-36	-0x1.f3d5efa707e6ap-36	-0x1.f3a835d4326dbp-36	true	true
583	292	D5	U08-0000000216_S09-0000000324	195	12	2	0	0	8	216	9	324	C0HORect2Set	DESCENDANT_PROBE_PASS	0	3153	f32c41a82654e027edbc9d079d8b872790dbe817dcdca9a728934fbbcdb57f50	b6e1f576f53720ec7407a753241807db5f654bc6419120eb625d8b5433a8f1e6	f2155e588195cd24d8e758b6a16add1e6f0c414e660415e677995ae4f013c9b1	38505f25fd800908c3e8524ddb37301ab519c6370df9d64f8bb04aebd28af497	e3b0c44298fc1c149afbf4c8996fb92427ae41e4649b934ca495991b7852b855	bea46ab4cf4adbeda551b0c6acc48c6474aa0a07a2c563bba580618b66d2c36b	false	false	true	true	true	-0x1.f3c9928c6f9a6p-36	-0x1.f39be33d2ff87p-36	-0x1.f3c9928c6f9a6p-36	-0x1.f39be33d2ff87p-36	true	true
584	292	D5	U08-0000000216_S09-0000000324	195	12	2	0	0	8	216	9	324	C0Rect2Set	DESCENDANT_PROBE_PASS	0	3090	f32c41a82654e027edbc9d079d8b872790dbe817dcdca9a728934fbbcdb57f50	b6e1f576f53720ec7407a753241807db5f654bc6419120eb625d8b5433a8f1e6	28cc338060084b7689aafcc62119dc3879b992d751d27c0f1519441752aaf225	625d008c20611784a5726a83a2d410ceee6f6f78004ed7b1f04d48d57a2863ba	e3b0c44298fc1c149afbf4c8996fb92427ae41e4649b934ca495991b7852b855	bea46ab4cf4adbeda551b0c6acc48c6474aa0a07a2c563bba580618b66d2c36b	false	false	true	true	true	-0x1.f3c9975ace576p-36	-0x1.f39bde6f33bdap-36	-0x1.f3c9975ace576p-36	-0x1.f39bde6f33bdap-36	true	true
585	293	D5	U08-0000000216_S09-0000000325	195	12	2	0	1	8	216	9	325	C0HORect2Set	DESCENDANT_PROBE_PASS	0	3194	cafcad7923c46050607dd12f0e639e2f171f1d4f7fb4041bb84da8f316d92698	9a7c7afa29bea22edc23466c4adac46754345600e3f5a62baa90d8f31693ba66	0428224df2c11f0a05c55cfe6810b9c59e6011d84548b4cc35f6bda0321ca0d0	35ebff02a21e5333cdc619e9774bc9235956864e49e97706c2f9e5f2434d0ce3	e3b0c44298fc1c149afbf4c8996fb92427ae41e4649b934ca495991b7852b855	bea46ab4cf4adbeda551b0c6acc48c6474aa0a07a2c563bba580618b66d2c36b	false	false	true	true	true	-0x1.f3bb70bebb516p-36	-0x1.f38dc265d4ecfp-36	-0x1.f3bb70bebb516p-36	-0x1.f38dc265d4ecfp-36	true	true
586	293	D5	U08-0000000216_S09-0000000325	195	12	2	0	1	8	216	9	325	C0Rect2Set	DESCENDANT_PROBE_PASS	0	3079	cafcad7923c46050607dd12f0e639e2f171f1d4f7fb4041bb84da8f316d92698	9a7c7afa29bea22edc23466c4adac46754345600e3f5a62baa90d8f31693ba66	b6bd35989ba65a712b7dd773acf04380d3168bd0383e3af43a86f8be89b92251	e6833abfa4b134759f825e590d8e57df5ee33f7f6318b5c931a6b4e29c6fe633	e3b0c44298fc1c149afbf4c8996fb92427ae41e4649b934ca495991b7852b855	bea46ab4cf4adbeda551b0c6acc48c6474aa0a07a2c563bba580618b66d2c36b	false	false	true	true	true	-0x1.f3bb758d30082p-36	-0x1.f38dbd97c1befp-36	-0x1.f3bb758d30082p-36	-0x1.f38dbd97c1befp-36	true	true
587	294	D5	U08-0000000217_S09-0000000324	195	12	2	1	0	8	217	9	324	C0HORect2Set	DESCENDANT_PROBE_PASS	0	3169	68290a11374eea2575d0b1bfeaad872209066dee97753f1596555f26075898bc	973f69f7576724331f18743e11e72f08dae6b69581d80e1b46f0685e9cbe6cb1	9cdbb553841c1b79416e81fc4f148518846a22a91fb193a05508667d638f508e	59d7716c2f6b0c8b4ebfe50c99019307c21f90c9f489e98a9e229c8cd232c528	e3b0c44298fc1c149afbf4c8996fb92427ae41e4649b934ca495991b7852b855	bea46ab4cf4adbeda551b0c6acc48c6474aa0a07a2c563bba580618b66d2c36b	false	false	true	true	true	-0x1.f3c7c8e17eb84p-36	-0x1.f39a19a102b29p-36	-0x1.f3c7c8e17eb84p-36	-0x1.f39a19a102b29p-36	true	true
588	294	D5	U08-0000000217_S09-0000000324	195	12	2	1	0	8	217	9	324	C0Rect2Set	DESCENDANT_PROBE_PASS	0	3081	68290a11374eea2575d0b1bfeaad872209066dee97753f1596555f26075898bc	973f69f7576724331f18743e11e72f08dae6b69581d80e1b46f0685e9cbe6cb1	b25cc546f3c730ba0d382d6643962e096fddb87a419b9e22fa2071bdb451dcb4	b4bc073ed65a0d9c4bb7d9fc38a4cf197c3195dc4374eb67363e0f8b35911fa9	e3b0c44298fc1c149afbf4c8996fb92427ae41e4649b934ca495991b7852b855	bea46ab4cf4adbeda551b0c6acc48c6474aa0a07a2c563bba580618b66d2c36b	false	false	true	true	true	-0x1.f3c7cdafc2fbp-36	-0x1.f39a14d320c82p-36	-0x1.f3c7cdafc2fbp-36	-0x1.f39a14d320c82p-36	true	true
589	295	D5	U08-0000000217_S09-0000000325	195	12	2	1	1	8	217	9	325	C0HORect2Set	DESCENDANT_PROBE_PASS	0	3221	20c8f8013e2c2155f91db9791ba48178d13aac65243d7d16083f7278536fcb4b	be5e8a4796b9a4562f3b7e8696379a49bd44cfee6429b37a478d29568ef56427	777d65095327917b48b739cde1a19d746325eba76aff7ca78d081723c391fddd	249995a1a1fc8d7a1f72c21872529b6c67597cff0b50ba6c489cddab2060c9fe	e3b0c44298fc1c149afbf4c8996fb92427ae41e4649b934ca495991b7852b855	bea46ab4cf4adbeda551b0c6acc48c6474aa0a07a2c563bba580618b66d2c36b	false	false	true	true	true	-0x1.f3b9a71d81e08p-36	-0x1.f38bf8d2d3f65p-36	-0x1.f3b9a71d81e08p-36	-0x1.f38bf8d2d3f65p-36	true	true
590	295	D5	U08-0000000217_S09-0000000325	195	12	2	1	1	8	217	9	325	C0Rect2Set	DESCENDANT_PROBE_PASS	0	3061	20c8f8013e2c2155f91db9791ba48178d13aac65243d7d16083f7278536fcb4b	be5e8a4796b9a4562f3b7e8696379a49bd44cfee6429b37a478d29568ef56427	71cf4774eae7a29f66e84b7c41b159a1398c81f4821c014f2331f6fb874dec1b	aaa4b7de046de0f4eeb4b10b350b0cbcd830fc69921a9b04c4b7405865c06f4a	e3b0c44298fc1c149afbf4c8996fb92427ae41e4649b934ca495991b7852b855	bea46ab4cf4adbeda551b0c6acc48c6474aa0a07a2c563bba580618b66d2c36b	false	false	true	true	true	-0x1.f3b9abeb91e5dp-36	-0x1.f38bf4052567p-36	-0x1.f3b9abeb91e5dp-36	-0x1.f38bf4052567p-36	true	true
591	296	D5	U08-0000000218_S09-0000000320	209	13	0	0	0	8	218	9	320	C0HORect2Set	DESCENDANT_PROBE_PASS	0	3179	237f3bfd0fe94d0451710e0b311acbd27586aa2374f54c0fbfd1f167635986fb	98946cffb1f6c348d1e26d049ad8ceb9fabb5ee80812c61e8a4467ff3c3bffdb	6541bc80777bc0898ee6bdd120d958672a43eb5c0b8f8686ac05373a43145b79	8a167a1076acecc3e28651188f2ac5a95277b0c6542afd0fab5bec7b406edf50	e3b0c44298fc1c149afbf4c8996fb92427ae41e4649b934ca495991b7852b855	bea46ab4cf4adbeda551b0c6acc48c6474aa0a07a2c563bba580618b66d2c36b	false	false	true	true	true	-0x1.f3fe881ebfa61p-36	-0x1.f3d0d515b0637p-36	-0x1.f3fe881ebfa61p-36	-0x1.f3d0d515b0637p-36	true	true
592	296	D5	U08-0000000218_S09-0000000320	209	13	0	0	0	8	218	9	320	C0Rect2Set	DESCENDANT_PROBE_PASS	0	3096	237f3bfd0fe94d0451710e0b311acbd27586aa2374f54c0fbfd1f167635986fb	98946cffb1f6c348d1e26d049ad8ceb9fabb5ee80812c61e8a4467ff3c3bffdb	2d31e92524765de551f80a888f788d3b93e29266e5ae59ce5d3f11acedb11120	7febf9fb6c28bb2ab4f83ed8647ea474eb157aeca725bc481595c949eb89aca8	e3b0c44298fc1c149afbf4c8996fb92427ae41e4649b934ca495991b7852b855	bea46ab4cf4adbeda551b0c6acc48c6474aa0a07a2c563bba580618b66d2c36b	false	false	true	true	true	-0x1.f3fe8cedaac74p-36	-0x1.f3d0d0472681dp-36	-0x1.f3fe8cedaac74p-36	-0x1.f3d0d0472681dp-36	true	true
593	297	D5	U08-0000000218_S09-0000000321	209	13	0	0	1	8	218	9	321	C0HORect2Set	DESCENDANT_PROBE_PASS	0	3181	12435acdc99d8e7756de664c0d6200655c8e25ce94bbaae3147d71efacf817e3	7a8cfc43d7722b94a69dfc2c3178ad6e6c8895a551c23697d38e89ccf5c0b1e0	b932f6cc19d07c88c8882c987f01456f7025d1f812a8ed80fc8ca5512ef4fc71	3e2ec8750ab5f29cd46bfd7284c70e13de0ec967f66998538d87df1316b061c3	e3b0c44298fc1c149afbf4c8996fb92427ae41e4649b934ca495991b7852b855	bea46ab4cf4adbeda551b0c6acc48c6474aa0a07a2c563bba580618b66d2c36b	false	false	true	true	true	-0x1.f3f06597f1ba5p-36	-0x1.f3c2b38483eaap-36	-0x1.f3f06597f1ba5p-36	-0x1.f3c2b38483eaap-36	true	true
594	297	D5	U08-0000000218_S09-0000000321	209	13	0	0	1	8	218	9	321	C0Rect2Set	DESCENDANT_PROBE_PASS	0	3092	12435acdc99d8e7756de664c0d6200655c8e25ce94bbaae3147d71efacf817e3	7a8cfc43d7722b94a69dfc2c3178ad6e6c8895a551c23697d38e89ccf5c0b1e0	cbe1262a4447d4931fe4a9a61bef19ca5b7ef7cf78e6fbc0ecadc1e08edcd2c8	0159d0b8dd8ac956e60dcaee14f26b756207aad4b3ee9048d332bcd2777d6a9c	e3b0c44298fc1c149afbf4c8996fb92427ae41e4649b934ca495991b7852b855	bea46ab4cf4adbeda551b0c6acc48c6474aa0a07a2c563bba580618b66d2c36b	false	false	true	true	true	-0x1.f3f06a668fd5bp-36	-0x1.f3c2aeb6485f4p-36	-0x1.f3f06a668fd5bp-36	-0x1.f3c2aeb6485f4p-36	true	true
595	298	D5	U08-0000000219_S09-0000000320	209	13	0	1	0	8	219	9	320	C0HORect2Set	DESCENDANT_PROBE_PASS	0	3217	666b41916b2353615bd549bd53a3f8834df0134b3d40d68a42d2eb58aef859b7	63ee6f95ffb0f7f168f1f682f8445c4cdadef9bbeaff1ec25aaee2fce9f8bf4a	3ff8afa3358c59f46960fbd2b594b178aa1fab9f76b107cdcd34ef74698a642a	4134322b7f1dc0d75e73d0b31217dac13c7b66f0cff186e2a361912b89305fc0	e3b0c44298fc1c149afbf4c8996fb92427ae41e4649b934ca495991b7852b855	bea46ab4cf4adbeda551b0c6acc48c6474aa0a07a2c563bba580618b66d2c36b	false	false	true	true	true	-0x1.f3fcbe4c542f9p-36	-0x1.f3cf0b51db78p-36	-0x1.f3fcbe4c542f9p-36	-0x1.f3cf0b51db78p-36	true	true
596	298	D5	U08-0000000219_S09-0000000320	209	13	0	1	0	8	219	9	320	C0Rect2Set	DESCENDANT_PROBE_PASS	0	3095	666b41916b2353615bd549bd53a3f8834df0134b3d40d68a42d2eb58aef859b7	63ee6f95ffb0f7f168f1f682f8445c4cdadef9bbeaff1ec25aaee2fce9f8bf4a	dcfe9f014b7c0a70e630d60626bcc17dde68bc10c4ebf2e8a7f8a2dab4110c38	a0fcf4d8d78319c7ef8da3343aa6e93618b1ee7c36bff93d21956fa78e58d871	e3b0c44298fc1c149afbf4c8996fb92427ae41e4649b934ca495991b7852b855	bea46ab4cf4adbeda551b0c6acc48c6474aa0a07a2c563bba580618b66d2c36b	false	false	true	true	true	-0x1.f3fcc31b10c3fp-36	-0x1.f3cf0683800eap-36	-0x1.f3fcc31b10c3fp-36	-0x1.f3cf0683800eap-36	true	true
597	299	D5	U08-0000000219_S09-0000000321	209	13	0	1	1	8	219	9	321	C0HORect2Set	DESCENDANT_PROBE_PASS	0	3193	d38c34f744cd15a4c045c875d2ba6c894e602fca3dfe7cbd55912be30188fa9e	568929e44e84f87c5498ad9e830daa5d7031f7baab60d2681bea82e072e21c89	969e2b76fb6057cf124457279b3652c536489866d2275fdb22a92cb097cbd8f8	6a6e55801cc28d49e80c9816b0883b78b35b0dcd62c92702817c5a43aa755c07	e3b0c44298fc1c149afbf4c8996fb92427ae41e4649b934ca495991b7852b855	bea46ab4cf4adbeda551b0c6acc48c6474aa0a07a2c563bba580618b66d2c36b	false	false	true	true	true	-0x1.f3ee9bcf2991ep-36	-0x1.f3c0e9c9f0079p-36	-0x1.f3ee9bcf2991ep-36	-0x1.f3c0e9c9f0079p-36	true	true
598	299	D5	U08-0000000219_S09-0000000321	209	13	0	1	1	8	219	9	321	C0Rect2Set	DESCENDANT_PROBE_PASS	0	3058	d38c34f744cd15a4c045c875d2ba6c894e602fca3dfe7cbd55912be30188fa9e	568929e44e84f87c5498ad9e830daa5d7031f7baab60d2681bea82e072e21c89	cbf8f085ed5edb7c42416216be7d2fc353c8b1b5e8a901a495fa0b8d64d90209	150aed314e0b0b060c92edbacc75e44d0a0bd65f81573c1aa058bc887f06d1bd	e3b0c44298fc1c149afbf4c8996fb92427ae41e4649b934ca495991b7852b855	bea46ab4cf4adbeda551b0c6acc48c6474aa0a07a2c563bba580618b66d2c36b	false	false	true	true	true	-0x1.f3eea09d66361p-36	-0x1.f3c0e4fc15974p-36	-0x1.f3eea09d66361p-36	-0x1.f3c0e4fc15974p-36	true	true
599	300	D5	U08-0000000218_S09-0000000322	210	13	1	0	0	8	218	9	322	C0HORect2Set	DESCENDANT_PROBE_PASS	0	3157	9c7e0faf8a0a4e1c188c987a2068e9d01c0e9cbf484a30bb385aa28cc0968865	e1479100125d8645be1a75e9e4f1d81d73ff7dc213ba3a07d5152cf5f8c2bd61	a64ae28098ff61610900ef34d22e2761e993aa323f064832e3b4553ee6c60a78	8974579b1a2a7bff7a9f09837a49179b6a65b63155872192c1074668ff1f4bde	e3b0c44298fc1c149afbf4c8996fb92427ae41e4649b934ca495991b7852b855	bea46ab4cf4adbeda551b0c6acc48c6474aa0a07a2c563bba580618b66d2c36b	false	false	true	true	true	-0x1.f3e243441e3f1p-36	-0x1.f3b492268d858p-36	-0x1.f3e243441e3f1p-36	-0x1.f3b492268d858p-36	true	true
600	300	D5	U08-0000000218_S09-0000000322	210	13	1	0	0	8	218	9	322	C0Rect2Set	DESCENDANT_PROBE_PASS	0	3076	9c7e0faf8a0a4e1c188c987a2068e9d01c0e9cbf484a30bb385aa28cc0968865	e1479100125d8645be1a75e9e4f1d81d73ff7dc213ba3a07d5152cf5f8c2bd61	509233107bd42000730bea73558366c5186c27b4873e68e2a34b392dc7cc1254	200b0f4118f0603e628f5aa2047052c507b0cae032f2c3780c6f020fcf114a00	e3b0c44298fc1c149afbf4c8996fb92427ae41e4649b934ca495991b7852b855	bea46ab4cf4adbeda551b0c6acc48c6474aa0a07a2c563bba580618b66d2c36b	false	false	true	true	true	-0x1.f3e248128cb53p-36	-0x1.f3b48d5880ce8p-36	-0x1.f3e248128cb53p-36	-0x1.f3b48d5880ce8p-36	true	true
601	301	D5	U08-0000000218_S09-0000000323	210	13	1	0	1	8	218	9	323	C0HORect2Set	DESCENDANT_PROBE_PASS	0	3150	adea99a16845e5b972c9b2c738a2f3592b8c97c4aa7257cea2d88f3248d5710e	3ec059e31894b59dbf437359c92727bde176f4e3947113997f8cf0001454fbf0	db943eef1f640494a231aa31ebae83ecb71609eeea124616346a20700678b720	3f8a39a3cc68e593a8fa5c5b1b745019c5a14df16a93b74e34a1113485d07c77	e3b0c44298fc1c149afbf4c8996fb92427ae41e4649b934ca495991b7852b855	bea46ab4cf4adbeda551b0c6acc48c6474aa0a07a2c563bba580618b66d2c36b	false	false	true	true	true	-0x1.f3d421231ccd3p-36	-0x1.f3a670fbf14eap-36	-0x1.f3d421231ccd3p-36	-0x1.f3a670fbf14eap-36	true	true
602	301	D5	U08-0000000218_S09-0000000323	210	13	1	0	1	8	218	9	323	C0Rect2Set	DESCENDANT_PROBE_PASS	0	3063	adea99a16845e5b972c9b2c738a2f3592b8c97c4aa7257cea2d88f3248d5710e	3ec059e31894b59dbf437359c92727bde176f4e3947113997f8cf0001454fbf0	03c88588c59e152687080f006f0de969fdaa31caf08eea482a5718551564464e	2df8e8e7177f11d13524d42bf4eb9b4c79f43ba0c1553632ab4a9b8c774b3e6b	e3b0c44298fc1c149afbf4c8996fb92427ae41e4649b934ca495991b7852b855	bea46ab4cf4adbeda551b0c6acc48c6474aa0a07a2c563bba580618b66d2c36b	false	false	true	true	true	-0x1.f3d425f1a53e1p-36	-0x1.f3a66c2dc9d88p-36	-0x1.f3d425f1a53e1p-36	-0x1.f3a66c2dc9d88p-36	true	true
603	302	D5	U08-0000000219_S09-0000000322	210	13	1	1	0	8	219	9	322	C0HORect2Set	DESCENDANT_PROBE_PASS	0	3166	c114a8b7610b6c6baefcab9664aaf4cd8f56de0b2ced3d64a09d82d7089e4d01	04866935fc78256f3da89771237c3606f5ecfb62d65ed460055b24af8d8fa5b5	7f7b0223275b6b536b9e9643aa0804acdfc172bb1537f37b2c97043793b99d89	74ffdfbf4623585632416593059f37ef9ee22369bfdc4054d4250d02e81ccbdc	e3b0c44298fc1c149afbf4c8996fb92427ae41e4649b934ca495991b7852b855	bea46ab4cf4adbeda551b0c6acc48c6474aa0a07a2c563bba580618b66d2c36b	false	false	true	true	true	-0x1.f3e0798466289p-36	-0x1.f3b2c875ccdfdp-36	-0x1.f3e0798466289p-36	-0x1.f3b2c875ccdfdp-36	true	true
604	302	D5	U08-0000000219_S09-0000000322	210	13	1	1	0	8	219	9	322	C0Rect2Set	DESCENDANT_PROBE_PASS	0	3062	c114a8b7610b6c6baefcab9664aaf4cd8f56de0b2ced3d64a09d82d7089e4d01	04866935fc78256f3da89771237c3606f5ecfb62d65ed460055b24af8d8fa5b5	576e5675f1c78a57290f5444115666753c0821e1d60bd2c21cc3f7946bdd6a8a	1f1ed9a52dec125a14f6032f4e0c91de06bb0b352b45379cac79c2ca340c7aaa	e3b0c44298fc1c149afbf4c8996fb92427ae41e4649b934ca495991b7852b855	bea46ab4cf4adbeda551b0c6acc48c6474aa0a07a2c563bba580618b66d2c36b	false	false	true	true	true	-0x1.f3e07e52d3ad5p-36	-0x1.f3b2c3a7c0d16p-36	-0x1.f3e07e52d3ad5p-36	-0x1.f3b2c3a7c0d16p-36	true	true
605	303	D5	U08-0000000219_S09-0000000323	210	13	1	1	1	8	219	9	323	C0HORect2Set	DESCENDANT_PROBE_PASS	0	3159	ac36d50dbeb75ba33bbc8a1302792f7612daf29ab56d76495fd043c06a41b141	c50d261d39052b5728a65a58ce803deba5a499c005543a13a0acd54f7d3df390	3fd30ec93dcb67824b456640004bad8db815ae3661fc083f7ed574ad80500ec0	1c09f95b65fecdc64147e0f29eeed0bdb690329cf7f24d5af1e6612d037c0fbb	e3b0c44298fc1c149afbf4c8996fb92427ae41e4649b934ca495991b7852b855	bea46ab4cf4adbeda551b0c6acc48c6474aa0a07a2c563bba580618b66d2c36b	false	false	true	true	true	-0x1.f3d2576cf5a6fp-36	-0x1.f3a4a754830dp-36	-0x1.f3d2576cf5a6fp-36	-0x1.f3a4a754830dp-36	true	true
606	303	D5	U08-0000000219_S09-0000000323	210	13	1	1	1	8	219	9	323	C0Rect2Set	DESCENDANT_PROBE_PASS	0	3088	ac36d50dbeb75ba33bbc8a1302792f7612daf29ab56d76495fd043c06a41b141	c50d261d39052b5728a65a58ce803deba5a499c005543a13a0acd54f7d3df390	c2a7e8d960fba0dddf4fdedd51f09456e61f56a986c2b6dde45a4d5f85a5bb0e	f2522f78df34f43047e3f0de38485d123b7a81e23ad2ac9a09c72ac2feefab14	e3b0c44298fc1c149afbf4c8996fb92427ae41e4649b934ca495991b7852b855	bea46ab4cf4adbeda551b0c6acc48c6474aa0a07a2c563bba580618b66d2c36b	false	false	true	true	true	-0x1.f3d25c3b5e82cp-36	-0x1.f3a4a2867c018p-36	-0x1.f3d25c3b5e82cp-36	-0x1.f3a4a2867c018p-36	true	true
607	304	D5	U08-0000000218_S09-0000000324	211	13	2	0	0	8	218	9	324	C0HORect2Set	DESCENDANT_PROBE_PASS	0	3194	3c07cdb4cb8da9b370992619eca3483280b5af9bc9abd33bf35f91f0c2ca4d47	d616c8ec582aa41468964e0e0d1f3fc428ac8303d74552a0ef759ed36f71ac43	a4b44be256e744a123afdcdde3a084cbf9070b39e2a4a1fe241b48e3af6c0497	28accc10640a1c5030630917bfe8d394bc3c250a4910c6337c979b412cb25ebd	e3b0c44298fc1c149afbf4c8996fb92427ae41e4649b934ca495991b7852b855	bea46ab4cf4adbeda551b0c6acc48c6474aa0a07a2c563bba580618b66d2c36b	false	false	true	true	true	-0x1.f3c5ff3592386p-36	-0x1.f3985004076f4p-36	-0x1.f3c5ff3592386p-36	-0x1.f3985004076f4p-36	true	true
608	304	D5	U08-0000000218_S09-0000000324	211	13	2	0	0	8	218	9	324	C0Rect2Set	DESCENDANT_PROBE_PASS	0	3243	3c07cdb4cb8da9b370992619eca3483280b5af9bc9abd33bf35f91f0c2ca4d47	d616c8ec582aa41468964e0e0d1f3fc428ac8303d74552a0ef759ed36f71ac43	51015c791a1e6be3bf4ebe905acc42689b7fb485eafc58d8cdc5ab22da4f1e84	79842749e912e08c0bdfeef31696544f09b74b1cd276d3551a1d3c4e3cc49749	e3b0c44298fc1c149afbf4c8996fb92427ae41e4649b934ca495991b7852b855	bea46ab4cf4adbeda551b0c6acc48c6474aa0a07a2c563bba580618b66d2c36b	false	false	true	true	true	-0x1.f3c60403d22e7p-36	-0x1.f3984b3629ffep-36	-0x1.f3c60403d22e7p-36	-0x1.f3984b3629ffep-36	true	true
609	305	D5	U08-0000000218_S09-0000000325	211	13	2	0	1	8	218	9	325	C0HORect2Set	DESCENDANT_PROBE_PASS	0	3190	63c386fedc234d5b90b31ee1e5547baffca3b0d12d941d02c1962f9db03d72e2	f803fb1fb8bc0536c60e4fea9f744220e1bbcbee32a008c80e2a183124a8f7ef	e9a2ca02aa1030a8092cf28d9c498569a6928940cd6050de8e11252841450644	130385b6e1ba25646ec87865a11a113d78f2abae899a93fa8280098ae6c37d27	e3b0c44298fc1c149afbf4c8996fb92427ae41e4649b934ca495991b7852b855	bea46ab4cf4adbeda551b0c6acc48c6474aa0a07a2c563bba580618b66d2c36b	false	false	true	true	true	-0x1.f3b7dd7b1275ap-36	-0x1.f38a2f3f3ee73p-36	-0x1.f3b7dd7b1275ap-36	-0x1.f38a2f3f3ee73p-36	true	true
610	305	D5	U08-0000000218_S09-0000000325	211	13	2	0	1	8	218	9	325	C0Rect2Set	DESCENDANT_PROBE_PASS	0	3127	63c386fedc234d5b90b31ee1e5547baffca3b0d12d941d02c1962f9db03d72e2	f803fb1fb8bc0536c60e4fea9f744220e1bbcbee32a008c80e2a183124a8f7ef	fcd15c1205eeee58ae7acc45f1d90cd965a442fd9e4af2514e2be5f46beb69f5	6b0f7ca7432f9039997a9e717e48448646219580230ac36cd8530c363788432f	e3b0c44298fc1c149afbf4c8996fb92427ae41e4649b934ca495991b7852b855	bea46ab4cf4adbeda551b0c6acc48c6474aa0a07a2c563bba580618b66d2c36b	false	false	true	true	true	-0x1.f3b7e2491856ap-36	-0x1.f38a2a719b6bep-36	-0x1.f3b7e2491856ap-36	-0x1.f38a2a719b6bep-36	true	true
611	306	D5	U08-0000000219_S09-0000000324	211	13	2	1	0	8	219	9	324	C0HORect2Set	DESCENDANT_PROBE_PASS	0	3167	e2d2f9ce625719e97fb1ea4ec50f08def66931bc141d57f8014e232632d0c78b	9564d9661b25aafde54f94d188af568e61501c1bb94953254f1ba5abcee2f2b8	0ce2eec39c28601d90ba0f97fde2744674558dc9c2cc1920e029569d9b7b21f1	cfa8bf3c01c3cedfeadde3509655ee095dc611aced484a2fc5152dafe0091dcf	e3b0c44298fc1c149afbf4c8996fb92427ae41e4649b934ca495991b7852b855	bea46ab4cf4adbeda551b0c6acc48c6474aa0a07a2c563bba580618b66d2c36b	false	false	true	true	true	-0x1.f3c43588bfb6dp-36	-0x1.f396866629302p-36	-0x1.f3c43588bfb6dp-36	-0x1.f396866629302p-36	true	true
612	306	D5	U08-0000000219_S09-0000000324	211	13	2	1	0	8	219	9	324	C0Rect2Set	DESCENDANT_PROBE_PASS	0	3127	e2d2f9ce625719e97fb1ea4ec50f08def66931bc141d57f8014e232632d0c78b	9564d9661b25aafde54f94d188af568e61501c1bb94953254f1ba5abcee2f2b8	d85dcb0f47a027cc104cc918e070d2183b71621ea94e8cab92c87c357f5c722b	89d55bc9dcb48a3e624acccb23a4968262931e82936ce5cd02427d7918713016	e3b0c44298fc1c149afbf4c8996fb92427ae41e4649b934ca495991b7852b855	bea46ab4cf4adbeda551b0c6acc48c6474aa0a07a2c563bba580618b66d2c36b	false	false	true	true	true	-0x1.f3c43a56fa40bp-36	-0x1.f396819851682p-36	-0x1.f3c43a56fa40bp-36	-0x1.f396819851682p-36	true	true
613	307	D5	U08-0000000219_S09-0000000325	211	13	2	1	1	8	219	9	325	C0HORect2Set	DESCENDANT_PROBE_PASS	0	3206	8f0cd5b18f34fabbfd1f92c74735c8b08ac3ccc184f90ac0896bbc6d66b98e91	c0a770d96029d90ee3f2befb18d5496ca899dc073e2ebe96bfc7a1ec9e2f1ccc	c415681c1071cbe09f20c1f2c4ca7e7bf61f7a6482a88b589aa2486e00c102d7	fcb435c560d8c09bad695ac05de1aa648019027331a51829d2bebf34b30158f1	e3b0c44298fc1c149afbf4c8996fb92427ae41e4649b934ca495991b7852b855	bea46ab4cf4adbeda551b0c6acc48c6474aa0a07a2c563bba580618b66d2c36b	false	false	true	true	true	-0x1.f3b613d75e023p-36	-0x1.f38865ab2656cp-36	-0x1.f3b613d75e023p-36	-0x1.f38865ab2656cp-36	true	true
614	307	D5	U08-0000000219_S09-0000000325	211	13	2	1	1	8	219	9	325	C0Rect2Set	DESCENDANT_PROBE_PASS	0	3096	8f0cd5b18f34fabbfd1f92c74735c8b08ac3ccc184f90ac0896bbc6d66b98e91	c0a770d96029d90ee3f2befb18d5496ca899dc073e2ebe96bfc7a1ec9e2f1ccc	96c7c134080ecb9763be104e0209581432195315b23936df22d83d5a34aeea8e	8d003d35d480c307dda84c4fcb3bb7986406b49110c0516f29bee6ebf61d0786	e3b0c44298fc1c149afbf4c8996fb92427ae41e4649b934ca495991b7852b855	bea46ab4cf4adbeda551b0c6acc48c6474aa0a07a2c563bba580618b66d2c36b	false	false	true	true	true	-0x1.f3b618a5b0b1fp-36	-0x1.f38860dd363bdp-36	-0x1.f3b618a5b0b1fp-36	-0x1.f38860dd363bdp-36	true	true
615	308	D5	U08-0000000220_S09-0000000320	225	14	0	0	0	8	220	9	320	C0HORect2Set	DESCENDANT_PROBE_PASS	0	3203	111cf03c5b3a7b14fb624004e27cc5ac40a93f77fb77e14b3a0f904ee7b0f2ed	f8cb180e62a70b9f4159eae3b0e42bad8c0ebe1f9d72e4ae3ba2bb75ff697ca3	999da8fcb15f482a595534080ee2aa1f2d64a53c93da3da2475e3550d0d3ee0c	77134e015be8f292787963ce37c7c90df54be7538ee870b038bc0fc162c220dc	e3b0c44298fc1c149afbf4c8996fb92427ae41e4649b934ca495991b7852b855	bea46ab4cf4adbeda551b0c6acc48c6474aa0a07a2c563bba580618b66d2c36b	false	false	true	true	true	-0x1.f3faf478ee85p-36	-0x1.f3cd418d3694ep-36	-0x1.f3faf478ee85p-36	-0x1.f3cd418d3694ep-36	true	true
616	308	D5	U08-0000000220_S09-0000000320	225	14	0	0	0	8	220	9	320	C0Rect2Set	DESCENDANT_PROBE_PASS	0	3097	111cf03c5b3a7b14fb624004e27cc5ac40a93f77fb77e14b3a0f904ee7b0f2ed	f8cb180e62a70b9f4159eae3b0e42bad8c0ebe1f9d72e4ae3ba2bb75ff697ca3	2756655986cc9d68cd2dceb7936a68563189077f8bc8606dfae06b754dee99b1	3620bcbd2729f3f97055e105203f1d8896e5ef6e31b175f148947bdd16f14eb0	e3b0c44298fc1c149afbf4c8996fb92427ae41e4649b934ca495991b7852b855	bea46ab4cf4adbeda551b0c6acc48c6474aa0a07a2c563bba580618b66d2c36b	false	false	true	true	true	-0x1.f3faf9478ed21p-36	-0x1.f3cd3cbef8786p-36	-0x1.f3faf9478ed21p-36	-0x1.f3cd3cbef8786p-36	true	true
617	309	D5	U08-0000000220_S09-0000000321	225	14	0	0	1	8	220	9	321	C0HORect2Set	DESCENDANT_PROBE_PASS	0	3224	1fb06c6cc75552075540d5b20f144d60373ab680863580f234a236e1ea057f1b	4713e49d3fa55944389248839b2ee93df0237b3ee4883de2665c77991a499793	6cc39a2898961091067afc5fec84d9fc6d0c14451b86364e517b44362a527c99	e75c7765fc92b5ba2e1b403e11549a0f20073237c37bceb3d8af77c7c8f81b09	e3b0c44298fc1c149afbf4c8996fb92427ae41e4649b934ca495991b7852b855	bea46ab4cf4adbeda551b0c6acc48c6474aa0a07a2c563bba580618b66d2c36b	false	false	true	true	true	-0x1.f3ecd204d481ep-36	-0x1.f3bf200f1f9a7p-36	-0x1.f3ecd204d481ep-36	-0x1.f3bf200f1f9a7p-36	true	true
618	309	D5	U08-0000000220_S09-0000000321	225	14	0	0	1	8	220	9	321	C0Rect2Set	DESCENDANT_PROBE_PASS	0	3076	1fb06c6cc75552075540d5b20f144d60373ab680863580f234a236e1ea057f1b	4713e49d3fa55944389248839b2ee93df0237b3ee4883de2665c77991a499793	7d1b8a91223eea1b5bec5d620d79d981508ebfc4660be35a508dd4929ffeca9c	aa45de4856243a91f5ee5612640a3987b491713170e5dd9bc43bdf0ae44c035b	e3b0c44298fc1c149afbf4c8996fb92427ae41e4649b934ca495991b7852b855	bea46ab4cf4adbeda551b0c6acc48c6474aa0a07a2c563bba580618b66d2c36b	false	false	true	true	true	-0x1.f3ecd6d356a2ep-36	-0x1.f3bf1b40ff188p-36	-0x1.f3ecd6d356a2ep-36	-0x1.f3bf1b40ff188p-36	true	true
619	310	D5	U08-0000000221_S09-0000000320	225	14	0	1	0	8	221	9	320	C0HORect2Set	DESCENDANT_PROBE_PASS	0	3172	e88a48ffd4b29a68e033483cb78e88468dac839b5ca366258e1a85265117b657	6268f9fde79ecc913a34072b3795e9d0ad68f041d22f1d185ebf7441730ed8cf	d371de1e47e933330277e9fad4dc42947396f218888639cbd72b93153d2a23d0	84f7bd7a10a3fa69d76a820bc302837eb067f96a544b299435ea40433901f3ba	e3b0c44298fc1c149afbf4c8996fb92427ae41e4649b934ca495991b7852b855	bea46ab4cf4adbeda551b0c6acc48c6474aa0a07a2c563bba580618b66d2c36b	false	false	true	true	true	-0x1.f3f92aa4a204ep-36	-0x1.f3cb77c7affp-36	-0x1.f3f92aa4a204ep-36	-0x1.f3cb77c7affp-36	true	true
620	310	D5	U08-0000000221_S09-0000000320	225	14	0	1	0	8	221	9	320	C0Rect2Set	DESCENDANT_PROBE_PASS	0	3110	e88a48ffd4b29a68e033483cb78e88468dac839b5ca366258e1a85265117b657	6268f9fde79ecc913a34072b3795e9d0ad68f041d22f1d185ebf7441730ed8cf	264e7eee9207e9ca5d3ce23bd74d7fb50b7f9cdc2b7a0c25632c57e3cea6fbd6	38215565e83b2544692f14b50ffdcea26163f34288cb55f35b14b08110f439e1	e3b0c44298fc1c149afbf4c8996fb92427ae41e4649b934ca495991b7852b855	bea46ab4cf4adbeda551b0c6acc48c6474aa0a07a2c563bba580618b66d2c36b	false	false	true	true	true	-0x1.f3f92f732c63ep-36	-0x1.f3cb72f987d87p-36	-0x1.f3f92f732c63ep-36	-0x1.f3cb72f987d87p-36	true	true
621	311	D5	U08-0000000221_S09-0000000321	225	14	0	1	1	8	221	9	321	C0HORect2Set	DESCENDANT_PROBE_PASS	0	3185	f06df1a5487dc0e75677fc6691ae7b2e79fd553d90cb676d2a49b28ad7969387	9b42af93c0e9c2683c1a8b92d30419289fc93b91147abadcf315d1c9cf70a9fb	8b50bebb0a2c7b4899fa3786bfe0c674ac7e2e980649f803ec1a99b2c918bb84	472edb636316c5112ba6efcf24b50fa9dcb83f57a882f6c0b977ba90f8bf3c0b	e3b0c44298fc1c149afbf4c8996fb92427ae41e4649b934ca495991b7852b855	bea46ab4cf4adbeda551b0c6acc48c6474aa0a07a2c563bba580618b66d2c36b	false	false	true	true	true	-0x1.f3eb0839f8d5dp-36	-0x1.f3bd56530b866p-36	-0x1.f3eb0839f8d5dp-36	-0x1.f3bd56530b866p-36	true	true
622	311	D5	U08-0000000221_S09-0000000321	225	14	0	1	1	8	221	9	321	C0Rect2Set	DESCENDANT_PROBE_PASS	0	3107	f06df1a5487dc0e75677fc6691ae7b2e79fd553d90cb676d2a49b28ad7969387	9b42af93c0e9c2683c1a8b92d30419289fc93b91147abadcf315d1c9cf70a9fb	8e7c208cf1137a16057c39f4032693460e22ad3fe0250c17d51245d8d2067360	2ebd8fde47835764fee4617758ab9cf1bfe7ea7e575db192f97693202eb54692	e3b0c44298fc1c149afbf4c8996fb92427ae41e4649b934ca495991b7852b855	bea46ab4cf4adbeda551b0c6acc48c6474aa0a07a2c563bba580618b66d2c36b	false	false	true	true	true	-0x1.f3eb0d086245dp-36	-0x1.f3bd518504755p-36	-0x1.f3eb0d086245dp-36	-0x1.f3bd518504755p-36	true	true
623	312	D5	U08-0000000220_S09-0000000322	226	14	1	0	0	8	220	9	322	C0HORect2Set	DESCENDANT_PROBE_PASS	0	3208	8af6b98fe887c6715ac681ef44a141f9fca0ba41c619c22199ae5f08292a3e95	4d9ae61396a8b302fbe1c8e05e89706e23956a553ce6c3f86a508594f1cb180d	d60775468564dd30a1632dd12c806d12459158d8d31b68ed44bb3ca5c67a33ff	27629040db5fc87455cb61abe17d9a0f9891128cc0fbfeeb2419be54c90cbe54	e3b0c44298fc1c149afbf4c8996fb92427ae41e4649b934ca495991b7852b855	bea46ab4cf4adbeda551b0c6acc48c6474aa0a07a2c563bba580618b66d2c36b	false	false	true	true	true	-0x1.f3deafc3f99bbp-36	-0x1.f3b0fec3f78a2p-36	-0x1.f3deafc3f99bbp-36	-0x1.f3b0fec3f78a2p-36	true	true
624	312	D5	U08-0000000220_S09-0000000322	226	14	1	0	0	8	220	9	322	C0Rect2Set	DESCENDANT_PROBE_PASS	0	3090	8af6b98fe887c6715ac681ef44a141f9fca0ba41c619c22199ae5f08292a3e95	4d9ae61396a8b302fbe1c8e05e89706e23956a553ce6c3f86a508594f1cb180d	fb987c17431584ece5c382cb44a720e3bfe9d5903b9ee872a567f061a04c7ab0	31c4d468c213edf47a6a3c27d718b7f06962da6890882cf523245bc43415e2c7	e3b0c44298fc1c149afbf4c8996fb92427ae41e4649b934ca495991b7852b855	bea46ab4cf4adbeda551b0c6acc48c6474aa0a07a2c563bba580618b66d2c36b	false	false	true	true	true	-0x1.f3deb49236a5cp-36	-0x1.f3b0f9f61c7f1p-36	-0x1.f3deb49236a5cp-36	-0x1.f3b0f9f61c7f1p-36	true	true
625	313	D5	U08-0000000220_S09-0000000323	226	14	1	0	1	8	220	9	323	C0HORect2Set	DESCENDANT_PROBE_PASS	0	3154	865762c5b02e33f64ba169ba6108fa321483f0aac9723306a464524cfda20e2d	55e89a74edf9f4d7bed6027d4d13effab801e02642ef1be5cd1aae2b6a5738dd	f6a86d9b3e553b694ef945cb87a51031e2150f32f66382d636b974319d4cb534	21252ed2dad5acc4fa4fb32818fb37a46750a5b941eef5efe7a39813c679622b	e3b0c44298fc1c149afbf4c8996fb92427ae41e4649b934ca495991b7852b855	bea46ab4cf4adbeda551b0c6acc48c6474aa0a07a2c563bba580618b66d2c36b	false	false	true	true	true	-0x1.f3d08db5fdbb6p-36	-0x1.f3a2ddac1cb53p-36	-0x1.f3d08db5fdbb6p-36	-0x1.f3a2ddac1cb53p-36	true	true
626	313	D5	U08-0000000220_S09-0000000323	226	14	1	0	1	8	220	9	323	C0Rect2Set	DESCENDANT_PROBE_PASS	0	3095	865762c5b02e33f64ba169ba6108fa321483f0aac9723306a464524cfda20e2d	55e89a74edf9f4d7bed6027d4d13effab801e02642ef1be5cd1aae2b6a5738dd	beb1cb1317cf08cbdb44645074b5a61031f29559fb444a945058026a1652dbe4	0bd266df8cc38c4c99b2e781684703d6bdd8345c6238375d222dacab2e7ce373	e3b0c44298fc1c149afbf4c8996fb92427ae41e4649b934ca495991b7852b855	bea46ab4cf4adbeda551b0c6acc48c6474aa0a07a2c563bba580618b66d2c36b	false	false	true	true	true	-0x1.f3d092842e7a1p-36	-0x1.f3a2d8de4e06bp-36	-0x1.f3d092842e7a1p-36	-0x1.f3a2d8de4e06bp-36	true	true
627	314	D5	U08-0000000221_S09-0000000322	226	14	1	1	0	8	221	9	322	C0HORect2Set	DESCENDANT_PROBE_PASS	0	3221	5c5fad1756b6790fd4e7b3d7b2aeb2c8c659448aaca460386fab5ebc72f6b3b3	a8023b870ae06a09ab0c1570b7bee7e6bfaf603c8952402a033c17d6ac732f77	7e89d4f336cea1fc1a70b0a8062443152defe901e6e93e4d0f48bb81ba91dc4b	9577ab47c50ddf743b73f6a327698df13ae24a825d7ca0a34cd6cd630234df27	e3b0c44298fc1c149afbf4c8996fb92427ae41e4649b934ca495991b7852b855	bea46ab4cf4adbeda551b0c6acc48c6474aa0a07a2c563bba580618b66d2c36b	false	false	true	true	true	-0x1.f3dce602545aep-36	-0x1.f3af351191d74p-36	-0x1.f3dce602545aep-36	-0x1.f3af351191d74p-36	true	true
628	314	D5	U08-0000000221_S09-0000000322	226	14	1	1	0	8	221	9	322	C0Rect2Set	DESCENDANT_PROBE_PASS	0	3050	5c5fad1756b6790fd4e7b3d7b2aeb2c8c659448aaca460386fab5ebc72f6b3b3	a8023b870ae06a09ab0c1570b7bee7e6bfaf603c8952402a033c17d6ac732f77	ea5e3995d240ef5812365a3759f3b23d30e742c37640eaf63347d9bba5b830d3	fcecc56345b7094039c8d2436cb00c13d4f51297cf3e43ba64c22ed33bf5ddb3	e3b0c44298fc1c149afbf4c8996fb92427ae41e4649b934ca495991b7852b855	bea46ab4cf4adbeda551b0c6acc48c6474aa0a07a2c563bba580618b66d2c36b	false	false	true	true	true	-0x1.f3dcead0b4e16p-36	-0x1.f3af304392b02p-36	-0x1.f3dcead0b4e16p-36	-0x1.f3af304392b02p-36	true	true
629	315	D5	U08-0000000221_S09-0000000323	226	14	1	1	1	8	221	9	323	C0HORect2Set	DESCENDANT_PROBE_PASS	0	3177	4633c4da14fc3abdd35efc85064bc78467b6f6e6a983b3419d13b3874183a1d7	9778bcf2785da93b2ad34cf9c068d772960b64ced358eec62cbba9491e35867a	839d6e713194b066f4a145214919284b00fd37a33b75ac6cd5d5940e17b4ff47	6a6c43ac7f1039ff76c536d856d4fd34987ad59ceac4c5b0e75e2c6272ac8869	e3b0c44298fc1c149afbf4c8996fb92427ae41e4649b934ca495991b7852b855	bea46ab4cf4adbeda551b0c6acc48c6474aa0a07a2c563bba580618b66d2c36b	false	false	true	true	true	-0x1.f3cec3fdb91a7p-36	-0x1.f3a114033ab42p-36	-0x1.f3cec3fdb91a7p-36	-0x1.f3a114033ab42p-36	true	true
630	315	D5	U08-0000000221_S09-0000000323	226	14	1	1	1	8	221	9	323	C0Rect2Set	DESCENDANT_PROBE_PASS	0	3101	4633c4da14fc3abdd35efc85064bc78467b6f6e6a983b3419d13b3874183a1d7	9778bcf2785da93b2ad34cf9c068d772960b64ced358eec62cbba9491e35867a	95ba5c3c1331e60b04c54dd27d0b9ace45a9c2f7e7acf6bc9665f6a9583265c7	a7951d7a55d981e5d5492e9c78f64352d63aded125ecdd9d95116823c54b96f8	e3b0c44298fc1c149afbf4c8996fb92427ae41e4649b934ca495991b7852b855	bea46ab4cf4adbeda551b0c6acc48c6474aa0a07a2c563bba580618b66d2c36b	false	false	true	true	true	-0x1.f3cec8cc1fc6cp-36	-0x1.f3a10f3535a0fp-36	-0x1.f3cec8cc1fc6cp-36	-0x1.f3a10f3535a0fp-36	true	true
631	316	D5	U08-0000000220_S09-0000000324	227	14	2	0	0	8	220	9	324	C0HORect2Set	DESCENDANT_PROBE_PASS	0	3196	c1b22e218659f5b5f618a9787fc3e5799e0d7a3ca0a6dfd0e47f28da7d7aaecb	5f3ea6c784baf58d0f6754e40cc0dd5f30f6f71a5dd3ae431c1bd3cde238eec5	f425974f4b16fd5aa3ac2461ad569bc4cfb514cac35ff6f122abc8e1dc25e706	18b6862b4c4391fe0f6bd475184c764b7d650415546c542c8e8ef42eda239112	e3b0c44298fc1c149afbf4c8996fb92427ae41e4649b934ca495991b7852b855	bea46ab4cf4adbeda551b0c6acc48c6474aa0a07a2c563bba580618b66d2c36b	false	false	true	true	true	-0x1.f3c26bdad11a1p-36	-0x1.f394bcc79f111p-36	-0x1.f3c26bdad11a1p-36	-0x1.f394bcc79f111p-36	true	true
632	316	D5	U08-0000000220_S09-0000000324	227	14	2	0	0	8	220	9	324	C0Rect2Set	DESCENDANT_PROBE_PASS	0	3081	c1b22e218659f5b5f618a9787fc3e5799e0d7a3ca0a6dfd0e47f28da7d7aaecb	5f3ea6c784baf58d0f6754e40cc0dd5f30f6f71a5dd3ae431c1bd3cde238eec5	eb238298ace7ec461863e41cf27bc7af16d1ec96cb18bddacc6084b8a999ec3a	9fb98f4435230aac39a8ce4bb93af303e293be07660bbfa7aacb22e33e13d703	e3b0c44298fc1c149afbf4c8996fb92427ae41e4649b934ca495991b7852b855	bea46ab4cf4adbeda551b0c6acc48c6474aa0a07a2c563bba580618b66d2c36b	false	false	true	true	true	-0x1.f3c270a942a3dp-36	-0x1.f394b7f98ed36p-36	-0x1.f3c270a942a3dp-36	-0x1.f394b7f98ed36p-36	true	true
633	317	D5	U08-0000000220_S09-0000000325	227	14	2	0	1	8	220	9	325	C0HORect2Set	DESCENDANT_PROBE_PASS	0	3172	dfcc71ceb77c68546189007371d328b9579322482e321216ef47afe35c497e9f	f57bda5409bf628be5e0764699daa84d31c2e4877f4c6ddabb601c0f4d0ef3c8	9479a623b86217df50ea0bb5283064f167d4d461700dc98dd133d495d10f17d4	91f3fe9c85df075bb14d2d22be776e9989169f143f9775e2deef3c3a7ec44f30	e3b0c44298fc1c149afbf4c8996fb92427ae41e4649b934ca495991b7852b855	bea46ab4cf4adbeda551b0c6acc48c6474aa0a07a2c563bba580618b66d2c36b	false	false	true	true	true	-0x1.f3b44a333ec2ep-36	-0x1.f3869c15b060dp-36	-0x1.f3b44a333ec2ep-36	-0x1.f3869c15b060dp-36	true	true
634	317	D5	U08-0000000220_S09-0000000325	227	14	2	0	1	8	220	9	325	C0Rect2Set	DESCENDANT_PROBE_PASS	0	3119	dfcc71ceb77c68546189007371d328b9579322482e321216ef47afe35c497e9f	f57bda5409bf628be5e0764699daa84d31c2e4877f4c6ddabb601c0f4d0ef3c8	3849458b27252170886f1534e546e919c45aa6ce8de2c435955ec09a299fa2cb	5eb43880c67859df71d42643c153a26baa47d119f8044de8d8fd297aa79b953b	e3b0c44298fc1c149afbf4c8996fb92427ae41e4649b934ca495991b7852b855	bea46ab4cf4adbeda551b0c6acc48c6474aa0a07a2c563bba580618b66d2c36b	false	false	true	true	true	-0x1.f3b44f0165495p-36	-0x1.f3869747eb62ep-36	-0x1.f3b44f0165495p-36	-0x1.f3869747eb62ep-36	true	true
635	318	D5	U08-0000000221_S09-0000000324	227	14	2	1	0	8	221	9	324	C0HORect2Set	DESCENDANT_PROBE_PASS	0	3254	5545134fd5c214c435d654b5dcc9a050b300a373a34d58020e4ad7087e4cda55	d0817b58fadea5ace6816a74705724d63bbe956e8f5a006c3a2e25f1e06923e0	1e72f72b8dde4226efcf6da74f7a6b37d4959aef5a3aa4a6c83b190466ebc33b	ab0e8f4ade450e540f2faaaab85055725c8cf8ce54c9b846e33bcfb5d02a82cd	e3b0c44298fc1c149afbf4c8996fb92427ae41e4649b934ca495991b7852b855	bea46ab4cf4adbeda551b0c6acc48c6474aa0a07a2c563bba580618b66d2c36b	false	false	true	true	true	-0x1.f3c0a22c5128ap-36	-0x1.f392f327dab97p-36	-0x1.f3c0a22c5128ap-36	-0x1.f392f327dab97p-36	true	true
636	318	D5	U08-0000000221_S09-0000000324	227	14	2	1	0	8	221	9	324	C0Rect2Set	DESCENDANT_PROBE_PASS	0	3052	5545134fd5c214c435d654b5dcc9a050b300a373a34d58020e4ad7087e4cda55	d0817b58fadea5ace6816a74705724d63bbe956e8f5a006c3a2e25f1e06923e0	2838952460fc46a95c9f48ad53b86d905466858e185cd642609ecc5c3a285a6a	4a00dd76c828dfa0de6e2ed3fa59c4e3996205e4eb14b3bb40eda58262b6be3c	e3b0c44298fc1c149afbf4c8996fb92427ae41e4649b934ca495991b7852b855	bea46ab4cf4adbeda551b0c6acc48c6474aa0a07a2c563bba580618b66d2c36b	false	false	true	true	true	-0x1.f3c0a6fa9f4b6p-36	-0x1.f392ee59ef166p-36	-0x1.f3c0a6fa9f4b6p-36	-0x1.f392ee59ef166p-36	true	true
637	319	D5	U08-0000000221_S09-0000000325	227	14	2	1	1	8	221	9	325	C0HORect2Set	DESCENDANT_PROBE_PASS	0	3219	250a1ef1803ce7531db59682384a66b39fbc143a69221f2ae7a7a3c772ad3ab4	8f1bfd09941fae4eb3d46d1a03cf8728c0f446d69679108733531f86ee68675b	6061030a472d46eb2a7b3e61071e1c9b40e72db754d1aa7c19d56a27501e01d6	a855302df6953c6ea0288ccc667fd199083d58aad90eb9300cb3ed2c78b392cd	e3b0c44298fc1c149afbf4c8996fb92427ae41e4649b934ca495991b7852b855	bea46ab4cf4adbeda551b0c6acc48c6474aa0a07a2c563bba580618b66d2c36b	false	false	true	true	true	-0x1.f3b2808df10b3p-36	-0x1.f384d27f9edb7p-36	-0x1.f3b2808df10b3p-36	-0x1.f384d27f9edb7p-36	true	true
638	319	D5	U08-0000000221_S09-0000000325	227	14	2	1	1	8	221	9	325	C0Rect2Set	DESCENDANT_PROBE_PASS	0	3065	250a1ef1803ce7531db59682384a66b39fbc143a69221f2ae7a7a3c772ad3ab4	8f1bfd09941fae4eb3d46d1a03cf8728c0f446d69679108733531f86ee68675b	99ee56419970aadbb785f25c200d3898cdaefc4428775e93cc10eeac8eb584e9	b420f3111f02440f965bbf41e3261c84fe7e1dba7ee8f5a84feb8c7235725f49	e3b0c44298fc1c149afbf4c8996fb92427ae41e4649b934ca495991b7852b855	bea46ab4cf4adbeda551b0c6acc48c6474aa0a07a2c563bba580618b66d2c36b	false	false	true	true	true	-0x1.f3b2855c37a69p-36	-0x1.f384cdb1ba1b7p-36	-0x1.f3b2855c37a69p-36	-0x1.f384cdb1ba1b7p-36	true	true
639	320	D5	U08-0000000222_S09-0000000320	241	15	0	0	0	8	222	9	320	C0HORect2Set	DESCENDANT_PROBE_PASS	0	3162	c2d0d3cce644e390a11ef4b545949a60e08c84d8a99117fe53a439778e15ab92	f9edbec3fb10d4b9d095eb447389aa91d5ee9c2abf2090c3fc30bb2f951f61ce	c152af1eb8838fce414f128d540ac7c30e297277dbf686b7ae1c197810fbed91	78e7b29fe84113c92a0dfc6b4e8da2d5a14a0b519a64e03929c29b919d447886	e3b0c44298fc1c149afbf4c8996fb92427ae41e4649b934ca495991b7852b855	bea46ab4cf4adbeda551b0c6acc48c6474aa0a07a2c563bba580618b66d2c36b	false	false	true	true	true	-0x1.f3f760cf75d5bp-36	-0x1.f3c9ae013f81p-36	-0x1.f3f760cf75d5bp-36	-0x1.f3c9ae013f81p-36	true	true
640	320	D5	U08-0000000222_S09-0000000320	241	15	0	0	0	8	222	9	320	C0Rect2Set	DESCENDANT_PROBE_PASS	0	3077	c2d0d3cce644e390a11ef4b545949a60e08c84d8a99117fe53a439778e15ab92	f9edbec3fb10d4b9d095eb447389aa91d5ee9c2abf2090c3fc30bb2f951f61ce	e928efbff8bf36a539d3d66564bae1909d49ca070a4c54cab86360b0d73135ee	0fab96313a6bb4061379b69dd6e1115917b85659678e7c043f005959e322ab79	e3b0c44298fc1c149afbf4c8996fb92427ae41e4649b934ca495991b7852b855	bea46ab4cf4adbeda551b0c6acc48c6474aa0a07a2c563bba580618b66d2c36b	false	false	true	true	true	-0x1.f3f7659de2d5ap-36	-0x1.f3c9a9333447dp-36	-0x1.f3f7659de2d5ap-36	-0x1.f3c9a9333447dp-36	true	true
641	321	D5	U08-0000000222_S09-0000000321	241	15	0	0	1	8	222	9	321	C0HORect2Set	DESCENDANT_PROBE_PASS	0	3147	1b07fc088c592da3f563b40b293033062c713cdda2e495a553c040df53a36f75	ad08db3c4d9d587c92df0bb962401be8ffcf1c882cda48851f08127e93f1c325	ce3fc396da1f765de8a3bc170d79e7c563340709787c3c95ad3fde11ead8fe03	c0b240fcc6a40f4e686148b7514bb4a4b15165366b66cbad00eeec87a400eb4f	e3b0c44298fc1c149afbf4c8996fb92427ae41e4649b934ca495991b7852b855	bea46ab4cf4adbeda551b0c6acc48c6474aa0a07a2c563bba580618b66d2c36b	false	false	true	true	true	-0x1.f3e93e6e04cf7p-36	-0x1.f3bb8c9646d99p-36	-0x1.f3e93e6e04cf7p-36	-0x1.f3bb8c9646d99p-36	true	true
642	321	D5	U08-0000000222_S09-0000000321	241	15	0	0	1	8	222	9	321	C0Rect2Set	DESCENDANT_PROBE_PASS	0	3124	1b07fc088c592da3f563b40b293033062c713cdda2e495a553c040df53a36f75	ad08db3c4d9d587c92df0bb962401be8ffcf1c882cda48851f08127e93f1c325	99a1abf986f36e010761600fd6c7d4b146e7d5f5dff08472a43a5b20a32a06b7	5d655a7bda73d6a41cec6ca4ec15cb6410aaf9048d68fc01b81286bbf6fceba6	e3b0c44298fc1c149afbf4c8996fb92427ae41e4649b934ca495991b7852b855	bea46ab4cf4adbeda551b0c6acc48c6474aa0a07a2c563bba580618b66d2c36b	false	false	true	true	true	-0x1.f3e9433c8b916p-36	-0x1.f3bb87c822c5ep-36	-0x1.f3e9433c8b916p-36	-0x1.f3bb87c822c5ep-36	true	true
643	322	D5	U08-0000000223_S09-0000000320	241	15	0	1	0	8	223	9	320	C0HORect2Set	DESCENDANT_PROBE_PASS	0	3149	578b06766e6df943690c0e9f70c9f5c621d3d85a1724e9ee76d976e8eaa98b3b	a88df463253b309d7cf07e71bac264b985b99d484334d84fbf891295a90d36d8	b2044b0ab13f6a9555d0269d9678e18682c017b25c14e77d23d476ed370fa714	cbfcb78493c4d69365c8a3d189d6f296d5ff2bd0640d6db8a52e9a6ba91719ea	e3b0c44298fc1c149afbf4c8996fb92427ae41e4649b934ca495991b7852b855	bea46ab4cf4adbeda551b0c6acc48c6474aa0a07a2c563bba580618b66d2c36b	false	false	true	true	true	-0x1.f3f596f9759fcp-36	-0x1.f3c7e439d9734p-36	-0x1.f3f596f9759fcp-36	-0x1.f3c7e439d9734p-36	true	true
644	322	D5	U08-0000000223_S09-0000000320	241	15	0	1	0	8	223	9	320	C0Rect2Set	DESCENDANT_PROBE_PASS	0	3050	578b06766e6df943690c0e9f70c9f5c621d3d85a1724e9ee76d976e8eaa98b3b	a88df463253b309d7cf07e71bac264b985b99d484334d84fbf891295a90d36d8	4ccafc1339a02623cb5829da2d2bd211a9a4bcc80085e59599cd52994b18dfa5	9a6550d632636485d6c93e2f4c8840ba44e7e0d9b119e3c8f656ec64b06c3ee9	e3b0c44298fc1c149afbf4c8996fb92427ae41e4649b934ca495991b7852b855	bea46ab4cf4adbeda551b0c6acc48c6474aa0a07a2c563bba580618b66d2c36b	false	false	true	true	true	-0x1.f3f59bc7b3949p-36	-0x1.f3c7df6bfdabfp-36	-0x1.f3f59bc7b3949p-36	-0x1.f3c7df6bfdabfp-36	true	true
645	323	D5	U08-0000000223_S09-0000000321	241	15	0	1	1	8	223	9	321	C0HORect2Set	DESCENDANT_PROBE_PASS	0	3235	d34b2bb0132a179fadcc2d0ab1163d9a6ff3fc5ec5f3a656ef6a178f9d78d261	26bcbab655aca7b3c46854b9c53c5be79b615edff2b2b7100c0eb80d4acd5e3b	a0e5b096c735b48e829dac3e22a368015ffeb11d42ed2ecae8c8d3833cd51df6	0e413786c6a2deb4eacf2ed776664bf12f2a17ec7660d520843177ceeb7491ad	e3b0c44298fc1c149afbf4c8996fb92427ae41e4649b934ca495991b7852b855	bea46ab4cf4adbeda551b0c6acc48c6474aa0a07a2c563bba580618b66d2c36b	false	false	true	true	true	-0x1.f3e774a16801fp-36	-0x1.f3b9c2d8621d7p-36	-0x1.f3e774a16801fp-36	-0x1.f3b9c2d8621d7p-36	true	true
646	323	D5	U08-0000000223_S09-0000000321	241	15	0	1	1	8	223	9	321	C0Rect2Set	DESCENDANT_PROBE_PASS	0	3046	d34b2bb0132a179fadcc2d0ab1163d9a6ff3fc5ec5f3a656ef6a178f9d78d261	26bcbab655aca7b3c46854b9c53c5be79b615edff2b2b7100c0eb80d4acd5e3b	5391613ce7a28fa68c0791bd4461e7cc9efd35373732f5bdf5b84c64b97892a4	2ba774f8c65e627baf8443832169af80891b0d7c49da7dbe00bbb97c8bdc7a51	e3b0c44298fc1c149afbf4c8996fb92427ae41e4649b934ca495991b7852b855	bea46ab4cf4adbeda551b0c6acc48c6474aa0a07a2c563bba580618b66d2c36b	false	false	true	true	true	-0x1.f3e7796fce44cp-36	-0x1.f3b9be0a5de7bp-36	-0x1.f3e7796fce44cp-36	-0x1.f3b9be0a5de7bp-36	true	true
647	324	D5	U08-0000000222_S09-0000000322	242	15	1	0	0	8	222	9	322	C0HORect2Set	DESCENDANT_PROBE_PASS	0	3130	5cf72dbcb3ddb44c492aef934ce6425c295f556653ed49af27c7bbeda1874766	199113a40b5d9c68d9ebd5326a1c4b937d6b2361ff3137fe9b1596ba2676fed2	8caf15aa5766a4e0d8523eab79b9e83fa84067bcdd4d1c423642c301f32e5aae	bd67f2646e9f8d6b5719dfca20b1fd00a3d4e2204d45f1a9743f3b554af62d97	e3b0c44298fc1c149afbf4c8996fb92427ae41e4649b934ca495991b7852b855	bea46ab4cf4adbeda551b0c6acc48c6474aa0a07a2c563bba580618b66d2c36b	false	false	true	true	true	-0x1.f3db1c400cc48p-36	-0x1.f3ad6b5e04947p-36	-0x1.f3db1c400cc48p-36	-0x1.f3ad6b5e04947p-36	true	true
648	324	D5	U08-0000000222_S09-0000000322	242	15	1	0	0	8	222	9	322	C0Rect2Set	DESCENDANT_PROBE_PASS	0	3045	5cf72dbcb3ddb44c492aef934ce6425c295f556653ed49af27c7bbeda1874766	199113a40b5d9c68d9ebd5326a1c4b937d6b2361ff3137fe9b1596ba2676fed2	81d2198c57c7f85af57759645506cd81ef6e6cf64e54f071a0597cc477131aac	640b1b7401767920acccef875d84beee3fc1f5bb25071262459efe84fc71f620	e3b0c44298fc1c149afbf4c8996fb92427ae41e4649b934ca495991b7852b855	bea46ab4cf4adbeda551b0c6acc48c6474aa0a07a2c563bba580618b66d2c36b	false	false	true	true	true	-0x1.f3db210e50f61p-36	-0x1.f3ad669022335p-36	-0x1.f3db210e50f61p-36	-0x1.f3ad669022335p-36	true	true
649	325	D5	U08-0000000222_S09-0000000323	242	15	1	0	1	8	222	9	323	C0HORect2Set	DESCENDANT_PROBE_PASS	0	3149	6a871fb7e0a9f838a67bfe3dcba0ce368f5b983cb33ba96810b503a01928f8d1	c8fd435eab67e3a68f215b1e9e0b482606aa9ff7ec8ef8f91b497982541259ee	1751b93988f75423eb43a9c376706be1e548d45618fc71d2b6eeefd498a61270	4170650df6b7561bb16b5094e2c51674478fea9c91f542ff3e90397304ff84ed	e3b0c44298fc1c149afbf4c8996fb92427ae41e4649b934ca495991b7852b855	bea46ab4cf4adbeda551b0c6acc48c6474aa0a07a2c563bba580618b66d2c36b	false	false	true	true	true	-0x1.f3ccfa45054bap-36	-0x1.f39f4a58fd5ffp-36	-0x1.f3ccfa45054bap-36	-0x1.f39f4a58fd5ffp-36	true	true
650	325	D5	U08-0000000222_S09-0000000323	242	15	1	0	1	8	222	9	323	C0Rect2Set	DESCENDANT_PROBE_PASS	0	3041	6a871fb7e0a9f838a67bfe3dcba0ce368f5b983cb33ba96810b503a01928f8d1	c8fd435eab67e3a68f215b1e9e0b482606aa9ff7ec8ef8f91b497982541259ee	740318dc642de69bd96ba9c218b53a394b190a1d506fef51fac20a4f20a243d6	c237aaaf5d5004322b2257d8bcabd48b2b6431bde6dff5c0845752ee80fbff8a	e3b0c44298fc1c149afbf4c8996fb92427ae41e4649b934ca495991b7852b855	bea46ab4cf4adbeda551b0c6acc48c6474aa0a07a2c563bba580618b66d2c36b	false	false	true	true	true	-0x1.f3ccff132aec9p-36	-0x1.f39f458b39d41p-36	-0x1.f3ccff132aec9p-36	-0x1.f39f458b39d41p-36	true	true
651	326	D5	U08-0000000223_S09-0000000322	242	15	1	1	0	8	223	9	322	C0HORect2Set	DESCENDANT_PROBE_PASS	0	3165	b6fc8263620d0a533cd6df80704549a4c93212c6eba896762374c03a3347d21b	844aec7b0cac3f367bb80b822a8f566528a12b8bd32306cf01e5a8feccc2591c	af312561220c028719acaf0de4ed99f6ef788d529a66428e364691e2edb4172f	2b942aed38ecc8743f8ad9561af8d1da74885cfa2a6d5f9abe0781e3d579c9e7	e3b0c44298fc1c149afbf4c8996fb92427ae41e4649b934ca495991b7852b855	bea46ab4cf4adbeda551b0c6acc48c6474aa0a07a2c563bba580618b66d2c36b	false	false	true	true	true	-0x1.f3d952800a361p-36	-0x1.f3aba1a66acaep-36	-0x1.f3d952800a361p-36	-0x1.f3aba1a66acaep-36	true	true
652	326	D5	U08-0000000223_S09-0000000322	242	15	1	1	0	8	223	9	322	C0Rect2Set	DESCENDANT_PROBE_PASS	0	3050	b6fc8263620d0a533cd6df80704549a4c93212c6eba896762374c03a3347d21b	844aec7b0cac3f367bb80b822a8f566528a12b8bd32306cf01e5a8feccc2591c	b1926b69727b8e4513e080e2e24e063b754869316fe0a77d80584c88f319cb7e	a4ca114a201131ce3eaa2a65c7fb2cb4c8911d07dd3ffe09aaa709014231a6a9	e3b0c44298fc1c149afbf4c8996fb92427ae41e4649b934ca495991b7852b855	bea46ab4cf4adbeda551b0c6acc48c6474aa0a07a2c563bba580618b66d2c36b	false	false	true	true	true	-0x1.f3d9574b09154p-36	-0x1.f3ab9cdbcc3c1p-36	-0x1.f3d9574b09154p-36	-0x1.f3ab9cdbcc3c1p-36	true	true
653	327	D5	U08-0000000223_S09-0000000323	242	15	1	1	1	8	223	9	323	C0HORect2Set	DESCENDANT_PROBE_PASS	0	3148	df5692782c085a16537ac95b3f9a2a2143cc4e07d7d2beebec321b054297703a	266a66836838c05ac19bdd9df97044a2c303f9d83c3bf2f1ac53b86b43d92c34	5e30602b211ac54854bcf7d19833083e822e41aacfbf89ef60418d886af4a9e1	1a064feb264a74118e79e2bd1d90b371c44d89f06e37f027a428282decefceb3	e3b0c44298fc1c149afbf4c8996fb92427ae41e4649b934ca495991b7852b855	bea46ab4cf4adbeda551b0c6acc48c6474aa0a07a2c563bba580618b66d2c36b	false	false	true	true	true	-0x1.f3cb308e6ef3cp-36	-0x1.f39d80aadbdbcp-36	-0x1.f3cb308e6ef3cp-36	-0x1.f39d80aadbdbcp-36	true	true
654	327	D5	U08-0000000223_S09-0000000323	242	15	1	1	1	8	223	9	323	C0Rect2Set	DESCENDANT_PROBE_PASS	0	3035	df5692782c085a16537ac95b3f9a2a2143cc4e07d7d2beebec321b054297703a	266a66836838c05ac19bdd9df97044a2c303f9d83c3bf2f1ac53b86b43d92c34	cb909e3ad757fecfe0bbde784654fcf2d64cd686f01ea9d9f0cad12847b0e668	8ccb61d4373c0e07d87f316959ede0b06eae30041af6fdb2fab1ef5092c63fda	e3b0c44298fc1c149afbf4c8996fb92427ae41e4649b934ca495991b7852b855	bea46ab4cf4adbeda551b0c6acc48c6474aa0a07a2c563bba580618b66d2c36b	false	false	true	true	true	-0x1.f3cb355cec788p-36	-0x1.f39d7bdcbfed6p-36	-0x1.f3cb355cec788p-36	-0x1.f39d7bdcbfed6p-36	true	true
655	328	D5	U08-0000000222_S09-0000000324	243	15	2	0	0	8	222	9	324	C0HORect2Set	DESCENDANT_PROBE_PASS	0	3136	8fc7e7ca89ab63d5e34ee525adf2b75fed7801666689de4e429454310bc386b3	c3e8a3bbfa8161fc415b5acdc5dfaf4069ea31149a5be99ca8453dcc37e2bc8e	3f6223e1a62a165d2db11bba16803579ca538fe985c90d8dff8e93ade19a1954	5aa398461b99ed33b70ca3b587973e72c92ecf162274a157c888f5e2f554c25d	e3b0c44298fc1c149afbf4c8996fb92427ae41e4649b934ca495991b7852b855	bea46ab4cf4adbeda551b0c6acc48c6474aa0a07a2c563bba580618b66d2c36b	false	false	true	true	true	-0x1.f3bed87cec43bp-36	-0x1.f3912987335a7p-36	-0x1.f3bed87cec43bp-36	-0x1.f3912987335a7p-36	true	true
656	328	D5	U08-0000000222_S09-0000000324	243	15	2	0	0	8	222	9	324	C0Rect2Set	DESCENDANT_PROBE_PASS	0	3044	8fc7e7ca89ab63d5e34ee525adf2b75fed7801666689de4e429454310bc386b3	c3e8a3bbfa8161fc415b5acdc5dfaf4069ea31149a5be99ca8453dcc37e2bc8e	78c844d951bcc9ce24431747905829446fc243aca6183ba6297fbb4ab5a71cb5	0d67f2277747e36707d10d47b09e199af659de6ddcb9d73f22bb4922910a243f	e3b0c44298fc1c149afbf4c8996fb92427ae41e4649b934ca495991b7852b855	bea46ab4cf4adbeda551b0c6acc48c6474aa0a07a2c563bba580618b66d2c36b	false	false	true	true	true	-0x1.f3bedd4b1cacap-36	-0x1.f39124b965325p-36	-0x1.f3bedd4b1cacap-36	-0x1.f39124b965325p-36	true	true
657	329	D5	U08-0000000222_S09-0000000325	243	15	2	0	1	8	222	9	325	C0HORect2Set	DESCENDANT_PROBE_PASS	0	3208	b6fc847e0c87a7187fdfecc2dfd864d2cea0a52c240ddd0b65ad70f1891f6236	6f0c4b30b3b4fd168c1d1c1b2ef63dad8001fba5d648f21bf1c684d2676482e4	2470a6fdf8d0b58730f184642f4d0c9ebdcdf12bbd2a6b08aa2fc2c9a4318a6f	1a4f91a6ffc426a2a2e61eaf130613795c89df9c0e0aa07d81a783a202caaf5f	e3b0c44298fc1c149afbf4c8996fb92427ae41e4649b934ca495991b7852b855	bea46ab4cf4adbeda551b0c6acc48c6474aa0a07a2c563bba580618b66d2c36b	false	false	true	true	true	-0x1.f3b0b6e7f390ep-36	-0x1.f38308e873cdbp-36	-0x1.f3b0b6e7f390ep-36	-0x1.f38308e873cdbp-36	true	true
658	329	D5	U08-0000000222_S09-0000000325	243	15	2	0	1	8	222	9	325	C0Rect2Set	DESCENDANT_PROBE_PASS	0	3037	b6fc847e0c87a7187fdfecc2dfd864d2cea0a52c240ddd0b65ad70f1891f6236	6f0c4b30b3b4fd168c1d1c1b2ef63dad8001fba5d648f21bf1c684d2676482e4	5f12b72487968b97b0a979d006e4cfdad47c65fa7c800a8fdfc33715a7158794	3e770ba5aea4f06865d810504719b1cdaa8ffc7cbf3a56b3b0f52ed32e573f52	e3b0c44298fc1c149afbf4c8996fb92427ae41e4649b934ca495991b7852b855	bea46ab4cf4adbeda551b0c6acc48c6474aa0a07a2c563bba580618b66d2c36b	false	false	true	true	true	-0x1.f3b0bbb624417p-36	-0x1.f383041aa4ec2p-36	-0x1.f3b0bbb624417p-36	-0x1.f383041aa4ec2p-36	true	true
659	330	D5	U08-0000000223_S09-0000000324	243	15	2	1	0	8	223	9	324	C0HORect2Set	DESCENDANT_PROBE_PASS	0	3203	b256cf4163e194b39860021cd91bd6a284194e20f943f72fd7e99d7d93c90eae	4450c27ab06f6b6a190ed120bb6f99ac0700da1516cf66aaeaa7c317f27e815a	f1688d1b2e3237b23f1dfe93b3f1eb0233dfbd53f230d54b2768a43aaeee0a53	e8e0cf2fa2d44a57f5adab6010808d4f719f91b1da71835d52b5a1f9e889cf55	e3b0c44298fc1c149afbf4c8996fb92427ae41e4649b934ca495991b7852b855	bea46ab4cf4adbeda551b0c6acc48c6474aa0a07a2c563bba580618b66d2c36b	false	false	true	true	true	-0x1.f3bd0ecfe080ap-36	-0x1.f38f5fe26b762p-36	-0x1.f3bd0ecfe080ap-36	-0x1.f38f5fe26b762p-36	true	true
660	330	D5	U08-0000000223_S09-0000000324	243	15	2	1	0	8	223	9	324	C0Rect2Set	DESCENDANT_PROBE_PASS	0	3035	b256cf4163e194b39860021cd91bd6a284194e20f943f72fd7e99d7d93c90eae	4450c27ab06f6b6a190ed120bb6f99ac0700da1516cf66aaeaa7c317f27e815a	0e7ae4a773dce4c3d54dddc67e7e9860b6285f90896955316a0c884065ac8dca	6b3036f04f7ca3d26682e4e0c2b60135d429a8829836f145bdf4755d555b88a2	e3b0c44298fc1c149afbf4c8996fb92427ae41e4649b934ca495991b7852b855	bea46ab4cf4adbeda551b0c6acc48c6474aa0a07a2c563bba580618b66d2c36b	false	false	true	true	true	-0x1.f3bd139e51341p-36	-0x1.f38f5b145c938p-36	-0x1.f3bd139e51341p-36	-0x1.f38f5b145c938p-36	true	true
661	331	D5	U08-0000000223_S09-0000000325	243	15	2	1	1	8	223	9	325	C0HORect2Set	DESCENDANT_PROBE_PASS	0	3168	0e8be43c736fc8431924042021fb39cb4f94711c90bb93fc7684279044601f3a	c8dbb9a2cb5db4b27da939152c2e6c12988d26277ed311ea241ecbd82a36330a	eed9a0a80321169ce780a4de740d74b008b40cf4c3bc0d4f46601cce5e1860d6	d13dc157f0a053d9289605b88cb7f4b20c894268fd41729937b2c7960b6de6ea	e3b0c44298fc1c149afbf4c8996fb92427ae41e4649b934ca495991b7852b855	bea46ab4cf4adbeda551b0c6acc48c6474aa0a07a2c563bba580618b66d2c36b	false	false	true	true	true	-0x1.f3aeed44bd0a7p-36	-0x1.f3813f4cb9b82p-36	-0x1.f3aeed44bd0a7p-36	-0x1.f3813f4cb9b82p-36	true	true
662	331	D5	U08-0000000223_S09-0000000325	243	15	2	1	1	8	223	9	325	C0Rect2Set	DESCENDANT_PROBE_PASS	0	3041	0e8be43c736fc8431924042021fb39cb4f94711c90bb93fc7684279044601f3a	c8dbb9a2cb5db4b27da939152c2e6c12988d26277ed311ea241ecbd82a36330a	1da7360d2a2da0881d0c9da27554880893e2115022879141b73b244673573f91	a54448c029da2fd91c0bd6d6aa6809fab6e0e37b02363c2ea1f99f2ac2de0a81	e3b0c44298fc1c149afbf4c8996fb92427ae41e4649b934ca495991b7852b855	bea46ab4cf4adbeda551b0c6acc48c6474aa0a07a2c563bba580618b66d2c36b	false	false	true	true	true	-0x1.f3aef212c896dp-36	-0x1.f3813a7f10adfp-36	-0x1.f3aef212c896dp-36	-0x1.f3813a7f10adfp-36	true	true
