INSTANCE seed=4000 n=50 m=220
p cnf 50 220
23 -33 28 0
38 33 13 0
10 -14 24 0
50 23 3 0
26 -33 -10 0
15 -16 3 0
32 -33 -8 0
36 29 -46 0
-35 17 25 0
-20 -27 9 0
26 -9 29 0
16 10 -21 0
16 -39 -17 0
15 1 -25 0
-25 -1 35 0
8 -22 29 0
5 -3 -29 0
24 -18 -31 0
4 13 -38 0
47 -1 -49 0
12 -7 15 0
22 -36 30 0
-29 -23 -24 0
-6 42 -44 0
14 44 5 0
-25 16 17 0
-44 47 13 0
-48 23 11 0
-44 42 6 0
-21 -42 -10 0
-14 -4 -6 0
-37 21 -23 0
23 48 -29 0
-46 4 -1 0
8 -39 -28 0
46 26 -22 0
34 -14 -8 0
35 28 15 0
29 49 -3 0
-32 27 -6 0
11 -9 14 0
16 29 36 0
15 -45 21 0
-8 -50 44 0
17 -14 -40 0
-13 17 15 0
-47 -44 -26 0
-15 24 25 0
-50 -33 -41 0
22 -24 9 0
-15 -42 3 0
-33 19 -7 0
-29 1 -37 0
30 23 -13 0
-40 -26 24 0
42 25 -45 0
-32 6 13 0
-21 -8 -49 0
-8 37 -35 0
-42 24 -13 0
-9 -42 30 0
-28 9 45 0
38 32 -9 0
-34 5 -17 0
38 -48 45 0
49 2 44 0
44 37 43 0
28 -10 20 0
23 -17 22 0
-17 21 -18 0
10 -13 -12 0
-20 -16 -8 0
-1 -9 15 0
-45 32 -48 0
-6 50 -19 0
30 -28 39 0
-37 -44 -39 0
1 -38 -15 0
12 40 38 0
-13 5 -48 0
14 24 49 0
34 27 -47 0
-50 32 -14 0
-7 -16 19 0
-43 38 -47 0
11 -40 -30 0
-50 20 -39 0
2 -16 -33 0
-42 -37 20 0
-11 5 43 0
39 -4 40 0
-23 41 35 0
33 -24 34 0
-6 -40 50 0
-47 -17 -38 0
-38 19 13 0
7 -18 -9 0
38 25 22 0
32 16 -31 0
32 -2 -1 0
-10 28 -2 0
38 44 -22 0
-23 -2 35 0
44 16 50 0
42 12 -15 0
46 -42 9 0
36 -47 3 0
-36 30 18 0
-37 33 -22 0
-9 -6 11 0
-1 30 49 0
-15 -40 -16 0
10 15 -8 0
9 29 41 0
12 15 -29 0
24 -28 35 0
-9 -19 -7 0
-50 2 21 0
31 -10 -28 0
-23 -12 -15 0
44 -14 -37 0
-35 -29 -27 0
4 -29 23 0
-30 3 7 0
-1 -31 -10 0
-4 20 9 0
39 -40 -23 0
43 41 36 0
18 -33 34 0
29 14 -33 0
-29 -43 2 0
-1 -30 -26 0
-17 14 -46 0
49 9 -31 0
-48 -17 -37 0
-41 17 -16 0
7 -41 11 0
21 -25 2 0
3 -20 -50 0
-21 4 36 0
-9 -24 -50 0
23 2 8 0
-16 -8 40 0
27 41 22 0
41 27 31 0
-33 9 15 0
22 -10 -11 0
-33 22 47 0
-47 17 -4 0
-16 14 5 0
-44 22 14 0
36 48 2 0
6 -41 -29 0
10 48 -37 0
18 -6 -39 0
-49 30 32 0
2 45 16 0
-34 7 44 0
-13 -29 -44 0
37 -33 -8 0
-37 29 -38 0
-38 -12 -44 0
9 -36 -26 0
2 -4 -7 0
30 18 22 0
30 -42 -10 0
31 -33 -47 0
-10 14 9 0
14 -31 19 0
44 46 -14 0
44 21 -37 0
29 -11 9 0
15 48 -46 0
39 10 12 0
-5 17 -45 0
29 -12 -45 0
-50 -18 42 0
8 -27 29 0
-16 49 -11 0
-22 26 6 0
19 46 -42 0
30 -7 -38 0
28 -9 -46 0
30 15 48 0
-42 -8 47 0
31 38 -45 0
-37 -48 -36 0
33 -34 -7 0
-16 -15 45 0
47 21 2 0
-7 41 -8 0
-27 -42 -10 0
26 -49 8 0
4 32 -3 0
19 42 -1 0
-47 -44 -2 0
-23 13 22 0
-10 -7 33 0
9 14 2 0
-44 48 10 0
1 -16 18 0
-34 -21 3 0
-40 17 -49 0
14 11 -19 0
5 -50 49 0
26 28 11 0
14 11 -24 0
-20 -46 26 0
43 22 -15 0
50 -12 -42 0
-48 -15 10 0
31 -10 -9 0
19 -37 43 0
23 -46 47 0
-44 -25 -1 0
15 50 -21 0
50 16 21 0
-50 -8 28 0
23 3 12 0
-17 -46 -21 0
RESULT seed=4000 sm=1 pm=0 result=1 decisions=56 conflicts=92
RESULT seed=4000 sm=3 pm=0 result=1 decisions=52 conflicts=83
RESULT seed=4000 sm=1 pm=1 result=1 decisions=66 conflicts=106
RESULT seed=4000 sm=3 pm=1 result=1 decisions=77 conflicts=133
INSTANCE seed=4001 n=50 m=220
p cnf 50 220
-49 -33 -20 0
49 39 -48 0
16 -31 13 0
-15 -33 -50 0
-45 37 4 0
11 8 29 0
26 -34 -43 0
-36 20 -27 0
-47 -19 -49 0
-31 24 6 0
8 -33 -13 0
17 29 -49 0
-28 2 -15 0
22 43 -46 0
-20 42 -15 0
22 -32 -8 0
-5 -47 -16 0
-13 -30 -21 0
31 -41 -6 0
-48 34 45 0
23 -41 -44 0
-27 11 -24 0
10 6 7 0
18 21 34 0
8 -33 9 0
49 -19 -43 0
-45 -32 -1 0
-11 -29 -48 0
6 -5 25 0
-38 -8 11 0
-39 -49 -28 0
-34 40 -12 0
-2 17 47 0
-26 -42 -48 0
-12 14 38 0
-2 -43 21 0
-24 -6 21 0
-26 28 35 0
32 -26 -22 0
-10 -34 -26 0
-9 22 13 0
41 -23 -19 0
-36 -20 -2 0
16 38 41 0
-31 -22 -24 0
20 3 -35 0
31 -46 42 0
-9 27 24 0
-7 -35 -5 0
-44 5 41 0
22 -23 -26 0
21 -33 -3 0
-48 -15 7 0
30 -9 -24 0
-13 44 -45 0
-34 -14 42 0
6 -14 -42 0
-8 -30 -28 0
-33 -11 -42 0
20 -33 -25 0
21 -19 26 0
13 -34 2 0
-29 -34 39 0
43 1 -17 0
9 -15 -30 0
2 -22 18 0
-27 -3 21 0
-29 4 38 0
-47 12 -3 0
30 -27 3 0
10 -20 49 0
11 -28 -7 0
-45 44 18 0
-5 -40 -41 0
-19 11 -32 0
35 24 3 0
-26 -31 -32 0
-2 48 49 0
-19 47 -25 0
-39 -25 49 0
-27 17 -11 0
-7 -40 15 0
34 -43 -44 0
1 41 11 0
-23 22 36 0
17 33 -9 0
-5 15 47 0
5 22 15 0
-10 -14 16 0
19 -23 9 0
11 13 -37 0
24 -31 39 0
-20 49 25 0
33 -43 3 0
14 -25 -33 0
-26 -2 17 0
43 -33 7 0
-25 -50 48 0
-16 -41 -6 0
-41 -49 -12 0
24 -49 -50 0
-38 -23 -10 0
43 -44 -42 0
-8 -9 -13 0
29 -3 27 0
42 -40 -15 0
-42 16 -33 0
-30 -23 7 0
-37 43 44 0
16 22 -46 0
-9 -36 10 0
-4 -18 28 0
-34 45 -25 0
33 -13 -17 0
47 -11 32 0
-47 35 -40 0
-28 7 -45 0
32 2 41 0
30 -31 43 0
-21 4 -18 0
-23 11 -21 0
-43 -17 -11 0
-22 19 -31 0
-8 -39 10 0
31 6 -43 0
-8 31 -12 0
4 -23 50 0
35 -42 45 0
5 -30 14 0
-26 -37 43 0
23 -10 15 0
-18 17 19 0
-29 -48 -31 0
20 -35 -22 0
28 49 37 0
-13 -25 14 0
-12 9 -21 0
6 -40 -41 0
-15 -44 9 0
-5 -20 16 0
-32 -22 15 0
-19 -47 -46 0
-47 34 15 0
-20 28 1 0
-5 16 14 0
38 23 -8 0
-31 1 -29 0
3 31 -26 0
-27 -44 14 0
50 -7 24 0
-34 -45 -25 0
46 -45 -44 0
20 4 31 0
-5 2 33 0
-10 -48 11 0
-26 41 -3 0
-41 23 -16 0
-33 48 17 0
47 -33 14 0
15 -40 6 0
15 -39 38 0
-33 -38 36 0
-50 -4 23 0
-17 42 -27 0
19 50 -11 0
-21 -29 2 0
1 48 45 0
-16 -13 -49 0
-24 35 11 0
11 16 -10 0
-12 -42 -5 0
50 30 8 0
-41 11 -25 0
-18 50 -43 0
17 12 -34 0
-31 21 18 0
35 17 47 0
29 27 33 0
22 -42 -17 0
2 30 -29 0
21 -15 20 0
15 6 20 0
34 -25 -2 0
31 1 -10 0
-33 -9 3 0
-30 -12 -7 0
8 15 16 0
39 -22 36 0
-16 12 -13 0
3 35 -31 0
44 -25 21 0
23 -37 -47 0
-43 25 48 0
43 -47 -48 0
-14 43 -41 0
50 17 16 0
-42 1 -20 0
-33 -35 18 0
38 37 -33 0
38 -37 -18 0
11 -41 -27 0
-19 36 3 0
25 10 -27 0
-33 -8 4 0
12 -15 22 0
-15 31 -33 0
24 -7 22 0
-47 -24 -40 0
-14 -6 -18 0
-12 8 -14 0
19 36 -49 0
-32 26 20 0
-48 24 -40 0
39 38 3 0
-24 44 -39 0
-13 4 -21 0
2 14 19 0
45 -1 48 0
7 23 -27 0
11 44 -34 0
RESULT seed=4001 sm=1 pm=0 result=0 decisions=129 conflicts=259
RESULT seed=4001 sm=3 pm=0 result=0 decisions=202 conflicts=405
RESULT seed=4001 sm=1 pm=1 result=0 decisions=114 conflicts=229
RESULT seed=4001 sm=3 pm=1 result=0 decisions=142 conflicts=285
INSTANCE seed=4002 n=50 m=220
p cnf 50 220
25 -34 12 0
-9 45 34 0
21 48 2 0
-30 -43 -46 0
13 41 -47 0
6 49 5 0
19 -34 -28 0
37 -11 7 0
-8 -22 -24 0
42 21 -4 0
39 -8 46 0
17 48 -27 0
40 15 13 0
-29 43 37 0
36 -34 -47 0
26 -12 -49 0
42 34 -29 0
37 -14 23 0
10 48 37 0
12 5 -32 0
-8 -13 -17 0
-2 -22 -17 0
-29 35 -46 0
18 22 -25 0
-31 -34 40 0
20 28 19 0
-41 13 -34 0
-26 -1 17 0
-41 -2 -6 0
-41 -29 -35 0
38 5 -45 0
-47 9 -2 0
-36 -19 35 0
3 -18 -26 0
2 -3 -43 0
50 -30 17 0
-4 46 -31 0
11 -46 -3 0
-6 -34 -4 0
-41 38 -8 0
29 -13 34 0
29 34 3 0
12 -19 -36 0
19 -24 -31 0
-35 -32 31 0
-15 -27 20 0
20 -47 10 0
32 -17 24 0
46 -18 11 0
27 -8 29 0
-9 -7 27 0
-33 -44 -36 0
27 2 -16 0
-29 -12 17 0
-42 31 33 0
43 30 28 0
-21 -22 30 0
-9 -28 -5 0
-28 34 27 0
11 -35 -24 0
6 -3 -11 0
-46 -40 -45 0
-13 31 46 0
48 -2 4 0
12 -46 -2 0
5 -21 16 0
41 4 -26 0
-40 50 10 0
9 8 -46 0
-25 -45 23 0
11 42 45 0
41 -16 29 0
8 -9 37 0
21 -7 -46 0
17 -45 22 0
-18 -20 39 0
-16 -7 30 0
21 -6 22 0
-41 -49 -27 0
9 44 -17 0
-37 42 -8 0
12 -22 28 0
50 -44 40 0
-36 -4 39 0
7 -30 32 0
-11 -34 46 0
-28 37 50 0
-7 -16 20 0
-25 41 -42 0
-49 -31 -29 0
-9 5 2 0
-12 -8 2 0
33 -31 43 0
-32 28 -14 0
-42 46 35 0
10 24 37 0
33 11 -48 0
4 -5 21 0
18 -25 11 0
-19 -18 -10 0
48 -15 -1 0
8 -13 -50 0
21 -4 -47 0
-38 1 5 0
37 6 3 0
-28 3 -21 0
-39 -29 19 0
6 9 -35 0
-7 -49 -5 0
11 35 26 0
29 -36 -45 0
20 7 33 0
32 -8 -6 0
10 43 9 0
14 16 -47 0
49 -41 17 0
21 48 46 0
41 2 -22 0
-20 -38 -17 0
7 -48 17 0
-19 -47 -37 0
-40 -6 -7 0
7 -48 -43 0
-4 -10 -44 0
18 46 -15 0
4 6 -8 0
-4 -49 -6 0
9 47 -40 0
49 24 -42 0
-44 -17 46 0
23 -12 -41 0
37 34 32 0
8 -33 -29 0
48 -44 -22 0
-36 47 15 0
-45 37 -16 0
38 9 25 0
20 24 1 0
-7 -26 49 0
33 29 -49 0
-45 -8 -17 0
-25 10 -41 0
-42 -31 -37 0
-12 -8 -33 0
-41 40 46 0
40 9 13 0
7 48 29 0
-48 -45 28 0
-29 7 -42 0
-12 -46 49 0
-35 -13 46 0
-28 37 -31 0
-11 1 35 0
-9 -18 37 0
-44 -29 35 0
31 -30 -21 0
-24 -10 -21 0
-6 -23 47 0
28 -31 -8 0
-7 20 42 0
-26 12 -15 0
-4 -46 30 0
46 -3 24 0
37 -3 -49 0
-1 40 39 0
23 -32 20 0
-21 18 9 0
-24 22 32 0
29 46 18 0
45 -3 -10 0
-10 44 -12 0
40 11 -45 0
4 23 -8 0
2 -38 -20 0
-28 11 16 0
-20 49 16 0
18 34 46 0
-48 20 37 0
43 15 14 0
-4 -43 28 0
-17 34 19 0
33 27 -24 0
-34 -25 20 0
-35 -17 10 0
-44 50 -20 0
13 3 27 0
-33 -27 35 0
46 -30 9 0
39 48 -16 0
-10 40 24 0
15 -16 -48 0
36 -4 15 0
-16 -43 40 0
20 37 18 0
27 -7 -3 0
-17 -12 -14 0
47 -35 49 0
17 3 48 0
26 -20 -41 0
-8 12 -22 0
42 25 22 0
3 -22 4 0
21 29 17 0
13 -49 18 0
-45 14 -11 0
40 30 -13 0
-41 21 -3 0
-29 32 23 0
10 32 37 0
-42 -1 -10 0
14 -49 16 0
-26 19 35 0
30 25 -9 0
31 45 -34 0
38 45 -28 0
27 -8 -5 0
-1 7 -5 0
-16 -35 -27 0
-16 47 -36 0
-15 16 -30 0
RESULT seed=4002 sm=1 pm=0 result=0 decisions=77 conflicts=155
RESULT seed=4002 sm=3 pm=0 result=0 decisions=115 conflicts=231
RESULT seed=4002 sm=1 pm=1 result=0 decisions=72 conflicts=145
RESULT seed=4002 sm=3 pm=1 result=0 decisions=81 conflicts=163
INSTANCE seed=4003 n=50 m=220
p cnf 50 220
-50 -34 4 0
20 1 -19 0
-26 -15 -41 0
45 -3 42 0
-31 -44 -40 0
2 40 30 0
13 35 -5 0
17 -39 9 0
47 -9 46 0
13 42 21 0
-32 30 -17 0
17 6 -1 0
-27 11 -36 0
-15 -18 -42 0
-26 -28 -10 0
-7 -9 35 0
-25 28 44 0
-36 20 -38 0
-41 -37 45 0
32 -49 -6 0
17 42 45 0
28 -19 18 0
-26 16 -43 0
-13 -21 38 0
-6 14 35 0
-46 -40 41 0
8 15 45 0
40 32 31 0
26 -22 -23 0
25 -30 -39 0
-1 29 -41 0
42 5 4 0
-8 -10 44 0
-26 2 8 0
38 -44 -29 0
24 6 -18 0
41 -37 -20 0
-38 -31 47 0
50 -1 32 0
27 -41 13 0
-43 -11 -35 0
-27 -20 15 0
-32 15 33 0
10 -37 -42 0
-36 -25 26 0
-50 -1 23 0
-47 -31 -21 0
19 -37 35 0
-39 -17 7 0
-37 40 15 0
45 -28 12 0
27 -42 24 0
33 -30 27 0
-42 17 21 0
32 -48 -37 0
-3 21 18 0
-11 26 -33 0
24 7 13 0
-1 37 23 0
40 -38 45 0
-28 -46 -39 0
-46 -27 -4 0
3 -7 28 0
-29 50 32 0
13 28 8 0
43 -10 -25 0
-27 -15 48 0
20 -41 49 0
16 -1 12 0
-13 -40 21 0
-4 50 -21 0
-24 5 37 0
23 -50 -14 0
-29 -11 -50 0
16 -24 -6 0
-32 -28 -41 0
-14 -46 13 0
-50 -29 28 0
-13 35 47 0
-17 -5 -16 0
-5 42 16 0
-45 35 21 0
-17 -15 -29 0
-22 48 -40 0
-46 7 1 0
9 7 4 0
17 -2 49 0
48 -47 -30 0
-8 7 -11 0
37 -4 -47 0
40 -31 23 0
47 -48 25 0
43 47 6 0
-5 -48 -3 0
11 9 -49 0
-25 -36 31 0
-29 13 44 0
38 -2 -39 0
26 15 -2 0
16 -46 12 0
-23 -19 24 0
34 44 43 0
46 13 -14 0
20 32 -9 0
-22 -28 -50 0
5 32 -46 0
12 26 -5 0
17 -6 -48 0
36 -13 29 0
42 24 -28 0
26 10 39 0
-8 -36 17 0
-33 35 16 0
15 -44 40 0
26 13 47 0
-27 -42 40 0
41 -27 -26 0
45 40 4 0
-28 -7 -49 0
-48 42 -18 0
38 19 -47 0
-30 -10 -14 0
-25 7 11 0
7 49 -15 0
-43 -20 -31 0
13 12 -28 0
9 -24 2 0
1 18 11 0
41 24 10 0
45 -14 -36 0
-13 -11 46 0
36 43 17 0
-7 5 -43 0
37 30 10 0
35 6 -50 0
5 -50 8 0
50 20 23 0
15 -19 13 0
16 -19 -46 0
26 -41 50 0
37 18 -22 0
14 -17 -11 0
-16 49 -24 0
22 47 3 0
-7 -15 8 0
17 37 -26 0
33 37 -39 0
-9 42 40 0
45 -42 -48 0
-31 10 12 0
-35 -7 -50 0
-12 -9 37 0
-3 -7 10 0
-22 -1 -25 0
50 -9 -14 0
-9 -16 -32 0
-16 41 30 0
41 -22 -39 0
-25 -16 13 0
6 -21 38 0
-36 12 43 0
46 49 -22 0
23 43 41 0
-48 20 -27 0
-22 -35 30 0
19 4 -30 0
39 40 -25 0
-4 -25 19 0
26 -16 -44 0
-8 23 11 0
-50 -5 -4 0
-28 -7 40 0
13 4 20 0
6 -16 11 0
-18 32 26 0
50 -12 47 0
3 -8 -36 0
-41 -34 26 0
4 -47 -22 0
-46 -38 42 0
-48 16 -15 0
18 2 -14 0
46 -39 8 0
-23 -17 11 0
-9 26 40 0
39 -11 -18 0
-27 9 14 0
-9 33 -5 0
-36 19 -22 0
-35 -29 -20 0
-26 38 -34 0
-27 -46 48 0
-28 19 3 0
40 -23 -21 0
22 -30 -48 0
15 23 -10 0
-34 1 -45 0
-33 -36 7 0
-16 39 -3 0
-30 -25 -22 0
-40 -32 -24 0
-50 -15 28 0
35 16 -6 0
8 45 -23 0
14 -16 -18 0
39 27 -7 0
-22 16 31 0
-8 -9 -2 0
-45 31 27 0
19 -4 48 0
-4 -7 9 0
12 2 37 0
29 -8 36 0
-40 35 -17 0
-10 -7 -47 0
-47 28 4 0
48 37 -14 0
14 -20 -26 0
-12 35 48 0
46 -45 -10 0
RESULT seed=4003 sm=1 pm=0 result=1 decisions=74 conflicts=125
RESULT seed=4003 sm=3 pm=0 result=1 decisions=74 conflicts=118
RESULT seed=4003 sm=1 pm=1 result=1 decisions=37 conflicts=46
RESULT seed=4003 sm=3 pm=1 result=1 decisions=37 conflicts=51
INSTANCE seed=4004 n=50 m=220
p cnf 50 220
26 34 -46 0
-30 -8 4 0
-31 -32 -30 0
11 -13 -38 0
50 48 34 0
-48 31 6 0
-7 36 48 0
-37 43 -19 0
-32 -27 22 0
15 14 -49 0
-3 6 -13 0
-18 -36 34 0
13 -40 -9 0
42 36 49 0
48 -18 -9 0
-44 -2 -19 0
29 -15 -28 0
50 -9 -16 0
16 33 36 0
-27 -9 -16 0
-5 20 18 0
32 8 -5 0
-29 -47 -17 0
-31 3 5 0
-49 23 25 0
15 41 22 0
-38 29 -6 0
-4 -30 -24 0
-39 11 -6 0
11 16 -12 0
6 -34 -49 0
-33 -20 -2 0
6 14 48 0
-18 42 -49 0
-6 34 -2 0
50 48 -4 0
-37 -5 -10 0
40 -48 -28 0
18 -6 -5 0
36 -5 24 0
19 43 7 0
3 4 -16 0
-18 -33 -36 0
11 -24 49 0
-48 -21 -47 0
20 -35 -40 0
13 -43 -27 0
-3 35 19 0
-36 -41 18 0
-44 -21 -5 0
-33 12 13 0
6 -4 -46 0
-24 32 -22 0
44 -10 21 0
-22 -41 12 0
-19 31 -46 0
-12 37 33 0
41 8 49 0
-6 -4 -11 0
-38 23 46 0
4 -24 28 0
23 -29 -8 0
23 11 30 0
30 -31 2 0
33 -4 26 0
19 22 11 0
25 -48 5 0
-21 10 -44 0
-37 -31 10 0
-47 13 14 0
-3 -25 -30 0
-49 44 -31 0
-24 12 2 0
-32 16 36 0
19 50 -31 0
42 43 -34 0
39 -40 22 0
37 12 -44 0
21 -30 47 0
33 -3 6 0
-42 2 21 0
-37 5 32 0
-46 -31 5 0
29 46 -24 0
-45 -25 50 0
34 -19 26 0
32 6 11 0
-6 -28 5 0
-45 43 10 0
-47 17 -3 0
39 -32 36 0
-13 -26 -9 0
44 -29 -5 0
-22 -16 -25 0
-42 -26 17 0
27 -11 -17 0
-30 12 -16 0
18 21 -42 0
-21 -26 4 0
6 46 -47 0
4 -48 41 0
31 27 -22 0
-5 -48 36 0
-37 5 10 0
5 50 31 0
34 35 6 0
-4 48 -43 0
-9 -18 47 0
-13 5 35 0
-31 -32 41 0
-13 -1 -18 0
30 -41 36 0
50 4 -6 0
25 30 13 0
-9 -31 -50 0
-17 25 -8 0
49 -22 -7 0
11 -8 6 0
31 42 47 0
-49 -35 50 0
13 -43 -9 0
15 -7 -8 0
15 37 -13 0
43 -15 -7 0
-14 -26 34 0
27 -8 -5 0
19 -29 7 0
-37 41 28 0
45 11 50 0
13 -32 -42 0
-2 32 16 0
14 35 40 0
-41 32 -42 0
45 -13 34 0
-46 11 35 0
-48 35 -2 0
7 -18 -10 0
-42 -29 -47 0
-8 -48 35 0
-17 -36 -26 0
36 -18 31 0
42 -41 3 0
33 6 -37 0
-6 -32 29 0
45 35 -28 0
-44 46 -27 0
-16 -2 -13 0
28 -34 -17 0
-37 -6 -38 0
32 6 21 0
-49 -34 42 0
21 30 -25 0
48 -2 35 0
30 38 -27 0
-13 -18 21 0
5 28 -18 0
-36 -5 -26 0
45 1 -39 0
-29 5 50 0
14 -34 -41 0
-25 15 -16 0
38 10 18 0
-38 -33 39 0
-12 46 -5 0
-12 42 20 0
26 32 -27 0
-46 31 23 0
37 -14 -17 0
-46 45 -27 0
-44 3 50 0
27 20 -48 0
-8 -4 -45 0
-22 45 -3 0
29 -2 -30 0
19 -26 33 0
-5 -18 -31 0
5 1 -4 0
8 13 -50 0
8 -28 -26 0
24 41 -10 0
26 -9 50 0
-10 13 -6 0
11 -2 -38 0
27 14 36 0
43 -33 -48 0
-7 36 17 0
25 5 -13 0
-31 -46 -13 0
-25 5 15 0
2 33 12 0
-44 15 -18 0
-23 6 -44 0
21 -13 -26 0
-9 35 -3 0
16 19 -43 0
-47 -11 37 0
-41 20 -43 0
23 -42 -32 0
-48 -8 -10 0
42 40 -2 0
34 6 28 0
-40 -9 36 0
-31 36 -43 0
7 39 31 0
23 20 -37 0
9 28 -21 0
-6 32 49 0
-46 35 -7 0
-7 -19 -26 0
44 -25 14 0
39 -11 40 0
10 29 39 0
9 -43 24 0
-18 14 -45 0
49 39 5 0
39 -42 -26 0
-39 13 15 0
-15 -14 -46 0
9 27 42 0
-31 44 49 0
RESULT seed=4004 sm=1 pm=0 result=1 decisions=16 conflicts=7
RESULT seed=4004 sm=3 pm=0 result=1 decisions=18 conflicts=9
RESULT seed=4004 sm=1 pm=1 result=1 decisions=13 conflicts=4
RESULT seed=4004 sm=3 pm=1 result=1 decisions=13 conflicts=4
INSTANCE seed=4005 n=50 m=220
p cnf 50 220
-2 34 38 0
-41 -14 -40 0
-36 49 -18 0
-26 -23 34 0
18 2 -27 0
-44 23 31 0
-50 37 33 0
-38 35 -49 0
43 30 47 0
-26 -11 -46 0
-35 31 -47 0
-18 -4 12 0
-25 2 7 0
49 -7 -30 0
-3 10 41 0
-28 -47 29 0
22 6 28 0
-7 -32 -12 0
-44 -25 35 0
10 -36 -33 0
-3 -23 -44 0
47 -2 49 0
-29 -28 2 0
37 18 21 0
8 -43 17 0
12 -47 -48 0
-37 -13 42 0
43 -44 2 0
38 -41 31 0
46 -9 -48 0
-49 -31 28 0
11 17 20 0
-5 -27 41 0
19 45 -29 0
12 28 -10 0
16 -6 -5 0
14 -5 -29 0
-7 -31 17 0
40 35 48 0
23 -12 10 0
-2 23 7 0
41 -49 -1 0
-19 -31 -48 0
-41 -25 -38 0
3 10 -1 0
-47 18 46 0
9 -49 -21 0
41 -6 -20 0
6 -14 -12 0
42 2 21 0
4 -19 23 0
-20 -5 18 0
-41 -35 -50 0
-29 22 40 0
48 31 -32 0
33 -50 28 0
43 -14 -22 0
-38 -15 -3 0
33 -31 -41 0
-22 8 7 0
15 44 -7 0
25 14 -20 0
-18 -14 5 0
-14 -21 41 0
18 14 19 0
11 32 -6 0
-38 20 40 0
-25 47 45 0
26 -12 49 0
34 -14 7 0
-31 -30 -50 0
-10 4 -28 0
50 11 8 0
37 -50 -11 0
13 48 -22 0
-23 -39 41 0
-4 -24 -27 0
8 35 -11 0
47 3 30 0
47 48 -36 0
-11 1 3 0
-9 -17 -31 0
-49 -47 19 0
14 20 25 0
-21 -18 20 0
-34 14 16 0
49 -47 -11 0
43 10 19 0
-36 4 -23 0
41 -7 -19 0
21 -36 -1 0
8 49 -39 0
-30 -35 -1 0
-35 44 -28 0
3 -30 -42 0
2 -39 20 0
-16 29 -23 0
6 42 26 0
-5 23 -4 0
21 13 5 0
-18 31 21 0
5 -31 -10 0
28 -41 10 0
22 -28 -26 0
-10 -18 -9 0
8 43 -27 0
-34 -19 -16 0
-14 -17 -39 0
-46 24 -7 0
-31 14 -36 0
33 -18 -13 0
16 -1 12 0
-37 -14 31 0
27 16 -50 0
34 -38 -42 0
49 -44 -39 0
-44 15 -28 0
42 -1 3 0
-6 -16 -1 0
32 -2 -21 0
45 -44 -48 0
45 -46 -3 0
-22 20 12 0
42 41 -44 0
-20 -38 -22 0
-41 7 -45 0
-2 -46 22 0
-31 -38 -22 0
-22 37 38 0
-33 -13 3 0
-5 -42 25 0
-49 9 -28 0
47 -21 -36 0
14 34 12 0
6 -25 31 0
-49 6 4 0
-22 -43 46 0
4 -38 -19 0
-28 -48 41 0
-7 -41 -3 0
28 1 18 0
-27 -42 37 0
-9 16 26 0
20 -38 -25 0
41 -29 36 0
-4 39 50 0
20 49 40 0
47 -35 -3 0
-34 -23 -16 0
50 -12 45 0
-38 -41 -35 0
-32 -15 18 0
23 38 13 0
26 -2 36 0
17 -22 -5 0
46 43 -29 0
-3 44 13 0
20 27 -18 0
29 38 44 0
16 -36 24 0
-10 38 -35 0
-24 -33 20 0
-30 1 19 0
17 -32 36 0
19 -24 -42 0
19 -12 43 0
-42 -43 40 0
44 16 -37 0
-28 -19 30 0
-34 11 -32 0
-39 -3 -35 0
9 -1 -4 0
-23 -24 -30 0
-48 -20 -32 0
41 -50 37 0
-34 -40 24 0
-37 4 12 0
-19 -21 44 0
42 5 -46 0
36 -45 47 0
1 -50 -24 0
-27 12 -23 0
34 -4 -3 0
7 34 -29 0
44 39 31 0
-38 -45 -20 0
25 4 -42 0
-32 -39 20 0
30 -42 48 0
-36 37 -17 0
-2 35 -43 0
-12 -43 -48 0
41 -20 7 0
27 44 -3 0
37 43 -35 0
22 -20 45 0
-9 14 -35 0
50 -14 2 0
-33 -34 -27 0
14 -16 15 0
-32 31 8 0
28 -40 -37 0
23 -47 49 0
11 -38 -20 0
20 21 45 0
42 -26 -45 0
-24 21 34 0
-49 -48 33 0
30 -42 36 0
-6 47 50 0
-3 -25 23 0
-3 -21 8 0
24 46 -49 0
-49 -33 -12 0
37 25 12 0
-23 -45 32 0
-29 -2 26 0
-30 6 5 0
-41 -15 36 0
-25 -27 -49 0
RESULT seed=4005 sm=1 pm=0 result=0 decisions=63 conflicts=127
RESULT seed=4005 sm=3 pm=0 result=0 decisions=46 conflicts=93
RESULT seed=4005 sm=1 pm=1 result=0 decisions=53 conflicts=107
RESULT seed=4005 sm=3 pm=1 result=0 decisions=47 conflicts=95
INSTANCE seed=4006 n=50 m=220
p cnf 50 220
28 34 30 0
2 -20 25 0
-42 16 7 0
-41 33 -30 0
-36 -6 20 0
-40 14 7 0
-44 -38 -18 0
38 -26 -30 0
5 33 21 0
-38 7 -44 0
-17 5 30 0
18 -23 40 0
-37 -15 4 0
-6 28 -11 0
9 1 22 0
-13 -42 39 0
16 47 -28 0
-13 -5 -8 0
22 -18 -35 0
-42 13 -50 0
-1 -27 -19 0
12 -45 -43 0
29 9 38 0
43 34 36 0
17 -13 10 0
10 -3 -24 0
-35 -46 -27 0
-32 8 -30 0
36 21 -6 0
-31 -3 -36 0
36 7 23 0
16 -36 -9 0
11 13 10 0
25 -37 -13 0
-15 20 -7 0
-46 42 -15 0
38 -36 -29 0
-18 -27 7 0
37 -42 12 0
17 1 19 0
30 -50 36 0
-6 16 43 0
34 40 -44 0
9 -6 29 0
21 2 10 0
-44 9 -33 0
38 -2 -7 0
20 -30 -37 0
-17 38 41 0
29 -7 11 0
-5 8 -14 0
-47 31 21 0
49 -19 -6 0
24 -36 -4 0
-1 13 49 0
31 7 34 0
22 2 -3 0
44 1 33 0
49 -30 37 0
49 -10 48 0
-12 -2 -6 0
-27 4 24 0
-31 7 -10 0
37 41 30 0
1 40 -12 0
15 31 8 0
-15 41 -26 0
-14 -10 -1 0
36 -21 10 0
31 10 35 0
11 -46 -33 0
39 43 7 0
39 33 43 0
-48 40 1 0
38 -30 -22 0
-46 4 -50 0
-12 39 42 0
-36 -11 43 0
-22 48 -1 0
-49 47 -4 0
16 -38 -31 0
-19 31 -7 0
5 -21 27 0
13 33 31 0
-14 40 1 0
-8 -33 -32 0
23 -21 19 0
45 -19 -32 0
-38 -16 -4 0
6 41 5 0
-9 29 34 0
4 5 7 0
-22 12 11 0
-21 15 30 0
4 -13 -14 0
-30 19 33 0
-49 34 43 0
5 -3 20 0
2 17 -44 0
-38 -47 21 0
-28 -4 22 0
-14 21 7 0
-44 -25 -14 0
8 -20 -19 0
-22 -14 -8 0
-22 9 46 0
-30 32 29 0
26 10 -49 0
-49 17 50 0
40 38 17 0
-14 -6 33 0
-37 -38 7 0
45 32 15 0
13 -38 5 0
48 16 18 0
-29 -36 -1 0
-42 44 -23 0
7 -17 -36 0
-24 -31 -8 0
32 12 47 0
17 -47 -8 0
20 -31 -8 0
-45 -40 -29 0
-39 -18 50 0
6 49 1 0
-48 -15 -20 0
-29 41 -49 0
44 35 -15 0
-49 -40 -18 0
-33 31 -41 0
-21 13 26 0
47 -46 -13 0
47 3 16 0
-40 -18 44 0
-4 -25 -43 0
-32 -29 -45 0
-34 3 -8 0
39 -10 20 0
-25 -43 9 0
-38 -6 28 0
-2 32 28 0
31 28 22 0
28 27 -19 0
43 46 42 0
-26 6 18 0
14 -23 -4 0
15 -43 -24 0
13 19 -44 0
-27 -32 1 0
30 -14 27 0
29 -2 -40 0
5 -38 22 0
11 45 32 0
-38 15 9 0
27 -2 39 0
13 -1 -20 0
36 -26 24 0
-15 -29 24 0
39 -19 -16 0
33 36 12 0
-12 48 33 0
-4 -38 10 0
-30 28 -7 0
-21 41 42 0
-29 2 27 0
43 12 45 0
-17 32 18 0
-43 6 47 0
-31 -49 -30 0
-22 37 12 0
-25 -43 -31 0
-7 8 39 0
-2 42 -8 0
17 1 -15 0
-22 37 6 0
-31 28 -29 0
49 29 -21 0
-17 -12 -18 0
9 19 41 0
14 41 -49 0
-2 -23 12 0
-31 -2 -40 0
37 42 19 0
-26 -48 12 0
6 40 -5 0
-49 -17 3 0
29 35 -43 0
25 3 -34 0
-29 -48 -40 0
-22 44 11 0
-21 -39 -36 0
-37 -5 -45 0
-1 -7 14 0
-50 44 29 0
47 38 5 0
-17 -24 -16 0
-44 6 -34 0
48 8 45 0
6 8 18 0
-33 -36 -46 0
9 34 26 0
47 -44 40 0
38 2 41 0
33 -45 18 0
-19 -5 30 0
6 -30 33 0
17 43 -23 0
12 39 -9 0
41 8 -28 0
36 29 11 0
46 10 -35 0
27 3 -8 0
5 17 30 0
-34 -20 -25 0
-36 45 -34 0
-5 -14 24 0
-44 39 -37 0
46 -15 50 0
-4 37 -41 0
-7 23 24 0
RESULT seed=4006 sm=1 pm=0 result=0 decisions=68 conflicts=137
RESULT seed=4006 sm=3 pm=0 result=0 decisions=99 conflicts=199
RESULT seed=4006 sm=1 pm=1 result=0 decisions=60 conflicts=121
RESULT seed=4006 sm=3 pm=1 result=0 decisions=68 conflicts=137
INSTANCE seed=4007 n=50 m=220
p cnf 50 220
-3 -35 -22 0
-12 -26 11 0
-47 -33 46 0
6 43 -26 0
5 -9 -14 0
-35 5 33 0
-38 -39 -3 0
39 -17 10 0
16 -35 45 0
49 4 41 0
49 29 -14 0
19 -42 -12 0
-21 36 -13 0
-49 43 15 0
43 -3 -47 0
-37 49 9 0
-37 27 -20 0
28 4 50 0
10 34 25 0
40 -17 -49 0
-30 45 -27 0
38 37 -28 0
41 -24 -50 0
-49 -2 -26 0
-33 2 7 0
-10 50 -33 0
29 13 21 0
22 8 -35 0
1 -31 -16 0
46 24 23 0
-32 17 20 0
5 -48 17 0
49 28 -31 0
-29 -47 19 0
11 36 -7 0
20 39 -22 0
-8 4 7 0
-47 -32 -7 0
-45 -39 36 0
-29 26 1 0
49 -48 -5 0
-41 -38 -17 0
-10 -19 -40 0
14 -17 46 0
48 -5 45 0
34 8 -43 0
12 -42 44 0
-7 2 -29 0
-39 -35 -6 0
-49 -33 48 0
47 -39 -34 0
49 -30 -50 0
-8 30 -36 0
17 -26 16 0
9 28 -41 0
1 -36 -34 0
-21 36 24 0
6 -21 49 0
-17 29 42 0
-22 10 -45 0
-1 -47 2 0
44 21 -42 0
49 -35 40 0
46 -4 -25 0
44 16 9 0
37 1 17 0
23 -14 -44 0
-5 47 32 0
-38 50 41 0
-41 47 9 0
42 11 -44 0
40 -13 18 0
-12 -8 47 0
-20 44 39 0
10 33 -29 0
9 28 1 0
-39 43 18 0
-48 -8 36 0
12 -41 50 0
-40 27 -34 0
28 -25 -26 0
-11 -10 -1 0
-25 23 26 0
20 -43 13 0
10 28 -45 0
-47 -44 -12 0
-28 22 41 0
-40 -4 -34 0
-21 39 26 0
28 38 -26 0
2 -50 -38 0
-25 12 -35 0
-24 -32 12 0
-46 9 -24 0
32 -50 -7 0
-7 -24 -46 0
-29 16 -45 0
-28 -17 -48 0
-41 -47 16 0
50 -19 16 0
-4 41 20 0
8 2 36 0
-26 48 -34 0
7 19 -48 0
30 -43 31 0
37 26 -47 0
-38 -36 48 0
-36 42 20 0
3 29 12 0
35 -1 27 0
48 -49 -30 0
-41 -9 50 0
-23 13 -17 0
-39 -12 -29 0
-19 16 -36 0
25 -35 9 0
-35 -40 -2 0
-47 40 15 0
-7 -26 -10 0
22 -27 24 0
-7 6 44 0
49 20 9 0
-21 44 -26 0
35 -9 -23 0
7 21 -8 0
-12 46 42 0
12 -24 -25 0
-8 6 -34 0
-18 23 -43 0
26 -13 36 0
41 -16 -11 0
47 48 38 0
-37 -22 -20 0
2 24 14 0
-23 -25 -38 0
31 40 27 0
-41 12 2 0
44 -36 25 0
-36 12 -16 0
41 28 20 0
48 13 10 0
-29 -11 -37 0
17 -15 -12 0
21 -2 24 0
18 35 34 0
49 -3 13 0
4 -31 -22 0
-42 -5 -17 0
48 7 -30 0
48 -26 6 0
38 -8 -3 0
43 37 47 0
-17 30 -43 0
-22 15 8 0
-44 1 -32 0
45 50 43 0
43 45 46 0
-45 32 -28 0
-27 -4 28 0
-30 -39 -3 0
16 21 50 0
-9 -10 -38 0
-33 -49 45 0
-47 20 -46 0
45 -11 25 0
30 3 34 0
34 13 -30 0
25 -17 36 0
-25 -27 2 0
32 -14 15 0
-31 13 -8 0
13 17 -18 0
-24 -35 34 0
38 35 36 0
-21 -2 28 0
-37 1 36 0
40 17 27 0
-42 5 -29 0
38 44 -29 0
-24 -39 50 0
-19 3 48 0
-38 48 36 0
-15 6 28 0
46 1 -45 0
-3 18 -39 0
-27 13 17 0
2 15 27 0
-36 43 -37 0
40 -6 10 0
-37 -47 27 0
-20 -36 29 0
13 8 -14 0
9 -16 -46 0
17 29 -8 0
21 -23 41 0
38 -47 36 0
-27 6 32 0
-40 24 4 0
21 31 -27 0
31 -6 -7 0
-9 20 -3 0
-40 -9 -38 0
-4 1 -39 0
7 -36 -20 0
7 -33 4 0
-1 -15 19 0
39 -16 20 0
-35 22 10 0
16 12 25 0
-30 35 -2 0
24 21 17 0
-12 22 -38 0
-46 -48 -2 0
-35 -8 -33 0
28 39 7 0
-49 -22 43 0
30 -29 -46 0
22 39 -19 0
-6 25 13 0
-15 33 39 0
RESULT seed=4007 sm=1 pm=0 result=1 decisions=57 conflicts=93
RESULT seed=4007 sm=3 pm=0 result=1 decisions=50 conflicts=82
RESULT seed=4007 sm=1 pm=1 result=1 decisions=47 conflicts=72
RESULT seed=4007 sm=3 pm=1 result=1 decisions=36 conflicts=55
INSTANCE seed=4008 n=50 m=220
p cnf 50 220
29 -35 14 0
23 33 -46 0
-2 -50 35 0
21 2 22 0
-23 13 -7 0
-31 -46 8 0
-32 -40 -38 0
-39 8 41 0
28 38 -20 0
10 -1 38 0
31 4 -48 0
19 -11 47 0
-10 40 50 0
20 21 -24 0
-21 35 -34 0
-31 -32 -9 0
3 28 -27 0
-26 1 50 0
-28 -3 33 0
-7 -17 -33 0
-47 33 20 0
-42 -31 28 0
22 9 -6 0
-14 -17 -34 0
3 -44 4 0
-16 -26 -32 0
-12 -49 10 0
-37 -31 -9 0
39 20 -49 0
35 46 26 0
5 23 19 0
-6 14 -36 0
-44 -50 49 0
-31 33 40 0
22 40 -9 0
24 23 31 0
29 -47 18 0
8 -28 47 0
-17 5 7 0
-33 22 -47 0
11 3 -16 0
32 50 31 0
-44 21 -22 0
5 -13 -30 0
-26 12 24 0
5 -30 -20 0
11 1 18 0
42 15 50 0
-44 8 2 0
23 -20 -35 0
-32 24 30 0
39 -35 -20 0
-13 -7 8 0
-48 30 4 0
-7 1 45 0
37 47 41 0
19 4 11 0
8 49 4 0
-20 36 -33 0
22 28 49 0
39 -27 34 0
19 4 41 0
-9 -44 1 0
28 -50 -48 0
-20 4 43 0
44 20 6 0
-3 24 -49 0
-42 -28 -5 0
39 -2 22 0
-8 7 38 0
40 48 -37 0
19 -46 -41 0
-24 45 49 0
36 40 -48 0
10 12 48 0
-50 -6 -10 0
-20 -37 3 0
-14 -23 -7 0
38 -25 -10 0
25 45 43 0
-41 -40 17 0
-9 -47 50 0
-14 44 30 0
9 -30 4 0
-31 -11 6 0
1 34 25 0
37 -12 -26 0
29 27 -25 0
-46 -15 -20 0
-43 25 -16 0
-21 44 -18 0
49 37 3 0
3 -26 -38 0
43 -1 -36 0
34 45 15 0
43 -25 -38 0
-34 -2 14 0
-44 -15 -49 0
-45 -2 -17 0
-4 5 10 0
-26 -45 -47 0
-28 26 2 0
31 11 8 0
-17 35 50 0
-34 -26 30 0
40 27 7 0
34 -12 -29 0
-47 -22 -35 0
-23 30 -14 0
-37 32 -42 0
27 -45 -29 0
-43 1 -44 0
-19 15 -36 0
-3 -40 16 0
-4 20 34 0
17 -28 -39 0
33 48 28 0
33 -15 -13 0
39 5 33 0
35 -45 -8 0
5 -1 -32 0
-39 -34 -43 0
-13 41 29 0
-29 15 -37 0
-17 -24 44 0
19 -4 22 0
45 38 -24 0
17 -41 16 0
-4 3 -26 0
-9 46 42 0
15 -43 -26 0
-44 31 28 0
-17 -29 -1 0
28 2 46 0
-1 -19 47 0
-25 -38 40 0
1 -30 -32 0
-40 2 49 0
-39 23 -17 0
-34 -19 24 0
-39 30 41 0
46 -12 -2 0
-48 23 -11 0
2 -43 44 0
-12 -31 -41 0
3 -36 7 0
46 -42 12 0
30 -47 -6 0
-35 10 -8 0
-18 -43 33 0
-10 8 38 0
50 -8 -13 0
45 -27 -28 0
-38 32 22 0
-19 -41 -3 0
22 37 32 0
14 -2 -33 0
-41 47 -12 0
-23 -9 14 0
13 -22 -42 0
-21 2 -43 0
38 -9 42 0
-17 -31 3 0
-21 39 3 0
-43 -16 18 0
21 -22 -44 0
11 29 -49 0
-14 15 25 0
28 -10 34 0
44 10 -37 0
-11 18 -10 0
-38 -29 1 0
-38 28 34 0
-12 -15 50 0
-25 -48 35 0
-43 11 -18 0
18 38 -21 0
49 4 -21 0
46 -26 -42 0
-17 40 11 0
42 -11 -47 0
33 20 -19 0
-41 -34 31 0
-12 2 7 0
38 -23 39 0
-17 -41 -46 0
6 -23 28 0
-26 -10 43 0
42 45 -14 0
-9 20 -2 0
-36 23 -46 0
-38 -36 -46 0
-32 1 -2 0
-42 2 -4 0
29 6 17 0
37 -48 -6 0
41 -1 24 0
23 -24 8 0
-14 8 -6 0
31 36 -7 0
-7 11 39 0
-12 35 -2 0
-8 32 45 0
26 -35 25 0
34 46 20 0
7 -35 -1 0
29 22 -47 0
-18 -29 39 0
19 39 -36 0
12 -18 -15 0
-38 -9 -2 0
21 -28 12 0
18 42 15 0
-35 21 -45 0
1 33 -34 0
28 -18 2 0
-8 -26 -13 0
9 28 -34 0
-41 -31 32 0
-50 -20 15 0
RESULT seed=4008 sm=1 pm=0 result=0 decisions=77 conflicts=155
RESULT seed=4008 sm=3 pm=0 result=0 decisions=67 conflicts=135
RESULT seed=4008 sm=1 pm=1 result=0 decisions=79 conflicts=159
RESULT seed=4008 sm=3 pm=1 result=0 decisions=106 conflicts=213
INSTANCE seed=4009 n=50 m=220
p cnf 50 220
-5 -35 6 0
34 39 32 0
-7 17 24 0
-36 12 -18 0
42 -17 50 0
-27 -38 -34 0
-25 41 23 0
39 49 -21 0
39 -40 -44 0
-22 47 36 0
13 28 31 0
20 -30 25 0
22 3 48 0
27 -42 5 0
26 27 15 0
-15 -27 -19 0
46 18 27 0
-33 24 46 0
6 45 -33 0
40 44 -50 0
-46 37 49 0
49 28 -3 0
43 -35 41 0
-18 -41 -33 0
29 -22 -2 0
-22 2 -30 0
45 -35 -49 0
1 15 -33 0
10 -31 36 0
33 -49 -47 0
-33 6 30 0
-43 -27 30 0
-20 -15 42 0
14 -16 26 0
-44 43 30 0
-25 -38 39 0
-3 -38 -4 0
-5 -41 -24 0
-3 49 -26 0
-10 -22 -13 0
10 39 -25 0
-2 -31 50 0
40 24 -2 0
-4 31 -11 0
-14 -45 -27 0
-26 -23 13 0
27 25 39 0
-43 13 2 0
-7 15 47 0
35 24 -43 0
-23 -24 14 0
10 -48 19 0
31 45 -29 0
-49 -20 -45 0
-50 36 -10 0
-39 38 -10 0
-11 -1 34 0
16 -46 -49 0
-41 12 -30 0
-45 35 -11 0
-48 30 2 0
-24 -16 -15 0
32 -33 -47 0
6 2 -24 0
1 24 -48 0
49 38 -22 0
39 42 3 0
-44 38 -24 0
-22 -29 -13 0
4 19 5 0
-34 19 -2 0
-34 -25 48 0
-13 -14 -35 0
-21 -30 49 0
32 -50 45 0
-44 -36 -46 0
-35 -18 6 0
-11 38 -45 0
8 39 -45 0
30 43 4 0
18 -38 45 0
50 -22 -13 0
1 10 -28 0
42 37 43 0
-34 8 22 0
34 -3 -45 0
-44 -20 -21 0
-29 1 -28 0
30 21 11 0
38 14 -40 0
-49 7 23 0
1 38 -24 0
1 -19 21 0
18 41 39 0
48 49 -3 0
27 -29 8 0
6 34 -8 0
43 -34 -29 0
10 46 19 0
47 -46 17 0
-27 -10 -48 0
-38 33 -17 0
18 -28 47 0
-47 -42 -49 0
21 -36 31 0
-50 -15 23 0
-22 17 -42 0
12 8 -45 0
-22 -2 23 0
-28 -13 41 0
-10 25 -1 0
-43 -48 -31 0
24 25 -2 0
28 -45 18 0
40 5 12 0
-39 -21 34 0
-25 37 -50 0
32 25 3 0
50 30 -8 0
-9 -7 -14 0
44 49 30 0
-36 29 -16 0
-33 -42 -47 0
-37 -34 19 0
6 31 -18 0
-12 -35 -31 0
32 -10 -11 0
-34 -33 -48 0
44 -9 14 0
30 39 -33 0
-50 19 -42 0
44 -50 25 0
-34 13 6 0
-28 -42 -32 0
16 14 7 0
5 23 -34 0
-17 1 -16 0
28 -5 -17 0
-36 -13 -4 0
-7 48 -39 0
35 18 -31 0
22 -5 -7 0
39 33 -25 0
20 -30 -18 0
3 -39 -13 0
30 -43 2 0
-15 -29 -30 0
-39 13 5 0
-17 -25 42 0
-19 -39 9 0
15 -6 49 0
1 -15 -8 0
16 39 2 0
-18 43 14 0
47 43 6 0
-24 -27 40 0
13 38 27 0
-9 -40 -36 0
47 9 -2 0
-36 -26 39 0
-25 36 -12 0
-35 -14 -10 0
11 17 -24 0
13 23 15 0
29 16 5 0
15 -30 -50 0
-4 -12 14 0
21 -12 36 0
-45 47 -32 0
49 -19 14 0
-23 -4 -37 0
-41 6 28 0
48 -30 38 0
26 -11 21 0
-14 45 -24 0
20 29 17 0
-25 -50 8 0
13 9 15 0
14 -17 -13 0
-33 -15 -27 0
24 -46 45 0
26 -38 32 0
-12 49 24 0
41 -32 27 0
-23 -22 37 0
-31 23 48 0
-33 31 48 0
40 38 41 0
-49 -32 21 0
-11 32 37 0
24 -6 -38 0
45 39 -35 0
-2 28 -20 0
18 -27 25 0
44 3 -31 0
-35 12 23 0
-1 -40 -48 0
-44 -36 32 0
-39 -17 33 0
-30 -16 -10 0
-21 38 -37 0
42 -31 3 0
6 -15 -19 0
12 36 -25 0
27 30 13 0
35 -39 -43 0
-47 -25 -29 0
32 -17 48 0
7 -49 14 0
25 5 -33 0
-22 -31 10 0
19 49 -29 0
-35 45 -50 0
-47 42 -2 0
-35 50 -49 0
19 38 -49 0
44 8 -13 0
11 25 -35 0
-31 -12 -1 0
48 26 31 0
RESULT seed=4009 sm=1 pm=0 result=1 decisions=57 conflicts=90
RESULT seed=4009 sm=3 pm=0 result=1 decisions=65 conflicts=103
RESULT seed=4009 sm=1 pm=1 result=1 decisions=12 conflicts=1
RESULT seed=4009 sm=3 pm=1 result=1 decisions=12 conflicts=1
INSTANCE seed=4010 n=50 m=220
p cnf 50 220
30 -35 -48 0
-44 45 -17 0
13 34 44 0
46 2 16 0
48 -33 40 0
-2 36 27 0
-36 17 -11 0
-19 28 40 0
-18 30 -44 0
-38 -31 -11 0
46 49 4 0
-47 36 -20 0
36 -45 -38 0
28 -16 -26 0
43 -12 -22 0
47 -29 -22 0
1 -37 -40 0
-44 -15 -1 0
-46 -36 49 0
45 12 -41 0
-47 19 38 0
8 11 -26 0
-22 -45 20 0
-6 -38 26 0
-20 -33 -32 0
-32 -27 -34 0
-39 47 -6 0
22 -20 -33 0
-17 6 12 0
-17 -22 -13 0
1 -50 -21 0
29 18 -36 0
3 -14 -43 0
25 -13 -29 0
-36 31 -43 0
37 36 11 0
-34 -21 24 0
23 8 19 0
13 40 -8 0
30 -45 46 0
-11 -39 18 0
39 12 7 0
27 -14 -23 0
-36 -22 3 0
43 -47 -40 0
-43 -48 30 0
-47 10 -42 0
12 -11 18 0
38 -41 -29 0
-43 -3 -45 0
-41 -11 16 0
-4 41 6 0
-4 42 28 0
-50 -40 -41 0
-10 -45 14 0
20 -33 -40 0
23 31 -34 0
14 21 -33 0
-50 28 3 0
-24 6 47 0
-45 -47 -21 0
27 -14 -42 0
32 2 -5 0
40 -11 -49 0
37 -50 -28 0
30 -16 1 0
50 -11 -8 0
-22 -23 33 0
-11 24 43 0
-40 -39 37 0
-18 -16 8 0
-28 -20 49 0
-11 27 -33 0
2 37 -35 0
46 16 -39 0
-27 40 21 0
-36 -11 16 0
25 19 -12 0
18 9 41 0
14 -49 -10 0
-14 43 -36 0
49 32 -35 0
-29 2 5 0
-13 -5 15 0
26 42 4 0
-17 -34 -40 0
-19 -17 -23 0
23 24 5 0
-43 -7 -47 0
-42 -46 -33 0
37 -41 -22 0
-10 -28 -50 0
37 -33 35 0
36 46 31 0
39 8 -38 0
-22 -46 -36 0
-15 33 -14 0
-50 8 -36 0
-13 3 -2 0
8 -14 -29 0
-6 47 38 0
-18 37 -11 0
-28 -9 -26 0
-17 -37 5 0
43 14 40 0
4 39 27 0
-7 -50 -6 0
-14 -2 1 0
11 47 46 0
-19 -40 7 0
50 27 -21 0
-4 19 30 0
-7 6 23 0
17 -34 1 0
-32 16 -39 0
10 -32 -34 0
13 -36 -45 0
50 -3 -20 0
30 -38 -46 0
21 -44 8 0
20 12 -28 0
-5 8 -49 0
-9 42 -37 0
4 18 41 0
31 -17 -34 0
-47 -40 -22 0
37 -9 -26 0
-38 -42 -30 0
-30 24 38 0
41 49 15 0
9 -30 36 0
-15 -10 6 0
19 -41 -9 0
-33 5 -7 0
-11 -37 26 0
-45 -13 -21 0
-30 45 50 0
2 -25 20 0
33 -24 -36 0
-36 47 -12 0
10 46 47 0
31 -2 -14 0
2 -25 -18 0
27 29 -8 0
-43 12 -17 0
45 19 -34 0
-1 31 -8 0
49 30 11 0
9 47 -22 0
-39 -15 -30 0
-19 44 7 0
2 33 23 0
4 -34 37 0
-42 45 35 0
50 21 -24 0
-11 44 5 0
41 39 28 0
-1 36 -40 0
20 23 -24 0
8 3 -31 0
-48 -13 25 0
-13 -34 5 0
40 19 1 0
-50 -22 -12 0
-17 -6 35 0
31 5 -3 0
-19 -17 5 0
-13 -14 30 0
-16 17 -30 0
-16 -41 13 0
14 -6 -24 0
-23 -3 -21 0
-24 -30 -27 0
14 45 31 0
-6 -8 49 0
10 38 -24 0
17 -24 -29 0
10 4 19 0
25 7 39 0
-50 -25 13 0
-14 -37 50 0
37 21 19 0
-49 -50 32 0
1 2 -29 0
-22 -43 -11 0
-44 -35 47 0
43 36 -46 0
32 11 -48 0
-16 -7 50 0
-39 -40 -29 0
-12 -8 28 0
21 -48 -50 0
-28 5 -10 0
-27 -5 7 0
-50 6 3 0
-5 45 -19 0
-48 -46 -38 0
46 15 -49 0
40 20 -21 0
8 -4 -1 0
34 1 44 0
-9 -7 20 0
29 49 27 0
-15 -21 8 0
-19 22 -6 0
-17 42 -24 0
-11 49 -37 0
39 33 27 0
15 -3 -13 0
35 -22 -47 0
-9 10 6 0
-15 -2 -35 0
25 31 8 0
-28 -4 33 0
49 -1 -38 0
33 43 -31 0
40 -43 -7 0
38 31 -10 0
-3 31 8 0
-26 10 33 0
RESULT seed=4010 sm=1 pm=0 result=1 decisions=44 conflicts=66
RESULT seed=4010 sm=3 pm=0 result=1 decisions=46 conflicts=71
RESULT seed=4010 sm=1 pm=1 result=1 decisions=34 conflicts=53
RESULT seed=4010 sm=3 pm=1 result=1 decisions=37 conflicts=51
INSTANCE seed=4011 n=50 m=220
p cnf 50 220
-6 35 40 0
5 1 3 0
18 -1 -2 0
17 -32 -10 0
-28 24 37 0
18 -20 -35 0
-13 -42 43 0
-40 -31 -33 0
12 46 43 0
-44 41 31 0
-27 -45 39 0
40 -33 -22 0
-8 -31 -21 0
-40 41 -45 0
23 -14 -34 0
50 -28 -13 0
-1 -2 -15 0
47 -19 43 0
-20 -8 15 0
-23 -48 -40 0
-50 -27 -26 0
17 44 -48 0
1 4 49 0
43 34 20 0
10 44 -34 0
-36 22 -5 0
39 27 -35 0
-45 36 -9 0
46 -40 32 0
26 40 46 0
-14 -22 -20 0
-34 49 -22 0
-36 48 39 0
-38 -4 -26 0
-9 -35 19 0
-1 -42 30 0
-14 2 11 0
-42 -11 -48 0
2 -27 17 0
-35 29 -19 0
-9 -17 -47 0
-3 21 -32 0
-4 38 21 0
-19 41 24 0
26 -30 35 0
-9 19 -38 0
32 43 -8 0
-34 -29 24 0
25 -48 -2 0
20 17 -18 0
-44 5 -18 0
42 9 -45 0
40 47 41 0
-42 13 37 0
-10 -9 -27 0
-25 -33 -19 0
41 50 -19 0
-24 11 -3 0
38 -43 45 0
23 4 -17 0
-13 15 23 0
40 42 -36 0
16 -49 13 0
45 12 35 0
41 -32 -50 0
33 15 -49 0
13 12 -32 0
-19 4 23 0
20 -36 16 0
42 2 -27 0
26 11 27 0
37 33 -29 0
20 40 37 0
-14 -42 -31 0
-28 9 -32 0
42 -6 -39 0
46 -44 26 0
-35 40 -10 0
43 34 18 0
28 -23 18 0
33 -4 14 0
-49 -46 3 0
-1 48 -18 0
44 -10 -50 0
-50 11 -34 0
26 43 -39 0
26 -18 9 0
-8 -34 22 0
-22 4 -2 0
-35 33 37 0
48 -6 -13 0
50 15 -5 0
18 36 -13 0
45 -42 3 0
22 -21 -19 0
37 11 16 0
17 4 -31 0
-32 27 -6 0
26 33 42 0
15 9 -12 0
38 -17 14 0
-23 36 24 0
-20 26 24 0
48 -22 43 0
-43 28 -18 0
49 -42 -20 0
-30 -48 -25 0
42 38 41 0
46 35 -15 0
48 10 12 0
-2 6 36 0
-37 25 -43 0
7 -25 3 0
16 -7 5 0
-31 42 6 0
-34 26 -1 0
-41 -38 37 0
-26 25 -4 0
50 -19 8 0
-14 -40 -6 0
-21 -30 22 0
41 23 10 0
-38 -47 39 0
-32 42 -8 0
38 49 29 0
-4 -10 47 0
4 29 34 0
-43 -50 -22 0
40 -24 38 0
20 -17 -37 0
26 25 8 0
-14 9 1 0
-10 1 -8 0
16 -6 -19 0
5 38 -49 0
28 -20 -11 0
36 -31 -35 0
38 25 22 0
-5 -43 -50 0
29 21 -43 0
-27 47 -12 0
49 3 -29 0
38 -36 19 0
-20 44 27 0
-8 -24 1 0
48 -36 18 0
-22 -8 -13 0
-27 -20 -37 0
11 22 -30 0
23 8 5 0
-15 32 -49 0
-3 35 -32 0
-21 -28 35 0
44 -5 -17 0
-49 11 37 0
31 -29 -26 0
12 -39 32 0
4 -19 50 0
49 -37 1 0
-18 7 29 0
-26 -38 33 0
-11 -2 -41 0
-26 40 8 0
-40 5 47 0
-16 -18 -2 0
-20 -9 15 0
5 -34 -41 0
-6 39 -33 0
-40 19 41 0
-39 -11 5 0
30 -22 -20 0
-12 23 -41 0
-15 -1 41 0
-1 3 -46 0
-5 -18 17 0
-22 8 -11 0
-46 29 35 0
50 -11 -37 0
16 11 1 0
-50 4 -17 0
-39 46 -10 0
-12 -37 -44 0
-34 21 38 0
17 43 8 0
2 43 28 0
2 11 34 0
-33 11 -45 0
29 -38 -41 0
-20 25 37 0
42 1 -5 0
1 -12 -21 0
-7 42 -34 0
42 -37 -24 0
19 -3 28 0
5 -26 -23 0
-41 37 43 0
-35 11 -48 0
-1 25 -33 0
28 36 8 0
48 50 -40 0
48 17 -41 0
-13 28 -42 0
-44 -5 -41 0
29 -3 17 0
26 10 -25 0
3 -26 32 0
5 -16 -29 0
44 39 47 0
-38 39 -35 0
17 13 -3 0
-5 -31 32 0
1 15 -12 0
-5 14 13 0
-2 -27 -46 0
-47 18 42 0
-44 36 2 0
-43 -44 50 0
-9 20 -7 0
22 42 44 0
2 -11 32 0
RESULT seed=4011 sm=1 pm=0 result=0 decisions=107 conflicts=215
RESULT seed=4011 sm=3 pm=0 result=0 decisions=87 conflicts=175
RESULT seed=4011 sm=1 pm=1 result=0 decisions=73 conflicts=147
RESULT seed=4011 sm=3 pm=1 result=0 decisions=90 conflicts=181
INSTANCE seed=4012 n=50 m=220
p cnf 50 220
32 35 2 0
47 -45 43 0
9 -36 -29 0
-20 42 -26 0
-6 -2 14 0
-11 30 -32 0
-35 -27 48 0
3 20 -23 0
43 8 -10 0
-20 2 30 0
-41 24 -33 0
31 25 -30 0
-17 -5 3 0
-16 -15 4 0
17 46 2 0
-28 -3 -1 0
-18 40 -50 0
-23 -36 44 0
-29 -31 50 0
35 -40 -3 0
36 14 26 0
28 -20 -30 0
14 -29 -31 0
-30 13 -50 0
5 -37 -40 0
-17 -26 -38 0
-6 13 -19 0
-2 -35 -25 0
23 -3 34 0
8 30 26 0
-44 -19 -39 0
-30 -8 -20 0
33 35 -1 0
45 -24 31 0
-39 45 15 0
48 -49 44 0
-33 48 -10 0
14 26 41 0
14 -25 39 0
14 42 -6 0
45 -26 17 0
31 -8 14 0
44 47 4 0
-7 47 36 0
-7 49 -4 0
-48 12 -6 0
20 13 -44 0
-50 10 25 0
49 -17 -42 0
-48 -1 -2 0
14 -12 4 0
6 24 4 0
-36 -25 43 0
-48 -38 -25 0
21 -40 49 0
-24 -42 14 0
-29 6 -26 0
9 -31 34 0
-16 30 -13 0
6 16 -47 0
50 -7 -23 0
47 -29 50 0
45 20 1 0
13 -22 44 0
-13 -22 36 0
15 -48 -27 0
13 -16 -42 0
16 26 36 0
-16 -30 -31 0
25 -27 20 0
10 49 37 0
-46 42 36 0
-7 -19 34 0
20 -44 41 0
-34 -19 -42 0
33 -42 -17 0
-12 -13 -33 0
35 6 31 0
-40 7 -5 0
-44 -26 -28 0
-48 13 -47 0
-12 46 -4 0
-44 -2 5 0
-12 11 -10 0
28 -18 4 0
7 12 -38 0
-20 48 13 0
11 48 -16 0
25 13 49 0
-12 16 30 0
-4 -21 41 0
3 -38 23 0
-17 21 24 0
-23 -13 -5 0
-7 -43 -40 0
26 -39 -7 0
-46 9 -4 0
33 10 11 0
4 2 40 0
39 -25 -14 0
-8 -7 -4 0
-1 45 41 0
37 23 -15 0
25 -28 -14 0
-39 -42 34 0
-16 -13 -5 0
8 13 17 0
-40 28 6 0
24 4 -22 0
27 42 2 0
42 7 9 0
44 27 -30 0
31 -2 -8 0
31 6 2 0
-11 -43 4 0
-19 -5 29 0
27 -7 34 0
-21 26 30 0
-7 36 -1 0
-32 20 50 0
2 -3 26 0
-12 -19 38 0
3 42 18 0
-41 -5 1 0
20 36 26 0
-21 49 44 0
7 16 -28 0
38 -12 46 0
-11 -28 4 0
13 -48 31 0
-26 -38 -18 0
7 -3 1 0
-37 -8 35 0
-20 28 -2 0
-20 -28 17 0
23 -1 49 0
25 17 50 0
15 48 33 0
49 -26 41 0
-1 -18 4 0
-33 12 -32 0
-42 49 38 0
31 -47 -14 0
44 -29 22 0
-8 46 14 0
-50 -14 -15 0
37 -14 -6 0
17 -7 -18 0
-34 -7 13 0
40 -2 -10 0
-8 47 -41 0
45 -21 -33 0
22 48 20 0
-20 17 -35 0
22 -36 -3 0
-10 -40 -49 0
-3 -15 -23 0
-41 -34 25 0
3 -21 36 0
41 -15 38 0
-3 15 -31 0
37 1 -36 0
-21 4 -39 0
-40 21 10 0
-21 33 36 0
48 6 41 0
-41 10 -49 0
18 -25 9 0
46 -34 -26 0
2 15 -22 0
14 43 25 0
3 17 45 0
19 18 -35 0
-21 25 -45 0
7 -33 22 0
-13 -17 21 0
38 12 -41 0
-16 -9 -39 0
23 32 17 0
-11 21 48 0
26 -28 20 0
-25 -24 37 0
6 29 47 0
-41 -28 34 0
14 30 -27 0
-46 -26 -36 0
41 44 21 0
-23 22 9 0
34 -13 16 0
7 -42 28 0
-31 24 3 0
15 48 43 0
-38 -29 24 0
-19 -6 42 0
44 40 -27 0
-14 -7 -39 0
-47 42 19 0
45 -39 -15 0
16 32 12 0
-5 41 -8 0
50 6 -9 0
49 6 -11 0
-21 28 30 0
-42 -13 36 0
1 -17 -10 0
46 -39 8 0
-14 -25 27 0
5 42 -35 0
-15 -8 -4 0
-31 -20 25 0
28 50 -23 0
-10 24 -46 0
8 -40 47 0
-17 -45 44 0
4 28 14 0
17 -45 -28 0
27 38 -12 0
3 43 -22 0
-22 36 -21 0
20 -46 -49 0
RESULT seed=4012 sm=1 pm=0 result=0 decisions=59 conflicts=119
RESULT seed=4012 sm=3 pm=0 result=0 decisions=58 conflicts=117
RESULT seed=4012 sm=1 pm=1 result=0 decisions=65 conflicts=131
RESULT seed=4012 sm=3 pm=1 result=0 decisions=55 conflicts=111
INSTANCE seed=4013 n=50 m=220
p cnf 50 220
-7 36 -24 0
-26 -14 24 0
28 35 30 0
-47 -2 6 0
-36 37 32 0
15 -48 -31 0
-30 44 -35 0
13 -16 -10 0
26 -25 15 0
-21 -40 -47 0
22 37 9 0
26 -29 27 0
2 -4 39 0
-15 -40 -35 0
-34 -19 7 0
5 27 44 0
-50 -34 15 0
4 -27 28 0
18 -1 47 0
28 21 -39 0
-5 -44 2 0
-35 -11 -43 0
-9 -24 -8 0
-18 -27 -7 0
40 16 -39 0
-43 13 47 0
-38 -36 42 0
42 -17 -12 0
-4 -6 24 0
43 -26 -13 0
-38 -17 -19 0
44 -11 5 0
14 -40 -33 0
3 39 -10 0
8 -26 37 0
35 22 43 0
-1 -43 19 0
37 -30 7 0
-2 -49 -47 0
18 26 38 0
24 -47 -41 0
-2 16 -35 0
19 -28 -12 0
45 -43 -50 0
15 -33 12 0
34 33 40 0
-22 -29 38 0
-3 -8 -31 0
50 -32 15 0
29 -34 9 0
-22 7 -16 0
-4 3 -18 0
-24 8 44 0
34 39 -40 0
32 -4 23 0
-16 15 -38 0
-8 44 -28 0
-8 -50 -40 0
28 6 40 0
34 -44 -43 0
-45 1 34 0
6 -12 -50 0
-31 10 27 0
49 -21 -17 0
-40 -26 22 0
-10 -31 20 0
46 22 12 0
47 -49 -12 0
23 -27 43 0
-48 21 -31 0
44 17 -34 0
-13 -49 22 0
-38 -1 -37 0
-49 -38 -18 0
9 -25 -29 0
-27 -7 -37 0
11 33 -42 0
33 -34 -13 0
47 -23 7 0
-14 42 -18 0
27 -13 -29 0
-25 -28 -5 0
43 -17 50 0
-28 -15 43 0
-50 35 -45 0
-18 -41 -16 0
20 35 -7 0
-4 1 -45 0
50 -31 -30 0
39 46 38 0
41 -46 -16 0
-1 -9 8 0
27 -33 38 0
-45 17 -20 0
38 19 26 0
1 -48 25 0
-15 28 -35 0
44 -16 33 0
20 -38 13 0
41 15 -28 0
46 -45 -29 0
4 45 -17 0
15 6 34 0
-30 -40 25 0
6 40 -14 0
26 18 -47 0
47 -37 6 0
13 -23 8 0
-13 -8 38 0
36 44 22 0
-12 13 -32 0
-44 -15 -40 0
26 12 -19 0
12 -1 -28 0
-10 14 -31 0
-48 -27 3 0
32 37 10 0
35 -30 40 0
28 -33 -38 0
29 18 9 0
-8 -9 -44 0
-14 -3 5 0
-27 47 31 0
5 44 -43 0
-4 31 39 0
-24 -14 27 0
-15 -20 -24 0
-8 31 -6 0
38 -41 -28 0
-17 -25 -35 0
22 16 -24 0
1 10 -48 0
14 35 -49 0
49 -48 -15 0
8 35 -15 0
19 29 48 0
11 -14 -44 0
-43 1 -15 0
25 8 47 0
-8 -31 -29 0
-18 -27 -25 0
-20 32 -33 0
-6 42 -19 0
-38 -50 -40 0
35 4 49 0
31 -43 -6 0
6 4 -20 0
36 -15 -31 0
3 5 -1 0
-31 11 -30 0
-6 -32 -30 0
-31 46 10 0
19 5 -30 0
17 -15 33 0
-31 -5 -22 0
25 50 -24 0
16 -37 -5 0
-15 16 -28 0
6 -36 20 0
19 -30 47 0
-14 -38 -32 0
-23 41 -15 0
-8 -20 4 0
-14 -46 34 0
-15 21 24 0
-4 -35 -8 0
-42 -36 5 0
-31 29 -18 0
18 -46 16 0
-4 -35 28 0
37 -18 13 0
-27 15 -44 0
-4 41 -10 0
-38 11 19 0
-40 8 -16 0
20 17 14 0
30 50 6 0
-35 -5 -11 0
-49 7 -26 0
26 11 39 0
2 -3 38 0
11 -25 14 0
27 10 -48 0
-12 15 30 0
-24 14 -8 0
20 41 -35 0
-7 -26 4 0
-13 31 -1 0
5 -41 15 0
-1 46 5 0
-32 35 48 0
8 -9 23 0
-45 48 -18 0
33 3 -21 0
-38 45 -22 0
-38 -32 29 0
-49 17 2 0
-42 -8 -37 0
2 42 8 0
12 -28 29 0
10 -39 19 0
-42 17 -10 0
35 -34 43 0
-48 -16 44 0
32 -3 13 0
3 18 50 0
-43 -6 26 0
41 -19 -21 0
-23 -50 8 0
39 -42 8 0
-23 -48 28 0
-8 -21 19 0
-48 -30 31 0
17 27 34 0
-39 -26 -47 0
19 -4 49 0
14 9 31 0
-18 49 43 0
24 28 45 0
-3 -49 43 0
RESULT seed=4013 sm=1 pm=0 result=0 decisions=59 conflicts=119
RESULT seed=4013 sm=3 pm=0 result=0 decisions=98 conflicts=197
RESULT seed=4013 sm=1 pm=1 result=0 decisions=55 conflicts=111
RESULT seed=4013 sm=3 pm=1 result=0 decisions=50 conflicts=101
INSTANCE seed=4014 n=50 m=220
p cnf 50 220
33 36 16 0
37 -20 -9 0
33 2 19 0
-12 -32 -35 0
-15 21 13 0
-20 2 -33 0
-28 -3 -43 0
27 29 -50 0
29 7 -22 0
-31 10 43 0
-15 -33 44 0
19 26 -30 0
24 -40 23 0
-27 15 5 0
-14 21 -19 0
8 27 34 0
50 -49 40 0
-7 -31 -20 0
42 -23 13 0
-5 -7 -39 0
8 3 -40 0
-44 -15 38 0
34 -37 6 0
23 -1 30 0
-28 -42 47 0
-8 18 37 0
16 -20 -22 0
-6 -27 -9 0
-6 10 -1 0
-37 33 -11 0
28 -3 -39 0
-23 -11 49 0
-9 -20 -25 0
37 -43 -2 0
-36 -37 15 0
-10 6 -16 0
26 -33 39 0
-13 50 -10 0
-30 -18 -25 0
-25 46 36 0
-37 -45 16 0
46 -49 6 0
44 9 -20 0
-33 39 -14 0
23 17 -20 0
20 -3 -24 0
24 44 -32 0
-5 -7 -37 0
-1 -46 -37 0
-11 -16 -13 0
36 -14 15 0
-41 -43 37 0
-9 -36 4 0
-29 18 -27 0
30 -8 10 0
-46 24 -11 0
-15 -35 41 0
-34 50 27 0
-20 -50 1 0
46 27 42 0
-36 -26 25 0
4 23 -42 0
-5 14 32 0
-24 -45 -20 0
44 -21 28 0
-4 33 2 0
35 2 17 0
16 4 6 0
27 16 10 0
26 47 16 0
-12 -24 18 0
-5 19 -16 0
16 34 24 0
42 -45 22 0
-11 7 -50 0
27 -23 39 0
49 43 -6 0
15 34 9 0
-20 -10 -41 0
-41 13 -8 0
37 28 24 0
-37 -25 4 0
-46 21 25 0
-29 11 2 0
-12 -2 -47 0
-28 34 25 0
-44 -12 41 0
7 2 9 0
-37 15 28 0
-10 27 9 0
32 10 38 0
-50 38 -9 0
-9 14 39 0
47 30 7 0
-9 -27 37 0
30 -5 45 0
39 -4 -20 0
1 37 28 0
21 11 39 0
-36 37 7 0
16 48 35 0
-35 -7 13 0
50 -47 -7 0
-47 43 -32 0
16 11 19 0
47 11 -39 0
-30 36 -31 0
7 -21 48 0
-41 -42 -22 0
-44 -50 -30 0
37 2 -17 0
17 20 -12 0
-50 20 29 0
47 16 -17 0
-11 -40 27 0
-17 -35 30 0
-19 4 -40 0
49 -44 30 0
23 20 14 0
44 38 35 0
17 14 42 0
26 -9 -19 0
-7 -12 25 0
22 -5 47 0
-11 -40 -43 0
4 -9 2 0
-43 -10 -29 0
-6 -11 -23 0
17 15 -4 0
-2 -21 1 0
39 18 44 0
30 45 16 0
44 -41 12 0
-13 29 19 0
-28 -46 43 0
13 15 7 0
47 40 -34 0
-23 20 -39 0
11 35 40 0
-21 -23 36 0
-47 39 -42 0
-7 5 49 0
-13 8 1 0
-18 -40 -27 0
37 11 -44 0
-47 -49 44 0
37 -34 39 0
50 16 42 0
-33 -23 -30 0
35 48 27 0
6 35 39 0
-18 5 -25 0
6 46 37 0
-38 20 -16 0
-4 1 -26 0
22 50 -4 0
-7 -49 42 0
-36 16 -45 0
-15 -41 35 0
-11 -29 44 0
-42 6 -8 0
38 7 29 0
-36 1 49 0
10 27 26 0
16 -28 15 0
-14 -32 45 0
-8 1 -12 0
5 -16 37 0
1 6 46 0
-44 21 -41 0
11 41 -1 0
-7 15 36 0
13 28 5 0
36 -34 -5 0
35 30 23 0
30 11 35 0
-22 17 41 0
16 17 -6 0
-16 -24 -29 0
35 1 -46 0
13 -28 50 0
-33 32 2 0
36 -44 -49 0
49 5 4 0
34 -26 40 0
34 -49 23 0
-5 -6 -38 0
-47 -46 -2 0
49 -23 -22 0
-9 13 -38 0
24 10 37 0
-11 -5 49 0
-24 31 17 0
-16 -28 31 0
24 -12 -2 0
-48 -27 -37 0
-38 -16 -17 0
-28 40 -14 0
-19 50 -42 0
-43 -30 -26 0
-15 6 3 0
11 -29 32 0
-23 14 -42 0
-40 -26 -6 0
50 45 16 0
-28 -18 -17 0
17 41 11 0
22 -32 -19 0
17 -36 -21 0
22 -7 -5 0
-47 -17 -4 0
-39 34 3 0
34 37 -9 0
-25 8 5 0
-4 -43 36 0
10 22 39 0
23 47 -14 0
46 33 -28 0
30 48 21 0
-40 35 -44 0
RESULT seed=4014 sm=1 pm=0 result=0 decisions=104 conflicts=209
RESULT seed=4014 sm=3 pm=0 result=0 decisions=146 conflicts=293
RESULT seed=4014 sm=1 pm=1 result=0 decisions=74 conflicts=149
RESULT seed=4014 sm=3 pm=1 result=0 decisions=109 conflicts=219
INSTANCE seed=4015 n=50 m=220
p cnf 50 220
-9 -36 -8 0
-47 26 -45 0
39 -19 7 0
27 -22 45 0
-2 39 -10 0
2 35 -38 0
-37 46 33 0
-42 -46 -5 0
-9 -6 -40 0
-40 -28 -21 0
4 -24 -33 0
22 43 -44 0
-43 -28 35 0
-18 -19 42 0
-11 27 -1 0
19 -46 28 0
-7 12 26 0
22 -11 23 0
24 -50 -29 0
-35 -6 -1 0
35 7 -50 0
48 -33 -38 0
28 -39 9 0
-50 22 -25 0
46 -42 -41 0
36 10 -9 0
-21 -45 -50 0
-33 -36 34 0
25 39 31 0
45 44 -25 0
20 36 23 0
8 22 16 0
-20 -37 -25 0
39 18 -17 0
-50 2 -25 0
-8 -15 -6 0
-34 25 8 0
17 -24 11 0
9 25 -1 0
2 -18 13 0
-50 -30 -14 0
-8 -10 -34 0
-11 36 -15 0
-2 15 -11 0
-5 -13 14 0
-24 4 18 0
20 -25 24 0
-24 50 46 0
-21 11 3 0
22 -45 -48 0
29 -1 45 0
-40 -49 -12 0
-46 -50 25 0
-47 5 -42 0
19 5 30 0
22 -50 -10 0
-35 -15 19 0
-31 4 -13 0
21 35 -36 0
34 13 14 0
-50 -3 11 0
21 15 -9 0
-1 -35 42 0
-16 -48 20 0
24 -48 -15 0
34 -47 35 0
35 -24 31 0
11 -40 24 0
3 -10 -18 0
-29 -39 23 0
-25 -35 26 0
10 -6 -25 0
-2 -24 33 0
-19 -9 33 0
36 -38 40 0
22 47 -37 0
-39 8 -21 0
-8 -30 28 0
16 50 -12 0
46 -50 -12 0
-18 -22 23 0
-44 2 10 0
-7 -34 36 0
-18 7 45 0
-31 -36 39 0
-35 23 -38 0
-29 38 34 0
-47 -27 17 0
41 -25 43 0
-36 30 -24 0
-1 47 29 0
7 44 -26 0
-2 40 38 0
41 26 -33 0
39 24 14 0
-50 -20 41 0
-46 -12 -20 0
42 -16 33 0
-13 -44 21 0
-5 18 8 0
41 18 1 0
-11 -20 30 0
26 -13 -33 0
-33 49 -15 0
-50 -4 -48 0
11 45 6 0
-7 36 45 0
-35 -36 -7 0
27 2 -43 0
-5 8 19 0
-40 -6 25 0
20 47 -48 0
-12 33 46 0
3 -21 37 0
-17 28 -35 0
-26 -4 -35 0
-22 4 -32 0
43 38 -2 0
-30 -7 12 0
46 49 22 0
36 14 22 0
1 23 -38 0
20 -35 17 0
20 21 42 0
-27 5 30 0
6 -46 -33 0
45 37 -1 0
-24 50 18 0
-48 -45 6 0
-9 6 -29 0
-40 25 39 0
-39 -14 29 0
-33 18 -6 0
-48 12 -41 0
-19 -2 50 0
-11 12 -35 0
47 33 6 0
44 -12 -10 0
3 -43 45 0
-33 -12 -1 0
40 35 3 0
-9 -28 -15 0
-44 30 -10 0
11 31 20 0
27 25 -29 0
-37 26 -17 0
-35 -41 -10 0
-36 -44 22 0
32 -17 -50 0
46 -16 17 0
39 42 17 0
-31 26 28 0
-42 28 48 0
25 38 -27 0
39 48 -28 0
-30 -16 11 0
17 14 -21 0
-50 -31 3 0
46 40 -36 0
-5 42 1 0
19 -3 38 0
-32 35 31 0
-38 40 49 0
-50 -38 37 0
22 14 13 0
42 -37 24 0
13 -31 11 0
42 14 -21 0
-47 48 -19 0
48 25 44 0
-3 42 -2 0
47 -50 43 0
-36 -25 -32 0
-12 23 37 0
-35 38 -11 0
2 29 31 0
21 25 29 0
-18 4 -49 0
-35 -32 -4 0
50 2 19 0
2 30 9 0
21 4 8 0
-16 30 -23 0
45 32 -18 0
44 -48 -21 0
-24 -35 47 0
29 18 -8 0
5 39 -1 0
32 -39 10 0
38 -29 40 0
40 -11 7 0
-44 -16 22 0
13 -39 6 0
-22 18 3 0
-22 47 3 0
23 -22 31 0
32 16 12 0
-30 -27 -40 0
-33 -24 26 0
-3 2 -23 0
-45 10 39 0
-17 29 6 0
38 -8 44 0
-16 38 -3 0
19 25 33 0
-38 27 -1 0
22 -46 12 0
-17 14 -32 0
-10 11 16 0
22 11 40 0
-18 -21 -17 0
-35 -26 11 0
-45 41 32 0
-39 19 -5 0
32 49 -14 0
-7 -38 16 0
-34 35 -30 0
-13 -37 3 0
-7 -26 -13 0
-16 -27 18 0
RESULT seed=4015 sm=1 pm=0 result=1 decisions=99 conflicts=180
RESULT seed=4015 sm=3 pm=0 result=1 decisions=65 conflicts=112
RESULT seed=4015 sm=1 pm=1 result=1 decisions=51 conflicts=82
RESULT seed=4015 sm=3 pm=1 result=1 decisions=45 conflicts=70
INSTANCE seed=4016 n=50 m=220
p cnf 50 220
34 -36 -50 0
8 33 30 0
44 -36 -46 0
42 31 -41 0
20 -43 4 0
-47 27 -13 0
31 47 18 0
42 37 -36 0
-20 9 -14 0
1 -24 -18 0
-36 48 16 0
22 12 -23 0
4 40 -33 0
25 40 -23 0
17 -19 -32 0
3 -41 38 0
-1 -2 -25 0
29 -34 19 0
-2 42 -29 0
17 -33 -18 0
33 10 25 0
13 26 32 0
-28 21 -44 0
-6 37 -40 0
5 -12 -33 0
34 -16 35 0
-19 28 -36 0
22 1 -12 0
-24 18 -6 0
30 -37 13 0
-7 -12 17 0
12 27 1 0
23 21 46 0
31 9 6 0
50 35 43 0
10 21 9 0
23 10 -25 0
-11 -30 -14 0
-41 14 34 0
6 31 -38 0
-38 33 -13 0
43 16 34 0
-15 47 44 0
-22 -36 -9 0
-31 -42 38 0
-35 -25 -26 0
-5 -7 40 0
47 18 2 0
-8 45 -18 0
-18 13 -19 0
-27 -39 -21 0
44 -26 -9 0
12 -10 25 0
-28 -36 -22 0
-48 18 -38 0
-27 -48 -49 0
49 -1 31 0
-45 1 -9 0
50 1 3 0
37 24 21 0
-43 -39 -18 0
25 5 49 0
-46 -26 -4 0
20 43 22 0
44 -28 2 0
-10 40 -37 0
18 -12 -11 0
6 7 -46 0
-39 6 37 0
-23 49 43 0
-8 -19 33 0
-12 -17 -26 0
25 -47 -31 0
-33 27 -47 0
32 -33 22 0
11 -33 -1 0
39 50 -7 0
30 46 -12 0
37 49 -13 0
27 38 50 0
-38 26 -43 0
-35 44 -18 0
12 -38 48 0
-48 -4 -11 0
-42 -15 -25 0
-25 2 12 0
39 -50 -4 0
-34 -50 -43 0
20 -7 4 0
-11 -28 32 0
-7 43 -38 0
-49 13 7 0
39 -23 31 0
18 20 -45 0
-2 25 -1 0
-3 41 -16 0
-36 19 1 0
-44 -39 -13 0
-7 -15 23 0
23 -3 -6 0
-8 10 -24 0
37 6 12 0
-31 30 11 0
-37 -23 18 0
-19 8 -7 0
-37 15 38 0
46 28 22 0
-21 -22 13 0
26 -33 13 0
-38 18 24 0
-17 21 -13 0
-26 -24 -45 0
-47 -20 19 0
-50 -24 32 0
28 -49 -26 0
14 -47 16 0
-28 -19 30 0
-7 -46 27 0
11 30 40 0
-5 -27 46 0
24 -47 15 0
35 -31 -36 0
-37 7 -41 0
-37 26 29 0
7 -35 16 0
28 -33 -37 0
-28 -29 46 0
-13 23 3 0
37 -10 25 0
-48 -18 -35 0
19 -20 48 0
-5 43 -34 0
29 -36 -45 0
-16 42 38 0
-10 3 -22 0
-8 9 11 0
-1 7 26 0
2 -32 -24 0
-16 4 -5 0
-5 -17 2 0
46 -32 -30 0
22 20 -25 0
-32 -24 -2 0
-20 -5 22 0
-13 -18 38 0
14 -27 -3 0
-40 33 -48 0
-31 -23 -22 0
3 32 -11 0
-20 -8 33 0
8 21 43 0
-6 -41 -4 0
-12 -26 19 0
-24 5 49 0
14 -32 -38 0
17 5 4 0
-11 -21 -48 0
45 34 -39 0
7 12 -19 0
41 11 48 0
-45 15 24 0
47 -38 6 0
41 26 25 0
31 -39 -23 0
50 -7 -15 0
-14 -12 -2 0
-29 40 25 0
50 -18 -17 0
-41 -42 38 0
-50 -44 25 0
10 -28 -16 0
32 47 28 0
14 22 45 0
45 28 41 0
41 39 -40 0
-3 -42 44 0
24 40 26 0
8 -41 -19 0
3 42 25 0
27 3 -41 0
20 29 15 0
-42 -27 -36 0
-45 -3 49 0
-16 -32 29 0
-50 -29 4 0
21 36 50 0
5 -17 9 0
-9 16 36 0
-2 -26 -24 0
13 23 43 0
33 19 39 0
1 19 -45 0
50 4 25 0
-5 -7 -36 0
-7 5 -31 0
14 18 -40 0
17 -37 -36 0
-42 37 -36 0
39 -22 34 0
-1 24 -4 0
10 22 12 0
50 13 -8 0
-9 34 8 0
5 49 10 0
-49 -13 -39 0
-15 46 -39 0
44 -27 -18 0
-47 17 -9 0
-46 49 -19 0
-2 19 -50 0
42 -6 23 0
-19 -14 -10 0
-21 -24 8 0
14 -34 41 0
-36 43 6 0
23 43 -6 0
-21 4 46 0
1 11 -46 0
-7 -10 4 0
-40 -10 -39 0
RESULT seed=4016 sm=1 pm=0 result=0 decisions=51 conflicts=103
RESULT seed=4016 sm=3 pm=0 result=0 decisions=64 conflicts=129
RESULT seed=4016 sm=1 pm=1 result=0 decisions=70 conflicts=141
RESULT seed=4016 sm=3 pm=1 result=0 decisions=85 conflicts=171
INSTANCE seed=4017 n=50 m=220
p cnf 50 220
-10 -36 42 0
19 39 -16 0
-49 3 -35 0
-8 41 37 0
38 46 47 0
-43 18 -39 0
25 -48 3 0
42 28 16 0
-32 12 -38 0
12 21 -15 0
-18 23 -50 0
-22 31 -1 0
-16 -3 31 0
31 -12 4 0
22 -11 13 0
37 -36 48 0
-44 -43 25 0
36 -6 -15 0
30 -35 28 0
-50 10 -35 0
31 -13 1 0
28 -19 -25 0
-28 2 30 0
13 2 -6 0
14 32 -25 0
31 -22 -12 0
-18 11 22 0
-11 -15 41 0
23 -48 31 0
-15 -31 -50 0
-44 37 12 0
17 -46 -41 0
-30 7 14 0
37 -1 40 0
-3 27 -22 0
-22 -49 -33 0
-6 -33 -50 0
1 -50 40 0
-11 -16 19 0
10 -38 9 0
-45 36 -22 0
-35 -30 48 0
-18 19 3 0
43 47 27 0
-6 46 19 0
-43 -28 -15 0
-26 30 41 0
-14 11 -3 0
-6 -5 41 0
-5 -4 14 0
-38 5 -33 0
14 44 -20 0
24 27 -42 0
-49 -25 45 0
49 28 -7 0
-20 -34 6 0
32 22 45 0
34 -50 -18 0
-12 -32 -6 0
-14 -17 -13 0
-18 23 -31 0
-37 -26 46 0
18 -27 7 0
-27 -18 7 0
-10 22 33 0
-1 -12 -38 0
45 18 -37 0
-44 48 -34 0
50 -45 -47 0
9 15 -30 0
25 -19 -26 0
36 -23 5 0
-4 12 29 0
12 20 -48 0
12 44 5 0
17 12 40 0
-39 1 9 0
23 -27 22 0
-18 4 1 0
34 36 -31 0
18 16 32 0
-9 29 43 0
-9 26 -6 0
43 13 12 0
-47 29 -28 0
35 47 46 0
-3 -49 -6 0
-22 -38 -26 0
-42 24 48 0
10 49 -30 0
-9 21 18 0
-19 -21 2 0
44 22 -48 0
-49 14 21 0
11 -28 41 0
-32 13 -28 0
-11 41 -36 0
21 -41 28 0
36 -46 44 0
-30 9 -5 0
-20 8 4 0
6 -40 -41 0
13 -37 34 0
-20 19 39 0
44 -19 11 0
-16 -4 -29 0
18 -2 33 0
-16 -17 -3 0
45 -42 -48 0
-3 -36 11 0
-14 -43 31 0
-28 33 15 0
-5 -29 -24 0
28 -20 33 0
48 -43 32 0
-8 28 21 0
17 5 32 0
-48 -16 20 0
-30 23 -47 0
-9 -11 -14 0
36 39 -30 0
40 -21 -44 0
-15 -13 17 0
-10 -44 4 0
-7 -17 -46 0
28 -48 16 0
17 42 46 0
6 50 21 0
2 49 -46 0
-43 23 34 0
31 1 5 0
28 -49 -36 0
-45 2 -4 0
21 39 -29 0
1 19 50 0
35 41 -8 0
-17 6 -44 0
36 -11 -2 0
-4 50 15 0
37 41 17 0
-1 -50 -13 0
27 18 -33 0
14 41 -42 0
-4 20 24 0
10 17 -40 0
14 -46 48 0
-7 32 24 0
45 35 -6 0
-5 20 -38 0
21 43 -46 0
16 -23 -6 0
-35 -22 12 0
-24 22 -31 0
-33 -46 34 0
38 50 22 0
12 -27 -34 0
-3 10 48 0
-19 -5 -13 0
22 -26 3 0
-19 15 10 0
-26 -47 -21 0
-23 -40 -4 0
27 44 37 0
-31 -36 -12 0
28 9 -13 0
11 -12 20 0
6 37 19 0
25 42 18 0
12 29 -2 0
19 2 -44 0
11 28 -22 0
-42 -9 29 0
-1 3 -15 0
23 -19 8 0
-40 46 17 0
-23 36 18 0
-49 31 -42 0
-4 -19 1 0
-31 1 25 0
-12 36 -32 0
-36 -5 33 0
-28 -18 -44 0
-11 -1 3 0
-14 39 19 0
-1 8 -23 0
16 -5 18 0
-8 -1 43 0
12 -31 -9 0
-19 7 -2 0
48 -2 38 0
-47 35 -8 0
-17 30 50 0
-20 -47 50 0
28 15 -20 0
46 40 44 0
28 22 32 0
-37 -20 30 0
-17 -9 -2 0
-49 -26 6 0
-14 41 -28 0
-26 -41 23 0
14 47 -23 0
15 5 -37 0
4 -2 -21 0
-20 36 14 0
-30 25 8 0
-31 -6 39 0
39 48 -9 0
-40 45 -13 0
35 42 22 0
-39 34 12 0
50 -23 45 0
6 8 45 0
-6 22 -21 0
30 19 -22 0
13 -28 -3 0
23 38 -17 0
-48 7 23 0
-19 -49 -3 0
33 -44 -4 0
RESULT seed=4017 sm=1 pm=0 result=0 decisions=66 conflicts=133
RESULT seed=4017 sm=3 pm=0 result=0 decisions=61 conflicts=123
RESULT seed=4017 sm=1 pm=1 result=0 decisions=64 conflicts=129
RESULT seed=4017 sm=3 pm=1 result=0 decisions=61 conflicts=123
INSTANCE seed=4018 n=50 m=220
p cnf 50 220
36 37 -35 0
-29 45 1 0
-4 20 -24 0
-23 1 33 0
-7 50 -40 0
-39 9 -15 0
19 -49 38 0
-43 -19 47 0
-43 -14 -13 0
24 -18 13 0
-50 47 -33 0
-23 49 -29 0
28 -16 29 0
38 33 -35 0
-28 -2 44 0
22 31 -8 0
-37 34 -25 0
42 -29 -11 0
-8 27 -26 0
-15 3 -37 0
19 -37 -43 0
30 28 -5 0
-5 23 4 0
6 8 25 0
41 22 -2 0
-12 -39 3 0
-34 -7 50 0
-29 -19 -22 0
28 -6 -50 0
24 -38 31 0
-13 6 22 0
15 30 36 0
-43 33 -42 0
-44 24 6 0
18 1 -33 0
-27 7 40 0
5 24 40 0
-20 -16 -31 0
-18 -38 44 0
37 -2 -30 0
29 38 -40 0
-15 23 -31 0
39 44 35 0
1 35 23 0
20 -4 3 0
50 -14 36 0
10 32 -7 0
8 14 -2 0
12 -7 5 0
-27 35 47 0
45 13 28 0
-26 -42 -49 0
-39 -15 25 0
50 11 -46 0
14 -40 -20 0
-44 25 29 0
-5 -1 32 0
36 -48 -46 0
8 -5 41 0
-4 -19 12 0
-2 -7 15 0
-20 -32 39 0
2 24 -14 0
32 19 -43 0
-13 4 -5 0
5 -11 -36 0
-9 -19 41 0
-4 -45 -5 0
12 -41 40 0
-5 33 -50 0
26 -41 -21 0
15 -24 -20 0
-14 -46 -29 0
-32 18 -24 0
-26 38 -7 0
37 -11 -3 0
-7 15 3 0
28 -31 -1 0
44 -20 6 0
20 -4 -3 0
40 43 13 0
-37 42 11 0
20 30 -25 0
21 -28 -10 0
33 -18 48 0
-4 -26 40 0
-2 -6 -45 0
-27 -44 34 0
31 28 -44 0
35 -43 16 0
-3 -25 4 0
-37 -24 -34 0
-15 31 -8 0
-27 -41 -42 0
-43 17 -15 0
24 11 -12 0
6 -2 -21 0
-42 44 43 0
12 -41 -25 0
-12 -28 33 0
-21 -36 -10 0
-46 -18 -50 0
17 -43 1 0
-6 -28 22 0
12 15 24 0
26 43 -31 0
41 -17 36 0
32 -38 -13 0
-26 -7 -40 0
48 5 -6 0
-23 -36 -31 0
-21 32 -40 0
38 49 -32 0
-7 38 -47 0
9 49 19 0
39 14 -44 0
9 4 17 0
-39 -38 26 0
-35 -39 48 0
21 28 -20 0
-19 10 41 0
-12 -35 30 0
4 -26 -37 0
45 38 -2 0
-39 -24 37 0
21 18 46 0
-16 37 -21 0
11 -25 34 0
37 31 -35 0
-44 48 32 0
42 36 37 0
31 -39 -26 0
-19 28 7 0
-2 47 -17 0
-27 24 5 0
1 -19 45 0
41 45 -39 0
-10 -21 -23 0
38 14 25 0
-24 34 26 0
38 43 -37 0
-13 20 -49 0
-43 -50 -32 0
46 -33 -37 0
49 -29 4 0
45 -14 -36 0
1 16 -43 0
-39 36 -3 0
-17 34 -12 0
3 -25 -18 0
26 38 43 0
18 -30 -22 0
-12 8 26 0
-31 8 19 0
6 9 -4 0
50 43 -23 0
-32 -14 -18 0
8 28 32 0
-40 -9 36 0
20 -19 -13 0
-35 -22 -38 0
-5 -3 -15 0
49 -13 19 0
-19 24 -48 0
-2 -13 -10 0
22 12 -1 0
-2 -5 29 0
-3 -38 43 0
38 -30 -17 0
-18 -44 40 0
-13 -37 -40 0
-43 -30 -11 0
36 -19 -47 0
26 -42 -1 0
-32 -4 27 0
13 8 36 0
-26 16 20 0
-50 19 -26 0
24 -20 31 0
-44 -31 -41 0
16 -14 -8 0
-36 20 -38 0
-35 -34 -25 0
23 18 33 0
27 41 -33 0
43 16 -11 0
-33 -42 11 0
-9 35 -12 0
28 48 -13 0
31 7 41 0
-19 -42 23 0
-23 19 -35 0
-50 -46 33 0
37 -50 -25 0
38 -3 47 0
-37 5 -17 0
-46 31 14 0
26 18 -11 0
-5 28 -45 0
30 19 46 0
-15 37 -36 0
-46 -2 18 0
9 -44 -43 0
-27 34 14 0
-15 11 22 0
-36 -45 32 0
11 -36 23 0
31 -21 -24 0
-1 34 -3 0
21 45 4 0
35 38 -47 0
44 -17 -38 0
2 32 11 0
-7 48 -39 0
-27 -11 -35 0
-45 -44 -47 0
32 -2 -15 0
-24 35 40 0
-31 -8 27 0
-5 47 -37 0
RESULT seed=4018 sm=1 pm=0 result=0 decisions=70 conflicts=141
RESULT seed=4018 sm=3 pm=0 result=0 decisions=61 conflicts=123
RESULT seed=4018 sm=1 pm=1 result=0 decisions=56 conflicts=113
RESULT seed=4018 sm=3 pm=1 result=0 decisions=87 conflicts=175
INSTANCE seed=4019 n=50 m=220
p cnf 50 220
-12 37 -27 0
40 -1 -37 0
-10 -37 13 0
38 11 -29 0
25 -4 34 0
-35 50 -40 0
12 -49 -23 0
-43 -10 -27 0
-5 17 37 0
-35 14 10 0
32 21 17 0
-23 18 -7 0
-40 28 -26 0
-45 -4 16 0
34 -44 -25 0
6 26 -18 0
-31 -24 25 0
49 -2 -7 0
36 -20 -27 0
-15 39 -36 0
22 46 31 0
39 11 -27 0
34 33 -25 0
33 37 -31 0
-22 10 26 0
-35 14 -15 0
27 43 -38 0
43 47 -20 0
8 -31 -35 0
-18 26 -13 0
50 -14 -23 0
46 -10 -4 0
26 -10 -41 0
31 9 41 0
-18 -30 14 0
-39 32 -5 0
-48 -4 -42 0
-36 25 16 0
23 36 19 0
7 -6 -41 0
43 -31 -13 0
49 36 18 0
33 8 36 0
39 47 -34 0
45 -44 38 0
-39 48 -9 0
-6 40 14 0
22 18 17 0
48 12 -5 0
18 -31 20 0
3 48 -14 0
-19 -35 16 0
44 23 42 0
-9 -38 -42 0
4 -24 6 0
30 3 -37 0
-10 29 -35 0
-16 21 50 0
-12 -28 -19 0
8 -11 -37 0
-42 -50 2 0
-37 -33 36 0
-20 -21 37 0
-20 30 -16 0
35 -27 8 0
10 -34 22 0
-20 -45 -14 0
-42 -27 -25 0
36 33 50 0
-1 -20 -26 0
12 -16 45 0
-12 42 27 0
-11 -47 49 0
35 -28 23 0
22 47 -19 0
7 38 -47 0
41 1 -48 0
-39 25 -17 0
21 7 39 0
23 21 50 0
18 11 -41 0
24 6 25 0
-11 -17 25 0
-19 20 30 0
-12 -22 17 0
-35 -20 33 0
19 -49 -42 0
26 -45 -36 0
-13 14 22 0
25 33 26 0
41 -38 6 0
30 48 27 0
-37 4 9 0
8 2 9 0
33 -32 -18 0
-13 7 -22 0
-37 -20 -16 0
30 -1 45 0
46 -3 -31 0
26 7 37 0
-22 -48 -33 0
-37 -46 -9 0
22 -46 -18 0
2 -37 -43 0
46 41 -38 0
28 50 -6 0
-44 -30 -50 0
-6 -47 23 0
-30 10 15 0
-26 9 49 0
-48 -3 41 0
35 9 -50 0
-25 -48 -23 0
36 45 44 0
-46 25 17 0
29 -1 8 0
12 7 -32 0
-4 -44 -37 0
29 39 -31 0
22 23 -31 0
-21 4 41 0
5 35 46 0
17 -37 -16 0
25 4 14 0
4 18 1 0
27 36 -43 0
-25 -37 19 0
-15 -44 46 0
-18 22 44 0
-24 -38 12 0
-14 -2 3 0
20 -43 7 0
-36 -2 -44 0
-16 -22 -42 0
-35 30 -3 0
47 -46 44 0
-27 41 3 0
26 -8 -46 0
-20 4 -40 0
-44 45 -5 0
-38 23 46 0
-8 -6 34 0
45 -9 -10 0
-21 -42 -15 0
-31 18 -44 0
-45 31 -14 0
20 -8 -40 0
43 -16 -1 0
-14 -30 -3 0
-14 -4 19 0
29 20 -2 0
-13 -49 20 0
-2 -34 18 0
16 31 -50 0
-11 46 5 0
35 -47 42 0
-21 25 31 0
-23 -48 8 0
10 27 35 0
-27 20 50 0
2 30 38 0
30 -9 10 0
-36 -4 9 0
-43 -36 -19 0
46 12 8 0
-32 -4 -39 0
-11 -7 -39 0
-42 22 -3 0
11 6 19 0
5 12 28 0
-2 3 32 0
-21 7 -9 0
20 6 15 0
25 -43 -44 0
-6 -47 -36 0
19 7 -17 0
40 -10 29 0
21 -48 -7 0
-2 -22 -29 0
-25 6 -2 0
6 -5 -41 0
-26 22 -11 0
-39 23 7 0
-28 30 46 0
-29 -44 -37 0
-26 48 -27 0
-31 -29 4 0
-4 -14 -49 0
13 23 -7 0
-44 38 -16 0
-29 -25 22 0
3 16 -26 0
-1 -42 37 0
26 -21 -18 0
3 16 -38 0
-30 23 -3 0
-26 21 -47 0
12 27 3 0
-10 16 46 0
-15 13 -33 0
-47 20 16 0
-27 -49 -33 0
-34 22 -33 0
26 -46 -36 0
39 -34 -12 0
-17 -13 -35 0
1 -39 9 0
-46 36 -4 0
-8 17 -40 0
-31 38 12 0
-24 39 -29 0
-39 20 22 0
25 -20 -9 0
-13 25 -8 0
37 2 32 0
46 34 38 0
-31 18 -17 0
31 -24 -47 0
-44 -45 4 0
39 10 34 0
RESULT seed=4019 sm=1 pm=0 result=0 decisions=95 conflicts=191
RESULT seed=4019 sm=3 pm=0 result=0 decisions=124 conflicts=249
RESULT seed=4019 sm=1 pm=1 result=0 decisions=132 conflicts=265
RESULT seed=4019 sm=3 pm=1 result=0 decisions=147 conflicts=295
INSTANCE seed=4020 n=50 m=220
p cnf 50 220
37 8 14 0
46 42 18 0
37 34 17 0
16 3 -15 0
42 -29 -47 0
-46 25 40 0
-15 8 -40 0
15 5 40 0
47 46 -14 0
46 29 15 0
-17 -10 5 0
-27 -12 45 0
-5 8 25 0
49 -14 -24 0
-46 35 -41 0
25 -28 -24 0
-15 -24 -5 0
25 3 -14 0
12 26 47 0
-42 -36 26 0
23 28 -48 0
44 -50 -13 0
-43 -12 -31 0
1 -12 -22 0
44 7 -19 0
-30 45 33 0
-43 -41 6 0
27 44 -7 0
41 19 4 0
4 48 25 0
-23 -13 28 0
27 -46 37 0
10 6 -4 0
-22 6 14 0
23 7 -28 0
45 1 -35 0
28 41 11 0
39 4 5 0
-10 -45 -23 0
42 30 38 0
21 -10 27 0
9 -12 -45 0
-8 -6 19 0
8 18 -17 0
28 39 4 0
-11 -6 -44 0
-39 -6 -37 0
40 -24 4 0
32 -27 1 0
-36 2 18 0
-41 16 -50 0
-37 7 17 0
41 42 -2 0
32 48 -43 0
13 46 42 0
9 -24 -2 0
9 7 39 0
45 -1 -49 0
1 12 35 0
24 -10 -21 0
-27 34 35 0
-43 -26 -19 0
17 -29 43 0
21 -17 -19 0
17 -49 11 0
10 -32 -36 0
21 -49 -25 0
-38 -48 -7 0
-14 -29 48 0
-44 -36 -43 0
34 1 -49 0
42 -41 26 0
15 50 -48 0
50 3 -28 0
3 34 47 0
-6 39 -4 0
35 -28 -7 0
-18 42 9 0
19 -50 -31 0
23 -48 4 0
-23 6 9 0
-3 28 23 0
2 -44 -3 0
10 23 21 0
22 -32 49 0
18 -16 13 0
-37 21 49 0
-41 -26 -3 0
45 26 1 0
48 7 -21 0
26 36 11 0
-40 8 45 0
-39 37 -22 0
-28 19 -10 0
6 4 -3 0
17 -9 -10 0
40 -27 -47 0
-4 24 -37 0
-34 46 -7 0
10 35 48 0
34 -36 29 0
33 -44 -50 0
50 -30 -44 0
-36 37 -18 0
42 -32 -13 0
6 13 16 0
-25 18 21 0
3 -7 -9 0
17 21 9 0
-38 -2 -41 0
-46 -21 -14 0
39 17 43 0
-25 -22 -41 0
-42 -17 -11 0
-20 17 42 0
20 -6 11 0
30 -4 46 0
-29 22 24 0
4 -28 -40 0
-38 11 -47 0
38 -17 -30 0
11 18 22 0
-44 16 4 0
17 23 3 0
-13 42 22 0
32 -42 -11 0
-18 -19 -12 0
-8 -49 -14 0
-2 -3 28 0
43 -36 18 0
19 9 46 0
38 3 26 0
-31 30 -35 0
48 43 -23 0
9 -11 47 0
-16 3 -48 0
38 -49 -33 0
18 40 -45 0
34 11 6 0
34 39 -3 0
-5 3 -43 0
-19 -47 18 0
-38 -46 -1 0
-43 -13 6 0
-35 44 -47 0
-43 -39 50 0
38 -47 -46 0
-48 -11 26 0
45 24 33 0
20 32 -2 0
-11 9 -17 0
18 42 -11 0
-11 1 5 0
-30 17 -34 0
38 47 11 0
-14 -25 47 0
-16 -14 -10 0
50 19 22 0
19 -29 -37 0
39 13 25 0
-19 12 45 0
2 48 -17 0
-7 3 -37 0
-26 -16 41 0
9 -31 -4 0
40 37 -49 0
-40 16 -12 0
30 9 6 0
-15 -5 -19 0
33 26 -25 0
-17 29 37 0
-2 -38 -31 0
42 31 3 0
-42 40 23 0
12 21 15 0
-11 -21 -24 0
-22 21 -27 0
-35 -9 20 0
-39 44 36 0
16 -38 17 0
39 50 -43 0
-7 34 32 0
-9 17 -18 0
21 -25 45 0
-12 46 5 0
34 -47 -27 0
-25 11 50 0
-31 -43 -13 0
-12 -30 13 0
50 -2 -9 0
-25 15 9 0
28 34 -49 0
-24 6 45 0
30 4 -40 0
49 37 -28 0
36 24 42 0
6 27 -39 0
30 2 -21 0
-36 2 30 0
-37 -25 43 0
-17 16 -13 0
-8 45 -32 0
-18 28 -36 0
-41 28 -13 0
-33 -25 -10 0
31 8 25 0
8 -16 4 0
34 -33 -7 0
33 46 -44 0
6 -25 7 0
40 43 50 0
-32 2 15 0
-44 -39 9 0
26 15 -36 0
-31 -33 15 0
-14 9 40 0
-21 47 35 0
-44 -50 8 0
-49 17 -32 0
-46 -12 -41 0
RESULT seed=4020 sm=1 pm=0 result=1 decisions=16 conflicts=10
RESULT seed=4020 sm=3 pm=0 result=1 decisions=15 conflicts=10
RESULT seed=4020 sm=1 pm=1 result=1 decisions=31 conflicts=43
RESULT seed=4020 sm=3 pm=1 result=1 decisions=47 conflicts=76
INSTANCE seed=4021 n=50 m=220
p cnf 50 220
-13 37 -11 0
-11 -14 -8 0
-20 21 41 0
-18 -31 -21 0
12 11 -20 0
-26 -33 -42 0
50 1 -42 0
-44 43 -39 0
-28 -22 36 0
8 49 -11 0
10 -6 40 0
20 10 47 0
27 44 9 0
-11 -39 -44 0
-26 -37 3 0
28 -24 17 0
47 8 15 0
-31 -8 -16 0
9 -25 -24 0
48 12 35 0
-27 13 -8 0
-7 28 -22 0
-42 2 38 0
-14 18 49 0
12 45 21 0
47 16 -12 0
44 15 -16 0
-22 4 -18 0
17 -31 5 0
5 -1 -43 0
-39 40 -36 0
22 -48 4 0
-50 39 9 0
20 27 -17 0
-43 -37 -18 0
10 31 40 0
23 -48 -8 0
-31 -43 -42 0
-25 20 -1 0
-21 23 -42 0
-24 -26 -36 0
40 -5 30 0
-1 19 29 0
-25 -49 -11 0
12 -27 6 0
-23 22 -48 0
12 39 3 0
40 -20 -48 0
31 -10 -49 0
45 29 16 0
-29 33 44 0
-31 -3 -35 0
-16 38 35 0
41 -32 21 0
45 32 25 0
19 -6 -13 0
-50 -45 -41 0
-43 29 -44 0
24 47 -25 0
-26 9 -5 0
11 -19 18 0
-49 19 -3 0
-13 -36 48 0
-22 4 -23 0
49 -21 14 0
9 -31 -50 0
22 3 -35 0
-35 -20 50 0
28 -20 -41 0
37 -11 -28 0
6 7 -4 0
-38 34 2 0
41 34 -31 0
-17 38 -18 0
-40 -26 -34 0
50 -9 -27 0
42 48 36 0
4 -22 11 0
-24 11 -28 0
12 -7 -19 0
-18 -5 -1 0
39 -33 -7 0
12 8 -44 0
44 26 -47 0
-28 15 -6 0
35 44 31 0
14 -5 -46 0
15 3 -6 0
-3 28 -25 0
-34 45 8 0
3 37 -21 0
-30 36 29 0
-30 -35 4 0
30 -24 -26 0
8 -23 -19 0
-40 -22 31 0
-39 -25 8 0
8 -14 -48 0
-13 7 -10 0
-18 -22 5 0
19 25 38 0
-11 18 -2 0
-27 -31 6 0
3 34 -4 0
-47 48 -13 0
-16 41 -45 0
-33 19 7 0
18 -45 27 0
44 16 27 0
-33 49 -22 0
-45 38 -50 0
-42 -7 -17 0
-48 45 1 0
-45 15 14 0
-17 35 6 0
19 26 -35 0
19 37 -12 0
17 23 12 0
-1 13 34 0
-6 -33 -34 0
34 4 25 0
49 -32 50 0
-33 40 23 0
36 5 18 0
33 -28 -24 0
18 17 46 0
3 47 -45 0
-23 -17 -34 0
23 -41 4 0
45 -18 1 0
37 17 -39 0
-40 -23 -4 0
10 17 -31 0
50 -12 35 0
13 17 -11 0
46 -49 -39 0
-2 42 50 0
34 -33 7 0
33 -43 -5 0
17 -35 26 0
20 -21 -34 0
47 -28 -1 0
14 -27 -13 0
17 23 28 0
29 -19 -5 0
39 -27 14 0
-21 -8 -42 0
36 50 26 0
-46 -9 22 0
36 35 12 0
-22 35 34 0
20 -5 -35 0
-17 32 37 0
3 -37 28 0
-11 -23 -21 0
-30 -21 20 0
35 46 -14 0
-15 -17 26 0
10 -34 -28 0
-35 -34 46 0
26 2 18 0
38 -29 21 0
-50 -9 36 0
-38 -39 10 0
-9 33 -11 0
6 2 38 0
-21 -35 -45 0
-2 -43 26 0
-44 -43 10 0
-19 9 30 0
-44 26 -34 0
-21 -33 -35 0
-18 36 46 0
6 -32 -28 0
-47 17 -26 0
48 2 46 0
-35 50 27 0
-3 -22 -45 0
-34 3 -20 0
-47 15 -31 0
-17 -7 26 0
4 33 -50 0
-11 27 -43 0
-50 18 -40 0
-40 1 -15 0
9 -47 27 0
46 11 15 0
-47 27 18 0
-29 19 -43 0
17 37 -39 0
-34 24 43 0
27 -26 3 0
-30 -16 -7 0
11 -36 20 0
43 -4 13 0
9 -44 -24 0
-43 23 -16 0
-37 -50 2 0
7 -44 26 0
-27 -39 -48 0
41 3 -17 0
-18 -6 26 0
-38 42 13 0
23 19 -8 0
-48 25 13 0
-17 -19 14 0
-50 10 11 0
28 -2 13 0
4 49 -7 0
-49 10 45 0
-19 -28 31 0
-41 -23 43 0
-35 -8 -19 0
42 -47 11 0
29 21 -17 0
-43 17 -29 0
49 7 29 0
-46 -1 -37 0
-7 30 8 0
-22 -13 -31 0
RESULT seed=4021 sm=1 pm=0 result=1 decisions=12 conflicts=10
RESULT seed=4021 sm=3 pm=0 result=1 decisions=12 conflicts=10
RESULT seed=4021 sm=1 pm=1 result=1 decisions=60 conflicts=109
RESULT seed=4021 sm=3 pm=1 result=1 decisions=38 conflicts=67
INSTANCE seed=4022 n=50 m=220
p cnf 50 220
39 -37 -3 0
22 -20 43 0
-25 38 30 0
-33 -41 17 0
30 -15 14 0
22 -24 -17 0
43 -2 27 0
-44 -34 19 0
39 25 -10 0
19 4 3 0
28 44 18 0
24 25 -42 0
-25 -16 -20 0
16 18 10 0
1 -19 18 0
-8 11 48 0
-11 46 -24 0
-19 21 45 0
-19 -47 -25 0
12 -46 -19 0
-22 30 -29 0
3 34 -45 0
28 7 8 0
44 -29 -33 0
8 31 37 0
-18 3 -42 0
-10 27 -1 0
5 36 -32 0
17 47 6 0
40 -48 39 0
-30 15 34 0
-41 -42 37 0
11 -36 -8 0
-15 13 11 0
20 -35 15 0
29 38 -5 0
-23 -45 -14 0
48 45 10 0
-34 47 -20 0
49 -30 -13 0
-22 39 34 0
-15 49 -13 0
22 44 -10 0
-33 37 -7 0
-27 -35 -40 0
31 8 18 0
46 -41 -19 0
-34 -22 -47 0
-37 12 -14 0
17 -10 28 0
24 -46 -4 0
24 32 16 0
-45 18 9 0
-5 3 -1 0
-23 36 -35 0
-13 7 -26 0
20 -27 -26 0
-31 34 -1 0
-23 -3 1 0
-42 45 -39 0
46 4 -1 0
-5 13 -37 0
-10 -43 3 0
23 -41 -26 0
-30 -43 -17 0
-8 29 13 0
-23 -7 45 0
-31 41 -13 0
-24 -13 37 0
5 -32 -29 0
-28 3 -34 0
26 -6 -15 0
-5 2 48 0
-34 43 15 0
-24 16 -17 0
46 -44 -17 0
17 -46 5 0
-12 -45 33 0
-25 13 -48 0
-31 25 -29 0
-43 -2 6 0
22 -46 -24 0
13 -4 29 0
-7 5 31 0
36 -11 50 0
35 -31 -4 0
36 -8 48 0
-10 8 20 0
30 4 -5 0
42 -15 -6 0
-45 -3 8 0
-8 -48 42 0
-12 -3 -2 0
-14 35 5 0
-30 25 -4 0
-12 -42 20 0
17 -15 -37 0
13 -38 49 0
-46 -12 -39 0
-36 -20 29 0
35 26 8 0
1 8 -30 0
36 -35 -6 0
8 32 -45 0
1 -24 -20 0
-41 -50 -35 0
-6 -38 27 0
41 -26 -42 0
-19 31 -7 0
-47 -29 -6 0
38 -34 4 0
-12 1 45 0
-29 -47 -27 0
-19 39 35 0
-17 3 1 0
18 -34 -28 0
17 -18 13 0
5 41 19 0
-38 -41 17 0
12 -44 22 0
36 -16 26 0
11 -12 13 0
-32 27 -29 0
5 -10 26 0
48 37 35 0
-16 44 -37 0
48 31 5 0
34 16 -27 0
50 32 -10 0
46 -20 12 0
7 4 -31 0
49 -50 -37 0
3 50 37 0
-24 -4 7 0
-23 -30 -10 0
21 -42 -8 0
-40 -48 -1 0
-34 -7 8 0
38 44 32 0
14 -49 8 0
-40 -25 -39 0
5 12 -10 0
36 -31 8 0
-35 -27 -16 0
19 -22 -9 0
-18 24 42 0
-31 50 -27 0
34 43 42 0
-39 29 24 0
-41 -24 -38 0
2 -17 20 0
-7 -9 50 0
24 36 38 0
-34 5 37 0
-7 -16 48 0
40 -5 -17 0
33 14 -44 0
5 28 -8 0
40 -4 -1 0
12 -9 5 0
46 -35 -29 0
13 -38 4 0
27 45 46 0
27 -28 -12 0
-22 30 -27 0
-11 -5 -12 0
29 37 -47 0
-14 9 18 0
3 15 34 0
-12 -44 36 0
-14 28 -39 0
-24 16 -15 0
49 -47 -45 0
-16 2 10 0
-46 -49 -23 0
-41 29 44 0
41 -44 -5 0
11 -16 -22 0
44 23 -29 0
18 -6 10 0
-43 -24 -33 0
37 -35 12 0
-14 36 -46 0
-28 -22 -12 0
45 -13 11 0
26 -19 32 0
42 -31 -26 0
34 -19 39 0
-21 19 47 0
-3 46 -33 0
14 18 -46 0
-26 -30 37 0
46 -33 48 0
14 -48 16 0
-44 -5 -4 0
-37 -19 -50 0
49 -38 -22 0
13 7 50 0
36 -46 -17 0
-8 42 -20 0
21 -48 -40 0
-29 30 -16 0
-49 6 -3 0
-44 -21 12 0
-46 1 23 0
42 29 9 0
-40 3 -23 0
22 -46 -7 0
-6 -39 45 0
32 35 20 0
25 7 -42 0
28 -41 -13 0
42 40 5 0
-47 17 -29 0
-7 17 -11 0
3 42 -45 0
50 31 -17 0
-41 -30 19 0
20 2 -18 0
22 -9 23 0
RESULT seed=4022 sm=1 pm=0 result=0 decisions=71 conflicts=143
RESULT seed=4022 sm=3 pm=0 result=0 decisions=65 conflicts=131
RESULT seed=4022 sm=1 pm=1 result=0 decisions=54 conflicts=109
RESULT seed=4022 sm=3 pm=1 result=0 decisions=82 conflicts=165
INSTANCE seed=4023 n=50 m=220
p cnf 50 220
-14 -38 45 0
-32 26 29 0
-30 -5 -19 0
48 -1 13 0
-49 -19 -7 0
18 -15 -43 0
37 -3 12 0
45 -25 50 0
1 -27 -34 0
-30 -1 50 0
-10 -19 1 0
24 44 20 0
37 28 -18 0
-22 -39 -41 0
-7 -11 -49 0
-42 6 -8 0
-5 -37 24 0
-25 44 -41 0
47 40 24 0
45 -23 -36 0
-20 -33 -5 0
18 -27 39 0
-28 38 -44 0
-50 -44 -48 0
-17 -1 30 0
-16 10 18 0
-8 -10 -36 0
-44 50 10 0
-16 -27 -32 0
-25 42 -26 0
17 -40 29 0
-45 11 26 0
-17 22 -26 0
-20 -5 -46 0
-23 -26 -44 0
41 16 29 0
7 18 47 0
37 -21 -45 0
33 29 24 0
-39 -27 -37 0
-33 20 -1 0
33 -40 -43 0
-46 -43 19 0
41 13 33 0
-14 -28 23 0
-2 -25 -29 0
-47 -37 -6 0
-5 44 -40 0
-13 34 -21 0
-39 -40 14 0
-11 5 -18 0
-25 -42 -20 0
5 39 -4 0
28 -23 25 0
-1 -36 -40 0
45 -7 -9 0
39 -40 10 0
-6 -36 -22 0
-1 10 45 0
45 -4 7 0
25 -30 -6 0
-49 36 32 0
27 20 25 0
44 29 -42 0
-14 4 31 0
21 32 -42 0
-3 47 33 0
18 -17 25 0
-18 7 33 0
-11 42 28 0
-31 -32 -20 0
14 39 -10 0
-27 29 4 0
19 -38 -26 0
3 44 11 0
-1 -42 30 0
-7 43 -44 0
-24 20 19 0
-5 -26 15 0
-17 50 -43 0
38 -18 -49 0
-10 4 -9 0
-40 14 -50 0
14 -19 33 0
-15 -43 -8 0
45 -35 -17 0
-28 9 11 0
-50 4 12 0
35 7 -30 0
35 1 34 0
3 37 18 0
-45 35 10 0
-5 43 21 0
-1 48 -46 0
-33 -2 -27 0
39 -34 -12 0
9 -45 -6 0
16 19 -11 0
-1 -30 17 0
-17 -4 18 0
3 -50 27 0
-28 40 49 0
-8 46 -39 0
16 -37 1 0
49 8 -27 0
-9 45 -43 0
25 -28 -23 0
-3 -28 8 0
14 -2 44 0
50 -21 -7 0
-25 -18 24 0
-10 -50 24 0
10 -49 3 0
43 -13 6 0
-17 -21 -46 0
17 -42 -21 0
16 49 -14 0
43 -10 27 0
-26 20 50 0
-18 -5 9 0
-38 -27 28 0
-24 43 26 0
31 14 -35 0
-25 -16 34 0
-13 -45 47 0
-14 -21 -29 0
-43 -15 -18 0
11 -39 41 0
-9 -12 -8 0
-21 -15 -9 0
-40 25 31 0
45 -35 42 0
-23 10 -35 0
-3 41 -43 0
-4 43 -36 0
-11 -45 -32 0
8 -41 22 0
-27 -13 39 0
-7 -40 46 0
-12 -46 26 0
-40 20 -41 0
-44 -32 38 0
-3 -25 2 0
-45 23 22 0
28 -25 -8 0
23 5 -42 0
-47 29 -46 0
-26 -32 8 0
36 -41 3 0
14 -19 6 0
-20 -25 41 0
-47 -37 46 0
22 -13 -24 0
-2 38 27 0
6 -5 -16 0
36 22 -44 0
-11 -21 -18 0
32 27 19 0
-21 2 -14 0
40 -34 15 0
22 -47 -38 0
7 -38 -29 0
-33 40 47 0
32 -21 -43 0
-7 20 -10 0
-4 22 -21 0
3 -9 33 0
16 43 -30 0
35 25 -14 0
-19 13 -49 0
-11 -1 14 0
-11 -46 -13 0
-26 3 36 0
-48 38 13 0
50 -28 6 0
10 35 7 0
8 -28 -47 0
2 -8 13 0
25 31 13 0
39 48 -5 0
50 -6 25 0
-4 -36 29 0
20 31 -16 0
43 22 -24 0
9 -25 -30 0
41 34 44 0
-7 16 -49 0
-19 10 28 0
6 5 -24 0
-48 -33 41 0
30 41 -24 0
-20 -34 -3 0
-11 27 -15 0
-2 41 47 0
41 46 -30 0
38 11 -23 0
35 28 -5 0
44 -45 -27 0
10 -28 36 0
8 -14 33 0
48 9 -14 0
-21 35 3 0
50 -36 -27 0
32 -3 1 0
12 19 -44 0
-41 -47 50 0
-19 -29 32 0
-6 -26 -7 0
25 -6 -24 0
-13 40 -14 0
35 29 8 0
-41 -43 -14 0
33 -5 -49 0
36 -38 31 0
-11 42 -5 0
49 -35 -30 0
-10 28 50 0
3 50 -12 0
42 -31 13 0
45 -12 43 0
RESULT seed=4023 sm=1 pm=0 result=0 decisions=144 conflicts=289
RESULT seed=4023 sm=3 pm=0 result=0 decisions=160 conflicts=321
RESULT seed=4023 sm=1 pm=1 result=0 decisions=109 conflicts=219
RESULT seed=4023 sm=3 pm=1 result=0 decisions=143 conflicts=287
INSTANCE seed=4024 n=50 m=220
p cnf 50 220
40 -38 -37 0
43 33 -14 0
36 -22 -7 0
14 -10 -9 0
17 22 50 0
14 -7 -19 0
31 -4 47 0
45 16 30 0
13 30 -9 0
-42 48 -47 0
-36 -44 46 0
49 -3 -5 0
-42 3 -10 0
47 13 4 0
17 -44 -39 0
36 23 -39 0
-46 5 -39 0
41 -20 42 0
-31 40 -21 0
-30 21 34 0
-35 -39 -22 0
34 -27 -39 0
29 -32 -7 0
-10 -14 -25 0
-21 22 -13 0
16 -45 -7 0
43 22 -33 0
-15 -38 14 0
6 7 -10 0
-35 -14 4 0
16 23 -50 0
-30 -15 23 0
-8 -45 26 0
-47 -30 27 0
-18 22 -2 0
44 -4 40 0
40 -22 -26 0
42 21 4 0
31 -1 -8 0
-5 44 -4 0
-18 -14 -32 0
-15 37 29 0
13 -44 23 0
-49 14 46 0
-11 18 -46 0
-30 -9 14 0
45 -50 22 0
-27 -44 49 0
-14 -43 12 0
-23 43 -38 0
12 43 48 0
-27 -24 -23 0
-44 -25 7 0
-23 4 -2 0
9 49 38 0
26 15 46 0
-23 -8 -46 0
37 11 -31 0
-44 -3 46 0
32 7 -8 0
-15 23 -16 0
-16 -49 4 0
-3 -8 -14 0
25 -15 32 0
-44 37 -23 0
-7 25 -41 0
25 -15 16 0
24 35 38 0
15 50 28 0
-41 -23 -31 0
-21 43 36 0
-16 -6 -8 0
-20 -17 16 0
3 10 42 0
-46 32 39 0
15 -48 18 0
42 -44 28 0
43 -27 18 0
-24 22 25 0
-47 -8 -32 0
3 -28 24 0
38 44 -7 0
-6 -40 2 0
-8 4 26 0
-18 -39 47 0
23 -43 25 0
21 -7 24 0
-7 -14 40 0
13 7 36 0
20 -39 33 0
33 12 23 0
-18 -25 38 0
49 33 -7 0
11 23 29 0
23 6 -33 0
-49 -22 47 0
-45 24 -34 0
-2 -13 22 0
-46 -23 16 0
27 16 29 0
-48 30 -39 0
-36 5 -44 0
46 -29 7 0
30 4 -27 0
-21 -8 -10 0
38 -23 7 0
-23 20 -4 0
-23 -49 20 0
-28 9 -8 0
19 18 -10 0
4 15 -38 0
-2 -41 -1 0
-29 17 -37 0
27 -17 39 0
41 -15 1 0
13 -14 -31 0
15 30 -28 0
-34 -13 49 0
-33 -23 17 0
47 39 -41 0
-19 18 -45 0
-10 -22 -26 0
-12 7 -29 0
-3 30 47 0
45 -9 50 0
-13 -35 7 0
13 21 -20 0
-44 2 23 0
-35 -34 39 0
-14 16 29 0
-26 -23 41 0
36 29 6 0
12 -30 -5 0
23 25 -6 0
24 18 43 0
-28 -36 -40 0
8 23 28 0
-5 44 13 0
-27 2 10 0
47 -1 49 0
-42 -24 41 0
33 40 10 0
-4 46 -3 0
-2 8 -39 0
45 -44 -48 0
21 22 14 0
-18 29 -12 0
-16 -38 50 0
-10 -11 17 0
-48 -26 -44 0
29 -46 -41 0
40 11 3 0
17 31 42 0
48 -3 -39 0
-33 -6 41 0
-47 28 43 0
8 26 31 0
-1 -27 47 0
35 49 -22 0
39 -18 30 0
-12 25 -17 0
-35 37 23 0
41 10 -45 0
34 39 46 0
21 -22 28 0
40 10 43 0
11 41 31 0
16 40 41 0
-34 -32 -21 0
-14 8 17 0
13 -41 -22 0
30 22 37 0
-21 12 -43 0
15 -7 18 0
-31 -49 -15 0
6 37 -29 0
-39 12 -18 0
-6 -47 18 0
5 -37 35 0
-18 -4 19 0
-36 22 -1 0
-20 -15 48 0
15 2 -6 0
7 -33 47 0
40 2 22 0
-50 -6 -20 0
12 13 -11 0
10 3 11 0
37 17 -14 0
-3 -6 -35 0
10 32 -37 0
-13 28 21 0
25 43 -30 0
4 34 -40 0
-14 -49 -29 0
19 -8 48 0
25 -2 -8 0
24 -8 -40 0
40 -18 25 0
-1 -32 36 0
2 36 -14 0
-17 8 -37 0
-45 23 19 0
-17 11 19 0
27 -5 14 0
-26 40 45 0
-18 3 27 0
-27 40 48 0
37 36 -17 0
-12 8 47 0
-10 -16 31 0
7 -12 -42 0
19 -45 12 0
31 19 -3 0
19 29 -3 0
-15 21 -38 0
-29 -21 15 0
-41 -18 -28 0
-25 -2 34 0
37 -1 -13 0
RESULT seed=4024 sm=1 pm=0 result=0 decisions=100 conflicts=201
RESULT seed=4024 sm=3 pm=0 result=0 decisions=130 conflicts=261
RESULT seed=4024 sm=1 pm=1 result=0 decisions=116 conflicts=233
RESULT seed=4024 sm=3 pm=1 result=0 decisions=176 conflicts=353
INSTANCE seed=4025 n=50 m=220
p cnf 50 220
16 38 -29 0
4 39 50 0
41 39 -46 0
-29 -20 5 0
-35 26 -44 0
10 -48 -44 0
25 5 -32 0
-46 7 -11 0
24 33 48 0
-49 -28 43 0
28 40 31 0
-43 -50 7 0
14 39 -44 0
-9 38 24 0
-48 46 50 0
-39 -23 -29 0
46 20 -14 0
-44 -24 35 0
5 11 37 0
-8 7 33 0
-38 48 -10 0
43 -11 -12 0
9 42 8 0
18 -33 -30 0
-23 49 20 0
38 6 1 0
-30 40 33 0
-23 5 25 0
-2 -8 -22 0
-47 45 -16 0
-37 34 9 0
-3 31 -26 0
-4 34 -38 0
-18 27 -45 0
28 43 39 0
49 -25 46 0
35 -32 24 0
5 -4 46 0
-1 -45 -38 0
-44 16 46 0
27 -12 -6 0
-46 -8 39 0
-30 -18 -4 0
-7 -2 -45 0
-19 8 -42 0
4 -16 30 0
48 -47 -16 0
-17 29 -43 0
6 16 -8 0
-35 4 26 0
-46 20 37 0
10 -25 3 0
37 32 9 0
8 9 -5 0
-17 -20 12 0
-13 18 38 0
-20 -2 46 0
-48 -35 39 0
-27 -17 -38 0
-36 -34 -6 0
-42 -50 -8 0
49 -22 -43 0
38 49 -15 0
-19 -26 1 0
35 -25 9 0
-26 -7 23 0
4 26 -19 0
26 21 6 0
-1 11 -43 0
24 9 -43 0
32 -43 39 0
-23 40 -20 0
-4 -50 7 0
-47 33 8 0
7 -26 35 0
14 -35 50 0
-38 44 -41 0
13 -36 -16 0
49 29 -18 0
6 -39 29 0
-7 -19 44 0
20 -19 -36 0
-22 16 41 0
-33 44 39 0
32 9 1 0
34 36 41 0
-26 -4 17 0
-4 -44 21 0
15 11 -31 0
-46 17 -22 0
48 -22 37 0
-22 -14 -29 0
4 14 -1 0
40 32 -17 0
-22 -50 45 0
-48 8 -37 0
-43 -23 8 0
-11 12 27 0
-24 -34 30 0
-47 37 45 0
-13 -29 27 0
16 -10 38 0
36 -12 -38 0
16 -26 -38 0
8 23 32 0
37 4 -30 0
-5 20 45 0
5 1 -7 0
-49 -37 15 0
41 -36 -10 0
8 15 -25 0
17 23 -31 0
30 -22 3 0
4 41 11 0
-48 -17 6 0
36 -14 9 0
6 -13 12 0
-16 18 -47 0
-42 -1 -28 0
-16 29 28 0
-35 41 -50 0
32 50 -3 0
2 -30 -37 0
-48 -15 28 0
50 -43 13 0
-20 10 25 0
-13 33 32 0
34 -20 12 0
-38 -7 -18 0
3 -21 46 0
1 -27 -46 0
47 -1 48 0
30 -36 -2 0
-39 7 -19 0
-2 -45 -19 0
-12 26 -41 0
-25 -14 -40 0
-44 19 -43 0
21 31 36 0
-9 -42 -24 0
-17 -12 -27 0
43 4 50 0
-28 -27 -45 0
6 13 -29 0
-23 45 -30 0
22 -50 -35 0
-40 -31 36 0
33 10 27 0
-15 -46 -36 0
48 7 2 0
-27 -24 -15 0
33 8 -18 0
24 6 -16 0
-47 39 -5 0
6 -4 -33 0
3 -27 5 0
48 19 -35 0
-17 35 -25 0
-42 -32 -49 0
42 47 33 0
-34 -22 21 0
-7 45 38 0
-28 -45 29 0
-7 -50 -47 0
-31 8 41 0
8 9 -2 0
-42 5 36 0
-33 21 29 0
44 -34 26 0
7 -18 -19 0
16 -17 -28 0
25 45 1 0
8 42 34 0
19 -27 -39 0
-45 48 4 0
39 -35 -22 0
18 24 21 0
-19 -12 3 0
-24 -40 38 0
5 -14 -33 0
45 -29 47 0
-9 -20 -30 0
48 6 10 0
-3 -33 37 0
-46 11 -29 0
-44 8 1 0
-38 -37 -34 0
21 -38 -33 0
24 -27 39 0
-31 -34 -35 0
22 -39 -21 0
13 -28 -38 0
22 25 -40 0
45 35 -8 0
-5 18 42 0
4 -7 50 0
21 24 35 0
47 30 -4 0
41 -2 -14 0
-12 45 39 0
-38 -18 -5 0
16 -11 23 0
14 30 12 0
29 40 -42 0
37 44 25 0
-14 11 4 0
12 -19 18 0
-14 33 17 0
6 -16 -18 0
3 1 -14 0
29 -17 50 0
-23 -1 -33 0
-23 40 -13 0
7 43 -29 0
-21 2 29 0
24 -11 22 0
6 28 -46 0
-1 -42 -22 0
9 -30 39 0
50 23 -41 0
RESULT seed=4025 sm=1 pm=0 result=0 decisions=127 conflicts=255
RESULT seed=4025 sm=3 pm=0 result=0 decisions=137 conflicts=275
RESULT seed=4025 sm=1 pm=1 result=0 decisions=150 conflicts=301
RESULT seed=4025 sm=3 pm=1 result=0 decisions=183 conflicts=367
INSTANCE seed=4026 n=50 m=220
p cnf 50 220
-41 38 21 0
-14 45 -35 0
46 6 35 0
-44 30 -1 0
4 -30 -37 0
5 -39 -20 0
18 6 -17 0
46 -48 -42 0
36 -35 7 0
15 -41 -43 0
5 -42 2 0
-25 -50 5 0
-22 -16 -11 0
43 3 -34 0
-24 -36 42 0
-44 40 38 0
-35 -8 -23 0
-45 -12 -30 0
-31 -17 23 0
-42 -4 -37 0
-15 43 -32 0
13 -7 -20 0
-28 32 -50 0
19 -41 45 0
43 11 7 0
-8 28 47 0
-4 10 44 0
-11 43 45 0
-12 -16 -7 0
30 22 -39 0
-28 17 12 0
9 18 44 0
-36 30 -32 0
-37 31 -49 0
34 -1 30 0
25 -50 3 0
7 35 21 0
5 32 22 0
-44 -36 -6 0
-45 11 8 0
46 -15 -40 0
29 15 25 0
46 5 -43 0
35 15 -40 0
41 -33 16 0
-26 -11 2 0
1 -32 49 0
31 -11 -7 0
23 36 15 0
26 -45 8 0
3 -28 -31 0
-22 -46 9 0
23 -2 42 0
-46 41 -45 0
-22 -27 -23 0
39 13 -27 0
-50 -9 -46 0
-1 34 22 0
40 -23 -26 0
-37 6 -26 0
-34 42 32 0
28 36 -21 0
-46 23 -24 0
27 -38 39 0
-7 31 -29 0
6 21 -18 0
-26 23 36 0
17 28 14 0
7 -37 -19 0
27 -14 33 0
15 -34 -2 0
-28 41 17 0
-15 25 13 0
49 13 -5 0
-10 -25 47 0
31 -35 -28 0
19 -39 -32 0
-43 40 21 0
-30 -20 26 0
8 -46 -17 0
44 41 -24 0
-1 -49 38 0
-17 -37 18 0
-7 18 -16 0
-17 -47 28 0
36 28 50 0
-26 19 -6 0
38 -26 29 0
38 6 -26 0
25 42 -45 0
14 13 -7 0
17 -47 44 0
-38 -24 46 0
1 -29 -17 0
-17 33 -43 0
-50 -23 -27 0
-28 -29 -4 0
35 31 -5 0
-31 32 -3 0
-10 -12 25 0
-48 -31 38 0
8 -20 -42 0
23 -3 6 0
14 39 48 0
-8 -29 43 0
35 22 -33 0
-49 -32 -1 0
-37 -44 4 0
-19 -5 -45 0
-26 30 -42 0
6 44 14 0
-24 11 8 0
3 5 -30 0
15 35 -19 0
-17 -24 -31 0
13 -17 49 0
-11 -43 17 0
6 15 -49 0
-38 6 -49 0
-35 39 -22 0
-43 12 -34 0
-13 33 14 0
29 -24 -4 0
34 10 2 0
37 -34 16 0
32 30 -34 0
11 -40 -4 0
39 -33 1 0
-38 -44 39 0
10 -37 22 0
-19 37 18 0
29 -4 24 0
42 48 16 0
-33 -11 48 0
-43 50 33 0
39 -21 42 0
-39 30 -16 0
-7 -36 -19 0
10 40 -31 0
39 -38 -23 0
6 -44 34 0
-9 -23 -14 0
-30 8 22 0
-7 -48 -4 0
8 4 39 0
-25 39 47 0
14 2 43 0
39 -4 -12 0
-27 50 -22 0
-19 8 -14 0
-48 -37 41 0
-5 -48 49 0
-26 34 7 0
39 -46 3 0
-23 21 -22 0
-22 25 -47 0
42 47 10 0
31 5 -7 0
6 -10 18 0
-8 -40 -14 0
45 -32 -9 0
6 28 2 0
-6 -27 -8 0
38 49 12 0
-1 9 18 0
-15 14 -47 0
-41 -46 28 0
40 -8 -6 0
9 -19 -20 0
22 30 -48 0
-37 -35 -23 0
15 45 -28 0
47 35 23 0
16 5 -44 0
50 -3 10 0
19 -31 -23 0
46 -16 -25 0
-38 -26 -31 0
-13 -41 40 0
-41 5 -35 0
31 12 -27 0
20 35 -23 0
18 8 -41 0
-16 -2 4 0
-19 -12 23 0
2 19 36 0
6 -5 35 0
30 29 -10 0
-44 15 -18 0
14 -5 -36 0
11 41 -33 0
18 42 -28 0
-43 45 -35 0
-43 5 4 0
31 11 28 0
49 -19 -16 0
2 -38 50 0
18 -21 32 0
-8 -38 10 0
-16 2 -13 0
-34 41 38 0
-24 -22 -30 0
40 -35 -1 0
7 -9 5 0
12 -39 -38 0
-20 40 7 0
-1 -39 -3 0
-35 11 -17 0
30 -42 43 0
-34 33 43 0
18 -35 -15 0
45 -7 -24 0
1 -2 37 0
16 37 -10 0
42 -28 -37 0
-44 -18 8 0
32 -6 -17 0
4 7 -25 0
34 37 -39 0
-44 35 7 0
RESULT seed=4026 sm=1 pm=0 result=0 decisions=121 conflicts=243
RESULT seed=4026 sm=3 pm=0 result=0 decisions=159 conflicts=319
RESULT seed=4026 sm=1 pm=1 result=0 decisions=94 conflicts=189
RESULT seed=4026 sm=3 pm=1 result=0 decisions=123 conflicts=247
INSTANCE seed=4027 n=50 m=220
p cnf 50 220
17 38 -13 0
25 -1 21 0
1 -23 24 0
9 40 48 0
-22 34 31 0
-1 30 -45 0
12 7 -2 0
46 -39 22 0
47 38 32 0
26 38 -40 0
37 -16 35 0
-26 -19 33 0
34 29 9 0
-50 -24 15 0
30 28 23 0
-28 35 48 0
-29 49 23 0
1 -35 26 0
9 5 19 0
-13 30 33 0
-43 15 -37 0
-11 27 -7 0
17 -11 -26 0
6 10 2 0
31 49 -5 0
-35 -23 -2 0
-43 -30 50 0
-7 -23 11 0
46 32 15 0
-16 -27 15 0
-42 7 14 0
-37 -33 42 0
15 -1 -43 0
24 -33 37 0
42 -8 -37 0
-28 -27 -41 0
-7 -46 -44 0
2 48 -15 0
38 33 14 0
-40 -15 16 0
13 2 28 0
-40 -20 -29 0
-26 -18 17 0
-23 28 -37 0
47 24 10 0
19 38 -21 0
16 1 -47 0
5 33 40 0
18 -30 -22 0
13 -47 2 0
-7 -38 -35 0
16 5 43 0
34 -35 13 0
-37 13 -10 0
-18 -6 33 0
33 -15 40 0
19 41 26 0
-6 -22 1 0
9 11 20 0
-49 6 7 0
25 -21 48 0
-46 -22 23 0
-38 -22 -7 0
-50 38 -11 0
-19 47 -49 0
6 15 -12 0
-28 -38 -37 0
45 -7 -2 0
25 -41 3 0
-17 -24 34 0
-37 -30 -32 0
-16 -12 -30 0
30 43 5 0
46 6 -15 0
5 -31 -24 0
45 29 -38 0
-9 -1 15 0
-16 -39 38 0
-29 -1 45 0
-2 28 -16 0
-25 -19 35 0
27 7 -46 0
46 50 -39 0
-8 15 -6 0
28 -32 33 0
40 -13 35 0
8 -22 -39 0
-43 30 -46 0
22 -18 33 0
-22 8 -18 0
-4 -11 25 0
6 29 -42 0
-45 -36 40 0
45 39 -35 0
28 -22 -43 0
-17 6 -20 0
33 41 4 0
7 -14 -37 0
31 -28 10 0
49 14 -32 0
-8 -48 11 0
-20 32 -7 0
36 6 -30 0
7 -11 -5 0
29 49 28 0
-31 13 45 0
40 21 14 0
-19 -4 -23 0
-29 35 -17 0
4 -50 37 0
45 29 15 0
-12 -40 5 0
25 -19 -9 0
-40 -17 42 0
27 12 -26 0
42 -10 24 0
-18 -43 33 0
6 -26 35 0
32 40 1 0
10 45 23 0
-35 25 -14 0
-27 28 -11 0
10 -4 39 0
16 -24 30 0
43 -7 -28 0
46 -23 50 0
-4 -44 9 0
46 -44 42 0
14 4 13 0
-10 -6 -8 0
41 28 30 0
32 -21 -5 0
-22 44 -37 0
24 -17 -8 0
-1 -42 -48 0
26 23 -29 0
47 24 27 0
5 24 -35 0
14 21 3 0
9 -34 -35 0
44 -15 18 0
18 1 15 0
-10 31 -35 0
23 -13 36 0
-36 -28 15 0
38 -14 43 0
21 44 -23 0
-23 -6 -31 0
-42 -49 -35 0
-48 35 -30 0
-3 25 -22 0
28 -45 -5 0
23 47 9 0
-48 18 45 0
-6 44 -31 0
11 -24 -9 0
25 -13 10 0
34 -21 -16 0
21 16 -35 0
13 49 -2 0
34 -33 -8 0
-47 9 10 0
-41 -3 -16 0
-27 -1 -15 0
-43 24 -42 0
40 -33 27 0
40 39 -43 0
44 -38 -17 0
-39 22 19 0
20 35 45 0
49 -26 -41 0
20 -27 -11 0
17 -30 22 0
-47 45 -19 0
26 -33 34 0
14 -2 -24 0
-33 -15 -43 0
-49 34 13 0
29 -50 -35 0
3 13 11 0
42 -43 -6 0
-34 10 42 0
3 -30 36 0
-22 24 15 0
30 22 -8 0
17 -3 -1 0
24 26 47 0
32 19 -38 0
4 44 14 0
-39 22 -49 0
-2 -35 14 0
-5 22 -15 0
-41 34 8 0
48 4 34 0
3 -28 38 0
33 34 -17 0
5 13 -36 0
27 -18 -46 0
5 -20 -12 0
2 -12 22 0
-8 25 -44 0
-6 -24 -23 0
3 1 -21 0
38 39 -8 0
10 22 -34 0
-47 28 41 0
19 12 33 0
-43 -50 5 0
-24 -46 -13 0
-28 15 -45 0
-35 3 -48 0
39 -27 -7 0
-5 22 33 0
-22 3 -50 0
9 12 50 0
-19 -13 11 0
-23 -19 17 0
-33 -13 3 0
-39 -6 -42 0
-20 40 11 0
RESULT seed=4027 sm=1 pm=0 result=0 decisions=87 conflicts=175
RESULT seed=4027 sm=3 pm=0 result=0 decisions=67 conflicts=135
RESULT seed=4027 sm=1 pm=1 result=0 decisions=82 conflicts=165
RESULT seed=4027 sm=3 pm=1 result=0 decisions=78 conflicts=157
INSTANCE seed=4028 n=50 m=220
p cnf 50 220
-43 39 -5 0
-36 -7 -6 0
7 -40 13 0
24 50 44 0
-41 37 -24 0
-47 22 -21 0
-6 -7 37 0
-47 31 3 0
9 -41 6 0
-37 -35 29 0
-5 28 -36 0
-22 43 -15 0
-29 48 45 0
-46 -13 -34 0
38 3 36 0
-47 21 50 0
-45 17 39 0
5 35 -11 0
26 -21 -7 0
8 -20 -11 0
50 33 43 0
43 -8 -28 0
44 -22 -32 0
21 25 -11 0
-1 -41 -3 0
-41 49 -1 0
-26 16 -39 0
22 1 -9 0
25 -7 50 0
-9 15 2 0
18 1 19 0
6 -22 48 0
-1 -19 48 0
-16 -17 -41 0
34 37 -48 0
-6 1 24 0
30 -20 33 0
22 -24 35 0
40 10 33 0
18 22 37 0
-11 -15 -26 0
-15 14 12 0
46 -43 -48 0
31 -16 -33 0
-11 -31 -44 0
-26 24 42 0
50 -3 12 0
-49 35 -39 0
24 -19 2 0
-2 47 -24 0
-17 -45 20 0
-47 18 -40 0
-30 47 -9 0
-12 -15 9 0
11 -5 -2 0
-35 44 6 0
-40 38 9 0
3 30 21 0
-13 36 44 0
7 41 -4 0
44 4 12 0
-47 39 -23 0
-39 -46 -10 0
-5 13 -36 0
23 1 -43 0
12 9 -14 0
-10 -27 17 0
40 3 -48 0
-42 31 14 0
48 35 -22 0
14 -25 12 0
-4 34 43 0
-44 11 -46 0
-32 22 -50 0
28 4 -12 0
24 6 -8 0
20 -36 24 0
-30 15 -33 0
-24 -15 47 0
32 36 44 0
-36 -34 -16 0
26 21 -19 0
28 -37 32 0
24 -33 -32 0
40 -17 -36 0
-1 47 -21 0
25 -10 28 0
-34 -9 -42 0
-8 37 41 0
-30 -40 -48 0
-43 -32 -22 0
22 -20 -1 0
10 -44 20 0
1 -23 10 0
-37 12 -43 0
-14 -6 -34 0
-11 -12 46 0
28 -9 -48 0
42 10 -46 0
8 23 -30 0
-34 -28 -37 0
1 -48 41 0
-11 -15 -48 0
-21 16 -13 0
-31 15 13 0
35 29 -26 0
7 -28 5 0
-33 34 40 0
-41 12 44 0
-3 16 -44 0
29 -25 -34 0
18 49 8 0
40 -35 43 0
-23 34 42 0
39 22 27 0
-27 -7 47 0
40 38 -7 0
30 46 16 0
29 37 -12 0
6 -25 -10 0
-26 -20 -41 0
-49 -22 -41 0
-34 17 24 0
-45 24 -39 0
38 -5 6 0
-9 5 -38 0
23 44 7 0
-46 8 23 0
-15 -43 36 0
-34 -31 -22 0
45 -10 -35 0
16 12 -5 0
-41 20 37 0
-12 -40 7 0
7 25 -48 0
-35 13 -48 0
-38 -3 8 0
-37 18 43 0
6 4 -11 0
-17 -29 45 0
-13 -45 -1 0
49 -47 30 0
42 -18 34 0
-28 16 31 0
50 48 35 0
-8 -30 13 0
-15 -32 35 0
-12 -11 -24 0
-26 -38 -12 0
41 43 -46 0
13 46 -8 0
27 47 37 0
47 7 43 0
-5 -25 1 0
1 -8 13 0
-5 -30 -4 0
-7 -40 15 0
-23 -27 24 0
-45 33 32 0
7 12 -48 0
6 -34 28 0
-38 -2 13 0
-14 -17 23 0
17 50 -44 0
3 -39 -8 0
48 22 -30 0
-34 -19 -28 0
50 -19 15 0
38 -30 24 0
44 47 -19 0
-28 12 16 0
36 1 34 0
22 -44 -37 0
-27 -29 -1 0
9 5 29 0
-15 43 8 0
49 -33 14 0
41 26 -35 0
-3 32 10 0
-9 -30 15 0
20 36 -3 0
-25 34 -48 0
-35 -11 -38 0
-2 -30 27 0
46 -26 -40 0
33 44 -32 0
38 16 42 0
-48 -8 -34 0
-9 -16 15 0
-24 10 15 0
-23 30 -29 0
46 -6 5 0
-47 -43 -7 0
19 -45 42 0
-30 -4 -28 0
-32 41 -49 0
-10 14 -47 0
-28 26 -34 0
-33 -39 8 0
36 -30 14 0
30 -25 -37 0
-47 -24 12 0
29 44 -13 0
17 20 37 0
-13 46 48 0
19 2 34 0
-33 -49 15 0
-10 2 25 0
-47 -27 -29 0
20 30 14 0
-47 1 -36 0
-43 31 48 0
31 21 -42 0
-10 19 44 0
-1 15 36 0
-22 21 8 0
-25 3 39 0
7 -28 50 0
23 -48 -2 0
28 47 2 0
RESULT seed=4028 sm=1 pm=0 result=0 decisions=74 conflicts=149
RESULT seed=4028 sm=3 pm=0 result=0 decisions=75 conflicts=151
RESULT seed=4028 sm=1 pm=1 result=0 decisions=69 conflicts=139
RESULT seed=4028 sm=3 pm=1 result=0 decisions=71 conflicts=143
INSTANCE seed=4029 n=50 m=220
p cnf 50 220
18 -39 47 0
-46 -14 42 0
12 7 -2 0
39 10 -40 0
9 -41 17 0
-43 13 47 0
-49 -8 22 0
-47 22 33 0
20 -43 -30 0
-49 31 35 0
-1 15 3 0
26 -7 40 0
7 -4 -5 0
13 -16 27 0
41 12 -35 0
-47 25 -18 0
-16 -30 22 0
15 -31 18 0
-15 -44 21 0
40 35 -37 0
-10 -4 8 0
-8 -36 2 0
28 -25 7 0
38 37 41 0
-19 -21 -34 0
50 -47 -25 0
-49 9 -1 0
28 36 -29 0
8 -5 32 0
-35 3 -2 0
-39 43 45 0
24 25 12 0
-4 37 38 0
4 -8 -1 0
44 25 -16 0
10 -34 26 0
7 2 45 0
-23 43 50 0
5 -42 37 0
2 46 -29 0
8 9 28 0
25 -40 -8 0
-45 -17 -18 0
29 39 4 0
29 -25 -39 0
-28 34 10 0
12 -34 5 0
-28 43 37 0
-38 -30 21 0
17 -25 -29 0
-6 -25 3 0
14 -9 15 0
20 44 -35 0
43 13 1 0
-10 26 16 0
15 9 36 0
29 14 17 0
-46 4 -28 0
49 -9 -10 0
29 47 -43 0
3 28 38 0
-46 -30 45 0
-16 23 35 0
45 40 -30 0
49 -48 2 0
-47 39 4 0
16 -9 29 0
-36 -17 -7 0
-43 2 44 0
17 -6 -31 0
25 35 -31 0
-20 41 -43 0
-5 4 -47 0
8 -13 -32 0
-8 25 -27 0
-47 36 -1 0
-7 -38 -11 0
-24 11 45 0
-44 -17 18 0
-32 38 -42 0
-39 8 -5 0
-40 -29 -43 0
-20 15 38 0
23 45 3 0
17 40 37 0
11 36 38 0
-21 -44 -28 0
12 -22 -39 0
-24 19 33 0
-17 -49 50 0
37 -40 8 0
-19 -50 -34 0
33 -49 -15 0
11 48 43 0
-48 -44 -4 0
2 -21 -24 0
24 13 -16 0
7 50 12 0
-21 -43 -44 0
8 30 -46 0
-14 -4 -1 0
-13 -40 -5 0
38 26 -27 0
-29 33 14 0
25 2 43 0
-42 -21 -5 0
-14 6 39 0
-10 47 -15 0
26 11 -10 0
20 -38 -50 0
-43 36 13 0
-34 3 -5 0
43 46 -11 0
8 -36 7 0
-32 -17 -28 0
-17 -9 42 0
-28 -7 36 0
-21 -19 -20 0
21 -1 43 0
48 -2 -23 0
35 -49 -46 0
-39 -1 24 0
-3 -27 -34 0
-23 -44 -1 0
32 -4 -47 0
16 3 32 0
-29 -13 -17 0
-23 18 -7 0
4 32 16 0
26 -37 30 0
-18 -36 -19 0
36 10 12 0
10 28 -18 0
-6 42 -10 0
1 -4 40 0
18 40 -31 0
23 16 -11 0
-45 9 46 0
-14 -29 -11 0
-7 -34 -26 0
-22 43 -10 0
-14 50 -16 0
31 33 -46 0
23 -40 -43 0
21 -7 -24 0
-41 12 -20 0
-48 -7 -36 0
13 -39 6 0
-49 39 -5 0
-26 -32 33 0
3 -11 -36 0
46 -50 -42 0
14 -22 30 0
7 -43 -12 0
39 15 50 0
40 26 9 0
22 -7 -33 0
14 -15 41 0
-22 38 -4 0
-44 -47 11 0
32 22 -23 0
17 -43 23 0
-38 27 -19 0
8 4 -14 0
6 23 19 0
-29 26 -23 0
-36 20 -1 0
-27 -37 24 0
-33 -29 23 0
5 -11 46 0
2 23 28 0
9 43 -20 0
-20 -3 41 0
3 20 22 0
8 -19 -10 0
-10 44 47 0
35 -2 -8 0
-38 -48 3 0
27 34 41 0
8 9 -18 0
25 -28 23 0
34 45 13 0
23 24 -41 0
30 -23 -25 0
-32 -19 -36 0
1 -43 -29 0
47 -22 -31 0
-11 -19 -20 0
37 -49 -44 0
-25 -4 -6 0
-40 7 -3 0
13 -49 17 0
48 49 25 0
-14 -6 25 0
16 -42 4 0
1 -42 48 0
24 -5 -12 0
-44 49 -38 0
42 15 -43 0
33 10 -14 0
-38 43 -6 0
13 -50 42 0
-31 -33 1 0
50 33 30 0
-27 14 42 0
15 -34 35 0
42 -29 45 0
22 46 1 0
44 -14 8 0
-3 -9 -24 0
-29 -4 44 0
37 10 9 0
-49 -5 -7 0
-17 -16 45 0
43 28 26 0
-6 2 -45 0
32 1 -45 0
5 44 -39 0
16 -32 -43 0
-16 -1 -2 0
RESULT seed=4029 sm=1 pm=0 result=1 decisions=22 conflicts=31
RESULT seed=4029 sm=3 pm=0 result=1 decisions=22 conflicts=30
RESULT seed=4029 sm=1 pm=1 result=1 decisions=13 conflicts=10
RESULT seed=4029 sm=3 pm=1 result=1 decisions=14 conflicts=12
INSTANCE seed=4030 n=50 m=220
p cnf 50 220
-44 -39 41 0
8 -26 50 0
23 -7 40 0
37 -4 -14 0
-36 26 -3 0
39 14 -3 0
45 48 -20 0
11 32 -41 0
-26 12 33 0
-3 -27 -20 0
-39 -21 -6 0
-8 39 20 0
23 21 13 0
-20 12 -23 0
49 8 -10 0
3 -21 31 0
44 48 39 0
11 43 -46 0
-24 20 17 0
45 39 31 0
1 -41 -23 0
-29 46 28 0
-6 43 44 0
2 -6 28 0
40 -26 48 0
-3 1 -48 0
-43 37 -17 0
-50 8 -7 0
35 7 -20 0
-46 -40 -26 0
-19 40 -28 0
-44 1 11 0
23 7 -10 0
-50 -36 -47 0
17 44 21 0
12 -50 -41 0
-25 19 -12 0
13 -26 -48 0
30 31 16 0
-40 -13 16 0
-4 2 14 0
7 -17 -14 0
-1 40 -2 0
-43 -33 -40 0
-9 37 -14 0
-24 -32 40 0
17 -21 -12 0
-20 -29 -19 0
23 -24 -9 0
18 -9 -45 0
21 15 5 0
8 -31 47 0
18 -33 27 0
-10 28 -4 0
-4 -42 -12 0
-16 19 -28 0
-29 -40 17 0
-21 -34 1 0
-20 36 -2 0
-33 43 7 0
21 -45 23 0
17 15 8 0
-14 45 -17 0
-16 -11 34 0
-31 9 -32 0
24 45 19 0
-26 -4 -28 0
-4 -14 15 0
40 -10 2 0
49 45 36 0
2 -16 21 0
31 -26 -18 0
24 48 -29 0
15 32 45 0
-46 -34 -26 0
-16 -27 -38 0
21 32 -9 0
25 35 -10 0
35 -27 -4 0
36 18 -5 0
-44 -30 43 0
-31 3 19 0
34 37 9 0
-26 7 -25 0
-35 38 -25 0
19 -6 34 0
-44 46 36 0
-5 -29 -46 0
2 -32 29 0
30 -23 -26 0
16 4 -19 0
-42 -46 17 0
-20 -6 -41 0
27 -12 17 0
-30 -31 -41 0
12 -21 -19 0
-36 6 31 0
47 8 45 0
45 22 -11 0
29 34 15 0
-23 7 49 0
-34 47 39 0
30 25 -32 0
23 -33 29 0
-9 -46 -31 0
-26 48 4 0
-27 25 36 0
34 42 46 0
-17 -22 15 0
-1 -11 -27 0
28 -10 -38 0
-24 48 -21 0
27 13 -34 0
-10 31 3 0
-17 45 12 0
-8 -1 -21 0
-5 -17 22 0
-6 39 -29 0
-38 21 -31 0
7 -35 -23 0
1 -7 41 0
14 -4 -16 0
26 -21 29 0
-13 7 40 0
-19 6 28 0
-1 -9 -21 0
8 1 -33 0
-29 6 8 0
1 -28 -7 0
28 -39 -48 0
25 50 8 0
-26 -27 -49 0
31 -49 23 0
-16 -47 -15 0
-23 -6 26 0
14 -22 46 0
13 -28 44 0
27 30 -43 0
6 49 3 0
-44 -8 45 0
8 15 -32 0
21 -31 13 0
18 13 3 0
12 2 -15 0
-48 17 -31 0
-25 -5 -39 0
34 -9 -12 0
46 27 -35 0
-17 36 -25 0
-26 3 -14 0
28 -27 29 0
5 -25 50 0
-46 -24 -17 0
-29 -30 22 0
-5 -49 29 0
44 4 -39 0
34 12 -21 0
39 18 -21 0
49 -35 42 0
-10 -39 -7 0
-31 49 29 0
-2 17 38 0
-1 -26 -3 0
-41 -4 -46 0
47 -18 -44 0
26 7 46 0
-41 14 17 0
-43 16 13 0
20 -18 -29 0
-12 -27 -44 0
50 37 -45 0
-36 -47 -25 0
-14 12 -30 0
-11 -28 -18 0
36 25 31 0
35 28 26 0
-47 17 -42 0
-31 15 -28 0
32 -29 -33 0
7 27 20 0
-40 -36 -37 0
25 -38 -42 0
26 -35 49 0
8 45 20 0
-37 -41 -47 0
-12 -4 14 0
-12 -7 46 0
-29 41 -32 0
39 36 -37 0
-35 22 -15 0
-41 -25 -47 0
1 29 41 0
1 -7 21 0
-43 -5 -41 0
-5 4 -25 0
2 -5 -49 0
-50 11 42 0
19 1 50 0
-46 47 8 0
-34 49 12 0
7 37 -40 0
-3 10 -50 0
37 8 -36 0
49 -39 17 0
16 -37 33 0
49 -17 -38 0
-42 -6 -47 0
-29 49 -33 0
-23 -33 -7 0
44 -39 20 0
-13 -29 27 0
-36 50 28 0
27 -7 -25 0
-32 -6 29 0
-17 13 48 0
29 28 23 0
-11 35 -45 0
-43 -7 -27 0
-7 -46 23 0
-7 -15 28 0
RESULT seed=4030 sm=1 pm=0 result=1 decisions=14 conflicts=10
RESULT seed=4030 sm=3 pm=0 result=1 decisions=14 conflicts=10
RESULT seed=4030 sm=1 pm=1 result=1 decisions=51 conflicts=85
RESULT seed=4030 sm=3 pm=1 result=1 decisions=50 conflicts=84
INSTANCE seed=4031 n=50 m=220
p cnf 50 220
20 -39 31 0
-17 26 -13 0
-22 -41 -30 0
-20 -30 -32 0
46 48 -4 0
-34 45 48 0
-37 10 -42 0
48 -4 -45 0
-43 -49 -29 0
21 -25 30 0
-15 13 -20 0
27 -45 46 0
-31 29 -1 0
-27 -9 -40 0
-3 45 47 0
15 -20 22 0
44 14 28 0
-26 -10 -21 0
-29 -20 5 0
-39 -21 6 0
-10 -39 47 0
-11 -46 -33 0
-50 34 43 0
11 -42 14 0
16 -35 10 0
-28 -46 26 0
23 6 -14 0
-36 -6 15 0
-32 -5 40 0
28 14 44 0
34 -33 13 0
-40 17 -9 0
25 -15 42 0
-20 1 9 0
-23 -33 39 0
25 24 47 0
-44 1 33 0
1 -46 -17 0
-40 20 -24 0
-37 14 32 0
31 -28 -16 0
42 41 26 0
-38 35 -11 0
5 23 43 0
-32 -30 -45 0
39 24 50 0
38 -35 -42 0
35 43 -23 0
46 -20 -41 0
-22 39 20 0
-2 -33 -10 0
-28 -22 12 0
-9 15 -21 0
13 -5 39 0
42 7 19 0
-24 -11 22 0
47 26 22 0
-1 7 -28 0
-46 -45 6 0
-40 20 36 0
-48 7 12 0
-19 -6 20 0
-20 -21 35 0
9 34 -13 0
-27 29 38 0
-21 -9 -43 0
-6 -23 -39 0
-36 -42 49 0
-46 42 19 0
-17 2 50 0
49 14 -8 0
-7 -12 27 0
-4 -22 -17 0
-10 -36 50 0
12 47 8 0
-34 -38 -13 0
-38 -34 26 0
-22 -44 -47 0
34 24 -39 0
26 38 -44 0
-5 40 50 0
13 23 30 0
-50 46 38 0
-6 46 -11 0
-25 -39 31 0
45 -41 -47 0
42 8 -26 0
25 2 -37 0
-2 16 -13 0
-41 49 -31 0
-37 38 48 0
10 -30 41 0
-47 21 -6 0
31 35 -16 0
8 29 3 0
17 14 -8 0
-46 5 -44 0
4 -19 47 0
-1 13 27 0
-22 -15 -41 0
-13 36 29 0
-39 40 33 0
22 35 -12 0
-2 34 16 0
49 20 30 0
42 44 -49 0
-11 12 -20 0
-19 -15 -23 0
33 10 15 0
21 -11 6 0
-15 -48 -30 0
-13 10 45 0
14 -17 35 0
47 9 36 0
21 31 9 0
42 27 -32 0
15 -32 39 0
-13 -42 -28 0
36 39 -1 0
42 37 27 0
-42 -7 -47 0
-18 26 30 0
-40 -7 5 0
-13 -2 3 0
-27 -44 -40 0
3 11 35 0
-43 -41 -4 0
12 19 -40 0
37 20 48 0
-27 15 31 0
-30 41 -43 0
-38 35 -30 0
40 -17 -4 0
-29 19 -45 0
-39 21 29 0
2 -31 -36 0
-11 47 32 0
-16 -5 -26 0
48 -30 9 0
41 28 -50 0
-48 -35 -5 0
48 29 34 0
35 -12 8 0
-40 -10 21 0
-38 -40 -29 0
-11 32 -10 0
3 48 -22 0
-45 17 -25 0
-20 23 -25 0
46 -18 11 0
9 -7 10 0
18 -48 33 0
-3 29 -38 0
-12 17 28 0
-43 49 4 0
-10 -41 11 0
-30 6 45 0
34 -4 29 0
42 -2 -33 0
35 -2 39 0
38 -2 -10 0
-31 -43 -30 0
-10 -1 33 0
-9 23 16 0
28 -4 32 0
7 -26 13 0
-34 10 -21 0
-38 -15 20 0
-29 30 -41 0
24 -43 -49 0
-14 42 -2 0
-46 5 45 0
-23 9 2 0
36 19 35 0
21 3 12 0
-13 -47 -41 0
39 -32 -34 0
-40 5 50 0
27 -45 24 0
45 -8 31 0
-10 19 49 0
-2 5 32 0
-47 1 13 0
-49 17 8 0
22 15 -50 0
27 41 11 0
-47 12 -43 0
-41 -29 -50 0
45 13 49 0
40 26 48 0
-30 4 -40 0
34 -4 40 0
29 30 35 0
-15 17 4 0
-48 13 12 0
-24 -45 10 0
39 31 28 0
-27 25 -14 0
25 -32 -11 0
22 27 34 0
1 -29 2 0
-10 47 -23 0
15 -49 7 0
18 -33 50 0
14 -49 7 0
-23 -37 40 0
-1 -38 -46 0
14 9 -18 0
10 31 50 0
-46 -40 -5 0
45 48 37 0
6 7 29 0
-9 -8 -13 0
2 4 -42 0
39 45 -4 0
-22 16 27 0
-37 36 -30 0
-6 -1 28 0
-8 9 31 0
-50 24 48 0
RESULT seed=4031 sm=1 pm=0 result=1 decisions=46 conflicts=80
RESULT seed=4031 sm=3 pm=0 result=1 decisions=56 conflicts=98
RESULT seed=4031 sm=1 pm=1 result=1 decisions=31 conflicts=47
RESULT seed=4031 sm=3 pm=1 result=1 decisions=46 conflicts=74
INSTANCE seed=4032 n=50 m=220
p cnf 50 220
-46 39 23 0
28 32 48 0
-28 -8 19 0
35 -39 28 0
-14 -2 47 0
-30 37 24 0
-30 11 -27 0
-48 45 25 0
-5 1 -3 0
33 21 27 0
47 38 -3 0
-28 -13 24 0
43 -41 -48 0
-34 30 21 0
8 37 -28 0
49 10 48 0
-46 -2 -22 0
34 49 -6 0
49 22 -19 0
-37 16 -38 0
4 14 -35 0
3 -15 33 0
28 18 14 0
-7 33 -37 0
46 -30 -11 0
42 16 -4 0
-44 -9 -31 0
-37 15 8 0
-6 42 -17 0
-8 22 1 0
24 -40 -4 0
-38 -47 28 0
-38 -26 13 0
-9 13 29 0
-38 23 -24 0
48 -16 29 0
45 47 -30 0
36 -26 45 0
-26 4 49 0
-24 -9 10 0
11 10 -21 0
-15 40 44 0
-30 -43 23 0
-13 -18 5 0
26 -27 46 0
16 47 -9 0
33 4 7 0
-6 -40 -42 0
41 4 -1 0
5 50 -40 0
-47 -50 -35 0
20 49 -17 0
-40 -49 20 0
42 22 33 0
45 50 -31 0
4 -22 -3 0
19 5 27 0
31 -10 -1 0
-44 -19 39 0
-6 18 -23 0
-19 -27 -22 0
47 -10 31 0
48 44 24 0
-26 10 33 0
-38 17 -21 0
35 31 -23 0
-41 -31 -35 0
-18 35 -32 0
-9 -39 -6 0
-23 -30 -15 0
-49 28 -4 0
11 15 -36 0
42 -43 3 0
-1 -10 -11 0
16 11 -45 0
3 -36 23 0
38 -14 -20 0
-21 -41 36 0
-8 -37 -36 0
17 12 44 0
-28 38 13 0
-20 -4 -9 0
27 26 -14 0
-32 -1 6 0
16 -38 -12 0
-4 -43 -34 0
47 -50 38 0
29 48 20 0
-7 22 21 0
3 45 -8 0
22 47 -21 0
-7 3 23 0
-43 -13 -38 0
2 -35 -50 0
-4 -2 35 0
-17 -43 14 0
-10 31 -35 0
29 41 50 0
-43 49 29 0
16 -25 10 0
-16 -10 19 0
-22 24 30 0
-40 -37 -20 0
38 -1 21 0
38 -23 2 0
9 34 35 0
-34 20 -47 0
-38 7 -46 0
-34 29 -44 0
-4 -28 31 0
45 -13 -4 0
46 -14 35 0
-27 -39 17 0
-35 -7 -28 0
45 -18 -31 0
-2 6 17 0
6 -2 -30 0
24 -32 26 0
44 -13 29 0
-47 -19 -7 0
-48 -5 -30 0
45 -39 -15 0
41 -24 -44 0
-42 -3 18 0
5 49 -23 0
-1 47 13 0
-4 -48 -18 0
-3 44 22 0
-21 45 7 0
1 39 29 0
48 28 11 0
43 47 -40 0
-39 30 26 0
29 44 -18 0
8 -39 -42 0
-13 -5 -44 0
6 -10 -42 0
-13 -48 -2 0
-11 -26 -46 0
14 23 42 0
-37 -25 -18 0
13 11 -26 0
-38 -46 14 0
7 21 -2 0
31 3 -11 0
2 25 -19 0
-38 -5 9 0
10 19 -8 0
24 48 28 0
-29 -42 1 0
29 -37 18 0
-34 16 -5 0
36 -46 23 0
30 -21 -24 0
-35 48 -34 0
-30 41 -28 0
19 -12 -33 0
46 5 48 0
-50 -13 -43 0
-48 18 -37 0
-44 40 28 0
39 -50 1 0
-11 -2 15 0
-37 -9 -22 0
-11 -50 34 0
4 -45 -11 0
-48 49 -17 0
4 -27 20 0
-22 20 44 0
31 -44 4 0
-6 11 -10 0
27 15 -26 0
-41 -39 -27 0
-18 10 42 0
21 -16 26 0
38 40 9 0
-36 35 -2 0
49 -40 -29 0
-29 6 34 0
-4 45 -10 0
14 -1 39 0
-47 1 49 0
-4 -35 -37 0
-28 38 -9 0
-48 35 19 0
-33 -25 35 0
42 -25 -26 0
15 -34 -5 0
44 -19 -28 0
5 43 -45 0
-15 -10 20 0
14 -7 2 0
27 -6 22 0
36 -17 14 0
40 29 -4 0
22 -23 -18 0
50 -40 -8 0
-36 9 -26 0
-16 9 5 0
-7 32 -19 0
-10 -34 48 0
42 -9 -46 0
37 -45 21 0
9 31 -30 0
46 -24 44 0
-8 -42 14 0
16 -1 -33 0
33 -24 26 0
10 -5 -35 0
-29 27 23 0
31 28 -1 0
47 -30 11 0
11 -38 7 0
-10 -31 39 0
48 40 -15 0
2 -11 -47 0
21 47 9 0
37 11 16 0
45 -4 15 0
5 1 -39 0
RESULT seed=4032 sm=1 pm=0 result=0 decisions=81 conflicts=163
RESULT seed=4032 sm=3 pm=0 result=0 decisions=81 conflicts=163
RESULT seed=4032 sm=1 pm=1 result=0 decisions=101 conflicts=203
RESULT seed=4032 sm=3 pm=1 result=0 decisions=148 conflicts=297
INSTANCE seed=4033 n=50 m=220
p cnf 50 220
21 40 -15 0
39 -6 -35 0
33 19 -17 0
-23 39 -4 0
24 -29 -45 0
-2 -25 7 0
38 25 -43 0
-5 20 11 0
34 -6 -4 0
35 36 -7 0
15 -9 -12 0
-37 31 27 0
38 -30 -14 0
6 37 33 0
-40 14 -46 0
11 19 -3 0
-43 45 -14 0
21 5 -23 0
46 35 14 0
-28 48 30 0
9 17 16 0
15 -27 -41 0
-42 -20 13 0
48 -3 -5 0
-50 -3 40 0
22 30 43 0
-42 45 34 0
-43 -42 -3 0
-24 -32 25 0
-27 -3 -38 0
45 23 -42 0
-2 19 29 0
30 12 26 0
27 -38 8 0
-42 -30 5 0
45 -23 41 0
-42 43 30 0
-24 3 37 0
-1 46 -28 0
-8 -7 41 0
-2 -28 19 0
-40 -34 -27 0
50 -18 5 0
-21 -6 -14 0
31 20 15 0
-15 4 -45 0
20 14 -40 0
19 -46 -33 0
5 26 47 0
23 -21 38 0
-35 -42 25 0
1 -7 50 0
-38 -26 -18 0
-42 -15 -35 0
-13 -18 -5 0
3 20 -8 0
-31 47 -11 0
-20 9 -41 0
2 -20 8 0
-2 50 15 0
27 -35 -11 0
18 -40 -7 0
21 -24 -11 0
-34 46 -11 0
29 36 -1 0
2 8 13 0
33 2 8 0
-43 -29 -3 0
-27 40 38 0
-3 7 -39 0
18 2 10 0
45 40 7 0
19 3 -28 0
14 47 -37 0
47 -3 24 0
5 32 -8 0
48 27 16 0
48 -6 26 0
-39 -33 12 0
-44 22 34 0
-19 22 7 0
29 43 -2 0
24 -7 10 0
45 16 -2 0
21 -22 39 0
36 35 16 0
34 -40 20 0
1 6 33 0
27 -36 -38 0
-31 27 45 0
13 4 27 0
-9 -37 6 0
-34 -29 -32 0
14 19 23 0
-39 -12 6 0
34 11 5 0
3 25 -23 0
-44 16 1 0
8 -19 -23 0
-47 16 -29 0
-25 -9 19 0
-22 -41 -40 0
17 42 -41 0
40 42 31 0
-5 -47 39 0
29 -24 41 0
33 14 -43 0
23 3 -35 0
-6 -49 -41 0
41 29 -6 0
-1 -8 -37 0
39 46 15 0
33 -15 43 0
23 19 -34 0
-4 16 -31 0
-15 -14 27 0
16 32 -44 0
41 10 28 0
-3 23 14 0
-4 7 42 0
46 2 -45 0
4 24 -31 0
-48 23 -24 0
13 14 31 0
13 45 -39 0
-46 -43 2 0
13 15 2 0
19 -7 14 0
-49 3 15 0
36 44 42 0
-24 23 -25 0
-16 -42 22 0
-6 21 33 0
-37 10 21 0
-15 -36 25 0
45 -37 -34 0
-33 -40 -11 0
-47 29 -23 0
11 9 38 0
32 -50 -7 0
-49 -46 23 0
38 21 -26 0
-22 -34 -3 0
25 -17 1 0
26 10 6 0
34 -14 -7 0
-18 40 -45 0
-2 28 24 0
-7 -13 47 0
31 -49 27 0
18 26 9 0
20 -5 47 0
39 35 22 0
24 -46 -39 0
-18 -33 1 0
-28 -32 4 0
-13 4 -1 0
-16 -22 8 0
4 -35 42 0
3 27 -17 0
-40 -49 41 0
-42 -10 49 0
-13 18 12 0
13 27 2 0
30 -35 27 0
-44 1 -50 0
31 -45 -8 0
-48 -8 -36 0
-47 15 -29 0
-25 -9 40 0
34 15 33 0
38 20 -37 0
-27 49 42 0
-5 -17 -31 0
-3 21 1 0
-30 -44 -7 0
33 3 29 0
-28 -44 10 0
-3 20 -26 0
-9 -14 -8 0
-32 -28 -18 0
10 6 13 0
-10 4 3 0
8 -29 44 0
-36 -20 -7 0
10 41 33 0
-5 -17 46 0
-9 -6 -16 0
-22 41 40 0
44 -42 -48 0
10 -13 20 0
8 -4 43 0
4 -44 -14 0
-42 -4 -45 0
-33 -25 -23 0
32 -24 -31 0
-40 23 -2 0
29 -48 35 0
14 -35 -7 0
-34 41 48 0
31 -6 49 0
28 -46 -48 0
18 37 -22 0
-24 35 -44 0
-14 -22 16 0
29 -1 -39 0
48 24 -36 0
30 -1 -16 0
47 38 30 0
17 -42 29 0
20 -4 49 0
10 -30 22 0
3 -50 -21 0
-19 30 -38 0
-42 32 -20 0
40 46 -7 0
-45 -46 5 0
27 24 -10 0
23 20 25 0
39 38 -19 0
RESULT seed=4033 sm=1 pm=0 result=0 decisions=74 conflicts=149
RESULT seed=4033 sm=3 pm=0 result=0 decisions=71 conflicts=143
RESULT seed=4033 sm=1 pm=1 result=0 decisions=67 conflicts=135
RESULT seed=4033 sm=3 pm=1 result=0 decisions=106 conflicts=213
INSTANCE seed=4034 n=50 m=220
p cnf 50 220
-47 40 7 0
-49 -45 19 0
-38 42 46 0
-15 -9 -20 0
1 10 34 0
22 -19 25 0
-18 -13 47 0
49 -27 36 0
-28 -7 2 0
-5 15 22 0
11 36 -20 0
-28 -1 -31 0
16 17 -44 0
48 22 33 0
20 -17 8 0
-14 19 -43 0
-43 10 -39 0
-25 -9 15 0
19 7 30 0
5 35 29 0
12 -25 -4 0
24 11 -14 0
-21 -30 20 0
-13 18 -14 0
-20 -45 37 0
28 -6 41 0
25 -30 -23 0
-7 21 2 0
4 7 -10 0
20 41 -25 0
-21 18 -47 0
21 -8 36 0
-16 31 -32 0
-19 23 -11 0
-33 -9 -17 0
-23 48 25 0
15 18 19 0
-44 29 7 0
-3 23 -47 0
-36 13 12 0
50 41 18 0
-15 28 10 0
-21 -43 -36 0
29 44 10 0
-45 28 -49 0
22 40 -16 0
-4 -16 6 0
-13 48 31 0
11 -27 -40 0
-37 -35 -20 0
11 -44 35 0
-19 3 -15 0
14 26 10 0
19 28 16 0
-50 24 -31 0
-29 45 -43 0
31 10 -34 0
-12 -19 37 0
37 26 -5 0
-48 -4 -50 0
49 12 20 0
-44 24 33 0
-41 -17 -32 0
-16 35 -33 0
-14 -11 8 0
-4 1 -6 0
27 34 -6 0
19 -40 50 0
-15 23 -34 0
-34 21 27 0
-40 -36 -13 0
-5 27 44 0
-50 23 -49 0
-9 45 -13 0
-26 -33 10 0
14 43 -1 0
38 15 -34 0
45 -22 -14 0
-36 -17 -39 0
3 -9 -31 0
-8 27 -12 0
11 6 -18 0
25 -3 45 0
8 44 36 0
-29 -19 -34 0
36 22 40 0
6 -43 22 0
-46 11 48 0
-4 11 -19 0
39 -46 24 0
-50 -33 -6 0
37 -46 47 0
41 18 35 0
-26 -17 -42 0
40 -49 -20 0
25 35 -42 0
-50 6 -37 0
-29 -18 -41 0
3 -36 21 0
-22 35 -17 0
-48 -31 46 0
-14 -15 -46 0
38 -45 -1 0
18 -47 -38 0
-8 -36 43 0
22 13 33 0
-11 -8 -2 0
26 -50 48 0
-14 46 21 0
37 -7 -33 0
6 13 41 0
-26 13 50 0
-43 40 -47 0
-10 25 34 0
-20 34 -41 0
-27 -7 -25 0
-42 7 47 0
30 -18 -28 0
36 -16 -45 0
10 13 29 0
-14 24 45 0
14 12 26 0
46 -12 -40 0
35 -1 -13 0
33 -1 25 0
-47 -17 -18 0
21 -16 12 0
35 -28 -31 0
-28 -5 15 0
26 -6 31 0
-19 -35 -3 0
3 -27 43 0
-18 33 -48 0
47 -17 31 0
34 2 -44 0
-23 -41 -15 0
-34 -19 36 0
26 13 16 0
-46 -43 -49 0
-2 17 -35 0
-3 -4 -41 0
-39 9 29 0
26 -1 -40 0
-39 -13 -40 0
42 -28 -45 0
-49 -43 -50 0
6 -25 12 0
-32 30 9 0
23 1 34 0
8 -48 -39 0
9 -22 -10 0
-46 44 -49 0
7 -25 3 0
-6 -13 45 0
-35 18 36 0
5 -42 26 0
-49 -37 25 0
17 -45 -7 0
37 15 3 0
-6 19 50 0
26 -39 -44 0
-38 50 -18 0
-34 40 26 0
-1 15 -4 0
-20 6 -25 0
-50 -13 -31 0
-41 -42 -40 0
-20 -26 11 0
-26 35 44 0
-8 -24 28 0
34 -8 -5 0
-38 19 -47 0
44 8 1 0
-49 -6 -19 0
-37 18 -2 0
43 -25 -3 0
-11 16 15 0
30 -26 33 0
-36 2 12 0
50 -38 -16 0
-40 19 14 0
-7 -32 35 0
-25 48 -31 0
48 8 -30 0
-40 -5 47 0
6 22 -44 0
-6 1 26 0
-28 -48 49 0
-34 -26 -2 0
37 -15 -28 0
15 32 -12 0
24 14 -11 0
37 -50 -41 0
24 -39 -4 0
-4 19 -44 0
32 -50 -31 0
5 31 50 0
-1 32 21 0
-12 -7 30 0
39 7 -12 0
10 45 -14 0
32 -25 -3 0
35 32 -14 0
28 -27 -24 0
-20 3 9 0
-46 -29 13 0
26 8 25 0
47 -43 -4 0
-10 26 5 0
41 -3 -37 0
10 -44 46 0
-48 5 22 0
37 22 24 0
-1 -19 14 0
41 50 -1 0
6 40 -46 0
-6 -33 -30 0
-43 46 30 0
-20 34 -12 0
26 41 12 0
RESULT seed=4034 sm=1 pm=0 result=0 decisions=78 conflicts=157
RESULT seed=4034 sm=3 pm=0 result=0 decisions=135 conflicts=271
RESULT seed=4034 sm=1 pm=1 result=0 decisions=103 conflicts=207
RESULT seed=4034 sm=3 pm=1 result=0 decisions=125 conflicts=251
INSTANCE seed=4035 n=50 m=220
p cnf 50 220
23 40 49 0
10 -1 -5 0
-43 -9 35 0
-30 -19 16 0
-19 -13 27 0
17 -11 50 0
-12 -14 32 0
-49 -18 -17 0
-40 9 26 0
17 -11 -20 0
-42 11 -4 0
29 -20 -9 0
-28 29 -42 0
-5 -44 14 0
26 12 22 0
1 45 -28 0
-27 -24 21 0
-4 18 45 0
-33 -49 -17 0
-35 47 -38 0
49 -24 -12 0
-49 -45 -15 0
-28 -12 -21 0
-26 -29 33 0
22 40 -38 0
35 34 32 0
40 -9 16 0
12 21 -49 0
-1 -34 -32 0
-45 -14 28 0
12 46 2 0
-2 -40 -36 0
38 -31 -2 0
47 36 23 0
6 -35 -3 0
40 34 36 0
-35 -39 40 0
43 35 -30 0
44 -15 25 0
37 13 -30 0
-5 45 48 0
-33 5 -44 0
-48 23 32 0
-18 -35 41 0
2 -25 -11 0
-44 -30 -19 0
-13 32 4 0
25 10 -7 0
1 -43 48 0
38 9 12 0
33 11 -27 0
-5 13 -25 0
-21 24 -47 0
34 15 37 0
27 -31 -37 0
10 -36 26 0
42 -29 4 0
17 46 22 0
-2 -5 -44 0
-21 40 -5 0
-22 -15 1 0
-47 -17 -2 0
15 24 -17 0
34 -42 32 0
6 -50 -30 0
5 -3 11 0
-30 -39 47 0
-24 -1 22 0
-20 10 -8 0
-38 -17 -14 0
-10 38 -15 0
17 2 -33 0
-22 -29 -39 0
47 -39 38 0
-13 7 -44 0
-42 -20 21 0
-40 -38 16 0
16 32 37 0
28 -50 -7 0
40 -46 33 0
50 48 22 0
35 -12 15 0
-48 -39 -15 0
-5 42 37 0
5 -27 17 0
-22 -46 29 0
1 -18 -10 0
25 -44 14 0
7 -24 -28 0
-31 -14 42 0
10 -40 -45 0
-21 15 20 0
14 31 -26 0
-11 42 -22 0
8 11 1 0
-5 47 -4 0
-45 -49 4 0
-1 -32 38 0
-15 -5 9 0
25 44 42 0
42 37 32 0
-9 -6 42 0
-48 12 44 0
-9 27 -28 0
13 18 -10 0
29 12 -19 0
46 50 42 0
-22 -41 -35 0
-16 -48 4 0
7 -49 -1 0
-25 36 18 0
44 14 -31 0
35 2 -14 0
-1 48 30 0
-33 -37 2 0
-2 -39 -1 0
22 -17 -32 0
-50 19 -27 0
28 -19 -8 0
-27 16 22 0
46 -22 -29 0
27 -45 7 0
41 48 47 0
-18 -26 -1 0
-16 -2 -36 0
-37 -11 -3 0
6 -38 -12 0
-22 -17 -31 0
-24 39 -32 0
-28 -50 10 0
7 23 31 0
31 -9 -21 0
49 14 -10 0
-25 -11 46 0
-1 47 -40 0
-1 21 -37 0
43 -33 5 0
33 -41 -29 0
-3 -20 -24 0
38 16 -23 0
-22 14 1 0
6 41 -29 0
-45 47 26 0
-2 -9 25 0
-35 -6 -40 0
-38 -36 32 0
47 21 -23 0
-30 5 3 0
-46 12 -20 0
18 17 32 0
-16 -41 -27 0
-30 -42 -18 0
-43 -17 12 0
-21 -39 3 0
-44 24 -36 0
32 -22 -20 0
5 -6 -11 0
1 16 -7 0
-38 -35 29 0
31 30 29 0
25 -38 -48 0
-38 23 3 0
-26 19 16 0
-35 40 -17 0
-31 -38 32 0
-16 -23 31 0
-25 36 28 0
-30 -45 7 0
-1 2 -15 0
50 -17 26 0
24 -30 -5 0
-38 14 -31 0
-34 30 -28 0
-47 27 -24 0
21 42 32 0
-33 34 -19 0
12 -16 -50 0
28 -31 -25 0
-21 11 50 0
21 -44 50 0
-24 15 30 0
45 36 18 0
-13 -29 44 0
-48 38 -2 0
-1 15 7 0
-41 -37 -29 0
22 -19 48 0
-40 50 39 0
12 36 32 0
-33 41 12 0
37 15 -16 0
23 8 45 0
39 -45 50 0
42 1 31 0
-9 50 -39 0
25 -26 -4 0
28 -20 14 0
-40 -2 -16 0
-32 -4 24 0
-31 -25 -41 0
-21 -17 50 0
44 7 -42 0
19 -30 38 0
17 -26 -15 0
21 -24 28 0
37 9 -22 0
15 -10 -46 0
-13 -22 40 0
50 45 -34 0
17 -43 -3 0
45 -13 -26 0
-6 -46 15 0
45 -36 -16 0
12 49 21 0
-7 15 -1 0
1 18 -27 0
-19 49 14 0
5 -23 24 0
-43 -20 -19 0
31 42 47 0
RESULT seed=4035 sm=1 pm=0 result=1 decisions=52 conflicts=81
RESULT seed=4035 sm=3 pm=0 result=1 decisions=47 conflicts=75
RESULT seed=4035 sm=1 pm=1 result=1 decisions=32 conflicts=39
RESULT seed=4035 sm=3 pm=1 result=1 decisions=36 conflicts=50
INSTANCE seed=4036 n=50 m=220
p cnf 50 220
-48 -40 -41 0
-21 -7 40 0
-48 -26 -24 0
45 29 -12 0
37 -17 -21 0
13 -2 26 0
-5 14 17 0
-50 10 -48 0
-1 12 -24 0
17 45 43 0
-42 -47 -17 0
-16 -24 -35 0
-4 -39 16 0
42 -11 -43 0
31 21 35 0
40 37 -20 0
-14 -21 -11 0
41 49 -17 0
50 12 10 0
7 -28 -17 0
-42 30 -38 0
9 -28 -43 0
-7 -32 -44 0
49 31 10 0
-30 -32 41 0
-8 38 42 0
-2 -1 -36 0
27 49 -13 0
-7 -30 45 0
-35 24 29 0
1 7 -21 0
-22 38 -18 0
43 -4 41 0
-18 -16 -30 0
-5 -40 42 0
9 -17 48 0
-34 30 -48 0
7 -27 -35 0
-42 27 3 0
47 -17 -15 0
15 16 26 0
-13 -43 49 0
45 20 -2 0
23 43 17 0
37 -12 -7 0
23 20 -37 0
-1 3 -29 0
-24 30 -20 0
-32 -47 -35 0
-25 11 -23 0
-43 -48 24 0
-43 -3 26 0
21 48 -19 0
-29 47 8 0
-28 -29 38 0
-28 -17 -10 0
16 15 42 0
-28 -22 26 0
29 8 48 0
18 -31 39 0
9 -35 -20 0
8 -10 -46 0
-27 37 -7 0
20 -24 -2 0
11 50 -2 0
4 -36 14 0
-39 33 44 0
-41 -15 -20 0
-25 -7 18 0
-42 -33 38 0
-49 -9 4 0
46 13 -8 0
27 -13 11 0
-29 49 22 0
-21 -44 -38 0
-28 25 -22 0
24 22 -27 0
42 -43 -38 0
-20 2 25 0
-13 44 42 0
-42 -19 -44 0
-43 -11 18 0
-28 -50 5 0
-47 43 8 0
-11 -41 -39 0
24 -13 -21 0
-16 35 -2 0
29 13 -1 0
1 -24 27 0
-13 11 -4 0
-35 26 27 0
44 47 -2 0
-23 -1 -27 0
-30 47 -43 0
21 -7 1 0
40 -21 -44 0
-25 29 34 0
39 -7 -43 0
-27 -18 11 0
18 -35 -43 0
19 4 48 0
42 -1 9 0
-1 -8 -46 0
-5 -2 13 0
14 -2 10 0
-43 6 -41 0
-42 -3 4 0
11 -3 -40 0
33 -30 21 0
-30 34 42 0
13 -45 8 0
-40 14 25 0
-39 3 -24 0
-29 -18 2 0
32 1 -50 0
-44 20 -43 0
-7 -3 8 0
36 -28 -2 0
-50 8 -21 0
31 -13 29 0
-35 -10 -27 0
2 -7 50 0
-32 -46 -16 0
1 20 47 0
-39 -20 -21 0
-27 3 42 0
-1 -48 -31 0
14 -50 41 0
-27 41 25 0
-14 -34 -41 0
20 23 32 0
2 35 -24 0
10 16 -46 0
36 50 -25 0
10 20 -38 0
42 -25 -38 0
-35 6 45 0
-41 -43 6 0
28 -30 -43 0
-33 -43 -1 0
36 50 -24 0
32 -37 45 0
-9 26 -45 0
-26 22 -5 0
-15 -29 47 0
-46 -2 39 0
4 5 -36 0
21 22 39 0
24 -31 -33 0
-21 -25 31 0
27 -18 43 0
-36 -27 -48 0
-40 22 -43 0
43 13 -4 0
27 39 47 0
-33 14 36 0
28 15 18 0
19 34 42 0
-10 5 -38 0
-50 -49 -7 0
-33 38 -49 0
-12 22 -43 0
-43 -29 -19 0
8 -6 4 0
-39 -1 -15 0
-14 -27 23 0
14 -36 22 0
34 -49 -42 0
12 -27 -7 0
1 -40 -50 0
30 -27 16 0
26 -6 -8 0
2 -10 36 0
-6 -3 40 0
-36 13 41 0
36 -46 -41 0
-35 41 19 0
-10 -13 -2 0
-14 31 -22 0
-1 -25 -28 0
39 24 -9 0
8 12 29 0
-7 22 6 0
6 -7 25 0
-36 25 2 0
-19 -49 36 0
40 4 -49 0
-12 -21 9 0
-8 27 -35 0
29 -30 39 0
-45 -43 9 0
10 11 39 0
-20 -21 -14 0
22 18 31 0
-19 -22 18 0
31 28 -44 0
-29 -42 -39 0
9 24 -49 0
35 46 -10 0
45 -25 19 0
34 50 27 0
-1 44 -38 0
-43 48 -33 0
1 -33 -6 0
29 -7 21 0
19 37 -5 0
-13 -31 40 0
-21 24 -34 0
-28 32 50 0
-46 -17 22 0
11 8 -16 0
7 34 17 0
-13 39 22 0
-46 -28 -5 0
36 -17 -20 0
6 19 48 0
-35 -33 48 0
2 24 -42 0
12 25 -26 0
47 35 -28 0
RESULT seed=4036 sm=1 pm=0 result=0 decisions=62 conflicts=125
RESULT seed=4036 sm=3 pm=0 result=0 decisions=80 conflicts=161
RESULT seed=4036 sm=1 pm=1 result=0 decisions=65 conflicts=131
RESULT seed=4036 sm=3 pm=1 result=0 decisions=65 conflicts=131
INSTANCE seed=4037 n=50 m=220
p cnf 50 220
24 -40 33 0
-31 -14 -26 0
-4 43 -13 0
10 39 8 0
-6 21 14 0
9 -43 2 0
-49 15 2 0
50 1 28 0
-13 -14 -25 0
-39 5 -14 0
-6 -9 21 0
29 8 -15 0
-2 4 -38 0
18 -36 27 0
37 46 -34 0
19 35 47 0
-14 5 20 0
-17 13 -37 0
-39 34 -16 0
-50 -1 -22 0
45 30 13 0
29 31 -3 0
28 24 42 0
39 -9 14 0
40 -30 -22 0
-29 -47 34 0
37 -25 38 0
40 -50 -5 0
48 43 32 0
15 1 4 0
-36 47 -1 0
11 28 26 0
4 -24 -37 0
49 46 26 0
21 -8 45 0
1 -7 21 0
-25 32 41 0
-37 -5 -6 0
18 -9 -4 0
-4 -20 -34 0
-24 45 29 0
14 40 -11 0
9 33 -18 0
-30 3 -8 0
48 -37 1 0
-1 45 -48 0
-27 -7 -22 0
3 -45 5 0
28 30 -31 0
-34 -5 28 0
-18 -33 19 0
-18 5 -46 0
-3 -7 41 0
-10 -22 -34 0
20 44 -9 0
-21 2 -20 0
11 2 46 0
-47 17 -13 0
19 -24 -45 0
11 19 -10 0
-47 2 -15 0
-24 -42 -41 0
-13 42 7 0
-4 32 -38 0
44 24 -6 0
-24 14 -49 0
-50 18 37 0
-18 -50 30 0
15 -3 -10 0
14 -21 -25 0
38 -42 5 0
-34 -28 -47 0
-26 -9 28 0
-26 -43 29 0
16 27 33 0
12 -4 -41 0
24 -18 50 0
-20 43 29 0
50 -14 -44 0
-40 32 -29 0
36 27 11 0
-50 22 -23 0
40 -47 -7 0
-32 -15 -12 0
-5 17 20 0
45 -25 -2 0
28 31 16 0
-17 -37 7 0
-47 -34 -49 0
20 38 6 0
44 -36 -27 0
37 4 -31 0
-41 -7 19 0
-43 -3 30 0
-46 49 33 0
21 -9 -47 0
48 -36 -44 0
33 -49 -26 0
30 -13 -10 0
22 29 -16 0
-48 18 -4 0
49 -5 -15 0
-49 24 1 0
35 -28 41 0
45 32 15 0
40 37 41 0
-8 -46 -21 0
27 -10 -11 0
-21 6 1 0
-15 -22 -30 0
23 -39 -10 0
46 27 2 0
40 -16 -5 0
22 -13 -10 0
-24 41 31 0
-19 -37 24 0
12 -37 -17 0
-19 32 6 0
-48 45 28 0
35 -42 40 0
-27 39 -31 0
36 40 42 0
9 47 -22 0
2 17 -24 0
-7 50 23 0
39 -7 -10 0
40 24 -33 0
20 2 -40 0
-30 -38 9 0
10 36 -4 0
48 19 10 0
31 -22 -37 0
21 9 12 0
-7 -14 28 0
39 5 42 0
-22 -16 11 0
-11 -39 -41 0
-38 3 19 0
49 -47 16 0
-28 14 -34 0
9 -11 49 0
7 16 36 0
34 14 29 0
-18 17 19 0
-20 36 19 0
12 18 50 0
-19 -24 28 0
-11 14 -50 0
10 6 7 0
-14 -10 -50 0
3 24 43 0
-33 44 9 0
33 -27 -37 0
-23 13 34 0
-50 -2 1 0
12 16 1 0
44 14 15 0
40 29 50 0
-12 -29 -10 0
16 -30 -1 0
-12 38 28 0
22 -45 -43 0
4 14 43 0
-38 -20 2 0
18 21 -35 0
-24 34 -47 0
18 -7 30 0
-26 49 -11 0
46 -7 22 0
-49 -41 19 0
-38 -26 28 0
21 29 -40 0
32 -12 35 0
-19 -27 -22 0
44 29 10 0
39 -7 31 0
12 -40 -15 0
47 32 -45 0
1 -12 32 0
-50 -44 -12 0
18 -35 4 0
38 40 -8 0
38 49 -3 0
45 -15 32 0
24 47 22 0
-37 -28 12 0
17 -48 -2 0
-6 -41 13 0
-5 19 18 0
-6 -41 26 0
41 31 -32 0
33 20 9 0
43 18 -34 0
-22 -1 -14 0
-13 41 -4 0
39 -25 2 0
-25 -16 1 0
-23 10 39 0
6 -15 24 0
32 -2 -44 0
-29 -2 3 0
-24 -23 -37 0
-32 -14 -5 0
42 -12 -7 0
48 29 -7 0
6 4 -43 0
-2 24 -25 0
-48 -35 19 0
27 10 -15 0
34 7 -47 0
-6 39 48 0
47 32 -8 0
-43 20 10 0
-1 -29 24 0
-27 -23 -35 0
41 10 -21 0
16 -13 -43 0
-40 -32 -15 0
42 21 12 0
-29 -15 -43 0
RESULT seed=4037 sm=1 pm=0 result=0 decisions=79 conflicts=159
RESULT seed=4037 sm=3 pm=0 result=0 decisions=85 conflicts=171
RESULT seed=4037 sm=1 pm=1 result=0 decisions=85 conflicts=171
RESULT seed=4037 sm=3 pm=1 result=0 decisions=104 conflicts=209
INSTANCE seed=4038 n=50 m=220
p cnf 50 220
-50 -40 25 0
42 20 -11 0
9 10 -2 0
-26 49 4 0
24 3 48 0
-24 -44 -13 0
28 -21 33 0
-28 33 12 0
49 -14 38 0
39 35 -34 0
-26 39 -38 0
-2 -20 40 0
48 -11 33 0
16 11 -33 0
-41 26 5 0
-25 17 5 0
-41 22 39 0
-38 -24 34 0
-15 43 -44 0
-15 -30 -27 0
-23 -10 -7 0
10 -44 -3 0
37 -19 -38 0
6 -35 -47 0
-46 43 -3 0
36 46 -26 0
22 24 -2 0
28 -9 -14 0
30 43 -41 0
-11 -31 2 0
49 -24 16 0
-47 -15 -11 0
-10 -5 -36 0
9 16 -24 0
48 32 -33 0
-2 43 26 0
31 -50 49 0
-44 -16 11 0
-26 1 -50 0
-18 -1 -48 0
-29 35 25 0
35 -21 29 0
-46 27 18 0
-41 -5 49 0
24 -46 42 0
-44 -42 -17 0
30 3 -42 0
14 -24 -11 0
-45 -42 -26 0
14 -24 -27 0
-25 5 17 0
44 32 21 0
-29 -43 -23 0
19 21 9 0
20 -34 26 0
-12 -34 -25 0
25 35 19 0
-11 47 19 0
18 46 9 0
-13 47 36 0
50 8 -25 0
-46 -6 -26 0
-3 -11 37 0
39 -31 27 0
-38 -46 17 0
-48 -49 -32 0
38 22 -10 0
26 37 16 0
-6 7 16 0
-43 9 -26 0
-1 30 -42 0
-1 9 -17 0
-35 42 -26 0
15 16 47 0
27 -40 -37 0
6 7 -38 0
19 12 -43 0
33 -20 -41 0
-26 44 -25 0
3 -5 -17 0
5 -7 -3 0
26 -37 -1 0
-3 -45 1 0
24 4 37 0
46 32 -39 0
14 -17 -38 0
19 -13 9 0
-29 43 40 0
34 -40 25 0
39 12 8 0
-43 21 -23 0
-37 -5 19 0
-40 -34 33 0
9 15 -18 0
19 48 -13 0
-16 -50 11 0
19 3 50 0
-11 -24 33 0
-42 -45 31 0
-38 14 40 0
46 -28 -31 0
-5 -27 33 0
6 14 -20 0
-32 3 35 0
42 -26 1 0
-48 5 -10 0
34 -16 -44 0
31 -37 41 0
19 49 30 0
-16 -34 33 0
-2 26 -32 0
-5 -28 -33 0
-40 -31 -38 0
14 11 46 0
-30 36 -5 0
35 24 -30 0
15 -45 7 0
-9 -37 -3 0
28 -18 35 0
-22 33 48 0
-48 44 46 0
-25 41 42 0
38 -4 2 0
3 48 -50 0
26 7 -43 0
22 5 9 0
21 37 47 0
-49 -11 41 0
2 20 13 0
17 -21 -23 0
-37 -35 18 0
15 27 3 0
-18 3 41 0
-5 3 34 0
-13 -35 4 0
24 -15 -26 0
27 -31 14 0
22 -36 26 0
15 40 19 0
7 -8 34 0
5 1 -3 0
46 18 -14 0
-5 -2 -32 0
-29 44 -1 0
11 39 -35 0
-4 6 30 0
-47 -7 30 0
-6 -48 -14 0
-36 5 -11 0
6 41 14 0
3 -45 -36 0
-26 -18 -29 0
46 -35 13 0
-39 -27 35 0
-26 -32 -17 0
4 43 18 0
-23 -36 -11 0
-45 49 -15 0
-45 -19 31 0
36 18 17 0
47 15 11 0
46 -41 -45 0
44 1 -23 0
-46 10 -7 0
23 12 43 0
10 -37 41 0
-37 -12 -16 0
24 8 1 0
-46 -15 -50 0
-17 -27 50 0
28 23 -41 0
11 -22 12 0
-20 30 -18 0
-10 -47 42 0
-29 -22 14 0
-25 27 9 0
-3 -39 -30 0
2 15 33 0
20 36 -38 0
-46 48 29 0
-37 47 42 0
13 -40 22 0
-37 -34 -1 0
38 18 -27 0
-29 -19 -33 0
47 39 -27 0
-41 9 8 0
19 12 10 0
14 -21 16 0
34 36 45 0
30 25 9 0
3 2 -33 0
10 41 -4 0
-27 -12 -29 0
40 3 37 0
-43 39 -35 0
48 -31 20 0
-31 -2 14 0
46 27 7 0
26 29 -3 0
16 -34 50 0
-26 -5 1 0
18 -12 28 0
28 -17 -38 0
31 -2 23 0
-19 -25 -9 0
-49 10 -37 0
17 44 -23 0
25 -32 -23 0
12 -14 13 0
32 49 -14 0
-10 9 -16 0
48 -17 33 0
36 5 41 0
-24 -23 -4 0
-14 6 15 0
6 -30 -11 0
-16 44 1 0
45 -21 34 0
-37 24 -41 0
RESULT seed=4038 sm=1 pm=0 result=1 decisions=52 conflicts=83
RESULT seed=4038 sm=3 pm=0 result=1 decisions=54 conflicts=78
RESULT seed=4038 sm=1 pm=1 result=1 decisions=27 conflicts=31
RESULT seed=4038 sm=3 pm=1 result=1 decisions=25 conflicts=25
INSTANCE seed=4039 n=50 m=220
p cnf 50 220
25 41 -17 0
-2 26 46 0
14 -27 41 0
-41 9 -1 0
-43 -28 -1 0
-1 -26 3 0
-36 -17 -22 0
-1 -33 39 0
36 -20 -24 0
-12 48 -9 0
20 -8 38 0
-30 45 -22 0
25 -29 33 0
-32 -29 39 0
49 -29 46 0
-37 24 -17 0
-1 -36 20 0
-30 -9 -29 0
-45 19 15 0
-15 5 -6 0
-42 37 -15 0
9 -17 -41 0
28 -36 14 0
-1 -40 -45 0
-8 19 7 0
-24 -9 -37 0
34 41 -10 0
17 28 -12 0
46 -3 32 0
35 -38 -29 0
10 -48 -40 0
20 16 -4 0
17 45 -24 0
-10 -30 44 0
-28 41 2 0
-24 13 20 0
42 27 -40 0
16 -45 -8 0
9 14 42 0
26 48 -16 0
41 5 -11 0
-40 -49 26 0
25 18 43 0
19 -34 -40 0
15 -17 19 0
10 -20 19 0
25 26 34 0
-33 -9 -25 0
-42 34 14 0
-50 -41 33 0
47 -35 6 0
-29 41 11 0
35 -17 27 0
-25 5 -23 0
24 32 -48 0
50 -4 -6 0
49 -3 -23 0
21 9 24 0
15 41 -32 0
-50 15 46 0
20 35 -43 0
-7 -2 50 0
-10 50 -18 0
42 -40 17 0
30 -19 -18 0
-20 -48 -47 0
45 39 -26 0
-20 23 8 0
-29 2 -50 0
-12 11 29 0
44 -49 -24 0
-38 23 -19 0
-34 -7 -12 0
26 12 17 0
28 -38 23 0
-43 -35 -46 0
38 19 -44 0
-30 -48 34 0
-5 -16 -46 0
19 -26 -23 0
7 50 -15 0
33 30 49 0
-30 31 -18 0
-21 35 4 0
18 1 6 0
-37 5 -9 0
19 7 -32 0
19 -33 -21 0
39 40 20 0
29 -42 -11 0
10 8 -42 0
-24 7 -12 0
48 8 27 0
-48 -23 -33 0
49 9 -44 0
-35 -36 -39 0
-39 10 -33 0
6 34 26 0
17 -47 -23 0
49 36 38 0
-6 47 -48 0
-21 46 -5 0
42 10 44 0
-12 23 -18 0
24 22 30 0
15 40 13 0
-20 48 -21 0
13 35 -19 0
-21 -23 -18 0
19 -2 -32 0
-11 33 -26 0
6 38 24 0
7 -31 16 0
24 -46 42 0
-18 5 -23 0
-45 36 -24 0
-12 -20 -32 0
11 -26 -12 0
-28 -1 27 0
-3 39 7 0
15 1 29 0
27 -31 19 0
1 -36 -41 0
-9 -11 -5 0
-33 -32 50 0
-46 12 5 0
-21 36 -44 0
-43 -20 -36 0
-34 -1 -17 0
-13 33 -26 0
7 -18 -21 0
-49 13 -28 0
25 -32 26 0
37 -42 -48 0
-50 -32 44 0
8 32 -23 0
-36 39 -37 0
-7 2 42 0
20 -34 49 0
6 40 -9 0
42 -8 -16 0
47 -34 -12 0
-29 -12 38 0
-7 19 5 0
43 -45 -20 0
-50 29 -14 0
-48 -10 -17 0
15 21 14 0
21 -2 33 0
-25 -32 46 0
-39 -7 -27 0
24 14 33 0
3 -16 19 0
20 -49 -12 0
23 41 -34 0
-41 32 -6 0
33 12 48 0
18 11 -29 0
-45 -43 -34 0
21 -6 -3 0
-50 47 -40 0
36 -25 10 0
7 23 19 0
46 -25 -39 0
11 36 -28 0
-14 -5 25 0
-9 -23 1 0
-19 25 36 0
-33 -50 19 0
-44 -28 -5 0
-11 46 -34 0
-27 -16 -12 0
-14 36 -17 0
-12 -14 -16 0
18 -11 42 0
20 -12 -37 0
-24 -50 -16 0
-16 22 48 0
26 -24 7 0
-24 49 4 0
18 24 -21 0
50 -1 -9 0
20 -23 -39 0
-21 34 -41 0
-44 -8 -50 0
32 46 -17 0
-32 42 -34 0
36 -10 49 0
24 27 50 0
-18 41 -49 0
26 -50 -31 0
-3 10 -6 0
-26 21 32 0
9 3 44 0
-46 -23 49 0
17 13 -30 0
32 6 18 0
10 -27 -40 0
-50 -14 7 0
-8 -12 6 0
-10 -39 37 0
19 17 44 0
35 -33 -8 0
-24 -48 -22 0
-24 -5 31 0
15 -13 33 0
-2 34 -30 0
-46 -4 42 0
-16 6 39 0
-18 45 7 0
-29 -44 -28 0
48 -32 -12 0
7 27 -32 0
-6 44 1 0
7 43 1 0
-17 48 -41 0
17 -11 15 0
48 26 27 0
-47 -2 24 0
50 49 42 0
RESULT seed=4039 sm=1 pm=0 result=1 decisions=68 conflicts=120
RESULT seed=4039 sm=3 pm=0 result=1 decisions=76 conflicts=130
RESULT seed=4039 sm=1 pm=1 result=1 decisions=71 conflicts=124
RESULT seed=4039 sm=3 pm=1 result=1 decisions=92 conflicts=168
INSTANCE seed=4040 n=50 m=220
p cnf 50 220
-1 41 9 0
13 32 19 0
-44 30 6 0
18 47 -11 0
32 44 -46 0
17 29 30 0
-18 -7 1 0
24 -20 47 0
-22 48 23 0
45 7 2 0
-32 22 -30 0
14 -50 -37 0
-42 31 -39 0
50 20 4 0
-21 -27 -22 0
19 -27 -44 0
27 -20 -37 0
-32 25 23 0
-11 14 47 0
32 -22 -40 0
-40 33 28 0
-10 -48 45 0
-39 46 31 0
27 34 -26 0
-16 8 43 0
36 -18 21 0
-33 9 -25 0
-41 -16 -38 0
10 32 -28 0
18 -20 24 0
-18 48 -27 0
-44 16 -5 0
-4 34 12 0
-40 -11 -20 0
-6 -35 -11 0
-13 31 -36 0
43 23 37 0
-50 -22 40 0
-50 18 8 0
37 -47 -43 0
36 44 2 0
-4 22 -32 0
-45 24 -35 0
28 -48 -14 0
41 36 24 0
37 -7 36 0
-46 -36 -37 0
50 35 -34 0
-13 -22 17 0
50 16 22 0
-1 -40 -6 0
-17 -19 -44 0
31 11 -41 0
-21 47 -1 0
-9 31 8 0
-7 -34 5 0
-28 17 18 0
21 10 2 0
40 2 47 0
-16 38 9 0
-7 -21 18 0
-40 -23 -34 0
-39 -50 -18 0
3 -27 18 0
-50 27 -33 0
-27 41 -3 0
-41 -22 24 0
-49 -50 -44 0
-6 41 -24 0
-21 -1 19 0
8 39 36 0
-13 -16 25 0
-16 -39 -35 0
-1 18 -8 0
-49 6 30 0
-29 -39 27 0
-15 1 3 0
-21 31 48 0
-45 48 -29 0
-47 -1 -44 0
2 40 -6 0
-37 15 -31 0
27 3 -34 0
14 -38 -26 0
47 50 -37 0
-42 33 -41 0
10 34 14 0
-37 36 16 0
-15 -50 37 0
-12 8 2 0
-23 30 -2 0
-20 -25 -30 0
26 -43 -18 0
3 5 41 0
-2 25 20 0
-38 21 12 0
2 22 17 0
-19 36 16 0
7 37 -11 0
12 20 -10 0
17 15 -33 0
-15 45 -14 0
24 5 14 0
21 -39 44 0
48 29 -10 0
1 -36 -9 0
-43 -11 20 0
-17 -11 -5 0
16 -48 39 0
8 20 -37 0
-37 -42 -13 0
3 -18 -10 0
-50 -37 22 0
37 7 29 0
18 -41 -6 0
-47 -17 -10 0
-46 -7 14 0
15 21 27 0
34 19 -35 0
-45 16 32 0
9 -7 40 0
-5 32 -18 0
-7 22 9 0
29 50 -33 0
-45 -14 -27 0
-38 -7 -20 0
-38 -18 -24 0
-48 -38 42 0
-17 -43 -19 0
32 40 -43 0
-10 -21 -39 0
41 31 -45 0
45 8 -32 0
43 4 11 0
29 -39 -11 0
-19 -32 -29 0
36 14 -15 0
-8 -39 36 0
-32 -37 30 0
-5 14 10 0
29 -31 4 0
-29 22 -36 0
-47 50 2 0
-29 -44 49 0
32 -37 29 0
-30 -14 18 0
-40 44 -22 0
-46 50 6 0
48 24 35 0
-10 47 -42 0
39 36 -20 0
32 31 -43 0
43 12 5 0
-22 43 -28 0
28 26 15 0
-41 -27 -4 0
-29 48 21 0
-26 -38 -10 0
49 1 -26 0
15 -40 -38 0
48 -38 -26 0
-5 18 42 0
50 -27 -35 0
-27 -16 29 0
12 -18 -37 0
-24 -37 2 0
21 -44 38 0
-5 -8 16 0
-34 -11 38 0
-29 -38 32 0
-31 45 43 0
12 45 -10 0
-13 -37 32 0
49 -9 22 0
48 -9 -15 0
-12 36 -3 0
2 -8 -26 0
32 41 -48 0
-11 18 7 0
30 24 -16 0
-27 25 -12 0
31 -21 -39 0
45 22 42 0
-11 27 2 0
47 15 45 0
30 31 -49 0
18 2 -35 0
17 -29 3 0
37 30 14 0
-16 33 -49 0
34 28 43 0
22 25 -31 0
44 12 -4 0
36 -29 4 0
10 6 -23 0
-50 -2 47 0
-14 -21 -27 0
-31 9 -35 0
7 -24 -48 0
-1 43 -45 0
3 -32 41 0
-38 26 32 0
15 -12 16 0
-19 -29 21 0
-4 -16 1 0
-27 38 41 0
-26 -2 35 0
17 -33 42 0
-17 5 -10 0
-25 40 41 0
-36 14 11 0
6 45 -7 0
-8 -4 37 0
29 38 20 0
-42 20 39 0
30 -10 -3 0
2 35 -4 0
-20 -42 39 0
-43 33 -35 0
-8 -42 24 0
RESULT seed=4040 sm=1 pm=0 result=1 decisions=15 conflicts=6
RESULT seed=4040 sm=3 pm=0 result=1 decisions=15 conflicts=6
RESULT seed=4040 sm=1 pm=1 result=1 decisions=28 conflicts=45
RESULT seed=4040 sm=3 pm=1 result=1 decisions=29 conflicts=33
INSTANCE seed=4041 n=50 m=220
p cnf 50 220
27 41 1 0
24 39 17 0
25 11 19 0
21 -28 -43 0
29 36 -37 0
-42 8 4 0
24 -19 42 0
2 15 -1 0
9 25 22 0
35 -42 4 0
34 -7 -5 0
-31 33 -28 0
49 5 -29 0
46 -21 -1 0
-10 -13 -8 0
-6 14 -37 0
-37 17 19 0
-44 -5 21 0
-1 4 -14 0
-30 -9 -39 0
-38 -44 16 0
-39 -3 28 0
28 -48 -35 0
14 21 -26 0
25 -9 42 0
-19 -22 -39 0
30 8 -31 0
-45 7 -18 0
43 -12 32 0
-4 -25 -3 0
-36 -41 -47 0
32 -25 -2 0
39 -11 21 0
-15 13 -35 0
24 9 47 0
19 50 16 0
-23 -10 -5 0
4 -1 29 0
37 -27 -13 0
22 21 -41 0
-14 23 -16 0
-14 -47 9 0
20 22 -18 0
46 -20 44 0
-32 -37 26 0
42 10 -43 0
31 15 21 0
-14 22 -5 0
-36 43 45 0
-3 48 -11 0
-2 -44 -3 0
-36 -19 -13 0
-44 -12 26 0
25 3 5 0
24 48 -38 0
2 -46 -11 0
-48 -24 -6 0
30 -6 -38 0
-2 30 -19 0
44 39 -4 0
-12 23 -14 0
-37 -27 42 0
33 3 -42 0
41 36 33 0
12 -26 47 0
-43 -22 -41 0
34 41 -16 0
-2 4 -44 0
37 3 -47 0
-20 46 -42 0
-15 -47 49 0
-11 10 -37 0
-49 8 -44 0
36 -16 19 0
-21 34 -26 0
15 -29 2 0
14 20 -11 0
45 -3 -50 0
-47 18 48 0
15 -11 -20 0
-49 -45 -38 0
-50 31 -32 0
-23 37 47 0
42 -22 33 0
-44 -45 -37 0
-29 6 -13 0
-13 36 -8 0
-42 1 -43 0
-41 -31 -46 0
31 -6 -44 0
38 -17 29 0
-32 38 12 0
44 25 -16 0
45 39 -42 0
-13 28 -27 0
18 -45 -42 0
-41 17 31 0
29 34 -7 0
-30 36 -32 0
36 -38 50 0
38 -49 26 0
-11 10 -19 0
4 47 -5 0
-30 -41 -20 0
34 43 -17 0
-48 50 22 0
32 -45 -40 0
32 -46 -23 0
50 -7 26 0
-20 -14 -29 0
-17 -46 -25 0
-31 -19 35 0
18 -22 44 0
34 -18 -41 0
8 45 43 0
42 38 10 0
-34 21 42 0
-11 -1 38 0
44 20 10 0
37 -23 33 0
11 4 -37 0
-7 -17 24 0
48 -31 21 0
-27 -35 50 0
-5 29 -4 0
30 -2 -22 0
-41 -10 42 0
50 -8 10 0
-45 34 43 0
36 -16 47 0
-6 48 -45 0
35 -37 42 0
-22 -35 46 0
-22 -25 23 0
-17 -47 9 0
15 10 -29 0
22 11 30 0
24 27 10 0
14 26 1 0
46 38 -37 0
-5 -37 46 0
49 -15 -7 0
37 5 -28 0
27 -38 22 0
31 -20 -27 0
-28 47 -42 0
36 32 -41 0
-25 26 47 0
3 44 -16 0
46 39 -49 0
45 -21 -44 0
15 50 -29 0
-33 -19 -4 0
-40 -46 24 0
-34 15 18 0
-38 -50 -47 0
26 45 47 0
-24 42 -47 0
24 5 -18 0
-31 -24 28 0
27 50 -37 0
17 -36 -26 0
-27 26 -36 0
-24 -29 43 0
47 38 -8 0
10 42 -50 0
46 20 -36 0
-6 35 29 0
49 -18 3 0
-32 29 21 0
2 -17 7 0
9 -18 1 0
-2 49 21 0
-46 29 -31 0
-24 -21 20 0
34 -36 -16 0
44 -3 -2 0
-35 -16 1 0
-15 42 24 0
14 -23 20 0
-19 -46 -34 0
-8 29 -9 0
-8 42 -33 0
-11 -45 36 0
15 -29 21 0
3 26 36 0
-12 -28 27 0
9 14 -29 0
31 -47 9 0
-11 -41 -17 0
21 -18 -31 0
-4 16 -27 0
13 1 49 0
33 -11 -41 0
5 -33 16 0
-30 -25 -47 0
46 -12 -41 0
40 39 -44 0
-34 -24 -38 0
32 47 -13 0
-16 -36 39 0
48 -44 -5 0
-29 -47 -17 0
8 -41 -36 0
-18 4 50 0
-37 -41 -43 0
29 19 -24 0
-24 -30 23 0
-47 30 45 0
6 33 12 0
-3 -15 44 0
-12 -36 31 0
-40 -30 6 0
49 33 -26 0
-40 -44 27 0
10 -12 35 0
-40 -23 19 0
33 -29 -16 0
-49 48 6 0
16 -41 21 0
RESULT seed=4041 sm=1 pm=0 result=0 decisions=107 conflicts=215
RESULT seed=4041 sm=3 pm=0 result=0 decisions=76 conflicts=153
RESULT seed=4041 sm=1 pm=1 result=0 decisions=107 conflicts=215
RESULT seed=4041 sm=3 pm=1 result=0 decisions=119 conflicts=239
INSTANCE seed=4042 n=50 m=220
p cnf 50 220
-2 41 -44 0
-34 -45 -3 0
30 28 -8 0
-36 -38 39 0
-48 -39 31 0
-38 49 30 0
17 20 27 0
-2 -6 31 0
21 -28 46 0
-46 38 2 0
-16 31 -39 0
31 2 -7 0
-11 17 27 0
2 42 32 0
16 -4 39 0
-40 9 47 0
-31 -8 -19 0
50 -28 17 0
29 -46 13 0
12 -36 6 0
-36 -47 41 0
-4 -46 -22 0
28 29 20 0
20 36 41 0
34 -29 13 0
-1 27 -11 0
-20 42 -16 0
22 46 -42 0
-42 7 -39 0
18 -42 -22 0
25 -24 -35 0
24 -22 36 0
3 -30 -27 0
7 47 38 0
16 -38 -9 0
46 43 -42 0
44 -14 34 0
6 -35 20 0
20 -40 48 0
10 -19 -28 0
-36 43 -7 0
15 31 -25 0
-37 43 -2 0
-15 -42 28 0
-7 25 -6 0
-29 -22 -5 0
-12 -19 32 0
36 46 7 0
-32 1 9 0
-37 -7 17 0
27 -24 36 0
-29 -36 -13 0
-3 -26 -34 0
3 -40 30 0
50 -39 27 0
-45 37 31 0
-18 -33 -28 0
31 35 2 0
15 -36 28 0
20 -41 4 0
-6 -39 20 0
48 -35 46 0
-18 -38 7 0
-28 -2 -26 0
26 -8 -16 0
-45 -13 -46 0
-18 -38 1 0
-12 -23 -17 0
-39 30 -49 0
-15 -40 47 0
14 -11 -27 0
37 33 -23 0
-2 -17 -25 0
-11 40 14 0
3 11 16 0
22 50 -19 0
28 -12 -39 0
-18 19 -25 0
-1 -49 -37 0
-18 -33 -20 0
-45 -47 49 0
-21 13 47 0
-33 -19 -22 0
9 20 5 0
41 -40 -39 0
37 16 30 0
-36 -16 -38 0
3 46 16 0
20 16 11 0
4 -50 -3 0
36 3 4 0
7 44 1 0
43 -12 23 0
-1 -6 -17 0
14 15 48 0
50 -47 7 0
22 -33 20 0
22 4 -31 0
18 12 -8 0
4 -30 10 0
-4 -1 -8 0
39 -17 46 0
22 -44 -21 0
-44 -10 -31 0
-46 30 47 0
27 -21 32 0
-34 6 -49 0
23 -17 -27 0
-39 -7 2 0
8 -32 33 0
39 -24 1 0
20 29 -4 0
-30 -20 -36 0
30 12 18 0
27 1 -26 0
28 -21 -4 0
-5 -47 7 0
20 43 -38 0
27 -1 4 0
48 6 33 0
-17 23 18 0
6 19 23 0
49 11 -42 0
-15 -10 -49 0
39 32 -35 0
-18 14 -1 0
24 -2 29 0
-36 37 -4 0
24 -13 -21 0
-19 16 40 0
43 1 2 0
26 1 29 0
43 -38 49 0
-12 -10 -2 0
-45 36 5 0
4 -7 11 0
38 -28 -8 0
-7 -45 -40 0
14 33 45 0
-16 -15 -34 0
24 46 20 0
11 -42 40 0
-11 -21 28 0
16 38 -42 0
-35 14 9 0
17 27 -13 0
-21 -5 -24 0
39 29 6 0
45 50 -41 0
-7 -6 18 0
50 48 -3 0
-3 -11 -19 0
-27 24 -46 0
47 -26 -19 0
-4 40 -3 0
-10 11 9 0
18 -47 -12 0
46 -26 8 0
7 39 -12 0
34 -36 33 0
15 16 -1 0
-35 -8 -16 0
-34 -11 -3 0
44 13 31 0
-20 -15 14 0
-49 32 10 0
12 -39 -19 0
-29 25 -14 0
50 32 2 0
-46 26 -30 0
-3 -22 -2 0
18 -25 -5 0
-9 3 16 0
26 23 -18 0
-46 -30 -20 0
44 4 -12 0
34 -11 -4 0
41 -46 3 0
-26 -42 -35 0
-1 3 -4 0
-50 -24 3 0
49 -48 -10 0
-3 -29 -11 0
44 9 -30 0
12 -24 -18 0
-11 -25 -32 0
21 -40 -27 0
-34 7 24 0
43 38 5 0
-33 43 32 0
21 -16 18 0
-31 17 12 0
-12 -2 41 0
-4 44 -46 0
41 17 24 0
-16 -29 -11 0
-8 -30 36 0
19 7 -28 0
14 -20 26 0
29 18 49 0
21 -7 5 0
-37 -27 26 0
-34 39 -24 0
42 -6 48 0
-39 35 44 0
-28 4 39 0
-35 44 16 0
-10 41 -2 0
47 -3 -21 0
-19 -38 -21 0
39 5 4 0
-32 -22 13 0
10 9 47 0
-12 -13 -30 0
47 -27 -28 0
8 -31 -44 0
-11 -28 27 0
-44 -3 13 0
38 -39 -8 0
-2 29 -47 0
RESULT seed=4042 sm=1 pm=0 result=0 decisions=84 conflicts=169
RESULT seed=4042 sm=3 pm=0 result=0 decisions=73 conflicts=147
RESULT seed=4042 sm=1 pm=1 result=0 decisions=79 conflicts=159
RESULT seed=4042 sm=3 pm=1 result=0 decisions=74 conflicts=149
INSTANCE seed=4043 n=50 m=220
p cnf 50 220
28 -41 36 0
45 -1 38 0
35 -45 -46 0
-1 -48 35 0
16 -43 24 0
-34 41 6 0
11 21 12 0
2 -47 12 0
32 30 21 0
-7 -35 49 0
-48 5 22 0
31 21 35 0
22 -30 25 0
-9 -13 32 0
-43 37 15 0
39 15 7 0
-39 50 14 0
5 44 45 0
-34 2 -23 0
3 12 -25 0
-36 3 48 0
-5 10 -15 0
33 18 -34 0
43 16 -15 0
-47 -49 15 0
-4 -22 -32 0
19 22 44 0
-45 38 41 0
21 -32 24 0
12 30 9 0
-50 -18 -39 0
-43 11 42 0
39 49 -33 0
49 31 -42 0
7 17 20 0
-24 -17 -26 0
-17 -39 -23 0
26 11 40 0
22 -17 -21 0
-41 -18 -37 0
21 31 -43 0
33 48 13 0
18 19 35 0
-33 13 11 0
-40 20 -23 0
1 30 40 0
-45 -35 5 0
4 2 43 0
-16 23 40 0
-16 14 26 0
18 -33 27 0
-32 -28 42 0
20 10 -29 0
46 -28 -33 0
28 -1 -46 0
-21 -47 -42 0
18 23 -27 0
2 35 47 0
-34 23 -11 0
23 -43 7 0
-23 -31 -38 0
-25 23 44 0
35 48 -13 0
-44 -15 -43 0
46 6 32 0
45 -39 50 0
43 11 8 0
-36 -38 -45 0
24 -23 -18 0
5 -46 -8 0
44 2 26 0
31 -2 12 0
-12 -33 -23 0
-29 21 -49 0
-33 -4 16 0
-48 1 38 0
23 22 -28 0
-10 -39 -2 0
1 -7 37 0
-50 30 -20 0
-44 4 -3 0
27 14 -34 0
14 -7 -22 0
48 -39 -49 0
37 34 24 0
12 22 35 0
-42 -17 38 0
-20 -17 -11 0
-39 10 50 0
-48 -22 -18 0
42 34 7 0
-14 -25 -30 0
-22 35 17 0
45 -36 -17 0
-33 -22 -17 0
47 -50 24 0
-49 27 -7 0
8 22 -43 0
45 -6 -25 0
21 17 -35 0
-25 18 40 0
-46 -26 41 0
-24 -33 -29 0
-35 3 33 0
36 -32 -14 0
-22 -5 42 0
25 -9 44 0
46 45 19 0
47 -21 -43 0
17 32 -21 0
43 37 12 0
37 31 -39 0
20 -19 -42 0
27 -18 -17 0
-44 39 -32 0
-47 2 -23 0
-32 -23 -26 0
-26 -45 -10 0
-31 32 -12 0
-26 -6 15 0
-30 47 33 0
16 48 -11 0
-20 32 -43 0
-16 -17 28 0
-25 -8 -13 0
42 40 10 0
-34 39 8 0
45 34 -7 0
-17 -2 -31 0
42 49 -46 0
31 34 5 0
-27 -2 -43 0
-28 22 -41 0
17 -11 -33 0
29 9 2 0
18 -38 -32 0
11 24 25 0
11 45 -6 0
24 -28 -50 0
49 -29 14 0
-41 26 -24 0
-25 -28 -1 0
50 -26 -31 0
33 -28 -4 0
-48 10 -26 0
30 -49 -24 0
16 37 -33 0
-36 42 -47 0
37 48 17 0
47 1 -11 0
11 23 -14 0
42 48 3 0
-18 6 -21 0
-35 -37 -32 0
45 -6 37 0
-34 13 -6 0
-14 -8 48 0
33 24 38 0
9 -28 -4 0
27 31 21 0
-43 -38 -22 0
-4 -36 -19 0
37 14 -47 0
-25 -10 -43 0
-50 31 -21 0
8 -27 48 0
13 -1 -47 0
19 45 36 0
38 -21 -30 0
-36 -42 37 0
30 40 -1 0
41 49 -43 0
46 43 3 0
-39 -34 -6 0
-12 49 11 0
-32 40 6 0
-33 -7 13 0
-19 14 -22 0
-42 1 -41 0
-13 28 15 0
-11 16 25 0
43 -24 44 0
-29 -18 15 0
-30 -36 28 0
-33 40 8 0
41 -10 6 0
26 -43 27 0
26 -42 3 0
21 32 -16 0
-44 39 -32 0
-12 -46 32 0
-12 -17 13 0
48 -15 25 0
4 7 -33 0
-47 -39 43 0
-23 -29 21 0
-7 36 1 0
27 -47 -18 0
-33 19 6 0
-32 -20 -22 0
-33 -42 -27 0
-21 -17 22 0
10 26 -41 0
-34 -49 13 0
-3 -18 -8 0
-18 -2 6 0
-5 -19 1 0
7 -6 -20 0
1 -4 -37 0
-17 -38 24 0
-13 -20 48 0
-29 -41 6 0
-1 19 31 0
35 -50 9 0
38 -30 -6 0
25 17 36 0
24 -14 -42 0
-40 15 29 0
6 13 -19 0
26 29 33 0
RESULT seed=4043 sm=1 pm=0 result=1 decisions=73 conflicts=130
RESULT seed=4043 sm=3 pm=0 result=1 decisions=71 conflicts=123
RESULT seed=4043 sm=1 pm=1 result=1 decisions=33 conflicts=43
RESULT seed=4043 sm=3 pm=1 result=1 decisions=30 conflicts=42
INSTANCE seed=4044 n=50 m=220
p cnf 50 220
-4 -42 -28 0
-6 -7 -24 0
40 -12 -35 0
16 -8 -31 0
-34 47 -17 0
30 32 31 0
5 21 -47 0
3 39 42 0
44 33 -45 0
19 32 47 0
-30 29 -6 0
32 40 13 0
-34 -42 -23 0
-16 35 44 0
27 -38 -1 0
-8 49 -17 0
-18 39 -19 0
13 -23 -9 0
35 31 -12 0
-27 -40 -24 0
39 -11 -36 0
-14 44 -38 0
-12 -28 -13 0
31 13 9 0
37 10 18 0
-8 18 -3 0
18 -1 22 0
-19 3 -21 0
4 44 15 0
13 41 -4 0
-23 7 -45 0
47 -18 -10 0
39 43 -19 0
-13 4 -2 0
-11 -23 -41 0
18 -37 7 0
-6 16 20 0
-12 -13 36 0
47 -48 -3 0
25 -26 41 0
-34 49 11 0
7 43 -24 0
-40 -43 -17 0
18 2 35 0
-43 23 -15 0
-39 -22 38 0
-25 -28 2 0
27 22 7 0
30 -50 -31 0
1 -23 -48 0
-13 -3 -9 0
-16 -40 4 0
33 26 -42 0
-26 -35 -34 0
-9 -41 47 0
46 33 40 0
6 -8 49 0
-38 -41 10 0
-3 39 19 0
16 -43 42 0
41 8 16 0
-21 -31 17 0
28 -32 5 0
-19 -45 2 0
-46 28 29 0
35 -45 -37 0
-13 -44 -47 0
22 -5 -16 0
42 31 -17 0
-40 1 -31 0
49 8 2 0
36 -13 -25 0
-49 -32 -4 0
7 44 50 0
-9 -21 -40 0
31 -15 -20 0
-49 29 8 0
27 34 16 0
19 4 2 0
-26 -6 18 0
39 45 41 0
-9 -36 40 0
-30 -35 -10 0
41 -34 27 0
23 7 33 0
28 -37 -39 0
-28 -31 -22 0
-42 9 -16 0
23 46 9 0
47 -32 -15 0
45 -38 -21 0
39 21 -36 0
46 -17 31 0
14 -34 29 0
31 36 10 0
-28 -33 -25 0
-2 15 28 0
33 1 -34 0
35 22 -15 0
41 26 8 0
-36 -3 47 0
18 -48 -45 0
-38 -32 -44 0
23 -28 -6 0
48 -36 -25 0
-36 -8 -12 0
27 -28 -1 0
-46 -21 15 0
-1 30 -42 0
-35 3 -1 0
24 17 47 0
-7 5 -15 0
-12 -41 -46 0
-43 -16 -48 0
18 -44 43 0
-42 -18 -21 0
-33 -3 37 0
-33 47 6 0
27 -17 -38 0
-11 -18 -1 0
1 38 -29 0
-21 -33 13 0
-30 15 -11 0
-22 -42 -49 0
-46 -19 6 0
-42 43 -21 0
1 35 -19 0
-4 50 11 0
-9 -34 25 0
45 14 -49 0
-46 9 -43 0
-32 -14 -17 0
-6 30 3 0
16 38 -11 0
-36 -12 31 0
19 -3 4 0
44 -27 -31 0
50 25 -21 0
-38 30 -8 0
45 43 7 0
-21 -23 7 0
-28 23 34 0
-26 -13 43 0
-32 12 3 0
15 -4 26 0
-37 -47 26 0
-47 -28 -43 0
7 -35 37 0
16 40 -45 0
-33 40 27 0
-26 -3 4 0
-17 21 -2 0
-5 24 -4 0
-49 -32 46 0
-16 -15 1 0
-27 44 8 0
27 9 -40 0
-45 44 32 0
40 26 18 0
-24 18 46 0
1 -41 -43 0
-3 -32 -39 0
28 -1 31 0
-6 11 42 0
-35 -24 -1 0
-16 -30 -28 0
-47 -37 25 0
-16 14 12 0
-24 43 -47 0
20 -30 -15 0
30 19 13 0
22 41 -6 0
47 -23 -45 0
19 15 -13 0
-38 -33 -39 0
43 29 44 0
11 -31 19 0
7 -25 -17 0
23 12 -36 0
-9 34 -49 0
29 -26 -32 0
-28 -23 -34 0
39 -34 20 0
-27 -15 -45 0
-11 -3 -47 0
12 3 -9 0
21 -39 -7 0
33 -41 -44 0
21 -49 -15 0
28 48 -49 0
17 20 -38 0
-19 39 -2 0
-13 32 35 0
42 36 -5 0
-17 48 43 0
-28 -49 25 0
-38 -29 5 0
44 -16 24 0
-39 -24 10 0
38 -10 -43 0
-49 24 50 0
-6 43 17 0
-34 48 -19 0
42 31 -33 0
-6 26 29 0
8 -19 -4 0
29 -36 -30 0
-32 -39 41 0
-33 -14 20 0
47 -25 -1 0
3 -41 7 0
16 28 15 0
7 14 -12 0
-27 26 42 0
-25 28 -6 0
-34 -40 14 0
-9 -14 -50 0
35 22 6 0
-24 27 -12 0
24 9 41 0
RESULT seed=4044 sm=1 pm=0 result=0 decisions=92 conflicts=185
RESULT seed=4044 sm=3 pm=0 result=0 decisions=93 conflicts=187
RESULT seed=4044 sm=1 pm=1 result=0 decisions=89 conflicts=179
RESULT seed=4044 sm=3 pm=1 result=0 decisions=113 conflicts=227
INSTANCE seed=4045 n=50 m=220
p cnf 50 220
30 -42 -20 0
-16 -14 9 0
45 29 24 0
32 -18 27 0
-3 -50 11 0
25 23 7 0
49 -22 -32 0
-3 30 -23 0
5 -36 -19 0
30 28 44 0
12 4 -40 0
32 8 41 0
-46 5 20 0
23 -6 26 0
33 -30 -32 0
-42 44 -27 0
-11 -30 19 0
20 46 -5 0
-13 -24 11 0
10 -17 7 0
-31 7 18 0
49 -26 4 0
-28 -23 -27 0
39 32 38 0
-11 39 20 0
-12 -13 24 0
-18 31 1 0
42 -19 -47 0
-33 -27 -36 0
-22 9 -37 0
36 30 -44 0
-2 -49 46 0
23 -27 -16 0
-26 -45 -50 0
-34 27 -17 0
-32 43 -26 0
36 -46 6 0
31 16 -15 0
-36 35 11 0
-30 -11 -14 0
-32 -27 40 0
-21 3 49 0
-16 17 -15 0
2 20 6 0
-25 6 10 0
5 -43 -45 0
-9 -10 -18 0
-50 40 13 0
-16 -34 46 0
-46 -42 -19 0
-10 -41 2 0
6 -21 -12 0
17 -37 -24 0
-48 26 -6 0
24 36 -26 0
-6 28 -41 0
-19 28 -31 0
-18 -46 -48 0
-3 -26 -10 0
-10 -4 -28 0
3 -2 12 0
45 -19 28 0
31 -44 11 0
17 -44 -24 0
-49 37 20 0
-49 -13 -43 0
-2 -17 34 0
-21 47 -27 0
30 -28 4 0
-44 30 28 0
-42 -50 -1 0
11 20 -44 0
10 -21 42 0
30 31 14 0
22 9 -5 0
19 27 5 0
-29 38 25 0
-36 -2 -40 0
-17 38 5 0
-4 -27 -17 0
-34 47 -17 0
10 15 2 0
-11 -30 26 0
-40 -7 10 0
2 29 -31 0
38 -39 -48 0
39 35 41 0
-34 -10 31 0
11 28 -31 0
29 -34 15 0
-33 18 -4 0
4 -9 -27 0
-49 -9 38 0
22 45 -13 0
48 -50 22 0
38 17 24 0
22 47 25 0
50 -42 1 0
-49 6 -26 0
-50 1 2 0
-50 22 4 0
47 48 -8 0
24 -47 -33 0
36 31 12 0
16 -44 17 0
-38 -14 -40 0
-1 2 48 0
-14 -27 32 0
-48 -34 -8 0
-41 -36 48 0
13 -35 -17 0
-14 1 -27 0
-49 43 -35 0
49 9 -42 0
25 34 24 0
-50 -30 -10 0
6 -34 -47 0
-24 31 29 0
-10 14 27 0
-50 -31 42 0
-24 -10 -18 0
45 34 4 0
14 8 45 0
17 46 -50 0
32 -49 -35 0
-1 21 11 0
46 -32 7 0
30 8 -37 0
16 33 -8 0
19 50 -37 0
3 22 -13 0
39 10 -20 0
-11 12 -26 0
-31 -42 3 0
40 -7 -25 0
-18 -27 -1 0
50 22 -26 0
-17 -46 -39 0
37 25 -3 0
-40 -35 -7 0
-28 -32 -2 0
-8 -5 -37 0
46 -11 -13 0
-45 40 28 0
24 -32 8 0
-25 -37 42 0
1 39 -2 0
-44 -34 -40 0
-49 -18 -34 0
-6 -31 41 0
36 19 -20 0
-28 -46 13 0
30 -18 26 0
4 -23 -50 0
-33 15 19 0
-36 -39 -41 0
-41 28 5 0
-17 -6 21 0
-44 -21 -15 0
-15 -28 23 0
-28 -5 39 0
-31 -39 21 0
16 25 -43 0
19 -43 -37 0
1 -19 -42 0
-20 -1 -16 0
49 19 15 0
7 -31 3 0
-15 -30 4 0
23 9 -31 0
-2 33 8 0
-2 -22 44 0
5 -41 -46 0
35 33 -23 0
-26 -43 -29 0
-46 -38 11 0
30 48 -9 0
16 -27 33 0
4 8 -46 0
25 -47 16 0
-38 36 -41 0
34 2 -3 0
25 -15 -11 0
1 -35 34 0
16 8 48 0
29 -20 -11 0
30 50 15 0
9 16 34 0
-40 -1 -48 0
-45 -11 -35 0
39 35 11 0
-26 -4 -22 0
-13 -48 -7 0
-36 6 34 0
-30 39 -2 0
9 7 26 0
-28 -40 -1 0
-22 -40 21 0
15 4 -32 0
-44 -23 21 0
-12 -50 -34 0
-46 31 -33 0
-45 10 34 0
-41 35 -18 0
44 21 47 0
-23 -1 -11 0
25 -32 -37 0
17 -38 -11 0
-50 45 -23 0
36 21 28 0
-3 46 -48 0
40 23 -28 0
-5 6 13 0
-12 43 -5 0
-25 -35 -36 0
-20 -50 38 0
5 -21 -6 0
6 2 -16 0
10 -36 16 0
-47 -39 24 0
RESULT seed=4045 sm=1 pm=0 result=1 decisions=30 conflicts=35
RESULT seed=4045 sm=3 pm=0 result=1 decisions=31 conflicts=38
RESULT seed=4045 sm=1 pm=1 result=1 decisions=11 conflicts=6
RESULT seed=4045 sm=3 pm=1 result=1 decisions=11 conflicts=6
INSTANCE seed=4046 n=50 m=220
p cnf 50 220
-5 -42 12 0
27 20 45 0
-1 46 13 0
-47 -28 -23 0
21 -4 43 0
9 -25 -23 0
11 43 46 0
44 35 32 0
-22 -17 -44 0
25 -43 -48 0
-13 8 -19 0
-46 1 10 0
22 2 -3 0
-13 9 -42 0
34 44 -1 0
-47 -14 29 0
38 47 26 0
19 2 41 0
16 10 -42 0
44 23 -29 0
-10 44 -14 0
19 -48 28 0
-4 13 45 0
47 -3 19 0
-9 4 6 0
3 -20 23 0
24 -10 40 0
-28 9 37 0
11 8 -29 0
-42 43 -20 0
27 -2 3 0
-50 -29 11 0
46 4 -49 0
-26 -34 2 0
-32 -2 -5 0
-8 -41 26 0
-34 -13 -41 0
37 -38 1 0
29 49 -24 0
-22 -47 -11 0
29 44 -2 0
15 7 43 0
-42 14 35 0
39 28 8 0
39 5 21 0
15 3 44 0
-43 -35 -22 0
8 18 -3 0
-18 10 42 0
10 40 -8 0
-29 44 46 0
2 21 -34 0
35 11 33 0
-3 -32 -27 0
12 40 19 0
-47 -16 -13 0
4 -36 32 0
-46 17 34 0
4 28 31 0
-30 -40 9 0
27 35 37 0
42 -3 -45 0
-25 20 -29 0
-47 25 -2 0
41 -23 42 0
-44 34 -41 0
46 -5 -42 0
49 -9 -18 0
-23 4 31 0
-37 -22 -1 0
-1 42 45 0
-39 -18 -24 0
11 -40 26 0
10 -3 39 0
20 -46 -7 0
41 -29 30 0
5 -16 50 0
-13 2 45 0
6 -20 40 0
2 -37 -11 0
17 46 6 0
7 -34 22 0
3 43 -23 0
-2 49 -7 0
25 -3 10 0
28 -42 -44 0
-30 -32 3 0
7 -33 17 0
-49 -20 -47 0
-50 41 20 0
37 28 -32 0
13 21 -10 0
13 -25 -42 0
-17 19 8 0
-15 -5 -14 0
18 -42 -47 0
-40 -16 -48 0
-45 30 -28 0
29 -3 50 0
38 22 23 0
-3 -34 29 0
-1 -6 -41 0
-4 8 -10 0
-24 2 -50 0
14 -12 -48 0
-37 16 -35 0
26 14 39 0
8 22 12 0
-18 50 7 0
29 34 41 0
18 -20 -35 0
30 24 -20 0
-8 -33 46 0
-13 40 -23 0
-16 -47 -21 0
18 -27 45 0
-50 6 -32 0
-49 -23 -27 0
33 -23 24 0
30 -18 -35 0
3 40 -36 0
46 3 10 0
-19 -31 -28 0
23 49 -3 0
6 27 -15 0
-22 -42 -27 0
-18 10 -23 0
13 18 45 0
-5 -30 -21 0
11 7 -49 0
17 -35 -38 0
26 -5 -19 0
-23 -8 -19 0
-17 19 28 0
38 6 -34 0
49 47 -50 0
-25 3 -42 0
4 -3 12 0
-27 21 25 0
22 -49 -43 0
30 9 38 0
41 -24 -49 0
-33 47 50 0
18 4 33 0
9 -40 14 0
-27 24 30 0
-35 31 41 0
30 44 -26 0
35 -39 -25 0
-23 48 -34 0
5 10 31 0
-38 -43 42 0
-20 34 2 0
17 -16 -13 0
27 -12 -1 0
28 5 44 0
-50 -33 -28 0
42 -38 21 0
44 -47 -37 0
1 -5 19 0
16 -21 5 0
-29 -20 39 0
18 -50 10 0
-28 20 39 0
28 38 -18 0
-11 24 -34 0
11 -12 13 0
50 49 -33 0
36 13 38 0
-15 -3 -31 0
-34 -3 -43 0
-14 37 -40 0
-37 44 50 0
50 38 17 0
-39 1 44 0
-25 42 -9 0
-12 18 22 0
-15 -38 -8 0
-43 -33 17 0
-45 -3 1 0
-39 -4 -46 0
20 -18 -16 0
10 44 -36 0
-44 19 -34 0
20 -8 1 0
-35 37 50 0
-20 45 -50 0
2 -37 -23 0
5 -45 33 0
-50 19 -11 0
-8 -26 -44 0
-11 31 39 0
-25 -37 -34 0
33 -34 -3 0
5 -1 18 0
-14 1 -23 0
39 48 42 0
3 29 -47 0
-8 -7 -18 0
8 -44 -25 0
31 10 -49 0
-49 1 9 0
13 5 -41 0
17 -49 20 0
4 -2 -20 0
16 10 28 0
-44 -3 37 0
-31 -18 -25 0
-19 26 12 0
30 -16 28 0
-10 -1 -34 0
17 -4 19 0
-27 -41 40 0
-5 3 -30 0
-33 -11 49 0
33 7 50 0
24 26 40 0
-31 -26 33 0
-45 -21 -20 0
20 7 -16 0
RESULT seed=4046 sm=1 pm=0 result=1 decisions=40 conflicts=66
RESULT seed=4046 sm=3 pm=0 result=1 decisions=43 conflicts=72
RESULT seed=4046 sm=1 pm=1 result=1 decisions=44 conflicts=75
RESULT seed=4046 sm=3 pm=1 result=1 decisions=34 conflicts=56
INSTANCE seed=4047 n=50 m=220
p cnf 50 220
31 42 -4 0
-37 26 -30 0
-6 -13 2 0
-12 37 19 0
-40 8 47 0
17 -6 8 0
36 24 2 0
4 -12 34 0
28 -41 18 0
-3 22 -39 0
25 2 7 0
-33 -46 48 0
-19 -30 -16 0
37 -48 38 0
45 -13 44 0
-10 34 47 0
-48 11 18 0
33 42 48 0
-19 -9 -10 0
25 22 40 0
-27 -14 -20 0
-29 -12 42 0
-28 35 48 0
-2 13 -18 0
28 -29 46 0
4 9 46 0
21 -7 46 0
-29 -42 -38 0
-36 -40 -33 0
-14 -35 30 0
7 2 -46 0
8 19 18 0
-17 -32 23 0
5 -18 46 0
30 -35 20 0
-10 5 14 0
46 -8 -30 0
18 22 21 0
-14 -9 -29 0
-38 30 -11 0
-28 34 -48 0
-48 22 -50 0
-20 16 -12 0
-18 -8 49 0
-40 -22 -50 0
37 36 -10 0
-29 -26 1 0
-45 -26 24 0
-40 -2 -25 0
-38 -28 -10 0
6 17 37 0
-36 33 -30 0
-37 10 -40 0
-40 -8 -49 0
-3 27 33 0
-25 -16 -44 0
-45 -17 47 0
-29 -6 -23 0
-3 -50 44 0
48 -27 -3 0
-20 50 45 0
45 -49 -23 0
-4 28 -10 0
-24 -4 23 0
47 45 -28 0
-38 -25 -29 0
7 -32 11 0
30 -36 -18 0
-22 12 -33 0
-15 43 -50 0
39 43 -9 0
20 -14 -6 0
-17 -29 23 0
26 -40 49 0
24 20 27 0
-34 39 -11 0
7 38 26 0
-1 26 -21 0
-45 16 35 0
-7 13 14 0
21 27 -6 0
24 -26 -10 0
-4 -38 -19 0
-17 30 35 0
2 -19 34 0
12 -18 -22 0
-17 -49 -48 0
-26 -3 25 0
-2 39 44 0
13 -44 47 0
40 -46 28 0
-41 -44 -6 0
-16 -1 2 0
16 22 -11 0
-7 -22 -25 0
-21 10 48 0
-4 11 -37 0
-16 -49 -21 0
38 -36 37 0
1 -46 -20 0
30 -33 7 0
7 -36 19 0
-29 -15 -45 0
-34 -50 1 0
32 -4 -26 0
-50 -26 -4 0
-34 -30 -48 0
-15 48 9 0
24 7 30 0
-2 9 -44 0
41 28 33 0
48 25 -39 0
-18 41 -5 0
18 8 -50 0
50 45 -23 0
-32 -15 -43 0
49 -29 -46 0
-40 -46 -2 0
-6 -26 10 0
42 4 -28 0
-13 34 2 0
-22 31 -18 0
-34 -13 45 0
36 49 5 0
-24 26 2 0
24 -17 -15 0
-30 22 -25 0
49 -31 -34 0
24 -20 32 0
30 -33 -36 0
49 1 21 0
-35 44 -48 0
-11 41 26 0
-11 -24 -19 0
-45 -43 -24 0
-16 -26 -25 0
-47 -5 3 0
-28 -33 10 0
42 -20 -47 0
41 14 -8 0
44 8 49 0
35 24 -50 0
19 -36 18 0
-49 9 46 0
-29 -42 37 0
22 3 17 0
-23 -47 -13 0
50 -33 28 0
-48 6 33 0
36 -21 14 0
-9 13 -7 0
-13 -12 47 0
38 10 -18 0
-24 -29 -10 0
-1 -36 -7 0
17 -39 20 0
-28 -3 -21 0
5 45 41 0
-41 37 4 0
-11 44 -17 0
-10 -28 -3 0
10 7 -27 0
11 -19 26 0
35 36 37 0
-9 41 -5 0
6 -44 -1 0
46 3 -24 0
-5 -12 -42 0
-18 -12 -7 0
46 22 7 0
47 32 17 0
-24 -28 -25 0
-3 36 -20 0
33 49 -25 0
23 -42 -13 0
1 -9 -6 0
33 -4 21 0
23 -6 -27 0
38 -7 31 0
18 34 -27 0
-34 46 -16 0
23 11 -24 0
-30 13 8 0
-22 2 12 0
29 26 -20 0
30 44 -35 0
15 16 -43 0
2 -37 -5 0
-29 28 19 0
-49 9 -37 0
38 -42 -22 0
-5 -20 47 0
23 24 -41 0
-7 44 -21 0
-13 8 16 0
5 24 -28 0
20 -26 -18 0
38 46 13 0
-15 -37 28 0
-12 32 -42 0
43 18 -39 0
-11 -37 -2 0
-17 20 -3 0
23 -7 45 0
-9 -21 27 0
-1 3 16 0
26 19 24 0
-2 39 37 0
1 36 5 0
-44 15 5 0
-45 22 21 0
-11 18 -12 0
-18 27 47 0
35 23 46 0
-36 -17 31 0
-22 24 -3 0
18 -6 43 0
-11 47 -24 0
11 35 7 0
5 26 -43 0
RESULT seed=4047 sm=1 pm=0 result=0 decisions=72 conflicts=145
RESULT seed=4047 sm=3 pm=0 result=0 decisions=77 conflicts=155
RESULT seed=4047 sm=1 pm=1 result=0 decisions=75 conflicts=151
RESULT seed=4047 sm=3 pm=1 result=0 decisions=94 conflicts=189
INSTANCE seed=4048 n=50 m=220
p cnf 50 220
-7 42 -46 0
48 32 16 0
-11 -30 41 0
27 47 15 0
8 -12 41 0
13 -47 -34 0
30 25 37 0
4 3 15 0
-40 -44 42 0
-14 -18 -36 0
-7 -27 -40 0
-33 -15 26 0
31 42 14 0
-43 19 -32 0
44 48 -24 0
-3 13 -10 0
37 28 -38 0
22 -14 -6 0
4 10 3 0
-40 44 23 0
50 -46 -39 0
1 -27 -28 0
28 -17 30 0
-31 -48 -33 0
-48 -4 28 0
23 49 37 0
-16 -19 36 0
12 16 -25 0
20 28 -48 0
-48 13 -38 0
-23 -47 41 0
-17 41 4 0
23 -31 5 0
15 18 43 0
2 39 -47 0
24 -11 -33 0
-26 38 16 0
-37 -25 -50 0
-4 46 37 0
-42 15 35 0
25 12 -27 0
12 -32 26 0
47 -40 10 0
-1 -26 21 0
-22 -6 -45 0
-3 -7 18 0
-13 -9 18 0
-17 -44 29 0
-26 -36 -40 0
34 46 -31 0
4 5 29 0
-26 14 39 0
22 21 -23 0
-12 49 -21 0
18 -22 12 0
34 -10 45 0
7 37 30 0
-9 -11 10 0
3 -37 -35 0
41 -38 -15 0
-3 -48 36 0
19 39 -20 0
15 20 -34 0
-27 -10 -47 0
22 49 32 0
-33 -31 -23 0
9 -15 50 0
10 -30 13 0
-18 29 -22 0
26 24 12 0
37 -39 -38 0
24 10 12 0
-46 -8 -39 0
24 19 42 0
-25 50 -38 0
17 -44 40 0
46 -37 27 0
33 12 36 0
9 29 25 0
9 -6 -37 0
-39 -17 -50 0
-32 6 -14 0
-50 -42 -15 0
-30 -16 -47 0
1 -40 10 0
48 -32 -34 0
6 21 33 0
1 -21 -23 0
-4 -32 -20 0
-43 2 -16 0
-37 38 43 0
28 -21 -18 0
-29 32 -20 0
-14 -7 22 0
36 -44 27 0
-6 -32 19 0
-44 -39 28 0
45 -5 -44 0
-40 -19 -43 0
29 -15 18 0
4 49 8 0
27 -25 -9 0
-7 -24 -50 0
-13 -42 -23 0
7 39 -47 0
-30 3 -32 0
-21 12 22 0
-5 -42 -29 0
-42 -26 -25 0
21 -37 43 0
36 -44 -5 0
-14 -38 29 0
28 -36 -49 0
-49 39 -12 0
-32 18 -16 0
-24 -37 -1 0
42 -27 -1 0
-6 37 27 0
41 -27 49 0
7 -37 -41 0
-36 20 18 0
-50 -2 -10 0
43 -41 -23 0
1 35 -4 0
-48 9 -43 0
48 -38 1 0
13 4 1 0
-50 -41 -26 0
-24 -31 26 0
34 -47 -9 0
-16 1 25 0
27 44 -38 0
-44 31 -15 0
-12 23 45 0
28 -19 13 0
-32 49 45 0
39 6 -24 0
25 -35 34 0
-35 -37 -23 0
35 -4 50 0
40 15 38 0
-10 -48 -9 0
14 23 3 0
1 18 -24 0
-4 -1 15 0
3 -42 7 0
23 13 -42 0
19 25 -26 0
2 -36 30 0
33 17 6 0
-19 41 8 0
-16 -44 6 0
-34 28 -16 0
-14 5 2 0
37 -10 -38 0
23 26 -12 0
2 -12 -42 0
-26 -11 40 0
43 -3 13 0
26 50 34 0
15 36 -41 0
48 8 -26 0
-2 -50 34 0
20 -13 45 0
48 -43 32 0
24 -20 -41 0
19 21 36 0
48 11 -35 0
37 42 -29 0
-29 6 -50 0
-41 32 -50 0
44 14 -37 0
19 33 2 0
29 -26 -44 0
-43 27 -6 0
5 38 -48 0
22 -11 -26 0
-36 -13 -42 0
-8 14 33 0
-23 -7 -49 0
-42 27 -23 0
-48 22 5 0
-9 -27 -33 0
41 37 34 0
-23 32 -42 0
-40 -4 45 0
-50 -31 27 0
17 -5 27 0
-41 -30 9 0
-27 19 -17 0
-34 17 7 0
27 4 -50 0
-34 18 -43 0
40 1 7 0
43 33 28 0
-5 48 -39 0
27 -1 -13 0
-36 -43 -33 0
28 -45 -9 0
-15 7 16 0
-28 42 -3 0
42 -13 -5 0
35 -39 7 0
30 44 -39 0
14 -39 -50 0
-8 49 -18 0
-48 -33 15 0
-20 9 -24 0
-36 20 4 0
-36 18 -4 0
-49 10 29 0
-14 12 -35 0
40 19 1 0
25 42 -6 0
-3 17 -31 0
32 -11 -37 0
7 -3 5 0
-36 47 -18 0
-8 41 44 0
31 14 30 0
RESULT seed=4048 sm=1 pm=0 result=0 decisions=88 conflicts=177
RESULT seed=4048 sm=3 pm=0 result=0 decisions=103 conflicts=207
RESULT seed=4048 sm=1 pm=1 result=0 decisions=82 conflicts=165
RESULT seed=4048 sm=3 pm=1 result=0 decisions=99 conflicts=199
INSTANCE seed=4049 n=50 m=220
p cnf 50 220
-32 43 38 0
9 39 -1 0
-16 47 -30 0
42 7 -11 0
-26 -15 -34 0
9 -38 27 0
-5 20 -38 0
-23 2 -31 0
11 14 7 0
-3 -34 40 0
46 -24 -25 0
44 -17 38 0
11 -5 -49 0
-33 1 -25 0
1 -36 6 0
13 -50 -37 0
43 -13 -26 0
-17 48 -28 0
32 -18 -26 0
24 23 20 0
-21 9 48 0
-29 27 -47 0
20 14 -43 0
-49 -46 18 0
-31 -48 -22 0
48 18 -23 0
18 -7 -21 0
44 -33 50 0
33 34 -22 0
6 -31 3 0
-35 17 7 0
-47 29 4 0
10 -16 2 0
-37 12 -7 0
38 -39 42 0
14 26 1 0
36 9 -48 0
-16 -13 -35 0
-30 -31 -6 0
18 23 -40 0
-7 -26 -42 0
1 -24 15 0
9 -35 45 0
-42 5 -39 0
39 -19 -29 0
25 48 -42 0
-34 40 -12 0
35 13 -20 0
5 30 15 0
2 1 43 0
-21 -16 45 0
47 -6 -32 0
5 -33 40 0
-43 33 -18 0
-41 -44 4 0
-47 -20 -7 0
-12 -39 -16 0
-48 3 24 0
-27 35 -50 0
-27 36 -47 0
-27 -44 29 0
-18 -27 12 0
-8 -30 15 0
-21 46 -2 0
-36 27 -37 0
-16 -11 -47 0
39 23 38 0
24 -6 10 0
-34 18 41 0
-34 -3 17 0
-29 34 3 0
32 -13 6 0
45 -39 -25 0
-25 -46 -41 0
-39 -43 46 0
-47 -49 -6 0
50 -23 -2 0
-23 43 15 0
10 49 8 0
37 -20 -27 0
-32 48 -7 0
-11 39 44 0
-3 9 -1 0
-10 37 -35 0
-46 -23 47 0
43 36 -3 0
16 -27 -19 0
9 46 -23 0
-10 35 34 0
30 -8 -16 0
-49 31 42 0
14 -38 13 0
-41 33 14 0
16 -29 41 0
-4 39 -33 0
17 19 -24 0
-10 -17 42 0
-3 48 8 0
-33 16 28 0
-15 10 -47 0
-15 -50 -35 0
-33 -4 -43 0
34 -33 50 0
-9 -28 22 0
3 -17 30 0
-6 23 -42 0
-16 48 4 0
-27 -15 19 0
-26 16 15 0
-15 18 8 0
35 46 44 0
26 25 37 0
7 -9 26 0
6 -21 15 0
-1 3 35 0
-26 -9 -42 0
-22 39 -20 0
-1 -18 -8 0
15 -50 -38 0
-38 25 26 0
-7 -29 -9 0
11 18 -48 0
39 -17 -40 0
6 19 -47 0
-13 19 49 0
-42 17 46 0
-50 -7 28 0
24 -37 11 0
10 32 -20 0
-28 -29 22 0
-22 -44 -38 0
-38 -11 39 0
-50 9 -8 0
39 -26 20 0
7 -43 -35 0
-33 -23 11 0
-31 49 1 0
24 -47 -16 0
44 -14 -10 0
26 16 11 0
28 18 -9 0
-10 -39 -3 0
-27 -2 -29 0
-10 -42 -35 0
30 47 22 0
-30 -20 -38 0
-17 -24 5 0
16 28 31 0
-13 47 30 0
-20 -9 -19 0
26 -14 29 0
46 14 4 0
-32 45 22 0
-33 19 -29 0
13 4 -25 0
21 12 48 0
28 39 46 0
19 23 40 0
-6 -1 20 0
-45 29 37 0
9 -24 43 0
-30 42 -4 0
-40 4 -37 0
-45 -9 42 0
-46 32 -42 0
40 48 42 0
-9 -28 -5 0
-22 50 -12 0
40 42 36 0
-33 29 -17 0
-13 -28 -5 0
-31 35 19 0
11 37 22 0
-19 44 17 0
39 19 16 0
43 39 32 0
-23 2 40 0
-4 -8 -20 0
-31 -45 24 0
-20 31 -24 0
-33 37 38 0
-41 -8 -10 0
-22 6 18 0
-37 14 -1 0
15 -6 36 0
46 -12 -32 0
23 48 -2 0
33 49 -5 0
-29 47 30 0
-43 -41 50 0
38 2 46 0
11 46 -22 0
8 -44 23 0
-7 40 -5 0
-21 -49 -34 0
26 -8 -35 0
-40 3 -41 0
3 41 19 0
32 40 -13 0
-16 42 -41 0
24 48 15 0
1 -2 -3 0
50 5 -43 0
14 41 46 0
-50 -23 -24 0
1 30 37 0
13 -3 -32 0
37 2 -26 0
-17 -50 39 0
-50 34 41 0
18 32 23 0
25 33 -6 0
-37 49 -17 0
-46 -24 -38 0
-30 49 -39 0
15 -31 -40 0
-18 -37 8 0
37 21 1 0
-37 -47 48 0
15 3 -22 0
RESULT seed=4049 sm=1 pm=0 result=0 decisions=83 conflicts=167
RESULT seed=4049 sm=3 pm=0 result=0 decisions=124 conflicts=249
RESULT seed=4049 sm=1 pm=1 result=0 decisions=77 conflicts=155
RESULT seed=4049 sm=3 pm=1 result=0 decisions=110 conflicts=221
INSTANCE seed=4050 n=50 m=220
p cnf 50 220
8 -43 -30 0
-19 -45 37 0
-22 14 -19 0
-7 17 -13 0
24 -18 15 0
-27 -41 28 0
-3 29 28 0
-3 -35 42 0
-34 -43 -21 0
18 -22 30 0
32 43 -9 0
18 -41 20 0
10 47 39 0
11 -8 21 0
-5 -3 48 0
9 -12 -41 0
-37 9 38 0
29 -21 41 0
-2 4 34 0
46 -17 22 0
5 -13 15 0
-19 44 -22 0
-37 -5 20 0
-9 15 -5 0
-38 -23 -46 0
-28 -24 16 0
-7 -4 46 0
-35 -22 -32 0
-30 -8 19 0
-16 43 -18 0
-29 40 -26 0
-3 -26 -40 0
-1 48 -41 0
50 39 -48 0
48 49 2 0
-23 21 36 0
50 -40 25 0
-31 -7 -32 0
20 -5 -1 0
35 -31 21 0
-18 -36 40 0
-2 -26 1 0
-39 -7 18 0
13 -14 37 0
22 -34 -35 0
50 -33 -32 0
-25 1 12 0
-30 40 49 0
-4 19 -25 0
-33 -22 -49 0
31 -14 6 0
26 -6 -41 0
-44 -38 -4 0
-31 -15 -48 0
13 -20 4 0
48 -7 27 0
-45 -19 -21 0
-36 3 -11 0
19 -29 -11 0
-40 -19 46 0
18 19 15 0
-27 30 -11 0
-49 50 -2 0
23 15 -18 0
11 -4 41 0
26 -45 -49 0
21 33 35 0
46 18 6 0
-27 -13 -9 0
-4 -32 45 0
33 -4 24 0
-3 17 19 0
21 -28 -27 0
-27 10 -28 0
26 -43 32 0
-39 -32 -48 0
-43 31 -8 0
2 11 13 0
-43 -22 -26 0
-47 -45 -24 0
37 31 -21 0
-27 40 34 0
-49 10 46 0
-25 4 12 0
45 38 -10 0
21 16 39 0
5 -10 -32 0
34 36 -21 0
3 -18 5 0
-32 -22 23 0
3 26 43 0
4 -46 -6 0
-11 25 -44 0
-42 37 31 0
25 -26 9 0
22 -45 -10 0
3 -15 -41 0
-43 -36 -3 0
36 -2 -14 0
2 -31 -11 0
-17 -4 -40 0
-13 43 9 0
-23 27 24 0
9 11 4 0
8 17 23 0
27 20 -36 0
31 50 -18 0
-19 -12 -33 0
3 35 -14 0
4 30 -49 0
-22 -28 -16 0
-34 48 -3 0
-1 36 10 0
24 18 -1 0
14 35 18 0
-28 -24 40 0
43 -9 7 0
28 -38 46 0
-41 -21 12 0
25 40 -36 0
27 19 9 0
-22 10 -5 0
5 -8 -23 0
-48 21 -27 0
9 11 -46 0
-5 -7 -26 0
-29 17 -31 0
-35 27 -18 0
-23 8 12 0
37 20 -14 0
1 -41 -45 0
-28 -1 20 0
12 -46 28 0
-36 49 -21 0
41 48 -17 0
44 1 -26 0
-37 13 31 0
2 12 -30 0
-44 -5 -14 0
-2 -14 39 0
36 -30 45 0
-21 43 16 0
-5 -42 36 0
21 30 35 0
42 -6 41 0
-28 -15 31 0
37 49 17 0
-31 3 -16 0
4 -7 -37 0
-29 40 32 0
42 46 28 0
35 48 -18 0
9 -46 40 0
48 -28 -10 0
-11 -14 -22 0
-27 -34 13 0
-27 -50 -2 0
-29 -47 14 0
34 8 1 0
21 4 -13 0
35 2 -39 0
45 47 -50 0
27 24 -42 0
-8 -9 3 0
48 47 23 0
41 50 -40 0
32 45 49 0
24 8 -39 0
32 -17 -44 0
-37 20 -12 0
-29 3 -23 0
37 45 14 0
-27 -31 -33 0
-1 -37 46 0
22 -3 50 0
8 37 -48 0
37 7 -14 0
-40 2 46 0
-45 -29 -4 0
19 32 38 0
49 -44 -18 0
16 -5 -33 0
-29 -7 -27 0
13 42 37 0
-12 -26 -16 0
-21 -11 -46 0
47 42 -20 0
14 35 39 0
-33 -39 26 0
26 18 -25 0
-22 36 48 0
21 -15 24 0
16 -7 10 0
-30 44 43 0
-49 13 -9 0
14 29 -27 0
-13 20 43 0
11 15 35 0
12 18 -3 0
-16 -4 46 0
19 47 49 0
-5 14 -33 0
50 32 -9 0
35 36 -48 0
-43 -50 7 0
-10 15 35 0
25 -6 34 0
10 -40 47 0
-17 33 -35 0
-39 42 50 0
15 19 -46 0
-21 48 30 0
7 20 -16 0
-29 9 33 0
-38 14 16 0
-22 -3 32 0
33 -24 -19 0
3 -31 -46 0
-1 20 -3 0
-47 -49 48 0
RESULT seed=4050 sm=1 pm=0 result=0 decisions=130 conflicts=261
RESULT seed=4050 sm=3 pm=0 result=0 decisions=126 conflicts=253
RESULT seed=4050 sm=1 pm=1 result=0 decisions=96 conflicts=193
RESULT seed=4050 sm=3 pm=1 result=0 decisions=108 conflicts=217
INSTANCE seed=4051 n=50 m=220
p cnf 50 220
-34 -43 -22 0
30 -1 -22 0
-27 -31 -8 0
-22 27 -3 0
13 23 -21 0
-50 -21 -11 0
11 -28 -42 0
6 -26 -7 0
-24 1 -15 0
-48 -8 29 0
3 -50 -41 0
34 -22 11 0
-17 -30 7 0
14 -33 -12 0
-17 30 18 0
47 14 -37 0
-22 23 17 0
-9 33 -32 0
31 28 -7 0
5 30 8 0
20 27 22 0
-39 -34 -17 0
27 -9 41 0
-27 -24 30 0
13 -8 -15 0
-43 -34 50 0
15 40 39 0
-35 49 1 0
31 -9 33 0
4 9 -31 0
5 4 -24 0
-27 -46 25 0
42 -26 -48 0
27 -37 -5 0
19 40 -46 0
12 -48 -13 0
43 -46 -35 0
-38 34 35 0
-21 -7 13 0
5 -19 15 0
-20 7 45 0
40 28 -22 0
24 17 18 0
-15 -41 42 0
34 -10 28 0
2 41 -17 0
8 17 35 0
-48 46 36 0
-38 -34 21 0
1 43 -47 0
-19 -6 46 0
6 15 26 0
-5 -21 -26 0
-22 -37 12 0
9 49 -13 0
42 -50 -46 0
-47 28 -49 0
-26 23 3 0
48 10 -23 0
-22 -2 -30 0
50 -9 10 0
13 50 46 0
7 37 25 0
20 45 -10 0
-44 16 -48 0
2 16 -13 0
16 -49 -14 0
50 -6 29 0
41 8 -18 0
46 32 28 0
24 -37 -1 0
30 -32 -46 0
-35 19 7 0
-20 -28 40 0
21 15 -12 0
25 -12 37 0
-30 29 -23 0
-32 1 21 0
44 13 -36 0
-7 44 37 0
34 -4 47 0
-25 -39 -4 0
-3 -21 26 0
34 50 -11 0
8 39 38 0
46 -44 38 0
42 -7 5 0
-36 49 -13 0
-47 34 26 0
-24 29 -14 0
38 40 4 0
-5 -17 27 0
24 -10 -9 0
5 20 -9 0
-33 -10 48 0
29 12 22 0
-1 -32 -21 0
-14 45 -20 0
8 15 -20 0
-12 26 47 0
-12 37 -44 0
31 40 2 0
13 -3 -19 0
-15 18 13 0
30 -45 31 0
30 -25 -33 0
-48 -20 34 0
38 -35 -47 0
1 36 -43 0
39 -38 3 0
-3 -19 -45 0
4 20 -12 0
45 -6 10 0
34 45 18 0
-19 -9 34 0
-26 -21 -23 0
-21 -44 -47 0
-26 35 -25 0
-24 -27 23 0
13 42 -48 0
29 -32 39 0
-35 -9 -41 0
11 28 -29 0
-6 36 49 0
5 23 -45 0
19 -10 -38 0
29 30 -39 0
46 30 3 0
-49 -21 -17 0
-10 -44 23 0
-7 11 -17 0
-5 1 -29 0
20 -15 49 0
-18 37 -49 0
23 -40 -41 0
-41 17 -25 0
5 -47 -10 0
-29 -50 -27 0
4 -37 1 0
48 24 13 0
-39 -36 49 0
33 -9 -7 0
45 -8 30 0
27 -47 49 0
-8 -28 20 0
-13 -28 -26 0
1 19 13 0
-26 23 -25 0
-6 -30 -1 0
-28 12 -25 0
-40 32 21 0
-33 -10 -34 0
35 30 -42 0
-30 -49 -29 0
-9 39 -4 0
13 -20 2 0
-27 1 -40 0
-28 13 47 0
-36 -26 30 0
29 25 44 0
47 39 -19 0
3 44 -14 0
15 32 -31 0
21 -24 -42 0
46 -22 -1 0
42 -6 44 0
14 -6 -49 0
-35 -9 23 0
-19 24 34 0
-48 -5 -19 0
21 16 -10 0
43 35 1 0
29 31 -36 0
-17 46 -1 0
-6 -10 22 0
-23 -17 -27 0
-41 1 -35 0
21 28 -13 0
-13 45 46 0
25 5 50 0
-45 19 -8 0
48 42 -49 0
-7 47 -9 0
22 36 27 0
6 -26 31 0
-12 10 -41 0
25 -37 -29 0
-11 49 -6 0
-23 43 9 0
-44 6 -8 0
-18 47 -50 0
-37 23 -18 0
32 6 -15 0
5 -18 20 0
-48 -26 -49 0
-32 35 43 0
-16 -19 3 0
27 32 -38 0
32 14 -43 0
-35 42 -13 0
-40 -46 19 0
-1 3 37 0
-43 9 5 0
-45 -2 -13 0
-45 -6 -5 0
8 -30 -31 0
33 30 -8 0
-27 -42 -22 0
29 4 -49 0
43 16 36 0
-24 22 -21 0
8 -15 -2 0
-23 10 -48 0
-14 -28 39 0
33 28 19 0
24 -49 11 0
-30 19 40 0
-41 -14 -42 0
8 29 45 0
-23 38 -16 0
RESULT seed=4051 sm=1 pm=0 result=0 decisions=81 conflicts=163
RESULT seed=4051 sm=3 pm=0 result=0 decisions=80 conflicts=161
RESULT seed=4051 sm=1 pm=1 result=0 decisions=87 conflicts=175
RESULT seed=4051 sm=3 pm=1 result=0 decisions=109 conflicts=219
INSTANCE seed=4052 n=50 m=220
p cnf 50 220
9 -43 14 0
-41 -7 8 0
-32 -48 46 0
38 -37 50 0
-31 -26 -14 0
-46 -12 -36 0
-4 -29 -26 0
-6 18 37 0
-36 4 -40 0
-9 5 26 0
35 -24 -25 0
34 -40 39 0
28 43 5 0
-21 4 44 0
23 22 49 0
31 9 47 0
-16 -14 -17 0
-16 -6 28 0
-9 -21 7 0
37 -7 24 0
18 -30 -48 0
-4 27 11 0
-27 40 -47 0
-31 -33 7 0
-9 49 -38 0
-38 -30 22 0
13 37 50 0
6 -29 -30 0
-36 11 -31 0
33 36 -22 0
-23 36 -38 0
36 15 -48 0
6 20 -40 0
-16 -31 35 0
-44 6 2 0
-31 -35 -8 0
46 11 -13 0
12 -37 14 0
-11 44 -22 0
-10 -4 -28 0
16 25 -44 0
17 21 27 0
-4 -38 -50 0
-23 29 38 0
-48 18 12 0
-10 -38 37 0
-17 -4 37 0
6 38 8 0
23 -50 5 0
42 47 -8 0
41 -42 -31 0
-36 10 40 0
19 14 -11 0
40 15 -39 0
15 -31 20 0
-13 48 2 0
4 26 -12 0
-42 35 33 0
-7 43 40 0
-23 43 -36 0
-15 35 43 0
-33 27 14 0
-48 -3 -14 0
-11 -4 47 0
22 -32 5 0
10 -40 22 0
-22 1 -29 0
4 -28 39 0
-44 -47 14 0
-4 46 -45 0
6 32 -15 0
-23 -17 46 0
2 -50 -17 0
36 -12 -28 0
-21 32 -47 0
-17 3 1 0
-37 -30 -11 0
-10 48 -15 0
35 34 -14 0
29 31 13 0
-27 28 -12 0
-28 -29 35 0
-8 -49 34 0
-12 46 -50 0
20 16 -45 0
-39 -32 11 0
33 -13 5 0
-11 -33 29 0
-16 29 18 0
-42 -41 -3 0
27 15 -37 0
-44 16 -30 0
-9 42 8 0
44 -16 -48 0
31 -35 -45 0
20 -50 1 0
-50 -42 11 0
-26 37 46 0
-4 -13 43 0
-39 10 50 0
-13 38 -4 0
22 16 1 0
8 -18 3 0
37 -49 24 0
18 -8 -36 0
-21 6 -31 0
48 16 10 0
39 -37 -19 0
50 20 -2 0
-25 50 47 0
-45 -49 19 0
2 -41 -10 0
7 -2 34 0
-8 16 19 0
37 4 -33 0
-34 -13 -21 0
2 46 -35 0
-44 -43 -13 0
-4 -7 32 0
35 1 -44 0
-9 31 -45 0
-20 48 9 0
-28 -17 -48 0
34 -14 2 0
45 -32 -7 0
49 38 47 0
43 -48 -41 0
28 -43 15 0
42 -34 -40 0
30 -46 50 0
-25 46 23 0
27 6 8 0
-32 46 -44 0
2 -13 37 0
2 -8 -47 0
-31 14 38 0
33 24 23 0
-31 -39 -6 0
38 23 14 0
19 11 31 0
24 -14 19 0
45 -44 -20 0
-44 -9 3 0
36 5 16 0
-16 -18 26 0
21 -32 11 0
-28 -1 42 0
40 38 15 0
15 42 47 0
9 14 21 0
-47 1 -13 0
1 34 35 0
38 32 23 0
-27 -3 -10 0
-45 25 29 0
-45 -48 -24 0
-12 27 -36 0
5 16 1 0
34 25 50 0
-34 22 -41 0
4 -12 -20 0
-15 22 -17 0
8 20 29 0
4 -1 -40 0
-46 -25 3 0
10 -45 35 0
21 -5 6 0
11 12 30 0
-15 21 44 0
-41 -38 29 0
3 -34 -13 0
49 -24 22 0
-43 21 25 0
7 -22 49 0
-33 18 -1 0
-10 21 -2 0
18 -9 -49 0
-5 4 -11 0
-5 15 34 0
26 29 13 0
32 -17 29 0
-4 -10 31 0
-43 50 47 0
26 -40 -38 0
-19 -38 -25 0
-44 19 -41 0
-22 48 -19 0
-7 17 -31 0
29 -7 35 0
24 -47 46 0
-13 50 -5 0
-11 16 5 0
-9 45 1 0
-39 -20 25 0
-17 -25 29 0
27 -9 -31 0
-32 14 29 0
-27 -34 -31 0
-7 -12 -17 0
-38 7 16 0
-18 16 -8 0
-15 -23 -8 0
-40 3 2 0
-49 7 -40 0
-20 28 -27 0
-13 -2 4 0
-37 17 -33 0
-50 26 7 0
-16 -11 22 0
-19 -5 36 0
-18 -3 2 0
-23 -45 35 0
-22 35 30 0
42 -37 -35 0
-16 40 25 0
42 -1 8 0
45 -1 40 0
-35 50 37 0
-28 14 13 0
10 -41 49 0
RESULT seed=4052 sm=1 pm=0 result=0 decisions=90 conflicts=181
RESULT seed=4052 sm=3 pm=0 result=0 decisions=88 conflicts=177
RESULT seed=4052 sm=1 pm=1 result=0 decisions=56 conflicts=113
RESULT seed=4052 sm=3 pm=1 result=0 decisions=61 conflicts=123
INSTANCE seed=4053 n=50 m=220
p cnf 50 220
-35 -43 -6 0
-1 14 -43 0
37 15 35 0
3 -47 46 0
50 30 7 0
-42 3 -12 0
-48 29 11 0
-6 9 18 0
-48 -7 -14 0
-21 -2 24 0
17 -48 8 0
-35 -9 -17 0
40 5 -3 0
-28 -26 -25 0
-29 14 -30 0
15 4 7 0
-9 4 17 0
-23 -29 24 0
37 13 -6 0
-20 -34 41 0
16 -34 -23 0
-19 -21 -5 0
27 22 -12 0
39 -5 11 0
-31 48 -50 0
-38 -47 -3 0
12 6 -11 0
-13 -28 7 0
28 -19 33 0
-24 46 6 0
-30 5 -13 0
-36 -34 -4 0
-4 47 -35 0
-39 21 -24 0
26 23 -3 0
-35 -3 -11 0
-10 -41 -35 0
-16 -29 -19 0
-44 -31 7 0
-19 45 6 0
16 32 -42 0
-39 16 31 0
12 -2 -18 0
19 -28 34 0
21 -19 33 0
14 6 36 0
23 50 -30 0
-34 7 -9 0
7 14 13 0
-37 -35 -42 0
-45 41 -26 0
18 32 -45 0
27 -36 -18 0
4 -30 -42 0
-50 -7 -32 0
-30 3 -21 0
37 -44 -9 0
-36 48 3 0
22 43 11 0
-45 -26 -18 0
42 -28 -16 0
33 7 -31 0
50 -21 -16 0
5 -33 25 0
13 27 -10 0
39 -20 28 0
-43 8 3 0
41 48 -13 0
20 -29 31 0
18 28 21 0
31 46 45 0
42 40 4 0
15 16 41 0
-44 35 -27 0
-48 23 -31 0
-38 -10 -9 0
-43 -50 4 0
-29 -18 15 0
19 1 30 0
-29 26 20 0
16 1 -28 0
-11 26 -43 0
-21 -3 48 0
-31 -26 -27 0
-1 28 -38 0
-20 -42 33 0
48 -11 44 0
45 28 17 0
-48 -44 42 0
12 -24 -48 0
18 15 9 0
30 43 40 0
-10 -7 -28 0
27 26 2 0
37 30 -42 0
-20 40 28 0
32 -41 27 0
-18 -49 43 0
28 22 38 0
2 -26 4 0
-44 40 17 0
-8 2 11 0
16 7 -26 0
-18 28 -25 0
11 24 -25 0
50 20 19 0
-2 36 -25 0
14 39 -6 0
32 45 2 0
44 -6 -7 0
-40 35 39 0
-46 -19 41 0
-9 28 8 0
-32 -37 19 0
-5 49 -31 0
-43 -6 -20 0
-33 -47 22 0
13 -50 -1 0
33 40 -38 0
46 -38 6 0
-4 28 -15 0
20 19 18 0
33 26 40 0
-22 -17 -3 0
-44 -5 26 0
-30 -42 -27 0
-8 -3 -27 0
-47 -33 -4 0
15 32 -38 0
-26 -39 -6 0
18 -39 43 0
45 12 -13 0
-12 18 38 0
26 5 -18 0
16 -21 -22 0
38 -34 50 0
23 41 15 0
19 33 -26 0
-19 24 2 0
-34 46 -29 0
42 -49 25 0
-40 27 -43 0
8 22 20 0
-17 -45 9 0
6 -32 11 0
11 -10 -34 0
26 -8 13 0
27 -16 46 0
14 -35 17 0
20 -31 12 0
-30 5 -46 0
37 9 29 0
49 -18 1 0
40 -17 -25 0
27 16 50 0
23 8 -20 0
-35 -50 -30 0
49 -13 39 0
-10 -25 43 0
-26 -49 -30 0
-48 12 35 0
39 19 15 0
-34 -38 -47 0
-11 27 45 0
14 29 -45 0
-20 21 -26 0
38 18 -2 0
-19 -49 -39 0
-50 -6 23 0
19 -17 22 0
-12 -15 -24 0
-8 30 38 0
1 2 -41 0
-20 35 40 0
-1 39 -47 0
-43 33 21 0
-25 1 8 0
2 42 -48 0
-12 -22 25 0
-31 3 -19 0
11 -26 -27 0
-13 3 -47 0
-8 -36 -12 0
42 47 8 0
-3 -44 8 0
-48 27 -6 0
49 42 -46 0
34 49 -42 0
-9 -18 -20 0
15 -8 -20 0
-19 27 31 0
-34 -31 17 0
20 -31 -39 0
-22 18 -33 0
16 27 -6 0
39 -9 -24 0
-26 -17 -33 0
-32 -29 2 0
-16 -39 -32 0
25 28 6 0
-7 -3 17 0
-2 -24 -4 0
25 -41 27 0
24 -10 1 0
-18 -34 -49 0
9 17 -7 0
-48 -41 34 0
-42 37 -41 0
-16 -30 -11 0
15 -8 22 0
-14 36 37 0
-24 23 18 0
13 30 -17 0
-36 -23 1 0
-36 5 -4 0
-29 -26 50 0
1 -31 -21 0
29 39 41 0
-48 -10 -4 0
30 -36 -40 0
RESULT seed=4053 sm=1 pm=0 result=1 decisions=74 conflicts=112
RESULT seed=4053 sm=3 pm=0 result=1 decisions=80 conflicts=126
RESULT seed=4053 sm=1 pm=1 result=1 decisions=18 conflicts=3
RESULT seed=4053 sm=3 pm=1 result=1 decisions=18 conflicts=3
INSTANCE seed=4054 n=50 m=220
p cnf 50 220
11 44 -48 0
12 20 -29 0
42 32 24 0
-18 -7 -42 0
-18 34 -1 0
-37 45 -38 0
-42 30 46 0
7 -50 48 0
-9 -19 -49 0
-10 2 -12 0
50 -27 -35 0
-28 -45 -2 0
-18 1 34 0
47 6 -35 0
5 -11 49 0
48 17 -3 0
45 -16 -29 0
-2 20 -15 0
-6 48 11 0
8 14 -37 0
49 35 -14 0
49 27 -3 0
48 46 -20 0
-26 -40 18 0
-42 -35 3 0
29 10 -39 0
47 2 42 0
-35 -27 -49 0
8 -9 40 0
-44 -17 -31 0
-7 -41 -3 0
43 11 -33 0
-3 -44 14 0
-8 -29 14 0
32 47 -31 0
-36 44 14 0
-9 -6 -49 0
45 -14 46 0
-16 25 47 0
2 27 -14 0
45 -41 -14 0
-10 22 -36 0
42 12 -39 0
-5 30 26 0
33 -31 -25 0
10 28 35 0
8 18 44 0
42 -6 -35 0
-3 34 37 0
9 -23 -5 0
-8 19 -10 0
-5 -48 -47 0
41 -28 -42 0
36 42 -45 0
-4 -46 11 0
32 -48 1 0
-33 -37 -46 0
-31 38 48 0
-39 10 3 0
-47 34 -33 0
-4 13 -49 0
38 -50 15 0
-46 -29 -21 0
-6 20 28 0
45 -49 17 0
-39 19 50 0
-3 -37 -24 0
-21 -32 -19 0
39 -1 46 0
-32 -36 8 0
26 6 -32 0
-43 39 -28 0
-30 36 -21 0
-7 -49 -33 0
11 37 -6 0
28 -23 -50 0
-34 42 -19 0
-12 -2 40 0
17 20 21 0
-50 -47 35 0
45 -13 -6 0
-10 -24 42 0
-44 17 -38 0
11 -9 10 0
35 48 23 0
38 -7 -16 0
6 -1 13 0
-39 49 -43 0
-44 24 25 0
50 -32 21 0
-40 33 -2 0
-36 42 6 0
-22 -28 6 0
12 38 4 0
-24 -39 14 0
-13 -40 30 0
-6 23 20 0
37 34 49 0
-21 23 50 0
-25 -6 -48 0
45 -16 -47 0
12 -2 24 0
29 26 43 0
45 -38 -44 0
-20 9 3 0
-22 -48 18 0
-23 -36 -12 0
-12 -41 8 0
12 -43 39 0
-15 4 -40 0
-50 37 39 0
9 -39 47 0
-23 -11 -4 0
-31 6 -8 0
19 -22 -44 0
30 1 49 0
18 14 48 0
10 31 -8 0
-38 -11 23 0
-44 -7 -26 0
48 32 -35 0
-21 30 24 0
-7 -2 30 0
37 -46 -30 0
-32 12 5 0
3 39 -26 0
34 49 22 0
-46 15 44 0
38 -39 46 0
-25 1 -41 0
-10 -49 2 0
12 -25 8 0
-19 -42 -24 0
34 -30 5 0
-42 40 -9 0
45 33 -17 0
23 20 42 0
-13 -23 30 0
10 13 -24 0
-42 35 13 0
-32 10 15 0
-29 14 34 0
43 -14 -13 0
-21 43 -6 0
4 -30 -44 0
-24 48 -18 0
13 -25 -15 0
34 14 44 0
27 14 -29 0
38 -31 49 0
2 -13 -9 0
30 23 -33 0
23 9 4 0
19 -23 -7 0
23 16 -34 0
46 -39 35 0
48 42 25 0
-7 48 -25 0
20 9 -38 0
-21 -50 -9 0
5 -10 21 0
30 -39 -43 0
-21 -29 24 0
-38 -1 5 0
-43 33 -27 0
34 -6 32 0
10 -8 2 0
-41 48 20 0
7 -26 10 0
-4 -6 35 0
-46 -15 25 0
5 13 10 0
-45 6 36 0
12 13 35 0
16 -30 5 0
3 41 10 0
-19 10 -21 0
42 -19 -26 0
-40 -5 29 0
-48 -30 -1 0
5 20 -8 0
-41 -15 33 0
-41 22 -9 0
22 -14 46 0
-26 10 39 0
33 5 47 0
-9 31 -14 0
-6 10 -44 0
-49 46 -30 0
45 -11 -18 0
-12 -11 7 0
16 3 27 0
-7 34 -44 0
-29 -22 -30 0
3 -5 -39 0
-1 -18 -39 0
-26 -2 20 0
12 -2 -15 0
-43 31 37 0
-15 36 34 0
-28 -21 22 0
44 2 30 0
-21 13 -35 0
22 29 11 0
-32 -5 -8 0
41 28 45 0
-46 -2 38 0
31 39 11 0
18 15 -40 0
-9 49 -19 0
-23 -20 37 0
-7 -25 -42 0
41 -37 49 0
43 4 15 0
36 43 -17 0
-33 11 -49 0
44 -18 42 0
14 19 50 0
-22 20 8 0
2 17 -23 0
RESULT seed=4054 sm=1 pm=0 result=0 decisions=107 conflicts=215
RESULT seed=4054 sm=3 pm=0 result=0 decisions=132 conflicts=265
RESULT seed=4054 sm=1 pm=1 result=0 decisions=98 conflicts=197
RESULT seed=4054 sm=3 pm=1 result=0 decisions=116 conflicts=233
INSTANCE seed=4055 n=50 m=220
p cnf 50 220
-36 44 40 0
-23 26 14 0
48 -49 -13 0
-33 -16 38 0
36 -38 44 0
-33 36 -13 0
-36 31 18 0
-26 -49 43 0
48 1 -6 0
-21 18 -31 0
47 -25 -36 0
-47 -23 14 0
-30 49 41 0
-18 37 40 0
47 42 33 0
43 -27 -46 0
-35 16 -36 0
-25 16 43 0
48 5 -35 0
-38 25 13 0
40 25 50 0
7 -43 -27 0
-34 -33 -2 0
35 -42 -49 0
-38 -35 -33 0
9 -5 11 0
-26 -35 -6 0
13 26 28 0
-33 44 -41 0
23 10 3 0
-36 1 -7 0
6 7 24 0
-29 5 -4 0
-28 12 18 0
32 23 2 0
-15 -37 -4 0
-23 19 47 0
-49 -28 -5 0
-48 22 8 0
-48 10 -8 0
40 -39 4 0
-5 7 -17 0
-44 47 43 0
-26 -40 41 0
15 32 46 0
48 -19 -10 0
33 38 44 0
-5 42 -4 0
49 10 -40 0
-6 13 -16 0
13 -22 -3 0
27 -11 29 0
11 -43 22 0
43 -10 16 0
9 36 24 0
-20 -24 12 0
25 -47 30 0
15 -44 -12 0
-46 44 49 0
-34 -17 39 0
-47 31 44 0
-44 49 43 0
-36 -27 7 0
-7 31 27 0
-21 20 38 0
17 -13 4 0
41 -35 -18 0
-4 -32 -35 0
-44 -41 -50 0
6 9 -48 0
1 -12 31 0
-10 40 -45 0
5 37 -23 0
-4 30 45 0
-27 -38 -24 0
9 -40 -10 0
40 38 -20 0
26 -12 18 0
22 40 19 0
15 -45 20 0
-10 -19 -40 0
24 -20 38 0
25 22 -33 0
-49 -31 -45 0
5 -32 -17 0
-28 -3 23 0
43 -26 49 0
16 32 -35 0
27 3 38 0
5 -46 -13 0
-37 2 33 0
34 36 -1 0
32 -47 -3 0
-39 -46 41 0
49 -35 -11 0
-19 34 -14 0
-49 43 7 0
-1 -4 -28 0
-29 -44 -4 0
-22 -11 17 0
17 1 -42 0
2 38 31 0
23 38 29 0
-3 -22 35 0
39 -36 -5 0
-16 36 49 0
-25 -19 17 0
-46 38 22 0
-21 -28 34 0
36 -29 -22 0
-39 -14 -18 0
21 32 35 0
-45 4 -33 0
-2 38 -16 0
-13 -7 18 0
-23 17 -45 0
-49 48 50 0
15 -26 -40 0
6 49 -19 0
-14 -50 44 0
-36 -33 -10 0
36 -6 -38 0
-36 -7 -2 0
-38 -47 20 0
-17 1 30 0
13 31 44 0
28 26 -25 0
-5 -21 -28 0
27 -15 6 0
-35 -19 17 0
-12 -20 -25 0
23 -19 -25 0
46 16 -11 0
-3 43 50 0
-32 19 -5 0
35 27 32 0
-21 27 -33 0
-27 -38 -2 0
12 -44 -16 0
-31 -25 -38 0
28 40 5 0
-3 -47 -26 0
19 -16 39 0
-4 27 46 0
-37 8 -31 0
41 -14 -29 0
23 22 5 0
-50 -22 8 0
13 -23 -8 0
-42 -16 43 0
-45 14 13 0
10 8 17 0
-19 -41 -37 0
-7 47 22 0
5 -2 41 0
6 12 -27 0
-49 -27 -34 0
-13 -14 29 0
28 -45 50 0
49 31 22 0
30 24 -39 0
18 -27 24 0
-11 29 41 0
24 19 5 0
16 44 -18 0
41 9 21 0
42 -40 33 0
-50 -43 41 0
-38 -26 -19 0
-21 -41 -29 0
40 4 -48 0
42 -16 10 0
18 -32 -12 0
42 25 -4 0
-49 27 -5 0
16 10 -43 0
11 -26 -27 0
-44 -45 -38 0
23 -22 -48 0
-43 -17 -24 0
-21 -2 33 0
47 32 17 0
-42 -7 -23 0
30 -44 22 0
-49 6 -20 0
-23 29 1 0
-10 -22 28 0
-18 -14 44 0
-21 19 3 0
-26 -15 34 0
-41 -18 14 0
20 10 16 0
-2 16 26 0
8 47 45 0
17 9 -22 0
-4 -26 36 0
8 41 24 0
-27 -19 -23 0
-42 6 2 0
-41 14 -10 0
14 4 3 0
-31 -37 -34 0
40 -33 44 0
44 -32 29 0
48 28 -39 0
-34 -8 18 0
20 -37 14 0
-18 -48 -32 0
-33 47 42 0
33 30 8 0
22 -44 -48 0
21 26 -6 0
-23 -29 -4 0
-7 -47 -16 0
-23 -19 -22 0
-4 -45 43 0
12 -10 -23 0
33 -28 -23 0
19 31 -27 0
5 -29 26 0
RESULT seed=4055 sm=1 pm=0 result=1 decisions=54 conflicts=94
RESULT seed=4055 sm=3 pm=0 result=1 decisions=39 conflicts=59
RESULT seed=4055 sm=1 pm=1 result=1 decisions=70 conflicts=129
RESULT seed=4055 sm=3 pm=1 result=1 decisions=105 conflicts=193
INSTANCE seed=4056 n=50 m=220
p cnf 50 220
12 44 -32 0
33 32 -50 0
3 -16 -2 0
48 -26 -34 0
-5 -41 -37 0
29 27 -39 0
-29 -32 -16 0
-7 32 -10 0
32 -15 37 0
-5 -42 16 0
-13 21 9 0
-36 -16 -2 0
-25 43 -47 0
-48 39 -18 0
-46 39 23 0
17 38 -37 0
-40 26 -16 0
-42 -48 -12 0
-21 -41 -4 0
17 -15 42 0
11 44 -50 0
15 -50 36 0
27 -15 19 0
-8 1 -7 0
8 -43 -48 0
3 -12 7 0
11 5 -13 0
50 -41 34 0
2 45 -13 0
-17 9 -7 0
-22 -25 -35 0
-6 38 42 0
40 -9 26 0
-18 -45 -26 0
-35 -23 8 0
-37 -8 34 0
17 34 -9 0
-37 -50 27 0
-18 42 7 0
27 43 22 0
7 38 -11 0
22 -10 -29 0
-12 -35 47 0
18 -24 43 0
31 -21 -3 0
-31 -28 -19 0
3 -12 -49 0
-32 46 3 0
48 6 -14 0
-32 -21 -38 0
20 25 -7 0
34 50 -7 0
25 -17 -45 0
-45 -7 36 0
-36 43 11 0
13 -7 -10 0
-47 42 -50 0
-1 -11 -4 0
-34 -18 -42 0
29 -13 18 0
38 -15 18 0
-10 -50 -7 0
-5 -29 -3 0
1 -41 -16 0
29 -15 39 0
-28 18 -27 0
26 -9 -47 0
36 28 44 0
-30 37 24 0
-2 23 9 0
-17 -9 35 0
-10 26 42 0
11 10 -3 0
33 -32 -42 0
27 28 40 0
-16 -7 -37 0
-34 39 -8 0
-9 -21 40 0
44 20 -1 0
-24 36 -37 0
7 42 49 0
44 20 -25 0
34 38 -8 0
45 -49 -1 0
-21 42 -46 0
-29 17 10 0
26 39 -47 0
21 11 -38 0
20 -47 40 0
20 23 18 0
28 -21 -41 0
-17 -32 35 0
14 -3 -31 0
10 11 18 0
-43 -34 7 0
-31 -9 11 0
-5 28 48 0
31 3 -38 0
33 -7 -12 0
2 -46 27 0
18 -37 41 0
-33 30 47 0
35 3 -30 0
20 -11 -24 0
11 -25 -50 0
-11 -13 -50 0
11 13 -3 0
-36 -11 23 0
40 -4 -37 0
21 48 -22 0
-14 -20 -19 0
-22 9 -49 0
20 5 -28 0
37 -40 44 0
15 -29 -25 0
29 -35 10 0
-20 -7 -6 0
10 40 -13 0
19 -39 -5 0
-30 1 2 0
-5 -38 46 0
41 49 6 0
-25 -42 27 0
-8 -46 -12 0
-29 -28 -49 0
7 -5 26 0
-28 37 38 0
-23 9 40 0
40 -7 6 0
-14 50 -13 0
-6 -43 -18 0
37 46 32 0
35 -28 -37 0
8 13 33 0
-16 -34 -10 0
29 9 48 0
20 45 18 0
7 -15 41 0
-8 4 49 0
4 40 43 0
46 -11 -20 0
34 33 -42 0
50 -38 -49 0
48 18 -39 0
27 22 -16 0
32 -41 2 0
22 29 26 0
-37 -50 39 0
13 -17 -28 0
3 34 33 0
-28 -18 -47 0
-46 32 10 0
-29 27 -6 0
40 -36 -21 0
44 21 -37 0
-23 -39 6 0
-6 -24 -10 0
46 -47 -31 0
-6 16 28 0
50 28 -6 0
34 39 18 0
-39 -43 -33 0
-18 -48 20 0
31 47 26 0
-10 44 16 0
1 -35 44 0
50 -27 35 0
29 50 -41 0
-27 -38 -45 0
36 12 6 0
-46 -28 45 0
-3 -9 -48 0
39 2 3 0
-5 3 38 0
-28 -38 30 0
9 16 19 0
24 -26 -40 0
-46 -25 -49 0
3 31 -26 0
25 -30 28 0
34 14 -1 0
-12 -22 43 0
-17 -7 31 0
23 -20 26 0
-40 -30 -33 0
-50 3 -37 0
50 49 33 0
-49 -29 2 0
50 -4 3 0
-19 -30 6 0
-24 21 -26 0
13 12 -49 0
9 -3 32 0
29 -27 5 0
-36 22 32 0
2 25 21 0
-45 -21 47 0
40 -46 15 0
47 -7 34 0
12 -39 -23 0
28 -30 -40 0
38 -35 36 0
-17 -41 9 0
-15 -23 -40 0
38 6 -43 0
38 6 13 0
-9 -2 -31 0
-39 8 44 0
-13 -34 -14 0
12 19 14 0
30 -11 -46 0
-8 6 4 0
1 35 -42 0
-35 29 -21 0
-38 -44 -36 0
-14 -35 -27 0
-47 -34 49 0
37 -18 32 0
-4 -32 -36 0
25 -1 -15 0
RESULT seed=4056 sm=1 pm=0 result=0 decisions=157 conflicts=315
RESULT seed=4056 sm=3 pm=0 result=0 decisions=167 conflicts=335
RESULT seed=4056 sm=1 pm=1 result=0 decisions=171 conflicts=343
RESULT seed=4056 sm=3 pm=1 result=0 decisions=157 conflicts=315
INSTANCE seed=4057 n=50 m=220
p cnf 50 220
-38 -44 -24 0
44 -38 35 0
8 33 -41 0
13 36 30 0
-23 45 -31 0
25 18 -14 0
-23 -33 -1 0
8 23 40 0
44 17 11 0
-16 39 -13 0
-44 46 42 0
36 35 -30 0
37 6 45 0
-5 -10 49 0
2 31 -4 0
-1 33 47 0
-33 17 16 0
49 -20 -9 0
49 33 -4 0
-50 42 9 0
9 47 -26 0
-30 -43 -29 0
-41 5 43 0
18 15 25 0
-10 4 -1 0
6 7 28 0
-10 35 42 0
-23 7 10 0
-31 -29 34 0
26 27 -40 0
35 -47 34 0
11 19 -28 0
-24 43 22 0
-31 36 -23 0
-8 27 -34 0
1 14 -3 0
-47 -15 46 0
6 3 25 0
-2 48 -32 0
-31 -23 39 0
9 -33 -37 0
39 42 -21 0
49 -17 6 0
-13 19 18 0
18 -7 -33 0
-48 -18 40 0
37 14 15 0
26 -48 2 0
-4 7 -28 0
5 3 -21 0
-27 33 -2 0
-46 48 -36 0
39 5 28 0
46 42 -50 0
-31 -22 -21 0
7 9 22 0
17 -25 30 0
-6 48 -4 0
21 10 36 0
41 -26 -1 0
37 7 -43 0
50 -48 19 0
-47 3 -7 0
7 -15 -40 0
-33 19 -26 0
37 -13 41 0
-6 -50 -5 0
11 -47 -7 0
-26 31 32 0
36 47 10 0
-41 42 -21 0
7 3 16 0
-24 41 -20 0
-6 -14 25 0
-13 7 -3 0
-17 -29 -20 0
-11 36 -27 0
35 -23 7 0
-21 26 -29 0
-8 1 -14 0
20 -5 30 0
47 -17 -29 0
30 -2 -45 0
-8 49 22 0
-48 28 -10 0
41 -6 17 0
29 34 19 0
42 -7 43 0
5 17 27 0
-2 40 41 0
-44 4 40 0
-44 -11 -17 0
32 1 15 0
-21 -39 -5 0
13 -28 -1 0
-48 -39 -46 0
-7 3 4 0
-4 21 -38 0
-36 -31 50 0
-20 -43 19 0
-7 -30 23 0
8 -7 40 0
33 -22 -11 0
-20 26 37 0
-11 -14 17 0
-11 13 -24 0
-2 37 6 0
26 -8 -27 0
-24 5 35 0
41 28 50 0
23 26 -46 0
17 5 -14 0
3 -41 27 0
49 -14 -46 0
-43 -40 -47 0
3 18 32 0
31 -13 -29 0
19 -26 47 0
38 -21 -44 0
15 25 -34 0
50 45 47 0
49 29 -41 0
-16 39 20 0
-47 -39 -10 0
-18 -43 -33 0
32 49 47 0
50 22 13 0
9 2 -38 0
48 23 44 0
-48 28 -6 0
-2 -7 -1 0
-26 -37 30 0
14 34 -30 0
30 -31 49 0
18 -38 32 0
20 14 -19 0
13 2 -36 0
43 -29 5 0
13 -31 28 0
4 -48 13 0
32 -35 16 0
18 9 30 0
-10 -8 -41 0
-9 32 -17 0
-35 1 22 0
18 -25 -20 0
36 47 -23 0
29 20 12 0
-11 -48 15 0
1 24 -11 0
-23 -30 -32 0
-7 -4 39 0
-14 -24 23 0
26 20 33 0
39 -32 12 0
-43 27 -20 0
-10 -32 19 0
45 48 -7 0
7 34 -9 0
-17 -29 -47 0
18 -12 17 0
39 -13 35 0
10 -21 20 0
43 -46 3 0
43 15 -11 0
-43 -3 -16 0
28 47 50 0
47 32 20 0
-30 -19 -25 0
-9 -45 -14 0
-35 37 -5 0
-44 -18 35 0
22 3 -48 0
-10 -7 14 0
5 -25 -9 0
15 48 -25 0
18 -50 -6 0
18 21 40 0
22 -25 12 0
-43 -32 47 0
-26 19 3 0
7 12 -2 0
-29 -25 -43 0
37 1 -41 0
18 15 -37 0
2 19 20 0
45 -1 19 0
30 -11 -34 0
-50 44 14 0
-28 8 -24 0
37 6 -14 0
31 16 40 0
-12 -4 -40 0
5 -9 -32 0
-38 -27 20 0
24 -19 -15 0
42 17 41 0
49 32 -37 0
26 25 20 0
50 31 -48 0
9 -42 28 0
-3 42 -28 0
38 46 23 0
47 -46 -11 0
-12 -17 45 0
-6 -31 -41 0
44 30 -34 0
5 -29 -26 0
-44 45 30 0
-7 -15 -23 0
20 40 6 0
-35 22 -16 0
27 -22 42 0
20 -8 17 0
-18 33 -27 0
43 34 45 0
-15 -47 -14 0
46 26 37 0
18 -21 27 0
-50 -25 31 0
RESULT seed=4057 sm=1 pm=0 result=1 decisions=39 conflicts=46
RESULT seed=4057 sm=3 pm=0 result=1 decisions=43 conflicts=51
RESULT seed=4057 sm=1 pm=1 result=1 decisions=26 conflicts=29
RESULT seed=4057 sm=3 pm=1 result=1 decisions=26 conflicts=30
INSTANCE seed=4058 n=50 m=220
p cnf 50 220
14 -44 16 0
-4 -45 -21 0
13 50 30 0
28 46 26 0
42 -49 24 0
21 10 -40 0
-17 34 -36 0
8 -14 21 0
5 -20 -36 0
27 -35 -11 0
26 20 -40 0
12 22 -40 0
34 -38 9 0
-7 -30 -8 0
22 -35 -31 0
9 -14 34 0
33 38 -6 0
3 -29 -43 0
27 -11 16 0
-8 18 -27 0
32 -21 -41 0
10 -2 -20 0
-15 22 -6 0
-11 19 -50 0
15 3 -10 0
-2 49 10 0
-14 20 -47 0
-23 36 10 0
12 -5 35 0
-45 24 -47 0
-19 34 -16 0
-50 -15 -7 0
-28 19 -44 0
-27 -21 -30 0
-31 -11 -15 0
-20 -22 27 0
46 33 -25 0
-6 -34 46 0
16 24 35 0
-13 18 3 0
-44 -19 50 0
-30 4 -19 0
-42 -38 21 0
-7 -14 -32 0
-14 17 5 0
-4 10 -21 0
-16 -30 20 0
-1 41 27 0
-37 -42 -29 0
38 -31 -35 0
-3 27 -22 0
26 18 -34 0
50 -25 -9 0
-40 15 -27 0
-1 30 49 0
-39 -45 48 0
38 2 -24 0
48 31 32 0
-1 14 -6 0
-31 -20 -43 0
1 -30 -11 0
-24 -50 -32 0
8 42 -10 0
18 -41 22 0
-37 -29 36 0
-11 -4 -7 0
4 15 7 0
-18 -20 22 0
-24 -28 4 0
17 11 13 0
37 -1 45 0
-24 -29 -39 0
9 36 22 0
-18 23 -46 0
-46 35 13 0
-14 -10 -36 0
35 -46 -43 0
-47 29 22 0
28 -49 27 0
19 24 -46 0
2 24 40 0
28 -6 -48 0
50 -27 11 0
-22 -45 16 0
34 50 39 0
-4 11 -46 0
-12 -21 18 0
17 -2 -40 0
-37 -14 34 0
7 14 -10 0
37 -10 -50 0
25 -24 -14 0
-5 -38 -40 0
46 45 -41 0
40 16 4 0
-29 35 -18 0
-15 5 -12 0
48 19 -4 0
21 -35 -29 0
-41 28 48 0
-24 23 41 0
-17 5 -29 0
3 23 2 0
-29 11 -25 0
-19 47 18 0
-20 -26 -31 0
16 -8 -49 0
-35 -36 38 0
18 -43 21 0
10 49 30 0
-28 29 34 0
-35 40 24 0
-27 45 -15 0
4 -13 12 0
-11 -1 8 0
46 -15 8 0
6 16 -18 0
-28 -26 30 0
30 2 -49 0
24 -42 -41 0
5 28 29 0
45 -48 5 0
16 19 -11 0
-42 -46 1 0
45 -10 38 0
-16 46 7 0
-12 -21 16 0
27 -14 19 0
-39 -32 23 0
38 9 -29 0
17 -23 -40 0
-29 -18 -47 0
-38 -21 44 0
49 -47 7 0
42 29 5 0
-17 31 -18 0
-31 -36 -16 0
20 17 -1 0
23 -13 -1 0
-19 3 31 0
-2 -50 48 0
-3 25 11 0
32 18 35 0
-50 -25 7 0
-48 36 12 0
-46 -48 18 0
-44 18 -10 0
-7 1 12 0
-5 18 26 0
-19 15 -43 0
27 -14 -19 0
31 -48 49 0
50 -42 -7 0
-16 -19 -22 0
-7 -28 -6 0
44 -13 -20 0
-22 -13 44 0
20 42 3 0
43 -35 49 0
-47 6 -7 0
8 7 39 0
42 45 8 0
-22 -1 -10 0
43 5 17 0
-47 -43 -14 0
21 35 -19 0
-28 47 3 0
-25 -24 3 0
-11 32 -44 0
-2 -43 -29 0
26 25 -32 0
-36 9 -47 0
-43 -42 -49 0
26 -27 -9 0
-15 21 49 0
41 43 -20 0
-25 27 14 0
45 40 -3 0
-50 18 25 0
-28 29 -50 0
4 -32 -20 0
-46 17 32 0
-31 37 -50 0
-20 -34 15 0
-48 11 1 0
4 -30 22 0
-17 -37 -42 0
-7 3 9 0
8 -21 13 0
-46 -19 -48 0
-1 -42 -26 0
-48 49 -17 0
-13 23 27 0
42 -28 2 0
5 33 -42 0
45 -2 15 0
-23 16 -35 0
-4 25 -22 0
-3 7 -6 0
27 -31 39 0
-1 -26 34 0
16 28 -46 0
48 -9 -50 0
11 39 18 0
14 -25 -18 0
-21 -8 31 0
-30 -31 -4 0
30 -8 -21 0
10 -17 -45 0
18 -25 -28 0
-42 49 1 0
-36 -45 22 0
6 -16 44 0
-47 12 -9 0
-5 19 28 0
-39 -49 2 0
20 9 -21 0
-6 -31 16 0
7 -27 -44 0
-40 6 14 0
RESULT seed=4058 sm=1 pm=0 result=1 decisions=74 conflicts=126
RESULT seed=4058 sm=3 pm=0 result=1 decisions=75 conflicts=125
RESULT seed=4058 sm=1 pm=1 result=1 decisions=78 conflicts=141
RESULT seed=4058 sm=3 pm=1 result=1 decisions=85 conflicts=146
INSTANCE seed=4059 n=50 m=220
p cnf 50 220
-39 -44 -8 0
15 -1 6 0
19 -17 -16 0
37 12 32 0
39 30 41 0
16 25 40 0
-34 11 49 0
34 49 3 0
10 27 -34 0
-14 1 39 0
-11 7 -26 0
5 -20 42 0
-6 -24 42 0
19 32 50 0
28 23 5 0
34 9 5 0
-33 49 13 0
9 6 21 0
16 49 27 0
-43 -44 17 0
30 -40 9 0
-50 43 -24 0
49 -25 -1 0
-43 8 -13 0
40 26 6 0
-14 48 20 0
9 -44 -48 0
20 -38 12 0
-39 -46 -26 0
44 -13 7 0
10 -42 33 0
-21 -31 -1 0
40 -13 15 0
7 -18 -19 0
3 35 37 0
30 26 41 0
-7 -26 19 0
-44 9 13 0
35 3 33 0
-39 -47 -42 0
1 22 -49 0
-14 -39 -6 0
-42 8 19 0
-29 45 -11 0
46 -22 -1 0
-13 40 -31 0
5 -18 46 0
-14 -3 -49 0
16 9 -8 0
-50 15 -36 0
42 -49 40 0
20 -43 44 0
-18 -32 -45 0
-48 13 30 0
22 30 -40 0
-45 12 48 0
-6 40 4 0
22 25 -26 0
-5 37 13 0
-50 17 -34 0
-39 42 31 0
43 -42 -31 0
2 -13 17 0
13 -39 40 0
27 -22 -46 0
48 33 25 0
25 -36 20 0
-14 -24 18 0
-18 23 -22 0
38 -12 35 0
33 -30 -29 0
-12 29 -8 0
5 -41 11 0
35 -32 -10 0
26 8 -1 0
-24 37 -36 0
35 19 5 0
13 32 29 0
-18 -47 -37 0
33 -21 49 0
-29 23 41 0
-23 49 -46 0
11 -24 -1 0
29 24 30 0
-45 39 -40 0
-35 -18 -15 0
23 -12 -21 0
17 -29 2 0
26 41 28 0
-8 -1 -21 0
29 5 38 0
-37 36 -46 0
-18 -19 -15 0
-14 -27 -17 0
5 -45 -26 0
-30 -41 5 0
29 9 44 0
-43 -6 -49 0
38 -27 29 0
28 17 -30 0
10 36 8 0
5 -33 -50 0
26 -12 -31 0
-4 -18 -28 0
-8 -1 11 0
-9 -47 -17 0
42 -45 26 0
-4 -42 50 0
13 -31 -5 0
9 -13 22 0
-10 33 -22 0
-2 25 -33 0
-1 -49 3 0
10 13 28 0
29 -11 20 0
40 13 34 0
-31 19 -7 0
-37 26 -14 0
22 34 5 0
32 -9 -49 0
-11 31 -38 0
3 -35 -11 0
-36 25 -19 0
-7 -5 -13 0
43 37 30 0
11 -29 -17 0
-24 20 -11 0
-2 -42 -31 0
-40 20 -12 0
-43 18 -31 0
-1 -5 -28 0
-1 23 10 0
17 1 2 0
45 4 48 0
32 -23 48 0
-12 16 -22 0
44 -47 -9 0
46 -30 -32 0
-41 6 -15 0
37 -4 19 0
30 -9 -10 0
-27 -40 22 0
-16 -33 -32 0
49 -18 3 0
18 48 14 0
46 6 27 0
-37 -1 -43 0
-16 4 -3 0
-25 -12 -35 0
9 -23 -50 0
-45 2 35 0
-29 46 -4 0
48 -20 24 0
17 25 -34 0
35 23 9 0
-11 -18 -13 0
-43 -30 -25 0
27 16 36 0
20 17 18 0
-35 4 25 0
21 -9 50 0
35 25 1 0
-6 -39 28 0
15 -28 -23 0
-7 36 -20 0
-25 -22 -24 0
45 5 41 0
18 14 40 0
-29 15 -27 0
-38 10 -17 0
2 -12 42 0
42 -5 37 0
19 -11 14 0
-9 33 50 0
-36 -40 -14 0
-9 -12 -6 0
28 -1 -20 0
-27 -3 15 0
14 -5 21 0
-37 19 -40 0
-23 50 6 0
-5 45 -48 0
25 50 8 0
-19 -15 17 0
40 46 -29 0
-28 8 -31 0
28 37 23 0
31 -44 -11 0
-11 -18 -10 0
-13 -5 7 0
-15 -23 7 0
-50 19 -12 0
-12 4 46 0
43 10 -5 0
-6 -3 -2 0
27 10 21 0
13 5 17 0
-33 -3 -7 0
32 29 -12 0
5 -3 32 0
2 37 34 0
-47 50 5 0
45 16 20 0
-30 20 10 0
-43 33 -3 0
-15 -28 26 0
-38 -17 27 0
38 1 -20 0
-37 36 26 0
22 2 39 0
-27 -23 -47 0
30 9 29 0
-25 11 -27 0
-10 -35 40 0
37 -33 5 0
-35 44 9 0
2 46 35 0
-17 47 40 0
16 32 47 0
-31 -13 -28 0
RESULT seed=4059 sm=1 pm=0 result=1 decisions=34 conflicts=43
RESULT seed=4059 sm=3 pm=0 result=1 decisions=41 conflicts=57
RESULT seed=4059 sm=1 pm=1 result=1 decisions=42 conflicts=63
RESULT seed=4059 sm=3 pm=1 result=1 decisions=43 conflicts=69
INSTANCE seed=4060 n=50 m=220
p cnf 50 220
15 -45 50 0
-26 -7 -42 0
-24 -34 8 0
-9 16 18 0
28 6 11 0
12 -42 -41 0
-4 36 6 0
-9 47 -32 0
28 25 -34 0
50 29 -6 0
40 19 43 0
-37 41 -15 0
-23 43 -38 0
-26 24 43 0
19 -6 47 0
-3 18 -27 0
-14 38 -15 0
19 39 47 0
-32 11 -2 0
47 -23 9 0
-4 -7 -3 0
25 -22 -12 0
-27 -39 -12 0
-33 12 19 0
-43 -37 47 0
20 -40 -36 0
1 39 -12 0
-35 28 -5 0
20 -27 -8 0
19 -1 -20 0
39 34 -24 0
-19 18 -29 0
48 47 -11 0
19 9 -17 0
26 39 14 0
-44 -32 -10 0
-37 7 -6 0
13 -12 -41 0
24 -40 -41 0
44 -32 15 0
48 1 -28 0
27 49 31 0
19 -33 -41 0
-1 -48 29 0
10 -3 -33 0
45 -13 9 0
-29 3 16 0
38 10 -46 0
14 45 17 0
34 -15 29 0
-26 11 -38 0
-7 -34 44 0
-38 6 -16 0
-18 -41 -33 0
-45 18 9 0
50 -39 -13 0
-11 26 23 0
20 21 11 0
4 -32 35 0
-18 25 -13 0
-50 33 30 0
-17 21 41 0
4 23 26 0
17 22 -38 0
-13 -44 -31 0
-16 -2 41 0
-36 7 14 0
-15 -14 10 0
-19 31 47 0
3 -50 48 0
16 44 -32 0
27 23 35 0
41 9 -23 0
3 20 -28 0
17 14 26 0
50 -6 35 0
-40 -37 31 0
34 9 -44 0
-23 25 -31 0
38 16 4 0
-43 -46 -21 0
21 9 -6 0
-41 -18 -42 0
-4 -45 48 0
-32 -27 -38 0
-3 -27 22 0
-37 38 22 0
34 -8 -43 0
10 -11 26 0
-38 -49 42 0
-10 42 -4 0
48 11 -2 0
50 -7 -37 0
48 49 34 0
33 13 44 0
-43 35 23 0
25 14 -44 0
3 6 40 0
17 8 28 0
-41 -26 -17 0
-29 36 -17 0
-48 -44 42 0
-34 -3 -22 0
49 -34 47 0
-33 -15 -19 0
5 36 -4 0
3 12 18 0
-38 15 22 0
-13 11 39 0
-22 16 -45 0
48 33 40 0
-38 -37 10 0
20 10 43 0
26 -3 -40 0
15 -12 45 0
46 22 32 0
33 10 9 0
-6 -22 46 0
45 -26 47 0
-15 16 11 0
41 26 -6 0
-16 43 -1 0
2 -22 17 0
6 -31 -27 0
-22 13 24 0
-42 -14 -22 0
6 -13 -26 0
36 18 24 0
-15 38 31 0
22 -49 32 0
18 20 -23 0
-49 4 18 0
36 30 -31 0
-36 44 -21 0
37 28 -24 0
-40 11 -2 0
-10 13 16 0
-17 4 24 0
-24 43 44 0
-43 28 -48 0
-48 -13 17 0
44 30 11 0
23 9 22 0
27 37 22 0
33 -11 -38 0
25 -6 42 0
50 -43 -15 0
-8 -11 -33 0
-13 12 -11 0
43 9 -48 0
-4 46 9 0
-36 31 -42 0
-30 -35 -19 0
23 29 24 0
-45 17 -1 0
44 19 -39 0
48 -20 -35 0
21 -17 -42 0
-43 -3 -50 0
-20 -42 49 0
-16 -7 30 0
26 45 -39 0
41 -7 -48 0
-45 -33 40 0
39 29 -8 0
-34 -42 -12 0
-41 -18 2 0
-2 -35 17 0
-26 -28 44 0
43 36 44 0
-5 -11 -45 0
-50 6 22 0
-48 -37 -6 0
-10 -33 -41 0
-33 -12 -4 0
-23 7 9 0
-9 -11 -35 0
-29 -43 -31 0
-37 -46 1 0
-15 43 18 0
-4 -15 -5 0
4 33 -19 0
-35 43 8 0
-36 16 -4 0
33 29 -50 0
19 44 4 0
-28 -1 8 0
-29 -9 34 0
-26 15 -8 0
5 -49 47 0
28 -30 29 0
-5 36 -20 0
20 -27 -34 0
-49 16 -22 0
-23 1 -42 0
22 10 30 0
29 24 10 0
46 -39 -38 0
-40 4 33 0
17 -9 -38 0
29 32 -50 0
-32 9 1 0
48 41 -18 0
-48 -7 4 0
3 17 15 0
-46 -48 19 0
4 31 -10 0
35 -48 7 0
35 3 12 0
39 27 -3 0
36 -43 -14 0
-34 21 -11 0
-43 37 -5 0
-28 -37 -10 0
-33 -34 -32 0
-16 18 33 0
-13 40 -4 0
40 46 -28 0
13 25 -50 0
-36 -43 1 0
RESULT seed=4060 sm=1 pm=0 result=1 decisions=68 conflicts=112
RESULT seed=4060 sm=3 pm=0 result=1 decisions=72 conflicts=128
RESULT seed=4060 sm=1 pm=1 result=1 decisions=104 conflicts=185
RESULT seed=4060 sm=3 pm=1 result=1 decisions=93 conflicts=164
INSTANCE seed=4061 n=50 m=220
p cnf 50 220
-41 45 42 0
36 13 27 0
-29 1 47 0
24 26 -14 0
-47 -10 4 0
8 -33 -17 0
-48 -36 41 0
9 38 -13 0
40 -28 -9 0
-11 -25 -3 0
-22 -43 -27 0
-38 10 -43 0
-34 -6 36 0
-32 -45 -24 0
-25 -48 -28 0
-37 13 36 0
-33 30 13 0
16 -14 5 0
14 42 -9 0
-48 -17 16 0
35 -7 40 0
15 6 27 0
-20 47 40 0
-27 -34 2 0
-7 39 17 0
-47 12 49 0
22 48 24 0
42 33 -19 0
7 33 4 0
-44 8 -26 0
-9 -19 -24 0
-37 18 4 0
-34 -8 32 0
-50 14 49 0
-44 -40 -8 0
38 -29 17 0
-38 -43 -31 0
15 20 14 0
27 50 -48 0
17 39 46 0
-29 -7 -41 0
9 7 -46 0
7 -39 -34 0
17 50 43 0
-36 28 -11 0
34 16 13 0
36 -32 10 0
28 -2 -1 0
29 -32 -45 0
-27 2 -6 0
-16 -28 44 0
38 2 46 0
-8 -12 -50 0
34 1 48 0
-35 39 -30 0
25 7 -15 0
34 -1 -7 0
-18 31 17 0
-1 7 -35 0
12 -29 -22 0
47 -5 28 0
-28 4 1 0
22 30 -8 0
13 -28 -50 0
-17 4 38 0
-34 -5 -45 0
10 -16 46 0
47 33 -8 0
-9 4 -15 0
8 29 -14 0
29 -23 40 0
-9 38 -18 0
-34 14 -35 0
-22 -33 -15 0
-48 -15 33 0
2 20 -30 0
-13 -30 -4 0
-17 -18 45 0
-26 -33 7 0
-35 -22 -2 0
-21 -44 38 0
38 18 -5 0
1 37 -31 0
49 -7 46 0
39 23 34 0
-39 14 -32 0
-13 21 27 0
-2 -30 46 0
-33 -3 37 0
-7 17 -3 0
35 -38 13 0
28 -16 -12 0
28 -45 -3 0
16 1 -26 0
3 -7 -17 0
32 5 -50 0
-9 -24 25 0
-47 -10 6 0
8 -50 4 0
42 -17 7 0
-24 -37 -38 0
-35 20 -43 0
-7 -2 -41 0
25 5 -35 0
-41 -5 19 0
-43 -2 -16 0
-25 -7 22 0
-35 -37 48 0
29 23 30 0
2 -7 -42 0
26 20 43 0
-41 -48 -37 0
45 -3 -50 0
7 28 21 0
-11 10 -22 0
-9 -49 7 0
-32 -5 24 0
-10 4 26 0
30 -7 -47 0
-17 50 43 0
-13 22 -26 0
25 30 41 0
48 -6 -2 0
-33 -46 2 0
-35 -10 -39 0
41 23 -2 0
-14 -39 10 0
-35 -18 -38 0
13 35 16 0
17 21 46 0
-26 23 7 0
18 -16 14 0
-16 14 -21 0
-29 10 -36 0
-30 23 47 0
-19 41 -18 0
15 -45 -37 0
27 41 -20 0
-27 45 20 0
34 6 9 0
-11 20 -40 0
-27 50 1 0
10 -26 -34 0
39 33 17 0
-23 -17 -45 0
-29 -13 16 0
14 15 -32 0
-20 41 -43 0
-11 37 -29 0
9 21 -37 0
41 40 14 0
-28 4 -29 0
-29 10 47 0
-7 35 -16 0
-40 12 14 0
6 -25 49 0
42 -46 -43 0
-41 5 -34 0
49 -34 -20 0
-24 25 -32 0
42 35 40 0
-39 -16 -13 0
43 32 24 0
30 12 -41 0
28 -9 17 0
15 12 47 0
11 43 40 0
28 27 6 0
-6 -47 50 0
-15 -39 -25 0
7 -22 35 0
-23 34 -20 0
29 22 -50 0
4 -29 20 0
-8 9 -25 0
3 -8 -10 0
-14 -31 35 0
-41 -47 39 0
-9 38 2 0
13 -16 -23 0
-31 15 -42 0
34 26 -38 0
-41 21 25 0
-38 -1 -40 0
-10 -42 9 0
30 48 22 0
-38 20 -45 0
38 -8 -19 0
6 43 -38 0
-31 1 3 0
-44 -37 -14 0
-40 20 42 0
-5 -43 -37 0
2 -35 42 0
2 3 20 0
-12 44 24 0
44 -33 -19 0
-11 2 31 0
-25 -21 -49 0
25 -46 -36 0
29 -5 10 0
-41 12 22 0
15 -30 -11 0
46 24 23 0
-12 45 32 0
-5 17 36 0
48 -28 21 0
-45 -48 -44 0
-38 50 44 0
45 17 26 0
-25 26 7 0
-23 18 -19 0
-5 9 -40 0
22 13 -42 0
15 -10 14 0
-4 42 -45 0
26 -37 -3 0
-26 -15 -37 0
-35 41 12 0
-32 6 -1 0
RESULT seed=4061 sm=1 pm=0 result=0 decisions=71 conflicts=143
RESULT seed=4061 sm=3 pm=0 result=0 decisions=86 conflicts=173
RESULT seed=4061 sm=1 pm=1 result=0 decisions=62 conflicts=125
RESULT seed=4061 sm=3 pm=1 result=0 decisions=88 conflicts=177
INSTANCE seed=4062 n=50 m=220
p cnf 50 220
16 45 -34 0
47 20 13 0
-34 -18 -35 0
39 -36 10 0
-15 -14 -48 0
-4 -25 -43 0
-41 -37 26 0
-10 -29 43 0
2 31 33 0
-23 22 1 0
-4 -17 -10 0
-38 29 -21 0
46 -18 -34 0
39 17 5 0
31 -39 -9 0
-22 8 -46 0
-50 -20 -15 0
32 35 -39 0
-38 45 1 0
-12 27 43 0
-50 14 4 0
-5 -8 -50 0
-27 2 -33 0
46 -43 -50 0
10 27 31 0
15 -3 -38 0
48 -5 -33 0
-13 -6 -11 0
-17 -37 -8 0
39 38 45 0
-13 35 -31 0
36 23 9 0
41 17 -4 0
45 -40 12 0
-22 48 -16 0
22 -44 48 0
-47 19 29 0
50 18 -48 0
3 -14 -9 0
2 8 -43 0
50 -47 30 0
14 -13 36 0
-3 -42 13 0
-3 9 49 0
39 45 -3 0
36 48 -43 0
7 -25 -43 0
-46 9 -37 0
13 46 25 0
2 -21 -13 0
24 -23 -6 0
36 32 -10 0
-47 45 2 0
-19 2 13 0
46 2 -4 0
16 -30 39 0
-13 -38 -9 0
-17 8 13 0
24 42 -25 0
-14 28 -6 0
31 40 11 0
-34 -47 35 0
18 37 -13 0
-14 15 4 0
-49 26 41 0
-34 -3 9 0
-11 20 7 0
43 5 20 0
-5 48 10 0
26 49 -15 0
-50 -19 -16 0
47 -48 -17 0
-4 50 -29 0
-39 37 -23 0
43 24 -25 0
36 40 -37 0
-39 31 30 0
-1 5 -23 0
-33 -29 10 0
-15 47 -27 0
-24 -36 31 0
-16 48 49 0
-11 19 27 0
-19 -47 -23 0
30 -12 -32 0
1 50 -35 0
24 -29 46 0
-34 11 -10 0
29 17 15 0
-36 50 27 0
3 -1 6 0
-41 10 -24 0
21 44 37 0
27 29 -48 0
-5 42 39 0
2 45 28 0
50 3 -31 0
-21 12 39 0
-13 -28 23 0
-40 -41 23 0
-26 7 27 0
-25 48 -2 0
-12 -32 -33 0
-16 14 -37 0
-17 41 33 0
-49 -29 -11 0
-25 20 4 0
8 -12 -10 0
33 -47 -20 0
36 -10 40 0
13 -23 -21 0
-36 22 -21 0
27 11 22 0
48 -26 19 0
-15 -5 -21 0
18 42 6 0
13 6 -11 0
29 17 38 0
41 -37 -39 0
48 27 13 0
24 -49 23 0
22 26 1 0
-45 -30 42 0
-43 3 31 0
-48 38 18 0
5 -46 -31 0
-46 9 16 0
32 -3 12 0
42 -5 -16 0
41 47 -32 0
17 -31 36 0
46 43 42 0
-15 -34 -17 0
-48 24 -10 0
40 39 44 0
-50 -3 45 0
-15 -3 -22 0
33 29 -19 0
-37 13 -43 0
-45 28 -23 0
3 36 -10 0
-24 -44 -42 0
-34 -21 6 0
9 -15 48 0
-18 -2 26 0
22 -4 -39 0
-12 22 -3 0
6 20 -24 0
-10 31 -49 0
20 -39 -27 0
24 -44 -48 0
14 -29 -22 0
39 -46 -15 0
-40 -25 15 0
29 -31 -10 0
-23 -2 -27 0
-49 -20 -27 0
33 24 -45 0
-29 -39 -17 0
-33 11 17 0
-41 -24 -4 0
-22 27 -50 0
5 36 15 0
-45 21 -9 0
28 -35 7 0
38 30 -9 0
-4 41 -33 0
-47 -7 -28 0
39 -31 -42 0
10 -39 8 0
27 -8 47 0
39 30 2 0
-25 48 -20 0
-24 -13 16 0
-37 -30 -23 0
7 21 -43 0
32 27 -1 0
-8 32 31 0
25 30 15 0
-48 -8 1 0
-12 -35 10 0
48 -17 34 0
-24 -7 -34 0
23 18 -1 0
20 -15 -24 0
-6 18 -42 0
17 -12 32 0
41 19 20 0
-12 -32 31 0
19 -35 40 0
27 -37 44 0
22 26 -43 0
-2 24 -11 0
-26 -2 6 0
-27 -34 -22 0
2 46 -17 0
5 -16 34 0
-15 7 17 0
26 40 -12 0
-14 39 -7 0
-29 -12 30 0
25 -3 12 0
12 -16 -38 0
-46 -30 -9 0
-45 -16 -40 0
31 40 37 0
21 43 -34 0
11 35 14 0
11 10 37 0
47 8 -36 0
18 -42 -36 0
-42 1 -5 0
40 -31 22 0
-3 -9 8 0
14 8 -28 0
-26 -28 39 0
21 -20 50 0
46 44 -40 0
-13 -38 11 0
-26 -1 4 0
RESULT seed=4062 sm=1 pm=0 result=0 decisions=90 conflicts=181
RESULT seed=4062 sm=3 pm=0 result=0 decisions=105 conflicts=211
RESULT seed=4062 sm=1 pm=1 result=0 decisions=89 conflicts=179
RESULT seed=4062 sm=3 pm=1 result=0 decisions=98 conflicts=197
INSTANCE seed=4063 n=50 m=220
p cnf 50 220
-42 45 26 0
-8 26 -48 0
-40 -35 -24 0
-4 -45 6 0
33 17 41 0
-50 -16 -18 0
-35 -38 -11 0
-10 -20 24 0
13 33 7 0
34 -19 48 0
-36 -42 44 0
-38 48 49 0
-8 31 -32 0
46 -38 -36 0
-36 -31 40 0
-6 3 -17 0
32 11 -13 0
23 -22 40 0
-12 -36 -41 0
3 40 -15 0
40 -25 11 0
36 -27 -14 0
-15 14 18 0
43 -15 19 0
47 24 -12 0
-9 14 46 0
38 19 2 0
20 39 16 0
-16 33 -24 0
-31 -33 1 0
-10 -8 -33 0
25 -46 17 0
6 -21 45 0
-44 16 -10 0
39 -43 -36 0
50 -17 27 0
-49 16 -19 0
-21 -27 42 0
1 -17 -7 0
36 35 -42 0
35 -15 -19 0
28 8 50 0
6 -36 1 0
-4 -43 7 0
2 -17 -43 0
-27 31 -33 0
-2 15 -5 0
14 -13 -24 0
47 11 -21 0
-20 41 19 0
-25 16 27 0
-27 20 42 0
-40 -14 32 0
14 49 -39 0
4 46 -28 0
22 17 49 0
-36 -21 11 0
36 -24 4 0
-43 -10 50 0
9 -50 -49 0
29 4 -42 0
-41 -33 38 0
49 -50 27 0
38 10 36 0
-5 -43 -50 0
-20 21 42 0
5 30 4 0
-48 -46 -7 0
32 -16 35 0
-44 32 11 0
33 18 -40 0
-13 -3 -27 0
46 19 48 0
8 -31 38 0
3 -4 -6 0
-30 -15 29 0
37 -40 -14 0
-17 16 -19 0
-37 -23 -30 0
3 38 15 0
17 -18 -44 0
12 -20 -44 0
3 -7 -33 0
14 31 47 0
43 6 48 0
-46 -13 -39 0
8 -48 -10 0
-48 -23 -29 0
-26 17 -36 0
49 46 -44 0
28 40 -4 0
-6 28 43 0
38 -21 -11 0
39 -36 42 0
40 22 -26 0
8 23 34 0
-6 41 32 0
-36 -44 -14 0
23 18 -7 0
41 -38 -15 0
-39 27 6 0
16 -25 8 0
47 40 39 0
19 7 -21 0
-47 -39 -13 0
18 -35 -19 0
-33 -11 -47 0
41 35 31 0
16 -45 -42 0
33 -46 -44 0
33 -10 27 0
-41 30 50 0
2 29 -37 0
46 22 -48 0
19 -32 -50 0
20 26 35 0
4 -44 -8 0
-49 47 25 0
26 -20 -41 0
10 28 18 0
-28 -1 -36 0
-2 39 50 0
32 -36 15 0
48 -1 18 0
39 -9 36 0
45 -47 -41 0
-14 -6 -21 0
-15 36 22 0
-24 -23 -47 0
25 -20 -37 0
-12 39 46 0
-2 35 -47 0
23 32 8 0
4 12 -43 0
26 -48 13 0
35 -23 50 0
11 14 -21 0
7 12 -6 0
7 33 -23 0
25 -18 -43 0
28 20 6 0
-25 -6 29 0
-8 -14 43 0
-15 -3 -6 0
-41 -8 15 0
11 12 32 0
12 11 29 0
-24 43 -48 0
-5 -10 25 0
-19 -31 6 0
-18 7 49 0
-31 1 3 0
-16 49 33 0
-34 24 14 0
-14 18 -49 0
-5 39 -29 0
6 -49 -10 0
-26 -36 -40 0
-4 44 -45 0
33 -38 -20 0
5 30 -25 0
-3 12 7 0
-8 40 13 0
23 35 -15 0
-19 15 -40 0
8 -20 44 0
-50 -38 42 0
37 -1 -9 0
5 16 -42 0
19 -36 -14 0
-46 -37 27 0
7 -41 -29 0
43 35 -40 0
44 48 7 0
-17 -31 9 0
-43 8 7 0
-23 -34 -18 0
-11 -18 -25 0
-3 12 21 0
13 -35 -21 0
-5 -25 -47 0
-28 -13 7 0
-29 7 43 0
-43 8 -36 0
13 30 37 0
-39 33 -37 0
-12 -47 -3 0
18 44 23 0
-28 50 17 0
-17 -50 46 0
49 23 -50 0
22 30 -21 0
23 49 31 0
-28 10 11 0
24 -20 -14 0
-40 -25 -24 0
23 14 -8 0
28 7 -27 0
34 -9 31 0
31 49 -7 0
-5 7 48 0
7 -22 -15 0
32 -42 30 0
-9 40 -28 0
42 -13 -1 0
-26 45 10 0
16 10 24 0
17 -22 -42 0
35 -42 -50 0
-32 -28 -11 0
32 -41 -9 0
35 -3 40 0
5 40 3 0
-34 -41 44 0
42 -36 -22 0
24 -40 -31 0
-49 28 21 0
35 34 36 0
-27 10 -16 0
8 47 30 0
RESULT seed=4063 sm=1 pm=0 result=0 decisions=158 conflicts=317
RESULT seed=4063 sm=3 pm=0 result=0 decisions=195 conflicts=391
RESULT seed=4063 sm=1 pm=1 result=0 decisions=182 conflicts=365
RESULT seed=4063 sm=3 pm=1 result=0 decisions=280 conflicts=561
INSTANCE seed=4064 n=50 m=220
p cnf 50 220
18 -45 5 0
-19 -2 -9 0
42 25 28 0
47 37 31 0
36 -3 -44 0
38 -45 -46 0
-23 -6 39 0
7 13 3 0
-24 -35 -18 0
18 -49 16 0
22 -38 -1 0
20 -8 5 0
-15 -6 11 0
30 6 -50 0
29 35 -15 0
-48 7 -37 0
-1 -14 -45 0
-30 -31 -44 0
30 50 -27 0
-31 27 -46 0
-20 -5 -35 0
45 -37 -27 0
14 -4 -9 0
-24 -31 -28 0
-17 16 -10 0
15 -40 45 0
-21 -5 -41 0
35 -18 -15 0
46 -8 -9 0
25 21 38 0
36 -2 -38 0
-44 -36 23 0
-41 -40 50 0
36 1 13 0
30 18 -11 0
10 -30 28 0
-38 5 -49 0
1 3 -18 0
-18 -38 15 0
27 22 -35 0
46 -22 -27 0
-14 -1 -2 0
-44 -42 -26 0
19 35 -41 0
-17 11 22 0
-1 -20 34 0
-25 -29 -24 0
-34 14 43 0
-47 -16 31 0
-12 21 50 0
28 40 11 0
31 -28 -26 0
2 47 3 0
-5 21 -3 0
50 -24 38 0
-16 19 -12 0
6 4 41 0
41 11 4 0
30 1 44 0
20 -12 33 0
28 45 -16 0
-31 -34 -2 0
11 -2 -24 0
-16 39 10 0
-12 -20 -48 0
32 -50 -36 0
13 -28 -27 0
-37 48 -46 0
47 -34 1 0
-12 40 -17 0
-44 -10 29 0
23 2 6 0
-28 -19 -34 0
21 -48 -7 0
50 -35 -30 0
-41 26 -50 0
-39 -25 11 0
-40 -39 11 0
30 -38 -15 0
43 -26 31 0
46 35 -3 0
35 -8 4 0
4 -24 -34 0
-37 -42 47 0
-12 35 -10 0
25 28 -14 0
-1 -6 -20 0
-45 -25 31 0
-2 -5 -36 0
28 -11 1 0
-5 37 25 0
34 -6 -1 0
42 -2 19 0
-15 -11 -9 0
8 3 -47 0
-48 10 -6 0
-4 3 -49 0
44 25 14 0
16 -42 1 0
-19 -18 31 0
-11 -10 43 0
10 17 8 0
1 -37 42 0
-8 -26 42 0
-19 13 11 0
-11 45 7 0
-13 23 -24 0
44 -33 4 0
33 -24 -6 0
11 -42 -24 0
3 -11 7 0
2 -11 -40 0
-50 32 24 0
-20 41 37 0
-8 -10 18 0
-15 -29 6 0
50 12 -6 0
33 -3 30 0
-25 29 -34 0
42 34 26 0
-45 36 -38 0
-24 21 -15 0
37 -4 -11 0
37 5 -45 0
-12 41 -17 0
24 -35 -30 0
-17 13 -25 0
38 -29 -28 0
-17 45 -16 0
-5 -38 -34 0
-25 38 10 0
41 36 -49 0
33 -4 -45 0
-1 22 49 0
-48 18 -37 0
-20 -14 -30 0
-2 13 -3 0
-26 -22 -38 0
-32 -47 -39 0
39 -26 18 0
-42 -47 -23 0
-31 -4 35 0
11 -16 32 0
10 -23 -9 0
-44 -6 -12 0
-12 49 10 0
-29 48 -22 0
-47 -40 -12 0
-15 41 39 0
-5 -19 38 0
3 -30 15 0
4 -46 -12 0
20 36 5 0
31 33 50 0
34 28 12 0
22 32 25 0
-6 22 20 0
26 -25 -39 0
-6 -13 8 0
2 -50 42 0
29 -42 19 0
27 -1 -3 0
-38 -17 -25 0
-39 -32 -24 0
-25 -13 14 0
-37 38 -34 0
-17 34 -40 0
39 -18 -34 0
-16 -21 4 0
-49 -27 48 0
-40 -23 -18 0
28 19 21 0
-23 16 -17 0
2 10 -14 0
-33 50 -21 0
18 -27 -38 0
8 6 2 0
-35 -10 -22 0
-28 -17 24 0
49 -13 -11 0
22 -33 9 0
-38 9 46 0
27 -48 -24 0
-40 -28 -1 0
42 -4 24 0
-40 10 4 0
9 -7 32 0
-26 44 -4 0
48 -6 -32 0
-48 -5 6 0
34 18 -22 0
-37 -32 1 0
50 -22 38 0
21 -25 49 0
39 -24 15 0
30 45 -50 0
7 -39 23 0
-48 46 -7 0
30 40 -11 0
1 -36 -21 0
36 49 -46 0
-13 26 14 0
-9 2 -15 0
-6 -25 19 0
-30 -29 38 0
-31 -7 14 0
3 -11 6 0
24 -45 23 0
-37 40 23 0
-10 -32 43 0
46 35 4 0
34 8 37 0
-36 26 18 0
12 22 -10 0
15 -5 -44 0
31 -50 27 0
-8 39 24 0
36 -49 6 0
-15 43 -7 0
-13 -5 30 0
RESULT seed=4064 sm=1 pm=0 result=0 decisions=77 conflicts=155
RESULT seed=4064 sm=3 pm=0 result=0 decisions=94 conflicts=189
RESULT seed=4064 sm=1 pm=1 result=0 decisions=77 conflicts=155
RESULT seed=4064 sm=3 pm=1 result=0 decisions=90 conflicts=181
INSTANCE seed=4065 n=50 m=220
p cnf 50 220
-43 -46 -11 0
-29 -38 -19 0
-50 19 2 0
34 -15 49 0
20 -25 28 0
-41 -49 -20 0
23 40 -31 0
11 2 -35 0
-36 38 6 0
-7 12 43 0
50 -40 -11 0
39 35 6 0
-31 -6 -27 0
-10 -30 48 0
48 -15 -3 0
24 43 -26 0
-31 -41 14 0
-2 -3 27 0
22 -23 49 0
10 8 43 0
-45 -24 -31 0
50 -38 31 0
27 -45 -40 0
15 -39 46 0
-37 43 21 0
36 20 -47 0
5 -21 -19 0
-11 -33 19 0
-13 -46 -50 0
46 23 9 0
34 -25 -28 0
1 16 -17 0
-41 21 43 0
-34 -13 5 0
40 -10 46 0
-14 12 5 0
37 -11 -39 0
6 -27 -33 0
21 25 -35 0
15 -6 32 0
-37 -42 -24 0
-46 -48 -9 0
3 5 33 0
-18 41 -36 0
-22 19 7 0
25 19 47 0
2 -18 -48 0
-50 16 -42 0
4 -17 46 0
35 -2 32 0
35 -49 5 0
-43 -29 19 0
2 -11 45 0
-5 -26 6 0
-7 31 -42 0
27 42 48 0
-9 -49 1 0
-14 -11 41 0
50 -44 -48 0
-46 21 26 0
-9 -35 -44 0
9 -1 27 0
-36 -7 -9 0
-29 17 -26 0
13 44 -42 0
-1 32 -48 0
50 14 32 0
-37 -33 -19 0
9 -43 28 0
47 30 10 0
-17 16 -5 0
8 11 -24 0
19 -43 -37 0
1 37 -3 0
5 -34 24 0
-13 37 11 0
-41 -15 -23 0
-30 -48 -13 0
33 31 -40 0
-35 -13 44 0
-41 21 33 0
7 -18 -21 0
20 -5 10 0
-37 6 -46 0
33 9 22 0
-24 37 -17 0
21 -4 -1 0
-42 -16 20 0
-37 38 25 0
-23 -10 -28 0
23 -21 -13 0
-38 28 49 0
19 -25 -39 0
-40 -10 -14 0
-13 -11 -46 0
-5 13 1 0
27 -43 -23 0
-41 21 -38 0
-18 20 -4 0
-17 5 31 0
-30 16 -29 0
-5 -9 30 0
-25 -22 -10 0
-40 -30 -12 0
-45 41 27 0
-22 49 25 0
33 49 14 0
-39 -20 28 0
17 32 -9 0
16 12 -18 0
-4 35 31 0
-16 7 -14 0
-33 -38 43 0
-20 -40 19 0
-18 -40 -17 0
-43 -21 -1 0
-7 -10 -24 0
-34 -40 1 0
28 -36 6 0
-32 -40 19 0
-8 -5 11 0
13 15 48 0
5 -49 15 0
45 48 6 0
32 -35 -50 0
-15 -5 30 0
-21 47 -11 0
31 -9 -6 0
-43 -18 -12 0
38 2 -42 0
-6 -19 42 0
43 -39 1 0
22 -28 -36 0
-28 19 31 0
25 28 12 0
-26 -30 12 0
39 22 36 0
4 -19 -20 0
-21 -29 40 0
38 -3 26 0
-23 11 14 0
-30 -48 -1 0
-34 -19 -1 0
-34 -2 -33 0
-44 -50 -39 0
-10 46 27 0
-41 39 38 0
15 45 39 0
36 1 11 0
-48 -32 31 0
18 -36 4 0
8 39 34 0
45 7 -26 0
-35 7 -9 0
-18 -9 24 0
-49 15 42 0
-42 -43 -24 0
42 22 -23 0
-23 -8 16 0
47 -38 -30 0
8 28 -50 0
44 -18 25 0
-9 -16 -40 0
13 -27 40 0
32 -13 29 0
-7 -36 -46 0
34 -37 11 0
2 46 -42 0
-37 -33 19 0
-42 -41 6 0
38 14 -31 0
36 19 48 0
13 -28 29 0
34 -18 44 0
25 4 44 0
-32 8 -5 0
31 36 2 0
-32 -38 10 0
-46 36 -4 0
-10 -14 3 0
34 8 41 0
-47 -14 7 0
14 31 2 0
-32 21 35 0
-1 -33 19 0
-35 27 2 0
6 -36 -40 0
1 -38 36 0
-45 42 19 0
-45 -37 7 0
28 -45 20 0
-22 -3 43 0
-19 20 -50 0
39 -6 -47 0
15 -43 27 0
31 -13 -47 0
-26 43 31 0
-41 -30 -31 0
23 21 49 0
-34 -17 -10 0
4 -43 10 0
-23 46 15 0
-12 28 20 0
31 -33 -48 0
22 -47 10 0
8 2 -31 0
31 -22 7 0
8 -3 -34 0
21 37 -11 0
41 47 -35 0
-25 15 37 0
-50 45 -20 0
-4 17 47 0
19 -45 20 0
13 -31 43 0
-38 17 23 0
-20 -40 -45 0
3 -31 22 0
10 -3 5 0
-39 -17 -10 0
RESULT seed=4065 sm=1 pm=0 result=0 decisions=89 conflicts=179
RESULT seed=4065 sm=3 pm=0 result=0 decisions=90 conflicts=181
RESULT seed=4065 sm=1 pm=1 result=0 decisions=97 conflicts=195
RESULT seed=4065 sm=3 pm=1 result=0 decisions=157 conflicts=315
INSTANCE seed=4066 n=50 m=220
p cnf 50 220
19 -46 3 0
-39 -45 5 0
-5 -36 41 0
50 -25 -45 0
-39 28 21 0
-37 40 -45 0
16 41 5 0
-36 38 -33 0
-30 -48 32 0
39 40 32 0
-15 45 39 0
4 34 43 0
-19 -25 17 0
1 -29 -4 0
-6 -34 8 0
38 -36 -24 0
32 -14 -8 0
-26 23 -50 0
15 -48 -42 0
-35 10 -43 0
-27 -6 15 0
-31 -25 27 0
-26 25 21 0
-4 11 46 0
6 1 -4 0
28 42 41 0
-38 -27 -19 0
-13 -24 -12 0
-6 8 29 0
-12 -46 -47 0
-48 -28 -6 0
47 -3 24 0
-5 40 47 0
4 3 13 0
14 -22 29 0
-18 -24 -17 0
41 -26 -25 0
30 12 10 0
-12 43 -19 0
-41 -6 -35 0
-20 3 10 0
-8 34 -30 0
-29 -31 -1 0
9 -8 -4 0
-2 -40 -16 0
42 -25 43 0
33 5 22 0
-18 -40 -10 0
18 10 7 0
34 15 -42 0
-7 -49 5 0
-26 -48 16 0
49 -29 -6 0
11 -7 -22 0
-42 5 1 0
34 -21 -33 0
27 39 16 0
-9 18 45 0
-17 -33 -36 0
-23 -25 43 0
-20 28 42 0
-7 21 19 0
4 -17 34 0
-18 13 16 0
25 -14 -4 0
-31 -46 13 0
-15 -36 -48 0
-30 -41 -21 0
-38 21 -43 0
48 31 18 0
38 50 -4 0
-21 -13 34 0
15 43 46 0
9 41 44 0
38 -4 -48 0
-49 -46 -37 0
42 -10 27 0
-12 11 -28 0
-42 34 -32 0
8 -21 -37 0
-2 16 -3 0
-31 -33 15 0
45 23 12 0
-49 15 -28 0
5 -6 -39 0
48 -1 25 0
-35 37 -25 0
2 -20 18 0
-31 38 -47 0
-13 -40 -45 0
13 50 -16 0
-40 -12 -1 0
-43 -38 24 0
-21 -42 -34 0
13 30 -26 0
33 -2 -39 0
-14 -20 -2 0
14 18 24 0
-33 42 46 0
-32 -37 -48 0
-22 -16 -50 0
1 -9 -8 0
32 49 -37 0
-14 -34 19 0
-48 -29 31 0
-16 -38 -47 0
19 -25 -1 0
16 39 34 0
-29 27 -22 0
26 46 -11 0
50 40 2 0
-10 35 45 0
35 14 -17 0
44 -11 19 0
-36 35 -16 0
1 -13 -50 0
38 11 -12 0
-2 -47 38 0
-6 19 12 0
-44 -27 -21 0
-20 -6 -24 0
-43 28 48 0
42 -5 -24 0
-16 -25 13 0
-15 -44 -30 0
25 -22 -26 0
-16 35 7 0
-11 -48 28 0
10 15 -21 0
-1 -9 -6 0
-5 6 -44 0
-50 -2 -7 0
-16 -33 30 0
-14 2 -50 0
-23 -12 35 0
-10 -22 8 0
11 25 19 0
1 -20 6 0
43 2 18 0
-5 -9 -14 0
4 24 41 0
-23 -25 35 0
36 -10 -44 0
34 29 20 0
-29 -5 -16 0
33 13 30 0
6 -50 -37 0
3 32 -48 0
-8 -6 30 0
15 9 -40 0
5 12 32 0
10 27 -47 0
-29 -42 38 0
24 -33 -11 0
35 -4 42 0
39 11 42 0
27 18 26 0
-37 -12 -32 0
37 15 -33 0
2 47 17 0
-46 29 -48 0
-35 -49 33 0
44 -43 -49 0
-2 29 -17 0
-50 -39 19 0
-29 4 -8 0
27 -36 3 0
-21 -26 13 0
-20 -17 -12 0
36 41 -39 0
8 -49 -42 0
-2 15 -30 0
10 5 49 0
4 2 37 0
29 -40 -11 0
27 -8 -3 0
10 -38 44 0
42 -49 3 0
18 23 -45 0
-8 -47 9 0
17 14 32 0
-32 -6 -29 0
-15 7 50 0
-19 -11 -40 0
-47 -11 -5 0
-34 -11 -47 0
-22 -35 27 0
-26 4 -20 0
-41 43 29 0
34 2 14 0
-17 -12 48 0
-40 44 35 0
22 31 -40 0
48 50 46 0
48 7 -20 0
20 -19 22 0
-17 -21 5 0
39 22 -34 0
-6 47 10 0
-33 -4 -19 0
22 16 -39 0
-28 26 49 0
-38 -35 5 0
-33 -8 48 0
-43 -3 34 0
37 -9 -41 0
42 32 -38 0
-15 -49 18 0
5 -24 26 0
-48 -41 -36 0
-42 -43 -38 0
-23 -5 -13 0
17 -46 -44 0
-8 10 -26 0
35 28 37 0
10 -9 40 0
-24 10 32 0
-22 18 -27 0
-30 2 -36 0
-6 -17 -13 0
RESULT seed=4066 sm=1 pm=0 result=1 decisions=24 conflicts=27
RESULT seed=4066 sm=3 pm=0 result=1 decisions=25 conflicts=29
RESULT seed=4066 sm=1 pm=1 result=1 decisions=76 conflicts=126
RESULT seed=4066 sm=3 pm=1 result=1 decisions=71 conflicts=117
INSTANCE seed=4067 n=50 m=220
p cnf 50 220
-45 -46 -3 0
13 -32 44 0
3 -37 5 0
-33 -23 21 0
-24 7 -36 0
-1 6 50 0
-17 33 13 0
-1 46 -9 0
-44 -4 -30 0
6 38 -14 0
-39 28 -40 0
23 12 -5 0
31 23 16 0
30 10 -20 0
42 -1 -6 0
-5 29 30 0
23 12 -36 0
38 -9 8 0
-22 4 13 0
-35 -13 -1 0
-9 -14 22 0
10 -3 32 0
3 -35 43 0
-28 11 -12 0
-15 26 -43 0
10 -39 4 0
30 26 -8 0
14 21 35 0
-33 14 5 0
-34 49 12 0
-35 2 -1 0
-3 42 -49 0
-46 17 -12 0
4 -24 5 0
-4 -46 44 0
-3 -28 5 0
29 -17 -12 0
-30 -29 -24 0
19 22 11 0
-43 -47 -41 0
-10 23 39 0
33 2 6 0
-16 -20 -43 0
-50 -29 -9 0
-34 24 -12 0
-12 -21 -33 0
31 45 36 0
-35 20 34 0
20 -4 43 0
-24 -10 27 0
-35 37 50 0
-5 -30 -35 0
45 17 -28 0
36 -47 4 0
18 -25 26 0
-43 6 -2 0
31 6 -24 0
-5 -41 26 0
-25 4 49 0
-32 24 19 0
41 2 23 0
34 -17 47 0
-40 9 -7 0
33 20 -9 0
28 -44 -43 0
-1 36 -35 0
23 -26 28 0
-41 -49 24 0
-27 19 1 0
19 -9 46 0
-17 -37 -16 0
45 -23 -24 0
33 20 -12 0
49 -2 -4 0
28 -30 -32 0
-21 -16 -19 0
19 -13 10 0
-28 -34 -44 0
24 -1 -30 0
-10 -21 27 0
-17 -33 -48 0
2 -7 -11 0
38 -25 -27 0
48 36 -2 0
50 39 -34 0
-25 48 -38 0
-39 20 7 0
-35 45 7 0
-18 5 32 0
37 -3 -33 0
1 47 -39 0
5 -25 10 0
-2 18 16 0
16 34 -12 0
21 -50 42 0
22 49 -8 0
37 -20 7 0
-38 20 15 0
-30 -11 3 0
-32 7 -24 0
-27 38 48 0
-34 31 -44 0
-22 -8 -48 0
-47 21 -2 0
30 -38 47 0
50 40 -25 0
-4 28 -9 0
-36 24 -33 0
-20 -28 5 0
-30 -1 21 0
13 25 -43 0
-5 -11 -47 0
32 -4 3 0
6 -9 21 0
48 14 -36 0
43 39 -31 0
42 20 -7 0
-25 29 11 0
36 2 3 0
-47 8 -5 0
22 -16 -1 0
-33 10 -16 0
21 -27 -45 0
22 46 -24 0
9 29 36 0
-32 -13 11 0
15 24 -38 0
45 -27 47 0
44 -10 -46 0
-5 -50 48 0
25 -4 31 0
-2 -43 26 0
-32 14 37 0
-10 -6 50 0
43 8 -19 0
-36 11 43 0
43 -30 -15 0
10 -18 13 0
4 -12 1 0
-48 42 39 0
-34 32 20 0
24 -37 -32 0
3 -27 21 0
-13 19 -18 0
2 23 -40 0
-3 -4 7 0
-9 39 11 0
-28 -8 -50 0
-50 26 -40 0
-34 24 50 0
-22 49 -25 0
-31 -25 10 0
11 5 4 0
20 29 -33 0
8 -46 33 0
-33 -35 26 0
-23 47 4 0
-42 2 -21 0
50 -7 -6 0
5 -35 30 0
-47 25 -29 0
41 29 19 0
7 41 31 0
44 -19 -15 0
10 2 23 0
21 -20 35 0
46 40 5 0
-35 -3 -1 0
4 -30 -41 0
-22 -29 -34 0
-4 18 -12 0
12 6 32 0
19 -24 -37 0
30 33 26 0
-29 22 -7 0
2 39 -31 0
26 1 -27 0
-48 30 -6 0
5 -33 39 0
18 -35 -30 0
-4 5 42 0
6 -3 -1 0
-45 -22 31 0
15 44 -8 0
-47 -22 15 0
-32 3 50 0
35 11 24 0
-19 -11 13 0
30 -12 -45 0
-6 -2 -46 0
-1 -10 -23 0
34 -36 8 0
11 -27 13 0
37 -8 -38 0
30 -1 34 0
22 -2 9 0
46 -48 27 0
-42 -27 1 0
-43 -47 1 0
-7 47 46 0
-17 -28 -42 0
7 -46 -20 0
-39 -47 -4 0
15 -45 42 0
37 20 1 0
-13 -29 35 0
4 -27 -28 0
40 -44 -16 0
40 -48 50 0
-22 -42 30 0
19 -48 -14 0
11 -5 44 0
-39 27 -29 0
-45 -23 -7 0
-7 39 -34 0
23 -50 11 0
8 -4 -21 0
28 -41 -19 0
-49 -17 -5 0
-25 49 21 0
RESULT seed=4067 sm=1 pm=0 result=0 decisions=44 conflicts=89
RESULT seed=4067 sm=3 pm=0 result=0 decisions=44 conflicts=89
RESULT seed=4067 sm=1 pm=1 result=0 decisions=59 conflicts=119
RESULT seed=4067 sm=3 pm=1 result=0 decisions=69 conflicts=139
INSTANCE seed=4068 n=50 m=220
p cnf 50 220
21 46 -37 0
-11 7 26 0
16 20 -19 0
-30 45 37 0
25 -36 8 0
29 22 46 0
4 -43 36 0
12 26 27 0
-21 46 -29 0
41 -2 -35 0
-45 13 -12 0
-40 -42 15 0
-3 1 -46 0
-28 -5 30 0
-1 -44 -13 0
-9 5 19 0
30 39 37 0
40 42 1 0
-31 -44 20 0
-41 -21 -13 0
-4 18 -2 0
31 43 -26 0
-11 -13 -14 0
-31 -25 5 0
-2 -26 -29 0
-47 -6 -10 0
3 -10 -4 0
-31 -30 47 0
50 47 -12 0
-22 27 -9 0
-21 -42 26 0
15 -9 -25 0
-41 25 32 0
23 -36 -49 0
-9 -23 25 0
7 -29 12 0
-27 3 49 0
-13 37 -19 0
-38 -36 -11 0
-28 -10 2 0
-30 27 11 0
38 -27 -35 0
-34 -28 1 0
-1 38 25 0
23 -42 8 0
-32 14 16 0
11 -37 36 0
11 -22 38 0
22 -21 -40 0
2 -46 30 0
7 -23 -38 0
-29 22 6 0
-45 -26 -46 0
9 32 10 0
-2 -15 -31 0
-49 17 16 0
-30 -35 14 0
19 5 23 0
-36 14 4 0
17 27 24 0
11 39 48 0
-7 19 -46 0
-9 -21 -43 0
14 -31 8 0
-24 13 22 0
-49 -37 -4 0
19 -24 3 0
20 -24 -37 0
-16 14 -38 0
-50 38 2 0
-15 -11 -12 0
-47 -33 21 0
-42 -46 -39 0
-4 45 -43 0
-4 -10 20 0
-9 6 24 0
-37 44 -24 0
1 -43 -39 0
-6 -22 -37 0
18 -5 7 0
-17 41 31 0
14 38 26 0
23 38 50 0
-46 43 -45 0
-44 -38 -32 0
-17 23 -33 0
42 -13 -39 0
6 32 -7 0
3 -44 -35 0
34 7 -30 0
-42 -19 21 0
3 6 -10 0
2 -27 -16 0
-40 -31 -37 0
-34 2 -11 0
50 12 -47 0
-37 -45 -11 0
45 32 9 0
-10 -25 -6 0
-12 28 -35 0
-18 -33 -27 0
-14 -18 16 0
7 -38 11 0
36 13 -17 0
-1 23 7 0
-16 37 35 0
-10 -13 -28 0
9 23 -44 0
-44 4 8 0
-41 -7 40 0
-49 -22 -32 0
-26 -16 -13 0
10 -40 20 0
22 -36 42 0
8 5 -25 0
39 9 -26 0
-29 -40 15 0
-6 -45 9 0
15 25 -12 0
3 18 8 0
11 -14 15 0
-10 4 48 0
-46 48 12 0
1 -50 -17 0
-45 -25 15 0
-9 -20 44 0
21 -20 29 0
-6 25 5 0
41 -38 -37 0
24 7 33 0
-1 31 -4 0
43 -3 -10 0
25 -8 39 0
-3 -9 -28 0
-16 30 -19 0
-38 -50 -6 0
-15 -14 10 0
47 -11 31 0
-1 -31 40 0
16 -48 -33 0
50 36 12 0
26 -2 41 0
15 -8 6 0
40 46 36 0
10 29 16 0
-40 -17 9 0
7 -46 13 0
48 -15 -31 0
-27 35 32 0
-28 40 -35 0
-30 19 35 0
27 -32 -31 0
-45 -43 -29 0
15 37 -3 0
40 27 1 0
-34 -20 50 0
19 -42 -4 0
6 -42 -22 0
-50 -19 -1 0
-16 27 47 0
42 -9 24 0
-49 -50 39 0
38 -6 -13 0
46 16 30 0
33 21 -37 0
-41 50 25 0
41 -33 -13 0
-33 39 -8 0
-35 6 36 0
35 -46 24 0
-42 4 -49 0
-19 -15 -33 0
-8 -45 -2 0
-8 38 44 0
22 -24 37 0
13 46 16 0
-7 1 18 0
41 -27 13 0
19 -38 12 0
47 28 -4 0
21 -35 25 0
-40 -6 -19 0
35 -11 5 0
-23 21 36 0
-31 -25 19 0
31 1 14 0
-14 37 12 0
44 10 49 0
-11 35 -49 0
37 4 13 0
21 -9 13 0
-46 10 16 0
-29 -24 -49 0
-8 -2 -32 0
6 -25 28 0
17 -19 40 0
33 49 22 0
-37 -46 -26 0
21 -40 -19 0
19 -6 -33 0
35 18 11 0
-25 19 -18 0
18 -5 38 0
43 2 44 0
-39 -26 22 0
42 17 43 0
32 47 40 0
-2 -38 20 0
-16 -12 44 0
-8 38 -17 0
-6 11 27 0
39 26 49 0
-40 -20 28 0
42 1 37 0
40 -11 -48 0
36 -3 44 0
47 -35 -46 0
33 -32 42 0
-34 31 2 0
-50 24 -22 0
RESULT seed=4068 sm=1 pm=0 result=0 decisions=98 conflicts=197
RESULT seed=4068 sm=3 pm=0 result=0 decisions=105 conflicts=211
RESULT seed=4068 sm=1 pm=1 result=0 decisions=96 conflicts=193
RESULT seed=4068 sm=3 pm=1 result=0 decisions=152 conflicts=305
INSTANCE seed=4069 n=50 m=220
p cnf 50 220
-46 -14 19 0
25 19 50 0
-10 11 -39 0
7 -13 -31 0
-33 26 47 0
10 14 -2 0
-13 1 29 0
30 26 -4 0
-39 42 3 0
-21 -48 -44 0
-32 -18 -27 0
36 46 -17 0
24 37 -30 0
40 30 49 0
-31 -46 25 0
12 5 10 0
30 4 -12 0
-43 46 34 0
43 -47 40 0
16 11 37 0
-37 -33 -10 0
-10 -7 -27 0
19 -32 40 0
50 -8 -22 0
-16 -28 47 0
47 -21 37 0
-37 -34 36 0
-6 9 -29 0
-30 -32 -31 0
45 43 34 0
14 25 -20 0
-40 11 25 0
-9 -29 -35 0
27 -46 -31 0
27 1 -21 0
35 -31 -7 0
-34 -36 32 0
-40 47 -28 0
23 19 32 0
45 -26 -28 0
-5 41 -1 0
37 11 48 0
-16 32 9 0
26 21 37 0
-50 -42 39 0
-50 -37 -45 0
40 -2 5 0
-25 -37 28 0
-22 -5 -25 0
27 13 14 0
31 32 41 0
19 -36 9 0
14 29 10 0
-17 -11 -16 0
27 -44 -23 0
-9 39 3 0
13 -2 21 0
-4 1 32 0
37 39 -7 0
30 -23 46 0
24 -32 -40 0
24 1 20 0
-43 -39 50 0
21 -23 -26 0
20 30 13 0
-29 40 4 0
17 -48 29 0
19 -6 -9 0
26 -1 -29 0
-2 -42 21 0
-3 37 -27 0
-14 -9 21 0
2 -10 -16 0
-2 -22 -44 0
20 33 42 0
-22 2 -1 0
-17 16 -7 0
29 7 22 0
36 -47 13 0
-40 -15 29 0
-21 -39 -44 0
42 -22 27 0
34 14 -33 0
-5 45 14 0
-15 -18 -32 0
35 22 -48 0
-17 -35 28 0
3 2 -9 0
29 -5 21 0
40 -47 15 0
35 4 -22 0
-12 -24 -14 0
-48 -7 -20 0
10 -6 -3 0
38 -35 42 0
-44 -20 23 0
36 7 -18 0
34 -23 -24 0
-48 27 2 0
26 -9 34 0
-34 -47 -3 0
-8 43 16 0
43 41 28 0
4 -26 -3 0
49 -43 -30 0
-43 33 23 0
-26 17 43 0
-43 -9 29 0
22 42 50 0
43 -1 38 0
41 -2 12 0
-40 -20 38 0
-42 -46 40 0
30 14 -4 0
41 7 -19 0
-37 -23 -38 0
40 31 48 0
48 24 -25 0
45 -29 28 0
40 -27 4 0
12 -37 30 0
-41 14 -24 0
-34 33 -49 0
-8 -41 -28 0
-24 6 47 0
11 -17 14 0
-43 -7 -9 0
-34 -46 8 0
45 27 47 0
25 47 -22 0
-41 47 18 0
18 -9 -34 0
-2 -24 -43 0
6 -20 -48 0
8 33 14 0
-29 8 -34 0
8 -46 17 0
-18 14 -47 0
37 47 -21 0
47 -41 -27 0
32 -50 -10 0
45 -42 26 0
22 -14 -3 0
-50 -21 5 0
49 -7 -12 0
41 17 7 0
29 30 -15 0
29 -25 -36 0
-26 40 48 0
36 30 -14 0
39 -40 -12 0
27 5 -14 0
46 26 1 0
31 40 -8 0
-42 -1 -25 0
-28 9 -21 0
-3 -35 -10 0
-31 -34 33 0
17 -24 -30 0
13 -32 -44 0
7 40 8 0
-48 23 -24 0
-19 -35 -48 0
-5 -17 40 0
-48 -10 -45 0
7 32 -31 0
27 14 28 0
12 -4 19 0
-47 -18 46 0
10 -19 -26 0
28 -14 -18 0
-34 14 2 0
37 20 -28 0
-24 33 41 0
48 -33 -20 0
-27 49 1 0
-2 -24 -25 0
-31 3 22 0
22 -13 -34 0
36 2 -17 0
-12 20 -6 0
41 21 -38 0
11 -41 -10 0
-16 29 -18 0
-42 45 -1 0
33 36 -28 0
34 28 49 0
-17 -33 40 0
4 -45 -24 0
46 -13 -6 0
-24 43 -19 0
-3 33 -20 0
-48 39 -6 0
-41 -6 20 0
28 12 7 0
-36 7 -43 0
13 -16 45 0
31 19 11 0
-44 39 41 0
-15 19 -7 0
-19 -23 -11 0
-27 -17 -30 0
-39 -16 -19 0
32 -26 -40 0
44 36 9 0
-24 19 36 0
29 -25 -32 0
28 -10 20 0
-18 20 41 0
-43 27 41 0
-44 6 50 0
-33 -44 -21 0
25 -48 5 0
-47 -33 34 0
-39 -20 -3 0
-27 13 40 0
25 9 -28 0
-44 -29 22 0
-33 37 -16 0
-16 -14 -15 0
RESULT seed=4069 sm=1 pm=0 result=1 decisions=15 conflicts=6
RESULT seed=4069 sm=3 pm=0 result=1 decisions=16 conflicts=6
RESULT seed=4069 sm=1 pm=1 result=1 decisions=17 conflicts=12
RESULT seed=4069 sm=3 pm=1 result=1 decisions=32 conflicts=29
INSTANCE seed=4070 n=50 m=220
p cnf 50 220
22 47 21 0
32 20 -47 0
26 -4 -47 0
10 15 29 0
12 43 -44 0
20 5 48 0
41 44 -6 0
-13 -8 -38 0
-44 2 27 0
-14 46 -30 0
9 12 29 0
-41 -30 47 0
-40 19 17 0
44 36 4 0
27 -23 -8 0
44 17 -26 0
-48 44 -13 0
-34 -17 -8 0
-12 -35 46 0
-22 -43 28 0
36 -40 -9 0
-25 3 1 0
27 -50 18 0
46 16 -23 0
-31 -36 -20 0
44 -3 47 0
35 20 11 0
28 -11 50 0
8 14 3 0
-39 -14 26 0
-46 37 24 0
25 20 47 0
8 44 -25 0
-48 18 -44 0
-4 -31 -28 0
-35 -41 -50 0
37 14 -22 0
50 43 -26 0
-17 10 -28 0
-36 30 49 0
-26 -33 20 0
15 47 36 0
38 -27 24 0
34 33 44 0
34 -7 26 0
-47 -36 8 0
-30 -42 17 0
-49 27 -35 0
-35 24 -19 0
-47 -8 46 0
-21 40 26 0
-3 -17 -15 0
23 -2 -13 0
11 3 -13 0
31 -39 -8 0
-47 -1 -12 0
27 42 39 0
22 -2 29 0
28 10 24 0
-47 -32 -22 0
30 -8 17 0
23 30 44 0
-4 40 -46 0
5 -22 10 0
-29 2 11 0
-11 -23 8 0
34 1 -12 0
9 -15 29 0
50 -43 9 0
13 11 49 0
7 -19 21 0
41 -45 -28 0
50 -27 -36 0
13 -30 -44 0
15 32 35 0
21 -13 -1 0
-37 45 -38 0
-25 -23 -17 0
-34 -2 -40 0
4 -2 -44 0
-47 30 -46 0
-24 -46 19 0
32 -30 -27 0
19 17 -45 0
35 -41 -5 0
-46 -47 -11 0
5 -20 -31 0
49 25 -47 0
-14 34 9 0
29 40 37 0
1 -37 41 0
-17 37 -27 0
19 -48 1 0
39 25 22 0
24 15 27 0
43 40 -27 0
-40 -41 43 0
26 1 8 0
29 13 17 0
8 -44 -33 0
-23 46 -12 0
-30 18 -12 0
-22 21 -20 0
-45 34 -5 0
26 -29 -44 0
-49 -31 -37 0
38 -6 -27 0
13 24 15 0
40 25 9 0
29 -13 -37 0
-7 42 -36 0
-24 -38 45 0
-10 39 20 0
-44 -17 19 0
3 8 24 0
-30 -49 -16 0
35 16 6 0
-50 -37 -33 0
25 28 -37 0
-31 -19 -29 0
48 30 21 0
20 -12 -36 0
-29 -16 21 0
-6 49 44 0
-32 -2 30 0
-44 -23 42 0
47 12 -4 0
6 -13 3 0
8 -39 -37 0
-36 27 -15 0
27 -44 7 0
13 7 21 0
-40 1 26 0
10 6 25 0
-36 6 32 0
25 38 26 0
25 7 47 0
46 -18 47 0
-24 -7 -43 0
2 -32 45 0
13 -45 2 0
29 27 -25 0
-24 -29 48 0
-31 8 -44 0
43 40 -8 0
-7 43 -22 0
22 -50 -28 0
-22 -49 -45 0
-21 6 -32 0
11 9 -29 0
-2 -36 -29 0
-16 -5 -25 0
22 -20 -38 0
-12 7 42 0
6 -41 -27 0
-24 6 19 0
-6 49 -26 0
-20 6 1 0
-20 46 -40 0
-50 21 33 0
-18 1 -34 0
-42 -47 21 0
-16 33 -49 0
-33 8 -37 0
25 23 -43 0
-31 -21 -28 0
8 50 30 0
-24 -45 -44 0
-49 1 3 0
-31 13 43 0
-20 40 -9 0
21 9 28 0
-48 43 -34 0
-48 -15 38 0
-29 -30 -48 0
22 40 -27 0
-29 -32 33 0
-13 -3 22 0
14 7 2 0
-31 -17 25 0
-41 12 -13 0
49 41 -34 0
-31 -10 -6 0
10 -6 47 0
-32 26 -40 0
-29 28 -10 0
36 48 -4 0
49 46 -31 0
39 -45 -43 0
-19 -50 20 0
8 19 47 0
9 35 17 0
-45 2 -10 0
20 50 23 0
1 -6 -15 0
17 -27 -3 0
7 6 33 0
-27 6 21 0
48 49 6 0
43 46 18 0
3 -22 41 0
18 -33 -4 0
-43 -30 47 0
43 27 21 0
-41 -11 -36 0
-47 -8 -42 0
-27 45 14 0
21 43 -18 0
13 22 49 0
39 -24 42 0
20 -26 7 0
25 -36 37 0
-8 5 37 0
-4 21 -34 0
-7 12 -3 0
17 5 -29 0
-30 26 47 0
17 -37 -24 0
-20 3 -22 0
16 50 29 0
RESULT seed=4070 sm=1 pm=0 result=0 decisions=99 conflicts=199
RESULT seed=4070 sm=3 pm=0 result=0 decisions=92 conflicts=185
RESULT seed=4070 sm=1 pm=1 result=0 decisions=89 conflicts=179
RESULT seed=4070 sm=3 pm=1 result=0 decisions=122 conflicts=245
INSTANCE seed=4071 n=50 m=220
p cnf 50 220
-48 -47 -13 0
-43 26 32 0
31 -21 35 0
-25 24 -41 0
-42 -46 9 0
-18 22 -5 0
-9 -19 45 0
-9 2 34 0
45 6 17 0
-43 -38 -35 0
-17 11 -47 0
-22 42 2 0
31 -14 1 0
-8 -35 -32 0
15 -39 28 0
12 -36 -42 0
-35 13 -41 0
40 -4 -3 0
-9 18 23 0
-31 -12 -44 0
34 40 -46 0
-44 -27 -32 0
3 -43 -14 0
-36 23 9 0
-36 8 42 0
-24 1 48 0
39 -1 27 0
26 37 -47 0
24 -48 -32 0
-10 9 13 0
-21 28 -10 0
-17 -42 20 0
40 31 -41 0
-37 -21 18 0
-42 -6 50 0
12 -45 27 0
24 -43 33 0
10 -33 -28 0
-47 23 20 0
30 34 -11 0
-18 39 10 0
34 39 16 0
45 25 2 0
13 15 26 0
22 47 -42 0
10 -15 -47 0
-35 -8 -7 0
-16 20 -29 0
37 -16 -7 0
-1 -29 5 0
47 24 -40 0
-19 -31 -26 0
3 -42 23 0
-6 -18 27 0
5 -25 -29 0
-1 45 -34 0
2 -26 24 0
5 -40 43 0
-1 -50 48 0
14 -19 33 0
40 -12 -13 0
-30 -35 45 0
3 30 -4 0
-31 -35 26 0
6 -17 -16 0
-10 17 40 0
-41 4 -11 0
-25 16 -33 0
20 -44 -22 0
47 -3 -27 0
-36 40 2 0
-47 -32 -34 0
-42 -22 -45 0
-45 43 17 0
26 41 -40 0
37 46 -20 0
-12 39 31 0
-48 41 42 0
-48 26 -13 0
37 24 -4 0
5 50 15 0
36 -26 -41 0
6 -30 -44 0
5 -17 -42 0
-10 -8 50 0
-12 -23 -27 0
-21 47 -43 0
19 50 -44 0
-45 4 -32 0
10 -17 -21 0
11 23 -1 0
40 -33 -31 0
46 -26 -32 0
43 -24 4 0
-36 -35 49 0
28 -18 15 0
29 -31 -26 0
-42 -8 34 0
39 -22 -7 0
-16 37 -49 0
-25 -10 -12 0
25 19 15 0
-33 -8 6 0
5 12 24 0
3 -34 -38 0
4 -48 5 0
-34 -1 -35 0
14 35 50 0
38 27 -15 0
-24 35 -11 0
-3 -27 26 0
-50 -46 -43 0
-36 14 16 0
19 25 -11 0
-10 43 28 0
-42 -43 -16 0
50 -45 -35 0
26 50 -34 0
40 50 -16 0
31 -27 -16 0
38 -44 -42 0
-44 26 36 0
-23 -45 -14 0
-39 8 1 0
20 -9 -30 0
-1 -34 42 0
2 50 1 0
17 19 -5 0
-46 4 13 0
10 16 31 0
-37 -29 7 0
27 28 -35 0
-39 21 -4 0
42 8 2 0
23 50 4 0
-47 8 6 0
-50 -25 49 0
42 10 3 0
34 6 10 0
-18 -13 -22 0
44 -8 10 0
40 -9 20 0
41 -1 35 0
-36 -30 -22 0
-42 33 -49 0
-44 48 -35 0
43 -36 24 0
2 6 -26 0
31 21 46 0
-43 -18 -34 0
49 -42 48 0
-23 35 -17 0
-31 -46 48 0
-42 -1 32 0
26 -39 -19 0
16 -21 42 0
-19 9 -17 0
-29 10 46 0
16 26 -42 0
5 -40 -35 0
-41 38 1 0
-25 -17 -26 0
-41 -47 39 0
-2 41 -19 0
-21 -43 -47 0
-20 -43 -29 0
-17 14 24 0
20 -34 37 0
23 -7 -43 0
3 -10 -25 0
49 -31 -47 0
-41 40 38 0
-47 -4 26 0
-4 -49 22 0
48 -1 7 0
-47 -5 45 0
-2 43 50 0
17 -28 -8 0
-3 48 -33 0
-24 -36 29 0
-41 23 -28 0
33 -41 -22 0
-28 -13 35 0
29 -3 -11 0
-19 9 42 0
46 23 33 0
34 8 -21 0
-32 12 29 0
-16 -31 -23 0
-27 -32 -39 0
6 -2 39 0
-25 -45 23 0
34 -44 47 0
-14 -6 38 0
27 -34 -28 0
2 -5 31 0
48 -18 -29 0
-29 -3 31 0
17 -31 42 0
16 2 -18 0
21 -1 -23 0
-46 -37 -34 0
9 37 -11 0
-42 -7 -4 0
12 40 5 0
-37 -28 24 0
-45 -17 -26 0
15 -35 31 0
6 47 50 0
31 -6 -43 0
28 -33 43 0
-41 11 15 0
-48 7 34 0
-3 50 2 0
-42 -7 2 0
-32 25 43 0
44 -45 -22 0
-8 -22 -28 0
-38 40 -10 0
-16 -34 43 0
RESULT seed=4071 sm=1 pm=0 result=1 decisions=93 conflicts=162
RESULT seed=4071 sm=3 pm=0 result=1 decisions=131 conflicts=242
RESULT seed=4071 sm=1 pm=1 result=1 decisions=53 conflicts=95
RESULT seed=4071 sm=3 pm=1 result=1 decisions=40 conflicts=55
INSTANCE seed=4072 n=50 m=220
p cnf 50 220
23 -47 5 0
3 -32 -18 0
37 38 24 0
-40 -34 21 0
49 -1 -31 0
12 37 49 0
28 -46 26 0
14 40 49 0
-17 -7 26 0
36 39 -25 0
23 11 -46 0
41 -17 3 0
-14 -44 -12 0
-8 29 16 0
38 7 20 0
12 7 -46 0
-35 26 -12 0
48 13 50 0
-18 -20 -45 0
37 47 11 0
32 47 10 0
5 -39 38 0
-27 13 -39 0
-9 46 -4 0
49 26 -5 0
39 -15 -49 0
32 -37 42 0
3 -49 43 0
5 -34 -9 0
38 -22 -44 0
-21 31 23 0
-35 -32 19 0
-25 -13 -18 0
24 49 -40 0
50 -39 31 0
-13 3 -38 0
48 26 45 0
38 49 -33 0
-45 34 -16 0
-1 -27 -22 0
40 28 43 0
16 37 41 0
-25 -21 -1 0
-20 37 -49 0
50 -21 38 0
19 -49 -44 0
-48 -13 -8 0
-26 -13 -2 0
-4 -44 -33 0
34 28 -48 0
17 47 -37 0
4 48 -1 0
29 24 33 0
45 21 13 0
-6 -15 -19 0
31 14 -15 0
16 -32 -31 0
-12 5 27 0
-34 -45 -11 0
10 -47 -18 0
-24 -15 -2 0
-11 42 -27 0
19 7 35 0
-28 -5 39 0
-30 50 -23 0
-10 -12 50 0
28 21 49 0
6 -21 33 0
-22 30 25 0
34 45 50 0
26 30 -35 0
8 36 -9 0
7 32 21 0
-15 -46 25 0
4 -50 32 0
19 29 -36 0
47 2 49 0
-4 -45 -11 0
31 43 -41 0
49 31 -27 0
19 -11 -35 0
3 -11 40 0
-22 5 -42 0
42 44 25 0
-44 28 -24 0
20 -39 19 0
26 -23 -43 0
-19 38 -25 0
-35 14 -32 0
-37 49 -33 0
32 4 -30 0
29 -14 -3 0
12 -30 -11 0
-47 13 10 0
-47 -20 4 0
25 -34 18 0
35 -20 -41 0
20 -44 6 0
33 20 23 0
5 -20 -34 0
-11 8 35 0
-20 -1 -13 0
29 -17 18 0
-23 27 10 0
-12 15 13 0
7 -27 13 0
-14 -33 45 0
-2 5 35 0
-25 -43 26 0
-2 -37 25 0
-41 2 46 0
31 14 -30 0
-30 9 19 0
-2 -43 30 0
-2 40 10 0
2 23 -3 0
30 17 -6 0
6 -15 50 0
-25 44 -22 0
44 31 -47 0
-33 45 32 0
35 26 43 0
12 -43 -50 0
-22 -4 -17 0
13 18 36 0
22 46 -18 0
-44 28 -3 0
21 41 -32 0
-50 20 -3 0
36 -45 39 0
-39 38 -45 0
35 -28 3 0
34 24 -33 0
-34 12 17 0
-23 -31 -7 0
-35 19 7 0
-5 -33 -14 0
27 -2 -1 0
-50 13 -16 0
-29 -25 -22 0
-31 43 -9 0
-40 45 -7 0
-40 -42 -50 0
45 26 -29 0
20 35 27 0
23 26 -17 0
47 -42 14 0
-22 2 33 0
5 20 1 0
32 -14 -34 0
-1 38 33 0
-28 23 9 0
40 -11 48 0
-24 21 4 0
19 14 15 0
40 -24 -14 0
-20 14 36 0
31 33 -38 0
-25 -3 -33 0
-31 1 43 0
-29 -36 -39 0
-29 -32 -33 0
-2 3 50 0
37 41 29 0
9 -45 -12 0
16 15 -32 0
-36 28 -9 0
-32 3 -41 0
-17 21 -15 0
-1 44 -35 0
-30 -11 46 0
43 23 36 0
15 -17 24 0
11 -47 -3 0
-8 -16 45 0
7 -46 -35 0
-46 -44 3 0
10 -40 -8 0
-49 46 -20 0
37 40 -42 0
3 -41 42 0
-24 -36 -6 0
14 -21 19 0
-47 -15 21 0
-41 -24 -19 0
16 -43 -12 0
-25 44 35 0
19 -1 14 0
28 43 -21 0
27 13 -15 0
-14 8 3 0
50 -16 -24 0
43 10 -22 0
-26 6 -12 0
-37 40 3 0
48 3 -28 0
-18 31 -37 0
-10 -6 -25 0
46 33 -38 0
-25 -38 13 0
22 -26 -9 0
-11 30 28 0
-13 7 -44 0
-2 -22 27 0
-22 12 -34 0
24 -31 16 0
-20 -45 16 0
6 45 41 0
15 -37 -50 0
-45 46 -11 0
36 -22 5 0
-49 47 33 0
5 31 -39 0
1 6 -50 0
-42 18 -11 0
28 -42 9 0
6 -39 -44 0
-49 11 9 0
42 12 -10 0
-29 -22 -26 0
RESULT seed=4072 sm=1 pm=0 result=1 decisions=44 conflicts=71
RESULT seed=4072 sm=3 pm=0 result=1 decisions=40 conflicts=66
RESULT seed=4072 sm=1 pm=1 result=1 decisions=31 conflicts=43
RESULT seed=4072 sm=3 pm=1 result=1 decisions=29 conflicts=38
INSTANCE seed=4073 n=50 m=220
p cnf 50 220
49 -47 50 0
-50 42 -13 0
24 11 9 0
-6 43 1 0
50 15 20 0
-27 29 8 0
-5 37 11 0
-38 -27 -14 0
50 -19 -31 0
-14 28 26 0
-1 -3 -18 0
-8 -37 -27 0
12 33 15 0
-38 -29 44 0
49 1 47 0
2 6 -29 0
16 12 4 0
36 46 1 0
-2 49 28 0
-3 -11 -17 0
-11 43 -26 0
-10 -38 -7 0
12 10 18 0
6 23 -3 0
-31 -41 15 0
32 -16 50 0
-7 -46 48 0
8 28 45 0
-14 15 16 0
18 27 34 0
4 -22 40 0
-13 -5 8 0
48 14 37 0
40 -37 23 0
-44 7 27 0
-9 -7 -28 0
-6 32 -7 0
-2 11 -34 0
-21 -4 -49 0
-34 19 30 0
36 15 -39 0
48 50 -31 0
16 -8 -41 0
28 -5 -43 0
31 28 -20 0
44 -19 -32 0
-48 -14 -31 0
33 -31 -3 0
27 -13 15 0
-2 -44 43 0
-14 -9 -39 0
10 -2 15 0
-17 -13 14 0
9 -16 25 0
-23 47 19 0
-27 -30 -47 0
-28 2 -27 0
-46 11 14 0
-29 -30 18 0
38 -20 32 0
12 -21 -42 0
8 4 -19 0
43 10 40 0
3 -29 -43 0
34 -45 -29 0
-3 15 33 0
17 1 43 0
-2 17 50 0
12 41 7 0
45 43 -46 0
5 -34 31 0
-14 -22 12 0
-33 -31 18 0
-42 34 6 0
-42 -22 -8 0
44 -11 -19 0
-9 -34 10 0
2 10 42 0
-5 -41 17 0
-37 17 21 0
10 45 27 0
28 -49 13 0
36 -46 1 0
-46 -1 33 0
30 -17 -40 0
-5 18 -33 0
6 1 -38 0
-33 -23 7 0
-11 50 3 0
48 21 -39 0
-18 -11 -8 0
-26 2 -22 0
19 -28 -15 0
-48 -39 -36 0
-28 -23 30 0
-25 28 34 0
50 24 40 0
-27 -29 -9 0
-18 41 25 0
18 -5 -48 0
39 27 11 0
-20 5 -3 0
10 11 47 0
-18 11 12 0
4 38 35 0
18 24 -27 0
26 22 28 0
22 20 -26 0
-8 -40 -14 0
-47 33 -9 0
-29 -19 -43 0
14 -32 12 0
50 -45 34 0
-12 -8 20 0
10 -1 8 0
-9 -13 -39 0
-6 -18 26 0
32 49 1 0
-8 50 -1 0
-23 41 -35 0
50 -19 13 0
5 17 42 0
49 26 41 0
-21 44 41 0
8 37 28 0
17 -48 12 0
11 -33 20 0
13 8 -2 0
-40 9 22 0
2 -22 13 0
24 23 43 0
41 -45 -40 0
20 -39 43 0
-49 -13 -33 0
-33 27 -38 0
46 16 23 0
-4 -1 48 0
-6 29 39 0
46 -23 49 0
2 -39 27 0
-49 14 -24 0
-22 -31 -23 0
-21 -15 -10 0
-39 17 22 0
-11 48 12 0
13 -3 40 0
-45 49 35 0
-9 -30 14 0
5 14 -21 0
-43 31 -24 0
-34 -42 16 0
15 -48 3 0
50 47 16 0
8 -11 3 0
8 32 10 0
-6 -1 42 0
27 38 13 0
30 -42 -1 0
-32 48 -11 0
-20 39 -36 0
33 -44 -21 0
39 12 -36 0
-30 -24 16 0
-7 -39 35 0
-24 1 35 0
-47 -20 -12 0
-12 -7 32 0
5 -3 29 0
-10 26 12 0
-19 -4 5 0
-29 -9 30 0
6 -3 21 0
-35 -18 -45 0
-35 -50 -41 0
34 -46 -42 0
-15 6 45 0
-14 -48 36 0
14 20 -2 0
-22 -32 36 0
44 7 50 0
-44 -5 -15 0
-9 -7 14 0
31 39 49 0
-30 4 -14 0
26 32 14 0
-39 45 -36 0
-13 42 16 0
-30 -28 47 0
-21 24 41 0
-9 -41 22 0
-28 -18 20 0
10 -29 26 0
-26 -17 -23 0
-35 -3 -40 0
32 -14 -23 0
-40 -41 -24 0
20 10 -34 0
-24 -35 -2 0
3 -29 30 0
36 -20 -6 0
29 16 -37 0
-23 16 22 0
42 27 -10 0
18 -49 -34 0
-6 -28 -40 0
42 35 -34 0
41 -10 43 0
38 8 -1 0
-46 -30 -34 0
-34 -30 44 0
43 -46 -12 0
39 45 37 0
17 -30 12 0
20 -46 31 0
2 -30 -19 0
15 21 -30 0
11 -17 -35 0
13 32 -27 0
-19 46 -47 0
36 2 5 0
RESULT seed=4073 sm=1 pm=0 result=1 decisions=26 conflicts=32
RESULT seed=4073 sm=3 pm=0 result=1 decisions=17 conflicts=18
RESULT seed=4073 sm=1 pm=1 result=1 decisions=27 conflicts=32
RESULT seed=4073 sm=3 pm=1 result=1 decisions=21 conflicts=31
INSTANCE seed=4074 n=50 m=220
p cnf 50 220
-25 -47 -39 0
-24 -45 -38 0
-47 -22 2 0
21 -4 -13 0
-35 -8 18 0
-3 -20 50 0
16 -48 46 0
14 -22 10 0
40 -12 -25 0
9 -32 20 0
-37 -9 13 0
42 -5 -10 0
-37 19 -8 0
-21 -4 -49 0
-32 -8 -34 0
-26 3 12 0
28 32 37 0
10 -15 4 0
25 -24 15 0
6 -40 -10 0
20 19 -31 0
-35 -43 -10 0
36 22 39 0
-6 -2 17 0
44 -42 34 0
-28 -2 -29 0
-3 13 31 0
27 50 3 0
-44 -9 8 0
-9 47 -46 0
-26 -21 -45 0
-44 -41 -42 0
-33 11 50 0
-31 -35 -45 0
48 -34 -42 0
15 26 8 0
37 -19 26 0
5 39 -24 0
8 13 3 0
-19 -43 -17 0
-46 36 20 0
-36 -38 45 0
-24 -18 -17 0
7 30 13 0
-17 11 -20 0
-11 -15 14 0
-13 -46 3 0
-12 -24 25 0
-22 -23 -25 0
-20 -19 -44 0
43 32 18 0
16 31 29 0
5 46 16 0
-45 -18 40 0
35 -11 43 0
-18 -3 21 0
-7 -40 -29 0
-44 39 10 0
3 -16 -8 0
-40 19 16 0
47 6 -4 0
3 18 39 0
25 -13 -45 0
27 -4 -47 0
-38 -39 -35 0
-46 17 15 0
6 -30 38 0
47 13 17 0
1 -7 42 0
-44 -26 -12 0
-14 -25 4 0
-16 35 -27 0
-2 -48 -34 0
-46 -31 -40 0
32 -5 -4 0
29 -1 -45 0
8 3 -18 0
25 -32 43 0
-6 -10 -37 0
5 27 46 0
-7 -49 10 0
42 -16 13 0
-32 31 13 0
-25 34 -40 0
27 11 -40 0
42 32 9 0
-3 33 -37 0
-38 34 36 0
31 11 -17 0
-18 31 33 0
49 -35 -38 0
-15 3 37 0
26 49 9 0
-17 8 30 0
-8 2 -45 0
17 -11 -41 0
-3 46 -1 0
31 -42 -23 0
-20 44 -16 0
-29 -14 41 0
47 50 -10 0
33 -12 15 0
41 39 9 0
19 -14 30 0
-24 49 14 0
-7 -18 6 0
33 -43 -32 0
43 32 19 0
-35 27 7 0
17 -1 26 0
23 -13 -7 0
10 -43 -2 0
21 8 36 0
-29 -20 28 0
-46 7 -18 0
-6 37 19 0
6 -12 43 0
-18 -24 -10 0
6 -7 -42 0
-14 17 9 0
-43 -50 -40 0
-16 -41 24 0
-11 19 -38 0
-34 -26 22 0
-40 32 -34 0
-50 28 -2 0
-1 29 45 0
1 36 35 0
-26 -24 -50 0
33 20 -27 0
-13 -35 15 0
18 22 7 0
-11 50 -49 0
39 -29 -40 0
-32 -12 39 0
4 -19 32 0
-36 6 -27 0
43 -33 31 0
26 4 -32 0
-17 -35 -39 0
-3 -16 40 0
1 -37 19 0
32 -9 -15 0
-1 -12 -47 0
4 -31 -13 0
44 6 -18 0
49 -15 17 0
11 -16 34 0
-43 42 -16 0
47 -50 1 0
22 47 10 0
-34 35 41 0
1 -2 47 0
-1 6 23 0
-28 -21 -34 0
-13 39 29 0
4 32 31 0
12 40 -45 0
49 11 44 0
-4 -15 39 0
-36 -42 25 0
11 7 47 0
-12 -47 -44 0
-45 -35 46 0
30 4 28 0
19 -1 12 0
29 -6 -30 0
-17 -14 -44 0
-31 39 12 0
-21 34 -28 0
-36 37 -29 0
18 -7 -14 0
31 -34 12 0
30 -1 35 0
6 43 -1 0
-18 13 -6 0
-16 -17 9 0
-46 -17 -47 0
24 -22 14 0
-7 -25 6 0
40 -31 36 0
-46 -39 -18 0
-21 -19 -33 0
21 19 6 0
33 -21 -8 0
-16 -31 -29 0
25 -22 -28 0
-48 26 -45 0
1 -33 -19 0
-31 -40 -4 0
-31 39 17 0
-20 21 1 0
6 9 -8 0
4 -3 38 0
-1 23 8 0
6 3 -23 0
14 -6 -39 0
35 14 -7 0
-45 47 30 0
5 -30 8 0
7 -43 22 0
-41 -6 -13 0
25 39 -26 0
-21 -47 46 0
-48 36 11 0
-47 22 -27 0
26 44 -3 0
-42 14 -50 0
-20 -27 17 0
-36 34 44 0
37 -44 -27 0
27 45 3 0
-19 -32 -20 0
6 29 -4 0
4 6 -48 0
-11 36 -43 0
-6 2 8 0
32 38 28 0
-35 -26 15 0
37 44 -39 0
RESULT seed=4074 sm=1 pm=0 result=0 decisions=69 conflicts=139
RESULT seed=4074 sm=3 pm=0 result=0 decisions=79 conflicts=159
RESULT seed=4074 sm=1 pm=1 result=0 decisions=64 conflicts=129
RESULT seed=4074 sm=3 pm=1 result=0 decisions=99 conflicts=199
INSTANCE seed=4075 n=50 m=220
p cnf 50 220
50 48 31 0
35 -1 24 0
-2 -39 -41 0
-36 -14 9 0
4 -12 -11 0
-49 -11 26 0
-10 49 -31 0
15 13 -41 0
2 -15 -49 0
-20 29 17 0
-19 -34 -47 0
-42 -24 -38 0
49 32 -6 0
28 -42 10 0
5 32 -13 0
-15 42 26 0
-16 -47 12 0
17 32 -38 0
-2 -47 -43 0
-35 -28 12 0
27 -7 37 0
-1 -19 -20 0
27 -6 46 0
-28 -42 50 0
-25 35 -32 0
31 34 28 0
-27 36 49 0
-20 -42 -28 0
1 -23 34 0
-43 3 -35 0
46 -16 41 0
-40 4 -17 0
42 36 44 0
12 50 -28 0
1 37 33 0
38 17 -48 0
-46 35 25 0
-32 24 36 0
42 -41 37 0
23 36 48 0
13 27 12 0
-12 -39 36 0
16 -23 20 0
-7 4 -47 0
-21 46 -47 0
-35 16 -11 0
-50 2 45 0
-19 -38 29 0
16 -30 43 0
-10 -14 -9 0
-7 31 47 0
-13 5 10 0
-44 43 -30 0
17 30 19 0
-5 -46 -24 0
18 -10 25 0
44 35 28 0
-31 42 16 0
-5 26 -1 0
-48 -43 -18 0
1 -32 -40 0
36 9 -11 0
23 -22 33 0
-32 27 -44 0
45 -11 -13 0
-32 -25 29 0
-36 -23 -10 0
-32 -43 -9 0
-34 41 12 0
19 18 -40 0
-39 12 43 0
-25 -26 -22 0
-46 3 27 0
9 43 -49 0
16 38 -48 0
-49 4 -46 0
36 50 48 0
-10 -50 37 0
-3 1 -47 0
20 19 -36 0
47 2 33 0
-26 15 -50 0
2 -11 45 0
-2 29 43 0
-36 23 38 0
-17 -6 5 0
-39 35 10 0
-7 -34 25 0
41 12 -11 0
-19 37 16 0
-23 48 -36 0
-13 1 -28 0
35 5 25 0
-33 20 45 0
30 32 43 0
-24 16 7 0
39 -31 32 0
1 -24 -32 0
-26 28 -48 0
-12 -14 -3 0
30 42 -17 0
39 -1 11 0
-21 19 -28 0
-41 -34 23 0
34 23 29 0
-20 8 47 0
39 -42 -10 0
30 -9 -12 0
-38 -30 29 0
40 18 1 0
44 -23 28 0
-34 -50 -39 0
-25 -4 -47 0
32 10 -50 0
-20 -46 41 0
-6 26 -49 0
36 -18 -21 0
1 -18 -14 0
26 -15 49 0
-39 48 -23 0
34 17 -49 0
33 -21 -12 0
6 26 46 0
47 -2 -43 0
-48 -45 8 0
2 -46 -19 0
38 44 24 0
-39 -26 -14 0
38 -11 -13 0
-48 49 30 0
-16 32 -14 0
-49 3 -33 0
-2 -13 -43 0
-46 28 22 0
24 -9 3 0
-3 42 39 0
9 5 -50 0
36 35 -12 0
41 -4 -36 0
25 -32 44 0
-13 -34 5 0
4 -35 1 0
6 32 9 0
-29 -26 -50 0
8 41 -25 0
-32 44 8 0
36 -42 13 0
28 32 -36 0
26 4 1 0
12 15 16 0
-6 -49 1 0
-33 37 47 0
41 -20 23 0
1 -37 41 0
-15 23 31 0
-44 33 -5 0
-48 -7 8 0
-15 20 30 0
-17 18 22 0
33 46 -27 0
6 45 40 0
-35 1 -23 0
8 -6 -32 0
-25 -4 47 0
10 -14 -23 0
-33 -35 -21 0
-19 -16 24 0
37 38 -42 0
6 16 22 0
42 34 45 0
-34 -41 16 0
-45 44 -32 0
-20 -25 -44 0
-26 34 -15 0
-27 16 17 0
-18 -29 -6 0
42 22 50 0
20 34 41 0
38 -16 -6 0
-18 -41 -32 0
-25 -2 31 0
39 -45 35 0
46 22 -5 0
21 -47 23 0
-50 -49 -2 0
-10 19 -47 0
25 3 -1 0
49 2 -35 0
-12 -29 -19 0
15 -37 -10 0
-17 -24 47 0
33 -18 -19 0
27 6 -11 0
11 -26 46 0
13 -6 -32 0
18 11 28 0
33 -49 20 0
-28 -19 -11 0
4 18 -31 0
13 -20 -38 0
-21 26 -23 0
33 -24 -49 0
12 14 30 0
-23 -25 -21 0
50 39 -24 0
22 19 35 0
24 -12 -3 0
-38 -14 -5 0
37 7 29 0
13 -21 -9 0
-7 -29 49 0
46 -45 47 0
34 22 -45 0
27 -34 8 0
-9 -3 -7 0
46 24 -40 0
28 -47 41 0
27 -32 41 0
46 -16 -15 0
-6 31 -13 0
RESULT seed=4075 sm=1 pm=0 result=1 decisions=51 conflicts=75
RESULT seed=4075 sm=3 pm=0 result=1 decisions=59 conflicts=97
RESULT seed=4075 sm=1 pm=1 result=1 decisions=12 conflicts=0
RESULT seed=4075 sm=3 pm=1 result=1 decisions=12 conflicts=0
INSTANCE seed=4076 n=50 m=220
p cnf 50 220
-26 48 -23 0
-46 7 -9 0
-7 6 -30 0
-1 -24 -5 0
-22 16 4 0
-45 -2 11 0
-48 14 34 0
32 15 34 0
9 13 -1 0
-46 37 12 0
27 -41 -23 0
-37 30 35 0
-27 41 -17 0
25 -3 39 0
43 -12 -8 0
-31 -2 43 0
-27 13 37 0
17 -23 -39 0
-22 -18 47 0
11 -12 9 0
25 37 8 0
3 10 -5 0
-44 -42 -48 0
30 45 -4 0
24 15 -49 0
-27 18 -30 0
48 -46 31 0
19 5 -6 0
32 14 -27 0
-42 23 -28 0
-21 -20 44 0
23 7 48 0
21 13 -18 0
42 -12 -4 0
29 -12 49 0
-45 22 30 0
-7 -50 21 0
44 -12 -2 0
32 -30 12 0
38 -40 13 0
3 45 48 0
-5 -39 -49 0
-23 14 34 0
-44 -23 -28 0
33 -1 -2 0
4 -30 -33 0
29 -11 -13 0
-40 -28 -22 0
31 7 32 0
46 -42 15 0
39 -42 -25 0
-2 -40 -8 0
-32 13 -18 0
-15 -20 45 0
-21 -3 45 0
-36 15 45 0
47 -2 -1 0
-12 5 -25 0
-1 -20 -7 0
10 -30 13 0
39 14 13 0
1 38 45 0
-16 -20 -6 0
-25 -2 -4 0
-46 -28 47 0
-32 -21 31 0
-33 40 -27 0
38 -5 -1 0
30 -23 -50 0
-29 -38 35 0
41 -48 -22 0
32 1 25 0
-19 -25 38 0
36 -50 46 0
49 31 -5 0
-33 -35 -36 0
50 -30 -47 0
15 -1 -17 0
41 -49 13 0
-43 -5 -37 0
47 41 7 0
18 -46 6 0
7 -9 -38 0
-41 43 6 0
49 -25 -31 0
18 -44 -46 0
39 6 29 0
-6 20 -47 0
-26 -43 -30 0
16 18 24 0
46 37 -7 0
1 -18 4 0
47 44 32 0
-13 40 36 0
-41 -28 -8 0
-38 -20 48 0
25 28 38 0
-7 -28 3 0
-41 -34 -33 0
47 -21 -36 0
-36 -31 -32 0
-49 -18 -15 0
43 6 31 0
-30 -3 27 0
-41 -26 -18 0
-25 2 37 0
11 -28 -36 0
-17 36 31 0
-44 -42 24 0
-3 -28 -34 0
36 20 32 0
-4 44 17 0
6 47 17 0
-19 44 1 0
48 -6 31 0
-45 -20 -26 0
-20 22 39 0
37 -22 13 0
-44 -48 18 0
7 -4 41 0
34 25 2 0
46 6 40 0
-9 -18 22 0
-24 -4 14 0
1 -9 10 0
43 39 -25 0
3 33 -26 0
48 36 -16 0
30 -23 36 0
38 -3 -4 0
-11 27 -1 0
9 -41 42 0
27 2 20 0
-30 38 -45 0
22 -41 11 0
-40 35 37 0
5 36 -32 0
-50 28 -3 0
36 3 -46 0
23 33 -42 0
-2 -26 19 0
-17 36 -23 0
13 31 38 0
19 41 -2 0
-31 -39 -17 0
34 -35 -9 0
-41 20 49 0
19 15 6 0
3 45 32 0
26 -34 -46 0
32 -6 17 0
24 -21 34 0
-30 -6 -21 0
8 30 -50 0
-26 37 -47 0
6 32 28 0
-49 11 42 0
27 -46 -26 0
-33 -28 -49 0
1 36 43 0
34 41 -33 0
-42 4 16 0
-41 -9 -34 0
43 49 -37 0
-32 -49 -23 0
-7 -39 32 0
-9 -22 -30 0
-7 22 27 0
-49 6 -35 0
-28 46 -16 0
-11 2 -6 0
-9 28 2 0
-21 -5 23 0
-35 43 39 0
12 -36 9 0
39 -44 33 0
10 35 -38 0
7 -14 -44 0
-10 43 -34 0
37 -48 6 0
-44 -50 13 0
50 -36 17 0
38 -7 6 0
-8 18 -10 0
12 -32 -34 0
-23 -45 -38 0
-13 -28 -16 0
-45 -29 13 0
5 -47 -27 0
-21 -13 3 0
50 -25 -4 0
-26 9 -46 0
3 -41 -30 0
-20 26 -6 0
6 29 -18 0
3 28 48 0
-17 49 31 0
-19 -35 22 0
-6 37 -5 0
12 -34 7 0
49 -36 -42 0
17 -16 21 0
17 -39 35 0
-11 -2 35 0
-42 -37 -2 0
42 20 9 0
10 24 13 0
-25 5 -38 0
4 -2 -14 0
24 14 -22 0
50 -13 23 0
-48 -8 50 0
2 -9 41 0
-39 -23 -4 0
-46 -9 -28 0
25 -27 -40 0
-27 -47 16 0
21 -5 -40 0
24 -11 -4 0
44 -5 36 0
RESULT seed=4076 sm=1 pm=0 result=1 decisions=64 conflicts=110
RESULT seed=4076 sm=3 pm=0 result=1 decisions=72 conflicts=120
RESULT seed=4076 sm=1 pm=1 result=1 decisions=52 conflicts=89
RESULT seed=4076 sm=3 pm=1 result=1 decisions=60 conflicts=95
INSTANCE seed=4077 n=50 m=220
p cnf 50 220
2 48 -15 0
6 13 -45 0
-13 23 -19 0
16 34 2 0
41 19 -48 0
-41 -44 27 0
-47 1 42 0
-47 28 24 0
12 -45 -8 0
7 12 33 0
-32 14 -43 0
-12 -44 -23 0
-7 -2 -42 0
-35 22 17 0
16 25 -33 0
32 -46 -3 0
-28 11 30 0
-27 -30 -8 0
-32 42 -50 0
-33 46 -23 0
-14 -38 31 0
-5 -8 27 0
18 -17 40 0
-23 -31 43 0
-25 17 -26 0
47 30 -24 0
3 21 -48 0
20 -35 49 0
-33 -34 -13 0
-40 10 -20 0
-17 30 49 0
-42 -46 -4 0
-7 -32 -23 0
35 -46 8 0
20 40 -11 0
-23 -47 -13 0
-30 -24 -10 0
15 38 -33 0
46 -41 11 0
42 12 5 0
-23 37 10 0
39 24 -32 0
-14 16 33 0
23 -30 39 0
49 -12 15 0
50 -38 2 0
18 -6 26 0
7 -42 -26 0
28 33 22 0
5 -27 -25 0
22 47 -36 0
37 -50 -19 0
-22 20 -46 0
-19 1 -21 0
-34 -19 50 0
-16 -44 -21 0
41 -43 -3 0
34 -39 21 0
47 -22 21 0
29 47 17 0
19 -1 -9 0
2 -20 -48 0
-40 -15 48 0
42 -29 -18 0
2 -24 7 0
38 -24 25 0
13 25 31 0
11 -42 28 0
11 42 -48 0
-44 -46 -6 0
-28 -20 2 0
19 -38 29 0
5 34 -23 0
-17 28 1 0
-27 10 13 0
-11 35 -21 0
21 2 -11 0
-41 46 -49 0
-47 -12 19 0
45 8 -6 0
-22 -49 -13 0
7 -32 14 0
16 19 35 0
1 -10 -35 0
-14 16 -45 0
-40 -2 13 0
-23 17 -9 0
-17 1 32 0
14 13 21 0
-36 -25 -11 0
7 28 -11 0
18 -25 4 0
48 -41 22 0
-2 42 1 0
-23 36 -12 0
-18 6 -35 0
-45 13 40 0
12 21 -36 0
-43 39 -5 0
-49 10 -1 0
12 -44 7 0
-18 31 17 0
-40 28 -30 0
16 32 -46 0
-20 -8 32 0
-40 -43 -14 0
-30 27 12 0
3 -13 1 0
50 3 19 0
-16 -38 -18 0
29 17 36 0
-24 37 45 0
37 8 -49 0
29 -8 42 0
-20 32 49 0
-6 -31 -19 0
-18 46 -31 0
20 -10 44 0
24 -10 33 0
2 -10 -40 0
-19 -31 10 0
-48 35 -2 0
-37 30 -16 0
-4 33 -43 0
5 32 29 0
25 -31 20 0
-37 43 38 0
-47 40 35 0
-42 4 27 0
-47 -33 43 0
-42 50 17 0
25 30 46 0
8 -19 -44 0
16 -1 6 0
-46 -14 2 0
-14 -3 2 0
38 1 -22 0
35 -24 38 0
-41 -32 13 0
28 -46 -48 0
47 -20 -23 0
-23 21 -39 0
-23 7 -26 0
38 -37 -10 0
14 26 16 0
20 1 -45 0
-19 -18 43 0
11 -10 -5 0
10 -2 5 0
-8 25 -29 0
47 4 -19 0
9 -4 -8 0
-12 -25 -26 0
-36 7 -38 0
26 34 -5 0
27 29 22 0
40 -50 42 0
-13 -26 12 0
-35 47 25 0
19 -27 -37 0
29 -31 -48 0
-39 -10 24 0
26 -36 42 0
-32 -1 14 0
50 -25 -14 0
30 -8 -44 0
3 21 -23 0
25 -2 -48 0
-31 40 27 0
22 -46 49 0
31 -37 -18 0
-25 -24 34 0
17 48 16 0
25 35 -14 0
24 39 -3 0
-19 -6 -40 0
30 3 50 0
8 12 32 0
-36 42 -43 0
32 10 45 0
41 40 -19 0
42 -32 5 0
43 -1 11 0
-18 -33 38 0
1 15 -3 0
-25 14 -27 0
3 -31 49 0
-27 -47 -19 0
41 -15 27 0
-24 46 47 0
-25 -33 27 0
15 -19 -11 0
28 -10 18 0
-20 -41 45 0
-1 -46 31 0
-17 35 -19 0
48 35 -42 0
-26 2 10 0
-47 50 -48 0
-19 -26 -44 0
-29 -30 27 0
-24 26 -16 0
15 37 45 0
1 -4 30 0
-10 -2 -34 0
-49 17 5 0
17 -9 12 0
45 -22 18 0
-28 41 8 0
39 -20 15 0
1 30 -24 0
-8 -32 4 0
-4 -5 38 0
-30 18 -4 0
44 -6 11 0
-50 -13 22 0
6 -28 -14 0
36 14 34 0
16 -27 -25 0
-38 -15 43 0
RESULT seed=4077 sm=1 pm=0 result=1 decisions=41 conflicts=57
RESULT seed=4077 sm=3 pm=0 result=1 decisions=55 conflicts=83
RESULT seed=4077 sm=1 pm=1 result=1 decisions=23 conflicts=27
RESULT seed=4077 sm=3 pm=1 result=1 decisions=29 conflicts=41
INSTANCE seed=4078 n=50 m=220
p cnf 50 220
-27 48 7 0
17 20 30 0
-18 -40 8 0
31 44 -48 0
-9 -23 41 0
-36 -35 3 0
-41 -1 -36 0
16 -37 33 0
36 -23 22 0
4 -19 10 0
15 -7 -47 0
44 31 -23 0
35 19 -49 0
-49 6 -3 0
22 7 -6 0
-17 27 6 0
-46 -19 -11 0
37 -50 27 0
36 25 -41 0
33 -10 12 0
-21 17 -14 0
46 -48 -2 0
27 49 3 0
47 -38 41 0
-5 37 4 0
34 9 22 0
-47 5 -38 0
-15 36 -8 0
41 31 -19 0
-9 -48 -7 0
43 25 4 0
11 -35 -25 0
-21 -46 -1 0
-45 26 37 0
14 39 48 0
39 -2 28 0
-10 -15 -1 0
17 3 -31 0
6 -47 21 0
8 -36 21 0
50 8 14 0
-19 15 35 0
41 14 -31 0
18 -35 -13 0
-20 -49 -8 0
-24 23 -2 0
8 -42 -1 0
-44 25 34 0
-34 37 -27 0
8 -7 -29 0
5 -30 -49 0
48 -12 10 0
-5 2 -30 0
26 -9 -36 0
29 -22 -33 0
-39 40 34 0
-13 36 -37 0
49 -42 -45 0
7 -19 -49 0
-16 3 35 0
44 -35 -26 0
41 -24 11 0
-5 47 30 0
5 12 -4 0
-17 9 19 0
-26 -46 -10 0
49 -16 -29 0
47 -34 -10 0
-44 13 -2 0
-35 -27 -48 0
-6 16 44 0
-8 -34 50 0
22 -47 21 0
1 -7 -21 0
-46 -16 39 0
13 -36 2 0
-44 -21 46 0
29 -44 20 0
-2 49 -39 0
42 -17 -36 0
6 -17 -26 0
-39 14 49 0
36 11 -16 0
42 46 2 0
-48 -10 -42 0
-22 -9 45 0
48 22 49 0
-11 -8 -47 0
33 -4 -30 0
3 -20 -28 0
-4 -46 -13 0
45 -29 39 0
26 -42 21 0
-28 -23 -13 0
-32 -34 -19 0
14 39 21 0
8 36 -1 0
-20 -1 -46 0
-41 39 44 0
46 -37 -24 0
-43 5 39 0
-2 -16 -50 0
1 38 8 0
40 36 -6 0
31 46 -33 0
39 -17 -3 0
50 -38 40 0
-40 -20 -6 0
-14 -28 -20 0
8 38 45 0
-33 -24 -3 0
41 36 40 0
17 16 -27 0
19 12 -47 0
-38 17 -1 0
28 31 11 0
24 14 -50 0
-3 24 43 0
-26 -33 -16 0
-49 36 -39 0
-15 31 -17 0
-47 -2 -32 0
1 -32 24 0
-43 8 -1 0
15 -36 40 0
25 3 43 0
-9 -16 -20 0
24 17 -43 0
44 37 21 0
-43 46 44 0
-2 -32 22 0
-16 -21 -1 0
24 26 20 0
10 36 47 0
-16 26 -36 0
-28 43 -3 0
-9 25 29 0
10 -3 -24 0
31 44 24 0
5 46 -49 0
33 -3 -32 0
16 26 8 0
9 35 16 0
13 -18 42 0
8 -4 10 0
-50 12 -48 0
-37 -34 -9 0
14 35 8 0
-50 1 -49 0
19 -27 47 0
14 34 -46 0
-20 22 50 0
29 -8 -25 0
10 48 -4 0
-24 38 40 0
-37 35 13 0
10 46 -25 0
-50 -4 25 0
-16 -3 44 0
37 12 41 0
-40 -42 39 0
35 -16 4 0
8 21 6 0
5 -46 26 0
19 33 41 0
-20 21 -43 0
17 27 -39 0
-29 14 12 0
31 22 44 0
-38 -26 46 0
19 -32 -30 0
9 42 31 0
9 -46 -14 0
41 28 -43 0
22 15 21 0
23 -33 1 0
20 -3 13 0
8 11 -20 0
12 -40 -2 0
-27 22 2 0
16 1 49 0
-29 -18 7 0
-4 -28 24 0
-27 3 33 0
32 28 14 0
-26 35 13 0
-39 23 -11 0
-45 9 42 0
11 27 5 0
12 -35 -43 0
41 -29 -4 0
28 14 -10 0
-17 -15 -39 0
19 -50 6 0
-3 -49 -31 0
-3 19 -45 0
12 39 -7 0
35 -48 -29 0
6 -35 25 0
-10 -12 19 0
2 -41 28 0
-5 -24 35 0
40 -21 4 0
-41 -5 26 0
-27 17 16 0
7 14 1 0
24 -45 12 0
14 -40 -48 0
-3 30 1 0
-4 -27 8 0
-3 47 -28 0
-50 5 4 0
35 27 19 0
16 5 17 0
-43 -26 -33 0
32 26 1 0
39 34 30 0
-24 37 -43 0
-20 -50 -6 0
-21 44 -12 0
RESULT seed=4078 sm=1 pm=0 result=1 decisions=24 conflicts=34
RESULT seed=4078 sm=3 pm=0 result=1 decisions=23 conflicts=32
RESULT seed=4078 sm=1 pm=1 result=1 decisions=21 conflicts=24
RESULT seed=4078 sm=3 pm=1 result=1 decisions=21 conflicts=24
INSTANCE seed=4079 n=50 m=220
p cnf 50 220
3 -48 -49 0
-28 26 -16 0
-23 -7 47 0
-46 3 -44 0
-27 -23 -4 0
-3 -2 -15 0
42 21 -16 0
28 13 48 0
25 46 -16 0
-16 -7 46 0
-31 -28 -16 0
23 -42 -43 0
-50 18 -11 0
-28 -48 -34 0
-19 44 40 0
1 -14 26 0
10 -12 27 0
35 16 44 0
-33 45 -43 0
-21 8 34 0
-12 22 -30 0
-10 -22 -31 0
-21 35 43 0
34 35 45 0
48 6 38 0
-4 43 47 0
-34 -17 -39 0
-2 -35 -20 0
-15 -39 -18 0
-27 -28 8 0
37 17 -20 0
48 21 -9 0
6 -42 14 0
36 24 9 0
-19 -16 -12 0
-45 -21 8 0
41 -2 20 0
-20 32 -50 0
45 49 -48 0
26 46 -20 0
-13 -7 -39 0
13 -48 -6 0
16 -46 -39 0
-6 31 -28 0
-27 -33 15 0
10 -43 -36 0
-11 8 45 0
46 24 -40 0
-35 1 50 0
39 -40 -36 0
-13 24 11 0
45 -27 50 0
-46 13 21 0
-22 24 -14 0
42 -27 -14 0
-28 16 38 0
-50 -28 37 0
35 26 -38 0
-18 42 -9 0
-1 -15 37 0
20 -29 -17 0
-32 34 7 0
-8 -12 3 0
-31 42 8 0
38 1 44 0
23 -21 -41 0
-27 -39 31 0
35 -22 36 0
-34 35 -44 0
-13 -33 24 0
-27 11 -12 0
50 -37 13 0
-15 -20 26 0
14 2 37 0
-32 29 -22 0
18 1 36 0
-3 -26 8 0
-11 -43 -8 0
10 3 -42 0
-13 10 7 0
-30 13 48 0
30 -35 18 0
45 49 -48 0
28 42 -17 0
29 -35 -24 0
4 11 16 0
48 44 6 0
10 12 -18 0
14 -32 2 0
14 -5 -41 0
-9 35 23 0
50 -30 11 0
27 19 -21 0
-14 -7 -16 0
40 31 11 0
47 -14 -50 0
-45 48 -23 0
17 39 -10 0
49 -12 -36 0
-6 -49 -44 0
-47 -41 34 0
44 17 -4 0
-49 -41 48 0
9 40 13 0
34 35 37 0
32 6 25 0
36 -14 -26 0
17 -39 -12 0
-26 -9 42 0
8 -36 -14 0
11 -44 14 0
-24 1 49 0
-12 -50 -27 0
6 34 -20 0
17 -22 -1 0
9 21 29 0
-42 -25 -1 0
-42 44 26 0
-30 47 35 0
41 17 46 0
-18 30 40 0
-36 -44 38 0
-19 -37 31 0
41 -28 10 0
27 -44 -4 0
24 14 -10 0
4 12 -11 0
45 -48 23 0
16 21 50 0
-44 47 22 0
-48 49 -6 0
8 -3 -20 0
3 42 -39 0
-28 44 -10 0
-4 -33 -34 0
-24 20 -2 0
45 21 -44 0
-26 40 47 0
-13 -34 -39 0
-26 7 28 0
-34 33 41 0
-11 13 43 0
-11 44 -50 0
-14 31 -2 0
-29 -22 -4 0
-17 -27 36 0
-41 12 28 0
49 5 -47 0
-47 41 -46 0
37 -50 10 0
33 -27 -45 0
44 8 5 0
-30 22 -27 0
-35 -37 -46 0
-30 11 26 0
40 31 -43 0
25 12 31 0
-43 4 -26 0
-47 49 -15 0
-13 6 -50 0
-44 -29 14 0
45 -41 39 0
-9 -10 5 0
-18 36 -27 0
-45 -26 13 0
-9 29 46 0
46 5 -41 0
-33 22 24 0
19 -15 10 0
29 31 -22 0
25 40 -6 0
10 17 16 0
10 19 46 0
-44 28 -30 0
2 14 -28 0
-11 24 -37 0
25 -9 -4 0
-4 34 33 0
-30 27 -17 0
33 -36 -18 0
43 9 -2 0
38 14 32 0
-12 -21 44 0
-42 50 -29 0
-2 -5 -33 0
19 -15 -47 0
48 -41 -47 0
-8 -15 44 0
-47 8 16 0
6 -11 -33 0
48 29 -18 0
48 38 9 0
-28 17 27 0
-20 8 -1 0
-31 15 -18 0
18 10 1 0
-21 -27 -14 0
-31 9 30 0
-43 10 -1 0
-35 -27 -29 0
4 -2 -27 0
-8 -50 46 0
-50 14 47 0
-11 -37 -47 0
1 17 -19 0
-41 -50 22 0
-40 39 -32 0
-6 49 -33 0
3 -17 13 0
26 39 44 0
49 -6 -47 0
4 16 49 0
-50 1 43 0
30 -42 -46 0
-5 13 1 0
-6 38 2 0
36 -19 5 0
12 44 17 0
-43 13 34 0
-38 -26 40 0
RESULT seed=4079 sm=1 pm=0 result=0 decisions=117 conflicts=235
RESULT seed=4079 sm=3 pm=0 result=0 decisions=142 conflicts=285
RESULT seed=4079 sm=1 pm=1 result=0 decisions=131 conflicts=263
RESULT seed=4079 sm=3 pm=1 result=0 decisions=172 conflicts=345
