INSTANCE seed=3000 n=50 m=300
p cnf 50 300
30 41 35 0
10 42 27 0
35 19 -30 0
6 1 -24 0
-7 -18 17 0
-24 -50 -18 0
-31 -2 40 0
-2 -22 -25 0
38 4 -2 0
-3 44 31 0
-32 43 9 0
43 -25 -1 0
-38 17 25 0
-45 -10 -30 0
39 17 42 0
-23 40 -3 0
22 30 -40 0
30 -21 -40 0
28 -31 -14 0
14 25 21 0
20 -28 21 0
32 -9 3 0
-12 -5 -9 0
-49 -23 -47 0
-7 -3 -13 0
-24 26 3 0
-49 42 48 0
-21 30 28 0
45 12 8 0
-10 44 21 0
-4 33 -42 0
-15 18 27 0
-9 27 33 0
-12 -40 31 0
8 50 49 0
-16 -22 -40 0
-2 -3 -5 0
6 43 41 0
-26 5 -18 0
-46 -18 30 0
17 27 -36 0
-13 8 -11 0
-43 -30 45 0
21 20 29 0
-46 -35 -47 0
-31 37 22 0
-18 -45 22 0
-46 9 47 0
-45 -47 -15 0
11 37 34 0
8 -27 5 0
-36 -26 -11 0
8 -10 -5 0
-37 -15 34 0
36 27 -24 0
14 -37 32 0
28 -38 -26 0
-3 12 40 0
11 -8 15 0
-11 2 -32 0
-24 -17 -29 0
-5 -28 -26 0
-37 -40 -48 0
13 1 -43 0
-32 -28 -50 0
44 -20 -30 0
-20 -40 -27 0
-2 -21 -16 0
47 18 -25 0
-28 19 -42 0
19 -6 23 0
-43 -27 -28 0
-33 -21 9 0
9 -48 12 0
17 -13 36 0
-6 30 -31 0
-49 -35 -47 0
29 -6 -30 0
9 13 46 0
48 -38 -14 0
-47 12 -33 0
45 -20 -29 0
-6 18 13 0
20 14 -40 0
-38 -19 -28 0
19 -21 46 0
-10 46 13 0
-40 -11 41 0
24 -21 43 0
19 28 -12 0
10 27 -30 0
36 19 44 0
-6 -25 -48 0
-6 16 8 0
45 -48 25 0
-5 -34 10 0
-2 -50 18 0
-50 -44 -28 0
-15 32 -11 0
-11 -12 -28 0
10 -31 25 0
2 22 39 0
22 -31 20 0
40 47 -15 0
45 -15 22 0
-41 13 8 0
-11 22 -1 0
31 -16 22 0
-29 1 -42 0
46 -38 -21 0
-8 -40 14 0
10 -6 -4 0
31 -48 29 0
35 46 3 0
45 40 23 0
-50 -36 41 0
-49 23 -32 0
-27 36 22 0
-44 6 -27 0
48 -37 40 0
39 -48 44 0
31 -4 42 0
30 1 -47 0
-48 42 10 0
-18 -50 15 0
-24 10 15 0
6 -24 -19 0
41 33 8 0
-10 16 6 0
-39 -9 -2 0
-48 32 6 0
32 14 44 0
36 -32 48 0
46 22 -3 0
-42 -49 -40 0
34 -31 16 0
-47 20 38 0
-25 43 -12 0
6 20 -26 0
21 -30 4 0
47 -11 -31 0
37 -3 -34 0
-19 15 -26 0
-13 10 -47 0
-16 -19 24 0
32 18 33 0
37 -18 40 0
-15 23 18 0
21 6 -38 0
-6 -33 31 0
50 19 36 0
-38 14 43 0
-24 -41 -37 0
-4 -11 -46 0
-40 36 -15 0
-28 -9 -13 0
-34 50 4 0
46 42 12 0
-39 -29 19 0
-32 -8 5 0
18 7 9 0
-20 -1 40 0
43 -12 13 0
10 -19 26 0
11 -9 23 0
-18 -23 -46 0
11 -10 22 0
20 -11 -27 0
19 -10 -8 0
46 -21 -36 0
35 -15 18 0
-36 -39 17 0
40 33 -41 0
24 48 -47 0
6 -44 -25 0
-24 36 -41 0
22 -49 -16 0
34 25 45 0
25 -15 -16 0
-15 -2 11 0
29 -27 44 0
-41 -3 -46 0
5 -23 20 0
-4 -35 -12 0
-47 -17 16 0
-43 15 -1 0
38 -13 -45 0
-20 21 -7 0
14 37 -32 0
18 21 -7 0
43 12 -39 0
10 -33 42 0
-29 -47 19 0
-20 -3 -17 0
-4 17 35 0
-1 -12 -11 0
-21 26 -1 0
-4 -38 -15 0
-39 -41 18 0
-40 33 -9 0
35 4 -31 0
42 19 -38 0
-43 -9 34 0
-9 -26 4 0
23 12 43 0
22 -27 14 0
-37 -38 -19 0
31 26 -21 0
7 14 17 0
49 7 11 0
-37 9 35 0
-40 35 3 0
17 -36 46 0
-33 14 18 0
38 -45 -26 0
-22 -10 3 0
-2 -48 24 0
-20 -28 39 0
45 15 32 0
-15 8 -40 0
-3 -31 47 0
-16 35 -10 0
-45 -2 -35 0
31 -6 22 0
-3 -1 -41 0
-11 -29 -32 0
-27 -39 11 0
49 30 43 0
35 -6 2 0
-33 35 -29 0
39 -17 -12 0
22 -21 44 0
23 -47 6 0
14 46 -15 0
-50 -10 -7 0
7 -49 -45 0
-25 4 42 0
-32 31 -37 0
-38 -19 1 0
11 10 44 0
-12 47 9 0
-12 -14 -7 0
-24 38 30 0
-34 -43 22 0
37 -5 8 0
24 1 -20 0
6 -8 23 0
-16 32 13 0
4 5 -28 0
29 9 46 0
-8 -30 -17 0
-18 -44 36 0
-22 -40 -31 0
-29 -26 -23 0
-50 7 -21 0
-31 -29 35 0
23 19 42 0
-36 -43 -29 0
4 -35 1 0
26 13 -30 0
-43 19 28 0
-26 40 -38 0
49 -50 -41 0
49 -35 -10 0
11 10 -18 0
7 -16 29 0
-13 31 10 0
5 17 -20 0
14 19 5 0
3 -40 7 0
-13 40 -21 0
-34 36 -14 0
29 -33 40 0
42 -36 -33 0
-49 21 37 0
-13 -7 32 0
-49 21 11 0
-25 -24 10 0
-5 13 -34 0
46 3 37 0
-21 34 -22 0
-4 -19 11 0
39 40 -45 0
13 -15 11 0
-4 50 36 0
-16 -19 14 0
27 44 -28 0
-42 -30 -8 0
-44 -9 -5 0
35 -43 31 0
-46 -41 -13 0
-44 20 8 0
-26 -45 -20 0
-43 -31 9 0
-37 48 5 0
-16 11 -26 0
18 -23 31 0
14 -37 -45 0
-41 16 35 0
46 -32 -5 0
RESULT seed=3000 beta=0 result=0 decisions=86 conflicts=173
RESULT seed=3000 beta=25 result=0 decisions=176 conflicts=353
RESULT seed=3000 beta=5 result=0 decisions=186 conflicts=373
RESULT seed=3000 beta=10 result=0 decisions=186 conflicts=373
INSTANCE seed=3001 n=50 m=300
p cnf 50 300
-6 42 -27 0
20 48 -12 0
40 -36 19 0
21 -10 -20 0
25 -22 -10 0
-20 -42 -44 0
-24 -3 25 0
-2 -43 29 0
-45 -27 29 0
39 31 -9 0
49 -7 -42 0
-19 28 23 0
50 40 18 0
30 -1 -21 0
39 43 33 0
3 -37 -27 0
21 -4 11 0
-50 40 -35 0
9 49 -43 0
-26 43 23 0
13 -22 21 0
36 25 3 0
-3 44 40 0
15 -45 32 0
-38 -2 28 0
-46 39 42 0
-17 -14 -42 0
-24 2 -42 0
36 -47 -35 0
29 -11 50 0
-22 -18 -4 0
-45 16 -44 0
-34 -28 -3 0
21 36 -41 0
-25 -22 33 0
-26 -6 12 0
7 -25 -16 0
-11 -8 -21 0
30 13 -14 0
23 -31 41 0
28 45 6 0
49 23 -33 0
38 18 28 0
-29 -39 41 0
-11 29 -30 0
-13 2 44 0
7 -1 12 0
44 -14 15 0
45 -50 47 0
-24 -6 22 0
-9 13 49 0
35 -6 5 0
25 -46 43 0
-12 35 -42 0
-4 30 -15 0
35 24 -43 0
13 43 2 0
-44 -36 28 0
-4 36 41 0
-24 20 -37 0
-44 33 -28 0
13 47 -39 0
33 29 -40 0
41 -27 12 0
-13 -9 11 0
40 -44 49 0
43 1 49 0
47 8 -10 0
-24 -46 1 0
-10 18 -17 0
-5 47 24 0
-2 7 12 0
-15 5 -9 0
36 -18 -42 0
-47 -7 -24 0
-20 23 -2 0
-3 30 -13 0
-45 46 -12 0
-41 27 -22 0
34 20 47 0
-10 45 17 0
-25 36 -43 0
31 -24 -47 0
-14 39 6 0
38 36 -21 0
-42 7 11 0
40 -50 -26 0
1 -7 -46 0
-10 41 30 0
2 46 -35 0
26 11 49 0
41 -32 -7 0
28 -16 -17 0
-10 -46 -37 0
18 35 -31 0
-11 23 3 0
-40 29 24 0
-23 46 -11 0
20 11 -30 0
-9 -36 44 0
11 1 -14 0
42 50 48 0
26 -11 -13 0
-31 49 6 0
-15 46 -14 0
-20 25 29 0
-47 -48 38 0
-8 35 -28 0
40 46 -42 0
7 -37 23 0
-43 -4 16 0
-2 31 -30 0
-38 35 -3 0
45 46 17 0
37 3 -13 0
23 -19 -41 0
44 -2 -7 0
16 -6 2 0
-41 -28 18 0
50 -3 49 0
-25 17 -8 0
33 -16 -8 0
32 -36 -25 0
-38 42 13 0
-37 -36 -27 0
38 45 -3 0
22 19 -29 0
23 -36 -1 0
21 43 19 0
-13 -14 29 0
2 -28 33 0
-38 8 50 0
-33 9 -25 0
-10 -1 -23 0
-5 36 47 0
-32 -28 -44 0
-47 -6 -34 0
40 -9 49 0
29 -1 -16 0
-35 -1 -15 0
-26 11 -43 0
-41 15 14 0
23 -27 -5 0
-29 16 -24 0
34 47 40 0
10 -47 30 0
-4 -3 42 0
-29 -45 5 0
8 -48 -16 0
-45 6 12 0
8 6 -46 0
14 28 8 0
-50 16 -13 0
-21 20 43 0
-34 35 44 0
-17 6 12 0
39 34 31 0
45 -3 -43 0
37 -43 -48 0
-6 -18 -30 0
30 -17 3 0
-20 26 46 0
-38 48 4 0
50 -42 -38 0
-31 2 23 0
16 33 38 0
27 -22 41 0
-27 37 4 0
-39 1 -10 0
21 -48 -20 0
-18 27 -8 0
31 -17 -6 0
-4 25 -11 0
-45 -33 -40 0
10 30 42 0
-18 -36 -39 0
1 50 7 0
45 35 38 0
-47 -2 7 0
-13 39 24 0
-33 40 -6 0
-10 17 37 0
50 -6 45 0
21 -2 9 0
-9 -50 30 0
-12 38 32 0
-22 -10 3 0
39 -27 23 0
-34 29 28 0
20 -44 31 0
-38 5 -46 0
32 -37 -45 0
11 -4 -6 0
50 27 -29 0
-4 -41 45 0
7 37 43 0
28 46 9 0
-8 -41 -20 0
37 -38 49 0
18 38 44 0
-3 -40 47 0
-47 -24 -30 0
-24 -16 17 0
23 11 22 0
-16 9 1 0
-9 40 -12 0
-36 37 -20 0
-44 -14 -39 0
-47 22 -23 0
3 32 -7 0
37 17 45 0
-10 -37 44 0
43 -28 39 0
-45 -32 -39 0
-34 39 26 0
45 2 -37 0
-1 42 37 0
-7 22 -25 0
-37 -36 4 0
-45 -9 23 0
-23 41 39 0
46 24 44 0
5 -22 29 0
-39 50 -20 0
-20 -21 -34 0
19 22 -32 0
-47 -37 33 0
19 -24 -12 0
-1 -11 -38 0
-16 23 -32 0
29 -39 9 0
-48 -47 12 0
-45 -15 26 0
41 -29 7 0
-32 14 -26 0
47 24 -40 0
25 -31 8 0
-4 3 42 0
-43 47 -35 0
-8 31 41 0
-4 28 43 0
-24 32 -15 0
-10 -34 -46 0
-31 10 -44 0
36 19 1 0
34 13 17 0
-48 11 -5 0
31 -43 -20 0
50 -39 -19 0
2 -32 -46 0
-9 -42 -7 0
-32 42 13 0
33 39 46 0
14 31 -8 0
30 -1 48 0
-5 20 -10 0
11 46 -36 0
28 16 42 0
37 13 -8 0
-37 22 -25 0
41 -40 46 0
30 -11 -42 0
-27 -26 33 0
31 29 -1 0
41 -20 42 0
20 -10 43 0
-37 28 44 0
-13 44 -20 0
37 9 42 0
35 47 -24 0
-22 -15 -45 0
-34 16 -41 0
-31 -13 -23 0
-42 47 -20 0
-28 -5 -34 0
-1 16 2 0
-24 -31 1 0
-8 44 48 0
41 -48 28 0
-28 6 -39 0
-34 -42 -29 0
26 -37 20 0
-8 14 35 0
-48 -1 35 0
34 -15 -11 0
23 -31 -3 0
18 17 47 0
-16 3 23 0
45 -11 -18 0
6 -48 -12 0
47 -34 -44 0
-33 -14 -15 0
44 24 31 0
-26 -24 -34 0
40 36 -19 0
-47 4 23 0
-5 26 36 0
-32 30 -45 0
-25 36 31 0
12 -3 -27 0
RESULT seed=3001 beta=0 result=0 decisions=104 conflicts=209
RESULT seed=3001 beta=25 result=0 decisions=165 conflicts=331
RESULT seed=3001 beta=5 result=0 decisions=165 conflicts=331
RESULT seed=3001 beta=10 result=0 decisions=165 conflicts=331
INSTANCE seed=3002 n=50 m=300
p cnf 50 300
32 42 19 0
-31 4 48 0
45 -3 8 0
-36 -20 16 0
44 26 4 0
-15 33 -19 0
-18 -4 10 0
2 -34 10 0
-7 29 3 0
50 -28 6 0
31 -32 -25 0
-19 47 1 0
-12 -2 -16 0
37 23 2 0
-45 35 14 0
-37 -32 34 0
-21 11 40 0
37 -29 -24 0
-25 -24 46 0
19 -48 21 0
25 -45 46 0
24 -35 29 0
13 -14 35 0
-11 42 26 0
-29 -13 31 0
-49 -34 -13 0
16 43 -20 0
-48 -18 25 0
-4 12 -27 0
-46 -19 -45 0
-5 22 -1 0
-3 -47 40 0
30 -14 -44 0
-47 -9 -38 0
-41 8 -22 0
22 -21 -7 0
47 2 -34 0
47 -8 48 0
-25 37 -13 0
47 46 -28 0
1 -36 19 0
-44 19 30 0
-40 -45 3 0
35 28 -2 0
43 14 -15 0
50 1 -42 0
-36 -45 17 0
-6 1 32 0
-34 -12 20 0
25 42 -7 0
1 42 -25 0
-37 -43 -5 0
-17 -20 23 0
37 -31 45 0
-25 -43 46 0
12 17 -13 0
21 -43 -49 0
-36 28 -12 0
14 -45 38 0
-36 -18 29 0
6 -16 9 0
-50 1 10 0
-36 -47 -8 0
-12 50 -1 0
-40 -17 -11 0
-30 24 46 0
47 49 -16 0
-43 13 50 0
-26 -39 -38 0
-1 15 -35 0
-26 15 -16 0
-5 34 -36 0
14 -17 -3 0
-23 39 -31 0
-46 -7 16 0
8 -42 29 0
-28 32 2 0
-19 34 -42 0
29 -42 -4 0
38 -7 -35 0
-43 -22 7 0
49 -9 -32 0
-20 -31 -26 0
17 -40 -46 0
-33 16 -42 0
-44 34 13 0
-2 28 -45 0
5 10 -6 0
24 3 -25 0
41 50 -23 0
-34 44 -2 0
-36 40 -16 0
22 43 2 0
21 -24 9 0
20 2 -37 0
27 -50 -47 0
31 -47 -15 0
-29 -32 36 0
-50 -23 43 0
24 39 27 0
30 3 -43 0
-4 6 -27 0
-19 50 36 0
46 5 -30 0
-50 -42 -30 0
28 -43 -1 0
32 24 25 0
35 4 -34 0
-1 41 5 0
17 -21 16 0
40 -8 36 0
-45 -10 11 0
-40 -11 -27 0
19 17 2 0
-28 26 -45 0
23 -22 36 0
50 -23 -37 0
5 -4 22 0
11 41 40 0
-10 5 -24 0
4 9 10 0
-45 -44 -23 0
-33 21 -3 0
-29 -42 16 0
5 -21 38 0
3 -30 41 0
-38 15 33 0
-17 -7 -45 0
45 -2 -24 0
8 16 6 0
23 7 -38 0
39 26 -32 0
-50 44 33 0
-48 -50 8 0
43 42 -12 0
5 36 -50 0
-38 -46 30 0
45 -18 6 0
-47 44 -12 0
17 -12 34 0
49 -26 8 0
-23 50 -30 0
4 -49 14 0
23 7 17 0
-24 11 25 0
50 24 -3 0
3 10 13 0
-15 -24 36 0
7 -42 -36 0
6 -24 3 0
40 -11 29 0
50 -3 2 0
10 -2 -31 0
-5 -10 42 0
-23 -3 39 0
34 -33 -41 0
-46 -9 7 0
44 15 -23 0
-36 -7 26 0
-31 27 -5 0
-41 -26 48 0
-20 -1 3 0
-33 -35 -45 0
-40 15 50 0
-2 -46 22 0
15 43 29 0
43 -34 -10 0
33 -12 -31 0
10 42 -12 0
46 -25 4 0
1 40 -49 0
26 -48 -20 0
-33 -36 -30 0
15 17 -34 0
14 -16 10 0
13 -36 38 0
-30 2 49 0
5 45 30 0
-19 -39 49 0
11 26 -37 0
37 3 -17 0
28 32 -31 0
-42 -20 17 0
16 -7 31 0
-20 11 40 0
47 -3 -16 0
37 -28 -25 0
-1 29 13 0
-12 39 -8 0
-17 20 -15 0
-10 38 49 0
43 -30 -47 0
-44 -12 -43 0
-30 2 41 0
5 14 -6 0
14 12 -2 0
18 -21 -42 0
-29 4 -27 0
-47 -41 -16 0
9 31 -36 0
-47 7 -37 0
-29 -7 45 0
7 -32 16 0
29 -7 -8 0
14 47 -23 0
-36 42 7 0
29 -3 -40 0
-29 -15 -7 0
17 -13 -45 0
-36 12 40 0
48 9 -30 0
-22 -11 19 0
14 49 -15 0
-3 -32 -26 0
39 34 -40 0
-36 6 -39 0
29 17 -38 0
37 -8 42 0
-34 41 -10 0
-20 -6 -11 0
20 -41 -35 0
34 1 23 0
28 -50 -14 0
14 48 40 0
-4 -24 18 0
41 -16 15 0
-37 -27 -17 0
-23 -21 3 0
50 34 7 0
29 -45 -41 0
32 2 -7 0
-12 22 -13 0
-20 34 -12 0
-21 15 6 0
-29 28 49 0
39 -21 11 0
-28 -27 25 0
-30 -29 -39 0
6 23 -25 0
-49 8 -20 0
2 -20 -45 0
23 -42 -13 0
-1 -21 34 0
29 -41 8 0
-37 -31 -10 0
23 2 -28 0
24 40 42 0
-38 18 -35 0
37 -9 41 0
-4 8 -46 0
48 31 36 0
4 -17 37 0
40 13 17 0
35 -50 -10 0
31 27 6 0
23 38 -35 0
3 32 -46 0
-44 31 -18 0
42 11 -5 0
19 6 24 0
1 -24 -22 0
-2 34 -15 0
-9 15 -48 0
17 32 -29 0
-34 26 18 0
9 7 49 0
-50 49 12 0
-19 27 -15 0
36 20 -41 0
16 -4 -41 0
27 28 31 0
-42 27 -4 0
48 -40 -27 0
43 48 13 0
7 -26 -48 0
-27 19 30 0
21 -29 -24 0
1 -46 4 0
3 -50 29 0
-9 35 22 0
-40 24 48 0
-23 18 12 0
-30 27 -1 0
-16 -17 45 0
16 -4 -48 0
-17 46 1 0
33 -14 -6 0
27 50 -24 0
-50 -11 48 0
40 39 -20 0
-34 -31 -24 0
-9 12 20 0
9 -37 -7 0
-39 24 5 0
-42 -2 19 0
12 50 39 0
-26 27 -40 0
8 -46 34 0
-41 25 -44 0
-41 12 -2 0
RESULT seed=3002 beta=0 result=0 decisions=67 conflicts=135
RESULT seed=3002 beta=25 result=0 decisions=133 conflicts=267
RESULT seed=3002 beta=5 result=0 decisions=120 conflicts=241
RESULT seed=3002 beta=10 result=0 decisions=120 conflicts=241
INSTANCE seed=3003 n=50 m=300
p cnf 50 300
-7 -42 -11 0
42 11 -33 0
1 20 47 0
-1 -30 -12 0
-12 29 -47 0
11 24 -45 0
-12 5 -45 0
3 25 -41 0
-18 -32 27 0
-12 24 4 0
13 -6 9 0
20 16 29 0
24 -15 -14 0
-44 -35 40 0
-30 -24 27 0
-31 -39 24 0
-21 27 15 0
-40 -33 17 0
-49 -46 -11 0
-46 34 20 0
-28 4 34 0
33 -18 1 0
42 24 -14 0
-49 38 19 0
19 -24 33 0
-3 29 -34 0
-16 -23 49 0
21 34 44 0
-44 -13 26 0
-46 47 -17 0
-47 13 2 0
5 -28 -16 0
1 -48 -45 0
-47 -18 -37 0
-20 -31 -36 0
-5 -18 -50 0
17 -37 39 0
49 -14 28 0
-9 37 -31 0
31 50 -38 0
-23 -2 14 0
27 42 34 0
42 16 -25 0
-45 26 -34 0
26 45 -19 0
45 37 -13 0
20 -47 -33 0
-50 -3 5 0
16 -49 41 0
-33 5 35 0
-6 -33 10 0
41 29 -13 0
-4 22 -10 0
-14 6 44 0
33 3 41 0
33 8 38 0
-10 -50 -27 0
-47 33 -12 0
-1 36 39 0
49 -48 2 0
28 -48 -41 0
49 48 -12 0
2 11 50 0
-13 -36 24 0
5 44 -11 0
-17 -23 26 0
29 36 17 0
-40 1 35 0
15 -33 43 0
46 9 -19 0
48 38 34 0
28 49 38 0
-44 42 46 0
-37 -1 2 0
-50 -11 3 0
-41 -46 31 0
-2 31 7 0
-25 48 -22 0
-29 17 25 0
18 43 34 0
-31 -34 -25 0
7 -9 -41 0
44 9 -22 0
-7 13 1 0
-17 29 -21 0
-4 37 -16 0
19 -33 -27 0
5 48 -7 0
-30 -31 -4 0
16 -30 31 0
-8 -27 -38 0
-3 9 -32 0
-20 -48 -39 0
-44 23 -15 0
3 29 40 0
27 24 46 0
20 37 35 0
20 49 -28 0
-30 -18 -17 0
5 -34 -26 0
-14 -41 -43 0
-23 5 -16 0
35 21 47 0
14 16 -11 0
17 -18 -42 0
33 -20 47 0
49 -8 7 0
41 16 -42 0
17 -32 34 0
-1 31 20 0
-48 49 4 0
-25 -23 -8 0
-9 -10 21 0
-41 -48 12 0
1 -44 11 0
-40 5 -38 0
-6 -4 -32 0
-3 21 27 0
-49 -44 30 0
23 28 -3 0
48 21 -33 0
-43 -41 -31 0
-24 37 -29 0
50 -5 48 0
29 15 -24 0
49 2 -45 0
2 43 -33 0
-32 -21 -26 0
-7 -26 -44 0
33 37 -6 0
37 46 -22 0
-3 -28 29 0
13 17 -18 0
-19 11 14 0
30 12 13 0
-28 -20 50 0
-45 28 27 0
20 -41 -23 0
-26 14 -45 0
-13 -42 -37 0
34 -13 21 0
14 -38 -44 0
-25 20 3 0
48 -36 24 0
49 14 40 0
-2 16 -33 0
23 25 -16 0
8 34 17 0
-7 -36 -6 0
17 41 43 0
-23 -15 13 0
36 -27 45 0
20 39 -49 0
38 50 -41 0
12 -21 35 0
-50 -11 -20 0
3 -33 34 0
-43 26 4 0
-35 -20 5 0
6 37 31 0
-3 -35 42 0
20 25 -9 0
27 22 -36 0
-29 38 -12 0
22 40 43 0
46 40 31 0
-3 -42 -41 0
-19 23 -47 0
-49 36 22 0
49 -32 -48 0
21 -36 50 0
-34 -28 13 0
-28 13 -50 0
-35 2 -27 0
18 -2 -27 0
8 -36 37 0
-9 -3 -41 0
15 6 -23 0
41 -26 -40 0
9 -13 -50 0
-41 16 29 0
-46 32 -6 0
11 -5 -38 0
-10 13 -4 0
-31 -22 -1 0
-32 18 -1 0
2 46 29 0
-31 4 -27 0
-29 -44 36 0
-23 -25 -12 0
6 35 47 0
43 -34 -15 0
50 -21 19 0
-19 36 9 0
-15 44 40 0
-33 -35 43 0
47 21 -18 0
3 16 -23 0
21 -48 -30 0
43 -23 -1 0
-10 -37 -49 0
-26 -1 42 0
18 -29 -27 0
-7 4 36 0
11 -8 20 0
-31 18 21 0
13 -23 -15 0
-21 41 -48 0
-38 34 -30 0
-1 31 17 0
13 37 -23 0
-38 24 50 0
-8 -43 -3 0
8 10 40 0
-11 16 35 0
-14 50 31 0
-8 36 23 0
-17 41 -48 0
-6 -34 45 0
-18 -37 -10 0
44 -43 27 0
-20 -24 -47 0
-23 48 -36 0
-7 -2 18 0
28 -14 -41 0
-12 9 4 0
-14 1 19 0
10 37 -47 0
-25 20 26 0
3 -42 14 0
-47 -25 -8 0
11 8 -6 0
-23 -11 -8 0
39 23 -30 0
-15 21 1 0
22 33 -1 0
-26 6 -12 0
-21 -49 24 0
8 -4 3 0
-39 -21 16 0
-6 -19 4 0
-27 13 39 0
-4 32 48 0
-29 -48 45 0
42 -35 -7 0
12 4 38 0
24 -27 47 0
-50 -33 -22 0
38 26 50 0
-35 -11 29 0
26 -40 11 0
-1 -24 23 0
38 7 15 0
26 41 50 0
-40 25 11 0
48 -20 49 0
47 3 46 0
1 -35 -9 0
26 -13 -5 0
-14 21 50 0
46 -15 -22 0
-6 -48 -5 0
-24 46 5 0
-8 44 39 0
-2 -10 31 0
-37 -43 36 0
20 -46 35 0
-18 -33 39 0
2 -4 16 0
-20 -50 17 0
-30 -24 -29 0
-7 -26 15 0
27 39 -22 0
23 -34 -17 0
-33 -19 50 0
4 -10 26 0
6 -24 -21 0
42 -49 -12 0
-3 -17 21 0
-42 -16 24 0
-8 12 -3 0
-7 48 -22 0
34 -44 -18 0
-49 43 32 0
23 -12 18 0
-30 29 -36 0
25 44 -37 0
3 -31 -48 0
-49 -1 20 0
10 35 20 0
-49 -1 34 0
30 -7 -4 0
-8 -20 -5 0
-17 -33 -11 0
-20 -47 -38 0
-31 -30 -49 0
32 -24 -41 0
6 -36 2 0
-5 -12 46 0
-43 -41 35 0
RESULT seed=3003 beta=0 result=0 decisions=56 conflicts=113
RESULT seed=3003 beta=25 result=0 decisions=93 conflicts=187
RESULT seed=3003 beta=5 result=0 decisions=93 conflicts=187
RESULT seed=3003 beta=10 result=0 decisions=93 conflicts=187
INSTANCE seed=3004 n=50 m=300
p cnf 50 300
33 -42 -3 0
-2 -17 19 0
6 37 -36 0
17 -40 8 0
30 -33 40 0
7 15 -21 0
-5 -14 34 0
36 23 -35 0
-49 30 29 0
46 24 -13 0
-1 -28 49 0
-15 16 -11 0
-25 12 10 0
44 10 6 0
-18 -26 -5 0
-22 7 2 0
-26 -11 -19 0
-9 23 43 0
26 -42 23 0
24 23 -7 0
32 48 -31 0
4 34 2 0
-37 -47 -34 0
-11 34 32 0
-37 -23 2 0
49 30 47 0
32 -35 -4 0
-28 43 23 0
-14 -12 47 0
33 44 19 0
-6 11 10 0
41 25 -2 0
-2 42 -9 0
-9 -34 43 0
35 -13 -19 0
24 19 -47 0
18 26 37 0
9 -39 29 0
-41 -1 -3 0
10 20 -47 0
-12 -16 44 0
7 46 -31 0
45 -16 -1 0
4 44 -21 0
30 34 15 0
23 33 -4 0
49 48 44 0
-5 3 22 0
-50 6 5 0
-36 18 -13 0
-41 4 -3 0
27 42 -18 0
-11 43 15 0
42 46 48 0
15 5 -7 0
49 -11 33 0
29 15 -49 0
31 11 -41 0
-5 -47 45 0
27 -34 -46 0
-37 32 -11 0
-14 19 -34 0
-18 12 7 0
30 -22 23 0
-4 28 50 0
42 -43 34 0
3 11 27 0
-36 23 -48 0
11 27 38 0
14 29 -20 0
-20 33 13 0
16 -21 -1 0
-9 10 -8 0
-35 33 -34 0
49 -26 22 0
9 -29 -22 0
30 25 -20 0
-18 17 -28 0
44 32 31 0
-42 24 26 0
35 -37 31 0
22 26 -42 0
-34 11 1 0
1 24 8 0
-11 25 -5 0
43 -18 32 0
8 -29 -49 0
27 -43 13 0
16 50 -41 0
-49 -47 3 0
24 11 7 0
8 23 -45 0
41 -39 19 0
-23 -42 33 0
39 -6 -28 0
18 -21 -41 0
43 10 -45 0
-9 21 30 0
-40 -7 -29 0
39 50 -40 0
15 42 -26 0
33 -38 -8 0
-34 13 -7 0
14 33 -13 0
43 4 -6 0
39 18 -10 0
12 -46 -41 0
-11 -32 -27 0
35 -16 -42 0
-37 -43 14 0
-40 29 -9 0
-29 11 26 0
-44 19 46 0
45 36 17 0
-50 -11 10 0
-48 -9 -31 0
2 23 43 0
-34 21 -22 0
-27 -25 -3 0
22 5 9 0
23 46 9 0
-34 4 -37 0
-41 10 -13 0
13 -38 -27 0
22 -26 44 0
40 36 3 0
45 31 -25 0
-44 19 7 0
35 -41 -16 0
45 17 18 0
38 19 -17 0
33 44 -34 0
42 6 -25 0
-38 -39 -9 0
40 -45 2 0
-29 -33 36 0
32 -48 4 0
23 -32 -40 0
-14 -26 13 0
-42 44 34 0
17 38 -36 0
-20 13 15 0
43 -33 10 0
-40 -3 -5 0
-37 -46 30 0
-29 49 -50 0
24 5 -38 0
-30 48 -6 0
30 26 28 0
-9 34 -6 0
20 46 -23 0
2 39 30 0
-25 18 21 0
-39 40 1 0
40 -30 17 0
-38 48 -10 0
8 11 -42 0
-38 35 33 0
34 -33 31 0
46 6 15 0
-44 36 20 0
-50 -15 22 0
-9 27 -19 0
11 24 -43 0
-33 -21 13 0
13 -43 46 0
-40 -34 38 0
-2 19 32 0
20 -15 -43 0
33 30 41 0
-21 12 50 0
-24 -45 -25 0
-39 -20 5 0
-37 -20 22 0
39 44 3 0
-36 -25 35 0
-24 48 23 0
11 29 27 0
-35 7 -1 0
-12 45 -29 0
-41 14 -11 0
-9 -36 -6 0
13 38 24 0
-33 -42 -8 0
7 3 -20 0
-31 18 14 0
18 -24 -34 0
-43 -19 -9 0
17 9 -20 0
-33 5 6 0
-4 16 35 0
31 -22 15 0
-40 48 49 0
50 25 -26 0
28 -13 -42 0
-15 16 -32 0
-4 -20 -40 0
4 41 14 0
-29 -28 13 0
-8 9 -43 0
15 45 3 0
21 5 -48 0
-48 -37 -12 0
5 32 3 0
1 -7 -50 0
21 17 -12 0
27 5 43 0
28 12 24 0
-23 16 38 0
10 -14 4 0
-1 39 -47 0
28 16 25 0
9 39 24 0
41 -50 -29 0
-39 49 27 0
-13 48 3 0
-20 -5 -1 0
43 20 6 0
-50 49 33 0
36 -29 2 0
-20 -35 38 0
34 38 -20 0
42 47 -33 0
27 7 36 0
26 -1 29 0
-46 -37 -30 0
12 -26 9 0
-16 34 -32 0
25 3 -9 0
-12 -14 -33 0
48 50 2 0
42 -13 11 0
45 14 -30 0
-36 35 -26 0
-35 31 -36 0
-50 -4 13 0
-6 16 19 0
8 -10 -34 0
41 -3 -17 0
-33 -50 -44 0
17 -34 -43 0
-39 -28 -32 0
32 -48 1 0
-24 3 38 0
-26 10 -3 0
48 25 14 0
2 -13 32 0
14 46 38 0
-22 -13 8 0
-13 -30 45 0
28 -22 12 0
-34 -50 -47 0
-9 -47 49 0
13 41 31 0
7 29 9 0
6 -30 23 0
-28 43 -5 0
-20 13 40 0
9 11 -6 0
-41 -5 22 0
43 46 35 0
-21 -19 -20 0
5 -23 49 0
-41 14 -32 0
-14 43 -28 0
39 -10 -6 0
46 47 -34 0
34 15 -8 0
-19 32 -27 0
-38 -11 23 0
-24 35 36 0
-11 37 -41 0
15 38 -20 0
37 -23 -32 0
-35 49 -41 0
-2 -19 -31 0
46 -24 -5 0
-5 6 22 0
31 -34 -10 0
47 -7 -43 0
-27 34 47 0
35 -15 41 0
37 -20 31 0
-41 -47 -42 0
27 -19 -14 0
8 39 36 0
-32 47 -5 0
-39 46 -37 0
4 -49 -32 0
50 5 -18 0
-28 -10 -48 0
44 49 30 0
32 20 11 0
-12 -29 38 0
-26 -13 7 0
5 -14 -9 0
23 -16 39 0
-13 -35 -30 0
-2 -24 31 0
50 31 -5 0
RESULT seed=3004 beta=0 result=0 decisions=63 conflicts=127
RESULT seed=3004 beta=25 result=0 decisions=50 conflicts=101
RESULT seed=3004 beta=5 result=0 decisions=49 conflicts=99
RESULT seed=3004 beta=10 result=0 decisions=50 conflicts=101
INSTANCE seed=3005 n=50 m=300
p cnf 50 300
9 -42 45 0
-13 -23 -4 0
11 -4 -25 0
32 -50 -4 0
-49 37 34 0
3 7 -46 0
-49 6 -15 0
4 -7 2 0
41 37 -26 0
34 -18 49 0
-26 5 34 0
8 -14 -48 0
-40 -9 8 0
-36 -46 -12 0
-10 7 -39 0
-17 -5 20 0
8 -15 -47 0
41 1 47 0
-39 43 1 0
-7 19 -34 0
21 -11 -1 0
-35 46 1 0
-43 -22 -24 0
-31 -6 49 0
46 -38 10 0
20 -26 14 0
32 -5 -18 0
15 46 -2 0
-30 -18 -14 0
-34 6 31 0
5 15 -10 0
-14 8 38 0
-20 11 -24 0
-11 48 -16 0
-44 -6 -5 0
-44 -7 -15 0
26 -2 7 0
-35 -9 31 0
-18 -20 31 0
-17 41 45 0
24 15 19 0
-1 -29 2 0
20 47 9 0
-42 -40 35 0
37 -18 -23 0
9 -4 -38 0
-1 -14 -38 0
-7 -2 -28 0
2 21 -28 0
17 -50 20 0
49 -48 -15 0
24 21 32 0
49 -27 16 0
-27 -47 13 0
-26 18 -31 0
41 34 -7 0
-8 -2 1 0
-29 38 37 0
28 -32 35 0
29 33 -31 0
-21 -16 -44 0
-20 -12 -18 0
15 19 12 0
-31 9 26 0
36 -50 -3 0
41 -42 -48 0
4 -16 -38 0
-33 44 -11 0
-7 20 -34 0
-32 49 20 0
42 -28 43 0
5 42 13 0
24 28 25 0
2 38 32 0
33 -15 4 0
-5 14 -12 0
5 -23 -40 0
26 -40 -1 0
46 34 50 0
12 -42 36 0
10 -34 -36 0
5 39 -8 0
-35 -7 45 0
31 -13 41 0
20 -3 -50 0
28 15 -30 0
26 -25 -21 0
49 38 -18 0
-1 -20 -28 0
-31 -15 -26 0
-39 44 -26 0
14 -36 8 0
-12 -31 49 0
2 11 24 0
-26 24 19 0
42 -30 14 0
-3 46 6 0
17 -4 -42 0
36 31 38 0
-38 41 34 0
-48 12 28 0
29 -8 -38 0
-11 -10 -3 0
-2 18 1 0
-9 -19 45 0
15 23 -25 0
35 -25 31 0
47 12 -3 0
50 -1 -24 0
5 -8 -33 0
9 -14 33 0
-49 43 -29 0
-29 -20 -49 0
-23 -17 -9 0
-34 -9 6 0
41 -35 -18 0
-6 -7 39 0
-36 2 6 0
10 -41 -45 0
-3 -7 -21 0
-24 9 -4 0
-17 29 -47 0
-50 -18 12 0
-21 -28 46 0
-38 20 -2 0
-36 35 -20 0
13 7 -30 0
-29 13 31 0
37 27 50 0
-46 -35 48 0
40 -4 35 0
-6 -36 25 0
1 -16 42 0
38 6 5 0
-17 -14 36 0
25 26 -49 0
-36 50 -32 0
33 -50 20 0
-36 24 -9 0
-37 6 -49 0
2 -38 -3 0
-18 6 -30 0
46 15 42 0
-3 -31 47 0
-45 1 -31 0
21 6 -22 0
48 -31 26 0
-25 8 29 0
-6 24 46 0
-39 26 24 0
-38 -24 -30 0
-9 -26 33 0
-40 12 36 0
-5 29 -39 0
40 8 -26 0
-34 15 -27 0
18 -32 37 0
-41 49 15 0
32 48 11 0
5 -6 -31 0
26 -3 30 0
-20 -25 -21 0
-17 46 18 0
9 34 -36 0
13 27 21 0
-12 -23 5 0
-42 -20 -17 0
4 -37 -12 0
21 15 18 0
-21 -5 6 0
1 26 20 0
11 41 -12 0
21 8 -6 0
27 44 3 0
-44 28 21 0
-45 -47 -23 0
34 40 8 0
-10 -24 9 0
-17 -3 34 0
43 -8 4 0
-2 -43 46 0
-26 42 -10 0
-6 -49 -25 0
-31 50 23 0
48 2 -43 0
22 -3 -48 0
-20 32 -2 0
-1 -38 -19 0
-35 24 -19 0
14 -42 20 0
-8 -35 49 0
-4 33 35 0
-46 -44 9 0
11 -28 -29 0
-5 35 37 0
-35 38 -37 0
14 -13 -2 0
-17 -28 -21 0
8 16 38 0
14 2 27 0
39 -36 46 0
33 -14 7 0
27 -42 -14 0
-8 -27 -14 0
1 50 -18 0
33 -14 -47 0
-17 24 47 0
-26 25 11 0
9 37 -13 0
17 31 -44 0
-3 -16 -21 0
29 -40 20 0
5 -23 -7 0
-16 -20 -38 0
-42 -39 -49 0
-3 -1 46 0
-6 -14 -40 0
-31 -21 10 0
38 33 -29 0
5 31 -29 0
-11 14 12 0
13 -50 2 0
20 -2 -41 0
49 36 14 0
36 48 3 0
-10 -16 -48 0
9 -1 19 0
-12 38 5 0
40 8 -44 0
-19 -16 -28 0
-10 17 -4 0
-1 -47 29 0
2 10 33 0
39 -38 -43 0
-4 -31 19 0
40 -38 -49 0
-32 -21 -49 0
10 -40 43 0
-12 -15 -23 0
6 26 -4 0
-17 5 -20 0
-8 37 -33 0
7 -41 5 0
14 26 38 0
18 -42 -34 0
36 4 6 0
38 -48 31 0
-14 18 -34 0
-2 7 38 0
-18 33 -46 0
45 27 -24 0
-31 35 33 0
30 -39 -4 0
28 24 14 0
21 31 2 0
-40 -5 -28 0
-2 -32 -36 0
21 -42 -4 0
-29 6 33 0
44 22 9 0
-49 -21 43 0
48 -32 -2 0
39 13 48 0
-39 22 11 0
-25 -26 39 0
-34 6 28 0
10 -44 -16 0
20 -30 -25 0
-5 4 47 0
-6 -42 -19 0
36 18 -24 0
-36 -24 -10 0
-10 27 -39 0
28 -1 -48 0
-23 32 -50 0
11 41 -47 0
38 21 18 0
-25 -37 -28 0
7 -34 -26 0
49 10 -17 0
-22 -10 23 0
-17 29 13 0
-43 -25 8 0
9 -44 46 0
15 -2 32 0
-28 -8 -14 0
-4 18 25 0
26 -36 -32 0
23 26 -37 0
42 46 -40 0
-22 39 -4 0
20 -50 -7 0
25 -8 -38 0
19 -24 -17 0
37 4 -41 0
-26 30 -44 0
42 -44 -5 0
27 -41 23 0
15 -49 -7 0
5 21 16 0
RESULT seed=3005 beta=0 result=0 decisions=53 conflicts=107
RESULT seed=3005 beta=25 result=0 decisions=102 conflicts=205
RESULT seed=3005 beta=5 result=0 decisions=90 conflicts=181
RESULT seed=3005 beta=10 result=0 decisions=90 conflicts=181
INSTANCE seed=3006 n=50 m=300
p cnf 50 300
-34 -42 -37 0
23 -29 40 0
16 21 -14 0
-47 10 -50 0
17 40 -27 0
49 48 22 0
-43 -7 -50 0
4 -48 32 0
3 -40 -50 0
46 15 4 0
-35 20 19 0
1 11 16 0
19 35 28 0
18 -9 50 0
21 -31 13 0
39 -38 -45 0
20 23 -40 0
50 45 -43 0
21 -11 -9 0
-29 44 19 0
-36 -30 49 0
-10 18 19 0
-30 3 -2 0
-11 27 -50 0
-39 7 -41 0
14 -15 -48 0
-14 11 -34 0
42 -31 22 0
31 14 38 0
22 2 -18 0
34 -29 50 0
-20 21 24 0
1 -2 35 0
35 -41 30 0
39 43 16 0
-47 36 -7 0
-7 -29 -49 0
-5 23 -13 0
-26 -48 -7 0
44 4 8 0
-17 -36 2 0
-18 -22 11 0
22 -40 -20 0
45 -32 -49 0
-23 -44 4 0
-44 -8 32 0
30 15 -44 0
-7 4 42 0
-28 21 36 0
-50 49 -33 0
27 8 -43 0
27 -22 -50 0
46 37 10 0
17 13 48 0
27 38 -31 0
-5 33 6 0
30 36 40 0
2 -27 16 0
32 1 18 0
-25 -31 33 0
15 6 1 0
27 -26 -5 0
-1 -11 27 0
-18 32 -46 0
29 18 -22 0
-6 41 -40 0
-11 5 20 0
-48 30 -16 0
23 -3 -13 0
29 -50 20 0
21 -14 -24 0
22 -43 -13 0
26 39 47 0
-41 18 43 0
-29 -17 5 0
37 -1 49 0
-2 31 -22 0
9 34 -14 0
23 -47 36 0
20 -31 -9 0
45 35 31 0
41 37 -3 0
24 -35 -3 0
-20 -27 31 0
25 -27 -18 0
43 -40 -4 0
37 29 -21 0
42 21 34 0
23 -36 40 0
15 13 -32 0
-49 -5 -27 0
46 -20 -50 0
-21 -34 -22 0
-29 31 -30 0
-21 -11 10 0
-5 50 14 0
-31 -38 39 0
43 -3 13 0
-28 -44 15 0
34 -36 25 0
41 2 4 0
49 -23 -21 0
-9 -41 8 0
13 -43 -21 0
23 -8 -11 0
-48 2 13 0
-37 26 29 0
-21 43 -31 0
8 -47 20 0
8 17 -2 0
-25 39 19 0
37 22 35 0
-48 -15 22 0
15 -1 -17 0
-26 -29 -7 0
15 -34 -26 0
3 -23 49 0
-12 -38 -21 0
-43 -10 16 0
-33 40 -43 0
-34 31 -40 0
-22 -24 -34 0
41 -11 16 0
-42 -41 29 0
-30 13 -35 0
-12 -22 44 0
4 46 -24 0
-30 -3 -16 0
23 28 34 0
31 35 -11 0
22 7 23 0
-19 -28 32 0
14 -45 -9 0
31 48 26 0
-19 -25 -35 0
-22 9 33 0
-43 36 16 0
14 -38 35 0
-46 -9 -14 0
6 3 20 0
20 15 12 0
-42 -24 -4 0
-30 -26 -2 0
47 -22 -40 0
35 14 16 0
11 -33 44 0
-46 -38 47 0
-12 -36 10 0
-5 18 17 0
-1 44 15 0
-21 -28 -13 0
-45 1 27 0
-50 -48 4 0
38 -19 -23 0
-20 38 -29 0
-49 17 8 0
29 50 -1 0
35 -20 -31 0
37 -17 -22 0
19 41 -27 0
48 32 16 0
-39 -10 5 0
-23 44 -18 0
6 -9 -16 0
22 42 14 0
-15 -46 18 0
-33 -38 19 0
25 -12 -11 0
48 38 -49 0
-32 -34 -46 0
-32 42 34 0
32 -17 -10 0
17 -43 9 0
45 6 -7 0
-31 -11 -29 0
-42 35 -33 0
-47 -7 16 0
46 36 2 0
-7 -37 14 0
3 25 38 0
3 5 15 0
50 39 -40 0
26 22 34 0
-6 -43 19 0
15 28 -2 0
-32 23 20 0
-8 -40 43 0
-37 -41 1 0
40 -21 -6 0
3 26 43 0
-31 49 -9 0
39 -3 6 0
23 40 -41 0
50 -24 31 0
43 -37 -20 0
27 -30 42 0
1 34 -7 0
-21 4 -12 0
41 12 49 0
26 40 -20 0
12 49 -1 0
-32 -11 34 0
28 -30 -17 0
17 15 47 0
17 33 -15 0
22 -43 -13 0
32 -33 -26 0
-44 -28 -39 0
-11 2 10 0
-46 1 43 0
-28 22 41 0
-44 33 31 0
40 -23 1 0
2 -43 -28 0
5 48 -18 0
47 -10 -19 0
-48 -25 -6 0
45 -37 -21 0
10 1 43 0
39 -27 -48 0
30 24 33 0
34 29 -16 0
-13 -6 26 0
45 11 -39 0
-32 -16 33 0
-42 -33 9 0
-3 9 -28 0
39 37 49 0
-6 -16 27 0
-44 11 32 0
27 45 -28 0
-42 15 41 0
9 20 -13 0
46 -49 24 0
35 -3 49 0
41 -48 -9 0
-29 43 5 0
10 -28 -15 0
-46 -6 8 0
49 16 -39 0
-34 -12 -3 0
35 -23 -25 0
-47 29 -9 0
21 -14 -45 0
-29 9 40 0
5 23 -19 0
-44 2 -14 0
-9 -10 42 0
41 40 22 0
8 29 11 0
-8 -20 -40 0
7 32 10 0
31 50 9 0
-49 -15 -1 0
31 47 1 0
1 -49 -24 0
42 -45 50 0
-30 -38 -44 0
22 7 -26 0
38 -27 -44 0
-20 44 50 0
-29 32 9 0
-6 -41 -4 0
-44 31 37 0
20 13 25 0
35 -18 -10 0
-32 36 43 0
27 15 -46 0
50 -24 -31 0
-34 -40 -37 0
39 42 -49 0
30 -13 34 0
-29 40 -13 0
47 -22 14 0
-28 2 31 0
-31 -24 -44 0
46 -12 -45 0
-18 -50 41 0
-37 18 14 0
-48 -25 -13 0
6 45 25 0
7 -50 -5 0
23 24 -45 0
36 -27 30 0
-5 22 -33 0
14 -44 8 0
8 -16 -11 0
-4 -42 13 0
10 8 25 0
29 -27 -4 0
32 11 34 0
-18 -39 24 0
8 -50 -47 0
-19 -16 24 0
-34 14 26 0
-6 -16 46 0
28 38 -37 0
43 -34 45 0
-17 12 -36 0
-11 32 -1 0
RESULT seed=3006 beta=0 result=0 decisions=111 conflicts=223
RESULT seed=3006 beta=25 result=0 decisions=115 conflicts=231
RESULT seed=3006 beta=5 result=0 decisions=115 conflicts=231
RESULT seed=3006 beta=10 result=0 decisions=115 conflicts=231
INSTANCE seed=3007 n=50 m=300
p cnf 50 300
10 43 -29 0
-34 35 -25 0
-22 38 3 0
-12 20 47 0
-36 -44 20 0
44 39 48 0
-36 -8 35 0
-4 40 13 0
14 42 -25 0
-7 -11 -44 0
-40 3 43 0
-21 41 42 0
-21 15 5 0
-21 -29 8 0
24 -44 19 0
-7 -37 -36 0
-19 39 -15 0
-4 49 -35 0
45 -32 25 0
6 30 18 0
-39 38 -37 0
-19 2 41 0
-9 13 31 0
49 -23 44 0
-30 -19 -43 0
18 11 -19 0
-13 -41 12 0
15 -46 49 0
10 -47 9 0
31 20 -1 0
-46 -2 49 0
-25 -1 10 0
35 36 31 0
48 -32 28 0
-12 47 -42 0
11 -42 26 0
37 10 -36 0
-24 -26 -42 0
-15 35 16 0
-48 -39 -32 0
-14 -50 -12 0
-18 -40 -45 0
44 20 -10 0
25 18 32 0
-13 -3 36 0
-38 -31 45 0
-6 5 -45 0
26 -12 50 0
41 -4 -50 0
23 -30 -16 0
-34 16 37 0
-39 -19 -30 0
10 -25 -44 0
-19 -48 49 0
42 -49 -44 0
-30 25 -29 0
4 15 -28 0
4 25 43 0
-28 25 3 0
-16 -33 -32 0
49 41 -36 0
10 -32 49 0
35 8 34 0
-23 -33 -21 0
-20 -10 39 0
-41 -46 35 0
9 40 47 0
-39 -21 -43 0
-34 24 42 0
45 -8 7 0
-16 19 37 0
-50 -36 -28 0
32 40 9 0
-13 -7 -4 0
23 -45 41 0
-26 -4 -2 0
31 5 -9 0
-5 -36 -4 0
-27 -38 -23 0
-47 -12 17 0
44 -9 -14 0
46 22 -45 0
-7 -29 13 0
-18 6 12 0
-31 23 -26 0
-28 -2 43 0
43 32 -17 0
14 -42 -29 0
-29 22 10 0
2 -45 -49 0
-22 21 -11 0
-15 -25 13 0
33 5 -13 0
10 -26 -15 0
-17 -30 -43 0
-13 33 -9 0
19 -35 4 0
-6 13 5 0
-13 -50 -32 0
-40 47 -30 0
40 19 -21 0
1 35 17 0
-3 -6 16 0
-32 40 27 0
16 14 -37 0
2 45 -42 0
-8 12 -5 0
7 -20 -1 0
-14 8 15 0
-21 -18 -40 0
29 25 -24 0
40 -24 29 0
-49 -48 -19 0
-8 49 33 0
-47 10 15 0
49 -32 -39 0
-23 29 -48 0
-2 1 -47 0
21 -26 2 0
48 -39 49 0
-10 -41 -37 0
23 -4 -19 0
50 43 45 0
44 -32 41 0
33 48 49 0
46 26 7 0
-33 -20 -41 0
-34 -12 6 0
8 -34 5 0
47 5 39 0
38 -26 -3 0
1 -25 -22 0
-38 -10 22 0
36 45 -28 0
-47 -32 13 0
43 20 5 0
-11 -42 -23 0
-12 -29 4 0
-22 -19 -40 0
4 -20 -24 0
31 -48 -16 0
-42 -1 -19 0
41 15 28 0
39 -10 37 0
-9 -25 -27 0
1 13 49 0
-37 -1 34 0
-49 -15 40 0
-5 12 -37 0
12 -11 6 0
-4 33 -47 0
-32 25 20 0
10 35 23 0
21 9 37 0
18 -45 17 0
17 -19 -34 0
-32 31 41 0
-39 -22 -27 0
29 25 -18 0
5 -25 32 0
-50 -21 19 0
-20 -24 33 0
7 19 -50 0
-39 31 -10 0
-4 14 20 0
-10 43 -38 0
-24 -43 5 0
-17 -38 -16 0
-12 47 -22 0
-21 -9 -25 0
18 -50 -46 0
47 -13 -42 0
13 -19 29 0
15 -41 -50 0
-35 -47 -7 0
-31 -12 -2 0
49 26 35 0
-25 -6 -44 0
4 31 11 0
48 28 17 0
44 -18 39 0
49 -38 6 0
37 45 25 0
-39 -34 -43 0
-23 15 -44 0
-24 -28 -39 0
12 -19 32 0
-9 -41 -13 0
3 -40 -6 0
48 45 36 0
22 7 12 0
50 -46 -9 0
-5 -48 28 0
-30 -25 4 0
5 32 -7 0
48 -38 -28 0
-11 7 -43 0
-42 44 -34 0
-16 -17 -42 0
-41 43 16 0
-22 31 3 0
34 4 -15 0
5 -6 -45 0
25 41 -13 0
-49 -6 48 0
29 -40 9 0
-39 19 -25 0
-14 -46 20 0
-36 41 3 0
10 7 39 0
18 5 -35 0
-42 -17 11 0
38 22 29 0
32 16 43 0
-16 -19 -2 0
3 -46 40 0
45 15 -3 0
3 29 30 0
15 24 44 0
21 12 35 0
-32 49 -30 0
-30 -43 31 0
35 12 -15 0
27 3 -45 0
1 30 -19 0
-40 19 5 0
-27 28 16 0
36 -13 -43 0
2 50 -44 0
-30 -9 -4 0
-34 -17 6 0
-47 25 -6 0
48 45 -36 0
41 29 -26 0
-35 -30 14 0
-47 -27 -1 0
-39 -24 -8 0
-15 22 39 0
-42 -5 50 0
7 -27 -10 0
12 3 48 0
-34 -13 44 0
-4 -3 5 0
-12 14 38 0
-49 -32 3 0
-2 -28 -26 0
24 16 -1 0
-28 -9 -26 0
28 -21 -15 0
29 -24 -37 0
1 -49 30 0
-31 -39 22 0
46 -40 -24 0
-17 31 -14 0
30 -49 21 0
46 -1 -4 0
-28 -18 21 0
10 38 31 0
-9 -4 45 0
38 -19 45 0
2 25 13 0
-28 49 -33 0
20 -16 -1 0
48 -14 -38 0
-16 -13 -7 0
10 -20 -6 0
16 23 -6 0
36 -46 2 0
-5 -12 41 0
-25 22 26 0
6 27 39 0
-7 -48 3 0
-40 43 30 0
47 5 -25 0
-4 -1 -20 0
-2 50 22 0
7 15 -50 0
-22 25 39 0
10 25 -37 0
6 -21 41 0
-45 34 -29 0
-14 48 32 0
-18 -28 -11 0
-25 -49 20 0
-23 17 42 0
47 -19 -46 0
26 14 -11 0
40 1 -13 0
38 46 -44 0
-13 -23 9 0
-36 -2 5 0
34 46 -21 0
-15 41 48 0
-35 43 13 0
40 7 48 0
39 -1 13 0
-20 47 -45 0
45 -25 35 0
-18 -39 -44 0
-22 29 -33 0
RESULT seed=3007 beta=0 result=0 decisions=43 conflicts=87
RESULT seed=3007 beta=25 result=0 decisions=220 conflicts=441
RESULT seed=3007 beta=5 result=0 decisions=219 conflicts=439
RESULT seed=3007 beta=10 result=0 decisions=214 conflicts=429
INSTANCE seed=3008 n=50 m=300
p cnf 50 300
-36 43 21 0
45 42 -11 0
-27 -5 42 0
27 30 -43 0
-4 -48 -14 0
-40 30 23 0
-30 9 20 0
-5 31 -44 0
26 45 49 0
-18 8 -41 0
22 28 -27 0
-21 10 33 0
28 -3 -42 0
-9 -40 -31 0
-35 -37 45 0
-37 26 -19 0
4 -40 -7 0
3 28 -19 0
-4 41 -34 0
-16 -18 -42 0
47 -25 -28 0
35 13 38 0
-23 10 36 0
-20 37 -17 0
-42 21 -6 0
-40 13 -20 0
41 -39 12 0
25 -39 31 0
-30 40 -38 0
35 9 -24 0
-48 30 -32 0
-46 -18 -21 0
-27 -11 23 0
25 -34 -1 0
-18 -25 47 0
45 -17 -40 0
23 43 29 0
20 -5 -22 0
-25 2 -24 0
5 -12 43 0
10 -46 -41 0
-12 26 -38 0
-17 -12 19 0
-42 -37 11 0
44 -26 1 0
47 -49 31 0
27 2 40 0
-3 -1 39 0
50 -44 34 0
-17 -43 29 0
-46 15 22 0
46 13 35 0
-16 1 -33 0
12 33 47 0
17 3 27 0
26 -39 -41 0
40 29 16 0
4 12 -37 0
-44 9 -6 0
-10 -17 22 0
4 -15 -50 0
-35 20 12 0
-32 -17 -39 0
7 -45 -24 0
14 34 -47 0
-39 -38 42 0
-29 27 33 0
16 -39 -1 0
-13 2 -26 0
19 5 12 0
48 -42 47 0
42 7 11 0
-6 7 43 0
50 5 -4 0
-6 24 -32 0
32 -41 -31 0
6 -41 -42 0
1 18 -41 0
-28 24 40 0
-35 -14 -3 0
-21 26 -25 0
41 -12 -25 0
-27 5 -18 0
-12 -2 49 0
-13 -42 14 0
-32 -50 35 0
-13 35 -14 0
-25 34 -7 0
-30 39 28 0
-17 -45 37 0
44 34 31 0
27 46 -26 0
-4 40 -39 0
-19 -9 -33 0
-15 -32 31 0
-8 -22 -33 0
-19 41 -47 0
5 -26 48 0
22 39 -32 0
1 42 40 0
-16 -22 12 0
-5 10 48 0
3 20 21 0
9 31 -23 0
-17 26 6 0
39 32 29 0
48 -31 -44 0
-47 20 6 0
50 -27 -33 0
41 39 10 0
-50 28 44 0
-12 -46 34 0
8 43 12 0
-37 39 46 0
26 32 -10 0
44 -32 21 0
4 23 -5 0
40 6 -21 0
9 44 -29 0
45 8 27 0
-48 -42 -5 0
36 -15 -7 0
-19 27 29 0
-45 -23 22 0
-23 14 -33 0
-11 19 -21 0
-42 -43 40 0
20 -17 -30 0
1 -26 -34 0
4 -40 -6 0
-1 -33 23 0
-47 19 -2 0
38 2 29 0
13 -2 42 0
-37 10 46 0
-16 -47 33 0
4 -35 22 0
32 -35 25 0
-4 -6 -7 0
-1 -14 6 0
50 47 12 0
-11 -29 -38 0
-32 -21 34 0
4 -26 15 0
-41 36 -12 0
-16 -15 20 0
-26 -47 -3 0
8 2 34 0
7 38 -17 0
-12 -11 -43 0
-41 8 -29 0
39 9 12 0
-50 44 -43 0
-33 35 31 0
13 -34 -46 0
-13 39 -5 0
-17 -38 34 0
-7 28 -39 0
47 -30 34 0
7 11 -30 0
13 20 49 0
39 -1 -6 0
-41 -28 4 0
22 24 -8 0
-19 8 -2 0
-30 40 -5 0
24 12 -21 0
-4 -13 6 0
-34 -20 35 0
11 23 -12 0
-7 -13 10 0
24 -9 46 0
49 -35 26 0
-44 -39 34 0
-14 31 35 0
31 5 10 0
-50 -16 7 0
-37 -50 -11 0
47 -50 -49 0
14 10 -31 0
38 -36 18 0
-22 17 -38 0
-5 -23 -12 0
4 -38 48 0
47 12 -25 0
10 -48 -49 0
26 10 -48 0
16 -48 -50 0
-36 -44 -20 0
-20 -44 -41 0
-15 -11 -39 0
-11 38 -5 0
15 9 -49 0
16 5 48 0
40 41 10 0
41 20 9 0
16 17 29 0
8 -31 22 0
33 28 10 0
-19 50 5 0
-4 24 18 0
-46 2 38 0
-50 -17 13 0
-20 46 6 0
-40 -11 -37 0
45 -5 37 0
27 -14 8 0
-26 29 -50 0
-35 47 46 0
-36 15 13 0
43 -47 -7 0
-12 -14 35 0
-45 40 -43 0
-50 18 -26 0
9 -20 -46 0
-3 -32 -11 0
-2 14 19 0
-38 -24 -19 0
47 5 -17 0
-38 20 -42 0
-42 -45 44 0
29 -45 6 0
-19 -4 8 0
12 24 -23 0
-15 8 -10 0
-11 28 43 0
16 29 45 0
-12 -30 -42 0
8 -42 -37 0
-24 1 18 0
-23 9 -45 0
-13 8 37 0
-37 48 35 0
43 26 -7 0
46 39 -42 0
-40 5 -42 0
-14 -13 12 0
-40 31 46 0
11 -12 45 0
-39 -32 -41 0
45 43 32 0
-3 -13 -11 0
27 49 11 0
-18 -49 2 0
8 -48 7 0
-9 -32 34 0
43 16 40 0
12 21 -10 0
-16 -1 22 0
-33 -23 2 0
16 11 36 0
-4 49 50 0
-41 28 -1 0
10 48 -21 0
-11 35 -25 0
-31 21 14 0
6 44 40 0
50 -11 45 0
24 -7 37 0
45 -28 18 0
-18 24 27 0
-18 -5 -47 0
-50 -42 -11 0
2 40 41 0
31 44 -28 0
-23 10 -7 0
26 39 20 0
46 -27 42 0
-29 -42 -30 0
46 45 8 0
17 29 21 0
-19 23 33 0
-48 23 -47 0
39 -17 15 0
21 13 30 0
-8 1 -40 0
24 35 -31 0
44 10 42 0
-1 -13 -36 0
-43 33 -35 0
-7 4 29 0
-35 -19 9 0
-29 -8 -31 0
7 18 -34 0
-25 -2 21 0
-50 -30 34 0
-36 17 -18 0
38 39 16 0
-17 -18 -9 0
-48 -41 -36 0
11 -20 42 0
-29 -17 -34 0
31 -34 26 0
-3 11 42 0
-15 -38 -40 0
-11 -6 47 0
-2 7 47 0
-6 5 4 0
23 49 40 0
-14 20 27 0
RESULT seed=3008 beta=0 result=0 decisions=37 conflicts=75
RESULT seed=3008 beta=25 result=0 decisions=82 conflicts=165
RESULT seed=3008 beta=5 result=0 decisions=70 conflicts=141
RESULT seed=3008 beta=10 result=0 decisions=70 conflicts=141
INSTANCE seed=3009 n=50 m=300
p cnf 50 300
11 43 -13 0
5 48 46 0
-32 -22 31 0
42 39 16 0
9 11 -28 0
30 -28 5 0
29 10 24 0
9 37 -35 0
-14 38 -30 0
5 -38 4 0
2 10 -22 0
29 49 -45 0
-40 -1 35 0
-21 20 35 0
-27 -31 -25 0
-47 7 19 0
28 9 2 0
23 4 -33 0
-39 -7 11 0
3 -17 -44 0
-6 13 38 0
18 36 -17 0
33 39 -24 0
16 -31 -10 0
-41 -48 -25 0
1 -11 -12 0
50 -19 -12 0
-28 1 18 0
-14 50 48 0
-6 19 -21 0
-46 -48 -35 0
13 -32 -1 0
-6 -24 42 0
48 12 32 0
-8 -2 17 0
41 47 21 0
9 -12 -33 0
-49 -44 -9 0
-33 -7 -9 0
29 -10 21 0
39 10 -1 0
37 -3 13 0
15 -45 -38 0
13 -20 44 0
38 42 22 0
-5 34 14 0
-44 24 8 0
-9 37 23 0
-15 40 -2 0
-37 -41 -17 0
39 5 3 0
-5 -48 46 0
49 23 24 0
34 48 43 0
46 -13 21 0
27 2 11 0
23 10 21 0
-41 13 24 0
36 -2 -18 0
-22 50 20 0
45 40 -43 0
-35 2 50 0
49 -33 -35 0
6 -39 13 0
-38 15 -39 0
-34 2 8 0
32 -29 19 0
-31 11 40 0
43 16 -4 0
31 24 -29 0
-10 -11 -7 0
-27 -15 33 0
1 40 -17 0
7 -21 19 0
24 -34 40 0
-5 -22 7 0
17 -16 7 0
-35 39 1 0
-41 -28 39 0
13 24 -10 0
-23 5 -34 0
-43 23 38 0
-40 -24 -15 0
15 26 -50 0
-8 27 -43 0
1 7 38 0
-8 7 -36 0
20 -40 42 0
49 -26 -10 0
-34 17 -3 0
27 -4 37 0
-40 -9 -47 0
-45 -20 -18 0
38 28 -20 0
42 20 22 0
-4 17 6 0
8 15 44 0
2 -1 -10 0
-38 -27 -43 0
-28 22 21 0
11 30 -16 0
23 21 12 0
50 11 28 0
36 30 -20 0
14 11 33 0
-22 50 -34 0
7 31 24 0
39 26 -30 0
-4 47 39 0
-8 14 -19 0
-37 -28 -49 0
7 28 4 0
42 44 37 0
-14 -17 -30 0
-14 4 40 0
12 29 -43 0
-10 8 -13 0
16 2 -21 0
-42 14 41 0
4 -15 17 0
-32 -10 25 0
18 -26 -44 0
25 47 35 0
-3 -39 -31 0
34 12 10 0
-3 14 5 0
-2 4 25 0
44 -38 29 0
11 43 35 0
-14 -44 -21 0
-29 17 -49 0
12 50 2 0
26 -39 -23 0
-36 38 -7 0
39 8 16 0
48 17 -41 0
45 5 9 0
36 46 16 0
4 -33 -48 0
15 3 6 0
18 2 -19 0
-9 -15 36 0
32 -6 -16 0
-38 27 14 0
5 23 -42 0
11 33 -44 0
39 18 45 0
7 38 49 0
-31 -3 -29 0
-27 -41 12 0
-46 23 17 0
24 8 -7 0
2 27 -37 0
-28 -6 -15 0
-36 50 5 0
19 -44 -20 0
-43 -49 -37 0
45 38 -26 0
-3 25 -4 0
44 -32 23 0
-39 7 20 0
23 -45 -46 0
43 -32 18 0
27 -34 -45 0
1 -19 -7 0
12 22 6 0
-17 -43 -31 0
-38 -20 -3 0
-29 -26 21 0
-13 -43 -35 0
-25 31 -40 0
16 19 37 0
41 37 10 0
7 -24 -1 0
49 -29 -20 0
-14 -1 -20 0
9 -43 -10 0
26 -3 20 0
-5 -28 -29 0
-38 -3 32 0
-45 -40 3 0
-7 16 6 0
25 -14 -18 0
-28 44 -37 0
45 36 -15 0
44 -8 -19 0
28 17 -46 0
-1 -48 3 0
14 18 -21 0
-28 10 49 0
43 26 20 0
-12 37 7 0
31 36 -43 0
45 -13 4 0
-21 -29 50 0
-22 25 41 0
5 -46 -17 0
-11 -46 23 0
-16 34 4 0
-48 31 -13 0
-41 7 5 0
-39 -23 -5 0
38 29 46 0
-37 -21 -33 0
20 28 -12 0
44 -33 -1 0
-3 -40 23 0
4 32 30 0
35 20 -40 0
-40 21 -26 0
21 -39 41 0
-44 -14 16 0
3 36 43 0
-45 -44 -31 0
-25 29 42 0
-27 -22 -24 0
27 -39 -25 0
35 48 -20 0
37 18 -24 0
-7 13 6 0
46 -3 8 0
22 21 18 0
-28 -4 -19 0
-16 45 3 0
45 -50 -47 0
30 2 -1 0
9 -5 -42 0
-4 -11 16 0
-32 16 -39 0
-44 40 47 0
-2 -29 -12 0
-43 1 10 0
26 -28 -10 0
29 8 -25 0
-28 13 14 0
-37 -4 -10 0
44 4 -19 0
8 33 21 0
38 4 -15 0
-17 50 3 0
20 -36 38 0
-30 -43 31 0
-17 50 -44 0
6 44 26 0
39 33 -3 0
-8 -27 -13 0
-29 -14 -17 0
-31 -38 11 0
44 4 -32 0
-30 -38 21 0
17 31 21 0
33 -50 -14 0
13 -28 41 0
16 23 -7 0
-38 -8 -40 0
-50 13 -36 0
8 26 -44 0
-48 -4 -1 0
29 -26 8 0
-31 -10 -4 0
13 -8 24 0
31 33 44 0
-12 31 49 0
2 -14 50 0
9 -15 -7 0
7 -8 10 0
-42 -27 25 0
13 -21 28 0
-45 5 19 0
47 -26 21 0
-48 -5 15 0
43 -20 29 0
-2 -32 -44 0
3 21 -10 0
-27 22 41 0
-36 -15 37 0
6 16 -23 0
44 15 22 0
-18 -16 -46 0
39 35 -31 0
26 17 49 0
38 -43 15 0
28 -25 -2 0
-31 -40 28 0
-22 -37 -49 0
26 -36 49 0
-2 -41 -22 0
-46 -20 -26 0
-36 -28 18 0
-47 39 23 0
34 -10 -13 0
-37 38 -30 0
24 -39 47 0
46 -28 -5 0
-22 29 21 0
-41 20 32 0
-34 -10 32 0
34 -17 -50 0
17 35 22 0
28 30 -20 0
RESULT seed=3009 beta=0 result=0 decisions=60 conflicts=121
RESULT seed=3009 beta=25 result=0 decisions=109 conflicts=219
RESULT seed=3009 beta=5 result=0 decisions=107 conflicts=215
RESULT seed=3009 beta=10 result=0 decisions=107 conflicts=215
INSTANCE seed=3010 n=50 m=300
p cnf 50 300
-37 -43 -5 0
-16 4 -32 0
-37 39 -19 0
-7 49 -35 0
-41 -5 50 0
-32 -13 24 0
-18 11 -40 0
6 -13 5 0
49 50 47 0
41 -1 -36 0
36 26 44 0
22 48 -27 0
6 -3 49 0
42 9 -29 0
42 40 11 0
-1 36 7 0
18 35 40 0
-14 -10 12 0
-16 -47 23 0
-39 25 -46 0
2 -21 13 0
47 -2 -24 0
11 22 3 0
27 -35 6 0
27 -37 -47 0
-32 -11 -29 0
-47 35 43 0
27 -47 48 0
21 -7 25 0
-2 33 -19 0
-47 40 44 0
-18 35 41 0
-20 -37 -4 0
21 30 -10 0
21 -3 9 0
33 -27 -2 0
-46 30 36 0
27 -33 46 0
42 11 43 0
-2 -8 -49 0
19 -23 11 0
-13 30 -37 0
13 -28 -6 0
35 2 -27 0
-33 8 -44 0
12 19 47 0
-10 47 26 0
-15 24 7 0
-30 -36 21 0
8 38 -5 0
31 45 34 0
13 32 -7 0
-32 44 15 0
6 -12 -38 0
-24 22 -15 0
-28 15 31 0
-6 40 26 0
-29 13 -11 0
28 -46 -29 0
-34 33 -19 0
-36 15 -30 0
-30 -43 -46 0
31 -23 -50 0
-6 -44 -31 0
22 23 -9 0
-26 42 8 0
-6 -36 22 0
7 31 -35 0
-42 24 38 0
42 1 5 0
5 -1 -41 0
-4 -14 -20 0
36 3 -1 0
35 7 14 0
28 39 -44 0
-39 19 -30 0
7 -6 16 0
32 46 19 0
-8 -27 -32 0
-22 -14 43 0
36 37 33 0
-34 -20 -17 0
4 -28 -43 0
11 42 2 0
36 -21 -38 0
10 -14 -41 0
-4 28 -8 0
-16 45 -28 0
-19 -13 -42 0
-1 40 19 0
-11 23 -42 0
-4 22 19 0
-36 -50 47 0
-7 -47 -6 0
-19 -9 -13 0
-1 12 28 0
-48 40 -41 0
48 25 3 0
29 -45 -41 0
-2 -38 -22 0
-31 19 -6 0
1 30 -16 0
-30 -42 -1 0
-28 -26 49 0
20 39 -27 0
4 40 38 0
-29 44 1 0
-8 -32 42 0
-49 10 -14 0
27 44 -10 0
-38 -1 -35 0
9 -6 -18 0
17 11 -35 0
-17 48 9 0
-3 48 5 0
28 24 11 0
46 32 23 0
39 50 -25 0
-19 2 42 0
17 28 33 0
23 -5 31 0
-26 -31 50 0
-29 4 40 0
-42 -4 6 0
-31 -20 14 0
-48 20 27 0
11 -6 16 0
-37 -16 -36 0
-36 -26 -2 0
17 38 -41 0
35 43 5 0
-7 -49 -3 0
16 38 50 0
34 -9 35 0
42 -43 -9 0
-30 -31 39 0
3 30 -36 0
-11 -18 23 0
20 -4 30 0
-24 41 -42 0
-27 26 31 0
12 -49 26 0
-40 21 -36 0
-12 -46 17 0
-6 21 -42 0
36 40 16 0
-32 8 49 0
-33 -4 -43 0
47 -45 14 0
28 -2 46 0
-47 41 -49 0
1 -40 44 0
-27 22 -28 0
-34 -36 -50 0
-3 -17 1 0
-20 3 4 0
-20 -36 -6 0
18 -25 -16 0
-4 -29 -3 0
-8 35 -49 0
2 20 -48 0
-1 41 30 0
23 8 50 0
46 -15 -45 0
-18 6 22 0
14 23 -29 0
-12 -38 -13 0
-47 -23 20 0
28 46 -39 0
-27 18 -37 0
-21 -35 47 0
-33 16 -50 0
-7 6 -35 0
-41 -2 5 0
-44 1 -5 0
-46 29 13 0
-27 -23 2 0
-9 -31 -27 0
-38 33 -15 0
40 21 1 0
34 -35 30 0
31 44 -49 0
-40 -23 -49 0
10 6 -47 0
-25 -30 -23 0
-42 7 23 0
-46 44 -47 0
33 37 21 0
45 36 -21 0
38 39 8 0
-20 -34 -25 0
16 2 -19 0
38 19 -48 0
-41 -5 2 0
38 19 -13 0
-13 -7 -49 0
3 30 19 0
28 27 -41 0
8 39 -22 0
-45 44 17 0
10 23 -8 0
27 -11 24 0
45 -6 27 0
-23 -29 37 0
43 -44 1 0
30 -47 10 0
26 -22 -24 0
50 -11 9 0
9 -34 5 0
27 -19 -22 0
6 19 45 0
-38 44 -11 0
-19 50 26 0
8 -46 33 0
-9 15 7 0
-43 32 -16 0
-31 -12 25 0
32 31 8 0
-29 -43 -16 0
22 -43 -25 0
18 -13 32 0
18 35 31 0
-11 -45 -48 0
4 -39 -18 0
4 -46 -40 0
-50 -18 30 0
42 -39 44 0
34 25 24 0
14 6 -3 0
8 47 -40 0
-12 -47 28 0
-35 -22 11 0
48 5 19 0
12 26 25 0
-1 -4 -38 0
-34 1 44 0
-21 -11 18 0
34 -41 18 0
24 19 -37 0
-17 -40 -11 0
25 -48 -28 0
-33 29 -32 0
-50 -24 -41 0
12 22 4 0
-22 10 38 0
45 -50 -8 0
27 -34 31 0
39 23 3 0
-23 -26 17 0
-40 -8 12 0
-24 -35 -4 0
-25 -47 -27 0
29 48 33 0
-32 -48 21 0
21 31 -26 0
45 -37 50 0
-1 -47 43 0
-5 7 42 0
-13 28 8 0
26 -24 30 0
7 -49 24 0
36 47 -34 0
-27 12 7 0
-42 26 -10 0
-27 50 -19 0
-35 44 48 0
-12 24 -49 0
12 -27 2 0
-10 -39 -44 0
-1 -22 -47 0
1 -2 -13 0
7 19 -40 0
32 -30 -39 0
33 46 31 0
-37 28 12 0
8 -50 -17 0
12 -43 -23 0
15 -11 -18 0
-27 -19 -34 0
-50 -42 25 0
-10 -2 13 0
18 33 1 0
21 -32 -45 0
33 22 26 0
37 6 13 0
-27 21 15 0
8 1 23 0
17 -38 -27 0
47 42 -45 0
11 -14 31 0
-10 -40 46 0
27 15 20 0
25 41 40 0
36 -14 40 0
47 50 -16 0
-1 -23 6 0
-15 16 -17 0
27 2 33 0
-37 -9 38 0
28 -34 -35 0
RESULT seed=3010 beta=0 result=0 decisions=22 conflicts=45
RESULT seed=3010 beta=25 result=0 decisions=142 conflicts=285
RESULT seed=3010 beta=5 result=0 decisions=133 conflicts=267
RESULT seed=3010 beta=10 result=0 decisions=133 conflicts=267
INSTANCE seed=3011 n=50 m=300
p cnf 50 300
13 -43 47 0
27 -10 17 0
-42 6 -8 0
-23 -9 -31 0
9 -30 -40 0
39 -36 7 0
25 28 40 0
38 -12 15 0
20 1 28 0
-21 -12 32 0
46 -1 45 0
16 49 29 0
28 -16 -47 0
28 -33 -49 0
22 -42 -23 0
-3 -36 48 0
18 1 15 0
17 -14 -4 0
40 -19 38 0
16 -25 -45 0
5 -28 36 0
-6 -41 2 0
5 -46 -28 0
18 42 -44 0
26 19 -34 0
-43 13 36 0
14 -36 26 0
27 40 -14 0
-22 -38 42 0
-38 -8 -29 0
-34 -22 -43 0
25 50 46 0
3 32 -45 0
-27 17 19 0
15 48 18 0
-15 2 -8 0
33 -32 -49 0
-39 -6 -22 0
-33 -1 -15 0
28 25 -5 0
27 48 37 0
20 -38 -6 0
11 -12 7 0
20 -16 19 0
-34 22 19 0
25 28 -42 0
-14 7 -2 0
21 44 -16 0
-9 32 39 0
-29 36 -43 0
24 -35 15 0
-22 17 -19 0
-15 23 -40 0
-5 -1 45 0
-47 26 -42 0
-20 48 -30 0
28 -11 18 0
4 -10 17 0
-44 -27 -42 0
29 36 27 0
-40 20 28 0
5 -38 6 0
-27 -5 -30 0
-18 -35 -26 0
17 -15 -19 0
-44 40 -45 0
-16 17 3 0
-27 -2 -32 0
34 -20 3 0
-50 1 34 0
5 -38 10 0
-43 49 -2 0
1 -30 28 0
8 -44 39 0
-22 -49 -17 0
8 30 -13 0
5 -23 32 0
-33 -4 -45 0
17 28 -49 0
43 -10 -17 0
14 -49 -20 0
5 40 31 0
43 40 22 0
44 -16 1 0
-16 -43 -25 0
48 -15 -29 0
-47 -29 -11 0
-1 13 39 0
-50 25 -18 0
13 35 -44 0
-42 -48 17 0
-34 -40 -27 0
30 26 27 0
-4 -38 -32 0
50 -14 16 0
30 -49 21 0
-28 -6 -12 0
47 20 -45 0
-14 39 -26 0
-4 -24 -1 0
-9 -47 29 0
40 -20 -10 0
-34 42 -37 0
-28 -25 -6 0
2 33 1 0
-3 50 18 0
28 -49 -38 0
-23 10 -1 0
3 42 -26 0
-21 37 -40 0
43 -5 26 0
-49 39 -37 0
-17 -24 50 0
5 44 25 0
36 42 -29 0
-12 13 31 0
-48 -13 -7 0
-32 -21 9 0
21 24 -12 0
34 -29 -20 0
-9 -3 -32 0
50 11 -1 0
-35 -7 45 0
40 -46 22 0
41 43 -35 0
49 36 22 0
28 -22 2 0
-26 -3 22 0
-26 -2 23 0
-23 -32 -37 0
-13 -49 7 0
-12 -3 -10 0
12 -19 -29 0
33 15 -23 0
12 40 -23 0
-40 17 -48 0
39 17 -21 0
13 -17 -3 0
27 45 29 0
9 13 -42 0
-7 -17 29 0
-30 48 49 0
-15 -28 5 0
36 -31 41 0
11 19 9 0
-39 23 -3 0
45 -27 -14 0
-3 -37 18 0
-6 -31 18 0
34 -50 -31 0
27 -23 45 0
-50 -31 46 0
-5 17 -33 0
-25 18 -49 0
34 28 49 0
-10 -28 -47 0
-35 -18 -49 0
23 -30 32 0
-4 -12 33 0
-47 -8 46 0
-21 23 -7 0
-36 -17 14 0
48 23 8 0
36 38 18 0
-5 -32 -6 0
-39 -41 -31 0
44 39 24 0
44 11 30 0
21 -16 11 0
-1 49 -12 0
30 -28 47 0
-46 -8 27 0
-2 -14 9 0
4 -10 9 0
32 -47 -40 0
-38 18 11 0
-35 -27 50 0
47 6 26 0
-47 28 27 0
48 47 12 0
-16 14 -44 0
5 -13 34 0
-11 18 5 0
32 -16 7 0
36 15 38 0
27 -22 -41 0
18 5 50 0
23 15 -31 0
-24 -32 46 0
-22 11 -42 0
-23 46 -18 0
-18 35 27 0
-25 49 -23 0
-3 -5 -26 0
49 -25 38 0
-8 6 47 0
24 -42 27 0
-9 31 -16 0
32 -24 46 0
-9 -25 44 0
13 -41 27 0
-30 -18 -11 0
11 -16 -17 0
-25 38 4 0
-43 18 -29 0
-8 20 16 0
44 -30 48 0
-49 -6 -33 0
-34 24 -37 0
34 49 40 0
-49 -35 30 0
8 14 27 0
10 33 48 0
-12 7 23 0
18 -36 -41 0
10 9 8 0
-13 47 -17 0
17 11 -14 0
13 -34 20 0
5 -14 -26 0
21 -7 -13 0
-49 -43 44 0
-36 28 42 0
-32 20 -46 0
24 -46 17 0
-12 -4 -50 0
-23 41 22 0
10 39 12 0
-32 34 -8 0
20 41 19 0
42 17 39 0
-27 -13 5 0
12 -33 -18 0
-37 24 21 0
45 -14 27 0
-30 -19 49 0
33 -30 2 0
45 -6 -10 0
29 47 25 0
43 -47 -13 0
14 -10 -33 0
1 40 -50 0
-27 -25 -31 0
-26 -33 34 0
-13 7 43 0
49 18 28 0
21 35 1 0
-5 -18 27 0
-41 -33 -44 0
-33 45 -40 0
17 -50 -34 0
-20 -25 -9 0
40 29 -13 0
23 -22 1 0
31 -20 -6 0
-33 8 -34 0
38 -39 41 0
18 -7 -22 0
-2 26 40 0
-17 5 2 0
-39 25 40 0
-11 24 42 0
43 -14 33 0
-37 -20 -45 0
-34 -32 -13 0
30 35 32 0
-21 22 12 0
33 -25 -26 0
22 19 -6 0
-17 -23 4 0
49 -10 22 0
-18 1 11 0
29 -34 13 0
-21 -2 47 0
35 32 -31 0
-35 46 -17 0
20 -23 -35 0
-6 13 37 0
-21 -22 -12 0
-50 -19 44 0
37 -28 49 0
-22 37 13 0
-39 -38 35 0
-4 -23 -3 0
-25 -27 29 0
-5 6 -8 0
13 48 -15 0
-26 -41 32 0
-4 24 6 0
-32 -3 6 0
-46 17 38 0
-24 4 -13 0
-33 22 -26 0
-14 -12 9 0
15 -29 42 0
33 -15 -29 0
-20 1 49 0
-37 -4 38 0
45 9 39 0
-42 -9 -11 0
RESULT seed=3011 beta=0 result=0 decisions=79 conflicts=159
RESULT seed=3011 beta=25 result=0 decisions=198 conflicts=397
RESULT seed=3011 beta=5 result=0 decisions=198 conflicts=397
RESULT seed=3011 beta=10 result=0 decisions=198 conflicts=397
INSTANCE seed=3012 n=50 m=300
p cnf 50 300
-38 -44 -39 0
-37 -17 -3 0
-48 -23 -47 0
38 -19 27 0
-27 13 37 0
-23 -46 26 0
5 -13 -10 0
6 45 16 0
22 -6 -46 0
-14 -45 -31 0
-50 -25 -11 0
23 -35 -33 0
-30 28 -44 0
-6 35 14 0
2 44 -35 0
-6 -35 -38 0
-17 -9 22 0
41 -42 17 0
-16 37 -33 0
40 8 43 0
-8 -3 1 0
49 35 2 0
36 -32 -34 0
33 8 -3 0
46 12 -32 0
-49 40 35 0
-47 22 -15 0
42 -19 13 0
1 13 27 0
31 46 16 0
10 -17 -48 0
44 -39 2 0
39 1 50 0
-19 1 -22 0
7 44 -36 0
1 15 -41 0
22 48 27 0
-49 -16 1 0
46 8 2 0
27 -15 36 0
33 -13 5 0
-43 10 -11 0
-48 44 -16 0
-15 -8 12 0
-33 42 -6 0
-26 -11 -48 0
26 -16 -23 0
46 -23 -43 0
22 11 -24 0
35 -36 -29 0
-21 7 8 0
-49 -7 25 0
-31 -16 -11 0
-25 49 42 0
29 32 -42 0
-3 -31 40 0
20 21 50 0
36 -4 13 0
-35 -11 34 0
-2 -9 50 0
17 18 15 0
10 26 16 0
-30 -21 49 0
38 -17 -48 0
-8 4 25 0
37 -28 43 0
-11 -44 10 0
-9 45 49 0
28 -23 3 0
8 -42 -27 0
45 46 -50 0
21 41 -4 0
28 -6 39 0
16 22 14 0
-21 44 32 0
-29 -11 -42 0
34 11 -24 0
31 6 -5 0
-5 -47 37 0
-47 17 -3 0
-35 15 -19 0
-32 -33 -21 0
41 -27 28 0
3 50 -27 0
23 47 -10 0
43 -12 -22 0
-37 -31 49 0
42 50 7 0
-26 30 -6 0
6 -34 -24 0
44 -34 18 0
27 -9 -19 0
31 2 28 0
45 -32 -5 0
-26 40 -17 0
-22 -34 6 0
8 -40 -50 0
-34 -29 13 0
31 -25 -24 0
32 37 -50 0
20 -25 21 0
-48 37 7 0
49 -25 -40 0
-27 -33 -45 0
31 -1 -42 0
16 39 -49 0
17 -13 -6 0
-12 19 -4 0
-8 28 -35 0
-12 28 38 0
-15 29 -20 0
-48 -9 -14 0
16 24 46 0
41 28 -37 0
10 -43 -41 0
-4 3 -41 0
5 -11 7 0
23 16 -46 0
41 21 -42 0
-13 6 18 0
43 46 -28 0
-14 36 -7 0
-24 4 44 0
-6 -3 -27 0
-34 -6 -19 0
6 -40 -28 0
49 6 31 0
-40 21 6 0
45 -15 -3 0
17 11 2 0
13 -46 32 0
-41 -5 43 0
-20 41 -7 0
-19 -16 -25 0
50 46 -2 0
30 -10 37 0
1 -39 3 0
44 -4 -33 0
-8 36 -48 0
-2 41 26 0
-36 -42 -20 0
43 -46 44 0
-25 41 38 0
33 50 13 0
-4 -47 -1 0
-39 13 -9 0
-33 -29 -46 0
44 -38 18 0
-28 42 -23 0
-41 4 -9 0
28 16 5 0
19 43 -11 0
-12 2 22 0
7 -14 33 0
-26 7 -3 0
-12 31 40 0
-21 32 8 0
49 -46 -2 0
-15 38 -25 0
5 -22 48 0
45 2 30 0
-39 6 -33 0
43 -4 31 0
4 -19 -40 0
21 28 -31 0
49 7 -2 0
-7 42 -3 0
50 -1 -14 0
-1 -14 -2 0
32 -46 -43 0
-45 35 11 0
2 -25 -9 0
11 -25 16 0
-47 -15 26 0
6 -15 -24 0
13 -39 -35 0
47 23 44 0
47 -28 49 0
-35 32 24 0
-5 -23 39 0
-5 -22 -23 0
47 -43 -8 0
-30 32 -19 0
33 12 10 0
-4 -27 -18 0
47 -50 -3 0
-11 37 -9 0
39 17 -2 0
13 43 -41 0
-4 -29 -21 0
6 -34 26 0
25 7 -12 0
20 -17 34 0
12 -29 48 0
-16 -5 49 0
-9 32 13 0
-4 -9 -44 0
5 -35 40 0
-34 -41 -6 0
-9 -20 -22 0
5 -20 16 0
-9 46 34 0
-25 47 27 0
-25 -7 -27 0
-20 23 27 0
4 43 -13 0
9 47 21 0
13 -36 -22 0
-8 -37 20 0
34 40 5 0
-25 -40 -47 0
-5 -40 -14 0
-8 32 -14 0
-34 -49 20 0
-21 38 -9 0
-22 29 -1 0
24 -50 -8 0
33 -26 -6 0
-28 -35 -39 0
-2 1 40 0
11 -31 -14 0
5 50 25 0
-3 -43 46 0
-12 -32 48 0
-40 11 4 0
-15 40 -26 0
19 7 -20 0
31 -30 9 0
-26 -2 -40 0
31 -15 36 0
38 -3 48 0
20 37 -14 0
-14 44 -4 0
45 -12 -1 0
-23 43 12 0
39 22 -44 0
-23 -2 -5 0
-24 32 -38 0
28 -30 2 0
21 -36 34 0
18 -5 11 0
-23 -26 -12 0
37 26 -10 0
-50 29 13 0
-45 17 26 0
40 -49 28 0
28 -8 40 0
14 37 -33 0
-32 5 48 0
49 8 28 0
5 -49 -46 0
43 -42 24 0
-38 -32 -24 0
44 48 -24 0
-31 50 5 0
-26 -10 29 0
-38 -48 20 0
6 40 -38 0
-18 50 23 0
33 -35 -9 0
-13 48 -12 0
9 15 26 0
13 47 49 0
-27 -2 6 0
33 -10 -22 0
7 4 9 0
9 -6 31 0
-6 -8 -38 0
26 -39 27 0
4 -46 15 0
-38 46 -41 0
11 19 -24 0
-43 -15 -44 0
-32 2 20 0
-10 9 12 0
1 -16 41 0
-33 49 29 0
14 7 -31 0
47 3 19 0
15 5 -6 0
44 -19 -25 0
27 2 15 0
-10 -49 -42 0
-28 29 47 0
-27 -17 -2 0
-5 -17 16 0
20 -14 32 0
-4 -19 -25 0
-26 -28 -38 0
38 42 -17 0
25 -41 13 0
-40 -41 35 0
15 -4 -50 0
13 -50 -3 0
-6 19 35 0
6 37 20 0
30 -38 -15 0
-47 6 -49 0
25 27 44 0
23 49 -27 0
RESULT seed=3012 beta=0 result=0 decisions=64 conflicts=129
RESULT seed=3012 beta=25 result=0 decisions=253 conflicts=507
RESULT seed=3012 beta=5 result=0 decisions=253 conflicts=507
RESULT seed=3012 beta=10 result=0 decisions=253 conflicts=507
INSTANCE seed=3013 n=50 m=300
p cnf 50 300
14 -44 -31 0
-48 -23 38 0
-3 -40 -36 0
3 -29 -23 0
-46 -16 31 0
-19 -37 1 0
49 -13 45 0
7 -36 -47 0
-34 8 -20 0
-25 41 28 0
-32 -49 44 0
23 -4 -12 0
42 -40 14 0
2 -33 39 0
-33 47 46 0
-9 -35 -29 0
-17 32 -15 0
24 -22 -39 0
38 -12 20 0
21 48 -15 0
5 -40 16 0
-24 -2 26 0
34 22 -6 0
-24 1 5 0
21 35 -9 0
40 33 -46 0
-9 18 33 0
6 -40 5 0
-34 -48 33 0
33 -29 3 0
-21 35 44 0
5 -37 27 0
35 45 9 0
25 -27 14 0
-48 22 -1 0
-46 -27 40 0
-18 44 6 0
37 -45 12 0
-1 -7 18 0
24 48 22 0
-1 -34 6 0
15 40 -39 0
10 19 -48 0
23 -46 -8 0
-48 50 40 0
34 -47 19 0
-10 18 38 0
-40 -25 -42 0
28 12 38 0
8 17 -12 0
28 15 2 0
-11 -5 -36 0
41 -30 -8 0
38 21 -7 0
25 11 1 0
-47 33 -3 0
-40 4 30 0
41 9 1 0
14 28 -13 0
-21 33 -15 0
-9 39 1 0
23 -28 -22 0
-4 33 -15 0
28 17 -43 0
-34 -6 -27 0
-6 49 12 0
48 20 -5 0
17 -12 23 0
17 -48 -26 0
-13 -28 -17 0
42 -30 9 0
-13 17 -43 0
-24 -5 32 0
27 11 5 0
-33 14 25 0
-46 -32 10 0
10 -43 -38 0
-30 27 -6 0
-48 6 16 0
-35 -12 -10 0
12 -24 -14 0
46 -38 42 0
-23 -13 -15 0
28 11 -31 0
-44 5 43 0
-48 -46 10 0
-34 -1 37 0
4 22 -3 0
-5 36 -14 0
3 21 36 0
49 -5 4 0
-21 32 -13 0
19 -27 -29 0
43 33 47 0
-42 1 -44 0
-4 -45 -36 0
30 29 -39 0
-3 -15 14 0
31 2 1 0
-35 -24 -36 0
-26 41 -37 0
28 35 8 0
-29 -20 19 0
24 4 33 0
-27 28 -30 0
46 -47 -30 0
-26 45 -46 0
-39 19 -43 0
-45 -19 -21 0
-15 -50 -9 0
21 50 3 0
12 1 34 0
9 -6 -16 0
-32 -25 16 0
42 -7 -21 0
14 -2 49 0
8 33 48 0
-19 -35 50 0
-21 25 -6 0
-37 24 1 0
13 -35 20 0
-19 46 40 0
-42 -5 26 0
-8 -35 49 0
15 31 4 0
17 19 44 0
40 41 -2 0
-20 -10 14 0
-27 34 9 0
-19 32 -3 0
-43 -17 30 0
12 -18 -14 0
-24 -37 -8 0
-35 47 7 0
31 -33 -8 0
16 -13 -49 0
-28 -39 40 0
18 49 45 0
9 30 42 0
5 47 38 0
45 4 22 0
-20 37 -12 0
-41 -43 -18 0
-2 10 42 0
-17 -7 11 0
42 -23 4 0
36 -37 -45 0
18 34 -26 0
2 -25 -8 0
29 16 50 0
50 -9 48 0
50 -22 -32 0
21 -3 32 0
22 -47 -31 0
3 -5 40 0
17 -32 6 0
-25 27 -50 0
33 -41 -10 0
-21 7 -39 0
3 31 -33 0
20 -26 35 0
21 22 19 0
26 -40 -46 0
-27 19 32 0
-27 26 -17 0
3 2 39 0
-21 -15 19 0
8 39 28 0
-35 43 -34 0
-21 -20 29 0
18 -23 42 0
-20 -41 -25 0
-4 -24 -17 0
-43 -20 44 0
7 21 38 0
44 -30 29 0
-6 28 9 0
-17 -8 1 0
10 47 5 0
40 35 29 0
-30 -46 -47 0
27 40 25 0
43 4 34 0
17 35 -43 0
-45 -49 11 0
-37 6 -9 0
49 -47 32 0
-41 14 28 0
20 3 -17 0
28 -15 -1 0
41 1 -4 0
35 42 39 0
-18 41 -49 0
9 22 28 0
5 23 -19 0
-39 -38 -49 0
-3 -41 14 0
-18 -43 -22 0
-38 -16 -30 0
43 -44 -36 0
-36 46 19 0
27 -15 -38 0
-32 -34 43 0
-35 48 28 0
-16 40 37 0
-41 24 20 0
-35 32 -33 0
20 33 -4 0
2 32 27 0
14 -49 -47 0
48 26 7 0
3 -48 8 0
27 -33 16 0
-20 19 -50 0
-48 49 -8 0
31 -4 48 0
-43 -39 38 0
18 49 36 0
-1 -42 7 0
44 33 -47 0
-16 -46 -41 0
7 20 -14 0
12 18 15 0
-2 1 14 0
6 -20 -33 0
39 -4 10 0
17 42 -23 0
-8 44 -39 0
8 -12 -42 0
-48 -28 -22 0
-1 -34 -37 0
4 23 35 0
2 16 33 0
-45 -7 -6 0
-16 23 14 0
-28 14 17 0
-7 28 -4 0
-13 41 46 0
31 -40 19 0
-41 20 10 0
-36 -30 -2 0
13 37 47 0
10 40 -49 0
-25 45 -19 0
33 -43 -7 0
-21 45 38 0
-48 -38 29 0
-45 -20 44 0
-41 -20 32 0
6 3 -10 0
6 16 -27 0
-42 10 22 0
35 25 12 0
26 42 -23 0
-25 11 -31 0
10 28 -25 0
-2 -28 6 0
-6 -48 44 0
24 4 -34 0
24 6 49 0
3 -4 12 0
48 -14 -5 0
45 21 -4 0
28 -15 11 0
41 -30 -2 0
7 -20 -2 0
10 -22 -14 0
19 10 -46 0
-21 7 39 0
20 -14 -9 0
24 10 -42 0
-6 50 -16 0
-22 19 -27 0
-25 -23 20 0
-44 17 48 0
23 26 6 0
5 -27 24 0
23 -26 -47 0
4 -5 25 0
49 34 14 0
7 11 34 0
11 36 27 0
-16 12 2 0
-47 37 13 0
-12 8 41 0
-19 37 46 0
16 -1 21 0
-11 -22 10 0
-24 -41 -21 0
9 2 -5 0
-36 -33 41 0
-22 10 28 0
-3 26 -48 0
-7 1 19 0
46 1 -37 0
-43 45 -49 0
24 -29 20 0
-14 -7 -8 0
10 -5 45 0
-50 4 39 0
RESULT seed=3013 beta=0 result=0 decisions=49 conflicts=99
RESULT seed=3013 beta=25 result=0 decisions=49 conflicts=99
RESULT seed=3013 beta=5 result=0 decisions=49 conflicts=99
RESULT seed=3013 beta=10 result=0 decisions=49 conflicts=99
INSTANCE seed=3014 n=50 m=300
p cnf 50 300
-40 44 23 0
9 -29 -24 0
8 7 25 0
-18 -39 19 0
14 -20 -24 0
15 -28 27 0
42 14 30 0
-7 -27 -35 0
28 -45 -49 0
-3 -21 18 0
22 -39 1 0
45 -42 36 0
44 -25 48 0
-14 -8 9 0
-13 -49 -8 0
12 34 -19 0
-17 48 -40 0
-27 -26 31 0
12 -34 -36 0
-49 -35 -15 0
8 49 -4 0
-33 35 48 0
-13 32 -35 0
11 -48 49 0
-11 -46 -27 0
-12 42 32 0
-14 43 29 0
6 31 13 0
31 -4 42 0
47 -36 33 0
8 44 -10 0
18 13 19 0
-29 6 38 0
18 -12 -21 0
27 9 -6 0
13 -8 17 0
-47 6 -40 0
-17 -42 -1 0
-13 -40 -33 0
-29 -28 -12 0
35 -28 -50 0
-15 -37 -35 0
-7 -12 -30 0
21 32 9 0
13 -22 -29 0
-43 -7 28 0
26 -37 -48 0
-37 -20 43 0
39 -19 -44 0
-41 -29 7 0
-1 6 7 0
-48 21 -3 0
-13 -29 -46 0
8 45 -30 0
37 -48 -18 0
38 18 -16 0
41 -16 -12 0
36 47 -37 0
50 47 -49 0
27 38 33 0
28 -39 22 0
-2 21 -33 0
-36 10 40 0
-41 -5 -21 0
-48 -31 -36 0
25 -20 13 0
2 -30 -39 0
15 2 1 0
-16 -14 -37 0
-44 -40 -20 0
18 -28 -34 0
-29 -8 -43 0
22 49 32 0
-9 39 23 0
46 22 32 0
-23 35 -8 0
12 -46 3 0
49 8 -50 0
-25 -36 -2 0
22 35 9 0
28 -47 10 0
-4 43 19 0
47 -28 7 0
45 39 -40 0
-49 -44 35 0
-20 32 -37 0
3 -31 -8 0
37 30 -31 0
16 22 20 0
-31 32 -44 0
-50 -15 -8 0
-23 -4 50 0
21 13 33 0
22 -50 -27 0
12 26 -38 0
43 19 6 0
-36 -29 32 0
-21 -11 -43 0
5 -22 -27 0
45 -2 1 0
-42 32 5 0
13 -20 -38 0
39 7 23 0
-7 16 34 0
-9 32 -50 0
-21 -7 -14 0
-37 14 -9 0
-35 6 37 0
-28 12 39 0
27 13 31 0
-7 16 -39 0
-2 44 16 0
40 36 13 0
21 41 -24 0
-39 -25 -14 0
42 -6 8 0
-23 22 24 0
-8 21 -7 0
42 -47 10 0
31 -43 25 0
-1 -28 35 0
-7 -6 -46 0
14 -43 6 0
-28 48 -44 0
11 39 -23 0
1 -14 -18 0
-14 33 39 0
-15 -50 28 0
11 43 24 0
39 -46 28 0
-7 -18 -5 0
4 32 -22 0
-10 -25 47 0
-42 -32 8 0
-37 45 -44 0
27 -11 -39 0
48 -46 -13 0
4 -13 50 0
48 39 -43 0
13 25 37 0
-2 -22 28 0
-22 15 28 0
46 1 35 0
7 21 -46 0
32 1 -27 0
-34 -44 -16 0
4 -12 -7 0
2 -19 -28 0
-40 -34 -19 0
11 -32 36 0
-46 -26 31 0
40 -1 5 0
36 30 42 0
-23 35 -34 0
-9 34 32 0
-2 -27 32 0
-2 41 19 0
21 17 28 0
41 -9 32 0
-35 29 21 0
47 25 20 0
27 -37 17 0
42 -44 47 0
19 -16 -2 0
-12 31 -37 0
-27 38 15 0
-14 -5 -11 0
-9 -38 -35 0
38 8 -44 0
-24 26 7 0
-37 -17 -36 0
-6 -17 -5 0
35 4 -13 0
1 18 50 0
34 23 -30 0
18 50 -28 0
-18 44 -32 0
34 46 38 0
22 41 34 0
-9 -10 50 0
36 -30 -20 0
39 -26 1 0
20 49 -9 0
34 2 -32 0
-29 19 -26 0
-24 -27 18 0
-10 -24 50 0
5 17 49 0
24 -14 -16 0
-36 -14 -12 0
39 -34 -40 0
-6 -47 -41 0
-27 8 -18 0
-34 -50 30 0
-50 39 -28 0
-34 -44 4 0
4 -19 -33 0
2 -26 1 0
-15 41 19 0
45 -10 -12 0
-48 -31 33 0
28 45 -38 0
30 -11 8 0
-2 -24 31 0
16 -31 -39 0
18 -19 -3 0
21 -32 7 0
-16 -7 -14 0
-4 -42 28 0
24 31 49 0
32 4 41 0
48 -26 50 0
14 -49 38 0
-12 32 -46 0
39 -4 13 0
14 -49 43 0
-19 -25 46 0
-47 -34 40 0
-5 -9 -3 0
-7 -1 -32 0
-1 -41 -32 0
-41 11 -15 0
-7 13 -25 0
20 10 -15 0
-17 45 26 0
-24 -47 -7 0
48 7 -49 0
32 -6 -25 0
29 17 -31 0
21 10 -26 0
34 40 18 0
23 37 19 0
50 30 -22 0
36 44 39 0
13 -20 -32 0
-7 -2 46 0
43 49 -31 0
-24 47 -32 0
-2 32 46 0
46 -37 50 0
4 -40 25 0
50 -19 -20 0
-31 27 11 0
24 6 36 0
47 48 29 0
32 50 -39 0
1 13 41 0
-35 -30 8 0
8 44 -37 0
12 38 11 0
-37 -21 48 0
15 16 -6 0
-47 26 41 0
-31 4 -40 0
22 24 1 0
-15 -42 -36 0
20 3 -48 0
-36 -10 4 0
33 -32 36 0
-11 26 3 0
-3 44 -36 0
-35 -36 5 0
-22 -1 48 0
36 20 48 0
-38 47 -43 0
-11 -42 -9 0
-2 45 22 0
-23 45 19 0
-5 -50 14 0
39 3 15 0
15 33 -48 0
-26 -20 -3 0
-45 15 -28 0
4 44 -49 0
-41 -35 -32 0
-1 23 46 0
43 50 14 0
28 37 -46 0
-21 -1 -45 0
-41 -21 -44 0
-2 -16 15 0
5 -2 -47 0
46 -26 -38 0
14 -36 20 0
-26 16 -32 0
27 -41 -40 0
50 -23 5 0
-14 -31 -16 0
-19 4 40 0
-41 30 -3 0
17 -50 -5 0
17 11 -39 0
-36 42 12 0
24 48 -36 0
-31 -11 -47 0
33 -20 6 0
9 5 -32 0
24 20 -11 0
-31 36 -2 0
-49 44 15 0
RESULT seed=3014 beta=0 result=0 decisions=70 conflicts=141
RESULT seed=3014 beta=25 result=0 decisions=231 conflicts=463
RESULT seed=3014 beta=5 result=0 decisions=198 conflicts=397
RESULT seed=3014 beta=10 result=0 decisions=223 conflicts=447
INSTANCE seed=3015 n=50 m=300
p cnf 50 300
16 44 -15 0
-19 35 9 0
13 24 14 0
-33 -49 -15 0
-33 24 17 0
11 19 3 0
36 15 22 0
47 13 26 0
31 27 -6 0
-14 41 46 0
-48 -12 -24 0
-42 -18 15 0
16 -38 -26 0
-48 -7 -20 0
28 18 30 0
-16 17 30 0
22 8 -42 0
-10 30 -1 0
43 35 -31 0
21 9 37 0
18 -30 -47 0
28 17 -2 0
-29 39 -3 0
-29 -4 1 0
-7 14 47 0
23 -38 -8 0
-27 -39 -3 0
22 7 -42 0
-15 -25 1 0
16 -20 -46 0
-30 43 15 0
48 49 -2 0
14 2 -1 0
9 -10 -44 0
-31 3 -24 0
-39 -28 5 0
-29 24 -1 0
19 29 -31 0
35 32 -17 0
-19 -46 40 0
15 42 -9 0
40 14 9 0
5 -45 49 0
-43 -14 15 0
-9 -49 -19 0
-10 28 -22 0
20 29 -42 0
-6 27 4 0
15 -12 -11 0
-27 -45 -43 0
-46 -38 7 0
6 -14 46 0
-1 -20 15 0
36 -15 -19 0
20 35 36 0
-28 -30 -20 0
40 1 16 0
-13 46 -36 0
-16 36 -46 0
49 13 42 0
39 -31 -18 0
1 -6 -3 0
40 -26 -27 0
15 50 42 0
-45 -39 42 0
-3 21 50 0
-35 -45 10 0
37 -15 -3 0
-40 -12 -4 0
-29 -10 32 0
39 -35 5 0
42 22 -11 0
-38 -15 37 0
6 -23 13 0
29 -18 17 0
-13 11 6 0
32 4 27 0
-22 9 -2 0
-45 -5 20 0
31 10 6 0
-33 29 23 0
-20 -44 14 0
32 40 35 0
-28 -47 36 0
-43 -44 22 0
-44 5 -40 0
-5 26 -13 0
1 7 -18 0
-47 -4 37 0
4 -48 -27 0
19 -20 21 0
-35 25 41 0
-1 42 -2 0
-41 -36 5 0
-1 -17 35 0
-38 41 -46 0
-10 -26 28 0
-45 -13 21 0
-8 -20 15 0
45 -21 -7 0
28 26 -47 0
-14 -23 -35 0
42 46 41 0
-11 -24 37 0
47 37 -44 0
11 29 50 0
13 -50 -37 0
5 -12 -48 0
-23 -25 49 0
-11 19 1 0
13 49 -9 0
26 -15 16 0
47 -37 -31 0
-40 -18 -37 0
35 -47 -40 0
-19 20 -29 0
-17 34 24 0
10 27 -44 0
-40 -48 -9 0
30 -27 -35 0
-43 -37 6 0
-45 22 14 0
13 16 20 0
-50 29 -32 0
-4 -50 -21 0
-3 -34 7 0
11 26 17 0
-17 1 -18 0
-21 -1 -45 0
-23 50 8 0
20 -25 -24 0
25 -39 30 0
38 50 8 0
-13 11 -34 0
16 -3 4 0
-26 35 -37 0
-12 33 -48 0
31 20 -6 0
43 -21 33 0
38 -19 -28 0
-22 33 -23 0
29 -35 46 0
-44 -10 -34 0
-39 -31 -30 0
-46 -5 33 0
-7 -33 -15 0
2 -20 -32 0
-29 -18 35 0
15 -29 28 0
41 -14 20 0
14 15 -23 0
21 -20 -41 0
-26 -19 -39 0
-26 -29 31 0
41 31 1 0
-36 -13 39 0
-26 -3 31 0
14 21 18 0
35 46 3 0
50 34 -43 0
-44 23 21 0
-21 -31 -15 0
-14 -28 7 0
-15 7 -18 0
-13 -16 1 0
22 -23 3 0
39 7 -22 0
-39 32 -26 0
-25 -38 -21 0
-24 -48 35 0
48 -23 9 0
-3 -4 -12 0
-41 -8 35 0
26 -29 11 0
-31 -18 -6 0
-13 18 24 0
37 -46 -35 0
-30 -45 50 0
9 -20 -32 0
8 26 -28 0
49 6 42 0
29 50 -5 0
39 24 -48 0
46 -25 21 0
9 50 28 0
6 -47 -15 0
32 14 4 0
2 -9 -33 0
-27 -22 43 0
-17 -46 -9 0
-1 27 -33 0
-41 -40 49 0
12 1 17 0
20 40 49 0
27 -14 10 0
-12 -15 -39 0
-13 22 -23 0
27 -16 -45 0
26 -6 17 0
-38 32 -45 0
-47 19 11 0
1 -11 -12 0
30 9 33 0
-10 -14 19 0
27 3 29 0
-12 34 -27 0
-24 38 33 0
34 -1 13 0
-10 27 48 0
-42 9 -14 0
-43 -10 40 0
-35 28 -37 0
-13 -1 -47 0
-8 -39 -11 0
-9 17 -48 0
-25 -17 -36 0
-28 -21 -12 0
40 -32 -5 0
42 19 2 0
3 -47 -40 0
17 29 -11 0
-6 -47 -35 0
46 8 -15 0
-30 26 -24 0
28 -26 8 0
-32 -50 -49 0
-37 4 -35 0
-21 -7 6 0
35 22 -14 0
-23 36 32 0
-28 -4 17 0
-29 -32 -28 0
-19 -12 29 0
-30 44 45 0
-22 -7 10 0
-14 8 -33 0
37 -9 -42 0
2 -40 -18 0
-23 28 -3 0
-43 44 29 0
-12 -41 36 0
8 21 -32 0
-43 7 14 0
-7 40 -3 0
30 -28 -32 0
33 -47 -8 0
30 -19 5 0
-2 -33 -28 0
-46 -49 14 0
-25 -15 14 0
-7 -23 30 0
16 27 -5 0
37 50 -18 0
6 28 -21 0
-31 49 1 0
18 46 23 0
-25 -24 -5 0
19 -42 -35 0
-16 22 -21 0
-30 39 -42 0
10 -50 18 0
48 -6 34 0
41 -25 -46 0
-43 12 40 0
15 -33 -45 0
42 -23 9 0
22 15 50 0
45 29 -10 0
14 21 50 0
39 -49 29 0
-37 48 -11 0
2 -47 -44 0
50 3 -46 0
5 -45 -44 0
33 49 17 0
-12 34 -24 0
-2 25 12 0
-24 -2 47 0
-50 10 44 0
-29 -46 -15 0
-18 -15 33 0
-3 -26 -16 0
17 9 -6 0
-7 30 41 0
19 -38 -3 0
-2 6 16 0
13 -34 20 0
-8 41 22 0
20 -7 2 0
29 33 -22 0
48 42 -39 0
-34 30 -33 0
25 24 -41 0
-3 -4 -12 0
-14 -26 -4 0
26 -4 31 0
-30 -31 -23 0
-35 -13 32 0
15 32 -11 0
-16 -18 24 0
RESULT seed=3015 beta=0 result=0 decisions=64 conflicts=129
RESULT seed=3015 beta=25 result=0 decisions=113 conflicts=227
RESULT seed=3015 beta=5 result=0 decisions=113 conflicts=227
RESULT seed=3015 beta=10 result=0 decisions=113 conflicts=227
INSTANCE seed=3016 n=50 m=300
p cnf 50 300
-41 44 7 0
30 42 44 0
19 -41 3 0
48 -9 11 0
1 28 -11 0
7 11 28 0
30 16 -50 0
8 10 38 0
-18 16 43 0
9 31 21 0
27 -22 45 0
-24 -11 -46 0
-27 -28 36 0
-33 20 -38 0
25 19 -49 0
14 -11 -27 0
23 -13 -8 0
-48 -33 26 0
29 -36 34 0
13 49 26 0
36 22 -6 0
12 22 -11 0
2 10 -25 0
-9 -45 -19 0
-38 26 31 0
21 24 44 0
29 30 15 0
-21 -49 -32 0
8 -20 -13 0
17 -5 46 0
14 12 -44 0
17 -21 -46 0
-27 -32 -25 0
23 -38 -8 0
17 35 -30 0
38 45 47 0
8 -36 -16 0
-43 4 -48 0
19 18 -44 0
-37 -2 42 0
-44 19 50 0
43 37 -41 0
-33 -3 -28 0
17 -14 -46 0
26 -2 4 0
21 -8 26 0
44 -9 32 0
-34 -48 -43 0
11 -18 -25 0
-11 10 -50 0
-40 -35 48 0
48 -42 37 0
-19 44 29 0
-17 11 25 0
-3 -13 -46 0
-1 -34 -15 0
23 16 19 0
8 41 -38 0
-33 20 -28 0
3 -25 7 0
-2 48 4 0
33 39 -38 0
-26 -50 -20 0
42 -14 11 0
-35 -42 -37 0
-34 21 48 0
-15 10 -1 0
-45 32 -50 0
-11 -47 -35 0
30 -24 -33 0
-28 27 22 0
-40 36 -45 0
-29 43 -27 0
-41 12 46 0
45 35 28 0
9 2 -30 0
12 48 38 0
24 -30 2 0
47 36 35 0
-22 -32 -4 0
10 -31 19 0
-5 -11 -44 0
44 35 47 0
17 9 14 0
-10 -6 -7 0
10 43 -4 0
-10 30 8 0
38 -16 -34 0
-32 -27 -38 0
11 -13 12 0
44 -17 -37 0
-8 -21 46 0
32 -21 18 0
12 -48 -5 0
10 -15 -13 0
19 -3 -16 0
5 23 19 0
15 -46 38 0
6 29 -47 0
-34 30 1 0
6 -49 19 0
-35 -42 -9 0
-45 47 31 0
-39 -6 -37 0
-21 -15 40 0
-20 -14 -11 0
-47 48 14 0
49 10 -18 0
38 -10 -45 0
-12 -47 17 0
19 3 -4 0
46 -18 -23 0
-10 -5 -11 0
-18 4 30 0
-46 -48 -12 0
18 11 23 0
-28 2 26 0
20 24 32 0
32 41 -28 0
-15 -7 -36 0
-17 41 26 0
38 11 -10 0
-48 -8 44 0
41 15 48 0
48 -44 -29 0
41 -21 37 0
-16 -21 -20 0
-13 -26 33 0
46 -20 -22 0
36 34 27 0
-10 35 -25 0
-17 38 -30 0
45 -37 -13 0
-28 8 30 0
40 34 38 0
-27 -25 -47 0
8 -7 50 0
-40 46 33 0
-14 44 -18 0
3 48 17 0
-17 15 43 0
-12 -33 9 0
47 33 40 0
-7 -28 44 0
23 6 49 0
-44 21 12 0
-29 33 48 0
32 12 26 0
19 1 43 0
-22 17 -46 0
28 -43 35 0
44 32 -13 0
35 24 -20 0
30 25 -11 0
48 33 -7 0
-14 -44 -15 0
-42 13 28 0
25 -33 30 0
-38 17 31 0
3 35 43 0
50 -46 -15 0
38 20 10 0
-3 -47 29 0
-36 3 15 0
-49 -32 -15 0
20 1 -26 0
28 15 9 0
-46 -16 40 0
46 -50 32 0
-18 -10 -13 0
-4 -34 -18 0
-42 49 28 0
-30 5 -46 0
12 37 32 0
-37 -5 13 0
-33 42 -30 0
-47 -31 -43 0
-39 34 -19 0
-41 -3 38 0
-36 -25 -17 0
-23 -8 -14 0
-30 8 -9 0
-19 -41 -31 0
-43 -20 -11 0
-39 -42 12 0
49 -47 32 0
-25 13 11 0
-23 -5 -32 0
-23 13 22 0
43 -23 -11 0
36 3 -34 0
30 -47 -13 0
-10 -49 46 0
-15 -5 -43 0
1 -9 -14 0
-34 -49 33 0
25 -6 -17 0
15 50 40 0
2 48 -15 0
-27 29 -25 0
27 -32 21 0
-50 -2 -44 0
-41 14 -18 0
34 2 43 0
32 -38 -46 0
-9 23 -3 0
40 18 42 0
7 -43 -6 0
44 -34 40 0
-47 -4 2 0
-26 47 -2 0
19 13 32 0
-18 39 -24 0
48 22 -16 0
-18 47 -49 0
-5 -20 36 0
49 1 -48 0
14 37 32 0
-24 8 28 0
36 -42 2 0
20 -36 -16 0
5 21 11 0
-30 22 -20 0
-7 -33 -2 0
-17 27 50 0
-33 24 40 0
42 -22 19 0
29 5 12 0
29 34 -6 0
-2 34 -33 0
2 -1 -19 0
42 30 33 0
49 -42 -11 0
22 14 -18 0
-31 -42 38 0
-17 -38 39 0
-8 29 -3 0
-13 27 -37 0
3 33 -30 0
27 -30 -4 0
-20 -28 3 0
-19 -22 12 0
13 -17 10 0
-21 -31 -15 0
-48 5 -32 0
-14 3 -32 0
46 10 22 0
16 -18 -40 0
35 20 44 0
33 19 13 0
-22 -38 -40 0
-13 23 21 0
-50 37 31 0
-21 -19 24 0
-1 -40 25 0
27 39 -37 0
-12 -21 -41 0
2 -26 -34 0
-16 -40 10 0
-44 13 -34 0
25 -42 26 0
-11 -31 24 0
-16 47 50 0
37 -46 21 0
34 5 -45 0
4 9 22 0
33 -5 39 0
-8 14 -41 0
3 -40 46 0
28 -47 2 0
20 -33 49 0
-43 13 4 0
7 23 -11 0
13 44 8 0
48 -17 35 0
-44 11 -2 0
9 50 -7 0
-44 -33 -19 0
-34 13 36 0
-17 -9 35 0
42 -31 19 0
11 1 -17 0
20 12 -11 0
17 13 -5 0
49 -11 -20 0
-35 47 -21 0
-17 -38 -14 0
-40 28 -21 0
-44 39 -3 0
-39 -26 34 0
-38 -1 15 0
-14 39 -38 0
-41 37 2 0
31 -4 1 0
-6 23 19 0
-40 25 41 0
-43 24 11 0
37 15 -42 0
-45 50 -16 0
48 8 40 0
RESULT seed=3016 beta=0 result=0 decisions=105 conflicts=211
RESULT seed=3016 beta=25 result=0 decisions=322 conflicts=645
RESULT seed=3016 beta=5 result=0 decisions=280 conflicts=561
RESULT seed=3016 beta=10 result=0 decisions=280 conflicts=561
INSTANCE seed=3017 n=50 m=300
p cnf 50 300
17 45 49 0
40 48 -30 0
24 -8 -42 0
13 18 7 0
-19 -31 4 0
2 9 15 0
12 -32 37 0
26 38 -6 0
37 40 19 0
-36 31 5 0
-48 -27 6 0
-24 35 -43 0
-9 -34 -49 0
-1 32 -19 0
4 -6 -44 0
20 -33 41 0
16 44 15 0
37 38 8 0
-34 -49 -46 0
-26 42 34 0
25 31 27 0
-15 5 -2 0
41 10 16 0
-10 -35 -47 0
-45 23 19 0
30 -20 27 0
-13 -1 -10 0
13 10 -7 0
-50 38 2 0
49 -34 1 0
37 -39 21 0
40 36 33 0
-18 -44 -28 0
-30 23 -39 0
-15 37 44 0
40 37 -9 0
34 21 24 0
50 -45 3 0
7 44 -47 0
-17 50 -40 0
-24 27 48 0
-18 -31 26 0
1 19 23 0
-5 -49 -42 0
4 -31 27 0
-15 41 1 0
-46 26 1 0
17 34 -37 0
-3 -17 47 0
-48 42 43 0
7 -48 -29 0
-10 45 21 0
-1 8 -28 0
30 2 12 0
40 -14 -27 0
21 -43 7 0
39 -2 4 0
21 -7 19 0
34 6 5 0
18 5 24 0
41 37 -32 0
37 39 32 0
-22 2 47 0
-36 25 14 0
8 1 -34 0
-1 28 8 0
37 27 44 0
-34 26 3 0
3 -19 -48 0
-8 -21 -39 0
29 6 -31 0
19 -46 15 0
24 -44 41 0
-6 -34 13 0
-26 -6 -18 0
34 -37 -41 0
30 13 20 0
-20 -24 16 0
-11 -6 -34 0
-44 6 -1 0
10 -1 -42 0
44 50 -2 0
-46 -6 -1 0
-16 42 -46 0
-12 -29 32 0
44 -45 41 0
50 46 -9 0
15 -22 -31 0
11 8 7 0
46 30 -10 0
-4 -10 8 0
32 -48 -11 0
-17 23 12 0
-50 -40 -29 0
-8 -9 -28 0
-48 28 -47 0
44 46 11 0
46 -21 48 0
-1 16 24 0
-27 -21 49 0
31 20 45 0
-39 47 -45 0
-47 -39 38 0
-38 39 -42 0
-32 23 -35 0
-21 -37 33 0
26 50 31 0
-18 -30 34 0
17 3 5 0
10 -47 34 0
-40 21 -22 0
-27 -3 -4 0
49 -45 -14 0
-48 -26 37 0
39 23 -43 0
7 49 22 0
-49 35 48 0
30 41 35 0
20 7 25 0
-13 47 -37 0
32 -15 42 0
49 23 21 0
-3 13 45 0
-27 39 9 0
-49 27 46 0
24 36 16 0
-34 -44 25 0
26 -39 37 0
40 25 27 0
-42 32 3 0
16 -12 -31 0
36 -13 -2 0
22 42 -3 0
37 -22 -3 0
10 41 -18 0
50 -18 -40 0
36 34 -25 0
-28 -12 -44 0
-3 -6 -1 0
11 -29 42 0
36 -24 -44 0
-42 -19 -9 0
17 -48 28 0
-41 40 49 0
-35 10 33 0
13 -5 -16 0
-22 40 -4 0
27 -37 -28 0
-30 9 -22 0
11 -12 22 0
-23 -20 -28 0
-37 38 4 0
42 -22 40 0
27 9 -43 0
10 -31 48 0
-40 -6 16 0
35 15 32 0
-41 -16 -44 0
35 47 37 0
5 22 -40 0
40 24 45 0
49 36 -45 0
46 -5 37 0
-12 36 -31 0
13 -21 29 0
-9 -16 49 0
-4 8 -23 0
-38 -29 -36 0
17 7 42 0
21 -27 16 0
2 -22 3 0
49 -15 32 0
21 -8 -48 0
26 -33 -14 0
-14 42 47 0
-18 -47 7 0
42 47 -13 0
10 -31 42 0
-27 -10 17 0
-50 -47 -30 0
-45 -48 -5 0
-37 -28 5 0
-27 -44 41 0
35 36 -16 0
-31 22 -50 0
27 -39 29 0
-15 -48 36 0
28 7 -37 0
-43 17 35 0
-2 -41 -33 0
-9 -31 50 0
-22 -41 -29 0
5 -39 -9 0
29 -16 30 0
46 26 31 0
-25 -45 -38 0
-32 -47 18 0
-25 -47 3 0
15 -26 33 0
39 40 10 0
1 30 -50 0
-40 4 9 0
30 -7 -24 0
8 -36 48 0
11 -47 -20 0
4 -6 19 0
10 -26 17 0
-12 -25 24 0
-30 -33 -38 0
8 -23 21 0
-32 26 15 0
-2 -1 13 0
-13 -40 -20 0
9 35 4 0
-2 45 -50 0
36 33 23 0
-26 1 32 0
47 -46 -24 0
-12 2 32 0
-5 46 -11 0
-23 -30 -6 0
38 34 20 0
39 -35 3 0
-22 -44 -30 0
44 -45 33 0
-17 -27 -48 0
-48 26 -19 0
8 13 2 0
3 -42 31 0
-14 3 17 0
28 -20 -47 0
-8 37 16 0
-22 48 30 0
-35 29 21 0
-37 -36 26 0
-47 19 -37 0
16 22 -13 0
-34 4 -7 0
-38 15 -17 0
-28 -22 -45 0
-30 10 -40 0
25 29 -41 0
47 -23 34 0
44 47 -12 0
-3 -35 -20 0
28 46 -13 0
-42 31 -23 0
-7 44 30 0
-19 -8 25 0
-40 -24 -11 0
37 -4 -50 0
10 19 -36 0
-12 24 -43 0
36 -33 31 0
-31 -38 23 0
11 39 17 0
-43 -42 11 0
-44 10 -16 0
-48 20 -37 0
-12 25 31 0
-8 -1 22 0
-42 17 -24 0
-27 10 38 0
-3 13 -39 0
-8 -32 45 0
9 -3 2 0
-13 -7 21 0
-14 19 -24 0
-22 -32 43 0
27 23 30 0
46 -8 -12 0
-15 -36 -22 0
-6 43 19 0
-29 8 -24 0
5 17 46 0
-23 47 31 0
23 8 30 0
-36 42 35 0
-1 30 42 0
33 47 -46 0
14 33 -8 0
4 19 31 0
45 -48 47 0
-20 -29 35 0
-37 17 15 0
17 -25 -47 0
29 -45 -21 0
20 -50 -43 0
-45 7 -10 0
8 13 -42 0
-6 -47 -27 0
33 -13 49 0
-18 -24 33 0
20 -24 2 0
45 -21 16 0
-14 -48 -8 0
-43 -47 -17 0
3 -25 -19 0
21 29 47 0
6 32 -37 0
RESULT seed=3017 beta=0 result=0 decisions=58 conflicts=117
RESULT seed=3017 beta=25 result=0 decisions=71 conflicts=143
RESULT seed=3017 beta=5 result=0 decisions=68 conflicts=137
RESULT seed=3017 beta=10 result=0 decisions=68 conflicts=137
INSTANCE seed=3018 n=50 m=300
p cnf 50 300
-43 -45 -42 0
-1 4 15 0
29 25 -31 0
-29 28 -3 0
38 35 47 0
48 43 30 0
17 -18 -20 0
-9 42 -50 0
-41 21 -42 0
-32 25 -15 0
-41 21 -12 0
25 -48 -3 0
-1 3 -31 0
47 12 -50 0
-37 3 11 0
32 -1 -47 0
10 44 -7 0
-11 -29 -18 0
35 21 -33 0
28 -3 9 0
32 -28 7 0
42 8 -48 0
-2 22 46 0
22 -25 50 0
6 -15 16 0
16 37 46 0
25 47 37 0
49 27 -38 0
-6 30 -13 0
-37 42 22 0
-38 -13 -33 0
-26 -9 25 0
40 4 -12 0
-34 -22 7 0
42 -6 -16 0
5 18 -11 0
42 -7 -45 0
-13 21 20 0
-24 -9 21 0
-16 45 -7 0
-11 22 39 0
-47 -43 25 0
-9 -22 -44 0
-4 13 37 0
38 -18 42 0
36 -14 23 0
-46 -9 42 0
27 -20 -9 0
16 30 48 0
3 16 23 0
20 9 21 0
16 -31 -33 0
10 -48 44 0
-15 -43 30 0
30 -2 -6 0
-49 -18 -40 0
17 -40 -18 0
31 16 -29 0
-13 -7 -11 0
47 20 33 0
48 9 15 0
13 -1 -11 0
35 32 26 0
-50 -41 -49 0
38 -11 -5 0
-28 -7 22 0
10 19 16 0
24 -29 21 0
49 20 -9 0
-8 39 32 0
-37 -25 35 0
-36 -16 2 0
-44 3 9 0
-39 35 26 0
-14 6 -17 0
-50 39 16 0
-30 37 1 0
39 27 48 0
-38 -13 -7 0
3 13 24 0
-10 -36 -48 0
-47 27 13 0
19 -47 2 0
36 -28 20 0
30 20 -26 0
-27 -44 32 0
15 22 49 0
11 -10 -26 0
-46 38 -34 0
37 4 -49 0
8 -46 -25 0
-41 -42 33 0
47 -21 9 0
-20 -1 48 0
-24 -6 -2 0
25 -4 6 0
42 25 35 0
-25 16 19 0
23 32 6 0
45 43 -25 0
-45 -15 32 0
-40 34 30 0
25 -4 -1 0
19 30 -29 0
48 -44 -8 0
9 -49 27 0
-35 -47 39 0
-39 15 37 0
45 -19 -35 0
37 14 -46 0
9 -28 -33 0
1 27 -31 0
41 22 34 0
4 38 2 0
13 43 -38 0
39 -10 18 0
-11 15 46 0
11 -23 -33 0
-31 -43 -20 0
-40 17 -45 0
-3 -45 49 0
-22 47 -32 0
-5 16 19 0
-15 30 -5 0
29 39 19 0
-3 -40 24 0
-37 47 4 0
-1 40 35 0
-8 43 -30 0
-50 2 40 0
-16 36 -29 0
-20 7 -9 0
42 -7 -8 0
18 -19 30 0
1 23 22 0
-29 26 -48 0
-14 18 35 0
-20 -22 43 0
28 31 -26 0
37 -40 -26 0
-49 3 -14 0
24 47 28 0
-13 45 -44 0
-3 16 20 0
16 7 -18 0
24 36 42 0
-9 18 28 0
-22 1 40 0
-8 -27 -6 0
18 -2 22 0
1 24 -23 0
10 -46 -34 0
22 40 -12 0
16 -20 -44 0
17 -41 -37 0
35 32 30 0
-25 5 -37 0
-48 -40 -19 0
10 44 -12 0
-43 -21 -27 0
48 -28 13 0
46 47 -27 0
-26 -4 39 0
-14 -20 -25 0
-33 -40 44 0
-14 -47 2 0
48 2 25 0
-14 -42 15 0
13 -37 -48 0
44 46 -4 0
-50 35 34 0
44 -20 -22 0
-45 20 12 0
46 35 -24 0
28 -30 46 0
-38 -28 33 0
18 46 -24 0
18 32 40 0
16 -35 12 0
-31 21 43 0
-49 -11 -6 0
17 -12 -29 0
-19 -20 12 0
-11 -9 -32 0
-1 -50 24 0
12 -37 8 0
-50 44 39 0
-22 31 40 0
41 40 -4 0
24 36 14 0
6 -24 -13 0
-29 41 -34 0
-11 -27 -34 0
8 -45 40 0
5 40 -21 0
23 14 -25 0
46 -28 15 0
-31 33 -28 0
7 40 -50 0
-18 -13 4 0
-41 -28 33 0
18 9 8 0
16 17 -23 0
-34 -48 -38 0
44 28 -12 0
3 -11 41 0
40 17 50 0
-50 -41 36 0
38 10 -46 0
18 -1 12 0
-27 -37 -46 0
22 -1 33 0
13 -44 12 0
1 45 23 0
-49 14 -8 0
-42 -12 -43 0
4 -18 -23 0
23 30 33 0
-28 9 19 0
18 -41 28 0
-43 -22 -40 0
-22 -46 -33 0
-44 40 -23 0
-35 49 -20 0
-1 -15 42 0
-13 -50 10 0
23 6 2 0
1 -10 -34 0
-3 -44 42 0
-38 14 7 0
-28 18 -5 0
-35 -37 -26 0
42 24 -30 0
4 16 -27 0
-38 20 -21 0
9 39 43 0
-23 -50 17 0
12 -18 31 0
-22 -48 42 0
-21 -29 20 0
18 -11 -25 0
35 -3 32 0
8 -41 -22 0
22 -19 13 0
-50 42 14 0
38 -41 -16 0
-39 -44 -37 0
2 -24 -48 0
20 9 -44 0
43 -25 -8 0
27 50 39 0
22 46 27 0
16 17 33 0
49 29 -47 0
-32 -11 -31 0
-33 -34 7 0
11 -39 2 0
-50 40 -32 0
43 -32 -14 0
44 -19 -28 0
-43 25 7 0
-1 24 38 0
47 -43 20 0
3 43 10 0
-23 25 47 0
7 18 -28 0
-41 9 -35 0
-25 20 -35 0
-50 -31 2 0
-3 -23 -24 0
2 -44 -36 0
-50 32 43 0
-25 15 7 0
41 48 -29 0
-38 17 -5 0
-39 -22 31 0
3 2 8 0
-23 -28 -25 0
32 2 37 0
39 -41 -50 0
28 -30 31 0
-29 -14 47 0
40 11 38 0
38 -1 -27 0
-6 9 8 0
28 -38 -46 0
4 27 39 0
14 33 46 0
42 17 -20 0
44 12 32 0
-6 20 42 0
14 -29 19 0
-31 -35 43 0
-32 43 8 0
-20 -23 -33 0
23 46 21 0
-43 30 -24 0
30 23 14 0
1 31 -10 0
-31 34 -33 0
RESULT seed=3018 beta=0 result=0 decisions=67 conflicts=135
RESULT seed=3018 beta=25 result=0 decisions=64 conflicts=129
RESULT seed=3018 beta=5 result=0 decisions=67 conflicts=135
RESULT seed=3018 beta=10 result=0 decisions=64 conflicts=129
INSTANCE seed=3019 n=50 m=300
p cnf 50 300
18 -45 34 0
12 -10 -1 0
34 42 -19 0
-44 38 50 0
6 39 -41 0
44 34 5 0
11 -19 5 0
9 33 -30 0
-3 24 -16 0
43 22 -13 0
-23 45 -46 0
25 -17 -31 0
12 16 29 0
3 -33 32 0
42 45 18 0
-26 32 22 0
-15 25 14 0
44 46 42 0
31 -43 16 0
-36 -16 -12 0
-21 -42 45 0
28 -1 10 0
8 -31 -28 0
-41 16 15 0
35 8 14 0
43 23 24 0
-30 22 -38 0
-41 16 4 0
-10 38 -22 0
-36 9 -25 0
38 -28 -31 0
28 -14 -46 0
40 -31 3 0
-23 -1 -35 0
-47 9 -31 0
-13 4 -48 0
28 25 -50 0
-13 -33 36 0
-29 -20 49 0
6 -13 37 0
3 -31 47 0
48 -42 -21 0
6 -49 28 0
23 -29 -43 0
-25 -37 -2 0
35 -30 -14 0
31 -32 -5 0
38 34 15 0
20 -27 -43 0
-4 8 -21 0
14 17 34 0
-41 -29 30 0
-34 -45 -33 0
23 -15 -19 0
-37 3 19 0
-27 -2 36 0
9 29 24 0
3 24 -25 0
3 -26 -48 0
-9 -23 8 0
7 38 -41 0
8 -47 24 0
1 -3 -47 0
24 13 -15 0
9 -23 -13 0
15 -12 2 0
4 -3 -23 0
-17 -45 -36 0
-49 19 -20 0
-44 -36 -21 0
14 40 -13 0
-8 -23 -32 0
-25 37 -14 0
19 -15 36 0
28 33 45 0
44 19 30 0
-15 44 -48 0
20 22 43 0
17 40 -14 0
-43 38 24 0
-43 4 10 0
-16 -50 -6 0
-33 25 -6 0
-3 9 -24 0
40 16 -49 0
46 -9 -25 0
20 17 23 0
-4 25 44 0
45 48 -12 0
19 -5 38 0
40 -29 -19 0
45 -10 2 0
27 18 35 0
-9 2 -27 0
4 9 -26 0
26 31 -3 0
26 4 22 0
43 -24 16 0
-11 23 13 0
16 -47 -46 0
31 24 6 0
14 16 38 0
-25 5 4 0
17 -29 -2 0
-48 3 -4 0
-18 20 14 0
-43 -18 46 0
45 32 36 0
44 2 -28 0
40 46 39 0
-38 -29 -30 0
-33 -38 39 0
24 1 32 0
27 -25 -18 0
8 -15 -42 0
23 41 -14 0
-4 -21 -35 0
48 40 27 0
9 22 -21 0
4 30 34 0
-31 50 38 0
-27 46 -18 0
11 38 -45 0
43 -32 40 0
17 -50 -42 0
28 -20 -14 0
42 -50 -23 0
-12 -33 27 0
49 -19 7 0
-22 -8 41 0
28 50 -25 0
-8 2 35 0
10 -39 2 0
5 -28 -19 0
-26 33 -3 0
-14 5 -28 0
-25 23 1 0
10 -45 32 0
-4 35 -13 0
-11 15 12 0
-18 2 29 0
12 10 -48 0
-11 25 46 0
47 40 16 0
40 -23 10 0
-43 -4 -49 0
-29 -28 38 0
-23 44 38 0
-25 -3 -14 0
-44 33 -30 0
-26 -35 49 0
-18 -19 -45 0
31 -22 42 0
-22 -35 24 0
-37 15 13 0
17 -45 -27 0
17 24 -10 0
28 -10 44 0
-12 -39 -9 0
-2 38 35 0
40 -31 -50 0
21 20 5 0
44 -11 -41 0
16 -8 5 0
50 -37 -14 0
46 -12 -40 0
-18 37 32 0
49 -40 39 0
-25 -29 49 0
-6 -40 21 0
-45 -1 -33 0
-36 19 -28 0
16 -39 15 0
-6 -8 21 0
34 -32 -5 0
-23 -33 17 0
25 31 -35 0
33 39 -4 0
11 15 -17 0
37 24 9 0
1 49 -18 0
-44 6 5 0
15 -14 34 0
-25 -46 10 0
2 -43 -21 0
48 -7 2 0
42 -36 40 0
-48 18 -43 0
-40 -13 12 0
2 -47 -46 0
-40 -12 44 0
37 -14 -10 0
-49 27 -50 0
37 41 12 0
15 -38 -1 0
-38 25 45 0
25 -35 43 0
41 9 -11 0
-15 -24 -3 0
37 18 22 0
4 36 -10 0
15 35 17 0
-36 -2 -27 0
-1 -46 -15 0
-1 -16 6 0
-39 46 28 0
-10 22 39 0
5 -27 -14 0
21 13 -11 0
-32 45 -38 0
29 32 35 0
-25 -15 -13 0
25 33 32 0
-30 10 -12 0
-12 27 14 0
-44 12 -47 0
33 11 -34 0
46 -42 -23 0
23 -41 44 0
21 4 50 0
-18 50 5 0
-30 -12 46 0
-5 -18 -12 0
48 31 -34 0
26 -2 -45 0
-1 15 -46 0
14 -44 12 0
-36 31 -45 0
-35 -16 25 0
30 -5 31 0
-18 -5 -38 0
36 -27 -39 0
1 -47 -4 0
35 45 34 0
-26 -45 44 0
-14 -24 35 0
22 31 10 0
-37 -24 -32 0
-44 -46 -31 0
37 46 -14 0
19 5 2 0
-38 -14 -41 0
-18 33 38 0
-45 7 11 0
-47 -9 29 0
45 -17 -7 0
-26 32 23 0
24 39 -46 0
9 38 33 0
-35 -5 33 0
9 17 34 0
19 -4 11 0
-16 37 -47 0
19 16 -10 0
-3 -50 -32 0
-40 2 -35 0
30 42 33 0
40 25 -35 0
-5 -17 47 0
11 -27 7 0
11 8 14 0
-27 -24 -28 0
13 -39 22 0
-9 -31 -2 0
-38 -8 33 0
39 -17 33 0
44 -46 -9 0
-5 -33 11 0
-50 -41 -22 0
41 35 -29 0
29 -23 -42 0
-36 10 -38 0
26 -4 48 0
36 3 -42 0
-46 -35 23 0
42 -41 35 0
-28 26 -40 0
3 -28 34 0
-37 -21 11 0
31 50 44 0
16 -27 -44 0
37 26 -4 0
45 -31 -3 0
9 -3 -24 0
-27 43 -39 0
30 32 -29 0
50 -2 -43 0
49 50 -15 0
-8 -47 -42 0
-3 -20 -42 0
-43 32 41 0
-18 1 22 0
-7 25 48 0
11 -40 7 0
-10 -30 -36 0
-43 13 7 0
-27 8 -17 0
-22 25 -36 0
-5 32 -41 0
27 37 -1 0
RESULT seed=3019 beta=0 result=0 decisions=208 conflicts=417
RESULT seed=3019 beta=25 result=0 decisions=243 conflicts=487
RESULT seed=3019 beta=5 result=0 decisions=247 conflicts=495
RESULT seed=3019 beta=10 result=0 decisions=243 conflicts=487
INSTANCE seed=3020 n=50 m=300
p cnf 50 300
-44 -45 26 0
-22 -17 36 0
40 -9 8 0
9 48 -46 0
-24 -42 34 0
-40 26 31 0
5 20 40 0
9 -24 -11 0
-15 -27 -41 0
4 -18 -10 0
5 20 29 0
25 -36 9 0
24 -28 27 0
-10 5 -13 0
-48 36 -23 0
-50 -41 16 0
47 -25 -7 0
-25 -24 -11 0
41 6 -32 0
43 7 -12 0
-24 50 33 0
-37 -35 32 0
-38 40 -10 0
36 -26 10 0
2 -13 26 0
-16 -50 44 0
5 25 -32 0
20 -50 38 0
-37 32 28 0
-44 -7 38 0
8 41 -39 0
-39 3 29 0
19 -37 -34 0
16 14 -49 0
-8 2 -35 0
45 19 23 0
28 -9 -12 0
18 16 12 0
25 -16 29 0
4 41 36 0
35 32 -11 0
-11 8 18 0
48 -31 47 0
-11 41 -50 0
-26 8 -32 0
-18 -7 38 0
-15 -25 48 0
49 40 -33 0
-22 -21 -41 0
16 36 41 0
-28 22 -12 0
-46 38 -9 0
44 22 28 0
34 9 16 0
-34 49 16 0
43 -19 -25 0
-9 -38 -17 0
-25 1 13 0
-31 44 -35 0
43 8 -14 0
-6 -48 -13 0
31 6 9 0
16 -25 -7 0
-2 48 37 0
19 -13 -17 0
-18 8 14 0
35 -43 -33 0
-18 12 41 0
-3 38 30 0
1 5 -34 0
18 42 -45 0
9 15 1 0
-12 40 36 0
-44 12 -16 0
-17 39 -15 0
-1 -22 8 0
-30 -16 -26 0
-35 -45 32 0
15 -11 42 0
2 10 29 0
-36 42 -6 0
42 -40 1 0
-49 -43 -5 0
4 26 -47 0
36 19 16 0
44 -6 -13 0
17 5 -15 0
50 35 -25 0
-42 35 -48 0
20 38 2 0
-30 -5 16 0
-47 -8 -23 0
-34 -45 17 0
-19 -20 -30 0
49 -7 -44 0
48 46 21 0
30 -16 -33 0
27 16 26 0
49 16 2 0
30 21 -43 0
47 -35 30 0
13 10 31 0
-22 10 29 0
-14 -11 -16 0
48 10 -31 0
27 40 30 0
-23 -14 -16 0
-33 27 25 0
-39 20 -4 0
-31 -19 -33 0
-16 -17 -12 0
-36 -38 16 0
7 -4 -23 0
37 11 -39 0
3 36 22 0
-46 -39 -34 0
2 -41 12 0
23 39 -9 0
11 -20 7 0
-2 8 15 0
-13 -34 37 0
8 47 19 0
6 -49 -19 0
50 -11 -40 0
5 -25 11 0
-40 5 11 0
-9 -26 -10 0
35 11 -37 0
45 11 49 0
49 30 -38 0
-31 -8 -22 0
41 24 -45 0
-21 11 -24 0
-34 -29 -10 0
-14 -48 -5 0
41 -44 7 0
-24 34 42 0
-14 22 10 0
-6 -23 1 0
-20 -4 -41 0
25 22 -26 0
-34 -19 -4 0
-19 22 -3 0
-4 25 -16 0
-25 -18 5 0
49 34 3 0
16 8 -47 0
-30 20 -48 0
-18 -22 -1 0
-10 35 -43 0
-9 -27 -29 0
-24 13 -25 0
-9 -37 42 0
19 5 15 0
14 -2 -48 0
9 -16 27 0
43 47 -30 0
-31 -39 25 0
42 13 41 0
-6 -5 -37 0
16 3 -40 0
-48 44 -8 0
37 -21 -9 0
-17 37 -3 0
37 44 -26 0
7 -30 34 0
-5 -41 -38 0
18 16 35 0
26 -11 -8 0
-13 -42 50 0
41 4 16 0
36 -44 2 0
15 10 -13 0
15 35 26 0
43 14 38 0
-19 23 18 0
-33 16 4 0
27 -1 -39 0
-30 -1 -14 0
6 -45 -27 0
-46 19 -7 0
37 -30 3 0
41 -10 -9 0
-36 33 28 0
28 -18 24 0
20 -32 -33 0
-22 -37 7 0
4 -11 -10 0
20 -33 -18 0
-23 41 48 0
22 30 12 0
-46 -47 -48 0
-7 39 26 0
41 8 18 0
44 15 5 0
37 42 20 0
40 -38 36 0
10 21 -40 0
-29 30 -36 0
-31 -20 24 0
-20 13 -38 0
-36 16 -49 0
28 -16 -14 0
18 7 -19 0
-23 -3 12 0
-50 -17 26 0
-46 7 32 0
-33 -14 21 0
29 -15 -4 0
-1 18 3 0
-43 -50 36 0
27 -49 -5 0
-23 20 36 0
41 17 37 0
-48 4 20 0
-41 -8 4 0
-33 -12 -34 0
-38 -4 21 0
25 16 -1 0
26 -21 24 0
4 -33 -19 0
40 9 -30 0
26 17 -19 0
17 -49 -27 0
32 -18 24 0
-36 32 28 0
1 6 -22 0
-28 -8 25 0
15 42 27 0
29 21 38 0
6 14 13 0
-22 -34 25 0
22 -26 40 0
-46 -41 10 0
2 40 45 0
-50 -28 -23 0
-27 34 50 0
-39 -4 32 0
44 -17 46 0
-26 13 39 0
18 -26 41 0
-34 -44 -33 0
13 -31 37 0
39 -12 40 0
2 37 -24 0
-46 -4 49 0
-17 25 -7 0
27 -44 25 0
-29 22 49 0
22 21 -16 0
13 -37 -8 0
32 49 29 0
1 7 -32 0
50 -34 -32 0
-31 -24 12 0
-16 29 45 0
-28 18 -45 0
36 3 -40 0
33 39 46 0
-1 -49 -12 0
22 -29 13 0
5 -3 -28 0
-32 -8 25 0
-20 30 49 0
43 -12 -6 0
42 -46 -17 0
3 21 14 0
42 33 -4 0
-40 34 -15 0
25 48 -45 0
31 4 32 0
20 -39 -1 0
-9 47 -23 0
18 -42 -33 0
43 42 -38 0
-43 17 35 0
-2 12 34 0
1 34 23 0
9 6 -22 0
24 3 20 0
14 -48 -50 0
8 -25 -26 0
12 -47 2 0
-24 5 -41 0
1 39 46 0
-7 40 14 0
10 32 11 0
40 -3 -2 0
7 -13 46 0
50 -21 25 0
35 -27 -12 0
-9 -16 -36 0
-38 17 28 0
-38 13 -4 0
18 -25 -29 0
-39 -21 15 0
-42 -31 12 0
-12 -40 27 0
-24 -36 -16 0
-24 37 22 0
RESULT seed=3020 beta=0 result=0 decisions=62 conflicts=125
RESULT seed=3020 beta=25 result=0 decisions=116 conflicts=233
RESULT seed=3020 beta=5 result=0 decisions=116 conflicts=233
RESULT seed=3020 beta=10 result=0 decisions=116 conflicts=233
INSTANCE seed=3021 n=50 m=300
p cnf 50 300
20 45 -18 0
-33 -23 -22 0
-45 -26 47 0
24 8 42 0
43 -46 -27 0
-36 17 6 0
48 20 25 0
-10 -15 41 0
-26 29 -15 0
-16 15 -8 0
37 44 -13 0
-26 -5 38 0
-36 -41 -25 0
-17 -26 -44 0
4 28 -42 0
-31 -32 -2 0
14 6 31 0
47 -7 -19 0
-48 -31 -26 0
-34 10 -27 0
39 34 -37 0
37 30 2 0
-16 -3 41 0
21 46 -32 0
25 -43 8 0
-5 25 21 0
46 44 -16 0
20 23 2 0
19 -38 42 0
23 35 49 0
39 -17 -40 0
-16 43 8 0
11 -18 -1 0
49 -10 -3 0
31 2 40 0
2 -34 42 0
-24 -19 -31 0
31 -48 35 0
16 -3 22 0
-29 28 -23 0
17 -27 43 0
18 -7 8 0
34 -19 -48 0
37 1 26 0
-10 -12 -13 0
-45 -35 -34 0
32 -35 -13 0
43 -42 32 0
-28 -22 -6 0
38 -17 23 0
36 -31 -6 0
8 36 38 0
-8 -10 -11 0
35 -44 17 0
-49 -10 -30 0
-17 -11 47 0
-33 16 5 0
-27 -49 29 0
16 -49 -46 0
29 14 -21 0
27 -26 -21 0
18 12 6 0
7 -8 37 0
46 47 49 0
27 43 3 0
3 31 12 0
16 -20 31 0
2 28 -40 0
14 -40 -13 0
20 -26 35 0
41 -5 17 0
13 -34 -20 0
11 -20 36 0
13 16 -41 0
-26 -1 24 0
46 -29 -3 0
14 46 47 0
1 -19 4 0
-17 -13 12 0
-21 28 39 0
-11 40 21 0
24 43 -14 0
-25 -2 29 0
28 -8 -15 0
42 39 -28 0
-19 -37 -38 0
26 9 -16 0
-47 -16 5 0
16 -37 -19 0
48 -41 -22 0
-20 -3 24 0
20 36 15 0
-13 -15 4 0
31 8 21 0
9 -29 20 0
16 10 -8 0
-7 12 32 0
39 -27 -33 0
-21 30 48 0
-19 -17 -13 0
-36 -50 -3 0
-1 8 -31 0
15 9 -6 0
2 -24 50 0
36 -17 41 0
46 -28 37 0
27 5 17 0
-47 41 -24 0
38 -42 4 0
-10 14 25 0
-32 -38 -20 0
20 45 -1 0
-29 2 15 0
27 9 -36 0
38 -14 -50 0
-46 45 39 0
38 48 -42 0
48 20 -16 0
-38 -32 27 0
5 38 -4 0
4 -13 38 0
22 17 34 0
-50 -34 5 0
-48 -20 34 0
-23 39 -32 0
3 4 -9 0
19 47 10 0
41 14 -23 0
-30 -40 -39 0
-17 21 -39 0
-45 -6 40 0
-30 -42 22 0
22 50 -28 0
-5 -7 -11 0
43 -48 42 0
3 2 33 0
-28 -11 37 0
-26 -43 -46 0
-32 -10 18 0
-11 -36 -50 0
27 -14 28 0
49 -6 -7 0
5 -13 3 0
-41 -34 -45 0
37 -38 24 0
-2 -32 36 0
-16 22 18 0
2 48 -20 0
-48 6 27 0
4 37 28 0
-32 5 -22 0
21 -27 35 0
-32 -46 -47 0
50 37 33 0
3 47 8 0
-50 -2 -17 0
1 48 -38 0
-27 8 22 0
5 12 21 0
42 -25 41 0
-29 -49 43 0
49 17 -29 0
-43 44 -46 0
42 -39 -21 0
44 33 -21 0
-7 23 -3 0
31 17 9 0
-4 -6 -32 0
40 -47 34 0
-44 41 -37 0
36 21 -6 0
-17 -11 -42 0
-9 -42 5 0
-46 -28 8 0
42 5 -40 0
12 -33 -14 0
33 -28 43 0
-49 -40 -43 0
36 43 35 0
-27 -48 24 0
-3 -21 31 0
2 34 4 0
3 34 -27 0
14 -7 -5 0
-24 -14 42 0
18 37 21 0
-23 -13 31 0
41 37 -4 0
-32 16 -42 0
-38 32 -25 0
-17 -9 15 0
-1 -43 41 0
-43 -15 -41 0
45 -17 44 0
33 50 -21 0
-1 5 -37 0
20 -47 1 0
13 41 7 0
28 36 10 0
-11 -37 -16 0
16 -9 18 0
39 42 -47 0
-11 49 13 0
-18 43 30 0
-31 -7 -50 0
33 42 3 0
-39 18 14 0
-41 47 45 0
-28 -40 -11 0
-18 50 44 0
37 44 27 0
6 -46 48 0
-43 -24 -23 0
-19 -12 -5 0
9 5 12 0
39 -32 -5 0
21 -8 38 0
-1 35 40 0
-11 -30 -43 0
-5 38 12 0
-39 12 19 0
-5 21 40 0
-22 -20 50 0
20 24 -18 0
38 9 17 0
-18 21 -47 0
-24 50 16 0
49 -10 -1 0
4 -12 18 0
-45 7 46 0
8 40 -30 0
14 17 -12 0
-29 -45 -1 0
9 -32 19 0
36 8 -14 0
-29 -13 -14 0
-24 -31 -35 0
22 27 -24 0
6 -40 -14 0
-46 -8 10 0
9 -8 -43 0
2 47 41 0
-46 -20 -23 0
-20 11 32 0
-48 -49 44 0
19 -43 -17 0
32 40 -34 0
27 -24 -17 0
23 38 -40 0
39 -33 26 0
-47 34 -10 0
-23 45 -12 0
7 8 -36 0
-22 -21 36 0
-1 -31 -17 0
17 -46 26 0
-5 30 -27 0
-25 -45 -36 0
35 1 12 0
-17 -37 12 0
47 45 -28 0
-32 -2 24 0
-39 -1 -37 0
-40 -4 22 0
-23 -26 -9 0
45 39 8 0
-34 -39 -6 0
3 46 8 0
-31 -8 -23 0
50 26 30 0
-35 17 37 0
-15 8 35 0
14 -29 50 0
2 32 -41 0
-28 -29 27 0
-32 -19 41 0
-41 27 -29 0
43 41 -28 0
-6 26 45 0
8 27 -34 0
-15 8 49 0
5 -25 -18 0
32 29 36 0
16 -31 27 0
1 30 -5 0
-47 -34 -17 0
48 -23 13 0
-5 15 11 0
34 -3 1 0
46 -50 -13 0
-30 -36 42 0
4 -25 -12 0
50 1 -29 0
48 -47 -44 0
-47 -18 -16 0
-38 4 29 0
-18 37 -11 0
-43 -24 -5 0
-13 -39 3 0
-6 -19 21 0
RESULT seed=3021 beta=0 result=0 decisions=102 conflicts=205
RESULT seed=3021 beta=25 result=0 decisions=186 conflicts=373
RESULT seed=3021 beta=5 result=0 decisions=137 conflicts=275
RESULT seed=3021 beta=10 result=0 decisions=137 conflicts=275
INSTANCE seed=3022 n=50 m=300
p cnf 50 300
-45 46 10 0
44 -29 7 0
-50 43 36 0
-39 -18 38 0
-11 50 -21 0
-31 -8 32 0
42 -21 -9 0
-10 7 22 0
38 -32 39 0
-27 -12 -5 0
19 18 -47 0
-26 24 16 0
48 3 23 0
24 47 25 0
10 20 35 0
-19 -31 -36 0
34 6 -39 0
4 7 -19 0
-3 -8 13 0
19 -26 11 0
-29 17 10 0
-5 1 27 0
-46 -10 -19 0
-11 18 -48 0
-33 -35 31 0
23 41 36 0
-4 -34 38 0
-17 31 40 0
-45 49 -19 0
12 43 -5 0
32 36 -37 0
-49 -15 1 0
-36 -7 27 0
-41 -45 44 0
4 -10 38 0
-23 30 -11 0
-38 -21 35 0
6 23 18 0
4 -40 -46 0
12 -11 -33 0
31 -38 -19 0
-39 28 -19 0
2 -30 -44 0
-28 -39 -22 0
24 19 -47 0
-3 21 -4 0
-16 37 29 0
-37 -44 30 0
34 23 -21 0
-11 48 6 0
43 -39 -50 0
20 33 -17 0
-22 49 -45 0
36 29 -19 0
-13 22 -43 0
-41 -3 20 0
6 -45 42 0
-29 -47 7 0
12 -22 32 0
19 -16 -21 0
12 -10 5 0
1 18 -49 0
-40 4 44 0
2 -48 -36 0
-30 25 6 0
-30 44 -19 0
50 -20 42 0
7 3 -33 0
-37 17 1 0
-14 -28 -30 0
10 -50 -3 0
3 27 -9 0
-20 -21 32 0
-2 47 -18 0
27 -11 31 0
-12 29 -35 0
-30 -18 40 0
9 -16 -14 0
35 36 -44 0
-44 -13 -43 0
-44 -27 26 0
2 28 -39 0
19 -21 16 0
-16 -40 8 0
35 19 26 0
-42 -31 26 0
45 29 5 0
-37 -19 11 0
-10 -1 7 0
-6 -30 -8 0
14 -9 -11 0
5 -10 -16 0
-25 -23 28 0
-13 -45 -36 0
-24 39 44 0
-20 -2 -12 0
-5 -50 -23 0
-28 5 -1 0
14 -28 21 0
27 8 -29 0
-49 -3 -20 0
-42 -41 36 0
-40 19 39 0
49 43 -33 0
3 12 19 0
17 -49 -40 0
-28 -1 46 0
6 26 39 0
4 27 -36 0
-17 21 48 0
17 29 -42 0
-41 -13 -23 0
32 -31 -28 0
3 49 38 0
-18 11 -50 0
39 48 -19 0
-9 47 24 0
-48 -3 -13 0
39 45 -21 0
38 -26 -30 0
18 2 -19 0
12 -33 46 0
30 22 20 0
18 42 -38 0
-32 -27 37 0
-9 -45 49 0
43 29 9 0
-9 45 33 0
-35 11 -32 0
48 47 -11 0
-20 -17 22 0
5 -19 -46 0
3 -39 -24 0
14 18 26 0
23 -8 26 0
-38 -25 -18 0
-24 20 5 0
13 -33 -14 0
18 24 -43 0
-8 -35 -6 0
-33 -5 -41 0
-7 -5 -4 0
-11 17 42 0
-3 44 -30 0
30 29 -28 0
26 3 -18 0
10 -22 1 0
35 47 -38 0
4 -48 20 0
40 29 24 0
-15 -44 -48 0
-49 28 -42 0
-26 11 32 0
-47 -22 4 0
21 4 -19 0
-49 17 26 0
-13 39 47 0
-40 -25 44 0
-36 8 30 0
-45 -26 -17 0
-11 25 8 0
-33 -21 -44 0
-24 -29 22 0
14 -36 -27 0
-41 11 18 0
12 -43 -42 0
16 17 23 0
39 19 -16 0
21 19 -12 0
-2 -46 -11 0
36 18 33 0
5 -24 21 0
3 17 49 0
49 5 24 0
2 -23 -19 0
21 24 -4 0
30 38 -20 0
-32 22 -34 0
-34 19 -38 0
-10 44 22 0
-10 32 28 0
32 -12 30 0
-48 -29 22 0
19 -49 -9 0
12 -27 -34 0
25 3 -4 0
-2 -6 38 0
41 4 -33 0
25 13 -24 0
43 -1 41 0
22 -48 -7 0
-14 -2 21 0
-43 44 41 0
6 31 28 0
-43 -40 -5 0
-34 -13 -50 0
14 -5 41 0
-17 -46 -31 0
15 -3 22 0
-40 46 -8 0
9 20 -44 0
-33 -19 -29 0
5 -28 8 0
-31 16 3 0
-16 -17 -7 0
50 -18 -13 0
-31 -10 -44 0
38 39 5 0
45 -50 42 0
-5 11 -37 0
23 -43 -21 0
6 38 23 0
48 -11 13 0
18 -48 -25 0
-35 22 -1 0
8 37 31 0
-38 -19 23 0
-30 22 -17 0
-44 21 10 0
-14 8 -37 0
18 -12 45 0
-13 -29 -44 0
6 39 -40 0
48 -10 -12 0
6 44 -36 0
-32 -30 2 0
7 -41 38 0
-47 -16 5 0
12 -19 -50 0
40 2 20 0
4 35 -40 0
5 40 10 0
48 18 -43 0
31 -37 21 0
13 3 47 0
-18 7 -25 0
-39 -24 -27 0
18 27 -21 0
41 -19 -45 0
15 -10 -46 0
-25 38 -4 0
-27 -3 -32 0
7 9 27 0
41 20 19 0
-7 -39 -14 0
-12 10 3 0
13 16 43 0
27 33 -26 0
-38 40 6 0
-31 -27 -2 0
-6 -43 -8 0
9 12 -16 0
-6 -32 -17 0
11 36 50 0
32 3 46 0
-37 -31 24 0
-4 -28 -32 0
-23 -39 -35 0
-3 -32 -29 0
44 29 40 0
50 41 -15 0
-2 36 -28 0
37 16 14 0
-4 32 44 0
-31 16 32 0
41 10 -22 0
-23 -24 45 0
-4 36 29 0
3 2 -31 0
-46 42 49 0
-4 22 -6 0
38 -14 35 0
-29 -7 19 0
-32 -16 -33 0
43 -46 16 0
19 26 -28 0
3 8 18 0
47 2 23 0
13 22 -50 0
-40 -29 -36 0
-46 41 4 0
40 -23 -35 0
13 -49 -19 0
34 32 40 0
26 -14 42 0
-31 -3 -22 0
-29 14 -17 0
-29 -16 -22 0
7 22 9 0
22 6 30 0
-17 -15 49 0
-48 -13 17 0
22 12 7 0
22 14 -44 0
-41 -25 -12 0
-15 -47 22 0
28 26 12 0
-16 39 -41 0
-19 48 -30 0
47 -41 -7 0
RESULT seed=3022 beta=0 result=0 decisions=100 conflicts=201
RESULT seed=3022 beta=25 result=0 decisions=184 conflicts=369
RESULT seed=3022 beta=5 result=0 decisions=184 conflicts=369
RESULT seed=3022 beta=10 result=0 decisions=184 conflicts=369
INSTANCE seed=3023 n=50 m=300
p cnf 50 300
21 46 2 0
-4 35 -43 0
-5 10 -25 0
-4 -28 -34 0
29 -4 14 0
-27 -49 8 0
-36 -22 -44 0
11 48 -3 0
49 -35 14 0
-38 -8 -3 0
1 43 30 0
-27 43 44 0
-10 16 21 0
31 -18 -6 0
-15 12 16 0
-3 -26 -46 0
28 -47 6 0
44 43 49 0
-25 -33 -30 0
-41 38 43 0
-23 -45 -35 0
17 -23 -18 0
2 28 -24 0
-4 2 -27 0
50 -15 -27 0
-3 -18 27 0
18 13 16 0
-44 -48 29 0
50 -29 -38 0
12 10 38 0
-45 8 -37 0
4 45 37 0
-19 41 23 0
-4 -36 42 0
26 14 15 0
37 -36 30 0
18 1 22 0
25 -26 47 0
43 27 5 0
-16 -45 6 0
28 16 -48 0
2 -37 44 0
-29 4 42 0
11 -47 15 0
-23 -7 -16 0
16 21 11 0
-19 -24 -44 0
31 -47 -29 0
-40 25 -35 0
33 -29 39 0
-50 -47 44 0
-32 -31 -46 0
36 37 28 0
-37 -15 20 0
-28 -34 -6 0
-15 -44 -43 0
-30 -24 -31 0
-41 -17 14 0
-43 19 17 0
27 44 -14 0
-3 -21 -37 0
2 -48 43 0
42 48 17 0
-18 21 -10 0
30 -25 1 0
-36 38 -21 0
33 -9 22 0
1 -49 -29 0
-4 -7 11 0
45 39 -29 0
-7 -28 -8 0
-50 -33 -38 0
-49 36 30 0
-31 -39 -18 0
-7 -22 -13 0
-18 -7 -24 0
30 -18 -22 0
46 31 -28 0
49 26 46 0
37 36 11 0
34 -21 33 0
-32 -31 -36 0
23 -17 29 0
-2 3 -7 0
5 45 -13 0
-6 43 -15 0
-2 32 1 0
-9 -41 7 0
16 37 -27 0
-43 -12 -26 0
36 -25 -44 0
-24 -16 30 0
-37 -45 19 0
43 25 5 0
42 25 -22 0
8 43 -9 0
50 -22 13 0
-2 -1 -47 0
-38 -30 -49 0
-29 6 17 0
-49 -21 -5 0
-21 -36 31 0
-18 2 15 0
-18 -11 -43 0
46 -31 -9 0
8 21 42 0
30 50 -37 0
-22 -43 3 0
-9 11 39 0
31 -30 -18 0
48 -44 -2 0
1 49 30 0
10 -9 2 0
-10 23 2 0
20 -34 -21 0
-49 22 20 0
32 -34 -39 0
-48 -21 -20 0
27 24 -4 0
43 -50 -31 0
-42 27 7 0
-39 48 41 0
46 24 5 0
46 33 -38 0
35 -45 -18 0
-32 -10 -24 0
-46 -33 16 0
31 -15 9 0
-44 -3 37 0
5 -35 -7 0
-11 -40 -37 0
48 23 -27 0
-40 49 -5 0
14 -22 -48 0
-26 36 -18 0
-14 -38 46 0
-8 31 1 0
-3 17 -7 0
17 43 45 0
-39 46 2 0
-8 -23 12 0
-22 -37 -39 0
-27 47 -14 0
13 -38 21 0
-23 19 41 0
11 43 45 0
-32 20 8 0
7 34 16 0
35 -48 -14 0
10 40 -42 0
-6 -27 3 0
-33 14 17 0
-19 21 -18 0
-15 6 -43 0
-20 43 38 0
-45 -34 3 0
42 -46 -21 0
-16 -24 -5 0
-16 -6 44 0
23 1 -26 0
36 37 17 0
-27 -21 -19 0
-30 24 -9 0
5 25 -50 0
3 -32 -12 0
12 41 2 0
-8 33 35 0
-8 -26 41 0
48 40 3 0
4 -21 -38 0
21 -2 -45 0
-45 -19 2 0
17 46 -7 0
-19 -1 -2 0
-19 -24 -27 0
25 -2 33 0
-12 42 31 0
-26 -20 -11 0
29 30 17 0
19 21 7 0
-7 19 -26 0
-15 8 34 0
32 -45 35 0
40 5 32 0
-21 -8 -50 0
38 -37 18 0
-8 50 42 0
46 -3 -48 0
1 13 27 0
-41 -20 -7 0
-27 -21 -46 0
23 -33 -36 0
46 -23 13 0
-18 8 43 0
25 2 11 0
41 -14 35 0
-37 40 22 0
-10 9 -16 0
-10 12 46 0
-41 -35 22 0
-24 22 -6 0
20 18 27 0
50 49 4 0
-32 -48 47 0
22 -16 37 0
-14 -48 36 0
-45 -4 40 0
-12 31 -32 0
6 27 -19 0
-48 47 -13 0
-30 -40 28 0
-33 8 -43 0
3 -8 38 0
37 31 40 0
6 36 31 0
21 9 -30 0
41 -44 50 0
-6 10 -3 0
37 -29 -40 0
-39 -17 4 0
20 -28 -6 0
-39 4 13 0
-18 48 -35 0
33 -29 1 0
-5 41 42 0
-16 -19 18 0
-42 -19 -32 0
-43 -25 28 0
-49 -27 42 0
28 1 42 0
6 -2 24 0
17 -1 16 0
-31 32 -26 0
12 -25 47 0
11 18 29 0
-41 -15 -19 0
-40 -23 29 0
-10 46 15 0
14 7 15 0
2 -37 -30 0
1 43 48 0
6 20 16 0
7 -41 45 0
-19 42 -8 0
18 41 21 0
-6 32 14 0
-42 37 33 0
13 -43 3 0
-38 46 32 0
-17 22 -48 0
33 43 -28 0
-48 2 -40 0
-40 -10 -16 0
-42 28 -34 0
21 -38 11 0
31 7 39 0
39 -20 49 0
48 -44 31 0
-20 13 10 0
45 14 33 0
7 33 -46 0
-1 -5 -34 0
-21 49 41 0
34 16 22 0
-21 -24 32 0
-16 -29 23 0
21 -39 9 0
-25 -3 2 0
8 -4 -12 0
-25 -24 9 0
18 -32 41 0
10 32 -44 0
6 -29 11 0
15 28 23 0
17 -5 18 0
13 -28 3 0
-7 -50 27 0
-42 22 -30 0
3 9 48 0
-48 -30 -34 0
-4 -24 14 0
39 21 -22 0
24 19 37 0
36 45 -48 0
-6 12 -27 0
-39 11 -44 0
-18 -10 36 0
-7 4 -14 0
14 38 2 0
24 -39 -42 0
-18 8 -43 0
-6 -36 -34 0
44 -34 -26 0
33 -9 47 0
-18 -36 -44 0
-5 46 33 0
-45 -46 14 0
-42 20 -46 0
22 5 -31 0
44 26 -49 0
RESULT seed=3023 beta=0 result=0 decisions=142 conflicts=285
RESULT seed=3023 beta=25 result=0 decisions=154 conflicts=309
RESULT seed=3023 beta=5 result=0 decisions=154 conflicts=309
RESULT seed=3023 beta=10 result=0 decisions=154 conflicts=309
INSTANCE seed=3024 n=50 m=300
p cnf 50 300
-47 46 -44 0
15 42 -28 0
-10 -27 -14 0
19 -37 30 0
-48 -7 38 0
-46 -36 -24 0
48 -45 43 0
-28 -27 36 0
-7 -11 -18 0
11 -19 -23 0
43 50 -2 0
25 19 11 0
-12 38 -36 0
-35 -6 8 0
16 -22 -27 0
40 30 24 0
-13 3 39 0
11 -15 4 0
1 -29 23 0
-15 10 -21 0
-49 -11 32 0
16 12 2 0
-9 -10 36 0
-11 35 -13 0
7 36 31 0
31 28 -3 0
43 -45 13 0
13 -42 3 0
16 -11 29 0
-29 22 7 0
-31 36 9 0
26 -23 3 0
26 19 -17 0
27 40 49 0
-18 41 -1 0
42 -49 -48 0
-32 -9 -44 0
29 -25 32 0
-14 -13 21 0
-30 -35 -11 0
-16 39 -43 0
39 8 -47 0
-44 -42 11 0
-15 14 -2 0
35 -15 -18 0
43 46 34 0
-41 10 -25 0
-49 -28 -46 0
-26 -50 -6 0
-10 21 -7 0
5 38 44 0
-29 25 50 0
-25 -12 -39 0
50 21 43 0
-45 19 -39 0
-36 -16 3 0
2 17 -32 0
44 12 -3 0
19 2 -50 0
20 -19 30 0
29 25 -16 0
-29 36 -8 0
47 9 12 0
-50 -9 -37 0
-38 -19 -12 0
-30 6 7 0
-22 43 -33 0
-18 4 2 0
-27 44 -50 0
-24 -38 37 0
7 41 -6 0
-27 48 -8 0
6 -25 35 0
-12 31 -33 0
-28 -20 21 0
-35 34 -23 0
40 41 -4 0
-24 -40 21 0
21 -18 -20 0
29 -31 18 0
36 -31 25 0
-21 -44 -16 0
3 -26 -44 0
4 39 32 0
17 -4 43 0
44 3 8 0
-7 -16 -23 0
28 2 34 0
50 -37 -19 0
-2 -15 42 0
-48 -15 43 0
21 43 50 0
16 10 24 0
4 -24 -11 0
11 -49 -47 0
-34 -5 -45 0
-45 -2 -26 0
48 -43 -12 0
-32 28 3 0
13 -39 -11 0
40 10 -21 0
22 42 9 0
28 49 -33 0
25 -1 -7 0
14 -25 -32 0
-15 21 27 0
15 -21 -18 0
-6 -36 30 0
-42 -39 -16 0
-14 30 41 0
37 32 -5 0
-3 -18 -27 0
-44 -12 35 0
-27 -40 25 0
-33 -37 -17 0
33 31 25 0
31 -15 23 0
-1 -15 46 0
20 -39 -21 0
34 38 -48 0
-3 16 30 0
-28 47 37 0
-11 26 -40 0
24 23 38 0
39 14 -3 0
44 -25 -9 0
34 -49 -11 0
40 47 13 0
37 13 14 0
18 8 -11 0
-38 44 33 0
-26 -29 22 0
46 45 32 0
-41 -36 27 0
47 49 6 0
21 36 42 0
36 31 -37 0
-50 -32 23 0
-4 16 27 0
29 -11 -23 0
-19 -37 -29 0
-5 -18 24 0
44 28 -36 0
-22 31 12 0
-16 -9 4 0
-46 -33 -22 0
5 19 -15 0
28 20 -44 0
16 -47 -8 0
30 -1 9 0
-47 -9 7 0
-16 50 -41 0
-13 31 -4 0
33 39 7 0
-25 20 -8 0
34 -20 28 0
29 -16 -48 0
35 36 -5 0
50 49 31 0
21 -6 2 0
-3 -45 -22 0
21 43 36 0
-19 45 46 0
15 -23 2 0
48 11 -42 0
25 -29 -40 0
-11 -13 -37 0
9 45 46 0
-39 49 -11 0
26 42 -35 0
47 -27 40 0
-15 -50 38 0
47 -22 -14 0
-6 -32 -38 0
-5 -14 -42 0
-47 32 11 0
-21 -32 -18 0
-30 -21 -22 0
-2 4 10 0
20 -44 47 0
-29 -4 -25 0
-38 26 -29 0
10 -39 42 0
48 -23 22 0
6 46 24 0
-24 -32 25 0
18 -27 -47 0
6 -30 43 0
30 -14 10 0
-33 -23 -16 0
2 31 8 0
44 -29 -48 0
5 -20 -3 0
-33 6 16 0
-11 -42 1 0
46 -50 -36 0
24 -10 39 0
-32 29 -37 0
-4 -50 -32 0
22 -39 -27 0
-1 -30 -21 0
8 -32 39 0
-1 44 -25 0
-37 -9 31 0
-1 49 -36 0
35 -9 -19 0
20 24 34 0
32 -22 -37 0
-2 -8 41 0
-12 20 -23 0
-41 45 -11 0
-9 -16 31 0
-16 -20 -43 0
12 -4 -7 0
25 -44 43 0
29 34 31 0
-21 -41 -39 0
-13 -11 -39 0
44 -12 -48 0
37 -49 -47 0
-28 -48 -29 0
9 32 -10 0
18 25 -8 0
39 49 -43 0
33 44 -25 0
-34 36 -16 0
-5 -14 -43 0
-32 -1 29 0
-42 -28 -9 0
-19 9 -43 0
43 42 16 0
31 2 -21 0
47 42 -40 0
-8 -33 17 0
-23 18 -14 0
9 37 -31 0
-12 -20 29 0
11 -26 -6 0
5 49 -44 0
48 -10 22 0
-27 -48 -10 0
13 -6 -40 0
11 16 -7 0
-20 32 44 0
-32 44 2 0
16 -21 -46 0
-32 -9 -27 0
28 42 25 0
-8 -9 -23 0
37 43 -6 0
-2 -42 -11 0
-19 39 41 0
-42 -50 32 0
33 -41 -29 0
-50 -31 18 0
-14 -29 -46 0
2 10 36 0
38 13 -1 0
7 37 13 0
50 31 -39 0
-31 17 -29 0
45 -44 -10 0
-27 9 38 0
-43 44 27 0
29 47 -30 0
-46 20 45 0
-30 26 1 0
-15 27 28 0
-18 19 45 0
8 -22 35 0
-4 24 -30 0
-5 22 16 0
2 -25 26 0
28 19 -48 0
-25 -42 30 0
32 19 22 0
1 -49 -5 0
7 -50 18 0
9 42 -43 0
-39 4 -7 0
-30 49 19 0
-39 -46 -14 0
-18 41 -49 0
-22 14 -46 0
2 23 -43 0
-5 -42 22 0
-5 13 -2 0
45 39 10 0
-44 20 -35 0
17 18 -8 0
-36 47 -16 0
39 24 28 0
-33 -49 -1 0
5 -23 41 0
9 -21 31 0
-50 -19 17 0
-33 -29 36 0
-47 -9 12 0
17 45 34 0
46 -31 -17 0
RESULT seed=3024 beta=0 result=0 decisions=173 conflicts=347
RESULT seed=3024 beta=25 result=0 decisions=319 conflicts=639
RESULT seed=3024 beta=5 result=0 decisions=318 conflicts=637
RESULT seed=3024 beta=10 result=0 decisions=318 conflicts=637
INSTANCE seed=3025 n=50 m=300
p cnf 50 300
22 -46 36 0
25 48 14 0
-16 -44 -3 0
35 -47 -26 0
-16 11 1 0
-19 -32 9 0
-23 24 14 0
-11 -30 -14 0
22 -40 12 0
11 -2 48 0
-15 -41 -47 0
27 30 50 0
-33 41 16 0
-44 -11 -18 0
-27 45 -28 0
-21 -16 14 0
-13 19 14 0
-15 -19 -46 0
25 -23 11 0
-1 -35 10 0
38 -43 -24 0
32 1 45 0
-33 -39 6 0
-24 7 28 0
4 18 -39 0
-34 -27 49 0
-2 -22 24 0
-37 -28 -18 0
-32 -50 -31 0
-38 -48 -6 0
-20 -3 35 0
-14 -7 -9 0
36 -11 16 0
30 -18 37 0
-22 16 36 0
-13 32 -26 0
14 -17 38 0
-12 1 16 0
24 11 48 0
41 5 6 0
9 28 -37 0
18 -33 -41 0
18 -19 -23 0
-19 3 -11 0
16 43 -50 0
26 -29 -16 0
-18 43 -26 0
-19 -1 26 0
3 27 15 0
-28 42 4 0
15 13 -33 0
-6 -26 4 0
-14 13 45 0
-40 -36 -22 0
8 7 33 0
-13 -28 38 0
-27 -31 -5 0
34 -42 39 0
48 42 37 0
-40 22 -18 0
-14 4 -37 0
-32 -43 -16 0
-26 47 23 0
28 -19 -9 0
38 -33 40 0
-48 24 26 0
48 -36 -31 0
40 26 -14 0
-23 -37 45 0
42 8 -38 0
-28 36 44 0
45 21 -17 0
27 -40 -25 0
-20 18 44 0
29 -30 14 0
2 30 -20 0
36 -20 12 0
-6 26 -20 0
40 -48 -49 0
27 11 -28 0
-30 -4 -7 0
-32 4 22 0
28 -17 18 0
-16 -25 -1 0
-38 45 -39 0
32 -30 -19 0
25 -23 -7 0
-49 27 13 0
50 -11 34 0
-39 40 30 0
3 -34 19 0
37 -42 35 0
9 -41 -25 0
-21 -7 -17 0
-18 7 47 0
-17 19 -21 0
-29 -4 -33 0
-34 -17 41 0
-44 22 -11 0
-13 27 41 0
-30 10 13 0
20 18 32 0
29 -25 -16 0
10 -9 40 0
-11 -46 -21 0
19 -40 27 0
10 2 26 0
-2 15 9 0
22 25 1 0
-42 -35 29 0
12 10 -7 0
5 45 -29 0
22 9 31 0
27 30 32 0
-3 -35 43 0
-43 18 -29 0
-41 48 3 0
-4 2 31 0
20 5 -22 0
6 46 50 0
-11 15 -9 0
-23 -14 -31 0
25 13 28 0
-30 42 33 0
-39 -5 -20 0
34 44 9 0
-44 -5 6 0
-40 21 -3 0
-6 -24 35 0
30 -12 -33 0
19 -3 35 0
6 -46 40 0
46 -24 9 0
32 20 -44 0
29 -34 38 0
14 30 23 0
46 47 -39 0
-41 39 8 0
18 25 -43 0
-30 15 -3 0
2 -50 9 0
-10 9 -8 0
32 -25 4 0
9 49 -18 0
-32 -23 -50 0
-28 -17 -22 0
49 7 22 0
46 -47 -2 0
-50 -12 27 0
-37 -42 -11 0
50 37 -15 0
-7 -41 2 0
18 41 30 0
5 26 -46 0
26 43 -37 0
50 37 14 0
34 -39 -21 0
10 13 -38 0
-38 -11 -37 0
-11 35 -16 0
21 -18 42 0
-13 -32 -37 0
-5 -46 -27 0
22 -49 -11 0
-39 -22 41 0
15 9 -46 0
-40 41 2 0
31 -35 7 0
21 -42 39 0
18 19 26 0
-8 -14 45 0
-4 -24 -9 0
-42 9 -4 0
28 -35 15 0
-17 -29 14 0
-15 -34 10 0
-40 -31 -14 0
23 41 2 0
18 -32 33 0
26 2 39 0
44 -13 14 0
-35 2 12 0
-22 -1 -7 0
31 20 -33 0
17 -21 47 0
-40 -1 29 0
25 -5 -16 0
21 22 -15 0
-49 -25 22 0
17 26 37 0
30 31 44 0
-2 -30 -42 0
24 12 -18 0
7 21 -23 0
11 -28 -16 0
-36 9 48 0
19 -4 -41 0
-14 46 5 0
22 -9 -7 0
31 29 3 0
-22 -48 -45 0
20 48 -26 0
30 -29 31 0
37 48 17 0
29 13 -23 0
9 17 6 0
20 35 23 0
-20 -38 -9 0
-13 -15 41 0
-5 33 -44 0
10 -21 8 0
13 11 50 0
-43 -18 -8 0
14 -8 -30 0
-28 -26 50 0
-27 34 50 0
42 -49 -46 0
-4 -25 -2 0
13 -50 22 0
-19 8 22 0
1 -31 49 0
-41 25 -32 0
-24 -38 -13 0
19 45 -6 0
24 -1 -12 0
15 -13 -20 0
2 -46 -47 0
-50 -22 45 0
-45 6 37 0
-46 42 29 0
7 -12 -8 0
36 -41 -28 0
-33 -40 23 0
43 23 48 0
18 40 -30 0
-40 -28 22 0
5 -46 -41 0
8 30 27 0
50 -32 -33 0
-48 27 -2 0
-8 5 -30 0
-30 22 31 0
-15 27 20 0
-9 31 27 0
20 -22 14 0
-13 -4 48 0
-29 33 -1 0
-48 -44 11 0
18 -1 10 0
1 7 -26 0
29 -36 37 0
-8 -12 19 0
-46 6 -43 0
10 -47 -15 0
19 -4 29 0
-17 3 6 0
-38 -21 -5 0
-48 -20 9 0
-14 -45 46 0
-15 -25 8 0
-29 49 8 0
-34 48 24 0
16 3 1 0
12 45 -13 0
10 -8 32 0
7 -15 27 0
-50 10 33 0
-14 -24 45 0
43 23 -9 0
-10 18 -38 0
30 21 6 0
29 41 19 0
-33 -17 -47 0
-38 26 -19 0
48 -27 9 0
38 -45 22 0
21 44 50 0
-17 -3 6 0
21 -50 36 0
17 24 -30 0
-29 23 42 0
-10 -37 39 0
16 50 -39 0
14 41 29 0
-47 36 2 0
46 -16 30 0
-2 -16 44 0
3 -36 14 0
19 32 9 0
6 -4 44 0
-43 26 24 0
42 -37 -2 0
-40 -21 11 0
-18 -19 34 0
-49 -22 -1 0
44 36 -35 0
-1 -27 35 0
40 -16 -15 0
14 28 -15 0
-32 9 -30 0
RESULT seed=3025 beta=0 result=0 decisions=65 conflicts=131
RESULT seed=3025 beta=25 result=0 decisions=101 conflicts=203
RESULT seed=3025 beta=5 result=0 decisions=101 conflicts=203
RESULT seed=3025 beta=10 result=0 decisions=101 conflicts=203
INSTANCE seed=3026 n=50 m=300
p cnf 50 300
-48 -46 28 0
-36 -4 -49 0
-21 11 -42 0
-50 -7 22 0
35 -15 -44 0
14 -23 -35 0
-17 25 49 0
12 21 44 0
34 43 -37 0
-22 48 45 0
-47 -16 31 0
28 49 29 0
45 4 14 0
1 32 -50 0
-33 -37 9 0
-5 -10 26 0
8 -19 -5 0
14 11 -37 0
-9 -10 -28 0
-38 19 44 0
-18 5 12 0
-12 -3 49 0
2 -21 -31 0
22 48 23 0
-26 -24 -5 0
-45 37 6 0
13 12 23 0
10 -41 -14 0
46 -18 13 0
-17 40 -23 0
-35 17 -39 0
14 -12 -39 0
40 -41 11 0
-29 10 -31 0
-20 -39 -45 0
-47 41 -6 0
10 -36 -42 0
-28 -33 -27 0
36 -27 -39 0
-17 -20 -12 0
27 8 -41 0
-36 43 28 0
24 -38 -44 0
5 27 -41 0
7 30 1 0
34 -33 -15 0
37 2 45 0
41 13 3 0
25 9 29 0
29 1 -23 0
37 22 -10 0
36 27 -3 0
-37 38 -6 0
-36 22 5 0
48 16 -37 0
-26 21 2 0
-19 49 -30 0
-22 -6 30 0
-14 4 44 0
-48 11 31 0
-13 -49 -45 0
-12 -22 41 0
28 -18 21 0
27 33 -43 0
-33 42 37 0
34 -4 17 0
-28 31 25 0
11 35 -36 0
-17 4 -26 0
-43 39 -23 0
-23 -45 -14 0
21 40 -1 0
-24 -37 32 0
25 -19 -17 0
-21 -48 -6 0
-11 -35 42 0
41 -30 -21 0
-18 -7 -27 0
19 40 46 0
50 16 7 0
-17 -4 -5 0
-6 -23 43 0
-24 35 6 0
20 -12 -39 0
-6 -16 -24 0
-23 -49 -29 0
31 22 42 0
-38 24 6 0
43 32 -38 0
30 19 -4 0
37 32 -45 0
-40 -11 32 0
-50 23 -3 0
-8 25 36 0
-49 -29 19 0
2 29 -18 0
-7 -47 -12 0
8 -10 -6 0
35 -1 -46 0
-23 -40 -9 0
-37 -43 42 0
-50 20 -7 0
-20 -12 7 0
28 29 49 0
9 3 -18 0
25 -34 23 0
49 -14 -45 0
-50 -3 34 0
-16 -29 23 0
-15 -19 11 0
-33 37 -17 0
9 22 -36 0
36 6 -39 0
-32 -49 45 0
-22 -18 32 0
31 34 -5 0
11 26 -16 0
-23 -6 -43 0
-13 20 5 0
5 -47 -49 0
-16 37 31 0
-41 -43 -10 0
27 42 -30 0
-10 -31 -5 0
-37 -45 -1 0
-24 17 4 0
-30 -10 32 0
2 8 10 0
19 -23 -35 0
-18 -44 6 0
20 -41 2 0
-24 32 41 0
10 -9 38 0
36 45 14 0
36 -38 -25 0
32 36 -19 0
-4 -38 16 0
-27 49 50 0
-23 21 -10 0
33 -38 29 0
-15 -3 -27 0
24 17 31 0
-44 -27 39 0
30 -41 18 0
-45 -3 -40 0
-31 17 -13 0
27 -1 16 0
-29 20 43 0
-1 27 -46 0
-46 -21 23 0
-44 -28 -25 0
16 33 -23 0
40 -1 -32 0
29 10 26 0
4 36 -31 0
-33 -18 -17 0
-46 20 -9 0
-31 33 -42 0
37 19 -28 0
44 4 16 0
20 29 -23 0
5 35 -3 0
-20 8 -19 0
-28 -45 -19 0
39 -43 13 0
-23 -21 -16 0
-15 48 10 0
-22 47 -4 0
39 -5 17 0
-46 15 43 0
50 -37 48 0
13 -46 42 0
-3 -39 -25 0
-3 -46 2 0
-25 -13 -36 0
-27 36 32 0
8 -29 35 0
2 -50 -41 0
7 -45 28 0
-43 16 19 0
46 -30 -15 0
-1 -12 27 0
-4 -31 35 0
-48 -31 -36 0
25 -42 31 0
-6 -32 47 0
-17 -10 30 0
-20 -12 -8 0
49 -26 -19 0
3 38 9 0
-45 -40 49 0
13 17 -16 0
3 20 -35 0
-29 -47 -41 0
-39 -6 28 0
4 27 -14 0
-36 -35 -6 0
-27 -32 47 0
-28 -38 40 0
42 -47 4 0
-13 38 27 0
23 37 -9 0
1 45 8 0
35 21 2 0
44 45 -48 0
5 7 36 0
-28 47 -10 0
28 -9 -49 0
-14 46 -49 0
-25 -5 -46 0
24 -16 -26 0
30 23 46 0
-40 -13 -42 0
35 50 -26 0
21 3 -17 0
19 -15 45 0
42 43 21 0
-11 -8 41 0
18 48 7 0
44 46 -48 0
4 18 -15 0
-16 45 -36 0
-5 47 39 0
14 -19 -21 0
48 17 -41 0
13 21 3 0
38 -29 -9 0
15 5 46 0
36 12 3 0
-43 13 2 0
-42 -25 35 0
10 -42 -44 0
-25 -40 15 0
-8 48 30 0
-12 -28 -31 0
27 -43 -29 0
-18 -36 16 0
50 16 -26 0
-10 11 9 0
3 -5 -45 0
-20 -5 43 0
-3 46 -42 0
-18 16 46 0
15 -28 -31 0
6 17 38 0
6 -41 -17 0
-34 24 -8 0
40 -33 -41 0
-46 -11 -19 0
11 8 -42 0
25 -43 -40 0
-17 -8 6 0
6 18 15 0
26 45 43 0
50 32 41 0
-22 28 -35 0
-15 -26 -20 0
-16 33 -14 0
7 43 35 0
-31 5 -37 0
29 -48 -6 0
40 11 -24 0
13 -5 23 0
-44 -13 23 0
-13 47 -22 0
36 18 45 0
-35 -24 23 0
49 27 24 0
8 26 50 0
22 6 -9 0
50 1 -25 0
37 -2 11 0
48 -11 14 0
-13 42 18 0
-48 32 -39 0
-21 12 -39 0
43 22 -1 0
-43 -48 -38 0
28 -40 -3 0
48 -45 33 0
38 -35 29 0
48 28 -2 0
-44 32 18 0
-32 -36 30 0
-10 -43 48 0
-21 30 48 0
27 -18 12 0
-19 2 -1 0
-24 -17 -48 0
-3 23 -42 0
-22 -21 -19 0
44 -11 -37 0
-9 15 -5 0
14 -40 -36 0
37 13 24 0
-4 43 -16 0
40 -19 34 0
37 45 -29 0
-33 2 30 0
38 -44 -3 0
RESULT seed=3026 beta=0 result=0 decisions=62 conflicts=125
RESULT seed=3026 beta=25 result=0 decisions=141 conflicts=283
RESULT seed=3026 beta=5 result=0 decisions=141 conflicts=283
RESULT seed=3026 beta=10 result=0 decisions=141 conflicts=283
INSTANCE seed=3027 n=50 m=300
p cnf 50 300
24 -46 -20 0
47 -10 35 0
-26 28 31 0
-15 17 18 0
-3 -18 -37 0
10 -15 27 0
-42 -23 17 0
22 15 -6 0
-16 6 -39 0
-43 -29 -9 0
-20 38 -7 0
4 12 18 0
27 47 37 0
21 -30 -18 0
-7 -28 -13 0
48 -29 45 0
12 50 14 0
-21 -27 -30 0
22 -16 43 0
-6 7 9 0
43 -10 -1 0
-50 -18 39 0
41 9 -15 0
49 -50 -16 0
-34 -40 -44 0
-42 -17 11 0
-45 -9 -49 0
5 42 -45 0
48 38 2 0
-34 11 -22 0
-42 -34 18 0
31 -28 46 0
-26 30 35 0
-2 -15 23 0
-30 24 -8 0
19 30 -43 0
9 17 50 0
38 11 -50 0
25 -39 -34 0
34 -50 19 0
29 -15 7 0
26 46 36 0
1 -35 -45 0
-21 1 -2 0
40 46 -30 0
6 41 -7 0
-5 40 29 0
32 9 45 0
-36 -31 15 0
31 10 -49 0
-1 3 -26 0
8 12 -22 0
-49 39 -7 0
13 27 -12 0
-11 16 36 0
15 -3 32 0
-19 -13 -2 0
-11 -17 -14 0
-41 35 42 0
-22 44 -46 0
-48 -36 37 0
-12 39 9 0
-37 -31 -28 0
3 20 -46 0
-34 -35 21 0
28 -50 48 0
25 -5 -14 0
-7 19 40 0
14 24 37 0
-28 49 -40 0
-22 27 -45 0
41 12 47 0
-50 30 -34 0
11 45 -25 0
30 -39 -18 0
24 -40 -44 0
17 36 -12 0
-48 -11 37 0
-24 -1 -9 0
-30 -35 44 0
49 -13 3 0
-46 21 39 0
2 -33 -48 0
2 -6 -36 0
-1 -9 -14 0
41 -20 29 0
45 -34 -12 0
-16 -29 -31 0
14 -10 -27 0
-23 -34 -24 0
-10 27 -39 0
-44 -13 -5 0
-21 6 -10 0
-47 27 1 0
-21 37 1 0
-38 -46 25 0
3 -37 -15 0
-29 -37 -34 0
1 40 49 0
18 1 -46 0
29 -17 -15 0
-48 -21 -16 0
-4 31 -18 0
-18 13 -10 0
-21 14 -39 0
16 39 35 0
-31 26 39 0
-11 -36 -35 0
-34 -10 32 0
21 17 30 0
14 13 42 0
-30 -14 -37 0
-41 7 -22 0
19 -43 -18 0
-50 26 33 0
40 34 1 0
-3 -30 36 0
-45 50 27 0
-39 -36 -16 0
45 31 50 0
-23 -14 -40 0
-19 49 12 0
-5 -38 3 0
-40 -45 -11 0
35 42 -27 0
43 3 -23 0
-12 -28 18 0
-2 14 27 0
-45 -15 39 0
-41 44 9 0
23 28 1 0
-35 13 15 0
34 -13 -21 0
-28 16 8 0
-38 -20 -44 0
-30 31 19 0
29 -45 -39 0
-26 -21 16 0
36 -21 48 0
3 -34 2 0
-23 -31 -45 0
32 -20 -27 0
18 17 1 0
-12 -36 46 0
-30 44 2 0
-3 -4 24 0
-14 36 41 0
30 -29 8 0
-46 -40 41 0
35 12 -18 0
-7 -20 17 0
-9 -14 44 0
12 14 38 0
39 -2 16 0
-50 11 27 0
-1 12 -6 0
-24 -19 -23 0
-20 1 -39 0
-1 -49 37 0
49 -14 37 0
34 4 33 0
43 50 29 0
2 4 -47 0
-27 1 33 0
-3 39 -13 0
-44 34 -27 0
-41 -9 15 0
-15 34 10 0
38 1 21 0
-46 -7 35 0
-44 7 48 0
-27 -24 -13 0
41 50 34 0
-15 39 31 0
46 -44 -29 0
-12 3 33 0
-44 -1 34 0
38 -27 11 0
16 -3 38 0
47 21 -20 0
-6 37 -20 0
-24 -18 -4 0
17 -44 -7 0
32 -38 -3 0
-41 29 -46 0
-23 -37 31 0
-10 11 -48 0
-11 31 30 0
-16 -40 27 0
-43 18 13 0
-5 50 -38 0
21 45 32 0
-23 30 -15 0
21 44 39 0
40 35 -31 0
-41 -46 -35 0
28 -23 -44 0
5 10 -41 0
15 16 -32 0
-28 -27 -19 0
-14 9 -31 0
29 -43 -27 0
-45 -18 21 0
9 4 -43 0
-47 -39 -43 0
50 -33 -36 0
-3 1 47 0
12 -5 22 0
10 41 48 0
-26 6 -27 0
-18 -15 35 0
-20 22 -13 0
23 7 31 0
-11 8 -16 0
-2 -36 -42 0
-47 14 -35 0
-8 43 28 0
40 -31 -17 0
8 30 -40 0
-37 36 -5 0
-45 27 -4 0
46 24 49 0
16 -49 46 0
-4 -30 -48 0
-7 -30 44 0
-35 -18 39 0
-29 -16 -33 0
49 -3 19 0
15 -11 -40 0
20 -17 -39 0
-9 42 -13 0
-8 -33 39 0
-33 29 -22 0
24 -19 -16 0
-15 6 -36 0
-45 -28 -39 0
20 -18 -3 0
37 24 -33 0
-26 34 -48 0
37 -8 -26 0
-4 -23 44 0
25 42 -43 0
-16 31 34 0
32 11 17 0
-21 -7 4 0
-40 -27 -35 0
-10 -13 3 0
15 -6 50 0
-26 -35 15 0
33 -25 -41 0
25 -36 -26 0
-30 -4 -35 0
-9 11 -7 0
20 -44 -30 0
32 -35 33 0
-24 -7 -38 0
-35 -29 -45 0
21 -48 -22 0
9 14 34 0
25 16 -15 0
39 -30 8 0
36 13 28 0
-36 -31 34 0
25 -33 -31 0
-31 -35 -15 0
-4 32 -6 0
20 -46 49 0
34 -47 24 0
-10 -25 -26 0
2 -34 -3 0
48 -23 1 0
1 -22 -27 0
10 -4 48 0
-18 39 -24 0
9 -37 -3 0
4 -7 -30 0
29 45 -13 0
-30 -9 12 0
-42 -45 36 0
8 -3 -13 0
1 -15 6 0
23 -20 46 0
49 15 25 0
-32 -14 -33 0
21 -8 41 0
13 18 -34 0
12 25 27 0
26 -10 47 0
24 -10 44 0
-47 -40 -39 0
-44 -40 12 0
-36 -24 -14 0
-2 4 13 0
19 46 47 0
-3 -30 -6 0
-23 -27 -29 0
5 1 -37 0
-1 19 -4 0
17 5 -49 0
-1 7 -29 0
RESULT seed=3027 beta=0 result=0 decisions=73 conflicts=147
RESULT seed=3027 beta=25 result=0 decisions=120 conflicts=241
RESULT seed=3027 beta=5 result=0 decisions=120 conflicts=241
RESULT seed=3027 beta=10 result=0 decisions=120 conflicts=241
INSTANCE seed=3028 n=50 m=300
p cnf 50 300
-50 47 12 0
-7 -17 -20 0
31 -45 20 0
30 27 -14 0
21 22 31 0
6 -1 29 0
-39 32 25 0
37 27 46 0
-19 -37 -46 0
-4 -48 5 0
12 -34 -43 0
-47 -9 21 0
-49 34 21 0
33 5 -38 0
37 31 25 0
-1 -29 -36 0
-12 15 -39 0
25 -31 22 0
-46 -38 8 0
34 -44 8 0
46 19 -39 0
-9 -1 12 0
-21 19 -44 0
-36 46 -9 0
24 -1 -47 0
-46 12 13 0
-50 -11 -9 0
7 26 -47 0
-19 50 -44 0
-14 -2 6 0
7 -20 33 0
-29 50 17 0
36 -15 -5 0
-19 -41 -31 0
41 35 47 0
-8 16 -24 0
-18 -5 6 0
-23 -28 -27 0
31 -43 -5 0
26 23 17 0
8 -44 -21 0
36 -22 -13 0
-26 34 -28 0
39 -22 34 0
23 41 -46 0
-27 -48 42 0
-38 7 2 0
50 14 31 0
-20 45 -11 0
-49 30 -47 0
-39 45 -16 0
39 -21 6 0
-11 -21 -28 0
-4 -49 27 0
-6 44 -45 0
9 5 -44 0
39 46 -32 0
-16 5 -14 0
28 -27 36 0
-34 6 29 0
46 27 -12 0
3 36 -1 0
-1 -20 -33 0
44 42 -31 0
49 45 23 0
-16 -4 32 0
-46 2 20 0
24 -27 9 0
38 5 -14 0
-2 46 -20 0
-38 22 30 0
-34 -13 31 0
45 -13 22 0
-28 -3 23 0
8 -28 27 0
47 -49 -19 0
-30 -23 -33 0
31 -8 47 0
-18 25 -3 0
2 3 -6 0
-36 20 -44 0
-1 47 -30 0
-7 -9 -32 0
5 3 17 0
-48 -40 -21 0
45 50 -3 0
-47 -28 31 0
-7 -20 -43 0
8 -40 -28 0
-24 -12 50 0
5 11 21 0
44 -47 -1 0
-1 25 -44 0
20 50 37 0
5 7 50 0
47 -42 26 0
-35 11 23 0
36 -27 8 0
40 -42 -27 0
5 35 25 0
-45 40 28 0
-34 4 45 0
45 -18 2 0
-39 36 16 0
18 19 -37 0
40 -12 30 0
15 26 -4 0
-35 47 -20 0
-13 23 -1 0
-10 27 17 0
6 3 25 0
18 -19 47 0
-34 -1 -33 0
-43 40 47 0
30 2 -38 0
-26 -28 -48 0
-21 -18 23 0
12 21 31 0
19 22 40 0
10 11 33 0
-22 46 2 0
-8 24 17 0
-22 -34 30 0
-37 36 26 0
-44 -4 -25 0
-20 45 -18 0
46 -38 -30 0
1 -18 46 0
7 46 31 0
50 -24 -49 0
4 50 -17 0
1 -2 17 0
-39 -41 -18 0
-34 -50 -39 0
-18 7 21 0
-36 -16 -47 0
-21 -14 -13 0
-18 -9 27 0
47 3 37 0
-17 -5 13 0
1 32 -25 0
-42 15 13 0
3 19 26 0
49 -18 -47 0
38 10 -9 0
-4 -47 -49 0
36 -49 16 0
3 28 -7 0
-3 -28 29 0
-17 -27 40 0
-38 3 -29 0
-33 -39 -5 0
22 -13 32 0
45 -46 1 0
-47 -42 7 0
1 -14 35 0
31 43 -49 0
-19 13 -38 0
7 -15 -24 0
-24 13 46 0
13 -49 -21 0
-42 -10 -48 0
-43 10 24 0
15 13 34 0
30 9 36 0
2 -17 -14 0
45 3 -10 0
17 -32 42 0
-8 -13 46 0
-22 41 -19 0
6 -47 -43 0
-8 38 -42 0
-49 -20 -29 0
44 7 33 0
1 9 11 0
-4 47 -42 0
-49 -35 47 0
38 -25 -49 0
41 -2 47 0
-42 33 -28 0
-32 48 -1 0
3 -32 29 0
36 29 -48 0
-5 10 -15 0
-1 16 -49 0
7 -1 -39 0
-3 34 -15 0
13 -34 14 0
-27 16 28 0
40 -36 19 0
32 -17 40 0
46 -48 -45 0
25 36 -50 0
7 29 49 0
16 -41 22 0
-11 -35 13 0
10 8 23 0
-29 -45 -22 0
-20 44 21 0
-9 -42 -13 0
24 -25 -16 0
-35 -13 -39 0
-21 -44 -5 0
46 -8 40 0
47 23 -29 0
14 37 -24 0
46 23 -36 0
25 46 -48 0
21 8 40 0
-7 -39 -38 0
11 50 48 0
45 -4 -13 0
-4 28 -12 0
46 -10 30 0
48 43 -32 0
-25 -6 28 0
-3 -27 -8 0
-50 -5 -26 0
-13 3 21 0
-20 -15 25 0
-17 37 -28 0
42 38 -12 0
-48 40 -25 0
-42 -23 50 0
48 8 -50 0
1 -13 -33 0
-11 -36 -41 0
-22 44 9 0
-42 -19 37 0
27 33 36 0
43 -48 -15 0
-6 21 40 0
-22 -21 34 0
18 -34 15 0
-36 -22 -40 0
-45 -6 -23 0
2 3 -40 0
7 46 -14 0
-22 -25 -7 0
-1 17 13 0
-13 -27 43 0
50 -42 -18 0
15 -16 3 0
-35 -41 -29 0
24 -25 2 0
39 37 -35 0
47 -17 16 0
-47 20 -5 0
40 1 20 0
8 47 2 0
-22 -8 27 0
25 3 50 0
30 -34 -1 0
-34 38 -46 0
-7 -34 30 0
-25 10 -34 0
-18 37 44 0
-14 -19 22 0
-16 -15 -29 0
40 42 -9 0
29 -30 12 0
1 -3 -43 0
-17 38 -25 0
36 -43 -48 0
16 -48 43 0
-39 19 26 0
17 -20 -48 0
40 -20 39 0
-43 1 31 0
48 10 6 0
-44 21 16 0
-50 -33 -7 0
9 5 23 0
-41 10 18 0
45 -30 16 0
-33 -48 -3 0
26 -22 -32 0
31 -37 -45 0
-10 -21 5 0
21 19 -18 0
29 23 21 0
-41 50 -37 0
8 18 -22 0
45 -31 10 0
-48 22 1 0
-39 37 4 0
49 44 -31 0
25 17 46 0
50 -23 7 0
46 3 -13 0
-9 -25 -19 0
-30 35 -26 0
3 -41 -35 0
-1 47 -23 0
24 -20 -26 0
-16 -27 11 0
50 38 48 0
-7 -41 -22 0
6 20 30 0
21 34 30 0
RESULT seed=3028 beta=0 result=0 decisions=95 conflicts=191
RESULT seed=3028 beta=25 result=0 decisions=110 conflicts=221
RESULT seed=3028 beta=5 result=0 decisions=110 conflicts=221
RESULT seed=3028 beta=10 result=0 decisions=110 conflicts=221
INSTANCE seed=3029 n=50 m=300
p cnf 50 300
-25 47 4 0
-18 -23 6 0
37 -12 8 0
45 37 10 0
-40 26 -24 0
2 47 -12 0
-48 -27 -4 0
13 -44 -36 0
18 1 10 0
6 38 -37 0
42 -39 -32 0
-29 6 13 0
30 41 8 0
-22 -46 43 0
50 -12 -2 0
7 -45 -6 0
39 -40 5 0
-34 -30 26 0
42 38 26 0
36 -50 45 0
-12 -15 -39 0
7 -32 -31 0
-2 -15 38 0
41 -44 20 0
3 34 -32 0
-38 5 -34 0
-8 -12 -31 0
-27 -34 49 0
-42 -7 38 0
21 20 -36 0
46 -43 -23 0
-28 -19 7 0
8 -48 17 0
-46 -37 -34 0
30 -13 31 0
31 25 -29 0
-10 -3 -16 0
-46 -43 4 0
-47 -33 20 0
-24 4 -33 0
39 -2 29 0
-32 -18 -10 0
-23 -1 -18 0
49 1 -5 0
45 22 -24 0
36 -6 23 0
-49 4 2 0
38 45 10 0
21 27 33 0
23 18 16 0
-35 -44 -46 0
9 4 -16 0
-21 22 -4 0
-50 -45 -20 0
42 2 -23 0
5 -3 -6 0
7 -9 28 0
-12 -21 -42 0
-14 -15 -19 0
30 -45 18 0
12 45 -18 0
-36 43 34 0
-12 -43 -44 0
-37 49 -16 0
6 -3 -49 0
-17 -22 -47 0
34 -29 41 0
-50 -18 22 0
5 -6 10 0
-28 14 40 0
-42 16 -18 0
-4 17 10 0
-24 28 20 0
-7 45 24 0
-39 19 33 0
-16 11 -24 0
18 33 50 0
13 8 -31 0
27 4 -45 0
27 22 24 0
38 -28 -14 0
4 -13 47 0
44 10 21 0
-26 -6 -4 0
33 -42 -15 0
-48 43 -1 0
-26 38 21 0
29 -49 -15 0
21 43 -12 0
29 8 -40 0
-2 -44 18 0
39 18 7 0
3 -28 19 0
33 -44 -25 0
-6 -45 -28 0
25 30 -34 0
-45 -26 -23 0
32 43 21 0
-45 -3 9 0
-41 -46 -10 0
18 -24 32 0
4 -50 -48 0
-44 30 45 0
18 -44 -5 0
-1 46 9 0
-43 28 -15 0
38 5 13 0
-5 31 -7 0
10 -46 -39 0
11 48 33 0
-29 22 7 0
-15 -19 10 0
7 47 -28 0
2 -29 19 0
-6 37 40 0
-41 19 -43 0
48 -15 10 0
39 -19 5 0
-32 42 17 0
42 -39 3 0
8 -41 6 0
12 -38 36 0
-15 -1 -11 0
41 3 -15 0
23 -46 -37 0
13 -29 -48 0
-42 50 -22 0
15 19 -27 0
-22 -8 -3 0
39 34 22 0
33 17 -41 0
-20 27 -17 0
25 7 24 0
-49 13 -45 0
-9 -26 -24 0
-25 27 -17 0
31 -6 2 0
-40 -33 35 0
-27 -31 25 0
24 -30 -33 0
6 -1 -10 0
-50 -39 -21 0
35 -27 43 0
-6 16 41 0
48 -44 46 0
15 11 50 0
-33 -3 -35 0
20 -45 28 0
31 -7 47 0
-50 23 29 0
-34 -32 13 0
32 -3 9 0
38 -31 24 0
-28 -48 44 0
-43 37 23 0
-32 23 -31 0
30 50 -34 0
-47 -22 -13 0
-4 -30 -47 0
41 39 -9 0
30 25 11 0
-45 -21 7 0
14 -5 -25 0
-4 -23 -9 0
-35 12 8 0
-30 7 -22 0
17 -42 9 0
13 49 15 0
-21 -49 -25 0
-2 18 -37 0
-38 -39 -2 0
-21 7 40 0
25 22 -5 0
25 45 -29 0
-20 -32 4 0
16 39 27 0
-31 22 -36 0
11 39 18 0
-10 -30 -35 0
42 4 -36 0
-16 -21 26 0
16 34 -5 0
7 -40 -28 0
26 -11 -24 0
26 25 -27 0
-21 19 44 0
20 -18 -46 0
38 11 15 0
6 -12 -13 0
9 -34 14 0
46 -10 13 0
17 -19 -7 0
29 -20 6 0
-49 35 48 0
-40 -22 -31 0
-48 -37 -20 0
-21 22 49 0
15 -14 2 0
-26 -4 -30 0
-17 -15 6 0
-49 -44 35 0
-3 -49 -47 0
17 -15 37 0
-47 7 -14 0
28 42 -13 0
39 45 -25 0
-39 -37 24 0
32 24 -36 0
3 -39 48 0
-31 50 15 0
-34 20 -3 0
-32 -27 -18 0
-24 -11 -19 0
-11 -47 17 0
24 49 -15 0
-24 -12 38 0
-9 -28 35 0
18 26 -2 0
-3 44 -10 0
-47 44 -11 0
37 45 -49 0
-12 8 -32 0
13 48 -36 0
-33 45 31 0
31 -27 -6 0
-27 24 -4 0
31 43 -46 0
-32 -27 34 0
34 48 33 0
-26 -4 -18 0
-4 9 -42 0
-11 -13 -45 0
12 -48 15 0
-8 -39 15 0
-40 -20 50 0
44 -49 -29 0
-47 -23 8 0
43 38 7 0
32 -30 -41 0
-15 2 -50 0
-8 -35 42 0
-42 -14 -1 0
22 -39 20 0
-40 28 -44 0
49 -39 -47 0
-36 -34 -22 0
-28 29 35 0
-9 5 -17 0
-24 -33 -41 0
22 -38 28 0
44 25 2 0
45 43 -2 0
19 -20 -47 0
40 32 -25 0
5 17 1 0
-32 -4 -47 0
2 46 16 0
3 41 7 0
30 2 41 0
12 45 -8 0
46 1 -32 0
8 -41 -22 0
16 -4 44 0
1 -29 25 0
20 43 26 0
-9 1 -44 0
-23 -47 -45 0
26 -8 -5 0
-40 -37 -13 0
12 -50 24 0
-8 -9 -10 0
-22 17 -29 0
5 14 -47 0
-38 6 2 0
-40 43 -33 0
13 43 30 0
34 -3 -43 0
3 31 47 0
29 -12 36 0
43 12 -32 0
37 -23 36 0
30 15 11 0
-24 -27 -29 0
-25 17 -36 0
2 24 15 0
-6 10 -32 0
41 28 24 0
-44 38 26 0
37 17 -18 0
49 -27 2 0
45 48 -22 0
21 24 4 0
-50 44 -25 0
42 -8 -1 0
48 19 -34 0
4 23 -31 0
17 44 33 0
-36 39 -35 0
-2 -24 45 0
-48 -1 -31 0
RESULT seed=3029 beta=0 result=0 decisions=75 conflicts=151
RESULT seed=3029 beta=25 result=0 decisions=81 conflicts=163
RESULT seed=3029 beta=5 result=0 decisions=81 conflicts=163
RESULT seed=3029 beta=10 result=0 decisions=81 conflicts=163
INSTANCE seed=3030 n=50 m=300
p cnf 50 300
1 47 -46 0
29 -23 -47 0
-10 -20 45 0
-25 7 44 0
-27 38 -22 0
-22 -9 -31 0
-35 -50 41 0
-16 3 -27 0
25 -50 9 0
-25 -38 46 0
46 26 -13 0
33 -4 -26 0
43 6 -38 0
7 5 27 0
48 -35 -49 0
-7 28 -17 0
-11 46 -39 0
31 38 7 0
-44 -31 40 0
-39 17 7 0
1 36 15 0
27 18 7 0
-29 38 -2 0
11 -39 46 0
5 23 -2 0
3 10 -7 0
45 16 -4 0
-7 -49 -27 0
17 35 31 0
39 -23 32 0
14 -31 -39 0
-12 39 -3 0
-34 48 -44 0
23 -26 36 0
43 -50 36 0
28 -12 -29 0
-16 -28 6 0
-47 46 -18 0
-36 -15 -46 0
-39 20 -13 0
-14 -3 -49 0
6 23 17 0
-25 -30 44 0
-26 -15 -49 0
-39 30 28 0
20 14 -11 0
4 40 -47 0
35 26 -4 0
-39 -25 -2 0
-35 22 42 0
15 30 46 0
1 -38 -26 0
33 37 -21 0
36 -42 -6 0
47 -2 -14 0
-47 8 -20 0
29 -11 -42 0
-26 -30 -14 0
2 10 -24 0
-7 31 -46 0
-44 -10 11 0
33 -31 24 0
-35 19 -40 0
4 -40 30 0
-7 3 -12 0
-28 -40 -37 0
-12 30 -29 0
-13 -18 -1 0
22 34 36 0
-14 18 -16 0
-31 29 -39 0
28 -25 -39 0
-3 -44 -18 0
36 38 25 0
-19 50 42 0
8 -6 47 0
-30 -24 47 0
5 -38 25 0
-45 -5 -6 0
-38 -50 40 0
-14 33 36 0
44 8 10 0
1 -40 24 0
-8 39 -5 0
47 -30 19 0
-6 27 37 0
-49 -4 -22 0
-10 -43 25 0
4 -34 16 0
2 -38 -47 0
-46 36 -27 0
9 -5 24 0
-26 43 7 0
5 -28 38 0
25 -28 -11 0
27 -29 36 0
16 30 40 0
-21 -30 -19 0
-6 45 -49 0
48 43 -31 0
2 -3 -47 0
27 50 24 0
22 27 -47 0
-41 36 25 0
26 32 -29 0
30 2 47 0
9 -49 39 0
5 49 -42 0
-43 -3 -18 0
44 -21 2 0
19 -8 5 0
-26 2 -10 0
-48 30 47 0
-35 44 41 0
6 -18 -3 0
11 -29 15 0
-12 47 46 0
33 49 -50 0
-22 39 -25 0
35 33 29 0
44 6 7 0
20 28 -10 0
38 10 -15 0
-7 -12 17 0
37 8 -26 0
16 13 28 0
8 -13 -7 0
-4 -49 -26 0
-34 -31 -7 0
-13 17 -33 0
-29 15 44 0
-48 33 -30 0
-24 2 -25 0
16 7 27 0
26 -49 -24 0
19 24 -20 0
3 27 -49 0
36 18 -32 0
23 45 17 0
45 46 35 0
-9 34 -36 0
10 -5 -37 0
24 23 -44 0
-5 18 15 0
-44 -23 37 0
35 -45 -32 0
43 37 50 0
-48 35 17 0
-48 23 21 0
50 49 -47 0
40 -9 42 0
1 -30 41 0
-18 43 -35 0
-30 17 47 0
9 3 32 0
35 -10 -32 0
-3 -45 47 0
29 -3 -50 0
-7 -36 20 0
21 -35 6 0
29 -28 -10 0
29 -15 42 0
-4 6 -34 0
22 44 -7 0
14 7 17 0
-35 12 -40 0
-14 21 -5 0
43 21 -23 0
-24 -36 2 0
-15 -41 45 0
-31 -18 -39 0
-9 -20 -16 0
50 -16 -10 0
-21 -50 -42 0
-36 -12 -39 0
23 -37 36 0
-10 -8 3 0
-21 -40 -22 0
-26 -42 49 0
15 32 -8 0
-43 33 -20 0
-15 -10 -17 0
12 -17 40 0
16 24 46 0
38 21 -47 0
-41 2 -46 0
41 -48 -35 0
-7 -22 -28 0
-43 9 -2 0
45 46 35 0
-32 -48 46 0
24 -30 47 0
-28 39 -13 0
27 -9 -33 0
11 18 -27 0
11 36 41 0
-35 -32 36 0
-17 -18 4 0
48 -6 -30 0
-25 -45 44 0
49 -19 21 0
-27 -46 12 0
-25 32 34 0
-4 -38 39 0
-22 -34 -46 0
-41 -50 42 0
47 1 -32 0
17 13 2 0
28 -50 -43 0
40 24 18 0
-4 -11 -45 0
-21 23 43 0
-18 13 16 0
-22 -24 -17 0
20 6 48 0
46 8 41 0
-21 11 -5 0
-19 5 22 0
46 -23 22 0
-37 -26 -21 0
30 50 46 0
7 -37 -27 0
1 -31 13 0
33 -15 22 0
44 7 -15 0
5 30 -20 0
1 18 29 0
43 13 17 0
40 42 -32 0
22 -35 32 0
41 -14 29 0
-10 40 16 0
-21 -40 32 0
36 14 7 0
28 6 -40 0
46 -17 -12 0
-3 25 -29 0
-18 -41 -29 0
-48 -15 -19 0
-34 40 11 0
-47 40 6 0
-20 10 33 0
47 -30 23 0
5 -49 -41 0
-2 -3 44 0
-16 50 -41 0
-26 4 -19 0
30 -2 -33 0
37 -30 47 0
15 -1 -19 0
38 33 -45 0
33 2 28 0
-21 17 34 0
-25 -3 -9 0
-31 -11 7 0
-28 2 44 0
30 40 39 0
21 9 -36 0
-10 -21 50 0
40 -20 16 0
18 19 43 0
-48 10 -31 0
-21 29 -33 0
-22 28 -3 0
-6 10 13 0
34 50 -11 0
22 -15 9 0
39 14 -46 0
43 35 16 0
4 33 -15 0
-15 14 50 0
-33 8 -15 0
-6 36 46 0
36 -42 -5 0
-22 11 -12 0
47 49 42 0
13 22 40 0
-49 5 29 0
22 -25 13 0
-14 47 -27 0
-35 7 -36 0
-48 2 -32 0
-19 22 23 0
21 -4 27 0
-9 26 40 0
-36 1 -3 0
8 43 -9 0
-21 20 -1 0
-31 -7 -41 0
-3 24 -35 0
-38 -45 -11 0
-45 16 6 0
25 22 -24 0
22 45 -2 0
23 5 6 0
-10 -49 -26 0
40 39 28 0
48 9 -25 0
-30 -42 28 0
20 -13 -4 0
RESULT seed=3030 beta=0 result=0 decisions=198 conflicts=397
RESULT seed=3030 beta=25 result=0 decisions=160 conflicts=321
RESULT seed=3030 beta=5 result=0 decisions=168 conflicts=337
RESULT seed=3030 beta=10 result=0 decisions=168 conflicts=337
INSTANCE seed=3031 n=50 m=300
p cnf 50 300
-27 47 38 0
-39 35 27 0
47 46 -36 0
-25 7 2 0
26 33 11 0
-43 30 -13 0
-35 29 -24 0
-14 27 47 0
-42 -6 8 0
-29 32 41 0
-38 -22 -48 0
-26 2 28 0
15 42 -22 0
-19 29 47 0
-28 38 11 0
-9 -28 7 0
11 12 -14 0
-35 42 -49 0
18 3 6 0
16 -3 7 0
4 -45 -3 0
36 1 29 0
-8 48 32 0
49 35 40 0
45 34 -4 0
7 -48 26 0
-48 49 44 0
28 23 -25 0
6 -50 -41 0
7 11 -20 0
-44 -12 -37 0
-7 35 -21 0
20 -4 7 0
21 2 37 0
-47 -38 -4 0
-31 -28 27 0
-48 15 24 0
-34 6 38 0
37 24 12 0
10 -47 31 0
-49 -4 29 0
18 -48 -39 0
-42 -18 -11 0
-17 -31 -37 0
50 39 -4 0
-21 45 -40 0
-22 6 19 0
33 -14 -19 0
40 -35 -3 0
13 -29 -50 0
8 13 -48 0
-28 -12 29 0
-49 43 -46 0
-47 48 30 0
-46 -26 12 0
-8 29 -25 0
-18 -3 31 0
-44 31 5 0
-22 31 49 0
31 -35 -14 0
-19 22 -17 0
46 -19 -39 0
-44 -22 -10 0
49 8 17 0
9 10 23 0
-34 -25 -43 0
-2 29 21 0
5 43 -47 0
-39 -24 46 0
-46 -30 -15 0
27 8 43 0
-25 -31 -18 0
33 9 -16 0
-15 31 25 0
49 -11 -24 0
14 -34 36 0
30 -25 -29 0
-42 4 39 0
-9 -45 7 0
31 24 -9 0
4 27 43 0
-25 -11 -6 0
5 -36 -37 0
-44 -1 5 0
17 -7 6 0
-21 39 26 0
6 -7 -18 0
-32 -15 -20 0
-9 19 -35 0
39 -21 14 0
-19 2 -11 0
-28 -11 38 0
-39 -14 48 0
-35 -7 -39 0
38 -29 26 0
39 -19 4 0
36 -16 -4 0
-37 23 -43 0
-19 -21 -15 0
-32 49 7 0
23 48 50 0
-47 5 38 0
-23 -9 -8 0
28 -12 30 0
-39 -32 -19 0
6 41 48 0
21 -25 31 0
-35 -19 13 0
9 29 -39 0
35 12 -3 0
-50 -2 -30 0
-23 -3 -27 0
-11 -49 6 0
6 -4 13 0
27 1 -42 0
8 13 -28 0
-14 -45 -48 0
21 -39 -7 0
19 21 -17 0
-5 -28 9 0
23 18 -19 0
-6 -20 2 0
18 40 -35 0
22 -8 37 0
12 -44 2 0
-25 27 7 0
-2 14 28 0
-4 -17 36 0
-37 38 5 0
26 -12 18 0
46 16 14 0
49 -19 -27 0
33 42 -40 0
-44 -40 -45 0
-15 32 43 0
10 37 31 0
26 40 24 0
-36 34 15 0
-30 -48 -6 0
-10 -16 -46 0
38 -34 -16 0
-19 50 24 0
-9 -25 -3 0
-33 -44 24 0
-21 -5 -25 0
25 44 49 0
22 5 -42 0
-46 -39 -47 0
-46 20 17 0
-41 -9 -26 0
-42 -12 24 0
10 26 9 0
16 33 12 0
23 2 21 0
39 -9 19 0
27 34 41 0
23 16 -14 0
28 -6 16 0
-16 1 -26 0
-37 40 -14 0
-16 -17 -11 0
27 6 -22 0
-12 40 -10 0
-31 -33 -9 0
-41 25 43 0
-25 -35 -8 0
27 -14 3 0
-36 -39 2 0
46 -19 36 0
7 35 -46 0
14 -39 24 0
-20 25 -24 0
-13 20 -8 0
2 -46 25 0
-41 33 17 0
14 -10 -31 0
2 25 -42 0
-11 -2 43 0
21 5 -13 0
1 -6 5 0
11 50 -30 0
-10 -2 49 0
8 -7 -1 0
-26 24 9 0
-14 -49 31 0
-19 6 -28 0
16 11 28 0
-27 -43 -25 0
10 -47 -6 0
39 34 -30 0
8 5 13 0
-28 3 -50 0
47 -44 11 0
7 -48 38 0
46 2 -27 0
8 21 -17 0
6 -34 -17 0
-23 -46 -41 0
-17 25 48 0
35 16 32 0
-12 -3 48 0
44 28 35 0
26 5 -29 0
-16 8 30 0
11 -29 31 0
46 25 36 0
6 1 40 0
25 40 -2 0
15 -19 26 0
-4 -6 16 0
48 37 22 0
38 7 35 0
-18 50 12 0
-47 -43 -5 0
2 8 -19 0
-47 16 -31 0
23 -40 -3 0
21 -7 -15 0
-38 -6 18 0
-36 9 31 0
2 26 -25 0
-31 17 30 0
-42 -15 -18 0
-28 5 22 0
11 25 16 0
44 -27 15 0
9 -22 -10 0
2 9 1 0
30 -49 41 0
-19 12 -43 0
29 48 -19 0
-9 15 36 0
-5 -16 -27 0
-21 -36 1 0
32 -36 12 0
-9 1 15 0
30 46 9 0
50 -29 40 0
41 -10 21 0
-15 -23 14 0
19 2 28 0
48 -1 28 0
-45 -20 -42 0
11 23 36 0
-47 -30 21 0
-3 -25 -46 0
-27 22 -1 0
25 -23 33 0
-28 6 37 0
-50 -39 -33 0
-33 -8 -4 0
2 -20 11 0
20 -49 -5 0
-27 44 -30 0
19 49 -50 0
-32 -14 28 0
9 44 26 0
-22 -14 8 0
21 -33 35 0
23 5 45 0
-34 27 -50 0
42 -10 50 0
-45 42 -47 0
26 7 -48 0
48 35 24 0
17 -24 -2 0
-50 -5 -9 0
27 -34 -19 0
40 -25 -7 0
-50 -10 -39 0
-43 -15 38 0
-16 42 22 0
-3 12 -19 0
5 -4 6 0
29 25 -37 0
38 -46 -43 0
-34 -11 18 0
5 30 -23 0
42 6 47 0
49 -3 -12 0
-38 13 32 0
-11 13 8 0
41 22 15 0
28 -47 29 0
41 24 5 0
5 -15 -20 0
32 19 -7 0
38 43 -49 0
-38 -6 5 0
-46 49 -1 0
13 19 45 0
-24 -37 -38 0
5 44 -28 0
-25 -16 -41 0
-24 -8 13 0
5 16 12 0
-9 11 -46 0
-11 -5 -6 0
16 -3 4 0
-15 22 4 0
RESULT seed=3031 beta=0 result=0 decisions=49 conflicts=99
RESULT seed=3031 beta=25 result=0 decisions=185 conflicts=371
RESULT seed=3031 beta=5 result=0 decisions=186 conflicts=373
RESULT seed=3031 beta=10 result=0 decisions=186 conflicts=373
INSTANCE seed=3032 n=50 m=300
p cnf 50 300
2 -47 -30 0
50 42 12 0
2 -13 -25 0
-41 -16 49 0
-45 37 -4 0
-39 21 -38 0
-29 30 9 0
-14 -18 28 0
-3 8 33 0
-40 -29 -30 0
-38 11 -32 0
30 -12 -48 0
-15 -29 1 0
-42 9 36 0
17 -37 45 0
9 -30 -36 0
19 -12 -4 0
-4 -48 -14 0
-26 15 25 0
-33 -31 45 0
7 25 -16 0
-2 -11 13 0
-2 8 44 0
-10 -40 -16 0
-29 -44 9 0
30 -24 -12 0
-4 -11 38 0
44 -27 33 0
-38 -46 -14 0
-26 1 -49 0
7 20 -6 0
-42 26 24 0
27 6 -23 0
13 14 37 0
-40 38 17 0
16 -9 -2 0
-10 -21 39 0
-14 4 32 0
-9 40 -2 0
31 38 4 0
2 47 17 0
-28 43 42 0
22 13 -43 0
43 25 19 0
33 15 47 0
38 29 -31 0
-11 7 8 0
-35 27 -16 0
-17 46 36 0
-18 36 10 0
-33 -15 21 0
-42 40 9 0
-8 13 31 0
29 48 -34 0
-31 -11 37 0
-25 -32 21 0
-48 41 -32 0
19 -45 29 0
32 -17 -4 0
34 -22 37 0
13 -3 -7 0
2 28 -25 0
-33 27 19 0
-18 4 -9 0
-4 12 42 0
45 -37 -25 0
-41 -16 30 0
-26 15 40 0
-27 3 43 0
40 -14 -18 0
1 45 -31 0
-4 43 -31 0
-18 11 25 0
21 -16 43 0
-20 -12 50 0
38 31 5 0
17 -44 -45 0
28 -8 37 0
29 47 -31 0
33 26 -34 0
-24 -44 36 0
9 13 31 0
1 45 -11 0
42 -21 5 0
16 -2 -29 0
-26 -49 45 0
47 48 37 0
39 -3 -36 0
16 15 -5 0
5 26 3 0
31 -41 -18 0
44 -48 16 0
-1 2 36 0
-39 -15 36 0
26 12 -50 0
16 4 -10 0
-29 7 26 0
-19 42 46 0
45 -2 26 0
44 -1 47 0
31 -39 50 0
-20 -36 45 0
16 -32 -13 0
-38 21 3 0
-21 -25 -23 0
13 43 -15 0
-2 -34 16 0
31 39 -14 0
-8 11 -34 0
-8 -36 5 0
-25 -42 49 0
-34 -43 47 0
5 42 -1 0
-37 41 -39 0
48 -18 39 0
1 27 31 0
48 44 8 0
35 24 -37 0
37 14 32 0
1 -44 -2 0
19 -10 30 0
24 -4 20 0
-13 -8 -38 0
19 -1 -49 0
-36 -15 -13 0
38 -37 42 0
-42 -40 -31 0
-24 -13 -48 0
39 30 48 0
-30 -22 -48 0
45 -50 -26 0
-49 50 28 0
-24 47 15 0
49 -5 4 0
14 31 40 0
-18 1 11 0
33 36 -11 0
35 -4 -27 0
36 50 -38 0
-43 32 -19 0
3 32 -34 0
-49 -6 -21 0
5 -26 -23 0
13 48 30 0
-42 -11 -31 0
11 27 -4 0
40 -38 6 0
-21 -47 -13 0
-20 -13 43 0
9 -42 40 0
49 -22 21 0
42 34 41 0
-37 13 12 0
-46 30 -6 0
-1 10 45 0
3 4 34 0
-48 -50 -10 0
-41 -6 15 0
-9 42 44 0
-17 29 -23 0
12 14 43 0
49 -26 -21 0
41 34 27 0
-40 -24 33 0
8 11 -16 0
4 7 31 0
-42 -34 28 0
43 -29 37 0
-18 40 24 0
23 -21 -46 0
-30 -28 2 0
4 -8 -23 0
32 -44 8 0
-32 1 12 0
7 -27 -39 0
22 -18 35 0
-20 25 28 0
-18 20 46 0
41 19 -3 0
-44 -46 33 0
-22 32 8 0
-34 42 28 0
18 -37 28 0
-12 19 -15 0
-5 -14 50 0
-42 -32 9 0
7 -1 -31 0
7 18 -29 0
-28 43 1 0
-3 -27 23 0
14 -31 -28 0
27 -10 -32 0
20 48 9 0
-32 1 -19 0
-17 8 43 0
36 39 31 0
49 21 -34 0
-1 -11 26 0
-14 29 2 0
-40 36 7 0
-48 45 -23 0
46 -24 21 0
-23 -12 -11 0
-28 49 19 0
-9 -14 -32 0
-25 22 5 0
15 5 -9 0
18 11 -5 0
-9 43 30 0
48 21 39 0
-30 22 -18 0
-2 -32 -34 0
-18 -4 3 0
-26 28 -47 0
-11 -16 -13 0
-35 -1 10 0
21 -9 46 0
-37 44 -26 0
-5 -15 13 0
-49 -32 -36 0
34 -22 1 0
16 -27 -23 0
7 -29 4 0
-42 27 -28 0
-50 -6 24 0
23 48 49 0
49 -42 1 0
24 -25 40 0
-43 8 40 0
5 -2 -1 0
-26 5 45 0
23 -28 -32 0
-44 11 -13 0
-10 -35 -38 0
-6 -43 19 0
28 -5 -35 0
-30 8 23 0
35 33 -28 0
-19 -38 -35 0
23 45 -5 0
16 42 -13 0
-49 27 -43 0
-23 44 -9 0
11 18 47 0
-31 -42 7 0
48 -40 -49 0
-50 -28 -40 0
-32 -21 -44 0
34 19 -32 0
27 -34 -14 0
38 -7 -41 0
20 -34 -16 0
20 43 48 0
-34 -19 -39 0
11 -44 -1 0
30 -32 9 0
-39 6 16 0
48 31 -23 0
37 -9 -17 0
50 39 29 0
28 -50 -45 0
-44 -41 -10 0
-2 41 23 0
17 -19 50 0
-14 -21 -5 0
36 11 -49 0
43 -29 44 0
9 15 4 0
-42 36 16 0
47 -46 38 0
-13 -22 16 0
26 -49 -11 0
-23 -46 -26 0
23 4 36 0
-43 -40 44 0
-8 -21 -12 0
7 23 -16 0
23 33 21 0
14 -13 19 0
-32 19 23 0
-50 -26 2 0
35 -28 -44 0
-49 -47 22 0
-8 -16 -39 0
24 49 36 0
35 -39 43 0
-3 -11 19 0
-38 -44 22 0
-18 -29 -5 0
20 -39 17 0
-13 15 31 0
-26 -46 33 0
19 -1 37 0
-14 -35 -5 0
29 9 -44 0
-11 -15 28 0
-42 -44 -1 0
-18 27 -28 0
-48 -50 -15 0
-26 44 -1 0
RESULT seed=3032 beta=0 result=0 decisions=84 conflicts=169
RESULT seed=3032 beta=25 result=0 decisions=214 conflicts=429
RESULT seed=3032 beta=5 result=0 decisions=165 conflicts=331
RESULT seed=3032 beta=10 result=0 decisions=215 conflicts=431
INSTANCE seed=3033 n=50 m=300
p cnf 50 300
-28 -48 -22 0
10 48 32 0
-20 32 22 0
-11 -42 34 0
-15 -42 -14 0
35 21 -23 0
-31 44 14 0
-9 -8 -15 0
-11 -7 2 0
-25 -27 20 0
36 16 30 0
-31 -26 27 0
42 -49 -44 0
29 37 -39 0
-42 -35 15 0
-27 38 10 0
43 14 42 0
50 34 16 0
46 38 21 0
26 6 -9 0
-12 30 4 0
18 24 -16 0
-18 40 24 0
-28 -27 25 0
7 -9 -14 0
-39 19 -47 0
8 -1 -24 0
4 -27 -14 0
-17 47 -7 0
-43 -24 -19 0
-31 -29 -3 0
4 -47 -41 0
-42 -18 -6 0
21 44 30 0
-45 -27 -37 0
27 44 43 0
-14 3 24 0
-7 -29 -42 0
-29 50 -16 0
-11 22 -45 0
-30 -27 -18 0
-36 -5 -34 0
-18 -24 -33 0
-7 -29 39 0
15 -26 34 0
-36 -15 2 0
-39 15 -18 0
16 -2 38 0
-32 -8 -41 0
-15 -22 29 0
36 -3 7 0
-37 27 -19 0
-12 49 19 0
-33 -26 -49 0
-38 -6 13 0
20 -15 10 0
-6 -47 -27 0
10 13 -27 0
19 -12 40 0
-12 -38 -41 0
-37 11 31 0
26 11 -15 0
-25 9 10 0
41 15 24 0
-18 -40 24 0
-39 29 -31 0
30 -26 37 0
-48 16 39 0
34 10 36 0
22 45 3 0
50 23 -19 0
40 -24 -39 0
40 32 9 0
-24 10 -34 0
-28 13 -2 0
2 -34 -20 0
-26 27 -44 0
3 -20 32 0
34 45 3 0
-42 -4 11 0
6 -17 14 0
-14 11 -29 0
14 17 -25 0
-4 -7 9 0
-29 -49 -13 0
4 20 -13 0
-9 -25 -8 0
11 -20 40 0
-25 13 -35 0
48 -14 -34 0
27 17 22 0
-15 44 -29 0
-48 16 -14 0
-46 -31 -33 0
-45 33 -9 0
32 -42 48 0
-12 48 19 0
-46 36 -31 0
22 -19 -45 0
5 9 -15 0
-37 -34 -49 0
-24 37 39 0
1 -4 -32 0
-39 -4 -38 0
47 15 -28 0
-28 -13 47 0
33 -9 23 0
-1 21 -2 0
-29 -11 -32 0
-20 35 46 0
-38 -13 40 0
-33 23 -3 0
12 15 -13 0
19 18 -7 0
-47 -26 -40 0
41 42 -40 0
-36 -12 6 0
45 2 -11 0
34 50 -13 0
-7 12 -41 0
-25 17 -1 0
-26 -8 -25 0
26 -21 -24 0
-43 1 -37 0
12 -15 4 0
-3 -43 -14 0
37 39 -45 0
-37 40 17 0
50 -38 43 0
-21 -48 -7 0
-11 -46 -30 0
47 34 45 0
-26 -38 17 0
-17 -33 46 0
-48 -42 -18 0
-9 37 25 0
12 -17 15 0
16 -39 -26 0
11 36 -38 0
7 -18 45 0
36 26 37 0
-40 -47 29 0
-29 20 40 0
-44 41 26 0
19 3 -5 0
43 32 29 0
-43 26 -41 0
-47 -7 -41 0
14 10 24 0
30 34 44 0
-18 38 -27 0
17 46 12 0
-13 -15 -8 0
-22 18 -50 0
20 -43 11 0
30 -9 15 0
9 -47 27 0
12 47 -35 0
-30 39 -21 0
50 -32 42 0
44 13 24 0
38 -33 28 0
-10 13 48 0
-11 13 -45 0
-12 45 -6 0
30 -45 -1 0
50 -1 -21 0
-27 12 -38 0
35 4 42 0
24 47 -29 0
29 -45 43 0
6 16 -28 0
-12 11 41 0
-36 -45 -28 0
-41 -40 49 0
49 31 -37 0
-22 -4 9 0
41 18 49 0
-37 -33 3 0
-29 36 7 0
6 34 -39 0
28 39 -47 0
17 -47 -42 0
28 49 22 0
-1 15 -36 0
30 -6 1 0
-37 -9 15 0
-32 25 -6 0
1 -14 -13 0
-48 3 1 0
-42 32 -47 0
-18 19 47 0
-35 -38 -7 0
13 -26 -6 0
43 -27 -25 0
-40 -2 -26 0
-37 18 -20 0
-3 -47 -14 0
-15 -10 42 0
-22 9 4 0
-22 -26 39 0
42 16 18 0
-15 -18 -14 0
4 -43 -26 0
-45 -44 8 0
33 11 17 0
-10 34 -29 0
42 1 28 0
26 -38 -50 0
-9 2 44 0
-22 27 10 0
-16 -15 -12 0
9 37 -17 0
-22 32 45 0
44 6 25 0
36 28 38 0
2 -31 37 0
-21 25 9 0
-13 4 40 0
-15 18 26 0
-1 -37 16 0
22 43 -41 0
6 -48 35 0
-40 -37 33 0
3 20 -34 0
-38 -12 -42 0
-47 40 28 0
-7 17 -40 0
42 38 30 0
40 16 34 0
49 -50 -27 0
-33 6 -50 0
50 -34 -26 0
-31 1 25 0
-48 10 19 0
39 11 22 0
13 41 22 0
-13 -9 20 0
26 -12 4 0
1 16 6 0
44 -50 3 0
-36 -3 -43 0
40 12 -39 0
-48 -3 40 0
-36 42 19 0
-40 37 -13 0
-16 -15 -35 0
9 -8 -17 0
19 -15 -10 0
-11 46 -41 0
28 48 -7 0
12 -5 29 0
12 -14 -48 0
26 2 36 0
-27 44 -9 0
6 -36 32 0
-1 -21 35 0
-33 30 21 0
41 26 17 0
2 14 -20 0
-32 -11 -4 0
38 3 36 0
12 43 -29 0
-43 -25 -47 0
-5 23 -34 0
8 34 -9 0
3 -24 -15 0
33 -6 38 0
42 -15 37 0
-50 -17 14 0
-32 10 -36 0
-47 -14 16 0
43 -30 7 0
45 4 36 0
-19 -39 -46 0
24 -40 28 0
-10 21 -35 0
9 -14 41 0
21 -11 14 0
-40 -22 10 0
-44 30 -8 0
-21 -22 -11 0
-19 -44 34 0
33 -1 -15 0
-13 10 35 0
-41 19 4 0
34 -30 39 0
4 -36 -40 0
-37 -5 -3 0
-26 -42 -1 0
-10 -46 20 0
20 -1 -11 0
-5 -11 -18 0
39 16 15 0
15 -3 23 0
-36 -24 -23 0
11 10 8 0
2 26 6 0
12 7 -27 0
-33 -8 -37 0
RESULT seed=3033 beta=0 result=0 decisions=116 conflicts=233
RESULT seed=3033 beta=25 result=0 decisions=311 conflicts=623
RESULT seed=3033 beta=5 result=0 decisions=297 conflicts=595
RESULT seed=3033 beta=10 result=0 decisions=297 conflicts=595
INSTANCE seed=3034 n=50 m=300
p cnf 50 300
4 -48 14 0
-21 -4 33 0
13 46 3 0
21 -36 41 0
-32 -44 -41 0
-31 3 -40 0
-16 -32 29 0
15 50 -39 0
-26 -14 -31 0
13 22 -25 0
2 10 49 0
30 -50 -4 0
-39 4 47 0
6 2 49 0
29 -21 -7 0
28 -20 -6 0
6 43 -4 0
-17 44 -6 0
-32 50 23 0
-48 35 29 0
3 32 17 0
33 47 -50 0
-2 -20 16 0
23 21 47 0
47 34 43 0
25 -36 -15 0
-50 -28 -10 0
-22 5 40 0
-36 6 14 0
46 38 24 0
-32 21 -45 0
1 -15 -3 0
-40 27 -10 0
-24 -48 5 0
-47 21 24 0
-39 15 -1 0
-27 -16 39 0
-42 45 33 0
49 -44 -6 0
19 -44 18 0
43 -27 19 0
-4 -45 -25 0
24 -22 -5 0
-41 45 -25 0
43 13 -6 0
44 -3 -2 0
-25 12 -16 0
15 -21 50 0
-25 -34 -35 0
8 -4 -33 0
-17 -50 7 0
24 23 -14 0
28 -18 -6 0
50 -30 -15 0
29 18 -3 0
24 -14 -21 0
-8 -42 -13 0
46 -30 15 0
-50 27 49 0
-2 30 28 0
-39 24 -10 0
-43 21 -20 0
3 -16 15 0
-11 -28 19 0
5 -40 43 0
23 -37 -43 0
-32 -34 -36 0
-33 -20 -28 0
-35 -27 -6 0
4 42 46 0
-25 45 2 0
-7 11 37 0
4 8 49 0
26 -29 -7 0
-18 17 -46 0
48 37 -24 0
-46 24 3 0
-50 -31 -1 0
-14 11 -23 0
10 14 36 0
3 22 46 0
-27 28 12 0
-33 40 -30 0
22 -19 -45 0
19 38 45 0
-20 -46 32 0
45 -43 -25 0
47 -32 20 0
-43 -22 33 0
8 -16 -18 0
15 -39 -31 0
-30 -4 -26 0
47 -46 -50 0
25 -24 3 0
35 -30 -5 0
30 -22 19 0
-39 41 3 0
43 48 19 0
36 50 -38 0
-43 29 -21 0
2 10 -15 0
-26 22 -50 0
-22 48 -5 0
36 -39 29 0
-25 -35 20 0
28 48 -10 0
-41 9 -7 0
-3 39 -31 0
20 25 3 0
-28 48 -30 0
-10 -34 -4 0
-40 46 3 0
44 -8 -29 0
-18 -17 29 0
25 -50 45 0
-41 -49 -8 0
6 -22 -23 0
29 6 -33 0
-19 20 43 0
50 -46 36 0
25 -40 -35 0
-4 -16 38 0
14 -46 -40 0
-7 30 36 0
-21 50 9 0
-10 -21 -13 0
-17 -13 14 0
-32 -11 46 0
-16 -19 -34 0
49 -46 -4 0
-3 -34 41 0
-6 -40 -12 0
-9 -8 3 0
9 -28 21 0
2 27 34 0
-47 16 -5 0
15 24 48 0
13 -30 -31 0
-26 -50 42 0
-25 2 -28 0
-29 24 -37 0
-6 -46 -35 0
34 -14 31 0
29 18 20 0
-50 4 -38 0
-47 -34 -44 0
33 3 35 0
-39 -36 -26 0
-24 42 47 0
32 -13 34 0
-3 36 1 0
-1 14 36 0
50 32 -19 0
16 23 -30 0
-8 -23 -39 0
45 18 2 0
-7 -24 40 0
-9 13 32 0
-3 -41 -44 0
-36 23 -31 0
-14 -16 18 0
14 -21 40 0
-46 -17 -14 0
6 -13 4 0
35 -7 41 0
-6 29 12 0
17 -11 49 0
14 45 -41 0
10 18 38 0
-34 -18 -47 0
12 -49 -30 0
4 -22 13 0
10 -8 -38 0
11 6 30 0
-22 -46 -26 0
-16 44 31 0
-48 -12 -46 0
36 -32 23 0
-49 -21 -24 0
-25 1 16 0
49 -11 19 0
-45 7 43 0
-30 -42 -50 0
33 -1 13 0
-17 33 12 0
-37 -1 -7 0
26 21 17 0
1 -22 3 0
43 -11 16 0
6 -45 -24 0
8 25 19 0
-34 8 -11 0
-22 -29 -42 0
24 -37 -38 0
39 6 16 0
37 32 15 0
-48 24 -34 0
-39 33 11 0
29 18 -40 0
-34 -27 46 0
22 -35 48 0
-29 7 11 0
-20 25 1 0
31 39 26 0
49 23 44 0
28 -44 -47 0
15 -5 -3 0
7 -18 -6 0
-42 -4 -37 0
-4 42 -40 0
35 5 15 0
-13 23 41 0
47 -12 -40 0
8 48 -7 0
19 8 -43 0
26 -47 18 0
47 -30 -18 0
-18 -48 37 0
-34 -4 -26 0
-26 45 47 0
-14 -2 -37 0
-46 -9 37 0
7 -27 -21 0
-20 42 29 0
-18 42 -32 0
-42 -19 27 0
-32 33 -20 0
6 17 20 0
-25 -39 28 0
32 -17 -21 0
19 26 -17 0
45 35 32 0
45 -48 -50 0
-8 21 4 0
33 -21 12 0
15 20 -40 0
16 36 -22 0
-7 48 -8 0
29 5 28 0
7 21 -20 0
38 36 -43 0
34 26 -13 0
-40 -39 48 0
31 44 21 0
32 10 -2 0
-14 -49 -8 0
-30 -26 -44 0
11 -36 -41 0
-38 9 32 0
29 -46 47 0
7 40 -43 0
14 -17 -9 0
-1 -44 25 0
-1 10 -41 0
16 -46 -43 0
-41 14 -31 0
19 -47 -44 0
-42 -35 -41 0
-33 -11 25 0
-28 -17 -46 0
-28 -46 -26 0
23 32 -38 0
-35 43 31 0
-2 -32 19 0
-7 4 -6 0
-21 24 -12 0
5 43 -47 0
-49 -10 -43 0
-27 -10 -32 0
-45 3 -7 0
23 14 25 0
-25 -7 -2 0
-44 -47 32 0
-2 27 3 0
39 37 28 0
-34 -3 -2 0
-43 25 33 0
37 21 5 0
4 10 50 0
23 -49 2 0
-3 42 -34 0
9 16 -17 0
46 -23 -13 0
-22 -49 -44 0
16 15 46 0
37 27 -18 0
21 19 50 0
7 -32 -4 0
9 -3 -49 0
-25 -10 40 0
-42 -18 -19 0
-37 -22 -38 0
8 46 -33 0
18 27 -11 0
-18 34 33 0
44 -29 -5 0
28 46 -40 0
-18 43 35 0
-39 -27 -6 0
23 27 43 0
RESULT seed=3034 beta=0 result=0 decisions=40 conflicts=81
RESULT seed=3034 beta=25 result=0 decisions=86 conflicts=173
RESULT seed=3034 beta=5 result=0 decisions=86 conflicts=173
RESULT seed=3034 beta=10 result=0 decisions=86 conflicts=173
INSTANCE seed=3035 n=50 m=300
p cnf 50 300
-29 48 -6 0
32 -10 -19 0
-18 13 42 0
-36 -46 -37 0
50 48 34 0
-27 -45 -15 0
10 -33 -14 0
-15 41 -20 0
-38 16 -6 0
-25 -19 22 0
34 -7 -39 0
48 -43 38 0
2 -38 7 0
18 -29 -27 0
49 -47 9 0
21 26 -19 0
-9 24 14 0
48 8 18 0
-13 40 -20 0
26 -48 5 0
-15 -29 -6 0
-22 -34 19 0
24 37 -48 0
-49 21 14 0
6 -29 14 0
-21 -30 -11 0
46 -17 8 0
21 35 -30 0
-22 -34 -38 0
-25 30 41 0
-44 -26 27 0
-13 -16 -19 0
20 -7 -29 0
-9 -27 -15 0
50 14 -32 0
-7 26 -11 0
38 13 -32 0
15 -9 20 0
46 33 37 0
22 -25 14 0
41 -5 24 0
18 -24 21 0
-25 18 37 0
49 33 21 0
7 20 40 0
-2 39 -22 0
9 14 31 0
10 23 -14 0
15 -40 -12 0
-3 4 -31 0
37 -46 -25 0
27 -2 -46 0
-6 45 -29 0
-1 40 -35 0
5 -22 15 0
4 46 -16 0
-12 18 -31 0
50 23 15 0
-4 24 -40 0
42 -44 11 0
-6 10 -35 0
-34 19 -32 0
45 -41 7 0
30 11 2 0
-26 24 -34 0
8 -6 48 0
-25 -23 -28 0
-35 -45 -31 0
-6 32 39 0
21 25 -8 0
-12 -23 -11 0
-12 -6 -32 0
49 -21 9 0
-33 -1 29 0
20 5 -28 0
-44 -23 -14 0
-21 22 -15 0
10 -50 14 0
35 38 34 0
42 -28 23 0
11 1 -27 0
-29 -41 44 0
13 -29 -25 0
-43 50 -3 0
3 15 -32 0
-45 -7 -20 0
4 48 45 0
20 1 -47 0
47 19 -3 0
-41 -27 13 0
10 -30 26 0
-8 -42 -17 0
-7 15 45 0
34 -36 2 0
24 -37 14 0
-27 50 -11 0
-47 -29 -20 0
8 -16 -49 0
3 -41 29 0
-6 41 3 0
-37 -3 30 0
4 -17 50 0
-9 -26 28 0
-47 27 31 0
-1 21 34 0
34 45 24 0
4 -48 -41 0
-23 -4 -16 0
38 9 -12 0
14 -10 24 0
-2 -14 8 0
-44 -34 -20 0
29 18 4 0
22 4 34 0
-24 -16 13 0
1 -10 39 0
-2 -39 -37 0
-43 -9 27 0
19 -50 -11 0
36 -32 -15 0
-14 -29 -42 0
-11 -2 -6 0
-48 38 -11 0
36 -9 31 0
4 -35 11 0
-7 -37 33 0
-32 6 -13 0
-42 -45 28 0
-41 11 21 0
10 30 -27 0
-19 -5 -27 0
-12 25 41 0
7 -10 -36 0
-40 44 20 0
-28 15 40 0
25 31 -23 0
34 -8 39 0
-7 -15 18 0
14 27 23 0
29 -39 -47 0
47 -37 -11 0
1 -16 11 0
-25 -15 -30 0
-27 -11 15 0
-41 -2 -1 0
-32 -24 22 0
-6 -2 42 0
-10 23 4 0
-5 42 41 0
2 24 -42 0
47 24 -2 0
-45 8 -32 0
-9 43 -18 0
43 20 7 0
-12 8 -40 0
-34 -29 35 0
31 -14 36 0
12 -43 33 0
40 8 14 0
47 -40 -17 0
-22 16 21 0
19 44 45 0
-29 -17 15 0
-39 -17 -48 0
-48 47 -37 0
26 32 -27 0
-29 36 7 0
43 -21 -36 0
46 -27 21 0
-10 -30 2 0
41 29 -7 0
26 -37 46 0
7 -11 -50 0
41 30 -44 0
38 -12 -28 0
-45 -9 -5 0
-32 -21 -34 0
-43 -15 -18 0
20 42 -9 0
6 18 31 0
-11 25 22 0
4 29 -3 0
-19 23 30 0
-39 -30 -17 0
24 14 41 0
-13 -46 -4 0
-33 -27 -38 0
38 -40 -14 0
-45 -39 -41 0
-17 -48 -46 0
21 -6 18 0
30 49 5 0
-48 34 31 0
5 47 15 0
-14 -32 -11 0
-44 -16 33 0
-5 23 -15 0
32 17 22 0
15 -8 -12 0
-20 36 16 0
-25 -32 -44 0
29 32 -38 0
-47 -48 -29 0
19 -20 44 0
12 -30 -11 0
-20 -43 46 0
29 6 -19 0
33 30 -49 0
20 34 42 0
48 6 -33 0
-18 21 -25 0
36 48 -25 0
-17 -5 8 0
16 -2 -40 0
23 -25 18 0
7 -36 48 0
17 16 -15 0
-20 -41 -46 0
-13 -36 3 0
-17 11 22 0
5 2 12 0
37 -2 -27 0
-30 19 -50 0
1 -11 14 0
-4 16 2 0
-25 -43 -22 0
5 33 34 0
-38 -15 22 0
25 18 26 0
-41 -13 -29 0
41 35 -43 0
36 -1 -47 0
-13 -16 27 0
-35 -12 36 0
-36 15 11 0
50 27 10 0
38 13 -29 0
-33 -8 -20 0
24 28 35 0
-9 39 33 0
48 30 -50 0
-13 43 -39 0
10 9 -36 0
-9 -49 -50 0
23 -12 -31 0
44 -26 7 0
6 37 41 0
9 -46 -37 0
41 21 -26 0
-5 39 -8 0
29 -27 6 0
-47 10 -37 0
-38 23 6 0
30 5 -10 0
-39 19 -7 0
-1 11 38 0
-13 34 48 0
36 -1 -9 0
30 -17 -41 0
-43 -21 38 0
-12 -8 -31 0
-14 -25 -48 0
-28 11 37 0
15 20 43 0
-22 -16 -15 0
-13 9 -28 0
-14 -12 -26 0
-37 -18 -35 0
-20 36 7 0
-19 -40 48 0
28 49 -41 0
16 13 31 0
5 -9 10 0
33 -35 -1 0
33 50 -14 0
18 -29 31 0
32 -1 -22 0
32 35 37 0
-13 -29 41 0
-17 12 9 0
25 -2 16 0
3 36 -6 0
19 37 -18 0
-14 -16 31 0
-23 -10 -30 0
35 -23 26 0
10 49 -45 0
18 32 16 0
-43 14 46 0
-6 -13 -37 0
14 47 -6 0
-45 41 5 0
-31 42 5 0
46 3 1 0
-23 -4 36 0
-20 -19 -33 0
30 25 28 0
7 48 -16 0
-49 -17 39 0
12 -40 6 0
RESULT seed=3035 beta=0 result=0 decisions=74 conflicts=149
RESULT seed=3035 beta=25 result=0 decisions=153 conflicts=307
RESULT seed=3035 beta=5 result=0 decisions=153 conflicts=307
RESULT seed=3035 beta=10 result=0 decisions=153 conflicts=307
INSTANCE seed=3036 n=50 m=300
p cnf 50 300
5 48 -30 0
48 34 16 0
-31 -44 48 0
47 -28 24 0
3 -46 5 0
-48 -32 39 0
-23 -4 38 0
-3 -29 -17 0
42 -40 -1 0
39 7 19 0
49 3 -24 0
-41 40 13 0
29 -43 -20 0
44 -11 -40 0
-4 19 46 0
-10 26 43 0
-24 -3 30 0
40 48 -38 0
35 -22 13 0
-39 12 49 0
-39 -18 -13 0
34 -38 2 0
-32 -37 -35 0
2 28 -14 0
-23 28 20 0
49 -17 -47 0
-44 -31 -50 0
34 46 33 0
15 14 -16 0
-25 50 6 0
-22 -34 11 0
-3 31 2 0
-49 -47 35 0
32 24 4 0
4 31 12 0
20 -50 44 0
11 -38 21 0
35 -17 -3 0
8 17 -22 0
-47 -10 -49 0
33 28 -31 0
14 26 -28 0
-21 -18 -7 0
-22 -17 -21 0
-28 25 -9 0
25 43 1 0
-39 32 43 0
9 23 -43 0
-13 -27 -45 0
46 -29 43 0
35 -37 -36 0
41 34 -1 0
33 49 32 0
-23 45 -20 0
-26 -22 -12 0
-16 -46 -48 0
8 23 6 0
-5 -15 -25 0
10 -37 -25 0
5 -44 -36 0
-7 10 -24 0
16 43 37 0
-15 10 35 0
35 26 29 0
-28 -29 14 0
-49 50 -8 0
-12 7 -30 0
41 27 -23 0
21 -49 -2 0
-37 -6 8 0
-1 15 -9 0
12 11 -29 0
-36 -7 12 0
-44 30 -50 0
-16 38 -43 0
25 30 -29 0
29 -39 27 0
30 -9 -28 0
-44 14 47 0
-41 -1 -4 0
-50 -30 27 0
30 38 25 0
17 5 27 0
-12 -3 18 0
39 -27 -46 0
44 -43 27 0
-1 -47 14 0
-5 -12 -24 0
-45 33 -49 0
-47 -10 -2 0
-45 13 -36 0
5 30 39 0
33 -43 19 0
47 -30 -46 0
39 49 48 0
20 -1 25 0
-20 49 14 0
-39 1 36 0
46 7 -24 0
39 27 3 0
-5 -50 44 0
7 -28 -18 0
-31 7 39 0
-18 6 33 0
-27 7 -48 0
40 -43 -37 0
16 36 25 0
43 19 -1 0
-5 42 -21 0
50 22 18 0
-45 44 13 0
48 22 38 0
14 -28 -37 0
-35 -32 19 0
-10 -32 22 0
15 -19 37 0
33 40 -25 0
-11 17 14 0
-47 -33 17 0
47 20 17 0
26 -31 5 0
-41 -15 -5 0
-35 44 30 0
42 -17 -47 0
-13 -46 -9 0
-34 -28 43 0
46 5 -50 0
-24 -3 2 0
-40 38 25 0
43 12 -6 0
-42 -33 -12 0
2 -50 -22 0
-50 7 -12 0
6 -30 -43 0
3 10 12 0
12 48 -20 0
22 20 -6 0
-10 -13 1 0
46 -5 -11 0
13 12 -2 0
-5 32 16 0
47 46 -42 0
-46 -2 36 0
4 6 34 0
42 14 17 0
-14 -49 29 0
-50 49 -31 0
9 -33 -36 0
41 -35 -23 0
35 19 -34 0
-1 -9 18 0
37 34 38 0
-2 -42 -3 0
-40 -9 -6 0
-1 26 -36 0
-1 -6 -14 0
38 47 24 0
20 45 -13 0
23 -8 20 0
-14 9 -4 0
-11 17 20 0
-10 25 3 0
-14 -43 -23 0
-29 19 -25 0
-16 23 -27 0
-49 1 -38 0
-30 46 49 0
32 -1 3 0
-33 -6 -19 0
-6 48 -28 0
40 1 27 0
3 5 24 0
1 -41 -50 0
46 -49 -8 0
-4 -49 1 0
-33 30 46 0
-20 49 -19 0
-3 44 35 0
-15 -48 8 0
47 -41 -25 0
-19 -45 -4 0
33 43 -28 0
39 8 2 0
-34 35 39 0
-35 -25 -1 0
48 11 38 0
-48 -45 4 0
-45 7 23 0
-17 -36 -16 0
37 24 26 0
-20 -36 -40 0
-31 -47 26 0
44 -7 48 0
-46 37 14 0
6 13 8 0
45 -15 -38 0
-22 29 44 0
-5 -29 -9 0
-8 -9 -19 0
-18 -49 -21 0
38 -11 -33 0
-33 -42 -10 0
13 24 32 0
40 19 13 0
-17 -43 -46 0
-16 -25 -43 0
-47 4 -1 0
-38 15 2 0
45 -28 -12 0
39 -49 -41 0
-7 -50 -46 0
-22 48 13 0
6 8 24 0
-36 -22 -17 0
-40 4 -27 0
-10 -17 50 0
-22 -19 1 0
45 24 -43 0
50 -21 5 0
-10 -7 -3 0
-7 16 -45 0
17 35 50 0
50 13 5 0
-8 31 10 0
-40 -36 -38 0
-5 22 16 0
15 38 -44 0
46 43 -37 0
-1 12 33 0
15 33 -6 0
-10 13 48 0
-38 -41 24 0
3 -36 -5 0
28 21 -50 0
11 8 3 0
40 6 13 0
-31 12 27 0
-18 26 1 0
-50 25 -30 0
39 -27 5 0
-5 -27 23 0
43 -7 42 0
-43 -14 -9 0
44 5 13 0
29 -21 -3 0
25 -32 35 0
17 39 -42 0
-6 -16 -2 0
-39 41 -8 0
27 -5 7 0
-23 32 -10 0
-50 6 -33 0
43 -4 36 0
-22 35 -43 0
6 -50 -32 0
37 -33 -41 0
-3 -36 -18 0
-8 50 -9 0
-2 -13 -3 0
25 -9 13 0
-17 21 37 0
-13 -10 28 0
45 -11 13 0
-46 1 -30 0
-24 -41 -39 0
49 -18 26 0
18 38 -42 0
-7 41 -40 0
7 -13 -12 0
4 -16 15 0
-16 -31 19 0
2 -30 -42 0
-19 -40 50 0
17 13 -39 0
29 -48 -47 0
44 -47 14 0
34 -43 40 0
-21 -46 -14 0
6 -21 -16 0
-21 -29 30 0
-31 34 -40 0
38 34 -46 0
-23 18 29 0
-8 -14 33 0
-44 -7 -34 0
11 32 30 0
20 -12 -48 0
-9 -48 26 0
-30 5 46 0
43 17 21 0
49 -6 40 0
-23 24 32 0
-36 27 -44 0
-7 -48 25 0
21 19 -2 0
30 17 12 0
-41 -37 15 0
7 -38 -9 0
-9 47 -17 0
23 20 2 0
RESULT seed=3036 beta=0 result=0 decisions=45 conflicts=91
RESULT seed=3036 beta=25 result=0 decisions=69 conflicts=139
RESULT seed=3036 beta=5 result=0 decisions=47 conflicts=95
RESULT seed=3036 beta=10 result=0 decisions=47 conflicts=95
INSTANCE seed=3037 n=50 m=300
p cnf 50 300
-31 48 40 0
-3 -23 -40 0
-28 -47 -20 0
16 -23 -4 0
33 30 36 0
-3 36 -40 0
-21 -13 46 0
18 -42 7 0
45 21 -8 0
50 27 -14 0
-41 -49 -9 0
34 -38 43 0
-46 -10 -25 0
42 -28 -17 0
-10 -1 -32 0
26 -25 -50 0
8 5 -14 0
5 -16 3 0
-11 33 -1 0
32 -21 -4 0
-20 -47 -33 0
-40 -1 14 0
33 7 42 0
17 43 -23 0
43 20 -17 0
5 43 -46 0
-27 17 39 0
48 -24 -32 0
45 -39 -1 0
18 37 43 0
47 -28 15 0
-22 -21 -8 0
-35 16 -41 0
25 8 -7 0
46 -10 -23 0
48 -24 -28 0
-33 -12 -10 0
5 -11 -10 0
-50 -37 -25 0
-28 -39 -5 0
38 31 -21 0
18 13 38 0
-17 18 -49 0
15 10 13 0
35 -36 -9 0
17 11 14 0
-27 18 13 0
48 27 11 0
-27 -43 41 0
48 16 -46 0
-1 -12 -13 0
1 -47 4 0
34 22 46 0
4 -11 38 0
35 45 -41 0
3 30 11 0
9 -25 7 0
4 -19 20 0
45 20 -10 0
-23 48 -9 0
-24 -30 -25 0
42 4 50 0
-46 -1 5 0
-30 14 -38 0
-28 -1 6 0
2 -21 31 0
-34 35 -46 0
17 -23 35 0
-17 22 7 0
-42 -8 3 0
49 -40 31 0
41 21 -25 0
26 49 13 0
-48 -25 -44 0
-49 -20 37 0
-43 37 -19 0
29 30 21 0
-13 -46 23 0
-42 -34 16 0
-40 14 -19 0
44 -45 36 0
-43 -17 -26 0
15 20 44 0
18 7 -20 0
18 -8 21 0
46 30 -17 0
-49 -4 11 0
45 -43 42 0
31 4 11 0
14 18 -5 0
48 -10 44 0
44 -19 16 0
42 -44 17 0
31 22 7 0
-30 -1 46 0
-14 -13 33 0
39 -17 19 0
-13 2 20 0
-1 36 -43 0
-37 1 -19 0
-6 -20 33 0
48 -6 27 0
-35 37 32 0
9 15 -36 0
-3 44 -12 0
47 -41 -50 0
-29 -25 8 0
-13 -34 -36 0
-23 26 29 0
37 34 12 0
-37 25 -18 0
1 -9 -5 0
49 37 3 0
30 -3 19 0
-28 -27 21 0
-23 -12 -36 0
-14 -41 -12 0
29 24 2 0
26 16 -23 0
9 8 -19 0
37 33 18 0
22 27 4 0
22 -1 -50 0
48 -25 -12 0
21 8 -7 0
11 20 -23 0
49 -26 37 0
40 3 -15 0
15 23 -4 0
28 39 -7 0
-30 -49 -9 0
44 -3 -48 0
-19 -44 -34 0
13 21 8 0
9 -31 39 0
8 -28 -16 0
16 6 25 0
25 -23 -38 0
20 -37 -44 0
-44 -39 12 0
10 39 -47 0
-23 -20 44 0
-20 36 -6 0
-2 -45 -27 0
-37 -46 8 0
15 -40 48 0
-43 19 -2 0
46 -11 -17 0
41 -29 -43 0
46 -37 -25 0
-34 14 2 0
-23 9 31 0
12 28 -21 0
23 49 5 0
-40 -44 -31 0
18 -33 -43 0
-46 13 39 0
11 16 45 0
-37 35 -21 0
47 9 -40 0
-1 45 47 0
-21 14 11 0
48 -20 -32 0
18 21 2 0
34 50 -18 0
-22 -19 1 0
23 45 42 0
-1 30 -24 0
-16 -40 11 0
50 -49 10 0
10 36 -39 0
-19 1 6 0
47 18 -20 0
-17 34 -2 0
-8 -35 -18 0
-28 -30 44 0
-49 -50 11 0
-13 4 -28 0
37 -35 -49 0
-45 -28 -38 0
23 -8 -31 0
11 36 2 0
28 -50 40 0
-27 -17 20 0
-17 -42 6 0
-46 -35 -23 0
13 -25 10 0
45 5 -23 0
-40 -13 -20 0
-35 44 -42 0
50 -19 -26 0
-19 -50 -35 0
41 -22 26 0
11 -26 -6 0
-37 -18 2 0
-40 -33 20 0
-26 49 -21 0
-35 -23 -29 0
15 6 31 0
17 13 27 0
-27 -38 11 0
17 -31 45 0
11 -29 -18 0
-10 23 14 0
-43 30 2 0
-39 -29 20 0
-32 24 33 0
-46 -15 32 0
21 2 19 0
32 -33 39 0
42 19 10 0
14 -43 12 0
-33 -23 42 0
-13 31 -47 0
39 -35 -14 0
13 -4 7 0
-15 -30 31 0
-35 12 40 0
17 43 -10 0
42 3 -28 0
42 26 38 0
32 49 -37 0
-14 35 -12 0
-47 12 19 0
19 8 23 0
45 42 -7 0
38 4 -32 0
-9 -2 -36 0
-38 -2 41 0
13 40 22 0
-7 46 4 0
-41 -39 -12 0
5 -25 46 0
-40 -16 15 0
-11 -29 19 0
15 1 26 0
36 15 -17 0
-24 -23 19 0
-42 -29 36 0
-1 19 2 0
22 -20 1 0
48 36 -9 0
-4 1 -16 0
6 17 40 0
-33 24 -23 0
-21 -33 -30 0
-38 -47 48 0
-38 -22 11 0
-26 6 -17 0
32 -41 14 0
-36 -38 -9 0
47 50 -39 0
-40 -12 -18 0
-16 18 7 0
-30 -32 -28 0
-7 15 40 0
-25 4 -34 0
-14 -43 -32 0
26 -34 -18 0
-30 -23 16 0
-36 -13 -12 0
-24 25 -14 0
-33 13 -42 0
-32 -5 43 0
30 21 -48 0
22 42 9 0
-4 30 41 0
46 -30 -29 0
46 -29 21 0
11 42 34 0
-16 50 -45 0
41 29 19 0
-48 13 -43 0
14 -50 -9 0
-4 14 20 0
-49 -13 -48 0
-17 -21 16 0
-41 -46 28 0
30 14 7 0
-35 16 23 0
42 3 -47 0
45 25 21 0
-20 4 42 0
32 9 -46 0
19 -1 13 0
49 41 -28 0
-47 36 19 0
-1 -33 -28 0
43 49 -23 0
-39 35 14 0
47 -25 -26 0
16 -1 -14 0
18 7 -46 0
48 -41 -25 0
-26 43 -6 0
47 32 -11 0
-33 -25 -31 0
14 11 -2 0
-9 -31 32 0
-33 38 50 0
RESULT seed=3037 beta=0 result=0 decisions=113 conflicts=227
RESULT seed=3037 beta=25 result=0 decisions=113 conflicts=227
RESULT seed=3037 beta=5 result=0 decisions=113 conflicts=227
RESULT seed=3037 beta=10 result=0 decisions=113 conflicts=227
INSTANCE seed=3038 n=50 m=300
p cnf 50 300
6 49 -32 0
14 29 25 0
-34 14 -8 0
31 26 -25 0
5 9 14 0
14 -18 -42 0
41 35 19 0
-16 15 -11 0
-22 24 28 0
9 46 -10 0
33 -45 -44 0
27 36 -46 0
18 -47 -9 0
-4 3 37 0
-40 -3 44 0
-29 -25 -40 0
8 21 -38 0
-8 -20 -45 0
35 5 -17 0
-9 -7 -3 0
-23 5 -21 0
49 -34 36 0
-12 17 -36 0
-11 9 -45 0
26 12 22 0
33 16 -24 0
44 6 -43 0
42 32 -8 0
9 35 -50 0
1 34 -42 0
31 42 25 0
-28 9 27 0
21 -11 -19 0
48 -50 8 0
-19 -27 -11 0
-49 -25 14 0
19 -12 -21 0
-7 -22 -23 0
32 -15 -44 0
6 46 -26 0
-36 -43 20 0
-43 -7 -21 0
38 43 31 0
23 -48 9 0
49 -44 43 0
-25 47 -34 0
11 20 -28 0
-42 29 -10 0
33 -44 6 0
-21 -47 29 0
9 20 7 0
-13 45 33 0
48 -10 -30 0
5 46 39 0
50 -6 -5 0
-27 22 34 0
-32 4 -44 0
5 -18 47 0
-41 -43 46 0
-13 -50 8 0
-8 -14 10 0
25 9 43 0
30 48 12 0
-36 -15 25 0
-31 -32 28 0
5 -21 30 0
48 -36 50 0
27 -19 6 0
29 18 1 0
38 26 24 0
50 12 27 0
21 9 47 0
-39 13 31 0
14 -41 -49 0
47 -4 26 0
26 -33 28 0
-34 -48 17 0
-23 33 -21 0
30 39 43 0
-43 -50 -32 0
-2 -37 -42 0
-41 -26 -31 0
-42 16 -32 0
-50 -37 3 0
-9 41 13 0
-21 22 -48 0
4 29 39 0
33 17 -38 0
-48 -16 -24 0
48 -47 35 0
-28 13 -44 0
-14 -50 32 0
28 13 -35 0
-47 10 -41 0
-26 -16 28 0
-34 5 -10 0
-28 11 7 0
13 -6 38 0
49 11 27 0
19 -29 34 0
-6 3 -44 0
19 -9 -8 0
-27 -5 26 0
17 -50 26 0
-10 -40 -2 0
-41 36 -46 0
27 -20 26 0
-13 -42 -9 0
47 -1 8 0
-3 26 -33 0
40 -48 30 0
10 14 -7 0
24 -29 -13 0
-42 -34 33 0
24 19 46 0
22 -20 -32 0
-5 -34 45 0
42 -50 48 0
32 39 5 0
49 -28 20 0
45 -21 49 0
34 -31 -2 0
40 -4 8 0
-7 20 -3 0
-33 -27 30 0
19 5 -38 0
12 18 -33 0
-36 49 -39 0
7 -34 27 0
-4 45 -36 0
18 47 -11 0
21 25 10 0
-42 -2 -50 0
11 8 -50 0
-35 -27 -25 0
-40 -13 49 0
-2 -13 33 0
-5 -43 -9 0
-3 50 -28 0
16 -3 26 0
10 41 -12 0
-41 -23 -46 0
11 -17 25 0
-7 46 -5 0
41 -38 20 0
-22 -41 37 0
-44 3 25 0
-47 -13 -23 0
33 39 -48 0
-40 -23 -13 0
-7 -4 15 0
-17 -18 35 0
-10 -33 25 0
22 -15 39 0
-6 -39 4 0
-29 -13 27 0
-34 10 21 0
3 -37 16 0
-10 -27 -25 0
35 49 4 0
24 27 30 0
38 -19 17 0
-41 36 -20 0
33 47 41 0
-7 -23 -29 0
2 26 8 0
44 -38 13 0
17 -44 -35 0
20 10 -45 0
49 -24 -4 0
-45 -49 43 0
-30 -21 -50 0
35 -48 -38 0
-43 44 -40 0
-37 -19 -45 0
12 21 36 0
22 -30 -43 0
-28 2 3 0
-23 14 -21 0
-9 -22 -41 0
-43 15 1 0
-27 21 43 0
-29 50 -43 0
-23 -33 -26 0
36 -1 -38 0
28 -2 23 0
19 41 7 0
-28 31 -47 0
-19 -12 -3 0
-23 7 25 0
30 25 45 0
14 4 45 0
-4 -33 31 0
8 21 -22 0
-6 -36 -38 0
-6 10 -28 0
-9 15 -28 0
19 -24 -4 0
-1 4 -13 0
-42 -19 50 0
-42 -34 28 0
44 -8 -35 0
-13 -19 21 0
-7 -38 -41 0
-24 12 27 0
-11 43 -14 0
37 -3 -34 0
9 25 -46 0
-22 -9 6 0
-8 32 -19 0
11 12 -15 0
50 -34 4 0
23 -38 25 0
12 14 -45 0
-23 -48 19 0
10 -38 -5 0
-36 44 -23 0
-49 31 17 0
42 -1 -22 0
35 30 -16 0
-15 23 49 0
4 -28 -36 0
-31 -47 -12 0
-23 29 7 0
18 37 43 0
28 48 -30 0
8 34 12 0
49 11 -20 0
-21 -22 -11 0
-35 24 -42 0
49 -10 47 0
-37 4 -30 0
10 -44 -37 0
-50 -6 -15 0
38 2 -10 0
29 -10 -1 0
-35 -40 46 0
39 41 -17 0
-7 -29 19 0
-37 -34 -30 0
1 29 -48 0
-38 -17 -21 0
-20 34 -49 0
23 7 40 0
-1 13 -16 0
-10 11 47 0
-25 -33 -48 0
-19 42 -16 0
42 -16 19 0
-50 37 9 0
-14 7 -40 0
14 24 42 0
-23 -28 40 0
13 -20 14 0
47 43 -9 0
10 -32 -27 0
-5 -33 47 0
30 37 -26 0
7 -35 20 0
44 -35 23 0
24 -45 -3 0
10 -35 -14 0
14 -21 5 0
-34 26 6 0
-8 4 -26 0
-5 24 46 0
39 -1 -31 0
-8 -42 24 0
-31 15 8 0
-40 -23 2 0
9 42 22 0
-4 48 -30 0
20 -31 -44 0
-33 -38 43 0
11 -33 26 0
9 24 -23 0
-5 -24 -36 0
12 -1 8 0
-34 -32 -27 0
-50 -40 21 0
5 42 10 0
-6 27 17 0
28 -34 11 0
13 -27 47 0
-44 14 7 0
11 -38 -16 0
-14 -33 20 0
31 -8 -24 0
-29 4 -41 0
26 -31 -2 0
-2 -10 -50 0
21 -43 -44 0
23 -10 -6 0
-25 20 -19 0
37 35 32 0
-8 -5 -10 0
-31 30 45 0
-36 -47 -34 0
21 -8 -13 0
-30 -7 -4 0
RESULT seed=3038 beta=0 result=0 decisions=143 conflicts=287
RESULT seed=3038 beta=25 result=0 decisions=328 conflicts=657
RESULT seed=3038 beta=5 result=0 decisions=361 conflicts=723
RESULT seed=3038 beta=10 result=0 decisions=361 conflicts=723
INSTANCE seed=3039 n=50 m=300
p cnf 50 300
-32 -49 -24 0
-24 35 11 0
-39 31 47 0
-47 36 21 0
-23 -13 -7 0
10 44 -43 0
-16 31 12 0
47 -17 -37 0
-1 35 22 0
22 16 5 0
-26 41 -29 0
-20 -33 -48 0
39 -33 -42 0
16 28 6 0
-21 6 -48 0
45 -6 23 0
-46 2 50 0
8 -36 22 0
-12 -20 -11 0
-20 13 44 0
49 45 8 0
13 20 -2 0
-26 44 -4 0
48 -24 41 0
33 5 -12 0
18 -45 -43 0
-44 39 17 0
-26 -31 -30 0
5 39 21 0
5 13 -17 0
48 17 -25 0
-10 49 21 0
-6 3 2 0
-9 26 -14 0
-29 -17 46 0
-4 -23 -44 0
-28 12 39 0
46 12 1 0
5 -42 -13 0
34 -3 -47 0
34 6 18 0
-18 1 4 0
-8 18 -12 0
-31 36 -5 0
-13 -1 27 0
32 -33 5 0
-45 -23 -44 0
-36 -32 -9 0
-39 45 20 0
-43 29 11 0
16 28 1 0
-25 42 -12 0
-12 -48 13 0
6 -32 -40 0
14 18 1 0
44 21 35 0
-8 -6 13 0
21 18 -15 0
36 -35 19 0
9 41 -44 0
-32 -30 34 0
44 -9 28 0
-13 38 -20 0
1 8 -49 0
41 -40 12 0
31 -29 7 0
-6 28 -46 0
13 -27 -15 0
23 -40 -31 0
-46 -21 1 0
-47 37 -28 0
-49 30 47 0
-16 -32 -2 0
50 22 -33 0
-41 50 36 0
-10 -14 -24 0
-23 -16 -42 0
-41 45 2 0
40 45 -12 0
19 49 11 0
-12 40 46 0
-8 -44 -9 0
17 -12 -14 0
-43 14 -38 0
34 -1 -10 0
-46 -4 15 0
-44 -10 4 0
-48 -19 6 0
5 -21 -24 0
-23 4 2 0
-29 -40 -25 0
18 -42 -19 0
-34 -37 -39 0
-22 30 -14 0
11 45 3 0
-14 31 19 0
-8 -43 -37 0
30 -9 6 0
37 11 43 0
-30 33 49 0
50 -8 10 0
12 -28 -11 0
46 44 47 0
-16 -41 33 0
-40 5 -16 0
-39 -9 36 0
-27 4 -3 0
-26 -2 15 0
6 9 -43 0
-47 -9 8 0
-50 -22 35 0
-28 9 35 0
41 19 7 0
2 38 -5 0
6 20 32 0
34 -45 -7 0
-24 -44 -50 0
-48 44 -1 0
-27 -18 -36 0
-5 -7 -25 0
30 11 -27 0
-13 -17 25 0
13 -41 6 0
-15 48 -33 0
-35 -38 -43 0
36 18 44 0
40 8 -45 0
41 -27 19 0
13 -30 -22 0
-20 -14 48 0
-36 41 44 0
-40 26 -31 0
-5 -31 -28 0
-32 -36 49 0
45 -41 48 0
-37 40 -25 0
9 49 -4 0
-11 43 32 0
27 17 -13 0
13 8 -33 0
-6 17 -9 0
44 -11 42 0
2 -41 -38 0
18 14 -35 0
-29 -13 9 0
35 -46 -38 0
-32 -50 7 0
-27 28 19 0
-37 -26 48 0
-36 23 43 0
7 -3 36 0
29 -30 40 0
5 -1 3 0
25 -13 -33 0
8 34 -3 0
17 13 -21 0
-13 38 -12 0
42 -9 -39 0
-6 34 -13 0
28 -46 -36 0
17 27 -21 0
15 32 -16 0
-28 -18 23 0
49 46 -25 0
6 21 2 0
49 17 -6 0
-25 -10 42 0
-27 -38 -40 0
17 32 -8 0
46 39 50 0
-26 -1 -6 0
-11 -50 -44 0
20 -39 -21 0
-9 7 -4 0
38 16 7 0
3 17 -30 0
-42 7 3 0
-45 -33 25 0
13 31 -9 0
-32 -41 2 0
14 31 34 0
-4 47 -15 0
33 -19 16 0
11 44 36 0
6 40 12 0
-1 26 38 0
-25 -22 -14 0
8 -33 2 0
-20 31 35 0
38 -48 -3 0
-39 -38 -29 0
-33 34 -9 0
-1 -16 -35 0
10 -13 22 0
48 28 -2 0
-5 2 -20 0
26 32 44 0
-24 -33 23 0
-17 -40 34 0
24 40 29 0
-1 -32 -23 0
-32 -36 2 0
-33 2 -4 0
19 -46 -16 0
-34 1 -48 0
-26 30 17 0
-31 47 18 0
-18 -10 22 0
-47 34 -43 0
-35 -3 43 0
48 11 27 0
-40 35 13 0
-7 -12 45 0
-17 -4 33 0
6 23 -36 0
-25 8 26 0
-42 -41 -46 0
4 -3 17 0
31 -28 -14 0
4 10 -36 0
-33 38 -10 0
43 1 -46 0
43 -3 -7 0
45 -47 13 0
-3 -19 2 0
43 -23 -32 0
-40 -34 36 0
-9 35 20 0
-34 11 32 0
7 38 21 0
-28 19 5 0
-1 -17 -26 0
18 35 -28 0
49 29 -47 0
14 -22 2 0
-15 -42 3 0
-45 -20 -47 0
-35 -16 -6 0
-25 39 -48 0
-25 3 -45 0
-4 -11 -46 0
-33 -27 -31 0
-44 38 7 0
-48 12 -23 0
-19 -5 14 0
-31 -25 33 0
47 -40 -2 0
-20 4 48 0
34 5 -2 0
-25 19 32 0
-23 30 -6 0
38 -32 -50 0
39 -43 -12 0
10 27 -18 0
-10 40 -32 0
-22 16 -30 0
19 2 -46 0
-34 -35 -22 0
4 -9 -1 0
46 7 11 0
21 -4 -34 0
-15 16 18 0
-36 4 19 0
49 24 26 0
46 -16 -18 0
-20 30 34 0
30 -48 -33 0
27 39 -9 0
-26 10 -13 0
-30 20 -23 0
-42 31 -14 0
27 -28 20 0
-7 46 3 0
-3 -13 -42 0
29 17 5 0
-15 19 -22 0
9 -21 28 0
-2 -8 -22 0
-24 -40 -30 0
50 -4 40 0
-12 -32 8 0
23 47 -6 0
-34 40 -46 0
-46 -4 -26 0
7 30 -15 0
18 48 33 0
-19 -12 -39 0
7 -48 24 0
-19 5 32 0
32 15 -6 0
-11 -21 -49 0
-28 43 20 0
-42 32 3 0
-28 -10 -27 0
-23 39 -6 0
-12 37 -9 0
-1 -18 -4 0
18 16 41 0
-37 -22 39 0
13 21 3 0
RESULT seed=3039 beta=0 result=0 decisions=41 conflicts=83
RESULT seed=3039 beta=25 result=0 decisions=62 conflicts=125
RESULT seed=3039 beta=5 result=0 decisions=62 conflicts=125
RESULT seed=3039 beta=10 result=0 decisions=62 conflicts=125
