ATTEMPT_INDEX	SOURCE_CELL_INDEX	SOURCE_U_OFFSET	SOURCE_S_OFFSET	SUB_U_OFFSET	SUB_S_OFFSET	ORIGINAL_PARENT_DEPTH_DELTA	NODE_ID	CARRIER	STATUS	WORKER_RC	ELAPSED_MS	INPUT_SHA256	RUN_CHALLENGE	ATTEMPT_BINDING	STDOUT_SHA256	STDERR_SHA256	SUMMARY_SHA256	C1_ORIENTATION_UNRESOLVED	C2_HULL_ORIENTATION_UNRESOLVED	EVENT1_CHARTS_CERTIFIED	EVENT2_CHARTS_CERTIFIED	HOMOGENEOUS_COMPUTATION_VALID	CERTIFICATE_PASS	PROBE_PASS
1	49	3	0	0	0	5	U08-0000000198_S09-0000000320	C0HORect2Set	DESCENDANT_PROBE_PASS	0	17412	bbba612f7783f57f47c3b60503d65655c0f694c35bccae475cd906e4c6eb2416	c9594a3e3a92884eaa5192f0ee8b471df639b1a6c9d10aa4bda4ee0e14acd393	0fc0097dae6e06d6bd5e1cd7a88516584c1dbb51efba86a8244d9d72faac219a	24bdde59b342979f316df57be8594ea73158911739e2bb729674fed08badd318	e3b0c44298fc1c149afbf4c8996fb92427ae41e4649b934ca495991b7852b855	bea46ab4cf4adbeda551b0c6acc48c6474aa0a07a2c563bba580618b66d2c36b	true	true	true	true	true	false	true
2	49	3	0	0	0	5	U08-0000000198_S09-0000000320	C0Rect2Set	DESCENDANT_PROBE_PASS	0	16700	bbba612f7783f57f47c3b60503d65655c0f694c35bccae475cd906e4c6eb2416	c9594a3e3a92884eaa5192f0ee8b471df639b1a6c9d10aa4bda4ee0e14acd393	0fb65e3f652bb1c5d75a1b3466736598e784c39082efd18cc6b25af3de6a5129	29eb9732b4de76c3456c7e1535f86fb32fb497391e0eea8b3e4e94f862d2a00f	e3b0c44298fc1c149afbf4c8996fb92427ae41e4649b934ca495991b7852b855	bea46ab4cf4adbeda551b0c6acc48c6474aa0a07a2c563bba580618b66d2c36b	true	true	true	true	true	false	true
3	49	3	0	0	1	5	U08-0000000198_S09-0000000321	C0HORect2Set	DESCENDANT_PROBE_PASS	0	17409	e58b04da819a19750b12de263bd0511926c801ccb5a3f3dcb0655c50b12e4dfc	23413ab1eb2991db9a7b28dc477a33604a3347db79030cbcd67943d5e2f70c9e	0039357a09101c3ca871a2c8d860a054337c0cd622e29fc0aceca3015f46337c	8ac20d00bcb7b3d455c7038af0b06a2d8a52dfa4d92ca9db38581dec44962900	e3b0c44298fc1c149afbf4c8996fb92427ae41e4649b934ca495991b7852b855	bea46ab4cf4adbeda551b0c6acc48c6474aa0a07a2c563bba580618b66d2c36b	true	true	true	true	true	false	true
4	49	3	0	0	1	5	U08-0000000198_S09-0000000321	C0Rect2Set	DESCENDANT_PROBE_PASS	0	16667	e58b04da819a19750b12de263bd0511926c801ccb5a3f3dcb0655c50b12e4dfc	23413ab1eb2991db9a7b28dc477a33604a3347db79030cbcd67943d5e2f70c9e	92b3681600f42cff06584e024fd71e4389e8ef8b4a393d995ae55ae074e1fb2f	aa5be2c64d865f59851b339ff2ec28a6724a7918792fb22584e30457b68c8709	e3b0c44298fc1c149afbf4c8996fb92427ae41e4649b934ca495991b7852b855	bea46ab4cf4adbeda551b0c6acc48c6474aa0a07a2c563bba580618b66d2c36b	true	true	true	true	true	false	true
5	49	3	0	1	0	5	U08-0000000199_S09-0000000320	C0HORect2Set	DESCENDANT_PROBE_PASS	0	17438	54ae9873ca32b1ae565de0aee1a649084eea3197dacee8b0daacfe470b03ebcd	85db9441246b32b5883eb2af2496f107e28633b4be28aea3907be0fffd52952b	eb60a77cb638113b38b5c1c0fb2bc21f9a01a9467a1452c74995e08b485932d0	6f3eed1b3cb9e0198d1c7f34d835086c171a8b38babfbbff9f9e32d8c4927234	e3b0c44298fc1c149afbf4c8996fb92427ae41e4649b934ca495991b7852b855	bea46ab4cf4adbeda551b0c6acc48c6474aa0a07a2c563bba580618b66d2c36b	true	true	true	true	true	false	true
6	49	3	0	1	0	5	U08-0000000199_S09-0000000320	C0Rect2Set	DESCENDANT_PROBE_PASS	0	16669	54ae9873ca32b1ae565de0aee1a649084eea3197dacee8b0daacfe470b03ebcd	85db9441246b32b5883eb2af2496f107e28633b4be28aea3907be0fffd52952b	bd0f76c66b8bf5c68f8fcdbbe23037d6c327b942126de52d4123740995766f62	e1ee9a51c6de82353042649bf528252287dfbd656c6bea899bbf943992740eab	e3b0c44298fc1c149afbf4c8996fb92427ae41e4649b934ca495991b7852b855	bea46ab4cf4adbeda551b0c6acc48c6474aa0a07a2c563bba580618b66d2c36b	true	true	true	true	true	false	true
7	49	3	0	1	1	5	U08-0000000199_S09-0000000321	C0HORect2Set	DESCENDANT_PROBE_PASS	0	17840	2c815955b74362b91c29229d686dc4e1fa68f00349771aa4501074ce0d1e31a8	ab207b36a047d0c753ca605db13d16181cd68d4b7ef4952a05aaee9ba2b5e546	dfbd64efcc5f837766fd9c9943249fd508113028d77a2a25b6e6332db1117bd2	169e7e5209270cc668c7a9f0e81be96d519475d1887f9f7af7a7d5755c301e28	e3b0c44298fc1c149afbf4c8996fb92427ae41e4649b934ca495991b7852b855	bea46ab4cf4adbeda551b0c6acc48c6474aa0a07a2c563bba580618b66d2c36b	true	true	true	true	true	false	true
8	49	3	0	1	1	5	U08-0000000199_S09-0000000321	C0Rect2Set	DESCENDANT_PROBE_PASS	0	16711	2c815955b74362b91c29229d686dc4e1fa68f00349771aa4501074ce0d1e31a8	ab207b36a047d0c753ca605db13d16181cd68d4b7ef4952a05aaee9ba2b5e546	6ab029a810f151734705dbdc8723114f9a0beaa11b36a2b7ab1a5d8042786584	b022a78e41280ed00c64a3447d4ce7c06655cf08cdd9e67b84af5b945d69327d	e3b0c44298fc1c149afbf4c8996fb92427ae41e4649b934ca495991b7852b855	bea46ab4cf4adbeda551b0c6acc48c6474aa0a07a2c563bba580618b66d2c36b	true	true	true	true	true	false	true
9	65	4	0	0	0	5	U08-0000000200_S09-0000000320	C0HORect2Set	DESCENDANT_PROBE_PASS	0	17382	7b2f459f50a5c6983e66072b3f4570603a6a57b5b952ea48717d23c413ae50ff	3e0b09f92654b06bd2da8529b16d59a39c0065fc31a2cfefd6cdd5dfcb8233e0	79591b8db4afe3be99912f5f735bcb1b677277568a977c162bc0f39728d17566	3b2c147601f0e248d3f5fb1b53bc3f93f297069ed5b1cb1d8bf2ba23a4d72df5	e3b0c44298fc1c149afbf4c8996fb92427ae41e4649b934ca495991b7852b855	bea46ab4cf4adbeda551b0c6acc48c6474aa0a07a2c563bba580618b66d2c36b	true	true	true	true	true	false	true
10	65	4	0	0	0	5	U08-0000000200_S09-0000000320	C0Rect2Set	DESCENDANT_PROBE_PASS	0	16700	7b2f459f50a5c6983e66072b3f4570603a6a57b5b952ea48717d23c413ae50ff	3e0b09f92654b06bd2da8529b16d59a39c0065fc31a2cfefd6cdd5dfcb8233e0	1931c3f6c04729bd4953f7c177f5986aa9940dcc8fcd62aedd6f158deadffc89	3950afd6fb7bb7261c788637cc750140dece0ba2ed69122668009fddcd4e6682	e3b0c44298fc1c149afbf4c8996fb92427ae41e4649b934ca495991b7852b855	bea46ab4cf4adbeda551b0c6acc48c6474aa0a07a2c563bba580618b66d2c36b	true	true	true	true	true	false	true
11	65	4	0	0	1	5	U08-0000000200_S09-0000000321	C0HORect2Set	DESCENDANT_PROBE_PASS	0	17362	cfb292ad50146ab82344195dbd8b6a37c15969aa4973decc1fe15fb4d89fcc08	9deab81c13553946edd42bb21a5d353e5e91b6f1a6f065b41749efc20c2ad474	92fbc2f6d5ee5f58b06c05c3b734d474499f798582935d29ed8ea47a7e1210c5	a8de6b9ba31c7f5e82ddc227fc699883c83e7a2b0f3b700822cb1a1deed94528	e3b0c44298fc1c149afbf4c8996fb92427ae41e4649b934ca495991b7852b855	bea46ab4cf4adbeda551b0c6acc48c6474aa0a07a2c563bba580618b66d2c36b	true	true	true	true	true	false	true
12	65	4	0	0	1	5	U08-0000000200_S09-0000000321	C0Rect2Set	DESCENDANT_PROBE_PASS	0	16676	cfb292ad50146ab82344195dbd8b6a37c15969aa4973decc1fe15fb4d89fcc08	9deab81c13553946edd42bb21a5d353e5e91b6f1a6f065b41749efc20c2ad474	f7d36144d6fe6bd21e8df93ba9b880ad562c488523d8f04c3068bcd86b8194b5	d84f830843f9d7b269e19e11f034f82a24023729400f9c2304bc1943365ec9e7	e3b0c44298fc1c149afbf4c8996fb92427ae41e4649b934ca495991b7852b855	bea46ab4cf4adbeda551b0c6acc48c6474aa0a07a2c563bba580618b66d2c36b	true	true	true	true	true	false	true
13	65	4	0	1	0	5	U08-0000000201_S09-0000000320	C0HORect2Set	DESCENDANT_PROBE_PASS	0	17394	893271b2d69cc46a044a98b01b183ee89a4e89c64335d541cfb4f2c947fb93eb	df9bbfa99df7a4161e6a7e59908fe26405024f379ade93be9875c41034a840ab	300ba361f38201f9b540ffe4d7b58135f3e1a1914209709ad9b82103de295653	eed33eb87a5980184853d795083e7ec43ca2ea02dab03b00580652f85f091171	e3b0c44298fc1c149afbf4c8996fb92427ae41e4649b934ca495991b7852b855	bea46ab4cf4adbeda551b0c6acc48c6474aa0a07a2c563bba580618b66d2c36b	true	true	true	true	true	false	true
14	65	4	0	1	0	5	U08-0000000201_S09-0000000320	C0Rect2Set	DESCENDANT_PROBE_PASS	0	16718	893271b2d69cc46a044a98b01b183ee89a4e89c64335d541cfb4f2c947fb93eb	df9bbfa99df7a4161e6a7e59908fe26405024f379ade93be9875c41034a840ab	3b9395c27f85c7584a5c488a6ab09c60a410f72bf7f275a00a2051633527f3df	c1a3f6a93085b4567804b3903441b26db39e7b2bbff12de34461d76db324243d	e3b0c44298fc1c149afbf4c8996fb92427ae41e4649b934ca495991b7852b855	bea46ab4cf4adbeda551b0c6acc48c6474aa0a07a2c563bba580618b66d2c36b	true	true	true	true	true	false	true
15	65	4	0	1	1	5	U08-0000000201_S09-0000000321	C0HORect2Set	DESCENDANT_PROBE_PASS	0	17410	fd6f9fe6a660dfcbb38311c14fe8dd0a080be7def3fb7166ea4e14ea7e0a605e	cbc73f46c68fdc296fc78f64ed8f052c91428f0c53d18848c1e39a799467544f	2c1ee28ecc69025712c2aafcf174a6ab61a26572299e3489b5aec9d052c50aad	dfe56a8f6c062b642c06461d160cf997c8c9770c22ee6115dbfdf488576f323c	e3b0c44298fc1c149afbf4c8996fb92427ae41e4649b934ca495991b7852b855	bea46ab4cf4adbeda551b0c6acc48c6474aa0a07a2c563bba580618b66d2c36b	true	true	true	true	true	false	true
16	65	4	0	1	1	5	U08-0000000201_S09-0000000321	C0Rect2Set	DESCENDANT_PROBE_PASS	0	16685	fd6f9fe6a660dfcbb38311c14fe8dd0a080be7def3fb7166ea4e14ea7e0a605e	cbc73f46c68fdc296fc78f64ed8f052c91428f0c53d18848c1e39a799467544f	7886f32679c2a6321468bd210c462eb8b04afc8b30b6f2e69a51e511099677ed	7e85fb42ae83ce317b7745cbe09d09bdc45ef8c6460f1512bea7a14b3ddc7e7b	e3b0c44298fc1c149afbf4c8996fb92427ae41e4649b934ca495991b7852b855	bea46ab4cf4adbeda551b0c6acc48c6474aa0a07a2c563bba580618b66d2c36b	true	true	true	true	true	false	true
17	81	5	0	0	0	5	U08-0000000202_S09-0000000320	C0HORect2Set	DESCENDANT_PROBE_PASS	0	17440	5d6c9934a36f6f439fb23c3f682f8f9fa10efda49811cd466bba1f67f244f3d7	1796e8b8cc029b992729cc4a6334e602d44db01d60af3389cea5f4b49f0e6586	da0bdecc3761da8e9bd7f52e65e58dcf2abce27a4b81f7b56952b206d7217b6e	77783bfb86318c6885bf55ddb66fdb51b5ff928d62cf66296dcfcc6d423392e5	e3b0c44298fc1c149afbf4c8996fb92427ae41e4649b934ca495991b7852b855	bea46ab4cf4adbeda551b0c6acc48c6474aa0a07a2c563bba580618b66d2c36b	true	true	true	true	true	false	true
18	81	5	0	0	0	5	U08-0000000202_S09-0000000320	C0Rect2Set	DESCENDANT_PROBE_PASS	0	16714	5d6c9934a36f6f439fb23c3f682f8f9fa10efda49811cd466bba1f67f244f3d7	1796e8b8cc029b992729cc4a6334e602d44db01d60af3389cea5f4b49f0e6586	0921f1f8fa9ddc9f5e02f5231955fed15c878e5273007f2f3b7b7f6d81469da7	303578f6fd5c91ea0c7998487324441f5b4fb7cb1b54f8dbe7bcde57629186f4	e3b0c44298fc1c149afbf4c8996fb92427ae41e4649b934ca495991b7852b855	bea46ab4cf4adbeda551b0c6acc48c6474aa0a07a2c563bba580618b66d2c36b	true	true	true	true	true	false	true
19	81	5	0	0	1	5	U08-0000000202_S09-0000000321	C0HORect2Set	DESCENDANT_PROBE_PASS	0	17383	2c4f45fadbff98b2d6c9d0b232d8ef7029da46eb231f43e113033dd5aa116726	d09c066b8744b31d1ec92091c61bd8a96f56648b8dd35c796c5abfe4eb2a48c2	4d0a7f41d4dd025a8b6a01a3dc377bc29381a505a8977f278e333a18f7281660	ff1036a84c666cc0c48b0a1a1a72874155e21b0abf899620c2180ad6b12759c8	e3b0c44298fc1c149afbf4c8996fb92427ae41e4649b934ca495991b7852b855	bea46ab4cf4adbeda551b0c6acc48c6474aa0a07a2c563bba580618b66d2c36b	true	true	true	true	true	false	true
20	81	5	0	0	1	5	U08-0000000202_S09-0000000321	C0Rect2Set	DESCENDANT_PROBE_PASS	0	16689	2c4f45fadbff98b2d6c9d0b232d8ef7029da46eb231f43e113033dd5aa116726	d09c066b8744b31d1ec92091c61bd8a96f56648b8dd35c796c5abfe4eb2a48c2	2047686fdc75536cca8a9c0577b4b23f81e6338f40f1cde86b286995237c2765	b9d68c86a6f88abcf4e4720c364c3bf14082be00b67768128cb3748ccac525c0	e3b0c44298fc1c149afbf4c8996fb92427ae41e4649b934ca495991b7852b855	bea46ab4cf4adbeda551b0c6acc48c6474aa0a07a2c563bba580618b66d2c36b	true	true	true	true	true	false	true
21	81	5	0	1	0	5	U08-0000000203_S09-0000000320	C0HORect2Set	DESCENDANT_PROBE_PASS	0	17403	de90d3348f770901c6f925d23124731074dee0151f1a081cb0be6c071daf25ef	be9d74a0b9e366d84652fd9f25ec7a8563c786a8622543782a852ca85bee38da	eb92a9fb665e9c6026e9f1d1899dbcc5729cb4d035ff8cb63d4abc04b75190e5	479ea5c62e433e7f1dacf9dab07b4f0cd7753980e5ec847e767a0138d14d022c	e3b0c44298fc1c149afbf4c8996fb92427ae41e4649b934ca495991b7852b855	bea46ab4cf4adbeda551b0c6acc48c6474aa0a07a2c563bba580618b66d2c36b	true	true	true	true	true	false	true
22	81	5	0	1	0	5	U08-0000000203_S09-0000000320	C0Rect2Set	DESCENDANT_PROBE_PASS	0	16680	de90d3348f770901c6f925d23124731074dee0151f1a081cb0be6c071daf25ef	be9d74a0b9e366d84652fd9f25ec7a8563c786a8622543782a852ca85bee38da	fe8800fb8f45abda51532a0367f1f4dd6f39deb9a3db78d5c45b55b79cd26313	53f0cce8faf82e9dd32dbe00dac52e0726ac2f4317cc033ae42d5ed9fd6c5020	e3b0c44298fc1c149afbf4c8996fb92427ae41e4649b934ca495991b7852b855	bea46ab4cf4adbeda551b0c6acc48c6474aa0a07a2c563bba580618b66d2c36b	true	true	true	true	true	false	true
23	81	5	0	1	1	5	U08-0000000203_S09-0000000321	C0HORect2Set	DESCENDANT_PROBE_PASS	0	17436	cdc6fb5da1556f5512a4a4292a96675e25d5df56ef5fed7a6d7fbfe99f51050c	c49e778ccc520cd24ebe3b36bd6595d0612bedf04ba5fe9041f4ca150b549454	fcc137086e5e60db9198a1ba071f5427cee7bd6a55b39fcbbc98e3af28d006a5	33d88ad6f661bfb5e0991fb36b20f3c0c63f957350eaae275355c051c272e3d6	e3b0c44298fc1c149afbf4c8996fb92427ae41e4649b934ca495991b7852b855	bea46ab4cf4adbeda551b0c6acc48c6474aa0a07a2c563bba580618b66d2c36b	true	true	true	true	true	false	true
24	81	5	0	1	1	5	U08-0000000203_S09-0000000321	C0Rect2Set	DESCENDANT_PROBE_PASS	0	16683	cdc6fb5da1556f5512a4a4292a96675e25d5df56ef5fed7a6d7fbfe99f51050c	c49e778ccc520cd24ebe3b36bd6595d0612bedf04ba5fe9041f4ca150b549454	2a8e8e9ee6d46e2c166d5fb141b9d60de25070cbc8266b0dd6c06eafbefd70e5	87d39e899ac9892ccb776179e0bd9c6358ed4a7ed799010977a00ee9b240efa1	e3b0c44298fc1c149afbf4c8996fb92427ae41e4649b934ca495991b7852b855	bea46ab4cf4adbeda551b0c6acc48c6474aa0a07a2c563bba580618b66d2c36b	true	true	true	true	true	false	true
25	97	6	0	0	0	5	U08-0000000204_S09-0000000320	C0HORect2Set	DESCENDANT_PROBE_PASS	0	17454	2c0cc15262b7452fc08cdbe6cf6ab603af904c281b00f9e49185f4d77f746c7a	5fd86ecf0222f9ce5b1c5d4404466971b0992f57ec5ffdad6a0778ded85b125f	a2a3325aca71789426508064f84715ef3f592df60d4a3cbb9ca2f218e5ae2750	f9f123d2bd9b9e71516ca67a4319245f40188b05fc26315ac8340c1003e5545f	e3b0c44298fc1c149afbf4c8996fb92427ae41e4649b934ca495991b7852b855	bea46ab4cf4adbeda551b0c6acc48c6474aa0a07a2c563bba580618b66d2c36b	true	true	true	true	true	false	true
26	97	6	0	0	0	5	U08-0000000204_S09-0000000320	C0Rect2Set	DESCENDANT_PROBE_PASS	0	16686	2c0cc15262b7452fc08cdbe6cf6ab603af904c281b00f9e49185f4d77f746c7a	5fd86ecf0222f9ce5b1c5d4404466971b0992f57ec5ffdad6a0778ded85b125f	9887d00d9a6ae5b23ae5b4fd42d1ca6aaba4aa63827dfa7c3343fa173b635fe9	469757dd8f30c621501e9e3650d71532d4c60b77525f788b718b68d5aae00451	e3b0c44298fc1c149afbf4c8996fb92427ae41e4649b934ca495991b7852b855	bea46ab4cf4adbeda551b0c6acc48c6474aa0a07a2c563bba580618b66d2c36b	true	true	true	true	true	false	true
27	97	6	0	0	1	5	U08-0000000204_S09-0000000321	C0HORect2Set	DESCENDANT_PROBE_PASS	0	17406	d08b4c553b3dbea24296af6219ac5bc86e37e3facc02e603e4e5065f5eed0cc7	d4ff04c089c59c2afbb676d0292a4a8b88c91fc6b449d9254c688b940642057d	2dd226a6ea26dd7f3b001ac85bd50b1b4acf8196a9da1aa970e305592c504c19	19be586a871cf89fa93f57b41884eea4f7e03a016d00e8c852a5d150faf9f999	e3b0c44298fc1c149afbf4c8996fb92427ae41e4649b934ca495991b7852b855	bea46ab4cf4adbeda551b0c6acc48c6474aa0a07a2c563bba580618b66d2c36b	true	true	true	true	true	false	true
28	97	6	0	0	1	5	U08-0000000204_S09-0000000321	C0Rect2Set	DESCENDANT_PROBE_PASS	0	16675	d08b4c553b3dbea24296af6219ac5bc86e37e3facc02e603e4e5065f5eed0cc7	d4ff04c089c59c2afbb676d0292a4a8b88c91fc6b449d9254c688b940642057d	09b906ec082290a50efa66ca843b06a33a412f56ee6c468d7cd356c2fbfe21aa	5d5a7542f9148408be4ce80ec0a7be70effce7f11c7c31be640f435dcdcdf0bc	e3b0c44298fc1c149afbf4c8996fb92427ae41e4649b934ca495991b7852b855	bea46ab4cf4adbeda551b0c6acc48c6474aa0a07a2c563bba580618b66d2c36b	true	true	true	true	true	false	true
29	97	6	0	1	0	5	U08-0000000205_S09-0000000320	C0HORect2Set	DESCENDANT_PROBE_PASS	0	17382	3b5878b427b76f2210674e6317e5fee78ac1f9762148607cdf95b71689d26312	598b0468cecfb3df681c7fd5835664413a557d782dc271abb6f33898b4890bed	9082a9acb806f66c1a6d86b4452339e1ad78ea832ff4153555e4d647c4f0c473	7b62f5a79a696c8af225c245f6dfd6799783c87828ba9c7eb4444b3516e3dabe	e3b0c44298fc1c149afbf4c8996fb92427ae41e4649b934ca495991b7852b855	bea46ab4cf4adbeda551b0c6acc48c6474aa0a07a2c563bba580618b66d2c36b	true	true	true	true	true	false	true
30	97	6	0	1	0	5	U08-0000000205_S09-0000000320	C0Rect2Set	DESCENDANT_PROBE_PASS	0	16696	3b5878b427b76f2210674e6317e5fee78ac1f9762148607cdf95b71689d26312	598b0468cecfb3df681c7fd5835664413a557d782dc271abb6f33898b4890bed	b66ef972423ef2265a9f578b7a446c27330c59b1626d2d838a78de7b4241ad35	da666fb79d5ff77a040e9575a077c68643c428e1748cfb2208f9149f36475925	e3b0c44298fc1c149afbf4c8996fb92427ae41e4649b934ca495991b7852b855	bea46ab4cf4adbeda551b0c6acc48c6474aa0a07a2c563bba580618b66d2c36b	true	true	true	true	true	false	true
31	97	6	0	1	1	5	U08-0000000205_S09-0000000321	C0HORect2Set	DESCENDANT_PROBE_PASS	0	17462	baf0cdbfa80ef678bcdad3ba2afea8943b3775442017f9be5abdc84b7cb920b3	8461002cce22deb7cd1759f097a60b9fb8a31989e079adf36b37641a0524b3ab	124a43d1f9595cf3d39d253322d5fdacec57ee1c92f5898544a60e4391cc8508	c16da8504276a245c2546b068f0643aa09cc123ca5a8d89ba54587b5f0d89013	e3b0c44298fc1c149afbf4c8996fb92427ae41e4649b934ca495991b7852b855	bea46ab4cf4adbeda551b0c6acc48c6474aa0a07a2c563bba580618b66d2c36b	true	true	true	true	true	false	true
32	97	6	0	1	1	5	U08-0000000205_S09-0000000321	C0Rect2Set	DESCENDANT_PROBE_PASS	0	16701	baf0cdbfa80ef678bcdad3ba2afea8943b3775442017f9be5abdc84b7cb920b3	8461002cce22deb7cd1759f097a60b9fb8a31989e079adf36b37641a0524b3ab	499f1fd6184c53f8eee9e5395c211919ca934366a51a5d5dbdb8f0ed65b22be0	4528e03ff16a807b6816a5c0024d18b87beac873549518bb32397eafc7584d3e	e3b0c44298fc1c149afbf4c8996fb92427ae41e4649b934ca495991b7852b855	bea46ab4cf4adbeda551b0c6acc48c6474aa0a07a2c563bba580618b66d2c36b	true	true	true	true	true	false	true
33	113	7	0	0	0	5	U08-0000000206_S09-0000000320	C0HORect2Set	DESCENDANT_PROBE_PASS	0	17432	5f4f9b0e7bf8813e743da55b009d2767368d4a2cec0846fc224adff00477d6c9	46d22dbbb63f5b01291531f985ad9f51da4fee447813891a70606bebf7708d08	6c7ae8e9c0bbfc16ae60544751f5f984f253c857d98d32e15e028d085fb2797a	b39013fc53b0ba5ffef522857aa99220cc39ebb53c5a45c4937f213f840a8e55	e3b0c44298fc1c149afbf4c8996fb92427ae41e4649b934ca495991b7852b855	bea46ab4cf4adbeda551b0c6acc48c6474aa0a07a2c563bba580618b66d2c36b	true	true	true	true	true	false	true
34	113	7	0	0	0	5	U08-0000000206_S09-0000000320	C0Rect2Set	DESCENDANT_PROBE_PASS	0	16710	5f4f9b0e7bf8813e743da55b009d2767368d4a2cec0846fc224adff00477d6c9	46d22dbbb63f5b01291531f985ad9f51da4fee447813891a70606bebf7708d08	e06dc8dcedd459103e50f5f63603184573f3271f2a74977925c6aee17dcea3e2	6b56199618775db9e4a85fb22b2791584fb91429f4ff6bdbea35b64af35b6cfc	e3b0c44298fc1c149afbf4c8996fb92427ae41e4649b934ca495991b7852b855	bea46ab4cf4adbeda551b0c6acc48c6474aa0a07a2c563bba580618b66d2c36b	true	true	true	true	true	false	true
35	113	7	0	0	1	5	U08-0000000206_S09-0000000321	C0HORect2Set	DESCENDANT_PROBE_PASS	0	17430	17889dbd4628498682d812047164460628a1937867dbdda1c287b3b8ea24d381	3883d2b9a36ef5cdf734cf4c557a031d3aea330161fa743e6f13cbd536e95e9a	00a5586066233edf78732fa2b8335d5942220db59a42b3e1e83c2117fff129d5	87841c5825390b9c9d802fea76756a4b278c9ae574d4982d9a3234d26bc6840e	e3b0c44298fc1c149afbf4c8996fb92427ae41e4649b934ca495991b7852b855	bea46ab4cf4adbeda551b0c6acc48c6474aa0a07a2c563bba580618b66d2c36b	true	true	true	true	true	false	true
36	113	7	0	0	1	5	U08-0000000206_S09-0000000321	C0Rect2Set	DESCENDANT_PROBE_PASS	0	16732	17889dbd4628498682d812047164460628a1937867dbdda1c287b3b8ea24d381	3883d2b9a36ef5cdf734cf4c557a031d3aea330161fa743e6f13cbd536e95e9a	3a94bb43f22568600d605db9366215cb72aaafb2dfd01b191a714632caccfd19	9ac5a23a3344673a22d35259402300fb115d1caecd1985a852c9f398352daebe	e3b0c44298fc1c149afbf4c8996fb92427ae41e4649b934ca495991b7852b855	bea46ab4cf4adbeda551b0c6acc48c6474aa0a07a2c563bba580618b66d2c36b	true	true	true	true	true	false	true
37	113	7	0	1	0	5	U08-0000000207_S09-0000000320	C0HORect2Set	DESCENDANT_PROBE_PASS	0	17391	42e382c77829d25cb48765d634d2b3277b26b8a3298674b52f00ce7a9b6c4597	5502ca719e5c09724261eba6dd572b72d038030830351597046e029bc5d32768	e705b04d0a410edd40c06981ac7c99634473f37e19e30fb223343faf4173d00d	8c9cbe37b4404d20044eb2f349055f97a0d4ea4fb2435651ede98fd7261ad112	e3b0c44298fc1c149afbf4c8996fb92427ae41e4649b934ca495991b7852b855	bea46ab4cf4adbeda551b0c6acc48c6474aa0a07a2c563bba580618b66d2c36b	true	true	true	true	true	false	true
38	113	7	0	1	0	5	U08-0000000207_S09-0000000320	C0Rect2Set	DESCENDANT_PROBE_PASS	0	16689	42e382c77829d25cb48765d634d2b3277b26b8a3298674b52f00ce7a9b6c4597	5502ca719e5c09724261eba6dd572b72d038030830351597046e029bc5d32768	c893834d0d3a44385df49e0b1f00a6c07484ca4a5a7dc15f31692dca9a90e11b	f93878b687f23d87f7f8ab2846b0fed2cb70f8ad6a66eb69fc2d16082541b0cf	e3b0c44298fc1c149afbf4c8996fb92427ae41e4649b934ca495991b7852b855	bea46ab4cf4adbeda551b0c6acc48c6474aa0a07a2c563bba580618b66d2c36b	true	true	true	true	true	false	true
39	113	7	0	1	1	5	U08-0000000207_S09-0000000321	C0HORect2Set	DESCENDANT_PROBE_PASS	0	17381	bf562df8b83eae2a1bcec040ec5ec87995b9dc50d05c417fb66b45c09dd53531	e1bbfc9faa6154980cae7218a29152417ca5f9b93827dd3685594cdb4cf6bfd3	244276858d1682ad6432158cac428d0ddf7518a4869a4846827d094876148dec	4def9a2582b9898ca393d7adf1a414cf8bb9e9ec4f11687991ff26aea93df559	e3b0c44298fc1c149afbf4c8996fb92427ae41e4649b934ca495991b7852b855	bea46ab4cf4adbeda551b0c6acc48c6474aa0a07a2c563bba580618b66d2c36b	true	true	true	true	true	false	true
40	113	7	0	1	1	5	U08-0000000207_S09-0000000321	C0Rect2Set	DESCENDANT_PROBE_PASS	0	16665	bf562df8b83eae2a1bcec040ec5ec87995b9dc50d05c417fb66b45c09dd53531	e1bbfc9faa6154980cae7218a29152417ca5f9b93827dd3685594cdb4cf6bfd3	6992359fb991abb9b42b19843ef6f0f3e4ce87fb28674e0a4c799b124c99612d	8d80d5c3d0e1792a8cb08ee89c29055115fa1467b4b504e4aeac11c590afc621	e3b0c44298fc1c149afbf4c8996fb92427ae41e4649b934ca495991b7852b855	bea46ab4cf4adbeda551b0c6acc48c6474aa0a07a2c563bba580618b66d2c36b	true	true	true	true	true	false	true
41	129	8	0	0	0	5	U08-0000000208_S09-0000000320	C0HORect2Set	DESCENDANT_PROBE_PASS	0	17407	0b64a45d85bbdb782c440e088533e93da30d800eb5cb5d2176a7b9becef49d45	b343d2fe0203044029f706e4b794ca5195e84cc65e437c02df6e8545ce576554	ee3070e5295468bfe183773dcc850cab407bd72af2bc64bee8995b19f20f0e75	2968bed080e50246c4519243ae3e4f0f9326aad829374becfd9bbeec0c3d9afd	e3b0c44298fc1c149afbf4c8996fb92427ae41e4649b934ca495991b7852b855	bea46ab4cf4adbeda551b0c6acc48c6474aa0a07a2c563bba580618b66d2c36b	true	true	true	true	true	false	true
42	129	8	0	0	0	5	U08-0000000208_S09-0000000320	C0Rect2Set	DESCENDANT_PROBE_PASS	0	16702	0b64a45d85bbdb782c440e088533e93da30d800eb5cb5d2176a7b9becef49d45	b343d2fe0203044029f706e4b794ca5195e84cc65e437c02df6e8545ce576554	eb35d274bd1de69a3115922256acd668c92ddfc9a86a4de80610905e8db220fa	715f86e499653ccae9fe2460af8d21c6b5dded9d2b90220cf4c9e98ec823ed26	e3b0c44298fc1c149afbf4c8996fb92427ae41e4649b934ca495991b7852b855	bea46ab4cf4adbeda551b0c6acc48c6474aa0a07a2c563bba580618b66d2c36b	true	true	true	true	true	false	true
43	129	8	0	0	1	5	U08-0000000208_S09-0000000321	C0HORect2Set	DESCENDANT_PROBE_PASS	0	17625	bce3a886bf581e19618e676e4a7117e6d06a845de2f5e2d20a7c0ff8337caabc	6e77a2031647bbba89802c9ac89131c3c1f4cfa0645d9584fee3cff662bcb079	850ea298a636f6640ee910ec6e4cd77c41dea7d00bb6aaf3dda4ce6b643f058a	8dc0c522482fdfa92aca181308840fdf033048712219a4552821b1b604444e7f	e3b0c44298fc1c149afbf4c8996fb92427ae41e4649b934ca495991b7852b855	bea46ab4cf4adbeda551b0c6acc48c6474aa0a07a2c563bba580618b66d2c36b	true	true	true	true	true	false	true
44	129	8	0	0	1	5	U08-0000000208_S09-0000000321	C0Rect2Set	DESCENDANT_PROBE_PASS	0	16700	bce3a886bf581e19618e676e4a7117e6d06a845de2f5e2d20a7c0ff8337caabc	6e77a2031647bbba89802c9ac89131c3c1f4cfa0645d9584fee3cff662bcb079	a5d7a2659b83d272d7ec88ddde77f7fd80e56f9dd5d1c4c81ab6364990e30bc1	8865e42a59d053c3ad56c068e006e495996193c10c22d3ee8b2d6e4d9b23cc58	e3b0c44298fc1c149afbf4c8996fb92427ae41e4649b934ca495991b7852b855	bea46ab4cf4adbeda551b0c6acc48c6474aa0a07a2c563bba580618b66d2c36b	true	true	true	true	true	false	true
45	129	8	0	1	0	5	U08-0000000209_S09-0000000320	C0HORect2Set	DESCENDANT_PROBE_PASS	0	17396	14a9e2e46ee262099b9d56ad91e5b3098c76066a648d97c906b13d72057b5ccc	c14c52a87b6907c8621871fd36c58e1db2837829c4bb3efe0d68ab87b1737e60	ff40101ff2879ab0c7a8ae585cacbf9dbc651463dcced04ec0abb8a69059baff	fc4cafcbd87f83ccd259068471743279459334e8b6ca4a533ce787bddec0e4db	e3b0c44298fc1c149afbf4c8996fb92427ae41e4649b934ca495991b7852b855	bea46ab4cf4adbeda551b0c6acc48c6474aa0a07a2c563bba580618b66d2c36b	true	true	true	true	true	false	true
46	129	8	0	1	0	5	U08-0000000209_S09-0000000320	C0Rect2Set	DESCENDANT_PROBE_PASS	0	16761	14a9e2e46ee262099b9d56ad91e5b3098c76066a648d97c906b13d72057b5ccc	c14c52a87b6907c8621871fd36c58e1db2837829c4bb3efe0d68ab87b1737e60	83ec1c88646383bdac83970528ae72b3686e64d6f4ae7b4dfa69a26667ae3751	ab8faf208d4c1cf3b96fce619c12709d159b37858b891d2a4bfa24bbaf360a08	e3b0c44298fc1c149afbf4c8996fb92427ae41e4649b934ca495991b7852b855	bea46ab4cf4adbeda551b0c6acc48c6474aa0a07a2c563bba580618b66d2c36b	true	true	true	true	true	false	true
47	129	8	0	1	1	5	U08-0000000209_S09-0000000321	C0HORect2Set	DESCENDANT_PROBE_PASS	0	17384	f730b118877aaf7c94bb2e215177331af9fd29cfcc9944f06af036aad317c672	c74371f82f4e35a6ffeefdc8d73baf60ed9dd9ac632a193130aa13b2428313f1	7e12de95561ab8cb055c6280be3463dedf945d4fe4a7aa4c42e760c95ebeb5dd	34aa7844f96d9098c65a6c95634732dc96b27909def8a6be093acb766930e08d	e3b0c44298fc1c149afbf4c8996fb92427ae41e4649b934ca495991b7852b855	bea46ab4cf4adbeda551b0c6acc48c6474aa0a07a2c563bba580618b66d2c36b	true	true	true	true	true	false	true
48	129	8	0	1	1	5	U08-0000000209_S09-0000000321	C0Rect2Set	DESCENDANT_PROBE_PASS	0	16676	f730b118877aaf7c94bb2e215177331af9fd29cfcc9944f06af036aad317c672	c74371f82f4e35a6ffeefdc8d73baf60ed9dd9ac632a193130aa13b2428313f1	48e24f1cf6752bdfee8f229ae8c5c52902372450ac0639de3bfb49fd8820e20b	7a60d39e28971e9af5306f3a9b34d45299def833f2472978a0a9d6e661bbc71b	e3b0c44298fc1c149afbf4c8996fb92427ae41e4649b934ca495991b7852b855	bea46ab4cf4adbeda551b0c6acc48c6474aa0a07a2c563bba580618b66d2c36b	true	true	true	true	true	false	true
49	130	8	1	0	0	5	U08-0000000208_S09-0000000322	C0HORect2Set	DESCENDANT_PROBE_PASS	0	17376	10f3ffda5ff29ad791edfac120d824e678a8104529b5ac440f2bfda3dffd1df6	ad65b94eac6df36ff02b3fc37b5ae28f330771de97d33a2ef5552ad8dbb589c9	9bc91e52f8e486e198a94927725124171608e476e2766b349671fc2e09cf353f	5b7a5dc0315d04b9c912963819e6ece8a33d56561ace96116aabc671ad7366b6	e3b0c44298fc1c149afbf4c8996fb92427ae41e4649b934ca495991b7852b855	bea46ab4cf4adbeda551b0c6acc48c6474aa0a07a2c563bba580618b66d2c36b	true	true	true	true	true	false	true
50	130	8	1	0	0	5	U08-0000000208_S09-0000000322	C0Rect2Set	DESCENDANT_PROBE_PASS	0	16691	10f3ffda5ff29ad791edfac120d824e678a8104529b5ac440f2bfda3dffd1df6	ad65b94eac6df36ff02b3fc37b5ae28f330771de97d33a2ef5552ad8dbb589c9	b4a7a58fe0887f337226831f7efa792125839e8058f871246757bad30c2ab662	52b04558b4cc1b059d0ff8db34b258417207cfa8ecd6b9de0366cddf0a88ac9a	e3b0c44298fc1c149afbf4c8996fb92427ae41e4649b934ca495991b7852b855	bea46ab4cf4adbeda551b0c6acc48c6474aa0a07a2c563bba580618b66d2c36b	true	true	true	true	true	false	true
51	130	8	1	0	1	5	U08-0000000208_S09-0000000323	C0HORect2Set	DESCENDANT_PROBE_PASS	0	17433	2170c040328412a2154f6ae7abf3489d8a42545ae77ab050078ab1592c756919	bc7f04b7567dae13f2876cafde90afaa01a1847d36ae2dfb92499e0df2d3afaf	76470d1acdb89f253540a306b38d1cda6f471d901caf86937dcdc11227cf70a6	bea7d47ff8596a0efccc0c8a0fc8a8802a74c29f1e3e57e99f8b5e559c7dc8d0	e3b0c44298fc1c149afbf4c8996fb92427ae41e4649b934ca495991b7852b855	bea46ab4cf4adbeda551b0c6acc48c6474aa0a07a2c563bba580618b66d2c36b	true	true	true	true	true	false	true
52	130	8	1	0	1	5	U08-0000000208_S09-0000000323	C0Rect2Set	DESCENDANT_PROBE_PASS	0	16703	2170c040328412a2154f6ae7abf3489d8a42545ae77ab050078ab1592c756919	bc7f04b7567dae13f2876cafde90afaa01a1847d36ae2dfb92499e0df2d3afaf	dbc00087bd5f14c3a38d736a754a39a945d4d4da495f0c688e0e14241ea6a17b	64eba1cc79e54f08756d144e2caffd19af3268f635c47f869e756be2a8758d46	e3b0c44298fc1c149afbf4c8996fb92427ae41e4649b934ca495991b7852b855	bea46ab4cf4adbeda551b0c6acc48c6474aa0a07a2c563bba580618b66d2c36b	true	true	true	true	true	false	true
53	130	8	1	1	0	5	U08-0000000209_S09-0000000322	C0HORect2Set	DESCENDANT_PROBE_PASS	0	17405	8ec009f66a6acf09158151f2cd71cf9230ee6862df2c90dbb0feca176c1925f0	7187e516e6d41fcef25daf16c1a62d4d0ee6c124211541fcd8b814a1d0d88732	9e861eea49d65b79695da17834718e950239bd1943ee7808169fbfb1f9bed455	59f148842b63174520921b9e29c208dedc9f266c38aa436706a02d171dcdeb02	e3b0c44298fc1c149afbf4c8996fb92427ae41e4649b934ca495991b7852b855	bea46ab4cf4adbeda551b0c6acc48c6474aa0a07a2c563bba580618b66d2c36b	true	true	true	true	true	false	true
54	130	8	1	1	0	5	U08-0000000209_S09-0000000322	C0Rect2Set	DESCENDANT_PROBE_PASS	0	16709	8ec009f66a6acf09158151f2cd71cf9230ee6862df2c90dbb0feca176c1925f0	7187e516e6d41fcef25daf16c1a62d4d0ee6c124211541fcd8b814a1d0d88732	ec5db0e242b710eb8a6ab1c3bc6ff9ad61bf8d99814554cbe2c83c8eb95a3925	ced65ef093efc806e98c198303232598c88b41b9358438fafdff37e035b3d943	e3b0c44298fc1c149afbf4c8996fb92427ae41e4649b934ca495991b7852b855	bea46ab4cf4adbeda551b0c6acc48c6474aa0a07a2c563bba580618b66d2c36b	true	true	true	true	true	false	true
55	130	8	1	1	1	5	U08-0000000209_S09-0000000323	C0HORect2Set	DESCENDANT_PROBE_PASS	0	17420	7374b9a56fbd143253d3b5ea1aca4bb4c210791167244ba918613e5d4f0688cc	1debf808d7e93ee42800c018b5a62619daffee21e7acac821311e5aea0f0b1b6	fac9ca4b958a8af044f79f291f8c2de19e91ac79901c397bce4fa6fbdb592eb1	7e726124e992a428efcf1181d8ea1147ed4db3edae4f586d56120cfeda92e8e5	e3b0c44298fc1c149afbf4c8996fb92427ae41e4649b934ca495991b7852b855	bea46ab4cf4adbeda551b0c6acc48c6474aa0a07a2c563bba580618b66d2c36b	true	true	true	true	true	false	true
56	130	8	1	1	1	5	U08-0000000209_S09-0000000323	C0Rect2Set	DESCENDANT_PROBE_PASS	0	16722	7374b9a56fbd143253d3b5ea1aca4bb4c210791167244ba918613e5d4f0688cc	1debf808d7e93ee42800c018b5a62619daffee21e7acac821311e5aea0f0b1b6	65d2941a739e68a0f179ade721d4080358ce577d6d9a7b1b6683ff1c972e522f	0512519ea9a3d1af73ee513b23fd93cb41dc4c6b03cd30b8c7bf51c660241c4f	e3b0c44298fc1c149afbf4c8996fb92427ae41e4649b934ca495991b7852b855	bea46ab4cf4adbeda551b0c6acc48c6474aa0a07a2c563bba580618b66d2c36b	true	true	true	true	true	false	true
57	145	9	0	0	0	5	U08-0000000210_S09-0000000320	C0HORect2Set	DESCENDANT_PROBE_PASS	0	17423	0159008eac5aa30120996cdabcaa3fb92f65a3e0aa5a773a647ee06c7b89e78f	4f31bb43621033f2937c6a648e24f326044fc70953ec7342966aeb1822b6744d	7b79f0c5d0ecd187e9198cad7df564acd3494957100804335239049f039152a8	ce25df054212a3ea6895165766f6e4caec158e2e7918f0f713758e11d8caa5e2	e3b0c44298fc1c149afbf4c8996fb92427ae41e4649b934ca495991b7852b855	bea46ab4cf4adbeda551b0c6acc48c6474aa0a07a2c563bba580618b66d2c36b	true	true	true	true	true	false	true
58	145	9	0	0	0	5	U08-0000000210_S09-0000000320	C0Rect2Set	DESCENDANT_PROBE_PASS	0	16656	0159008eac5aa30120996cdabcaa3fb92f65a3e0aa5a773a647ee06c7b89e78f	4f31bb43621033f2937c6a648e24f326044fc70953ec7342966aeb1822b6744d	85d120c6cf6d98cdc6968aeebe507e2122255cebd1e9a0cbdd724bf9580d24d3	7e57cf19ab7fca3013d81d458f4d5ff8e950964d57c371b6245c4bb19d39ce49	e3b0c44298fc1c149afbf4c8996fb92427ae41e4649b934ca495991b7852b855	bea46ab4cf4adbeda551b0c6acc48c6474aa0a07a2c563bba580618b66d2c36b	true	true	true	true	true	false	true
59	145	9	0	0	1	5	U08-0000000210_S09-0000000321	C0HORect2Set	DESCENDANT_PROBE_PASS	0	17429	e3ab4baa551260fc373a32b24245fa439993de6177f4df9b51f2ba116736ee57	109fe9b1a348fa0a6e765b3ef9d381110d450af773de3202fef6556ab5b91019	10a93ef7ee11fb59d7e7c912c260932d9cfffcad09b31932218a0d355fa50f81	c12283f6c04ad321b652d99688576d90120abcf9ac740b398fbb9ed8cabd9452	e3b0c44298fc1c149afbf4c8996fb92427ae41e4649b934ca495991b7852b855	bea46ab4cf4adbeda551b0c6acc48c6474aa0a07a2c563bba580618b66d2c36b	true	true	true	true	true	false	true
60	145	9	0	0	1	5	U08-0000000210_S09-0000000321	C0Rect2Set	DESCENDANT_PROBE_PASS	0	16738	e3ab4baa551260fc373a32b24245fa439993de6177f4df9b51f2ba116736ee57	109fe9b1a348fa0a6e765b3ef9d381110d450af773de3202fef6556ab5b91019	35a9923e25f908d081e6d1698228c52013b1b9e5520858583a58dc20641aa162	e319030b8723efb468c9dac70dd4536c7d7670dccefb8e65a00392df26bb1324	e3b0c44298fc1c149afbf4c8996fb92427ae41e4649b934ca495991b7852b855	bea46ab4cf4adbeda551b0c6acc48c6474aa0a07a2c563bba580618b66d2c36b	true	true	true	true	true	false	true
61	145	9	0	1	0	5	U08-0000000211_S09-0000000320	C0HORect2Set	DESCENDANT_PROBE_PASS	0	17368	b89574026c36a96ce5398790d83916895ea58ed3f08fc21e3dcad6e41ea5739b	9989ba724934134714074afcc9411aec28b94f31a29a12700b6187667830b3be	3a0f0832d36e46eddbdea726287b493f026d8ec8d0c7c17c3243525e63b03758	8644c5ad99898579cfbe70421dcc60fbce50e9c81d41087ce2109fe629c7a7e8	e3b0c44298fc1c149afbf4c8996fb92427ae41e4649b934ca495991b7852b855	bea46ab4cf4adbeda551b0c6acc48c6474aa0a07a2c563bba580618b66d2c36b	true	true	true	true	true	false	true
62	145	9	0	1	0	5	U08-0000000211_S09-0000000320	C0Rect2Set	DESCENDANT_PROBE_PASS	0	16708	b89574026c36a96ce5398790d83916895ea58ed3f08fc21e3dcad6e41ea5739b	9989ba724934134714074afcc9411aec28b94f31a29a12700b6187667830b3be	5691d4fbe897d76c954393065cc518f8a4a7cb4fe986bcb577a64262ed22521a	e89d9f2f7fdfe1ea334226b32d5333cca2ac28bc40bd4f7760eab234e0d87210	e3b0c44298fc1c149afbf4c8996fb92427ae41e4649b934ca495991b7852b855	bea46ab4cf4adbeda551b0c6acc48c6474aa0a07a2c563bba580618b66d2c36b	true	true	true	true	true	false	true
63	145	9	0	1	1	5	U08-0000000211_S09-0000000321	C0HORect2Set	DESCENDANT_PROBE_PASS	0	17405	e82ac2f72d1a1b1b85b6a178778bbd17784dbbf1f7455b44425ee9d1b564bfe7	05e8ac1e3796496e2b51a898b8e82de2fbcd94a746628f69e279304b86a28fef	579f16076cf6fa0d1b41d314a27498f2f78ee3108c894e9899c672bcd4d14dcd	792499db132704ad5784dbfb2862c09646fa0e7356792715103230ccddf65e31	e3b0c44298fc1c149afbf4c8996fb92427ae41e4649b934ca495991b7852b855	bea46ab4cf4adbeda551b0c6acc48c6474aa0a07a2c563bba580618b66d2c36b	true	true	true	true	true	false	true
64	145	9	0	1	1	5	U08-0000000211_S09-0000000321	C0Rect2Set	DESCENDANT_PROBE_PASS	0	16729	e82ac2f72d1a1b1b85b6a178778bbd17784dbbf1f7455b44425ee9d1b564bfe7	05e8ac1e3796496e2b51a898b8e82de2fbcd94a746628f69e279304b86a28fef	8e984e81b42ddfd78dc4738bc7adedbd89293a268b5e7c2eddec601eb61b4047	eff25cb5a54ec83e563eaced3233b95cc9477e9956ba312fc858f7bd56bb049b	e3b0c44298fc1c149afbf4c8996fb92427ae41e4649b934ca495991b7852b855	bea46ab4cf4adbeda551b0c6acc48c6474aa0a07a2c563bba580618b66d2c36b	true	true	true	true	true	false	true
65	146	9	1	0	0	5	U08-0000000210_S09-0000000322	C0HORect2Set	DESCENDANT_PROBE_PASS	0	17371	9991bd062853884eb023142c0b4d8348d203e5d6570d89382d759adf05c7994e	b97502decd0a02c06a8656bd09714e17e443a20f0513583000ffd42bbd192335	f091f6865e08c04afced8f0979dc7c30c2cc3738b7181d7c50037a07c4c496e5	9a021b3802ab2a2278a31a4c04bdf0d7d166814dbbe72b786aa8f49e833aa088	e3b0c44298fc1c149afbf4c8996fb92427ae41e4649b934ca495991b7852b855	bea46ab4cf4adbeda551b0c6acc48c6474aa0a07a2c563bba580618b66d2c36b	true	true	true	true	true	false	true
66	146	9	1	0	0	5	U08-0000000210_S09-0000000322	C0Rect2Set	DESCENDANT_PROBE_PASS	0	16679	9991bd062853884eb023142c0b4d8348d203e5d6570d89382d759adf05c7994e	b97502decd0a02c06a8656bd09714e17e443a20f0513583000ffd42bbd192335	d939d0ad88ad210d556985ed89f63888bf5e294c64d25c00b10e63c5a5f84273	601d86ddab639a663fb3ef278798e3f1d9704a25830649e79b08efe2c7256ae7	e3b0c44298fc1c149afbf4c8996fb92427ae41e4649b934ca495991b7852b855	bea46ab4cf4adbeda551b0c6acc48c6474aa0a07a2c563bba580618b66d2c36b	true	true	true	true	true	false	true
67	146	9	1	0	1	5	U08-0000000210_S09-0000000323	C0HORect2Set	DESCENDANT_PROBE_PASS	0	17447	6a9ca5c1b0effacae24f4db602677f5a8cf38207faa34e1101040400aaaccbb0	0a104b7edd5b44646740802fecb4fe1e3de567dcc0f0ad26b668ff3aef7cd8cf	6b30c241b0540b4a0c8af5d482a485fe5517370ec1d04ef64c11f0455c12c621	97e36b47b3622ae3d1d506bf466110f03a6dae557ddd874448d97385d7f61aac	e3b0c44298fc1c149afbf4c8996fb92427ae41e4649b934ca495991b7852b855	bea46ab4cf4adbeda551b0c6acc48c6474aa0a07a2c563bba580618b66d2c36b	true	true	true	true	true	false	true
68	146	9	1	0	1	5	U08-0000000210_S09-0000000323	C0Rect2Set	DESCENDANT_PROBE_PASS	0	16672	6a9ca5c1b0effacae24f4db602677f5a8cf38207faa34e1101040400aaaccbb0	0a104b7edd5b44646740802fecb4fe1e3de567dcc0f0ad26b668ff3aef7cd8cf	f8170471a2ee1fb4cce27323aa5f20372194b2f0196dba2bf9ee0cf8e6e979f0	ae71ced7f568dacd2129ff85087bc639bf8b5b76040694880c4703108e11461c	e3b0c44298fc1c149afbf4c8996fb92427ae41e4649b934ca495991b7852b855	bea46ab4cf4adbeda551b0c6acc48c6474aa0a07a2c563bba580618b66d2c36b	true	true	true	true	true	false	true
69	146	9	1	1	0	5	U08-0000000211_S09-0000000322	C0HORect2Set	DESCENDANT_PROBE_PASS	0	17387	81ef18fbea7f994f5e40f1cb6b6c96a539863553727ac3904adab6cdcb67e3a1	125fc541ea57423e079f61e3aebe13c9c8dc8b30f33611d6e96cc6f551a921e2	967a29b51657d4273468cf46289b98093552c02a44e3fed1bd73bed3d68ef77e	6f8d8fac364036ee9bec41d6e209305528cea431c310f3ef8cf194ad3441173d	e3b0c44298fc1c149afbf4c8996fb92427ae41e4649b934ca495991b7852b855	bea46ab4cf4adbeda551b0c6acc48c6474aa0a07a2c563bba580618b66d2c36b	true	true	true	true	true	false	true
70	146	9	1	1	0	5	U08-0000000211_S09-0000000322	C0Rect2Set	DESCENDANT_PROBE_PASS	0	16721	81ef18fbea7f994f5e40f1cb6b6c96a539863553727ac3904adab6cdcb67e3a1	125fc541ea57423e079f61e3aebe13c9c8dc8b30f33611d6e96cc6f551a921e2	4ff1260944c5ae36231765a8220c7f40602d77a5ca0158d97755ce2ccc875218	73b9c0d120a30b7277b27bf0b3510b9e52da180acb9e1efc188a77f8f61e945a	e3b0c44298fc1c149afbf4c8996fb92427ae41e4649b934ca495991b7852b855	bea46ab4cf4adbeda551b0c6acc48c6474aa0a07a2c563bba580618b66d2c36b	true	true	true	true	true	false	true
71	146	9	1	1	1	5	U08-0000000211_S09-0000000323	C0HORect2Set	DESCENDANT_PROBE_PASS	0	17442	fc4f3adfe1dded857c11239e6a9ae8fce724ac6f2b46d155c9a926bbdd5c883c	bf5e4d5efa2da0c97e2cdf9233ac7b589be632c7d91c6dc9b01a9caf4c3171a7	4d2d5591ebe0b3443794de50c19fca2e0218757536eb2fd0b5a41b1ea0a6d252	7d570baa804f329754989612654855dbb2354dfe3d6f138ad4589f75b9b01363	e3b0c44298fc1c149afbf4c8996fb92427ae41e4649b934ca495991b7852b855	bea46ab4cf4adbeda551b0c6acc48c6474aa0a07a2c563bba580618b66d2c36b	true	true	true	true	true	false	true
72	146	9	1	1	1	5	U08-0000000211_S09-0000000323	C0Rect2Set	DESCENDANT_PROBE_PASS	0	16730	fc4f3adfe1dded857c11239e6a9ae8fce724ac6f2b46d155c9a926bbdd5c883c	bf5e4d5efa2da0c97e2cdf9233ac7b589be632c7d91c6dc9b01a9caf4c3171a7	d1da384f890a84280be16be5922e2b01ea82ddd6679bbdaea5f09621e9ed59e4	4dcee279bce585703159ec99b4a2e99d641ff5901384f8b1d7d1a26a9d05cd63	e3b0c44298fc1c149afbf4c8996fb92427ae41e4649b934ca495991b7852b855	bea46ab4cf4adbeda551b0c6acc48c6474aa0a07a2c563bba580618b66d2c36b	true	true	true	true	true	false	true
73	161	10	0	0	0	5	U08-0000000212_S09-0000000320	C0HORect2Set	DESCENDANT_PROBE_PASS	0	17372	b64aca95e3b74cbb80770f1d055cba60a425205f80c385cb8da05c4dad669748	1e013f217281a77738fee3153b37bf5a4676f4c00db36c227152afe074255931	a78c19743c26fa08388c20a1a35edc1a2575b7d5e282e45f1c23105a1c643376	73963a27383c0c54b367233790cc904b099d15934fd9532114a0d60ff1bf6687	e3b0c44298fc1c149afbf4c8996fb92427ae41e4649b934ca495991b7852b855	bea46ab4cf4adbeda551b0c6acc48c6474aa0a07a2c563bba580618b66d2c36b	true	true	true	true	true	false	true
74	161	10	0	0	0	5	U08-0000000212_S09-0000000320	C0Rect2Set	DESCENDANT_PROBE_PASS	0	16675	b64aca95e3b74cbb80770f1d055cba60a425205f80c385cb8da05c4dad669748	1e013f217281a77738fee3153b37bf5a4676f4c00db36c227152afe074255931	7dd967559180889245eba86f26c758d62b3c3a089c88eef44590fc8523970394	11a6360ae7f581ef05e17376e53ad33e58c1d32b5d6e67be3879adfbef11c508	e3b0c44298fc1c149afbf4c8996fb92427ae41e4649b934ca495991b7852b855	bea46ab4cf4adbeda551b0c6acc48c6474aa0a07a2c563bba580618b66d2c36b	true	true	true	true	true	false	true
75	161	10	0	0	1	5	U08-0000000212_S09-0000000321	C0HORect2Set	DESCENDANT_PROBE_PASS	0	17375	ad4a15248b19e942d90524ab3eb4a6065c09b163022ca5949247b9fc2a8d8abc	eca65070604793bd5bf18f0e60d74cef90349aa160ccc9d03d42bddcf4a38a2e	b2112e1be5c5735c98fd4b91647c63203ae077a38bdd4f7d6ffa267ae929091f	00b12558587dd8967ec8079ecd0bdd3f1cdff0a9db0f94cd7377eeb691133391	e3b0c44298fc1c149afbf4c8996fb92427ae41e4649b934ca495991b7852b855	bea46ab4cf4adbeda551b0c6acc48c6474aa0a07a2c563bba580618b66d2c36b	true	true	true	true	true	false	true
76	161	10	0	0	1	5	U08-0000000212_S09-0000000321	C0Rect2Set	DESCENDANT_PROBE_PASS	0	16676	ad4a15248b19e942d90524ab3eb4a6065c09b163022ca5949247b9fc2a8d8abc	eca65070604793bd5bf18f0e60d74cef90349aa160ccc9d03d42bddcf4a38a2e	e0491d1ff653f3bf497aa3536b97b7733bad8a2cba0af3ab22fd3e609aeb1003	7ceb9443a71f183faddd97aebc58549ee1ac3744d06ad172b18254a63240dc25	e3b0c44298fc1c149afbf4c8996fb92427ae41e4649b934ca495991b7852b855	bea46ab4cf4adbeda551b0c6acc48c6474aa0a07a2c563bba580618b66d2c36b	true	true	true	true	true	false	true
77	161	10	0	1	0	5	U08-0000000213_S09-0000000320	C0HORect2Set	DESCENDANT_PROBE_PASS	0	17391	079d16ec66677143014c688eb17a5794b9fa6fdb1d3f66e22ddac84f00c27913	ebf4eb8ceb3f8fe3c04ebc860af95f4abf32dbf6adc56422ac9a738bfe4f745c	f958e803732486709ecaaa1561f9416adf6700ab8eb8462a2621ecc00140278d	9a32e59e0966eb06a680397cfd79abfa3b89335f14a3d8b0fce888764560eeb2	e3b0c44298fc1c149afbf4c8996fb92427ae41e4649b934ca495991b7852b855	bea46ab4cf4adbeda551b0c6acc48c6474aa0a07a2c563bba580618b66d2c36b	true	true	true	true	true	false	true
78	161	10	0	1	0	5	U08-0000000213_S09-0000000320	C0Rect2Set	DESCENDANT_PROBE_PASS	0	16700	079d16ec66677143014c688eb17a5794b9fa6fdb1d3f66e22ddac84f00c27913	ebf4eb8ceb3f8fe3c04ebc860af95f4abf32dbf6adc56422ac9a738bfe4f745c	dc043b33ab198f0667905e41c5205e14182dc20d785d0fbe07d718679e3db872	32753d5bef3c58c91c3360f747d1e532d82114eb3d5feb81774522d8b0b709d4	e3b0c44298fc1c149afbf4c8996fb92427ae41e4649b934ca495991b7852b855	bea46ab4cf4adbeda551b0c6acc48c6474aa0a07a2c563bba580618b66d2c36b	true	true	true	true	true	false	true
79	161	10	0	1	1	5	U08-0000000213_S09-0000000321	C0HORect2Set	DESCENDANT_PROBE_PASS	0	17404	0d1b426579597b3f3c7e0fe0ca928c3added4b722f112f9f6e47af342541382c	54ed2cc7b45bc48e3b97753c20725d2a18447aa8207667ac0cb01fe812000e80	1f0126c1a74f3b0ff284be448f65e46b367ed192782c5634b0e19eeba201299e	7cff037deda7ea0669a2b889b82310d6da7ae6ff8ee6ce57a5e046287bf48152	e3b0c44298fc1c149afbf4c8996fb92427ae41e4649b934ca495991b7852b855	bea46ab4cf4adbeda551b0c6acc48c6474aa0a07a2c563bba580618b66d2c36b	true	true	true	true	true	false	true
80	161	10	0	1	1	5	U08-0000000213_S09-0000000321	C0Rect2Set	DESCENDANT_PROBE_PASS	0	16682	0d1b426579597b3f3c7e0fe0ca928c3added4b722f112f9f6e47af342541382c	54ed2cc7b45bc48e3b97753c20725d2a18447aa8207667ac0cb01fe812000e80	b6e1e232ea9ed1f4e8b3fde693c44182fa60c3777db9468ac9e76a768024c2b7	8946c82ad5b4ee590749edb869ca3394fee9a7b5412372820cae91374129cac5	e3b0c44298fc1c149afbf4c8996fb92427ae41e4649b934ca495991b7852b855	bea46ab4cf4adbeda551b0c6acc48c6474aa0a07a2c563bba580618b66d2c36b	true	true	true	true	true	false	true
81	162	10	1	0	0	5	U08-0000000212_S09-0000000322	C0HORect2Set	DESCENDANT_PROBE_PASS	0	17408	e3476e7115862eb51573155b056d4e9eb2bac753ea7aa8274babbc074c3e213c	26b9aa28b89c3194c9b12b62c72b3552923855c1d9a8929fb687099d48d75693	44502dd8b0e7c6d3d39a5c669cd9cb7f30917035d70ab47ae524b1dea6d994be	2f9a09f61477716e8606a86c81ad1ea76536e6240a8820ca812c955f54de4d2f	e3b0c44298fc1c149afbf4c8996fb92427ae41e4649b934ca495991b7852b855	bea46ab4cf4adbeda551b0c6acc48c6474aa0a07a2c563bba580618b66d2c36b	true	true	true	true	true	false	true
82	162	10	1	0	0	5	U08-0000000212_S09-0000000322	C0Rect2Set	DESCENDANT_PROBE_PASS	0	16700	e3476e7115862eb51573155b056d4e9eb2bac753ea7aa8274babbc074c3e213c	26b9aa28b89c3194c9b12b62c72b3552923855c1d9a8929fb687099d48d75693	c976115204cb0002ba05901b7fda2968f7f03d7a2c59c5da8bec01cbdf48b50e	e1824c5bd25df21090b2a20badc6a324303cc1f22b47cefbb31d57d776a91f21	e3b0c44298fc1c149afbf4c8996fb92427ae41e4649b934ca495991b7852b855	bea46ab4cf4adbeda551b0c6acc48c6474aa0a07a2c563bba580618b66d2c36b	true	true	true	true	true	false	true
83	162	10	1	0	1	5	U08-0000000212_S09-0000000323	C0HORect2Set	DESCENDANT_PROBE_PASS	0	17412	b04e21a733464500a5296ceb97efb0bf1da32d56ea388e5d040f70da89f2e212	face40fa4fa6b2031d91c2df80889dad7658beca95efae3d63211f1d0a113252	e6530eda0acbd3102fb10420ec47547747bba06db0db38f62a8fae815615b350	eac56c5a076b49b5928d1283e009195bf55246f5bfc7cfd4431edbf985e300b8	e3b0c44298fc1c149afbf4c8996fb92427ae41e4649b934ca495991b7852b855	bea46ab4cf4adbeda551b0c6acc48c6474aa0a07a2c563bba580618b66d2c36b	true	true	true	true	true	false	true
84	162	10	1	0	1	5	U08-0000000212_S09-0000000323	C0Rect2Set	DESCENDANT_PROBE_PASS	0	16710	b04e21a733464500a5296ceb97efb0bf1da32d56ea388e5d040f70da89f2e212	face40fa4fa6b2031d91c2df80889dad7658beca95efae3d63211f1d0a113252	ecc5aa221bc27504cf43c573f7c9e722554c91761636e508260a59edcf219492	c6ff9847e6e212b402a44246482e97943d5fae9b3daa80f539ea9151ad9ee3f2	e3b0c44298fc1c149afbf4c8996fb92427ae41e4649b934ca495991b7852b855	bea46ab4cf4adbeda551b0c6acc48c6474aa0a07a2c563bba580618b66d2c36b	true	true	true	true	true	false	true
85	162	10	1	1	0	5	U08-0000000213_S09-0000000322	C0HORect2Set	DESCENDANT_PROBE_PASS	0	17407	007ff5f70cb2b1d4b87889c52cdd0869e739420bcb7f96024ec7d26bdc11c7bf	caea744f072071aa7911b3ae1e29540c9b6d1df22e6f15b45e53a6a989c62d1a	ebd10b151afab7a4046f6286dedb1e0204d390f2f2e16f1ec94b989f4105d612	bfde6200888fef51c93bfc5671a612bd9014b21992c42182ba99579e7e4934a9	e3b0c44298fc1c149afbf4c8996fb92427ae41e4649b934ca495991b7852b855	bea46ab4cf4adbeda551b0c6acc48c6474aa0a07a2c563bba580618b66d2c36b	true	true	true	true	true	false	true
86	162	10	1	1	0	5	U08-0000000213_S09-0000000322	C0Rect2Set	DESCENDANT_PROBE_PASS	0	17104	007ff5f70cb2b1d4b87889c52cdd0869e739420bcb7f96024ec7d26bdc11c7bf	caea744f072071aa7911b3ae1e29540c9b6d1df22e6f15b45e53a6a989c62d1a	d059c0e85d7c837824eb6671ee20af60dbcd0ef6eae15d1e96c3f979e525cf09	90b9f5c1e499603b565891e0aeb9f25c3b449c8454a56edb547ca834116ba4d4	e3b0c44298fc1c149afbf4c8996fb92427ae41e4649b934ca495991b7852b855	bea46ab4cf4adbeda551b0c6acc48c6474aa0a07a2c563bba580618b66d2c36b	true	true	true	true	true	false	true
87	162	10	1	1	1	5	U08-0000000213_S09-0000000323	C0HORect2Set	DESCENDANT_PROBE_PASS	0	17452	0380e2f94421ae46cd715e0ee60d8d489b21b10ca58f983a11a84cecc7c19388	83ef8549ce3addd3f925c0cd183fc387353f1a628f3909b6cf821c992bfab203	cea7143bbe547b65ce547a1ddebdd21f7f0da74857e7d7ad367e3ed2bd897dcb	090a09718f4714030ec83af45ee20c3b6ccd60812dc89d5a198a523261d728ca	e3b0c44298fc1c149afbf4c8996fb92427ae41e4649b934ca495991b7852b855	bea46ab4cf4adbeda551b0c6acc48c6474aa0a07a2c563bba580618b66d2c36b	true	true	true	true	true	false	true
88	162	10	1	1	1	5	U08-0000000213_S09-0000000323	C0Rect2Set	DESCENDANT_PROBE_PASS	0	16734	0380e2f94421ae46cd715e0ee60d8d489b21b10ca58f983a11a84cecc7c19388	83ef8549ce3addd3f925c0cd183fc387353f1a628f3909b6cf821c992bfab203	d5ddc7f4ac06d4bc7e2142e71f14bd6450698b3f8f694c31360d27a2fef887d4	841a92bf4a29c05088202c0455710b672f8515e84206ceb47be5f01dec557ab2	e3b0c44298fc1c149afbf4c8996fb92427ae41e4649b934ca495991b7852b855	bea46ab4cf4adbeda551b0c6acc48c6474aa0a07a2c563bba580618b66d2c36b	true	true	true	true	true	false	true
89	177	11	0	0	0	5	U08-0000000214_S09-0000000320	C0HORect2Set	DESCENDANT_PROBE_PASS	0	17375	61f582cf36d0ca994b274352293fa6e30866f28062c45df3c4519a967433dbe9	dc46aa5a62e96e043a09bf9d6463413d47fa10c31ff372e46ad84946b47e8904	71b013bc29ae9562c75416dbfbcd0d46df93efff7f6eb5af69494a6c74743cc4	b9ae2a9b57bcd56b32b4bcbb8043a3d9a647415ae358c443eb267edf8e20ca15	e3b0c44298fc1c149afbf4c8996fb92427ae41e4649b934ca495991b7852b855	bea46ab4cf4adbeda551b0c6acc48c6474aa0a07a2c563bba580618b66d2c36b	true	true	true	true	true	false	true
90	177	11	0	0	0	5	U08-0000000214_S09-0000000320	C0Rect2Set	DESCENDANT_PROBE_PASS	0	16664	61f582cf36d0ca994b274352293fa6e30866f28062c45df3c4519a967433dbe9	dc46aa5a62e96e043a09bf9d6463413d47fa10c31ff372e46ad84946b47e8904	63ebf4ccea3a972395e31b2dd3994824898d66c2a5188ee4064933d4eb0c9f2c	24c36fdae406a24d87a812e4ecf2f31963df16553d8009cb76e210ea369ffcfb	e3b0c44298fc1c149afbf4c8996fb92427ae41e4649b934ca495991b7852b855	bea46ab4cf4adbeda551b0c6acc48c6474aa0a07a2c563bba580618b66d2c36b	true	true	true	true	true	false	true
91	177	11	0	0	1	5	U08-0000000214_S09-0000000321	C0HORect2Set	DESCENDANT_PROBE_PASS	0	17413	673849b083a4edf693c81c10fccafcb96b71e665a3eff62abe72447004f303f2	abf0a9f14205767d9f4cba3b285d17876c7cdc262488a9ab8f7f911fc887891a	f16f2044b34e9060373a48f2634689665cc7e00ee8d56caf3236fb3e9d3058d8	1db70b9152e5f3d6a030c9a5ea55ac20792d4c3464b04076044b215d387825d3	e3b0c44298fc1c149afbf4c8996fb92427ae41e4649b934ca495991b7852b855	bea46ab4cf4adbeda551b0c6acc48c6474aa0a07a2c563bba580618b66d2c36b	true	true	true	true	true	false	true
92	177	11	0	0	1	5	U08-0000000214_S09-0000000321	C0Rect2Set	DESCENDANT_PROBE_PASS	0	16718	673849b083a4edf693c81c10fccafcb96b71e665a3eff62abe72447004f303f2	abf0a9f14205767d9f4cba3b285d17876c7cdc262488a9ab8f7f911fc887891a	d08086d4f2c91c6ff6c3f013a2253aaa1f0ffaa1c4fe64bfb6689417342aa06d	7f7c357f7076c11e394b25b592dc7c8d106bf75aeddfde7c8bbd4b90fbf0adc7	e3b0c44298fc1c149afbf4c8996fb92427ae41e4649b934ca495991b7852b855	bea46ab4cf4adbeda551b0c6acc48c6474aa0a07a2c563bba580618b66d2c36b	true	true	true	true	true	false	true
93	177	11	0	1	0	5	U08-0000000215_S09-0000000320	C0HORect2Set	DESCENDANT_PROBE_PASS	0	17430	21caea9538cb68c246b6a32dfadc5bbdcbe6b941049cb4eea47ea01dd476814d	dd3d08f19addab32dbb7ad1b70a70afce3f55472ccdcc326524215173c5ec9e3	9d6c2112027a4f1e4c70a403882dc7d95d8a7973eba9e2c91b6fe8eb666b27bd	b1c77c56a9b0c2c775714d55566dbd148b121b3e3ebb9c0b523b0a434847ad2c	e3b0c44298fc1c149afbf4c8996fb92427ae41e4649b934ca495991b7852b855	bea46ab4cf4adbeda551b0c6acc48c6474aa0a07a2c563bba580618b66d2c36b	true	true	true	true	true	false	true
94	177	11	0	1	0	5	U08-0000000215_S09-0000000320	C0Rect2Set	DESCENDANT_PROBE_PASS	0	16659	21caea9538cb68c246b6a32dfadc5bbdcbe6b941049cb4eea47ea01dd476814d	dd3d08f19addab32dbb7ad1b70a70afce3f55472ccdcc326524215173c5ec9e3	075a4a749e1d245d2fbe2fa2f2b918150fada534800331ed1428da766bd14989	a6c59ecd309085e01ec82981df46ba4f51412979c76f3b470d22c7fec675b00c	e3b0c44298fc1c149afbf4c8996fb92427ae41e4649b934ca495991b7852b855	bea46ab4cf4adbeda551b0c6acc48c6474aa0a07a2c563bba580618b66d2c36b	true	true	true	true	true	false	true
95	177	11	0	1	1	5	U08-0000000215_S09-0000000321	C0HORect2Set	DESCENDANT_PROBE_PASS	0	17420	f70d3f8c319722abee020140819acc5eaf3662f344f441b06892aa3865d88a6c	87405305cf35391878050a75a5e46d13caece73f4b581f2e585e5d0bde0b43ab	5311fc5555c4f209fc694e9c65dddffcb4d43d4b00bc66d9c24ee5b384ee2a9d	aa92376e638f2963e9cde3113dad0afcc07af7eba0e7a12736e9f6b978ecc1a4	e3b0c44298fc1c149afbf4c8996fb92427ae41e4649b934ca495991b7852b855	bea46ab4cf4adbeda551b0c6acc48c6474aa0a07a2c563bba580618b66d2c36b	true	true	true	true	true	false	true
96	177	11	0	1	1	5	U08-0000000215_S09-0000000321	C0Rect2Set	DESCENDANT_PROBE_PASS	0	16747	f70d3f8c319722abee020140819acc5eaf3662f344f441b06892aa3865d88a6c	87405305cf35391878050a75a5e46d13caece73f4b581f2e585e5d0bde0b43ab	47657dc7e2e7749c475c3e426871a3a31e8f68884d48c61f3037ce2483dc4fb4	42795bd1868699ac0402c7ff190498cd2cee808266cbdd8bf4c88ec6fd95a219	e3b0c44298fc1c149afbf4c8996fb92427ae41e4649b934ca495991b7852b855	bea46ab4cf4adbeda551b0c6acc48c6474aa0a07a2c563bba580618b66d2c36b	true	true	true	true	true	false	true
97	178	11	1	0	0	5	U08-0000000214_S09-0000000322	C0HORect2Set	DESCENDANT_PROBE_PASS	0	17427	7818bf8124c0698cf5d67f3020caeba5902e59d0babc58b01b6771bd2cd53253	2ad8282b4adc028922d012ed855251a617b142a65662a2f72c7c945f4dfe286b	8c4944f1b0ab8bbb1de5c2eef617a438f90a4a7f0db1c25461774dd2d72aa558	64eff5cd165721931650d9c95e6a31746a8031bd56a22b0c103514977bd075f8	e3b0c44298fc1c149afbf4c8996fb92427ae41e4649b934ca495991b7852b855	bea46ab4cf4adbeda551b0c6acc48c6474aa0a07a2c563bba580618b66d2c36b	true	true	true	true	true	false	true
98	178	11	1	0	0	5	U08-0000000214_S09-0000000322	C0Rect2Set	DESCENDANT_PROBE_PASS	0	16680	7818bf8124c0698cf5d67f3020caeba5902e59d0babc58b01b6771bd2cd53253	2ad8282b4adc028922d012ed855251a617b142a65662a2f72c7c945f4dfe286b	95612abf1ef0734eee38a02c2c5bc6a1b2b564ea98ef724168c4d288f497bc03	5a26d1d61378ac04e7ebaaa999419f22471ba1b204e79345ebf7b9a6fe878fe9	e3b0c44298fc1c149afbf4c8996fb92427ae41e4649b934ca495991b7852b855	bea46ab4cf4adbeda551b0c6acc48c6474aa0a07a2c563bba580618b66d2c36b	true	true	true	true	true	false	true
99	178	11	1	0	1	5	U08-0000000214_S09-0000000323	C0HORect2Set	DESCENDANT_PROBE_PASS	0	17419	8cb21a8995e34d2efdfb39d49846ac1f0851c58cf40103c9d15455dc8dcbc2c6	753c5ae683d8c86eb595552046e956151f507153a36cdc5d483f7c0deb0468c9	ac7d28499171efe7cc76034a5c900dec82ae8ae0f02ac46934a1da43ce4740dd	d3a051360e2b3e7e4cc9dbba9d6206010be85125d4288f88f904d21422b5c000	e3b0c44298fc1c149afbf4c8996fb92427ae41e4649b934ca495991b7852b855	bea46ab4cf4adbeda551b0c6acc48c6474aa0a07a2c563bba580618b66d2c36b	true	true	true	true	true	false	true
100	178	11	1	0	1	5	U08-0000000214_S09-0000000323	C0Rect2Set	DESCENDANT_PROBE_PASS	0	16761	8cb21a8995e34d2efdfb39d49846ac1f0851c58cf40103c9d15455dc8dcbc2c6	753c5ae683d8c86eb595552046e956151f507153a36cdc5d483f7c0deb0468c9	e82e9862730aa4a8f06f23723741c84544aef48c8d4a544241a47091f796f2c6	c4362362857bcc59583b7f5285c0ea188f5abcacaf4d5185cdb8e807cfc169ff	e3b0c44298fc1c149afbf4c8996fb92427ae41e4649b934ca495991b7852b855	bea46ab4cf4adbeda551b0c6acc48c6474aa0a07a2c563bba580618b66d2c36b	true	true	true	true	true	false	true
101	178	11	1	1	0	5	U08-0000000215_S09-0000000322	C0HORect2Set	DESCENDANT_PROBE_PASS	0	17394	0dc093999ab8fa824c615b0c5128f603949bba2e6fb7372ad7b6ac2b5f652fd9	703fb1173101b1fd8b3da9042499bf5c47f71dc3604913509287216eec5cecbd	b0276c6e3f09cad99ef0c5807056519da1d54a0b306a86e40bace36ca3593299	5f1d53964b44073a33400eb963ace3afa904181c5d17cce30f6918ce8977c988	e3b0c44298fc1c149afbf4c8996fb92427ae41e4649b934ca495991b7852b855	bea46ab4cf4adbeda551b0c6acc48c6474aa0a07a2c563bba580618b66d2c36b	true	true	true	true	true	false	true
102	178	11	1	1	0	5	U08-0000000215_S09-0000000322	C0Rect2Set	DESCENDANT_PROBE_PASS	0	16672	0dc093999ab8fa824c615b0c5128f603949bba2e6fb7372ad7b6ac2b5f652fd9	703fb1173101b1fd8b3da9042499bf5c47f71dc3604913509287216eec5cecbd	216ecd330686a20c68f575d097aa6e28d6e59b6e951fa1f4007a9f65e010e111	147ce5b86e7091097c8d155011595972676cc379fecb1519e74d6c1f9f206325	e3b0c44298fc1c149afbf4c8996fb92427ae41e4649b934ca495991b7852b855	bea46ab4cf4adbeda551b0c6acc48c6474aa0a07a2c563bba580618b66d2c36b	true	true	true	true	true	false	true
103	178	11	1	1	1	5	U08-0000000215_S09-0000000323	C0HORect2Set	DESCENDANT_PROBE_PASS	0	17411	78a2d78907b243ea7c59de828370d3e4d34f8b771add9595d43484ba2c1805f3	b0d66c6d9f15382603bb77a2bce8441a94d1fcc94f9eff9d397981b1d74a4413	49e42ad394514df5d4c930db5e85df1012fb6d454fefe3d99eb40621a9763a46	e84f7f97ec2e0a942e1b7507944dcabfd8d32921c8ddd1a37213c0cccb833099	e3b0c44298fc1c149afbf4c8996fb92427ae41e4649b934ca495991b7852b855	bea46ab4cf4adbeda551b0c6acc48c6474aa0a07a2c563bba580618b66d2c36b	true	true	true	true	true	false	true
104	178	11	1	1	1	5	U08-0000000215_S09-0000000323	C0Rect2Set	DESCENDANT_PROBE_PASS	0	16744	78a2d78907b243ea7c59de828370d3e4d34f8b771add9595d43484ba2c1805f3	b0d66c6d9f15382603bb77a2bce8441a94d1fcc94f9eff9d397981b1d74a4413	091852d715d9fa5a9ad06c84a78d5f895b0bf575a8aef9999e38dc2a51d3537c	4fac92d1fb86bd59f56de7f2763657799e598853e78c8d55b07b1e776e6cb1fe	e3b0c44298fc1c149afbf4c8996fb92427ae41e4649b934ca495991b7852b855	bea46ab4cf4adbeda551b0c6acc48c6474aa0a07a2c563bba580618b66d2c36b	true	true	true	true	true	false	true
105	193	12	0	0	0	5	U08-0000000216_S09-0000000320	C0HORect2Set	DESCENDANT_PROBE_PASS	0	17372	102401a892344bf95fafb781e4d6fea6799fd869a4c263660393cd8b98baebaf	62323d29263c2a1a8acffc6c55a04451da46085cafa8657cf748eb605b2f8d43	55d7bbe3919c285b029b89c4228f2642f0e5c5c40d296246e903837f9ee8f854	bed6741c02af839186a02ff17643aafdc8fed0a743e9ffeaca38aba7f4545923	e3b0c44298fc1c149afbf4c8996fb92427ae41e4649b934ca495991b7852b855	bea46ab4cf4adbeda551b0c6acc48c6474aa0a07a2c563bba580618b66d2c36b	true	true	true	true	true	false	true
106	193	12	0	0	0	5	U08-0000000216_S09-0000000320	C0Rect2Set	DESCENDANT_PROBE_PASS	0	16675	102401a892344bf95fafb781e4d6fea6799fd869a4c263660393cd8b98baebaf	62323d29263c2a1a8acffc6c55a04451da46085cafa8657cf748eb605b2f8d43	3aed5da9ba2f51c1bad01f0c783834a2d33f68e3ecb40821f5af89f448c90dde	16b3b677f4c38997479069fafd7e3cd954ce6c70b379dce972e74113d5428311	e3b0c44298fc1c149afbf4c8996fb92427ae41e4649b934ca495991b7852b855	bea46ab4cf4adbeda551b0c6acc48c6474aa0a07a2c563bba580618b66d2c36b	true	true	true	true	true	false	true
107	193	12	0	0	1	5	U08-0000000216_S09-0000000321	C0HORect2Set	DESCENDANT_PROBE_PASS	0	17416	3d0f3c79d8ba6953aa4b337e23271b628ae3db4c533a3ca1757809ccd705d751	a7eb19c153475235ff5a66ea40a744eff3922309aee496c884ebec84e509a829	274795f1b079897b5569693125bb2b030f89ed7a95ebad888736c02eea66bbe1	de3a90ed5a49dce89a4a63659eb649b0b02f83bb0965122ff6045dd285265945	e3b0c44298fc1c149afbf4c8996fb92427ae41e4649b934ca495991b7852b855	bea46ab4cf4adbeda551b0c6acc48c6474aa0a07a2c563bba580618b66d2c36b	true	true	true	true	true	false	true
108	193	12	0	0	1	5	U08-0000000216_S09-0000000321	C0Rect2Set	DESCENDANT_PROBE_PASS	0	16722	3d0f3c79d8ba6953aa4b337e23271b628ae3db4c533a3ca1757809ccd705d751	a7eb19c153475235ff5a66ea40a744eff3922309aee496c884ebec84e509a829	cbba9acea70fbe23455dd442f2426841ca85d2f3c361e2bc4e0556906798be12	49a11ac6d32448dd3d2bee4da89a41491bdc0928402acce793130aca3e3d25c3	e3b0c44298fc1c149afbf4c8996fb92427ae41e4649b934ca495991b7852b855	bea46ab4cf4adbeda551b0c6acc48c6474aa0a07a2c563bba580618b66d2c36b	true	true	true	true	true	false	true
109	193	12	0	1	0	5	U08-0000000217_S09-0000000320	C0HORect2Set	DESCENDANT_PROBE_PASS	0	17393	e662f7474b8abb247e9b999050310358ef3ef66380836b7968229e950881b43d	a5b19f86d113f8483a5e0107a35c3bef82f5e61aa38ade52596c14f1d564ba3e	abee0268f4269f4b829b86cca8f91ec1cec56922a0a74f634e0a2dbfc5fbc7bc	aa0361c40fb2c16282ebfaf7d8d44dc528abbd4c55504db400f1e703c285a149	e3b0c44298fc1c149afbf4c8996fb92427ae41e4649b934ca495991b7852b855	bea46ab4cf4adbeda551b0c6acc48c6474aa0a07a2c563bba580618b66d2c36b	true	true	true	true	true	false	true
110	193	12	0	1	0	5	U08-0000000217_S09-0000000320	C0Rect2Set	DESCENDANT_PROBE_PASS	0	16700	e662f7474b8abb247e9b999050310358ef3ef66380836b7968229e950881b43d	a5b19f86d113f8483a5e0107a35c3bef82f5e61aa38ade52596c14f1d564ba3e	98242a92332f8917eadfd2b17fb4e68e05c326f6a37ebc3d3d4bb9162d31a038	cb9e57d9e95c50dc3b5531d7c07b0b4a38d51776ba6f93ba934ce0e47b7a5c5f	e3b0c44298fc1c149afbf4c8996fb92427ae41e4649b934ca495991b7852b855	bea46ab4cf4adbeda551b0c6acc48c6474aa0a07a2c563bba580618b66d2c36b	true	true	true	true	true	false	true
111	193	12	0	1	1	5	U08-0000000217_S09-0000000321	C0HORect2Set	DESCENDANT_PROBE_PASS	0	17428	af166990a7fe5bbe3fb2b50018e2d6df0b9e16ead9b1a8669645eec5d84c19bb	e5c4de68c9a9a503e4a9487dd1063d13a053980e6cd35ad38cc7a25c11ed8e67	d6bdff67d37db21d0952bdef2b29874721eafb0281b71e838ec8af93f902f168	8b004da8ebcbf8dabf019b33f362cb5e43ac11328ce0cde0710fa1343b576057	e3b0c44298fc1c149afbf4c8996fb92427ae41e4649b934ca495991b7852b855	bea46ab4cf4adbeda551b0c6acc48c6474aa0a07a2c563bba580618b66d2c36b	true	true	true	true	true	false	true
112	193	12	0	1	1	5	U08-0000000217_S09-0000000321	C0Rect2Set	DESCENDANT_PROBE_PASS	0	17051	af166990a7fe5bbe3fb2b50018e2d6df0b9e16ead9b1a8669645eec5d84c19bb	e5c4de68c9a9a503e4a9487dd1063d13a053980e6cd35ad38cc7a25c11ed8e67	cc619ef8a78f86928b4ae9d814041608b93a8d65d5889840b3af6a42c161a440	7470ddc6ad1ced1adb59c50f60beaa008edca069094229e5793d0ce269c4b4f9	e3b0c44298fc1c149afbf4c8996fb92427ae41e4649b934ca495991b7852b855	bea46ab4cf4adbeda551b0c6acc48c6474aa0a07a2c563bba580618b66d2c36b	true	true	true	true	true	false	true
113	194	12	1	0	0	5	U08-0000000216_S09-0000000322	C0HORect2Set	DESCENDANT_PROBE_PASS	0	17375	62b2dd8b1845011ed9419ab9dd687b3e5078e1d16c15e968fead111d04a034e1	acca0d839ddb929123fa15a3ad8a9abffc10b16410d7400f9d973e78d06329d1	fd6645a65c8a8350766b0245cd5a8a95e427d899a225428a0cb0807d893b5dbb	6f7fe2924133caf64eb8e706ce54c7011c1510d90d83f250bc09531dfb4249a0	e3b0c44298fc1c149afbf4c8996fb92427ae41e4649b934ca495991b7852b855	bea46ab4cf4adbeda551b0c6acc48c6474aa0a07a2c563bba580618b66d2c36b	true	true	true	true	true	false	true
114	194	12	1	0	0	5	U08-0000000216_S09-0000000322	C0Rect2Set	DESCENDANT_PROBE_PASS	0	16792	62b2dd8b1845011ed9419ab9dd687b3e5078e1d16c15e968fead111d04a034e1	acca0d839ddb929123fa15a3ad8a9abffc10b16410d7400f9d973e78d06329d1	9b3fcb98f28836ba5389d44f65ce04a017ff6b046d9632744c91b6e381668db1	06f88e48723994037e46e84e78c7e4f59ac706154f3a98cba6fba743bb039ceb	e3b0c44298fc1c149afbf4c8996fb92427ae41e4649b934ca495991b7852b855	bea46ab4cf4adbeda551b0c6acc48c6474aa0a07a2c563bba580618b66d2c36b	true	true	true	true	true	false	true
115	194	12	1	0	1	5	U08-0000000216_S09-0000000323	C0HORect2Set	DESCENDANT_PROBE_PASS	0	17411	75fd241d5347592e4d381444ae42ceae4f74d1d4656c4389311a4835e0722233	bfd5c5ed9438b4f6aa4f113d594d7afcb1f365636b72c8f2d53794b07dcf82dd	838b64434aa5266f24668ab2120fd36b6428d3461289910e6fa34bc9385b420a	060bf5657e7a14836ae2ced9e345cd4dce89bc95fbf01ba7b3dfd59aed6441cf	e3b0c44298fc1c149afbf4c8996fb92427ae41e4649b934ca495991b7852b855	bea46ab4cf4adbeda551b0c6acc48c6474aa0a07a2c563bba580618b66d2c36b	true	true	true	true	true	false	true
116	194	12	1	0	1	5	U08-0000000216_S09-0000000323	C0Rect2Set	DESCENDANT_PROBE_PASS	0	16679	75fd241d5347592e4d381444ae42ceae4f74d1d4656c4389311a4835e0722233	bfd5c5ed9438b4f6aa4f113d594d7afcb1f365636b72c8f2d53794b07dcf82dd	d51bf2e5cfb0440f1c29ccf2a01e747f79bf57cc75b78b85e57397ec87cc4b0b	04505913586865ae14c221f74e3a27142ca9c0efe8ee09b7dd91afb86119cf98	e3b0c44298fc1c149afbf4c8996fb92427ae41e4649b934ca495991b7852b855	bea46ab4cf4adbeda551b0c6acc48c6474aa0a07a2c563bba580618b66d2c36b	true	true	true	true	true	false	true
117	194	12	1	1	0	5	U08-0000000217_S09-0000000322	C0HORect2Set	DESCENDANT_PROBE_PASS	0	17409	c905cc8e5d17d64e0ce2f85b0bcd44cb573cf5279d3dcbd3294e75946829c05f	f47675a3156f4d2f52e1a4e65a62d10bb5dc3b4b38c76f320cecb9815c8de96a	5cad42aa3bf503206a7475f5413a079bb2bf49f518f1732cf6756f99851278eb	7304714c363626e5f2a17ea3c6f4c3a6715bca530706bb0aeea16a1ff3f319b5	e3b0c44298fc1c149afbf4c8996fb92427ae41e4649b934ca495991b7852b855	bea46ab4cf4adbeda551b0c6acc48c6474aa0a07a2c563bba580618b66d2c36b	true	true	true	true	true	false	true
118	194	12	1	1	0	5	U08-0000000217_S09-0000000322	C0Rect2Set	DESCENDANT_PROBE_PASS	0	16671	c905cc8e5d17d64e0ce2f85b0bcd44cb573cf5279d3dcbd3294e75946829c05f	f47675a3156f4d2f52e1a4e65a62d10bb5dc3b4b38c76f320cecb9815c8de96a	08d54db9b97243a598f179cdddbc1db922ae466b4be5f8316c6e0cb967296c69	39c6334cab3e627df1089a25e567e82e451eeab7b90a1f25f92dd94ded8620fb	e3b0c44298fc1c149afbf4c8996fb92427ae41e4649b934ca495991b7852b855	bea46ab4cf4adbeda551b0c6acc48c6474aa0a07a2c563bba580618b66d2c36b	true	true	true	true	true	false	true
119	194	12	1	1	1	5	U08-0000000217_S09-0000000323	C0HORect2Set	DESCENDANT_PROBE_PASS	0	17438	fc9b2647db7325314e13d99d2ff4e09ac33cbb8388c43c8b5f8fddf1ee35ac3c	f302219571454fa228f2666e0bfdd30000427602e2bdaab2800e86df664a00cf	244da76e260d2135a4a2a9e9e189611335fd1926bb61f410f2938586c59c0bfa	730692f39833f2c8d231206dae6faae5a24656b9e0dbb2b2456f6a0d72c8b618	e3b0c44298fc1c149afbf4c8996fb92427ae41e4649b934ca495991b7852b855	bea46ab4cf4adbeda551b0c6acc48c6474aa0a07a2c563bba580618b66d2c36b	true	true	true	true	true	false	true
120	194	12	1	1	1	5	U08-0000000217_S09-0000000323	C0Rect2Set	DESCENDANT_PROBE_PASS	0	16726	fc9b2647db7325314e13d99d2ff4e09ac33cbb8388c43c8b5f8fddf1ee35ac3c	f302219571454fa228f2666e0bfdd30000427602e2bdaab2800e86df664a00cf	87c14aa29f354b2d22ef97d8c6e425d60c29edab8a75cafe95fa83c74e5d96c4	624a7443ffd03ad3b341120cbb2ed539548c276d28133de77ef0831fb7e5cbb9	e3b0c44298fc1c149afbf4c8996fb92427ae41e4649b934ca495991b7852b855	bea46ab4cf4adbeda551b0c6acc48c6474aa0a07a2c563bba580618b66d2c36b	true	true	true	true	true	false	true
121	195	12	2	0	0	5	U08-0000000216_S09-0000000324	C0HORect2Set	DESCENDANT_PROBE_PASS	0	17369	f32c41a82654e027edbc9d079d8b872790dbe817dcdca9a728934fbbcdb57f50	8a3626d97c19c735c2bcfef13bd97488a94f8334ac985f082f1aef2dacacc412	3b0675b3fffaf96c81157f1944ee660b31a5e26acf67dc3e2d885c5e36f8a374	3b5a0db6ce7b8011a730fc62b0e9f1e80eb6caf696ab99b8b2abddee3e9335e3	e3b0c44298fc1c149afbf4c8996fb92427ae41e4649b934ca495991b7852b855	bea46ab4cf4adbeda551b0c6acc48c6474aa0a07a2c563bba580618b66d2c36b	true	true	true	true	true	false	true
122	195	12	2	0	0	5	U08-0000000216_S09-0000000324	C0Rect2Set	DESCENDANT_PROBE_PASS	0	16701	f32c41a82654e027edbc9d079d8b872790dbe817dcdca9a728934fbbcdb57f50	8a3626d97c19c735c2bcfef13bd97488a94f8334ac985f082f1aef2dacacc412	01d6975c83eeda60ad955bce072f81236001c030c1f08a04c81ab38a8b4e5215	c50748883979ac59008ca031fbf0a28d844aea314a0217df9a9588314a015081	e3b0c44298fc1c149afbf4c8996fb92427ae41e4649b934ca495991b7852b855	bea46ab4cf4adbeda551b0c6acc48c6474aa0a07a2c563bba580618b66d2c36b	true	true	true	true	true	false	true
123	195	12	2	0	1	5	U08-0000000216_S09-0000000325	C0HORect2Set	DESCENDANT_PROBE_PASS	0	17442	cafcad7923c46050607dd12f0e639e2f171f1d4f7fb4041bb84da8f316d92698	31f432e8e16b91be11a7de03b8ccaa8f3e59131a30e41b9d98a4426262eb5e47	cad74dd1afba504a2ded2104fb4661cb55cfcc0bcf3af49d08ab82be0e6c9a4b	79927ff67d52a5fb913b0fc23a1b6b69432be6c41f6614d704ed7d6f86b32ef3	e3b0c44298fc1c149afbf4c8996fb92427ae41e4649b934ca495991b7852b855	bea46ab4cf4adbeda551b0c6acc48c6474aa0a07a2c563bba580618b66d2c36b	true	true	true	true	true	false	true
124	195	12	2	0	1	5	U08-0000000216_S09-0000000325	C0Rect2Set	DESCENDANT_PROBE_PASS	0	16792	cafcad7923c46050607dd12f0e639e2f171f1d4f7fb4041bb84da8f316d92698	31f432e8e16b91be11a7de03b8ccaa8f3e59131a30e41b9d98a4426262eb5e47	523cdd280410f9cb1d6a7217e0581980281e09e1450d030fd8c14798d039098b	a3c53c3db8fac611dc83444db1b8a9a4a3913bf33c0fc0873f498465c2c57bc4	e3b0c44298fc1c149afbf4c8996fb92427ae41e4649b934ca495991b7852b855	bea46ab4cf4adbeda551b0c6acc48c6474aa0a07a2c563bba580618b66d2c36b	true	true	true	true	true	false	true
125	195	12	2	1	0	5	U08-0000000217_S09-0000000324	C0HORect2Set	DESCENDANT_PROBE_PASS	0	17421	68290a11374eea2575d0b1bfeaad872209066dee97753f1596555f26075898bc	2a620d7b883eefb47bec19cbf69df3bc6fd85094bb2c443befbf484a0b11f101	43fb3171b5dac2cd2f09a33e2b425a8ed3231137541f7f004d4ea31cf8cdc5df	a6b3fd9156dfe7786d7972a4042f0eb64498ffeefa9cdc257675cab9ccdaadea	e3b0c44298fc1c149afbf4c8996fb92427ae41e4649b934ca495991b7852b855	bea46ab4cf4adbeda551b0c6acc48c6474aa0a07a2c563bba580618b66d2c36b	true	true	true	true	true	false	true
126	195	12	2	1	0	5	U08-0000000217_S09-0000000324	C0Rect2Set	DESCENDANT_PROBE_PASS	0	16696	68290a11374eea2575d0b1bfeaad872209066dee97753f1596555f26075898bc	2a620d7b883eefb47bec19cbf69df3bc6fd85094bb2c443befbf484a0b11f101	e038843f92b4a9308a87daeae6f85f25e5645b271e655ffe70485dce2b05b3c2	e6fc54a4c9bd3e5e57bea4d93a026536b66392b676de836791e1203ad2aa9e5f	e3b0c44298fc1c149afbf4c8996fb92427ae41e4649b934ca495991b7852b855	bea46ab4cf4adbeda551b0c6acc48c6474aa0a07a2c563bba580618b66d2c36b	true	true	true	true	true	false	true
127	195	12	2	1	1	5	U08-0000000217_S09-0000000325	C0HORect2Set	DESCENDANT_PROBE_PASS	0	17360	20c8f8013e2c2155f91db9791ba48178d13aac65243d7d16083f7278536fcb4b	518935ba0b7d643e64e5f712816d9cd88e0c45e291575468eb163e7f98cf2b0a	d63c9f71786d268f8391d246807f087522c15d038f17a6f583f304fa7da10658	4d6783ff2b6e7ac1efe89730cab4c9a102bb0d990b7d955d9a4aeae02d4a2757	e3b0c44298fc1c149afbf4c8996fb92427ae41e4649b934ca495991b7852b855	bea46ab4cf4adbeda551b0c6acc48c6474aa0a07a2c563bba580618b66d2c36b	true	true	true	true	true	false	true
128	195	12	2	1	1	5	U08-0000000217_S09-0000000325	C0Rect2Set	DESCENDANT_PROBE_PASS	0	16727	20c8f8013e2c2155f91db9791ba48178d13aac65243d7d16083f7278536fcb4b	518935ba0b7d643e64e5f712816d9cd88e0c45e291575468eb163e7f98cf2b0a	fc8994199ec8b46dfb09fce059d0408856cca9b8bf74a22781c935a218557c7c	b82389922a4a0e740f172b29a7940dee0788557a6a8f94b9d059f25683ec373c	e3b0c44298fc1c149afbf4c8996fb92427ae41e4649b934ca495991b7852b855	bea46ab4cf4adbeda551b0c6acc48c6474aa0a07a2c563bba580618b66d2c36b	true	true	true	true	true	false	true
129	209	13	0	0	0	5	U08-0000000218_S09-0000000320	C0HORect2Set	DESCENDANT_PROBE_PASS	0	17371	237f3bfd0fe94d0451710e0b311acbd27586aa2374f54c0fbfd1f167635986fb	075ad69366acabe262b3aa3255550eacd32c7e4901da9a46aa6342ec2654c682	ac62c2a75c40ec86aeafff48b332296ef550b553f0f7d7d87a590616789ec2a7	970dd7202b3735b3ee724475a5936a674a7eb833da9b82f89929e72da1a98ca4	e3b0c44298fc1c149afbf4c8996fb92427ae41e4649b934ca495991b7852b855	bea46ab4cf4adbeda551b0c6acc48c6474aa0a07a2c563bba580618b66d2c36b	true	true	true	true	true	false	true
130	209	13	0	0	0	5	U08-0000000218_S09-0000000320	C0Rect2Set	DESCENDANT_PROBE_PASS	0	16758	237f3bfd0fe94d0451710e0b311acbd27586aa2374f54c0fbfd1f167635986fb	075ad69366acabe262b3aa3255550eacd32c7e4901da9a46aa6342ec2654c682	f6bf362c05815516bcbd44213ff6d48471516e0fd0e0cafd2de9a445dab95f46	f2edabb6c35308f234ea9f79c52101cd54b95c8e282b075593546f1bb58dfb9a	e3b0c44298fc1c149afbf4c8996fb92427ae41e4649b934ca495991b7852b855	bea46ab4cf4adbeda551b0c6acc48c6474aa0a07a2c563bba580618b66d2c36b	true	true	true	true	true	false	true
131	209	13	0	0	1	5	U08-0000000218_S09-0000000321	C0HORect2Set	DESCENDANT_PROBE_PASS	0	17508	12435acdc99d8e7756de664c0d6200655c8e25ce94bbaae3147d71efacf817e3	ae733209cce33367791d44d6c5a845fb6f1abeacd6581847de277a2a5a3c35f7	13f085bb941b4d5d4e404a3f9be4c7eb57d48dc811ba923be6e8fa92dab3f290	29c1b335b422b6622271ca0b8134a5837c0ee51f30b4e7fb01ad7cedc59df695	e3b0c44298fc1c149afbf4c8996fb92427ae41e4649b934ca495991b7852b855	bea46ab4cf4adbeda551b0c6acc48c6474aa0a07a2c563bba580618b66d2c36b	true	true	true	true	true	false	true
132	209	13	0	0	1	5	U08-0000000218_S09-0000000321	C0Rect2Set	DESCENDANT_PROBE_PASS	0	16676	12435acdc99d8e7756de664c0d6200655c8e25ce94bbaae3147d71efacf817e3	ae733209cce33367791d44d6c5a845fb6f1abeacd6581847de277a2a5a3c35f7	95198a20d5106d47dd51850f8e977b9c32c550b7289170263f53431c808eb508	67f586f23266dde4341a9671af62144de4afcd7fb8f0e74be176250e7c654be5	e3b0c44298fc1c149afbf4c8996fb92427ae41e4649b934ca495991b7852b855	bea46ab4cf4adbeda551b0c6acc48c6474aa0a07a2c563bba580618b66d2c36b	true	true	true	true	true	false	true
133	209	13	0	1	0	5	U08-0000000219_S09-0000000320	C0HORect2Set	DESCENDANT_PROBE_PASS	0	17391	666b41916b2353615bd549bd53a3f8834df0134b3d40d68a42d2eb58aef859b7	53b1a67a2200bf8b8432ac37f6b05d8ef17abf6437c56005f4513e9849a3fc53	79038e795efce532b672cd44a4464fb13f384be0d42f61a1b2f1f889ead31a44	81aad96b5fd3312fc654a7868890978fa4db1bab28b9fe4390d12ef086cb9928	e3b0c44298fc1c149afbf4c8996fb92427ae41e4649b934ca495991b7852b855	bea46ab4cf4adbeda551b0c6acc48c6474aa0a07a2c563bba580618b66d2c36b	true	true	true	true	true	false	true
134	209	13	0	1	0	5	U08-0000000219_S09-0000000320	C0Rect2Set	DESCENDANT_PROBE_PASS	0	16664	666b41916b2353615bd549bd53a3f8834df0134b3d40d68a42d2eb58aef859b7	53b1a67a2200bf8b8432ac37f6b05d8ef17abf6437c56005f4513e9849a3fc53	9b1acc2f3521e0814160a8995bf81a77d1d3f322cec48b36f1acb6005fcd0e46	5611ffbad48f06284bcacbf519fb178db8d1813df568e5beb963fe9768086f86	e3b0c44298fc1c149afbf4c8996fb92427ae41e4649b934ca495991b7852b855	bea46ab4cf4adbeda551b0c6acc48c6474aa0a07a2c563bba580618b66d2c36b	true	true	true	true	true	false	true
135	209	13	0	1	1	5	U08-0000000219_S09-0000000321	C0HORect2Set	DESCENDANT_PROBE_PASS	0	17428	d38c34f744cd15a4c045c875d2ba6c894e602fca3dfe7cbd55912be30188fa9e	1dffea66f749d76060a6cc60ae9c06e4eafbf7310a7c2bfac54891680716c99b	d51d2e33adbf67d927bbf9ce50556f06bc9b38aa79eeb99fe467a860dc04f084	de3a4aa76ea0f562d2299ac4317d4d181f2866d822da95d0e1c72685d9761963	e3b0c44298fc1c149afbf4c8996fb92427ae41e4649b934ca495991b7852b855	bea46ab4cf4adbeda551b0c6acc48c6474aa0a07a2c563bba580618b66d2c36b	true	true	true	true	true	false	true
136	209	13	0	1	1	5	U08-0000000219_S09-0000000321	C0Rect2Set	DESCENDANT_PROBE_PASS	0	16724	d38c34f744cd15a4c045c875d2ba6c894e602fca3dfe7cbd55912be30188fa9e	1dffea66f749d76060a6cc60ae9c06e4eafbf7310a7c2bfac54891680716c99b	32706773875204afbd5a5074f21d279792fb3afb75ca039ee80b2df77d5f1731	6280d3428cdbfc54dcc7aa79f2df26fe7522958671e1bd1468c71c51a8c2ba81	e3b0c44298fc1c149afbf4c8996fb92427ae41e4649b934ca495991b7852b855	bea46ab4cf4adbeda551b0c6acc48c6474aa0a07a2c563bba580618b66d2c36b	true	true	true	true	true	false	true
137	210	13	1	0	0	5	U08-0000000218_S09-0000000322	C0HORect2Set	DESCENDANT_PROBE_PASS	0	17441	9c7e0faf8a0a4e1c188c987a2068e9d01c0e9cbf484a30bb385aa28cc0968865	8c722d9102c0710babc68b2f807b76611b10911dd9cf303ae567ea80d8bdf3ed	85518081960e93c6553fde697e410da10b7657bce450db7b23dae68c93808556	4857d9fe483f27915136b6a9479f6be24b8b54bb909a3d4e2ec3400f8280a1c3	e3b0c44298fc1c149afbf4c8996fb92427ae41e4649b934ca495991b7852b855	bea46ab4cf4adbeda551b0c6acc48c6474aa0a07a2c563bba580618b66d2c36b	true	true	true	true	true	false	true
138	210	13	1	0	0	5	U08-0000000218_S09-0000000322	C0Rect2Set	DESCENDANT_PROBE_PASS	0	16720	9c7e0faf8a0a4e1c188c987a2068e9d01c0e9cbf484a30bb385aa28cc0968865	8c722d9102c0710babc68b2f807b76611b10911dd9cf303ae567ea80d8bdf3ed	68b817dd37b7f3e70d13b47930e2fc3d52bb6fdef4ef20edbf110c12a3902199	4d32ee341f32b94dd9bc7e387142b65e4cd16b7fc64d8343ef3b9e24d5db349f	e3b0c44298fc1c149afbf4c8996fb92427ae41e4649b934ca495991b7852b855	bea46ab4cf4adbeda551b0c6acc48c6474aa0a07a2c563bba580618b66d2c36b	true	true	true	true	true	false	true
139	210	13	1	0	1	5	U08-0000000218_S09-0000000323	C0HORect2Set	DESCENDANT_PROBE_PASS	0	17421	adea99a16845e5b972c9b2c738a2f3592b8c97c4aa7257cea2d88f3248d5710e	9f3033682dbdec8b7c5813bb27ec02f2b91d8db9aa5a84a9b440ba84c947bece	b707b79974f1c5cc7be4ca3f2ff6d9634d9347b0ab4b6e69fc2a4ad408e6406f	82b53c740773a24810075b9e78ddbf90e4b95e11d2315870c26d9bab2bd057f2	e3b0c44298fc1c149afbf4c8996fb92427ae41e4649b934ca495991b7852b855	bea46ab4cf4adbeda551b0c6acc48c6474aa0a07a2c563bba580618b66d2c36b	true	true	true	true	true	false	true
140	210	13	1	0	1	5	U08-0000000218_S09-0000000323	C0Rect2Set	DESCENDANT_PROBE_PASS	0	16656	adea99a16845e5b972c9b2c738a2f3592b8c97c4aa7257cea2d88f3248d5710e	9f3033682dbdec8b7c5813bb27ec02f2b91d8db9aa5a84a9b440ba84c947bece	bbae25f6e5387c5a6471ce1f99abb85af780e31facfa647a6bc88a74e1485440	c0d35ae48fe4e68c5892f911bb7aca29e1dc14a06f3cca5d5ef4187f107ba1d1	e3b0c44298fc1c149afbf4c8996fb92427ae41e4649b934ca495991b7852b855	bea46ab4cf4adbeda551b0c6acc48c6474aa0a07a2c563bba580618b66d2c36b	true	true	true	true	true	false	true
141	210	13	1	1	0	5	U08-0000000219_S09-0000000322	C0HORect2Set	DESCENDANT_PROBE_PASS	0	17388	c114a8b7610b6c6baefcab9664aaf4cd8f56de0b2ced3d64a09d82d7089e4d01	a1a1fb5e968b43642e05386227f892a58950131ad87f31764534df617fa0e325	15b0dca11dabf4e2b20bf865801119b60c7320119bb36137848e933a361ec60a	dbf54a79fa00f91038575f42609ce27931b9cb4dee1c19d7db4fbdb11fc24a19	e3b0c44298fc1c149afbf4c8996fb92427ae41e4649b934ca495991b7852b855	bea46ab4cf4adbeda551b0c6acc48c6474aa0a07a2c563bba580618b66d2c36b	true	true	true	true	true	false	true
142	210	13	1	1	0	5	U08-0000000219_S09-0000000322	C0Rect2Set	DESCENDANT_PROBE_PASS	0	16669	c114a8b7610b6c6baefcab9664aaf4cd8f56de0b2ced3d64a09d82d7089e4d01	a1a1fb5e968b43642e05386227f892a58950131ad87f31764534df617fa0e325	71cff1ca5367c13e7bca8676a7e284e686e52003782711150cff5916f66f71e1	a2f1d81fd79ab02158694b514242297126d600ba6188fd0620e8ad8b34eea47c	e3b0c44298fc1c149afbf4c8996fb92427ae41e4649b934ca495991b7852b855	bea46ab4cf4adbeda551b0c6acc48c6474aa0a07a2c563bba580618b66d2c36b	true	true	true	true	true	false	true
143	210	13	1	1	1	5	U08-0000000219_S09-0000000323	C0HORect2Set	DESCENDANT_PROBE_PASS	0	17466	ac36d50dbeb75ba33bbc8a1302792f7612daf29ab56d76495fd043c06a41b141	220b4358fa02790ed305e9d584e9c8bccf72e1ed014dacea2f08c34c351c0a98	2648ea8966b619f34ec80e12523d39dbd1a4fbb45b3a4c33e620708d2f2d461a	13c5ce4c5d82c3797c4cb4335918093014de6fba500382f9915d968dabfdac83	e3b0c44298fc1c149afbf4c8996fb92427ae41e4649b934ca495991b7852b855	bea46ab4cf4adbeda551b0c6acc48c6474aa0a07a2c563bba580618b66d2c36b	true	true	true	true	true	false	true
144	210	13	1	1	1	5	U08-0000000219_S09-0000000323	C0Rect2Set	DESCENDANT_PROBE_PASS	0	16645	ac36d50dbeb75ba33bbc8a1302792f7612daf29ab56d76495fd043c06a41b141	220b4358fa02790ed305e9d584e9c8bccf72e1ed014dacea2f08c34c351c0a98	90fd33a2f221abb6b75d2b40418c755bd2d2922ebdce0219dc9163bab8e76b5d	b30259e9b9ee3261d9dcf41f537a40a5ba262e71168883c418d8ef669e9f129a	e3b0c44298fc1c149afbf4c8996fb92427ae41e4649b934ca495991b7852b855	bea46ab4cf4adbeda551b0c6acc48c6474aa0a07a2c563bba580618b66d2c36b	true	true	true	true	true	false	true
145	211	13	2	0	0	5	U08-0000000218_S09-0000000324	C0HORect2Set	DESCENDANT_PROBE_PASS	0	17439	3c07cdb4cb8da9b370992619eca3483280b5af9bc9abd33bf35f91f0c2ca4d47	2e689378b2015cdfb798cd5b1b0512996392bfad53cfe671779d770fd99cd45b	30ad463fd3d896a38e3bd91daa8a95f7b762c74edc2bb2dee5253afddebe612e	96359eb19066cb4a2cab9fbae4f0a537668a26cfe091b3b9eaa158a2cd8c68b0	e3b0c44298fc1c149afbf4c8996fb92427ae41e4649b934ca495991b7852b855	bea46ab4cf4adbeda551b0c6acc48c6474aa0a07a2c563bba580618b66d2c36b	true	true	true	true	true	false	true
146	211	13	2	0	0	5	U08-0000000218_S09-0000000324	C0Rect2Set	DESCENDANT_PROBE_PASS	0	16707	3c07cdb4cb8da9b370992619eca3483280b5af9bc9abd33bf35f91f0c2ca4d47	2e689378b2015cdfb798cd5b1b0512996392bfad53cfe671779d770fd99cd45b	fb1fb0fb43f8f77449d17055fab6c8036962f99cc08c242a33566f81dce7e6f1	a39980505348bbf1cb678da5868f89a1c0cd52d3179a91b0ca8a3338f37a4d80	e3b0c44298fc1c149afbf4c8996fb92427ae41e4649b934ca495991b7852b855	bea46ab4cf4adbeda551b0c6acc48c6474aa0a07a2c563bba580618b66d2c36b	true	true	true	true	true	false	true
147	211	13	2	0	1	5	U08-0000000218_S09-0000000325	C0HORect2Set	DESCENDANT_PROBE_PASS	0	17475	63c386fedc234d5b90b31ee1e5547baffca3b0d12d941d02c1962f9db03d72e2	89f367cd7c63787ee2a645bea2cd7785b227d33ed1350a81399b6363cb99294a	3798a8cda2ffa66752e9f454c19f16099193eb750824dd6706949291d1aa7c7c	d1e706640f1fed17e33e6da24170378eca912eda0835010eba057bd123dd39bd	e3b0c44298fc1c149afbf4c8996fb92427ae41e4649b934ca495991b7852b855	bea46ab4cf4adbeda551b0c6acc48c6474aa0a07a2c563bba580618b66d2c36b	true	true	true	true	true	false	true
148	211	13	2	0	1	5	U08-0000000218_S09-0000000325	C0Rect2Set	DESCENDANT_PROBE_PASS	0	17056	63c386fedc234d5b90b31ee1e5547baffca3b0d12d941d02c1962f9db03d72e2	89f367cd7c63787ee2a645bea2cd7785b227d33ed1350a81399b6363cb99294a	175f68f2607169e4dbfb66ab83ac766daae3522632cd1eb0b29091a8b7d0ba0d	cb2cfa8bf66399515766a2242ddcf42c217c665a1cd973b3b7f80a721ff0497d	e3b0c44298fc1c149afbf4c8996fb92427ae41e4649b934ca495991b7852b855	bea46ab4cf4adbeda551b0c6acc48c6474aa0a07a2c563bba580618b66d2c36b	true	true	true	true	true	false	true
149	211	13	2	1	0	5	U08-0000000219_S09-0000000324	C0HORect2Set	DESCENDANT_PROBE_PASS	0	17480	e2d2f9ce625719e97fb1ea4ec50f08def66931bc141d57f8014e232632d0c78b	0e11c839896796cc734a443627c4870fd8273157eeb8b35d2dad359f8892f0fb	e2ddbfdea63c84ee19984c9ab99c5e2ae471d1645e7f3953cf47571bbcdf5f9b	5d03c354bf999f782afb608da023c85ad0b20d29259d0303a00c171886170178	e3b0c44298fc1c149afbf4c8996fb92427ae41e4649b934ca495991b7852b855	bea46ab4cf4adbeda551b0c6acc48c6474aa0a07a2c563bba580618b66d2c36b	true	true	true	true	true	false	true
150	211	13	2	1	0	5	U08-0000000219_S09-0000000324	C0Rect2Set	DESCENDANT_PROBE_PASS	0	16757	e2d2f9ce625719e97fb1ea4ec50f08def66931bc141d57f8014e232632d0c78b	0e11c839896796cc734a443627c4870fd8273157eeb8b35d2dad359f8892f0fb	4dabe021cfc59ddab5002f2b67ec4a8b17fcc0831e7eeaed1cba9db1f709558e	edfc5e847db21ee627f8918f862e9559dbd8dabdab526c4cc4a617d2a589487e	e3b0c44298fc1c149afbf4c8996fb92427ae41e4649b934ca495991b7852b855	bea46ab4cf4adbeda551b0c6acc48c6474aa0a07a2c563bba580618b66d2c36b	true	true	true	true	true	false	true
151	211	13	2	1	1	5	U08-0000000219_S09-0000000325	C0HORect2Set	DESCENDANT_PROBE_PASS	0	17382	8f0cd5b18f34fabbfd1f92c74735c8b08ac3ccc184f90ac0896bbc6d66b98e91	0e89477534bbf6ba061cfae0cb506d2bbe09620d69c002c7f415df6c82f97287	35d1319734ff16c9ab92063186ff244c2663036bbafc07ff9441608ec6b3e358	e6936ec9e9e92ee144a819b12796e4e23901de993d07b0f60c43f74c369a540d	e3b0c44298fc1c149afbf4c8996fb92427ae41e4649b934ca495991b7852b855	bea46ab4cf4adbeda551b0c6acc48c6474aa0a07a2c563bba580618b66d2c36b	true	true	true	true	true	false	true
152	211	13	2	1	1	5	U08-0000000219_S09-0000000325	C0Rect2Set	DESCENDANT_PROBE_PASS	0	16665	8f0cd5b18f34fabbfd1f92c74735c8b08ac3ccc184f90ac0896bbc6d66b98e91	0e89477534bbf6ba061cfae0cb506d2bbe09620d69c002c7f415df6c82f97287	efba03de77c9eae441ee3659d022a60662f1eaccf0dbb35fc5853c7ce3a6db44	55e2b15d7e0c10dcb67891e60e6e820b98d41ccb6c5e4b16fa0f63e1b7607f8d	e3b0c44298fc1c149afbf4c8996fb92427ae41e4649b934ca495991b7852b855	bea46ab4cf4adbeda551b0c6acc48c6474aa0a07a2c563bba580618b66d2c36b	true	true	true	true	true	false	true
153	225	14	0	0	0	5	U08-0000000220_S09-0000000320	C0HORect2Set	DESCENDANT_PROBE_PASS	0	17382	111cf03c5b3a7b14fb624004e27cc5ac40a93f77fb77e14b3a0f904ee7b0f2ed	0602ea4194dbb1d9a0984fef722001935d4093fd6bc8546a76c6174e5eb57f14	9f70e5f8548947651afd9494d03c03c3fec06cc2886378c46c712486bcf73618	9f2550120a16a4bf4e96b61b4a9f0706c638599becafb1b70afa548366e005ad	e3b0c44298fc1c149afbf4c8996fb92427ae41e4649b934ca495991b7852b855	bea46ab4cf4adbeda551b0c6acc48c6474aa0a07a2c563bba580618b66d2c36b	true	true	true	true	true	false	true
154	225	14	0	0	0	5	U08-0000000220_S09-0000000320	C0Rect2Set	DESCENDANT_PROBE_PASS	0	16669	111cf03c5b3a7b14fb624004e27cc5ac40a93f77fb77e14b3a0f904ee7b0f2ed	0602ea4194dbb1d9a0984fef722001935d4093fd6bc8546a76c6174e5eb57f14	438823fb9c25abc9f4be7e295213bf527b10ad824e59cf9c6878022f85ce1a2c	fadff52219e5bc65b062d3c89103f6b80894569afee3ff69f45889f03e540f5b	e3b0c44298fc1c149afbf4c8996fb92427ae41e4649b934ca495991b7852b855	bea46ab4cf4adbeda551b0c6acc48c6474aa0a07a2c563bba580618b66d2c36b	true	true	true	true	true	false	true
155	225	14	0	0	1	5	U08-0000000220_S09-0000000321	C0HORect2Set	DESCENDANT_PROBE_PASS	0	17393	1fb06c6cc75552075540d5b20f144d60373ab680863580f234a236e1ea057f1b	37c3669a6849e23c316ade941ee35f4bc7ecd378e67283c541c9708a59dbe891	8a46a3cf0b2f61734958f991281273291662feb8af602d6e6f701d764944690c	ed213aef7893f6ae77b5ebe14b432a56669ed95e99d9a4a87b308c660d4789f4	e3b0c44298fc1c149afbf4c8996fb92427ae41e4649b934ca495991b7852b855	bea46ab4cf4adbeda551b0c6acc48c6474aa0a07a2c563bba580618b66d2c36b	true	true	true	true	true	false	true
156	225	14	0	0	1	5	U08-0000000220_S09-0000000321	C0Rect2Set	DESCENDANT_PROBE_PASS	0	16756	1fb06c6cc75552075540d5b20f144d60373ab680863580f234a236e1ea057f1b	37c3669a6849e23c316ade941ee35f4bc7ecd378e67283c541c9708a59dbe891	e29474f4be9e38a7dce761202080eddf45398724f2af520442f71a8533862005	dcc172166e3a20ffba6fc0e44bfe77b497b24d8049e7e889c1362724de348476	e3b0c44298fc1c149afbf4c8996fb92427ae41e4649b934ca495991b7852b855	bea46ab4cf4adbeda551b0c6acc48c6474aa0a07a2c563bba580618b66d2c36b	true	true	true	true	true	false	true
157	225	14	0	1	0	5	U08-0000000221_S09-0000000320	C0HORect2Set	DESCENDANT_PROBE_PASS	0	17433	e88a48ffd4b29a68e033483cb78e88468dac839b5ca366258e1a85265117b657	1400d9c41c7f6fcdba3689502e6fa273516a2fd5956a5cab3201546017959ad1	7f11e51783cbe282f78e63d08fae4937c57e0c5592a77ddfcfb3a1d40d7cf434	534e10d6457da9f7206665464235e1d0be5f3235309c368be7463ce75c9145a5	e3b0c44298fc1c149afbf4c8996fb92427ae41e4649b934ca495991b7852b855	bea46ab4cf4adbeda551b0c6acc48c6474aa0a07a2c563bba580618b66d2c36b	true	true	true	true	true	false	true
158	225	14	0	1	0	5	U08-0000000221_S09-0000000320	C0Rect2Set	DESCENDANT_PROBE_PASS	0	16692	e88a48ffd4b29a68e033483cb78e88468dac839b5ca366258e1a85265117b657	1400d9c41c7f6fcdba3689502e6fa273516a2fd5956a5cab3201546017959ad1	1089bc997b72b337dcc10788510585641c61a71a287b475818e8d6ff7d39a29a	42379b49a7cf9290cf2af4905b8bc941acd2703edcde05c745b553a4354cb476	e3b0c44298fc1c149afbf4c8996fb92427ae41e4649b934ca495991b7852b855	bea46ab4cf4adbeda551b0c6acc48c6474aa0a07a2c563bba580618b66d2c36b	true	true	true	true	true	false	true
159	225	14	0	1	1	5	U08-0000000221_S09-0000000321	C0HORect2Set	DESCENDANT_PROBE_PASS	0	17432	f06df1a5487dc0e75677fc6691ae7b2e79fd553d90cb676d2a49b28ad7969387	9d876bf376ddd3eecf1c044589520aef78eaccfd6009c5c5289ebbc7632989fb	21d1ba57e49b3de5734c450fde34943de9a5f21382fa2b8485e9b16d199eaae4	70a160037a5b4550fdb7e4b3b5e8f8ed4ff4e3e2e4343809893fabca5adf2070	e3b0c44298fc1c149afbf4c8996fb92427ae41e4649b934ca495991b7852b855	bea46ab4cf4adbeda551b0c6acc48c6474aa0a07a2c563bba580618b66d2c36b	true	true	true	true	true	false	true
160	225	14	0	1	1	5	U08-0000000221_S09-0000000321	C0Rect2Set	DESCENDANT_PROBE_PASS	0	16658	f06df1a5487dc0e75677fc6691ae7b2e79fd553d90cb676d2a49b28ad7969387	9d876bf376ddd3eecf1c044589520aef78eaccfd6009c5c5289ebbc7632989fb	c41e52ca0cc9e2a1595788ea426241631e9ea1299c17ea418e833c4f75088a99	12104450c1c5eaa8eb7e0384ba2dc8add57733607073c9565a475c2d850e566b	e3b0c44298fc1c149afbf4c8996fb92427ae41e4649b934ca495991b7852b855	bea46ab4cf4adbeda551b0c6acc48c6474aa0a07a2c563bba580618b66d2c36b	true	true	true	true	true	false	true
161	226	14	1	0	0	5	U08-0000000220_S09-0000000322	C0HORect2Set	DESCENDANT_PROBE_PASS	0	17420	8af6b98fe887c6715ac681ef44a141f9fca0ba41c619c22199ae5f08292a3e95	7dcda8ee0a1bdb5cd451e6dc91774a810dda7cce2cbde31ab1db7c7c26b6a00b	c7ac833df54bd102e1161469c3a3966c29dd18755fcce73e93a442512181f62a	2e94f6117a2d6103d2f96b1447a4f8041fb2133e215bcefaa473fcd7be79b3e5	e3b0c44298fc1c149afbf4c8996fb92427ae41e4649b934ca495991b7852b855	bea46ab4cf4adbeda551b0c6acc48c6474aa0a07a2c563bba580618b66d2c36b	true	true	true	true	true	false	true
162	226	14	1	0	0	5	U08-0000000220_S09-0000000322	C0Rect2Set	DESCENDANT_PROBE_PASS	0	16684	8af6b98fe887c6715ac681ef44a141f9fca0ba41c619c22199ae5f08292a3e95	7dcda8ee0a1bdb5cd451e6dc91774a810dda7cce2cbde31ab1db7c7c26b6a00b	c59cf66b77bea6f887ace4d245d7eebd8fd299afa8c8bdeed7f1e11420fa5cf0	b5e89149159390a8cdd96a9e35b50b4a90e315ca756ab0a468ca27f322af1c22	e3b0c44298fc1c149afbf4c8996fb92427ae41e4649b934ca495991b7852b855	bea46ab4cf4adbeda551b0c6acc48c6474aa0a07a2c563bba580618b66d2c36b	true	true	true	true	true	false	true
163	226	14	1	0	1	5	U08-0000000220_S09-0000000323	C0HORect2Set	DESCENDANT_PROBE_PASS	0	17365	865762c5b02e33f64ba169ba6108fa321483f0aac9723306a464524cfda20e2d	5ec922537e302b7c619826d5c14ffcbded8296434c0a5add890fa7ff2030c536	9781fa3bacf6cf9f2c8d4a291c44953cca6821f23437ea02b63e264ae92e30cc	314cc7e9c6688e06c894b56963c519ab9ae80217ee74456e26534de70ccdd2ea	e3b0c44298fc1c149afbf4c8996fb92427ae41e4649b934ca495991b7852b855	bea46ab4cf4adbeda551b0c6acc48c6474aa0a07a2c563bba580618b66d2c36b	true	true	true	true	true	false	true
164	226	14	1	0	1	5	U08-0000000220_S09-0000000323	C0Rect2Set	DESCENDANT_PROBE_PASS	0	16674	865762c5b02e33f64ba169ba6108fa321483f0aac9723306a464524cfda20e2d	5ec922537e302b7c619826d5c14ffcbded8296434c0a5add890fa7ff2030c536	a73de99c84366c3de67bfd5cfcdc65d42d972bda789b1edaafb102824b6cec61	c1be60a029e1a87b99bb886d70da989aca7a1054d00f04e82efb83492a148320	e3b0c44298fc1c149afbf4c8996fb92427ae41e4649b934ca495991b7852b855	bea46ab4cf4adbeda551b0c6acc48c6474aa0a07a2c563bba580618b66d2c36b	true	true	true	true	true	false	true
165	226	14	1	1	0	5	U08-0000000221_S09-0000000322	C0HORect2Set	DESCENDANT_PROBE_PASS	0	17416	5c5fad1756b6790fd4e7b3d7b2aeb2c8c659448aaca460386fab5ebc72f6b3b3	e53ff79551bec37c4215bb193bcdd33775811591926a6ca4571de500d6d1513d	3401ee838dd0a22b2ee1087def7fb7055057b41a0defce91f0ef8346cfba97f0	cc6dfd31197b1c1e0e4b036aaa680dd4b1b8a171bda4e8af4721a5c9072b5f35	e3b0c44298fc1c149afbf4c8996fb92427ae41e4649b934ca495991b7852b855	bea46ab4cf4adbeda551b0c6acc48c6474aa0a07a2c563bba580618b66d2c36b	true	true	true	true	true	false	true
166	226	14	1	1	0	5	U08-0000000221_S09-0000000322	C0Rect2Set	DESCENDANT_PROBE_PASS	0	16681	5c5fad1756b6790fd4e7b3d7b2aeb2c8c659448aaca460386fab5ebc72f6b3b3	e53ff79551bec37c4215bb193bcdd33775811591926a6ca4571de500d6d1513d	573e8fe65c5e13102bb3c29b387d4c5217aa26fa1bf872f1f585aa1cfd097471	540382e4dfc45ed43ad063682f0e0a92cab2972b43799b2eb80eb4463471c824	e3b0c44298fc1c149afbf4c8996fb92427ae41e4649b934ca495991b7852b855	bea46ab4cf4adbeda551b0c6acc48c6474aa0a07a2c563bba580618b66d2c36b	true	true	true	true	true	false	true
167	226	14	1	1	1	5	U08-0000000221_S09-0000000323	C0HORect2Set	DESCENDANT_PROBE_PASS	0	17400	4633c4da14fc3abdd35efc85064bc78467b6f6e6a983b3419d13b3874183a1d7	7a7d2aba8f187b2143ce8566d00c4894b036e5c1a2e91012f9fca04269bded22	53cea76978031c5db42701c377535b83813209605942cc533e69cc3f5c78b66e	19eef41cdd0ae26fd861452f1e1f920c7ab0c8aaa778d3f41dfee423c4d7a79d	e3b0c44298fc1c149afbf4c8996fb92427ae41e4649b934ca495991b7852b855	bea46ab4cf4adbeda551b0c6acc48c6474aa0a07a2c563bba580618b66d2c36b	true	true	true	true	true	false	true
168	226	14	1	1	1	5	U08-0000000221_S09-0000000323	C0Rect2Set	DESCENDANT_PROBE_PASS	0	16683	4633c4da14fc3abdd35efc85064bc78467b6f6e6a983b3419d13b3874183a1d7	7a7d2aba8f187b2143ce8566d00c4894b036e5c1a2e91012f9fca04269bded22	c230966bb80a8932c9d528ceaf7458c4e2c2869c84138c406c704158c09e4ffc	bebb13a661a80d61146381ccc6b658cffba97ce0ca20e361776be809bfe26387	e3b0c44298fc1c149afbf4c8996fb92427ae41e4649b934ca495991b7852b855	bea46ab4cf4adbeda551b0c6acc48c6474aa0a07a2c563bba580618b66d2c36b	true	true	true	true	true	false	true
169	227	14	2	0	0	5	U08-0000000220_S09-0000000324	C0HORect2Set	DESCENDANT_PROBE_PASS	0	17387	c1b22e218659f5b5f618a9787fc3e5799e0d7a3ca0a6dfd0e47f28da7d7aaecb	0e7b44eb9f5edb77a8e64fa4c19eb9b40ca80411dc048401617b7b4c1fa09f10	777986890d60b5dc067531a384221e77f8c9bf270e0d12310720f04d8991764d	7d8d69c7ac3ec96e6e69fbbccaaa585ad7546548b60b3df6e1bf35689161bafa	e3b0c44298fc1c149afbf4c8996fb92427ae41e4649b934ca495991b7852b855	bea46ab4cf4adbeda551b0c6acc48c6474aa0a07a2c563bba580618b66d2c36b	true	true	true	true	true	false	true
170	227	14	2	0	0	5	U08-0000000220_S09-0000000324	C0Rect2Set	DESCENDANT_PROBE_PASS	0	16688	c1b22e218659f5b5f618a9787fc3e5799e0d7a3ca0a6dfd0e47f28da7d7aaecb	0e7b44eb9f5edb77a8e64fa4c19eb9b40ca80411dc048401617b7b4c1fa09f10	6b142b572a185cb0d65d3aa46f17c671f3abc3c4481a947949e3db2f9a437415	c6274f98ee00175a207730444936d309e3397f7d7a9041b0b132ac3c0376bc96	e3b0c44298fc1c149afbf4c8996fb92427ae41e4649b934ca495991b7852b855	bea46ab4cf4adbeda551b0c6acc48c6474aa0a07a2c563bba580618b66d2c36b	true	true	true	true	true	false	true
171	227	14	2	0	1	5	U08-0000000220_S09-0000000325	C0HORect2Set	DESCENDANT_PROBE_PASS	0	17464	dfcc71ceb77c68546189007371d328b9579322482e321216ef47afe35c497e9f	4a7efb63b3db25ba36af13a7ef0eb218afb9c11bbf207f84465b600f8aaa57b0	da366b1f7810757be7f05c863e111517c150a22cab0381668c6dbecfaef5082f	03a629f090ab11ec2a808b06f36f3bbd915a7f39e1e107ef624c6ad31e9400eb	e3b0c44298fc1c149afbf4c8996fb92427ae41e4649b934ca495991b7852b855	bea46ab4cf4adbeda551b0c6acc48c6474aa0a07a2c563bba580618b66d2c36b	true	true	true	true	true	false	true
172	227	14	2	0	1	5	U08-0000000220_S09-0000000325	C0Rect2Set	DESCENDANT_PROBE_PASS	0	16740	dfcc71ceb77c68546189007371d328b9579322482e321216ef47afe35c497e9f	4a7efb63b3db25ba36af13a7ef0eb218afb9c11bbf207f84465b600f8aaa57b0	832fff85926bafb632f31cf5c4c0b722bf0a94957f2b0c9c0ef15b6bbf8b4393	63e7d795fcccde09092f3278095888d25283e19391000636dc8841da2df73ccc	e3b0c44298fc1c149afbf4c8996fb92427ae41e4649b934ca495991b7852b855	bea46ab4cf4adbeda551b0c6acc48c6474aa0a07a2c563bba580618b66d2c36b	true	true	true	true	true	false	true
173	227	14	2	1	0	5	U08-0000000221_S09-0000000324	C0HORect2Set	DESCENDANT_PROBE_PASS	0	17413	5545134fd5c214c435d654b5dcc9a050b300a373a34d58020e4ad7087e4cda55	8aae9caeecab5d421cee1965775ad8918d951f6c8010c2b88ac5fda2e55d55f9	614f70c15d007b2e09139707b3678284bb7fc1a2538560dce3f63df479a8e74b	3b6156396128af98342712b331b77f6e2f32b77c564dd210af053d453a597926	e3b0c44298fc1c149afbf4c8996fb92427ae41e4649b934ca495991b7852b855	bea46ab4cf4adbeda551b0c6acc48c6474aa0a07a2c563bba580618b66d2c36b	true	true	true	true	true	false	true
174	227	14	2	1	0	5	U08-0000000221_S09-0000000324	C0Rect2Set	DESCENDANT_PROBE_PASS	0	16694	5545134fd5c214c435d654b5dcc9a050b300a373a34d58020e4ad7087e4cda55	8aae9caeecab5d421cee1965775ad8918d951f6c8010c2b88ac5fda2e55d55f9	a12f3525a9a566969651d9361e6671407745a184e64023510f7c4d561f68e714	284b715d9bc895e6522f5e4f6a5d6cd06cda31cf442297fe35c0cc639d39e893	e3b0c44298fc1c149afbf4c8996fb92427ae41e4649b934ca495991b7852b855	bea46ab4cf4adbeda551b0c6acc48c6474aa0a07a2c563bba580618b66d2c36b	true	true	true	true	true	false	true
175	227	14	2	1	1	5	U08-0000000221_S09-0000000325	C0HORect2Set	DESCENDANT_PROBE_PASS	0	17431	250a1ef1803ce7531db59682384a66b39fbc143a69221f2ae7a7a3c772ad3ab4	b8f73ad28233b17682f64ba366d6912690bd17856d3ab1027c7f0a8936c8655b	6abef26a63584f466eb654d99e88c81ef096f89ebb0dad7cd2b0ee19f1371cd9	54a40310dc49732973e65235444308d8373c1e1190f1af063b0b170dd995f02f	e3b0c44298fc1c149afbf4c8996fb92427ae41e4649b934ca495991b7852b855	bea46ab4cf4adbeda551b0c6acc48c6474aa0a07a2c563bba580618b66d2c36b	true	true	true	true	true	false	true
176	227	14	2	1	1	5	U08-0000000221_S09-0000000325	C0Rect2Set	DESCENDANT_PROBE_PASS	0	16731	250a1ef1803ce7531db59682384a66b39fbc143a69221f2ae7a7a3c772ad3ab4	b8f73ad28233b17682f64ba366d6912690bd17856d3ab1027c7f0a8936c8655b	a49d2b129d912fe6cced922b1bf56b17f9934cc0e8227a3791e8c0b637a32459	00acaed1be0aeb4f981507e7e63ad9296ddf91cf6ac0496a681958aecaac858b	e3b0c44298fc1c149afbf4c8996fb92427ae41e4649b934ca495991b7852b855	bea46ab4cf4adbeda551b0c6acc48c6474aa0a07a2c563bba580618b66d2c36b	true	true	true	true	true	false	true
177	241	15	0	0	0	5	U08-0000000222_S09-0000000320	C0HORect2Set	DESCENDANT_PROBE_PASS	0	17373	c2d0d3cce644e390a11ef4b545949a60e08c84d8a99117fe53a439778e15ab92	f1078359330106e8f05efd6ca3bc18d6fb4d4d0fd3a414d950247e3af0bf6209	59a9401d78925c38c983baa81097f4051b159cb3a0869eab9afe3e300f000c7a	ae0831814f0f7049e0c51b99a0b914b04160864da84ef57b8afe12e0fdd594a1	e3b0c44298fc1c149afbf4c8996fb92427ae41e4649b934ca495991b7852b855	bea46ab4cf4adbeda551b0c6acc48c6474aa0a07a2c563bba580618b66d2c36b	true	true	true	true	true	false	true
178	241	15	0	0	0	5	U08-0000000222_S09-0000000320	C0Rect2Set	DESCENDANT_PROBE_PASS	0	16689	c2d0d3cce644e390a11ef4b545949a60e08c84d8a99117fe53a439778e15ab92	f1078359330106e8f05efd6ca3bc18d6fb4d4d0fd3a414d950247e3af0bf6209	ecf529bd6874196eb4c0a5de3f25110f997cb52ddfdc6a87484e368d0d0f102b	e4bc5b09ae248761412a013d516bb308c89188e6fd4947b34beefeb1ba65effe	e3b0c44298fc1c149afbf4c8996fb92427ae41e4649b934ca495991b7852b855	bea46ab4cf4adbeda551b0c6acc48c6474aa0a07a2c563bba580618b66d2c36b	true	true	true	true	true	false	true
179	241	15	0	0	1	5	U08-0000000222_S09-0000000321	C0HORect2Set	DESCENDANT_PROBE_PASS	0	17392	1b07fc088c592da3f563b40b293033062c713cdda2e495a553c040df53a36f75	3cb35f76d235f874aa62e4c67fa7c94600662425a5d04bbf3ba08df7d91909b6	131eac650898463491c65243998936e154217c15e3aaf926c343bafeb6aab05e	7522e6a8544819921f224df4046c939b9cbbd872f1dd9a581491be7ca4c6acdc	e3b0c44298fc1c149afbf4c8996fb92427ae41e4649b934ca495991b7852b855	bea46ab4cf4adbeda551b0c6acc48c6474aa0a07a2c563bba580618b66d2c36b	true	true	true	true	true	false	true
180	241	15	0	0	1	5	U08-0000000222_S09-0000000321	C0Rect2Set	DESCENDANT_PROBE_PASS	0	16728	1b07fc088c592da3f563b40b293033062c713cdda2e495a553c040df53a36f75	3cb35f76d235f874aa62e4c67fa7c94600662425a5d04bbf3ba08df7d91909b6	fdb696179b2ea61f193212ed04c7a64f1568142bc2886cd5b0ccc4aa431728bb	04999d8bdb5580450571babb9a15f8f38fccc3359797eb0a8644579ecad02b18	e3b0c44298fc1c149afbf4c8996fb92427ae41e4649b934ca495991b7852b855	bea46ab4cf4adbeda551b0c6acc48c6474aa0a07a2c563bba580618b66d2c36b	true	true	true	true	true	false	true
181	241	15	0	1	0	5	U08-0000000223_S09-0000000320	C0HORect2Set	DESCENDANT_PROBE_PASS	0	17444	578b06766e6df943690c0e9f70c9f5c621d3d85a1724e9ee76d976e8eaa98b3b	c9aeab47c4a768a142b2b99f2d039fb76b4e3f8956d5668e0432d52abf7f1ac1	c05c4aaf7dfd17c481d42bdebaca5496ebe1a23b2d7b075fd0895142c8fe03f0	9f5bee817576b6d6ffe69d146c795e0f2ecf8fe1edcec2bf23eda2e675e9e116	e3b0c44298fc1c149afbf4c8996fb92427ae41e4649b934ca495991b7852b855	bea46ab4cf4adbeda551b0c6acc48c6474aa0a07a2c563bba580618b66d2c36b	true	true	true	true	true	false	true
182	241	15	0	1	0	5	U08-0000000223_S09-0000000320	C0Rect2Set	DESCENDANT_PROBE_PASS	0	16716	578b06766e6df943690c0e9f70c9f5c621d3d85a1724e9ee76d976e8eaa98b3b	c9aeab47c4a768a142b2b99f2d039fb76b4e3f8956d5668e0432d52abf7f1ac1	9838f3769b2bda1a73a8a7bcf363fbdaccdc2b7cb3f26065c99b90efb52dcc17	9553114b8f8a787e3542cc6dcdc4c37b7ae67abf64422a8ae3e0ce75d0eb1a60	e3b0c44298fc1c149afbf4c8996fb92427ae41e4649b934ca495991b7852b855	bea46ab4cf4adbeda551b0c6acc48c6474aa0a07a2c563bba580618b66d2c36b	true	true	true	true	true	false	true
183	241	15	0	1	1	5	U08-0000000223_S09-0000000321	C0HORect2Set	DESCENDANT_PROBE_PASS	0	17859	d34b2bb0132a179fadcc2d0ab1163d9a6ff3fc5ec5f3a656ef6a178f9d78d261	4ef07d1929954f6dcfb5fadc27c067b9983675e451f9eb9d6c293ecd58c475fe	3dd187ef339737867d570a96c3edd89bf7b2d2d6b59a4043bfecc56c5521a533	c4b5058bac6d48b4ccf3bd3e50d44593e12fa7d47056271f6c7df66ef1faf701	e3b0c44298fc1c149afbf4c8996fb92427ae41e4649b934ca495991b7852b855	bea46ab4cf4adbeda551b0c6acc48c6474aa0a07a2c563bba580618b66d2c36b	true	true	true	true	true	false	true
184	241	15	0	1	1	5	U08-0000000223_S09-0000000321	C0Rect2Set	DESCENDANT_PROBE_PASS	0	16767	d34b2bb0132a179fadcc2d0ab1163d9a6ff3fc5ec5f3a656ef6a178f9d78d261	4ef07d1929954f6dcfb5fadc27c067b9983675e451f9eb9d6c293ecd58c475fe	0deccf5d5be6f95daacae9cd0eb85ae9fed20649a78f39f55ea7aa9e9ecf8d8e	c27d8a7014b8e1e5b8be116fca3b852ac74a69592d4f6b1be2e208360ab9f415	e3b0c44298fc1c149afbf4c8996fb92427ae41e4649b934ca495991b7852b855	bea46ab4cf4adbeda551b0c6acc48c6474aa0a07a2c563bba580618b66d2c36b	true	true	true	true	true	false	true
185	242	15	1	0	0	5	U08-0000000222_S09-0000000322	C0HORect2Set	DESCENDANT_PROBE_PASS	0	17365	5cf72dbcb3ddb44c492aef934ce6425c295f556653ed49af27c7bbeda1874766	f2ec79291e671696d33aa08b91400d0bfa6d8bb828647541c3c7adf485ff2c90	1b9c883d4ac42e5e117c532dd6ace5ca3e439d0085470a21f701ba2ae6a8eee9	9a49a1502e2a40e8c09f3f39a6a5427e306509a4b96e30eb4b082d42971af095	e3b0c44298fc1c149afbf4c8996fb92427ae41e4649b934ca495991b7852b855	bea46ab4cf4adbeda551b0c6acc48c6474aa0a07a2c563bba580618b66d2c36b	true	true	true	true	true	false	true
186	242	15	1	0	0	5	U08-0000000222_S09-0000000322	C0Rect2Set	DESCENDANT_PROBE_PASS	0	16735	5cf72dbcb3ddb44c492aef934ce6425c295f556653ed49af27c7bbeda1874766	f2ec79291e671696d33aa08b91400d0bfa6d8bb828647541c3c7adf485ff2c90	09a32f8c4206937b01c77a6860aae24315c5da62b970868e6dd42b17b108003f	45316e1b620a5884f06bd941c0c2a8c6cdd0e405d4bb567d3411f1ef9e029334	e3b0c44298fc1c149afbf4c8996fb92427ae41e4649b934ca495991b7852b855	bea46ab4cf4adbeda551b0c6acc48c6474aa0a07a2c563bba580618b66d2c36b	true	true	true	true	true	false	true
187	242	15	1	0	1	5	U08-0000000222_S09-0000000323	C0HORect2Set	DESCENDANT_PROBE_PASS	0	17370	6a871fb7e0a9f838a67bfe3dcba0ce368f5b983cb33ba96810b503a01928f8d1	0f06afca05d11b2705013963db520dc941cde8df1b3475bba3faab3b913d8e98	e351e530fadf6e1441fe5c2380a7f52e568c5058c6228c65cb27e33c42b14322	46b7932d052754dc49bcef67bfd9df61409d4af3776a9acf66698e96f6e06ada	e3b0c44298fc1c149afbf4c8996fb92427ae41e4649b934ca495991b7852b855	bea46ab4cf4adbeda551b0c6acc48c6474aa0a07a2c563bba580618b66d2c36b	true	true	true	true	true	false	true
188	242	15	1	0	1	5	U08-0000000222_S09-0000000323	C0Rect2Set	DESCENDANT_PROBE_PASS	0	16660	6a871fb7e0a9f838a67bfe3dcba0ce368f5b983cb33ba96810b503a01928f8d1	0f06afca05d11b2705013963db520dc941cde8df1b3475bba3faab3b913d8e98	8aa0402b53fb3e67934168215bdfe94c8bc26f26dba0466379b720fe08fecf54	564a6680cfed4264c0b52b35c6c4aec7a22ab9ffb621f553a79a5e0675aad134	e3b0c44298fc1c149afbf4c8996fb92427ae41e4649b934ca495991b7852b855	bea46ab4cf4adbeda551b0c6acc48c6474aa0a07a2c563bba580618b66d2c36b	true	true	true	true	true	false	true
189	242	15	1	1	0	5	U08-0000000223_S09-0000000322	C0HORect2Set	DESCENDANT_PROBE_PASS	0	17394	b6fc8263620d0a533cd6df80704549a4c93212c6eba896762374c03a3347d21b	ad634b7da79c92a8aaa1f54a9609f69f7aac06f0ecc219ca680768960e433af4	d6a144a41063bda917536e9f8955e5ef840268280e8387a8eadbdac895dd2ac3	d7348406725c57005e087a0a598882f7e42096c3f567736ce070689d76d0862d	e3b0c44298fc1c149afbf4c8996fb92427ae41e4649b934ca495991b7852b855	bea46ab4cf4adbeda551b0c6acc48c6474aa0a07a2c563bba580618b66d2c36b	true	true	true	true	true	false	true
190	242	15	1	1	0	5	U08-0000000223_S09-0000000322	C0Rect2Set	DESCENDANT_PROBE_PASS	0	16737	b6fc8263620d0a533cd6df80704549a4c93212c6eba896762374c03a3347d21b	ad634b7da79c92a8aaa1f54a9609f69f7aac06f0ecc219ca680768960e433af4	7f33785eafec805cb33b704233f9416afa92a4a0150c8201843c36e45c5ed31e	171bef180697395a871714d0be539855cf8a8ba518cefa4bcd93370faed253e7	e3b0c44298fc1c149afbf4c8996fb92427ae41e4649b934ca495991b7852b855	bea46ab4cf4adbeda551b0c6acc48c6474aa0a07a2c563bba580618b66d2c36b	true	true	true	true	true	false	true
191	242	15	1	1	1	5	U08-0000000223_S09-0000000323	C0HORect2Set	DESCENDANT_PROBE_PASS	0	17418	df5692782c085a16537ac95b3f9a2a2143cc4e07d7d2beebec321b054297703a	9b09138dca2f126bc1587dba8e57b7823feba8f0cf631e35f4d8e023a3e687dc	5f5cbcc8990c709e618d1a2367151451fd2c430e962dc6f7f96e689585627429	1ad7fb3c253d28d6c8556fd8316786786c89629690a91ab91b87965f5e95d648	e3b0c44298fc1c149afbf4c8996fb92427ae41e4649b934ca495991b7852b855	bea46ab4cf4adbeda551b0c6acc48c6474aa0a07a2c563bba580618b66d2c36b	true	true	true	true	true	false	true
192	242	15	1	1	1	5	U08-0000000223_S09-0000000323	C0Rect2Set	DESCENDANT_PROBE_PASS	0	16769	df5692782c085a16537ac95b3f9a2a2143cc4e07d7d2beebec321b054297703a	9b09138dca2f126bc1587dba8e57b7823feba8f0cf631e35f4d8e023a3e687dc	aaa239871c0f43ced33887f34deab82525be70ecce869b22e74659d2aae51a1e	f3b60afa107bee0e772394d68e4b05e16959b0b99cdf873567dc4d67452b8852	e3b0c44298fc1c149afbf4c8996fb92427ae41e4649b934ca495991b7852b855	bea46ab4cf4adbeda551b0c6acc48c6474aa0a07a2c563bba580618b66d2c36b	true	true	true	true	true	false	true
193	243	15	2	0	0	5	U08-0000000222_S09-0000000324	C0HORect2Set	DESCENDANT_PROBE_PASS	0	17709	8fc7e7ca89ab63d5e34ee525adf2b75fed7801666689de4e429454310bc386b3	a1f511a215f8df6eba61357b8bb8762b29b423fb6e02285b4db1469c5dba3bd8	47dc883344e611d39e53aa8c13413651bb1d5bf04c4183b96bc1b24ce2876637	ff35b833e95370cbcf6d70f75fd7da31240e3ff1a4663c8683eac344ec97ab9e	e3b0c44298fc1c149afbf4c8996fb92427ae41e4649b934ca495991b7852b855	bea46ab4cf4adbeda551b0c6acc48c6474aa0a07a2c563bba580618b66d2c36b	true	true	true	true	true	false	true
194	243	15	2	0	0	5	U08-0000000222_S09-0000000324	C0Rect2Set	DESCENDANT_PROBE_PASS	0	16679	8fc7e7ca89ab63d5e34ee525adf2b75fed7801666689de4e429454310bc386b3	a1f511a215f8df6eba61357b8bb8762b29b423fb6e02285b4db1469c5dba3bd8	0db2303111e4475decdb56d52b94b7be4999690b3c854b993d3b92d998b56f34	2297dcd0f2418731b108747cf958bec2693d2bf47c81ccd129f90f370583a133	e3b0c44298fc1c149afbf4c8996fb92427ae41e4649b934ca495991b7852b855	bea46ab4cf4adbeda551b0c6acc48c6474aa0a07a2c563bba580618b66d2c36b	true	true	true	true	true	false	true
195	243	15	2	0	1	5	U08-0000000222_S09-0000000325	C0HORect2Set	DESCENDANT_PROBE_PASS	0	17407	b6fc847e0c87a7187fdfecc2dfd864d2cea0a52c240ddd0b65ad70f1891f6236	4652477f08dea40747c008bf55904ca2d7b56a65d54092c0f5fcde7b39bbc717	bcfe18609d24c04ac644fd0883cb97b27e4231fce6c7d4c3e4adb58c7b5575cf	5e7925f00ae1fb7dd83293c345711da0e4185fd5dc05c9810182ede4a206cd46	e3b0c44298fc1c149afbf4c8996fb92427ae41e4649b934ca495991b7852b855	bea46ab4cf4adbeda551b0c6acc48c6474aa0a07a2c563bba580618b66d2c36b	true	true	true	true	true	false	true
196	243	15	2	0	1	5	U08-0000000222_S09-0000000325	C0Rect2Set	DESCENDANT_PROBE_PASS	0	16653	b6fc847e0c87a7187fdfecc2dfd864d2cea0a52c240ddd0b65ad70f1891f6236	4652477f08dea40747c008bf55904ca2d7b56a65d54092c0f5fcde7b39bbc717	af3f69bedf22b6583b86ad9b4193c7d5280118dcde9ea06c8f9e0f20b0274d2e	774b6346a551b4a7ec41850046215491f9ecca33b4e6e1c2006e60f675417367	e3b0c44298fc1c149afbf4c8996fb92427ae41e4649b934ca495991b7852b855	bea46ab4cf4adbeda551b0c6acc48c6474aa0a07a2c563bba580618b66d2c36b	true	true	true	true	true	false	true
197	243	15	2	1	0	5	U08-0000000223_S09-0000000324	C0HORect2Set	DESCENDANT_PROBE_PASS	0	17348	b256cf4163e194b39860021cd91bd6a284194e20f943f72fd7e99d7d93c90eae	b38bd8f2f8a50ae42902a40364b28a1717243b0d820a70dee834733db8afac5b	15e5b74b36a9e47c4a4687250c45512671e6f6c794081e54cc893371b453b69f	8acec3b34d40fe85034b00b2854d8d396129d41f0651c1ee778f3ecdcd6ccd6a	e3b0c44298fc1c149afbf4c8996fb92427ae41e4649b934ca495991b7852b855	bea46ab4cf4adbeda551b0c6acc48c6474aa0a07a2c563bba580618b66d2c36b	true	true	true	true	true	false	true
198	243	15	2	1	0	5	U08-0000000223_S09-0000000324	C0Rect2Set	DESCENDANT_PROBE_PASS	0	16664	b256cf4163e194b39860021cd91bd6a284194e20f943f72fd7e99d7d93c90eae	b38bd8f2f8a50ae42902a40364b28a1717243b0d820a70dee834733db8afac5b	5beddf9516286384ec244ce2ff7eedb72016ad3f441d4c890069c677106fc0b5	e9ef19f60ec6541656ee87d109de46e22eea640d9f1e7c5c0813dc2f00ef6b7e	e3b0c44298fc1c149afbf4c8996fb92427ae41e4649b934ca495991b7852b855	bea46ab4cf4adbeda551b0c6acc48c6474aa0a07a2c563bba580618b66d2c36b	true	true	true	true	true	false	true
199	243	15	2	1	1	5	U08-0000000223_S09-0000000325	C0HORect2Set	DESCENDANT_PROBE_PASS	0	17385	0e8be43c736fc8431924042021fb39cb4f94711c90bb93fc7684279044601f3a	68556dd6ce10a511abe2a2b7360636eceda337da06f0faaf9df47704ef1e0300	a235fbfeec0537ca59ff04635cf16c89ab7a5255b3deba8d6ef04576802cab2f	752e232191c20d11ddd4557865e846c3fd21f6a16168b1b255eff9810fd3a25e	e3b0c44298fc1c149afbf4c8996fb92427ae41e4649b934ca495991b7852b855	bea46ab4cf4adbeda551b0c6acc48c6474aa0a07a2c563bba580618b66d2c36b	true	true	true	true	true	false	true
200	243	15	2	1	1	5	U08-0000000223_S09-0000000325	C0Rect2Set	DESCENDANT_PROBE_PASS	0	16651	0e8be43c736fc8431924042021fb39cb4f94711c90bb93fc7684279044601f3a	68556dd6ce10a511abe2a2b7360636eceda337da06f0faaf9df47704ef1e0300	052f196e35c5778e679c7fb3e89a909018735be438a36d59365037397ea23600	d65aa4cb4ba8f9ad4c230484e10c613f1d0c80a8857469c43d56454a918ececa	e3b0c44298fc1c149afbf4c8996fb92427ae41e4649b934ca495991b7852b855	bea46ab4cf4adbeda551b0c6acc48c6474aa0a07a2c563bba580618b66d2c36b	true	true	true	true	true	false	true
