model	seed	fold_id	val_fold_id	triple_id	anchor_group	fano	target	prediction	abs_error	assoc_norm	cases	temporal
symmetric_linear	deterministic	0	1	CYP1A2__CYP2B6__CYP2C19	CYP1A2	1	0.2173	0.19654721281600654	0.020752787183993454	0.0	1568	336
symmetric_linear	deterministic	0	1	CYP1A2__CYP2B6__CYP2D6	CYP1A2	0	0.1709	0.1868822482389458	0.015982248238945812	2.0	1832	351
symmetric_linear	deterministic	0	1	CYP1A2__CYP2C8__CYP2C19	CYP1A2	0	0.4638	0.23079336944552883	0.23300663055447116	2.0	363	138
symmetric_linear	deterministic	0	1	CYP1A2__CYP2C9__CYP2D6	CYP1A2	0	0.0088	0.16240757437292813	0.15360757437292813	2.0	3674	914
symmetric_linear	deterministic	0	1	CYP2C19__CYP2D6__CYP3A4	CYP2C19	0	0.1006	0.11855878688122329	0.017958786881223293	2.0	9715	2206
symmetric_linear	deterministic	0	1	CYP2C9__CYP2B6__CYP2C19	CYP2C9	0	0.2184	0.16380896569475772	0.054591034305242286	2.0	1766	522
symmetric_linear	deterministic	0	1	CYP2C9__CYP2B6__CYP2D6	CYP2C9	1	0.3113	0.15110798971318176	0.16019201028681826	2.0	2049	379
symmetric_linear	deterministic	0	1	CYP2C9__CYP2C8__CYP2D6	CYP2C9	0	0.0235	0.16251329948950427	0.13901329948950428	2.0	686	170
ordered_linear	deterministic	0	1	CYP1A2__CYP2B6__CYP2C19	CYP1A2	1	0.2173	0.2441655859688826	0.02686558596888261	0.0	1568	336
ordered_linear	deterministic	0	1	CYP1A2__CYP2B6__CYP2D6	CYP1A2	0	0.1709	0.3303120113046547	0.1594120113046547	2.0	1832	351
ordered_linear	deterministic	0	1	CYP1A2__CYP2C8__CYP2C19	CYP1A2	0	0.4638	0.3185599076012059	0.1452400923987941	2.0	363	138
ordered_linear	deterministic	0	1	CYP1A2__CYP2C9__CYP2D6	CYP1A2	0	0.0088	0.0783468019354272	0.0695468019354272	2.0	3674	914
ordered_linear	deterministic	0	1	CYP2C19__CYP2D6__CYP3A4	CYP2C19	0	0.1006	0.14591257217928424	0.04531257217928425	2.0	9715	2206
ordered_linear	deterministic	0	1	CYP2C9__CYP2B6__CYP2C19	CYP2C9	0	0.2184	0.1453857553842755	0.0730142446157245	2.0	1766	522
ordered_linear	deterministic	0	1	CYP2C9__CYP2B6__CYP2D6	CYP2C9	1	0.3113	0.17320487216355734	0.13809512783644268	2.0	2049	379
ordered_linear	deterministic	0	1	CYP2C9__CYP2C8__CYP2D6	CYP2C9	0	0.0235	0.18583672972303858	0.1623367297230386	2.0	686	170
h_ssm	55555	0	1	CYP1A2__CYP2B6__CYP2C19	CYP1A2	1	0.2173	0.16582769049660823	0.05147230950339177	0.0	1568	336
h_ssm	55555	0	1	CYP1A2__CYP2B6__CYP2D6	CYP1A2	0	0.1709	0.16530707065659472	0.005592929343405273	2.0	1832	351
h_ssm	55555	0	1	CYP1A2__CYP2C8__CYP2C19	CYP1A2	0	0.4638	0.20580826202586866	0.25799173797413133	2.0	363	138
h_ssm	55555	0	1	CYP1A2__CYP2C9__CYP2D6	CYP1A2	0	0.0088	0.16644509458046447	0.15764509458046447	2.0	3674	914
h_ssm	55555	0	1	CYP2C19__CYP2D6__CYP3A4	CYP2C19	0	0.1006	0.0961654771466068	0.0044345228533932	2.0	9715	2206
h_ssm	55555	0	1	CYP2C9__CYP2B6__CYP2C19	CYP2C9	0	0.2184	0.15335775733213372	0.06504224266786629	2.0	1766	522
h_ssm	55555	0	1	CYP2C9__CYP2B6__CYP2D6	CYP2C9	1	0.3113	0.1548706963624889	0.15642930363751112	2.0	2049	379
h_ssm	55555	0	1	CYP2C9__CYP2C8__CYP2D6	CYP2C9	0	0.0235	0.1811263540039419	0.1576263540039419	2.0	686	170
h_ssm	11111	0	1	CYP1A2__CYP2B6__CYP2C19	CYP1A2	1	0.2173	0.16871553510660833	0.04858446489339166	0.0	1568	336
h_ssm	11111	0	1	CYP1A2__CYP2B6__CYP2D6	CYP1A2	0	0.1709	0.16634136063165525	0.004558639368344747	2.0	1832	351
h_ssm	11111	0	1	CYP1A2__CYP2C8__CYP2C19	CYP1A2	0	0.4638	0.20786577006983545	0.25593422993016457	2.0	363	138
h_ssm	11111	0	1	CYP1A2__CYP2C9__CYP2D6	CYP1A2	0	0.0088	0.16367785326482104	0.15487785326482104	2.0	3674	914
h_ssm	11111	0	1	CYP2C19__CYP2D6__CYP3A4	CYP2C19	0	0.1006	0.10825928430613607	0.007659284306136077	2.0	9715	2206
h_ssm	11111	0	1	CYP2C9__CYP2B6__CYP2C19	CYP2C9	0	0.2184	0.1564837440401539	0.06191625595984612	2.0	1766	522
h_ssm	11111	0	1	CYP2C9__CYP2B6__CYP2D6	CYP2C9	1	0.3113	0.1560934742731773	0.15520652572682272	2.0	2049	379
h_ssm	11111	0	1	CYP2C9__CYP2C8__CYP2D6	CYP2C9	0	0.0235	0.1776858873769243	0.15418588737692432	2.0	686	170
h_ssm	99887	0	1	CYP1A2__CYP2B6__CYP2C19	CYP1A2	1	0.2173	0.18264590306144662	0.03465409693855337	0.0	1568	336
h_ssm	99887	0	1	CYP1A2__CYP2B6__CYP2D6	CYP1A2	0	0.1709	0.17839015979081796	0.007490159790817963	2.0	1832	351
h_ssm	99887	0	1	CYP1A2__CYP2C8__CYP2C19	CYP1A2	0	0.4638	0.21545450952531472	0.24834549047468527	2.0	363	138
h_ssm	99887	0	1	CYP1A2__CYP2C9__CYP2D6	CYP1A2	0	0.0088	0.15818658045893758	0.14938658045893757	2.0	3674	914
h_ssm	99887	0	1	CYP2C19__CYP2D6__CYP3A4	CYP2C19	0	0.1006	0.11197774522554865	0.011377745225548658	2.0	9715	2206
h_ssm	99887	0	1	CYP2C9__CYP2B6__CYP2C19	CYP2C9	0	0.2184	0.17185929055823695	0.046540709441763056	2.0	1766	522
h_ssm	99887	0	1	CYP2C9__CYP2B6__CYP2D6	CYP2C9	1	0.3113	0.16827355589090084	0.14302644410909918	2.0	2049	379
h_ssm	99887	0	1	CYP2C9__CYP2C8__CYP2D6	CYP2C9	0	0.0235	0.1722325590296091	0.1487325590296091	2.0	686	170
h_ssm	22222	0	1	CYP1A2__CYP2B6__CYP2C19	CYP1A2	1	0.2173	0.14277064416749286	0.07452935583250714	0.0	1568	336
h_ssm	22222	0	1	CYP1A2__CYP2B6__CYP2D6	CYP1A2	0	0.1709	0.1883538252678485	0.0174538252678485	2.0	1832	351
h_ssm	22222	0	1	CYP1A2__CYP2C8__CYP2C19	CYP1A2	0	0.4638	0.19783894658730744	0.26596105341269255	2.0	363	138
h_ssm	22222	0	1	CYP1A2__CYP2C9__CYP2D6	CYP1A2	0	0.0088	0.17526035041108792	0.16646035041108792	2.0	3674	914
h_ssm	22222	0	1	CYP2C19__CYP2D6__CYP3A4	CYP2C19	0	0.1006	0.1063202832940017	0.0057202832940017045	2.0	9715	2206
h_ssm	22222	0	1	CYP2C9__CYP2B6__CYP2C19	CYP2C9	0	0.2184	0.13169769369032103	0.08670230630967898	2.0	1766	522
h_ssm	22222	0	1	CYP2C9__CYP2B6__CYP2D6	CYP2C9	1	0.3113	0.17854307216789192	0.1327569278321081	2.0	2049	379
h_ssm	22222	0	1	CYP2C9__CYP2C8__CYP2D6	CYP2C9	0	0.0235	0.18665156939010805	0.16315156939010805	2.0	686	170
h_ssm	44444	0	1	CYP1A2__CYP2B6__CYP2C19	CYP1A2	1	0.2173	0.17222937959520393	0.04507062040479606	0.0	1568	336
h_ssm	44444	0	1	CYP1A2__CYP2B6__CYP2D6	CYP1A2	0	0.1709	0.16834331119906146	0.002556688800938539	2.0	1832	351
h_ssm	44444	0	1	CYP1A2__CYP2C8__CYP2C19	CYP1A2	0	0.4638	0.2035216834110318	0.26027831658896816	2.0	363	138
h_ssm	44444	0	1	CYP1A2__CYP2C9__CYP2D6	CYP1A2	0	0.0088	0.16028309199823107	0.15148309199823107	2.0	3674	914
h_ssm	44444	0	1	CYP2C19__CYP2D6__CYP3A4	CYP2C19	0	0.1006	0.10526470629642651	0.004664706296426513	2.0	9715	2206
h_ssm	44444	0	1	CYP2C9__CYP2B6__CYP2C19	CYP2C9	0	0.2184	0.1581072199038553	0.06029278009614472	2.0	1766	522
h_ssm	44444	0	1	CYP2C9__CYP2B6__CYP2D6	CYP2C9	1	0.3113	0.15668224957122567	0.15461775042877435	2.0	2049	379
h_ssm	44444	0	1	CYP2C9__CYP2C8__CYP2D6	CYP2C9	0	0.0235	0.17528951426875522	0.15178951426875523	2.0	686	170
h_ssm	66666	0	1	CYP1A2__CYP2B6__CYP2C19	CYP1A2	1	0.2173	0.1804881657913902	0.036811834208609784	0.0	1568	336
h_ssm	66666	0	1	CYP1A2__CYP2B6__CYP2D6	CYP1A2	0	0.1709	0.16546693120797543	0.00543306879202457	2.0	1832	351
h_ssm	66666	0	1	CYP1A2__CYP2C8__CYP2C19	CYP1A2	0	0.4638	0.20883896099031246	0.25496103900968753	2.0	363	138
h_ssm	66666	0	1	CYP1A2__CYP2C9__CYP2D6	CYP1A2	0	0.0088	0.1574559278767351	0.1486559278767351	2.0	3674	914
h_ssm	66666	0	1	CYP2C19__CYP2D6__CYP3A4	CYP2C19	0	0.1006	0.11352302150220109	0.012923021502201093	2.0	9715	2206
h_ssm	66666	0	1	CYP2C9__CYP2B6__CYP2C19	CYP2C9	0	0.2184	0.16651138583681774	0.05188861416318227	2.0	1766	522
h_ssm	66666	0	1	CYP2C9__CYP2B6__CYP2D6	CYP2C9	1	0.3113	0.15426867649959874	0.15703132350040128	2.0	2049	379
h_ssm	66666	0	1	CYP2C9__CYP2C8__CYP2D6	CYP2C9	0	0.0235	0.17275731566170632	0.14925731566170633	2.0	686	170
h_ssm	77777	0	1	CYP1A2__CYP2B6__CYP2C19	CYP1A2	1	0.2173	0.16226726863173593	0.05503273136826406	0.0	1568	336
h_ssm	77777	0	1	CYP1A2__CYP2B6__CYP2D6	CYP1A2	0	0.1709	0.19089412617346532	0.019994126173465326	2.0	1832	351
h_ssm	77777	0	1	CYP1A2__CYP2C8__CYP2C19	CYP1A2	0	0.4638	0.2090661600558219	0.2547338399441781	2.0	363	138
h_ssm	77777	0	1	CYP1A2__CYP2C9__CYP2D6	CYP1A2	0	0.0088	0.16922722712588836	0.16042722712588836	2.0	3674	914
h_ssm	77777	0	1	CYP2C19__CYP2D6__CYP3A4	CYP2C19	0	0.1006	0.12115975260996702	0.020559752609967022	2.0	9715	2206
h_ssm	77777	0	1	CYP2C9__CYP2B6__CYP2C19	CYP2C9	0	0.2184	0.154098071802048	0.06430192819795202	2.0	1766	522
h_ssm	77777	0	1	CYP2C9__CYP2B6__CYP2D6	CYP2C9	1	0.3113	0.18237037381982557	0.12892962618017445	2.0	2049	379
h_ssm	77777	0	1	CYP2C9__CYP2C8__CYP2D6	CYP2C9	0	0.0235	0.18116662119183996	0.15766662119183997	2.0	686	170
h_ssm	88888	0	1	CYP1A2__CYP2B6__CYP2C19	CYP1A2	1	0.2173	0.17886149587043199	0.03843850412956801	0.0	1568	336
h_ssm	88888	0	1	CYP1A2__CYP2B6__CYP2D6	CYP1A2	0	0.1709	0.16766212891229712	0.003237871087702876	2.0	1832	351
h_ssm	88888	0	1	CYP1A2__CYP2C8__CYP2C19	CYP1A2	0	0.4638	0.21235185419893415	0.25144814580106584	2.0	363	138
h_ssm	88888	0	1	CYP1A2__CYP2C9__CYP2D6	CYP1A2	0	0.0088	0.161009718735755	0.152209718735755	2.0	3674	914
h_ssm	88888	0	1	CYP2C19__CYP2D6__CYP3A4	CYP2C19	0	0.1006	0.09686384058962828	0.0037361594103717116	2.0	9715	2206
h_ssm	88888	0	1	CYP2C9__CYP2B6__CYP2C19	CYP2C9	0	0.2184	0.16756366636184802	0.05083633363815199	2.0	1766	522
h_ssm	88888	0	1	CYP2C9__CYP2B6__CYP2D6	CYP2C9	1	0.3113	0.15762299054627257	0.15367700945372745	2.0	2049	379
h_ssm	88888	0	1	CYP2C9__CYP2C8__CYP2D6	CYP2C9	0	0.0235	0.17535039471815547	0.15185039471815548	2.0	686	170
h_ssm	33333	0	1	CYP1A2__CYP2B6__CYP2C19	CYP1A2	1	0.2173	0.14954749005227536	0.06775250994772464	0.0	1568	336
h_ssm	33333	0	1	CYP1A2__CYP2B6__CYP2D6	CYP1A2	0	0.1709	0.19125020337176848	0.020350203371768488	2.0	1832	351
h_ssm	33333	0	1	CYP1A2__CYP2C8__CYP2C19	CYP1A2	0	0.4638	0.20340600784990748	0.2603939921500925	2.0	363	138
h_ssm	33333	0	1	CYP1A2__CYP2C9__CYP2D6	CYP1A2	0	0.0088	0.17196151203914148	0.16316151203914148	2.0	3674	914
h_ssm	33333	0	1	CYP2C19__CYP2D6__CYP3A4	CYP2C19	0	0.1006	0.12647715385912262	0.02587715385912262	2.0	9715	2206
h_ssm	33333	0	1	CYP2C9__CYP2B6__CYP2C19	CYP2C9	0	0.2184	0.1405646915092971	0.07783530849070291	2.0	1766	522
h_ssm	33333	0	1	CYP2C9__CYP2B6__CYP2D6	CYP2C9	1	0.3113	0.18259079228995923	0.1287092077100408	2.0	2049	379
h_ssm	33333	0	1	CYP2C9__CYP2C8__CYP2D6	CYP2C9	0	0.0235	0.18318482389809365	0.15968482389809366	2.0	686	170
h_ssm	12321	0	1	CYP1A2__CYP2B6__CYP2C19	CYP1A2	1	0.2173	0.17524128109105871	0.04205871890894128	0.0	1568	336
h_ssm	12321	0	1	CYP1A2__CYP2B6__CYP2D6	CYP1A2	0	0.1709	0.1788862990738488	0.00798629907384879	2.0	1832	351
h_ssm	12321	0	1	CYP1A2__CYP2C8__CYP2C19	CYP1A2	0	0.4638	0.21196350961433963	0.25183649038566036	2.0	363	138
h_ssm	12321	0	1	CYP1A2__CYP2C9__CYP2D6	CYP1A2	0	0.0088	0.16175966454853702	0.15295966454853702	2.0	3674	914
h_ssm	12321	0	1	CYP2C19__CYP2D6__CYP3A4	CYP2C19	0	0.1006	0.09620134246396275	0.004398657536037243	2.0	9715	2206
h_ssm	12321	0	1	CYP2C9__CYP2B6__CYP2C19	CYP2C9	0	0.2184	0.16255363225069838	0.05584636774930163	2.0	1766	522
h_ssm	12321	0	1	CYP2C9__CYP2B6__CYP2D6	CYP2C9	1	0.3113	0.16833935130109523	0.1429606486989048	2.0	2049	379
h_ssm	12321	0	1	CYP2C9__CYP2C8__CYP2D6	CYP2C9	0	0.0235	0.1766064320043288	0.1531064320043288	2.0	686	170
h_ssm	24680	0	1	CYP1A2__CYP2B6__CYP2C19	CYP1A2	1	0.2173	0.14017988223411526	0.07712011776588473	0.0	1568	336
h_ssm	24680	0	1	CYP1A2__CYP2B6__CYP2D6	CYP1A2	0	0.1709	0.1872239307610424	0.01632393076104241	2.0	1832	351
h_ssm	24680	0	1	CYP1A2__CYP2C8__CYP2C19	CYP1A2	0	0.4638	0.19341446936236767	0.2703855306376323	2.0	363	138
h_ssm	24680	0	1	CYP1A2__CYP2C9__CYP2D6	CYP1A2	0	0.0088	0.17194833820402816	0.16314833820402816	2.0	3674	914
h_ssm	24680	0	1	CYP2C19__CYP2D6__CYP3A4	CYP2C19	0	0.1006	0.12870992687802055	0.028109926878020552	2.0	9715	2206
h_ssm	24680	0	1	CYP2C9__CYP2B6__CYP2C19	CYP2C9	0	0.2184	0.12967700814745156	0.08872299185254845	2.0	1766	522
h_ssm	24680	0	1	CYP2C9__CYP2B6__CYP2D6	CYP2C9	1	0.3113	0.17745149290083612	0.1338485070991639	2.0	2049	379
h_ssm	24680	0	1	CYP2C9__CYP2C8__CYP2D6	CYP2C9	0	0.0235	0.1834508875471266	0.1599508875471266	2.0	686	170
h_ssm	13579	0	1	CYP1A2__CYP2B6__CYP2C19	CYP1A2	1	0.2173	0.14308281915926951	0.07421718084073048	0.0	1568	336
h_ssm	13579	0	1	CYP1A2__CYP2B6__CYP2D6	CYP1A2	0	0.1709	0.19029290199308865	0.019392901993088657	2.0	1832	351
h_ssm	13579	0	1	CYP1A2__CYP2C8__CYP2C19	CYP1A2	0	0.4638	0.19869772404435407	0.26510227595564595	2.0	363	138
h_ssm	13579	0	1	CYP1A2__CYP2C9__CYP2D6	CYP1A2	0	0.0088	0.1736798736483921	0.1648798736483921	2.0	3674	914
h_ssm	13579	0	1	CYP2C19__CYP2D6__CYP3A4	CYP2C19	0	0.1006	0.12165940213182931	0.021059402131829316	2.0	9715	2206
h_ssm	13579	0	1	CYP2C9__CYP2B6__CYP2C19	CYP2C9	0	0.2184	0.13343048639411867	0.08496951360588134	2.0	1766	522
h_ssm	13579	0	1	CYP2C9__CYP2B6__CYP2D6	CYP2C9	1	0.3113	0.18102811383165962	0.1302718861683404	2.0	2049	379
h_ssm	13579	0	1	CYP2C9__CYP2C8__CYP2D6	CYP2C9	0	0.0235	0.18470098180861938	0.1612009818086194	2.0	686	170
h_ssm	54321	0	1	CYP1A2__CYP2B6__CYP2C19	CYP1A2	1	0.2173	0.1719765415485049	0.0453234584514951	0.0	1568	336
h_ssm	54321	0	1	CYP1A2__CYP2B6__CYP2D6	CYP1A2	0	0.1709	0.159917222478397	0.01098277752160301	2.0	1832	351
h_ssm	54321	0	1	CYP1A2__CYP2C8__CYP2C19	CYP1A2	0	0.4638	0.20757401794849634	0.25622598205150365	2.0	363	138
h_ssm	54321	0	1	CYP1A2__CYP2C9__CYP2D6	CYP1A2	0	0.0088	0.16394509839316346	0.15514509839316346	2.0	3674	914
h_ssm	54321	0	1	CYP2C19__CYP2D6__CYP3A4	CYP2C19	0	0.1006	0.10305896582841159	0.0024589658284115967	2.0	9715	2206
h_ssm	54321	0	1	CYP2C9__CYP2B6__CYP2C19	CYP2C9	0	0.2184	0.15920676953546564	0.05919323046453437	2.0	1766	522
h_ssm	54321	0	1	CYP2C9__CYP2B6__CYP2D6	CYP2C9	1	0.3113	0.14959741001748936	0.16170258998251066	2.0	2049	379
h_ssm	54321	0	1	CYP2C9__CYP2C8__CYP2D6	CYP2C9	0	0.0235	0.17901765607819245	0.15551765607819246	2.0	686	170
h_ssm	67890	0	1	CYP1A2__CYP2B6__CYP2C19	CYP1A2	1	0.2173	0.1842620904516276	0.03303790954837238	0.0	1568	336
h_ssm	67890	0	1	CYP1A2__CYP2B6__CYP2D6	CYP1A2	0	0.1709	0.17424475838019768	0.003344758380197682	2.0	1832	351
h_ssm	67890	0	1	CYP1A2__CYP2C8__CYP2C19	CYP1A2	0	0.4638	0.21809082189121498	0.245709178108785	2.0	363	138
h_ssm	67890	0	1	CYP1A2__CYP2C9__CYP2D6	CYP1A2	0	0.0088	0.15542205811239576	0.14662205811239576	2.0	3674	914
h_ssm	67890	0	1	CYP2C19__CYP2D6__CYP3A4	CYP2C19	0	0.1006	0.1130438700638012	0.01244387006380121	2.0	9715	2206
h_ssm	67890	0	1	CYP2C9__CYP2B6__CYP2C19	CYP2C9	0	0.2184	0.17374067989431474	0.04465932010568527	2.0	1766	522
h_ssm	67890	0	1	CYP2C9__CYP2B6__CYP2D6	CYP2C9	1	0.3113	0.16438622542191525	0.14691377457808477	2.0	2049	379
h_ssm	67890	0	1	CYP2C9__CYP2C8__CYP2D6	CYP2C9	0	0.0235	0.1691628124223673	0.1456628124223673	2.0	686	170
h_ssm	11223	0	1	CYP1A2__CYP2B6__CYP2C19	CYP1A2	1	0.2173	0.1890053828182547	0.02829461718174528	0.0	1568	336
h_ssm	11223	0	1	CYP1A2__CYP2B6__CYP2D6	CYP1A2	0	0.1709	0.16745031930364154	0.0034496806963584536	2.0	1832	351
h_ssm	11223	0	1	CYP1A2__CYP2C8__CYP2C19	CYP1A2	0	0.4638	0.21647966342045133	0.24732033657954866	2.0	363	138
h_ssm	11223	0	1	CYP1A2__CYP2C9__CYP2D6	CYP1A2	0	0.0088	0.1561311844464208	0.1473311844464208	2.0	3674	914
h_ssm	11223	0	1	CYP2C19__CYP2D6__CYP3A4	CYP2C19	0	0.1006	0.10717744144815598	0.006577441448155988	2.0	9715	2206
h_ssm	11223	0	1	CYP2C9__CYP2B6__CYP2C19	CYP2C9	0	0.2184	0.17697330547208331	0.041426694527916696	2.0	1766	522
h_ssm	11223	0	1	CYP2C9__CYP2B6__CYP2D6	CYP2C9	1	0.3113	0.15706092405144922	0.1542390759485508	2.0	2049	379
h_ssm	11223	0	1	CYP2C9__CYP2C8__CYP2D6	CYP2C9	0	0.0235	0.17087763884925825	0.14737763884925825	2.0	686	170
h_ssm	44567	0	1	CYP1A2__CYP2B6__CYP2C19	CYP1A2	1	0.2173	0.17515065273169442	0.042149347268305576	0.0	1568	336
h_ssm	44567	0	1	CYP1A2__CYP2B6__CYP2D6	CYP1A2	0	0.1709	0.17710712631280856	0.006207126312808564	2.0	1832	351
h_ssm	44567	0	1	CYP1A2__CYP2C8__CYP2C19	CYP1A2	0	0.4638	0.20895438378149994	0.25484561621850005	2.0	363	138
h_ssm	44567	0	1	CYP1A2__CYP2C9__CYP2D6	CYP1A2	0	0.0088	0.16442769454663905	0.15562769454663905	2.0	3674	914
h_ssm	44567	0	1	CYP2C19__CYP2D6__CYP3A4	CYP2C19	0	0.1006	0.0861846323271277	0.014415367672872298	2.0	9715	2206
h_ssm	44567	0	1	CYP2C9__CYP2B6__CYP2C19	CYP2C9	0	0.2184	0.16301636291573696	0.055383637084263054	2.0	1766	522
h_ssm	44567	0	1	CYP2C9__CYP2B6__CYP2D6	CYP2C9	1	0.3113	0.16616119401315338	0.14513880598684664	2.0	2049	379
h_ssm	44567	0	1	CYP2C9__CYP2C8__CYP2D6	CYP2C9	0	0.0235	0.17907508034517403	0.15557508034517403	2.0	686	170
h_ssm	77889	0	1	CYP1A2__CYP2B6__CYP2C19	CYP1A2	1	0.2173	0.1629564952659942	0.05434350473400579	0.0	1568	336
h_ssm	77889	0	1	CYP1A2__CYP2B6__CYP2D6	CYP1A2	0	0.1709	0.168630672337036	0.0022693276629640047	2.0	1832	351
h_ssm	77889	0	1	CYP1A2__CYP2C8__CYP2C19	CYP1A2	0	0.4638	0.2043206863203612	0.2594793136796388	2.0	363	138
h_ssm	77889	0	1	CYP1A2__CYP2C9__CYP2D6	CYP1A2	0	0.0088	0.1676400456363125	0.1588400456363125	2.0	3674	914
h_ssm	77889	0	1	CYP2C19__CYP2D6__CYP3A4	CYP2C19	0	0.1006	0.09248974926855558	0.008110250731444418	2.0	9715	2206
h_ssm	77889	0	1	CYP2C9__CYP2B6__CYP2C19	CYP2C9	0	0.2184	0.15048199653314973	0.06791800346685029	2.0	1766	522
h_ssm	77889	0	1	CYP2C9__CYP2B6__CYP2D6	CYP2C9	1	0.3113	0.15796404117744525	0.15333595882255477	2.0	2049	379
h_ssm	77889	0	1	CYP2C9__CYP2C8__CYP2D6	CYP2C9	0	0.0235	0.1822185175450495	0.1587185175450495	2.0	686	170
h_ssm	99001	0	1	CYP1A2__CYP2B6__CYP2C19	CYP1A2	1	0.2173	0.176712431526047	0.040587568473953006	0.0	1568	336
h_ssm	99001	0	1	CYP1A2__CYP2B6__CYP2D6	CYP1A2	0	0.1709	0.18077967270594836	0.009879672705948361	2.0	1832	351
h_ssm	99001	0	1	CYP1A2__CYP2C8__CYP2C19	CYP1A2	0	0.4638	0.21117564057977253	0.25262435942022743	2.0	363	138
h_ssm	99001	0	1	CYP1A2__CYP2C9__CYP2D6	CYP1A2	0	0.0088	0.15907963155498656	0.15027963155498655	2.0	3674	914
h_ssm	99001	0	1	CYP2C19__CYP2D6__CYP3A4	CYP2C19	0	0.1006	0.10570427193348378	0.005104271933483784	2.0	9715	2206
h_ssm	99001	0	1	CYP2C9__CYP2B6__CYP2C19	CYP2C9	0	0.2184	0.16494097742727348	0.05345902257272653	2.0	1766	522
h_ssm	99001	0	1	CYP2C9__CYP2B6__CYP2D6	CYP2C9	1	0.3113	0.170468300596099	0.14083169940390103	2.0	2049	379
h_ssm	99001	0	1	CYP2C9__CYP2C8__CYP2D6	CYP2C9	0	0.0235	0.17355643548893132	0.15005643548893133	2.0	686	170
h_ssm	31415	0	1	CYP1A2__CYP2B6__CYP2C19	CYP1A2	1	0.2173	0.17331914668054768	0.04398085331945231	0.0	1568	336
h_ssm	31415	0	1	CYP1A2__CYP2B6__CYP2D6	CYP1A2	0	0.1709	0.1788724233871492	0.007972423387149208	2.0	1832	351
h_ssm	31415	0	1	CYP1A2__CYP2C8__CYP2C19	CYP1A2	0	0.4638	0.20997545648800536	0.2538245435119946	2.0	363	138
h_ssm	31415	0	1	CYP1A2__CYP2C9__CYP2D6	CYP1A2	0	0.0088	0.1599543678010917	0.1511543678010917	2.0	3674	914
h_ssm	31415	0	1	CYP2C19__CYP2D6__CYP3A4	CYP2C19	0	0.1006	0.10822050010261655	0.007620500102616556	2.0	9715	2206
h_ssm	31415	0	1	CYP2C9__CYP2B6__CYP2C19	CYP2C9	0	0.2184	0.16035071862983602	0.05804928137016399	2.0	1766	522
h_ssm	31415	0	1	CYP2C9__CYP2B6__CYP2D6	CYP2C9	1	0.3113	0.16880062140537777	0.14249937859462225	2.0	2049	379
h_ssm	31415	0	1	CYP2C9__CYP2C8__CYP2D6	CYP2C9	0	0.0235	0.1745202412888394	0.1510202412888394	2.0	686	170
h_ssm	27182	0	1	CYP1A2__CYP2B6__CYP2C19	CYP1A2	1	0.2173	0.14433432163579987	0.07296567836420012	0.0	1568	336
h_ssm	27182	0	1	CYP1A2__CYP2B6__CYP2D6	CYP1A2	0	0.1709	0.19123503762052513	0.02033503762052513	2.0	1832	351
h_ssm	27182	0	1	CYP1A2__CYP2C8__CYP2C19	CYP1A2	0	0.4638	0.20082903869669738	0.2629709613033026	2.0	363	138
h_ssm	27182	0	1	CYP1A2__CYP2C9__CYP2D6	CYP1A2	0	0.0088	0.1740434972120286	0.1652434972120286	2.0	3674	914
h_ssm	27182	0	1	CYP2C19__CYP2D6__CYP3A4	CYP2C19	0	0.1006	0.11582422118729163	0.015224221187291637	2.0	9715	2206
h_ssm	27182	0	1	CYP2C9__CYP2B6__CYP2C19	CYP2C9	0	0.2184	0.13474912852918564	0.08365087147081438	2.0	1766	522
h_ssm	27182	0	1	CYP2C9__CYP2B6__CYP2D6	CYP2C9	1	0.3113	0.18224669450990078	0.12905330549009925	2.0	2049	379
h_ssm	27182	0	1	CYP2C9__CYP2C8__CYP2D6	CYP2C9	0	0.0235	0.18497548942289263	0.16147548942289264	2.0	686	170
o_ssm	55555	0	1	CYP1A2__CYP2B6__CYP2C19	CYP1A2	1	0.2173	0.19545663319683942	0.02184336680316057	0.0	1568	336
o_ssm	55555	0	1	CYP1A2__CYP2B6__CYP2D6	CYP1A2	0	0.1709	0.1742049129921586	0.0033049129921585985	2.0	1832	351
o_ssm	55555	0	1	CYP1A2__CYP2C8__CYP2C19	CYP1A2	0	0.4638	0.2374598856276303	0.2263401143723697	2.0	363	138
o_ssm	55555	0	1	CYP1A2__CYP2C9__CYP2D6	CYP1A2	0	0.0088	0.16229054295251372	0.15349054295251371	2.0	3674	914
o_ssm	55555	0	1	CYP2C19__CYP2D6__CYP3A4	CYP2C19	0	0.1006	0.1168383850737792	0.0162383850737792	2.0	9715	2206
o_ssm	55555	0	1	CYP2C9__CYP2B6__CYP2C19	CYP2C9	0	0.2184	0.19991091589051874	0.018489084109481274	2.0	1766	522
o_ssm	55555	0	1	CYP2C9__CYP2B6__CYP2D6	CYP2C9	1	0.3113	0.1825226012845636	0.12877739871543642	2.0	2049	379
o_ssm	55555	0	1	CYP2C9__CYP2C8__CYP2D6	CYP2C9	0	0.0235	0.18862465275402104	0.16512465275402105	2.0	686	170
o_ssm	11111	0	1	CYP1A2__CYP2B6__CYP2C19	CYP1A2	1	0.2173	0.18054386880380874	0.036756131196191255	0.0	1568	336
o_ssm	11111	0	1	CYP1A2__CYP2B6__CYP2D6	CYP1A2	0	0.1709	0.18389389244523432	0.012993892445234329	2.0	1832	351
o_ssm	11111	0	1	CYP1A2__CYP2C8__CYP2C19	CYP1A2	0	0.4638	0.21784672681212952	0.24595327318787047	2.0	363	138
o_ssm	11111	0	1	CYP1A2__CYP2C9__CYP2D6	CYP1A2	0	0.0088	0.16475755628583874	0.15595755628583874	2.0	3674	914
o_ssm	11111	0	1	CYP2C19__CYP2D6__CYP3A4	CYP2C19	0	0.1006	0.11746228677294834	0.01686228677294835	2.0	9715	2206
o_ssm	11111	0	1	CYP2C9__CYP2B6__CYP2C19	CYP2C9	0	0.2184	0.14633880082333459	0.07206119917666542	2.0	1766	522
o_ssm	11111	0	1	CYP2C9__CYP2B6__CYP2D6	CYP2C9	1	0.3113	0.16150566853171597	0.14979433146828405	2.0	2049	379
o_ssm	11111	0	1	CYP2C9__CYP2C8__CYP2D6	CYP2C9	0	0.0235	0.19243366837750087	0.16893366837750087	2.0	686	170
o_ssm	99887	0	1	CYP1A2__CYP2B6__CYP2C19	CYP1A2	1	0.2173	0.17715310319892943	0.04014689680107056	0.0	1568	336
o_ssm	99887	0	1	CYP1A2__CYP2B6__CYP2D6	CYP1A2	0	0.1709	0.1656325663857004	0.005267433614299599	2.0	1832	351
o_ssm	99887	0	1	CYP1A2__CYP2C8__CYP2C19	CYP1A2	0	0.4638	0.22216570513443948	0.2416342948655605	2.0	363	138
o_ssm	99887	0	1	CYP1A2__CYP2C9__CYP2D6	CYP1A2	0	0.0088	0.1413163243334398	0.1325163243334398	2.0	3674	914
o_ssm	99887	0	1	CYP2C19__CYP2D6__CYP3A4	CYP2C19	0	0.1006	0.10046909585773273	0.00013090414226726854	2.0	9715	2206
o_ssm	99887	0	1	CYP2C9__CYP2B6__CYP2C19	CYP2C9	0	0.2184	0.1860680155640469	0.032331984435953115	2.0	1766	522
o_ssm	99887	0	1	CYP2C9__CYP2B6__CYP2D6	CYP2C9	1	0.3113	0.14273561981301017	0.16856438018698985	2.0	2049	379
o_ssm	99887	0	1	CYP2C9__CYP2C8__CYP2D6	CYP2C9	0	0.0235	0.15771408769966433	0.13421408769966434	2.0	686	170
o_ssm	22222	0	1	CYP1A2__CYP2B6__CYP2C19	CYP1A2	1	0.2173	0.18523599260608026	0.032064007393919736	0.0	1568	336
o_ssm	22222	0	1	CYP1A2__CYP2B6__CYP2D6	CYP1A2	0	0.1709	0.17005576040203557	0.0008442395979644246	2.0	1832	351
o_ssm	22222	0	1	CYP1A2__CYP2C8__CYP2C19	CYP1A2	0	0.4638	0.20201050475425408	0.2617894952457459	2.0	363	138
o_ssm	22222	0	1	CYP1A2__CYP2C9__CYP2D6	CYP1A2	0	0.0088	0.19293056864250607	0.18413056864250607	2.0	3674	914
o_ssm	22222	0	1	CYP2C19__CYP2D6__CYP3A4	CYP2C19	0	0.1006	0.09818268566586441	0.002417314334135584	2.0	9715	2206
o_ssm	22222	0	1	CYP2C9__CYP2B6__CYP2C19	CYP2C9	0	0.2184	0.16927983298988838	0.049120167010111626	2.0	1766	522
o_ssm	22222	0	1	CYP2C9__CYP2B6__CYP2D6	CYP2C9	1	0.3113	0.1478398668168422	0.16346013318315783	2.0	2049	379
o_ssm	22222	0	1	CYP2C9__CYP2C8__CYP2D6	CYP2C9	0	0.0235	0.18857010222406967	0.16507010222406968	2.0	686	170
o_ssm	44444	0	1	CYP1A2__CYP2B6__CYP2C19	CYP1A2	1	0.2173	0.19156619027669536	0.025733809723304635	0.0	1568	336
o_ssm	44444	0	1	CYP1A2__CYP2B6__CYP2D6	CYP1A2	0	0.1709	0.18430294869318184	0.013402948693181843	2.0	1832	351
o_ssm	44444	0	1	CYP1A2__CYP2C8__CYP2C19	CYP1A2	0	0.4638	0.21091196223736838	0.2528880377626316	2.0	363	138
o_ssm	44444	0	1	CYP1A2__CYP2C9__CYP2D6	CYP1A2	0	0.0088	0.15453439825632403	0.14573439825632403	2.0	3674	914
o_ssm	44444	0	1	CYP2C19__CYP2D6__CYP3A4	CYP2C19	0	0.1006	0.10196621231803334	0.0013662123180333413	2.0	9715	2206
o_ssm	44444	0	1	CYP2C9__CYP2B6__CYP2C19	CYP2C9	0	0.2184	0.17671162933794954	0.04168837066205047	2.0	1766	522
o_ssm	44444	0	1	CYP2C9__CYP2B6__CYP2D6	CYP2C9	1	0.3113	0.16608813260149524	0.14521186739850478	2.0	2049	379
o_ssm	44444	0	1	CYP2C9__CYP2C8__CYP2D6	CYP2C9	0	0.0235	0.16374961726942716	0.14024961726942717	2.0	686	170
o_ssm	66666	0	1	CYP1A2__CYP2B6__CYP2C19	CYP1A2	1	0.2173	0.1765226443258447	0.0407773556741553	0.0	1568	336
o_ssm	66666	0	1	CYP1A2__CYP2B6__CYP2D6	CYP1A2	0	0.1709	0.16372058232855496	0.007179417671445032	2.0	1832	351
o_ssm	66666	0	1	CYP1A2__CYP2C8__CYP2C19	CYP1A2	0	0.4638	0.21761838189341604	0.24618161810658395	2.0	363	138
o_ssm	66666	0	1	CYP1A2__CYP2C9__CYP2D6	CYP1A2	0	0.0088	0.15514197920813863	0.14634197920813863	2.0	3674	914
o_ssm	66666	0	1	CYP2C19__CYP2D6__CYP3A4	CYP2C19	0	0.1006	0.09186930053331323	0.008730699466686767	2.0	9715	2206
o_ssm	66666	0	1	CYP2C9__CYP2B6__CYP2C19	CYP2C9	0	0.2184	0.18760159488299916	0.030798405117000854	2.0	1766	522
o_ssm	66666	0	1	CYP2C9__CYP2B6__CYP2D6	CYP2C9	1	0.3113	0.15201349060636637	0.15928650939363365	2.0	2049	379
o_ssm	66666	0	1	CYP2C9__CYP2C8__CYP2D6	CYP2C9	0	0.0235	0.16323733511826394	0.13973733511826394	2.0	686	170
o_ssm	77777	0	1	CYP1A2__CYP2B6__CYP2C19	CYP1A2	1	0.2173	0.1681193563156684	0.04918064368433159	0.0	1568	336
o_ssm	77777	0	1	CYP1A2__CYP2B6__CYP2D6	CYP1A2	0	0.1709	0.1486215681491904	0.022278431850809605	2.0	1832	351
o_ssm	77777	0	1	CYP1A2__CYP2C8__CYP2C19	CYP1A2	0	0.4638	0.20975126801954844	0.2540487319804515	2.0	363	138
o_ssm	77777	0	1	CYP1A2__CYP2C9__CYP2D6	CYP1A2	0	0.0088	0.1505205882544957	0.1417205882544957	2.0	3674	914
o_ssm	77777	0	1	CYP2C19__CYP2D6__CYP3A4	CYP2C19	0	0.1006	0.13649786049324497	0.035897860493244976	2.0	9715	2206
o_ssm	77777	0	1	CYP2C9__CYP2B6__CYP2C19	CYP2C9	0	0.2184	0.18570630676509958	0.03269369323490043	2.0	1766	522
o_ssm	77777	0	1	CYP2C9__CYP2B6__CYP2D6	CYP2C9	1	0.3113	0.1450810239932674	0.16621897600673263	2.0	2049	379
o_ssm	77777	0	1	CYP2C9__CYP2C8__CYP2D6	CYP2C9	0	0.0235	0.15272094158591823	0.12922094158591824	2.0	686	170
o_ssm	88888	0	1	CYP1A2__CYP2B6__CYP2C19	CYP1A2	1	0.2173	0.17993960771875342	0.037360392281246574	0.0	1568	336
o_ssm	88888	0	1	CYP1A2__CYP2B6__CYP2D6	CYP1A2	0	0.1709	0.18579011711500956	0.014890117115009566	2.0	1832	351
o_ssm	88888	0	1	CYP1A2__CYP2C8__CYP2C19	CYP1A2	0	0.4638	0.23298389582830656	0.23081610417169343	2.0	363	138
o_ssm	88888	0	1	CYP1A2__CYP2C9__CYP2D6	CYP1A2	0	0.0088	0.17992924230417046	0.17112924230417045	2.0	3674	914
o_ssm	88888	0	1	CYP2C19__CYP2D6__CYP3A4	CYP2C19	0	0.1006	0.13322471438368433	0.03262471438368433	2.0	9715	2206
o_ssm	88888	0	1	CYP2C9__CYP2B6__CYP2C19	CYP2C9	0	0.2184	0.172006551931976	0.04639344806802401	2.0	1766	522
o_ssm	88888	0	1	CYP2C9__CYP2B6__CYP2D6	CYP2C9	1	0.3113	0.170508216144158	0.140791783855842	2.0	2049	379
o_ssm	88888	0	1	CYP2C9__CYP2C8__CYP2D6	CYP2C9	0	0.0235	0.18039614271262092	0.15689614271262092	2.0	686	170
o_ssm	33333	0	1	CYP1A2__CYP2B6__CYP2C19	CYP1A2	1	0.2173	0.13944096492869573	0.07785903507130426	0.0	1568	336
o_ssm	33333	0	1	CYP1A2__CYP2B6__CYP2D6	CYP1A2	0	0.1709	0.09096987440066778	0.07993012559933221	2.0	1832	351
o_ssm	33333	0	1	CYP1A2__CYP2C8__CYP2C19	CYP1A2	0	0.4638	0.30655138930884307	0.15724861069115692	2.0	363	138
o_ssm	33333	0	1	CYP1A2__CYP2C9__CYP2D6	CYP1A2	0	0.0088	0.05657190568570093	0.04777190568570093	2.0	3674	914
o_ssm	33333	0	1	CYP2C19__CYP2D6__CYP3A4	CYP2C19	0	0.1006	0.23204277150639274	0.13144277150639275	2.0	9715	2206
o_ssm	33333	0	1	CYP2C9__CYP2B6__CYP2C19	CYP2C9	0	0.2184	0.3093508461841043	0.09095084618410429	2.0	1766	522
o_ssm	33333	0	1	CYP2C9__CYP2B6__CYP2D6	CYP2C9	1	0.3113	0.10554551999220238	0.20575448000779764	2.0	2049	379
o_ssm	33333	0	1	CYP2C9__CYP2C8__CYP2D6	CYP2C9	0	0.0235	0.04156312477925142	0.01806312477925142	2.0	686	170
o_ssm	12321	0	1	CYP1A2__CYP2B6__CYP2C19	CYP1A2	1	0.2173	0.20727470147038396	0.010025298529616034	0.0	1568	336
o_ssm	12321	0	1	CYP1A2__CYP2B6__CYP2D6	CYP1A2	0	0.1709	0.18321932700498575	0.012319327004985753	2.0	1832	351
o_ssm	12321	0	1	CYP1A2__CYP2C8__CYP2C19	CYP1A2	0	0.4638	0.20155730948044387	0.2622426905195561	2.0	363	138
o_ssm	12321	0	1	CYP1A2__CYP2C9__CYP2D6	CYP1A2	0	0.0088	0.15740648352890563	0.14860648352890563	2.0	3674	914
o_ssm	12321	0	1	CYP2C19__CYP2D6__CYP3A4	CYP2C19	0	0.1006	0.07672537153044588	0.023874628469554113	2.0	9715	2206
o_ssm	12321	0	1	CYP2C9__CYP2B6__CYP2C19	CYP2C9	0	0.2184	0.18862734209705626	0.029772657902943755	2.0	1766	522
o_ssm	12321	0	1	CYP2C9__CYP2B6__CYP2D6	CYP2C9	1	0.3113	0.15424701040655997	0.15705298959344005	2.0	2049	379
o_ssm	12321	0	1	CYP2C9__CYP2C8__CYP2D6	CYP2C9	0	0.0235	0.18660876066242033	0.16310876066242033	2.0	686	170
o_ssm	24680	0	1	CYP1A2__CYP2B6__CYP2C19	CYP1A2	1	0.2173	0.186992260058559	0.03030773994144098	0.0	1568	336
o_ssm	24680	0	1	CYP1A2__CYP2B6__CYP2D6	CYP1A2	0	0.1709	0.17552552337694505	0.004625523376945051	2.0	1832	351
o_ssm	24680	0	1	CYP1A2__CYP2C8__CYP2C19	CYP1A2	0	0.4638	0.21665745863934455	0.24714254136065544	2.0	363	138
o_ssm	24680	0	1	CYP1A2__CYP2C9__CYP2D6	CYP1A2	0	0.0088	0.16970698137510878	0.16090698137510878	2.0	3674	914
o_ssm	24680	0	1	CYP2C19__CYP2D6__CYP3A4	CYP2C19	0	0.1006	0.08209987111528527	0.018500128884714723	2.0	9715	2206
o_ssm	24680	0	1	CYP2C9__CYP2B6__CYP2C19	CYP2C9	0	0.2184	0.1709186559667905	0.0474813440332095	2.0	1766	522
o_ssm	24680	0	1	CYP2C9__CYP2B6__CYP2D6	CYP2C9	1	0.3113	0.17840789111007344	0.13289210888992659	2.0	2049	379
o_ssm	24680	0	1	CYP2C9__CYP2C8__CYP2D6	CYP2C9	0	0.0235	0.1581803001156768	0.1346803001156768	2.0	686	170
o_ssm	13579	0	1	CYP1A2__CYP2B6__CYP2C19	CYP1A2	1	0.2173	0.1847114988011952	0.0325885011988048	0.0	1568	336
o_ssm	13579	0	1	CYP1A2__CYP2B6__CYP2D6	CYP1A2	0	0.1709	0.15872364885880236	0.012176351141197639	2.0	1832	351
o_ssm	13579	0	1	CYP1A2__CYP2C8__CYP2C19	CYP1A2	0	0.4638	0.21174892952838117	0.2520510704716188	2.0	363	138
o_ssm	13579	0	1	CYP1A2__CYP2C9__CYP2D6	CYP1A2	0	0.0088	0.16594419860750267	0.15714419860750267	2.0	3674	914
o_ssm	13579	0	1	CYP2C19__CYP2D6__CYP3A4	CYP2C19	0	0.1006	0.09882177509811196	0.0017782249018880314	2.0	9715	2206
o_ssm	13579	0	1	CYP2C9__CYP2B6__CYP2C19	CYP2C9	0	0.2184	0.1567862026969774	0.061613797303022605	2.0	1766	522
o_ssm	13579	0	1	CYP2C9__CYP2B6__CYP2D6	CYP2C9	1	0.3113	0.16734801434420932	0.1439519856557907	2.0	2049	379
o_ssm	13579	0	1	CYP2C9__CYP2C8__CYP2D6	CYP2C9	0	0.0235	0.14967084112838808	0.12617084112838808	2.0	686	170
o_ssm	54321	0	1	CYP1A2__CYP2B6__CYP2C19	CYP1A2	1	0.2173	0.20041545018152426	0.01688454981847573	0.0	1568	336
o_ssm	54321	0	1	CYP1A2__CYP2B6__CYP2D6	CYP1A2	0	0.1709	0.1553569423373139	0.0155430576626861	2.0	1832	351
o_ssm	54321	0	1	CYP1A2__CYP2C8__CYP2C19	CYP1A2	0	0.4638	0.21241342563022736	0.25138657436977263	2.0	363	138
o_ssm	54321	0	1	CYP1A2__CYP2C9__CYP2D6	CYP1A2	0	0.0088	0.17426417339400446	0.16546417339400446	2.0	3674	914
o_ssm	54321	0	1	CYP2C19__CYP2D6__CYP3A4	CYP2C19	0	0.1006	0.1261162819127335	0.0255162819127335	2.0	9715	2206
o_ssm	54321	0	1	CYP2C9__CYP2B6__CYP2C19	CYP2C9	0	0.2184	0.19869560675975598	0.019704393240244034	2.0	1766	522
o_ssm	54321	0	1	CYP2C9__CYP2B6__CYP2D6	CYP2C9	1	0.3113	0.1897323415628848	0.12156765843711523	2.0	2049	379
o_ssm	54321	0	1	CYP2C9__CYP2C8__CYP2D6	CYP2C9	0	0.0235	0.19147346780373117	0.16797346780373118	2.0	686	170
o_ssm	67890	0	1	CYP1A2__CYP2B6__CYP2C19	CYP1A2	1	0.2173	0.18650581140347736	0.030794188596522637	0.0	1568	336
o_ssm	67890	0	1	CYP1A2__CYP2B6__CYP2D6	CYP1A2	0	0.1709	0.18447907359855364	0.013579073598553648	2.0	1832	351
o_ssm	67890	0	1	CYP1A2__CYP2C8__CYP2C19	CYP1A2	0	0.4638	0.21909398563255175	0.24470601436744824	2.0	363	138
o_ssm	67890	0	1	CYP1A2__CYP2C9__CYP2D6	CYP1A2	0	0.0088	0.16352492422445336	0.15472492422445336	2.0	3674	914
o_ssm	67890	0	1	CYP2C19__CYP2D6__CYP3A4	CYP2C19	0	0.1006	0.11685586277233155	0.016255862772331556	2.0	9715	2206
o_ssm	67890	0	1	CYP2C9__CYP2B6__CYP2C19	CYP2C9	0	0.2184	0.17853037636078575	0.03986962363921426	2.0	1766	522
o_ssm	67890	0	1	CYP2C9__CYP2B6__CYP2D6	CYP2C9	1	0.3113	0.16614250064332062	0.1451574993566794	2.0	2049	379
o_ssm	67890	0	1	CYP2C9__CYP2C8__CYP2D6	CYP2C9	0	0.0235	0.18163180339937163	0.15813180339937163	2.0	686	170
o_ssm	11223	0	1	CYP1A2__CYP2B6__CYP2C19	CYP1A2	1	0.2173	0.18425820736728174	0.03304179263271825	0.0	1568	336
o_ssm	11223	0	1	CYP1A2__CYP2B6__CYP2D6	CYP1A2	0	0.1709	0.1825096676837714	0.01160966768377139	2.0	1832	351
o_ssm	11223	0	1	CYP1A2__CYP2C8__CYP2C19	CYP1A2	0	0.4638	0.20340184409664944	0.2603981559033506	2.0	363	138
o_ssm	11223	0	1	CYP1A2__CYP2C9__CYP2D6	CYP1A2	0	0.0088	0.1204131772028253	0.11161317720282529	2.0	3674	914
o_ssm	11223	0	1	CYP2C19__CYP2D6__CYP3A4	CYP2C19	0	0.1006	0.12295475977051903	0.02235475977051904	2.0	9715	2206
o_ssm	11223	0	1	CYP2C9__CYP2B6__CYP2C19	CYP2C9	0	0.2184	0.1761418626837592	0.04225813731624081	2.0	1766	522
o_ssm	11223	0	1	CYP2C9__CYP2B6__CYP2D6	CYP2C9	1	0.3113	0.1342150412348126	0.17708495876518743	2.0	2049	379
o_ssm	11223	0	1	CYP2C9__CYP2C8__CYP2D6	CYP2C9	0	0.0235	0.17407941387158937	0.15057941387158938	2.0	686	170
o_ssm	44567	0	1	CYP1A2__CYP2B6__CYP2C19	CYP1A2	1	0.2173	0.19555825581955744	0.021741744180442557	0.0	1568	336
o_ssm	44567	0	1	CYP1A2__CYP2B6__CYP2D6	CYP1A2	0	0.1709	0.1661446601794596	0.004755339820540383	2.0	1832	351
o_ssm	44567	0	1	CYP1A2__CYP2C8__CYP2C19	CYP1A2	0	0.4638	0.20114067390798673	0.26265932609201326	2.0	363	138
o_ssm	44567	0	1	CYP1A2__CYP2C9__CYP2D6	CYP1A2	0	0.0088	0.13262550976093748	0.12382550976093748	2.0	3674	914
o_ssm	44567	0	1	CYP2C19__CYP2D6__CYP3A4	CYP2C19	0	0.1006	0.13039284078646174	0.029792840786461744	2.0	9715	2206
o_ssm	44567	0	1	CYP2C9__CYP2B6__CYP2C19	CYP2C9	0	0.2184	0.1960044257450924	0.022395574254907624	2.0	1766	522
o_ssm	44567	0	1	CYP2C9__CYP2B6__CYP2D6	CYP2C9	1	0.3113	0.1572415435972206	0.15405845640277943	2.0	2049	379
o_ssm	44567	0	1	CYP2C9__CYP2C8__CYP2D6	CYP2C9	0	0.0235	0.15191768783849918	0.1284176878384992	2.0	686	170
o_ssm	77889	0	1	CYP1A2__CYP2B6__CYP2C19	CYP1A2	1	0.2173	0.19708324066664137	0.02021675933335862	0.0	1568	336
o_ssm	77889	0	1	CYP1A2__CYP2B6__CYP2D6	CYP1A2	0	0.1709	0.17562524657528394	0.004725246575283948	2.0	1832	351
o_ssm	77889	0	1	CYP1A2__CYP2C8__CYP2C19	CYP1A2	0	0.4638	0.1908095219135231	0.2729904780864769	2.0	363	138
o_ssm	77889	0	1	CYP1A2__CYP2C9__CYP2D6	CYP1A2	0	0.0088	0.17091862786968842	0.16211862786968842	2.0	3674	914
o_ssm	77889	0	1	CYP2C19__CYP2D6__CYP3A4	CYP2C19	0	0.1006	0.11738259610538634	0.01678259610538635	2.0	9715	2206
o_ssm	77889	0	1	CYP2C9__CYP2B6__CYP2C19	CYP2C9	0	0.2184	0.15256242548748436	0.06583757451251565	2.0	1766	522
o_ssm	77889	0	1	CYP2C9__CYP2B6__CYP2D6	CYP2C9	1	0.3113	0.16029574963339913	0.1510042503666009	2.0	2049	379
o_ssm	77889	0	1	CYP2C9__CYP2C8__CYP2D6	CYP2C9	0	0.0235	0.17632490529144065	0.15282490529144066	2.0	686	170
o_ssm	99001	0	1	CYP1A2__CYP2B6__CYP2C19	CYP1A2	1	0.2173	0.1449986255060225	0.0723013744939775	0.0	1568	336
o_ssm	99001	0	1	CYP1A2__CYP2B6__CYP2D6	CYP1A2	0	0.1709	0.15330920651602867	0.01759079348397133	2.0	1832	351
o_ssm	99001	0	1	CYP1A2__CYP2C8__CYP2C19	CYP1A2	0	0.4638	0.21227814121656813	0.25152185878343186	2.0	363	138
o_ssm	99001	0	1	CYP1A2__CYP2C9__CYP2D6	CYP1A2	0	0.0088	0.1554315415817188	0.1466315415817188	2.0	3674	914
o_ssm	99001	0	1	CYP2C19__CYP2D6__CYP3A4	CYP2C19	0	0.1006	0.09621677637922951	0.004383223620770482	2.0	9715	2206
o_ssm	99001	0	1	CYP2C9__CYP2B6__CYP2C19	CYP2C9	0	0.2184	0.16168608166288506	0.05671391833711495	2.0	1766	522
o_ssm	99001	0	1	CYP2C9__CYP2B6__CYP2D6	CYP2C9	1	0.3113	0.16597401199193912	0.1453259880080609	2.0	2049	379
o_ssm	99001	0	1	CYP2C9__CYP2C8__CYP2D6	CYP2C9	0	0.0235	0.16807358275063647	0.14457358275063648	2.0	686	170
o_ssm	31415	0	1	CYP1A2__CYP2B6__CYP2C19	CYP1A2	1	0.2173	0.18157985832836987	0.03572014167163012	0.0	1568	336
o_ssm	31415	0	1	CYP1A2__CYP2B6__CYP2D6	CYP1A2	0	0.1709	0.1896653408260431	0.018765340826043114	2.0	1832	351
o_ssm	31415	0	1	CYP1A2__CYP2C8__CYP2C19	CYP1A2	0	0.4638	0.21792592782045314	0.24587407217954685	2.0	363	138
o_ssm	31415	0	1	CYP1A2__CYP2C9__CYP2D6	CYP1A2	0	0.0088	0.14552845919690247	0.13672845919690246	2.0	3674	914
o_ssm	31415	0	1	CYP2C19__CYP2D6__CYP3A4	CYP2C19	0	0.1006	0.10437450880771687	0.0037745088077168754	2.0	9715	2206
o_ssm	31415	0	1	CYP2C9__CYP2B6__CYP2C19	CYP2C9	0	0.2184	0.1640734236501488	0.05432657634985122	2.0	1766	522
o_ssm	31415	0	1	CYP2C9__CYP2B6__CYP2D6	CYP2C9	1	0.3113	0.14536348561798168	0.16593651438201834	2.0	2049	379
o_ssm	31415	0	1	CYP2C9__CYP2C8__CYP2D6	CYP2C9	0	0.0235	0.17810596472496049	0.1546059647249605	2.0	686	170
o_ssm	27182	0	1	CYP1A2__CYP2B6__CYP2C19	CYP1A2	1	0.2173	0.20446901462958683	0.012830985370413162	0.0	1568	336
o_ssm	27182	0	1	CYP1A2__CYP2B6__CYP2D6	CYP1A2	0	0.1709	0.1873606029542088	0.016460602954208814	2.0	1832	351
o_ssm	27182	0	1	CYP1A2__CYP2C8__CYP2C19	CYP1A2	0	0.4638	0.2138445043933296	0.24995549560667038	2.0	363	138
o_ssm	27182	0	1	CYP1A2__CYP2C9__CYP2D6	CYP1A2	0	0.0088	0.15269920086097954	0.14389920086097954	2.0	3674	914
o_ssm	27182	0	1	CYP2C19__CYP2D6__CYP3A4	CYP2C19	0	0.1006	0.10898839931057389	0.00838839931057389	2.0	9715	2206
o_ssm	27182	0	1	CYP2C9__CYP2B6__CYP2C19	CYP2C9	0	0.2184	0.1838836174192324	0.03451638258076761	2.0	1766	522
o_ssm	27182	0	1	CYP2C9__CYP2B6__CYP2D6	CYP2C9	1	0.3113	0.16334023742909484	0.14795976257090518	2.0	2049	379
o_ssm	27182	0	1	CYP2C9__CYP2C8__CYP2D6	CYP2C9	0	0.0235	0.16072257533607587	0.13722257533607587	2.0	686	170
o_ssm_no_assoc	55555	0	1	CYP1A2__CYP2B6__CYP2C19	CYP1A2	1	0.2173	0.206492760151287	0.010807239848712985	0.0	1568	336
o_ssm_no_assoc	55555	0	1	CYP1A2__CYP2B6__CYP2D6	CYP1A2	0	0.1709	0.17923191894413812	0.008331918944138123	2.0	1832	351
o_ssm_no_assoc	55555	0	1	CYP1A2__CYP2C8__CYP2C19	CYP1A2	0	0.4638	0.22897773985679848	0.2348222601432015	2.0	363	138
o_ssm_no_assoc	55555	0	1	CYP1A2__CYP2C9__CYP2D6	CYP1A2	0	0.0088	0.16023577592303623	0.15143577592303623	2.0	3674	914
o_ssm_no_assoc	55555	0	1	CYP2C19__CYP2D6__CYP3A4	CYP2C19	0	0.1006	0.10897347364453935	0.008373473644539359	2.0	9715	2206
o_ssm_no_assoc	55555	0	1	CYP2C9__CYP2B6__CYP2C19	CYP2C9	0	0.2184	0.19616409616030556	0.022235903839694454	2.0	1766	522
o_ssm_no_assoc	55555	0	1	CYP2C9__CYP2B6__CYP2D6	CYP2C9	1	0.3113	0.17205617118769498	0.13924382881230504	2.0	2049	379
o_ssm_no_assoc	55555	0	1	CYP2C9__CYP2C8__CYP2D6	CYP2C9	0	0.0235	0.18230174960405973	0.15880174960405974	2.0	686	170
o_ssm_no_assoc	11111	0	1	CYP1A2__CYP2B6__CYP2C19	CYP1A2	1	0.2173	0.1803471462535285	0.0369528537464715	0.0	1568	336
o_ssm_no_assoc	11111	0	1	CYP1A2__CYP2B6__CYP2D6	CYP1A2	0	0.1709	0.18558777437091778	0.014687774370917783	2.0	1832	351
o_ssm_no_assoc	11111	0	1	CYP1A2__CYP2C8__CYP2C19	CYP1A2	0	0.4638	0.2134735790146875	0.2503264209853125	2.0	363	138
o_ssm_no_assoc	11111	0	1	CYP1A2__CYP2C9__CYP2D6	CYP1A2	0	0.0088	0.16399037553035944	0.15519037553035944	2.0	3674	914
o_ssm_no_assoc	11111	0	1	CYP2C19__CYP2D6__CYP3A4	CYP2C19	0	0.1006	0.1259129954643091	0.025312995464309096	2.0	9715	2206
o_ssm_no_assoc	11111	0	1	CYP2C9__CYP2B6__CYP2C19	CYP2C9	0	0.2184	0.1459936793273993	0.07240632067260072	2.0	1766	522
o_ssm_no_assoc	11111	0	1	CYP2C9__CYP2B6__CYP2D6	CYP2C9	1	0.3113	0.15496658123970097	0.15633341876029905	2.0	2049	379
o_ssm_no_assoc	11111	0	1	CYP2C9__CYP2C8__CYP2D6	CYP2C9	0	0.0235	0.18365210208527322	0.16015210208527322	2.0	686	170
o_ssm_no_assoc	99887	0	1	CYP1A2__CYP2B6__CYP2C19	CYP1A2	1	0.2173	0.1791811480226457	0.03811885197735429	0.0	1568	336
o_ssm_no_assoc	99887	0	1	CYP1A2__CYP2B6__CYP2D6	CYP1A2	0	0.1709	0.1648968063817368	0.006003193618263208	2.0	1832	351
o_ssm_no_assoc	99887	0	1	CYP1A2__CYP2C8__CYP2C19	CYP1A2	0	0.4638	0.22698649612771413	0.23681350387228586	2.0	363	138
o_ssm_no_assoc	99887	0	1	CYP1A2__CYP2C9__CYP2D6	CYP1A2	0	0.0088	0.14307720237758179	0.13427720237758178	2.0	3674	914
o_ssm_no_assoc	99887	0	1	CYP2C19__CYP2D6__CYP3A4	CYP2C19	0	0.1006	0.10017835404363526	0.0004216459563647357	2.0	9715	2206
o_ssm_no_assoc	99887	0	1	CYP2C9__CYP2B6__CYP2C19	CYP2C9	0	0.2184	0.18633535226713113	0.03206464773286888	2.0	1766	522
o_ssm_no_assoc	99887	0	1	CYP2C9__CYP2B6__CYP2D6	CYP2C9	1	0.3113	0.14851675995821811	0.1627832400417819	2.0	2049	379
o_ssm_no_assoc	99887	0	1	CYP2C9__CYP2C8__CYP2D6	CYP2C9	0	0.0235	0.1574615892594112	0.1339615892594112	2.0	686	170
o_ssm_no_assoc	22222	0	1	CYP1A2__CYP2B6__CYP2C19	CYP1A2	1	0.2173	0.18534454005337558	0.03195545994662441	0.0	1568	336
o_ssm_no_assoc	22222	0	1	CYP1A2__CYP2B6__CYP2D6	CYP1A2	0	0.1709	0.17011352147652353	0.0007864785234764637	2.0	1832	351
o_ssm_no_assoc	22222	0	1	CYP1A2__CYP2C8__CYP2C19	CYP1A2	0	0.4638	0.2019003295426356	0.2618996704573644	2.0	363	138
o_ssm_no_assoc	22222	0	1	CYP1A2__CYP2C9__CYP2D6	CYP1A2	0	0.0088	0.19261779902464693	0.18381779902464693	2.0	3674	914
o_ssm_no_assoc	22222	0	1	CYP2C19__CYP2D6__CYP3A4	CYP2C19	0	0.1006	0.09820371562408016	0.0023962843759198355	2.0	9715	2206
o_ssm_no_assoc	22222	0	1	CYP2C9__CYP2B6__CYP2C19	CYP2C9	0	0.2184	0.16917912005501193	0.04922087994498808	2.0	1766	522
o_ssm_no_assoc	22222	0	1	CYP2C9__CYP2B6__CYP2D6	CYP2C9	1	0.3113	0.14760042390027078	0.16369957609972924	2.0	2049	379
o_ssm_no_assoc	22222	0	1	CYP2C9__CYP2C8__CYP2D6	CYP2C9	0	0.0235	0.18860120617047438	0.16510120617047438	2.0	686	170
o_ssm_no_assoc	44444	0	1	CYP1A2__CYP2B6__CYP2C19	CYP1A2	1	0.2173	0.18704224731196042	0.03025775268803957	0.0	1568	336
o_ssm_no_assoc	44444	0	1	CYP1A2__CYP2B6__CYP2D6	CYP1A2	0	0.1709	0.1806510024909838	0.00975100249098379	2.0	1832	351
o_ssm_no_assoc	44444	0	1	CYP1A2__CYP2C8__CYP2C19	CYP1A2	0	0.4638	0.20480916468351898	0.25899083531648104	2.0	363	138
o_ssm_no_assoc	44444	0	1	CYP1A2__CYP2C9__CYP2D6	CYP1A2	0	0.0088	0.1573168970576287	0.1485168970576287	2.0	3674	914
o_ssm_no_assoc	44444	0	1	CYP2C19__CYP2D6__CYP3A4	CYP2C19	0	0.1006	0.10107853949495482	0.00047853949495482717	2.0	9715	2206
o_ssm_no_assoc	44444	0	1	CYP2C9__CYP2B6__CYP2C19	CYP2C9	0	0.2184	0.17275723539945642	0.04564276460054359	2.0	1766	522
o_ssm_no_assoc	44444	0	1	CYP2C9__CYP2B6__CYP2D6	CYP2C9	1	0.3113	0.17419208637406283	0.1371079136259372	2.0	2049	379
o_ssm_no_assoc	44444	0	1	CYP2C9__CYP2C8__CYP2D6	CYP2C9	0	0.0235	0.16120599489688747	0.13770599489688748	2.0	686	170
o_ssm_no_assoc	66666	0	1	CYP1A2__CYP2B6__CYP2C19	CYP1A2	1	0.2173	0.1728900794010428	0.04440992059895718	0.0	1568	336
o_ssm_no_assoc	66666	0	1	CYP1A2__CYP2B6__CYP2D6	CYP1A2	0	0.1709	0.1625343556493544	0.008365644350645601	2.0	1832	351
o_ssm_no_assoc	66666	0	1	CYP1A2__CYP2C8__CYP2C19	CYP1A2	0	0.4638	0.22057477135052786	0.24322522864947213	2.0	363	138
o_ssm_no_assoc	66666	0	1	CYP1A2__CYP2C9__CYP2D6	CYP1A2	0	0.0088	0.15441064626628034	0.14561064626628034	2.0	3674	914
o_ssm_no_assoc	66666	0	1	CYP2C19__CYP2D6__CYP3A4	CYP2C19	0	0.1006	0.0985322092238818	0.0020677907761181974	2.0	9715	2206
o_ssm_no_assoc	66666	0	1	CYP2C9__CYP2B6__CYP2C19	CYP2C9	0	0.2184	0.18132149982226486	0.037078500177735146	2.0	1766	522
o_ssm_no_assoc	66666	0	1	CYP2C9__CYP2B6__CYP2D6	CYP2C9	1	0.3113	0.1452530805356702	0.1660469194643298	2.0	2049	379
o_ssm_no_assoc	66666	0	1	CYP2C9__CYP2C8__CYP2D6	CYP2C9	0	0.0235	0.16114961379282267	0.13764961379282267	2.0	686	170
o_ssm_no_assoc	77777	0	1	CYP1A2__CYP2B6__CYP2C19	CYP1A2	1	0.2173	0.16787596597579185	0.04942403402420814	0.0	1568	336
o_ssm_no_assoc	77777	0	1	CYP1A2__CYP2B6__CYP2D6	CYP1A2	0	0.1709	0.14438026265653867	0.02651973734346133	2.0	1832	351
o_ssm_no_assoc	77777	0	1	CYP1A2__CYP2C8__CYP2C19	CYP1A2	0	0.4638	0.20902563676540736	0.2547743632345926	2.0	363	138
o_ssm_no_assoc	77777	0	1	CYP1A2__CYP2C9__CYP2D6	CYP1A2	0	0.0088	0.14551488809430577	0.13671488809430576	2.0	3674	914
o_ssm_no_assoc	77777	0	1	CYP2C19__CYP2D6__CYP3A4	CYP2C19	0	0.1006	0.13435186626888718	0.03375186626888718	2.0	9715	2206
o_ssm_no_assoc	77777	0	1	CYP2C9__CYP2B6__CYP2C19	CYP2C9	0	0.2184	0.18856200362401748	0.02983799637598253	2.0	1766	522
o_ssm_no_assoc	77777	0	1	CYP2C9__CYP2B6__CYP2D6	CYP2C9	1	0.3113	0.15036719290101686	0.16093280709898317	2.0	2049	379
o_ssm_no_assoc	77777	0	1	CYP2C9__CYP2C8__CYP2D6	CYP2C9	0	0.0235	0.14832257163318868	0.12482257163318869	2.0	686	170
o_ssm_no_assoc	88888	0	1	CYP1A2__CYP2B6__CYP2C19	CYP1A2	1	0.2173	0.1793744830840352	0.037925516915964796	0.0	1568	336
o_ssm_no_assoc	88888	0	1	CYP1A2__CYP2B6__CYP2D6	CYP1A2	0	0.1709	0.18573800140421212	0.014838001404212126	2.0	1832	351
o_ssm_no_assoc	88888	0	1	CYP1A2__CYP2C8__CYP2C19	CYP1A2	0	0.4638	0.2334178371784266	0.2303821628215734	2.0	363	138
o_ssm_no_assoc	88888	0	1	CYP1A2__CYP2C9__CYP2D6	CYP1A2	0	0.0088	0.18014582305830393	0.17134582305830393	2.0	3674	914
o_ssm_no_assoc	88888	0	1	CYP2C19__CYP2D6__CYP3A4	CYP2C19	0	0.1006	0.13449260599972607	0.03389260599972607	2.0	9715	2206
o_ssm_no_assoc	88888	0	1	CYP2C9__CYP2B6__CYP2C19	CYP2C9	0	0.2184	0.1726001849277831	0.04579981507221692	2.0	1766	522
o_ssm_no_assoc	88888	0	1	CYP2C9__CYP2B6__CYP2D6	CYP2C9	1	0.3113	0.17117186159760847	0.14012813840239155	2.0	2049	379
o_ssm_no_assoc	88888	0	1	CYP2C9__CYP2C8__CYP2D6	CYP2C9	0	0.0235	0.18023481160506447	0.15673481160506447	2.0	686	170
o_ssm_no_assoc	33333	0	1	CYP1A2__CYP2B6__CYP2C19	CYP1A2	1	0.2173	0.12509181341206826	0.09220818658793173	0.0	1568	336
o_ssm_no_assoc	33333	0	1	CYP1A2__CYP2B6__CYP2D6	CYP1A2	0	0.1709	0.09421813830651146	0.07668186169348853	2.0	1832	351
o_ssm_no_assoc	33333	0	1	CYP1A2__CYP2C8__CYP2C19	CYP1A2	0	0.4638	0.32286852233122393	0.14093147766877606	2.0	363	138
o_ssm_no_assoc	33333	0	1	CYP1A2__CYP2C9__CYP2D6	CYP1A2	0	0.0088	0.049534044402777616	0.040734044402777614	2.0	3674	914
o_ssm_no_assoc	33333	0	1	CYP2C19__CYP2D6__CYP3A4	CYP2C19	0	0.1006	0.24186363976251557	0.14126363976251557	2.0	9715	2206
o_ssm_no_assoc	33333	0	1	CYP2C9__CYP2B6__CYP2C19	CYP2C9	0	0.2184	0.3212355282325723	0.10283552823257228	2.0	1766	522
o_ssm_no_assoc	33333	0	1	CYP2C9__CYP2B6__CYP2D6	CYP2C9	1	0.3113	0.11365146253250348	0.19764853746749655	2.0	2049	379
o_ssm_no_assoc	33333	0	1	CYP2C9__CYP2C8__CYP2D6	CYP2C9	0	0.0235	0.039908251218932544	0.016408251218932544	2.0	686	170
o_ssm_no_assoc	12321	0	1	CYP1A2__CYP2B6__CYP2C19	CYP1A2	1	0.2173	0.2042337587194458	0.013066241280554197	0.0	1568	336
o_ssm_no_assoc	12321	0	1	CYP1A2__CYP2B6__CYP2D6	CYP1A2	0	0.1709	0.18354013760574014	0.012640137605740148	2.0	1832	351
o_ssm_no_assoc	12321	0	1	CYP1A2__CYP2C8__CYP2C19	CYP1A2	0	0.4638	0.19859841961482008	0.26520158038517994	2.0	363	138
o_ssm_no_assoc	12321	0	1	CYP1A2__CYP2C9__CYP2D6	CYP1A2	0	0.0088	0.1584145789803443	0.1496145789803443	2.0	3674	914
o_ssm_no_assoc	12321	0	1	CYP2C19__CYP2D6__CYP3A4	CYP2C19	0	0.1006	0.08138441635865895	0.019215583641341044	2.0	9715	2206
o_ssm_no_assoc	12321	0	1	CYP2C9__CYP2B6__CYP2C19	CYP2C9	0	0.2184	0.1894640919379466	0.0289359080620534	2.0	1766	522
o_ssm_no_assoc	12321	0	1	CYP2C9__CYP2B6__CYP2D6	CYP2C9	1	0.3113	0.15027033506798057	0.16102966493201945	2.0	2049	379
o_ssm_no_assoc	12321	0	1	CYP2C9__CYP2C8__CYP2D6	CYP2C9	0	0.0235	0.18087592966731714	0.15737592966731714	2.0	686	170
o_ssm_no_assoc	24680	0	1	CYP1A2__CYP2B6__CYP2C19	CYP1A2	1	0.2173	0.1934894164541498	0.023810583545850195	0.0	1568	336
o_ssm_no_assoc	24680	0	1	CYP1A2__CYP2B6__CYP2D6	CYP1A2	0	0.1709	0.17721728028359868	0.006317280283598681	2.0	1832	351
o_ssm_no_assoc	24680	0	1	CYP1A2__CYP2C8__CYP2C19	CYP1A2	0	0.4638	0.21965413318391286	0.24414586681608713	2.0	363	138
o_ssm_no_assoc	24680	0	1	CYP1A2__CYP2C9__CYP2D6	CYP1A2	0	0.0088	0.16819420018965014	0.15939420018965014	2.0	3674	914
o_ssm_no_assoc	24680	0	1	CYP2C19__CYP2D6__CYP3A4	CYP2C19	0	0.1006	0.0812941917814503	0.0193058082185497	2.0	9715	2206
o_ssm_no_assoc	24680	0	1	CYP2C9__CYP2B6__CYP2C19	CYP2C9	0	0.2184	0.17538950107094753	0.04301049892905248	2.0	1766	522
o_ssm_no_assoc	24680	0	1	CYP2C9__CYP2B6__CYP2D6	CYP2C9	1	0.3113	0.18121990935220902	0.130080090647791	2.0	2049	379
o_ssm_no_assoc	24680	0	1	CYP2C9__CYP2C8__CYP2D6	CYP2C9	0	0.0235	0.15831113909340258	0.1348111390934026	2.0	686	170
o_ssm_no_assoc	13579	0	1	CYP1A2__CYP2B6__CYP2C19	CYP1A2	1	0.2173	0.18503128230495958	0.032268717695040416	0.0	1568	336
o_ssm_no_assoc	13579	0	1	CYP1A2__CYP2B6__CYP2D6	CYP1A2	0	0.1709	0.1579452812367785	0.01295471876322149	2.0	1832	351
o_ssm_no_assoc	13579	0	1	CYP1A2__CYP2C8__CYP2C19	CYP1A2	0	0.4638	0.21230498261633482	0.2514950173836652	2.0	363	138
o_ssm_no_assoc	13579	0	1	CYP1A2__CYP2C9__CYP2D6	CYP1A2	0	0.0088	0.16422376169500366	0.15542376169500366	2.0	3674	914
o_ssm_no_assoc	13579	0	1	CYP2C19__CYP2D6__CYP3A4	CYP2C19	0	0.1006	0.09932471374747014	0.0012752862525298586	2.0	9715	2206
o_ssm_no_assoc	13579	0	1	CYP2C9__CYP2B6__CYP2C19	CYP2C9	0	0.2184	0.15957842547929918	0.05882157452070083	2.0	1766	522
o_ssm_no_assoc	13579	0	1	CYP2C9__CYP2B6__CYP2D6	CYP2C9	1	0.3113	0.1686606325194	0.14263936748060002	2.0	2049	379
o_ssm_no_assoc	13579	0	1	CYP2C9__CYP2C8__CYP2D6	CYP2C9	0	0.0235	0.1535152446089882	0.1300152446089882	2.0	686	170
o_ssm_no_assoc	54321	0	1	CYP1A2__CYP2B6__CYP2C19	CYP1A2	1	0.2173	0.20265923860471902	0.014640761395280977	0.0	1568	336
o_ssm_no_assoc	54321	0	1	CYP1A2__CYP2B6__CYP2D6	CYP1A2	0	0.1709	0.15854479909783012	0.012355200902169877	2.0	1832	351
o_ssm_no_assoc	54321	0	1	CYP1A2__CYP2C8__CYP2C19	CYP1A2	0	0.4638	0.21194340965998867	0.2518565903400113	2.0	363	138
o_ssm_no_assoc	54321	0	1	CYP1A2__CYP2C9__CYP2D6	CYP1A2	0	0.0088	0.17058472532861552	0.16178472532861551	2.0	3674	914
o_ssm_no_assoc	54321	0	1	CYP2C19__CYP2D6__CYP3A4	CYP2C19	0	0.1006	0.13486600773716267	0.03426600773716268	2.0	9715	2206
o_ssm_no_assoc	54321	0	1	CYP2C9__CYP2B6__CYP2C19	CYP2C9	0	0.2184	0.18991405250903304	0.028485947490966973	2.0	1766	522
o_ssm_no_assoc	54321	0	1	CYP2C9__CYP2B6__CYP2D6	CYP2C9	1	0.3113	0.18156545168223384	0.12973454831776618	2.0	2049	379
o_ssm_no_assoc	54321	0	1	CYP2C9__CYP2C8__CYP2D6	CYP2C9	0	0.0235	0.1868460046537651	0.16334600465376511	2.0	686	170
o_ssm_no_assoc	67890	0	1	CYP1A2__CYP2B6__CYP2C19	CYP1A2	1	0.2173	0.1845785354485051	0.03272146455149488	0.0	1568	336
o_ssm_no_assoc	67890	0	1	CYP1A2__CYP2B6__CYP2D6	CYP1A2	0	0.1709	0.17680802420972824	0.0059080242097282465	2.0	1832	351
o_ssm_no_assoc	67890	0	1	CYP1A2__CYP2C8__CYP2C19	CYP1A2	0	0.4638	0.21897059572727054	0.24482940427272945	2.0	363	138
o_ssm_no_assoc	67890	0	1	CYP1A2__CYP2C9__CYP2D6	CYP1A2	0	0.0088	0.15398591001002068	0.14518591001002068	2.0	3674	914
o_ssm_no_assoc	67890	0	1	CYP2C19__CYP2D6__CYP3A4	CYP2C19	0	0.1006	0.10770475960459813	0.007104759604598138	2.0	9715	2206
o_ssm_no_assoc	67890	0	1	CYP2C9__CYP2B6__CYP2C19	CYP2C9	0	0.2184	0.16735646381502622	0.05104353618497379	2.0	1766	522
o_ssm_no_assoc	67890	0	1	CYP2C9__CYP2B6__CYP2D6	CYP2C9	1	0.3113	0.16630622394946198	0.14499377605053804	2.0	2049	379
o_ssm_no_assoc	67890	0	1	CYP2C9__CYP2C8__CYP2D6	CYP2C9	0	0.0235	0.1763594192258468	0.1528594192258468	2.0	686	170
o_ssm_no_assoc	11223	0	1	CYP1A2__CYP2B6__CYP2C19	CYP1A2	1	0.2173	0.18471524879006693	0.032584751209933066	0.0	1568	336
o_ssm_no_assoc	11223	0	1	CYP1A2__CYP2B6__CYP2D6	CYP1A2	0	0.1709	0.1782993936759167	0.007399393675916716	2.0	1832	351
o_ssm_no_assoc	11223	0	1	CYP1A2__CYP2C8__CYP2C19	CYP1A2	0	0.4638	0.20786247295777627	0.2559375270422237	2.0	363	138
o_ssm_no_assoc	11223	0	1	CYP1A2__CYP2C9__CYP2D6	CYP1A2	0	0.0088	0.1264643943980553	0.11766439439805529	2.0	3674	914
o_ssm_no_assoc	11223	0	1	CYP2C19__CYP2D6__CYP3A4	CYP2C19	0	0.1006	0.12695894980385322	0.026358949803853227	2.0	9715	2206
o_ssm_no_assoc	11223	0	1	CYP2C9__CYP2B6__CYP2C19	CYP2C9	0	0.2184	0.17859116380110535	0.039808836198894665	2.0	1766	522
o_ssm_no_assoc	11223	0	1	CYP2C9__CYP2B6__CYP2D6	CYP2C9	1	0.3113	0.1341836401289796	0.17711635987102042	2.0	2049	379
o_ssm_no_assoc	11223	0	1	CYP2C9__CYP2C8__CYP2D6	CYP2C9	0	0.0235	0.17394214456157792	0.15044214456157792	2.0	686	170
o_ssm_no_assoc	44567	0	1	CYP1A2__CYP2B6__CYP2C19	CYP1A2	1	0.2173	0.19495603862764746	0.022343961372352533	0.0	1568	336
o_ssm_no_assoc	44567	0	1	CYP1A2__CYP2B6__CYP2D6	CYP1A2	0	0.1709	0.16552274708830905	0.005377252911690944	2.0	1832	351
o_ssm_no_assoc	44567	0	1	CYP1A2__CYP2C8__CYP2C19	CYP1A2	0	0.4638	0.20025325432874638	0.2635467456712536	2.0	363	138
o_ssm_no_assoc	44567	0	1	CYP1A2__CYP2C9__CYP2D6	CYP1A2	0	0.0088	0.13164693447444958	0.12284693447444958	2.0	3674	914
o_ssm_no_assoc	44567	0	1	CYP2C19__CYP2D6__CYP3A4	CYP2C19	0	0.1006	0.1288185812705942	0.028218581270594206	2.0	9715	2206
o_ssm_no_assoc	44567	0	1	CYP2C9__CYP2B6__CYP2C19	CYP2C9	0	0.2184	0.19638232731056365	0.022017672689436357	2.0	1766	522
o_ssm_no_assoc	44567	0	1	CYP2C9__CYP2B6__CYP2D6	CYP2C9	1	0.3113	0.15740748449610079	0.15389251550389924	2.0	2049	379
o_ssm_no_assoc	44567	0	1	CYP2C9__CYP2C8__CYP2D6	CYP2C9	0	0.0235	0.15219591283003103	0.12869591283003104	2.0	686	170
o_ssm_no_assoc	77889	0	1	CYP1A2__CYP2B6__CYP2C19	CYP1A2	1	0.2173	0.29049700647011023	0.07319700647011024	0.0	1568	336
o_ssm_no_assoc	77889	0	1	CYP1A2__CYP2B6__CYP2D6	CYP1A2	0	0.1709	0.24531927336509862	0.07441927336509863	2.0	1832	351
o_ssm_no_assoc	77889	0	1	CYP1A2__CYP2C8__CYP2C19	CYP1A2	0	0.4638	0.20141862616257422	0.26238137383742577	2.0	363	138
o_ssm_no_assoc	77889	0	1	CYP1A2__CYP2C9__CYP2D6	CYP1A2	0	0.0088	0.16358299852649882	0.15478299852649882	2.0	3674	914
o_ssm_no_assoc	77889	0	1	CYP2C19__CYP2D6__CYP3A4	CYP2C19	0	0.1006	0.16093549309855637	0.060335493098556375	2.0	9715	2206
o_ssm_no_assoc	77889	0	1	CYP2C9__CYP2B6__CYP2C19	CYP2C9	0	0.2184	0.1225769092648459	0.0958230907351541	2.0	1766	522
o_ssm_no_assoc	77889	0	1	CYP2C9__CYP2B6__CYP2D6	CYP2C9	1	0.3113	0.17011206019329692	0.1411879398067031	2.0	2049	379
o_ssm_no_assoc	77889	0	1	CYP2C9__CYP2C8__CYP2D6	CYP2C9	0	0.0235	0.1533559509192388	0.1298559509192388	2.0	686	170
o_ssm_no_assoc	99001	0	1	CYP1A2__CYP2B6__CYP2C19	CYP1A2	1	0.2173	0.15887749711540727	0.05842250288459272	0.0	1568	336
o_ssm_no_assoc	99001	0	1	CYP1A2__CYP2B6__CYP2D6	CYP1A2	0	0.1709	0.16056284708254487	0.010337152917455128	2.0	1832	351
o_ssm_no_assoc	99001	0	1	CYP1A2__CYP2C8__CYP2C19	CYP1A2	0	0.4638	0.2154705069890856	0.2483294930109144	2.0	363	138
o_ssm_no_assoc	99001	0	1	CYP1A2__CYP2C9__CYP2D6	CYP1A2	0	0.0088	0.152710162468271	0.14391016246827099	2.0	3674	914
o_ssm_no_assoc	99001	0	1	CYP2C19__CYP2D6__CYP3A4	CYP2C19	0	0.1006	0.09462397500121524	0.00597602499878476	2.0	9715	2206
o_ssm_no_assoc	99001	0	1	CYP2C9__CYP2B6__CYP2C19	CYP2C9	0	0.2184	0.16544800685330785	0.05295199314669216	2.0	1766	522
o_ssm_no_assoc	99001	0	1	CYP2C9__CYP2B6__CYP2D6	CYP2C9	1	0.3113	0.16424720975352963	0.1470527902464704	2.0	2049	379
o_ssm_no_assoc	99001	0	1	CYP2C9__CYP2C8__CYP2D6	CYP2C9	0	0.0235	0.16760996323729832	0.14410996323729833	2.0	686	170
o_ssm_no_assoc	31415	0	1	CYP1A2__CYP2B6__CYP2C19	CYP1A2	1	0.2173	0.1819625050606553	0.03533749493934468	0.0	1568	336
o_ssm_no_assoc	31415	0	1	CYP1A2__CYP2B6__CYP2D6	CYP1A2	0	0.1709	0.19095117359571423	0.020051173595714233	2.0	1832	351
o_ssm_no_assoc	31415	0	1	CYP1A2__CYP2C8__CYP2C19	CYP1A2	0	0.4638	0.2181582628571023	0.2456417371428977	2.0	363	138
o_ssm_no_assoc	31415	0	1	CYP1A2__CYP2C9__CYP2D6	CYP1A2	0	0.0088	0.1449086687451546	0.1361086687451546	2.0	3674	914
o_ssm_no_assoc	31415	0	1	CYP2C19__CYP2D6__CYP3A4	CYP2C19	0	0.1006	0.1007721321997428	0.00017213219974281102	2.0	9715	2206
o_ssm_no_assoc	31415	0	1	CYP2C9__CYP2B6__CYP2C19	CYP2C9	0	0.2184	0.16673409091128005	0.05166590908871996	2.0	1766	522
o_ssm_no_assoc	31415	0	1	CYP2C9__CYP2B6__CYP2D6	CYP2C9	1	0.3113	0.14906897954462892	0.1622310204553711	2.0	2049	379
o_ssm_no_assoc	31415	0	1	CYP2C9__CYP2C8__CYP2D6	CYP2C9	0	0.0235	0.18335100711225913	0.15985100711225914	2.0	686	170
o_ssm_no_assoc	27182	0	1	CYP1A2__CYP2B6__CYP2C19	CYP1A2	1	0.2173	0.20418149958136955	0.013118500418630441	0.0	1568	336
o_ssm_no_assoc	27182	0	1	CYP1A2__CYP2B6__CYP2D6	CYP1A2	0	0.1709	0.1872496649719514	0.016349664971951394	2.0	1832	351
o_ssm_no_assoc	27182	0	1	CYP1A2__CYP2C8__CYP2C19	CYP1A2	0	0.4638	0.21375860762064963	0.25004139237935036	2.0	363	138
o_ssm_no_assoc	27182	0	1	CYP1A2__CYP2C9__CYP2D6	CYP1A2	0	0.0088	0.15266635009165336	0.14386635009165336	2.0	3674	914
o_ssm_no_assoc	27182	0	1	CYP2C19__CYP2D6__CYP3A4	CYP2C19	0	0.1006	0.1087882492086501	0.008188249208650106	2.0	9715	2206
o_ssm_no_assoc	27182	0	1	CYP2C9__CYP2B6__CYP2C19	CYP2C9	0	0.2184	0.18392784561532682	0.03447215438467319	2.0	1766	522
o_ssm_no_assoc	27182	0	1	CYP2C9__CYP2B6__CYP2D6	CYP2C9	1	0.3113	0.1637299262949476	0.14757007370505243	2.0	2049	379
o_ssm_no_assoc	27182	0	1	CYP2C9__CYP2C8__CYP2D6	CYP2C9	0	0.0235	0.16074129972502538	0.13724129972502538	2.0	686	170
symmetric_linear	deterministic	1	2	CYP1A2__CYP2B6__CYP3A4	CYP1A2	0	0.2294	0.17508715640498426	0.05431284359501573	2.0	1139	218
symmetric_linear	deterministic	1	2	CYP1A2__CYP2C8__CYP2D6	CYP1A2	0	0.3672	0.1970669882183827	0.17013301178161733	2.0	386	128
symmetric_linear	deterministic	1	2	CYP1A2__CYP2C9__CYP2C8	CYP1A2	1	0.2	0.21986882022632065	0.019868820226320638	2.0	198	65
symmetric_linear	deterministic	1	2	CYP1A2__CYP2C9__CYP3A4	CYP1A2	0	0.0816	0.09785019214151107	0.016250192141511063	2.0	2940	625
symmetric_linear	deterministic	1	2	CYP2C8__CYP2B6__CYP2C19	CYP2C8	0	0.0195	0.22716882484254153	0.20766882484254154	2.0	335	154
symmetric_linear	deterministic	1	2	CYP2C9__CYP2B6__CYP3A4	CYP2C9	0	0.2319	0.1311515691633824	0.10074843083661761	2.0	1959	332
symmetric_linear	deterministic	1	2	CYP2C9__CYP2C19__CYP3A4	CYP2C9	1	0.2286	0.11487275516938084	0.11372724483061916	2.0	7254	1601
symmetric_linear	deterministic	1	2	CYP2C9__CYP2C8__CYP3A4	CYP2C9	0	0.0	0.14650744532880033	0.14650744532880033	2.0	421	69
ordered_linear	deterministic	1	2	CYP1A2__CYP2B6__CYP3A4	CYP1A2	0	0.2294	0.17599524651330717	0.053404753486692824	2.0	1139	218
ordered_linear	deterministic	1	2	CYP1A2__CYP2C8__CYP2D6	CYP1A2	0	0.3672	0.21511719735188717	0.15208280264811286	2.0	386	128
ordered_linear	deterministic	1	2	CYP1A2__CYP2C9__CYP2C8	CYP1A2	1	0.2	0.1890160437299099	0.010983956270090106	2.0	198	65
ordered_linear	deterministic	1	2	CYP1A2__CYP2C9__CYP3A4	CYP1A2	0	0.0816	0.08846448497975282	0.006864484979752811	2.0	2940	625
ordered_linear	deterministic	1	2	CYP2C8__CYP2B6__CYP2C19	CYP2C8	0	0.0195	0.20068528842162703	0.18118528842162704	2.0	335	154
ordered_linear	deterministic	1	2	CYP2C9__CYP2B6__CYP3A4	CYP2C9	0	0.2319	0.14519326812373848	0.08670673187626152	2.0	1959	332
ordered_linear	deterministic	1	2	CYP2C9__CYP2C19__CYP3A4	CYP2C9	1	0.2286	0.1257385697434676	0.10286143025653241	2.0	7254	1601
ordered_linear	deterministic	1	2	CYP2C9__CYP2C8__CYP3A4	CYP2C9	0	0.0	0.17313765004074555	0.17313765004074555	2.0	421	69
h_ssm	55555	1	2	CYP1A2__CYP2B6__CYP3A4	CYP1A2	0	0.2294	0.17500972230119846	0.05439027769880153	2.0	1139	218
h_ssm	55555	1	2	CYP1A2__CYP2C8__CYP2D6	CYP1A2	0	0.3672	0.1855467657086883	0.18165323429131172	2.0	386	128
h_ssm	55555	1	2	CYP1A2__CYP2C9__CYP2C8	CYP1A2	1	0.2	0.21219958404018185	0.012199584040181843	2.0	198	65
h_ssm	55555	1	2	CYP1A2__CYP2C9__CYP3A4	CYP1A2	0	0.0816	0.10367300497497275	0.02207300497497275	2.0	2940	625
h_ssm	55555	1	2	CYP2C8__CYP2B6__CYP2C19	CYP2C8	0	0.0195	0.21077429721780103	0.19127429721780104	2.0	335	154
h_ssm	55555	1	2	CYP2C9__CYP2B6__CYP3A4	CYP2C9	0	0.2319	0.15316420054808028	0.07873579945191972	2.0	1959	332
h_ssm	55555	1	2	CYP2C9__CYP2C19__CYP3A4	CYP2C9	1	0.2286	0.11537712927669198	0.11322287072330801	2.0	7254	1601
h_ssm	55555	1	2	CYP2C9__CYP2C8__CYP3A4	CYP2C9	0	0.0	0.15933738275168974	0.15933738275168974	2.0	421	69
h_ssm	11111	1	2	CYP1A2__CYP2B6__CYP3A4	CYP1A2	0	0.2294	0.17166288151863826	0.05773711848136173	2.0	1139	218
h_ssm	11111	1	2	CYP1A2__CYP2C8__CYP2D6	CYP1A2	0	0.3672	0.18754681947688298	0.17965318052311705	2.0	386	128
h_ssm	11111	1	2	CYP1A2__CYP2C9__CYP2C8	CYP1A2	1	0.2	0.2129019834438133	0.012901983443813297	2.0	198	65
h_ssm	11111	1	2	CYP1A2__CYP2C9__CYP3A4	CYP1A2	0	0.0816	0.10403503647790785	0.022435036477907844	2.0	2940	625
h_ssm	11111	1	2	CYP2C8__CYP2B6__CYP2C19	CYP2C8	0	0.0195	0.208221692650096	0.188721692650096	2.0	335	154
h_ssm	11111	1	2	CYP2C9__CYP2B6__CYP3A4	CYP2C9	0	0.2319	0.14967281473733893	0.08222718526266107	2.0	1959	332
h_ssm	11111	1	2	CYP2C9__CYP2C19__CYP3A4	CYP2C9	1	0.2286	0.1220892610747562	0.10651073892524379	2.0	7254	1601
h_ssm	11111	1	2	CYP2C9__CYP2C8__CYP3A4	CYP2C9	0	0.0	0.15965402448141225	0.15965402448141225	2.0	421	69
h_ssm	99887	1	2	CYP1A2__CYP2B6__CYP3A4	CYP1A2	0	0.2294	0.15753042368105455	0.07186957631894544	2.0	1139	218
h_ssm	99887	1	2	CYP1A2__CYP2C8__CYP2D6	CYP1A2	0	0.3672	0.18344269423507514	0.18375730576492488	2.0	386	128
h_ssm	99887	1	2	CYP1A2__CYP2C9__CYP2C8	CYP1A2	1	0.2	0.2202703705474702	0.02027037054747019	2.0	198	65
h_ssm	99887	1	2	CYP1A2__CYP2C9__CYP3A4	CYP1A2	0	0.0816	0.10887438851884625	0.02727438851884624	2.0	2940	625
h_ssm	99887	1	2	CYP2C8__CYP2B6__CYP2C19	CYP2C8	0	0.0195	0.2165148876993624	0.1970148876993624	2.0	335	154
h_ssm	99887	1	2	CYP2C9__CYP2B6__CYP3A4	CYP2C9	0	0.2319	0.13563905755081537	0.09626094244918462	2.0	1959	332
h_ssm	99887	1	2	CYP2C9__CYP2C19__CYP3A4	CYP2C9	1	0.2286	0.12161205890389287	0.10698794109610713	2.0	7254	1601
h_ssm	99887	1	2	CYP2C9__CYP2C8__CYP3A4	CYP2C9	0	0.0	0.16270145532679156	0.16270145532679156	2.0	421	69
h_ssm	22222	1	2	CYP1A2__CYP2B6__CYP3A4	CYP1A2	0	0.2294	0.1581507978902497	0.0712492021097503	2.0	1139	218
h_ssm	22222	1	2	CYP1A2__CYP2C8__CYP2D6	CYP1A2	0	0.3672	0.1948539405979506	0.17234605940204942	2.0	386	128
h_ssm	22222	1	2	CYP1A2__CYP2C9__CYP2C8	CYP1A2	1	0.2	0.21513985246978692	0.015139852469786913	2.0	198	65
h_ssm	22222	1	2	CYP1A2__CYP2C9__CYP3A4	CYP1A2	0	0.0816	0.10147926298394024	0.01987926298394023	2.0	2940	625
h_ssm	22222	1	2	CYP2C8__CYP2B6__CYP2C19	CYP2C8	0	0.0195	0.2083590608830671	0.18885906088306711	2.0	335	154
h_ssm	22222	1	2	CYP2C9__CYP2B6__CYP3A4	CYP2C9	0	0.2319	0.13657703900098123	0.09532296099901877	2.0	1959	332
h_ssm	22222	1	2	CYP2C9__CYP2C19__CYP3A4	CYP2C9	1	0.2286	0.12000369325163868	0.10859630674836132	2.0	7254	1601
h_ssm	22222	1	2	CYP2C9__CYP2C8__CYP3A4	CYP2C9	0	0.0	0.15599500477258688	0.15599500477258688	2.0	421	69
h_ssm	44444	1	2	CYP1A2__CYP2B6__CYP3A4	CYP1A2	0	0.2294	0.16743840511208924	0.061961594887910754	2.0	1139	218
h_ssm	44444	1	2	CYP1A2__CYP2C8__CYP2D6	CYP1A2	0	0.3672	0.1888882744596094	0.17831172554039063	2.0	386	128
h_ssm	44444	1	2	CYP1A2__CYP2C9__CYP2C8	CYP1A2	1	0.2	0.214349961809402	0.014349961809401984	2.0	198	65
h_ssm	44444	1	2	CYP1A2__CYP2C9__CYP3A4	CYP1A2	0	0.0816	0.09816986017113512	0.016569860171135112	2.0	2940	625
h_ssm	44444	1	2	CYP2C8__CYP2B6__CYP2C19	CYP2C8	0	0.0195	0.2222161752012082	0.20271617520120822	2.0	335	154
h_ssm	44444	1	2	CYP2C9__CYP2B6__CYP3A4	CYP2C9	0	0.2319	0.14404954716223287	0.08785045283776713	2.0	1959	332
h_ssm	44444	1	2	CYP2C9__CYP2C19__CYP3A4	CYP2C9	1	0.2286	0.10752348397252502	0.12107651602747498	2.0	7254	1601
h_ssm	44444	1	2	CYP2C9__CYP2C8__CYP3A4	CYP2C9	0	0.0	0.15641826883363574	0.15641826883363574	2.0	421	69
h_ssm	66666	1	2	CYP1A2__CYP2B6__CYP3A4	CYP1A2	0	0.2294	0.17029792044671857	0.05910207955328142	2.0	1139	218
h_ssm	66666	1	2	CYP1A2__CYP2C8__CYP2D6	CYP1A2	0	0.3672	0.1835498952380014	0.18365010476199864	2.0	386	128
h_ssm	66666	1	2	CYP1A2__CYP2C9__CYP2C8	CYP1A2	1	0.2	0.21603401716068907	0.016034017160689057	2.0	198	65
h_ssm	66666	1	2	CYP1A2__CYP2C9__CYP3A4	CYP1A2	0	0.0816	0.10143169486676129	0.019831694866761285	2.0	2940	625
h_ssm	66666	1	2	CYP2C8__CYP2B6__CYP2C19	CYP2C8	0	0.0195	0.22351240233078515	0.20401240233078516	2.0	335	154
h_ssm	66666	1	2	CYP2C9__CYP2B6__CYP3A4	CYP2C9	0	0.2319	0.1470900307483643	0.0848099692516357	2.0	1959	332
h_ssm	66666	1	2	CYP2C9__CYP2C19__CYP3A4	CYP2C9	1	0.2286	0.11407697133743683	0.11452302866256317	2.0	7254	1601
h_ssm	66666	1	2	CYP2C9__CYP2C8__CYP3A4	CYP2C9	0	0.0	0.15907682965462694	0.15907682965462694	2.0	421	69
h_ssm	77777	1	2	CYP1A2__CYP2B6__CYP3A4	CYP1A2	0	0.2294	0.15121627327761786	0.07818372672238214	2.0	1139	218
h_ssm	77777	1	2	CYP1A2__CYP2C8__CYP2D6	CYP1A2	0	0.3672	0.1946368430562681	0.17256315694373192	2.0	386	128
h_ssm	77777	1	2	CYP1A2__CYP2C9__CYP2C8	CYP1A2	1	0.2	0.21906332848505833	0.019063328485058317	2.0	198	65
h_ssm	77777	1	2	CYP1A2__CYP2C9__CYP3A4	CYP1A2	0	0.0816	0.10319107872177112	0.021591078721771115	2.0	2940	625
h_ssm	77777	1	2	CYP2C8__CYP2B6__CYP2C19	CYP2C8	0	0.0195	0.2094445012865488	0.1899445012865488	2.0	335	154
h_ssm	77777	1	2	CYP2C9__CYP2B6__CYP3A4	CYP2C9	0	0.2319	0.1298001120062277	0.10209988799377229	2.0	1959	332
h_ssm	77777	1	2	CYP2C9__CYP2C19__CYP3A4	CYP2C9	1	0.2286	0.12010759167632058	0.10849240832367942	2.0	7254	1601
h_ssm	77777	1	2	CYP2C9__CYP2C8__CYP3A4	CYP2C9	0	0.0	0.15662625226498944	0.15662625226498944	2.0	421	69
h_ssm	88888	1	2	CYP1A2__CYP2B6__CYP3A4	CYP1A2	0	0.2294	0.16925044973299647	0.060149550267003526	2.0	1139	218
h_ssm	88888	1	2	CYP1A2__CYP2C8__CYP2D6	CYP1A2	0	0.3672	0.18298446441727	0.18421553558273002	2.0	386	128
h_ssm	88888	1	2	CYP1A2__CYP2C9__CYP2C8	CYP1A2	1	0.2	0.21419945021809372	0.014199450218093712	2.0	198	65
h_ssm	88888	1	2	CYP1A2__CYP2C9__CYP3A4	CYP1A2	0	0.0816	0.10837958581105067	0.026779585811050666	2.0	2940	625
h_ssm	88888	1	2	CYP2C8__CYP2B6__CYP2C19	CYP2C8	0	0.0195	0.20571608138879557	0.18621608138879558	2.0	335	154
h_ssm	88888	1	2	CYP2C9__CYP2B6__CYP3A4	CYP2C9	0	0.2319	0.14814059009992012	0.08375940990007988	2.0	1959	332
h_ssm	88888	1	2	CYP2C9__CYP2C19__CYP3A4	CYP2C9	1	0.2286	0.12415919480513819	0.1044408051948618	2.0	7254	1601
h_ssm	88888	1	2	CYP2C9__CYP2C8__CYP3A4	CYP2C9	0	0.0	0.16171025973577852	0.16171025973577852	2.0	421	69
h_ssm	33333	1	2	CYP1A2__CYP2B6__CYP3A4	CYP1A2	0	0.2294	0.15330198776737874	0.07609801223262125	2.0	1139	218
h_ssm	33333	1	2	CYP1A2__CYP2C8__CYP2D6	CYP1A2	0	0.3672	0.19533307852876103	0.171866921471239	2.0	386	128
h_ssm	33333	1	2	CYP1A2__CYP2C9__CYP2C8	CYP1A2	1	0.2	0.21841809112608856	0.018418091126088554	2.0	198	65
h_ssm	33333	1	2	CYP1A2__CYP2C9__CYP3A4	CYP1A2	0	0.0816	0.1030968683937123	0.021496868393712287	2.0	2940	625
h_ssm	33333	1	2	CYP2C8__CYP2B6__CYP2C19	CYP2C8	0	0.0195	0.20700620583515209	0.1875062058351521	2.0	335	154
h_ssm	33333	1	2	CYP2C9__CYP2B6__CYP3A4	CYP2C9	0	0.2319	0.1314593500978659	0.10044064990213408	2.0	1959	332
h_ssm	33333	1	2	CYP2C9__CYP2C19__CYP3A4	CYP2C9	1	0.2286	0.1226660636287561	0.1059339363712439	2.0	7254	1601
h_ssm	33333	1	2	CYP2C9__CYP2C8__CYP3A4	CYP2C9	0	0.0	0.15694415713155224	0.15694415713155224	2.0	421	69
h_ssm	12321	1	2	CYP1A2__CYP2B6__CYP3A4	CYP1A2	0	0.2294	0.1598869890940517	0.0695130109059483	2.0	1139	218
h_ssm	12321	1	2	CYP1A2__CYP2C8__CYP2D6	CYP1A2	0	0.3672	0.1873861535018671	0.17981384649813292	2.0	386	128
h_ssm	12321	1	2	CYP1A2__CYP2C9__CYP2C8	CYP1A2	1	0.2	0.2164560177535819	0.01645601775358188	2.0	198	65
h_ssm	12321	1	2	CYP1A2__CYP2C9__CYP3A4	CYP1A2	0	0.0816	0.10222456546437264	0.020624565464372635	2.0	2940	625
h_ssm	12321	1	2	CYP2C8__CYP2B6__CYP2C19	CYP2C8	0	0.0195	0.22507397936202786	0.20557397936202787	2.0	335	154
h_ssm	12321	1	2	CYP2C9__CYP2B6__CYP3A4	CYP2C9	0	0.2319	0.1370602870393293	0.0948397129606707	2.0	1959	332
h_ssm	12321	1	2	CYP2C9__CYP2C19__CYP3A4	CYP2C9	1	0.2286	0.11305998257994615	0.11554001742005385	2.0	7254	1601
h_ssm	12321	1	2	CYP2C9__CYP2C8__CYP3A4	CYP2C9	0	0.0	0.1585926534038252	0.1585926534038252	2.0	421	69
h_ssm	24680	1	2	CYP1A2__CYP2B6__CYP3A4	CYP1A2	0	0.2294	0.16036695787227861	0.06903304212772138	2.0	1139	218
h_ssm	24680	1	2	CYP1A2__CYP2C8__CYP2D6	CYP1A2	0	0.3672	0.19320550265394695	0.17399449734605307	2.0	386	128
h_ssm	24680	1	2	CYP1A2__CYP2C9__CYP2C8	CYP1A2	1	0.2	0.2154103431174726	0.01541034311747258	2.0	198	65
h_ssm	24680	1	2	CYP1A2__CYP2C9__CYP3A4	CYP1A2	0	0.0816	0.10294178684613502	0.02134178684613501	2.0	2940	625
h_ssm	24680	1	2	CYP2C8__CYP2B6__CYP2C19	CYP2C8	0	0.0195	0.20701154347185152	0.18751154347185153	2.0	335	154
h_ssm	24680	1	2	CYP2C9__CYP2B6__CYP3A4	CYP2C9	0	0.2319	0.13834634175048877	0.09355365824951123	2.0	1959	332
h_ssm	24680	1	2	CYP2C9__CYP2C19__CYP3A4	CYP2C9	1	0.2286	0.12199649621816128	0.10660350378183872	2.0	7254	1601
h_ssm	24680	1	2	CYP2C9__CYP2C8__CYP3A4	CYP2C9	0	0.0	0.15784364259545605	0.15784364259545605	2.0	421	69
h_ssm	13579	1	2	CYP1A2__CYP2B6__CYP3A4	CYP1A2	0	0.2294	0.15676666728152241	0.07263333271847758	2.0	1139	218
h_ssm	13579	1	2	CYP1A2__CYP2C8__CYP2D6	CYP1A2	0	0.3672	0.19486683661697132	0.1723331633830287	2.0	386	128
h_ssm	13579	1	2	CYP1A2__CYP2C9__CYP2C8	CYP1A2	1	0.2	0.2166194173528511	0.01661941735285108	2.0	198	65
h_ssm	13579	1	2	CYP1A2__CYP2C9__CYP3A4	CYP1A2	0	0.0816	0.10295637728255311	0.021356377282553102	2.0	2940	625
h_ssm	13579	1	2	CYP2C8__CYP2B6__CYP2C19	CYP2C8	0	0.0195	0.20644137925482695	0.18694137925482696	2.0	335	154
h_ssm	13579	1	2	CYP2C9__CYP2B6__CYP3A4	CYP2C9	0	0.2319	0.1351960750845153	0.09670392491548468	2.0	1959	332
h_ssm	13579	1	2	CYP2C9__CYP2C19__CYP3A4	CYP2C9	1	0.2286	0.12201547157680177	0.10658452842319822	2.0	7254	1601
h_ssm	13579	1	2	CYP2C9__CYP2C8__CYP3A4	CYP2C9	0	0.0	0.15706479745874108	0.15706479745874108	2.0	421	69
h_ssm	54321	1	2	CYP1A2__CYP2B6__CYP3A4	CYP1A2	0	0.2294	0.17708502134254506	0.052314978657454936	2.0	1139	218
h_ssm	54321	1	2	CYP1A2__CYP2C8__CYP2D6	CYP1A2	0	0.3672	0.18387166423150558	0.18332833576849444	2.0	386	128
h_ssm	54321	1	2	CYP1A2__CYP2C9__CYP2C8	CYP1A2	1	0.2	0.21325762862424552	0.01325762862424551	2.0	198	65
h_ssm	54321	1	2	CYP1A2__CYP2C9__CYP3A4	CYP1A2	0	0.0816	0.10380361079317382	0.022203610793173817	2.0	2940	625
h_ssm	54321	1	2	CYP2C8__CYP2B6__CYP2C19	CYP2C8	0	0.0195	0.2117221619462723	0.1922221619462723	2.0	335	154
h_ssm	54321	1	2	CYP2C9__CYP2B6__CYP3A4	CYP2C9	0	0.2319	0.15534912820330446	0.07655087179669554	2.0	1959	332
h_ssm	54321	1	2	CYP2C9__CYP2C19__CYP3A4	CYP2C9	1	0.2286	0.11912251759868489	0.10947748240131511	2.0	7254	1601
h_ssm	54321	1	2	CYP2C9__CYP2C8__CYP3A4	CYP2C9	0	0.0	0.15951343173469637	0.15951343173469637	2.0	421	69
h_ssm	67890	1	2	CYP1A2__CYP2B6__CYP3A4	CYP1A2	0	0.2294	0.1603980703532461	0.06900192964675389	2.0	1139	218
h_ssm	67890	1	2	CYP1A2__CYP2C8__CYP2D6	CYP1A2	0	0.3672	0.18177662634226208	0.18542337365773795	2.0	386	128
h_ssm	67890	1	2	CYP1A2__CYP2C9__CYP2C8	CYP1A2	1	0.2	0.22036218926782292	0.020362189267822906	2.0	198	65
h_ssm	67890	1	2	CYP1A2__CYP2C9__CYP3A4	CYP1A2	0	0.0816	0.110934606713649	0.029334606713649	2.0	2940	625
h_ssm	67890	1	2	CYP2C8__CYP2B6__CYP2C19	CYP2C8	0	0.0195	0.20975136150513182	0.19025136150513183	2.0	335	154
h_ssm	67890	1	2	CYP2C9__CYP2B6__CYP3A4	CYP2C9	0	0.2319	0.13903787705681558	0.09286212294318441	2.0	1959	332
h_ssm	67890	1	2	CYP2C9__CYP2C19__CYP3A4	CYP2C9	1	0.2286	0.1253825702779239	0.10321742972207609	2.0	7254	1601
h_ssm	67890	1	2	CYP2C9__CYP2C8__CYP3A4	CYP2C9	0	0.0	0.1638500717618273	0.1638500717618273	2.0	421	69
h_ssm	11223	1	2	CYP1A2__CYP2B6__CYP3A4	CYP1A2	0	0.2294	0.16399815650673025	0.06540184349326975	2.0	1139	218
h_ssm	11223	1	2	CYP1A2__CYP2C8__CYP2D6	CYP1A2	0	0.3672	0.17948081762686613	0.1877191823731339	2.0	386	128
h_ssm	11223	1	2	CYP1A2__CYP2C9__CYP2C8	CYP1A2	1	0.2	0.21662122652785143	0.016621226527851418	2.0	198	65
h_ssm	11223	1	2	CYP1A2__CYP2C9__CYP3A4	CYP1A2	0	0.0816	0.10790843163614694	0.026308431636146934	2.0	2940	625
h_ssm	11223	1	2	CYP2C8__CYP2B6__CYP2C19	CYP2C8	0	0.0195	0.21594734074655617	0.19644734074655618	2.0	335	154
h_ssm	11223	1	2	CYP2C9__CYP2B6__CYP3A4	CYP2C9	0	0.2319	0.14227152893979583	0.08962847106020416	2.0	1959	332
h_ssm	11223	1	2	CYP2C9__CYP2C19__CYP3A4	CYP2C9	1	0.2286	0.12217402925776946	0.10642597074223054	2.0	7254	1601
h_ssm	11223	1	2	CYP2C9__CYP2C8__CYP3A4	CYP2C9	0	0.0	0.16181944578578683	0.16181944578578683	2.0	421	69
h_ssm	44567	1	2	CYP1A2__CYP2B6__CYP3A4	CYP1A2	0	0.2294	0.16463025392858524	0.06476974607141475	2.0	1139	218
h_ssm	44567	1	2	CYP1A2__CYP2C8__CYP2D6	CYP1A2	0	0.3672	0.18333197426115194	0.18386802573884808	2.0	386	128
h_ssm	44567	1	2	CYP1A2__CYP2C9__CYP2C8	CYP1A2	1	0.2	0.21276991399367196	0.012769913993671944	2.0	198	65
h_ssm	44567	1	2	CYP1A2__CYP2C9__CYP3A4	CYP1A2	0	0.0816	0.1050582895768585	0.0234582895768585	2.0	2940	625
h_ssm	44567	1	2	CYP2C8__CYP2B6__CYP2C19	CYP2C8	0	0.0195	0.21470393060645604	0.19520393060645605	2.0	335	154
h_ssm	44567	1	2	CYP2C9__CYP2B6__CYP3A4	CYP2C9	0	0.2319	0.14260261650669248	0.08929738349330751	2.0	1959	332
h_ssm	44567	1	2	CYP2C9__CYP2C19__CYP3A4	CYP2C9	1	0.2286	0.10659122510469739	0.12200877489530261	2.0	7254	1601
h_ssm	44567	1	2	CYP2C9__CYP2C8__CYP3A4	CYP2C9	0	0.0	0.1596819417591935	0.1596819417591935	2.0	421	69
h_ssm	77889	1	2	CYP1A2__CYP2B6__CYP3A4	CYP1A2	0	0.2294	0.17341405742336327	0.05598594257663672	2.0	1139	218
h_ssm	77889	1	2	CYP1A2__CYP2C8__CYP2D6	CYP1A2	0	0.3672	0.1860486698783547	0.18115133012164533	2.0	386	128
h_ssm	77889	1	2	CYP1A2__CYP2C9__CYP2C8	CYP1A2	1	0.2	0.2119498487577498	0.011949848757749792	2.0	198	65
h_ssm	77889	1	2	CYP1A2__CYP2C9__CYP3A4	CYP1A2	0	0.0816	0.10305525851222863	0.021455258512228625	2.0	2940	625
h_ssm	77889	1	2	CYP2C8__CYP2B6__CYP2C19	CYP2C8	0	0.0195	0.21174679030586085	0.19224679030586087	2.0	335	154
h_ssm	77889	1	2	CYP2C9__CYP2B6__CYP3A4	CYP2C9	0	0.2319	0.15146384425515666	0.08043615574484334	2.0	1959	332
h_ssm	77889	1	2	CYP2C9__CYP2C19__CYP3A4	CYP2C9	1	0.2286	0.11141358069751713	0.11718641930248287	2.0	7254	1601
h_ssm	77889	1	2	CYP2C9__CYP2C8__CYP3A4	CYP2C9	0	0.0	0.158816436480056	0.158816436480056	2.0	421	69
h_ssm	99001	1	2	CYP1A2__CYP2B6__CYP3A4	CYP1A2	0	0.2294	0.16059707681413826	0.06880292318586173	2.0	1139	218
h_ssm	99001	1	2	CYP1A2__CYP2C8__CYP2D6	CYP1A2	0	0.3672	0.18601923741654783	0.1811807625834522	2.0	386	128
h_ssm	99001	1	2	CYP1A2__CYP2C9__CYP2C8	CYP1A2	1	0.2	0.21978109963273657	0.019781099632736554	2.0	198	65
h_ssm	99001	1	2	CYP1A2__CYP2C9__CYP3A4	CYP1A2	0	0.0816	0.10496343655262425	0.02336343655262424	2.0	2940	625
h_ssm	99001	1	2	CYP2C8__CYP2B6__CYP2C19	CYP2C8	0	0.0195	0.22189497329223568	0.20239497329223569	2.0	335	154
h_ssm	99001	1	2	CYP2C9__CYP2B6__CYP3A4	CYP2C9	0	0.2319	0.13770736502705724	0.09419263497294275	2.0	1959	332
h_ssm	99001	1	2	CYP2C9__CYP2C19__CYP3A4	CYP2C9	1	0.2286	0.12111122382606268	0.10748877617393732	2.0	7254	1601
h_ssm	99001	1	2	CYP2C9__CYP2C8__CYP3A4	CYP2C9	0	0.0	0.1609309882095326	0.1609309882095326	2.0	421	69
h_ssm	31415	1	2	CYP1A2__CYP2B6__CYP3A4	CYP1A2	0	0.2294	0.16624480439041703	0.06315519560958296	2.0	1139	218
h_ssm	31415	1	2	CYP1A2__CYP2C8__CYP2D6	CYP1A2	0	0.3672	0.18765505613281874	0.17954494386718128	2.0	386	128
h_ssm	31415	1	2	CYP1A2__CYP2C9__CYP2C8	CYP1A2	1	0.2	0.21886179490646146	0.01886179490646145	2.0	198	65
h_ssm	31415	1	2	CYP1A2__CYP2C9__CYP3A4	CYP1A2	0	0.0816	0.10215729652902802	0.02055729652902802	2.0	2940	625
h_ssm	31415	1	2	CYP2C8__CYP2B6__CYP2C19	CYP2C8	0	0.0195	0.2187404083541697	0.1992404083541697	2.0	335	154
h_ssm	31415	1	2	CYP2C9__CYP2B6__CYP3A4	CYP2C9	0	0.2319	0.14236299391672488	0.08953700608327511	2.0	1959	332
h_ssm	31415	1	2	CYP2C9__CYP2C19__CYP3A4	CYP2C9	1	0.2286	0.1182688436793846	0.1103311563206154	2.0	7254	1601
h_ssm	31415	1	2	CYP2C9__CYP2C8__CYP3A4	CYP2C9	0	0.0	0.1600837576329049	0.1600837576329049	2.0	421	69
h_ssm	27182	1	2	CYP1A2__CYP2B6__CYP3A4	CYP1A2	0	0.2294	0.15481491063877467	0.07458508936122532	2.0	1139	218
h_ssm	27182	1	2	CYP1A2__CYP2C8__CYP2D6	CYP1A2	0	0.3672	0.19557267487587912	0.1716273251241209	2.0	386	128
h_ssm	27182	1	2	CYP1A2__CYP2C9__CYP2C8	CYP1A2	1	0.2	0.2173445303020023	0.01734453030200228	2.0	198	65
h_ssm	27182	1	2	CYP1A2__CYP2C9__CYP3A4	CYP1A2	0	0.0816	0.10248016372100222	0.02088016372100221	2.0	2940	625
h_ssm	27182	1	2	CYP2C8__CYP2B6__CYP2C19	CYP2C8	0	0.0195	0.2072814452381962	0.1877814452381962	2.0	335	154
h_ssm	27182	1	2	CYP2C9__CYP2B6__CYP3A4	CYP2C9	0	0.2319	0.13314869966707674	0.09875130033292326	2.0	1959	332
h_ssm	27182	1	2	CYP2C9__CYP2C19__CYP3A4	CYP2C9	1	0.2286	0.1219888203620881	0.1066111796379119	2.0	7254	1601
h_ssm	27182	1	2	CYP2C9__CYP2C8__CYP3A4	CYP2C9	0	0.0	0.15647024611731047	0.15647024611731047	2.0	421	69
o_ssm	55555	1	2	CYP1A2__CYP2B6__CYP3A4	CYP1A2	0	0.2294	0.1591182122848524	0.07028178771514759	2.0	1139	218
o_ssm	55555	1	2	CYP1A2__CYP2C8__CYP2D6	CYP1A2	0	0.3672	0.20331232607135677	0.16388767392864326	2.0	386	128
o_ssm	55555	1	2	CYP1A2__CYP2C9__CYP2C8	CYP1A2	1	0.2	0.22280705530814954	0.022807055308149526	2.0	198	65
o_ssm	55555	1	2	CYP1A2__CYP2C9__CYP3A4	CYP1A2	0	0.0816	0.10154718189475559	0.019947181894755583	2.0	2940	625
o_ssm	55555	1	2	CYP2C8__CYP2B6__CYP2C19	CYP2C8	0	0.0195	0.2072887917943368	0.1877887917943368	2.0	335	154
o_ssm	55555	1	2	CYP2C9__CYP2B6__CYP3A4	CYP2C9	0	0.2319	0.17607381491161822	0.055826185088381775	2.0	1959	332
o_ssm	55555	1	2	CYP2C9__CYP2C19__CYP3A4	CYP2C9	1	0.2286	0.099314608199733	0.129285391800267	2.0	7254	1601
o_ssm	55555	1	2	CYP2C9__CYP2C8__CYP3A4	CYP2C9	0	0.0	0.1691137208082547	0.1691137208082547	2.0	421	69
o_ssm	11111	1	2	CYP1A2__CYP2B6__CYP3A4	CYP1A2	0	0.2294	0.1642444609192298	0.06515553908077018	2.0	1139	218
o_ssm	11111	1	2	CYP1A2__CYP2C8__CYP2D6	CYP1A2	0	0.3672	0.1823780437989726	0.18482195620102743	2.0	386	128
o_ssm	11111	1	2	CYP1A2__CYP2C9__CYP2C8	CYP1A2	1	0.2	0.2180547110146903	0.018054711014690278	2.0	198	65
o_ssm	11111	1	2	CYP1A2__CYP2C9__CYP3A4	CYP1A2	0	0.0816	0.09812971280580368	0.016529712805803676	2.0	2940	625
o_ssm	11111	1	2	CYP2C8__CYP2B6__CYP2C19	CYP2C8	0	0.0195	0.22093589373293382	0.20143589373293383	2.0	335	154
o_ssm	11111	1	2	CYP2C9__CYP2B6__CYP3A4	CYP2C9	0	0.2319	0.16153140397844012	0.07036859602155987	2.0	1959	332
o_ssm	11111	1	2	CYP2C9__CYP2C19__CYP3A4	CYP2C9	1	0.2286	0.11025733718856728	0.11834266281143271	2.0	7254	1601
o_ssm	11111	1	2	CYP2C9__CYP2C8__CYP3A4	CYP2C9	0	0.0	0.15479196865197062	0.15479196865197062	2.0	421	69
o_ssm	99887	1	2	CYP1A2__CYP2B6__CYP3A4	CYP1A2	0	0.2294	0.17175100677578717	0.057648993224212824	2.0	1139	218
o_ssm	99887	1	2	CYP1A2__CYP2C8__CYP2D6	CYP1A2	0	0.3672	0.19175345413980052	0.1754465458601995	2.0	386	128
o_ssm	99887	1	2	CYP1A2__CYP2C9__CYP2C8	CYP1A2	1	0.2	0.1967365634048924	0.0032634365951076105	2.0	198	65
o_ssm	99887	1	2	CYP1A2__CYP2C9__CYP3A4	CYP1A2	0	0.0816	0.12222519533746057	0.04062519533746056	2.0	2940	625
o_ssm	99887	1	2	CYP2C8__CYP2B6__CYP2C19	CYP2C8	0	0.0195	0.24202477599035147	0.22252477599035148	2.0	335	154
o_ssm	99887	1	2	CYP2C9__CYP2B6__CYP3A4	CYP2C9	0	0.2319	0.13072591519075552	0.10117408480924447	2.0	1959	332
o_ssm	99887	1	2	CYP2C9__CYP2C19__CYP3A4	CYP2C9	1	0.2286	0.12179540951290181	0.10680459048709819	2.0	7254	1601
o_ssm	99887	1	2	CYP2C9__CYP2C8__CYP3A4	CYP2C9	0	0.0	0.16218679903751884	0.16218679903751884	2.0	421	69
o_ssm	22222	1	2	CYP1A2__CYP2B6__CYP3A4	CYP1A2	0	0.2294	0.16768352371041456	0.06171647628958543	2.0	1139	218
o_ssm	22222	1	2	CYP1A2__CYP2C8__CYP2D6	CYP1A2	0	0.3672	0.18841827910816109	0.17878172089183894	2.0	386	128
o_ssm	22222	1	2	CYP1A2__CYP2C9__CYP2C8	CYP1A2	1	0.2	0.21214083465282274	0.01214083465282273	2.0	198	65
o_ssm	22222	1	2	CYP1A2__CYP2C9__CYP3A4	CYP1A2	0	0.0816	0.10724092954178199	0.025640929541781987	2.0	2940	625
o_ssm	22222	1	2	CYP2C8__CYP2B6__CYP2C19	CYP2C8	0	0.0195	0.2125568487712959	0.19305684877129592	2.0	335	154
o_ssm	22222	1	2	CYP2C9__CYP2B6__CYP3A4	CYP2C9	0	0.2319	0.15890712208906127	0.07299287791093872	2.0	1959	332
o_ssm	22222	1	2	CYP2C9__CYP2C19__CYP3A4	CYP2C9	1	0.2286	0.10694835748774946	0.12165164251225054	2.0	7254	1601
o_ssm	22222	1	2	CYP2C9__CYP2C8__CYP3A4	CYP2C9	0	0.0	0.16319915840702198	0.16319915840702198	2.0	421	69
o_ssm	44444	1	2	CYP1A2__CYP2B6__CYP3A4	CYP1A2	0	0.2294	0.1777026173266467	0.051697382673353304	2.0	1139	218
o_ssm	44444	1	2	CYP1A2__CYP2C8__CYP2D6	CYP1A2	0	0.3672	0.2076701992792608	0.15952980072073922	2.0	386	128
o_ssm	44444	1	2	CYP1A2__CYP2C9__CYP2C8	CYP1A2	1	0.2	0.1921787985156357	0.007821201484364299	2.0	198	65
o_ssm	44444	1	2	CYP1A2__CYP2C9__CYP3A4	CYP1A2	0	0.0816	0.11307007122367098	0.03147007122367097	2.0	2940	625
o_ssm	44444	1	2	CYP2C8__CYP2B6__CYP2C19	CYP2C8	0	0.0195	0.1764637490797087	0.1569637490797087	2.0	335	154
o_ssm	44444	1	2	CYP2C9__CYP2B6__CYP3A4	CYP2C9	0	0.2319	0.138102499955389	0.09379750004461099	2.0	1959	332
o_ssm	44444	1	2	CYP2C9__CYP2C19__CYP3A4	CYP2C9	1	0.2286	0.11175802601047569	0.11684197398952431	2.0	7254	1601
o_ssm	44444	1	2	CYP2C9__CYP2C8__CYP3A4	CYP2C9	0	0.0	0.17582319157435702	0.17582319157435702	2.0	421	69
o_ssm	66666	1	2	CYP1A2__CYP2B6__CYP3A4	CYP1A2	0	0.2294	0.15683954998703697	0.07256045001296302	2.0	1139	218
o_ssm	66666	1	2	CYP1A2__CYP2C8__CYP2D6	CYP1A2	0	0.3672	0.1846030817477159	0.18259691825228413	2.0	386	128
o_ssm	66666	1	2	CYP1A2__CYP2C9__CYP2C8	CYP1A2	1	0.2	0.21015148543437423	0.010151485434374219	2.0	198	65
o_ssm	66666	1	2	CYP1A2__CYP2C9__CYP3A4	CYP1A2	0	0.0816	0.0817925660492729	0.00019256604927289644	2.0	2940	625
o_ssm	66666	1	2	CYP2C8__CYP2B6__CYP2C19	CYP2C8	0	0.0195	0.23035801452488744	0.21085801452488745	2.0	335	154
o_ssm	66666	1	2	CYP2C9__CYP2B6__CYP3A4	CYP2C9	0	0.2319	0.16537629757278616	0.06652370242721384	2.0	1959	332
o_ssm	66666	1	2	CYP2C9__CYP2C19__CYP3A4	CYP2C9	1	0.2286	0.10691255032527026	0.12168744967472973	2.0	7254	1601
o_ssm	66666	1	2	CYP2C9__CYP2C8__CYP3A4	CYP2C9	0	0.0	0.17593076078139616	0.17593076078139616	2.0	421	69
o_ssm	77777	1	2	CYP1A2__CYP2B6__CYP3A4	CYP1A2	0	0.2294	0.19321960023205018	0.03618039976794982	2.0	1139	218
o_ssm	77777	1	2	CYP1A2__CYP2C8__CYP2D6	CYP1A2	0	0.3672	0.18125808863233575	0.18594191136766428	2.0	386	128
o_ssm	77777	1	2	CYP1A2__CYP2C9__CYP2C8	CYP1A2	1	0.2	0.20000702832226352	7.028322263513687e-06	2.0	198	65
o_ssm	77777	1	2	CYP1A2__CYP2C9__CYP3A4	CYP1A2	0	0.0816	0.0733638618479791	0.0082361381520209	2.0	2940	625
o_ssm	77777	1	2	CYP2C8__CYP2B6__CYP2C19	CYP2C8	0	0.0195	0.18170758121854297	0.16220758121854298	2.0	335	154
o_ssm	77777	1	2	CYP2C9__CYP2B6__CYP3A4	CYP2C9	0	0.2319	0.1321248531639548	0.09977514683604519	2.0	1959	332
o_ssm	77777	1	2	CYP2C9__CYP2C19__CYP3A4	CYP2C9	1	0.2286	0.09003100976450806	0.13856899023549193	2.0	7254	1601
o_ssm	77777	1	2	CYP2C9__CYP2C8__CYP3A4	CYP2C9	0	0.0	0.18495022124073934	0.18495022124073934	2.0	421	69
o_ssm	88888	1	2	CYP1A2__CYP2B6__CYP3A4	CYP1A2	0	0.2294	0.19238404662098005	0.037015953379019945	2.0	1139	218
o_ssm	88888	1	2	CYP1A2__CYP2C8__CYP2D6	CYP1A2	0	0.3672	0.1825909323890766	0.18460906761092344	2.0	386	128
o_ssm	88888	1	2	CYP1A2__CYP2C9__CYP2C8	CYP1A2	1	0.2	0.19102433555418366	0.00897566444581635	2.0	198	65
o_ssm	88888	1	2	CYP1A2__CYP2C9__CYP3A4	CYP1A2	0	0.0816	0.07817519065561368	0.003424809344386326	2.0	2940	625
o_ssm	88888	1	2	CYP2C8__CYP2B6__CYP2C19	CYP2C8	0	0.0195	0.21035302665529837	0.19085302665529838	2.0	335	154
o_ssm	88888	1	2	CYP2C9__CYP2B6__CYP3A4	CYP2C9	0	0.2319	0.12129632911555403	0.11060367088444596	2.0	1959	332
o_ssm	88888	1	2	CYP2C9__CYP2C19__CYP3A4	CYP2C9	1	0.2286	0.11865573650751349	0.10994426349248651	2.0	7254	1601
o_ssm	88888	1	2	CYP2C9__CYP2C8__CYP3A4	CYP2C9	0	0.0	0.17256120393110563	0.17256120393110563	2.0	421	69
o_ssm	33333	1	2	CYP1A2__CYP2B6__CYP3A4	CYP1A2	0	0.2294	0.19418067934298974	0.03521932065701025	2.0	1139	218
o_ssm	33333	1	2	CYP1A2__CYP2C8__CYP2D6	CYP1A2	0	0.3672	0.19634712784826644	0.1708528721517336	2.0	386	128
o_ssm	33333	1	2	CYP1A2__CYP2C9__CYP2C8	CYP1A2	1	0.2	0.1951148918417706	0.004885108158229401	2.0	198	65
o_ssm	33333	1	2	CYP1A2__CYP2C9__CYP3A4	CYP1A2	0	0.0816	0.10050826148041785	0.01890826148041784	2.0	2940	625
o_ssm	33333	1	2	CYP2C8__CYP2B6__CYP2C19	CYP2C8	0	0.0195	0.1976717449523482	0.17817174495234822	2.0	335	154
o_ssm	33333	1	2	CYP2C9__CYP2B6__CYP3A4	CYP2C9	0	0.2319	0.13989890852698547	0.09200109147301452	2.0	1959	332
o_ssm	33333	1	2	CYP2C9__CYP2C19__CYP3A4	CYP2C9	1	0.2286	0.1352542264093749	0.0933457735906251	2.0	7254	1601
o_ssm	33333	1	2	CYP2C9__CYP2C8__CYP3A4	CYP2C9	0	0.0	0.1490995178669634	0.1490995178669634	2.0	421	69
o_ssm	12321	1	2	CYP1A2__CYP2B6__CYP3A4	CYP1A2	0	0.2294	0.14296120140724544	0.08643879859275455	2.0	1139	218
o_ssm	12321	1	2	CYP1A2__CYP2C8__CYP2D6	CYP1A2	0	0.3672	0.1834172320759091	0.18378276792409093	2.0	386	128
o_ssm	12321	1	2	CYP1A2__CYP2C9__CYP2C8	CYP1A2	1	0.2	0.19677865248721377	0.0032213475127862434	2.0	198	65
o_ssm	12321	1	2	CYP1A2__CYP2C9__CYP3A4	CYP1A2	0	0.0816	0.08713081867188496	0.005530818671884957	2.0	2940	625
o_ssm	12321	1	2	CYP2C8__CYP2B6__CYP2C19	CYP2C8	0	0.0195	0.212385183349461	0.192885183349461	2.0	335	154
o_ssm	12321	1	2	CYP2C9__CYP2B6__CYP3A4	CYP2C9	0	0.2319	0.13681329052236987	0.09508670947763012	2.0	1959	332
o_ssm	12321	1	2	CYP2C9__CYP2C19__CYP3A4	CYP2C9	1	0.2286	0.12102067533704142	0.10757932466295858	2.0	7254	1601
o_ssm	12321	1	2	CYP2C9__CYP2C8__CYP3A4	CYP2C9	0	0.0	0.13717441598224805	0.13717441598224805	2.0	421	69
o_ssm	24680	1	2	CYP1A2__CYP2B6__CYP3A4	CYP1A2	0	0.2294	0.15010650786417862	0.07929349213582138	2.0	1139	218
o_ssm	24680	1	2	CYP1A2__CYP2C8__CYP2D6	CYP1A2	0	0.3672	0.1970837923804513	0.17011620761954874	2.0	386	128
o_ssm	24680	1	2	CYP1A2__CYP2C9__CYP2C8	CYP1A2	1	0.2	0.22273121714643795	0.022731217146437943	2.0	198	65
o_ssm	24680	1	2	CYP1A2__CYP2C9__CYP3A4	CYP1A2	0	0.0816	0.10996423391516087	0.028364233915160866	2.0	2940	625
o_ssm	24680	1	2	CYP2C8__CYP2B6__CYP2C19	CYP2C8	0	0.0195	0.21394197943273066	0.19444197943273067	2.0	335	154
o_ssm	24680	1	2	CYP2C9__CYP2B6__CYP3A4	CYP2C9	0	0.2319	0.16495550706108933	0.06694449293891067	2.0	1959	332
o_ssm	24680	1	2	CYP2C9__CYP2C19__CYP3A4	CYP2C9	1	0.2286	0.11217157821654723	0.11642842178345277	2.0	7254	1601
o_ssm	24680	1	2	CYP2C9__CYP2C8__CYP3A4	CYP2C9	0	0.0	0.18873945540264367	0.18873945540264367	2.0	421	69
o_ssm	13579	1	2	CYP1A2__CYP2B6__CYP3A4	CYP1A2	0	0.2294	0.15111172774377632	0.07828827225622367	2.0	1139	218
o_ssm	13579	1	2	CYP1A2__CYP2C8__CYP2D6	CYP1A2	0	0.3672	0.20619252958398512	0.1610074704160149	2.0	386	128
o_ssm	13579	1	2	CYP1A2__CYP2C9__CYP2C8	CYP1A2	1	0.2	0.21614332101142072	0.016143321011420714	2.0	198	65
o_ssm	13579	1	2	CYP1A2__CYP2C9__CYP3A4	CYP1A2	0	0.0816	0.12150621371009632	0.03990621371009631	2.0	2940	625
o_ssm	13579	1	2	CYP2C8__CYP2B6__CYP2C19	CYP2C8	0	0.0195	0.22453570880576285	0.20503570880576286	2.0	335	154
o_ssm	13579	1	2	CYP2C9__CYP2B6__CYP3A4	CYP2C9	0	0.2319	0.15353252072589618	0.07836747927410381	2.0	1959	332
o_ssm	13579	1	2	CYP2C9__CYP2C19__CYP3A4	CYP2C9	1	0.2286	0.12031438795162804	0.10828561204837196	2.0	7254	1601
o_ssm	13579	1	2	CYP2C9__CYP2C8__CYP3A4	CYP2C9	0	0.0	0.17813202910043385	0.17813202910043385	2.0	421	69
o_ssm	54321	1	2	CYP1A2__CYP2B6__CYP3A4	CYP1A2	0	0.2294	-0.08489990929964161	0.3142999092996416	2.0	1139	218
o_ssm	54321	1	2	CYP1A2__CYP2C8__CYP2D6	CYP1A2	0	0.3672	0.02184541230744852	0.3453545876925515	2.0	386	128
o_ssm	54321	1	2	CYP1A2__CYP2C9__CYP2C8	CYP1A2	1	0.2	0.25868591614761005	0.05868591614761004	2.0	198	65
o_ssm	54321	1	2	CYP1A2__CYP2C9__CYP3A4	CYP1A2	0	0.0816	0.023943692335282457	0.05765630766471755	2.0	2940	625
o_ssm	54321	1	2	CYP2C8__CYP2B6__CYP2C19	CYP2C8	0	0.0195	-0.1491838632820859	0.1686838632820859	2.0	335	154
o_ssm	54321	1	2	CYP2C9__CYP2B6__CYP3A4	CYP2C9	0	0.2319	-0.24681402554769175	0.4787140255476917	2.0	1959	332
o_ssm	54321	1	2	CYP2C9__CYP2C19__CYP3A4	CYP2C9	1	0.2286	-0.2095080965663212	0.4381080965663212	2.0	7254	1601
o_ssm	54321	1	2	CYP2C9__CYP2C8__CYP3A4	CYP2C9	0	0.0	0.49671479313550687	0.49671479313550687	2.0	421	69
o_ssm	67890	1	2	CYP1A2__CYP2B6__CYP3A4	CYP1A2	0	0.2294	0.15675300400943337	0.07264699599056662	2.0	1139	218
o_ssm	67890	1	2	CYP1A2__CYP2C8__CYP2D6	CYP1A2	0	0.3672	0.21466047652661224	0.15253952347338778	2.0	386	128
o_ssm	67890	1	2	CYP1A2__CYP2C9__CYP2C8	CYP1A2	1	0.2	0.21138212097750542	0.011382120977505406	2.0	198	65
o_ssm	67890	1	2	CYP1A2__CYP2C9__CYP3A4	CYP1A2	0	0.0816	0.1145901143704429	0.0329901143704429	2.0	2940	625
o_ssm	67890	1	2	CYP2C8__CYP2B6__CYP2C19	CYP2C8	0	0.0195	0.22893337810980474	0.20943337810980475	2.0	335	154
o_ssm	67890	1	2	CYP2C9__CYP2B6__CYP3A4	CYP2C9	0	0.2319	0.1483514677977616	0.0835485322022384	2.0	1959	332
o_ssm	67890	1	2	CYP2C9__CYP2C19__CYP3A4	CYP2C9	1	0.2286	0.11715337749504515	0.11144662250495485	2.0	7254	1601
o_ssm	67890	1	2	CYP2C9__CYP2C8__CYP3A4	CYP2C9	0	0.0	0.15879133354394573	0.15879133354394573	2.0	421	69
o_ssm	11223	1	2	CYP1A2__CYP2B6__CYP3A4	CYP1A2	0	0.2294	0.17752676817709928	0.05187323182290071	2.0	1139	218
o_ssm	11223	1	2	CYP1A2__CYP2C8__CYP2D6	CYP1A2	0	0.3672	0.18165521361896586	0.18554478638103417	2.0	386	128
o_ssm	11223	1	2	CYP1A2__CYP2C9__CYP2C8	CYP1A2	1	0.2	0.2018838917267633	0.001883891726763287	2.0	198	65
o_ssm	11223	1	2	CYP1A2__CYP2C9__CYP3A4	CYP1A2	0	0.0816	0.09514911242109159	0.01354911242109158	2.0	2940	625
o_ssm	11223	1	2	CYP2C8__CYP2B6__CYP2C19	CYP2C8	0	0.0195	0.23756559537660715	0.21806559537660716	2.0	335	154
o_ssm	11223	1	2	CYP2C9__CYP2B6__CYP3A4	CYP2C9	0	0.2319	0.17720212423753356	0.05469787576246643	2.0	1959	332
o_ssm	11223	1	2	CYP2C9__CYP2C19__CYP3A4	CYP2C9	1	0.2286	0.10482123258838708	0.12377876741161292	2.0	7254	1601
o_ssm	11223	1	2	CYP2C9__CYP2C8__CYP3A4	CYP2C9	0	0.0	0.15161096602617996	0.15161096602617996	2.0	421	69
o_ssm	44567	1	2	CYP1A2__CYP2B6__CYP3A4	CYP1A2	0	0.2294	0.1725119693254121	0.05688803067458789	2.0	1139	218
o_ssm	44567	1	2	CYP1A2__CYP2C8__CYP2D6	CYP1A2	0	0.3672	0.20079520745193158	0.16640479254806845	2.0	386	128
o_ssm	44567	1	2	CYP1A2__CYP2C9__CYP2C8	CYP1A2	1	0.2	0.23681515599707198	0.03681515599707197	2.0	198	65
o_ssm	44567	1	2	CYP1A2__CYP2C9__CYP3A4	CYP1A2	0	0.0816	0.10344586487575372	0.021845864875753712	2.0	2940	625
o_ssm	44567	1	2	CYP2C8__CYP2B6__CYP2C19	CYP2C8	0	0.0195	0.20871730661413018	0.1892173066141302	2.0	335	154
o_ssm	44567	1	2	CYP2C9__CYP2B6__CYP3A4	CYP2C9	0	0.2319	0.13376140445194007	0.09813859554805993	2.0	1959	332
o_ssm	44567	1	2	CYP2C9__CYP2C19__CYP3A4	CYP2C9	1	0.2286	0.10281550916220095	0.12578449083779905	2.0	7254	1601
o_ssm	44567	1	2	CYP2C9__CYP2C8__CYP3A4	CYP2C9	0	0.0	0.1615454470019488	0.1615454470019488	2.0	421	69
o_ssm	77889	1	2	CYP1A2__CYP2B6__CYP3A4	CYP1A2	0	0.2294	0.17800112365751755	0.05139887634248244	2.0	1139	218
o_ssm	77889	1	2	CYP1A2__CYP2C8__CYP2D6	CYP1A2	0	0.3672	0.18293829863745997	0.18426170136254005	2.0	386	128
o_ssm	77889	1	2	CYP1A2__CYP2C9__CYP2C8	CYP1A2	1	0.2	0.19573380628481662	0.004266193715183386	2.0	198	65
o_ssm	77889	1	2	CYP1A2__CYP2C9__CYP3A4	CYP1A2	0	0.0816	0.0838008168478149	0.002200816847814896	2.0	2940	625
o_ssm	77889	1	2	CYP2C8__CYP2B6__CYP2C19	CYP2C8	0	0.0195	0.19853516463729187	0.17903516463729188	2.0	335	154
o_ssm	77889	1	2	CYP2C9__CYP2B6__CYP3A4	CYP2C9	0	0.2319	0.14580739549578478	0.08609260450421521	2.0	1959	332
o_ssm	77889	1	2	CYP2C9__CYP2C19__CYP3A4	CYP2C9	1	0.2286	0.12120217849486807	0.10739782150513193	2.0	7254	1601
o_ssm	77889	1	2	CYP2C9__CYP2C8__CYP3A4	CYP2C9	0	0.0	0.1680995174650308	0.1680995174650308	2.0	421	69
o_ssm	99001	1	2	CYP1A2__CYP2B6__CYP3A4	CYP1A2	0	0.2294	0.14654119338376703	0.08285880661623296	2.0	1139	218
o_ssm	99001	1	2	CYP1A2__CYP2C8__CYP2D6	CYP1A2	0	0.3672	0.21805255738062623	0.1491474426193738	2.0	386	128
o_ssm	99001	1	2	CYP1A2__CYP2C9__CYP2C8	CYP1A2	1	0.2	0.18578186451838355	0.014218135481616462	2.0	198	65
o_ssm	99001	1	2	CYP1A2__CYP2C9__CYP3A4	CYP1A2	0	0.0816	0.09955706726287265	0.017957067262872647	2.0	2940	625
o_ssm	99001	1	2	CYP2C8__CYP2B6__CYP2C19	CYP2C8	0	0.0195	0.24234380989891782	0.22284380989891783	2.0	335	154
o_ssm	99001	1	2	CYP2C9__CYP2B6__CYP3A4	CYP2C9	0	0.2319	0.15885284857060916	0.07304715142939083	2.0	1959	332
o_ssm	99001	1	2	CYP2C9__CYP2C19__CYP3A4	CYP2C9	1	0.2286	0.12380623506435137	0.10479376493564863	2.0	7254	1601
o_ssm	99001	1	2	CYP2C9__CYP2C8__CYP3A4	CYP2C9	0	0.0	0.18467728649273552	0.18467728649273552	2.0	421	69
o_ssm	31415	1	2	CYP1A2__CYP2B6__CYP3A4	CYP1A2	0	0.2294	0.1554636619235051	0.07393633807649488	2.0	1139	218
o_ssm	31415	1	2	CYP1A2__CYP2C8__CYP2D6	CYP1A2	0	0.3672	0.18082426659954298	0.18637573340045704	2.0	386	128
o_ssm	31415	1	2	CYP1A2__CYP2C9__CYP2C8	CYP1A2	1	0.2	0.1993164545873842	0.0006835454126158103	2.0	198	65
o_ssm	31415	1	2	CYP1A2__CYP2C9__CYP3A4	CYP1A2	0	0.0816	0.09842918204995293	0.01682918204995293	2.0	2940	625
o_ssm	31415	1	2	CYP2C8__CYP2B6__CYP2C19	CYP2C8	0	0.0195	0.22005441736311954	0.20055441736311955	2.0	335	154
o_ssm	31415	1	2	CYP2C9__CYP2B6__CYP3A4	CYP2C9	0	0.2319	0.13294210488695546	0.09895789511304454	2.0	1959	332
o_ssm	31415	1	2	CYP2C9__CYP2C19__CYP3A4	CYP2C9	1	0.2286	0.10895879839001109	0.11964120160998891	2.0	7254	1601
o_ssm	31415	1	2	CYP2C9__CYP2C8__CYP3A4	CYP2C9	0	0.0	0.139374647493796	0.139374647493796	2.0	421	69
o_ssm	27182	1	2	CYP1A2__CYP2B6__CYP3A4	CYP1A2	0	0.2294	0.17526502421368567	0.05413497578631432	2.0	1139	218
o_ssm	27182	1	2	CYP1A2__CYP2C8__CYP2D6	CYP1A2	0	0.3672	0.16880229279600156	0.19839770720399846	2.0	386	128
o_ssm	27182	1	2	CYP1A2__CYP2C9__CYP2C8	CYP1A2	1	0.2	0.22368134868994163	0.023681348689941623	2.0	198	65
o_ssm	27182	1	2	CYP1A2__CYP2C9__CYP3A4	CYP1A2	0	0.0816	0.10436564706207041	0.022765647062070404	2.0	2940	625
o_ssm	27182	1	2	CYP2C8__CYP2B6__CYP2C19	CYP2C8	0	0.0195	0.20263150311631736	0.18313150311631737	2.0	335	154
o_ssm	27182	1	2	CYP2C9__CYP2B6__CYP3A4	CYP2C9	0	0.2319	0.15422914171689056	0.07767085828310943	2.0	1959	332
o_ssm	27182	1	2	CYP2C9__CYP2C19__CYP3A4	CYP2C9	1	0.2286	0.08920106322480206	0.13939893677519793	2.0	7254	1601
o_ssm	27182	1	2	CYP2C9__CYP2C8__CYP3A4	CYP2C9	0	0.0	0.16522944728654315	0.16522944728654315	2.0	421	69
o_ssm_no_assoc	55555	1	2	CYP1A2__CYP2B6__CYP3A4	CYP1A2	0	0.2294	0.1582952510382267	0.0711047489617733	2.0	1139	218
o_ssm_no_assoc	55555	1	2	CYP1A2__CYP2C8__CYP2D6	CYP1A2	0	0.3672	0.20143834467039526	0.16576165532960477	2.0	386	128
o_ssm_no_assoc	55555	1	2	CYP1A2__CYP2C9__CYP2C8	CYP1A2	1	0.2	0.226141526496145	0.026141526496144984	2.0	198	65
o_ssm_no_assoc	55555	1	2	CYP1A2__CYP2C9__CYP3A4	CYP1A2	0	0.0816	0.10239347967213469	0.020793479672134685	2.0	2940	625
o_ssm_no_assoc	55555	1	2	CYP2C8__CYP2B6__CYP2C19	CYP2C8	0	0.0195	0.20644902119761208	0.1869490211976121	2.0	335	154
o_ssm_no_assoc	55555	1	2	CYP2C9__CYP2B6__CYP3A4	CYP2C9	0	0.2319	0.16014328290917462	0.07175671709082537	2.0	1959	332
o_ssm_no_assoc	55555	1	2	CYP2C9__CYP2C19__CYP3A4	CYP2C9	1	0.2286	0.10425062256570844	0.12434937743429156	2.0	7254	1601
o_ssm_no_assoc	55555	1	2	CYP2C9__CYP2C8__CYP3A4	CYP2C9	0	0.0	0.16050084991816213	0.16050084991816213	2.0	421	69
o_ssm_no_assoc	11111	1	2	CYP1A2__CYP2B6__CYP3A4	CYP1A2	0	0.2294	0.1647246861894423	0.06467531381055769	2.0	1139	218
o_ssm_no_assoc	11111	1	2	CYP1A2__CYP2C8__CYP2D6	CYP1A2	0	0.3672	0.18038687599192266	0.18681312400807737	2.0	386	128
o_ssm_no_assoc	11111	1	2	CYP1A2__CYP2C9__CYP2C8	CYP1A2	1	0.2	0.21352089678041636	0.013520896780416347	2.0	198	65
o_ssm_no_assoc	11111	1	2	CYP1A2__CYP2C9__CYP3A4	CYP1A2	0	0.0816	0.10013905277410282	0.01853905277410281	2.0	2940	625
o_ssm_no_assoc	11111	1	2	CYP2C8__CYP2B6__CYP2C19	CYP2C8	0	0.0195	0.21970699502839475	0.20020699502839476	2.0	335	154
o_ssm_no_assoc	11111	1	2	CYP2C9__CYP2B6__CYP3A4	CYP2C9	0	0.2319	0.1646299264000587	0.0672700735999413	2.0	1959	332
o_ssm_no_assoc	11111	1	2	CYP2C9__CYP2C19__CYP3A4	CYP2C9	1	0.2286	0.10964612714358155	0.11895387285641845	2.0	7254	1601
o_ssm_no_assoc	11111	1	2	CYP2C9__CYP2C8__CYP3A4	CYP2C9	0	0.0	0.15756831554669504	0.15756831554669504	2.0	421	69
o_ssm_no_assoc	99887	1	2	CYP1A2__CYP2B6__CYP3A4	CYP1A2	0	0.2294	0.1654733682663197	0.0639266317336803	2.0	1139	218
o_ssm_no_assoc	99887	1	2	CYP1A2__CYP2C8__CYP2D6	CYP1A2	0	0.3672	0.18743222002739937	0.17976777997260066	2.0	386	128
o_ssm_no_assoc	99887	1	2	CYP1A2__CYP2C9__CYP2C8	CYP1A2	1	0.2	0.20483892686603775	0.004838926866037735	2.0	198	65
o_ssm_no_assoc	99887	1	2	CYP1A2__CYP2C9__CYP3A4	CYP1A2	0	0.0816	0.11775476423900397	0.03615476423900396	2.0	2940	625
o_ssm_no_assoc	99887	1	2	CYP2C8__CYP2B6__CYP2C19	CYP2C8	0	0.0195	0.239101480010235	0.21960148001023502	2.0	335	154
o_ssm_no_assoc	99887	1	2	CYP2C9__CYP2B6__CYP3A4	CYP2C9	0	0.2319	0.13484577052005933	0.09705422947994066	2.0	1959	332
o_ssm_no_assoc	99887	1	2	CYP2C9__CYP2C19__CYP3A4	CYP2C9	1	0.2286	0.12652505922852894	0.10207494077147106	2.0	7254	1601
o_ssm_no_assoc	99887	1	2	CYP2C9__CYP2C8__CYP3A4	CYP2C9	0	0.0	0.16139807924308897	0.16139807924308897	2.0	421	69
o_ssm_no_assoc	22222	1	2	CYP1A2__CYP2B6__CYP3A4	CYP1A2	0	0.2294	0.1647753145075	0.0646246854925	2.0	1139	218
o_ssm_no_assoc	22222	1	2	CYP1A2__CYP2C8__CYP2D6	CYP1A2	0	0.3672	0.1887775507917138	0.17842244920828623	2.0	386	128
o_ssm_no_assoc	22222	1	2	CYP1A2__CYP2C9__CYP2C8	CYP1A2	1	0.2	0.21687167256959516	0.016871672569595153	2.0	198	65
o_ssm_no_assoc	22222	1	2	CYP1A2__CYP2C9__CYP3A4	CYP1A2	0	0.0816	0.10888821359239831	0.027288213592398303	2.0	2940	625
o_ssm_no_assoc	22222	1	2	CYP2C8__CYP2B6__CYP2C19	CYP2C8	0	0.0195	0.21082665442550372	0.19132665442550373	2.0	335	154
o_ssm_no_assoc	22222	1	2	CYP2C9__CYP2B6__CYP3A4	CYP2C9	0	0.2319	0.15806294924053774	0.07383705075946226	2.0	1959	332
o_ssm_no_assoc	22222	1	2	CYP2C9__CYP2C19__CYP3A4	CYP2C9	1	0.2286	0.10971167613756445	0.11888832386243554	2.0	7254	1601
o_ssm_no_assoc	22222	1	2	CYP2C9__CYP2C8__CYP3A4	CYP2C9	0	0.0	0.16256124838619848	0.16256124838619848	2.0	421	69
o_ssm_no_assoc	44444	1	2	CYP1A2__CYP2B6__CYP3A4	CYP1A2	0	0.2294	0.16286563628929282	0.06653436371070717	2.0	1139	218
o_ssm_no_assoc	44444	1	2	CYP1A2__CYP2C8__CYP2D6	CYP1A2	0	0.3672	0.20697434432732245	0.16022565567267757	2.0	386	128
o_ssm_no_assoc	44444	1	2	CYP1A2__CYP2C9__CYP2C8	CYP1A2	1	0.2	0.2055788046203693	0.0055788046203692765	2.0	198	65
o_ssm_no_assoc	44444	1	2	CYP1A2__CYP2C9__CYP3A4	CYP1A2	0	0.0816	0.1097011589693982	0.028101158969398188	2.0	2940	625
o_ssm_no_assoc	44444	1	2	CYP2C8__CYP2B6__CYP2C19	CYP2C8	0	0.0195	0.18774831792113486	0.16824831792113487	2.0	335	154
o_ssm_no_assoc	44444	1	2	CYP2C9__CYP2B6__CYP3A4	CYP2C9	0	0.2319	0.13647827212695207	0.09542172787304792	2.0	1959	332
o_ssm_no_assoc	44444	1	2	CYP2C9__CYP2C19__CYP3A4	CYP2C9	1	0.2286	0.12635807557000567	0.10224192442999433	2.0	7254	1601
o_ssm_no_assoc	44444	1	2	CYP2C9__CYP2C8__CYP3A4	CYP2C9	0	0.0	0.17038958174247207	0.17038958174247207	2.0	421	69
o_ssm_no_assoc	66666	1	2	CYP1A2__CYP2B6__CYP3A4	CYP1A2	0	0.2294	0.16340302500584178	0.06599697499415821	2.0	1139	218
o_ssm_no_assoc	66666	1	2	CYP1A2__CYP2C8__CYP2D6	CYP1A2	0	0.3672	0.18500801876798978	0.18219198123201025	2.0	386	128
o_ssm_no_assoc	66666	1	2	CYP1A2__CYP2C9__CYP2C8	CYP1A2	1	0.2	0.21057798715622061	0.010577987156220603	2.0	198	65
o_ssm_no_assoc	66666	1	2	CYP1A2__CYP2C9__CYP3A4	CYP1A2	0	0.0816	0.08895528796312839	0.007355287963128385	2.0	2940	625
o_ssm_no_assoc	66666	1	2	CYP2C8__CYP2B6__CYP2C19	CYP2C8	0	0.0195	0.22897789452613526	0.20947789452613527	2.0	335	154
o_ssm_no_assoc	66666	1	2	CYP2C9__CYP2B6__CYP3A4	CYP2C9	0	0.2319	0.16381355400606123	0.06808644599393876	2.0	1959	332
o_ssm_no_assoc	66666	1	2	CYP2C9__CYP2C19__CYP3A4	CYP2C9	1	0.2286	0.10459134239830463	0.12400865760169537	2.0	7254	1601
o_ssm_no_assoc	66666	1	2	CYP2C9__CYP2C8__CYP3A4	CYP2C9	0	0.0	0.1803019571727085	0.1803019571727085	2.0	421	69
o_ssm_no_assoc	77777	1	2	CYP1A2__CYP2B6__CYP3A4	CYP1A2	0	0.2294	0.1887454503379881	0.0406545496620119	2.0	1139	218
o_ssm_no_assoc	77777	1	2	CYP1A2__CYP2C8__CYP2D6	CYP1A2	0	0.3672	0.17676723458965166	0.19043276541034837	2.0	386	128
o_ssm_no_assoc	77777	1	2	CYP1A2__CYP2C9__CYP2C8	CYP1A2	1	0.2	0.2066492457093061	0.006649245709306084	2.0	198	65
o_ssm_no_assoc	77777	1	2	CYP1A2__CYP2C9__CYP3A4	CYP1A2	0	0.0816	0.08193546493447676	0.0003354649344767535	2.0	2940	625
o_ssm_no_assoc	77777	1	2	CYP2C8__CYP2B6__CYP2C19	CYP2C8	0	0.0195	0.18296855253747094	0.16346855253747095	2.0	335	154
o_ssm_no_assoc	77777	1	2	CYP2C9__CYP2B6__CYP3A4	CYP2C9	0	0.2319	0.12933499756539418	0.10256500243460581	2.0	1959	332
o_ssm_no_assoc	77777	1	2	CYP2C9__CYP2C19__CYP3A4	CYP2C9	1	0.2286	0.1015300428229324	0.1270699571770676	2.0	7254	1601
o_ssm_no_assoc	77777	1	2	CYP2C9__CYP2C8__CYP3A4	CYP2C9	0	0.0	0.17921452362390583	0.17921452362390583	2.0	421	69
o_ssm_no_assoc	88888	1	2	CYP1A2__CYP2B6__CYP3A4	CYP1A2	0	0.2294	0.19212844643639249	0.03727155356360751	2.0	1139	218
o_ssm_no_assoc	88888	1	2	CYP1A2__CYP2C8__CYP2D6	CYP1A2	0	0.3672	0.18233995526865265	0.18486004473134737	2.0	386	128
o_ssm_no_assoc	88888	1	2	CYP1A2__CYP2C9__CYP2C8	CYP1A2	1	0.2	0.1913456844645461	0.0086543155354539	2.0	198	65
o_ssm_no_assoc	88888	1	2	CYP1A2__CYP2C9__CYP3A4	CYP1A2	0	0.0816	0.07946181460537895	0.002138185394621059	2.0	2940	625
o_ssm_no_assoc	88888	1	2	CYP2C8__CYP2B6__CYP2C19	CYP2C8	0	0.0195	0.21020585806698255	0.19070585806698256	2.0	335	154
o_ssm_no_assoc	88888	1	2	CYP2C9__CYP2B6__CYP3A4	CYP2C9	0	0.2319	0.12158097168764545	0.11031902831235454	2.0	1959	332
o_ssm_no_assoc	88888	1	2	CYP2C9__CYP2C19__CYP3A4	CYP2C9	1	0.2286	0.11947483127941004	0.10912516872058996	2.0	7254	1601
o_ssm_no_assoc	88888	1	2	CYP2C9__CYP2C8__CYP3A4	CYP2C9	0	0.0	0.1729960609611888	0.1729960609611888	2.0	421	69
o_ssm_no_assoc	33333	1	2	CYP1A2__CYP2B6__CYP3A4	CYP1A2	0	0.2294	0.19274885277852388	0.03665114722147611	2.0	1139	218
o_ssm_no_assoc	33333	1	2	CYP1A2__CYP2C8__CYP2D6	CYP1A2	0	0.3672	0.1956215494317813	0.17157845056821872	2.0	386	128
o_ssm_no_assoc	33333	1	2	CYP1A2__CYP2C9__CYP2C8	CYP1A2	1	0.2	0.19584488528624366	0.004155114713756347	2.0	198	65
o_ssm_no_assoc	33333	1	2	CYP1A2__CYP2C9__CYP3A4	CYP1A2	0	0.0816	0.10094491676572534	0.019344916765725334	2.0	2940	625
o_ssm_no_assoc	33333	1	2	CYP2C8__CYP2B6__CYP2C19	CYP2C8	0	0.0195	0.19756669778767205	0.17806669778767206	2.0	335	154
o_ssm_no_assoc	33333	1	2	CYP2C9__CYP2B6__CYP3A4	CYP2C9	0	0.2319	0.13986645986638868	0.09203354013361131	2.0	1959	332
o_ssm_no_assoc	33333	1	2	CYP2C9__CYP2C19__CYP3A4	CYP2C9	1	0.2286	0.13695826902695615	0.09164173097304384	2.0	7254	1601
o_ssm_no_assoc	33333	1	2	CYP2C9__CYP2C8__CYP3A4	CYP2C9	0	0.0	0.14962804537681954	0.14962804537681954	2.0	421	69
o_ssm_no_assoc	12321	1	2	CYP1A2__CYP2B6__CYP3A4	CYP1A2	0	0.2294	0.14187837510337215	0.08752162489662785	2.0	1139	218
o_ssm_no_assoc	12321	1	2	CYP1A2__CYP2C8__CYP2D6	CYP1A2	0	0.3672	0.1839701573668281	0.18322984263317194	2.0	386	128
o_ssm_no_assoc	12321	1	2	CYP1A2__CYP2C9__CYP2C8	CYP1A2	1	0.2	0.19451555683933242	0.005484443160667596	2.0	198	65
o_ssm_no_assoc	12321	1	2	CYP1A2__CYP2C9__CYP3A4	CYP1A2	0	0.0816	0.09002286314607644	0.008422863146076431	2.0	2940	625
o_ssm_no_assoc	12321	1	2	CYP2C8__CYP2B6__CYP2C19	CYP2C8	0	0.0195	0.2127754612029747	0.1932754612029747	2.0	335	154
o_ssm_no_assoc	12321	1	2	CYP2C9__CYP2B6__CYP3A4	CYP2C9	0	0.2319	0.14036664878793847	0.09153335121206152	2.0	1959	332
o_ssm_no_assoc	12321	1	2	CYP2C9__CYP2C19__CYP3A4	CYP2C9	1	0.2286	0.12173946400138412	0.10686053599861588	2.0	7254	1601
o_ssm_no_assoc	12321	1	2	CYP2C9__CYP2C8__CYP3A4	CYP2C9	0	0.0	0.14083347270377305	0.14083347270377305	2.0	421	69
o_ssm_no_assoc	24680	1	2	CYP1A2__CYP2B6__CYP3A4	CYP1A2	0	0.2294	0.14998316331599898	0.07941683668400101	2.0	1139	218
o_ssm_no_assoc	24680	1	2	CYP1A2__CYP2C8__CYP2D6	CYP1A2	0	0.3672	0.1966217529837	0.17057824701630003	2.0	386	128
o_ssm_no_assoc	24680	1	2	CYP1A2__CYP2C9__CYP2C8	CYP1A2	1	0.2	0.22316661414457706	0.023166614144577047	2.0	198	65
o_ssm_no_assoc	24680	1	2	CYP1A2__CYP2C9__CYP3A4	CYP1A2	0	0.0816	0.10921379916831066	0.02761379916831065	2.0	2940	625
o_ssm_no_assoc	24680	1	2	CYP2C8__CYP2B6__CYP2C19	CYP2C8	0	0.0195	0.21363966117411437	0.19413966117411438	2.0	335	154
o_ssm_no_assoc	24680	1	2	CYP2C9__CYP2B6__CYP3A4	CYP2C9	0	0.2319	0.16534421536401006	0.06655578463598993	2.0	1959	332
o_ssm_no_assoc	24680	1	2	CYP2C9__CYP2C19__CYP3A4	CYP2C9	1	0.2286	0.11197190357087689	0.11662809642912311	2.0	7254	1601
o_ssm_no_assoc	24680	1	2	CYP2C9__CYP2C8__CYP3A4	CYP2C9	0	0.0	0.1895183616926688	0.1895183616926688	2.0	421	69
o_ssm_no_assoc	13579	1	2	CYP1A2__CYP2B6__CYP3A4	CYP1A2	0	0.2294	0.14824100414823604	0.08115899585176395	2.0	1139	218
o_ssm_no_assoc	13579	1	2	CYP1A2__CYP2C8__CYP2D6	CYP1A2	0	0.3672	0.20551314256908632	0.1616868574309137	2.0	386	128
o_ssm_no_assoc	13579	1	2	CYP1A2__CYP2C9__CYP2C8	CYP1A2	1	0.2	0.218965766237753	0.01896576623775298	2.0	198	65
o_ssm_no_assoc	13579	1	2	CYP1A2__CYP2C9__CYP3A4	CYP1A2	0	0.0816	0.12059521874657632	0.03899521874657631	2.0	2940	625
o_ssm_no_assoc	13579	1	2	CYP2C8__CYP2B6__CYP2C19	CYP2C8	0	0.0195	0.2223944443504155	0.2028944443504155	2.0	335	154
o_ssm_no_assoc	13579	1	2	CYP2C9__CYP2B6__CYP3A4	CYP2C9	0	0.2319	0.1516628018521916	0.08023719814780839	2.0	1959	332
o_ssm_no_assoc	13579	1	2	CYP2C9__CYP2C19__CYP3A4	CYP2C9	1	0.2286	0.12120639311280486	0.10739360688719514	2.0	7254	1601
o_ssm_no_assoc	13579	1	2	CYP2C9__CYP2C8__CYP3A4	CYP2C9	0	0.0	0.17968783046977954	0.17968783046977954	2.0	421	69
o_ssm_no_assoc	54321	1	2	CYP1A2__CYP2B6__CYP3A4	CYP1A2	0	0.2294	0.16806576936050424	0.06133423063949575	2.0	1139	218
o_ssm_no_assoc	54321	1	2	CYP1A2__CYP2C8__CYP2D6	CYP1A2	0	0.3672	0.19373350758613497	0.17346649241386505	2.0	386	128
o_ssm_no_assoc	54321	1	2	CYP1A2__CYP2C9__CYP2C8	CYP1A2	1	0.2	0.19406370673266185	0.005936293267338161	2.0	198	65
o_ssm_no_assoc	54321	1	2	CYP1A2__CYP2C9__CYP3A4	CYP1A2	0	0.0816	0.07711739626417444	0.004482603735825569	2.0	2940	625
o_ssm_no_assoc	54321	1	2	CYP2C8__CYP2B6__CYP2C19	CYP2C8	0	0.0195	0.20096045352813918	0.1814604535281392	2.0	335	154
o_ssm_no_assoc	54321	1	2	CYP2C9__CYP2B6__CYP3A4	CYP2C9	0	0.2319	0.1078230483983003	0.1240769516016997	2.0	1959	332
o_ssm_no_assoc	54321	1	2	CYP2C9__CYP2C19__CYP3A4	CYP2C9	1	0.2286	0.14447054664084547	0.08412945335915453	2.0	7254	1601
o_ssm_no_assoc	54321	1	2	CYP2C9__CYP2C8__CYP3A4	CYP2C9	0	0.0	0.17020809620953098	0.17020809620953098	2.0	421	69
o_ssm_no_assoc	67890	1	2	CYP1A2__CYP2B6__CYP3A4	CYP1A2	0	0.2294	0.15415427463762543	0.07524572536237456	2.0	1139	218
o_ssm_no_assoc	67890	1	2	CYP1A2__CYP2C8__CYP2D6	CYP1A2	0	0.3672	0.20436405411823846	0.16283594588176156	2.0	386	128
o_ssm_no_assoc	67890	1	2	CYP1A2__CYP2C9__CYP2C8	CYP1A2	1	0.2	0.22572386415233192	0.02572386415233191	2.0	198	65
o_ssm_no_assoc	67890	1	2	CYP1A2__CYP2C9__CYP3A4	CYP1A2	0	0.0816	0.11160945005972729	0.030009450059727286	2.0	2940	625
o_ssm_no_assoc	67890	1	2	CYP2C8__CYP2B6__CYP2C19	CYP2C8	0	0.0195	0.23197238125419709	0.2124723812541971	2.0	335	154
o_ssm_no_assoc	67890	1	2	CYP2C9__CYP2B6__CYP3A4	CYP2C9	0	0.2319	0.14598462213901003	0.08591537786098996	2.0	1959	332
o_ssm_no_assoc	67890	1	2	CYP2C9__CYP2C19__CYP3A4	CYP2C9	1	0.2286	0.1213298713723003	0.1072701286276997	2.0	7254	1601
o_ssm_no_assoc	67890	1	2	CYP2C9__CYP2C8__CYP3A4	CYP2C9	0	0.0	0.16418464595864796	0.16418464595864796	2.0	421	69
o_ssm_no_assoc	11223	1	2	CYP1A2__CYP2B6__CYP3A4	CYP1A2	0	0.2294	0.17126985725259808	0.058130142747401914	2.0	1139	218
o_ssm_no_assoc	11223	1	2	CYP1A2__CYP2C8__CYP2D6	CYP1A2	0	0.3672	0.18141989639340528	0.18578010360659475	2.0	386	128
o_ssm_no_assoc	11223	1	2	CYP1A2__CYP2C9__CYP2C8	CYP1A2	1	0.2	0.21717344999099186	0.01717344999099185	2.0	198	65
o_ssm_no_assoc	11223	1	2	CYP1A2__CYP2C9__CYP3A4	CYP1A2	0	0.0816	0.10251612533677704	0.02091612533677703	2.0	2940	625
o_ssm_no_assoc	11223	1	2	CYP2C8__CYP2B6__CYP2C19	CYP2C8	0	0.0195	0.23090387154540928	0.2114038715454093	2.0	335	154
o_ssm_no_assoc	11223	1	2	CYP2C9__CYP2B6__CYP3A4	CYP2C9	0	0.2319	0.17183032458157316	0.06006967541842684	2.0	1959	332
o_ssm_no_assoc	11223	1	2	CYP2C9__CYP2C19__CYP3A4	CYP2C9	1	0.2286	0.10988823209333654	0.11871176790666346	2.0	7254	1601
o_ssm_no_assoc	11223	1	2	CYP2C9__CYP2C8__CYP3A4	CYP2C9	0	0.0	0.14724828376995558	0.14724828376995558	2.0	421	69
o_ssm_no_assoc	44567	1	2	CYP1A2__CYP2B6__CYP3A4	CYP1A2	0	0.2294	0.17007487684685726	0.05932512315314273	2.0	1139	218
o_ssm_no_assoc	44567	1	2	CYP1A2__CYP2C8__CYP2D6	CYP1A2	0	0.3672	0.2004843798141881	0.16671562018581193	2.0	386	128
o_ssm_no_assoc	44567	1	2	CYP1A2__CYP2C9__CYP2C8	CYP1A2	1	0.2	0.2358472519007359	0.0358472519007359	2.0	198	65
o_ssm_no_assoc	44567	1	2	CYP1A2__CYP2C9__CYP3A4	CYP1A2	0	0.0816	0.1041765003792336	0.02257650037923359	2.0	2940	625
o_ssm_no_assoc	44567	1	2	CYP2C8__CYP2B6__CYP2C19	CYP2C8	0	0.0195	0.20834817256435179	0.1888481725643518	2.0	335	154
o_ssm_no_assoc	44567	1	2	CYP2C9__CYP2B6__CYP3A4	CYP2C9	0	0.2319	0.13366359019146004	0.09823640980853995	2.0	1959	332
o_ssm_no_assoc	44567	1	2	CYP2C9__CYP2C19__CYP3A4	CYP2C9	1	0.2286	0.10551433415436379	0.12308566584563621	2.0	7254	1601
o_ssm_no_assoc	44567	1	2	CYP2C9__CYP2C8__CYP3A4	CYP2C9	0	0.0	0.1615821323535407	0.1615821323535407	2.0	421	69
o_ssm_no_assoc	77889	1	2	CYP1A2__CYP2B6__CYP3A4	CYP1A2	0	0.2294	0.17584651060367948	0.053553489396320514	2.0	1139	218
o_ssm_no_assoc	77889	1	2	CYP1A2__CYP2C8__CYP2D6	CYP1A2	0	0.3672	0.1820595058710006	0.18514049412899944	2.0	386	128
o_ssm_no_assoc	77889	1	2	CYP1A2__CYP2C9__CYP2C8	CYP1A2	1	0.2	0.1987036383871955	0.0012963616128044975	2.0	198	65
o_ssm_no_assoc	77889	1	2	CYP1A2__CYP2C9__CYP3A4	CYP1A2	0	0.0816	0.08473666155177274	0.0031366615517727375	2.0	2940	625
o_ssm_no_assoc	77889	1	2	CYP2C8__CYP2B6__CYP2C19	CYP2C8	0	0.0195	0.1974838677496507	0.17798386774965072	2.0	335	154
o_ssm_no_assoc	77889	1	2	CYP2C9__CYP2B6__CYP3A4	CYP2C9	0	0.2319	0.14482170926143256	0.08707829073856743	2.0	1959	332
o_ssm_no_assoc	77889	1	2	CYP2C9__CYP2C19__CYP3A4	CYP2C9	1	0.2286	0.12407540003971446	0.10452459996028554	2.0	7254	1601
o_ssm_no_assoc	77889	1	2	CYP2C9__CYP2C8__CYP3A4	CYP2C9	0	0.0	0.167688509280368	0.167688509280368	2.0	421	69
o_ssm_no_assoc	99001	1	2	CYP1A2__CYP2B6__CYP3A4	CYP1A2	0	0.2294	0.14768344484304866	0.08171655515695134	2.0	1139	218
o_ssm_no_assoc	99001	1	2	CYP1A2__CYP2C8__CYP2D6	CYP1A2	0	0.3672	0.21800692150094841	0.1491930784990516	2.0	386	128
o_ssm_no_assoc	99001	1	2	CYP1A2__CYP2C9__CYP2C8	CYP1A2	1	0.2	0.18809766422503324	0.011902335774966771	2.0	198	65
o_ssm_no_assoc	99001	1	2	CYP1A2__CYP2C9__CYP3A4	CYP1A2	0	0.0816	0.09318366016050406	0.01158366016050405	2.0	2940	625
o_ssm_no_assoc	99001	1	2	CYP2C8__CYP2B6__CYP2C19	CYP2C8	0	0.0195	0.24287837571998666	0.22337837571998667	2.0	335	154
o_ssm_no_assoc	99001	1	2	CYP2C9__CYP2B6__CYP3A4	CYP2C9	0	0.2319	0.15506518581819506	0.07683481418180493	2.0	1959	332
o_ssm_no_assoc	99001	1	2	CYP2C9__CYP2C19__CYP3A4	CYP2C9	1	0.2286	0.12233484307544513	0.10626515692455486	2.0	7254	1601
o_ssm_no_assoc	99001	1	2	CYP2C9__CYP2C8__CYP3A4	CYP2C9	0	0.0	0.18364155617770467	0.18364155617770467	2.0	421	69
o_ssm_no_assoc	31415	1	2	CYP1A2__CYP2B6__CYP3A4	CYP1A2	0	0.2294	0.147834794573411	0.08156520542658899	2.0	1139	218
o_ssm_no_assoc	31415	1	2	CYP1A2__CYP2C8__CYP2D6	CYP1A2	0	0.3672	0.1799539476383747	0.18724605236162534	2.0	386	128
o_ssm_no_assoc	31415	1	2	CYP1A2__CYP2C9__CYP2C8	CYP1A2	1	0.2	0.1998091709712716	0.000190829028728412	2.0	198	65
o_ssm_no_assoc	31415	1	2	CYP1A2__CYP2C9__CYP3A4	CYP1A2	0	0.0816	0.08941595084830026	0.007815950848300252	2.0	2940	625
o_ssm_no_assoc	31415	1	2	CYP2C8__CYP2B6__CYP2C19	CYP2C8	0	0.0195	0.2148080779901835	0.19530807799018352	2.0	335	154
o_ssm_no_assoc	31415	1	2	CYP2C9__CYP2B6__CYP3A4	CYP2C9	0	0.2319	0.13222326495065656	0.09967673504934343	2.0	1959	332
o_ssm_no_assoc	31415	1	2	CYP2C9__CYP2C19__CYP3A4	CYP2C9	1	0.2286	0.11069398293916077	0.11790601706083922	2.0	7254	1601
o_ssm_no_assoc	31415	1	2	CYP2C9__CYP2C8__CYP3A4	CYP2C9	0	0.0	0.13611622880099783	0.13611622880099783	2.0	421	69
o_ssm_no_assoc	27182	1	2	CYP1A2__CYP2B6__CYP3A4	CYP1A2	0	0.2294	0.17360317880745588	0.055796821192544116	2.0	1139	218
o_ssm_no_assoc	27182	1	2	CYP1A2__CYP2C8__CYP2D6	CYP1A2	0	0.3672	0.16859077489284077	0.19860922510715925	2.0	386	128
o_ssm_no_assoc	27182	1	2	CYP1A2__CYP2C9__CYP2C8	CYP1A2	1	0.2	0.2249314296229682	0.024931429622968182	2.0	198	65
o_ssm_no_assoc	27182	1	2	CYP1A2__CYP2C9__CYP3A4	CYP1A2	0	0.0816	0.10516441048517411	0.023564410485174103	2.0	2940	625
o_ssm_no_assoc	27182	1	2	CYP2C8__CYP2B6__CYP2C19	CYP2C8	0	0.0195	0.20172500719762468	0.1822250071976247	2.0	335	154
o_ssm_no_assoc	27182	1	2	CYP2C9__CYP2B6__CYP3A4	CYP2C9	0	0.2319	0.15389710137198073	0.07800289862801926	2.0	1959	332
o_ssm_no_assoc	27182	1	2	CYP2C9__CYP2C19__CYP3A4	CYP2C9	1	0.2286	0.09071117385070097	0.13788882614929904	2.0	7254	1601
o_ssm_no_assoc	27182	1	2	CYP2C9__CYP2C8__CYP3A4	CYP2C9	0	0.0	0.16516150356763798	0.16516150356763798	2.0	421	69
symmetric_linear	deterministic	2	3	CYP1A2__CYP2C19__CYP2D6	CYP1A2	0	0.1468	0.13670895037498199	0.010091049625018028	2.0	7151	1737
symmetric_linear	deterministic	2	3	CYP1A2__CYP2C8__CYP3A4	CYP1A2	0	0.3193	0.17051946278957228	0.1487805372104277	2.0	270	119
symmetric_linear	deterministic	2	3	CYP1A2__CYP2D6__CYP3A4	CYP1A2	1	0.0932	0.09677706036265746	0.0035770603626574526	0.0	5061	1137
symmetric_linear	deterministic	2	3	CYP2B6__CYP2C19__CYP2D6	CYP2B6	0	0.1814	0.16366001332280378	0.01773998667719623	2.0	3346	601
symmetric_linear	deterministic	2	3	CYP2C8__CYP2B6__CYP2D6	CYP2C8	0	0.2377	0.16028530571679891	0.07741469428320108	2.0	916	244
symmetric_linear	deterministic	2	3	CYP2C9__CYP2C19__CYP2D6	CYP2C9	0	0.2325	0.13714207099553832	0.09535792900446169	2.0	7320	1458
symmetric_linear	deterministic	2	3	CYP2C9__CYP2D6__CYP3A4	CYP2C9	0	0.0039	0.09148193324564746	0.08758193324564746	2.0	5817	1030
ordered_linear	deterministic	2	3	CYP1A2__CYP2C19__CYP2D6	CYP1A2	0	0.1468	0.15124572128117578	0.004445721281175763	2.0	7151	1737
ordered_linear	deterministic	2	3	CYP1A2__CYP2C8__CYP3A4	CYP1A2	0	0.3193	0.18535367923970456	0.13394632076029542	2.0	270	119
ordered_linear	deterministic	2	3	CYP1A2__CYP2D6__CYP3A4	CYP1A2	1	0.0932	0.10593148303373676	0.012731483033736751	0.0	5061	1137
ordered_linear	deterministic	2	3	CYP2B6__CYP2C19__CYP2D6	CYP2B6	0	0.1814	0.14158190844507415	0.039818091554925855	2.0	3346	601
ordered_linear	deterministic	2	3	CYP2C8__CYP2B6__CYP2D6	CYP2C8	0	0.2377	0.13087562822482007	0.10682437177517992	2.0	916	244
ordered_linear	deterministic	2	3	CYP2C9__CYP2C19__CYP2D6	CYP2C9	0	0.2325	0.15700435459636708	0.07549564540363293	2.0	7320	1458
ordered_linear	deterministic	2	3	CYP2C9__CYP2D6__CYP3A4	CYP2C9	0	0.0039	0.11005444318976723	0.10615444318976723	2.0	5817	1030
h_ssm	55555	2	3	CYP1A2__CYP2C19__CYP2D6	CYP1A2	0	0.1468	0.13922804554511672	0.0075719544548832896	2.0	7151	1737
h_ssm	55555	2	3	CYP1A2__CYP2C8__CYP3A4	CYP1A2	0	0.3193	0.15302068354465065	0.16627931645534932	2.0	270	119
h_ssm	55555	2	3	CYP1A2__CYP2D6__CYP3A4	CYP1A2	1	0.0932	0.07210777452642564	0.021092225473574366	0.0	5061	1137
h_ssm	55555	2	3	CYP2B6__CYP2C19__CYP2D6	CYP2B6	0	0.1814	0.1734967143337142	0.007903285666285814	2.0	3346	601
h_ssm	55555	2	3	CYP2C8__CYP2B6__CYP2D6	CYP2C8	0	0.2377	0.1561601221100701	0.08153987788992989	2.0	916	244
h_ssm	55555	2	3	CYP2C9__CYP2C19__CYP2D6	CYP2C9	0	0.2325	0.1599675653275117	0.07253243467248832	2.0	7320	1458
h_ssm	55555	2	3	CYP2C9__CYP2D6__CYP3A4	CYP2C9	0	0.0039	0.08881023492461557	0.08491023492461557	2.0	5817	1030
h_ssm	11111	2	3	CYP1A2__CYP2C19__CYP2D6	CYP1A2	0	0.1468	0.13099760626509027	0.015802393734909742	2.0	7151	1737
h_ssm	11111	2	3	CYP1A2__CYP2C8__CYP3A4	CYP1A2	0	0.3193	0.1560686472346912	0.16323135276530878	2.0	270	119
h_ssm	11111	2	3	CYP1A2__CYP2D6__CYP3A4	CYP1A2	1	0.0932	0.07329013767071252	0.019909862329287487	0.0	5061	1137
h_ssm	11111	2	3	CYP2B6__CYP2C19__CYP2D6	CYP2B6	0	0.1814	0.17594913408938853	0.005450865910611474	2.0	3346	601
h_ssm	11111	2	3	CYP2C8__CYP2B6__CYP2D6	CYP2C8	0	0.2377	0.1527287795912899	0.08497122040871011	2.0	916	244
h_ssm	11111	2	3	CYP2C9__CYP2C19__CYP2D6	CYP2C9	0	0.2325	0.14920709745252633	0.08329290254747368	2.0	7320	1458
h_ssm	11111	2	3	CYP2C9__CYP2D6__CYP3A4	CYP2C9	0	0.0039	0.08765023638238598	0.08375023638238598	2.0	5817	1030
h_ssm	99887	2	3	CYP1A2__CYP2C19__CYP2D6	CYP1A2	0	0.1468	0.11286202129140518	0.03393797870859483	2.0	7151	1737
h_ssm	99887	2	3	CYP1A2__CYP2C8__CYP3A4	CYP1A2	0	0.3193	0.1618427239962517	0.1574572760037483	2.0	270	119
h_ssm	99887	2	3	CYP1A2__CYP2D6__CYP3A4	CYP1A2	1	0.0932	0.08871128347221119	0.004488716527788816	0.0	5061	1137
h_ssm	99887	2	3	CYP2B6__CYP2C19__CYP2D6	CYP2B6	0	0.1814	0.16632019286893604	0.015079807131063966	2.0	3346	601
h_ssm	99887	2	3	CYP2C8__CYP2B6__CYP2D6	CYP2C8	0	0.2377	0.1671340145824656	0.0705659854175344	2.0	916	244
h_ssm	99887	2	3	CYP2C9__CYP2C19__CYP2D6	CYP2C9	0	0.2325	0.13167625452061374	0.10082374547938627	2.0	7320	1458
h_ssm	99887	2	3	CYP2C9__CYP2D6__CYP3A4	CYP2C9	0	0.0039	0.10391802472987985	0.10001802472987985	2.0	5817	1030
h_ssm	22222	2	3	CYP1A2__CYP2C19__CYP2D6	CYP1A2	0	0.1468	0.13167611107078758	0.015123888929212431	2.0	7151	1737
h_ssm	22222	2	3	CYP1A2__CYP2C8__CYP3A4	CYP1A2	0	0.3193	0.15777511747255704	0.16152488252744293	2.0	270	119
h_ssm	22222	2	3	CYP1A2__CYP2D6__CYP3A4	CYP1A2	1	0.0932	0.08356408199824969	0.009635918001750315	0.0	5061	1137
h_ssm	22222	2	3	CYP2B6__CYP2C19__CYP2D6	CYP2B6	0	0.1814	0.17053863663723048	0.010861363362769522	2.0	3346	601
h_ssm	22222	2	3	CYP2C8__CYP2B6__CYP2D6	CYP2C8	0	0.2377	0.1674085498693361	0.0702914501306639	2.0	916	244
h_ssm	22222	2	3	CYP2C9__CYP2C19__CYP2D6	CYP2C9	0	0.2325	0.1548961240312229	0.0776038759687771	2.0	7320	1458
h_ssm	22222	2	3	CYP2C9__CYP2D6__CYP3A4	CYP2C9	0	0.0039	0.10235803354676457	0.09845803354676456	2.0	5817	1030
h_ssm	44444	2	3	CYP1A2__CYP2C19__CYP2D6	CYP1A2	0	0.1468	0.13257215342472134	0.014227846575278674	2.0	7151	1737
h_ssm	44444	2	3	CYP1A2__CYP2C8__CYP3A4	CYP1A2	0	0.3193	0.15720928582450805	0.16209071417549192	2.0	270	119
h_ssm	44444	2	3	CYP1A2__CYP2D6__CYP3A4	CYP1A2	1	0.0932	0.09207840465068659	0.0011215953493134145	0.0	5061	1137
h_ssm	44444	2	3	CYP2B6__CYP2C19__CYP2D6	CYP2B6	0	0.1814	0.1750854274851637	0.006314572514836303	2.0	3346	601
h_ssm	44444	2	3	CYP2C8__CYP2B6__CYP2D6	CYP2C8	0	0.2377	0.1646463251483763	0.0730536748516237	2.0	916	244
h_ssm	44444	2	3	CYP2C9__CYP2C19__CYP2D6	CYP2C9	0	0.2325	0.1513643848434651	0.08113561515653492	2.0	7320	1458
h_ssm	44444	2	3	CYP2C9__CYP2D6__CYP3A4	CYP2C9	0	0.0039	0.10641697392154571	0.10251697392154571	2.0	5817	1030
h_ssm	66666	2	3	CYP1A2__CYP2C19__CYP2D6	CYP1A2	0	0.1468	0.12495340244650349	0.021846597553496522	2.0	7151	1737
h_ssm	66666	2	3	CYP1A2__CYP2C8__CYP3A4	CYP1A2	0	0.3193	0.15939215987100655	0.15990784012899342	2.0	270	119
h_ssm	66666	2	3	CYP1A2__CYP2D6__CYP3A4	CYP1A2	1	0.0932	0.09581727899840592	0.002617278998405914	0.0	5061	1137
h_ssm	66666	2	3	CYP2B6__CYP2C19__CYP2D6	CYP2B6	0	0.1814	0.16501355937590506	0.016386440624094945	2.0	3346	601
h_ssm	66666	2	3	CYP2C8__CYP2B6__CYP2D6	CYP2C8	0	0.2377	0.1570743669850425	0.08062563301495748	2.0	916	244
h_ssm	66666	2	3	CYP2C9__CYP2C19__CYP2D6	CYP2C9	0	0.2325	0.14238019942750763	0.09011980057249239	2.0	7320	1458
h_ssm	66666	2	3	CYP2C9__CYP2D6__CYP3A4	CYP2C9	0	0.0039	0.10921087540629598	0.10531087540629598	2.0	5817	1030
h_ssm	77777	2	3	CYP1A2__CYP2C19__CYP2D6	CYP1A2	0	0.1468	0.11440070309592781	0.0323992969040722	2.0	7151	1737
h_ssm	77777	2	3	CYP1A2__CYP2C8__CYP3A4	CYP1A2	0	0.3193	0.1598018671560186	0.15949813284398137	2.0	270	119
h_ssm	77777	2	3	CYP1A2__CYP2D6__CYP3A4	CYP1A2	1	0.0932	0.09177717848917087	0.0014228215108291337	0.0	5061	1137
h_ssm	77777	2	3	CYP2B6__CYP2C19__CYP2D6	CYP2B6	0	0.1814	0.13079435939785308	0.05060564060214692	2.0	3346	601
h_ssm	77777	2	3	CYP2C8__CYP2B6__CYP2D6	CYP2C8	0	0.2377	0.1701815254435044	0.0675184745564956	2.0	916	244
h_ssm	77777	2	3	CYP2C9__CYP2C19__CYP2D6	CYP2C9	0	0.2325	0.13464571305531736	0.09785428694468265	2.0	7320	1458
h_ssm	77777	2	3	CYP2C9__CYP2D6__CYP3A4	CYP2C9	0	0.0039	0.10892861710786346	0.10502861710786346	2.0	5817	1030
h_ssm	88888	2	3	CYP1A2__CYP2C19__CYP2D6	CYP1A2	0	0.1468	0.12362234393282785	0.02317765606717216	2.0	7151	1737
h_ssm	88888	2	3	CYP1A2__CYP2C8__CYP3A4	CYP1A2	0	0.3193	0.1562799788718169	0.16302002112818306	2.0	270	119
h_ssm	88888	2	3	CYP1A2__CYP2D6__CYP3A4	CYP1A2	1	0.0932	0.07614574627402479	0.017054253725975216	0.0	5061	1137
h_ssm	88888	2	3	CYP2B6__CYP2C19__CYP2D6	CYP2B6	0	0.1814	0.1785987688861305	0.0028012311138695123	2.0	3346	601
h_ssm	88888	2	3	CYP2C8__CYP2B6__CYP2D6	CYP2C8	0	0.2377	0.15820023409739026	0.07949976590260974	2.0	916	244
h_ssm	88888	2	3	CYP2C9__CYP2C19__CYP2D6	CYP2C9	0	0.2325	0.14526817883924115	0.08723182116075887	2.0	7320	1458
h_ssm	88888	2	3	CYP2C9__CYP2D6__CYP3A4	CYP2C9	0	0.0039	0.0935251547149038	0.0896251547149038	2.0	5817	1030
h_ssm	33333	2	3	CYP1A2__CYP2C19__CYP2D6	CYP1A2	0	0.1468	0.11933474253011071	0.0274652574698893	2.0	7151	1737
h_ssm	33333	2	3	CYP1A2__CYP2C8__CYP3A4	CYP1A2	0	0.3193	0.16066742880012205	0.15863257119987792	2.0	270	119
h_ssm	33333	2	3	CYP1A2__CYP2D6__CYP3A4	CYP1A2	1	0.0932	0.08545510930669431	0.007744890693305695	0.0	5061	1137
h_ssm	33333	2	3	CYP2B6__CYP2C19__CYP2D6	CYP2B6	0	0.1814	0.14109052233568659	0.04030947766431342	2.0	3346	601
h_ssm	33333	2	3	CYP2C8__CYP2B6__CYP2D6	CYP2C8	0	0.2377	0.1649820742767135	0.0727179257232865	2.0	916	244
h_ssm	33333	2	3	CYP2C9__CYP2C19__CYP2D6	CYP2C9	0	0.2325	0.1397785310877574	0.09272146891224262	2.0	7320	1458
h_ssm	33333	2	3	CYP2C9__CYP2D6__CYP3A4	CYP2C9	0	0.0039	0.10178484614512885	0.09788484614512885	2.0	5817	1030
h_ssm	12321	2	3	CYP1A2__CYP2C19__CYP2D6	CYP1A2	0	0.1468	0.12364409006557088	0.023155909934429134	2.0	7151	1737
h_ssm	12321	2	3	CYP1A2__CYP2C8__CYP3A4	CYP1A2	0	0.3193	0.1592390798533072	0.16006092014669276	2.0	270	119
h_ssm	12321	2	3	CYP1A2__CYP2D6__CYP3A4	CYP1A2	1	0.0932	0.0922190214589888	0.0009809785410112015	0.0	5061	1137
h_ssm	12321	2	3	CYP2B6__CYP2C19__CYP2D6	CYP2B6	0	0.1814	0.1711356395962969	0.010264360403703099	2.0	3346	601
h_ssm	12321	2	3	CYP2C8__CYP2B6__CYP2D6	CYP2C8	0	0.2377	0.17127447205437113	0.06642552794562886	2.0	916	244
h_ssm	12321	2	3	CYP2C9__CYP2C19__CYP2D6	CYP2C9	0	0.2325	0.14383347053381598	0.08866652946618403	2.0	7320	1458
h_ssm	12321	2	3	CYP2C9__CYP2D6__CYP3A4	CYP2C9	0	0.0039	0.10822173644285701	0.10432173644285701	2.0	5817	1030
h_ssm	24680	2	3	CYP1A2__CYP2C19__CYP2D6	CYP1A2	0	0.1468	0.12585569029530233	0.020944309704697683	2.0	7151	1737
h_ssm	24680	2	3	CYP1A2__CYP2C8__CYP3A4	CYP1A2	0	0.3193	0.15962511866076312	0.15967488133923685	2.0	270	119
h_ssm	24680	2	3	CYP1A2__CYP2D6__CYP3A4	CYP1A2	1	0.0932	0.08095639801175586	0.012243601988244146	0.0	5061	1137
h_ssm	24680	2	3	CYP2B6__CYP2C19__CYP2D6	CYP2B6	0	0.1814	0.16364214048115724	0.01775785951884276	2.0	3346	601
h_ssm	24680	2	3	CYP2C8__CYP2B6__CYP2D6	CYP2C8	0	0.2377	0.16279435746789145	0.07490564253210855	2.0	916	244
h_ssm	24680	2	3	CYP2C9__CYP2C19__CYP2D6	CYP2C9	0	0.2325	0.14556063998555382	0.08693936001444619	2.0	7320	1458
h_ssm	24680	2	3	CYP2C9__CYP2D6__CYP3A4	CYP2C9	0	0.0039	0.09635895776907873	0.09245895776907873	2.0	5817	1030
h_ssm	13579	2	3	CYP1A2__CYP2C19__CYP2D6	CYP1A2	0	0.1468	0.12591616069311362	0.020883839306886393	2.0	7151	1737
h_ssm	13579	2	3	CYP1A2__CYP2C8__CYP3A4	CYP1A2	0	0.3193	0.15939750345699497	0.159902496543005	2.0	270	119
h_ssm	13579	2	3	CYP1A2__CYP2D6__CYP3A4	CYP1A2	1	0.0932	0.08313668121296239	0.010063318787037617	0.0	5061	1137
h_ssm	13579	2	3	CYP2B6__CYP2C19__CYP2D6	CYP2B6	0	0.1814	0.1575931048442055	0.02380689515579451	2.0	3346	601
h_ssm	13579	2	3	CYP2C8__CYP2B6__CYP2D6	CYP2C8	0	0.2377	0.16661593144850184	0.07108406855149815	2.0	916	244
h_ssm	13579	2	3	CYP2C9__CYP2C19__CYP2D6	CYP2C9	0	0.2325	0.1476937926543766	0.08480620734562341	2.0	7320	1458
h_ssm	13579	2	3	CYP2C9__CYP2D6__CYP3A4	CYP2C9	0	0.0039	0.10078104465494121	0.09688104465494121	2.0	5817	1030
h_ssm	54321	2	3	CYP1A2__CYP2C19__CYP2D6	CYP1A2	0	0.1468	0.1353464305621393	0.011453569437860717	2.0	7151	1737
h_ssm	54321	2	3	CYP1A2__CYP2C8__CYP3A4	CYP1A2	0	0.3193	0.1541900467721092	0.16510995322789077	2.0	270	119
h_ssm	54321	2	3	CYP1A2__CYP2D6__CYP3A4	CYP1A2	1	0.0932	0.07691980669742299	0.016280193302577017	0.0	5061	1137
h_ssm	54321	2	3	CYP2B6__CYP2C19__CYP2D6	CYP2B6	0	0.1814	0.16918906924284147	0.012210930757158539	2.0	3346	601
h_ssm	54321	2	3	CYP2C8__CYP2B6__CYP2D6	CYP2C8	0	0.2377	0.14925128888322944	0.08844871111677055	2.0	916	244
h_ssm	54321	2	3	CYP2C9__CYP2C19__CYP2D6	CYP2C9	0	0.2325	0.15539857636641854	0.07710142363358147	2.0	7320	1458
h_ssm	54321	2	3	CYP2C9__CYP2D6__CYP3A4	CYP2C9	0	0.0039	0.0933682189703946	0.0894682189703946	2.0	5817	1030
h_ssm	67890	2	3	CYP1A2__CYP2C19__CYP2D6	CYP1A2	0	0.1468	0.1114446165418111	0.03535538345818891	2.0	7151	1737
h_ssm	67890	2	3	CYP1A2__CYP2C8__CYP3A4	CYP1A2	0	0.3193	0.16213881417040965	0.15716118582959032	2.0	270	119
h_ssm	67890	2	3	CYP1A2__CYP2D6__CYP3A4	CYP1A2	1	0.0932	0.08651006760368041	0.006689932396319598	0.0	5061	1137
h_ssm	67890	2	3	CYP2B6__CYP2C19__CYP2D6	CYP2B6	0	0.1814	0.16774014885952146	0.013659851140478546	2.0	3346	601
h_ssm	67890	2	3	CYP2C8__CYP2B6__CYP2D6	CYP2C8	0	0.2377	0.16290135880673587	0.07479864119326413	2.0	916	244
h_ssm	67890	2	3	CYP2C9__CYP2C19__CYP2D6	CYP2C9	0	0.2325	0.13032354719249217	0.10217645280750784	2.0	7320	1458
h_ssm	67890	2	3	CYP2C9__CYP2D6__CYP3A4	CYP2C9	0	0.0039	0.1016542192061346	0.0977542192061346	2.0	5817	1030
h_ssm	11223	2	3	CYP1A2__CYP2C19__CYP2D6	CYP1A2	0	0.1468	0.11607524807334482	0.03072475192665519	2.0	7151	1737
h_ssm	11223	2	3	CYP1A2__CYP2C8__CYP3A4	CYP1A2	0	0.3193	0.15852088628513886	0.16077911371486112	2.0	270	119
h_ssm	11223	2	3	CYP1A2__CYP2D6__CYP3A4	CYP1A2	1	0.0932	0.0960723038464529	0.0028723038464529005	0.0	5061	1137
h_ssm	11223	2	3	CYP2B6__CYP2C19__CYP2D6	CYP2B6	0	0.1814	0.16977935966846103	0.011620640331538978	2.0	3346	601
h_ssm	11223	2	3	CYP2C8__CYP2B6__CYP2D6	CYP2C8	0	0.2377	0.15629623939455994	0.08140376060544005	2.0	916	244
h_ssm	11223	2	3	CYP2C9__CYP2C19__CYP2D6	CYP2C9	0	0.2325	0.13551948961634064	0.09698051038365937	2.0	7320	1458
h_ssm	11223	2	3	CYP2C9__CYP2D6__CYP3A4	CYP2C9	0	0.0039	0.11184480450868246	0.10794480450868246	2.0	5817	1030
h_ssm	44567	2	3	CYP1A2__CYP2C19__CYP2D6	CYP1A2	0	0.1468	0.1336632681395901	0.013136731860409923	2.0	7151	1737
h_ssm	44567	2	3	CYP1A2__CYP2C8__CYP3A4	CYP1A2	0	0.3193	0.15427744167581967	0.1650225583241803	2.0	270	119
h_ssm	44567	2	3	CYP1A2__CYP2D6__CYP3A4	CYP1A2	1	0.0932	0.0843854381803386	0.008814561819661407	0.0	5061	1137
h_ssm	44567	2	3	CYP2B6__CYP2C19__CYP2D6	CYP2B6	0	0.1814	0.1720340834062031	0.009365916593796902	2.0	3346	601
h_ssm	44567	2	3	CYP2C8__CYP2B6__CYP2D6	CYP2C8	0	0.2377	0.1736991250551339	0.06400087494486609	2.0	916	244
h_ssm	44567	2	3	CYP2C9__CYP2C19__CYP2D6	CYP2C9	0	0.2325	0.1576348337032659	0.07486516629673412	2.0	7320	1458
h_ssm	44567	2	3	CYP2C9__CYP2D6__CYP3A4	CYP2C9	0	0.0039	0.10298646155505889	0.09908646155505889	2.0	5817	1030
h_ssm	77889	2	3	CYP1A2__CYP2C19__CYP2D6	CYP1A2	0	0.1468	0.14207506593820102	0.0047249340617989966	2.0	7151	1737
h_ssm	77889	2	3	CYP1A2__CYP2C8__CYP3A4	CYP1A2	0	0.3193	0.15207871057962521	0.16722128942037476	2.0	270	119
h_ssm	77889	2	3	CYP1A2__CYP2D6__CYP3A4	CYP1A2	1	0.0932	0.07195269190433391	0.021247308095666093	0.0	5061	1137
h_ssm	77889	2	3	CYP2B6__CYP2C19__CYP2D6	CYP2B6	0	0.1814	0.17514176087522904	0.00625823912477097	2.0	3346	601
h_ssm	77889	2	3	CYP2C8__CYP2B6__CYP2D6	CYP2C8	0	0.2377	0.16047878225230203	0.07722121774769797	2.0	916	244
h_ssm	77889	2	3	CYP2C9__CYP2C19__CYP2D6	CYP2C9	0	0.2325	0.16341664712212536	0.06908335287787465	2.0	7320	1458
h_ssm	77889	2	3	CYP2C9__CYP2D6__CYP3A4	CYP2C9	0	0.0039	0.08904646787309559	0.08514646787309559	2.0	5817	1030
h_ssm	99001	2	3	CYP1A2__CYP2C19__CYP2D6	CYP1A2	0	0.1468	0.1151351092847695	0.031664890715230515	2.0	7151	1737
h_ssm	99001	2	3	CYP1A2__CYP2C8__CYP3A4	CYP1A2	0	0.3193	0.16226655002678703	0.15703344997321295	2.0	270	119
h_ssm	99001	2	3	CYP1A2__CYP2D6__CYP3A4	CYP1A2	1	0.0932	0.09366928976988406	0.000469289769884057	0.0	5061	1137
h_ssm	99001	2	3	CYP2B6__CYP2C19__CYP2D6	CYP2B6	0	0.1814	0.16140705657022103	0.019992943429778975	2.0	3346	601
h_ssm	99001	2	3	CYP2C8__CYP2B6__CYP2D6	CYP2C8	0	0.2377	0.16531493919877363	0.07238506080122636	2.0	916	244
h_ssm	99001	2	3	CYP2C9__CYP2C19__CYP2D6	CYP2C9	0	0.2325	0.1334153475261492	0.09908465247385081	2.0	7320	1458
h_ssm	99001	2	3	CYP2C9__CYP2D6__CYP3A4	CYP2C9	0	0.0039	0.10811363641918544	0.10421363641918543	2.0	5817	1030
h_ssm	31415	2	3	CYP1A2__CYP2C19__CYP2D6	CYP1A2	0	0.1468	0.11700329738218895	0.02979670261781106	2.0	7151	1737
h_ssm	31415	2	3	CYP1A2__CYP2C8__CYP3A4	CYP1A2	0	0.3193	0.1636055706734452	0.15569442932655478	2.0	270	119
h_ssm	31415	2	3	CYP1A2__CYP2D6__CYP3A4	CYP1A2	1	0.0932	0.09479969889226872	0.0015996988922687139	0.0	5061	1137
h_ssm	31415	2	3	CYP2B6__CYP2C19__CYP2D6	CYP2B6	0	0.1814	0.15682586365856985	0.02457413634143016	2.0	3346	601
h_ssm	31415	2	3	CYP2C8__CYP2B6__CYP2D6	CYP2C8	0	0.2377	0.1597136464687876	0.07798635353121239	2.0	916	244
h_ssm	31415	2	3	CYP2C9__CYP2C19__CYP2D6	CYP2C9	0	0.2325	0.13308128776141478	0.09941871223858523	2.0	7320	1458
h_ssm	31415	2	3	CYP2C9__CYP2D6__CYP3A4	CYP2C9	0	0.0039	0.10652531435205169	0.10262531435205169	2.0	5817	1030
h_ssm	27182	2	3	CYP1A2__CYP2C19__CYP2D6	CYP1A2	0	0.1468	0.12504552808704533	0.02175447191295468	2.0	7151	1737
h_ssm	27182	2	3	CYP1A2__CYP2C8__CYP3A4	CYP1A2	0	0.3193	0.15927522920900167	0.1600247707909983	2.0	270	119
h_ssm	27182	2	3	CYP1A2__CYP2D6__CYP3A4	CYP1A2	1	0.0932	0.08531759120745616	0.007882408792543844	0.0	5061	1137
h_ssm	27182	2	3	CYP2B6__CYP2C19__CYP2D6	CYP2B6	0	0.1814	0.1524967758801982	0.028903224119801812	2.0	3346	601
h_ssm	27182	2	3	CYP2C8__CYP2B6__CYP2D6	CYP2C8	0	0.2377	0.16619216379799356	0.07150783620200643	2.0	916	244
h_ssm	27182	2	3	CYP2C9__CYP2C19__CYP2D6	CYP2C9	0	0.2325	0.14744422676518532	0.0850557732348147	2.0	7320	1458
h_ssm	27182	2	3	CYP2C9__CYP2D6__CYP3A4	CYP2C9	0	0.0039	0.10340016266179486	0.09950016266179486	2.0	5817	1030
o_ssm	55555	2	3	CYP1A2__CYP2C19__CYP2D6	CYP1A2	0	0.1468	0.1222729223910553	0.02452707760894471	2.0	7151	1737
o_ssm	55555	2	3	CYP1A2__CYP2C8__CYP3A4	CYP1A2	0	0.3193	0.15935585221177043	0.15994414778822955	2.0	270	119
o_ssm	55555	2	3	CYP1A2__CYP2D6__CYP3A4	CYP1A2	1	0.0932	0.09511549158020635	0.0019154915802063466	0.0	5061	1137
o_ssm	55555	2	3	CYP2B6__CYP2C19__CYP2D6	CYP2B6	0	0.1814	0.11520339005582944	0.06619660994417056	2.0	3346	601
o_ssm	55555	2	3	CYP2C8__CYP2B6__CYP2D6	CYP2C8	0	0.2377	0.16734536511790488	0.07035463488209512	2.0	916	244
o_ssm	55555	2	3	CYP2C9__CYP2C19__CYP2D6	CYP2C9	0	0.2325	0.1593712018760392	0.07312879812396081	2.0	7320	1458
o_ssm	55555	2	3	CYP2C9__CYP2D6__CYP3A4	CYP2C9	0	0.0039	0.13062761661062328	0.1267276166106233	2.0	5817	1030
o_ssm	11111	2	3	CYP1A2__CYP2C19__CYP2D6	CYP1A2	0	0.1468	0.13654874870921443	0.010251251290785579	2.0	7151	1737
o_ssm	11111	2	3	CYP1A2__CYP2C8__CYP3A4	CYP1A2	0	0.3193	0.1618798439484314	0.15742015605156856	2.0	270	119
o_ssm	11111	2	3	CYP1A2__CYP2D6__CYP3A4	CYP1A2	1	0.0932	0.10165769755175691	0.008457697551756904	0.0	5061	1137
o_ssm	11111	2	3	CYP2B6__CYP2C19__CYP2D6	CYP2B6	0	0.1814	0.17812735253866702	0.0032726474613329892	2.0	3346	601
o_ssm	11111	2	3	CYP2C8__CYP2B6__CYP2D6	CYP2C8	0	0.2377	0.1488279462551971	0.08887205374480289	2.0	916	244
o_ssm	11111	2	3	CYP2C9__CYP2C19__CYP2D6	CYP2C9	0	0.2325	0.14755695989061882	0.0849430401093812	2.0	7320	1458
o_ssm	11111	2	3	CYP2C9__CYP2D6__CYP3A4	CYP2C9	0	0.0039	0.11156719162594343	0.10766719162594343	2.0	5817	1030
o_ssm	99887	2	3	CYP1A2__CYP2C19__CYP2D6	CYP1A2	0	0.1468	-0.16042495965011044	0.30722495965011043	2.0	7151	1737
o_ssm	99887	2	3	CYP1A2__CYP2C8__CYP3A4	CYP1A2	0	0.3193	0.2559282197710232	0.06337178022897677	2.0	270	119
o_ssm	99887	2	3	CYP1A2__CYP2D6__CYP3A4	CYP1A2	1	0.0932	-0.13278567147958262	0.22598567147958262	0.0	5061	1137
o_ssm	99887	2	3	CYP2B6__CYP2C19__CYP2D6	CYP2B6	0	0.1814	-0.05841847580997242	0.23981847580997243	2.0	3346	601
o_ssm	99887	2	3	CYP2C8__CYP2B6__CYP2D6	CYP2C8	0	0.2377	0.04009900419257398	0.19760099580742602	2.0	916	244
o_ssm	99887	2	3	CYP2C9__CYP2C19__CYP2D6	CYP2C9	0	0.2325	0.025028726028959752	0.20747127397104026	2.0	7320	1458
o_ssm	99887	2	3	CYP2C9__CYP2D6__CYP3A4	CYP2C9	0	0.0039	0.2605150890097553	0.25661508900975527	2.0	5817	1030
o_ssm	22222	2	3	CYP1A2__CYP2C19__CYP2D6	CYP1A2	0	0.1468	0.11035411064461281	0.0364458893553872	2.0	7151	1737
o_ssm	22222	2	3	CYP1A2__CYP2C8__CYP3A4	CYP1A2	0	0.3193	0.15797698721546244	0.16132301278453753	2.0	270	119
o_ssm	22222	2	3	CYP1A2__CYP2D6__CYP3A4	CYP1A2	1	0.0932	0.094693351713076	0.001493351713075991	0.0	5061	1137
o_ssm	22222	2	3	CYP2B6__CYP2C19__CYP2D6	CYP2B6	0	0.1814	0.17168206678665304	0.009717933213346963	2.0	3346	601
o_ssm	22222	2	3	CYP2C8__CYP2B6__CYP2D6	CYP2C8	0	0.2377	0.15675058316478296	0.08094941683521703	2.0	916	244
o_ssm	22222	2	3	CYP2C9__CYP2C19__CYP2D6	CYP2C9	0	0.2325	0.14348397524882983	0.08901602475117018	2.0	7320	1458
o_ssm	22222	2	3	CYP2C9__CYP2D6__CYP3A4	CYP2C9	0	0.0039	0.1135225542824208	0.1096225542824208	2.0	5817	1030
o_ssm	44444	2	3	CYP1A2__CYP2C19__CYP2D6	CYP1A2	0	0.1468	0.10288355946761836	0.043916440532381654	2.0	7151	1737
o_ssm	44444	2	3	CYP1A2__CYP2C8__CYP3A4	CYP1A2	0	0.3193	0.15989743536624307	0.1594025646337569	2.0	270	119
o_ssm	44444	2	3	CYP1A2__CYP2D6__CYP3A4	CYP1A2	1	0.0932	0.08000971524590592	0.01319028475409409	0.0	5061	1137
o_ssm	44444	2	3	CYP2B6__CYP2C19__CYP2D6	CYP2B6	0	0.1814	0.18687511446408087	0.00547511446408086	2.0	3346	601
o_ssm	44444	2	3	CYP2C8__CYP2B6__CYP2D6	CYP2C8	0	0.2377	0.17342862331869058	0.06427137668130942	2.0	916	244
o_ssm	44444	2	3	CYP2C9__CYP2C19__CYP2D6	CYP2C9	0	0.2325	0.14027502715973847	0.09222497284026154	2.0	7320	1458
o_ssm	44444	2	3	CYP2C9__CYP2D6__CYP3A4	CYP2C9	0	0.0039	0.08521110767265459	0.08131110767265459	2.0	5817	1030
o_ssm	66666	2	3	CYP1A2__CYP2C19__CYP2D6	CYP1A2	0	0.1468	0.13682396785286627	0.009976032147133745	2.0	7151	1737
o_ssm	66666	2	3	CYP1A2__CYP2C8__CYP3A4	CYP1A2	0	0.3193	0.15404865511258928	0.1652513448874107	2.0	270	119
o_ssm	66666	2	3	CYP1A2__CYP2D6__CYP3A4	CYP1A2	1	0.0932	0.1167769996343401	0.023576999634340096	0.0	5061	1137
o_ssm	66666	2	3	CYP2B6__CYP2C19__CYP2D6	CYP2B6	0	0.1814	0.17663359340826762	0.004766406591732386	2.0	3346	601
o_ssm	66666	2	3	CYP2C8__CYP2B6__CYP2D6	CYP2C8	0	0.2377	0.14958427943615618	0.08811572056384381	2.0	916	244
o_ssm	66666	2	3	CYP2C9__CYP2C19__CYP2D6	CYP2C9	0	0.2325	0.1573537547203169	0.07514624527968311	2.0	7320	1458
o_ssm	66666	2	3	CYP2C9__CYP2D6__CYP3A4	CYP2C9	0	0.0039	0.10698786537338104	0.10308786537338104	2.0	5817	1030
o_ssm	77777	2	3	CYP1A2__CYP2C19__CYP2D6	CYP1A2	0	0.1468	0.1393677149400758	0.007432285059924215	2.0	7151	1737
o_ssm	77777	2	3	CYP1A2__CYP2C8__CYP3A4	CYP1A2	0	0.3193	0.16897968238428354	0.15032031761571643	2.0	270	119
o_ssm	77777	2	3	CYP1A2__CYP2D6__CYP3A4	CYP1A2	1	0.0932	0.0917646578451255	0.0014353421548745082	0.0	5061	1137
o_ssm	77777	2	3	CYP2B6__CYP2C19__CYP2D6	CYP2B6	0	0.1814	0.16689626847726197	0.01450373152273804	2.0	3346	601
o_ssm	77777	2	3	CYP2C8__CYP2B6__CYP2D6	CYP2C8	0	0.2377	0.16480349398333755	0.07289650601666245	2.0	916	244
o_ssm	77777	2	3	CYP2C9__CYP2C19__CYP2D6	CYP2C9	0	0.2325	0.1453102445047223	0.08718975549527772	2.0	7320	1458
o_ssm	77777	2	3	CYP2C9__CYP2D6__CYP3A4	CYP2C9	0	0.0039	0.12320732503704279	0.11930732503704279	2.0	5817	1030
o_ssm	88888	2	3	CYP1A2__CYP2C19__CYP2D6	CYP1A2	0	0.1468	0.11055210545407985	0.03624789454592016	2.0	7151	1737
o_ssm	88888	2	3	CYP1A2__CYP2C8__CYP3A4	CYP1A2	0	0.3193	0.16493865218783293	0.15436134781216704	2.0	270	119
o_ssm	88888	2	3	CYP1A2__CYP2D6__CYP3A4	CYP1A2	1	0.0932	0.09085590020293625	0.0023440997970637506	0.0	5061	1137
o_ssm	88888	2	3	CYP2B6__CYP2C19__CYP2D6	CYP2B6	0	0.1814	0.16949190678161738	0.011908093218382626	2.0	3346	601
o_ssm	88888	2	3	CYP2C8__CYP2B6__CYP2D6	CYP2C8	0	0.2377	0.180837752005133	0.056862247994867	2.0	916	244
o_ssm	88888	2	3	CYP2C9__CYP2C19__CYP2D6	CYP2C9	0	0.2325	0.13362163948903194	0.09887836051096807	2.0	7320	1458
o_ssm	88888	2	3	CYP2C9__CYP2D6__CYP3A4	CYP2C9	0	0.0039	0.0953767570292088	0.0914767570292088	2.0	5817	1030
o_ssm	33333	2	3	CYP1A2__CYP2C19__CYP2D6	CYP1A2	0	0.1468	0.14042080813791802	0.006379191862081995	2.0	7151	1737
o_ssm	33333	2	3	CYP1A2__CYP2C8__CYP3A4	CYP1A2	0	0.3193	0.18424080655723338	0.1350591934427666	2.0	270	119
o_ssm	33333	2	3	CYP1A2__CYP2D6__CYP3A4	CYP1A2	1	0.0932	0.1155279101965816	0.02232791019658159	0.0	5061	1137
o_ssm	33333	2	3	CYP2B6__CYP2C19__CYP2D6	CYP2B6	0	0.1814	0.1636785220764263	0.017721477923573703	2.0	3346	601
o_ssm	33333	2	3	CYP2C8__CYP2B6__CYP2D6	CYP2C8	0	0.2377	0.170732731326212	0.066967268673788	2.0	916	244
o_ssm	33333	2	3	CYP2C9__CYP2C19__CYP2D6	CYP2C9	0	0.2325	0.11872375961869089	0.11377624038130912	2.0	7320	1458
o_ssm	33333	2	3	CYP2C9__CYP2D6__CYP3A4	CYP2C9	0	0.0039	0.09784381052855823	0.09394381052855823	2.0	5817	1030
o_ssm	12321	2	3	CYP1A2__CYP2C19__CYP2D6	CYP1A2	0	0.1468	0.1473490605585152	0.0005490605585151964	2.0	7151	1737
o_ssm	12321	2	3	CYP1A2__CYP2C8__CYP3A4	CYP1A2	0	0.3193	0.14439104099996788	0.1749089590000321	2.0	270	119
o_ssm	12321	2	3	CYP1A2__CYP2D6__CYP3A4	CYP1A2	1	0.0932	0.12656048272773585	0.03336048272773584	0.0	5061	1137
o_ssm	12321	2	3	CYP2B6__CYP2C19__CYP2D6	CYP2B6	0	0.1814	0.16584311226544945	0.01555688773455055	2.0	3346	601
o_ssm	12321	2	3	CYP2C8__CYP2B6__CYP2D6	CYP2C8	0	0.2377	0.19638112582818118	0.041318874171818815	2.0	916	244
o_ssm	12321	2	3	CYP2C9__CYP2C19__CYP2D6	CYP2C9	0	0.2325	0.18448379364923956	0.048016206350760454	2.0	7320	1458
o_ssm	12321	2	3	CYP2C9__CYP2D6__CYP3A4	CYP2C9	0	0.0039	0.11063597892028608	0.10673597892028608	2.0	5817	1030
o_ssm	24680	2	3	CYP1A2__CYP2C19__CYP2D6	CYP1A2	0	0.1468	0.10822773802320619	0.03857226197679382	2.0	7151	1737
o_ssm	24680	2	3	CYP1A2__CYP2C8__CYP3A4	CYP1A2	0	0.3193	0.155373930865543	0.16392606913445698	2.0	270	119
o_ssm	24680	2	3	CYP1A2__CYP2D6__CYP3A4	CYP1A2	1	0.0932	0.10178345657885811	0.008583456578858104	0.0	5061	1137
o_ssm	24680	2	3	CYP2B6__CYP2C19__CYP2D6	CYP2B6	0	0.1814	0.170823590475282	0.010576409524718	2.0	3346	601
o_ssm	24680	2	3	CYP2C8__CYP2B6__CYP2D6	CYP2C8	0	0.2377	0.14413898860734997	0.09356101139265002	2.0	916	244
o_ssm	24680	2	3	CYP2C9__CYP2C19__CYP2D6	CYP2C9	0	0.2325	0.1472730046089044	0.0852269953910956	2.0	7320	1458
o_ssm	24680	2	3	CYP2C9__CYP2D6__CYP3A4	CYP2C9	0	0.0039	0.10719254430861673	0.10329254430861673	2.0	5817	1030
o_ssm	13579	2	3	CYP1A2__CYP2C19__CYP2D6	CYP1A2	0	0.1468	0.0998779193346894	0.04692208066531062	2.0	7151	1737
o_ssm	13579	2	3	CYP1A2__CYP2C8__CYP3A4	CYP1A2	0	0.3193	0.1549171365413312	0.16438286345866876	2.0	270	119
o_ssm	13579	2	3	CYP1A2__CYP2D6__CYP3A4	CYP1A2	1	0.0932	0.09349064616572123	0.00029064616572122004	0.0	5061	1137
o_ssm	13579	2	3	CYP2B6__CYP2C19__CYP2D6	CYP2B6	0	0.1814	0.16536856231613498	0.01603143768386503	2.0	3346	601
o_ssm	13579	2	3	CYP2C8__CYP2B6__CYP2D6	CYP2C8	0	0.2377	0.14300791503535115	0.09469208496464884	2.0	916	244
o_ssm	13579	2	3	CYP2C9__CYP2C19__CYP2D6	CYP2C9	0	0.2325	0.15046065840661033	0.08203934159338969	2.0	7320	1458
o_ssm	13579	2	3	CYP2C9__CYP2D6__CYP3A4	CYP2C9	0	0.0039	0.09561071609345662	0.09171071609345662	2.0	5817	1030
o_ssm	54321	2	3	CYP1A2__CYP2C19__CYP2D6	CYP1A2	0	0.1468	0.10031361346606822	0.04648638653393179	2.0	7151	1737
o_ssm	54321	2	3	CYP1A2__CYP2C8__CYP3A4	CYP1A2	0	0.3193	0.16357194546484477	0.1557280545351552	2.0	270	119
o_ssm	54321	2	3	CYP1A2__CYP2D6__CYP3A4	CYP1A2	1	0.0932	0.11335082048477502	0.02015082048477501	0.0	5061	1137
o_ssm	54321	2	3	CYP2B6__CYP2C19__CYP2D6	CYP2B6	0	0.1814	0.17041131590274558	0.010988684097254425	2.0	3346	601
o_ssm	54321	2	3	CYP2C8__CYP2B6__CYP2D6	CYP2C8	0	0.2377	0.1828751900036718	0.05482480999632819	2.0	916	244
o_ssm	54321	2	3	CYP2C9__CYP2C19__CYP2D6	CYP2C9	0	0.2325	0.13971905042131766	0.09278094957868235	2.0	7320	1458
o_ssm	54321	2	3	CYP2C9__CYP2D6__CYP3A4	CYP2C9	0	0.0039	0.131835805027644	0.127935805027644	2.0	5817	1030
o_ssm	67890	2	3	CYP1A2__CYP2C19__CYP2D6	CYP1A2	0	0.1468	0.13236588434511948	0.014434115654880536	2.0	7151	1737
o_ssm	67890	2	3	CYP1A2__CYP2C8__CYP3A4	CYP1A2	0	0.3193	0.16992717628615925	0.14937282371384072	2.0	270	119
o_ssm	67890	2	3	CYP1A2__CYP2D6__CYP3A4	CYP1A2	1	0.0932	0.04249091216792725	0.05070908783207276	0.0	5061	1137
o_ssm	67890	2	3	CYP2B6__CYP2C19__CYP2D6	CYP2B6	0	0.1814	0.15365057596307474	0.027749424036925263	2.0	3346	601
o_ssm	67890	2	3	CYP2C8__CYP2B6__CYP2D6	CYP2C8	0	0.2377	0.13416151435022272	0.10353848564977727	2.0	916	244
o_ssm	67890	2	3	CYP2C9__CYP2C19__CYP2D6	CYP2C9	0	0.2325	0.1479375755424805	0.08456242445751952	2.0	7320	1458
o_ssm	67890	2	3	CYP2C9__CYP2D6__CYP3A4	CYP2C9	0	0.0039	0.09223792897454854	0.08833792897454854	2.0	5817	1030
o_ssm	11223	2	3	CYP1A2__CYP2C19__CYP2D6	CYP1A2	0	0.1468	0.11805449748699165	0.028745502513008364	2.0	7151	1737
o_ssm	11223	2	3	CYP1A2__CYP2C8__CYP3A4	CYP1A2	0	0.3193	0.16374607211971728	0.1555539278802827	2.0	270	119
o_ssm	11223	2	3	CYP1A2__CYP2D6__CYP3A4	CYP1A2	1	0.0932	0.10400532873945365	0.01080532873945364	0.0	5061	1137
o_ssm	11223	2	3	CYP2B6__CYP2C19__CYP2D6	CYP2B6	0	0.1814	0.17746679331979168	0.003933206680208329	2.0	3346	601
o_ssm	11223	2	3	CYP2C8__CYP2B6__CYP2D6	CYP2C8	0	0.2377	0.15922247258412128	0.07847752741587871	2.0	916	244
o_ssm	11223	2	3	CYP2C9__CYP2C19__CYP2D6	CYP2C9	0	0.2325	0.15178332874093076	0.08071667125906926	2.0	7320	1458
o_ssm	11223	2	3	CYP2C9__CYP2D6__CYP3A4	CYP2C9	0	0.0039	0.10742096207169335	0.10352096207169335	2.0	5817	1030
o_ssm	44567	2	3	CYP1A2__CYP2C19__CYP2D6	CYP1A2	0	0.1468	0.10106755749329432	0.04573244250670569	2.0	7151	1737
o_ssm	44567	2	3	CYP1A2__CYP2C8__CYP3A4	CYP1A2	0	0.3193	0.1685250878002049	0.15077491219979508	2.0	270	119
o_ssm	44567	2	3	CYP1A2__CYP2D6__CYP3A4	CYP1A2	1	0.0932	0.10055419906877777	0.007354199068777767	0.0	5061	1137
o_ssm	44567	2	3	CYP2B6__CYP2C19__CYP2D6	CYP2B6	0	0.1814	0.16941861976493355	0.011981380235066452	2.0	3346	601
o_ssm	44567	2	3	CYP2C8__CYP2B6__CYP2D6	CYP2C8	0	0.2377	0.18573529228492044	0.05196470771507955	2.0	916	244
o_ssm	44567	2	3	CYP2C9__CYP2C19__CYP2D6	CYP2C9	0	0.2325	0.13229855719005618	0.10020144280994384	2.0	7320	1458
o_ssm	44567	2	3	CYP2C9__CYP2D6__CYP3A4	CYP2C9	0	0.0039	0.08848031241471874	0.08458031241471874	2.0	5817	1030
o_ssm	77889	2	3	CYP1A2__CYP2C19__CYP2D6	CYP1A2	0	0.1468	0.09748726757272864	0.04931273242727137	2.0	7151	1737
o_ssm	77889	2	3	CYP1A2__CYP2C8__CYP3A4	CYP1A2	0	0.3193	0.17004112301938096	0.14925887698061902	2.0	270	119
o_ssm	77889	2	3	CYP1A2__CYP2D6__CYP3A4	CYP1A2	1	0.0932	0.07938143091570618	0.013818569084293825	0.0	5061	1137
o_ssm	77889	2	3	CYP2B6__CYP2C19__CYP2D6	CYP2B6	0	0.1814	0.15929670858195413	0.022103291418045873	2.0	3346	601
o_ssm	77889	2	3	CYP2C8__CYP2B6__CYP2D6	CYP2C8	0	0.2377	0.1696330122778332	0.0680669877221668	2.0	916	244
o_ssm	77889	2	3	CYP2C9__CYP2C19__CYP2D6	CYP2C9	0	0.2325	0.1370403392073963	0.0954596607926037	2.0	7320	1458
o_ssm	77889	2	3	CYP2C9__CYP2D6__CYP3A4	CYP2C9	0	0.0039	0.1210617379769301	0.1171617379769301	2.0	5817	1030
o_ssm	99001	2	3	CYP1A2__CYP2C19__CYP2D6	CYP1A2	0	0.1468	0.11751408959039925	0.02928591040960077	2.0	7151	1737
o_ssm	99001	2	3	CYP1A2__CYP2C8__CYP3A4	CYP1A2	0	0.3193	0.18119337086224663	0.13810662913775335	2.0	270	119
o_ssm	99001	2	3	CYP1A2__CYP2D6__CYP3A4	CYP1A2	1	0.0932	0.10167197329225801	0.008471973292258003	0.0	5061	1137
o_ssm	99001	2	3	CYP2B6__CYP2C19__CYP2D6	CYP2B6	0	0.1814	0.17577154431798284	0.005628455682017169	2.0	3346	601
o_ssm	99001	2	3	CYP2C8__CYP2B6__CYP2D6	CYP2C8	0	0.2377	0.1628424311795977	0.07485756882040229	2.0	916	244
o_ssm	99001	2	3	CYP2C9__CYP2C19__CYP2D6	CYP2C9	0	0.2325	0.1363959966351741	0.09610400336482591	2.0	7320	1458
o_ssm	99001	2	3	CYP2C9__CYP2D6__CYP3A4	CYP2C9	0	0.0039	0.09266638487557788	0.08876638487557788	2.0	5817	1030
o_ssm	31415	2	3	CYP1A2__CYP2C19__CYP2D6	CYP1A2	0	0.1468	0.11183349830217054	0.03496650169782947	2.0	7151	1737
o_ssm	31415	2	3	CYP1A2__CYP2C8__CYP3A4	CYP1A2	0	0.3193	0.1717702083779459	0.14752979162205407	2.0	270	119
o_ssm	31415	2	3	CYP1A2__CYP2D6__CYP3A4	CYP1A2	1	0.0932	0.07422519561876453	0.01897480438123547	0.0	5061	1137
o_ssm	31415	2	3	CYP2B6__CYP2C19__CYP2D6	CYP2B6	0	0.1814	0.16949592457503249	0.01190407542496752	2.0	3346	601
o_ssm	31415	2	3	CYP2C8__CYP2B6__CYP2D6	CYP2C8	0	0.2377	0.1961269634980702	0.04157303650192978	2.0	916	244
o_ssm	31415	2	3	CYP2C9__CYP2C19__CYP2D6	CYP2C9	0	0.2325	0.1603297964925076	0.07217020350749243	2.0	7320	1458
o_ssm	31415	2	3	CYP2C9__CYP2D6__CYP3A4	CYP2C9	0	0.0039	0.12387520459129492	0.11997520459129492	2.0	5817	1030
o_ssm	27182	2	3	CYP1A2__CYP2C19__CYP2D6	CYP1A2	0	0.1468	0.1235553359108406	0.023244664089159414	2.0	7151	1737
o_ssm	27182	2	3	CYP1A2__CYP2C8__CYP3A4	CYP1A2	0	0.3193	0.15534135114070835	0.16395864885929162	2.0	270	119
o_ssm	27182	2	3	CYP1A2__CYP2D6__CYP3A4	CYP1A2	1	0.0932	0.08164812535394825	0.011551874646051757	0.0	5061	1137
o_ssm	27182	2	3	CYP2B6__CYP2C19__CYP2D6	CYP2B6	0	0.1814	0.1495325992216449	0.03186740077835509	2.0	3346	601
o_ssm	27182	2	3	CYP2C8__CYP2B6__CYP2D6	CYP2C8	0	0.2377	0.1374956009681896	0.10020439903181039	2.0	916	244
o_ssm	27182	2	3	CYP2C9__CYP2C19__CYP2D6	CYP2C9	0	0.2325	0.17214826342136028	0.060351736578639736	2.0	7320	1458
o_ssm	27182	2	3	CYP2C9__CYP2D6__CYP3A4	CYP2C9	0	0.0039	0.11657144215193237	0.11267144215193237	2.0	5817	1030
o_ssm_no_assoc	55555	2	3	CYP1A2__CYP2C19__CYP2D6	CYP1A2	0	0.1468	0.12304258004582308	0.023757419954176934	2.0	7151	1737
o_ssm_no_assoc	55555	2	3	CYP1A2__CYP2C8__CYP3A4	CYP1A2	0	0.3193	0.15955097646437488	0.1597490235356251	2.0	270	119
o_ssm_no_assoc	55555	2	3	CYP1A2__CYP2D6__CYP3A4	CYP1A2	1	0.0932	0.0887780186210902	0.004421981378909812	0.0	5061	1137
o_ssm_no_assoc	55555	2	3	CYP2B6__CYP2C19__CYP2D6	CYP2B6	0	0.1814	0.11943240182818476	0.06196759817181524	2.0	3346	601
o_ssm_no_assoc	55555	2	3	CYP2C8__CYP2B6__CYP2D6	CYP2C8	0	0.2377	0.16908443399735082	0.06861556600264918	2.0	916	244
o_ssm_no_assoc	55555	2	3	CYP2C9__CYP2C19__CYP2D6	CYP2C9	0	0.2325	0.1593871865868523	0.07311281341314771	2.0	7320	1458
o_ssm_no_assoc	55555	2	3	CYP2C9__CYP2D6__CYP3A4	CYP2C9	0	0.0039	0.13978682384845023	0.13588682384845024	2.0	5817	1030
o_ssm_no_assoc	11111	2	3	CYP1A2__CYP2C19__CYP2D6	CYP1A2	0	0.1468	0.1363087129190092	0.010491287080990813	2.0	7151	1737
o_ssm_no_assoc	11111	2	3	CYP1A2__CYP2C8__CYP3A4	CYP1A2	0	0.3193	0.160843366225142	0.15845663377485797	2.0	270	119
o_ssm_no_assoc	11111	2	3	CYP1A2__CYP2D6__CYP3A4	CYP1A2	1	0.0932	0.09992551682358922	0.0067255168235892115	0.0	5061	1137
o_ssm_no_assoc	11111	2	3	CYP2B6__CYP2C19__CYP2D6	CYP2B6	0	0.1814	0.1778975679836456	0.0035024320163544176	2.0	3346	601
o_ssm_no_assoc	11111	2	3	CYP2C8__CYP2B6__CYP2D6	CYP2C8	0	0.2377	0.1476627837688359	0.09003721623116409	2.0	916	244
o_ssm_no_assoc	11111	2	3	CYP2C9__CYP2C19__CYP2D6	CYP2C9	0	0.2325	0.141607521229725	0.09089247877027501	2.0	7320	1458
o_ssm_no_assoc	11111	2	3	CYP2C9__CYP2D6__CYP3A4	CYP2C9	0	0.0039	0.11058472119496407	0.10668472119496407	2.0	5817	1030
o_ssm_no_assoc	99887	2	3	CYP1A2__CYP2C19__CYP2D6	CYP1A2	0	0.1468	-0.1605448749841077	0.3073448749841077	2.0	7151	1737
o_ssm_no_assoc	99887	2	3	CYP1A2__CYP2C8__CYP3A4	CYP1A2	0	0.3193	0.25471774186751434	0.06458225813248564	2.0	270	119
o_ssm_no_assoc	99887	2	3	CYP1A2__CYP2D6__CYP3A4	CYP1A2	1	0.0932	-0.13282284510617437	0.22602284510617437	0.0	5061	1137
o_ssm_no_assoc	99887	2	3	CYP2B6__CYP2C19__CYP2D6	CYP2B6	0	0.1814	-0.05898726934620657	0.24038726934620658	2.0	3346	601
o_ssm_no_assoc	99887	2	3	CYP2C8__CYP2B6__CYP2D6	CYP2C8	0	0.2377	0.03958730900850449	0.1981126909914955	2.0	916	244
o_ssm_no_assoc	99887	2	3	CYP2C9__CYP2C19__CYP2D6	CYP2C9	0	0.2325	0.025617166002206426	0.20688283399779359	2.0	7320	1458
o_ssm_no_assoc	99887	2	3	CYP2C9__CYP2D6__CYP3A4	CYP2C9	0	0.0039	0.2610437477286172	0.2571437477286172	2.0	5817	1030
o_ssm_no_assoc	22222	2	3	CYP1A2__CYP2C19__CYP2D6	CYP1A2	0	0.1468	0.11116534450340385	0.03563465549659617	2.0	7151	1737
o_ssm_no_assoc	22222	2	3	CYP1A2__CYP2C8__CYP3A4	CYP1A2	0	0.3193	0.15885189166268648	0.1604481083373135	2.0	270	119
o_ssm_no_assoc	22222	2	3	CYP1A2__CYP2D6__CYP3A4	CYP1A2	1	0.0932	0.09198019323162437	0.0012198067683756308	0.0	5061	1137
o_ssm_no_assoc	22222	2	3	CYP2B6__CYP2C19__CYP2D6	CYP2B6	0	0.1814	0.17394009267285507	0.007459907327144938	2.0	3346	601
o_ssm_no_assoc	22222	2	3	CYP2C8__CYP2B6__CYP2D6	CYP2C8	0	0.2377	0.15870666664838537	0.07899333335161463	2.0	916	244
o_ssm_no_assoc	22222	2	3	CYP2C9__CYP2C19__CYP2D6	CYP2C9	0	0.2325	0.14496655441224987	0.08753344558775014	2.0	7320	1458
o_ssm_no_assoc	22222	2	3	CYP2C9__CYP2D6__CYP3A4	CYP2C9	0	0.0039	0.11409909507606315	0.11019909507606315	2.0	5817	1030
o_ssm_no_assoc	44444	2	3	CYP1A2__CYP2C19__CYP2D6	CYP1A2	0	0.1468	0.10385637849787163	0.04294362150212838	2.0	7151	1737
o_ssm_no_assoc	44444	2	3	CYP1A2__CYP2C8__CYP3A4	CYP1A2	0	0.3193	0.16342617517447297	0.155873824825527	2.0	270	119
o_ssm_no_assoc	44444	2	3	CYP1A2__CYP2D6__CYP3A4	CYP1A2	1	0.0932	0.07828764273993746	0.014912357260062542	0.0	5061	1137
o_ssm_no_assoc	44444	2	3	CYP2B6__CYP2C19__CYP2D6	CYP2B6	0	0.1814	0.18707441075735065	0.005674410757350645	2.0	3346	601
o_ssm_no_assoc	44444	2	3	CYP2C8__CYP2B6__CYP2D6	CYP2C8	0	0.2377	0.17803388762917563	0.059666112370824365	2.0	916	244
o_ssm_no_assoc	44444	2	3	CYP2C9__CYP2C19__CYP2D6	CYP2C9	0	0.2325	0.13610882927444698	0.09639117072555303	2.0	7320	1458
o_ssm_no_assoc	44444	2	3	CYP2C9__CYP2D6__CYP3A4	CYP2C9	0	0.0039	0.08578152697195027	0.08188152697195027	2.0	5817	1030
o_ssm_no_assoc	66666	2	3	CYP1A2__CYP2C19__CYP2D6	CYP1A2	0	0.1468	0.13371800563370953	0.013081994366290484	2.0	7151	1737
o_ssm_no_assoc	66666	2	3	CYP1A2__CYP2C8__CYP3A4	CYP1A2	0	0.3193	0.16267449204977077	0.1566255079502292	2.0	270	119
o_ssm_no_assoc	66666	2	3	CYP1A2__CYP2D6__CYP3A4	CYP1A2	1	0.0932	0.11791181390503515	0.024711813905035143	0.0	5061	1137
o_ssm_no_assoc	66666	2	3	CYP2B6__CYP2C19__CYP2D6	CYP2B6	0	0.1814	0.17057367474841412	0.010826325251585889	2.0	3346	601
o_ssm_no_assoc	66666	2	3	CYP2C8__CYP2B6__CYP2D6	CYP2C8	0	0.2377	0.15028159704734592	0.08741840295265407	2.0	916	244
o_ssm_no_assoc	66666	2	3	CYP2C9__CYP2C19__CYP2D6	CYP2C9	0	0.2325	0.15217660834069713	0.08032339165930288	2.0	7320	1458
o_ssm_no_assoc	66666	2	3	CYP2C9__CYP2D6__CYP3A4	CYP2C9	0	0.0039	0.10288367079570511	0.09898367079570511	2.0	5817	1030
o_ssm_no_assoc	77777	2	3	CYP1A2__CYP2C19__CYP2D6	CYP1A2	0	0.1468	0.14028062860924836	0.006519371390751649	2.0	7151	1737
o_ssm_no_assoc	77777	2	3	CYP1A2__CYP2C8__CYP3A4	CYP1A2	0	0.3193	0.16797983852129203	0.15132016147870794	2.0	270	119
o_ssm_no_assoc	77777	2	3	CYP1A2__CYP2D6__CYP3A4	CYP1A2	1	0.0932	0.09210825507542342	0.0010917449245765876	0.0	5061	1137
o_ssm_no_assoc	77777	2	3	CYP2B6__CYP2C19__CYP2D6	CYP2B6	0	0.1814	0.16600787095561742	0.015392129044382585	2.0	3346	601
o_ssm_no_assoc	77777	2	3	CYP2C8__CYP2B6__CYP2D6	CYP2C8	0	0.2377	0.16485931211873908	0.07284068788126091	2.0	916	244
o_ssm_no_assoc	77777	2	3	CYP2C9__CYP2C19__CYP2D6	CYP2C9	0	0.2325	0.1445620884373006	0.08793791156269942	2.0	7320	1458
o_ssm_no_assoc	77777	2	3	CYP2C9__CYP2D6__CYP3A4	CYP2C9	0	0.0039	0.12423248418638448	0.12033248418638448	2.0	5817	1030
o_ssm_no_assoc	88888	2	3	CYP1A2__CYP2C19__CYP2D6	CYP1A2	0	0.1468	0.10974179021721729	0.03705820978278272	2.0	7151	1737
o_ssm_no_assoc	88888	2	3	CYP1A2__CYP2C8__CYP3A4	CYP1A2	0	0.3193	0.16556827799294713	0.15373172200705285	2.0	270	119
o_ssm_no_assoc	88888	2	3	CYP1A2__CYP2D6__CYP3A4	CYP1A2	1	0.0932	0.09079232884061483	0.002407671159385172	0.0	5061	1137
o_ssm_no_assoc	88888	2	3	CYP2B6__CYP2C19__CYP2D6	CYP2B6	0	0.1814	0.16926717952299308	0.012132820477006923	2.0	3346	601
o_ssm_no_assoc	88888	2	3	CYP2C8__CYP2B6__CYP2D6	CYP2C8	0	0.2377	0.18192067366862907	0.05577932633137092	2.0	916	244
o_ssm_no_assoc	88888	2	3	CYP2C9__CYP2C19__CYP2D6	CYP2C9	0	0.2325	0.1332938898049876	0.09920611019501241	2.0	7320	1458
o_ssm_no_assoc	88888	2	3	CYP2C9__CYP2D6__CYP3A4	CYP2C9	0	0.0039	0.09475946385954695	0.09085946385954695	2.0	5817	1030
o_ssm_no_assoc	33333	2	3	CYP1A2__CYP2C19__CYP2D6	CYP1A2	0	0.1468	0.14041003202798102	0.0063899679720189895	2.0	7151	1737
o_ssm_no_assoc	33333	2	3	CYP1A2__CYP2C8__CYP3A4	CYP1A2	0	0.3193	0.1845071853764187	0.13479281462358128	2.0	270	119
o_ssm_no_assoc	33333	2	3	CYP1A2__CYP2D6__CYP3A4	CYP1A2	1	0.0932	0.11552979004272246	0.022329790042722453	0.0	5061	1137
o_ssm_no_assoc	33333	2	3	CYP2B6__CYP2C19__CYP2D6	CYP2B6	0	0.1814	0.16388406475827286	0.01751593524172715	2.0	3346	601
o_ssm_no_assoc	33333	2	3	CYP2C8__CYP2B6__CYP2D6	CYP2C8	0	0.2377	0.17089236412724695	0.06680763587275304	2.0	916	244
o_ssm_no_assoc	33333	2	3	CYP2C9__CYP2C19__CYP2D6	CYP2C9	0	0.2325	0.11881950235822292	0.1136804976417771	2.0	7320	1458
o_ssm_no_assoc	33333	2	3	CYP2C9__CYP2D6__CYP3A4	CYP2C9	0	0.0039	0.0976640459338119	0.0937640459338119	2.0	5817	1030
o_ssm_no_assoc	12321	2	3	CYP1A2__CYP2C19__CYP2D6	CYP1A2	0	0.1468	0.14749740985702003	0.0006974098570200205	2.0	7151	1737
o_ssm_no_assoc	12321	2	3	CYP1A2__CYP2C8__CYP3A4	CYP1A2	0	0.3193	0.14298881993948032	0.17631118006051966	2.0	270	119
o_ssm_no_assoc	12321	2	3	CYP1A2__CYP2D6__CYP3A4	CYP1A2	1	0.0932	0.1266645138290312	0.033464513829031206	0.0	5061	1137
o_ssm_no_assoc	12321	2	3	CYP2B6__CYP2C19__CYP2D6	CYP2B6	0	0.1814	0.16393055241856958	0.01746944758143043	2.0	3346	601
o_ssm_no_assoc	12321	2	3	CYP2C8__CYP2B6__CYP2D6	CYP2C8	0	0.2377	0.19525207484224225	0.04244792515775775	2.0	916	244
o_ssm_no_assoc	12321	2	3	CYP2C9__CYP2C19__CYP2D6	CYP2C9	0	0.2325	0.18074523944779114	0.05175476055220887	2.0	7320	1458
o_ssm_no_assoc	12321	2	3	CYP2C9__CYP2D6__CYP3A4	CYP2C9	0	0.0039	0.11082144939423427	0.10692144939423427	2.0	5817	1030
o_ssm_no_assoc	24680	2	3	CYP1A2__CYP2C19__CYP2D6	CYP1A2	0	0.1468	0.10782956976991415	0.03897043023008587	2.0	7151	1737
o_ssm_no_assoc	24680	2	3	CYP1A2__CYP2C8__CYP3A4	CYP1A2	0	0.3193	0.15705112642814922	0.16224887357185075	2.0	270	119
o_ssm_no_assoc	24680	2	3	CYP1A2__CYP2D6__CYP3A4	CYP1A2	1	0.0932	0.1011771997786939	0.007977199778693891	0.0	5061	1137
o_ssm_no_assoc	24680	2	3	CYP2B6__CYP2C19__CYP2D6	CYP2B6	0	0.1814	0.17132932691090635	0.010070673089093651	2.0	3346	601
o_ssm_no_assoc	24680	2	3	CYP2C8__CYP2B6__CYP2D6	CYP2C8	0	0.2377	0.14521450239266867	0.09248549760733132	2.0	916	244
o_ssm_no_assoc	24680	2	3	CYP2C9__CYP2C19__CYP2D6	CYP2C9	0	0.2325	0.1465710095113017	0.08592899048869831	2.0	7320	1458
o_ssm_no_assoc	24680	2	3	CYP2C9__CYP2D6__CYP3A4	CYP2C9	0	0.0039	0.10718017065267094	0.10328017065267094	2.0	5817	1030
o_ssm_no_assoc	13579	2	3	CYP1A2__CYP2C19__CYP2D6	CYP1A2	0	0.1468	0.09957705587286009	0.047222944127139926	2.0	7151	1737
o_ssm_no_assoc	13579	2	3	CYP1A2__CYP2C8__CYP3A4	CYP1A2	0	0.3193	0.15575020523735794	0.16354979476264203	2.0	270	119
o_ssm_no_assoc	13579	2	3	CYP1A2__CYP2D6__CYP3A4	CYP1A2	1	0.0932	0.0927761669021274	0.00042383309787261125	0.0	5061	1137
o_ssm_no_assoc	13579	2	3	CYP2B6__CYP2C19__CYP2D6	CYP2B6	0	0.1814	0.1656809194840772	0.0157190805159228	2.0	3346	601
o_ssm_no_assoc	13579	2	3	CYP2C8__CYP2B6__CYP2D6	CYP2C8	0	0.2377	0.1440196692602628	0.0936803307397372	2.0	916	244
o_ssm_no_assoc	13579	2	3	CYP2C9__CYP2C19__CYP2D6	CYP2C9	0	0.2325	0.15010986801279935	0.08239013198720066	2.0	7320	1458
o_ssm_no_assoc	13579	2	3	CYP2C9__CYP2D6__CYP3A4	CYP2C9	0	0.0039	0.09515165741499851	0.09125165741499851	2.0	5817	1030
o_ssm_no_assoc	54321	2	3	CYP1A2__CYP2C19__CYP2D6	CYP1A2	0	0.1468	0.09608803893124042	0.050711961068759595	2.0	7151	1737
o_ssm_no_assoc	54321	2	3	CYP1A2__CYP2C8__CYP3A4	CYP1A2	0	0.3193	0.16448473572929423	0.15481526427070574	2.0	270	119
o_ssm_no_assoc	54321	2	3	CYP1A2__CYP2D6__CYP3A4	CYP1A2	1	0.0932	0.10260879132050625	0.009408791320506246	0.0	5061	1137
o_ssm_no_assoc	54321	2	3	CYP2B6__CYP2C19__CYP2D6	CYP2B6	0	0.1814	0.1710211720339933	0.010378827966006698	2.0	3346	601
o_ssm_no_assoc	54321	2	3	CYP2C8__CYP2B6__CYP2D6	CYP2C8	0	0.2377	0.18638312750020425	0.051316872499795746	2.0	916	244
o_ssm_no_assoc	54321	2	3	CYP2C9__CYP2C19__CYP2D6	CYP2C9	0	0.2325	0.13564496933795905	0.09685503066204096	2.0	7320	1458
o_ssm_no_assoc	54321	2	3	CYP2C9__CYP2D6__CYP3A4	CYP2C9	0	0.0039	0.12338689381748494	0.11948689381748494	2.0	5817	1030
o_ssm_no_assoc	67890	2	3	CYP1A2__CYP2C19__CYP2D6	CYP1A2	0	0.1468	0.12273702110892046	0.024062978891079556	2.0	7151	1737
o_ssm_no_assoc	67890	2	3	CYP1A2__CYP2C8__CYP3A4	CYP1A2	0	0.3193	0.16016528010097433	0.15913471989902564	2.0	270	119
o_ssm_no_assoc	67890	2	3	CYP1A2__CYP2D6__CYP3A4	CYP1A2	1	0.0932	0.0862268453221213	0.006973154677878707	0.0	5061	1137
o_ssm_no_assoc	67890	2	3	CYP2B6__CYP2C19__CYP2D6	CYP2B6	0	0.1814	0.1556289014534723	0.025771098546527704	2.0	3346	601
o_ssm_no_assoc	67890	2	3	CYP2C8__CYP2B6__CYP2D6	CYP2C8	0	0.2377	0.141587587956593	0.09611241204340701	2.0	916	244
o_ssm_no_assoc	67890	2	3	CYP2C9__CYP2C19__CYP2D6	CYP2C9	0	0.2325	0.16284684658546056	0.06965315341453945	2.0	7320	1458
o_ssm_no_assoc	67890	2	3	CYP2C9__CYP2D6__CYP3A4	CYP2C9	0	0.0039	0.10539327489671005	0.10149327489671005	2.0	5817	1030
o_ssm_no_assoc	11223	2	3	CYP1A2__CYP2C19__CYP2D6	CYP1A2	0	0.1468	0.11786447912571527	0.028935520874284748	2.0	7151	1737
o_ssm_no_assoc	11223	2	3	CYP1A2__CYP2C8__CYP3A4	CYP1A2	0	0.3193	0.16351238535829737	0.1557876146417026	2.0	270	119
o_ssm_no_assoc	11223	2	3	CYP1A2__CYP2D6__CYP3A4	CYP1A2	1	0.0932	0.10410382964650731	0.01090382964650731	0.0	5061	1137
o_ssm_no_assoc	11223	2	3	CYP2B6__CYP2C19__CYP2D6	CYP2B6	0	0.1814	0.17724092328666824	0.004159076713331766	2.0	3346	601
o_ssm_no_assoc	11223	2	3	CYP2C8__CYP2B6__CYP2D6	CYP2C8	0	0.2377	0.15906686330665287	0.07863313669334712	2.0	916	244
o_ssm_no_assoc	11223	2	3	CYP2C9__CYP2C19__CYP2D6	CYP2C9	0	0.2325	0.1515387401274219	0.0809612598725781	2.0	7320	1458
o_ssm_no_assoc	11223	2	3	CYP2C9__CYP2D6__CYP3A4	CYP2C9	0	0.0039	0.10733926344307182	0.10343926344307182	2.0	5817	1030
o_ssm_no_assoc	44567	2	3	CYP1A2__CYP2C19__CYP2D6	CYP1A2	0	0.1468	0.10104318311867931	0.0457568168813207	2.0	7151	1737
o_ssm_no_assoc	44567	2	3	CYP1A2__CYP2C8__CYP3A4	CYP1A2	0	0.3193	0.1681420105974236	0.15115798940257638	2.0	270	119
o_ssm_no_assoc	44567	2	3	CYP1A2__CYP2D6__CYP3A4	CYP1A2	1	0.0932	0.0997210959213318	0.006521095921331793	0.0	5061	1137
o_ssm_no_assoc	44567	2	3	CYP2B6__CYP2C19__CYP2D6	CYP2B6	0	0.1814	0.17002095241880263	0.011379047581197371	2.0	3346	601
o_ssm_no_assoc	44567	2	3	CYP2C8__CYP2B6__CYP2D6	CYP2C8	0	0.2377	0.18580894313413654	0.051891056865863455	2.0	916	244
o_ssm_no_assoc	44567	2	3	CYP2C9__CYP2C19__CYP2D6	CYP2C9	0	0.2325	0.1327381466644551	0.09976185333554491	2.0	7320	1458
o_ssm_no_assoc	44567	2	3	CYP2C9__CYP2D6__CYP3A4	CYP2C9	0	0.0039	0.08854494411767597	0.08464494411767597	2.0	5817	1030
o_ssm_no_assoc	77889	2	3	CYP1A2__CYP2C19__CYP2D6	CYP1A2	0	0.1468	0.09819023375785849	0.04860976624214153	2.0	7151	1737
o_ssm_no_assoc	77889	2	3	CYP1A2__CYP2C8__CYP3A4	CYP1A2	0	0.3193	0.17102106715664145	0.14827893284335852	2.0	270	119
o_ssm_no_assoc	77889	2	3	CYP1A2__CYP2D6__CYP3A4	CYP1A2	1	0.0932	0.07989936037347213	0.013300639626527874	0.0	5061	1137
o_ssm_no_assoc	77889	2	3	CYP2B6__CYP2C19__CYP2D6	CYP2B6	0	0.1814	0.16085067385435942	0.02054932614564059	2.0	3346	601
o_ssm_no_assoc	77889	2	3	CYP2C8__CYP2B6__CYP2D6	CYP2C8	0	0.2377	0.17079521564756256	0.06690478435243744	2.0	916	244
o_ssm_no_assoc	77889	2	3	CYP2C9__CYP2C19__CYP2D6	CYP2C9	0	0.2325	0.1380479148104076	0.09445208518959242	2.0	7320	1458
o_ssm_no_assoc	77889	2	3	CYP2C9__CYP2D6__CYP3A4	CYP2C9	0	0.0039	0.12176398814151929	0.11786398814151929	2.0	5817	1030
o_ssm_no_assoc	99001	2	3	CYP1A2__CYP2C19__CYP2D6	CYP1A2	0	0.1468	0.11752012904352116	0.029279870956478854	2.0	7151	1737
o_ssm_no_assoc	99001	2	3	CYP1A2__CYP2C8__CYP3A4	CYP1A2	0	0.3193	0.18125313660270015	0.13804686339729982	2.0	270	119
o_ssm_no_assoc	99001	2	3	CYP1A2__CYP2D6__CYP3A4	CYP1A2	1	0.0932	0.10165740283139707	0.008457402831397065	0.0	5061	1137
o_ssm_no_assoc	99001	2	3	CYP2B6__CYP2C19__CYP2D6	CYP2B6	0	0.1814	0.17575962527489375	0.005640374725106256	2.0	3346	601
o_ssm_no_assoc	99001	2	3	CYP2C8__CYP2B6__CYP2D6	CYP2C8	0	0.2377	0.16289951492814667	0.07480048507185333	2.0	916	244
o_ssm_no_assoc	99001	2	3	CYP2C9__CYP2C19__CYP2D6	CYP2C9	0	0.2325	0.13636809671478697	0.09613190328521304	2.0	7320	1458
o_ssm_no_assoc	99001	2	3	CYP2C9__CYP2D6__CYP3A4	CYP2C9	0	0.0039	0.092621914858008	0.088721914858008	2.0	5817	1030
o_ssm_no_assoc	31415	2	3	CYP1A2__CYP2C19__CYP2D6	CYP1A2	0	0.1468	0.11192256719072655	0.03487743280927347	2.0	7151	1737
o_ssm_no_assoc	31415	2	3	CYP1A2__CYP2C8__CYP3A4	CYP1A2	0	0.3193	0.1710002515437576	0.1482997484562424	2.0	270	119
o_ssm_no_assoc	31415	2	3	CYP1A2__CYP2D6__CYP3A4	CYP1A2	1	0.0932	0.07461046399987074	0.01858953600012926	0.0	5061	1137
o_ssm_no_assoc	31415	2	3	CYP2B6__CYP2C19__CYP2D6	CYP2B6	0	0.1814	0.16988515634230716	0.011514843657692841	2.0	3346	601
o_ssm_no_assoc	31415	2	3	CYP2C8__CYP2B6__CYP2D6	CYP2C8	0	0.2377	0.19591866422677845	0.041781335773221545	2.0	916	244
o_ssm_no_assoc	31415	2	3	CYP2C9__CYP2C19__CYP2D6	CYP2C9	0	0.2325	0.16057385252236148	0.07192614747763854	2.0	7320	1458
o_ssm_no_assoc	31415	2	3	CYP2C9__CYP2D6__CYP3A4	CYP2C9	0	0.0039	0.12399598783582436	0.12009598783582436	2.0	5817	1030
o_ssm_no_assoc	27182	2	3	CYP1A2__CYP2C19__CYP2D6	CYP1A2	0	0.1468	0.12144937209676002	0.025350627903239997	2.0	7151	1737
o_ssm_no_assoc	27182	2	3	CYP1A2__CYP2C8__CYP3A4	CYP1A2	0	0.3193	0.15684328774917466	0.1624567122508253	2.0	270	119
o_ssm_no_assoc	27182	2	3	CYP1A2__CYP2D6__CYP3A4	CYP1A2	1	0.0932	0.07983152109869814	0.01336847890130187	0.0	5061	1137
o_ssm_no_assoc	27182	2	3	CYP2B6__CYP2C19__CYP2D6	CYP2B6	0	0.1814	0.1525644210403244	0.028835578959675617	2.0	3346	601
o_ssm_no_assoc	27182	2	3	CYP2C8__CYP2B6__CYP2D6	CYP2C8	0	0.2377	0.14050392572990814	0.09719607427009186	2.0	916	244
o_ssm_no_assoc	27182	2	3	CYP2C9__CYP2C19__CYP2D6	CYP2C9	0	0.2325	0.1713547811185384	0.0611452188814616	2.0	7320	1458
o_ssm_no_assoc	27182	2	3	CYP2C9__CYP2D6__CYP3A4	CYP2C9	0	0.0039	0.11398665228902777	0.11008665228902777	2.0	5817	1030
symmetric_linear	deterministic	3	4	CYP1A2__CYP2C19__CYP3A4	CYP1A2	0	0.1853	0.07084630023593243	0.11445369976406757	2.0	5387	1554
symmetric_linear	deterministic	3	4	CYP1A2__CYP2C9__CYP2B6	CYP1A2	0	0.0392	0.3031138067058502	0.2639138067058502	2.0	1030	255
symmetric_linear	deterministic	3	4	CYP2B6__CYP2C19__CYP3A4	CYP2B6	0	0.0913	0.18516692051360503	0.09386692051360503	2.0	2156	482
symmetric_linear	deterministic	3	4	CYP2C8__CYP2B6__CYP3A4	CYP2C8	1	0.0182	0.2770000311346382	0.25880003113463823	2.0	192	55
symmetric_linear	deterministic	3	4	CYP2C8__CYP2C19__CYP3A4	CYP2C8	0	0.1653	0.059956315560387746	0.10534368443961226	2.0	1062	236
symmetric_linear	deterministic	3	4	CYP2C9__CYP2C8__CYP2B6	CYP2C9	0	0.2857	0.3271993179270059	0.041499317927005897	2.0	130	28
ordered_linear	deterministic	3	4	CYP1A2__CYP2C19__CYP3A4	CYP1A2	0	0.1853	0.12570633646547325	0.05959366353452675	2.0	5387	1554
ordered_linear	deterministic	3	4	CYP1A2__CYP2C9__CYP2B6	CYP1A2	0	0.0392	0.29746527569188663	0.2582652756918866	2.0	1030	255
ordered_linear	deterministic	3	4	CYP2B6__CYP2C19__CYP3A4	CYP2B6	0	0.0913	0.1743868001270161	0.0830868001270161	2.0	2156	482
ordered_linear	deterministic	3	4	CYP2C8__CYP2B6__CYP3A4	CYP2C8	1	0.0182	0.23626903575192296	0.21806903575192296	2.0	192	55
ordered_linear	deterministic	3	4	CYP2C8__CYP2C19__CYP3A4	CYP2C8	0	0.1653	0.030831128234967503	0.1344688717650325	2.0	1062	236
ordered_linear	deterministic	3	4	CYP2C9__CYP2C8__CYP2B6	CYP2C9	0	0.2857	0.40023332530671735	0.11453332530671734	2.0	130	28
h_ssm	55555	3	4	CYP1A2__CYP2C19__CYP3A4	CYP1A2	0	0.1853	0.09918063419529508	0.08611936580470492	2.0	5387	1554
h_ssm	55555	3	4	CYP1A2__CYP2C9__CYP2B6	CYP1A2	0	0.0392	0.3905683347905843	0.35136833479058427	2.0	1030	255
h_ssm	55555	3	4	CYP2B6__CYP2C19__CYP3A4	CYP2B6	0	0.0913	0.2333700981060182	0.14207009810601817	2.0	2156	482
h_ssm	55555	3	4	CYP2C8__CYP2B6__CYP3A4	CYP2C8	1	0.0182	0.33205226500816587	0.3138522650081659	2.0	192	55
h_ssm	55555	3	4	CYP2C8__CYP2C19__CYP3A4	CYP2C8	0	0.1653	0.143841378438467	0.021458621561532998	2.0	1062	236
h_ssm	55555	3	4	CYP2C9__CYP2C8__CYP2B6	CYP2C9	0	0.2857	0.46808513363216697	0.18238513363216696	2.0	130	28
h_ssm	11111	3	4	CYP1A2__CYP2C19__CYP3A4	CYP1A2	0	0.1853	0.11412411565406749	0.0711758843459325	2.0	5387	1554
h_ssm	11111	3	4	CYP1A2__CYP2C9__CYP2B6	CYP1A2	0	0.0392	0.40351604026287946	0.36431604026287945	2.0	1030	255
h_ssm	11111	3	4	CYP2B6__CYP2C19__CYP3A4	CYP2B6	0	0.0913	0.22331333676531165	0.13201333676531163	2.0	2156	482
h_ssm	11111	3	4	CYP2C8__CYP2B6__CYP3A4	CYP2C8	1	0.0182	0.32104655657639963	0.30284655657639964	2.0	192	55
h_ssm	11111	3	4	CYP2C8__CYP2C19__CYP3A4	CYP2C8	0	0.1653	0.15567611398818593	0.009623886011814076	2.0	1062	236
h_ssm	11111	3	4	CYP2C9__CYP2C8__CYP2B6	CYP2C9	0	0.2857	0.4737898945907648	0.1880898945907648	2.0	130	28
h_ssm	99887	3	4	CYP1A2__CYP2C19__CYP3A4	CYP1A2	0	0.1853	0.02237504360505954	0.16292495639494045	2.0	5387	1554
h_ssm	99887	3	4	CYP1A2__CYP2C9__CYP2B6	CYP1A2	0	0.0392	0.3002551461006103	0.2610551461006103	2.0	1030	255
h_ssm	99887	3	4	CYP2B6__CYP2C19__CYP3A4	CYP2B6	0	0.0913	0.14119407069606518	0.049894070696065176	2.0	2156	482
h_ssm	99887	3	4	CYP2C8__CYP2B6__CYP3A4	CYP2C8	1	0.0182	0.3026644227915969	0.2844644227915969	2.0	192	55
h_ssm	99887	3	4	CYP2C8__CYP2C19__CYP3A4	CYP2C8	0	0.1653	0.08847473461102803	0.07682526538897197	2.0	1062	236
h_ssm	99887	3	4	CYP2C9__CYP2C8__CYP2B6	CYP2C9	0	0.2857	0.3953910909291305	0.10969109092913049	2.0	130	28
h_ssm	22222	3	4	CYP1A2__CYP2C19__CYP3A4	CYP1A2	0	0.1853	0.08833910580957241	0.09696089419042758	2.0	5387	1554
h_ssm	22222	3	4	CYP1A2__CYP2C9__CYP2B6	CYP1A2	0	0.0392	0.377243506380336	0.338043506380336	2.0	1030	255
h_ssm	22222	3	4	CYP2B6__CYP2C19__CYP3A4	CYP2B6	0	0.0913	0.2456280790861523	0.15432807908615231	2.0	2156	482
h_ssm	22222	3	4	CYP2C8__CYP2B6__CYP3A4	CYP2C8	1	0.0182	0.3088575550822237	0.2906575550822237	2.0	192	55
h_ssm	22222	3	4	CYP2C8__CYP2C19__CYP3A4	CYP2C8	0	0.1653	0.1402940308228744	0.02500596917712561	2.0	1062	236
h_ssm	22222	3	4	CYP2C9__CYP2C8__CYP2B6	CYP2C9	0	0.2857	0.47538460327799137	0.18968460327799136	2.0	130	28
h_ssm	44444	3	4	CYP1A2__CYP2C19__CYP3A4	CYP1A2	0	0.1853	0.10463717390165903	0.08066282609834097	2.0	5387	1554
h_ssm	44444	3	4	CYP1A2__CYP2C9__CYP2B6	CYP1A2	0	0.0392	0.2974629808380527	0.2582629808380527	2.0	1030	255
h_ssm	44444	3	4	CYP2B6__CYP2C19__CYP3A4	CYP2B6	0	0.0913	0.27665341628087636	0.18535341628087637	2.0	2156	482
h_ssm	44444	3	4	CYP2C8__CYP2B6__CYP3A4	CYP2C8	1	0.0182	0.3378745292689958	0.3196745292689958	2.0	192	55
h_ssm	44444	3	4	CYP2C8__CYP2C19__CYP3A4	CYP2C8	0	0.1653	0.17660208327882226	0.011302083278822261	2.0	1062	236
h_ssm	44444	3	4	CYP2C9__CYP2C8__CYP2B6	CYP2C9	0	0.2857	0.3895705872304188	0.10387058723041881	2.0	130	28
h_ssm	66666	3	4	CYP1A2__CYP2C19__CYP3A4	CYP1A2	0	0.1853	0.10542965382355367	0.07987034617644632	2.0	5387	1554
h_ssm	66666	3	4	CYP1A2__CYP2C9__CYP2B6	CYP1A2	0	0.0392	0.2909709571546025	0.2517709571546025	2.0	1030	255
h_ssm	66666	3	4	CYP2B6__CYP2C19__CYP3A4	CYP2B6	0	0.0913	0.25050540732970955	0.15920540732970956	2.0	2156	482
h_ssm	66666	3	4	CYP2C8__CYP2B6__CYP3A4	CYP2C8	1	0.0182	0.3241092864518321	0.30590928645183213	2.0	192	55
h_ssm	66666	3	4	CYP2C8__CYP2C19__CYP3A4	CYP2C8	0	0.1653	0.17558772963697092	0.010287729636970916	2.0	1062	236
h_ssm	66666	3	4	CYP2C9__CYP2C8__CYP2B6	CYP2C9	0	0.2857	0.3788274245256542	0.0931274245256542	2.0	130	28
h_ssm	77777	3	4	CYP1A2__CYP2C19__CYP3A4	CYP1A2	0	0.1853	0.1756927797364114	0.009607220263588595	2.0	5387	1554
h_ssm	77777	3	4	CYP1A2__CYP2C9__CYP2B6	CYP1A2	0	0.0392	0.5601949815822272	0.5209949815822272	2.0	1030	255
h_ssm	77777	3	4	CYP2B6__CYP2C19__CYP3A4	CYP2B6	0	0.0913	0.1848978918338265	0.09359789183382648	2.0	2156	482
h_ssm	77777	3	4	CYP2C8__CYP2B6__CYP3A4	CYP2C8	1	0.0182	0.3429027058565758	0.3247027058565758	2.0	192	55
h_ssm	77777	3	4	CYP2C8__CYP2C19__CYP3A4	CYP2C8	0	0.1653	0.10934104057360233	0.05595895942639767	2.0	1062	236
h_ssm	77777	3	4	CYP2C9__CYP2C8__CYP2B6	CYP2C9	0	0.2857	0.5494468372730497	0.26374683727304965	2.0	130	28
h_ssm	88888	3	4	CYP1A2__CYP2C19__CYP3A4	CYP1A2	0	0.1853	0.0538988081492264	0.1314011918507736	2.0	5387	1554
h_ssm	88888	3	4	CYP1A2__CYP2C9__CYP2B6	CYP1A2	0	0.0392	0.3957477084156974	0.3565477084156974	2.0	1030	255
h_ssm	88888	3	4	CYP2B6__CYP2C19__CYP3A4	CYP2B6	0	0.0913	0.21200693267436835	0.12070693267436834	2.0	2156	482
h_ssm	88888	3	4	CYP2C8__CYP2B6__CYP3A4	CYP2C8	1	0.0182	0.2827948106938877	0.2645948106938877	2.0	192	55
h_ssm	88888	3	4	CYP2C8__CYP2C19__CYP3A4	CYP2C8	0	0.1653	0.09464754027183797	0.07065245972816203	2.0	1062	236
h_ssm	88888	3	4	CYP2C9__CYP2C8__CYP2B6	CYP2C9	0	0.2857	0.4772566922213765	0.1915566922213765	2.0	130	28
h_ssm	33333	3	4	CYP1A2__CYP2C19__CYP3A4	CYP1A2	0	0.1853	0.13948590470652694	0.04581409529347305	2.0	5387	1554
h_ssm	33333	3	4	CYP1A2__CYP2C9__CYP2B6	CYP1A2	0	0.0392	0.5241150448690923	0.4849150448690923	2.0	1030	255
h_ssm	33333	3	4	CYP2B6__CYP2C19__CYP3A4	CYP2B6	0	0.0913	0.27400873148753097	0.18270873148753097	2.0	2156	482
h_ssm	33333	3	4	CYP2C8__CYP2B6__CYP3A4	CYP2C8	1	0.0182	0.34942732376243624	0.33122732376243624	2.0	192	55
h_ssm	33333	3	4	CYP2C8__CYP2C19__CYP3A4	CYP2C8	0	0.1653	0.1314961640431886	0.03380383595681141	2.0	1062	236
h_ssm	33333	3	4	CYP2C9__CYP2C8__CYP2B6	CYP2C9	0	0.2857	0.5625639648436784	0.2768639648436784	2.0	130	28
h_ssm	12321	3	4	CYP1A2__CYP2C19__CYP3A4	CYP1A2	0	0.1853	0.05669803351967673	0.12860196648032327	2.0	5387	1554
h_ssm	12321	3	4	CYP1A2__CYP2C9__CYP2B6	CYP1A2	0	0.0392	0.2695843333483179	0.23038433334831787	2.0	1030	255
h_ssm	12321	3	4	CYP2B6__CYP2C19__CYP3A4	CYP2B6	0	0.0913	0.21700472250177588	0.1257047225017759	2.0	2156	482
h_ssm	12321	3	4	CYP2C8__CYP2B6__CYP3A4	CYP2C8	1	0.0182	0.3166830115340472	0.2984830115340472	2.0	192	55
h_ssm	12321	3	4	CYP2C8__CYP2C19__CYP3A4	CYP2C8	0	0.1653	0.1349017766730638	0.030398223326936202	2.0	1062	236
h_ssm	12321	3	4	CYP2C9__CYP2C8__CYP2B6	CYP2C9	0	0.2857	0.37287375655314475	0.08717375655314474	2.0	130	28
h_ssm	24680	3	4	CYP1A2__CYP2C19__CYP3A4	CYP1A2	0	0.1853	0.09704451795797892	0.08825548204202108	2.0	5387	1554
h_ssm	24680	3	4	CYP1A2__CYP2C9__CYP2B6	CYP1A2	0	0.0392	0.4412969732061031	0.4020969732061031	2.0	1030	255
h_ssm	24680	3	4	CYP2B6__CYP2C19__CYP3A4	CYP2B6	0	0.0913	0.23289475288655156	0.14159475288655154	2.0	2156	482
h_ssm	24680	3	4	CYP2C8__CYP2B6__CYP3A4	CYP2C8	1	0.0182	0.37880731155553043	0.36060731155553044	2.0	192	55
h_ssm	24680	3	4	CYP2C8__CYP2C19__CYP3A4	CYP2C8	0	0.1653	0.13464636118889206	0.03065363881110794	2.0	1062	236
h_ssm	24680	3	4	CYP2C9__CYP2C8__CYP2B6	CYP2C9	0	0.2857	0.5164264876580031	0.23072648765800313	2.0	130	28
h_ssm	13579	3	4	CYP1A2__CYP2C19__CYP3A4	CYP1A2	0	0.1853	0.0895485497658666	0.0957514502341334	2.0	5387	1554
h_ssm	13579	3	4	CYP1A2__CYP2C9__CYP2B6	CYP1A2	0	0.0392	0.4666781684438365	0.4274781684438365	2.0	1030	255
h_ssm	13579	3	4	CYP2B6__CYP2C19__CYP3A4	CYP2B6	0	0.0913	0.22476185418894845	0.13346185418894846	2.0	2156	482
h_ssm	13579	3	4	CYP2C8__CYP2B6__CYP3A4	CYP2C8	1	0.0182	0.3562150786504216	0.33801507865042163	2.0	192	55
h_ssm	13579	3	4	CYP2C8__CYP2C19__CYP3A4	CYP2C8	0	0.1653	0.10898556128593084	0.05631443871406916	2.0	1062	236
h_ssm	13579	3	4	CYP2C9__CYP2C8__CYP2B6	CYP2C9	0	0.2857	0.542840037357543	0.25714003735754304	2.0	130	28
h_ssm	54321	3	4	CYP1A2__CYP2C19__CYP3A4	CYP1A2	0	0.1853	0.13289174133773177	0.052408258662268226	2.0	5387	1554
h_ssm	54321	3	4	CYP1A2__CYP2C9__CYP2B6	CYP1A2	0	0.0392	0.4019871658702793	0.36278716587027926	2.0	1030	255
h_ssm	54321	3	4	CYP2B6__CYP2C19__CYP3A4	CYP2B6	0	0.0913	0.20404990737304698	0.11274990737304698	2.0	2156	482
h_ssm	54321	3	4	CYP2C8__CYP2B6__CYP3A4	CYP2C8	1	0.0182	0.31701148626433223	0.29881148626433224	2.0	192	55
h_ssm	54321	3	4	CYP2C8__CYP2C19__CYP3A4	CYP2C8	0	0.1653	0.1749063372589587	0.009606337258958708	2.0	1062	236
h_ssm	54321	3	4	CYP2C9__CYP2C8__CYP2B6	CYP2C9	0	0.2857	0.4720237245663509	0.18632372456635088	2.0	130	28
h_ssm	67890	3	4	CYP1A2__CYP2C19__CYP3A4	CYP1A2	0	0.1853	0.03192971840623038	0.15337028159376961	2.0	5387	1554
h_ssm	67890	3	4	CYP1A2__CYP2C9__CYP2B6	CYP1A2	0	0.0392	0.3105225409940865	0.2713225409940865	2.0	1030	255
h_ssm	67890	3	4	CYP2B6__CYP2C19__CYP3A4	CYP2B6	0	0.0913	0.15179081162761252	0.06049081162761251	2.0	2156	482
h_ssm	67890	3	4	CYP2C8__CYP2B6__CYP3A4	CYP2C8	1	0.0182	0.29428641481520545	0.27608641481520546	2.0	192	55
h_ssm	67890	3	4	CYP2C8__CYP2C19__CYP3A4	CYP2C8	0	0.1653	0.08853073924815932	0.07676926075184068	2.0	1062	236
h_ssm	67890	3	4	CYP2C9__CYP2C8__CYP2B6	CYP2C9	0	0.2857	0.3980397169857486	0.11233971698574857	2.0	130	28
h_ssm	11223	3	4	CYP1A2__CYP2C19__CYP3A4	CYP1A2	0	0.1853	0.12493128824410303	0.06036871175589696	2.0	5387	1554
h_ssm	11223	3	4	CYP1A2__CYP2C9__CYP2B6	CYP1A2	0	0.0392	0.23366576313482465	0.19446576313482467	2.0	1030	255
h_ssm	11223	3	4	CYP2B6__CYP2C19__CYP3A4	CYP2B6	0	0.0913	0.1744825622460921	0.08318256224609209	2.0	2156	482
h_ssm	11223	3	4	CYP2C8__CYP2B6__CYP3A4	CYP2C8	1	0.0182	0.21998329134089353	0.20178329134089354	2.0	192	55
h_ssm	11223	3	4	CYP2C8__CYP2C19__CYP3A4	CYP2C8	0	0.1653	0.15001392894863513	0.015286071051364869	2.0	1062	236
h_ssm	11223	3	4	CYP2C9__CYP2C8__CYP2B6	CYP2C9	0	0.2857	0.28046324576144693	0.005236754238553076	2.0	130	28
h_ssm	44567	3	4	CYP1A2__CYP2C19__CYP3A4	CYP1A2	0	0.1853	-0.04789478095116095	0.23319478095116095	2.0	5387	1554
h_ssm	44567	3	4	CYP1A2__CYP2C9__CYP2B6	CYP1A2	0	0.0392	0.43136737788590224	0.3921673778859022	2.0	1030	255
h_ssm	44567	3	4	CYP2B6__CYP2C19__CYP3A4	CYP2B6	0	0.0913	0.43761887110388425	0.34631887110388426	2.0	2156	482
h_ssm	44567	3	4	CYP2C8__CYP2B6__CYP3A4	CYP2C8	1	0.0182	0.32965891547667303	0.31145891547667304	2.0	192	55
h_ssm	44567	3	4	CYP2C8__CYP2C19__CYP3A4	CYP2C8	0	0.1653	-0.0055085461507620725	0.17080854615076208	2.0	1062	236
h_ssm	44567	3	4	CYP2C9__CYP2C8__CYP2B6	CYP2C9	0	0.2857	0.5689276856257761	0.2832276856257761	2.0	130	28
h_ssm	77889	3	4	CYP1A2__CYP2C19__CYP3A4	CYP1A2	0	0.1853	0.07822558108257076	0.10707441891742923	2.0	5387	1554
h_ssm	77889	3	4	CYP1A2__CYP2C9__CYP2B6	CYP1A2	0	0.0392	0.3761992442503748	0.3369992442503748	2.0	1030	255
h_ssm	77889	3	4	CYP2B6__CYP2C19__CYP3A4	CYP2B6	0	0.0913	0.24534532037101864	0.15404532037101865	2.0	2156	482
h_ssm	77889	3	4	CYP2C8__CYP2B6__CYP3A4	CYP2C8	1	0.0182	0.3396631444794853	0.3214631444794853	2.0	192	55
h_ssm	77889	3	4	CYP2C8__CYP2C19__CYP3A4	CYP2C8	0	0.1653	0.1270304711186409	0.038269528881359094	2.0	1062	236
h_ssm	77889	3	4	CYP2C9__CYP2C8__CYP2B6	CYP2C9	0	0.2857	0.4591400643744671	0.17344006437446707	2.0	130	28
h_ssm	99001	3	4	CYP1A2__CYP2C19__CYP3A4	CYP1A2	0	0.1853	0.06469604102852261	0.12060395897147738	2.0	5387	1554
h_ssm	99001	3	4	CYP1A2__CYP2C9__CYP2B6	CYP1A2	0	0.0392	0.279959953723554	0.24075995372355397	2.0	1030	255
h_ssm	99001	3	4	CYP2B6__CYP2C19__CYP3A4	CYP2B6	0	0.0913	0.20515105388919935	0.11385105388919935	2.0	2156	482
h_ssm	99001	3	4	CYP2C8__CYP2B6__CYP3A4	CYP2C8	1	0.0182	0.3101645409173309	0.29196454091733093	2.0	192	55
h_ssm	99001	3	4	CYP2C8__CYP2C19__CYP3A4	CYP2C8	0	0.1653	0.1301397395985754	0.035160260401424615	2.0	1062	236
h_ssm	99001	3	4	CYP2C9__CYP2C8__CYP2B6	CYP2C9	0	0.2857	0.3739187876862936	0.0882187876862936	2.0	130	28
h_ssm	31415	3	4	CYP1A2__CYP2C19__CYP3A4	CYP1A2	0	0.1853	0.2391977359977694	0.0538977359977694	2.0	5387	1554
h_ssm	31415	3	4	CYP1A2__CYP2C9__CYP2B6	CYP1A2	0	0.0392	0.4789153161853797	0.4397153161853797	2.0	1030	255
h_ssm	31415	3	4	CYP2B6__CYP2C19__CYP3A4	CYP2B6	0	0.0913	0.4959694435950314	0.40466944359503143	2.0	2156	482
h_ssm	31415	3	4	CYP2C8__CYP2B6__CYP3A4	CYP2C8	1	0.0182	0.3990123800232052	0.3808123800232052	2.0	192	55
h_ssm	31415	3	4	CYP2C8__CYP2C19__CYP3A4	CYP2C8	0	0.1653	0.2558491211258909	0.09054912112589092	2.0	1062	236
h_ssm	31415	3	4	CYP2C9__CYP2C8__CYP2B6	CYP2C9	0	0.2857	0.48972160675196313	0.20402160675196312	2.0	130	28
h_ssm	27182	3	4	CYP1A2__CYP2C19__CYP3A4	CYP1A2	0	0.1853	0.10768028581770589	0.0776197141822941	2.0	5387	1554
h_ssm	27182	3	4	CYP1A2__CYP2C9__CYP2B6	CYP1A2	0	0.0392	0.5155529186756359	0.4763529186756359	2.0	1030	255
h_ssm	27182	3	4	CYP2B6__CYP2C19__CYP3A4	CYP2B6	0	0.0913	0.28993398733221576	0.19863398733221577	2.0	2156	482
h_ssm	27182	3	4	CYP2C8__CYP2B6__CYP3A4	CYP2C8	1	0.0182	0.3455773094790554	0.3273773094790554	2.0	192	55
h_ssm	27182	3	4	CYP2C8__CYP2C19__CYP3A4	CYP2C8	0	0.1653	0.10837793099451228	0.05692206900548773	2.0	1062	236
h_ssm	27182	3	4	CYP2C9__CYP2C8__CYP2B6	CYP2C9	0	0.2857	0.5853616113190452	0.2996616113190452	2.0	130	28
o_ssm	55555	3	4	CYP1A2__CYP2C19__CYP3A4	CYP1A2	0	0.1853	0.1345797054597544	0.0507202945402456	2.0	5387	1554
o_ssm	55555	3	4	CYP1A2__CYP2C9__CYP2B6	CYP1A2	0	0.0392	0.219391021569104	0.180191021569104	2.0	1030	255
o_ssm	55555	3	4	CYP2B6__CYP2C19__CYP3A4	CYP2B6	0	0.0913	0.16749733444207865	0.07619733444207864	2.0	2156	482
o_ssm	55555	3	4	CYP2C8__CYP2B6__CYP3A4	CYP2C8	1	0.0182	0.2102742620640526	0.1920742620640526	2.0	192	55
o_ssm	55555	3	4	CYP2C8__CYP2C19__CYP3A4	CYP2C8	0	0.1653	0.14774721249568978	0.01755278750431022	2.0	1062	236
o_ssm	55555	3	4	CYP2C9__CYP2C8__CYP2B6	CYP2C9	0	0.2857	0.22779435895746508	0.05790564104253493	2.0	130	28
o_ssm	11111	3	4	CYP1A2__CYP2C19__CYP3A4	CYP1A2	0	0.1853	0.030219830619082566	0.15508016938091743	2.0	5387	1554
o_ssm	11111	3	4	CYP1A2__CYP2C9__CYP2B6	CYP1A2	0	0.0392	0.35481439065777587	0.31561439065777586	2.0	1030	255
o_ssm	11111	3	4	CYP2B6__CYP2C19__CYP3A4	CYP2B6	0	0.0913	0.2555251600001258	0.16422516000012582	2.0	2156	482
o_ssm	11111	3	4	CYP2C8__CYP2B6__CYP3A4	CYP2C8	1	0.0182	0.31524236193896427	0.29704236193896427	2.0	192	55
o_ssm	11111	3	4	CYP2C8__CYP2C19__CYP3A4	CYP2C8	0	0.1653	0.09345900364002765	0.07184099635997235	2.0	1062	236
o_ssm	11111	3	4	CYP2C9__CYP2C8__CYP2B6	CYP2C9	0	0.2857	0.3164238190857399	0.0307238190857399	2.0	130	28
o_ssm	99887	3	4	CYP1A2__CYP2C19__CYP3A4	CYP1A2	0	0.1853	0.15118191880625964	0.03411808119374035	2.0	5387	1554
o_ssm	99887	3	4	CYP1A2__CYP2C9__CYP2B6	CYP1A2	0	0.0392	0.2697630561459083	0.23056305614590827	2.0	1030	255
o_ssm	99887	3	4	CYP2B6__CYP2C19__CYP3A4	CYP2B6	0	0.0913	0.15440833276164745	0.06310833276164744	2.0	2156	482
o_ssm	99887	3	4	CYP2C8__CYP2B6__CYP3A4	CYP2C8	1	0.0182	0.17562970949129686	0.15742970949129687	2.0	192	55
o_ssm	99887	3	4	CYP2C8__CYP2C19__CYP3A4	CYP2C8	0	0.1653	0.07010055258540171	0.09519944741459829	2.0	1062	236
o_ssm	99887	3	4	CYP2C9__CYP2C8__CYP2B6	CYP2C9	0	0.2857	0.3090986897443618	0.023398689744361767	2.0	130	28
o_ssm	22222	3	4	CYP1A2__CYP2C19__CYP3A4	CYP1A2	0	0.1853	0.13101446117024854	0.054285538829751456	2.0	5387	1554
o_ssm	22222	3	4	CYP1A2__CYP2C9__CYP2B6	CYP1A2	0	0.0392	0.21610097362796676	0.17690097362796675	2.0	1030	255
o_ssm	22222	3	4	CYP2B6__CYP2C19__CYP3A4	CYP2B6	0	0.0913	0.17832651056047968	0.08702651056047968	2.0	2156	482
o_ssm	22222	3	4	CYP2C8__CYP2B6__CYP3A4	CYP2C8	1	0.0182	0.22593845698611134	0.20773845698611135	2.0	192	55
o_ssm	22222	3	4	CYP2C8__CYP2C19__CYP3A4	CYP2C8	0	0.1653	0.13939908580897403	0.02590091419102597	2.0	1062	236
o_ssm	22222	3	4	CYP2C9__CYP2C8__CYP2B6	CYP2C9	0	0.2857	0.253079920090902	0.03262007990909799	2.0	130	28
o_ssm	44444	3	4	CYP1A2__CYP2C19__CYP3A4	CYP1A2	0	0.1853	0.09433509937469943	0.09096490062530056	2.0	5387	1554
o_ssm	44444	3	4	CYP1A2__CYP2C9__CYP2B6	CYP1A2	0	0.0392	0.21484160893554438	0.17564160893554437	2.0	1030	255
o_ssm	44444	3	4	CYP2B6__CYP2C19__CYP3A4	CYP2B6	0	0.0913	0.2015137846434959	0.11021378464349589	2.0	2156	482
o_ssm	44444	3	4	CYP2C8__CYP2B6__CYP3A4	CYP2C8	1	0.0182	0.21358479085279736	0.19538479085279736	2.0	192	55
o_ssm	44444	3	4	CYP2C8__CYP2C19__CYP3A4	CYP2C8	0	0.1653	0.13916847236220842	0.026131527637791585	2.0	1062	236
o_ssm	44444	3	4	CYP2C9__CYP2C8__CYP2B6	CYP2C9	0	0.2857	0.26494999240597095	0.020750007594029063	2.0	130	28
o_ssm	66666	3	4	CYP1A2__CYP2C19__CYP3A4	CYP1A2	0	0.1853	0.102068317067837	0.08323168293216299	2.0	5387	1554
o_ssm	66666	3	4	CYP1A2__CYP2C9__CYP2B6	CYP1A2	0	0.0392	0.23358194830872006	0.19438194830872008	2.0	1030	255
o_ssm	66666	3	4	CYP2B6__CYP2C19__CYP3A4	CYP2B6	0	0.0913	0.23416246720671824	0.14286246720671825	2.0	2156	482
o_ssm	66666	3	4	CYP2C8__CYP2B6__CYP3A4	CYP2C8	1	0.0182	0.254477488865144	0.236277488865144	2.0	192	55
o_ssm	66666	3	4	CYP2C8__CYP2C19__CYP3A4	CYP2C8	0	0.1653	0.09042654336393566	0.07487345663606434	2.0	1062	236
o_ssm	66666	3	4	CYP2C9__CYP2C8__CYP2B6	CYP2C9	0	0.2857	0.33229131309037907	0.04659131309037906	2.0	130	28
o_ssm	77777	3	4	CYP1A2__CYP2C19__CYP3A4	CYP1A2	0	0.1853	0.09285478328955309	0.0924452167104469	2.0	5387	1554
o_ssm	77777	3	4	CYP1A2__CYP2C9__CYP2B6	CYP1A2	0	0.0392	0.33877951736647083	0.2995795173664708	2.0	1030	255
o_ssm	77777	3	4	CYP2B6__CYP2C19__CYP3A4	CYP2B6	0	0.0913	0.18847111487738458	0.09717111487738457	2.0	2156	482
o_ssm	77777	3	4	CYP2C8__CYP2B6__CYP3A4	CYP2C8	1	0.0182	0.23777028016549795	0.21957028016549796	2.0	192	55
o_ssm	77777	3	4	CYP2C8__CYP2C19__CYP3A4	CYP2C8	0	0.1653	0.08515860009571187	0.08014139990428813	2.0	1062	236
o_ssm	77777	3	4	CYP2C9__CYP2C8__CYP2B6	CYP2C9	0	0.2857	0.32561382564681207	0.03991382564681206	2.0	130	28
o_ssm	88888	3	4	CYP1A2__CYP2C19__CYP3A4	CYP1A2	0	0.1853	0.12451072037908839	0.0607892796209116	2.0	5387	1554
o_ssm	88888	3	4	CYP1A2__CYP2C9__CYP2B6	CYP1A2	0	0.0392	0.2199654354403477	0.18076543544034768	2.0	1030	255
o_ssm	88888	3	4	CYP2B6__CYP2C19__CYP3A4	CYP2B6	0	0.0913	0.2166845104239089	0.1253845104239089	2.0	2156	482
o_ssm	88888	3	4	CYP2C8__CYP2B6__CYP3A4	CYP2C8	1	0.0182	0.2244190369037894	0.2062190369037894	2.0	192	55
o_ssm	88888	3	4	CYP2C8__CYP2C19__CYP3A4	CYP2C8	0	0.1653	0.1572451283259571	0.008054871674042896	2.0	1062	236
o_ssm	88888	3	4	CYP2C9__CYP2C8__CYP2B6	CYP2C9	0	0.2857	0.24838872564765832	0.03731127435234169	2.0	130	28
o_ssm	33333	3	4	CYP1A2__CYP2C19__CYP3A4	CYP1A2	0	0.1853	0.0540028707025767	0.1312971292974233	2.0	5387	1554
o_ssm	33333	3	4	CYP1A2__CYP2C9__CYP2B6	CYP1A2	0	0.0392	0.28658428154450766	0.24738428154450764	2.0	1030	255
o_ssm	33333	3	4	CYP2B6__CYP2C19__CYP3A4	CYP2B6	0	0.0913	0.18534618966660132	0.09404618966660132	2.0	2156	482
o_ssm	33333	3	4	CYP2C8__CYP2B6__CYP3A4	CYP2C8	1	0.0182	0.18150721064107628	0.16330721064107628	2.0	192	55
o_ssm	33333	3	4	CYP2C8__CYP2C19__CYP3A4	CYP2C8	0	0.1653	0.14867239236870797	0.016627607631292035	2.0	1062	236
o_ssm	33333	3	4	CYP2C9__CYP2C8__CYP2B6	CYP2C9	0	0.2857	0.3254835159265325	0.03978351592653251	2.0	130	28
o_ssm	12321	3	4	CYP1A2__CYP2C19__CYP3A4	CYP1A2	0	0.1853	0.13173757591765647	0.05356242408234352	2.0	5387	1554
o_ssm	12321	3	4	CYP1A2__CYP2C9__CYP2B6	CYP1A2	0	0.0392	0.22107275668678159	0.1818727566867816	2.0	1030	255
o_ssm	12321	3	4	CYP2B6__CYP2C19__CYP3A4	CYP2B6	0	0.0913	0.2841999549535832	0.1928999549535832	2.0	2156	482
o_ssm	12321	3	4	CYP2C8__CYP2B6__CYP3A4	CYP2C8	1	0.0182	0.26338695668182477	0.24518695668182477	2.0	192	55
o_ssm	12321	3	4	CYP2C8__CYP2C19__CYP3A4	CYP2C8	0	0.1653	0.22481455211849996	0.05951455211849996	2.0	1062	236
o_ssm	12321	3	4	CYP2C9__CYP2C8__CYP2B6	CYP2C9	0	0.2857	0.40383037517551984	0.11813037517551983	2.0	130	28
o_ssm	24680	3	4	CYP1A2__CYP2C19__CYP3A4	CYP1A2	0	0.1853	0.058385981083478866	0.12691401891652113	2.0	5387	1554
o_ssm	24680	3	4	CYP1A2__CYP2C9__CYP2B6	CYP1A2	0	0.0392	0.40544630756027794	0.36624630756027793	2.0	1030	255
o_ssm	24680	3	4	CYP2B6__CYP2C19__CYP3A4	CYP2B6	0	0.0913	0.29945111753580766	0.20815111753580767	2.0	2156	482
o_ssm	24680	3	4	CYP2C8__CYP2B6__CYP3A4	CYP2C8	1	0.0182	0.2631665217265424	0.24496652172654243	2.0	192	55
o_ssm	24680	3	4	CYP2C8__CYP2C19__CYP3A4	CYP2C8	0	0.1653	0.023081675683006897	0.1422183243169931	2.0	1062	236
o_ssm	24680	3	4	CYP2C9__CYP2C8__CYP2B6	CYP2C9	0	0.2857	0.34799994467277806	0.06229994467277805	2.0	130	28
o_ssm	13579	3	4	CYP1A2__CYP2C19__CYP3A4	CYP1A2	0	0.1853	0.041284756477481366	0.14401524352251863	2.0	5387	1554
o_ssm	13579	3	4	CYP1A2__CYP2C9__CYP2B6	CYP1A2	0	0.0392	0.3802907869127522	0.3410907869127522	2.0	1030	255
o_ssm	13579	3	4	CYP2B6__CYP2C19__CYP3A4	CYP2B6	0	0.0913	0.29488077252238337	0.20358077252238338	2.0	2156	482
o_ssm	13579	3	4	CYP2C8__CYP2B6__CYP3A4	CYP2C8	1	0.0182	0.20324464740683537	0.18504464740683538	2.0	192	55
o_ssm	13579	3	4	CYP2C8__CYP2C19__CYP3A4	CYP2C8	0	0.1653	0.0549206811417919	0.1103793188582081	2.0	1062	236
o_ssm	13579	3	4	CYP2C9__CYP2C8__CYP2B6	CYP2C9	0	0.2857	0.23211607556936686	0.053583924430633145	2.0	130	28
o_ssm	54321	3	4	CYP1A2__CYP2C19__CYP3A4	CYP1A2	0	0.1853	0.10979640746989848	0.07550359253010151	2.0	5387	1554
o_ssm	54321	3	4	CYP1A2__CYP2C9__CYP2B6	CYP1A2	0	0.0392	0.2298867603356075	0.1906867603356075	2.0	1030	255
o_ssm	54321	3	4	CYP2B6__CYP2C19__CYP3A4	CYP2B6	0	0.0913	0.18868290463035675	0.09738290463035675	2.0	2156	482
o_ssm	54321	3	4	CYP2C8__CYP2B6__CYP3A4	CYP2C8	1	0.0182	0.20645189441443096	0.18825189441443096	2.0	192	55
o_ssm	54321	3	4	CYP2C8__CYP2C19__CYP3A4	CYP2C8	0	0.1653	0.14058478266715757	0.024715217332842432	2.0	1062	236
o_ssm	54321	3	4	CYP2C9__CYP2C8__CYP2B6	CYP2C9	0	0.2857	0.25097947907871776	0.03472052092128225	2.0	130	28
o_ssm	67890	3	4	CYP1A2__CYP2C19__CYP3A4	CYP1A2	0	0.1853	0.05679314357149609	0.1285068564285039	2.0	5387	1554
o_ssm	67890	3	4	CYP1A2__CYP2C9__CYP2B6	CYP1A2	0	0.0392	0.28791977313920203	0.24871977313920202	2.0	1030	255
o_ssm	67890	3	4	CYP2B6__CYP2C19__CYP3A4	CYP2B6	0	0.0913	0.25857634899919923	0.16727634899919924	2.0	2156	482
o_ssm	67890	3	4	CYP2C8__CYP2B6__CYP3A4	CYP2C8	1	0.0182	0.2914136963702495	0.2732136963702495	2.0	192	55
o_ssm	67890	3	4	CYP2C8__CYP2C19__CYP3A4	CYP2C8	0	0.1653	0.10988810124786422	0.055411898752135785	2.0	1062	236
o_ssm	67890	3	4	CYP2C9__CYP2C8__CYP2B6	CYP2C9	0	0.2857	0.3036740476876792	0.017974047687679184	2.0	130	28
o_ssm	11223	3	4	CYP1A2__CYP2C19__CYP3A4	CYP1A2	0	0.1853	0.11284446851544992	0.07245553148455007	2.0	5387	1554
o_ssm	11223	3	4	CYP1A2__CYP2C9__CYP2B6	CYP1A2	0	0.0392	0.2373633504860594	0.19816335048605938	2.0	1030	255
o_ssm	11223	3	4	CYP2B6__CYP2C19__CYP3A4	CYP2B6	0	0.0913	0.18077277255183744	0.08947277255183743	2.0	2156	482
o_ssm	11223	3	4	CYP2C8__CYP2B6__CYP3A4	CYP2C8	1	0.0182	0.2161812763333728	0.1979812763333728	2.0	192	55
o_ssm	11223	3	4	CYP2C8__CYP2C19__CYP3A4	CYP2C8	0	0.1653	0.150684719957028	0.014615280042971995	2.0	1062	236
o_ssm	11223	3	4	CYP2C9__CYP2C8__CYP2B6	CYP2C9	0	0.2857	0.24895601511971202	0.03674398488028799	2.0	130	28
o_ssm	44567	3	4	CYP1A2__CYP2C19__CYP3A4	CYP1A2	0	0.1853	0.10269428570244131	0.08260571429755868	2.0	5387	1554
o_ssm	44567	3	4	CYP1A2__CYP2C9__CYP2B6	CYP1A2	0	0.0392	0.23896043364115443	0.19976043364115442	2.0	1030	255
o_ssm	44567	3	4	CYP2B6__CYP2C19__CYP3A4	CYP2B6	0	0.0913	0.16988085939203162	0.07858085939203162	2.0	2156	482
o_ssm	44567	3	4	CYP2C8__CYP2B6__CYP3A4	CYP2C8	1	0.0182	0.2721572134561061	0.2539572134561061	2.0	192	55
o_ssm	44567	3	4	CYP2C8__CYP2C19__CYP3A4	CYP2C8	0	0.1653	0.08460125159232122	0.08069874840767878	2.0	1062	236
o_ssm	44567	3	4	CYP2C9__CYP2C8__CYP2B6	CYP2C9	0	0.2857	0.3298136715290143	0.0441136715290143	2.0	130	28
o_ssm	77889	3	4	CYP1A2__CYP2C19__CYP3A4	CYP1A2	0	0.1853	0.06246897764440973	0.12283102235559026	2.0	5387	1554
o_ssm	77889	3	4	CYP1A2__CYP2C9__CYP2B6	CYP1A2	0	0.0392	0.273493841996438	0.234293841996438	2.0	1030	255
o_ssm	77889	3	4	CYP2B6__CYP2C19__CYP3A4	CYP2B6	0	0.0913	0.17884028113833955	0.08754028113833955	2.0	2156	482
o_ssm	77889	3	4	CYP2C8__CYP2B6__CYP3A4	CYP2C8	1	0.0182	0.26787603496209816	0.24967603496209817	2.0	192	55
o_ssm	77889	3	4	CYP2C8__CYP2C19__CYP3A4	CYP2C8	0	0.1653	0.13150802979256537	0.03379197020743463	2.0	1062	236
o_ssm	77889	3	4	CYP2C9__CYP2C8__CYP2B6	CYP2C9	0	0.2857	0.3443227793001927	0.05862277930019272	2.0	130	28
o_ssm	99001	3	4	CYP1A2__CYP2C19__CYP3A4	CYP1A2	0	0.1853	0.10230574052810067	0.08299425947189933	2.0	5387	1554
o_ssm	99001	3	4	CYP1A2__CYP2C9__CYP2B6	CYP1A2	0	0.0392	0.24020708392293105	0.20100708392293104	2.0	1030	255
o_ssm	99001	3	4	CYP2B6__CYP2C19__CYP3A4	CYP2B6	0	0.0913	0.21844926282825317	0.12714926282825317	2.0	2156	482
o_ssm	99001	3	4	CYP2C8__CYP2B6__CYP3A4	CYP2C8	1	0.0182	0.20810410364958623	0.18990410364958624	2.0	192	55
o_ssm	99001	3	4	CYP2C8__CYP2C19__CYP3A4	CYP2C8	0	0.1653	0.15448349774844877	0.01081650225155123	2.0	1062	236
o_ssm	99001	3	4	CYP2C9__CYP2C8__CYP2B6	CYP2C9	0	0.2857	0.29517703187978744	0.009477031879787434	2.0	130	28
o_ssm	31415	3	4	CYP1A2__CYP2C19__CYP3A4	CYP1A2	0	0.1853	0.12841609635663884	0.056883903643361156	2.0	5387	1554
o_ssm	31415	3	4	CYP1A2__CYP2C9__CYP2B6	CYP1A2	0	0.0392	0.1824635084585221	0.1432635084585221	2.0	1030	255
o_ssm	31415	3	4	CYP2B6__CYP2C19__CYP3A4	CYP2B6	0	0.0913	0.17646391140237033	0.08516391140237033	2.0	2156	482
o_ssm	31415	3	4	CYP2C8__CYP2B6__CYP3A4	CYP2C8	1	0.0182	0.22609470121218544	0.20789470121218545	2.0	192	55
o_ssm	31415	3	4	CYP2C8__CYP2C19__CYP3A4	CYP2C8	0	0.1653	0.16174707981127423	0.003552920188725772	2.0	1062	236
o_ssm	31415	3	4	CYP2C9__CYP2C8__CYP2B6	CYP2C9	0	0.2857	0.24519835135404117	0.04050164864595884	2.0	130	28
o_ssm	27182	3	4	CYP1A2__CYP2C19__CYP3A4	CYP1A2	0	0.1853	0.03942418284578739	0.1458758171542126	2.0	5387	1554
o_ssm	27182	3	4	CYP1A2__CYP2C9__CYP2B6	CYP1A2	0	0.0392	0.25464640860965615	0.21544640860965614	2.0	1030	255
o_ssm	27182	3	4	CYP2B6__CYP2C19__CYP3A4	CYP2B6	0	0.0913	0.2457174605518336	0.15441746055183359	2.0	2156	482
o_ssm	27182	3	4	CYP2C8__CYP2B6__CYP3A4	CYP2C8	1	0.0182	0.4088440431822956	0.3906440431822956	2.0	192	55
o_ssm	27182	3	4	CYP2C8__CYP2C19__CYP3A4	CYP2C8	0	0.1653	0.06843879808038447	0.09686120191961553	2.0	1062	236
o_ssm	27182	3	4	CYP2C9__CYP2C8__CYP2B6	CYP2C9	0	0.2857	0.2761357722128588	0.009564227787141222	2.0	130	28
o_ssm_no_assoc	55555	3	4	CYP1A2__CYP2C19__CYP3A4	CYP1A2	0	0.1853	0.13331110230840834	0.05198889769159165	2.0	5387	1554
o_ssm_no_assoc	55555	3	4	CYP1A2__CYP2C9__CYP2B6	CYP1A2	0	0.0392	0.22028524590987245	0.18108524590987246	2.0	1030	255
o_ssm_no_assoc	55555	3	4	CYP2B6__CYP2C19__CYP3A4	CYP2B6	0	0.0913	0.16973092956628263	0.07843092956628263	2.0	2156	482
o_ssm_no_assoc	55555	3	4	CYP2C8__CYP2B6__CYP3A4	CYP2C8	1	0.0182	0.20866963720777787	0.19046963720777788	2.0	192	55
o_ssm_no_assoc	55555	3	4	CYP2C8__CYP2C19__CYP3A4	CYP2C8	0	0.1653	0.1550179987474196	0.010282001252580414	2.0	1062	236
o_ssm_no_assoc	55555	3	4	CYP2C9__CYP2C8__CYP2B6	CYP2C9	0	0.2857	0.23717016247309566	0.048529837526904346	2.0	130	28
o_ssm_no_assoc	11111	3	4	CYP1A2__CYP2C19__CYP3A4	CYP1A2	0	0.1853	0.04250665925177141	0.14279334074822858	2.0	5387	1554
o_ssm_no_assoc	11111	3	4	CYP1A2__CYP2C9__CYP2B6	CYP1A2	0	0.0392	0.35741684229201065	0.31821684229201064	2.0	1030	255
o_ssm_no_assoc	11111	3	4	CYP2B6__CYP2C19__CYP3A4	CYP2B6	0	0.0913	0.26572799831603344	0.17442799831603345	2.0	2156	482
o_ssm_no_assoc	11111	3	4	CYP2C8__CYP2B6__CYP3A4	CYP2C8	1	0.0182	0.319064040345498	0.300864040345498	2.0	192	55
o_ssm_no_assoc	11111	3	4	CYP2C8__CYP2C19__CYP3A4	CYP2C8	0	0.1653	0.10913616603534557	0.056163833964654436	2.0	1062	236
o_ssm_no_assoc	11111	3	4	CYP2C9__CYP2C8__CYP2B6	CYP2C9	0	0.2857	0.3306178404023653	0.044917840402365294	2.0	130	28
o_ssm_no_assoc	99887	3	4	CYP1A2__CYP2C19__CYP3A4	CYP1A2	0	0.1853	0.1386465175395406	0.04665348246045939	2.0	5387	1554
o_ssm_no_assoc	99887	3	4	CYP1A2__CYP2C9__CYP2B6	CYP1A2	0	0.0392	0.2487258719240408	0.20952587192404082	2.0	1030	255
o_ssm_no_assoc	99887	3	4	CYP2B6__CYP2C19__CYP3A4	CYP2B6	0	0.0913	0.16568792509872846	0.07438792509872845	2.0	2156	482
o_ssm_no_assoc	99887	3	4	CYP2C8__CYP2B6__CYP3A4	CYP2C8	1	0.0182	0.21498905121386516	0.19678905121386517	2.0	192	55
o_ssm_no_assoc	99887	3	4	CYP2C8__CYP2C19__CYP3A4	CYP2C8	0	0.1653	0.08740871518269464	0.07789128481730537	2.0	1062	236
o_ssm_no_assoc	99887	3	4	CYP2C9__CYP2C8__CYP2B6	CYP2C9	0	0.2857	0.31273514730528684	0.027035147305286833	2.0	130	28
o_ssm_no_assoc	22222	3	4	CYP1A2__CYP2C19__CYP3A4	CYP1A2	0	0.1853	0.13211748991606176	0.053182510083938234	2.0	5387	1554
o_ssm_no_assoc	22222	3	4	CYP1A2__CYP2C9__CYP2B6	CYP1A2	0	0.0392	0.2146820699700567	0.17548206997005672	2.0	1030	255
o_ssm_no_assoc	22222	3	4	CYP2B6__CYP2C19__CYP3A4	CYP2B6	0	0.0913	0.18040506180573934	0.08910506180573934	2.0	2156	482
o_ssm_no_assoc	22222	3	4	CYP2C8__CYP2B6__CYP3A4	CYP2C8	1	0.0182	0.22407538775354674	0.20587538775354675	2.0	192	55
o_ssm_no_assoc	22222	3	4	CYP2C8__CYP2C19__CYP3A4	CYP2C8	0	0.1653	0.14116655428574182	0.024133445714258184	2.0	1062	236
o_ssm_no_assoc	22222	3	4	CYP2C9__CYP2C8__CYP2B6	CYP2C9	0	0.2857	0.25200713337938013	0.03369286662061988	2.0	130	28
o_ssm_no_assoc	44444	3	4	CYP1A2__CYP2C19__CYP3A4	CYP1A2	0	0.1853	0.09588082222045466	0.08941917777954533	2.0	5387	1554
o_ssm_no_assoc	44444	3	4	CYP1A2__CYP2C9__CYP2B6	CYP1A2	0	0.0392	0.213923668764011	0.17472366876401102	2.0	1030	255
o_ssm_no_assoc	44444	3	4	CYP2B6__CYP2C19__CYP3A4	CYP2B6	0	0.0913	0.20102831744520397	0.10972831744520396	2.0	2156	482
o_ssm_no_assoc	44444	3	4	CYP2C8__CYP2B6__CYP3A4	CYP2C8	1	0.0182	0.21594832730255326	0.19774832730255326	2.0	192	55
o_ssm_no_assoc	44444	3	4	CYP2C8__CYP2C19__CYP3A4	CYP2C8	0	0.1653	0.13923423298550602	0.02606576701449398	2.0	1062	236
o_ssm_no_assoc	44444	3	4	CYP2C9__CYP2C8__CYP2B6	CYP2C9	0	0.2857	0.2610839928373679	0.024616007162632125	2.0	130	28
o_ssm_no_assoc	66666	3	4	CYP1A2__CYP2C19__CYP3A4	CYP1A2	0	0.1853	0.1038002537457279	0.08149974625427209	2.0	5387	1554
o_ssm_no_assoc	66666	3	4	CYP1A2__CYP2C9__CYP2B6	CYP1A2	0	0.0392	0.246193739683818	0.206993739683818	2.0	1030	255
o_ssm_no_assoc	66666	3	4	CYP2B6__CYP2C19__CYP3A4	CYP2B6	0	0.0913	0.2287531307384334	0.1374531307384334	2.0	2156	482
o_ssm_no_assoc	66666	3	4	CYP2C8__CYP2B6__CYP3A4	CYP2C8	1	0.0182	0.2549872025249916	0.23678720252499158	2.0	192	55
o_ssm_no_assoc	66666	3	4	CYP2C8__CYP2C19__CYP3A4	CYP2C8	0	0.1653	0.084965454186825	0.080334545813175	2.0	1062	236
o_ssm_no_assoc	66666	3	4	CYP2C9__CYP2C8__CYP2B6	CYP2C9	0	0.2857	0.33131025579986106	0.045610255799861055	2.0	130	28
o_ssm_no_assoc	77777	3	4	CYP1A2__CYP2C19__CYP3A4	CYP1A2	0	0.1853	0.08248330183671906	0.10281669816328093	2.0	5387	1554
o_ssm_no_assoc	77777	3	4	CYP1A2__CYP2C9__CYP2B6	CYP1A2	0	0.0392	0.3194097415975994	0.28020974159759937	2.0	1030	255
o_ssm_no_assoc	77777	3	4	CYP2B6__CYP2C19__CYP3A4	CYP2B6	0	0.0913	0.1982833116000653	0.10698331160006529	2.0	2156	482
o_ssm_no_assoc	77777	3	4	CYP2C8__CYP2B6__CYP3A4	CYP2C8	1	0.0182	0.21376847296645235	0.19556847296645236	2.0	192	55
o_ssm_no_assoc	77777	3	4	CYP2C8__CYP2C19__CYP3A4	CYP2C8	0	0.1653	0.09643959082301362	0.06886040917698638	2.0	1062	236
o_ssm_no_assoc	77777	3	4	CYP2C9__CYP2C8__CYP2B6	CYP2C9	0	0.2857	0.32348322488122827	0.03778322488122826	2.0	130	28
o_ssm_no_assoc	88888	3	4	CYP1A2__CYP2C19__CYP3A4	CYP1A2	0	0.1853	0.12526642579828318	0.060033574201716816	2.0	5387	1554
o_ssm_no_assoc	88888	3	4	CYP1A2__CYP2C9__CYP2B6	CYP1A2	0	0.0392	0.22084193109400402	0.181641931094004	2.0	1030	255
o_ssm_no_assoc	88888	3	4	CYP2B6__CYP2C19__CYP3A4	CYP2B6	0	0.0913	0.21708061796003691	0.12578061796003692	2.0	2156	482
o_ssm_no_assoc	88888	3	4	CYP2C8__CYP2B6__CYP3A4	CYP2C8	1	0.0182	0.22453543049091138	0.20633543049091138	2.0	192	55
o_ssm_no_assoc	88888	3	4	CYP2C8__CYP2C19__CYP3A4	CYP2C8	0	0.1653	0.15630788315671879	0.008992116843281217	2.0	1062	236
o_ssm_no_assoc	88888	3	4	CYP2C9__CYP2C8__CYP2B6	CYP2C9	0	0.2857	0.25132586347293134	0.034374136527068666	2.0	130	28
o_ssm_no_assoc	33333	3	4	CYP1A2__CYP2C19__CYP3A4	CYP1A2	0	0.1853	-0.0641388035742991	0.2494388035742991	2.0	5387	1554
o_ssm_no_assoc	33333	3	4	CYP1A2__CYP2C9__CYP2B6	CYP1A2	0	0.0392	0.2982610135924404	0.2590610135924404	2.0	1030	255
o_ssm_no_assoc	33333	3	4	CYP2B6__CYP2C19__CYP3A4	CYP2B6	0	0.0913	-0.3285308226329846	0.4198308226329846	2.0	2156	482
o_ssm_no_assoc	33333	3	4	CYP2C8__CYP2B6__CYP3A4	CYP2C8	1	0.0182	0.22154784836755084	0.20334784836755085	2.0	192	55
o_ssm_no_assoc	33333	3	4	CYP2C8__CYP2C19__CYP3A4	CYP2C8	0	0.1653	0.13597402950683862	0.02932597049316138	2.0	1062	236
o_ssm_no_assoc	33333	3	4	CYP2C9__CYP2C8__CYP2B6	CYP2C9	0	0.2857	0.4414341012895676	0.1557341012895676	2.0	130	28
o_ssm_no_assoc	12321	3	4	CYP1A2__CYP2C19__CYP3A4	CYP1A2	0	0.1853	0.1230966593088675	0.062203340691132494	2.0	5387	1554
o_ssm_no_assoc	12321	3	4	CYP1A2__CYP2C9__CYP2B6	CYP1A2	0	0.0392	0.21929990735194543	0.18009990735194542	2.0	1030	255
o_ssm_no_assoc	12321	3	4	CYP2B6__CYP2C19__CYP3A4	CYP2B6	0	0.0913	0.2771122407933204	0.18581224079332043	2.0	2156	482
o_ssm_no_assoc	12321	3	4	CYP2C8__CYP2B6__CYP3A4	CYP2C8	1	0.0182	0.2539765294742369	0.23577652947423688	2.0	192	55
o_ssm_no_assoc	12321	3	4	CYP2C8__CYP2C19__CYP3A4	CYP2C8	0	0.1653	0.2158065739997796	0.05050657399977959	2.0	1062	236
o_ssm_no_assoc	12321	3	4	CYP2C9__CYP2C8__CYP2B6	CYP2C9	0	0.2857	0.394067283310093	0.10836728331009299	2.0	130	28
o_ssm_no_assoc	24680	3	4	CYP1A2__CYP2C19__CYP3A4	CYP1A2	0	0.1853	0.065459500790803	0.119840499209197	2.0	5387	1554
o_ssm_no_assoc	24680	3	4	CYP1A2__CYP2C9__CYP2B6	CYP1A2	0	0.0392	0.38245660671317616	0.34325660671317615	2.0	1030	255
o_ssm_no_assoc	24680	3	4	CYP2B6__CYP2C19__CYP3A4	CYP2B6	0	0.0913	0.2970519140954784	0.20575191409547838	2.0	2156	482
o_ssm_no_assoc	24680	3	4	CYP2C8__CYP2B6__CYP3A4	CYP2C8	1	0.0182	0.30008987516575536	0.28188987516575537	2.0	192	55
o_ssm_no_assoc	24680	3	4	CYP2C8__CYP2C19__CYP3A4	CYP2C8	0	0.1653	0.018812583552266088	0.14648741644773391	2.0	1062	236
o_ssm_no_assoc	24680	3	4	CYP2C9__CYP2C8__CYP2B6	CYP2C9	0	0.2857	0.35467825729298175	0.06897825729298174	2.0	130	28
o_ssm_no_assoc	13579	3	4	CYP1A2__CYP2C19__CYP3A4	CYP1A2	0	0.1853	0.03679761293516462	0.14850238706483537	2.0	5387	1554
o_ssm_no_assoc	13579	3	4	CYP1A2__CYP2C9__CYP2B6	CYP1A2	0	0.0392	0.3804324695732479	0.3412324695732479	2.0	1030	255
o_ssm_no_assoc	13579	3	4	CYP2B6__CYP2C19__CYP3A4	CYP2B6	0	0.0913	0.29273661301344606	0.20143661301344606	2.0	2156	482
o_ssm_no_assoc	13579	3	4	CYP2C8__CYP2B6__CYP3A4	CYP2C8	1	0.0182	0.20738878419004447	0.18918878419004448	2.0	192	55
o_ssm_no_assoc	13579	3	4	CYP2C8__CYP2C19__CYP3A4	CYP2C8	0	0.1653	0.05309920972603745	0.11220079027396256	2.0	1062	236
o_ssm_no_assoc	13579	3	4	CYP2C9__CYP2C8__CYP2B6	CYP2C9	0	0.2857	0.2326503715557391	0.05304962844426092	2.0	130	28
o_ssm_no_assoc	54321	3	4	CYP1A2__CYP2C19__CYP3A4	CYP1A2	0	0.1853	0.11515729245469214	0.07014270754530785	2.0	5387	1554
o_ssm_no_assoc	54321	3	4	CYP1A2__CYP2C9__CYP2B6	CYP1A2	0	0.0392	0.22948213883020654	0.19028213883020656	2.0	1030	255
o_ssm_no_assoc	54321	3	4	CYP2B6__CYP2C19__CYP3A4	CYP2B6	0	0.0913	0.19383535533187174	0.10253535533187173	2.0	2156	482
o_ssm_no_assoc	54321	3	4	CYP2C8__CYP2B6__CYP3A4	CYP2C8	1	0.0182	0.21041120881438694	0.19221120881438694	2.0	192	55
o_ssm_no_assoc	54321	3	4	CYP2C8__CYP2C19__CYP3A4	CYP2C8	0	0.1653	0.15493004916019323	0.010369950839806769	2.0	1062	236
o_ssm_no_assoc	54321	3	4	CYP2C9__CYP2C8__CYP2B6	CYP2C9	0	0.2857	0.2471504322412271	0.03854956775877291	2.0	130	28
o_ssm_no_assoc	67890	3	4	CYP1A2__CYP2C19__CYP3A4	CYP1A2	0	0.1853	0.12449854303582622	0.06080145696417377	2.0	5387	1554
o_ssm_no_assoc	67890	3	4	CYP1A2__CYP2C9__CYP2B6	CYP1A2	0	0.0392	0.21800348969403252	0.17880348969403254	2.0	1030	255
o_ssm_no_assoc	67890	3	4	CYP2B6__CYP2C19__CYP3A4	CYP2B6	0	0.0913	0.19001704202210046	0.09871704202210045	2.0	2156	482
o_ssm_no_assoc	67890	3	4	CYP2C8__CYP2B6__CYP3A4	CYP2C8	1	0.0182	0.2471666691430009	0.2289666691430009	2.0	192	55
o_ssm_no_assoc	67890	3	4	CYP2C8__CYP2C19__CYP3A4	CYP2C8	0	0.1653	0.14616235086150126	0.019137649138498747	2.0	1062	236
o_ssm_no_assoc	67890	3	4	CYP2C9__CYP2C8__CYP2B6	CYP2C9	0	0.2857	0.2535062124732444	0.03219378752675561	2.0	130	28
o_ssm_no_assoc	11223	3	4	CYP1A2__CYP2C19__CYP3A4	CYP1A2	0	0.1853	0.11292853061377234	0.07237146938622765	2.0	5387	1554
o_ssm_no_assoc	11223	3	4	CYP1A2__CYP2C9__CYP2B6	CYP1A2	0	0.0392	0.23770616912555023	0.19850616912555025	2.0	1030	255
o_ssm_no_assoc	11223	3	4	CYP2B6__CYP2C19__CYP3A4	CYP2B6	0	0.0913	0.18043865940324125	0.08913865940324124	2.0	2156	482
o_ssm_no_assoc	11223	3	4	CYP2C8__CYP2B6__CYP3A4	CYP2C8	1	0.0182	0.2163626005031137	0.1981626005031137	2.0	192	55
o_ssm_no_assoc	11223	3	4	CYP2C8__CYP2C19__CYP3A4	CYP2C8	0	0.1653	0.15049950721269004	0.014800492787309966	2.0	1062	236
o_ssm_no_assoc	11223	3	4	CYP2C9__CYP2C8__CYP2B6	CYP2C9	0	0.2857	0.2489136736957728	0.03678632630422721	2.0	130	28
o_ssm_no_assoc	44567	3	4	CYP1A2__CYP2C19__CYP3A4	CYP1A2	0	0.1853	0.0971244348405675	0.08817556515943249	2.0	5387	1554
o_ssm_no_assoc	44567	3	4	CYP1A2__CYP2C9__CYP2B6	CYP1A2	0	0.0392	0.24678642307259707	0.20758642307259706	2.0	1030	255
o_ssm_no_assoc	44567	3	4	CYP2B6__CYP2C19__CYP3A4	CYP2B6	0	0.0913	0.18228215397403014	0.09098215397403013	2.0	2156	482
o_ssm_no_assoc	44567	3	4	CYP2C8__CYP2B6__CYP3A4	CYP2C8	1	0.0182	0.2704167229010873	0.2522167229010873	2.0	192	55
o_ssm_no_assoc	44567	3	4	CYP2C8__CYP2C19__CYP3A4	CYP2C8	0	0.1653	0.09365841023594422	0.07164158976405578	2.0	1062	236
o_ssm_no_assoc	44567	3	4	CYP2C9__CYP2C8__CYP2B6	CYP2C9	0	0.2857	0.3376732134090984	0.051973213409098384	2.0	130	28
o_ssm_no_assoc	77889	3	4	CYP1A2__CYP2C19__CYP3A4	CYP1A2	0	0.1853	0.07715945292301059	0.1081405470769894	2.0	5387	1554
o_ssm_no_assoc	77889	3	4	CYP1A2__CYP2C9__CYP2B6	CYP1A2	0	0.0392	0.27334908840939875	0.23414908840939874	2.0	1030	255
o_ssm_no_assoc	77889	3	4	CYP2B6__CYP2C19__CYP3A4	CYP2B6	0	0.0913	0.16673536205514777	0.07543536205514777	2.0	2156	482
o_ssm_no_assoc	77889	3	4	CYP2C8__CYP2B6__CYP3A4	CYP2C8	1	0.0182	0.2767344344149632	0.2585344344149632	2.0	192	55
o_ssm_no_assoc	77889	3	4	CYP2C8__CYP2C19__CYP3A4	CYP2C8	0	0.1653	0.1275873134147415	0.037712686585258504	2.0	1062	236
o_ssm_no_assoc	77889	3	4	CYP2C9__CYP2C8__CYP2B6	CYP2C9	0	0.2857	0.34590232332392984	0.06020232332392983	2.0	130	28
o_ssm_no_assoc	99001	3	4	CYP1A2__CYP2C19__CYP3A4	CYP1A2	0	0.1853	0.09066939013333306	0.09463060986666694	2.0	5387	1554
o_ssm_no_assoc	99001	3	4	CYP1A2__CYP2C9__CYP2B6	CYP1A2	0	0.0392	0.21234650306628705	0.17314650306628704	2.0	1030	255
o_ssm_no_assoc	99001	3	4	CYP2B6__CYP2C19__CYP3A4	CYP2B6	0	0.0913	0.22545903210853185	0.13415903210853186	2.0	2156	482
o_ssm_no_assoc	99001	3	4	CYP2C8__CYP2B6__CYP3A4	CYP2C8	1	0.0182	0.21380771196476592	0.19560771196476592	2.0	192	55
o_ssm_no_assoc	99001	3	4	CYP2C8__CYP2C19__CYP3A4	CYP2C8	0	0.1653	0.16608929816451834	0.0007892981645183372	2.0	1062	236
o_ssm_no_assoc	99001	3	4	CYP2C9__CYP2C8__CYP2B6	CYP2C9	0	0.2857	0.2918114551486918	0.006111455148691769	2.0	130	28
o_ssm_no_assoc	31415	3	4	CYP1A2__CYP2C19__CYP3A4	CYP1A2	0	0.1853	0.12732170960560718	0.05797829039439281	2.0	5387	1554
o_ssm_no_assoc	31415	3	4	CYP1A2__CYP2C9__CYP2B6	CYP1A2	0	0.0392	0.18153761818979994	0.14233761818979995	2.0	1030	255
o_ssm_no_assoc	31415	3	4	CYP2B6__CYP2C19__CYP3A4	CYP2B6	0	0.0913	0.17816780835621687	0.08686780835621687	2.0	2156	482
o_ssm_no_assoc	31415	3	4	CYP2C8__CYP2B6__CYP3A4	CYP2C8	1	0.0182	0.2268522898140795	0.20865228981407952	2.0	192	55
o_ssm_no_assoc	31415	3	4	CYP2C8__CYP2C19__CYP3A4	CYP2C8	0	0.1653	0.16219547759130523	0.003104522408694771	2.0	1062	236
o_ssm_no_assoc	31415	3	4	CYP2C9__CYP2C8__CYP2B6	CYP2C9	0	0.2857	0.24517708084655787	0.04052291915344214	2.0	130	28
o_ssm_no_assoc	27182	3	4	CYP1A2__CYP2C19__CYP3A4	CYP1A2	0	0.1853	0.07211169878122771	0.11318830121877228	2.0	5387	1554
o_ssm_no_assoc	27182	3	4	CYP1A2__CYP2C9__CYP2B6	CYP1A2	0	0.0392	0.253721446056561	0.21452144605656098	2.0	1030	255
o_ssm_no_assoc	27182	3	4	CYP2B6__CYP2C19__CYP3A4	CYP2B6	0	0.0913	0.25428682668202324	0.16298682668202324	2.0	2156	482
o_ssm_no_assoc	27182	3	4	CYP2C8__CYP2B6__CYP3A4	CYP2C8	1	0.0182	0.37337249715666776	0.35517249715666777	2.0	192	55
o_ssm_no_assoc	27182	3	4	CYP2C8__CYP2C19__CYP3A4	CYP2C8	0	0.1653	0.08163618881521165	0.08366381118478836	2.0	1062	236
o_ssm_no_assoc	27182	3	4	CYP2C9__CYP2C8__CYP2B6	CYP2C9	0	0.2857	0.23647516108890784	0.04922483891109217	2.0	130	28
symmetric_linear	deterministic	4	0	CYP1A2__CYP2C8__CYP2B6	CYP1A2	0	0.5741	0.184037184918884	0.39006281508111607	2.0	147	54
symmetric_linear	deterministic	4	0	CYP1A2__CYP2C9__CYP2C19	CYP1A2	0	0.066	0.163813976532172	0.097813976532172	2.0	3447	985
symmetric_linear	deterministic	4	0	CYP2B6__CYP2D6__CYP3A4	CYP2B6	0	0.0383	0.16140306030540058	0.12310306030540058	2.0	2354	339
symmetric_linear	deterministic	4	0	CYP2C8__CYP2C19__CYP2D6	CYP2C8	1	0.0302	0.1572360659103503	0.1270360659103503	2.0	1527	398
symmetric_linear	deterministic	4	0	CYP2C8__CYP2D6__CYP3A4	CYP2C8	0	0.0457	0.1453686358076689	0.09966863580766891	2.0	905	219
symmetric_linear	deterministic	4	0	CYP2C9__CYP2C8__CYP2C19	CYP2C9	0	0.1933	0.17084751350269092	0.022452486497309077	2.0	539	150
ordered_linear	deterministic	4	0	CYP1A2__CYP2C8__CYP2B6	CYP1A2	0	0.5741	0.18727794391213967	0.38682205608786036	2.0	147	54
ordered_linear	deterministic	4	0	CYP1A2__CYP2C9__CYP2C19	CYP1A2	0	0.066	0.1524782823088965	0.08647828230889651	2.0	3447	985
ordered_linear	deterministic	4	0	CYP2B6__CYP2D6__CYP3A4	CYP2B6	0	0.0383	0.1378339770076617	0.0995339770076617	2.0	2354	339
ordered_linear	deterministic	4	0	CYP2C8__CYP2C19__CYP2D6	CYP2C8	1	0.0302	0.14363826780458347	0.11343826780458346	2.0	1527	398
ordered_linear	deterministic	4	0	CYP2C8__CYP2D6__CYP3A4	CYP2C8	0	0.0457	0.11307492202307336	0.06737492202307335	2.0	905	219
ordered_linear	deterministic	4	0	CYP2C9__CYP2C8__CYP2C19	CYP2C9	0	0.1933	0.1878045868659832	0.005495413134016802	2.0	539	150
h_ssm	55555	4	0	CYP1A2__CYP2C8__CYP2B6	CYP1A2	0	0.5741	0.17489350487421532	0.39920649512578477	2.0	147	54
h_ssm	55555	4	0	CYP1A2__CYP2C9__CYP2C19	CYP1A2	0	0.066	0.18837798209076423	0.12237798209076423	2.0	3447	985
h_ssm	55555	4	0	CYP2B6__CYP2D6__CYP3A4	CYP2B6	0	0.0383	0.14741823654423852	0.10911823654423852	2.0	2354	339
h_ssm	55555	4	0	CYP2C8__CYP2C19__CYP2D6	CYP2C8	1	0.0302	0.1570655247723621	0.1268655247723621	2.0	1527	398
h_ssm	55555	4	0	CYP2C8__CYP2D6__CYP3A4	CYP2C8	0	0.0457	0.12197038691889536	0.07627038691889537	2.0	905	219
h_ssm	55555	4	0	CYP2C9__CYP2C8__CYP2C19	CYP2C9	0	0.1933	0.19823815409086293	0.0049381540908629284	2.0	539	150
h_ssm	11111	4	0	CYP1A2__CYP2C8__CYP2B6	CYP1A2	0	0.5741	0.17586286565220857	0.3982371343477915	2.0	147	54
h_ssm	11111	4	0	CYP1A2__CYP2C9__CYP2C19	CYP1A2	0	0.066	0.17870888287673925	0.11270888287673925	2.0	3447	985
h_ssm	11111	4	0	CYP2B6__CYP2D6__CYP3A4	CYP2B6	0	0.0383	0.14409444215278386	0.10579444215278386	2.0	2354	339
h_ssm	11111	4	0	CYP2C8__CYP2C19__CYP2D6	CYP2C8	1	0.0302	0.1518178512786944	0.1216178512786944	2.0	1527	398
h_ssm	11111	4	0	CYP2C8__CYP2D6__CYP3A4	CYP2C8	0	0.0457	0.13418457923765598	0.08848457923765599	2.0	905	219
h_ssm	11111	4	0	CYP2C9__CYP2C8__CYP2C19	CYP2C9	0	0.1933	0.18947863637098683	0.003821363629013169	2.0	539	150
h_ssm	99887	4	0	CYP1A2__CYP2C8__CYP2B6	CYP1A2	0	0.5741	0.1723419887619413	0.40175801123805877	2.0	147	54
h_ssm	99887	4	0	CYP1A2__CYP2C9__CYP2C19	CYP1A2	0	0.066	0.16683295658316682	0.10083295658316682	2.0	3447	985
h_ssm	99887	4	0	CYP2B6__CYP2D6__CYP3A4	CYP2B6	0	0.0383	0.162716024713991	0.12441602471399099	2.0	2354	339
h_ssm	99887	4	0	CYP2C8__CYP2C19__CYP2D6	CYP2C8	1	0.0302	0.15033358085633763	0.12013358085633763	2.0	1527	398
h_ssm	99887	4	0	CYP2C8__CYP2D6__CYP3A4	CYP2C8	0	0.0457	0.13757462540800589	0.0918746254080059	2.0	905	219
h_ssm	99887	4	0	CYP2C9__CYP2C8__CYP2C19	CYP2C9	0	0.1933	0.17757669737067266	0.015723302629327335	2.0	539	150
h_ssm	22222	4	0	CYP1A2__CYP2C8__CYP2B6	CYP1A2	0	0.5741	0.17729366633690025	0.3968063336630998	2.0	147	54
h_ssm	22222	4	0	CYP1A2__CYP2C9__CYP2C19	CYP1A2	0	0.066	0.1548919994391122	0.08889199943911219	2.0	3447	985
h_ssm	22222	4	0	CYP2B6__CYP2D6__CYP3A4	CYP2B6	0	0.0383	0.16008434673816774	0.12178434673816774	2.0	2354	339
h_ssm	22222	4	0	CYP2C8__CYP2C19__CYP2D6	CYP2C8	1	0.0302	0.15146831535220504	0.12126831535220503	2.0	1527	398
h_ssm	22222	4	0	CYP2C8__CYP2D6__CYP3A4	CYP2C8	0	0.0457	0.140483879146644	0.09478387914664402	2.0	905	219
h_ssm	22222	4	0	CYP2C9__CYP2C8__CYP2C19	CYP2C9	0	0.1933	0.16593617041858671	0.027363829581413285	2.0	539	150
h_ssm	44444	4	0	CYP1A2__CYP2C8__CYP2B6	CYP1A2	0	0.5741	0.16264073214980967	0.4114592678501904	2.0	147	54
h_ssm	44444	4	0	CYP1A2__CYP2C9__CYP2C19	CYP1A2	0	0.066	0.16300392336213534	0.09700392336213534	2.0	3447	985
h_ssm	44444	4	0	CYP2B6__CYP2D6__CYP3A4	CYP2B6	0	0.0383	0.16127563548055	0.12297563548054999	2.0	2354	339
h_ssm	44444	4	0	CYP2C8__CYP2C19__CYP2D6	CYP2C8	1	0.0302	0.1502912404556848	0.12009124045568478	2.0	1527	398
h_ssm	44444	4	0	CYP2C8__CYP2D6__CYP3A4	CYP2C8	0	0.0457	0.13997843976779423	0.09427843976779424	2.0	905	219
h_ssm	44444	4	0	CYP2C9__CYP2C8__CYP2C19	CYP2C9	0	0.1933	0.17396861494736227	0.019331385052637734	2.0	539	150
h_ssm	66666	4	0	CYP1A2__CYP2C8__CYP2B6	CYP1A2	0	0.5741	0.16129422720661576	0.41280577279338426	2.0	147	54
h_ssm	66666	4	0	CYP1A2__CYP2C9__CYP2C19	CYP1A2	0	0.066	0.1654092050982908	0.09940920509829079	2.0	3447	985
h_ssm	66666	4	0	CYP2B6__CYP2D6__CYP3A4	CYP2B6	0	0.0383	0.16092781543242138	0.12262781543242138	2.0	2354	339
h_ssm	66666	4	0	CYP2C8__CYP2C19__CYP2D6	CYP2C8	1	0.0302	0.15439901157443633	0.12419901157443633	2.0	1527	398
h_ssm	66666	4	0	CYP2C8__CYP2D6__CYP3A4	CYP2C8	0	0.0457	0.13806230079802082	0.09236230079802082	2.0	905	219
h_ssm	66666	4	0	CYP2C9__CYP2C8__CYP2C19	CYP2C9	0	0.1933	0.17675537501803376	0.01654462498196624	2.0	539	150
h_ssm	77777	4	0	CYP1A2__CYP2C8__CYP2B6	CYP1A2	0	0.5741	0.17624161374162772	0.39785838625837233	2.0	147	54
h_ssm	77777	4	0	CYP1A2__CYP2C9__CYP2C19	CYP1A2	0	0.066	0.1561737617736747	0.0901737617736747	2.0	3447	985
h_ssm	77777	4	0	CYP2B6__CYP2D6__CYP3A4	CYP2B6	0	0.0383	0.16262091406092508	0.12432091406092508	2.0	2354	339
h_ssm	77777	4	0	CYP2C8__CYP2C19__CYP2D6	CYP2C8	1	0.0302	0.15163211825924544	0.12143211825924544	2.0	1527	398
h_ssm	77777	4	0	CYP2C8__CYP2D6__CYP3A4	CYP2C8	0	0.0457	0.14037198237619475	0.09467198237619476	2.0	905	219
h_ssm	77777	4	0	CYP2C9__CYP2C8__CYP2C19	CYP2C9	0	0.1933	0.16726325703268266	0.02603674296731734	2.0	539	150
h_ssm	88888	4	0	CYP1A2__CYP2C8__CYP2B6	CYP1A2	0	0.5741	0.17591224921467552	0.39818775078532453	2.0	147	54
h_ssm	88888	4	0	CYP1A2__CYP2C9__CYP2C19	CYP1A2	0	0.066	0.18074163130906548	0.11474163130906548	2.0	3447	985
h_ssm	88888	4	0	CYP2B6__CYP2D6__CYP3A4	CYP2B6	0	0.0383	0.16121575911451894	0.12291575911451894	2.0	2354	339
h_ssm	88888	4	0	CYP2C8__CYP2C19__CYP2D6	CYP2C8	1	0.0302	0.1523305035807842	0.1221305035807842	2.0	1527	398
h_ssm	88888	4	0	CYP2C8__CYP2D6__CYP3A4	CYP2C8	0	0.0457	0.13001196215286423	0.08431196215286424	2.0	905	219
h_ssm	88888	4	0	CYP2C9__CYP2C8__CYP2C19	CYP2C9	0	0.1933	0.19090930390024863	0.0023906960997513715	2.0	539	150
h_ssm	33333	4	0	CYP1A2__CYP2C8__CYP2B6	CYP1A2	0	0.5741	0.17628924614079242	0.3978107538592076	2.0	147	54
h_ssm	33333	4	0	CYP1A2__CYP2C9__CYP2C19	CYP1A2	0	0.066	0.15319627495124416	0.08719627495124416	2.0	3447	985
h_ssm	33333	4	0	CYP2B6__CYP2D6__CYP3A4	CYP2B6	0	0.0383	0.16628830252062476	0.12798830252062476	2.0	2354	339
h_ssm	33333	4	0	CYP2C8__CYP2C19__CYP2D6	CYP2C8	1	0.0302	0.15068686321889713	0.12048686321889712	2.0	1527	398
h_ssm	33333	4	0	CYP2C8__CYP2D6__CYP3A4	CYP2C8	0	0.0457	0.14182270366791747	0.09612270366791748	2.0	905	219
h_ssm	33333	4	0	CYP2C9__CYP2C8__CYP2C19	CYP2C9	0	0.1933	0.16449962183699066	0.028800378163009344	2.0	539	150
h_ssm	12321	4	0	CYP1A2__CYP2C8__CYP2B6	CYP1A2	0	0.5741	0.16092982460339933	0.4131701753966007	2.0	147	54
h_ssm	12321	4	0	CYP1A2__CYP2C9__CYP2C19	CYP1A2	0	0.066	0.17548626446880758	0.10948626446880758	2.0	3447	985
h_ssm	12321	4	0	CYP2B6__CYP2D6__CYP3A4	CYP2B6	0	0.0383	0.14570419902824747	0.10740419902824747	2.0	2354	339
h_ssm	12321	4	0	CYP2C8__CYP2C19__CYP2D6	CYP2C8	1	0.0302	0.14949037728303963	0.11929037728303962	2.0	1527	398
h_ssm	12321	4	0	CYP2C8__CYP2D6__CYP3A4	CYP2C8	0	0.0457	0.132037322381247	0.086337322381247	2.0	905	219
h_ssm	12321	4	0	CYP2C9__CYP2C8__CYP2C19	CYP2C9	0	0.1933	0.18541985798306376	0.007880142016936237	2.0	539	150
h_ssm	24680	4	0	CYP1A2__CYP2C8__CYP2B6	CYP1A2	0	0.5741	0.17858235733250016	0.3955176426674999	2.0	147	54
h_ssm	24680	4	0	CYP1A2__CYP2C9__CYP2C19	CYP1A2	0	0.066	0.15424719996262984	0.08824719996262984	2.0	3447	985
h_ssm	24680	4	0	CYP2B6__CYP2D6__CYP3A4	CYP2B6	0	0.0383	0.16577273501331602	0.12747273501331602	2.0	2354	339
h_ssm	24680	4	0	CYP2C8__CYP2C19__CYP2D6	CYP2C8	1	0.0302	0.14946205805697194	0.11926205805697193	2.0	1527	398
h_ssm	24680	4	0	CYP2C8__CYP2D6__CYP3A4	CYP2C8	0	0.0457	0.141738109680496	0.096038109680496	2.0	905	219
h_ssm	24680	4	0	CYP2C9__CYP2C8__CYP2C19	CYP2C9	0	0.1933	0.16544148329536937	0.02785851670463063	2.0	539	150
h_ssm	13579	4	0	CYP1A2__CYP2C8__CYP2B6	CYP1A2	0	0.5741	0.17842431269968737	0.39567568730031266	2.0	147	54
h_ssm	13579	4	0	CYP1A2__CYP2C9__CYP2C19	CYP1A2	0	0.066	0.1539755357093458	0.0879755357093458	2.0	3447	985
h_ssm	13579	4	0	CYP2B6__CYP2D6__CYP3A4	CYP2B6	0	0.0383	0.16258277492625234	0.12428277492625234	2.0	2354	339
h_ssm	13579	4	0	CYP2C8__CYP2C19__CYP2D6	CYP2C8	1	0.0302	0.15059789133329696	0.12039789133329695	2.0	1527	398
h_ssm	13579	4	0	CYP2C8__CYP2D6__CYP3A4	CYP2C8	0	0.0457	0.14078148135098772	0.09508148135098773	2.0	905	219
h_ssm	13579	4	0	CYP2C9__CYP2C8__CYP2C19	CYP2C9	0	0.1933	0.16505401023598215	0.028245989764017848	2.0	539	150
h_ssm	54321	4	0	CYP1A2__CYP2C8__CYP2B6	CYP1A2	0	0.5741	0.17291672321506257	0.4011832767849375	2.0	147	54
h_ssm	54321	4	0	CYP1A2__CYP2C9__CYP2C19	CYP1A2	0	0.066	0.17717663275092485	0.11117663275092485	2.0	3447	985
h_ssm	54321	4	0	CYP2B6__CYP2D6__CYP3A4	CYP2B6	0	0.0383	0.15634807257912803	0.11804807257912803	2.0	2354	339
h_ssm	54321	4	0	CYP2C8__CYP2C19__CYP2D6	CYP2C8	1	0.0302	0.1575301600942386	0.1273301600942386	2.0	1527	398
h_ssm	54321	4	0	CYP2C8__CYP2D6__CYP3A4	CYP2C8	0	0.0457	0.1299922945407545	0.08429229454075451	2.0	905	219
h_ssm	54321	4	0	CYP2C9__CYP2C8__CYP2C19	CYP2C9	0	0.1933	0.18801773329947458	0.005282266700525423	2.0	539	150
h_ssm	67890	4	0	CYP1A2__CYP2C8__CYP2B6	CYP1A2	0	0.5741	0.173378107053514	0.4007218929464861	2.0	147	54
h_ssm	67890	4	0	CYP1A2__CYP2C9__CYP2C19	CYP1A2	0	0.066	0.16932789429520667	0.10332789429520667	2.0	3447	985
h_ssm	67890	4	0	CYP2B6__CYP2D6__CYP3A4	CYP2B6	0	0.0383	0.16585827105766363	0.12755827105766362	2.0	2354	339
h_ssm	67890	4	0	CYP2C8__CYP2C19__CYP2D6	CYP2C8	1	0.0302	0.14963518264683806	0.11943518264683806	2.0	1527	398
h_ssm	67890	4	0	CYP2C8__CYP2D6__CYP3A4	CYP2C8	0	0.0457	0.13662719167332088	0.09092719167332089	2.0	905	219
h_ssm	67890	4	0	CYP2C9__CYP2C8__CYP2C19	CYP2C9	0	0.1933	0.1799504938359004	0.013349506164099606	2.0	539	150
h_ssm	11223	4	0	CYP1A2__CYP2C8__CYP2B6	CYP1A2	0	0.5741	0.16564922736200952	0.40845077263799057	2.0	147	54
h_ssm	11223	4	0	CYP1A2__CYP2C9__CYP2C19	CYP1A2	0	0.066	0.17910648622393938	0.11310648622393937	2.0	3447	985
h_ssm	11223	4	0	CYP2B6__CYP2D6__CYP3A4	CYP2B6	0	0.0383	0.1639187112999721	0.1256187112999721	2.0	2354	339
h_ssm	11223	4	0	CYP2C8__CYP2C19__CYP2D6	CYP2C8	1	0.0302	0.15552645989330122	0.1253264598933012	2.0	1527	398
h_ssm	11223	4	0	CYP2C8__CYP2D6__CYP3A4	CYP2C8	0	0.0457	0.12915361164229372	0.08345361164229373	2.0	905	219
h_ssm	11223	4	0	CYP2C9__CYP2C8__CYP2C19	CYP2C9	0	0.1933	0.1894676650262472	0.0038323349737527934	2.0	539	150
h_ssm	44567	4	0	CYP1A2__CYP2C8__CYP2B6	CYP1A2	0	0.5741	0.16941990490914968	0.40468009509085034	2.0	147	54
h_ssm	44567	4	0	CYP1A2__CYP2C9__CYP2C19	CYP1A2	0	0.066	0.18012395905532552	0.11412395905532552	2.0	3447	985
h_ssm	44567	4	0	CYP2B6__CYP2D6__CYP3A4	CYP2B6	0	0.0383	0.16266408102734148	0.12436408102734148	2.0	2354	339
h_ssm	44567	4	0	CYP2C8__CYP2C19__CYP2D6	CYP2C8	1	0.0302	0.14963245562767602	0.11943245562767602	2.0	1527	398
h_ssm	44567	4	0	CYP2C8__CYP2D6__CYP3A4	CYP2C8	0	0.0457	0.12768133486019956	0.08198133486019957	2.0	905	219
h_ssm	44567	4	0	CYP2C9__CYP2C8__CYP2C19	CYP2C9	0	0.1933	0.1896014133060806	0.003698586693919398	2.0	539	150
h_ssm	77889	4	0	CYP1A2__CYP2C8__CYP2B6	CYP1A2	0	0.5741	0.1750278643564262	0.39907213564357386	2.0	147	54
h_ssm	77889	4	0	CYP1A2__CYP2C9__CYP2C19	CYP1A2	0	0.066	0.18660322135709348	0.12060322135709348	2.0	3447	985
h_ssm	77889	4	0	CYP2B6__CYP2D6__CYP3A4	CYP2B6	0	0.0383	0.1485007739447037	0.1102007739447037	2.0	2354	339
h_ssm	77889	4	0	CYP2C8__CYP2C19__CYP2D6	CYP2C8	1	0.0302	0.15525127287646961	0.1250512728764696	2.0	1527	398
h_ssm	77889	4	0	CYP2C8__CYP2D6__CYP3A4	CYP2C8	0	0.0457	0.12299229152250958	0.07729229152250958	2.0	905	219
h_ssm	77889	4	0	CYP2C9__CYP2C8__CYP2C19	CYP2C9	0	0.1933	0.19621778096773207	0.00291778096773207	2.0	539	150
h_ssm	99001	4	0	CYP1A2__CYP2C8__CYP2B6	CYP1A2	0	0.5741	0.16450626984619818	0.40959373015380185	2.0	147	54
h_ssm	99001	4	0	CYP1A2__CYP2C9__CYP2C19	CYP1A2	0	0.066	0.16495599881278042	0.09895599881278042	2.0	3447	985
h_ssm	99001	4	0	CYP2B6__CYP2D6__CYP3A4	CYP2B6	0	0.0383	0.1570646368735649	0.1187646368735649	2.0	2354	339
h_ssm	99001	4	0	CYP2C8__CYP2C19__CYP2D6	CYP2C8	1	0.0302	0.1536522941500091	0.1234522941500091	2.0	1527	398
h_ssm	99001	4	0	CYP2C8__CYP2D6__CYP3A4	CYP2C8	0	0.0457	0.13524156098270113	0.08954156098270113	2.0	905	219
h_ssm	99001	4	0	CYP2C9__CYP2C8__CYP2C19	CYP2C9	0	0.1933	0.17600676020607178	0.017293239793928217	2.0	539	150
h_ssm	31415	4	0	CYP1A2__CYP2C8__CYP2B6	CYP1A2	0	0.5741	0.1660835380049804	0.4080164619950196	2.0	147	54
h_ssm	31415	4	0	CYP1A2__CYP2C9__CYP2C19	CYP1A2	0	0.066	0.1571482451546075	0.09114824515460751	2.0	3447	985
h_ssm	31415	4	0	CYP2B6__CYP2D6__CYP3A4	CYP2B6	0	0.0383	0.1680472263787627	0.1297472263787627	2.0	2354	339
h_ssm	31415	4	0	CYP2C8__CYP2C19__CYP2D6	CYP2C8	1	0.0302	0.1505970797344057	0.1203970797344057	2.0	1527	398
h_ssm	31415	4	0	CYP2C8__CYP2D6__CYP3A4	CYP2C8	0	0.0457	0.14245019038021262	0.09675019038021263	2.0	905	219
h_ssm	31415	4	0	CYP2C9__CYP2C8__CYP2C19	CYP2C9	0	0.1933	0.16861356745595055	0.024686432544049453	2.0	539	150
h_ssm	27182	4	0	CYP1A2__CYP2C8__CYP2B6	CYP1A2	0	0.5741	0.17667202625584844	0.3974279737441516	2.0	147	54
h_ssm	27182	4	0	CYP1A2__CYP2C9__CYP2C19	CYP1A2	0	0.066	0.1531628681720507	0.08716286817205068	2.0	3447	985
h_ssm	27182	4	0	CYP2B6__CYP2D6__CYP3A4	CYP2B6	0	0.0383	0.16298082575177458	0.12468082575177458	2.0	2354	339
h_ssm	27182	4	0	CYP2C8__CYP2C19__CYP2D6	CYP2C8	1	0.0302	0.1511605188121153	0.12096051881211531	2.0	1527	398
h_ssm	27182	4	0	CYP2C8__CYP2D6__CYP3A4	CYP2C8	0	0.0457	0.1408895447740942	0.09518954477409422	2.0	905	219
h_ssm	27182	4	0	CYP2C9__CYP2C8__CYP2C19	CYP2C9	0	0.1933	0.16435676284365464	0.028943237156345364	2.0	539	150
o_ssm	55555	4	0	CYP1A2__CYP2C8__CYP2B6	CYP1A2	0	0.5741	0.16642960189394262	0.40767039810605743	2.0	147	54
o_ssm	55555	4	0	CYP1A2__CYP2C9__CYP2C19	CYP1A2	0	0.066	0.17319103897790555	0.10719103897790555	2.0	3447	985
o_ssm	55555	4	0	CYP2B6__CYP2D6__CYP3A4	CYP2B6	0	0.0383	0.17859514196407433	0.14029514196407433	2.0	2354	339
o_ssm	55555	4	0	CYP2C8__CYP2C19__CYP2D6	CYP2C8	1	0.0302	0.13417695979276542	0.10397695979276542	2.0	1527	398
o_ssm	55555	4	0	CYP2C8__CYP2D6__CYP3A4	CYP2C8	0	0.0457	0.12612686865946174	0.08042686865946175	2.0	905	219
o_ssm	55555	4	0	CYP2C9__CYP2C8__CYP2C19	CYP2C9	0	0.1933	0.1517407823130319	0.0415592176869681	2.0	539	150
o_ssm	11111	4	0	CYP1A2__CYP2C8__CYP2B6	CYP1A2	0	0.5741	0.16277423548230416	0.41132576451769587	2.0	147	54
o_ssm	11111	4	0	CYP1A2__CYP2C9__CYP2C19	CYP1A2	0	0.066	0.15887291807950255	0.09287291807950254	2.0	3447	985
o_ssm	11111	4	0	CYP2B6__CYP2D6__CYP3A4	CYP2B6	0	0.0383	0.16853034897203134	0.13023034897203134	2.0	2354	339
o_ssm	11111	4	0	CYP2C8__CYP2C19__CYP2D6	CYP2C8	1	0.0302	0.14441235327590607	0.11421235327590606	2.0	1527	398
o_ssm	11111	4	0	CYP2C8__CYP2D6__CYP3A4	CYP2C8	0	0.0457	0.15183695055712437	0.10613695055712438	2.0	905	219
o_ssm	11111	4	0	CYP2C9__CYP2C8__CYP2C19	CYP2C9	0	0.1933	0.17029698920644065	0.023003010793559348	2.0	539	150
o_ssm	99887	4	0	CYP1A2__CYP2C8__CYP2B6	CYP1A2	0	0.5741	0.16982405155648644	0.4042759484435136	2.0	147	54
o_ssm	99887	4	0	CYP1A2__CYP2C9__CYP2C19	CYP1A2	0	0.066	0.1921204948355962	0.1261204948355962	2.0	3447	985
o_ssm	99887	4	0	CYP2B6__CYP2D6__CYP3A4	CYP2B6	0	0.0383	0.1008093566903128	0.0625093566903128	2.0	2354	339
o_ssm	99887	4	0	CYP2C8__CYP2C19__CYP2D6	CYP2C8	1	0.0302	0.12580408289040984	0.09560408289040984	2.0	1527	398
o_ssm	99887	4	0	CYP2C8__CYP2D6__CYP3A4	CYP2C8	0	0.0457	0.15542642580309685	0.10972642580309686	2.0	905	219
o_ssm	99887	4	0	CYP2C9__CYP2C8__CYP2C19	CYP2C9	0	0.1933	0.19929184032161912	0.0059918403216191185	2.0	539	150
o_ssm	22222	4	0	CYP1A2__CYP2C8__CYP2B6	CYP1A2	0	0.5741	0.1657197343137756	0.40838026568622443	2.0	147	54
o_ssm	22222	4	0	CYP1A2__CYP2C9__CYP2C19	CYP1A2	0	0.066	0.18236442601402936	0.11636442601402935	2.0	3447	985
o_ssm	22222	4	0	CYP2B6__CYP2D6__CYP3A4	CYP2B6	0	0.0383	0.1772259531220965	0.1389259531220965	2.0	2354	339
o_ssm	22222	4	0	CYP2C8__CYP2C19__CYP2D6	CYP2C8	1	0.0302	0.15548204899295745	0.12528204899295745	2.0	1527	398
o_ssm	22222	4	0	CYP2C8__CYP2D6__CYP3A4	CYP2C8	0	0.0457	0.14857652212428576	0.10287652212428577	2.0	905	219
o_ssm	22222	4	0	CYP2C9__CYP2C8__CYP2C19	CYP2C9	0	0.1933	0.1740358823950418	0.019264117604958192	2.0	539	150
o_ssm	44444	4	0	CYP1A2__CYP2C8__CYP2B6	CYP1A2	0	0.5741	0.1085012060855402	0.46559879391445985	2.0	147	54
o_ssm	44444	4	0	CYP1A2__CYP2C9__CYP2C19	CYP1A2	0	0.066	0.18663525555398766	0.12063525555398766	2.0	3447	985
o_ssm	44444	4	0	CYP2B6__CYP2D6__CYP3A4	CYP2B6	0	0.0383	0.28409482663364793	0.24579482663364793	2.0	2354	339
o_ssm	44444	4	0	CYP2C8__CYP2C19__CYP2D6	CYP2C8	1	0.0302	0.15128519206312946	0.12108519206312945	2.0	1527	398
o_ssm	44444	4	0	CYP2C8__CYP2D6__CYP3A4	CYP2C8	0	0.0457	0.14836838751420267	0.10266838751420268	2.0	905	219
o_ssm	44444	4	0	CYP2C9__CYP2C8__CYP2C19	CYP2C9	0	0.1933	0.06178107716500475	0.13151892283499525	2.0	539	150
o_ssm	66666	4	0	CYP1A2__CYP2C8__CYP2B6	CYP1A2	0	0.5741	0.16677393506082128	0.4073260649391788	2.0	147	54
o_ssm	66666	4	0	CYP1A2__CYP2C9__CYP2C19	CYP1A2	0	0.066	0.1846714217256962	0.1186714217256962	2.0	3447	985
o_ssm	66666	4	0	CYP2B6__CYP2D6__CYP3A4	CYP2B6	0	0.0383	0.2158897430418749	0.1775897430418749	2.0	2354	339
o_ssm	66666	4	0	CYP2C8__CYP2C19__CYP2D6	CYP2C8	1	0.0302	0.07279903693013463	0.04259903693013463	2.0	1527	398
o_ssm	66666	4	0	CYP2C8__CYP2D6__CYP3A4	CYP2C8	0	0.0457	0.08791498376899384	0.042214983768993845	2.0	905	219
o_ssm	66666	4	0	CYP2C9__CYP2C8__CYP2C19	CYP2C9	0	0.1933	0.1949029196774894	0.0016029196774894061	2.0	539	150
o_ssm	77777	4	0	CYP1A2__CYP2C8__CYP2B6	CYP1A2	0	0.5741	0.28677728330099334	0.2873227166990067	2.0	147	54
o_ssm	77777	4	0	CYP1A2__CYP2C9__CYP2C19	CYP1A2	0	0.066	0.31460743502370325	0.24860743502370325	2.0	3447	985
o_ssm	77777	4	0	CYP2B6__CYP2D6__CYP3A4	CYP2B6	0	0.0383	0.1454693919308252	0.1071693919308252	2.0	2354	339
o_ssm	77777	4	0	CYP2C8__CYP2C19__CYP2D6	CYP2C8	1	0.0302	-0.019218207793111786	0.04941820779311179	2.0	1527	398
o_ssm	77777	4	0	CYP2C8__CYP2D6__CYP3A4	CYP2C8	0	0.0457	0.35056998899463077	0.30486998899463075	2.0	905	219
o_ssm	77777	4	0	CYP2C9__CYP2C8__CYP2C19	CYP2C9	0	0.1933	0.20833287239869008	0.015032872398690084	2.0	539	150
o_ssm	88888	4	0	CYP1A2__CYP2C8__CYP2B6	CYP1A2	0	0.5741	0.20009371787450098	0.3740062821254991	2.0	147	54
o_ssm	88888	4	0	CYP1A2__CYP2C9__CYP2C19	CYP1A2	0	0.066	0.1430504061844104	0.07705040618441039	2.0	3447	985
o_ssm	88888	4	0	CYP2B6__CYP2D6__CYP3A4	CYP2B6	0	0.0383	0.21441839573428323	0.17611839573428323	2.0	2354	339
o_ssm	88888	4	0	CYP2C8__CYP2C19__CYP2D6	CYP2C8	1	0.0302	0.20892325626900085	0.17872325626900085	2.0	1527	398
o_ssm	88888	4	0	CYP2C8__CYP2D6__CYP3A4	CYP2C8	0	0.0457	0.14172010635618565	0.09602010635618566	2.0	905	219
o_ssm	88888	4	0	CYP2C9__CYP2C8__CYP2C19	CYP2C9	0	0.1933	0.2192859176512192	0.025985917651219187	2.0	539	150
o_ssm	33333	4	0	CYP1A2__CYP2C8__CYP2B6	CYP1A2	0	0.5741	0.18744528281818548	0.38665471718181454	2.0	147	54
o_ssm	33333	4	0	CYP1A2__CYP2C9__CYP2C19	CYP1A2	0	0.066	0.15483891912226294	0.08883891912226294	2.0	3447	985
o_ssm	33333	4	0	CYP2B6__CYP2D6__CYP3A4	CYP2B6	0	0.0383	0.16127743672427716	0.12297743672427716	2.0	2354	339
o_ssm	33333	4	0	CYP2C8__CYP2C19__CYP2D6	CYP2C8	1	0.0302	0.15143134227371408	0.12123134227371407	2.0	1527	398
o_ssm	33333	4	0	CYP2C8__CYP2D6__CYP3A4	CYP2C8	0	0.0457	0.16834757910545145	0.12264757910545146	2.0	905	219
o_ssm	33333	4	0	CYP2C9__CYP2C8__CYP2C19	CYP2C9	0	0.1933	0.16733219740312746	0.025967802596872536	2.0	539	150
o_ssm	12321	4	0	CYP1A2__CYP2C8__CYP2B6	CYP1A2	0	0.5741	0.1823578520440225	0.39174214795597756	2.0	147	54
o_ssm	12321	4	0	CYP1A2__CYP2C9__CYP2C19	CYP1A2	0	0.066	0.16336304113180852	0.09736304113180852	2.0	3447	985
o_ssm	12321	4	0	CYP2B6__CYP2D6__CYP3A4	CYP2B6	0	0.0383	0.19083359295434854	0.15253359295434854	2.0	2354	339
o_ssm	12321	4	0	CYP2C8__CYP2C19__CYP2D6	CYP2C8	1	0.0302	0.16525733874099877	0.13505733874099876	2.0	1527	398
o_ssm	12321	4	0	CYP2C8__CYP2D6__CYP3A4	CYP2C8	0	0.0457	0.14899003123988674	0.10329003123988675	2.0	905	219
o_ssm	12321	4	0	CYP2C9__CYP2C8__CYP2C19	CYP2C9	0	0.1933	0.18910556269421258	0.0041944373057874185	2.0	539	150
o_ssm	24680	4	0	CYP1A2__CYP2C8__CYP2B6	CYP1A2	0	0.5741	0.1525896401325966	0.4215103598674035	2.0	147	54
o_ssm	24680	4	0	CYP1A2__CYP2C9__CYP2C19	CYP1A2	0	0.066	0.13795636016945687	0.07195636016945686	2.0	3447	985
o_ssm	24680	4	0	CYP2B6__CYP2D6__CYP3A4	CYP2B6	0	0.0383	0.16155346573946894	0.12325346573946894	2.0	2354	339
o_ssm	24680	4	0	CYP2C8__CYP2C19__CYP2D6	CYP2C8	1	0.0302	0.1688842929884087	0.1386842929884087	2.0	1527	398
o_ssm	24680	4	0	CYP2C8__CYP2D6__CYP3A4	CYP2C8	0	0.0457	0.1603243215610417	0.11462432156104171	2.0	905	219
o_ssm	24680	4	0	CYP2C9__CYP2C8__CYP2C19	CYP2C9	0	0.1933	0.14337991544582723	0.04992008455417277	2.0	539	150
o_ssm	13579	4	0	CYP1A2__CYP2C8__CYP2B6	CYP1A2	0	0.5741	0.16340217951121183	0.4106978204887882	2.0	147	54
o_ssm	13579	4	0	CYP1A2__CYP2C9__CYP2C19	CYP1A2	0	0.066	0.16818395747772405	0.10218395747772405	2.0	3447	985
o_ssm	13579	4	0	CYP2B6__CYP2D6__CYP3A4	CYP2B6	0	0.0383	0.16855551794652845	0.13025551794652845	2.0	2354	339
o_ssm	13579	4	0	CYP2C8__CYP2C19__CYP2D6	CYP2C8	1	0.0302	0.14622389647285022	0.11602389647285022	2.0	1527	398
o_ssm	13579	4	0	CYP2C8__CYP2D6__CYP3A4	CYP2C8	0	0.0457	0.15809945716303303	0.11239945716303304	2.0	905	219
o_ssm	13579	4	0	CYP2C9__CYP2C8__CYP2C19	CYP2C9	0	0.1933	0.17451933213604998	0.018780667863950024	2.0	539	150
o_ssm	54321	4	0	CYP1A2__CYP2C8__CYP2B6	CYP1A2	0	0.5741	0.20218361436475207	0.371916385635248	2.0	147	54
o_ssm	54321	4	0	CYP1A2__CYP2C9__CYP2C19	CYP1A2	0	0.066	0.1957647651640032	0.1297647651640032	2.0	3447	985
o_ssm	54321	4	0	CYP2B6__CYP2D6__CYP3A4	CYP2B6	0	0.0383	0.22659060947962323	0.18829060947962323	2.0	2354	339
o_ssm	54321	4	0	CYP2C8__CYP2C19__CYP2D6	CYP2C8	1	0.0302	0.19913301353470758	0.16893301353470758	2.0	1527	398
o_ssm	54321	4	0	CYP2C8__CYP2D6__CYP3A4	CYP2C8	0	0.0457	0.10122704586449381	0.055527045864493814	2.0	905	219
o_ssm	54321	4	0	CYP2C9__CYP2C8__CYP2C19	CYP2C9	0	0.1933	0.22320569615733638	0.029905696157336376	2.0	539	150
o_ssm	67890	4	0	CYP1A2__CYP2C8__CYP2B6	CYP1A2	0	0.5741	0.16422909607622002	0.40987090392378	2.0	147	54
o_ssm	67890	4	0	CYP1A2__CYP2C9__CYP2C19	CYP1A2	0	0.066	0.17316218142594808	0.10716218142594808	2.0	3447	985
o_ssm	67890	4	0	CYP2B6__CYP2D6__CYP3A4	CYP2B6	0	0.0383	0.15900304344321603	0.12070304344321603	2.0	2354	339
o_ssm	67890	4	0	CYP2C8__CYP2C19__CYP2D6	CYP2C8	1	0.0302	0.13622296763769626	0.10602296763769625	2.0	1527	398
o_ssm	67890	4	0	CYP2C8__CYP2D6__CYP3A4	CYP2C8	0	0.0457	0.15990739881218152	0.11420739881218153	2.0	905	219
o_ssm	67890	4	0	CYP2C9__CYP2C8__CYP2C19	CYP2C9	0	0.1933	0.16736423625599325	0.025935763744006746	2.0	539	150
o_ssm	11223	4	0	CYP1A2__CYP2C8__CYP2B6	CYP1A2	0	0.5741	0.18760140199818146	0.3864985980018186	2.0	147	54
o_ssm	11223	4	0	CYP1A2__CYP2C9__CYP2C19	CYP1A2	0	0.066	0.1884823615428261	0.1224823615428261	2.0	3447	985
o_ssm	11223	4	0	CYP2B6__CYP2D6__CYP3A4	CYP2B6	0	0.0383	0.1587451451402444	0.1204451451402444	2.0	2354	339
o_ssm	11223	4	0	CYP2C8__CYP2C19__CYP2D6	CYP2C8	1	0.0302	0.17284635009065913	0.14264635009065912	2.0	1527	398
o_ssm	11223	4	0	CYP2C8__CYP2D6__CYP3A4	CYP2C8	0	0.0457	0.16313508019187478	0.11743508019187479	2.0	905	219
o_ssm	11223	4	0	CYP2C9__CYP2C8__CYP2C19	CYP2C9	0	0.1933	0.16347077456455053	0.02982922543544947	2.0	539	150
o_ssm	44567	4	0	CYP1A2__CYP2C8__CYP2B6	CYP1A2	0	0.5741	0.16304609401600068	0.4110539059839994	2.0	147	54
o_ssm	44567	4	0	CYP1A2__CYP2C9__CYP2C19	CYP1A2	0	0.066	0.27297420336132866	0.20697420336132866	2.0	3447	985
o_ssm	44567	4	0	CYP2B6__CYP2D6__CYP3A4	CYP2B6	0	0.0383	0.1524885780890125	0.1141885780890125	2.0	2354	339
o_ssm	44567	4	0	CYP2C8__CYP2C19__CYP2D6	CYP2C8	1	0.0302	0.0017937209550140665	0.028406279044985935	2.0	1527	398
o_ssm	44567	4	0	CYP2C8__CYP2D6__CYP3A4	CYP2C8	0	0.0457	0.1875531304730766	0.1418531304730766	2.0	905	219
o_ssm	44567	4	0	CYP2C9__CYP2C8__CYP2C19	CYP2C9	0	0.1933	0.28537244421173946	0.09207244421173946	2.0	539	150
o_ssm	77889	4	0	CYP1A2__CYP2C8__CYP2B6	CYP1A2	0	0.5741	0.1835835331900989	0.39051646680990115	2.0	147	54
o_ssm	77889	4	0	CYP1A2__CYP2C9__CYP2C19	CYP1A2	0	0.066	0.1505023160930498	0.08450231609304978	2.0	3447	985
o_ssm	77889	4	0	CYP2B6__CYP2D6__CYP3A4	CYP2B6	0	0.0383	0.16454834259090786	0.12624834259090786	2.0	2354	339
o_ssm	77889	4	0	CYP2C8__CYP2C19__CYP2D6	CYP2C8	1	0.0302	0.1539970334999657	0.12379703349996571	2.0	1527	398
o_ssm	77889	4	0	CYP2C8__CYP2D6__CYP3A4	CYP2C8	0	0.0457	0.15681868729195017	0.11111868729195018	2.0	905	219
o_ssm	77889	4	0	CYP2C9__CYP2C8__CYP2C19	CYP2C9	0	0.1933	0.1704545346360435	0.022845465363956513	2.0	539	150
o_ssm	99001	4	0	CYP1A2__CYP2C8__CYP2B6	CYP1A2	0	0.5741	0.17487991121078314	0.3992200887892169	2.0	147	54
o_ssm	99001	4	0	CYP1A2__CYP2C9__CYP2C19	CYP1A2	0	0.066	0.17030920274263311	0.10430920274263311	2.0	3447	985
o_ssm	99001	4	0	CYP2B6__CYP2D6__CYP3A4	CYP2B6	0	0.0383	0.16109626452969997	0.12279626452969997	2.0	2354	339
o_ssm	99001	4	0	CYP2C8__CYP2C19__CYP2D6	CYP2C8	1	0.0302	0.13451496036765692	0.10431496036765692	2.0	1527	398
o_ssm	99001	4	0	CYP2C8__CYP2D6__CYP3A4	CYP2C8	0	0.0457	0.12942914954776677	0.08372914954776678	2.0	905	219
o_ssm	99001	4	0	CYP2C9__CYP2C8__CYP2C19	CYP2C9	0	0.1933	0.15716751512995536	0.03613248487004464	2.0	539	150
o_ssm	31415	4	0	CYP1A2__CYP2C8__CYP2B6	CYP1A2	0	0.5741	0.18345184071145088	0.3906481592885492	2.0	147	54
o_ssm	31415	4	0	CYP1A2__CYP2C9__CYP2C19	CYP1A2	0	0.066	0.19122264157094107	0.12522264157094107	2.0	3447	985
o_ssm	31415	4	0	CYP2B6__CYP2D6__CYP3A4	CYP2B6	0	0.0383	0.22027017119443584	0.18197017119443584	2.0	2354	339
o_ssm	31415	4	0	CYP2C8__CYP2C19__CYP2D6	CYP2C8	1	0.0302	0.13545142815257682	0.10525142815257682	2.0	1527	398
o_ssm	31415	4	0	CYP2C8__CYP2D6__CYP3A4	CYP2C8	0	0.0457	0.14285044980767073	0.09715044980767074	2.0	905	219
o_ssm	31415	4	0	CYP2C9__CYP2C8__CYP2C19	CYP2C9	0	0.1933	0.21209673868117523	0.018796738681175235	2.0	539	150
o_ssm	27182	4	0	CYP1A2__CYP2C8__CYP2B6	CYP1A2	0	0.5741	0.1610964349792343	0.41300356502076574	2.0	147	54
o_ssm	27182	4	0	CYP1A2__CYP2C9__CYP2C19	CYP1A2	0	0.066	0.16551791552213577	0.09951791552213576	2.0	3447	985
o_ssm	27182	4	0	CYP2B6__CYP2D6__CYP3A4	CYP2B6	0	0.0383	0.17584858948313453	0.13754858948313453	2.0	2354	339
o_ssm	27182	4	0	CYP2C8__CYP2C19__CYP2D6	CYP2C8	1	0.0302	0.14650009006100068	0.11630009006100067	2.0	1527	398
o_ssm	27182	4	0	CYP2C8__CYP2D6__CYP3A4	CYP2C8	0	0.0457	0.15376296475983084	0.10806296475983085	2.0	905	219
o_ssm	27182	4	0	CYP2C9__CYP2C8__CYP2C19	CYP2C9	0	0.1933	0.17610228347214069	0.017197716527859314	2.0	539	150
o_ssm_no_assoc	55555	4	0	CYP1A2__CYP2C8__CYP2B6	CYP1A2	0	0.5741	0.16467989456455762	0.40942010543544244	2.0	147	54
o_ssm_no_assoc	55555	4	0	CYP1A2__CYP2C9__CYP2C19	CYP1A2	0	0.066	0.17407603039977737	0.10807603039977737	2.0	3447	985
o_ssm_no_assoc	55555	4	0	CYP2B6__CYP2D6__CYP3A4	CYP2B6	0	0.0383	0.1786718136197956	0.1403718136197956	2.0	2354	339
o_ssm_no_assoc	55555	4	0	CYP2C8__CYP2C19__CYP2D6	CYP2C8	1	0.0302	0.13535893396109178	0.10515893396109177	2.0	1527	398
o_ssm_no_assoc	55555	4	0	CYP2C8__CYP2D6__CYP3A4	CYP2C8	0	0.0457	0.12559322612328405	0.07989322612328406	2.0	905	219
o_ssm_no_assoc	55555	4	0	CYP2C9__CYP2C8__CYP2C19	CYP2C9	0	0.1933	0.15315396274224843	0.040146037257751566	2.0	539	150
o_ssm_no_assoc	11111	4	0	CYP1A2__CYP2C8__CYP2B6	CYP1A2	0	0.5741	0.16207861605206103	0.412021383947939	2.0	147	54
o_ssm_no_assoc	11111	4	0	CYP1A2__CYP2C9__CYP2C19	CYP1A2	0	0.066	0.160180455485178	0.094180455485178	2.0	3447	985
o_ssm_no_assoc	11111	4	0	CYP2B6__CYP2D6__CYP3A4	CYP2B6	0	0.0383	0.16578585874298316	0.12748585874298315	2.0	2354	339
o_ssm_no_assoc	11111	4	0	CYP2C8__CYP2C19__CYP2D6	CYP2C8	1	0.0302	0.1424309973661762	0.1122309973661762	2.0	1527	398
o_ssm_no_assoc	11111	4	0	CYP2C8__CYP2D6__CYP3A4	CYP2C8	0	0.0457	0.1532522074078203	0.10755220740782032	2.0	905	219
o_ssm_no_assoc	11111	4	0	CYP2C9__CYP2C8__CYP2C19	CYP2C9	0	0.1933	0.17194790230941015	0.02135209769058985	2.0	539	150
o_ssm_no_assoc	99887	4	0	CYP1A2__CYP2C8__CYP2B6	CYP1A2	0	0.5741	0.1686150537182248	0.4054849462817752	2.0	147	54
o_ssm_no_assoc	99887	4	0	CYP1A2__CYP2C9__CYP2C19	CYP1A2	0	0.066	0.1952850329390594	0.1292850329390594	2.0	3447	985
o_ssm_no_assoc	99887	4	0	CYP2B6__CYP2D6__CYP3A4	CYP2B6	0	0.0383	0.09182013116714083	0.05352013116714083	2.0	2354	339
o_ssm_no_assoc	99887	4	0	CYP2C8__CYP2C19__CYP2D6	CYP2C8	1	0.0302	0.1412621830708934	0.11106218307089338	2.0	1527	398
o_ssm_no_assoc	99887	4	0	CYP2C8__CYP2D6__CYP3A4	CYP2C8	0	0.0457	0.15202813456156836	0.10632813456156837	2.0	905	219
o_ssm_no_assoc	99887	4	0	CYP2C9__CYP2C8__CYP2C19	CYP2C9	0	0.1933	0.20445301507117614	0.011153015071176137	2.0	539	150
o_ssm_no_assoc	22222	4	0	CYP1A2__CYP2C8__CYP2B6	CYP1A2	0	0.5741	0.16572059008158813	0.40837940991841193	2.0	147	54
o_ssm_no_assoc	22222	4	0	CYP1A2__CYP2C9__CYP2C19	CYP1A2	0	0.066	0.18236776387590709	0.11636776387590708	2.0	3447	985
o_ssm_no_assoc	22222	4	0	CYP2B6__CYP2D6__CYP3A4	CYP2B6	0	0.0383	0.17722235475394452	0.13892235475394452	2.0	2354	339
o_ssm_no_assoc	22222	4	0	CYP2C8__CYP2C19__CYP2D6	CYP2C8	1	0.0302	0.15548699921516504	0.12528699921516503	2.0	1527	398
o_ssm_no_assoc	22222	4	0	CYP2C8__CYP2D6__CYP3A4	CYP2C8	0	0.0457	0.1485693518979261	0.10286935189792612	2.0	905	219
o_ssm_no_assoc	22222	4	0	CYP2C9__CYP2C8__CYP2C19	CYP2C9	0	0.1933	0.17403838397600535	0.01926161602399465	2.0	539	150
o_ssm_no_assoc	44444	4	0	CYP1A2__CYP2C8__CYP2B6	CYP1A2	0	0.5741	0.1147455090785788	0.4593544909214212	2.0	147	54
o_ssm_no_assoc	44444	4	0	CYP1A2__CYP2C9__CYP2C19	CYP1A2	0	0.066	0.1881903484306687	0.1221903484306687	2.0	3447	985
o_ssm_no_assoc	44444	4	0	CYP2B6__CYP2D6__CYP3A4	CYP2B6	0	0.0383	0.28006932220612174	0.24176932220612174	2.0	2354	339
o_ssm_no_assoc	44444	4	0	CYP2C8__CYP2C19__CYP2D6	CYP2C8	1	0.0302	0.15535384313004907	0.12515384313004907	2.0	1527	398
o_ssm_no_assoc	44444	4	0	CYP2C8__CYP2D6__CYP3A4	CYP2C8	0	0.0457	0.15167887103880295	0.10597887103880296	2.0	905	219
o_ssm_no_assoc	44444	4	0	CYP2C9__CYP2C8__CYP2C19	CYP2C9	0	0.1933	0.058765749230333786	0.1345342507696662	2.0	539	150
o_ssm_no_assoc	66666	4	0	CYP1A2__CYP2C8__CYP2B6	CYP1A2	0	0.5741	0.16112826628320814	0.4129717337167919	2.0	147	54
o_ssm_no_assoc	66666	4	0	CYP1A2__CYP2C9__CYP2C19	CYP1A2	0	0.066	0.18413198886414908	0.11813198886414908	2.0	3447	985
o_ssm_no_assoc	66666	4	0	CYP2B6__CYP2D6__CYP3A4	CYP2B6	0	0.0383	0.22370069642151735	0.18540069642151735	2.0	2354	339
o_ssm_no_assoc	66666	4	0	CYP2C8__CYP2C19__CYP2D6	CYP2C8	1	0.0302	0.06275921034488101	0.032559210344881004	2.0	1527	398
o_ssm_no_assoc	66666	4	0	CYP2C8__CYP2D6__CYP3A4	CYP2C8	0	0.0457	0.09175367334898588	0.04605367334898588	2.0	905	219
o_ssm_no_assoc	66666	4	0	CYP2C9__CYP2C8__CYP2C19	CYP2C9	0	0.1933	0.19326589036424938	3.41096357506232e-05	2.0	539	150
o_ssm_no_assoc	77777	4	0	CYP1A2__CYP2C8__CYP2B6	CYP1A2	0	0.5741	0.26852239318268284	0.3055776068173172	2.0	147	54
o_ssm_no_assoc	77777	4	0	CYP1A2__CYP2C9__CYP2C19	CYP1A2	0	0.066	0.19469124906696228	0.12869124906696228	2.0	3447	985
o_ssm_no_assoc	77777	4	0	CYP2B6__CYP2D6__CYP3A4	CYP2B6	0	0.0383	0.20724617836389092	0.16894617836389092	2.0	2354	339
o_ssm_no_assoc	77777	4	0	CYP2C8__CYP2C19__CYP2D6	CYP2C8	1	0.0302	0.15046383257314208	0.12026383257314208	2.0	1527	398
o_ssm_no_assoc	77777	4	0	CYP2C8__CYP2D6__CYP3A4	CYP2C8	0	0.0457	0.23626563308539247	0.19056563308539248	2.0	905	219
o_ssm_no_assoc	77777	4	0	CYP2C9__CYP2C8__CYP2C19	CYP2C9	0	0.1933	0.18608221919215423	0.0072177808078457695	2.0	539	150
o_ssm_no_assoc	88888	4	0	CYP1A2__CYP2C8__CYP2B6	CYP1A2	0	0.5741	0.17767128396939494	0.39642871603060514	2.0	147	54
o_ssm_no_assoc	88888	4	0	CYP1A2__CYP2C9__CYP2C19	CYP1A2	0	0.066	0.15666549824887688	0.09066549824887687	2.0	3447	985
o_ssm_no_assoc	88888	4	0	CYP2B6__CYP2D6__CYP3A4	CYP2B6	0	0.0383	0.1788240697897879	0.1405240697897879	2.0	2354	339
o_ssm_no_assoc	88888	4	0	CYP2C8__CYP2C19__CYP2D6	CYP2C8	1	0.0302	0.16420559902242782	0.1340055990224278	2.0	1527	398
o_ssm_no_assoc	88888	4	0	CYP2C8__CYP2D6__CYP3A4	CYP2C8	0	0.0457	0.14106707162515486	0.09536707162515487	2.0	905	219
o_ssm_no_assoc	88888	4	0	CYP2C9__CYP2C8__CYP2C19	CYP2C9	0	0.1933	0.18708836204418766	0.006211637955812338	2.0	539	150
o_ssm_no_assoc	33333	4	0	CYP1A2__CYP2C8__CYP2B6	CYP1A2	0	0.5741	0.18983780840511508	0.38426219159488495	2.0	147	54
o_ssm_no_assoc	33333	4	0	CYP1A2__CYP2C9__CYP2C19	CYP1A2	0	0.066	0.15445670272363723	0.08845670272363723	2.0	3447	985
o_ssm_no_assoc	33333	4	0	CYP2B6__CYP2D6__CYP3A4	CYP2B6	0	0.0383	0.15932934724422218	0.12102934724422218	2.0	2354	339
o_ssm_no_assoc	33333	4	0	CYP2C8__CYP2C19__CYP2D6	CYP2C8	1	0.0302	0.1582084341024935	0.1280084341024935	2.0	1527	398
o_ssm_no_assoc	33333	4	0	CYP2C8__CYP2D6__CYP3A4	CYP2C8	0	0.0457	0.16524415610885113	0.11954415610885114	2.0	905	219
o_ssm_no_assoc	33333	4	0	CYP2C9__CYP2C8__CYP2C19	CYP2C9	0	0.1933	0.16930229805070612	0.023997701949293876	2.0	539	150
o_ssm_no_assoc	12321	4	0	CYP1A2__CYP2C8__CYP2B6	CYP1A2	0	0.5741	0.1907567187279946	0.38334328127200545	2.0	147	54
o_ssm_no_assoc	12321	4	0	CYP1A2__CYP2C9__CYP2C19	CYP1A2	0	0.066	0.15772560730408486	0.09172560730408486	2.0	3447	985
o_ssm_no_assoc	12321	4	0	CYP2B6__CYP2D6__CYP3A4	CYP2B6	0	0.0383	0.20354816612837726	0.16524816612837726	2.0	2354	339
o_ssm_no_assoc	12321	4	0	CYP2C8__CYP2C19__CYP2D6	CYP2C8	1	0.0302	0.13647737998671997	0.10627737998671996	2.0	1527	398
o_ssm_no_assoc	12321	4	0	CYP2C8__CYP2D6__CYP3A4	CYP2C8	0	0.0457	0.1339353437409639	0.08823534374096392	2.0	905	219
o_ssm_no_assoc	12321	4	0	CYP2C9__CYP2C8__CYP2C19	CYP2C9	0	0.1933	0.24710911865013208	0.053809118650132076	2.0	539	150
o_ssm_no_assoc	24680	4	0	CYP1A2__CYP2C8__CYP2B6	CYP1A2	0	0.5741	0.15196135734687827	0.4221386426531218	2.0	147	54
o_ssm_no_assoc	24680	4	0	CYP1A2__CYP2C9__CYP2C19	CYP1A2	0	0.066	0.13776255338283105	0.07176255338283105	2.0	3447	985
o_ssm_no_assoc	24680	4	0	CYP2B6__CYP2D6__CYP3A4	CYP2B6	0	0.0383	0.15980972745586727	0.12150972745586727	2.0	2354	339
o_ssm_no_assoc	24680	4	0	CYP2C8__CYP2C19__CYP2D6	CYP2C8	1	0.0302	0.1709809699190129	0.1407809699190129	2.0	1527	398
o_ssm_no_assoc	24680	4	0	CYP2C8__CYP2D6__CYP3A4	CYP2C8	0	0.0457	0.15977112637726185	0.11407112637726186	2.0	905	219
o_ssm_no_assoc	24680	4	0	CYP2C9__CYP2C8__CYP2C19	CYP2C9	0	0.1933	0.14399391042828155	0.04930608957171845	2.0	539	150
o_ssm_no_assoc	13579	4	0	CYP1A2__CYP2C8__CYP2B6	CYP1A2	0	0.5741	0.16369277126935253	0.4104072287306475	2.0	147	54
o_ssm_no_assoc	13579	4	0	CYP1A2__CYP2C9__CYP2C19	CYP1A2	0	0.066	0.1693336406753881	0.10333364067538808	2.0	3447	985
o_ssm_no_assoc	13579	4	0	CYP2B6__CYP2D6__CYP3A4	CYP2B6	0	0.0383	0.16387747740427236	0.12557747740427236	2.0	2354	339
o_ssm_no_assoc	13579	4	0	CYP2C8__CYP2C19__CYP2D6	CYP2C8	1	0.0302	0.1510398940672276	0.12083989406722759	2.0	1527	398
o_ssm_no_assoc	13579	4	0	CYP2C8__CYP2D6__CYP3A4	CYP2C8	0	0.0457	0.15494397200624987	0.10924397200624988	2.0	905	219
o_ssm_no_assoc	13579	4	0	CYP2C9__CYP2C8__CYP2C19	CYP2C9	0	0.1933	0.17701831438790522	0.01628168561209478	2.0	539	150
o_ssm_no_assoc	54321	4	0	CYP1A2__CYP2C8__CYP2B6	CYP1A2	0	0.5741	0.19835072711153046	0.3757492728884696	2.0	147	54
o_ssm_no_assoc	54321	4	0	CYP1A2__CYP2C9__CYP2C19	CYP1A2	0	0.066	0.19241071213554511	0.1264107121355451	2.0	3447	985
o_ssm_no_assoc	54321	4	0	CYP2B6__CYP2D6__CYP3A4	CYP2B6	0	0.0383	0.2285134511362324	0.1902134511362324	2.0	2354	339
o_ssm_no_assoc	54321	4	0	CYP2C8__CYP2C19__CYP2D6	CYP2C8	1	0.0302	0.20087149712698865	0.17067149712698865	2.0	1527	398
o_ssm_no_assoc	54321	4	0	CYP2C8__CYP2D6__CYP3A4	CYP2C8	0	0.0457	0.11130293369971453	0.06560293369971454	2.0	905	219
o_ssm_no_assoc	54321	4	0	CYP2C9__CYP2C8__CYP2C19	CYP2C9	0	0.1933	0.22011972202314978	0.026819722023149778	2.0	539	150
o_ssm_no_assoc	67890	4	0	CYP1A2__CYP2C8__CYP2B6	CYP1A2	0	0.5741	0.1258718090786875	0.44822819092131255	2.0	147	54
o_ssm_no_assoc	67890	4	0	CYP1A2__CYP2C9__CYP2C19	CYP1A2	0	0.066	0.17846939056559522	0.11246939056559521	2.0	3447	985
o_ssm_no_assoc	67890	4	0	CYP2B6__CYP2D6__CYP3A4	CYP2B6	0	0.0383	0.13797272680839018	0.09967272680839018	2.0	2354	339
o_ssm_no_assoc	67890	4	0	CYP2C8__CYP2C19__CYP2D6	CYP2C8	1	0.0302	0.12416496406037458	0.09396496406037458	2.0	1527	398
o_ssm_no_assoc	67890	4	0	CYP2C8__CYP2D6__CYP3A4	CYP2C8	0	0.0457	0.16359207868153738	0.1178920786815374	2.0	905	219
o_ssm_no_assoc	67890	4	0	CYP2C9__CYP2C8__CYP2C19	CYP2C9	0	0.1933	0.14012186009117839	0.053178139908821614	2.0	539	150
o_ssm_no_assoc	11223	4	0	CYP1A2__CYP2C8__CYP2B6	CYP1A2	0	0.5741	0.18752405092085492	0.38657594907914516	2.0	147	54
o_ssm_no_assoc	11223	4	0	CYP1A2__CYP2C9__CYP2C19	CYP1A2	0	0.066	0.19007962565153183	0.12407962565153183	2.0	3447	985
o_ssm_no_assoc	11223	4	0	CYP2B6__CYP2D6__CYP3A4	CYP2B6	0	0.0383	0.15801409262204455	0.11971409262204455	2.0	2354	339
o_ssm_no_assoc	11223	4	0	CYP2C8__CYP2C19__CYP2D6	CYP2C8	1	0.0302	0.17372571884600832	0.14352571884600832	2.0	1527	398
o_ssm_no_assoc	11223	4	0	CYP2C8__CYP2D6__CYP3A4	CYP2C8	0	0.0457	0.16206369091581294	0.11636369091581295	2.0	905	219
o_ssm_no_assoc	11223	4	0	CYP2C9__CYP2C8__CYP2C19	CYP2C9	0	0.1933	0.16433308691231288	0.02896691308768712	2.0	539	150
o_ssm_no_assoc	44567	4	0	CYP1A2__CYP2C8__CYP2B6	CYP1A2	0	0.5741	0.17914838530358487	0.39495161469641515	2.0	147	54
o_ssm_no_assoc	44567	4	0	CYP1A2__CYP2C9__CYP2C19	CYP1A2	0	0.066	0.24992298355041884	0.18392298355041883	2.0	3447	985
o_ssm_no_assoc	44567	4	0	CYP2B6__CYP2D6__CYP3A4	CYP2B6	0	0.0383	0.16555360535852962	0.12725360535852961	2.0	2354	339
o_ssm_no_assoc	44567	4	0	CYP2C8__CYP2C19__CYP2D6	CYP2C8	1	0.0302	0.0060979375110685186	0.024102062488931483	2.0	1527	398
o_ssm_no_assoc	44567	4	0	CYP2C8__CYP2D6__CYP3A4	CYP2C8	0	0.0457	0.19111625472976296	0.14541625472976297	2.0	905	219
o_ssm_no_assoc	44567	4	0	CYP2C9__CYP2C8__CYP2C19	CYP2C9	0	0.1933	0.22231197276031012	0.029011972760310117	2.0	539	150
o_ssm_no_assoc	77889	4	0	CYP1A2__CYP2C8__CYP2B6	CYP1A2	0	0.5741	0.18352088805652184	0.3905791119434782	2.0	147	54
o_ssm_no_assoc	77889	4	0	CYP1A2__CYP2C9__CYP2C19	CYP1A2	0	0.066	0.15125312356768372	0.08525312356768372	2.0	3447	985
o_ssm_no_assoc	77889	4	0	CYP2B6__CYP2D6__CYP3A4	CYP2B6	0	0.0383	0.16372686548242305	0.12542686548242304	2.0	2354	339
o_ssm_no_assoc	77889	4	0	CYP2C8__CYP2C19__CYP2D6	CYP2C8	1	0.0302	0.1547039634223865	0.12450396342238648	2.0	1527	398
o_ssm_no_assoc	77889	4	0	CYP2C8__CYP2D6__CYP3A4	CYP2C8	0	0.0457	0.15644763322461247	0.11074763322461248	2.0	905	219
o_ssm_no_assoc	77889	4	0	CYP2C9__CYP2C8__CYP2C19	CYP2C9	0	0.1933	0.17115098002836393	0.02214901997163607	2.0	539	150
o_ssm_no_assoc	99001	4	0	CYP1A2__CYP2C8__CYP2B6	CYP1A2	0	0.5741	0.17435556196730406	0.399744438032696	2.0	147	54
o_ssm_no_assoc	99001	4	0	CYP1A2__CYP2C9__CYP2C19	CYP1A2	0	0.066	0.17162840292500486	0.10562840292500486	2.0	3447	985
o_ssm_no_assoc	99001	4	0	CYP2B6__CYP2D6__CYP3A4	CYP2B6	0	0.0383	0.1592025062325103	0.12090250623251031	2.0	2354	339
o_ssm_no_assoc	99001	4	0	CYP2C8__CYP2C19__CYP2D6	CYP2C8	1	0.0302	0.13653528840706697	0.10633528840706696	2.0	1527	398
o_ssm_no_assoc	99001	4	0	CYP2C8__CYP2D6__CYP3A4	CYP2C8	0	0.0457	0.13001932236617864	0.08431932236617865	2.0	905	219
o_ssm_no_assoc	99001	4	0	CYP2C9__CYP2C8__CYP2C19	CYP2C9	0	0.1933	0.15878541926860004	0.03451458073139996	2.0	539	150
o_ssm_no_assoc	31415	4	0	CYP1A2__CYP2C8__CYP2B6	CYP1A2	0	0.5741	0.18040252419290154	0.3936974758070985	2.0	147	54
o_ssm_no_assoc	31415	4	0	CYP1A2__CYP2C9__CYP2C19	CYP1A2	0	0.066	0.18676921849934286	0.12076921849934286	2.0	3447	985
o_ssm_no_assoc	31415	4	0	CYP2B6__CYP2D6__CYP3A4	CYP2B6	0	0.0383	0.2062593885029772	0.1679593885029772	2.0	2354	339
o_ssm_no_assoc	31415	4	0	CYP2C8__CYP2C19__CYP2D6	CYP2C8	1	0.0302	0.1650287968258134	0.1348287968258134	2.0	1527	398
o_ssm_no_assoc	31415	4	0	CYP2C8__CYP2D6__CYP3A4	CYP2C8	0	0.0457	0.14039344964149109	0.0946934496414911	2.0	905	219
o_ssm_no_assoc	31415	4	0	CYP2C9__CYP2C8__CYP2C19	CYP2C9	0	0.1933	0.21060810642940359	0.017308106429403586	2.0	539	150
o_ssm_no_assoc	27182	4	0	CYP1A2__CYP2C8__CYP2B6	CYP1A2	0	0.5741	0.16183871223152158	0.4122612877684785	2.0	147	54
o_ssm_no_assoc	27182	4	0	CYP1A2__CYP2C9__CYP2C19	CYP1A2	0	0.066	0.16625369419215813	0.10025369419215813	2.0	3447	985
o_ssm_no_assoc	27182	4	0	CYP2B6__CYP2D6__CYP3A4	CYP2B6	0	0.0383	0.17486972601690803	0.13656972601690803	2.0	2354	339
o_ssm_no_assoc	27182	4	0	CYP2C8__CYP2C19__CYP2D6	CYP2C8	1	0.0302	0.14823227211765264	0.11803227211765263	2.0	1527	398
o_ssm_no_assoc	27182	4	0	CYP2C8__CYP2D6__CYP3A4	CYP2C8	0	0.0457	0.15214982835086965	0.10644982835086966	2.0	905	219
o_ssm_no_assoc	27182	4	0	CYP2C9__CYP2C8__CYP2C19	CYP2C9	0	0.1933	0.17742000275264697	0.015879997247353034	2.0	539	150
