

================================================================
== Vitis HLS Report for 'target23_scaled_taylor16'
================================================================
* Date:           Tue Aug  4 01:24:12 2026

* Version:        2025.1 (Build 6135595 on May 21 2025)
* Project:        target23_scaled_taylor16_synth
* Solution:       solution (Vitis Kernel Flow Target)
* Product family: virtexuplus
* Target device:  xcu250-figd2104-2L-e


================================================================
== Performance Estimates
================================================================
+ Timing: 
    * Summary: 
    +--------+---------+----------+------------+
    |  Clock |  Target | Estimated| Uncertainty|
    +--------+---------+----------+------------+
    |ap_clk  |  4.00 ns|  2.920 ns|     1.08 ns|
    +--------+---------+----------+------------+

+ Latency: 
    * Summary: 
    +---------+---------+----------+----------+-----+-------+---------+
    |  Latency (cycles) |  Latency (absolute) |   Interval  | Pipeline|
    |   min   |   max   |    min   |    max   | min |  max  |   Type  |
    +---------+---------+----------+----------+-----+-------+---------+
    |      838|    42271|  3.352 us|  0.169 ms|  839|  42272|       no|
    +---------+---------+----------+----------+-----+-------+---------+

    + Detail: 
        * Instance: 
        +---------------------------------------------------------------------------------+---------------------------------------------------------------------+---------+---------+-----------+-----------+------+------+------------------------------------------------+
        |                                                                                 |                                                                     |  Latency (cycles) |   Latency (absolute)  |   Interval  |                    Pipeline                    |
        |                                     Instance                                    |                                Module                               |   min   |   max   |    min    |    max    |  min |  max |                      Type                      |
        +---------------------------------------------------------------------------------+---------------------------------------------------------------------+---------+---------+-----------+-----------+------+------+------------------------------------------------+
        |grp_coefficients_fu_1466                                                         |coefficients                                                         |     6145|     6794|  24.580 us|  27.176 us|  6145|  6794|                                              no|
        |grp_target23_scaled_taylor16_Pipeline_VITIS_LOOP_238_5_fu_1778                   |target23_scaled_taylor16_Pipeline_VITIS_LOOP_238_5                   |      154|      154|   0.616 us|   0.616 us|   153|   153|  loop auto-rewind stp (delay=0 clock cycles(s))|
        |grp_target23_scaled_taylor16_Pipeline_VITIS_LOOP_265_9_fu_1785                   |target23_scaled_taylor16_Pipeline_VITIS_LOOP_265_9                   |       18|       18|  72.000 ns|  72.000 ns|    17|    17|  loop auto-rewind stp (delay=0 clock cycles(s))|
        |grp_target23_scaled_taylor16_Pipeline_VITIS_LOOP_265_91_fu_1823                  |target23_scaled_taylor16_Pipeline_VITIS_LOOP_265_91                  |       18|       18|  72.000 ns|  72.000 ns|    17|    17|  loop auto-rewind stp (delay=0 clock cycles(s))|
        |grp_target23_scaled_taylor16_Pipeline_VITIS_LOOP_265_92_fu_1861                  |target23_scaled_taylor16_Pipeline_VITIS_LOOP_265_92                  |       18|       18|  72.000 ns|  72.000 ns|    17|    17|  loop auto-rewind stp (delay=0 clock cycles(s))|
        |grp_target23_scaled_taylor16_Pipeline_VITIS_LOOP_265_93_fu_1899                  |target23_scaled_taylor16_Pipeline_VITIS_LOOP_265_93                  |       18|       18|  72.000 ns|  72.000 ns|    17|    17|  loop auto-rewind stp (delay=0 clock cycles(s))|
        |grp_target23_scaled_taylor16_Pipeline_VITIS_LOOP_250_6_VITIS_LOOP_251_7_fu_1937  |target23_scaled_taylor16_Pipeline_VITIS_LOOP_250_6_VITIS_LOOP_251_7  |      130|      130|   0.520 us|   0.520 us|   129|   129|  loop auto-rewind stp (delay=0 clock cycles(s))|
        |grp_target23_scaled_taylor16_Pipeline_VITIS_LOOP_271_10_fu_2072                  |target23_scaled_taylor16_Pipeline_VITIS_LOOP_271_10                  |       10|       10|  40.000 ns|  40.000 ns|     9|     9|  loop auto-rewind stp (delay=0 clock cycles(s))|
        |grp_target23_scaled_taylor16_Pipeline_VITIS_LOOP_275_11_fu_2087                  |target23_scaled_taylor16_Pipeline_VITIS_LOOP_275_11                  |       10|       10|  40.000 ns|  40.000 ns|     9|     9|  loop auto-rewind stp (delay=0 clock cycles(s))|
        |grp_target23_scaled_taylor16_Pipeline_VITIS_LOOP_279_12_fu_2102                  |target23_scaled_taylor16_Pipeline_VITIS_LOOP_279_12                  |       10|       10|  40.000 ns|  40.000 ns|     9|     9|  loop auto-rewind stp (delay=0 clock cycles(s))|
        +---------------------------------------------------------------------------------+---------------------------------------------------------------------+---------+---------+-----------+-----------+------+------+------------------------------------------------+

        * Loop: 
        +-------------+---------+---------+-------------+-----------+-----------+------+----------+
        |             |  Latency (cycles) |  Iteration  |  Initiation Interval  | Trip |          |
        |  Loop Name  |   min   |   max   |   Latency   |  achieved |   target  | Count| Pipelined|
        +-------------+---------+---------+-------------+-----------+-----------+------+----------+
        |- case_loop  |      766|    42199|  255 ~ 14066|          -|          -|     3|        no|
        +-------------+---------+---------+-------------+-----------+-----------+------+----------+



================================================================
== Utilization Estimates
================================================================
* Summary: 
+---------------------+---------+-------+---------+---------+------+
|         Name        | BRAM_18K|  DSP  |    FF   |   LUT   | URAM |
+---------------------+---------+-------+---------+---------+------+
|DSP                  |        -|      -|        -|        -|     -|
|Expression           |        -|      -|        0|    30458|     -|
|FIFO                 |        -|      -|        -|        -|     -|
|Instance             |       19|   1350|    78779|    52698|     0|
|Memory               |        -|      -|        -|        -|     -|
|Multiplexer          |        -|      -|        0|     4864|     -|
|Register             |        -|      -|    73369|        -|     -|
+---------------------+---------+-------+---------+---------+------+
|Total                |       19|   1350|   152148|    88020|     0|
+---------------------+---------+-------+---------+---------+------+
|Available SLR        |     1344|   3072|   864000|   432000|   320|
+---------------------+---------+-------+---------+---------+------+
|Utilization SLR (%)  |        1|     43|       17|       20|     0|
+---------------------+---------+-------+---------+---------+------+
|Available            |     5376|  12288|  3456000|  1728000|  1280|
+---------------------+---------+-------+---------+---------+------+
|Utilization (%)      |       ~0|     10|        4|        5|     0|
+---------------------+---------+-------+---------+---------+------+

+ Detail: 
    * Instance: 
    +---------------------------------------------------------------------------------+---------------------------------------------------------------------+---------+-----+-------+-------+-----+
    |                                     Instance                                    |                                Module                               | BRAM_18K| DSP |   FF  |  LUT  | URAM|
    +---------------------------------------------------------------------------------+---------------------------------------------------------------------+---------+-----+-------+-------+-----+
    |grp_coefficients_fu_1466                                                         |coefficients                                                         |        0|  800|  69257|  44074|    0|
    |control_s_axi_U                                                                  |control_s_axi                                                        |        0|    0|    214|    360|    0|
    |gmem0_m_axi_U                                                                    |gmem0_m_axi                                                          |       15|    0|   1424|   1352|    0|
    |gmem1_m_axi_U                                                                    |gmem1_m_axi                                                          |        4|    0|    894|    948|    0|
    |mul_128s_128s_224_5_1_U909                                                       |mul_128s_128s_224_5_1                                                |        0|   50|    441|    249|    0|
    |mul_128s_128s_224_5_1_U910                                                       |mul_128s_128s_224_5_1                                                |        0|   50|    441|    249|    0|
    |mul_128s_128s_224_5_1_U911                                                       |mul_128s_128s_224_5_1                                                |        0|   50|    441|    249|    0|
    |mul_128s_128s_224_5_1_U912                                                       |mul_128s_128s_224_5_1                                                |        0|   50|    441|    249|    0|
    |mul_128s_128s_224_5_1_U913                                                       |mul_128s_128s_224_5_1                                                |        0|   50|    441|    249|    0|
    |mul_128s_128s_224_5_1_U914                                                       |mul_128s_128s_224_5_1                                                |        0|   50|    441|    249|    0|
    |mul_128s_128s_224_5_1_U915                                                       |mul_128s_128s_224_5_1                                                |        0|   50|    441|    249|    0|
    |mul_128s_128s_224_5_1_U916                                                       |mul_128s_128s_224_5_1                                                |        0|   50|    441|    249|    0|
    |mul_128s_128s_224_5_1_U917                                                       |mul_128s_128s_224_5_1                                                |        0|   50|    441|    249|    0|
    |mul_128s_128s_224_5_1_U918                                                       |mul_128s_128s_224_5_1                                                |        0|   50|    441|    249|    0|
    |mul_128s_128s_224_5_1_U919                                                       |mul_128s_128s_224_5_1                                                |        0|   50|    441|    249|    0|
    |sparsemux_7_2_2_1_1_U920                                                         |sparsemux_7_2_2_1_1                                                  |        0|    0|      0|      9|    0|
    |grp_target23_scaled_taylor16_Pipeline_VITIS_LOOP_238_5_fu_1778                   |target23_scaled_taylor16_Pipeline_VITIS_LOOP_238_5                   |        0|    0|     11|     79|    0|
    |grp_target23_scaled_taylor16_Pipeline_VITIS_LOOP_250_6_VITIS_LOOP_251_7_fu_1937  |target23_scaled_taylor16_Pipeline_VITIS_LOOP_250_6_VITIS_LOOP_251_7  |        0|    0|    277|    766|    0|
    |grp_target23_scaled_taylor16_Pipeline_VITIS_LOOP_265_9_fu_1785                   |target23_scaled_taylor16_Pipeline_VITIS_LOOP_265_9                   |        0|    0|    264|    472|    0|
    |grp_target23_scaled_taylor16_Pipeline_VITIS_LOOP_265_91_fu_1823                  |target23_scaled_taylor16_Pipeline_VITIS_LOOP_265_91                  |        0|    0|    264|    472|    0|
    |grp_target23_scaled_taylor16_Pipeline_VITIS_LOOP_265_92_fu_1861                  |target23_scaled_taylor16_Pipeline_VITIS_LOOP_265_92                  |        0|    0|    264|    472|    0|
    |grp_target23_scaled_taylor16_Pipeline_VITIS_LOOP_265_93_fu_1899                  |target23_scaled_taylor16_Pipeline_VITIS_LOOP_265_93                  |        0|    0|    264|    472|    0|
    |grp_target23_scaled_taylor16_Pipeline_VITIS_LOOP_271_10_fu_2072                  |target23_scaled_taylor16_Pipeline_VITIS_LOOP_271_10                  |        0|    0|    265|    161|    0|
    |grp_target23_scaled_taylor16_Pipeline_VITIS_LOOP_275_11_fu_2087                  |target23_scaled_taylor16_Pipeline_VITIS_LOOP_275_11                  |        0|    0|    265|    161|    0|
    |grp_target23_scaled_taylor16_Pipeline_VITIS_LOOP_279_12_fu_2102                  |target23_scaled_taylor16_Pipeline_VITIS_LOOP_279_12                  |        0|    0|    265|    161|    0|
    +---------------------------------------------------------------------------------+---------------------------------------------------------------------+---------+-----+-------+-------+-----+
    |Total                                                                            |                                                                     |       19| 1350|  78779|  52698|    0|
    +---------------------------------------------------------------------------------+---------------------------------------------------------------------+---------+-----+-------+-------+-----+

    * DSP: 
    N/A

    * Memory: 
    N/A

    * FIFO: 
    N/A

    * Expression: 
    +------------------------------------------+----------+----+---+-----+------------+------------+
    |               Variable Name              | Operation| DSP| FF| LUT | Bitwidth P0| Bitwidth P1|
    +------------------------------------------+----------+----+---+-----+------------+------------+
    |add_ln124_fu_5449_p2                      |         +|   0|  0|  135|         128|         128|
    |add_ln126_1_fu_5496_p2                    |         +|   0|  0|  135|         128|         128|
    |add_ln126_2_fu_5502_p2                    |         +|   0|  0|  128|         128|         128|
    |add_ln126_fu_5491_p2                      |         +|   0|  0|  128|         128|         128|
    |add_ln127_1_fu_5513_p2                    |         +|   0|  0|  128|         128|         128|
    |add_ln127_fu_5508_p2                      |         +|   0|  0|  128|         128|          97|
    |add_ln178_1_fu_5075_p2                    |         +|   0|  0|   50|          43|          12|
    |add_ln178_2_fu_5084_p2                    |         +|   0|  0|   71|          64|          64|
    |add_ln178_3_fu_5089_p2                    |         +|   0|  0|   50|          43|          12|
    |add_ln178_4_fu_5098_p2                    |         +|   0|  0|   71|          64|          64|
    |add_ln178_5_fu_5103_p2                    |         +|   0|  0|   50|          43|          12|
    |add_ln178_6_fu_5112_p2                    |         +|   0|  0|   71|          64|          64|
    |add_ln178_7_fu_3017_p2                    |         +|   0|  0|   38|          31|           1|
    |add_ln178_8_fu_2942_p2                    |         +|   0|  0|   43|          36|          36|
    |add_ln178_9_fu_3026_p2                    |         +|   0|  0|   50|          43|          12|
    |add_ln178_fu_5070_p2                      |         +|   0|  0|   71|          64|          64|
    |add_ln283_fu_3000_p2                      |         +|   0|  0|   71|          64|          12|
    |add_ln47_10_fu_3890_p2                    |         +|   0|  0|  231|         224|          96|
    |add_ln47_11_fu_4428_p2                    |         +|   0|  0|  224|         217|          96|
    |add_ln47_12_fu_4448_p2                    |         +|   0|  0|  224|         217|          96|
    |add_ln47_13_fu_4677_p2                    |         +|   0|  0|  224|         217|          96|
    |add_ln47_14_fu_4495_p2                    |         +|   0|  0|  224|         217|          96|
    |add_ln47_15_fu_4534_p2                    |         +|   0|  0|  224|         217|          96|
    |add_ln47_16_fu_4554_p2                    |         +|   0|  0|  224|         217|          96|
    |add_ln47_17_fu_4868_p2                    |         +|   0|  0|  224|         217|          96|
    |add_ln47_18_fu_4888_p2                    |         +|   0|  0|  224|         217|          96|
    |add_ln47_1_fu_3715_p2                     |         +|   0|  0|  231|         224|          96|
    |add_ln47_2_fu_3730_p2                     |         +|   0|  0|  231|         224|          96|
    |add_ln47_3_fu_3765_p2                     |         +|   0|  0|  231|         224|          96|
    |add_ln47_4_fu_3780_p2                     |         +|   0|  0|  231|         224|          96|
    |add_ln47_5_fu_3795_p2                     |         +|   0|  0|  231|         224|          96|
    |add_ln47_6_fu_3810_p2                     |         +|   0|  0|  231|         224|          96|
    |add_ln47_7_fu_3845_p2                     |         +|   0|  0|  231|         224|          96|
    |add_ln47_8_fu_3860_p2                     |         +|   0|  0|  231|         224|          96|
    |add_ln47_9_fu_3875_p2                     |         +|   0|  0|  231|         224|          96|
    |add_ln47_fu_3700_p2                       |         +|   0|  0|  231|         224|          96|
    |add_ln61_1_fu_5590_p2                     |         +|   0|  0|  127|         120|         120|
    |add_ln71_2_fu_4239_p2                     |         +|   0|  0|  128|         128|         128|
    |add_ln71_4_fu_4624_p2                     |         +|   0|  0|  128|         128|         128|
    |add_ln71_6_fu_4640_p2                     |         +|   0|  0|  128|         128|         128|
    |add_ln71_7_fu_4645_p2                     |         +|   0|  0|  128|         128|         128|
    |add_ln71_9_fu_5211_p2                     |         +|   0|  0|  128|         128|         128|
    |add_ln71_fu_4381_p2                       |         +|   0|  0|  128|         128|         128|
    |b_hi_20_fu_4244_p2                        |         +|   0|  0|  128|         128|         128|
    |b_hi_22_fu_4651_p2                        |         +|   0|  0|  128|         128|         128|
    |b_hi_fu_4614_p2                           |         +|   0|  0|  128|         128|          98|
    |b_lo_18_fu_4386_p2                        |         +|   0|  0|  128|         128|         128|
    |b_lo_20_fu_4629_p2                        |         +|   0|  0|  128|         128|         128|
    |diagonal_y_hi_fu_5225_p2                  |         +|   0|  0|  128|         128|         128|
    |diagonal_y_lo_fu_5215_p2                  |         +|   0|  0|  128|         128|         128|
    |grp_fu_2191_p2                            |         +|   0|  0|   71|          64|          64|
    |image_hi_1_fu_4951_p2                     |         +|   0|  0|  135|         128|         128|
    |image_hi_2_fu_4845_p2                     |         +|   0|  0|  135|         128|         128|
    |image_hi_3_fu_5062_p2                     |         +|   0|  0|  135|         128|         128|
    |image_hi_fu_4777_p2                       |         +|   0|  0|  135|         128|         128|
    |image_lo_1_fu_4796_p2                     |         +|   0|  0|  135|         128|         128|
    |image_lo_2_fu_4840_p2                     |         +|   0|  0|  135|         128|         128|
    |image_lo_3_fu_5057_p2                     |         +|   0|  0|  135|         128|         128|
    |image_lo_fu_4772_p2                       |         +|   0|  0|  135|         128|         128|
    |next_state_hi_2_fu_8192_p2                |         +|   0|  0|  135|         128|         128|
    |next_state_hi_3_fu_8207_p2                |         +|   0|  0|  135|         128|         128|
    |next_state_hi_4_fu_8212_p2                |         +|   0|  0|  135|         128|         128|
    |next_state_hi_fu_8197_p2                  |         +|   0|  0|  135|         128|         128|
    |next_state_lo_2_fu_8182_p2                |         +|   0|  0|  135|         128|         128|
    |next_state_lo_3_fu_8187_p2                |         +|   0|  0|  135|         128|         128|
    |next_state_lo_4_fu_8202_p2                |         +|   0|  0|  135|         128|         128|
    |next_state_lo_fu_8177_p2                  |         +|   0|  0|  135|         128|         128|
    |wzs_hi_fu_3510_p2                         |         +|   0|  0|  135|         128|         128|
    |wzs_lo_fu_3506_p2                         |         +|   0|  0|  135|         128|         128|
    |a_lo_fu_4619_p2                           |         -|   0|  0|  128|         128|         128|
    |b_hi_19_fu_4136_p2                        |         -|   0|  0|  135|         128|         128|
    |b_hi_21_fu_4253_p2                        |         -|   0|  0|  135|         128|         128|
    |b_lo_19_fu_4249_p2                        |         -|   0|  0|  135|         128|         128|
    |b_lo_fu_4131_p2                           |         -|   0|  0|  135|         128|         128|
    |p_neg_f438_fu_4311_p2                     |         -|   0|  0|  135|           1|         128|
    |p_neg_f444_fu_4076_p2                     |         -|   0|  0|  135|           1|         128|
    |p_neg_f450_fu_4225_p2                     |         -|   0|  0|  135|           1|         128|
    |p_neg_f_fu_4601_p2                        |         -|   0|  0|  135|           1|         128|
    |sub_ln30_1_fu_5122_p2                     |         -|   0|  0|  135|           1|         128|
    |sub_ln30_2_fu_5338_p2                     |         -|   0|  0|  135|           1|         128|
    |sub_ln30_3_fu_5349_p2                     |         -|   0|  0|  135|           1|         128|
    |sub_ln30_4_fu_5292_p2                     |         -|   0|  0|  135|           1|         128|
    |sub_ln30_5_fu_5360_p2                     |         -|   0|  0|  135|           1|         128|
    |sub_ln30_6_fu_5389_p2                     |         -|   0|  0|  135|           1|         128|
    |sub_ln30_7_fu_5400_p2                     |         -|   0|  0|  135|           1|         128|
    |sub_ln30_fu_5117_p2                       |         -|   0|  0|  135|           1|         128|
    |sub_ln52_fu_5196_p2                       |         -|   0|  0|  134|           1|         127|
    |sub_ln53_1_fu_4391_p2                     |         -|   0|  0|  135|           1|         128|
    |sub_ln53_fu_4045_p2                       |         -|   0|  0|  135|           1|         128|
    |sub_ln59_1_fu_5459_p2                     |         -|   0|  0|  134|           1|         127|
    |sub_ln59_fu_5419_p2                       |         -|   0|  0|  135|           1|         128|
    |sub_ln60_1_fu_4260_p2                     |         -|   0|  0|  135|           1|         128|
    |sub_ln60_fu_4161_p2                       |         -|   0|  0|  135|           1|         128|
    |sub_ln71_6_fu_4635_p2                     |         -|   0|  0|  128|          98|         128|
    |sub_ln71_fu_5220_p2                       |         -|   0|  0|  128|         128|         128|
    |value_hi_1_fu_5263_p2                     |         -|   0|  0|  135|         128|         128|
    |value_lo_1_fu_5258_p2                     |         -|   0|  0|  135|         128|         128|
    |and_ln225_1_fu_4993_p2                    |       and|   0|  0|    2|           1|           1|
    |and_ln225_2_fu_5006_p2                    |       and|   0|  0|    2|           1|           1|
    |and_ln225_3_fu_5138_p2                    |       and|   0|  0|    2|           1|           1|
    |and_ln225_fu_4977_p2                      |       and|   0|  0|    2|           1|           1|
    |and_ln35_10_fu_3223_p2                    |       and|   0|  0|    2|           1|           1|
    |and_ln35_11_fu_3229_p2                    |       and|   0|  0|    2|           1|           1|
    |and_ln35_12_fu_3235_p2                    |       and|   0|  0|    2|           1|           1|
    |and_ln35_13_fu_3241_p2                    |       and|   0|  0|    2|           1|           1|
    |and_ln35_14_fu_3114_p2                    |       and|   0|  0|    2|           1|           1|
    |and_ln35_15_fu_3120_p2                    |       and|   0|  0|    2|           1|           1|
    |and_ln35_16_fu_3126_p2                    |       and|   0|  0|    2|           1|           1|
    |and_ln35_17_fu_3267_p2                    |       and|   0|  0|    2|           1|           1|
    |and_ln35_18_fu_3273_p2                    |       and|   0|  0|    2|           1|           1|
    |and_ln35_19_fu_3279_p2                    |       and|   0|  0|    2|           1|           1|
    |and_ln35_1_fu_3056_p2                     |       and|   0|  0|    2|           1|           1|
    |and_ln35_20_fu_3285_p2                    |       and|   0|  0|    2|           1|           1|
    |and_ln35_21_fu_3146_p2                    |       and|   0|  0|    2|           1|           1|
    |and_ln35_22_fu_3152_p2                    |       and|   0|  0|    2|           1|           1|
    |and_ln35_23_fu_3158_p2                    |       and|   0|  0|    2|           1|           1|
    |and_ln35_24_fu_3311_p2                    |       and|   0|  0|    2|           1|           1|
    |and_ln35_25_fu_3317_p2                    |       and|   0|  0|    2|           1|           1|
    |and_ln35_26_fu_3323_p2                    |       and|   0|  0|    2|           1|           1|
    |and_ln35_27_fu_3329_p2                    |       and|   0|  0|    2|           1|           1|
    |and_ln35_28_fu_3449_p2                    |       and|   0|  0|    2|           1|           1|
    |and_ln35_29_fu_3455_p2                    |       and|   0|  0|    2|           1|           1|
    |and_ln35_2_fu_3062_p2                     |       and|   0|  0|    2|           1|           1|
    |and_ln35_30_fu_3461_p2                    |       and|   0|  0|    2|           1|           1|
    |and_ln35_31_fu_3467_p2                    |       and|   0|  0|    2|           1|           1|
    |and_ln35_3_fu_3178_p2                     |       and|   0|  0|    2|           1|           1|
    |and_ln35_4_fu_3184_p2                     |       and|   0|  0|    2|           1|           1|
    |and_ln35_5_fu_3190_p2                     |       and|   0|  0|    2|           1|           1|
    |and_ln35_6_fu_3196_p2                     |       and|   0|  0|    2|           1|           1|
    |and_ln35_7_fu_3082_p2                     |       and|   0|  0|    2|           1|           1|
    |and_ln35_8_fu_3088_p2                     |       and|   0|  0|    2|           1|           1|
    |and_ln35_9_fu_3094_p2                     |       and|   0|  0|    2|           1|           1|
    |and_ln35_fu_3050_p2                       |       and|   0|  0|    2|           1|           1|
    |and_ln53_1_fu_4580_p2                     |       and|   0|  0|    2|           1|           1|
    |and_ln53_fu_4054_p2                       |       and|   0|  0|    2|           1|           1|
    |ap_block_state463                         |       and|   0|  0|    2|           1|           1|
    |ap_block_state74                          |       and|   0|  0|    2|           1|           1|
    |ap_predicate_op2773_writeresp_state463    |       and|   0|  0|    2|           1|           1|
    |grp_fu_2904_p2                            |      icmp|   0|  0|   24|          17|           1|
    |grp_fu_2910_p2                            |      icmp|   0|  0|   24|          17|           1|
    |icmp_ln178_1_fu_3012_p2                   |      icmp|   0|  0|   39|          32|          32|
    |icmp_ln178_fu_2916_p2                     |      icmp|   0|  0|   39|          32|           1|
    |icmp_ln195_1_fu_3345_p2                   |      icmp|   0|  0|  135|         128|         128|
    |icmp_ln195_2_fu_3349_p2                   |      icmp|   0|  0|  135|         128|         128|
    |icmp_ln195_3_fu_3353_p2                   |      icmp|   0|  0|  135|         128|         128|
    |icmp_ln195_4_fu_3357_p2                   |      icmp|   0|  0|  135|         128|         128|
    |icmp_ln195_5_fu_3361_p2                   |      icmp|   0|  0|  135|         128|         128|
    |icmp_ln195_6_fu_3365_p2                   |      icmp|   0|  0|  135|         128|         128|
    |icmp_ln195_7_fu_3369_p2                   |      icmp|   0|  0|  135|         128|         128|
    |icmp_ln195_fu_3341_p2                     |      icmp|   0|  0|  135|         128|         128|
    |icmp_ln199_fu_3373_p2                     |      icmp|   0|  0|  135|         128|         128|
    |icmp_ln20_10_fu_4657_p2                   |      icmp|   0|  0|  127|         120|           1|
    |icmp_ln20_11_fu_4511_p2                   |      icmp|   0|  0|  127|         120|         120|
    |icmp_ln20_12_fu_4698_p2                   |      icmp|   0|  0|  127|         120|           1|
    |icmp_ln20_13_fu_4570_p2                   |      icmp|   0|  0|  127|         120|         120|
    |icmp_ln20_14_fu_4704_p2                   |      icmp|   0|  0|  127|         120|           1|
    |icmp_ln20_15_fu_4904_p2                   |      icmp|   0|  0|  127|         120|         120|
    |icmp_ln20_16_fu_4968_p2                   |      icmp|   0|  0|  127|         120|           1|
    |icmp_ln20_1_fu_3755_p2                    |      icmp|   0|  0|  135|         128|         128|
    |icmp_ln20_2_fu_4023_p2                    |      icmp|   0|  0|  135|         128|         128|
    |icmp_ln20_3_fu_3825_p2                    |      icmp|   0|  0|  135|         128|         128|
    |icmp_ln20_4_fu_3835_p2                    |      icmp|   0|  0|  135|         128|         128|
    |icmp_ln20_5_fu_3945_p2                    |      icmp|   0|  0|  135|         128|         128|
    |icmp_ln20_6_fu_3905_p2                    |      icmp|   0|  0|  135|         128|         128|
    |icmp_ln20_7_fu_3915_p2                    |      icmp|   0|  0|  135|         128|         128|
    |icmp_ln20_8_fu_3975_p2                    |      icmp|   0|  0|  135|         128|         128|
    |icmp_ln20_9_fu_4464_p2                    |      icmp|   0|  0|  127|         120|         120|
    |icmp_ln20_fu_3745_p2                      |      icmp|   0|  0|  135|         128|         128|
    |icmp_ln219_fu_3500_p2                     |      icmp|   0|  0|    9|           2|           1|
    |icmp_ln225_1_fu_4918_p2                   |      icmp|   0|  0|  135|         128|         128|
    |icmp_ln225_2_fu_4956_p2                   |      icmp|   0|  0|  135|         128|         128|
    |icmp_ln225_3_fu_4989_p2                   |      icmp|   0|  0|  135|         128|         128|
    |icmp_ln225_4_fu_4960_p2                   |      icmp|   0|  0|  135|         128|         128|
    |icmp_ln225_5_fu_4964_p2                   |      icmp|   0|  0|  135|         128|         128|
    |icmp_ln225_6_fu_5130_p2                   |      icmp|   0|  0|  135|         128|         128|
    |icmp_ln225_7_fu_5134_p2                   |      icmp|   0|  0|  135|         128|         128|
    |icmp_ln225_fu_4914_p2                     |      icmp|   0|  0|  135|         128|         128|
    |icmp_ln230_fu_5162_p2                     |      icmp|   0|  0|   10|           3|           1|
    |icmp_ln233_fu_5606_p2                     |      icmp|   0|  0|   31|          24|           1|
    |icmp_ln25_10_fu_4792_p2                   |      icmp|   0|  0|  128|         121|         121|
    |icmp_ln25_11_fu_4709_p2                   |      icmp|   0|  0|  128|         121|         121|
    |icmp_ln25_12_fu_4973_p2                   |      icmp|   0|  0|  128|         121|         121|
    |icmp_ln25_13_fu_5328_p2                   |      icmp|   0|  0|  135|         128|         128|
    |icmp_ln25_14_fu_5411_p2                   |      icmp|   0|  0|  135|         128|         128|
    |icmp_ln25_15_fu_5415_p2                   |      icmp|   0|  0|  135|         128|         128|
    |icmp_ln25_16_fu_5434_p2                   |      icmp|   0|  0|  135|         128|         128|
    |icmp_ln25_17_fu_5536_p2                   |      icmp|   0|  0|  135|         128|         128|
    |icmp_ln25_18_fu_5522_p2                   |      icmp|   0|  0|  135|         128|          98|
    |icmp_ln25_19_fu_5553_p2                   |      icmp|   0|  0|  135|         128|         128|
    |icmp_ln25_1_fu_3935_p2                    |      icmp|   0|  0|  135|         128|         128|
    |icmp_ln25_2_fu_4027_p2                    |      icmp|   0|  0|  135|         128|         128|
    |icmp_ln25_3_fu_3955_p2                    |      icmp|   0|  0|  135|         128|         128|
    |icmp_ln25_4_fu_3965_p2                    |      icmp|   0|  0|  135|         128|         128|
    |icmp_ln25_5_fu_4031_p2                    |      icmp|   0|  0|  135|         128|         128|
    |icmp_ln25_6_fu_3985_p2                    |      icmp|   0|  0|  135|         128|         128|
    |icmp_ln25_7_fu_3995_p2                    |      icmp|   0|  0|  135|         128|         128|
    |icmp_ln25_8_fu_4041_p2                    |      icmp|   0|  0|  135|         128|         128|
    |icmp_ln25_9_fu_4662_p2                    |      icmp|   0|  0|  128|         121|         121|
    |icmp_ln25_fu_3925_p2                      |      icmp|   0|  0|  135|         128|         128|
    |icmp_ln35_10_fu_3077_p2                   |      icmp|   0|  0|  135|         128|         113|
    |icmp_ln35_12_fu_3213_p2                   |      icmp|   0|  0|  135|         128|         113|
    |icmp_ln35_14_fu_3218_p2                   |      icmp|   0|  0|  135|         128|         113|
    |icmp_ln35_16_fu_3104_p2                   |      icmp|   0|  0|  135|         128|         113|
    |icmp_ln35_18_fu_3109_p2                   |      icmp|   0|  0|  135|         128|         113|
    |icmp_ln35_20_fu_3257_p2                   |      icmp|   0|  0|  135|         128|         113|
    |icmp_ln35_22_fu_3262_p2                   |      icmp|   0|  0|  135|         128|         113|
    |icmp_ln35_24_fu_3136_p2                   |      icmp|   0|  0|  135|         128|         113|
    |icmp_ln35_26_fu_3141_p2                   |      icmp|   0|  0|  135|         128|         113|
    |icmp_ln35_28_fu_3301_p2                   |      icmp|   0|  0|  135|         128|         113|
    |icmp_ln35_2_fu_3045_p2                    |      icmp|   0|  0|  135|         128|         113|
    |icmp_ln35_30_fu_3306_p2                   |      icmp|   0|  0|  135|         128|         113|
    |icmp_ln35_32_fu_3433_p2                   |      icmp|   0|  0|  135|         128|         113|
    |icmp_ln35_34_fu_3438_p2                   |      icmp|   0|  0|  135|         128|         113|
    |icmp_ln35_4_fu_3168_p2                    |      icmp|   0|  0|  135|         128|         113|
    |icmp_ln35_6_fu_3173_p2                    |      icmp|   0|  0|  135|         128|         113|
    |icmp_ln35_8_fu_3072_p2                    |      icmp|   0|  0|  135|         128|         113|
    |icmp_ln35_fu_3040_p2                      |      icmp|   0|  0|  135|         128|         113|
    |icmp_ln61_1_fu_4288_p2                    |      icmp|   0|  0|    9|           2|           1|
    |icmp_ln61_2_fu_5578_p2                    |      icmp|   0|  0|   15|           8|           1|
    |icmp_ln61_fu_4191_p2                      |      icmp|   0|  0|    9|           2|           1|
    |ap_block_state1                           |        or|   0|  0|    2|           1|           1|
    |ap_block_state180_on_subcall_done         |        or|   0|  0|    2|           1|           1|
    |or_ln199_1_fu_3383_p2                     |        or|   0|  0|    2|           1|           1|
    |or_ln199_2_fu_3419_p2                     |        or|   0|  0|    2|           1|           1|
    |or_ln199_3_fu_3389_p2                     |        or|   0|  0|    2|           1|           1|
    |or_ln199_4_fu_3395_p2                     |        or|   0|  0|    2|           1|           1|
    |or_ln199_5_fu_3401_p2                     |        or|   0|  0|    2|           1|           1|
    |or_ln199_6_fu_3407_p2                     |        or|   0|  0|    2|           1|           1|
    |or_ln199_7_fu_3413_p2                     |        or|   0|  0|    2|           1|           1|
    |or_ln199_fu_3377_p2                       |        or|   0|  0|    2|           1|           1|
    |b_hi_11_fu_4828_p3                        |    select|   0|  0|  115|           1|           1|
    |b_hi_13_fu_5045_p3                        |    select|   0|  0|  115|           1|           1|
    |b_hi_7_fu_4760_p3                         |    select|   0|  0|  115|           1|           1|
    |b_hi_9_fu_4939_p3                         |    select|   0|  0|  115|           1|           1|
    |b_lo_10_fu_4801_p3                        |    select|   0|  0|  115|           1|           1|
    |b_lo_12_fu_5018_p3                        |    select|   0|  0|  115|           1|           1|
    |b_lo_6_fu_4733_p3                         |    select|   0|  0|  115|           1|           1|
    |b_lo_8_fu_4782_p3                         |    select|   0|  0|  115|           1|           1|
    |conv3_i12_i_i_i_i523_i149_neg_fu_4374_p3  |    select|   0|  0|    2|           1|           2|
    |conv3_i12_i_i_i_i_i562169_neg_fu_4588_p3  |    select|   0|  0|    2|           1|           2|
    |div_i_i25_i424_i_neg_fu_4082_p3           |    select|   0|  0|  123|           1|         128|
    |div_i_i25_i_i471_neg_fu_4607_p3           |    select|   0|  0|  123|           1|         128|
    |div_i_i_i486_i_neg_fu_4231_p3             |    select|   0|  0|  123|           1|         128|
    |div_i_i_i_i528_neg_fu_4317_p3             |    select|   0|  0|  123|           1|         128|
    |empty_fu_2968_p3                          |    select|   0|  0|   35|           1|          35|
    |quotient_1_fu_5464_p3                     |    select|   0|  0|  122|           1|         127|
    |quotient_fu_5201_p3                       |    select|   0|  0|  122|           1|         127|
    |select_ln18_1_fu_3759_p3                  |    select|   0|  0|  123|           1|         128|
    |select_ln18_2_fu_3829_p3                  |    select|   0|  0|  123|           1|         128|
    |select_ln18_3_fu_3839_p3                  |    select|   0|  0|  123|           1|         128|
    |select_ln18_4_fu_3909_p3                  |    select|   0|  0|  123|           1|         128|
    |select_ln18_5_fu_3919_p3                  |    select|   0|  0|  123|           1|         128|
    |select_ln18_6_fu_4468_p3                  |    select|   0|  0|  115|           1|         120|
    |select_ln18_7_fu_4693_p3                  |    select|   0|  0|  115|           1|         120|
    |select_ln18_8_fu_4574_p3                  |    select|   0|  0|  115|           1|         120|
    |select_ln18_9_fu_4908_p3                  |    select|   0|  0|  115|           1|         120|
    |select_ln18_fu_3749_p3                    |    select|   0|  0|  123|           1|         128|
    |select_ln20_fu_4095_p3                    |    select|   0|  0|  122|           1|         127|
    |select_ln23_10_fu_5540_p3                 |    select|   0|  0|  123|           1|         128|
    |select_ln23_11_fu_5528_p3                 |    select|   0|  0|  122|           1|         127|
    |select_ln23_1_fu_3929_p3                  |    select|   0|  0|  123|           1|         128|
    |select_ln23_2_fu_3939_p3                  |    select|   0|  0|  123|           1|         128|
    |select_ln23_3_fu_3959_p3                  |    select|   0|  0|  123|           1|         128|
    |select_ln23_4_fu_4922_p3                  |    select|   0|  0|  116|           1|         121|
    |select_ln23_5_fu_4811_p3                  |    select|   0|  0|  116|           1|         121|
    |select_ln23_6_fu_5028_p3                  |    select|   0|  0|  116|           1|         121|
    |select_ln23_7_fu_3969_p3                  |    select|   0|  0|  123|           1|         128|
    |select_ln23_8_fu_3989_p3                  |    select|   0|  0|  123|           1|         128|
    |select_ln23_9_fu_3999_p3                  |    select|   0|  0|  123|           1|         128|
    |select_ln23_fu_4743_p3                    |    select|   0|  0|  116|           1|         121|
    |select_ln25_1_fu_5444_p3                  |    select|   0|  0|  123|           1|         128|
    |select_ln25_2_fu_5454_p3                  |    select|   0|  0|  123|           1|         128|
    |select_ln25_4_fu_4116_p3                  |    select|   0|  0|  122|           1|         127|
    |select_ln25_fu_5438_p3                    |    select|   0|  0|  123|           1|         128|
    |select_ln30_1_fu_5251_p3                  |    select|   0|  0|  123|           1|         128|
    |select_ln30_2_fu_5343_p3                  |    select|   0|  0|  123|           1|         128|
    |select_ln30_3_fu_5354_p3                  |    select|   0|  0|  123|           1|         128|
    |select_ln30_4_fu_5298_p3                  |    select|   0|  0|  123|           1|         128|
    |select_ln30_5_fu_5365_p3                  |    select|   0|  0|  123|           1|         128|
    |select_ln30_6_fu_5394_p3                  |    select|   0|  0|  123|           1|         128|
    |select_ln30_7_fu_5405_p3                  |    select|   0|  0|  123|           1|         128|
    |select_ln30_fu_5237_p3                    |    select|   0|  0|  123|           1|         128|
    |select_ln60_1_fu_4281_p3                  |    select|   0|  0|    2|           1|           2|
    |select_ln60_2_fu_4171_p3                  |    select|   0|  0|    2|           1|           2|
    |select_ln60_3_fu_4269_p3                  |    select|   0|  0|    2|           1|           2|
    |select_ln60_4_fu_5480_p3                  |    select|   0|  0|    2|           1|           1|
    |select_ln60_fu_4183_p3                    |    select|   0|  0|    2|           1|           2|
    |spec_select319_fu_5144_p3                 |    select|   0|  0|    4|           1|           3|
    |status_1_fu_3201_p3                       |    select|   0|  0|    3|           1|           1|
    |status_2_fu_3246_p3                       |    select|   0|  0|    3|           1|           2|
    |status_3_fu_3290_p3                       |    select|   0|  0|    3|           1|           2|
    |status_4_fu_3334_p3                       |    select|   0|  0|    3|           1|           2|
    |status_5_fu_3481_p2                       |    select|   0|  0|    2|           1|           2|
    |status_6_fu_4981_p3                       |    select|   0|  0|    4|           1|           1|
    |status_7_fu_4998_p3                       |    select|   0|  0|    4|           1|           3|
    |status_8_fu_5010_p3                       |    select|   0|  0|    4|           1|           3|
    |status_9_fu_5151_p3                       |    select|   0|  0|    3|           1|           3|
    |value_29_fu_5332_p3                       |    select|   0|  0|  123|           1|         128|
    |value_32_fu_5558_p3                       |    select|   0|  0|  122|           1|         127|
    |value_hi_fu_4141_p3                       |    select|   0|  0|  123|           1|         128|
    |value_lo_fu_3979_p3                       |    select|   0|  0|  123|           1|         128|
    |xy_hi_fu_4035_p3                          |    select|   0|  0|  123|           1|         128|
    |xy_lo_fu_3949_p3                          |    select|   0|  0|  123|           1|         128|
    |xor_ln199_fu_3443_p2                      |       xor|   0|  0|    2|           1|           2|
    +------------------------------------------+----------+----+---+-----+------------+------------+
    |Total                                     |          |   0|  0|30458|       20208|       25088|
    +------------------------------------------+----------+----+---+-----+------------+------------+

    * Multiplexer: 
    +------------------------------------+------+-----------+-----+-----------+
    |                Name                |  LUT | Input Size| Bits| Total Bits|
    +------------------------------------+------+-----------+-----+-----------+
    |ap_NS_fsm                           |  2443|        464|    1|        464|
    |ap_done                             |     9|          2|    1|          2|
    |gmem0_blk_n_AR                      |     9|          2|    1|          2|
    |gmem0_blk_n_R                       |     9|          2|    1|          2|
    |gmem1_0_AWADDR                      |    65|         13|   64|        832|
    |gmem1_0_AWLEN                       |    54|         10|   32|        320|
    |gmem1_0_AWVALID                     |    37|          7|    1|          7|
    |gmem1_0_BREADY                      |    37|          7|    1|          7|
    |gmem1_0_WDATA                       |    43|          8|  128|       1024|
    |gmem1_0_WSTRB                       |    37|          7|   16|        112|
    |gmem1_0_WVALID                      |    37|          7|    1|          7|
    |gmem1_blk_n_AW                      |     9|          2|    1|          2|
    |gmem1_blk_n_B                       |     9|          2|    1|          2|
    |gmem1_blk_n_W                       |     9|          2|    1|          2|
    |grp_coefficients_fu_1466_maximum    |    14|          3|   32|         96|
    |grp_coefficients_fu_1466_p_read     |    14|          3|  128|        384|
    |grp_coefficients_fu_1466_p_read1    |    14|          3|  128|        384|
    |grp_coefficients_fu_1466_p_read10   |    14|          3|  128|        384|
    |grp_coefficients_fu_1466_p_read100  |    14|          3|  128|        384|
    |grp_coefficients_fu_1466_p_read101  |    14|          3|  128|        384|
    |grp_coefficients_fu_1466_p_read102  |    14|          3|  128|        384|
    |grp_coefficients_fu_1466_p_read103  |    14|          3|  128|        384|
    |grp_coefficients_fu_1466_p_read104  |    14|          3|  128|        384|
    |grp_coefficients_fu_1466_p_read105  |    14|          3|  128|        384|
    |grp_coefficients_fu_1466_p_read106  |    14|          3|  128|        384|
    |grp_coefficients_fu_1466_p_read107  |    14|          3|  128|        384|
    |grp_coefficients_fu_1466_p_read108  |    14|          3|  128|        384|
    |grp_coefficients_fu_1466_p_read109  |    14|          3|  128|        384|
    |grp_coefficients_fu_1466_p_read11   |    14|          3|  128|        384|
    |grp_coefficients_fu_1466_p_read110  |    14|          3|  128|        384|
    |grp_coefficients_fu_1466_p_read111  |    14|          3|  128|        384|
    |grp_coefficients_fu_1466_p_read112  |    14|          3|  128|        384|
    |grp_coefficients_fu_1466_p_read113  |    14|          3|  128|        384|
    |grp_coefficients_fu_1466_p_read114  |    14|          3|  128|        384|
    |grp_coefficients_fu_1466_p_read115  |    14|          3|  128|        384|
    |grp_coefficients_fu_1466_p_read116  |    14|          3|  128|        384|
    |grp_coefficients_fu_1466_p_read117  |    14|          3|  128|        384|
    |grp_coefficients_fu_1466_p_read118  |    14|          3|  128|        384|
    |grp_coefficients_fu_1466_p_read119  |    14|          3|  128|        384|
    |grp_coefficients_fu_1466_p_read12   |    14|          3|  128|        384|
    |grp_coefficients_fu_1466_p_read120  |    14|          3|  128|        384|
    |grp_coefficients_fu_1466_p_read121  |    14|          3|  128|        384|
    |grp_coefficients_fu_1466_p_read122  |    14|          3|  128|        384|
    |grp_coefficients_fu_1466_p_read123  |    14|          3|  128|        384|
    |grp_coefficients_fu_1466_p_read124  |    14|          3|  128|        384|
    |grp_coefficients_fu_1466_p_read125  |    14|          3|  128|        384|
    |grp_coefficients_fu_1466_p_read126  |    14|          3|  128|        384|
    |grp_coefficients_fu_1466_p_read127  |    14|          3|  128|        384|
    |grp_coefficients_fu_1466_p_read128  |    14|          3|  128|        384|
    |grp_coefficients_fu_1466_p_read129  |    14|          3|  128|        384|
    |grp_coefficients_fu_1466_p_read13   |    14|          3|  128|        384|
    |grp_coefficients_fu_1466_p_read130  |    14|          3|  128|        384|
    |grp_coefficients_fu_1466_p_read131  |    14|          3|  128|        384|
    |grp_coefficients_fu_1466_p_read132  |    14|          3|  128|        384|
    |grp_coefficients_fu_1466_p_read133  |    14|          3|  128|        384|
    |grp_coefficients_fu_1466_p_read134  |    14|          3|  128|        384|
    |grp_coefficients_fu_1466_p_read135  |    14|          3|  128|        384|
    |grp_coefficients_fu_1466_p_read136  |    14|          3|  128|        384|
    |grp_coefficients_fu_1466_p_read137  |    14|          3|  128|        384|
    |grp_coefficients_fu_1466_p_read138  |    14|          3|  128|        384|
    |grp_coefficients_fu_1466_p_read139  |    14|          3|  128|        384|
    |grp_coefficients_fu_1466_p_read14   |    14|          3|  128|        384|
    |grp_coefficients_fu_1466_p_read140  |    14|          3|  128|        384|
    |grp_coefficients_fu_1466_p_read141  |    14|          3|  128|        384|
    |grp_coefficients_fu_1466_p_read142  |    14|          3|  128|        384|
    |grp_coefficients_fu_1466_p_read143  |    14|          3|  128|        384|
    |grp_coefficients_fu_1466_p_read15   |    14|          3|  128|        384|
    |grp_coefficients_fu_1466_p_read16   |    14|          3|  128|        384|
    |grp_coefficients_fu_1466_p_read17   |    14|          3|  128|        384|
    |grp_coefficients_fu_1466_p_read18   |    14|          3|  128|        384|
    |grp_coefficients_fu_1466_p_read19   |    14|          3|  128|        384|
    |grp_coefficients_fu_1466_p_read2    |    14|          3|  128|        384|
    |grp_coefficients_fu_1466_p_read20   |    14|          3|  128|        384|
    |grp_coefficients_fu_1466_p_read21   |    14|          3|  128|        384|
    |grp_coefficients_fu_1466_p_read22   |    14|          3|  128|        384|
    |grp_coefficients_fu_1466_p_read23   |    14|          3|  128|        384|
    |grp_coefficients_fu_1466_p_read24   |    14|          3|  128|        384|
    |grp_coefficients_fu_1466_p_read25   |    14|          3|  128|        384|
    |grp_coefficients_fu_1466_p_read26   |    14|          3|  128|        384|
    |grp_coefficients_fu_1466_p_read27   |    14|          3|  128|        384|
    |grp_coefficients_fu_1466_p_read28   |    14|          3|  128|        384|
    |grp_coefficients_fu_1466_p_read29   |    14|          3|  128|        384|
    |grp_coefficients_fu_1466_p_read3    |    14|          3|  128|        384|
    |grp_coefficients_fu_1466_p_read30   |    14|          3|  128|        384|
    |grp_coefficients_fu_1466_p_read31   |    14|          3|  128|        384|
    |grp_coefficients_fu_1466_p_read32   |    14|          3|  128|        384|
    |grp_coefficients_fu_1466_p_read33   |    14|          3|  128|        384|
    |grp_coefficients_fu_1466_p_read34   |    14|          3|  128|        384|
    |grp_coefficients_fu_1466_p_read35   |    14|          3|  128|        384|
    |grp_coefficients_fu_1466_p_read36   |    14|          3|  128|        384|
    |grp_coefficients_fu_1466_p_read37   |    14|          3|  128|        384|
    |grp_coefficients_fu_1466_p_read38   |    14|          3|  128|        384|
    |grp_coefficients_fu_1466_p_read39   |    14|          3|  128|        384|
    |grp_coefficients_fu_1466_p_read4    |    14|          3|  128|        384|
    |grp_coefficients_fu_1466_p_read40   |    14|          3|  128|        384|
    |grp_coefficients_fu_1466_p_read41   |    14|          3|  128|        384|
    |grp_coefficients_fu_1466_p_read42   |    14|          3|  128|        384|
    |grp_coefficients_fu_1466_p_read43   |    14|          3|  128|        384|
    |grp_coefficients_fu_1466_p_read44   |    14|          3|  128|        384|
    |grp_coefficients_fu_1466_p_read45   |    14|          3|  128|        384|
    |grp_coefficients_fu_1466_p_read46   |    14|          3|  128|        384|
    |grp_coefficients_fu_1466_p_read47   |    14|          3|  128|        384|
    |grp_coefficients_fu_1466_p_read48   |    14|          3|  128|        384|
    |grp_coefficients_fu_1466_p_read49   |    14|          3|  128|        384|
    |grp_coefficients_fu_1466_p_read5    |    14|          3|  128|        384|
    |grp_coefficients_fu_1466_p_read50   |    14|          3|  128|        384|
    |grp_coefficients_fu_1466_p_read51   |    14|          3|  128|        384|
    |grp_coefficients_fu_1466_p_read52   |    14|          3|  128|        384|
    |grp_coefficients_fu_1466_p_read53   |    14|          3|  128|        384|
    |grp_coefficients_fu_1466_p_read54   |    14|          3|  128|        384|
    |grp_coefficients_fu_1466_p_read55   |    14|          3|  128|        384|
    |grp_coefficients_fu_1466_p_read56   |    14|          3|  128|        384|
    |grp_coefficients_fu_1466_p_read57   |    14|          3|  128|        384|
    |grp_coefficients_fu_1466_p_read58   |    14|          3|  128|        384|
    |grp_coefficients_fu_1466_p_read59   |    14|          3|  128|        384|
    |grp_coefficients_fu_1466_p_read6    |    14|          3|  128|        384|
    |grp_coefficients_fu_1466_p_read60   |    14|          3|  128|        384|
    |grp_coefficients_fu_1466_p_read61   |    14|          3|  128|        384|
    |grp_coefficients_fu_1466_p_read62   |    14|          3|  128|        384|
    |grp_coefficients_fu_1466_p_read63   |    14|          3|  128|        384|
    |grp_coefficients_fu_1466_p_read64   |    14|          3|  128|        384|
    |grp_coefficients_fu_1466_p_read65   |    14|          3|  128|        384|
    |grp_coefficients_fu_1466_p_read66   |    14|          3|  128|        384|
    |grp_coefficients_fu_1466_p_read67   |    14|          3|  128|        384|
    |grp_coefficients_fu_1466_p_read68   |    14|          3|  128|        384|
    |grp_coefficients_fu_1466_p_read69   |    14|          3|  128|        384|
    |grp_coefficients_fu_1466_p_read7    |    14|          3|  128|        384|
    |grp_coefficients_fu_1466_p_read70   |    14|          3|  128|        384|
    |grp_coefficients_fu_1466_p_read71   |    14|          3|  128|        384|
    |grp_coefficients_fu_1466_p_read72   |    14|          3|  128|        384|
    |grp_coefficients_fu_1466_p_read73   |    14|          3|  128|        384|
    |grp_coefficients_fu_1466_p_read74   |    14|          3|  128|        384|
    |grp_coefficients_fu_1466_p_read75   |    14|          3|  128|        384|
    |grp_coefficients_fu_1466_p_read76   |    14|          3|  128|        384|
    |grp_coefficients_fu_1466_p_read77   |    14|          3|  128|        384|
    |grp_coefficients_fu_1466_p_read78   |    14|          3|  128|        384|
    |grp_coefficients_fu_1466_p_read79   |    14|          3|  128|        384|
    |grp_coefficients_fu_1466_p_read8    |    14|          3|  128|        384|
    |grp_coefficients_fu_1466_p_read80   |    14|          3|  128|        384|
    |grp_coefficients_fu_1466_p_read81   |    14|          3|  128|        384|
    |grp_coefficients_fu_1466_p_read82   |    14|          3|  128|        384|
    |grp_coefficients_fu_1466_p_read83   |    14|          3|  128|        384|
    |grp_coefficients_fu_1466_p_read84   |    14|          3|  128|        384|
    |grp_coefficients_fu_1466_p_read85   |    14|          3|  128|        384|
    |grp_coefficients_fu_1466_p_read86   |    14|          3|  128|        384|
    |grp_coefficients_fu_1466_p_read87   |    14|          3|  128|        384|
    |grp_coefficients_fu_1466_p_read88   |    14|          3|  128|        384|
    |grp_coefficients_fu_1466_p_read89   |    14|          3|  128|        384|
    |grp_coefficients_fu_1466_p_read9    |    14|          3|  128|        384|
    |grp_coefficients_fu_1466_p_read90   |    14|          3|  128|        384|
    |grp_coefficients_fu_1466_p_read91   |    14|          3|  128|        384|
    |grp_coefficients_fu_1466_p_read92   |    14|          3|  128|        384|
    |grp_coefficients_fu_1466_p_read93   |    14|          3|  128|        384|
    |grp_coefficients_fu_1466_p_read94   |    14|          3|  128|        384|
    |grp_coefficients_fu_1466_p_read95   |    14|          3|  128|        384|
    |grp_coefficients_fu_1466_p_read96   |    14|          3|  128|        384|
    |grp_coefficients_fu_1466_p_read97   |    14|          3|  128|        384|
    |grp_coefficients_fu_1466_p_read98   |    14|          3|  128|        384|
    |grp_coefficients_fu_1466_p_read99   |    14|          3|  128|        384|
    |index_fu_276                        |     9|          2|   31|         62|
    |phi_mul_fu_272                      |     9|          2|   43|         86|
    |status_11_ph_reg_1455               |     9|          2|    4|          8|
    +------------------------------------+------+-----------+-----+-----------+
    |Total                               |  4864|        976|18792|      58333|
    +------------------------------------+------+-----------+-----+-----------+

    * Register: 
    +----------------------------------------------------------------------------------------------+-----+----+-----+-----------+
    |                                             Name                                             |  FF | LUT| Bits| Const Bits|
    +----------------------------------------------------------------------------------------------+-----+----+-----+-----------+
    |add_ln124_reg_11115                                                                           |  128|   0|  128|          0|
    |add_ln126_2_reg_11121                                                                         |  128|   0|  128|          0|
    |add_ln178_2_reg_10955                                                                         |   64|   0|   64|          0|
    |add_ln178_4_reg_10960                                                                         |   64|   0|   64|          0|
    |add_ln178_6_reg_10965                                                                         |   64|   0|   64|          0|
    |add_ln178_7_reg_9984                                                                          |   31|   0|   31|          0|
    |add_ln178_9_reg_9992                                                                          |   43|   0|   43|          0|
    |add_ln178_reg_10950                                                                           |   64|   0|   64|          0|
    |add_ln283_reg_9975                                                                            |   64|   0|   64|          0|
    |and_ln35_16_reg_10071                                                                         |    1|   0|    1|          0|
    |and_ln35_23_reg_10110                                                                         |    1|   0|    1|          0|
    |and_ln35_2_reg_10029                                                                          |    1|   0|    1|          0|
    |and_ln35_9_reg_10050                                                                          |    1|   0|    1|          0|
    |and_ln53_reg_10620                                                                            |    1|   0|    1|          0|
    |ap_CS_fsm                                                                                     |  463|   0|  463|          0|
    |ap_done_reg                                                                                   |    1|   0|    1|          0|
    |ap_rst_n_inv                                                                                  |    1|   0|    1|          0|
    |ap_rst_reg_1                                                                                  |    1|   0|    1|          0|
    |ap_rst_reg_2                                                                                  |    1|   0|    1|          0|
    |b_hi_19_reg_10635                                                                             |  128|   0|  128|          0|
    |b_hi_20_reg_10650                                                                             |  128|   0|  128|          0|
    |b_hi_21_reg_10660                                                                             |  128|   0|  128|          0|
    |b_hi_22_reg_10789                                                                             |  128|   0|  128|          0|
    |b_hi_23_reg_12794                                                                             |  128|   0|  128|          0|
    |b_hi_24_reg_12800                                                                             |  128|   0|  128|          0|
    |b_hi_25_reg_12806                                                                             |  128|   0|  128|          0|
    |b_lo_18_reg_10706                                                                             |  128|   0|  128|          0|
    |b_lo_19_reg_10655                                                                             |  128|   0|  128|          0|
    |b_lo_20_reg_10784                                                                             |  128|   0|  128|          0|
    |b_lo_21_reg_12770                                                                             |  128|   0|  128|          0|
    |b_lo_22_reg_12776                                                                             |  128|   0|  128|          0|
    |b_lo_23_reg_12782                                                                             |  128|   0|  128|          0|
    |b_lo_reg_10630                                                                                |  128|   0|  128|          0|
    |box_hi_4_reg_10135                                                                            |  128|   0|  128|          0|
    |box_hi_5_reg_10161                                                                            |  128|   0|  128|          0|
    |box_hi_6_reg_10183                                                                            |  128|   0|  128|          0|
    |box_hi_reg_10096                                                                              |  128|   0|  128|          0|
    |box_lo_4_reg_10123                                                                            |  128|   0|  128|          0|
    |box_lo_5_reg_10152                                                                            |  128|   0|  128|          0|
    |box_lo_6_reg_10175                                                                            |  128|   0|  128|          0|
    |box_lo_reg_10082                                                                              |  128|   0|  128|          0|
    |center_hi_100_reg_12572                                                                       |  128|   0|  128|          0|
    |center_hi_102_reg_12578                                                                       |  128|   0|  128|          0|
    |center_hi_103_reg_12584                                                                       |  128|   0|  128|          0|
    |center_hi_104_reg_12590                                                                       |  128|   0|  128|          0|
    |center_hi_105_reg_12596                                                                       |  128|   0|  128|          0|
    |center_hi_106_reg_12602                                                                       |  128|   0|  128|          0|
    |center_hi_107_reg_12608                                                                       |  128|   0|  128|          0|
    |center_hi_108_reg_12614                                                                       |  128|   0|  128|          0|
    |center_hi_109_reg_12620                                                                       |  128|   0|  128|          0|
    |center_hi_10_fu_1168                                                                          |  128|   0|  128|          0|
    |center_hi_110_reg_12626                                                                       |  128|   0|  128|          0|
    |center_hi_111_reg_12632                                                                       |  128|   0|  128|          0|
    |center_hi_112_reg_12638                                                                       |  128|   0|  128|          0|
    |center_hi_113_reg_12644                                                                       |  128|   0|  128|          0|
    |center_hi_114_reg_12650                                                                       |  128|   0|  128|          0|
    |center_hi_115_reg_12656                                                                       |  128|   0|  128|          0|
    |center_hi_116_reg_12662                                                                       |  128|   0|  128|          0|
    |center_hi_117_reg_12668                                                                       |  128|   0|  128|          0|
    |center_hi_119_reg_12674                                                                       |  128|   0|  128|          0|
    |center_hi_11_fu_1172                                                                          |  128|   0|  128|          0|
    |center_hi_120_reg_12680                                                                       |  128|   0|  128|          0|
    |center_hi_121_reg_12686                                                                       |  128|   0|  128|          0|
    |center_hi_122_reg_12692                                                                       |  128|   0|  128|          0|
    |center_hi_123_reg_12698                                                                       |  128|   0|  128|          0|
    |center_hi_124_reg_12704                                                                       |  128|   0|  128|          0|
    |center_hi_125_reg_12710                                                                       |  128|   0|  128|          0|
    |center_hi_126_reg_12716                                                                       |  128|   0|  128|          0|
    |center_hi_127_reg_12722                                                                       |  128|   0|  128|          0|
    |center_hi_128_reg_12728                                                                       |  128|   0|  128|          0|
    |center_hi_129_reg_12734                                                                       |  128|   0|  128|          0|
    |center_hi_12_fu_1176                                                                          |  128|   0|  128|          0|
    |center_hi_130_reg_12740                                                                       |  128|   0|  128|          0|
    |center_hi_131_reg_12746                                                                       |  128|   0|  128|          0|
    |center_hi_132_reg_12752                                                                       |  128|   0|  128|          0|
    |center_hi_133_reg_12758                                                                       |  128|   0|  128|          0|
    |center_hi_134_reg_12764                                                                       |  128|   0|  128|          0|
    |center_hi_13_fu_1180                                                                          |  128|   0|  128|          0|
    |center_hi_14_fu_1184                                                                          |  128|   0|  128|          0|
    |center_hi_15_fu_1188                                                                          |  128|   0|  128|          0|
    |center_hi_16_fu_1192                                                                          |  128|   0|  128|          0|
    |center_hi_17_fu_1196                                                                          |  128|   0|  128|          0|
    |center_hi_18_fu_1200                                                                          |  128|   0|  128|          0|
    |center_hi_19_fu_1204                                                                          |  128|   0|  128|          0|
    |center_hi_1_fu_1132                                                                           |  128|   0|  128|          0|
    |center_hi_20_fu_1208                                                                          |  128|   0|  128|          0|
    |center_hi_21_fu_1212                                                                          |  128|   0|  128|          0|
    |center_hi_22_fu_1216                                                                          |  128|   0|  128|          0|
    |center_hi_23_fu_1220                                                                          |  128|   0|  128|          0|
    |center_hi_24_fu_1224                                                                          |  128|   0|  128|          0|
    |center_hi_25_fu_1228                                                                          |  128|   0|  128|          0|
    |center_hi_26_fu_1232                                                                          |  128|   0|  128|          0|
    |center_hi_27_fu_1236                                                                          |  128|   0|  128|          0|
    |center_hi_28_fu_1240                                                                          |  128|   0|  128|          0|
    |center_hi_29_fu_1244                                                                          |  128|   0|  128|          0|
    |center_hi_2_fu_1136                                                                           |  128|   0|  128|          0|
    |center_hi_30_fu_1248                                                                          |  128|   0|  128|          0|
    |center_hi_31_fu_1252                                                                          |  128|   0|  128|          0|
    |center_hi_32_fu_1256                                                                          |  128|   0|  128|          0|
    |center_hi_33_fu_1260                                                                          |  128|   0|  128|          0|
    |center_hi_34_fu_1264                                                                          |  128|   0|  128|          0|
    |center_hi_35_fu_1268                                                                          |  128|   0|  128|          0|
    |center_hi_36_fu_1272                                                                          |  128|   0|  128|          0|
    |center_hi_37_fu_1276                                                                          |  128|   0|  128|          0|
    |center_hi_38_fu_1280                                                                          |  128|   0|  128|          0|
    |center_hi_39_fu_1284                                                                          |  128|   0|  128|          0|
    |center_hi_3_fu_1140                                                                           |  128|   0|  128|          0|
    |center_hi_40_fu_1288                                                                          |  128|   0|  128|          0|
    |center_hi_41_fu_1292                                                                          |  128|   0|  128|          0|
    |center_hi_42_fu_1296                                                                          |  128|   0|  128|          0|
    |center_hi_43_fu_1300                                                                          |  128|   0|  128|          0|
    |center_hi_44_fu_1304                                                                          |  128|   0|  128|          0|
    |center_hi_45_fu_1308                                                                          |  128|   0|  128|          0|
    |center_hi_46_fu_1312                                                                          |  128|   0|  128|          0|
    |center_hi_47_fu_1316                                                                          |  128|   0|  128|          0|
    |center_hi_48_fu_1320                                                                          |  128|   0|  128|          0|
    |center_hi_49_fu_1324                                                                          |  128|   0|  128|          0|
    |center_hi_4_fu_1144                                                                           |  128|   0|  128|          0|
    |center_hi_50_fu_1328                                                                          |  128|   0|  128|          0|
    |center_hi_51_fu_1332                                                                          |  128|   0|  128|          0|
    |center_hi_52_fu_1336                                                                          |  128|   0|  128|          0|
    |center_hi_53_fu_1340                                                                          |  128|   0|  128|          0|
    |center_hi_54_fu_1344                                                                          |  128|   0|  128|          0|
    |center_hi_55_fu_1348                                                                          |  128|   0|  128|          0|
    |center_hi_56_fu_1352                                                                          |  128|   0|  128|          0|
    |center_hi_57_fu_1356                                                                          |  128|   0|  128|          0|
    |center_hi_58_fu_1360                                                                          |  128|   0|  128|          0|
    |center_hi_59_fu_1364                                                                          |  128|   0|  128|          0|
    |center_hi_5_fu_1148                                                                           |  128|   0|  128|          0|
    |center_hi_60_fu_1368                                                                          |  128|   0|  128|          0|
    |center_hi_61_fu_1372                                                                          |  128|   0|  128|          0|
    |center_hi_62_fu_1376                                                                          |  128|   0|  128|          0|
    |center_hi_63_fu_1380                                                                          |  128|   0|  128|          0|
    |center_hi_64_fu_1384                                                                          |  128|   0|  128|          0|
    |center_hi_65_fu_1388                                                                          |  128|   0|  128|          0|
    |center_hi_66_fu_1392                                                                          |  128|   0|  128|          0|
    |center_hi_67_fu_1396                                                                          |  128|   0|  128|          0|
    |center_hi_68_reg_12386                                                                        |  128|   0|  128|          0|
    |center_hi_69_reg_12392                                                                        |  128|   0|  128|          0|
    |center_hi_6_fu_1152                                                                           |  128|   0|  128|          0|
    |center_hi_70_reg_12398                                                                        |  128|   0|  128|          0|
    |center_hi_71_reg_12404                                                                        |  128|   0|  128|          0|
    |center_hi_72_reg_12410                                                                        |  128|   0|  128|          0|
    |center_hi_73_reg_12416                                                                        |  128|   0|  128|          0|
    |center_hi_74_reg_12422                                                                        |  128|   0|  128|          0|
    |center_hi_75_reg_12428                                                                        |  128|   0|  128|          0|
    |center_hi_76_reg_12434                                                                        |  128|   0|  128|          0|
    |center_hi_77_reg_12440                                                                        |  128|   0|  128|          0|
    |center_hi_78_reg_12446                                                                        |  128|   0|  128|          0|
    |center_hi_79_reg_12452                                                                        |  128|   0|  128|          0|
    |center_hi_7_fu_1156                                                                           |  128|   0|  128|          0|
    |center_hi_80_reg_12458                                                                        |  128|   0|  128|          0|
    |center_hi_81_reg_12464                                                                        |  128|   0|  128|          0|
    |center_hi_82_reg_12470                                                                        |  128|   0|  128|          0|
    |center_hi_83_reg_12476                                                                        |  128|   0|  128|          0|
    |center_hi_85_reg_12482                                                                        |  128|   0|  128|          0|
    |center_hi_86_reg_12488                                                                        |  128|   0|  128|          0|
    |center_hi_87_reg_12494                                                                        |  128|   0|  128|          0|
    |center_hi_88_reg_12500                                                                        |  128|   0|  128|          0|
    |center_hi_89_reg_12506                                                                        |  128|   0|  128|          0|
    |center_hi_8_fu_1160                                                                           |  128|   0|  128|          0|
    |center_hi_90_reg_12512                                                                        |  128|   0|  128|          0|
    |center_hi_91_reg_12518                                                                        |  128|   0|  128|          0|
    |center_hi_92_reg_12524                                                                        |  128|   0|  128|          0|
    |center_hi_93_reg_12530                                                                        |  128|   0|  128|          0|
    |center_hi_94_reg_12536                                                                        |  128|   0|  128|          0|
    |center_hi_95_reg_12542                                                                        |  128|   0|  128|          0|
    |center_hi_96_reg_12548                                                                        |  128|   0|  128|          0|
    |center_hi_97_reg_12554                                                                        |  128|   0|  128|          0|
    |center_hi_98_reg_12560                                                                        |  128|   0|  128|          0|
    |center_hi_99_reg_12566                                                                        |  128|   0|  128|          0|
    |center_hi_9_fu_1164                                                                           |  128|   0|  128|          0|
    |center_hi_fu_1128                                                                             |  128|   0|  128|          0|
    |center_lo_100_reg_12188                                                                       |  128|   0|  128|          0|
    |center_lo_102_reg_12194                                                                       |  128|   0|  128|          0|
    |center_lo_103_reg_12200                                                                       |  128|   0|  128|          0|
    |center_lo_104_reg_12206                                                                       |  128|   0|  128|          0|
    |center_lo_105_reg_12212                                                                       |  128|   0|  128|          0|
    |center_lo_106_reg_12218                                                                       |  128|   0|  128|          0|
    |center_lo_107_reg_12224                                                                       |  128|   0|  128|          0|
    |center_lo_108_reg_12230                                                                       |  128|   0|  128|          0|
    |center_lo_109_reg_12236                                                                       |  128|   0|  128|          0|
    |center_lo_10_fu_896                                                                           |  128|   0|  128|          0|
    |center_lo_110_reg_12242                                                                       |  128|   0|  128|          0|
    |center_lo_111_reg_12248                                                                       |  128|   0|  128|          0|
    |center_lo_112_reg_12254                                                                       |  128|   0|  128|          0|
    |center_lo_113_reg_12260                                                                       |  128|   0|  128|          0|
    |center_lo_114_reg_12266                                                                       |  128|   0|  128|          0|
    |center_lo_115_reg_12272                                                                       |  128|   0|  128|          0|
    |center_lo_116_reg_12278                                                                       |  128|   0|  128|          0|
    |center_lo_117_reg_12284                                                                       |  128|   0|  128|          0|
    |center_lo_119_reg_12290                                                                       |  128|   0|  128|          0|
    |center_lo_11_fu_900                                                                           |  128|   0|  128|          0|
    |center_lo_120_reg_12296                                                                       |  128|   0|  128|          0|
    |center_lo_121_reg_12302                                                                       |  128|   0|  128|          0|
    |center_lo_122_reg_12308                                                                       |  128|   0|  128|          0|
    |center_lo_123_reg_12314                                                                       |  128|   0|  128|          0|
    |center_lo_124_reg_12320                                                                       |  128|   0|  128|          0|
    |center_lo_125_reg_12326                                                                       |  128|   0|  128|          0|
    |center_lo_126_reg_12332                                                                       |  128|   0|  128|          0|
    |center_lo_127_reg_12338                                                                       |  128|   0|  128|          0|
    |center_lo_128_reg_12344                                                                       |  128|   0|  128|          0|
    |center_lo_129_reg_12350                                                                       |  128|   0|  128|          0|
    |center_lo_12_fu_904                                                                           |  128|   0|  128|          0|
    |center_lo_130_reg_12356                                                                       |  128|   0|  128|          0|
    |center_lo_131_reg_12362                                                                       |  128|   0|  128|          0|
    |center_lo_132_reg_12368                                                                       |  128|   0|  128|          0|
    |center_lo_133_reg_12374                                                                       |  128|   0|  128|          0|
    |center_lo_134_reg_12380                                                                       |  128|   0|  128|          0|
    |center_lo_13_fu_908                                                                           |  128|   0|  128|          0|
    |center_lo_14_fu_912                                                                           |  128|   0|  128|          0|
    |center_lo_15_fu_916                                                                           |  128|   0|  128|          0|
    |center_lo_16_fu_920                                                                           |  128|   0|  128|          0|
    |center_lo_17_fu_924                                                                           |  128|   0|  128|          0|
    |center_lo_18_fu_928                                                                           |  128|   0|  128|          0|
    |center_lo_19_fu_932                                                                           |  128|   0|  128|          0|
    |center_lo_1_fu_860                                                                            |  128|   0|  128|          0|
    |center_lo_20_fu_936                                                                           |  128|   0|  128|          0|
    |center_lo_21_fu_940                                                                           |  128|   0|  128|          0|
    |center_lo_22_fu_944                                                                           |  128|   0|  128|          0|
    |center_lo_23_fu_948                                                                           |  128|   0|  128|          0|
    |center_lo_24_fu_952                                                                           |  128|   0|  128|          0|
    |center_lo_25_fu_956                                                                           |  128|   0|  128|          0|
    |center_lo_26_fu_960                                                                           |  128|   0|  128|          0|
    |center_lo_27_fu_964                                                                           |  128|   0|  128|          0|
    |center_lo_28_fu_968                                                                           |  128|   0|  128|          0|
    |center_lo_29_fu_972                                                                           |  128|   0|  128|          0|
    |center_lo_2_fu_864                                                                            |  128|   0|  128|          0|
    |center_lo_30_fu_976                                                                           |  128|   0|  128|          0|
    |center_lo_31_fu_980                                                                           |  128|   0|  128|          0|
    |center_lo_32_fu_984                                                                           |  128|   0|  128|          0|
    |center_lo_33_fu_988                                                                           |  128|   0|  128|          0|
    |center_lo_34_fu_992                                                                           |  128|   0|  128|          0|
    |center_lo_35_fu_996                                                                           |  128|   0|  128|          0|
    |center_lo_36_fu_1000                                                                          |  128|   0|  128|          0|
    |center_lo_37_fu_1004                                                                          |  128|   0|  128|          0|
    |center_lo_38_fu_1008                                                                          |  128|   0|  128|          0|
    |center_lo_39_fu_1012                                                                          |  128|   0|  128|          0|
    |center_lo_3_fu_868                                                                            |  128|   0|  128|          0|
    |center_lo_40_fu_1016                                                                          |  128|   0|  128|          0|
    |center_lo_41_fu_1020                                                                          |  128|   0|  128|          0|
    |center_lo_42_fu_1024                                                                          |  128|   0|  128|          0|
    |center_lo_43_fu_1028                                                                          |  128|   0|  128|          0|
    |center_lo_44_fu_1032                                                                          |  128|   0|  128|          0|
    |center_lo_45_fu_1036                                                                          |  128|   0|  128|          0|
    |center_lo_46_fu_1040                                                                          |  128|   0|  128|          0|
    |center_lo_47_fu_1044                                                                          |  128|   0|  128|          0|
    |center_lo_48_fu_1048                                                                          |  128|   0|  128|          0|
    |center_lo_49_fu_1052                                                                          |  128|   0|  128|          0|
    |center_lo_4_fu_872                                                                            |  128|   0|  128|          0|
    |center_lo_50_fu_1056                                                                          |  128|   0|  128|          0|
    |center_lo_51_fu_1060                                                                          |  128|   0|  128|          0|
    |center_lo_52_fu_1064                                                                          |  128|   0|  128|          0|
    |center_lo_53_fu_1068                                                                          |  128|   0|  128|          0|
    |center_lo_54_fu_1072                                                                          |  128|   0|  128|          0|
    |center_lo_55_fu_1076                                                                          |  128|   0|  128|          0|
    |center_lo_56_fu_1080                                                                          |  128|   0|  128|          0|
    |center_lo_57_fu_1084                                                                          |  128|   0|  128|          0|
    |center_lo_58_fu_1088                                                                          |  128|   0|  128|          0|
    |center_lo_59_fu_1092                                                                          |  128|   0|  128|          0|
    |center_lo_5_fu_876                                                                            |  128|   0|  128|          0|
    |center_lo_60_fu_1096                                                                          |  128|   0|  128|          0|
    |center_lo_61_fu_1100                                                                          |  128|   0|  128|          0|
    |center_lo_62_fu_1104                                                                          |  128|   0|  128|          0|
    |center_lo_63_fu_1108                                                                          |  128|   0|  128|          0|
    |center_lo_64_fu_1112                                                                          |  128|   0|  128|          0|
    |center_lo_65_fu_1116                                                                          |  128|   0|  128|          0|
    |center_lo_66_fu_1120                                                                          |  128|   0|  128|          0|
    |center_lo_67_fu_1124                                                                          |  128|   0|  128|          0|
    |center_lo_68_reg_12002                                                                        |  128|   0|  128|          0|
    |center_lo_69_reg_12008                                                                        |  128|   0|  128|          0|
    |center_lo_6_fu_880                                                                            |  128|   0|  128|          0|
    |center_lo_70_reg_12014                                                                        |  128|   0|  128|          0|
    |center_lo_71_reg_12020                                                                        |  128|   0|  128|          0|
    |center_lo_72_reg_12026                                                                        |  128|   0|  128|          0|
    |center_lo_73_reg_12032                                                                        |  128|   0|  128|          0|
    |center_lo_74_reg_12038                                                                        |  128|   0|  128|          0|
    |center_lo_75_reg_12044                                                                        |  128|   0|  128|          0|
    |center_lo_76_reg_12050                                                                        |  128|   0|  128|          0|
    |center_lo_77_reg_12056                                                                        |  128|   0|  128|          0|
    |center_lo_78_reg_12062                                                                        |  128|   0|  128|          0|
    |center_lo_79_reg_12068                                                                        |  128|   0|  128|          0|
    |center_lo_7_fu_884                                                                            |  128|   0|  128|          0|
    |center_lo_80_reg_12074                                                                        |  128|   0|  128|          0|
    |center_lo_81_reg_12080                                                                        |  128|   0|  128|          0|
    |center_lo_82_reg_12086                                                                        |  128|   0|  128|          0|
    |center_lo_83_reg_12092                                                                        |  128|   0|  128|          0|
    |center_lo_85_reg_12098                                                                        |  128|   0|  128|          0|
    |center_lo_86_reg_12104                                                                        |  128|   0|  128|          0|
    |center_lo_87_reg_12110                                                                        |  128|   0|  128|          0|
    |center_lo_88_reg_12116                                                                        |  128|   0|  128|          0|
    |center_lo_89_reg_12122                                                                        |  128|   0|  128|          0|
    |center_lo_8_fu_888                                                                            |  128|   0|  128|          0|
    |center_lo_90_reg_12128                                                                        |  128|   0|  128|          0|
    |center_lo_91_reg_12134                                                                        |  128|   0|  128|          0|
    |center_lo_92_reg_12140                                                                        |  128|   0|  128|          0|
    |center_lo_93_reg_12146                                                                        |  128|   0|  128|          0|
    |center_lo_94_reg_12152                                                                        |  128|   0|  128|          0|
    |center_lo_95_reg_12158                                                                        |  128|   0|  128|          0|
    |center_lo_96_reg_12164                                                                        |  128|   0|  128|          0|
    |center_lo_97_reg_12170                                                                        |  128|   0|  128|          0|
    |center_lo_98_reg_12176                                                                        |  128|   0|  128|          0|
    |center_lo_99_reg_12182                                                                        |  128|   0|  128|          0|
    |center_lo_9_fu_892                                                                            |  128|   0|  128|          0|
    |center_lo_fu_856                                                                              |  128|   0|  128|          0|
    |conv3_i12_i_i_i_i_i562169_neg_reg_10779                                                       |  128|   0|  128|          0|
    |diagonal_y_hi_reg_10979                                                                       |  128|   0|  128|          0|
    |div_i_i25_i424_i_neg_reg_10625                                                                |  128|   0|  128|          0|
    |div_i_i_i486_i_neg_reg_10645                                                                  |  128|   0|  128|          0|
    |div_i_i_i_i528_neg_reg_10670                                                                  |  128|   0|  128|          0|
    |empty_reg_9959                                                                                |   35|   0|   35|          0|
    |gmem0_addr_read_4_reg_10076                                                                   |  256|   0|  256|          0|
    |gmem0_addr_read_5_reg_10115                                                                   |  256|   0|  256|          0|
    |grp_coefficients_fu_1466_ap_start_reg                                                         |    1|   0|    1|          0|
    |grp_target23_scaled_taylor16_Pipeline_VITIS_LOOP_238_5_fu_1778_ap_start_reg                   |    1|   0|    1|          0|
    |grp_target23_scaled_taylor16_Pipeline_VITIS_LOOP_250_6_VITIS_LOOP_251_7_fu_1937_ap_start_reg  |    1|   0|    1|          0|
    |grp_target23_scaled_taylor16_Pipeline_VITIS_LOOP_265_91_fu_1823_ap_start_reg                  |    1|   0|    1|          0|
    |grp_target23_scaled_taylor16_Pipeline_VITIS_LOOP_265_92_fu_1861_ap_start_reg                  |    1|   0|    1|          0|
    |grp_target23_scaled_taylor16_Pipeline_VITIS_LOOP_265_93_fu_1899_ap_start_reg                  |    1|   0|    1|          0|
    |grp_target23_scaled_taylor16_Pipeline_VITIS_LOOP_265_9_fu_1785_ap_start_reg                   |    1|   0|    1|          0|
    |grp_target23_scaled_taylor16_Pipeline_VITIS_LOOP_271_10_fu_2072_ap_start_reg                  |    1|   0|    1|          0|
    |grp_target23_scaled_taylor16_Pipeline_VITIS_LOOP_275_11_fu_2087_ap_start_reg                  |    1|   0|    1|          0|
    |grp_target23_scaled_taylor16_Pipeline_VITIS_LOOP_279_12_fu_2102_ap_start_reg                  |    1|   0|    1|          0|
    |icmp_ln178_1_reg_9980                                                                         |    1|   0|    1|          0|
    |icmp_ln20_10_reg_10794                                                                        |    1|   0|    1|          0|
    |icmp_ln20_11_reg_10751                                                                        |    1|   0|    1|          0|
    |icmp_ln20_12_reg_10815                                                                        |    1|   0|    1|          0|
    |icmp_ln20_14_reg_10820                                                                        |    1|   0|    1|          0|
    |icmp_ln20_16_reg_10920                                                                        |    1|   0|    1|          0|
    |icmp_ln20_2_reg_10598                                                                         |    1|   0|    1|          0|
    |icmp_ln219_reg_10222                                                                          |    1|   0|    1|          0|
    |icmp_ln225_1_reg_10895                                                                        |    1|   0|    1|          0|
    |icmp_ln225_2_reg_10905                                                                        |    1|   0|    1|          0|
    |icmp_ln225_4_reg_10910                                                                        |    1|   0|    1|          0|
    |icmp_ln225_5_reg_10915                                                                        |    1|   0|    1|          0|
    |icmp_ln225_reg_10890                                                                          |    1|   0|    1|          0|
    |icmp_ln230_reg_10975                                                                          |    1|   0|    1|          0|
    |icmp_ln233_reg_11153                                                                          |    1|   0|    1|          0|
    |icmp_ln25_10_reg_10852                                                                        |    1|   0|    1|          0|
    |icmp_ln25_11_reg_10825                                                                        |    1|   0|    1|          0|
    |icmp_ln25_12_reg_10925                                                                        |    1|   0|    1|          0|
    |icmp_ln25_14_reg_11090                                                                        |    1|   0|    1|          0|
    |icmp_ln25_15_reg_11095                                                                        |    1|   0|    1|          0|
    |icmp_ln25_2_reg_10603                                                                         |    1|   0|    1|          0|
    |icmp_ln25_8_reg_10615                                                                         |    1|   0|    1|          0|
    |icmp_ln25_9_reg_10799                                                                         |    1|   0|    1|          0|
    |icmp_ln61_1_reg_10665                                                                         |    1|   0|    1|          0|
    |icmp_ln61_2_reg_11148                                                                         |    1|   0|    1|          0|
    |icmp_ln61_reg_10640                                                                           |    1|   0|    1|          0|
    |image_hi_1_reg_10900                                                                          |  128|   0|  128|          0|
    |image_hi_2_reg_10867                                                                          |  128|   0|  128|          0|
    |image_hi_3_reg_10940                                                                          |  128|   0|  128|          0|
    |image_hi_reg_10847                                                                            |  128|   0|  128|          0|
    |image_lo_1_reg_10857                                                                          |  128|   0|  128|          0|
    |image_lo_2_reg_10862                                                                          |  128|   0|  128|          0|
    |image_lo_3_reg_10935                                                                          |  128|   0|  128|          0|
    |image_lo_reg_10842                                                                            |  128|   0|  128|          0|
    |index_fu_276                                                                                  |   31|   0|   31|          0|
    |initial_hi_4_reg_10021                                                                        |  128|   0|  128|          0|
    |initial_hi_5_reg_10042                                                                        |  128|   0|  128|          0|
    |initial_hi_6_reg_10063                                                                        |  128|   0|  128|          0|
    |initial_hi_reg_10005                                                                          |  128|   0|  128|          0|
    |initial_lo_4_reg_10013                                                                        |  128|   0|  128|          0|
    |initial_lo_5_reg_10034                                                                        |  128|   0|  128|          0|
    |initial_lo_6_reg_10055                                                                        |  128|   0|  128|          0|
    |initial_lo_reg_9997                                                                           |  128|   0|  128|          0|
    |lshr_ln59_1_reg_11105                                                                         |  127|   0|  127|          0|
    |lshr_ln59_2_reg_11073                                                                         |  127|   0|  127|          0|
    |n_cases_read_reg_9076                                                                         |   32|   0|   32|          0|
    |next_state_hi_2_reg_12872                                                                     |  128|   0|  128|          0|
    |next_state_hi_3_reg_12887                                                                     |  128|   0|  128|          0|
    |next_state_hi_4_reg_12892                                                                     |  128|   0|  128|          0|
    |next_state_hi_reg_12877                                                                       |  128|   0|  128|          0|
    |next_state_lo_2_reg_12862                                                                     |  128|   0|  128|          0|
    |next_state_lo_3_reg_12867                                                                     |  128|   0|  128|          0|
    |next_state_lo_4_reg_12882                                                                     |  128|   0|  128|          0|
    |next_state_lo_reg_12857                                                                       |  128|   0|  128|          0|
    |output_r_read_reg_9081                                                                        |   64|   0|   64|          0|
    |p00_hi_1_reg_10467                                                                            |  128|   0|  128|          0|
    |p00_hi_2_reg_10503                                                                            |  128|   0|  128|          0|
    |p00_hi_reg_10435                                                                              |  128|   0|  128|          0|
    |p00_lo_1_reg_10352                                                                            |  128|   0|  128|          0|
    |p00_lo_2_reg_10396                                                                            |  128|   0|  128|          0|
    |p00_lo_reg_10317                                                                              |  128|   0|  128|          0|
    |p01_hi_1_reg_10509                                                                            |  128|   0|  128|          0|
    |p01_hi_3_reg_10441                                                                            |  128|   0|  128|          0|
    |p01_hi_reg_10473                                                                              |  128|   0|  128|          0|
    |p01_lo_1_reg_10407                                                                            |  128|   0|  128|          0|
    |p01_lo_3_reg_10328                                                                            |  128|   0|  128|          0|
    |p01_lo_reg_10363                                                                              |  128|   0|  128|          0|
    |p10_hi_2_reg_10515                                                                            |  128|   0|  128|          0|
    |p10_hi_reg_10479                                                                              |  128|   0|  128|          0|
    |p10_lo_2_reg_10418                                                                            |  128|   0|  128|          0|
    |p10_lo_reg_10374                                                                              |  128|   0|  128|          0|
    |p11_hi_1_reg_10485                                                                            |  128|   0|  128|          0|
    |p11_hi_2_reg_10521                                                                            |  128|   0|  128|          0|
    |p11_hi_reg_10449                                                                              |  128|   0|  128|          0|
    |p11_lo_1_reg_10385                                                                            |  128|   0|  128|          0|
    |p11_lo_2_reg_10429                                                                            |  128|   0|  128|          0|
    |p11_lo_reg_10341                                                                              |  128|   0|  128|          0|
    |p_lshr_f2_reg_10593                                                                           |  127|   0|  127|          0|
    |p_lshr_f3_reg_10255                                                                           |  127|   0|  127|          0|
    |p_lshr_f_reg_10260                                                                            |  127|   0|  127|          0|
    |p_lshr_reg_10716                                                                              |  127|   0|  127|          0|
    |phi_mul_fu_272                                                                                |   43|   0|   43|          0|
    |product_10_reg_10424                                                                          |  224|   0|  224|          0|
    |product_1_reg_10323                                                                           |  224|   0|  224|          0|
    |product_2_reg_10336                                                                           |  224|   0|  224|          0|
    |product_3_reg_10347                                                                           |  224|   0|  224|          0|
    |product_4_reg_10358                                                                           |  224|   0|  224|          0|
    |product_5_reg_10369                                                                           |  224|   0|  224|          0|
    |product_6_reg_10380                                                                           |  224|   0|  224|          0|
    |product_7_reg_10391                                                                           |  224|   0|  224|          0|
    |product_8_reg_10402                                                                           |  224|   0|  224|          0|
    |product_9_reg_10413                                                                           |  224|   0|  224|          0|
    |product_reg_10312                                                                             |  224|   0|  224|          0|
    |reg_2886                                                                                      |   17|   0|   17|          0|
    |reg_2890                                                                                      |   17|   0|   17|          0|
    |reg_2894                                                                                      |   60|   0|   60|          0|
    |reg_2898                                                                                      |   60|   0|   60|          0|
    |select_ln18_1_reg_10461                                                                       |  128|   0|  128|          0|
    |select_ln18_2_reg_10491                                                                       |  128|   0|  128|          0|
    |select_ln18_3_reg_10497                                                                       |  128|   0|  128|          0|
    |select_ln18_4_reg_10527                                                                       |  128|   0|  128|          0|
    |select_ln18_5_reg_10533                                                                       |  128|   0|  128|          0|
    |select_ln18_6_reg_10734                                                                       |  120|   0|  120|          0|
    |select_ln18_7_reg_10810                                                                       |  120|   0|  120|          0|
    |select_ln18_8_reg_10768                                                                       |  120|   0|  120|          0|
    |select_ln18_9_reg_10884                                                                       |  120|   0|  120|          0|
    |select_ln18_reg_10455                                                                         |  128|   0|  128|          0|
    |select_ln23_10_reg_11133                                                                      |  128|   0|  128|          0|
    |select_ln23_11_reg_11127                                                                      |  127|   0|  127|          0|
    |select_ln23_1_reg_10539                                                                       |  128|   0|  128|          0|
    |select_ln23_2_reg_10545                                                                       |  128|   0|  128|          0|
    |select_ln23_3_reg_10558                                                                       |  128|   0|  128|          0|
    |select_ln23_7_reg_10564                                                                       |  128|   0|  128|          0|
    |select_ln23_8_reg_10575                                                                       |  128|   0|  128|          0|
    |select_ln23_9_reg_10581                                                                       |  128|   0|  128|          0|
    |select_ln25_reg_11110                                                                         |  128|   0|  128|          0|
    |select_ln30_1_reg_10991                                                                       |  128|   0|  128|          0|
    |select_ln30_2_reg_11049                                                                       |  128|   0|  128|          0|
    |select_ln30_3_reg_11055                                                                       |  128|   0|  128|          0|
    |select_ln30_4_reg_11019                                                                       |  128|   0|  128|          0|
    |select_ln30_5_reg_11061                                                                       |  128|   0|  128|          0|
    |select_ln30_6_reg_11078                                                                       |  128|   0|  128|          0|
    |select_ln30_7_reg_11084                                                                       |  128|   0|  128|          0|
    |select_ln30_reg_10985                                                                         |  128|   0|  128|          0|
    |status_11_ph_reg_1455                                                                         |    4|   0|    4|          0|
    |status_1_reg_10147                                                                            |    2|   0|    2|          0|
    |status_2_reg_10170                                                                            |    2|   0|    2|          0|
    |status_3_reg_10191                                                                            |    2|   0|    2|          0|
    |status_4_reg_10212                                                                            |    2|   0|    2|          0|
    |status_5_reg_10217                                                                            |    2|   0|    2|          0|
    |status_8_reg_10930                                                                            |    2|   0|    3|          1|
    |sub_ln59_reg_11100                                                                            |  128|   0|  128|          0|
    |tmp_19_reg_10587                                                                              |    1|   0|    1|          0|
    |tmp_21_reg_10242                                                                              |    1|   0|    1|          0|
    |tmp_22_reg_10249                                                                              |    1|   0|    1|          0|
    |tmp_29_reg_11009                                                                              |    1|   0|    1|          0|
    |tmp_30_reg_11014                                                                              |    1|   0|    1|          0|
    |tmp_32_reg_11025                                                                              |    1|   0|    1|          0|
    |tmp_33_reg_11067                                                                              |    1|   0|    1|          0|
    |tmp_34_reg_11143                                                                              |  119|   0|  119|          0|
    |tmp_35_reg_11030                                                                              |    1|   0|    1|          0|
    |tmp_36_reg_11035                                                                              |    1|   0|    1|          0|
    |trunc_ln1_reg_10676                                                                           |  120|   0|  120|          0|
    |trunc_ln23_1_reg_11138                                                                        |  127|   0|  127|          0|
    |trunc_ln2_reg_10722                                                                           |  121|   0|  121|          0|
    |trunc_ln3_reg_11157                                                                           |   60|   0|   60|          0|
    |trunc_ln41_1_reg_10682                                                                        |  120|   0|  120|          0|
    |trunc_ln41_2_reg_10740                                                                        |  120|   0|  120|          0|
    |trunc_ln41_3_reg_10688                                                                        |  120|   0|  120|          0|
    |trunc_ln41_4_reg_10694                                                                        |  120|   0|  120|          0|
    |trunc_ln41_5_reg_10700                                                                        |  120|   0|  120|          0|
    |trunc_ln41_6_reg_10830                                                                        |  120|   0|  120|          0|
    |trunc_ln41_7_reg_10836                                                                        |  120|   0|  120|          0|
    |trunc_ln47_1_reg_10728                                                                        |  121|   0|  121|          0|
    |trunc_ln47_2_reg_10804                                                                        |  121|   0|  121|          0|
    |trunc_ln47_3_reg_10745                                                                        |  121|   0|  121|          0|
    |trunc_ln47_4_reg_10756                                                                        |  121|   0|  121|          0|
    |trunc_ln47_5_reg_10762                                                                        |  121|   0|  121|          0|
    |trunc_ln47_6_reg_10872                                                                        |  121|   0|  121|          0|
    |trunc_ln47_7_reg_10878                                                                        |  121|   0|  121|          0|
    |trunc_ln4_reg_11163                                                                           |   60|   0|   60|          0|
    |trunc_ln54_1_reg_10711                                                                        |    1|   0|    1|          0|
    |trunc_ln8_reg_11169                                                                           |   60|   0|   60|          0|
    |trunc_ln_reg_9954                                                                             |   59|   0|   59|          0|
    |value_29_reg_11040                                                                            |  128|   0|  128|          0|
    |value_hi_1_reg_11003                                                                          |  128|   0|  128|          0|
    |value_lo_1_reg_10997                                                                          |  128|   0|  128|          0|
    |value_lo_reg_10570                                                                            |  128|   0|  128|          0|
    |wide_hi_0380_fu_616                                                                           |  128|   0|  128|          0|
    |wide_hi_10_0301_fu_304                                                                        |  128|   0|  128|          0|
    |wide_hi_11_0300_fu_300                                                                        |  128|   0|  128|          0|
    |wide_hi_12_0299_fu_296                                                                        |  128|   0|  128|          0|
    |wide_hi_13_0298_fu_292                                                                        |  128|   0|  128|          0|
    |wide_hi_14_0297_fu_288                                                                        |  128|   0|  128|          0|
    |wide_hi_15_0296_fu_284                                                                        |  128|   0|  128|          0|
    |wide_hi_16_0295_fu_280                                                                        |  128|   0|  128|          0|
    |wide_hi_17_0382_fu_620                                                                        |  128|   0|  128|          0|
    |wide_hi_18_0383_fu_624                                                                        |  128|   0|  128|          0|
    |wide_hi_19_0384_fu_628                                                                        |  128|   0|  128|          0|
    |wide_hi_1_0310_fu_340                                                                         |  128|   0|  128|          0|
    |wide_hi_20_0385_fu_632                                                                        |  128|   0|  128|          0|
    |wide_hi_21_0386_fu_636                                                                        |  128|   0|  128|          0|
    |wide_hi_22_0387_fu_640                                                                        |  128|   0|  128|          0|
    |wide_hi_23_0388_fu_644                                                                        |  128|   0|  128|          0|
    |wide_hi_24_0389_fu_648                                                                        |  128|   0|  128|          0|
    |wide_hi_25_0390_fu_652                                                                        |  128|   0|  128|          0|
    |wide_hi_26_0391_fu_656                                                                        |  128|   0|  128|          0|
    |wide_hi_27_0392_fu_660                                                                        |  128|   0|  128|          0|
    |wide_hi_28_0393_fu_664                                                                        |  128|   0|  128|          0|
    |wide_hi_29_0394_fu_668                                                                        |  128|   0|  128|          0|
    |wide_hi_2_0309_fu_336                                                                         |  128|   0|  128|          0|
    |wide_hi_30_0395_fu_672                                                                        |  128|   0|  128|          0|
    |wide_hi_31_0396_fu_676                                                                        |  128|   0|  128|          0|
    |wide_hi_32_0397_fu_680                                                                        |  128|   0|  128|          0|
    |wide_hi_33_0398_fu_684                                                                        |  128|   0|  128|          0|
    |wide_hi_34_0399_fu_688                                                                        |  128|   0|  128|          0|
    |wide_hi_35_0400_fu_692                                                                        |  128|   0|  128|          0|
    |wide_hi_36_0401_fu_696                                                                        |  128|   0|  128|          0|
    |wide_hi_37_0402_fu_700                                                                        |  128|   0|  128|          0|
    |wide_hi_38_0403_fu_704                                                                        |  128|   0|  128|          0|
    |wide_hi_39_0404_fu_708                                                                        |  128|   0|  128|          0|
    |wide_hi_3_0308_fu_332                                                                         |  128|   0|  128|          0|
    |wide_hi_40_0405_fu_712                                                                        |  128|   0|  128|          0|
    |wide_hi_41_0406_fu_716                                                                        |  128|   0|  128|          0|
    |wide_hi_42_0407_fu_720                                                                        |  128|   0|  128|          0|
    |wide_hi_43_0408_fu_724                                                                        |  128|   0|  128|          0|
    |wide_hi_44_0409_fu_728                                                                        |  128|   0|  128|          0|
    |wide_hi_45_0410_fu_732                                                                        |  128|   0|  128|          0|
    |wide_hi_46_0411_fu_736                                                                        |  128|   0|  128|          0|
    |wide_hi_47_0412_fu_740                                                                        |  128|   0|  128|          0|
    |wide_hi_48_0413_fu_744                                                                        |  128|   0|  128|          0|
    |wide_hi_49_0414_fu_748                                                                        |  128|   0|  128|          0|
    |wide_hi_4_0307_fu_328                                                                         |  128|   0|  128|          0|
    |wide_hi_50_0415_fu_752                                                                        |  128|   0|  128|          0|
    |wide_hi_51_0416_fu_756                                                                        |  128|   0|  128|          0|
    |wide_hi_52_0417_fu_760                                                                        |  128|   0|  128|          0|
    |wide_hi_53_0418_fu_764                                                                        |  128|   0|  128|          0|
    |wide_hi_54_0419_fu_768                                                                        |  128|   0|  128|          0|
    |wide_hi_55_0420_fu_772                                                                        |  128|   0|  128|          0|
    |wide_hi_56_0421_fu_776                                                                        |  128|   0|  128|          0|
    |wide_hi_57_0422_fu_780                                                                        |  128|   0|  128|          0|
    |wide_hi_58_0423_fu_784                                                                        |  128|   0|  128|          0|
    |wide_hi_59_0424_fu_788                                                                        |  128|   0|  128|          0|
    |wide_hi_5_0306_fu_324                                                                         |  128|   0|  128|          0|
    |wide_hi_60_0425_fu_792                                                                        |  128|   0|  128|          0|
    |wide_hi_61_0426_fu_796                                                                        |  128|   0|  128|          0|
    |wide_hi_62_0427_fu_800                                                                        |  128|   0|  128|          0|
    |wide_hi_63_0428_fu_804                                                                        |  128|   0|  128|          0|
    |wide_hi_64_0429_fu_808                                                                        |  128|   0|  128|          0|
    |wide_hi_65_0430_fu_812                                                                        |  128|   0|  128|          0|
    |wide_hi_66_0431_fu_816                                                                        |  128|   0|  128|          0|
    |wide_hi_67_0432_fu_820                                                                        |  128|   0|  128|          0|
    |wide_hi_68_reg_12812                                                                          |  128|   0|  128|          0|
    |wide_hi_6_0305_fu_320                                                                         |  128|   0|  128|          0|
    |wide_hi_7_0304_fu_316                                                                         |  128|   0|  128|          0|
    |wide_hi_8_0303_fu_312                                                                         |  128|   0|  128|          0|
    |wide_hi_9_0302_fu_308                                                                         |  128|   0|  128|          0|
    |wide_lo_0311_fu_344                                                                           |  128|   0|  128|          0|
    |wide_lo_10_0322_fu_384                                                                        |  128|   0|  128|          0|
    |wide_lo_11_0323_fu_388                                                                        |  128|   0|  128|          0|
    |wide_lo_12_0324_fu_392                                                                        |  128|   0|  128|          0|
    |wide_lo_13_0325_fu_396                                                                        |  128|   0|  128|          0|
    |wide_lo_14_0326_fu_400                                                                        |  128|   0|  128|          0|
    |wide_lo_15_0327_fu_404                                                                        |  128|   0|  128|          0|
    |wide_lo_16_0328_fu_408                                                                        |  128|   0|  128|          0|
    |wide_lo_17_0329_fu_412                                                                        |  128|   0|  128|          0|
    |wide_lo_18_0330_fu_416                                                                        |  128|   0|  128|          0|
    |wide_lo_19_0331_fu_420                                                                        |  128|   0|  128|          0|
    |wide_lo_1_0313_fu_348                                                                         |  128|   0|  128|          0|
    |wide_lo_20_0332_fu_424                                                                        |  128|   0|  128|          0|
    |wide_lo_21_0333_fu_428                                                                        |  128|   0|  128|          0|
    |wide_lo_22_0334_fu_432                                                                        |  128|   0|  128|          0|
    |wide_lo_23_0335_fu_436                                                                        |  128|   0|  128|          0|
    |wide_lo_24_0336_fu_440                                                                        |  128|   0|  128|          0|
    |wide_lo_25_0337_fu_444                                                                        |  128|   0|  128|          0|
    |wide_lo_26_0338_fu_448                                                                        |  128|   0|  128|          0|
    |wide_lo_27_0339_fu_452                                                                        |  128|   0|  128|          0|
    |wide_lo_28_0340_fu_456                                                                        |  128|   0|  128|          0|
    |wide_lo_29_0341_fu_460                                                                        |  128|   0|  128|          0|
    |wide_lo_2_0314_fu_352                                                                         |  128|   0|  128|          0|
    |wide_lo_30_0342_fu_464                                                                        |  128|   0|  128|          0|
    |wide_lo_31_0343_fu_468                                                                        |  128|   0|  128|          0|
    |wide_lo_32_0344_fu_472                                                                        |  128|   0|  128|          0|
    |wide_lo_33_0345_fu_476                                                                        |  128|   0|  128|          0|
    |wide_lo_34_0346_fu_480                                                                        |  128|   0|  128|          0|
    |wide_lo_35_0347_fu_484                                                                        |  128|   0|  128|          0|
    |wide_lo_36_0348_fu_488                                                                        |  128|   0|  128|          0|
    |wide_lo_37_0349_fu_492                                                                        |  128|   0|  128|          0|
    |wide_lo_38_0350_fu_496                                                                        |  128|   0|  128|          0|
    |wide_lo_39_0351_fu_500                                                                        |  128|   0|  128|          0|
    |wide_lo_3_0315_fu_356                                                                         |  128|   0|  128|          0|
    |wide_lo_40_0352_fu_504                                                                        |  128|   0|  128|          0|
    |wide_lo_41_0353_fu_508                                                                        |  128|   0|  128|          0|
    |wide_lo_42_0354_fu_512                                                                        |  128|   0|  128|          0|
    |wide_lo_43_0355_fu_516                                                                        |  128|   0|  128|          0|
    |wide_lo_44_0356_fu_520                                                                        |  128|   0|  128|          0|
    |wide_lo_45_0357_fu_524                                                                        |  128|   0|  128|          0|
    |wide_lo_46_0358_fu_528                                                                        |  128|   0|  128|          0|
    |wide_lo_47_0359_fu_532                                                                        |  128|   0|  128|          0|
    |wide_lo_48_0360_fu_536                                                                        |  128|   0|  128|          0|
    |wide_lo_49_0361_fu_540                                                                        |  128|   0|  128|          0|
    |wide_lo_4_0316_fu_360                                                                         |  128|   0|  128|          0|
    |wide_lo_50_0362_fu_544                                                                        |  128|   0|  128|          0|
    |wide_lo_51_0363_fu_548                                                                        |  128|   0|  128|          0|
    |wide_lo_52_0364_fu_552                                                                        |  128|   0|  128|          0|
    |wide_lo_53_0365_fu_556                                                                        |  128|   0|  128|          0|
    |wide_lo_54_0366_fu_560                                                                        |  128|   0|  128|          0|
    |wide_lo_55_0367_fu_564                                                                        |  128|   0|  128|          0|
    |wide_lo_56_0368_fu_568                                                                        |  128|   0|  128|          0|
    |wide_lo_57_0369_fu_572                                                                        |  128|   0|  128|          0|
    |wide_lo_58_0370_fu_576                                                                        |  128|   0|  128|          0|
    |wide_lo_59_0371_fu_580                                                                        |  128|   0|  128|          0|
    |wide_lo_5_0317_fu_364                                                                         |  128|   0|  128|          0|
    |wide_lo_60_0372_fu_584                                                                        |  128|   0|  128|          0|
    |wide_lo_61_0373_fu_588                                                                        |  128|   0|  128|          0|
    |wide_lo_62_0374_fu_592                                                                        |  128|   0|  128|          0|
    |wide_lo_63_0375_fu_596                                                                        |  128|   0|  128|          0|
    |wide_lo_64_0376_fu_600                                                                        |  128|   0|  128|          0|
    |wide_lo_65_0377_fu_604                                                                        |  128|   0|  128|          0|
    |wide_lo_66_0378_fu_608                                                                        |  128|   0|  128|          0|
    |wide_lo_67_0379_fu_612                                                                        |  128|   0|  128|          0|
    |wide_lo_68_reg_12788                                                                          |  128|   0|  128|          0|
    |wide_lo_6_0318_fu_368                                                                         |  128|   0|  128|          0|
    |wide_lo_7_0319_fu_372                                                                         |  128|   0|  128|          0|
    |wide_lo_8_0320_fu_376                                                                         |  128|   0|  128|          0|
    |wide_lo_9_0321_fu_380                                                                         |  128|   0|  128|          0|
    |wzs_hi_reg_10234                                                                              |  128|   0|  128|          0|
    |wzs_lo_reg_10227                                                                              |  128|   0|  128|          0|
    |xy_hi_reg_10608                                                                               |  128|   0|  128|          0|
    |xy_lo_reg_10551                                                                               |  128|   0|  128|          0|
    |zext_ln178_3_reg_10945                                                                        |   43|   0|   64|         21|
    |zext_ln54_1_reg_10774                                                                         |    1|   0|  128|        127|
    |zs_hi_reg_10204                                                                               |  128|   0|  128|          0|
    |zs_lo_reg_10196                                                                               |  128|   0|  128|          0|
    +----------------------------------------------------------------------------------------------+-----+----+-----+-----------+
    |Total                                                                                         |73369|   0|73518|        149|
    +----------------------------------------------------------------------------------------------+-----+----+-----+-----------+



================================================================
== Interface
================================================================
* Summary: 
+-----------------------+-----+-----+---------------+--------------------------+--------------+
|       RTL Ports       | Dir | Bits|    Protocol   |       Source Object      |    C Type    |
+-----------------------+-----+-----+---------------+--------------------------+--------------+
|s_axi_control_AWVALID  |   in|    1|          s_axi|                   control|        scalar|
|s_axi_control_AWREADY  |  out|    1|          s_axi|                   control|        scalar|
|s_axi_control_AWADDR   |   in|    6|          s_axi|                   control|        scalar|
|s_axi_control_WVALID   |   in|    1|          s_axi|                   control|        scalar|
|s_axi_control_WREADY   |  out|    1|          s_axi|                   control|        scalar|
|s_axi_control_WDATA    |   in|   32|          s_axi|                   control|        scalar|
|s_axi_control_WSTRB    |   in|    4|          s_axi|                   control|        scalar|
|s_axi_control_ARVALID  |   in|    1|          s_axi|                   control|        scalar|
|s_axi_control_ARREADY  |  out|    1|          s_axi|                   control|        scalar|
|s_axi_control_ARADDR   |   in|    6|          s_axi|                   control|        scalar|
|s_axi_control_RVALID   |  out|    1|          s_axi|                   control|        scalar|
|s_axi_control_RREADY   |   in|    1|          s_axi|                   control|        scalar|
|s_axi_control_RDATA    |  out|   32|          s_axi|                   control|        scalar|
|s_axi_control_RRESP    |  out|    2|          s_axi|                   control|        scalar|
|s_axi_control_BVALID   |  out|    1|          s_axi|                   control|        scalar|
|s_axi_control_BREADY   |   in|    1|          s_axi|                   control|        scalar|
|s_axi_control_BRESP    |  out|    2|          s_axi|                   control|        scalar|
|ap_clk                 |   in|    1|  ap_ctrl_chain|  target23_scaled_taylor16|  return value|
|ap_rst_n               |   in|    1|  ap_ctrl_chain|  target23_scaled_taylor16|  return value|
|interrupt              |  out|    1|  ap_ctrl_chain|  target23_scaled_taylor16|  return value|
|m_axi_gmem0_AWVALID    |  out|    1|          m_axi|                     gmem0|       pointer|
|m_axi_gmem0_AWREADY    |   in|    1|          m_axi|                     gmem0|       pointer|
|m_axi_gmem0_AWADDR     |  out|   64|          m_axi|                     gmem0|       pointer|
|m_axi_gmem0_AWID       |  out|    1|          m_axi|                     gmem0|       pointer|
|m_axi_gmem0_AWLEN      |  out|    8|          m_axi|                     gmem0|       pointer|
|m_axi_gmem0_AWSIZE     |  out|    3|          m_axi|                     gmem0|       pointer|
|m_axi_gmem0_AWBURST    |  out|    2|          m_axi|                     gmem0|       pointer|
|m_axi_gmem0_AWLOCK     |  out|    2|          m_axi|                     gmem0|       pointer|
|m_axi_gmem0_AWCACHE    |  out|    4|          m_axi|                     gmem0|       pointer|
|m_axi_gmem0_AWPROT     |  out|    3|          m_axi|                     gmem0|       pointer|
|m_axi_gmem0_AWQOS      |  out|    4|          m_axi|                     gmem0|       pointer|
|m_axi_gmem0_AWREGION   |  out|    4|          m_axi|                     gmem0|       pointer|
|m_axi_gmem0_AWUSER     |  out|    1|          m_axi|                     gmem0|       pointer|
|m_axi_gmem0_WVALID     |  out|    1|          m_axi|                     gmem0|       pointer|
|m_axi_gmem0_WREADY     |   in|    1|          m_axi|                     gmem0|       pointer|
|m_axi_gmem0_WDATA      |  out|  256|          m_axi|                     gmem0|       pointer|
|m_axi_gmem0_WSTRB      |  out|   32|          m_axi|                     gmem0|       pointer|
|m_axi_gmem0_WLAST      |  out|    1|          m_axi|                     gmem0|       pointer|
|m_axi_gmem0_WID        |  out|    1|          m_axi|                     gmem0|       pointer|
|m_axi_gmem0_WUSER      |  out|    1|          m_axi|                     gmem0|       pointer|
|m_axi_gmem0_ARVALID    |  out|    1|          m_axi|                     gmem0|       pointer|
|m_axi_gmem0_ARREADY    |   in|    1|          m_axi|                     gmem0|       pointer|
|m_axi_gmem0_ARADDR     |  out|   64|          m_axi|                     gmem0|       pointer|
|m_axi_gmem0_ARID       |  out|    1|          m_axi|                     gmem0|       pointer|
|m_axi_gmem0_ARLEN      |  out|    8|          m_axi|                     gmem0|       pointer|
|m_axi_gmem0_ARSIZE     |  out|    3|          m_axi|                     gmem0|       pointer|
|m_axi_gmem0_ARBURST    |  out|    2|          m_axi|                     gmem0|       pointer|
|m_axi_gmem0_ARLOCK     |  out|    2|          m_axi|                     gmem0|       pointer|
|m_axi_gmem0_ARCACHE    |  out|    4|          m_axi|                     gmem0|       pointer|
|m_axi_gmem0_ARPROT     |  out|    3|          m_axi|                     gmem0|       pointer|
|m_axi_gmem0_ARQOS      |  out|    4|          m_axi|                     gmem0|       pointer|
|m_axi_gmem0_ARREGION   |  out|    4|          m_axi|                     gmem0|       pointer|
|m_axi_gmem0_ARUSER     |  out|    1|          m_axi|                     gmem0|       pointer|
|m_axi_gmem0_RVALID     |   in|    1|          m_axi|                     gmem0|       pointer|
|m_axi_gmem0_RREADY     |  out|    1|          m_axi|                     gmem0|       pointer|
|m_axi_gmem0_RDATA      |   in|  256|          m_axi|                     gmem0|       pointer|
|m_axi_gmem0_RLAST      |   in|    1|          m_axi|                     gmem0|       pointer|
|m_axi_gmem0_RID        |   in|    1|          m_axi|                     gmem0|       pointer|
|m_axi_gmem0_RUSER      |   in|    1|          m_axi|                     gmem0|       pointer|
|m_axi_gmem0_RRESP      |   in|    2|          m_axi|                     gmem0|       pointer|
|m_axi_gmem0_BVALID     |   in|    1|          m_axi|                     gmem0|       pointer|
|m_axi_gmem0_BREADY     |  out|    1|          m_axi|                     gmem0|       pointer|
|m_axi_gmem0_BRESP      |   in|    2|          m_axi|                     gmem0|       pointer|
|m_axi_gmem0_BID        |   in|    1|          m_axi|                     gmem0|       pointer|
|m_axi_gmem0_BUSER      |   in|    1|          m_axi|                     gmem0|       pointer|
|m_axi_gmem1_AWVALID    |  out|    1|          m_axi|                     gmem1|       pointer|
|m_axi_gmem1_AWREADY    |   in|    1|          m_axi|                     gmem1|       pointer|
|m_axi_gmem1_AWADDR     |  out|   64|          m_axi|                     gmem1|       pointer|
|m_axi_gmem1_AWID       |  out|    1|          m_axi|                     gmem1|       pointer|
|m_axi_gmem1_AWLEN      |  out|    8|          m_axi|                     gmem1|       pointer|
|m_axi_gmem1_AWSIZE     |  out|    3|          m_axi|                     gmem1|       pointer|
|m_axi_gmem1_AWBURST    |  out|    2|          m_axi|                     gmem1|       pointer|
|m_axi_gmem1_AWLOCK     |  out|    2|          m_axi|                     gmem1|       pointer|
|m_axi_gmem1_AWCACHE    |  out|    4|          m_axi|                     gmem1|       pointer|
|m_axi_gmem1_AWPROT     |  out|    3|          m_axi|                     gmem1|       pointer|
|m_axi_gmem1_AWQOS      |  out|    4|          m_axi|                     gmem1|       pointer|
|m_axi_gmem1_AWREGION   |  out|    4|          m_axi|                     gmem1|       pointer|
|m_axi_gmem1_AWUSER     |  out|    1|          m_axi|                     gmem1|       pointer|
|m_axi_gmem1_WVALID     |  out|    1|          m_axi|                     gmem1|       pointer|
|m_axi_gmem1_WREADY     |   in|    1|          m_axi|                     gmem1|       pointer|
|m_axi_gmem1_WDATA      |  out|  128|          m_axi|                     gmem1|       pointer|
|m_axi_gmem1_WSTRB      |  out|   16|          m_axi|                     gmem1|       pointer|
|m_axi_gmem1_WLAST      |  out|    1|          m_axi|                     gmem1|       pointer|
|m_axi_gmem1_WID        |  out|    1|          m_axi|                     gmem1|       pointer|
|m_axi_gmem1_WUSER      |  out|    1|          m_axi|                     gmem1|       pointer|
|m_axi_gmem1_ARVALID    |  out|    1|          m_axi|                     gmem1|       pointer|
|m_axi_gmem1_ARREADY    |   in|    1|          m_axi|                     gmem1|       pointer|
|m_axi_gmem1_ARADDR     |  out|   64|          m_axi|                     gmem1|       pointer|
|m_axi_gmem1_ARID       |  out|    1|          m_axi|                     gmem1|       pointer|
|m_axi_gmem1_ARLEN      |  out|    8|          m_axi|                     gmem1|       pointer|
|m_axi_gmem1_ARSIZE     |  out|    3|          m_axi|                     gmem1|       pointer|
|m_axi_gmem1_ARBURST    |  out|    2|          m_axi|                     gmem1|       pointer|
|m_axi_gmem1_ARLOCK     |  out|    2|          m_axi|                     gmem1|       pointer|
|m_axi_gmem1_ARCACHE    |  out|    4|          m_axi|                     gmem1|       pointer|
|m_axi_gmem1_ARPROT     |  out|    3|          m_axi|                     gmem1|       pointer|
|m_axi_gmem1_ARQOS      |  out|    4|          m_axi|                     gmem1|       pointer|
|m_axi_gmem1_ARREGION   |  out|    4|          m_axi|                     gmem1|       pointer|
|m_axi_gmem1_ARUSER     |  out|    1|          m_axi|                     gmem1|       pointer|
|m_axi_gmem1_RVALID     |   in|    1|          m_axi|                     gmem1|       pointer|
|m_axi_gmem1_RREADY     |  out|    1|          m_axi|                     gmem1|       pointer|
|m_axi_gmem1_RDATA      |   in|  128|          m_axi|                     gmem1|       pointer|
|m_axi_gmem1_RLAST      |   in|    1|          m_axi|                     gmem1|       pointer|
|m_axi_gmem1_RID        |   in|    1|          m_axi|                     gmem1|       pointer|
|m_axi_gmem1_RUSER      |   in|    1|          m_axi|                     gmem1|       pointer|
|m_axi_gmem1_RRESP      |   in|    2|          m_axi|                     gmem1|       pointer|
|m_axi_gmem1_BVALID     |   in|    1|          m_axi|                     gmem1|       pointer|
|m_axi_gmem1_BREADY     |  out|    1|          m_axi|                     gmem1|       pointer|
|m_axi_gmem1_BRESP      |   in|    2|          m_axi|                     gmem1|       pointer|
|m_axi_gmem1_BID        |   in|    1|          m_axi|                     gmem1|       pointer|
|m_axi_gmem1_BUSER      |   in|    1|          m_axi|                     gmem1|       pointer|
+-----------------------+-----+-----+---------------+--------------------------+--------------+

