id	iri	label
0	http://purl.obolibrary.org/obo/PATO_0000001	quality
1	http://purl.obolibrary.org/obo/PATO_0000004	mobility
2	http://purl.obolibrary.org/obo/PATO_0000008	speed
3	http://purl.obolibrary.org/obo/PATO_0000011	age
4	http://purl.obolibrary.org/obo/PATO_0000014	color
5	http://purl.obolibrary.org/obo/PATO_0000015	color hue
6	http://purl.obolibrary.org/obo/PATO_0000016	color brightness
7	http://purl.obolibrary.org/obo/PATO_0000017	color saturation
8	http://purl.obolibrary.org/obo/PATO_0000018	fluorescence
9	http://purl.obolibrary.org/obo/PATO_0000019	color pattern
10	http://purl.obolibrary.org/obo/PATO_0000021	compatibility
11	http://purl.obolibrary.org/obo/PATO_0000025	composition
12	http://purl.obolibrary.org/obo/PATO_0000033	concentration of
13	http://purl.obolibrary.org/obo/PATO_0000037	consistency
14	http://purl.obolibrary.org/obo/PATO_0000039	direction
15	http://purl.obolibrary.org/obo/PATO_0000040	distance
16	http://purl.obolibrary.org/obo/PATO_0000043	flavor
17	http://purl.obolibrary.org/obo/PATO_0000044	frequency
18	http://purl.obolibrary.org/obo/PATO_0000047	biological sex
19	http://purl.obolibrary.org/obo/PATO_0000048	hardness
20	http://purl.obolibrary.org/obo/PATO_0000049	intensity
21	http://purl.obolibrary.org/obo/PATO_0000050	life span
22	http://purl.obolibrary.org/obo/PATO_0000051	morphology
23	http://purl.obolibrary.org/obo/PATO_0000052	shape
24	http://purl.obolibrary.org/obo/PATO_0000056	trophic quality
25	http://purl.obolibrary.org/obo/PATO_0000057	occurrence
26	http://purl.obolibrary.org/obo/PATO_0000058	odor
27	http://purl.obolibrary.org/obo/PATO_0000060	spatial pattern
28	http://purl.obolibrary.org/obo/PATO_0000062	sleep pattern
29	http://purl.obolibrary.org/obo/PATO_0000066	pilosity
30	http://purl.obolibrary.org/obo/PATO_0000068	qualitative
31	http://purl.obolibrary.org/obo/PATO_0000069	deviation (from_normal)
32	http://purl.obolibrary.org/obo/PATO_0000070	amount
33	http://purl.obolibrary.org/obo/PATO_0000077	response to
34	http://purl.obolibrary.org/obo/PATO_0000078	rhythm quality
35	http://purl.obolibrary.org/obo/PATO_0000080	amplitude
36	http://purl.obolibrary.org/obo/PATO_0000082	persistence
37	http://purl.obolibrary.org/obo/PATO_0000083	phase
38	http://purl.obolibrary.org/obo/PATO_0000085	sensitivity toward
39	http://purl.obolibrary.org/obo/PATO_0000117	size
40	http://purl.obolibrary.org/obo/PATO_0000119	height
41	http://purl.obolibrary.org/obo/PATO_0000122	length
42	http://purl.obolibrary.org/obo/PATO_0000125	mass
43	http://purl.obolibrary.org/obo/PATO_0000128	weight
44	http://purl.obolibrary.org/obo/PATO_0000133	orientation
45	http://purl.obolibrary.org/obo/PATO_0000136	closure
46	http://purl.obolibrary.org/obo/PATO_0000140	position
47	http://purl.obolibrary.org/obo/PATO_0000141	structure
48	http://purl.obolibrary.org/obo/PATO_0000146	temperature
49	http://purl.obolibrary.org/obo/PATO_0000150	texture
50	http://purl.obolibrary.org/obo/PATO_0000152	threshold
51	http://purl.obolibrary.org/obo/PATO_0000161	rate
52	http://purl.obolibrary.org/obo/PATO_0000165	time
53	http://purl.obolibrary.org/obo/PATO_0000169	viability
54	http://purl.obolibrary.org/obo/PATO_0000185	balance
55	http://purl.obolibrary.org/obo/PATO_0000186	behavioral quality
56	http://purl.obolibrary.org/obo/PATO_0000188	coordination
57	http://purl.obolibrary.org/obo/PATO_0000189	discrimination
58	http://purl.obolibrary.org/obo/PATO_0000261	maturity
59	http://purl.obolibrary.org/obo/PATO_0000273	fecundity
60	http://purl.obolibrary.org/obo/PATO_0000274	fertility
61	http://purl.obolibrary.org/obo/PATO_0000276	brood size
62	http://purl.obolibrary.org/obo/PATO_0000277	female fertility
63	http://purl.obolibrary.org/obo/PATO_0000279	male fertility
64	http://purl.obolibrary.org/obo/PATO_0000297	arrested
65	http://purl.obolibrary.org/obo/PATO_0000299	mobile
66	http://purl.obolibrary.org/obo/PATO_0000300	immobile
67	http://purl.obolibrary.org/obo/PATO_0000303	increased speed
68	http://purl.obolibrary.org/obo/PATO_0000304	decreased speed
69	http://purl.obolibrary.org/obo/PATO_0000308	old
70	http://purl.obolibrary.org/obo/PATO_0000309	young
71	http://purl.obolibrary.org/obo/PATO_0000317	black
72	http://purl.obolibrary.org/obo/PATO_0000318	blue
73	http://purl.obolibrary.org/obo/PATO_0000319	cyan
74	http://purl.obolibrary.org/obo/PATO_0000320	green
75	http://purl.obolibrary.org/obo/PATO_0000321	magenta
76	http://purl.obolibrary.org/obo/PATO_0000322	red
77	http://purl.obolibrary.org/obo/PATO_0000323	white
78	http://purl.obolibrary.org/obo/PATO_0000324	yellow
79	http://purl.obolibrary.org/obo/PATO_0000327	low brightness
80	http://purl.obolibrary.org/obo/PATO_0000328	low saturation
81	http://purl.obolibrary.org/obo/PATO_0000329	blotchy
82	http://purl.obolibrary.org/obo/PATO_0000330	irregular spatial pattern
83	http://purl.obolibrary.org/obo/PATO_0000331	discolored
84	http://purl.obolibrary.org/obo/PATO_0000333	spotted
85	http://purl.obolibrary.org/obo/PATO_0000336	colored
86	http://purl.obolibrary.org/obo/PATO_0000337	colorless
87	http://purl.obolibrary.org/obo/PATO_0000344	compatible
88	http://purl.obolibrary.org/obo/PATO_0000345	incompatible
89	http://purl.obolibrary.org/obo/PATO_0000365	down
90	http://purl.obolibrary.org/obo/PATO_0000366	left
91	http://purl.obolibrary.org/obo/PATO_0000367	right
92	http://purl.obolibrary.org/obo/PATO_0000370	up
93	http://purl.obolibrary.org/obo/PATO_0000374	increased distance
94	http://purl.obolibrary.org/obo/PATO_0000375	decreased distance
95	http://purl.obolibrary.org/obo/PATO_0000380	increased frequency
96	http://purl.obolibrary.org/obo/PATO_0000381	decreased frequency
97	http://purl.obolibrary.org/obo/PATO_0000383	female
98	http://purl.obolibrary.org/obo/PATO_0000384	male
99	http://purl.obolibrary.org/obo/PATO_0000386	hard
100	http://purl.obolibrary.org/obo/PATO_0000387	soft
101	http://purl.obolibrary.org/obo/PATO_0000389	acute
102	http://purl.obolibrary.org/obo/PATO_0000394	mild intensity
103	http://purl.obolibrary.org/obo/PATO_0000395	moderate intensity
104	http://purl.obolibrary.org/obo/PATO_0000396	severe intensity
105	http://purl.obolibrary.org/obo/PATO_0000402	branched
106	http://purl.obolibrary.org/obo/PATO_0000403	cleft
107	http://purl.obolibrary.org/obo/PATO_0000404	coiled
108	http://purl.obolibrary.org/obo/PATO_0000405	curled
109	http://purl.obolibrary.org/obo/PATO_0000406	curved
110	http://purl.obolibrary.org/obo/PATO_0000407	flat
111	http://purl.obolibrary.org/obo/PATO_0000409	oblate
112	http://purl.obolibrary.org/obo/PATO_0000410	pinnate
113	http://purl.obolibrary.org/obo/PATO_0000411	circular
114	http://purl.obolibrary.org/obo/PATO_0000413	square
115	http://purl.obolibrary.org/obo/PATO_0000414	unbranched
116	http://purl.obolibrary.org/obo/PATO_0000415	uncoiled
117	http://purl.obolibrary.org/obo/PATO_0000422	auxotrophic
118	http://purl.obolibrary.org/obo/PATO_0000423	prototrophic
119	http://purl.obolibrary.org/obo/PATO_0000427	recurrent
120	http://purl.obolibrary.org/obo/PATO_0000428	sporadic
121	http://purl.obolibrary.org/obo/PATO_0000438	invariant
122	http://purl.obolibrary.org/obo/PATO_0000440	regular spatial pattern
123	http://purl.obolibrary.org/obo/PATO_0000441	repetitive
124	http://purl.obolibrary.org/obo/PATO_0000453	glabrous
125	http://purl.obolibrary.org/obo/PATO_0000454	hairy
126	http://purl.obolibrary.org/obo/PATO_0000455	pubescent
127	http://purl.obolibrary.org/obo/PATO_0000460	abnormal
128	http://purl.obolibrary.org/obo/PATO_0000461	normal
129	http://purl.obolibrary.org/obo/PATO_0000462	absent
130	http://purl.obolibrary.org/obo/PATO_0000463	conspicuous
131	http://purl.obolibrary.org/obo/PATO_0000464	inconspicuous
132	http://purl.obolibrary.org/obo/PATO_0000467	present
133	http://purl.obolibrary.org/obo/PATO_0000470	increased amount
134	http://purl.obolibrary.org/obo/PATO_0000487	responsive to
135	http://purl.obolibrary.org/obo/PATO_0000488	unresponsive to
136	http://purl.obolibrary.org/obo/PATO_0000498	increased duration
137	http://purl.obolibrary.org/obo/PATO_0000499	decreased duration
138	http://purl.obolibrary.org/obo/PATO_0000500	advanced phase
139	http://purl.obolibrary.org/obo/PATO_0000501	dark phase
140	http://purl.obolibrary.org/obo/PATO_0000502	delayed
141	http://purl.obolibrary.org/obo/PATO_0000503	light phase
142	http://purl.obolibrary.org/obo/PATO_0000504	arrhythmic
143	http://purl.obolibrary.org/obo/PATO_0000505	rhythmic
144	http://purl.obolibrary.org/obo/PATO_0000513	insensitive toward
145	http://purl.obolibrary.org/obo/PATO_0000515	tolerant to
146	http://purl.obolibrary.org/obo/PATO_0000516	sensitive toward
147	http://purl.obolibrary.org/obo/PATO_0000546	photoinsensitive
148	http://purl.obolibrary.org/obo/PATO_0000547	photosensitive
149	http://purl.obolibrary.org/obo/PATO_0000569	decreased height
150	http://purl.obolibrary.org/obo/PATO_0000570	increased height
151	http://purl.obolibrary.org/obo/PATO_0000573	increased length
152	http://purl.obolibrary.org/obo/PATO_0000574	decreased length
153	http://purl.obolibrary.org/obo/PATO_0000582	increased weight
154	http://purl.obolibrary.org/obo/PATO_0000583	decreased weight
155	http://purl.obolibrary.org/obo/PATO_0000584	hypertrophic
156	http://purl.obolibrary.org/obo/PATO_0000585	hypotrophic
157	http://purl.obolibrary.org/obo/PATO_0000586	increased size
158	http://purl.obolibrary.org/obo/PATO_0000587	decreased size
159	http://purl.obolibrary.org/obo/PATO_0000588	vestigial
160	http://purl.obolibrary.org/obo/PATO_0000591	increased thickness
161	http://purl.obolibrary.org/obo/PATO_0000592	decreased thickness
162	http://purl.obolibrary.org/obo/PATO_0000595	increased volume
163	http://purl.obolibrary.org/obo/PATO_0000596	decreased volume
164	http://purl.obolibrary.org/obo/PATO_0000599	decreased width
165	http://purl.obolibrary.org/obo/PATO_0000600	increased width
166	http://purl.obolibrary.org/obo/PATO_0000608	closed
167	http://purl.obolibrary.org/obo/PATO_0000609	closure incomplete
168	http://purl.obolibrary.org/obo/PATO_0000610	open
169	http://purl.obolibrary.org/obo/PATO_0000613	disoriented
170	http://purl.obolibrary.org/obo/PATO_0000614	oriented
171	http://purl.obolibrary.org/obo/PATO_0000615	wholly anteriorized
172	http://purl.obolibrary.org/obo/PATO_0000616	asymmetrical
173	http://purl.obolibrary.org/obo/PATO_0000617	bent
174	http://purl.obolibrary.org/obo/PATO_0000618	bilateral
175	http://purl.obolibrary.org/obo/PATO_0000619	crowded
176	http://purl.obolibrary.org/obo/PATO_0000620	wholly dorsalized
177	http://purl.obolibrary.org/obo/PATO_0000622	erect
178	http://purl.obolibrary.org/obo/PATO_0000623	exserted
179	http://purl.obolibrary.org/obo/PATO_0000624	inserted into
180	http://purl.obolibrary.org/obo/PATO_0000625	inverted
181	http://purl.obolibrary.org/obo/PATO_0000626	lateralized
182	http://purl.obolibrary.org/obo/PATO_0000627	localized
183	http://purl.obolibrary.org/obo/PATO_0000628	mislocalised
184	http://purl.obolibrary.org/obo/PATO_0000629	misrouted
185	http://purl.obolibrary.org/obo/PATO_0000630	wholly posteriorized
186	http://purl.obolibrary.org/obo/PATO_0000631	prostrate
187	http://purl.obolibrary.org/obo/PATO_0000632	symmetrical
188	http://purl.obolibrary.org/obo/PATO_0000633	uncrowded
189	http://purl.obolibrary.org/obo/PATO_0000634	unilateral
190	http://purl.obolibrary.org/obo/PATO_0000635	unlocalised
191	http://purl.obolibrary.org/obo/PATO_0000636	wholly ventralized
192	http://purl.obolibrary.org/obo/PATO_0000638	apoptotic
193	http://purl.obolibrary.org/obo/PATO_0000639	degenerate
194	http://purl.obolibrary.org/obo/PATO_0000640	dysplastic
195	http://purl.obolibrary.org/obo/PATO_0000642	fused with
196	http://purl.obolibrary.org/obo/PATO_0000643	herniated
197	http://purl.obolibrary.org/obo/PATO_0000644	hyperplastic
198	http://purl.obolibrary.org/obo/PATO_0000645	hypoplastic
199	http://purl.obolibrary.org/obo/PATO_0000646	malformed
200	http://purl.obolibrary.org/obo/PATO_0000647	necrotic
201	http://purl.obolibrary.org/obo/PATO_0000648	obstructed
202	http://purl.obolibrary.org/obo/PATO_0000651	unfused from
203	http://purl.obolibrary.org/obo/PATO_0000665	high brightness
204	http://purl.obolibrary.org/obo/PATO_0000688	asynchronous
205	http://purl.obolibrary.org/obo/PATO_0000689	continuous
206	http://purl.obolibrary.org/obo/PATO_0000690	discontinuous
207	http://purl.obolibrary.org/obo/PATO_0000692	heterochronic
208	http://purl.obolibrary.org/obo/PATO_0000694	premature
209	http://purl.obolibrary.org/obo/PATO_0000695	synchronous
210	http://purl.obolibrary.org/obo/PATO_0000700	rough
211	http://purl.obolibrary.org/obo/PATO_0000701	smooth
212	http://purl.obolibrary.org/obo/PATO_0000706	increased threshold
213	http://purl.obolibrary.org/obo/PATO_0000708	decreased threshold
214	http://purl.obolibrary.org/obo/PATO_0000718	lethal (sensu genetics)
215	http://purl.obolibrary.org/obo/PATO_0000719	viable
216	http://purl.obolibrary.org/obo/PATO_0000757	balanced
217	http://purl.obolibrary.org/obo/PATO_0000758	unbalanced
218	http://purl.obolibrary.org/obo/PATO_0000759	bang sensitive
219	http://purl.obolibrary.org/obo/PATO_0000760	increased behavioural activity
220	http://purl.obolibrary.org/obo/PATO_0000761	decreased behavioural activity
221	http://purl.obolibrary.org/obo/PATO_0000763	paralysed
222	http://purl.obolibrary.org/obo/PATO_0000764	passive
223	http://purl.obolibrary.org/obo/PATO_0000769	coordinated
224	http://purl.obolibrary.org/obo/PATO_0000770	uncoordinated
225	http://purl.obolibrary.org/obo/PATO_0000771	aversion
226	http://purl.obolibrary.org/obo/PATO_0000772	indifference
227	http://purl.obolibrary.org/obo/PATO_0000773	preference
228	http://purl.obolibrary.org/obo/PATO_0000888	female fertile
229	http://purl.obolibrary.org/obo/PATO_0000890	male sterile
230	http://purl.obolibrary.org/obo/PATO_0000891	male fertile
231	http://purl.obolibrary.org/obo/PATO_0000892	female sterile
232	http://purl.obolibrary.org/obo/PATO_0000911	decreased rate
233	http://purl.obolibrary.org/obo/PATO_0000912	increased rate
234	http://purl.obolibrary.org/obo/PATO_0000915	thickness
235	http://purl.obolibrary.org/obo/PATO_0000918	volume
236	http://purl.obolibrary.org/obo/PATO_0000921	width
237	http://purl.obolibrary.org/obo/PATO_0000927	photosensitivity
238	http://purl.obolibrary.org/obo/PATO_0000936	truncated
239	http://purl.obolibrary.org/obo/PATO_0000937	disorganized
240	http://purl.obolibrary.org/obo/PATO_0000938	organized
241	http://purl.obolibrary.org/obo/PATO_0000941	vacuolated
242	http://purl.obolibrary.org/obo/PATO_0000944	sharpness
243	http://purl.obolibrary.org/obo/PATO_0000945	epinastic
244	http://purl.obolibrary.org/obo/PATO_0000946	oblong
245	http://purl.obolibrary.org/obo/PATO_0000947	elliptic
246	http://purl.obolibrary.org/obo/PATO_0000948	heart shaped
247	http://purl.obolibrary.org/obo/PATO_0000949	fasciated
248	http://purl.obolibrary.org/obo/PATO_0000950	grey
249	http://purl.obolibrary.org/obo/PATO_0000951	purple
250	http://purl.obolibrary.org/obo/PATO_0000952	brown
251	http://purl.obolibrary.org/obo/PATO_0000953	orange
252	http://purl.obolibrary.org/obo/PATO_0000954	pink
253	http://purl.obolibrary.org/obo/PATO_0000955	fertile
254	http://purl.obolibrary.org/obo/PATO_0000956	sterile
255	http://purl.obolibrary.org/obo/PATO_0000957	opacity
256	http://purl.obolibrary.org/obo/PATO_0000963	opaque
257	http://purl.obolibrary.org/obo/PATO_0000964	transparent
258	http://purl.obolibrary.org/obo/PATO_0000965	symmetry
259	http://purl.obolibrary.org/obo/PATO_0000967	undulate
260	http://purl.obolibrary.org/obo/PATO_0000969	dwarf-like
261	http://purl.obolibrary.org/obo/PATO_0000970	permeability
262	http://purl.obolibrary.org/obo/PATO_0000973	porosity
263	http://purl.obolibrary.org/obo/PATO_0000982	permeable
264	http://purl.obolibrary.org/obo/PATO_0000983	impermeable
265	http://purl.obolibrary.org/obo/PATO_0000984	porous
266	http://purl.obolibrary.org/obo/PATO_0000985	non-porous
267	http://purl.obolibrary.org/obo/PATO_0000992	viscosity
268	http://purl.obolibrary.org/obo/PATO_0000998	viscous
269	http://purl.obolibrary.org/obo/PATO_0000999	alternation
270	http://purl.obolibrary.org/obo/PATO_0001005	latency
271	http://purl.obolibrary.org/obo/PATO_0001018	physical quality
272	http://purl.obolibrary.org/obo/PATO_0001019	mass density
273	http://purl.obolibrary.org/obo/PATO_0001020	damage
274	http://purl.obolibrary.org/obo/PATO_0001021	energy
275	http://purl.obolibrary.org/obo/PATO_0001022	impulse
276	http://purl.obolibrary.org/obo/PATO_0001023	momentum
277	http://purl.obolibrary.org/obo/PATO_0001024	power
278	http://purl.obolibrary.org/obo/PATO_0001025	pressure
279	http://purl.obolibrary.org/obo/PATO_0001026	work
280	http://purl.obolibrary.org/obo/PATO_0001028	acceleration
281	http://purl.obolibrary.org/obo/PATO_0001029	efficiency
282	http://purl.obolibrary.org/obo/PATO_0001030	flux
283	http://purl.obolibrary.org/obo/PATO_0001031	elasticity
284	http://purl.obolibrary.org/obo/PATO_0001034	strain
285	http://purl.obolibrary.org/obo/PATO_0001035	force
286	http://purl.obolibrary.org/obo/PATO_0001043	susceptibility toward
287	http://purl.obolibrary.org/obo/PATO_0001046	resistance to
288	http://purl.obolibrary.org/obo/PATO_0001051	acute angle to
289	http://purl.obolibrary.org/obo/PATO_0001052	obtuse angle to
290	http://purl.obolibrary.org/obo/PATO_0001053	convex angle to
291	http://purl.obolibrary.org/obo/PATO_0001054	internal angle
292	http://purl.obolibrary.org/obo/PATO_0001055	reflex angle to
293	http://purl.obolibrary.org/obo/PATO_0001152	susceptible toward
294	http://purl.obolibrary.org/obo/PATO_0001153	insusceptible toward
295	http://purl.obolibrary.org/obo/PATO_0001154	elongated
296	http://purl.obolibrary.org/obo/PATO_0001159	concentrated
297	http://purl.obolibrary.org/obo/PATO_0001161	diluted
298	http://purl.obolibrary.org/obo/PATO_0001162	increased concentration
299	http://purl.obolibrary.org/obo/PATO_0001163	decreased concentration
300	http://purl.obolibrary.org/obo/PATO_0001164	dense
301	http://purl.obolibrary.org/obo/PATO_0001167	damaged
302	http://purl.obolibrary.org/obo/PATO_0001168	undamaged
303	http://purl.obolibrary.org/obo/PATO_0001171	elastic
304	http://purl.obolibrary.org/obo/PATO_0001172	inelastic
305	http://purl.obolibrary.org/obo/PATO_0001178	resistant to
306	http://purl.obolibrary.org/obo/PATO_0001185	larval
307	http://purl.obolibrary.org/obo/PATO_0001186	prepubescent
308	http://purl.obolibrary.org/obo/PATO_0001187	pupal
309	http://purl.obolibrary.org/obo/PATO_0001188	prepupal
310	http://purl.obolibrary.org/obo/PATO_0001189	adolescent
311	http://purl.obolibrary.org/obo/PATO_0001190	juvenile
312	http://purl.obolibrary.org/obo/PATO_0001191	medial to
313	http://purl.obolibrary.org/obo/PATO_0001192	hyperresponsive to
314	http://purl.obolibrary.org/obo/PATO_0001193	lateral to
315	http://purl.obolibrary.org/obo/PATO_0001194	hyporesponsive to
316	http://purl.obolibrary.org/obo/PATO_0001195	proximal to
317	http://purl.obolibrary.org/obo/PATO_0001196	ventral to
318	http://purl.obolibrary.org/obo/PATO_0001199	linear
319	http://purl.obolibrary.org/obo/PATO_0001200	T-shaped
320	http://purl.obolibrary.org/obo/PATO_0001201	Y-shaped
321	http://purl.obolibrary.org/obo/PATO_0001205	dentated
322	http://purl.obolibrary.org/obo/PATO_0001206	serrated
323	http://purl.obolibrary.org/obo/PATO_0001208	odorless
324	http://purl.obolibrary.org/obo/PATO_0001227	variant
325	http://purl.obolibrary.org/obo/PATO_0001229	high saturation
326	http://purl.obolibrary.org/obo/PATO_0001230	strength
327	http://purl.obolibrary.org/obo/PATO_0001233	dorsal to
328	http://purl.obolibrary.org/obo/PATO_0001234	distal to
329	http://purl.obolibrary.org/obo/PATO_0001236	process quality
330	http://purl.obolibrary.org/obo/PATO_0001241	physical object quality
331	http://purl.obolibrary.org/obo/PATO_0001242	wavelength
332	http://purl.obolibrary.org/obo/PATO_0001243	light blue
333	http://purl.obolibrary.org/obo/PATO_0001244	dark blue
334	http://purl.obolibrary.org/obo/PATO_0001245	dark brown
335	http://purl.obolibrary.org/obo/PATO_0001246	light brown
336	http://purl.obolibrary.org/obo/PATO_0001247	light cyan
337	http://purl.obolibrary.org/obo/PATO_0001248	dark cyan
338	http://purl.obolibrary.org/obo/PATO_0001249	dark green
339	http://purl.obolibrary.org/obo/PATO_0001250	light green
340	http://purl.obolibrary.org/obo/PATO_0001251	dark grey
341	http://purl.obolibrary.org/obo/PATO_0001252	light grey
342	http://purl.obolibrary.org/obo/PATO_0001253	light magenta
343	http://purl.obolibrary.org/obo/PATO_0001254	dark magenta
344	http://purl.obolibrary.org/obo/PATO_0001255	light orange
345	http://purl.obolibrary.org/obo/PATO_0001256	dark orange
346	http://purl.obolibrary.org/obo/PATO_0001257	light deep pink
347	http://purl.obolibrary.org/obo/PATO_0001258	deep pink
348	http://purl.obolibrary.org/obo/PATO_0001259	dark purple
349	http://purl.obolibrary.org/obo/PATO_0001260	light purple
350	http://purl.obolibrary.org/obo/PATO_0001261	dark red
351	http://purl.obolibrary.org/obo/PATO_0001262	light red
352	http://purl.obolibrary.org/obo/PATO_0001263	dark yellow
353	http://purl.obolibrary.org/obo/PATO_0001264	light yellow
354	http://purl.obolibrary.org/obo/PATO_0001265	saturated blue
355	http://purl.obolibrary.org/obo/PATO_0001266	desaturated blue
356	http://purl.obolibrary.org/obo/PATO_0001267	saturated brown
357	http://purl.obolibrary.org/obo/PATO_0001268	desaturated brown
358	http://purl.obolibrary.org/obo/PATO_0001269	saturated cyan
359	http://purl.obolibrary.org/obo/PATO_0001270	desaturated cyan
360	http://purl.obolibrary.org/obo/PATO_0001271	saturated green
361	http://purl.obolibrary.org/obo/PATO_0001272	desaturated green
362	http://purl.obolibrary.org/obo/PATO_0001275	saturated magenta
363	http://purl.obolibrary.org/obo/PATO_0001276	desaturated magenta
364	http://purl.obolibrary.org/obo/PATO_0001277	saturated orange
365	http://purl.obolibrary.org/obo/PATO_0001278	desaturated orange
366	http://purl.obolibrary.org/obo/PATO_0001280	dark pale pink
367	http://purl.obolibrary.org/obo/PATO_0001281	saturated purple
368	http://purl.obolibrary.org/obo/PATO_0001282	desaturated purple
369	http://purl.obolibrary.org/obo/PATO_0001283	saturated red
370	http://purl.obolibrary.org/obo/PATO_0001284	desaturated red
371	http://purl.obolibrary.org/obo/PATO_0001285	saturated yellow
372	http://purl.obolibrary.org/obo/PATO_0001286	desaturated yellow
373	http://purl.obolibrary.org/obo/PATO_0001287	red brown
374	http://purl.obolibrary.org/obo/PATO_0001288	dark red brown
375	http://purl.obolibrary.org/obo/PATO_0001289	light red brown
376	http://purl.obolibrary.org/obo/PATO_0001290	fluorescent
377	http://purl.obolibrary.org/obo/PATO_0001292	full-spectrum EM radiation quality
378	http://purl.obolibrary.org/obo/PATO_0001293	absorption quality
379	http://purl.obolibrary.org/obo/PATO_0001294	radiation reflective quality
380	http://purl.obolibrary.org/obo/PATO_0001295	albedo
381	http://purl.obolibrary.org/obo/PATO_0001296	luminous flux
382	http://purl.obolibrary.org/obo/PATO_0001297	reflectivity
383	http://purl.obolibrary.org/obo/PATO_0001298	phosphorescence
384	http://purl.obolibrary.org/obo/PATO_0001299	radiation emitting quality
385	http://purl.obolibrary.org/obo/PATO_0001300	optical quality
386	http://purl.obolibrary.org/obo/PATO_0001301	chromatic property
387	http://purl.obolibrary.org/obo/PATO_0001302	vermilion
388	http://purl.obolibrary.org/obo/PATO_0001303	variability
389	http://purl.obolibrary.org/obo/PATO_0001304	variability of temperature
390	http://purl.obolibrary.org/obo/PATO_0001305	increased temperature
391	http://purl.obolibrary.org/obo/PATO_0001306	decreased temperature
392	http://purl.obolibrary.org/obo/PATO_0001307	decreased variability of temperature
393	http://purl.obolibrary.org/obo/PATO_0001308	increased variability of temperature
394	http://purl.obolibrary.org/obo/PATO_0001309	duration
395	http://purl.obolibrary.org/obo/PATO_0001310	duration of temperature
396	http://purl.obolibrary.org/obo/PATO_0001311	decreased duration of temperature
397	http://purl.obolibrary.org/obo/PATO_0001312	increased duration of temperature
398	http://purl.obolibrary.org/obo/PATO_0001313	invariant temperature
399	http://purl.obolibrary.org/obo/PATO_0001314	variant temperature
400	http://purl.obolibrary.org/obo/PATO_0001315	mild increased temperature
401	http://purl.obolibrary.org/obo/PATO_0001316	moderate increased temperature
402	http://purl.obolibrary.org/obo/PATO_0001317	severe increased temperature
403	http://purl.obolibrary.org/obo/PATO_0001318	indiscriminate
404	http://purl.obolibrary.org/obo/PATO_0001319	discriminate
405	http://purl.obolibrary.org/obo/PATO_0001320	pubescent hair
406	http://purl.obolibrary.org/obo/PATO_0001321	right angle to
407	http://purl.obolibrary.org/obo/PATO_0001322	straight angle to
408	http://purl.obolibrary.org/obo/PATO_0001323	area
409	http://purl.obolibrary.org/obo/PATO_0001324	bilateral symmetry
410	http://purl.obolibrary.org/obo/PATO_0001325	radial symmetry
411	http://purl.obolibrary.org/obo/PATO_0001327	zygomorphic
412	http://purl.obolibrary.org/obo/PATO_0001328	actinomorphic
413	http://purl.obolibrary.org/obo/PATO_0001329	flavourful
414	http://purl.obolibrary.org/obo/PATO_0001330	flavourless
415	http://purl.obolibrary.org/obo/PATO_0001331	odorous
416	http://purl.obolibrary.org/obo/PATO_0001332	amorphous
417	http://purl.obolibrary.org/obo/PATO_0001333	temporally extended
418	http://purl.obolibrary.org/obo/PATO_0001334	diameter
419	http://purl.obolibrary.org/obo/PATO_0001335	bacterial mating type
420	http://purl.obolibrary.org/obo/PATO_0001337	yeast mating type
421	http://purl.obolibrary.org/obo/PATO_0001338	mixed sex
422	http://purl.obolibrary.org/obo/PATO_0001339	biomaterial purity
423	http://purl.obolibrary.org/obo/PATO_0001340	hermaphrodite
424	http://purl.obolibrary.org/obo/PATO_0001341	a mating type (yeast)
425	http://purl.obolibrary.org/obo/PATO_0001342	Saccharomyces cerevisiae mating type
426	http://purl.obolibrary.org/obo/PATO_0001343	Schizosaccharomyces pombe mating type
427	http://purl.obolibrary.org/obo/PATO_0001344	alpha mating type (yeast)
428	http://purl.obolibrary.org/obo/PATO_0001345	h minus
429	http://purl.obolibrary.org/obo/PATO_0001346	h plus
430	http://purl.obolibrary.org/obo/PATO_0001347	F mating type
431	http://purl.obolibrary.org/obo/PATO_0001348	F minus mating type
432	http://purl.obolibrary.org/obo/PATO_0001349	high frequency recombinant
433	http://purl.obolibrary.org/obo/PATO_0001350	angular acceleration
434	http://purl.obolibrary.org/obo/PATO_0001351	area density
435	http://purl.obolibrary.org/obo/PATO_0001352	linear density
436	http://purl.obolibrary.org/obo/PATO_0001353	volumetric density
437	http://purl.obolibrary.org/obo/PATO_0001354	translucent
438	http://purl.obolibrary.org/obo/PATO_0001355	convex
439	http://purl.obolibrary.org/obo/PATO_0001356	pleomorphic
440	http://purl.obolibrary.org/obo/PATO_0001357	pulvinate
441	http://purl.obolibrary.org/obo/PATO_0001358	umbonate
442	http://purl.obolibrary.org/obo/PATO_0001359	rugose
443	http://purl.obolibrary.org/obo/PATO_0001360	filamentous
444	http://purl.obolibrary.org/obo/PATO_0001361	warty
445	http://purl.obolibrary.org/obo/PATO_0001362	fragile
446	http://purl.obolibrary.org/obo/PATO_0001364	rhizoidal
447	http://purl.obolibrary.org/obo/PATO_0001365	spiny
448	http://purl.obolibrary.org/obo/PATO_0001366	punctiform
449	http://purl.obolibrary.org/obo/PATO_0001367	lobate
450	http://purl.obolibrary.org/obo/PATO_0001368	erose
451	http://purl.obolibrary.org/obo/PATO_0001369	raised
452	http://purl.obolibrary.org/obo/PATO_0001370	viscid
453	http://purl.obolibrary.org/obo/PATO_0001371	mucoid
454	http://purl.obolibrary.org/obo/PATO_0001372	refractivity
455	http://purl.obolibrary.org/obo/PATO_0001373	glistening
456	http://purl.obolibrary.org/obo/PATO_0001374	ploidy
457	http://purl.obolibrary.org/obo/PATO_0001375	haploid
458	http://purl.obolibrary.org/obo/PATO_0001376	monoploid
459	http://purl.obolibrary.org/obo/PATO_0001377	polyploid
460	http://purl.obolibrary.org/obo/PATO_0001378	autopolyploid
461	http://purl.obolibrary.org/obo/PATO_0001379	allopolyploidy
462	http://purl.obolibrary.org/obo/PATO_0001380	paleopolyploid
463	http://purl.obolibrary.org/obo/PATO_0001381	triploid
464	http://purl.obolibrary.org/obo/PATO_0001382	tetraploid
465	http://purl.obolibrary.org/obo/PATO_0001383	pentaploid
466	http://purl.obolibrary.org/obo/PATO_0001384	hexaploid
467	http://purl.obolibrary.org/obo/PATO_0001385	aneuploid
468	http://purl.obolibrary.org/obo/PATO_0001386	monosomy
469	http://purl.obolibrary.org/obo/PATO_0001387	disomy
470	http://purl.obolibrary.org/obo/PATO_0001388	uniparental disomy
471	http://purl.obolibrary.org/obo/PATO_0001389	trisomy
472	http://purl.obolibrary.org/obo/PATO_0001390	partial trisomy
473	http://purl.obolibrary.org/obo/PATO_0001391	mosaic trisomy
474	http://purl.obolibrary.org/obo/PATO_0001392	endopolyploid
475	http://purl.obolibrary.org/obo/PATO_0001393	euploid
476	http://purl.obolibrary.org/obo/PATO_0001394	diploid
477	http://purl.obolibrary.org/obo/PATO_0001395	haplodiploid
478	http://purl.obolibrary.org/obo/PATO_0001396	cellular quality
479	http://purl.obolibrary.org/obo/PATO_0001397	cellular potency
480	http://purl.obolibrary.org/obo/PATO_0001398	self-renewal
481	http://purl.obolibrary.org/obo/PATO_0001399	totipotent
482	http://purl.obolibrary.org/obo/PATO_0001400	unipotent
483	http://purl.obolibrary.org/obo/PATO_0001401	oligopotent
484	http://purl.obolibrary.org/obo/PATO_0001402	multipotent
485	http://purl.obolibrary.org/obo/PATO_0001403	pluripotent
486	http://purl.obolibrary.org/obo/PATO_0001404	nucleate quality
487	http://purl.obolibrary.org/obo/PATO_0001405	anucleate
488	http://purl.obolibrary.org/obo/PATO_0001406	binucleate
489	http://purl.obolibrary.org/obo/PATO_0001407	mononucleate
490	http://purl.obolibrary.org/obo/PATO_0001408	ciliated
491	http://purl.obolibrary.org/obo/PATO_0001409	spindle-shaped
492	http://purl.obolibrary.org/obo/PATO_0001410	striated
493	http://purl.obolibrary.org/obo/PATO_0001411	structured
494	http://purl.obolibrary.org/obo/PATO_0001412	unstructured
495	http://purl.obolibrary.org/obo/PATO_0001413	angular velocity
496	http://purl.obolibrary.org/obo/PATO_0001414	catalytic activity
497	http://purl.obolibrary.org/obo/PATO_0001415	morbidity
498	http://purl.obolibrary.org/obo/PATO_0001416	regular duration
499	http://purl.obolibrary.org/obo/PATO_0001417	irregular duration
500	http://purl.obolibrary.org/obo/PATO_0001418	lethargic
501	http://purl.obolibrary.org/obo/PATO_0001419	sharp
502	http://purl.obolibrary.org/obo/PATO_0001420	buoyancy
503	http://purl.obolibrary.org/obo/PATO_0001421	alive
504	http://purl.obolibrary.org/obo/PATO_0001422	dead
505	http://purl.obolibrary.org/obo/PATO_0001423	refractile
506	http://purl.obolibrary.org/obo/PATO_0001424	violet
507	http://purl.obolibrary.org/obo/PATO_0001425	rosy
508	http://purl.obolibrary.org/obo/PATO_0001426	maroon
509	http://purl.obolibrary.org/obo/PATO_0001427	compound acidity
510	http://purl.obolibrary.org/obo/PATO_0001428	medium acidity
511	http://purl.obolibrary.org/obo/PATO_0001429	acidic
512	http://purl.obolibrary.org/obo/PATO_0001430	alkaline
513	http://purl.obolibrary.org/obo/PATO_0001431	adhesivity
514	http://purl.obolibrary.org/obo/PATO_0001432	decayed
515	http://purl.obolibrary.org/obo/PATO_0001433	growth quality of occurrent
516	http://purl.obolibrary.org/obo/PATO_0001434	reproductive quality
517	http://purl.obolibrary.org/obo/PATO_0001435	attachment quality
518	http://purl.obolibrary.org/obo/PATO_0001436	sessile (sensu botany)
519	http://purl.obolibrary.org/obo/PATO_0001437	sessile (sensu zoology)
520	http://purl.obolibrary.org/obo/PATO_0001438	pedicellate
521	http://purl.obolibrary.org/obo/PATO_0001439	tonicity
522	http://purl.obolibrary.org/obo/PATO_0001440	homophilic
523	http://purl.obolibrary.org/obo/PATO_0001441	heterophilic
524	http://purl.obolibrary.org/obo/PATO_0001442	wholeness
525	http://purl.obolibrary.org/obo/PATO_0001444	broken
526	http://purl.obolibrary.org/obo/PATO_0001445	disassembled
527	http://purl.obolibrary.org/obo/PATO_0001446	whole
528	http://purl.obolibrary.org/obo/PATO_0001447	calcified
529	http://purl.obolibrary.org/obo/PATO_0001448	ossified
530	http://purl.obolibrary.org/obo/PATO_0001449	cartilaginous
531	http://purl.obolibrary.org/obo/PATO_0001450	edematous
532	http://purl.obolibrary.org/obo/PATO_0001453	detached from
533	http://purl.obolibrary.org/obo/PATO_0001454	sensitivity to oxygen
534	http://purl.obolibrary.org/obo/PATO_0001455	aerobic
535	http://purl.obolibrary.org/obo/PATO_0001456	anaerobic
536	http://purl.obolibrary.org/obo/PATO_0001457	sensitivity of a process
537	http://purl.obolibrary.org/obo/PATO_0001458	sensitivity of a process to oxygen
538	http://purl.obolibrary.org/obo/PATO_0001459	aerobic (for occurrence)
539	http://purl.obolibrary.org/obo/PATO_0001460	anaerobic (for occurrence)
540	http://purl.obolibrary.org/obo/PATO_0001461	surface tension
541	http://purl.obolibrary.org/obo/PATO_0001462	membrane potential
542	http://purl.obolibrary.org/obo/PATO_0001463	action potential
543	http://purl.obolibrary.org/obo/PATO_0001464	electric potential
544	http://purl.obolibrary.org/obo/PATO_0001465	monstrous
545	http://purl.obolibrary.org/obo/PATO_0001466	curved rostral
546	http://purl.obolibrary.org/obo/PATO_0001467	curved caudal
547	http://purl.obolibrary.org/obo/PATO_0001468	curved dorsal
548	http://purl.obolibrary.org/obo/PATO_0001469	curved ventral
549	http://purl.obolibrary.org/obo/PATO_0001470	ratio
550	http://purl.obolibrary.org/obo/PATO_0001472	decreased depth
551	http://purl.obolibrary.org/obo/PATO_0001473	duplicated
552	http://purl.obolibrary.org/obo/PATO_0001474	anteverted
553	http://purl.obolibrary.org/obo/PATO_0001475	increased position
554	http://purl.obolibrary.org/obo/PATO_0001476	decreased position
555	http://purl.obolibrary.org/obo/PATO_0001477	retracted
556	http://purl.obolibrary.org/obo/PATO_0001478	collapsed
557	http://purl.obolibrary.org/obo/PATO_0001480	spongy
558	http://purl.obolibrary.org/obo/PATO_0001481	sloped
559	http://purl.obolibrary.org/obo/PATO_0001482	prominent
560	http://purl.obolibrary.org/obo/PATO_0001483	aplastic
561	http://purl.obolibrary.org/obo/PATO_0001484	recent
562	http://purl.obolibrary.org/obo/PATO_0001485	condensed
563	http://purl.obolibrary.org/obo/PATO_0001486	chronological age
564	http://purl.obolibrary.org/obo/PATO_0001487	senescent
565	http://purl.obolibrary.org/obo/PATO_0001488	cellular motility
566	http://purl.obolibrary.org/obo/PATO_0001490	heterochronic growth
567	http://purl.obolibrary.org/obo/PATO_0001491	neotenous growth
568	http://purl.obolibrary.org/obo/PATO_0001492	growth rate
569	http://purl.obolibrary.org/obo/PATO_0001493	hypertrophic growth
570	http://purl.obolibrary.org/obo/PATO_0001494	hypotrophic growth
571	http://purl.obolibrary.org/obo/PATO_0001495	notched
572	http://purl.obolibrary.org/obo/PATO_0001496	brood quality
573	http://purl.obolibrary.org/obo/PATO_0001497	brood viability
574	http://purl.obolibrary.org/obo/PATO_0001499	spherical
575	http://purl.obolibrary.org/obo/PATO_0001500	tapered
576	http://purl.obolibrary.org/obo/PATO_0001501	immature
577	http://purl.obolibrary.org/obo/PATO_0001502	complexity
578	http://purl.obolibrary.org/obo/PATO_0001503	simple
579	http://purl.obolibrary.org/obo/PATO_0001504	complex
580	http://purl.obolibrary.org/obo/PATO_0001505	separated from
581	http://purl.obolibrary.org/obo/PATO_0001506	diastatic
582	http://purl.obolibrary.org/obo/PATO_0001507	disrupted
583	http://purl.obolibrary.org/obo/PATO_0001509	functionality
584	http://purl.obolibrary.org/obo/PATO_0001510	functional
585	http://purl.obolibrary.org/obo/PATO_0001511	non-functional
586	http://purl.obolibrary.org/obo/PATO_0001512	punctate
587	http://purl.obolibrary.org/obo/PATO_0001514	delaminated
588	http://purl.obolibrary.org/obo/PATO_0001515	variable color
589	http://purl.obolibrary.org/obo/PATO_0001516	focus
590	http://purl.obolibrary.org/obo/PATO_0001517	focused
591	http://purl.obolibrary.org/obo/PATO_0001518	blurry
592	http://purl.obolibrary.org/obo/PATO_0001519	sound quality
593	http://purl.obolibrary.org/obo/PATO_0001520	sound frequency
594	http://purl.obolibrary.org/obo/PATO_0001521	sound amplitude
595	http://purl.obolibrary.org/obo/PATO_0001522	sound speed
596	http://purl.obolibrary.org/obo/PATO_0001523	sound wavelength
597	http://purl.obolibrary.org/obo/PATO_0001524	intrasonic
598	http://purl.obolibrary.org/obo/PATO_0001525	sonic
599	http://purl.obolibrary.org/obo/PATO_0001526	ultrasonic
600	http://purl.obolibrary.org/obo/PATO_0001527	quiet
601	http://purl.obolibrary.org/obo/PATO_0001528	loud
602	http://purl.obolibrary.org/obo/PATO_0001529	cellular spatiotemporal quality
603	http://purl.obolibrary.org/obo/PATO_0001530	behavioral quality of a process
604	http://purl.obolibrary.org/obo/PATO_0001531	cellular adhesivity
605	http://purl.obolibrary.org/obo/PATO_0001532	mono-colored
606	http://purl.obolibrary.org/obo/PATO_0001533	multi-colored
607	http://purl.obolibrary.org/obo/PATO_0001534	motley
608	http://purl.obolibrary.org/obo/PATO_0001535	dappled
609	http://purl.obolibrary.org/obo/PATO_0001536	solubility
610	http://purl.obolibrary.org/obo/PATO_0001537	soluble in
611	http://purl.obolibrary.org/obo/PATO_0001538	insoluble in
612	http://purl.obolibrary.org/obo/PATO_0001539	amylose composition
613	http://purl.obolibrary.org/obo/PATO_0001540	glutinous
614	http://purl.obolibrary.org/obo/PATO_0001541	non-glutinous
615	http://purl.obolibrary.org/obo/PATO_0001542	delayed phase
616	http://purl.obolibrary.org/obo/PATO_0001543	flexibility
617	http://purl.obolibrary.org/obo/PATO_0001544	flexible
618	http://purl.obolibrary.org/obo/PATO_0001545	inflexible
619	http://purl.obolibrary.org/obo/PATO_0001546	quality of a solid
620	http://purl.obolibrary.org/obo/PATO_0001547	quality of a gas
621	http://purl.obolibrary.org/obo/PATO_0001548	quality of a liquid
622	http://purl.obolibrary.org/obo/PATO_0001549	increased sensitivity toward
623	http://purl.obolibrary.org/obo/PATO_0001550	decreased sensitivity toward
624	http://purl.obolibrary.org/obo/PATO_0001551	increased sensitivity of a process
625	http://purl.obolibrary.org/obo/PATO_0001552	decreased sensitivity of a process
626	http://purl.obolibrary.org/obo/PATO_0001553	increased sensitivity of a process to oxygen
627	http://purl.obolibrary.org/obo/PATO_0001554	decreased sensitivity of a process to oxygen
628	http://purl.obolibrary.org/obo/PATO_0001555	has number of
629	http://purl.obolibrary.org/obo/PATO_0001558	lacking processual parts
630	http://purl.obolibrary.org/obo/PATO_0001559	having extra function
631	http://purl.obolibrary.org/obo/PATO_0001561	having extra processual parts
632	http://purl.obolibrary.org/obo/PATO_0001562	decreased mass
633	http://purl.obolibrary.org/obo/PATO_0001563	increased mass
634	http://purl.obolibrary.org/obo/PATO_0001564	extra or missing processual parts
635	http://purl.obolibrary.org/obo/PATO_0001566	distributed
636	http://purl.obolibrary.org/obo/PATO_0001567	undistributed
637	http://purl.obolibrary.org/obo/PATO_0001570	having decreased processual parts
638	http://purl.obolibrary.org/obo/PATO_0001571	dilated
639	http://purl.obolibrary.org/obo/PATO_0001573	isometrical
640	http://purl.obolibrary.org/obo/PATO_0001574	flow rate
641	http://purl.obolibrary.org/obo/PATO_0001575	decreased pressure
642	http://purl.obolibrary.org/obo/PATO_0001576	increased pressure
643	http://purl.obolibrary.org/obo/PATO_0001577	increased permeability
644	http://purl.obolibrary.org/obo/PATO_0001578	decreased permeability
645	http://purl.obolibrary.org/obo/PATO_0001579	contractility
646	http://purl.obolibrary.org/obo/PATO_0001580	increased contractility
647	http://purl.obolibrary.org/obo/PATO_0001581	decreased contractility
648	http://purl.obolibrary.org/obo/PATO_0001583	decreased variability
649	http://purl.obolibrary.org/obo/PATO_0001584	increased variability
650	http://purl.obolibrary.org/obo/PATO_0001585	conductivity
651	http://purl.obolibrary.org/obo/PATO_0001586	variability of rate
652	http://purl.obolibrary.org/obo/PATO_0001587	increased variability of rate
653	http://purl.obolibrary.org/obo/PATO_0001588	decreased variability of rate
654	http://purl.obolibrary.org/obo/PATO_0001590	overlap with
655	http://purl.obolibrary.org/obo/PATO_0001591	curvature
656	http://purl.obolibrary.org/obo/PATO_0001592	increased curvature
657	http://purl.obolibrary.org/obo/PATO_0001593	decreased curvature
658	http://purl.obolibrary.org/obo/PATO_0001594	arched
659	http://purl.obolibrary.org/obo/PATO_0001595	depth
660	http://purl.obolibrary.org/obo/PATO_0001596	increased depth
661	http://purl.obolibrary.org/obo/PATO_0001597	everted
662	http://purl.obolibrary.org/obo/PATO_0001598	protruding
663	http://purl.obolibrary.org/obo/PATO_0001599	rotated
664	http://purl.obolibrary.org/obo/PATO_0001600	posteriorly rotated
665	http://purl.obolibrary.org/obo/PATO_0001601	anteriorly rotated
666	http://purl.obolibrary.org/obo/PATO_0001602	distended
667	http://purl.obolibrary.org/obo/PATO_0001603	increased life span
668	http://purl.obolibrary.org/obo/PATO_0001604	decreased life span
669	http://purl.obolibrary.org/obo/PATO_0001605	disheveled
670	http://purl.obolibrary.org/obo/PATO_0001606	greasy
671	http://purl.obolibrary.org/obo/PATO_0001607	matted
672	http://purl.obolibrary.org/obo/PATO_0001608	patchy
673	http://purl.obolibrary.org/obo/PATO_0001609	sparse
674	http://purl.obolibrary.org/obo/PATO_0001611	variability of color
675	http://purl.obolibrary.org/obo/PATO_0001612	increased variability of color
676	http://purl.obolibrary.org/obo/PATO_0001613	decreased variability of color
677	http://purl.obolibrary.org/obo/PATO_0001614	invariant color
678	http://purl.obolibrary.org/obo/PATO_0001615	variant color
679	http://purl.obolibrary.org/obo/PATO_0001617	deformed
680	http://purl.obolibrary.org/obo/PATO_0001618	increased tonicity
681	http://purl.obolibrary.org/obo/PATO_0001619	decreased tonicity
682	http://purl.obolibrary.org/obo/PATO_0001620	turgor
683	http://purl.obolibrary.org/obo/PATO_0001621	decreased turgor
684	http://purl.obolibrary.org/obo/PATO_0001622	increased turgor
685	http://purl.obolibrary.org/obo/PATO_0001623	atrophied
686	http://purl.obolibrary.org/obo/PATO_0001624	decreased functionality
687	http://purl.obolibrary.org/obo/PATO_0001625	increased functionality
688	http://purl.obolibrary.org/obo/PATO_0001626	sufficiency
689	http://purl.obolibrary.org/obo/PATO_0001627	sufficient
690	http://purl.obolibrary.org/obo/PATO_0001628	insufficient
691	http://purl.obolibrary.org/obo/PATO_0001629	aggregated
692	http://purl.obolibrary.org/obo/PATO_0001630	dispersed
693	http://purl.obolibrary.org/obo/PATO_0001632	anterior to
694	http://purl.obolibrary.org/obo/PATO_0001633	posterior to
695	http://purl.obolibrary.org/obo/PATO_0001634	necessity (continuant)
696	http://purl.obolibrary.org/obo/PATO_0001635	necessary (continuant)
697	http://purl.obolibrary.org/obo/PATO_0001636	unnecessary (continuant)
698	http://purl.obolibrary.org/obo/PATO_0001637	necessity of occurrent
699	http://purl.obolibrary.org/obo/PATO_0001638	necessary (occurrent)
700	http://purl.obolibrary.org/obo/PATO_0001639	unnecessary (occurrent)
701	http://purl.obolibrary.org/obo/PATO_0001643	stubby
702	http://purl.obolibrary.org/obo/PATO_0001645	protruding into
703	http://purl.obolibrary.org/obo/PATO_0001646	protruding out of
704	http://purl.obolibrary.org/obo/PATO_0001648	circumference
705	http://purl.obolibrary.org/obo/PATO_0001649	curved lateral
706	http://purl.obolibrary.org/obo/PATO_0001650	increased resistance to
707	http://purl.obolibrary.org/obo/PATO_0001651	decreased resistance to
708	http://purl.obolibrary.org/obo/PATO_0001652	alignment
709	http://purl.obolibrary.org/obo/PATO_0001653	aligned with
710	http://purl.obolibrary.org/obo/PATO_0001654	misaligned with
711	http://purl.obolibrary.org/obo/PATO_0001655	osmolarity
712	http://purl.obolibrary.org/obo/PATO_0001656	decreased osmolarity
713	http://purl.obolibrary.org/obo/PATO_0001657	increased osmolarity
714	http://purl.obolibrary.org/obo/PATO_0001658	dorsally rotated
715	http://purl.obolibrary.org/obo/PATO_0001659	ventrally rotated
716	http://purl.obolibrary.org/obo/PATO_0001662	fragility
717	http://purl.obolibrary.org/obo/PATO_0001663	increased solubility
718	http://purl.obolibrary.org/obo/PATO_0001664	decreased solubility
719	http://purl.obolibrary.org/obo/PATO_0001665	superficial
720	http://purl.obolibrary.org/obo/PATO_0001667	attached to
721	http://purl.obolibrary.org/obo/PATO_0001668	associated with
722	http://purl.obolibrary.org/obo/PATO_0001669	increased susceptibility toward
723	http://purl.obolibrary.org/obo/PATO_0001670	decreased susceptibility toward
724	http://purl.obolibrary.org/obo/PATO_0001671	increased distribution
725	http://purl.obolibrary.org/obo/PATO_0001672	decreased distribution
726	http://purl.obolibrary.org/obo/PATO_0001673	cystic
727	http://purl.obolibrary.org/obo/PATO_0001674	catalytic (activity) concentration
728	http://purl.obolibrary.org/obo/PATO_0001675	decreased efficiency
729	http://purl.obolibrary.org/obo/PATO_0001676	increased efficiency
730	http://purl.obolibrary.org/obo/PATO_0001677	inefficient
731	http://purl.obolibrary.org/obo/PATO_0001678	efficient
732	http://purl.obolibrary.org/obo/PATO_0001679	specific volume
733	http://purl.obolibrary.org/obo/PATO_0001680	molar volume
734	http://purl.obolibrary.org/obo/PATO_0001681	molar mass
735	http://purl.obolibrary.org/obo/PATO_0001682	magnetism
736	http://purl.obolibrary.org/obo/PATO_0001683	increased magnetism
737	http://purl.obolibrary.org/obo/PATO_0001684	decreased magnetism
738	http://purl.obolibrary.org/obo/PATO_0001685	magnetic
739	http://purl.obolibrary.org/obo/PATO_0001686	non-magnetic
740	http://purl.obolibrary.org/obo/PATO_0001687	elevation
741	http://purl.obolibrary.org/obo/PATO_0001688	increased elevation
742	http://purl.obolibrary.org/obo/PATO_0001689	decreased elevation
743	http://purl.obolibrary.org/obo/PATO_0001690	contractile
744	http://purl.obolibrary.org/obo/PATO_0001691	non-contractile
745	http://purl.obolibrary.org/obo/PATO_0001693	increased viscosity
746	http://purl.obolibrary.org/obo/PATO_0001694	decreased viscosity
747	http://purl.obolibrary.org/obo/PATO_0001695	increased fecundity
748	http://purl.obolibrary.org/obo/PATO_0001696	decreased fecundity
749	http://purl.obolibrary.org/obo/PATO_0001697	decreased photosensitivity
750	http://purl.obolibrary.org/obo/PATO_0001698	increased photosensitivity
751	http://purl.obolibrary.org/obo/PATO_0001699	regular sleep pattern
752	http://purl.obolibrary.org/obo/PATO_0001700	irregular sleep pattern
753	http://purl.obolibrary.org/obo/PATO_0001701	mature
754	http://purl.obolibrary.org/obo/PATO_0001702	saturated violet
755	http://purl.obolibrary.org/obo/PATO_0001703	desaturated violet
756	http://purl.obolibrary.org/obo/PATO_0001704	light violet
757	http://purl.obolibrary.org/obo/PATO_0001705	dark violet
758	http://purl.obolibrary.org/obo/PATO_0001706	behavioural inactive
759	http://purl.obolibrary.org/obo/PATO_0001707	behavioural active
760	http://purl.obolibrary.org/obo/PATO_0001708	1-D extent
761	http://purl.obolibrary.org/obo/PATO_0001709	2-D extent
762	http://purl.obolibrary.org/obo/PATO_0001710	3-D extent
763	http://purl.obolibrary.org/obo/PATO_0001711	perimeter
764	http://purl.obolibrary.org/obo/PATO_0001712	increased perimeter
765	http://purl.obolibrary.org/obo/PATO_0001713	decreased perimeter
766	http://purl.obolibrary.org/obo/PATO_0001714	increased diameter
767	http://purl.obolibrary.org/obo/PATO_0001715	decreased diameter
768	http://purl.obolibrary.org/obo/PATO_0001716	non-fragile
769	http://purl.obolibrary.org/obo/PATO_0001717	radiation emitting intensity quality
770	http://purl.obolibrary.org/obo/PATO_0001718	luminance
771	http://purl.obolibrary.org/obo/PATO_0001719	receptivity
772	http://purl.obolibrary.org/obo/PATO_0001720	female receptivity
773	http://purl.obolibrary.org/obo/PATO_0001721	male receptivity
774	http://purl.obolibrary.org/obo/PATO_0001723	increased female receptivity
775	http://purl.obolibrary.org/obo/PATO_0001724	decreased female receptivity
776	http://purl.obolibrary.org/obo/PATO_0001725	increased male receptivity
777	http://purl.obolibrary.org/obo/PATO_0001726	decreased male receptivity
778	http://purl.obolibrary.org/obo/PATO_0001727	disposition
779	http://purl.obolibrary.org/obo/PATO_0001728	multi-cellular organismal disposition
780	http://purl.obolibrary.org/obo/PATO_0001729	shedability
781	http://purl.obolibrary.org/obo/PATO_0001730	deciduous (generic)
782	http://purl.obolibrary.org/obo/PATO_0001731	deciduous (plant)
783	http://purl.obolibrary.org/obo/PATO_0001732	non-deciduous (any body part)
784	http://purl.obolibrary.org/obo/PATO_0001733	evergreen (plant)
785	http://purl.obolibrary.org/obo/PATO_0001734	semi-deciduous(plant)
786	http://purl.obolibrary.org/obo/PATO_0001735	liquid configuration
787	http://purl.obolibrary.org/obo/PATO_0001736	solid configuration
788	http://purl.obolibrary.org/obo/PATO_0001737	gaseus configuration
789	http://purl.obolibrary.org/obo/PATO_0001738	dissociated from
790	http://purl.obolibrary.org/obo/PATO_0001739	radiation quality
791	http://purl.obolibrary.org/obo/PATO_0001740	activity (of a radionuclide)
792	http://purl.obolibrary.org/obo/PATO_0001741	radioactive
793	http://purl.obolibrary.org/obo/PATO_0001742	increased radioactivity
794	http://purl.obolibrary.org/obo/PATO_0001743	decreased radioactivity
795	http://purl.obolibrary.org/obo/PATO_0001744	irradiated
796	http://purl.obolibrary.org/obo/PATO_0001748	invaginated
797	http://purl.obolibrary.org/obo/PATO_0001749	paedomorphic growth
798	http://purl.obolibrary.org/obo/PATO_0001750	postdisplaced growth
799	http://purl.obolibrary.org/obo/PATO_0001751	progenetic growth
800	http://purl.obolibrary.org/obo/PATO_0001752	peramorphic growth
801	http://purl.obolibrary.org/obo/PATO_0001753	accelerated growth
802	http://purl.obolibrary.org/obo/PATO_0001754	predisplaced growth
803	http://purl.obolibrary.org/obo/PATO_0001755	hypermorphic growth
804	http://purl.obolibrary.org/obo/PATO_0001756	heat conductivity
805	http://purl.obolibrary.org/obo/PATO_0001757	electrical conductivity
806	http://purl.obolibrary.org/obo/PATO_0001758	nerve conductivity
807	http://purl.obolibrary.org/obo/PATO_0001759	granular
808	http://purl.obolibrary.org/obo/PATO_0001760	female semi-fertile
809	http://purl.obolibrary.org/obo/PATO_0001761	male semi-fertile
810	http://purl.obolibrary.org/obo/PATO_0001762	male semi-sterile
811	http://purl.obolibrary.org/obo/PATO_0001763	female semi-sterile
812	http://purl.obolibrary.org/obo/PATO_0001764	increased age
813	http://purl.obolibrary.org/obo/PATO_0001765	decreased age
814	http://purl.obolibrary.org/obo/PATO_0001767	semi-fertile
815	http://purl.obolibrary.org/obo/PATO_0001768	semi-lethal (sensu genetics)
816	http://purl.obolibrary.org/obo/PATO_0001769	positional polarity
817	http://purl.obolibrary.org/obo/PATO_0001770	semi-viable
818	http://purl.obolibrary.org/obo/PATO_0001772	surrounding
819	http://purl.obolibrary.org/obo/PATO_0001773	monophasic
820	http://purl.obolibrary.org/obo/PATO_0001774	polyphasic
821	http://purl.obolibrary.org/obo/PATO_0001775	dorsal-ventral polarity
822	http://purl.obolibrary.org/obo/PATO_0001776	increased flexibility
823	http://purl.obolibrary.org/obo/PATO_0001777	decreased flexibility
824	http://purl.obolibrary.org/obo/PATO_0001778	increased strength
825	http://purl.obolibrary.org/obo/PATO_0001779	decreased strength
826	http://purl.obolibrary.org/obo/PATO_0001780	dystrophic
827	http://purl.obolibrary.org/obo/PATO_0001781	irregular thickness
828	http://purl.obolibrary.org/obo/PATO_0001782	increased intensity
829	http://purl.obolibrary.org/obo/PATO_0001783	decreased intensity
830	http://purl.obolibrary.org/obo/PATO_0001784	bifurcated
831	http://purl.obolibrary.org/obo/PATO_0001785	splayed
832	http://purl.obolibrary.org/obo/PATO_0001786	split
833	http://purl.obolibrary.org/obo/PATO_0001787	rotational curvature
834	http://purl.obolibrary.org/obo/PATO_0001788	increased mass density
835	http://purl.obolibrary.org/obo/PATO_0001789	domed
836	http://purl.obolibrary.org/obo/PATO_0001790	decreased mass density
837	http://purl.obolibrary.org/obo/PATO_0001791	multi-localised
838	http://purl.obolibrary.org/obo/PATO_0001792	left side of
839	http://purl.obolibrary.org/obo/PATO_0001793	right side of
840	http://purl.obolibrary.org/obo/PATO_0001794	coiling
841	http://purl.obolibrary.org/obo/PATO_0001795	increased coiling
842	http://purl.obolibrary.org/obo/PATO_0001796	decreased coiling
843	http://purl.obolibrary.org/obo/PATO_0001798	kinked
844	http://purl.obolibrary.org/obo/PATO_0001799	ruffled
845	http://purl.obolibrary.org/obo/PATO_0001800	water composition
846	http://purl.obolibrary.org/obo/PATO_0001801	decreased water composition
847	http://purl.obolibrary.org/obo/PATO_0001802	loose
848	http://purl.obolibrary.org/obo/PATO_0001803	phototoxic
849	http://purl.obolibrary.org/obo/PATO_0001804	scaly
850	http://purl.obolibrary.org/obo/PATO_0001805	flaky
851	http://purl.obolibrary.org/obo/PATO_0001806	sensitivity to irradiation
852	http://purl.obolibrary.org/obo/PATO_0001807	decreased sensitivity to irradiation
853	http://purl.obolibrary.org/obo/PATO_0001808	increased sensitivity to irradiation
854	http://purl.obolibrary.org/obo/PATO_0001809	tight
855	http://purl.obolibrary.org/obo/PATO_0001810	wrinkled
856	http://purl.obolibrary.org/obo/PATO_0001813	atonicity
857	http://purl.obolibrary.org/obo/PATO_0001814	dystonicity
858	http://purl.obolibrary.org/obo/PATO_0001815	fatigability
859	http://purl.obolibrary.org/obo/PATO_0001816	increased fatigability
860	http://purl.obolibrary.org/obo/PATO_0001817	decreased fatigability
861	http://purl.obolibrary.org/obo/PATO_0001818	progressive
862	http://purl.obolibrary.org/obo/PATO_0001819	atretic
863	http://purl.obolibrary.org/obo/PATO_0001821	imperforate
864	http://purl.obolibrary.org/obo/PATO_0001822	wetness
865	http://purl.obolibrary.org/obo/PATO_0001823	wet
866	http://purl.obolibrary.org/obo/PATO_0001824	dry
867	http://purl.obolibrary.org/obo/PATO_0001825	increased wetness
868	http://purl.obolibrary.org/obo/PATO_0001826	decreased wetness
869	http://purl.obolibrary.org/obo/PATO_0001827	pseudohermaphrodite
870	http://purl.obolibrary.org/obo/PATO_0001828	male pseudohermaphrodite
871	http://purl.obolibrary.org/obo/PATO_0001829	female pseudohermaphrodite
872	http://purl.obolibrary.org/obo/PATO_0001830	decreased female fertility
873	http://purl.obolibrary.org/obo/PATO_0001831	increased female fertility
874	http://purl.obolibrary.org/obo/PATO_0001832	increased male fertility
875	http://purl.obolibrary.org/obo/PATO_0001833	decreased male fertility
876	http://purl.obolibrary.org/obo/PATO_0001834	decreased fertility
877	http://purl.obolibrary.org/obo/PATO_0001835	increased fertility
878	http://purl.obolibrary.org/obo/PATO_0001836	congested
879	http://purl.obolibrary.org/obo/PATO_0001838	decreased fluid flow
880	http://purl.obolibrary.org/obo/PATO_0001839	increased fluid flow
881	http://purl.obolibrary.org/obo/PATO_0001841	remittent intensity
882	http://purl.obolibrary.org/obo/PATO_0001842	acidity
883	http://purl.obolibrary.org/obo/PATO_0001843	decreased acidity
884	http://purl.obolibrary.org/obo/PATO_0001844	increased acidity
885	http://purl.obolibrary.org/obo/PATO_0001845	irregular rhythm
886	http://purl.obolibrary.org/obo/PATO_0001846	tangled
887	http://purl.obolibrary.org/obo/PATO_0001847	constricted
888	http://purl.obolibrary.org/obo/PATO_0001848	asymmetrically curved
889	http://purl.obolibrary.org/obo/PATO_0001849	abrased
890	http://purl.obolibrary.org/obo/PATO_0001850	scarred
891	http://purl.obolibrary.org/obo/PATO_0001851	swollen
892	http://purl.obolibrary.org/obo/PATO_0001852	dislocated
893	http://purl.obolibrary.org/obo/PATO_0001853	hydrocephalic
894	http://purl.obolibrary.org/obo/PATO_0001854	vertical
895	http://purl.obolibrary.org/obo/PATO_0001855	horizontal
896	http://purl.obolibrary.org/obo/PATO_0001856	introverted
897	http://purl.obolibrary.org/obo/PATO_0001857	concave
898	http://purl.obolibrary.org/obo/PATO_0001858	partially paralysed
899	http://purl.obolibrary.org/obo/PATO_0001859	increased coordination
900	http://purl.obolibrary.org/obo/PATO_0001860	decreased coordination
901	http://purl.obolibrary.org/obo/PATO_0001861	fasciculated
902	http://purl.obolibrary.org/obo/PATO_0001862	lack of fertility in offspring
903	http://purl.obolibrary.org/obo/PATO_0001863	chronic
904	http://purl.obolibrary.org/obo/PATO_0001865	spheroid
905	http://purl.obolibrary.org/obo/PATO_0001866	prolate
906	http://purl.obolibrary.org/obo/PATO_0001867	rectangular
907	http://purl.obolibrary.org/obo/PATO_0001868	autofluorescence
908	http://purl.obolibrary.org/obo/PATO_0001869	pathological
909	http://purl.obolibrary.org/obo/PATO_0001870	crescent-shaped
910	http://purl.obolibrary.org/obo/PATO_0001871	reniform
911	http://purl.obolibrary.org/obo/PATO_0001872	cuboid
912	http://purl.obolibrary.org/obo/PATO_0001873	cylindrical
913	http://purl.obolibrary.org/obo/PATO_0001874	discoid
914	http://purl.obolibrary.org/obo/PATO_0001875	triangular
915	http://purl.obolibrary.org/obo/PATO_0001876	dumbbell-shaped
916	http://purl.obolibrary.org/obo/PATO_0001877	lanceolate
917	http://purl.obolibrary.org/obo/PATO_0001878	sigmoid
918	http://purl.obolibrary.org/obo/PATO_0001879	U-shaped
919	http://purl.obolibrary.org/obo/PATO_0001880	caudate
920	http://purl.obolibrary.org/obo/PATO_0001881	arrow-shaped
921	http://purl.obolibrary.org/obo/PATO_0001882	limaciform
922	http://purl.obolibrary.org/obo/PATO_0001883	clavate
923	http://purl.obolibrary.org/obo/PATO_0001884	hydrophobicity
924	http://purl.obolibrary.org/obo/PATO_0001885	hydrophobic
925	http://purl.obolibrary.org/obo/PATO_0001886	hydrophilicity
926	http://purl.obolibrary.org/obo/PATO_0001887	hydrophilic
927	http://purl.obolibrary.org/obo/PATO_0001888	miscibility
928	http://purl.obolibrary.org/obo/PATO_0001889	scalloped
929	http://purl.obolibrary.org/obo/PATO_0001890	tripartite
930	http://purl.obolibrary.org/obo/PATO_0001891	ovate
931	http://purl.obolibrary.org/obo/PATO_0001892	decreased odor
932	http://purl.obolibrary.org/obo/PATO_0001893	increased odor
933	http://purl.obolibrary.org/obo/PATO_0001894	phenotypic sex
934	http://purl.obolibrary.org/obo/PATO_0001895	mating type
935	http://purl.obolibrary.org/obo/PATO_0001896	unlumenized
936	http://purl.obolibrary.org/obo/PATO_0001897	lumenized
937	http://purl.obolibrary.org/obo/PATO_0001898	increased circumference
938	http://purl.obolibrary.org/obo/PATO_0001899	decreased circumference
939	http://purl.obolibrary.org/obo/PATO_0001900	front
940	http://purl.obolibrary.org/obo/PATO_0001901	back
941	http://purl.obolibrary.org/obo/PATO_0001902	unidirectional
942	http://purl.obolibrary.org/obo/PATO_0001903	bi-directional
943	http://purl.obolibrary.org/obo/PATO_0001904	circling direction
944	http://purl.obolibrary.org/obo/PATO_0001905	has normal numbers of parts of type
945	http://purl.obolibrary.org/obo/PATO_0001906	movement quality
946	http://purl.obolibrary.org/obo/PATO_0001907	botryoidal
947	http://purl.obolibrary.org/obo/PATO_0001908	multinucleate
948	http://purl.obolibrary.org/obo/PATO_0001909	trinucleate
949	http://purl.obolibrary.org/obo/PATO_0001910	folded
950	http://purl.obolibrary.org/obo/PATO_0001911	circling
951	http://purl.obolibrary.org/obo/PATO_0001912	physiological state
952	http://purl.obolibrary.org/obo/PATO_0001913	ictal
953	http://purl.obolibrary.org/obo/PATO_0001914	non-ictal
954	http://purl.obolibrary.org/obo/PATO_0001915	anterodorsal to
955	http://purl.obolibrary.org/obo/PATO_0001916	posterodorsal to
956	http://purl.obolibrary.org/obo/PATO_0001917	anteroventral to
957	http://purl.obolibrary.org/obo/PATO_0001918	posteroventral to
958	http://purl.obolibrary.org/obo/PATO_0001919	mislocalised dorsally
959	http://purl.obolibrary.org/obo/PATO_0001920	mislocalised ventrally
960	http://purl.obolibrary.org/obo/PATO_0001921	mislocalised anteriorly
961	http://purl.obolibrary.org/obo/PATO_0001922	mislocalised posteriorly
962	http://purl.obolibrary.org/obo/PATO_0001923	mislocalised laterally
963	http://purl.obolibrary.org/obo/PATO_0001924	mislocalised medially
964	http://purl.obolibrary.org/obo/PATO_0001925	surface feature shape
965	http://purl.obolibrary.org/obo/PATO_0001926	increased fluorescence
966	http://purl.obolibrary.org/obo/PATO_0001927	decreased fluorescence
967	http://purl.obolibrary.org/obo/PATO_0001928	blistered
968	http://purl.obolibrary.org/obo/PATO_0001929	variability of shape
969	http://purl.obolibrary.org/obo/PATO_0001930	variant shape
970	http://purl.obolibrary.org/obo/PATO_0001931	invariant shape
971	http://purl.obolibrary.org/obo/PATO_0001932	alternate placement
972	http://purl.obolibrary.org/obo/PATO_0001933	opposite
973	http://purl.obolibrary.org/obo/PATO_0001934	orbicular
974	http://purl.obolibrary.org/obo/PATO_0001935	obtuse
975	http://purl.obolibrary.org/obo/PATO_0001936	obovate
976	http://purl.obolibrary.org/obo/PATO_0001937	spatulate
977	http://purl.obolibrary.org/obo/PATO_0001938	rhomboid
978	http://purl.obolibrary.org/obo/PATO_0001940	gigantic
979	http://purl.obolibrary.org/obo/PATO_0001941	yellow green
980	http://purl.obolibrary.org/obo/PATO_0001942	brown green
981	http://purl.obolibrary.org/obo/PATO_0001943	lilac
982	http://purl.obolibrary.org/obo/PATO_0001944	yellow orange
983	http://purl.obolibrary.org/obo/PATO_0001945	ochre
984	http://purl.obolibrary.org/obo/PATO_0001946	banded
985	http://purl.obolibrary.org/obo/PATO_0001947	netted
986	http://purl.obolibrary.org/obo/PATO_0001948	furrowed
987	http://purl.obolibrary.org/obo/PATO_0001949	pointleted
988	http://purl.obolibrary.org/obo/PATO_0001950	blunt
989	http://purl.obolibrary.org/obo/PATO_0001951	whorled
990	http://purl.obolibrary.org/obo/PATO_0001952	distichous
991	http://purl.obolibrary.org/obo/PATO_0001953	decussate
992	http://purl.obolibrary.org/obo/PATO_0001954	subulate
993	http://purl.obolibrary.org/obo/PATO_0001955	cuneate
994	http://purl.obolibrary.org/obo/PATO_0001956	variability of size
995	http://purl.obolibrary.org/obo/PATO_0001957	decreased variability of size
996	http://purl.obolibrary.org/obo/PATO_0001958	increased variability of size
997	http://purl.obolibrary.org/obo/PATO_0001959	defasciculated
998	http://purl.obolibrary.org/obo/PATO_0001960	interdigitated
999	http://purl.obolibrary.org/obo/PATO_0001961	in contact with
1000	http://purl.obolibrary.org/obo/PATO_0001962	involute
1001	http://purl.obolibrary.org/obo/PATO_0001963	revolute
1002	http://purl.obolibrary.org/obo/PATO_0001964	circinate
1003	http://purl.obolibrary.org/obo/PATO_0001965	reclinate
1004	http://purl.obolibrary.org/obo/PATO_0001966	convolute
1005	http://purl.obolibrary.org/obo/PATO_0001967	actinodromous
1006	http://purl.obolibrary.org/obo/PATO_0001968	parallelodromous
1007	http://purl.obolibrary.org/obo/PATO_0001969	craspedodromous
1008	http://purl.obolibrary.org/obo/PATO_0001970	brochidodromous
1009	http://purl.obolibrary.org/obo/PATO_0001971	cladodromous
1010	http://purl.obolibrary.org/obo/PATO_0001972	reticulodromous
1011	http://purl.obolibrary.org/obo/PATO_0001973	cuspidate
1012	http://purl.obolibrary.org/obo/PATO_0001974	retuse
1013	http://purl.obolibrary.org/obo/PATO_0001975	unserrated
1014	http://purl.obolibrary.org/obo/PATO_0001976	serration
1015	http://purl.obolibrary.org/obo/PATO_0001977	angular
1016	http://purl.obolibrary.org/obo/PATO_0001978	cut
1017	http://purl.obolibrary.org/obo/PATO_0001979	lobed
1018	http://purl.obolibrary.org/obo/PATO_0001980	digitate
1019	http://purl.obolibrary.org/obo/PATO_0001981	auriculate
1020	http://purl.obolibrary.org/obo/PATO_0001982	attenuate
1021	http://purl.obolibrary.org/obo/PATO_0001983	perfoliate
1022	http://purl.obolibrary.org/obo/PATO_0001984	decurrent
1023	http://purl.obolibrary.org/obo/PATO_0001985	frozen
1024	http://purl.obolibrary.org/obo/PATO_0001986	dissolved
1025	http://purl.obolibrary.org/obo/PATO_0001987	saccular
1026	http://purl.obolibrary.org/obo/PATO_0001988	quadrangular
1027	http://purl.obolibrary.org/obo/PATO_0001989	sinuous
1028	http://purl.obolibrary.org/obo/PATO_0001990	duration of disease
1029	http://purl.obolibrary.org/obo/PATO_0001991	immortal
1030	http://purl.obolibrary.org/obo/PATO_0001992	cellularity
1031	http://purl.obolibrary.org/obo/PATO_0001993	multicellular
1032	http://purl.obolibrary.org/obo/PATO_0001994	unicellular
1033	http://purl.obolibrary.org/obo/PATO_0001995	organismal quality
1034	http://purl.obolibrary.org/obo/PATO_0001997	decreased amount
1035	http://purl.obolibrary.org/obo/PATO_0001998	conspicuousness
1036	http://purl.obolibrary.org/obo/PATO_0001999	lacks parts or has fewer parts of type
1037	http://purl.obolibrary.org/obo/PATO_0002000	lacks all parts of type
1038	http://purl.obolibrary.org/obo/PATO_0002001	has fewer parts of type
1039	http://purl.obolibrary.org/obo/PATO_0002002	has extra parts of type
1040	http://purl.obolibrary.org/obo/PATO_0002003	population quality
1041	http://purl.obolibrary.org/obo/PATO_0002005	concavity
1042	http://purl.obolibrary.org/obo/PATO_0002006	2-D shape
1043	http://purl.obolibrary.org/obo/PATO_0002007	convex 3-D shape
1044	http://purl.obolibrary.org/obo/PATO_0002008	concave 3-D shape
1045	http://purl.obolibrary.org/obo/PATO_0002009	branchiness
1046	http://purl.obolibrary.org/obo/PATO_0002010	looseness
1047	http://purl.obolibrary.org/obo/PATO_0002011	neoplastic
1048	http://purl.obolibrary.org/obo/PATO_0002012	coating
1049	http://purl.obolibrary.org/obo/PATO_0002013	fasciculation
1050	http://purl.obolibrary.org/obo/PATO_0002014	structure, cavities
1051	http://purl.obolibrary.org/obo/PATO_0002016	magnitude
1052	http://purl.obolibrary.org/obo/PATO_0002017	increased magnitude
1053	http://purl.obolibrary.org/obo/PATO_0002018	decreased magnitude
1054	http://purl.obolibrary.org/obo/PATO_0002019	aplastic growth
1055	http://purl.obolibrary.org/obo/PATO_0002020	pale pink
1056	http://purl.obolibrary.org/obo/PATO_0002021	conical
1057	http://purl.obolibrary.org/obo/PATO_0002022	villiform
1058	http://purl.obolibrary.org/obo/PATO_0002023	apical-basal polarity
1059	http://purl.obolibrary.org/obo/PATO_0002024	anterior-posterior polarity
1060	http://purl.obolibrary.org/obo/PATO_0002025	external angle
1061	http://purl.obolibrary.org/obo/PATO_0002026	non-progressive
1062	http://purl.obolibrary.org/obo/PATO_0002027	osmolality
1063	http://purl.obolibrary.org/obo/PATO_0002028	decreased osmolality
1064	http://purl.obolibrary.org/obo/PATO_0002029	increased osmolality
1065	http://purl.obolibrary.org/obo/PATO_0002030	specificity to
1066	http://purl.obolibrary.org/obo/PATO_0002031	upturned
1067	http://purl.obolibrary.org/obo/PATO_0002032	forward scatter
1068	http://purl.obolibrary.org/obo/PATO_0002033	side scatter
1069	http://purl.obolibrary.org/obo/PATO_0002034	undivided
1070	http://purl.obolibrary.org/obo/PATO_0002035	ipsilateral to
1071	http://purl.obolibrary.org/obo/PATO_0002036	axial to
1072	http://purl.obolibrary.org/obo/PATO_0002037	degeneration
1073	http://purl.obolibrary.org/obo/PATO_0002038	non-degenerate
1074	http://purl.obolibrary.org/obo/PATO_0002039	biconcave
1075	http://purl.obolibrary.org/obo/PATO_0002040	biconvex
1076	http://purl.obolibrary.org/obo/PATO_0002041	anterior-posterior diameter
1077	http://purl.obolibrary.org/obo/PATO_0002042	decreased anterior-posterior diameter
1078	http://purl.obolibrary.org/obo/PATO_0002043	increased anterior-posterior diameter
1079	http://purl.obolibrary.org/obo/PATO_0002044	trapezoid
1080	http://purl.obolibrary.org/obo/PATO_0002045	dendritic
1081	http://purl.obolibrary.org/obo/PATO_0002046	abaxial to
1082	http://purl.obolibrary.org/obo/PATO_0002047	adaxial to
1083	http://purl.obolibrary.org/obo/PATO_0002048	mosaicism
1084	http://purl.obolibrary.org/obo/PATO_0002049	lateral and rotional curvature
1085	http://purl.obolibrary.org/obo/PATO_0002050	normal amount
1086	http://purl.obolibrary.org/obo/PATO_0002051	increased occurrence
1087	http://purl.obolibrary.org/obo/PATO_0002052	decreased occurrence
1088	http://purl.obolibrary.org/obo/PATO_0002053	dorso-ventrally flattened
1089	http://purl.obolibrary.org/obo/PATO_0002054	laterally compressed
1090	http://purl.obolibrary.org/obo/PATO_0002055	increased fragility
1091	http://purl.obolibrary.org/obo/PATO_0002056	decreased fragility
1092	http://purl.obolibrary.org/obo/PATO_0002057	increased area
1093	http://purl.obolibrary.org/obo/PATO_0002058	decreased area
1094	http://purl.obolibrary.org/obo/PATO_0002059	emmision wavelength
1095	http://purl.obolibrary.org/obo/PATO_0002060	absorption wavelength
1096	http://purl.obolibrary.org/obo/PATO_0002062	physical quality of a process
1097	http://purl.obolibrary.org/obo/PATO_0002063	columnar
1098	http://purl.obolibrary.org/obo/PATO_0002064	fenestrated
1099	http://purl.obolibrary.org/obo/PATO_0002065	star shaped
1100	http://purl.obolibrary.org/obo/PATO_0002066	crystal configuration
1101	http://purl.obolibrary.org/obo/PATO_0002067	stratification
1102	http://purl.obolibrary.org/obo/PATO_0002068	stratified
1103	http://purl.obolibrary.org/obo/PATO_0002069	unstratified
1104	http://purl.obolibrary.org/obo/PATO_0002070	affinity
1105	http://purl.obolibrary.org/obo/PATO_0002071	increased affinity
1106	http://purl.obolibrary.org/obo/PATO_0002072	decreased affinity
1107	http://purl.obolibrary.org/obo/PATO_0002073	avidity
1108	http://purl.obolibrary.org/obo/PATO_0002074	increased avidity
1109	http://purl.obolibrary.org/obo/PATO_0002075	decreased avidity
1110	http://purl.obolibrary.org/obo/PATO_0002076	movement behavioral quality
1111	http://purl.obolibrary.org/obo/PATO_0002077	stacked
1112	http://purl.obolibrary.org/obo/PATO_0002078	hollow
1113	http://purl.obolibrary.org/obo/PATO_0002080	broken into two pieces
1114	http://purl.obolibrary.org/obo/PATO_0002081	shattered
1115	http://purl.obolibrary.org/obo/PATO_0002082	partially broken
1116	http://purl.obolibrary.org/obo/PATO_0002083	altered number of
1117	http://purl.obolibrary.org/obo/PATO_0002087	bullet-shaped
1118	http://purl.obolibrary.org/obo/PATO_0002088	monocystic
1119	http://purl.obolibrary.org/obo/PATO_0002089	polycystic
1120	http://purl.obolibrary.org/obo/PATO_0002090	adenomatous
1121	http://purl.obolibrary.org/obo/PATO_0002091	subacute
1122	http://purl.obolibrary.org/obo/PATO_0002092	anaplastic
1123	http://purl.obolibrary.org/obo/PATO_0002093	ballooning
1124	http://purl.obolibrary.org/obo/PATO_0002094	basophilic
1125	http://purl.obolibrary.org/obo/PATO_0002096	neoplastic, non-malignant
1126	http://purl.obolibrary.org/obo/PATO_0002097	neoplastic, malignant
1127	http://purl.obolibrary.org/obo/PATO_0002098	neoplastic, metastatic
1128	http://purl.obolibrary.org/obo/PATO_0002099	differentiated
1129	http://purl.obolibrary.org/obo/PATO_0002100	undifferentiated
1130	http://purl.obolibrary.org/obo/PATO_0002101	metaplastic
1131	http://purl.obolibrary.org/obo/PATO_0002102	proliferative
1132	http://purl.obolibrary.org/obo/PATO_0002103	infiltrative
1133	http://purl.obolibrary.org/obo/PATO_0002104	inflamed
1134	http://purl.obolibrary.org/obo/PATO_0002105	hemorrhagic
1135	http://purl.obolibrary.org/obo/PATO_0002106	poorly differentiated
1136	http://purl.obolibrary.org/obo/PATO_0002107	peripheral
1137	http://purl.obolibrary.org/obo/PATO_0002108	papillary
1138	http://purl.obolibrary.org/obo/PATO_0002109	caseous
1139	http://purl.obolibrary.org/obo/PATO_0002110	well differentiated
1140	http://purl.obolibrary.org/obo/PATO_0002111	moderately well differentiated
1141	http://purl.obolibrary.org/obo/PATO_0002112	perforate
1142	http://purl.obolibrary.org/obo/PATO_0002113	cribriform
1143	http://purl.obolibrary.org/obo/PATO_0002114	fatty
1144	http://purl.obolibrary.org/obo/PATO_0002115	fibrinoid
1145	http://purl.obolibrary.org/obo/PATO_0002116	fibrinopurulent
1146	http://purl.obolibrary.org/obo/PATO_0002117	glandular
1147	http://purl.obolibrary.org/obo/PATO_0002118	multiple
1148	http://purl.obolibrary.org/obo/PATO_0002119	hydropic
1149	http://purl.obolibrary.org/obo/PATO_0002120	suppurative
1150	http://purl.obolibrary.org/obo/PATO_0002121	trabecular
1151	http://purl.obolibrary.org/obo/PATO_0002122	mixed
1152	http://purl.obolibrary.org/obo/PATO_0002123	minimal
1153	http://purl.obolibrary.org/obo/PATO_0002124	laminar
1154	http://purl.obolibrary.org/obo/PATO_0002125	nodular
1155	http://purl.obolibrary.org/obo/PATO_0002126	osseous
1156	http://purl.obolibrary.org/obo/PATO_0002127	scirrhous
1157	http://purl.obolibrary.org/obo/PATO_0002128	serous
1158	http://purl.obolibrary.org/obo/PATO_0002129	neoplastic, invasive
1159	http://purl.obolibrary.org/obo/PATO_0002130	neoplastic, deeply invasive
1160	http://purl.obolibrary.org/obo/PATO_0002131	abduction
1161	http://purl.obolibrary.org/obo/PATO_0002132	neoplastic, non-invasive
1162	http://purl.obolibrary.org/obo/PATO_0002133	adduction
1163	http://purl.obolibrary.org/obo/PATO_0002134	fibrillary
1164	http://purl.obolibrary.org/obo/PATO_0002135	delayed closure
1165	http://purl.obolibrary.org/obo/PATO_0002136	radiopacity
1166	http://purl.obolibrary.org/obo/PATO_0002137	radiopaque
1167	http://purl.obolibrary.org/obo/PATO_0002138	edibility
1168	http://purl.obolibrary.org/obo/PATO_0002139	edible
1169	http://purl.obolibrary.org/obo/PATO_0002140	inedible
1170	http://purl.obolibrary.org/obo/PATO_0002141	irregular density
1171	http://purl.obolibrary.org/obo/PATO_0002142	bracket
1172	http://purl.obolibrary.org/obo/PATO_0002143	sloped downward
1173	http://purl.obolibrary.org/obo/PATO_0002144	increased radiopacity
1174	http://purl.obolibrary.org/obo/PATO_0002145	decreased radiopacity
1175	http://purl.obolibrary.org/obo/PATO_0002146	virulence
1176	http://purl.obolibrary.org/obo/PATO_0002147	reduced virulence
1177	http://purl.obolibrary.org/obo/PATO_0002148	increased virulence
1178	http://purl.obolibrary.org/obo/PATO_0002149	ivory
1179	http://purl.obolibrary.org/obo/PATO_0002150	splayed caudal
1180	http://purl.obolibrary.org/obo/PATO_0002151	splayed dorsal
1181	http://purl.obolibrary.org/obo/PATO_0002152	splayed lateral
1182	http://purl.obolibrary.org/obo/PATO_0002153	splayed rostral
1183	http://purl.obolibrary.org/obo/PATO_0002154	splayed ventral
1184	http://purl.obolibrary.org/obo/PATO_0002155	medially rotated
1185	http://purl.obolibrary.org/obo/PATO_0002156	laterally rotated
1186	http://purl.obolibrary.org/obo/PATO_0002157	partially dislocated
1187	http://purl.obolibrary.org/obo/PATO_0002161	bicornuate
1188	http://purl.obolibrary.org/obo/PATO_0002162	high-arched
1189	http://purl.obolibrary.org/obo/PATO_0002163	herniated into
1190	http://purl.obolibrary.org/obo/PATO_0002164	curved medial
1191	http://purl.obolibrary.org/obo/PATO_0002165	drooping
1192	http://purl.obolibrary.org/obo/PATO_0002166	premature closure
1193	http://purl.obolibrary.org/obo/PATO_0002167	herniated out of
1194	http://purl.obolibrary.org/obo/PATO_0002168	displaced to
1195	http://purl.obolibrary.org/obo/PATO_0002169	split medially
1196	http://purl.obolibrary.org/obo/PATO_0002170	split laterally
1197	http://purl.obolibrary.org/obo/PATO_0002171	split bilaterally
1198	http://purl.obolibrary.org/obo/PATO_0002172	split radially
1199	http://purl.obolibrary.org/obo/PATO_0002173	misaligned towards
1200	http://purl.obolibrary.org/obo/PATO_0002174	misaligned away from
1201	http://purl.obolibrary.org/obo/PATO_0002175	spatial deviation
1202	http://purl.obolibrary.org/obo/PATO_0002176	deviation towards the lateral side
1203	http://purl.obolibrary.org/obo/PATO_0002177	deviation towards the medial side
1204	http://purl.obolibrary.org/obo/PATO_0002178	mislocalised radially
1205	http://purl.obolibrary.org/obo/PATO_0002179	mislocalised proximally
1206	http://purl.obolibrary.org/obo/PATO_0002180	straight
1207	http://purl.obolibrary.org/obo/PATO_0002181	displaced
1208	http://purl.obolibrary.org/obo/PATO_0002182	molecular quality
1209	http://purl.obolibrary.org/obo/PATO_0002183	cyclicity
1210	http://purl.obolibrary.org/obo/PATO_0002184	cyclic cyclicity
1211	http://purl.obolibrary.org/obo/PATO_0002185	acyclic cyclicity
1212	http://purl.obolibrary.org/obo/PATO_0002186	polarity
1213	http://purl.obolibrary.org/obo/PATO_0002187	polar polarity
1214	http://purl.obolibrary.org/obo/PATO_0002188	nonpolar polarity
1215	http://purl.obolibrary.org/obo/PATO_0002189	electric polarizability
1216	http://purl.obolibrary.org/obo/PATO_0002190	aromaticity
1217	http://purl.obolibrary.org/obo/PATO_0002191	aromatic
1218	http://purl.obolibrary.org/obo/PATO_0002192	non-aromatic
1219	http://purl.obolibrary.org/obo/PATO_0002193	electric charge
1220	http://purl.obolibrary.org/obo/PATO_0002194	neutral charge
1221	http://purl.obolibrary.org/obo/PATO_0002195	positive charge
1222	http://purl.obolibrary.org/obo/PATO_0002196	negative charge
1223	http://purl.obolibrary.org/obo/PATO_0002197	electronegativity
1224	http://purl.obolibrary.org/obo/PATO_0002198	quality of a substance
1225	http://purl.obolibrary.org/obo/PATO_0002199	meltability
1226	http://purl.obolibrary.org/obo/PATO_0002200	vaporizability
1227	http://purl.obolibrary.org/obo/PATO_0002201	handedness
1228	http://purl.obolibrary.org/obo/PATO_0002202	left handedness
1229	http://purl.obolibrary.org/obo/PATO_0002203	right handedness
1230	http://purl.obolibrary.org/obo/PATO_0002204	ambidextrous handedness
1231	http://purl.obolibrary.org/obo/PATO_0002205	capacitance
1232	http://purl.obolibrary.org/obo/PATO_0002206	neonatal
1233	http://purl.obolibrary.org/obo/PATO_0002207	insertion depth
1234	http://purl.obolibrary.org/obo/PATO_0002208	spoon-shaped
1235	http://purl.obolibrary.org/obo/PATO_0002209	incisiform
1236	http://purl.obolibrary.org/obo/PATO_0002210	bulbous
1237	http://purl.obolibrary.org/obo/PATO_0002211	recurved
1238	http://purl.obolibrary.org/obo/PATO_0002212	slender
1239	http://purl.obolibrary.org/obo/PATO_0002213	obclavate
1240	http://purl.obolibrary.org/obo/PATO_0002214	bilobed
1241	http://purl.obolibrary.org/obo/PATO_0002215	falciform
1242	http://purl.obolibrary.org/obo/PATO_0002216	ubiquinated
1243	http://purl.obolibrary.org/obo/PATO_0002217	nitrated
1244	http://purl.obolibrary.org/obo/PATO_0002218	demyelinated
1245	http://purl.obolibrary.org/obo/PATO_0002219	fan-shaped
1246	http://purl.obolibrary.org/obo/PATO_0002220	phosphorylated
1247	http://purl.obolibrary.org/obo/PATO_0002221	increased phosphorylation
1248	http://purl.obolibrary.org/obo/PATO_0002222	decreased phosphorylation
1249	http://purl.obolibrary.org/obo/PATO_0002223	oxidized
1250	http://purl.obolibrary.org/obo/PATO_0002224	V-shaped
1251	http://purl.obolibrary.org/obo/PATO_0002225	L-shaped
1252	http://purl.obolibrary.org/obo/PATO_0002226	subcylindrical
1253	http://purl.obolibrary.org/obo/PATO_0002227	cup-shaped
1254	http://purl.obolibrary.org/obo/PATO_0002228	acuminate
1255	http://purl.obolibrary.org/obo/PATO_0002229	subrectangular
1256	http://purl.obolibrary.org/obo/PATO_0002230	subtriangular
1257	http://purl.obolibrary.org/obo/PATO_0002231	multifid
1258	http://purl.obolibrary.org/obo/PATO_0002232	semicircular
1259	http://purl.obolibrary.org/obo/PATO_0002233	far from
1260	http://purl.obolibrary.org/obo/PATO_0002234	emarginate
1261	http://purl.obolibrary.org/obo/PATO_0002235	blade-like
1262	http://purl.obolibrary.org/obo/PATO_0002236	aliform
1263	http://purl.obolibrary.org/obo/PATO_0002237	retrorse
1264	http://purl.obolibrary.org/obo/PATO_0002238	antrorse
1265	http://purl.obolibrary.org/obo/PATO_0002239	hourglass-shaped
1266	http://purl.obolibrary.org/obo/PATO_0002240	teardrop-shaped
1267	http://purl.obolibrary.org/obo/PATO_0002241	trilobed
1268	http://purl.obolibrary.org/obo/PATO_0002242	velocity
1269	http://purl.obolibrary.org/obo/PATO_0002243	fluid flow rate
1270	http://purl.obolibrary.org/obo/PATO_0002244	mass flow rate
1271	http://purl.obolibrary.org/obo/PATO_0002245	increased force
1272	http://purl.obolibrary.org/obo/PATO_0002246	decreased force
1273	http://purl.obolibrary.org/obo/PATO_0002247	degree of pigmentation
1274	http://purl.obolibrary.org/obo/PATO_0002248	pigmented
1275	http://purl.obolibrary.org/obo/PATO_0002249	unpigmented
1276	http://purl.obolibrary.org/obo/PATO_0002250	increased pigmentation
1277	http://purl.obolibrary.org/obo/PATO_0002251	decreased pigmentation
1278	http://purl.obolibrary.org/obo/PATO_0002252	antero-posteriorly flattened
1279	http://purl.obolibrary.org/obo/PATO_0002253	platelike
1280	http://purl.obolibrary.org/obo/PATO_0002254	flattened
1281	http://purl.obolibrary.org/obo/PATO_0002255	grooved
1282	http://purl.obolibrary.org/obo/PATO_0002256	tricuspidate
1283	http://purl.obolibrary.org/obo/PATO_0002257	multicuspidate
1284	http://purl.obolibrary.org/obo/PATO_0002258	pointed
1285	http://purl.obolibrary.org/obo/PATO_0002259	adjacent to
1286	http://purl.obolibrary.org/obo/PATO_0002260	semi erect
1287	http://purl.obolibrary.org/obo/PATO_0002261	located in
1288	http://purl.obolibrary.org/obo/PATO_0002262	phosphorylation
1289	http://purl.obolibrary.org/obo/PATO_0002263	dephosphorylated
1290	http://purl.obolibrary.org/obo/PATO_0002264	organization quality
1291	http://purl.obolibrary.org/obo/PATO_0002265	behavioural activity
1292	http://purl.obolibrary.org/obo/PATO_0002266	3-D shape
1293	http://purl.obolibrary.org/obo/PATO_0002267	edge shape
1294	http://purl.obolibrary.org/obo/PATO_0002268	centered
1295	http://purl.obolibrary.org/obo/PATO_0002269	accumulation
1296	http://purl.obolibrary.org/obo/PATO_0002270	increased accumulation
1297	http://purl.obolibrary.org/obo/PATO_0002271	decreased accumulation
1298	http://purl.obolibrary.org/obo/PATO_0002272	parallel to
1299	http://purl.obolibrary.org/obo/PATO_0002273	marbled
1300	http://purl.obolibrary.org/obo/PATO_0002274	mottled
1301	http://purl.obolibrary.org/obo/PATO_0002275	high contrast color pattern
1302	http://purl.obolibrary.org/obo/PATO_0002276	barred
1303	http://purl.obolibrary.org/obo/PATO_0002277	iridescent
1304	http://purl.obolibrary.org/obo/PATO_0002278	articulated with
1305	http://purl.obolibrary.org/obo/PATO_0002279	tightly articulated with
1306	http://purl.obolibrary.org/obo/PATO_0002280	broadly articulated with
1307	http://purl.obolibrary.org/obo/PATO_0002281	biscupidate
1308	http://purl.obolibrary.org/obo/PATO_0002282	increased mobility
1309	http://purl.obolibrary.org/obo/PATO_0002283	decreased mobility
1310	http://purl.obolibrary.org/obo/PATO_0002284	tension
1311	http://purl.obolibrary.org/obo/PATO_0002285	increased branchiness
1312	http://purl.obolibrary.org/obo/PATO_0002286	decreased branchiness
1313	http://purl.obolibrary.org/obo/PATO_0002287	increased elasticity
1314	http://purl.obolibrary.org/obo/PATO_0002288	decreased elasticity
1315	http://purl.obolibrary.org/obo/PATO_0002289	setose
1316	http://purl.obolibrary.org/obo/PATO_0002290	aplastic/hypoplastic
1317	http://purl.obolibrary.org/obo/PATO_0002291	agenesis
1318	http://purl.obolibrary.org/obo/PATO_0002292	transient
1319	http://purl.obolibrary.org/obo/PATO_0002293	permanent
1320	http://purl.obolibrary.org/obo/PATO_0002294	scrobiculate
1321	http://purl.obolibrary.org/obo/PATO_0002295	areolate
1322	http://purl.obolibrary.org/obo/PATO_0002296	foveate
1323	http://purl.obolibrary.org/obo/PATO_0002297	decreased cellular motility
1324	http://purl.obolibrary.org/obo/PATO_0002298	increased cellular motility
1325	http://purl.obolibrary.org/obo/PATO_0002299	tubular
1326	http://purl.obolibrary.org/obo/PATO_0002300	increased quality
1327	http://purl.obolibrary.org/obo/PATO_0002301	decreased quality
1328	http://purl.obolibrary.org/obo/PATO_0002302	decreased process quality
1329	http://purl.obolibrary.org/obo/PATO_0002303	decreased object quality
1330	http://purl.obolibrary.org/obo/PATO_0002304	increased process quality
1331	http://purl.obolibrary.org/obo/PATO_0002305	increased object quality
1332	http://purl.obolibrary.org/obo/PATO_0002306	equilateral triangular
1333	http://purl.obolibrary.org/obo/PATO_0002307	isosceles triangular
1334	http://purl.obolibrary.org/obo/PATO_0002308	scalene triangular
1335	http://purl.obolibrary.org/obo/PATO_0002309	fiber shaped
1336	http://purl.obolibrary.org/obo/PATO_0002310	robust
1337	http://purl.obolibrary.org/obo/PATO_0002311	fimbriated
1338	http://purl.obolibrary.org/obo/PATO_0002312	segmented
1339	http://purl.obolibrary.org/obo/PATO_0002313	telescopic
1340	http://purl.obolibrary.org/obo/PATO_0002314	ligamentous
1341	http://purl.obolibrary.org/obo/PATO_0002315	brush-like shape
1342	http://purl.obolibrary.org/obo/PATO_0002316	autogenous
1343	http://purl.obolibrary.org/obo/PATO_0002317	parallelogram
1344	http://purl.obolibrary.org/obo/PATO_0002318	superelliptic
1345	http://purl.obolibrary.org/obo/PATO_0002319	squircle
1346	http://purl.obolibrary.org/obo/PATO_0002320	diamond shaped
1347	http://purl.obolibrary.org/obo/PATO_0002321	hypoelliptic
1348	http://purl.obolibrary.org/obo/PATO_0002322	hyperelliptic
1349	http://purl.obolibrary.org/obo/PATO_0002323	temporal distribution quality
1350	http://purl.obolibrary.org/obo/PATO_0002324	offset quality
1351	http://purl.obolibrary.org/obo/PATO_0002325	onset quality
1352	http://purl.obolibrary.org/obo/PATO_0002326	angle
1353	http://purl.obolibrary.org/obo/PATO_0002327	increased angle to
1354	http://purl.obolibrary.org/obo/PATO_0002328	decreased angle to
1355	http://purl.obolibrary.org/obo/PATO_0002329	hyponastic
1356	http://purl.obolibrary.org/obo/PATO_0002330	oblanceolate
1357	http://purl.obolibrary.org/obo/PATO_0002331	adhesive
1358	http://purl.obolibrary.org/obo/PATO_0002332	non-adhesive
1359	http://purl.obolibrary.org/obo/PATO_0002333	increased adhesivity
1360	http://purl.obolibrary.org/obo/PATO_0002334	decreased adhesivity
1361	http://purl.obolibrary.org/obo/PATO_0002335	tholiform
1362	http://purl.obolibrary.org/obo/PATO_0002336	pyramidal
1363	http://purl.obolibrary.org/obo/PATO_0002337	lance-ovate
1364	http://purl.obolibrary.org/obo/PATO_0002338	lanceolate-triangular
1365	http://purl.obolibrary.org/obo/PATO_0002339	hispid
1366	http://purl.obolibrary.org/obo/PATO_0002340	hispidulous
1367	http://purl.obolibrary.org/obo/PATO_0002341	tomentose
1368	http://purl.obolibrary.org/obo/PATO_0002342	cupulate
1369	http://purl.obolibrary.org/obo/PATO_0002343	decumbent
1370	http://purl.obolibrary.org/obo/PATO_0002344	arachnose
1371	http://purl.obolibrary.org/obo/PATO_0002345	lemon-shaped
1372	http://purl.obolibrary.org/obo/PATO_0002346	snowman-shaped
1373	http://purl.obolibrary.org/obo/PATO_0002347	obconical
1374	http://purl.obolibrary.org/obo/PATO_0002348	ligneous
1375	http://purl.obolibrary.org/obo/PATO_0002349	basal to
1376	http://purl.obolibrary.org/obo/PATO_0002350	cauline to
1377	http://purl.obolibrary.org/obo/PATO_0002351	fleshy
1378	http://purl.obolibrary.org/obo/PATO_0002352	herbaceous
1379	http://purl.obolibrary.org/obo/PATO_0002353	activation quality
1380	http://purl.obolibrary.org/obo/PATO_0002354	active
1381	http://purl.obolibrary.org/obo/PATO_0002355	inactive
1382	http://purl.obolibrary.org/obo/PATO_0002356	constitutively active
1383	http://purl.obolibrary.org/obo/PATO_0002357	D-shaped
1384	http://purl.obolibrary.org/obo/PATO_0002358	ridged
1385	http://purl.obolibrary.org/obo/PATO_0002359	broad
1386	http://purl.obolibrary.org/obo/PATO_0002360	tendency
1387	http://purl.obolibrary.org/obo/PATO_0002361	increased tendency
1388	http://purl.obolibrary.org/obo/PATO_0002362	decreased tendency
1389	http://purl.obolibrary.org/obo/PATO_0002363	bronze
1390	http://purl.obolibrary.org/obo/PATO_0002364	shortened
1391	http://purl.obolibrary.org/obo/PATO_0002365	intact female
1392	http://purl.obolibrary.org/obo/PATO_0002366	intact male
1393	http://purl.obolibrary.org/obo/PATO_0002367	castrated male
1394	http://purl.obolibrary.org/obo/PATO_0002368	nulliparous
1395	http://purl.obolibrary.org/obo/PATO_0002369	multiparous
1396	http://purl.obolibrary.org/obo/PATO_0002370	parity
1397	http://purl.obolibrary.org/obo/PATO_0002371	primiparous
1398	http://purl.obolibrary.org/obo/PATO_0002372	grand multiparous
1399	http://purl.obolibrary.org/obo/PATO_0002373	mediolateral polarity
1400	http://purl.obolibrary.org/obo/PATO_0002374	fluctuating
1401	http://purl.obolibrary.org/obo/PATO_0002375	trumpet-shaped
1402	http://purl.obolibrary.org/obo/PATO_0002376	inflated
1403	http://purl.obolibrary.org/obo/PATO_0002377	uninflated
1404	http://purl.obolibrary.org/obo/PATO_0002378	acinus
1405	http://purl.obolibrary.org/obo/PATO_0002379	ovariohysterectomized female
1406	http://purl.obolibrary.org/obo/PATO_0002380	ovariectomized female
1407	http://purl.obolibrary.org/obo/PATO_0002381	waxiness
1408	http://purl.obolibrary.org/obo/PATO_0002382	increased waxiness
1409	http://purl.obolibrary.org/obo/PATO_0002383	decreased waxiness
1410	http://purl.obolibrary.org/obo/PATO_0002384	waxy
1411	http://purl.obolibrary.org/obo/PATO_0002385	striate-angular
1412	http://purl.obolibrary.org/obo/PATO_0002386	anvil
1413	http://purl.obolibrary.org/obo/PATO_0002387	peracute
1414	http://purl.obolibrary.org/obo/PATO_0002388	pedunculate
1415	http://purl.obolibrary.org/obo/PATO_0002389	procumbent
1416	http://purl.obolibrary.org/obo/PATO_0002390	radius
1417	http://purl.obolibrary.org/obo/PATO_0002391	triradiate
1418	http://purl.obolibrary.org/obo/PATO_0002392	diagonal to
1419	http://purl.obolibrary.org/obo/PATO_0002393	increased tolerance to
1420	http://purl.obolibrary.org/obo/PATO_0002394	decreased tolerance to
1421	http://purl.obolibrary.org/obo/PATO_0002395	mislocalized abaxially
1422	http://purl.obolibrary.org/obo/PATO_0002396	mislocalized adaxially
1423	http://purl.obolibrary.org/obo/PATO_0002397	subcircular
1424	http://purl.obolibrary.org/obo/PATO_0002399	anteromedially rotated
1425	http://purl.obolibrary.org/obo/PATO_0002400	fusiform
1426	http://purl.obolibrary.org/obo/PATO_0002401	random pattern
1427	http://purl.obolibrary.org/obo/PATO_0002402	multifocal to coalescing
1428	http://purl.obolibrary.org/obo/PATO_0002403	generalized
1429	http://purl.obolibrary.org/obo/PATO_0002404	segmental
1430	http://purl.obolibrary.org/obo/PATO_0002405	friability
1431	http://purl.obolibrary.org/obo/PATO_0002406	friable
1432	http://purl.obolibrary.org/obo/PATO_0002407	indurated
1433	http://purl.obolibrary.org/obo/PATO_0002408	watery
1434	http://purl.obolibrary.org/obo/PATO_0002409	fluid-filled
1435	http://purl.obolibrary.org/obo/PATO_0002410	beige
1436	http://purl.obolibrary.org/obo/PATO_0002411	yellow brown
1437	http://purl.obolibrary.org/obo/PATO_0002412	dark yellow brown
1438	http://purl.obolibrary.org/obo/PATO_0002413	light yellow brown
1439	http://purl.obolibrary.org/obo/PATO_0002414	chronic-active
1440	http://purl.obolibrary.org/obo/PATO_0002415	focally extensive
1441	http://purl.obolibrary.org/obo/PATO_0002416	sunken
1442	http://purl.obolibrary.org/obo/PATO_0002417	transmural
1443	http://purl.obolibrary.org/obo/PATO_0002418	acidophilic
1444	http://purl.obolibrary.org/obo/PATO_0002420	amphiphilic
1445	http://purl.obolibrary.org/obo/PATO_0002421	cicatricial
1446	http://purl.obolibrary.org/obo/PATO_0002422	acinar
1447	http://purl.obolibrary.org/obo/PATO_0002423	papillomatous
1448	http://purl.obolibrary.org/obo/PATO_0002424	divergent from
1449	http://purl.obolibrary.org/obo/PATO_0002425	exposed
1450	http://purl.obolibrary.org/obo/PATO_0002426	scaphoid
1451	http://purl.obolibrary.org/obo/PATO_0002427	knobbled
1452	http://purl.obolibrary.org/obo/PATO_0002428	tripodal
1453	http://purl.obolibrary.org/obo/PATO_0002429	x-shaped
1454	http://purl.obolibrary.org/obo/PATO_0002430	strap-shaped
1455	http://purl.obolibrary.org/obo/PATO_0002431	waisted
1456	http://purl.obolibrary.org/obo/PATO_0002432	spade-shaped
1457	http://purl.obolibrary.org/obo/PATO_0002433	sculpted surface
1458	http://purl.obolibrary.org/obo/PATO_0002434	perpendicular to
1459	http://purl.obolibrary.org/obo/PATO_0002435	abutting
1460	http://purl.obolibrary.org/obo/PATO_0002436	offset
1461	http://purl.obolibrary.org/obo/PATO_0002437	interlocked with
1462	http://purl.obolibrary.org/obo/PATO_0002438	subdermal
1463	http://purl.obolibrary.org/obo/PATO_0002439	w-shaped
1464	http://purl.obolibrary.org/obo/PATO_0002440	ornamentation
1465	http://purl.obolibrary.org/obo/PATO_0002441	ornamented
1466	http://purl.obolibrary.org/obo/PATO_0002442	unornamented
1467	http://purl.obolibrary.org/obo/PATO_0002443	level with
1468	http://purl.obolibrary.org/obo/PATO_0002444	mineralized
1469	http://purl.obolibrary.org/obo/PATO_0002445	torsioned
1470	http://purl.obolibrary.org/obo/PATO_0002446	anchor-shaped
1471	http://purl.obolibrary.org/obo/PATO_0002447	quadripartite
1472	http://purl.obolibrary.org/obo/PATO_0002448	oriented towards
1473	http://purl.obolibrary.org/obo/PATO_0002449	posteromedial to
1474	http://purl.obolibrary.org/obo/PATO_0002450	firm
1475	http://purl.obolibrary.org/obo/PATO_0002451	sexually dimorphic
1476	http://purl.obolibrary.org/obo/PATO_0002452	decondensed
1477	http://purl.obolibrary.org/obo/PATO_0002453	eroding
1478	http://purl.obolibrary.org/obo/PATO_0002454	carpel-like
1479	http://purl.obolibrary.org/obo/PATO_0002455	corymb-like
1480	http://purl.obolibrary.org/obo/PATO_0002456	inflorescence-like
1481	http://purl.obolibrary.org/obo/PATO_0002457	leaf-like
1482	http://purl.obolibrary.org/obo/PATO_0002458	pin-like
1483	http://purl.obolibrary.org/obo/PATO_0002459	sepal-like
1484	http://purl.obolibrary.org/obo/PATO_0002460	shriveled
1485	http://purl.obolibrary.org/obo/PATO_0002461	wilty
1486	http://purl.obolibrary.org/obo/PATO_0002462	collagenous
1487	http://purl.obolibrary.org/obo/PATO_0002463	extends to
1488	http://purl.obolibrary.org/obo/PATO_0002464	extends beyond
1489	http://purl.obolibrary.org/obo/PATO_0002465	prism shaped
1490	http://purl.obolibrary.org/obo/PATO_0002466	keyhole shaped
1491	http://purl.obolibrary.org/obo/PATO_0002467	lathlike
1492	http://purl.obolibrary.org/obo/PATO_0002468	distensible
1493	http://purl.obolibrary.org/obo/PATO_0002469	sutured to
1494	http://purl.obolibrary.org/obo/PATO_0002470	transformed to
1495	http://purl.obolibrary.org/obo/PATO_0002471	increased velocity
1496	http://purl.obolibrary.org/obo/PATO_0002472	decreased velocity
1497	http://purl.obolibrary.org/obo/PATO_0002473	neoplastic, spontaneous
1498	http://purl.obolibrary.org/obo/PATO_0002474	bitter
1499	http://purl.obolibrary.org/obo/PATO_0002475	subterminal
1500	http://purl.obolibrary.org/obo/PATO_0002476	terminal
1501	http://purl.obolibrary.org/obo/PATO_0002477	brittle
1502	http://purl.obolibrary.org/obo/PATO_0002478	transversely striated
1503	http://purl.obolibrary.org/obo/PATO_0002479	obliquely striated
1504	http://purl.obolibrary.org/obo/PATO_0002480	poorly ossified
1505	http://purl.obolibrary.org/obo/PATO_0002481	oblique orientation
1506	http://purl.obolibrary.org/obo/PATO_0002482	slit-like
1507	http://purl.obolibrary.org/obo/PATO_0002483	external to
1508	http://purl.obolibrary.org/obo/PATO_0002484	inverted-V shaped
1509	http://purl.obolibrary.org/obo/PATO_0002485	parallel-sided
1510	http://purl.obolibrary.org/obo/PATO_0002486	multi-organismal process quality
1511	http://purl.obolibrary.org/obo/PATO_0002487	single organismal process quality
1512	http://purl.obolibrary.org/obo/PATO_0002488	overlapping
1513	http://purl.obolibrary.org/obo/PATO_0002489	overlapped by
1514	http://purl.obolibrary.org/obo/PATO_0002490	anterior orientation
1515	http://purl.obolibrary.org/obo/PATO_0002491	anterodorsal orientation
1516	http://purl.obolibrary.org/obo/PATO_0002492	anterolateral orientation
1517	http://purl.obolibrary.org/obo/PATO_0002493	anteroventral orientation
1518	http://purl.obolibrary.org/obo/PATO_0002494	distal orientation
1519	http://purl.obolibrary.org/obo/PATO_0002495	dorsal orientation
1520	http://purl.obolibrary.org/obo/PATO_0002496	dorsolateral orientation
1521	http://purl.obolibrary.org/obo/PATO_0002497	lateral orientation
1522	http://purl.obolibrary.org/obo/PATO_0002498	medial orientation
1523	http://purl.obolibrary.org/obo/PATO_0002499	posterior orientation
1524	http://purl.obolibrary.org/obo/PATO_0002500	ventrolaterally orientation
1525	http://purl.obolibrary.org/obo/PATO_0002501	ventral orientation
1526	http://purl.obolibrary.org/obo/PATO_0002502	transverse orientation
1527	http://purl.obolibrary.org/obo/PATO_0002503	posterolateral orientation
1528	http://purl.obolibrary.org/obo/PATO_0002504	posterodorsal orientation
1529	http://purl.obolibrary.org/obo/PATO_0002505	nucleated
1530	http://purl.obolibrary.org/obo/PATO_0002506	alobate
1531	http://purl.obolibrary.org/obo/PATO_0002507	keratinous
1532	http://purl.obolibrary.org/obo/PATO_0002508	concealed
1533	http://purl.obolibrary.org/obo/PATO_0002509	hexagonal
1534	http://purl.obolibrary.org/obo/PATO_0002510	multipartite
1535	http://purl.obolibrary.org/obo/PATO_0002511	cane-like
1536	http://purl.obolibrary.org/obo/PATO_0002512	confluent with
1537	http://purl.obolibrary.org/obo/PATO_0002513	oblique to
1538	http://purl.obolibrary.org/obo/PATO_0002514	anteromedial orientation
1539	http://purl.obolibrary.org/obo/PATO_0002515	increased elevation relative to
1540	http://purl.obolibrary.org/obo/PATO_0002516	concealed by
1541	http://purl.obolibrary.org/obo/PATO_0002517	saddle-shaped
1542	http://purl.obolibrary.org/obo/PATO_0002518	flush
1543	http://purl.obolibrary.org/obo/PATO_0002519	cancellous
1544	http://purl.obolibrary.org/obo/PATO_0002520	scute-like
1545	http://purl.obolibrary.org/obo/PATO_0002521	funnel-shaped
1546	http://purl.obolibrary.org/obo/PATO_0002522	keel-shaped
1547	http://purl.obolibrary.org/obo/PATO_0002523	vertical to
1548	http://purl.obolibrary.org/obo/PATO_0002524	mesiolateral orientation
1549	http://purl.obolibrary.org/obo/PATO_0002525	separating
1550	http://purl.obolibrary.org/obo/PATO_0002526	anterodistal orientation
1551	http://purl.obolibrary.org/obo/PATO_0002527	posterodistal orientation
1552	http://purl.obolibrary.org/obo/PATO_0002533	bipartite
1553	http://purl.obolibrary.org/obo/PATO_0002534	plowshare shaped
1554	http://purl.obolibrary.org/obo/PATO_0002535	peg-like
1555	http://purl.obolibrary.org/obo/PATO_0002536	boomerang shaped
1556	http://purl.obolibrary.org/obo/PATO_0002537	subovoid
1557	http://purl.obolibrary.org/obo/PATO_0002538	concavo-convex
1558	http://purl.obolibrary.org/obo/PATO_0002539	ring shaped
1559	http://purl.obolibrary.org/obo/PATO_0002540	spur shaped
1560	http://purl.obolibrary.org/obo/PATO_0002541	homeostatic
1561	http://purl.obolibrary.org/obo/PATO_0002628	borderline intensity
1562	http://purl.obolibrary.org/obo/PATO_0002629	profound intensity
1563	http://purl.obolibrary.org/obo/PATO_0002630	episodic
1564	http://purl.obolibrary.org/obo/PATO_0002631	refractory
1565	http://purl.obolibrary.org/obo/PATO_0002632	secondary
1566	http://purl.obolibrary.org/obo/PATO_0005000	hemispheroid
1567	http://purl.obolibrary.org/obo/PATO_0005001	variability of count
1568	http://purl.obolibrary.org/obo/PATO_0005002	pear shaped
1569	http://purl.obolibrary.org/obo/PATO_0005003	paddle shaped
1570	http://purl.obolibrary.org/obo/PATO_0005004	subelliptical
1571	http://purl.obolibrary.org/obo/PATO_0005005	radiating
1572	http://purl.obolibrary.org/obo/PATO_0005006	differentiated from
1573	http://purl.obolibrary.org/obo/PATO_0005007	hypsodont
1574	http://purl.obolibrary.org/obo/PATO_0005008	brachydont
1575	http://purl.obolibrary.org/obo/PATO_0005009	molariform
1576	http://purl.obolibrary.org/obo/PATO_0005010	plumose
1577	http://purl.obolibrary.org/obo/PATO_0005011	continuous with
1578	http://purl.obolibrary.org/obo/PATO_0005012	complete structure
1579	http://purl.obolibrary.org/obo/PATO_0005013	incomplete structure
1580	http://purl.obolibrary.org/obo/PATO_0005014	subspherical
1581	http://purl.obolibrary.org/obo/PATO_0005015	tapered size
1582	http://purl.obolibrary.org/obo/PATO_0005016	surrounded by
1583	http://purl.obolibrary.org/obo/PATO_0005017	labiolingually compressed
1584	http://purl.obolibrary.org/obo/PATO_0005018	mesiodistally compressed
1585	http://purl.obolibrary.org/obo/PATO_0005019	curved lingually
1586	http://purl.obolibrary.org/obo/PATO_0005020	irregularly shaped
1587	http://purl.obolibrary.org/obo/PATO_0005021	unicuspidate
1588	http://purl.obolibrary.org/obo/PATO_0005022	uniform diameter
1589	http://purl.obolibrary.org/obo/PATO_0005023	parasagittal orientation
1590	http://purl.obolibrary.org/obo/PATO_0005024	longitudinal orientation
1591	http://purl.obolibrary.org/obo/PATO_0010000	maximally connected
1592	http://purl.obolibrary.org/obo/PATO_0010001	disconnected
1593	http://purl.obolibrary.org/obo/PATO_0010002	propagation velocity
1594	http://purl.obolibrary.org/obo/PATO_0010003	increased propagation velocity
1595	http://purl.obolibrary.org/obo/PATO_0010004	decreased propagation velocity
1596	http://purl.obolibrary.org/obo/PATO_0010005	spatial distribution of a process
1597	http://purl.obolibrary.org/obo/PATO_0010006	cell morphology
1598	http://purl.obolibrary.org/obo/PATO_0010007	multiciliated
1599	http://purl.obolibrary.org/obo/PATO_0010008	monociliated
1600	http://purl.obolibrary.org/obo/PATO_0015001	absence due to degeneration
1601	http://purl.obolibrary.org/obo/PATO_0015002	process efficacy
1602	http://purl.obolibrary.org/obo/PATO_0015003	decreased efficacy
1603	http://purl.obolibrary.org/obo/PATO_0015004	increased efficacy
1604	http://purl.obolibrary.org/obo/PATO_0015005	tendrilous
1605	http://purl.obolibrary.org/obo/PATO_0015006	polymeric
1606	http://purl.obolibrary.org/obo/PATO_0015007	prominence
1607	http://purl.obolibrary.org/obo/PATO_0015008	distensibility
1608	http://purl.obolibrary.org/obo/PATO_0015009	humidity
1609	http://purl.obolibrary.org/obo/PATO_0015010	increased humidity
1610	http://purl.obolibrary.org/obo/PATO_0015011	decreased humidity
1611	http://purl.obolibrary.org/obo/PATO_0015012	quality of a plasma
1612	http://purl.obolibrary.org/obo/PATO_0015013	degree of illumination
1613	http://purl.obolibrary.org/obo/PATO_0015014	increased degree of illumination
1614	http://purl.obolibrary.org/obo/PATO_0015015	decreased degree of illumination
1615	http://purl.obolibrary.org/obo/PATO_0015016	stepped
1616	http://purl.obolibrary.org/obo/PATO_0015017	quality of a colloid
1617	http://purl.obolibrary.org/obo/PATO_0015018	quality of an aerosol
1618	http://purl.obolibrary.org/obo/PATO_0015019	C-shaped
1619	http://purl.obolibrary.org/obo/PATO_0015020	J-shaped
1620	http://purl.obolibrary.org/obo/PATO_0015021	combustibility
1621	http://purl.obolibrary.org/obo/PATO_0015022	increased combustibility
1622	http://purl.obolibrary.org/obo/PATO_0015023	decreased combustibility
1623	http://purl.obolibrary.org/obo/PATO_0015024	increased porosity
1624	http://purl.obolibrary.org/obo/PATO_0015025	decreased porosity
1625	http://purl.obolibrary.org/obo/PATO_0015026	stability
1626	http://purl.obolibrary.org/obo/PATO_0015027	increased stability
1627	http://purl.obolibrary.org/obo/PATO_0015028	decreased stability
1628	http://purl.obolibrary.org/obo/PATO_0015029	quality of a suspension
1629	http://purl.obolibrary.org/obo/PATO_0015030	plume-shaped
1630	http://purl.obolibrary.org/obo/PATO_0015031	contamination
1631	http://purl.obolibrary.org/obo/PATO_0015032	increased contamination
1632	http://purl.obolibrary.org/obo/PATO_0015033	decreased contamination
1633	http://purl.obolibrary.org/obo/PATO_0020000	genotypic sex
1634	http://purl.obolibrary.org/obo/PATO_0020001	male genotypic sex
1635	http://purl.obolibrary.org/obo/PATO_0020002	female genotypic sex
1636	http://purl.obolibrary.org/obo/PATO_0025000	potability
1637	http://purl.obolibrary.org/obo/PATO_0025001	non-potable
1638	http://purl.obolibrary.org/obo/PATO_0025002	potable
1639	http://purl.obolibrary.org/obo/PATO_0030000	anteriorized
1640	http://purl.obolibrary.org/obo/PATO_0030001	dorsalized
1641	http://purl.obolibrary.org/obo/PATO_0030002	posteriorized
1642	http://purl.obolibrary.org/obo/PATO_0030003	ventralized
1643	http://purl.obolibrary.org/obo/PATO_0030004	partially anteriorized
1644	http://purl.obolibrary.org/obo/PATO_0030005	partially dorsalized
1645	http://purl.obolibrary.org/obo/PATO_0030006	partially posteriorized
1646	http://purl.obolibrary.org/obo/PATO_0030007	partially ventralized
1647	http://purl.obolibrary.org/obo/PATO_0030008	dorso-anteriorized
1648	http://purl.obolibrary.org/obo/PATO_0030009	partially dorso-anteriorized
1649	http://purl.obolibrary.org/obo/PATO_0030010	wholly dorso-anteriorized
1650	http://purl.obolibrary.org/obo/PATO_0030011	ventro-posteriorized
1651	http://purl.obolibrary.org/obo/PATO_0030012	partially ventro-posteriorized
1652	http://purl.obolibrary.org/obo/PATO_0030013	wholly ventro-posteriorized
1653	http://purl.obolibrary.org/obo/PATO_0040000	heterotaxic
1654	http://purl.obolibrary.org/obo/PATO_0040002	position originates from
1655	http://purl.obolibrary.org/obo/PATO_0040003	pathogenicity
1656	http://purl.obolibrary.org/obo/PATO_0040004	plush
1657	http://purl.obolibrary.org/obo/PATO_0040005	posteroventral orientation
1658	http://purl.obolibrary.org/obo/PATO_0040006	crown like
1659	http://purl.obolibrary.org/obo/PATO_0040007	shell shaped
1660	http://purl.obolibrary.org/obo/PATO_0040008	fringed
1661	http://purl.obolibrary.org/obo/PATO_0040009	bowl shaped
1662	http://purl.obolibrary.org/obo/PATO_0040010	mobile relative to
1663	http://purl.obolibrary.org/obo/PATO_0040011	immobile relative to
1664	http://purl.obolibrary.org/obo/PATO_0040012	plug shaped
1665	http://purl.obolibrary.org/obo/PATO_0040013	dorsomedial orientation
1666	http://purl.obolibrary.org/obo/PATO_0040014	band shaped
1667	http://purl.obolibrary.org/obo/PATO_0040015	trough shaped
1668	http://purl.obolibrary.org/obo/PATO_0040016	pentagonal
1669	http://purl.obolibrary.org/obo/PATO_0040017	dysplastic growth
1670	http://purl.obolibrary.org/obo/PATO_0040019	fibrotic
1671	http://purl.obolibrary.org/obo/PATO_0040020	spayed female
1672	http://purl.obolibrary.org/obo/PATO_0040021	unpaired
1673	http://purl.obolibrary.org/obo/PATO_0040022	flared
1674	http://purl.obolibrary.org/obo/PATO_0040023	distomedial orientation
1675	http://purl.obolibrary.org/obo/PATO_0040024	bilaterally paired
1676	http://purl.obolibrary.org/obo/PATO_0040025	lesioned
1677	http://purl.obolibrary.org/obo/PATO_0040026	structurally discontinuous
1678	http://purl.obolibrary.org/obo/PATO_0040027	doubled haploid
1679	http://purl.obolibrary.org/obo/PATO_0040028	parous
1680	http://purl.obolibrary.org/obo/PATO_0040029	shaded
1681	http://purl.obolibrary.org/obo/PATO_0040030	decreased width and length
1682	http://purl.obolibrary.org/obo/PATO_0040031	increased width and length
1683	http://purl.obolibrary.org/obo/PATO_0040032	increased linear velocity
1684	http://purl.obolibrary.org/obo/PATO_0040033	decreased linear velocity
1685	http://purl.obolibrary.org/obo/PATO_0040034	fractured
1686	http://purl.obolibrary.org/obo/PATO_0040035	transversely fractured
1687	http://purl.obolibrary.org/obo/PATO_0040036	impact-fractured
1688	http://purl.obolibrary.org/obo/PATO_0040037	linearly fractured
1689	http://purl.obolibrary.org/obo/PATO_0040038	obliquely fractured
1690	http://purl.obolibrary.org/obo/PATO_0040039	spirally fractured
1691	http://purl.obolibrary.org/obo/PATO_0040040	compression-fractured
1692	http://purl.obolibrary.org/obo/PATO_0040041	avulsion fractured
1693	http://purl.obolibrary.org/obo/PATO_0040042	decreased ratio
1694	http://purl.obolibrary.org/obo/PATO_0040043	increased ratio
1695	http://purl.obolibrary.org/obo/PATO_0040044	ruptured
1696	http://purl.obolibrary.org/obo/PATO_0040045	population growth rate
1697	http://purl.obolibrary.org/obo/PATO_0040046	single organismal growth rate
1698	http://purl.obolibrary.org/obo/PATO_0040047	fragmented
1699	http://purl.obolibrary.org/obo/PATO_0040048	erythematous
1700	http://purl.obolibrary.org/obo/PATO_0040049	male with DSD
1701	http://purl.obolibrary.org/obo/PATO_0040050	diandrous
1702	http://purl.obolibrary.org/obo/PATO_0040051	monandrous
1703	http://purl.obolibrary.org/obo/PATO_0040052	protogynous
1704	http://purl.obolibrary.org/obo/PATO_0040053	protandrous
1705	http://purl.obolibrary.org/obo/PATO_0040054	protogynous hermaphroditism
1706	http://purl.obolibrary.org/obo/PATO_0040055	protandrous hermaphroditism
1707	http://purl.obolibrary.org/obo/PATO_0040056	female with DSD
1708	http://purl.obolibrary.org/obo/PATO_0040057	population process quality
1709	http://purl.obolibrary.org/obo/PATO_0040058	absence of physical object
1710	http://purl.obolibrary.org/obo/PATO_0040059	absent process
1711	http://purl.obolibrary.org/obo/PATO_0040060	absence of anatomical entity
1712	http://purl.obolibrary.org/obo/PATO_0040070	thermoplastic
1713	http://purl.obolibrary.org/obo/PATO_0040071	nuclear/cytoplasmic ratio
1714	http://purl.obolibrary.org/obo/PATO_0040072	high nuclear/cytoplasmic ratio
1715	http://purl.obolibrary.org/obo/PATO_0045000	normal rate
1716	http://purl.obolibrary.org/obo/PATO_0045001	normal object quality
1717	http://purl.obolibrary.org/obo/PATO_0045002	normal acidity
1718	http://purl.obolibrary.org/obo/PATO_0045003	normal adhesivity
1719	http://purl.obolibrary.org/obo/PATO_0045004	normal affinity
1720	http://purl.obolibrary.org/obo/PATO_0045005	normal age
1721	http://purl.obolibrary.org/obo/PATO_0045006	normal avidity
1722	http://purl.obolibrary.org/obo/PATO_0045007	normal behavioural activity
1723	http://purl.obolibrary.org/obo/PATO_0045008	normal cellular motility
1724	http://purl.obolibrary.org/obo/PATO_0045009	normal coiling
1725	http://purl.obolibrary.org/obo/PATO_0045010	normal concentration
1726	http://purl.obolibrary.org/obo/PATO_0045011	normal contractility
1727	http://purl.obolibrary.org/obo/PATO_0045012	normal coordination
1728	http://purl.obolibrary.org/obo/PATO_0045013	normal curvature
1729	http://purl.obolibrary.org/obo/PATO_0045014	normal distance
1730	http://purl.obolibrary.org/obo/PATO_0045015	normal efficiency
1731	http://purl.obolibrary.org/obo/PATO_0045016	normal elasticity
1732	http://purl.obolibrary.org/obo/PATO_0045017	normal fecundity
1733	http://purl.obolibrary.org/obo/PATO_0045018	normal female fertility
1734	http://purl.obolibrary.org/obo/PATO_0045019	normal female receptivity
1735	http://purl.obolibrary.org/obo/PATO_0045020	normal fertility
1736	http://purl.obolibrary.org/obo/PATO_0045021	normal flexibility
1737	http://purl.obolibrary.org/obo/PATO_0045022	normal fluid flow
1738	http://purl.obolibrary.org/obo/PATO_0045023	normal fluorescence
1739	http://purl.obolibrary.org/obo/PATO_0045024	normal force
1740	http://purl.obolibrary.org/obo/PATO_0045025	normal fragility
1741	http://purl.obolibrary.org/obo/PATO_0045026	normal life span
1742	http://purl.obolibrary.org/obo/PATO_0045027	normal magnetism
1743	http://purl.obolibrary.org/obo/PATO_0045028	normal male fertility
1744	http://purl.obolibrary.org/obo/PATO_0045029	normal male receptivity
1745	http://purl.obolibrary.org/obo/PATO_0045030	normal mass
1746	http://purl.obolibrary.org/obo/PATO_0045031	normal mass density
1747	http://purl.obolibrary.org/obo/PATO_0045032	normal mobility
1748	http://purl.obolibrary.org/obo/PATO_0045033	normal odor
1749	http://purl.obolibrary.org/obo/PATO_0045034	normal osmolality
1750	http://purl.obolibrary.org/obo/PATO_0045035	normal osmolarity
1751	http://purl.obolibrary.org/obo/PATO_0045036	normal permeability
1752	http://purl.obolibrary.org/obo/PATO_0045037	normal phosphorylation
1753	http://purl.obolibrary.org/obo/PATO_0045038	normal photosensitivity
1754	http://purl.obolibrary.org/obo/PATO_0045039	normal pigmentation
1755	http://purl.obolibrary.org/obo/PATO_0045040	normal position
1756	http://purl.obolibrary.org/obo/PATO_0045041	normal angle to
1757	http://purl.obolibrary.org/obo/PATO_0045042	normal distribution
1758	http://purl.obolibrary.org/obo/PATO_0045043	normal elevation
1759	http://purl.obolibrary.org/obo/PATO_0045044	normal pressure
1760	http://purl.obolibrary.org/obo/PATO_0045045	normal radioactivity
1761	http://purl.obolibrary.org/obo/PATO_0045046	normal radiopacity
1762	http://purl.obolibrary.org/obo/PATO_0045047	normal resistance to
1763	http://purl.obolibrary.org/obo/PATO_0045048	normal sensitivity to irradiation
1764	http://purl.obolibrary.org/obo/PATO_0045049	normal sensitivity toward
1765	http://purl.obolibrary.org/obo/PATO_0045050	normal size
1766	http://purl.obolibrary.org/obo/PATO_0045051	normal area
1767	http://purl.obolibrary.org/obo/PATO_0045052	normal depth
1768	http://purl.obolibrary.org/obo/PATO_0045053	normal height
1769	http://purl.obolibrary.org/obo/PATO_0045054	normal length
1770	http://purl.obolibrary.org/obo/PATO_0045055	normal diameter
1771	http://purl.obolibrary.org/obo/PATO_0045056	normal anterior-posterior diameter
1772	http://purl.obolibrary.org/obo/PATO_0045057	normal perimeter
1773	http://purl.obolibrary.org/obo/PATO_0045058	normal circumference
1774	http://purl.obolibrary.org/obo/PATO_0045059	normal thickness
1775	http://purl.obolibrary.org/obo/PATO_0045060	normal volume
1776	http://purl.obolibrary.org/obo/PATO_0045061	normal width
1777	http://purl.obolibrary.org/obo/PATO_0045062	normal solubility
1778	http://purl.obolibrary.org/obo/PATO_0045063	normal speed
1779	http://purl.obolibrary.org/obo/PATO_0045064	normal strength
1780	http://purl.obolibrary.org/obo/PATO_0045065	normal fatigability
1781	http://purl.obolibrary.org/obo/PATO_0045066	normal susceptibility toward
1782	http://purl.obolibrary.org/obo/PATO_0045067	normal temperature
1783	http://purl.obolibrary.org/obo/PATO_0045068	normal tendency
1784	http://purl.obolibrary.org/obo/PATO_0045069	normal threshold
1785	http://purl.obolibrary.org/obo/PATO_0045070	normal tolerance to
1786	http://purl.obolibrary.org/obo/PATO_0045071	normal tonicity
1787	http://purl.obolibrary.org/obo/PATO_0045072	normal turgor
1788	http://purl.obolibrary.org/obo/PATO_0045073	normal process quality
1789	http://purl.obolibrary.org/obo/PATO_0045074	normal variability
1790	http://purl.obolibrary.org/obo/PATO_0045075	normal variability of color
1791	http://purl.obolibrary.org/obo/PATO_0045076	normal variability of rate
1792	http://purl.obolibrary.org/obo/PATO_0045077	normal variability of size
1793	http://purl.obolibrary.org/obo/PATO_0045078	normal variability of temperature
1794	http://purl.obolibrary.org/obo/PATO_0045079	normal velocity
1795	http://purl.obolibrary.org/obo/PATO_0045080	normal virulence
1796	http://purl.obolibrary.org/obo/PATO_0045081	normal viscosity
1797	http://purl.obolibrary.org/obo/PATO_0045082	normal waxiness
1798	http://purl.obolibrary.org/obo/PATO_0045083	normal wetness
1799	http://purl.obolibrary.org/obo/PATO_0045084	normal duration
1800	http://purl.obolibrary.org/obo/PATO_0045085	normal duration of temperature
1801	http://purl.obolibrary.org/obo/PATO_0045086	normal occurrence
1802	http://purl.obolibrary.org/obo/PATO_0045087	normal frequency
1803	http://purl.obolibrary.org/obo/PATO_0045088	normal sensitivity of a process
1804	http://purl.obolibrary.org/obo/PATO_0045089	normal sensitivity of a process to oxygen
1805	http://purl.obolibrary.org/obo/PATO_0045090	cardinal direction
1806	http://purl.obolibrary.org/obo/PATO_0045091	north
1807	http://purl.obolibrary.org/obo/PATO_0045092	east
1808	http://purl.obolibrary.org/obo/PATO_0045093	south
1809	http://purl.obolibrary.org/obo/PATO_0045094	west
1810	http://purl.obolibrary.org/obo/PATO_0050000	rate of occurence
1811	http://purl.obolibrary.org/obo/PATO_0050001	rate of continuous process
1812	http://purl.obolibrary.org/obo/PATO_0055001	decreased spatial extent of a process
1813	http://purl.obolibrary.org/obo/PATO_0055002	increased spatial extent of a process
1814	http://purl.obolibrary.org/obo/PATO_0055003	increased rate of occurrence
1815	http://purl.obolibrary.org/obo/PATO_0055004	decreased rate of occurrence
1816	http://purl.obolibrary.org/obo/PATO_0055005	increased rate of continuous process
1817	http://purl.obolibrary.org/obo/PATO_0055006	decreased rate of continuous process
1818	http://purl.obolibrary.org/obo/PATO_0060001	sex-specific
1819	http://purl.obolibrary.org/obo/PATO_0060002	male-specific
1820	http://purl.obolibrary.org/obo/PATO_0060003	female-specific
1821	http://purl.obolibrary.org/obo/PATO_0065001	lysed
1822	http://purl.obolibrary.org/obo/PATO_0065002	patchy pigmentation
1823	http://purl.obolibrary.org/obo/PATO_0070000	sequential hermaphrodite
1824	http://purl.obolibrary.org/obo/PATO_0070001	neurogliaform morphology
1825	http://purl.obolibrary.org/obo/PATO_0070002	basket cell morphology
1826	http://purl.obolibrary.org/obo/PATO_0070003	small basket cell morphology
1827	http://purl.obolibrary.org/obo/PATO_0070004	large basket cell morphology
1828	http://purl.obolibrary.org/obo/PATO_0070005	nest basket cell morphology
1829	http://purl.obolibrary.org/obo/PATO_0070006	cortical bipolar morphology
1830	http://purl.obolibrary.org/obo/PATO_0070007	Martinotti morphology
1831	http://purl.obolibrary.org/obo/PATO_0070008	T Martinotti morphology
1832	http://purl.obolibrary.org/obo/PATO_0070009	fan Martinotti morphology
1833	http://purl.obolibrary.org/obo/PATO_0070010	stellate morphology
1834	http://purl.obolibrary.org/obo/PATO_0070011	chandelier cell morphology
1835	http://purl.obolibrary.org/obo/PATO_0070012	bitufted cell morphology
1836	http://purl.obolibrary.org/obo/PATO_0070013	spiny stellate cell morphology
1837	http://purl.obolibrary.org/obo/PATO_0070015	pyramidal family morphology
1838	http://purl.obolibrary.org/obo/PATO_0070016	horizontal pyramidal morphology
1839	http://purl.obolibrary.org/obo/PATO_0070017	standard pyramidal morphology
1840	http://purl.obolibrary.org/obo/PATO_0070018	tufted pyramidal morphology
1841	http://purl.obolibrary.org/obo/PATO_0070019	untufted pyramidal morphology
1842	http://purl.obolibrary.org/obo/PATO_0070020	stellate pyramidal morphology
1843	http://purl.obolibrary.org/obo/PATO_0070021	inverted pyramidal morphology
1844	http://purl.obolibrary.org/obo/PATO_0070025	unipolar neuron morphology
1845	http://purl.obolibrary.org/obo/PATO_0070026	multipolar neuron morphology
1846	http://purl.obolibrary.org/obo/PATO_0070027	bitufted dendrite cell morphology
1847	http://purl.obolibrary.org/obo/PATO_0070028	extratelencephalic projecting
1848	http://purl.obolibrary.org/obo/PATO_0070029	corticothalamic projecting
1849	http://purl.obolibrary.org/obo/PATO_0070030	near projecting
1850	http://purl.obolibrary.org/obo/PATO_0070031	corticomedulla projecting
1851	http://purl.obolibrary.org/obo/PATO_0070033	neuron projection quality
1852	http://purl.obolibrary.org/obo/PATO_0070034	intratelencephalic projecting
1853	http://purl.obolibrary.org/obo/PATO_0070036	dendrite quality
1854	http://purl.obolibrary.org/obo/PATO_0070038	spiny dendrite quality
1855	http://purl.obolibrary.org/obo/PATO_0070039	tufted dendrite quality
1856	http://purl.obolibrary.org/obo/PATO_0070040	aspiny dendrite quality
1857	http://purl.obolibrary.org/obo/PATO_0070041	varicose dendrite quality
1858	http://purl.obolibrary.org/obo/PATO_0070042	retinal bipolar morphology
1859	http://purl.obolibrary.org/obo/PATO_0070044	anatomical structure quality
1860	http://purl.obolibrary.org/obo/PATO_0070045	anatomical histological quality
1861	http://purl.obolibrary.org/obo/PATO_0070046	neutrophillic
1862	http://purl.obolibrary.org/obo/PATO_0070047	polychromatophilic
1863	http://purl.obolibrary.org/obo/PATO_0070059	rusty
1864	http://purl.obolibrary.org/obo/PATO_0070060	quality of interaction of a substance with electromagnetic radiation
1865	http://purl.obolibrary.org/obo/PATO_0070061	double bouquet morphology
1866	http://purl.obolibrary.org/obo/PATO_0070062	bistratified dendrite cell morphology
1867	http://purl.obolibrary.org/obo/PATO_0070063	monostratified dendrite cell morphology
1868	http://purl.obolibrary.org/obo/PATO_0070064	dendritic field size
1869	http://purl.obolibrary.org/obo/PATO_0080001	quality of a fluid
1870	http://purl.obolibrary.org/obo/PATO_0085001	salinity
1871	http://purl.obolibrary.org/obo/PATO_0095001	organismal area to mass ratio
1872	http://purl.obolibrary.org/obo/PATO_0095002	cursorial
1873	http://purl.obolibrary.org/obo/PATO_0095003	fossorial
1874	http://purl.obolibrary.org/obo/PATO_0095004	arboreal
1875	http://purl.obolibrary.org/obo/PATO_0095005	crepuscular
1876	http://purl.obolibrary.org/obo/PATO_0095006	nocturnal
1877	http://purl.obolibrary.org/obo/PATO_0095007	diurnal
1878	http://purl.obolibrary.org/obo/PATO_0095008	migratory
1879	http://purl.obolibrary.org/obo/PATO_0095009	anecic
1880	http://purl.obolibrary.org/obo/PATO_0103000	quantitative
1881	http://purl.obolibrary.org/obo/PATO_0103001	total mass
1882	http://purl.obolibrary.org/obo/PATO_0103002	increased total mass
1883	http://purl.obolibrary.org/obo/PATO_0103003	decreased total mass
1884	http://purl.obolibrary.org/obo/PATO_0103004	total amount
1885	http://purl.obolibrary.org/obo/PATO_0103005	decreased total amount
1886	http://purl.obolibrary.org/obo/PATO_0103006	increased total amount
