═══════════════════════════════════════════════════════════════
  Brain O-SSM ABIDE Cross-Site CV
═══════════════════════════════════════════════════════════════
  Manifest: abide_roi_manifest.tsv
  Subjects: 200
  (ASD=100
 Control=100
)
  Sites: 20
 grouped holdouts
  Split: leave-one-site-out cross-validation

  Model    Seed    Accuracy summary
  ───────  ──────  ───────────────────────────────────────────
  Seed schedule: 20 fixed seeds
PRED	O-SSM	55555
	NYU	1
	0.592078	1
	0.408664
PRED	O-SSM	55555
	NYU	1
	0.669293	1
	0.778237
PRED	O-SSM	55555
	NYU	1
	0.617797	1
	0.528336
PRED	O-SSM	55555
	NYU	1
	0.644572	1
	0.656253
PRED	O-SSM	55555
	NYU	1
	0.746880	1
	1.197426
PRED	O-SSM	55555
	NYU	0
	0.770751	1
	1.342525
PRED	O-SSM	55555
	NYU	0
	0.626955	1
	0.571663
PRED	O-SSM	55555
	NYU	0
	0.745039	1
	1.186625
PRED	O-SSM	55555
	NYU	0
	0.773681	1
	1.361044
PRED	O-SSM	55555
	NYU	0
	0.706858	1
	0.972995
PRED	O-SSM	55555
	UM_1	1
	0.489467	0
	1.693643
PRED	O-SSM	55555
	UM_1	1
	0.487957	0
	1.399121
PRED	O-SSM	55555
	UM_1	1
	0.485155	0
	0.852273
PRED	O-SSM	55555
	UM_1	1
	0.489811	0
	1.760844
PRED	O-SSM	55555
	UM_1	1
	0.481982	0
	0.232875
PRED	O-SSM	55555
	UM_1	0
	0.485845	0
	0.987021
PRED	O-SSM	55555
	UM_1	0
	0.481025	0
	0.045952
PRED	O-SSM	55555
	UM_1	0
	0.487019	0
	1.216048
PRED	O-SSM	55555
	UM_1	0
	0.483578	0
	0.544482
PRED	O-SSM	55555
	UM_1	0
	0.485792	0
	0.976632
PRED	O-SSM	55555
	UCLA_1	1
	0.300013	0
	1.112068
PRED	O-SSM	55555
	UCLA_1	1
	0.308033	0
	1.043774
PRED	O-SSM	55555
	UCLA_1	1
	0.338755	0
	0.790651
PRED	O-SSM	55555
	UCLA_1	1
	0.374093	0
	0.512907
PRED	O-SSM	55555
	UCLA_1	1
	0.298356	0
	1.126304
PRED	O-SSM	55555
	UCLA_1	0
	0.366874	0
	0.568675
PRED	O-SSM	55555
	UCLA_1	0
	0.330909	0
	0.854128
PRED	O-SSM	55555
	UCLA_1	0
	0.370292	0
	0.542217
PRED	O-SSM	55555
	UCLA_1	0
	0.327032	0
	0.885771
PRED	O-SSM	55555
	UCLA_1	0
	0.337219	0
	0.803019
PRED	O-SSM	55555
	YALE	1
	0.344848	0
	1.097922
PRED	O-SSM	55555
	YALE	1
	0.355269	0
	0.883778
PRED	O-SSM	55555
	YALE	1
	0.373415	0
	0.517427
PRED	O-SSM	55555
	YALE	1
	0.344038	0
	1.114693
PRED	O-SSM	55555
	YALE	1
	0.393066	0
	0.128706
PRED	O-SSM	55555
	YALE	0
	0.390838	0
	0.172398
PRED	O-SSM	55555
	YALE	0
	0.373587	0
	0.513987
PRED	O-SSM	55555
	YALE	0
	0.321382	0
	1.591886
PRED	O-SSM	55555
	YALE	0
	0.393756	0
	0.115187
PRED	O-SSM	55555
	YALE	0
	0.272443	0
	2.689730
PRED	O-SSM	55555
	PITT	1
	0.922170	1
	1.300934
PRED	O-SSM	55555
	PITT	1
	0.985756	1
	2.660984
PRED	O-SSM	55555
	PITT	1
	0.911903	1
	1.196815
PRED	O-SSM	55555
	PITT	1
	0.936171	1
	1.465376
PRED	O-SSM	55555
	PITT	1
	0.922778	1
	1.307482
PRED	O-SSM	55555
	PITT	0
	0.793311	1
	0.432282
PRED	O-SSM	55555
	PITT	0
	0.839656	1
	0.671693
PRED	O-SSM	55555
	PITT	0
	0.919218	1
	1.269772
PRED	O-SSM	55555
	PITT	0
	0.825242	1
	0.592015
PRED	O-SSM	55555
	PITT	0
	0.853880	1
	0.756225
PRED	O-SSM	55555
	USM	1
	0.415027	0
	0.392134
PRED	O-SSM	55555
	USM	1
	0.423529	0
	0.755720
PRED	O-SSM	55555
	USM	1
	0.412801	0
	0.296603
PRED	O-SSM	55555
	USM	1
	0.457638	0
	2.197277
PRED	O-SSM	55555
	USM	1
	0.432595	0
	1.141331
PRED	O-SSM	55555
	USM	0
	0.412699	0
	0.292232
PRED	O-SSM	55555
	USM	0
	0.422630	0
	0.717396
PRED	O-SSM	55555
	USM	0
	0.433427	0
	1.176609
PRED	O-SSM	55555
	USM	0
	0.418339	0
	0.534022
PRED	O-SSM	55555
	USM	0
	0.427416	0
	0.921305
PRED	O-SSM	55555
	MAX_MUN	1
	0.222032	0
	0.129244
PRED	O-SSM	55555
	MAX_MUN	1
	0.309472	0
	0.486140
PRED	O-SSM	55555
	MAX_MUN	1
	0.515378	1
	1.169545
PRED	O-SSM	55555
	MAX_MUN	1
	0.397618	0
	0.792358
PRED	O-SSM	55555
	MAX_MUN	1
	0.723786	1
	1.882741
PRED	O-SSM	55555
	MAX_MUN	0
	0.458448	0
	0.989132
PRED	O-SSM	55555
	MAX_MUN	0
	0.405524	0
	0.818375
PRED	O-SSM	55555
	MAX_MUN	0
	0.560295	1
	1.312558
PRED	O-SSM	55555
	MAX_MUN	0
	0.385913	0
	0.753506
PRED	O-SSM	55555
	MAX_MUN	0
	0.579285	1
	1.373834
PRED	O-SSM	55555
	TRINITY	1
	0.305976	0
	1.967804
PRED	O-SSM	55555
	TRINITY	1
	0.393606	0
	1.020364
PRED	O-SSM	55555
	TRINITY	1
	0.353596	0
	1.439410
PRED	O-SSM	55555
	TRINITY	1
	0.369914	0
	1.266283
PRED	O-SSM	55555
	TRINITY	1
	0.423125	0
	0.721001
PRED	O-SSM	55555
	TRINITY	0
	0.429381	0
	0.658345
PRED	O-SSM	55555
	TRINITY	0
	0.432712	0
	0.625075
PRED	O-SSM	55555
	TRINITY	0
	0.421786	0
	0.734439
PRED	O-SSM	55555
	TRINITY	0
	0.397189	0
	0.983649
PRED	O-SSM	55555
	TRINITY	0
	0.442031	0
	0.532316
PRED	O-SSM	55555
	KKI	1
	0.605224	1
	0.890233
PRED	O-SSM	55555
	KKI	1
	0.599257	1
	1.105130
PRED	O-SSM	55555
	KKI	1
	0.610779	1
	0.689130
PRED	O-SSM	55555
	KKI	1
	0.608107	1
	0.785998
PRED	O-SSM	55555
	KKI	1
	0.602103	1
	1.002769
PRED	O-SSM	55555
	KKI	0
	0.603520	1
	0.951710
PRED	O-SSM	55555
	KKI	0
	0.604267	1
	0.924771
PRED	O-SSM	55555
	KKI	0
	0.578108	1
	1.858773
PRED	O-SSM	55555
	KKI	0
	0.579512	1
	1.809073
PRED	O-SSM	55555
	KKI	0
	0.610168	1
	0.711304
PRED	O-SSM	55555
	STANFORD	1
	0.113066	0
	2.031709
PRED	O-SSM	55555
	STANFORD	1
	0.209582	0
	1.153653
PRED	O-SSM	55555
	STANFORD	1
	0.007627	0
	5.399822
PRED	O-SSM	55555
	STANFORD	1
	0.155386	0
	1.591891
PRED	O-SSM	55555
	STANFORD	1
	0.182357	0
	1.361087
PRED	O-SSM	55555
	STANFORD	0
	0.270296	0
	0.752813
PRED	O-SSM	55555
	STANFORD	0
	0.199335	0
	1.229197
PRED	O-SSM	55555
	STANFORD	0
	0.317299	0
	0.480760
PRED	O-SSM	55555
	STANFORD	0
	0.265041	0
	0.784957
PRED	O-SSM	55555
	STANFORD	0
	0.155769	0
	1.588398
PRED	O-SSM	55555
	CALTECH	1
	0.630027	1
	0.518735
PRED	O-SSM	55555
	CALTECH	1
	0.643442	1
	0.589664
PRED	O-SSM	55555
	CALTECH	1
	0.630946	1
	0.523561
PRED	O-SSM	55555
	CALTECH	1
	0.655224	1
	0.652938
PRED	O-SSM	55555
	CALTECH	1
	0.735703	1
	1.119660
PRED	O-SSM	55555
	CALTECH	0
	0.743642	1
	1.170079
PRED	O-SSM	55555
	CALTECH	0
	0.719193	1
	1.017805
PRED	O-SSM	55555
	CALTECH	0
	0.555972	1
	0.142712
PRED	O-SSM	55555
	CALTECH	0
	0.702088	1
	0.916065
PRED	O-SSM	55555
	CALTECH	0
	0.701698	1
	0.913789
PRED	O-SSM	55555
	LEUVEN_2	1
	0.207415	0
	1.553563
PRED	O-SSM	55555
	LEUVEN_2	1
	0.249147	0
	1.345425
PRED	O-SSM	55555
	LEUVEN_2	1
	0.521231	1
	0.303775
PRED	O-SSM	55555
	LEUVEN_2	1
	0.180217	0
	1.706371
PRED	O-SSM	55555
	LEUVEN_2	1
	0.432259	0
	0.617299
PRED	O-SSM	55555
	LEUVEN_2	0
	0.280114	0
	1.205793
PRED	O-SSM	55555
	LEUVEN_2	0
	0.376918	0
	0.818949
PRED	O-SSM	55555
	LEUVEN_2	0
	0.287822	0
	1.172556
PRED	O-SSM	55555
	LEUVEN_2	0
	0.263518	0
	1.279320
PRED	O-SSM	55555
	LEUVEN_2	0
	0.487397	0
	0.422482
PRED	O-SSM	55555
	OLIN	1
	0.373460	0
	0.965444
PRED	O-SSM	55555
	OLIN	1
	0.436477	0
	0.193826
PRED	O-SSM	55555
	OLIN	1
	0.428067	0
	0.294785
PRED	O-SSM	55555
	OLIN	1
	0.421735	0
	0.371121
PRED	O-SSM	55555
	OLIN	1
	0.426308	0
	0.315953
PRED	O-SSM	55555
	OLIN	0
	0.275761	0
	2.285749
PRED	O-SSM	55555
	OLIN	0
	0.435025	0
	0.211218
PRED	O-SSM	55555
	OLIN	0
	0.389795	0
	0.761499
PRED	O-SSM	55555
	OLIN	0
	0.423707	0
	0.347307
PRED	O-SSM	55555
	OLIN	0
	0.352897	0
	1.227411
PRED	O-SSM	55555
	SBL	1
	0.419491	0
	1.337602
PRED	O-SSM	55555
	SBL	1
	0.411487	0
	1.160529
PRED	O-SSM	55555
	SBL	1
	0.413044	0
	1.195065
PRED	O-SSM	55555
	SBL	1
	0.434474	0
	1.666657
PRED	O-SSM	55555
	SBL	1
	0.365124	0
	0.110844
PRED	O-SSM	55555
	SBL	0
	0.433097	0
	1.636541
PRED	O-SSM	55555
	SBL	0
	0.383404	0
	0.530294
PRED	O-SSM	55555
	SBL	0
	0.367816	0
	0.173145
PRED	O-SSM	55555
	SBL	0
	0.397882	0
	0.857086
PRED	O-SSM	55555
	SBL	0
	0.402735	0
	0.965719
PRED	O-SSM	55555
	LEUVEN_1	1
	0.557363	1
	0.840445
PRED	O-SSM	55555
	LEUVEN_1	1
	0.557870	1
	0.872137
PRED	O-SSM	55555
	LEUVEN_1	1
	0.563497	1
	1.224560
PRED	O-SSM	55555
	LEUVEN_1	1
	0.558684	1
	0.923052
PRED	O-SSM	55555
	LEUVEN_1	1
	0.557720	1
	0.862790
PRED	O-SSM	55555
	LEUVEN_1	0
	0.571409	1
	1.721844
PRED	O-SSM	55555
	LEUVEN_1	0
	0.562897	1
	1.186956
PRED	O-SSM	55555
	LEUVEN_1	0
	0.550430	1
	0.407605
PRED	O-SSM	55555
	LEUVEN_1	0
	0.558875	1
	0.935021
PRED	O-SSM	55555
	LEUVEN_1	0
	0.562928	1
	1.188895
PRED	O-SSM	55555
	SDSU	1
	0.452402	0
	0.399027
PRED	O-SSM	55555
	SDSU	1
	0.503197	1
	0.742868
PRED	O-SSM	55555
	SDSU	1
	0.480167	0
	0.587346
PRED	O-SSM	55555
	SDSU	1
	0.470582	0
	0.522492
PRED	O-SSM	55555
	SDSU	1
	0.624763	1
	1.581602
PRED	O-SSM	55555
	SDSU	0
	0.589994	1
	1.335442
PRED	O-SSM	55555
	SDSU	0
	0.631002	1
	1.626669
PRED	O-SSM	55555
	SDSU	0
	0.416305	0
	0.150982
PRED	O-SSM	55555
	SDSU	0
	0.746394	1
	2.542904
PRED	O-SSM	55555
	SDSU	0
	0.509274	1
	0.783897
PRED	O-SSM	55555
	CMU	1
	0.523542	1
	1.051649
PRED	O-SSM	55555
	CMU	1
	0.501193	1
	0.144493
PRED	O-SSM	55555
	CMU	1
	0.507210	1
	0.388567
PRED	O-SSM	55555
	CMU	1
	0.503291	1
	0.229592
PRED	O-SSM	55555
	CMU	1
	0.518483	1
	0.846100
PRED	O-SSM	55555
	CMU	0
	0.507462	1
	0.398772
PRED	O-SSM	55555
	CMU	0
	0.509211	1
	0.469738
PRED	O-SSM	55555
	CMU	0
	0.500779	1
	0.127702
PRED	O-SSM	55555
	CMU	0
	0.517457	1
	0.804422
PRED	O-SSM	55555
	CMU	0
	0.516703	1
	0.773823
PRED	O-SSM	55555
	UCLA_2	1
	0.549590	1
	0.855525
PRED	O-SSM	55555
	UCLA_2	1
	0.594080	1
	1.172000
PRED	O-SSM	55555
	UCLA_2	1
	0.601698	1
	1.227141
PRED	O-SSM	55555
	UCLA_2	1
	0.578683	1
	1.061507
PRED	O-SSM	55555
	UCLA_2	1
	0.453997	0
	0.188023
PRED	O-SSM	55555
	UCLA_2	0
	0.478864	0
	0.361951
PRED	O-SSM	55555
	UCLA_2	0
	0.566752	1
	0.976651
PRED	O-SSM	55555
	UCLA_2	0
	0.481185	0
	0.378134
PRED	O-SSM	55555
	UCLA_2	0
	0.530423	1
	0.721220
PRED	O-SSM	55555
	UCLA_2	0
	0.576265	1
	1.044256
PRED	O-SSM	55555
	UM_2	1
	0.473278	0
	2.637236
PRED	O-SSM	55555
	UM_2	1
	0.595610	1
	0.901494
PRED	O-SSM	55555
	UM_2	1
	0.647538	1
	0.125189
PRED	O-SSM	55555
	UM_2	1
	0.609258	1
	0.701344
PRED	O-SSM	55555
	UM_2	1
	0.572851	1
	1.230634
PRED	O-SSM	55555
	UM_2	0
	0.561749	1
	1.389503
PRED	O-SSM	55555
	UM_2	0
	0.632750	1
	0.350681
PRED	O-SSM	55555
	UM_2	0
	0.634024	1
	0.331413
PRED	O-SSM	55555
	UM_2	0
	0.582100	1
	1.097497
PRED	O-SSM	55555
	UM_2	0
	0.545428	1
	1.621477
PRED	O-SSM	55555
	OHSU	1
	0.288758	0
	1.465784
PRED	O-SSM	55555
	OHSU	1
	0.318849	0
	0.758419
PRED	O-SSM	55555
	OHSU	1
	0.264750	0
	2.062058
PRED	O-SSM	55555
	OHSU	1
	0.303251	0
	1.120156
PRED	O-SSM	55555
	OHSU	1
	0.314546	0
	0.857234
PRED	O-SSM	55555
	OHSU	0
	0.303384	0
	1.117029
PRED	O-SSM	55555
	OHSU	0
	0.292803	0
	1.368321
PRED	O-SSM	55555
	OHSU	0
	0.226973	0
	3.076007
PRED	O-SSM	55555
	OHSU	0
	0.284558	0
	1.567834
PRED	O-SSM	55555
	OHSU	0
	0.351176	0
	0.036957
  O-SSM    55555
   acc=49.500000% bal=49.500000% sites=20
/20
 test_n=200
 assoc=0.973438
PRED	O-SSM	11111
	NYU	1
	0.434196	0
	0.361746
PRED	O-SSM	11111
	NYU	1
	0.438111	0
	0.379762
PRED	O-SSM	11111
	NYU	1
	0.445282	0
	0.412674
PRED	O-SSM	11111
	NYU	1
	0.502696	1
	0.673593
PRED	O-SSM	11111
	NYU	1
	0.694447	1
	1.590574
PRED	O-SSM	11111
	NYU	0
	0.689316	1
	1.563332
PRED	O-SSM	11111
	NYU	0
	0.519610	1
	0.750208
PRED	O-SSM	11111
	NYU	0
	0.634766	1
	1.286943
PRED	O-SSM	11111
	NYU	0
	0.643433	1
	1.329475
PRED	O-SSM	11111
	NYU	0
	0.458032	0
	0.470944
PRED	O-SSM	11111
	UM_1	1
	0.355742	0
	1.373215
PRED	O-SSM	11111
	UM_1	1
	0.356970	0
	1.514710
PRED	O-SSM	11111
	UM_1	1
	0.349353	0
	0.633318
PRED	O-SSM	11111
	UM_1	1
	0.354549	0
	1.235520
PRED	O-SSM	11111
	UM_1	1
	0.345802	0
	0.219405
PRED	O-SSM	11111
	UM_1	0
	0.351801	0
	0.917482
PRED	O-SSM	11111
	UM_1	0
	0.344632	0
	0.082605
PRED	O-SSM	11111
	UM_1	0
	0.352858	0
	1.040024
PRED	O-SSM	11111
	UM_1	0
	0.351293	0
	0.858679
PRED	O-SSM	11111
	UM_1	0
	0.355011	0
	1.288828
PRED	O-SSM	11111
	UCLA_1	1
	0.395010	0
	1.570509
PRED	O-SSM	11111
	UCLA_1	1
	0.391748	0
	1.297358
PRED	O-SSM	11111
	UCLA_1	1
	0.390687	0
	1.208365
PRED	O-SSM	11111
	UCLA_1	1
	0.382613	0
	0.528316
PRED	O-SSM	11111
	UCLA_1	1
	0.392923	0
	1.395863
PRED	O-SSM	11111
	UCLA_1	0
	0.386073	0
	0.820349
PRED	O-SSM	11111
	UCLA_1	0
	0.396969	0
	1.734122
PRED	O-SSM	11111
	UCLA_1	0
	0.383562	0
	0.608515
PRED	O-SSM	11111
	UCLA_1	0
	0.396011	0
	1.654112
PRED	O-SSM	11111
	UCLA_1	0
	0.387662	0
	0.954206
PRED	O-SSM	11111
	YALE	1
	0.585949	1
	1.045962
PRED	O-SSM	11111
	YALE	1
	0.556890	1
	0.566431
PRED	O-SSM	11111
	YALE	1
	0.555891	1
	0.550085
PRED	O-SSM	11111
	YALE	1
	0.584236	1
	1.017443
PRED	O-SSM	11111
	YALE	1
	0.529160	1
	0.114855
PRED	O-SSM	11111
	YALE	0
	0.534255	1
	0.197522
PRED	O-SSM	11111
	YALE	0
	0.560300	1
	0.622303
PRED	O-SSM	11111
	YALE	0
	0.579199	1
	0.933819
PRED	O-SSM	11111
	YALE	0
	0.529402	1
	0.118787
PRED	O-SSM	11111
	YALE	0
	0.619136	1
	1.606048
PRED	O-SSM	11111
	PITT	1
	0.346442	0
	0.828215
PRED	O-SSM	11111
	PITT	1
	0.265715	0
	1.232741
PRED	O-SSM	11111
	PITT	1
	0.289376	0
	1.107645
PRED	O-SSM	11111
	PITT	1
	0.327350	0
	0.918792
PRED	O-SSM	11111
	PITT	1
	0.272170	0
	1.197951
PRED	O-SSM	11111
	PITT	0
	0.255323	0
	1.289907
PRED	O-SSM	11111
	PITT	0
	0.352391	0
	0.800484
PRED	O-SSM	11111
	PITT	0
	0.224408	0
	1.469774
PRED	O-SSM	11111
	PITT	0
	0.358038	0
	0.774358
PRED	O-SSM	11111
	PITT	0
	0.382608	0
	0.662675
PRED	O-SSM	11111
	USM	1
	0.374100	0
	0.363275
PRED	O-SSM	11111
	USM	1
	0.389686	0
	0.719675
PRED	O-SSM	11111
	USM	1
	0.371784	0
	0.309834
PRED	O-SSM	11111
	USM	1
	0.432129	0
	1.666670
PRED	O-SSM	11111
	USM	1
	0.424639	0
	1.501574
PRED	O-SSM	11111
	USM	0
	0.365198	0
	0.157080
PRED	O-SSM	11111
	USM	0
	0.388056	0
	0.682653
PRED	O-SSM	11111
	USM	0
	0.426779	0
	1.548821
PRED	O-SSM	11111
	USM	0
	0.378748	0
	0.470142
PRED	O-SSM	11111
	USM	0
	0.415653	0
	1.302505
PRED	O-SSM	11111
	MAX_MUN	1
	0.742014	1
	0.156961
PRED	O-SSM	11111
	MAX_MUN	1
	0.811225	1
	0.658682
PRED	O-SSM	11111
	MAX_MUN	1
	0.878815	1
	1.312515
PRED	O-SSM	11111
	MAX_MUN	1
	0.793344	1
	0.517747
PRED	O-SSM	11111
	MAX_MUN	1
	0.876175	1
	1.281834
PRED	O-SSM	11111
	MAX_MUN	0
	0.844778	1
	0.953854
PRED	O-SSM	11111
	MAX_MUN	0
	0.809701	1
	0.646285
PRED	O-SSM	11111
	MAX_MUN	0
	0.909198	1
	1.715651
PRED	O-SSM	11111
	MAX_MUN	0
	0.812237	1
	0.666955
PRED	O-SSM	11111
	MAX_MUN	0
	0.862189	1
	1.128012
PRED	O-SSM	11111
	TRINITY	1
	0.572720	1
	1.672081
PRED	O-SSM	11111
	TRINITY	1
	0.578851	1
	0.760772
PRED	O-SSM	11111
	TRINITY	1
	0.573642	1
	1.535135
PRED	O-SSM	11111
	TRINITY	1
	0.574786	1
	1.365274
PRED	O-SSM	11111
	TRINITY	1
	0.576261	1
	1.146177
PRED	O-SSM	11111
	TRINITY	0
	0.580245	1
	0.553027
PRED	O-SSM	11111
	TRINITY	0
	0.579749	1
	0.626963
PRED	O-SSM	11111
	TRINITY	0
	0.574631	1
	1.388391
PRED	O-SSM	11111
	TRINITY	0
	0.578615	1
	0.795936
PRED	O-SSM	11111
	TRINITY	0
	0.581321	1
	0.392655
PRED	O-SSM	11111
	KKI	1
	0.639278	1
	1.261916
PRED	O-SSM	11111
	KKI	1
	0.616417	1
	1.026110
PRED	O-SSM	11111
	KKI	1
	0.580525	1
	0.666041
PRED	O-SSM	11111
	KKI	1
	0.607441	1
	0.935033
PRED	O-SSM	11111
	KKI	1
	0.586823	1
	0.728486
PRED	O-SSM	11111
	KKI	0
	0.652943	1
	1.405936
PRED	O-SSM	11111
	KKI	0
	0.645462	1
	1.326786
PRED	O-SSM	11111
	KKI	0
	0.684787	1
	1.752568
PRED	O-SSM	11111
	KKI	0
	0.700125	1
	1.926132
PRED	O-SSM	11111
	KKI	0
	0.603402	1
	0.894294
PRED	O-SSM	11111
	STANFORD	1
	0.579042	1
	1.221440
PRED	O-SSM	11111
	STANFORD	1
	0.579363	1
	1.224145
PRED	O-SSM	11111
	STANFORD	1
	0.871492	1
	4.503881
PRED	O-SSM	11111
	STANFORD	1
	0.664727	1
	1.973627
PRED	O-SSM	11111
	STANFORD	1
	0.549963	1
	0.977995
PRED	O-SSM	11111
	STANFORD	0
	0.536238	1
	0.864183
PRED	O-SSM	11111
	STANFORD	0
	0.557400	1
	1.039913
PRED	O-SSM	11111
	STANFORD	0
	0.492123	0
	0.500590
PRED	O-SSM	11111
	STANFORD	0
	0.530116	1
	0.813577
PRED	O-SSM	11111
	STANFORD	0
	0.595747	1
	1.363267
PRED	O-SSM	11111
	CALTECH	1
	0.494343	0
	0.540313
PRED	O-SSM	11111
	CALTECH	1
	0.501057	1
	0.677579
PRED	O-SSM	11111
	CALTECH	1
	0.490045	0
	0.452438
PRED	O-SSM	11111
	CALTECH	1
	0.490493	0
	0.461595
PRED	O-SSM	11111
	CALTECH	1
	0.507966	1
	0.818848
PRED	O-SSM	11111
	CALTECH	0
	0.513288	1
	0.927700
PRED	O-SSM	11111
	CALTECH	0
	0.508424	1
	0.828223
PRED	O-SSM	11111
	CALTECH	0
	0.472987	0
	0.103189
PRED	O-SSM	11111
	CALTECH	0
	0.508839	1
	0.836710
PRED	O-SSM	11111
	CALTECH	0
	0.519625	1
	1.057401
PRED	O-SSM	11111
	LEUVEN_2	1
	0.893704	1
	1.710623
PRED	O-SSM	11111
	LEUVEN_2	1
	0.818522	1
	1.068382
PRED	O-SSM	11111
	LEUVEN_2	1
	0.690749	1
	0.343680
PRED	O-SSM	11111
	LEUVEN_2	1
	0.815659	1
	1.048627
PRED	O-SSM	11111
	LEUVEN_2	1
	0.709406	1
	0.435332
PRED	O-SSM	11111
	LEUVEN_2	0
	0.867524	1
	1.452907
PRED	O-SSM	11111
	LEUVEN_2	0
	0.843451	1
	1.251705
PRED	O-SSM	11111
	LEUVEN_2	0
	0.843567	1
	1.252606
PRED	O-SSM	11111
	LEUVEN_2	0
	0.853962	1
	1.336146
PRED	O-SSM	11111
	LEUVEN_2	0
	0.680284	1
	0.293615
PRED	O-SSM	11111
	OLIN	1
	0.534175	1
	1.179322
PRED	O-SSM	11111
	OLIN	1
	0.320343	0
	0.159292
PRED	O-SSM	11111
	OLIN	1
	0.337163	0
	0.246753
PRED	O-SSM	11111
	OLIN	1
	0.348279	0
	0.303368
PRED	O-SSM	11111
	OLIN	1
	0.333858	0
	0.229745
PRED	O-SSM	11111
	OLIN	0
	0.662610	1
	1.796580
PRED	O-SSM	11111
	OLIN	0
	0.325168	0
	0.184614
PRED	O-SSM	11111
	OLIN	0
	0.448056	0
	0.783016
PRED	O-SSM	11111
	OLIN	0
	0.372356	0
	0.423245
PRED	O-SSM	11111
	OLIN	0
	0.601416	1
	1.494187
PRED	O-SSM	11111
	SBL	1
	0.494580	0
	1.263482
PRED	O-SSM	11111
	SBL	1
	0.506802	1
	1.426977
PRED	O-SSM	11111
	SBL	1
	0.482841	0
	1.106369
PRED	O-SSM	11111
	SBL	1
	0.516918	1
	1.562373
PRED	O-SSM	11111
	SBL	1
	0.415209	0
	0.190726
PRED	O-SSM	11111
	SBL	0
	0.527928	1
	1.709947
PRED	O-SSM	11111
	SBL	0
	0.446986	0
	0.624171
PRED	O-SSM	11111
	SBL	0
	0.423718	0
	0.307576
PRED	O-SSM	11111
	SBL	0
	0.516572	1
	1.557738
PRED	O-SSM	11111
	SBL	0
	0.478731	0
	1.051313
PRED	O-SSM	11111
	LEUVEN_1	1
	0.205776	0
	1.081659
PRED	O-SSM	11111
	LEUVEN_1	1
	0.241702	0
	0.643465
PRED	O-SSM	11111
	LEUVEN_1	1
	0.182837	0
	1.391819
PRED	O-SSM	11111
	LEUVEN_1	1
	0.211045	0
	1.014116
PRED	O-SSM	11111
	LEUVEN_1	1
	0.196547	0
	1.203135
PRED	O-SSM	11111
	LEUVEN_1	0
	0.185520	0
	1.354062
PRED	O-SSM	11111
	LEUVEN_1	0
	0.184852	0
	1.363427
PRED	O-SSM	11111
	LEUVEN_1	0
	0.258568	0
	0.453255
PRED	O-SSM	11111
	LEUVEN_1	0
	0.220106	0
	0.900781
PRED	O-SSM	11111
	LEUVEN_1	0
	0.193711	0
	1.241317
PRED	O-SSM	11111
	SDSU	1
	0.471581	0
	0.472121
PRED	O-SSM	11111
	SDSU	1
	0.471567	0
	0.489429
PRED	O-SSM	11111
	SDSU	1
	0.471405	0
	0.691501
PRED	O-SSM	11111
	SDSU	1
	0.471504	0
	0.568745
PRED	O-SSM	11111
	SDSU	1
	0.470815	0
	1.426671
PRED	O-SSM	11111
	SDSU	0
	0.471059	0
	1.123162
PRED	O-SSM	11111
	SDSU	0
	0.470694	0
	1.577101
PRED	O-SSM	11111
	SDSU	0
	0.471866	0
	0.117518
PRED	O-SSM	11111
	SDSU	0
	0.470247	0
	2.134788
PRED	O-SSM	11111
	SDSU	0
	0.471187	0
	0.963655
PRED	O-SSM	11111
	CMU	1
	0.861017	1
	1.330700
PRED	O-SSM	11111
	CMU	1
	0.551182	1
	0.134963
PRED	O-SSM	11111
	CMU	1
	0.613919	1
	0.325865
PRED	O-SSM	11111
	CMU	1
	0.588725	1
	0.248195
PRED	O-SSM	11111
	CMU	1
	0.834048	1
	1.176150
PRED	O-SSM	11111
	CMU	0
	0.731264	1
	0.722814
PRED	O-SSM	11111
	CMU	0
	0.711476	1
	0.650045
PRED	O-SSM	11111
	CMU	0
	0.550551	1
	0.133076
PRED	O-SSM	11111
	CMU	0
	0.785098	1
	0.940473
PRED	O-SSM	11111
	CMU	0
	0.714464	1
	0.660836
PRED	O-SSM	11111
	UCLA_2	1
	0.334115	0
	1.297675
PRED	O-SSM	11111
	UCLA_2	1
	0.290914	0
	0.952990
PRED	O-SSM	11111
	UCLA_2	1
	0.271201	0
	0.785906
PRED	O-SSM	11111
	UCLA_2	1
	0.314970	0
	1.148113
PRED	O-SSM	11111
	UCLA_2	1
	0.213089	0
	0.241672
PRED	O-SSM	11111
	UCLA_2	0
	0.213560	0
	0.246479
PRED	O-SSM	11111
	UCLA_2	0
	0.317938	0
	1.171604
PRED	O-SSM	11111
	UCLA_2	0
	0.220910	0
	0.320491
PRED	O-SSM	11111
	UCLA_2	0
	0.247293	0
	0.572636
PRED	O-SSM	11111
	UCLA_2	0
	0.280007	0
	0.861427
PRED	O-SSM	11111
	UM_2	1
	0.800515	1
	2.444084
PRED	O-SSM	11111
	UM_2	1
	0.575451	1
	1.130637
PRED	O-SSM	11111
	UM_2	1
	0.370949	0
	0.123482
PRED	O-SSM	11111
	UM_2	1
	0.481782	0
	0.674381
PRED	O-SSM	11111
	UM_2	1
	0.649235	1
	1.507650
PRED	O-SSM	11111
	UM_2	0
	0.635348	1
	1.434501
PRED	O-SSM	11111
	UM_2	0
	0.447107	0
	0.505618
PRED	O-SSM	11111
	UM_2	0
	0.430226	0
	0.422647
PRED	O-SSM	11111
	UM_2	0
	0.612411	1
	1.316185
PRED	O-SSM	11111
	UM_2	0
	0.595103	1
	1.228627
PRED	O-SSM	11111
	OHSU	1
	0.807744	1
	1.088333
PRED	O-SSM	11111
	OHSU	1
	0.781375	1
	0.939824
PRED	O-SSM	11111
	OHSU	1
	0.910872	1
	1.904648
PRED	O-SSM	11111
	OHSU	1
	0.718315	1
	0.629816
PRED	O-SSM	11111
	OHSU	1
	0.787239	1
	0.971653
PRED	O-SSM	11111
	OHSU	0
	0.792446	1
	1.000467
PRED	O-SSM	11111
	OHSU	0
	0.778576	1
	0.924845
PRED	O-SSM	11111
	OHSU	0
	0.953155	1
	2.537015
PRED	O-SSM	11111
	OHSU	0
	0.970393	1
	2.974831
PRED	O-SSM	11111
	OHSU	0
	0.572458	1
	0.038197
  O-SSM    11111
   acc=48.000000% bal=48.000000% sites=20
/20
 test_n=200
 assoc=0.968216
PRED	O-SSM	99887
	NYU	1
	0.366848	0
	0.350344
PRED	O-SSM	99887
	NYU	1
	0.355493	0
	0.519332
PRED	O-SSM	99887
	NYU	1
	0.370074	0
	0.302748
PRED	O-SSM	99887
	NYU	1
	0.344069	0
	0.691808
PRED	O-SSM	99887
	NYU	1
	0.316817	0
	1.114878
PRED	O-SSM	99887
	NYU	0
	0.285722	0
	1.622385
PRED	O-SSM	99887
	NYU	0
	0.341533	0
	0.730454
PRED	O-SSM	99887
	NYU	0
	0.308381	0
	1.249684
PRED	O-SSM	99887
	NYU	0
	0.304297	0
	1.315664
PRED	O-SSM	99887
	NYU	0
	0.351856	0
	0.573964
PRED	O-SSM	99887
	UM_1	1
	0.551701	1
	1.597039
PRED	O-SSM	99887
	UM_1	1
	0.550733	1
	1.285474
PRED	O-SSM	99887
	UM_1	1
	0.548578	1
	0.593078
PRED	O-SSM	99887
	UM_1	1
	0.549512	1
	0.893058
PRED	O-SSM	99887
	UM_1	1
	0.547298	1
	0.181807
PRED	O-SSM	99887
	UM_1	0
	0.549104	1
	0.762175
PRED	O-SSM	99887
	UM_1	0
	0.547023	1
	0.093591
PRED	O-SSM	99887
	UM_1	0
	0.550077	1
	1.074576
PRED	O-SSM	99887
	UM_1	0
	0.548941	1
	0.709771
PRED	O-SSM	99887
	UM_1	0
	0.550034	1
	1.061039
PRED	O-SSM	99887
	UCLA_1	1
	0.614871	1
	1.293516
PRED	O-SSM	99887
	UCLA_1	1
	0.618050	1
	1.314246
PRED	O-SSM	99887
	UCLA_1	1
	0.605836	1
	1.234929
PRED	O-SSM	99887
	UCLA_1	1
	0.504512	1
	0.599904
PRED	O-SSM	99887
	UCLA_1	1
	0.554936	1
	0.912311
PRED	O-SSM	99887
	UCLA_1	0
	0.528551	1
	0.748376
PRED	O-SSM	99887
	UCLA_1	0
	0.593972	1
	1.158695
PRED	O-SSM	99887
	UCLA_1	0
	0.491009	0
	0.516602
PRED	O-SSM	99887
	UCLA_1	0
	0.617888	1
	1.313191
PRED	O-SSM	99887
	UCLA_1	0
	0.523195	1
	0.715246
PRED	O-SSM	99887
	YALE	1
	0.788535	1
	1.217188
PRED	O-SSM	99887
	YALE	1
	0.729924	1
	0.723142
PRED	O-SSM	99887
	YALE	1
	0.701543	1
	0.508900
PRED	O-SSM	99887
	YALE	1
	0.808241	1
	1.405218
PRED	O-SSM	99887
	YALE	1
	0.648247	1
	0.135442
PRED	O-SSM	99887
	YALE	0
	0.655236	1
	0.182709
PRED	O-SSM	99887
	YALE	0
	0.693793	1
	0.452506
PRED	O-SSM	99887
	YALE	0
	0.748041	1
	0.867347
PRED	O-SSM	99887
	YALE	0
	0.643512	1
	0.103669
PRED	O-SSM	99887
	YALE	0
	0.867647	1
	2.083161
PRED	O-SSM	99887
	PITT	1
	0.586191	1
	0.996282
PRED	O-SSM	99887
	PITT	1
	0.630104	1
	1.839866
PRED	O-SSM	99887
	PITT	1
	0.576155	1
	0.807684
PRED	O-SSM	99887
	PITT	1
	0.599278	1
	1.244276
PRED	O-SSM	99887
	PITT	1
	0.580546	1
	0.890046
PRED	O-SSM	99887
	PITT	0
	0.563002	1
	0.562259
PRED	O-SSM	99887
	PITT	0
	0.572075	1
	0.731365
PRED	O-SSM	99887
	PITT	0
	0.589538	1
	1.059484
PRED	O-SSM	99887
	PITT	0
	0.584962	1
	0.973122
PRED	O-SSM	99887
	PITT	0
	0.574432	1
	0.775435
PRED	O-SSM	99887
	USM	1
	0.390388	0
	0.362954
PRED	O-SSM	99887
	USM	1
	0.359401	0
	0.902907
PRED	O-SSM	99887
	USM	1
	0.399685	0
	0.204154
PRED	O-SSM	99887
	USM	1
	0.320366	0
	1.613635
PRED	O-SSM	99887
	USM	1
	0.350453	0
	1.062425
PRED	O-SSM	99887
	USM	0
	0.395961	0
	0.267610
PRED	O-SSM	99887
	USM	0
	0.363603	0
	0.828586
PRED	O-SSM	99887
	USM	0
	0.319759	0
	1.625028
PRED	O-SSM	99887
	USM	0
	0.380397	0
	0.535136
PRED	O-SSM	99887
	USM	0
	0.314370	0
	1.726622
PRED	O-SSM	99887
	MAX_MUN	1
	0.384678	0
	0.144368
PRED	O-SSM	99887
	MAX_MUN	1
	0.458879	0
	0.457337
PRED	O-SSM	99887
	MAX_MUN	1
	0.673292	1
	1.368870
PRED	O-SSM	99887
	MAX_MUN	1
	0.522579	1
	0.719345
PRED	O-SSM	99887
	MAX_MUN	1
	0.657268	1
	1.294987
PRED	O-SSM	99887
	MAX_MUN	0
	0.603674	1
	1.058530
PRED	O-SSM	99887
	MAX_MUN	0
	0.541667	1
	0.798058
PRED	O-SSM	99887
	MAX_MUN	0
	0.697726	1
	1.485255
PRED	O-SSM	99887
	MAX_MUN	0
	0.501486	1
	0.632670
PRED	O-SSM	99887
	MAX_MUN	0
	0.562200	1
	0.883299
PRED	O-SSM	99887
	TRINITY	1
	0.783940	1
	1.448110
PRED	O-SSM	99887
	TRINITY	1
	0.762576	1
	0.936417
PRED	O-SSM	99887
	TRINITY	1
	0.790657	1
	1.616446
PRED	O-SSM	99887
	TRINITY	1
	0.789557	1
	1.588622
PRED	O-SSM	99887
	TRINITY	1
	0.769366	1
	1.095390
PRED	O-SSM	99887
	TRINITY	0
	0.748677	1
	0.620466
PRED	O-SSM	99887
	TRINITY	0
	0.743922	1
	0.515051
PRED	O-SSM	99887
	TRINITY	0
	0.763938	1
	0.968056
PRED	O-SSM	99887
	TRINITY	0
	0.756670	1
	0.800682
PRED	O-SSM	99887
	TRINITY	0
	0.747987	1
	0.605084
PRED	O-SSM	99887
	KKI	1
	0.442529	0
	1.151343
PRED	O-SSM	99887
	KKI	1
	0.419551	0
	1.334222
PRED	O-SSM	99887
	KKI	1
	0.440187	0
	1.169882
PRED	O-SSM	99887
	KKI	1
	0.472323	0
	0.917006
PRED	O-SSM	99887
	KKI	1
	0.448594	0
	1.103434
PRED	O-SSM	99887
	KKI	0
	0.425478	0
	1.286819
PRED	O-SSM	99887
	KKI	0
	0.417431	0
	1.351224
PRED	O-SSM	99887
	KKI	0
	0.293505	0
	2.414966
PRED	O-SSM	99887
	KKI	0
	0.387762	0
	1.592033
PRED	O-SSM	99887
	KKI	0
	0.473301	0
	0.909349
PRED	O-SSM	99887
	STANFORD	1
	0.188001	0
	2.082258
PRED	O-SSM	99887
	STANFORD	1
	0.255257	0
	1.179815
PRED	O-SSM	99887
	STANFORD	1
	0.091078	0
	4.008872
PRED	O-SSM	99887
	STANFORD	1
	0.217491	0
	1.661947
PRED	O-SSM	99887
	STANFORD	1
	0.240096	0
	1.367042
PRED	O-SSM	99887
	STANFORD	0
	0.294309	0
	0.728414
PRED	O-SSM	99887
	STANFORD	0
	0.233651	0
	1.449067
PRED	O-SSM	99887
	STANFORD	0
	0.335822	0
	0.285395
PRED	O-SSM	99887
	STANFORD	0
	0.296863	0
	0.700203
PRED	O-SSM	99887
	STANFORD	0
	0.213534	0
	1.715794
PRED	O-SSM	99887
	CALTECH	1
	0.758361	1
	0.553598
PRED	O-SSM	99887
	CALTECH	1
	0.757994	1
	0.543463
PRED	O-SSM	99887
	CALTECH	1
	0.750744	1
	0.345456
PRED	O-SSM	99887
	CALTECH	1
	0.757163	1
	0.520564
PRED	O-SSM	99887
	CALTECH	1
	0.776253	1
	1.060918
PRED	O-SSM	99887
	CALTECH	0
	0.769276	1
	0.859821
PRED	O-SSM	99887
	CALTECH	0
	0.768402	1
	0.834935
PRED	O-SSM	99887
	CALTECH	0
	0.744637	1
	0.181644
PRED	O-SSM	99887
	CALTECH	0
	0.761576	1
	0.642807
PRED	O-SSM	99887
	CALTECH	0
	0.771766	1
	0.931101
PRED	O-SSM	99887
	LEUVEN_2	1
	0.515451	1
	1.486667
PRED	O-SSM	99887
	LEUVEN_2	1
	0.530715	1
	1.198808
PRED	O-SSM	99887
	LEUVEN_2	1
	0.582887	1
	0.203291
PRED	O-SSM	99887
	LEUVEN_2	1
	0.511372	1
	1.563483
PRED	O-SSM	99887
	LEUVEN_2	1
	0.564342	1
	0.560032
PRED	O-SSM	99887
	LEUVEN_2	0
	0.537712	1
	1.066516
PRED	O-SSM	99887
	LEUVEN_2	0
	0.534737	1
	1.122805
PRED	O-SSM	99887
	LEUVEN_2	0
	0.520324	1
	1.394857
PRED	O-SSM	99887
	LEUVEN_2	0
	0.530024	1
	1.211860
PRED	O-SSM	99887
	LEUVEN_2	0
	0.571583	1
	0.421216
PRED	O-SSM	99887
	OLIN	1
	0.771515	1
	1.461453
PRED	O-SSM	99887
	OLIN	1
	0.577046	1
	0.134316
PRED	O-SSM	99887
	OLIN	1
	0.601163	1
	0.280256
PRED	O-SSM	99887
	OLIN	1
	0.601433	1
	0.281903
PRED	O-SSM	99887
	OLIN	1
	0.606546	1
	0.313210
PRED	O-SSM	99887
	OLIN	0
	0.831191	1
	2.013857
PRED	O-SSM	99887
	OLIN	0
	0.582966	1
	0.169905
PRED	O-SSM	99887
	OLIN	0
	0.645650	1
	0.558003
PRED	O-SSM	99887
	OLIN	0
	0.601606	1
	0.282963
PRED	O-SSM	99887
	OLIN	0
	0.737363	1
	1.191143
PRED	O-SSM	99887
	SBL	1
	0.257947	0
	1.807556
PRED	O-SSM	99887
	SBL	1
	0.289944	0
	1.240542
PRED	O-SSM	99887
	SBL	1
	0.287119	0
	1.289012
PRED	O-SSM	99887
	SBL	1
	0.238335	0
	2.177884
PRED	O-SSM	99887
	SBL	1
	0.356721	0
	0.162837
PRED	O-SSM	99887
	SBL	0
	0.241977	0
	2.107604
PRED	O-SSM	99887
	SBL	0
	0.318592	0
	0.763699
PRED	O-SSM	99887
	SBL	0
	0.351666	0
	0.240650
PRED	O-SSM	99887
	SBL	0
	0.268335	0
	1.618861
PRED	O-SSM	99887
	SBL	0
	0.312356	0
	0.865396
PRED	O-SSM	99887
	LEUVEN_1	1
	0.370760	0
	0.833648
PRED	O-SSM	99887
	LEUVEN_1	1
	0.369705	0
	0.848640
PRED	O-SSM	99887
	LEUVEN_1	1
	0.336971	0
	1.323584
PRED	O-SSM	99887
	LEUVEN_1	1
	0.358530	0
	1.008567
PRED	O-SSM	99887
	LEUVEN_1	1
	0.361211	0
	0.970017
PRED	O-SSM	99887
	LEUVEN_1	0
	0.365897	0
	0.902901
PRED	O-SSM	99887
	LEUVEN_1	0
	0.351047	0
	1.116893
PRED	O-SSM	99887
	LEUVEN_1	0
	0.407224	0
	0.325037
PRED	O-SSM	99887
	LEUVEN_1	0
	0.364481	0
	0.923153
PRED	O-SSM	99887
	LEUVEN_1	0
	0.351702	0
	1.107370
PRED	O-SSM	99887
	SDSU	1
	0.555144	1
	0.388304
PRED	O-SSM	99887
	SDSU	1
	0.646178	1
	0.744197
PRED	O-SSM	99887
	SDSU	1
	0.582726	1
	0.493442
PRED	O-SSM	99887
	SDSU	1
	0.580054	1
	0.483183
PRED	O-SSM	99887
	SDSU	1
	0.828067	1
	1.650458
PRED	O-SSM	99887
	SDSU	0
	0.853721	1
	1.829990
PRED	O-SSM	99887
	SDSU	0
	0.787219	1
	1.403966
PRED	O-SSM	99887
	SDSU	0
	0.481337	0
	0.111520
PRED	O-SSM	99887
	SDSU	0
	0.902778	1
	2.263993
PRED	O-SSM	99887
	SDSU	0
	0.654227	1
	0.777269
PRED	O-SSM	99887
	CMU	1
	0.310940	0
	1.402426
PRED	O-SSM	99887
	CMU	1
	0.276439	0
	0.110536
PRED	O-SSM	99887
	CMU	1
	0.282092	0
	0.328479
PRED	O-SSM	99887
	CMU	1
	0.279512	0
	0.229353
PRED	O-SSM	99887
	CMU	1
	0.296522	0
	0.873247
PRED	O-SSM	99887
	CMU	0
	0.293234	0
	0.750521
PRED	O-SSM	99887
	CMU	0
	0.287752	0
	0.544082
PRED	O-SSM	99887
	CMU	0
	0.277754	0
	0.161456
PRED	O-SSM	99887
	CMU	0
	0.294118	0
	0.783583
PRED	O-SSM	99887
	CMU	0
	0.297972	0
	0.927111
PRED	O-SSM	99887
	UCLA_2	1
	0.576321	1
	0.852163
PRED	O-SSM	99887
	UCLA_2	1
	0.575844	1
	0.883214
PRED	O-SSM	99887
	UCLA_2	1
	0.571423	1
	1.170987
PRED	O-SSM	99887
	UCLA_2	1
	0.564533	1
	1.617978
PRED	O-SSM	99887
	UCLA_2	1
	0.586615	1
	0.178740
PRED	O-SSM	99887
	UCLA_2	0
	0.583457	1
	0.385812
PRED	O-SSM	99887
	UCLA_2	0
	0.572261	1
	1.116528
PRED	O-SSM	99887
	UCLA_2	0
	0.583814	1
	0.362444
PRED	O-SSM	99887
	UCLA_2	0
	0.576475	1
	0.842117
PRED	O-SSM	99887
	UCLA_2	0
	0.572091	1
	1.127533
PRED	O-SSM	99887
	UM_2	1
	0.476377	0
	2.611070
PRED	O-SSM	99887
	UM_2	1
	0.463379	0
	1.073084
PRED	O-SSM	99887
	UM_2	1
	0.455305	0
	0.114884
PRED	O-SSM	99887
	UM_2	1
	0.461372	0
	0.835116
PRED	O-SSM	99887
	UM_2	1
	0.464878	0
	1.250767
PRED	O-SSM	99887
	UM_2	0
	0.462758	0
	0.999502
PRED	O-SSM	99887
	UM_2	0
	0.458052	0
	0.441256
PRED	O-SSM	99887
	UM_2	0
	0.456151	0
	0.215461
PRED	O-SSM	99887
	UM_2	0
	0.460394	0
	0.719124
PRED	O-SSM	99887
	UM_2	0
	0.462337	0
	0.949616
PRED	O-SSM	99887
	OHSU	1
	0.721672	1
	1.055546
PRED	O-SSM	99887
	OHSU	1
	0.589608	1
	0.686719
PRED	O-SSM	99887
	OHSU	1
	0.796453	1
	1.312602
PRED	O-SSM	99887
	OHSU	1
	0.778530	1
	1.245669
PRED	O-SSM	99887
	OHSU	1
	0.611990	1
	0.745026
PRED	O-SSM	99887
	OHSU	0
	0.869099	1
	1.642901
PRED	O-SSM	99887
	OHSU	0
	0.848217	1
	1.535247
PRED	O-SSM	99887
	OHSU	0
	0.965528	1
	2.542134
PRED	O-SSM	99887
	OHSU	0
	0.973918	1
	2.721764
PRED	O-SSM	99887
	OHSU	0
	0.333220	0
	0.027054
  O-SSM    99887
   acc=50.500000% bal=50.500000% sites=20
/20
 test_n=200
 assoc=0.966040
PRED	O-SSM	22222
	NYU	1
	0.460305	0
	0.438379
PRED	O-SSM	22222
	NYU	1
	0.467810	0
	0.500477
PRED	O-SSM	22222
	NYU	1
	0.466041	0
	0.485852
PRED	O-SSM	22222
	NYU	1
	0.501643	1
	0.779328
PRED	O-SSM	22222
	NYU	1
	0.595960	1
	1.565578
PRED	O-SSM	22222
	NYU	0
	0.552637	1
	1.200676
PRED	O-SSM	22222
	NYU	0
	0.508569	1
	0.836340
PRED	O-SSM	22222
	NYU	0
	0.617209	1
	1.748843
PRED	O-SSM	22222
	NYU	0
	0.587218	1
	1.491123
PRED	O-SSM	22222
	NYU	0
	0.517377	1
	0.908898
PRED	O-SSM	22222
	UM_1	1
	0.792956	1
	1.595876
PRED	O-SSM	22222
	UM_1	1
	0.768660	1
	1.272978
PRED	O-SSM	22222
	UM_1	1
	0.735120	1
	0.863889
PRED	O-SSM	22222
	UM_1	1
	0.769271	1
	1.280796
PRED	O-SSM	22222
	UM_1	1
	0.679682	1
	0.253806
PRED	O-SSM	22222
	UM_1	0
	0.757367	1
	1.131022
PRED	O-SSM	22222
	UM_1	0
	0.663583	1
	0.087886
PRED	O-SSM	22222
	UM_1	0
	0.781415	1
	1.439279
PRED	O-SSM	22222
	UM_1	0
	0.734093	1
	0.851922
PRED	O-SSM	22222
	UM_1	0
	0.734625	1
	0.858118
PRED	O-SSM	22222
	UCLA_1	1
	0.423145	0
	1.154847
PRED	O-SSM	22222
	UCLA_1	1
	0.419778	0
	1.190111
PRED	O-SSM	22222
	UCLA_1	1
	0.428818	0
	1.095593
PRED	O-SSM	22222
	UCLA_1	1
	0.480709	0
	0.560632
PRED	O-SSM	22222
	UCLA_1	1
	0.414809	0
	1.242303
PRED	O-SSM	22222
	UCLA_1	0
	0.465243	0
	0.719096
PRED	O-SSM	22222
	UCLA_1	0
	0.439745	0
	0.982005
PRED	O-SSM	22222
	UCLA_1	0
	0.473192	0
	0.637585
PRED	O-SSM	22222
	UCLA_1	0
	0.423197	0
	1.154300
PRED	O-SSM	22222
	UCLA_1	0
	0.407383	0
	1.320637
PRED	O-SSM	22222
	YALE	1
	0.333785	0
	1.408638
PRED	O-SSM	22222
	YALE	1
	0.346995	0
	0.802636
PRED	O-SSM	22222
	YALE	1
	0.351567	0
	0.595463
PRED	O-SSM	22222
	YALE	1
	0.328602	0
	1.649646
PRED	O-SSM	22222
	YALE	1
	0.362047	0
	0.125132
PRED	O-SSM	22222
	YALE	0
	0.360644	0
	0.187716
PRED	O-SSM	22222
	YALE	0
	0.356331	0
	0.380901
PRED	O-SSM	22222
	YALE	0
	0.333584	0
	1.417983
PRED	O-SSM	22222
	YALE	0
	0.362062	0
	0.124457
PRED	O-SSM	22222
	YALE	0
	0.322907	0
	1.916704
PRED	O-SSM	22222
	PITT	1
	0.757478	1
	1.037128
PRED	O-SSM	22222
	PITT	1
	0.827028	1
	1.829625
PRED	O-SSM	22222
	PITT	1
	0.752743	1
	0.989473
PRED	O-SSM	22222
	PITT	1
	0.789596	1
	1.378817
PRED	O-SSM	22222
	PITT	1
	0.748464	1
	0.946924
PRED	O-SSM	22222
	PITT	0
	0.733981	1
	0.806365
PRED	O-SSM	22222
	PITT	0
	0.761157	1
	1.074598
PRED	O-SSM	22222
	PITT	0
	0.830522	1
	1.875458
PRED	O-SSM	22222
	PITT	0
	0.750811	1
	0.970205
PRED	O-SSM	22222
	PITT	0
	0.734259	1
	0.809024
PRED	O-SSM	22222
	USM	1
	0.470002	0
	0.444902
PRED	O-SSM	22222
	USM	1
	0.469970	0
	0.706093
PRED	O-SSM	22222
	USM	1
	0.470022	0
	0.289045
PRED	O-SSM	22222
	USM	1
	0.469909	0
	1.209160
PRED	O-SSM	22222
	USM	1
	0.469871	0
	1.516423
PRED	O-SSM	22222
	USM	0
	0.470034	0
	0.186272
PRED	O-SSM	22222
	USM	0
	0.469980	0
	0.626318
PRED	O-SSM	22222
	USM	0
	0.469867	0
	1.552995
PRED	O-SSM	22222
	USM	0
	0.470004	0
	0.432017
PRED	O-SSM	22222
	USM	0
	0.469912	0
	1.185047
PRED	O-SSM	22222
	MAX_MUN	1
	0.525560	1
	0.181479
PRED	O-SSM	22222
	MAX_MUN	1
	0.545729	1
	0.523966
PRED	O-SSM	22222
	MAX_MUN	1
	0.587406	1
	1.241153
PRED	O-SSM	22222
	MAX_MUN	1
	0.550749	1
	0.609561
PRED	O-SSM	22222
	MAX_MUN	1
	0.578035	1
	1.078387
PRED	O-SSM	22222
	MAX_MUN	0
	0.567858	1
	0.902731
PRED	O-SSM	22222
	MAX_MUN	0
	0.563357	1
	0.825365
PRED	O-SSM	22222
	MAX_MUN	0
	0.587307	1
	1.239424
PRED	O-SSM	22222
	MAX_MUN	0
	0.555849	1
	0.696714
PRED	O-SSM	22222
	MAX_MUN	0
	0.590666	1
	1.298025
PRED	O-SSM	22222
	TRINITY	1
	0.868027	1
	1.412485
PRED	O-SSM	22222
	TRINITY	1
	0.783501	1
	0.623519
PRED	O-SSM	22222
	TRINITY	1
	0.922116	1
	2.188764
PRED	O-SSM	22222
	TRINITY	1
	0.877462	1
	1.524727
PRED	O-SSM	22222
	TRINITY	1
	0.819533	1
	0.923293
PRED	O-SSM	22222
	TRINITY	0
	0.786998	1
	0.650910
PRED	O-SSM	22222
	TRINITY	0
	0.795081	1
	0.715491
PRED	O-SSM	22222
	TRINITY	0
	0.845202	1
	1.166638
PRED	O-SSM	22222
	TRINITY	0
	0.817371	1
	0.904079
PRED	O-SSM	22222
	TRINITY	0
	0.777265	1
	0.575468
PRED	O-SSM	22222
	KKI	1
	0.298420	0
	1.173299
PRED	O-SSM	22222
	KKI	1
	0.284793	0
	1.331850
PRED	O-SSM	22222
	KKI	1
	0.295902	0
	1.202272
PRED	O-SSM	22222
	KKI	1
	0.292171	0
	1.245472
PRED	O-SSM	22222
	KKI	1
	0.314994	0
	0.985959
PRED	O-SSM	22222
	KKI	0
	0.269829	0
	1.511314
PRED	O-SSM	22222
	KKI	0
	0.280756	0
	1.379687
PRED	O-SSM	22222
	KKI	0
	0.161322	0
	3.080371
PRED	O-SSM	22222
	KKI	0
	0.242000	0
	1.862779
PRED	O-SSM	22222
	KKI	0
	0.333113	0
	0.787144
PRED	O-SSM	22222
	STANFORD	1
	0.212145	0
	2.093335
PRED	O-SSM	22222
	STANFORD	1
	0.363482	0
	1.131172
PRED	O-SSM	22222
	STANFORD	1
	0.118476	0
	2.982733
PRED	O-SSM	22222
	STANFORD	1
	0.290387	0
	1.557656
PRED	O-SSM	22222
	STANFORD	1
	0.336737	0
	1.281667
PRED	O-SSM	22222
	STANFORD	0
	0.391897	0
	0.976385
PRED	O-SSM	22222
	STANFORD	0
	0.282787	0
	1.605232
PRED	O-SSM	22222
	STANFORD	0
	0.508406	1
	0.371030
PRED	O-SSM	22222
	STANFORD	0
	0.433362	0
	0.757271
PRED	O-SSM	22222
	STANFORD	0
	0.352723	0
	1.191077
PRED	O-SSM	22222
	CALTECH	1
	0.379293	0
	0.517426
PRED	O-SSM	22222
	CALTECH	1
	0.388238	0
	0.418298
PRED	O-SSM	22222
	CALTECH	1
	0.386856	0
	0.433552
PRED	O-SSM	22222
	CALTECH	1
	0.367279	0
	0.652031
PRED	O-SSM	22222
	CALTECH	1
	0.336110	0
	1.010475
PRED	O-SSM	22222
	CALTECH	0
	0.373626	0
	0.580695
PRED	O-SSM	22222
	CALTECH	0
	0.349645	0
	0.853017
PRED	O-SSM	22222
	CALTECH	0
	0.415681	0
	0.119014
PRED	O-SSM	22222
	CALTECH	0
	0.368904	0
	0.633714
PRED	O-SSM	22222
	CALTECH	0
	0.311335	0
	1.307160
PRED	O-SSM	22222
	LEUVEN_2	1
	0.442103	0
	1.631738
PRED	O-SSM	22222
	LEUVEN_2	1
	0.436998	0
	1.078911
PRED	O-SSM	22222
	LEUVEN_2	1
	0.429352	0
	0.248192
PRED	O-SSM	22222
	LEUVEN_2	1
	0.438495	0
	1.241195
PRED	O-SSM	22222
	LEUVEN_2	1
	0.431928	0
	0.528424
PRED	O-SSM	22222
	LEUVEN_2	0
	0.440330	0
	1.439938
PRED	O-SSM	22222
	LEUVEN_2	0
	0.437549	0
	1.138689
PRED	O-SSM	22222
	LEUVEN_2	0
	0.436268	0
	0.999769
PRED	O-SSM	22222
	LEUVEN_2	0
	0.439941	0
	1.397829
PRED	O-SSM	22222
	LEUVEN_2	0
	0.431796	0
	0.514058
PRED	O-SSM	22222
	OLIN	1
	0.587810	1
	1.393862
PRED	O-SSM	22222
	OLIN	1
	0.240361	0
	0.161201
PRED	O-SSM	22222
	OLIN	1
	0.254195	0
	0.222063
PRED	O-SSM	22222
	OLIN	1
	0.295674	0
	0.392662
PRED	O-SSM	22222
	OLIN	1
	0.260779	0
	0.250260
PRED	O-SSM	22222
	OLIN	0
	0.574330	1
	1.348521
PRED	O-SSM	22222
	OLIN	0
	0.244276	0
	0.178660
PRED	O-SSM	22222
	OLIN	0
	0.395470	0
	0.755848
PRED	O-SSM	22222
	OLIN	0
	0.272299	0
	0.298507
PRED	O-SSM	22222
	OLIN	0
	0.524090	1
	1.182238
PRED	O-SSM	22222
	SBL	1
	0.922424	1
	2.160937
PRED	O-SSM	22222
	SBL	1
	0.846759	1
	1.449282
PRED	O-SSM	22222
	SBL	1
	0.881060	1
	1.721468
PRED	O-SSM	22222
	SBL	1
	0.899428	1
	1.896402
PRED	O-SSM	22222
	SBL	1
	0.574461	1
	0.140534
PRED	O-SSM	22222
	SBL	0
	0.900227	1
	1.904636
PRED	O-SSM	22222
	SBL	0
	0.693808	1
	0.621476
PRED	O-SSM	22222
	SBL	0
	0.599899	1
	0.238008
PRED	O-SSM	22222
	SBL	0
	0.896268	1
	1.864401
PRED	O-SSM	22222
	SBL	0
	0.744098	1
	0.853075
PRED	O-SSM	22222
	LEUVEN_1	1
	0.624983	1
	0.787714
PRED	O-SSM	22222
	LEUVEN_1	1
	0.619266	1
	0.848665
PRED	O-SSM	22222
	LEUVEN_1	1
	0.531329	1
	1.753338
PRED	O-SSM	22222
	LEUVEN_1	1
	0.601904	1
	1.031705
PRED	O-SSM	22222
	LEUVEN_1	1
	0.610831	1
	0.937957
PRED	O-SSM	22222
	LEUVEN_1	0
	0.523051	1
	1.836580
PRED	O-SSM	22222
	LEUVEN_1	0
	0.590922	1
	1.146054
PRED	O-SSM	22222
	LEUVEN_1	0
	0.666834	1
	0.328683
PRED	O-SSM	22222
	LEUVEN_1	0
	0.588537	1
	1.170768
PRED	O-SSM	22222
	LEUVEN_1	0
	0.534351	1
	1.722915
PRED	O-SSM	22222
	SDSU	1
	0.307727	0
	0.448721
PRED	O-SSM	22222
	SDSU	1
	0.343628	0
	0.644837
PRED	O-SSM	22222
	SDSU	1
	0.325698	0
	0.548289
PRED	O-SSM	22222
	SDSU	1
	0.303434	0
	0.424466
PRED	O-SSM	22222
	SDSU	1
	0.561123	1
	1.715196
PRED	O-SSM	22222
	SDSU	0
	0.630625	1
	2.061854
PRED	O-SSM	22222
	SDSU	0
	0.503269	1
	1.436313
PRED	O-SSM	22222
	SDSU	0
	0.252212	0
	0.117761
PRED	O-SSM	22222
	SDSU	0
	0.772949	1
	2.889167
PRED	O-SSM	22222
	SDSU	0
	0.374970	0
	0.808124
PRED	O-SSM	22222
	CMU	1
	0.671266	1
	1.416914
PRED	O-SSM	22222
	CMU	1
	0.385081	0
	0.073598
PRED	O-SSM	22222
	CMU	1
	0.428760	0
	0.279451
PRED	O-SSM	22222
	CMU	1
	0.446410	0
	0.360969
PRED	O-SSM	22222
	CMU	1
	0.604883	1
	1.089527
PRED	O-SSM	22222
	CMU	0
	0.537742	1
	0.777440
PRED	O-SSM	22222
	CMU	0
	0.507078	1
	0.637710
PRED	O-SSM	22222
	CMU	0
	0.390159	0
	0.097910
PRED	O-SSM	22222
	CMU	0
	0.515075	1
	0.674084
PRED	O-SSM	22222
	CMU	0
	0.542832	1
	0.800730
PRED	O-SSM	22222
	UCLA_2	1
	0.339973	0
	0.634386
PRED	O-SSM	22222
	UCLA_2	1
	0.446153	0
	1.473394
PRED	O-SSM	22222
	UCLA_2	1
	0.394738	0
	1.077116
PRED	O-SSM	22222
	UCLA_2	1
	0.445570	0
	1.468971
PRED	O-SSM	22222
	UCLA_2	1
	0.298990	0
	0.280352
PRED	O-SSM	22222
	UCLA_2	0
	0.305025	0
	0.334067
PRED	O-SSM	22222
	UCLA_2	0
	0.405087	0
	1.158028
PRED	O-SSM	22222
	UCLA_2	0
	0.299995	0
	0.289338
PRED	O-SSM	22222
	UCLA_2	0
	0.363771	0
	0.830219
PRED	O-SSM	22222
	UCLA_2	0
	0.370814	0
	0.887085
PRED	O-SSM	22222
	UM_2	1
	0.668729	1
	2.546281
PRED	O-SSM	22222
	UM_2	1
	0.514451	1
	0.837913
PRED	O-SSM	22222
	UM_2	1
	0.450503	0
	0.158244
PRED	O-SSM	22222
	UM_2	1
	0.521986	1
	0.917893
PRED	O-SSM	22222
	UM_2	1
	0.544200	1
	1.154455
PRED	O-SSM	22222
	UM_2	0
	0.622580	1
	2.011135
PRED	O-SSM	22222
	UM_2	0
	0.468329	0
	0.348493
PRED	O-SSM	22222
	UM_2	0
	0.471612	0
	0.383422
PRED	O-SSM	22222
	UM_2	0
	0.577156	1
	1.509182
PRED	O-SSM	22222
	UM_2	0
	0.546028	1
	1.173995
PRED	O-SSM	22222
	OHSU	1
	0.404323	0
	1.390792
PRED	O-SSM	22222
	OHSU	1
	0.482982	0
	1.006169
PRED	O-SSM	22222
	OHSU	1
	0.215548	0
	2.479826
PRED	O-SSM	22222
	OHSU	1
	0.584793	1
	0.511727
PRED	O-SSM	22222
	OHSU	1
	0.542356	1
	0.719639
PRED	O-SSM	22222
	OHSU	0
	0.497067	0
	0.938291
PRED	O-SSM	22222
	OHSU	0
	0.470112	0
	1.068304
PRED	O-SSM	22222
	OHSU	0
	0.365277	0
	1.589556
PRED	O-SSM	22222
	OHSU	0
	0.335927	0
	1.744863
PRED	O-SSM	22222
	OHSU	0
	0.677181	1
	0.031992
  O-SSM    22222
   acc=46.500000% bal=46.500000% sites=20
/20
 test_n=200
 assoc=1.007569
PRED	O-SSM	44444
	NYU	1
	0.654573	1
	0.430933
PRED	O-SSM	44444
	NYU	1
	0.704509	1
	0.615111
PRED	O-SSM	44444
	NYU	1
	0.640376	1
	0.381049
PRED	O-SSM	44444
	NYU	1
	0.747772	1
	0.789856
PRED	O-SSM	44444
	NYU	1
	0.892897	1
	1.619004
PRED	O-SSM	44444
	NYU	0
	0.922933	1
	1.909467
PRED	O-SSM	44444
	NYU	0
	0.739358	1
	0.754468
PRED	O-SSM	44444
	NYU	0
	0.862976	1
	1.394100
PRED	O-SSM	44444
	NYU	0
	0.863256	1
	1.396002
PRED	O-SSM	44444
	NYU	0
	0.753440	1
	0.814140
PRED	O-SSM	44444
	UM_1	1
	0.804703	1
	1.792347
PRED	O-SSM	44444
	UM_1	1
	0.752444	1
	1.119307
PRED	O-SSM	44444
	UM_1	1
	0.725111	1
	0.805784
PRED	O-SSM	44444
	UM_1	1
	0.739685	1
	0.970312
PRED	O-SSM	44444
	UM_1	1
	0.667427	1
	0.201045
PRED	O-SSM	44444
	UM_1	0
	0.711509	1
	0.657059
PRED	O-SSM	44444
	UM_1	0
	0.653693	1
	0.065537
PRED	O-SSM	44444
	UM_1	0
	0.749163	1
	1.080515
PRED	O-SSM	44444
	UM_1	0
	0.702584	1
	0.561740
PRED	O-SSM	44444
	UM_1	0
	0.733860	1
	0.903862
PRED	O-SSM	44444
	UCLA_1	1
	0.315681	0
	1.311137
PRED	O-SSM	44444
	UCLA_1	1
	0.319212	0
	1.677667
PRED	O-SSM	44444
	UCLA_1	1
	0.312414	0
	0.969924
PRED	O-SSM	44444
	UCLA_1	1
	0.308288	0
	0.536281
PRED	O-SSM	44444
	UCLA_1	1
	0.311221	0
	0.844938
PRED	O-SSM	44444
	UCLA_1	0
	0.308372	0
	0.545146
PRED	O-SSM	44444
	UCLA_1	0
	0.311598	0
	0.884493
PRED	O-SSM	44444
	UCLA_1	0
	0.310144	0
	0.731785
PRED	O-SSM	44444
	UCLA_1	0
	0.316638	0
	1.410719
PRED	O-SSM	44444
	UCLA_1	0
	0.310609	0
	0.780668
PRED	O-SSM	44444
	YALE	1
	0.670158	1
	1.237059
PRED	O-SSM	44444
	YALE	1
	0.626748	1
	0.914037
PRED	O-SSM	44444
	YALE	1
	0.564455	1
	0.475054
PRED	O-SSM	44444
	YALE	1
	0.719392	1
	1.631162
PRED	O-SSM	44444
	YALE	1
	0.513582	1
	0.127775
PRED	O-SSM	44444
	YALE	0
	0.520299	1
	0.173362
PRED	O-SSM	44444
	YALE	0
	0.565261	1
	0.480611
PRED	O-SSM	44444
	YALE	0
	0.685056	1
	1.352647
PRED	O-SSM	44444
	YALE	0
	0.513427	1
	0.126725
PRED	O-SSM	44444
	YALE	0
	0.814003	1
	2.537476
PRED	O-SSM	44444
	PITT	1
	0.441248	0
	1.293223
PRED	O-SSM	44444
	PITT	1
	0.415926	0
	2.225930
PRED	O-SSM	44444
	PITT	1
	0.445796	0
	1.127042
PRED	O-SSM	44444
	PITT	1
	0.442629	0
	1.242746
PRED	O-SSM	44444
	PITT	1
	0.452633	0
	0.877833
PRED	O-SSM	44444
	PITT	0
	0.453911	0
	0.831325
PRED	O-SSM	44444
	PITT	0
	0.449262	0
	1.000612
PRED	O-SSM	44444
	PITT	0
	0.442771	0
	1.237554
PRED	O-SSM	44444
	PITT	0
	0.456295	0
	0.744618
PRED	O-SSM	44444
	PITT	0
	0.449631	0
	0.987159
PRED	O-SSM	44444
	USM	1
	0.348322	0
	0.388539
PRED	O-SSM	44444
	USM	1
	0.493646	0
	0.797409
PRED	O-SSM	44444
	USM	1
	0.318540	0
	0.297331
PRED	O-SSM	44444
	USM	1
	0.681659	1
	1.332697
PRED	O-SSM	44444
	USM	1
	0.627049	1
	1.168175
PRED	O-SSM	44444
	USM	0
	0.274985	0
	0.155156
PRED	O-SSM	44444
	USM	0
	0.519156	1
	0.866855
PRED	O-SSM	44444
	USM	0
	0.747608	1
	1.553448
PRED	O-SSM	44444
	USM	0
	0.407385	0
	0.559730
PRED	O-SSM	44444
	USM	0
	0.503041	1
	0.822976
PRED	O-SSM	44444
	MAX_MUN	1
	0.418324	0
	0.107973
PRED	O-SSM	44444
	MAX_MUN	1
	0.476687	0
	0.338353
PRED	O-SSM	44444
	MAX_MUN	1
	0.928564	1
	2.929487
PRED	O-SSM	44444
	MAX_MUN	1
	0.522831	1
	0.518400
PRED	O-SSM	44444
	MAX_MUN	1
	0.750790	1
	1.504341
PRED	O-SSM	44444
	MAX_MUN	0
	0.664294	1
	1.094597
PRED	O-SSM	44444
	MAX_MUN	0
	0.531472	1
	0.552194
PRED	O-SSM	44444
	MAX_MUN	0
	0.628334	1
	0.941154
PRED	O-SSM	44444
	MAX_MUN	0
	0.505167	1
	0.449466
PRED	O-SSM	44444
	MAX_MUN	0
	0.739257	1
	1.445151
PRED	O-SSM	44444
	TRINITY	1
	0.676682	1
	1.171236
PRED	O-SSM	44444
	TRINITY	1
	0.648721	1
	0.868640
PRED	O-SSM	44444
	TRINITY	1
	0.756394	1
	2.125000
PRED	O-SSM	44444
	TRINITY	1
	0.701813	1
	1.455070
PRED	O-SSM	44444
	TRINITY	1
	0.650216	1
	0.884524
PRED	O-SSM	44444
	TRINITY	0
	0.605202	1
	0.418336
PRED	O-SSM	44444
	TRINITY	0
	0.605620	1
	0.422564
PRED	O-SSM	44444
	TRINITY	0
	0.655133	1
	0.936970
PRED	O-SSM	44444
	TRINITY	0
	0.621615	1
	0.585707
PRED	O-SSM	44444
	TRINITY	0
	0.632926	1
	0.702694
PRED	O-SSM	44444
	KKI	1
	0.313798	0
	1.064851
PRED	O-SSM	44444
	KKI	1
	0.279334	0
	1.586257
PRED	O-SSM	44444
	KKI	1
	0.347479	0
	0.584637
PRED	O-SSM	44444
	KKI	1
	0.323668	0
	0.921512
PRED	O-SSM	44444
	KKI	1
	0.321528	0
	0.952382
PRED	O-SSM	44444
	KKI	0
	0.299624	0
	1.275076
PRED	O-SSM	44444
	KKI	0
	0.319736	0
	0.978333
PRED	O-SSM	44444
	KKI	0
	0.277127	0
	1.620922
PRED	O-SSM	44444
	KKI	0
	0.285484	0
	1.490554
PRED	O-SSM	44444
	KKI	0
	0.325326	0
	0.897653
PRED	O-SSM	44444
	STANFORD	1
	0.359475	0
	1.578367
PRED	O-SSM	44444
	STANFORD	1
	0.363098	0
	1.160921
PRED	O-SSM	44444
	STANFORD	1
	0.336539	0
	4.266626
PRED	O-SSM	44444
	STANFORD	1
	0.353900	0
	2.224336
PRED	O-SSM	44444
	STANFORD	1
	0.365301	0
	0.907975
PRED	O-SSM	44444
	STANFORD	0
	0.366681	0
	0.749959
PRED	O-SSM	44444
	STANFORD	0
	0.362681	0
	1.208892
PRED	O-SSM	44444
	STANFORD	0
	0.369056	0
	0.478421
PRED	O-SSM	44444
	STANFORD	0
	0.366396	0
	0.782530
PRED	O-SSM	44444
	STANFORD	0
	0.361505	0
	1.344224
PRED	O-SSM	44444
	CALTECH	1
	0.530892	1
	0.447737
PRED	O-SSM	44444
	CALTECH	1
	0.538370	1
	0.586416
PRED	O-SSM	44444
	CALTECH	1
	0.522899	1
	0.299787
PRED	O-SSM	44444
	CALTECH	1
	0.533449	1
	0.495109
PRED	O-SSM	44444
	CALTECH	1
	0.557635	1
	0.945313
PRED	O-SSM	44444
	CALTECH	0
	0.598532	1
	1.719430
PRED	O-SSM	44444
	CALTECH	0
	0.544245	1
	0.695577
PRED	O-SSM	44444
	CALTECH	0
	0.514155	1
	0.138191
PRED	O-SSM	44444
	CALTECH	0
	0.544127	1
	0.693394
PRED	O-SSM	44444
	CALTECH	0
	0.543712	1
	0.685671
PRED	O-SSM	44444
	LEUVEN_2	1
	0.759311	1
	1.464760
PRED	O-SSM	44444
	LEUVEN_2	1
	0.746256	1
	1.321800
PRED	O-SSM	44444
	LEUVEN_2	1
	0.639152	1
	0.288627
PRED	O-SSM	44444
	LEUVEN_2	1
	0.772043	1
	1.609387
PRED	O-SSM	44444
	LEUVEN_2	1
	0.670287	1
	0.569395
PRED	O-SSM	44444
	LEUVEN_2	0
	0.742820	1
	1.284984
PRED	O-SSM	44444
	LEUVEN_2	0
	0.745533	1
	1.314024
PRED	O-SSM	44444
	LEUVEN_2	0
	0.746567	1
	1.325149
PRED	O-SSM	44444
	LEUVEN_2	0
	0.758633	1
	1.457212
PRED	O-SSM	44444
	LEUVEN_2	0
	0.641286	1
	0.307501
PRED	O-SSM	44444
	OLIN	1
	0.594471	1
	1.177496
PRED	O-SSM	44444
	OLIN	1
	0.451334	0
	0.183179
PRED	O-SSM	44444
	OLIN	1
	0.465579	0
	0.281926
PRED	O-SSM	44444
	OLIN	1
	0.469925	0
	0.311971
PRED	O-SSM	44444
	OLIN	1
	0.460943	0
	0.249842
PRED	O-SSM	44444
	OLIN	0
	0.691622	1
	1.909316
PRED	O-SSM	44444
	OLIN	0
	0.453641	0
	0.199203
PRED	O-SSM	44444
	OLIN	0
	0.557369	1
	0.915924
PRED	O-SSM	44444
	OLIN	0
	0.468093	0
	0.299308
PRED	O-SSM	44444
	OLIN	0
	0.585474	1
	1.113481
PRED	O-SSM	44444
	SBL	1
	0.691640	1
	1.608153
PRED	O-SSM	44444
	SBL	1
	0.665509	1
	1.293016
PRED	O-SSM	44444
	SBL	1
	0.647549	1
	1.083576
PRED	O-SSM	44444
	SBL	1
	0.682532	1
	1.496759
PRED	O-SSM	44444
	SBL	1
	0.565111	1
	0.172920
PRED	O-SSM	44444
	SBL	0
	0.720194	1
	1.970003
PRED	O-SSM	44444
	SBL	0
	0.588927	1
	0.429543
PRED	O-SSM	44444
	SBL	0
	0.567554	1
	0.199081
PRED	O-SSM	44444
	SBL	0
	0.715813	1
	1.913120
PRED	O-SSM	44444
	SBL	0
	0.603388	1
	0.587480
PRED	O-SSM	44444
	LEUVEN_1	1
	0.415670	0
	0.773869
PRED	O-SSM	44444
	LEUVEN_1	1
	0.415744	0
	0.772559
PRED	O-SSM	44444
	LEUVEN_1	1
	0.374483	0
	1.515766
PRED	O-SSM	44444
	LEUVEN_1	1
	0.408404	0
	0.902899
PRED	O-SSM	44444
	LEUVEN_1	1
	0.402441	0
	1.009320
PRED	O-SSM	44444
	LEUVEN_1	0
	0.398117	0
	1.086807
PRED	O-SSM	44444
	LEUVEN_1	0
	0.386683	0
	1.293114
PRED	O-SSM	44444
	LEUVEN_1	0
	0.436628	0
	0.405131
PRED	O-SSM	44444
	LEUVEN_1	0
	0.407994	0
	0.910198
PRED	O-SSM	44444
	LEUVEN_1	0
	0.393329	0
	1.172946
PRED	O-SSM	44444
	SDSU	1
	0.338957	0
	0.572046
PRED	O-SSM	44444
	SDSU	1
	0.337187	0
	0.582386
PRED	O-SSM	44444
	SDSU	1
	0.367257	0
	0.409973
PRED	O-SSM	44444
	SDSU	1
	0.349705	0
	0.509790
PRED	O-SSM	44444
	SDSU	1
	0.212350	0
	1.412679
PRED	O-SSM	44444
	SDSU	0
	0.167027	0
	1.799768
PRED	O-SSM	44444
	SDSU	0
	0.194648	0
	1.555563
PRED	O-SSM	44444
	SDSU	0
	0.414089	0
	0.152484
PRED	O-SSM	44444
	SDSU	0
	0.124515	0
	2.248944
PRED	O-SSM	44444
	SDSU	0
	0.262791	0
	1.047449
PRED	O-SSM	44444
	CMU	1
	0.612307	1
	1.275798
PRED	O-SSM	44444
	CMU	1
	0.533635	1
	0.110275
PRED	O-SSM	44444
	CMU	1
	0.539370	1
	0.193677
PRED	O-SSM	44444
	CMU	1
	0.547231	1
	0.308260
PRED	O-SSM	44444
	CMU	1
	0.593123	1
	0.986010
PRED	O-SSM	44444
	CMU	0
	0.567463	1
	0.604892
PRED	O-SSM	44444
	CMU	0
	0.564499	1
	0.561247
PRED	O-SSM	44444
	CMU	0
	0.532705	1
	0.096760
PRED	O-SSM	44444
	CMU	0
	0.574936	1
	0.715228
PRED	O-SSM	44444
	CMU	0
	0.580444	1
	0.796891
PRED	O-SSM	44444
	UCLA_2	1
	0.540175	1
	1.068550
PRED	O-SSM	44444
	UCLA_2	1
	0.518301	1
	0.894172
PRED	O-SSM	44444
	UCLA_2	1
	0.525445	1
	0.951025
PRED	O-SSM	44444
	UCLA_2	1
	0.547621	1
	1.128156
PRED	O-SSM	44444
	UCLA_2	1
	0.433724	0
	0.219143
PRED	O-SSM	44444
	UCLA_2	0
	0.445641	0
	0.315209
PRED	O-SSM	44444
	UCLA_2	0
	0.551707	1
	1.160937
PRED	O-SSM	44444
	UCLA_2	0
	0.451146	0
	0.359413
PRED	O-SSM	44444
	UCLA_2	0
	0.500951	1
	0.756287
PRED	O-SSM	44444
	UCLA_2	0
	0.528213	1
	0.973080
PRED	O-SSM	44444
	UM_2	1
	0.804155	1
	3.059761
PRED	O-SSM	44444
	UM_2	1
	0.598342	1
	0.960343
PRED	O-SSM	44444
	UM_2	1
	0.496494	0
	0.106036
PRED	O-SSM	44444
	UM_2	1
	0.558698	1
	0.623495
PRED	O-SSM	44444
	UM_2	1
	0.685090	1
	1.744487
PRED	O-SSM	44444
	UM_2	0
	0.689850	1
	1.790368
PRED	O-SSM	44444
	UM_2	0
	0.521721	1
	0.315088
PRED	O-SSM	44444
	UM_2	0
	0.534064	1
	0.417648
PRED	O-SSM	44444
	UM_2	0
	0.668961	1
	1.591731
PRED	O-SSM	44444
	UM_2	0
	0.638245	1
	1.310679
PRED	O-SSM	44444
	OHSU	1
	0.483584	0
	1.226185
PRED	O-SSM	44444
	OHSU	1
	0.421597	0
	0.839930
PRED	O-SSM	44444
	OHSU	1
	0.514137	1
	1.414666
PRED	O-SSM	44444
	OHSU	1
	0.435456	0
	0.927185
PRED	O-SSM	44444
	OHSU	1
	0.431099	0
	0.899831
PRED	O-SSM	44444
	OHSU	0
	0.439052	0
	0.949716
PRED	O-SSM	44444
	OHSU	0
	0.522301	1
	1.465077
PRED	O-SSM	44444
	OHSU	0
	0.578642	1
	1.816502
PRED	O-SSM	44444
	OHSU	0
	0.589427	1
	1.884949
PRED	O-SSM	44444
	OHSU	0
	0.303650	0
	0.047856
  O-SSM    44444
   acc=46.500000% bal=46.500000% sites=20
/20
 test_n=200
 assoc=0.970459
PRED	O-SSM	66666
	NYU	1
	0.261063	0
	0.327254
PRED	O-SSM	66666
	NYU	1
	0.250510	0
	0.775252
PRED	O-SSM	66666
	NYU	1
	0.260883	0
	0.334812
PRED	O-SSM	66666
	NYU	1
	0.250321	0
	0.783404
PRED	O-SSM	66666
	NYU	1
	0.239868	0
	1.239969
PRED	O-SSM	66666
	NYU	0
	0.238592	0
	1.296613
PRED	O-SSM	66666
	NYU	0
	0.249647	0
	0.812431
PRED	O-SSM	66666
	NYU	0
	0.238990	0
	1.278918
PRED	O-SSM	66666
	NYU	0
	0.241728	0
	1.157742
PRED	O-SSM	66666
	NYU	0
	0.252251	0
	0.700522
PRED	O-SSM	66666
	UM_1	1
	0.317355	0
	1.384805
PRED	O-SSM	66666
	UM_1	1
	0.317322	0
	0.953689
PRED	O-SSM	66666
	UM_1	1
	0.317306	0
	0.729055
PRED	O-SSM	66666
	UM_1	1
	0.317322	0
	0.952051
PRED	O-SSM	66666
	UM_1	1
	0.317271	0
	0.264326
PRED	O-SSM	66666
	UM_1	0
	0.317322	0
	0.952573
PRED	O-SSM	66666
	UM_1	0
	0.317258	0
	0.087685
PRED	O-SSM	66666
	UM_1	0
	0.317296	0
	0.600178
PRED	O-SSM	66666
	UM_1	0
	0.317289	0
	0.509050
PRED	O-SSM	66666
	UM_1	0
	0.317344	0
	1.240643
PRED	O-SSM	66666
	UCLA_1	1
	0.475000	0
	1.456893
PRED	O-SSM	66666
	UCLA_1	1
	0.480271	0
	1.620443
PRED	O-SSM	66666
	UCLA_1	1
	0.477035	0
	1.520052
PRED	O-SSM	66666
	UCLA_1	1
	0.450695	0
	0.699901
PRED	O-SSM	66666
	UCLA_1	1
	0.449945	0
	0.676428
PRED	O-SSM	66666
	UCLA_1	0
	0.455516	0
	0.850504
PRED	O-SSM	66666
	UCLA_1	0
	0.464229	0
	1.122090
PRED	O-SSM	66666
	UCLA_1	0
	0.445758	0
	0.545334
PRED	O-SSM	66666
	UCLA_1	0
	0.460373	0
	1.001983
PRED	O-SSM	66666
	UCLA_1	0
	0.451207	0
	0.715909
PRED	O-SSM	66666
	YALE	1
	0.321978	0
	1.006438
PRED	O-SSM	66666
	YALE	1
	0.319531	0
	0.915685
PRED	O-SSM	66666
	YALE	1
	0.304657	0
	0.355902
PRED	O-SSM	66666
	YALE	1
	0.337782	0
	1.584097
PRED	O-SSM	66666
	YALE	1
	0.298065	0
	0.102954
PRED	O-SSM	66666
	YALE	0
	0.299367	0
	0.153190
PRED	O-SSM	66666
	YALE	0
	0.306259	0
	0.416916
PRED	O-SSM	66666
	YALE	0
	0.321291	0
	0.980999
PRED	O-SSM	66666
	YALE	0
	0.298980	0
	0.138279
PRED	O-SSM	66666
	YALE	0
	0.349920	0
	2.018727
PRED	O-SSM	66666
	PITT	1
	0.340696	0
	1.379041
PRED	O-SSM	66666
	PITT	1
	0.314675	0
	1.654743
PRED	O-SSM	66666
	PITT	1
	0.380678	0
	0.974159
PRED	O-SSM	66666
	PITT	1
	0.330182	0
	1.489094
PRED	O-SSM	66666
	PITT	1
	0.330084	0
	1.490131
PRED	O-SSM	66666
	PITT	0
	0.380263	0
	0.978267
PRED	O-SSM	66666
	PITT	0
	0.384690	0
	0.934533
PRED	O-SSM	66666
	PITT	0
	0.385114	0
	0.930354
PRED	O-SSM	66666
	PITT	0
	0.387691	0
	0.904991
PRED	O-SSM	66666
	PITT	0
	0.415689	0
	0.633086
PRED	O-SSM	66666
	USM	1
	0.736532	1
	0.311951
PRED	O-SSM	66666
	USM	1
	0.717271	1
	0.682859
PRED	O-SSM	66666
	USM	1
	0.740051	1
	0.242332
PRED	O-SSM	66666
	USM	1
	0.642050	1
	2.007824
PRED	O-SSM	66666
	USM	1
	0.706776	1
	0.878485
PRED	O-SSM	66666
	USM	0
	0.741375	1
	0.215991
PRED	O-SSM	66666
	USM	0
	0.729575	1
	0.447822
PRED	O-SSM	66666
	USM	0
	0.693461	1
	1.120893
PRED	O-SSM	66666
	USM	0
	0.725503	1
	0.526324
PRED	O-SSM	66666
	USM	0
	0.684468	1
	1.281273
PRED	O-SSM	66666
	MAX_MUN	1
	0.435502	0
	0.184081
PRED	O-SSM	66666
	MAX_MUN	1
	0.461196	0
	0.509175
PRED	O-SSM	66666
	MAX_MUN	1
	0.536765	1
	1.456711
PRED	O-SSM	66666
	MAX_MUN	1
	0.463495	0
	0.538111
PRED	O-SSM	66666
	MAX_MUN	1
	0.551875	1
	1.647320
PRED	O-SSM	66666
	MAX_MUN	0
	0.525924	1
	1.320489
PRED	O-SSM	66666
	MAX_MUN	0
	0.459016	0
	0.481712
PRED	O-SSM	66666
	MAX_MUN	0
	0.516327	1
	1.200172
PRED	O-SSM	66666
	MAX_MUN	0
	0.475519	0
	0.689159
PRED	O-SSM	66666
	MAX_MUN	0
	0.586615	1
	2.090774
PRED	O-SSM	66666
	TRINITY	1
	0.736335	1
	1.553337
PRED	O-SSM	66666
	TRINITY	1
	0.673138	1
	1.104323
PRED	O-SSM	66666
	TRINITY	1
	0.775557	1
	1.867262
PRED	O-SSM	66666
	TRINITY	1
	0.760458	1
	1.742301
PRED	O-SSM	66666
	TRINITY	1
	0.590363	1
	0.578131
PRED	O-SSM	66666
	TRINITY	0
	0.609304	1
	0.694473
PRED	O-SSM	66666
	TRINITY	0
	0.610691	1
	0.703072
PRED	O-SSM	66666
	TRINITY	0
	0.713692	1
	1.385845
PRED	O-SSM	66666
	TRINITY	0
	0.646015	1
	0.926183
PRED	O-SSM	66666
	TRINITY	0
	0.598077	1
	0.625297
PRED	O-SSM	66666
	KKI	1
	0.287469	0
	1.060302
PRED	O-SSM	66666
	KKI	1
	0.285416	0
	0.994749
PRED	O-SSM	66666
	KKI	1
	0.278397	0
	0.768404
PRED	O-SSM	66666
	KKI	1
	0.281216	0
	0.859725
PRED	O-SSM	66666
	KKI	1
	0.291241	0
	1.180044
PRED	O-SSM	66666
	KKI	0
	0.294784	0
	1.291694
PRED	O-SSM	66666
	KKI	0
	0.291587	0
	1.190990
PRED	O-SSM	66666
	KKI	0
	0.317771	0
	1.998149
PRED	O-SSM	66666
	KKI	0
	0.320082	0
	2.067604
PRED	O-SSM	66666
	KKI	0
	0.281080	0
	0.855333
PRED	O-SSM	66666
	STANFORD	1
	0.589023	1
	1.427426
PRED	O-SSM	66666
	STANFORD	1
	0.582200	1
	1.251648
PRED	O-SSM	66666
	STANFORD	1
	0.689884	1
	4.175817
PRED	O-SSM	66666
	STANFORD	1
	0.599604	1
	1.701776
PRED	O-SSM	66666
	STANFORD	1
	0.597864	1
	1.656516
PRED	O-SSM	66666
	STANFORD	0
	0.552157	1
	0.486364
PRED	O-SSM	66666
	STANFORD	0
	0.584064	1
	1.299598
PRED	O-SSM	66666
	STANFORD	0
	0.545869	1
	0.327598
PRED	O-SSM	66666
	STANFORD	0
	0.563359	1
	0.770282
PRED	O-SSM	66666
	STANFORD	0
	0.580086	1
	1.197358
PRED	O-SSM	66666
	CALTECH	1
	0.309742	0
	0.475362
PRED	O-SSM	66666
	CALTECH	1
	0.309618	0
	0.473866
PRED	O-SSM	66666
	CALTECH	1
	0.299335	0
	0.348253
PRED	O-SSM	66666
	CALTECH	1
	0.321459	0
	0.615694
PRED	O-SSM	66666
	CALTECH	1
	0.396612	0
	1.462762
PRED	O-SSM	66666
	CALTECH	0
	0.352829	0
	0.978994
PRED	O-SSM	66666
	CALTECH	0
	0.362175	0
	1.084248
PRED	O-SSM	66666
	CALTECH	0
	0.285398	0
	0.173983
PRED	O-SSM	66666
	CALTECH	0
	0.329268	0
	0.707720
PRED	O-SSM	66666
	CALTECH	0
	0.367099	0
	1.139225
PRED	O-SSM	66666
	LEUVEN_2	1
	0.459839	0
	1.482977
PRED	O-SSM	66666
	LEUVEN_2	1
	0.460266	0
	1.504461
PRED	O-SSM	66666
	LEUVEN_2	1
	0.435124	0
	0.232995
PRED	O-SSM	66666
	LEUVEN_2	1
	0.447784	0
	0.874899
PRED	O-SSM	66666
	LEUVEN_2	1
	0.442556	0
	0.610291
PRED	O-SSM	66666
	LEUVEN_2	0
	0.454576	0
	1.217847
PRED	O-SSM	66666
	LEUVEN_2	0
	0.450614	0
	1.017914
PRED	O-SSM	66666
	LEUVEN_2	0
	0.460167	0
	1.499516
PRED	O-SSM	66666
	LEUVEN_2	0
	0.454427	0
	1.210325
PRED	O-SSM	66666
	LEUVEN_2	0
	0.436459	0
	0.300856
PRED	O-SSM	66666
	OLIN	1
	0.837134	1
	1.165314
PRED	O-SSM	66666
	OLIN	1
	0.639439	1
	0.164040
PRED	O-SSM	66666
	OLIN	1
	0.651434	1
	0.213362
PRED	O-SSM	66666
	OLIN	1
	0.682879	1
	0.346678
PRED	O-SSM	66666
	OLIN	1
	0.654343	1
	0.225440
PRED	O-SSM	66666
	OLIN	0
	0.935016	1
	2.133886
PRED	O-SSM	66666
	OLIN	0
	0.654924	1
	0.227858
PRED	O-SSM	66666
	OLIN	0
	0.842461	1
	1.202573
PRED	O-SSM	66666
	OLIN	0
	0.685403	1
	0.357669
PRED	O-SSM	66666
	OLIN	0
	0.885647	1
	1.551069
PRED	O-SSM	66666
	SBL	1
	0.547072	1
	1.063243
PRED	O-SSM	66666
	SBL	1
	0.585026	1
	1.381944
PRED	O-SSM	66666
	SBL	1
	0.540926	1
	1.012164
PRED	O-SSM	66666
	SBL	1
	0.575296	1
	1.299588
PRED	O-SSM	66666
	SBL	1
	0.432655	0
	0.115188
PRED	O-SSM	66666
	SBL	0
	0.550811	1
	1.094370
PRED	O-SSM	66666
	SBL	0
	0.509779	1
	0.754574
PRED	O-SSM	66666
	SBL	0
	0.443533	0
	0.206295
PRED	O-SSM	66666
	SBL	0
	0.582021	1
	1.356453
PRED	O-SSM	66666
	SBL	0
	0.594815	1
	1.465361
PRED	O-SSM	66666
	LEUVEN_1	1
	0.412374	0
	0.677977
PRED	O-SSM	66666
	LEUVEN_1	1
	0.414022	0
	0.632892
PRED	O-SSM	66666
	LEUVEN_1	1
	0.402181	0
	0.958120
PRED	O-SSM	66666
	LEUVEN_1	1
	0.406353	0
	0.843184
PRED	O-SSM	66666
	LEUVEN_1	1
	0.390188	0
	1.290744
PRED	O-SSM	66666
	LEUVEN_1	0
	0.390292	0
	1.287842
PRED	O-SSM	66666
	LEUVEN_1	0
	0.400640	0
	1.000657
PRED	O-SSM	66666
	LEUVEN_1	0
	0.427635	0
	0.262350
PRED	O-SSM	66666
	LEUVEN_1	0
	0.407576	0
	0.809586
PRED	O-SSM	66666
	LEUVEN_1	0
	0.400543	0
	1.003350
PRED	O-SSM	66666
	SDSU	1
	0.275899	0
	0.516713
PRED	O-SSM	66666
	SDSU	1
	0.292477	0
	0.862104
PRED	O-SSM	66666
	SDSU	1
	0.271570	0
	0.424430
PRED	O-SSM	66666
	SDSU	1
	0.279357	0
	0.589767
PRED	O-SSM	66666
	SDSU	1
	0.311274	0
	1.240151
PRED	O-SSM	66666
	SDSU	0
	0.293919	0
	0.891594
PRED	O-SSM	66666
	SDSU	0
	0.339724	0
	1.789515
PRED	O-SSM	66666
	SDSU	0
	0.257656	0
	0.121384
PRED	O-SSM	66666
	SDSU	0
	0.366068	0
	2.278513
PRED	O-SSM	66666
	SDSU	0
	0.294405	0
	0.901516
PRED	O-SSM	66666
	CMU	1
	0.248208	0
	1.338271
PRED	O-SSM	66666
	CMU	1
	0.378024	0
	0.116248
PRED	O-SSM	66666
	CMU	1
	0.338741	0
	0.458605
PRED	O-SSM	66666
	CMU	1
	0.359987	0
	0.271390
PRED	O-SSM	66666
	CMU	1
	0.289333	0
	0.918609
PRED	O-SSM	66666
	CMU	0
	0.310080	0
	0.720601
PRED	O-SSM	66666
	CMU	0
	0.328681	0
	0.549215
PRED	O-SSM	66666
	CMU	0
	0.376307	0
	0.130880
PRED	O-SSM	66666
	CMU	0
	0.308562	0
	0.734836
PRED	O-SSM	66666
	CMU	0
	0.303596	0
	0.781658
PRED	O-SSM	66666
	UCLA_2	1
	0.445801	0
	0.676024
PRED	O-SSM	66666
	UCLA_2	1
	0.310106	0
	1.285041
PRED	O-SSM	66666
	UCLA_2	1
	0.335867	0
	1.161707
PRED	O-SSM	66666
	UCLA_2	1
	0.400810	0
	0.869034
PRED	O-SSM	66666
	UCLA_2	1
	0.553198	1
	0.224729
PRED	O-SSM	66666
	UCLA_2	0
	0.524486	1
	0.345682
PRED	O-SSM	66666
	UCLA_2	0
	0.371774	0
	0.997250
PRED	O-SSM	66666
	UCLA_2	0
	0.546672	1
	0.252326
PRED	O-SSM	66666
	UCLA_2	0
	0.360817	0
	1.046653
PRED	O-SSM	66666
	UCLA_2	0
	0.365039	0
	1.027544
PRED	O-SSM	66666
	UM_2	1
	0.672575	1
	1.977480
PRED	O-SSM	66666
	UM_2	1
	0.558365	1
	1.436527
PRED	O-SSM	66666
	UM_2	1
	0.280927	0
	0.127518
PRED	O-SSM	66666
	UM_2	1
	0.420620	0
	0.818182
PRED	O-SSM	66666
	UM_2	1
	0.631273	1
	1.774423
PRED	O-SSM	66666
	UM_2	0
	0.562415	1
	1.454848
PRED	O-SSM	66666
	UM_2	0
	0.352404	0
	0.496877
PRED	O-SSM	66666
	UM_2	0
	0.337269	0
	0.422200
PRED	O-SSM	66666
	UM_2	0
	0.531178	1
	1.314303
PRED	O-SSM	66666
	UM_2	0
	0.526511	1
	1.293423
PRED	O-SSM	66666
	OHSU	1
	0.726384	1
	1.149122
PRED	O-SSM	66666
	OHSU	1
	0.662980	1
	0.879283
PRED	O-SSM	66666
	OHSU	1
	0.873065	1
	2.006103
PRED	O-SSM	66666
	OHSU	1
	0.595629	1
	0.618839
PRED	O-SSM	66666
	OHSU	1
	0.651997	1
	0.835378
PRED	O-SSM	66666
	OHSU	0
	0.701142	1
	1.037846
PRED	O-SSM	66666
	OHSU	0
	0.801800	1
	1.528313
PRED	O-SSM	66666
	OHSU	0
	0.883830	1
	2.096911
PRED	O-SSM	66666
	OHSU	0
	0.854157	1
	1.861397
PRED	O-SSM	66666
	OHSU	0
	0.437190	0
	0.042829
  O-SSM    66666
   acc=49.500000% bal=49.500000% sites=20
/20
 test_n=200
 assoc=0.957084
PRED	O-SSM	77777
	NYU	1
	0.426507	0
	0.313458
PRED	O-SSM	77777
	NYU	1
	0.434453	0
	0.444851
PRED	O-SSM	77777
	NYU	1
	0.433804	0
	0.434144
PRED	O-SSM	77777
	NYU	1
	0.452342	0
	0.738723
PRED	O-SSM	77777
	NYU	1
	0.504595	1
	1.588413
PRED	O-SSM	77777
	NYU	0
	0.499503	0
	1.505836
PRED	O-SSM	77777
	NYU	0
	0.456275	0
	0.803044
PRED	O-SSM	77777
	NYU	0
	0.471213	0
	1.046567
PRED	O-SSM	77777
	NYU	0
	0.475176	0
	1.111027
PRED	O-SSM	77777
	NYU	0
	0.431784	0
	0.400778
PRED	O-SSM	77777
	UM_1	1
	0.384014	0
	1.347797
PRED	O-SSM	77777
	UM_1	1
	0.391946	0
	1.462996
PRED	O-SSM	77777
	UM_1	1
	0.337308	0
	0.648594
PRED	O-SSM	77777
	UM_1	1
	0.372656	0
	1.181264
PRED	O-SSM	77777
	UM_1	1
	0.312707	0
	0.261768
PRED	O-SSM	77777
	UM_1	0
	0.346121	0
	0.783691
PRED	O-SSM	77777
	UM_1	0
	0.301541	0
	0.080810
PRED	O-SSM	77777
	UM_1	0
	0.371376	0
	1.162374
PRED	O-SSM	77777
	UM_1	0
	0.337930	0
	0.658190
PRED	O-SSM	77777
	UM_1	0
	0.370498	0
	1.149406
PRED	O-SSM	77777
	UCLA_1	1
	0.444775	0
	1.049957
PRED	O-SSM	77777
	UCLA_1	1
	0.441245	0
	1.016261
PRED	O-SSM	77777
	UCLA_1	1
	0.404643	0
	0.662879
PRED	O-SSM	77777
	UCLA_1	1
	0.403018	0
	0.646977
PRED	O-SSM	77777
	UCLA_1	1
	0.445299	0
	1.054948
PRED	O-SSM	77777
	UCLA_1	0
	0.386088	0
	0.480046
PRED	O-SSM	77777
	UCLA_1	0
	0.435687	0
	0.963094
PRED	O-SSM	77777
	UCLA_1	0
	0.396332	0
	0.581347
PRED	O-SSM	77777
	UCLA_1	0
	0.478922	0
	1.373656
PRED	O-SSM	77777
	UCLA_1	0
	0.413879	0
	0.752849
PRED	O-SSM	77777
	YALE	1
	0.444913	0
	0.934363
PRED	O-SSM	77777
	YALE	1
	0.449193	0
	0.595918
PRED	O-SSM	77777
	YALE	1
	0.449087	0
	0.604322
PRED	O-SSM	77777
	YALE	1
	0.436024	0
	1.639226
PRED	O-SSM	77777
	YALE	1
	0.455038	0
	0.134788
PRED	O-SSM	77777
	YALE	0
	0.453117	0
	0.286234
PRED	O-SSM	77777
	YALE	0
	0.449641	0
	0.560598
PRED	O-SSM	77777
	YALE	0
	0.440920	0
	1.250623
PRED	O-SSM	77777
	YALE	0
	0.455172	0
	0.124209
PRED	O-SSM	77777
	YALE	0
	0.412208	0
	3.545356
PRED	O-SSM	77777
	PITT	1
	0.307600	0
	1.354701
PRED	O-SSM	77777
	PITT	1
	0.291526	0
	1.526876
PRED	O-SSM	77777
	PITT	1
	0.366689	0
	0.759410
PRED	O-SSM	77777
	PITT	1
	0.316702	0
	1.259437
PRED	O-SSM	77777
	PITT	1
	0.347330	0
	0.948954
PRED	O-SSM	77777
	PITT	0
	0.345973	0
	0.962415
PRED	O-SSM	77777
	PITT	0
	0.362877	0
	0.796385
PRED	O-SSM	77777
	PITT	0
	0.282725	0
	1.623501
PRED	O-SSM	77777
	PITT	0
	0.350527	0
	0.917331
PRED	O-SSM	77777
	PITT	0
	0.374722	0
	0.682030
PRED	O-SSM	77777
	USM	1
	0.484866	0
	0.351192
PRED	O-SSM	77777
	USM	1
	0.742736	1
	1.132834
PRED	O-SSM	77777
	USM	1
	0.456379	0
	0.271426
PRED	O-SSM	77777
	USM	1
	0.958784	1
	2.588030
PRED	O-SSM	77777
	USM	1
	0.694818	1
	0.967203
PRED	O-SSM	77777
	USM	0
	0.465596	0
	0.297297
PRED	O-SSM	77777
	USM	0
	0.590537	1
	0.648801
PRED	O-SSM	77777
	USM	0
	0.782871	1
	1.287825
PRED	O-SSM	77777
	USM	0
	0.575072	1
	0.604440
PRED	O-SSM	77777
	USM	0
	0.636257	1
	0.783378
PRED	O-SSM	77777
	MAX_MUN	1
	0.601018	1
	0.164575
PRED	O-SSM	77777
	MAX_MUN	1
	0.550034	1
	0.596778
PRED	O-SSM	77777
	MAX_MUN	1
	0.459029	0
	1.352068
PRED	O-SSM	77777
	MAX_MUN	1
	0.553712	1
	0.566007
PRED	O-SSM	77777
	MAX_MUN	1
	0.506272	1
	0.960329
PRED	O-SSM	77777
	MAX_MUN	0
	0.521493	1
	0.834261
PRED	O-SSM	77777
	MAX_MUN	0
	0.556345	1
	0.543953
PRED	O-SSM	77777
	MAX_MUN	0
	0.502745	1
	0.989522
PRED	O-SSM	77777
	MAX_MUN	0
	0.506954	1
	0.954688
PRED	O-SSM	77777
	MAX_MUN	0
	0.478689	0
	1.188714
PRED	O-SSM	77777
	TRINITY	1
	0.460184	0
	1.427367
PRED	O-SSM	77777
	TRINITY	1
	0.418306	0
	0.963761
PRED	O-SSM	77777
	TRINITY	1
	0.478899	0
	1.632146
PRED	O-SSM	77777
	TRINITY	1
	0.482570	0
	1.672220
PRED	O-SSM	77777
	TRINITY	1
	0.399236	0
	0.748709
PRED	O-SSM	77777
	TRINITY	0
	0.395633	0
	0.707708
PRED	O-SSM	77777
	TRINITY	0
	0.392194	0
	0.668457
PRED	O-SSM	77777
	TRINITY	0
	0.436691	0
	1.168489
PRED	O-SSM	77777
	TRINITY	0
	0.420528	0
	0.988630
PRED	O-SSM	77777
	TRINITY	0
	0.389705	0
	0.639969
PRED	O-SSM	77777
	KKI	1
	0.520396	1
	1.327269
PRED	O-SSM	77777
	KKI	1
	0.535168	1
	1.605971
PRED	O-SSM	77777
	KKI	1
	0.491003	0
	0.774226
PRED	O-SSM	77777
	KKI	1
	0.504483	1
	1.027766
PRED	O-SSM	77777
	KKI	1
	0.526111	1
	1.434986
PRED	O-SSM	77777
	KKI	0
	0.519017	1
	1.301295
PRED	O-SSM	77777
	KKI	0
	0.497430	0
	0.895125
PRED	O-SSM	77777
	KKI	0
	0.568407	1
	2.238161
PRED	O-SSM	77777
	KKI	0
	0.543787	1
	1.769104
PRED	O-SSM	77777
	KKI	0
	0.503623	1
	1.011598
PRED	O-SSM	77777
	STANFORD	1
	0.473237	0
	1.634144
PRED	O-SSM	77777
	STANFORD	1
	0.505409	1
	1.115161
PRED	O-SSM	77777
	STANFORD	1
	0.223678	0
	6.216595
PRED	O-SSM	77777
	STANFORD	1
	0.497185	0
	1.247729
PRED	O-SSM	77777
	STANFORD	1
	0.466316	0
	1.746109
PRED	O-SSM	77777
	STANFORD	0
	0.530826	1
	0.704864
PRED	O-SSM	77777
	STANFORD	0
	0.514525	1
	0.968162
PRED	O-SSM	77777
	STANFORD	0
	0.552288	1
	0.356470
PRED	O-SSM	77777
	STANFORD	0
	0.514632	1
	0.966436
PRED	O-SSM	77777
	STANFORD	0
	0.476306	0
	1.584538
PRED	O-SSM	77777
	CALTECH	1
	0.312060	0
	0.425024
PRED	O-SSM	77777
	CALTECH	1
	0.294628	0
	0.658785
PRED	O-SSM	77777
	CALTECH	1
	0.300049	0
	0.585269
PRED	O-SSM	77777
	CALTECH	1
	0.295890	0
	0.641596
PRED	O-SSM	77777
	CALTECH	1
	0.264071	0
	1.089147
PRED	O-SSM	77777
	CALTECH	0
	0.272590	0
	0.966210
PRED	O-SSM	77777
	CALTECH	0
	0.294517	0
	0.660290
PRED	O-SSM	77777
	CALTECH	0
	0.330406	0
	0.186591
PRED	O-SSM	77777
	CALTECH	0
	0.305438	0
	0.512940
PRED	O-SSM	77777
	CALTECH	0
	0.296413	0
	0.634494
PRED	O-SSM	77777
	LEUVEN_2	1
	0.543054	1
	1.253587
PRED	O-SSM	77777
	LEUVEN_2	1
	0.486538	0
	1.052869
PRED	O-SSM	77777
	LEUVEN_2	1
	0.270255	0
	0.220355
PRED	O-SSM	77777
	LEUVEN_2	1
	0.785435	1
	2.250500
PRED	O-SSM	77777
	LEUVEN_2	1
	0.352364	0
	0.561230
PRED	O-SSM	77777
	LEUVEN_2	0
	0.548807	1
	1.274154
PRED	O-SSM	77777
	LEUVEN_2	0
	0.526133	1
	1.193316
PRED	O-SSM	77777
	LEUVEN_2	0
	0.522847	1
	1.181641
PRED	O-SSM	77777
	LEUVEN_2	0
	0.580029	1
	1.386734
PRED	O-SSM	77777
	LEUVEN_2	0
	0.264910	0
	0.196188
PRED	O-SSM	77777
	OLIN	1
	0.352997	0
	0.852332
PRED	O-SSM	77777
	OLIN	1
	0.257631	0
	0.163577
PRED	O-SSM	77777
	OLIN	1
	0.270242	0
	0.262412
PRED	O-SSM	77777
	OLIN	1
	0.274697	0
	0.296626
PRED	O-SSM	77777
	OLIN	1
	0.277493	0
	0.317926
PRED	O-SSM	77777
	OLIN	0
	0.470482	0
	1.594765
PRED	O-SSM	77777
	OLIN	0
	0.260244	0
	0.184304
PRED	O-SSM	77777
	OLIN	0
	0.373239	0
	0.985612
PRED	O-SSM	77777
	OLIN	0
	0.283259	0
	0.361435
PRED	O-SSM	77777
	OLIN	0
	0.386023	0
	1.068254
PRED	O-SSM	77777
	SBL	1
	0.623164	1
	1.602189
PRED	O-SSM	77777
	SBL	1
	0.623805	1
	1.396439
PRED	O-SSM	77777
	SBL	1
	0.623628	1
	1.453455
PRED	O-SSM	77777
	SBL	1
	0.622808	1
	1.716681
PRED	O-SSM	77777
	SBL	1
	0.627694	1
	0.144814
PRED	O-SSM	77777
	SBL	0
	0.623584	1
	1.467424
PRED	O-SSM	77777
	SBL	0
	0.625405	1
	0.882099
PRED	O-SSM	77777
	SBL	0
	0.627347	1
	0.256567
PRED	O-SSM	77777
	SBL	0
	0.623668	1
	1.440454
PRED	O-SSM	77777
	SBL	0
	0.624587	1
	1.145356
PRED	O-SSM	77777
	LEUVEN_1	1
	0.589344	1
	0.638253
PRED	O-SSM	77777
	LEUVEN_1	1
	0.592475	1
	0.652625
PRED	O-SSM	77777
	LEUVEN_1	1
	0.687658	1
	1.113119
PRED	O-SSM	77777
	LEUVEN_1	1
	0.680708	1
	1.077424
PRED	O-SSM	77777
	LEUVEN_1	1
	0.649665	1
	0.922672
PRED	O-SSM	77777
	LEUVEN_1	0
	0.737979	1
	1.386426
PRED	O-SSM	77777
	LEUVEN_1	0
	0.773742	1
	1.601779
PRED	O-SSM	77777
	LEUVEN_1	0
	0.557496	1
	0.493721
PRED	O-SSM	77777
	LEUVEN_1	0
	0.647299	1
	0.911156
PRED	O-SSM	77777
	LEUVEN_1	0
	0.731677	1
	1.350535
PRED	O-SSM	77777
	SDSU	1
	0.424598	0
	0.558153
PRED	O-SSM	77777
	SDSU	1
	0.447609	0
	0.627506
PRED	O-SSM	77777
	SDSU	1
	0.401619	0
	0.487901
PRED	O-SSM	77777
	SDSU	1
	0.419396	0
	0.542349
PRED	O-SSM	77777
	SDSU	1
	0.614661	1
	1.129410
PRED	O-SSM	77777
	SDSU	0
	0.472373	0
	0.701403
PRED	O-SSM	77777
	SDSU	0
	0.706245	1
	1.433441
PRED	O-SSM	77777
	SDSU	0
	0.300273	0
	0.156446
PRED	O-SSM	77777
	SDSU	0
	0.896225	1
	2.381063
PRED	O-SSM	77777
	SDSU	0
	0.554718	1
	0.946224
PRED	O-SSM	77777
	CMU	1
	0.239191	0
	0.984097
PRED	O-SSM	77777
	CMU	1
	0.385599	0
	0.072132
PRED	O-SSM	77777
	CMU	1
	0.359542	0
	0.219234
PRED	O-SSM	77777
	CMU	1
	0.357008	0
	0.233777
PRED	O-SSM	77777
	CMU	1
	0.266077	0
	0.796100
PRED	O-SSM	77777
	CMU	0
	0.298972	0
	0.581828
PRED	O-SSM	77777
	CMU	0
	0.318843	0
	0.458998
PRED	O-SSM	77777
	CMU	0
	0.383557	0
	0.083519
PRED	O-SSM	77777
	CMU	0
	0.235048	0
	1.014308
PRED	O-SSM	77777
	CMU	0
	0.303059	0
	0.556197
PRED	O-SSM	77777
	UCLA_2	1
	0.257718	0
	1.094256
PRED	O-SSM	77777
	UCLA_2	1
	0.293875	0
	0.839008
PRED	O-SSM	77777
	UCLA_2	1
	0.210683	0
	1.464612
PRED	O-SSM	77777
	UCLA_2	1
	0.299659	0
	0.799971
PRED	O-SSM	77777
	UCLA_2	1
	0.401267	0
	0.167949
PRED	O-SSM	77777
	UCLA_2	0
	0.370518	0
	0.350776
PRED	O-SSM	77777
	UCLA_2	0
	0.270823	0
	0.999311
PRED	O-SSM	77777
	UCLA_2	0
	0.353129	0
	0.456855
PRED	O-SSM	77777
	UCLA_2	0
	0.326124	0
	0.626514
PRED	O-SSM	77777
	UCLA_2	0
	0.283417	0
	0.910746
PRED	O-SSM	77777
	UM_2	1
	0.671234	1
	2.932780
PRED	O-SSM	77777
	UM_2	1
	0.594072	1
	0.846693
PRED	O-SSM	77777
	UM_2	1
	0.566650	1
	0.141023
PRED	O-SSM	77777
	UM_2	1
	0.596673	1
	0.914354
PRED	O-SSM	77777
	UM_2	1
	0.621141	1
	1.558255
PRED	O-SSM	77777
	UM_2	0
	0.633127	1
	1.879441
PRED	O-SSM	77777
	UM_2	0
	0.576351	1
	0.389234
PRED	O-SSM	77777
	UM_2	0
	0.574175	1
	0.333426
PRED	O-SSM	77777
	UM_2	0
	0.598884	1
	0.971957
PRED	O-SSM	77777
	UM_2	0
	0.609879	1
	1.260096
PRED	O-SSM	77777
	OHSU	1
	0.348156	0
	0.721084
PRED	O-SSM	77777
	OHSU	1
	0.331656	0
	0.574740
PRED	O-SSM	77777
	OHSU	1
	0.413371	0
	1.272437
PRED	O-SSM	77777
	OHSU	1
	0.354937	0
	0.780269
PRED	O-SSM	77777
	OHSU	1
	0.344553	0
	0.689413
PRED	O-SSM	77777
	OHSU	0
	0.368385	0
	0.896177
PRED	O-SSM	77777
	OHSU	0
	0.389522	0
	1.074912
PRED	O-SSM	77777
	OHSU	0
	0.419510	0
	1.322702
PRED	O-SSM	77777
	OHSU	0
	0.410526	0
	1.249068
PRED	O-SSM	77777
	OHSU	0
	0.272552	0
	0.015623
  O-SSM    77777
   acc=46.500000% bal=46.500000% sites=20
/20
 test_n=200
 assoc=0.950040
PRED	O-SSM	88888
	NYU	1
	0.528547	1
	0.366727
PRED	O-SSM	88888
	NYU	1
	0.525638	1
	0.647166
PRED	O-SSM	88888
	NYU	1
	0.528229	1
	0.397333
PRED	O-SSM	88888
	NYU	1
	0.526289	1
	0.584444
PRED	O-SSM	88888
	NYU	1
	0.515483	1
	1.625160
PRED	O-SSM	88888
	NYU	0
	0.512154	1
	1.945471
PRED	O-SSM	88888
	NYU	0
	0.524730	1
	0.734720
PRED	O-SSM	88888
	NYU	0
	0.520232	1
	1.168006
PRED	O-SSM	88888
	NYU	0
	0.515364	1
	1.636614
PRED	O-SSM	88888
	NYU	0
	0.526137	1
	0.599094
PRED	O-SSM	88888
	UM_1	1
	0.801861	1
	1.635126
PRED	O-SSM	88888
	UM_1	1
	0.682343	1
	0.752042
PRED	O-SSM	88888
	UM_1	1
	0.678441	1
	0.727029
PRED	O-SSM	88888
	UM_1	1
	0.768796	1
	1.361253
PRED	O-SSM	88888
	UM_1	1
	0.609782	1
	0.308463
PRED	O-SSM	88888
	UM_1	0
	0.736226	1
	1.117160
PRED	O-SSM	88888
	UM_1	0
	0.569758	1
	0.077680
PRED	O-SSM	88888
	UM_1	0
	0.761638	1
	1.305700
PRED	O-SSM	88888
	UM_1	0
	0.654214	1
	0.575055
PRED	O-SSM	88888
	UM_1	0
	0.749346	1
	1.212915
PRED	O-SSM	88888
	UCLA_1	1
	0.757295	1
	1.210514
PRED	O-SSM	88888
	UCLA_1	1
	0.755836	1
	1.200403
PRED	O-SSM	88888
	UCLA_1	1
	0.739629	1
	1.090706
PRED	O-SSM	88888
	UCLA_1	1
	0.650863	1
	0.553097
PRED	O-SSM	88888
	UCLA_1	1
	0.757837	1
	1.214281
PRED	O-SSM	88888
	UCLA_1	0
	0.713539	1
	0.922986
PRED	O-SSM	88888
	UCLA_1	0
	0.793806	1
	1.478701
PRED	O-SSM	88888
	UCLA_1	0
	0.640619	1
	0.495933
PRED	O-SSM	88888
	UCLA_1	0
	0.765098	1
	1.265309
PRED	O-SSM	88888
	UCLA_1	0
	0.663633	1
	0.625455
PRED	O-SSM	88888
	YALE	1
	0.727737	1
	1.428121
PRED	O-SSM	88888
	YALE	1
	0.565517	1
	0.762094
PRED	O-SSM	88888
	YALE	1
	0.488077	0
	0.473982
PRED	O-SSM	88888
	YALE	1
	0.767157	1
	1.621707
PRED	O-SSM	88888
	YALE	1
	0.405229	0
	0.162970
PRED	O-SSM	88888
	YALE	0
	0.410956	0
	0.184915
PRED	O-SSM	88888
	YALE	0
	0.591529	1
	0.860858
PRED	O-SSM	88888
	YALE	0
	0.647551	1
	1.081145
PRED	O-SSM	88888
	YALE	0
	0.396209	0
	0.128202
PRED	O-SSM	88888
	YALE	0
	0.937382	1
	3.022748
PRED	O-SSM	88888
	PITT	1
	0.776645	1
	1.270648
PRED	O-SSM	88888
	PITT	1
	0.774693	1
	1.240122
PRED	O-SSM	88888
	PITT	1
	0.764546	1
	1.084326
PRED	O-SSM	88888
	PITT	1
	0.777799	1
	1.288793
PRED	O-SSM	88888
	PITT	1
	0.764789	1
	1.088003
PRED	O-SSM	88888
	PITT	0
	0.741802	1
	0.751148
PRED	O-SSM	88888
	PITT	0
	0.741670	1
	0.749275
PRED	O-SSM	88888
	PITT	0
	0.765395	1
	1.097191
PRED	O-SSM	88888
	PITT	0
	0.749825	1
	0.866343
PRED	O-SSM	88888
	PITT	0
	0.743558	1
	0.776148
PRED	O-SSM	88888
	USM	1
	0.307594	0
	0.314029
PRED	O-SSM	88888
	USM	1
	0.370922	0
	0.814923
PRED	O-SSM	88888
	USM	1
	0.301447	0
	0.262680
PRED	O-SSM	88888
	USM	1
	0.474874	0
	1.571528
PRED	O-SSM	88888
	USM	1
	0.469856	0
	1.535911
PRED	O-SSM	88888
	USM	0
	0.303884	0
	0.283106
PRED	O-SSM	88888
	USM	0
	0.351061	0
	0.662574
PRED	O-SSM	88888
	USM	0
	0.387431	0
	0.939005
PRED	O-SSM	88888
	USM	0
	0.333592	0
	0.525283
PRED	O-SSM	88888
	USM	0
	0.343730	0
	0.605366
PRED	O-SSM	88888
	MAX_MUN	1
	0.164868	0
	0.140212
PRED	O-SSM	88888
	MAX_MUN	1
	0.162211	0
	0.484394
PRED	O-SSM	88888
	MAX_MUN	1
	0.154137	0
	1.558806
PRED	O-SSM	88888
	MAX_MUN	1
	0.160753	0
	0.675112
PRED	O-SSM	88888
	MAX_MUN	1
	0.153392	0
	1.660297
PRED	O-SSM	88888
	MAX_MUN	0
	0.158024	0
	1.036005
PRED	O-SSM	88888
	MAX_MUN	0
	0.159576	0
	0.830123
PRED	O-SSM	88888
	MAX_MUN	0
	0.155437	0
	1.382773
PRED	O-SSM	88888
	MAX_MUN	0
	0.160529	0
	0.704559
PRED	O-SSM	88888
	MAX_MUN	0
	0.156492	0
	1.240754
PRED	O-SSM	88888
	TRINITY	1
	0.415506	0
	1.262705
PRED	O-SSM	88888
	TRINITY	1
	0.389138	0
	1.602330
PRED	O-SSM	88888
	TRINITY	1
	0.355998	0
	2.041516
PRED	O-SSM	88888
	TRINITY	1
	0.407302	0
	1.367613
PRED	O-SSM	88888
	TRINITY	1
	0.437639	0
	0.982489
PRED	O-SSM	88888
	TRINITY	0
	0.459767	0
	0.705467
PRED	O-SSM	88888
	TRINITY	0
	0.463206	0
	0.662615
PRED	O-SSM	88888
	TRINITY	0
	0.419306	0
	1.214316
PRED	O-SSM	88888
	TRINITY	0
	0.453189	0
	0.787549
PRED	O-SSM	88888
	TRINITY	0
	0.466741	0
	0.618614
PRED	O-SSM	88888
	KKI	1
	0.499810	0
	1.045275
PRED	O-SSM	88888
	KKI	1
	0.544936	1
	1.331506
PRED	O-SSM	88888
	KKI	1
	0.484844	0
	0.950573
PRED	O-SSM	88888
	KKI	1
	0.482445	0
	0.935378
PRED	O-SSM	88888
	KKI	1
	0.446377	0
	0.705954
PRED	O-SSM	88888
	KKI	0
	0.533203	1
	1.256822
PRED	O-SSM	88888
	KKI	0
	0.523583	1
	1.195771
PRED	O-SSM	88888
	KKI	0
	0.831036	1
	3.565745
PRED	O-SSM	88888
	KKI	0
	0.565430	1
	1.462770
PRED	O-SSM	88888
	KKI	0
	0.454538	0
	0.758095
PRED	O-SSM	88888
	STANFORD	1
	0.476254	0
	1.654517
PRED	O-SSM	88888
	STANFORD	1
	0.510533	1
	1.310346
PRED	O-SSM	88888
	STANFORD	1
	0.179087	0
	5.235654
PRED	O-SSM	88888
	STANFORD	1
	0.494436	0
	1.471895
PRED	O-SSM	88888
	STANFORD	1
	0.473145	0
	1.685803
PRED	O-SSM	88888
	STANFORD	0
	0.548502	1
	0.927815
PRED	O-SSM	88888
	STANFORD	0
	0.513807	1
	1.277474
PRED	O-SSM	88888
	STANFORD	0
	0.606444	1
	0.331320
PRED	O-SSM	88888
	STANFORD	0
	0.561800	1
	0.792724
PRED	O-SSM	88888
	STANFORD	0
	0.497781	0
	1.438322
PRED	O-SSM	88888
	CALTECH	1
	0.713918	1
	0.399507
PRED	O-SSM	88888
	CALTECH	1
	0.741474	1
	0.613048
PRED	O-SSM	88888
	CALTECH	1
	0.707851	1
	0.354207
PRED	O-SSM	88888
	CALTECH	1
	0.732531	1
	0.542241
PRED	O-SSM	88888
	CALTECH	1
	0.799276	1
	1.116573
PRED	O-SSM	88888
	CALTECH	0
	0.837916	1
	1.517126
PRED	O-SSM	88888
	CALTECH	0
	0.737616	1
	0.582308
PRED	O-SSM	88888
	CALTECH	0
	0.680760	1
	0.158250
PRED	O-SSM	88888
	CALTECH	0
	0.757335	1
	0.742683
PRED	O-SSM	88888
	CALTECH	0
	0.780719	1
	0.944834
PRED	O-SSM	88888
	LEUVEN_2	1
	0.578257	1
	1.056023
PRED	O-SSM	88888
	LEUVEN_2	1
	0.614375	1
	1.326072
PRED	O-SSM	88888
	LEUVEN_2	1
	0.472427	0
	0.289651
PRED	O-SSM	88888
	LEUVEN_2	1
	0.663893	1
	1.712744
PRED	O-SSM	88888
	LEUVEN_2	1
	0.510638	1
	0.564811
PRED	O-SSM	88888
	LEUVEN_2	0
	0.593154	1
	1.166475
PRED	O-SSM	88888
	LEUVEN_2	0
	0.652957	1
	1.625271
PRED	O-SSM	88888
	LEUVEN_2	0
	0.606963	1
	1.269989
PRED	O-SSM	88888
	LEUVEN_2	0
	0.616567	1
	1.342731
PRED	O-SSM	88888
	LEUVEN_2	0
	0.482858	0
	0.364860
PRED	O-SSM	88888
	OLIN	1
	0.279422	0
	1.048642
PRED	O-SSM	88888
	OLIN	1
	0.318390	0
	0.188316
PRED	O-SSM	88888
	OLIN	1
	0.316681	0
	0.224755
PRED	O-SSM	88888
	OLIN	1
	0.305363	0
	0.468881
PRED	O-SSM	88888
	OLIN	1
	0.309076	0
	0.388264
PRED	O-SSM	88888
	OLIN	0
	0.267189	0
	1.333347
PRED	O-SSM	88888
	OLIN	0
	0.318632	0
	0.183155
PRED	O-SSM	88888
	OLIN	0
	0.283895	0
	0.946478
PRED	O-SSM	88888
	OLIN	0
	0.309144	0
	0.386780
PRED	O-SSM	88888
	OLIN	0
	0.275932	0
	1.129077
PRED	O-SSM	88888
	SBL	1
	0.579521	1
	1.207689
PRED	O-SSM	88888
	SBL	1
	0.601255	1
	1.551145
PRED	O-SSM	88888
	SBL	1
	0.562948	1
	0.949125
PRED	O-SSM	88888
	SBL	1
	0.591976	1
	1.403825
PRED	O-SSM	88888
	SBL	1
	0.510114	1
	0.136559
PRED	O-SSM	88888
	SBL	0
	0.574696	1
	1.132155
PRED	O-SSM	88888
	SBL	0
	0.541578	1
	0.618870
PRED	O-SSM	88888
	SBL	0
	0.514279	1
	0.200240
PRED	O-SSM	88888
	SBL	0
	0.591265	1
	1.392579
PRED	O-SSM	88888
	SBL	0
	0.596183	1
	1.470482
PRED	O-SSM	88888
	LEUVEN_1	1
	0.483538	0
	1.056879
PRED	O-SSM	88888
	LEUVEN_1	1
	0.504022	1
	0.905540
PRED	O-SSM	88888
	LEUVEN_1	1
	0.458182	0
	1.244831
PRED	O-SSM	88888
	LEUVEN_1	1
	0.447299	0
	1.325940
PRED	O-SSM	88888
	LEUVEN_1	1
	0.510775	1
	0.855657
PRED	O-SSM	88888
	LEUVEN_1	0
	0.431121	0
	1.447232
PRED	O-SSM	88888
	LEUVEN_1	0
	0.384161	0
	1.806631
PRED	O-SSM	88888
	LEUVEN_1	0
	0.565834	1
	0.446169
PRED	O-SSM	88888
	LEUVEN_1	0
	0.412124	0
	1.591094
PRED	O-SSM	88888
	LEUVEN_1	0
	0.468814	0
	1.165883
PRED	O-SSM	88888
	SDSU	1
	0.448404	0
	0.369573
PRED	O-SSM	88888
	SDSU	1
	0.631018	1
	0.916858
PRED	O-SSM	88888
	SDSU	1
	0.533534	1
	0.620847
PRED	O-SSM	88888
	SDSU	1
	0.536220	1
	0.628794
PRED	O-SSM	88888
	SDSU	1
	0.768796	1
	1.406175
PRED	O-SSM	88888
	SDSU	0
	0.795175	1
	1.520153
PRED	O-SSM	88888
	SDSU	0
	0.912946	1
	2.251436
PRED	O-SSM	88888
	SDSU	0
	0.372529	0
	0.138313
PRED	O-SSM	88888
	SDSU	0
	0.915899	1
	2.279202
PRED	O-SSM	88888
	SDSU	0
	0.637858	1
	0.938562
PRED	O-SSM	88888
	CMU	1
	0.584244	1
	1.396232
PRED	O-SSM	88888
	CMU	1
	0.445021	0
	0.100386
PRED	O-SSM	88888
	CMU	1
	0.462215	0
	0.260642
PRED	O-SSM	88888
	CMU	1
	0.462655	0
	0.264730
PRED	O-SSM	88888
	CMU	1
	0.528792	1
	0.876705
PRED	O-SSM	88888
	CMU	0
	0.513821	1
	0.738126
PRED	O-SSM	88888
	CMU	0
	0.491372	0
	0.530683
PRED	O-SSM	88888
	CMU	0
	0.448196	0
	0.130059
PRED	O-SSM	88888
	CMU	0
	0.503470	1
	0.642463
PRED	O-SSM	88888
	CMU	0
	0.535340	1
	0.937452
PRED	O-SSM	88888
	UCLA_2	1
	0.219865	0
	1.435143
PRED	O-SSM	88888
	UCLA_2	1
	0.288310	0
	0.936886
PRED	O-SSM	88888
	UCLA_2	1
	0.256657	0
	1.156339
PRED	O-SSM	88888
	UCLA_2	1
	0.217699	0
	1.452551
PRED	O-SSM	88888
	UCLA_2	1
	0.402239	0
	0.240049
PRED	O-SSM	88888
	UCLA_2	0
	0.383442	0
	0.348284
PRED	O-SSM	88888
	UCLA_2	0
	0.281991	0
	0.979459
PRED	O-SSM	88888
	UCLA_2	0
	0.376002	0
	0.391659
PRED	O-SSM	88888
	UCLA_2	0
	0.300829	0
	0.854153
PRED	O-SSM	88888
	UCLA_2	0
	0.290201	0
	0.924256
PRED	O-SSM	88888
	UM_2	1
	0.679133	1
	1.694683
PRED	O-SSM	88888
	UM_2	1
	0.595206	1
	1.208383
PRED	O-SSM	88888
	UM_2	1
	0.393507	0
	0.116150
PRED	O-SSM	88888
	UM_2	1
	0.513196	1
	0.764168
PRED	O-SSM	88888
	UM_2	1
	0.673974	1
	1.663212
PRED	O-SSM	88888
	UM_2	0
	0.787110	1
	2.439375
PRED	O-SSM	88888
	UM_2	0
	0.446262	0
	0.405602
PRED	O-SSM	88888
	UM_2	0
	0.462446	0
	0.492762
PRED	O-SSM	88888
	UM_2	0
	0.571917	1
	1.080414
PRED	O-SSM	88888
	UM_2	0
	0.611875	1
	1.301393
PRED	O-SSM	88888
	OHSU	1
	0.651523	1
	1.034616
PRED	O-SSM	88888
	OHSU	1
	0.650233	1
	0.856224
PRED	O-SSM	88888
	OHSU	1
	0.656628	1
	1.743456
PRED	O-SSM	88888
	OHSU	1
	0.650556	1
	0.900943
PRED	O-SSM	88888
	OHSU	1
	0.650108	1
	0.838977
PRED	O-SSM	88888
	OHSU	0
	0.652994	1
	1.238268
PRED	O-SSM	88888
	OHSU	0
	0.651901	1
	1.086852
PRED	O-SSM	88888
	OHSU	0
	0.661248	1
	2.389211
PRED	O-SSM	88888
	OHSU	0
	0.665012	1
	2.918486
PRED	O-SSM	88888
	OHSU	0
	0.644252	1
	0.033309
  O-SSM    88888
   acc=47.500000% bal=47.500000% sites=20
/20
 test_n=200
 assoc=1.011739
PRED	O-SSM	33333
	NYU	1
	0.445519	0
	0.346429
PRED	O-SSM	33333
	NYU	1
	0.440735	0
	0.455153
PRED	O-SSM	33333
	NYU	1
	0.439454	0
	0.484314
PRED	O-SSM	33333
	NYU	1
	0.436888	0
	0.542760
PRED	O-SSM	33333
	NYU	1
	0.407558	0
	1.217201
PRED	O-SSM	33333
	NYU	0
	0.404390	0
	1.290870
PRED	O-SSM	33333
	NYU	0
	0.430663	0
	0.684894
PRED	O-SSM	33333
	NYU	0
	0.401079	0
	1.368068
PRED	O-SSM	33333
	NYU	0
	0.415235	0
	1.039414
PRED	O-SSM	33333
	NYU	0
	0.422638	0
	0.868856
PRED	O-SSM	33333
	UM_1	1
	0.476262	0
	1.360728
PRED	O-SSM	33333
	UM_1	1
	0.462980	0
	1.188212
PRED	O-SSM	33333
	UM_1	1
	0.434787	0
	0.819457
PRED	O-SSM	33333
	UM_1	1
	0.440745	0
	0.897766
PRED	O-SSM	33333
	UM_1	1
	0.390747	0
	0.231266
PRED	O-SSM	33333
	UM_1	0
	0.451346	0
	1.036559
PRED	O-SSM	33333
	UM_1	0
	0.379856	0
	0.082505
PRED	O-SSM	33333
	UM_1	0
	0.437999	0
	0.861699
PRED	O-SSM	33333
	UM_1	0
	0.440366	0
	0.892784
PRED	O-SSM	33333
	UM_1	0
	0.462771	0
	1.185492
PRED	O-SSM	33333
	UCLA_1	1
	0.467529	0
	1.102654
PRED	O-SSM	33333
	UCLA_1	1
	0.488607	0
	1.374201
PRED	O-SSM	33333
	UCLA_1	1
	0.481026	0
	1.276646
PRED	O-SSM	33333
	UCLA_1	1
	0.422133	0
	0.511410
PRED	O-SSM	33333
	UCLA_1	1
	0.444785	0
	0.807929
PRED	O-SSM	33333
	UCLA_1	0
	0.445232	0
	0.813746
PRED	O-SSM	33333
	UCLA_1	0
	0.477340	0
	1.229173
PRED	O-SSM	33333
	UCLA_1	0
	0.435325	0
	0.684534
PRED	O-SSM	33333
	UCLA_1	0
	0.489524	0
	1.385995
PRED	O-SSM	33333
	UCLA_1	0
	0.447736	0
	0.846307
PRED	O-SSM	33333
	YALE	1
	0.213668	0
	1.272109
PRED	O-SSM	33333
	YALE	1
	0.223075	0
	0.605733
PRED	O-SSM	33333
	YALE	1
	0.225808	0
	0.415922
PRED	O-SSM	33333
	YALE	1
	0.208394	0
	1.655103
PRED	O-SSM	33333
	YALE	1
	0.229769	0
	0.143616
PRED	O-SSM	33333
	YALE	0
	0.229992	0
	0.128444
PRED	O-SSM	33333
	YALE	0
	0.222068	0
	0.676062
PRED	O-SSM	33333
	YALE	0
	0.212984	0
	1.321387
PRED	O-SSM	33333
	YALE	0
	0.228992	0
	0.196753
PRED	O-SSM	33333
	YALE	0
	0.201641	0
	2.156060
PRED	O-SSM	33333
	PITT	1
	0.227283	0
	1.286122
PRED	O-SSM	33333
	PITT	1
	0.105742	0
	2.384423
PRED	O-SSM	33333
	PITT	1
	0.205284	0
	1.442646
PRED	O-SSM	33333
	PITT	1
	0.187389	0
	1.579416
PRED	O-SSM	33333
	PITT	1
	0.278747	0
	0.957049
PRED	O-SSM	33333
	PITT	0
	0.262795	0
	1.054441
PRED	O-SSM	33333
	PITT	0
	0.301485	0
	0.823935
PRED	O-SSM	33333
	PITT	0
	0.214456	0
	1.375977
PRED	O-SSM	33333
	PITT	0
	0.304883	0
	0.804548
PRED	O-SSM	33333
	PITT	0
	0.290431	0
	0.887878
PRED	O-SSM	33333
	USM	1
	0.395123	0
	0.322295
PRED	O-SSM	33333
	USM	1
	0.247150	0
	0.875812
PRED	O-SSM	33333
	USM	1
	0.421056	0
	0.235904
PRED	O-SSM	33333
	USM	1
	0.121207	0
	1.573438
PRED	O-SSM	33333
	USM	1
	0.180632	0
	1.196156
PRED	O-SSM	33333
	USM	0
	0.399675	0
	0.307002
PRED	O-SSM	33333
	USM	0
	0.263452	0
	0.806812
PRED	O-SSM	33333
	USM	0
	0.241325	0
	0.901199
PRED	O-SSM	33333
	USM	0
	0.299861	0
	0.661893
PRED	O-SSM	33333
	USM	0
	0.098640	0
	1.759585
PRED	O-SSM	33333
	MAX_MUN	1
	0.212750	0
	0.158813
PRED	O-SSM	33333
	MAX_MUN	1
	0.247583	0
	0.419993
PRED	O-SSM	33333
	MAX_MUN	1
	0.489872	0
	1.840787
PRED	O-SSM	33333
	MAX_MUN	1
	0.280355	0
	0.643976
PRED	O-SSM	33333
	MAX_MUN	1
	0.484355	0
	1.811491
PRED	O-SSM	33333
	MAX_MUN	0
	0.360626	0
	1.134877
PRED	O-SSM	33333
	MAX_MUN	0
	0.284165	0
	0.668925
PRED	O-SSM	33333
	MAX_MUN	0
	0.437844	0
	1.563000
PRED	O-SSM	33333
	MAX_MUN	0
	0.299861	0
	0.769656
PRED	O-SSM	33333
	MAX_MUN	0
	0.407237	0
	1.396539
PRED	O-SSM	33333
	TRINITY	1
	0.256433	0
	1.789969
PRED	O-SSM	33333
	TRINITY	1
	0.342013	0
	1.249023
PRED	O-SSM	33333
	TRINITY	1
	0.293585	0
	1.543987
PRED	O-SSM	33333
	TRINITY	1
	0.317681	0
	1.394213
PRED	O-SSM	33333
	TRINITY	1
	0.407383	0
	0.880426
PRED	O-SSM	33333
	TRINITY	0
	0.435439	0
	0.728653
PRED	O-SSM	33333
	TRINITY	0
	0.447386	0
	0.664761
PRED	O-SSM	33333
	TRINITY	0
	0.358232	0
	1.155018
PRED	O-SSM	33333
	TRINITY	0
	0.415521	0
	0.836113
PRED	O-SSM	33333
	TRINITY	0
	0.504316	1
	0.363467
PRED	O-SSM	33333
	KKI	1
	0.626925	1
	1.255529
PRED	O-SSM	33333
	KKI	1
	0.640580	1
	1.335458
PRED	O-SSM	33333
	KKI	1
	0.489314	0
	0.492329
PRED	O-SSM	33333
	KKI	1
	0.565983	1
	0.911058
PRED	O-SSM	33333
	KKI	1
	0.495636	0
	0.526692
PRED	O-SSM	33333
	KKI	0
	0.619741	1
	1.213959
PRED	O-SSM	33333
	KKI	0
	0.601815	1
	1.111508
PRED	O-SSM	33333
	KKI	0
	0.674844	1
	1.542347
PRED	O-SSM	33333
	KKI	0
	0.602092	1
	1.113081
PRED	O-SSM	33333
	KKI	0
	0.622139	1
	1.227800
PRED	O-SSM	33333
	STANFORD	1
	0.699203	1
	1.946488
PRED	O-SSM	33333
	STANFORD	1
	0.642345	1
	1.557350
PRED	O-SSM	33333
	STANFORD	1
	0.974650	1
	6.179281
PRED	O-SSM	33333
	STANFORD	1
	0.646631	1
	1.585571
PRED	O-SSM	33333
	STANFORD	1
	0.591037	1
	1.229532
PRED	O-SSM	33333
	STANFORD	0
	0.521723	1
	0.805154
PRED	O-SSM	33333
	STANFORD	0
	0.516811	1
	0.775471
PRED	O-SSM	33333
	STANFORD	0
	0.449355	0
	0.367328
PRED	O-SSM	33333
	STANFORD	0
	0.505041	1
	0.704411
PRED	O-SSM	33333
	STANFORD	0
	0.610648	1
	1.352911
PRED	O-SSM	33333
	CALTECH	1
	0.556197	1
	0.520111
PRED	O-SSM	33333
	CALTECH	1
	0.565354	1
	0.640146
PRED	O-SSM	33333
	CALTECH	1
	0.551981	1
	0.465021
PRED	O-SSM	33333
	CALTECH	1
	0.572047	1
	0.728262
PRED	O-SSM	33333
	CALTECH	1
	0.609496	1
	1.228670
PRED	O-SSM	33333
	CALTECH	0
	0.621849	1
	1.397235
PRED	O-SSM	33333
	CALTECH	0
	0.577326	1
	0.797990
PRED	O-SSM	33333
	CALTECH	0
	0.528458	1
	0.159183
PRED	O-SSM	33333
	CALTECH	0
	0.573994	1
	0.753955
PRED	O-SSM	33333
	CALTECH	0
	0.595326	1
	1.037635
PRED	O-SSM	33333
	LEUVEN_2	1
	0.683958	1
	1.387596
PRED	O-SSM	33333
	LEUVEN_2	1
	0.585440	1
	0.973788
PRED	O-SSM	33333
	LEUVEN_2	1
	0.394894	0
	0.225476
PRED	O-SSM	33333
	LEUVEN_2	1
	0.784841	1
	1.893700
PRED	O-SSM	33333
	LEUVEN_2	1
	0.492904	0
	0.611686
PRED	O-SSM	33333
	LEUVEN_2	0
	0.645957	1
	1.222113
PRED	O-SSM	33333
	LEUVEN_2	0
	0.609803	1
	1.072021
PRED	O-SSM	33333
	LEUVEN_2	0
	0.744936	1
	1.678183
PRED	O-SSM	33333
	LEUVEN_2	0
	0.680026	1
	1.370021
PRED	O-SSM	33333
	LEUVEN_2	0
	0.424173	0
	0.342893
PRED	O-SSM	33333
	OLIN	1
	0.510484	1
	1.156388
PRED	O-SSM	33333
	OLIN	1
	0.544071	1
	0.233657
PRED	O-SSM	33333
	OLIN	1
	0.542679	1
	0.272059
PRED	O-SSM	33333
	OLIN	1
	0.536788	1
	0.434406
PRED	O-SSM	33333
	OLIN	1
	0.541722	1
	0.298450
PRED	O-SSM	33333
	OLIN	0
	0.496846	0
	1.529856
PRED	O-SSM	33333
	OLIN	0
	0.543907	1
	0.238188
PRED	O-SSM	33333
	OLIN	0
	0.513564	1
	1.072006
PRED	O-SSM	33333
	OLIN	0
	0.538665	1
	0.382711
PRED	O-SSM	33333
	OLIN	0
	0.503510	1
	1.347392
PRED	O-SSM	33333
	SBL	1
	0.450528	0
	1.275830
PRED	O-SSM	33333
	SBL	1
	0.465914	0
	1.056639
PRED	O-SSM	33333
	SBL	1
	0.459962	0
	1.141299
PRED	O-SSM	33333
	SBL	1
	0.441141	0
	1.410209
PRED	O-SSM	33333
	SBL	1
	0.533163	1
	0.103887
PRED	O-SSM	33333
	SBL	0
	0.450857	0
	1.271137
PRED	O-SSM	33333
	SBL	0
	0.487624	0
	0.748811
PRED	O-SSM	33333
	SBL	0
	0.528179	1
	0.174661
PRED	O-SSM	33333
	SBL	0
	0.460126	0
	1.138959
PRED	O-SSM	33333
	SBL	0
	0.460004	0
	1.140699
PRED	O-SSM	33333
	LEUVEN_1	1
	0.435939	0
	0.786238
PRED	O-SSM	33333
	LEUVEN_1	1
	0.419384	0
	0.480042
PRED	O-SSM	33333
	LEUVEN_1	1
	0.489052	0
	1.754326
PRED	O-SSM	33333
	LEUVEN_1	1
	0.444341	0
	0.940583
PRED	O-SSM	33333
	LEUVEN_1	1
	0.465880	0
	1.333819
PRED	O-SSM	33333
	LEUVEN_1	0
	0.468425	0
	1.380093
PRED	O-SSM	33333
	LEUVEN_1	0
	0.429912	0
	0.675105
PRED	O-SSM	33333
	LEUVEN_1	0
	0.410644	0
	0.317074
PRED	O-SSM	33333
	LEUVEN_1	0
	0.449489	0
	1.034866
PRED	O-SSM	33333
	LEUVEN_1	0
	0.459110	0
	1.210540
PRED	O-SSM	33333
	SDSU	1
	0.463917	0
	0.624872
PRED	O-SSM	33333
	SDSU	1
	0.500603	1
	0.828282
PRED	O-SSM	33333
	SDSU	1
	0.446656	0
	0.528548
PRED	O-SSM	33333
	SDSU	1
	0.458565	0
	0.595066
PRED	O-SSM	33333
	SDSU	1
	0.652944	1
	1.699504
PRED	O-SSM	33333
	SDSU	0
	0.500138	1
	0.825705
PRED	O-SSM	33333
	SDSU	0
	0.668630	1
	1.796354
PRED	O-SSM	33333
	SDSU	0
	0.382595	0
	0.162738
PRED	O-SSM	33333
	SDSU	0
	0.768790	1
	2.487550
PRED	O-SSM	33333
	SDSU	0
	0.492520	0
	0.783536
PRED	O-SSM	33333
	CMU	1
	0.358367	0
	1.590960
PRED	O-SSM	33333
	CMU	1
	0.476042	0
	0.114021
PRED	O-SSM	33333
	CMU	1
	0.459632	0
	0.314118
PRED	O-SSM	33333
	CMU	1
	0.463612	0
	0.265508
PRED	O-SSM	33333
	CMU	1
	0.421690	0
	0.781639
PRED	O-SSM	33333
	CMU	0
	0.434768	0
	0.619492
PRED	O-SSM	33333
	CMU	0
	0.444254	0
	0.502596
PRED	O-SSM	33333
	CMU	0
	0.471865	0
	0.164886
PRED	O-SSM	33333
	CMU	0
	0.431676	0
	0.657720
PRED	O-SSM	33333
	CMU	0
	0.413673	0
	0.881693
PRED	O-SSM	33333
	UCLA_2	1
	0.466298	0
	1.049496
PRED	O-SSM	33333
	UCLA_2	1
	0.482102	0
	1.156992
PRED	O-SSM	33333
	UCLA_2	1
	0.437384	0
	0.851466
PRED	O-SSM	33333
	UCLA_2	1
	0.497479	0
	1.261351
PRED	O-SSM	33333
	UCLA_2	1
	0.349402	0
	0.224219
PRED	O-SSM	33333
	UCLA_2	0
	0.351047	0
	0.236478
PRED	O-SSM	33333
	UCLA_2	0
	0.413842	0
	0.688132
PRED	O-SSM	33333
	UCLA_2	0
	0.356123	0
	0.274135
PRED	O-SSM	33333
	UCLA_2	0
	0.429738	0
	0.798671
PRED	O-SSM	33333
	UCLA_2	0
	0.487952	0
	1.196710
PRED	O-SSM	33333
	UM_2	1
	0.109966	0
	2.356772
PRED	O-SSM	33333
	UM_2	1
	0.150334	0
	1.579145
PRED	O-SSM	33333
	UM_2	1
	0.259461	0
	0.099658
PRED	O-SSM	33333
	UM_2	1
	0.213905	0
	0.647035
PRED	O-SSM	33333
	UM_2	1
	0.133862	0
	1.872040
PRED	O-SSM	33333
	UM_2	0
	0.135988	0
	1.832585
PRED	O-SSM	33333
	UM_2	0
	0.227781	0
	0.472369
PRED	O-SSM	33333
	UM_2	0
	0.222925	0
	0.532607
PRED	O-SSM	33333
	UM_2	0
	0.164264	0
	1.351457
PRED	O-SSM	33333
	UM_2	0
	0.162390	0
	1.381150
PRED	O-SSM	33333
	OHSU	1
	0.547715	1
	1.450291
PRED	O-SSM	33333
	OHSU	1
	0.455396	0
	0.933082
PRED	O-SSM	33333
	OHSU	1
	0.563850	1
	1.541576
PRED	O-SSM	33333
	OHSU	1
	0.418519	0
	0.723640
PRED	O-SSM	33333
	OHSU	1
	0.495731	0
	1.159076
PRED	O-SSM	33333
	OHSU	0
	0.449143	0
	0.897825
PRED	O-SSM	33333
	OHSU	0
	0.504929	1
	1.210458
PRED	O-SSM	33333
	OHSU	0
	0.677242	1
	2.217989
PRED	O-SSM	33333
	OHSU	0
	0.602321	1
	1.762720
PRED	O-SSM	33333
	OHSU	0
	0.305536	0
	0.036204
  O-SSM    33333
   acc=48.000000% bal=48.000000% sites=20
/20
 test_n=200
 assoc=0.989036
PRED	O-SSM	12321
	NYU	1
	0.693395	1
	0.399961
PRED	O-SSM	12321
	NYU	1
	0.703278	1
	0.503420
PRED	O-SSM	12321
	NYU	1
	0.693582	1
	0.401908
PRED	O-SSM	12321
	NYU	1
	0.714942	1
	0.628120
PRED	O-SSM	12321
	NYU	1
	0.793036	1
	1.562659
PRED	O-SSM	12321
	NYU	0
	0.759241	1
	1.133113
PRED	O-SSM	12321
	NYU	0
	0.735395	1
	0.854498
PRED	O-SSM	12321
	NYU	0
	0.794622	1
	1.584025
PRED	O-SSM	12321
	NYU	0
	0.761820	1
	1.164337
PRED	O-SSM	12321
	NYU	0
	0.733066	1
	0.828170
PRED	O-SSM	12321
	UM_1	1
	0.603377	1
	1.093289
PRED	O-SSM	12321
	UM_1	1
	0.551434	1
	0.819389
PRED	O-SSM	12321
	UM_1	1
	0.525291	1
	0.684145
PRED	O-SSM	12321
	UM_1	1
	0.616298	1
	1.163098
PRED	O-SSM	12321
	UM_1	1
	0.455775	0
	0.326023
PRED	O-SSM	12321
	UM_1	0
	0.600603	1
	1.078411
PRED	O-SSM	12321
	UM_1	0
	0.410301	0
	0.087770
PRED	O-SSM	12321
	UM_1	0
	0.623243	1
	1.200981
PRED	O-SSM	12321
	UM_1	0
	0.540644	1
	0.763434
PRED	O-SSM	12321
	UM_1	0
	0.621358	1
	1.190673
PRED	O-SSM	12321
	UCLA_1	1
	0.537341	1
	0.842595
PRED	O-SSM	12321
	UCLA_1	1
	0.521210	1
	1.430912
PRED	O-SSM	12321
	UCLA_1	1
	0.536043	1
	0.889996
PRED	O-SSM	12321
	UCLA_1	1
	0.549518	1
	0.396618
PRED	O-SSM	12321
	UCLA_1	1
	0.540100	1
	0.741692
PRED	O-SSM	12321
	UCLA_1	0
	0.546475	1
	0.508256
PRED	O-SSM	12321
	UCLA_1	0
	0.539108	1
	0.777986
PRED	O-SSM	12321
	UCLA_1	0
	0.544810	1
	0.569266
PRED	O-SSM	12321
	UCLA_1	0
	0.532173	1
	1.031316
PRED	O-SSM	12321
	UCLA_1	0
	0.538981	1
	0.782608
PRED	O-SSM	12321
	YALE	1
	0.670505	1
	1.499216
PRED	O-SSM	12321
	YALE	1
	0.608054	1
	0.714444
PRED	O-SSM	12321
	YALE	1
	0.571833	1
	0.281155
PRED	O-SSM	12321
	YALE	1
	0.693097	1
	1.800506
PRED	O-SSM	12321
	YALE	1
	0.558565	1
	0.124982
PRED	O-SSM	12321
	YALE	0
	0.560564	1
	0.148440
PRED	O-SSM	12321
	YALE	0
	0.583632	1
	0.421049
PRED	O-SSM	12321
	YALE	0
	0.660850	1
	1.373742
PRED	O-SSM	12321
	YALE	0
	0.558818	1
	0.127950
PRED	O-SSM	12321
	YALE	0
	0.742959	1
	2.514244
PRED	O-SSM	12321
	PITT	1
	0.748118	1
	1.182694
PRED	O-SSM	12321
	PITT	1
	0.756548	1
	1.694229
PRED	O-SSM	12321
	PITT	1
	0.748053	1
	1.178826
PRED	O-SSM	12321
	PITT	1
	0.750261	1
	1.311667
PRED	O-SSM	12321
	PITT	1
	0.752044	1
	1.419494
PRED	O-SSM	12321
	PITT	0
	0.745713	1
	1.038888
PRED	O-SSM	12321
	PITT	0
	0.742868	1
	0.869898
PRED	O-SSM	12321
	PITT	0
	0.748837	1
	1.225918
PRED	O-SSM	12321
	PITT	0
	0.743921	1
	0.932298
PRED	O-SSM	12321
	PITT	0
	0.744479	1
	0.965427
PRED	O-SSM	12321
	USM	1
	0.381189	0
	0.333615
PRED	O-SSM	12321
	USM	1
	0.387048	0
	0.736729
PRED	O-SSM	12321
	USM	1
	0.380118	0
	0.259637
PRED	O-SSM	12321
	USM	1
	0.391799	0
	1.061996
PRED	O-SSM	12321
	USM	1
	0.393031	0
	1.146138
PRED	O-SSM	12321
	USM	0
	0.380432	0
	0.281322
PRED	O-SSM	12321
	USM	0
	0.386390	0
	0.691574
PRED	O-SSM	12321
	USM	0
	0.395571	0
	1.319232
PRED	O-SSM	12321
	USM	0
	0.383180	0
	0.470875
PRED	O-SSM	12321
	USM	0
	0.390390	0
	0.965727
PRED	O-SSM	12321
	MAX_MUN	1
	0.663990	1
	0.162813
PRED	O-SSM	12321
	MAX_MUN	1
	0.747396	1
	0.626296
PRED	O-SSM	12321
	MAX_MUN	1
	0.875048	1
	1.615590
PRED	O-SSM	12321
	MAX_MUN	1
	0.735081	1
	0.552560
PRED	O-SSM	12321
	MAX_MUN	1
	0.821437	1
	1.133058
PRED	O-SSM	12321
	MAX_MUN	0
	0.797601	1
	0.955372
PRED	O-SSM	12321
	MAX_MUN	0
	0.770854	1
	0.773694
PRED	O-SSM	12321
	MAX_MUN	0
	0.840930	1
	1.292722
PRED	O-SSM	12321
	MAX_MUN	0
	0.807381	1
	1.026238
PRED	O-SSM	12321
	MAX_MUN	0
	0.857663	1
	1.442970
PRED	O-SSM	12321
	TRINITY	1
	0.180414	0
	1.544849
PRED	O-SSM	12321
	TRINITY	1
	0.218159	0
	1.260747
PRED	O-SSM	12321
	TRINITY	1
	0.217357	0
	1.266393
PRED	O-SSM	12321
	TRINITY	1
	0.233426	0
	1.156075
PRED	O-SSM	12321
	TRINITY	1
	0.209185	0
	1.324749
PRED	O-SSM	12321
	TRINITY	0
	0.321402	0
	0.626828
PRED	O-SSM	12321
	TRINITY	0
	0.327258	0
	0.594806
PRED	O-SSM	12321
	TRINITY	0
	0.217173	0
	1.267687
PRED	O-SSM	12321
	TRINITY	0
	0.308295	0
	0.699632
PRED	O-SSM	12321
	TRINITY	0
	0.336017	0
	0.547457
PRED	O-SSM	12321
	KKI	1
	0.468253	0
	1.027193
PRED	O-SSM	12321
	KKI	1
	0.474894	0
	1.149600
PRED	O-SSM	12321
	KKI	1
	0.464393	0
	0.955964
PRED	O-SSM	12321
	KKI	1
	0.461857	0
	0.909110
PRED	O-SSM	12321
	KKI	1
	0.478096	0
	1.208553
PRED	O-SSM	12321
	KKI	0
	0.487554	0
	1.382536
PRED	O-SSM	12321
	KKI	0
	0.465910	0
	0.983970
PRED	O-SSM	12321
	KKI	0
	0.500278	1
	1.616346
PRED	O-SSM	12321
	KKI	0
	0.518586	1
	1.952869
PRED	O-SSM	12321
	KKI	0
	0.467492	0
	1.013150
PRED	O-SSM	12321
	STANFORD	1
	0.576768	1
	2.117505
PRED	O-SSM	12321
	STANFORD	1
	0.646816	1
	1.168577
PRED	O-SSM	12321
	STANFORD	1
	0.305443	0
	5.748874
PRED	O-SSM	12321
	STANFORD	1
	0.612186	1
	1.645563
PRED	O-SSM	12321
	STANFORD	1
	0.631286	1
	1.384771
PRED	O-SSM	12321
	STANFORD	0
	0.641994	1
	1.236146
PRED	O-SSM	12321
	STANFORD	0
	0.592190	1
	1.913606
PRED	O-SSM	12321
	STANFORD	0
	0.689865	1
	0.544366
PRED	O-SSM	12321
	STANFORD	0
	0.658877	1
	0.997698
PRED	O-SSM	12321
	STANFORD	0
	0.653475	1
	1.074577
PRED	O-SSM	12321
	CALTECH	1
	0.570181	1
	0.547509
PRED	O-SSM	12321
	CALTECH	1
	0.571420	1
	0.569151
PRED	O-SSM	12321
	CALTECH	1
	0.560345	1
	0.376351
PRED	O-SSM	12321
	CALTECH	1
	0.566156	1
	0.477361
PRED	O-SSM	12321
	CALTECH	1
	0.606283	1
	1.185199
PRED	O-SSM	12321
	CALTECH	0
	0.608839	1
	1.231036
PRED	O-SSM	12321
	CALTECH	0
	0.584604	1
	0.800284
PRED	O-SSM	12321
	CALTECH	0
	0.547802	1
	0.159269
PRED	O-SSM	12321
	CALTECH	0
	0.607258	1
	1.202658
PRED	O-SSM	12321
	CALTECH	0
	0.591732	1
	0.926122
PRED	O-SSM	12321
	LEUVEN_2	1
	0.424598	0
	1.813063
PRED	O-SSM	12321
	LEUVEN_2	1
	0.468128	0
	1.094065
PRED	O-SSM	12321
	LEUVEN_2	1
	0.514133	1
	0.342675
PRED	O-SSM	12321
	LEUVEN_2	1
	0.423471	0
	1.831881
PRED	O-SSM	12321
	LEUVEN_2	1
	0.506128	1
	0.473339
PRED	O-SSM	12321
	LEUVEN_2	0
	0.473974	0
	0.998357
PRED	O-SSM	12321
	LEUVEN_2	0
	0.463463	0
	1.170539
PRED	O-SSM	12321
	LEUVEN_2	0
	0.451037	0
	1.374791
PRED	O-SSM	12321
	LEUVEN_2	0
	0.457890	0
	1.262039
PRED	O-SSM	12321
	LEUVEN_2	0
	0.515076	1
	0.327270
PRED	O-SSM	12321
	OLIN	1
	0.570941	1
	1.143456
PRED	O-SSM	12321
	OLIN	1
	0.340414	0
	0.144406
PRED	O-SSM	12321
	OLIN	1
	0.346844	0
	0.174476
PRED	O-SSM	12321
	OLIN	1
	0.377337	0
	0.313789
PRED	O-SSM	12321
	OLIN	1
	0.378744	0
	0.320101
PRED	O-SSM	12321
	OLIN	0
	0.617503	1
	1.347322
PRED	O-SSM	12321
	OLIN	0
	0.354657	0
	0.210669
PRED	O-SSM	12321
	OLIN	0
	0.486155	0
	0.783676
PRED	O-SSM	12321
	OLIN	0
	0.390983	0
	0.374635
PRED	O-SSM	12321
	OLIN	0
	0.543878	1
	1.027715
PRED	O-SSM	12321
	SBL	1
	0.673068	1
	1.684928
PRED	O-SSM	12321
	SBL	1
	0.668308	1
	1.626510
PRED	O-SSM	12321
	SBL	1
	0.607453	1
	0.911150
PRED	O-SSM	12321
	SBL	1
	0.662226	1
	1.552481
PRED	O-SSM	12321
	SBL	1
	0.539559	1
	0.157504
PRED	O-SSM	12321
	SBL	0
	0.645721	1
	1.354759
PRED	O-SSM	12321
	SBL	0
	0.597496	1
	0.798468
PRED	O-SSM	12321
	SBL	0
	0.547549	1
	0.244789
PRED	O-SSM	12321
	SBL	0
	0.635245	1
	1.231441
PRED	O-SSM	12321
	SBL	0
	0.634444	1
	1.222074
PRED	O-SSM	12321
	LEUVEN_1	1
	0.302664	0
	1.033488
PRED	O-SSM	12321
	LEUVEN_1	1
	0.285754	0
	0.538329
PRED	O-SSM	12321
	LEUVEN_1	1
	0.303429	0
	1.055502
PRED	O-SSM	12321
	LEUVEN_1	1
	0.313236	0
	1.335073
PRED	O-SSM	12321
	LEUVEN_1	1
	0.290772	0
	0.687023
PRED	O-SSM	12321
	LEUVEN_1	0
	0.318199	0
	1.474725
PRED	O-SSM	12321
	LEUVEN_1	0
	0.300263	0
	0.964163
PRED	O-SSM	12321
	LEUVEN_1	0
	0.282377	0
	0.437382
PRED	O-SSM	12321
	LEUVEN_1	0
	0.299321	0
	0.936910
PRED	O-SSM	12321
	LEUVEN_1	0
	0.308193	0
	1.191945
PRED	O-SSM	12321
	SDSU	1
	0.510545	1
	0.456950
PRED	O-SSM	12321
	SDSU	1
	0.515284	1
	0.608325
PRED	O-SSM	12321
	SDSU	1
	0.514326	1
	0.577724
PRED	O-SSM	12321
	SDSU	1
	0.508665	1
	0.396922
PRED	O-SSM	12321
	SDSU	1
	0.548822	1
	1.683731
PRED	O-SSM	12321
	SDSU	0
	0.547824	1
	1.651575
PRED	O-SSM	12321
	SDSU	0
	0.539263	1
	1.376202
PRED	O-SSM	12321
	SDSU	0
	0.499000	0
	0.088384
PRED	O-SSM	12321
	SDSU	0
	0.575929	1
	2.562918
PRED	O-SSM	12321
	SDSU	0
	0.522160	1
	0.828128
PRED	O-SSM	12321
	CMU	1
	0.397756	0
	1.169173
PRED	O-SSM	12321
	CMU	1
	0.419944	0
	0.065649
PRED	O-SSM	12321
	CMU	1
	0.415593	0
	0.280650
PRED	O-SSM	12321
	CMU	1
	0.416744	0
	0.223709
PRED	O-SSM	12321
	CMU	1
	0.405299	0
	0.791922
PRED	O-SSM	12321
	CMU	0
	0.409368	0
	0.589368
PRED	O-SSM	12321
	CMU	0
	0.412847	0
	0.416651
PRED	O-SSM	12321
	CMU	0
	0.418881	0
	0.118151
PRED	O-SSM	12321
	CMU	0
	0.401874	0
	0.962950
PRED	O-SSM	12321
	CMU	0
	0.401400	0
	0.986625
PRED	O-SSM	12321
	UCLA_2	1
	0.584081	1
	0.805055
PRED	O-SSM	12321
	UCLA_2	1
	0.588811	1
	0.966720
PRED	O-SSM	12321
	UCLA_2	1
	0.585378	1
	0.849336
PRED	O-SSM	12321
	UCLA_2	1
	0.601056	1
	1.387952
PRED	O-SSM	12321
	UCLA_2	1
	0.564605	1
	0.144589
PRED	O-SSM	12321
	UCLA_2	0
	0.569600	1
	0.313232
PRED	O-SSM	12321
	UCLA_2	0
	0.585127	1
	0.840741
PRED	O-SSM	12321
	UCLA_2	0
	0.569785	1
	0.319513
PRED	O-SSM	12321
	UCLA_2	0
	0.582943	1
	0.766238
PRED	O-SSM	12321
	UCLA_2	0
	0.585437	1
	0.851359
PRED	O-SSM	12321
	UM_2	1
	0.366339	0
	2.139093
PRED	O-SSM	12321
	UM_2	1
	0.431112	0
	1.302058
PRED	O-SSM	12321
	UM_2	1
	0.525709	1
	0.126035
PRED	O-SSM	12321
	UM_2	1
	0.463158	0
	0.900978
PRED	O-SSM	12321
	UM_2	1
	0.406695	0
	1.612354
PRED	O-SSM	12321
	UM_2	0
	0.411922	0
	1.545491
PRED	O-SSM	12321
	UM_2	0
	0.500453	1
	0.438768
PRED	O-SSM	12321
	UM_2	0
	0.498908	0
	0.457876
PRED	O-SSM	12321
	UM_2	0
	0.439474	0
	1.196841
PRED	O-SSM	12321
	UM_2	0
	0.471790	0
	0.793738
PRED	O-SSM	12321
	OHSU	1
	0.437003	0
	1.240385
PRED	O-SSM	12321
	OHSU	1
	0.411744	0
	0.678037
PRED	O-SSM	12321
	OHSU	1
	0.473478	0
	2.040450
PRED	O-SSM	12321
	OHSU	1
	0.417039	0
	0.796685
PRED	O-SSM	12321
	OHSU	1
	0.421713	0
	0.901053
PRED	O-SSM	12321
	OHSU	0
	0.438174	0
	1.266252
PRED	O-SSM	12321
	OHSU	0
	0.429599	0
	1.076438
PRED	O-SSM	12321
	OHSU	0
	0.483500	0
	2.258824
PRED	O-SSM	12321
	OHSU	0
	0.454354	0
	1.622296
PRED	O-SSM	12321
	OHSU	0
	0.383195	0
	0.029656
  O-SSM    12321
   acc=49.000000% bal=49.000000% sites=20
/20
 test_n=200
 assoc=0.966888
PRED	O-SSM	24680
	NYU	1
	0.446029	0
	0.271521
PRED	O-SSM	24680
	NYU	1
	0.525023	1
	0.560758
PRED	O-SSM	24680
	NYU	1
	0.489547	0
	0.431162
PRED	O-SSM	24680
	NYU	1
	0.556437	1
	0.676252
PRED	O-SSM	24680
	NYU	1
	0.686500	1
	1.184709
PRED	O-SSM	24680
	NYU	0
	0.648073	1
	1.026605
PRED	O-SSM	24680
	NYU	0
	0.560573	1
	0.691560
PRED	O-SSM	24680
	NYU	0
	0.694949	1
	1.220809
PRED	O-SSM	24680
	NYU	0
	0.639556	1
	0.992704
PRED	O-SSM	24680
	NYU	0
	0.500118	1
	0.469760
PRED	O-SSM	24680
	UM_1	1
	0.612020	1
	1.729814
PRED	O-SSM	24680
	UM_1	1
	0.541853	1
	1.045632
PRED	O-SSM	24680
	UM_1	1
	0.531046	1
	0.942381
PRED	O-SSM	24680
	UM_1	1
	0.604932	1
	1.659137
PRED	O-SSM	24680
	UM_1	1
	0.458018	0
	0.247122
PRED	O-SSM	24680
	UM_1	0
	0.543138	1
	1.057933
PRED	O-SSM	24680
	UM_1	0
	0.443851	0
	0.111188
PRED	O-SSM	24680
	UM_1	0
	0.564195	1
	1.260382
PRED	O-SSM	24680
	UM_1	0
	0.478508	0
	0.442638
PRED	O-SSM	24680
	UM_1	0
	0.547864	1
	1.103216
PRED	O-SSM	24680
	UCLA_1	1
	0.242539	0
	1.029228
PRED	O-SSM	24680
	UCLA_1	1
	0.220081	0
	1.147151
PRED	O-SSM	24680
	UCLA_1	1
	0.176146	0
	1.406054
PRED	O-SSM	24680
	UCLA_1	1
	0.379663	0
	0.424784
PRED	O-SSM	24680
	UCLA_1	1
	0.271280	0
	0.888648
PRED	O-SSM	24680
	UCLA_1	0
	0.302135	0
	0.747774
PRED	O-SSM	24680
	UCLA_1	0
	0.200482	0
	1.257333
PRED	O-SSM	24680
	UCLA_1	0
	0.339159	0
	0.589059
PRED	O-SSM	24680
	UCLA_1	0
	0.220254	0
	1.146212
PRED	O-SSM	24680
	UCLA_1	0
	0.319834	0
	0.670688
PRED	O-SSM	24680
	YALE	1
	0.353110	0
	1.233772
PRED	O-SSM	24680
	YALE	1
	0.356979	0
	0.634471
PRED	O-SSM	24680
	YALE	1
	0.356087	0
	0.772343
PRED	O-SSM	24680
	YALE	1
	0.349079	0
	1.861135
PRED	O-SSM	24680
	YALE	1
	0.360384	0
	0.109628
PRED	O-SSM	24680
	YALE	0
	0.359697	0
	0.215335
PRED	O-SSM	24680
	YALE	0
	0.358157	0
	0.452597
PRED	O-SSM	24680
	YALE	0
	0.354380	0
	1.036729
PRED	O-SSM	24680
	YALE	0
	0.360229	0
	0.133452
PRED	O-SSM	24680
	YALE	0
	0.348764	0
	1.910288
PRED	O-SSM	24680
	PITT	1
	0.908406	1
	1.593130
PRED	O-SSM	24680
	PITT	1
	0.936141	1
	1.987820
PRED	O-SSM	24680
	PITT	1
	0.857205	1
	1.086034
PRED	O-SSM	24680
	PITT	1
	0.881260	1
	1.300312
PRED	O-SSM	24680
	PITT	1
	0.825336	1
	0.844297
PRED	O-SSM	24680
	PITT	0
	0.861067	1
	1.118271
PRED	O-SSM	24680
	PITT	0
	0.866887	1
	1.168298
PRED	O-SSM	24680
	PITT	0
	0.873662	1
	1.228925
PRED	O-SSM	24680
	PITT	0
	0.808312	1
	0.729305
PRED	O-SSM	24680
	PITT	0
	0.839927	1
	0.950107
PRED	O-SSM	24680
	USM	1
	0.355156	0
	0.355289
PRED	O-SSM	24680
	USM	1
	0.235152	0
	0.844532
PRED	O-SSM	24680
	USM	1
	0.373521	0
	0.288731
PRED	O-SSM	24680
	USM	1
	0.196859	0
	1.034690
PRED	O-SSM	24680
	USM	1
	0.164682	0
	1.217427
PRED	O-SSM	24680
	USM	0
	0.390904	0
	0.226946
PRED	O-SSM	24680
	USM	0
	0.262418	0
	0.722006
PRED	O-SSM	24680
	USM	0
	0.088419	0
	1.812659
PRED	O-SSM	24680
	USM	0
	0.343398	0
	0.398707
PRED	O-SSM	24680
	USM	0
	0.147276	0
	1.328480
PRED	O-SSM	24680
	MAX_MUN	1
	0.507996	1
	0.164524
PRED	O-SSM	24680
	MAX_MUN	1
	0.555076	1
	0.425251
PRED	O-SSM	24680
	MAX_MUN	1
	0.792939	1
	1.970652
PRED	O-SSM	24680
	MAX_MUN	1
	0.594305	1
	0.646530
PRED	O-SSM	24680
	MAX_MUN	1
	0.780201	1
	1.866068
PRED	O-SSM	24680
	MAX_MUN	0
	0.663413	1
	1.055436
PRED	O-SSM	24680
	MAX_MUN	0
	0.553205	1
	0.414817
PRED	O-SSM	24680
	MAX_MUN	0
	0.764234	1
	1.740949
PRED	O-SSM	24680
	MAX_MUN	0
	0.671130	1
	1.103329
PRED	O-SSM	24680
	MAX_MUN	0
	0.700935	1
	1.294111
PRED	O-SSM	24680
	TRINITY	1
	0.713292	1
	1.213706
PRED	O-SSM	24680
	TRINITY	1
	0.611550	1
	0.707499
PRED	O-SSM	24680
	TRINITY	1
	0.811549	1
	1.820672
PRED	O-SSM	24680
	TRINITY	1
	0.767816	1
	1.528532
PRED	O-SSM	24680
	TRINITY	1
	0.708695	1
	1.188959
PRED	O-SSM	24680
	TRINITY	0
	0.600590	1
	0.656718
PRED	O-SSM	24680
	TRINITY	0
	0.610240	1
	0.701403
PRED	O-SSM	24680
	TRINITY	0
	0.666345	1
	0.970637
PRED	O-SSM	24680
	TRINITY	0
	0.625060	1
	0.770830
PRED	O-SSM	24680
	TRINITY	0
	0.542113	1
	0.392246
PRED	O-SSM	24680
	KKI	1
	0.641821	1
	1.245247
PRED	O-SSM	24680
	KKI	1
	0.608905	1
	0.987999
PRED	O-SSM	24680
	KKI	1
	0.582999	1
	0.791053
PRED	O-SSM	24680
	KKI	1
	0.590798	1
	0.849924
PRED	O-SSM	24680
	KKI	1
	0.551187	1
	0.553816
PRED	O-SSM	24680
	KKI	0
	0.669400	1
	1.468884
PRED	O-SSM	24680
	KKI	0
	0.622586	1
	1.093832
PRED	O-SSM	24680
	KKI	0
	0.744967	1
	2.139575
PRED	O-SSM	24680
	KKI	0
	0.702738	1
	1.752365
PRED	O-SSM	24680
	KKI	0
	0.598555	1
	0.908823
PRED	O-SSM	24680
	STANFORD	1
	0.265381	0
	1.466271
PRED	O-SSM	24680
	STANFORD	1
	0.296982	0
	1.144348
PRED	O-SSM	24680
	STANFORD	1
	0.071354	0
	4.650897
PRED	O-SSM	24680
	STANFORD	1
	0.230382	0
	1.852998
PRED	O-SSM	24680
	STANFORD	1
	0.244776	0
	1.689469
PRED	O-SSM	24680
	STANFORD	0
	0.336485	0
	0.768428
PRED	O-SSM	24680
	STANFORD	0
	0.303437	0
	1.081130
PRED	O-SSM	24680
	STANFORD	0
	0.368754	0
	0.477450
PRED	O-SSM	24680
	STANFORD	0
	0.333114	0
	0.799569
PRED	O-SSM	24680
	STANFORD	0
	0.280559	0
	1.308894
PRED	O-SSM	24680
	CALTECH	1
	0.380479	0
	0.490460
PRED	O-SSM	24680
	CALTECH	1
	0.380654	0
	0.488614
PRED	O-SSM	24680
	CALTECH	1
	0.376168	0
	0.536115
PRED	O-SSM	24680
	CALTECH	1
	0.371803	0
	0.582549
PRED	O-SSM	24680
	CALTECH	1
	0.333408	0
	1.001810
PRED	O-SSM	24680
	CALTECH	0
	0.327661	0
	1.066502
PRED	O-SSM	24680
	CALTECH	0
	0.370882	0
	0.592379
PRED	O-SSM	24680
	CALTECH	0
	0.410367	0
	0.178945
PRED	O-SSM	24680
	CALTECH	0
	0.365008	0
	0.655293
PRED	O-SSM	24680
	CALTECH	0
	0.344625	0
	0.877123
PRED	O-SSM	24680
	LEUVEN_2	1
	0.579658	1
	1.602873
PRED	O-SSM	24680
	LEUVEN_2	1
	0.541867	1
	1.264791
PRED	O-SSM	24680
	LEUVEN_2	1
	0.427151	0
	0.248712
PRED	O-SSM	24680
	LEUVEN_2	1
	0.653583	1
	2.293233
PRED	O-SSM	24680
	LEUVEN_2	1
	0.456260	0
	0.508768
PRED	O-SSM	24680
	LEUVEN_2	0
	0.512575	1
	1.005892
PRED	O-SSM	24680
	LEUVEN_2	0
	0.539509	1
	1.243875
PRED	O-SSM	24680
	LEUVEN_2	0
	0.541179	1
	1.258681
PRED	O-SSM	24680
	LEUVEN_2	0
	0.562886	1
	1.452040
PRED	O-SSM	24680
	LEUVEN_2	0
	0.435209	0
	0.321078
PRED	O-SSM	24680
	OLIN	1
	0.421828	0
	0.934727
PRED	O-SSM	24680
	OLIN	1
	0.328422	0
	0.198144
PRED	O-SSM	24680
	OLIN	1
	0.326429	0
	0.181481
PRED	O-SSM	24680
	OLIN	1
	0.342722	0
	0.316246
PRED	O-SSM	24680
	OLIN	1
	0.338581	0
	0.282302
PRED	O-SSM	24680
	OLIN	0
	0.543335	1
	1.835167
PRED	O-SSM	24680
	OLIN	0
	0.328060	0
	0.195119
PRED	O-SSM	24680
	OLIN	0
	0.429115	0
	0.989616
PRED	O-SSM	24680
	OLIN	0
	0.358653	0
	0.445080
PRED	O-SSM	24680
	OLIN	0
	0.447917	0
	1.130233
PRED	O-SSM	24680
	SBL	1
	0.381048	0
	1.452677
PRED	O-SSM	24680
	SBL	1
	0.402601	0
	1.056779
PRED	O-SSM	24680
	SBL	1
	0.398483	0
	1.131841
PRED	O-SSM	24680
	SBL	1
	0.377052	0
	1.526972
PRED	O-SSM	24680
	SBL	1
	0.453980	0
	0.137631
PRED	O-SSM	24680
	SBL	0
	0.401300	0
	1.080472
PRED	O-SSM	24680
	SBL	0
	0.432106	0
	0.525615
PRED	O-SSM	24680
	SBL	0
	0.447885	0
	0.245354
PRED	O-SSM	24680
	SBL	0
	0.384065	0
	1.396767
PRED	O-SSM	24680
	SBL	0
	0.400878	0
	1.088149
PRED	O-SSM	24680
	LEUVEN_1	1
	0.729513	1
	1.026193
PRED	O-SSM	24680
	LEUVEN_1	1
	0.728276	1
	0.829055
PRED	O-SSM	24680
	LEUVEN_1	1
	0.730059	1
	1.113293
PRED	O-SSM	24680
	LEUVEN_1	1
	0.729981	1
	1.100776
PRED	O-SSM	24680
	LEUVEN_1	1
	0.729222	1
	0.979759
PRED	O-SSM	24680
	LEUVEN_1	0
	0.730411	1
	1.169603
PRED	O-SSM	24680
	LEUVEN_1	0
	0.733685	1
	1.695000
PRED	O-SSM	24680
	LEUVEN_1	0
	0.726394	1
	0.530358
PRED	O-SSM	24680
	LEUVEN_1	0
	0.730640	1
	1.206157
PRED	O-SSM	24680
	LEUVEN_1	0
	0.732656	1
	1.529437
PRED	O-SSM	24680
	SDSU	1
	0.508344	1
	0.506640
PRED	O-SSM	24680
	SDSU	1
	0.566252	1
	0.859710
PRED	O-SSM	24680
	SDSU	1
	0.506169	1
	0.493470
PRED	O-SSM	24680
	SDSU	1
	0.522956	1
	0.595225
PRED	O-SSM	24680
	SDSU	1
	0.594379	1
	1.034617
PRED	O-SSM	24680
	SDSU	0
	0.641496	1
	1.337066
PRED	O-SSM	24680
	SDSU	0
	0.632778	1
	1.279973
PRED	O-SSM	24680
	SDSU	0
	0.444196	0
	0.116737
PRED	O-SSM	24680
	SDSU	0
	0.855425	1
	3.147761
PRED	O-SSM	24680
	SDSU	0
	0.578360	1
	0.934605
PRED	O-SSM	24680
	CMU	1
	0.838859	1
	1.297127
PRED	O-SSM	24680
	CMU	1
	0.669159	1
	0.115689
PRED	O-SSM	24680
	CMU	1
	0.696857	1
	0.275639
PRED	O-SSM	24680
	CMU	1
	0.697323	1
	0.278401
PRED	O-SSM	24680
	CMU	1
	0.792071	1
	0.906835
PRED	O-SSM	24680
	CMU	0
	0.751687	1
	0.619629
PRED	O-SSM	24680
	CMU	0
	0.748708	1
	0.599761
PRED	O-SSM	24680
	CMU	0
	0.675453	1
	0.151396
PRED	O-SSM	24680
	CMU	0
	0.757351	1
	0.657847
PRED	O-SSM	24680
	CMU	0
	0.804979	1
	1.007130
PRED	O-SSM	24680
	UCLA_2	1
	0.794098	1
	0.932316
PRED	O-SSM	24680
	UCLA_2	1
	0.803476	1
	1.100102
PRED	O-SSM	24680
	UCLA_2	1
	0.766370	1
	0.466876
PRED	O-SSM	24680
	UCLA_2	1
	0.802602	1
	1.084215
PRED	O-SSM	24680
	UCLA_2	1
	0.755339	1
	0.292545
PRED	O-SSM	24680
	UCLA_2	0
	0.753308	1
	0.261037
PRED	O-SSM	24680
	UCLA_2	0
	0.800864	1
	1.052770
PRED	O-SSM	24680
	UCLA_2	0
	0.756717	1
	0.314034
PRED	O-SSM	24680
	UCLA_2	0
	0.783362	1
	0.747031
PRED	O-SSM	24680
	UCLA_2	0
	0.798651	1
	1.013039
PRED	O-SSM	24680
	UM_2	1
	0.118301	0
	1.932603
PRED	O-SSM	24680
	UM_2	1
	0.220854	0
	0.815514
PRED	O-SSM	24680
	UM_2	1
	0.315737	0
	0.087742
PRED	O-SSM	24680
	UM_2	1
	0.224983	0
	0.779909
PRED	O-SSM	24680
	UM_2	1
	0.135988	0
	1.694232
PRED	O-SSM	24680
	UM_2	0
	0.188581	0
	1.112082
PRED	O-SSM	24680
	UM_2	0
	0.269095	0
	0.424975
PRED	O-SSM	24680
	UM_2	0
	0.283959	0
	0.313979
PRED	O-SSM	24680
	UM_2	0
	0.193092	0
	1.068450
PRED	O-SSM	24680
	UM_2	0
	0.173939	0
	1.259508
PRED	O-SSM	24680
	OHSU	1
	0.462076	0
	1.133224
PRED	O-SSM	24680
	OHSU	1
	0.446586	0
	0.916626
PRED	O-SSM	24680
	OHSU	1
	0.536177	1
	2.162552
PRED	O-SSM	24680
	OHSU	1
	0.419869	0
	0.539350
PRED	O-SSM	24680
	OHSU	1
	0.440544	0
	0.831765
PRED	O-SSM	24680
	OHSU	0
	0.484471	0
	1.444679
PRED	O-SSM	24680
	OHSU	0
	0.469699	0
	1.239417
PRED	O-SSM	24680
	OHSU	0
	0.519084	1
	1.924807
PRED	O-SSM	24680
	OHSU	0
	0.524963	1
	2.006475
PRED	O-SSM	24680
	OHSU	0
	0.384787	0
	0.033366
  O-SSM    24680
   acc=48.500000% bal=48.500000% sites=20
/20
 test_n=200
 assoc=0.964459
PRED	O-SSM	13579
	NYU	1
	0.412700	0
	0.371918
PRED	O-SSM	13579
	NYU	1
	0.439427	0
	0.463700
PRED	O-SSM	13579
	NYU	1
	0.391759	0
	0.298787
PRED	O-SSM	13579
	NYU	1
	0.511808	1
	0.707773
PRED	O-SSM	13579
	NYU	1
	0.736685	1
	1.531813
PRED	O-SSM	13579
	NYU	0
	0.676010	1
	1.285571
PRED	O-SSM	13579
	NYU	0
	0.567809	1
	0.897230
PRED	O-SSM	13579
	NYU	0
	0.530138	1
	0.769440
PRED	O-SSM	13579
	NYU	0
	0.601318	1
	1.013119
PRED	O-SSM	13579
	NYU	0
	0.475844	0
	0.586933
PRED	O-SSM	13579
	UM_1	1
	0.700522	1
	1.291165
PRED	O-SSM	13579
	UM_1	1
	0.684761	1
	0.990134
PRED	O-SSM	13579
	UM_1	1
	0.665907	1
	0.640452
PRED	O-SSM	13579
	UM_1	1
	0.697011	1
	1.223352
PRED	O-SSM	13579
	UM_1	1
	0.648741	1
	0.330574
PRED	O-SSM	13579
	UM_1	0
	0.684928	1
	0.993264
PRED	O-SSM	13579
	UM_1	0
	0.633853	1
	0.067403
PRED	O-SSM	13579
	UM_1	0
	0.709082	1
	1.458438
PRED	O-SSM	13579
	UM_1	0
	0.668711	1
	0.691807
PRED	O-SSM	13579
	UM_1	0
	0.691625	1
	1.120186
PRED	O-SSM	13579
	UCLA_1	1
	0.504978	1
	1.518104
PRED	O-SSM	13579
	UCLA_1	1
	0.497307	0
	1.360694
PRED	O-SSM	13579
	UCLA_1	1
	0.494377	0
	1.300583
PRED	O-SSM	13579
	UCLA_1	1
	0.452744	0
	0.443444
PRED	O-SSM	13579
	UCLA_1	1
	0.470768	0
	0.815491
PRED	O-SSM	13579
	UCLA_1	0
	0.465436	0
	0.705622
PRED	O-SSM	13579
	UCLA_1	0
	0.477926	0
	0.962736
PRED	O-SSM	13579
	UCLA_1	0
	0.457622	0
	0.544347
PRED	O-SSM	13579
	UCLA_1	0
	0.501363	1
	1.443913
PRED	O-SSM	13579
	UCLA_1	0
	0.480052	0
	1.006442
PRED	O-SSM	13579
	YALE	1
	0.824686	1
	0.808355
PRED	O-SSM	13579
	YALE	1
	0.816530	1
	0.743273
PRED	O-SSM	13579
	YALE	1
	0.795723	1
	0.586793
PRED	O-SSM	13579
	YALE	1
	0.941928	1
	2.262098
PRED	O-SSM	13579
	YALE	1
	0.718917	1
	0.092733
PRED	O-SSM	13579
	YALE	0
	0.733700	1
	0.180089
PRED	O-SSM	13579
	YALE	0
	0.782708	1
	0.494888
PRED	O-SSM	13579
	YALE	0
	0.854250	1
	1.066619
PRED	O-SSM	13579
	YALE	0
	0.723172	1
	0.117578
PRED	O-SSM	13579
	YALE	0
	0.948515	1
	2.411668
PRED	O-SSM	13579
	PITT	1
	0.517333	1
	1.098298
PRED	O-SSM	13579
	PITT	1
	0.493218	0
	1.409199
PRED	O-SSM	13579
	PITT	1
	0.534025	1
	0.882577
PRED	O-SSM	13579
	PITT	1
	0.510633	1
	1.184726
PRED	O-SSM	13579
	PITT	1
	0.527176	1
	0.971188
PRED	O-SSM	13579
	PITT	0
	0.547410	1
	0.708904
PRED	O-SSM	13579
	PITT	0
	0.527924	1
	0.961518
PRED	O-SSM	13579
	PITT	0
	0.495393	0
	1.381171
PRED	O-SSM	13579
	PITT	0
	0.533892	1
	0.884301
PRED	O-SSM	13579
	PITT	0
	0.531925	1
	0.909767
PRED	O-SSM	13579
	USM	1
	0.422620	0
	0.364098
PRED	O-SSM	13579
	USM	1
	0.398709	0
	0.723808
PRED	O-SSM	13579
	USM	1
	0.422625	0
	0.364028
PRED	O-SSM	13579
	USM	1
	0.298628	0
	2.336337
PRED	O-SSM	13579
	USM	1
	0.366415	0
	1.221707
PRED	O-SSM	13579
	USM	0
	0.428044	0
	0.283324
PRED	O-SSM	13579
	USM	0
	0.400791	0
	0.692227
PRED	O-SSM	13579
	USM	0
	0.362325	0
	1.285977
PRED	O-SSM	13579
	USM	0
	0.407917	0
	0.584533
PRED	O-SSM	13579
	USM	0
	0.377749	0
	1.045100
PRED	O-SSM	13579
	MAX_MUN	1
	0.350010	0
	0.142464
PRED	O-SSM	13579
	MAX_MUN	1
	0.365617	0
	0.305488
PRED	O-SSM	13579
	MAX_MUN	1
	0.488003	0
	1.512808
PRED	O-SSM	13579
	MAX_MUN	1
	0.406623	0
	0.720964
PRED	O-SSM	13579
	MAX_MUN	1
	0.468095	0
	1.321298
PRED	O-SSM	13579
	MAX_MUN	0
	0.418474	0
	0.838327
PRED	O-SSM	13579
	MAX_MUN	0
	0.391275	0
	0.567339
PRED	O-SSM	13579
	MAX_MUN	0
	0.498304	0
	1.611713
PRED	O-SSM	13579
	MAX_MUN	0
	0.445818	0
	1.105815
PRED	O-SSM	13579
	MAX_MUN	0
	0.500734	1
	1.635041
PRED	O-SSM	13579
	TRINITY	1
	0.315051	0
	1.865001
PRED	O-SSM	13579
	TRINITY	1
	0.397667	0
	0.632018
PRED	O-SSM	13579
	TRINITY	1
	0.316638	0
	1.839959
PRED	O-SSM	13579
	TRINITY	1
	0.341281	0
	1.458972
PRED	O-SSM	13579
	TRINITY	1
	0.361578	0
	1.155100
PRED	O-SSM	13579
	TRINITY	0
	0.396902	0
	0.642917
PRED	O-SSM	13579
	TRINITY	0
	0.401864	0
	0.572354
PRED	O-SSM	13579
	TRINITY	0
	0.370252	0
	1.027558
PRED	O-SSM	13579
	TRINITY	0
	0.383404	0
	0.836477
PRED	O-SSM	13579
	TRINITY	0
	0.401859	0
	0.572426
PRED	O-SSM	13579
	KKI	1
	0.238088	0
	1.074775
PRED	O-SSM	13579
	KKI	1
	0.226310	0
	1.308377
PRED	O-SSM	13579
	KKI	1
	0.250169	0
	0.843281
PRED	O-SSM	13579
	KKI	1
	0.242749	0
	0.984533
PRED	O-SSM	13579
	KKI	1
	0.264704	0
	0.574398
PRED	O-SSM	13579
	KKI	0
	0.238205	0
	1.072501
PRED	O-SSM	13579
	KKI	0
	0.223022	0
	1.375116
PRED	O-SSM	13579
	KKI	0
	0.196210	0
	1.947909
PRED	O-SSM	13579
	KKI	0
	0.212423	0
	1.595171
PRED	O-SSM	13579
	KKI	0
	0.248867	0
	0.867853
PRED	O-SSM	13579
	STANFORD	1
	0.150135	0
	2.394457
PRED	O-SSM	13579
	STANFORD	1
	0.312952	0
	1.290608
PRED	O-SSM	13579
	STANFORD	1
	0.016002	0
	5.174365
PRED	O-SSM	13579
	STANFORD	1
	0.320729	0
	1.248737
PRED	O-SSM	13579
	STANFORD	1
	0.198936	0
	1.997546
PRED	O-SSM	13579
	STANFORD	0
	0.397675	0
	0.858023
PRED	O-SSM	13579
	STANFORD	0
	0.329403	0
	1.202658
PRED	O-SSM	13579
	STANFORD	0
	0.482159	0
	0.457393
PRED	O-SSM	13579
	STANFORD	0
	0.416060	0
	0.769228
PRED	O-SSM	13579
	STANFORD	0
	0.271470	0
	1.524648
PRED	O-SSM	13579
	CALTECH	1
	0.273079	0
	0.720091
PRED	O-SSM	13579
	CALTECH	1
	0.268285	0
	0.772810
PRED	O-SSM	13579
	CALTECH	1
	0.278356	0
	0.662722
PRED	O-SSM	13579
	CALTECH	1
	0.281819	0
	0.625449
PRED	O-SSM	13579
	CALTECH	1
	0.248258	0
	0.999823
PRED	O-SSM	13579
	CALTECH	0
	0.255608	0
	0.915160
PRED	O-SSM	13579
	CALTECH	0
	0.252044	0
	0.956017
PRED	O-SSM	13579
	CALTECH	0
	0.323537	0
	0.195873
PRED	O-SSM	13579
	CALTECH	0
	0.277791	0
	0.668836
PRED	O-SSM	13579
	CALTECH	0
	0.269805	0
	0.756027
PRED	O-SSM	13579
	LEUVEN_2	1
	0.678619	1
	1.703671
PRED	O-SSM	13579
	LEUVEN_2	1
	0.612783	1
	1.199921
PRED	O-SSM	13579
	LEUVEN_2	1
	0.481108	0
	0.266099
PRED	O-SSM	13579
	LEUVEN_2	1
	0.709101	1
	1.954471
PRED	O-SSM	13579
	LEUVEN_2	1
	0.532213	1
	0.623523
PRED	O-SSM	13579
	LEUVEN_2	0
	0.586735	1
	1.010334
PRED	O-SSM	13579
	LEUVEN_2	0
	0.615123	1
	1.217167
PRED	O-SSM	13579
	LEUVEN_2	0
	0.609854	1
	1.178387
PRED	O-SSM	13579
	LEUVEN_2	0
	0.611863	1
	1.193150
PRED	O-SSM	13579
	LEUVEN_2	0
	0.499417	0
	0.394078
PRED	O-SSM	13579
	OLIN	1
	0.834420	1
	1.180007
PRED	O-SSM	13579
	OLIN	1
	0.467624	0
	0.095075
PRED	O-SSM	13579
	OLIN	1
	0.531419	1
	0.253767
PRED	O-SSM	13579
	OLIN	1
	0.630356	1
	0.507091
PRED	O-SSM	13579
	OLIN	1
	0.559918	1
	0.325180
PRED	O-SSM	13579
	OLIN	0
	0.978756	1
	2.554314
PRED	O-SSM	13579
	OLIN	0
	0.501779	1
	0.180034
PRED	O-SSM	13579
	OLIN	0
	0.617215	1
	0.472313
PRED	O-SSM	13579
	OLIN	0
	0.604152	1
	0.438188
PRED	O-SSM	13579
	OLIN	0
	0.745503	1
	0.843088
PRED	O-SSM	13579
	SBL	1
	0.730647	1
	1.361510
PRED	O-SSM	13579
	SBL	1
	0.767009	1
	1.628874
PRED	O-SSM	13579
	SBL	1
	0.683817	1
	1.048646
PRED	O-SSM	13579
	SBL	1
	0.727734	1
	1.341142
PRED	O-SSM	13579
	SBL	1
	0.527386	1
	0.134767
PRED	O-SSM	13579
	SBL	0
	0.673730	1
	0.984750
PRED	O-SSM	13579
	SBL	0
	0.622408	1
	0.673563
PRED	O-SSM	13579
	SBL	0
	0.549849	1
	0.259624
PRED	O-SSM	13579
	SBL	0
	0.700121	1
	1.154306
PRED	O-SSM	13579
	SBL	0
	0.735058	1
	1.392628
PRED	O-SSM	13579
	LEUVEN_1	1
	0.751561	1
	0.936608
PRED	O-SSM	13579
	LEUVEN_1	1
	0.689330	1
	0.666662
PRED	O-SSM	13579
	LEUVEN_1	1
	0.871839	1
	1.642357
PRED	O-SSM	13579
	LEUVEN_1	1
	0.782421	1
	1.087167
PRED	O-SSM	13579
	LEUVEN_1	1
	0.797301	1
	1.165269
PRED	O-SSM	13579
	LEUVEN_1	0
	0.770114	1
	1.025443
PRED	O-SSM	13579
	LEUVEN_1	0
	0.836392	1
	1.393544
PRED	O-SSM	13579
	LEUVEN_1	0
	0.638585	1
	0.468303
PRED	O-SSM	13579
	LEUVEN_1	0
	0.813690	1
	1.256418
PRED	O-SSM	13579
	LEUVEN_1	0
	0.716991	1
	0.782140
PRED	O-SSM	13579
	SDSU	1
	0.477561	0
	0.309915
PRED	O-SSM	13579
	SDSU	1
	0.553820	1
	0.881099
PRED	O-SSM	13579
	SDSU	1
	0.498521	0
	0.466560
PRED	O-SSM	13579
	SDSU	1
	0.518560	1
	0.616275
PRED	O-SSM	13579
	SDSU	1
	0.643717	1
	1.582015
PRED	O-SSM	13579
	SDSU	0
	0.655293	1
	1.676959
PRED	O-SSM	13579
	SDSU	0
	0.643690	1
	1.581796
PRED	O-SSM	13579
	SDSU	0
	0.449090	0
	0.096081
PRED	O-SSM	13579
	SDSU	0
	0.681024	1
	1.893714
PRED	O-SSM	13579
	SDSU	0
	0.585206	1
	1.120204
PRED	O-SSM	13579
	CMU	1
	0.310255	0
	1.065718
PRED	O-SSM	13579
	CMU	1
	0.536917	1
	0.077094
PRED	O-SSM	13579
	CMU	1
	0.493124	0
	0.260274
PRED	O-SSM	13579
	CMU	1
	0.506582	1
	0.204065
PRED	O-SSM	13579
	CMU	1
	0.373497	0
	0.771610
PRED	O-SSM	13579
	CMU	0
	0.439487	0
	0.485530
PRED	O-SSM	13579
	CMU	0
	0.459200	0
	0.402334
PRED	O-SSM	13579
	CMU	0
	0.526131	1
	0.122324
PRED	O-SSM	13579
	CMU	0
	0.362100	0
	0.822790
PRED	O-SSM	13579
	CMU	0
	0.359750	0
	0.833428
PRED	O-SSM	13579
	UCLA_2	1
	0.350243	0
	0.806488
PRED	O-SSM	13579
	UCLA_2	1
	0.308093	0
	1.187841
PRED	O-SSM	13579
	UCLA_2	1
	0.330275	0
	0.984058
PRED	O-SSM	13579
	UCLA_2	1
	0.283303	0
	1.425523
PRED	O-SSM	13579
	UCLA_2	1
	0.413816	0
	0.268094
PRED	O-SSM	13579
	UCLA_2	0
	0.403505	0
	0.353254
PRED	O-SSM	13579
	UCLA_2	0
	0.344631	0
	0.855886
PRED	O-SSM	13579
	UCLA_2	0
	0.394842	0
	0.425347
PRED	O-SSM	13579
	UCLA_2	0
	0.315541	0
	1.118573
PRED	O-SSM	13579
	UCLA_2	0
	0.307280	0
	1.195461
PRED	O-SSM	13579
	UM_2	1
	0.734791	1
	1.796833
PRED	O-SSM	13579
	UM_2	1
	0.723236	1
	1.059444
PRED	O-SSM	13579
	UM_2	1
	0.708417	1
	0.140892
PRED	O-SSM	13579
	UM_2	1
	0.718945	1
	0.790439
PRED	O-SSM	13579
	UM_2	1
	0.725376	1
	1.194496
PRED	O-SSM	13579
	UM_2	0
	0.728520	1
	1.394212
PRED	O-SSM	13579
	UM_2	0
	0.712645	1
	0.400000
PRED	O-SSM	13579
	UM_2	0
	0.712746	1
	0.406240
PRED	O-SSM	13579
	UM_2	0
	0.731282	1
	1.570784
PRED	O-SSM	13579
	UM_2	0
	0.730493	1
	1.520212
PRED	O-SSM	13579
	OHSU	1
	0.498079	0
	1.001997
PRED	O-SSM	13579
	OHSU	1
	0.501347	1
	0.873711
PRED	O-SSM	13579
	OHSU	1
	0.460287	0
	2.488981
PRED	O-SSM	13579
	OHSU	1
	0.508260	1
	0.602275
PRED	O-SSM	13579
	OHSU	1
	0.507224	1
	0.642934
PRED	O-SSM	13579
	OHSU	0
	0.483839	0
	1.561256
PRED	O-SSM	13579
	OHSU	0
	0.501286	1
	0.876086
PRED	O-SSM	13579
	OHSU	0
	0.484574	0
	1.532380
PRED	O-SSM	13579
	OHSU	0
	0.474033	0
	1.946930
PRED	O-SSM	13579
	OHSU	0
	0.522752	1
	0.032745
  O-SSM    13579
   acc=48.500000% bal=48.500000% sites=20
/20
 test_n=200
 assoc=0.974032
PRED	O-SSM	54321
	NYU	1
	0.183282	0
	0.345516
PRED	O-SSM	54321
	NYU	1
	0.181916	0
	0.457982
PRED	O-SSM	54321
	NYU	1
	0.182670	0
	0.395806
PRED	O-SSM	54321
	NYU	1
	0.180056	0
	0.612237
PRED	O-SSM	54321
	NYU	1
	0.172296	0
	1.269354
PRED	O-SSM	54321
	NYU	0
	0.174654	0
	1.067233
PRED	O-SSM	54321
	NYU	0
	0.177904	0
	0.792196
PRED	O-SSM	54321
	NYU	0
	0.172381	0
	1.262037
PRED	O-SSM	54321
	NYU	0
	0.176007	0
	0.952281
PRED	O-SSM	54321
	NYU	0
	0.179930	0
	0.622677
PRED	O-SSM	54321
	UM_1	1
	0.823201	1
	2.306603
PRED	O-SSM	54321
	UM_1	1
	0.792120	1
	1.836515
PRED	O-SSM	54321
	UM_1	1
	0.708875	1
	0.786211
PRED	O-SSM	54321
	UM_1	1
	0.709544	1
	0.793826
PRED	O-SSM	54321
	UM_1	1
	0.655802	1
	0.210936
PRED	O-SSM	54321
	UM_1	0
	0.740977	1
	1.164108
PRED	O-SSM	54321
	UM_1	0
	0.644221	1
	0.091538
PRED	O-SSM	54321
	UM_1	0
	0.686603	1
	0.538446
PRED	O-SSM	54321
	UM_1	0
	0.718215	1
	0.893389
PRED	O-SSM	54321
	UM_1	0
	0.701277	1
	0.700519
PRED	O-SSM	54321
	UCLA_1	1
	0.597140	1
	1.017706
PRED	O-SSM	54321
	UCLA_1	1
	0.639885	1
	1.459341
PRED	O-SSM	54321
	UCLA_1	1
	0.578416	1
	0.829438
PRED	O-SSM	54321
	UCLA_1	1
	0.550453	1
	0.552291
PRED	O-SSM	54321
	UCLA_1	1
	0.573136	1
	0.776778
PRED	O-SSM	54321
	UCLA_1	0
	0.553890	1
	0.586149
PRED	O-SSM	54321
	UCLA_1	0
	0.620253	1
	1.254137
PRED	O-SSM	54321
	UCLA_1	0
	0.577293	1
	0.818223
PRED	O-SSM	54321
	UCLA_1	0
	0.625662	1
	1.310235
PRED	O-SSM	54321
	UCLA_1	0
	0.574580	1
	0.791168
PRED	O-SSM	54321
	YALE	1
	0.607936	1
	0.977165
PRED	O-SSM	54321
	YALE	1
	0.629455	1
	0.734884
PRED	O-SSM	54321
	YALE	1
	0.645926	1
	0.545551
PRED	O-SSM	54321
	YALE	1
	0.616251	1
	0.884172
PRED	O-SSM	54321
	YALE	1
	0.681922	1
	0.116829
PRED	O-SSM	54321
	YALE	0
	0.670278	1
	0.258052
PRED	O-SSM	54321
	YALE	0
	0.655511	1
	0.433547
PRED	O-SSM	54321
	YALE	0
	0.558486	1
	1.517912
PRED	O-SSM	54321
	YALE	0
	0.681902	1
	0.117081
PRED	O-SSM	54321
	YALE	0
	0.458671	0
	2.582028
PRED	O-SSM	54321
	PITT	1
	0.373690	0
	1.618434
PRED	O-SSM	54321
	PITT	1
	0.362074	0
	1.984318
PRED	O-SSM	54321
	PITT	1
	0.398546	0
	0.850190
PRED	O-SSM	54321
	PITT	1
	0.384934	0
	1.268610
PRED	O-SSM	54321
	PITT	1
	0.383795	0
	1.303873
PRED	O-SSM	54321
	PITT	0
	0.400426	0
	0.792777
PRED	O-SSM	54321
	PITT	0
	0.392148	0
	1.046225
PRED	O-SSM	54321
	PITT	0
	0.374874	0
	1.581410
PRED	O-SSM	54321
	PITT	0
	0.395373	0
	0.947262
PRED	O-SSM	54321
	PITT	0
	0.396022	0
	0.927369
PRED	O-SSM	54321
	USM	1
	0.414963	0
	0.248724
PRED	O-SSM	54321
	USM	1
	0.378445	0
	0.829762
PRED	O-SSM	54321
	USM	1
	0.414108	0
	0.262127
PRED	O-SSM	54321
	USM	1
	0.346363	0
	1.358429
PRED	O-SSM	54321
	USM	1
	0.365818	0
	1.035445
PRED	O-SSM	54321
	USM	0
	0.409596	0
	0.333024
PRED	O-SSM	54321
	USM	0
	0.378770	0
	0.824494
PRED	O-SSM	54321
	USM	0
	0.345665	0
	1.370175
PRED	O-SSM	54321
	USM	0
	0.396238	0
	0.544364
PRED	O-SSM	54321
	USM	0
	0.324343	0
	1.734533
PRED	O-SSM	54321
	MAX_MUN	1
	0.484166	0
	0.164582
PRED	O-SSM	54321
	MAX_MUN	1
	0.530438	1
	0.355600
PRED	O-SSM	54321
	MAX_MUN	1
	0.761987	1
	1.429668
PRED	O-SSM	54321
	MAX_MUN	1
	0.594264	1
	0.623388
PRED	O-SSM	54321
	MAX_MUN	1
	0.793565	1
	1.618303
PRED	O-SSM	54321
	MAX_MUN	0
	0.650256	1
	0.869343
PRED	O-SSM	54321
	MAX_MUN	0
	0.601360	1
	0.653817
PRED	O-SSM	54321
	MAX_MUN	0
	0.650188	1
	0.869035
PRED	O-SSM	54321
	MAX_MUN	0
	0.595748	1
	0.629739
PRED	O-SSM	54321
	MAX_MUN	0
	0.812786	1
	1.743744
PRED	O-SSM	54321
	TRINITY	1
	0.771487	1
	1.818221
PRED	O-SSM	54321
	TRINITY	1
	0.750299	1
	1.687432
PRED	O-SSM	54321
	TRINITY	1
	0.803615	1
	2.034099
PRED	O-SSM	54321
	TRINITY	1
	0.660638	1
	1.200194
PRED	O-SSM	54321
	TRINITY	1
	0.558036	1
	0.714217
PRED	O-SSM	54321
	TRINITY	0
	0.552701	1
	0.689967
PRED	O-SSM	54321
	TRINITY	0
	0.543299	1
	0.647356
PRED	O-SSM	54321
	TRINITY	0
	0.670663	1
	1.250756
PRED	O-SSM	54321
	TRINITY	0
	0.601224	1
	0.913315
PRED	O-SSM	54321
	TRINITY	0
	0.477202	0
	0.350025
PRED	O-SSM	54321
	KKI	1
	0.637031	1
	1.125841
PRED	O-SSM	54321
	KKI	1
	0.712859	1
	1.569896
PRED	O-SSM	54321
	KKI	1
	0.597846	1
	0.913285
PRED	O-SSM	54321
	KKI	1
	0.604509	1
	0.948871
PRED	O-SSM	54321
	KKI	1
	0.522213	1
	0.519451
PRED	O-SSM	54321
	KKI	0
	0.618492	1
	1.024240
PRED	O-SSM	54321
	KKI	0
	0.625373	1
	1.061711
PRED	O-SSM	54321
	KKI	0
	0.831223	1
	2.446986
PRED	O-SSM	54321
	KKI	0
	0.666311	1
	1.291073
PRED	O-SSM	54321
	KKI	0
	0.592055	1
	0.882519
PRED	O-SSM	54321
	STANFORD	1
	0.106806	0
	2.755085
PRED	O-SSM	54321
	STANFORD	1
	0.335420	0
	1.148221
PRED	O-SSM	54321
	STANFORD	1
	0.041889	0
	3.877835
PRED	O-SSM	54321
	STANFORD	1
	0.284406	0
	1.414844
PRED	O-SSM	54321
	STANFORD	1
	0.267377	0
	1.509984
PRED	O-SSM	54321
	STANFORD	0
	0.414799	0
	0.769257
PRED	O-SSM	54321
	STANFORD	0
	0.396492	0
	0.853999
PRED	O-SSM	54321
	STANFORD	0
	0.510477	1
	0.338447
PRED	O-SSM	54321
	STANFORD	0
	0.446399	0
	0.625388
PRED	O-SSM	54321
	STANFORD	0
	0.280959	0
	1.433813
PRED	O-SSM	54321
	CALTECH	1
	0.442486	0
	0.537693
PRED	O-SSM	54321
	CALTECH	1
	0.424428	0
	0.438218
PRED	O-SSM	54321
	CALTECH	1
	0.407842	0
	0.345875
PRED	O-SSM	54321
	CALTECH	1
	0.453899	0
	0.600118
PRED	O-SSM	54321
	CALTECH	1
	0.508092	1
	0.894034
PRED	O-SSM	54321
	CALTECH	0
	0.609430	1
	1.452043
PRED	O-SSM	54321
	CALTECH	0
	0.473880	0
	0.708803
PRED	O-SSM	54321
	CALTECH	0
	0.375699	0
	0.163342
PRED	O-SSM	54321
	CALTECH	0
	0.453929	0
	0.600277
PRED	O-SSM	54321
	CALTECH	0
	0.555145	1
	1.149824
PRED	O-SSM	54321
	LEUVEN_2	1
	0.583162	1
	1.616707
PRED	O-SSM	54321
	LEUVEN_2	1
	0.553389	1
	0.990131
PRED	O-SSM	54321
	LEUVEN_2	1
	0.523908	1
	0.377634
PRED	O-SSM	54321
	LEUVEN_2	1
	0.605013	1
	2.084480
PRED	O-SSM	54321
	LEUVEN_2	1
	0.533159	1
	0.569249
PRED	O-SSM	54321
	LEUVEN_2	0
	0.561750	1
	1.165074
PRED	O-SSM	54321
	LEUVEN_2	0
	0.570634	1
	1.351759
PRED	O-SSM	54321
	LEUVEN_2	0
	0.581799	1
	1.587774
PRED	O-SSM	54321
	LEUVEN_2	0
	0.576466	1
	1.474833
PRED	O-SSM	54321
	LEUVEN_2	0
	0.526848	1
	0.438493
PRED	O-SSM	54321
	OLIN	1
	0.610628	1
	0.809894
PRED	O-SSM	54321
	OLIN	1
	0.606737	1
	0.154039
PRED	O-SSM	54321
	OLIN	1
	0.606939	1
	0.187995
PRED	O-SSM	54321
	OLIN	1
	0.608514	1
	0.453341
PRED	O-SSM	54321
	OLIN	1
	0.607719	1
	0.319394
PRED	O-SSM	54321
	OLIN	0
	0.614929	1
	1.537685
PRED	O-SSM	54321
	OLIN	0
	0.607315	1
	0.251311
PRED	O-SSM	54321
	OLIN	0
	0.613378	1
	1.274951
PRED	O-SSM	54321
	OLIN	0
	0.608690	1
	0.483049
PRED	O-SSM	54321
	OLIN	0
	0.613710	1
	1.331148
PRED	O-SSM	54321
	SBL	1
	0.640514	1
	1.659726
PRED	O-SSM	54321
	SBL	1
	0.637723	1
	1.506537
PRED	O-SSM	54321
	SBL	1
	0.634079	1
	1.307334
PRED	O-SSM	54321
	SBL	1
	0.645526	1
	1.936101
PRED	O-SSM	54321
	SBL	1
	0.612299	1
	0.133050
PRED	O-SSM	54321
	SBL	0
	0.640821	1
	1.676580
PRED	O-SSM	54321
	SBL	0
	0.620909	1
	0.594080
PRED	O-SSM	54321
	SBL	0
	0.613559	1
	0.200273
PRED	O-SSM	54321
	SBL	0
	0.641306	1
	1.703303
PRED	O-SSM	54321
	SBL	0
	0.625563	1
	0.844942
PRED	O-SSM	54321
	LEUVEN_1	1
	0.601686	1
	0.732599
PRED	O-SSM	54321
	LEUVEN_1	1
	0.608118	1
	0.759666
PRED	O-SSM	54321
	LEUVEN_1	1
	0.777056	1
	1.573529
PRED	O-SSM	54321
	LEUVEN_1	1
	0.732535	1
	1.331066
PRED	O-SSM	54321
	LEUVEN_1	1
	0.702328	1
	1.181090
PRED	O-SSM	54321
	LEUVEN_1	0
	0.671636	1
	1.037449
PRED	O-SSM	54321
	LEUVEN_1	0
	0.703503	1
	1.186750
PRED	O-SSM	54321
	LEUVEN_1	0
	0.483781	0
	0.252448
PRED	O-SSM	54321
	LEUVEN_1	0
	0.666309	1
	1.013252
PRED	O-SSM	54321
	LEUVEN_1	0
	0.777666	1
	1.577071
PRED	O-SSM	54321
	SDSU	1
	0.485529	0
	0.455412
PRED	O-SSM	54321
	SDSU	1
	0.488335	0
	0.648819
PRED	O-SSM	54321
	SDSU	1
	0.484712	0
	0.399091
PRED	O-SSM	54321
	SDSU	1
	0.484836	0
	0.407602
PRED	O-SSM	54321
	SDSU	1
	0.508769	1
	2.056470
PRED	O-SSM	54321
	SDSU	0
	0.503769	1
	1.712056
PRED	O-SSM	54321
	SDSU	0
	0.501421	1
	1.550285
PRED	O-SSM	54321
	SDSU	0
	0.480327	0
	0.096667
PRED	O-SSM	54321
	SDSU	0
	0.533132	1
	3.737854
PRED	O-SSM	54321
	SDSU	0
	0.489114	0
	0.702482
PRED	O-SSM	54321
	CMU	1
	0.876479	1
	1.464375
PRED	O-SSM	54321
	CMU	1
	0.663052	1
	0.106055
PRED	O-SSM	54321
	CMU	1
	0.688329	1
	0.228265
PRED	O-SSM	54321
	CMU	1
	0.692822	1
	0.250533
PRED	O-SSM	54321
	CMU	1
	0.790050	1
	0.792646
PRED	O-SSM	54321
	CMU	0
	0.752128	1
	0.564700
PRED	O-SSM	54321
	CMU	0
	0.747524	1
	0.538710
PRED	O-SSM	54321
	CMU	0
	0.667665	1
	0.128000
PRED	O-SSM	54321
	CMU	0
	0.795566	1
	0.828210
PRED	O-SSM	54321
	CMU	0
	0.772872	1
	0.686074
PRED	O-SSM	54321
	UCLA_2	1
	0.536468	1
	0.608786
PRED	O-SSM	54321
	UCLA_2	1
	0.561115	1
	0.823890
PRED	O-SSM	54321
	UCLA_2	1
	0.576608	1
	0.960392
PRED	O-SSM	54321
	UCLA_2	1
	0.578316	1
	0.975515
PRED	O-SSM	54321
	UCLA_2	1
	0.490183	0
	0.208195
PRED	O-SSM	54321
	UCLA_2	0
	0.495124	0
	0.250903
PRED	O-SSM	54321
	UCLA_2	0
	0.546654	1
	0.697437
PRED	O-SSM	54321
	UCLA_2	0
	0.497454	0
	0.271041
PRED	O-SSM	54321
	UCLA_2	0
	0.534848	1
	0.594714
PRED	O-SSM	54321
	UCLA_2	0
	0.571075	1
	0.911507
PRED	O-SSM	54321
	UM_2	1
	0.812216	1
	2.300810
PRED	O-SSM	54321
	UM_2	1
	0.626801	1
	1.292401
PRED	O-SSM	54321
	UM_2	1
	0.363531	0
	0.142609
PRED	O-SSM	54321
	UM_2	1
	0.552593	1
	0.964748
PRED	O-SSM	54321
	UM_2	1
	0.594596	1
	1.147935
PRED	O-SSM	54321
	UM_2	0
	0.705635	1
	1.671651
PRED	O-SSM	54321
	UM_2	0
	0.445823	0
	0.507727
PRED	O-SSM	54321
	UM_2	0
	0.400526	0
	0.309758
PRED	O-SSM	54321
	UM_2	0
	0.592097	1
	1.136896
PRED	O-SSM	54321
	UM_2	0
	0.666704	1
	1.478740
PRED	O-SSM	54321
	OHSU	1
	0.483366	0
	1.311646
PRED	O-SSM	54321
	OHSU	1
	0.521135	1
	0.578192
PRED	O-SSM	54321
	OHSU	1
	0.459661	0
	1.773363
PRED	O-SSM	54321
	OHSU	1
	0.508899	1
	0.815917
PRED	O-SSM	54321
	OHSU	1
	0.508592	1
	0.821872
PRED	O-SSM	54321
	OHSU	0
	0.499005	0
	1.007986
PRED	O-SSM	54321
	OHSU	0
	0.486965	0
	1.241741
PRED	O-SSM	54321
	OHSU	0
	0.428471	0
	2.386653
PRED	O-SSM	54321
	OHSU	0
	0.441455	0
	2.130275
PRED	O-SSM	54321
	OHSU	0
	0.548932	1
	0.035849
  O-SSM    54321
   acc=51.000000% bal=51.000000% sites=20
/20
 test_n=200
 assoc=0.982833
PRED	O-SSM	67890
	NYU	1
	0.419605	0
	0.299943
PRED	O-SSM	67890
	NYU	1
	0.449802	0
	0.429618
PRED	O-SSM	67890
	NYU	1
	0.413835	0
	0.274899
PRED	O-SSM	67890
	NYU	1
	0.524184	1
	0.744284
PRED	O-SSM	67890
	NYU	1
	0.698046	1
	1.526195
PRED	O-SSM	67890
	NYU	0
	0.684734	1
	1.460370
PRED	O-SSM	67890
	NYU	0
	0.537818	1
	0.802042
PRED	O-SSM	67890
	NYU	0
	0.622449	1
	1.169570
PRED	O-SSM	67890
	NYU	0
	0.599054	1
	1.065733
PRED	O-SSM	67890
	NYU	0
	0.468658	0
	0.509725
PRED	O-SSM	67890
	UM_1	1
	0.600659	1
	1.343435
PRED	O-SSM	67890
	UM_1	1
	0.596926	1
	1.251491
PRED	O-SSM	67890
	UM_1	1
	0.572610	1
	0.658901
PRED	O-SSM	67890
	UM_1	1
	0.598417	1
	1.288193
PRED	O-SSM	67890
	UM_1	1
	0.557389	1
	0.292460
PRED	O-SSM	67890
	UM_1	0
	0.591339	1
	1.114426
PRED	O-SSM	67890
	UM_1	0
	0.548955	1
	0.090563
PRED	O-SSM	67890
	UM_1	0
	0.593280	1
	1.161977
PRED	O-SSM	67890
	UM_1	0
	0.570041	1
	0.596821
PRED	O-SSM	67890
	UM_1	0
	0.599350	1
	1.311156
PRED	O-SSM	67890
	UCLA_1	1
	0.541836	1
	1.191650
PRED	O-SSM	67890
	UCLA_1	1
	0.543605	1
	1.217054
PRED	O-SSM	67890
	UCLA_1	1
	0.521366	1
	0.898677
PRED	O-SSM	67890
	UCLA_1	1
	0.493047	0
	0.494840
PRED	O-SSM	67890
	UCLA_1	1
	0.520357	1
	0.884269
PRED	O-SSM	67890
	UCLA_1	0
	0.503236	1
	0.640071
PRED	O-SSM	67890
	UCLA_1	0
	0.510468	1
	0.743171
PRED	O-SSM	67890
	UCLA_1	0
	0.499179	0
	0.582237
PRED	O-SSM	67890
	UCLA_1	0
	0.534850	1
	1.091482
PRED	O-SSM	67890
	UCLA_1	0
	0.515908	1
	0.820767
PRED	O-SSM	67890
	YALE	1
	0.635763	1
	0.873641
PRED	O-SSM	67890
	YALE	1
	0.647170	1
	0.507159
PRED	O-SSM	67890
	YALE	1
	0.645264	1
	0.568781
PRED	O-SSM	67890
	YALE	1
	0.623024	1
	1.277177
PRED	O-SSM	67890
	YALE	1
	0.658120	1
	0.150271
PRED	O-SSM	67890
	YALE	0
	0.655474	1
	0.237000
PRED	O-SSM	67890
	YALE	0
	0.647129	1
	0.508484
PRED	O-SSM	67890
	YALE	0
	0.635736	1
	0.874509
PRED	O-SSM	67890
	YALE	0
	0.658981	1
	0.121982
PRED	O-SSM	67890
	YALE	0
	0.587478	1
	2.376957
PRED	O-SSM	67890
	PITT	1
	0.318444	0
	1.334322
PRED	O-SSM	67890
	PITT	1
	0.312506	0
	1.741077
PRED	O-SSM	67890
	PITT	1
	0.327103	0
	0.748260
PRED	O-SSM	67890
	PITT	1
	0.319101	0
	1.289518
PRED	O-SSM	67890
	PITT	1
	0.318038	0
	1.361975
PRED	O-SSM	67890
	PITT	0
	0.327990	0
	0.688631
PRED	O-SSM	67890
	PITT	0
	0.325933	0
	0.826914
PRED	O-SSM	67890
	PITT	0
	0.319078	0
	1.291088
PRED	O-SSM	67890
	PITT	0
	0.328496	0
	0.654686
PRED	O-SSM	67890
	PITT	0
	0.323968	0
	0.959477
PRED	O-SSM	67890
	USM	1
	0.622846	1
	0.356710
PRED	O-SSM	67890
	USM	1
	0.593932	1
	0.850931
PRED	O-SSM	67890
	USM	1
	0.628486	1
	0.258662
PRED	O-SSM	67890
	USM	1
	0.555922	1
	1.484434
PRED	O-SSM	67890
	USM	1
	0.581096	1
	1.066556
PRED	O-SSM	67890
	USM	0
	0.624703	1
	0.324498
PRED	O-SSM	67890
	USM	0
	0.610129	1
	0.575692
PRED	O-SSM	67890
	USM	0
	0.568728	1
	1.272590
PRED	O-SSM	67890
	USM	0
	0.611759	1
	0.547774
PRED	O-SSM	67890
	USM	0
	0.556051	1
	1.482299
PRED	O-SSM	67890
	MAX_MUN	1
	0.517677	1
	0.194259
PRED	O-SSM	67890
	MAX_MUN	1
	0.521083	1
	0.329053
PRED	O-SSM	67890
	MAX_MUN	1
	0.566082	1
	2.122083
PRED	O-SSM	67890
	MAX_MUN	1
	0.527414	1
	0.579814
PRED	O-SSM	67890
	MAX_MUN	1
	0.537092	1
	0.963830
PRED	O-SSM	67890
	MAX_MUN	0
	0.541478	1
	1.138222
PRED	O-SSM	67890
	MAX_MUN	0
	0.533293	1
	0.812994
PRED	O-SSM	67890
	MAX_MUN	0
	0.553328	1
	1.610755
PRED	O-SSM	67890
	MAX_MUN	0
	0.532964	1
	0.799909
PRED	O-SSM	67890
	MAX_MUN	0
	0.558600	1
	1.821733
PRED	O-SSM	67890
	TRINITY	1
	0.657841	1
	1.515268
PRED	O-SSM	67890
	TRINITY	1
	0.646634	1
	1.090001
PRED	O-SSM	67890
	TRINITY	1
	0.651746	1
	1.283190
PRED	O-SSM	67890
	TRINITY	1
	0.652731	1
	1.320559
PRED	O-SSM	67890
	TRINITY	1
	0.655355	1
	1.420379
PRED	O-SSM	67890
	TRINITY	0
	0.630597	1
	0.491869
PRED	O-SSM	67890
	TRINITY	0
	0.630079	1
	0.472733
PRED	O-SSM	67890
	TRINITY	0
	0.650143	1
	1.222476
PRED	O-SSM	67890
	TRINITY	0
	0.632013	1
	0.544200
PRED	O-SSM	67890
	TRINITY	0
	0.637574	1
	0.750681
PRED	O-SSM	67890
	KKI	1
	0.371020	0
	1.007686
PRED	O-SSM	67890
	KKI	1
	0.366909	0
	1.142437
PRED	O-SSM	67890
	KKI	1
	0.374757	0
	0.885719
PRED	O-SSM	67890
	KKI	1
	0.374767	0
	0.885388
PRED	O-SSM	67890
	KKI	1
	0.370753	0
	1.016423
PRED	O-SSM	67890
	KKI	0
	0.370168	0
	1.035545
PRED	O-SSM	67890
	KKI	0
	0.366992	0
	1.139707
PRED	O-SSM	67890
	KKI	0
	0.323365	0
	2.614203
PRED	O-SSM	67890
	KKI	0
	0.369450	0
	1.059079
PRED	O-SSM	67890
	KKI	0
	0.373432	0
	0.928914
PRED	O-SSM	67890
	STANFORD	1
	0.697625	1
	1.558115
PRED	O-SSM	67890
	STANFORD	1
	0.698330	1
	1.125369
PRED	O-SSM	67890
	STANFORD	1
	0.693939	1
	3.814108
PRED	O-SSM	67890
	STANFORD	1
	0.697715	1
	1.503366
PRED	O-SSM	67890
	STANFORD	1
	0.697588	1
	1.580864
PRED	O-SSM	67890
	STANFORD	0
	0.698921	1
	0.761711
PRED	O-SSM	67890
	STANFORD	0
	0.697252	1
	1.787160
PRED	O-SSM	67890
	STANFORD	0
	0.699634	1
	0.322544
PRED	O-SSM	67890
	STANFORD	0
	0.699057	1
	0.677605
PRED	O-SSM	67890
	STANFORD	0
	0.698570	1
	0.977486
PRED	O-SSM	67890
	CALTECH	1
	0.546241	1
	0.503967
PRED	O-SSM	67890
	CALTECH	1
	0.544578	1
	0.569899
PRED	O-SSM	67890
	CALTECH	1
	0.548115	1
	0.429637
PRED	O-SSM	67890
	CALTECH	1
	0.544466	1
	0.574357
PRED	O-SSM	67890
	CALTECH	1
	0.526826	1
	1.271540
PRED	O-SSM	67890
	CALTECH	0
	0.526444	1
	1.286596
PRED	O-SSM	67890
	CALTECH	0
	0.536938	1
	0.872286
PRED	O-SSM	67890
	CALTECH	0
	0.555019	1
	0.155241
PRED	O-SSM	67890
	CALTECH	0
	0.530927	1
	1.109733
PRED	O-SSM	67890
	CALTECH	0
	0.541559	1
	0.689482
PRED	O-SSM	67890
	LEUVEN_2	1
	0.509392	1
	1.324027
PRED	O-SSM	67890
	LEUVEN_2	1
	0.509116	1
	1.301208
PRED	O-SSM	67890
	LEUVEN_2	1
	0.496546	0
	0.264958
PRED	O-SSM	67890
	LEUVEN_2	1
	0.517275	1
	1.974233
PRED	O-SSM	67890
	LEUVEN_2	1
	0.499389	0
	0.499347
PRED	O-SSM	67890
	LEUVEN_2	0
	0.505608	1
	1.011999
PRED	O-SSM	67890
	LEUVEN_2	0
	0.511538	1
	1.500977
PRED	O-SSM	67890
	LEUVEN_2	0
	0.506667	1
	1.099315
PRED	O-SSM	67890
	LEUVEN_2	0
	0.507496	1
	1.167637
PRED	O-SSM	67890
	LEUVEN_2	0
	0.500371	1
	0.580315
PRED	O-SSM	67890
	OLIN	1
	0.156207	0
	1.531064
PRED	O-SSM	67890
	OLIN	1
	0.325204	0
	0.125978
PRED	O-SSM	67890
	OLIN	1
	0.315421	0
	0.191972
PRED	O-SSM	67890
	OLIN	1
	0.280345	0
	0.438478
PRED	O-SSM	67890
	OLIN	1
	0.298298	0
	0.310222
PRED	O-SSM	67890
	OLIN	0
	0.111110	0
	2.107803
PRED	O-SSM	67890
	OLIN	0
	0.314521	0
	0.198102
PRED	O-SSM	67890
	OLIN	0
	0.241062	0
	0.738242
PRED	O-SSM	67890
	OLIN	0
	0.294906	0
	0.334102
PRED	O-SSM	67890
	OLIN	0
	0.213808	0
	0.966245
PRED	O-SSM	67890
	SBL	1
	0.331121	0
	1.246930
PRED	O-SSM	67890
	SBL	1
	0.330080	0
	0.970443
PRED	O-SSM	67890
	SBL	1
	0.330977	0
	1.208869
PRED	O-SSM	67890
	SBL	1
	0.332586	0
	1.635521
PRED	O-SSM	67890
	SBL	1
	0.326973	0
	0.141990
PRED	O-SSM	67890
	SBL	0
	0.331460	0
	1.337040
PRED	O-SSM	67890
	SBL	0
	0.328894	0
	0.654575
PRED	O-SSM	67890
	SBL	0
	0.327335	0
	0.238888
PRED	O-SSM	67890
	SBL	0
	0.332952	0
	1.732489
PRED	O-SSM	67890
	SBL	0
	0.329150	0
	0.722876
PRED	O-SSM	67890
	LEUVEN_1	1
	0.463445	0
	0.897225
PRED	O-SSM	67890
	LEUVEN_1	1
	0.458544	0
	0.714415
PRED	O-SSM	67890
	LEUVEN_1	1
	0.472508	0
	1.234665
PRED	O-SSM	67890
	LEUVEN_1	1
	0.472988	0
	1.252517
PRED	O-SSM	67890
	LEUVEN_1	1
	0.473128	0
	1.257719
PRED	O-SSM	67890
	LEUVEN_1	0
	0.475649	0
	1.351440
PRED	O-SSM	67890
	LEUVEN_1	0
	0.478457	0
	1.455773
PRED	O-SSM	67890
	LEUVEN_1	0
	0.452935	0
	0.504796
PRED	O-SSM	67890
	LEUVEN_1	0
	0.473652	0
	1.277194
PRED	O-SSM	67890
	LEUVEN_1	0
	0.471454	0
	1.195470
PRED	O-SSM	67890
	SDSU	1
	0.378085	0
	0.542273
PRED	O-SSM	67890
	SDSU	1
	0.409031	0
	0.701747
PRED	O-SSM	67890
	SDSU	1
	0.338126	0
	0.328384
PRED	O-SSM	67890
	SDSU	1
	0.368364	0
	0.491183
PRED	O-SSM	67890
	SDSU	1
	0.410203	0
	0.707704
PRED	O-SSM	67890
	SDSU	0
	0.602298	1
	1.664438
PRED	O-SSM	67890
	SDSU	0
	0.513645	1
	1.221274
PRED	O-SSM	67890
	SDSU	0
	0.300982	0
	0.118186
PRED	O-SSM	67890
	SDSU	0
	0.669459	1
	2.021827
PRED	O-SSM	67890
	SDSU	0
	0.439033	0
	0.852828
PRED	O-SSM	67890
	CMU	1
	0.333011	0
	1.201720
PRED	O-SSM	67890
	CMU	1
	0.328171	0
	0.142321
PRED	O-SSM	67890
	CMU	1
	0.329025	0
	0.329837
PRED	O-SSM	67890
	CMU	1
	0.328565	0
	0.228946
PRED	O-SSM	67890
	CMU	1
	0.331202	0
	0.806668
PRED	O-SSM	67890
	CMU	0
	0.329562	0
	0.447598
PRED	O-SSM	67890
	CMU	0
	0.330524	0
	0.658413
PRED	O-SSM	67890
	CMU	0
	0.328083	0
	0.123003
PRED	O-SSM	67890
	CMU	0
	0.330886	0
	0.737644
PRED	O-SSM	67890
	CMU	0
	0.330908	0
	0.742394
PRED	O-SSM	67890
	UCLA_2	1
	0.696331	1
	1.550722
PRED	O-SSM	67890
	UCLA_2	1
	0.647649	1
	1.037895
PRED	O-SSM	67890
	UCLA_2	1
	0.639637	1
	0.956897
PRED	O-SSM	67890
	UCLA_2	1
	0.673972	1
	1.310318
PRED	O-SSM	67890
	UCLA_2	1
	0.565787	1
	0.240161
PRED	O-SSM	67890
	UCLA_2	0
	0.580754	1
	0.382042
PRED	O-SSM	67890
	UCLA_2	0
	0.636609	1
	0.926501
PRED	O-SSM	67890
	UCLA_2	0
	0.579150	1
	0.366771
PRED	O-SSM	67890
	UCLA_2	0
	0.641778	1
	0.978469
PRED	O-SSM	67890
	UCLA_2	0
	0.640316	1
	0.963731
PRED	O-SSM	67890
	UM_2	1
	0.715370	1
	2.444987
PRED	O-SSM	67890
	UM_2	1
	0.669191	1
	1.335288
PRED	O-SSM	67890
	UM_2	1
	0.614947	1
	0.126986
PRED	O-SSM	67890
	UM_2	1
	0.650071	1
	0.899862
PRED	O-SSM	67890
	UM_2	1
	0.673885	1
	1.444062
PRED	O-SSM	67890
	UM_2	0
	0.660888	1
	1.144749
PRED	O-SSM	67890
	UM_2	0
	0.633691	1
	0.535555
PRED	O-SSM	67890
	UM_2	0
	0.624816	1
	0.341085
PRED	O-SSM	67890
	UM_2	0
	0.655512	1
	1.022587
PRED	O-SSM	67890
	UM_2	0
	0.655276	1
	1.017247
PRED	O-SSM	67890
	OHSU	1
	0.696105	1
	1.358546
PRED	O-SSM	67890
	OHSU	1
	0.561857	1
	0.578653
PRED	O-SSM	67890
	OHSU	1
	0.735686	1
	1.620493
PRED	O-SSM	67890
	OHSU	1
	0.618559	1
	0.894221
PRED	O-SSM	67890
	OHSU	1
	0.619617	1
	0.900257
PRED	O-SSM	67890
	OHSU	0
	0.674409	1
	1.223268
PRED	O-SSM	67890
	OHSU	0
	0.661043	1
	1.142270
PRED	O-SSM	67890
	OHSU	0
	0.835676	1
	2.430798
PRED	O-SSM	67890
	OHSU	0
	0.840015	1
	2.473733
PRED	O-SSM	67890
	OHSU	0
	0.461187	0
	0.035167
  O-SSM    67890
   acc=47.000000% bal=47.000000% sites=20
/20
 test_n=200
 assoc=0.953935
PRED	O-SSM	11223
	NYU	1
	0.641474	1
	0.338939
PRED	O-SSM	11223
	NYU	1
	0.602999	1
	0.567535
PRED	O-SSM	11223
	NYU	1
	0.621905	1
	0.456352
PRED	O-SSM	11223
	NYU	1
	0.591876	1
	0.632088
PRED	O-SSM	11223
	NYU	1
	0.457724	0
	1.387470
PRED	O-SSM	11223
	NYU	0
	0.430777	0
	1.539841
PRED	O-SSM	11223
	NYU	0
	0.559745	1
	0.815753
PRED	O-SSM	11223
	NYU	0
	0.501495	1
	1.142544
PRED	O-SSM	11223
	NYU	0
	0.390188	0
	1.774087
PRED	O-SSM	11223
	NYU	0
	0.592372	1
	0.629219
PRED	O-SSM	11223
	UM_1	1
	0.673010	1
	1.673862
PRED	O-SSM	11223
	UM_1	1
	0.595948	1
	1.271712
PRED	O-SSM	11223
	UM_1	1
	0.492334	0
	0.765709
PRED	O-SSM	11223
	UM_1	1
	0.574152	1
	1.163341
PRED	O-SSM	11223
	UM_1	1
	0.392514	0
	0.275618
PRED	O-SSM	11223
	UM_1	0
	0.485029	0
	0.730426
PRED	O-SSM	11223
	UM_1	0
	0.356697	0
	0.091004
PRED	O-SSM	11223
	UM_1	0
	0.522258	1
	0.910239
PRED	O-SSM	11223
	UM_1	0
	0.421950	0
	0.422832
PRED	O-SSM	11223
	UM_1	0
	0.506001	1
	0.831690
PRED	O-SSM	11223
	UCLA_1	1
	0.469875	0
	1.161008
PRED	O-SSM	11223
	UCLA_1	1
	0.509147	1
	1.590776
PRED	O-SSM	11223
	UCLA_1	1
	0.421508	0
	0.625479
PRED	O-SSM	11223
	UCLA_1	1
	0.407972	0
	0.473046
PRED	O-SSM	11223
	UCLA_1	1
	0.466304	0
	1.121807
PRED	O-SSM	11223
	UCLA_1	0
	0.407534	0
	0.468086
PRED	O-SSM	11223
	UCLA_1	0
	0.428785	0
	0.706863
PRED	O-SSM	11223
	UCLA_1	0
	0.413398	0
	0.534328
PRED	O-SSM	11223
	UCLA_1	0
	0.538501	1
	1.912517
PRED	O-SSM	11223
	UCLA_1	0
	0.437016	0
	0.798495
PRED	O-SSM	11223
	YALE	1
	0.629995	1
	1.019893
PRED	O-SSM	11223
	YALE	1
	0.548904	1
	0.742459
PRED	O-SSM	11223
	YALE	1
	0.478135	0
	0.508125
PRED	O-SSM	11223
	YALE	1
	0.682449	1
	1.212188
PRED	O-SSM	11223
	YALE	1
	0.362258	0
	0.113331
PRED	O-SSM	11223
	YALE	0
	0.403864	0
	0.258829
PRED	O-SSM	11223
	YALE	0
	0.468224	0
	0.475291
PRED	O-SSM	11223
	YALE	0
	0.673358	1
	1.177805
PRED	O-SSM	11223
	YALE	0
	0.360654	0
	0.107592
PRED	O-SSM	11223
	YALE	0
	0.925352	1
	2.659302
PRED	O-SSM	11223
	PITT	1
	0.364984	0
	1.157909
PRED	O-SSM	11223
	PITT	1
	0.333584	0
	2.367044
PRED	O-SSM	11223
	PITT	1
	0.371250	0
	0.922235
PRED	O-SSM	11223
	PITT	1
	0.358940	0
	1.386850
PRED	O-SSM	11223
	PITT	1
	0.368411	0
	1.028817
PRED	O-SSM	11223
	PITT	0
	0.372331	0
	0.881772
PRED	O-SSM	11223
	PITT	0
	0.369746	0
	0.978669
PRED	O-SSM	11223
	PITT	0
	0.354008	0
	1.574905
PRED	O-SSM	11223
	PITT	0
	0.374399	0
	0.804428
PRED	O-SSM	11223
	PITT	0
	0.366505	0
	1.100535
PRED	O-SSM	11223
	USM	1
	0.501660	1
	0.293503
PRED	O-SSM	11223
	USM	1
	0.605283	1
	0.928516
PRED	O-SSM	11223
	USM	1
	0.496687	0
	0.263489
PRED	O-SSM	11223
	USM	1
	0.682030	1
	1.434837
PRED	O-SSM	11223
	USM	1
	0.613255	1
	0.979043
PRED	O-SSM	11223
	USM	0
	0.493012	0
	0.241310
PRED	O-SSM	11223
	USM	0
	0.559183	1
	0.642338
PRED	O-SSM	11223
	USM	0
	0.652686	1
	1.235309
PRED	O-SSM	11223
	USM	0
	0.551004	1
	0.592366
PRED	O-SSM	11223
	USM	0
	0.662639	1
	1.302009
PRED	O-SSM	11223
	MAX_MUN	1
	0.637949	1
	0.169821
PRED	O-SSM	11223
	MAX_MUN	1
	0.683449	1
	0.564121
PRED	O-SSM	11223
	MAX_MUN	1
	0.831930	1
	2.174151
PRED	O-SSM	11223
	MAX_MUN	1
	0.704372	1
	0.755337
PRED	O-SSM	11223
	MAX_MUN	1
	0.840831	1
	2.300387
PRED	O-SSM	11223
	MAX_MUN	0
	0.740228	1
	1.102580
PRED	O-SSM	11223
	MAX_MUN	0
	0.688164	1
	0.606586
PRED	O-SSM	11223
	MAX_MUN	0
	0.756929	1
	1.274823
PRED	O-SSM	11223
	MAX_MUN	0
	0.707665	1
	0.786121
PRED	O-SSM	11223
	MAX_MUN	0
	0.820192	1
	2.015568
PRED	O-SSM	11223
	TRINITY	1
	0.716703	1
	2.053721
PRED	O-SSM	11223
	TRINITY	1
	0.592789	1
	0.805224
PRED	O-SSM	11223
	TRINITY	1
	0.646243	1
	1.318164
PRED	O-SSM	11223
	TRINITY	1
	0.692318	1
	1.788987
PRED	O-SSM	11223
	TRINITY	1
	0.605719	1
	0.926858
PRED	O-SSM	11223
	TRINITY	0
	0.572130	1
	0.613283
PRED	O-SSM	11223
	TRINITY	0
	0.576062	1
	0.649613
PRED	O-SSM	11223
	TRINITY	0
	0.618990	1
	1.053170
PRED	O-SSM	11223
	TRINITY	0
	0.605152	1
	0.921501
PRED	O-SSM	11223
	TRINITY	0
	0.583554	1
	0.719089
PRED	O-SSM	11223
	KKI	1
	0.699335	1
	1.531676
PRED	O-SSM	11223
	KKI	1
	0.697419	1
	1.517153
PRED	O-SSM	11223
	KKI	1
	0.665418	1
	1.281709
PRED	O-SSM	11223
	KKI	1
	0.633890	1
	1.060491
PRED	O-SSM	11223
	KKI	1
	0.615823	1
	0.937445
PRED	O-SSM	11223
	KKI	0
	0.663135	1
	1.265374
PRED	O-SSM	11223
	KKI	0
	0.712614	1
	1.633803
PRED	O-SSM	11223
	KKI	0
	0.803166	1
	2.428847
PRED	O-SSM	11223
	KKI	0
	0.714023	1
	1.644800
PRED	O-SSM	11223
	KKI	0
	0.785595	1
	2.257051
PRED	O-SSM	11223
	STANFORD	1
	0.465392	0
	1.187756
PRED	O-SSM	11223
	STANFORD	1
	0.485600	0
	0.991113
PRED	O-SSM	11223
	STANFORD	1
	0.148891	0
	5.081472
PRED	O-SSM	11223
	STANFORD	1
	0.478871	0
	1.056513
PRED	O-SSM	11223
	STANFORD	1
	0.418717	0
	1.647307
PRED	O-SSM	11223
	STANFORD	0
	0.528174	1
	0.577567
PRED	O-SSM	11223
	STANFORD	0
	0.454356	0
	1.295571
PRED	O-SSM	11223
	STANFORD	0
	0.541306	1
	0.449485
PRED	O-SSM	11223
	STANFORD	0
	0.522173	1
	0.635962
PRED	O-SSM	11223
	STANFORD	0
	0.361139	0
	2.235435
PRED	O-SSM	11223
	CALTECH	1
	0.626276	1
	0.621921
PRED	O-SSM	11223
	CALTECH	1
	0.620001	1
	0.599014
PRED	O-SSM	11223
	CALTECH	1
	0.587092	1
	0.481061
PRED	O-SSM	11223
	CALTECH	1
	0.634949	1
	0.653839
PRED	O-SSM	11223
	CALTECH	1
	0.812229	1
	1.434822
PRED	O-SSM	11223
	CALTECH	0
	0.739534	1
	1.073914
PRED	O-SSM	11223
	CALTECH	0
	0.736424	1
	1.060128
PRED	O-SSM	11223
	CALTECH	0
	0.501350	1
	0.183980
PRED	O-SSM	11223
	CALTECH	0
	0.712653	1
	0.957979
PRED	O-SSM	11223
	CALTECH	0
	0.702220	1
	0.914765
PRED	O-SSM	11223
	LEUVEN_2	1
	0.401004	0
	1.547723
PRED	O-SSM	11223
	LEUVEN_2	1
	0.443468	0
	1.133627
PRED	O-SSM	11223
	LEUVEN_2	1
	0.530690	1
	0.301526
PRED	O-SSM	11223
	LEUVEN_2	1
	0.409055	0
	1.468292
PRED	O-SSM	11223
	LEUVEN_2	1
	0.487532	0
	0.712322
PRED	O-SSM	11223
	LEUVEN_2	0
	0.403200	0
	1.526009
PRED	O-SSM	11223
	LEUVEN_2	0
	0.415028	0
	1.409678
PRED	O-SSM	11223
	LEUVEN_2	0
	0.439202	0
	1.174756
PRED	O-SSM	11223
	LEUVEN_2	0
	0.389425	0
	1.662895
PRED	O-SSM	11223
	LEUVEN_2	0
	0.513925	1
	0.461287
PRED	O-SSM	11223
	OLIN	1
	0.738002	1
	0.735377
PRED	O-SSM	11223
	OLIN	1
	0.581502	1
	0.117231
PRED	O-SSM	11223
	OLIN	1
	0.594354	1
	0.163638
PRED	O-SSM	11223
	OLIN	1
	0.664007	1
	0.425364
PRED	O-SSM	11223
	OLIN	1
	0.635740	1
	0.316653
PRED	O-SSM	11223
	OLIN	0
	0.873537	1
	1.520004
PRED	O-SSM	11223
	OLIN	0
	0.588181	1
	0.141292
PRED	O-SSM	11223
	OLIN	0
	0.716869	1
	0.642106
PRED	O-SSM	11223
	OLIN	0
	0.623778	1
	0.271773
PRED	O-SSM	11223
	OLIN	0
	0.776066	1
	0.916687
PRED	O-SSM	11223
	SBL	1
	0.628044	1
	1.361947
PRED	O-SSM	11223
	SBL	1
	0.650079	1
	1.150115
PRED	O-SSM	11223
	SBL	1
	0.661914	1
	1.033829
PRED	O-SSM	11223
	SBL	1
	0.640505	1
	1.242844
PRED	O-SSM	11223
	SBL	1
	0.749389	1
	0.094894
PRED	O-SSM	11223
	SBL	0
	0.605934	1
	1.569417
PRED	O-SSM	11223
	SBL	0
	0.705579	1
	0.585622
PRED	O-SSM	11223
	SBL	0
	0.736393	1
	0.245764
PRED	O-SSM	11223
	SBL	0
	0.623283	1
	1.407019
PRED	O-SSM	11223
	SBL	0
	0.654126	1
	1.110558
PRED	O-SSM	11223
	LEUVEN_1	1
	0.477199	0
	1.056879
PRED	O-SSM	11223
	LEUVEN_1	1
	0.494064	0
	0.696998
PRED	O-SSM	11223
	LEUVEN_1	1
	0.468243	0
	1.248381
PRED	O-SSM	11223
	LEUVEN_1	1
	0.464438	0
	1.329870
PRED	O-SSM	11223
	LEUVEN_1	1
	0.479810	0
	1.001109
PRED	O-SSM	11223
	LEUVEN_1	0
	0.459710	0
	1.431256
PRED	O-SSM	11223
	LEUVEN_1	0
	0.480425	0
	0.987977
PRED	O-SSM	11223
	LEUVEN_1	0
	0.502828	1
	0.510152
PRED	O-SSM	11223
	LEUVEN_1	0
	0.451504	0
	1.607589
PRED	O-SSM	11223
	LEUVEN_1	0
	0.464818	0
	1.321731
PRED	O-SSM	11223
	SDSU	1
	0.385479	0
	0.380996
PRED	O-SSM	11223
	SDSU	1
	0.495361	0
	0.935228
PRED	O-SSM	11223
	SDSU	1
	0.407983	0
	0.497392
PRED	O-SSM	11223
	SDSU	1
	0.419810	0
	0.557736
PRED	O-SSM	11223
	SDSU	1
	0.632674	1
	1.631126
PRED	O-SSM	11223
	SDSU	0
	0.654582	1
	1.749371
PRED	O-SSM	11223
	SDSU	0
	0.578045	1
	1.347759
PRED	O-SSM	11223
	SDSU	0
	0.333615	0
	0.101869
PRED	O-SSM	11223
	SDSU	0
	0.846503	1
	3.071449
PRED	O-SSM	11223
	SDSU	0
	0.472336	0
	0.821097
PRED	O-SSM	11223
	CMU	1
	0.565178	1
	1.229574
PRED	O-SSM	11223
	CMU	1
	0.635396	1
	0.090434
PRED	O-SSM	11223
	CMU	1
	0.624841	1
	0.266371
PRED	O-SSM	11223
	CMU	1
	0.623938	1
	0.281325
PRED	O-SSM	11223
	CMU	1
	0.590842	1
	0.820733
PRED	O-SSM	11223
	CMU	0
	0.594178	1
	0.767047
PRED	O-SSM	11223
	CMU	0
	0.608097	1
	0.541527
PRED	O-SSM	11223
	CMU	0
	0.631544	1
	0.154892
PRED	O-SSM	11223
	CMU	0
	0.599972	1
	0.673487
PRED	O-SSM	11223
	CMU	0
	0.594474	1
	0.762286
PRED	O-SSM	11223
	UCLA_2	1
	0.328442	0
	0.815035
PRED	O-SSM	11223
	UCLA_2	1
	0.320547	0
	1.002276
PRED	O-SSM	11223
	UCLA_2	1
	0.318100	0
	1.060807
PRED	O-SSM	11223
	UCLA_2	1
	0.300849	0
	1.480535
PRED	O-SSM	11223
	UCLA_2	1
	0.354907	0
	0.203182
PRED	O-SSM	11223
	UCLA_2	0
	0.347174	0
	0.379648
PRED	O-SSM	11223
	UCLA_2	0
	0.321710	0
	0.974556
PRED	O-SSM	11223
	UCLA_2	0
	0.351820	0
	0.273420
PRED	O-SSM	11223
	UCLA_2	0
	0.329508	0
	0.789927
PRED	O-SSM	11223
	UCLA_2	0
	0.320989	0
	0.991733
PRED	O-SSM	11223
	UM_2	1
	0.709656	1
	2.512996
PRED	O-SSM	11223
	UM_2	1
	0.526699	1
	1.504478
PRED	O-SSM	11223
	UM_2	1
	0.275363	0
	0.127246
PRED	O-SSM	11223
	UM_2	1
	0.431297	0
	1.012972
PRED	O-SSM	11223
	UM_2	1
	0.504762	1
	1.391879
PRED	O-SSM	11223
	UM_2	0
	0.517249	1
	1.455932
PRED	O-SSM	11223
	UM_2	0
	0.333100	0
	0.477659
PRED	O-SSM	11223
	UM_2	0
	0.315560	0
	0.375046
PRED	O-SSM	11223
	UM_2	0
	0.503846	1
	1.387179
PRED	O-SSM	11223
	UM_2	0
	0.468085	0
	1.203604
PRED	O-SSM	11223
	OHSU	1
	0.361012	0
	1.410631
PRED	O-SSM	11223
	OHSU	1
	0.323472	0
	0.728523
PRED	O-SSM	11223
	OHSU	1
	0.391559	0
	1.942814
PRED	O-SSM	11223
	OHSU	1
	0.312032	0
	0.512822
PRED	O-SSM	11223
	OHSU	1
	0.326497	0
	0.784886
PRED	O-SSM	11223
	OHSU	0
	0.359425	0
	1.382484
PRED	O-SSM	11223
	OHSU	0
	0.341361	0
	1.058056
PRED	O-SSM	11223
	OHSU	0
	0.427891	0
	2.557121
PRED	O-SSM	11223
	OHSU	0
	0.389795	0
	1.912533
PRED	O-SSM	11223
	OHSU	0
	0.287887	0
	0.042674
  O-SSM    11223
   acc=49.000000% bal=49.000000% sites=20
/20
 test_n=200
 assoc=1.012884
PRED	O-SSM	44567
	NYU	1
	0.282079	0
	0.412603
PRED	O-SSM	44567
	NYU	1
	0.277900	0
	0.474290
PRED	O-SSM	44567
	NYU	1
	0.284205	0
	0.381447
PRED	O-SSM	44567
	NYU	1
	0.272080	0
	0.561138
PRED	O-SSM	44567
	NYU	1
	0.219064	0
	1.415166
PRED	O-SSM	44567
	NYU	0
	0.221380	0
	1.375038
PRED	O-SSM	44567
	NYU	0
	0.257384	0
	0.785824
PRED	O-SSM	44567
	NYU	0
	0.250201	0
	0.898676
PRED	O-SSM	44567
	NYU	0
	0.224573	0
	1.320205
PRED	O-SSM	44567
	NYU	0
	0.273041	0
	0.546724
PRED	O-SSM	44567
	UM_1	1
	0.499894	0
	1.271994
PRED	O-SSM	44567
	UM_1	1
	0.557066	1
	0.826355
PRED	O-SSM	44567
	UM_1	1
	0.592753	1
	0.542898
PRED	O-SSM	44567
	UM_1	1
	0.505963	1
	1.224896
PRED	O-SSM	44567
	UM_1	1
	0.629173	1
	0.245438
PRED	O-SSM	44567
	UM_1	0
	0.497275	0
	1.292324
PRED	O-SSM	44567
	UM_1	0
	0.647231	1
	0.093673
PRED	O-SSM	44567
	UM_1	0
	0.491408	0
	1.337860
PRED	O-SSM	44567
	UM_1	0
	0.559943	1
	0.803714
PRED	O-SSM	44567
	UM_1	0
	0.520015	1
	1.115755
PRED	O-SSM	44567
	UCLA_1	1
	0.559920	1
	0.733454
PRED	O-SSM	44567
	UCLA_1	1
	0.607483	1
	1.120901
PRED	O-SSM	44567
	UCLA_1	1
	0.561700	1
	0.747750
PRED	O-SSM	44567
	UCLA_1	1
	0.533966	1
	0.526265
PRED	O-SSM	44567
	UCLA_1	1
	0.578921	1
	0.886741
PRED	O-SSM	44567
	UCLA_1	0
	0.515670	1
	0.381156
PRED	O-SSM	44567
	UCLA_1	0
	0.559542	1
	0.730427
PRED	O-SSM	44567
	UCLA_1	0
	0.530889	1
	0.501825
PRED	O-SSM	44567
	UCLA_1	0
	0.596312	1
	1.028696
PRED	O-SSM	44567
	UCLA_1	0
	0.574503	1
	0.850955
PRED	O-SSM	44567
	YALE	1
	0.296870	0
	0.878260
PRED	O-SSM	44567
	YALE	1
	0.363813	0
	0.547321
PRED	O-SSM	44567
	YALE	1
	0.334127	0
	0.689914
PRED	O-SSM	44567
	YALE	1
	0.138048	0
	1.935605
PRED	O-SSM	44567
	YALE	1
	0.459731	0
	0.113819
PRED	O-SSM	44567
	YALE	0
	0.427495	0
	0.256333
PRED	O-SSM	44567
	YALE	0
	0.293756	0
	0.894577
PRED	O-SSM	44567
	YALE	0
	0.215822	0
	1.345038
PRED	O-SSM	44567
	YALE	0
	0.457107	0
	0.125348
PRED	O-SSM	44567
	YALE	0
	0.118805	0
	2.123429
PRED	O-SSM	44567
	PITT	1
	0.661893	1
	1.056612
PRED	O-SSM	44567
	PITT	1
	0.657543	1
	1.354287
PRED	O-SSM	44567
	PITT	1
	0.666216	1
	0.759001
PRED	O-SSM	44567
	PITT	1
	0.659704	1
	1.206677
PRED	O-SSM	44567
	PITT	1
	0.657074	1
	1.386297
PRED	O-SSM	44567
	PITT	0
	0.663529	1
	0.944200
PRED	O-SSM	44567
	PITT	0
	0.664392	1
	0.884825
PRED	O-SSM	44567
	PITT	0
	0.651775	1
	1.746205
PRED	O-SSM	44567
	PITT	0
	0.668168	1
	0.623932
PRED	O-SSM	44567
	PITT	0
	0.661754	1
	1.066209
PRED	O-SSM	44567
	USM	1
	0.310167	0
	0.457647
PRED	O-SSM	44567
	USM	1
	0.355134	0
	0.615141
PRED	O-SSM	44567
	USM	1
	0.276734	0
	0.332315
PRED	O-SSM	44567
	USM	1
	0.711270	1
	1.778610
PRED	O-SSM	44567
	USM	1
	0.631255	1
	1.495952
PRED	O-SSM	44567
	USM	0
	0.262117	0
	0.274631
PRED	O-SSM	44567
	USM	0
	0.383271	0
	0.709003
PRED	O-SSM	44567
	USM	0
	0.501776	1
	1.083953
PRED	O-SSM	44567
	USM	0
	0.320738	0
	0.495668
PRED	O-SSM	44567
	USM	0
	0.380284	0
	0.699175
PRED	O-SSM	44567
	MAX_MUN	1
	0.165292	0
	0.116352
PRED	O-SSM	44567
	MAX_MUN	1
	0.249907	0
	0.551503
PRED	O-SSM	44567
	MAX_MUN	1
	0.477397	0
	1.395136
PRED	O-SSM	44567
	MAX_MUN	1
	0.241751	0
	0.514704
PRED	O-SSM	44567
	MAX_MUN	1
	0.372100	0
	1.033184
PRED	O-SSM	44567
	MAX_MUN	0
	0.333156	0
	0.890386
PRED	O-SSM	44567
	MAX_MUN	0
	0.293102	0
	0.734461
PRED	O-SSM	44567
	MAX_MUN	0
	0.487243	0
	1.428117
PRED	O-SSM	44567
	MAX_MUN	0
	0.352461	0
	0.962071
PRED	O-SSM	44567
	MAX_MUN	0
	0.530500	1
	1.572977
PRED	O-SSM	44567
	TRINITY	1
	0.639004	1
	1.711619
PRED	O-SSM	44567
	TRINITY	1
	0.519282	1
	0.829875
PRED	O-SSM	44567
	TRINITY	1
	0.742054	1
	2.578628
PRED	O-SSM	44567
	TRINITY	1
	0.552893	1
	1.071260
PRED	O-SSM	44567
	TRINITY	1
	0.571504	1
	1.206267
PRED	O-SSM	44567
	TRINITY	0
	0.473212	0
	0.500622
PRED	O-SSM	44567
	TRINITY	0
	0.464298	0
	0.436714
PRED	O-SSM	44567
	TRINITY	0
	0.559782	1
	1.121089
PRED	O-SSM	44567
	TRINITY	0
	0.505992	1
	0.734904
PRED	O-SSM	44567
	TRINITY	0
	0.472763	0
	0.497407
PRED	O-SSM	44567
	KKI	1
	0.579378	1
	1.025060
PRED	O-SSM	44567
	KKI	1
	0.819725	1
	1.957412
PRED	O-SSM	44567
	KKI	1
	0.489580	0
	0.742522
PRED	O-SSM	44567
	KKI	1
	0.487456	0
	0.735887
PRED	O-SSM	44567
	KKI	1
	0.505382	1
	0.791874
PRED	O-SSM	44567
	KKI	0
	0.686226	1
	1.385982
PRED	O-SSM	44567
	KKI	0
	0.512684	1
	0.814684
PRED	O-SSM	44567
	KKI	0
	0.812626	1
	1.920468
PRED	O-SSM	44567
	KKI	0
	0.714214	1
	1.490131
PRED	O-SSM	44567
	KKI	0
	0.538263	1
	0.894786
PRED	O-SSM	44567
	STANFORD	1
	0.725391	1
	1.588913
PRED	O-SSM	44567
	STANFORD	1
	0.679616	1
	1.245898
PRED	O-SSM	44567
	STANFORD	1
	0.970306	1
	5.522208
PRED	O-SSM	44567
	STANFORD	1
	0.740428	1
	1.709061
PRED	O-SSM	44567
	STANFORD	1
	0.693861	1
	1.349457
PRED	O-SSM	44567
	STANFORD	0
	0.689490	1
	1.317410
PRED	O-SSM	44567
	STANFORD	0
	0.648184	1
	1.025506
PRED	O-SSM	44567
	STANFORD	0
	0.531425	1
	0.266777
PRED	O-SSM	44567
	STANFORD	0
	0.637628	1
	0.953597
PRED	O-SSM	44567
	STANFORD	0
	0.661994	1
	1.121092
PRED	O-SSM	44567
	CALTECH	1
	0.417766	0
	0.549964
PRED	O-SSM	44567
	CALTECH	1
	0.416162	0
	0.535097
PRED	O-SSM	44567
	CALTECH	1
	0.404043	0
	0.422177
PRED	O-SSM	44567
	CALTECH	1
	0.422158	0
	0.590603
PRED	O-SSM	44567
	CALTECH	1
	0.493713	0
	1.241482
PRED	O-SSM	44567
	CALTECH	0
	0.471365	0
	1.039715
PRED	O-SSM	44567
	CALTECH	0
	0.458133	0
	0.919815
PRED	O-SSM	44567
	CALTECH	0
	0.371845	0
	0.116398
PRED	O-SSM	44567
	CALTECH	0
	0.426253	0
	0.628399
PRED	O-SSM	44567
	CALTECH	0
	0.463525	0
	0.968731
PRED	O-SSM	44567
	LEUVEN_2	1
	0.466673	0
	1.320490
PRED	O-SSM	44567
	LEUVEN_2	1
	0.468296	0
	1.330551
PRED	O-SSM	44567
	LEUVEN_2	1
	0.311735	0
	0.304121
PRED	O-SSM	44567
	LEUVEN_2	1
	0.466832	0
	1.321474
PRED	O-SSM	44567
	LEUVEN_2	1
	0.340954	0
	0.509359
PRED	O-SSM	44567
	LEUVEN_2	0
	0.407172	0
	0.946730
PRED	O-SSM	44567
	LEUVEN_2	0
	0.427136	0
	1.073481
PRED	O-SSM	44567
	LEUVEN_2	0
	0.473257	0
	1.361289
PRED	O-SSM	44567
	LEUVEN_2	0
	0.524756	1
	1.679509
PRED	O-SSM	44567
	LEUVEN_2	0
	0.321168	0
	0.371433
PRED	O-SSM	44567
	OLIN	1
	0.385106	0
	1.066500
PRED	O-SSM	44567
	OLIN	1
	0.241745	0
	0.132461
PRED	O-SSM	44567
	OLIN	1
	0.266059	0
	0.310116
PRED	O-SSM	44567
	OLIN	1
	0.275315	0
	0.374979
PRED	O-SSM	44567
	OLIN	1
	0.277554	0
	0.390466
PRED	O-SSM	44567
	OLIN	0
	0.535240	1
	1.909130
PRED	O-SSM	44567
	OLIN	0
	0.251293	0
	0.203577
PRED	O-SSM	44567
	OLIN	0
	0.321161	0
	0.678460
PRED	O-SSM	44567
	OLIN	0
	0.278053	0
	0.393908
PRED	O-SSM	44567
	OLIN	0
	0.418427	0
	1.258366
PRED	O-SSM	44567
	SBL	1
	0.321493	0
	1.648027
PRED	O-SSM	44567
	SBL	1
	0.319580	0
	1.583905
PRED	O-SSM	44567
	SBL	1
	0.305700	0
	1.112336
PRED	O-SSM	44567
	SBL	1
	0.310404	0
	1.273423
PRED	O-SSM	44567
	SBL	1
	0.278131	0
	0.138108
PRED	O-SSM	44567
	SBL	0
	0.316349	0
	1.475134
PRED	O-SSM	44567
	SBL	0
	0.296265	0
	0.784920
PRED	O-SSM	44567
	SBL	0
	0.279761	0
	0.197270
PRED	O-SSM	44567
	SBL	0
	0.310082	0
	1.262438
PRED	O-SSM	44567
	SBL	0
	0.303455	0
	1.034933
PRED	O-SSM	44567
	LEUVEN_1	1
	0.745891	1
	1.001295
PRED	O-SSM	44567
	LEUVEN_1	1
	0.711719	1
	0.779985
PRED	O-SSM	44567
	LEUVEN_1	1
	0.798474	1
	1.384881
PRED	O-SSM	44567
	LEUVEN_1	1
	0.759469	1
	1.094585
PRED	O-SSM	44567
	LEUVEN_1	1
	0.750488	1
	1.032495
PRED	O-SSM	44567
	LEUVEN_1	0
	0.753124	1
	1.050564
PRED	O-SSM	44567
	LEUVEN_1	0
	0.745208	1
	0.996690
PRED	O-SSM	44567
	LEUVEN_1	0
	0.639441	1
	0.356966
PRED	O-SSM	44567
	LEUVEN_1	0
	0.711735	1
	0.780088
PRED	O-SSM	44567
	LEUVEN_1	0
	0.808859	1
	1.469053
PRED	O-SSM	44567
	SDSU	1
	0.431872	0
	0.479408
PRED	O-SSM	44567
	SDSU	1
	0.442796	0
	0.858604
PRED	O-SSM	44567
	SDSU	1
	0.429668	0
	0.402610
PRED	O-SSM	44567
	SDSU	1
	0.432739	0
	0.509581
PRED	O-SSM	44567
	SDSU	1
	0.453368	0
	1.223807
PRED	O-SSM	44567
	SDSU	0
	0.458383	0
	1.396503
PRED	O-SSM	44567
	SDSU	0
	0.461598	0
	1.507050
PRED	O-SSM	44567
	SDSU	0
	0.420755	0
	0.091091
PRED	O-SSM	44567
	SDSU	0
	0.511220	1
	3.205198
PRED	O-SSM	44567
	SDSU	0
	0.441828	0
	0.825105
PRED	O-SSM	44567
	CMU	1
	0.757958	1
	1.460424
PRED	O-SSM	44567
	CMU	1
	0.581538	1
	0.092487
PRED	O-SSM	44567
	CMU	1
	0.616709	1
	0.339180
PRED	O-SSM	44567
	CMU	1
	0.593214	1
	0.173606
PRED	O-SSM	44567
	CMU	1
	0.723422	1
	1.157313
PRED	O-SSM	44567
	CMU	0
	0.671974	1
	0.745850
PRED	O-SSM	44567
	CMU	0
	0.635898	1
	0.477245
PRED	O-SSM	44567
	CMU	0
	0.589030	1
	0.144458
PRED	O-SSM	44567
	CMU	0
	0.693615	1
	0.914138
PRED	O-SSM	44567
	CMU	0
	0.718729	1
	1.118026
PRED	O-SSM	44567
	UCLA_2	1
	0.343974	0
	1.065220
PRED	O-SSM	44567
	UCLA_2	1
	0.345451	0
	0.990391
PRED	O-SSM	44567
	UCLA_2	1
	0.346897	0
	0.917256
PRED	O-SSM	44567
	UCLA_2	1
	0.340375	0
	1.248269
PRED	O-SSM	44567
	UCLA_2	1
	0.361200	0
	0.201297
PRED	O-SSM	44567
	UCLA_2	0
	0.357977	0
	0.361513
PRED	O-SSM	44567
	UCLA_2	0
	0.344304	0
	1.048497
PRED	O-SSM	44567
	UCLA_2	0
	0.358973	0
	0.311908
PRED	O-SSM	44567
	UCLA_2	0
	0.349359	0
	0.793077
PRED	O-SSM	44567
	UCLA_2	0
	0.350603	0
	0.730485
PRED	O-SSM	44567
	UM_2	1
	0.255620	0
	1.664443
PRED	O-SSM	44567
	UM_2	1
	0.306230	0
	1.211487
PRED	O-SSM	44567
	UM_2	1
	0.439558	0
	0.174346
PRED	O-SSM	44567
	UM_2	1
	0.330619	0
	1.008659
PRED	O-SSM	44567
	UM_2	1
	0.310016	0
	1.179443
PRED	O-SSM	44567
	UM_2	0
	0.287718	0
	1.371499
PRED	O-SSM	44567
	UM_2	0
	0.421895	0
	0.304321
PRED	O-SSM	44567
	UM_2	0
	0.422433	0
	0.300341
PRED	O-SSM	44567
	UM_2	0
	0.292201	0
	1.332217
PRED	O-SSM	44567
	UM_2	0
	0.307975	0
	1.196690
PRED	O-SSM	44567
	OHSU	1
	0.722452	1
	1.015802
PRED	O-SSM	44567
	OHSU	1
	0.696317	1
	0.798761
PRED	O-SSM	44567
	OHSU	1
	0.822103	1
	1.998041
PRED	O-SSM	44567
	OHSU	1
	0.674412	1
	0.624878
PRED	O-SSM	44567
	OHSU	1
	0.709578	1
	0.907443
PRED	O-SSM	44567
	OHSU	0
	0.714812	1
	0.951145
PRED	O-SSM	44567
	OHSU	0
	0.738080	1
	1.151595
PRED	O-SSM	44567
	OHSU	0
	0.812263	1
	1.885315
PRED	O-SSM	44567
	OHSU	0
	0.787321	1
	1.618486
PRED	O-SSM	44567
	OHSU	0
	0.595776	1
	0.042530
  O-SSM    44567
   acc=49.500000% bal=49.500000% sites=20
/20
 test_n=200
 assoc=0.949965
PRED	O-SSM	77889
	NYU	1
	0.441467	0
	0.378260
PRED	O-SSM	77889
	NYU	1
	0.445560	0
	0.411976
PRED	O-SSM	77889
	NYU	1
	0.450348	0
	0.451346
PRED	O-SSM	77889
	NYU	1
	0.469593	0
	0.608875
PRED	O-SSM	77889
	NYU	1
	0.605026	1
	1.723423
PRED	O-SSM	77889
	NYU	0
	0.548912	1
	1.255478
PRED	O-SSM	77889
	NYU	0
	0.499196	0
	0.849907
PRED	O-SSM	77889
	NYU	0
	0.511003	1
	0.945940
PRED	O-SSM	77889
	NYU	0
	0.541606	1
	1.195576
PRED	O-SSM	77889
	NYU	0
	0.438714	0
	0.355554
PRED	O-SSM	77889
	UM_1	1
	0.818749	1
	1.392798
PRED	O-SSM	77889
	UM_1	1
	0.671065	1
	0.814945
PRED	O-SSM	77889
	UM_1	1
	0.627732	1
	0.676455
PRED	O-SSM	77889
	UM_1	1
	0.807973	1
	1.341183
PRED	O-SSM	77889
	UM_1	1
	0.482423	0
	0.245488
PRED	O-SSM	77889
	UM_1	0
	0.682513	1
	0.852994
PRED	O-SSM	77889
	UM_1	0
	0.424563	0
	0.075574
PRED	O-SSM	77889
	UM_1	0
	0.729220	1
	1.016793
PRED	O-SSM	77889
	UM_1	0
	0.629080	1
	0.680653
PRED	O-SSM	77889
	UM_1	0
	0.715682	1
	0.967706
PRED	O-SSM	77889
	UCLA_1	1
	0.236344	0
	1.173973
PRED	O-SSM	77889
	UCLA_1	1
	0.239988	0
	1.125579
PRED	O-SSM	77889
	UCLA_1	1
	0.267172	0
	0.779315
PRED	O-SSM	77889
	UCLA_1	1
	0.285486	0
	0.558601
PRED	O-SSM	77889
	UCLA_1	1
	0.257283	0
	0.902467
PRED	O-SSM	77889
	UCLA_1	0
	0.286452	0
	0.547208
PRED	O-SSM	77889
	UCLA_1	0
	0.252951	0
	0.957393
PRED	O-SSM	77889
	UCLA_1	0
	0.295770	0
	0.438420
PRED	O-SSM	77889
	UCLA_1	0
	0.221093	0
	1.382312
PRED	O-SSM	77889
	UCLA_1	0
	0.258119	0
	0.891939
PRED	O-SSM	77889
	YALE	1
	0.785524	1
	1.418526
PRED	O-SSM	77889
	YALE	1
	0.602720	1
	0.576323
PRED	O-SSM	77889
	YALE	1
	0.554132	1
	0.385746
PRED	O-SSM	77889
	YALE	1
	0.819909	1
	1.626447
PRED	O-SSM	77889
	YALE	1
	0.482447	0
	0.110898
PRED	O-SSM	77889
	YALE	0
	0.510643	1
	0.218708
PRED	O-SSM	77889
	YALE	0
	0.569868	1
	0.446841
PRED	O-SSM	77889
	YALE	0
	0.727333	1
	1.115586
PRED	O-SSM	77889
	YALE	0
	0.490938	0
	0.143378
PRED	O-SSM	77889
	YALE	0
	0.956821	1
	3.138704
PRED	O-SSM	77889
	PITT	1
	0.729622	1
	1.075946
PRED	O-SSM	77889
	PITT	1
	0.776724	1
	1.578752
PRED	O-SSM	77889
	PITT	1
	0.721606	1
	0.996234
PRED	O-SSM	77889
	PITT	1
	0.738892	1
	1.170010
PRED	O-SSM	77889
	PITT	1
	0.735898	1
	1.139398
PRED	O-SSM	77889
	PITT	0
	0.691146	1
	0.705281
PRED	O-SSM	77889
	PITT	0
	0.700078	1
	0.788798
PRED	O-SSM	77889
	PITT	0
	0.752898	1
	1.316333
PRED	O-SSM	77889
	PITT	0
	0.712963	1
	0.911844
PRED	O-SSM	77889
	PITT	0
	0.695272	1
	0.743685
PRED	O-SSM	77889
	USM	1
	0.557857	1
	0.291714
PRED	O-SSM	77889
	USM	1
	0.564792	1
	0.884241
PRED	O-SSM	77889
	USM	1
	0.558484	1
	0.345159
PRED	O-SSM	77889
	USM	1
	0.573191	1
	1.604735
PRED	O-SSM	77889
	USM	1
	0.569686	1
	1.303612
PRED	O-SSM	77889
	USM	0
	0.557541	1
	0.264805
PRED	O-SSM	77889
	USM	0
	0.564396	1
	0.850321
PRED	O-SSM	77889
	USM	0
	0.571581	1
	1.466361
PRED	O-SSM	77889
	USM	0
	0.559044	1
	0.393014
PRED	O-SSM	77889
	USM	0
	0.571148	1
	1.429167
PRED	O-SSM	77889
	MAX_MUN	1
	0.636830	1
	0.172206
PRED	O-SSM	77889
	MAX_MUN	1
	0.614443	1
	0.712943
PRED	O-SSM	77889
	MAX_MUN	1
	0.589573	1
	1.300152
PRED	O-SSM	77889
	MAX_MUN	1
	0.617237	1
	0.646153
PRED	O-SSM	77889
	MAX_MUN	1
	0.597033	1
	1.125304
PRED	O-SSM	77889
	MAX_MUN	0
	0.612571	1
	0.757578
PRED	O-SSM	77889
	MAX_MUN	0
	0.615402	1
	0.690032
PRED	O-SSM	77889
	MAX_MUN	0
	0.595376	1
	1.164221
PRED	O-SSM	77889
	MAX_MUN	0
	0.619123	1
	0.600942
PRED	O-SSM	77889
	MAX_MUN	0
	0.588450	1
	1.326392
PRED	O-SSM	77889
	TRINITY	1
	0.892009	1
	2.702087
PRED	O-SSM	77889
	TRINITY	1
	0.671121	1
	0.921554
PRED	O-SSM	77889
	TRINITY	1
	0.819714	1
	1.941805
PRED	O-SSM	77889
	TRINITY	1
	0.725298	1
	1.249651
PRED	O-SSM	77889
	TRINITY	1
	0.778830	1
	1.616364
PRED	O-SSM	77889
	TRINITY	0
	0.587307	1
	0.462576
PRED	O-SSM	77889
	TRINITY	0
	0.589224	1
	0.472655
PRED	O-SSM	77889
	TRINITY	0
	0.767151	1
	1.531595
PRED	O-SSM	77889
	TRINITY	0
	0.679336	1
	0.969261
PRED	O-SSM	77889
	TRINITY	0
	0.574061	1
	0.393291
PRED	O-SSM	77889
	KKI	1
	0.466856	0
	0.872857
PRED	O-SSM	77889
	KKI	1
	0.486182	0
	1.313523
PRED	O-SSM	77889
	KKI	1
	0.462054	0
	0.763045
PRED	O-SSM	77889
	KKI	1
	0.473635	0
	1.027612
PRED	O-SSM	77889
	KKI	1
	0.481245	0
	1.201107
PRED	O-SSM	77889
	KKI	0
	0.468336	0
	0.906659
PRED	O-SSM	77889
	KKI	0
	0.476199	0
	1.086100
PRED	O-SSM	77889
	KKI	0
	0.518108	1
	2.040087
PRED	O-SSM	77889
	KKI	0
	0.478572	0
	1.140199
PRED	O-SSM	77889
	KKI	0
	0.464887	0
	0.827839
PRED	O-SSM	77889
	STANFORD	1
	0.142245	0
	1.880309
PRED	O-SSM	77889
	STANFORD	1
	0.184448	0
	1.391391
PRED	O-SSM	77889
	STANFORD	1
	0.008561	0
	6.537536
PRED	O-SSM	77889
	STANFORD	1
	0.150798	0
	1.772508
PRED	O-SSM	77889
	STANFORD	1
	0.170498	0
	1.542042
PRED	O-SSM	77889
	STANFORD	0
	0.223264	0
	1.013599
PRED	O-SSM	77889
	STANFORD	0
	0.184813	0
	1.387574
PRED	O-SSM	77889
	STANFORD	0
	0.301189	0
	0.375250
PRED	O-SSM	77889
	STANFORD	0
	0.234544	0
	0.912885
PRED	O-SSM	77889
	STANFORD	0
	0.220395	0
	1.039790
PRED	O-SSM	77889
	CALTECH	1
	0.363667	0
	0.387144
PRED	O-SSM	77889
	CALTECH	1
	0.358422	0
	0.258278
PRED	O-SSM	77889
	CALTECH	1
	0.357968	0
	0.247062
PRED	O-SSM	77889
	CALTECH	1
	0.378536	0
	0.748310
PRED	O-SSM	77889
	CALTECH	1
	0.402339	0
	1.315376
PRED	O-SSM	77889
	CALTECH	0
	0.376122	0
	0.690071
PRED	O-SSM	77889
	CALTECH	0
	0.380433	0
	0.793984
PRED	O-SSM	77889
	CALTECH	0
	0.354006	0
	0.149114
PRED	O-SSM	77889
	CALTECH	0
	0.382813	0
	0.851165
PRED	O-SSM	77889
	CALTECH	0
	0.387792	0
	0.970333
PRED	O-SSM	77889
	LEUVEN_2	1
	0.235875	0
	1.491500
PRED	O-SSM	77889
	LEUVEN_2	1
	0.244166	0
	1.421876
PRED	O-SSM	77889
	LEUVEN_2	1
	0.397758	0
	0.326515
PRED	O-SSM	77889
	LEUVEN_2	1
	0.226599	0
	1.571433
PRED	O-SSM	77889
	LEUVEN_2	1
	0.341757	0
	0.695118
PRED	O-SSM	77889
	LEUVEN_2	0
	0.281368	0
	1.127362
PRED	O-SSM	77889
	LEUVEN_2	0
	0.256776	0
	1.318981
PRED	O-SSM	77889
	LEUVEN_2	0
	0.271245	0
	1.204912
PRED	O-SSM	77889
	LEUVEN_2	0
	0.216837	0
	1.658087
PRED	O-SSM	77889
	LEUVEN_2	0
	0.381274	0
	0.432705
PRED	O-SSM	77889
	OLIN	1
	0.451151	0
	1.085115
PRED	O-SSM	77889
	OLIN	1
	0.390009	0
	0.160644
PRED	O-SSM	77889
	OLIN	1
	0.391480	0
	0.183378
PRED	O-SSM	77889
	OLIN	1
	0.396428	0
	0.259625
PRED	O-SSM	77889
	OLIN	1
	0.396202	0
	0.256162
PRED	O-SSM	77889
	OLIN	0
	0.473886	0
	1.421673
PRED	O-SSM	77889
	OLIN	0
	0.389828	0
	0.157849
PRED	O-SSM	77889
	OLIN	0
	0.451897	0
	1.096205
PRED	O-SSM	77889
	OLIN	0
	0.401372	0
	0.335506
PRED	O-SSM	77889
	OLIN	0
	0.456687	0
	1.167297
PRED	O-SSM	77889
	SBL	1
	0.554378	1
	1.676269
PRED	O-SSM	77889
	SBL	1
	0.591707	1
	1.317635
PRED	O-SSM	77889
	SBL	1
	0.591596	1
	1.318713
PRED	O-SSM	77889
	SBL	1
	0.555014	1
	1.670227
PRED	O-SSM	77889
	SBL	1
	0.707238	1
	0.117147
PRED	O-SSM	77889
	SBL	0
	0.581562	1
	1.415928
PRED	O-SSM	77889
	SBL	0
	0.653774	1
	0.695884
PRED	O-SSM	77889
	SBL	0
	0.699315	1
	0.206351
PRED	O-SSM	77889
	SBL	0
	0.611733	1
	1.121282
PRED	O-SSM	77889
	SBL	0
	0.635289	1
	0.885468
PRED	O-SSM	77889
	LEUVEN_1	1
	0.508533	1
	0.987529
PRED	O-SSM	77889
	LEUVEN_1	1
	0.501600	1
	0.890111
PRED	O-SSM	77889
	LEUVEN_1	1
	0.545529	1
	1.509065
PRED	O-SSM	77889
	LEUVEN_1	1
	0.524598	1
	1.213506
PRED	O-SSM	77889
	LEUVEN_1	1
	0.499827	0
	0.865209
PRED	O-SSM	77889
	LEUVEN_1	0
	0.524575	1
	1.213182
PRED	O-SSM	77889
	LEUVEN_1	0
	0.540089	1
	1.432073
PRED	O-SSM	77889
	LEUVEN_1	0
	0.468069	0
	0.418414
PRED	O-SSM	77889
	LEUVEN_1	0
	0.495096	0
	0.798733
PRED	O-SSM	77889
	LEUVEN_1	0
	0.540806	1
	1.442222
PRED	O-SSM	77889
	SDSU	1
	0.246077	0
	0.454779
PRED	O-SSM	77889
	SDSU	1
	0.270686	0
	0.614198
PRED	O-SSM	77889
	SDSU	1
	0.281502	0
	0.681345
PRED	O-SSM	77889
	SDSU	1
	0.261011	0
	0.552691
PRED	O-SSM	77889
	SDSU	1
	0.408669	0
	1.385462
PRED	O-SSM	77889
	SDSU	0
	0.456565	0
	1.627750
PRED	O-SSM	77889
	SDSU	0
	0.488981	0
	1.789149
PRED	O-SSM	77889
	SDSU	0
	0.200269	0
	0.126046
PRED	O-SSM	77889
	SDSU	0
	0.512505	1
	1.905907
PRED	O-SSM	77889
	SDSU	0
	0.296261	0
	0.770490
PRED	O-SSM	77889
	CMU	1
	0.368768	0
	1.066435
PRED	O-SSM	77889
	CMU	1
	0.514786	1
	0.110640
PRED	O-SSM	77889
	CMU	1
	0.477715	0
	0.348300
PRED	O-SSM	77889
	CMU	1
	0.490534	0
	0.266069
PRED	O-SSM	77889
	CMU	1
	0.399569	0
	0.857799
PRED	O-SSM	77889
	CMU	0
	0.419591	0
	0.725150
PRED	O-SSM	77889
	CMU	0
	0.449858	0
	0.527784
PRED	O-SSM	77889
	CMU	0
	0.512486	1
	0.125385
PRED	O-SSM	77889
	CMU	0
	0.410424	0
	0.785639
PRED	O-SSM	77889
	CMU	0
	0.418870	0
	0.729894
PRED	O-SSM	77889
	UCLA_2	1
	0.297710	0
	0.956093
PRED	O-SSM	77889
	UCLA_2	1
	0.342568	0
	0.700088
PRED	O-SSM	77889
	UCLA_2	1
	0.261319	0
	1.180511
PRED	O-SSM	77889
	UCLA_2	1
	0.243228	0
	1.299530
PRED	O-SSM	77889
	UCLA_2	1
	0.436257	0
	0.209431
PRED	O-SSM	77889
	UCLA_2	0
	0.408897	0
	0.348574
PRED	O-SSM	77889
	UCLA_2	0
	0.281244	0
	1.055427
PRED	O-SSM	77889
	UCLA_2	0
	0.415657	0
	0.313964
PRED	O-SSM	77889
	UCLA_2	0
	0.341446	0
	0.706275
PRED	O-SSM	77889
	UCLA_2	0
	0.265587	0
	1.153226
PRED	O-SSM	77889
	UM_2	1
	0.958988	1
	2.555745
PRED	O-SSM	77889
	UM_2	1
	0.864036	1
	1.177546
PRED	O-SSM	77889
	UM_2	1
	0.698146	1
	0.108306
PRED	O-SSM	77889
	UM_2	1
	0.845231	1
	1.017226
PRED	O-SSM	77889
	UM_2	1
	0.893068	1
	1.466604
PRED	O-SSM	77889
	UM_2	0
	0.855573	1
	1.103254
PRED	O-SSM	77889
	UM_2	0
	0.768982	1
	0.493466
PRED	O-SSM	77889
	UM_2	0
	0.739423	1
	0.324631
PRED	O-SSM	77889
	UM_2	0
	0.850711	1
	1.062199
PRED	O-SSM	77889
	UM_2	0
	0.937440	1
	2.084996
PRED	O-SSM	77889
	OHSU	1
	0.442210	0
	1.137081
PRED	O-SSM	77889
	OHSU	1
	0.502787	1
	0.746547
PRED	O-SSM	77889
	OHSU	1
	0.360543	0
	1.684030
PRED	O-SSM	77889
	OHSU	1
	0.514389	1
	0.672043
PRED	O-SSM	77889
	OHSU	1
	0.484155	0
	0.866189
PRED	O-SSM	77889
	OHSU	0
	0.457762	0
	1.036231
PRED	O-SSM	77889
	OHSU	0
	0.439459	0
	1.154988
PRED	O-SSM	77889
	OHSU	0
	0.295035	0
	2.162346
PRED	O-SSM	77889
	OHSU	0
	0.249170	0
	2.534656
PRED	O-SSM	77889
	OHSU	0
	0.612475	1
	0.029855
  O-SSM    77889
   acc=49.000000% bal=49.000000% sites=20
/20
 test_n=200
 assoc=0.974985
PRED	O-SSM	99001
	NYU	1
	0.473474	0
	0.362515
PRED	O-SSM	99001
	NYU	1
	0.495137	0
	0.458429
PRED	O-SSM	99001
	NYU	1
	0.473836	0
	0.364124
PRED	O-SSM	99001
	NYU	1
	0.550096	1
	0.702221
PRED	O-SSM	99001
	NYU	1
	0.763676	1
	1.776709
PRED	O-SSM	99001
	NYU	0
	0.697374	1
	1.402898
PRED	O-SSM	99001
	NYU	0
	0.571190	1
	0.796913
PRED	O-SSM	99001
	NYU	0
	0.625611	1
	1.047573
PRED	O-SSM	99001
	NYU	0
	0.692303	1
	1.376456
PRED	O-SSM	99001
	NYU	0
	0.496001	0
	0.462247
PRED	O-SSM	99001
	UM_1	1
	0.678208	1
	1.841913
PRED	O-SSM	99001
	UM_1	1
	0.596509	1
	1.125714
PRED	O-SSM	99001
	UM_1	1
	0.566185	1
	0.873978
PRED	O-SSM	99001
	UM_1	1
	0.598911	1
	1.145891
PRED	O-SSM	99001
	UM_1	1
	0.493450	0
	0.283214
PRED	O-SSM	99001
	UM_1	0
	0.579075	1
	0.980369
PRED	O-SSM	99001
	UM_1	0
	0.469414	0
	0.088721
PRED	O-SSM	99001
	UM_1	0
	0.565894	1
	0.871588
PRED	O-SSM	99001
	UM_1	0
	0.521278	1
	0.508137
PRED	O-SSM	99001
	UM_1	0
	0.622185	1
	1.343621
PRED	O-SSM	99001
	UCLA_1	1
	0.643963	1
	0.957109
PRED	O-SSM	99001
	UCLA_1	1
	0.639978	1
	1.229343
PRED	O-SSM	99001
	UCLA_1	1
	0.640596	1
	1.187205
PRED	O-SSM	99001
	UCLA_1	1
	0.651706	1
	0.424238
PRED	O-SSM	99001
	UCLA_1	1
	0.647255	1
	0.731220
PRED	O-SSM	99001
	UCLA_1	0
	0.648041	1
	0.677162
PRED	O-SSM	99001
	UCLA_1	0
	0.648044	1
	0.676944
PRED	O-SSM	99001
	UCLA_1	0
	0.649091	1
	0.604852
PRED	O-SSM	99001
	UCLA_1	0
	0.640602	1
	1.186813
PRED	O-SSM	99001
	UCLA_1	0
	0.644555	1
	0.916578
PRED	O-SSM	99001
	YALE	1
	0.679044	1
	1.082363
PRED	O-SSM	99001
	YALE	1
	0.588612	1
	0.671463
PRED	O-SSM	99001
	YALE	1
	0.545564	1
	0.487140
PRED	O-SSM	99001
	YALE	1
	0.697495	1
	1.172718
PRED	O-SSM	99001
	YALE	1
	0.450776	0
	0.087644
PRED	O-SSM	99001
	YALE	0
	0.476547	0
	0.196530
PRED	O-SSM	99001
	YALE	0
	0.581942	1
	0.642598
PRED	O-SSM	99001
	YALE	0
	0.694207	1
	1.156400
PRED	O-SSM	99001
	YALE	0
	0.460300	0
	0.127983
PRED	O-SSM	99001
	YALE	0
	0.832181	1
	1.977143
PRED	O-SSM	99001
	PITT	1
	0.424752	0
	1.516302
PRED	O-SSM	99001
	PITT	1
	0.390567	0
	1.949144
PRED	O-SSM	99001
	PITT	1
	0.478613	0
	0.851002
PRED	O-SSM	99001
	PITT	1
	0.436490	0
	1.369989
PRED	O-SSM	99001
	PITT	1
	0.419379	0
	1.583620
PRED	O-SSM	99001
	PITT	0
	0.451594	0
	1.182984
PRED	O-SSM	99001
	PITT	0
	0.479227	0
	0.843475
PRED	O-SSM	99001
	PITT	0
	0.464226	0
	1.027458
PRED	O-SSM	99001
	PITT	0
	0.463964	0
	1.030676
PRED	O-SSM	99001
	PITT	0
	0.478625	0
	0.850846
PRED	O-SSM	99001
	USM	1
	0.513035	1
	0.492238
PRED	O-SSM	99001
	USM	1
	0.550560	1
	0.873794
PRED	O-SSM	99001
	USM	1
	0.496565	0
	0.325499
PRED	O-SSM	99001
	USM	1
	0.693845	1
	2.430620
PRED	O-SSM	99001
	USM	1
	0.552089	1
	0.889431
PRED	O-SSM	99001
	USM	0
	0.485372	0
	0.212159
PRED	O-SSM	99001
	USM	0
	0.536191	1
	0.727237
PRED	O-SSM	99001
	USM	0
	0.603903	1
	1.427520
PRED	O-SSM	99001
	USM	0
	0.524667	1
	0.610152
PRED	O-SSM	99001
	USM	0
	0.588995	1
	1.270775
PRED	O-SSM	99001
	MAX_MUN	1
	0.351970	0
	0.144336
PRED	O-SSM	99001
	MAX_MUN	1
	0.334067	0
	0.533335
PRED	O-SSM	99001
	MAX_MUN	1
	0.268237	0
	2.069328
PRED	O-SSM	99001
	MAX_MUN	1
	0.331749	0
	0.584441
PRED	O-SSM	99001
	MAX_MUN	1
	0.305012	0
	1.187876
PRED	O-SSM	99001
	MAX_MUN	0
	0.315343	0
	0.951474
PRED	O-SSM	99001
	MAX_MUN	0
	0.308619	0
	1.104857
PRED	O-SSM	99001
	MAX_MUN	0
	0.300582	0
	1.290611
PRED	O-SSM	99001
	MAX_MUN	0
	0.324514	0
	0.745120
PRED	O-SSM	99001
	MAX_MUN	0
	0.306938	0
	1.143469
PRED	O-SSM	99001
	TRINITY	1
	0.861140	1
	1.832667
PRED	O-SSM	99001
	TRINITY	1
	0.705082	1
	0.834345
PRED	O-SSM	99001
	TRINITY	1
	0.926149	1
	2.570208
PRED	O-SSM	99001
	TRINITY	1
	0.761979	1
	1.140116
PRED	O-SSM	99001
	TRINITY	1
	0.744932	1
	1.043970
PRED	O-SSM	99001
	TRINITY	0
	0.642228	1
	0.534199
PRED	O-SSM	99001
	TRINITY	0
	0.634762	1
	0.500323
PRED	O-SSM	99001
	TRINITY	0
	0.768873	1
	1.180334
PRED	O-SSM	99001
	TRINITY	0
	0.720726	1
	0.914412
PRED	O-SSM	99001
	TRINITY	0
	0.583775	1
	0.275754
PRED	O-SSM	99001
	KKI	1
	0.757885	1
	1.202582
PRED	O-SSM	99001
	KKI	1
	0.765367	1
	1.250298
PRED	O-SSM	99001
	KKI	1
	0.652244	1
	0.609598
PRED	O-SSM	99001
	KKI	1
	0.740798	1
	1.097231
PRED	O-SSM	99001
	KKI	1
	0.779478	1
	1.343257
PRED	O-SSM	99001
	KKI	0
	0.715493	1
	0.949152
PRED	O-SSM	99001
	KKI	0
	0.706219	1
	0.896914
PRED	O-SSM	99001
	KKI	0
	0.899841	1
	2.423223
PRED	O-SSM	99001
	KKI	0
	0.830352	1
	1.720092
PRED	O-SSM	99001
	KKI	0
	0.717419	1
	0.960128
PRED	O-SSM	99001
	STANFORD	1
	0.483088	0
	1.073582
PRED	O-SSM	99001
	STANFORD	1
	0.488577	0
	1.335061
PRED	O-SSM	99001
	STANFORD	1
	0.570158	1
	5.240315
PRED	O-SSM	99001
	STANFORD	1
	0.501175	1
	1.934797
PRED	O-SSM	99001
	STANFORD	1
	0.492136	0
	1.504532
PRED	O-SSM	99001
	STANFORD	0
	0.485920	0
	1.208495
PRED	O-SSM	99001
	STANFORD	0
	0.476981	0
	0.782479
PRED	O-SSM	99001
	STANFORD	0
	0.468316	0
	0.368767
PRED	O-SSM	99001
	STANFORD	0
	0.484414	0
	1.136761
PRED	O-SSM	99001
	STANFORD	0
	0.486530	0
	1.237577
PRED	O-SSM	99001
	CALTECH	1
	0.277846	0
	0.519515
PRED	O-SSM	99001
	CALTECH	1
	0.266344	0
	0.457582
PRED	O-SSM	99001
	CALTECH	1
	0.268361	0
	0.468563
PRED	O-SSM	99001
	CALTECH	1
	0.315014	0
	0.709733
PRED	O-SSM	99001
	CALTECH	1
	0.436668	0
	1.266434
PRED	O-SSM	99001
	CALTECH	0
	0.302633	0
	0.647874
PRED	O-SSM	99001
	CALTECH	0
	0.392514	0
	1.072300
PRED	O-SSM	99001
	CALTECH	0
	0.213242	0
	0.145958
PRED	O-SSM	99001
	CALTECH	0
	0.293507	0
	0.601364
PRED	O-SSM	99001
	CALTECH	0
	0.433162	0
	1.251224
PRED	O-SSM	99001
	LEUVEN_2	1
	0.429177	0
	1.236042
PRED	O-SSM	99001
	LEUVEN_2	1
	0.460518	0
	0.983504
PRED	O-SSM	99001
	LEUVEN_2	1
	0.553699	1
	0.239750
PRED	O-SSM	99001
	LEUVEN_2	1
	0.345960	0
	1.935530
PRED	O-SSM	99001
	LEUVEN_2	1
	0.531799	1
	0.415317
PRED	O-SSM	99001
	LEUVEN_2	0
	0.421935	0
	1.294970
PRED	O-SSM	99001
	LEUVEN_2	0
	0.465300	0
	0.945236
PRED	O-SSM	99001
	LEUVEN_2	0
	0.475491	0
	0.863863
PRED	O-SSM	99001
	LEUVEN_2	0
	0.474001	0
	0.875743
PRED	O-SSM	99001
	LEUVEN_2	0
	0.533910	1
	0.398445
PRED	O-SSM	99001
	OLIN	1
	0.295522	0
	0.939197
PRED	O-SSM	99001
	OLIN	1
	0.331588	0
	0.148835
PRED	O-SSM	99001
	OLIN	1
	0.327492	0
	0.236208
PRED	O-SSM	99001
	OLIN	1
	0.320430	0
	0.388175
PRED	O-SSM	99001
	OLIN	1
	0.326268	0
	0.262418
PRED	O-SSM	99001
	OLIN	0
	0.266963	0
	1.605476
PRED	O-SSM	99001
	OLIN	0
	0.330228	0
	0.177770
PRED	O-SSM	99001
	OLIN	0
	0.293596	0
	0.982874
PRED	O-SSM	99001
	OLIN	0
	0.323300	0
	0.326194
PRED	O-SSM	99001
	OLIN	0
	0.291120	0
	1.039290
PRED	O-SSM	99001
	SBL	1
	0.431990	0
	1.815005
PRED	O-SSM	99001
	SBL	1
	0.503775	1
	1.182116
PRED	O-SSM	99001
	SBL	1
	0.489965	0
	1.303169
PRED	O-SSM	99001
	SBL	1
	0.431112	0
	1.822847
PRED	O-SSM	99001
	SBL	1
	0.619221	1
	0.149781
PRED	O-SSM	99001
	SBL	0
	0.465746	0
	1.515897
PRED	O-SSM	99001
	SBL	0
	0.583083	1
	0.480205
PRED	O-SSM	99001
	SBL	0
	0.613255	1
	0.205057
PRED	O-SSM	99001
	SBL	0
	0.472240	0
	1.458761
PRED	O-SSM	99001
	SBL	0
	0.520276	1
	1.037401
PRED	O-SSM	99001
	LEUVEN_1	1
	0.590565	1
	0.833843
PRED	O-SSM	99001
	LEUVEN_1	1
	0.587809	1
	0.743217
PRED	O-SSM	99001
	LEUVEN_1	1
	0.613273	1
	1.588302
PRED	O-SSM	99001
	LEUVEN_1	1
	0.608603	1
	1.431910
PRED	O-SSM	99001
	LEUVEN_1	1
	0.604101	1
	1.281808
PRED	O-SSM	99001
	LEUVEN_1	0
	0.596103	1
	1.016533
PRED	O-SSM	99001
	LEUVEN_1	0
	0.596010	1
	1.013468
PRED	O-SSM	99001
	LEUVEN_1	0
	0.578698	1
	0.444885
PRED	O-SSM	99001
	LEUVEN_1	0
	0.596427	1
	1.027248
PRED	O-SSM	99001
	LEUVEN_1	0
	0.619541	1
	1.799303
PRED	O-SSM	99001
	SDSU	1
	0.293878	0
	0.460214
PRED	O-SSM	99001
	SDSU	1
	0.350141	0
	0.788593
PRED	O-SSM	99001
	SDSU	1
	0.331392	0
	0.682431
PRED	O-SSM	99001
	SDSU	1
	0.267129	0
	0.291552
PRED	O-SSM	99001
	SDSU	1
	0.452239	0
	1.331385
PRED	O-SSM	99001
	SDSU	0
	0.398910	0
	1.053648
PRED	O-SSM	99001
	SDSU	0
	0.397219	0
	1.044675
PRED	O-SSM	99001
	SDSU	0
	0.240292	0
	0.111165
PRED	O-SSM	99001
	SDSU	0
	0.820302	1
	3.506178
PRED	O-SSM	99001
	SDSU	0
	0.314112	0
	0.581873
PRED	O-SSM	99001
	CMU	1
	0.600199	1
	0.918870
PRED	O-SSM	99001
	CMU	1
	0.620073	1
	0.078700
PRED	O-SSM	99001
	CMU	1
	0.616513	1
	0.230368
PRED	O-SSM	99001
	CMU	1
	0.616709	1
	0.221998
PRED	O-SSM	99001
	CMU	1
	0.600119	1
	0.922230
PRED	O-SSM	99001
	CMU	0
	0.606675	1
	0.646782
PRED	O-SSM	99001
	CMU	0
	0.610476	1
	0.486354
PRED	O-SSM	99001
	CMU	0
	0.618779	1
	0.133862
PRED	O-SSM	99001
	CMU	0
	0.603388	1
	0.785061
PRED	O-SSM	99001
	CMU	0
	0.606540	1
	0.652443
PRED	O-SSM	99001
	UCLA_2	1
	0.266781	0
	0.740220
PRED	O-SSM	99001
	UCLA_2	1
	0.219693	0
	1.001162
PRED	O-SSM	99001
	UCLA_2	1
	0.218488	0
	1.008329
PRED	O-SSM	99001
	UCLA_2	1
	0.185984	0
	1.213698
PRED	O-SSM	99001
	UCLA_2	1
	0.370761	0
	0.249690
PRED	O-SSM	99001
	UCLA_2	0
	0.363329	0
	0.282246
PRED	O-SSM	99001
	UCLA_2	0
	0.185679	0
	1.215744
PRED	O-SSM	99001
	UCLA_2	0
	0.340547	0
	0.383912
PRED	O-SSM	99001
	UCLA_2	0
	0.287554	0
	0.634675
PRED	O-SSM	99001
	UCLA_2	0
	0.223140	0
	0.980820
PRED	O-SSM	99001
	UM_2	1
	0.038052	0
	2.652277
PRED	O-SSM	99001
	UM_2	1
	0.143768	0
	1.411437
PRED	O-SSM	99001
	UM_2	1
	0.419857	0
	0.157458
PRED	O-SSM	99001
	UM_2	1
	0.284228	0
	0.672638
PRED	O-SSM	99001
	UM_2	1
	0.116527	0
	1.618628
PRED	O-SSM	99001
	UM_2	0
	0.033440	0
	2.767266
PRED	O-SSM	99001
	UM_2	0
	0.323547	0
	0.512936
PRED	O-SSM	99001
	UM_2	0
	0.340844	0
	0.446000
PRED	O-SSM	99001
	UM_2	0
	0.061680	0
	2.216352
PRED	O-SSM	99001
	UM_2	0
	0.190742	0
	1.120344
PRED	O-SSM	99001
	OHSU	1
	0.235310	0
	1.110390
PRED	O-SSM	99001
	OHSU	1
	0.308449	0
	0.644185
PRED	O-SSM	99001
	OHSU	1
	0.144848	0
	1.860263
PRED	O-SSM	99001
	OHSU	1
	0.283982	0
	0.791655
PRED	O-SSM	99001
	OHSU	1
	0.277849	0
	0.829791
PRED	O-SSM	99001
	OHSU	0
	0.240799	0
	1.072383
PRED	O-SSM	99001
	OHSU	0
	0.220825	0
	1.213761
PRED	O-SSM	99001
	OHSU	0
	0.122649	0
	2.101389
PRED	O-SSM	99001
	OHSU	0
	0.205920	0
	1.325334
PRED	O-SSM	99001
	OHSU	0
	0.419352	0
	0.038858
  O-SSM    99001
   acc=50.000000% bal=50.000000% sites=20
/20
 test_n=200
 assoc=0.980579
PRED	O-SSM	31415
	NYU	1
	0.303302	0
	0.361823
PRED	O-SSM	31415
	NYU	1
	0.278834	0
	0.507052
PRED	O-SSM	31415
	NYU	1
	0.292728	0
	0.423709
PRED	O-SSM	31415
	NYU	1
	0.240859	0
	0.749100
PRED	O-SSM	31415
	NYU	1
	0.127461	0
	1.698608
PRED	O-SSM	31415
	NYU	0
	0.205225	0
	1.001251
PRED	O-SSM	31415
	NYU	0
	0.208870	0
	0.974075
PRED	O-SSM	31415
	NYU	0
	0.161907	0
	1.356456
PRED	O-SSM	31415
	NYU	0
	0.170672	0
	1.279045
PRED	O-SSM	31415
	NYU	0
	0.225977	0
	0.850941
PRED	O-SSM	31415
	UM_1	1
	0.844973	1
	1.816061
PRED	O-SSM	31415
	UM_1	1
	0.772381	1
	1.152673
PRED	O-SSM	31415
	UM_1	1
	0.686570	1
	0.539997
PRED	O-SSM	31415
	UM_1	1
	0.761709	1
	1.069058
PRED	O-SSM	31415
	UM_1	1
	0.631430	1
	0.195949
PRED	O-SSM	31415
	UM_1	0
	0.766585	1
	1.106925
PRED	O-SSM	31415
	UM_1	0
	0.611328	1
	0.076321
PRED	O-SSM	31415
	UM_1	0
	0.712999	1
	0.716184
PRED	O-SSM	31415
	UM_1	0
	0.660679	1
	0.375077
PRED	O-SSM	31415
	UM_1	0
	0.787017	1
	1.271983
PRED	O-SSM	31415
	UCLA_1	1
	0.627087	1
	1.075469
PRED	O-SSM	31415
	UCLA_1	1
	0.655953	1
	1.402995
PRED	O-SSM	31415
	UCLA_1	1
	0.625435	1
	1.057058
PRED	O-SSM	31415
	UCLA_1	1
	0.581851	1
	0.581544
PRED	O-SSM	31415
	UCLA_1	1
	0.607766	1
	0.862079
PRED	O-SSM	31415
	UCLA_1	0
	0.597512	1
	0.750386
PRED	O-SSM	31415
	UCLA_1	0
	0.664282	1
	1.499822
PRED	O-SSM	31415
	UCLA_1	0
	0.585009	1
	0.615441
PRED	O-SSM	31415
	UCLA_1	0
	0.627727	1
	1.082612
PRED	O-SSM	31415
	UCLA_1	0
	0.621820	1
	1.016882
PRED	O-SSM	31415
	YALE	1
	0.585773	1
	0.812415
PRED	O-SSM	31415
	YALE	1
	0.584780	1
	0.875660
PRED	O-SSM	31415
	YALE	1
	0.593055	1
	0.347521
PRED	O-SSM	31415
	YALE	1
	0.563288	1
	2.233827
PRED	O-SSM	31415
	YALE	1
	0.596907	1
	0.100549
PRED	O-SSM	31415
	YALE	0
	0.596227	1
	0.144246
PRED	O-SSM	31415
	YALE	0
	0.587974	1
	0.672159
PRED	O-SSM	31415
	YALE	0
	0.583248	1
	0.973063
PRED	O-SSM	31415
	YALE	0
	0.596728	1
	0.112026
PRED	O-SSM	31415
	YALE	0
	0.556752	1
	2.643663
PRED	O-SSM	31415
	PITT	1
	0.655185	1
	1.283917
PRED	O-SSM	31415
	PITT	1
	0.687419	1
	1.518810
PRED	O-SSM	31415
	PITT	1
	0.634924	1
	1.141686
PRED	O-SSM	31415
	PITT	1
	0.707791	1
	1.674035
PRED	O-SSM	31415
	PITT	1
	0.690773	1
	1.543967
PRED	O-SSM	31415
	PITT	0
	0.618654	1
	1.029908
PRED	O-SSM	31415
	PITT	0
	0.583817	1
	0.796295
PRED	O-SSM	31415
	PITT	0
	0.670896	1
	1.396933
PRED	O-SSM	31415
	PITT	0
	0.596960	1
	0.883638
PRED	O-SSM	31415
	PITT	0
	0.568867	1
	0.697899
PRED	O-SSM	31415
	USM	1
	0.487420	0
	0.281199
PRED	O-SSM	31415
	USM	1
	0.600647	1
	0.805033
PRED	O-SSM	31415
	USM	1
	0.485489	0
	0.272366
PRED	O-SSM	31415
	USM	1
	0.767506	1
	1.703187
PRED	O-SSM	31415
	USM	1
	0.644940	1
	1.020637
PRED	O-SSM	31415
	USM	0
	0.492652	0
	0.305116
PRED	O-SSM	31415
	USM	0
	0.537066	1
	0.508406
PRED	O-SSM	31415
	USM	0
	0.740788	1
	1.538423
PRED	O-SSM	31415
	USM	0
	0.511680	1
	0.392090
PRED	O-SSM	31415
	USM	0
	0.661639	1
	1.104878
PRED	O-SSM	31415
	MAX_MUN	1
	0.447474	0
	0.166754
PRED	O-SSM	31415
	MAX_MUN	1
	0.444851	0
	0.424939
PRED	O-SSM	31415
	MAX_MUN	1
	0.438252	0
	1.075915
PRED	O-SSM	31415
	MAX_MUN	1
	0.439244	0
	0.977863
PRED	O-SSM	31415
	MAX_MUN	1
	0.436405	0
	1.258485
PRED	O-SSM	31415
	MAX_MUN	0
	0.440379	0
	0.865887
PRED	O-SSM	31415
	MAX_MUN	0
	0.443696	0
	0.538715
PRED	O-SSM	31415
	MAX_MUN	0
	0.438083	0
	1.092559
PRED	O-SSM	31415
	MAX_MUN	0
	0.439381	0
	0.964390
PRED	O-SSM	31415
	MAX_MUN	0
	0.435176	0
	1.380065
PRED	O-SSM	31415
	TRINITY	1
	0.267672	0
	2.069544
PRED	O-SSM	31415
	TRINITY	1
	0.447688	0
	1.026500
PRED	O-SSM	31415
	TRINITY	1
	0.159577	0
	2.927219
PRED	O-SSM	31415
	TRINITY	1
	0.349332	0
	1.566012
PRED	O-SSM	31415
	TRINITY	1
	0.462990	0
	0.945691
PRED	O-SSM	31415
	TRINITY	0
	0.504215	1
	0.729381
PRED	O-SSM	31415
	TRINITY	0
	0.511404	1
	0.691710
PRED	O-SSM	31415
	TRINITY	0
	0.372688	0
	1.433380
PRED	O-SSM	31415
	TRINITY	0
	0.473207	0
	0.891949
PRED	O-SSM	31415
	TRINITY	0
	0.536904	1
	0.557790
PRED	O-SSM	31415
	KKI	1
	0.578434	1
	1.183627
PRED	O-SSM	31415
	KKI	1
	0.586787	1
	1.209946
PRED	O-SSM	31415
	KKI	1
	0.443482	0
	0.767254
PRED	O-SSM	31415
	KKI	1
	0.609840	1
	1.283462
PRED	O-SSM	31415
	KKI	1
	0.434118	0
	0.738116
PRED	O-SSM	31415
	KKI	0
	0.516733	1
	0.992530
PRED	O-SSM	31415
	KKI	0
	0.504789	1
	0.955903
PRED	O-SSM	31415
	KKI	0
	0.970052	1
	3.606143
PRED	O-SSM	31415
	KKI	0
	0.687592	1
	1.545707
PRED	O-SSM	31415
	KKI	0
	0.469320	0
	0.847072
PRED	O-SSM	31415
	STANFORD	1
	0.130831	0
	1.425866
PRED	O-SSM	31415
	STANFORD	1
	0.208243	0
	0.902342
PRED	O-SSM	31415
	STANFORD	1
	0.003016	0
	5.161332
PRED	O-SSM	31415
	STANFORD	1
	0.066470	0
	2.128107
PRED	O-SSM	31415
	STANFORD	1
	0.070597	0
	2.067435
PRED	O-SSM	31415
	STANFORD	0
	0.278249	0
	0.543632
PRED	O-SSM	31415
	STANFORD	0
	0.232621	0
	0.769152
PRED	O-SSM	31415
	STANFORD	0
	0.292513	0
	0.478008
PRED	O-SSM	31415
	STANFORD	0
	0.235291	0
	0.755174
PRED	O-SSM	31415
	STANFORD	0
	0.128134	0
	1.448313
PRED	O-SSM	31415
	CALTECH	1
	0.499669	0
	0.649716
PRED	O-SSM	31415
	CALTECH	1
	0.499343	0
	0.648476
PRED	O-SSM	31415
	CALTECH	1
	0.461388	0
	0.503613
PRED	O-SSM	31415
	CALTECH	1
	0.475500	0
	0.557584
PRED	O-SSM	31415
	CALTECH	1
	0.589649	1
	0.996178
PRED	O-SSM	31415
	CALTECH	0
	0.613800	1
	1.092163
PRED	O-SSM	31415
	CALTECH	0
	0.572377	1
	0.928610
PRED	O-SSM	31415
	CALTECH	0
	0.385658	0
	0.207616
PRED	O-SSM	31415
	CALTECH	0
	0.533968	1
	0.780560
PRED	O-SSM	31415
	CALTECH	0
	0.578658	1
	0.953093
PRED	O-SSM	31415
	LEUVEN_2	1
	0.274194	0
	1.596456
PRED	O-SSM	31415
	LEUVEN_2	1
	0.313749	0
	0.926204
PRED	O-SSM	31415
	LEUVEN_2	1
	0.356043	0
	0.258504
PRED	O-SSM	31415
	LEUVEN_2	1
	0.302360	0
	1.113906
PRED	O-SSM	31415
	LEUVEN_2	1
	0.340707	0
	0.495857
PRED	O-SSM	31415
	LEUVEN_2	0
	0.296565	0
	1.210950
PRED	O-SSM	31415
	LEUVEN_2	0
	0.305673	0
	1.058908
PRED	O-SSM	31415
	LEUVEN_2	0
	0.322617	0
	0.782594
PRED	O-SSM	31415
	LEUVEN_2	0
	0.272560	0
	1.625349
PRED	O-SSM	31415
	LEUVEN_2	0
	0.347921	0
	0.383602
PRED	O-SSM	31415
	OLIN	1
	0.472083	0
	0.758294
PRED	O-SSM	31415
	OLIN	1
	0.359858	0
	0.154116
PRED	O-SSM	31415
	OLIN	1
	0.373752	0
	0.231984
PRED	O-SSM	31415
	OLIN	1
	0.411648	0
	0.438928
PRED	O-SSM	31415
	OLIN	1
	0.380076	0
	0.267031
PRED	O-SSM	31415
	OLIN	0
	0.619771	1
	1.539691
PRED	O-SSM	31415
	OLIN	0
	0.378637	0
	0.259076
PRED	O-SSM	31415
	OLIN	0
	0.564387	1
	1.240868
PRED	O-SSM	31415
	OLIN	0
	0.400331	0
	0.377847
PRED	O-SSM	31415
	OLIN	0
	0.573123	1
	1.287227
PRED	O-SSM	31415
	SBL	1
	0.648424	1
	1.523789
PRED	O-SSM	31415
	SBL	1
	0.625561	1
	1.322076
PRED	O-SSM	31415
	SBL	1
	0.587657	1
	0.997931
PRED	O-SSM	31415
	SBL	1
	0.695190	1
	1.956943
PRED	O-SSM	31415
	SBL	1
	0.489093	0
	0.186349
PRED	O-SSM	31415
	SBL	0
	0.670076	1
	1.720422
PRED	O-SSM	31415
	SBL	0
	0.581542	1
	0.946571
PRED	O-SSM	31415
	SBL	0
	0.503181	1
	0.301291
PRED	O-SSM	31415
	SBL	0
	0.630180	1
	1.362403
PRED	O-SSM	31415
	SBL	0
	0.627915	1
	1.342601
PRED	O-SSM	31415
	LEUVEN_1	1
	0.389730	0
	1.335773
PRED	O-SSM	31415
	LEUVEN_1	1
	0.343887	0
	0.674555
PRED	O-SSM	31415
	LEUVEN_1	1
	0.408505	0
	1.597804
PRED	O-SSM	31415
	LEUVEN_1	1
	0.390851	0
	1.351535
PRED	O-SSM	31415
	LEUVEN_1	1
	0.392585	0
	1.375891
PRED	O-SSM	31415
	LEUVEN_1	0
	0.390057	0
	1.340363
PRED	O-SSM	31415
	LEUVEN_1	0
	0.375445	0
	1.133358
PRED	O-SSM	31415
	LEUVEN_1	0
	0.326381	0
	0.411578
PRED	O-SSM	31415
	LEUVEN_1	0
	0.360244	0
	0.914562
PRED	O-SSM	31415
	LEUVEN_1	0
	0.406347	0
	1.567897
PRED	O-SSM	31415
	SDSU	1
	0.418984	0
	0.583284
PRED	O-SSM	31415
	SDSU	1
	0.405964	0
	0.641134
PRED	O-SSM	31415
	SDSU	1
	0.442977	0
	0.477922
PRED	O-SSM	31415
	SDSU	1
	0.452852	0
	0.434926
PRED	O-SSM	31415
	SDSU	1
	0.350474	0
	0.895531
PRED	O-SSM	31415
	SDSU	0
	0.138341	0
	2.200649
PRED	O-SSM	31415
	SDSU	0
	0.246915	0
	1.431903
PRED	O-SSM	31415
	SDSU	0
	0.524599	1
	0.125242
PRED	O-SSM	31415
	SDSU	0
	0.111733	0
	2.463386
PRED	O-SSM	31415
	SDSU	0
	0.410250	0
	0.622026
PRED	O-SSM	31415
	CMU	1
	0.424729	0
	1.249531
PRED	O-SSM	31415
	CMU	1
	0.492219	0
	0.111782
PRED	O-SSM	31415
	CMU	1
	0.484744	0
	0.236798
PRED	O-SSM	31415
	CMU	1
	0.481348	0
	0.293636
PRED	O-SSM	31415
	CMU	1
	0.440495	0
	0.981104
PRED	O-SSM	31415
	CMU	0
	0.459686	0
	0.657047
PRED	O-SSM	31415
	CMU	0
	0.465812	0
	0.554068
PRED	O-SSM	31415
	CMU	0
	0.490566	0
	0.139418
PRED	O-SSM	31415
	CMU	0
	0.439502	0
	0.997931
PRED	O-SSM	31415
	CMU	0
	0.447889	0
	0.855939
PRED	O-SSM	31415
	UCLA_2	1
	0.530140	1
	1.010644
PRED	O-SSM	31415
	UCLA_2	1
	0.558858	1
	1.274340
PRED	O-SSM	31415
	UCLA_2	1
	0.537533	1
	1.078283
PRED	O-SSM	31415
	UCLA_2	1
	0.602872	1
	1.686243
PRED	O-SSM	31415
	UCLA_2	1
	0.447244	0
	0.253587
PRED	O-SSM	31415
	UCLA_2	0
	0.469966	0
	0.461973
PRED	O-SSM	31415
	UCLA_2	0
	0.565817	1
	1.338715
PRED	O-SSM	31415
	UCLA_2	0
	0.454708	0
	0.322215
PRED	O-SSM	31415
	UCLA_2	0
	0.505855	1
	0.789148
PRED	O-SSM	31415
	UCLA_2	0
	0.536082	1
	1.064996
PRED	O-SSM	31415
	UM_2	1
	0.722727	1
	2.330362
PRED	O-SSM	31415
	UM_2	1
	0.730283	1
	1.039074
PRED	O-SSM	31415
	UM_2	1
	0.735575	1
	0.121093
PRED	O-SSM	31415
	UM_2	1
	0.731313	1
	0.861237
PRED	O-SSM	31415
	UM_2	1
	0.727384	1
	1.537220
PRED	O-SSM	31415
	UM_2	0
	0.726821	1
	1.633506
PRED	O-SSM	31415
	UM_2	0
	0.733498	1
	0.482779
PRED	O-SSM	31415
	UM_2	0
	0.734173	1
	0.365294
PRED	O-SSM	31415
	UM_2	0
	0.730153	1
	1.061455
PRED	O-SSM	31415
	UM_2	0
	0.728497	1
	1.346300
PRED	O-SSM	31415
	OHSU	1
	0.192669	0
	1.093954
PRED	O-SSM	31415
	OHSU	1
	0.175366	0
	0.528349
PRED	O-SSM	31415
	OHSU	1
	0.208520	0
	1.579065
PRED	O-SSM	31415
	OHSU	1
	0.173776	0
	0.474248
PRED	O-SSM	31415
	OHSU	1
	0.180748	0
	0.708753
PRED	O-SSM	31415
	OHSU	0
	0.197403	0
	1.241879
PRED	O-SSM	31415
	OHSU	0
	0.209128	0
	1.597113
PRED	O-SSM	31415
	OHSU	0
	0.219841	0
	1.909086
PRED	O-SSM	31415
	OHSU	0
	0.234674	0
	2.323508
PRED	O-SSM	31415
	OHSU	0
	0.161604	0
	0.046284
  O-SSM    31415
   acc=44.000000% bal=44.000000% sites=20
/20
 test_n=200
 assoc=1.004383
PRED	O-SSM	27182
	NYU	1
	0.345293	0
	0.271014
PRED	O-SSM	27182
	NYU	1
	0.361397	0
	0.420068
PRED	O-SSM	27182
	NYU	1
	0.362366	0
	0.428942
PRED	O-SSM	27182
	NYU	1
	0.397924	0
	0.748217
PRED	O-SSM	27182
	NYU	1
	0.454877	0
	1.241209
PRED	O-SSM	27182
	NYU	0
	0.438115	0
	1.097770
PRED	O-SSM	27182
	NYU	0
	0.387839	0
	0.658811
PRED	O-SSM	27182
	NYU	0
	0.441696	0
	1.128506
PRED	O-SSM	27182
	NYU	0
	0.437205	0
	1.089952
PRED	O-SSM	27182
	NYU	0
	0.368525	0
	0.485101
PRED	O-SSM	27182
	UM_1	1
	0.297888	0
	1.714378
PRED	O-SSM	27182
	UM_1	1
	0.307971	0
	1.430148
PRED	O-SSM	27182
	UM_1	1
	0.335530	0
	0.678173
PRED	O-SSM	27182
	UM_1	1
	0.317073	0
	1.177997
PRED	O-SSM	27182
	UM_1	1
	0.351710	0
	0.251172
PRED	O-SSM	27182
	UM_1	0
	0.318471	0
	1.139629
PRED	O-SSM	27182
	UM_1	0
	0.358749	0
	0.068255
PRED	O-SSM	27182
	UM_1	0
	0.333671	0
	0.727888
PRED	O-SSM	27182
	UM_1	0
	0.342861	0
	0.483526
PRED	O-SSM	27182
	UM_1	0
	0.330435	0
	0.814711
PRED	O-SSM	27182
	UCLA_1	1
	0.545173	1
	1.298408
PRED	O-SSM	27182
	UCLA_1	1
	0.527282	1
	1.178244
PRED	O-SSM	27182
	UCLA_1	1
	0.606159	1
	1.715954
PRED	O-SSM	27182
	UCLA_1	1
	0.431153	0
	0.532936
PRED	O-SSM	27182
	UCLA_1	1
	0.492468	0
	0.945483
PRED	O-SSM	27182
	UCLA_1	0
	0.467089	0
	0.775631
PRED	O-SSM	27182
	UCLA_1	0
	0.513605	1
	1.086718
PRED	O-SSM	27182
	UCLA_1	0
	0.442960	0
	0.613087
PRED	O-SSM	27182
	UCLA_1	0
	0.508433	1
	1.052147
PRED	O-SSM	27182
	UCLA_1	0
	0.424492	0
	0.487493
PRED	O-SSM	27182
	YALE	1
	0.614539	1
	0.882997
PRED	O-SSM	27182
	YALE	1
	0.593571	1
	0.721013
PRED	O-SSM	27182
	YALE	1
	0.604592	1
	0.805786
PRED	O-SSM	27182
	YALE	1
	0.713690	1
	1.708682
PRED	O-SSM	27182
	YALE	1
	0.515524	1
	0.136058
PRED	O-SSM	27182
	YALE	0
	0.524218	1
	0.200410
PRED	O-SSM	27182
	YALE	0
	0.574869	1
	0.578756
PRED	O-SSM	27182
	YALE	0
	0.628196	1
	0.990245
PRED	O-SSM	27182
	YALE	0
	0.511941	1
	0.109563
PRED	O-SSM	27182
	YALE	0
	0.800154	1
	2.584147
PRED	O-SSM	27182
	PITT	1
	0.608266	1
	1.266158
PRED	O-SSM	27182
	PITT	1
	0.672304	1
	1.914059
PRED	O-SSM	27182
	PITT	1
	0.575910	1
	0.954469
PRED	O-SSM	27182
	PITT	1
	0.618296	1
	1.364515
PRED	O-SSM	27182
	PITT	1
	0.557626	1
	0.781278
PRED	O-SSM	27182
	PITT	0
	0.574920	1
	0.945045
PRED	O-SSM	27182
	PITT	0
	0.572181	1
	0.919003
PRED	O-SSM	27182
	PITT	0
	0.576726	1
	0.962239
PRED	O-SSM	27182
	PITT	0
	0.568675	1
	0.885724
PRED	O-SSM	27182
	PITT	0
	0.560001	1
	0.803678
PRED	O-SSM	27182
	USM	1
	0.392023	0
	0.337407
PRED	O-SSM	27182
	USM	1
	0.372731	0
	0.746290
PRED	O-SSM	27182
	USM	1
	0.393672	0
	0.302803
PRED	O-SSM	27182
	USM	1
	0.322367	0
	1.859277
PRED	O-SSM	27182
	USM	1
	0.359158	0
	1.039051
PRED	O-SSM	27182
	USM	0
	0.395312	0
	0.268450
PRED	O-SSM	27182
	USM	0
	0.371659	0
	0.769250
PRED	O-SSM	27182
	USM	0
	0.328969	0
	1.708813
PRED	O-SSM	27182
	USM	0
	0.386871	0
	0.445832
PRED	O-SSM	27182
	USM	0
	0.360732	0
	1.004857
PRED	O-SSM	27182
	MAX_MUN	1
	0.546249	1
	0.177502
PRED	O-SSM	27182
	MAX_MUN	1
	0.410069	0
	0.692281
PRED	O-SSM	27182
	MAX_MUN	1
	0.159978	0
	1.905835
PRED	O-SSM	27182
	MAX_MUN	1
	0.445715	0
	0.555733
PRED	O-SSM	27182
	MAX_MUN	1
	0.262509	0
	1.319615
PRED	O-SSM	27182
	MAX_MUN	0
	0.333334	0
	1.001095
PRED	O-SSM	27182
	MAX_MUN	0
	0.352912	0
	0.919661
PRED	O-SSM	27182
	MAX_MUN	0
	0.232442	0
	1.471090
PRED	O-SSM	27182
	MAX_MUN	0
	0.428235	0
	0.622337
PRED	O-SSM	27182
	MAX_MUN	0
	0.233024	0
	1.468038
PRED	O-SSM	27182
	TRINITY	1
	0.328145	0
	1.222509
PRED	O-SSM	27182
	TRINITY	1
	0.443704	0
	0.754403
PRED	O-SSM	27182
	TRINITY	1
	0.233659	0
	1.672228
PRED	O-SSM	27182
	TRINITY	1
	0.233644	0
	1.672307
PRED	O-SSM	27182
	TRINITY	1
	0.401062	0
	0.921338
PRED	O-SSM	27182
	TRINITY	0
	0.487449	0
	0.586489
PRED	O-SSM	27182
	TRINITY	0
	0.484476	0
	0.597847
PRED	O-SSM	27182
	TRINITY	0
	0.291434	0
	1.386527
PRED	O-SSM	27182
	TRINITY	0
	0.450696	0
	0.727407
PRED	O-SSM	27182
	TRINITY	0
	0.508719	1
	0.505272
PRED	O-SSM	27182
	KKI	1
	0.655562	1
	1.388567
PRED	O-SSM	27182
	KKI	1
	0.629494	1
	1.270134
PRED	O-SSM	27182
	KKI	1
	0.601709	1
	1.147612
PRED	O-SSM	27182
	KKI	1
	0.648075	1
	1.354156
PRED	O-SSM	27182
	KKI	1
	0.485151	0
	0.655235
PRED	O-SSM	27182
	KKI	0
	0.679952	1
	1.503288
PRED	O-SSM	27182
	KKI	0
	0.638426	1
	1.310290
PRED	O-SSM	27182
	KKI	0
	0.857925	1
	2.592981
PRED	O-SSM	27182
	KKI	0
	0.817036	1
	2.278188
PRED	O-SSM	27182
	KKI	0
	0.568927	1
	1.006666
PRED	O-SSM	27182
	STANFORD	1
	0.122030	0
	1.889997
PRED	O-SSM	27182
	STANFORD	1
	0.176555	0
	1.007882
PRED	O-SSM	27182
	STANFORD	1
	0.060114	0
	3.469431
PRED	O-SSM	27182
	STANFORD	1
	0.164594	0
	1.179987
PRED	O-SSM	27182
	STANFORD	1
	0.136183	0
	1.633621
PRED	O-SSM	27182
	STANFORD	0
	0.203846	0
	0.646819
PRED	O-SSM	27182
	STANFORD	0
	0.188964	0
	0.838762
PRED	O-SSM	27182
	STANFORD	0
	0.234192	0
	0.285329
PRED	O-SSM	27182
	STANFORD	0
	0.206560	0
	0.612955
PRED	O-SSM	27182
	STANFORD	0
	0.159743	0
	1.252636
PRED	O-SSM	27182
	CALTECH	1
	0.333344	0
	0.472512
PRED	O-SSM	27182
	CALTECH	1
	0.329245	0
	0.571668
PRED	O-SSM	27182
	CALTECH	1
	0.340740	0
	0.295121
PRED	O-SSM	27182
	CALTECH	1
	0.334980	0
	0.433114
PRED	O-SSM	27182
	CALTECH	1
	0.295127	0
	1.423820
PRED	O-SSM	27182
	CALTECH	0
	0.306251	0
	1.140284
PRED	O-SSM	27182
	CALTECH	0
	0.316083	0
	0.894451
PRED	O-SSM	27182
	CALTECH	0
	0.346950	0
	0.147632
PRED	O-SSM	27182
	CALTECH	0
	0.322589	0
	0.734050
PRED	O-SSM	27182
	CALTECH	0
	0.307601	0
	1.106274
PRED	O-SSM	27182
	LEUVEN_2	1
	0.587041	1
	1.450650
PRED	O-SSM	27182
	LEUVEN_2	1
	0.529964	1
	0.961255
PRED	O-SSM	27182
	LEUVEN_2	1
	0.438545	0
	0.186093
PRED	O-SSM	27182
	LEUVEN_2	1
	0.617409	1
	1.718460
PRED	O-SSM	27182
	LEUVEN_2	1
	0.486182	0
	0.591092
PRED	O-SSM	27182
	LEUVEN_2	0
	0.554666	1
	1.171466
PRED	O-SSM	27182
	LEUVEN_2	0
	0.586383	1
	1.444914
PRED	O-SSM	27182
	LEUVEN_2	0
	0.477252	0
	0.515558
PRED	O-SSM	27182
	LEUVEN_2	0
	0.564221	1
	1.253336
PRED	O-SSM	27182
	LEUVEN_2	0
	0.453375	0
	0.312856
PRED	O-SSM	27182
	OLIN	1
	0.317137	0
	0.908385
PRED	O-SSM	27182
	OLIN	1
	0.332970	0
	0.179277
PRED	O-SSM	27182
	OLIN	1
	0.332725	0
	0.190440
PRED	O-SSM	27182
	OLIN	1
	0.328346	0
	0.390341
PRED	O-SSM	27182
	OLIN	1
	0.330147	0
	0.307946
PRED	O-SSM	27182
	OLIN	0
	0.304061	0
	1.525295
PRED	O-SSM	27182
	OLIN	0
	0.331998	0
	0.223525
PRED	O-SSM	27182
	OLIN	0
	0.314290	0
	1.041502
PRED	O-SSM	27182
	OLIN	0
	0.328708	0
	0.373725
PRED	O-SSM	27182
	OLIN	0
	0.315525	0
	0.983676
PRED	O-SSM	27182
	SBL	1
	0.752490	1
	1.579640
PRED	O-SSM	27182
	SBL	1
	0.739475	1
	1.413515
PRED	O-SSM	27182
	SBL	1
	0.723494	1
	1.216707
PRED	O-SSM	27182
	SBL	1
	0.744699	1
	1.479526
PRED	O-SSM	27182
	SBL	1
	0.627650	1
	0.153353
PRED	O-SSM	27182
	SBL	0
	0.728646	1
	1.279349
PRED	O-SSM	27182
	SBL	0
	0.669178	1
	0.594259
PRED	O-SSM	27182
	SBL	0
	0.633952	1
	0.218790
PRED	O-SSM	27182
	SBL	0
	0.749084	1
	1.535610
PRED	O-SSM	27182
	SBL	0
	0.699643	1
	0.935546
PRED	O-SSM	27182
	LEUVEN_1	1
	0.221473	0
	0.970831
PRED	O-SSM	27182
	LEUVEN_1	1
	0.308546	0
	0.635884
PRED	O-SSM	27182
	LEUVEN_1	1
	0.131023	0
	1.443177
PRED	O-SSM	27182
	LEUVEN_1	1
	0.171123	0
	1.209360
PRED	O-SSM	27182
	LEUVEN_1	1
	0.255135	0
	0.832668
PRED	O-SSM	27182
	LEUVEN_1	0
	0.090014	0
	1.756802
PRED	O-SSM	27182
	LEUVEN_1	0
	0.201229	0
	1.061253
PRED	O-SSM	27182
	LEUVEN_1	0
	0.342557	0
	0.520553
PRED	O-SSM	27182
	LEUVEN_1	0
	0.220445	0
	0.975273
PRED	O-SSM	27182
	LEUVEN_1	0
	0.072115	0
	1.936250
PRED	O-SSM	27182
	SDSU	1
	0.406648	0
	0.404320
PRED	O-SSM	27182
	SDSU	1
	0.434825	0
	0.667566
PRED	O-SSM	27182
	SDSU	1
	0.427225	0
	0.597027
PRED	O-SSM	27182
	SDSU	1
	0.426299	0
	0.588408
PRED	O-SSM	27182
	SDSU	1
	0.533469	1
	1.569586
PRED	O-SSM	27182
	SDSU	0
	0.531843	1
	1.554715
PRED	O-SSM	27182
	SDSU	0
	0.512399	1
	1.377302
PRED	O-SSM	27182
	SDSU	0
	0.377415	0
	0.125027
PRED	O-SSM	27182
	SDSU	0
	0.619133	1
	2.370359
PRED	O-SSM	27182
	SDSU	0
	0.460822	0
	0.906932
PRED	O-SSM	27182
	CMU	1
	0.554123	1
	1.370576
PRED	O-SSM	27182
	CMU	1
	0.589641	1
	0.121147
PRED	O-SSM	27182
	CMU	1
	0.586944	1
	0.217018
PRED	O-SSM	27182
	CMU	1
	0.584085	1
	0.318430
PRED	O-SSM	27182
	CMU	1
	0.567338	1
	0.908680
PRED	O-SSM	27182
	CMU	0
	0.577100	1
	0.565354
PRED	O-SSM	27182
	CMU	0
	0.575999	1
	0.604180
PRED	O-SSM	27182
	CMU	0
	0.588889	1
	0.147901
PRED	O-SSM	27182
	CMU	0
	0.571313	1
	0.769136
PRED	O-SSM	27182
	CMU	0
	0.561136	1
	1.125812
PRED	O-SSM	27182
	UCLA_2	1
	0.813975	1
	1.309230
PRED	O-SSM	27182
	UCLA_2	1
	0.636799	1
	0.590555
PRED	O-SSM	27182
	UCLA_2	1
	0.739823	1
	0.970541
PRED	O-SSM	27182
	UCLA_2	1
	0.821508	1
	1.348955
PRED	O-SSM	27182
	UCLA_2	1
	0.519819	1
	0.211644
PRED	O-SSM	27182
	UCLA_2	0
	0.568206	1
	0.365050
PRED	O-SSM	27182
	UCLA_2	0
	0.679482	1
	0.739776
PRED	O-SSM	27182
	UCLA_2	0
	0.568130	1
	0.364807
PRED	O-SSM	27182
	UCLA_2	0
	0.627203	1
	0.558128
PRED	O-SSM	27182
	UCLA_2	0
	0.812812	1
	1.303211
PRED	O-SSM	27182
	UM_2	1
	0.191064	0
	3.473311
PRED	O-SSM	27182
	UM_2	1
	0.364895	0
	1.256306
PRED	O-SSM	27182
	UM_2	1
	0.475643	0
	0.117345
PRED	O-SSM	27182
	UM_2	1
	0.417863	0
	0.701058
PRED	O-SSM	27182
	UM_2	1
	0.377622	0
	1.120313
PRED	O-SSM	27182
	UM_2	0
	0.340710	0
	1.520552
PRED	O-SSM	27182
	UM_2	0
	0.447704	0
	0.397789
PRED	O-SSM	27182
	UM_2	0
	0.453002	0
	0.344407
PRED	O-SSM	27182
	UM_2	0
	0.384029	0
	1.052546
PRED	O-SSM	27182
	UM_2	0
	0.387863	0
	1.012199
PRED	O-SSM	27182
	OHSU	1
	0.714149	1
	1.029934
PRED	O-SSM	27182
	OHSU	1
	0.709785	1
	0.898524
PRED	O-SSM	27182
	OHSU	1
	0.719438	1
	1.190848
PRED	O-SSM	27182
	OHSU	1
	0.709886	1
	0.901573
PRED	O-SSM	27182
	OHSU	1
	0.704899	1
	0.752786
PRED	O-SSM	27182
	OHSU	0
	0.725033	1
	1.363064
PRED	O-SSM	27182
	OHSU	0
	0.736997	1
	1.738813
PRED	O-SSM	27182
	OHSU	0
	0.750662	1
	2.181735
PRED	O-SSM	27182
	OHSU	0
	0.770413	1
	2.851723
PRED	O-SSM	27182
	OHSU	0
	0.680413	1
	0.042260
  O-SSM    27182
   acc=49.000000% bal=49.000000% sites=20
/20
 test_n=200
 assoc=0.969785
PRED	H-SSM	55555
	NYU	1
	0.573521	1
	0.000000
PRED	H-SSM	55555
	NYU	1
	0.573521	1
	0.000000
PRED	H-SSM	55555
	NYU	1
	0.573521	1
	0.000000
PRED	H-SSM	55555
	NYU	1
	0.573521	1
	0.000000
PRED	H-SSM	55555
	NYU	1
	0.573521	1
	0.000000
PRED	H-SSM	55555
	NYU	0
	0.573521	1
	0.000000
PRED	H-SSM	55555
	NYU	0
	0.573521	1
	0.000000
PRED	H-SSM	55555
	NYU	0
	0.573521	1
	0.000000
PRED	H-SSM	55555
	NYU	0
	0.573521	1
	0.000000
PRED	H-SSM	55555
	NYU	0
	0.573521	1
	0.000000
PRED	H-SSM	55555
	UM_1	1
	0.456123	0
	0.000000
PRED	H-SSM	55555
	UM_1	1
	0.456123	0
	0.000000
PRED	H-SSM	55555
	UM_1	1
	0.456123	0
	0.000000
PRED	H-SSM	55555
	UM_1	1
	0.456123	0
	0.000000
PRED	H-SSM	55555
	UM_1	1
	0.456123	0
	0.000000
PRED	H-SSM	55555
	UM_1	0
	0.456123	0
	0.000000
PRED	H-SSM	55555
	UM_1	0
	0.456123	0
	0.000000
PRED	H-SSM	55555
	UM_1	0
	0.456123	0
	0.000000
PRED	H-SSM	55555
	UM_1	0
	0.456123	0
	0.000000
PRED	H-SSM	55555
	UM_1	0
	0.456123	0
	0.000000
PRED	H-SSM	55555
	UCLA_1	1
	0.424663	0
	0.000000
PRED	H-SSM	55555
	UCLA_1	1
	0.424663	0
	0.000000
PRED	H-SSM	55555
	UCLA_1	1
	0.424663	0
	0.000000
PRED	H-SSM	55555
	UCLA_1	1
	0.424663	0
	0.000000
PRED	H-SSM	55555
	UCLA_1	1
	0.424663	0
	0.000000
PRED	H-SSM	55555
	UCLA_1	0
	0.424663	0
	0.000000
PRED	H-SSM	55555
	UCLA_1	0
	0.424663	0
	0.000000
PRED	H-SSM	55555
	UCLA_1	0
	0.424663	0
	0.000000
PRED	H-SSM	55555
	UCLA_1	0
	0.424663	0
	0.000000
PRED	H-SSM	55555
	UCLA_1	0
	0.424663	0
	0.000000
PRED	H-SSM	55555
	YALE	1
	0.423820	0
	0.000000
PRED	H-SSM	55555
	YALE	1
	0.423820	0
	0.000000
PRED	H-SSM	55555
	YALE	1
	0.423820	0
	0.000000
PRED	H-SSM	55555
	YALE	1
	0.423820	0
	0.000000
PRED	H-SSM	55555
	YALE	1
	0.423820	0
	0.000000
PRED	H-SSM	55555
	YALE	0
	0.423820	0
	0.000000
PRED	H-SSM	55555
	YALE	0
	0.423820	0
	0.000000
PRED	H-SSM	55555
	YALE	0
	0.423820	0
	0.000000
PRED	H-SSM	55555
	YALE	0
	0.423820	0
	0.000000
PRED	H-SSM	55555
	YALE	0
	0.423820	0
	0.000000
PRED	H-SSM	55555
	PITT	1
	0.825383	1
	0.000000
PRED	H-SSM	55555
	PITT	1
	0.825383	1
	0.000000
PRED	H-SSM	55555
	PITT	1
	0.825383	1
	0.000000
PRED	H-SSM	55555
	PITT	1
	0.825383	1
	0.000000
PRED	H-SSM	55555
	PITT	1
	0.825383	1
	0.000000
PRED	H-SSM	55555
	PITT	0
	0.825383	1
	0.000000
PRED	H-SSM	55555
	PITT	0
	0.825383	1
	0.000000
PRED	H-SSM	55555
	PITT	0
	0.825383	1
	0.000000
PRED	H-SSM	55555
	PITT	0
	0.825383	1
	0.000000
PRED	H-SSM	55555
	PITT	0
	0.825383	1
	0.000000
PRED	H-SSM	55555
	USM	1
	0.529675	1
	0.000000
PRED	H-SSM	55555
	USM	1
	0.529675	1
	0.000000
PRED	H-SSM	55555
	USM	1
	0.529675	1
	0.000000
PRED	H-SSM	55555
	USM	1
	0.529675	1
	0.000000
PRED	H-SSM	55555
	USM	1
	0.529675	1
	0.000000
PRED	H-SSM	55555
	USM	0
	0.529675	1
	0.000000
PRED	H-SSM	55555
	USM	0
	0.529675	1
	0.000000
PRED	H-SSM	55555
	USM	0
	0.529675	1
	0.000000
PRED	H-SSM	55555
	USM	0
	0.529675	1
	0.000000
PRED	H-SSM	55555
	USM	0
	0.529675	1
	0.000000
PRED	H-SSM	55555
	MAX_MUN	1
	0.567360	1
	0.000000
PRED	H-SSM	55555
	MAX_MUN	1
	0.567360	1
	0.000000
PRED	H-SSM	55555
	MAX_MUN	1
	0.567360	1
	0.000000
PRED	H-SSM	55555
	MAX_MUN	1
	0.567360	1
	0.000000
PRED	H-SSM	55555
	MAX_MUN	1
	0.567360	1
	0.000000
PRED	H-SSM	55555
	MAX_MUN	0
	0.567360	1
	0.000000
PRED	H-SSM	55555
	MAX_MUN	0
	0.567360	1
	0.000000
PRED	H-SSM	55555
	MAX_MUN	0
	0.567360	1
	0.000000
PRED	H-SSM	55555
	MAX_MUN	0
	0.567360	1
	0.000000
PRED	H-SSM	55555
	MAX_MUN	0
	0.567360	1
	0.000000
PRED	H-SSM	55555
	TRINITY	1
	0.518025	1
	0.000000
PRED	H-SSM	55555
	TRINITY	1
	0.518025	1
	0.000000
PRED	H-SSM	55555
	TRINITY	1
	0.518025	1
	0.000000
PRED	H-SSM	55555
	TRINITY	1
	0.518025	1
	0.000000
PRED	H-SSM	55555
	TRINITY	1
	0.518025	1
	0.000000
PRED	H-SSM	55555
	TRINITY	0
	0.518025	1
	0.000000
PRED	H-SSM	55555
	TRINITY	0
	0.518025	1
	0.000000
PRED	H-SSM	55555
	TRINITY	0
	0.518025	1
	0.000000
PRED	H-SSM	55555
	TRINITY	0
	0.518025	1
	0.000000
PRED	H-SSM	55555
	TRINITY	0
	0.518025	1
	0.000000
PRED	H-SSM	55555
	KKI	1
	0.588441	1
	0.000000
PRED	H-SSM	55555
	KKI	1
	0.588441	1
	0.000000
PRED	H-SSM	55555
	KKI	1
	0.588441	1
	0.000000
PRED	H-SSM	55555
	KKI	1
	0.588441	1
	0.000000
PRED	H-SSM	55555
	KKI	1
	0.588441	1
	0.000000
PRED	H-SSM	55555
	KKI	0
	0.588441	1
	0.000000
PRED	H-SSM	55555
	KKI	0
	0.588441	1
	0.000000
PRED	H-SSM	55555
	KKI	0
	0.588441	1
	0.000000
PRED	H-SSM	55555
	KKI	0
	0.588441	1
	0.000000
PRED	H-SSM	55555
	KKI	0
	0.588441	1
	0.000000
PRED	H-SSM	55555
	STANFORD	1
	0.267382	0
	0.000000
PRED	H-SSM	55555
	STANFORD	1
	0.267382	0
	0.000000
PRED	H-SSM	55555
	STANFORD	1
	0.267382	0
	0.000000
PRED	H-SSM	55555
	STANFORD	1
	0.267382	0
	0.000000
PRED	H-SSM	55555
	STANFORD	1
	0.267382	0
	0.000000
PRED	H-SSM	55555
	STANFORD	0
	0.267382	0
	0.000000
PRED	H-SSM	55555
	STANFORD	0
	0.267382	0
	0.000000
PRED	H-SSM	55555
	STANFORD	0
	0.267382	0
	0.000000
PRED	H-SSM	55555
	STANFORD	0
	0.267382	0
	0.000000
PRED	H-SSM	55555
	STANFORD	0
	0.267382	0
	0.000000
PRED	H-SSM	55555
	CALTECH	1
	0.597778	1
	0.000000
PRED	H-SSM	55555
	CALTECH	1
	0.597778	1
	0.000000
PRED	H-SSM	55555
	CALTECH	1
	0.597778	1
	0.000000
PRED	H-SSM	55555
	CALTECH	1
	0.597778	1
	0.000000
PRED	H-SSM	55555
	CALTECH	1
	0.597778	1
	0.000000
PRED	H-SSM	55555
	CALTECH	0
	0.597778	1
	0.000000
PRED	H-SSM	55555
	CALTECH	0
	0.597778	1
	0.000000
PRED	H-SSM	55555
	CALTECH	0
	0.597778	1
	0.000000
PRED	H-SSM	55555
	CALTECH	0
	0.597778	1
	0.000000
PRED	H-SSM	55555
	CALTECH	0
	0.597778	1
	0.000000
PRED	H-SSM	55555
	LEUVEN_2	1
	0.390500	0
	0.000000
PRED	H-SSM	55555
	LEUVEN_2	1
	0.390500	0
	0.000000
PRED	H-SSM	55555
	LEUVEN_2	1
	0.390500	0
	0.000000
PRED	H-SSM	55555
	LEUVEN_2	1
	0.390500	0
	0.000000
PRED	H-SSM	55555
	LEUVEN_2	1
	0.390500	0
	0.000000
PRED	H-SSM	55555
	LEUVEN_2	0
	0.390500	0
	0.000000
PRED	H-SSM	55555
	LEUVEN_2	0
	0.390500	0
	0.000000
PRED	H-SSM	55555
	LEUVEN_2	0
	0.390500	0
	0.000000
PRED	H-SSM	55555
	LEUVEN_2	0
	0.390500	0
	0.000000
PRED	H-SSM	55555
	LEUVEN_2	0
	0.390500	0
	0.000000
PRED	H-SSM	55555
	OLIN	1
	0.425147	0
	0.000000
PRED	H-SSM	55555
	OLIN	1
	0.425147	0
	0.000000
PRED	H-SSM	55555
	OLIN	1
	0.425147	0
	0.000000
PRED	H-SSM	55555
	OLIN	1
	0.425147	0
	0.000000
PRED	H-SSM	55555
	OLIN	1
	0.425147	0
	0.000000
PRED	H-SSM	55555
	OLIN	0
	0.425147	0
	0.000000
PRED	H-SSM	55555
	OLIN	0
	0.425147	0
	0.000000
PRED	H-SSM	55555
	OLIN	0
	0.425147	0
	0.000000
PRED	H-SSM	55555
	OLIN	0
	0.425147	0
	0.000000
PRED	H-SSM	55555
	OLIN	0
	0.425147	0
	0.000000
PRED	H-SSM	55555
	SBL	1
	0.589933	1
	0.000000
PRED	H-SSM	55555
	SBL	1
	0.589933	1
	0.000000
PRED	H-SSM	55555
	SBL	1
	0.589933	1
	0.000000
PRED	H-SSM	55555
	SBL	1
	0.589933	1
	0.000000
PRED	H-SSM	55555
	SBL	1
	0.589933	1
	0.000000
PRED	H-SSM	55555
	SBL	0
	0.589933	1
	0.000000
PRED	H-SSM	55555
	SBL	0
	0.589933	1
	0.000000
PRED	H-SSM	55555
	SBL	0
	0.589933	1
	0.000000
PRED	H-SSM	55555
	SBL	0
	0.589933	1
	0.000000
PRED	H-SSM	55555
	SBL	0
	0.589933	1
	0.000000
PRED	H-SSM	55555
	LEUVEN_1	1
	0.511022	1
	0.000000
PRED	H-SSM	55555
	LEUVEN_1	1
	0.511022	1
	0.000000
PRED	H-SSM	55555
	LEUVEN_1	1
	0.511022	1
	0.000000
PRED	H-SSM	55555
	LEUVEN_1	1
	0.511022	1
	0.000000
PRED	H-SSM	55555
	LEUVEN_1	1
	0.511022	1
	0.000000
PRED	H-SSM	55555
	LEUVEN_1	0
	0.511022	1
	0.000000
PRED	H-SSM	55555
	LEUVEN_1	0
	0.511022	1
	0.000000
PRED	H-SSM	55555
	LEUVEN_1	0
	0.511022	1
	0.000000
PRED	H-SSM	55555
	LEUVEN_1	0
	0.511022	1
	0.000000
PRED	H-SSM	55555
	LEUVEN_1	0
	0.511022	1
	0.000000
PRED	H-SSM	55555
	SDSU	1
	0.594083	1
	0.000000
PRED	H-SSM	55555
	SDSU	1
	0.594083	1
	0.000000
PRED	H-SSM	55555
	SDSU	1
	0.594083	1
	0.000000
PRED	H-SSM	55555
	SDSU	1
	0.594083	1
	0.000000
PRED	H-SSM	55555
	SDSU	1
	0.594083	1
	0.000000
PRED	H-SSM	55555
	SDSU	0
	0.594083	1
	0.000000
PRED	H-SSM	55555
	SDSU	0
	0.594083	1
	0.000000
PRED	H-SSM	55555
	SDSU	0
	0.594083	1
	0.000000
PRED	H-SSM	55555
	SDSU	0
	0.594083	1
	0.000000
PRED	H-SSM	55555
	SDSU	0
	0.594083	1
	0.000000
PRED	H-SSM	55555
	CMU	1
	0.567930	1
	0.000000
PRED	H-SSM	55555
	CMU	1
	0.567930	1
	0.000000
PRED	H-SSM	55555
	CMU	1
	0.567930	1
	0.000000
PRED	H-SSM	55555
	CMU	1
	0.567930	1
	0.000000
PRED	H-SSM	55555
	CMU	1
	0.567930	1
	0.000000
PRED	H-SSM	55555
	CMU	0
	0.567930	1
	0.000000
PRED	H-SSM	55555
	CMU	0
	0.567930	1
	0.000000
PRED	H-SSM	55555
	CMU	0
	0.567930	1
	0.000000
PRED	H-SSM	55555
	CMU	0
	0.567930	1
	0.000000
PRED	H-SSM	55555
	CMU	0
	0.567930	1
	0.000000
PRED	H-SSM	55555
	UCLA_2	1
	0.501284	1
	0.000000
PRED	H-SSM	55555
	UCLA_2	1
	0.501284	1
	0.000000
PRED	H-SSM	55555
	UCLA_2	1
	0.501284	1
	0.000000
PRED	H-SSM	55555
	UCLA_2	1
	0.501284	1
	0.000000
PRED	H-SSM	55555
	UCLA_2	1
	0.501284	1
	0.000000
PRED	H-SSM	55555
	UCLA_2	0
	0.501284	1
	0.000000
PRED	H-SSM	55555
	UCLA_2	0
	0.501284	1
	0.000000
PRED	H-SSM	55555
	UCLA_2	0
	0.501284	1
	0.000000
PRED	H-SSM	55555
	UCLA_2	0
	0.501284	1
	0.000000
PRED	H-SSM	55555
	UCLA_2	0
	0.501284	1
	0.000000
PRED	H-SSM	55555
	UM_2	1
	0.527389	1
	0.000000
PRED	H-SSM	55555
	UM_2	1
	0.527389	1
	0.000000
PRED	H-SSM	55555
	UM_2	1
	0.527389	1
	0.000000
PRED	H-SSM	55555
	UM_2	1
	0.527389	1
	0.000000
PRED	H-SSM	55555
	UM_2	1
	0.527389	1
	0.000000
PRED	H-SSM	55555
	UM_2	0
	0.527389	1
	0.000000
PRED	H-SSM	55555
	UM_2	0
	0.527389	1
	0.000000
PRED	H-SSM	55555
	UM_2	0
	0.527389	1
	0.000000
PRED	H-SSM	55555
	UM_2	0
	0.527389	1
	0.000000
PRED	H-SSM	55555
	UM_2	0
	0.527389	1
	0.000000
PRED	H-SSM	55555
	OHSU	1
	0.452448	0
	0.000000
PRED	H-SSM	55555
	OHSU	1
	0.452448	0
	0.000000
PRED	H-SSM	55555
	OHSU	1
	0.452448	0
	0.000000
PRED	H-SSM	55555
	OHSU	1
	0.452448	0
	0.000000
PRED	H-SSM	55555
	OHSU	1
	0.452448	0
	0.000000
PRED	H-SSM	55555
	OHSU	0
	0.452448	0
	0.000000
PRED	H-SSM	55555
	OHSU	0
	0.452448	0
	0.000000
PRED	H-SSM	55555
	OHSU	0
	0.452448	0
	0.000000
PRED	H-SSM	55555
	OHSU	0
	0.452448	0
	0.000000
PRED	H-SSM	55555
	OHSU	0
	0.452448	0
	0.000000
  H-SSM    55555
   acc=50.000000% bal=50.000000% sites=20
/20
 test_n=200
 assoc=0.000000
PRED	H-SSM	11111
	NYU	1
	0.459036	0
	0.000000
PRED	H-SSM	11111
	NYU	1
	0.459036	0
	0.000000
PRED	H-SSM	11111
	NYU	1
	0.459036	0
	0.000000
PRED	H-SSM	11111
	NYU	1
	0.459036	0
	0.000000
PRED	H-SSM	11111
	NYU	1
	0.459036	0
	0.000000
PRED	H-SSM	11111
	NYU	0
	0.459036	0
	0.000000
PRED	H-SSM	11111
	NYU	0
	0.459036	0
	0.000000
PRED	H-SSM	11111
	NYU	0
	0.459036	0
	0.000000
PRED	H-SSM	11111
	NYU	0
	0.459036	0
	0.000000
PRED	H-SSM	11111
	NYU	0
	0.459036	0
	0.000000
PRED	H-SSM	11111
	UM_1	1
	0.359492	0
	0.000000
PRED	H-SSM	11111
	UM_1	1
	0.359492	0
	0.000000
PRED	H-SSM	11111
	UM_1	1
	0.359492	0
	0.000000
PRED	H-SSM	11111
	UM_1	1
	0.359492	0
	0.000000
PRED	H-SSM	11111
	UM_1	1
	0.359492	0
	0.000000
PRED	H-SSM	11111
	UM_1	0
	0.359492	0
	0.000000
PRED	H-SSM	11111
	UM_1	0
	0.359492	0
	0.000000
PRED	H-SSM	11111
	UM_1	0
	0.359492	0
	0.000000
PRED	H-SSM	11111
	UM_1	0
	0.359492	0
	0.000000
PRED	H-SSM	11111
	UM_1	0
	0.359492	0
	0.000000
PRED	H-SSM	11111
	UCLA_1	1
	0.566684	1
	0.000000
PRED	H-SSM	11111
	UCLA_1	1
	0.566684	1
	0.000000
PRED	H-SSM	11111
	UCLA_1	1
	0.566684	1
	0.000000
PRED	H-SSM	11111
	UCLA_1	1
	0.566684	1
	0.000000
PRED	H-SSM	11111
	UCLA_1	1
	0.566684	1
	0.000000
PRED	H-SSM	11111
	UCLA_1	0
	0.566684	1
	0.000000
PRED	H-SSM	11111
	UCLA_1	0
	0.566684	1
	0.000000
PRED	H-SSM	11111
	UCLA_1	0
	0.566684	1
	0.000000
PRED	H-SSM	11111
	UCLA_1	0
	0.566684	1
	0.000000
PRED	H-SSM	11111
	UCLA_1	0
	0.566684	1
	0.000000
PRED	H-SSM	11111
	YALE	1
	0.609531	1
	0.000000
PRED	H-SSM	11111
	YALE	1
	0.609531	1
	0.000000
PRED	H-SSM	11111
	YALE	1
	0.609531	1
	0.000000
PRED	H-SSM	11111
	YALE	1
	0.609531	1
	0.000000
PRED	H-SSM	11111
	YALE	1
	0.609531	1
	0.000000
PRED	H-SSM	11111
	YALE	0
	0.609531	1
	0.000000
PRED	H-SSM	11111
	YALE	0
	0.609531	1
	0.000000
PRED	H-SSM	11111
	YALE	0
	0.609531	1
	0.000000
PRED	H-SSM	11111
	YALE	0
	0.609531	1
	0.000000
PRED	H-SSM	11111
	YALE	0
	0.609531	1
	0.000000
PRED	H-SSM	11111
	PITT	1
	0.424633	0
	0.000000
PRED	H-SSM	11111
	PITT	1
	0.424633	0
	0.000000
PRED	H-SSM	11111
	PITT	1
	0.424633	0
	0.000000
PRED	H-SSM	11111
	PITT	1
	0.424633	0
	0.000000
PRED	H-SSM	11111
	PITT	1
	0.424633	0
	0.000000
PRED	H-SSM	11111
	PITT	0
	0.424633	0
	0.000000
PRED	H-SSM	11111
	PITT	0
	0.424633	0
	0.000000
PRED	H-SSM	11111
	PITT	0
	0.424633	0
	0.000000
PRED	H-SSM	11111
	PITT	0
	0.424633	0
	0.000000
PRED	H-SSM	11111
	PITT	0
	0.424633	0
	0.000000
PRED	H-SSM	11111
	USM	1
	0.474420	0
	0.000000
PRED	H-SSM	11111
	USM	1
	0.474420	0
	0.000000
PRED	H-SSM	11111
	USM	1
	0.474420	0
	0.000000
PRED	H-SSM	11111
	USM	1
	0.474420	0
	0.000000
PRED	H-SSM	11111
	USM	1
	0.474420	0
	0.000000
PRED	H-SSM	11111
	USM	0
	0.474420	0
	0.000000
PRED	H-SSM	11111
	USM	0
	0.474420	0
	0.000000
PRED	H-SSM	11111
	USM	0
	0.474420	0
	0.000000
PRED	H-SSM	11111
	USM	0
	0.474420	0
	0.000000
PRED	H-SSM	11111
	USM	0
	0.474420	0
	0.000000
PRED	H-SSM	11111
	MAX_MUN	1
	0.621130	1
	0.000000
PRED	H-SSM	11111
	MAX_MUN	1
	0.621130	1
	0.000000
PRED	H-SSM	11111
	MAX_MUN	1
	0.621130	1
	0.000000
PRED	H-SSM	11111
	MAX_MUN	1
	0.621130	1
	0.000000
PRED	H-SSM	11111
	MAX_MUN	1
	0.621130	1
	0.000000
PRED	H-SSM	11111
	MAX_MUN	0
	0.621130	1
	0.000000
PRED	H-SSM	11111
	MAX_MUN	0
	0.621130	1
	0.000000
PRED	H-SSM	11111
	MAX_MUN	0
	0.621130	1
	0.000000
PRED	H-SSM	11111
	MAX_MUN	0
	0.621130	1
	0.000000
PRED	H-SSM	11111
	MAX_MUN	0
	0.621130	1
	0.000000
PRED	H-SSM	11111
	TRINITY	1
	0.543806	1
	0.000000
PRED	H-SSM	11111
	TRINITY	1
	0.543806	1
	0.000000
PRED	H-SSM	11111
	TRINITY	1
	0.543806	1
	0.000000
PRED	H-SSM	11111
	TRINITY	1
	0.543806	1
	0.000000
PRED	H-SSM	11111
	TRINITY	1
	0.543806	1
	0.000000
PRED	H-SSM	11111
	TRINITY	0
	0.543806	1
	0.000000
PRED	H-SSM	11111
	TRINITY	0
	0.543806	1
	0.000000
PRED	H-SSM	11111
	TRINITY	0
	0.543806	1
	0.000000
PRED	H-SSM	11111
	TRINITY	0
	0.543806	1
	0.000000
PRED	H-SSM	11111
	TRINITY	0
	0.543806	1
	0.000000
PRED	H-SSM	11111
	KKI	1
	0.615797	1
	0.000000
PRED	H-SSM	11111
	KKI	1
	0.615797	1
	0.000000
PRED	H-SSM	11111
	KKI	1
	0.615797	1
	0.000000
PRED	H-SSM	11111
	KKI	1
	0.615797	1
	0.000000
PRED	H-SSM	11111
	KKI	1
	0.615797	1
	0.000000
PRED	H-SSM	11111
	KKI	0
	0.615797	1
	0.000000
PRED	H-SSM	11111
	KKI	0
	0.615797	1
	0.000000
PRED	H-SSM	11111
	KKI	0
	0.615797	1
	0.000000
PRED	H-SSM	11111
	KKI	0
	0.615797	1
	0.000000
PRED	H-SSM	11111
	KKI	0
	0.615797	1
	0.000000
PRED	H-SSM	11111
	STANFORD	1
	0.548253	1
	0.000000
PRED	H-SSM	11111
	STANFORD	1
	0.548253	1
	0.000000
PRED	H-SSM	11111
	STANFORD	1
	0.548253	1
	0.000000
PRED	H-SSM	11111
	STANFORD	1
	0.548253	1
	0.000000
PRED	H-SSM	11111
	STANFORD	1
	0.548253	1
	0.000000
PRED	H-SSM	11111
	STANFORD	0
	0.548253	1
	0.000000
PRED	H-SSM	11111
	STANFORD	0
	0.548253	1
	0.000000
PRED	H-SSM	11111
	STANFORD	0
	0.548253	1
	0.000000
PRED	H-SSM	11111
	STANFORD	0
	0.548253	1
	0.000000
PRED	H-SSM	11111
	STANFORD	0
	0.548253	1
	0.000000
PRED	H-SSM	11111
	CALTECH	1
	0.555675	1
	0.000000
PRED	H-SSM	11111
	CALTECH	1
	0.555675	1
	0.000000
PRED	H-SSM	11111
	CALTECH	1
	0.555675	1
	0.000000
PRED	H-SSM	11111
	CALTECH	1
	0.555675	1
	0.000000
PRED	H-SSM	11111
	CALTECH	1
	0.555675	1
	0.000000
PRED	H-SSM	11111
	CALTECH	0
	0.555675	1
	0.000000
PRED	H-SSM	11111
	CALTECH	0
	0.555675	1
	0.000000
PRED	H-SSM	11111
	CALTECH	0
	0.555675	1
	0.000000
PRED	H-SSM	11111
	CALTECH	0
	0.555675	1
	0.000000
PRED	H-SSM	11111
	CALTECH	0
	0.555675	1
	0.000000
PRED	H-SSM	11111
	LEUVEN_2	1
	0.726608	1
	0.000000
PRED	H-SSM	11111
	LEUVEN_2	1
	0.726608	1
	0.000000
PRED	H-SSM	11111
	LEUVEN_2	1
	0.726608	1
	0.000000
PRED	H-SSM	11111
	LEUVEN_2	1
	0.726608	1
	0.000000
PRED	H-SSM	11111
	LEUVEN_2	1
	0.726608	1
	0.000000
PRED	H-SSM	11111
	LEUVEN_2	0
	0.726608	1
	0.000000
PRED	H-SSM	11111
	LEUVEN_2	0
	0.726608	1
	0.000000
PRED	H-SSM	11111
	LEUVEN_2	0
	0.726608	1
	0.000000
PRED	H-SSM	11111
	LEUVEN_2	0
	0.726608	1
	0.000000
PRED	H-SSM	11111
	LEUVEN_2	0
	0.726608	1
	0.000000
PRED	H-SSM	11111
	OLIN	1
	0.552140	1
	0.000000
PRED	H-SSM	11111
	OLIN	1
	0.552140	1
	0.000000
PRED	H-SSM	11111
	OLIN	1
	0.552140	1
	0.000000
PRED	H-SSM	11111
	OLIN	1
	0.552140	1
	0.000000
PRED	H-SSM	11111
	OLIN	1
	0.552140	1
	0.000000
PRED	H-SSM	11111
	OLIN	0
	0.552140	1
	0.000000
PRED	H-SSM	11111
	OLIN	0
	0.552140	1
	0.000000
PRED	H-SSM	11111
	OLIN	0
	0.552140	1
	0.000000
PRED	H-SSM	11111
	OLIN	0
	0.552140	1
	0.000000
PRED	H-SSM	11111
	OLIN	0
	0.552140	1
	0.000000
PRED	H-SSM	11111
	SBL	1
	0.480523	0
	0.000000
PRED	H-SSM	11111
	SBL	1
	0.480523	0
	0.000000
PRED	H-SSM	11111
	SBL	1
	0.480523	0
	0.000000
PRED	H-SSM	11111
	SBL	1
	0.480523	0
	0.000000
PRED	H-SSM	11111
	SBL	1
	0.480523	0
	0.000000
PRED	H-SSM	11111
	SBL	0
	0.480523	0
	0.000000
PRED	H-SSM	11111
	SBL	0
	0.480523	0
	0.000000
PRED	H-SSM	11111
	SBL	0
	0.480523	0
	0.000000
PRED	H-SSM	11111
	SBL	0
	0.480523	0
	0.000000
PRED	H-SSM	11111
	SBL	0
	0.480523	0
	0.000000
PRED	H-SSM	11111
	LEUVEN_1	1
	0.329238	0
	0.000000
PRED	H-SSM	11111
	LEUVEN_1	1
	0.329238	0
	0.000000
PRED	H-SSM	11111
	LEUVEN_1	1
	0.329238	0
	0.000000
PRED	H-SSM	11111
	LEUVEN_1	1
	0.329238	0
	0.000000
PRED	H-SSM	11111
	LEUVEN_1	1
	0.329238	0
	0.000000
PRED	H-SSM	11111
	LEUVEN_1	0
	0.329238	0
	0.000000
PRED	H-SSM	11111
	LEUVEN_1	0
	0.329238	0
	0.000000
PRED	H-SSM	11111
	LEUVEN_1	0
	0.329238	0
	0.000000
PRED	H-SSM	11111
	LEUVEN_1	0
	0.329238	0
	0.000000
PRED	H-SSM	11111
	LEUVEN_1	0
	0.329238	0
	0.000000
PRED	H-SSM	11111
	SDSU	1
	0.514155	1
	0.000000
PRED	H-SSM	11111
	SDSU	1
	0.514155	1
	0.000000
PRED	H-SSM	11111
	SDSU	1
	0.514155	1
	0.000000
PRED	H-SSM	11111
	SDSU	1
	0.514155	1
	0.000000
PRED	H-SSM	11111
	SDSU	1
	0.514155	1
	0.000000
PRED	H-SSM	11111
	SDSU	0
	0.514155	1
	0.000000
PRED	H-SSM	11111
	SDSU	0
	0.514155	1
	0.000000
PRED	H-SSM	11111
	SDSU	0
	0.514155	1
	0.000000
PRED	H-SSM	11111
	SDSU	0
	0.514155	1
	0.000000
PRED	H-SSM	11111
	SDSU	0
	0.514155	1
	0.000000
PRED	H-SSM	11111
	CMU	1
	0.676156	1
	0.000000
PRED	H-SSM	11111
	CMU	1
	0.676156	1
	0.000000
PRED	H-SSM	11111
	CMU	1
	0.676156	1
	0.000000
PRED	H-SSM	11111
	CMU	1
	0.676156	1
	0.000000
PRED	H-SSM	11111
	CMU	1
	0.676156	1
	0.000000
PRED	H-SSM	11111
	CMU	0
	0.676156	1
	0.000000
PRED	H-SSM	11111
	CMU	0
	0.676156	1
	0.000000
PRED	H-SSM	11111
	CMU	0
	0.676156	1
	0.000000
PRED	H-SSM	11111
	CMU	0
	0.676156	1
	0.000000
PRED	H-SSM	11111
	CMU	0
	0.676156	1
	0.000000
PRED	H-SSM	11111
	UCLA_2	1
	0.284425	0
	0.000000
PRED	H-SSM	11111
	UCLA_2	1
	0.284425	0
	0.000000
PRED	H-SSM	11111
	UCLA_2	1
	0.284425	0
	0.000000
PRED	H-SSM	11111
	UCLA_2	1
	0.284425	0
	0.000000
PRED	H-SSM	11111
	UCLA_2	1
	0.284425	0
	0.000000
PRED	H-SSM	11111
	UCLA_2	0
	0.284425	0
	0.000000
PRED	H-SSM	11111
	UCLA_2	0
	0.284425	0
	0.000000
PRED	H-SSM	11111
	UCLA_2	0
	0.284425	0
	0.000000
PRED	H-SSM	11111
	UCLA_2	0
	0.284425	0
	0.000000
PRED	H-SSM	11111
	UCLA_2	0
	0.284425	0
	0.000000
PRED	H-SSM	11111
	UM_2	1
	0.429709	0
	0.000000
PRED	H-SSM	11111
	UM_2	1
	0.429709	0
	0.000000
PRED	H-SSM	11111
	UM_2	1
	0.429709	0
	0.000000
PRED	H-SSM	11111
	UM_2	1
	0.429709	0
	0.000000
PRED	H-SSM	11111
	UM_2	1
	0.429709	0
	0.000000
PRED	H-SSM	11111
	UM_2	0
	0.429709	0
	0.000000
PRED	H-SSM	11111
	UM_2	0
	0.429709	0
	0.000000
PRED	H-SSM	11111
	UM_2	0
	0.429709	0
	0.000000
PRED	H-SSM	11111
	UM_2	0
	0.429709	0
	0.000000
PRED	H-SSM	11111
	UM_2	0
	0.429709	0
	0.000000
PRED	H-SSM	11111
	OHSU	1
	0.627314	1
	0.000000
PRED	H-SSM	11111
	OHSU	1
	0.627314	1
	0.000000
PRED	H-SSM	11111
	OHSU	1
	0.627314	1
	0.000000
PRED	H-SSM	11111
	OHSU	1
	0.627314	1
	0.000000
PRED	H-SSM	11111
	OHSU	1
	0.627314	1
	0.000000
PRED	H-SSM	11111
	OHSU	0
	0.627314	1
	0.000000
PRED	H-SSM	11111
	OHSU	0
	0.627314	1
	0.000000
PRED	H-SSM	11111
	OHSU	0
	0.627314	1
	0.000000
PRED	H-SSM	11111
	OHSU	0
	0.627314	1
	0.000000
PRED	H-SSM	11111
	OHSU	0
	0.627314	1
	0.000000
  H-SSM    11111
   acc=50.000000% bal=50.000000% sites=20
/20
 test_n=200
 assoc=0.000000
PRED	H-SSM	99887
	NYU	1
	0.411293	0
	0.000000
PRED	H-SSM	99887
	NYU	1
	0.411293	0
	0.000000
PRED	H-SSM	99887
	NYU	1
	0.411293	0
	0.000000
PRED	H-SSM	99887
	NYU	1
	0.411293	0
	0.000000
PRED	H-SSM	99887
	NYU	1
	0.411293	0
	0.000000
PRED	H-SSM	99887
	NYU	0
	0.411293	0
	0.000000
PRED	H-SSM	99887
	NYU	0
	0.411293	0
	0.000000
PRED	H-SSM	99887
	NYU	0
	0.411293	0
	0.000000
PRED	H-SSM	99887
	NYU	0
	0.411293	0
	0.000000
PRED	H-SSM	99887
	NYU	0
	0.411293	0
	0.000000
PRED	H-SSM	99887
	UM_1	1
	0.580996	1
	0.000000
PRED	H-SSM	99887
	UM_1	1
	0.580996	1
	0.000000
PRED	H-SSM	99887
	UM_1	1
	0.580996	1
	0.000000
PRED	H-SSM	99887
	UM_1	1
	0.580996	1
	0.000000
PRED	H-SSM	99887
	UM_1	1
	0.580996	1
	0.000000
PRED	H-SSM	99887
	UM_1	0
	0.580996	1
	0.000000
PRED	H-SSM	99887
	UM_1	0
	0.580996	1
	0.000000
PRED	H-SSM	99887
	UM_1	0
	0.580996	1
	0.000000
PRED	H-SSM	99887
	UM_1	0
	0.580996	1
	0.000000
PRED	H-SSM	99887
	UM_1	0
	0.580996	1
	0.000000
PRED	H-SSM	99887
	UCLA_1	1
	0.510942	1
	0.000000
PRED	H-SSM	99887
	UCLA_1	1
	0.510942	1
	0.000000
PRED	H-SSM	99887
	UCLA_1	1
	0.510942	1
	0.000000
PRED	H-SSM	99887
	UCLA_1	1
	0.510942	1
	0.000000
PRED	H-SSM	99887
	UCLA_1	1
	0.510942	1
	0.000000
PRED	H-SSM	99887
	UCLA_1	0
	0.510942	1
	0.000000
PRED	H-SSM	99887
	UCLA_1	0
	0.510942	1
	0.000000
PRED	H-SSM	99887
	UCLA_1	0
	0.510942	1
	0.000000
PRED	H-SSM	99887
	UCLA_1	0
	0.510942	1
	0.000000
PRED	H-SSM	99887
	UCLA_1	0
	0.510942	1
	0.000000
PRED	H-SSM	99887
	YALE	1
	0.695459	1
	0.000000
PRED	H-SSM	99887
	YALE	1
	0.695459	1
	0.000000
PRED	H-SSM	99887
	YALE	1
	0.695459	1
	0.000000
PRED	H-SSM	99887
	YALE	1
	0.695459	1
	0.000000
PRED	H-SSM	99887
	YALE	1
	0.695459	1
	0.000000
PRED	H-SSM	99887
	YALE	0
	0.695459	1
	0.000000
PRED	H-SSM	99887
	YALE	0
	0.695459	1
	0.000000
PRED	H-SSM	99887
	YALE	0
	0.695459	1
	0.000000
PRED	H-SSM	99887
	YALE	0
	0.695459	1
	0.000000
PRED	H-SSM	99887
	YALE	0
	0.695459	1
	0.000000
PRED	H-SSM	99887
	PITT	1
	0.443970	0
	0.000000
PRED	H-SSM	99887
	PITT	1
	0.443970	0
	0.000000
PRED	H-SSM	99887
	PITT	1
	0.443970	0
	0.000000
PRED	H-SSM	99887
	PITT	1
	0.443970	0
	0.000000
PRED	H-SSM	99887
	PITT	1
	0.443970	0
	0.000000
PRED	H-SSM	99887
	PITT	0
	0.443970	0
	0.000000
PRED	H-SSM	99887
	PITT	0
	0.443970	0
	0.000000
PRED	H-SSM	99887
	PITT	0
	0.443970	0
	0.000000
PRED	H-SSM	99887
	PITT	0
	0.443970	0
	0.000000
PRED	H-SSM	99887
	PITT	0
	0.443970	0
	0.000000
PRED	H-SSM	99887
	USM	1
	0.359563	0
	0.000000
PRED	H-SSM	99887
	USM	1
	0.359563	0
	0.000000
PRED	H-SSM	99887
	USM	1
	0.359563	0
	0.000000
PRED	H-SSM	99887
	USM	1
	0.359563	0
	0.000000
PRED	H-SSM	99887
	USM	1
	0.359563	0
	0.000000
PRED	H-SSM	99887
	USM	0
	0.359563	0
	0.000000
PRED	H-SSM	99887
	USM	0
	0.359563	0
	0.000000
PRED	H-SSM	99887
	USM	0
	0.359563	0
	0.000000
PRED	H-SSM	99887
	USM	0
	0.359563	0
	0.000000
PRED	H-SSM	99887
	USM	0
	0.359563	0
	0.000000
PRED	H-SSM	99887
	MAX_MUN	1
	0.476917	0
	0.000000
PRED	H-SSM	99887
	MAX_MUN	1
	0.476917	0
	0.000000
PRED	H-SSM	99887
	MAX_MUN	1
	0.476917	0
	0.000000
PRED	H-SSM	99887
	MAX_MUN	1
	0.476917	0
	0.000000
PRED	H-SSM	99887
	MAX_MUN	1
	0.476917	0
	0.000000
PRED	H-SSM	99887
	MAX_MUN	0
	0.476917	0
	0.000000
PRED	H-SSM	99887
	MAX_MUN	0
	0.476917	0
	0.000000
PRED	H-SSM	99887
	MAX_MUN	0
	0.476917	0
	0.000000
PRED	H-SSM	99887
	MAX_MUN	0
	0.476917	0
	0.000000
PRED	H-SSM	99887
	MAX_MUN	0
	0.476917	0
	0.000000
PRED	H-SSM	99887
	TRINITY	1
	0.679682	1
	0.000000
PRED	H-SSM	99887
	TRINITY	1
	0.679682	1
	0.000000
PRED	H-SSM	99887
	TRINITY	1
	0.679682	1
	0.000000
PRED	H-SSM	99887
	TRINITY	1
	0.679682	1
	0.000000
PRED	H-SSM	99887
	TRINITY	1
	0.679682	1
	0.000000
PRED	H-SSM	99887
	TRINITY	0
	0.679682	1
	0.000000
PRED	H-SSM	99887
	TRINITY	0
	0.679682	1
	0.000000
PRED	H-SSM	99887
	TRINITY	0
	0.679682	1
	0.000000
PRED	H-SSM	99887
	TRINITY	0
	0.679682	1
	0.000000
PRED	H-SSM	99887
	TRINITY	0
	0.679682	1
	0.000000
PRED	H-SSM	99887
	KKI	1
	0.494182	0
	0.000000
PRED	H-SSM	99887
	KKI	1
	0.494182	0
	0.000000
PRED	H-SSM	99887
	KKI	1
	0.494182	0
	0.000000
PRED	H-SSM	99887
	KKI	1
	0.494182	0
	0.000000
PRED	H-SSM	99887
	KKI	1
	0.494182	0
	0.000000
PRED	H-SSM	99887
	KKI	0
	0.494182	0
	0.000000
PRED	H-SSM	99887
	KKI	0
	0.494182	0
	0.000000
PRED	H-SSM	99887
	KKI	0
	0.494182	0
	0.000000
PRED	H-SSM	99887
	KKI	0
	0.494182	0
	0.000000
PRED	H-SSM	99887
	KKI	0
	0.494182	0
	0.000000
PRED	H-SSM	99887
	STANFORD	1
	0.391602	0
	0.000000
PRED	H-SSM	99887
	STANFORD	1
	0.391602	0
	0.000000
PRED	H-SSM	99887
	STANFORD	1
	0.391602	0
	0.000000
PRED	H-SSM	99887
	STANFORD	1
	0.391602	0
	0.000000
PRED	H-SSM	99887
	STANFORD	1
	0.391602	0
	0.000000
PRED	H-SSM	99887
	STANFORD	0
	0.391602	0
	0.000000
PRED	H-SSM	99887
	STANFORD	0
	0.391602	0
	0.000000
PRED	H-SSM	99887
	STANFORD	0
	0.391602	0
	0.000000
PRED	H-SSM	99887
	STANFORD	0
	0.391602	0
	0.000000
PRED	H-SSM	99887
	STANFORD	0
	0.391602	0
	0.000000
PRED	H-SSM	99887
	CALTECH	1
	0.771890	1
	0.000000
PRED	H-SSM	99887
	CALTECH	1
	0.771890	1
	0.000000
PRED	H-SSM	99887
	CALTECH	1
	0.771890	1
	0.000000
PRED	H-SSM	99887
	CALTECH	1
	0.771890	1
	0.000000
PRED	H-SSM	99887
	CALTECH	1
	0.771890	1
	0.000000
PRED	H-SSM	99887
	CALTECH	0
	0.771890	1
	0.000000
PRED	H-SSM	99887
	CALTECH	0
	0.771890	1
	0.000000
PRED	H-SSM	99887
	CALTECH	0
	0.771890	1
	0.000000
PRED	H-SSM	99887
	CALTECH	0
	0.771890	1
	0.000000
PRED	H-SSM	99887
	CALTECH	0
	0.771890	1
	0.000000
PRED	H-SSM	99887
	LEUVEN_2	1
	0.544306	1
	0.000000
PRED	H-SSM	99887
	LEUVEN_2	1
	0.544306	1
	0.000000
PRED	H-SSM	99887
	LEUVEN_2	1
	0.544306	1
	0.000000
PRED	H-SSM	99887
	LEUVEN_2	1
	0.544306	1
	0.000000
PRED	H-SSM	99887
	LEUVEN_2	1
	0.544306	1
	0.000000
PRED	H-SSM	99887
	LEUVEN_2	0
	0.544306	1
	0.000000
PRED	H-SSM	99887
	LEUVEN_2	0
	0.544306	1
	0.000000
PRED	H-SSM	99887
	LEUVEN_2	0
	0.544306	1
	0.000000
PRED	H-SSM	99887
	LEUVEN_2	0
	0.544306	1
	0.000000
PRED	H-SSM	99887
	LEUVEN_2	0
	0.544306	1
	0.000000
PRED	H-SSM	99887
	OLIN	1
	0.607480	1
	0.000000
PRED	H-SSM	99887
	OLIN	1
	0.607480	1
	0.000000
PRED	H-SSM	99887
	OLIN	1
	0.607480	1
	0.000000
PRED	H-SSM	99887
	OLIN	1
	0.607480	1
	0.000000
PRED	H-SSM	99887
	OLIN	1
	0.607480	1
	0.000000
PRED	H-SSM	99887
	OLIN	0
	0.607480	1
	0.000000
PRED	H-SSM	99887
	OLIN	0
	0.607480	1
	0.000000
PRED	H-SSM	99887
	OLIN	0
	0.607480	1
	0.000000
PRED	H-SSM	99887
	OLIN	0
	0.607480	1
	0.000000
PRED	H-SSM	99887
	OLIN	0
	0.607480	1
	0.000000
PRED	H-SSM	99887
	SBL	1
	0.400146	0
	0.000000
PRED	H-SSM	99887
	SBL	1
	0.400146	0
	0.000000
PRED	H-SSM	99887
	SBL	1
	0.400146	0
	0.000000
PRED	H-SSM	99887
	SBL	1
	0.400146	0
	0.000000
PRED	H-SSM	99887
	SBL	1
	0.400146	0
	0.000000
PRED	H-SSM	99887
	SBL	0
	0.400146	0
	0.000000
PRED	H-SSM	99887
	SBL	0
	0.400146	0
	0.000000
PRED	H-SSM	99887
	SBL	0
	0.400146	0
	0.000000
PRED	H-SSM	99887
	SBL	0
	0.400146	0
	0.000000
PRED	H-SSM	99887
	SBL	0
	0.400146	0
	0.000000
PRED	H-SSM	99887
	LEUVEN_1	1
	0.442088	0
	0.000000
PRED	H-SSM	99887
	LEUVEN_1	1
	0.442088	0
	0.000000
PRED	H-SSM	99887
	LEUVEN_1	1
	0.442088	0
	0.000000
PRED	H-SSM	99887
	LEUVEN_1	1
	0.442088	0
	0.000000
PRED	H-SSM	99887
	LEUVEN_1	1
	0.442088	0
	0.000000
PRED	H-SSM	99887
	LEUVEN_1	0
	0.442088	0
	0.000000
PRED	H-SSM	99887
	LEUVEN_1	0
	0.442088	0
	0.000000
PRED	H-SSM	99887
	LEUVEN_1	0
	0.442088	0
	0.000000
PRED	H-SSM	99887
	LEUVEN_1	0
	0.442088	0
	0.000000
PRED	H-SSM	99887
	LEUVEN_1	0
	0.442088	0
	0.000000
PRED	H-SSM	99887
	SDSU	1
	0.693459	1
	0.000000
PRED	H-SSM	99887
	SDSU	1
	0.693459	1
	0.000000
PRED	H-SSM	99887
	SDSU	1
	0.693459	1
	0.000000
PRED	H-SSM	99887
	SDSU	1
	0.693459	1
	0.000000
PRED	H-SSM	99887
	SDSU	1
	0.693459	1
	0.000000
PRED	H-SSM	99887
	SDSU	0
	0.693459	1
	0.000000
PRED	H-SSM	99887
	SDSU	0
	0.693459	1
	0.000000
PRED	H-SSM	99887
	SDSU	0
	0.693459	1
	0.000000
PRED	H-SSM	99887
	SDSU	0
	0.693459	1
	0.000000
PRED	H-SSM	99887
	SDSU	0
	0.693459	1
	0.000000
PRED	H-SSM	99887
	CMU	1
	0.410198	0
	0.000000
PRED	H-SSM	99887
	CMU	1
	0.410198	0
	0.000000
PRED	H-SSM	99887
	CMU	1
	0.410198	0
	0.000000
PRED	H-SSM	99887
	CMU	1
	0.410198	0
	0.000000
PRED	H-SSM	99887
	CMU	1
	0.410198	0
	0.000000
PRED	H-SSM	99887
	CMU	0
	0.410198	0
	0.000000
PRED	H-SSM	99887
	CMU	0
	0.410198	0
	0.000000
PRED	H-SSM	99887
	CMU	0
	0.410198	0
	0.000000
PRED	H-SSM	99887
	CMU	0
	0.410198	0
	0.000000
PRED	H-SSM	99887
	CMU	0
	0.410198	0
	0.000000
PRED	H-SSM	99887
	UCLA_2	1
	0.643723	1
	0.000000
PRED	H-SSM	99887
	UCLA_2	1
	0.643723	1
	0.000000
PRED	H-SSM	99887
	UCLA_2	1
	0.643723	1
	0.000000
PRED	H-SSM	99887
	UCLA_2	1
	0.643723	1
	0.000000
PRED	H-SSM	99887
	UCLA_2	1
	0.643723	1
	0.000000
PRED	H-SSM	99887
	UCLA_2	0
	0.643723	1
	0.000000
PRED	H-SSM	99887
	UCLA_2	0
	0.643723	1
	0.000000
PRED	H-SSM	99887
	UCLA_2	0
	0.643723	1
	0.000000
PRED	H-SSM	99887
	UCLA_2	0
	0.643723	1
	0.000000
PRED	H-SSM	99887
	UCLA_2	0
	0.643723	1
	0.000000
PRED	H-SSM	99887
	UM_2	1
	0.491978	0
	0.000000
PRED	H-SSM	99887
	UM_2	1
	0.491978	0
	0.000000
PRED	H-SSM	99887
	UM_2	1
	0.491978	0
	0.000000
PRED	H-SSM	99887
	UM_2	1
	0.491978	0
	0.000000
PRED	H-SSM	99887
	UM_2	1
	0.491978	0
	0.000000
PRED	H-SSM	99887
	UM_2	0
	0.491978	0
	0.000000
PRED	H-SSM	99887
	UM_2	0
	0.491978	0
	0.000000
PRED	H-SSM	99887
	UM_2	0
	0.491978	0
	0.000000
PRED	H-SSM	99887
	UM_2	0
	0.491978	0
	0.000000
PRED	H-SSM	99887
	UM_2	0
	0.491978	0
	0.000000
PRED	H-SSM	99887
	OHSU	1
	0.539838	1
	0.000000
PRED	H-SSM	99887
	OHSU	1
	0.539838	1
	0.000000
PRED	H-SSM	99887
	OHSU	1
	0.539838	1
	0.000000
PRED	H-SSM	99887
	OHSU	1
	0.539838	1
	0.000000
PRED	H-SSM	99887
	OHSU	1
	0.539838	1
	0.000000
PRED	H-SSM	99887
	OHSU	0
	0.539838	1
	0.000000
PRED	H-SSM	99887
	OHSU	0
	0.539838	1
	0.000000
PRED	H-SSM	99887
	OHSU	0
	0.539838	1
	0.000000
PRED	H-SSM	99887
	OHSU	0
	0.539838	1
	0.000000
PRED	H-SSM	99887
	OHSU	0
	0.539838	1
	0.000000
  H-SSM    99887
   acc=50.000000% bal=50.000000% sites=20
/20
 test_n=200
 assoc=0.000000
PRED	H-SSM	22222
	NYU	1
	0.558597	1
	0.000000
PRED	H-SSM	22222
	NYU	1
	0.558597	1
	0.000000
PRED	H-SSM	22222
	NYU	1
	0.558597	1
	0.000000
PRED	H-SSM	22222
	NYU	1
	0.558597	1
	0.000000
PRED	H-SSM	22222
	NYU	1
	0.558597	1
	0.000000
PRED	H-SSM	22222
	NYU	0
	0.558597	1
	0.000000
PRED	H-SSM	22222
	NYU	0
	0.558597	1
	0.000000
PRED	H-SSM	22222
	NYU	0
	0.558597	1
	0.000000
PRED	H-SSM	22222
	NYU	0
	0.558597	1
	0.000000
PRED	H-SSM	22222
	NYU	0
	0.558597	1
	0.000000
PRED	H-SSM	22222
	UM_1	1
	0.571648	1
	0.000000
PRED	H-SSM	22222
	UM_1	1
	0.571648	1
	0.000000
PRED	H-SSM	22222
	UM_1	1
	0.571648	1
	0.000000
PRED	H-SSM	22222
	UM_1	1
	0.571648	1
	0.000000
PRED	H-SSM	22222
	UM_1	1
	0.571648	1
	0.000000
PRED	H-SSM	22222
	UM_1	0
	0.571648	1
	0.000000
PRED	H-SSM	22222
	UM_1	0
	0.571648	1
	0.000000
PRED	H-SSM	22222
	UM_1	0
	0.571648	1
	0.000000
PRED	H-SSM	22222
	UM_1	0
	0.571648	1
	0.000000
PRED	H-SSM	22222
	UM_1	0
	0.571648	1
	0.000000
PRED	H-SSM	22222
	UCLA_1	1
	0.505668	1
	0.000000
PRED	H-SSM	22222
	UCLA_1	1
	0.505668	1
	0.000000
PRED	H-SSM	22222
	UCLA_1	1
	0.505668	1
	0.000000
PRED	H-SSM	22222
	UCLA_1	1
	0.505668	1
	0.000000
PRED	H-SSM	22222
	UCLA_1	1
	0.505668	1
	0.000000
PRED	H-SSM	22222
	UCLA_1	0
	0.505668	1
	0.000000
PRED	H-SSM	22222
	UCLA_1	0
	0.505668	1
	0.000000
PRED	H-SSM	22222
	UCLA_1	0
	0.505668	1
	0.000000
PRED	H-SSM	22222
	UCLA_1	0
	0.505668	1
	0.000000
PRED	H-SSM	22222
	UCLA_1	0
	0.505668	1
	0.000000
PRED	H-SSM	22222
	YALE	1
	0.332484	0
	0.000000
PRED	H-SSM	22222
	YALE	1
	0.332484	0
	0.000000
PRED	H-SSM	22222
	YALE	1
	0.332484	0
	0.000000
PRED	H-SSM	22222
	YALE	1
	0.332484	0
	0.000000
PRED	H-SSM	22222
	YALE	1
	0.332484	0
	0.000000
PRED	H-SSM	22222
	YALE	0
	0.332484	0
	0.000000
PRED	H-SSM	22222
	YALE	0
	0.332484	0
	0.000000
PRED	H-SSM	22222
	YALE	0
	0.332484	0
	0.000000
PRED	H-SSM	22222
	YALE	0
	0.332484	0
	0.000000
PRED	H-SSM	22222
	YALE	0
	0.332484	0
	0.000000
PRED	H-SSM	22222
	PITT	1
	0.701456	1
	0.000000
PRED	H-SSM	22222
	PITT	1
	0.701456	1
	0.000000
PRED	H-SSM	22222
	PITT	1
	0.701456	1
	0.000000
PRED	H-SSM	22222
	PITT	1
	0.701456	1
	0.000000
PRED	H-SSM	22222
	PITT	1
	0.701456	1
	0.000000
PRED	H-SSM	22222
	PITT	0
	0.701456	1
	0.000000
PRED	H-SSM	22222
	PITT	0
	0.701456	1
	0.000000
PRED	H-SSM	22222
	PITT	0
	0.701456	1
	0.000000
PRED	H-SSM	22222
	PITT	0
	0.701456	1
	0.000000
PRED	H-SSM	22222
	PITT	0
	0.701456	1
	0.000000
PRED	H-SSM	22222
	USM	1
	0.548472	1
	0.000000
PRED	H-SSM	22222
	USM	1
	0.548472	1
	0.000000
PRED	H-SSM	22222
	USM	1
	0.548472	1
	0.000000
PRED	H-SSM	22222
	USM	1
	0.548472	1
	0.000000
PRED	H-SSM	22222
	USM	1
	0.548472	1
	0.000000
PRED	H-SSM	22222
	USM	0
	0.548472	1
	0.000000
PRED	H-SSM	22222
	USM	0
	0.548472	1
	0.000000
PRED	H-SSM	22222
	USM	0
	0.548472	1
	0.000000
PRED	H-SSM	22222
	USM	0
	0.548472	1
	0.000000
PRED	H-SSM	22222
	USM	0
	0.548472	1
	0.000000
PRED	H-SSM	22222
	MAX_MUN	1
	0.634440	1
	0.000000
PRED	H-SSM	22222
	MAX_MUN	1
	0.634440	1
	0.000000
PRED	H-SSM	22222
	MAX_MUN	1
	0.634440	1
	0.000000
PRED	H-SSM	22222
	MAX_MUN	1
	0.634440	1
	0.000000
PRED	H-SSM	22222
	MAX_MUN	1
	0.634440	1
	0.000000
PRED	H-SSM	22222
	MAX_MUN	0
	0.634440	1
	0.000000
PRED	H-SSM	22222
	MAX_MUN	0
	0.634440	1
	0.000000
PRED	H-SSM	22222
	MAX_MUN	0
	0.634440	1
	0.000000
PRED	H-SSM	22222
	MAX_MUN	0
	0.634440	1
	0.000000
PRED	H-SSM	22222
	MAX_MUN	0
	0.634440	1
	0.000000
PRED	H-SSM	22222
	TRINITY	1
	0.699929	1
	0.000000
PRED	H-SSM	22222
	TRINITY	1
	0.699929	1
	0.000000
PRED	H-SSM	22222
	TRINITY	1
	0.699929	1
	0.000000
PRED	H-SSM	22222
	TRINITY	1
	0.699929	1
	0.000000
PRED	H-SSM	22222
	TRINITY	1
	0.699929	1
	0.000000
PRED	H-SSM	22222
	TRINITY	0
	0.699929	1
	0.000000
PRED	H-SSM	22222
	TRINITY	0
	0.699929	1
	0.000000
PRED	H-SSM	22222
	TRINITY	0
	0.699929	1
	0.000000
PRED	H-SSM	22222
	TRINITY	0
	0.699929	1
	0.000000
PRED	H-SSM	22222
	TRINITY	0
	0.699929	1
	0.000000
PRED	H-SSM	22222
	KKI	1
	0.432495	0
	0.000000
PRED	H-SSM	22222
	KKI	1
	0.432495	0
	0.000000
PRED	H-SSM	22222
	KKI	1
	0.432495	0
	0.000000
PRED	H-SSM	22222
	KKI	1
	0.432495	0
	0.000000
PRED	H-SSM	22222
	KKI	1
	0.432495	0
	0.000000
PRED	H-SSM	22222
	KKI	0
	0.432495	0
	0.000000
PRED	H-SSM	22222
	KKI	0
	0.432495	0
	0.000000
PRED	H-SSM	22222
	KKI	0
	0.432495	0
	0.000000
PRED	H-SSM	22222
	KKI	0
	0.432495	0
	0.000000
PRED	H-SSM	22222
	KKI	0
	0.432495	0
	0.000000
PRED	H-SSM	22222
	STANFORD	1
	0.446509	0
	0.000000
PRED	H-SSM	22222
	STANFORD	1
	0.446509	0
	0.000000
PRED	H-SSM	22222
	STANFORD	1
	0.446509	0
	0.000000
PRED	H-SSM	22222
	STANFORD	1
	0.446509	0
	0.000000
PRED	H-SSM	22222
	STANFORD	1
	0.446509	0
	0.000000
PRED	H-SSM	22222
	STANFORD	0
	0.446509	0
	0.000000
PRED	H-SSM	22222
	STANFORD	0
	0.446509	0
	0.000000
PRED	H-SSM	22222
	STANFORD	0
	0.446509	0
	0.000000
PRED	H-SSM	22222
	STANFORD	0
	0.446509	0
	0.000000
PRED	H-SSM	22222
	STANFORD	0
	0.446509	0
	0.000000
PRED	H-SSM	22222
	CALTECH	1
	0.414065	0
	0.000000
PRED	H-SSM	22222
	CALTECH	1
	0.414065	0
	0.000000
PRED	H-SSM	22222
	CALTECH	1
	0.414065	0
	0.000000
PRED	H-SSM	22222
	CALTECH	1
	0.414065	0
	0.000000
PRED	H-SSM	22222
	CALTECH	1
	0.414065	0
	0.000000
PRED	H-SSM	22222
	CALTECH	0
	0.414065	0
	0.000000
PRED	H-SSM	22222
	CALTECH	0
	0.414065	0
	0.000000
PRED	H-SSM	22222
	CALTECH	0
	0.414065	0
	0.000000
PRED	H-SSM	22222
	CALTECH	0
	0.414065	0
	0.000000
PRED	H-SSM	22222
	CALTECH	0
	0.414065	0
	0.000000
PRED	H-SSM	22222
	LEUVEN_2	1
	0.464217	0
	0.000000
PRED	H-SSM	22222
	LEUVEN_2	1
	0.464217	0
	0.000000
PRED	H-SSM	22222
	LEUVEN_2	1
	0.464217	0
	0.000000
PRED	H-SSM	22222
	LEUVEN_2	1
	0.464217	0
	0.000000
PRED	H-SSM	22222
	LEUVEN_2	1
	0.464217	0
	0.000000
PRED	H-SSM	22222
	LEUVEN_2	0
	0.464217	0
	0.000000
PRED	H-SSM	22222
	LEUVEN_2	0
	0.464217	0
	0.000000
PRED	H-SSM	22222
	LEUVEN_2	0
	0.464217	0
	0.000000
PRED	H-SSM	22222
	LEUVEN_2	0
	0.464217	0
	0.000000
PRED	H-SSM	22222
	LEUVEN_2	0
	0.464217	0
	0.000000
PRED	H-SSM	22222
	OLIN	1
	0.456209	0
	0.000000
PRED	H-SSM	22222
	OLIN	1
	0.456209	0
	0.000000
PRED	H-SSM	22222
	OLIN	1
	0.456209	0
	0.000000
PRED	H-SSM	22222
	OLIN	1
	0.456209	0
	0.000000
PRED	H-SSM	22222
	OLIN	1
	0.456209	0
	0.000000
PRED	H-SSM	22222
	OLIN	0
	0.456209	0
	0.000000
PRED	H-SSM	22222
	OLIN	0
	0.456209	0
	0.000000
PRED	H-SSM	22222
	OLIN	0
	0.456209	0
	0.000000
PRED	H-SSM	22222
	OLIN	0
	0.456209	0
	0.000000
PRED	H-SSM	22222
	OLIN	0
	0.456209	0
	0.000000
PRED	H-SSM	22222
	SBL	1
	0.638128	1
	0.000000
PRED	H-SSM	22222
	SBL	1
	0.638128	1
	0.000000
PRED	H-SSM	22222
	SBL	1
	0.638128	1
	0.000000
PRED	H-SSM	22222
	SBL	1
	0.638128	1
	0.000000
PRED	H-SSM	22222
	SBL	1
	0.638128	1
	0.000000
PRED	H-SSM	22222
	SBL	0
	0.638128	1
	0.000000
PRED	H-SSM	22222
	SBL	0
	0.638128	1
	0.000000
PRED	H-SSM	22222
	SBL	0
	0.638128	1
	0.000000
PRED	H-SSM	22222
	SBL	0
	0.638128	1
	0.000000
PRED	H-SSM	22222
	SBL	0
	0.638128	1
	0.000000
PRED	H-SSM	22222
	LEUVEN_1	1
	0.585061	1
	0.000000
PRED	H-SSM	22222
	LEUVEN_1	1
	0.585061	1
	0.000000
PRED	H-SSM	22222
	LEUVEN_1	1
	0.585061	1
	0.000000
PRED	H-SSM	22222
	LEUVEN_1	1
	0.585061	1
	0.000000
PRED	H-SSM	22222
	LEUVEN_1	1
	0.585061	1
	0.000000
PRED	H-SSM	22222
	LEUVEN_1	0
	0.585061	1
	0.000000
PRED	H-SSM	22222
	LEUVEN_1	0
	0.585061	1
	0.000000
PRED	H-SSM	22222
	LEUVEN_1	0
	0.585061	1
	0.000000
PRED	H-SSM	22222
	LEUVEN_1	0
	0.585061	1
	0.000000
PRED	H-SSM	22222
	LEUVEN_1	0
	0.585061	1
	0.000000
PRED	H-SSM	22222
	SDSU	1
	0.425278	0
	0.000000
PRED	H-SSM	22222
	SDSU	1
	0.425278	0
	0.000000
PRED	H-SSM	22222
	SDSU	1
	0.425278	0
	0.000000
PRED	H-SSM	22222
	SDSU	1
	0.425278	0
	0.000000
PRED	H-SSM	22222
	SDSU	1
	0.425278	0
	0.000000
PRED	H-SSM	22222
	SDSU	0
	0.425278	0
	0.000000
PRED	H-SSM	22222
	SDSU	0
	0.425278	0
	0.000000
PRED	H-SSM	22222
	SDSU	0
	0.425278	0
	0.000000
PRED	H-SSM	22222
	SDSU	0
	0.425278	0
	0.000000
PRED	H-SSM	22222
	SDSU	0
	0.425278	0
	0.000000
PRED	H-SSM	22222
	CMU	1
	0.647053	1
	0.000000
PRED	H-SSM	22222
	CMU	1
	0.647053	1
	0.000000
PRED	H-SSM	22222
	CMU	1
	0.647053	1
	0.000000
PRED	H-SSM	22222
	CMU	1
	0.647053	1
	0.000000
PRED	H-SSM	22222
	CMU	1
	0.647053	1
	0.000000
PRED	H-SSM	22222
	CMU	0
	0.647053	1
	0.000000
PRED	H-SSM	22222
	CMU	0
	0.647053	1
	0.000000
PRED	H-SSM	22222
	CMU	0
	0.647053	1
	0.000000
PRED	H-SSM	22222
	CMU	0
	0.647053	1
	0.000000
PRED	H-SSM	22222
	CMU	0
	0.647053	1
	0.000000
PRED	H-SSM	22222
	UCLA_2	1
	0.522699	1
	0.000000
PRED	H-SSM	22222
	UCLA_2	1
	0.522699	1
	0.000000
PRED	H-SSM	22222
	UCLA_2	1
	0.522699	1
	0.000000
PRED	H-SSM	22222
	UCLA_2	1
	0.522699	1
	0.000000
PRED	H-SSM	22222
	UCLA_2	1
	0.522699	1
	0.000000
PRED	H-SSM	22222
	UCLA_2	0
	0.522699	1
	0.000000
PRED	H-SSM	22222
	UCLA_2	0
	0.522699	1
	0.000000
PRED	H-SSM	22222
	UCLA_2	0
	0.522699	1
	0.000000
PRED	H-SSM	22222
	UCLA_2	0
	0.522699	1
	0.000000
PRED	H-SSM	22222
	UCLA_2	0
	0.522699	1
	0.000000
PRED	H-SSM	22222
	UM_2	1
	0.389638	0
	0.000000
PRED	H-SSM	22222
	UM_2	1
	0.389638	0
	0.000000
PRED	H-SSM	22222
	UM_2	1
	0.389638	0
	0.000000
PRED	H-SSM	22222
	UM_2	1
	0.389638	0
	0.000000
PRED	H-SSM	22222
	UM_2	1
	0.389638	0
	0.000000
PRED	H-SSM	22222
	UM_2	0
	0.389638	0
	0.000000
PRED	H-SSM	22222
	UM_2	0
	0.389638	0
	0.000000
PRED	H-SSM	22222
	UM_2	0
	0.389638	0
	0.000000
PRED	H-SSM	22222
	UM_2	0
	0.389638	0
	0.000000
PRED	H-SSM	22222
	UM_2	0
	0.389638	0
	0.000000
PRED	H-SSM	22222
	OHSU	1
	0.592234	1
	0.000000
PRED	H-SSM	22222
	OHSU	1
	0.592234	1
	0.000000
PRED	H-SSM	22222
	OHSU	1
	0.592234	1
	0.000000
PRED	H-SSM	22222
	OHSU	1
	0.592234	1
	0.000000
PRED	H-SSM	22222
	OHSU	1
	0.592234	1
	0.000000
PRED	H-SSM	22222
	OHSU	0
	0.592234	1
	0.000000
PRED	H-SSM	22222
	OHSU	0
	0.592234	1
	0.000000
PRED	H-SSM	22222
	OHSU	0
	0.592234	1
	0.000000
PRED	H-SSM	22222
	OHSU	0
	0.592234	1
	0.000000
PRED	H-SSM	22222
	OHSU	0
	0.592234	1
	0.000000
  H-SSM    22222
   acc=50.000000% bal=50.000000% sites=20
/20
 test_n=200
 assoc=0.000000
PRED	H-SSM	44444
	NYU	1
	0.708714	1
	0.000000
PRED	H-SSM	44444
	NYU	1
	0.708714	1
	0.000000
PRED	H-SSM	44444
	NYU	1
	0.708714	1
	0.000000
PRED	H-SSM	44444
	NYU	1
	0.708714	1
	0.000000
PRED	H-SSM	44444
	NYU	1
	0.708714	1
	0.000000
PRED	H-SSM	44444
	NYU	0
	0.708714	1
	0.000000
PRED	H-SSM	44444
	NYU	0
	0.708714	1
	0.000000
PRED	H-SSM	44444
	NYU	0
	0.708714	1
	0.000000
PRED	H-SSM	44444
	NYU	0
	0.708714	1
	0.000000
PRED	H-SSM	44444
	NYU	0
	0.708714	1
	0.000000
PRED	H-SSM	44444
	UM_1	1
	0.683563	1
	0.000000
PRED	H-SSM	44444
	UM_1	1
	0.683563	1
	0.000000
PRED	H-SSM	44444
	UM_1	1
	0.683563	1
	0.000000
PRED	H-SSM	44444
	UM_1	1
	0.683563	1
	0.000000
PRED	H-SSM	44444
	UM_1	1
	0.683563	1
	0.000000
PRED	H-SSM	44444
	UM_1	0
	0.683563	1
	0.000000
PRED	H-SSM	44444
	UM_1	0
	0.683563	1
	0.000000
PRED	H-SSM	44444
	UM_1	0
	0.683563	1
	0.000000
PRED	H-SSM	44444
	UM_1	0
	0.683563	1
	0.000000
PRED	H-SSM	44444
	UM_1	0
	0.683563	1
	0.000000
PRED	H-SSM	44444
	UCLA_1	1
	0.352175	0
	0.000000
PRED	H-SSM	44444
	UCLA_1	1
	0.352175	0
	0.000000
PRED	H-SSM	44444
	UCLA_1	1
	0.352175	0
	0.000000
PRED	H-SSM	44444
	UCLA_1	1
	0.352175	0
	0.000000
PRED	H-SSM	44444
	UCLA_1	1
	0.352175	0
	0.000000
PRED	H-SSM	44444
	UCLA_1	0
	0.352175	0
	0.000000
PRED	H-SSM	44444
	UCLA_1	0
	0.352175	0
	0.000000
PRED	H-SSM	44444
	UCLA_1	0
	0.352175	0
	0.000000
PRED	H-SSM	44444
	UCLA_1	0
	0.352175	0
	0.000000
PRED	H-SSM	44444
	UCLA_1	0
	0.352175	0
	0.000000
PRED	H-SSM	44444
	YALE	1
	0.549279	1
	0.000000
PRED	H-SSM	44444
	YALE	1
	0.549279	1
	0.000000
PRED	H-SSM	44444
	YALE	1
	0.549279	1
	0.000000
PRED	H-SSM	44444
	YALE	1
	0.549279	1
	0.000000
PRED	H-SSM	44444
	YALE	1
	0.549279	1
	0.000000
PRED	H-SSM	44444
	YALE	0
	0.549279	1
	0.000000
PRED	H-SSM	44444
	YALE	0
	0.549279	1
	0.000000
PRED	H-SSM	44444
	YALE	0
	0.549279	1
	0.000000
PRED	H-SSM	44444
	YALE	0
	0.549279	1
	0.000000
PRED	H-SSM	44444
	YALE	0
	0.549279	1
	0.000000
PRED	H-SSM	44444
	PITT	1
	0.637369	1
	0.000000
PRED	H-SSM	44444
	PITT	1
	0.637369	1
	0.000000
PRED	H-SSM	44444
	PITT	1
	0.637369	1
	0.000000
PRED	H-SSM	44444
	PITT	1
	0.637369	1
	0.000000
PRED	H-SSM	44444
	PITT	1
	0.637369	1
	0.000000
PRED	H-SSM	44444
	PITT	0
	0.637369	1
	0.000000
PRED	H-SSM	44444
	PITT	0
	0.637369	1
	0.000000
PRED	H-SSM	44444
	PITT	0
	0.637369	1
	0.000000
PRED	H-SSM	44444
	PITT	0
	0.637369	1
	0.000000
PRED	H-SSM	44444
	PITT	0
	0.637369	1
	0.000000
PRED	H-SSM	44444
	USM	1
	0.619498	1
	0.000000
PRED	H-SSM	44444
	USM	1
	0.619498	1
	0.000000
PRED	H-SSM	44444
	USM	1
	0.619498	1
	0.000000
PRED	H-SSM	44444
	USM	1
	0.619498	1
	0.000000
PRED	H-SSM	44444
	USM	1
	0.619498	1
	0.000000
PRED	H-SSM	44444
	USM	0
	0.619498	1
	0.000000
PRED	H-SSM	44444
	USM	0
	0.619498	1
	0.000000
PRED	H-SSM	44444
	USM	0
	0.619498	1
	0.000000
PRED	H-SSM	44444
	USM	0
	0.619498	1
	0.000000
PRED	H-SSM	44444
	USM	0
	0.619498	1
	0.000000
PRED	H-SSM	44444
	MAX_MUN	1
	0.577347	1
	0.000000
PRED	H-SSM	44444
	MAX_MUN	1
	0.577347	1
	0.000000
PRED	H-SSM	44444
	MAX_MUN	1
	0.577347	1
	0.000000
PRED	H-SSM	44444
	MAX_MUN	1
	0.577347	1
	0.000000
PRED	H-SSM	44444
	MAX_MUN	1
	0.577347	1
	0.000000
PRED	H-SSM	44444
	MAX_MUN	0
	0.577347	1
	0.000000
PRED	H-SSM	44444
	MAX_MUN	0
	0.577347	1
	0.000000
PRED	H-SSM	44444
	MAX_MUN	0
	0.577347	1
	0.000000
PRED	H-SSM	44444
	MAX_MUN	0
	0.577347	1
	0.000000
PRED	H-SSM	44444
	MAX_MUN	0
	0.577347	1
	0.000000
PRED	H-SSM	44444
	TRINITY	1
	0.632637	1
	0.000000
PRED	H-SSM	44444
	TRINITY	1
	0.632637	1
	0.000000
PRED	H-SSM	44444
	TRINITY	1
	0.632637	1
	0.000000
PRED	H-SSM	44444
	TRINITY	1
	0.632637	1
	0.000000
PRED	H-SSM	44444
	TRINITY	1
	0.632637	1
	0.000000
PRED	H-SSM	44444
	TRINITY	0
	0.632637	1
	0.000000
PRED	H-SSM	44444
	TRINITY	0
	0.632637	1
	0.000000
PRED	H-SSM	44444
	TRINITY	0
	0.632637	1
	0.000000
PRED	H-SSM	44444
	TRINITY	0
	0.632637	1
	0.000000
PRED	H-SSM	44444
	TRINITY	0
	0.632637	1
	0.000000
PRED	H-SSM	44444
	KKI	1
	0.441279	0
	0.000000
PRED	H-SSM	44444
	KKI	1
	0.441279	0
	0.000000
PRED	H-SSM	44444
	KKI	1
	0.441279	0
	0.000000
PRED	H-SSM	44444
	KKI	1
	0.441279	0
	0.000000
PRED	H-SSM	44444
	KKI	1
	0.441279	0
	0.000000
PRED	H-SSM	44444
	KKI	0
	0.441279	0
	0.000000
PRED	H-SSM	44444
	KKI	0
	0.441279	0
	0.000000
PRED	H-SSM	44444
	KKI	0
	0.441279	0
	0.000000
PRED	H-SSM	44444
	KKI	0
	0.441279	0
	0.000000
PRED	H-SSM	44444
	KKI	0
	0.441279	0
	0.000000
PRED	H-SSM	44444
	STANFORD	1
	0.399951	0
	0.000000
PRED	H-SSM	44444
	STANFORD	1
	0.399951	0
	0.000000
PRED	H-SSM	44444
	STANFORD	1
	0.399951	0
	0.000000
PRED	H-SSM	44444
	STANFORD	1
	0.399951	0
	0.000000
PRED	H-SSM	44444
	STANFORD	1
	0.399951	0
	0.000000
PRED	H-SSM	44444
	STANFORD	0
	0.399951	0
	0.000000
PRED	H-SSM	44444
	STANFORD	0
	0.399951	0
	0.000000
PRED	H-SSM	44444
	STANFORD	0
	0.399951	0
	0.000000
PRED	H-SSM	44444
	STANFORD	0
	0.399951	0
	0.000000
PRED	H-SSM	44444
	STANFORD	0
	0.399951	0
	0.000000
PRED	H-SSM	44444
	CALTECH	1
	0.580347	1
	0.000000
PRED	H-SSM	44444
	CALTECH	1
	0.580347	1
	0.000000
PRED	H-SSM	44444
	CALTECH	1
	0.580347	1
	0.000000
PRED	H-SSM	44444
	CALTECH	1
	0.580347	1
	0.000000
PRED	H-SSM	44444
	CALTECH	1
	0.580347	1
	0.000000
PRED	H-SSM	44444
	CALTECH	0
	0.580347	1
	0.000000
PRED	H-SSM	44444
	CALTECH	0
	0.580347	1
	0.000000
PRED	H-SSM	44444
	CALTECH	0
	0.580347	1
	0.000000
PRED	H-SSM	44444
	CALTECH	0
	0.580347	1
	0.000000
PRED	H-SSM	44444
	CALTECH	0
	0.580347	1
	0.000000
PRED	H-SSM	44444
	LEUVEN_2	1
	0.650130	1
	0.000000
PRED	H-SSM	44444
	LEUVEN_2	1
	0.650130	1
	0.000000
PRED	H-SSM	44444
	LEUVEN_2	1
	0.650130	1
	0.000000
PRED	H-SSM	44444
	LEUVEN_2	1
	0.650130	1
	0.000000
PRED	H-SSM	44444
	LEUVEN_2	1
	0.650130	1
	0.000000
PRED	H-SSM	44444
	LEUVEN_2	0
	0.650130	1
	0.000000
PRED	H-SSM	44444
	LEUVEN_2	0
	0.650130	1
	0.000000
PRED	H-SSM	44444
	LEUVEN_2	0
	0.650130	1
	0.000000
PRED	H-SSM	44444
	LEUVEN_2	0
	0.650130	1
	0.000000
PRED	H-SSM	44444
	LEUVEN_2	0
	0.650130	1
	0.000000
PRED	H-SSM	44444
	OLIN	1
	0.441096	0
	0.000000
PRED	H-SSM	44444
	OLIN	1
	0.441096	0
	0.000000
PRED	H-SSM	44444
	OLIN	1
	0.441096	0
	0.000000
PRED	H-SSM	44444
	OLIN	1
	0.441096	0
	0.000000
PRED	H-SSM	44444
	OLIN	1
	0.441096	0
	0.000000
PRED	H-SSM	44444
	OLIN	0
	0.441096	0
	0.000000
PRED	H-SSM	44444
	OLIN	0
	0.441096	0
	0.000000
PRED	H-SSM	44444
	OLIN	0
	0.441096	0
	0.000000
PRED	H-SSM	44444
	OLIN	0
	0.441096	0
	0.000000
PRED	H-SSM	44444
	OLIN	0
	0.441096	0
	0.000000
PRED	H-SSM	44444
	SBL	1
	0.702003	1
	0.000000
PRED	H-SSM	44444
	SBL	1
	0.702003	1
	0.000000
PRED	H-SSM	44444
	SBL	1
	0.702003	1
	0.000000
PRED	H-SSM	44444
	SBL	1
	0.702003	1
	0.000000
PRED	H-SSM	44444
	SBL	1
	0.702003	1
	0.000000
PRED	H-SSM	44444
	SBL	0
	0.702003	1
	0.000000
PRED	H-SSM	44444
	SBL	0
	0.702003	1
	0.000000
PRED	H-SSM	44444
	SBL	0
	0.702003	1
	0.000000
PRED	H-SSM	44444
	SBL	0
	0.702003	1
	0.000000
PRED	H-SSM	44444
	SBL	0
	0.702003	1
	0.000000
PRED	H-SSM	44444
	LEUVEN_1	1
	0.493621	0
	0.000000
PRED	H-SSM	44444
	LEUVEN_1	1
	0.493621	0
	0.000000
PRED	H-SSM	44444
	LEUVEN_1	1
	0.493621	0
	0.000000
PRED	H-SSM	44444
	LEUVEN_1	1
	0.493621	0
	0.000000
PRED	H-SSM	44444
	LEUVEN_1	1
	0.493621	0
	0.000000
PRED	H-SSM	44444
	LEUVEN_1	0
	0.493621	0
	0.000000
PRED	H-SSM	44444
	LEUVEN_1	0
	0.493621	0
	0.000000
PRED	H-SSM	44444
	LEUVEN_1	0
	0.493621	0
	0.000000
PRED	H-SSM	44444
	LEUVEN_1	0
	0.493621	0
	0.000000
PRED	H-SSM	44444
	LEUVEN_1	0
	0.493621	0
	0.000000
PRED	H-SSM	44444
	SDSU	1
	0.440308	0
	0.000000
PRED	H-SSM	44444
	SDSU	1
	0.440308	0
	0.000000
PRED	H-SSM	44444
	SDSU	1
	0.440308	0
	0.000000
PRED	H-SSM	44444
	SDSU	1
	0.440308	0
	0.000000
PRED	H-SSM	44444
	SDSU	1
	0.440308	0
	0.000000
PRED	H-SSM	44444
	SDSU	0
	0.440308	0
	0.000000
PRED	H-SSM	44444
	SDSU	0
	0.440308	0
	0.000000
PRED	H-SSM	44444
	SDSU	0
	0.440308	0
	0.000000
PRED	H-SSM	44444
	SDSU	0
	0.440308	0
	0.000000
PRED	H-SSM	44444
	SDSU	0
	0.440308	0
	0.000000
PRED	H-SSM	44444
	CMU	1
	0.578138	1
	0.000000
PRED	H-SSM	44444
	CMU	1
	0.578138	1
	0.000000
PRED	H-SSM	44444
	CMU	1
	0.578138	1
	0.000000
PRED	H-SSM	44444
	CMU	1
	0.578138	1
	0.000000
PRED	H-SSM	44444
	CMU	1
	0.578138	1
	0.000000
PRED	H-SSM	44444
	CMU	0
	0.578138	1
	0.000000
PRED	H-SSM	44444
	CMU	0
	0.578138	1
	0.000000
PRED	H-SSM	44444
	CMU	0
	0.578138	1
	0.000000
PRED	H-SSM	44444
	CMU	0
	0.578138	1
	0.000000
PRED	H-SSM	44444
	CMU	0
	0.578138	1
	0.000000
PRED	H-SSM	44444
	UCLA_2	1
	0.453856	0
	0.000000
PRED	H-SSM	44444
	UCLA_2	1
	0.453856	0
	0.000000
PRED	H-SSM	44444
	UCLA_2	1
	0.453856	0
	0.000000
PRED	H-SSM	44444
	UCLA_2	1
	0.453856	0
	0.000000
PRED	H-SSM	44444
	UCLA_2	1
	0.453856	0
	0.000000
PRED	H-SSM	44444
	UCLA_2	0
	0.453856	0
	0.000000
PRED	H-SSM	44444
	UCLA_2	0
	0.453856	0
	0.000000
PRED	H-SSM	44444
	UCLA_2	0
	0.453856	0
	0.000000
PRED	H-SSM	44444
	UCLA_2	0
	0.453856	0
	0.000000
PRED	H-SSM	44444
	UCLA_2	0
	0.453856	0
	0.000000
PRED	H-SSM	44444
	UM_2	1
	0.495804	0
	0.000000
PRED	H-SSM	44444
	UM_2	1
	0.495804	0
	0.000000
PRED	H-SSM	44444
	UM_2	1
	0.495804	0
	0.000000
PRED	H-SSM	44444
	UM_2	1
	0.495804	0
	0.000000
PRED	H-SSM	44444
	UM_2	1
	0.495804	0
	0.000000
PRED	H-SSM	44444
	UM_2	0
	0.495804	0
	0.000000
PRED	H-SSM	44444
	UM_2	0
	0.495804	0
	0.000000
PRED	H-SSM	44444
	UM_2	0
	0.495804	0
	0.000000
PRED	H-SSM	44444
	UM_2	0
	0.495804	0
	0.000000
PRED	H-SSM	44444
	UM_2	0
	0.495804	0
	0.000000
PRED	H-SSM	44444
	OHSU	1
	0.546662	1
	0.000000
PRED	H-SSM	44444
	OHSU	1
	0.546662	1
	0.000000
PRED	H-SSM	44444
	OHSU	1
	0.546662	1
	0.000000
PRED	H-SSM	44444
	OHSU	1
	0.546662	1
	0.000000
PRED	H-SSM	44444
	OHSU	1
	0.546662	1
	0.000000
PRED	H-SSM	44444
	OHSU	0
	0.546662	1
	0.000000
PRED	H-SSM	44444
	OHSU	0
	0.546662	1
	0.000000
PRED	H-SSM	44444
	OHSU	0
	0.546662	1
	0.000000
PRED	H-SSM	44444
	OHSU	0
	0.546662	1
	0.000000
PRED	H-SSM	44444
	OHSU	0
	0.546662	1
	0.000000
  H-SSM    44444
   acc=50.000000% bal=50.000000% sites=20
/20
 test_n=200
 assoc=0.000000
PRED	H-SSM	66666
	NYU	1
	0.282519	0
	0.000000
PRED	H-SSM	66666
	NYU	1
	0.282519	0
	0.000000
PRED	H-SSM	66666
	NYU	1
	0.282519	0
	0.000000
PRED	H-SSM	66666
	NYU	1
	0.282519	0
	0.000000
PRED	H-SSM	66666
	NYU	1
	0.282519	0
	0.000000
PRED	H-SSM	66666
	NYU	0
	0.282519	0
	0.000000
PRED	H-SSM	66666
	NYU	0
	0.282519	0
	0.000000
PRED	H-SSM	66666
	NYU	0
	0.282519	0
	0.000000
PRED	H-SSM	66666
	NYU	0
	0.282519	0
	0.000000
PRED	H-SSM	66666
	NYU	0
	0.282519	0
	0.000000
PRED	H-SSM	66666
	UM_1	1
	0.296326	0
	0.000000
PRED	H-SSM	66666
	UM_1	1
	0.296326	0
	0.000000
PRED	H-SSM	66666
	UM_1	1
	0.296326	0
	0.000000
PRED	H-SSM	66666
	UM_1	1
	0.296326	0
	0.000000
PRED	H-SSM	66666
	UM_1	1
	0.296326	0
	0.000000
PRED	H-SSM	66666
	UM_1	0
	0.296326	0
	0.000000
PRED	H-SSM	66666
	UM_1	0
	0.296326	0
	0.000000
PRED	H-SSM	66666
	UM_1	0
	0.296326	0
	0.000000
PRED	H-SSM	66666
	UM_1	0
	0.296326	0
	0.000000
PRED	H-SSM	66666
	UM_1	0
	0.296326	0
	0.000000
PRED	H-SSM	66666
	UCLA_1	1
	0.513510	1
	0.000000
PRED	H-SSM	66666
	UCLA_1	1
	0.513510	1
	0.000000
PRED	H-SSM	66666
	UCLA_1	1
	0.513510	1
	0.000000
PRED	H-SSM	66666
	UCLA_1	1
	0.513510	1
	0.000000
PRED	H-SSM	66666
	UCLA_1	1
	0.513510	1
	0.000000
PRED	H-SSM	66666
	UCLA_1	0
	0.513510	1
	0.000000
PRED	H-SSM	66666
	UCLA_1	0
	0.513510	1
	0.000000
PRED	H-SSM	66666
	UCLA_1	0
	0.513510	1
	0.000000
PRED	H-SSM	66666
	UCLA_1	0
	0.513510	1
	0.000000
PRED	H-SSM	66666
	UCLA_1	0
	0.513510	1
	0.000000
PRED	H-SSM	66666
	YALE	1
	0.529038	1
	0.000000
PRED	H-SSM	66666
	YALE	1
	0.529038	1
	0.000000
PRED	H-SSM	66666
	YALE	1
	0.529038	1
	0.000000
PRED	H-SSM	66666
	YALE	1
	0.529038	1
	0.000000
PRED	H-SSM	66666
	YALE	1
	0.529038	1
	0.000000
PRED	H-SSM	66666
	YALE	0
	0.529038	1
	0.000000
PRED	H-SSM	66666
	YALE	0
	0.529038	1
	0.000000
PRED	H-SSM	66666
	YALE	0
	0.529038	1
	0.000000
PRED	H-SSM	66666
	YALE	0
	0.529038	1
	0.000000
PRED	H-SSM	66666
	YALE	0
	0.529038	1
	0.000000
PRED	H-SSM	66666
	PITT	1
	0.423040	0
	0.000000
PRED	H-SSM	66666
	PITT	1
	0.423040	0
	0.000000
PRED	H-SSM	66666
	PITT	1
	0.423040	0
	0.000000
PRED	H-SSM	66666
	PITT	1
	0.423040	0
	0.000000
PRED	H-SSM	66666
	PITT	1
	0.423040	0
	0.000000
PRED	H-SSM	66666
	PITT	0
	0.423040	0
	0.000000
PRED	H-SSM	66666
	PITT	0
	0.423040	0
	0.000000
PRED	H-SSM	66666
	PITT	0
	0.423040	0
	0.000000
PRED	H-SSM	66666
	PITT	0
	0.423040	0
	0.000000
PRED	H-SSM	66666
	PITT	0
	0.423040	0
	0.000000
PRED	H-SSM	66666
	USM	1
	0.604349	1
	0.000000
PRED	H-SSM	66666
	USM	1
	0.604349	1
	0.000000
PRED	H-SSM	66666
	USM	1
	0.604349	1
	0.000000
PRED	H-SSM	66666
	USM	1
	0.604349	1
	0.000000
PRED	H-SSM	66666
	USM	1
	0.604349	1
	0.000000
PRED	H-SSM	66666
	USM	0
	0.604349	1
	0.000000
PRED	H-SSM	66666
	USM	0
	0.604349	1
	0.000000
PRED	H-SSM	66666
	USM	0
	0.604349	1
	0.000000
PRED	H-SSM	66666
	USM	0
	0.604349	1
	0.000000
PRED	H-SSM	66666
	USM	0
	0.604349	1
	0.000000
PRED	H-SSM	66666
	MAX_MUN	1
	0.491136	0
	0.000000
PRED	H-SSM	66666
	MAX_MUN	1
	0.491136	0
	0.000000
PRED	H-SSM	66666
	MAX_MUN	1
	0.491136	0
	0.000000
PRED	H-SSM	66666
	MAX_MUN	1
	0.491136	0
	0.000000
PRED	H-SSM	66666
	MAX_MUN	1
	0.491136	0
	0.000000
PRED	H-SSM	66666
	MAX_MUN	0
	0.491136	0
	0.000000
PRED	H-SSM	66666
	MAX_MUN	0
	0.491136	0
	0.000000
PRED	H-SSM	66666
	MAX_MUN	0
	0.491136	0
	0.000000
PRED	H-SSM	66666
	MAX_MUN	0
	0.491136	0
	0.000000
PRED	H-SSM	66666
	MAX_MUN	0
	0.491136	0
	0.000000
PRED	H-SSM	66666
	TRINITY	1
	0.622592	1
	0.000000
PRED	H-SSM	66666
	TRINITY	1
	0.622592	1
	0.000000
PRED	H-SSM	66666
	TRINITY	1
	0.622592	1
	0.000000
PRED	H-SSM	66666
	TRINITY	1
	0.622592	1
	0.000000
PRED	H-SSM	66666
	TRINITY	1
	0.622592	1
	0.000000
PRED	H-SSM	66666
	TRINITY	0
	0.622592	1
	0.000000
PRED	H-SSM	66666
	TRINITY	0
	0.622592	1
	0.000000
PRED	H-SSM	66666
	TRINITY	0
	0.622592	1
	0.000000
PRED	H-SSM	66666
	TRINITY	0
	0.622592	1
	0.000000
PRED	H-SSM	66666
	TRINITY	0
	0.622592	1
	0.000000
PRED	H-SSM	66666
	KKI	1
	0.394651	0
	0.000000
PRED	H-SSM	66666
	KKI	1
	0.394651	0
	0.000000
PRED	H-SSM	66666
	KKI	1
	0.394651	0
	0.000000
PRED	H-SSM	66666
	KKI	1
	0.394651	0
	0.000000
PRED	H-SSM	66666
	KKI	1
	0.394651	0
	0.000000
PRED	H-SSM	66666
	KKI	0
	0.394651	0
	0.000000
PRED	H-SSM	66666
	KKI	0
	0.394651	0
	0.000000
PRED	H-SSM	66666
	KKI	0
	0.394651	0
	0.000000
PRED	H-SSM	66666
	KKI	0
	0.394651	0
	0.000000
PRED	H-SSM	66666
	KKI	0
	0.394651	0
	0.000000
PRED	H-SSM	66666
	STANFORD	1
	0.523729	1
	0.000000
PRED	H-SSM	66666
	STANFORD	1
	0.523729	1
	0.000000
PRED	H-SSM	66666
	STANFORD	1
	0.523729	1
	0.000000
PRED	H-SSM	66666
	STANFORD	1
	0.523729	1
	0.000000
PRED	H-SSM	66666
	STANFORD	1
	0.523729	1
	0.000000
PRED	H-SSM	66666
	STANFORD	0
	0.523729	1
	0.000000
PRED	H-SSM	66666
	STANFORD	0
	0.523729	1
	0.000000
PRED	H-SSM	66666
	STANFORD	0
	0.523729	1
	0.000000
PRED	H-SSM	66666
	STANFORD	0
	0.523729	1
	0.000000
PRED	H-SSM	66666
	STANFORD	0
	0.523729	1
	0.000000
PRED	H-SSM	66666
	CALTECH	1
	0.436678	0
	0.000000
PRED	H-SSM	66666
	CALTECH	1
	0.436678	0
	0.000000
PRED	H-SSM	66666
	CALTECH	1
	0.436678	0
	0.000000
PRED	H-SSM	66666
	CALTECH	1
	0.436678	0
	0.000000
PRED	H-SSM	66666
	CALTECH	1
	0.436678	0
	0.000000
PRED	H-SSM	66666
	CALTECH	0
	0.436678	0
	0.000000
PRED	H-SSM	66666
	CALTECH	0
	0.436678	0
	0.000000
PRED	H-SSM	66666
	CALTECH	0
	0.436678	0
	0.000000
PRED	H-SSM	66666
	CALTECH	0
	0.436678	0
	0.000000
PRED	H-SSM	66666
	CALTECH	0
	0.436678	0
	0.000000
PRED	H-SSM	66666
	LEUVEN_2	1
	0.462792	0
	0.000000
PRED	H-SSM	66666
	LEUVEN_2	1
	0.462792	0
	0.000000
PRED	H-SSM	66666
	LEUVEN_2	1
	0.462792	0
	0.000000
PRED	H-SSM	66666
	LEUVEN_2	1
	0.462792	0
	0.000000
PRED	H-SSM	66666
	LEUVEN_2	1
	0.462792	0
	0.000000
PRED	H-SSM	66666
	LEUVEN_2	0
	0.462792	0
	0.000000
PRED	H-SSM	66666
	LEUVEN_2	0
	0.462792	0
	0.000000
PRED	H-SSM	66666
	LEUVEN_2	0
	0.462792	0
	0.000000
PRED	H-SSM	66666
	LEUVEN_2	0
	0.462792	0
	0.000000
PRED	H-SSM	66666
	LEUVEN_2	0
	0.462792	0
	0.000000
PRED	H-SSM	66666
	OLIN	1
	0.800877	1
	0.000000
PRED	H-SSM	66666
	OLIN	1
	0.800877	1
	0.000000
PRED	H-SSM	66666
	OLIN	1
	0.800877	1
	0.000000
PRED	H-SSM	66666
	OLIN	1
	0.800877	1
	0.000000
PRED	H-SSM	66666
	OLIN	1
	0.800877	1
	0.000000
PRED	H-SSM	66666
	OLIN	0
	0.800877	1
	0.000000
PRED	H-SSM	66666
	OLIN	0
	0.800877	1
	0.000000
PRED	H-SSM	66666
	OLIN	0
	0.800877	1
	0.000000
PRED	H-SSM	66666
	OLIN	0
	0.800877	1
	0.000000
PRED	H-SSM	66666
	OLIN	0
	0.800877	1
	0.000000
PRED	H-SSM	66666
	SBL	1
	0.553662	1
	0.000000
PRED	H-SSM	66666
	SBL	1
	0.553662	1
	0.000000
PRED	H-SSM	66666
	SBL	1
	0.553662	1
	0.000000
PRED	H-SSM	66666
	SBL	1
	0.553662	1
	0.000000
PRED	H-SSM	66666
	SBL	1
	0.553662	1
	0.000000
PRED	H-SSM	66666
	SBL	0
	0.553662	1
	0.000000
PRED	H-SSM	66666
	SBL	0
	0.553662	1
	0.000000
PRED	H-SSM	66666
	SBL	0
	0.553662	1
	0.000000
PRED	H-SSM	66666
	SBL	0
	0.553662	1
	0.000000
PRED	H-SSM	66666
	SBL	0
	0.553662	1
	0.000000
PRED	H-SSM	66666
	LEUVEN_1	1
	0.435694	0
	0.000000
PRED	H-SSM	66666
	LEUVEN_1	1
	0.435694	0
	0.000000
PRED	H-SSM	66666
	LEUVEN_1	1
	0.435694	0
	0.000000
PRED	H-SSM	66666
	LEUVEN_1	1
	0.435694	0
	0.000000
PRED	H-SSM	66666
	LEUVEN_1	1
	0.435694	0
	0.000000
PRED	H-SSM	66666
	LEUVEN_1	0
	0.435694	0
	0.000000
PRED	H-SSM	66666
	LEUVEN_1	0
	0.435694	0
	0.000000
PRED	H-SSM	66666
	LEUVEN_1	0
	0.435694	0
	0.000000
PRED	H-SSM	66666
	LEUVEN_1	0
	0.435694	0
	0.000000
PRED	H-SSM	66666
	LEUVEN_1	0
	0.435694	0
	0.000000
PRED	H-SSM	66666
	SDSU	1
	0.377538	0
	0.000000
PRED	H-SSM	66666
	SDSU	1
	0.377538	0
	0.000000
PRED	H-SSM	66666
	SDSU	1
	0.377538	0
	0.000000
PRED	H-SSM	66666
	SDSU	1
	0.377538	0
	0.000000
PRED	H-SSM	66666
	SDSU	1
	0.377538	0
	0.000000
PRED	H-SSM	66666
	SDSU	0
	0.377538	0
	0.000000
PRED	H-SSM	66666
	SDSU	0
	0.377538	0
	0.000000
PRED	H-SSM	66666
	SDSU	0
	0.377538	0
	0.000000
PRED	H-SSM	66666
	SDSU	0
	0.377538	0
	0.000000
PRED	H-SSM	66666
	SDSU	0
	0.377538	0
	0.000000
PRED	H-SSM	66666
	CMU	1
	0.383012	0
	0.000000
PRED	H-SSM	66666
	CMU	1
	0.383012	0
	0.000000
PRED	H-SSM	66666
	CMU	1
	0.383012	0
	0.000000
PRED	H-SSM	66666
	CMU	1
	0.383012	0
	0.000000
PRED	H-SSM	66666
	CMU	1
	0.383012	0
	0.000000
PRED	H-SSM	66666
	CMU	0
	0.383012	0
	0.000000
PRED	H-SSM	66666
	CMU	0
	0.383012	0
	0.000000
PRED	H-SSM	66666
	CMU	0
	0.383012	0
	0.000000
PRED	H-SSM	66666
	CMU	0
	0.383012	0
	0.000000
PRED	H-SSM	66666
	CMU	0
	0.383012	0
	0.000000
PRED	H-SSM	66666
	UCLA_2	1
	0.511985	1
	0.000000
PRED	H-SSM	66666
	UCLA_2	1
	0.511985	1
	0.000000
PRED	H-SSM	66666
	UCLA_2	1
	0.511985	1
	0.000000
PRED	H-SSM	66666
	UCLA_2	1
	0.511985	1
	0.000000
PRED	H-SSM	66666
	UCLA_2	1
	0.511985	1
	0.000000
PRED	H-SSM	66666
	UCLA_2	0
	0.511985	1
	0.000000
PRED	H-SSM	66666
	UCLA_2	0
	0.511985	1
	0.000000
PRED	H-SSM	66666
	UCLA_2	0
	0.511985	1
	0.000000
PRED	H-SSM	66666
	UCLA_2	0
	0.511985	1
	0.000000
PRED	H-SSM	66666
	UCLA_2	0
	0.511985	1
	0.000000
PRED	H-SSM	66666
	UM_2	1
	0.379587	0
	0.000000
PRED	H-SSM	66666
	UM_2	1
	0.379587	0
	0.000000
PRED	H-SSM	66666
	UM_2	1
	0.379587	0
	0.000000
PRED	H-SSM	66666
	UM_2	1
	0.379587	0
	0.000000
PRED	H-SSM	66666
	UM_2	1
	0.379587	0
	0.000000
PRED	H-SSM	66666
	UM_2	0
	0.379587	0
	0.000000
PRED	H-SSM	66666
	UM_2	0
	0.379587	0
	0.000000
PRED	H-SSM	66666
	UM_2	0
	0.379587	0
	0.000000
PRED	H-SSM	66666
	UM_2	0
	0.379587	0
	0.000000
PRED	H-SSM	66666
	UM_2	0
	0.379587	0
	0.000000
PRED	H-SSM	66666
	OHSU	1
	0.549828	1
	0.000000
PRED	H-SSM	66666
	OHSU	1
	0.549828	1
	0.000000
PRED	H-SSM	66666
	OHSU	1
	0.549828	1
	0.000000
PRED	H-SSM	66666
	OHSU	1
	0.549828	1
	0.000000
PRED	H-SSM	66666
	OHSU	1
	0.549828	1
	0.000000
PRED	H-SSM	66666
	OHSU	0
	0.549828	1
	0.000000
PRED	H-SSM	66666
	OHSU	0
	0.549828	1
	0.000000
PRED	H-SSM	66666
	OHSU	0
	0.549828	1
	0.000000
PRED	H-SSM	66666
	OHSU	0
	0.549828	1
	0.000000
PRED	H-SSM	66666
	OHSU	0
	0.549828	1
	0.000000
  H-SSM    66666
   acc=50.000000% bal=50.000000% sites=20
/20
 test_n=200
 assoc=0.000000
PRED	H-SSM	77777
	NYU	1
	0.363796	0
	0.000000
PRED	H-SSM	77777
	NYU	1
	0.363796	0
	0.000000
PRED	H-SSM	77777
	NYU	1
	0.363796	0
	0.000000
PRED	H-SSM	77777
	NYU	1
	0.363796	0
	0.000000
PRED	H-SSM	77777
	NYU	1
	0.363796	0
	0.000000
PRED	H-SSM	77777
	NYU	0
	0.363796	0
	0.000000
PRED	H-SSM	77777
	NYU	0
	0.363796	0
	0.000000
PRED	H-SSM	77777
	NYU	0
	0.363796	0
	0.000000
PRED	H-SSM	77777
	NYU	0
	0.363796	0
	0.000000
PRED	H-SSM	77777
	NYU	0
	0.363796	0
	0.000000
PRED	H-SSM	77777
	UM_1	1
	0.394220	0
	0.000000
PRED	H-SSM	77777
	UM_1	1
	0.394220	0
	0.000000
PRED	H-SSM	77777
	UM_1	1
	0.394220	0
	0.000000
PRED	H-SSM	77777
	UM_1	1
	0.394220	0
	0.000000
PRED	H-SSM	77777
	UM_1	1
	0.394220	0
	0.000000
PRED	H-SSM	77777
	UM_1	0
	0.394220	0
	0.000000
PRED	H-SSM	77777
	UM_1	0
	0.394220	0
	0.000000
PRED	H-SSM	77777
	UM_1	0
	0.394220	0
	0.000000
PRED	H-SSM	77777
	UM_1	0
	0.394220	0
	0.000000
PRED	H-SSM	77777
	UM_1	0
	0.394220	0
	0.000000
PRED	H-SSM	77777
	UCLA_1	1
	0.344915	0
	0.000000
PRED	H-SSM	77777
	UCLA_1	1
	0.344915	0
	0.000000
PRED	H-SSM	77777
	UCLA_1	1
	0.344915	0
	0.000000
PRED	H-SSM	77777
	UCLA_1	1
	0.344915	0
	0.000000
PRED	H-SSM	77777
	UCLA_1	1
	0.344915	0
	0.000000
PRED	H-SSM	77777
	UCLA_1	0
	0.344915	0
	0.000000
PRED	H-SSM	77777
	UCLA_1	0
	0.344915	0
	0.000000
PRED	H-SSM	77777
	UCLA_1	0
	0.344915	0
	0.000000
PRED	H-SSM	77777
	UCLA_1	0
	0.344915	0
	0.000000
PRED	H-SSM	77777
	UCLA_1	0
	0.344915	0
	0.000000
PRED	H-SSM	77777
	YALE	1
	0.438912	0
	0.000000
PRED	H-SSM	77777
	YALE	1
	0.438912	0
	0.000000
PRED	H-SSM	77777
	YALE	1
	0.438912	0
	0.000000
PRED	H-SSM	77777
	YALE	1
	0.438912	0
	0.000000
PRED	H-SSM	77777
	YALE	1
	0.438912	0
	0.000000
PRED	H-SSM	77777
	YALE	0
	0.438912	0
	0.000000
PRED	H-SSM	77777
	YALE	0
	0.438912	0
	0.000000
PRED	H-SSM	77777
	YALE	0
	0.438912	0
	0.000000
PRED	H-SSM	77777
	YALE	0
	0.438912	0
	0.000000
PRED	H-SSM	77777
	YALE	0
	0.438912	0
	0.000000
PRED	H-SSM	77777
	PITT	1
	0.377750	0
	0.000000
PRED	H-SSM	77777
	PITT	1
	0.377750	0
	0.000000
PRED	H-SSM	77777
	PITT	1
	0.377750	0
	0.000000
PRED	H-SSM	77777
	PITT	1
	0.377750	0
	0.000000
PRED	H-SSM	77777
	PITT	1
	0.377750	0
	0.000000
PRED	H-SSM	77777
	PITT	0
	0.377750	0
	0.000000
PRED	H-SSM	77777
	PITT	0
	0.377750	0
	0.000000
PRED	H-SSM	77777
	PITT	0
	0.377750	0
	0.000000
PRED	H-SSM	77777
	PITT	0
	0.377750	0
	0.000000
PRED	H-SSM	77777
	PITT	0
	0.377750	0
	0.000000
PRED	H-SSM	77777
	USM	1
	0.601739	1
	0.000000
PRED	H-SSM	77777
	USM	1
	0.601739	1
	0.000000
PRED	H-SSM	77777
	USM	1
	0.601739	1
	0.000000
PRED	H-SSM	77777
	USM	1
	0.601739	1
	0.000000
PRED	H-SSM	77777
	USM	1
	0.601739	1
	0.000000
PRED	H-SSM	77777
	USM	0
	0.601739	1
	0.000000
PRED	H-SSM	77777
	USM	0
	0.601739	1
	0.000000
PRED	H-SSM	77777
	USM	0
	0.601739	1
	0.000000
PRED	H-SSM	77777
	USM	0
	0.601739	1
	0.000000
PRED	H-SSM	77777
	USM	0
	0.601739	1
	0.000000
PRED	H-SSM	77777
	MAX_MUN	1
	0.527776	1
	0.000000
PRED	H-SSM	77777
	MAX_MUN	1
	0.527776	1
	0.000000
PRED	H-SSM	77777
	MAX_MUN	1
	0.527776	1
	0.000000
PRED	H-SSM	77777
	MAX_MUN	1
	0.527776	1
	0.000000
PRED	H-SSM	77777
	MAX_MUN	1
	0.527776	1
	0.000000
PRED	H-SSM	77777
	MAX_MUN	0
	0.527776	1
	0.000000
PRED	H-SSM	77777
	MAX_MUN	0
	0.527776	1
	0.000000
PRED	H-SSM	77777
	MAX_MUN	0
	0.527776	1
	0.000000
PRED	H-SSM	77777
	MAX_MUN	0
	0.527776	1
	0.000000
PRED	H-SSM	77777
	MAX_MUN	0
	0.527776	1
	0.000000
PRED	H-SSM	77777
	TRINITY	1
	0.461982	0
	0.000000
PRED	H-SSM	77777
	TRINITY	1
	0.461982	0
	0.000000
PRED	H-SSM	77777
	TRINITY	1
	0.461982	0
	0.000000
PRED	H-SSM	77777
	TRINITY	1
	0.461982	0
	0.000000
PRED	H-SSM	77777
	TRINITY	1
	0.461982	0
	0.000000
PRED	H-SSM	77777
	TRINITY	0
	0.461982	0
	0.000000
PRED	H-SSM	77777
	TRINITY	0
	0.461982	0
	0.000000
PRED	H-SSM	77777
	TRINITY	0
	0.461982	0
	0.000000
PRED	H-SSM	77777
	TRINITY	0
	0.461982	0
	0.000000
PRED	H-SSM	77777
	TRINITY	0
	0.461982	0
	0.000000
PRED	H-SSM	77777
	KKI	1
	0.454638	0
	0.000000
PRED	H-SSM	77777
	KKI	1
	0.454638	0
	0.000000
PRED	H-SSM	77777
	KKI	1
	0.454638	0
	0.000000
PRED	H-SSM	77777
	KKI	1
	0.454638	0
	0.000000
PRED	H-SSM	77777
	KKI	1
	0.454638	0
	0.000000
PRED	H-SSM	77777
	KKI	0
	0.454638	0
	0.000000
PRED	H-SSM	77777
	KKI	0
	0.454638	0
	0.000000
PRED	H-SSM	77777
	KKI	0
	0.454638	0
	0.000000
PRED	H-SSM	77777
	KKI	0
	0.454638	0
	0.000000
PRED	H-SSM	77777
	KKI	0
	0.454638	0
	0.000000
PRED	H-SSM	77777
	STANFORD	1
	0.484302	0
	0.000000
PRED	H-SSM	77777
	STANFORD	1
	0.484302	0
	0.000000
PRED	H-SSM	77777
	STANFORD	1
	0.484302	0
	0.000000
PRED	H-SSM	77777
	STANFORD	1
	0.484302	0
	0.000000
PRED	H-SSM	77777
	STANFORD	1
	0.484302	0
	0.000000
PRED	H-SSM	77777
	STANFORD	0
	0.484302	0
	0.000000
PRED	H-SSM	77777
	STANFORD	0
	0.484302	0
	0.000000
PRED	H-SSM	77777
	STANFORD	0
	0.484302	0
	0.000000
PRED	H-SSM	77777
	STANFORD	0
	0.484302	0
	0.000000
PRED	H-SSM	77777
	STANFORD	0
	0.484302	0
	0.000000
PRED	H-SSM	77777
	CALTECH	1
	0.487032	0
	0.000000
PRED	H-SSM	77777
	CALTECH	1
	0.487032	0
	0.000000
PRED	H-SSM	77777
	CALTECH	1
	0.487032	0
	0.000000
PRED	H-SSM	77777
	CALTECH	1
	0.487032	0
	0.000000
PRED	H-SSM	77777
	CALTECH	1
	0.487032	0
	0.000000
PRED	H-SSM	77777
	CALTECH	0
	0.487032	0
	0.000000
PRED	H-SSM	77777
	CALTECH	0
	0.487032	0
	0.000000
PRED	H-SSM	77777
	CALTECH	0
	0.487032	0
	0.000000
PRED	H-SSM	77777
	CALTECH	0
	0.487032	0
	0.000000
PRED	H-SSM	77777
	CALTECH	0
	0.487032	0
	0.000000
PRED	H-SSM	77777
	LEUVEN_2	1
	0.364657	0
	0.000000
PRED	H-SSM	77777
	LEUVEN_2	1
	0.364657	0
	0.000000
PRED	H-SSM	77777
	LEUVEN_2	1
	0.364657	0
	0.000000
PRED	H-SSM	77777
	LEUVEN_2	1
	0.364657	0
	0.000000
PRED	H-SSM	77777
	LEUVEN_2	1
	0.364657	0
	0.000000
PRED	H-SSM	77777
	LEUVEN_2	0
	0.364657	0
	0.000000
PRED	H-SSM	77777
	LEUVEN_2	0
	0.364657	0
	0.000000
PRED	H-SSM	77777
	LEUVEN_2	0
	0.364657	0
	0.000000
PRED	H-SSM	77777
	LEUVEN_2	0
	0.364657	0
	0.000000
PRED	H-SSM	77777
	LEUVEN_2	0
	0.364657	0
	0.000000
PRED	H-SSM	77777
	OLIN	1
	0.512482	1
	0.000000
PRED	H-SSM	77777
	OLIN	1
	0.512482	1
	0.000000
PRED	H-SSM	77777
	OLIN	1
	0.512482	1
	0.000000
PRED	H-SSM	77777
	OLIN	1
	0.512482	1
	0.000000
PRED	H-SSM	77777
	OLIN	1
	0.512482	1
	0.000000
PRED	H-SSM	77777
	OLIN	0
	0.512482	1
	0.000000
PRED	H-SSM	77777
	OLIN	0
	0.512482	1
	0.000000
PRED	H-SSM	77777
	OLIN	0
	0.512482	1
	0.000000
PRED	H-SSM	77777
	OLIN	0
	0.512482	1
	0.000000
PRED	H-SSM	77777
	OLIN	0
	0.512482	1
	0.000000
PRED	H-SSM	77777
	SBL	1
	0.586852	1
	0.000000
PRED	H-SSM	77777
	SBL	1
	0.586852	1
	0.000000
PRED	H-SSM	77777
	SBL	1
	0.586852	1
	0.000000
PRED	H-SSM	77777
	SBL	1
	0.586852	1
	0.000000
PRED	H-SSM	77777
	SBL	1
	0.586852	1
	0.000000
PRED	H-SSM	77777
	SBL	0
	0.586852	1
	0.000000
PRED	H-SSM	77777
	SBL	0
	0.586852	1
	0.000000
PRED	H-SSM	77777
	SBL	0
	0.586852	1
	0.000000
PRED	H-SSM	77777
	SBL	0
	0.586852	1
	0.000000
PRED	H-SSM	77777
	SBL	0
	0.586852	1
	0.000000
PRED	H-SSM	77777
	LEUVEN_1	1
	0.595712	1
	0.000000
PRED	H-SSM	77777
	LEUVEN_1	1
	0.595712	1
	0.000000
PRED	H-SSM	77777
	LEUVEN_1	1
	0.595712	1
	0.000000
PRED	H-SSM	77777
	LEUVEN_1	1
	0.595712	1
	0.000000
PRED	H-SSM	77777
	LEUVEN_1	1
	0.595712	1
	0.000000
PRED	H-SSM	77777
	LEUVEN_1	0
	0.595712	1
	0.000000
PRED	H-SSM	77777
	LEUVEN_1	0
	0.595712	1
	0.000000
PRED	H-SSM	77777
	LEUVEN_1	0
	0.595712	1
	0.000000
PRED	H-SSM	77777
	LEUVEN_1	0
	0.595712	1
	0.000000
PRED	H-SSM	77777
	LEUVEN_1	0
	0.595712	1
	0.000000
PRED	H-SSM	77777
	SDSU	1
	0.541313	1
	0.000000
PRED	H-SSM	77777
	SDSU	1
	0.541313	1
	0.000000
PRED	H-SSM	77777
	SDSU	1
	0.541313	1
	0.000000
PRED	H-SSM	77777
	SDSU	1
	0.541313	1
	0.000000
PRED	H-SSM	77777
	SDSU	1
	0.541313	1
	0.000000
PRED	H-SSM	77777
	SDSU	0
	0.541313	1
	0.000000
PRED	H-SSM	77777
	SDSU	0
	0.541313	1
	0.000000
PRED	H-SSM	77777
	SDSU	0
	0.541313	1
	0.000000
PRED	H-SSM	77777
	SDSU	0
	0.541313	1
	0.000000
PRED	H-SSM	77777
	SDSU	0
	0.541313	1
	0.000000
PRED	H-SSM	77777
	CMU	1
	0.357455	0
	0.000000
PRED	H-SSM	77777
	CMU	1
	0.357455	0
	0.000000
PRED	H-SSM	77777
	CMU	1
	0.357455	0
	0.000000
PRED	H-SSM	77777
	CMU	1
	0.357455	0
	0.000000
PRED	H-SSM	77777
	CMU	1
	0.357455	0
	0.000000
PRED	H-SSM	77777
	CMU	0
	0.357455	0
	0.000000
PRED	H-SSM	77777
	CMU	0
	0.357455	0
	0.000000
PRED	H-SSM	77777
	CMU	0
	0.357455	0
	0.000000
PRED	H-SSM	77777
	CMU	0
	0.357455	0
	0.000000
PRED	H-SSM	77777
	CMU	0
	0.357455	0
	0.000000
PRED	H-SSM	77777
	UCLA_2	1
	0.339667	0
	0.000000
PRED	H-SSM	77777
	UCLA_2	1
	0.339667	0
	0.000000
PRED	H-SSM	77777
	UCLA_2	1
	0.339667	0
	0.000000
PRED	H-SSM	77777
	UCLA_2	1
	0.339667	0
	0.000000
PRED	H-SSM	77777
	UCLA_2	1
	0.339667	0
	0.000000
PRED	H-SSM	77777
	UCLA_2	0
	0.339667	0
	0.000000
PRED	H-SSM	77777
	UCLA_2	0
	0.339667	0
	0.000000
PRED	H-SSM	77777
	UCLA_2	0
	0.339667	0
	0.000000
PRED	H-SSM	77777
	UCLA_2	0
	0.339667	0
	0.000000
PRED	H-SSM	77777
	UCLA_2	0
	0.339667	0
	0.000000
PRED	H-SSM	77777
	UM_2	1
	0.465031	0
	0.000000
PRED	H-SSM	77777
	UM_2	1
	0.465031	0
	0.000000
PRED	H-SSM	77777
	UM_2	1
	0.465031	0
	0.000000
PRED	H-SSM	77777
	UM_2	1
	0.465031	0
	0.000000
PRED	H-SSM	77777
	UM_2	1
	0.465031	0
	0.000000
PRED	H-SSM	77777
	UM_2	0
	0.465031	0
	0.000000
PRED	H-SSM	77777
	UM_2	0
	0.465031	0
	0.000000
PRED	H-SSM	77777
	UM_2	0
	0.465031	0
	0.000000
PRED	H-SSM	77777
	UM_2	0
	0.465031	0
	0.000000
PRED	H-SSM	77777
	UM_2	0
	0.465031	0
	0.000000
PRED	H-SSM	77777
	OHSU	1
	0.306180	0
	0.000000
PRED	H-SSM	77777
	OHSU	1
	0.306180	0
	0.000000
PRED	H-SSM	77777
	OHSU	1
	0.306180	0
	0.000000
PRED	H-SSM	77777
	OHSU	1
	0.306180	0
	0.000000
PRED	H-SSM	77777
	OHSU	1
	0.306180	0
	0.000000
PRED	H-SSM	77777
	OHSU	0
	0.306180	0
	0.000000
PRED	H-SSM	77777
	OHSU	0
	0.306180	0
	0.000000
PRED	H-SSM	77777
	OHSU	0
	0.306180	0
	0.000000
PRED	H-SSM	77777
	OHSU	0
	0.306180	0
	0.000000
PRED	H-SSM	77777
	OHSU	0
	0.306180	0
	0.000000
  H-SSM    77777
   acc=50.000000% bal=50.000000% sites=20
/20
 test_n=200
 assoc=0.000000
PRED	H-SSM	88888
	NYU	1
	0.422399	0
	0.000000
PRED	H-SSM	88888
	NYU	1
	0.422399	0
	0.000000
PRED	H-SSM	88888
	NYU	1
	0.422399	0
	0.000000
PRED	H-SSM	88888
	NYU	1
	0.422399	0
	0.000000
PRED	H-SSM	88888
	NYU	1
	0.422399	0
	0.000000
PRED	H-SSM	88888
	NYU	0
	0.422399	0
	0.000000
PRED	H-SSM	88888
	NYU	0
	0.422399	0
	0.000000
PRED	H-SSM	88888
	NYU	0
	0.422399	0
	0.000000
PRED	H-SSM	88888
	NYU	0
	0.422399	0
	0.000000
PRED	H-SSM	88888
	NYU	0
	0.422399	0
	0.000000
PRED	H-SSM	88888
	UM_1	1
	0.562522	1
	0.000000
PRED	H-SSM	88888
	UM_1	1
	0.562522	1
	0.000000
PRED	H-SSM	88888
	UM_1	1
	0.562522	1
	0.000000
PRED	H-SSM	88888
	UM_1	1
	0.562522	1
	0.000000
PRED	H-SSM	88888
	UM_1	1
	0.562522	1
	0.000000
PRED	H-SSM	88888
	UM_1	0
	0.562522	1
	0.000000
PRED	H-SSM	88888
	UM_1	0
	0.562522	1
	0.000000
PRED	H-SSM	88888
	UM_1	0
	0.562522	1
	0.000000
PRED	H-SSM	88888
	UM_1	0
	0.562522	1
	0.000000
PRED	H-SSM	88888
	UM_1	0
	0.562522	1
	0.000000
PRED	H-SSM	88888
	UCLA_1	1
	0.573072	1
	0.000000
PRED	H-SSM	88888
	UCLA_1	1
	0.573072	1
	0.000000
PRED	H-SSM	88888
	UCLA_1	1
	0.573072	1
	0.000000
PRED	H-SSM	88888
	UCLA_1	1
	0.573072	1
	0.000000
PRED	H-SSM	88888
	UCLA_1	1
	0.573072	1
	0.000000
PRED	H-SSM	88888
	UCLA_1	0
	0.573072	1
	0.000000
PRED	H-SSM	88888
	UCLA_1	0
	0.573072	1
	0.000000
PRED	H-SSM	88888
	UCLA_1	0
	0.573072	1
	0.000000
PRED	H-SSM	88888
	UCLA_1	0
	0.573072	1
	0.000000
PRED	H-SSM	88888
	UCLA_1	0
	0.573072	1
	0.000000
PRED	H-SSM	88888
	YALE	1
	0.533135	1
	0.000000
PRED	H-SSM	88888
	YALE	1
	0.533135	1
	0.000000
PRED	H-SSM	88888
	YALE	1
	0.533135	1
	0.000000
PRED	H-SSM	88888
	YALE	1
	0.533135	1
	0.000000
PRED	H-SSM	88888
	YALE	1
	0.533135	1
	0.000000
PRED	H-SSM	88888
	YALE	0
	0.533135	1
	0.000000
PRED	H-SSM	88888
	YALE	0
	0.533135	1
	0.000000
PRED	H-SSM	88888
	YALE	0
	0.533135	1
	0.000000
PRED	H-SSM	88888
	YALE	0
	0.533135	1
	0.000000
PRED	H-SSM	88888
	YALE	0
	0.533135	1
	0.000000
PRED	H-SSM	88888
	PITT	1
	0.735112	1
	0.000000
PRED	H-SSM	88888
	PITT	1
	0.735112	1
	0.000000
PRED	H-SSM	88888
	PITT	1
	0.735112	1
	0.000000
PRED	H-SSM	88888
	PITT	1
	0.735112	1
	0.000000
PRED	H-SSM	88888
	PITT	1
	0.735112	1
	0.000000
PRED	H-SSM	88888
	PITT	0
	0.735112	1
	0.000000
PRED	H-SSM	88888
	PITT	0
	0.735112	1
	0.000000
PRED	H-SSM	88888
	PITT	0
	0.735112	1
	0.000000
PRED	H-SSM	88888
	PITT	0
	0.735112	1
	0.000000
PRED	H-SSM	88888
	PITT	0
	0.735112	1
	0.000000
PRED	H-SSM	88888
	USM	1
	0.381944	0
	0.000000
PRED	H-SSM	88888
	USM	1
	0.381944	0
	0.000000
PRED	H-SSM	88888
	USM	1
	0.381944	0
	0.000000
PRED	H-SSM	88888
	USM	1
	0.381944	0
	0.000000
PRED	H-SSM	88888
	USM	1
	0.381944	0
	0.000000
PRED	H-SSM	88888
	USM	0
	0.381944	0
	0.000000
PRED	H-SSM	88888
	USM	0
	0.381944	0
	0.000000
PRED	H-SSM	88888
	USM	0
	0.381944	0
	0.000000
PRED	H-SSM	88888
	USM	0
	0.381944	0
	0.000000
PRED	H-SSM	88888
	USM	0
	0.381944	0
	0.000000
PRED	H-SSM	88888
	MAX_MUN	1
	0.218322	0
	0.000000
PRED	H-SSM	88888
	MAX_MUN	1
	0.218322	0
	0.000000
PRED	H-SSM	88888
	MAX_MUN	1
	0.218322	0
	0.000000
PRED	H-SSM	88888
	MAX_MUN	1
	0.218322	0
	0.000000
PRED	H-SSM	88888
	MAX_MUN	1
	0.218322	0
	0.000000
PRED	H-SSM	88888
	MAX_MUN	0
	0.218322	0
	0.000000
PRED	H-SSM	88888
	MAX_MUN	0
	0.218322	0
	0.000000
PRED	H-SSM	88888
	MAX_MUN	0
	0.218322	0
	0.000000
PRED	H-SSM	88888
	MAX_MUN	0
	0.218322	0
	0.000000
PRED	H-SSM	88888
	MAX_MUN	0
	0.218322	0
	0.000000
PRED	H-SSM	88888
	TRINITY	1
	0.550235	1
	0.000000
PRED	H-SSM	88888
	TRINITY	1
	0.550235	1
	0.000000
PRED	H-SSM	88888
	TRINITY	1
	0.550235	1
	0.000000
PRED	H-SSM	88888
	TRINITY	1
	0.550235	1
	0.000000
PRED	H-SSM	88888
	TRINITY	1
	0.550235	1
	0.000000
PRED	H-SSM	88888
	TRINITY	0
	0.550235	1
	0.000000
PRED	H-SSM	88888
	TRINITY	0
	0.550235	1
	0.000000
PRED	H-SSM	88888
	TRINITY	0
	0.550235	1
	0.000000
PRED	H-SSM	88888
	TRINITY	0
	0.550235	1
	0.000000
PRED	H-SSM	88888
	TRINITY	0
	0.550235	1
	0.000000
PRED	H-SSM	88888
	KKI	1
	0.411620	0
	0.000000
PRED	H-SSM	88888
	KKI	1
	0.411620	0
	0.000000
PRED	H-SSM	88888
	KKI	1
	0.411620	0
	0.000000
PRED	H-SSM	88888
	KKI	1
	0.411620	0
	0.000000
PRED	H-SSM	88888
	KKI	1
	0.411620	0
	0.000000
PRED	H-SSM	88888
	KKI	0
	0.411620	0
	0.000000
PRED	H-SSM	88888
	KKI	0
	0.411620	0
	0.000000
PRED	H-SSM	88888
	KKI	0
	0.411620	0
	0.000000
PRED	H-SSM	88888
	KKI	0
	0.411620	0
	0.000000
PRED	H-SSM	88888
	KKI	0
	0.411620	0
	0.000000
PRED	H-SSM	88888
	STANFORD	1
	0.521399	1
	0.000000
PRED	H-SSM	88888
	STANFORD	1
	0.521399	1
	0.000000
PRED	H-SSM	88888
	STANFORD	1
	0.521399	1
	0.000000
PRED	H-SSM	88888
	STANFORD	1
	0.521399	1
	0.000000
PRED	H-SSM	88888
	STANFORD	1
	0.521399	1
	0.000000
PRED	H-SSM	88888
	STANFORD	0
	0.521399	1
	0.000000
PRED	H-SSM	88888
	STANFORD	0
	0.521399	1
	0.000000
PRED	H-SSM	88888
	STANFORD	0
	0.521399	1
	0.000000
PRED	H-SSM	88888
	STANFORD	0
	0.521399	1
	0.000000
PRED	H-SSM	88888
	STANFORD	0
	0.521399	1
	0.000000
PRED	H-SSM	88888
	CALTECH	1
	0.646748	1
	0.000000
PRED	H-SSM	88888
	CALTECH	1
	0.646748	1
	0.000000
PRED	H-SSM	88888
	CALTECH	1
	0.646748	1
	0.000000
PRED	H-SSM	88888
	CALTECH	1
	0.646748	1
	0.000000
PRED	H-SSM	88888
	CALTECH	1
	0.646748	1
	0.000000
PRED	H-SSM	88888
	CALTECH	0
	0.646748	1
	0.000000
PRED	H-SSM	88888
	CALTECH	0
	0.646748	1
	0.000000
PRED	H-SSM	88888
	CALTECH	0
	0.646748	1
	0.000000
PRED	H-SSM	88888
	CALTECH	0
	0.646748	1
	0.000000
PRED	H-SSM	88888
	CALTECH	0
	0.646748	1
	0.000000
PRED	H-SSM	88888
	LEUVEN_2	1
	0.459270	0
	0.000000
PRED	H-SSM	88888
	LEUVEN_2	1
	0.459270	0
	0.000000
PRED	H-SSM	88888
	LEUVEN_2	1
	0.459270	0
	0.000000
PRED	H-SSM	88888
	LEUVEN_2	1
	0.459270	0
	0.000000
PRED	H-SSM	88888
	LEUVEN_2	1
	0.459270	0
	0.000000
PRED	H-SSM	88888
	LEUVEN_2	0
	0.459270	0
	0.000000
PRED	H-SSM	88888
	LEUVEN_2	0
	0.459270	0
	0.000000
PRED	H-SSM	88888
	LEUVEN_2	0
	0.459270	0
	0.000000
PRED	H-SSM	88888
	LEUVEN_2	0
	0.459270	0
	0.000000
PRED	H-SSM	88888
	LEUVEN_2	0
	0.459270	0
	0.000000
PRED	H-SSM	88888
	OLIN	1
	0.366430	0
	0.000000
PRED	H-SSM	88888
	OLIN	1
	0.366430	0
	0.000000
PRED	H-SSM	88888
	OLIN	1
	0.366430	0
	0.000000
PRED	H-SSM	88888
	OLIN	1
	0.366430	0
	0.000000
PRED	H-SSM	88888
	OLIN	1
	0.366430	0
	0.000000
PRED	H-SSM	88888
	OLIN	0
	0.366430	0
	0.000000
PRED	H-SSM	88888
	OLIN	0
	0.366430	0
	0.000000
PRED	H-SSM	88888
	OLIN	0
	0.366430	0
	0.000000
PRED	H-SSM	88888
	OLIN	0
	0.366430	0
	0.000000
PRED	H-SSM	88888
	OLIN	0
	0.366430	0
	0.000000
PRED	H-SSM	88888
	SBL	1
	0.566019	1
	0.000000
PRED	H-SSM	88888
	SBL	1
	0.566019	1
	0.000000
PRED	H-SSM	88888
	SBL	1
	0.566019	1
	0.000000
PRED	H-SSM	88888
	SBL	1
	0.566019	1
	0.000000
PRED	H-SSM	88888
	SBL	1
	0.566019	1
	0.000000
PRED	H-SSM	88888
	SBL	0
	0.566019	1
	0.000000
PRED	H-SSM	88888
	SBL	0
	0.566019	1
	0.000000
PRED	H-SSM	88888
	SBL	0
	0.566019	1
	0.000000
PRED	H-SSM	88888
	SBL	0
	0.566019	1
	0.000000
PRED	H-SSM	88888
	SBL	0
	0.566019	1
	0.000000
PRED	H-SSM	88888
	LEUVEN_1	1
	0.446001	0
	0.000000
PRED	H-SSM	88888
	LEUVEN_1	1
	0.446001	0
	0.000000
PRED	H-SSM	88888
	LEUVEN_1	1
	0.446001	0
	0.000000
PRED	H-SSM	88888
	LEUVEN_1	1
	0.446001	0
	0.000000
PRED	H-SSM	88888
	LEUVEN_1	1
	0.446001	0
	0.000000
PRED	H-SSM	88888
	LEUVEN_1	0
	0.446001	0
	0.000000
PRED	H-SSM	88888
	LEUVEN_1	0
	0.446001	0
	0.000000
PRED	H-SSM	88888
	LEUVEN_1	0
	0.446001	0
	0.000000
PRED	H-SSM	88888
	LEUVEN_1	0
	0.446001	0
	0.000000
PRED	H-SSM	88888
	LEUVEN_1	0
	0.446001	0
	0.000000
PRED	H-SSM	88888
	SDSU	1
	0.569876	1
	0.000000
PRED	H-SSM	88888
	SDSU	1
	0.569876	1
	0.000000
PRED	H-SSM	88888
	SDSU	1
	0.569876	1
	0.000000
PRED	H-SSM	88888
	SDSU	1
	0.569876	1
	0.000000
PRED	H-SSM	88888
	SDSU	1
	0.569876	1
	0.000000
PRED	H-SSM	88888
	SDSU	0
	0.569876	1
	0.000000
PRED	H-SSM	88888
	SDSU	0
	0.569876	1
	0.000000
PRED	H-SSM	88888
	SDSU	0
	0.569876	1
	0.000000
PRED	H-SSM	88888
	SDSU	0
	0.569876	1
	0.000000
PRED	H-SSM	88888
	SDSU	0
	0.569876	1
	0.000000
PRED	H-SSM	88888
	CMU	1
	0.409548	0
	0.000000
PRED	H-SSM	88888
	CMU	1
	0.409548	0
	0.000000
PRED	H-SSM	88888
	CMU	1
	0.409548	0
	0.000000
PRED	H-SSM	88888
	CMU	1
	0.409548	0
	0.000000
PRED	H-SSM	88888
	CMU	1
	0.409548	0
	0.000000
PRED	H-SSM	88888
	CMU	0
	0.409548	0
	0.000000
PRED	H-SSM	88888
	CMU	0
	0.409548	0
	0.000000
PRED	H-SSM	88888
	CMU	0
	0.409548	0
	0.000000
PRED	H-SSM	88888
	CMU	0
	0.409548	0
	0.000000
PRED	H-SSM	88888
	CMU	0
	0.409548	0
	0.000000
PRED	H-SSM	88888
	UCLA_2	1
	0.331453	0
	0.000000
PRED	H-SSM	88888
	UCLA_2	1
	0.331453	0
	0.000000
PRED	H-SSM	88888
	UCLA_2	1
	0.331453	0
	0.000000
PRED	H-SSM	88888
	UCLA_2	1
	0.331453	0
	0.000000
PRED	H-SSM	88888
	UCLA_2	1
	0.331453	0
	0.000000
PRED	H-SSM	88888
	UCLA_2	0
	0.331453	0
	0.000000
PRED	H-SSM	88888
	UCLA_2	0
	0.331453	0
	0.000000
PRED	H-SSM	88888
	UCLA_2	0
	0.331453	0
	0.000000
PRED	H-SSM	88888
	UCLA_2	0
	0.331453	0
	0.000000
PRED	H-SSM	88888
	UCLA_2	0
	0.331453	0
	0.000000
PRED	H-SSM	88888
	UM_2	1
	0.519547	1
	0.000000
PRED	H-SSM	88888
	UM_2	1
	0.519547	1
	0.000000
PRED	H-SSM	88888
	UM_2	1
	0.519547	1
	0.000000
PRED	H-SSM	88888
	UM_2	1
	0.519547	1
	0.000000
PRED	H-SSM	88888
	UM_2	1
	0.519547	1
	0.000000
PRED	H-SSM	88888
	UM_2	0
	0.519547	1
	0.000000
PRED	H-SSM	88888
	UM_2	0
	0.519547	1
	0.000000
PRED	H-SSM	88888
	UM_2	0
	0.519547	1
	0.000000
PRED	H-SSM	88888
	UM_2	0
	0.519547	1
	0.000000
PRED	H-SSM	88888
	UM_2	0
	0.519547	1
	0.000000
PRED	H-SSM	88888
	OHSU	1
	0.538135	1
	0.000000
PRED	H-SSM	88888
	OHSU	1
	0.538135	1
	0.000000
PRED	H-SSM	88888
	OHSU	1
	0.538135	1
	0.000000
PRED	H-SSM	88888
	OHSU	1
	0.538135	1
	0.000000
PRED	H-SSM	88888
	OHSU	1
	0.538135	1
	0.000000
PRED	H-SSM	88888
	OHSU	0
	0.538135	1
	0.000000
PRED	H-SSM	88888
	OHSU	0
	0.538135	1
	0.000000
PRED	H-SSM	88888
	OHSU	0
	0.538135	1
	0.000000
PRED	H-SSM	88888
	OHSU	0
	0.538135	1
	0.000000
PRED	H-SSM	88888
	OHSU	0
	0.538135	1
	0.000000
  H-SSM    88888
   acc=50.000000% bal=50.000000% sites=20
/20
 test_n=200
 assoc=0.000000
PRED	H-SSM	33333
	NYU	1
	0.568392	1
	0.000000
PRED	H-SSM	33333
	NYU	1
	0.568392	1
	0.000000
PRED	H-SSM	33333
	NYU	1
	0.568392	1
	0.000000
PRED	H-SSM	33333
	NYU	1
	0.568392	1
	0.000000
PRED	H-SSM	33333
	NYU	1
	0.568392	1
	0.000000
PRED	H-SSM	33333
	NYU	0
	0.568392	1
	0.000000
PRED	H-SSM	33333
	NYU	0
	0.568392	1
	0.000000
PRED	H-SSM	33333
	NYU	0
	0.568392	1
	0.000000
PRED	H-SSM	33333
	NYU	0
	0.568392	1
	0.000000
PRED	H-SSM	33333
	NYU	0
	0.568392	1
	0.000000
PRED	H-SSM	33333
	UM_1	1
	0.500107	1
	0.000000
PRED	H-SSM	33333
	UM_1	1
	0.500107	1
	0.000000
PRED	H-SSM	33333
	UM_1	1
	0.500107	1
	0.000000
PRED	H-SSM	33333
	UM_1	1
	0.500107	1
	0.000000
PRED	H-SSM	33333
	UM_1	1
	0.500107	1
	0.000000
PRED	H-SSM	33333
	UM_1	0
	0.500107	1
	0.000000
PRED	H-SSM	33333
	UM_1	0
	0.500107	1
	0.000000
PRED	H-SSM	33333
	UM_1	0
	0.500107	1
	0.000000
PRED	H-SSM	33333
	UM_1	0
	0.500107	1
	0.000000
PRED	H-SSM	33333
	UM_1	0
	0.500107	1
	0.000000
PRED	H-SSM	33333
	UCLA_1	1
	0.556267	1
	0.000000
PRED	H-SSM	33333
	UCLA_1	1
	0.556267	1
	0.000000
PRED	H-SSM	33333
	UCLA_1	1
	0.556267	1
	0.000000
PRED	H-SSM	33333
	UCLA_1	1
	0.556267	1
	0.000000
PRED	H-SSM	33333
	UCLA_1	1
	0.556267	1
	0.000000
PRED	H-SSM	33333
	UCLA_1	0
	0.556267	1
	0.000000
PRED	H-SSM	33333
	UCLA_1	0
	0.556267	1
	0.000000
PRED	H-SSM	33333
	UCLA_1	0
	0.556267	1
	0.000000
PRED	H-SSM	33333
	UCLA_1	0
	0.556267	1
	0.000000
PRED	H-SSM	33333
	UCLA_1	0
	0.556267	1
	0.000000
PRED	H-SSM	33333
	YALE	1
	0.323740	0
	0.000000
PRED	H-SSM	33333
	YALE	1
	0.323740	0
	0.000000
PRED	H-SSM	33333
	YALE	1
	0.323740	0
	0.000000
PRED	H-SSM	33333
	YALE	1
	0.323740	0
	0.000000
PRED	H-SSM	33333
	YALE	1
	0.323740	0
	0.000000
PRED	H-SSM	33333
	YALE	0
	0.323740	0
	0.000000
PRED	H-SSM	33333
	YALE	0
	0.323740	0
	0.000000
PRED	H-SSM	33333
	YALE	0
	0.323740	0
	0.000000
PRED	H-SSM	33333
	YALE	0
	0.323740	0
	0.000000
PRED	H-SSM	33333
	YALE	0
	0.323740	0
	0.000000
PRED	H-SSM	33333
	PITT	1
	0.351214	0
	0.000000
PRED	H-SSM	33333
	PITT	1
	0.351214	0
	0.000000
PRED	H-SSM	33333
	PITT	1
	0.351214	0
	0.000000
PRED	H-SSM	33333
	PITT	1
	0.351214	0
	0.000000
PRED	H-SSM	33333
	PITT	1
	0.351214	0
	0.000000
PRED	H-SSM	33333
	PITT	0
	0.351214	0
	0.000000
PRED	H-SSM	33333
	PITT	0
	0.351214	0
	0.000000
PRED	H-SSM	33333
	PITT	0
	0.351214	0
	0.000000
PRED	H-SSM	33333
	PITT	0
	0.351214	0
	0.000000
PRED	H-SSM	33333
	PITT	0
	0.351214	0
	0.000000
PRED	H-SSM	33333
	USM	1
	0.313244	0
	0.000000
PRED	H-SSM	33333
	USM	1
	0.313244	0
	0.000000
PRED	H-SSM	33333
	USM	1
	0.313244	0
	0.000000
PRED	H-SSM	33333
	USM	1
	0.313244	0
	0.000000
PRED	H-SSM	33333
	USM	1
	0.313244	0
	0.000000
PRED	H-SSM	33333
	USM	0
	0.313244	0
	0.000000
PRED	H-SSM	33333
	USM	0
	0.313244	0
	0.000000
PRED	H-SSM	33333
	USM	0
	0.313244	0
	0.000000
PRED	H-SSM	33333
	USM	0
	0.313244	0
	0.000000
PRED	H-SSM	33333
	USM	0
	0.313244	0
	0.000000
PRED	H-SSM	33333
	MAX_MUN	1
	0.381661	0
	0.000000
PRED	H-SSM	33333
	MAX_MUN	1
	0.381661	0
	0.000000
PRED	H-SSM	33333
	MAX_MUN	1
	0.381661	0
	0.000000
PRED	H-SSM	33333
	MAX_MUN	1
	0.381661	0
	0.000000
PRED	H-SSM	33333
	MAX_MUN	1
	0.381661	0
	0.000000
PRED	H-SSM	33333
	MAX_MUN	0
	0.381661	0
	0.000000
PRED	H-SSM	33333
	MAX_MUN	0
	0.381661	0
	0.000000
PRED	H-SSM	33333
	MAX_MUN	0
	0.381661	0
	0.000000
PRED	H-SSM	33333
	MAX_MUN	0
	0.381661	0
	0.000000
PRED	H-SSM	33333
	MAX_MUN	0
	0.381661	0
	0.000000
PRED	H-SSM	33333
	TRINITY	1
	0.539997	1
	0.000000
PRED	H-SSM	33333
	TRINITY	1
	0.539997	1
	0.000000
PRED	H-SSM	33333
	TRINITY	1
	0.539997	1
	0.000000
PRED	H-SSM	33333
	TRINITY	1
	0.539997	1
	0.000000
PRED	H-SSM	33333
	TRINITY	1
	0.539997	1
	0.000000
PRED	H-SSM	33333
	TRINITY	0
	0.539997	1
	0.000000
PRED	H-SSM	33333
	TRINITY	0
	0.539997	1
	0.000000
PRED	H-SSM	33333
	TRINITY	0
	0.539997	1
	0.000000
PRED	H-SSM	33333
	TRINITY	0
	0.539997	1
	0.000000
PRED	H-SSM	33333
	TRINITY	0
	0.539997	1
	0.000000
PRED	H-SSM	33333
	KKI	1
	0.520681	1
	0.000000
PRED	H-SSM	33333
	KKI	1
	0.520681	1
	0.000000
PRED	H-SSM	33333
	KKI	1
	0.520681	1
	0.000000
PRED	H-SSM	33333
	KKI	1
	0.520681	1
	0.000000
PRED	H-SSM	33333
	KKI	1
	0.520681	1
	0.000000
PRED	H-SSM	33333
	KKI	0
	0.520681	1
	0.000000
PRED	H-SSM	33333
	KKI	0
	0.520681	1
	0.000000
PRED	H-SSM	33333
	KKI	0
	0.520681	1
	0.000000
PRED	H-SSM	33333
	KKI	0
	0.520681	1
	0.000000
PRED	H-SSM	33333
	KKI	0
	0.520681	1
	0.000000
PRED	H-SSM	33333
	STANFORD	1
	0.531951	1
	0.000000
PRED	H-SSM	33333
	STANFORD	1
	0.531951	1
	0.000000
PRED	H-SSM	33333
	STANFORD	1
	0.531951	1
	0.000000
PRED	H-SSM	33333
	STANFORD	1
	0.531951	1
	0.000000
PRED	H-SSM	33333
	STANFORD	1
	0.531951	1
	0.000000
PRED	H-SSM	33333
	STANFORD	0
	0.531951	1
	0.000000
PRED	H-SSM	33333
	STANFORD	0
	0.531951	1
	0.000000
PRED	H-SSM	33333
	STANFORD	0
	0.531951	1
	0.000000
PRED	H-SSM	33333
	STANFORD	0
	0.531951	1
	0.000000
PRED	H-SSM	33333
	STANFORD	0
	0.531951	1
	0.000000
PRED	H-SSM	33333
	CALTECH	1
	0.501737	1
	0.000000
PRED	H-SSM	33333
	CALTECH	1
	0.501737	1
	0.000000
PRED	H-SSM	33333
	CALTECH	1
	0.501737	1
	0.000000
PRED	H-SSM	33333
	CALTECH	1
	0.501737	1
	0.000000
PRED	H-SSM	33333
	CALTECH	1
	0.501737	1
	0.000000
PRED	H-SSM	33333
	CALTECH	0
	0.501737	1
	0.000000
PRED	H-SSM	33333
	CALTECH	0
	0.501737	1
	0.000000
PRED	H-SSM	33333
	CALTECH	0
	0.501737	1
	0.000000
PRED	H-SSM	33333
	CALTECH	0
	0.501737	1
	0.000000
PRED	H-SSM	33333
	CALTECH	0
	0.501737	1
	0.000000
PRED	H-SSM	33333
	LEUVEN_2	1
	0.452475	0
	0.000000
PRED	H-SSM	33333
	LEUVEN_2	1
	0.452475	0
	0.000000
PRED	H-SSM	33333
	LEUVEN_2	1
	0.452475	0
	0.000000
PRED	H-SSM	33333
	LEUVEN_2	1
	0.452475	0
	0.000000
PRED	H-SSM	33333
	LEUVEN_2	1
	0.452475	0
	0.000000
PRED	H-SSM	33333
	LEUVEN_2	0
	0.452475	0
	0.000000
PRED	H-SSM	33333
	LEUVEN_2	0
	0.452475	0
	0.000000
PRED	H-SSM	33333
	LEUVEN_2	0
	0.452475	0
	0.000000
PRED	H-SSM	33333
	LEUVEN_2	0
	0.452475	0
	0.000000
PRED	H-SSM	33333
	LEUVEN_2	0
	0.452475	0
	0.000000
PRED	H-SSM	33333
	OLIN	1
	0.461058	0
	0.000000
PRED	H-SSM	33333
	OLIN	1
	0.461058	0
	0.000000
PRED	H-SSM	33333
	OLIN	1
	0.461058	0
	0.000000
PRED	H-SSM	33333
	OLIN	1
	0.461058	0
	0.000000
PRED	H-SSM	33333
	OLIN	1
	0.461058	0
	0.000000
PRED	H-SSM	33333
	OLIN	0
	0.461058	0
	0.000000
PRED	H-SSM	33333
	OLIN	0
	0.461058	0
	0.000000
PRED	H-SSM	33333
	OLIN	0
	0.461058	0
	0.000000
PRED	H-SSM	33333
	OLIN	0
	0.461058	0
	0.000000
PRED	H-SSM	33333
	OLIN	0
	0.461058	0
	0.000000
PRED	H-SSM	33333
	SBL	1
	0.614572	1
	0.000000
PRED	H-SSM	33333
	SBL	1
	0.614572	1
	0.000000
PRED	H-SSM	33333
	SBL	1
	0.614572	1
	0.000000
PRED	H-SSM	33333
	SBL	1
	0.614572	1
	0.000000
PRED	H-SSM	33333
	SBL	1
	0.614572	1
	0.000000
PRED	H-SSM	33333
	SBL	0
	0.614572	1
	0.000000
PRED	H-SSM	33333
	SBL	0
	0.614572	1
	0.000000
PRED	H-SSM	33333
	SBL	0
	0.614572	1
	0.000000
PRED	H-SSM	33333
	SBL	0
	0.614572	1
	0.000000
PRED	H-SSM	33333
	SBL	0
	0.614572	1
	0.000000
PRED	H-SSM	33333
	LEUVEN_1	1
	0.571187	1
	0.000000
PRED	H-SSM	33333
	LEUVEN_1	1
	0.571187	1
	0.000000
PRED	H-SSM	33333
	LEUVEN_1	1
	0.571187	1
	0.000000
PRED	H-SSM	33333
	LEUVEN_1	1
	0.571187	1
	0.000000
PRED	H-SSM	33333
	LEUVEN_1	1
	0.571187	1
	0.000000
PRED	H-SSM	33333
	LEUVEN_1	0
	0.571187	1
	0.000000
PRED	H-SSM	33333
	LEUVEN_1	0
	0.571187	1
	0.000000
PRED	H-SSM	33333
	LEUVEN_1	0
	0.571187	1
	0.000000
PRED	H-SSM	33333
	LEUVEN_1	0
	0.571187	1
	0.000000
PRED	H-SSM	33333
	LEUVEN_1	0
	0.571187	1
	0.000000
PRED	H-SSM	33333
	SDSU	1
	0.533947	1
	0.000000
PRED	H-SSM	33333
	SDSU	1
	0.533947	1
	0.000000
PRED	H-SSM	33333
	SDSU	1
	0.533947	1
	0.000000
PRED	H-SSM	33333
	SDSU	1
	0.533947	1
	0.000000
PRED	H-SSM	33333
	SDSU	1
	0.533947	1
	0.000000
PRED	H-SSM	33333
	SDSU	0
	0.533947	1
	0.000000
PRED	H-SSM	33333
	SDSU	0
	0.533947	1
	0.000000
PRED	H-SSM	33333
	SDSU	0
	0.533947	1
	0.000000
PRED	H-SSM	33333
	SDSU	0
	0.533947	1
	0.000000
PRED	H-SSM	33333
	SDSU	0
	0.533947	1
	0.000000
PRED	H-SSM	33333
	CMU	1
	0.397751	0
	0.000000
PRED	H-SSM	33333
	CMU	1
	0.397751	0
	0.000000
PRED	H-SSM	33333
	CMU	1
	0.397751	0
	0.000000
PRED	H-SSM	33333
	CMU	1
	0.397751	0
	0.000000
PRED	H-SSM	33333
	CMU	1
	0.397751	0
	0.000000
PRED	H-SSM	33333
	CMU	0
	0.397751	0
	0.000000
PRED	H-SSM	33333
	CMU	0
	0.397751	0
	0.000000
PRED	H-SSM	33333
	CMU	0
	0.397751	0
	0.000000
PRED	H-SSM	33333
	CMU	0
	0.397751	0
	0.000000
PRED	H-SSM	33333
	CMU	0
	0.397751	0
	0.000000
PRED	H-SSM	33333
	UCLA_2	1
	0.498329	0
	0.000000
PRED	H-SSM	33333
	UCLA_2	1
	0.498329	0
	0.000000
PRED	H-SSM	33333
	UCLA_2	1
	0.498329	0
	0.000000
PRED	H-SSM	33333
	UCLA_2	1
	0.498329	0
	0.000000
PRED	H-SSM	33333
	UCLA_2	1
	0.498329	0
	0.000000
PRED	H-SSM	33333
	UCLA_2	0
	0.498329	0
	0.000000
PRED	H-SSM	33333
	UCLA_2	0
	0.498329	0
	0.000000
PRED	H-SSM	33333
	UCLA_2	0
	0.498329	0
	0.000000
PRED	H-SSM	33333
	UCLA_2	0
	0.498329	0
	0.000000
PRED	H-SSM	33333
	UCLA_2	0
	0.498329	0
	0.000000
PRED	H-SSM	33333
	UM_2	1
	0.229653	0
	0.000000
PRED	H-SSM	33333
	UM_2	1
	0.229653	0
	0.000000
PRED	H-SSM	33333
	UM_2	1
	0.229653	0
	0.000000
PRED	H-SSM	33333
	UM_2	1
	0.229653	0
	0.000000
PRED	H-SSM	33333
	UM_2	1
	0.229653	0
	0.000000
PRED	H-SSM	33333
	UM_2	0
	0.229653	0
	0.000000
PRED	H-SSM	33333
	UM_2	0
	0.229653	0
	0.000000
PRED	H-SSM	33333
	UM_2	0
	0.229653	0
	0.000000
PRED	H-SSM	33333
	UM_2	0
	0.229653	0
	0.000000
PRED	H-SSM	33333
	UM_2	0
	0.229653	0
	0.000000
PRED	H-SSM	33333
	OHSU	1
	0.419478	0
	0.000000
PRED	H-SSM	33333
	OHSU	1
	0.419478	0
	0.000000
PRED	H-SSM	33333
	OHSU	1
	0.419478	0
	0.000000
PRED	H-SSM	33333
	OHSU	1
	0.419478	0
	0.000000
PRED	H-SSM	33333
	OHSU	1
	0.419478	0
	0.000000
PRED	H-SSM	33333
	OHSU	0
	0.419478	0
	0.000000
PRED	H-SSM	33333
	OHSU	0
	0.419478	0
	0.000000
PRED	H-SSM	33333
	OHSU	0
	0.419478	0
	0.000000
PRED	H-SSM	33333
	OHSU	0
	0.419478	0
	0.000000
PRED	H-SSM	33333
	OHSU	0
	0.419478	0
	0.000000
  H-SSM    33333
   acc=50.000000% bal=50.000000% sites=20
/20
 test_n=200
 assoc=0.000000
PRED	H-SSM	12321
	NYU	1
	0.727487	1
	0.000000
PRED	H-SSM	12321
	NYU	1
	0.727487	1
	0.000000
PRED	H-SSM	12321
	NYU	1
	0.727487	1
	0.000000
PRED	H-SSM	12321
	NYU	1
	0.727487	1
	0.000000
PRED	H-SSM	12321
	NYU	1
	0.727487	1
	0.000000
PRED	H-SSM	12321
	NYU	0
	0.727487	1
	0.000000
PRED	H-SSM	12321
	NYU	0
	0.727487	1
	0.000000
PRED	H-SSM	12321
	NYU	0
	0.727487	1
	0.000000
PRED	H-SSM	12321
	NYU	0
	0.727487	1
	0.000000
PRED	H-SSM	12321
	NYU	0
	0.727487	1
	0.000000
PRED	H-SSM	12321
	UM_1	1
	0.371419	0
	0.000000
PRED	H-SSM	12321
	UM_1	1
	0.371419	0
	0.000000
PRED	H-SSM	12321
	UM_1	1
	0.371419	0
	0.000000
PRED	H-SSM	12321
	UM_1	1
	0.371419	0
	0.000000
PRED	H-SSM	12321
	UM_1	1
	0.371419	0
	0.000000
PRED	H-SSM	12321
	UM_1	0
	0.371419	0
	0.000000
PRED	H-SSM	12321
	UM_1	0
	0.371419	0
	0.000000
PRED	H-SSM	12321
	UM_1	0
	0.371419	0
	0.000000
PRED	H-SSM	12321
	UM_1	0
	0.371419	0
	0.000000
PRED	H-SSM	12321
	UM_1	0
	0.371419	0
	0.000000
PRED	H-SSM	12321
	UCLA_1	1
	0.586112	1
	0.000000
PRED	H-SSM	12321
	UCLA_1	1
	0.586112	1
	0.000000
PRED	H-SSM	12321
	UCLA_1	1
	0.586112	1
	0.000000
PRED	H-SSM	12321
	UCLA_1	1
	0.586112	1
	0.000000
PRED	H-SSM	12321
	UCLA_1	1
	0.586112	1
	0.000000
PRED	H-SSM	12321
	UCLA_1	0
	0.586112	1
	0.000000
PRED	H-SSM	12321
	UCLA_1	0
	0.586112	1
	0.000000
PRED	H-SSM	12321
	UCLA_1	0
	0.586112	1
	0.000000
PRED	H-SSM	12321
	UCLA_1	0
	0.586112	1
	0.000000
PRED	H-SSM	12321
	UCLA_1	0
	0.586112	1
	0.000000
PRED	H-SSM	12321
	YALE	1
	0.530568	1
	0.000000
PRED	H-SSM	12321
	YALE	1
	0.530568	1
	0.000000
PRED	H-SSM	12321
	YALE	1
	0.530568	1
	0.000000
PRED	H-SSM	12321
	YALE	1
	0.530568	1
	0.000000
PRED	H-SSM	12321
	YALE	1
	0.530568	1
	0.000000
PRED	H-SSM	12321
	YALE	0
	0.530568	1
	0.000000
PRED	H-SSM	12321
	YALE	0
	0.530568	1
	0.000000
PRED	H-SSM	12321
	YALE	0
	0.530568	1
	0.000000
PRED	H-SSM	12321
	YALE	0
	0.530568	1
	0.000000
PRED	H-SSM	12321
	YALE	0
	0.530568	1
	0.000000
PRED	H-SSM	12321
	PITT	1
	0.733391	1
	0.000000
PRED	H-SSM	12321
	PITT	1
	0.733391	1
	0.000000
PRED	H-SSM	12321
	PITT	1
	0.733391	1
	0.000000
PRED	H-SSM	12321
	PITT	1
	0.733391	1
	0.000000
PRED	H-SSM	12321
	PITT	1
	0.733391	1
	0.000000
PRED	H-SSM	12321
	PITT	0
	0.733391	1
	0.000000
PRED	H-SSM	12321
	PITT	0
	0.733391	1
	0.000000
PRED	H-SSM	12321
	PITT	0
	0.733391	1
	0.000000
PRED	H-SSM	12321
	PITT	0
	0.733391	1
	0.000000
PRED	H-SSM	12321
	PITT	0
	0.733391	1
	0.000000
PRED	H-SSM	12321
	USM	1
	0.485412	0
	0.000000
PRED	H-SSM	12321
	USM	1
	0.485412	0
	0.000000
PRED	H-SSM	12321
	USM	1
	0.485412	0
	0.000000
PRED	H-SSM	12321
	USM	1
	0.485412	0
	0.000000
PRED	H-SSM	12321
	USM	1
	0.485412	0
	0.000000
PRED	H-SSM	12321
	USM	0
	0.485412	0
	0.000000
PRED	H-SSM	12321
	USM	0
	0.485412	0
	0.000000
PRED	H-SSM	12321
	USM	0
	0.485412	0
	0.000000
PRED	H-SSM	12321
	USM	0
	0.485412	0
	0.000000
PRED	H-SSM	12321
	USM	0
	0.485412	0
	0.000000
PRED	H-SSM	12321
	MAX_MUN	1
	0.717984	1
	0.000000
PRED	H-SSM	12321
	MAX_MUN	1
	0.717984	1
	0.000000
PRED	H-SSM	12321
	MAX_MUN	1
	0.717984	1
	0.000000
PRED	H-SSM	12321
	MAX_MUN	1
	0.717984	1
	0.000000
PRED	H-SSM	12321
	MAX_MUN	1
	0.717984	1
	0.000000
PRED	H-SSM	12321
	MAX_MUN	0
	0.717984	1
	0.000000
PRED	H-SSM	12321
	MAX_MUN	0
	0.717984	1
	0.000000
PRED	H-SSM	12321
	MAX_MUN	0
	0.717984	1
	0.000000
PRED	H-SSM	12321
	MAX_MUN	0
	0.717984	1
	0.000000
PRED	H-SSM	12321
	MAX_MUN	0
	0.717984	1
	0.000000
PRED	H-SSM	12321
	TRINITY	1
	0.371261	0
	0.000000
PRED	H-SSM	12321
	TRINITY	1
	0.371261	0
	0.000000
PRED	H-SSM	12321
	TRINITY	1
	0.371261	0
	0.000000
PRED	H-SSM	12321
	TRINITY	1
	0.371261	0
	0.000000
PRED	H-SSM	12321
	TRINITY	1
	0.371261	0
	0.000000
PRED	H-SSM	12321
	TRINITY	0
	0.371261	0
	0.000000
PRED	H-SSM	12321
	TRINITY	0
	0.371261	0
	0.000000
PRED	H-SSM	12321
	TRINITY	0
	0.371261	0
	0.000000
PRED	H-SSM	12321
	TRINITY	0
	0.371261	0
	0.000000
PRED	H-SSM	12321
	TRINITY	0
	0.371261	0
	0.000000
PRED	H-SSM	12321
	KKI	1
	0.449600	0
	0.000000
PRED	H-SSM	12321
	KKI	1
	0.449600	0
	0.000000
PRED	H-SSM	12321
	KKI	1
	0.449600	0
	0.000000
PRED	H-SSM	12321
	KKI	1
	0.449600	0
	0.000000
PRED	H-SSM	12321
	KKI	1
	0.449600	0
	0.000000
PRED	H-SSM	12321
	KKI	0
	0.449600	0
	0.000000
PRED	H-SSM	12321
	KKI	0
	0.449600	0
	0.000000
PRED	H-SSM	12321
	KKI	0
	0.449600	0
	0.000000
PRED	H-SSM	12321
	KKI	0
	0.449600	0
	0.000000
PRED	H-SSM	12321
	KKI	0
	0.449600	0
	0.000000
PRED	H-SSM	12321
	STANFORD	1
	0.630515	1
	0.000000
PRED	H-SSM	12321
	STANFORD	1
	0.630515	1
	0.000000
PRED	H-SSM	12321
	STANFORD	1
	0.630515	1
	0.000000
PRED	H-SSM	12321
	STANFORD	1
	0.630515	1
	0.000000
PRED	H-SSM	12321
	STANFORD	1
	0.630515	1
	0.000000
PRED	H-SSM	12321
	STANFORD	0
	0.630515	1
	0.000000
PRED	H-SSM	12321
	STANFORD	0
	0.630515	1
	0.000000
PRED	H-SSM	12321
	STANFORD	0
	0.630515	1
	0.000000
PRED	H-SSM	12321
	STANFORD	0
	0.630515	1
	0.000000
PRED	H-SSM	12321
	STANFORD	0
	0.630515	1
	0.000000
PRED	H-SSM	12321
	CALTECH	1
	0.553985	1
	0.000000
PRED	H-SSM	12321
	CALTECH	1
	0.553985	1
	0.000000
PRED	H-SSM	12321
	CALTECH	1
	0.553985	1
	0.000000
PRED	H-SSM	12321
	CALTECH	1
	0.553985	1
	0.000000
PRED	H-SSM	12321
	CALTECH	1
	0.553985	1
	0.000000
PRED	H-SSM	12321
	CALTECH	0
	0.553985	1
	0.000000
PRED	H-SSM	12321
	CALTECH	0
	0.553985	1
	0.000000
PRED	H-SSM	12321
	CALTECH	0
	0.553985	1
	0.000000
PRED	H-SSM	12321
	CALTECH	0
	0.553985	1
	0.000000
PRED	H-SSM	12321
	CALTECH	0
	0.553985	1
	0.000000
PRED	H-SSM	12321
	LEUVEN_2	1
	0.546176	1
	0.000000
PRED	H-SSM	12321
	LEUVEN_2	1
	0.546176	1
	0.000000
PRED	H-SSM	12321
	LEUVEN_2	1
	0.546176	1
	0.000000
PRED	H-SSM	12321
	LEUVEN_2	1
	0.546176	1
	0.000000
PRED	H-SSM	12321
	LEUVEN_2	1
	0.546176	1
	0.000000
PRED	H-SSM	12321
	LEUVEN_2	0
	0.546176	1
	0.000000
PRED	H-SSM	12321
	LEUVEN_2	0
	0.546176	1
	0.000000
PRED	H-SSM	12321
	LEUVEN_2	0
	0.546176	1
	0.000000
PRED	H-SSM	12321
	LEUVEN_2	0
	0.546176	1
	0.000000
PRED	H-SSM	12321
	LEUVEN_2	0
	0.546176	1
	0.000000
PRED	H-SSM	12321
	OLIN	1
	0.440127	0
	0.000000
PRED	H-SSM	12321
	OLIN	1
	0.440127	0
	0.000000
PRED	H-SSM	12321
	OLIN	1
	0.440127	0
	0.000000
PRED	H-SSM	12321
	OLIN	1
	0.440127	0
	0.000000
PRED	H-SSM	12321
	OLIN	1
	0.440127	0
	0.000000
PRED	H-SSM	12321
	OLIN	0
	0.440127	0
	0.000000
PRED	H-SSM	12321
	OLIN	0
	0.440127	0
	0.000000
PRED	H-SSM	12321
	OLIN	0
	0.440127	0
	0.000000
PRED	H-SSM	12321
	OLIN	0
	0.440127	0
	0.000000
PRED	H-SSM	12321
	OLIN	0
	0.440127	0
	0.000000
PRED	H-SSM	12321
	SBL	1
	0.548577	1
	0.000000
PRED	H-SSM	12321
	SBL	1
	0.548577	1
	0.000000
PRED	H-SSM	12321
	SBL	1
	0.548577	1
	0.000000
PRED	H-SSM	12321
	SBL	1
	0.548577	1
	0.000000
PRED	H-SSM	12321
	SBL	1
	0.548577	1
	0.000000
PRED	H-SSM	12321
	SBL	0
	0.548577	1
	0.000000
PRED	H-SSM	12321
	SBL	0
	0.548577	1
	0.000000
PRED	H-SSM	12321
	SBL	0
	0.548577	1
	0.000000
PRED	H-SSM	12321
	SBL	0
	0.548577	1
	0.000000
PRED	H-SSM	12321
	SBL	0
	0.548577	1
	0.000000
PRED	H-SSM	12321
	LEUVEN_1	1
	0.296940	0
	0.000000
PRED	H-SSM	12321
	LEUVEN_1	1
	0.296940	0
	0.000000
PRED	H-SSM	12321
	LEUVEN_1	1
	0.296940	0
	0.000000
PRED	H-SSM	12321
	LEUVEN_1	1
	0.296940	0
	0.000000
PRED	H-SSM	12321
	LEUVEN_1	1
	0.296940	0
	0.000000
PRED	H-SSM	12321
	LEUVEN_1	0
	0.296940	0
	0.000000
PRED	H-SSM	12321
	LEUVEN_1	0
	0.296940	0
	0.000000
PRED	H-SSM	12321
	LEUVEN_1	0
	0.296940	0
	0.000000
PRED	H-SSM	12321
	LEUVEN_1	0
	0.296940	0
	0.000000
PRED	H-SSM	12321
	LEUVEN_1	0
	0.296940	0
	0.000000
PRED	H-SSM	12321
	SDSU	1
	0.579462	1
	0.000000
PRED	H-SSM	12321
	SDSU	1
	0.579462	1
	0.000000
PRED	H-SSM	12321
	SDSU	1
	0.579462	1
	0.000000
PRED	H-SSM	12321
	SDSU	1
	0.579462	1
	0.000000
PRED	H-SSM	12321
	SDSU	1
	0.579462	1
	0.000000
PRED	H-SSM	12321
	SDSU	0
	0.579462	1
	0.000000
PRED	H-SSM	12321
	SDSU	0
	0.579462	1
	0.000000
PRED	H-SSM	12321
	SDSU	0
	0.579462	1
	0.000000
PRED	H-SSM	12321
	SDSU	0
	0.579462	1
	0.000000
PRED	H-SSM	12321
	SDSU	0
	0.579462	1
	0.000000
PRED	H-SSM	12321
	CMU	1
	0.382512	0
	0.000000
PRED	H-SSM	12321
	CMU	1
	0.382512	0
	0.000000
PRED	H-SSM	12321
	CMU	1
	0.382512	0
	0.000000
PRED	H-SSM	12321
	CMU	1
	0.382512	0
	0.000000
PRED	H-SSM	12321
	CMU	1
	0.382512	0
	0.000000
PRED	H-SSM	12321
	CMU	0
	0.382512	0
	0.000000
PRED	H-SSM	12321
	CMU	0
	0.382512	0
	0.000000
PRED	H-SSM	12321
	CMU	0
	0.382512	0
	0.000000
PRED	H-SSM	12321
	CMU	0
	0.382512	0
	0.000000
PRED	H-SSM	12321
	CMU	0
	0.382512	0
	0.000000
PRED	H-SSM	12321
	UCLA_2	1
	0.555179	1
	0.000000
PRED	H-SSM	12321
	UCLA_2	1
	0.555179	1
	0.000000
PRED	H-SSM	12321
	UCLA_2	1
	0.555179	1
	0.000000
PRED	H-SSM	12321
	UCLA_2	1
	0.555179	1
	0.000000
PRED	H-SSM	12321
	UCLA_2	1
	0.555179	1
	0.000000
PRED	H-SSM	12321
	UCLA_2	0
	0.555179	1
	0.000000
PRED	H-SSM	12321
	UCLA_2	0
	0.555179	1
	0.000000
PRED	H-SSM	12321
	UCLA_2	0
	0.555179	1
	0.000000
PRED	H-SSM	12321
	UCLA_2	0
	0.555179	1
	0.000000
PRED	H-SSM	12321
	UCLA_2	0
	0.555179	1
	0.000000
PRED	H-SSM	12321
	UM_2	1
	0.435280	0
	0.000000
PRED	H-SSM	12321
	UM_2	1
	0.435280	0
	0.000000
PRED	H-SSM	12321
	UM_2	1
	0.435280	0
	0.000000
PRED	H-SSM	12321
	UM_2	1
	0.435280	0
	0.000000
PRED	H-SSM	12321
	UM_2	1
	0.435280	0
	0.000000
PRED	H-SSM	12321
	UM_2	0
	0.435280	0
	0.000000
PRED	H-SSM	12321
	UM_2	0
	0.435280	0
	0.000000
PRED	H-SSM	12321
	UM_2	0
	0.435280	0
	0.000000
PRED	H-SSM	12321
	UM_2	0
	0.435280	0
	0.000000
PRED	H-SSM	12321
	UM_2	0
	0.435280	0
	0.000000
PRED	H-SSM	12321
	OHSU	1
	0.544566	1
	0.000000
PRED	H-SSM	12321
	OHSU	1
	0.544566	1
	0.000000
PRED	H-SSM	12321
	OHSU	1
	0.544566	1
	0.000000
PRED	H-SSM	12321
	OHSU	1
	0.544566	1
	0.000000
PRED	H-SSM	12321
	OHSU	1
	0.544566	1
	0.000000
PRED	H-SSM	12321
	OHSU	0
	0.544566	1
	0.000000
PRED	H-SSM	12321
	OHSU	0
	0.544566	1
	0.000000
PRED	H-SSM	12321
	OHSU	0
	0.544566	1
	0.000000
PRED	H-SSM	12321
	OHSU	0
	0.544566	1
	0.000000
PRED	H-SSM	12321
	OHSU	0
	0.544566	1
	0.000000
  H-SSM    12321
   acc=50.000000% bal=50.000000% sites=20
/20
 test_n=200
 assoc=0.000000
PRED	H-SSM	24680
	NYU	1
	0.603301	1
	0.000000
PRED	H-SSM	24680
	NYU	1
	0.603301	1
	0.000000
PRED	H-SSM	24680
	NYU	1
	0.603301	1
	0.000000
PRED	H-SSM	24680
	NYU	1
	0.603301	1
	0.000000
PRED	H-SSM	24680
	NYU	1
	0.603301	1
	0.000000
PRED	H-SSM	24680
	NYU	0
	0.603301	1
	0.000000
PRED	H-SSM	24680
	NYU	0
	0.603301	1
	0.000000
PRED	H-SSM	24680
	NYU	0
	0.603301	1
	0.000000
PRED	H-SSM	24680
	NYU	0
	0.603301	1
	0.000000
PRED	H-SSM	24680
	NYU	0
	0.603301	1
	0.000000
PRED	H-SSM	24680
	UM_1	1
	0.637705	1
	0.000000
PRED	H-SSM	24680
	UM_1	1
	0.637705	1
	0.000000
PRED	H-SSM	24680
	UM_1	1
	0.637705	1
	0.000000
PRED	H-SSM	24680
	UM_1	1
	0.637705	1
	0.000000
PRED	H-SSM	24680
	UM_1	1
	0.637705	1
	0.000000
PRED	H-SSM	24680
	UM_1	0
	0.637705	1
	0.000000
PRED	H-SSM	24680
	UM_1	0
	0.637705	1
	0.000000
PRED	H-SSM	24680
	UM_1	0
	0.637705	1
	0.000000
PRED	H-SSM	24680
	UM_1	0
	0.637705	1
	0.000000
PRED	H-SSM	24680
	UM_1	0
	0.637705	1
	0.000000
PRED	H-SSM	24680
	UCLA_1	1
	0.260404	0
	0.000000
PRED	H-SSM	24680
	UCLA_1	1
	0.260404	0
	0.000000
PRED	H-SSM	24680
	UCLA_1	1
	0.260404	0
	0.000000
PRED	H-SSM	24680
	UCLA_1	1
	0.260404	0
	0.000000
PRED	H-SSM	24680
	UCLA_1	1
	0.260404	0
	0.000000
PRED	H-SSM	24680
	UCLA_1	0
	0.260404	0
	0.000000
PRED	H-SSM	24680
	UCLA_1	0
	0.260404	0
	0.000000
PRED	H-SSM	24680
	UCLA_1	0
	0.260404	0
	0.000000
PRED	H-SSM	24680
	UCLA_1	0
	0.260404	0
	0.000000
PRED	H-SSM	24680
	UCLA_1	0
	0.260404	0
	0.000000
PRED	H-SSM	24680
	YALE	1
	0.524186	1
	0.000000
PRED	H-SSM	24680
	YALE	1
	0.524186	1
	0.000000
PRED	H-SSM	24680
	YALE	1
	0.524186	1
	0.000000
PRED	H-SSM	24680
	YALE	1
	0.524186	1
	0.000000
PRED	H-SSM	24680
	YALE	1
	0.524186	1
	0.000000
PRED	H-SSM	24680
	YALE	0
	0.524186	1
	0.000000
PRED	H-SSM	24680
	YALE	0
	0.524186	1
	0.000000
PRED	H-SSM	24680
	YALE	0
	0.524186	1
	0.000000
PRED	H-SSM	24680
	YALE	0
	0.524186	1
	0.000000
PRED	H-SSM	24680
	YALE	0
	0.524186	1
	0.000000
PRED	H-SSM	24680
	PITT	1
	0.683122	1
	0.000000
PRED	H-SSM	24680
	PITT	1
	0.683122	1
	0.000000
PRED	H-SSM	24680
	PITT	1
	0.683122	1
	0.000000
PRED	H-SSM	24680
	PITT	1
	0.683122	1
	0.000000
PRED	H-SSM	24680
	PITT	1
	0.683122	1
	0.000000
PRED	H-SSM	24680
	PITT	0
	0.683122	1
	0.000000
PRED	H-SSM	24680
	PITT	0
	0.683122	1
	0.000000
PRED	H-SSM	24680
	PITT	0
	0.683122	1
	0.000000
PRED	H-SSM	24680
	PITT	0
	0.683122	1
	0.000000
PRED	H-SSM	24680
	PITT	0
	0.683122	1
	0.000000
PRED	H-SSM	24680
	USM	1
	0.363330	0
	0.000000
PRED	H-SSM	24680
	USM	1
	0.363330	0
	0.000000
PRED	H-SSM	24680
	USM	1
	0.363330	0
	0.000000
PRED	H-SSM	24680
	USM	1
	0.363330	0
	0.000000
PRED	H-SSM	24680
	USM	1
	0.363330	0
	0.000000
PRED	H-SSM	24680
	USM	0
	0.363330	0
	0.000000
PRED	H-SSM	24680
	USM	0
	0.363330	0
	0.000000
PRED	H-SSM	24680
	USM	0
	0.363330	0
	0.000000
PRED	H-SSM	24680
	USM	0
	0.363330	0
	0.000000
PRED	H-SSM	24680
	USM	0
	0.363330	0
	0.000000
PRED	H-SSM	24680
	MAX_MUN	1
	0.643894	1
	0.000000
PRED	H-SSM	24680
	MAX_MUN	1
	0.643894	1
	0.000000
PRED	H-SSM	24680
	MAX_MUN	1
	0.643894	1
	0.000000
PRED	H-SSM	24680
	MAX_MUN	1
	0.643894	1
	0.000000
PRED	H-SSM	24680
	MAX_MUN	1
	0.643894	1
	0.000000
PRED	H-SSM	24680
	MAX_MUN	0
	0.643894	1
	0.000000
PRED	H-SSM	24680
	MAX_MUN	0
	0.643894	1
	0.000000
PRED	H-SSM	24680
	MAX_MUN	0
	0.643894	1
	0.000000
PRED	H-SSM	24680
	MAX_MUN	0
	0.643894	1
	0.000000
PRED	H-SSM	24680
	MAX_MUN	0
	0.643894	1
	0.000000
PRED	H-SSM	24680
	TRINITY	1
	0.563423	1
	0.000000
PRED	H-SSM	24680
	TRINITY	1
	0.563423	1
	0.000000
PRED	H-SSM	24680
	TRINITY	1
	0.563423	1
	0.000000
PRED	H-SSM	24680
	TRINITY	1
	0.563423	1
	0.000000
PRED	H-SSM	24680
	TRINITY	1
	0.563423	1
	0.000000
PRED	H-SSM	24680
	TRINITY	0
	0.563423	1
	0.000000
PRED	H-SSM	24680
	TRINITY	0
	0.563423	1
	0.000000
PRED	H-SSM	24680
	TRINITY	0
	0.563423	1
	0.000000
PRED	H-SSM	24680
	TRINITY	0
	0.563423	1
	0.000000
PRED	H-SSM	24680
	TRINITY	0
	0.563423	1
	0.000000
PRED	H-SSM	24680
	KKI	1
	0.593623	1
	0.000000
PRED	H-SSM	24680
	KKI	1
	0.593623	1
	0.000000
PRED	H-SSM	24680
	KKI	1
	0.593623	1
	0.000000
PRED	H-SSM	24680
	KKI	1
	0.593623	1
	0.000000
PRED	H-SSM	24680
	KKI	1
	0.593623	1
	0.000000
PRED	H-SSM	24680
	KKI	0
	0.593623	1
	0.000000
PRED	H-SSM	24680
	KKI	0
	0.593623	1
	0.000000
PRED	H-SSM	24680
	KKI	0
	0.593623	1
	0.000000
PRED	H-SSM	24680
	KKI	0
	0.593623	1
	0.000000
PRED	H-SSM	24680
	KKI	0
	0.593623	1
	0.000000
PRED	H-SSM	24680
	STANFORD	1
	0.358751	0
	0.000000
PRED	H-SSM	24680
	STANFORD	1
	0.358751	0
	0.000000
PRED	H-SSM	24680
	STANFORD	1
	0.358751	0
	0.000000
PRED	H-SSM	24680
	STANFORD	1
	0.358751	0
	0.000000
PRED	H-SSM	24680
	STANFORD	1
	0.358751	0
	0.000000
PRED	H-SSM	24680
	STANFORD	0
	0.358751	0
	0.000000
PRED	H-SSM	24680
	STANFORD	0
	0.358751	0
	0.000000
PRED	H-SSM	24680
	STANFORD	0
	0.358751	0
	0.000000
PRED	H-SSM	24680
	STANFORD	0
	0.358751	0
	0.000000
PRED	H-SSM	24680
	STANFORD	0
	0.358751	0
	0.000000
PRED	H-SSM	24680
	CALTECH	1
	0.458012	0
	0.000000
PRED	H-SSM	24680
	CALTECH	1
	0.458012	0
	0.000000
PRED	H-SSM	24680
	CALTECH	1
	0.458012	0
	0.000000
PRED	H-SSM	24680
	CALTECH	1
	0.458012	0
	0.000000
PRED	H-SSM	24680
	CALTECH	1
	0.458012	0
	0.000000
PRED	H-SSM	24680
	CALTECH	0
	0.458012	0
	0.000000
PRED	H-SSM	24680
	CALTECH	0
	0.458012	0
	0.000000
PRED	H-SSM	24680
	CALTECH	0
	0.458012	0
	0.000000
PRED	H-SSM	24680
	CALTECH	0
	0.458012	0
	0.000000
PRED	H-SSM	24680
	CALTECH	0
	0.458012	0
	0.000000
PRED	H-SSM	24680
	LEUVEN_2	1
	0.569921	1
	0.000000
PRED	H-SSM	24680
	LEUVEN_2	1
	0.569921	1
	0.000000
PRED	H-SSM	24680
	LEUVEN_2	1
	0.569921	1
	0.000000
PRED	H-SSM	24680
	LEUVEN_2	1
	0.569921	1
	0.000000
PRED	H-SSM	24680
	LEUVEN_2	1
	0.569921	1
	0.000000
PRED	H-SSM	24680
	LEUVEN_2	0
	0.569921	1
	0.000000
PRED	H-SSM	24680
	LEUVEN_2	0
	0.569921	1
	0.000000
PRED	H-SSM	24680
	LEUVEN_2	0
	0.569921	1
	0.000000
PRED	H-SSM	24680
	LEUVEN_2	0
	0.569921	1
	0.000000
PRED	H-SSM	24680
	LEUVEN_2	0
	0.569921	1
	0.000000
PRED	H-SSM	24680
	OLIN	1
	0.436455	0
	0.000000
PRED	H-SSM	24680
	OLIN	1
	0.436455	0
	0.000000
PRED	H-SSM	24680
	OLIN	1
	0.436455	0
	0.000000
PRED	H-SSM	24680
	OLIN	1
	0.436455	0
	0.000000
PRED	H-SSM	24680
	OLIN	1
	0.436455	0
	0.000000
PRED	H-SSM	24680
	OLIN	0
	0.436455	0
	0.000000
PRED	H-SSM	24680
	OLIN	0
	0.436455	0
	0.000000
PRED	H-SSM	24680
	OLIN	0
	0.436455	0
	0.000000
PRED	H-SSM	24680
	OLIN	0
	0.436455	0
	0.000000
PRED	H-SSM	24680
	OLIN	0
	0.436455	0
	0.000000
PRED	H-SSM	24680
	SBL	1
	0.393797	0
	0.000000
PRED	H-SSM	24680
	SBL	1
	0.393797	0
	0.000000
PRED	H-SSM	24680
	SBL	1
	0.393797	0
	0.000000
PRED	H-SSM	24680
	SBL	1
	0.393797	0
	0.000000
PRED	H-SSM	24680
	SBL	1
	0.393797	0
	0.000000
PRED	H-SSM	24680
	SBL	0
	0.393797	0
	0.000000
PRED	H-SSM	24680
	SBL	0
	0.393797	0
	0.000000
PRED	H-SSM	24680
	SBL	0
	0.393797	0
	0.000000
PRED	H-SSM	24680
	SBL	0
	0.393797	0
	0.000000
PRED	H-SSM	24680
	SBL	0
	0.393797	0
	0.000000
PRED	H-SSM	24680
	LEUVEN_1	1
	0.721853	1
	0.000000
PRED	H-SSM	24680
	LEUVEN_1	1
	0.721853	1
	0.000000
PRED	H-SSM	24680
	LEUVEN_1	1
	0.721853	1
	0.000000
PRED	H-SSM	24680
	LEUVEN_1	1
	0.721853	1
	0.000000
PRED	H-SSM	24680
	LEUVEN_1	1
	0.721853	1
	0.000000
PRED	H-SSM	24680
	LEUVEN_1	0
	0.721853	1
	0.000000
PRED	H-SSM	24680
	LEUVEN_1	0
	0.721853	1
	0.000000
PRED	H-SSM	24680
	LEUVEN_1	0
	0.721853	1
	0.000000
PRED	H-SSM	24680
	LEUVEN_1	0
	0.721853	1
	0.000000
PRED	H-SSM	24680
	LEUVEN_1	0
	0.721853	1
	0.000000
PRED	H-SSM	24680
	SDSU	1
	0.601333	1
	0.000000
PRED	H-SSM	24680
	SDSU	1
	0.601333	1
	0.000000
PRED	H-SSM	24680
	SDSU	1
	0.601333	1
	0.000000
PRED	H-SSM	24680
	SDSU	1
	0.601333	1
	0.000000
PRED	H-SSM	24680
	SDSU	1
	0.601333	1
	0.000000
PRED	H-SSM	24680
	SDSU	0
	0.601333	1
	0.000000
PRED	H-SSM	24680
	SDSU	0
	0.601333	1
	0.000000
PRED	H-SSM	24680
	SDSU	0
	0.601333	1
	0.000000
PRED	H-SSM	24680
	SDSU	0
	0.601333	1
	0.000000
PRED	H-SSM	24680
	SDSU	0
	0.601333	1
	0.000000
PRED	H-SSM	24680
	CMU	1
	0.626239	1
	0.000000
PRED	H-SSM	24680
	CMU	1
	0.626239	1
	0.000000
PRED	H-SSM	24680
	CMU	1
	0.626239	1
	0.000000
PRED	H-SSM	24680
	CMU	1
	0.626239	1
	0.000000
PRED	H-SSM	24680
	CMU	1
	0.626239	1
	0.000000
PRED	H-SSM	24680
	CMU	0
	0.626239	1
	0.000000
PRED	H-SSM	24680
	CMU	0
	0.626239	1
	0.000000
PRED	H-SSM	24680
	CMU	0
	0.626239	1
	0.000000
PRED	H-SSM	24680
	CMU	0
	0.626239	1
	0.000000
PRED	H-SSM	24680
	CMU	0
	0.626239	1
	0.000000
PRED	H-SSM	24680
	UCLA_2	1
	0.673752	1
	0.000000
PRED	H-SSM	24680
	UCLA_2	1
	0.673752	1
	0.000000
PRED	H-SSM	24680
	UCLA_2	1
	0.673752	1
	0.000000
PRED	H-SSM	24680
	UCLA_2	1
	0.673752	1
	0.000000
PRED	H-SSM	24680
	UCLA_2	1
	0.673752	1
	0.000000
PRED	H-SSM	24680
	UCLA_2	0
	0.673752	1
	0.000000
PRED	H-SSM	24680
	UCLA_2	0
	0.673752	1
	0.000000
PRED	H-SSM	24680
	UCLA_2	0
	0.673752	1
	0.000000
PRED	H-SSM	24680
	UCLA_2	0
	0.673752	1
	0.000000
PRED	H-SSM	24680
	UCLA_2	0
	0.673752	1
	0.000000
PRED	H-SSM	24680
	UM_2	1
	0.236804	0
	0.000000
PRED	H-SSM	24680
	UM_2	1
	0.236804	0
	0.000000
PRED	H-SSM	24680
	UM_2	1
	0.236804	0
	0.000000
PRED	H-SSM	24680
	UM_2	1
	0.236804	0
	0.000000
PRED	H-SSM	24680
	UM_2	1
	0.236804	0
	0.000000
PRED	H-SSM	24680
	UM_2	0
	0.236804	0
	0.000000
PRED	H-SSM	24680
	UM_2	0
	0.236804	0
	0.000000
PRED	H-SSM	24680
	UM_2	0
	0.236804	0
	0.000000
PRED	H-SSM	24680
	UM_2	0
	0.236804	0
	0.000000
PRED	H-SSM	24680
	UM_2	0
	0.236804	0
	0.000000
PRED	H-SSM	24680
	OHSU	1
	0.567714	1
	0.000000
PRED	H-SSM	24680
	OHSU	1
	0.567714	1
	0.000000
PRED	H-SSM	24680
	OHSU	1
	0.567714	1
	0.000000
PRED	H-SSM	24680
	OHSU	1
	0.567714	1
	0.000000
PRED	H-SSM	24680
	OHSU	1
	0.567714	1
	0.000000
PRED	H-SSM	24680
	OHSU	0
	0.567714	1
	0.000000
PRED	H-SSM	24680
	OHSU	0
	0.567714	1
	0.000000
PRED	H-SSM	24680
	OHSU	0
	0.567714	1
	0.000000
PRED	H-SSM	24680
	OHSU	0
	0.567714	1
	0.000000
PRED	H-SSM	24680
	OHSU	0
	0.567714	1
	0.000000
  H-SSM    24680
   acc=50.000000% bal=50.000000% sites=20
/20
 test_n=200
 assoc=0.000000
PRED	H-SSM	13579
	NYU	1
	0.465743	0
	0.000000
PRED	H-SSM	13579
	NYU	1
	0.465743	0
	0.000000
PRED	H-SSM	13579
	NYU	1
	0.465743	0
	0.000000
PRED	H-SSM	13579
	NYU	1
	0.465743	0
	0.000000
PRED	H-SSM	13579
	NYU	1
	0.465743	0
	0.000000
PRED	H-SSM	13579
	NYU	0
	0.465743	0
	0.000000
PRED	H-SSM	13579
	NYU	0
	0.465743	0
	0.000000
PRED	H-SSM	13579
	NYU	0
	0.465743	0
	0.000000
PRED	H-SSM	13579
	NYU	0
	0.465743	0
	0.000000
PRED	H-SSM	13579
	NYU	0
	0.465743	0
	0.000000
PRED	H-SSM	13579
	UM_1	1
	0.541826	1
	0.000000
PRED	H-SSM	13579
	UM_1	1
	0.541826	1
	0.000000
PRED	H-SSM	13579
	UM_1	1
	0.541826	1
	0.000000
PRED	H-SSM	13579
	UM_1	1
	0.541826	1
	0.000000
PRED	H-SSM	13579
	UM_1	1
	0.541826	1
	0.000000
PRED	H-SSM	13579
	UM_1	0
	0.541826	1
	0.000000
PRED	H-SSM	13579
	UM_1	0
	0.541826	1
	0.000000
PRED	H-SSM	13579
	UM_1	0
	0.541826	1
	0.000000
PRED	H-SSM	13579
	UM_1	0
	0.541826	1
	0.000000
PRED	H-SSM	13579
	UM_1	0
	0.541826	1
	0.000000
PRED	H-SSM	13579
	UCLA_1	1
	0.493914	0
	0.000000
PRED	H-SSM	13579
	UCLA_1	1
	0.493914	0
	0.000000
PRED	H-SSM	13579
	UCLA_1	1
	0.493914	0
	0.000000
PRED	H-SSM	13579
	UCLA_1	1
	0.493914	0
	0.000000
PRED	H-SSM	13579
	UCLA_1	1
	0.493914	0
	0.000000
PRED	H-SSM	13579
	UCLA_1	0
	0.493914	0
	0.000000
PRED	H-SSM	13579
	UCLA_1	0
	0.493914	0
	0.000000
PRED	H-SSM	13579
	UCLA_1	0
	0.493914	0
	0.000000
PRED	H-SSM	13579
	UCLA_1	0
	0.493914	0
	0.000000
PRED	H-SSM	13579
	UCLA_1	0
	0.493914	0
	0.000000
PRED	H-SSM	13579
	YALE	1
	0.812953	1
	0.000000
PRED	H-SSM	13579
	YALE	1
	0.812953	1
	0.000000
PRED	H-SSM	13579
	YALE	1
	0.812953	1
	0.000000
PRED	H-SSM	13579
	YALE	1
	0.812953	1
	0.000000
PRED	H-SSM	13579
	YALE	1
	0.812953	1
	0.000000
PRED	H-SSM	13579
	YALE	0
	0.812953	1
	0.000000
PRED	H-SSM	13579
	YALE	0
	0.812953	1
	0.000000
PRED	H-SSM	13579
	YALE	0
	0.812953	1
	0.000000
PRED	H-SSM	13579
	YALE	0
	0.812953	1
	0.000000
PRED	H-SSM	13579
	YALE	0
	0.812953	1
	0.000000
PRED	H-SSM	13579
	PITT	1
	0.517524	1
	0.000000
PRED	H-SSM	13579
	PITT	1
	0.517524	1
	0.000000
PRED	H-SSM	13579
	PITT	1
	0.517524	1
	0.000000
PRED	H-SSM	13579
	PITT	1
	0.517524	1
	0.000000
PRED	H-SSM	13579
	PITT	1
	0.517524	1
	0.000000
PRED	H-SSM	13579
	PITT	0
	0.517524	1
	0.000000
PRED	H-SSM	13579
	PITT	0
	0.517524	1
	0.000000
PRED	H-SSM	13579
	PITT	0
	0.517524	1
	0.000000
PRED	H-SSM	13579
	PITT	0
	0.517524	1
	0.000000
PRED	H-SSM	13579
	PITT	0
	0.517524	1
	0.000000
PRED	H-SSM	13579
	USM	1
	0.399979	0
	0.000000
PRED	H-SSM	13579
	USM	1
	0.399979	0
	0.000000
PRED	H-SSM	13579
	USM	1
	0.399979	0
	0.000000
PRED	H-SSM	13579
	USM	1
	0.399979	0
	0.000000
PRED	H-SSM	13579
	USM	1
	0.399979	0
	0.000000
PRED	H-SSM	13579
	USM	0
	0.399979	0
	0.000000
PRED	H-SSM	13579
	USM	0
	0.399979	0
	0.000000
PRED	H-SSM	13579
	USM	0
	0.399979	0
	0.000000
PRED	H-SSM	13579
	USM	0
	0.399979	0
	0.000000
PRED	H-SSM	13579
	USM	0
	0.399979	0
	0.000000
PRED	H-SSM	13579
	MAX_MUN	1
	0.422940	0
	0.000000
PRED	H-SSM	13579
	MAX_MUN	1
	0.422940	0
	0.000000
PRED	H-SSM	13579
	MAX_MUN	1
	0.422940	0
	0.000000
PRED	H-SSM	13579
	MAX_MUN	1
	0.422940	0
	0.000000
PRED	H-SSM	13579
	MAX_MUN	1
	0.422940	0
	0.000000
PRED	H-SSM	13579
	MAX_MUN	0
	0.422940	0
	0.000000
PRED	H-SSM	13579
	MAX_MUN	0
	0.422940	0
	0.000000
PRED	H-SSM	13579
	MAX_MUN	0
	0.422940	0
	0.000000
PRED	H-SSM	13579
	MAX_MUN	0
	0.422940	0
	0.000000
PRED	H-SSM	13579
	MAX_MUN	0
	0.422940	0
	0.000000
PRED	H-SSM	13579
	TRINITY	1
	0.446686	0
	0.000000
PRED	H-SSM	13579
	TRINITY	1
	0.446686	0
	0.000000
PRED	H-SSM	13579
	TRINITY	1
	0.446686	0
	0.000000
PRED	H-SSM	13579
	TRINITY	1
	0.446686	0
	0.000000
PRED	H-SSM	13579
	TRINITY	1
	0.446686	0
	0.000000
PRED	H-SSM	13579
	TRINITY	0
	0.446686	0
	0.000000
PRED	H-SSM	13579
	TRINITY	0
	0.446686	0
	0.000000
PRED	H-SSM	13579
	TRINITY	0
	0.446686	0
	0.000000
PRED	H-SSM	13579
	TRINITY	0
	0.446686	0
	0.000000
PRED	H-SSM	13579
	TRINITY	0
	0.446686	0
	0.000000
PRED	H-SSM	13579
	KKI	1
	0.294277	0
	0.000000
PRED	H-SSM	13579
	KKI	1
	0.294277	0
	0.000000
PRED	H-SSM	13579
	KKI	1
	0.294277	0
	0.000000
PRED	H-SSM	13579
	KKI	1
	0.294277	0
	0.000000
PRED	H-SSM	13579
	KKI	1
	0.294277	0
	0.000000
PRED	H-SSM	13579
	KKI	0
	0.294277	0
	0.000000
PRED	H-SSM	13579
	KKI	0
	0.294277	0
	0.000000
PRED	H-SSM	13579
	KKI	0
	0.294277	0
	0.000000
PRED	H-SSM	13579
	KKI	0
	0.294277	0
	0.000000
PRED	H-SSM	13579
	KKI	0
	0.294277	0
	0.000000
PRED	H-SSM	13579
	STANFORD	1
	0.363078	0
	0.000000
PRED	H-SSM	13579
	STANFORD	1
	0.363078	0
	0.000000
PRED	H-SSM	13579
	STANFORD	1
	0.363078	0
	0.000000
PRED	H-SSM	13579
	STANFORD	1
	0.363078	0
	0.000000
PRED	H-SSM	13579
	STANFORD	1
	0.363078	0
	0.000000
PRED	H-SSM	13579
	STANFORD	0
	0.363078	0
	0.000000
PRED	H-SSM	13579
	STANFORD	0
	0.363078	0
	0.000000
PRED	H-SSM	13579
	STANFORD	0
	0.363078	0
	0.000000
PRED	H-SSM	13579
	STANFORD	0
	0.363078	0
	0.000000
PRED	H-SSM	13579
	STANFORD	0
	0.363078	0
	0.000000
PRED	H-SSM	13579
	CALTECH	1
	0.271407	0
	0.000000
PRED	H-SSM	13579
	CALTECH	1
	0.271407	0
	0.000000
PRED	H-SSM	13579
	CALTECH	1
	0.271407	0
	0.000000
PRED	H-SSM	13579
	CALTECH	1
	0.271407	0
	0.000000
PRED	H-SSM	13579
	CALTECH	1
	0.271407	0
	0.000000
PRED	H-SSM	13579
	CALTECH	0
	0.271407	0
	0.000000
PRED	H-SSM	13579
	CALTECH	0
	0.271407	0
	0.000000
PRED	H-SSM	13579
	CALTECH	0
	0.271407	0
	0.000000
PRED	H-SSM	13579
	CALTECH	0
	0.271407	0
	0.000000
PRED	H-SSM	13579
	CALTECH	0
	0.271407	0
	0.000000
PRED	H-SSM	13579
	LEUVEN_2	1
	0.610548	1
	0.000000
PRED	H-SSM	13579
	LEUVEN_2	1
	0.610548	1
	0.000000
PRED	H-SSM	13579
	LEUVEN_2	1
	0.610548	1
	0.000000
PRED	H-SSM	13579
	LEUVEN_2	1
	0.610548	1
	0.000000
PRED	H-SSM	13579
	LEUVEN_2	1
	0.610548	1
	0.000000
PRED	H-SSM	13579
	LEUVEN_2	0
	0.610548	1
	0.000000
PRED	H-SSM	13579
	LEUVEN_2	0
	0.610548	1
	0.000000
PRED	H-SSM	13579
	LEUVEN_2	0
	0.610548	1
	0.000000
PRED	H-SSM	13579
	LEUVEN_2	0
	0.610548	1
	0.000000
PRED	H-SSM	13579
	LEUVEN_2	0
	0.610548	1
	0.000000
PRED	H-SSM	13579
	OLIN	1
	0.721406	1
	0.000000
PRED	H-SSM	13579
	OLIN	1
	0.721406	1
	0.000000
PRED	H-SSM	13579
	OLIN	1
	0.721406	1
	0.000000
PRED	H-SSM	13579
	OLIN	1
	0.721406	1
	0.000000
PRED	H-SSM	13579
	OLIN	1
	0.721406	1
	0.000000
PRED	H-SSM	13579
	OLIN	0
	0.721406	1
	0.000000
PRED	H-SSM	13579
	OLIN	0
	0.721406	1
	0.000000
PRED	H-SSM	13579
	OLIN	0
	0.721406	1
	0.000000
PRED	H-SSM	13579
	OLIN	0
	0.721406	1
	0.000000
PRED	H-SSM	13579
	OLIN	0
	0.721406	1
	0.000000
PRED	H-SSM	13579
	SBL	1
	0.613846	1
	0.000000
PRED	H-SSM	13579
	SBL	1
	0.613846	1
	0.000000
PRED	H-SSM	13579
	SBL	1
	0.613846	1
	0.000000
PRED	H-SSM	13579
	SBL	1
	0.613846	1
	0.000000
PRED	H-SSM	13579
	SBL	1
	0.613846	1
	0.000000
PRED	H-SSM	13579
	SBL	0
	0.613846	1
	0.000000
PRED	H-SSM	13579
	SBL	0
	0.613846	1
	0.000000
PRED	H-SSM	13579
	SBL	0
	0.613846	1
	0.000000
PRED	H-SSM	13579
	SBL	0
	0.613846	1
	0.000000
PRED	H-SSM	13579
	SBL	0
	0.613846	1
	0.000000
PRED	H-SSM	13579
	LEUVEN_1	1
	0.619097	1
	0.000000
PRED	H-SSM	13579
	LEUVEN_1	1
	0.619097	1
	0.000000
PRED	H-SSM	13579
	LEUVEN_1	1
	0.619097	1
	0.000000
PRED	H-SSM	13579
	LEUVEN_1	1
	0.619097	1
	0.000000
PRED	H-SSM	13579
	LEUVEN_1	1
	0.619097	1
	0.000000
PRED	H-SSM	13579
	LEUVEN_1	0
	0.619097	1
	0.000000
PRED	H-SSM	13579
	LEUVEN_1	0
	0.619097	1
	0.000000
PRED	H-SSM	13579
	LEUVEN_1	0
	0.619097	1
	0.000000
PRED	H-SSM	13579
	LEUVEN_1	0
	0.619097	1
	0.000000
PRED	H-SSM	13579
	LEUVEN_1	0
	0.619097	1
	0.000000
PRED	H-SSM	13579
	SDSU	1
	0.537688	1
	0.000000
PRED	H-SSM	13579
	SDSU	1
	0.537688	1
	0.000000
PRED	H-SSM	13579
	SDSU	1
	0.537688	1
	0.000000
PRED	H-SSM	13579
	SDSU	1
	0.537688	1
	0.000000
PRED	H-SSM	13579
	SDSU	1
	0.537688	1
	0.000000
PRED	H-SSM	13579
	SDSU	0
	0.537688	1
	0.000000
PRED	H-SSM	13579
	SDSU	0
	0.537688	1
	0.000000
PRED	H-SSM	13579
	SDSU	0
	0.537688	1
	0.000000
PRED	H-SSM	13579
	SDSU	0
	0.537688	1
	0.000000
PRED	H-SSM	13579
	SDSU	0
	0.537688	1
	0.000000
PRED	H-SSM	13579
	CMU	1
	0.474656	0
	0.000000
PRED	H-SSM	13579
	CMU	1
	0.474656	0
	0.000000
PRED	H-SSM	13579
	CMU	1
	0.474656	0
	0.000000
PRED	H-SSM	13579
	CMU	1
	0.474656	0
	0.000000
PRED	H-SSM	13579
	CMU	1
	0.474656	0
	0.000000
PRED	H-SSM	13579
	CMU	0
	0.474656	0
	0.000000
PRED	H-SSM	13579
	CMU	0
	0.474656	0
	0.000000
PRED	H-SSM	13579
	CMU	0
	0.474656	0
	0.000000
PRED	H-SSM	13579
	CMU	0
	0.474656	0
	0.000000
PRED	H-SSM	13579
	CMU	0
	0.474656	0
	0.000000
PRED	H-SSM	13579
	UCLA_2	1
	0.357870	0
	0.000000
PRED	H-SSM	13579
	UCLA_2	1
	0.357870	0
	0.000000
PRED	H-SSM	13579
	UCLA_2	1
	0.357870	0
	0.000000
PRED	H-SSM	13579
	UCLA_2	1
	0.357870	0
	0.000000
PRED	H-SSM	13579
	UCLA_2	1
	0.357870	0
	0.000000
PRED	H-SSM	13579
	UCLA_2	0
	0.357870	0
	0.000000
PRED	H-SSM	13579
	UCLA_2	0
	0.357870	0
	0.000000
PRED	H-SSM	13579
	UCLA_2	0
	0.357870	0
	0.000000
PRED	H-SSM	13579
	UCLA_2	0
	0.357870	0
	0.000000
PRED	H-SSM	13579
	UCLA_2	0
	0.357870	0
	0.000000
PRED	H-SSM	13579
	UM_2	1
	0.697830	1
	0.000000
PRED	H-SSM	13579
	UM_2	1
	0.697830	1
	0.000000
PRED	H-SSM	13579
	UM_2	1
	0.697830	1
	0.000000
PRED	H-SSM	13579
	UM_2	1
	0.697830	1
	0.000000
PRED	H-SSM	13579
	UM_2	1
	0.697830	1
	0.000000
PRED	H-SSM	13579
	UM_2	0
	0.697830	1
	0.000000
PRED	H-SSM	13579
	UM_2	0
	0.697830	1
	0.000000
PRED	H-SSM	13579
	UM_2	0
	0.697830	1
	0.000000
PRED	H-SSM	13579
	UM_2	0
	0.697830	1
	0.000000
PRED	H-SSM	13579
	UM_2	0
	0.697830	1
	0.000000
PRED	H-SSM	13579
	OHSU	1
	0.517986	1
	0.000000
PRED	H-SSM	13579
	OHSU	1
	0.517986	1
	0.000000
PRED	H-SSM	13579
	OHSU	1
	0.517986	1
	0.000000
PRED	H-SSM	13579
	OHSU	1
	0.517986	1
	0.000000
PRED	H-SSM	13579
	OHSU	1
	0.517986	1
	0.000000
PRED	H-SSM	13579
	OHSU	0
	0.517986	1
	0.000000
PRED	H-SSM	13579
	OHSU	0
	0.517986	1
	0.000000
PRED	H-SSM	13579
	OHSU	0
	0.517986	1
	0.000000
PRED	H-SSM	13579
	OHSU	0
	0.517986	1
	0.000000
PRED	H-SSM	13579
	OHSU	0
	0.517986	1
	0.000000
  H-SSM    13579
   acc=50.000000% bal=50.000000% sites=20
/20
 test_n=200
 assoc=0.000000
PRED	H-SSM	54321
	NYU	1
	0.314241	0
	0.000000
PRED	H-SSM	54321
	NYU	1
	0.314241	0
	0.000000
PRED	H-SSM	54321
	NYU	1
	0.314241	0
	0.000000
PRED	H-SSM	54321
	NYU	1
	0.314241	0
	0.000000
PRED	H-SSM	54321
	NYU	1
	0.314241	0
	0.000000
PRED	H-SSM	54321
	NYU	0
	0.314241	0
	0.000000
PRED	H-SSM	54321
	NYU	0
	0.314241	0
	0.000000
PRED	H-SSM	54321
	NYU	0
	0.314241	0
	0.000000
PRED	H-SSM	54321
	NYU	0
	0.314241	0
	0.000000
PRED	H-SSM	54321
	NYU	0
	0.314241	0
	0.000000
PRED	H-SSM	54321
	UM_1	1
	0.631356	1
	0.000000
PRED	H-SSM	54321
	UM_1	1
	0.631356	1
	0.000000
PRED	H-SSM	54321
	UM_1	1
	0.631356	1
	0.000000
PRED	H-SSM	54321
	UM_1	1
	0.631356	1
	0.000000
PRED	H-SSM	54321
	UM_1	1
	0.631356	1
	0.000000
PRED	H-SSM	54321
	UM_1	0
	0.631356	1
	0.000000
PRED	H-SSM	54321
	UM_1	0
	0.631356	1
	0.000000
PRED	H-SSM	54321
	UM_1	0
	0.631356	1
	0.000000
PRED	H-SSM	54321
	UM_1	0
	0.631356	1
	0.000000
PRED	H-SSM	54321
	UM_1	0
	0.631356	1
	0.000000
PRED	H-SSM	54321
	UCLA_1	1
	0.601374	1
	0.000000
PRED	H-SSM	54321
	UCLA_1	1
	0.601374	1
	0.000000
PRED	H-SSM	54321
	UCLA_1	1
	0.601374	1
	0.000000
PRED	H-SSM	54321
	UCLA_1	1
	0.601374	1
	0.000000
PRED	H-SSM	54321
	UCLA_1	1
	0.601374	1
	0.000000
PRED	H-SSM	54321
	UCLA_1	0
	0.601374	1
	0.000000
PRED	H-SSM	54321
	UCLA_1	0
	0.601374	1
	0.000000
PRED	H-SSM	54321
	UCLA_1	0
	0.601374	1
	0.000000
PRED	H-SSM	54321
	UCLA_1	0
	0.601374	1
	0.000000
PRED	H-SSM	54321
	UCLA_1	0
	0.601374	1
	0.000000
PRED	H-SSM	54321
	YALE	1
	0.625104	1
	0.000000
PRED	H-SSM	54321
	YALE	1
	0.625104	1
	0.000000
PRED	H-SSM	54321
	YALE	1
	0.625104	1
	0.000000
PRED	H-SSM	54321
	YALE	1
	0.625104	1
	0.000000
PRED	H-SSM	54321
	YALE	1
	0.625104	1
	0.000000
PRED	H-SSM	54321
	YALE	0
	0.625104	1
	0.000000
PRED	H-SSM	54321
	YALE	0
	0.625104	1
	0.000000
PRED	H-SSM	54321
	YALE	0
	0.625104	1
	0.000000
PRED	H-SSM	54321
	YALE	0
	0.625104	1
	0.000000
PRED	H-SSM	54321
	YALE	0
	0.625104	1
	0.000000
PRED	H-SSM	54321
	PITT	1
	0.379495	0
	0.000000
PRED	H-SSM	54321
	PITT	1
	0.379495	0
	0.000000
PRED	H-SSM	54321
	PITT	1
	0.379495	0
	0.000000
PRED	H-SSM	54321
	PITT	1
	0.379495	0
	0.000000
PRED	H-SSM	54321
	PITT	1
	0.379495	0
	0.000000
PRED	H-SSM	54321
	PITT	0
	0.379495	0
	0.000000
PRED	H-SSM	54321
	PITT	0
	0.379495	0
	0.000000
PRED	H-SSM	54321
	PITT	0
	0.379495	0
	0.000000
PRED	H-SSM	54321
	PITT	0
	0.379495	0
	0.000000
PRED	H-SSM	54321
	PITT	0
	0.379495	0
	0.000000
PRED	H-SSM	54321
	USM	1
	0.506834	1
	0.000000
PRED	H-SSM	54321
	USM	1
	0.506834	1
	0.000000
PRED	H-SSM	54321
	USM	1
	0.506834	1
	0.000000
PRED	H-SSM	54321
	USM	1
	0.506834	1
	0.000000
PRED	H-SSM	54321
	USM	1
	0.506834	1
	0.000000
PRED	H-SSM	54321
	USM	0
	0.506834	1
	0.000000
PRED	H-SSM	54321
	USM	0
	0.506834	1
	0.000000
PRED	H-SSM	54321
	USM	0
	0.506834	1
	0.000000
PRED	H-SSM	54321
	USM	0
	0.506834	1
	0.000000
PRED	H-SSM	54321
	USM	0
	0.506834	1
	0.000000
PRED	H-SSM	54321
	MAX_MUN	1
	0.645805	1
	0.000000
PRED	H-SSM	54321
	MAX_MUN	1
	0.645805	1
	0.000000
PRED	H-SSM	54321
	MAX_MUN	1
	0.645805	1
	0.000000
PRED	H-SSM	54321
	MAX_MUN	1
	0.645805	1
	0.000000
PRED	H-SSM	54321
	MAX_MUN	1
	0.645805	1
	0.000000
PRED	H-SSM	54321
	MAX_MUN	0
	0.645805	1
	0.000000
PRED	H-SSM	54321
	MAX_MUN	0
	0.645805	1
	0.000000
PRED	H-SSM	54321
	MAX_MUN	0
	0.645805	1
	0.000000
PRED	H-SSM	54321
	MAX_MUN	0
	0.645805	1
	0.000000
PRED	H-SSM	54321
	MAX_MUN	0
	0.645805	1
	0.000000
PRED	H-SSM	54321
	TRINITY	1
	0.506133	1
	0.000000
PRED	H-SSM	54321
	TRINITY	1
	0.506133	1
	0.000000
PRED	H-SSM	54321
	TRINITY	1
	0.506133	1
	0.000000
PRED	H-SSM	54321
	TRINITY	1
	0.506133	1
	0.000000
PRED	H-SSM	54321
	TRINITY	1
	0.506133	1
	0.000000
PRED	H-SSM	54321
	TRINITY	0
	0.506133	1
	0.000000
PRED	H-SSM	54321
	TRINITY	0
	0.506133	1
	0.000000
PRED	H-SSM	54321
	TRINITY	0
	0.506133	1
	0.000000
PRED	H-SSM	54321
	TRINITY	0
	0.506133	1
	0.000000
PRED	H-SSM	54321
	TRINITY	0
	0.506133	1
	0.000000
PRED	H-SSM	54321
	KKI	1
	0.660928	1
	0.000000
PRED	H-SSM	54321
	KKI	1
	0.660928	1
	0.000000
PRED	H-SSM	54321
	KKI	1
	0.660928	1
	0.000000
PRED	H-SSM	54321
	KKI	1
	0.660928	1
	0.000000
PRED	H-SSM	54321
	KKI	1
	0.660928	1
	0.000000
PRED	H-SSM	54321
	KKI	0
	0.660928	1
	0.000000
PRED	H-SSM	54321
	KKI	0
	0.660928	1
	0.000000
PRED	H-SSM	54321
	KKI	0
	0.660928	1
	0.000000
PRED	H-SSM	54321
	KKI	0
	0.660928	1
	0.000000
PRED	H-SSM	54321
	KKI	0
	0.660928	1
	0.000000
PRED	H-SSM	54321
	STANFORD	1
	0.493996	0
	0.000000
PRED	H-SSM	54321
	STANFORD	1
	0.493996	0
	0.000000
PRED	H-SSM	54321
	STANFORD	1
	0.493996	0
	0.000000
PRED	H-SSM	54321
	STANFORD	1
	0.493996	0
	0.000000
PRED	H-SSM	54321
	STANFORD	1
	0.493996	0
	0.000000
PRED	H-SSM	54321
	STANFORD	0
	0.493996	0
	0.000000
PRED	H-SSM	54321
	STANFORD	0
	0.493996	0
	0.000000
PRED	H-SSM	54321
	STANFORD	0
	0.493996	0
	0.000000
PRED	H-SSM	54321
	STANFORD	0
	0.493996	0
	0.000000
PRED	H-SSM	54321
	STANFORD	0
	0.493996	0
	0.000000
PRED	H-SSM	54321
	CALTECH	1
	0.543808	1
	0.000000
PRED	H-SSM	54321
	CALTECH	1
	0.543808	1
	0.000000
PRED	H-SSM	54321
	CALTECH	1
	0.543808	1
	0.000000
PRED	H-SSM	54321
	CALTECH	1
	0.543808	1
	0.000000
PRED	H-SSM	54321
	CALTECH	1
	0.543808	1
	0.000000
PRED	H-SSM	54321
	CALTECH	0
	0.543808	1
	0.000000
PRED	H-SSM	54321
	CALTECH	0
	0.543808	1
	0.000000
PRED	H-SSM	54321
	CALTECH	0
	0.543808	1
	0.000000
PRED	H-SSM	54321
	CALTECH	0
	0.543808	1
	0.000000
PRED	H-SSM	54321
	CALTECH	0
	0.543808	1
	0.000000
PRED	H-SSM	54321
	LEUVEN_2	1
	0.602843	1
	0.000000
PRED	H-SSM	54321
	LEUVEN_2	1
	0.602843	1
	0.000000
PRED	H-SSM	54321
	LEUVEN_2	1
	0.602843	1
	0.000000
PRED	H-SSM	54321
	LEUVEN_2	1
	0.602843	1
	0.000000
PRED	H-SSM	54321
	LEUVEN_2	1
	0.602843	1
	0.000000
PRED	H-SSM	54321
	LEUVEN_2	0
	0.602843	1
	0.000000
PRED	H-SSM	54321
	LEUVEN_2	0
	0.602843	1
	0.000000
PRED	H-SSM	54321
	LEUVEN_2	0
	0.602843	1
	0.000000
PRED	H-SSM	54321
	LEUVEN_2	0
	0.602843	1
	0.000000
PRED	H-SSM	54321
	LEUVEN_2	0
	0.602843	1
	0.000000
PRED	H-SSM	54321
	OLIN	1
	0.624505	1
	0.000000
PRED	H-SSM	54321
	OLIN	1
	0.624505	1
	0.000000
PRED	H-SSM	54321
	OLIN	1
	0.624505	1
	0.000000
PRED	H-SSM	54321
	OLIN	1
	0.624505	1
	0.000000
PRED	H-SSM	54321
	OLIN	1
	0.624505	1
	0.000000
PRED	H-SSM	54321
	OLIN	0
	0.624505	1
	0.000000
PRED	H-SSM	54321
	OLIN	0
	0.624505	1
	0.000000
PRED	H-SSM	54321
	OLIN	0
	0.624505	1
	0.000000
PRED	H-SSM	54321
	OLIN	0
	0.624505	1
	0.000000
PRED	H-SSM	54321
	OLIN	0
	0.624505	1
	0.000000
PRED	H-SSM	54321
	SBL	1
	0.633075	1
	0.000000
PRED	H-SSM	54321
	SBL	1
	0.633075	1
	0.000000
PRED	H-SSM	54321
	SBL	1
	0.633075	1
	0.000000
PRED	H-SSM	54321
	SBL	1
	0.633075	1
	0.000000
PRED	H-SSM	54321
	SBL	1
	0.633075	1
	0.000000
PRED	H-SSM	54321
	SBL	0
	0.633075	1
	0.000000
PRED	H-SSM	54321
	SBL	0
	0.633075	1
	0.000000
PRED	H-SSM	54321
	SBL	0
	0.633075	1
	0.000000
PRED	H-SSM	54321
	SBL	0
	0.633075	1
	0.000000
PRED	H-SSM	54321
	SBL	0
	0.633075	1
	0.000000
PRED	H-SSM	54321
	LEUVEN_1	1
	0.505344	1
	0.000000
PRED	H-SSM	54321
	LEUVEN_1	1
	0.505344	1
	0.000000
PRED	H-SSM	54321
	LEUVEN_1	1
	0.505344	1
	0.000000
PRED	H-SSM	54321
	LEUVEN_1	1
	0.505344	1
	0.000000
PRED	H-SSM	54321
	LEUVEN_1	1
	0.505344	1
	0.000000
PRED	H-SSM	54321
	LEUVEN_1	0
	0.505344	1
	0.000000
PRED	H-SSM	54321
	LEUVEN_1	0
	0.505344	1
	0.000000
PRED	H-SSM	54321
	LEUVEN_1	0
	0.505344	1
	0.000000
PRED	H-SSM	54321
	LEUVEN_1	0
	0.505344	1
	0.000000
PRED	H-SSM	54321
	LEUVEN_1	0
	0.505344	1
	0.000000
PRED	H-SSM	54321
	SDSU	1
	0.595865	1
	0.000000
PRED	H-SSM	54321
	SDSU	1
	0.595865	1
	0.000000
PRED	H-SSM	54321
	SDSU	1
	0.595865	1
	0.000000
PRED	H-SSM	54321
	SDSU	1
	0.595865	1
	0.000000
PRED	H-SSM	54321
	SDSU	1
	0.595865	1
	0.000000
PRED	H-SSM	54321
	SDSU	0
	0.595865	1
	0.000000
PRED	H-SSM	54321
	SDSU	0
	0.595865	1
	0.000000
PRED	H-SSM	54321
	SDSU	0
	0.595865	1
	0.000000
PRED	H-SSM	54321
	SDSU	0
	0.595865	1
	0.000000
PRED	H-SSM	54321
	SDSU	0
	0.595865	1
	0.000000
PRED	H-SSM	54321
	CMU	1
	0.750392	1
	0.000000
PRED	H-SSM	54321
	CMU	1
	0.750392	1
	0.000000
PRED	H-SSM	54321
	CMU	1
	0.750392	1
	0.000000
PRED	H-SSM	54321
	CMU	1
	0.750392	1
	0.000000
PRED	H-SSM	54321
	CMU	1
	0.750392	1
	0.000000
PRED	H-SSM	54321
	CMU	0
	0.750392	1
	0.000000
PRED	H-SSM	54321
	CMU	0
	0.750392	1
	0.000000
PRED	H-SSM	54321
	CMU	0
	0.750392	1
	0.000000
PRED	H-SSM	54321
	CMU	0
	0.750392	1
	0.000000
PRED	H-SSM	54321
	CMU	0
	0.750392	1
	0.000000
PRED	H-SSM	54321
	UCLA_2	1
	0.507154	1
	0.000000
PRED	H-SSM	54321
	UCLA_2	1
	0.507154	1
	0.000000
PRED	H-SSM	54321
	UCLA_2	1
	0.507154	1
	0.000000
PRED	H-SSM	54321
	UCLA_2	1
	0.507154	1
	0.000000
PRED	H-SSM	54321
	UCLA_2	1
	0.507154	1
	0.000000
PRED	H-SSM	54321
	UCLA_2	0
	0.507154	1
	0.000000
PRED	H-SSM	54321
	UCLA_2	0
	0.507154	1
	0.000000
PRED	H-SSM	54321
	UCLA_2	0
	0.507154	1
	0.000000
PRED	H-SSM	54321
	UCLA_2	0
	0.507154	1
	0.000000
PRED	H-SSM	54321
	UCLA_2	0
	0.507154	1
	0.000000
PRED	H-SSM	54321
	UM_2	1
	0.501987	1
	0.000000
PRED	H-SSM	54321
	UM_2	1
	0.501987	1
	0.000000
PRED	H-SSM	54321
	UM_2	1
	0.501987	1
	0.000000
PRED	H-SSM	54321
	UM_2	1
	0.501987	1
	0.000000
PRED	H-SSM	54321
	UM_2	1
	0.501987	1
	0.000000
PRED	H-SSM	54321
	UM_2	0
	0.501987	1
	0.000000
PRED	H-SSM	54321
	UM_2	0
	0.501987	1
	0.000000
PRED	H-SSM	54321
	UM_2	0
	0.501987	1
	0.000000
PRED	H-SSM	54321
	UM_2	0
	0.501987	1
	0.000000
PRED	H-SSM	54321
	UM_2	0
	0.501987	1
	0.000000
PRED	H-SSM	54321
	OHSU	1
	0.515312	1
	0.000000
PRED	H-SSM	54321
	OHSU	1
	0.515312	1
	0.000000
PRED	H-SSM	54321
	OHSU	1
	0.515312	1
	0.000000
PRED	H-SSM	54321
	OHSU	1
	0.515312	1
	0.000000
PRED	H-SSM	54321
	OHSU	1
	0.515312	1
	0.000000
PRED	H-SSM	54321
	OHSU	0
	0.515312	1
	0.000000
PRED	H-SSM	54321
	OHSU	0
	0.515312	1
	0.000000
PRED	H-SSM	54321
	OHSU	0
	0.515312	1
	0.000000
PRED	H-SSM	54321
	OHSU	0
	0.515312	1
	0.000000
PRED	H-SSM	54321
	OHSU	0
	0.515312	1
	0.000000
  H-SSM    54321
   acc=50.000000% bal=50.000000% sites=20
/20
 test_n=200
 assoc=0.000000
PRED	H-SSM	67890
	NYU	1
	0.495839	0
	0.000000
PRED	H-SSM	67890
	NYU	1
	0.495839	0
	0.000000
PRED	H-SSM	67890
	NYU	1
	0.495839	0
	0.000000
PRED	H-SSM	67890
	NYU	1
	0.495839	0
	0.000000
PRED	H-SSM	67890
	NYU	1
	0.495839	0
	0.000000
PRED	H-SSM	67890
	NYU	0
	0.495839	0
	0.000000
PRED	H-SSM	67890
	NYU	0
	0.495839	0
	0.000000
PRED	H-SSM	67890
	NYU	0
	0.495839	0
	0.000000
PRED	H-SSM	67890
	NYU	0
	0.495839	0
	0.000000
PRED	H-SSM	67890
	NYU	0
	0.495839	0
	0.000000
PRED	H-SSM	67890
	UM_1	1
	0.615817	1
	0.000000
PRED	H-SSM	67890
	UM_1	1
	0.615817	1
	0.000000
PRED	H-SSM	67890
	UM_1	1
	0.615817	1
	0.000000
PRED	H-SSM	67890
	UM_1	1
	0.615817	1
	0.000000
PRED	H-SSM	67890
	UM_1	1
	0.615817	1
	0.000000
PRED	H-SSM	67890
	UM_1	0
	0.615817	1
	0.000000
PRED	H-SSM	67890
	UM_1	0
	0.615817	1
	0.000000
PRED	H-SSM	67890
	UM_1	0
	0.615817	1
	0.000000
PRED	H-SSM	67890
	UM_1	0
	0.615817	1
	0.000000
PRED	H-SSM	67890
	UM_1	0
	0.615817	1
	0.000000
PRED	H-SSM	67890
	UCLA_1	1
	0.512733	1
	0.000000
PRED	H-SSM	67890
	UCLA_1	1
	0.512733	1
	0.000000
PRED	H-SSM	67890
	UCLA_1	1
	0.512733	1
	0.000000
PRED	H-SSM	67890
	UCLA_1	1
	0.512733	1
	0.000000
PRED	H-SSM	67890
	UCLA_1	1
	0.512733	1
	0.000000
PRED	H-SSM	67890
	UCLA_1	0
	0.512733	1
	0.000000
PRED	H-SSM	67890
	UCLA_1	0
	0.512733	1
	0.000000
PRED	H-SSM	67890
	UCLA_1	0
	0.512733	1
	0.000000
PRED	H-SSM	67890
	UCLA_1	0
	0.512733	1
	0.000000
PRED	H-SSM	67890
	UCLA_1	0
	0.512733	1
	0.000000
PRED	H-SSM	67890
	YALE	1
	0.665390	1
	0.000000
PRED	H-SSM	67890
	YALE	1
	0.665390	1
	0.000000
PRED	H-SSM	67890
	YALE	1
	0.665390	1
	0.000000
PRED	H-SSM	67890
	YALE	1
	0.665390	1
	0.000000
PRED	H-SSM	67890
	YALE	1
	0.665390	1
	0.000000
PRED	H-SSM	67890
	YALE	0
	0.665390	1
	0.000000
PRED	H-SSM	67890
	YALE	0
	0.665390	1
	0.000000
PRED	H-SSM	67890
	YALE	0
	0.665390	1
	0.000000
PRED	H-SSM	67890
	YALE	0
	0.665390	1
	0.000000
PRED	H-SSM	67890
	YALE	0
	0.665390	1
	0.000000
PRED	H-SSM	67890
	PITT	1
	0.380038	0
	0.000000
PRED	H-SSM	67890
	PITT	1
	0.380038	0
	0.000000
PRED	H-SSM	67890
	PITT	1
	0.380038	0
	0.000000
PRED	H-SSM	67890
	PITT	1
	0.380038	0
	0.000000
PRED	H-SSM	67890
	PITT	1
	0.380038	0
	0.000000
PRED	H-SSM	67890
	PITT	0
	0.380038	0
	0.000000
PRED	H-SSM	67890
	PITT	0
	0.380038	0
	0.000000
PRED	H-SSM	67890
	PITT	0
	0.380038	0
	0.000000
PRED	H-SSM	67890
	PITT	0
	0.380038	0
	0.000000
PRED	H-SSM	67890
	PITT	0
	0.380038	0
	0.000000
PRED	H-SSM	67890
	USM	1
	0.523667	1
	0.000000
PRED	H-SSM	67890
	USM	1
	0.523667	1
	0.000000
PRED	H-SSM	67890
	USM	1
	0.523667	1
	0.000000
PRED	H-SSM	67890
	USM	1
	0.523667	1
	0.000000
PRED	H-SSM	67890
	USM	1
	0.523667	1
	0.000000
PRED	H-SSM	67890
	USM	0
	0.523667	1
	0.000000
PRED	H-SSM	67890
	USM	0
	0.523667	1
	0.000000
PRED	H-SSM	67890
	USM	0
	0.523667	1
	0.000000
PRED	H-SSM	67890
	USM	0
	0.523667	1
	0.000000
PRED	H-SSM	67890
	USM	0
	0.523667	1
	0.000000
PRED	H-SSM	67890
	MAX_MUN	1
	0.573221	1
	0.000000
PRED	H-SSM	67890
	MAX_MUN	1
	0.573221	1
	0.000000
PRED	H-SSM	67890
	MAX_MUN	1
	0.573221	1
	0.000000
PRED	H-SSM	67890
	MAX_MUN	1
	0.573221	1
	0.000000
PRED	H-SSM	67890
	MAX_MUN	1
	0.573221	1
	0.000000
PRED	H-SSM	67890
	MAX_MUN	0
	0.573221	1
	0.000000
PRED	H-SSM	67890
	MAX_MUN	0
	0.573221	1
	0.000000
PRED	H-SSM	67890
	MAX_MUN	0
	0.573221	1
	0.000000
PRED	H-SSM	67890
	MAX_MUN	0
	0.573221	1
	0.000000
PRED	H-SSM	67890
	MAX_MUN	0
	0.573221	1
	0.000000
PRED	H-SSM	67890
	TRINITY	1
	0.586808	1
	0.000000
PRED	H-SSM	67890
	TRINITY	1
	0.586808	1
	0.000000
PRED	H-SSM	67890
	TRINITY	1
	0.586808	1
	0.000000
PRED	H-SSM	67890
	TRINITY	1
	0.586808	1
	0.000000
PRED	H-SSM	67890
	TRINITY	1
	0.586808	1
	0.000000
PRED	H-SSM	67890
	TRINITY	0
	0.586808	1
	0.000000
PRED	H-SSM	67890
	TRINITY	0
	0.586808	1
	0.000000
PRED	H-SSM	67890
	TRINITY	0
	0.586808	1
	0.000000
PRED	H-SSM	67890
	TRINITY	0
	0.586808	1
	0.000000
PRED	H-SSM	67890
	TRINITY	0
	0.586808	1
	0.000000
PRED	H-SSM	67890
	KKI	1
	0.358771	0
	0.000000
PRED	H-SSM	67890
	KKI	1
	0.358771	0
	0.000000
PRED	H-SSM	67890
	KKI	1
	0.358771	0
	0.000000
PRED	H-SSM	67890
	KKI	1
	0.358771	0
	0.000000
PRED	H-SSM	67890
	KKI	1
	0.358771	0
	0.000000
PRED	H-SSM	67890
	KKI	0
	0.358771	0
	0.000000
PRED	H-SSM	67890
	KKI	0
	0.358771	0
	0.000000
PRED	H-SSM	67890
	KKI	0
	0.358771	0
	0.000000
PRED	H-SSM	67890
	KKI	0
	0.358771	0
	0.000000
PRED	H-SSM	67890
	KKI	0
	0.358771	0
	0.000000
PRED	H-SSM	67890
	STANFORD	1
	0.574881	1
	0.000000
PRED	H-SSM	67890
	STANFORD	1
	0.574881	1
	0.000000
PRED	H-SSM	67890
	STANFORD	1
	0.574881	1
	0.000000
PRED	H-SSM	67890
	STANFORD	1
	0.574881	1
	0.000000
PRED	H-SSM	67890
	STANFORD	1
	0.574881	1
	0.000000
PRED	H-SSM	67890
	STANFORD	0
	0.574881	1
	0.000000
PRED	H-SSM	67890
	STANFORD	0
	0.574881	1
	0.000000
PRED	H-SSM	67890
	STANFORD	0
	0.574881	1
	0.000000
PRED	H-SSM	67890
	STANFORD	0
	0.574881	1
	0.000000
PRED	H-SSM	67890
	STANFORD	0
	0.574881	1
	0.000000
PRED	H-SSM	67890
	CALTECH	1
	0.536834	1
	0.000000
PRED	H-SSM	67890
	CALTECH	1
	0.536834	1
	0.000000
PRED	H-SSM	67890
	CALTECH	1
	0.536834	1
	0.000000
PRED	H-SSM	67890
	CALTECH	1
	0.536834	1
	0.000000
PRED	H-SSM	67890
	CALTECH	1
	0.536834	1
	0.000000
PRED	H-SSM	67890
	CALTECH	0
	0.536834	1
	0.000000
PRED	H-SSM	67890
	CALTECH	0
	0.536834	1
	0.000000
PRED	H-SSM	67890
	CALTECH	0
	0.536834	1
	0.000000
PRED	H-SSM	67890
	CALTECH	0
	0.536834	1
	0.000000
PRED	H-SSM	67890
	CALTECH	0
	0.536834	1
	0.000000
PRED	H-SSM	67890
	LEUVEN_2	1
	0.539422	1
	0.000000
PRED	H-SSM	67890
	LEUVEN_2	1
	0.539422	1
	0.000000
PRED	H-SSM	67890
	LEUVEN_2	1
	0.539422	1
	0.000000
PRED	H-SSM	67890
	LEUVEN_2	1
	0.539422	1
	0.000000
PRED	H-SSM	67890
	LEUVEN_2	1
	0.539422	1
	0.000000
PRED	H-SSM	67890
	LEUVEN_2	0
	0.539422	1
	0.000000
PRED	H-SSM	67890
	LEUVEN_2	0
	0.539422	1
	0.000000
PRED	H-SSM	67890
	LEUVEN_2	0
	0.539422	1
	0.000000
PRED	H-SSM	67890
	LEUVEN_2	0
	0.539422	1
	0.000000
PRED	H-SSM	67890
	LEUVEN_2	0
	0.539422	1
	0.000000
PRED	H-SSM	67890
	OLIN	1
	0.305689	0
	0.000000
PRED	H-SSM	67890
	OLIN	1
	0.305689	0
	0.000000
PRED	H-SSM	67890
	OLIN	1
	0.305689	0
	0.000000
PRED	H-SSM	67890
	OLIN	1
	0.305689	0
	0.000000
PRED	H-SSM	67890
	OLIN	1
	0.305689	0
	0.000000
PRED	H-SSM	67890
	OLIN	0
	0.305689	0
	0.000000
PRED	H-SSM	67890
	OLIN	0
	0.305689	0
	0.000000
PRED	H-SSM	67890
	OLIN	0
	0.305689	0
	0.000000
PRED	H-SSM	67890
	OLIN	0
	0.305689	0
	0.000000
PRED	H-SSM	67890
	OLIN	0
	0.305689	0
	0.000000
PRED	H-SSM	67890
	SBL	1
	0.438368	0
	0.000000
PRED	H-SSM	67890
	SBL	1
	0.438368	0
	0.000000
PRED	H-SSM	67890
	SBL	1
	0.438368	0
	0.000000
PRED	H-SSM	67890
	SBL	1
	0.438368	0
	0.000000
PRED	H-SSM	67890
	SBL	1
	0.438368	0
	0.000000
PRED	H-SSM	67890
	SBL	0
	0.438368	0
	0.000000
PRED	H-SSM	67890
	SBL	0
	0.438368	0
	0.000000
PRED	H-SSM	67890
	SBL	0
	0.438368	0
	0.000000
PRED	H-SSM	67890
	SBL	0
	0.438368	0
	0.000000
PRED	H-SSM	67890
	SBL	0
	0.438368	0
	0.000000
PRED	H-SSM	67890
	LEUVEN_1	1
	0.429886	0
	0.000000
PRED	H-SSM	67890
	LEUVEN_1	1
	0.429886	0
	0.000000
PRED	H-SSM	67890
	LEUVEN_1	1
	0.429886	0
	0.000000
PRED	H-SSM	67890
	LEUVEN_1	1
	0.429886	0
	0.000000
PRED	H-SSM	67890
	LEUVEN_1	1
	0.429886	0
	0.000000
PRED	H-SSM	67890
	LEUVEN_1	0
	0.429886	0
	0.000000
PRED	H-SSM	67890
	LEUVEN_1	0
	0.429886	0
	0.000000
PRED	H-SSM	67890
	LEUVEN_1	0
	0.429886	0
	0.000000
PRED	H-SSM	67890
	LEUVEN_1	0
	0.429886	0
	0.000000
PRED	H-SSM	67890
	LEUVEN_1	0
	0.429886	0
	0.000000
PRED	H-SSM	67890
	SDSU	1
	0.524694	1
	0.000000
PRED	H-SSM	67890
	SDSU	1
	0.524694	1
	0.000000
PRED	H-SSM	67890
	SDSU	1
	0.524694	1
	0.000000
PRED	H-SSM	67890
	SDSU	1
	0.524694	1
	0.000000
PRED	H-SSM	67890
	SDSU	1
	0.524694	1
	0.000000
PRED	H-SSM	67890
	SDSU	0
	0.524694	1
	0.000000
PRED	H-SSM	67890
	SDSU	0
	0.524694	1
	0.000000
PRED	H-SSM	67890
	SDSU	0
	0.524694	1
	0.000000
PRED	H-SSM	67890
	SDSU	0
	0.524694	1
	0.000000
PRED	H-SSM	67890
	SDSU	0
	0.524694	1
	0.000000
PRED	H-SSM	67890
	CMU	1
	0.362580	0
	0.000000
PRED	H-SSM	67890
	CMU	1
	0.362580	0
	0.000000
PRED	H-SSM	67890
	CMU	1
	0.362580	0
	0.000000
PRED	H-SSM	67890
	CMU	1
	0.362580	0
	0.000000
PRED	H-SSM	67890
	CMU	1
	0.362580	0
	0.000000
PRED	H-SSM	67890
	CMU	0
	0.362580	0
	0.000000
PRED	H-SSM	67890
	CMU	0
	0.362580	0
	0.000000
PRED	H-SSM	67890
	CMU	0
	0.362580	0
	0.000000
PRED	H-SSM	67890
	CMU	0
	0.362580	0
	0.000000
PRED	H-SSM	67890
	CMU	0
	0.362580	0
	0.000000
PRED	H-SSM	67890
	UCLA_2	1
	0.665661	1
	0.000000
PRED	H-SSM	67890
	UCLA_2	1
	0.665661	1
	0.000000
PRED	H-SSM	67890
	UCLA_2	1
	0.665661	1
	0.000000
PRED	H-SSM	67890
	UCLA_2	1
	0.665661	1
	0.000000
PRED	H-SSM	67890
	UCLA_2	1
	0.665661	1
	0.000000
PRED	H-SSM	67890
	UCLA_2	0
	0.665661	1
	0.000000
PRED	H-SSM	67890
	UCLA_2	0
	0.665661	1
	0.000000
PRED	H-SSM	67890
	UCLA_2	0
	0.665661	1
	0.000000
PRED	H-SSM	67890
	UCLA_2	0
	0.665661	1
	0.000000
PRED	H-SSM	67890
	UCLA_2	0
	0.665661	1
	0.000000
PRED	H-SSM	67890
	UM_2	1
	0.649775	1
	0.000000
PRED	H-SSM	67890
	UM_2	1
	0.649775	1
	0.000000
PRED	H-SSM	67890
	UM_2	1
	0.649775	1
	0.000000
PRED	H-SSM	67890
	UM_2	1
	0.649775	1
	0.000000
PRED	H-SSM	67890
	UM_2	1
	0.649775	1
	0.000000
PRED	H-SSM	67890
	UM_2	0
	0.649775	1
	0.000000
PRED	H-SSM	67890
	UM_2	0
	0.649775	1
	0.000000
PRED	H-SSM	67890
	UM_2	0
	0.649775	1
	0.000000
PRED	H-SSM	67890
	UM_2	0
	0.649775	1
	0.000000
PRED	H-SSM	67890
	UM_2	0
	0.649775	1
	0.000000
PRED	H-SSM	67890
	OHSU	1
	0.615868	1
	0.000000
PRED	H-SSM	67890
	OHSU	1
	0.615868	1
	0.000000
PRED	H-SSM	67890
	OHSU	1
	0.615868	1
	0.000000
PRED	H-SSM	67890
	OHSU	1
	0.615868	1
	0.000000
PRED	H-SSM	67890
	OHSU	1
	0.615868	1
	0.000000
PRED	H-SSM	67890
	OHSU	0
	0.615868	1
	0.000000
PRED	H-SSM	67890
	OHSU	0
	0.615868	1
	0.000000
PRED	H-SSM	67890
	OHSU	0
	0.615868	1
	0.000000
PRED	H-SSM	67890
	OHSU	0
	0.615868	1
	0.000000
PRED	H-SSM	67890
	OHSU	0
	0.615868	1
	0.000000
  H-SSM    67890
   acc=50.000000% bal=50.000000% sites=20
/20
 test_n=200
 assoc=0.000000
PRED	H-SSM	11223
	NYU	1
	0.510069	1
	0.000000
PRED	H-SSM	11223
	NYU	1
	0.510069	1
	0.000000
PRED	H-SSM	11223
	NYU	1
	0.510069	1
	0.000000
PRED	H-SSM	11223
	NYU	1
	0.510069	1
	0.000000
PRED	H-SSM	11223
	NYU	1
	0.510069	1
	0.000000
PRED	H-SSM	11223
	NYU	0
	0.510069	1
	0.000000
PRED	H-SSM	11223
	NYU	0
	0.510069	1
	0.000000
PRED	H-SSM	11223
	NYU	0
	0.510069	1
	0.000000
PRED	H-SSM	11223
	NYU	0
	0.510069	1
	0.000000
PRED	H-SSM	11223
	NYU	0
	0.510069	1
	0.000000
PRED	H-SSM	11223
	UM_1	1
	0.530681	1
	0.000000
PRED	H-SSM	11223
	UM_1	1
	0.530681	1
	0.000000
PRED	H-SSM	11223
	UM_1	1
	0.530681	1
	0.000000
PRED	H-SSM	11223
	UM_1	1
	0.530681	1
	0.000000
PRED	H-SSM	11223
	UM_1	1
	0.530681	1
	0.000000
PRED	H-SSM	11223
	UM_1	0
	0.530681	1
	0.000000
PRED	H-SSM	11223
	UM_1	0
	0.530681	1
	0.000000
PRED	H-SSM	11223
	UM_1	0
	0.530681	1
	0.000000
PRED	H-SSM	11223
	UM_1	0
	0.530681	1
	0.000000
PRED	H-SSM	11223
	UM_1	0
	0.530681	1
	0.000000
PRED	H-SSM	11223
	UCLA_1	1
	0.560946	1
	0.000000
PRED	H-SSM	11223
	UCLA_1	1
	0.560946	1
	0.000000
PRED	H-SSM	11223
	UCLA_1	1
	0.560946	1
	0.000000
PRED	H-SSM	11223
	UCLA_1	1
	0.560946	1
	0.000000
PRED	H-SSM	11223
	UCLA_1	1
	0.560946	1
	0.000000
PRED	H-SSM	11223
	UCLA_1	0
	0.560946	1
	0.000000
PRED	H-SSM	11223
	UCLA_1	0
	0.560946	1
	0.000000
PRED	H-SSM	11223
	UCLA_1	0
	0.560946	1
	0.000000
PRED	H-SSM	11223
	UCLA_1	0
	0.560946	1
	0.000000
PRED	H-SSM	11223
	UCLA_1	0
	0.560946	1
	0.000000
PRED	H-SSM	11223
	YALE	1
	0.416986	0
	0.000000
PRED	H-SSM	11223
	YALE	1
	0.416986	0
	0.000000
PRED	H-SSM	11223
	YALE	1
	0.416986	0
	0.000000
PRED	H-SSM	11223
	YALE	1
	0.416986	0
	0.000000
PRED	H-SSM	11223
	YALE	1
	0.416986	0
	0.000000
PRED	H-SSM	11223
	YALE	0
	0.416986	0
	0.000000
PRED	H-SSM	11223
	YALE	0
	0.416986	0
	0.000000
PRED	H-SSM	11223
	YALE	0
	0.416986	0
	0.000000
PRED	H-SSM	11223
	YALE	0
	0.416986	0
	0.000000
PRED	H-SSM	11223
	YALE	0
	0.416986	0
	0.000000
PRED	H-SSM	11223
	PITT	1
	0.458556	0
	0.000000
PRED	H-SSM	11223
	PITT	1
	0.458556	0
	0.000000
PRED	H-SSM	11223
	PITT	1
	0.458556	0
	0.000000
PRED	H-SSM	11223
	PITT	1
	0.458556	0
	0.000000
PRED	H-SSM	11223
	PITT	1
	0.458556	0
	0.000000
PRED	H-SSM	11223
	PITT	0
	0.458556	0
	0.000000
PRED	H-SSM	11223
	PITT	0
	0.458556	0
	0.000000
PRED	H-SSM	11223
	PITT	0
	0.458556	0
	0.000000
PRED	H-SSM	11223
	PITT	0
	0.458556	0
	0.000000
PRED	H-SSM	11223
	PITT	0
	0.458556	0
	0.000000
PRED	H-SSM	11223
	USM	1
	0.558117	1
	0.000000
PRED	H-SSM	11223
	USM	1
	0.558117	1
	0.000000
PRED	H-SSM	11223
	USM	1
	0.558117	1
	0.000000
PRED	H-SSM	11223
	USM	1
	0.558117	1
	0.000000
PRED	H-SSM	11223
	USM	1
	0.558117	1
	0.000000
PRED	H-SSM	11223
	USM	0
	0.558117	1
	0.000000
PRED	H-SSM	11223
	USM	0
	0.558117	1
	0.000000
PRED	H-SSM	11223
	USM	0
	0.558117	1
	0.000000
PRED	H-SSM	11223
	USM	0
	0.558117	1
	0.000000
PRED	H-SSM	11223
	USM	0
	0.558117	1
	0.000000
PRED	H-SSM	11223
	MAX_MUN	1
	0.649833	1
	0.000000
PRED	H-SSM	11223
	MAX_MUN	1
	0.649833	1
	0.000000
PRED	H-SSM	11223
	MAX_MUN	1
	0.649833	1
	0.000000
PRED	H-SSM	11223
	MAX_MUN	1
	0.649833	1
	0.000000
PRED	H-SSM	11223
	MAX_MUN	1
	0.649833	1
	0.000000
PRED	H-SSM	11223
	MAX_MUN	0
	0.649833	1
	0.000000
PRED	H-SSM	11223
	MAX_MUN	0
	0.649833	1
	0.000000
PRED	H-SSM	11223
	MAX_MUN	0
	0.649833	1
	0.000000
PRED	H-SSM	11223
	MAX_MUN	0
	0.649833	1
	0.000000
PRED	H-SSM	11223
	MAX_MUN	0
	0.649833	1
	0.000000
PRED	H-SSM	11223
	TRINITY	1
	0.613465	1
	0.000000
PRED	H-SSM	11223
	TRINITY	1
	0.613465	1
	0.000000
PRED	H-SSM	11223
	TRINITY	1
	0.613465	1
	0.000000
PRED	H-SSM	11223
	TRINITY	1
	0.613465	1
	0.000000
PRED	H-SSM	11223
	TRINITY	1
	0.613465	1
	0.000000
PRED	H-SSM	11223
	TRINITY	0
	0.613465	1
	0.000000
PRED	H-SSM	11223
	TRINITY	0
	0.613465	1
	0.000000
PRED	H-SSM	11223
	TRINITY	0
	0.613465	1
	0.000000
PRED	H-SSM	11223
	TRINITY	0
	0.613465	1
	0.000000
PRED	H-SSM	11223
	TRINITY	0
	0.613465	1
	0.000000
PRED	H-SSM	11223
	KKI	1
	0.537481	1
	0.000000
PRED	H-SSM	11223
	KKI	1
	0.537481	1
	0.000000
PRED	H-SSM	11223
	KKI	1
	0.537481	1
	0.000000
PRED	H-SSM	11223
	KKI	1
	0.537481	1
	0.000000
PRED	H-SSM	11223
	KKI	1
	0.537481	1
	0.000000
PRED	H-SSM	11223
	KKI	0
	0.537481	1
	0.000000
PRED	H-SSM	11223
	KKI	0
	0.537481	1
	0.000000
PRED	H-SSM	11223
	KKI	0
	0.537481	1
	0.000000
PRED	H-SSM	11223
	KKI	0
	0.537481	1
	0.000000
PRED	H-SSM	11223
	KKI	0
	0.537481	1
	0.000000
PRED	H-SSM	11223
	STANFORD	1
	0.482072	0
	0.000000
PRED	H-SSM	11223
	STANFORD	1
	0.482072	0
	0.000000
PRED	H-SSM	11223
	STANFORD	1
	0.482072	0
	0.000000
PRED	H-SSM	11223
	STANFORD	1
	0.482072	0
	0.000000
PRED	H-SSM	11223
	STANFORD	1
	0.482072	0
	0.000000
PRED	H-SSM	11223
	STANFORD	0
	0.482072	0
	0.000000
PRED	H-SSM	11223
	STANFORD	0
	0.482072	0
	0.000000
PRED	H-SSM	11223
	STANFORD	0
	0.482072	0
	0.000000
PRED	H-SSM	11223
	STANFORD	0
	0.482072	0
	0.000000
PRED	H-SSM	11223
	STANFORD	0
	0.482072	0
	0.000000
PRED	H-SSM	11223
	CALTECH	1
	0.633338	1
	0.000000
PRED	H-SSM	11223
	CALTECH	1
	0.633338	1
	0.000000
PRED	H-SSM	11223
	CALTECH	1
	0.633338	1
	0.000000
PRED	H-SSM	11223
	CALTECH	1
	0.633338	1
	0.000000
PRED	H-SSM	11223
	CALTECH	1
	0.633338	1
	0.000000
PRED	H-SSM	11223
	CALTECH	0
	0.633338	1
	0.000000
PRED	H-SSM	11223
	CALTECH	0
	0.633338	1
	0.000000
PRED	H-SSM	11223
	CALTECH	0
	0.633338	1
	0.000000
PRED	H-SSM	11223
	CALTECH	0
	0.633338	1
	0.000000
PRED	H-SSM	11223
	CALTECH	0
	0.633338	1
	0.000000
PRED	H-SSM	11223
	LEUVEN_2	1
	0.465310	0
	0.000000
PRED	H-SSM	11223
	LEUVEN_2	1
	0.465310	0
	0.000000
PRED	H-SSM	11223
	LEUVEN_2	1
	0.465310	0
	0.000000
PRED	H-SSM	11223
	LEUVEN_2	1
	0.465310	0
	0.000000
PRED	H-SSM	11223
	LEUVEN_2	1
	0.465310	0
	0.000000
PRED	H-SSM	11223
	LEUVEN_2	0
	0.465310	0
	0.000000
PRED	H-SSM	11223
	LEUVEN_2	0
	0.465310	0
	0.000000
PRED	H-SSM	11223
	LEUVEN_2	0
	0.465310	0
	0.000000
PRED	H-SSM	11223
	LEUVEN_2	0
	0.465310	0
	0.000000
PRED	H-SSM	11223
	LEUVEN_2	0
	0.465310	0
	0.000000
PRED	H-SSM	11223
	OLIN	1
	0.685453	1
	0.000000
PRED	H-SSM	11223
	OLIN	1
	0.685453	1
	0.000000
PRED	H-SSM	11223
	OLIN	1
	0.685453	1
	0.000000
PRED	H-SSM	11223
	OLIN	1
	0.685453	1
	0.000000
PRED	H-SSM	11223
	OLIN	1
	0.685453	1
	0.000000
PRED	H-SSM	11223
	OLIN	0
	0.685453	1
	0.000000
PRED	H-SSM	11223
	OLIN	0
	0.685453	1
	0.000000
PRED	H-SSM	11223
	OLIN	0
	0.685453	1
	0.000000
PRED	H-SSM	11223
	OLIN	0
	0.685453	1
	0.000000
PRED	H-SSM	11223
	OLIN	0
	0.685453	1
	0.000000
PRED	H-SSM	11223
	SBL	1
	0.592919	1
	0.000000
PRED	H-SSM	11223
	SBL	1
	0.592919	1
	0.000000
PRED	H-SSM	11223
	SBL	1
	0.592919	1
	0.000000
PRED	H-SSM	11223
	SBL	1
	0.592919	1
	0.000000
PRED	H-SSM	11223
	SBL	1
	0.592919	1
	0.000000
PRED	H-SSM	11223
	SBL	0
	0.592919	1
	0.000000
PRED	H-SSM	11223
	SBL	0
	0.592919	1
	0.000000
PRED	H-SSM	11223
	SBL	0
	0.592919	1
	0.000000
PRED	H-SSM	11223
	SBL	0
	0.592919	1
	0.000000
PRED	H-SSM	11223
	SBL	0
	0.592919	1
	0.000000
PRED	H-SSM	11223
	LEUVEN_1	1
	0.379097	0
	0.000000
PRED	H-SSM	11223
	LEUVEN_1	1
	0.379097	0
	0.000000
PRED	H-SSM	11223
	LEUVEN_1	1
	0.379097	0
	0.000000
PRED	H-SSM	11223
	LEUVEN_1	1
	0.379097	0
	0.000000
PRED	H-SSM	11223
	LEUVEN_1	1
	0.379097	0
	0.000000
PRED	H-SSM	11223
	LEUVEN_1	0
	0.379097	0
	0.000000
PRED	H-SSM	11223
	LEUVEN_1	0
	0.379097	0
	0.000000
PRED	H-SSM	11223
	LEUVEN_1	0
	0.379097	0
	0.000000
PRED	H-SSM	11223
	LEUVEN_1	0
	0.379097	0
	0.000000
PRED	H-SSM	11223
	LEUVEN_1	0
	0.379097	0
	0.000000
PRED	H-SSM	11223
	SDSU	1
	0.469345	0
	0.000000
PRED	H-SSM	11223
	SDSU	1
	0.469345	0
	0.000000
PRED	H-SSM	11223
	SDSU	1
	0.469345	0
	0.000000
PRED	H-SSM	11223
	SDSU	1
	0.469345	0
	0.000000
PRED	H-SSM	11223
	SDSU	1
	0.469345	0
	0.000000
PRED	H-SSM	11223
	SDSU	0
	0.469345	0
	0.000000
PRED	H-SSM	11223
	SDSU	0
	0.469345	0
	0.000000
PRED	H-SSM	11223
	SDSU	0
	0.469345	0
	0.000000
PRED	H-SSM	11223
	SDSU	0
	0.469345	0
	0.000000
PRED	H-SSM	11223
	SDSU	0
	0.469345	0
	0.000000
PRED	H-SSM	11223
	CMU	1
	0.505787	1
	0.000000
PRED	H-SSM	11223
	CMU	1
	0.505787	1
	0.000000
PRED	H-SSM	11223
	CMU	1
	0.505787	1
	0.000000
PRED	H-SSM	11223
	CMU	1
	0.505787	1
	0.000000
PRED	H-SSM	11223
	CMU	1
	0.505787	1
	0.000000
PRED	H-SSM	11223
	CMU	0
	0.505787	1
	0.000000
PRED	H-SSM	11223
	CMU	0
	0.505787	1
	0.000000
PRED	H-SSM	11223
	CMU	0
	0.505787	1
	0.000000
PRED	H-SSM	11223
	CMU	0
	0.505787	1
	0.000000
PRED	H-SSM	11223
	CMU	0
	0.505787	1
	0.000000
PRED	H-SSM	11223
	UCLA_2	1
	0.428846	0
	0.000000
PRED	H-SSM	11223
	UCLA_2	1
	0.428846	0
	0.000000
PRED	H-SSM	11223
	UCLA_2	1
	0.428846	0
	0.000000
PRED	H-SSM	11223
	UCLA_2	1
	0.428846	0
	0.000000
PRED	H-SSM	11223
	UCLA_2	1
	0.428846	0
	0.000000
PRED	H-SSM	11223
	UCLA_2	0
	0.428846	0
	0.000000
PRED	H-SSM	11223
	UCLA_2	0
	0.428846	0
	0.000000
PRED	H-SSM	11223
	UCLA_2	0
	0.428846	0
	0.000000
PRED	H-SSM	11223
	UCLA_2	0
	0.428846	0
	0.000000
PRED	H-SSM	11223
	UCLA_2	0
	0.428846	0
	0.000000
PRED	H-SSM	11223
	UM_2	1
	0.384663	0
	0.000000
PRED	H-SSM	11223
	UM_2	1
	0.384663	0
	0.000000
PRED	H-SSM	11223
	UM_2	1
	0.384663	0
	0.000000
PRED	H-SSM	11223
	UM_2	1
	0.384663	0
	0.000000
PRED	H-SSM	11223
	UM_2	1
	0.384663	0
	0.000000
PRED	H-SSM	11223
	UM_2	0
	0.384663	0
	0.000000
PRED	H-SSM	11223
	UM_2	0
	0.384663	0
	0.000000
PRED	H-SSM	11223
	UM_2	0
	0.384663	0
	0.000000
PRED	H-SSM	11223
	UM_2	0
	0.384663	0
	0.000000
PRED	H-SSM	11223
	UM_2	0
	0.384663	0
	0.000000
PRED	H-SSM	11223
	OHSU	1
	0.360505	0
	0.000000
PRED	H-SSM	11223
	OHSU	1
	0.360505	0
	0.000000
PRED	H-SSM	11223
	OHSU	1
	0.360505	0
	0.000000
PRED	H-SSM	11223
	OHSU	1
	0.360505	0
	0.000000
PRED	H-SSM	11223
	OHSU	1
	0.360505	0
	0.000000
PRED	H-SSM	11223
	OHSU	0
	0.360505	0
	0.000000
PRED	H-SSM	11223
	OHSU	0
	0.360505	0
	0.000000
PRED	H-SSM	11223
	OHSU	0
	0.360505	0
	0.000000
PRED	H-SSM	11223
	OHSU	0
	0.360505	0
	0.000000
PRED	H-SSM	11223
	OHSU	0
	0.360505	0
	0.000000
  H-SSM    11223
   acc=50.000000% bal=50.000000% sites=20
/20
 test_n=200
 assoc=0.000000
PRED	H-SSM	44567
	NYU	1
	0.327888	0
	0.000000
PRED	H-SSM	44567
	NYU	1
	0.327888	0
	0.000000
PRED	H-SSM	44567
	NYU	1
	0.327888	0
	0.000000
PRED	H-SSM	44567
	NYU	1
	0.327888	0
	0.000000
PRED	H-SSM	44567
	NYU	1
	0.327888	0
	0.000000
PRED	H-SSM	44567
	NYU	0
	0.327888	0
	0.000000
PRED	H-SSM	44567
	NYU	0
	0.327888	0
	0.000000
PRED	H-SSM	44567
	NYU	0
	0.327888	0
	0.000000
PRED	H-SSM	44567
	NYU	0
	0.327888	0
	0.000000
PRED	H-SSM	44567
	NYU	0
	0.327888	0
	0.000000
PRED	H-SSM	44567
	UM_1	1
	0.425449	0
	0.000000
PRED	H-SSM	44567
	UM_1	1
	0.425449	0
	0.000000
PRED	H-SSM	44567
	UM_1	1
	0.425449	0
	0.000000
PRED	H-SSM	44567
	UM_1	1
	0.425449	0
	0.000000
PRED	H-SSM	44567
	UM_1	1
	0.425449	0
	0.000000
PRED	H-SSM	44567
	UM_1	0
	0.425449	0
	0.000000
PRED	H-SSM	44567
	UM_1	0
	0.425449	0
	0.000000
PRED	H-SSM	44567
	UM_1	0
	0.425449	0
	0.000000
PRED	H-SSM	44567
	UM_1	0
	0.425449	0
	0.000000
PRED	H-SSM	44567
	UM_1	0
	0.425449	0
	0.000000
PRED	H-SSM	44567
	UCLA_1	1
	0.562685	1
	0.000000
PRED	H-SSM	44567
	UCLA_1	1
	0.562685	1
	0.000000
PRED	H-SSM	44567
	UCLA_1	1
	0.562685	1
	0.000000
PRED	H-SSM	44567
	UCLA_1	1
	0.562685	1
	0.000000
PRED	H-SSM	44567
	UCLA_1	1
	0.562685	1
	0.000000
PRED	H-SSM	44567
	UCLA_1	0
	0.562685	1
	0.000000
PRED	H-SSM	44567
	UCLA_1	0
	0.562685	1
	0.000000
PRED	H-SSM	44567
	UCLA_1	0
	0.562685	1
	0.000000
PRED	H-SSM	44567
	UCLA_1	0
	0.562685	1
	0.000000
PRED	H-SSM	44567
	UCLA_1	0
	0.562685	1
	0.000000
PRED	H-SSM	44567
	YALE	1
	0.446710	0
	0.000000
PRED	H-SSM	44567
	YALE	1
	0.446710	0
	0.000000
PRED	H-SSM	44567
	YALE	1
	0.446710	0
	0.000000
PRED	H-SSM	44567
	YALE	1
	0.446710	0
	0.000000
PRED	H-SSM	44567
	YALE	1
	0.446710	0
	0.000000
PRED	H-SSM	44567
	YALE	0
	0.446710	0
	0.000000
PRED	H-SSM	44567
	YALE	0
	0.446710	0
	0.000000
PRED	H-SSM	44567
	YALE	0
	0.446710	0
	0.000000
PRED	H-SSM	44567
	YALE	0
	0.446710	0
	0.000000
PRED	H-SSM	44567
	YALE	0
	0.446710	0
	0.000000
PRED	H-SSM	44567
	PITT	1
	0.640395	1
	0.000000
PRED	H-SSM	44567
	PITT	1
	0.640395	1
	0.000000
PRED	H-SSM	44567
	PITT	1
	0.640395	1
	0.000000
PRED	H-SSM	44567
	PITT	1
	0.640395	1
	0.000000
PRED	H-SSM	44567
	PITT	1
	0.640395	1
	0.000000
PRED	H-SSM	44567
	PITT	0
	0.640395	1
	0.000000
PRED	H-SSM	44567
	PITT	0
	0.640395	1
	0.000000
PRED	H-SSM	44567
	PITT	0
	0.640395	1
	0.000000
PRED	H-SSM	44567
	PITT	0
	0.640395	1
	0.000000
PRED	H-SSM	44567
	PITT	0
	0.640395	1
	0.000000
PRED	H-SSM	44567
	USM	1
	0.425378	0
	0.000000
PRED	H-SSM	44567
	USM	1
	0.425378	0
	0.000000
PRED	H-SSM	44567
	USM	1
	0.425378	0
	0.000000
PRED	H-SSM	44567
	USM	1
	0.425378	0
	0.000000
PRED	H-SSM	44567
	USM	1
	0.425378	0
	0.000000
PRED	H-SSM	44567
	USM	0
	0.425378	0
	0.000000
PRED	H-SSM	44567
	USM	0
	0.425378	0
	0.000000
PRED	H-SSM	44567
	USM	0
	0.425378	0
	0.000000
PRED	H-SSM	44567
	USM	0
	0.425378	0
	0.000000
PRED	H-SSM	44567
	USM	0
	0.425378	0
	0.000000
PRED	H-SSM	44567
	MAX_MUN	1
	0.330169	0
	0.000000
PRED	H-SSM	44567
	MAX_MUN	1
	0.330169	0
	0.000000
PRED	H-SSM	44567
	MAX_MUN	1
	0.330169	0
	0.000000
PRED	H-SSM	44567
	MAX_MUN	1
	0.330169	0
	0.000000
PRED	H-SSM	44567
	MAX_MUN	1
	0.330169	0
	0.000000
PRED	H-SSM	44567
	MAX_MUN	0
	0.330169	0
	0.000000
PRED	H-SSM	44567
	MAX_MUN	0
	0.330169	0
	0.000000
PRED	H-SSM	44567
	MAX_MUN	0
	0.330169	0
	0.000000
PRED	H-SSM	44567
	MAX_MUN	0
	0.330169	0
	0.000000
PRED	H-SSM	44567
	MAX_MUN	0
	0.330169	0
	0.000000
PRED	H-SSM	44567
	TRINITY	1
	0.411227	0
	0.000000
PRED	H-SSM	44567
	TRINITY	1
	0.411227	0
	0.000000
PRED	H-SSM	44567
	TRINITY	1
	0.411227	0
	0.000000
PRED	H-SSM	44567
	TRINITY	1
	0.411227	0
	0.000000
PRED	H-SSM	44567
	TRINITY	1
	0.411227	0
	0.000000
PRED	H-SSM	44567
	TRINITY	0
	0.411227	0
	0.000000
PRED	H-SSM	44567
	TRINITY	0
	0.411227	0
	0.000000
PRED	H-SSM	44567
	TRINITY	0
	0.411227	0
	0.000000
PRED	H-SSM	44567
	TRINITY	0
	0.411227	0
	0.000000
PRED	H-SSM	44567
	TRINITY	0
	0.411227	0
	0.000000
PRED	H-SSM	44567
	KKI	1
	0.479306	0
	0.000000
PRED	H-SSM	44567
	KKI	1
	0.479306	0
	0.000000
PRED	H-SSM	44567
	KKI	1
	0.479306	0
	0.000000
PRED	H-SSM	44567
	KKI	1
	0.479306	0
	0.000000
PRED	H-SSM	44567
	KKI	1
	0.479306	0
	0.000000
PRED	H-SSM	44567
	KKI	0
	0.479306	0
	0.000000
PRED	H-SSM	44567
	KKI	0
	0.479306	0
	0.000000
PRED	H-SSM	44567
	KKI	0
	0.479306	0
	0.000000
PRED	H-SSM	44567
	KKI	0
	0.479306	0
	0.000000
PRED	H-SSM	44567
	KKI	0
	0.479306	0
	0.000000
PRED	H-SSM	44567
	STANFORD	1
	0.688817	1
	0.000000
PRED	H-SSM	44567
	STANFORD	1
	0.688817	1
	0.000000
PRED	H-SSM	44567
	STANFORD	1
	0.688817	1
	0.000000
PRED	H-SSM	44567
	STANFORD	1
	0.688817	1
	0.000000
PRED	H-SSM	44567
	STANFORD	1
	0.688817	1
	0.000000
PRED	H-SSM	44567
	STANFORD	0
	0.688817	1
	0.000000
PRED	H-SSM	44567
	STANFORD	0
	0.688817	1
	0.000000
PRED	H-SSM	44567
	STANFORD	0
	0.688817	1
	0.000000
PRED	H-SSM	44567
	STANFORD	0
	0.688817	1
	0.000000
PRED	H-SSM	44567
	STANFORD	0
	0.688817	1
	0.000000
PRED	H-SSM	44567
	CALTECH	1
	0.450523	0
	0.000000
PRED	H-SSM	44567
	CALTECH	1
	0.450523	0
	0.000000
PRED	H-SSM	44567
	CALTECH	1
	0.450523	0
	0.000000
PRED	H-SSM	44567
	CALTECH	1
	0.450523	0
	0.000000
PRED	H-SSM	44567
	CALTECH	1
	0.450523	0
	0.000000
PRED	H-SSM	44567
	CALTECH	0
	0.450523	0
	0.000000
PRED	H-SSM	44567
	CALTECH	0
	0.450523	0
	0.000000
PRED	H-SSM	44567
	CALTECH	0
	0.450523	0
	0.000000
PRED	H-SSM	44567
	CALTECH	0
	0.450523	0
	0.000000
PRED	H-SSM	44567
	CALTECH	0
	0.450523	0
	0.000000
PRED	H-SSM	44567
	LEUVEN_2	1
	0.450560	0
	0.000000
PRED	H-SSM	44567
	LEUVEN_2	1
	0.450560	0
	0.000000
PRED	H-SSM	44567
	LEUVEN_2	1
	0.450560	0
	0.000000
PRED	H-SSM	44567
	LEUVEN_2	1
	0.450560	0
	0.000000
PRED	H-SSM	44567
	LEUVEN_2	1
	0.450560	0
	0.000000
PRED	H-SSM	44567
	LEUVEN_2	0
	0.450560	0
	0.000000
PRED	H-SSM	44567
	LEUVEN_2	0
	0.450560	0
	0.000000
PRED	H-SSM	44567
	LEUVEN_2	0
	0.450560	0
	0.000000
PRED	H-SSM	44567
	LEUVEN_2	0
	0.450560	0
	0.000000
PRED	H-SSM	44567
	LEUVEN_2	0
	0.450560	0
	0.000000
PRED	H-SSM	44567
	OLIN	1
	0.346471	0
	0.000000
PRED	H-SSM	44567
	OLIN	1
	0.346471	0
	0.000000
PRED	H-SSM	44567
	OLIN	1
	0.346471	0
	0.000000
PRED	H-SSM	44567
	OLIN	1
	0.346471	0
	0.000000
PRED	H-SSM	44567
	OLIN	1
	0.346471	0
	0.000000
PRED	H-SSM	44567
	OLIN	0
	0.346471	0
	0.000000
PRED	H-SSM	44567
	OLIN	0
	0.346471	0
	0.000000
PRED	H-SSM	44567
	OLIN	0
	0.346471	0
	0.000000
PRED	H-SSM	44567
	OLIN	0
	0.346471	0
	0.000000
PRED	H-SSM	44567
	OLIN	0
	0.346471	0
	0.000000
PRED	H-SSM	44567
	SBL	1
	0.294840	0
	0.000000
PRED	H-SSM	44567
	SBL	1
	0.294840	0
	0.000000
PRED	H-SSM	44567
	SBL	1
	0.294840	0
	0.000000
PRED	H-SSM	44567
	SBL	1
	0.294840	0
	0.000000
PRED	H-SSM	44567
	SBL	1
	0.294840	0
	0.000000
PRED	H-SSM	44567
	SBL	0
	0.294840	0
	0.000000
PRED	H-SSM	44567
	SBL	0
	0.294840	0
	0.000000
PRED	H-SSM	44567
	SBL	0
	0.294840	0
	0.000000
PRED	H-SSM	44567
	SBL	0
	0.294840	0
	0.000000
PRED	H-SSM	44567
	SBL	0
	0.294840	0
	0.000000
PRED	H-SSM	44567
	LEUVEN_1	1
	0.613403	1
	0.000000
PRED	H-SSM	44567
	LEUVEN_1	1
	0.613403	1
	0.000000
PRED	H-SSM	44567
	LEUVEN_1	1
	0.613403	1
	0.000000
PRED	H-SSM	44567
	LEUVEN_1	1
	0.613403	1
	0.000000
PRED	H-SSM	44567
	LEUVEN_1	1
	0.613403	1
	0.000000
PRED	H-SSM	44567
	LEUVEN_1	0
	0.613403	1
	0.000000
PRED	H-SSM	44567
	LEUVEN_1	0
	0.613403	1
	0.000000
PRED	H-SSM	44567
	LEUVEN_1	0
	0.613403	1
	0.000000
PRED	H-SSM	44567
	LEUVEN_1	0
	0.613403	1
	0.000000
PRED	H-SSM	44567
	LEUVEN_1	0
	0.613403	1
	0.000000
PRED	H-SSM	44567
	SDSU	1
	0.507078	1
	0.000000
PRED	H-SSM	44567
	SDSU	1
	0.507078	1
	0.000000
PRED	H-SSM	44567
	SDSU	1
	0.507078	1
	0.000000
PRED	H-SSM	44567
	SDSU	1
	0.507078	1
	0.000000
PRED	H-SSM	44567
	SDSU	1
	0.507078	1
	0.000000
PRED	H-SSM	44567
	SDSU	0
	0.507078	1
	0.000000
PRED	H-SSM	44567
	SDSU	0
	0.507078	1
	0.000000
PRED	H-SSM	44567
	SDSU	0
	0.507078	1
	0.000000
PRED	H-SSM	44567
	SDSU	0
	0.507078	1
	0.000000
PRED	H-SSM	44567
	SDSU	0
	0.507078	1
	0.000000
PRED	H-SSM	44567
	CMU	1
	0.676842	1
	0.000000
PRED	H-SSM	44567
	CMU	1
	0.676842	1
	0.000000
PRED	H-SSM	44567
	CMU	1
	0.676842	1
	0.000000
PRED	H-SSM	44567
	CMU	1
	0.676842	1
	0.000000
PRED	H-SSM	44567
	CMU	1
	0.676842	1
	0.000000
PRED	H-SSM	44567
	CMU	0
	0.676842	1
	0.000000
PRED	H-SSM	44567
	CMU	0
	0.676842	1
	0.000000
PRED	H-SSM	44567
	CMU	0
	0.676842	1
	0.000000
PRED	H-SSM	44567
	CMU	0
	0.676842	1
	0.000000
PRED	H-SSM	44567
	CMU	0
	0.676842	1
	0.000000
PRED	H-SSM	44567
	UCLA_2	1
	0.333946	0
	0.000000
PRED	H-SSM	44567
	UCLA_2	1
	0.333946	0
	0.000000
PRED	H-SSM	44567
	UCLA_2	1
	0.333946	0
	0.000000
PRED	H-SSM	44567
	UCLA_2	1
	0.333946	0
	0.000000
PRED	H-SSM	44567
	UCLA_2	1
	0.333946	0
	0.000000
PRED	H-SSM	44567
	UCLA_2	0
	0.333946	0
	0.000000
PRED	H-SSM	44567
	UCLA_2	0
	0.333946	0
	0.000000
PRED	H-SSM	44567
	UCLA_2	0
	0.333946	0
	0.000000
PRED	H-SSM	44567
	UCLA_2	0
	0.333946	0
	0.000000
PRED	H-SSM	44567
	UCLA_2	0
	0.333946	0
	0.000000
PRED	H-SSM	44567
	UM_2	1
	0.383193	0
	0.000000
PRED	H-SSM	44567
	UM_2	1
	0.383193	0
	0.000000
PRED	H-SSM	44567
	UM_2	1
	0.383193	0
	0.000000
PRED	H-SSM	44567
	UM_2	1
	0.383193	0
	0.000000
PRED	H-SSM	44567
	UM_2	1
	0.383193	0
	0.000000
PRED	H-SSM	44567
	UM_2	0
	0.383193	0
	0.000000
PRED	H-SSM	44567
	UM_2	0
	0.383193	0
	0.000000
PRED	H-SSM	44567
	UM_2	0
	0.383193	0
	0.000000
PRED	H-SSM	44567
	UM_2	0
	0.383193	0
	0.000000
PRED	H-SSM	44567
	UM_2	0
	0.383193	0
	0.000000
PRED	H-SSM	44567
	OHSU	1
	0.620571	1
	0.000000
PRED	H-SSM	44567
	OHSU	1
	0.620571	1
	0.000000
PRED	H-SSM	44567
	OHSU	1
	0.620571	1
	0.000000
PRED	H-SSM	44567
	OHSU	1
	0.620571	1
	0.000000
PRED	H-SSM	44567
	OHSU	1
	0.620571	1
	0.000000
PRED	H-SSM	44567
	OHSU	0
	0.620571	1
	0.000000
PRED	H-SSM	44567
	OHSU	0
	0.620571	1
	0.000000
PRED	H-SSM	44567
	OHSU	0
	0.620571	1
	0.000000
PRED	H-SSM	44567
	OHSU	0
	0.620571	1
	0.000000
PRED	H-SSM	44567
	OHSU	0
	0.620571	1
	0.000000
  H-SSM    44567
   acc=50.000000% bal=50.000000% sites=20
/20
 test_n=200
 assoc=0.000000
PRED	H-SSM	77889
	NYU	1
	0.480901	0
	0.000000
PRED	H-SSM	77889
	NYU	1
	0.480901	0
	0.000000
PRED	H-SSM	77889
	NYU	1
	0.480901	0
	0.000000
PRED	H-SSM	77889
	NYU	1
	0.480901	0
	0.000000
PRED	H-SSM	77889
	NYU	1
	0.480901	0
	0.000000
PRED	H-SSM	77889
	NYU	0
	0.480901	0
	0.000000
PRED	H-SSM	77889
	NYU	0
	0.480901	0
	0.000000
PRED	H-SSM	77889
	NYU	0
	0.480901	0
	0.000000
PRED	H-SSM	77889
	NYU	0
	0.480901	0
	0.000000
PRED	H-SSM	77889
	NYU	0
	0.480901	0
	0.000000
PRED	H-SSM	77889
	UM_1	1
	0.647300	1
	0.000000
PRED	H-SSM	77889
	UM_1	1
	0.647300	1
	0.000000
PRED	H-SSM	77889
	UM_1	1
	0.647300	1
	0.000000
PRED	H-SSM	77889
	UM_1	1
	0.647300	1
	0.000000
PRED	H-SSM	77889
	UM_1	1
	0.647300	1
	0.000000
PRED	H-SSM	77889
	UM_1	0
	0.647300	1
	0.000000
PRED	H-SSM	77889
	UM_1	0
	0.647300	1
	0.000000
PRED	H-SSM	77889
	UM_1	0
	0.647300	1
	0.000000
PRED	H-SSM	77889
	UM_1	0
	0.647300	1
	0.000000
PRED	H-SSM	77889
	UM_1	0
	0.647300	1
	0.000000
PRED	H-SSM	77889
	UCLA_1	1
	0.325677	0
	0.000000
PRED	H-SSM	77889
	UCLA_1	1
	0.325677	0
	0.000000
PRED	H-SSM	77889
	UCLA_1	1
	0.325677	0
	0.000000
PRED	H-SSM	77889
	UCLA_1	1
	0.325677	0
	0.000000
PRED	H-SSM	77889
	UCLA_1	1
	0.325677	0
	0.000000
PRED	H-SSM	77889
	UCLA_1	0
	0.325677	0
	0.000000
PRED	H-SSM	77889
	UCLA_1	0
	0.325677	0
	0.000000
PRED	H-SSM	77889
	UCLA_1	0
	0.325677	0
	0.000000
PRED	H-SSM	77889
	UCLA_1	0
	0.325677	0
	0.000000
PRED	H-SSM	77889
	UCLA_1	0
	0.325677	0
	0.000000
PRED	H-SSM	77889
	YALE	1
	0.453850	0
	0.000000
PRED	H-SSM	77889
	YALE	1
	0.453850	0
	0.000000
PRED	H-SSM	77889
	YALE	1
	0.453850	0
	0.000000
PRED	H-SSM	77889
	YALE	1
	0.453850	0
	0.000000
PRED	H-SSM	77889
	YALE	1
	0.453850	0
	0.000000
PRED	H-SSM	77889
	YALE	0
	0.453850	0
	0.000000
PRED	H-SSM	77889
	YALE	0
	0.453850	0
	0.000000
PRED	H-SSM	77889
	YALE	0
	0.453850	0
	0.000000
PRED	H-SSM	77889
	YALE	0
	0.453850	0
	0.000000
PRED	H-SSM	77889
	YALE	0
	0.453850	0
	0.000000
PRED	H-SSM	77889
	PITT	1
	0.683394	1
	0.000000
PRED	H-SSM	77889
	PITT	1
	0.683394	1
	0.000000
PRED	H-SSM	77889
	PITT	1
	0.683394	1
	0.000000
PRED	H-SSM	77889
	PITT	1
	0.683394	1
	0.000000
PRED	H-SSM	77889
	PITT	1
	0.683394	1
	0.000000
PRED	H-SSM	77889
	PITT	0
	0.683394	1
	0.000000
PRED	H-SSM	77889
	PITT	0
	0.683394	1
	0.000000
PRED	H-SSM	77889
	PITT	0
	0.683394	1
	0.000000
PRED	H-SSM	77889
	PITT	0
	0.683394	1
	0.000000
PRED	H-SSM	77889
	PITT	0
	0.683394	1
	0.000000
PRED	H-SSM	77889
	USM	1
	0.561744	1
	0.000000
PRED	H-SSM	77889
	USM	1
	0.561744	1
	0.000000
PRED	H-SSM	77889
	USM	1
	0.561744	1
	0.000000
PRED	H-SSM	77889
	USM	1
	0.561744	1
	0.000000
PRED	H-SSM	77889
	USM	1
	0.561744	1
	0.000000
PRED	H-SSM	77889
	USM	0
	0.561744	1
	0.000000
PRED	H-SSM	77889
	USM	0
	0.561744	1
	0.000000
PRED	H-SSM	77889
	USM	0
	0.561744	1
	0.000000
PRED	H-SSM	77889
	USM	0
	0.561744	1
	0.000000
PRED	H-SSM	77889
	USM	0
	0.561744	1
	0.000000
PRED	H-SSM	77889
	MAX_MUN	1
	0.496462	0
	0.000000
PRED	H-SSM	77889
	MAX_MUN	1
	0.496462	0
	0.000000
PRED	H-SSM	77889
	MAX_MUN	1
	0.496462	0
	0.000000
PRED	H-SSM	77889
	MAX_MUN	1
	0.496462	0
	0.000000
PRED	H-SSM	77889
	MAX_MUN	1
	0.496462	0
	0.000000
PRED	H-SSM	77889
	MAX_MUN	0
	0.496462	0
	0.000000
PRED	H-SSM	77889
	MAX_MUN	0
	0.496462	0
	0.000000
PRED	H-SSM	77889
	MAX_MUN	0
	0.496462	0
	0.000000
PRED	H-SSM	77889
	MAX_MUN	0
	0.496462	0
	0.000000
PRED	H-SSM	77889
	MAX_MUN	0
	0.496462	0
	0.000000
PRED	H-SSM	77889
	TRINITY	1
	0.536690	1
	0.000000
PRED	H-SSM	77889
	TRINITY	1
	0.536690	1
	0.000000
PRED	H-SSM	77889
	TRINITY	1
	0.536690	1
	0.000000
PRED	H-SSM	77889
	TRINITY	1
	0.536690	1
	0.000000
PRED	H-SSM	77889
	TRINITY	1
	0.536690	1
	0.000000
PRED	H-SSM	77889
	TRINITY	0
	0.536690	1
	0.000000
PRED	H-SSM	77889
	TRINITY	0
	0.536690	1
	0.000000
PRED	H-SSM	77889
	TRINITY	0
	0.536690	1
	0.000000
PRED	H-SSM	77889
	TRINITY	0
	0.536690	1
	0.000000
PRED	H-SSM	77889
	TRINITY	0
	0.536690	1
	0.000000
PRED	H-SSM	77889
	KKI	1
	0.456304	0
	0.000000
PRED	H-SSM	77889
	KKI	1
	0.456304	0
	0.000000
PRED	H-SSM	77889
	KKI	1
	0.456304	0
	0.000000
PRED	H-SSM	77889
	KKI	1
	0.456304	0
	0.000000
PRED	H-SSM	77889
	KKI	1
	0.456304	0
	0.000000
PRED	H-SSM	77889
	KKI	0
	0.456304	0
	0.000000
PRED	H-SSM	77889
	KKI	0
	0.456304	0
	0.000000
PRED	H-SSM	77889
	KKI	0
	0.456304	0
	0.000000
PRED	H-SSM	77889
	KKI	0
	0.456304	0
	0.000000
PRED	H-SSM	77889
	KKI	0
	0.456304	0
	0.000000
PRED	H-SSM	77889
	STANFORD	1
	0.289562	0
	0.000000
PRED	H-SSM	77889
	STANFORD	1
	0.289562	0
	0.000000
PRED	H-SSM	77889
	STANFORD	1
	0.289562	0
	0.000000
PRED	H-SSM	77889
	STANFORD	1
	0.289562	0
	0.000000
PRED	H-SSM	77889
	STANFORD	1
	0.289562	0
	0.000000
PRED	H-SSM	77889
	STANFORD	0
	0.289562	0
	0.000000
PRED	H-SSM	77889
	STANFORD	0
	0.289562	0
	0.000000
PRED	H-SSM	77889
	STANFORD	0
	0.289562	0
	0.000000
PRED	H-SSM	77889
	STANFORD	0
	0.289562	0
	0.000000
PRED	H-SSM	77889
	STANFORD	0
	0.289562	0
	0.000000
PRED	H-SSM	77889
	CALTECH	1
	0.450309	0
	0.000000
PRED	H-SSM	77889
	CALTECH	1
	0.450309	0
	0.000000
PRED	H-SSM	77889
	CALTECH	1
	0.450309	0
	0.000000
PRED	H-SSM	77889
	CALTECH	1
	0.450309	0
	0.000000
PRED	H-SSM	77889
	CALTECH	1
	0.450309	0
	0.000000
PRED	H-SSM	77889
	CALTECH	0
	0.450309	0
	0.000000
PRED	H-SSM	77889
	CALTECH	0
	0.450309	0
	0.000000
PRED	H-SSM	77889
	CALTECH	0
	0.450309	0
	0.000000
PRED	H-SSM	77889
	CALTECH	0
	0.450309	0
	0.000000
PRED	H-SSM	77889
	CALTECH	0
	0.450309	0
	0.000000
PRED	H-SSM	77889
	LEUVEN_2	1
	0.289457	0
	0.000000
PRED	H-SSM	77889
	LEUVEN_2	1
	0.289457	0
	0.000000
PRED	H-SSM	77889
	LEUVEN_2	1
	0.289457	0
	0.000000
PRED	H-SSM	77889
	LEUVEN_2	1
	0.289457	0
	0.000000
PRED	H-SSM	77889
	LEUVEN_2	1
	0.289457	0
	0.000000
PRED	H-SSM	77889
	LEUVEN_2	0
	0.289457	0
	0.000000
PRED	H-SSM	77889
	LEUVEN_2	0
	0.289457	0
	0.000000
PRED	H-SSM	77889
	LEUVEN_2	0
	0.289457	0
	0.000000
PRED	H-SSM	77889
	LEUVEN_2	0
	0.289457	0
	0.000000
PRED	H-SSM	77889
	LEUVEN_2	0
	0.289457	0
	0.000000
PRED	H-SSM	77889
	OLIN	1
	0.478345	0
	0.000000
PRED	H-SSM	77889
	OLIN	1
	0.478345	0
	0.000000
PRED	H-SSM	77889
	OLIN	1
	0.478345	0
	0.000000
PRED	H-SSM	77889
	OLIN	1
	0.478345	0
	0.000000
PRED	H-SSM	77889
	OLIN	1
	0.478345	0
	0.000000
PRED	H-SSM	77889
	OLIN	0
	0.478345	0
	0.000000
PRED	H-SSM	77889
	OLIN	0
	0.478345	0
	0.000000
PRED	H-SSM	77889
	OLIN	0
	0.478345	0
	0.000000
PRED	H-SSM	77889
	OLIN	0
	0.478345	0
	0.000000
PRED	H-SSM	77889
	OLIN	0
	0.478345	0
	0.000000
PRED	H-SSM	77889
	SBL	1
	0.559446	1
	0.000000
PRED	H-SSM	77889
	SBL	1
	0.559446	1
	0.000000
PRED	H-SSM	77889
	SBL	1
	0.559446	1
	0.000000
PRED	H-SSM	77889
	SBL	1
	0.559446	1
	0.000000
PRED	H-SSM	77889
	SBL	1
	0.559446	1
	0.000000
PRED	H-SSM	77889
	SBL	0
	0.559446	1
	0.000000
PRED	H-SSM	77889
	SBL	0
	0.559446	1
	0.000000
PRED	H-SSM	77889
	SBL	0
	0.559446	1
	0.000000
PRED	H-SSM	77889
	SBL	0
	0.559446	1
	0.000000
PRED	H-SSM	77889
	SBL	0
	0.559446	1
	0.000000
PRED	H-SSM	77889
	LEUVEN_1	1
	0.477154	0
	0.000000
PRED	H-SSM	77889
	LEUVEN_1	1
	0.477154	0
	0.000000
PRED	H-SSM	77889
	LEUVEN_1	1
	0.477154	0
	0.000000
PRED	H-SSM	77889
	LEUVEN_1	1
	0.477154	0
	0.000000
PRED	H-SSM	77889
	LEUVEN_1	1
	0.477154	0
	0.000000
PRED	H-SSM	77889
	LEUVEN_1	0
	0.477154	0
	0.000000
PRED	H-SSM	77889
	LEUVEN_1	0
	0.477154	0
	0.000000
PRED	H-SSM	77889
	LEUVEN_1	0
	0.477154	0
	0.000000
PRED	H-SSM	77889
	LEUVEN_1	0
	0.477154	0
	0.000000
PRED	H-SSM	77889
	LEUVEN_1	0
	0.477154	0
	0.000000
PRED	H-SSM	77889
	SDSU	1
	0.428403	0
	0.000000
PRED	H-SSM	77889
	SDSU	1
	0.428403	0
	0.000000
PRED	H-SSM	77889
	SDSU	1
	0.428403	0
	0.000000
PRED	H-SSM	77889
	SDSU	1
	0.428403	0
	0.000000
PRED	H-SSM	77889
	SDSU	1
	0.428403	0
	0.000000
PRED	H-SSM	77889
	SDSU	0
	0.428403	0
	0.000000
PRED	H-SSM	77889
	SDSU	0
	0.428403	0
	0.000000
PRED	H-SSM	77889
	SDSU	0
	0.428403	0
	0.000000
PRED	H-SSM	77889
	SDSU	0
	0.428403	0
	0.000000
PRED	H-SSM	77889
	SDSU	0
	0.428403	0
	0.000000
PRED	H-SSM	77889
	CMU	1
	0.534869	1
	0.000000
PRED	H-SSM	77889
	CMU	1
	0.534869	1
	0.000000
PRED	H-SSM	77889
	CMU	1
	0.534869	1
	0.000000
PRED	H-SSM	77889
	CMU	1
	0.534869	1
	0.000000
PRED	H-SSM	77889
	CMU	1
	0.534869	1
	0.000000
PRED	H-SSM	77889
	CMU	0
	0.534869	1
	0.000000
PRED	H-SSM	77889
	CMU	0
	0.534869	1
	0.000000
PRED	H-SSM	77889
	CMU	0
	0.534869	1
	0.000000
PRED	H-SSM	77889
	CMU	0
	0.534869	1
	0.000000
PRED	H-SSM	77889
	CMU	0
	0.534869	1
	0.000000
PRED	H-SSM	77889
	UCLA_2	1
	0.346023	0
	0.000000
PRED	H-SSM	77889
	UCLA_2	1
	0.346023	0
	0.000000
PRED	H-SSM	77889
	UCLA_2	1
	0.346023	0
	0.000000
PRED	H-SSM	77889
	UCLA_2	1
	0.346023	0
	0.000000
PRED	H-SSM	77889
	UCLA_2	1
	0.346023	0
	0.000000
PRED	H-SSM	77889
	UCLA_2	0
	0.346023	0
	0.000000
PRED	H-SSM	77889
	UCLA_2	0
	0.346023	0
	0.000000
PRED	H-SSM	77889
	UCLA_2	0
	0.346023	0
	0.000000
PRED	H-SSM	77889
	UCLA_2	0
	0.346023	0
	0.000000
PRED	H-SSM	77889
	UCLA_2	0
	0.346023	0
	0.000000
PRED	H-SSM	77889
	UM_2	1
	0.779180	1
	0.000000
PRED	H-SSM	77889
	UM_2	1
	0.779180	1
	0.000000
PRED	H-SSM	77889
	UM_2	1
	0.779180	1
	0.000000
PRED	H-SSM	77889
	UM_2	1
	0.779180	1
	0.000000
PRED	H-SSM	77889
	UM_2	1
	0.779180	1
	0.000000
PRED	H-SSM	77889
	UM_2	0
	0.779180	1
	0.000000
PRED	H-SSM	77889
	UM_2	0
	0.779180	1
	0.000000
PRED	H-SSM	77889
	UM_2	0
	0.779180	1
	0.000000
PRED	H-SSM	77889
	UM_2	0
	0.779180	1
	0.000000
PRED	H-SSM	77889
	UM_2	0
	0.779180	1
	0.000000
PRED	H-SSM	77889
	OHSU	1
	0.559620	1
	0.000000
PRED	H-SSM	77889
	OHSU	1
	0.559620	1
	0.000000
PRED	H-SSM	77889
	OHSU	1
	0.559620	1
	0.000000
PRED	H-SSM	77889
	OHSU	1
	0.559620	1
	0.000000
PRED	H-SSM	77889
	OHSU	1
	0.559620	1
	0.000000
PRED	H-SSM	77889
	OHSU	0
	0.559620	1
	0.000000
PRED	H-SSM	77889
	OHSU	0
	0.559620	1
	0.000000
PRED	H-SSM	77889
	OHSU	0
	0.559620	1
	0.000000
PRED	H-SSM	77889
	OHSU	0
	0.559620	1
	0.000000
PRED	H-SSM	77889
	OHSU	0
	0.559620	1
	0.000000
  H-SSM    77889
   acc=50.000000% bal=50.000000% sites=20
/20
 test_n=200
 assoc=0.000000
PRED	H-SSM	99001
	NYU	1
	0.534087	1
	0.000000
PRED	H-SSM	99001
	NYU	1
	0.534087	1
	0.000000
PRED	H-SSM	99001
	NYU	1
	0.534087	1
	0.000000
PRED	H-SSM	99001
	NYU	1
	0.534087	1
	0.000000
PRED	H-SSM	99001
	NYU	1
	0.534087	1
	0.000000
PRED	H-SSM	99001
	NYU	0
	0.534087	1
	0.000000
PRED	H-SSM	99001
	NYU	0
	0.534087	1
	0.000000
PRED	H-SSM	99001
	NYU	0
	0.534087	1
	0.000000
PRED	H-SSM	99001
	NYU	0
	0.534087	1
	0.000000
PRED	H-SSM	99001
	NYU	0
	0.534087	1
	0.000000
PRED	H-SSM	99001
	UM_1	1
	0.561180	1
	0.000000
PRED	H-SSM	99001
	UM_1	1
	0.561180	1
	0.000000
PRED	H-SSM	99001
	UM_1	1
	0.561180	1
	0.000000
PRED	H-SSM	99001
	UM_1	1
	0.561180	1
	0.000000
PRED	H-SSM	99001
	UM_1	1
	0.561180	1
	0.000000
PRED	H-SSM	99001
	UM_1	0
	0.561180	1
	0.000000
PRED	H-SSM	99001
	UM_1	0
	0.561180	1
	0.000000
PRED	H-SSM	99001
	UM_1	0
	0.561180	1
	0.000000
PRED	H-SSM	99001
	UM_1	0
	0.561180	1
	0.000000
PRED	H-SSM	99001
	UM_1	0
	0.561180	1
	0.000000
PRED	H-SSM	99001
	UCLA_1	1
	0.520300	1
	0.000000
PRED	H-SSM	99001
	UCLA_1	1
	0.520300	1
	0.000000
PRED	H-SSM	99001
	UCLA_1	1
	0.520300	1
	0.000000
PRED	H-SSM	99001
	UCLA_1	1
	0.520300	1
	0.000000
PRED	H-SSM	99001
	UCLA_1	1
	0.520300	1
	0.000000
PRED	H-SSM	99001
	UCLA_1	0
	0.520300	1
	0.000000
PRED	H-SSM	99001
	UCLA_1	0
	0.520300	1
	0.000000
PRED	H-SSM	99001
	UCLA_1	0
	0.520300	1
	0.000000
PRED	H-SSM	99001
	UCLA_1	0
	0.520300	1
	0.000000
PRED	H-SSM	99001
	UCLA_1	0
	0.520300	1
	0.000000
PRED	H-SSM	99001
	YALE	1
	0.463691	0
	0.000000
PRED	H-SSM	99001
	YALE	1
	0.463691	0
	0.000000
PRED	H-SSM	99001
	YALE	1
	0.463691	0
	0.000000
PRED	H-SSM	99001
	YALE	1
	0.463691	0
	0.000000
PRED	H-SSM	99001
	YALE	1
	0.463691	0
	0.000000
PRED	H-SSM	99001
	YALE	0
	0.463691	0
	0.000000
PRED	H-SSM	99001
	YALE	0
	0.463691	0
	0.000000
PRED	H-SSM	99001
	YALE	0
	0.463691	0
	0.000000
PRED	H-SSM	99001
	YALE	0
	0.463691	0
	0.000000
PRED	H-SSM	99001
	YALE	0
	0.463691	0
	0.000000
PRED	H-SSM	99001
	PITT	1
	0.513895	1
	0.000000
PRED	H-SSM	99001
	PITT	1
	0.513895	1
	0.000000
PRED	H-SSM	99001
	PITT	1
	0.513895	1
	0.000000
PRED	H-SSM	99001
	PITT	1
	0.513895	1
	0.000000
PRED	H-SSM	99001
	PITT	1
	0.513895	1
	0.000000
PRED	H-SSM	99001
	PITT	0
	0.513895	1
	0.000000
PRED	H-SSM	99001
	PITT	0
	0.513895	1
	0.000000
PRED	H-SSM	99001
	PITT	0
	0.513895	1
	0.000000
PRED	H-SSM	99001
	PITT	0
	0.513895	1
	0.000000
PRED	H-SSM	99001
	PITT	0
	0.513895	1
	0.000000
PRED	H-SSM	99001
	USM	1
	0.475366	0
	0.000000
PRED	H-SSM	99001
	USM	1
	0.475366	0
	0.000000
PRED	H-SSM	99001
	USM	1
	0.475366	0
	0.000000
PRED	H-SSM	99001
	USM	1
	0.475366	0
	0.000000
PRED	H-SSM	99001
	USM	1
	0.475366	0
	0.000000
PRED	H-SSM	99001
	USM	0
	0.475366	0
	0.000000
PRED	H-SSM	99001
	USM	0
	0.475366	0
	0.000000
PRED	H-SSM	99001
	USM	0
	0.475366	0
	0.000000
PRED	H-SSM	99001
	USM	0
	0.475366	0
	0.000000
PRED	H-SSM	99001
	USM	0
	0.475366	0
	0.000000
PRED	H-SSM	99001
	MAX_MUN	1
	0.330117	0
	0.000000
PRED	H-SSM	99001
	MAX_MUN	1
	0.330117	0
	0.000000
PRED	H-SSM	99001
	MAX_MUN	1
	0.330117	0
	0.000000
PRED	H-SSM	99001
	MAX_MUN	1
	0.330117	0
	0.000000
PRED	H-SSM	99001
	MAX_MUN	1
	0.330117	0
	0.000000
PRED	H-SSM	99001
	MAX_MUN	0
	0.330117	0
	0.000000
PRED	H-SSM	99001
	MAX_MUN	0
	0.330117	0
	0.000000
PRED	H-SSM	99001
	MAX_MUN	0
	0.330117	0
	0.000000
PRED	H-SSM	99001
	MAX_MUN	0
	0.330117	0
	0.000000
PRED	H-SSM	99001
	MAX_MUN	0
	0.330117	0
	0.000000
PRED	H-SSM	99001
	TRINITY	1
	0.628892	1
	0.000000
PRED	H-SSM	99001
	TRINITY	1
	0.628892	1
	0.000000
PRED	H-SSM	99001
	TRINITY	1
	0.628892	1
	0.000000
PRED	H-SSM	99001
	TRINITY	1
	0.628892	1
	0.000000
PRED	H-SSM	99001
	TRINITY	1
	0.628892	1
	0.000000
PRED	H-SSM	99001
	TRINITY	0
	0.628892	1
	0.000000
PRED	H-SSM	99001
	TRINITY	0
	0.628892	1
	0.000000
PRED	H-SSM	99001
	TRINITY	0
	0.628892	1
	0.000000
PRED	H-SSM	99001
	TRINITY	0
	0.628892	1
	0.000000
PRED	H-SSM	99001
	TRINITY	0
	0.628892	1
	0.000000
PRED	H-SSM	99001
	KKI	1
	0.731621	1
	0.000000
PRED	H-SSM	99001
	KKI	1
	0.731621	1
	0.000000
PRED	H-SSM	99001
	KKI	1
	0.731621	1
	0.000000
PRED	H-SSM	99001
	KKI	1
	0.731621	1
	0.000000
PRED	H-SSM	99001
	KKI	1
	0.731621	1
	0.000000
PRED	H-SSM	99001
	KKI	0
	0.731621	1
	0.000000
PRED	H-SSM	99001
	KKI	0
	0.731621	1
	0.000000
PRED	H-SSM	99001
	KKI	0
	0.731621	1
	0.000000
PRED	H-SSM	99001
	KKI	0
	0.731621	1
	0.000000
PRED	H-SSM	99001
	KKI	0
	0.731621	1
	0.000000
PRED	H-SSM	99001
	STANFORD	1
	0.449438	0
	0.000000
PRED	H-SSM	99001
	STANFORD	1
	0.449438	0
	0.000000
PRED	H-SSM	99001
	STANFORD	1
	0.449438	0
	0.000000
PRED	H-SSM	99001
	STANFORD	1
	0.449438	0
	0.000000
PRED	H-SSM	99001
	STANFORD	1
	0.449438	0
	0.000000
PRED	H-SSM	99001
	STANFORD	0
	0.449438	0
	0.000000
PRED	H-SSM	99001
	STANFORD	0
	0.449438	0
	0.000000
PRED	H-SSM	99001
	STANFORD	0
	0.449438	0
	0.000000
PRED	H-SSM	99001
	STANFORD	0
	0.449438	0
	0.000000
PRED	H-SSM	99001
	STANFORD	0
	0.449438	0
	0.000000
PRED	H-SSM	99001
	CALTECH	1
	0.386380	0
	0.000000
PRED	H-SSM	99001
	CALTECH	1
	0.386380	0
	0.000000
PRED	H-SSM	99001
	CALTECH	1
	0.386380	0
	0.000000
PRED	H-SSM	99001
	CALTECH	1
	0.386380	0
	0.000000
PRED	H-SSM	99001
	CALTECH	1
	0.386380	0
	0.000000
PRED	H-SSM	99001
	CALTECH	0
	0.386380	0
	0.000000
PRED	H-SSM	99001
	CALTECH	0
	0.386380	0
	0.000000
PRED	H-SSM	99001
	CALTECH	0
	0.386380	0
	0.000000
PRED	H-SSM	99001
	CALTECH	0
	0.386380	0
	0.000000
PRED	H-SSM	99001
	CALTECH	0
	0.386380	0
	0.000000
PRED	H-SSM	99001
	LEUVEN_2	1
	0.521561	1
	0.000000
PRED	H-SSM	99001
	LEUVEN_2	1
	0.521561	1
	0.000000
PRED	H-SSM	99001
	LEUVEN_2	1
	0.521561	1
	0.000000
PRED	H-SSM	99001
	LEUVEN_2	1
	0.521561	1
	0.000000
PRED	H-SSM	99001
	LEUVEN_2	1
	0.521561	1
	0.000000
PRED	H-SSM	99001
	LEUVEN_2	0
	0.521561	1
	0.000000
PRED	H-SSM	99001
	LEUVEN_2	0
	0.521561	1
	0.000000
PRED	H-SSM	99001
	LEUVEN_2	0
	0.521561	1
	0.000000
PRED	H-SSM	99001
	LEUVEN_2	0
	0.521561	1
	0.000000
PRED	H-SSM	99001
	LEUVEN_2	0
	0.521561	1
	0.000000
PRED	H-SSM	99001
	OLIN	1
	0.415993	0
	0.000000
PRED	H-SSM	99001
	OLIN	1
	0.415993	0
	0.000000
PRED	H-SSM	99001
	OLIN	1
	0.415993	0
	0.000000
PRED	H-SSM	99001
	OLIN	1
	0.415993	0
	0.000000
PRED	H-SSM	99001
	OLIN	1
	0.415993	0
	0.000000
PRED	H-SSM	99001
	OLIN	0
	0.415993	0
	0.000000
PRED	H-SSM	99001
	OLIN	0
	0.415993	0
	0.000000
PRED	H-SSM	99001
	OLIN	0
	0.415993	0
	0.000000
PRED	H-SSM	99001
	OLIN	0
	0.415993	0
	0.000000
PRED	H-SSM	99001
	OLIN	0
	0.415993	0
	0.000000
PRED	H-SSM	99001
	SBL	1
	0.485785	0
	0.000000
PRED	H-SSM	99001
	SBL	1
	0.485785	0
	0.000000
PRED	H-SSM	99001
	SBL	1
	0.485785	0
	0.000000
PRED	H-SSM	99001
	SBL	1
	0.485785	0
	0.000000
PRED	H-SSM	99001
	SBL	1
	0.485785	0
	0.000000
PRED	H-SSM	99001
	SBL	0
	0.485785	0
	0.000000
PRED	H-SSM	99001
	SBL	0
	0.485785	0
	0.000000
PRED	H-SSM	99001
	SBL	0
	0.485785	0
	0.000000
PRED	H-SSM	99001
	SBL	0
	0.485785	0
	0.000000
PRED	H-SSM	99001
	SBL	0
	0.485785	0
	0.000000
PRED	H-SSM	99001
	LEUVEN_1	1
	0.558473	1
	0.000000
PRED	H-SSM	99001
	LEUVEN_1	1
	0.558473	1
	0.000000
PRED	H-SSM	99001
	LEUVEN_1	1
	0.558473	1
	0.000000
PRED	H-SSM	99001
	LEUVEN_1	1
	0.558473	1
	0.000000
PRED	H-SSM	99001
	LEUVEN_1	1
	0.558473	1
	0.000000
PRED	H-SSM	99001
	LEUVEN_1	0
	0.558473	1
	0.000000
PRED	H-SSM	99001
	LEUVEN_1	0
	0.558473	1
	0.000000
PRED	H-SSM	99001
	LEUVEN_1	0
	0.558473	1
	0.000000
PRED	H-SSM	99001
	LEUVEN_1	0
	0.558473	1
	0.000000
PRED	H-SSM	99001
	LEUVEN_1	0
	0.558473	1
	0.000000
PRED	H-SSM	99001
	SDSU	1
	0.444803	0
	0.000000
PRED	H-SSM	99001
	SDSU	1
	0.444803	0
	0.000000
PRED	H-SSM	99001
	SDSU	1
	0.444803	0
	0.000000
PRED	H-SSM	99001
	SDSU	1
	0.444803	0
	0.000000
PRED	H-SSM	99001
	SDSU	1
	0.444803	0
	0.000000
PRED	H-SSM	99001
	SDSU	0
	0.444803	0
	0.000000
PRED	H-SSM	99001
	SDSU	0
	0.444803	0
	0.000000
PRED	H-SSM	99001
	SDSU	0
	0.444803	0
	0.000000
PRED	H-SSM	99001
	SDSU	0
	0.444803	0
	0.000000
PRED	H-SSM	99001
	SDSU	0
	0.444803	0
	0.000000
PRED	H-SSM	99001
	CMU	1
	0.502270	1
	0.000000
PRED	H-SSM	99001
	CMU	1
	0.502270	1
	0.000000
PRED	H-SSM	99001
	CMU	1
	0.502270	1
	0.000000
PRED	H-SSM	99001
	CMU	1
	0.502270	1
	0.000000
PRED	H-SSM	99001
	CMU	1
	0.502270	1
	0.000000
PRED	H-SSM	99001
	CMU	0
	0.502270	1
	0.000000
PRED	H-SSM	99001
	CMU	0
	0.502270	1
	0.000000
PRED	H-SSM	99001
	CMU	0
	0.502270	1
	0.000000
PRED	H-SSM	99001
	CMU	0
	0.502270	1
	0.000000
PRED	H-SSM	99001
	CMU	0
	0.502270	1
	0.000000
PRED	H-SSM	99001
	UCLA_2	1
	0.279795	0
	0.000000
PRED	H-SSM	99001
	UCLA_2	1
	0.279795	0
	0.000000
PRED	H-SSM	99001
	UCLA_2	1
	0.279795	0
	0.000000
PRED	H-SSM	99001
	UCLA_2	1
	0.279795	0
	0.000000
PRED	H-SSM	99001
	UCLA_2	1
	0.279795	0
	0.000000
PRED	H-SSM	99001
	UCLA_2	0
	0.279795	0
	0.000000
PRED	H-SSM	99001
	UCLA_2	0
	0.279795	0
	0.000000
PRED	H-SSM	99001
	UCLA_2	0
	0.279795	0
	0.000000
PRED	H-SSM	99001
	UCLA_2	0
	0.279795	0
	0.000000
PRED	H-SSM	99001
	UCLA_2	0
	0.279795	0
	0.000000
PRED	H-SSM	99001
	UM_2	1
	0.461608	0
	0.000000
PRED	H-SSM	99001
	UM_2	1
	0.461608	0
	0.000000
PRED	H-SSM	99001
	UM_2	1
	0.461608	0
	0.000000
PRED	H-SSM	99001
	UM_2	1
	0.461608	0
	0.000000
PRED	H-SSM	99001
	UM_2	1
	0.461608	0
	0.000000
PRED	H-SSM	99001
	UM_2	0
	0.461608	0
	0.000000
PRED	H-SSM	99001
	UM_2	0
	0.461608	0
	0.000000
PRED	H-SSM	99001
	UM_2	0
	0.461608	0
	0.000000
PRED	H-SSM	99001
	UM_2	0
	0.461608	0
	0.000000
PRED	H-SSM	99001
	UM_2	0
	0.461608	0
	0.000000
PRED	H-SSM	99001
	OHSU	1
	0.432694	0
	0.000000
PRED	H-SSM	99001
	OHSU	1
	0.432694	0
	0.000000
PRED	H-SSM	99001
	OHSU	1
	0.432694	0
	0.000000
PRED	H-SSM	99001
	OHSU	1
	0.432694	0
	0.000000
PRED	H-SSM	99001
	OHSU	1
	0.432694	0
	0.000000
PRED	H-SSM	99001
	OHSU	0
	0.432694	0
	0.000000
PRED	H-SSM	99001
	OHSU	0
	0.432694	0
	0.000000
PRED	H-SSM	99001
	OHSU	0
	0.432694	0
	0.000000
PRED	H-SSM	99001
	OHSU	0
	0.432694	0
	0.000000
PRED	H-SSM	99001
	OHSU	0
	0.432694	0
	0.000000
  H-SSM    99001
   acc=50.000000% bal=50.000000% sites=20
/20
 test_n=200
 assoc=0.000000
PRED	H-SSM	31415
	NYU	1
	0.337802	0
	0.000000
PRED	H-SSM	31415
	NYU	1
	0.337802	0
	0.000000
PRED	H-SSM	31415
	NYU	1
	0.337802	0
	0.000000
PRED	H-SSM	31415
	NYU	1
	0.337802	0
	0.000000
PRED	H-SSM	31415
	NYU	1
	0.337802	0
	0.000000
PRED	H-SSM	31415
	NYU	0
	0.337802	0
	0.000000
PRED	H-SSM	31415
	NYU	0
	0.337802	0
	0.000000
PRED	H-SSM	31415
	NYU	0
	0.337802	0
	0.000000
PRED	H-SSM	31415
	NYU	0
	0.337802	0
	0.000000
PRED	H-SSM	31415
	NYU	0
	0.337802	0
	0.000000
PRED	H-SSM	31415
	UM_1	1
	0.675417	1
	0.000000
PRED	H-SSM	31415
	UM_1	1
	0.675417	1
	0.000000
PRED	H-SSM	31415
	UM_1	1
	0.675417	1
	0.000000
PRED	H-SSM	31415
	UM_1	1
	0.675417	1
	0.000000
PRED	H-SSM	31415
	UM_1	1
	0.675417	1
	0.000000
PRED	H-SSM	31415
	UM_1	0
	0.675417	1
	0.000000
PRED	H-SSM	31415
	UM_1	0
	0.675417	1
	0.000000
PRED	H-SSM	31415
	UM_1	0
	0.675417	1
	0.000000
PRED	H-SSM	31415
	UM_1	0
	0.675417	1
	0.000000
PRED	H-SSM	31415
	UM_1	0
	0.675417	1
	0.000000
PRED	H-SSM	31415
	UCLA_1	1
	0.539652	1
	0.000000
PRED	H-SSM	31415
	UCLA_1	1
	0.539652	1
	0.000000
PRED	H-SSM	31415
	UCLA_1	1
	0.539652	1
	0.000000
PRED	H-SSM	31415
	UCLA_1	1
	0.539652	1
	0.000000
PRED	H-SSM	31415
	UCLA_1	1
	0.539652	1
	0.000000
PRED	H-SSM	31415
	UCLA_1	0
	0.539652	1
	0.000000
PRED	H-SSM	31415
	UCLA_1	0
	0.539652	1
	0.000000
PRED	H-SSM	31415
	UCLA_1	0
	0.539652	1
	0.000000
PRED	H-SSM	31415
	UCLA_1	0
	0.539652	1
	0.000000
PRED	H-SSM	31415
	UCLA_1	0
	0.539652	1
	0.000000
PRED	H-SSM	31415
	YALE	1
	0.551222	1
	0.000000
PRED	H-SSM	31415
	YALE	1
	0.551222	1
	0.000000
PRED	H-SSM	31415
	YALE	1
	0.551222	1
	0.000000
PRED	H-SSM	31415
	YALE	1
	0.551222	1
	0.000000
PRED	H-SSM	31415
	YALE	1
	0.551222	1
	0.000000
PRED	H-SSM	31415
	YALE	0
	0.551222	1
	0.000000
PRED	H-SSM	31415
	YALE	0
	0.551222	1
	0.000000
PRED	H-SSM	31415
	YALE	0
	0.551222	1
	0.000000
PRED	H-SSM	31415
	YALE	0
	0.551222	1
	0.000000
PRED	H-SSM	31415
	YALE	0
	0.551222	1
	0.000000
PRED	H-SSM	31415
	PITT	1
	0.411973	0
	0.000000
PRED	H-SSM	31415
	PITT	1
	0.411973	0
	0.000000
PRED	H-SSM	31415
	PITT	1
	0.411973	0
	0.000000
PRED	H-SSM	31415
	PITT	1
	0.411973	0
	0.000000
PRED	H-SSM	31415
	PITT	1
	0.411973	0
	0.000000
PRED	H-SSM	31415
	PITT	0
	0.411973	0
	0.000000
PRED	H-SSM	31415
	PITT	0
	0.411973	0
	0.000000
PRED	H-SSM	31415
	PITT	0
	0.411973	0
	0.000000
PRED	H-SSM	31415
	PITT	0
	0.411973	0
	0.000000
PRED	H-SSM	31415
	PITT	0
	0.411973	0
	0.000000
PRED	H-SSM	31415
	USM	1
	0.474839	0
	0.000000
PRED	H-SSM	31415
	USM	1
	0.474839	0
	0.000000
PRED	H-SSM	31415
	USM	1
	0.474839	0
	0.000000
PRED	H-SSM	31415
	USM	1
	0.474839	0
	0.000000
PRED	H-SSM	31415
	USM	1
	0.474839	0
	0.000000
PRED	H-SSM	31415
	USM	0
	0.474839	0
	0.000000
PRED	H-SSM	31415
	USM	0
	0.474839	0
	0.000000
PRED	H-SSM	31415
	USM	0
	0.474839	0
	0.000000
PRED	H-SSM	31415
	USM	0
	0.474839	0
	0.000000
PRED	H-SSM	31415
	USM	0
	0.474839	0
	0.000000
PRED	H-SSM	31415
	MAX_MUN	1
	0.464199	0
	0.000000
PRED	H-SSM	31415
	MAX_MUN	1
	0.464199	0
	0.000000
PRED	H-SSM	31415
	MAX_MUN	1
	0.464199	0
	0.000000
PRED	H-SSM	31415
	MAX_MUN	1
	0.464199	0
	0.000000
PRED	H-SSM	31415
	MAX_MUN	1
	0.464199	0
	0.000000
PRED	H-SSM	31415
	MAX_MUN	0
	0.464199	0
	0.000000
PRED	H-SSM	31415
	MAX_MUN	0
	0.464199	0
	0.000000
PRED	H-SSM	31415
	MAX_MUN	0
	0.464199	0
	0.000000
PRED	H-SSM	31415
	MAX_MUN	0
	0.464199	0
	0.000000
PRED	H-SSM	31415
	MAX_MUN	0
	0.464199	0
	0.000000
PRED	H-SSM	31415
	TRINITY	1
	0.496751	0
	0.000000
PRED	H-SSM	31415
	TRINITY	1
	0.496751	0
	0.000000
PRED	H-SSM	31415
	TRINITY	1
	0.496751	0
	0.000000
PRED	H-SSM	31415
	TRINITY	1
	0.496751	0
	0.000000
PRED	H-SSM	31415
	TRINITY	1
	0.496751	0
	0.000000
PRED	H-SSM	31415
	TRINITY	0
	0.496751	0
	0.000000
PRED	H-SSM	31415
	TRINITY	0
	0.496751	0
	0.000000
PRED	H-SSM	31415
	TRINITY	0
	0.496751	0
	0.000000
PRED	H-SSM	31415
	TRINITY	0
	0.496751	0
	0.000000
PRED	H-SSM	31415
	TRINITY	0
	0.496751	0
	0.000000
PRED	H-SSM	31415
	KKI	1
	0.552524	1
	0.000000
PRED	H-SSM	31415
	KKI	1
	0.552524	1
	0.000000
PRED	H-SSM	31415
	KKI	1
	0.552524	1
	0.000000
PRED	H-SSM	31415
	KKI	1
	0.552524	1
	0.000000
PRED	H-SSM	31415
	KKI	1
	0.552524	1
	0.000000
PRED	H-SSM	31415
	KKI	0
	0.552524	1
	0.000000
PRED	H-SSM	31415
	KKI	0
	0.552524	1
	0.000000
PRED	H-SSM	31415
	KKI	0
	0.552524	1
	0.000000
PRED	H-SSM	31415
	KKI	0
	0.552524	1
	0.000000
PRED	H-SSM	31415
	KKI	0
	0.552524	1
	0.000000
PRED	H-SSM	31415
	STANFORD	1
	0.279040	0
	0.000000
PRED	H-SSM	31415
	STANFORD	1
	0.279040	0
	0.000000
PRED	H-SSM	31415
	STANFORD	1
	0.279040	0
	0.000000
PRED	H-SSM	31415
	STANFORD	1
	0.279040	0
	0.000000
PRED	H-SSM	31415
	STANFORD	1
	0.279040	0
	0.000000
PRED	H-SSM	31415
	STANFORD	0
	0.279040	0
	0.000000
PRED	H-SSM	31415
	STANFORD	0
	0.279040	0
	0.000000
PRED	H-SSM	31415
	STANFORD	0
	0.279040	0
	0.000000
PRED	H-SSM	31415
	STANFORD	0
	0.279040	0
	0.000000
PRED	H-SSM	31415
	STANFORD	0
	0.279040	0
	0.000000
PRED	H-SSM	31415
	CALTECH	1
	0.556811	1
	0.000000
PRED	H-SSM	31415
	CALTECH	1
	0.556811	1
	0.000000
PRED	H-SSM	31415
	CALTECH	1
	0.556811	1
	0.000000
PRED	H-SSM	31415
	CALTECH	1
	0.556811	1
	0.000000
PRED	H-SSM	31415
	CALTECH	1
	0.556811	1
	0.000000
PRED	H-SSM	31415
	CALTECH	0
	0.556811	1
	0.000000
PRED	H-SSM	31415
	CALTECH	0
	0.556811	1
	0.000000
PRED	H-SSM	31415
	CALTECH	0
	0.556811	1
	0.000000
PRED	H-SSM	31415
	CALTECH	0
	0.556811	1
	0.000000
PRED	H-SSM	31415
	CALTECH	0
	0.556811	1
	0.000000
PRED	H-SSM	31415
	LEUVEN_2	1
	0.377883	0
	0.000000
PRED	H-SSM	31415
	LEUVEN_2	1
	0.377883	0
	0.000000
PRED	H-SSM	31415
	LEUVEN_2	1
	0.377883	0
	0.000000
PRED	H-SSM	31415
	LEUVEN_2	1
	0.377883	0
	0.000000
PRED	H-SSM	31415
	LEUVEN_2	1
	0.377883	0
	0.000000
PRED	H-SSM	31415
	LEUVEN_2	0
	0.377883	0
	0.000000
PRED	H-SSM	31415
	LEUVEN_2	0
	0.377883	0
	0.000000
PRED	H-SSM	31415
	LEUVEN_2	0
	0.377883	0
	0.000000
PRED	H-SSM	31415
	LEUVEN_2	0
	0.377883	0
	0.000000
PRED	H-SSM	31415
	LEUVEN_2	0
	0.377883	0
	0.000000
PRED	H-SSM	31415
	OLIN	1
	0.548268	1
	0.000000
PRED	H-SSM	31415
	OLIN	1
	0.548268	1
	0.000000
PRED	H-SSM	31415
	OLIN	1
	0.548268	1
	0.000000
PRED	H-SSM	31415
	OLIN	1
	0.548268	1
	0.000000
PRED	H-SSM	31415
	OLIN	1
	0.548268	1
	0.000000
PRED	H-SSM	31415
	OLIN	0
	0.548268	1
	0.000000
PRED	H-SSM	31415
	OLIN	0
	0.548268	1
	0.000000
PRED	H-SSM	31415
	OLIN	0
	0.548268	1
	0.000000
PRED	H-SSM	31415
	OLIN	0
	0.548268	1
	0.000000
PRED	H-SSM	31415
	OLIN	0
	0.548268	1
	0.000000
PRED	H-SSM	31415
	SBL	1
	0.629580	1
	0.000000
PRED	H-SSM	31415
	SBL	1
	0.629580	1
	0.000000
PRED	H-SSM	31415
	SBL	1
	0.629580	1
	0.000000
PRED	H-SSM	31415
	SBL	1
	0.629580	1
	0.000000
PRED	H-SSM	31415
	SBL	1
	0.629580	1
	0.000000
PRED	H-SSM	31415
	SBL	0
	0.629580	1
	0.000000
PRED	H-SSM	31415
	SBL	0
	0.629580	1
	0.000000
PRED	H-SSM	31415
	SBL	0
	0.629580	1
	0.000000
PRED	H-SSM	31415
	SBL	0
	0.629580	1
	0.000000
PRED	H-SSM	31415
	SBL	0
	0.629580	1
	0.000000
PRED	H-SSM	31415
	LEUVEN_1	1
	0.410408	0
	0.000000
PRED	H-SSM	31415
	LEUVEN_1	1
	0.410408	0
	0.000000
PRED	H-SSM	31415
	LEUVEN_1	1
	0.410408	0
	0.000000
PRED	H-SSM	31415
	LEUVEN_1	1
	0.410408	0
	0.000000
PRED	H-SSM	31415
	LEUVEN_1	1
	0.410408	0
	0.000000
PRED	H-SSM	31415
	LEUVEN_1	0
	0.410408	0
	0.000000
PRED	H-SSM	31415
	LEUVEN_1	0
	0.410408	0
	0.000000
PRED	H-SSM	31415
	LEUVEN_1	0
	0.410408	0
	0.000000
PRED	H-SSM	31415
	LEUVEN_1	0
	0.410408	0
	0.000000
PRED	H-SSM	31415
	LEUVEN_1	0
	0.410408	0
	0.000000
PRED	H-SSM	31415
	SDSU	1
	0.346680	0
	0.000000
PRED	H-SSM	31415
	SDSU	1
	0.346680	0
	0.000000
PRED	H-SSM	31415
	SDSU	1
	0.346680	0
	0.000000
PRED	H-SSM	31415
	SDSU	1
	0.346680	0
	0.000000
PRED	H-SSM	31415
	SDSU	1
	0.346680	0
	0.000000
PRED	H-SSM	31415
	SDSU	0
	0.346680	0
	0.000000
PRED	H-SSM	31415
	SDSU	0
	0.346680	0
	0.000000
PRED	H-SSM	31415
	SDSU	0
	0.346680	0
	0.000000
PRED	H-SSM	31415
	SDSU	0
	0.346680	0
	0.000000
PRED	H-SSM	31415
	SDSU	0
	0.346680	0
	0.000000
PRED	H-SSM	31415
	CMU	1
	0.481775	0
	0.000000
PRED	H-SSM	31415
	CMU	1
	0.481775	0
	0.000000
PRED	H-SSM	31415
	CMU	1
	0.481775	0
	0.000000
PRED	H-SSM	31415
	CMU	1
	0.481775	0
	0.000000
PRED	H-SSM	31415
	CMU	1
	0.481775	0
	0.000000
PRED	H-SSM	31415
	CMU	0
	0.481775	0
	0.000000
PRED	H-SSM	31415
	CMU	0
	0.481775	0
	0.000000
PRED	H-SSM	31415
	CMU	0
	0.481775	0
	0.000000
PRED	H-SSM	31415
	CMU	0
	0.481775	0
	0.000000
PRED	H-SSM	31415
	CMU	0
	0.481775	0
	0.000000
PRED	H-SSM	31415
	UCLA_2	1
	0.513514	1
	0.000000
PRED	H-SSM	31415
	UCLA_2	1
	0.513514	1
	0.000000
PRED	H-SSM	31415
	UCLA_2	1
	0.513514	1
	0.000000
PRED	H-SSM	31415
	UCLA_2	1
	0.513514	1
	0.000000
PRED	H-SSM	31415
	UCLA_2	1
	0.513514	1
	0.000000
PRED	H-SSM	31415
	UCLA_2	0
	0.513514	1
	0.000000
PRED	H-SSM	31415
	UCLA_2	0
	0.513514	1
	0.000000
PRED	H-SSM	31415
	UCLA_2	0
	0.513514	1
	0.000000
PRED	H-SSM	31415
	UCLA_2	0
	0.513514	1
	0.000000
PRED	H-SSM	31415
	UCLA_2	0
	0.513514	1
	0.000000
PRED	H-SSM	31415
	UM_2	1
	0.599587	1
	0.000000
PRED	H-SSM	31415
	UM_2	1
	0.599587	1
	0.000000
PRED	H-SSM	31415
	UM_2	1
	0.599587	1
	0.000000
PRED	H-SSM	31415
	UM_2	1
	0.599587	1
	0.000000
PRED	H-SSM	31415
	UM_2	1
	0.599587	1
	0.000000
PRED	H-SSM	31415
	UM_2	0
	0.599587	1
	0.000000
PRED	H-SSM	31415
	UM_2	0
	0.599587	1
	0.000000
PRED	H-SSM	31415
	UM_2	0
	0.599587	1
	0.000000
PRED	H-SSM	31415
	UM_2	0
	0.599587	1
	0.000000
PRED	H-SSM	31415
	UM_2	0
	0.599587	1
	0.000000
PRED	H-SSM	31415
	OHSU	1
	0.297317	0
	0.000000
PRED	H-SSM	31415
	OHSU	1
	0.297317	0
	0.000000
PRED	H-SSM	31415
	OHSU	1
	0.297317	0
	0.000000
PRED	H-SSM	31415
	OHSU	1
	0.297317	0
	0.000000
PRED	H-SSM	31415
	OHSU	1
	0.297317	0
	0.000000
PRED	H-SSM	31415
	OHSU	0
	0.297317	0
	0.000000
PRED	H-SSM	31415
	OHSU	0
	0.297317	0
	0.000000
PRED	H-SSM	31415
	OHSU	0
	0.297317	0
	0.000000
PRED	H-SSM	31415
	OHSU	0
	0.297317	0
	0.000000
PRED	H-SSM	31415
	OHSU	0
	0.297317	0
	0.000000
  H-SSM    31415
   acc=50.000000% bal=50.000000% sites=20
/20
 test_n=200
 assoc=0.000000
PRED	H-SSM	27182
	NYU	1
	0.403402	0
	0.000000
PRED	H-SSM	27182
	NYU	1
	0.403402	0
	0.000000
PRED	H-SSM	27182
	NYU	1
	0.403402	0
	0.000000
PRED	H-SSM	27182
	NYU	1
	0.403402	0
	0.000000
PRED	H-SSM	27182
	NYU	1
	0.403402	0
	0.000000
PRED	H-SSM	27182
	NYU	0
	0.403402	0
	0.000000
PRED	H-SSM	27182
	NYU	0
	0.403402	0
	0.000000
PRED	H-SSM	27182
	NYU	0
	0.403402	0
	0.000000
PRED	H-SSM	27182
	NYU	0
	0.403402	0
	0.000000
PRED	H-SSM	27182
	NYU	0
	0.403402	0
	0.000000
PRED	H-SSM	27182
	UM_1	1
	0.435325	0
	0.000000
PRED	H-SSM	27182
	UM_1	1
	0.435325	0
	0.000000
PRED	H-SSM	27182
	UM_1	1
	0.435325	0
	0.000000
PRED	H-SSM	27182
	UM_1	1
	0.435325	0
	0.000000
PRED	H-SSM	27182
	UM_1	1
	0.435325	0
	0.000000
PRED	H-SSM	27182
	UM_1	0
	0.435325	0
	0.000000
PRED	H-SSM	27182
	UM_1	0
	0.435325	0
	0.000000
PRED	H-SSM	27182
	UM_1	0
	0.435325	0
	0.000000
PRED	H-SSM	27182
	UM_1	0
	0.435325	0
	0.000000
PRED	H-SSM	27182
	UM_1	0
	0.435325	0
	0.000000
PRED	H-SSM	27182
	UCLA_1	1
	0.427890	0
	0.000000
PRED	H-SSM	27182
	UCLA_1	1
	0.427890	0
	0.000000
PRED	H-SSM	27182
	UCLA_1	1
	0.427890	0
	0.000000
PRED	H-SSM	27182
	UCLA_1	1
	0.427890	0
	0.000000
PRED	H-SSM	27182
	UCLA_1	1
	0.427890	0
	0.000000
PRED	H-SSM	27182
	UCLA_1	0
	0.427890	0
	0.000000
PRED	H-SSM	27182
	UCLA_1	0
	0.427890	0
	0.000000
PRED	H-SSM	27182
	UCLA_1	0
	0.427890	0
	0.000000
PRED	H-SSM	27182
	UCLA_1	0
	0.427890	0
	0.000000
PRED	H-SSM	27182
	UCLA_1	0
	0.427890	0
	0.000000
PRED	H-SSM	27182
	YALE	1
	0.641499	1
	0.000000
PRED	H-SSM	27182
	YALE	1
	0.641499	1
	0.000000
PRED	H-SSM	27182
	YALE	1
	0.641499	1
	0.000000
PRED	H-SSM	27182
	YALE	1
	0.641499	1
	0.000000
PRED	H-SSM	27182
	YALE	1
	0.641499	1
	0.000000
PRED	H-SSM	27182
	YALE	0
	0.641499	1
	0.000000
PRED	H-SSM	27182
	YALE	0
	0.641499	1
	0.000000
PRED	H-SSM	27182
	YALE	0
	0.641499	1
	0.000000
PRED	H-SSM	27182
	YALE	0
	0.641499	1
	0.000000
PRED	H-SSM	27182
	YALE	0
	0.641499	1
	0.000000
PRED	H-SSM	27182
	PITT	1
	0.580111	1
	0.000000
PRED	H-SSM	27182
	PITT	1
	0.580111	1
	0.000000
PRED	H-SSM	27182
	PITT	1
	0.580111	1
	0.000000
PRED	H-SSM	27182
	PITT	1
	0.580111	1
	0.000000
PRED	H-SSM	27182
	PITT	1
	0.580111	1
	0.000000
PRED	H-SSM	27182
	PITT	0
	0.580111	1
	0.000000
PRED	H-SSM	27182
	PITT	0
	0.580111	1
	0.000000
PRED	H-SSM	27182
	PITT	0
	0.580111	1
	0.000000
PRED	H-SSM	27182
	PITT	0
	0.580111	1
	0.000000
PRED	H-SSM	27182
	PITT	0
	0.580111	1
	0.000000
PRED	H-SSM	27182
	USM	1
	0.490323	0
	0.000000
PRED	H-SSM	27182
	USM	1
	0.490323	0
	0.000000
PRED	H-SSM	27182
	USM	1
	0.490323	0
	0.000000
PRED	H-SSM	27182
	USM	1
	0.490323	0
	0.000000
PRED	H-SSM	27182
	USM	1
	0.490323	0
	0.000000
PRED	H-SSM	27182
	USM	0
	0.490323	0
	0.000000
PRED	H-SSM	27182
	USM	0
	0.490323	0
	0.000000
PRED	H-SSM	27182
	USM	0
	0.490323	0
	0.000000
PRED	H-SSM	27182
	USM	0
	0.490323	0
	0.000000
PRED	H-SSM	27182
	USM	0
	0.490323	0
	0.000000
PRED	H-SSM	27182
	MAX_MUN	1
	0.479725	0
	0.000000
PRED	H-SSM	27182
	MAX_MUN	1
	0.479725	0
	0.000000
PRED	H-SSM	27182
	MAX_MUN	1
	0.479725	0
	0.000000
PRED	H-SSM	27182
	MAX_MUN	1
	0.479725	0
	0.000000
PRED	H-SSM	27182
	MAX_MUN	1
	0.479725	0
	0.000000
PRED	H-SSM	27182
	MAX_MUN	0
	0.479725	0
	0.000000
PRED	H-SSM	27182
	MAX_MUN	0
	0.479725	0
	0.000000
PRED	H-SSM	27182
	MAX_MUN	0
	0.479725	0
	0.000000
PRED	H-SSM	27182
	MAX_MUN	0
	0.479725	0
	0.000000
PRED	H-SSM	27182
	MAX_MUN	0
	0.479725	0
	0.000000
PRED	H-SSM	27182
	TRINITY	1
	0.498991	0
	0.000000
PRED	H-SSM	27182
	TRINITY	1
	0.498991	0
	0.000000
PRED	H-SSM	27182
	TRINITY	1
	0.498991	0
	0.000000
PRED	H-SSM	27182
	TRINITY	1
	0.498991	0
	0.000000
PRED	H-SSM	27182
	TRINITY	1
	0.498991	0
	0.000000
PRED	H-SSM	27182
	TRINITY	0
	0.498991	0
	0.000000
PRED	H-SSM	27182
	TRINITY	0
	0.498991	0
	0.000000
PRED	H-SSM	27182
	TRINITY	0
	0.498991	0
	0.000000
PRED	H-SSM	27182
	TRINITY	0
	0.498991	0
	0.000000
PRED	H-SSM	27182
	TRINITY	0
	0.498991	0
	0.000000
PRED	H-SSM	27182
	KKI	1
	0.588043	1
	0.000000
PRED	H-SSM	27182
	KKI	1
	0.588043	1
	0.000000
PRED	H-SSM	27182
	KKI	1
	0.588043	1
	0.000000
PRED	H-SSM	27182
	KKI	1
	0.588043	1
	0.000000
PRED	H-SSM	27182
	KKI	1
	0.588043	1
	0.000000
PRED	H-SSM	27182
	KKI	0
	0.588043	1
	0.000000
PRED	H-SSM	27182
	KKI	0
	0.588043	1
	0.000000
PRED	H-SSM	27182
	KKI	0
	0.588043	1
	0.000000
PRED	H-SSM	27182
	KKI	0
	0.588043	1
	0.000000
PRED	H-SSM	27182
	KKI	0
	0.588043	1
	0.000000
PRED	H-SSM	27182
	STANFORD	1
	0.240059	0
	0.000000
PRED	H-SSM	27182
	STANFORD	1
	0.240059	0
	0.000000
PRED	H-SSM	27182
	STANFORD	1
	0.240059	0
	0.000000
PRED	H-SSM	27182
	STANFORD	1
	0.240059	0
	0.000000
PRED	H-SSM	27182
	STANFORD	1
	0.240059	0
	0.000000
PRED	H-SSM	27182
	STANFORD	0
	0.240059	0
	0.000000
PRED	H-SSM	27182
	STANFORD	0
	0.240059	0
	0.000000
PRED	H-SSM	27182
	STANFORD	0
	0.240059	0
	0.000000
PRED	H-SSM	27182
	STANFORD	0
	0.240059	0
	0.000000
PRED	H-SSM	27182
	STANFORD	0
	0.240059	0
	0.000000
PRED	H-SSM	27182
	CALTECH	1
	0.406520	0
	0.000000
PRED	H-SSM	27182
	CALTECH	1
	0.406520	0
	0.000000
PRED	H-SSM	27182
	CALTECH	1
	0.406520	0
	0.000000
PRED	H-SSM	27182
	CALTECH	1
	0.406520	0
	0.000000
PRED	H-SSM	27182
	CALTECH	1
	0.406520	0
	0.000000
PRED	H-SSM	27182
	CALTECH	0
	0.406520	0
	0.000000
PRED	H-SSM	27182
	CALTECH	0
	0.406520	0
	0.000000
PRED	H-SSM	27182
	CALTECH	0
	0.406520	0
	0.000000
PRED	H-SSM	27182
	CALTECH	0
	0.406520	0
	0.000000
PRED	H-SSM	27182
	CALTECH	0
	0.406520	0
	0.000000
PRED	H-SSM	27182
	LEUVEN_2	1
	0.515372	1
	0.000000
PRED	H-SSM	27182
	LEUVEN_2	1
	0.515372	1
	0.000000
PRED	H-SSM	27182
	LEUVEN_2	1
	0.515372	1
	0.000000
PRED	H-SSM	27182
	LEUVEN_2	1
	0.515372	1
	0.000000
PRED	H-SSM	27182
	LEUVEN_2	1
	0.515372	1
	0.000000
PRED	H-SSM	27182
	LEUVEN_2	0
	0.515372	1
	0.000000
PRED	H-SSM	27182
	LEUVEN_2	0
	0.515372	1
	0.000000
PRED	H-SSM	27182
	LEUVEN_2	0
	0.515372	1
	0.000000
PRED	H-SSM	27182
	LEUVEN_2	0
	0.515372	1
	0.000000
PRED	H-SSM	27182
	LEUVEN_2	0
	0.515372	1
	0.000000
PRED	H-SSM	27182
	OLIN	1
	0.363228	0
	0.000000
PRED	H-SSM	27182
	OLIN	1
	0.363228	0
	0.000000
PRED	H-SSM	27182
	OLIN	1
	0.363228	0
	0.000000
PRED	H-SSM	27182
	OLIN	1
	0.363228	0
	0.000000
PRED	H-SSM	27182
	OLIN	1
	0.363228	0
	0.000000
PRED	H-SSM	27182
	OLIN	0
	0.363228	0
	0.000000
PRED	H-SSM	27182
	OLIN	0
	0.363228	0
	0.000000
PRED	H-SSM	27182
	OLIN	0
	0.363228	0
	0.000000
PRED	H-SSM	27182
	OLIN	0
	0.363228	0
	0.000000
PRED	H-SSM	27182
	OLIN	0
	0.363228	0
	0.000000
PRED	H-SSM	27182
	SBL	1
	0.710482	1
	0.000000
PRED	H-SSM	27182
	SBL	1
	0.710482	1
	0.000000
PRED	H-SSM	27182
	SBL	1
	0.710482	1
	0.000000
PRED	H-SSM	27182
	SBL	1
	0.710482	1
	0.000000
PRED	H-SSM	27182
	SBL	1
	0.710482	1
	0.000000
PRED	H-SSM	27182
	SBL	0
	0.710482	1
	0.000000
PRED	H-SSM	27182
	SBL	0
	0.710482	1
	0.000000
PRED	H-SSM	27182
	SBL	0
	0.710482	1
	0.000000
PRED	H-SSM	27182
	SBL	0
	0.710482	1
	0.000000
PRED	H-SSM	27182
	SBL	0
	0.710482	1
	0.000000
PRED	H-SSM	27182
	LEUVEN_1	1
	0.321034	0
	0.000000
PRED	H-SSM	27182
	LEUVEN_1	1
	0.321034	0
	0.000000
PRED	H-SSM	27182
	LEUVEN_1	1
	0.321034	0
	0.000000
PRED	H-SSM	27182
	LEUVEN_1	1
	0.321034	0
	0.000000
PRED	H-SSM	27182
	LEUVEN_1	1
	0.321034	0
	0.000000
PRED	H-SSM	27182
	LEUVEN_1	0
	0.321034	0
	0.000000
PRED	H-SSM	27182
	LEUVEN_1	0
	0.321034	0
	0.000000
PRED	H-SSM	27182
	LEUVEN_1	0
	0.321034	0
	0.000000
PRED	H-SSM	27182
	LEUVEN_1	0
	0.321034	0
	0.000000
PRED	H-SSM	27182
	LEUVEN_1	0
	0.321034	0
	0.000000
PRED	H-SSM	27182
	SDSU	1
	0.504815	1
	0.000000
PRED	H-SSM	27182
	SDSU	1
	0.504815	1
	0.000000
PRED	H-SSM	27182
	SDSU	1
	0.504815	1
	0.000000
PRED	H-SSM	27182
	SDSU	1
	0.504815	1
	0.000000
PRED	H-SSM	27182
	SDSU	1
	0.504815	1
	0.000000
PRED	H-SSM	27182
	SDSU	0
	0.504815	1
	0.000000
PRED	H-SSM	27182
	SDSU	0
	0.504815	1
	0.000000
PRED	H-SSM	27182
	SDSU	0
	0.504815	1
	0.000000
PRED	H-SSM	27182
	SDSU	0
	0.504815	1
	0.000000
PRED	H-SSM	27182
	SDSU	0
	0.504815	1
	0.000000
PRED	H-SSM	27182
	CMU	1
	0.550489	1
	0.000000
PRED	H-SSM	27182
	CMU	1
	0.550489	1
	0.000000
PRED	H-SSM	27182
	CMU	1
	0.550489	1
	0.000000
PRED	H-SSM	27182
	CMU	1
	0.550489	1
	0.000000
PRED	H-SSM	27182
	CMU	1
	0.550489	1
	0.000000
PRED	H-SSM	27182
	CMU	0
	0.550489	1
	0.000000
PRED	H-SSM	27182
	CMU	0
	0.550489	1
	0.000000
PRED	H-SSM	27182
	CMU	0
	0.550489	1
	0.000000
PRED	H-SSM	27182
	CMU	0
	0.550489	1
	0.000000
PRED	H-SSM	27182
	CMU	0
	0.550489	1
	0.000000
PRED	H-SSM	27182
	UCLA_2	1
	0.708790	1
	0.000000
PRED	H-SSM	27182
	UCLA_2	1
	0.708790	1
	0.000000
PRED	H-SSM	27182
	UCLA_2	1
	0.708790	1
	0.000000
PRED	H-SSM	27182
	UCLA_2	1
	0.708790	1
	0.000000
PRED	H-SSM	27182
	UCLA_2	1
	0.708790	1
	0.000000
PRED	H-SSM	27182
	UCLA_2	0
	0.708790	1
	0.000000
PRED	H-SSM	27182
	UCLA_2	0
	0.708790	1
	0.000000
PRED	H-SSM	27182
	UCLA_2	0
	0.708790	1
	0.000000
PRED	H-SSM	27182
	UCLA_2	0
	0.708790	1
	0.000000
PRED	H-SSM	27182
	UCLA_2	0
	0.708790	1
	0.000000
PRED	H-SSM	27182
	UM_2	1
	0.406022	0
	0.000000
PRED	H-SSM	27182
	UM_2	1
	0.406022	0
	0.000000
PRED	H-SSM	27182
	UM_2	1
	0.406022	0
	0.000000
PRED	H-SSM	27182
	UM_2	1
	0.406022	0
	0.000000
PRED	H-SSM	27182
	UM_2	1
	0.406022	0
	0.000000
PRED	H-SSM	27182
	UM_2	0
	0.406022	0
	0.000000
PRED	H-SSM	27182
	UM_2	0
	0.406022	0
	0.000000
PRED	H-SSM	27182
	UM_2	0
	0.406022	0
	0.000000
PRED	H-SSM	27182
	UM_2	0
	0.406022	0
	0.000000
PRED	H-SSM	27182
	UM_2	0
	0.406022	0
	0.000000
PRED	H-SSM	27182
	OHSU	1
	0.589231	1
	0.000000
PRED	H-SSM	27182
	OHSU	1
	0.589231	1
	0.000000
PRED	H-SSM	27182
	OHSU	1
	0.589231	1
	0.000000
PRED	H-SSM	27182
	OHSU	1
	0.589231	1
	0.000000
PRED	H-SSM	27182
	OHSU	1
	0.589231	1
	0.000000
PRED	H-SSM	27182
	OHSU	0
	0.589231	1
	0.000000
PRED	H-SSM	27182
	OHSU	0
	0.589231	1
	0.000000
PRED	H-SSM	27182
	OHSU	0
	0.589231	1
	0.000000
PRED	H-SSM	27182
	OHSU	0
	0.589231	1
	0.000000
PRED	H-SSM	27182
	OHSU	0
	0.589231	1
	0.000000
  H-SSM    27182
   acc=50.000000% bal=50.000000% sites=20
/20
 test_n=200
 assoc=0.000000

  O-SSM balanced accuracy: 48.350000 ± 1.613227
  H-SSM balanced accuracy: 50.000000 ± 0.000000
  Gap (O-H): -1.650000 pp

  Per-site holdout summary
  ─────────────────────────────────────────────────────────────────────────────
  Site                             N    O-bal    H-bal    Gap      O-assoc
  NYU  10
  43.500000  50.000000  -6.500000  0.865877
  UM_1  10
  51.500000  50.000000  1.500000  0.875136
  UCLA_1  10
  51.000000  50.000000  1.000000  0.938342
  YALE  10
  51.500000  50.000000  1.500000  0.849916
  PITT  10
  50.000000  50.000000  0.000000  1.130848
  USM  10
  49.000000  50.000000  -1.000000  0.833442
  MAX_MUN  10
  46.500000  50.000000  -3.500000  0.959441
  TRINITY  10
  49.500000  50.000000  -0.500000  1.070274
  KKI  10
  44.000000  50.000000  -6.000000  1.245620
  STANFORD  10
  46.000000  50.000000  -4.000000  1.552018
  CALTECH  10
  47.000000  50.000000  -3.000000  0.705734
  LEUVEN_2  10
  48.000000  50.000000  -2.000000  1.050747
  OLIN  10
  45.000000  50.000000  -5.000000  0.650222
  SBL  10
  49.000000  50.000000  -1.000000  1.063617
  LEUVEN_1  10
  51.000000  50.000000  1.000000  1.057143
  SDSU  10
  41.000000  50.000000  -9.000000  1.019596
  CMU  10
  49.000000  50.000000  -1.000000  0.574689
  UCLA_2  10
  51.500000  50.000000  1.500000  0.794470
  UM_2  10
  51.000000  50.000000  1.000000  1.092280
  OHSU  10
  52.000000  50.000000  2.000000  1.198936
DONE
